Episode,Reward,Critic_Loss,Time_Sec,CPU_Percent,RAM_Percent
1,-14420.22,6431996.75,1.42,98.3,96.3
2,-14463.24,6478775.5,1.48,98.8,95.5
3,-15501.62,6788557.125,1.38,100.0,95.6
4,-14666.59,6571333.625,1.34,100.0,95.6
5,-15629.93,7427171.75,1.34,100.0,95.5
6,-16035.98,7523138.625,1.35,100.0,95.6
7,-16106.67,7692417.625,1.49,100.0,95.4
8,-15926.34,7583661.875,1.42,99.8,95.0
9,-15219.21,6990152.125,1.34,100.0,95.0
10,-15710.97,7193319.0,1.42,100.0,95.1
11,-15642.91,7321200.25,1.33,100.0,95.2
12,-14484.48,6269060.125,1.41,100.0,95.1
13,-15376.18,6987619.25,1.49,90.2,95.0
14,-15535.2,7012990.75,1.47,99.9,94.8
15,-15386.64,6986961.0,1.45,100.0,94.6
16,-16003.7,7455666.0,1.51,100.0,94.3
17,-16494.03,8187311.875,1.48,100.0,93.7
18,-16229.55,7898212.625,1.33,100.0,93.7
19,-15041.06,6988252.625,1.34,100.0,93.7
20,-15866.55,7641636.375,1.36,100.0,93.7
21,-15861.98,7890907.625,1.35,100.0,93.7
22,-15954.97,7370789.5,1.38,100.0,93.1
23,-14709.93,6673708.375,1.3,100.0,93.1
24,-15316.94,7020567.75,1.34,100.0,92.9
25,-15638.99,7246653.625,1.4,100.0,92.8
26,-15889.86,6541776.0,1.53,98.9,92.9
27,-15745.04,7339373.125,1.48,90.9,93.1
28,-16353.34,7733481.625,1.42,100.0,93.1
29,-15697.28,7278670.25,1.44,100.0,93.2
30,-15629.63,7313535.5,1.37,100.0,93.2
31,-15834.4,7473630.625,1.3,100.0,93.0
32,-15715.28,7117172.5,1.45,100.0,93.2
33,-14922.16,7106653.75,1.34,100.0,92.4
34,-15539.26,7023659.375,1.33,100.0,92.3
35,-16094.98,7097605.25,1.44,100.0,92.6
36,-15487.49,7057782.375,1.36,100.0,92.6
37,-15031.28,6934034.625,1.36,100.0,92.5
38,-15396.86,7229810.125,1.49,99.6,92.7
39,-15203.34,6796548.375,1.44,100.0,92.8
40,-14944.09,7068232.25,1.39,100.0,92.8
41,-14561.83,6385533.875,1.34,100.0,92.9
42,-14930.11,6735916.75,1.24,99.6,93.2
43,-15381.18,7148731.625,1.41,100.0,93.1
44,-15638.91,7543047.25,1.51,95.6,92.8
45,-15507.76,7091474.875,1.37,100.0,92.9
46,-15678.85,7333450.0,1.47,100.0,92.8
47,-15312.46,6904230.875,1.49,100.0,92.9
48,-15727.0,7288999.75,1.31,100.0,92.9
49,-15932.55,7650939.0,1.39,100.0,92.9
50,-15679.59,7198568.625,1.44,100.0,93.0
51,-15121.83,6859678.0,1.34,100.0,92.9
52,-15879.84,7773203.5,1.4,100.0,92.9
53,-14903.16,6498656.5,1.28,100.0,93.0
54,-14993.51,6947414.75,1.36,100.0,93.0
55,-15824.18,7340104.625,1.49,97.8,92.9
56,-14710.55,6447737.125,1.37,100.0,93.0
57,-15253.17,6876999.375,1.44,100.0,93.1
58,-15026.09,6875294.5,1.47,96.2,93.2
59,-16009.26,7779314.625,1.34,100.0,93.2
60,-16176.87,7626609.5,1.37,100.0,93.2
61,-15101.64,6960594.0,1.37,100.0,93.2
62,-16131.36,7653630.875,1.39,100.0,93.2
63,-15391.15,7011252.375,1.52,99.5,93.3
64,-14893.58,6746907.0,1.48,99.7,93.3
65,-15586.01,7285035.125,1.35,100.0,93.3
66,-14984.95,6707543.625,1.34,100.0,93.3
67,-14971.07,6900164.25,1.35,100.0,93.3
68,-14788.0,6741720.25,1.38,100.0,93.4
69,-16485.84,8024352.5,1.45,95.3,93.4
70,-14730.74,6685566.25,1.44,99.8,93.4
71,-15494.37,7110450.375,1.46,100.0,93.5
72,-15977.64,7438144.125,1.45,100.0,93.5
73,-15646.91,6505950.75,1.49,100.0,93.8
74,-15295.48,6929261.75,1.3,100.0,93.8
75,-14433.65,6336291.0,1.34,100.0,93.8
76,-15142.56,6790570.375,1.38,100.0,93.8
77,-14440.65,6456373.75,1.41,100.0,93.8
78,-14781.34,6528060.125,1.43,97.7,94.0
79,-15271.85,6540360.0,1.36,100.0,94.0
80,-15228.22,6682369.0,1.36,100.0,94.1
81,-15009.57,6788390.25,1.39,100.0,94.0
82,-15989.66,7495818.875,1.33,100.0,94.0
83,-15826.62,7491287.625,1.39,100.0,94.1
84,-14960.94,7027175.25,1.39,97.1,94.1
85,-15680.38,7271370.25,1.33,100.0,94.1
86,-14875.66,6526613.5,1.32,100.0,94.1
87,-15240.35,6918134.0,1.38,100.0,94.2
88,-15049.34,6855670.5,1.45,100.0,94.2
89,-15347.21,7072597.625,1.52,88.9,94.4
90,-15066.44,6851735.25,1.43,99.3,94.3
91,-16003.05,6901955.75,1.45,100.0,94.4
92,-15217.3,6719373.625,1.42,100.0,94.3
93,-15228.43,6804018.375,1.3,100.0,94.4
94,-14955.93,6638731.125,1.36,100.0,94.5
95,-15718.73,7000268.625,1.42,98.5,94.6
96,-14756.46,6355461.5,1.34,100.0,94.6
97,-14951.7,6591556.75,1.42,100.0,94.6
98,-15875.58,7267546.375,1.41,100.0,94.6
99,-16038.66,7486291.25,1.31,100.0,94.5
100,-15310.06,6854430.25,1.41,100.0,94.6
101,-15688.48,7013189.75,1.44,99.0,94.6
102,-14706.5,6828308.875,1.34,100.0,94.7
103,-15251.28,6812579.125,1.44,100.0,94.7
104,-15265.32,7177212.875,1.34,98.8,94.7
105,-15326.08,6709136.25,1.31,100.0,94.6
106,-15427.41,6695547.125,1.41,100.0,94.7
107,-15520.33,6824282.75,1.53,100.0,94.7
108,-14912.97,6214620.125,1.39,100.0,94.9
109,-15356.15,6851971.625,1.48,97.5,94.7
110,-15840.64,6461305.375,1.61,99.0,94.8
111,-14752.14,6508324.0,1.66,100.0,95.9
112,-15032.4,6621364.625,1.31,100.0,95.7
113,-16261.47,7824001.875,1.36,100.0,95.5
114,-15756.78,7029252.625,1.38,100.0,95.4
115,-15829.47,7095253.0,1.41,100.0,95.1
116,-15635.58,7038386.75,1.39,99.9,94.4
117,-14729.05,6597405.625,1.34,100.0,94.5
118,-15421.64,6809482.125,1.48,100.0,94.5
119,-15871.88,6542097.5,1.44,100.0,94.5
120,-14738.25,6354478.25,1.32,100.0,94.4
121,-15356.31,6890236.875,1.52,96.3,94.0
122,-14701.32,6612231.25,1.4,99.8,93.7
123,-15538.84,6992099.625,1.44,100.0,93.6
124,-15063.22,6257283.5,1.49,98.8,93.4
125,-15567.23,7019449.75,1.45,99.9,93.0
126,-15612.83,6357622.375,1.36,100.0,93.1
127,-14873.92,6779582.125,1.38,100.0,93.1
128,-14282.16,6085317.125,1.35,100.0,93.1
129,-15946.36,7533188.625,1.41,100.0,93.2
130,-15101.69,6797368.0,1.57,93.4,92.6
131,-14574.8,6668445.625,1.46,100.0,92.6
132,-15060.28,6321861.0,1.4,100.0,92.7
133,-14926.61,6455878.75,1.45,100.0,92.5
134,-14796.14,6629875.75,1.26,100.0,92.5
135,-14909.06,6450645.625,1.38,100.0,92.5
136,-15064.25,6624592.875,1.39,98.8,91.8
137,-15122.02,6488292.625,1.31,100.0,91.8
138,-15375.71,7090723.625,1.37,100.0,91.8
139,-14460.07,6178367.375,1.28,100.0,91.8
140,-15013.07,6590781.75,1.35,100.0,91.9
141,-15732.87,7004835.625,1.48,88.2,91.2
142,-15182.25,6949784.875,1.45,99.8,90.6
143,-14728.74,6578491.5,1.42,100.0,90.7
144,-15954.28,7473080.0,1.55,99.9,90.6
145,-14852.76,6428830.5,1.4,100.0,90.6
146,-15404.29,6193936.75,1.33,100.0,90.7
147,-14930.84,6636926.875,1.31,100.0,90.8
148,-15204.8,6847020.0,1.35,100.0,90.8
149,-15271.51,7028492.125,1.42,100.0,91.0
150,-15022.55,6224794.125,1.51,98.9,91.2
151,-14649.9,6286385.625,1.34,100.0,91.0
152,-15218.44,6541763.5,1.34,100.0,91.1
153,-15200.4,6015583.625,1.37,100.0,91.1
154,-15633.87,6834698.25,1.34,100.0,91.2
155,-15226.01,6505036.0,1.43,100.0,91.2
156,-16017.06,6406694.875,1.51,99.5,91.4
157,-15989.77,7215142.75,1.32,100.0,91.5
158,-15301.67,6072056.75,1.4,100.0,91.0
159,-15653.28,6776472.0,1.36,100.0,91.0
160,-15115.44,6522781.5,1.33,100.0,91.0
161,-14594.46,6313181.375,1.44,99.3,91.0
162,-15158.61,6401063.375,1.54,99.1,91.2
163,-14696.78,6411906.5,1.35,100.0,91.4
164,-15096.56,6409229.75,1.41,100.0,91.3
165,-15069.57,6261455.125,1.32,100.0,91.4
166,-14434.23,6184530.625,1.32,100.0,91.5
167,-15080.45,6576635.5,1.45,96.8,91.5
168,-15384.33,6559108.375,1.35,100.0,90.9
169,-15642.57,6999603.25,1.43,100.0,91.0
170,-15030.01,6430798.75,1.47,98.5,91.4
171,-15326.38,6980172.125,1.34,100.0,91.6
172,-14732.51,6258516.5,1.36,100.0,91.8
173,-14644.88,6396622.375,1.33,100.0,91.9
174,-14946.63,6530320.625,1.36,100.0,92.0
175,-15238.82,6645608.125,1.55,96.3,91.6
176,-14998.27,6742957.25,1.5,100.0,91.6
177,-14540.26,6302370.75,1.3,100.0,90.8
178,-15211.78,6535394.625,1.34,100.0,90.8
179,-15250.98,6775196.125,1.3,100.0,90.9
180,-15262.89,5995471.75,1.4,100.0,91.0
181,-15018.35,6652833.0,1.43,100.0,91.1
182,-15861.45,6594213.25,1.35,100.0,91.1
183,-16005.15,7142080.375,1.37,100.0,91.1
184,-14550.51,6172095.625,1.29,100.0,90.9
185,-15345.02,6823274.25,1.32,100.0,90.9
186,-15078.28,6610337.0,1.42,99.0,91.1
187,-15189.37,6487758.0,1.46,99.5,91.0
188,-15917.02,6221903.25,1.4,100.0,91.1
189,-14680.03,6380864.5,1.42,100.0,91.2
190,-14870.49,6235284.625,1.27,100.0,91.1
191,-15937.57,6896234.5,1.36,100.0,91.1
192,-14705.46,6314353.625,1.38,98.8,91.2
193,-15657.37,6274041.375,1.42,100.0,91.1
194,-14707.36,6007963.375,1.39,100.0,91.1
195,-15522.24,6637153.5,1.46,100.0,91.2
196,-15809.93,6883294.125,1.33,100.0,91.3
197,-15023.88,6311059.375,1.32,100.0,91.3
198,-15002.47,6195744.625,1.4,100.0,91.2
199,-14906.31,6363327.75,1.34,100.0,91.3
200,-15518.33,6522585.25,1.36,100.0,91.4
201,-16182.16,6421605.25,1.46,100.0,91.3
202,-15079.36,6071441.25,1.28,98.2,91.4
203,-15522.39,6727919.625,1.34,100.0,91.5
204,-15791.31,6645228.625,1.42,100.0,91.4
205,-15174.66,6434937.875,1.37,100.0,91.4
206,-15644.7,6957102.875,1.5,99.5,91.4
207,-15300.09,5996737.0,1.4,99.6,91.4
208,-15815.61,7260256.0,1.3,100.0,91.3
209,-15703.69,6733662.625,1.37,100.0,91.3
210,-15310.13,6628773.375,1.36,100.0,91.4
211,-15313.69,6417444.75,1.39,100.0,91.4
212,-15369.41,6354301.625,1.49,96.7,91.3
213,-15300.64,6111075.0,1.35,100.0,91.2
214,-14840.56,6267025.25,1.32,100.0,91.2
215,-14746.15,6057359.5,1.34,100.0,91.3
216,-15963.43,6950198.0,1.38,100.0,91.2
217,-15385.25,6280854.0,1.43,100.0,91.3
218,-15185.82,6544809.5,1.36,100.0,90.9
219,-15493.83,5935336.875,1.33,100.0,90.8
220,-14519.96,5651597.375,1.29,100.0,90.7
221,-15161.15,6356244.5,1.29,100.0,90.6
222,-14874.23,6027595.375,1.44,97.6,90.1
223,-15348.94,6610439.5,1.47,97.2,90.3
224,-15027.79,6220392.625,1.45,100.0,90.3
225,-14309.5,5481958.875,1.38,100.0,90.5
226,-15139.11,6220927.375,1.34,100.0,90.2
227,-15166.29,6341620.75,1.29,100.0,90.3
228,-15627.33,6806682.875,1.42,100.0,90.4
229,-15043.66,5976745.625,1.47,99.6,90.6
230,-15247.58,6115396.5,1.42,100.0,90.6
231,-15120.0,6126576.75,1.39,100.0,90.7
232,-15040.05,6224752.625,1.34,100.0,90.7
233,-15030.58,6080273.75,1.3,100.0,90.6
234,-15407.72,6600899.0,1.39,100.0,90.9
235,-15059.11,5979529.375,1.44,100.0,90.9
236,-15460.21,6236337.125,1.37,100.0,90.9
237,-14853.18,5794238.375,1.33,100.0,91.0
238,-14716.94,5913064.0,1.27,100.0,90.9
239,-14869.06,5920871.625,1.39,100.0,91.0
240,-15843.93,6586209.375,1.48,94.6,91.3
241,-15384.76,6043126.875,1.37,100.0,91.2
242,-15641.09,6325670.375,1.42,100.0,91.3
243,-15147.71,6088147.375,1.36,100.0,91.3
244,-14955.88,6141763.75,1.28,99.9,91.3
245,-14626.51,5452088.125,1.36,100.0,91.2
246,-14898.04,5953728.375,1.45,99.8,91.1
247,-14446.06,5697370.75,1.37,58.8,91.4
248,-15808.61,6477957.5,1.51,61.1,91.8
249,-14732.58,5957165.0,1.5,56.3,91.8
250,-16079.02,6394669.625,1.29,55.5,91.8
251,-15818.17,6430339.5,1.34,55.5,91.8
252,-15059.76,6102780.5,1.36,55.6,91.9
253,-15672.4,5918435.75,1.43,56.6,91.8
254,-14830.53,5824264.625,1.48,55.7,91.9
255,-15389.89,6093131.375,1.55,56.2,91.9
256,-15957.41,6661421.25,1.29,55.1,91.9
257,-15239.19,6043180.0,1.29,58.1,92.0
258,-14679.22,5707693.0,1.35,56.9,92.0
259,-15057.39,5761100.75,1.36,55.1,92.0
260,-14429.33,5380602.0,1.47,55.9,92.1
261,-14903.29,5882565.75,1.45,56.6,92.1
262,-15164.91,5706842.875,1.34,54.4,92.0
263,-15986.89,6349829.375,1.32,53.6,92.1
264,-15461.59,5794390.5,1.3,54.0,92.1
265,-15611.43,6262889.75,1.31,54.0,92.1
266,-15331.14,5887480.125,1.37,55.4,92.1
267,-15688.33,6173177.5,1.44,57.3,92.1
268,-16024.53,6258998.875,1.33,54.4,92.6
269,-15006.57,5839021.125,1.28,55.4,92.6
270,-14611.8,5369647.875,1.4,56.1,92.7
271,-15525.84,6011369.0,1.39,56.5,92.7
272,-15710.92,6286353.125,1.48,79.6,92.7
273,-14958.09,5612223.125,1.54,97.8,92.5
274,-15222.46,5788302.875,1.4,99.9,92.2
275,-14509.97,5153833.125,1.37,100.0,92.4
276,-15870.4,5537347.125,1.43,100.0,92.4
277,-15120.45,5413729.125,1.34,100.0,92.4
278,-15512.86,5072531.5,1.46,100.0,92.3
279,-15281.07,5655977.5,1.44,97.9,91.3
280,-15549.6,5216791.375,1.37,100.0,91.2
281,-15659.36,5767357.125,1.37,100.0,91.3
282,-14623.64,5675500.125,1.45,99.5,91.0
283,-15069.27,5785081.875,1.38,99.9,90.7
284,-15647.7,5985372.75,1.48,100.0,90.7
285,-15327.86,5416376.375,1.57,99.2,90.0
286,-15919.3,6093888.875,1.36,100.0,89.9
287,-15992.43,5987314.875,1.38,100.0,89.8
288,-14935.67,5447062.875,1.34,100.0,89.8
289,-15273.11,5333273.875,1.31,100.0,89.9
290,-14838.47,5192845.875,1.45,100.0,89.7
291,-15632.9,5823644.75,1.54,99.8,89.6
292,-15048.48,5155727.875,1.35,100.0,89.5
293,-15507.85,5751318.25,1.46,100.0,89.5
294,-15839.62,5901590.375,1.4,100.0,89.5
295,-14872.36,5468037.625,1.31,100.0,89.5
296,-15240.0,5440768.125,1.54,99.9,89.4
297,-15633.42,5022122.375,1.48,99.9,88.9
298,-16227.62,5965938.625,1.36,100.0,88.8
299,-14751.36,5462761.375,1.37,100.0,88.9
300,-15799.06,5804188.875,1.39,100.0,88.9
301,-15568.6,5402974.125,1.34,100.0,89.0
302,-15596.24,5210332.375,1.52,99.8,88.8
303,-14852.52,5185556.375,1.41,100.0,88.8
304,-14677.73,4993883.375,1.37,100.0,88.8
305,-16324.24,5524357.5,1.43,100.0,88.4
306,-16363.34,5519711.625,1.38,100.0,88.2
307,-15653.57,5574653.25,1.39,100.0,88.2
308,-15538.58,5860845.0,1.36,100.0,88.1
309,-15653.46,5156976.5,1.33,100.0,88.2
310,-15630.27,5425527.625,1.38,100.0,88.1
311,-14626.27,4746655.125,1.32,100.0,88.2
312,-15319.13,4725195.875,1.34,100.0,88.0
313,-15628.03,5654452.125,1.4,99.6,87.0
314,-15702.08,5367114.125,1.51,99.8,86.5
315,-14698.72,4929013.875,1.37,100.0,86.4
316,-15742.07,5495495.875,1.55,100.0,86.3
317,-15067.25,5115346.5,1.51,99.8,86.0
318,-15489.45,5262334.0,1.3,83.7,85.9
319,-15810.7,5655167.25,1.34,55.6,86.1
320,-14537.05,4527236.625,1.4,55.0,86.0
321,-15033.9,5131433.0,1.35,56.9,86.1
322,-14243.27,4599900.0,1.36,55.0,86.1
323,-15774.84,5253465.0,1.38,53.5,86.1
324,-14472.61,4648652.5,1.25,54.4,86.1
325,-15175.06,4791267.25,1.35,55.7,86.1
326,-14829.9,4555239.625,1.43,55.9,86.2
327,-15493.18,4482779.5,1.38,55.9,86.2
328,-14919.44,4786442.75,1.5,55.2,86.2
329,-14270.32,4527409.375,1.5,53.6,86.1
330,-15286.45,4890381.0,1.35,54.3,86.2
331,-14640.18,4630838.75,1.28,56.2,86.1
332,-15277.3,4924529.875,1.28,54.6,86.1
333,-15904.86,4797126.375,1.34,55.8,86.2
334,-14913.19,4764068.5,1.34,56.1,86.2
335,-15452.61,4448285.625,1.51,55.3,86.3
336,-14726.62,4500613.25,1.38,53.9,86.3
337,-15011.54,4833224.375,1.32,57.6,86.4
338,-15657.29,4877502.0,1.41,54.7,86.4
339,-14671.15,4541098.875,1.24,55.2,86.4
340,-15459.15,4937397.75,1.34,59.4,86.5
341,-14532.14,4396714.125,1.43,55.3,86.6
342,-15116.57,4600148.875,1.32,55.4,86.7
343,-14638.52,4284203.75,1.33,53.8,86.7
344,-15515.79,4579341.25,1.35,54.1,86.8
345,-15694.64,5124153.625,1.29,54.2,86.7
346,-15548.13,4241236.125,1.3,55.4,86.6
347,-15321.29,4652562.25,1.4,55.4,86.8
348,-14975.93,4431023.375,1.44,54.9,86.8
349,-15337.8,4430996.25,1.4,55.4,86.8
350,-14833.45,4371552.5,1.43,55.8,86.9
351,-14663.17,4101950.75,1.44,55.2,86.9
352,-14651.38,4213607.75,1.24,55.3,87.0
353,-15663.48,4712653.125,1.31,55.1,87.1
354,-15273.81,4736375.375,1.39,54.5,86.9
355,-15619.05,4663224.75,1.36,54.7,87.0
356,-14712.21,4291979.0,1.32,57.3,87.1
357,-14967.76,4306785.5,1.41,54.6,87.1
358,-15321.07,4583083.75,1.25,55.8,87.1
359,-15379.2,4261321.5,1.33,96.7,87.2
360,-15064.77,4363384.375,1.42,100.0,87.3
361,-15384.65,4426950.25,1.4,100.0,87.6
362,-14721.27,4065598.0625,1.46,100.0,87.4
363,-14949.67,4235925.25,1.5,98.8,87.6
364,-15177.96,4230123.75,1.38,75.3,87.2
365,-15336.63,4176194.0,1.35,56.0,87.4
366,-14589.06,3886974.6875,1.37,55.2,87.5
367,-15441.47,4440817.0,1.28,54.8,87.4
368,-14713.76,4308116.75,1.3,56.3,87.5
369,-15319.73,4316462.625,1.4,56.6,87.4
370,-14540.84,3947655.9375,1.31,55.8,87.4
371,-15319.68,3820166.75,1.4,55.2,87.3
372,-16128.13,4095931.5625,1.52,56.6,87.4
373,-15187.65,4081566.3125,1.41,56.9,87.6
374,-15174.68,3756118.0625,1.28,54.9,87.6
375,-15213.6,3931856.9375,1.41,57.0,87.7
376,-15150.64,4257727.625,1.46,54.6,87.8
377,-14831.14,3830416.875,1.36,55.4,87.8
378,-14752.91,3661941.875,1.43,54.5,87.8
379,-15767.19,4038214.0,1.58,55.1,87.9
380,-15171.92,3901841.75,1.46,55.0,87.9
381,-15439.35,3691403.0,1.32,53.7,87.8
382,-14714.18,3603997.5,1.23,59.1,88.0
383,-15116.47,3757756.125,1.32,100.0,88.0
384,-14917.56,3924753.75,1.36,100.0,88.1
385,-14990.91,3180772.0,1.52,99.4,87.8
386,-15612.73,3897918.0,1.47,99.9,87.8
387,-15255.67,3717322.6875,1.33,100.0,87.7
388,-14904.76,3697288.8125,1.37,100.0,87.8
389,-15116.52,3701507.125,1.3,100.0,87.8
390,-15928.29,4116486.4375,1.36,100.0,87.8
391,-15692.83,3926234.0,1.4,99.6,87.4
392,-15020.27,3516286.5,1.35,100.0,87.4
393,-14716.45,3574565.625,1.35,100.0,87.4
394,-14949.2,3577012.5,1.36,100.0,87.2
395,-15381.33,3635993.0625,1.39,90.5,87.3
396,-15399.73,3574046.1875,1.38,55.1,87.4
397,-15772.45,3974803.1875,1.49,53.8,87.1
398,-15739.7,3637341.5625,1.48,55.1,87.1
399,-15073.61,3428872.0625,1.33,53.7,87.2
400,-15064.7,3497960.25,1.36,54.1,86.8
401,-14809.46,3424907.625,1.35,92.1,86.8
402,-15607.18,3380796.9375,1.36,100.0,86.8
403,-15280.4,3254053.0,1.47,96.9,86.4
404,-14658.74,3246458.8125,1.45,99.7,85.1
405,-14887.75,3245258.0,1.34,100.0,85.1
406,-14952.95,3166866.125,1.38,100.0,85.2
407,-15055.6,3252484.0,1.35,100.0,85.3
408,-14972.28,3364654.125,1.3,100.0,85.3
409,-14327.31,3094480.0625,1.39,100.0,85.4
410,-15309.19,3433875.6875,1.42,100.0,85.5
411,-15806.72,3370592.875,1.41,100.0,85.4
412,-15124.27,3436807.3125,1.45,100.0,85.6
413,-15310.23,3400840.625,1.37,100.0,85.6
414,-14807.22,3188337.125,1.33,100.0,85.7
415,-14659.12,3089309.1875,1.36,100.0,85.3
416,-15529.31,3107869.1875,1.44,100.0,85.3
417,-16281.74,3279214.6875,1.52,100.0,85.3
418,-15033.91,3058496.1875,1.46,100.0,85.5
419,-15548.15,3201986.6875,1.41,100.0,85.2
420,-15175.79,2871763.5625,1.33,100.0,85.3
421,-15013.79,2864923.0,1.31,100.0,85.4
422,-14695.97,2882250.6875,1.35,100.0,85.4
423,-15817.03,3141710.75,1.5,98.4,85.3
424,-15637.02,2757710.3125,1.45,98.7,85.3
425,-14738.91,2758240.625,1.36,100.0,85.2
426,-14995.77,2982167.0625,1.35,100.0,85.4
427,-14707.89,2889076.5625,1.31,100.0,85.4
428,-14898.23,2653482.6875,1.33,100.0,85.5
429,-14970.34,2693218.9375,1.47,98.5,85.1
430,-15328.81,2707656.375,1.46,100.0,85.2
431,-14761.87,2753139.0,1.41,100.0,85.2
432,-14985.44,2816497.125,1.46,100.0,85.7
433,-14581.95,2494004.8125,1.33,100.0,85.7
434,-14591.49,2569528.125,1.35,100.0,85.7
435,-15152.71,2555360.0625,1.45,98.7,85.2
436,-15564.43,2775179.0,1.5,100.0,85.4
437,-15675.53,2657556.125,1.4,100.0,85.3
438,-14816.92,2497779.125,1.44,100.0,85.4
439,-15127.85,2519869.0625,1.27,100.0,85.2
440,-15208.44,2534881.3125,1.32,100.0,85.2
441,-14531.45,2394757.375,1.45,98.9,84.9
442,-15205.65,2600089.125,1.37,99.9,84.9
443,-15534.19,2340474.125,1.48,100.0,84.9
444,-14421.29,2172375.0625,1.5,99.4,84.9
445,-14971.76,2530563.875,1.35,100.0,84.9
446,-15311.86,2346574.375,1.36,100.0,84.9
447,-15126.38,2308228.0,1.37,100.0,84.8
448,-15626.91,2583635.8125,1.33,100.0,84.8
449,-14761.03,2204555.75,1.37,100.0,84.9
450,-14236.54,2013029.2188,1.35,100.0,84.8
451,-15164.64,2134712.625,1.31,100.0,84.9
452,-14429.27,1982746.25,1.42,99.8,84.8
453,-14945.32,2395552.6875,1.43,100.0,84.9
454,-15175.26,2282241.75,1.42,100.0,84.8
455,-15679.38,2164560.0,1.59,99.8,84.9
456,-15432.85,2210661.5625,1.47,99.6,84.7
457,-15685.12,2340906.5,1.32,100.0,84.7
458,-15339.21,2005355.4688,1.35,100.0,84.8
459,-14719.58,2025693.5312,1.36,100.0,84.9
460,-14673.44,1952992.25,1.37,100.0,84.8
461,-14826.72,2035994.7812,1.46,97.7,84.5
462,-14902.04,2142871.0625,1.37,100.0,84.4
463,-15473.85,2140758.875,1.4,100.0,84.5
464,-15090.84,2004197.9062,1.35,100.0,84.5
465,-15092.86,1949740.5625,1.3,100.0,84.5
466,-15402.53,1864493.25,1.44,100.0,84.6
467,-15760.41,1961477.75,1.41,99.7,84.5
468,-15647.69,2214972.125,1.33,100.0,84.5
469,-15702.75,2104114.875,1.35,100.0,84.6
470,-15207.22,1715535.4062,1.32,100.0,84.5
471,-14829.98,1609482.8438,1.34,100.0,84.5
472,-15036.07,1977758.9375,1.46,88.2,84.3
473,-15307.0,1683934.8125,1.51,100.0,84.3
474,-15626.06,1802268.4688,1.4,100.0,84.4
475,-15600.38,1642645.5,1.48,100.0,84.5
476,-15042.07,1579789.2188,1.38,100.0,84.6
477,-15286.14,1724199.2812,1.34,100.0,84.4
478,-14433.05,1620454.9375,1.35,100.0,84.4
479,-14355.94,1661096.8438,1.33,100.0,84.5
480,-15676.6,1860606.8438,1.4,100.0,84.5
481,-14922.8,1518209.75,1.47,100.0,84.5
482,-14500.93,1498851.0625,1.29,100.0,84.6
483,-15051.42,1520482.5312,1.33,100.0,84.6
484,-15242.78,1343248.7188,1.47,100.0,84.5
485,-14839.71,1359320.9062,1.39,100.0,84.6
486,-14419.17,1319844.0625,1.45,100.0,84.6
487,-14743.05,1350705.8438,1.35,99.3,83.0
488,-14768.97,1352059.875,1.3,100.0,83.1
489,-15435.43,1481846.125,1.36,100.0,83.1
490,-15376.44,1308615.3125,1.34,100.0,82.5
491,-15756.51,1489714.25,1.37,100.0,82.5
492,-14678.64,1181533.3125,1.47,99.5,82.6
493,-15427.37,1403814.625,1.4,100.0,82.7
494,-15470.32,1416343.4375,1.32,100.0,82.6
495,-14759.55,1226259.5312,1.41,100.0,82.7
496,-15279.95,1250836.1562,1.32,100.0,82.8
497,-14822.19,1291847.125,1.38,100.0,82.8
498,-15052.88,1292518.3125,1.42,99.9,82.8
499,-15278.44,1151528.6875,1.33,100.0,82.7
500,-15257.22,1147784.0,1.37,100.0,82.7
501,-14924.02,1136996.0,1.34,100.0,82.7
502,-15252.98,1124759.9688,1.37,100.0,82.8
503,-15234.93,1100697.0938,1.54,98.4,82.7
504,-15609.84,1152142.125,1.55,93.1,82.4
505,-15445.83,1198377.625,1.35,100.0,82.3
506,-14818.95,1032974.2188,1.41,100.0,82.4
507,-14542.81,1014531.7031,1.32,100.0,82.3
508,-14763.18,1011655.5781,1.33,100.0,82.7
509,-15609.05,1125419.0938,1.46,95.3,82.3
510,-15525.07,1131571.0625,1.51,99.5,82.2
511,-15122.08,986951.5156,1.4,100.0,81.9
512,-15079.05,957240.4844,1.43,100.0,81.9
513,-14773.28,1123073.4062,1.34,100.0,81.9
514,-14503.14,896219.5156,1.33,100.0,81.9
515,-14544.05,825139.6406,1.44,100.0,81.9
516,-14929.72,909663.375,1.31,100.0,82.0
517,-15619.71,800657.6562,1.46,100.0,81.7
518,-15320.65,738101.3125,1.45,98.5,81.5
519,-14602.89,821976.5781,1.28,100.0,81.5
520,-15823.31,893971.125,1.38,100.0,81.6
521,-14660.89,799925.0625,1.45,100.0,81.6
522,-15719.17,806728.7812,1.39,100.0,81.6
523,-15136.57,858102.7344,1.45,100.0,81.5
524,-15444.77,732392.2344,1.55,90.1,81.4
525,-14574.49,717378.625,1.32,100.0,81.4
526,-15797.88,758509.7969,1.37,100.0,81.4
527,-15349.18,612902.3594,1.38,100.0,81.4
528,-15233.33,748707.5312,1.34,100.0,81.4
529,-15165.61,877299.3594,1.41,100.0,81.5
530,-15688.02,855490.5312,1.51,98.0,81.1
531,-15275.16,594606.6406,1.37,100.0,80.9
532,-15202.82,801229.0312,1.42,100.0,81.0
533,-14773.26,551671.1719,1.37,100.0,80.9
534,-15094.12,548387.25,1.3,100.0,81.0
535,-15565.86,526062.6328,1.49,100.0,81.1
536,-15536.12,679752.4062,1.43,99.8,80.9
537,-14751.57,674745.0938,1.3,100.0,81.1
538,-15301.39,568626.2344,1.38,100.0,81.0
539,-15390.28,675104.8438,1.35,100.0,81.1
540,-14975.98,657831.0312,1.36,100.0,81.1
541,-14401.26,529713.2969,1.43,98.4,80.9
542,-14835.99,551323.9062,1.46,100.0,80.9
543,-14397.82,588725.6719,1.43,100.0,80.1
544,-16003.81,545768.7344,1.53,98.8,79.8
545,-15312.68,575554.1875,1.45,100.0,79.8
546,-15477.1,409338.8281,1.42,100.0,79.8
547,-14948.17,406885.2188,1.42,100.0,79.9
548,-14794.2,409823.7344,1.38,100.0,79.9
549,-15330.29,479292.1016,1.33,100.0,79.8
550,-15494.96,408668.8906,1.43,99.2,79.8
551,-15264.02,519070.4141,1.43,100.0,80.0
552,-14993.73,387803.3906,1.45,100.0,80.0
553,-15231.16,523141.0312,1.44,99.5,80.0
554,-14927.5,367401.125,1.38,100.0,79.9
555,-15883.98,337569.9453,1.38,100.0,80.0
556,-14799.81,571278.2969,1.39,100.0,79.9
557,-14774.82,291761.8594,1.41,100.0,80.0
558,-15076.76,540409.1719,1.4,100.0,80.1
559,-15286.82,377773.3906,1.51,99.7,80.0
560,-15673.33,251175.1367,1.41,100.0,80.2
561,-15810.19,305827.75,1.38,100.0,80.1
562,-14553.74,470473.0625,1.29,100.0,80.1
563,-14473.08,567309.4844,1.32,100.0,80.2
564,-14914.41,295998.9609,1.42,100.0,80.3
565,-16108.96,294192.0547,1.51,94.3,79.0
566,-15235.17,275857.2969,1.38,100.0,79.0
567,-14627.13,421951.0625,1.39,100.0,79.1
568,-15311.1,266156.6328,1.33,100.0,79.0
569,-14689.8,383379.8672,1.3,100.0,79.1
570,-14631.97,492034.7109,1.43,98.7,78.9
571,-15639.01,169531.9258,1.45,98.4,78.8
572,-15014.96,413371.2969,1.36,100.0,78.8
573,-15049.84,310884.2578,1.44,100.0,78.9
574,-14517.73,439275.5938,1.46,99.8,79.0
575,-14741.83,367113.875,1.31,100.0,78.8
576,-14760.35,418684.3203,1.37,100.0,78.8
577,-15033.01,489894.2891,1.41,100.0,78.9
578,-15167.17,345806.625,1.36,100.0,78.9
579,-14780.24,334110.1172,1.39,99.8,78.9
580,-15028.03,561290.7031,1.37,100.0,78.9
581,-14784.3,423336.2969,1.36,100.0,78.8
582,-14831.66,429352.6094,1.4,100.0,78.9
583,-15217.52,292852.2578,1.36,99.9,78.9
584,-14659.47,337098.3281,1.49,100.0,78.8
585,-14885.23,385581.5391,1.51,91.7,78.8
586,-15451.89,464877.4609,1.4,100.0,78.7
587,-15637.69,179575.9648,1.39,100.0,78.6
588,-15033.46,239387.2695,1.32,100.0,78.6
589,-14647.52,364542.6641,1.29,100.0,78.7
590,-15445.9,448009.0859,1.43,100.0,78.8
591,-15319.38,209914.4531,1.46,99.1,78.8
592,-14754.6,368735.4688,1.4,100.0,78.7
593,-14570.87,327490.1016,1.41,100.0,78.8
594,-14848.72,320819.8906,1.43,100.0,78.8
595,-14481.96,303864.1406,1.27,100.0,78.8
596,-14669.06,350792.4375,1.35,100.0,78.9
597,-14520.62,409269.7656,1.39,100.0,78.9
598,-15502.57,158423.3164,1.34,100.0,78.9
599,-14856.48,202199.7969,1.34,100.0,79.0
600,-15205.44,228036.0195,1.32,100.0,78.9
601,-14286.29,347192.0547,1.3,100.0,78.9
602,-14752.79,289199.375,1.5,94.5,78.5
603,-14853.98,245919.3047,1.39,100.0,78.5
604,-14570.76,246907.7109,1.41,100.0,78.5
605,-14817.09,342982.3906,1.49,100.0,78.7
606,-15005.59,280727.8672,1.36,100.0,78.7
607,-14672.91,356495.5391,1.32,100.0,78.7
608,-14996.48,397424.6094,1.41,100.0,78.7
609,-15313.26,385596.3125,1.34,100.0,78.7
610,-15488.95,210586.1953,1.37,100.0,78.7
611,-14973.15,279668.7812,1.49,100.0,78.9
612,-15523.95,155743.1484,1.37,100.0,79.0
613,-15141.83,243707.5,1.37,100.0,78.9
614,-15538.89,116693.1855,1.37,100.0,78.9
615,-15484.46,247960.918,1.41,100.0,79.0
616,-14669.77,369944.2109,1.38,100.0,78.9
617,-15199.53,168261.4766,1.52,98.0,78.8
618,-15827.22,294355.0234,1.38,100.0,78.8
619,-15467.02,178726.2188,1.34,100.0,78.7
620,-14373.71,322146.2656,1.32,100.0,78.8
621,-14666.28,280418.3125,1.27,100.0,78.8
622,-14681.9,264194.9492,1.49,99.1,78.6
623,-14759.2,216596.6914,1.44,97.7,78.5
624,-15374.85,429191.2266,1.38,100.0,78.6
625,-15048.42,198834.3828,1.44,100.0,78.6
626,-14798.12,173679.1172,1.33,100.0,78.6
627,-15152.29,398060.8047,1.35,100.0,78.6
628,-14118.72,323952.1562,1.41,99.5,78.6
629,-15323.15,194706.1289,1.45,100.0,78.7
630,-15049.2,199839.9688,1.33,100.0,78.7
631,-14952.16,143025.5078,1.41,100.0,78.4
632,-14694.35,199417.8477,1.35,98.9,77.7
633,-14700.93,246072.6055,1.32,100.0,77.8
634,-15461.8,133419.6074,1.46,99.8,77.9
635,-15688.07,221491.3984,1.48,100.0,78.0
636,-14571.73,229965.0195,1.42,100.0,78.0
637,-14665.51,375012.3047,1.49,97.3,77.5
638,-14590.3,207565.6953,1.54,97.7,77.1
639,-14884.42,202485.3672,1.33,100.0,77.1
640,-14644.57,199836.2383,1.32,100.0,77.1
641,-14832.4,119349.3242,1.33,100.0,77.1
642,-14566.15,189536.8008,1.4,100.0,77.2
643,-15005.18,155354.168,1.51,94.1,76.6
644,-14945.92,129361.7715,1.42,99.9,76.5
645,-14636.3,200072.6055,1.36,100.0,76.4
646,-15745.96,189176.6328,1.44,100.0,76.3
647,-15020.93,116951.543,1.29,100.0,75.9
648,-15391.79,79806.9375,1.32,100.0,75.9
649,-14555.22,211419.7891,1.39,95.7,75.8
650,-15412.47,145132.5977,1.33,100.0,75.9
651,-15303.97,105927.2852,1.42,100.0,75.8
652,-15244.51,338069.5156,1.41,100.0,76.0
653,-14850.6,135842.6641,1.25,100.0,75.9
654,-14686.06,138894.4023,1.32,100.0,75.8
655,-14776.8,122602.6992,1.35,100.0,75.8
656,-15356.26,45884.9082,1.37,100.0,75.9
657,-14611.67,202974.9297,1.48,100.0,75.9
658,-14282.41,165387.4844,1.36,100.0,75.9
659,-14786.13,116772.7812,1.3,100.0,75.9
660,-15190.04,75412.8027,1.37,100.0,76.0
661,-14473.46,153944.6172,1.43,100.0,76.1
662,-14757.13,181361.4141,1.36,100.0,76.0
663,-15696.72,181992.6172,1.53,99.5,76.1
664,-15199.59,90677.2852,1.37,100.0,76.2
665,-15112.98,113528.4297,1.32,100.0,76.3
666,-14497.51,138114.5117,1.31,100.0,76.3
667,-14330.3,161296.0586,1.3,100.0,76.4
668,-14580.13,182913.4141,1.46,100.0,76.4
669,-15125.41,249372.5391,1.52,90.4,76.6
670,-14757.35,200855.6953,1.33,100.0,76.6
671,-14878.12,108754.6426,1.38,100.0,76.5
672,-15094.58,65738.29,1.32,100.0,76.6
673,-15458.57,210992.9766,1.34,100.0,76.5
674,-14803.28,144779.6094,1.39,100.0,76.6
675,-15109.83,102330.9219,1.39,99.2,76.6
676,-15012.83,281117.4141,1.34,100.0,76.6
677,-14658.85,173441.7344,1.31,100.0,76.5
678,-14778.94,114852.8281,1.41,100.0,76.6
679,-14770.25,111765.7773,1.44,100.0,76.7
680,-14703.54,74088.084,1.51,83.0,76.8
681,-14840.61,73278.7363,1.5,99.0,76.9
682,-14802.19,102097.9355,1.39,100.0,76.9
683,-15126.81,77376.1367,1.43,100.0,77.0
684,-14911.85,157291.2695,1.29,100.0,76.9
685,-15024.65,70913.8184,1.35,100.0,76.8
686,-14951.68,95207.7441,1.45,95.7,76.9
687,-14562.36,149989.8789,1.4,100.0,77.0
688,-15176.08,70094.9492,1.39,100.0,77.0
689,-14637.63,144736.5703,1.4,100.0,77.0
690,-14802.83,112853.2324,1.33,100.0,77.0
691,-14791.42,148092.5664,1.37,100.0,77.2
692,-15539.45,56407.8887,1.48,98.6,77.2
693,-15359.07,210748.4414,1.34,100.0,77.2
694,-14647.92,145088.6055,1.37,100.0,77.1
695,-14507.37,116186.6348,1.33,100.0,77.1
696,-14503.96,106510.0371,1.24,98.9,77.0
697,-14466.9,81048.3301,1.39,99.6,77.0
698,-14774.97,99000.0059,1.47,99.1,77.0
699,-15368.82,51428.6465,1.36,100.0,77.0
700,-15210.41,29397.0317,1.45,100.0,77.1
701,-14464.33,199198.3398,1.39,100.0,76.9
702,-14961.52,94266.9961,1.29,100.0,76.9
703,-15615.65,22467.4634,1.43,100.0,76.8
704,-14930.15,48018.7432,1.48,100.0,77.0
705,-14501.68,110851.9375,1.33,100.0,77.0
706,-14627.01,80573.2109,1.39,100.0,77.0
707,-14995.28,43985.6846,1.34,100.0,77.1
708,-15082.98,37718.4072,1.31,100.0,77.1
709,-15787.56,209748.0312,1.51,97.0,76.7
710,-14510.08,83350.1172,1.43,100.0,76.8
711,-14764.4,68141.4805,1.39,100.0,76.7
712,-15408.04,26731.0503,1.5,99.6,76.8
713,-14472.37,74742.2383,1.48,98.9,76.9
714,-15304.24,39999.2217,1.33,100.0,77.0
715,-14434.22,98845.3945,1.33,100.0,77.1
716,-14739.61,59049.458,1.44,100.0,77.1
717,-14808.29,73520.8887,1.36,100.0,77.0
718,-15296.14,27601.2842,1.46,100.0,77.0
719,-14796.09,93016.2031,1.46,100.0,77.0
720,-14667.29,53496.4951,1.29,100.0,77.1
721,-14883.0,63870.4141,1.32,100.0,77.0
722,-15113.28,34220.3604,1.35,100.0,77.0
723,-14552.54,66186.498,1.53,100.0,77.0
724,-14701.15,68380.8477,1.44,86.8,77.1
725,-14796.68,51513.041,1.49,99.8,77.1
726,-14899.91,38557.7129,1.38,100.0,77.2
727,-14407.12,86135.3691,1.41,100.0,77.3
728,-14748.5,92922.8223,1.32,100.0,77.3
729,-15217.36,210616.4883,1.41,100.0,77.3
730,-14715.28,60163.7363,1.5,98.5,77.2
731,-14557.49,85157.1074,1.41,100.0,77.4
732,-14592.91,82133.0762,1.35,100.0,77.4
733,-14896.88,18839.4844,1.38,100.0,77.4
734,-14814.37,24763.1074,1.28,100.0,77.5
735,-14744.61,20072.4663,1.35,100.0,77.4
736,-14583.96,55035.3643,1.49,90.8,77.5
737,-14543.92,54764.5332,1.32,100.0,77.5
738,-14426.83,88546.957,1.38,100.0,77.6
739,-15298.27,17164.5022,1.41,100.0,77.6
740,-14420.22,66689.5332,1.24,100.0,77.5
741,-15105.35,10340.4758,1.4,100.0,77.6
742,-15190.34,200166.9336,1.46,100.0,77.6
743,-14576.3,40149.1914,1.3,100.0,77.6
744,-14499.29,56785.4775,1.36,100.0,77.7
745,-15063.53,46550.8125,1.34,100.0,77.7
746,-14866.86,28126.9551,1.31,100.0,77.7
747,-14351.71,52820.1484,1.44,93.7,77.9
748,-15329.46,11326.3792,1.5,99.8,77.9
749,-15025.6,20161.2432,1.4,100.0,77.8
750,-14650.31,84221.1875,1.44,100.0,77.9
751,-14546.26,57813.3936,1.31,100.0,77.9
752,-14526.0,53072.8438,1.31,100.0,78.0
753,-14546.79,54309.7129,1.35,100.0,78.1
754,-15249.47,184641.9141,1.34,100.0,78.2
755,-14624.98,55964.5693,1.37,100.0,78.1
756,-15248.71,168360.6797,1.45,99.8,78.0
757,-14667.13,29395.9546,1.35,100.0,77.9
758,-14690.44,42967.0967,1.32,100.0,77.9
759,-14469.14,56999.5088,1.34,100.0,78.0
760,-15064.0,12987.7385,1.36,100.0,78.0
761,-15059.53,154385.4805,1.41,100.0,78.1
762,-14496.06,46783.7461,1.51,100.0,78.1
763,-14661.53,50458.4355,1.5,97.4,78.2
764,-15124.51,8446.6307,1.36,100.0,78.2
765,-15167.57,17995.895,1.38,100.0,78.2
766,-15351.74,20925.5078,1.38,100.0,78.3
767,-14749.67,22879.8452,1.36,100.0,78.2
768,-15097.78,13299.0991,1.39,97.9,78.3
769,-14979.87,202535.2578,1.37,100.0,78.4
770,-14975.14,10416.7651,1.35,100.0,78.4
771,-14545.29,36421.7559,1.41,100.0,78.4
772,-14535.54,38722.2197,1.31,100.0,78.5
773,-14982.73,5106.9131,1.4,100.0,78.5
774,-14522.04,40349.0645,1.52,92.5,78.6
775,-14472.66,43511.5342,1.5,100.0,78.5
776,-14504.85,24293.1694,1.42,100.0,78.6
777,-14908.1,32986.6865,1.48,100.0,78.6
778,-14538.17,21241.9595,1.33,100.0,78.6
779,-14636.15,46931.8252,1.3,100.0,78.7
780,-14315.88,47877.1631,1.36,100.0,78.7
781,-15004.58,8469.4185,1.35,100.0,78.7
782,-15405.75,15085.6855,1.37,100.0,78.9
783,-14602.4,35415.5957,1.4,100.0,78.8
784,-14441.07,38904.4775,1.29,100.0,78.8
785,-14679.42,33422.5713,1.44,100.0,78.9
786,-14444.47,31460.3379,1.41,99.7,78.8
787,-15006.78,140141.5859,1.37,100.0,78.9
788,-14449.49,25785.7192,1.42,100.0,79.0
789,-14970.41,11275.8552,1.36,100.0,79.0
790,-14340.56,34502.8301,1.27,100.0,79.0
791,-14935.42,164853.5508,1.35,100.0,79.2
792,-14345.31,43319.4678,1.36,100.0,79.0
793,-14626.34,24660.9624,1.4,100.0,79.1
794,-14309.84,32372.9009,1.46,97.3,79.1
795,-15084.53,125922.3477,1.46,100.0,79.1
796,-14929.8,148885.3242,1.35,100.0,79.2
797,-14588.64,17990.6689,1.34,100.0,79.2
798,-14236.94,37994.3281,1.31,100.0,79.3
799,-14457.98,21602.2993,1.37,100.0,79.2
800,-14544.68,43782.0156,1.33,100.0,79.3
801,-14630.48,37145.6006,1.26,100.0,79.0
802,-15026.77,121207.5586,1.37,100.0,78.7
803,-14952.3,132556.1973,1.37,100.0,78.8
804,-14932.46,9615.6406,1.4,100.0,78.8
805,-14330.04,43889.2314,1.41,100.0,78.8
806,-14919.96,135798.4727,1.36,100.0,78.8
807,-14532.39,26678.3569,1.3,100.0,78.8
808,-14679.92,11939.634,1.34,100.0,78.8
809,-14360.42,28347.2617,1.32,100.0,78.9
810,-14794.65,14303.7903,1.35,100.0,79.0
811,-14357.55,27966.8545,1.38,100.0,79.0
812,-14593.95,15495.0613,1.36,100.0,79.2
813,-15050.4,9496.0376,1.38,100.0,79.0
814,-14432.36,25720.6172,1.4,100.0,78.3
815,-14605.74,40988.2939,1.39,100.0,78.3
816,-15301.01,13789.1797,1.49,100.0,78.4
817,-14494.37,29566.8726,1.47,99.8,78.5
818,-14297.91,31346.2061,1.31,100.0,78.6
819,-14573.22,19042.334,1.31,100.0,78.5
820,-14910.14,127645.9707,1.38,100.0,78.5
821,-14589.91,12861.6589,1.34,100.0,78.5
822,-14407.72,24575.4468,1.39,100.0,78.6
823,-14759.81,5883.8767,1.51,100.0,78.7
824,-14393.38,28772.0537,1.33,100.0,78.6
825,-14793.42,11775.7903,1.39,100.0,78.8
826,-14859.82,2753.6029,1.39,100.0,78.6
827,-14392.18,27252.4355,1.32,100.0,78.7
828,-14515.13,15728.3042,1.38,100.0,78.7
829,-14600.22,11227.5632,1.39,100.0,78.7
830,-14788.24,6601.9736,1.3,100.0,78.7
831,-15207.1,121814.8066,1.39,100.0,78.8
832,-14880.11,1741.6908,1.38,100.0,78.8
833,-14348.94,23083.7603,1.39,100.0,78.8
834,-14351.33,31040.9082,1.41,95.6,78.7
835,-14908.69,97762.5605,1.39,100.0,78.5
836,-14555.87,14893.5789,1.41,100.0,78.7
837,-14400.4,11015.9648,1.39,100.0,78.7
838,-15016.39,94987.8164,1.33,100.0,78.6
839,-14326.85,20318.1841,1.39,100.0,78.6
840,-14306.03,25273.8022,1.41,100.0,78.7
841,-14547.51,7915.0361,1.34,100.0,78.6
842,-14422.56,11695.7397,1.44,100.0,78.7
843,-14397.65,14319.4834,1.33,100.0,78.7
844,-14379.01,24554.3765,1.32,100.0,78.7
845,-14495.28,12741.2817,1.45,97.4,78.8
846,-14404.09,13256.5161,1.45,99.9,78.8
847,-14345.16,20530.7075,1.42,100.0,78.7
848,-14561.43,4820.3583,1.46,100.0,78.9
849,-14344.04,14885.6846,1.4,99.5,78.9
850,-14462.78,16041.5386,1.29,100.0,78.9
851,-14352.39,19926.7085,1.43,100.0,78.8
852,-14444.65,10376.1316,1.36,100.0,78.8
853,-14287.62,17742.7651,1.36,100.0,79.0
854,-14745.28,4745.3709,1.43,100.0,79.0
855,-14342.26,26762.501,1.39,100.0,79.1
856,-14300.23,15194.8008,1.36,100.0,79.0
857,-14693.73,4581.4843,1.4,100.0,79.0
858,-14532.87,11213.6531,1.3,100.0,79.0
859,-14149.33,25202.9746,1.4,100.0,79.0
860,-14403.04,18294.7192,1.48,97.5,79.1
861,-14432.09,6291.4672,1.32,100.0,79.1
862,-14529.01,13748.6765,1.32,100.0,79.1
863,-14336.94,19518.123,1.33,100.0,79.0
864,-14354.71,15678.6628,1.29,100.0,78.2
865,-14314.32,14140.4124,1.35,95.0,77.2
866,-14297.38,13891.6104,1.38,100.0,77.3
867,-14276.26,12126.7136,1.39,100.0,77.3
868,-14762.07,10972.6179,1.43,99.1,77.5
869,-14216.9,15890.22,1.27,100.0,77.6
870,-14789.2,138262.5898,1.36,100.0,77.5
871,-14313.35,9698.6909,1.32,100.0,77.5
872,-14266.44,13459.9917,1.31,100.0,77.6
873,-14475.92,4417.4874,1.45,100.0,77.6
874,-14409.41,6236.9915,1.44,100.0,77.7
875,-14301.18,8419.9961,1.3,100.0,77.6
876,-14284.09,10631.7883,1.37,100.0,77.7
877,-14507.21,3247.9045,1.44,100.0,77.7
878,-14399.78,5197.6887,1.39,100.0,77.7
879,-14426.55,4905.8396,1.46,100.0,77.7
880,-14294.49,8849.5164,1.45,100.0,77.7
881,-14465.12,3107.4279,1.31,100.0,77.7
882,-14351.89,4436.7351,1.31,100.0,77.8
883,-14299.76,8120.7612,1.32,100.0,77.8
884,-14405.64,7061.1783,1.42,100.0,77.9
885,-14470.68,4367.7844,1.51,90.3,77.9
886,-14486.52,5042.6791,1.48,100.0,78.0
887,-14457.3,7659.3322,1.36,100.0,77.9
888,-14427.21,3714.2853,1.32,100.0,78.0
889,-14464.21,2087.3005,1.26,100.0,78.1
890,-14601.83,1189.5043,1.38,100.0,77.9
891,-14689.41,1965.117,1.46,96.6,78.1
892,-14298.13,16782.8298,1.34,100.0,78.2
893,-14333.56,10462.2695,1.4,100.0,77.7
894,-14317.37,7987.6947,1.31,100.0,77.6
895,-14252.98,11056.2212,1.24,99.3,77.5
896,-14267.56,11850.0955,1.41,97.2,77.7
897,-14254.98,10414.1628,1.48,99.9,77.7
898,-14234.21,12083.4888,1.35,100.0,77.8
899,-14183.92,10408.0535,1.42,100.0,77.8
900,-14476.9,4131.1155,1.37,100.0,77.9
901,-14344.31,5335.9879,1.29,100.0,77.7
902,-14320.4,5978.2097,1.53,99.1,78.6
903,-14296.14,8259.5634,1.32,100.0,78.6
904,-14255.5,7429.2195,1.35,100.0,78.5
905,-14179.12,7940.4149,1.36,100.0,78.6
906,-14369.0,3399.182,1.27,100.0,78.5
907,-14316.13,6386.3156,1.36,100.0,78.6
908,-14229.46,9679.7542,1.42,98.5,78.2
909,-14189.45,7135.4379,1.36,100.0,78.2
910,-14332.7,7015.6316,1.43,100.0,78.1
911,-14246.05,13127.998,1.49,100.0,78.1
912,-14350.02,5275.3964,1.26,100.0,77.9
913,-14237.26,10768.252,1.33,100.0,78.1
914,-14326.17,4980.2078,1.36,100.0,78.2
915,-14223.97,8341.5409,1.41,100.0,78.2
916,-14198.88,7780.3254,1.43,99.1,78.1
917,-14262.99,4994.7247,1.49,100.0,78.0
918,-14203.39,7381.7053,1.33,100.0,78.1
919,-14236.02,8075.7103,1.34,100.0,78.1
920,-14208.2,6895.0594,1.36,100.0,78.1
921,-14253.53,5368.7786,1.39,100.0,78.1
922,-14198.55,7139.8057,1.4,98.0,78.1
923,-14216.48,7049.0511,1.26,100.0,77.8
924,-14209.14,5584.8188,1.31,100.0,77.8
925,-14805.03,111936.4727,1.46,100.0,78.0
926,-14207.58,6243.7891,1.36,100.0,78.0
927,-14217.7,5928.8766,1.43,99.1,77.9
928,-14204.12,5312.0734,1.49,97.2,77.9
929,-14795.74,103769.123,1.34,100.0,77.8
930,-14815.01,97188.4258,1.35,100.0,77.7
931,-14815.3,83637.5488,1.41,100.0,77.7
932,-14825.05,91594.8691,1.35,100.0,77.8
933,-14792.03,76218.3223,1.45,98.4,77.9
934,-14817.4,69567.2852,1.52,99.4,77.8
935,-14774.64,60622.8506,1.37,100.0,77.8
936,-14802.67,64804.3359,1.44,100.0,77.8
937,-14830.95,58116.04,1.36,100.0,77.8
938,-14231.26,17404.408,1.29,100.0,77.8
939,-14843.5,50522.9121,1.53,99.4,77.7
940,-14795.39,47950.6992,1.44,100.0,77.8
941,-14234.93,18791.6943,1.34,100.0,77.8
942,-14172.95,28681.353,1.41,100.0,77.8
943,-14792.81,44723.2139,1.31,100.0,77.9
944,-14805.66,40197.0391,1.34,100.0,77.8
945,-14834.85,45215.3184,1.46,95.0,78.0
946,-14229.37,21665.4604,1.37,100.0,78.0
947,-14833.76,35613.3574,1.44,100.0,78.0
948,-14204.5,16798.7622,1.42,99.3,78.0
949,-14220.64,12141.8308,1.37,100.0,77.8
950,-14249.89,8295.1685,1.33,100.0,77.9
951,-14214.7,7477.1859,1.34,100.0,77.8
952,-14846.38,37191.7861,1.35,100.0,77.9
953,-14210.92,8664.3801,1.33,100.0,77.9
954,-14169.29,20113.2295,1.41,99.8,78.0
955,-14894.48,36277.3711,1.34,100.0,77.9
956,-14223.31,7932.8456,1.33,100.0,78.0
957,-14207.11,6578.2816,1.45,100.0,78.1
958,-14222.68,4889.3406,1.39,100.0,78.1
959,-14223.45,6172.1454,1.48,98.4,78.2
960,-14250.01,2706.9354,1.49,96.3,78.2
961,-14275.91,2228.6971,1.32,100.0,78.1
962,-14266.88,3874.3949,1.32,100.0,78.2
963,-14280.68,2020.3744,1.29,100.0,78.2
964,-14292.44,1152.4931,1.4,100.0,78.2
965,-14262.43,1093.9519,1.49,91.9,78.3
966,-14327.51,2353.5264,1.41,99.6,78.4
967,-14374.33,5270.7781,1.38,100.0,78.3
968,-14336.09,1981.4997,1.5,100.0,78.3
969,-14295.42,1463.173,1.31,100.0,78.3
970,-14312.79,2366.4368,1.32,100.0,78.4
971,-14305.57,1988.5711,1.45,99.7,78.5
972,-14409.37,768.6572,1.38,100.0,78.5
973,-14294.15,2555.2164,1.39,100.0,78.4
974,-14263.59,1393.0098,1.43,100.0,78.5
975,-14364.3,5385.3142,1.26,100.0,78.6
976,-14466.29,926.274,1.33,100.0,78.6
977,-14386.63,1738.4871,1.48,100.0,78.7
978,-14316.63,1478.7059,1.37,100.0,78.6
979,-14444.98,4514.3301,1.43,100.0,78.8
980,-14269.74,1395.2598,1.49,94.1,78.8
981,-14328.92,1629.8135,1.41,100.0,78.7
982,-14498.39,1588.0001,1.33,100.0,78.8
983,-14363.08,2008.2641,1.35,100.0,78.7
984,-14376.3,1387.6014,1.33,100.0,78.7
985,-14470.92,3426.2361,1.4,100.0,78.8
986,-14429.55,882.6743,1.45,94.4,78.8
987,-14612.73,4966.1416,1.33,100.0,78.7
988,-14278.77,2103.167,1.34,100.0,78.8
989,-14340.4,1546.6088,1.31,100.0,78.8
990,-14276.34,2239.0977,1.33,100.0,78.8
991,-14432.34,1418.6802,1.41,99.9,78.8
992,-14263.34,1142.8972,1.45,97.7,78.9
993,-14455.38,651.2073,1.3,100.0,79.1
994,-14300.76,3939.8224,1.31,100.0,78.9
995,-14336.71,886.9653,1.31,100.0,78.9
996,-14399.09,1693.3804,1.41,100.0,79.0
997,-14477.75,902.5737,1.45,89.1,79.2
998,-14469.95,1791.7298,1.44,98.8,79.3
999,-14391.42,1417.9759,1.39,100.0,79.4
1000,-14539.03,2720.0819,1.4,100.0,79.2
1001,-14498.47,2091.7846,1.31,100.0,79.1
1002,-14447.6,6205.95,1.34,100.0,79.1
1003,-14373.71,875.9305,1.38,100.0,79.2
1004,-14503.96,1896.0422,1.32,100.0,79.2
1005,-14402.85,930.4682,1.38,100.0,79.3
1006,-14480.14,446.804,1.44,100.0,79.3
1007,-14386.95,768.6068,1.28,100.0,79.4
1008,-14410.23,962.6096,1.38,100.0,79.4
1009,-14606.69,6333.1115,1.49,93.7,79.5
1010,-14303.2,1437.7131,1.32,100.0,79.5
1011,-14281.0,1843.1451,1.45,100.0,79.6
1012,-14346.14,1098.4861,1.39,100.0,79.7
1013,-14238.32,2166.9017,1.26,100.0,79.8
1014,-14238.97,3310.019,1.37,100.0,79.8
1015,-14270.36,1806.8697,1.39,100.0,79.9
1016,-14952.73,63800.9619,1.4,100.0,79.9
1017,-14310.75,2220.2728,1.43,100.0,80.0
1018,-14216.83,1509.7828,1.59,100.0,80.3
1019,-14292.09,2327.1733,1.34,100.0,80.3
1020,-14175.5,2208.5527,1.36,100.0,80.4
1021,-14201.99,1621.9671,1.38,100.0,80.4
1022,-14893.33,49461.6201,1.43,100.0,80.3
1023,-14235.79,1512.8789,1.39,99.9,80.4
1024,-14227.34,2072.5944,1.34,100.0,80.5
1025,-14213.1,2652.6219,1.29,100.0,80.6
1026,-14884.12,36887.0381,1.38,100.0,80.6
1027,-14167.47,4785.4971,1.36,100.0,80.6
1028,-14833.97,37924.6328,1.45,100.0,80.7
1029,-14140.17,2917.8016,1.49,84.7,80.8
1030,-14266.42,2420.6796,1.31,100.0,80.9
1031,-14940.02,31290.8252,1.44,100.0,80.9
1032,-14281.7,1289.0146,1.34,100.0,80.7
1033,-14217.25,2057.1385,1.28,100.0,80.8
1034,-14182.13,2832.1652,1.39,100.0,80.9
1035,-14274.9,1991.2111,1.4,97.3,81.0
1036,-14286.19,469.3131,1.34,100.0,81.0
1037,-14272.33,1669.53,1.38,100.0,81.1
1038,-14259.67,497.8276,1.39,100.0,81.1
1039,-14237.2,4331.1485,1.31,100.0,81.1
1040,-14285.56,657.849,1.48,100.0,81.2
1041,-14242.56,688.3891,1.45,99.8,81.2
1042,-14323.45,4252.4026,1.37,100.0,81.2
1043,-14241.16,2849.7904,1.39,100.0,81.2
1044,-14239.6,1394.8761,1.29,100.0,81.2
1045,-14313.92,624.7013,1.31,100.0,81.2
1046,-14217.75,1358.42,1.45,99.4,81.3
1047,-14192.16,704.9929,1.42,99.9,81.5
1048,-14287.58,717.7074,1.38,100.0,81.6
1049,-14229.63,789.7977,1.51,100.0,81.6
1050,-14185.14,1543.5076,1.47,98.1,81.5
1051,-14310.08,310.6722,1.31,100.0,81.4
1052,-14224.97,1199.0075,1.36,100.0,81.5
1053,-14191.07,355.5778,1.36,100.0,81.6
1054,-14211.37,265.1651,1.37,100.0,81.6
1055,-14212.67,543.4349,1.39,98.4,81.7
1056,-14853.39,49304.376,1.42,100.0,81.8
1057,-14215.62,1285.2367,1.3,100.0,81.9
1058,-14232.39,778.5962,1.42,100.0,81.8
1059,-14197.31,554.8144,1.34,100.0,81.9
1060,-14854.32,32264.436,1.52,100.0,81.9
1061,-14195.67,1425.2899,1.56,88.8,82.0
1062,-14228.44,1022.2529,1.33,100.0,82.1
1063,-14198.25,1048.6955,1.32,100.0,82.2
1064,-14177.85,2490.4005,1.32,100.0,82.2
1065,-14246.37,275.5695,1.33,100.0,82.2
1066,-14211.29,286.4763,1.44,100.0,82.2
1067,-14318.08,518.9456,1.41,95.9,82.4
1068,-14909.08,34477.376,1.37,100.0,82.3
1069,-14269.95,2865.6823,1.38,100.0,82.4
1070,-14164.02,2757.4311,1.29,100.0,82.6
1071,-14161.09,893.6107,1.34,100.0,82.4
1072,-14168.84,818.0515,1.35,100.0,82.5
1073,-14240.33,414.3481,1.37,100.0,82.5
1074,-14168.59,1785.3801,1.31,100.0,82.1
1075,-14213.29,321.354,1.35,100.0,82.2
1076,-14191.86,653.1597,1.29,100.0,82.3
1077,-14236.83,360.8444,1.4,100.0,82.2
1078,-14197.09,365.538,1.43,83.3,82.4
1079,-14147.27,757.8862,1.29,100.0,81.6
1080,-14200.09,531.4131,1.4,100.0,81.6
1081,-14216.36,1225.567,1.38,99.8,81.5
1082,-14197.78,204.9809,1.32,100.0,81.5
1083,-14194.13,560.5943,1.37,100.0,81.6
1084,-14217.48,556.159,1.35,100.0,81.8
1085,-14263.36,370.4909,1.28,100.0,81.7
1086,-14221.23,1321.8902,1.34,100.0,81.8
1087,-14254.27,502.9877,1.4,100.0,81.6
1088,-14199.76,720.5723,1.41,100.0,81.7
1089,-14855.23,44902.1621,1.5,95.0,81.9
1090,-14216.65,479.1937,1.46,99.1,81.8
1091,-14232.37,184.2098,1.35,100.0,81.8
1092,-14255.76,827.886,1.31,100.0,81.7
1093,-14188.39,688.4637,1.28,100.0,81.8
1094,-14217.28,4022.1924,1.38,100.0,81.9
1095,-14157.79,1053.499,1.5,88.7,82.0
1096,-14244.7,480.7508,1.38,99.8,82.1
1097,-14328.4,818.2282,1.46,100.0,82.0
1098,-14186.58,887.0186,1.48,100.0,81.9
1099,-14291.95,2930.1295,1.26,100.0,82.0
1100,-14232.12,254.5092,1.34,100.0,82.1
1101,-14344.67,1182.2492,1.41,98.6,82.1
1102,-14295.52,685.5137,1.35,100.0,82.0
1103,-14276.55,702.1349,1.36,100.0,82.0
1104,-14292.79,1674.058,1.29,100.0,81.1
1105,-14268.68,265.1425,1.31,100.0,81.0
1106,-14179.33,2265.1624,1.49,94.7,81.2
1107,-14316.51,979.9154,1.45,99.5,81.3
1108,-15021.25,41009.8076,1.42,100.0,81.4
1109,-14312.26,1049.9821,1.5,100.0,81.2
1110,-14243.89,2671.9576,1.37,100.0,81.2
1111,-14307.47,503.3389,1.27,100.0,81.2
1112,-14269.75,724.8803,1.32,100.0,81.3
1113,-14300.79,2196.5475,1.3,100.0,81.4
1114,-14315.63,237.7425,1.42,100.0,81.5
1115,-14276.92,2649.6765,1.46,97.1,81.5
1116,-14214.33,345.2938,1.34,100.0,81.4
1117,-14211.99,477.1333,1.32,100.0,81.4
1118,-14170.9,2592.6782,1.33,100.0,81.5
1119,-14129.3,915.9579,1.36,100.0,81.5
1120,-14243.95,2905.1222,1.45,100.0,81.6
1121,-14879.89,48633.3711,1.45,98.8,81.6
1122,-14179.27,369.0491,1.26,100.0,81.6
1123,-14164.87,781.1846,1.31,100.0,81.5
1124,-14119.48,1048.7899,1.38,100.0,80.9
1125,-14905.09,38634.6133,1.45,100.0,81.0
1126,-14174.24,860.9689,1.49,88.2,81.2
1127,-14911.28,34952.3701,1.44,100.0,81.2
1128,-14116.66,7212.2888,1.32,100.0,81.3
1129,-14161.9,5540.4392,1.31,100.0,81.2
1130,-14188.14,768.5264,1.23,99.0,81.0
1131,-14260.03,1895.6323,1.4,99.9,81.1
1132,-14257.45,3389.2773,1.5,96.3,81.3
1133,-14197.3,750.6279,1.35,100.0,81.3
1134,-14150.69,773.896,1.42,100.0,81.3
1135,-14325.47,6977.1117,1.3,100.0,81.2
1136,-14263.15,1294.9619,1.28,100.0,81.2
1137,-14250.48,542.5515,1.38,97.9,81.4
1138,-14180.51,343.2647,1.4,100.0,81.3
1139,-14198.65,659.4243,1.39,100.0,81.4
1140,-14189.83,486.22,1.45,100.0,81.4
1141,-14106.12,788.7208,1.33,100.0,81.4
1142,-14201.36,947.8084,1.34,100.0,81.3
1143,-14850.29,32481.6392,1.48,100.0,81.4
1144,-14166.66,481.6226,1.36,100.0,81.5
1145,-14160.39,435.8021,1.36,100.0,81.5
1146,-14865.12,33579.2939,1.43,100.0,81.5
1147,-14838.68,31270.1367,1.37,98.5,81.5
1148,-14186.93,2281.9593,1.3,100.0,81.5
1149,-14184.82,4198.0364,1.38,100.0,81.5
1150,-14202.33,948.8106,1.33,100.0,81.5
1151,-14130.39,1071.7516,1.45,100.0,81.6
1152,-14212.37,533.7474,1.48,97.8,81.5
1153,-14259.44,1036.5673,1.3,100.0,81.0
1154,-14180.95,1404.7448,1.37,100.0,81.1
1155,-14262.72,951.2147,1.46,99.9,81.2
1156,-14140.92,305.3919,1.38,100.0,81.2
1157,-14201.52,709.6342,1.47,99.1,81.3
1158,-14152.0,300.7339,1.44,92.9,81.4
1159,-14121.53,164.7299,1.3,100.0,81.3
1160,-14190.27,402.0678,1.34,100.0,81.3
1161,-14152.46,379.4788,1.35,100.0,81.3
1162,-14868.43,44615.6348,1.42,100.0,81.3
1163,-14167.33,874.8912,1.52,95.9,81.3
1164,-14154.28,977.0609,1.43,99.4,81.3
1165,-14170.03,457.5322,1.35,100.0,81.3
1166,-14164.89,562.6841,1.4,100.0,81.3
1167,-14222.64,1693.9538,1.33,100.0,81.4
1168,-14204.89,694.9729,1.35,100.0,81.3
1169,-14142.34,1746.678,1.38,96.7,81.4
1170,-14229.46,889.383,1.38,100.0,81.3
1171,-14253.36,861.5099,1.39,100.0,81.4
1172,-14206.31,1890.4392,1.4,100.0,81.5
1173,-14227.92,572.0399,1.26,100.0,81.4
1174,-14181.19,758.5958,1.32,100.0,81.4
1175,-14245.17,612.3087,1.46,93.8,81.1
1176,-14140.67,2223.3583,1.36,100.0,81.2
1177,-14201.92,280.8415,1.41,99.9,81.2
1178,-14143.34,452.633,1.47,96.5,81.4
1179,-14142.65,499.8013,1.32,100.0,81.3
1180,-14138.51,403.7805,1.35,100.0,81.1
1181,-14138.63,1014.2997,1.45,100.0,81.2
1182,-14170.96,202.7889,1.33,100.0,81.1
1183,-14153.66,194.4199,1.39,100.0,81.3
1184,-14170.57,289.4231,1.36,100.0,81.3
1185,-14166.12,335.6887,1.26,100.0,81.3
1186,-14210.24,280.3923,1.37,100.0,81.4
1187,-14216.54,330.8209,1.43,99.8,81.6
1188,-14165.44,598.9768,1.38,100.0,81.7
1189,-14201.18,226.7913,1.52,99.2,81.9
1190,-14166.45,551.6896,1.43,98.0,82.0
1191,-14928.73,40483.1133,1.37,100.0,82.1
1192,-14153.7,2888.4896,1.34,100.0,82.1
1193,-14982.78,32109.5947,1.37,100.0,82.2
1194,-14211.07,3338.9862,1.36,100.0,82.2
1195,-14204.96,2186.2832,1.45,95.0,82.2
1196,-14242.45,2614.0325,1.43,100.0,82.4
1197,-14233.09,1791.9791,1.38,100.0,82.2
1198,-14127.3,891.7123,1.39,100.0,82.5
1199,-14154.99,568.2239,1.3,100.0,82.4
1200,-14156.93,241.3228,1.33,100.0,82.4
1201,-14144.39,952.4819,1.36,96.3,82.4
1202,-14163.24,738.4877,1.3,100.0,82.4
1203,-14151.01,188.6565,1.33,100.0,82.4
1204,-14164.17,714.9008,1.3,100.0,82.6
1205,-14189.31,466.1818,1.28,100.0,82.5
1206,-14160.6,224.0648,1.42,99.9,82.7
1207,-14147.5,425.8208,1.49,90.5,82.8
1208,-14134.41,248.2887,1.33,100.0,82.5
1209,-14227.53,1046.4497,1.46,100.0,82.5
1210,-14201.03,370.1249,1.33,99.8,82.6
1211,-14141.02,1294.6636,1.26,100.0,82.2
1212,-14185.63,897.4765,1.34,100.0,82.1
1213,-14165.68,187.7254,1.36,100.0,82.2
1214,-14172.83,138.0747,1.29,100.0,82.1
1215,-14246.77,133.9497,1.36,100.0,82.2
1216,-14186.82,623.0331,1.33,100.0,82.1
1217,-14228.13,709.4165,1.31,100.0,82.1
1218,-14210.06,377.6234,1.44,98.9,82.0
1219,-14127.19,228.5028,1.43,99.8,82.1
1220,-14189.49,436.187,1.44,100.0,82.1
1221,-14190.9,323.9721,1.45,98.2,82.0
1222,-14208.38,278.5504,1.45,98.4,82.3
1223,-14199.02,196.7054,1.31,100.0,82.2
1224,-14248.6,166.785,1.34,100.0,82.3
1225,-14282.46,340.5252,1.31,100.0,82.2
1226,-14214.69,244.6156,1.37,100.0,82.2
1227,-14173.28,263.0871,1.46,89.8,82.6
1228,-14245.6,381.6389,1.33,99.9,82.5
1229,-14166.9,750.114,1.41,100.0,82.5
1230,-14198.68,364.3339,1.32,100.0,82.4
1231,-14213.65,263.043,1.28,100.0,82.5
1232,-14233.63,199.5448,1.36,100.0,82.5
1233,-14182.23,510.452,1.42,95.7,82.6
1234,-14217.43,226.2303,1.33,100.0,82.6
1235,-14186.31,157.2364,1.42,100.0,82.7
1236,-14178.54,72.0299,1.31,100.0,82.7
1237,-14217.54,255.2957,1.29,100.0,82.7
1238,-14224.01,348.5795,1.42,100.0,82.9
1239,-14145.82,306.4541,1.5,100.0,82.7
1240,-14201.66,480.1771,1.35,100.0,82.8
1241,-14175.0,89.9676,1.39,100.0,82.9
1242,-14220.66,187.7461,1.24,100.0,83.2
1243,-14183.83,479.3429,1.33,100.0,83.4
1244,-14152.23,359.9574,1.47,98.2,83.3
1245,-14178.54,190.6888,1.37,100.0,82.9
1246,-14164.78,156.46,1.42,100.0,82.9
1247,-14178.41,157.4345,1.51,99.5,83.0
1248,-14207.47,372.0606,1.28,99.7,82.7
1249,-14197.58,188.6569,1.33,100.0,82.7
1250,-14224.19,249.364,1.34,100.0,82.7
1251,-14231.17,332.1276,1.34,100.0,82.7
1252,-14203.47,147.1893,1.47,100.0,82.5
1253,-14272.14,401.0161,1.37,100.0,82.6
1254,-14212.22,197.8744,1.33,100.0,82.7
1255,-14172.58,143.89,1.35,100.0,82.8
1256,-14225.95,149.4299,1.31,99.9,82.9
1257,-14222.66,199.7107,1.43,100.0,83.0
1258,-14215.88,177.5069,1.49,97.2,83.2
1259,-14249.95,302.2835,1.32,100.0,83.2
1260,-14238.22,389.2773,1.3,100.0,83.1
1261,-14231.39,270.7124,1.32,100.0,83.2
1262,-14278.59,665.5284,1.35,100.0,83.1
1263,-14243.77,285.6949,1.46,100.0,83.2
1264,-14220.29,235.147,1.46,94.0,83.4
1265,-14263.25,361.4075,1.32,100.0,83.4
1266,-14188.43,148.5731,1.33,100.0,83.3
1267,-14213.83,165.7687,1.31,100.0,83.3
1268,-14216.68,115.0409,1.34,100.0,83.3
1269,-14196.43,113.207,1.44,100.0,83.4
1270,-14214.45,507.311,1.47,99.5,83.5
1271,-14202.46,405.0637,1.39,100.0,83.4
1272,-14182.84,275.1996,1.43,100.0,83.5
1273,-14144.7,196.4494,1.3,99.2,83.4
1274,-14164.8,216.899,1.33,100.0,83.5
1275,-14154.51,123.0603,1.47,100.0,83.6
1276,-14219.44,234.2833,1.41,100.0,83.6
1277,-14143.84,73.0529,1.38,100.0,83.7
1278,-14171.9,220.1438,1.4,100.0,83.7
1279,-14201.75,142.7565,1.27,100.0,83.8
1280,-14234.27,340.7328,1.34,100.0,83.6
1281,-14206.36,199.4897,1.48,98.9,83.7
1282,-14239.09,164.322,1.4,100.0,83.8
1283,-14197.32,220.5322,1.43,100.0,83.8
1284,-14202.95,86.1048,1.48,93.9,83.9
1285,-14137.83,320.2647,1.5,98.4,83.9
1286,-14149.73,224.2651,1.32,100.0,83.8
1287,-14138.93,137.2743,1.33,100.0,83.8
1288,-14153.12,104.7382,1.31,100.0,83.9
1289,-14177.99,234.2608,1.36,100.0,84.0
1290,-14132.95,439.8146,1.46,90.6,84.1
1291,-14133.9,280.1907,1.36,99.8,84.0
1292,-14148.87,371.6865,1.43,100.0,84.0
1293,-14138.71,281.0563,1.32,100.0,84.2
1294,-14158.59,143.3106,1.24,100.0,84.1
1295,-14152.74,100.507,1.36,100.0,84.2
1296,-14191.68,197.2909,1.42,96.6,84.4
1297,-14136.36,114.6251,1.29,100.0,85.0
1298,-14153.19,157.61,1.32,100.0,85.0
1299,-14208.07,174.7873,1.35,100.0,85.0
1300,-14196.33,101.6966,1.36,100.0,85.1
1301,-14182.18,151.5062,1.55,100.0,84.9
1302,-14125.94,132.7926,1.59,90.8,84.5
1303,-14112.8,67.3893,1.29,100.0,84.6
1304,-14112.8,47.2078,1.32,100.0,84.5
1305,-14118.08,89.3211,1.3,100.0,84.7
1306,-14128.62,265.9037,1.37,100.0,84.7
1307,-14152.91,179.8649,1.49,97.6,84.4
1308,-14135.01,86.4534,1.47,99.0,84.5
1309,-14164.14,136.7239,1.37,100.0,84.4
1310,-14232.41,480.4266,1.36,100.0,84.5
1311,-14169.88,370.8962,1.27,100.0,84.5
1312,-14141.96,162.8592,1.38,100.0,84.6
1313,-14140.67,159.0938,1.37,97.9,84.6
1314,-14130.52,93.3023,1.28,100.0,84.6
1315,-14154.64,87.2875,1.39,100.0,84.7
1316,-14150.88,91.2672,1.3,100.0,84.6
1317,-14121.88,86.7954,1.32,100.0,84.7
1318,-14166.41,232.4653,1.4,98.2,84.6
1319,-14196.07,168.6734,1.56,93.8,84.8
1320,-14122.76,128.3328,1.33,100.0,84.7
1321,-14138.69,112.3479,1.45,100.0,84.7
1322,-14154.06,81.1527,1.35,98.9,84.3
1323,-14121.85,117.0526,1.27,100.0,84.0
1324,-14121.85,61.2923,1.37,100.0,84.1
1325,-14105.66,132.2031,1.44,99.6,84.2
1326,-14122.85,28.5657,1.43,100.0,84.2
1327,-14135.01,93.7409,1.44,100.0,84.3
1328,-14150.88,109.1806,1.54,98.7,84.3
1329,-14122.51,79.9507,1.31,100.0,84.3
1330,-14113.25,110.6512,1.34,100.0,84.3
1331,-14115.56,103.588,1.48,100.0,84.4
1332,-14125.94,26.5614,1.37,100.0,84.4
1333,-14150.52,126.2377,1.41,98.4,84.6
1334,-14150.88,100.9158,1.31,99.3,84.2
1335,-14132.37,70.8839,1.31,100.0,84.2
1336,-14126.69,33.5194,1.35,100.0,84.1
1337,-14165.5,209.9312,1.36,100.0,84.2
1338,-14128.72,115.705,1.43,100.0,84.3
1339,-14148.87,76.6301,1.52,87.2,84.6
1340,-14160.98,186.3308,1.34,100.0,84.5
1341,-14175.26,62.8769,1.45,100.0,84.6
1342,-14180.49,147.7746,1.32,100.0,84.6
1343,-14156.38,163.5945,1.27,100.0,84.6
1344,-14156.38,46.9703,1.39,100.0,84.6
1345,-14141.86,304.9664,1.44,96.7,84.3
1346,-14133.89,274.466,1.35,100.0,84.7
1347,-14117.14,123.2475,1.42,100.0,84.5
1348,-14125.16,193.0894,1.45,99.8,84.7
1349,-14122.79,44.7672,1.28,100.0,84.1
1350,-14117.14,86.3106,1.35,100.0,83.6
1351,-14114.78,167.2137,1.43,100.0,83.6
1352,-14125.16,93.344,1.27,100.0,83.6
1353,-14125.16,55.3775,1.35,100.0,83.6
1354,-14144.31,99.3433,1.43,100.0,83.6
1355,-14160.39,213.3885,1.31,100.0,83.5
1356,-14123.25,274.433,1.42,100.0,83.5
1357,-14123.82,124.6839,1.39,100.0,83.6
1358,-14137.02,240.8667,1.3,100.0,83.5
1359,-14133.86,96.3338,1.37,100.0,83.7
1360,-14153.12,129.3956,1.38,100.0,83.7
1361,-14153.15,120.1804,1.33,100.0,83.6
1362,-14116.28,103.5532,1.44,100.0,83.6
1363,-14114.1,78.4969,1.35,100.0,83.6
1364,-14175.64,425.9956,1.33,100.0,83.7
1365,-14134.25,47.362,1.38,100.0,83.8
1366,-14127.28,36.1963,1.43,100.0,83.6
1367,-14166.92,154.8728,1.43,100.0,83.6
1368,-14171.63,81.4292,1.49,98.2,83.8
1369,-14141.27,53.7805,1.5,98.7,83.9
1370,-14141.11,25.1003,1.31,100.0,84.0
1371,-14172.91,170.1643,1.34,100.0,84.0
1372,-14171.13,111.5797,1.33,100.0,83.9
1373,-14169.39,86.9577,1.39,100.0,83.8
1374,-14131.17,380.457,1.49,95.7,83.5
1375,-14147.68,94.9557,1.4,99.7,83.6
1376,-14160.04,60.7337,1.38,100.0,83.6
1377,-14144.22,73.0635,1.4,100.0,83.7
1378,-14152.23,126.6229,1.28,100.0,83.7
1379,-14154.21,36.7535,1.38,100.0,83.7
1380,-14134.15,94.7251,1.46,100.0,83.7
1381,-14152.48,47.2179,1.35,100.0,83.6
1382,-14140.05,80.2953,1.37,100.0,83.7
1383,-14178.96,120.8729,1.33,100.0,83.8
1384,-14221.67,141.1474,1.27,100.0,83.7
1385,-14172.33,109.6577,1.39,100.0,83.9
1386,-14153.82,54.4133,1.45,98.5,84.0
1387,-14122.76,38.0911,1.35,100.0,83.9
1388,-14186.2,332.4606,1.45,100.0,84.0
1389,-14150.88,263.9588,1.47,99.8,84.0
1390,-14113.25,117.1614,1.27,100.0,84.0
1391,-14154.06,82.9687,1.35,100.0,84.1
1392,-14132.95,47.4929,1.38,100.0,84.1
1393,-14122.76,67.99,1.35,100.0,84.1
1394,-14150.88,202.5095,1.47,100.0,84.1
1395,-14121.91,50.8027,1.44,100.0,84.2
1396,-14143.87,37.9378,1.33,100.0,84.2
1397,-14151.8,27.2257,1.33,100.0,84.3
1398,-14117.77,112.8958,1.37,100.0,84.3
1399,-14117.8,79.7228,1.4,100.0,84.3
1400,-14172.08,314.8785,1.46,99.3,84.3
1401,-14112.19,455.3616,1.48,99.7,84.4
1402,-14113.83,107.2007,1.37,100.0,84.3
1403,-14113.83,74.7185,1.32,100.0,84.5
1404,-14125.16,80.4445,1.29,100.0,84.5
1405,-14145.28,96.3609,1.39,100.0,84.6
1406,-14149.1,107.4544,1.47,93.8,84.7
1407,-14149.23,63.3981,1.39,99.7,84.7
1408,-14160.43,200.5474,1.38,100.0,84.4
1409,-14134.61,65.5155,1.43,100.0,84.5
1410,-14157.22,257.1419,1.27,100.0,84.6
1411,-14169.39,115.229,1.32,100.0,84.6
1412,-14158.04,157.8167,1.38,100.0,84.7
1413,-14148.87,129.2913,1.29,100.0,84.6
1414,-14169.06,117.843,1.39,100.0,84.7
1415,-14138.49,206.1527,1.37,100.0,84.7
1416,-14162.09,28.271,1.29,100.0,84.6
1417,-14200.92,127.0316,1.43,100.0,84.7
1418,-14197.44,156.2134,1.47,99.0,84.7
1419,-14174.87,95.4223,1.33,100.0,84.8
1420,-14182.49,76.3659,1.42,100.0,84.3
1421,-14167.61,99.6047,1.38,100.0,84.4
1422,-14198.76,64.3974,1.3,100.0,84.4
1423,-14160.88,77.495,1.43,100.0,84.4
1424,-14176.59,60.9406,1.52,99.2,84.5
1425,-14170.58,43.6545,1.38,100.0,84.6
1426,-14130.72,68.5151,1.45,100.0,84.7
1427,-14151.21,70.7584,1.45,98.8,84.9
1428,-14179.2,101.0019,1.27,100.0,84.9
1429,-14155.81,207.8187,1.33,100.0,84.9
1430,-14159.13,75.1237,1.37,100.0,84.9
1431,-14145.35,191.8577,1.37,100.0,84.9
1432,-14157.76,37.3671,1.52,99.6,85.0
1433,-14234.96,111.6921,1.44,99.3,85.2
1434,-14166.36,124.572,1.35,100.0,85.1
1435,-14159.18,153.7343,1.33,100.0,85.2
1436,-14196.92,249.0957,1.38,100.0,85.2
1437,-14201.73,199.8097,1.4,100.0,85.2
1438,-14163.82,87.3169,1.44,98.7,85.3
1439,-14233.11,234.6584,1.51,100.0,85.3
1440,-14194.45,72.5755,1.37,100.0,85.4
1441,-14174.31,119.0294,1.33,100.0,85.5
1442,-14196.94,27.4943,1.27,100.0,85.5
1443,-14160.49,44.9042,1.34,100.0,85.5
1444,-14159.13,16.7686,1.41,97.7,85.5
1445,-14143.54,63.4024,1.33,100.0,85.5
1446,-14144.71,15.9998,1.43,100.0,85.5
1447,-14241.86,151.6809,1.35,100.0,85.8
1448,-14186.95,145.4536,1.24,100.0,85.7
1449,-14168.11,62.8044,1.37,100.0,85.8
1450,-14214.16,219.9638,1.38,100.0,85.7
1451,-14185.61,416.9915,1.32,100.0,85.6
1452,-14226.35,331.7965,1.43,100.0,85.6
1453,-14167.08,129.2134,1.3,100.0,85.3
1454,-14172.68,160.6279,1.34,100.0,85.4
1455,-14956.56,52649.9268,1.45,100.0,85.5
1456,-14180.58,61.2488,1.4,100.0,85.9
1457,-14160.49,120.5569,1.46,100.0,85.7
1458,-14165.48,82.6538,1.52,99.0,85.6
1459,-14213.65,293.2675,1.34,100.0,85.7
1460,-14214.99,356.4927,1.29,100.0,85.6
1461,-14164.73,130.3575,1.36,100.0,85.7
1462,-14164.37,48.6156,1.33,99.9,85.3
1463,-14162.02,32.203,1.35,100.0,85.5
1464,-14977.98,48347.8867,1.5,100.0,85.5
1465,-14999.52,43529.3584,1.42,100.0,85.3
1466,-14993.86,38356.3721,1.45,100.0,85.3
1467,-14980.11,32333.4863,1.46,100.0,85.5
1468,-14964.51,28473.7261,1.32,100.0,85.4
1469,-14153.1,15044.1868,1.36,100.0,85.5
1470,-14160.87,11088.5071,1.46,100.0,85.4
1471,-14156.69,7269.1293,1.37,100.0,85.5
1472,-14946.66,31280.7485,1.41,100.0,85.5
1473,-14989.44,31260.7681,1.48,100.0,85.5
1474,-14946.74,21964.2539,1.31,100.0,85.6
1475,-14927.26,18652.5566,1.38,100.0,85.6
1476,-14941.08,21885.4863,1.56,99.1,85.6
1477,-14978.78,13916.5945,1.45,100.0,85.6
1478,-14929.26,13848.4473,1.43,100.0,85.6
1479,-14920.1,13119.3198,1.51,99.5,85.6
1480,-14978.34,9737.0681,1.49,100.0,85.7
1481,-14947.91,8018.0192,1.39,100.0,85.7
1482,-14167.22,33590.4004,1.34,100.0,85.8
1483,-14152.95,24967.0317,1.36,100.0,85.8
1484,-14149.52,18442.4961,1.36,100.0,85.8
1485,-14215.48,16607.7607,1.47,99.4,85.9
1486,-14213.55,13454.8857,1.35,100.0,85.8
1487,-14183.28,8901.1716,1.3,100.0,85.8
1488,-14177.88,5414.5665,1.33,100.0,85.9
1489,-14157.2,3881.4769,1.38,100.0,85.9
1490,-14183.28,3367.038,1.44,100.0,86.0
1491,-14156.88,1929.5975,1.49,88.9,86.0
1492,-14150.27,1332.6358,1.34,100.0,86.1
1493,-14151.81,1042.4532,1.33,100.0,86.1
1494,-14183.44,999.2854,1.34,100.0,86.2
1495,-14165.71,948.2757,1.3,100.0,86.1
1496,-14152.65,660.5861,1.38,100.0,85.8
1497,-14145.88,576.1012,1.47,97.2,86.0
1498,-14140.46,452.8789,1.32,100.0,86.1
1499,-14174.06,590.7635,1.34,100.0,86.2
1500,-14158.22,336.1969,1.32,100.0,86.1
1501,-14187.09,404.1328,1.37,100.0,86.2
1502,-14158.22,260.9481,1.37,100.0,86.2
1503,-14122.76,243.09,1.37,100.0,86.3
1504,-14122.13,274.8983,1.31,100.0,86.4
1505,-14131.25,175.7047,1.33,100.0,86.4
1506,-14935.89,37320.7129,1.36,100.0,86.5
1507,-14177.82,548.7242,1.41,100.0,86.5
1508,-14133.4,374.8099,1.51,94.5,86.5
1509,-14179.72,1586.9518,1.5,99.8,86.8
1510,-14153.15,714.3591,1.38,100.0,86.8
1511,-14158.22,406.6964,1.36,100.0,86.9
1512,-14165.71,200.6452,1.26,100.0,86.8
1513,-14156.92,84.727,1.35,100.0,86.8
1514,-14156.67,94.6748,1.37,100.0,86.8
1515,-14171.16,168.3138,1.31,100.0,86.8
1516,-14171.16,70.7058,1.43,100.0,86.8
1517,-14157.38,234.718,1.37,100.0,86.9
1518,-14152.99,126.7916,1.29,100.0,86.7
1519,-14152.32,123.9034,1.4,100.0,86.8
1520,-14158.73,458.7338,1.43,99.8,87.2
1521,-14139.45,168.9879,1.37,100.0,87.2
1522,-14136.18,201.8413,1.31,100.0,87.2
1523,-14158.73,185.8948,1.28,99.4,87.2
1524,-14900.18,36123.3994,1.36,100.0,87.2
1525,-14167.12,1028.4586,1.42,98.5,87.4
1526,-14896.84,30936.939,1.49,100.0,87.4
1527,-14929.56,28831.312,1.46,100.0,87.4
1528,-14907.42,26160.3325,1.52,99.4,87.2
1529,-14929.33,24197.0933,1.58,95.1,87.0
1530,-14833.18,19465.835,1.36,100.0,86.9
1531,-14844.56,17148.0249,1.37,100.0,87.0
1532,-14855.05,15757.0933,1.35,100.0,87.1
1533,-14830.21,13511.1924,1.38,100.0,87.2
1534,-14859.05,10043.9309,1.45,96.1,87.1
1535,-14866.81,11912.5964,1.39,98.5,87.1
1536,-14837.7,8393.4216,1.35,100.0,87.1
1537,-14878.62,7568.0511,1.39,100.0,87.2
1538,-14883.61,5898.8698,1.37,100.0,87.3
1539,-14877.77,4426.6776,1.44,100.0,87.3
1540,-14880.25,3574.8123,1.51,84.0,87.3
1541,-14888.04,3884.986,1.5,98.4,87.3
1542,-14908.54,3216.5137,1.4,100.0,87.4
1543,-14882.2,2759.3918,1.49,100.0,87.3
1544,-14890.99,3061.5878,1.44,100.0,87.4
1545,-14917.01,2900.855,1.3,100.0,87.4
1546,-14884.25,3920.4556,1.39,100.0,87.4
1547,-14888.04,3101.7217,1.41,100.0,87.6
1548,-14938.26,2611.0009,1.39,100.0,87.4
1549,-14928.48,1946.1311,1.54,100.0,87.2
1550,-14908.54,1569.5306,1.54,98.7,87.1
1551,-14899.72,4654.0128,1.36,100.0,87.2
1552,-14913.88,3120.3627,1.39,100.0,87.2
1553,-14913.88,2108.8757,1.36,100.0,87.4
1554,-14927.0,847.2775,1.37,100.0,87.3
1555,-14896.01,1357.9576,1.49,98.6,87.4
1556,-14868.21,873.7924,1.55,98.5,87.5
1557,-14957.37,1580.3177,1.34,100.0,87.4
1558,-14927.0,875.3474,1.41,100.0,87.4
1559,-14919.34,2279.7141,1.45,100.0,87.3
1560,-14896.0,2019.0472,1.31,100.0,86.4
1561,-14883.4,829.8655,1.36,100.0,86.4
1562,-14887.98,2273.3307,1.4,100.0,86.5
1563,-14866.56,1838.7312,1.37,100.0,86.6
1564,-14887.98,734.6223,1.41,100.0,86.7
1565,-14860.72,862.2497,1.42,100.0,86.7
1566,-14870.72,531.287,1.33,100.0,86.7
1567,-14838.08,716.3295,1.38,100.0,86.7
1568,-14874.75,908.673,1.43,100.0,86.8
1569,-14887.98,436.5667,1.38,100.0,86.7
1570,-14879.35,396.5765,1.43,100.0,86.7
1571,-14871.35,2132.188,1.49,97.9,86.9
1572,-14869.21,723.1695,1.32,100.0,86.8
1573,-14903.18,434.9915,1.36,100.0,86.9
1574,-14858.57,961.1868,1.38,100.0,87.0
1575,-14879.27,526.9022,1.38,100.0,86.8
1576,-14817.96,440.3189,1.46,96.6,87.0
1577,-14840.86,191.1967,1.47,92.7,87.1
1578,-14848.29,1008.8467,1.37,100.0,87.2
1579,-14890.37,287.9758,1.42,100.0,87.1
1580,-14812.67,431.9883,1.42,100.0,87.1
1581,-14822.6,247.141,1.34,100.0,87.0
1582,-14898.56,198.9923,1.43,98.3,87.2
1583,-14837.19,525.969,1.4,100.0,87.1
1584,-14840.86,228.9224,1.35,100.0,87.2
1585,-14859.03,174.7715,1.41,100.0,87.3
1586,-14865.22,106.9698,1.31,100.0,87.2
1587,-14853.13,233.6672,1.35,100.0,87.2
1588,-14834.41,116.3189,1.5,93.0,87.3
1589,-14834.94,263.1338,1.42,100.0,87.1
1590,-14834.56,212.6009,1.37,100.0,86.9
1591,-14812.67,258.3609,1.45,100.0,87.1
1592,-14855.02,574.7464,1.46,98.2,87.1
1593,-14840.29,152.0917,1.31,100.0,87.0
1594,-14839.29,254.7977,1.37,100.0,87.0
1595,-14834.41,117.9073,1.39,100.0,87.1
1596,-14822.54,80.2574,1.36,100.0,87.1
1597,-14812.1,60.8225,1.5,98.7,87.4
1598,-14853.13,162.5118,1.5,100.0,87.3
1599,-14841.87,142.5437,1.35,100.0,87.3
1600,-14824.77,74.5586,1.35,100.0,87.2
1601,-14826.21,20.5974,1.4,100.0,87.2
1602,-14805.56,61.7619,1.37,100.0,87.3
1603,-14828.32,67.0358,1.49,97.9,87.5
1604,-14832.71,522.7483,1.43,100.0,87.5
1605,-14850.37,204.645,1.37,100.0,87.5
1606,-14873.57,192.3526,1.36,100.0,87.6
1607,-14821.52,97.8075,1.31,99.0,87.5
1608,-14816.35,687.5997,1.35,100.0,87.7
1609,-14813.27,329.9847,1.47,94.4,87.7
1610,-14809.11,146.1733,1.46,100.0,87.7
1611,-14816.56,143.8497,1.42,100.0,87.7
1612,-14811.88,107.1784,1.41,100.0,87.7
1613,-14825.51,757.7649,1.36,100.0,87.8
1614,-14832.21,533.6512,1.33,100.0,87.7
1615,-14832.71,371.1994,1.38,100.0,87.8
1616,-14850.37,210.525,1.33,100.0,87.8
1617,-14832.71,53.86,1.38,100.0,87.9
1618,-14842.49,279.629,1.42,100.0,87.9
1619,-14820.82,739.6656,1.3,100.0,88.0
1620,-14801.56,542.078,1.37,100.0,88.1
1621,-14855.09,951.875,1.43,100.0,88.0
1622,-14836.75,619.6774,1.38,100.0,88.0
1623,-14815.9,290.3145,1.48,100.0,88.1
1624,-14785.07,256.0413,1.53,92.3,88.1
1625,-14823.79,408.533,1.35,99.6,87.5
1626,-14810.91,139.5588,1.39,100.0,87.4
1627,-14836.12,216.543,1.43,100.0,87.4
1628,-14815.63,52.1655,1.48,100.0,87.5
1629,-14859.83,131.9605,1.46,100.0,87.5
1630,-14847.89,347.3974,1.56,100.0,87.8
1631,-14872.53,110.975,1.57,99.5,87.8
1632,-14814.93,308.4415,1.34,100.0,87.9
1633,-14785.01,434.314,1.34,100.0,87.9
1634,-14836.75,252.0291,1.36,100.0,88.0
1635,-14797.95,139.9928,1.4,100.0,88.1
1636,-14852.93,209.518,1.57,93.1,88.2
1637,-14901.36,507.2268,1.55,99.7,88.1
1638,-14823.79,173.1302,1.37,100.0,88.2
1639,-14906.69,461.1531,1.46,100.0,88.2
1640,-14827.62,164.2859,1.37,100.0,88.3
1641,-14811.46,123.182,1.32,100.0,88.3
1642,-14842.25,297.2842,1.44,100.0,88.3
1643,-14893.94,315.7436,1.47,100.0,88.3
1644,-14862.63,296.1397,1.36,100.0,88.2
1645,-14831.26,524.551,1.36,100.0,88.3
1646,-14895.3,811.685,1.32,100.0,88.4
1647,-14835.05,1263.1777,1.39,100.0,88.4
1648,-14816.59,167.611,1.56,95.8,88.3
1649,-14824.34,160.5021,1.38,100.0,88.5
1650,-14795.28,114.7046,1.51,100.0,88.2
1651,-14824.15,468.6346,1.42,99.7,88.6
1652,-14826.58,108.3679,1.33,100.0,88.6
1653,-14793.39,169.7206,1.36,100.0,88.7
1654,-14799.91,168.5895,1.43,100.0,88.6
1655,-14819.35,236.4058,1.36,100.0,88.6
1656,-14812.97,102.0785,1.41,100.0,88.6
1657,-14811.62,694.7825,1.41,100.0,88.4
1658,-14801.68,109.8464,1.32,100.0,88.4
1659,-14784.28,50.8979,1.41,100.0,88.2
1660,-14784.28,44.8701,1.43,100.0,88.3
1661,-14780.73,45.9657,1.43,100.0,88.3
1662,-14794.21,146.1828,1.6,98.6,88.4
1663,-14822.57,81.71,1.5,94.3,88.4
1664,-14805.44,258.0142,1.37,100.0,88.4
1665,-14776.23,390.3834,1.4,100.0,88.4
1666,-14829.67,871.5573,1.36,100.0,88.4
1667,-14791.3,181.9148,1.33,100.0,88.4
1668,-14775.53,112.0469,1.47,95.6,88.5
1669,-14796.62,363.3491,1.51,99.2,88.5
1670,-14771.15,72.0783,1.38,100.0,88.6
1671,-14821.93,92.1681,1.52,100.0,88.6
1672,-14784.3,49.4082,1.44,100.0,88.6
1673,-14799.02,342.9064,1.32,100.0,88.4
1674,-14808.19,161.5532,1.44,100.0,88.5
1675,-14779.62,207.7615,1.45,100.0,88.6
1676,-14770.11,217.0284,1.37,100.0,88.6
1677,-14820.02,641.1182,1.46,100.0,88.7
1678,-14791.3,102.4384,1.36,100.0,88.6
1679,-14804.79,65.2432,1.28,100.0,88.6
1680,-14819.06,313.8899,1.4,100.0,88.7
1681,-14832.18,68.0074,1.44,100.0,88.8
1682,-14849.63,184.4688,1.38,100.0,88.8
1683,-14821.55,311.5378,1.54,98.2,88.8
1684,-14779.62,240.4197,1.53,98.0,88.9
1685,-14791.64,242.1521,1.34,100.0,88.9
1686,-14819.78,229.0069,1.52,100.0,89.5
1687,-14766.42,67.1033,1.42,100.0,89.5
1688,-14790.71,93.0904,1.36,100.0,89.5
1689,-14771.76,286.469,1.52,100.0,89.4
1690,-14790.71,54.1694,1.41,99.0,88.4
1691,-14789.57,69.4327,1.35,100.0,88.5
1692,-14779.62,35.9238,1.44,100.0,88.4
1693,-14820.02,157.8624,1.43,100.0,88.6
1694,-14806.52,170.1052,1.36,100.0,88.5
1695,-14769.44,194.842,1.46,100.0,88.3
1696,-14804.79,143.1584,1.58,99.2,88.2
1697,-14862.28,380.9978,1.36,100.0,88.2
1698,-14766.42,350.7726,1.47,100.0,88.2
1699,-14780.09,287.7578,1.39,100.0,88.2
1700,-14766.42,96.1787,1.31,100.0,88.2
1701,-14784.03,66.9948,1.4,100.0,88.3
1702,-14765.99,55.79,1.41,100.0,88.4
1703,-14782.21,136.832,1.37,100.0,88.4
1704,-14806.86,70.5963,1.55,99.8,88.4
1705,-14839.89,143.6973,1.48,99.8,88.3
1706,-14869.69,682.6357,1.35,100.0,88.2
1707,-14861.34,305.9257,1.42,100.0,88.1
1708,-14821.57,87.2397,1.42,100.0,88.2
1709,-14821.89,246.3437,1.39,100.0,88.3
1710,-14769.44,283.45,1.52,99.5,88.2
1711,-14782.21,160.4641,1.54,92.0,88.0
1712,-14794.13,109.045,1.37,100.0,88.1
1713,-14776.74,116.1628,1.44,100.0,88.1
1714,-14793.31,294.9925,1.34,100.0,88.1
1715,-14780.54,74.079,1.33,100.0,88.0
1716,-14762.78,130.8155,1.47,97.3,88.0
1717,-14793.8,238.757,1.54,97.6,87.9
1718,-14819.31,302.8933,1.39,100.0,88.0
1719,-14773.64,364.4023,1.45,100.0,88.1
1720,-14790.83,194.2724,1.43,100.0,88.2
1721,-14782.21,235.9772,1.3,100.0,88.4
1722,-14872.29,665.6219,1.42,100.0,88.2
1723,-14755.51,756.9811,1.41,100.0,87.8
1724,-14806.86,221.2237,1.36,100.0,87.9
1725,-14794.13,64.7836,1.4,100.0,87.9
1726,-14782.21,171.6262,1.43,100.0,87.9
1727,-14795.93,65.3123,1.33,99.1,87.8
1728,-14783.02,260.8468,1.35,100.0,87.7
1729,-14832.41,211.0325,1.39,99.9,87.6
1730,-14780.19,40.8169,1.39,100.0,87.7
1731,-14862.39,518.5062,1.42,100.0,87.7
1732,-14884.52,242.8872,1.47,98.1,87.9
1733,-14790.01,443.272,1.34,100.0,87.8
1734,-14885.6,74.2236,1.36,100.0,87.8
1735,-14824.82,456.4714,1.35,100.0,87.8
1736,-14807.55,550.9841,1.37,100.0,87.8
1737,-14873.51,336.0312,1.45,97.5,87.9
1738,-14814.08,119.352,1.5,100.0,87.9
1739,-14809.94,120.7775,1.4,100.0,87.9
1740,-14808.77,78.2098,1.48,100.0,88.0
1741,-14808.77,33.0031,1.36,100.0,87.9
1742,-14809.94,13.0929,1.34,100.0,87.8
1743,-14816.79,50.3076,1.47,99.9,88.0
1744,-14776.98,80.3565,1.48,100.0,88.1
1745,-14827.98,167.6768,1.41,100.0,88.1
1746,-14847.48,202.0047,1.51,100.0,88.2
1747,-14784.03,226.8262,1.49,99.7,88.2
1748,-14753.63,203.9186,1.33,100.0,88.1
1749,-14823.59,926.9095,1.35,100.0,88.2
1750,-14900.67,472.5816,1.42,100.0,88.3
1751,-14879.66,237.3641,1.39,100.0,88.2
1752,-14830.58,206.1297,1.56,97.0,88.3
1753,-14979.04,995.3908,1.52,96.5,88.4
1754,-14964.57,331.0079,1.36,100.0,88.4
1755,-14922.57,208.7367,1.45,100.0,88.3
1756,-14917.29,227.3335,1.32,100.0,88.4
1757,-14895.87,276.9612,1.34,100.0,88.4
1758,-14856.94,206.4052,1.54,97.5,88.5
1759,-14828.88,164.942,1.47,99.1,88.6
1760,-14805.88,65.3686,1.37,100.0,88.6
1761,-14809.75,137.7794,1.42,100.0,88.6
1762,-14783.49,64.16,1.33,100.0,88.5
1763,-14837.74,194.4175,1.29,99.7,88.5
1764,-14809.75,42.4228,1.54,93.9,88.7
1765,-14877.01,501.9022,1.47,100.0,88.7
1766,-14877.27,231.296,1.39,100.0,88.8
1767,-14848.79,368.7201,1.53,100.0,88.8
1768,-14830.05,273.3835,1.51,95.9,88.8
1769,-14775.07,203.2396,1.34,100.0,88.8
1770,-14808.73,191.7119,1.36,100.0,88.9
1771,-14813.81,275.1636,1.46,100.0,88.8
1772,-14821.18,54.3331,1.4,100.0,88.8
1773,-14765.44,109.4783,1.43,99.3,88.8
1774,-14801.61,433.7339,1.43,97.8,88.9
1775,-14790.69,113.893,1.34,100.0,88.9
1776,-14832.91,188.9956,1.37,100.0,89.0
1777,-14830.49,274.8106,1.38,100.0,89.0
1778,-14824.59,131.7476,1.45,100.0,89.0
1779,-14802.33,63.4759,1.5,85.5,89.0
1780,-14801.7,834.6953,1.5,92.2,89.0
1781,-14809.47,90.2759,1.38,100.0,89.1
1782,-14856.92,362.2642,1.47,100.0,89.1
1783,-14780.18,402.3573,1.36,100.0,89.1
1784,-14845.2,176.059,1.34,100.0,89.1
1785,-14829.79,452.4477,1.42,99.1,89.2
1786,-14878.68,362.684,1.4,99.5,89.2
1787,-14791.71,95.1451,1.38,100.0,89.2
1788,-14879.93,172.5758,1.5,100.0,89.4
1789,-14809.75,300.0982,1.53,99.2,89.4
1790,-14805.58,355.8604,1.36,100.0,89.3
1791,-14822.57,293.1309,1.41,100.0,89.4
1792,-14821.18,112.3045,1.5,100.0,89.5
1793,-14764.61,126.7527,1.39,100.0,89.6
1794,-14801.7,69.2342,1.49,100.0,89.7
1795,-14806.65,118.4654,1.54,91.9,89.2
1796,-14780.18,62.9624,1.49,100.0,89.1
1797,-14789.6,18.2372,1.51,100.0,89.1
1798,-14866.57,240.3507,1.37,100.0,89.1
1799,-14830.49,472.0051,1.31,100.0,89.2
1800,-14802.2,105.1433,1.35,100.0,89.3
1801,-14809.75,66.7902,1.42,100.0,88.9
1802,-14793.92,73.0207,1.4,100.0,88.8
1803,-14878.93,453.5697,1.51,100.0,88.9
1804,-14802.45,298.0228,1.52,99.8,88.7
1805,-14774.41,358.3098,1.42,100.0,88.7
1806,-14794.57,170.2671,1.35,100.0,88.7
1807,-14833.75,91.3126,1.4,100.0,88.8
1808,-14795.56,239.7132,1.45,100.0,88.7
1809,-14867.62,248.9431,1.43,100.0,88.5
1810,-14816.63,95.8172,1.57,98.6,88.0
1811,-14819.45,105.0419,1.53,98.2,86.7
1812,-14818.15,473.7702,1.42,100.0,86.4
1813,-14833.75,417.8806,1.46,100.0,86.4
1814,-14799.98,189.1011,1.43,100.0,86.4
1815,-14783.49,61.1359,1.3,100.0,86.2
1816,-14804.39,148.4749,1.41,99.7,85.9
1817,-14794.91,38.162,1.43,100.0,86.0
1818,-14779.97,120.3622,1.42,100.0,85.3
1819,-14810.09,177.1189,1.5,100.0,85.2
1820,-14790.27,1849.0736,1.49,97.3,85.2
1821,-14794.91,77.263,1.35,100.0,85.2
1822,-14785.55,61.6101,1.38,100.0,85.3
1823,-14789.37,147.3691,1.39,100.0,85.4
1824,-14791.34,270.2862,1.39,100.0,85.5
1825,-14782.83,93.989,1.5,99.4,85.5
1826,-14785.72,749.3626,1.54,96.8,85.4
1827,-14839.72,534.1664,1.37,100.0,85.4
1828,-14839.72,250.1951,1.47,100.0,85.5
1829,-14858.75,138.8936,1.46,100.0,85.5
1830,-14837.3,343.5294,1.27,98.6,85.6
1831,-14791.15,197.0203,1.45,99.8,85.6
1832,-14841.09,140.4318,1.44,97.9,84.8
1833,-14785.72,354.881,1.35,100.0,84.7
1834,-14791.15,131.0277,1.4,100.0,84.8
1835,-14796.82,108.33,1.38,100.0,84.9
1836,-14849.42,989.5261,1.31,100.0,84.9
1837,-14818.15,175.9246,1.4,100.0,85.0
1838,-14810.41,205.4602,1.36,100.0,84.9
1839,-14839.47,418.1614,1.37,100.0,84.8
1840,-14840.52,99.9279,1.41,100.0,84.9
1841,-14818.13,375.3819,1.41,100.0,85.0
1842,-14807.82,113.5124,1.36,100.0,85.1
1843,-14822.94,299.5629,1.4,100.0,85.3
1844,-14799.18,134.7208,1.45,100.0,85.2
1845,-14799.18,73.0684,1.45,100.0,85.2
1846,-14799.18,40.6104,1.42,100.0,85.2
1847,-14817.44,231.2179,1.51,98.6,85.5
1848,-14794.83,408.883,1.35,100.0,85.6
1849,-14795.28,464.3605,1.36,100.0,85.7
1850,-14805.17,230.0593,1.33,100.0,85.7
1851,-14821.65,276.6848,1.32,100.0,85.1
1852,-14807.35,479.7498,1.43,100.0,85.2
1853,-14795.5,69.007,1.43,99.2,85.3
1854,-14805.25,184.5674,1.38,100.0,85.2
1855,-14821.54,75.8205,1.45,100.0,85.3
1856,-14818.05,74.4341,1.37,100.0,85.3
1857,-14833.44,202.7261,1.35,100.0,85.2
1858,-14805.32,30.8961,1.5,100.0,85.4
1859,-14795.5,17.5937,1.5,96.2,85.6
1860,-14795.5,10.973,1.38,100.0,85.6
1861,-14825.2,172.9508,1.46,100.0,85.7
1862,-14802.49,164.82,1.41,99.5,85.6
1863,-14828.09,291.838,1.3,100.0,85.6
1864,-14813.15,1159.073,1.4,100.0,85.7
1865,-14789.37,249.4306,1.43,100.0,85.8
1866,-14828.35,482.0104,1.41,100.0,85.8
1867,-14783.49,256.2134,1.5,100.0,85.7
1868,-14813.7,151.896,1.54,96.0,85.7
1869,-14817.26,123.772,1.37,100.0,85.7
1870,-14800.33,204.218,1.35,100.0,85.8
1871,-14785.72,56.0785,1.36,100.0,85.8
1872,-14809.87,143.3064,1.37,100.0,85.8
1873,-14792.93,37.3405,1.43,96.5,85.6
1874,-14818.13,89.1523,1.5,98.1,85.6
1875,-14814.4,169.1001,1.36,100.0,85.7
1876,-14797.17,375.45,1.5,100.0,85.6
1877,-14792.1,120.6721,1.4,100.0,85.7
1878,-14793.57,100.97,1.36,100.0,85.7
1879,-14785.99,159.9607,1.46,100.0,85.7
1880,-14792.96,223.5072,1.47,98.4,85.8
1881,-14814.74,1070.1388,1.39,100.0,85.7
1882,-14801.54,382.6208,1.47,100.0,85.7
1883,-14796.84,265.9589,1.49,100.0,85.8
1884,-14783.35,169.0188,1.31,100.0,85.8
1885,-14787.57,173.3676,1.39,100.0,85.8
1886,-14779.25,118.2805,1.44,100.0,85.8
1887,-14779.9,61.9388,1.38,100.0,85.8
1888,-14789.27,1348.332,1.49,99.1,85.8
1889,-14833.37,499.2173,1.5,95.8,85.9
1890,-14805.32,243.4344,1.33,100.0,85.9
1891,-14805.36,142.6161,1.4,100.0,85.9
1892,-14793.52,326.9472,1.4,100.0,86.0
1893,-14825.39,475.8253,1.38,100.0,86.0
1894,-14820.57,111.2828,1.45,98.3,86.2
1895,-14779.31,170.4965,1.41,97.7,86.1
1896,-14795.37,65.8887,1.38,100.0,86.2
1897,-14884.21,478.6186,1.41,100.0,86.3
1898,-14789.16,580.7831,1.36,100.0,86.2
1899,-14808.78,127.9713,1.42,100.0,86.3
1900,-14852.13,201.2051,1.48,97.8,86.3
1901,-14863.45,85.979,1.47,98.9,86.2
1902,-14801.09,239.2359,1.4,100.0,86.2
1903,-14805.32,257.5688,1.49,100.0,86.3
1904,-14825.14,64.0429,1.44,99.8,86.3
1905,-14919.33,422.7067,1.31,100.0,86.3
1906,-14820.52,127.2152,1.36,100.0,86.2
1907,-14827.85,64.4199,1.49,100.0,86.3
1908,-14858.69,127.3178,1.35,100.0,86.3
1909,-14917.01,221.0813,1.47,100.0,86.3
1910,-14814.2,262.5142,1.43,97.5,86.3
1911,-14919.71,107.17,1.35,100.0,86.4
1912,-14858.2,119.3042,1.47,100.0,86.3
1913,-14851.96,50.7144,1.5,96.0,85.6
1914,-14863.31,84.5762,1.35,100.0,85.7
1915,-14840.5,193.4959,1.47,100.0,85.7
1916,-14820.52,196.7819,1.56,99.1,85.7
1917,-14871.3,373.7103,1.33,100.0,85.8
1918,-14821.22,58.3998,1.35,100.0,85.8
1919,-14820.52,55.4095,1.41,100.0,85.8
1920,-14834.35,60.8106,1.34,100.0,85.8
1921,-14780.23,185.8819,1.44,99.7,85.9
1922,-14771.54,59.7628,1.57,97.1,86.2
1923,-14822.36,176.2302,1.37,99.9,86.0
1924,-14828.56,98.4006,1.43,100.0,86.0
1925,-14807.56,107.121,1.42,100.0,86.0
1926,-14806.72,69.9351,1.3,100.0,86.0
1927,-14796.66,37.0519,1.46,100.0,86.0
1928,-14851.66,195.6708,1.48,98.5,86.1
1929,-14851.44,139.3561,1.42,100.0,86.1
1930,-14833.12,90.9297,1.39,100.0,85.5
1931,-14880.44,502.1984,1.4,100.0,85.5
1932,-14791.95,293.74,1.28,100.0,85.6
1933,-14841.05,57.318,1.45,100.0,85.7
1934,-14828.74,82.2771,1.48,89.7,85.8
1935,-14781.35,77.0669,1.43,100.0,85.7
1936,-14796.72,90.5779,1.48,100.0,85.8
1937,-14796.23,38.3795,1.55,98.5,85.7
1938,-14793.95,17.9889,1.46,100.0,85.8
1939,-14768.67,53.2046,1.33,100.0,85.8
1940,-14784.03,204.3331,1.36,100.0,85.9
1941,-14809.62,73.5093,1.34,100.0,85.9
1942,-14807.25,116.9865,1.47,100.0,85.8
1943,-14765.24,138.6727,1.55,93.4,86.0
1944,-14806.08,73.3094,1.46,100.0,86.0
1945,-14770.93,227.9624,1.39,100.0,86.0
1946,-14797.88,46.1021,1.46,100.0,86.1
1947,-14796.66,28.6256,1.39,100.0,86.1
1948,-14774.86,41.2474,1.36,100.0,86.1
1949,-14771.72,18.6091,1.43,100.0,86.3
1950,-14798.81,93.1223,1.43,100.0,86.3
1951,-14772.18,43.2939,1.39,100.0,86.2
1952,-14772.18,23.4684,1.47,100.0,86.2
1953,-14778.73,31.9345,1.3,100.0,86.3
1954,-14783.8,157.9764,1.33,100.0,86.3
1955,-14766.71,138.5343,1.49,97.9,86.4
1956,-14740.9,278.9636,1.5,99.9,86.6
1957,-14753.63,165.9726,1.44,100.0,86.4
1958,-14764.99,96.5766,1.51,98.0,86.4
1959,-14771.86,60.5668,1.52,98.9,86.4
1960,-14751.99,131.9431,1.37,100.0,86.4
1961,-14765.83,185.0871,1.37,100.0,86.4
1962,-14804.17,105.3414,1.42,100.0,86.5
1963,-14772.07,123.5616,1.38,100.0,86.5
1964,-14731.13,128.066,1.49,95.9,86.6
1965,-14743.98,262.1884,1.44,99.3,86.6
1966,-14792.89,276.7588,1.34,100.0,86.5
1967,-14720.75,407.1809,1.38,100.0,86.5
1968,-14740.8,147.1888,1.36,100.0,86.6
1969,-14754.9,297.2947,1.4,100.0,86.5
1970,-14785.65,239.5354,1.5,88.6,86.7
1971,-14740.9,193.3909,1.48,99.0,86.7
1972,-14767.21,82.4067,1.39,100.0,86.7
1973,-14794.14,101.6007,1.47,100.0,86.8
1974,-14764.3,115.1605,1.42,100.0,87.0
1975,-14767.0,56.2562,1.37,100.0,86.9
1976,-14768.79,128.6771,1.46,100.0,87.1
1977,-14742.54,63.1147,1.48,100.0,87.0
1978,-14768.79,26.8836,1.4,100.0,87.0
1979,-14768.17,69.9781,1.47,100.0,87.0
1980,-14774.31,189.1865,1.5,100.0,87.2
1981,-14758.41,115.8551,1.34,100.0,87.1
1982,-14751.61,130.3356,1.36,100.0,87.2
1983,-14751.61,61.8301,1.39,100.0,87.3
1984,-14791.58,141.9809,1.38,100.0,87.2
1985,-14743.85,355.4871,1.48,98.7,87.4
1986,-14731.1,201.0358,1.52,91.2,87.2
1987,-14761.7,204.592,1.36,100.0,87.2
1988,-14763.18,162.8015,1.73,100.0,86.8
1989,-14745.53,252.5569,1.44,100.0,86.9
1990,-14736.04,145.6186,1.29,100.0,87.0
1991,-14741.66,140.9025,1.4,100.0,87.1
1992,-14739.23,111.9056,1.45,99.8,87.1
1993,-14754.9,53.4878,1.33,100.0,86.9
1994,-14737.32,74.8986,1.41,100.0,87.0
1995,-14766.22,224.0292,1.42,100.0,87.0
1996,-14744.38,81.9401,1.32,100.0,87.4
1997,-14741.66,24.4894,1.45,100.0,87.2
1998,-14732.44,41.5123,1.49,99.7,87.2
1999,-14755.35,208.7971,1.41,100.0,87.2
2000,-14709.15,49.4829,1.48,100.0,87.0
2001,-14720.39,43.1069,1.48,96.4,87.1
2002,-14729.72,109.0025,1.34,100.0,87.1
2003,-14728.42,66.902,1.38,100.0,87.1
2004,-14738.22,226.0109,1.39,100.0,87.1
2005,-14723.64,122.1084,1.35,100.0,87.1
2006,-14723.64,34.5763,1.4,99.7,87.1
2007,-14733.63,35.4574,1.43,97.3,87.2
2008,-14725.45,114.2531,1.37,100.0,87.2
2009,-14736.83,86.2221,1.41,100.0,87.1
2010,-14725.45,37.2682,1.39,100.0,87.2
2011,-14725.45,26.2611,1.36,100.0,87.2
2012,-14715.52,182.8956,1.51,98.5,87.3
2013,-14716.06,113.5079,1.45,97.9,87.3
2014,-14705.3,204.3617,1.38,100.0,87.3
2015,-14730.54,100.4981,1.51,100.0,87.3
2016,-14740.53,70.3803,1.45,99.4,87.4
2017,-14706.06,223.1887,1.3,100.0,87.3
2018,-14690.39,173.8165,1.41,100.0,87.4
2019,-14698.9,163.1866,1.53,100.0,87.5
2020,-14759.49,1311.8796,1.36,100.0,87.3
2021,-14712.44,198.9382,1.45,100.0,87.3
2022,-14700.38,382.0219,1.42,100.0,87.0
2023,-14686.74,149.2124,1.33,100.0,87.1
2024,-14701.94,623.3107,1.41,100.0,87.1
2025,-14695.06,82.2277,1.44,100.0,87.2
2026,-14708.8,53.9992,1.39,100.0,87.2
2027,-14713.26,54.1417,1.54,94.3,87.4
2028,-14692.69,224.1144,1.53,91.0,87.3
2029,-14703.45,216.7159,1.35,100.0,87.4
2030,-14727.45,199.2681,1.43,100.0,87.4
2031,-14686.74,707.4015,1.35,100.0,87.4
2032,-14696.25,158.5819,1.4,100.0,87.4
2033,-14693.21,84.2023,1.42,96.9,87.8
2034,-14690.47,56.1609,1.51,98.4,88.2
2035,-14703.45,56.5218,1.37,100.0,88.1
2036,-14703.45,23.3895,1.43,100.0,88.2
2037,-14675.83,183.6462,1.35,100.0,88.3
2038,-14754.19,517.7726,1.33,100.0,88.3
2039,-14702.48,64.6482,1.47,99.9,88.5
2040,-14738.31,58.2851,1.45,100.0,88.6
2041,-14679.2,215.5954,1.41,100.0,88.7
2042,-14696.25,170.138,1.47,100.0,88.5
2043,-14715.84,278.891,1.52,100.0,88.8
2044,-14692.69,245.8217,1.33,100.0,88.8
2045,-14715.84,54.8814,1.36,100.0,88.9
2046,-14706.06,17.049,1.39,100.0,88.9
2047,-14692.69,52.4532,1.39,100.0,88.7
2048,-14706.06,79.1233,1.47,96.3,88.5
2049,-14723.25,139.7934,1.49,93.6,88.2
2050,-14686.74,536.4381,1.36,100.0,88.4
2051,-14713.26,53.3088,1.39,100.0,88.4
2052,-14708.46,14.6863,1.34,100.0,88.1
2053,-14698.98,22.396,1.39,100.0,87.9
2054,-14698.43,189.1051,1.42,100.0,87.9
2055,-14688.91,102.2196,1.39,100.0,88.0
2056,-14695.3,105.1052,1.5,100.0,87.9
2057,-14695.59,151.9325,1.43,100.0,88.0
2058,-14702.63,95.7255,1.36,100.0,88.0
2059,-14717.88,250.0373,1.44,100.0,88.1
2060,-14702.29,295.3188,1.51,98.9,88.1
2061,-14698.38,115.8683,1.43,100.0,88.1
2062,-14693.11,34.5285,1.45,100.0,88.3
2063,-14692.02,45.6257,1.46,100.0,88.4
2064,-14682.01,65.812,1.36,100.0,88.5
2065,-14707.85,56.0404,1.37,100.0,88.5
2066,-14688.96,39.2897,1.44,100.0,88.5
2067,-14692.4,29.9047,1.37,100.0,88.5
2068,-14696.76,102.1538,1.45,100.0,88.6
2069,-14697.96,113.3922,1.65,99.1,89.0
2070,-14685.44,83.6743,1.41,100.0,89.1
2071,-14698.65,187.396,1.35,100.0,89.1
2072,-14685.44,70.8854,1.39,100.0,89.0
2073,-14725.14,491.7641,1.33,100.0,89.0
2074,-14679.84,120.6665,1.4,100.0,89.0
2075,-14713.62,101.7917,1.43,97.9,88.5
2076,-14729.05,171.0096,1.33,100.0,88.6
2077,-14695.92,186.4702,1.35,100.0,88.4
2078,-14724.54,43.4692,1.41,100.0,88.4
2079,-14724.54,25.3538,1.35,100.0,88.5
2080,-14686.02,235.39,1.48,100.0,88.6
2081,-14708.98,103.3373,1.59,92.1,88.4
2082,-14695.92,69.8865,1.38,100.0,88.4
2083,-14714.72,20.9807,1.41,100.0,88.4
2084,-14685.57,105.5795,1.37,100.0,88.2
2085,-14680.18,71.335,1.32,100.0,88.3
2086,-14698.72,88.1053,1.45,100.0,88.4
2087,-14698.72,37.5463,1.48,99.0,88.4
2088,-14709.12,141.0692,1.38,100.0,88.5
2089,-14665.39,73.6716,1.47,100.0,88.6
2090,-14709.12,100.7151,1.49,99.7,88.6
2091,-14692.4,104.1304,1.31,100.0,88.4
2092,-14676.53,102.4742,1.43,100.0,88.6
2093,-14694.79,77.4798,1.48,100.0,88.7
2094,-14670.0,133.0058,1.36,100.0,88.7
2095,-14723.01,49.1361,1.43,100.0,88.8
2096,-14749.95,174.2657,1.55,98.6,88.6
2097,-14727.63,41.5933,1.3,100.0,88.5
2098,-14691.7,38.713,1.38,100.0,88.5
2099,-14706.67,77.0863,1.45,100.0,88.7
2100,-14665.39,81.1722,1.42,100.0,88.6
2101,-14676.53,31.9675,1.51,100.0,88.7
2102,-14706.67,77.3205,1.53,93.7,88.7
2103,-14676.14,154.5621,1.36,100.0,88.8
2104,-14697.03,51.73,1.37,100.0,88.9
2105,-14745.88,108.1144,1.38,100.0,88.9
2106,-14676.6,385.5667,1.38,100.0,88.9
2107,-14697.09,103.1753,1.41,100.0,88.9
2108,-14723.95,168.8401,1.48,96.4,88.8
2109,-14718.3,171.7017,1.32,100.0,88.8
2110,-14688.96,97.3023,1.37,100.0,88.9
2111,-14688.96,52.3227,1.39,100.0,89.0
2112,-14676.6,11.878,1.43,100.0,89.1
2113,-14688.96,45.331,1.55,95.1,89.1
2114,-14670.09,47.2048,1.55,94.4,89.1
2115,-14694.63,54.5366,1.37,100.0,89.1
2116,-14693.27,52.6602,1.41,100.0,89.2
2117,-14704.28,163.2739,1.35,100.0,88.8
2118,-14790.57,455.1971,1.35,100.0,88.7
2119,-14726.44,311.3572,1.45,100.0,88.8
2120,-14713.42,180.5965,1.4,100.0,88.4
2121,-14717.86,149.7894,1.38,100.0,87.6
2122,-14691.3,48.287,1.54,100.0,87.7
2123,-14716.0,155.7523,1.45,100.0,87.8
2124,-14697.88,82.2807,1.34,100.0,87.8
2125,-14696.32,51.7356,1.44,100.0,87.8
2126,-14767.55,74.4874,1.48,100.0,88.1
2127,-14723.01,71.3473,1.4,100.0,87.9
2128,-14670.09,102.0587,1.49,100.0,88.2
2129,-14727.63,98.3999,1.54,97.6,88.5
2130,-14691.7,136.6023,1.32,100.0,88.6
2131,-14680.51,86.4577,1.41,100.0,88.5
2132,-14708.19,291.8931,1.41,100.0,88.5
2133,-14680.93,62.1779,1.35,100.0,88.5
2134,-14680.51,171.4537,1.47,100.0,88.6
2135,-14726.83,37.1905,1.49,99.0,88.6
2136,-14685.05,31.6361,1.37,100.0,88.7
2137,-14706.67,33.8072,1.43,100.0,88.8
2138,-14670.09,63.5376,1.39,100.0,88.8
2139,-14670.09,24.7753,1.35,100.0,88.8
2140,-14755.34,155.5609,1.49,99.8,88.9
2141,-14727.63,233.6596,1.46,100.0,89.0
2142,-14758.73,254.9962,1.41,100.0,89.0
2143,-14696.32,93.2986,1.43,100.0,89.1
2144,-14696.32,47.8338,1.37,100.0,89.1
2145,-14705.11,52.1745,1.33,100.0,89.0
2146,-14763.35,149.9287,1.44,99.3,89.2
2147,-14727.63,44.3965,1.48,100.0,89.3
2148,-14661.35,122.7661,1.43,100.0,89.2
2149,-14680.76,242.4003,1.51,100.0,89.2
2150,-14696.3,199.1163,1.5,99.5,89.2
2151,-14684.95,98.2888,1.33,100.0,89.2
2152,-14718.3,80.9107,1.39,100.0,89.3
2153,-14657.43,117.7818,1.45,100.0,88.6
2154,-14665.45,80.0561,1.41,100.0,88.7
2155,-14682.1,88.9945,1.44,99.1,88.3
2156,-14685.05,157.7103,1.33,100.0,88.3
2157,-14665.39,77.1714,1.36,100.0,88.2
2158,-14676.6,27.9491,1.4,100.0,88.2
2159,-14657.43,107.9366,1.38,100.0,88.3
2160,-14668.52,82.1674,1.48,100.0,87.9
2161,-14677.81,143.8782,1.5,86.5,86.0
2162,-14684.95,145.2799,1.47,99.9,85.1
2163,-14696.32,57.9938,1.42,100.0,85.2
2164,-14692.4,38.0096,1.51,100.0,85.0
2165,-14723.71,69.8485,1.36,100.0,85.0
2166,-14695.11,102.4884,1.38,100.0,85.1
2167,-14726.55,96.2437,1.46,97.9,84.0
2168,-14695.25,65.1918,1.41,100.0,84.1
2169,-14757.42,196.7283,1.43,100.0,83.9
2170,-14695.11,28.5375,1.46,100.0,83.1
2171,-14723.71,71.4804,1.35,100.0,82.6
2172,-14749.61,55.9791,1.37,100.0,82.8
2173,-14692.82,222.7273,1.43,100.0,82.8
2174,-14680.89,116.0641,1.44,100.0,82.8
2175,-14680.89,61.9938,1.38,100.0,82.9
2176,-14680.89,29.2296,1.39,100.0,82.8
2177,-14680.89,30.7066,1.46,100.0,82.8
2178,-14696.76,42.2048,1.39,100.0,82.9
2179,-14675.91,104.6685,1.48,100.0,82.9
2180,-14730.88,221.9381,1.43,99.6,82.9
2181,-14665.45,76.2324,1.38,100.0,82.9
2182,-14751.03,156.4982,1.45,100.0,82.8
2183,-14665.39,346.6918,1.43,99.8,82.9
2184,-14728.01,185.9763,1.3,100.0,82.9
2185,-14700.8,46.8248,1.42,100.0,82.9
2186,-14692.4,314.6197,1.4,100.0,83.0
2187,-14676.53,84.7817,1.42,100.0,82.8
2188,-14676.6,80.3815,1.52,99.6,83.0
2189,-14696.69,46.5808,1.48,99.5,83.1
2190,-14692.07,49.0137,1.36,100.0,83.0
2191,-14718.99,60.0647,1.37,100.0,83.1
2192,-14690.4,78.177,1.39,100.0,83.2
2193,-14714.92,75.578,1.4,100.0,83.1
2194,-14746.23,67.728,1.47,100.0,83.1
2195,-14718.86,53.906,1.58,98.3,82.9
2196,-14714.92,54.7461,1.33,100.0,82.9
2197,-14703.81,83.5987,1.35,100.0,82.8
2198,-14720.49,48.6907,1.35,100.0,82.8
2199,-14740.68,312.7487,1.35,100.0,82.6
2200,-14708.26,117.6899,1.5,100.0,82.7
2201,-14697.87,111.7809,1.52,94.4,82.8
2202,-14714.72,43.0773,1.35,100.0,82.9
2203,-14680.18,120.4392,1.38,100.0,82.9
2204,-14680.64,179.4595,1.38,100.0,82.8
2205,-14692.77,156.0679,1.32,100.0,82.8
2206,-14703.81,110.4177,1.42,100.0,82.8
2207,-14680.89,131.6283,1.41,100.0,82.9
2208,-14716.46,85.3147,1.37,100.0,83.0
2209,-14671.92,54.2692,1.44,100.0,83.0
2210,-14696.36,39.5524,1.42,100.0,82.9
2211,-14687.69,38.4979,1.34,100.0,82.8
2212,-14693.57,50.0633,1.47,100.0,82.9
2213,-14669.08,97.6553,1.51,97.8,83.0
2214,-14680.89,21.1943,1.36,100.0,83.1
2215,-14669.33,19.4958,1.51,100.0,83.1
2216,-14713.73,77.9033,1.52,99.3,83.2
2217,-14692.82,105.3914,1.31,100.0,83.2
2218,-14680.09,72.9272,1.37,100.0,83.1
2219,-14701.67,218.7508,1.4,100.0,83.3
2220,-14693.57,61.8738,1.34,100.0,83.3
2221,-14693.57,28.934,1.56,100.0,83.3
2222,-14680.89,15.8641,1.53,92.2,83.3
2223,-14680.89,5.5576,1.4,100.0,83.3
2224,-14692.49,13.8544,1.46,100.0,83.5
2225,-14692.82,26.0654,1.35,100.0,83.6
2226,-14669.33,39.3636,1.31,100.0,83.6
2227,-14692.82,28.5439,1.42,100.0,83.6
2228,-14705.7,37.3909,1.39,98.5,83.9
2229,-14692.82,29.148,1.34,100.0,83.9
2230,-14693.57,70.2921,1.36,100.0,83.9
2231,-14705.5,81.9108,1.37,100.0,83.9
2232,-14692.43,357.4936,1.35,100.0,83.9
2233,-14697.37,43.0759,1.54,100.0,84.0
2234,-14701.67,37.2164,1.49,92.9,84.2
2235,-14693.57,50.6534,1.39,100.0,84.2
2236,-14692.82,46.2279,1.45,100.0,84.3
2237,-14671.4,116.8848,1.42,100.0,84.4
2238,-14693.57,116.416,1.32,100.0,84.5
2239,-14701.67,124.2381,1.38,100.0,84.3
2240,-14682.14,56.3425,1.44,100.0,84.5
2241,-14705.7,165.119,1.32,100.0,84.2
2242,-14737.0,92.4836,1.47,100.0,84.3
2243,-14701.67,152.8837,1.52,98.9,84.3
2244,-14693.57,82.9757,1.45,100.0,84.4
2245,-14692.49,50.7371,1.48,100.0,84.4
2246,-14682.14,59.8979,1.5,100.0,84.5
2247,-14693.57,55.1854,1.42,98.3,84.4
2248,-14669.33,53.8458,1.34,100.0,84.4
2249,-14724.13,153.355,1.46,100.0,84.4
2250,-14693.57,84.7519,1.48,100.0,84.5
2251,-14705.7,38.8853,1.37,100.0,84.5
2252,-14699.95,86.3929,1.51,100.0,84.6
2253,-14682.01,90.4118,1.53,99.6,84.6
2254,-14680.42,68.2795,1.3,100.0,84.7
2255,-14692.49,101.7548,1.34,100.0,84.6
2256,-14693.57,73.318,1.49,100.0,84.5
2257,-14692.82,48.2016,1.36,100.0,84.5
2258,-14717.52,109.1172,1.5,99.8,84.6
2259,-14701.67,45.1611,1.53,92.9,84.9
2260,-14680.64,213.9521,1.38,100.0,85.1
2261,-14680.09,147.465,1.37,100.0,85.1
2262,-14705.7,232.9338,1.39,100.0,85.0
2263,-14692.82,38.718,1.34,100.0,85.0
2264,-14724.13,57.8225,1.44,100.0,84.9
2265,-14726.51,48.8607,1.46,97.9,84.5
2266,-14680.89,67.4933,1.46,99.9,84.6
2267,-14726.84,156.1915,1.39,100.0,84.6
2268,-14713.89,161.9236,1.35,100.0,84.5
2269,-14695.2,302.9591,1.3,100.0,84.6
2270,-14693.57,141.3789,1.43,100.0,84.6
2271,-14692.82,61.5219,1.5,98.3,84.4
2272,-14671.4,119.9455,1.44,100.0,84.5
2273,-14695.53,169.4594,1.43,100.0,84.5
2274,-14723.8,109.9584,1.54,100.0,84.5
2275,-14693.57,96.0321,1.46,96.7,84.5
2276,-14697.37,46.0653,1.32,100.0,84.5
2277,-14696.29,24.6658,1.39,100.0,84.5
2278,-14692.49,65.4401,1.46,100.0,84.6
2279,-14693.57,49.5658,1.38,100.0,84.6
2280,-14681.59,49.2008,1.46,100.0,84.6
2281,-14692.82,22.1167,1.36,100.0,84.7
2282,-14669.88,64.1677,1.32,100.0,84.6
2283,-14693.44,20.8755,1.41,100.0,84.6
2284,-14693.44,9.4497,1.43,100.0,84.6
2285,-14682.85,32.7218,1.41,100.0,84.7
2286,-14692.82,73.3448,1.54,98.5,84.3
2287,-14711.87,150.3856,1.55,96.5,84.5
2288,-14693.44,29.7079,1.34,100.0,84.5
2289,-14701.63,59.0568,1.4,100.0,84.4
2290,-14723.96,190.3611,1.47,100.0,84.4
2291,-14808.78,729.1041,1.37,100.0,84.3
2292,-14675.43,122.5076,1.46,100.0,84.5
2293,-14693.44,25.2735,1.39,100.0,84.6
2294,-14680.28,24.5128,1.34,100.0,84.6
2295,-14716.0,106.5488,1.36,100.0,84.6
2296,-14711.44,104.7139,1.34,100.0,84.6
2297,-14742.46,87.9761,1.38,100.0,84.7
2298,-14680.14,174.0711,1.48,99.2,84.7
2299,-14680.14,85.946,1.58,98.1,84.9
2300,-14680.28,38.5099,1.38,100.0,84.9
2301,-14680.56,83.9369,1.5,100.0,84.9
2302,-14664.27,44.9211,1.42,100.0,84.9
2303,-14700.91,424.6383,1.31,100.0,84.8
2304,-14692.54,127.5898,1.42,100.0,84.9
2305,-14692.4,57.2603,1.41,100.0,84.9
2306,-14665.39,64.7354,1.39,100.0,84.9
2307,-14687.69,14.9459,1.51,100.0,84.9
2308,-14696.32,37.5793,1.52,99.0,85.0
2309,-14749.61,86.9783,1.31,100.0,85.1
2310,-14750.65,195.7809,1.41,100.0,85.1
2311,-14687.69,95.0795,1.45,100.0,85.2
2312,-14680.89,123.1436,1.37,100.0,85.2
2313,-14692.4,34.5626,1.49,100.0,85.1
2314,-14692.4,23.7996,1.58,98.9,85.2
2315,-14698.93,61.308,1.4,100.0,85.3
2316,-14692.4,20.4749,1.34,100.0,85.3
2317,-14717.63,33.5638,1.39,100.0,85.5
2318,-14822.94,554.9945,1.37,100.0,85.3
2319,-14718.3,138.5235,1.49,100.0,85.3
2320,-14709.17,85.4278,1.52,91.3,85.5
2321,-14718.59,68.1592,1.41,100.0,85.6
2322,-14697.04,12.0457,1.43,100.0,85.7
2323,-14749.9,143.8645,1.38,100.0,85.7
2324,-14749.9,54.2584,1.35,100.0,85.6
2325,-14805.68,166.7685,1.41,100.0,85.5
2326,-14838.69,177.8403,1.43,97.6,85.6
2327,-14718.3,467.4019,1.35,100.0,85.7
2328,-14718.3,335.3515,1.36,100.0,85.8
2329,-14802.68,418.4079,1.35,100.0,85.8
2330,-14764.07,128.8483,1.36,100.0,85.8
2331,-14697.04,79.3557,1.45,100.0,85.8
2332,-14768.37,441.5835,1.6,90.5,85.9
2333,-14728.35,32.7496,1.41,100.0,86.0
2334,-14714.72,137.6741,1.47,100.0,86.1
2335,-14697.04,44.8512,1.39,100.0,86.0
2336,-14718.59,86.638,1.32,100.0,86.0
2337,-14752.61,88.0245,1.43,100.0,86.0
2338,-14697.04,213.1192,1.41,100.0,86.1
2339,-14772.14,216.1491,1.35,100.0,86.1
2340,-14697.04,47.9924,1.44,100.0,86.2
2341,-14718.59,83.5899,1.55,100.0,86.2
2342,-14718.59,22.9846,1.36,100.0,86.2
2343,-14718.3,18.4243,1.4,100.0,86.2
2344,-14693.05,35.6356,1.5,100.0,86.3
2345,-14707.36,12.6898,1.47,100.0,86.4
2346,-14687.69,136.1631,1.41,100.0,86.5
2347,-14707.07,67.193,1.53,98.7,86.5
2348,-14714.92,40.0604,1.58,96.4,86.5
2349,-14693.05,54.7718,1.34,100.0,86.5
2350,-14680.51,65.5604,1.37,100.0,86.5
2351,-14665.39,65.1615,1.35,100.0,86.7
2352,-14712.55,90.566,1.39,100.0,86.7
2353,-14718.3,71.6203,1.49,99.7,86.7
2354,-14687.69,55.7642,1.46,99.4,86.6
2355,-14718.59,114.7034,1.36,100.0,86.6
2356,-14772.14,208.7002,1.45,100.0,86.7
2357,-14718.59,320.3273,1.37,100.0,86.9
2358,-14714.92,247.7579,1.32,100.0,86.9
2359,-14714.92,81.3521,1.5,100.0,87.0
2360,-14691.7,55.0951,1.44,100.0,86.9
2361,-14771.45,432.5511,1.36,100.0,86.8
2362,-14718.3,236.3843,1.42,100.0,86.9
2363,-14692.54,156.5055,1.35,100.0,86.9
2364,-14703.69,109.1286,1.33,100.0,87.0
2365,-14670.09,29.0803,1.51,100.0,87.1
2366,-14681.16,17.4448,1.43,99.7,87.2
2367,-14676.53,33.8237,1.4,100.0,87.1
2368,-14683.86,118.8624,1.53,100.0,87.2
2369,-14671.92,60.2274,1.6,96.0,87.3
2370,-14668.19,78.952,1.34,100.0,87.4
2371,-14668.46,54.323,1.36,100.0,87.4
2372,-14680.76,51.5509,1.39,100.0,87.4
2373,-14679.44,54.2541,1.34,100.0,87.4
2374,-14676.19,56.7065,1.41,100.0,87.4
2375,-14684.95,37.0822,1.46,97.3,87.5
2376,-14669.64,87.6677,1.36,100.0,87.6
2377,-14679.44,49.949,1.4,100.0,87.7
2378,-14702.66,43.3823,1.35,100.0,87.6
2379,-14679.44,68.837,1.35,100.0,87.6
2380,-14668.72,58.4026,1.52,100.0,87.6
2381,-14680.28,22.1043,1.54,92.7,87.7
2382,-14731.26,146.6848,1.34,100.0,87.8
2383,-14668.81,146.6722,1.42,100.0,87.8
2384,-14664.28,111.5822,1.36,100.0,87.8
2385,-14679.44,89.4699,1.29,100.0,87.7
2386,-14668.81,23.1825,1.45,100.0,87.8
2387,-14703.3,143.0614,1.49,99.2,87.8
2388,-14703.24,48.4372,1.37,100.0,87.9
2389,-14668.81,59.1856,1.45,100.0,88.0
2390,-14668.81,41.2975,1.58,99.2,88.1
2391,-14691.88,159.965,1.3,100.0,87.9
2392,-14711.38,119.6274,1.39,100.0,88.0
2393,-14657.83,165.3849,1.48,100.0,88.1
2394,-14679.44,101.3065,1.39,100.0,88.2
2395,-14657.83,60.505,1.44,100.0,88.2
2396,-14737.35,74.4013,1.49,99.2,87.9
2397,-14680.14,251.6052,1.3,99.5,87.6
2398,-14684.84,81.6603,1.35,100.0,87.7
2399,-14664.28,49.8941,1.39,100.0,87.8
2400,-14706.04,98.9585,1.39,100.0,87.9
2401,-14706.04,51.519,1.49,100.0,88.0
2402,-14668.81,58.452,1.58,89.0,87.7
2403,-14664.28,37.2924,1.38,100.0,87.6
2404,-14737.35,188.4163,1.4,100.0,87.7
2405,-14718.3,68.4038,1.36,100.0,87.8
2406,-14700.29,76.8462,1.3,100.0,87.7
2407,-14672.43,27.0514,1.43,100.0,87.9
2408,-14664.27,42.37,1.57,98.4,87.9
2409,-14656.2,141.6006,1.43,100.0,87.8
2410,-14692.83,113.2533,1.46,100.0,87.9
2411,-14687.69,82.4404,1.49,100.0,88.0
2412,-14693.2,101.4226,1.31,100.0,88.1
2413,-14664.27,58.9499,1.38,100.0,88.2
2414,-14676.53,25.1092,1.49,100.0,88.1
2415,-14680.14,34.2845,1.46,100.0,87.7
2416,-14664.22,75.1551,1.41,100.0,86.9
2417,-14665.45,35.8419,1.58,100.0,87.0
2418,-14676.6,69.3579,1.62,97.0,87.2
2419,-14688.96,51.9445,1.36,100.0,86.7
2420,-14681.19,136.4224,1.39,100.0,86.7
2421,-14691.72,42.7177,1.41,100.0,86.9
2422,-14728.7,77.8802,1.36,100.0,86.8
2423,-14706.67,49.5554,1.45,100.0,86.8
2424,-14681.19,116.5978,1.54,95.8,87.3
2425,-14749.61,111.8083,1.39,100.0,87.3
2426,-14718.59,84.0992,1.44,100.0,87.4
2427,-14680.51,109.6301,1.32,100.0,87.4
2428,-14700.67,111.738,1.34,100.0,87.4
2429,-14718.99,100.111,1.47,100.0,87.4
2430,-14732.55,51.1016,1.5,97.6,87.4
2431,-14676.6,181.5555,1.4,100.0,87.4
2432,-14687.69,59.9561,1.46,100.0,87.5
2433,-14671.92,34.8344,1.43,100.0,87.6
2434,-14687.69,18.0767,1.29,100.0,87.6
2435,-14680.55,110.35,1.42,100.0,87.7
2436,-14665.39,12.7593,1.42,100.0,87.8
2437,-14693.11,80.0821,1.36,100.0,87.8
2438,-14674.73,42.473,1.41,100.0,87.8
2439,-14706.67,126.3291,1.41,100.0,87.9
2440,-14691.7,53.1579,1.3,100.0,87.9
2441,-14805.68,409.9877,1.44,100.0,87.9
2442,-14718.59,171.0155,1.43,100.0,87.9
2443,-14750.24,94.4662,1.41,100.0,88.1
2444,-14691.7,81.3301,1.48,99.9,88.1
2445,-14718.99,158.6596,1.51,99.6,88.2
2446,-14709.17,72.8974,1.52,98.1,88.2
2447,-14688.57,117.5265,1.34,100.0,88.2
2448,-14676.53,60.8797,1.37,100.0,88.3
2449,-14671.92,36.6354,1.38,100.0,88.4
2450,-14671.92,13.5643,1.42,100.0,88.4
2451,-14697.1,148.1678,1.49,97.3,88.4
2452,-14676.53,82.7221,1.47,100.0,88.5
2453,-14714.92,89.2171,1.39,100.0,88.4
2454,-14713.81,131.6643,1.38,100.0,89.4
2455,-14676.55,232.4803,1.36,100.0,89.5
2456,-14676.6,50.8256,1.46,100.0,89.5
2457,-14661.47,70.5957,1.55,98.4,88.6
2458,-14676.48,42.6979,1.59,96.1,88.0
2459,-14665.45,61.9092,1.35,100.0,88.1
2460,-14665.45,30.9283,1.44,100.0,88.1
2461,-14661.47,54.5125,1.31,100.0,88.2
2462,-14680.09,61.5105,1.36,100.0,88.2
2463,-14661.23,58.7922,1.46,99.5,88.0
2464,-14692.4,102.0324,1.53,99.0,87.9
2465,-14692.82,38.7895,1.39,100.0,87.7
2466,-14687.69,18.4349,1.53,100.0,87.8
2467,-14692.49,20.8643,1.53,98.8,87.8
2468,-14687.69,13.0277,1.32,100.0,87.8
2469,-14671.92,8.1581,1.39,100.0,87.6
2470,-14669.79,88.8338,1.33,100.0,87.2
2471,-14685.69,175.7738,1.46,100.0,87.3
2472,-14692.73,113.384,1.49,100.0,87.3
2473,-14698.9,46.0334,1.39,100.0,87.3
2474,-14686.02,78.727,1.35,100.0,87.4
2475,-14696.74,153.5254,1.36,100.0,87.3
2476,-14680.57,83.0438,1.35,100.0,87.3
2477,-14676.93,65.4858,1.38,98.3,86.3
2478,-14702.48,72.807,1.41,100.0,86.2
2479,-14673.87,26.6295,1.4,100.0,86.2
2480,-14673.42,552.6675,1.43,100.0,86.2
2481,-14664.05,193.2055,1.48,100.0,86.2
2482,-14669.56,93.3379,1.35,100.0,86.2
2483,-14690.47,331.4863,1.36,100.0,86.2
2484,-14676.93,43.6268,1.42,100.0,86.3
2485,-14680.57,19.6541,1.37,100.0,86.3
2486,-14676.93,11.3969,1.4,100.0,86.3
2487,-14689.01,18.7657,1.42,100.0,86.4
2488,-14690.39,22.5954,1.39,100.0,86.4
2489,-14686.74,22.4546,1.4,100.0,86.4
2490,-14686.74,17.6327,1.41,100.0,86.5
2491,-14702.54,26.5726,1.36,100.0,86.5
2492,-14698.9,15.9378,1.46,100.0,86.5
2493,-14686.2,65.4724,1.46,100.0,86.6
2494,-14708.19,244.0498,1.4,100.0,86.7
2495,-14685.38,186.0906,1.37,100.0,86.7
2496,-14689.09,45.5921,1.38,100.0,86.8
2497,-14676.21,26.0725,1.32,100.0,86.8
2498,-14668.52,33.204,1.42,100.0,86.8
2499,-14685.25,80.3491,1.49,97.9,87.2
2500,-14669.79,104.6157,1.43,100.0,87.1
2501,-14665.45,54.633,1.44,100.0,87.1
2502,-14681.16,108.2092,1.43,100.0,87.0
2503,-14676.53,55.7317,1.32,100.0,87.2
2504,-14692.15,146.2992,1.4,100.0,87.2
2505,-14692.54,28.1397,1.39,100.0,87.3
2506,-14709.29,46.9723,1.35,100.0,87.3
2507,-14665.39,165.7318,1.44,100.0,87.2
2508,-14705.09,86.6226,1.45,100.0,87.3
2509,-14696.32,65.0406,1.31,100.0,87.2
2510,-14696.32,23.955,1.35,100.0,87.3
2511,-14696.32,12.042,1.43,100.0,87.5
2512,-14711.44,99.5215,1.45,100.0,87.5
2513,-14680.28,94.7871,1.47,100.0,87.5
2514,-14680.14,38.5971,1.58,93.1,87.6
2515,-14664.27,29.1976,1.58,96.7,87.7
2516,-14684.43,24.8441,1.35,100.0,87.8
2517,-14663.88,92.6145,1.44,100.0,87.8
2518,-14675.43,37.4087,1.28,100.0,87.0
2519,-14704.86,162.4041,1.4,100.0,87.0
2520,-14664.34,201.5313,1.45,100.0,87.2
2521,-14664.27,73.44,1.37,100.0,87.2
2522,-14680.28,77.7736,1.44,100.0,87.2
2523,-14653.12,37.3398,1.55,100.0,87.7
2524,-14680.28,9.7953,1.38,100.0,87.6
2525,-14680.14,17.0858,1.39,100.0,87.6
2526,-14664.27,6.7537,1.46,99.9,87.3
2527,-14691.7,20.1602,1.47,100.0,87.6
2528,-14671.92,13.6809,1.44,100.0,87.4
2529,-14700.67,53.55,1.53,97.8,87.4
2530,-14676.14,118.5532,1.58,96.5,87.3
2531,-14703.81,103.5238,1.35,100.0,87.4
2532,-14723.01,68.8512,1.35,100.0,87.4
2533,-14659.66,129.1506,1.34,100.0,87.5
2534,-14692.54,73.6871,1.4,100.0,87.4
2535,-14691.7,35.8988,1.43,95.5,87.4
2536,-14691.7,15.6778,1.55,99.7,87.4
2537,-14691.7,7.5889,1.44,100.0,87.4
2538,-14684.95,23.9138,1.48,100.0,87.5
2539,-14692.4,14.7425,1.46,100.0,87.6
2540,-14749.61,105.3611,1.33,100.0,87.6
2541,-14723.01,91.4774,1.46,100.0,87.6
2542,-14705.11,23.8388,1.45,100.0,87.5
2543,-14725.72,46.3211,1.37,100.0,87.5
2544,-14725.72,33.0178,1.49,100.0,87.6
2545,-14690.4,53.7368,1.53,98.6,87.8
2546,-14723.01,122.3665,1.34,100.0,87.8
2547,-14714.92,78.5113,1.35,100.0,87.9
2548,-14725.72,77.0772,1.37,100.0,87.9
2549,-14705.2,32.6274,1.43,100.0,87.7
2550,-14676.6,23.5259,1.45,97.1,86.0
2551,-14695.25,78.7882,1.49,98.4,86.0
2552,-14727.63,84.393,1.4,100.0,85.9
2553,-14783.97,139.2616,1.5,100.0,86.1
2554,-14819.98,105.7326,1.55,95.1,86.1
2555,-14781.26,42.6517,1.33,100.0,86.1
2556,-14781.26,17.9625,1.35,100.0,86.2
2557,-14755.19,240.2042,1.42,100.0,86.2
2558,-14781.26,164.4205,1.34,100.0,86.1
2559,-14725.95,122.4741,1.47,100.0,86.2
2560,-14757.26,52.9084,1.51,97.3,86.3
2561,-14821.17,308.4153,1.35,100.0,86.3
2562,-14781.55,160.5294,1.37,100.0,86.3
2563,-14751.86,301.2957,1.37,100.0,85.8
2564,-14730.22,149.7119,1.38,100.0,85.9
2565,-14709.61,112.2253,1.46,100.0,86.0
2566,-14735.79,171.7084,1.56,97.4,86.1
2567,-14749.95,77.055,1.37,100.0,86.2
2568,-14781.26,87.237,1.37,100.0,86.2
2569,-14754.66,76.2015,1.31,100.0,86.2
2570,-14691.7,137.0495,1.35,100.0,86.1
2571,-14718.3,223.484,1.48,96.7,86.3
2572,-14776.38,498.7077,1.55,97.5,86.3
2573,-14680.51,257.8232,1.39,100.0,86.4
2574,-14684.95,161.5747,1.47,100.0,86.4
2575,-14685.05,67.1777,1.44,97.4,86.5
2576,-14718.3,139.8075,1.3,100.0,86.5
2577,-14676.6,64.039,1.39,100.0,86.5
2578,-14671.92,32.5427,1.38,99.8,86.4
2579,-14703.81,177.2387,1.38,100.0,86.5
2580,-14684.95,36.2928,1.45,100.0,86.5
2581,-14708.19,50.8836,1.48,100.0,86.6
2582,-14703.16,76.6147,1.37,100.0,86.6
2583,-14696.69,94.7058,1.39,100.0,86.8
2584,-14676.6,40.951,1.56,100.0,86.7
2585,-14711.44,103.2075,1.38,100.0,86.7
2586,-14676.53,39.9208,1.52,100.0,86.8
2587,-14681.16,44.8754,1.57,87.7,86.8
2588,-14665.45,27.9035,1.31,100.0,86.8
2589,-14684.95,63.8222,1.39,100.0,87.0
2590,-14653.12,25.2637,1.37,100.0,87.0
2591,-14665.39,23.0466,1.34,100.0,86.9
2592,-14687.69,60.2943,1.44,100.0,87.0
2593,-14653.12,60.1872,1.56,97.1,87.0
2594,-14653.12,41.6209,1.36,100.0,87.1
2595,-14664.22,49.7759,1.45,100.0,87.2
2596,-14684.43,66.781,1.61,100.0,87.2
2597,-14664.34,34.0951,1.36,97.9,87.2
2598,-14676.7,60.2024,1.38,100.0,87.1
2599,-14664.34,32.307,1.48,100.0,87.2
2600,-14684.76,79.3781,1.43,100.0,87.3
2601,-14711.44,51.3271,1.43,100.0,87.3
2602,-14664.27,165.45,1.53,99.3,87.4
2603,-14711.44,54.9917,1.52,96.7,87.6
2604,-14659.66,100.9064,1.32,100.0,88.0
2605,-14659.66,40.4491,1.34,100.0,88.0
2606,-14684.43,64.2688,1.46,100.0,88.0
2607,-14696.91,86.0508,1.41,100.0,88.0
2608,-14664.27,52.9133,1.55,95.6,88.2
2609,-14687.69,76.3291,1.5,98.0,88.5
2610,-14706.73,108.8368,1.41,100.0,88.9
2611,-14663.88,138.9856,1.41,100.0,88.9
2612,-14675.43,25.151,1.34,100.0,88.9
2613,-14659.66,12.5116,1.4,100.0,88.9
2614,-14686.44,60.9168,1.44,99.0,89.0
2615,-14687.69,39.8256,1.49,100.0,89.2
2616,-14692.26,107.4431,1.37,100.0,89.2
2617,-14663.88,110.8362,1.39,100.0,89.3
2618,-14671.92,59.2675,1.33,100.0,89.4
2619,-14676.53,42.757,1.39,100.0,89.2
2620,-14671.92,25.9646,1.51,98.4,89.6
2621,-14715.37,166.6357,1.52,100.0,89.7
2622,-14659.66,44.4024,1.47,100.0,89.8
2623,-14664.28,14.782,1.52,99.2,89.9
2624,-14679.44,19.5223,1.54,98.6,89.6
2625,-14702.66,63.1822,1.34,100.0,89.7
2626,-14706.04,24.8807,1.38,100.0,89.6
2627,-14664.27,37.0848,1.41,100.0,89.8
2628,-14664.22,117.0128,1.38,100.0,89.7
2629,-14680.14,91.0667,1.43,99.0,89.5
2630,-14676.7,140.0111,1.42,98.9,89.0
2631,-14664.34,73.8912,1.3,100.0,88.6
2632,-14653.19,18.2725,1.37,100.0,88.8
2633,-14664.34,11.1369,1.4,100.0,88.8
2634,-14676.7,23.5633,1.35,100.0,88.9
2635,-14665.55,51.7648,1.53,91.6,88.7
2636,-14681.59,32.5526,1.51,93.7,88.1
2637,-14645.17,183.3429,1.36,100.0,87.7
2638,-14663.94,68.6087,1.44,100.0,87.6
2639,-14664.28,57.2751,1.34,100.0,87.4
2640,-14668.72,108.4619,1.34,100.0,87.3
2641,-14657.74,35.0539,1.46,100.0,85.9
2642,-14657.74,15.6013,1.54,99.3,85.6
2643,-14680.79,35.8799,1.39,100.0,85.7
2644,-14684.84,16.5451,1.54,100.0,85.8
2645,-14653.19,72.0326,1.53,98.3,85.8
2646,-14684.04,65.7988,1.32,100.0,85.8
2647,-14679.44,48.155,1.39,100.0,85.7
2648,-14668.81,26.4769,1.47,100.0,85.8
2649,-14684.06,26.7431,1.39,100.0,85.9
2650,-14684.06,15.4028,1.5,100.0,85.9
2651,-14668.72,21.4228,1.53,96.0,86.0
2652,-14680.82,46.5997,1.34,100.0,86.1
2653,-14668.81,44.3556,1.33,100.0,86.1
2654,-14657.83,30.596,1.39,100.0,86.2
2655,-14668.81,15.2681,1.39,100.0,86.1
2656,-14684.95,25.4477,1.53,94.5,86.2
2657,-14668.72,39.6602,1.5,96.3,86.2
2658,-14719.4,84.928,1.37,100.0,86.3
2659,-14862.98,531.6275,1.44,100.0,86.3
2660,-14831.35,299.594,1.34,100.0,86.3
2661,-14825.75,255.1539,1.38,100.0,86.3
2662,-14851.35,190.2855,1.42,96.9,86.3
2663,-14806.65,159.6624,1.45,99.7,86.3
2664,-14757.26,104.7125,1.39,100.0,86.3
2665,-14747.15,211.147,1.37,100.0,86.4
2666,-14781.55,113.0736,1.35,100.0,86.4
2667,-14778.45,242.3274,1.46,100.0,86.6
2668,-14778.52,189.1773,1.48,88.0,86.6
2669,-14759.97,115.0159,1.53,100.0,86.4
2670,-14781.22,116.1684,1.48,100.0,86.5
2671,-14781.22,88.4274,1.53,100.0,86.5
2672,-14820.98,114.4767,1.45,98.3,86.2
2673,-14816.95,119.2684,1.33,100.0,86.2
2674,-14843.49,179.8491,1.41,100.0,86.2
2675,-14758.59,129.5829,1.46,100.0,86.3
2676,-14755.87,99.2416,1.36,100.0,86.2
2677,-14794.31,74.3669,1.46,99.7,86.4
2678,-14757.01,59.1516,1.39,99.3,86.4
2679,-14755.87,31.553,1.33,100.0,86.4
2680,-14755.87,13.6283,1.36,100.0,85.8
2681,-14762.62,9.2819,1.36,100.0,85.9
2682,-14753.02,65.8315,1.4,100.0,86.0
2683,-14755.86,46.8802,1.52,96.0,86.0
2684,-14758.9,21.5423,1.5,100.0,86.1
2685,-14758.84,8.9743,1.42,100.0,86.0
2686,-14753.02,23.0897,1.45,100.0,86.0
2687,-14812.32,159.8175,1.34,100.0,86.1
2688,-14898.18,354.4178,1.4,100.0,86.2
2689,-14802.85,490.9732,1.48,99.7,86.4
2690,-14803.62,321.1809,1.54,99.9,86.4
2691,-14804.71,119.4282,1.43,100.0,86.3
2692,-14810.72,319.5584,1.48,100.0,86.2
2693,-14844.42,420.184,1.56,97.3,86.3
2694,-14759.74,353.4244,1.31,100.0,86.3
2695,-14758.59,221.2995,1.37,100.0,86.4
2696,-14761.55,42.3234,1.46,100.0,86.4
2697,-14762.62,118.158,1.38,100.0,86.4
2698,-14760.06,29.7553,1.53,99.8,86.5
2699,-14762.72,49.0868,1.51,97.8,86.6
2700,-14755.87,103.9611,1.37,100.0,86.6
2701,-14736.32,48.2322,1.35,100.0,86.7
2702,-14759.97,65.6563,1.36,100.0,86.6
2703,-14755.87,33.7477,1.45,100.0,86.6
2704,-14759.97,9.2129,1.46,100.0,86.6
2705,-14755.87,6.5708,1.57,98.4,86.7
2706,-14755.87,4.8388,1.36,100.0,86.8
2707,-14758.59,3.2043,1.46,100.0,86.9
2708,-14802.97,178.0948,1.31,100.0,87.0
2709,-14758.59,105.3183,1.32,100.0,86.8
2710,-14738.44,173.5813,1.44,100.0,86.9
2711,-14753.02,78.937,1.52,98.4,86.9
2712,-14759.97,112.313,1.35,100.0,87.0
2713,-14758.94,71.4007,1.47,100.0,87.0
2714,-14761.55,35.2144,1.48,100.0,87.2
2715,-14810.72,232.4456,1.3,100.0,87.1
2716,-14755.87,17.8215,1.36,100.0,86.8
2717,-14762.71,12.9136,1.4,100.0,86.0
2718,-14759.69,19.5673,1.33,100.0,85.9
2719,-14762.71,6.236,1.46,100.0,86.0
2720,-14816.89,191.28,1.49,100.0,86.0
2721,-14762.71,31.338,1.32,100.0,86.0
2722,-14753.02,25.6074,1.42,100.0,86.2
2723,-14753.02,10.4422,1.47,99.9,86.2
2724,-14807.44,189.4695,1.38,100.0,86.2
2725,-14796.06,150.3841,1.47,100.0,86.4
2726,-14802.97,65.2999,1.43,96.4,78.0
2727,-14788.68,265.5076,1.29,99.7,78.7
2728,-14767.71,164.8409,1.34,100.0,78.7
2729,-14802.97,181.0781,1.37,100.0,78.8
2730,-14800.27,121.4779,1.34,100.0,78.8
2731,-14759.74,198.6116,1.4,100.0,78.9
2732,-14761.55,48.1051,1.4,99.2,79.1
2733,-14801.81,254.5655,1.32,100.0,79.1
2734,-14758.59,28.2687,1.36,100.0,79.1
2735,-14753.02,43.0819,1.38,100.0,79.1
2736,-14761.55,31.2195,1.36,100.0,79.2
2737,-14758.59,12.5912,1.4,100.0,79.4
2738,-14761.55,9.7278,1.44,97.4,79.6
2739,-14790.2,97.6115,1.32,100.0,79.5
2740,-14754.18,85.0689,1.32,100.0,79.3
2741,-14761.55,42.6416,1.37,100.0,78.6
2742,-14762.71,7.32,1.32,100.0,78.6
2743,-14760.86,9.011,1.38,100.0,78.8
2744,-14767.9,21.7855,1.37,100.0,78.8
2745,-14864.13,309.443,1.37,100.0,78.5
2746,-14774.74,87.214,1.37,100.0,78.6
2747,-14816.74,123.3755,1.31,100.0,78.6
2748,-14760.86,28.4345,1.35,100.0,78.6
2749,-14774.74,25.4578,1.35,100.0,78.6
2750,-14767.71,19.8294,1.31,100.0,78.6
2751,-14760.86,24.7309,1.36,100.0,78.7
2752,-14850.96,326.9858,1.34,100.0,78.8
2753,-14898.18,236.0368,1.34,100.0,78.7
2754,-14808.6,263.4822,1.35,100.0,78.8
2755,-14763.07,406.5338,1.38,100.0,78.9
2756,-14797.58,152.6205,1.34,100.0,78.9
2757,-14796.54,144.7846,1.38,100.0,79.0
2758,-14767.54,15.6145,1.33,100.0,79.4
2759,-14762.71,29.4386,1.31,100.0,79.2
2760,-14803.33,203.7478,1.32,100.0,79.2
2761,-14754.18,147.3493,1.33,100.0,79.3
2762,-14754.18,102.2745,1.34,100.0,79.2
2763,-14760.09,86.6047,1.4,100.0,79.0
2764,-14762.71,17.2597,1.39,100.0,79.2
2765,-14789.04,103.7722,1.38,100.0,79.2
2766,-14754.54,21.3275,1.35,100.0,79.3
2767,-14801.18,185.9051,1.34,100.0,79.3
2768,-14762.71,26.1589,1.34,100.0,79.3
2769,-14763.07,31.4774,1.4,100.0,79.3
2770,-14808.96,243.9218,1.32,100.0,79.4
2771,-14796.42,104.9564,1.34,100.0,79.4
2772,-14763.07,82.4362,1.33,100.0,79.4
2773,-14763.07,58.6,1.34,100.0,79.3
2774,-14762.71,35.7572,1.37,100.0,79.3
2775,-14763.07,23.6679,1.39,100.0,79.3
2776,-14773.26,23.6109,1.36,99.1,79.0
2777,-14754.18,44.3393,1.33,100.0,79.0
2778,-14755.87,39.2726,1.34,100.0,79.1
2779,-14759.74,17.0257,1.3,100.0,79.1
2780,-14763.78,11.893,1.31,100.0,79.0
2781,-14762.71,50.234,1.39,100.0,79.0
2782,-14762.71,20.2706,1.36,100.0,79.1
2783,-14761.55,11.3849,1.34,100.0,79.1
2784,-14754.18,25.8639,1.37,100.0,79.2
2785,-14759.74,35.566,1.38,100.0,79.2
2786,-14759.74,12.1732,1.34,100.0,79.2
2787,-14758.51,26.166,1.35,100.0,79.3
2788,-14759.97,25.1526,1.42,100.0,79.2
2789,-14736.32,40.6558,1.4,99.4,79.3
2790,-14738.34,93.79,1.32,100.0,79.3
2791,-14742.39,35.6717,1.33,100.0,79.3
2792,-14743.42,44.1611,1.33,100.0,79.4
2793,-14758.59,148.2716,1.33,100.0,79.4
2794,-14736.62,40.4942,1.44,98.0,79.5
2795,-14758.9,29.3606,1.38,99.2,79.6
2796,-14757.26,24.269,1.34,100.0,79.5
2797,-14727.25,96.5787,1.35,100.0,79.6
2798,-14729.62,63.7295,1.31,100.0,79.5
2799,-14753.02,53.8823,1.27,100.0,79.1
2800,-14733.58,50.127,1.37,100.0,79.2
2801,-14762.71,10.7782,1.41,100.0,79.2
2802,-14759.74,7.4517,1.34,100.0,79.2
2803,-14754.18,22.871,1.4,100.0,79.2
2804,-14822.13,281.4257,1.34,99.4,79.4
2805,-14767.71,69.4329,1.28,100.0,79.5
2806,-14767.71,38.8161,1.37,99.9,79.7
2807,-14766.54,36.8334,1.38,100.0,79.6
2808,-14741.7,17.3907,1.38,100.0,79.8
2809,-14753.02,33.3815,1.41,97.6,80.0
2810,-14761.55,16.0281,1.45,95.3,80.1
2811,-14754.18,38.3826,1.3,100.0,80.1
2812,-14762.71,33.6645,1.33,100.0,80.1
2813,-14802.97,198.3466,1.33,100.0,80.2
2814,-14761.55,100.4448,1.37,100.0,80.2
2815,-14732.35,129.5367,1.42,95.3,80.3
2816,-14731.25,49.5291,1.42,100.0,80.0
2817,-14753.02,95.2346,1.36,100.0,80.0
2818,-14753.02,28.1232,1.34,100.0,80.0
2819,-14753.02,16.3807,1.32,100.0,79.9
2820,-14760.86,6.1601,1.38,100.0,79.9
2821,-14754.18,3.9186,1.39,95.8,79.9
2822,-14753.02,6.9794,1.33,100.0,79.9
2823,-14753.02,4.8309,1.39,100.0,80.0
2824,-14762.71,14.5616,1.33,100.0,80.0
2825,-14806.38,101.2476,1.28,100.0,79.8
2826,-14808.96,112.9677,1.38,99.1,79.9
2827,-14850.17,70.5493,1.42,94.2,79.9
2828,-14796.42,131.373,1.38,100.0,79.9
2829,-14761.21,315.988,1.41,100.0,80.0
2830,-14796.06,196.7823,1.36,100.0,80.1
2831,-14807.44,156.8503,1.28,100.0,79.9
2832,-14808.6,125.9141,1.36,100.0,79.9
2833,-14808.6,101.8781,1.37,100.0,80.0
2834,-14802.97,41.4265,1.32,100.0,80.0
2835,-14799.02,72.3683,1.35,100.0,80.0
2836,-14790.55,19.0991,1.33,100.0,80.1
2837,-14790.2,10.2813,1.31,100.0,80.1
2838,-14791.23,25.987,1.4,99.3,80.2
2839,-14801.81,28.0526,1.39,94.7,80.2
2840,-14801.81,19.5585,1.32,100.0,80.2
2841,-14801.81,8.2047,1.63,100.0,80.7
2842,-14726.88,366.4948,1.42,98.5,80.4
2843,-14736.25,153.629,1.27,99.1,80.6
2844,-14790.2,211.7861,1.34,100.0,80.6
2845,-14784.23,190.2449,1.36,100.0,80.8
2846,-14772.16,119.6011,1.32,100.0,80.6
2847,-14774.87,114.0644,1.39,100.0,80.7
2848,-14740.24,88.7883,1.39,100.0,80.5
2849,-14733.58,63.9398,1.28,100.0,80.4
2850,-14730.87,31.3738,1.35,100.0,80.6
2851,-14761.55,18.756,1.41,100.0,80.6
2852,-14733.58,33.8908,1.35,100.0,80.5
2853,-14733.58,29.6301,1.38,100.0,80.5
2854,-14730.87,16.2252,1.39,99.7,80.7
2855,-14735.26,46.3684,1.29,100.0,80.5
2856,-14759.69,62.1221,1.35,100.0,80.7
2857,-14796.06,103.3888,1.35,100.0,80.7
2858,-14724.17,117.5064,1.39,100.0,80.6
2859,-14758.84,98.9156,1.4,98.5,80.5
2860,-14752.94,59.2713,1.4,99.7,80.5
2861,-14730.87,123.6539,1.34,100.0,80.5
2862,-14733.58,60.3926,1.34,100.0,80.6
2863,-14744.67,131.2423,1.37,100.0,80.7
2864,-14729.62,49.8,1.37,100.0,80.6
2865,-14742.94,36.5173,1.38,100.0,80.7
2866,-14733.58,19.7627,1.31,100.0,80.6
2867,-14741.7,27.4865,1.3,100.0,80.4
2868,-14729.62,11.9588,1.35,100.0,80.5
2869,-14744.4,52.9106,1.32,100.0,78.7
2870,-14732.35,41.7727,1.35,100.0,78.7
2871,-14733.58,25.4633,1.43,86.8,78.8
2872,-14720.99,151.557,1.41,95.7,78.8
2873,-14699.03,109.5256,1.35,100.0,78.8
2874,-14696.97,119.9954,1.3,100.0,79.0
2875,-14707.39,89.7688,1.25,100.0,78.9
2876,-14696.3,43.9202,1.37,100.0,78.8
2877,-14700.26,38.3528,1.42,92.8,78.9
2878,-14711.37,82.2452,1.38,100.0,79.0
2879,-14702.99,16.9203,1.36,100.0,79.0
2880,-14697.55,44.4681,1.36,100.0,78.7
2881,-14709.62,15.6717,1.3,100.0,78.8
2882,-14726.93,26.6484,1.36,100.0,78.8
2883,-14700.26,61.555,1.45,98.2,78.8
2884,-14693.56,26.5204,1.39,99.2,78.1
2885,-14738.62,168.1936,1.34,99.7,78.1
2886,-14753.02,77.3597,1.28,100.0,78.2
2887,-14733.58,109.1095,1.31,100.0,78.2
2888,-14761.55,18.0276,1.36,100.0,78.3
2889,-14807.44,165.8548,1.37,94.7,78.4
2890,-14753.02,170.4695,1.39,100.0,78.4
2891,-14753.02,118.2003,1.36,98.0,78.4
2892,-14761.55,46.6746,1.32,100.0,78.4
2893,-14760.86,15.3124,1.31,100.0,78.4
2894,-14766.38,11.864,1.37,100.0,78.4
2895,-14759.69,8.58,1.37,100.0,78.5
2896,-14753.02,6.8529,1.35,100.0,78.5
2897,-14759.69,5.4322,1.35,100.0,78.6
2898,-14803.26,75.6804,1.33,100.0,78.5
2899,-14797.38,180.3866,1.31,100.0,78.5
2900,-14759.74,112.0204,1.39,100.0,78.3
2901,-14802.27,136.5503,1.4,93.9,78.5
2902,-14753.02,51.8498,1.4,96.8,78.5
2903,-14753.02,21.0694,1.36,99.6,78.7
2904,-14758.59,36.3887,1.34,100.0,78.6
2905,-14754.18,28.8357,1.39,100.0,78.6
2906,-14758.59,8.4889,1.32,100.0,78.6
2907,-14761.55,8.3959,1.37,100.0,78.7
2908,-14739.6,39.8735,1.36,97.2,78.7
2909,-14758.59,85.7448,1.31,100.0,78.8
2910,-14728.54,35.6939,1.35,100.0,78.8
2911,-14758.9,14.7911,1.32,100.0,78.7
2912,-14759.97,27.4575,1.33,100.0,78.7
2913,-14760.86,69.9095,1.4,100.0,78.8
2914,-14758.59,29.1521,1.4,92.8,79.0
2915,-14759.74,8.6133,1.31,100.0,79.0
2916,-14761.55,5.9363,1.32,100.0,79.0
2917,-14706.67,220.7113,1.29,100.0,79.0
2918,-14723.48,295.8811,1.34,100.0,79.0
2919,-14723.48,221.7403,1.45,88.3,79.0
2920,-14723.62,126.9659,1.39,99.6,79.1
2921,-14717.68,84.2676,1.34,100.0,79.2
2922,-14717.68,54.0107,1.34,100.0,79.2
2923,-14723.28,30.7153,1.3,99.9,79.2
2924,-14723.28,13.6249,1.33,100.0,79.3
2925,-14713.62,23.0625,1.33,96.2,79.0
2926,-14745.59,58.2168,1.34,100.0,78.9
2927,-14723.28,47.1357,1.36,99.9,79.0
2928,-14711.3,41.0851,1.29,100.0,79.0
2929,-14711.02,36.0548,1.33,100.0,79.0
2930,-14754.92,67.2819,1.39,100.0,79.1
2931,-14705.42,255.6019,1.37,93.2,79.3
2932,-14705.76,76.3218,1.35,100.0,79.3
2933,-14682.9,54.3719,1.36,97.3,79.3
2934,-14695.86,29.7459,1.29,100.0,79.3
2935,-14711.64,45.6471,1.28,100.0,79.2
2936,-14711.36,19.2809,1.37,100.0,79.3
2937,-14696.14,29.0159,1.35,100.0,79.5
2938,-14718.65,210.1355,1.37,100.0,79.4
2939,-14690.21,32.814,1.48,100.0,79.6
2940,-14712.29,51.6448,1.27,100.0,78.8
2941,-14702.47,9.6617,1.34,100.0,78.8
2942,-14732.38,42.4073,1.41,98.4,78.9
2943,-14713.96,31.2204,1.37,100.0,78.9
2944,-14748.07,53.0729,1.38,100.0,79.0
2945,-14714.3,24.4668,1.4,100.0,79.1
2946,-14705.67,23.2315,1.27,100.0,78.9
2947,-14723.77,72.6326,1.36,100.0,79.0
2948,-14724.11,25.0358,1.39,100.0,79.0
2949,-14699.8,167.4827,1.31,100.0,79.0
2950,-14726.83,145.7763,1.37,100.0,79.2
2951,-14735.25,100.5083,1.32,100.0,79.3
2952,-14709.06,49.8699,1.29,96.3,79.1
2953,-14693.93,43.7244,1.35,100.0,79.2
2954,-14729.98,132.2952,1.4,99.4,79.2
2955,-14731.3,91.348,1.35,100.0,79.2
2956,-14757.26,71.9322,1.41,100.0,79.3
2957,-14756.19,53.6565,1.43,95.7,79.4
2958,-14757.26,37.0141,1.27,100.0,79.3
2959,-14753.14,30.8984,1.34,100.0,79.4
2960,-14730.87,37.4043,1.38,100.0,79.4
2961,-14729.98,24.8663,1.29,100.0,79.5
2962,-14731.3,21.2502,1.37,100.0,79.5
2963,-14732.35,38.2432,1.32,98.8,79.6
2964,-14749.14,97.2484,1.27,100.0,79.5
2965,-14748.78,43.1685,1.35,100.0,79.5
2966,-14733.6,81.0461,1.4,100.0,79.6
2967,-14733.6,28.9874,1.36,100.0,79.6
2968,-14759.97,87.5157,1.41,97.1,79.8
2969,-14753.14,23.3272,1.41,90.7,79.7
2970,-14731.3,65.9362,1.31,100.0,79.3
2971,-14727.25,25.5125,1.37,100.0,79.2
2972,-14746.43,131.6713,1.3,100.0,79.3
2973,-14726.27,62.948,1.3,100.0,79.3
2974,-14727.25,99.3473,1.34,100.0,79.5
2975,-14713.85,32.5388,1.35,95.9,79.5
2976,-14726.27,61.8601,1.3,100.0,79.5
2977,-14707.09,71.3424,1.3,100.0,79.4
2978,-14731.3,24.8477,1.35,100.0,79.5
2979,-14728.54,14.9553,1.36,100.0,79.4
2980,-14721.83,35.9874,1.48,83.4,79.5
2981,-14708.38,29.2505,1.41,93.2,79.6
2982,-14724.21,106.0262,1.3,100.0,79.6
2983,-14740.32,82.1801,1.32,100.0,79.5
2984,-14744.19,92.1893,1.29,100.0,79.6
2985,-14736.4,69.9364,1.36,100.0,79.7
2986,-14724.21,33.0643,1.37,93.2,79.7
2987,-14718.19,31.871,1.33,100.0,79.7
2988,-14731.94,48.6247,1.36,100.0,79.7
2989,-14726.87,55.0629,1.31,100.0,79.7
2990,-14723.22,34.5349,1.32,100.0,79.7
2991,-14723.22,35.4864,1.41,100.0,79.8
2992,-14723.22,20.8781,1.48,95.0,79.8
2993,-14735.9,52.5045,1.41,98.1,79.9
2994,-14724.81,18.6121,1.34,100.0,79.8
2995,-14720.85,29.4667,1.32,100.0,79.8
2996,-14727.2,14.4773,1.28,100.0,79.9
2997,-14724.89,15.494,1.39,100.0,80.1
2998,-14709.46,65.2705,1.4,93.9,80.4
2999,-14715.39,50.7125,1.35,100.0,80.5
3000,-14740.15,115.6147,1.35,100.0,80.6
3001,-14723.86,87.8885,1.31,100.0,80.7
3002,-14726.27,30.7866,1.32,100.0,80.7
3003,-14718.19,67.9708,1.39,100.0,80.7
3004,-14741.31,42.1788,1.41,99.8,80.8
3005,-14709.46,103.2545,1.34,99.8,80.8
3006,-14758.45,82.5267,1.37,100.0,81.0
3007,-14735.56,34.439,1.33,100.0,81.0
3008,-14727.2,63.6878,1.31,100.0,81.0
3009,-14713.12,42.197,1.38,100.0,81.1
3010,-14744.62,47.2906,1.41,95.7,81.1
3011,-14709.46,38.9774,1.35,100.0,81.4
3012,-14709.46,28.3442,1.38,100.0,81.5
3013,-14710.71,11.5165,1.34,100.0,81.0
3014,-14709.46,10.1346,1.32,100.0,80.9
3015,-14721.83,22.2825,1.36,100.0,80.6
3016,-14711.14,10.2428,1.33,100.0,80.4
3017,-14709.46,20.6896,1.28,100.0,80.4
3018,-14709.46,9.1352,1.35,100.0,80.4
3019,-14711.05,11.1712,1.38,100.0,80.1
3020,-14709.81,17.259,1.34,100.0,80.1
3021,-14740.71,51.146,1.37,100.0,80.1
3022,-14709.46,50.527,1.35,99.1,80.2
3023,-14715.54,88.4854,1.3,100.0,80.1
3024,-14726.48,45.9947,1.36,100.0,80.2
3025,-14720.9,47.7507,1.44,100.0,80.3
3026,-14724.21,32.5334,1.34,100.0,80.2
3027,-14709.46,82.89,1.4,100.0,80.1
3028,-14724.56,43.0596,1.31,99.6,80.2
3029,-14710.71,8.1964,1.25,99.7,80.2
3030,-14709.46,9.1451,1.37,99.0,80.3
3031,-14709.46,4.1453,1.49,98.8,80.3
3032,-14718.53,48.3864,1.34,100.0,80.4
3033,-14720.9,22.6979,1.38,100.0,80.4
3034,-14733.57,40.4827,1.37,98.6,80.4
3035,-14740.24,52.2054,1.29,100.0,80.4
3036,-14734.65,24.1604,1.35,100.0,80.4
3037,-14735.9,12.8957,1.34,100.0,80.3
3038,-14742.51,43.0599,1.32,100.0,80.4
3039,-14732.28,43.4373,1.37,100.0,80.5
3040,-14736.56,6.0147,1.34,100.0,80.6
3041,-14734.65,20.0779,1.32,100.0,80.5
3042,-14727.22,25.7269,1.35,100.0,80.6
3043,-14735.56,14.6354,1.36,100.0,80.5
3044,-14735.9,7.4956,1.35,100.0,80.6
3045,-14735.56,14.2788,1.39,100.0,80.7
3046,-14731.48,70.6838,1.33,100.0,80.6
3047,-14738.84,57.9796,1.33,100.0,80.7
3048,-14734.32,38.8849,1.4,100.0,80.7
3049,-14717.77,47.2291,1.35,100.0,80.7
3050,-14731.48,38.9446,1.3,100.0,80.7
3051,-14731.48,18.9125,1.37,100.0,80.6
3052,-14730.23,17.3898,1.32,100.0,80.7
3053,-14734.65,57.8753,1.35,100.0,80.7
3054,-14726.87,29.2152,1.42,98.9,80.7
3055,-14729.19,31.1411,1.38,98.5,80.8
3056,-14737.96,13.7206,1.34,100.0,80.8
3057,-14735.9,36.9144,1.35,100.0,80.8
3058,-14732.28,11.0327,1.32,100.0,80.8
3059,-14723.56,60.5326,1.37,100.0,80.8
3060,-14737.61,32.7099,1.35,97.3,81.0
3061,-14726.87,30.4243,1.32,100.0,80.9
3062,-14741.06,42.4996,1.29,100.0,81.0
3063,-14743.38,21.557,1.33,100.0,80.4
3064,-14763.23,78.6545,1.32,100.0,80.5
3065,-14723.56,144.9288,1.39,99.1,80.6
3066,-14724.81,81.3275,1.44,90.0,80.7
3067,-14722.14,34.4308,1.32,98.5,80.7
3068,-14718.03,8.8089,1.34,100.0,80.6
3069,-14739.48,71.164,1.32,100.0,80.6
3070,-14772.37,106.946,1.31,100.0,80.7
3071,-14741.06,99.9304,1.37,100.0,80.8
3072,-14732.53,49.3211,1.41,96.4,80.8
3073,-14722.14,49.7111,1.35,100.0,80.8
3074,-14723.22,17.419,1.32,100.0,80.8
3075,-14735.36,15.8368,1.32,100.0,80.9
3076,-14715.32,10.8152,1.34,100.0,80.9
3077,-14722.14,13.2324,1.36,100.0,80.9
3078,-14766.1,142.9085,1.41,98.0,81.0
3079,-14733.8,85.3731,1.31,100.0,81.1
3080,-14731.48,72.4557,1.31,100.0,80.9
3081,-14730.23,53.8484,1.3,100.0,81.0
3082,-14725.12,42.1491,1.34,100.0,81.0
3083,-14724.01,36.9376,1.4,94.3,81.1
3084,-14724.01,24.7506,1.4,95.7,81.1
3085,-14722.14,53.9756,1.33,100.0,81.2
3086,-14720.85,32.1406,1.34,100.0,81.1
3087,-14722.14,15.2617,1.33,100.0,81.1
3088,-14720.85,8.6426,1.34,100.0,81.1
3089,-14720.85,4.7068,1.36,100.0,81.2
3090,-14720.85,1.8495,1.33,100.0,81.3
3091,-14749.93,136.0946,1.35,100.0,81.3
3092,-14737.06,115.4626,1.32,100.0,81.2
3093,-14745.91,45.9602,1.31,100.0,81.2
3094,-14737.06,37.0294,1.37,100.0,81.3
3095,-14798.31,451.0293,1.41,87.9,81.4
3096,-14742.51,143.5644,1.37,96.9,81.4
3097,-14737.06,62.8089,1.35,100.0,81.5
3098,-14745.91,47.0919,1.34,100.0,81.4
3099,-14737.06,17.7556,1.27,100.0,81.4
3100,-14737.06,9.9606,1.34,100.0,81.4
3101,-14787.95,263.0321,1.38,96.4,81.5
3102,-14742.26,85.5861,1.34,100.0,81.6
3103,-14739.08,48.8777,1.38,100.0,81.7
3104,-14739.08,26.9628,1.36,100.0,81.7
3105,-14742.8,9.7749,1.33,100.0,81.6
3106,-14739.08,6.6257,1.39,100.0,81.7
3107,-14739.08,2.7963,1.41,97.2,82.1
3108,-14745.91,3.0001,1.33,100.0,82.2
3109,-14745.05,17.2004,1.38,100.0,82.2
3110,-14739.08,10.4497,1.33,100.0,82.2
3111,-14739.08,9.4281,1.3,99.3,82.3
3112,-14758.17,38.1044,1.35,100.0,82.3
3113,-14745.05,64.7685,1.37,99.8,82.5
3114,-14745.05,18.8444,1.35,100.0,82.4
3115,-14739.08,11.9663,1.39,100.0,82.4
3116,-14739.08,4.4509,1.38,100.0,82.4
3117,-14739.08,3.5931,1.28,100.0,82.5
3118,-14742.26,4.9392,1.39,100.0,82.5
3119,-14732.91,14.322,1.4,100.0,82.6
3120,-14747.42,38.2362,1.39,100.0,82.7
3121,-14743.32,18.4477,1.37,100.0,82.7
3122,-14774.69,97.6191,1.42,100.0,82.7
3123,-14737.06,83.8463,1.3,98.1,82.9
3124,-14742.26,53.9325,1.33,100.0,82.9
3125,-14742.26,17.707,1.36,100.0,83.1
3126,-14758.17,35.0852,1.38,100.0,83.0
3127,-14733.25,131.8757,1.38,100.0,82.8
3128,-14811.13,358.2309,1.42,98.2,82.9
3129,-14733.25,85.0436,1.29,100.0,82.9
3130,-14759.18,85.2076,1.35,100.0,83.0
3131,-14759.18,48.8669,1.37,100.0,83.0
3132,-14742.26,70.5559,1.35,100.0,83.0
3133,-14733.25,42.5542,1.35,100.0,82.9
3134,-14742.26,14.6464,1.33,100.0,82.9
3135,-14733.25,20.0816,1.32,97.6,82.9
3136,-14733.25,16.122,1.35,100.0,83.0
3137,-14733.25,11.2323,1.41,98.0,83.2
3138,-14742.26,17.2616,1.33,100.0,83.2
3139,-14733.25,6.1159,1.37,100.0,82.7
3140,-14733.25,4.4641,1.4,94.2,82.7
3141,-14785.2,233.4113,1.38,97.7,82.7
3142,-14742.26,173.4424,1.32,100.0,82.8
3143,-14742.26,100.3192,1.32,100.0,82.9
3144,-14742.26,39.3058,1.36,100.0,82.9
3145,-14733.25,22.7823,1.37,100.0,82.8
3146,-14742.26,19.8527,1.37,98.8,82.6
3147,-14739.08,17.0215,1.34,98.1,82.5
3148,-14733.25,8.319,1.31,100.0,82.5
3149,-14742.98,26.9501,1.33,100.0,82.6
3150,-14792.67,457.4231,1.33,100.0,82.6
3151,-14825.29,331.4626,1.4,100.0,82.8
3152,-14813.62,109.6204,1.4,84.1,82.8
3153,-14785.02,105.398,1.43,96.2,82.8
3154,-14827.18,258.6235,1.34,100.0,82.7
3155,-14803.17,79.8848,1.32,100.0,82.8
3156,-14783.06,48.1877,1.31,100.0,82.8
3157,-14774.86,43.8312,1.36,100.0,82.9
3158,-14804.29,72.6873,1.36,93.0,82.9
3159,-14774.86,54.2663,1.35,100.0,82.9
3160,-14784.13,36.1403,1.38,100.0,82.9
3161,-14783.06,23.5231,1.39,100.0,82.9
3162,-14784.13,23.2354,1.32,100.0,82.9
3163,-14783.06,19.4156,1.37,100.0,83.0
3164,-14783.06,8.2301,1.44,93.0,83.0
3165,-14799.01,55.8978,1.41,98.1,83.0
3166,-14799.01,33.6489,1.35,100.0,83.1
3167,-14737.86,214.5096,1.33,100.0,83.1
3168,-14720.32,152.3838,1.27,100.0,83.1
3169,-14769.24,284.3293,1.37,100.0,83.3
3170,-14740.43,81.3429,1.4,92.7,83.2
3171,-14777.07,431.7602,1.4,100.0,83.3
3172,-14726.17,121.8077,1.37,100.0,83.2
3173,-14719.52,53.583,1.36,100.0,83.3
3174,-14769.24,320.6193,1.3,100.0,83.2
3175,-14724.78,18.2621,1.36,100.0,83.3
3176,-14739.34,39.3374,1.41,98.8,83.3
3177,-14735.36,44.8429,1.37,100.0,83.3
3178,-14726.46,23.876,1.34,100.0,83.4
3179,-14719.18,17.9038,1.34,100.0,83.4
3180,-14726.17,32.3931,1.27,100.0,83.5
3181,-14769.24,239.8538,1.36,100.0,83.6
3182,-14769.24,181.3416,1.46,92.6,83.5
3183,-14769.58,59.9746,1.39,100.0,83.6
3184,-14732.11,716.5623,1.42,100.0,83.6
3185,-14732.72,324.2856,1.44,100.0,83.6
3186,-14726.51,145.1922,1.37,99.6,83.6
3187,-14726.17,44.3983,1.33,100.0,83.7
3188,-14737.86,105.3357,1.35,100.0,83.7
3189,-14764.34,160.4086,1.39,100.0,83.7
3190,-14725.12,37.7391,1.35,100.0,83.7
3191,-14726.12,21.7482,1.33,100.0,83.8
3192,-14726.46,30.4502,1.3,99.2,83.8
3193,-14738.13,113.5917,1.32,100.0,83.9
3194,-14726.46,185.3485,1.37,97.9,84.0
3195,-14726.46,73.7718,1.41,100.0,84.0
3196,-14726.46,40.1105,1.34,100.0,82.2
3197,-14726.12,14.5203,1.43,88.4,82.3
3198,-14777.41,268.5795,1.45,94.2,82.3
3199,-14725.12,209.3136,1.34,100.0,82.5
3200,-14719.91,197.4516,1.34,100.0,82.5
3201,-14726.51,43.6986,1.37,100.0,82.7
3202,-14737.55,104.9492,1.32,100.0,82.6
3203,-14719.18,14.9566,1.37,97.1,82.8
3204,-14719.91,11.7368,1.36,99.4,83.1
3205,-14719.18,14.8595,1.35,100.0,83.2
3206,-14819.75,450.2275,1.35,100.0,83.2
3207,-14839.23,380.1682,1.31,100.0,83.2
3208,-14839.23,162.7321,1.35,100.0,83.1
3209,-14797.19,429.068,1.48,96.0,83.4
3210,-14839.23,76.3412,1.38,98.6,83.4
3211,-14747.76,321.9252,1.33,100.0,83.6
3212,-14804.29,216.4052,1.33,100.0,83.6
3213,-14839.23,420.5825,1.3,98.8,83.6
3214,-14838.3,71.3993,1.33,100.0,83.6
3215,-14776.35,363.2318,1.4,95.2,83.8
3216,-14839.23,77.0529,1.41,100.0,83.7
3217,-14794.67,86.4938,1.37,100.0,83.6
3218,-14751.2,139.1027,1.35,100.0,83.6
3219,-14804.29,166.6542,1.28,100.0,83.7
3220,-14751.2,49.0169,1.37,100.0,83.7
3221,-14744.27,42.3413,1.41,96.9,83.8
3222,-14749.87,21.5471,1.44,100.0,83.9
3223,-14751.2,15.8552,1.36,100.0,84.0
3224,-14757.64,36.5002,1.33,100.0,83.2
3225,-14744.27,81.6156,1.33,100.0,83.2
3226,-14751.2,17.9014,1.32,100.0,83.1
3227,-14751.2,21.722,1.38,96.6,83.3
3228,-14751.2,8.4259,1.41,100.0,83.2
3229,-14751.2,4.5267,1.4,99.1,83.3
3230,-14751.55,10.994,1.41,98.3,83.5
3231,-14751.2,14.8263,1.3,100.0,83.3
3232,-14794.67,258.8844,1.34,100.0,83.3
3233,-14805.76,193.629,1.44,100.0,83.4
3234,-14761.49,213.7409,1.37,100.0,83.4
3235,-14762.64,120.179,1.37,100.0,83.4
3236,-14761.31,50.4768,1.34,100.0,83.5
3237,-14754.33,54.1206,1.27,99.7,83.4
3238,-14758.85,56.6444,1.33,100.0,83.5
3239,-14757.17,22.2684,1.42,97.5,83.6
3240,-14779.88,63.216,1.36,100.0,83.6
3241,-14766.98,94.8704,1.4,100.0,83.3
3242,-14761.49,39.9821,1.37,100.0,84.1
3243,-14757.17,24.8695,1.29,100.0,84.1
3244,-14763.81,20.2835,1.39,100.0,84.0
3245,-14765.01,52.5063,1.4,98.6,84.2
3246,-14769.78,24.3992,1.34,100.0,84.3
3247,-14766.98,22.5172,1.33,100.0,84.3
3248,-14759.97,11.5406,1.31,100.0,84.3
3249,-14757.17,11.9034,1.29,100.0,83.5
3250,-14766.98,25.7308,1.41,100.0,83.6
3251,-14762.64,23.8124,1.38,98.7,83.5
3252,-14765.88,84.7612,1.3,100.0,83.5
3253,-14807.93,354.7975,1.32,100.0,83.5
3254,-14807.93,241.1535,1.3,100.0,83.6
3255,-14744.61,219.9507,1.34,100.0,83.6
3256,-14751.2,81.108,1.45,98.8,83.5
3257,-14744.27,74.0505,1.44,94.5,83.4
3258,-14745.3,118.6969,1.36,98.9,83.8
3259,-14751.2,15.8447,1.38,100.0,83.8
3260,-14745.05,18.98,1.32,100.0,83.9
3261,-14744.27,8.7807,1.31,100.0,83.8
3262,-14751.55,16.7148,1.4,100.0,83.8
3263,-14765.88,25.5624,1.37,97.8,84.2
3264,-14744.27,23.2711,1.3,100.0,84.3
3265,-14745.05,35.0827,1.34,100.0,84.3
3266,-14781.28,145.9974,1.33,100.0,84.2
3267,-14744.27,92.4659,1.34,100.0,84.1
3268,-14744.27,29.5962,1.41,97.6,83.8
3269,-14755.36,87.3781,1.41,88.3,84.0
3270,-14744.27,11.4886,1.33,100.0,84.1
3271,-14794.33,197.883,1.36,100.0,84.2
3272,-14807.93,163.0094,1.3,100.0,84.2
3273,-14749.87,175.3201,1.3,100.0,83.9
3274,-14749.87,107.0448,1.38,100.0,83.9
3275,-14765.88,98.0381,1.38,95.2,83.5
3276,-14756.0,52.2774,1.32,100.0,83.6
3277,-14749.87,68.9362,1.36,100.0,83.6
3278,-14751.2,30.6838,1.35,100.0,83.3
3279,-14762.76,46.5634,1.33,100.0,83.3
3280,-14765.88,17.5343,1.42,100.0,83.3
3281,-14751.2,31.0557,1.37,93.7,83.7
3282,-14765.88,3.7434,1.27,100.0,83.7
3283,-14751.2,8.8195,1.34,100.0,83.8
3284,-14750.21,27.885,1.31,100.0,83.8
3285,-14750.21,12.7001,1.33,100.0,83.8
3286,-14751.55,9.5915,1.42,96.5,84.1
3287,-14751.2,5.1591,1.35,97.0,83.2
3288,-14762.76,13.1323,1.36,100.0,83.2
3289,-14753.99,6.3652,1.36,100.0,83.3
3290,-14731.8,80.8043,1.35,100.0,83.3
3291,-14731.8,40.0396,1.36,100.0,83.3
3292,-14749.87,30.9949,1.35,100.0,83.8
3293,-14732.14,21.887,1.34,100.0,83.8
3294,-14733.47,15.332,1.34,100.0,83.8
3295,-14736.22,67.9301,1.37,100.0,83.6
3296,-14725.12,55.5962,1.31,100.0,83.6
3297,-14744.1,35.2716,1.35,100.0,83.6
3298,-14731.8,5.9684,1.36,97.1,84.0
3299,-14744.1,19.8936,1.32,100.0,83.9
3300,-14748.29,13.4401,1.38,100.0,83.9
3301,-14737.92,9.9346,1.4,99.7,83.5
3302,-14747.21,17.1129,1.32,100.0,83.5
3303,-14731.8,15.9029,1.34,100.0,83.5
3304,-14732.14,11.8786,1.35,100.0,83.5
3305,-14733.13,13.4899,1.3,100.0,83.5
3306,-14731.8,7.3524,1.39,100.0,83.6
3307,-14748.29,23.0415,1.36,100.0,83.6
3308,-14724.01,183.3915,1.35,100.0,83.0
3309,-14744.47,45.9813,1.31,100.0,83.1
3310,-14775.78,140.488,1.34,100.0,83.1
3311,-14744.47,27.7433,1.4,100.0,83.1
3312,-14744.47,16.2432,1.34,100.0,83.2
3313,-14775.78,89.9401,1.36,100.0,83.3
3314,-14749.31,36.4955,1.35,100.0,83.3
3315,-14747.18,14.1722,1.34,100.0,83.2
3316,-14778.48,76.972,1.4,99.9,83.2
3317,-14758.03,105.1331,1.39,100.0,83.3
3318,-14726.72,52.679,1.35,100.0,83.3
3319,-14747.18,95.7319,1.36,100.0,83.3
3320,-14744.47,48.8689,1.32,98.9,83.4
3321,-14741.42,24.3419,1.33,100.0,83.4
3322,-14738.41,32.3059,1.4,94.2,83.4
3323,-14735.91,55.4897,1.41,100.0,83.4
3324,-14731.8,20.124,1.35,100.0,83.5
3325,-14738.29,28.22,1.39,99.2,83.5
3326,-14724.78,17.1671,1.29,98.5,83.6
3327,-14741.16,15.9347,1.35,100.0,83.6
3328,-14736.09,35.3438,1.39,98.9,83.8
3329,-14724.78,62.9339,1.33,100.0,83.8
3330,-14728.9,11.3466,1.34,100.0,83.8
3331,-14731.9,31.1463,1.33,100.0,83.8
3332,-14754.09,41.6184,1.31,97.4,84.0
3333,-14724.78,173.1889,1.35,100.0,84.0
3334,-14738.64,60.2775,1.46,96.9,83.9
3335,-14731.9,36.0613,1.34,100.0,83.9
3336,-14731.9,10.5225,1.43,100.0,83.8
3337,-14731.9,5.9508,1.42,97.3,83.8
3338,-14732.24,9.8254,1.34,100.0,83.8
3339,-14736.09,18.924,1.34,100.0,83.7
3340,-14731.9,7.7763,1.37,100.0,83.9
3341,-14744.1,27.2297,1.37,100.0,83.9
3342,-14729.49,32.0341,1.37,100.0,83.9
3343,-14726.12,23.5222,1.38,100.0,83.9
3344,-14722.14,19.4572,1.28,100.0,83.9
3345,-14726.38,34.8498,1.32,100.0,83.9
3346,-14741.16,19.8576,1.37,100.0,83.9
3347,-14747.21,21.084,1.37,100.0,83.9
3348,-14797.85,155.9332,1.39,100.0,84.0
3349,-14717.95,135.826,1.41,95.7,84.2
3350,-14747.21,24.0374,1.31,100.0,84.1
3351,-14775.78,61.0534,1.36,100.0,84.1
3352,-14746.27,51.5909,1.38,100.0,84.1
3353,-14724.78,48.732,1.35,100.0,84.1
3354,-14726.12,28.5371,1.39,100.0,84.2
3355,-14724.78,8.7343,1.4,99.0,84.6
3356,-14724.78,7.5781,1.34,100.0,84.7
3357,-14736.22,45.3928,1.36,100.0,84.7
3358,-14736.22,21.649,1.36,100.0,84.6
3359,-14742.0,27.6238,1.35,100.0,84.6
3360,-14736.22,17.6166,1.41,99.2,84.6
3361,-14737.22,10.5448,1.43,93.0,84.7
3362,-14736.22,9.6624,1.31,100.0,84.7
3363,-14729.2,14.4426,1.35,100.0,84.8
3364,-14755.12,19.3063,1.35,100.0,84.7
3365,-14739.32,38.4675,1.31,100.0,84.8
3366,-14739.08,30.3407,1.36,100.0,84.9
3367,-14745.05,27.308,1.33,100.0,84.9
3368,-14758.17,27.3711,1.32,100.0,84.9
3369,-14758.17,19.6909,1.33,100.0,84.9
3370,-14745.05,26.1237,1.37,100.0,84.9
3371,-14729.27,22.8432,1.35,100.0,84.9
3372,-14745.05,10.1099,1.39,100.0,84.9
3373,-14750.46,26.3531,1.36,100.0,85.0
3374,-14733.75,105.6413,1.35,100.0,85.0
3375,-14737.29,25.1719,1.38,100.0,85.1
3376,-14726.19,30.0355,1.32,100.0,85.0
3377,-14737.29,27.8169,1.32,100.0,85.0
3378,-14744.56,24.1428,1.38,100.0,85.1
3379,-14762.3,40.9119,1.31,100.0,85.1
3380,-14747.44,40.8761,1.37,100.0,85.1
3381,-14737.63,24.1575,1.42,97.5,85.1
3382,-14744.27,98.2336,1.36,100.0,85.1
3383,-14733.13,37.6543,1.32,100.0,85.1
3384,-14771.35,168.3825,1.32,100.0,85.2
3385,-14726.38,140.7872,1.32,100.0,85.2
3386,-14726.38,99.1774,1.39,100.0,85.2
3387,-14783.8,504.761,1.43,98.5,85.3
3388,-14727.86,49.2187,1.37,97.1,85.4
3389,-14771.35,109.1467,1.31,100.0,85.4
3390,-14733.13,73.1217,1.34,100.0,85.5
3391,-14726.19,31.6791,1.35,100.0,85.7
3392,-14726.19,32.2154,1.37,100.0,85.7
3393,-14751.2,60.1611,1.39,92.5,85.6
3394,-14742.68,134.3774,1.33,99.5,85.1
3395,-14747.21,32.4669,1.35,100.0,85.1
3396,-14733.13,8.1222,1.34,100.0,85.1
3397,-14737.29,48.1783,1.35,100.0,85.2
3398,-14744.27,45.0181,1.4,100.0,85.3
3399,-14724.01,73.9689,1.37,100.0,85.4
3400,-14726.38,28.6324,1.29,100.0,85.3
3401,-14726.19,14.8528,1.33,100.0,85.4
3402,-14802.66,397.7445,1.33,100.0,85.3
3403,-14747.21,44.4194,1.38,100.0,85.4
3404,-14733.72,121.6237,1.41,92.7,85.6
3405,-14733.13,39.6495,1.39,97.3,85.6
3406,-14726.19,12.5522,1.35,100.0,85.6
3407,-14747.21,51.0318,1.39,100.0,85.6
3408,-14733.13,31.7987,1.34,100.0,85.7
3409,-14726.19,21.5305,1.34,100.0,85.6
3410,-14816.93,396.4479,1.41,98.9,85.7
3411,-14810.95,165.98,1.36,100.0,85.8
3412,-14755.32,401.8411,1.32,100.0,85.8
3413,-14724.01,343.3665,1.34,100.0,85.9
3414,-14726.38,85.5524,1.28,100.0,85.9
3415,-14776.25,451.1889,1.37,100.0,85.9
3416,-14733.13,25.4154,1.4,94.2,86.0
3417,-14733.13,26.8016,1.35,100.0,86.0
3418,-14726.19,14.1315,1.37,100.0,86.0
3419,-14726.19,10.6347,1.37,100.0,86.0
3420,-14733.13,4.4394,1.28,100.0,86.2
3421,-14744.56,54.3439,1.36,100.0,86.1
3422,-14744.23,26.8075,1.38,100.0,86.1
3423,-14737.29,18.613,1.28,100.0,86.0
3424,-14733.43,26.655,1.35,100.0,86.1
3425,-14776.25,354.6869,1.4,100.0,86.0
3426,-14791.51,198.5573,1.32,100.0,86.1
3427,-14724.01,300.3255,1.35,100.0,86.1
3428,-14772.6,88.2836,1.34,100.0,86.1
3429,-14769.64,75.5668,1.33,100.0,86.1
3430,-14733.64,319.8779,1.42,100.0,86.2
3431,-14722.67,157.9106,1.44,91.8,86.3
3432,-14778.94,261.7687,1.35,100.0,86.2
3433,-14742.89,83.8896,1.38,100.0,86.2
3434,-14769.64,79.9726,1.31,100.0,86.3
3435,-14771.35,133.4969,1.3,100.0,86.2
3436,-14753.58,85.5633,1.38,100.0,86.3
3437,-14778.94,157.4172,1.41,98.4,86.5
3438,-14758.54,83.1652,1.35,100.0,86.6
3439,-14722.33,137.8114,1.36,100.0,86.5
3440,-14722.33,70.1855,1.32,100.0,86.6
3441,-14771.69,308.6504,1.36,100.0,86.6
3442,-14722.67,51.5524,1.42,100.0,86.7
3443,-14787.35,231.0651,1.38,99.8,86.7
3444,-14733.13,115.5249,1.34,100.0,86.8
3445,-14733.13,61.8354,1.35,100.0,86.8
3446,-14729.44,57.5248,1.31,100.0,86.8
3447,-14733.43,58.462,1.33,100.0,86.9
3448,-14722.33,23.8526,1.38,99.8,86.9
3449,-14782.45,290.5908,1.4,100.0,87.0
3450,-14722.67,21.993,1.35,100.0,87.0
3451,-14738.96,20.4316,1.36,100.0,86.9
3452,-14737.79,35.0419,1.42,100.0,87.1
3453,-14744.47,20.1367,1.35,100.0,87.0
3454,-14722.33,14.827,1.36,100.0,87.0
3455,-14782.45,305.7013,1.37,100.0,87.1
3456,-14744.34,73.1089,1.35,100.0,87.2
3457,-14738.13,61.7643,1.36,100.0,87.1
3458,-14748.89,31.3755,1.36,100.0,87.3
3459,-14750.86,56.2005,1.34,100.0,87.3
3460,-14722.33,84.4463,1.32,100.0,87.3
3461,-14722.33,33.4773,1.3,100.0,87.2
3462,-14737.79,71.3326,1.35,100.0,87.3
3463,-14782.45,253.9133,1.41,98.2,87.7
3464,-14778.94,177.8143,1.35,95.4,87.5
3465,-14748.89,152.318,1.35,100.0,87.6
3466,-14771.35,102.4666,1.3,100.0,87.5
3467,-14737.79,72.5023,1.3,100.0,87.5
3468,-14737.79,39.3201,1.35,100.0,87.6
3469,-14729.1,30.0073,1.36,100.0,87.7
3470,-14724.01,43.8107,1.36,100.0,87.8
3471,-14722.33,24.0783,1.33,100.0,87.8
3472,-14758.54,133.2369,1.31,100.0,87.6
3473,-14729.15,69.4231,1.35,100.0,87.6
3474,-14722.33,29.5693,1.39,94.7,87.5
3475,-14771.35,295.6159,1.44,99.4,87.6
3476,-14724.78,21.1673,1.44,99.1,87.7
3477,-14724.78,12.2446,1.39,100.0,87.4
3478,-14772.77,214.244,1.4,100.0,87.4
3479,-14771.35,190.3986,1.33,100.0,87.4
3480,-14724.78,196.5414,1.33,100.0,87.3
3481,-14772.77,92.4326,1.37,100.0,87.4
3482,-14729.49,55.3249,1.36,100.0,87.5
3483,-14729.15,14.8666,1.35,100.0,87.5
3484,-14727.86,10.8399,1.35,100.0,87.6
3485,-14729.15,4.3304,1.33,100.0,87.6
3486,-14738.96,43.7021,1.29,100.0,87.7
3487,-14761.77,56.0692,1.35,100.0,87.6
3488,-14755.99,46.2051,1.4,100.0,87.6
3489,-14750.34,39.712,1.41,100.0,87.5
3490,-14740.58,11.565,1.33,100.0,87.6
3491,-14746.18,13.3372,1.37,100.0,87.6
3492,-14738.76,35.3501,1.39,100.0,87.7
3493,-14740.25,24.8331,1.32,100.0,87.5
3494,-14771.35,283.8894,1.37,100.0,87.6
3495,-14792.67,304.3032,1.38,100.0,87.8
3496,-14800.46,259.8397,1.28,100.0,87.7
3497,-14745.63,201.3215,1.37,100.0,87.7
3498,-14722.33,60.8993,1.37,98.9,87.8
3499,-14722.33,64.9913,1.33,100.0,87.9
3500,-14724.78,31.77,1.36,100.0,87.8
3501,-14731.48,9.9843,1.35,100.0,87.9
3502,-14744.47,49.598,1.36,100.0,87.9
3503,-14724.78,18.6726,1.46,96.7,88.1
3504,-14818.69,450.3015,1.43,89.5,87.9
3505,-14749.83,23.6612,1.32,100.0,87.9
3506,-14787.38,198.0645,1.31,100.0,88.0
3507,-14821.4,148.5247,1.31,100.0,87.9
3508,-14775.78,171.9679,1.35,100.0,88.0
3509,-14754.23,279.6195,1.4,91.4,88.1
3510,-14758.03,171.4832,1.43,99.2,88.1
3511,-14744.47,69.89,1.35,100.0,88.1
3512,-14778.88,274.7208,1.34,100.0,88.2
3513,-14744.47,64.0533,1.36,100.0,88.3
3514,-14724.01,110.14,1.42,100.0,88.2
3515,-14790.09,269.0353,1.39,96.2,88.2
3516,-14755.32,112.2598,1.37,98.7,88.2
3517,-14775.78,30.4059,1.32,100.0,88.2
3518,-14744.47,70.8469,1.45,100.0,88.3
3519,-14744.47,50.4807,1.33,100.0,88.4
3520,-14727.86,39.6397,1.34,100.0,88.4
3521,-14744.47,36.5873,1.37,98.8,88.4
3522,-14744.47,13.3319,1.33,100.0,87.9
3523,-14775.48,133.6012,1.38,100.0,86.5
3524,-14727.86,77.6519,1.37,100.0,86.4
3525,-14731.91,49.8389,1.29,100.0,86.5
3526,-14744.47,45.7063,1.34,100.0,86.6
3527,-14740.82,23.8375,1.39,100.0,86.6
3528,-14735.91,15.8194,1.36,100.0,86.7
3529,-14727.86,15.4762,1.39,100.0,86.7
3530,-14724.91,48.2349,1.31,100.0,86.6
3531,-14729.42,69.5514,1.28,100.0,86.7
3532,-14744.47,28.5187,1.38,100.0,86.7
3533,-14714.51,13.9511,1.42,99.7,86.8
3534,-14725.61,57.3481,1.34,100.0,86.9
3535,-14718.56,16.4696,1.39,100.0,86.9
3536,-14714.51,14.0015,1.36,97.9,86.8
3537,-14711.43,14.4319,1.32,100.0,86.9
3538,-14733.4,18.4833,1.35,100.0,86.9
3539,-14710.28,57.5508,1.36,100.0,86.9
3540,-14818.69,351.9985,1.3,100.0,87.0
3541,-14835.23,317.2869,1.34,100.0,87.1
3542,-14816.86,170.9657,1.33,100.0,87.1
3543,-14821.4,102.402,1.35,100.0,87.0
3544,-14808.62,35.496,1.39,100.0,87.1
3545,-14726.72,282.3504,1.34,100.0,87.1
3546,-14772.6,155.456,1.32,100.0,87.2
3547,-14756.17,102.898,1.37,100.0,87.4
3548,-14808.33,133.891,1.4,100.0,87.4
3549,-14821.4,170.1081,1.41,100.0,87.2
3550,-14733.4,219.2185,1.43,100.0,87.4
3551,-14710.28,173.7099,1.39,100.0,87.4
3552,-14724.86,94.6485,1.29,100.0,87.4
3553,-14764.7,196.941,1.35,100.0,87.5
3554,-14804.96,291.6361,1.36,100.0,87.6
3555,-14727.57,284.8665,1.37,100.0,87.5
3556,-14764.7,116.3122,1.38,99.7,87.5
3557,-14760.88,104.3604,1.4,100.0,87.5
3558,-14730.42,35.6576,1.34,100.0,87.6
3559,-14710.28,50.7836,1.36,100.0,87.5
3560,-14733.4,28.6341,1.38,99.0,87.6
3561,-14718.56,18.8736,1.42,100.0,87.7
3562,-14773.65,194.3082,1.37,94.6,87.7
3563,-14715.8,98.8254,1.32,100.0,87.7
3564,-14710.28,85.4063,1.31,100.0,87.7
3565,-14715.8,53.6086,1.35,100.0,87.7
3566,-14727.69,32.4229,1.35,100.0,87.8
3567,-14715.8,52.6184,1.33,100.0,87.8
3568,-14715.8,38.9276,1.38,100.0,87.9
3569,-14714.85,39.6051,1.35,100.0,87.9
3570,-14712.0,100.1156,1.31,100.0,87.9
3571,-14722.56,43.4404,1.35,100.0,88.0
3572,-14718.56,18.5506,1.42,100.0,87.9
3573,-14714.51,11.7326,1.41,100.0,88.0
3574,-14715.8,8.1631,1.36,98.7,88.1
3575,-14718.56,38.6675,1.34,100.0,87.7
3576,-14714.85,11.9711,1.34,100.0,87.5
3577,-14715.8,11.0402,1.33,100.0,87.5
3578,-14710.71,23.1502,1.4,100.0,87.5
3579,-14721.83,13.6476,1.38,99.9,87.5
3580,-14724.88,10.769,1.31,100.0,87.6
3581,-14708.38,7.5282,1.34,100.0,87.5
3582,-14707.09,3.9507,1.36,100.0,87.7
3583,-14704.42,49.1934,1.32,100.0,87.2
3584,-14719.0,16.4454,1.36,99.9,86.9
3585,-14771.89,231.2275,1.35,100.0,87.0
3586,-14719.0,150.5891,1.34,100.0,87.0
3587,-14710.28,152.0048,1.4,99.7,87.1
3588,-14730.74,29.4029,1.34,100.0,87.1
3589,-14730.74,32.2251,1.34,100.0,87.1
3590,-14756.17,69.0424,1.34,100.0,87.2
3591,-14736.11,66.4895,1.3,100.0,87.1
3592,-14730.74,22.3655,1.33,100.0,86.1
3593,-14708.98,17.0181,1.37,99.1,86.1
3594,-14733.45,25.8927,1.33,100.0,86.0
3595,-14733.4,11.5866,1.37,100.0,86.1
3596,-14715.8,19.6008,1.33,100.0,86.2
3597,-14715.8,9.0254,1.31,100.0,86.2
3598,-14730.74,22.6329,1.4,97.7,86.3
3599,-14730.74,11.0969,1.44,84.7,86.3
3600,-14714.51,18.6174,1.34,100.0,86.4
3601,-14714.51,7.2096,1.35,100.0,86.4
3602,-14715.8,17.6347,1.33,100.0,86.5
3603,-14730.37,26.7934,1.32,100.0,86.6
3604,-14722.56,34.6684,1.39,100.0,86.7
3605,-14735.31,36.9201,1.39,99.3,86.8
3606,-14718.56,25.4365,1.35,100.0,86.7
3607,-14731.81,25.0444,1.42,100.0,86.6
3608,-14715.8,26.3061,1.35,100.0,86.7
3609,-14727.69,17.3168,1.35,100.0,86.7
3610,-14727.69,7.765,1.37,100.0,86.8
3611,-14710.28,56.2614,1.4,99.4,86.9
3612,-14727.69,44.7616,1.32,100.0,86.8
3613,-14730.74,21.8313,1.35,100.0,86.9
3614,-14714.51,31.7663,1.32,100.0,86.9
3615,-14727.69,4.6741,1.31,100.0,86.8
3616,-14730.74,3.7849,1.38,100.0,86.9
3617,-14714.51,12.1854,1.38,100.0,86.9
3618,-14718.45,9.7985,1.35,100.0,86.9
3619,-14708.98,39.0799,1.38,100.0,87.0
3620,-14730.74,31.2144,1.42,99.0,87.1
3621,-14715.8,3.8863,1.35,100.0,87.1
3622,-14715.8,3.6993,1.41,100.0,87.1
3623,-14715.8,1.7367,1.34,100.0,87.1
3624,-14729.88,49.9612,1.29,100.0,87.1
3625,-14740.18,56.7635,1.4,100.0,87.1
3626,-14723.21,134.7068,1.35,100.0,87.1
3627,-14727.35,26.3831,1.34,100.0,87.2
3628,-14731.63,25.2524,1.37,100.0,87.2
3629,-14714.85,27.9086,1.34,100.0,87.2
3630,-14720.54,17.6266,1.35,100.0,87.3
3631,-14714.85,15.8943,1.39,100.0,87.3
3632,-14730.74,22.0482,1.43,98.6,87.3
3633,-14733.4,13.1898,1.37,100.0,87.3
3634,-14730.74,7.3391,1.39,100.0,87.2
3635,-14730.74,5.1087,1.36,100.0,87.3
3636,-14710.28,40.6497,1.31,100.0,87.3
3637,-14715.8,18.0503,1.33,100.0,87.4
3638,-14730.74,8.3428,1.36,100.0,87.5
3639,-14724.86,17.8051,1.35,100.0,87.4
3640,-14738.59,36.6782,1.58,100.0,88.1
3641,-14724.01,36.48,1.33,100.0,88.1
3642,-14794.43,314.3129,1.38,100.0,88.2
3643,-14732.31,66.3531,1.36,100.0,88.1
3644,-14744.47,20.1169,1.38,100.0,88.1
3645,-14727.86,19.8648,1.39,100.0,88.0
3646,-14714.51,17.1917,1.35,100.0,87.9
3647,-14714.51,14.2843,1.41,100.0,88.0
3648,-14723.03,60.2125,1.4,100.0,88.0
3649,-14714.85,10.5534,1.35,100.0,88.1
3650,-14723.03,36.8252,1.3,100.0,88.0
3651,-14715.8,11.3668,1.29,100.0,87.9
3652,-14715.9,37.9419,1.36,100.0,87.9
3653,-14726.9,70.8268,1.34,100.0,87.8
3654,-14714.51,9.128,1.4,100.0,87.8
3655,-14708.98,7.9917,1.37,100.0,87.9
3656,-14715.8,2.0852,1.34,100.0,87.9
3657,-14715.8,0.9844,1.36,100.0,87.3
3658,-14715.8,0.5755,1.33,100.0,87.4
3659,-14727.24,48.7946,1.34,100.0,87.4
3660,-14769.1,149.5501,1.39,100.0,87.4
3661,-14780.64,139.5569,1.37,98.8,87.4
3662,-14730.2,114.9959,1.36,100.0,87.5
3663,-14732.65,99.647,1.35,100.0,87.4
3664,-14771.35,143.6883,1.3,100.0,87.4
3665,-14732.31,183.1469,1.31,100.0,87.4
3666,-14750.11,119.8918,1.36,100.0,87.4
3667,-14732.31,50.2629,1.34,100.0,87.4
3668,-14780.3,260.7883,1.34,100.0,87.4
3669,-14743.74,60.6807,1.36,100.0,87.4
3670,-14747.78,31.5652,1.35,100.0,87.4
3671,-14732.31,55.1106,1.35,100.0,87.4
3672,-14737.02,53.9433,1.36,100.0,87.3
3673,-14740.96,28.4398,1.32,100.0,87.2
3674,-14780.3,173.9202,1.34,100.0,87.2
3675,-14740.96,64.0996,1.41,100.0,87.3
3676,-14747.78,31.9962,1.34,100.0,87.4
3677,-14794.43,241.3931,1.34,100.0,87.4
3678,-14745.63,70.4296,1.32,100.0,87.4
3679,-14751.52,22.0917,1.29,100.0,87.4
3680,-14745.63,15.4401,1.41,100.0,87.6
3681,-14794.43,188.8109,1.42,81.8,87.5
3682,-14794.43,144.4752,1.38,100.0,87.6
3683,-14794.43,79.5311,1.37,100.0,87.6
3684,-14745.63,178.2548,1.31,100.0,87.6
3685,-14794.43,229.6328,1.27,100.0,87.6
3686,-14754.17,107.4618,1.4,100.0,87.7
3687,-14739.01,72.9889,1.36,94.7,87.7
3688,-14736.68,27.6168,1.29,100.0,87.7
3689,-14754.17,24.0227,1.35,100.0,87.6
3690,-14739.01,20.6526,1.33,100.0,87.7
3691,-14735.39,8.132,1.33,100.0,87.8
3692,-14739.35,17.3965,1.41,98.3,87.9
3693,-14737.02,6.7233,1.38,95.9,87.9
3694,-14729.86,16.1599,1.33,100.0,87.8
3695,-14739.01,6.3471,1.37,100.0,87.8
3696,-14729.86,7.3312,1.35,100.0,87.9
3697,-14748.11,92.6932,1.32,100.0,87.9
3698,-14736.68,7.2669,1.35,100.0,87.9
3699,-14729.15,27.3873,1.33,100.0,88.1
3700,-14740.25,48.8893,1.32,100.0,88.1
3701,-14731.91,26.2852,1.39,100.0,87.9
3702,-14729.15,11.2586,1.38,100.0,88.0
3703,-14729.15,3.5944,1.33,100.0,88.0
3704,-14727.86,5.2626,1.35,100.0,88.1
3705,-14718.45,28.1059,1.3,100.0,88.1
3706,-14727.86,8.04,1.36,100.0,88.2
3707,-14715.8,14.0941,1.42,98.2,88.3
3708,-14714.51,8.0025,1.34,100.0,88.3
3709,-14729.55,44.0523,1.33,100.0,88.2
3710,-14715.8,35.3234,1.3,100.0,88.1
3711,-14715.8,11.0771,1.31,100.0,88.2
3712,-14722.33,42.6516,1.39,98.1,88.3
3713,-14727.86,15.8004,1.43,90.8,88.4
3714,-14714.51,33.0176,1.34,100.0,88.4
3715,-14714.51,18.5567,1.38,100.0,88.4
3716,-14714.51,5.4953,1.32,100.0,88.5
3717,-14715.8,2.1191,1.31,100.0,88.5
3718,-14731.28,52.8953,1.4,100.0,88.3
3719,-14738.07,61.4581,1.4,98.7,87.7
3720,-14735.31,70.97,1.34,99.4,87.6
3721,-14720.54,36.474,1.32,100.0,87.7
3722,-14718.56,16.7194,1.3,100.0,87.6
3723,-14720.54,11.3755,1.33,100.0,87.6
3724,-14718.13,34.4921,1.4,97.3,87.5
3725,-14744.14,74.8012,1.41,96.6,87.6
3726,-14711.43,26.3393,1.31,100.0,87.5
3727,-14747.12,36.5929,1.37,100.0,87.6
3728,-14744.47,24.211,1.33,100.0,87.6
3729,-14747.12,15.7039,1.33,100.0,87.6
3730,-14727.86,10.3258,1.4,100.0,87.6
3731,-14731.91,10.9091,1.4,99.3,87.7
3732,-14744.63,46.6532,1.33,100.0,88.0
3733,-14752.16,88.4547,1.34,100.0,88.0
3734,-14731.91,32.6984,1.34,100.0,87.9
3735,-14746.49,18.0254,1.35,100.0,87.9
3736,-14731.91,42.8675,1.43,100.0,88.0
3737,-14741.42,57.2082,1.39,99.8,88.2
3738,-14729.15,38.6052,1.33,100.0,88.3
3739,-14727.86,12.3973,1.37,100.0,88.4
3740,-14751.52,33.9271,1.39,100.0,88.5
3741,-14736.68,36.8919,1.35,100.0,88.4
3742,-14737.76,25.498,1.35,100.0,88.5
3743,-14737.76,12.975,1.39,100.0,88.4
3744,-14735.39,6.4131,1.29,100.0,88.4
3745,-14739.44,15.5679,1.35,100.0,88.5
3746,-14726.99,30.7024,1.37,100.0,88.6
3747,-14735.39,12.3808,1.34,100.0,88.6
3748,-14752.51,58.9041,1.36,100.0,88.7
3749,-14754.24,74.0414,1.35,100.0,88.7
3750,-14739.44,57.5916,1.37,100.0,88.8
3751,-14735.39,15.4325,1.44,100.0,88.8
3752,-14752.59,99.2305,1.43,95.9,88.9
3753,-14754.24,50.0633,1.39,99.0,89.0
3754,-14735.39,109.9961,1.35,100.0,89.0
3755,-14751.52,71.6468,1.31,100.0,89.1
3756,-14735.39,19.3802,1.33,100.0,89.2
3757,-14735.39,23.0564,1.38,100.0,89.2
3758,-14735.39,13.4709,1.37,99.5,89.2
3759,-14735.39,5.3816,1.37,100.0,89.3
3760,-14735.39,3.6356,1.38,100.0,89.2
3761,-14754.24,39.1469,1.31,100.0,89.2
3762,-14754.24,20.1287,1.37,100.0,89.3
3763,-14735.39,46.6198,1.45,98.3,89.4
3764,-14758.18,145.6944,1.41,97.5,88.7
3765,-14754.24,29.2683,1.42,98.3,88.2
3766,-14739.44,57.5668,1.35,100.0,88.3
3767,-14736.68,70.6932,1.31,100.0,88.2
3768,-14739.44,34.6559,1.35,100.0,88.3
3769,-14752.59,50.694,1.34,100.0,88.3
3770,-14735.39,33.9449,1.34,100.0,88.2
3771,-14736.68,19.7777,1.35,100.0,88.2
3772,-14752.59,73.9122,1.33,100.0,88.2
3773,-14735.39,9.5062,1.32,100.0,88.3
3774,-14733.88,26.3646,1.37,100.0,88.3
3775,-14729.15,38.7436,1.41,100.0,88.4
3776,-14731.91,24.5393,1.36,99.5,88.4
3777,-14746.97,35.2087,1.35,100.0,88.5
3778,-14756.46,37.5983,1.33,100.0,88.4
3779,-14727.86,125.7225,1.32,100.0,88.4
3780,-14741.42,131.1217,1.33,100.0,88.5
3781,-14738.96,119.2408,1.35,100.0,88.5
3782,-14729.15,27.3176,1.38,100.0,88.6
3783,-14729.15,18.5713,1.34,100.0,88.7
3784,-14729.15,12.5398,1.33,100.0,88.8
3785,-14714.51,21.537,1.4,100.0,88.7
3786,-14731.91,38.1062,1.34,95.5,88.7
3787,-14715.8,16.0343,1.31,100.0,88.7
3788,-14731.48,12.3948,1.38,100.0,88.8
3789,-14714.51,15.4343,1.34,100.0,88.8
3790,-14714.85,21.1985,1.31,100.0,88.9
3791,-14730.74,20.8793,1.36,100.0,88.9
3792,-14714.51,14.4137,1.31,100.0,88.9
3793,-14714.51,7.1921,1.31,100.0,88.9
3794,-14730.74,18.9811,1.39,98.6,88.6
3795,-14715.8,8.0223,1.38,100.0,88.7
3796,-14735.39,61.5783,1.4,100.0,88.5
3797,-14729.86,28.6229,1.44,97.3,88.6
3798,-14739.01,15.719,1.43,91.6,88.7
3799,-14725.95,57.4739,1.31,100.0,88.8
3800,-14720.08,72.3587,1.35,100.0,88.9
3801,-14715.8,37.9829,1.41,100.0,89.0
3802,-14715.8,25.316,1.35,100.0,89.0
3803,-14706.11,19.7048,1.35,100.0,89.2
3804,-14730.74,34.7716,1.32,100.0,89.4
3805,-14715.8,19.0929,1.31,100.0,89.4
3806,-14715.8,9.2403,1.37,97.0,89.4
3807,-14730.74,16.5533,1.35,99.9,89.4
3808,-14715.8,19.4924,1.39,100.0,89.4
3809,-14715.8,9.514,1.4,94.4,89.5
3810,-14708.98,9.749,1.39,97.4,89.6
3811,-14710.28,29.4706,1.35,100.0,89.7
3812,-14710.28,15.5089,1.35,100.0,89.6
3813,-14730.74,45.1728,1.33,100.0,89.6
3814,-14715.8,40.5638,1.33,100.0,89.6
3815,-14710.28,28.3446,1.39,99.1,89.7
3816,-14805.91,605.4597,1.33,100.0,89.9
3817,-14710.28,16.2409,1.33,100.0,89.8
3818,-14710.28,8.0192,1.47,98.5,89.9
3819,-14708.98,21.0084,1.33,100.0,89.9
3820,-14712.84,23.7208,1.36,100.0,90.0
3821,-14718.45,21.4241,1.47,99.4,90.0
3822,-14718.45,12.4487,1.33,100.0,90.1
3823,-14733.49,31.5954,1.35,100.0,90.1
3824,-14718.45,9.2241,1.35,100.0,90.1
3825,-14719.78,2.5266,1.34,100.0,90.2
3826,-14719.78,2.1235,1.33,100.0,90.1
3827,-14715.8,3.8164,1.37,100.0,90.2
3828,-14730.37,13.7415,1.3,100.0,90.3
3829,-14715.8,28.7746,1.35,100.0,90.3
3830,-14726.9,48.879,1.34,99.9,89.8
3831,-14718.45,9.9815,1.36,100.0,89.9
3832,-14708.98,20.275,1.38,100.0,90.0
3833,-14708.98,11.2903,1.34,100.0,89.9
3834,-14710.28,30.5452,1.34,100.0,89.8
3835,-14708.98,9.0512,1.33,100.0,89.8
3836,-14720.08,41.6486,1.45,99.4,89.8
3837,-14720.08,24.2311,1.41,98.1,89.7
3838,-14733.49,126.1433,1.36,99.9,89.6
3839,-14708.98,75.5294,1.37,100.0,89.7
3840,-14718.45,47.0834,1.31,99.7,89.6
3841,-14724.57,57.5046,1.33,100.0,89.7
3842,-14722.56,52.6662,1.37,94.6,89.9
3843,-14729.55,28.3479,1.42,100.0,89.9
3844,-14730.74,11.4485,1.38,100.0,89.9
3845,-14722.56,43.8198,1.37,100.0,89.9
3846,-14708.98,41.908,1.34,100.0,89.9
3847,-14710.28,70.096,1.33,100.0,89.9
3848,-14724.01,70.9966,1.41,98.2,90.0
3849,-14771.89,213.6267,1.37,100.0,90.0
3850,-14727.69,138.9274,1.36,100.0,90.1
3851,-14708.98,212.1461,1.31,100.0,90.0
3852,-14727.69,39.0682,1.28,100.0,90.0
3853,-14710.28,43.5681,1.36,100.0,90.0
3854,-14730.74,19.225,1.48,93.4,90.1
3855,-14771.89,213.3196,1.34,100.0,90.1
3856,-14710.28,238.6889,1.36,100.0,90.1
3857,-14730.74,42.7577,1.4,100.0,90.2
3858,-14718.45,41.036,1.3,100.0,90.2
3859,-14710.28,43.9286,1.35,100.0,90.3
3860,-14730.74,10.6294,1.36,100.0,90.3
3861,-14733.49,16.1839,1.35,100.0,90.2
3862,-14758.0,170.5306,1.33,100.0,90.2
3863,-14715.8,70.1247,1.32,100.0,89.7
3864,-14715.8,36.62,1.29,100.0,89.8
3865,-14700.57,68.1893,1.36,100.0,89.9
3866,-14708.98,25.2836,1.36,100.0,90.0
3867,-14710.28,49.5662,1.36,100.0,89.8
3868,-14708.98,10.9132,1.38,100.0,89.9
3869,-14715.8,10.5165,1.37,97.9,89.9
3870,-14758.0,194.5101,1.34,100.0,90.0
3871,-14708.98,109.5356,1.35,100.0,90.0
3872,-14715.8,32.7523,1.35,100.0,90.0
3873,-14730.74,49.2566,1.31,100.0,90.1
3874,-14758.0,208.7374,1.34,100.0,90.2
3875,-14708.98,75.0909,1.37,100.0,90.1
3876,-14715.8,28.3249,1.34,100.0,90.1
3877,-14710.28,56.6884,1.38,100.0,90.2
3878,-14708.98,31.0285,1.3,100.0,89.6
3879,-14711.43,23.377,1.36,100.0,89.7
3880,-14708.98,14.5406,1.43,100.0,89.8
3881,-14708.98,11.1663,1.35,100.0,89.8
3882,-14708.98,6.6211,1.39,100.0,89.8
3883,-14718.82,46.0691,1.38,98.8,89.8
3884,-14731.82,52.8688,1.35,97.0,90.2
3885,-14721.58,23.1525,1.33,100.0,90.3
3886,-14731.87,67.804,1.37,100.0,90.4
3887,-14737.58,25.268,1.33,100.0,90.5
3888,-14741.68,17.5945,1.39,100.0,90.4
3889,-14717.55,29.9206,1.42,99.9,90.6
3890,-14722.9,32.3775,1.3,100.0,90.8
3891,-14722.0,21.369,1.35,100.0,90.9
3892,-14717.55,36.2804,1.38,97.8,91.3
3893,-14718.48,19.8762,1.32,100.0,91.0
3894,-14717.55,55.8492,1.39,100.0,91.1
3895,-14725.95,15.9813,1.38,99.0,90.9
3896,-14718.82,21.6799,1.33,96.3,91.0
3897,-14729.56,8.3474,1.33,100.0,91.1
3898,-14707.74,42.6017,1.35,100.0,91.5
3899,-14718.82,13.9471,1.33,100.0,91.5
3900,-14700.57,54.5978,1.41,100.0,91.7
3901,-14708.98,20.694,1.4,98.6,91.7
3902,-14708.98,13.0872,1.31,100.0,91.6
3903,-14708.98,9.3756,1.36,100.0,91.7
3904,-14711.43,7.9139,1.34,97.5,91.0
3905,-14746.85,143.9754,1.34,100.0,91.1
3906,-14757.95,105.9451,1.37,100.0,91.1
3907,-14724.86,125.0194,1.33,100.0,91.0
3908,-14779.28,166.7438,1.27,100.0,90.9
3909,-14779.28,97.8511,1.36,98.8,90.0
3910,-14773.65,83.3321,1.29,100.0,89.1
3911,-14730.74,92.4545,1.33,100.0,88.5
3912,-14733.4,47.6062,1.34,100.0,88.6
3913,-14718.13,21.3909,1.3,100.0,88.7
3914,-14711.43,21.7182,1.39,100.0,88.7
3915,-14711.43,13.8527,1.42,94.2,88.7
3916,-14718.66,43.9867,1.3,100.0,88.6
3917,-14759.42,229.6463,1.36,100.0,88.6
3918,-14759.42,181.5897,1.37,100.0,88.2
3919,-14722.53,129.4532,1.33,100.0,88.2
3920,-14711.43,71.2941,1.38,100.0,88.3
3921,-14722.53,105.3295,1.44,99.4,88.4
3922,-14718.13,15.2231,1.31,99.2,88.5
3923,-14759.42,147.69,1.33,100.0,88.6
3924,-14720.08,109.1483,1.33,100.0,88.5
3925,-14711.43,53.0222,1.35,100.0,88.7
3926,-14711.43,37.934,1.43,100.0,89.1
3927,-14718.13,18.6423,1.44,92.8,89.3
3928,-14718.13,11.2279,1.34,98.9,89.5
3929,-14718.13,6.0076,1.33,100.0,89.6
3930,-14729.23,58.1283,1.33,100.0,89.6
3931,-14718.13,7.5208,1.33,100.0,89.7
3932,-14714.51,4.3129,1.37,100.0,89.5
3933,-14711.43,11.4838,1.46,98.2,89.7
3934,-14711.43,6.9384,1.34,100.0,89.7
3935,-14724.86,7.2041,1.29,100.0,89.6
3936,-14718.13,10.9484,1.33,100.0,89.7
3937,-14715.8,12.7361,1.36,100.0,89.7
3938,-14718.13,4.6341,1.34,99.3,88.6
3939,-14718.13,2.7638,1.41,100.0,88.7
3940,-14765.55,87.2777,1.39,99.4,88.9
3941,-14860.44,392.2015,1.34,100.0,89.0
3942,-14881.99,444.3137,1.34,100.0,88.4
3943,-14896.16,161.3459,1.39,100.0,88.4
3944,-14876.39,153.4438,1.32,100.0,88.4
3945,-14917.07,151.9837,1.34,100.0,88.4
3946,-14870.12,415.1079,1.34,100.0,88.4
3947,-14923.35,76.8842,1.29,100.0,88.4
3948,-14924.8,50.4509,1.35,100.0,88.3
3949,-14891.74,48.1694,1.43,100.0,88.3
3950,-14882.67,22.9913,1.36,100.0,88.3
3951,-14867.45,226.6104,1.34,100.0,88.2
3952,-14888.65,72.7084,1.34,100.0,88.2
3953,-14923.21,128.2496,1.3,100.0,88.1
3954,-14890.15,100.064,1.38,100.0,88.1
3955,-14882.63,30.2052,1.43,99.8,88.1
3956,-14855.3,272.4403,1.33,100.0,88.1
3957,-14817.5,100.9654,1.39,100.0,88.1
3958,-14771.15,181.7742,1.32,100.0,88.1
3959,-14800.76,97.6773,1.3,97.1,87.9
3960,-14800.76,73.2425,1.37,100.0,88.0
3961,-14800.76,38.7175,1.41,99.4,88.1
3962,-14769.46,74.6619,1.35,100.0,88.0
3963,-14781.99,94.1599,1.39,100.0,88.2
3964,-14840.63,304.0501,1.41,94.8,88.1
3965,-14781.99,65.8351,1.27,100.0,88.1
3966,-14798.05,39.5862,1.37,100.0,88.1
3967,-14762.71,78.3626,1.44,100.0,88.1
3968,-14766.75,23.1472,1.35,100.0,88.1
3969,-14781.99,32.6624,1.39,100.0,88.2
3970,-14711.43,239.9933,1.45,95.4,88.2
3971,-14759.42,20.2076,1.31,97.7,88.1
3972,-14762.71,12.168,1.32,100.0,88.1
3973,-14765.54,38.9166,1.36,100.0,88.3
3974,-14711.43,111.8331,1.36,100.0,87.9
3975,-14711.43,54.7586,1.41,96.8,87.8
3976,-14704.58,73.6802,1.39,96.4,87.9
3977,-14711.43,20.2137,1.31,100.0,87.9
3978,-14711.43,10.2742,1.34,100.0,87.9
3979,-14711.43,4.5944,1.36,100.0,88.1
3980,-14762.71,233.2261,1.32,100.0,88.2
3981,-14704.58,116.0696,1.41,97.8,88.4
3982,-14711.43,27.9053,1.37,99.1,88.5
3983,-14759.42,283.1585,1.28,100.0,88.4
3984,-14711.43,8.2496,1.34,100.0,88.5
3985,-14733.4,17.0602,1.34,100.0,88.5
3986,-14733.4,10.5277,1.36,100.0,88.5
3987,-14733.4,5.4439,1.46,98.1,88.7
3988,-14854.87,487.9223,1.37,99.9,88.7
3989,-14847.33,313.7756,1.35,100.0,88.8
3990,-14883.05,249.8972,1.36,100.0,88.8
3991,-14912.29,145.5789,1.41,100.0,88.7
3992,-14847.37,132.8848,1.33,100.0,88.6
3993,-14805.74,202.5139,1.38,100.0,88.6
3994,-14786.18,469.6532,1.39,100.0,88.7
3995,-14768.93,175.502,1.32,100.0,88.7
3996,-14844.66,384.6337,1.35,100.0,88.7
3997,-14852.74,362.4053,1.34,100.0,88.7
3998,-14814.08,145.3645,1.32,100.0,88.3
3999,-14766.21,162.1711,1.35,100.0,88.4
4000,-14776.3,145.9648,1.33,100.0,88.8
4001,-14823.34,141.4892,1.28,99.6,88.6
4002,-14777.85,73.9784,1.4,98.6,89.0
4003,-14792.67,56.5511,1.39,99.2,88.5
4004,-14159.77,26730.9517,1.31,100.0,88.6
4005,-14823.26,142.5907,1.38,100.0,88.6
4006,-14200.43,24301.0317,1.33,97.8,88.7
4007,-14794.52,164.814,1.28,100.0,88.5
4008,-14785.99,127.6015,1.36,100.0,88.6
4009,-14775.14,86.8875,1.38,100.0,88.5
4010,-14768.54,120.3753,1.34,100.0,88.5
4011,-14773.59,45.8676,1.37,100.0,88.5
4012,-14835.56,241.8044,1.36,100.0,88.5
4013,-14143.21,25276.8765,1.3,100.0,88.6
4014,-14172.76,24450.4863,1.34,95.4,88.6
4015,-14166.36,24247.7695,1.36,100.0,88.8
4016,-14170.05,20516.1562,1.34,100.0,88.6
4017,-14207.39,18523.8164,1.35,100.0,88.6
4018,-14863.99,7720.8818,1.3,98.9,88.6
4019,-14845.2,7666.5527,1.36,100.0,88.5
4020,-14783.74,4297.1997,1.35,100.0,88.6
4021,-14769.75,2374.8952,1.32,100.0,88.7
4022,-14787.52,997.9448,1.38,100.0,88.7
4023,-14162.62,19466.2065,1.33,98.8,88.8
4024,-14148.55,21301.2686,1.31,100.0,88.8
4025,-14148.55,19823.0059,1.38,100.0,88.6
4026,-14161.12,18578.8296,1.32,97.3,88.6
4027,-14146.7,16517.7947,1.28,100.0,88.6
4028,-14161.12,14449.8369,1.33,100.0,88.7
4029,-14863.99,12382.9961,1.39,100.0,88.7
4030,-14862.19,12213.5559,1.34,100.0,88.7
4031,-14800.12,8944.5663,1.39,100.0,88.8
4032,-14765.53,4907.1143,1.32,100.0,88.9
4033,-14166.62,12600.7139,1.28,100.0,88.7
4034,-14787.52,3119.3897,1.42,99.5,88.9
4035,-14170.05,12751.9253,1.36,95.0,88.8
4036,-14792.67,2627.132,1.37,100.0,88.8
4037,-14786.45,2026.2358,1.38,100.0,88.9
4038,-14166.44,17564.0898,1.26,100.0,89.8
4039,-14172.76,16123.009,1.32,100.0,89.8
4040,-14204.07,14299.3567,1.34,99.9,89.5
4041,-14161.12,11961.9097,1.28,100.0,89.5
4042,-14857.77,5709.181,1.31,100.0,89.4
4043,-14866.21,6456.0162,1.35,100.0,89.4
4044,-14786.45,4509.6572,1.35,100.0,89.5
4045,-14783.74,3184.1468,1.39,98.6,89.1
4046,-14244.67,14112.7908,1.37,99.8,89.1
4047,-14163.83,13495.1765,1.31,100.0,89.0
4048,-14163.83,11811.2451,1.32,100.0,89.0
4049,-14860.58,3661.2138,1.36,100.0,89.1
4050,-14866.1,4146.9907,1.32,100.0,89.1
4051,-14786.45,3136.0051,1.36,100.0,89.0
4052,-14161.12,12829.1252,1.32,100.0,89.1
4053,-14197.93,12499.6924,1.3,100.0,89.1
4054,-14200.36,12517.9451,1.34,100.0,89.1
4055,-14159.77,11225.6636,1.31,100.0,89.1
4056,-14247.36,9437.624,1.28,100.0,89.1
4057,-14823.26,7247.859,1.4,100.0,89.2
4058,-14786.45,7690.8569,1.32,100.0,89.1
4059,-14867.58,6876.761,1.34,100.0,89.2
4060,-14789.27,4966.9299,1.36,100.0,89.2
4061,-14837.04,3639.9919,1.31,100.0,89.1
4062,-14244.95,13738.2002,1.27,100.0,89.2
4063,-14226.76,12293.3445,1.32,100.0,89.2
4064,-14197.74,12672.0215,1.33,100.0,89.3
4065,-14163.83,10664.6809,1.34,100.0,89.3
4066,-14166.36,9339.72,1.36,97.5,89.2
4067,-14232.43,8073.2604,1.28,100.0,89.2
4068,-14862.19,10546.2173,1.31,100.0,89.0
4069,-14821.84,9962.0764,1.4,100.0,89.1
4070,-14866.21,8296.3066,1.33,100.0,89.1
4071,-14783.74,5930.4514,1.35,100.0,89.2
4072,-14831.65,4586.5391,1.34,100.0,89.3
4073,-14792.67,3811.1834,1.29,100.0,89.3
4074,-14797.14,3315.2315,1.37,100.0,89.3
4075,-14173.22,20370.4185,1.35,97.8,89.4
4076,-14181.57,14283.9094,1.4,99.4,89.4
4077,-14169.07,14030.0234,1.33,100.0,89.4
4078,-14216.85,11930.696,1.28,100.0,89.4
4079,-14239.57,10026.8003,1.3,100.0,89.5
4080,-14242.28,8748.7178,1.29,100.0,89.5
4081,-14158.24,6930.692,1.3,100.0,89.5
4082,-14864.9,9254.1113,1.33,100.0,89.6
4083,-14192.43,5094.5742,1.33,100.0,89.6
4084,-14293.95,5285.5206,1.32,100.0,89.6
4085,-14327.69,3990.6354,1.31,100.0,89.7
4086,-14280.73,3114.1666,1.37,100.0,89.6
4087,-14280.73,2025.6962,1.33,100.0,89.5
4088,-14340.87,1207.4706,1.3,100.0,89.5
4089,-14975.24,21902.21,1.34,100.0,89.5
4090,-14828.09,18394.4443,1.34,100.0,89.6
4091,-14934.03,15897.6465,1.34,100.0,89.6
4092,-14881.13,13785.3318,1.35,100.0,89.8
4093,-14254.34,8358.7993,1.3,100.0,89.7
4094,-14294.47,7115.5679,1.34,100.0,89.6
4095,-14328.94,4185.1807,1.31,100.0,88.7
4096,-14372.67,4584.4822,1.32,100.0,88.6
4097,-14361.11,3310.3158,1.31,100.0,88.8
4098,-14371.41,1987.6812,1.31,100.0,88.8
4099,-14329.67,1039.8735,1.32,100.0,89.0
4100,-14333.6,614.5411,1.31,100.0,89.0
4101,-14333.6,567.3795,1.32,100.0,89.0
4102,-14278.0,837.7366,1.26,100.0,89.0
4103,-14283.44,410.8669,1.31,100.0,89.0
4104,-14333.6,672.7899,1.36,100.0,89.1
4105,-14984.43,25979.6865,1.37,94.5,89.0
4106,-14927.72,19388.4609,1.35,100.0,89.1
4107,-14283.08,1541.4725,1.28,100.0,89.1
4108,-14283.08,1553.3921,1.27,100.0,89.1
4109,-14283.08,865.0697,1.32,100.0,89.2
4110,-14283.44,331.6908,1.32,98.9,89.3
4111,-14278.0,302.8784,1.33,100.0,89.3
4112,-14278.0,205.4943,1.28,100.0,89.3
4113,-14295.6,228.9849,1.31,100.0,89.3
4114,-14242.28,244.3461,1.33,100.0,89.3
4115,-14278.0,215.5852,1.36,99.1,89.3
4116,-14245.01,85.9834,1.25,99.7,89.5
4117,-14209.03,173.8757,1.29,100.0,89.6
4118,-14891.31,24679.4092,1.36,100.0,89.6
4119,-14860.77,22320.022,1.32,100.0,89.5
4120,-14167.51,1066.444,1.33,100.0,89.5
4121,-14818.87,19911.9438,1.38,95.1,89.6
4122,-14178.86,1606.3457,1.26,100.0,89.5
4123,-14178.92,1405.7893,1.31,100.0,89.6
4124,-14210.83,754.5571,1.28,100.0,89.7
4125,-14178.92,322.3831,1.31,100.0,89.7
4126,-14818.87,23399.7866,1.35,100.0,89.9
4127,-14853.37,21995.8569,1.35,100.0,89.8
4128,-14803.43,21321.8096,1.42,99.3,90.0
4129,-14865.99,19263.9224,1.42,59.3,90.2
4130,-14742.71,17075.4658,1.39,59.3,90.5
4131,-14167.51,4329.4784,1.27,56.3,90.5
4132,-14167.51,4339.3523,1.31,55.7,90.5
4133,-14155.41,3567.0426,1.25,54.0,90.5
4134,-14226.63,1672.0275,1.25,55.7,90.5
4135,-14178.92,991.0616,1.27,57.5,90.6
4136,-14239.57,2156.3047,1.19,54.4,90.6
4137,-14239.57,1874.4348,1.26,55.9,90.9
4138,-14866.21,18790.6885,1.39,57.7,91.2
4139,-14787.82,16744.0623,1.32,54.7,91.2
4140,-14178.92,1377.8631,1.3,55.1,91.2
4141,-14197.93,1680.9831,1.31,55.1,91.3
4142,-14210.22,948.2122,1.21,54.8,91.3
4143,-14155.41,782.586,1.21,54.9,91.3
4144,-14178.92,550.3587,1.31,58.2,91.3
4145,-14148.55,485.3391,1.23,54.3,91.4
4146,-14178.92,330.823,1.26,55.9,91.3
4147,-14214.13,688.5529,1.35,54.7,91.5
4148,-14237.93,394.8632,1.29,57.7,91.5
4149,-14777.41,22035.6362,1.31,54.6,91.5
4150,-14791.33,20683.9419,1.4,55.2,91.6
4151,-14806.58,18902.9932,1.26,55.0,91.6
4152,-14785.96,18308.2847,1.23,54.7,91.8
4153,-14798.53,17066.106,1.36,54.9,91.2
4154,-14819.53,15067.9285,1.32,54.6,91.3
4155,-14114.63,10049.6824,1.24,54.4,91.2
4156,-14178.86,6626.625,1.29,55.9,91.3
4157,-14170.05,4734.7426,1.25,54.9,91.4
4158,-14192.43,2746.8299,1.36,60.9,91.7
4159,-14811.0,15616.4031,1.49,59.7,92.2
4160,-14834.36,15206.5227,1.42,56.5,92.2
4161,-14892.0,14633.4326,1.38,56.0,92.4
4162,-14232.43,2628.8754,1.33,58.9,92.5
4163,-14197.67,2862.8889,1.26,55.8,92.7
4164,-14166.54,2592.4688,1.29,56.3,92.7
4165,-14875.7,18416.4165,1.36,56.5,92.8
4166,-14885.0,18852.2935,1.37,56.6,92.8
4167,-14883.91,16275.4866,1.32,55.2,92.8
4168,-14846.24,14364.1206,1.33,55.1,92.8
4169,-14795.37,11151.541,1.3,56.0,92.8
4170,-14170.05,6210.6921,1.27,54.9,92.9
4171,-14148.57,9183.7515,1.33,57.4,93.0
4172,-14168.73,6740.3047,1.39,57.2,93.0
4173,-14146.7,4805.5989,1.29,55.6,93.1
4174,-14146.7,3169.5344,1.21,54.3,93.1
4175,-14201.9,2363.9266,1.26,55.1,93.1
4176,-14846.24,17983.8228,1.34,54.7,93.2
4177,-14883.91,18143.9521,1.35,56.0,93.3
4178,-14786.53,15384.6848,1.41,56.9,93.1
4179,-14166.36,2401.0944,1.26,56.0,93.0
4180,-14161.12,2106.1175,1.25,55.8,92.9
4181,-14170.05,1393.8581,1.3,55.1,93.1
4182,-14836.78,17397.7002,1.36,55.3,93.1
4183,-14166.36,1196.2918,1.29,54.1,93.1
4184,-14168.71,598.2007,1.4,54.7,93.2
4185,-14239.53,941.578,2.25,54.6,92.8
4186,-14250.23,756.3666,1.31,90.0,93.1
4187,-14166.36,1101.3911,1.3,100.0,93.0
4188,-14146.7,1056.9598,1.28,100.0,92.9
4189,-14232.43,432.3064,1.31,100.0,92.9
4190,-14152.41,498.7551,1.36,100.0,92.9
4191,-14146.7,360.6899,1.39,99.9,92.0
4192,-14210.22,431.2249,1.29,100.0,92.0
4193,-14155.41,200.8865,1.32,100.0,92.1
4194,-14222.24,248.4001,1.31,100.0,92.2
4195,-14155.41,118.2323,1.33,100.0,92.3
4196,-14166.62,86.9486,1.38,99.4,92.1
4197,-14143.21,53.1459,1.31,97.7,92.1
4198,-14800.84,25613.2534,1.37,100.0,92.0
4199,-14160.89,125.5891,1.32,100.0,92.2
4200,-14160.89,82.9122,1.28,60.7,92.3
4201,-14787.56,22334.3354,1.4,54.4,92.5
4202,-14244.67,969.3666,1.31,54.1,92.6
4203,-14806.58,20360.791,1.25,53.2,92.6
4204,-14814.45,19439.2705,1.28,54.5,92.6
4205,-14839.49,17141.791,1.31,54.1,92.6
4206,-14787.56,15851.0715,1.28,53.9,92.5
4207,-14197.74,9875.5051,1.3,55.0,92.6
4208,-14860.61,11553.3806,1.29,53.3,92.7
4209,-14175.94,12042.9329,1.18,54.1,92.7
4210,-14165.13,11893.762,1.3,54.6,92.7
4211,-14169.03,6208.0255,1.32,54.4,92.8
4212,-14809.29,10962.7734,1.34,54.6,92.9
4213,-14817.11,10669.9963,1.41,55.2,93.0
4214,-14808.18,8035.0757,1.4,55.0,93.1
4215,-14170.05,7457.1155,1.24,53.6,93.0
4216,-14166.32,7035.9054,1.24,54.4,93.1
4217,-14197.67,6836.9437,1.33,55.7,93.2
4218,-14163.83,4478.3669,1.24,54.6,93.2
4219,-14795.37,10344.968,1.3,55.1,93.3
4220,-14853.37,12222.6323,1.32,53.5,93.4
4221,-14806.69,9993.218,1.22,52.9,93.2
4222,-14814.4,9516.0237,1.31,55.0,93.3
4223,-14808.18,8215.634,1.39,55.5,93.4
4224,-14161.12,8323.9541,1.31,54.8,93.4
4225,-14161.12,9033.9792,1.26,54.4,93.3
4226,-14169.07,8830.7319,1.26,52.9,93.4
4227,-14169.07,7231.7725,1.19,53.7,93.4
4228,-14166.36,5731.2468,1.25,54.3,93.5
4229,-14166.36,4743.8578,2.17,54.0,93.5
4230,-14169.07,4180.8083,1.3,54.3,93.5
4231,-14169.07,3761.5781,1.29,55.3,93.6
4232,-14166.62,2746.5397,1.29,55.9,93.6
4233,-14155.53,2489.2953,1.22,53.1,93.6
4234,-14166.86,1445.1381,1.22,54.6,93.7
4235,-14152.41,1181.8911,1.32,54.0,93.8
4236,-14811.69,21038.6108,1.38,54.3,93.8
4237,-14811.49,16710.47,1.31,54.1,93.8
4238,-14197.93,1500.9244,1.27,54.2,93.7
4239,-14175.57,1638.4841,1.28,56.6,93.9
4240,-14197.67,1498.1387,1.29,54.3,93.9
4241,-14197.67,1125.786,1.37,55.7,94.0
4242,-14226.23,1361.5724,1.34,55.0,94.0
4243,-14155.41,576.6851,1.27,55.4,94.0
4244,-14166.62,542.2966,1.19,53.9,94.1
4245,-14166.86,415.1024,2.37,54.5,93.1
4246,-14791.33,22990.4688,1.32,56.3,93.2
4247,-14791.33,22690.4302,1.51,49.0,92.4
4248,-14791.33,20370.5513,1.34,54.6,92.5
4249,-14155.53,856.5156,1.3,54.7,92.6
4250,-14146.7,797.1658,1.23,52.9,92.3
4251,-14146.7,483.0631,1.22,54.1,91.8
4252,-14146.7,356.112,1.32,54.3,91.9
4253,-14161.12,370.1324,1.37,53.9,92.0
4254,-14795.37,21476.6558,1.27,53.3,91.8
4255,-14155.41,323.9254,2.41,51.4,91.8
4256,-14166.86,297.9566,1.22,53.9,91.8
4257,-14166.62,202.9125,1.24,52.6,91.6
4258,-14791.33,22985.0425,1.28,53.7,91.7
4259,-14788.5,21980.519,1.25,53.8,91.7
4260,-14788.5,19987.7603,1.36,54.0,91.8
4261,-14788.5,18065.5776,1.34,54.0,91.9
4262,-14788.5,16572.6433,1.2,54.4,91.7
4263,-14785.96,16490.1711,1.31,54.0,91.7
4264,-14806.75,14668.7341,1.33,54.7,91.8
4265,-14785.96,13209.3181,1.33,53.8,91.9
4266,-14806.75,9586.5758,1.4,53.8,92.0
4267,-14114.63,15674.1672,1.41,54.6,91.9
4268,-14109.86,14644.4824,1.27,55.5,92.0
4269,-14124.43,8919.4539,1.23,56.8,92.1
4270,-14160.89,5220.3735,1.27,56.4,92.3
4271,-14166.32,3864.5795,1.26,65.6,92.4
4272,-14143.21,3299.4957,1.32,100.0,92.4
4273,-14166.44,3110.3818,1.3,100.0,92.3
4274,-14815.05,18802.4287,1.24,78.1,92.3
4275,-14765.83,16890.5195,1.32,58.8,92.6
4276,-14765.53,14464.4294,1.38,54.0,92.7
4277,-14787.52,13656.509,1.28,54.3,92.7
4278,-14787.52,10410.4624,1.31,53.8,92.7
4279,-14166.32,5160.4149,1.25,54.4,92.6
4280,-14148.55,5574.3666,1.15,53.9,92.7
4281,-14166.32,4711.7312,1.22,55.3,92.7
4282,-14131.11,4109.1373,1.26,54.8,92.3
4283,-14169.03,2938.6701,1.26,53.9,92.4
4284,-14178.86,2653.5079,2.35,49.4,88.6
4285,-14166.32,2536.4287,1.24,54.8,88.7
4286,-14143.21,2280.3688,1.21,54.0,88.7
4287,-14155.41,1739.0575,1.21,55.3,88.6
4288,-14148.57,1831.1637,1.19,53.6,88.6
4289,-14143.21,1427.7143,1.27,55.5,88.7
4290,-14161.12,1295.3383,1.32,54.1,88.7
4291,-14143.21,1031.217,1.18,53.4,88.8
4292,-14166.62,875.6485,1.24,54.9,89.0
4293,-14155.41,384.7856,1.26,54.6,89.1
4294,-14146.7,136.1924,1.2,54.7,88.9
4295,-14148.57,214.6878,1.3,54.4,88.8
4296,-14160.89,313.5371,1.26,53.4,88.2
4297,-14148.55,117.0282,1.14,53.9,87.6
4298,-14160.98,103.6396,1.24,54.6,87.7
4299,-14148.55,47.6125,1.27,54.8,87.8
4300,-14146.7,71.8935,1.24,53.9,87.7
4301,-14148.55,73.7923,1.31,55.0,87.8
4302,-14143.21,26.5403,1.3,54.3,87.9
4303,-14159.65,50.1925,1.18,53.9,87.2
4304,-14148.89,32.673,1.27,54.8,87.1
4305,-14160.89,39.4438,1.23,55.0,87.2
4306,-14159.65,69.3301,1.28,54.6,87.2
4307,-14159.65,35.5661,1.27,54.4,87.2
4308,-14173.71,73.6502,1.17,53.6,87.3
4309,-14114.2,358.5927,1.2,54.9,87.4
4310,-14159.99,15.9192,1.28,54.2,87.4
4311,-14161.12,41.0288,1.23,54.8,87.3
4312,-14159.65,20.2385,1.31,54.3,87.2
4313,-14155.41,49.1459,1.35,54.2,87.3
4314,-14166.62,35.4253,1.18,54.0,87.3
4315,-14146.7,86.7377,1.19,55.1,87.4
4316,-14146.7,59.8231,1.25,54.6,87.4
4317,-14148.55,62.2785,1.22,54.0,87.5
4318,-14155.41,48.7569,1.23,54.6,87.5
4319,-14155.41,31.4548,1.31,53.8,87.6
4320,-14166.62,26.6177,1.2,54.1,87.4
4321,-14161.12,32.4779,1.23,54.3,87.5
4322,-14155.41,13.4422,1.26,54.6,87.6
4323,-14146.7,25.7375,1.24,54.3,87.5
4324,-14163.83,38.2688,1.27,54.1,87.5
4325,-14166.86,27.875,1.26,55.4,87.6
4326,-14143.21,27.0114,1.14,53.4,87.6
4327,-14155.41,55.3053,1.22,55.9,87.6
4328,-14155.53,106.855,1.29,55.1,87.7
4329,-14146.7,32.0783,1.26,54.8,87.6
4330,-14146.7,13.9076,1.25,54.0,87.6
4331,-14146.7,7.6286,1.26,54.4,87.5
4332,-14329.67,1095.7232,1.18,54.0,87.6
4333,-14337.57,595.7307,1.21,54.5,87.5
4334,-14328.53,420.4511,1.28,54.1,87.7
4335,-14377.17,173.9119,1.22,55.8,87.7
4336,-14393.1,233.0121,1.22,55.6,87.8
4337,-14367.63,200.9411,1.18,54.8,87.7
4338,-14370.34,87.6361,1.23,54.0,87.7
4339,-14395.11,226.7665,1.28,54.8,87.8
4340,-14422.05,68.7672,1.31,55.4,87.8
4341,-14476.39,362.1232,1.24,53.8,87.9
4342,-14330.15,1496.5223,1.18,55.0,87.9
4343,-14301.93,737.7386,1.15,54.2,87.9
4344,-14339.07,302.1663,1.18,54.2,88.0
4345,-14358.62,466.7708,1.2,54.3,87.8
4346,-14379.2,415.0346,1.22,54.0,87.8
4347,-14372.45,260.5161,1.2,54.2,87.9
4348,-14319.52,379.4693,1.17,53.7,87.9
4349,-14370.05,135.9921,1.21,53.7,88.0
4350,-14330.54,62.0731,1.22,53.8,87.9
4351,-14339.6,65.2929,1.22,54.6,88.0
4352,-14330.54,20.3965,1.24,54.3,88.0
4353,-14335.97,33.9226,1.19,52.2,87.9
4354,-14326.94,52.921,1.13,54.1,87.8
4355,-14326.94,18.4467,1.2,54.3,87.9
4356,-14375.33,269.9554,1.22,53.1,88.0
4357,-14328.53,136.803,1.2,54.0,88.0
4358,-14328.53,72.6683,1.24,55.1,88.1
4359,-14403.39,336.7616,1.18,53.8,88.0
4360,-14377.17,94.8446,1.14,53.3,87.9
4361,-14328.53,132.57,1.22,54.1,87.9
4362,-14328.53,63.8354,1.21,53.5,88.0
4363,-14396.94,389.3883,1.18,54.2,88.0
4364,-14413.99,258.3471,1.17,53.8,88.1
4365,-14328.53,135.551,1.16,54.1,88.2
4366,-14317.46,265.4865,3.36,50.0,87.7
4367,-14328.53,52.2184,1.17,54.3,87.8
4368,-14328.53,22.2945,1.22,54.0,87.8
4369,-14298.3,101.0932,1.19,54.4,87.8
4370,-14344.53,84.8968,1.2,53.5,87.8
4371,-14298.3,58.235,1.15,53.6,87.9
4372,-14346.12,91.6565,1.11,53.1,87.8
4373,-14336.33,49.123,1.17,53.6,87.8
4374,-14318.39,134.7136,1.26,52.2,87.9
4375,-14327.52,110.345,1.21,54.0,88.0
4376,-14327.85,30.7531,1.19,54.3,88.0
4377,-14299.88,152.6205,1.24,52.8,87.9
4378,-14358.0,210.7503,1.21,53.1,86.4
4379,-14370.44,415.6289,1.2,54.7,86.3
4380,-14299.88,242.8599,1.25,54.4,86.4
4381,-14329.11,50.902,1.2,54.8,86.4
4382,-14328.53,53.6358,1.16,54.6,86.3
4383,-14318.39,12.8276,1.2,54.9,86.4
4384,-14375.33,258.2095,1.25,53.9,86.4
4385,-14299.88,182.2489,1.19,54.6,86.5
4386,-14328.17,11.8962,1.25,54.3,86.5
4387,-14321.34,154.4256,1.21,53.3,86.3
4388,-14299.88,38.2305,1.15,53.6,86.3
4389,-14328.17,145.1568,1.22,54.2,86.3
4390,-14281.78,176.834,1.2,54.0,86.2
4391,-14346.87,180.6057,1.15,54.2,86.3
4392,-14291.25,190.6492,1.17,54.0,86.3
4393,-14271.47,174.7634,1.14,54.2,86.4
4394,-14200.36,105.9892,1.17,52.8,86.4
4395,-14251.01,410.0016,1.32,52.8,86.4
4396,-14192.24,34.5105,1.32,52.1,86.4
4397,-14191.05,19.4695,1.18,53.9,86.4
4398,-14200.73,26.5879,1.21,54.6,86.5
4399,-14161.59,224.5594,1.17,54.0,86.5
4400,-14161.59,150.1926,1.2,54.8,86.0
4401,-14238.53,404.7282,1.29,55.4,86.0
4402,-14328.53,495.9892,1.32,53.4,86.0
4403,-14299.88,188.7665,1.18,54.2,85.8
4404,-14299.88,177.763,1.22,54.9,85.9
4405,-14282.41,172.8952,1.26,55.1,86.1
4406,-14317.53,263.3263,1.2,54.3,86.1
4407,-14252.58,100.2728,1.28,54.0,86.1
4408,-14299.88,97.8387,1.29,53.3,86.1
4409,-14281.42,69.7169,1.14,54.4,86.1
4410,-14282.41,95.2558,1.22,55.1,86.1
4411,-14242.74,208.387,1.31,54.2,86.1
4412,-14223.4,42.8819,1.23,54.7,86.0
4413,-14202.95,26.5861,1.32,54.3,86.2
4414,-14232.98,85.6818,1.3,55.0,86.1
4415,-14269.52,312.996,1.15,54.7,86.1
4416,-14203.59,288.9555,1.25,55.1,86.1
4417,-14228.32,149.4674,1.26,54.2,86.1
4418,-14251.82,157.2263,1.2,54.9,86.2
4419,-14245.01,64.3945,1.22,54.9,86.2
4420,-14263.89,268.6955,1.2,54.9,86.2
4421,-14204.45,171.6774,1.22,54.7,86.1
4422,-14197.64,82.3328,1.27,54.2,86.2
4423,-14219.13,388.8245,1.33,51.7,85.9
4424,-14200.43,250.1636,1.31,53.5,85.8
4425,-14161.92,178.093,1.17,54.2,85.8
4426,-14200.43,70.2549,1.22,55.2,85.9
4427,-14228.16,253.8098,1.25,54.6,85.9
4428,-14200.43,42.3975,1.22,54.7,85.8
4429,-14182.2,144.7784,1.28,55.0,85.9
4430,-14191.43,32.123,1.29,54.1,86.0
4431,-14191.43,22.5769,1.2,55.1,85.9
4432,-14192.03,49.2187,1.27,54.8,86.0
4433,-14163.08,153.0147,1.29,54.4,86.0
4434,-14193.24,37.262,1.21,54.9,86.0
4435,-14192.03,41.8635,1.31,54.6,86.1
4436,-14192.03,22.1164,1.19,54.1,86.0
4437,-14192.14,51.2199,1.19,54.2,86.1
4438,-14162.45,95.5457,1.28,54.2,86.0
4439,-14162.45,41.8682,1.28,54.0,86.1
4440,-14162.45,25.5483,1.25,54.4,86.1
4441,-14192.5,69.9608,1.26,54.4,86.1
4442,-14228.32,103.2983,1.18,54.1,86.2
4443,-14210.82,117.7471,1.23,54.1,86.2
4444,-14180.67,78.0266,1.31,55.2,86.3
4445,-14210.78,204.3872,1.21,53.9,86.1
4446,-14161.28,31.024,1.19,54.5,86.1
4447,-14192.59,20.1646,1.19,55.4,86.2
4448,-14178.54,24.4654,1.22,54.6,86.2
4449,-14172.35,19.8277,1.22,54.7,86.3
4450,-14172.68,402.0708,1.25,53.6,86.2
4451,-14826.83,27614.9404,1.24,52.9,86.2
4452,-14775.53,24465.7773,1.2,54.3,86.2
4453,-14733.19,20567.7886,1.34,53.5,87.3
4454,-14739.22,15627.9951,1.28,53.7,87.4
4455,-14725.22,11884.405,1.22,54.7,87.4
4456,-14753.35,8815.3713,1.24,54.5,87.5
4457,-14802.53,5680.0057,1.26,53.5,87.4
4458,-14767.75,4826.1365,1.16,53.5,87.5
4459,-14763.73,3211.1149,1.24,54.4,87.5
4460,-14751.61,1122.9136,1.35,53.2,87.6
4461,-14755.63,590.4853,1.27,54.7,87.5
4462,-14742.84,335.6274,1.31,54.4,87.5
4463,-14730.42,349.7734,1.38,54.5,87.6
4464,-14787.6,604.8119,1.22,53.9,87.5
4465,-14726.57,649.1232,1.24,55.1,87.6
4466,-14715.46,1024.8067,1.34,54.6,87.6
4467,-14730.42,411.9199,1.28,55.4,87.7
4468,-14730.42,318.1458,1.28,54.1,87.6
4469,-14730.42,160.882,1.27,55.3,87.6
4470,-14742.96,119.0801,1.21,54.0,87.7
4471,-14749.89,91.9394,1.21,54.4,87.7
4472,-14740.11,206.6374,1.32,55.6,87.8
4473,-14733.75,446.5102,1.3,53.3,87.7
4474,-14759.88,123.7075,1.29,54.9,87.6
4475,-14758.81,421.9044,1.39,54.6,87.7
4476,-14725.09,199.6028,1.36,54.2,87.8
4477,-14719.95,224.5082,1.2,54.1,87.8
4478,-14748.6,239.7405,1.25,54.4,87.8
4479,-14779.73,117.6933,1.29,54.4,87.9
4480,-14739.21,102.4767,1.25,54.4,87.7
4481,-14737.49,68.9533,1.23,55.2,87.8
4482,-14737.49,43.766,1.22,54.0,87.8
4483,-14719.95,117.1552,1.2,52.8,87.8
4484,-14746.29,67.9248,1.2,53.9,87.9
4485,-14701.36,187.2328,1.27,52.1,88.0
4486,-14720.45,286.6514,1.29,52.2,88.0
4487,-14715.46,59.7785,1.23,53.7,88.0
4488,-14733.28,46.0995,1.27,53.2,88.0
4489,-14714.99,68.2649,1.23,54.3,88.0
4490,-14714.99,39.6806,1.15,54.0,88.0
4491,-14714.99,12.6323,1.23,54.5,88.0
4492,-14714.99,12.1235,1.24,54.3,88.0
4493,-14748.15,80.379,1.22,53.2,88.1
4494,-14751.89,69.6646,1.21,53.4,88.1
4495,-14748.15,46.9665,1.23,54.5,88.2
4496,-14714.99,74.4098,1.21,54.3,88.1
4497,-14714.99,55.1762,1.25,54.0,88.2
4498,-14718.73,43.5045,1.36,54.3,88.1
4499,-14718.73,19.4078,1.38,53.5,87.8
4500,-14718.73,18.3785,1.26,54.1,87.9
4501,-14714.99,12.0218,1.3,54.9,88.0
4502,-14714.99,7.6881,1.24,54.0,87.9
4503,-14714.99,3.043,1.2,54.7,88.0
4504,-14714.99,2.4219,1.31,55.1,88.0
4505,-14735.06,81.3751,1.38,52.8,88.0
4506,-14733.28,53.6401,1.31,53.8,88.1
4507,-14733.28,25.0371,1.29,54.9,88.2
4508,-14714.99,76.3996,1.28,54.5,88.3
4509,-14722.03,66.6292,1.2,54.6,88.1
4510,-14740.11,31.0657,1.26,55.0,88.1
4511,-14747.15,20.4572,1.36,55.9,88.2
4512,-14735.23,93.0529,1.31,54.0,88.2
4513,-14758.33,171.8035,1.25,54.2,88.2
4514,-14725.6,65.5865,1.22,53.9,88.3
4515,-14725.6,30.197,1.2,54.4,88.2
4516,-14104.41,23567.877,1.25,55.0,88.3
4517,-14103.64,22628.9805,1.35,52.9,88.1
4518,-14104.41,19010.0718,1.28,54.8,88.1
4519,-14104.41,13114.5405,1.18,53.7,88.0
4520,-14752.3,10430.5527,1.25,54.7,88.1
4521,-14749.27,10111.9543,1.23,53.4,88.2
4522,-14752.3,7542.6556,1.26,55.0,88.1
4523,-14754.43,5307.4584,1.32,54.5,88.2
4524,-14748.75,3098.0255,1.26,54.2,88.3
4525,-14753.53,2362.6982,1.21,54.6,88.3
4526,-14746.84,1922.2716,1.26,54.6,88.3
4527,-14738.03,2429.5673,1.3,53.5,88.3
4528,-14779.28,838.7829,1.29,53.9,88.2
4529,-14726.4,606.3251,1.35,55.2,88.3
4530,-14746.26,226.3344,1.42,52.5,88.3
4531,-14743.85,137.0379,1.25,54.2,88.4
4532,-14745.57,79.1039,1.24,54.1,88.4
4533,-14124.11,22987.2183,1.19,54.9,88.5
4534,-14746.26,521.5031,1.26,54.1,88.3
4535,-14744.54,422.5003,1.3,55.6,88.3
4536,-14122.39,24361.6328,1.3,55.2,88.5
4537,-14752.6,57.6668,1.24,53.8,88.5
4538,-14745.57,24.1098,1.24,55.2,88.6
4539,-14743.85,21.0846,1.3,54.4,88.7
4540,-14129.43,23493.8047,1.26,54.6,88.6
4541,-14729.34,76.0527,1.29,55.7,88.7
4542,-14729.34,77.7549,1.38,53.8,88.9
4543,-14729.34,33.6027,1.26,53.7,88.8
4544,-14745.57,68.3457,1.19,54.2,88.7
4545,-14752.6,55.6253,1.26,54.4,88.8
4546,-14727.18,138.2927,1.28,55.6,88.8
4547,-14727.18,86.0191,1.26,55.3,88.8
4548,-14720.45,59.2055,1.36,54.5,88.9
4549,-14720.45,42.2178,1.36,53.8,89.0
4550,-14718.73,27.8209,1.26,54.2,89.1
4551,-14716.95,16.0244,1.25,55.2,88.9
4552,-14715.46,12.4517,1.33,54.5,88.9
4553,-14715.46,6.6453,1.29,54.8,89.0
4554,-14715.46,2.169,1.29,56.2,89.0
4555,-14715.46,1.5949,1.36,54.5,89.1
4556,-14777.94,116.1656,1.29,53.6,89.2
4557,-14770.07,68.9733,1.19,54.5,89.3
4558,-14764.36,40.3763,1.25,55.3,89.2
4559,-14764.36,18.8743,1.28,53.7,89.2
4560,-14764.36,12.5739,1.27,54.8,89.2
4561,-14764.36,4.5448,1.33,55.0,89.3
4562,-14763.58,62.0248,1.31,54.9,89.4
4563,-14763.58,18.6336,1.21,54.0,89.4
4564,-14746.18,53.2323,1.27,54.5,89.3
4565,-14745.84,16.2724,1.35,53.5,89.4
4566,-14755.9,38.4974,1.29,54.4,89.4
4567,-14737.57,79.8333,1.29,54.2,89.4
4568,-14755.9,35.5918,1.35,55.1,89.5
4569,-14760.17,22.4667,1.18,54.1,89.6
4570,-14747.28,38.662,1.2,54.7,89.6
4571,-14754.2,22.1203,1.31,54.5,89.7
4572,-14748.94,10.0068,1.27,54.1,89.5
4573,-14730.74,99.1579,1.23,53.9,89.6
4574,-14788.25,196.4493,1.22,54.2,89.7
4575,-14737.98,71.2288,1.39,49.3,89.8
4576,-14770.06,119.4926,1.36,53.2,89.7
4577,-14780.69,103.0712,1.21,54.1,89.8
4578,-14737.98,163.0143,1.25,54.5,89.8
4579,-14771.93,66.4446,1.22,54.6,89.8
4580,-14770.06,47.0717,1.25,55.0,89.9
4581,-14770.06,28.5317,1.32,54.8,90.0
4582,-14776.08,27.379,1.3,54.3,90.0
4583,-14738.21,151.2404,1.21,53.6,90.0
4584,-14748.55,130.5968,1.27,54.2,89.2
4585,-14730.74,85.8557,1.3,54.4,89.3
4586,-14735.27,79.6449,1.28,54.9,89.3
4587,-14729.22,44.7614,1.36,55.4,89.3
4588,-14715.56,50.7123,1.37,51.8,89.2
4589,-14773.91,232.9736,1.22,54.9,89.3
4590,-14730.74,58.1839,1.26,54.2,89.3
4591,-14748.94,78.404,1.23,54.9,89.4
4592,-14748.94,38.2778,1.22,54.3,89.4
4593,-14740.09,34.3353,1.3,55.0,89.4
4594,-14740.09,29.3298,1.31,54.4,89.3
4595,-14744.5,18.5585,1.2,53.6,89.4
4596,-14744.5,8.6063,1.27,55.6,89.5
4597,-14741.31,13.9704,1.31,55.1,89.5
4598,-14748.94,4.508,1.3,54.2,89.5
4599,-14754.2,16.7289,1.32,53.8,89.5
4600,-14754.2,9.6663,1.38,53.5,89.6
4601,-14765.09,70.4306,1.23,54.6,89.5
4602,-14765.09,28.1911,1.2,53.6,89.5
4603,-14765.09,20.2635,1.26,54.7,89.6
4604,-14751.85,46.0286,1.27,54.6,89.6
4605,-14744.49,61.8468,1.26,54.8,89.7
4606,-14747.16,35.4022,1.29,55.0,89.7
4607,-14754.2,21.7378,1.23,54.8,89.7
4608,-14761.9,49.0443,1.21,53.9,89.7
4609,-14754.2,39.7631,1.34,54.6,89.7
4610,-14757.39,27.9358,1.33,54.5,89.5
4611,-14765.41,19.8059,1.27,55.1,89.6
4612,-14754.2,27.4456,1.27,55.0,89.6
4613,-14754.2,11.3966,1.23,53.7,89.6
4614,-14754.2,9.6572,1.2,54.3,89.5
4615,-14744.49,22.2028,1.29,54.7,89.6
4616,-14754.54,5.2989,1.24,54.5,89.6
4617,-14757.39,15.3108,1.22,53.2,89.7
4618,-14760.17,19.9676,1.17,54.3,89.5
4619,-14760.17,8.964,1.22,54.4,89.6
4620,-14761.51,9.2894,1.26,53.5,89.6
4621,-14757.39,20.4015,1.23,53.9,89.7
4622,-14748.38,27.3919,1.27,54.1,89.7
4623,-14777.86,98.0596,1.29,52.8,89.5
4624,-14823.95,207.6742,1.25,54.3,89.5
4625,-14872.07,250.2204,1.23,53.9,89.6
4626,-14766.07,436.3935,1.22,54.2,89.6
4627,-14758.8,271.8131,1.25,55.2,89.7
4628,-14862.78,160.7957,1.3,54.8,89.8
4629,-14762.94,121.5458,1.27,54.8,89.8
4630,-14769.71,45.8898,1.24,54.0,89.7
4631,-14789.79,55.6386,1.29,54.2,89.8
4632,-14789.66,50.1696,1.26,54.3,89.9
4633,-14798.88,32.611,1.29,54.0,90.0
4634,-14825.48,212.2276,1.33,54.0,89.9
4635,-14783.9,86.8918,1.28,55.8,90.0
4636,-14782.33,58.2912,1.29,54.2,89.9
4637,-14765.09,67.2508,1.22,55.1,90.0
4638,-14756.08,46.711,1.22,54.4,90.0
4639,-14769.71,35.4682,1.26,55.4,90.0
4640,-14760.86,19.0273,1.29,54.4,90.1
4641,-14811.76,240.3263,1.3,54.2,90.2
4642,-14811.76,183.79,1.31,55.0,90.1
4643,-14781.18,90.2106,1.22,54.8,90.1
4644,-14769.71,36.1872,1.27,54.2,90.1
4645,-14756.08,36.295,1.3,53.3,90.2
4646,-14756.08,19.6826,1.26,54.2,90.2
4647,-14765.09,6.6574,1.3,54.2,90.3
4648,-14757.39,32.3372,1.29,53.7,89.6
4649,-14751.76,44.112,1.27,54.1,89.7
4650,-14751.76,46.6644,1.25,54.8,89.5
4651,-14744.15,34.942,1.21,53.9,89.6
4652,-14748.17,36.2121,1.22,55.2,89.6
4653,-14757.39,18.2458,1.3,53.8,89.7
4654,-14754.2,13.0609,1.21,53.7,89.6
4655,-14755.4,10.3232,1.17,52.5,89.6
4656,-14754.2,4.0568,1.21,54.0,89.7
4657,-14748.38,9.0272,1.2,53.2,89.7
4658,-14748.38,6.0405,1.17,54.0,89.8
4659,-14757.39,4.7812,1.23,53.5,89.7
4660,-14757.39,2.1166,1.23,53.2,89.7
4661,-14808.87,141.9273,11.2,53.1,89.7
4662,-14854.71,198.2101,1.2,53.8,89.6
4663,-14786.83,428.6023,1.24,54.0,89.7
4664,-14748.38,415.4685,1.24,53.9,89.7
4665,-14800.33,144.916,1.22,55.0,89.8
4666,-14800.33,151.3935,1.25,54.2,89.8
4667,-14751.1,144.1701,1.25,53.4,89.8
4668,-14786.83,45.4801,1.22,55.0,89.9
4669,-14800.33,77.3105,1.26,54.5,89.9
4670,-14800.33,57.1373,1.31,51.9,89.8
4671,-14748.38,174.5399,1.24,53.8,89.8
4672,-14748.38,138.0803,1.23,53.2,89.7
4673,-14800.33,180.0032,1.2,53.5,89.8
4674,-14763.55,95.9333,1.2,54.4,90.0
4675,-14748.38,85.7361,1.24,53.8,89.9
4676,-14757.39,52.2237,1.37,52.4,90.0
4677,-14754.2,37.7074,1.35,53.5,90.1
4678,-14738.32,114.6017,1.22,53.5,89.8
4679,-14754.2,19.5453,1.28,54.5,88.8
4680,-14737.16,66.1692,1.29,54.4,88.9
4681,-14739.29,25.4859,1.25,53.8,88.9
4682,-14725.76,48.4473,1.34,55.2,89.0
4683,-14739.29,33.3132,1.4,54.1,88.8
4684,-14739.08,108.5063,1.25,53.8,88.7
4685,-14738.46,67.8374,1.21,54.9,88.6
4686,-14741.92,25.7753,1.29,55.0,88.6
4687,-14738.46,12.1731,1.28,55.0,88.7
4688,-14738.46,6.3636,1.27,54.4,88.8
4689,-14744.5,14.2281,1.36,54.5,88.8
4690,-14741.24,7.9653,1.31,53.7,88.9
4691,-14738.46,19.858,1.22,53.6,88.9
4692,-14781.4,258.7708,1.29,56.2,88.8
4693,-14738.46,10.6651,1.35,53.3,88.9
4694,-14739.08,4.5929,1.26,55.0,88.9
4695,-14738.46,3.7858,1.35,54.8,88.9
4696,-14738.46,1.3724,1.37,55.1,88.9
4697,-14748.38,18.2055,1.22,54.1,89.0
4698,-14800.33,260.3698,1.17,54.1,89.0
4699,-14804.71,170.9994,1.22,54.9,89.1
4700,-14753.81,148.7772,1.25,54.4,89.1
4701,-14753.81,66.2553,1.23,53.5,88.9
4702,-14811.48,244.9764,1.25,55.4,88.9
4703,-14807.42,200.1656,1.24,53.0,89.0
4704,-14791.45,64.9527,1.21,55.2,89.1
4705,-14760.1,93.5477,1.26,54.4,89.1
4706,-14744.5,43.2937,1.26,54.0,89.1
4707,-14735.49,50.1458,1.22,53.4,89.1
4708,-14762.66,34.7349,1.25,54.3,89.2
4709,-14744.5,48.305,1.25,54.7,89.2
4710,-14735.49,35.8452,48.26,53.1,89.3
4711,-14735.49,28.9429,1.2,53.5,89.3
4712,-14747.21,17.6253,1.23,54.3,89.4
4713,-14790.98,156.502,1.2,53.8,89.4
4714,-14787.44,158.3813,1.18,54.8,89.4
4715,-14744.5,52.3388,1.25,54.8,89.3
4716,-14735.49,63.4126,1.21,53.5,89.4
4717,-14744.5,40.3507,1.18,53.6,89.4
4718,-14741.31,22.7026,1.24,53.1,89.4
4719,-14741.31,20.6231,1.29,50.2,89.5
4720,-14744.5,15.5632,1.28,54.3,89.5
4721,-14744.5,6.9006,1.25,54.0,89.5
4722,-14735.49,24.5209,1.25,53.7,89.5
4723,-14735.27,25.8353,1.15,52.9,89.6
4724,-14735.27,10.182,1.19,53.9,89.7
4725,-14738.46,7.676,1.25,53.1,89.7
4726,-14738.46,4.7058,1.26,53.2,89.7
4727,-14738.46,1.9626,1.22,53.9,89.6
4728,-14728.85,80.7658,1.25,54.2,89.7
4729,-14747.15,58.9573,1.2,54.3,89.7
4730,-14729.45,27.2559,1.21,54.3,89.8
4731,-14738.46,8.8417,1.3,54.5,89.8
4732,-14738.46,5.0769,1.32,53.0,89.8
4733,-14734.71,62.8133,1.3,53.7,89.8
4734,-14832.54,410.0119,1.2,54.5,89.8
4735,-14776.35,102.8008,1.24,55.0,89.9
4736,-14792.33,188.6049,1.24,53.6,90.0
4737,-14760.92,161.513,1.26,54.5,90.0
4738,-14776.35,80.0429,1.34,55.6,90.0
4739,-14769.69,107.8176,1.33,52.0,89.9
4740,-14741.17,44.8377,1.22,54.2,89.8
4741,-14735.27,38.1243,1.25,54.7,89.9
4742,-14738.46,19.8277,1.27,53.6,89.9
4743,-14750.88,24.1539,12.18,54.1,90.1
4744,-14741.17,21.289,1.25,53.9,90.0
4745,-14781.93,137.9536,1.32,54.1,90.1
4746,-14738.0,19.0043,1.25,54.6,90.1
4747,-14747.15,11.8873,1.19,53.5,90.1
4748,-14738.0,10.7088,1.26,54.5,90.2
4749,-14738.0,3.7616,1.21,53.7,90.2
4750,-14746.69,13.5072,1.18,53.7,90.2
4751,-14735.27,9.9751,1.28,54.5,90.2
4752,-14728.95,107.5531,1.27,54.2,90.2
4753,-14755.44,162.5485,1.21,54.1,90.2
4754,-14761.03,109.749,1.21,53.7,90.3
4755,-14744.27,71.7004,1.23,52.0,90.2
4756,-14728.95,36.3123,1.22,53.4,90.2
4757,-14754.37,145.3596,1.19,53.1,90.2
4758,-14738.46,90.9843,1.22,53.3,90.2
4759,-14746.32,61.7512,1.17,52.4,90.2
4760,-14735.27,59.1344,1.14,53.6,90.2
4761,-14741.17,33.5001,1.21,53.0,90.2
4762,-14749.87,47.3969,1.21,53.8,90.2
4763,-14735.27,11.6855,1.15,52.8,90.2
4764,-14735.27,7.0841,1.18,53.0,90.2
4765,-14741.24,13.0536,1.22,49.6,90.2
4766,-14749.94,32.7176,1.18,53.6,90.2
4767,-14749.86,22.3125,1.22,54.8,90.2
4768,-14736.88,8.5551,1.26,50.2,90.0
4769,-14730.26,28.5788,1.23,53.4,90.0
4770,-14741.24,19.8998,1.19,54.7,90.0
4771,-14733.27,63.2548,1.27,54.1,90.0
4772,-14728.95,63.26,3.15,53.6,89.9
4773,-14729.01,53.4289,1.27,53.4,90.0
4774,-14730.34,42.2783,1.37,50.9,89.8
4775,-14761.64,81.5273,1.34,53.0,89.8
4776,-14752.33,66.3203,1.24,53.0,89.8
4777,-14759.3,49.7127,1.27,54.7,89.8
4778,-14751.25,90.8581,1.24,55.0,89.8
4779,-14731.09,57.159,1.23,53.1,89.9
4780,-14709.55,70.7012,1.31,55.4,89.9
4781,-14744.98,128.0855,1.28,54.3,89.9
4782,-14759.3,53.8366,1.19,54.4,90.0
4783,-14742.18,107.9228,1.26,55.4,90.0
4784,-14755.05,24.4792,1.25,54.3,90.1
4785,-14758.54,24.962,1.25,54.9,90.2
4786,-14721.02,66.3702,1.36,54.9,90.1
4787,-14706.84,61.8888,1.35,54.0,90.2
4788,-14711.02,79.7907,1.27,53.8,90.3
4789,-14729.01,29.1393,1.25,54.1,90.3
4790,-14729.73,13.9085,1.25,54.4,90.3
4791,-14733.92,9.8309,1.23,54.5,90.3
4792,-14742.28,50.4549,1.26,55.2,90.3
4793,-14715.08,71.5058,1.29,55.0,90.5
4794,-14762.72,63.5346,1.24,53.9,90.4
4795,-14755.82,32.5419,1.24,53.7,90.4
4796,-14735.3,40.7786,1.27,54.9,89.2
4797,-14711.03,47.2325,1.24,54.0,88.9
4798,-14711.03,44.5949,1.24,55.4,88.9
4799,-14713.74,27.1836,1.3,55.1,89.1
4800,-14731.19,13.7703,1.26,54.5,89.1
4801,-14711.03,23.6934,1.3,55.1,89.2
4802,-14711.03,15.8306,1.33,54.1,89.2
4803,-14727.22,24.8452,1.27,53.5,89.2
4804,-14758.54,73.2945,1.18,54.5,89.1
4805,-14758.54,47.415,1.27,55.7,89.1
4806,-14761.64,30.5332,1.27,54.0,89.2
4807,-14758.54,20.8358,1.26,55.6,89.2
4808,-14758.54,15.7511,1.36,54.7,89.2
4809,-14758.54,11.0618,1.34,54.4,89.3
4810,-14761.64,7.2418,1.24,54.4,89.3
4811,-14755.87,32.5078,1.25,54.2,89.4
4812,-14761.64,76.5528,1.28,54.1,89.3
4813,-14757.01,15.0879,1.27,53.9,89.4
4814,-14759.25,14.4519,1.28,55.1,89.4
4815,-14759.25,9.2293,1.34,54.1,89.5
4816,-14762.0,14.3285,1.2,53.9,89.4
4817,-14761.64,10.5557,1.19,55.8,89.4
4818,-14813.34,185.7025,1.27,55.3,89.5
4819,-14791.94,220.1104,1.33,54.0,89.5
4820,-14739.93,118.478,1.32,54.4,89.5
4821,-14742.96,52.822,1.29,54.5,89.6
4822,-14747.13,67.7758,1.34,54.3,89.7
4823,-14748.3,21.5769,1.21,54.6,89.6
4824,-14768.43,41.4891,1.23,54.5,89.6
4825,-14746.78,52.4857,1.37,54.6,89.7
4826,-14784.26,78.848,1.27,55.1,89.7
4827,-14764.24,36.6377,1.28,54.6,89.8
4828,-14758.89,27.3285,1.44,54.1,90.5
4829,-14794.27,130.1207,1.2,53.0,90.6
4830,-14798.79,86.271,1.17,53.5,90.6
4831,-14758.89,70.4446,1.25,54.8,90.7
4832,-14762.0,28.1532,1.29,50.8,90.4
4833,-14763.16,14.7956,1.29,53.0,90.5
4834,-14764.24,22.5956,1.24,53.7,90.5
4835,-14760.42,33.393,1.23,54.2,90.6
4836,-14809.55,291.5763,1.19,54.0,90.5
4837,-14785.78,128.6854,1.22,53.2,90.5
4838,-14757.37,85.0275,1.28,54.1,90.6
4839,-14760.42,59.3489,1.25,52.0,90.3
4840,-14760.05,14.3533,1.2,53.4,90.3
4841,-14769.02,19.9873,1.19,54.4,90.4
4842,-14764.75,8.251,1.2,53.7,90.5
4843,-14780.59,158.8242,1.23,54.7,90.5
4844,-14724.26,73.3371,1.29,54.4,90.5
4845,-14739.92,172.7384,1.34,52.6,90.5
4846,-14702.23,254.6159,1.26,54.1,90.5
4847,-14673.53,368.2463,1.23,54.3,90.5
4848,-14712.04,307.4934,1.26,54.9,90.6
4849,-14712.04,262.2214,1.27,54.3,90.7
4850,-14712.04,185.966,1.28,54.1,90.8
4851,-14702.23,78.6406,1.29,54.9,90.8
4852,-14683.09,110.0839,1.25,53.9,90.7
4853,-14712.04,74.0918,1.2,53.8,90.6
4854,-14683.09,111.4107,1.28,55.7,90.8
4855,-14683.09,64.1446,1.3,55.2,90.7
4856,-14683.42,48.0979,1.3,53.5,90.8
4857,-14683.09,37.1565,1.33,54.8,90.8
4858,-14683.09,20.0447,1.39,52.8,90.8
4859,-14712.04,88.5542,1.23,53.3,90.9
4860,-14673.2,95.8006,1.23,54.4,90.8
4861,-14673.53,35.9352,1.3,53.4,91.0
4862,-14683.09,113.0161,1.24,54.1,90.9
4863,-14683.09,27.2796,1.26,54.5,91.0
4864,-14683.76,78.2778,1.29,55.1,91.0
4865,-14683.42,24.9942,1.19,54.0,91.0
4866,-14675.86,15.8654,1.23,54.2,91.1
4867,-14689.01,24.6432,1.29,54.5,91.2
4868,-14675.86,24.0222,1.28,54.3,91.3
4869,-14675.52,12.9179,1.28,54.1,91.3
4870,-14698.79,74.6026,1.35,54.1,91.2
4871,-14689.01,29.3446,1.26,53.8,91.3
4872,-14673.53,87.3489,1.15,53.7,91.2
4873,-14685.3,37.0884,1.23,53.4,91.3
4874,-14683.09,28.324,1.25,53.7,91.3
4875,-14683.09,28.8835,1.21,54.7,91.4
4876,-14675.52,26.5359,1.22,54.1,91.4
4877,-14673.2,108.4559,1.22,53.6,91.3
4878,-14675.86,11.3002,1.21,53.3,91.4
4879,-14675.86,8.5681,2.1,53.6,91.3
4880,-14675.86,5.5706,1.23,54.3,91.3
4881,-14689.01,37.5344,1.22,55.1,91.3
4882,-14675.86,15.4136,1.27,54.4,91.4
4883,-14675.86,7.6129,1.24,54.3,91.5
4884,-14675.86,4.2259,1.28,54.8,91.5
4885,-14675.86,2.2192,1.31,54.3,91.6
4886,-14675.52,10.6217,1.24,53.8,91.6
4887,-14675.86,12.7639,1.29,54.2,91.6
4888,-14675.86,5.0478,1.34,53.7,91.5
4889,-14675.36,17.2363,1.36,53.9,91.5
4890,-14675.52,41.1896,1.25,54.9,91.6
4891,-14675.86,15.4673,1.3,55.2,91.7
4892,-14689.01,36.7696,1.26,54.5,91.7
4893,-14689.01,31.4709,1.2,54.4,91.6
4894,-14675.86,10.6106,1.3,54.5,91.6
4895,-14689.01,41.0174,1.29,54.7,91.7
4896,-14684.23,42.7969,1.22,54.6,91.7
4897,-14675.86,20.4216,1.25,54.0,91.8
4898,-14684.8,39.6681,1.22,53.6,91.9
4899,-14685.14,28.7545,1.25,54.5,92.0
4900,-14675.36,23.4525,1.33,54.3,91.2
4901,-14683.82,40.7743,1.35,53.1,91.0
4902,-14684.8,22.1837,1.27,53.4,91.0
4903,-14675.36,16.564,1.21,55.1,91.1
4904,-14714.44,112.8979,1.21,53.7,91.1
4905,-14684.8,58.5286,1.22,53.8,91.2
4906,-14685.14,15.8742,1.22,54.7,91.1
4907,-14684.8,7.9227,1.26,53.7,91.1
4908,-14714.44,77.5531,1.23,51.9,91.2
4909,-14675.02,40.7786,1.17,53.8,91.1
4910,-14702.48,48.9241,1.2,55.1,91.1
4911,-14673.2,33.8589,1.23,53.8,91.3
4912,-14702.48,57.0996,1.21,53.4,91.2
4913,-14685.3,35.1301,1.28,54.1,91.3
4914,-14675.36,42.2102,1.34,53.2,91.3
4915,-14685.14,17.1967,1.25,54.2,91.4
4916,-14675.02,22.0725,1.25,54.1,91.4
4917,-14684.8,8.2135,1.3,54.1,91.4
4918,-14684.8,5.6125,1.27,53.6,91.4
4919,-14683.09,3.3821,1.27,54.2,91.4
4920,-14675.52,29.9478,1.34,54.5,91.5
4921,-14673.53,13.6133,1.29,54.2,91.5
4922,-14712.04,136.7044,1.19,54.2,91.6
4923,-14721.78,79.781,1.27,53.7,91.7
4924,-14706.3,42.862,1.23,54.8,91.6
4925,-14712.04,59.9017,1.22,53.9,91.6
4926,-14712.04,41.4608,1.25,54.2,91.5
4927,-14712.04,29.1039,1.21,54.3,88.8
4928,-14759.86,116.8993,1.21,55.0,86.1
4929,-14696.48,70.9914,1.34,53.0,85.4
4930,-14707.54,76.1036,7.21,52.8,86.4
4931,-14704.21,58.3982,1.26,53.8,86.7
4932,-14730.49,55.6728,1.38,50.6,86.4
4933,-14714.03,52.6487,1.25,53.5,85.1
4934,-14702.23,31.4346,1.25,53.5,85.1
4935,-14721.78,17.4255,1.25,54.1,85.2
4936,-14716.1,10.557,1.2,53.4,85.2
4937,-14692.19,117.4617,1.22,54.2,85.1
4938,-14706.3,33.7528,1.28,55.5,85.2
4939,-14712.04,28.0645,1.29,54.0,85.2
4940,-14712.04,22.8019,1.21,54.0,85.3
4941,-14735.47,148.7743,1.25,54.2,85.3
4942,-14748.26,37.3136,1.23,54.9,85.4
4943,-14769.74,69.8505,1.19,53.9,85.4
4944,-14754.45,78.8914,1.29,54.3,85.4
4945,-14743.36,84.5902,1.29,53.5,85.5
4946,-14760.74,63.5928,1.23,53.8,84.7
4947,-14742.61,54.7334,1.25,53.7,84.7
4948,-14742.96,35.4983,1.19,53.6,84.7
4949,-14742.61,39.1727,1.24,53.7,84.8
4950,-14742.61,27.1467,1.27,54.2,84.8
4951,-14742.61,19.7591,1.28,53.3,84.8
4952,-14742.61,14.3446,1.21,54.1,84.9
4953,-14765.47,138.6565,1.25,55.1,85.0
4954,-14933.15,1218.3082,1.22,53.9,84.8
4955,-14933.15,1088.3423,1.2,54.6,84.9
4956,-14942.19,625.8783,1.27,54.0,84.9
4957,-14910.91,312.0216,1.28,53.5,85.0
4958,-14926.97,229.2138,1.2,54.7,85.1
4959,-14909.03,121.1682,1.24,54.1,85.1
4960,-14860.72,322.0872,1.21,54.2,85.2
4961,-14909.03,190.4123,1.19,53.5,85.2
4962,-14873.41,242.3906,1.26,54.4,85.3
4963,-14923.55,84.7337,1.29,54.4,85.1
4964,-14928.79,72.3874,1.22,54.7,85.1
4965,-14967.38,90.9306,1.25,54.2,85.2
4966,-14918.03,90.1671,1.24,53.9,85.3
4967,-14859.32,402.7784,1.17,53.6,85.3
4968,-14837.93,334.411,1.26,55.7,85.3
4969,-14834.23,220.0681,1.29,53.2,85.5
4970,-14861.72,228.0189,1.23,53.3,85.5
4971,-14921.67,373.7513,1.25,55.0,85.3
4972,-14860.72,169.1663,1.23,53.9,85.4
4973,-14873.41,462.2903,1.22,53.5,85.4
4974,-14910.91,205.52,1.19,53.6,85.5
4975,-14854.63,243.7936,1.22,53.6,85.5
4976,-14874.31,137.416,1.24,53.7,85.6
4977,-14940.06,211.6327,1.17,54.6,85.6
4978,-14922.16,165.0818,1.21,54.5,85.5
4979,-14930.58,90.0265,1.24,53.8,85.5
4980,-14949.94,111.351,1.18,54.6,85.6
4981,-14932.02,53.0491,1.22,54.1,85.7
4982,-14860.29,363.9676,1.19,53.5,85.7
4983,-14937.54,142.271,1.19,53.2,85.8
4984,-14921.52,62.4592,1.25,54.3,85.7
4985,-14935.65,20.3596,1.22,53.3,85.1
4986,-14944.34,32.9033,1.27,53.6,85.0
4987,-14968.19,45.8876,1.26,54.3,85.1
4988,-14969.97,18.468,1.23,54.1,85.2
4989,-14951.14,60.7697,1.24,54.2,85.3
4990,-14960.5,37.214,1.2,54.0,85.4
4991,-14960.5,19.1278,1.17,54.7,85.3
4992,-14955.42,32.7388,1.3,53.5,85.2
4993,-14960.5,40.6655,1.31,50.0,85.5
4994,-14955.69,16.9601,1.21,53.9,86.1
4995,-14943.34,38.1907,1.23,53.9,86.1
4996,-15071.6,2943.0912,1.21,53.7,86.1
4997,-14920.06,358.4611,1.23,54.3,86.1
4998,-14928.07,153.8895,1.28,52.6,86.2
4999,-15057.55,3182.5199,1.29,49.5,85.6
5000,-15043.89,2615.3928,1.16,53.2,85.7
5001,-15047.77,2195.0131,1.22,54.8,85.7
5002,-15096.48,1937.7036,1.27,53.5,85.8
5003,-15015.04,1788.571,1.23,53.2,85.9
5004,-15019.54,1732.9881,1.28,55.0,85.8
5005,-15050.11,1141.925,1.28,51.4,85.7
5006,-15049.14,1175.6001,1.15,52.9,85.7
5007,-15061.32,1298.7175,1.25,54.7,85.7
5008,-15061.33,816.7464,1.26,53.2,85.7
5009,-15040.62,810.4408,1.24,53.5,85.8
5010,-15089.81,542.4418,1.28,53.5,85.9
5011,-15066.76,486.3563,1.28,53.6,86.0
5012,-15049.49,403.6246,1.19,53.5,85.9
5013,-15066.76,456.4443,1.22,55.1,86.0
5014,-15072.16,373.364,1.26,53.6,85.9
5015,-15076.52,230.5921,1.27,54.1,86.0
5016,-15093.12,227.0031,1.24,54.4,86.0
5017,-15071.9,242.0232,1.3,54.3,86.1
5018,-15067.08,154.3147,1.19,53.7,86.2
5019,-15077.51,108.4348,1.2,54.0,86.2
5020,-15074.01,104.9257,1.27,53.6,86.1
5021,-15081.69,47.3157,1.27,54.5,86.1
5022,-15075.22,84.576,1.23,53.7,86.1
5023,-15074.58,92.4931,1.28,54.0,86.1
5024,-15082.48,69.8614,1.24,54.1,86.2
5025,-15032.13,497.1693,1.16,53.4,86.3
5026,-15086.98,37.1618,1.29,53.8,86.2
5027,-15068.23,53.9535,1.28,52.0,85.1
5028,-15127.26,447.0964,1.2,52.9,84.7
5029,-15123.23,143.3143,1.21,54.9,84.7
5030,-15082.48,302.1302,1.24,54.4,84.8
5031,-15032.13,661.9778,1.22,52.8,84.8
5032,-15078.25,221.7521,1.25,55.4,84.8
5033,-15120.15,343.9433,1.3,52.3,84.9
5034,-15118.5,279.0911,1.22,53.9,84.9
5035,-15074.01,98.4588,1.19,54.5,84.9
5036,-15078.29,188.2003,1.21,53.1,84.4
5037,-15030.33,421.721,1.27,54.3,84.2
5038,-15078.25,97.475,1.23,53.4,84.2
5039,-15077.09,59.1517,1.3,54.1,84.2
5040,-15035.86,205.7639,1.29,50.5,84.0
5041,-15098.21,51.9905,1.17,53.4,84.0
5042,-15086.51,41.7585,1.23,54.0,84.1
5043,-15133.3,222.8948,1.24,54.8,84.1
5044,-15035.7,608.9365,1.25,53.2,84.1
5045,-15072.9,114.4619,1.26,55.2,84.0
5046,-15074.58,18.2946,1.28,53.4,84.1
5047,-15081.12,18.9603,1.21,52.6,84.1
5048,-15127.26,152.2942,1.2,54.4,84.1
5049,-15083.65,266.2946,1.26,54.2,84.1
5050,-15078.83,178.3143,1.25,53.7,84.2
5051,-15074.01,116.5589,1.25,53.6,84.2
5052,-15149.14,426.3053,1.3,54.9,84.2
5053,-15110.57,226.0848,1.24,53.0,84.0
5054,-15110.68,182.4619,1.17,53.8,83.9
5055,-15016.41,666.0599,1.26,54.6,83.9
5056,-15025.49,423.2236,1.26,53.4,83.9
5057,-15062.3,195.7351,1.23,54.6,83.9
5058,-15016.41,84.7416,1.28,54.5,84.0
5059,-15079.85,224.8742,1.29,52.6,83.9
5060,-14951.48,1276.5275,1.2,53.6,84.0
5061,-15066.12,162.3549,1.21,54.6,83.8
5062,-14960.64,1214.9195,1.24,54.7,83.8
5063,-15032.98,124.9577,1.23,53.9,83.8
5064,-14913.92,1264.6874,1.27,54.4,83.8
5065,-15056.92,180.0043,1.28,53.1,83.9
5066,-14917.26,1179.5407,1.23,52.9,83.9
5067,-15033.06,179.7529,1.19,53.5,83.9
5068,-14915.76,1109.8748,1.22,53.7,83.9
5069,-14937.86,689.8458,1.22,53.5,83.9
5070,-15064.88,1257.4626,1.25,54.3,83.9
5071,-15059.74,832.7671,1.29,54.9,83.9
5072,-14913.94,540.7736,1.29,54.3,84.0
5073,-15045.51,637.2601,1.2,55.0,83.9
5074,-14917.26,587.0961,1.23,56.0,83.9
5075,-14941.11,329.9213,1.25,53.8,84.0
5076,-15095.22,1856.6193,1.23,53.8,84.0
5077,-14953.77,412.746,1.27,53.3,84.0
5078,-14917.26,213.406,1.28,52.9,84.0
5079,-14904.8,146.3935,1.2,54.2,83.9
5080,-14940.02,349.4005,1.23,54.2,83.9
5081,-14936.67,223.8782,1.22,53.5,83.8
5082,-14939.85,118.5148,1.21,54.4,83.9
5083,-14930.65,97.3462,1.27,54.1,83.9
5084,-14940.02,112.6186,1.28,54.3,83.9
5085,-14940.02,67.7818,1.22,53.4,83.9
5086,-14941.36,107.4846,1.22,53.1,83.9
5087,-14926.96,107.2287,1.23,55.2,83.9
5088,-14943.16,40.19,1.21,53.7,83.9
5089,-14909.84,55.1841,1.25,53.5,83.9
5090,-14943.16,71.1509,1.28,54.3,84.0
5091,-14986.52,172.2647,1.25,54.0,84.0
5092,-14886.94,327.3066,1.18,53.4,84.0
5093,-14913.26,127.2554,1.22,54.6,84.0
5094,-14913.49,166.0659,1.25,54.0,83.9
5095,-14939.75,26.33,1.21,53.6,83.8
5096,-14946.64,77.3515,1.25,54.2,83.9
5097,-14944.76,25.6339,1.29,51.9,83.7
5098,-14916.05,151.995,1.27,52.0,83.6
5099,-14881.78,248.4313,1.18,53.6,83.6
5100,-14911.6,225.0371,1.23,54.2,83.7
5101,-14866.27,114.7587,1.25,53.6,83.6
5102,-14954.63,233.9862,1.23,53.6,83.5
5103,-14913.49,105.1531,1.26,54.5,83.6
5104,-14909.22,222.7988,1.28,52.2,83.4
5105,-14885.06,80.6673,1.18,53.5,83.0
5106,-14917.41,143.2076,1.24,54.3,83.0
5107,-14905.86,237.009,1.24,53.7,83.1
5108,-14861.5,288.1184,1.23,52.8,83.1
5109,-14870.6,127.8292,1.3,54.5,83.2
5110,-14961.11,382.4472,1.26,49.5,82.9
5111,-14870.2,54.9792,1.17,54.6,82.9
5112,-14923.13,141.4483,1.24,54.8,83.0
5113,-14872.08,190.8238,1.25,53.7,83.1
5114,-14874.52,95.224,1.21,54.0,83.0
5115,-14870.2,51.4005,1.29,54.4,83.0
5116,-14931.68,389.7606,1.27,50.7,82.8
5117,-14946.79,214.2762,1.17,54.8,82.9
5118,-14859.95,362.4217,1.22,54.9,82.8
5119,-14946.79,130.826,1.27,53.5,82.8
5120,-14891.12,68.3524,1.2,54.1,82.7
5121,-14858.06,76.0836,1.3,54.1,82.8
5122,-14909.45,203.2765,1.27,52.2,82.5
5123,-14859.95,57.5842,1.17,53.2,82.6
5124,-14870.6,45.1608,1.22,53.7,82.6
5125,-14904.03,124.2195,1.25,53.8,82.7
5126,-14870.73,51.9264,1.21,55.3,82.8
5127,-14869.79,77.831,1.28,53.9,82.7
5128,-14909.1,209.095,1.29,54.0,82.6
5129,-14854.79,77.3098,1.19,53.6,82.7
5130,-14871.0,48.8976,1.2,54.4,82.7
5131,-14863.39,19.0057,1.25,53.3,82.8
5132,-14853.54,21.2012,1.23,53.9,82.8
5133,-14858.83,31.7709,1.27,55.0,83.0
5134,-14975.06,523.688,1.31,53.9,83.0
5135,-14965.93,270.4371,1.19,52.0,82.8
5136,-15088.16,1307.3218,1.19,54.3,82.8
5137,-14924.74,803.1353,1.26,54.1,82.9
5138,-14937.26,616.0189,1.24,53.8,83.0
5139,-14923.5,326.2974,1.25,54.0,83.0
5140,-14892.65,263.6881,1.27,54.5,83.0
5141,-14890.71,180.8284,1.27,53.7,83.0
5142,-14909.0,184.8453,1.18,52.6,82.9
5143,-14924.85,159.8186,1.25,54.4,82.9
5144,-14885.09,163.6034,1.26,54.3,83.0
5145,-14899.01,86.6904,1.24,54.2,83.1
5146,-15061.79,2616.9712,1.29,53.9,83.1
5147,-14884.59,25.5654,1.27,53.5,83.2
5148,-14861.08,256.2446,1.15,52.3,83.2
5149,-14899.12,99.406,1.23,54.6,83.3
5150,-14922.25,98.7133,1.27,54.0,83.3
5151,-15044.61,1561.9745,1.23,54.5,83.2
5152,-14928.75,232.1921,1.26,54.6,83.2
5153,-14906.91,333.637,1.27,54.2,83.2
5154,-14904.39,244.1497,1.19,53.0,83.2
5155,-14869.57,167.8398,1.2,54.1,83.3
5156,-14886.03,295.9453,1.28,54.8,83.4
5157,-15014.29,2330.1224,1.23,54.2,83.4
5158,-14928.75,168.3316,1.24,54.1,83.3
5159,-14886.03,286.5095,1.3,53.2,83.4
5160,-14918.49,242.787,1.21,54.2,83.4
5161,-14886.03,83.8777,1.2,54.7,83.4
5162,-14874.08,63.1018,1.28,54.1,83.4
5163,-14882.65,75.4303,1.3,53.2,83.5
5164,-14892.96,32.8518,1.22,53.0,83.5
5165,-14892.64,32.6375,1.29,55.0,83.6
5166,-14864.19,18.5252,1.28,52.6,83.6
5167,-14887.15,43.8655,1.15,53.8,83.5
5168,-14912.37,124.4148,1.27,54.2,83.5
5169,-14911.12,82.8402,1.28,53.4,83.6
5170,-14907.49,60.8623,1.25,54.9,83.6
5171,-14915.43,77.4731,1.26,54.5,83.6
5172,-14916.87,42.8032,1.28,54.7,83.7
5173,-14892.64,205.3821,1.18,53.6,83.7
5174,-14901.92,60.2093,1.2,54.1,83.7
5175,-14900.72,35.4969,1.29,53.4,83.7
5176,-14906.47,84.0831,1.25,53.7,83.7
5177,-14941.29,145.1278,1.25,53.9,83.8
5178,-14934.58,343.0877,1.26,54.4,83.8
5179,-15078.6,1577.6989,1.18,53.2,83.9
5180,-14881.53,515.7486,1.15,53.4,83.9
5181,-14906.47,231.9813,1.25,53.5,84.0
5182,-14871.2,120.0611,1.27,51.2,84.2
5183,-15030.35,2493.9073,1.24,54.1,84.3
5184,-14871.2,67.6592,1.23,53.3,84.2
5185,-14893.97,70.649,1.23,53.5,84.2
5186,-14988.9,1612.7054,1.21,54.4,84.3
5187,-14977.48,1074.3411,1.22,53.9,84.4
5188,-14861.08,790.396,1.28,54.5,84.3
5189,-14919.52,477.1025,1.28,51.8,84.4
5190,-14906.91,264.6452,1.18,53.3,84.4
5191,-14859.69,57.0959,1.21,54.6,84.4
5192,-14866.31,21.9713,1.22,54.2,84.4
5193,-14851.22,57.569,1.21,54.1,84.4
5194,-14987.95,2083.3459,1.3,54.1,84.4
5195,-14865.11,28.4596,1.3,51.8,83.9
5196,-15035.17,2045.286,1.2,55.1,84.0
5197,-14987.95,1334.631,1.22,54.2,84.1
5198,-14987.95,796.457,1.25,54.5,84.1
5199,-14833.37,1385.3719,1.2,54.2,84.1
5200,-14841.53,1059.5834,1.29,54.0,84.1
5201,-14869.05,564.0455,1.29,50.6,83.6
5202,-14869.05,339.2437,1.17,52.3,83.6
5203,-14839.99,102.8413,1.23,54.0,83.7
5204,-14865.11,44.7662,1.24,53.8,83.7
5205,-14858.87,33.9328,1.22,54.2,83.9
5206,-14994.15,1771.5996,1.28,53.6,83.7
5207,-14869.05,47.025,1.27,51.3,82.1
5208,-14866.31,23.8899,1.29,48.5,81.9
5209,-14860.1,7.6766,1.24,53.7,82.0
5210,-14883.82,109.4308,1.22,53.8,82.1
5211,-14862.86,61.8207,1.24,54.5,82.1
5212,-14872.71,121.2601,1.17,53.5,82.2
5213,-14860.1,58.855,1.24,54.4,82.2
5214,-14858.87,24.6339,1.29,51.0,82.1
5215,-14858.87,14.4554,1.26,53.8,82.2
5216,-14865.11,12.8709,1.23,54.6,82.1
5217,-14867.86,10.771,1.25,53.9,82.2
5218,-14871.47,10.8756,1.21,53.5,82.3
5219,-14869.26,11.6797,1.21,53.3,82.3
5220,-14887.92,31.1363,1.31,53.9,82.4
5221,-14868.74,83.55,1.28,54.8,82.4
5222,-14881.64,30.2543,1.21,53.8,82.4
5223,-14868.74,29.1433,1.27,55.2,82.5
5224,-14880.32,61.2799,1.2,54.4,82.4
5225,-14881.64,41.3974,1.21,54.3,82.4
5226,-14983.37,1398.5885,1.29,54.2,82.5
5227,-14994.11,1229.4492,1.31,52.5,82.6
5228,-14865.61,201.3475,1.24,54.1,82.6
5229,-14996.88,1019.6015,1.22,54.7,82.6
5230,-14869.03,289.4916,1.23,53.0,82.5
5231,-14867.86,226.8768,1.19,53.4,82.6
5232,-14867.86,58.216,1.25,54.3,82.7
5233,-14862.86,100.2513,1.29,53.7,82.6
5234,-14871.47,78.609,1.24,54.6,82.7
5235,-14871.47,17.5445,1.22,53.9,82.6
5236,-14865.61,25.8135,1.23,54.4,82.7
5237,-14871.47,35.657,1.19,53.3,82.6
5238,-15065.66,2031.0124,1.25,54.7,82.7
5239,-15050.93,1607.9756,1.28,52.1,82.8
5240,-14933.72,369.6767,1.23,53.9,82.9
5241,-14902.57,182.5878,1.22,54.8,82.9
5242,-14875.47,78.1628,1.22,54.3,82.8
5243,-14939.4,314.4806,1.23,54.0,82.9
5244,-14890.18,68.436,1.24,53.5,83.0
5245,-14890.18,53.225,1.3,54.5,83.0
5246,-14880.95,44.9967,1.28,52.7,83.0
5247,-14954.28,249.7643,1.19,54.4,83.1
5248,-14880.56,39.1102,1.22,54.5,83.0
5249,-14875.98,47.7476,1.23,54.2,83.0
5250,-15006.58,1402.6837,1.22,53.3,83.1
5251,-14887.73,169.5859,1.31,54.5,83.1
5252,-14947.0,278.1414,1.39,51.8,83.5
5253,-14873.2,28.09,1.21,53.1,83.6
5254,-14878.69,24.1045,1.21,53.9,83.5
5255,-14870.67,14.8992,1.21,54.0,83.6
5256,-14877.87,29.009,1.24,54.3,83.6
5257,-14878.69,8.0713,1.26,54.8,83.5
5258,-14876.14,19.9275,1.3,53.6,83.6
5259,-14886.24,55.2856,1.21,53.5,83.7
5260,-15085.02,2198.9802,1.19,54.3,83.7
5261,-15103.77,1688.8645,1.25,54.6,83.6
5262,-15127.47,1272.1185,1.24,53.2,83.7
5263,-15127.47,826.7649,1.28,53.9,83.7
5264,-15131.39,497.7061,1.3,53.8,83.8
5265,-15085.74,510.4874,1.24,52.4,83.8
5266,-15113.55,348.6542,1.19,53.9,83.7
5267,-15085.74,417.0038,1.22,54.6,83.8
5268,-15105.01,217.3299,1.26,53.6,83.8
5269,-15004.74,1853.8246,1.25,54.2,83.8
5270,-15105.73,446.0953,1.29,54.5,83.8
5271,-15047.75,827.6187,1.27,52.8,83.8
5272,-15077.56,478.833,1.17,53.3,83.8
5273,-14998.49,490.3749,1.22,54.6,83.8
5274,-15173.04,3247.6451,1.25,54.3,83.8
5275,-15109.19,1319.0394,1.19,52.6,83.2
5276,-15109.19,632.6234,1.26,54.7,81.2
5277,-15105.03,724.4312,1.3,53.8,81.3
5278,-15124.87,307.5492,1.23,53.3,81.3
5279,-15121.76,571.377,1.24,54.5,81.4
5280,-15116.96,240.4266,1.23,54.6,81.5
5281,-15116.96,192.1066,1.18,53.8,81.5
5282,-14983.71,1548.7071,1.23,55.3,81.6
5283,-14983.71,1072.578,1.29,53.3,81.5
5284,-15058.21,1324.194,1.25,54.1,81.5
5285,-15024.6,539.2204,1.26,53.2,81.5
5286,-15001.08,205.7419,1.27,55.2,81.6
5287,-15121.6,1667.0241,1.18,52.9,81.7
5288,-14989.07,191.6926,1.19,54.4,81.7
5289,-15116.96,1757.1842,1.25,54.7,81.8
5290,-14983.71,283.1363,1.23,54.1,81.7
5291,-14981.25,184.9838,1.25,55.7,81.8
5292,-14995.64,81.7389,1.28,54.5,81.8
5293,-15110.7,1259.744,1.2,53.1,81.8
5294,-14976.02,628.4349,1.19,54.2,81.9
5295,-15113.55,568.8562,1.26,54.4,81.9
5296,-14989.07,904.7273,1.27,53.9,81.9
5297,-14969.81,667.0884,1.21,53.7,82.0
5298,-14979.68,331.7509,1.29,54.8,82.0
5299,-15004.15,335.8789,1.22,53.8,82.0
5300,-14989.07,146.3768,1.15,53.4,82.1
5301,-15022.17,142.3544,1.26,54.6,82.1
5302,-14967.68,102.5207,1.25,54.8,82.0
5303,-14988.21,175.855,1.22,54.4,82.2
5304,-15116.74,1325.4962,1.29,53.7,82.2
5305,-14982.86,275.3843,1.28,53.1,82.2
5306,-14911.74,940.4038,1.17,52.8,82.2
5307,-15000.89,294.5335,1.22,54.9,82.3
5308,-15000.89,248.6101,1.25,54.4,82.3
5309,-14881.82,425.1343,1.23,52.9,82.2
5310,-14881.82,343.0265,1.23,53.4,82.3
5311,-14881.82,265.5439,1.19,51.4,81.4
5312,-14881.82,203.5659,1.2,54.1,81.4
5313,-14876.18,125.982,1.17,53.2,81.4
5314,-14853.64,100.3669,1.19,54.4,81.3
5315,-14853.64,53.1788,1.23,52.8,81.4
5316,-14853.64,31.2338,1.25,53.1,81.4
5317,-14849.86,24.5703,1.26,54.7,81.5
5318,-14855.22,31.5349,1.19,54.1,81.5
5319,-14849.86,20.5169,1.21,53.8,81.5
5320,-14915.84,378.0795,1.23,53.2,81.6
5321,-14915.83,268.5277,1.24,54.4,81.6
5322,-14893.75,105.6815,1.27,54.9,81.6
5323,-14923.9,137.2593,1.29,53.2,81.7
5324,-14861.01,95.1365,1.18,52.4,81.8
5325,-14902.98,45.6762,1.2,55.0,81.8
5326,-14862.86,78.7059,1.24,54.3,81.8
5327,-14878.04,57.8625,1.26,53.0,81.8
5328,-14862.86,20.2303,1.26,54.4,81.9
5329,-14878.04,34.2392,1.3,52.0,81.8
5330,-14836.54,73.9833,1.21,51.8,81.9
5331,-14884.33,27.0511,1.18,53.7,82.0
5332,-14876.18,13.271,1.24,54.1,81.9
5333,-14878.04,7.5206,1.25,53.9,82.0
5334,-14869.03,19.8941,1.24,53.8,82.1
5335,-14885.78,57.4811,1.3,54.2,82.1
5336,-14942.83,389.2322,1.27,51.7,82.1
5337,-14878.04,36.2117,1.18,53.7,82.0
5338,-14887.92,44.3846,1.25,54.8,82.0
5339,-14865.96,50.04,1.28,54.1,82.1
5340,-14869.98,98.0291,1.22,53.5,82.1
5341,-14874.98,48.6553,1.26,53.3,82.2
5342,-14865.96,28.6017,1.28,52.5,82.1
5343,-14868.71,32.5025,1.18,52.7,82.2
5344,-14893.75,115.1689,1.22,53.4,82.1
5345,-14898.79,79.7649,1.32,51.1,82.2
5346,-14874.98,82.1627,1.27,53.2,82.2
5347,-14868.74,56.1318,1.22,54.0,82.3
5348,-14874.98,35.974,1.28,54.8,82.4
5349,-14878.04,50.8707,1.18,53.0,82.4
5350,-14861.01,54.8071,1.2,53.7,82.4
5351,-14876.18,28.1981,1.29,53.0,82.4
5352,-14874.98,47.7264,1.28,53.8,82.5
5353,-14862.86,25.711,1.22,53.7,82.4
5354,-14858.87,21.4847,1.28,54.5,82.5
5355,-14866.31,13.8163,1.21,53.3,82.6
5356,-14868.74,20.4875,1.19,53.5,82.5
5357,-14858.87,9.1561,1.29,55.5,82.6
5358,-14888.14,62.419,1.29,54.5,82.6
5359,-14893.8,82.2496,1.24,54.2,82.6
5360,-14869.98,147.3003,1.27,54.2,82.8
5361,-14860.1,75.1257,1.22,53.9,82.8
5362,-14874.98,91.8223,1.16,53.1,82.7
5363,-14890.1,60.819,1.27,54.6,82.7
5364,-14876.19,29.6909,1.29,53.4,82.6
5365,-14892.21,33.8179,1.23,53.4,82.7
5366,-14869.57,32.9412,1.22,53.5,82.7
5367,-14859.69,25.2928,1.22,53.6,82.8
5368,-14909.98,108.5233,1.19,54.4,82.6
5369,-14880.69,126.2664,1.27,54.7,82.7
5370,-14897.35,264.9178,1.31,53.7,82.8
5371,-15036.12,1897.0175,1.24,53.7,82.8
5372,-14869.57,46.1102,1.21,54.4,82.8
5373,-14911.5,199.2019,1.22,54.9,82.9
5374,-14916.79,117.2161,1.2,53.1,82.9
5375,-14876.19,121.2655,1.25,53.9,83.0
5376,-14874.49,79.2074,1.29,53.9,83.0
5377,-14859.69,80.3028,1.26,53.5,83.0
5378,-14866.31,44.5548,1.2,53.4,83.1
5379,-14878.91,36.2502,1.22,53.9,83.1
5380,-14860.1,48.346,1.24,54.1,83.1
5381,-14868.74,12.465,1.26,54.9,83.1
5382,-14994.11,1542.8234,1.25,54.6,83.2
5383,-14876.19,31.8931,1.26,52.8,82.9
5384,-14869.98,17.2508,1.2,53.7,81.8
5385,-14857.0,35.8363,1.22,54.7,81.9
5386,-14863.37,14.7472,1.25,53.9,81.9
5387,-14869.98,16.513,1.27,53.6,82.0
5388,-14868.74,13.5347,1.22,53.2,82.0
5389,-14869.98,7.8619,1.26,53.9,82.1
5390,-14869.98,4.3588,1.19,54.0,82.0
5391,-14861.07,53.1781,1.22,54.3,82.1
5392,-14914.64,194.4814,1.26,55.0,82.0
5393,-14912.76,112.2506,1.3,54.0,82.1
5394,-14916.41,241.2194,1.23,54.6,82.1
5395,-14933.03,78.034,1.24,54.8,82.2
5396,-14931.15,65.6337,1.24,54.4,82.3
5397,-14933.03,38.2406,1.18,53.4,82.2
5398,-14914.28,67.5149,1.23,53.8,82.2
5399,-14890.32,140.5239,1.28,54.4,82.2
5400,-14868.74,121.7427,1.23,53.9,82.2
5401,-14885.78,203.5478,1.23,53.6,82.3
5402,-14892.33,123.1863,1.21,53.9,82.4
5403,-14869.98,265.996,1.18,54.0,82.4
5404,-14872.74,172.4688,1.22,55.0,82.4
5405,-14866.6,55.6763,1.25,52.4,82.2
5406,-14890.32,129.1405,1.29,48.0,82.5
5407,-14880.69,146.2076,1.23,54.5,82.6
5408,-14872.74,30.649,1.2,53.6,82.5
5409,-14862.86,16.1472,1.23,55.0,82.6
5410,-14895.62,167.6249,1.25,53.9,82.5
5411,-14888.38,62.1434,1.24,54.4,82.5
5412,-14861.26,191.7127,1.29,54.8,82.6
5413,-14863.75,102.7755,1.27,50.9,82.6
5414,-14844.31,38.9106,1.17,53.8,82.6
5415,-14867.75,143.5629,1.24,54.3,82.6
5416,-14867.75,51.388,1.26,53.8,82.6
5417,-14863.64,82.2488,1.22,54.4,82.6
5418,-14976.57,1660.0583,1.3,54.6,82.6
5419,-14875.61,261.023,1.26,49.9,82.8
5420,-14976.57,1403.2838,1.17,53.5,82.8
5421,-14886.13,138.0466,1.23,54.6,82.9
5422,-14973.81,1397.4527,1.26,53.9,82.9
5423,-14970.77,1018.8667,1.22,54.9,82.9
5424,-14867.34,572.5634,1.3,54.5,82.9
5425,-14850.8,507.8869,1.3,50.5,83.0
5426,-14880.49,150.3213,1.2,53.0,83.1
5427,-14845.68,89.758,1.25,54.2,83.2
5428,-14862.7,52.3876,1.22,53.8,83.2
5429,-14863.64,74.4596,1.2,54.6,83.2
5430,-14848.31,65.896,1.3,54.0,83.1
5431,-14841.68,112.4426,1.3,51.0,83.0
5432,-14976.52,1635.4117,1.19,54.0,82.9
5433,-14977.13,1578.428,1.24,54.1,83.0
5434,-14971.52,1284.8279,1.23,54.6,83.1
5435,-14850.54,488.7689,1.23,53.7,82.5
5436,-14849.3,416.5642,1.17,54.0,82.4
5437,-14853.29,177.063,1.24,53.7,82.5
5438,-14977.55,1922.2302,1.28,55.2,82.6
5439,-14850.54,25.7682,1.24,54.6,82.5
5440,-14850.54,10.7543,1.26,54.2,82.6
5441,-14882.3,141.6722,1.26,54.3,82.6
5442,-14841.82,26.4303,1.19,53.1,82.6
5443,-14845.9,11.437,1.21,53.8,82.5
5444,-14862.21,65.1164,1.28,55.2,82.6
5445,-14867.67,56.4309,1.26,53.2,82.7
5446,-14862.21,28.6916,1.24,54.3,82.7
5447,-14848.23,35.4506,1.26,53.5,82.6
5448,-14863.73,7.6218,1.22,53.5,82.7
5449,-14980.13,1597.2383,1.17,53.7,82.7
5450,-14860.35,29.8142,1.27,54.3,82.8
5451,-14842.72,38.1321,1.3,54.3,82.8
5452,-14850.58,62.8601,1.22,53.6,82.7
5453,-14867.67,39.1901,1.28,54.3,82.8
5454,-14865.54,23.607,1.23,54.2,82.8
5455,-14976.2,489.2374,1.18,53.4,82.9
5456,-14902.98,77.3374,1.24,54.1,82.9
5457,-14852.88,66.2038,1.27,53.9,82.9
5458,-14879.18,120.474,1.25,54.6,82.9
5459,-14822.56,76.3344,1.24,53.7,82.9
5460,-14831.68,41.1491,1.28,54.5,83.0
5461,-14827.04,22.0551,1.19,53.5,83.1
5462,-14831.67,21.5875,1.19,54.1,83.0
5463,-14825.89,81.7904,1.25,54.6,83.0
5464,-14842.0,30.7079,1.23,53.1,83.0
5465,-14825.19,34.0326,1.24,53.9,83.1
5466,-14955.71,535.8739,1.27,54.1,83.1
5467,-14840.14,16.5136,1.21,54.6,83.1
5468,-14879.58,97.679,1.2,53.8,83.2
5469,-14840.14,9.3968,1.26,54.8,83.1
5470,-14832.03,10.44,1.27,53.5,83.1
5471,-14827.2,6.9699,1.22,54.4,83.2
5472,-14841.72,7.2165,1.29,54.1,83.2
5473,-14818.78,9.1615,1.23,53.9,83.3
5474,-14905.61,375.5885,1.18,53.8,83.3
5475,-14827.04,29.6532,1.24,54.3,83.3
5476,-14844.03,29.2758,1.26,54.8,83.2
5477,-14843.41,17.3237,1.25,53.7,83.3
5478,-14915.65,376.3871,1.25,54.3,83.3
5479,-15052.3,1818.6457,1.26,54.1,83.3
5480,-14937.48,382.4307,1.19,54.3,83.5
5481,-15066.16,1397.5617,1.2,54.4,83.5
5482,-15056.78,1087.1283,1.26,54.1,83.4
5483,-14846.2,949.4809,1.23,53.9,83.4
5484,-14919.54,731.0436,1.25,54.2,83.5
5485,-14853.89,466.9679,1.25,53.5,83.5
5486,-14867.7,192.7133,1.2,53.6,83.5
5487,-14881.78,299.2117,1.15,53.3,83.5
5488,-14931.71,306.0762,1.22,54.3,83.5
5489,-14958.12,1314.5849,1.25,53.1,83.5
5490,-14846.2,478.1709,1.21,53.4,83.5
5491,-14848.06,419.4876,1.22,53.4,83.6
5492,-14841.72,214.0656,1.19,53.6,83.7
5493,-14841.72,51.4258,1.15,53.3,83.6
5494,-14841.72,89.5797,1.23,56.4,83.7
5495,-14971.94,1745.1673,1.22,53.8,83.7
5496,-14846.2,40.8523,1.22,53.7,83.7
5497,-14847.48,41.2267,1.24,53.8,83.7
5498,-14846.2,12.9755,1.2,53.5,83.8
5499,-14849.55,36.9358,1.17,52.9,83.8
5500,-14847.41,23.6722,1.19,53.5,83.8
5501,-14842.22,64.5985,1.23,53.7,83.8
5502,-14826.23,37.2072,1.25,53.9,83.7
5503,-14813.81,55.1533,1.21,53.0,83.8
5504,-14825.56,36.7295,1.23,54.4,83.8
5505,-14825.56,16.477,1.19,53.0,83.9
5506,-14825.83,19.9938,1.16,53.1,83.8
5507,-14806.39,22.0671,1.21,53.8,83.9
5508,-14806.39,13.7581,36.01,53.0,84.3
5509,-14849.27,37.2565,1.22,53.5,84.4
5510,-14838.25,147.8952,1.23,54.4,84.4
5511,-14808.36,21.0179,1.2,53.5,84.4
5512,-14808.36,17.7196,1.25,54.5,84.5
5513,-14801.94,14.1808,1.31,53.8,84.5
5514,-14822.44,22.0049,1.27,53.6,84.5
5515,-14822.28,71.7562,1.19,53.5,84.5
5516,-14804.86,17.671,1.21,54.4,84.5
5517,-14805.03,13.1018,1.25,53.9,84.6
5518,-14815.91,61.7631,1.21,54.1,84.6
5519,-14829.34,125.9633,1.24,54.2,84.7
5520,-14897.95,340.1025,1.24,53.8,84.7
5521,-14854.8,98.6212,1.25,51.9,84.6
5522,-14800.19,107.5055,1.19,53.7,84.7
5523,-14800.19,45.4567,1.21,53.9,84.6
5524,-14800.19,33.6068,1.28,54.1,84.7
5525,-14800.19,22.0504,1.25,53.9,84.7
5526,-14854.58,238.0617,1.23,54.2,84.8
5527,-14824.02,44.8369,1.28,55.2,84.8
5528,-14806.39,42.9852,1.17,54.2,84.8
5529,-14803.02,36.2102,1.21,53.5,84.8
5530,-14824.02,33.2429,1.28,54.2,84.9
5531,-14821.55,40.4207,1.28,54.1,84.8
5532,-14804.86,45.7286,1.2,54.5,84.9
5533,-14796.15,50.6498,1.26,53.7,85.0
5534,-14802.75,57.8461,1.2,53.6,85.0
5535,-14802.75,23.2987,1.25,54.6,85.0
5536,-14800.19,60.752,1.28,53.7,85.0
5537,-14798.0,27.7472,1.27,53.5,85.0
5538,-14826.91,95.4363,1.17,53.7,85.1
5539,-14999.21,1955.2206,1.23,54.9,85.1
5540,-14824.02,97.1172,1.28,51.4,85.2
5541,-14856.46,92.3035,1.25,54.6,85.3
5542,-14928.11,1366.5543,1.24,53.1,85.2
5543,-14800.19,290.7488,1.29,54.8,85.2
5544,-14893.47,331.7421,1.2,53.4,85.3
5545,-14795.71,112.0829,1.23,54.2,85.3
5546,-14795.71,45.3662,1.32,49.5,85.5
5547,-14797.55,34.5794,1.3,52.3,85.3
5548,-14795.71,23.5703,1.19,54.1,85.3
5549,-14798.54,22.7957,1.24,54.1,85.3
5550,-14823.73,83.3232,1.18,54.1,85.3
5551,-14921.25,1374.4986,1.22,53.7,85.4
5552,-14798.0,288.2471,1.29,48.1,85.4
5553,-14793.52,309.6245,1.28,50.8,85.5
5554,-14793.52,98.7392,1.21,54.3,85.5
5555,-14930.03,2288.7766,1.21,53.9,85.4
5556,-14798.0,64.5814,1.23,53.6,85.5
5557,-14796.15,21.688,1.25,54.0,85.6
5558,-14795.89,32.0876,1.28,53.2,85.6
5559,-14791.67,14.218,1.27,50.8,85.6
5560,-14802.52,54.1448,1.18,53.5,85.6
5561,-14910.2,1531.9788,1.25,54.5,85.7
5562,-15025.32,1644.045,1.21,53.7,85.7
5563,-14940.12,1247.4941,1.22,54.2,85.7
5564,-14791.67,1015.7661,1.28,54.1,85.7
5565,-14823.23,530.1934,1.29,51.1,85.8
5566,-14800.19,331.0437,1.19,53.3,85.9
5567,-14823.72,189.6099,1.24,54.5,85.9
5568,-14916.77,1701.9778,1.23,54.1,85.9
5569,-14804.86,66.9153,1.22,53.2,85.9
5570,-14793.52,96.8685,1.28,53.5,86.0
5571,-14793.52,35.6349,1.28,51.5,86.1
5572,-14793.52,32.7039,1.21,54.2,86.1
5573,-14793.52,14.7003,1.22,53.5,86.1
5574,-14826.06,57.7048,1.27,55.2,86.2
5575,-14798.0,49.5143,1.23,53.2,86.2
5576,-14830.1,42.3621,1.25,54.6,86.2
5577,-14800.38,59.0032,1.29,53.6,86.3
5578,-14798.0,30.5664,1.23,53.5,86.3
5579,-14806.5,44.6181,1.22,53.2,86.3
5580,-14801.39,24.9581,1.23,54.3,86.4
5581,-14795.71,30.3394,1.21,52.7,86.4
5582,-14791.43,37.3248,1.2,53.6,85.8
5583,-14914.45,1740.0844,1.27,54.5,83.4
5584,-14823.72,57.3771,1.25,53.6,80.8
5585,-14798.04,50.9593,1.18,53.6,79.8
5586,-14910.2,1722.645,1.28,54.7,80.0
5587,-15016.98,2223.4024,1.27,51.4,80.3
5588,-15012.5,1666.1282,1.19,53.4,80.5
5589,-14968.9,1035.3318,1.26,54.5,80.7
5590,-14968.9,843.1635,1.21,52.0,80.9
5591,-14910.2,1083.5757,1.21,52.7,81.1
5592,-14818.57,1284.6295,1.28,53.6,81.2
5593,-14807.28,911.7067,1.29,54.1,78.4
5594,-14916.77,1677.5651,1.18,53.7,78.5
5595,-14803.02,202.4109,1.24,54.1,78.5
5596,-14928.17,1077.3369,1.2,53.4,78.5
5597,-14955.87,999.5132,1.13,53.6,78.5
5598,-14827.3,684.1955,1.24,53.6,78.6
5599,-14794.65,712.5759,1.24,50.4,78.6
5600,-14874.12,609.1747,1.19,53.2,78.6
5601,-14796.15,106.8009,1.22,53.6,78.7
5602,-14795.71,54.5168,1.21,53.7,78.6
5603,-14795.89,47.8629,1.17,53.1,78.6
5604,-14791.67,43.5497,1.22,54.5,78.6
5605,-14793.52,26.4907,1.27,51.1,79.1
5606,-14793.52,11.8101,1.21,53.2,79.1
5607,-14791.67,11.6457,1.19,53.6,79.1
5608,-14824.02,71.8218,1.22,53.6,79.2
5609,-14789.58,53.9447,1.17,53.6,79.2
5610,-14801.49,21.6661,1.21,53.9,79.2
5611,-14803.58,29.1448,1.23,51.9,79.0
5612,-14918.66,1414.7844,1.19,53.9,79.1
5613,-14921.25,1207.6628,1.19,54.2,79.1
5614,-14798.54,369.8107,1.21,53.9,79.2
5615,-14920.8,950.7761,1.21,52.8,79.1
5616,-14793.52,491.0665,1.22,53.8,79.2
5617,-14827.04,230.9282,1.24,53.8,79.2
5618,-14818.33,193.5872,1.22,53.7,79.0
5619,-14803.08,71.2934,1.2,54.9,79.0
5620,-14795.71,40.9432,1.24,54.7,78.9
5621,-14918.93,1539.3137,1.24,52.8,79.0
5622,-14791.67,26.4542,1.18,54.1,79.0
5623,-14800.53,14.0839,1.24,54.4,79.1
5624,-15069.8,2044.7246,1.22,53.0,79.1
5625,-15099.93,1404.818,1.16,53.1,79.1
5626,-15084.33,1015.3456,1.22,53.4,79.0
5627,-15084.33,806.4179,1.25,51.7,78.9
5628,-15147.39,1185.1588,1.21,53.6,78.9
5629,-15147.39,828.6427,1.21,55.3,79.0
5630,-15133.1,780.3058,1.24,54.6,79.0
5631,-15185.6,898.3568,1.15,53.9,79.0
5632,-15145.32,543.5139,1.21,53.6,79.0
5633,-15201.1,182.6603,1.24,51.2,78.8
5634,-15133.57,893.3013,1.2,53.3,78.8
5635,-15138.92,230.4662,1.2,53.9,78.8
5636,-15138.27,422.8976,1.21,53.2,78.8
5637,-15143.24,142.2419,1.17,53.2,78.9
5638,-15159.75,238.7021,1.21,53.6,78.9
5639,-15148.48,104.4823,1.25,51.3,78.7
5640,-15201.1,349.0811,1.21,53.0,78.7
5641,-15171.96,209.7821,1.2,53.2,78.8
5642,-15201.1,82.324,1.21,55.3,78.7
5643,-15126.14,251.6397,1.18,53.1,78.8
5644,-15148.48,119.6091,1.21,53.7,78.8
5645,-15150.56,92.7456,1.25,54.4,78.8
5646,-15100.09,595.6618,1.23,51.7,78.4
5647,-15079.64,377.5033,1.16,54.6,78.4
5648,-15138.27,458.6211,1.23,53.9,78.5
5649,-15133.03,186.101,1.19,53.4,78.6
5650,-15160.4,123.7154,1.16,53.2,78.5
5651,-15160.4,51.2884,1.25,53.6,78.5
5652,-15161.57,121.5927,1.22,50.7,78.4
5653,-15121.94,260.5334,1.15,53.4,78.4
5654,-15160.4,34.0901,1.24,53.9,78.4
5655,-15100.09,480.6515,1.21,53.0,78.4
5656,-15201.1,446.8908,1.2,53.5,78.5
5657,-15166.55,133.2493,1.24,53.8,78.5
5658,-15171.96,95.1831,1.23,52.3,78.3
5659,-15170.73,42.6696,1.27,52.5,79.0
5660,-15148.32,53.7563,1.18,53.8,79.1
5661,-15148.32,30.4224,1.21,54.6,79.1
5662,-15150.56,27.278,1.2,53.0,79.1
5663,-15177.07,99.8452,1.22,53.6,79.1
5664,-15195.38,75.8319,1.23,53.6,79.1
5665,-15150.56,66.1197,1.18,53.8,79.2
5666,-15199.95,166.3961,1.2,54.3,79.2
5667,-15146.1,236.2422,1.24,53.1,79.0
5668,-15160.4,169.4606,1.22,53.8,79.0
5669,-15150.56,96.5337,1.15,53.2,77.6
5670,-15133.52,498.3823,1.24,53.5,77.6
5671,-15166.82,105.1004,1.23,53.2,77.5
5672,-15174.02,117.4222,1.18,52.7,77.6
5673,-15148.32,122.5678,1.2,54.9,77.5
5674,-15136.82,357.8427,1.2,53.3,77.5
5675,-15150.48,117.1417,1.15,53.7,77.5
5676,-15208.38,466.5919,1.25,54.3,77.5
5677,-15159.09,116.7993,1.23,48.1,77.1
5678,-15136.82,102.6242,1.16,52.7,77.1
5679,-15140.41,58.7776,1.24,54.1,77.2
5680,-15118.02,74.1045,1.21,53.2,77.2
5681,-15146.36,128.7703,1.15,53.5,77.2
5682,-15143.07,94.8551,1.24,53.8,77.2
5683,-15148.42,91.2516,1.26,45.3,76.4
5684,-15138.56,41.3821,1.17,53.1,76.4
5685,-15126.24,181.4802,1.21,53.6,76.4
5686,-15122.25,136.2541,1.21,54.1,76.4
5687,-15213.16,478.2027,1.17,53.8,76.5
5688,-15193.21,480.9418,1.24,53.5,76.5
5689,-15216.46,305.5148,1.24,44.2,75.7
5690,-15124.81,373.7741,1.17,52.8,75.8
5691,-15126.24,310.3273,1.22,53.3,75.8
5692,-15221.51,622.4996,1.22,52.8,75.7
5693,-15134.66,428.0631,1.17,54.1,75.8
5694,-15096.06,563.6078,1.24,53.4,75.8
5695,-15207.32,632.5719,1.23,48.5,75.8
5696,-15124.16,157.8009,1.18,52.8,75.8
5697,-15189.95,480.6552,1.18,54.0,75.8
5698,-15126.89,346.7394,1.23,53.1,75.8
5699,-15118.02,368.3048,1.18,52.2,74.9
5700,-15096.61,257.3337,1.19,53.7,74.0
5701,-15126.24,112.2125,1.24,50.8,73.9
5702,-15124.91,127.0323,1.2,54.3,74.0
5703,-15113.43,87.6267,1.21,53.8,74.1
5704,-15140.62,185.3159,1.24,54.2,74.0
5705,-15207.32,452.3073,1.2,50.9,74.0
5706,-15218.75,436.2903,1.19,53.5,73.5
5707,-15140.62,621.4119,1.22,54.0,73.5
5708,-15215.93,219.1622,1.24,53.1,73.6
5709,-15213.27,134.9182,1.21,54.0,73.6
5710,-15216.57,99.8819,1.22,54.3,73.6
5711,-15169.09,164.6403,1.23,54.1,73.6
5712,-15094.52,470.7747,1.18,53.4,73.6
5713,-15140.62,250.9538,1.18,54.6,73.6
5714,-15140.41,176.6361,1.23,53.9,73.5
5715,-15115.96,193.2274,1.22,53.9,73.5
5716,-15138.56,183.7846,1.21,54.6,73.5
5717,-15070.15,204.9623,1.23,53.6,73.6
5718,-15076.19,84.2459,1.19,54.2,73.6
5719,-15076.19,60.703,1.17,53.7,73.6
5720,-15113.98,65.1714,1.22,53.9,73.6
5721,-15064.57,102.8381,1.2,53.8,73.6
5722,-15137.82,341.1251,1.22,53.1,73.5
5723,-15087.0,65.5194,1.25,53.7,73.5
5724,-15057.64,96.4055,1.22,50.8,73.6
5725,-15057.36,50.6712,1.15,54.1,73.6
5726,-15083.61,131.223,1.21,53.5,73.7
5727,-15144.74,290.9461,1.2,53.6,73.7
5728,-15095.0,168.0249,1.19,53.7,73.6
5729,-15114.59,94.9847,1.25,53.7,73.5
5730,-15055.68,67.5559,1.25,50.2,73.8
5731,-15127.98,796.421,1.17,53.5,73.8
5732,-15061.41,96.8163,1.2,54.4,73.8
5733,-15072.22,33.4091,1.21,53.4,73.9
5734,-15145.52,414.1776,1.19,54.1,73.9
5735,-15035.18,292.1117,1.23,54.1,73.9
5736,-15107.2,267.5349,1.23,52.5,73.9
5737,-15115.21,286.0449,1.17,53.0,73.9
5738,-15197.37,459.6599,1.18,53.2,73.9
5739,-15220.08,266.1305,1.21,54.1,74.0
5740,-15134.44,1842.9481,1.17,52.5,74.0
5741,-15252.57,449.5366,1.22,53.7,74.1
5742,-15233.46,136.6099,1.25,52.0,74.1
5743,-15206.85,153.0624,1.23,52.5,74.2
5744,-15228.6,123.0226,1.16,53.3,74.1
5745,-15231.25,67.8073,1.22,53.9,74.1
5746,-15189.96,180.4974,1.21,53.0,74.0
5747,-15209.17,83.614,1.18,53.0,74.1
5748,-15216.45,55.8825,1.26,53.5,74.2
5749,-15245.1,202.8418,1.23,51.8,74.1
5750,-15156.14,626.8852,1.17,53.2,74.1
5751,-15241.63,142.4074,1.21,53.5,74.1
5752,-15219.74,136.998,1.2,52.8,74.0
5753,-15091.02,913.086,1.17,53.7,74.1
5754,-15216.54,720.0448,1.23,54.1,74.1
5755,-15221.86,728.3618,1.23,52.4,74.1
5756,-15194.19,285.5381,1.19,53.0,74.2
5757,-15098.11,935.3936,1.18,53.0,74.2
5758,-15210.95,258.2954,1.2,53.2,74.2
5759,-15118.86,346.6955,1.18,53.8,74.1
5760,-15216.16,241.6251,1.22,53.4,74.1
5761,-15180.39,125.6927,1.25,53.5,74.1
5762,-15148.47,351.79,1.21,52.3,74.2
5763,-15217.76,183.5804,1.19,53.8,74.2
5764,-15220.28,171.8576,1.23,53.5,74.2
5765,-15212.86,454.0668,1.21,53.2,74.2
5766,-15212.73,95.3412,1.18,53.3,74.2
5767,-15103.67,727.374,1.25,53.7,74.2
5768,-15112.7,602.3704,1.23,52.0,74.3
5769,-15231.25,613.0296,1.17,53.2,74.3
5770,-15262.06,865.4717,1.22,54.0,74.3
5771,-15118.29,648.8931,1.22,53.3,74.4
5772,-15147.64,352.6554,1.16,52.5,74.3
5773,-15112.81,224.713,1.23,53.0,74.4
5774,-15158.03,499.8498,1.26,53.1,74.5
5775,-15235.98,1194.5224,1.21,52.3,74.4
5776,-15172.91,264.1389,1.19,52.5,74.4
5777,-15147.64,359.5602,1.23,53.5,74.4
5778,-15147.64,100.6727,1.18,52.8,74.5
5779,-15195.68,762.6326,1.2,53.5,74.5
5780,-15188.83,399.8952,1.24,52.3,74.6
5781,-15235.98,407.3929,1.21,51.9,74.6
5782,-15158.23,1163.6042,1.2,53.4,74.7
5783,-15206.98,1064.6155,1.22,54.6,74.7
5784,-15233.26,155.9457,1.21,53.4,74.8
5785,-15196.29,185.8539,1.16,52.2,74.9
5786,-15196.29,67.0767,1.25,54.6,74.9
5787,-15209.52,103.5256,1.23,50.9,75.0
5788,-15189.27,47.1952,1.19,54.4,75.0
5789,-15097.33,671.1692,1.21,53.7,75.0
5790,-15207.83,717.5522,1.21,53.9,75.0
5791,-15084.44,351.3982,1.2,52.4,75.0
5792,-15216.55,706.0994,1.24,55.2,75.1
5793,-15106.87,139.9953,1.25,52.3,75.1
5794,-15190.68,384.7464,1.21,52.7,75.2
5795,-15197.29,249.9378,1.19,53.9,75.2
5796,-15180.33,113.9435,1.22,53.9,75.3
5797,-15141.62,253.7615,1.18,53.0,75.3
5798,-15183.83,45.1285,1.21,53.7,75.2
5799,-15183.83,26.4315,1.24,52.4,75.1
5800,-15228.73,208.1503,1.28,51.7,75.3
5801,-15188.6,212.5313,1.21,52.9,75.3
5802,-15182.92,176.605,1.23,52.3,75.3
5803,-15132.73,288.9664,1.22,52.4,75.4
5804,-15234.42,380.1775,1.17,54.0,75.3
5805,-15154.12,89.3205,1.25,53.8,75.3
5806,-15169.28,209.766,1.23,50.6,75.4
5807,-15135.35,112.3565,1.17,53.4,75.3
5808,-15092.71,162.7994,1.22,54.7,75.4
5809,-15193.02,496.3833,1.19,52.2,75.5
5810,-15099.01,37.9783,1.18,54.9,75.4
5811,-15071.27,216.5296,1.25,54.3,75.5
5812,-15192.99,787.8807,1.24,50.1,75.6
5813,-15183.89,916.4781,1.17,53.3,75.6
5814,-15146.71,130.6787,1.22,54.0,75.5
5815,-15192.11,257.5141,1.22,53.0,75.6
5816,-15190.9,103.5586,1.18,53.7,75.6
5817,-15177.3,128.7067,1.23,54.7,75.6
5818,-15236.87,264.2118,1.25,50.2,75.4
5819,-15175.63,76.5185,1.17,53.4,75.5
5820,-15279.67,274.6459,1.18,53.8,75.5
5821,-15233.8,171.6026,1.23,53.3,75.5
5822,-15182.23,121.8087,1.19,52.8,75.4
5823,-15203.62,113.0582,1.23,53.7,75.5
5824,-15242.55,143.286,1.25,52.6,75.5
5825,-15147.21,588.072,1.2,52.3,75.6
5826,-15228.88,78.7467,1.17,53.3,75.6
5827,-15166.46,124.2194,1.21,54.1,75.7
5828,-15132.75,313.3131,1.22,53.2,75.6
5829,-15234.42,417.9652,1.18,53.5,75.7
5830,-15166.46,56.2768,1.24,54.0,73.9
5831,-15138.43,135.2063,1.23,49.5,70.8
5832,-15243.34,312.2601,1.17,54.3,69.1
5833,-15248.81,200.7358,1.25,53.4,69.3
5834,-15119.98,760.3436,1.22,50.4,69.6
5835,-15211.11,209.4089,1.18,53.6,69.7
5836,-15146.42,162.0549,1.2,53.1,70.0
5837,-15193.56,330.9068,1.23,49.6,70.3
5838,-15196.96,226.2825,1.19,52.8,70.3
5839,-15206.98,181.6562,1.21,55.1,67.9
5840,-15220.85,258.6715,1.2,51.3,67.8
5841,-15189.41,313.9527,1.17,53.2,67.9
5842,-15218.77,150.7605,1.18,53.4,67.9
5843,-15203.35,82.2376,1.24,49.0,68.0
5844,-15191.48,200.6736,1.16,52.7,68.1
5845,-15146.63,211.1205,1.17,53.6,67.9
5846,-15147.12,206.2949,1.22,48.7,67.7
5847,-15191.48,256.2293,1.17,50.6,67.6
5848,-15190.65,88.4954,1.18,53.3,67.7
5849,-15148.32,464.6566,1.21,53.2,67.7
5850,-15198.95,113.1286,1.21,48.5,67.5
5851,-15193.27,122.4158,1.15,53.0,67.5
5852,-15160.25,132.1872,1.22,53.2,67.6
5853,-15228.88,197.193,1.21,44.0,66.8
5854,-15188.6,125.051,1.14,53.1,66.8
5855,-15133.17,305.9364,1.22,52.6,66.9
5856,-15128.68,297.3903,1.19,44.9,66.2
5857,-15129.39,89.0719,1.16,53.4,66.2
5858,-15091.98,305.0246,1.2,53.3,66.3
5859,-15183.47,300.5882,1.2,45.5,65.5
5860,-15221.71,503.5101,1.13,51.9,65.4
5861,-15201.06,78.9371,1.21,52.2,65.5
5862,-15227.72,224.4649,1.2,44.5,65.1
5863,-15234.27,82.9191,1.14,52.2,65.1
5864,-15196.07,85.7235,1.18,53.8,65.1
5865,-15229.59,141.7555,1.21,45.6,65.3
5866,-15129.39,577.0628,1.16,52.4,65.3
5867,-15220.22,133.3301,1.15,53.2,65.4
5868,-15242.02,98.0381,1.2,48.9,65.5
5869,-15280.78,311.9445,1.16,49.5,65.3
5870,-15193.79,375.6802,1.15,53.5,65.4
5871,-15220.22,283.7141,1.2,48.8,65.4
5872,-15245.85,88.7857,1.2,48.2,65.4
5873,-15236.87,66.2132,1.14,53.1,65.5
5874,-15236.87,33.835,1.21,52.0,65.6
5875,-15184.79,137.3091,1.21,44.0,65.5
5876,-15182.23,86.654,1.14,52.7,65.4
5877,-15255.62,309.221,1.21,53.6,65.5
5878,-15237.97,95.3903,1.23,45.1,65.5
5879,-15194.46,170.9494,1.14,52.8,65.5
5880,-15227.19,97.7703,1.2,53.5,65.5
5881,-15236.87,25.3962,1.21,43.2,65.5
5882,-15182.23,96.4286,1.15,51.7,65.5
5883,-15228.43,140.2382,1.19,53.5,65.5
5884,-15200.49,62.944,1.21,44.1,65.6
5885,-15171.34,219.8659,1.17,52.6,65.6
5886,-15243.23,109.9818,1.19,53.6,65.6
5887,-15155.71,170.106,1.22,43.8,65.6
5888,-15277.26,220.3252,1.14,52.6,65.7
5889,-15258.77,138.7991,1.16,53.1,65.7
5890,-15277.26,100.8015,1.2,46.9,65.7
5891,-15248.93,51.4326,1.14,52.7,65.7
5892,-15219.05,81.2955,1.15,53.4,65.7
5893,-15197.01,148.5353,1.22,48.7,65.7
5894,-15187.86,85.5852,1.17,50.2,65.7
5895,-15240.44,162.6559,1.16,52.9,65.8
5896,-15175.63,312.4791,1.2,50.4,65.8
5897,-15182.23,121.3799,1.16,48.2,65.9
5898,-15202.46,108.9198,1.2,49.6,65.2
5899,-15206.17,50.2626,1.14,53.5,65.1
5900,-15214.25,109.7205,1.19,49.6,65.2
5901,-15190.0,51.7118,1.18,47.7,65.3
5902,-15183.87,134.2539,1.15,53.7,65.3
5903,-15171.34,191.4319,1.21,51.0,65.3
5904,-15255.17,142.5574,1.2,44.5,65.3
5905,-15204.59,369.3867,1.13,52.7,65.2
5906,-15237.37,87.9624,1.2,53.1,65.2
5907,-15212.48,64.3827,1.2,44.6,65.3
5908,-15252.57,120.2792,1.14,53.1,65.3
5909,-15255.17,109.8306,1.23,53.1,65.3
5910,-15171.78,276.1379,1.2,42.1,65.3
5911,-15214.0,187.3151,1.12,52.5,65.3
5912,-15149.95,127.3472,1.19,54.2,65.3
5913,-15143.65,197.3178,1.19,44.5,65.4
5914,-15159.11,102.2623,1.15,52.0,65.4
5915,-15248.74,205.1812,1.2,54.0,65.3
5916,-15206.71,192.04,1.2,41.6,65.4
5917,-15159.66,198.1286,1.12,52.5,65.5
5918,-15181.55,110.0743,1.2,53.6,65.5
5919,-15249.51,260.3698,1.2,43.0,65.5
5920,-15123.06,471.0437,1.16,51.8,65.6
5921,-15236.97,144.9055,1.2,54.3,65.4
5922,-15218.88,103.5273,1.22,43.1,65.4
5923,-15162.18,163.5716,1.15,52.2,65.5
5924,-15244.22,81.5219,1.19,53.1,65.5
5925,-15168.88,138.4691,1.19,44.5,65.6
5926,-15155.81,211.6286,1.16,52.4,65.6
5927,-15206.77,176.593,1.16,53.6,65.6
5928,-15239.96,486.8656,1.22,48.1,65.4
5929,-15149.29,108.7933,1.17,51.8,65.5
5930,-15172.58,33.6053,1.16,53.4,65.4
5931,-15194.75,87.2225,1.2,47.9,65.4
5932,-15206.77,57.1155,1.21,48.3,65.4
5933,-15149.95,113.0839,1.16,52.9,65.4
5934,-15159.11,59.7042,1.22,49.4,65.4
5935,-15162.18,108.6655,1.21,48.1,65.4
5936,-15208.02,270.0501,1.14,53.0,65.5
5937,-15166.95,213.9677,1.21,52.6,65.5
5938,-15172.58,60.8863,1.22,44.2,65.4
5939,-15238.21,256.8429,1.16,53.0,65.5
5940,-15212.39,160.776,1.21,53.4,65.5
5941,-15216.94,92.482,1.2,42.7,65.5
5942,-15131.49,529.47,1.14,52.8,65.5
5943,-15143.29,211.6968,1.21,52.9,65.6
5944,-15131.27,215.6826,1.21,44.3,65.6
5945,-15239.41,675.0868,1.12,52.5,65.5
5946,-15147.1,266.1781,1.22,54.3,65.6
5947,-15194.75,89.8413,1.19,40.3,65.7
5948,-15199.52,62.0636,1.13,53.2,65.6
5949,-15133.6,237.0269,1.21,53.7,65.7
5950,-15166.54,113.9765,1.2,43.4,65.6
5951,-15128.66,157.1046,1.15,53.0,65.6
5952,-15133.6,73.9073,1.22,53.0,65.6
5953,-15201.1,298.0091,1.2,42.5,65.7
5954,-15134.64,51.5992,1.15,52.3,65.7
5955,-15206.17,226.1082,1.19,53.2,65.7
5956,-15142.17,98.4455,1.21,44.1,65.7
5957,-15189.05,90.3318,1.14,52.2,65.7
5958,-15131.49,322.5634,1.15,53.7,65.8
5959,-15162.73,50.8307,1.21,47.0,65.8
5960,-15170.62,216.229,1.16,51.7,65.9
5961,-15239.41,262.5057,1.19,53.4,65.9
5962,-15199.52,265.0459,1.2,47.8,65.8
5963,-15147.11,295.1418,1.18,49.6,65.8
5964,-15201.72,99.551,1.17,53.4,65.8
5965,-15147.11,101.4181,1.21,50.1,65.9
5966,-15178.64,155.182,1.2,47.1,65.9
5967,-15231.08,303.2742,1.17,53.5,65.9
5968,-15239.89,154.0644,1.22,53.1,65.9
5969,-15189.05,287.3893,1.22,44.3,65.9
5970,-15232.11,197.8456,1.14,53.8,65.9
5971,-15147.11,201.7436,1.19,53.8,65.9
5972,-15218.2,220.5676,1.19,45.4,65.9
5973,-15145.01,73.3596,1.13,52.6,65.9
5974,-15147.11,50.8234,1.2,53.1,65.9
5975,-15200.03,140.2981,1.22,43.8,66.0
5976,-15199.42,82.6611,1.13,52.5,66.0
5977,-15184.94,160.0065,1.2,53.2,66.0
5978,-15192.17,51.6086,1.21,42.8,66.0
5979,-15188.05,159.7786,1.15,52.8,66.0
5980,-15183.87,97.1992,1.18,53.4,66.0
5981,-15165.38,226.5074,1.22,45.3,66.0
5982,-15147.11,74.0537,1.16,52.4,66.1
5983,-15137.01,47.3208,1.17,54.0,66.1
5984,-15122.08,66.7991,1.22,45.0,66.1
5985,-15128.66,61.4128,1.16,51.2,66.1
5986,-15122.08,58.0171,1.17,52.3,66.1
5987,-15235.23,582.9427,1.22,46.9,66.1
5988,-15144.34,161.7659,1.18,51.5,66.2
5989,-15149.35,140.149,1.18,52.8,66.2
5990,-15163.14,90.2258,1.2,50.3,66.3
5991,-15199.39,78.9194,1.2,48.5,66.2
5992,-15130.04,87.2405,1.15,52.4,66.2
5993,-15232.35,704.6096,1.21,50.9,66.2
5994,-15235.21,685.5456,1.18,47.8,66.2
5995,-15244.63,294.5479,1.14,52.9,66.3
5996,-15217.91,303.6588,1.22,52.0,66.3
5997,-15277.96,139.2535,1.21,44.7,66.3
5998,-15196.9,518.0895,1.12,52.9,66.3
5999,-15235.21,148.5201,1.19,53.4,66.3
6000,-15155.35,305.9145,1.22,43.1,66.3
6001,-15249.84,489.1039,1.13,52.9,66.3
6002,-15155.35,154.7532,1.2,54.1,66.4
6003,-15152.96,81.0682,1.18,43.9,66.3
6004,-15141.84,147.7523,1.15,52.6,66.4
6005,-15143.55,74.6273,1.2,53.8,66.4
6006,-15225.83,285.433,1.19,44.0,66.5
6007,-15208.8,330.1944,1.11,51.6,66.4
6008,-15128.82,241.8059,1.2,53.8,66.4
6009,-15128.82,101.075,1.21,42.8,66.4
6010,-15248.16,655.676,1.16,53.1,66.4
6011,-15139.67,63.7248,1.18,53.2,66.5
6012,-15180.44,50.2,1.19,44.1,66.5
6013,-15229.86,151.0398,1.14,51.2,66.6
6014,-15141.36,248.0142,1.16,54.3,66.5
6015,-15190.47,70.2852,1.21,43.7,66.6
6016,-15203.62,72.0984,1.13,52.9,65.9
6017,-15200.61,66.7892,1.19,53.0,65.7
6018,-15219.57,177.1375,1.15,52.9,65.8
6019,-15214.58,89.8905,1.16,53.3,65.8
6020,-15214.87,35.717,1.17,52.7,65.8
6021,-15197.4,37.9873,1.18,51.7,65.8
6022,-15203.62,60.5751,1.15,52.7,65.9
6023,-15165.32,108.433,1.18,53.7,65.8
6024,-15221.75,57.7642,1.2,52.7,65.8
6025,-15209.76,60.783,1.15,53.1,65.9
6026,-15185.27,54.6876,1.17,53.6,65.8
6027,-15203.62,99.3949,1.2,52.3,65.8
6028,-15205.02,49.9478,1.15,52.1,65.9
6029,-15129.23,341.4453,1.17,54.0,65.9
6030,-15206.24,43.0754,1.2,51.7,65.9
6031,-15193.05,14.1331,1.17,51.1,66.0
6032,-15132.74,241.9273,1.15,53.5,66.0
6033,-15179.64,176.9982,1.2,52.9,66.0
6034,-15148.09,111.1305,1.18,48.4,66.1
6035,-15136.59,168.5233,1.13,53.9,66.1
6036,-15131.06,91.4615,1.21,53.2,66.1
6037,-15170.9,203.3356,1.2,43.0,66.1
6038,-15119.04,286.5184,1.17,54.1,66.0
6039,-15130.28,60.1225,1.19,52.9,66.1
6040,-15184.4,79.3729,1.21,42.0,66.1
6041,-15136.59,183.5912,1.15,52.4,66.2
6042,-15138.25,69.7965,1.19,53.3,66.2
6043,-15118.65,66.4262,1.21,42.9,66.3
6044,-15126.18,62.0599,1.15,50.3,66.2
6045,-15179.94,351.0681,1.17,53.4,66.2
6046,-15161.55,132.1323,1.19,43.2,66.1
6047,-15219.81,295.3179,1.14,49.3,66.1
6048,-15179.32,90.672,1.16,53.8,66.2
6049,-15186.81,66.2618,1.2,43.4,66.1
6050,-15154.62,204.914,1.19,45.1,66.2
6051,-15116.76,190.2284,1.16,53.2,66.2
6052,-15131.69,125.1849,1.18,46.7,65.8
6053,-15115.33,84.5053,1.21,41.6,65.5
6054,-15150.07,116.74,1.15,53.8,65.6
6055,-15114.49,67.2544,1.19,48.3,65.5
6056,-15135.78,61.6682,1.19,44.2,65.5
6057,-15131.69,46.246,1.14,52.9,65.6
6058,-15118.65,21.5872,1.21,51.8,65.6
6059,-15114.49,16.5691,1.21,43.9,65.7
6060,-15128.0,52.4068,1.13,52.6,65.6
6061,-15170.17,178.3783,1.21,52.7,65.6
6062,-15136.59,321.9005,1.21,42.8,65.6
6063,-15109.62,300.7078,1.12,52.6,65.7
6064,-15135.47,187.1692,1.2,52.8,65.7
6065,-15180.75,297.2495,1.22,42.9,65.7
6066,-15169.45,41.4494,1.13,52.4,65.8
6067,-15186.56,100.9738,1.19,53.1,65.7
6068,-15128.0,75.4297,1.21,41.8,65.7
6069,-15136.59,34.3288,1.14,52.5,65.7
6070,-15179.66,329.404,1.2,53.9,65.7
6071,-15123.98,91.0424,1.19,43.3,65.8
6072,-15137.51,30.1212,1.16,52.6,65.8
6073,-15142.94,26.8948,1.16,53.4,65.8
6074,-15116.76,48.3313,1.22,45.9,65.7
6075,-15187.17,184.5868,1.18,52.1,65.8
6076,-15141.84,142.4749,1.17,52.6,65.8
6077,-15232.35,405.0456,1.22,48.4,65.8
6078,-15208.57,205.893,1.16,51.6,65.9
6079,-15235.21,194.4262,1.15,52.0,65.9
6080,-15231.58,134.5821,1.22,50.7,65.9
6081,-15131.27,1382.7516,1.18,46.6,65.9
6082,-15177.57,412.888,1.15,52.7,65.9
6083,-15190.01,265.7524,1.21,52.9,66.0
6084,-15209.32,220.1615,1.21,47.8,65.9
6085,-15267.32,205.2486,1.16,53.2,65.9
6086,-15192.16,302.2198,1.21,54.2,65.9
6087,-15189.53,237.1538,1.18,45.9,65.9
6088,-15196.89,91.043,1.14,52.7,65.9
6089,-15201.97,89.5907,1.19,52.4,65.9
6090,-15214.95,56.1129,1.21,46.6,65.9
6091,-15210.45,49.6186,1.14,52.6,65.9
6092,-15196.89,24.1172,1.18,53.9,66.0
6093,-15189.53,12.4099,1.2,45.7,66.0
6094,-15139.89,199.5585,1.17,52.9,66.1
6095,-15196.89,61.078,1.17,52.9,66.1
6096,-15249.25,337.8005,1.2,49.8,66.0
6097,-15170.66,279.0681,1.15,52.9,66.1
6098,-15115.61,445.495,1.16,53.0,66.1
6099,-15140.69,116.7316,1.19,52.8,66.1
6100,-15135.28,149.9555,1.2,46.5,66.2
6101,-15160.88,61.7621,1.13,52.9,66.2
6102,-15136.02,113.6114,1.38,53.0,66.8
6103,-15178.6,134.9597,1.2,43.1,66.4
6104,-15162.68,91.4989,1.15,53.4,66.4
6105,-15203.22,89.2746,1.22,52.5,66.5
6106,-15142.08,447.6947,1.21,46.8,66.4
6107,-15180.17,290.6916,1.15,52.4,66.4
6108,-15142.08,54.4539,1.18,53.5,66.4
6109,-15155.56,68.5364,1.22,45.6,66.4
6110,-15158.25,97.8611,1.16,53.3,66.4
6111,-15142.08,40.191,1.17,54.0,66.4
6112,-15121.61,80.2652,1.21,48.2,66.5
6113,-15177.57,100.267,1.17,51.5,66.5
6114,-15121.98,150.9759,1.17,53.3,66.4
6115,-15121.61,34.675,1.19,50.4,66.4
6116,-15194.08,278.848,1.17,50.6,66.4
6117,-15185.55,319.3114,1.17,53.0,66.4
6118,-15202.18,293.3628,1.21,51.7,66.5
6119,-15121.61,220.1939,1.18,48.5,66.5
6120,-15175.98,192.8306,1.13,53.0,66.5
6121,-15161.17,96.8961,1.2,52.8,66.5
6122,-15208.16,127.858,1.23,45.1,66.5
6123,-15162.95,156.4556,1.14,52.4,66.5
6124,-15179.18,63.2916,1.22,52.5,66.6
6125,-15222.21,168.669,1.21,44.0,66.6
6126,-15178.6,131.1119,1.15,52.3,66.5
6127,-15142.08,266.2935,1.19,53.1,66.6
6128,-15136.02,125.7481,1.22,46.5,66.7
6129,-15189.86,250.9212,1.15,53.1,66.6
6130,-15158.25,53.0108,1.17,53.6,66.6
6131,-15154.54,57.5244,1.21,44.1,66.6
6132,-15149.21,50.4123,1.15,52.6,66.6
6133,-15142.08,31.1955,1.19,53.8,66.6
6134,-15222.21,396.137,1.2,48.5,66.7
6135,-15127.58,80.1595,1.16,52.1,66.8
6136,-15185.4,251.1677,1.17,53.4,66.8
6137,-15244.63,508.284,1.21,50.0,66.7
6138,-15245.23,219.0473,1.22,45.9,66.1
6139,-15252.45,90.8807,1.2,46.5,66.1
6140,-15230.49,124.5887,1.15,52.7,66.1
6141,-15234.85,76.5146,1.21,53.1,66.1
6142,-15256.46,228.1885,1.2,44.8,66.2
6143,-15208.8,474.0242,1.12,53.8,66.2
6144,-15193.79,421.4097,1.22,52.7,66.1
6145,-15172.66,236.9051,1.2,45.2,66.1
6146,-15153.13,72.3692,1.13,52.8,66.1
6147,-15165.59,118.6238,1.2,52.7,66.1
6148,-15235.21,488.377,1.19,45.1,66.2
6149,-15225.85,289.9504,1.17,52.8,66.1
6150,-15153.13,563.8132,1.19,52.9,66.2
6151,-15193.31,105.0769,1.22,43.7,66.2
6152,-15147.9,114.6148,1.15,52.6,66.2
6153,-15167.02,74.2388,1.19,53.3,66.2
6154,-15156.67,94.7396,1.22,46.0,66.1
6155,-15175.88,32.8652,1.14,52.6,66.2
6156,-15165.59,32.9451,1.16,53.3,66.2
6157,-15201.67,192.5655,1.21,47.4,66.2
6158,-15169.29,147.2055,1.17,51.5,66.3
6159,-15171.38,102.3809,1.18,52.8,66.3
6160,-15153.13,13.4257,1.21,49.3,66.3
6161,-15244.63,528.7555,1.17,48.6,66.2
6162,-15217.99,150.4104,1.17,52.8,66.3
6163,-15193.39,206.5833,1.21,51.2,66.2
6164,-15175.88,143.0809,1.19,48.6,66.4
6165,-15167.02,75.2116,1.15,52.8,66.4
6166,-15175.88,53.2456,1.21,51.8,66.3
6167,-15197.22,64.73,1.21,46.2,66.4
6168,-15161.83,67.4182,1.14,52.9,66.3
6169,-15165.32,43.6593,1.23,52.5,66.4
6170,-15156.99,30.7753,1.22,45.0,66.4
6171,-15176.75,40.8083,1.14,52.8,66.4
6172,-15114.49,178.2245,1.21,53.1,66.4
6173,-15164.3,18.7319,1.2,44.0,66.4
6174,-15178.36,84.4664,1.12,51.9,66.5
6175,-15161.83,69.767,1.2,53.9,66.4
6176,-15161.83,37.6188,1.19,40.8,66.4
6177,-15142.94,17.3248,1.12,53.6,66.4
6178,-15127.11,88.0914,1.2,53.3,66.4
6179,-15149.05,30.2467,1.2,43.2,66.5
6180,-15163.1,25.726,1.14,52.8,66.5
6181,-15163.79,30.433,1.2,53.9,66.5
6182,-15171.04,43.2779,1.21,43.7,66.5
6183,-15188.02,36.9078,1.13,52.2,66.4
6184,-15221.46,173.3865,1.2,53.4,66.4
6185,-15232.35,70.3601,1.19,44.0,66.5
6186,-15265.45,214.9728,1.14,52.0,66.5
6187,-15278.9,147.5425,1.17,53.4,66.5
6188,-15228.38,547.7297,1.21,44.7,66.5
6189,-15139.55,1622.7452,1.14,51.9,66.5
6190,-15123.04,1145.2274,1.17,54.5,66.6
6191,-15120.98,637.3876,1.2,48.1,66.5
6192,-15121.23,148.5125,1.15,52.2,66.5
6193,-15214.28,387.1415,1.16,53.4,66.5
6194,-15136.26,1047.7876,1.21,45.1,66.6
6195,-15204.74,211.3257,1.16,50.5,66.5
6196,-15213.04,252.4237,1.18,52.7,66.6
6197,-15120.9,700.4379,1.21,48.3,66.6
6198,-15216.34,313.4172,1.18,49.2,66.6
6199,-15201.26,77.9415,1.17,52.8,66.6
6200,-15108.18,1012.7169,1.2,49.7,66.6
6201,-15180.72,56.5903,1.18,49.0,66.5
6202,-15180.72,40.1835,1.14,53.0,66.6
6203,-15180.72,24.39,1.21,50.7,66.6
6204,-15178.9,33.6551,1.22,46.7,66.7
6205,-15180.72,27.2572,1.13,52.5,66.7
6206,-15218.14,58.1131,1.23,53.1,66.7
6207,-15197.6,40.1997,1.21,45.1,66.6
6208,-15217.4,241.3532,1.13,53.4,66.7
6209,-15201.26,35.2458,1.19,53.5,66.7
6210,-15197.78,114.443,1.2,43.9,66.7
6211,-15177.0,51.8787,1.13,53.4,66.8
6212,-15203.32,36.0581,1.21,53.6,66.8
6213,-15221.63,22.4469,1.2,44.2,66.7
6214,-15112.47,841.7063,1.14,52.9,66.7
6215,-15197.6,146.2609,1.21,53.0,66.8
6216,-15212.83,207.0681,1.21,44.4,66.8
6217,-15193.91,106.6454,1.15,53.6,66.8
6218,-15177.0,148.182,1.21,53.3,66.9
6219,-15192.32,120.0332,1.21,44.2,66.8
6220,-15216.34,149.7083,1.16,52.0,66.8
6221,-15238.3,112.8422,1.18,53.2,66.9
6222,-15190.5,304.0728,1.22,46.5,66.9
6223,-15163.07,270.7216,1.17,52.1,66.9
6224,-15180.72,94.0471,1.17,52.2,66.9
6225,-15175.21,180.0871,1.22,48.6,66.9
6226,-15180.72,48.4343,1.18,50.5,66.9
6227,-15093.86,734.4647,1.16,53.7,67.0
6228,-15177.0,84.4083,1.22,50.5,66.9
6229,-15178.9,21.7263,1.17,49.1,67.0
6230,-15119.18,745.2027,1.15,52.9,66.9
6231,-15124.18,866.032,1.19,51.8,66.9
6232,-15116.16,566.9094,1.19,46.9,67.0
6233,-15120.22,504.0226,1.12,52.5,67.0
6234,-15120.22,350.0965,1.2,53.5,67.0
6235,-15122.37,189.9646,1.21,45.1,67.1
6236,-15179.49,720.2743,1.12,52.7,67.1
6237,-15164.33,236.6674,1.22,52.6,67.1
6238,-15122.12,659.9398,1.21,44.7,67.1
6239,-15162.52,70.6149,1.14,52.7,67.1
6240,-15116.16,107.626,1.19,53.6,67.1
6241,-15126.07,119.17,1.2,43.7,67.2
6242,-15218.37,1393.5057,1.16,52.7,67.1
6243,-15122.37,209.8197,1.23,54.0,67.3
6244,-15216.5,441.2252,1.21,46.7,67.4
6245,-15110.33,535.7985,1.15,53.5,67.4
6246,-15118.9,461.7651,1.19,53.6,67.5
6247,-15115.68,213.9314,1.21,45.3,67.5
6248,-15115.03,181.9889,1.16,51.7,67.5
6249,-15124.99,113.8544,1.17,55.0,67.5
6250,-15135.17,111.9346,1.22,46.6,67.5
6251,-15118.33,140.1421,1.17,51.9,67.5
6252,-15116.16,49.878,1.17,53.3,67.6
6253,-15135.37,143.3754,1.22,49.0,67.6
6254,-15224.16,990.2569,1.16,48.5,67.6
6255,-15122.37,229.4762,1.17,53.5,67.6
6256,-15122.37,223.1977,1.2,50.2,67.7
6257,-15122.37,42.4707,1.17,48.7,67.6
6258,-15141.22,107.5361,1.17,53.1,67.7
6259,-15166.19,147.6857,1.21,52.1,67.7
6260,-15172.35,82.0677,1.19,47.0,67.7
6261,-15166.19,128.2526,1.12,53.6,67.6
6262,-15211.35,135.6847,1.21,52.9,67.7
6263,-15164.33,93.515,1.22,43.6,67.8
6264,-15166.19,78.4596,1.12,53.6,67.7
6265,-15162.52,30.7526,1.19,52.9,67.7
6266,-15172.35,41.8159,1.2,43.1,67.8
6267,-15280.09,609.5956,1.14,53.1,67.8
6268,-15210.99,140.5173,1.21,53.9,67.8
6269,-15210.99,75.8096,1.21,43.4,67.8
6270,-15169.1,119.499,1.14,53.6,67.9
6271,-15178.93,98.2167,1.19,53.4,67.8
6272,-15208.09,153.7622,1.19,43.1,67.8
6273,-15178.93,65.6657,1.14,51.9,67.9
6274,-15235.79,146.1873,1.18,53.2,67.9
6275,-15213.1,101.7472,1.22,45.0,68.0
6276,-15227.44,172.0439,1.15,52.0,68.0
6277,-15212.04,161.189,1.18,53.5,68.0
6278,-15236.03,188.3748,1.22,46.7,68.0
6279,-15227.12,157.8256,1.15,52.2,67.9
6280,-15193.36,50.2402,1.18,53.1,68.0
6281,-15227.12,146.1852,1.22,49.0,68.1
6282,-15250.24,147.6533,1.21,50.1,68.1
6283,-15220.44,101.464,1.16,52.9,68.1
6284,-15220.88,116.4076,1.22,52.8,68.2
6285,-15227.0,94.9795,1.19,45.6,68.2
6286,-15239.65,115.4547,1.15,53.3,68.2
6287,-15233.46,20.0003,1.2,53.3,68.2
6288,-15239.65,68.1447,1.22,44.7,68.2
6289,-15220.62,35.9573,1.13,52.7,68.2
6290,-15235.55,41.3341,1.21,52.9,68.2
6291,-15215.72,48.0377,1.2,43.9,68.2
6292,-15174.51,131.9122,1.16,53.5,68.3
6293,-15145.8,158.1814,1.19,54.2,68.3
6294,-15155.47,89.2056,1.2,41.1,68.3
6295,-15174.51,142.2264,1.14,52.7,68.3
6296,-15196.7,115.6853,1.18,52.7,68.3
6297,-15149.31,326.2139,1.2,44.2,68.3
6298,-15172.22,88.6341,1.15,52.3,68.4
6299,-15157.72,249.3429,1.19,53.6,68.4
6300,-15235.0,761.4476,1.21,45.1,68.4
6301,-15235.0,512.6084,1.16,50.6,68.4
6302,-15186.51,390.0289,1.16,52.5,68.4
6303,-15179.76,274.4032,1.22,48.8,68.4
6304,-15205.21,406.4592,1.17,50.8,68.5
6305,-15186.05,297.5685,1.16,53.6,68.5
6306,-15204.31,315.421,1.2,51.7,68.5
6307,-15203.07,169.4943,1.18,47.1,68.6
6308,-15197.97,111.7337,1.14,52.7,68.5
6309,-15186.51,147.057,1.22,51.9,68.5
6310,-15235.0,164.9896,1.19,47.0,68.6
6311,-15188.52,287.8492,1.15,52.9,68.6
6312,-15234.54,150.7233,1.22,53.9,68.5
6313,-15226.43,379.2435,1.22,45.1,68.7
6314,-15179.47,219.0825,1.13,52.3,68.7
6315,-15214.16,178.6593,1.21,53.9,68.7
6316,-15187.14,303.7034,1.2,42.7,68.7
6317,-15154.43,213.4588,1.12,53.1,68.7
6318,-15254.85,369.7672,1.2,53.8,68.7
6319,-15214.37,192.2926,1.21,43.2,68.7
6320,-15227.7,128.04,1.15,52.9,68.7
6321,-15153.89,147.754,1.19,53.7,68.7
6322,-15201.51,229.9171,1.22,42.2,68.8
6323,-15196.8,142.8343,1.15,53.2,68.8
6324,-15194.88,127.4409,1.18,53.0,68.7
6325,-15269.68,259.3708,1.21,43.6,68.8
6326,-15184.46,85.0115,1.17,52.9,68.8
6327,-15254.85,145.3961,1.18,54.6,68.8
6328,-15188.87,92.4126,1.22,47.5,68.9
6329,-15199.38,38.0474,1.17,50.6,69.0
6330,-15188.71,22.5122,1.16,53.1,68.9
6331,-15238.0,83.5775,1.22,49.6,68.9
6332,-15194.13,82.6731,1.2,48.3,68.9
6333,-15213.32,40.5165,1.15,52.9,68.9
6334,-15190.79,84.6996,1.21,53.5,69.0
6335,-15188.87,67.9996,1.22,45.2,69.1
6336,-15185.39,26.4972,1.12,53.2,69.1
6337,-15171.14,58.1431,1.2,53.7,69.0
6338,-15186.51,82.0241,1.22,42.2,69.0
6339,-15129.61,1284.2821,1.14,54.1,69.1
6340,-15158.66,929.7327,1.23,53.3,69.1
6341,-15146.0,577.2475,1.2,44.7,69.1
6342,-15158.81,605.4458,1.16,52.9,69.1
6343,-15134.95,237.355,1.2,54.1,69.1
6344,-15158.81,310.1793,1.22,45.8,69.2
6345,-15150.41,232.1178,1.16,52.3,69.2
6346,-15150.6,152.5536,1.18,53.0,69.1
6347,-15142.27,341.3846,1.22,44.1,69.2
6348,-15126.35,190.1031,1.17,52.5,69.2
6349,-15185.66,193.2859,1.17,52.9,69.2
6350,-15157.4,64.9383,1.2,47.9,69.3
6351,-15137.88,112.2259,1.16,51.3,69.3
6352,-15141.92,31.7257,1.16,53.3,69.3
6353,-15137.54,49.3517,1.2,48.5,69.3
6354,-15122.73,47.9027,1.17,51.0,69.3
6355,-15137.88,16.1674,1.15,53.5,69.4
6356,-15197.87,158.1675,1.2,49.5,69.4
6357,-15197.87,91.9193,1.21,48.4,69.5
6358,-15198.11,150.5611,1.14,53.3,69.5
6359,-15204.48,61.703,1.21,50.7,69.5
6360,-15204.09,44.1288,1.2,45.4,69.5
6361,-15126.79,313.3584,1.13,53.3,69.5
6362,-15142.27,314.8787,1.19,53.1,69.5
6363,-15150.6,230.6175,1.18,42.7,68.6
6364,-15146.63,199.8431,1.17,52.8,68.7
6365,-15139.23,173.9762,1.17,52.4,68.7
6366,-15201.33,192.0111,1.16,52.2,68.7
6367,-15121.5,128.0885,1.17,53.1,68.7
6368,-15130.85,101.9274,1.18,52.3,68.7
6369,-15183.98,105.1084,1.17,52.2,68.7
6370,-15129.45,261.2719,1.18,52.9,68.8
6371,-15177.25,44.7257,1.21,52.8,68.8
6372,-15176.01,20.1324,1.17,53.7,68.8
6373,-15126.79,88.2649,1.19,53.4,68.9
6374,-15137.69,124.8335,1.2,52.3,68.8
6375,-15157.21,158.9995,1.19,52.5,68.9
6376,-15149.82,141.0649,1.15,53.0,69.0
6377,-15188.78,34.5176,1.18,53.2,68.9
6378,-15157.21,52.5136,1.2,51.7,68.8
6379,-15141.73,40.9603,1.15,52.4,68.9
6380,-15141.73,32.4453,1.18,53.6,68.9
6381,-15104.26,534.2292,1.19,51.5,69.0
6382,-15098.99,371.9487,1.16,52.6,69.0
6383,-15165.58,354.7984,1.15,52.0,68.2
6384,-15141.92,128.1956,1.17,52.4,68.3
6385,-15143.3,80.8376,1.21,51.3,68.4
6386,-15145.87,142.8849,1.2,50.8,68.3
6387,-15133.31,91.8399,1.16,54.4,68.4
6388,-15214.15,545.7905,1.25,52.9,68.4
6389,-15148.68,95.2256,1.18,45.7,68.4
6390,-15106.49,348.6555,1.14,52.8,68.4
6391,-15129.33,269.0085,1.19,53.5,68.5
6392,-15091.04,96.2204,1.22,40.2,68.4
6393,-15118.97,85.3872,1.12,52.9,68.4
6394,-15143.3,120.2021,1.21,52.9,68.5
6395,-15152.31,83.9315,1.21,40.7,68.4
6396,-15137.88,46.5579,1.13,52.9,68.4
6397,-15137.54,48.0415,1.2,54.3,68.4
6398,-15081.0,340.3957,1.22,39.6,68.5
6399,-15161.26,147.3783,1.12,51.2,68.5
6400,-15146.63,108.7248,1.19,53.3,68.5
6401,-15144.83,142.6298,1.2,42.5,68.5
6402,-15160.7,75.5178,1.16,49.4,68.5
6403,-15133.61,74.2643,1.16,53.6,68.4
6404,-15167.45,94.6068,1.21,41.5,68.4
6405,-15129.17,71.3601,1.14,49.2,68.5
6406,-15180.86,96.0662,1.15,53.6,68.4
6407,-15176.01,66.2082,1.22,45.4,68.5
6408,-15130.9,103.0364,1.19,47.0,68.5
6409,-15093.51,406.6214,1.13,53.2,68.6
6410,-15105.55,505.3223,1.19,47.4,68.6
6411,-15106.49,393.196,1.19,45.0,68.6
6412,-15106.49,271.976,1.13,53.0,68.5
6413,-15101.41,256.1449,1.21,47.7,68.5
6414,-15103.21,157.7153,1.21,47.0,68.6
6415,-15121.44,126.5527,1.17,53.0,68.6
6416,-15097.09,65.6902,1.21,51.8,68.6
6417,-15103.03,54.892,1.19,43.1,68.6
6418,-15112.14,37.3122,1.14,53.7,68.6
6419,-15103.03,27.9797,1.21,54.4,68.7
6420,-15105.22,10.992,1.18,43.3,68.6
6421,-15123.26,17.8826,1.12,53.5,68.6
6422,-15099.16,81.0339,1.23,53.5,68.8
6423,-15099.16,52.3743,1.2,45.7,68.7
6424,-15097.15,94.5723,1.15,52.3,68.7
6425,-15207.86,471.0287,1.19,53.5,68.8
6426,-15199.56,249.5911,1.2,43.0,68.8
6427,-15123.38,508.2604,1.13,52.1,68.8
6428,-15199.56,159.3706,1.17,53.6,68.8
6429,-15099.56,361.4528,1.19,46.7,68.8
6430,-15122.57,288.513,1.15,52.9,68.8
6431,-15102.45,233.7329,1.17,53.0,68.8
6432,-15166.19,85.9503,1.2,48.4,68.8
6433,-15147.32,109.3836,1.17,48.9,68.9
6434,-15137.5,190.5447,1.15,53.4,68.9
6435,-15122.9,151.9589,1.21,50.8,68.8
6436,-15123.47,146.3769,1.18,46.1,68.9
6437,-15162.52,173.9876,1.12,52.5,68.8
6438,-15189.46,222.9913,1.21,52.6,68.9
6439,-15199.56,246.7018,1.2,44.6,68.9
6440,-15116.73,487.3903,1.18,52.9,68.8
6441,-15116.73,202.9165,1.21,54.0,68.9
6442,-15200.73,775.3973,1.19,46.0,68.9
6443,-15114.47,233.2628,1.15,52.5,69.0
6444,-15129.33,159.8467,1.18,53.4,69.0
6445,-15127.02,98.9547,1.22,47.2,68.9
6446,-15111.96,87.0445,1.18,53.2,68.9
6447,-15129.45,159.2615,1.19,53.0,68.9
6448,-15198.17,622.0964,1.21,49.4,68.9
6449,-15211.54,456.9698,1.18,52.0,69.0
6450,-15211.54,398.1965,1.19,52.2,69.0
6451,-15228.67,386.3723,1.21,54.1,69.1
6452,-15103.01,394.3529,1.24,46.8,69.1
6453,-15099.17,272.6885,1.14,53.4,69.1
6454,-15120.12,276.8254,1.21,53.7,69.1
6455,-15110.48,181.7137,1.2,48.6,69.1
6456,-15093.53,213.7223,1.15,52.9,69.1
6457,-15098.95,153.3858,1.2,53.2,69.2
6458,-15102.56,38.237,1.19,47.1,69.1
6459,-15119.42,52.2485,1.14,52.7,69.2
6460,-15127.22,23.3004,1.18,53.3,69.2
6461,-15102.84,104.8951,1.2,48.3,69.3
6462,-15077.13,108.0383,1.15,52.5,69.3
6463,-15110.74,135.1108,1.16,52.7,69.3
6464,-15132.56,131.93,1.2,50.1,69.2
6465,-15138.04,245.681,1.17,49.7,69.2
6466,-15190.69,595.3156,1.18,53.6,69.3
6467,-15111.2,107.9481,1.23,53.1,69.3
6468,-15111.2,38.2741,1.21,47.4,69.3
6469,-15118.38,58.4001,1.13,53.1,69.3
6470,-15110.48,46.7153,1.19,52.5,69.2
6471,-15028.7,413.2291,1.2,47.3,69.3
6472,-14994.37,461.1068,1.16,53.5,69.3
6473,-15095.23,400.9696,1.21,53.3,69.3
6474,-15024.6,248.7314,1.2,48.0,69.3
6475,-15063.66,170.2087,1.16,52.1,69.3
6476,-14993.05,199.2532,1.17,53.1,69.3
6477,-15005.36,92.5314,1.22,48.7,69.2
6478,-14997.74,86.7898,1.19,52.2,69.3
6479,-15067.02,344.1436,1.16,52.6,69.3
6480,-15069.27,269.9386,1.2,53.5,69.3
6481,-15005.35,142.5152,1.22,48.5,69.4
6482,-14981.48,157.2114,1.15,53.2,69.3
6483,-14995.3,84.4304,1.21,54.1,69.3
6484,-15037.52,178.7634,1.2,45.0,69.4
6485,-15072.68,375.4518,1.14,52.8,69.3
6486,-14993.05,197.8471,1.2,54.5,69.4
6487,-14983.93,77.0967,1.22,45.3,69.3
6488,-14954.27,246.1724,1.16,52.8,69.3
6489,-14916.28,167.3655,1.19,54.1,69.4
6490,-14916.28,90.3058,1.21,47.8,69.5
6491,-14928.4,95.285,1.17,53.0,69.4
6492,-14937.17,72.9669,1.18,53.2,69.5
6493,-14937.1,81.0657,1.22,48.1,69.5
6494,-14974.35,128.9457,1.16,50.8,69.5
6495,-14938.92,65.0063,1.17,53.5,69.4
6496,-14936.29,33.8649,1.2,52.4,69.4
6497,-14932.87,21.9425,1.17,50.5,69.4
6498,-14987.05,125.5516,1.17,52.9,69.4
6499,-14934.46,98.4056,1.23,53.6,69.4
6500,-14939.03,51.9793,1.21,46.7,69.4
6501,-14932.61,32.8633,1.14,52.6,69.5
6502,-14977.09,139.8643,1.23,52.9,69.5
6503,-14938.13,66.4862,1.19,46.8,69.5
6504,-14937.69,65.0689,1.16,53.3,69.5
6505,-14923.46,71.4107,1.18,53.0,69.5
6506,-14942.09,34.9943,1.21,48.1,69.6
6507,-14919.42,45.4645,1.15,52.8,69.6
6508,-14919.24,16.1565,1.17,54.0,69.6
6509,-14932.87,51.9085,1.21,48.3,69.5
6510,-15025.95,470.7906,1.16,51.8,69.6
6511,-14980.48,124.2494,1.16,54.0,69.5
6512,-14932.87,60.2619,1.21,51.4,69.5
6513,-14954.27,72.2786,1.17,51.2,69.6
6514,-14987.05,118.8584,1.16,52.7,69.6
6515,-14943.11,216.4789,1.22,53.2,69.7
6516,-14939.03,192.9114,1.2,48.5,69.7
6517,-14927.13,121.5383,1.13,53.5,69.7
6518,-14918.89,76.2284,1.23,52.8,69.7
6519,-14914.32,40.1744,1.2,46.8,69.7
6520,-14918.18,36.4533,1.15,53.3,69.7
6521,-14927.22,37.9965,1.2,52.1,69.8
6522,-14936.7,138.7601,1.22,49.5,69.7
6523,-14914.76,39.7449,1.16,53.0,69.7
6524,-14918.25,42.544,1.17,53.8,69.7
6525,-14919.42,61.4472,1.22,50.4,69.8
6526,-14911.25,48.0635,1.17,53.1,69.8
6527,-14917.08,95.3883,1.16,53.4,69.9
6528,-14902.12,116.0047,1.21,50.1,69.8
6529,-14964.05,118.5165,1.17,47.9,69.8
6530,-14906.77,118.665,1.16,53.2,69.8
6531,-14906.78,76.022,1.22,53.6,69.9
6532,-14917.08,50.7952,1.2,48.2,69.9
6533,-14919.42,156.0996,1.14,52.7,69.9
6534,-14911.25,36.6238,1.2,54.2,69.8
6535,-14911.18,45.6853,1.2,46.4,69.9
6536,-14918.15,30.023,1.14,52.4,69.9
6537,-14919.42,37.5691,1.2,53.3,69.9
6538,-14919.42,29.4834,1.21,47.4,69.9
6539,-14914.85,25.2485,1.16,53.1,70.0
6540,-14949.79,112.9603,1.17,53.6,70.0
6541,-15028.99,507.9972,1.21,47.7,70.0
6542,-15042.85,441.3521,1.16,52.3,70.0
6543,-15023.72,292.581,1.18,54.0,70.0
6544,-15004.19,239.3896,1.23,50.6,70.1
6545,-14974.85,126.1567,1.17,49.5,70.0
6546,-14974.85,84.3643,1.15,53.6,70.0
6547,-14895.47,128.9438,1.22,54.2,70.1
6548,-14956.38,181.8963,1.2,48.7,70.1
6549,-14902.29,115.5785,1.14,53.0,70.1
6550,-14914.77,88.256,1.21,54.1,70.2
6551,-14917.04,71.993,1.2,49.1,70.2
6552,-14914.77,65.9803,1.18,53.7,70.1
6553,-14914.7,61.3689,1.18,54.5,70.1
6554,-14893.38,134.7926,1.2,47.0,70.1
6555,-14930.62,179.1257,1.17,52.7,70.2
6556,-14902.29,62.0754,1.18,53.4,70.2
6557,-14923.72,57.2612,1.21,50.1,70.3
6558,-14937.34,347.5236,1.15,52.0,70.3
6559,-15006.79,686.0055,1.17,53.6,70.4
6560,-14942.11,103.7713,1.2,53.2,70.4
6561,-14902.29,118.4455,1.2,49.1,70.3
6562,-14918.89,34.7664,1.15,53.6,70.3
6563,-14914.77,56.3036,1.2,53.2,70.2
6564,-14906.78,38.5208,1.2,50.0,70.3
6565,-14914.77,64.4702,1.15,53.0,70.3
6566,-14917.04,31.6863,1.2,53.1,70.4
6567,-14910.73,71.4146,1.2,49.8,70.4
6568,-14918.89,24.9873,1.16,52.7,70.5
6569,-14906.26,21.3141,1.17,55.2,70.4
6570,-14914.77,45.7817,1.22,46.8,70.4
6571,-14914.77,32.9643,1.16,52.4,70.5
6572,-14917.04,25.5506,1.17,53.7,70.5
6573,-14914.7,52.1494,1.21,50.3,70.5
6574,-14902.29,89.5927,1.18,52.0,70.6
6575,-14937.21,170.8297,1.16,53.6,70.6
6576,-14902.29,32.0665,1.21,54.0,70.6
6577,-14914.77,46.3658,1.2,47.0,70.6
6578,-14907.61,51.0338,1.14,53.4,70.5
6579,-14937.34,188.0192,1.21,52.6,70.5
6580,-14895.47,34.3692,1.18,46.5,70.5
6581,-14902.29,126.9924,1.16,51.8,69.8
6582,-14914.45,48.5464,1.21,52.4,69.8
6583,-14967.31,374.0199,1.19,53.6,69.9
6584,-14899.95,36.7599,1.17,52.9,69.9
6585,-14895.47,18.5248,1.17,53.4,70.0
6586,-14945.72,126.7078,1.19,53.5,70.0
6587,-14899.95,109.2297,1.15,53.8,69.9
6588,-14895.47,87.9779,1.18,53.6,69.9
6589,-14921.43,120.9004,1.22,52.1,70.0
6590,-14899.82,20.5406,1.16,52.5,70.0
6591,-14893.38,33.2676,1.18,54.2,70.0
6592,-14932.87,114.8424,1.22,52.9,70.1
6593,-14897.72,21.7955,1.17,52.6,70.0
6594,-14932.87,96.3277,1.17,52.8,70.1
6595,-14893.38,29.8055,1.22,53.1,70.1
6596,-14958.54,114.1577,1.21,51.4,70.6
6597,-14893.38,71.7218,1.15,52.8,70.6
6598,-14893.38,34.6939,1.21,53.4,70.7
6599,-14932.87,116.5967,1.2,51.9,70.7
6600,-14930.62,60.2159,1.17,52.8,70.7
6601,-14897.85,72.813,1.19,54.0,70.8
6602,-14893.38,48.7015,1.19,50.0,70.8
6603,-14893.38,21.6029,1.17,52.3,70.8
6604,-14893.38,18.9184,1.18,53.9,70.7
6605,-14893.38,10.749,1.22,48.6,70.7
6606,-14912.09,74.8561,1.16,53.2,70.8
6607,-14930.62,67.2746,1.16,53.3,70.8
6608,-14893.38,33.201,1.21,52.1,70.9
6609,-14964.05,215.3671,1.19,49.8,70.9
6610,-14919.42,56.3042,1.15,54.1,70.9
6611,-14897.72,192.4613,1.21,52.4,71.0
6612,-14914.32,111.8269,1.21,48.9,70.9
6613,-14923.72,71.7601,1.15,53.0,70.8
6614,-14916.02,13.9428,1.21,53.2,70.9
6615,-14918.89,24.1625,1.21,47.6,70.9
6616,-14902.29,74.9759,1.15,53.1,70.9
6617,-14974.22,137.3473,1.18,52.9,70.9
6618,-14935.1,86.3685,1.21,45.6,71.0
6619,-15009.66,327.7334,1.15,53.1,71.0
6620,-14974.22,90.5496,1.18,52.9,71.1
6621,-14902.29,210.115,1.21,49.4,71.1
6622,-14974.22,44.6787,1.15,51.4,71.1
6623,-14911.18,47.1075,1.16,52.2,71.1
6624,-14911.18,23.568,1.2,49.6,71.1
6625,-14911.25,23.0602,1.19,49.8,71.0
6626,-14906.6,12.125,1.16,53.1,71.1
6627,-14906.82,12.6644,1.2,52.7,71.2
6628,-14906.82,4.8687,1.2,45.1,71.1
6629,-14834.56,1487.0193,1.14,53.4,71.1
6630,-14855.62,1395.1957,1.2,52.5,71.1
6631,-14870.78,1038.2049,1.19,43.7,71.1
6632,-14870.78,661.6785,1.13,53.4,71.1
6633,-14855.62,538.1357,1.2,53.0,71.2
6634,-14863.65,337.6315,1.15,47.4,70.5
6635,-14863.65,217.3747,1.2,46.5,70.6
6636,-14855.62,136.4639,1.16,52.2,70.6
6637,-14858.33,149.2677,1.17,53.4,70.6
6638,-14854.69,56.7825,1.2,49.2,70.6
6639,-14858.33,104.9348,1.15,52.4,70.5
6640,-14854.69,40.0414,1.16,53.7,70.5
6641,-14816.3,190.0152,1.2,50.3,70.5
6642,-14944.69,2807.9515,1.18,49.8,70.6
6643,-14778.56,186.5963,1.16,52.6,70.6
6644,-14791.4,115.3225,1.22,53.3,70.6
6645,-14908.93,1276.0864,1.18,47.7,70.6
6646,-14906.6,1102.0236,1.14,53.2,70.6
6647,-14927.11,768.5332,1.2,53.9,70.5
6648,-14922.64,381.2521,1.19,47.3,70.2
6649,-14923.46,189.4832,1.15,53.7,70.2
6650,-14923.46,141.8224,1.2,54.5,70.2
6651,-14925.99,117.0216,1.18,46.5,70.0
6652,-14930.03,78.5903,1.12,51.6,70.1
6653,-15006.69,411.6025,1.22,53.7,70.1
6654,-15007.11,355.8196,1.21,46.4,69.9
6655,-15032.88,533.5534,1.15,53.7,69.9
6656,-15073.37,387.9119,1.2,53.6,69.8
6657,-15073.37,287.5984,1.22,47.6,69.5
6658,-15115.0,242.342,1.16,52.4,69.5
6659,-15088.47,447.4594,1.18,52.6,69.5
6660,-15089.75,226.2477,1.2,48.2,69.2
6661,-15080.69,130.6918,1.16,52.7,69.2
6662,-15083.24,63.5077,1.18,54.3,69.2
6663,-15086.98,213.1187,1.21,50.5,69.1
6664,-15075.23,70.8685,1.17,51.6,69.2
6665,-15067.05,99.468,1.16,53.9,69.1
6666,-15090.01,80.3766,1.21,52.0,69.1
6667,-15075.23,33.7271,1.19,49.2,68.9
6668,-15063.18,28.5555,1.13,53.8,68.9
6669,-15072.74,47.6844,1.21,52.9,69.0
6670,-15063.18,24.7682,1.19,46.3,68.7
6671,-15056.16,29.3623,1.16,53.0,68.8
6672,-15077.04,60.0688,1.2,53.1,68.8
6673,-15117.78,370.8025,1.19,49.1,68.5
6674,-15125.46,162.6366,1.16,53.8,68.5
6675,-15036.01,995.3243,1.17,53.3,68.5
6676,-15041.02,525.5369,1.21,45.3,68.5
6677,-15083.04,329.6079,1.17,52.4,68.5
6678,-15056.16,87.4581,1.18,52.7,68.5
6679,-15055.0,32.8823,1.2,46.7,68.5
6680,-15055.98,31.893,1.16,52.2,68.6
6681,-15108.0,251.6908,1.17,53.9,68.6
6682,-15077.04,29.992,1.22,48.9,68.7
6683,-14989.25,430.1582,1.19,51.1,68.6
6684,-15056.16,42.132,1.17,53.1,68.6
6685,-15084.17,142.9186,1.21,50.4,68.6
6686,-15077.96,63.0063,1.2,46.9,68.7
6687,-15072.74,64.6377,1.13,53.1,68.6
6688,-15111.67,1118.9839,1.2,52.4,68.7
6689,-15088.52,863.4618,1.2,45.3,68.7
6690,-15185.87,528.982,1.13,52.8,68.8
6691,-15080.26,925.1911,1.2,53.5,68.7
6692,-15084.79,675.9745,1.21,44.3,68.7
6693,-15062.66,370.3296,1.14,52.5,68.7
6694,-15156.36,552.3321,1.22,53.6,68.7
6695,-15074.88,153.0846,1.21,44.5,68.7
6696,-14998.29,273.44,1.16,53.1,68.6
6697,-15073.44,513.0582,1.18,53.0,68.7
6698,-15192.77,696.0206,1.2,46.9,68.7
6699,-15015.2,690.3381,1.14,52.2,68.8
6700,-15079.83,600.1284,1.17,53.2,68.7
6701,-15143.01,256.1642,1.22,49.3,68.8
6702,-15020.58,342.8568,1.19,49.8,68.7
6703,-15048.34,773.8677,1.16,53.2,68.7
6704,-15038.7,518.2866,1.21,51.9,68.7
6705,-15014.86,322.6577,1.18,47.9,68.7
6706,-14964.8,223.1347,1.13,53.3,68.8
6707,-15059.86,731.0909,1.23,53.1,68.8
6708,-15090.96,734.3541,1.2,47.1,68.9
6709,-15073.33,379.4763,1.13,52.2,68.8
6710,-15002.49,727.7941,1.21,54.1,68.8
6711,-14948.55,390.4819,1.19,45.0,68.9
6712,-14952.0,201.4849,1.12,52.5,68.8
6713,-14949.15,153.2354,1.18,53.8,68.8
6714,-14985.16,388.7625,1.21,48.3,68.9
6715,-15022.64,500.5286,1.15,53.6,69.0
6716,-14948.55,350.2702,1.17,54.1,69.0
6717,-14948.55,168.702,1.21,50.0,69.1
6718,-14949.15,57.0311,1.16,52.8,69.1
6719,-14948.55,71.7145,1.17,53.5,69.1
6720,-14962.45,255.9517,1.21,50.8,69.1
6721,-14948.55,31.4146,1.17,50.1,69.2
6722,-14904.34,112.1256,1.17,53.1,69.2
6723,-14920.03,299.2995,1.21,53.3,69.2
6724,-14923.08,126.8693,1.22,46.8,69.2
6725,-14902.38,151.1715,1.14,53.8,69.2
6726,-14955.72,39.662,1.2,53.1,69.2
6727,-14903.11,137.309,1.2,45.8,69.0
6728,-14960.6,87.7102,1.13,53.0,69.0
6729,-14907.1,69.2477,1.2,51.8,69.1
6730,-14917.56,65.0442,1.18,47.3,69.0
6731,-14907.1,36.3259,1.16,53.0,69.1
6732,-14947.72,164.367,1.17,53.3,69.1
6733,-14897.35,67.3987,1.21,44.9,69.2
6734,-14933.0,154.9703,1.16,52.6,69.2
6735,-14971.74,163.853,1.17,53.1,69.2
6736,-14979.37,147.1484,1.22,45.7,69.1
6737,-14949.67,136.2497,1.17,51.6,69.2
6738,-14955.12,202.8676,1.16,53.1,69.2
6739,-14986.94,173.3803,1.22,49.5,69.2
6740,-14906.95,301.2673,1.16,50.6,69.2
6741,-14911.45,164.8008,1.15,53.6,69.2
6742,-14891.43,213.094,1.2,54.3,69.2
6743,-14915.96,261.2448,1.22,45.1,69.3
6744,-14906.32,125.1156,1.15,53.8,69.2
6745,-14911.43,52.488,1.21,53.0,69.3
6746,-14925.72,73.1262,1.21,44.0,69.3
6747,-14902.36,112.9131,1.15,52.6,69.3
6748,-14936.28,266.7741,1.2,53.5,69.3
6749,-14949.6,289.1695,1.21,45.8,69.4
6750,-14906.84,182.0895,1.17,52.9,69.4
6751,-14970.63,124.0598,1.18,53.1,69.4
6752,-14966.15,83.12,1.2,47.7,69.4
6753,-14936.28,44.7177,1.19,51.5,69.3
6754,-14953.13,129.1852,1.15,53.2,69.3
6755,-14953.13,46.0474,1.19,51.0,69.3
6756,-14978.6,50.6179,1.16,50.7,69.4
6757,-14940.63,60.7562,1.15,53.6,69.4
6758,-14940.76,44.7532,1.2,53.5,69.4
6759,-14929.87,28.1179,1.19,46.2,69.5
6760,-14938.09,173.7562,1.14,53.0,69.5
6761,-14932.49,81.2866,1.2,53.6,69.5
6762,-14933.49,244.1509,1.2,44.6,69.4
6763,-14964.08,68.0311,1.14,53.0,69.5
6764,-14952.22,188.8257,1.19,52.8,69.4
6765,-14951.9,154.3229,1.2,46.5,69.4
6766,-14939.43,171.5364,1.15,53.1,69.4
6767,-14924.21,72.9481,1.18,53.0,69.5
6768,-14937.5,117.8871,1.21,47.9,69.6
6769,-14943.54,78.1438,1.17,51.5,69.6
6770,-14940.08,67.4821,1.17,53.4,69.5
6771,-14888.64,116.0333,1.21,48.6,69.6
6772,-14890.07,132.7844,1.17,51.1,69.6
6773,-14894.55,88.1686,1.16,52.6,69.6
6774,-14948.69,90.359,1.2,52.0,69.7
6775,-14948.69,70.8967,1.21,46.2,69.6
6776,-14958.07,45.2531,1.14,53.0,69.6
6777,-14916.78,129.7564,1.22,53.4,69.7
6778,-14916.64,90.6539,1.2,46.2,69.7
6779,-14916.78,32.9921,1.16,52.4,69.6
6780,-14837.84,2325.5139,1.19,53.9,69.7
6781,-14970.78,365.4684,1.21,46.0,69.7
6782,-14954.37,186.8939,1.16,52.0,69.7
6783,-14954.16,119.5104,1.17,53.2,69.7
6784,-14960.25,121.5705,1.21,47.6,69.8
6785,-14926.47,169.3055,1.15,52.6,69.8
6786,-14944.47,97.9246,1.17,53.7,69.9
6787,-14937.0,95.3371,1.22,52.2,69.9
6788,-14944.34,40.738,1.2,46.3,69.8
6789,-14920.59,131.38,1.14,52.7,69.9
6790,-14920.59,86.8247,1.23,53.3,69.9
6791,-14916.78,32.4428,1.21,45.0,70.0
6792,-14910.39,37.2249,1.12,52.8,69.9
6793,-14920.59,39.7238,1.2,52.4,69.9
6794,-14920.59,27.8296,1.21,45.4,70.0
6795,-14894.61,129.1138,1.16,53.2,70.0
6796,-14900.85,53.3384,1.18,53.1,69.9
6797,-14900.35,86.2366,1.18,37.4,69.0
6798,-14953.88,235.2232,1.15,52.9,69.0
6799,-14967.71,142.0162,1.18,53.4,69.0
6800,-14920.32,77.9902,1.17,53.6,69.0
6801,-14896.37,129.1167,1.19,53.4,69.1
6802,-14916.44,121.1559,1.15,52.4,69.1
6803,-14953.98,229.2503,1.15,53.1,69.1
6804,-14911.88,45.4711,1.19,53.1,69.1
6805,-14911.88,26.0105,1.17,51.8,69.1
6806,-14891.81,27.0611,1.18,52.8,69.1
6807,-14916.54,98.7696,1.17,52.9,69.2
6808,-14953.88,216.2853,1.17,52.8,69.2
6809,-14942.06,90.1062,1.18,53.6,69.2
6810,-14915.76,105.1877,1.16,52.4,69.2
6811,-14925.6,53.7263,1.17,53.2,69.3
6812,-14912.14,38.4358,1.17,53.1,69.3
6813,-14907.58,30.6558,1.18,52.5,69.3
6814,-14936.86,76.5437,1.16,52.7,69.2
6815,-14921.04,26.8906,1.18,53.4,69.2
6816,-14915.76,25.5021,1.19,53.0,69.3
6817,-14915.76,17.2762,1.16,53.3,69.3
6818,-14921.1,31.9347,1.18,53.9,69.4
6819,-14942.06,51.031,1.2,53.4,69.4
6820,-14911.88,48.5946,1.16,52.3,69.4
6821,-14916.44,25.6402,1.17,53.0,69.4
6822,-14911.88,22.1817,1.22,52.1,69.3
6823,-14920.32,33.288,1.17,50.7,69.3
6824,-14911.88,19.8297,1.17,53.1,69.3
6825,-14915.76,12.0624,1.2,53.2,69.3
6826,-14915.76,4.8553,1.21,47.6,69.3
6827,-14953.81,172.3805,1.14,52.8,69.3
6828,-14935.72,34.2009,1.22,53.7,69.3
6829,-14927.47,36.4103,1.21,40.6,69.4
6830,-14930.26,3.0353,1.15,52.1,69.4
6831,-14911.95,38.5917,1.19,54.4,69.3
6832,-15089.78,1251.228,1.2,41.7,69.4
6833,-15162.38,1381.0115,1.14,52.1,69.5
6834,-15217.51,1580.4447,1.17,53.7,69.5
6835,-15194.68,824.0272,1.22,43.8,69.5
6836,-15100.17,1179.6803,1.15,50.2,69.7
6837,-15193.75,496.4429,1.16,53.6,69.5
6838,-15117.37,342.8053,1.21,45.1,69.5
6839,-15094.22,243.6571,1.18,45.7,69.5
6840,-15094.29,214.4409,1.13,53.1,69.5
6841,-15094.29,139.5859,1.22,46.1,69.5
6842,-15097.06,104.8051,1.18,43.6,69.6
6843,-15094.22,77.0419,1.12,53.6,69.6
6844,-15046.99,229.4652,1.21,50.4,69.6
6845,-14990.54,264.6687,1.2,40.9,69.7
6846,-14990.54,182.4857,1.12,52.7,69.6
6847,-15027.65,278.7713,1.21,53.2,69.7
6848,-15161.6,795.9523,1.21,42.1,69.5
6849,-15077.26,512.4594,1.15,52.7,69.5
6850,-15103.4,495.0091,1.2,54.4,69.5
6851,-15116.66,367.9501,1.21,41.4,69.6
6852,-15101.62,201.4708,1.16,53.2,69.6
6853,-15094.48,826.6957,1.19,53.5,69.7
6854,-15043.12,298.2975,1.23,43.5,69.6
6855,-15063.44,588.9216,1.16,52.1,69.6
6856,-15080.97,185.9405,1.17,52.9,69.7
6857,-15073.8,533.1516,1.2,49.1,69.8
6858,-15029.43,244.8315,1.17,51.5,69.7
6859,-15159.8,390.6611,1.18,53.1,69.7
6860,-15160.99,360.9114,1.21,53.1,69.8
6861,-15044.47,756.8497,1.2,46.8,69.8
6862,-15174.85,222.0696,1.15,53.7,69.7
6863,-15096.03,342.8953,1.2,53.3,69.8
6864,-15109.89,224.6436,1.2,47.0,69.9
6865,-15151.21,455.4913,1.15,52.4,69.8
6866,-15037.71,288.991,1.19,53.4,69.8
6867,-15065.8,507.2527,1.2,44.5,69.8
6868,-14993.76,528.8251,1.15,52.5,69.9
6869,-15049.89,643.3983,1.18,53.7,69.9
6870,-15133.42,573.4487,1.22,45.5,70.0
6871,-15124.85,415.2475,1.17,52.5,69.9
6872,-15022.8,1269.1848,1.17,53.2,69.9
6873,-15102.92,1236.2538,1.2,51.8,69.9
6874,-15047.44,608.9178,1.2,52.2,70.0
6875,-15092.69,455.8278,1.17,53.5,69.9
6876,-15085.83,389.314,1.22,52.9,69.9
6877,-15107.73,415.3831,1.18,50.2,69.3
6878,-15069.37,729.5715,1.2,50.1,69.3
6879,-15052.44,768.5717,1.14,53.0,69.3
6880,-15066.31,512.3251,1.18,53.4,69.4
6881,-15101.41,280.5827,1.19,53.1,69.4
6882,-15062.06,261.7769,1.15,52.6,69.4
6883,-15057.45,213.8906,1.16,53.5,69.3
6884,-15054.22,211.6525,1.23,52.2,69.4
6885,-15101.71,236.9626,1.19,51.3,69.5
6886,-15024.62,304.9434,1.15,52.4,69.4
6887,-15052.15,477.9514,1.2,53.5,69.4
6888,-15039.66,177.1965,1.2,51.3,69.5
6889,-14996.73,152.2351,1.14,52.4,69.5
6890,-14977.84,186.5746,1.17,54.5,69.5
6891,-15039.66,159.4427,1.18,53.0,69.6
6892,-14983.48,126.6136,1.15,53.0,69.5
6893,-15063.44,805.9744,1.17,53.5,69.5
6894,-14965.73,130.1078,1.2,50.8,69.6
6895,-15074.45,739.3523,1.16,53.0,69.6
6896,-15010.8,173.7542,1.17,52.8,69.6
6897,-14968.54,140.3327,1.2,52.1,69.6
6898,-14972.48,95.4833,1.17,53.0,69.6
6899,-14969.66,61.5915,1.16,53.3,69.6
6900,-14996.95,117.5009,1.2,52.7,69.7
6901,-15091.7,708.9226,1.18,50.7,69.6
6902,-14980.66,566.719,1.16,53.3,69.7
6903,-14981.29,620.0512,1.2,53.7,69.7
6904,-15168.45,732.1369,1.2,51.2,69.6
6905,-15070.24,375.8116,1.14,52.8,69.7
6906,-15182.51,974.2698,1.18,52.9,69.7
6907,-15090.25,282.9941,1.21,52.3,69.7
6908,-15004.48,281.713,1.15,53.2,69.8
6909,-15097.02,797.0303,1.2,53.4,69.7
6910,-15079.69,501.577,1.2,51.0,69.7
6911,-15100.46,150.4702,1.17,52.4,69.7
6912,-14960.32,479.1768,1.17,53.6,69.7
6913,-15014.65,352.3131,1.19,52.2,69.8
6914,-14958.23,339.1652,1.17,52.8,69.8
6915,-14993.08,302.2946,1.17,53.3,69.8
6916,-14976.28,208.3375,1.23,53.4,69.8
6917,-14986.88,285.1966,1.18,51.2,69.9
6918,-15072.76,403.0752,1.15,52.7,69.9
6919,-14995.3,377.3607,1.22,53.8,69.9
6920,-15018.51,242.2636,1.19,48.2,69.9
6921,-14965.92,140.8071,1.15,53.0,69.9
6922,-15018.51,253.428,1.18,52.7,69.9
6923,-14956.08,227.7857,1.2,50.9,69.8
6924,-14938.89,131.4756,1.18,53.3,69.8
6925,-14991.86,282.4419,1.19,53.7,69.8
6926,-15026.53,330.1083,1.19,49.7,69.9
6927,-15020.58,166.5279,1.16,53.1,69.8
6928,-15006.72,209.1981,1.17,53.4,69.8
6929,-15007.49,154.6476,1.22,49.9,69.9
6930,-14991.08,110.3473,1.19,51.4,69.9
6931,-14938.89,254.9789,1.17,53.5,69.9
6932,-14956.08,220.4839,1.19,53.8,69.9
6933,-14938.89,107.3019,1.2,48.9,69.8
6934,-14938.89,45.1176,1.15,53.3,69.9
6935,-14940.96,62.1543,1.2,53.4,69.8
6936,-14938.59,92.9446,1.2,46.3,69.9
6937,-14981.56,118.7703,1.14,53.0,69.8
6938,-14968.56,41.1444,1.17,53.6,69.8
6939,-14923.82,54.4689,1.2,48.2,69.9
6940,-14965.42,94.9487,1.17,52.4,69.9
6941,-14964.37,41.2322,1.17,54.2,70.0
6942,-14965.58,288.6483,1.21,48.8,70.0
6943,-14923.82,67.4852,1.17,52.8,70.1
6944,-14910.91,63.8461,1.16,53.8,70.0
6945,-14910.91,50.0214,1.22,51.3,70.0
6946,-14927.79,35.5936,1.19,49.1,70.1
6947,-14992.27,242.335,1.14,52.5,70.1
6948,-14987.97,77.4721,1.2,53.4,70.1
6949,-14913.46,123.691,1.21,48.2,70.1
6950,-14987.97,177.5945,1.16,52.2,70.1
6951,-14976.28,103.8282,1.2,53.5,70.1
6952,-14904.65,228.5601,1.21,45.8,70.2
6953,-14904.65,158.5284,1.15,52.6,70.1
6954,-14972.33,97.5201,1.17,53.6,70.1
6955,-14965.42,44.4969,1.19,47.6,70.2
6956,-14992.27,194.874,1.19,53.0,70.2
6957,-14911.7,330.2497,1.16,53.4,70.2
6958,-14972.33,45.6326,1.21,51.6,70.3
6959,-14936.57,42.0865,1.19,49.5,70.3
6960,-14965.42,32.5552,1.14,52.9,70.2
6961,-15013.04,216.5522,1.19,54.2,70.2
6962,-14921.02,453.4119,1.21,43.0,70.2
6963,-15045.07,418.5406,1.16,53.5,70.2
6964,-14927.79,283.5625,1.19,53.7,70.2
6965,-14928.13,156.5978,1.2,44.8,70.3
6966,-14893.3,155.0922,1.13,52.4,70.2
6967,-14906.11,78.8743,1.18,54.1,70.3
6968,-14907.4,51.9272,1.2,45.6,70.4
6969,-14923.82,56.0162,1.16,53.2,70.4
6970,-14914.81,52.8617,1.17,52.9,70.3
6971,-14927.02,18.6616,1.23,46.7,70.3
6972,-14983.95,117.8862,1.17,51.8,70.3
6973,-14969.37,120.2485,1.17,53.8,70.3
6974,-14968.32,68.3155,1.2,50.7,70.4
6975,-14911.67,52.2584,1.17,48.8,70.4
6976,-14907.76,57.3084,1.14,53.6,70.5
6977,-14906.94,31.3373,1.19,52.7,70.4
6978,-14924.64,28.5138,1.2,44.3,70.5
6979,-14911.67,24.1984,1.15,53.1,70.4
6980,-15003.73,276.2232,1.21,53.6,70.4
6981,-15066.95,483.0228,1.18,46.6,70.5
6982,-15063.95,262.7278,1.15,52.9,70.6
6983,-14984.43,558.089,1.18,53.6,70.5
6984,-15196.14,788.7029,1.2,46.0,70.5
6985,-15208.99,784.2997,1.14,52.8,70.6
6986,-15161.88,512.3632,1.18,52.9,70.6
6987,-15135.02,686.1575,1.2,48.2,70.6
6988,-14992.97,1064.8168,1.17,52.3,70.5
6989,-15089.78,415.3557,1.15,53.0,70.6
6990,-15089.88,585.828,1.2,51.3,70.6
6991,-15081.31,424.6749,1.17,50.0,70.6
6992,-15030.86,349.2663,1.15,52.7,71.5
6993,-15177.9,388.2037,1.19,52.7,71.6
6994,-14946.48,1111.6471,1.2,47.7,71.2
6995,-14952.76,692.3586,1.15,52.8,71.2
6996,-15005.71,350.2711,1.19,53.9,71.2
6997,-15021.3,301.448,1.2,49.7,70.8
6998,-15022.38,130.809,1.16,52.8,70.8
6999,-14981.78,340.8018,1.17,53.8,70.8
7000,-14966.51,352.7508,1.2,49.9,70.7
7001,-14943.94,353.7476,1.16,53.3,70.8
7002,-15019.52,489.4355,1.18,54.1,70.8
7003,-15052.56,764.8567,1.21,52.3,70.8
7004,-15033.26,389.5565,1.17,52.6,70.8
7005,-15005.71,241.2193,1.17,52.5,70.7
7006,-15003.44,210.4831,1.21,53.7,70.8
7007,-14985.77,89.2929,1.2,50.6,70.6
7008,-15040.55,424.6924,1.17,53.1,70.6
7009,-14978.87,74.5599,1.2,52.7,70.7
7010,-14974.65,84.7441,1.2,49.5,70.6
7011,-14977.83,31.739,1.14,52.2,70.5
7012,-14916.78,87.8386,1.19,53.3,70.6
7013,-15029.17,616.5073,1.2,50.6,70.6
7014,-14969.14,394.7801,1.18,52.6,70.6
7015,-14923.95,177.8724,1.17,53.0,70.7
7016,-14916.78,150.2386,1.22,48.9,70.6
7017,-14916.78,74.4869,1.17,51.9,70.7
7018,-14916.78,63.9691,1.16,53.8,70.7
7019,-14923.95,28.4795,1.21,53.3,70.8
7020,-14906.7,68.2334,1.19,48.3,70.8
7021,-14900.59,43.2727,1.14,52.8,70.8
7022,-14906.7,49.5386,1.19,53.6,70.7
7023,-14878.95,68.0056,1.21,47.9,70.8
7024,-14845.09,200.3574,1.15,53.3,70.8
7025,-14914.71,249.822,1.18,53.5,70.8
7026,-14863.13,220.9235,1.21,50.7,70.9
7027,-14837.32,128.615,1.17,52.6,70.9
7028,-14845.85,114.114,1.17,53.5,70.9
7029,-14915.73,278.1347,1.22,52.4,70.9
7030,-14895.13,96.9864,1.18,52.3,71.0
7031,-14862.88,379.2099,1.16,53.3,70.9
7032,-14862.88,335.0235,1.22,52.4,71.0
7033,-14837.32,140.0351,1.2,51.6,70.9
7034,-14902.47,416.2365,1.17,53.2,71.0
7035,-14906.23,319.7798,1.18,53.2,71.0
7036,-14902.47,235.4566,1.21,48.8,71.0
7037,-14879.83,209.3301,1.15,52.6,71.1
7038,-14830.54,94.9374,1.17,53.6,71.1
7039,-14916.78,648.0238,1.2,49.3,71.1
7040,-14953.5,433.009,1.16,52.5,71.1
7041,-14922.11,169.6551,1.18,52.3,71.1
7042,-14967.84,115.5814,1.21,51.0,71.2
7043,-14979.27,194.6349,1.19,48.3,71.3
7044,-14967.84,81.7731,1.15,53.4,71.2
7045,-14916.78,125.7692,1.2,53.1,71.2
7046,-14920.66,64.0065,1.18,47.0,71.2
7047,-14920.66,34.1417,1.13,52.9,71.2
7048,-14898.1,33.5917,1.22,53.2,71.3
7049,-14915.89,118.5523,1.19,43.6,71.3
7050,-14890.52,36.6054,1.12,52.8,71.2
7051,-14911.67,66.6977,1.19,53.8,71.3
7052,-14923.95,36.9484,1.21,43.8,71.4
7053,-14923.95,12.9764,1.17,52.9,71.3
7054,-14894.42,80.5003,1.18,54.1,71.4
7055,-14916.78,74.8897,1.19,47.9,71.4
7056,-14932.96,196.2607,1.17,51.8,71.4
7057,-14888.88,184.5963,1.18,53.6,71.4
7058,-14890.52,76.9223,1.22,53.1,71.4
7059,-14890.52,21.4913,1.19,48.6,71.4
7060,-14890.52,19.5652,1.13,53.2,71.5
7061,-14879.24,33.2188,1.21,53.1,71.5
7062,-14883.14,20.0223,1.2,44.4,71.4
7063,-14906.7,77.1379,1.13,53.3,71.5
7064,-14888.18,43.618,1.22,53.8,71.6
7065,-14953.03,287.8181,1.22,47.7,71.6
7066,-14949.14,199.6444,1.16,53.4,71.5
7067,-14900.59,184.979,1.18,54.1,71.6
7068,-14968.68,163.1046,1.23,47.1,71.6
7069,-14894.42,127.2637,1.18,52.3,71.6
7070,-14872.0,141.8,1.17,53.5,71.6
7071,-14900.59,121.3517,1.2,50.7,71.7
7072,-14892.07,131.7893,1.17,52.8,71.9
7073,-14904.49,47.5388,1.15,52.3,71.8
7074,-14918.17,16.7129,1.21,53.4,72.0
7075,-14890.52,34.6511,1.18,49.2,71.9
7076,-14920.66,49.1581,1.13,53.4,71.9
7077,-14920.66,28.8945,1.22,53.9,72.0
7078,-14904.49,44.1582,1.2,43.4,72.0
7079,-14895.54,434.9988,1.16,53.3,72.0
7080,-14838.91,392.7446,1.2,53.1,72.0
7081,-14881.56,100.6826,1.21,47.9,72.2
7082,-14888.18,148.7239,1.16,53.1,72.2
7083,-14898.61,57.6056,1.18,52.9,72.2
7084,-14952.5,235.2044,1.22,47.8,72.2
7085,-14875.9,230.3321,1.18,53.7,72.2
7086,-14910.59,42.2754,1.17,53.4,72.2
7087,-14894.42,27.8824,1.2,50.6,72.0
7088,-14837.4,272.9932,1.19,51.1,72.1
7089,-14821.22,222.4257,1.14,53.6,72.0
7090,-14823.85,189.2035,1.22,53.6,72.1
7091,-14889.23,389.3066,1.2,45.5,72.1
7092,-14835.58,103.8681,1.11,52.7,72.1
7093,-14853.85,96.0427,1.2,52.9,72.2
7094,-14856.15,54.8314,1.21,43.8,72.2
7095,-14853.85,27.7758,1.16,52.3,72.2
7096,-14858.45,59.9721,1.19,54.1,72.2
7097,-14840.88,103.8906,1.2,47.5,72.3
7098,-14849.94,56.0137,1.16,53.0,72.3
7099,-14843.97,25.9478,1.19,54.4,72.3
7100,-14842.53,26.1926,1.2,46.8,72.4
7101,-14853.85,31.004,1.16,51.3,72.3
7102,-14787.31,1700.5085,1.17,53.6,72.2
7103,-14802.48,1182.529,1.21,48.7,72.3
7104,-14776.54,980.0512,1.2,50.6,72.3
7105,-14770.68,735.8984,1.16,53.7,72.3
7106,-14756.92,496.2765,1.22,54.0,72.3
7107,-14774.47,356.8236,1.19,46.6,72.5
7108,-14777.76,348.307,1.12,52.7,72.5
7109,-14756.92,258.3311,1.2,53.4,72.5
7110,-14756.92,166.1918,1.19,45.8,72.5
7111,-14781.51,161.548,1.15,53.2,72.4
7112,-14781.51,89.8869,1.17,53.2,72.4
7113,-14750.62,146.5285,1.22,46.0,72.5
7114,-14756.92,75.2842,1.17,52.8,72.5
7115,-14756.92,25.8921,1.17,54.0,72.5
7116,-14776.54,36.6297,1.21,49.5,72.6
7117,-14774.47,103.4168,1.17,52.6,72.7
7118,-14738.58,139.1478,1.21,46.7,71.8
7119,-14814.78,65.5165,1.14,52.6,71.8
7120,-14756.92,94.21,1.19,52.9,71.8
7121,-14802.48,66.8832,1.18,45.1,71.8
7122,-14774.74,68.9387,1.15,52.6,71.9
7123,-14794.36,39.7922,1.17,52.9,71.8
7124,-14726.54,163.5439,1.19,43.9,71.9
7125,-14728.0,155.142,1.18,53.0,71.9
7126,-14723.25,101.594,1.16,54.0,71.9
7127,-14705.62,101.081,1.21,44.4,72.0
7128,-14757.53,116.3548,1.16,51.4,72.0
7129,-14775.73,144.3085,1.17,53.7,72.0
7130,-14777.36,126.0567,1.19,49.8,72.0
7131,-14802.32,128.2912,1.19,49.2,72.1
7132,-14711.92,107.2115,1.14,54.5,72.1
7133,-14713.7,220.9515,1.19,53.2,72.2
7134,-14713.7,99.3598,1.21,45.3,72.2
7135,-14713.7,88.4859,1.13,53.6,72.1
7136,-14723.25,121.5417,1.22,54.5,72.2
7137,-14750.97,124.1777,1.2,45.0,72.2
7138,-14723.25,108.7379,1.15,52.7,72.2
7139,-14723.25,63.7931,1.2,54.0,72.2
7140,-14735.13,34.8888,1.2,43.6,72.2
7141,-14764.88,68.8051,1.16,52.2,72.2
7142,-14723.25,14.364,1.19,53.5,72.3
7143,-14730.47,424.1474,1.22,45.0,72.4
7144,-14718.78,680.2832,1.15,53.1,72.3
7145,-14680.96,637.1994,1.17,53.5,72.2
7146,-14699.18,429.2183,1.19,45.6,72.2
7147,-14699.18,282.4303,1.14,52.8,72.3
7148,-14696.38,1660.8948,1.16,53.5,72.3
7149,-14674.95,274.1236,1.22,47.9,72.3
7150,-14674.95,185.5187,1.19,50.8,72.4
7151,-14696.38,354.0985,1.15,54.4,72.4
7152,-14674.95,207.4752,1.22,52.6,72.4
7153,-14674.95,92.7625,1.19,46.0,72.4
7154,-14674.95,58.5399,1.14,52.0,72.3
7155,-14700.85,222.6914,1.19,53.3,72.4
7156,-14696.38,324.9263,1.2,47.1,72.4
7157,-14696.38,204.2751,1.15,52.8,72.3
7158,-14679.41,37.3225,1.22,55.0,72.5
7159,-14679.41,13.8157,1.2,47.1,72.6
7160,-14703.26,29.5769,1.16,53.1,72.5
7161,-14698.77,48.7452,1.18,52.5,72.5
7162,-14698.77,17.4563,1.19,47.0,72.5
7163,-14703.96,71.753,1.16,52.7,72.6
7164,-14679.0,57.3028,1.18,53.3,72.6
7165,-14680.87,130.6155,1.21,47.9,72.7
7166,-14703.96,113.4682,1.17,53.0,72.8
7167,-14695.83,77.6168,1.17,53.5,72.8
7168,-14703.54,35.1175,1.2,51.6,72.8
7169,-14703.96,28.6587,1.18,48.3,72.8
7170,-14695.83,27.2828,1.16,53.0,72.7
7171,-14685.64,33.3338,1.21,52.7,72.8
7172,-14695.83,50.941,1.19,46.3,72.8
7173,-14695.83,21.3467,1.13,53.3,72.8
7174,-14673.55,106.1938,1.2,52.9,72.8
7175,-14695.83,62.0664,1.2,44.8,72.8
7176,-14677.52,41.7355,1.16,51.9,72.9
7177,-14666.43,28.5146,1.18,53.2,72.9
7178,-14695.83,131.2809,1.19,45.8,72.9
7179,-14666.95,94.8054,1.17,51.7,72.8
7180,-14699.13,128.5856,1.18,53.4,72.8
7181,-14699.13,44.3882,1.2,46.5,72.9
7182,-14673.55,76.3587,1.16,52.4,72.9
7183,-14659.63,93.9045,1.18,52.5,73.0
7184,-14673.55,67.9754,1.21,50.3,72.9
7185,-14673.55,43.6098,1.19,49.6,72.9
7186,-14667.75,59.2255,1.16,53.0,73.0
7187,-14659.63,11.4411,1.22,53.2,72.9
7188,-14673.55,27.5384,1.2,48.1,72.9
7189,-14685.22,133.0173,1.12,52.1,73.0
7190,-14659.63,13.4692,1.2,53.3,72.9
7191,-14659.63,12.8244,1.2,48.2,72.9
7192,-14659.63,6.0789,1.14,52.5,73.0
7193,-14685.22,65.5646,1.17,52.7,73.0
7194,-14659.63,21.7661,1.22,45.9,73.0
7195,-14659.63,14.2557,1.15,53.1,73.1
7196,-14663.61,19.4441,1.17,53.5,73.0
7197,-14659.63,15.8792,1.21,48.1,73.0
7198,-14650.15,11.7524,1.15,52.1,73.0
7199,-14653.88,16.0071,1.16,53.6,73.1
7200,-14650.15,14.1636,1.21,52.8,73.1
7201,-14650.15,4.5413,1.18,46.2,73.1
7202,-14636.81,42.3903,1.13,53.6,73.1
7203,-14636.81,25.2841,1.19,52.6,73.2
7204,-14673.98,115.1446,1.19,47.3,73.1
7205,-14673.98,73.6815,1.13,51.8,73.1
7206,-14652.97,29.3869,1.21,53.5,73.1
7207,-14650.15,42.578,1.18,45.5,73.1
7208,-14650.15,18.697,1.14,52.9,73.2
7209,-14650.15,9.5596,1.18,52.4,73.2
7210,-14650.15,6.579,1.19,43.8,73.2
7211,-14653.88,8.9662,1.18,52.0,73.2
7212,-14653.88,2.0619,1.16,52.6,72.8
7213,-14673.98,95.4186,1.17,47.9,72.5
7214,-14652.97,26.4142,1.19,53.1,72.4
7215,-14652.97,16.0983,1.17,52.1,72.5
7216,-14656.7,14.5851,1.19,53.7,72.5
7217,-14656.28,12.1186,1.19,53.2,72.5
7218,-14652.56,11.4208,1.17,52.5,72.5
7219,-14632.09,62.9022,1.2,52.8,72.5
7220,-14652.56,73.4644,1.18,52.3,72.5
7221,-14652.56,62.2431,1.17,52.7,72.6
7222,-14639.63,82.1647,1.16,52.8,72.5
7223,-14676.8,111.7409,1.19,52.9,72.6
7224,-14676.8,59.1459,1.2,53.4,72.6
7225,-14632.09,94.3761,1.18,52.9,72.6
7226,-14652.97,34.3059,1.16,53.2,72.6
7227,-14645.85,26.2387,1.2,52.0,72.7
7228,-14645.85,19.8679,1.16,53.7,72.7
7229,-14652.97,9.897,1.16,53.4,72.6
7230,-14639.21,53.3381,1.2,53.7,72.7
7231,-14632.09,33.4582,1.16,53.1,72.6
7232,-14622.34,21.3729,1.18,52.9,72.7
7233,-14639.21,24.4151,1.17,53.2,72.7
7234,-14657.49,37.2803,1.19,52.9,72.7
7235,-14657.49,14.3605,1.16,53.1,72.7
7236,-14639.21,28.8275,1.17,52.9,72.7
7237,-14639.21,13.1028,1.2,53.0,72.7
7238,-14657.07,14.3255,1.15,52.6,72.8
7239,-14639.21,7.5531,1.17,53.3,72.8
7240,-14639.21,6.6392,1.17,51.0,72.2
7241,-14657.07,8.7887,1.24,40.1,71.8
7242,-14651.04,32.8804,1.16,52.5,71.8
7243,-14645.41,59.774,1.2,54.5,71.8
7244,-14675.82,102.878,1.21,39.4,71.9
7245,-14641.85,23.8606,1.15,52.9,71.8
7246,-14686.62,110.9757,1.15,53.6,71.8
7247,-14645.83,21.2059,1.21,44.9,71.9
7248,-14675.82,22.3096,1.19,51.7,71.9
7249,-14650.86,47.5053,1.17,52.8,71.9
7250,-14671.07,34.973,1.2,47.9,71.9
7251,-14650.44,27.8818,1.19,48.8,72.0
7252,-14650.44,19.0834,1.12,53.1,71.9
7253,-14665.75,19.7001,1.2,52.9,72.0
7254,-14650.44,17.8169,1.2,47.4,71.8
7255,-14650.44,13.5416,1.14,53.0,71.8
7256,-14665.75,10.0641,1.2,53.2,71.9
7257,-14645.49,25.8319,1.18,47.5,72.0
7258,-14650.86,28.5787,1.14,52.6,71.8
7259,-14645.49,14.0202,1.16,54.2,71.9
7260,-14714.24,149.8611,1.22,46.0,71.9
7261,-14675.78,59.7734,1.16,52.6,72.0
7262,-14645.91,24.3812,1.16,53.5,72.0
7263,-14645.91,15.414,1.21,50.4,72.0
7264,-14650.86,16.9973,1.21,49.4,72.0
7265,-14645.49,12.574,1.14,53.4,72.0
7266,-14645.49,5.5994,1.2,52.3,72.0
7267,-14645.49,2.8362,1.21,44.4,72.0
7268,-14645.49,2.4397,1.13,52.9,72.0
7269,-14650.86,12.7751,1.19,53.7,72.0
7270,-14645.91,5.1768,1.19,46.9,72.0
7271,-14739.6,180.2434,1.16,53.3,72.0
7272,-14738.12,137.3761,1.18,53.8,72.0
7273,-14719.82,167.4814,1.19,50.5,72.1
7274,-14719.82,100.6149,1.16,51.5,72.1
7275,-14731.86,83.8994,1.14,52.6,72.1
7276,-14715.32,61.4814,1.2,53.0,72.1
7277,-14714.47,33.7869,1.2,48.2,72.1
7278,-14744.57,111.8087,1.14,53.1,72.1
7279,-14713.42,46.4495,1.21,52.8,72.1
7280,-14715.32,16.6051,1.18,47.5,72.1
7281,-14714.47,7.1814,1.14,52.4,72.1
7282,-14714.47,3.8537,1.17,53.8,72.2
7283,-14744.57,63.0765,1.21,47.0,72.2
7284,-14713.42,36.5043,1.16,52.9,72.2
7285,-14714.47,18.5145,1.19,54.0,72.2
7286,-14715.32,17.6989,1.2,47.1,72.2
7287,-14715.32,14.429,1.18,51.4,72.2
7288,-14715.32,4.9488,1.16,52.9,72.3
7289,-14737.84,59.0887,1.2,52.6,72.3
7290,-14732.76,26.5921,1.19,47.9,72.3
7291,-14738.74,16.2169,1.15,52.9,72.3
7292,-14732.76,14.9002,1.22,52.7,72.3
7293,-14731.86,10.0274,1.2,46.8,72.2
7294,-14737.84,11.0223,1.15,53.0,72.3
7295,-14731.86,6.188,1.19,53.1,72.3
7296,-14738.12,17.616,1.19,48.8,72.4
7297,-14731.86,15.303,1.17,52.2,72.4
7298,-14738.12,8.922,1.16,53.3,72.4
7299,-14744.1,16.0374,1.21,50.3,72.4
7300,-14731.86,33.8167,1.17,53.0,72.5
7301,-14715.32,52.264,1.16,53.4,72.4
7302,-14715.32,33.0992,1.21,53.0,72.5
7303,-14715.32,13.1738,1.19,48.3,72.4
7304,-14704.06,72.7324,1.15,52.3,72.4
7305,-14704.06,40.6633,1.2,53.5,72.4
7306,-14682.75,51.4779,1.2,50.5,72.5
7307,-14719.82,137.3311,1.15,53.1,72.5
7308,-14718.78,100.8469,1.17,52.9,72.5
7309,-14718.78,54.8956,1.2,52.0,72.5
7310,-14708.06,33.8891,1.17,52.3,72.5
7311,-14718.78,25.7056,1.18,53.5,72.5
7312,-14709.47,29.8285,1.21,51.5,72.5
7313,-14676.28,105.7162,1.18,52.3,72.5
7314,-14709.47,43.6579,1.16,53.3,72.5
7315,-14677.69,69.3798,1.21,52.6,72.5
7316,-14708.06,16.1126,1.18,50.3,72.5
7317,-14676.28,52.1152,1.17,52.6,72.5
7318,-14670.44,32.8098,1.21,53.5,72.5
7319,-14709.47,72.3069,1.19,48.3,72.4
7320,-14709.47,60.3961,1.17,52.8,72.5
7321,-14708.06,24.9559,1.17,53.4,72.5
7322,-14682.46,19.8933,1.21,49.4,72.6
7323,-14655.31,68.4252,1.16,52.6,72.6
7324,-14688.94,80.841,1.17,53.0,72.6
7325,-14681.74,25.4551,1.22,51.2,72.6
7326,-14684.36,9.43,1.19,52.2,72.7
7327,-14682.46,17.1128,1.16,53.4,72.6
7328,-14650.24,87.2488,1.21,53.3,72.6
7329,-14682.03,104.1473,1.19,52.0,72.6
7330,-14653.14,36.7775,1.15,53.0,72.6
7331,-14684.36,69.016,1.18,53.4,72.6
7332,-14652.72,42.7044,1.2,52.3,72.6
7333,-14654.89,21.355,1.16,52.2,72.7
7334,-14648.42,6.062,1.17,53.3,72.7
7335,-14648.42,2.3405,1.21,51.1,72.8
7336,-14649.83,2.3773,1.16,51.9,72.6
7337,-14650.32,9.9497,1.17,53.8,72.6
7338,-14654.89,8.4932,1.22,53.0,72.6
7339,-14669.29,23.0149,1.19,51.4,72.7
7340,-14664.99,25.5663,1.15,53.3,72.8
7341,-14666.4,20.0858,1.21,53.1,72.8
7342,-14695.0,94.8305,1.19,52.7,72.8
7343,-14687.76,91.2493,1.17,52.3,72.8
7344,-14695.0,33.0197,1.16,53.4,72.7
7345,-14695.0,24.4139,1.19,53.3,72.8
7346,-14666.4,71.5154,1.15,52.0,72.8
7347,-14666.4,27.4285,1.15,53.2,72.9
7348,-14664.99,27.8252,1.19,52.4,72.8
7349,-14664.99,16.3852,1.16,52.8,72.9
7350,-14645.64,33.5232,1.15,53.0,72.9
7351,-14649.83,21.6799,1.2,53.4,72.9
7352,-14647.04,20.2984,1.17,52.0,72.9
7353,-14648.42,19.6852,1.15,53.0,72.8
7354,-14648.42,7.1828,1.17,53.6,72.8
7355,-14648.42,5.4287,1.18,52.7,72.9
7356,-14652.72,8.0376,1.15,52.5,72.9
7357,-14649.83,14.1335,1.16,53.9,73.0
7358,-14652.72,18.4532,1.19,51.5,73.1
7359,-14654.89,13.4776,1.2,52.2,72.4
7360,-14654.89,7.4187,1.17,51.6,72.4
7361,-14676.2,64.8961,1.15,52.7,72.4
7362,-14650.32,71.5556,1.16,53.6,72.4
7363,-14648.42,50.7238,1.18,51.5,72.4
7364,-14653.14,15.5949,1.14,53.1,72.4
7365,-14655.31,11.5183,1.15,54.1,72.4
7366,-14682.03,66.3868,1.19,51.1,72.5
7367,-14648.42,77.1479,1.15,53.1,72.5
7368,-14648.42,35.1242,1.15,53.5,72.5
7369,-14648.84,22.3425,1.19,52.7,72.5
7370,-14648.42,8.4367,1.18,50.8,72.4
7371,-14642.98,51.5155,1.12,52.4,72.5
7372,-14679.61,127.1836,1.18,52.9,72.5
7373,-14682.53,91.3726,1.17,49.9,72.5
7374,-14684.61,91.9658,1.13,53.6,72.5
7375,-14648.42,125.735,1.17,52.9,72.5
7376,-14682.03,24.4658,1.2,49.1,72.5
7377,-14649.83,54.6781,1.15,51.8,72.6
7378,-14686.33,94.9445,1.19,53.2,72.5
7379,-14652.72,42.9789,1.19,48.0,72.5
7380,-14654.89,13.3829,1.16,53.5,72.5
7381,-14667.7,16.2923,1.16,53.6,72.5
7382,-14652.72,46.511,1.21,50.7,72.5
7383,-14648.42,52.5706,1.17,51.3,72.6
7384,-14648.42,17.1337,1.15,53.0,72.6
7385,-14648.42,10.6487,1.2,52.9,72.6
7386,-14654.89,21.5249,1.18,51.1,72.6
7387,-14654.89,16.9722,1.14,53.1,72.5
7388,-14652.72,3.9766,1.2,53.6,72.5
7389,-14650.32,10.3103,1.2,46.7,72.3
7390,-14648.42,15.0768,1.13,53.1,72.4
7391,-14648.42,7.5648,1.18,52.8,72.4
7392,-14648.42,3.3098,1.22,46.6,72.4
7393,-14648.42,1.8405,1.16,52.0,72.4
7394,-14650.32,5.8256,1.18,53.6,72.4
7395,-14651.75,9.5882,1.2,46.5,72.4
7396,-14648.42,7.3283,1.16,53.2,72.4
7397,-14648.42,2.7602,1.18,53.6,72.5
7398,-14652.72,7.7584,1.25,50.8,72.4
7399,-14668.7,55.5992,1.18,48.8,72.5
7400,-14658.35,38.2459,1.12,53.8,72.5
7401,-14667.7,17.4613,1.21,52.9,72.5
7402,-14676.2,41.5316,1.19,48.7,72.4
7403,-14648.42,131.8694,1.14,52.9,72.4
7404,-14652.72,40.4851,1.22,52.8,72.4
7405,-14654.89,37.1241,1.19,47.0,72.4
7406,-14648.42,29.8569,1.14,53.1,72.5
7407,-14653.82,13.9186,1.18,54.0,72.5
7408,-14652.72,21.1488,1.19,45.9,72.5
7409,-14667.7,27.6631,1.14,52.0,72.5
7410,-14640.9,56.3093,1.17,53.4,72.5
7411,-14652.72,16.9889,1.2,48.7,72.5
7412,-14648.42,13.7705,1.16,53.0,72.6
7413,-14652.72,9.4202,1.19,53.2,72.5
7414,-14645.64,10.8294,1.2,50.2,72.4
7415,-14648.42,2.5923,1.19,51.7,72.5
7416,-14648.42,1.9244,1.15,53.4,72.5
7417,-14649.83,1.5917,1.21,53.2,72.5
7418,-14650.32,6.9936,1.2,47.1,72.5
7419,-14654.89,9.4668,1.14,53.5,72.5
7420,-14650.32,13.8377,1.2,53.8,72.5
7421,-14650.32,6.9728,1.2,47.8,72.6
7422,-14648.42,9.4802,1.17,52.7,72.5
7423,-14650.74,10.2869,1.2,53.6,72.7
7424,-14676.6,96.4763,1.21,47.8,72.6
7425,-14643.0,51.4323,1.16,52.7,72.7
7426,-14676.6,67.1812,1.16,53.3,72.7
7427,-14676.6,35.6153,1.22,46.4,72.6
7428,-14676.6,19.4373,1.17,52.2,72.7
7429,-14676.6,12.5966,1.17,53.1,72.7
7430,-14695.71,310.4241,1.21,51.0,72.7
7431,-14649.83,60.5267,1.17,51.2,72.7
7432,-14642.58,34.2535,1.17,54.2,72.7
7433,-14649.83,36.9874,1.21,53.7,72.8
7434,-14676.19,82.8007,1.17,51.5,73.1
7435,-14676.19,66.4807,1.18,52.7,73.2
7436,-14642.58,82.6346,1.21,52.9,73.2
7437,-14695.29,343.9492,1.18,52.8,73.2
7438,-14676.6,51.5311,1.16,52.4,73.2
7439,-14649.83,60.2319,1.19,52.7,73.2
7440,-14647.52,28.1833,1.2,52.8,73.2
7441,-14676.19,86.7422,1.16,53.1,73.3
7442,-14642.58,8.0098,1.18,53.7,73.3
7443,-14642.58,2.8797,1.2,53.0,73.1
7444,-14654.91,24.6569,1.16,53.2,73.2
7445,-14642.58,28.111,1.18,53.2,73.2
7446,-14695.29,264.9934,1.21,53.9,73.3
7447,-14728.9,296.6786,1.17,52.9,73.3
7448,-14729.31,266.1179,1.17,53.5,73.2
7449,-14650.24,358.0188,1.22,52.5,73.2
7450,-14643.0,171.7622,1.18,51.9,73.2
7451,-14643.0,94.3073,1.16,52.9,73.2
7452,-14650.24,100.1979,1.21,53.4,73.2
7453,-14655.33,32.0694,1.19,52.5,73.2
7454,-14643.0,68.0621,1.15,52.5,73.2
7455,-14649.83,18.4647,1.2,51.9,73.2
7456,-14649.83,8.2215,1.2,51.6,73.2
7457,-14643.0,33.4779,1.15,53.2,73.2
7458,-14695.29,234.1507,1.19,52.9,73.2
7459,-14648.42,23.4711,1.19,51.0,73.3
7460,-14642.58,13.6031,1.16,52.6,73.3
7461,-14643.0,8.0413,1.18,53.4,73.3
7462,-14643.0,4.2408,1.2,52.0,73.3
7463,-14649.83,10.2172,1.16,52.8,73.3
7464,-14642.58,14.8474,1.16,53.4,73.4
7465,-14642.58,10.51,1.21,53.6,73.3
7466,-14695.29,324.9172,1.19,50.3,73.3
7467,-14642.58,54.9088,1.16,53.3,73.3
7468,-14695.29,220.9114,1.2,53.1,73.4
7469,-14649.83,62.4134,1.19,50.3,73.4
7470,-14643.0,48.5313,1.15,53.7,73.5
7471,-14650.24,53.3227,1.17,53.5,73.5
7472,-14650.24,19.1515,1.2,52.9,73.5
7473,-14695.0,107.7168,1.17,52.5,73.6
7474,-14642.58,133.5555,1.17,53.5,73.5
7475,-14643.0,89.4227,1.21,50.0,73.5
7476,-14643.0,61.3973,1.19,50.7,73.4
7477,-14649.83,46.4329,1.16,53.0,73.4
7478,-14642.58,21.0306,1.2,53.8,73.5
7479,-14642.58,13.0473,1.19,50.1,73.5
7480,-14649.83,7.9855,1.15,52.5,73.5
7481,-14642.58,12.6079,1.21,53.1,73.6
7482,-14659.15,33.6846,1.22,50.9,73.6
7483,-14649.83,18.8311,1.15,52.4,73.6
7484,-14659.15,9.4982,1.18,53.1,73.6
7485,-14711.86,267.0952,1.21,51.0,73.5
7486,-14711.86,212.8986,1.17,52.3,73.5
7487,-14712.03,160.546,1.16,53.3,73.6
7488,-14740.88,271.2966,1.22,53.5,73.6
7489,-14688.18,171.412,1.18,50.5,73.6
7490,-14774.49,360.6864,1.15,52.8,73.7
7491,-14687.47,136.7031,1.2,53.2,73.7
7492,-14659.57,106.1779,1.21,46.1,73.7
7493,-14666.82,47.8443,1.14,52.7,73.7
7494,-14659.57,30.8761,1.19,53.3,73.7
7495,-14666.82,11.2194,1.2,49.2,73.7
7496,-14661.61,34.969,1.18,52.9,73.8
7497,-14666.82,14.6588,1.17,53.6,73.8
7498,-14666.82,7.6922,1.22,50.7,73.8
7499,-14758.21,232.9737,1.19,50.4,73.8
7500,-14762.55,152.0287,1.16,53.6,73.8
7501,-14769.08,152.449,1.2,53.1,73.8
7502,-14769.08,104.6522,1.19,48.1,73.8
7503,-14758.59,70.4853,1.12,52.8,73.8
7504,-14721.52,125.2815,1.22,53.2,73.8
7505,-14771.01,171.7262,1.22,48.8,73.9
7506,-14773.18,82.9916,1.16,53.0,74.0
7507,-14773.18,59.7774,1.18,53.2,74.0
7508,-14773.18,30.3665,1.22,48.8,74.1
7509,-14794.83,105.3424,1.16,51.9,74.0
7510,-14749.15,425.24,1.18,52.9,74.0
7511,-14794.83,85.9141,1.21,51.7,74.0
7512,-14794.83,48.8869,1.21,49.7,74.0
7513,-14729.59,206.8289,1.15,52.3,74.0
7514,-14723.97,375.7115,1.22,54.5,74.1
7515,-14723.97,210.7087,1.21,48.1,74.2
7516,-14753.42,200.6254,1.13,52.6,74.1
7517,-14739.47,163.5317,1.21,53.3,74.1
7518,-14732.99,167.5136,1.19,44.4,74.1
7519,-14766.92,102.3206,1.13,52.3,74.1
7520,-14764.75,59.5318,1.18,53.7,74.2
7521,-14719.8,113.5083,1.21,47.4,74.2
7522,-14703.99,171.6913,1.16,52.3,74.2
7523,-14720.56,84.7752,1.17,54.4,74.3
7524,-14689.05,136.3566,1.21,49.4,74.3
7525,-14689.05,110.4936,1.18,51.2,74.4
7526,-14722.9,211.677,1.19,53.0,74.4
7527,-14666.0,68.9333,1.21,53.5,74.3
7528,-14702.29,119.4797,1.2,47.9,74.3
7529,-14709.47,73.53,1.14,53.6,74.3
7530,-14674.18,70.453,1.22,52.7,74.3
7531,-14677.69,34.0395,1.2,47.4,74.4
7532,-14722.9,213.2713,1.14,53.0,74.5
7533,-14672.48,41.9882,1.18,52.4,74.4
7534,-14689.05,63.3407,1.19,45.4,74.4
7535,-14690.13,46.989,1.17,52.2,74.4
7536,-14713.09,59.0148,1.19,54.2,74.5
7537,-14696.18,11.4469,1.21,49.6,74.5
7538,-14739.47,198.111,1.17,51.2,74.5
7539,-14689.05,81.1553,1.16,53.2,74.6
7540,-14698.0,26.8397,1.2,53.7,74.6
7541,-14720.24,60.3242,1.2,47.1,74.6
7542,-14719.8,26.8819,1.14,52.6,74.6
7543,-14713.09,26.0509,1.21,52.7,74.6
7544,-14679.48,40.745,1.19,45.8,74.5
7545,-14682.57,46.5125,1.13,52.3,74.6
7546,-14765.83,318.2027,1.19,54.4,74.6
7547,-14714.97,140.9965,1.2,45.6,74.7
7548,-14696.14,176.8439,1.14,52.4,74.7
7549,-14665.53,110.7085,1.15,53.7,74.7
7550,-14697.12,104.8599,1.22,47.1,74.7
7551,-14777.42,500.5411,1.16,50.0,74.8
7552,-14697.12,84.007,1.17,52.9,74.7
7553,-14725.47,123.8484,1.22,51.4,74.7
7554,-14725.47,86.738,1.17,49.5,74.8
7555,-14697.12,33.8346,1.14,53.0,74.8
7556,-14725.47,40.0532,1.22,53.2,74.8
7557,-14777.42,286.6115,1.18,47.2,74.8
7558,-14697.12,282.2735,1.13,52.5,74.8
7559,-14660.08,477.6905,1.19,53.2,74.9
7560,-14706.12,52.0005,1.19,46.9,75.0
7561,-14705.03,72.0481,1.17,52.6,74.8
7562,-14706.12,20.5411,1.19,53.6,74.9
7563,-14697.12,39.389,1.2,48.2,74.9
7564,-14697.12,17.7543,1.15,52.2,75.0
7565,-14734.47,121.5981,1.16,53.2,75.0
7566,-14749.06,240.154,1.23,49.0,75.0
7567,-14706.12,147.284,1.19,47.4,75.0
7568,-14708.03,109.293,1.14,54.2,75.1
7569,-14749.06,172.8282,1.19,54.4,75.1
7570,-14697.12,57.9503,1.2,48.6,75.0
7571,-14708.03,12.184,1.14,52.9,75.1
7572,-14777.42,223.6326,1.19,53.4,75.0
7573,-14743.32,133.4353,1.19,44.0,75.1
7574,-14795.27,147.1232,1.14,52.7,75.1
7575,-14795.27,98.4959,1.19,53.6,75.2
7576,-14795.27,69.2802,1.2,45.4,75.2
7577,-14752.33,145.8517,1.16,52.6,75.3
7578,-14743.32,177.5335,1.17,53.8,75.2
7579,-14778.63,324.7308,1.23,48.5,75.2
7580,-14787.63,207.2287,1.17,50.8,75.2
7581,-14752.33,104.0224,1.17,53.8,75.3
7582,-14743.32,128.5754,1.21,53.0,75.4
7583,-14723.97,49.8478,1.19,46.9,75.3
7584,-14749.14,121.8828,1.15,53.2,75.3
7585,-14723.97,30.5769,1.2,53.4,75.4
7586,-14714.97,54.8223,1.19,49.2,75.4
7587,-14706.12,43.3091,1.14,52.8,75.3
7588,-14725.47,120.2063,1.19,53.2,75.4
7589,-14738.24,104.4614,1.22,49.8,75.4
7590,-14734.47,66.558,1.18,52.9,75.4
7591,-14734.47,43.8866,1.17,53.1,75.5
7592,-14734.47,25.9164,1.21,51.8,75.5
7593,-14752.33,45.8264,1.18,53.6,75.5
7594,-14706.12,71.3416,1.16,53.7,75.5
7595,-14736.38,58.0614,1.2,53.6,75.5
7596,-14707.19,43.5997,1.2,47.7,75.5
7597,-14709.12,26.035,1.13,53.5,75.6
7598,-14702.93,19.4817,1.21,53.5,75.7
7599,-14702.93,13.2763,1.2,49.9,75.6
7600,-14706.12,7.195,1.15,52.7,75.5
7601,-14706.12,5.6797,1.19,53.0,75.6
7602,-14702.93,3.9571,1.2,50.2,75.6
7603,-14702.93,2.3707,1.16,52.8,75.7
7604,-14808.78,457.8823,1.17,53.6,75.7
7605,-14864.75,501.1076,1.19,48.5,75.7
7606,-14855.34,312.6942,1.16,52.4,75.7
7607,-14836.79,390.6899,1.17,53.7,75.8
7608,-14840.96,229.1195,1.2,52.3,75.9
7609,-14819.94,88.4084,1.19,46.0,76.0
7610,-14827.99,44.5159,1.15,52.7,76.0
7611,-14831.48,69.2527,1.2,53.3,76.0
7612,-14836.68,73.2783,1.17,50.4,75.2
7613,-14850.2,29.1555,1.21,47.1,75.2
7614,-14838.63,33.7425,1.17,52.3,75.3
7615,-14848.96,29.2023,1.17,53.5,75.3
7616,-14855.34,12.9424,1.2,50.4,75.3
7617,-14802.3,350.3758,1.17,52.1,75.3
7618,-14863.01,61.5016,1.17,52.6,75.3
7619,-14826.97,85.2277,1.2,53.0,75.4
7620,-14857.1,31.9175,1.18,49.7,75.5
7621,-14794.64,242.9978,1.15,53.3,75.4
7622,-14857.1,20.7314,1.19,53.3,75.4
7623,-14851.21,58.059,1.19,47.9,75.4
7624,-14836.19,77.3882,1.16,52.6,75.4
7625,-14834.53,46.6722,1.19,52.9,75.4
7626,-14835.52,110.0772,1.18,49.5,75.4
7627,-14834.53,42.1233,1.14,52.5,75.5
7628,-14836.19,22.0401,1.17,54.2,75.4
7629,-14824.16,44.724,1.21,49.0,75.5
7630,-14837.27,30.0377,1.17,52.4,75.5
7631,-14821.27,85.1616,1.17,53.3,75.5
7632,-14822.15,32.7796,1.2,50.9,75.5
7633,-14802.83,38.9369,1.17,49.1,75.5
7634,-14802.83,20.4766,1.18,52.7,75.5
7635,-14830.32,115.2131,1.2,53.2,75.6
7636,-14834.59,62.7935,1.19,50.6,75.6
7637,-14815.88,85.5362,1.15,53.1,75.6
7638,-14802.83,36.2508,1.19,53.3,75.5
7639,-14802.83,19.2171,1.19,47.4,75.5
7640,-14829.45,96.675,1.16,53.0,75.6
7641,-14798.12,95.7613,1.19,53.6,75.6
7642,-14798.12,38.9056,1.2,47.0,75.6
7643,-14804.02,25.8905,1.16,52.5,75.7
7644,-14801.39,9.0,1.16,53.9,75.6
7645,-14822.07,26.8121,1.22,49.7,75.7
7646,-14816.24,40.3668,1.18,51.8,75.7
7647,-14801.39,14.4232,1.17,53.0,75.7
7648,-14804.02,15.8008,1.2,53.6,75.7
7649,-14801.3,12.4281,1.19,48.3,75.7
7650,-14823.78,83.6736,1.13,53.2,75.7
7651,-14804.02,8.2602,1.21,53.6,75.8
7652,-14801.39,11.3863,1.19,49.4,75.8
7653,-14804.42,29.9188,1.15,52.6,75.8
7654,-14804.02,10.3974,1.19,53.8,75.8
7655,-14836.19,163.5076,1.19,48.3,75.9
7656,-14798.12,24.9215,1.16,51.8,75.8
7657,-14804.02,24.8814,1.18,54.0,75.9
7658,-14821.58,22.5594,1.23,48.4,75.9
7659,-14795.39,11.1222,1.16,52.9,75.9
7660,-14798.12,16.1903,1.16,53.9,75.9
7661,-14814.52,17.1329,1.21,53.7,75.9
7662,-14802.83,16.4055,1.2,48.7,76.0
7663,-14795.39,8.7145,1.14,53.0,76.0
7664,-14814.52,30.6536,1.22,54.2,76.0
7665,-14804.02,11.7568,1.19,46.5,75.9
7666,-14824.06,38.1506,1.14,53.0,75.9
7667,-14807.64,44.0994,1.2,53.1,75.9
7668,-14816.24,32.2438,1.19,49.0,76.0
7669,-14801.3,24.7188,1.14,52.5,76.0
7670,-14801.3,9.2548,1.17,53.6,76.0
7671,-14819.86,20.2979,1.21,48.0,76.1
7672,-14819.86,17.7873,1.16,52.1,76.1
7673,-14801.3,13.5156,1.16,53.1,76.1
7674,-14801.3,10.0577,1.21,51.6,76.1
7675,-14824.41,48.0382,1.17,48.8,76.1
7676,-14804.02,87.3686,1.15,52.6,76.1
7677,-14801.3,73.1121,1.21,53.3,76.1
7678,-14824.95,34.0308,1.2,48.4,76.1
7679,-14806.19,7.2238,1.17,53.3,76.1
7680,-14829.43,27.3685,1.2,52.8,76.2
7681,-14817.05,51.0651,1.19,50.1,76.3
7682,-14818.06,35.6034,1.15,53.2,76.1
7683,-14806.72,28.0067,1.17,53.7,76.1
7684,-14829.43,32.5036,1.2,48.6,76.2
7685,-14817.17,51.3164,1.18,53.0,76.2
7686,-14808.44,30.9587,1.18,52.8,76.3
7687,-14808.44,17.2683,1.21,52.8,76.2
7688,-14808.44,4.7875,1.2,48.1,76.3
7689,-14808.44,3.7186,1.15,52.7,76.4
7690,-14808.44,1.8832,1.21,53.4,76.3
7691,-14803.84,56.2039,1.15,41.9,75.5
7692,-14804.73,18.3161,1.19,51.7,75.2
7693,-14804.73,16.0841,1.18,52.7,75.2
7694,-14804.73,9.5376,1.2,53.7,75.2
7695,-14794.28,6.6423,1.17,53.6,75.3
7696,-14805.92,29.9568,1.2,53.3,75.3
7697,-14815.45,27.3383,1.18,53.4,75.3
7698,-14819.1,17.0826,1.18,53.2,75.3
7699,-14805.92,4.8319,1.19,53.2,75.3
7700,-14807.64,4.7006,1.18,52.5,75.3
7701,-14807.64,1.7137,1.19,53.3,75.4
7702,-14805.92,4.5846,1.19,53.1,75.4
7703,-14811.25,6.534,1.17,53.3,75.3
7704,-14824.27,26.463,1.17,53.2,75.4
7705,-14792.15,89.1235,1.17,54.4,75.4
7706,-14803.84,90.567,1.2,53.1,75.4
7707,-14795.09,103.6145,1.16,52.6,75.4
7708,-14810.92,63.2761,1.18,53.4,75.5
7709,-14784.74,27.3823,1.2,52.6,75.3
7710,-14810.92,28.1996,1.18,52.1,75.4
7711,-14795.09,16.4738,1.17,52.6,75.4
7712,-14800.55,15.1643,1.21,52.9,75.4
7713,-14795.09,9.8205,1.2,50.5,75.5
7714,-14795.09,4.2128,1.15,53.2,75.5
7715,-14784.74,9.266,1.18,52.8,75.5
7716,-14807.06,19.3272,1.19,44.0,75.5
7717,-14800.55,5.1697,1.15,52.3,75.4
7718,-14807.06,7.4908,1.19,53.7,75.5
7719,-14784.74,7.5309,1.21,43.0,75.5
7720,-14795.09,20.1048,1.15,52.6,75.5
7721,-14784.74,10.0992,1.18,53.2,75.6
7722,-14938.42,2407.1617,1.23,46.0,75.6
7723,-14795.09,7.923,1.16,48.0,75.6
7724,-14794.03,11.6317,1.17,53.2,75.6
7725,-14794.03,5.6004,1.22,47.3,75.5
7726,-14807.47,27.0189,1.2,41.1,75.5
7727,-14803.84,5.9647,1.13,54.3,75.5
7728,-14794.28,11.6556,1.19,50.1,75.5
7729,-14803.84,15.8779,1.19,42.4,75.6
7730,-14803.84,9.6217,1.14,53.8,75.6
7731,-14786.85,26.3085,1.19,52.9,75.6
7732,-14791.78,26.827,1.2,39.7,75.7
7733,-14814.08,71.7242,1.12,52.8,75.6
7734,-14786.25,82.9893,1.2,52.8,75.6
7735,-14810.28,39.5884,1.2,42.0,75.6
7736,-14776.26,469.299,1.16,52.9,75.5
7737,-14795.39,29.9871,1.16,52.5,75.6
7738,-14792.56,3.3205,1.21,45.6,75.7
7739,-14833.47,209.4617,1.15,51.6,75.7
7740,-14844.57,105.5185,1.17,53.1,75.7
7741,-14784.52,365.872,1.23,50.0,75.7
7742,-14810.28,209.2537,1.19,48.2,75.8
7743,-14820.33,70.2739,1.13,53.7,75.7
7744,-14825.98,100.306,1.23,53.2,75.7
7745,-14844.57,170.5057,1.21,45.1,75.8
7746,-14833.47,33.0211,1.13,52.8,75.9
7747,-14814.8,166.085,1.21,53.2,75.8
7748,-14820.33,52.6407,1.21,47.6,75.8
7749,-14819.42,54.7058,1.16,52.8,75.8
7750,-14833.47,90.1293,1.18,53.3,75.8
7751,-14818.68,17.7182,1.21,48.7,75.9
7752,-14829.47,4.8672,1.18,53.2,75.8
7753,-14810.32,60.6723,1.19,53.3,75.8
7754,-14798.46,30.0101,1.21,52.9,75.9
7755,-14814.19,90.3924,1.2,49.1,75.9
7756,-14807.64,38.8103,1.14,52.0,76.0
7757,-14807.31,28.069,1.2,53.0,76.1
7758,-14792.56,24.399,1.2,46.6,76.0
7759,-14799.62,33.2165,1.16,52.7,76.0
7760,-14911.68,1759.1219,1.19,52.7,76.0
7761,-14780.94,65.8785,1.19,48.4,75.9
7762,-14808.72,24.8839,1.15,52.6,76.0
7763,-14802.58,24.0407,1.17,52.6,76.0
7764,-14795.7,10.1832,1.21,48.4,76.0
7765,-14807.31,14.3275,1.18,51.2,76.1
7766,-14825.28,25.2523,1.17,53.3,76.1
7767,-14814.19,27.4932,1.22,52.5,76.1
7768,-14916.2,1495.7644,1.18,50.7,76.2
7769,-14796.54,115.8314,1.14,52.8,76.1
7770,-14813.67,24.9671,1.21,53.0,76.1
7771,-14775.97,104.9297,1.22,47.6,76.2
7772,-14939.32,2207.4269,1.17,52.9,76.2
7773,-14791.87,39.3531,1.18,53.5,76.3
7774,-14804.73,20.1321,1.2,49.4,76.1
7775,-14785.45,22.4776,1.16,52.4,76.1
7776,-14806.94,94.0348,1.17,53.3,76.2
7777,-14807.31,31.0834,1.22,51.6,76.2
7778,-14784.24,146.1939,1.19,52.8,76.3
7779,-14803.49,76.501,1.16,53.9,76.3
7780,-14916.2,1892.2859,1.22,53.1,76.4
7781,-14939.32,1805.2742,1.19,49.2,76.4
7782,-14929.67,1314.9992,1.15,53.4,76.4
7783,-14938.42,961.3282,1.18,52.6,76.4
7784,-14939.32,716.0101,1.2,50.6,76.5
7785,-14804.73,2048.4254,1.16,52.4,76.5
7786,-14803.01,1410.3189,1.2,53.3,76.4
7787,-14823.16,1236.85,1.22,49.3,76.5
7788,-14796.93,484.4554,1.18,51.1,76.6
7789,-14820.56,411.0494,1.16,53.3,76.6
7790,-14798.96,166.968,1.22,52.5,76.6
7791,-14800.35,84.5473,1.2,46.9,76.5
7792,-14774.59,169.7331,1.15,52.9,76.5
7793,-14786.85,57.3849,1.21,52.1,76.6
7794,-14797.74,75.9579,1.18,50.2,76.6
7795,-14780.94,35.7635,1.15,52.5,76.6
7796,-14774.59,66.7074,1.17,53.9,76.6
7797,-14786.85,50.6182,1.2,48.3,76.6
7798,-14786.85,28.184,1.18,52.4,76.6
7799,-14807.47,9.5817,1.18,52.2,76.6
7800,-14802.37,26.9625,1.21,51.9,76.7
7801,-14786.85,22.0705,1.2,51.6,76.9
7802,-14914.98,1937.8553,1.14,52.8,76.9
7803,-14808.72,86.035,1.22,53.6,76.9
7804,-14786.85,113.2252,1.21,47.7,76.8
7805,-14917.59,1361.1659,1.16,51.8,76.8
7806,-14945.76,1410.9738,1.18,53.3,76.8
7807,-14785.45,782.0771,1.18,48.0,76.7
7808,-14823.16,515.6116,1.16,52.6,76.7
7809,-14813.63,233.0001,1.16,52.8,76.7
7810,-14944.86,1918.4138,1.19,51.1,76.7
7811,-14784.24,45.9118,1.17,52.0,76.9
7812,-14905.33,1653.342,1.15,53.4,76.7
7813,-14905.33,1313.5921,1.19,52.6,76.8
7814,-14765.77,652.6712,1.19,48.8,76.9
7815,-14784.24,424.9184,1.15,52.7,76.9
7816,-14914.98,1149.8158,1.19,52.7,76.9
7817,-14797.74,192.384,1.19,52.1,76.9
7818,-14906.71,1193.939,1.16,51.5,76.9
7819,-14905.33,1058.5275,1.19,53.0,77.0
7820,-14799.98,298.938,1.21,51.3,77.0
7821,-14784.24,442.5019,1.17,52.7,77.0
7822,-14785.45,203.0083,1.18,53.4,76.9
7823,-14774.59,79.0044,1.22,52.4,77.0
7824,-14937.05,2932.4935,1.2,48.2,76.8
7825,-14789.47,33.2078,1.14,53.7,76.9
7826,-14775.97,49.5081,1.21,53.6,76.9
7827,-14774.59,31.5747,1.18,49.7,77.0
7828,-14906.71,1794.0426,1.16,52.7,77.0
7829,-14784.24,40.8546,1.15,53.9,76.9
7830,-14810.92,16.5362,1.22,45.9,77.0
7831,-14906.71,1558.1057,1.15,51.7,77.0
7832,-14776.86,167.4449,1.15,53.3,77.0
7833,-14911.15,1342.4007,1.2,51.0,77.1
7834,-14911.15,1162.8334,1.17,48.7,77.1
7835,-14789.47,510.3683,1.12,52.7,77.1
7836,-14896.51,979.1619,1.2,52.6,77.2
7837,-14775.97,697.3417,1.21,47.1,77.1
7838,-14765.77,566.2312,1.15,53.6,77.1
7839,-14765.77,222.092,1.2,52.7,77.1
7840,-14775.15,203.8781,1.19,45.4,77.1
7841,-14775.97,119.7603,1.15,52.4,77.1
7842,-14765.77,49.4639,1.15,53.0,77.2
7843,-14776.7,58.0456,1.2,49.2,77.2
7844,-14896.51,1745.3584,1.16,52.3,77.3
7845,-14775.97,28.5613,1.17,52.7,77.2
7846,-14784.74,20.8636,1.23,53.0,77.3
7847,-14788.47,99.4839,1.18,48.5,77.3
7848,-14782.36,118.2515,1.13,53.1,77.3
7849,-14799.4,41.0792,1.21,53.5,77.3
7850,-14787.06,93.0963,1.19,49.4,77.2
7851,-14775.15,73.0213,1.15,52.7,77.3
7852,-14811.06,192.6723,1.2,53.1,77.3
7853,-14800.57,60.065,1.22,47.7,77.3
7854,-14809.43,42.0005,1.16,52.7,77.4
7855,-14830.83,39.0767,1.17,53.5,77.3
7856,-14830.83,24.2854,1.2,46.9,77.4
7857,-14830.83,18.6847,1.16,51.9,77.4
7858,-14822.69,16.4959,1.15,53.3,77.4
7859,-14785.68,104.5653,1.21,50.7,77.4
7860,-14787.06,44.1797,1.19,49.4,77.5
7861,-14787.79,43.6943,1.13,53.6,77.5
7862,-14792.62,37.8972,1.2,53.7,77.5
7863,-14798.67,21.5531,1.22,47.5,77.5
7864,-14757.48,136.2554,1.15,53.2,77.4
7865,-14788.47,60.4795,1.21,53.7,77.4
7866,-14774.59,64.142,1.18,48.3,77.3
7867,-14776.7,47.7146,1.17,44.2,75.8
7868,-14787.79,32.7253,1.2,44.0,75.9
7869,-14792.62,34.5419,1.19,47.2,76.0
7870,-14797.6,44.0121,1.15,53.3,76.0
7871,-14787.58,78.5267,1.22,46.3,76.0
7872,-14776.86,32.2576,1.18,45.3,75.9
7873,-14757.48,79.5199,1.16,52.1,75.9
7874,-14775.97,46.2181,1.21,43.7,75.9
7875,-14765.77,26.4945,1.17,47.1,75.8
7876,-14765.77,11.4352,1.18,53.0,75.9
7877,-14787.06,56.9352,1.21,46.8,75.8
7878,-14911.15,1391.9464,1.2,45.0,75.8
7879,-14896.51,1052.6922,1.14,53.6,75.9
7880,-14931.51,898.6883,1.21,51.1,75.8
7881,-14813.63,2853.7332,1.18,45.4,75.5
7882,-14806.65,2325.7333,1.16,52.8,75.5
7883,-14769.05,2175.8923,1.21,52.3,75.5
7884,-14786.41,1133.1055,1.2,45.5,75.5
7885,-14769.05,1003.2462,1.14,53.1,75.5
7886,-14799.31,857.4082,1.2,53.8,75.5
7887,-14803.36,733.4282,1.19,45.3,75.5
7888,-14784.24,543.7215,1.17,52.5,75.5
7889,-14906.71,1934.46,1.19,54.2,75.4
7890,-14814.01,138.129,1.21,43.1,75.5
7891,-14765.77,249.5481,1.16,53.2,75.4
7892,-14794.03,96.1191,1.19,53.0,75.5
7893,-14795.09,57.3706,1.19,46.8,75.5
7894,-14785.45,34.8069,1.21,50.7,75.5
7895,-14919.33,1963.8044,1.16,53.2,75.6
7896,-14764.22,264.3323,1.2,52.4,75.6
7897,-14774.59,170.1258,1.19,47.1,75.6
7898,-14814.01,49.434,1.13,53.0,75.6
7899,-14896.51,1465.3183,1.21,52.8,75.6
7900,-14905.54,1161.8373,1.2,44.6,75.5
7901,-14936.11,559.3027,1.14,53.9,75.5
7902,-14921.16,362.4706,1.21,53.4,75.6
7903,-14936.86,200.0951,1.21,46.4,75.6
7904,-14800.55,1946.771,1.17,53.1,75.6
7905,-14817.97,1484.2843,1.19,53.3,75.6
7906,-14812.83,1003.776,1.19,45.6,75.7
7907,-14800.55,907.7784,1.16,53.3,75.6
7908,-14811.67,804.1575,1.17,53.6,75.7
7909,-14811.67,678.0476,1.22,46.7,75.6
7910,-14811.67,414.6153,1.18,50.5,75.7
7911,-14905.54,1842.2735,1.16,53.5,75.7
7912,-14921.16,1640.0029,1.2,52.1,75.7
7913,-14932.26,963.5346,1.21,48.6,75.7
7914,-14795.09,2043.9986,1.13,52.9,75.8
7915,-14811.67,1501.8468,1.21,53.7,75.7
7916,-14800.55,926.8456,1.19,43.2,75.6
7917,-14784.74,691.3431,1.15,52.8,75.7
7918,-14905.54,2048.1008,1.21,53.2,75.7
7919,-14905.54,2254.903,1.21,46.2,75.8
7920,-14905.54,1584.1747,1.18,52.2,75.8
7921,-14905.54,876.0952,1.17,54.0,75.9
7922,-14784.74,1608.3915,1.22,48.5,75.9
7923,-14784.74,1757.4173,1.17,52.8,75.9
7924,-14762.8,1426.7321,1.18,52.7,75.8
7925,-14765.77,895.7552,1.21,51.8,75.7
7926,-14765.77,564.6429,1.18,49.4,75.8
7927,-14784.74,462.9839,1.15,52.9,75.8
7928,-14905.54,2142.4023,1.21,54.0,75.8
7929,-14936.86,1603.1005,1.18,47.6,75.9
7930,-14911.15,630.9737,1.13,53.4,75.9
7931,-14784.74,1574.764,1.19,53.2,75.9
7932,-14798.58,1316.0071,1.21,48.7,75.9
7933,-14794.03,1100.1325,1.16,51.9,75.8
7934,-14784.74,662.7682,1.18,53.8,75.9
7935,-14793.37,451.4657,1.2,48.0,76.0
7936,-14765.77,302.1192,1.16,52.2,75.9
7937,-14929.67,2179.9589,1.17,54.2,76.0
7938,-14938.42,1650.4072,1.2,52.6,76.0
7939,-14784.24,469.2017,1.19,48.2,76.1
7940,-14784.24,498.6209,1.14,53.5,76.1
7941,-14803.84,185.3063,1.21,53.4,76.0
7942,-14914.98,1626.5644,1.2,47.7,75.9
7943,-14928.61,1776.1865,1.15,52.5,76.0
7944,-14786.2,176.8235,1.21,53.3,76.0
7945,-14786.2,132.4144,1.19,45.9,76.1
7946,-14798.46,114.8694,1.17,52.2,76.1
7947,-14795.83,34.0235,1.17,53.2,76.1
7948,-14806.94,33.1833,1.2,47.7,76.1
7949,-14798.46,44.5342,1.17,52.0,76.1
7950,-14806.94,18.6402,1.17,53.1,76.1
7951,-14929.2,1806.8089,1.2,50.5,76.2
7952,-14795.83,201.3012,1.18,50.3,76.2
7953,-14786.2,163.2476,1.15,53.0,76.1
7954,-14918.33,1820.6109,1.21,53.0,76.2
7955,-14918.33,1523.9909,1.19,48.4,76.1
7956,-14797.05,221.1861,1.14,52.8,76.1
7957,-14779.89,187.4322,1.2,54.6,76.2
7958,-14795.83,62.2344,1.19,49.8,76.1
7959,-14797.05,39.736,1.17,52.7,76.1
7960,-14930.57,1834.6061,1.18,54.7,76.1
7961,-14795.83,233.1638,1.2,48.7,76.2
7962,-14798.46,201.1631,1.15,53.0,76.2
7963,-14809.55,79.6843,1.16,53.3,76.2
7964,-14788.21,34.0323,1.2,53.4,76.2
7965,-14929.2,2161.9389,1.17,47.6,76.3
7966,-14929.2,1631.2954,1.14,53.6,76.3
7967,-14804.97,362.9027,1.2,53.0,76.3
7968,-14797.05,444.0403,1.2,47.6,76.3
7969,-14798.46,143.2295,1.14,53.5,76.2
7970,-14918.33,1738.4759,1.18,53.4,76.2
7971,-14927.81,1768.6923,1.2,46.9,76.3
7972,-14757.48,202.9295,1.14,52.3,76.3
7973,-14787.58,80.8154,1.17,53.8,76.4
7974,-14918.33,1710.9847,1.23,48.9,76.3
7975,-14809.55,92.8195,1.17,51.8,76.4
7976,-14929.2,1382.9914,1.17,52.9,76.4
7977,-14797.05,396.3839,1.21,52.8,76.4
7978,-14918.95,1185.6625,1.2,46.0,76.4
7979,-14917.59,931.7245,1.13,52.1,76.4
7980,-14795.83,938.6701,1.18,53.2,76.4
7981,-14808.97,774.873,1.18,46.9,76.5
7982,-14790.74,461.2373,1.14,52.2,76.5
7983,-14795.83,249.5212,1.17,54.1,76.5
7984,-14797.05,188.7012,1.19,50.0,76.5
7985,-14784.24,83.3071,1.15,52.2,76.4
7986,-14794.03,57.6969,1.16,52.9,76.4
7987,-14927.81,2066.4756,1.2,50.9,76.5
7988,-14809.55,137.4101,1.2,47.7,76.5
7989,-14816.08,105.8852,1.13,53.0,76.5
7990,-14926.59,1319.8025,1.2,53.6,76.5
7991,-14949.44,1016.0481,1.19,48.2,76.5
7992,-14817.3,714.932,1.14,52.6,76.6
7993,-14806.94,814.8003,1.19,52.7,76.5
7994,-14779.89,640.3643,1.19,45.5,76.6
7995,-14795.83,274.8891,1.15,52.3,76.6
7996,-14930.57,1839.0927,1.16,52.8,76.6
7997,-14798.67,76.9617,1.22,46.9,76.6
7998,-14926.59,1536.6111,1.18,49.7,76.6
7999,-14795.83,171.7521,1.16,53.7,76.6
8000,-14786.2,168.6652,1.2,51.6,76.7
8001,-14786.2,46.43,1.2,46.9,76.7
8002,-14786.2,43.3074,1.15,52.9,76.6
8003,-14786.2,26.0252,1.21,54.2,76.7
8004,-14787.58,35.1057,1.21,44.9,76.7
8005,-14795.83,18.1596,1.13,52.6,76.7
8006,-14787.58,21.8233,1.17,52.8,76.8
8007,-14757.48,121.0484,1.22,44.2,76.7
8008,-14787.58,146.3989,1.17,52.2,76.8
8009,-14787.58,100.0279,1.17,53.4,76.9
8010,-14788.32,41.7519,1.2,51.8,76.9
8011,-14787.58,24.6774,1.17,50.1,76.8
8012,-14787.58,13.0575,1.15,53.2,76.8
8013,-14795.83,39.3458,1.21,52.9,76.8
8014,-14789.52,16.8024,1.22,44.8,76.9
8015,-14795.83,8.2848,1.13,52.0,76.8
8016,-14786.2,10.262,1.19,53.1,76.9
8017,-14798.46,43.0972,1.2,47.8,77.0
8018,-14795.83,18.7677,1.15,52.4,76.9
8019,-14786.2,13.437,1.16,52.7,76.9
8020,-14798.46,40.9154,1.22,44.3,76.9
8021,-14795.83,11.1634,1.16,52.4,77.0
8022,-14795.84,98.0392,1.16,53.8,77.0
8023,-14930.42,2512.3854,1.2,49.4,77.0
8024,-14998.76,3773.0365,1.16,51.0,77.0
8025,-14944.53,2288.3014,1.15,52.9,77.1
8026,-14948.88,2110.502,1.19,53.8,77.1
8027,-14952.7,1171.3016,1.2,47.8,77.1
8028,-14948.88,626.5834,1.14,53.4,77.1
8029,-14822.88,2301.0249,1.2,53.1,77.0
8030,-14845.02,1604.5267,1.2,45.9,77.1
8031,-14961.98,203.1586,1.14,52.3,77.0
8032,-14961.98,208.6496,1.19,52.5,77.1
8033,-14843.76,786.8535,1.2,47.2,77.1
8034,-14976.68,145.6792,1.17,52.9,77.1
8035,-14797.0,1133.6648,1.16,53.7,77.2
8036,-14797.0,843.04,1.19,51.5,77.2
8037,-14762.19,596.7865,1.17,48.1,77.2
8038,-14790.63,501.3505,1.13,53.4,77.3
8039,-14843.61,643.9632,1.2,53.5,77.3
8040,-14802.14,267.574,1.19,46.5,77.2
8041,-14795.84,212.5543,1.15,53.5,77.2
8042,-14790.63,161.5903,1.21,53.6,77.2
8043,-14765.77,121.7141,1.21,49.4,77.3
8044,-14843.76,307.3954,1.16,52.4,77.4
8045,-14930.42,2287.2989,1.18,53.1,77.3
8046,-14976.53,1191.3331,1.21,48.7,77.3
8047,-14930.42,1314.4963,1.17,52.2,77.3
8048,-14971.37,929.6025,1.19,53.6,77.3
8049,-14790.63,1727.732,1.21,50.2,77.3
8050,-14795.84,1079.3163,1.19,51.5,77.3
8051,-14784.74,600.7022,1.17,52.5,77.4
8052,-14852.03,449.6296,1.22,53.4,77.4
8053,-14841.82,584.5552,1.19,48.8,77.5
8054,-14795.84,192.6891,1.13,53.3,77.4
8055,-14790.63,156.7915,1.2,52.4,77.5
8056,-14860.93,149.2989,1.21,46.6,77.4
8057,-14971.37,1432.3702,1.16,53.0,77.5
8058,-14971.37,1088.8294,1.19,52.9,77.5
8059,-14976.53,674.0393,1.2,48.4,77.5
8060,-14843.61,931.0262,1.16,52.7,77.5
8061,-14969.87,837.9954,1.16,53.4,77.5
8062,-14839.98,1233.1726,1.21,50.2,77.6
8063,-14834.81,875.2611,1.19,50.5,77.5
8064,-14825.43,557.2411,1.17,53.5,77.5
8065,-14834.81,467.093,1.21,52.9,77.6
8066,-14825.43,365.3972,1.22,48.4,77.6
8067,-14857.35,220.701,1.14,52.6,77.6
8068,-14971.37,922.3584,1.2,53.6,77.6
8069,-14840.13,399.8098,1.19,47.4,77.7
8070,-14852.03,370.056,1.16,52.7,77.7
8071,-14839.98,105.4358,1.18,53.1,77.7
8072,-14971.37,1490.8892,1.2,45.1,77.6
8073,-14843.64,116.7622,1.15,51.5,77.6
8074,-14839.98,70.3918,1.16,53.4,77.6
8075,-14839.98,37.1204,1.21,51.4,77.7
8076,-14976.53,1418.8793,1.2,48.1,77.8
8077,-14839.98,19.0799,1.15,52.4,77.7
8078,-14852.03,99.7301,1.21,53.7,77.8
8079,-14839.98,50.692,1.21,46.2,77.9
8080,-14839.98,23.3838,1.15,52.6,77.7
8081,-14857.35,120.4121,1.19,53.4,77.8
8082,-14936.76,1813.197,1.23,47.8,77.9
8083,-14968.23,1405.7106,1.15,52.0,77.8
8084,-14976.68,634.4327,1.18,53.9,77.9
8085,-14840.13,923.91,1.24,50.7,77.9
8086,-14839.98,871.0196,1.21,48.1,77.9
8087,-14839.98,547.6366,1.17,54.0,77.9
8088,-14834.81,295.4072,1.22,52.3,77.9
8089,-14845.21,263.8061,1.21,45.4,77.8
8090,-14838.11,205.6839,1.15,53.0,77.9
8091,-14807.12,96.7142,1.21,53.0,77.9
8092,-14807.12,46.3225,1.2,47.9,78.0
8093,-14810.83,47.5659,1.15,53.2,78.0
8094,-14839.24,74.2573,1.18,53.2,78.0
8095,-14903.11,175.279,1.22,50.1,78.1
8096,-14827.13,43.3668,1.21,51.0,78.1
8097,-14880.94,117.902,1.14,53.3,78.1
8098,-14936.56,761.5967,1.21,53.5,78.1
8099,-14857.35,428.7025,1.19,49.6,78.0
8100,-14839.98,243.1983,1.15,52.3,78.0
8101,-14841.82,58.8962,1.19,53.6,78.0
8102,-14845.21,22.083,1.19,47.6,78.1
8103,-14825.35,78.7534,1.16,51.7,78.2
8104,-14846.19,84.5529,1.16,53.9,78.2
8105,-14839.24,36.5737,1.2,47.6,78.2
8106,-14810.83,59.678,1.15,52.0,78.2
8107,-14844.08,19.4973,1.17,53.8,78.2
8108,-14878.37,119.0629,1.21,50.5,78.2
8109,-14984.6,1259.2288,1.19,49.8,78.3
8110,-14860.3,117.2924,1.15,52.9,78.2
8111,-14820.47,131.4054,1.2,53.6,78.3
8112,-14838.11,96.9221,1.2,48.3,78.4
8113,-14807.12,36.9263,1.16,53.2,78.3
8114,-14838.11,72.7295,1.2,53.2,78.3
8115,-14836.64,75.4596,1.19,49.0,78.2
8116,-14846.19,71.5058,1.16,52.5,78.3
8117,-14820.7,20.339,1.18,53.5,78.3
8118,-14844.08,26.009,1.2,49.2,78.4
8119,-14807.12,57.9873,1.17,51.9,78.4
8120,-14820.7,11.8044,1.15,53.3,78.5
8121,-14820.7,4.3192,1.2,52.3,78.5
8122,-14851.28,117.1707,1.2,48.1,78.5
8123,-14845.55,50.3537,1.16,52.5,78.4
8124,-14845.55,37.0104,1.2,54.0,78.4
8125,-14835.85,13.0452,1.2,47.0,78.5
8126,-14851.28,94.7452,1.16,51.7,78.5
8127,-14860.16,63.8267,1.17,53.2,78.6
8128,-14850.33,104.1255,1.2,50.8,78.5
8129,-14862.61,36.3273,1.17,50.7,78.6
8130,-14839.81,42.0422,1.16,53.5,78.6
8131,-14850.33,66.1962,1.2,53.2,78.6
8132,-14842.86,23.211,1.19,47.9,77.8
8133,-14848.38,23.2086,1.2,44.5,77.9
8134,-14870.14,9.0267,1.16,53.2,77.9
8135,-14857.41,12.1176,1.17,52.5,78.0
8136,-14843.91,35.8591,1.19,47.8,78.0
8137,-14849.74,24.3501,1.16,49.7,78.0
8138,-14848.17,26.0238,1.15,53.3,78.0
8139,-14842.08,14.7216,1.21,52.7,78.1
8140,-14854.96,31.1702,1.21,48.8,78.0
8141,-14854.96,20.9057,1.14,52.8,78.0
8142,-14865.99,61.7258,1.25,53.2,78.0
8143,-14848.77,40.1499,1.18,47.2,78.0
8144,-14865.99,13.9656,1.15,53.9,78.0
8145,-14821.89,126.2495,1.19,54.1,78.1
8146,-14831.15,32.7329,1.19,46.1,78.1
8147,-14840.77,46.7931,1.17,52.2,78.2
8148,-14826.34,48.0555,1.17,52.8,78.1
8149,-14848.77,76.2654,1.16,37.4,77.1
8150,-14856.46,37.2911,1.16,53.1,77.1
8151,-15002.18,1667.0167,1.17,53.4,77.1
8152,-14988.58,1088.1165,1.16,52.5,77.2
8153,-15011.75,1112.2613,1.18,53.6,77.2
8154,-15007.46,608.2107,1.17,52.6,77.1
8155,-15062.73,649.3841,1.17,52.7,77.2
8156,-14986.13,377.5329,1.18,53.1,77.2
8157,-14995.77,394.9125,1.17,53.1,77.2
8158,-14995.77,298.8535,1.23,52.9,77.1
8159,-15010.73,147.1874,1.17,53.1,77.1
8160,-15015.21,81.8219,1.17,52.6,77.2
8161,-15015.21,44.9142,1.15,53.2,77.3
8162,-14996.01,124.3734,1.16,53.5,77.3
8163,-15040.6,205.8526,1.18,52.6,77.3
8164,-15065.58,192.7338,1.16,53.2,77.3
8165,-15007.46,243.8789,1.17,52.6,77.3
8166,-15007.9,180.5647,1.19,52.7,77.2
8167,-14997.51,97.4559,1.18,53.5,77.3
8168,-15029.88,165.4209,1.17,53.8,77.3
8169,-14991.67,74.2438,1.17,52.9,77.3
8170,-14976.51,135.3126,1.18,53.9,77.3
8171,-15006.69,259.743,1.16,51.9,77.3
8172,-15017.11,278.301,1.15,52.9,77.3
8173,-15012.63,152.7421,1.19,53.4,77.4
8174,-15012.6,116.0367,1.17,51.1,77.4
8175,-14999.42,44.5197,1.16,53.5,77.3
8176,-14991.55,50.857,1.2,52.6,77.4
8177,-14987.34,53.8701,1.16,52.3,77.4
8178,-14991.67,24.4708,1.19,53.1,77.4
8179,-14982.2,58.0195,1.17,52.9,77.4
8180,-14969.86,40.817,1.18,53.2,77.4
8181,-15084.07,736.7681,1.16,53.5,77.4
8182,-14996.52,143.7897,1.17,52.2,77.5
8183,-14993.42,58.0429,1.18,52.9,77.4
8184,-14975.59,13.6752,1.16,53.5,77.5
8185,-14975.71,42.1816,1.18,52.3,77.5
8186,-14981.11,26.5134,1.15,51.9,77.5
8187,-15080.74,396.8314,1.17,53.6,77.4
8188,-15005.83,186.0254,1.19,52.9,77.5
8189,-14978.19,186.4321,1.16,52.7,77.5
8190,-14982.31,298.0821,1.17,53.8,77.5
8191,-14938.14,101.2078,1.19,52.8,77.6
8192,-14958.56,80.8015,1.16,53.0,77.4
8193,-14958.56,43.6749,1.16,52.1,77.5
8194,-14928.83,81.1965,1.18,53.4,77.5
8195,-14971.97,110.8192,1.18,52.8,77.5
8196,-15072.16,920.2382,1.14,53.3,77.5
8197,-14976.94,67.752,1.18,53.6,77.5
8198,-14943.79,132.2268,1.19,49.8,77.5
8199,-14996.32,180.8457,1.16,53.4,77.6
8200,-14973.57,45.2642,1.16,53.8,77.6
8201,-14973.57,28.9408,1.21,47.5,77.6
8202,-14949.48,36.5174,1.17,53.2,77.7
8203,-14951.33,90.357,1.18,53.6,77.7
8204,-14941.78,39.707,1.21,49.8,77.7
8205,-14960.99,31.2025,1.2,47.6,77.6
8206,-14967.53,50.0541,1.18,52.9,77.6
8207,-14964.7,86.684,1.21,50.4,77.6
8208,-14957.84,128.3191,1.21,42.3,77.6
8209,-14920.35,230.5351,1.15,53.1,77.6
8210,-14941.64,85.5219,1.2,53.7,77.6
8211,-14936.54,219.7024,1.2,39.3,77.6
8212,-14982.08,187.7486,1.13,52.5,77.6
8213,-14958.55,71.6453,1.19,53.4,77.7
8214,-14920.35,62.4672,1.22,37.0,77.7
8215,-14963.03,153.8479,1.14,52.4,77.7
8216,-14960.99,142.0751,1.18,53.1,77.7
8217,-14952.0,49.7867,1.22,44.0,77.6
8218,-14986.08,137.1181,1.15,49.8,77.5
8219,-14923.36,41.2017,1.19,52.4,77.6
8220,-14924.69,27.4849,1.22,43.1,77.7
8221,-14926.85,15.0493,1.19,48.4,77.6
8222,-14951.89,45.7232,1.18,53.6,77.6
8223,-14982.99,39.6871,1.2,49.9,77.6
8224,-14948.48,112.0317,1.16,48.5,77.7
8225,-14937.83,121.2225,1.14,52.2,77.7
8226,-14948.77,133.7007,1.2,52.7,77.7
8227,-14938.39,39.1087,1.21,44.7,77.7
8228,-14974.0,109.7518,1.12,52.9,77.7
8229,-14992.04,220.2372,1.2,54.1,77.7
8230,-14918.44,200.696,1.2,43.3,77.6
8231,-14982.16,104.3811,1.17,52.8,77.6
8232,-14922.69,118.233,1.2,53.7,77.7
8233,-14918.44,44.0625,1.2,47.1,77.8
8234,-14938.39,121.6433,1.15,52.5,77.7
8235,-14952.9,117.5239,1.15,53.8,77.7
8236,-14948.77,84.363,1.2,45.7,77.7
8237,-14940.39,68.7474,1.16,52.4,77.7
8238,-14940.39,46.2304,1.17,52.8,77.8
8239,-14923.35,56.1398,1.21,51.6,77.8
8240,-14933.56,56.0684,1.23,46.1,77.8
8241,-14950.76,16.6222,1.13,53.1,77.8
8242,-14936.06,11.7529,1.2,53.3,77.8
8243,-14935.06,54.2894,1.19,47.5,77.9
8244,-14930.78,37.9509,1.14,52.2,77.9
8245,-14930.78,14.0722,1.2,53.1,77.9
8246,-14939.55,18.1509,1.21,46.1,77.8
8247,-14935.06,11.5531,1.17,52.8,77.8
8248,-14960.57,53.2002,1.17,53.1,77.9
8249,-14985.73,373.8766,1.22,49.9,77.9
8250,-15075.33,920.1705,1.19,53.0,77.9
8251,-15075.33,681.8293,1.16,53.2,78.0
8252,-15023.79,140.2271,1.2,52.4,77.9
8253,-14977.09,156.0842,1.2,48.0,77.9
8254,-14985.85,146.9356,1.13,52.8,77.9
8255,-14987.68,79.8776,1.2,52.4,77.9
8256,-15055.33,457.0281,1.2,52.3,78.0
8257,-14973.74,251.1083,1.15,53.7,78.0
8258,-14997.06,863.4853,1.17,53.1,77.9
8259,-15037.57,550.5659,1.2,52.8,78.0
8260,-14985.85,31.5677,1.16,52.6,78.1
8261,-14996.88,22.2512,1.19,53.1,78.0
8262,-14975.25,47.5919,1.2,49.8,78.1
8263,-14987.42,45.9295,1.19,53.0,78.1
8264,-15017.47,150.3938,1.17,53.0,78.1
8265,-14945.34,220.786,1.22,52.5,78.1
8266,-14970.7,92.7586,1.2,53.0,78.1
8267,-14961.58,39.2067,1.15,52.5,78.2
8268,-14972.17,75.6323,1.2,52.8,78.2
8269,-14950.19,74.6668,1.19,53.4,78.2
8270,-14947.1,36.8907,1.15,53.0,78.0
8271,-14951.89,65.6155,1.18,53.4,78.1
8272,-14918.44,67.9704,1.2,52.3,78.1
8273,-14931.75,73.1433,1.17,53.0,78.1
8274,-14943.79,61.2099,1.18,54.0,78.2
8275,-14920.41,55.1116,1.2,52.8,78.2
8276,-14993.7,206.4518,1.18,52.7,78.1
8277,-14970.7,55.6577,1.17,53.4,78.2
8278,-14991.54,136.8053,1.22,53.3,78.2
8279,-14943.99,102.9179,1.2,48.7,78.2
8280,-14911.04,110.9744,1.16,52.5,78.2
8281,-14925.03,214.179,1.21,53.2,78.3
8282,-14907.83,70.1957,1.2,49.9,78.3
8283,-14899.44,70.2249,1.15,53.7,78.3
8284,-14905.64,24.6791,1.18,53.0,78.3
8285,-14943.38,102.4716,1.19,52.3,78.4
8286,-14905.04,41.0033,1.15,52.5,78.4
8287,-14916.28,22.1633,1.19,53.7,78.4
8288,-14926.35,59.0667,1.19,49.5,78.3
8289,-14925.79,18.6746,1.19,52.7,78.3
8290,-14921.52,34.8628,1.17,53.3,78.3
8291,-14933.76,99.8201,1.2,53.0,78.4
8292,-14941.6,169.6653,1.24,51.3,78.5
8293,-14938.7,76.9153,1.15,52.3,78.5
8294,-14990.15,127.7946,1.2,52.8,78.4
8295,-14919.48,164.9506,1.19,50.8,78.4
8296,-14926.35,81.8276,1.15,52.6,78.4
8297,-14912.14,36.6501,1.2,53.0,78.4
8298,-14905.64,30.3673,1.22,51.4,78.5
8299,-14926.35,43.3359,1.18,53.5,78.5
8300,-14892.69,59.2555,1.17,53.0,78.5
8301,-14887.02,35.7506,1.2,52.0,78.5
8302,-14899.44,45.3098,1.17,53.1,78.6
8303,-14905.64,38.2768,1.16,53.6,78.6
8304,-14910.08,17.5498,1.2,52.8,78.6
8305,-14924.98,29.078,1.21,59.3,78.9
8306,-14912.26,45.3077,1.16,55.5,78.8
8307,-14911.83,51.2344,1.22,54.8,78.8
8308,-14936.99,48.3247,1.19,52.1,78.8
8309,-14925.19,165.0678,1.14,53.5,78.8
8310,-14913.11,75.2103,1.19,52.8,78.9
8311,-14890.93,50.2864,1.19,51.4,78.8
8312,-14899.44,28.0127,1.33,52.1,79.3
8313,-14909.42,35.2386,1.18,52.1,79.2
8314,-14895.37,14.2582,1.21,50.0,79.2
8315,-14902.16,17.7516,1.16,52.3,79.2
8316,-14895.29,7.6702,1.17,53.1,79.2
8317,-14820.7,1219.6632,1.21,52.6,79.2
8318,-14790.7,1230.3063,1.18,49.7,78.9
8319,-14815.87,1147.6474,1.15,53.4,78.9
8320,-14825.12,1066.4401,1.21,52.8,79.0
8321,-14809.82,581.1276,1.21,47.2,78.9
8322,-14814.94,262.1881,1.14,52.5,78.8
8323,-14925.31,1536.7548,1.2,53.8,78.9
8324,-14790.7,507.8742,1.2,50.2,78.7
8325,-14912.88,1216.5489,1.17,52.0,78.8
8326,-14930.34,898.1192,1.2,53.5,78.8
8327,-14803.42,736.9966,1.22,50.3,78.8
8328,-14790.7,543.5425,1.17,51.5,78.8
8329,-14928.03,917.4048,1.17,52.6,78.9
8330,-14943.56,1127.5117,1.21,53.3,78.7
8331,-14945.73,708.2877,1.19,51.1,78.6
8332,-14830.35,1047.3362,1.17,53.1,78.7
8333,-14803.33,975.0394,1.21,53.7,78.7
8334,-14812.12,554.7714,1.2,49.9,78.8
8335,-14836.9,605.8471,1.15,53.3,78.8
8336,-14793.79,264.9519,1.17,53.2,78.8
8337,-14922.11,1678.6436,1.21,47.7,78.8
8338,-14916.46,1184.5768,1.17,52.9,78.8
8339,-14936.41,727.2144,1.18,53.1,78.8
8340,-14791.03,1812.4827,1.2,47.9,78.9
8341,-14813.51,1534.0514,1.15,52.1,78.9
8342,-14813.15,794.1208,1.15,52.5,78.9
8343,-14794.96,370.3252,1.2,53.9,78.9
8344,-14799.3,313.5754,1.19,47.2,79.0
8345,-14829.57,491.6146,1.13,53.1,78.9
8346,-14846.51,504.9162,1.21,53.9,78.9
8347,-14823.81,379.9339,1.2,46.0,78.9
8348,-14826.07,279.6183,1.17,52.2,78.8
8349,-14936.76,1289.7769,1.19,53.5,78.8
8350,-14936.76,1165.8364,1.18,47.1,78.9
8351,-14919.28,966.4057,1.15,53.1,78.9
8352,-14811.12,853.4157,1.17,53.2,79.0
8353,-14811.12,736.7366,1.2,46.5,79.0
8354,-14919.28,696.0914,1.16,53.5,78.9
8355,-14811.12,379.643,1.18,52.9,78.8
8356,-14823.81,387.6866,1.23,50.1,78.9
8357,-14823.81,295.5318,1.19,49.6,79.0
8358,-14823.81,168.283,1.15,53.9,79.0
8359,-14822.74,168.6428,1.21,52.8,79.1
8360,-14791.03,151.778,1.18,48.2,78.9
8361,-14796.65,150.5105,1.13,53.0,78.9
8362,-14925.64,1367.6255,1.18,53.2,78.9
8363,-14791.03,208.2265,1.2,49.0,79.0
8364,-14919.28,893.1399,1.16,52.5,78.9
8365,-14939.37,713.389,1.19,52.4,79.0
8366,-14811.12,1072.0441,1.2,49.1,79.0
8367,-14788.21,1210.9507,1.16,52.3,79.0
8368,-14797.06,733.9256,1.15,53.8,79.1
8369,-14925.31,793.2231,1.19,50.5,79.1
8370,-14815.29,293.2713,1.16,52.9,79.1
8371,-14809.11,256.5769,1.15,53.9,79.1
8372,-14797.06,105.7016,1.19,53.0,79.0
8373,-14808.15,87.4707,1.19,48.6,79.1
8374,-14919.28,1362.0862,1.14,53.9,79.1
8375,-14958.42,1219.442,1.2,53.3,79.2
8376,-14826.07,702.2114,1.2,44.6,79.2
8377,-14826.07,728.9505,1.14,52.4,79.1
8378,-14826.07,375.2109,1.17,52.8,79.1
8379,-14829.05,135.0771,1.21,48.4,79.1
8380,-14829.05,76.7831,1.17,52.6,79.1
8381,-14823.81,39.5091,1.19,53.5,79.1
8382,-14829.05,7.8849,1.21,47.5,79.2
8383,-14957.3,1705.7515,1.16,53.1,79.3
8384,-14952.07,1304.698,1.14,53.4,79.2
8385,-14852.73,581.5785,1.2,53.5,79.2
8386,-14829.05,570.0209,1.2,49.1,79.3
8387,-14973.28,1021.0762,1.15,52.5,79.3
8388,-14851.02,243.742,1.2,53.8,79.3
8389,-14841.34,179.6738,1.2,50.5,79.3
8390,-14832.41,48.5262,1.16,52.9,79.2
8391,-14835.64,144.4463,1.18,53.4,79.2
8392,-14817.85,72.0213,1.2,46.5,79.3
8393,-14817.85,40.0662,1.14,52.5,79.3
8394,-14932.07,1712.7094,1.17,54.4,79.3
8395,-14966.56,1430.2637,1.2,49.0,79.4
8396,-14971.37,1291.4257,1.18,51.1,79.3
8397,-14971.37,987.4175,1.17,52.5,79.3
8398,-14942.03,1032.0994,1.22,52.3,79.4
8399,-14964.83,552.1944,1.19,49.7,79.4
8400,-14945.06,188.5392,1.15,52.5,79.4
8401,-14929.79,126.0632,1.21,52.7,79.4
8402,-14805.0,1538.9893,1.2,48.2,79.4
8403,-14936.42,264.9788,1.15,52.6,79.5
8404,-14813.72,1386.5656,1.22,54.1,79.5
8405,-14915.7,384.9755,1.2,48.1,79.6
8406,-14805.0,1257.8662,1.15,52.9,79.5
8407,-14840.03,1249.8848,1.2,53.7,79.5
8408,-14784.29,935.3547,1.21,46.0,79.5
8409,-14784.29,737.8688,1.16,52.1,79.5
8410,-14778.23,655.5865,1.18,53.9,79.5
8411,-14929.6,1236.1014,1.21,45.7,79.5
8412,-14957.23,1239.67,1.17,53.0,79.6
8413,-14936.18,283.9018,1.16,52.9,79.6
8414,-14934.74,239.0311,1.21,51.8,79.5
8415,-14775.37,2850.6348,1.19,49.0,79.6
8416,-14774.96,2483.985,1.14,53.1,79.5
8417,-14780.16,1710.1832,1.2,53.5,79.5
8418,-14772.14,1011.5475,1.21,46.8,79.7
8419,-14841.45,764.9017,1.15,54.1,79.6
8420,-14812.64,295.159,1.2,53.7,79.6
8421,-14855.13,362.544,1.19,46.5,79.6
8422,-14841.44,150.1135,1.14,52.7,79.6
8423,-14971.14,1657.4411,1.18,53.4,79.6
8424,-14841.44,234.0095,1.2,43.4,79.7
8425,-14841.44,126.4242,1.14,52.7,79.6
8426,-14856.54,71.4379,1.17,53.9,79.6
8427,-14801.25,301.6343,1.2,46.6,79.7
8428,-14801.49,183.5286,1.16,52.1,79.7
8429,-14874.75,183.2087,1.18,53.3,79.7
8430,-14774.53,663.6737,1.23,49.2,79.8
8431,-14814.87,276.2071,1.17,52.3,79.9
8432,-14880.89,227.4059,1.13,52.8,79.7
8433,-14880.89,124.1557,1.2,53.6,79.7
8434,-14805.72,383.5369,1.2,48.0,79.7
8435,-14808.79,176.6547,1.12,53.7,79.7
8436,-14857.4,198.8493,1.21,52.6,79.8
8437,-14845.23,83.599,1.2,45.8,79.9
8438,-14869.27,58.2974,1.14,52.7,79.9
8439,-14770.15,587.0011,1.2,53.9,79.9
8440,-14874.75,56.1333,1.2,45.4,80.0
8441,-14845.23,38.2967,1.17,53.1,79.9
8442,-14785.12,230.7262,1.18,53.6,79.9
8443,-14982.67,3525.6376,1.22,45.3,80.0
8444,-14976.65,2835.8046,1.16,52.7,80.0
8445,-14796.27,286.6882,1.19,52.9,80.0
8446,-14805.72,251.657,1.22,51.3,80.0
8447,-14805.72,131.5388,1.18,50.5,80.1
8448,-14845.23,200.4514,1.16,53.4,80.1
8449,-14855.74,196.8168,1.21,53.7,80.1
8450,-14880.89,124.6997,1.21,46.8,80.0
8451,-14995.42,1727.9197,1.12,53.6,80.0
8452,-14762.92,1498.8279,1.2,53.2,80.1
8453,-14758.54,1616.2827,1.2,46.8,80.1
8454,-14800.41,645.5329,1.14,51.9,80.2
8455,-14789.88,377.3864,1.2,52.9,80.2
8456,-14994.28,3714.0815,1.21,46.4,80.2
8457,-15000.69,3555.0158,1.17,52.7,80.1
8458,-14873.83,251.3025,1.17,53.5,80.2
8459,-14856.54,148.3546,1.2,46.9,80.2
8460,-14801.49,361.3211,1.17,52.8,80.3
8461,-14801.58,204.4187,1.17,53.5,80.3
8462,-14762.92,127.2902,1.23,50.6,80.3
8463,-14801.49,311.518,1.22,46.8,80.3
8464,-14801.49,248.4969,1.14,53.3,80.3
8465,-14800.41,86.9296,1.21,52.6,80.2
8466,-14800.41,79.0673,1.19,46.3,80.3
8467,-14801.49,43.9624,1.13,52.9,80.3
8468,-14812.02,36.6814,1.2,53.7,80.3
8469,-14931.13,1523.3398,1.19,48.0,80.3
8470,-14812.86,191.7019,1.15,52.6,80.4
8471,-14802.45,183.2452,1.18,53.5,80.4
8472,-14802.45,67.1383,1.2,45.0,80.5
8473,-14812.41,118.4236,1.17,52.6,80.5
8474,-14802.45,23.0384,1.17,53.3,80.4
8475,-14808.76,15.8822,1.2,51.2,80.3
8476,-14827.88,36.2315,1.17,52.0,80.4
8477,-14817.9,12.9766,1.17,53.5,80.4
8478,-14788.32,154.725,1.21,53.1,80.4
8479,-14812.41,23.2348,1.18,49.1,80.5
8480,-14798.02,40.2829,1.13,52.8,80.4
8481,-14823.88,99.5106,1.21,54.2,80.4
8482,-14826.96,38.9608,1.22,51.8,80.5
8483,-14795.5,98.1911,1.15,52.4,80.5
8484,-14797.21,102.4064,1.2,53.7,80.5
8485,-14789.67,79.881,1.2,48.9,80.6
8486,-14800.36,70.7731,1.16,52.9,80.6
8487,-14798.02,34.4675,1.17,52.6,80.6
8488,-14827.88,74.4233,1.21,50.0,80.6
8489,-14939.5,1763.7444,1.17,51.5,80.6
8490,-14789.67,179.0801,1.18,53.3,80.6
8491,-14779.97,187.5656,1.21,53.1,80.7
8492,-14916.59,1711.67,1.17,48.0,80.6
8493,-14821.17,28.2929,1.16,52.6,80.6
8494,-14808.76,21.2449,1.21,54.1,80.7
8495,-14939.5,2056.2191,1.18,47.7,80.7
8496,-14797.14,99.3434,1.16,52.2,80.7
8497,-14812.86,24.4401,1.21,53.1,80.7
8498,-14801.25,29.246,1.2,49.8,80.7
8499,-14801.49,43.1284,1.16,52.4,80.8
8500,-14812.86,11.8312,1.16,53.7,80.7
8501,-14943.61,1860.1626,1.21,47.8,80.7
8502,-14797.14,132.8581,1.17,52.6,80.7
8503,-14801.49,69.5457,1.17,53.6,80.8
8504,-14798.06,24.0188,1.22,49.7,80.7
8505,-14808.76,28.423,1.18,46.4,80.7
8506,-14763.9,165.6828,1.16,52.7,80.8
8507,-14779.97,79.6498,1.2,52.9,80.8
8508,-14802.07,125.1494,1.18,47.0,80.9
8509,-14735.68,229.0086,1.14,53.5,80.8
8510,-14783.31,137.9192,1.21,53.5,80.8
8511,-14769.12,83.9407,1.19,45.6,80.9
8512,-14753.56,88.134,1.16,52.5,80.9
8513,-14860.3,1678.9219,1.17,53.0,80.9
8514,-14872.3,1449.4762,1.2,48.3,80.9
8515,-14741.76,212.792,1.16,52.6,81.0
8516,-14742.13,160.2376,1.17,52.7,80.9
8517,-14744.06,68.2494,1.22,49.9,80.9
8518,-14742.13,35.3327,1.18,50.5,80.9
8519,-14743.87,12.5843,1.16,53.1,81.0
8520,-14743.87,10.787,1.21,52.7,81.0
8521,-14753.56,29.3255,1.21,47.0,81.0
8522,-14733.78,44.2805,1.13,53.0,80.9
8523,-14774.5,50.1683,1.2,53.3,81.0
8524,-14756.11,34.4881,1.18,48.9,81.1
8525,-14753.56,32.1933,1.14,53.1,81.0
8526,-14893.16,1811.1408,1.2,51.6,81.0
8527,-14891.99,1387.3874,1.18,48.2,81.0
8528,-14690.29,1600.9572,1.13,52.6,81.0
8529,-14724.38,1194.1999,1.17,53.2,81.0
8530,-14747.76,581.2571,1.17,47.1,80.8
8531,-14733.73,125.5548,1.16,41.2,80.4
8532,-14733.73,100.5118,1.14,51.9,80.2
8533,-14759.18,169.8398,1.21,51.8,80.2
8534,-14740.34,44.5114,1.21,37.8,80.1
8535,-14730.25,56.0503,1.12,52.1,80.1
8536,-14730.25,29.1613,1.21,52.7,80.1
8537,-14698.22,94.8484,1.23,36.7,80.2
8538,-14750.01,179.7851,1.14,51.5,80.2
8539,-14732.06,72.7321,1.2,53.3,80.3
8540,-14750.01,70.5593,1.21,38.0,80.2
8541,-14740.34,42.6825,1.15,52.6,80.3
8542,-14732.06,35.536,1.18,52.8,80.2
8543,-14774.26,228.0002,1.21,41.9,80.2
8544,-14742.13,10.0998,1.14,51.8,80.3
8545,-14741.76,24.8172,1.17,53.0,80.2
8546,-14750.01,30.5046,1.22,44.4,80.2
8547,-14736.6,63.22,1.16,48.0,80.2
8548,-14732.06,36.1424,1.18,54.0,80.2
8549,-14756.11,114.625,1.21,48.1,80.3
8550,-14737.21,45.493,1.16,50.1,80.4
8551,-14735.84,35.6951,1.16,53.0,80.3
8552,-14700.03,190.5728,1.21,48.7,80.3
8553,-14751.7,75.076,1.19,46.0,80.4
8554,-14882.45,2053.092,1.13,52.8,80.4
8555,-14715.51,143.1145,1.22,53.3,80.4
8556,-14720.93,97.4701,1.2,44.2,80.3
8557,-14757.01,106.1597,1.13,53.2,80.3
8558,-14745.4,57.8516,1.17,52.7,80.3
8559,-14738.12,23.6397,1.22,48.2,80.4
8560,-14746.35,37.8477,1.17,52.6,80.3
8561,-14751.7,31.1163,1.19,53.5,80.4
8562,-14693.75,163.4946,1.21,45.4,80.4
8563,-14690.45,72.5743,1.18,51.8,80.4
8564,-14701.84,354.7573,1.17,53.7,80.4
8565,-14739.17,369.3788,1.23,51.3,80.4
8566,-14705.59,189.9824,1.2,49.5,80.5
8567,-14737.88,104.7942,1.15,53.5,80.5
8568,-14695.23,73.9629,1.22,53.0,80.5
8569,-14738.19,318.7976,1.21,46.5,80.5
8570,-14748.44,386.4199,1.13,52.1,80.4
8571,-14705.59,55.115,1.19,52.6,80.4
8572,-14746.09,110.2649,1.18,48.1,80.4
8573,-14734.22,55.3465,1.13,52.7,80.5
8574,-14736.96,22.5933,1.18,53.3,80.5
8575,-14707.21,93.1427,1.19,48.9,80.6
8576,-14843.43,2431.4194,1.15,52.1,80.4
8577,-14737.99,111.4579,1.17,54.4,80.5
8578,-14690.45,133.6736,1.22,47.6,80.5
8579,-14710.25,195.6109,1.16,50.9,80.5
8580,-14713.12,120.4749,1.19,52.8,80.6
8581,-14718.81,66.4001,1.21,52.2,80.6
8582,-14723.04,55.9234,1.19,46.9,80.6
8583,-14748.66,389.0722,1.13,52.6,80.6
8584,-14748.44,233.6377,1.21,53.8,80.6
8585,-14758.44,84.8393,1.2,44.0,80.6
8586,-14748.54,98.213,1.13,53.0,80.5
8587,-14759.76,54.1969,1.2,52.9,80.6
8588,-14767.79,39.3244,1.2,47.0,80.6
8589,-14767.79,29.7943,1.13,52.5,80.6
8590,-14759.13,47.8486,1.19,53.3,80.6
8591,-14735.8,38.1617,1.22,44.4,80.7
8592,-14757.37,30.4277,1.16,52.1,80.7
8593,-14757.37,22.7872,1.17,53.5,80.7
8594,-14735.8,23.6229,1.22,44.7,80.7
8595,-14765.23,76.179,1.15,50.0,80.7
8596,-14764.19,45.3594,1.18,53.4,80.7
8597,-14792.2,81.586,1.2,49.1,80.7
8598,-14755.37,54.838,1.16,49.3,80.8
8599,-14762.74,63.8923,1.16,53.5,80.9
8600,-14758.41,39.2276,1.21,52.5,80.8
8601,-14776.69,63.8992,1.22,45.2,80.8
8602,-14780.6,47.6245,1.15,52.4,80.7
8603,-14770.29,92.295,1.21,53.0,80.7
8604,-14770.39,30.8756,1.19,43.7,80.8
8605,-14778.32,99.9909,1.13,53.2,80.8
8606,-14747.83,73.4362,1.18,53.2,80.7
8607,-14758.41,23.4326,1.2,44.1,80.8
8608,-14747.83,31.5021,1.14,53.8,80.8
8609,-14757.45,78.951,1.16,53.4,80.9
8610,-14746.15,20.2747,1.22,44.3,81.0
8611,-14746.07,9.7446,1.14,52.7,80.9
8612,-14764.19,59.677,1.16,54.0,80.8
8613,-14757.73,27.9418,1.2,47.0,80.9
8614,-14755.37,7.3655,1.16,52.8,80.9
8615,-14755.37,3.4801,1.18,52.7,80.9
8616,-14757.73,2.997,1.22,48.7,80.9
8617,-14746.15,27.963,1.18,50.2,80.9
8618,-14759.7,56.8818,1.13,53.0,80.9
8619,-14749.8,21.1734,1.21,52.8,80.8
8620,-14745.47,20.6108,1.22,46.7,80.9
8621,-14772.67,79.7543,1.12,52.9,80.9
8622,-14746.15,20.3814,1.19,52.6,80.9
8623,-14745.47,6.0957,1.21,45.7,81.0
8624,-14755.65,27.8639,1.16,52.7,81.1
8625,-14757.37,30.0107,1.18,54.0,81.1
8626,-14748.54,28.5918,1.22,46.4,81.2
8627,-14759.13,11.6448,1.15,51.7,81.0
8628,-14751.99,49.5144,1.18,53.2,81.1
8629,-14754.3,49.8058,1.18,38.2,80.1
8630,-14744.68,30.789,1.16,52.7,80.1
8631,-14744.68,7.862,1.17,53.6,80.1
8632,-14754.3,46.5786,1.19,52.2,80.1
8633,-14867.21,1581.3118,1.19,52.5,80.2
8634,-14733.4,345.8248,1.16,52.4,80.2
8635,-14857.1,828.7858,1.19,52.8,80.2
8636,-14725.78,640.0418,1.22,52.8,80.2
8637,-14679.98,854.4416,1.18,53.4,80.1
8638,-14725.78,323.3356,1.17,53.4,80.1
8639,-14712.01,149.3547,1.19,52.0,80.2
8640,-14846.35,2562.7756,1.18,52.3,80.2
8641,-14880.98,2459.2458,1.2,53.2,80.3
8642,-14846.35,1639.7484,1.18,53.1,80.2
8643,-14712.01,930.8889,1.18,53.6,80.2
8644,-14689.88,1195.2874,1.21,53.6,80.3
8645,-14712.93,611.9455,1.18,53.1,80.2
8646,-14689.88,229.2747,1.18,53.6,80.3
8647,-14689.88,109.7023,1.17,53.0,80.2
8648,-14679.98,113.3912,1.17,52.8,80.2
8649,-14723.04,231.8639,1.17,52.9,80.2
8650,-14732.21,123.6215,1.18,53.1,80.2
8651,-14689.88,156.3325,1.19,53.3,80.2
8652,-14686.27,150.8991,1.16,51.9,80.3
8653,-14712.93,112.0884,1.17,54.0,80.3
8654,-14725.78,78.34,1.2,52.8,80.2
8655,-14726.69,44.6048,1.16,52.2,80.2
8656,-14732.21,129.4539,1.16,53.1,80.3
8657,-14716.36,43.7185,1.19,52.5,80.3
8658,-14726.3,64.3962,1.16,52.5,80.4
8659,-14712.73,24.2492,1.17,52.6,80.3
8660,-14763.6,134.0079,1.21,52.9,80.2
8661,-14707.52,92.9972,1.19,47.6,80.1
8662,-14730.49,141.6273,1.14,53.4,80.2
8663,-14742.78,72.4077,1.22,53.2,80.2
8664,-14679.98,93.0301,1.21,44.8,80.2
8665,-14693.75,58.9347,1.14,52.2,80.2
8666,-14712.93,84.8319,1.19,53.3,80.1
8667,-14712.93,64.9948,1.22,37.3,80.1
8668,-14679.98,52.8395,1.16,52.5,80.2
8669,-14712.93,120.1299,1.2,53.8,80.2
8670,-14712.01,75.1185,1.21,38.9,80.2
8671,-14712.01,18.7026,1.14,51.5,80.2
8672,-14725.07,57.8038,1.18,53.0,80.1
8673,-14734.9,36.9449,1.19,42.6,80.2
8674,-14738.76,42.5834,1.16,47.7,80.2
8675,-14733.28,49.4656,1.17,53.5,80.2
8676,-14733.38,62.5502,1.21,45.9,80.1
8677,-14737.12,14.2887,1.18,50.0,80.2
8678,-14733.38,25.3278,1.14,53.4,80.0
8679,-14752.98,124.9384,1.22,47.2,80.1
8680,-14737.12,22.5494,1.18,47.1,80.1
8681,-14738.84,16.8507,1.12,51.7,80.1
8682,-14719.52,95.9461,1.22,49.7,80.2
8683,-14742.98,84.7678,1.17,46.0,80.2
8684,-14744.68,77.5162,1.15,53.0,80.1
8685,-14733.38,57.5596,1.19,52.7,80.2
8686,-14733.38,23.2427,1.18,44.3,80.2
8687,-14719.62,18.2846,1.12,53.3,80.2
8688,-14737.03,39.5504,1.19,52.8,80.2
8689,-14723.27,41.9544,1.2,43.4,80.2
8690,-14723.27,21.742,1.14,51.8,80.2
8691,-14723.27,14.7355,1.18,53.1,80.2
8692,-14721.3,6.7412,1.2,44.3,80.2
8693,-14779.84,180.4575,1.14,52.6,80.2
8694,-14737.25,60.8411,1.16,53.1,80.2
8695,-14721.3,64.2299,1.2,48.4,80.3
8696,-14732.79,26.6307,1.17,49.1,80.2
8697,-14776.5,194.475,1.16,52.7,80.2
8698,-14774.84,128.0503,1.21,52.0,80.2
8699,-14719.81,106.2677,1.18,48.0,80.3
8700,-14729.38,52.1337,1.14,53.4,80.3
8701,-14719.62,15.3936,1.19,53.2,80.3
8702,-14729.38,65.0845,1.18,48.3,80.3
8703,-14739.28,48.5221,1.14,52.5,80.3
8704,-14670.55,606.0837,1.2,53.3,80.3
8705,-14680.45,468.9433,1.19,45.6,80.3
8706,-14733.16,24.6848,1.15,52.4,80.3
8707,-14694.22,265.3966,1.16,53.7,80.3
8708,-14702.82,64.5049,1.21,45.8,80.3
8709,-14697.96,172.5978,1.15,52.1,80.3
8710,-14724.65,63.085,1.19,54.1,80.3
8711,-14699.67,149.8611,1.21,51.6,80.4
8712,-14752.61,203.0071,1.17,51.8,80.4
8713,-14714.03,112.3375,1.17,53.7,80.4
8714,-14705.8,95.339,1.21,53.5,80.3
8715,-14703.91,121.4311,1.17,48.0,80.4
8716,-14721.3,140.1374,1.13,53.1,80.4
8717,-14676.68,51.8129,1.21,52.3,80.4
8718,-14739.28,405.3121,1.18,50.9,80.4
8719,-14739.28,354.2638,1.16,51.6,80.4
8720,-14697.16,26.7557,1.15,53.3,80.3
8721,-14690.31,82.9727,1.21,47.5,80.3
8722,-14695.68,17.4391,1.18,52.5,80.4
8723,-14686.57,25.3496,1.17,53.1,80.4
8724,-14676.68,46.5584,1.22,52.0,80.4
8725,-14686.57,32.1291,1.16,52.4,80.4
8726,-14747.51,344.2717,1.16,53.3,80.4
8727,-14686.57,53.3005,1.22,53.3,80.4
8728,-14686.75,42.7783,1.19,52.4,80.5
8729,-14690.31,47.8382,1.13,52.6,80.4
8730,-14686.57,12.8825,1.21,53.1,80.4
8731,-14729.38,226.4102,1.19,51.8,80.5
8732,-14676.86,125.5701,1.14,52.7,80.4
8733,-14729.57,180.8292,1.18,53.1,80.5
8734,-14740.59,170.698,1.2,53.0,80.5
8735,-14739.46,103.9936,1.16,52.8,80.5
8736,-14679.38,405.3468,1.17,53.9,80.6
8737,-14685.97,105.6573,1.21,52.4,80.6
8738,-14695.86,81.5912,1.16,53.2,80.5
8739,-14685.97,33.7541,1.17,52.7,80.5
8740,-14676.86,49.7338,1.2,53.0,80.5
8741,-14685.78,29.5934,1.18,53.4,80.5
8742,-14682.52,14.1381,1.17,53.2,80.6
8743,-14694.0,18.8404,1.19,52.9,80.6
8744,-14682.52,6.7195,1.18,53.1,80.6
8745,-14686.81,5.7979,1.15,52.0,80.6
8746,-14682.52,14.2987,1.19,52.3,80.6
8747,-14716.81,92.897,1.19,53.2,80.6
8748,-14713.63,67.5526,1.17,53.6,80.6
8749,-14699.24,33.3828,1.18,53.3,80.6
8750,-14686.75,41.1524,1.2,52.7,80.6
8751,-14767.17,198.9747,1.17,52.2,80.6
8752,-14742.24,93.8399,1.2,53.4,80.6
8753,-14740.59,57.1021,1.32,52.6,81.2
8754,-14697.27,81.3805,1.17,53.5,81.3
8755,-14677.98,62.155,1.18,53.4,81.3
8756,-14740.59,192.1869,1.2,52.6,81.2
8757,-14740.59,112.561,1.16,53.1,81.2
8758,-14676.86,122.5612,1.19,52.6,81.2
8759,-14682.7,72.768,1.17,52.4,81.2
8760,-14738.97,87.3146,1.18,53.8,81.3
8761,-14740.59,71.3669,1.16,52.8,81.3
8762,-14737.32,22.2706,1.17,53.5,81.2
8763,-14682.52,161.0923,1.19,53.3,81.2
8764,-14692.41,70.9884,1.18,52.7,81.2
8765,-14757.96,131.46,1.17,53.6,81.3
8766,-14713.17,90.3552,1.21,52.3,81.3
8767,-14740.59,68.2845,1.17,52.5,81.4
8768,-14676.86,103.5758,1.16,52.2,81.3
8769,-14682.52,21.3201,1.21,52.5,81.4
8770,-14723.06,129.6871,1.17,53.1,81.4
8771,-14692.59,15.9809,1.17,52.9,81.3
8772,-14682.52,46.9253,1.19,52.5,81.3
8773,-14682.52,19.5059,1.19,53.2,81.4
8774,-14685.78,20.5748,1.17,53.3,81.3
8775,-14695.86,20.8021,1.16,52.8,81.3
8776,-14695.86,12.0938,1.18,53.2,81.4
8777,-14682.52,22.1696,1.15,52.0,81.5
8778,-14682.7,12.1767,1.17,53.5,81.5
8779,-14716.54,95.3185,1.19,52.7,81.4
8780,-14704.06,111.5532,1.17,52.1,81.4
8781,-14703.88,76.8573,1.18,53.6,81.4
8782,-14713.17,54.0925,1.21,52.6,81.4
8783,-14709.9,19.8689,1.17,53.2,81.5
8784,-14707.86,35.8137,1.18,52.8,81.5
8785,-14795.89,432.6575,1.2,53.0,81.5
8786,-14822.48,278.2184,1.18,52.6,81.5
8787,-14804.86,176.148,1.16,44.5,81.2
8788,-14765.19,154.5419,1.14,52.1,81.2
8789,-14783.14,103.6961,1.21,50.4,81.2
8790,-14818.36,181.3105,1.17,51.4,81.1
8791,-14803.22,95.6236,1.17,52.8,81.2
8792,-14808.94,64.567,1.21,53.6,81.1
8793,-14764.07,45.937,1.18,50.5,81.1
8794,-14777.5,79.9029,1.15,52.0,81.1
8795,-14774.56,73.8367,1.21,53.1,81.2
8796,-14777.5,31.8321,1.2,50.6,81.2
8797,-14733.34,310.8971,1.16,52.8,81.1
8798,-14731.14,118.4927,1.18,52.5,81.1
8799,-14725.84,90.5285,1.2,50.3,81.0
8800,-14725.84,57.6894,1.15,53.0,81.0
8801,-14725.65,49.8294,1.2,52.8,81.1
8802,-14721.85,17.6621,1.21,50.4,81.1
8803,-14721.85,9.9679,1.16,52.9,81.1
8804,-14722.04,4.9636,1.18,52.2,81.1
8805,-14721.85,4.6304,1.22,53.4,81.1
8806,-14722.04,2.348,1.18,47.6,81.1
8807,-14777.31,226.1681,1.18,52.8,81.1
8808,-14731.75,100.329,1.21,53.2,81.2
8809,-14751.36,68.5554,1.2,49.3,81.3
8810,-14761.0,66.7145,1.14,53.0,81.2
8811,-14761.0,37.6701,1.14,53.6,81.1
8812,-14708.96,233.6703,1.2,52.6,81.1
8813,-14753.75,40.0482,1.19,45.7,80.9
8814,-14725.65,92.044,1.17,53.4,80.9
8815,-14742.02,35.4441,1.18,53.4,80.9
8816,-14742.21,20.708,1.21,50.2,81.0
8817,-14787.39,265.5557,1.18,52.6,80.9
8818,-14724.23,91.7256,1.17,52.9,81.0
8819,-14703.88,91.2661,1.2,50.9,81.1
8820,-14722.19,117.9276,1.18,50.4,81.1
8821,-14730.96,69.9277,1.16,53.6,81.0
8822,-14742.21,61.8661,1.23,51.2,81.1
8823,-14703.88,168.4733,1.2,47.9,81.0
8824,-14713.17,68.952,1.12,53.4,81.0
8825,-14704.06,25.4752,1.21,53.0,81.0
8826,-14704.06,40.8664,1.21,48.8,81.0
8827,-14759.52,284.1767,1.15,52.9,81.0
8828,-14707.68,86.1191,1.2,53.1,81.1
8829,-14713.17,63.2901,1.2,49.3,81.1
8830,-14716.81,11.998,1.15,52.7,81.0
8831,-14713.17,36.1963,1.18,53.4,81.1
8832,-14728.03,80.2371,1.19,48.4,81.1
8833,-14727.84,46.685,1.17,52.6,81.1
8834,-14719.79,85.3575,1.17,53.2,81.2
8835,-14730.96,21.9107,1.2,51.4,81.1
8836,-14723.49,49.4395,1.19,50.1,81.1
8837,-14722.88,7.9407,1.16,52.8,81.1
8838,-14727.84,13.2886,1.22,52.7,81.1
8839,-14729.55,9.2567,1.18,50.5,81.1
8840,-14700.45,81.7915,1.15,52.4,81.1
8841,-14682.52,81.5868,1.21,51.7,81.1
8842,-14696.71,47.6434,1.19,49.2,81.1
8843,-14696.71,30.7737,1.15,52.2,81.2
8844,-14682.52,72.4251,1.21,53.3,81.2
8845,-14682.7,41.855,1.2,48.6,81.2
8846,-14718.32,238.6461,1.15,52.7,81.3
8847,-14686.81,28.4817,1.18,53.4,81.1
8848,-14687.0,25.3226,1.21,51.5,81.1
8849,-14688.33,37.417,1.16,53.0,81.2
8850,-14699.63,28.3109,1.18,53.6,81.2
8851,-14685.97,11.4649,1.21,51.4,81.3
8852,-14685.97,9.673,1.16,53.2,81.4
8853,-14685.97,5.4508,1.17,53.3,81.3
8854,-14682.7,3.7127,1.21,53.6,81.3
8855,-14698.39,23.2235,1.19,51.7,81.4
8856,-14720.65,108.001,1.15,53.2,81.3
8857,-14720.65,69.168,1.21,52.8,81.3
8858,-14729.65,29.5091,1.19,48.6,81.4
8859,-14728.0,37.9748,1.13,52.7,81.4
8860,-14728.0,11.97,1.19,53.0,81.4
8861,-14746.01,74.4868,1.21,48.9,81.3
8862,-14724.81,41.5148,1.17,52.1,81.4
8863,-14738.68,40.2817,1.19,53.3,81.4
8864,-14738.68,33.1015,1.2,50.2,81.4
8865,-14716.81,141.423,1.15,52.0,81.3
8866,-14688.33,42.863,1.16,52.4,81.4
8867,-14689.45,15.2743,1.21,49.0,81.5
8868,-14738.68,106.9939,1.18,48.7,81.5
8869,-14690.68,70.768,1.16,53.9,81.5
8870,-14724.81,74.3451,1.2,53.0,81.5
8871,-14729.65,56.1478,1.18,50.0,81.5
8872,-14748.5,85.001,1.12,52.5,81.4
8873,-14682.52,92.3945,1.21,53.5,81.5
8874,-14686.81,88.7664,1.19,45.0,81.6
8875,-14696.71,61.3656,1.13,53.3,81.6
8876,-14696.71,35.2668,1.22,53.6,81.6
8877,-14686.81,44.4374,1.21,46.2,81.5
8878,-14686.81,28.865,1.17,54.0,81.5
8879,-14708.42,100.2076,1.19,53.5,81.6
8880,-14686.18,36.582,1.2,49.6,81.7
8881,-14710.64,33.6711,1.15,52.6,81.6
8882,-14687.0,35.5021,1.18,53.5,81.7
8883,-14687.0,27.2319,1.22,48.4,81.7
8884,-14682.52,34.6899,1.21,46.7,81.7
8885,-14693.81,17.2837,1.14,53.5,81.7
8886,-14682.52,15.1536,1.21,53.3,81.7
8887,-14707.3,110.5323,1.21,47.0,81.8
8888,-14709.0,52.5233,1.14,53.2,81.8
8889,-14707.3,38.8901,1.2,53.2,81.8
8890,-14709.0,17.9926,1.19,46.6,81.7
8891,-14707.3,19.6758,1.15,52.0,81.7
8892,-14728.6,50.6055,1.19,53.1,81.8
8893,-14709.0,87.497,1.2,44.3,81.8
8894,-14702.73,61.3951,1.15,52.5,81.8
8895,-14708.32,63.4813,1.17,52.7,81.8
8896,-14705.43,14.5607,1.21,48.1,81.8
8897,-14708.3,18.1339,1.15,51.4,81.9
8898,-14709.03,27.1877,1.16,52.9,81.9
8899,-14704.43,8.2955,1.2,51.3,81.9
8900,-14703.73,14.8081,1.18,46.9,82.0
8901,-14705.59,76.8877,1.13,53.2,81.9
8902,-14861.68,2334.6464,1.19,52.9,81.9
8903,-14914.97,2827.0278,1.19,46.8,81.9
8904,-14902.1,2037.4807,1.13,52.8,82.0
8905,-14898.42,1411.1278,1.21,53.6,82.0
8906,-14902.1,1253.961,1.19,48.4,82.0
8907,-14902.1,949.5719,1.15,52.5,81.9
8908,-14893.92,680.1539,1.17,53.5,81.9
8909,-14765.8,1771.9111,1.2,46.5,81.9
8910,-14902.1,481.1347,1.16,52.5,82.0
8911,-14765.8,1005.4776,1.16,53.7,82.0
8912,-14773.98,770.9014,1.2,49.8,82.1
8913,-14765.8,492.0245,1.16,50.4,82.1
8914,-14773.98,367.6121,1.15,54.1,82.1
8915,-14765.8,253.0595,1.2,53.9,82.1
8916,-14786.35,270.2934,1.19,46.0,82.1
8917,-14914.47,1334.1382,1.15,52.4,82.0
8918,-14925.96,1044.267,1.2,52.8,82.1
8919,-14905.41,725.2814,1.21,49.3,82.1
8920,-14786.35,1267.4397,1.16,52.8,82.1
8921,-14786.35,1049.3358,1.18,53.9,82.1
8922,-14794.53,730.6959,1.22,48.8,82.2
8923,-14794.53,555.8691,1.16,52.2,82.2
8924,-14773.98,373.4818,1.18,53.2,82.3
8925,-14777.22,277.5434,1.22,48.4,82.2
8926,-14769.04,214.3624,1.17,52.5,82.3
8927,-14765.8,137.1009,1.17,53.7,82.3
8928,-14720.76,146.1243,1.21,53.3,82.3
8929,-14863.22,2600.9434,1.2,50.4,82.3
8930,-14868.81,2258.551,1.13,53.8,82.3
8931,-14868.81,1633.7297,1.2,53.8,82.3
8932,-14877.93,1068.0042,1.21,45.8,82.4
8933,-14879.07,738.5001,1.15,52.6,82.3
8934,-14894.79,521.1461,1.18,53.5,82.4
8935,-14894.79,414.252,1.21,49.9,82.6
8936,-14888.18,348.0133,1.17,52.8,82.6
8937,-14894.42,296.425,1.18,53.2,82.6
8938,-14884.05,330.552,1.22,50.6,82.6
8939,-14722.83,1317.7088,1.17,51.0,82.7
8940,-14754.07,789.5025,1.17,53.3,82.6
8941,-14752.41,638.796,1.21,52.5,82.6
8942,-14770.05,530.6188,1.2,49.9,82.7
8943,-14749.5,384.3959,1.13,53.5,82.6
8944,-14734.27,318.3968,1.21,53.5,82.7
8945,-14733.63,280.1561,1.21,50.6,82.7
8946,-14733.55,225.8526,1.15,51.9,82.7
8947,-14892.17,1113.3645,1.19,53.1,82.8
8948,-14910.79,745.2206,1.22,49.0,82.8
8949,-14890.97,859.4073,1.16,52.7,82.7
8950,-14893.92,510.2968,1.18,53.9,82.7
8951,-14765.8,2310.8003,1.22,51.8,82.7
8952,-14914.47,316.3243,1.17,53.4,82.7
8953,-14773.98,1508.1416,1.17,53.0,82.7
8954,-14777.97,1031.8034,1.22,52.5,82.8
8955,-14794.53,824.5718,1.21,51.6,82.8
8956,-14757.42,599.8755,1.15,54.0,82.8
8957,-14764.42,421.6903,1.19,52.9,82.8
8958,-14869.78,1054.6039,1.18,50.5,82.8
8959,-14885.54,818.0273,1.15,52.5,82.8
8960,-14764.03,938.5172,1.18,53.0,82.9
8961,-14765.41,533.4655,1.18,51.6,82.9
8962,-14764.61,575.332,1.16,52.1,82.9
8963,-14773.98,448.2151,1.17,53.1,83.0
8964,-14885.54,2087.6696,1.21,50.8,83.1
8965,-14884.11,2000.4653,1.17,52.8,83.1
8966,-14734.62,177.7503,1.17,52.9,83.0
8967,-14892.15,995.4136,1.21,53.0,83.0
8968,-14758.82,252.0822,1.2,51.0,83.1
8969,-14734.62,174.7199,1.14,53.2,83.1
8970,-14892.15,1235.7836,1.21,53.1,83.1
8971,-14892.15,1142.668,1.19,50.4,83.1
8972,-14764.03,469.193,1.15,52.2,83.1
8973,-14764.14,413.2334,1.18,53.3,83.1
8974,-14893.92,1310.0715,1.2,52.6,83.1
8975,-14765.8,198.0659,1.16,53.2,83.1
8976,-14902.95,3998.6229,1.18,53.4,83.1
8977,-14774.27,328.197,1.22,52.1,83.2
8978,-14774.27,222.2549,1.16,52.7,83.3
8979,-14729.05,368.8411,1.16,53.9,83.2
8980,-14774.27,127.6905,1.2,53.6,83.3
8981,-14704.88,392.2336,1.21,48.7,83.2
8982,-14704.88,279.2692,1.16,53.3,83.1
8983,-14693.99,161.3548,1.22,53.0,83.2
8984,-14686.66,445.0579,1.2,48.5,83.2
8985,-14686.66,251.8227,1.13,53.1,83.1
8986,-14704.94,202.1767,1.19,53.4,83.2
8987,-14697.69,141.7859,1.21,46.4,83.3
8988,-14697.69,100.0061,1.15,52.7,83.2
8989,-14697.69,65.7514,1.19,53.4,83.3
8990,-14771.13,291.0177,1.22,48.5,83.4
8991,-14725.43,58.4652,1.15,51.9,83.2
8992,-14709.03,38.7228,1.17,53.4,83.3
8993,-14709.03,44.4129,1.2,49.8,83.3
8994,-14697.69,96.8928,1.17,49.0,83.4
8995,-14728.94,37.0076,1.16,52.8,83.4
8996,-14717.98,17.3509,1.2,53.8,83.5
8997,-14702.23,47.5364,1.2,44.3,83.2
8998,-14725.43,154.9256,1.13,53.9,83.2
8999,-14702.23,46.0433,1.19,53.7,83.2
9000,-14727.5,62.0781,1.19,44.8,83.2
9001,-14727.5,21.3179,1.12,53.3,83.2
9002,-14716.58,47.8303,1.19,53.4,83.3
9003,-14717.98,20.6391,1.21,46.4,83.3
9004,-14727.5,26.74,1.15,52.1,82.8
9005,-14727.5,16.0029,1.18,50.2,79.3
9006,-14691.46,68.0248,1.17,42.5,76.2
9007,-14692.5,73.2838,1.16,53.3,75.0
9008,-14706.27,64.6071,1.19,49.4,75.2
9009,-14705.24,31.6791,1.18,38.3,75.3
9010,-14705.24,22.1226,1.16,51.8,75.5
9011,-14715.97,17.4581,1.17,51.7,75.8
9012,-14714.92,9.4965,1.17,41.0,75.9
9013,-14725.48,43.5434,1.15,52.4,72.4
9014,-14725.48,15.9465,1.15,51.9,72.4
9015,-14728.27,5.8647,1.17,42.5,72.0
9016,-14725.48,4.6097,1.15,47.8,71.8
9017,-14761.33,90.1888,1.13,52.3,71.7
9018,-14762.77,37.4702,1.16,44.1,71.2
9019,-14725.48,151.6837,1.15,44.5,70.8
9020,-14726.92,80.7314,1.13,52.3,70.8
9021,-14696.45,111.6771,1.16,45.2,70.3
9022,-14696.45,48.3904,1.15,41.4,69.9
9023,-14713.58,33.0537,1.14,52.4,69.9
9024,-14715.97,30.2053,1.16,48.6,69.9
9025,-14714.92,17.0595,1.15,39.5,69.9
9026,-14713.58,11.8032,1.14,50.9,69.9
9027,-14725.48,31.3366,1.16,50.9,69.9
9028,-14725.48,14.8752,1.17,38.8,69.9
9029,-14697.49,106.0744,1.12,48.6,69.9
9030,-14697.49,72.3795,1.15,52.4,69.9
9031,-14697.49,45.7563,1.15,38.7,69.9
9032,-14728.3,181.4472,1.1,48.3,69.9
9033,-14719.34,53.8185,1.13,51.9,69.8
9034,-14699.04,158.8184,1.17,41.3,69.9
9035,-14717.62,84.4398,1.15,43.1,69.9
9036,-14719.34,37.1253,1.13,52.5,69.9
9037,-14731.88,31.6444,1.17,42.4,70.0
9038,-14700.53,27.9669,1.17,42.2,70.0
9039,-14726.82,23.7118,1.15,52.5,69.9
9040,-14698.98,72.2239,1.15,51.1,70.0
9041,-14678.5,84.2159,1.18,35.1,70.0
9042,-14728.27,63.8771,1.14,52.0,70.0
9043,-14713.81,53.9444,1.16,52.1,70.1
9044,-14726.82,26.9173,1.16,37.4,70.1
9045,-14682.96,154.3683,1.13,44.8,70.0
9046,-14686.7,113.7516,1.15,52.1,70.0
9047,-14685.1,32.6381,1.17,40.4,70.0
9048,-14699.04,46.016,1.14,47.2,70.0
9049,-14701.43,36.568,1.12,33.4,70.9
9050,-14700.53,20.7579,1.16,34.3,74.1
9051,-14713.81,28.5441,1.14,32.1,76.3
9052,-14696.45,109.6089,1.15,32.5,78.4
9053,-14713.81,21.5807,1.13,33.1,80.6
9054,-14696.45,50.1865,1.13,32.6,82.9
9055,-14725.48,47.5362,1.15,32.6,85.4
9056,-14715.29,51.5589,1.15,33.1,87.6
9057,-14713.81,24.0948,1.13,33.2,88.2
9058,-14725.48,24.0447,1.15,36.5,85.0
9059,-14678.5,84.3288,1.11,37.3,83.0
9060,-14725.48,38.7274,1.13,35.4,80.7
9061,-14709.01,26.2081,1.14,36.7,78.2
9062,-14678.5,65.2469,1.15,34.9,75.4
9063,-14707.84,47.2253,1.12,33.4,72.4
9064,-14725.48,19.1354,1.14,35.6,69.2
9065,-14707.53,24.2929,1.16,37.1,65.6
9066,-14707.53,11.9097,1.14,36.2,62.0
9067,-14725.48,19.2426,1.13,35.7,57.8
9068,-14685.1,109.1489,1.15,35.3,54.3
9069,-14685.1,67.874,1.14,33.6,47.1
9070,-14725.68,69.0695,1.11,35.0,45.8
9071,-14709.33,82.8459,1.14,34.0,45.9
9072,-14712.3,25.9276,1.11,33.3,45.9
9073,-14687.02,79.8059,1.13,31.3,45.9
9074,-14695.62,52.8576,1.16,33.3,45.9
9075,-14707.84,44.6225,1.13,32.0,45.9
9076,-14711.59,54.2145,1.13,32.3,45.9
9077,-14703.57,57.772,1.14,33.2,45.6
9078,-14713.3,32.3251,1.16,33.2,45.6
9079,-14717.76,11.732,1.15,31.4,45.6
9080,-14684.28,90.8256,1.13,31.7,45.3
9081,-14688.74,71.0732,1.1,31.7,45.2
9082,-14713.3,43.6513,1.11,32.9,45.2
9083,-14730.1,42.8274,1.12,31.8,45.2
9084,-14651.93,261.3474,1.13,31.9,45.2
9085,-14666.76,168.7952,1.12,31.7,45.2
9086,-14666.76,118.8857,1.13,32.5,45.2
9087,-14672.85,82.066,1.11,30.4,45.1
9088,-14695.79,85.6035,1.11,31.0,45.1
9089,-14680.95,91.0406,1.13,31.4,45.1
9090,-14688.74,213.0874,1.14,31.6,45.2
9091,-14688.74,82.7063,1.11,32.1,45.2
9092,-14688.74,35.9246,1.12,31.8,45.2
9093,-14717.76,110.2612,1.13,31.4,45.1
9094,-14682.85,198.3151,1.13,34.9,45.2
9095,-14680.95,153.8024,1.13,32.5,45.2
9096,-14701.88,171.8049,1.12,32.4,45.2
9097,-14667.34,95.845,1.12,31.4,45.3
9098,-14679.34,74.4387,1.13,32.9,45.3
9099,-14693.41,69.2643,1.14,30.7,45.3
9100,-14695.5,38.5661,1.12,32.3,45.3
9101,-14666.76,84.569,1.12,31.7,45.3
9102,-14728.13,220.7941,1.14,32.9,45.3
9103,-14704.62,67.2332,1.13,33.8,45.3
9104,-14715.95,86.9406,1.11,32.5,45.3
9105,-14688.53,84.1961,1.11,30.0,45.2
9106,-14716.94,283.972,1.13,31.6,45.2
9107,-14728.11,69.2348,1.12,31.8,45.2
9108,-14695.02,184.133,1.12,31.7,45.2
9109,-14673.25,159.0095,1.13,31.1,45.1
9110,-14688.74,87.444,1.11,33.6,45.2
9111,-14666.76,61.6963,1.12,30.2,45.1
9112,-14666.76,20.1783,1.12,31.9,45.1
9113,-14680.95,109.2218,1.12,32.2,45.1
9114,-14666.76,22.2208,1.12,31.7,45.1
9115,-14651.93,21.4106,1.13,32.3,45.1
9116,-14660.85,49.0292,1.13,32.2,45.2
9117,-14666.76,28.794,1.13,31.3,45.1
9118,-14666.76,18.2544,1.13,33.0,45.1
9119,-14666.76,7.0177,1.12,32.3,45.1
9120,-14689.88,101.1375,1.13,32.8,45.1
9121,-14643.7,117.2973,1.12,31.9,45.1
9122,-14682.15,50.2698,1.12,33.0,45.1
9123,-14660.85,26.9154,1.13,31.6,45.1
9124,-14682.15,37.3382,1.14,31.6,45.1
9125,-14666.94,8.474,1.13,31.6,45.1
9126,-14672.42,169.5629,1.11,31.6,45.1
9127,-14643.4,60.1982,1.11,32.9,45.1
9128,-14649.88,34.4841,1.12,32.4,45.1
9129,-14649.88,18.4878,1.11,31.1,45.0
9130,-14664.57,30.7564,1.13,32.1,45.1
9131,-14650.59,52.4928,1.13,32.4,45.0
9132,-14644.98,30.7622,1.11,32.6,45.0
9133,-14650.59,35.2341,1.16,32.0,45.1
9134,-14649.88,13.5406,1.13,32.3,45.1
9135,-14649.88,9.3787,1.12,29.9,45.0
9136,-14649.88,7.7226,1.14,33.5,45.2
9137,-14649.88,5.1073,1.17,32.8,45.2
9138,-14655.9,26.7489,1.12,31.9,45.2
9139,-14649.88,20.5005,1.12,32.4,45.2
9140,-14660.66,49.7253,1.11,31.6,45.2
9141,-14691.47,152.9742,1.11,32.5,45.1
9142,-14655.9,175.2884,1.12,32.4,45.1
9143,-14687.3,99.0501,1.11,32.3,45.2
9144,-14655.9,42.6554,1.12,32.0,45.2
9145,-14685.69,166.1367,1.11,32.2,45.2
9146,-14643.6,45.5333,1.12,31.8,45.2
9147,-14655.9,6.9199,1.12,30.6,45.1
9148,-14674.22,25.0459,1.13,31.6,45.1
9149,-14685.69,59.0314,1.12,32.0,45.1
9150,-14676.75,37.1028,1.12,32.0,45.2
9151,-14655.9,50.8673,1.11,34.9,45.0
9152,-14674.22,32.1168,1.12,32.8,44.8
9153,-14649.88,81.0792,1.1,31.2,44.8
9154,-14637.79,71.891,1.12,32.7,44.8
9155,-14666.94,119.8261,1.1,33.0,44.8
9156,-14673.43,115.2479,1.11,32.5,44.7
9157,-14637.79,48.4615,1.14,32.3,44.8
9158,-14637.79,26.7331,1.13,32.3,44.8
9159,-14644.28,41.1296,1.1,30.3,44.8
9160,-14642.74,10.9564,1.12,30.6,44.8
9161,-14642.74,9.1371,1.11,32.7,44.8
9162,-14642.74,5.7139,1.13,33.0,44.8
9163,-14642.74,4.4779,1.12,32.3,44.8
9164,-14637.79,11.3524,1.14,31.7,44.9
9165,-14637.79,5.5408,1.12,31.2,44.8
9166,-14642.55,36.4911,1.11,32.8,44.8
9167,-14660.66,38.172,1.12,31.1,44.8
9168,-14661.28,64.93,1.11,32.1,44.9
9169,-14673.5,42.1461,1.12,32.8,44.9
9170,-14660.47,40.0403,1.14,32.3,44.9
9171,-14660.66,11.1101,1.11,30.1,44.9
9172,-14655.9,10.6937,1.13,32.2,44.9
9173,-14643.6,34.1907,1.12,32.2,44.9
9174,-14676.75,93.4982,1.13,31.5,44.9
9175,-14660.47,28.7428,1.12,31.3,44.9
9176,-14660.47,18.6512,1.13,32.5,45.0
9177,-14691.02,172.4383,1.13,32.0,44.9
9178,-14660.21,14.0508,1.14,31.6,44.9
9179,-14660.47,17.9735,1.14,33.7,44.9
9180,-14660.47,8.2539,1.14,32.7,44.9
9181,-14660.47,5.9327,1.13,32.7,45.0
9182,-14673.43,71.6928,1.12,32.2,45.0
9183,-14679.34,60.1393,1.13,32.4,45.0
9184,-14666.76,30.6995,1.12,32.3,45.0
9185,-14695.79,91.9174,1.12,31.3,45.0
9186,-14695.79,64.3227,1.13,33.1,45.0
9187,-14701.88,39.9853,1.13,31.8,45.0
9188,-14673.43,71.9202,1.14,32.2,45.1
9189,-14650.19,106.1914,1.11,31.3,45.0
9190,-14649.74,88.4406,1.11,33.6,45.1
9191,-14674.13,97.6286,1.13,31.8,45.1
9192,-14673.43,41.5543,1.12,32.6,45.1
9193,-14650.19,97.6095,1.13,32.1,45.1
9194,-14649.23,23.09,1.13,31.5,45.2
9195,-14644.28,21.2548,1.13,30.4,45.1
9196,-14644.28,10.2556,1.13,32.1,45.2
9197,-14644.28,7.3475,1.14,30.6,45.1
9198,-14644.28,2.1731,1.12,30.9,45.1
9199,-14637.79,8.632,1.14,31.2,45.1
9200,-14666.82,84.1654,1.23,32.8,45.7
9201,-14657.38,37.5989,1.12,30.3,45.4
9202,-14657.38,23.6247,1.14,32.7,45.4
9203,-14637.79,32.8166,1.15,31.7,45.4
9204,-14637.79,29.2585,1.13,30.8,45.4
9205,-14637.79,9.8726,1.12,31.1,45.4
9206,-14695.97,140.5583,1.12,32.1,45.4
9207,-14666.94,92.0999,1.13,30.0,45.3
9208,-14649.23,14.0825,1.11,31.7,45.3
9209,-14673.43,57.903,1.13,31.0,45.4
9210,-14644.28,21.4863,1.13,30.7,45.4
9211,-14644.28,13.329,1.12,31.3,45.4
9212,-14644.28,5.9297,1.12,32.4,45.5
9213,-14644.28,4.9247,1.14,30.2,45.4
9214,-14673.43,84.5923,1.13,31.5,45.4
9215,-14649.23,35.3676,1.12,31.0,45.4
9216,-14649.88,26.277,1.15,30.7,45.4
9217,-14644.28,17.7278,1.14,31.2,45.4
9218,-14663.87,21.656,1.13,31.8,45.5
9219,-14644.28,67.7806,1.15,30.8,45.4
9220,-14673.43,54.2448,1.13,30.8,45.4
9221,-14644.28,18.9742,1.14,31.5,45.4
9222,-14673.43,60.0212,1.14,31.0,45.5
9223,-14644.28,20.3067,1.11,32.3,45.5
9224,-14644.28,9.0882,1.13,31.3,45.5
9225,-14644.28,4.7686,1.13,30.9,45.5
9226,-14663.87,35.62,1.12,31.7,45.5
9227,-14663.87,16.5427,1.14,32.7,45.4
9228,-14663.87,7.1278,1.13,32.1,45.4
9229,-14643.4,39.9951,1.15,31.0,45.4
9230,-14657.38,16.3394,1.13,31.3,45.5
9231,-14657.38,11.1579,1.14,30.1,45.4
9232,-14701.88,98.4495,1.12,32.7,45.4
9233,-14700.16,45.9531,1.12,31.8,45.4
9234,-14656.69,66.3194,1.15,31.4,45.4
9235,-14679.34,112.7099,1.15,31.4,45.4
9236,-14674.13,93.3283,1.13,31.7,45.5
9237,-14672.8,86.8233,1.12,29.9,45.4
9238,-14672.8,63.7323,1.14,31.0,45.4
9239,-14678.89,35.9069,1.13,32.0,45.4
9240,-14658.41,15.8324,1.12,31.0,45.4
9241,-14651.93,11.8869,1.12,32.1,45.5
9242,-14695.79,124.6651,1.14,31.3,45.5
9243,-14694.07,76.562,1.14,31.3,45.4
9244,-14666.76,62.7957,1.11,32.4,45.5
9245,-14650.21,47.488,1.12,32.5,45.5
9246,-14665.04,69.4648,1.12,31.0,45.5
9247,-14645.75,12.1488,1.12,31.3,45.5
9248,-14658.73,40.5981,1.16,31.9,45.5
9249,-14656.65,39.0705,1.13,30.7,45.5
9250,-14665.04,28.3445,1.13,32.0,45.5
9251,-14640.86,110.0772,1.13,31.9,45.5
9252,-14650.21,19.5892,1.13,31.2,45.5
9253,-14675.49,90.4088,1.13,31.8,45.6
9254,-14690.33,61.7386,1.12,31.1,45.6
9255,-14645.31,134.1251,1.14,29.8,45.5
9256,-14652.95,51.6075,1.15,31.4,45.5
9257,-14652.95,27.3291,1.13,31.4,45.5
9258,-14671.53,54.3859,1.13,30.2,45.6
9259,-14656.69,23.3281,1.12,31.3,45.6
9260,-14671.53,9.0798,1.15,31.8,45.6
9261,-14683.76,73.635,1.15,31.7,45.5
9262,-14651.93,136.3221,1.12,32.9,45.5
9263,-14677.39,78.3962,1.13,32.5,45.5
9264,-14664.22,83.2532,1.14,32.1,45.5
9265,-14666.3,98.0193,1.13,31.6,45.5
9266,-14688.16,158.1421,1.15,31.6,45.5
9267,-14645.75,76.6059,1.14,30.2,45.5
9268,-14665.04,27.0883,1.12,30.5,45.5
9269,-14715.84,152.4721,1.14,30.9,45.5
9270,-14680.95,72.2713,1.13,31.6,45.6
9271,-14645.75,99.7888,1.14,31.5,45.6
9272,-14644.3,54.514,1.13,33.4,45.6
9273,-14651.93,17.3047,1.12,30.9,45.5
9274,-14671.05,61.1778,1.16,32.0,45.5
9275,-14671.05,38.3436,1.1,32.4,45.5
9276,-14648.5,26.7503,1.13,32.3,45.6
9277,-14652.23,19.3349,1.13,30.7,45.6
9278,-14649.98,18.5838,1.13,31.9,45.5
9279,-14648.5,6.3306,1.14,30.8,45.5
9280,-14648.5,2.6212,1.13,32.4,45.5
9281,-14648.5,2.7452,1.13,31.1,45.5
9282,-14652.95,5.3172,1.13,31.5,45.5
9283,-14640.86,32.0073,1.13,32.4,45.5
9284,-14641.48,23.5214,1.11,31.4,45.5
9285,-14671.67,98.7907,1.12,30.0,45.5
9286,-14645.31,9.1195,1.15,31.6,45.5
9287,-14671.67,49.0075,1.12,30.9,45.5
9288,-14637.04,50.2185,1.13,30.8,45.5
9289,-14644.68,19.2098,1.14,30.6,45.6
9290,-14649.12,12.4848,1.14,32.7,45.6
9291,-14646.15,17.33,1.13,28.7,45.5
9292,-14678.07,111.2485,1.12,31.3,45.5
9293,-14637.04,8.726,1.14,30.9,45.6
9294,-14637.04,4.1513,1.12,31.4,45.6
9295,-14671.05,92.5795,1.13,31.3,45.6
9296,-14645.31,44.6409,1.13,32.1,45.6
9297,-14652.95,12.8892,1.17,30.1,45.5
9298,-14641.48,22.7648,1.11,31.3,45.6
9299,-14663.96,58.656,1.16,30.6,45.6
9300,-14656.32,26.8677,1.13,31.9,45.6
9301,-14702.3,154.001,1.12,30.9,45.6
9302,-14697.93,167.9162,1.13,32.4,45.6
9303,-14734.92,170.9411,1.15,30.0,45.5
9304,-14668.9,200.7681,1.13,30.9,45.5
9305,-14720.23,73.427,1.12,32.3,45.5
9306,-14679.76,86.7218,1.14,32.0,45.5
9307,-14679.76,41.7682,1.13,31.8,45.6
9308,-14679.76,23.5466,1.13,31.9,45.6
9309,-14679.76,14.6057,1.14,30.5,45.5
9310,-14679.76,8.3149,1.12,31.2,45.5
9311,-14673.28,15.938,1.14,32.4,45.5
9312,-14679.76,13.9163,1.15,31.3,45.6
9313,-14673.28,7.855,1.12,30.2,45.6
9314,-14673.28,3.4653,1.12,31.0,45.6
9315,-14671.79,3.5096,1.16,29.6,45.5
9316,-14700.82,75.798,1.15,30.2,45.6
9317,-14673.28,26.9349,1.15,31.7,45.6
9318,-14678.27,7.4542,1.14,30.9,45.6
9319,-14668.9,29.4454,1.13,32.6,45.6
9320,-14679.76,23.2812,1.16,31.8,45.6
9321,-14665.75,12.655,1.14,30.6,45.6
9322,-14673.28,5.9276,1.14,33.0,45.6
9323,-14673.28,2.5868,1.13,31.0,45.6
9324,-14700.74,83.2997,1.13,32.2,45.6
9325,-14728.15,114.2419,1.14,31.4,45.6
9326,-14724.48,83.2514,1.15,32.2,45.7
9327,-14682.77,137.8198,1.13,31.2,45.6
9328,-14668.9,191.4815,1.16,31.6,45.6
9329,-14728.14,501.6562,1.13,31.0,45.6
9330,-14712.82,76.2379,1.13,33.0,45.6
9331,-14713.97,57.7487,1.14,31.3,45.6
9332,-14706.56,62.0728,1.12,30.9,45.6
9333,-14788.97,392.9332,1.13,30.7,45.6
9334,-14707.46,35.8615,1.14,32.4,45.6
9335,-14735.82,81.7984,1.13,30.9,45.6
9336,-14735.82,46.3177,1.16,32.9,45.6
9337,-14735.82,29.6032,1.15,32.6,45.6
9338,-14707.46,53.0172,1.13,31.7,45.7
9339,-14706.56,66.6212,1.12,29.6,45.6
9340,-14760.62,374.0215,1.14,31.7,45.6
9341,-14760.62,271.1919,1.12,32.4,45.6
9342,-14743.22,194.7595,1.14,31.9,45.6
9343,-14700.82,128.8767,1.12,31.6,45.7
9344,-14705.32,74.3489,1.16,33.5,45.7
9345,-14721.66,336.1118,1.13,29.5,45.6
9346,-14706.56,46.9682,1.12,31.2,45.7
9347,-14678.2,61.3324,1.13,31.8,45.7
9348,-14665.75,48.6932,1.16,33.5,45.7
9349,-14671.7,38.8788,1.14,32.2,45.7
9350,-14673.28,24.0276,1.12,31.2,45.7
9351,-14676.29,20.0638,1.13,31.9,45.7
9352,-14716.82,157.8203,1.14,31.2,45.6
9353,-14671.79,24.3458,1.14,33.7,45.6
9354,-14682.73,21.3266,1.14,31.2,45.7
9355,-14682.73,7.7489,1.13,31.2,45.7
9356,-14678.27,6.2824,1.15,32.2,45.7
9357,-14689.76,43.1204,1.13,29.1,45.6
9358,-14680.46,23.8818,1.12,32.4,45.7
9359,-14679.76,13.247,1.16,31.5,45.7
9360,-14678.27,14.1916,1.13,31.4,45.7
9361,-14678.99,7.1632,1.12,30.6,45.7
9362,-14678.27,5.5779,1.16,31.1,45.7
9363,-14694.64,53.9853,1.13,29.0,45.7
9364,-14678.27,6.1212,1.12,30.4,45.7
9365,-14678.27,3.5232,1.13,32.9,45.7
9366,-14682.73,6.2817,1.13,31.6,45.7
9367,-14678.27,12.2042,1.12,32.6,45.7
9368,-14678.27,8.9024,1.13,30.9,45.7
9369,-14682.73,6.4249,1.14,30.8,45.6
9370,-14678.27,13.1551,1.13,30.8,45.7
9371,-14678.27,4.6052,1.13,32.6,45.7
9372,-14678.27,1.5798,1.14,32.3,45.8
9373,-14678.27,0.9574,1.13,30.3,45.9
9374,-14680.46,6.0153,1.13,31.1,45.8
9375,-14645.37,91.7602,1.14,30.6,45.7
9376,-14650.69,51.4543,1.13,31.7,45.7
9377,-14646.86,28.7107,1.13,30.4,45.7
9378,-14645.37,16.4659,1.14,32.6,45.7
9379,-14645.37,11.548,1.15,30.7,45.7
9380,-14645.37,6.8332,1.14,34.1,45.7
9381,-14646.86,3.5965,1.12,30.0,45.7
9382,-14639.34,7.2598,1.13,31.0,45.7
9383,-14646.86,7.2312,1.13,31.9,45.7
9384,-14649.03,16.7095,1.13,30.5,45.7
9385,-14649.45,11.5939,1.11,32.3,45.8
9386,-14698.98,247.663,1.13,31.6,45.8
9387,-14641.5,20.3011,1.12,30.3,45.7
9388,-14652.85,16.6971,1.13,31.4,45.7
9389,-14652.85,9.0734,1.13,31.6,45.7
9390,-14649.03,13.2948,1.14,32.1,45.7
9391,-14698.98,240.2392,1.16,32.0,45.8
9392,-14698.98,195.6499,1.14,32.2,45.8
9393,-14646.22,193.3759,1.13,30.9,45.7
9394,-14641.92,65.3396,1.13,31.9,45.7
9395,-14646.22,71.9311,1.13,32.5,45.8
9396,-14641.92,37.7753,1.13,30.9,45.8
9397,-14649.45,11.6677,1.13,31.2,45.8
9398,-14649.45,10.8091,1.14,31.4,45.8
9399,-14645.75,26.5827,1.18,30.5,45.7
9400,-14649.45,5.944,1.12,31.4,45.7
9401,-14646.22,29.1128,1.14,32.0,45.8
9402,-14642.49,26.2833,1.12,32.1,45.8
9403,-14646.86,27.3127,1.13,30.5,45.7
9404,-14649.88,17.8608,1.13,33.4,45.8
9405,-14646.22,21.4275,1.13,29.3,45.7
9406,-14639.34,4.8844,1.15,32.4,45.7
9407,-14646.86,9.5989,1.17,33.1,45.7
9408,-14647.96,14.7213,1.13,30.1,45.7
9409,-14646.86,9.9287,1.14,30.4,45.7
9410,-14650.69,27.1217,1.12,31.3,45.7
9411,-14639.34,21.3426,1.13,29.9,45.7
9412,-14727.34,439.6914,1.13,31.4,45.7
9413,-14694.53,211.9733,1.13,31.9,45.7
9414,-14714.52,127.0499,1.15,31.4,45.7
9415,-14672.23,106.4847,1.13,30.9,45.8
9416,-14672.23,111.2874,1.14,31.9,45.7
9417,-14672.23,88.3603,1.14,30.9,45.7
9418,-14679.76,35.8778,1.15,32.3,45.7
9419,-14672.23,43.9021,1.13,30.5,45.7
9420,-14672.23,34.878,1.13,31.0,45.8
9421,-14706.56,53.6516,1.15,30.2,45.8
9422,-14665.75,96.7673,1.13,31.6,45.8
9423,-14728.14,257.2706,1.13,31.4,45.7
9424,-14728.14,210.016,1.11,31.5,45.7
9425,-14672.23,172.3345,1.13,29.9,45.7
9426,-14788.97,211.7135,1.13,31.7,45.8
9427,-14720.86,215.0259,1.13,31.4,45.8
9428,-14735.82,208.291,1.13,31.4,45.8
9429,-14706.56,72.2745,1.14,29.2,45.7
9430,-14672.23,50.5078,1.16,31.0,45.7
9431,-14679.76,23.5596,1.13,31.6,45.7
9432,-14728.14,211.4519,1.14,31.1,45.8
9433,-14672.23,127.0369,1.14,30.6,45.8
9434,-14696.13,104.2265,1.13,30.9,45.8
9435,-14679.76,18.9715,1.14,30.1,45.7
9436,-14679.76,13.444,1.15,31.0,45.8
9437,-14679.76,10.0688,1.14,31.9,45.8
9438,-14646.15,62.9141,1.18,32.5,45.8
9439,-14646.15,40.537,1.13,31.2,45.8
9440,-14646.15,21.8871,1.14,32.3,45.8
9441,-14646.15,13.8461,1.16,29.7,45.8
9442,-14646.86,16.1277,1.15,32.1,45.8
9443,-14641.78,42.4699,1.12,30.7,45.8
9444,-14670.61,55.8601,1.13,31.2,45.8
9445,-14675.38,130.8622,1.13,32.5,45.8
9446,-14696.13,56.2019,1.15,34.4,45.8
9447,-14734.92,71.4935,1.14,31.5,45.8
9448,-14706.56,71.7329,1.11,33.0,45.8
9449,-14760.62,301.8376,1.14,31.4,45.8
9450,-14706.56,42.4851,1.13,30.8,45.8
9451,-14713.97,23.7703,1.14,31.1,45.8
9452,-14724.23,66.5646,1.13,31.5,45.8
9453,-14694.64,28.2913,1.13,30.9,45.7
9454,-14706.56,27.8911,1.16,32.8,45.8
9455,-14696.13,14.6348,1.13,33.8,45.8
9456,-14694.64,8.3363,1.12,31.9,45.8
9457,-14724.48,68.8089,1.14,31.4,45.8
9458,-14726.01,60.402,1.13,31.9,45.9
9459,-14697.65,41.319,1.15,29.4,45.8
9460,-14693.96,88.0728,1.17,31.0,45.8
9461,-14696.75,32.9237,1.15,32.5,45.8
9462,-14707.46,38.6695,1.18,31.5,45.9
9463,-14714.91,72.6042,1.13,32.0,45.8
9464,-14704.15,24.5084,1.16,32.2,45.9
9465,-14665.68,99.5721,1.12,31.1,45.8
9466,-14686.56,39.6008,1.13,32.3,45.8
9467,-14697.65,50.9486,1.14,31.9,45.9
9468,-14686.56,22.0603,1.14,31.3,45.9
9469,-14697.65,19.1667,1.16,32.3,45.9
9470,-14726.01,69.1588,1.14,32.9,45.9
9471,-14686.56,101.8492,1.13,29.8,45.8
9472,-14686.56,76.4767,1.15,32.5,45.8
9473,-14714.91,87.3254,1.13,31.3,45.9
9474,-14726.01,67.4746,1.14,30.4,45.9
9475,-14686.56,84.8108,1.11,30.7,45.9
9476,-14686.56,61.6723,1.12,31.6,45.9
9477,-14686.56,25.1705,1.15,30.2,45.9
9478,-14686.56,14.0601,1.13,31.8,45.8
9479,-14686.56,6.5203,1.13,31.5,45.8
9480,-14686.56,4.9595,1.13,32.3,45.8
9481,-14768.97,434.2116,1.14,31.9,45.9
9482,-14751.27,119.7163,1.13,30.8,45.9
9483,-14799.93,218.57,1.14,30.1,45.8
9484,-14804.04,115.4404,1.16,31.2,45.8
9485,-14729.04,340.5415,1.13,30.9,45.8
9486,-14729.04,206.146,1.14,32.5,45.9
9487,-14727.61,193.2029,1.13,32.1,45.9
9488,-14693.96,163.5007,1.12,31.0,45.9
9489,-14693.96,91.9683,1.12,29.4,45.9
9490,-14727.61,77.3752,1.13,30.7,45.9
9491,-14698.79,59.5289,1.12,30.7,45.9
9492,-14698.79,35.423,1.16,31.6,45.9
9493,-14698.79,22.7675,1.12,31.4,45.9
9494,-14692.53,15.156,1.14,30.7,45.9
9495,-14698.79,11.5956,1.12,29.3,45.9
9496,-14677.94,30.1637,1.13,30.6,45.9
9497,-14692.78,38.4202,1.15,32.0,45.9
9498,-14720.44,127.1897,1.13,32.0,45.9
9499,-14677.94,127.5286,1.13,32.4,46.0
9500,-14709.73,73.7006,1.16,32.6,46.0
9501,-14682.61,54.177,1.12,30.6,45.9
9502,-14677.94,49.3502,1.12,31.6,45.9
9503,-14674.97,27.6614,1.12,30.3,45.9
9504,-14673.5,17.3558,1.13,30.9,45.9
9505,-14709.73,113.7686,1.14,31.2,45.9
9506,-14693.96,34.6168,1.12,31.3,45.9
9507,-14693.96,21.1605,1.12,30.6,45.9
9508,-14674.97,9.4016,1.14,32.8,45.9
9509,-14711.48,250.3063,1.14,30.1,45.9
9510,-14661.88,165.071,1.14,32.5,45.9
9511,-14628.28,272.2323,1.13,31.5,46.0
9512,-14628.28,160.7223,1.13,30.9,46.0
9513,-14650.48,174.9339,1.13,30.3,45.9
9514,-14649.87,103.5494,1.12,32.4,46.0
9515,-14649.87,58.0194,1.14,32.3,46.0
9516,-14628.28,99.1196,1.16,31.3,46.0
9517,-14628.28,39.6542,1.12,30.9,46.0
9518,-14649.87,108.7938,1.15,31.8,46.0
9519,-14655.07,117.4946,1.13,30.3,46.0
9520,-14627.86,81.3599,1.13,31.9,46.0
9521,-14628.28,81.9882,1.14,31.4,46.0
9522,-14627.86,27.0351,1.13,32.1,46.0
9523,-14628.28,12.949,1.13,31.8,46.0
9524,-14628.28,7.5799,1.15,33.1,46.1
9525,-14655.07,140.5654,1.13,30.1,46.0
9526,-14628.28,17.0269,1.14,31.8,46.0
9527,-14628.28,8.4428,1.14,31.6,46.0
9528,-14642.75,69.9526,1.14,30.6,46.0
9529,-14628.28,17.4044,1.13,32.4,46.0
9530,-14659.57,86.7468,1.12,32.9,46.1
9531,-14628.28,26.8542,1.13,31.3,46.0
9532,-14628.28,13.7318,1.14,31.5,46.0
9533,-14627.86,20.6077,1.14,32.3,46.0
9534,-14628.28,9.7796,1.15,30.9,46.1
9535,-14633.46,22.8652,1.11,31.4,46.1
9536,-14627.86,6.6825,1.13,30.5,46.1
9537,-14628.28,6.9399,1.13,30.2,46.1
9538,-14649.87,68.8418,1.12,31.7,46.1
9539,-14628.28,53.6351,1.12,30.8,46.1
9540,-14628.28,33.1019,1.14,30.7,46.1
9541,-14649.87,78.6971,1.14,32.6,46.1
9542,-14628.28,7.9249,1.14,32.9,46.1
9543,-14628.28,2.9154,1.13,30.5,46.1
9544,-14627.86,7.1653,1.14,32.0,46.1
9545,-14630.7,31.4291,1.13,32.2,46.1
9546,-14628.28,7.9985,1.13,30.7,46.1
9547,-14628.28,7.577,1.16,31.5,46.1
9548,-14650.71,69.6125,1.14,31.3,46.1
9549,-14628.28,11.2725,1.13,29.6,46.1
9550,-14628.28,8.752,1.11,22.5,45.9
9551,-14649.87,55.1731,1.15,34.1,45.9
9552,-14628.28,45.7429,1.14,30.6,45.9
9553,-14659.57,77.3973,1.15,32.4,45.9
9554,-14686.66,118.389,1.14,31.8,45.9
9555,-14628.28,94.0593,1.14,31.6,45.9
9556,-14628.28,63.9918,1.16,29.7,45.9
9557,-14627.57,35.7115,1.12,32.6,45.9
9558,-14627.57,7.8956,1.13,31.1,45.9
9559,-14628.28,11.8589,1.14,31.6,45.9
9560,-14627.57,3.658,1.13,31.8,46.0
9561,-14649.87,63.2523,1.16,29.3,45.9
9562,-14649.87,45.5068,1.15,31.5,45.9
9563,-14725.41,152.1963,1.14,30.4,46.0
9564,-14692.46,113.4205,1.13,30.5,46.0
9565,-14701.26,105.9791,1.13,31.3,46.0
9566,-14661.17,73.4021,1.15,33.0,46.0
9567,-14692.46,92.7541,1.14,30.7,46.0
9568,-14692.46,45.6377,1.12,32.9,46.0
9569,-14720.76,81.6832,1.13,32.0,46.0
9570,-14749.11,122.9694,1.16,31.9,46.0
9571,-14749.11,56.887,1.15,32.2,46.0
9572,-14719.15,80.3961,1.14,30.6,46.1
9573,-14720.76,66.9068,1.14,30.8,46.0
9574,-14701.26,104.9471,1.12,31.0,46.0
9575,-14747.5,46.309,1.14,32.1,46.0
9576,-14685.98,170.7233,1.12,33.5,46.0
9577,-14720.76,44.0516,1.13,33.3,46.0
9578,-14701.26,43.1735,1.14,31.2,46.0
9579,-14701.26,27.6424,1.12,30.4,46.0
9580,-14692.46,23.9826,1.12,30.8,46.0
9581,-14685.98,21.4387,1.13,31.5,46.0
9582,-14692.46,27.8828,1.15,31.6,46.0
9583,-14747.5,182.8813,1.11,31.1,46.1
9584,-14692.46,79.2348,1.12,31.2,46.1
9585,-14719.15,67.4221,1.15,30.7,46.1
9586,-14692.46,20.2572,1.12,31.2,46.0
9587,-14652.37,93.0806,1.13,30.8,46.1
9588,-14652.37,50.3749,1.13,31.6,46.1
9589,-14652.37,34.4104,1.13,31.9,46.1
9590,-14621.08,95.8965,1.12,32.1,46.1
9591,-14652.37,25.5381,1.16,30.8,46.1
9592,-14627.57,68.6846,1.13,31.9,46.1
9593,-14627.57,42.9279,1.14,31.6,46.1
9594,-14678.25,142.7307,1.14,30.8,46.1
9595,-14689.46,148.3462,1.12,32.1,46.2
9596,-14649.16,86.7065,1.13,30.3,46.2
9597,-14649.16,52.7942,1.13,30.8,46.1
9598,-14658.43,47.2295,1.14,32.4,46.2
9599,-14649.16,25.1682,1.13,31.1,46.1
9600,-14621.08,78.9224,1.13,31.0,46.2
9601,-14621.08,33.6753,1.15,32.6,46.2
9602,-14681.4,292.2718,1.13,32.9,46.2
9603,-14621.08,18.8966,1.14,30.9,46.1
9604,-14627.57,19.2029,1.11,31.7,46.1
9605,-14644.44,61.6785,1.14,31.0,46.2
9606,-14627.57,21.1771,1.11,31.0,46.1
9607,-14621.08,36.6842,1.13,31.1,46.2
9608,-14672.8,193.6288,1.14,31.9,46.2
9609,-14650.33,106.2849,1.13,30.5,46.1
9610,-14672.8,141.6492,1.14,32.0,46.2
9611,-14621.08,95.1113,1.13,31.5,46.2
9612,-14692.46,195.2643,1.13,30.9,46.2
9613,-14661.17,75.6121,1.14,32.4,46.2
9614,-14658.86,84.2445,1.13,32.4,46.3
9615,-14689.02,127.8013,1.13,31.0,46.2
9616,-14689.02,95.1711,1.13,31.3,46.2
9617,-14685.98,68.5532,1.15,32.3,46.2
9618,-14683.72,141.4603,1.12,31.3,46.3
9619,-14689.02,72.7371,1.13,31.9,46.3
9620,-14689.02,58.0989,1.14,31.2,46.3
9621,-14689.02,47.2539,1.11,29.0,46.2
9622,-14685.98,27.9871,1.15,30.9,46.3
9623,-14643.28,83.7194,1.13,30.7,46.3
9624,-14676.21,218.4768,1.15,32.5,46.3
9625,-14636.57,157.8095,1.14,31.2,46.3
9626,-14643.05,83.6695,1.13,31.0,46.3
9627,-14658.08,73.1144,1.13,31.3,46.2
9628,-14683.32,109.9433,1.12,31.0,46.2
9629,-14686.41,994.364,1.12,30.9,46.3
9630,-14690.82,564.7782,1.13,31.3,46.3
9631,-14686.41,234.0637,1.11,32.3,46.3
9632,-14686.41,97.8837,1.16,32.6,46.3
9633,-14664.27,239.0012,1.14,31.2,46.3
9634,-14664.27,223.494,1.13,31.9,46.3
9635,-14685.7,157.7435,1.14,31.4,46.3
9636,-14685.7,93.2344,1.13,31.4,46.4
9637,-14685.7,72.3913,1.13,31.6,46.4
9638,-14685.7,38.8782,1.12,31.5,46.4
9639,-14685.7,31.81,1.13,31.2,46.4
9640,-14685.7,13.6841,1.15,32.7,46.4
9641,-14685.7,4.8645,1.12,32.0,46.4
9642,-14664.27,94.6954,1.12,32.3,46.4
9643,-14664.27,50.0197,1.12,32.6,46.4
9644,-14664.27,18.9838,1.13,31.2,46.5
9645,-14664.97,8.9685,1.13,30.0,46.4
9646,-14664.97,7.0568,1.16,31.4,46.4
9647,-14664.97,3.348,1.14,30.7,46.5
9648,-14683.32,21.5008,1.13,31.1,46.5
9649,-14683.32,6.5367,1.13,32.2,46.5
9650,-14664.27,52.3356,1.15,32.4,46.5
9651,-14682.62,11.3469,1.13,32.3,46.5
9652,-14674.24,15.612,1.13,33.4,46.5
9653,-14674.24,8.5096,1.12,33.2,46.5
9654,-14674.24,3.23,1.14,31.8,46.5
9655,-14674.95,5.5811,1.16,32.4,46.5
9656,-14674.24,9.2401,1.2,35.3,46.5
9657,-14674.24,4.9057,1.12,29.8,46.5
9658,-14695.68,82.541,1.12,31.4,46.5
9659,-14695.68,43.384,1.12,30.3,46.5
9660,-14695.68,28.618,1.11,30.6,46.5
9661,-14666.04,70.9509,1.13,31.7,46.5
9662,-14666.04,38.2049,1.13,31.4,46.6
9663,-14667.76,37.3668,1.17,31.4,46.5
9664,-14691.61,61.2766,1.14,32.7,46.5
9665,-14678.9,83.6252,1.12,31.8,46.6
9666,-14662.3,78.3504,1.13,31.7,46.5
9667,-14715.17,151.6167,1.13,31.5,46.6
9668,-14663.78,35.5025,1.12,32.7,46.6
9669,-14681.98,83.0286,1.15,30.1,46.6
9670,-14719.64,93.9808,1.13,30.9,46.6
9671,-14666.76,21.2718,1.15,32.1,46.6
9672,-14668.79,22.6846,1.13,30.3,46.6
9673,-14666.81,17.5274,1.15,31.2,46.7
9674,-14668.79,19.8249,1.13,30.9,46.7
9675,-14666.76,10.8827,1.14,30.8,46.6
9676,-14660.32,14.5201,1.13,31.6,46.6
9677,-14711.02,142.7501,1.14,31.7,46.7
9678,-14685.78,193.7427,1.13,32.1,46.6
9679,-14681.98,18.4968,1.14,30.7,46.6
9680,-14681.98,9.4232,1.14,30.8,46.7
9681,-14689.36,123.8698,1.13,30.4,46.6
9682,-14711.02,43.3997,1.16,31.5,46.6
9683,-14681.98,42.7367,1.13,31.5,46.6
9684,-14688.47,37.9545,1.12,31.0,46.6
9685,-14688.47,21.6652,1.13,31.5,46.6
9686,-14689.4,173.4264,1.16,33.6,46.6
9687,-14663.23,57.2192,1.13,31.1,46.6
9688,-14688.47,133.5418,1.13,30.7,46.6
9689,-14690.36,144.456,1.15,32.9,46.7
9690,-14683.13,84.8646,1.14,32.0,46.7
9691,-14690.36,84.5514,1.11,31.2,46.7
9692,-14656.74,36.7642,1.13,30.9,46.7
9693,-14656.74,26.1528,1.13,30.4,46.7
9694,-14705.05,192.4677,1.15,32.6,46.7
9695,-14642.41,119.6376,1.13,31.9,46.7
9696,-14648.9,67.9341,1.15,33.1,46.8
9697,-14645.04,42.0635,1.12,31.6,46.7
9698,-14648.9,47.5125,1.13,30.3,46.8
9699,-14648.9,14.7086,1.14,30.0,46.7
9700,-14663.23,22.5938,1.14,30.9,46.8
9701,-14689.18,78.8451,1.14,30.7,46.8
9702,-14663.23,85.7208,1.13,31.3,46.8
9703,-14688.47,21.6606,1.13,32.1,46.8
9704,-14663.94,58.1572,1.12,32.1,46.7
9705,-14663.94,40.8511,1.13,30.6,46.7
9706,-14663.23,12.1726,1.12,33.0,46.8
9707,-14663.23,9.2231,1.13,31.5,46.8
9708,-14663.94,6.3616,1.12,31.3,46.8
9709,-14648.9,36.3382,1.14,30.5,46.8
9710,-14663.23,42.9929,1.13,31.1,46.8
9711,-14663.94,30.5758,1.15,30.4,46.8
9712,-14663.94,14.4276,1.15,30.8,46.8
9713,-14663.94,8.5445,1.14,31.1,46.8
9714,-14663.94,3.4882,1.13,30.4,46.8
9715,-14653.35,48.1707,1.14,29.6,46.9
9716,-14663.23,12.1726,1.11,31.6,46.9
9717,-14648.9,9.6342,1.13,30.7,46.9
9718,-14648.9,4.4035,1.13,31.2,46.9
9719,-14648.9,2.5974,1.12,30.9,46.9
9720,-14657.44,4.3253,1.13,29.7,46.9
9721,-14696.38,266.5843,1.12,31.7,46.9
9722,-14698.09,159.0702,1.12,31.0,47.0
9723,-14698.79,93.1782,1.11,29.6,46.9
9724,-14673.55,182.3498,1.12,30.9,46.9
9725,-14673.55,85.5644,1.12,32.2,47.0
9726,-14673.55,56.7921,1.13,31.4,47.0
9727,-14672.85,29.2594,1.12,31.9,47.0
9728,-14662.99,63.241,1.14,31.2,47.0
9729,-14654.36,62.3774,1.13,29.1,47.0
9730,-14662.99,41.459,1.12,32.4,46.9
9731,-14677.32,55.5792,1.13,31.7,47.0
9732,-14647.18,145.02,1.12,31.5,47.0
9733,-14648.9,58.9311,1.13,31.3,47.0
9734,-14648.9,14.4861,1.13,31.2,47.0
9735,-14647.18,22.4568,1.14,30.4,47.0
9736,-14642.41,9.0082,1.16,31.5,47.0
9737,-14642.41,3.5158,1.13,29.9,47.0
9738,-14642.41,1.8324,1.17,32.1,47.0
9739,-14672.17,96.6163,1.15,32.4,47.0
9740,-14729.25,242.445,1.15,32.3,47.1
9741,-14729.25,171.9924,1.15,31.5,47.0
9742,-14690.48,92.2723,1.14,31.9,47.0
9743,-14678.65,52.5838,1.12,32.4,47.1
9744,-14645.04,85.3167,1.14,32.2,47.1
9745,-14653.67,28.4253,1.13,31.9,47.1
9746,-14664.71,84.8513,1.14,31.5,47.1
9747,-14648.9,62.9209,1.13,30.5,47.1
9748,-14678.65,106.0168,1.13,30.7,47.1
9749,-14678.65,70.2678,1.14,30.6,47.1
9750,-14664.78,132.9159,1.15,31.5,47.2
9751,-14664.78,86.126,1.12,31.6,47.2
9752,-14687.03,120.9657,1.12,32.1,47.2
9753,-14665.86,50.8188,1.14,29.9,47.1
9754,-14683.85,40.9778,1.13,30.5,47.2
9755,-14665.86,17.4994,1.13,32.0,47.2
9756,-14665.86,7.1915,1.12,33.0,47.1
9757,-14658.3,18.0942,1.16,33.2,47.2
9758,-14663.6,19.9154,1.13,30.0,47.2
9759,-14694.2,128.681,1.13,31.7,47.2
9760,-14665.86,33.8168,1.11,31.1,47.2
9761,-14659.38,23.4414,1.12,31.7,47.2
9762,-14659.38,17.3312,1.13,31.0,47.2
9763,-14681.65,100.7386,1.16,32.7,47.2
9764,-14687.03,38.9928,1.13,31.4,47.2
9765,-14715.11,77.9595,1.13,29.9,47.2
9766,-14746.59,112.7736,1.12,31.5,47.3
9767,-14681.65,222.4978,1.12,30.9,47.2
9768,-14657.12,183.4012,1.11,30.6,47.3
9769,-14658.3,117.8368,1.14,30.4,47.3
9770,-14715.39,222.2457,1.13,31.6,47.3
9771,-14715.11,132.6856,1.15,30.9,47.3
9772,-14658.3,125.557,1.12,31.4,47.3
9773,-14657.12,116.2967,1.13,30.7,47.3
9774,-14658.3,49.3688,1.12,31.1,47.3
9775,-14732.31,331.1234,1.12,30.8,47.3
9776,-14673.24,69.9903,1.13,31.2,47.4
9777,-14665.86,47.0776,1.14,29.9,47.3
9778,-14658.19,42.1432,1.12,30.7,47.4
9779,-14695.29,131.3842,1.15,33.4,47.4
9780,-14746.59,354.7567,1.13,31.3,47.4
9781,-14686.76,59.3089,1.12,31.3,47.4
9782,-14658.19,50.6778,1.13,31.7,47.4
9783,-14739.53,228.8424,1.12,30.4,47.4
9784,-14688.6,145.3779,1.15,31.3,47.4
9785,-14658.19,105.7602,1.12,31.5,47.5
9786,-14659.38,38.608,1.15,32.5,47.5
9787,-14659.38,20.3448,1.15,31.5,47.5
9788,-14723.64,293.3817,1.15,31.8,47.6
9789,-14715.11,214.9043,1.13,29.4,47.5
9790,-14730.16,105.198,1.12,31.9,47.5
9791,-14659.38,212.3396,1.12,31.9,47.5
9792,-14658.3,152.9627,1.12,32.0,47.6
9793,-14657.12,126.4151,1.13,31.9,47.6
9794,-14717.89,330.7001,1.14,30.9,47.6
9795,-14686.76,55.6327,1.13,30.3,47.6
9796,-14664.68,35.867,1.12,30.3,47.6
9797,-14664.68,21.8186,1.13,31.2,47.6
9798,-14683.85,33.2461,1.13,30.9,47.6
9799,-14664.68,26.7667,1.14,30.5,47.6
9800,-14664.68,13.8874,1.12,31.2,47.7
9801,-14658.19,9.4575,1.12,29.8,47.7
9802,-14658.19,3.9842,1.14,32.6,47.8
9803,-14712.12,117.1139,1.13,33.4,47.8
9804,-14658.19,85.7635,1.16,32.3,47.8
9805,-14655.77,105.8998,1.13,33.1,47.7
9806,-14681.65,102.6172,1.11,32.1,47.7
9807,-14664.68,66.9377,1.12,29.2,47.7
9808,-14664.68,25.3984,1.15,32.2,47.7
9809,-14683.85,19.2314,1.14,32.3,47.7
9810,-14682.77,14.7713,1.16,31.9,47.8
9811,-14682.77,7.8989,1.14,30.6,47.8
9812,-14665.86,18.7053,1.13,31.2,47.8
9813,-14662.25,55.8716,1.12,29.9,47.8
9814,-14659.57,16.55,1.14,31.9,47.8
9815,-14683.85,36.5488,1.14,30.8,47.8
9816,-14665.86,29.2671,1.12,31.9,47.8
9817,-14683.85,20.2097,1.13,31.7,47.9
9818,-14659.38,21.3144,1.12,31.5,48.0
9819,-14659.57,31.6542,1.15,30.1,47.9
9820,-14653.09,12.1607,1.13,31.7,48.0
9821,-14662.25,26.8013,1.14,30.7,48.0
9822,-14689.02,107.2324,1.12,31.9,48.0
9823,-14664.68,45.4336,1.13,31.9,48.0
9824,-14658.19,39.1864,1.14,32.2,48.0
9825,-14658.19,17.2724,1.15,30.5,47.9
9826,-14658.19,8.5044,1.16,31.5,47.9
9827,-14664.68,10.1699,1.15,32.4,48.0
9828,-14658.19,5.5899,1.13,31.9,48.0
9829,-14665.86,20.6465,1.13,31.6,48.0
9830,-14659.38,27.4983,1.13,31.8,48.0
9831,-14723.64,132.4541,1.14,31.6,47.8
9832,-14658.19,57.4886,1.15,31.2,47.9
9833,-14681.3,88.6288,1.14,33.1,47.9
9834,-14723.64,191.4226,1.13,31.4,47.9
9835,-14708.75,127.7888,1.14,30.1,47.9
9836,-14677.48,93.4365,1.13,31.2,47.9
9837,-14723.64,50.9271,1.12,30.3,47.9
9838,-14655.77,118.0187,1.13,30.6,47.9
9839,-14671.16,65.603,1.13,32.0,47.9
9840,-14671.16,46.4194,1.14,32.2,47.9
9841,-14659.57,37.0752,1.14,31.3,47.9
9842,-14664.68,16.6961,1.14,31.1,48.0
9843,-14658.19,13.2333,1.13,30.9,47.9
9844,-14655.77,26.9071,1.11,31.3,47.9
9845,-14676.62,183.6455,1.11,31.1,48.0
9846,-14676.62,115.0061,1.12,31.9,48.0
9847,-14659.57,90.6423,1.12,31.5,48.0
9848,-14681.73,30.8516,1.14,31.0,48.0
9849,-14665.99,54.9544,1.13,31.2,48.0
9850,-14671.46,53.1793,1.14,31.8,48.0
9851,-14695.02,102.9828,1.12,32.3,48.0
9852,-14661.17,88.9849,1.12,31.6,48.0
9853,-14670.14,14.6979,1.13,31.3,48.1
9854,-14683.96,51.4303,1.15,32.1,48.1
9855,-14662.25,48.8493,1.13,31.6,48.1
9856,-14687.06,73.6854,1.17,32.7,48.0
9857,-14655.77,28.2736,1.15,31.0,48.0
9858,-14687.57,174.4677,1.14,30.8,48.0
9859,-14653.09,11.2564,1.13,29.8,48.1
9860,-14676.27,41.5233,1.14,31.6,48.1
9861,-14671.16,38.7033,1.13,31.2,48.1
9862,-14664.68,12.1705,1.14,31.1,48.0
9863,-14655.77,13.1154,1.13,31.3,48.1
9864,-14662.25,20.281,1.16,33.9,48.1
9865,-14655.77,16.653,1.13,31.0,48.1
9866,-14658.19,20.1291,1.12,31.6,48.2
9867,-14687.06,65.7974,1.13,30.6,48.1
9868,-14692.95,60.0185,1.13,31.1,48.1
9869,-14658.19,83.4623,1.13,31.6,48.2
9870,-14669.78,47.8496,1.13,30.0,48.2
9871,-14676.27,54.9211,1.15,30.8,48.2
9872,-14678.93,40.7888,1.13,31.8,48.2
9873,-14669.78,51.2547,1.14,30.4,48.2
9874,-14676.27,25.3138,1.15,33.2,48.2
9875,-14705.63,125.7126,1.14,29.9,48.2
9876,-14658.19,79.1485,1.12,31.9,48.2
9877,-14692.95,42.0937,1.13,31.5,48.2
9878,-14713.3,99.2207,1.14,32.5,48.3
9879,-14676.27,53.8295,1.14,30.3,48.2
9880,-14678.93,34.6997,1.11,18.6,47.2
9881,-14681.73,51.2687,1.14,30.9,47.2
9882,-14670.97,29.3225,1.12,30.6,47.2
9883,-14696.77,106.863,1.11,31.2,47.2
9884,-14677.45,16.8269,1.12,31.3,47.2
9885,-14670.97,9.6222,1.13,32.1,47.3
9886,-14670.97,5.9526,1.1,30.6,47.1
9887,-14669.78,8.4024,1.13,31.5,47.1
9888,-14682.91,95.2775,1.14,32.4,47.1
9889,-14695.93,133.763,1.13,30.5,47.2
9890,-14682.07,35.8712,1.12,31.5,47.2
9891,-14682.77,30.8313,1.12,29.2,47.1
9892,-14682.07,10.3737,1.12,31.9,47.1
9893,-14682.91,12.782,1.12,30.4,47.2
9894,-14696.64,102.7071,1.12,31.2,47.2
9895,-14696.64,42.0332,1.15,33.1,47.2
9896,-14659.83,179.8233,1.13,31.7,47.2
9897,-14663.69,115.0517,1.15,30.9,47.1
9898,-14700.5,99.1176,1.12,31.8,47.2
9899,-14696.64,61.0968,1.14,31.7,47.2
9900,-14659.83,106.4137,1.13,31.6,47.2
9901,-14696.23,25.6899,1.16,31.8,47.2
9902,-14700.5,17.4042,1.12,31.8,47.2
9903,-14696.64,4.3052,1.12,29.2,47.2
9904,-14682.77,45.4094,1.13,31.0,47.2
9905,-14682.77,27.1308,1.13,31.0,47.2
9906,-14696.64,35.5625,1.13,30.0,47.2
9907,-14696.64,27.5862,1.13,31.5,47.2
9908,-14696.23,14.4696,1.13,30.3,47.2
9909,-14682.77,49.0989,1.15,30.4,47.2
9910,-14659.83,85.1528,1.13,30.8,47.2
9911,-14659.41,67.7932,1.14,30.7,47.2
9912,-14626.41,477.1657,1.15,32.5,47.2
9913,-14659.41,28.0757,1.12,31.2,47.2
9914,-14663.27,25.9913,1.15,30.6,47.3
9915,-14659.41,28.999,1.15,30.8,47.2
9916,-14640.24,310.4151,1.15,30.7,47.2
9917,-14626.55,210.9098,1.14,32.9,47.3
9918,-14611.25,154.6731,1.13,31.5,47.2
9919,-14604.39,109.8431,1.12,31.0,47.3
9920,-14602.44,161.6779,1.14,31.1,47.3
9921,-14593.19,63.7203,1.13,29.6,47.3
9922,-14593.19,18.8569,1.12,30.3,47.3
9923,-14663.27,395.9114,1.14,32.0,47.3
9924,-14659.9,93.8759,1.13,29.8,47.3
9925,-14616.56,196.5758,1.12,31.2,47.3
9926,-14591.84,220.1044,1.12,31.6,47.3
9927,-14593.19,154.0329,1.11,30.5,47.3
9928,-14593.61,129.0329,1.12,31.8,47.3
9929,-14663.69,216.6508,1.15,30.6,47.3
9930,-14593.19,313.7223,1.12,31.4,47.3
9931,-14593.61,352.6679,1.14,30.9,47.3
9932,-14602.44,141.6497,1.14,31.1,47.4
9933,-14591.84,99.1176,1.13,30.2,47.2
9934,-14589.11,99.7801,1.14,31.2,47.3
9935,-14663.69,370.519,1.13,30.6,47.3
9936,-14591.84,209.2653,1.12,31.2,47.3
9937,-14593.19,177.1341,1.13,31.3,47.3
9938,-14589.11,70.577,1.14,31.1,47.3
9939,-14593.19,86.8483,1.16,30.1,47.3
9940,-14607.87,163.8208,1.15,31.5,47.3
9941,-14663.27,456.7723,1.15,31.3,47.3
9942,-14672.54,226.5411,1.14,30.9,47.3
9943,-14604.39,499.5584,1.13,29.8,47.3
9944,-14604.81,402.4304,1.13,31.0,47.3
9945,-14593.19,186.3149,1.12,29.1,47.3
9946,-14593.75,178.8238,1.14,31.9,47.3
9947,-14589.11,143.497,1.12,31.7,47.3
9948,-14589.11,85.8448,1.13,31.4,47.3
9949,-14592.26,71.2742,1.13,31.7,47.4
9950,-14593.61,32.2873,1.13,31.5,47.4
9951,-14599.9,89.3336,1.13,30.4,47.4
9952,-14599.9,29.5547,1.14,32.5,47.4
9953,-14593.19,81.3803,1.14,30.8,47.4
9954,-14593.61,30.5657,1.11,31.6,47.4
9955,-14604.81,80.8743,1.14,31.5,47.4
9956,-14604.39,44.226,1.14,30.9,47.4
9957,-14604.81,30.7494,1.13,30.6,47.4
9958,-14663.69,238.2337,1.12,30.8,47.4
9959,-14659.83,114.2239,1.14,32.3,47.3
9960,-14659.83,76.3148,1.15,30.6,47.3
9961,-14659.83,60.1721,1.12,31.4,47.4
9962,-14645.97,61.009,1.12,30.7,47.4
9963,-14659.83,41.6817,1.16,30.1,47.3
9964,-14659.83,30.0862,1.13,32.0,47.3
9965,-14682.07,122.539,1.12,31.0,47.4
9966,-14682.07,90.1672,1.14,31.8,47.4
9967,-14680.89,80.3562,1.11,30.9,47.4
9968,-14681.59,57.959,1.13,31.4,47.4
9969,-14672.03,99.8849,1.14,31.5,47.3
9970,-14681.59,73.2404,1.14,31.2,47.3
9971,-14676.49,71.3455,1.13,30.9,47.3
9972,-14681.59,25.11,1.14,30.9,47.4
9973,-14676.49,16.9324,1.14,31.4,47.4
9974,-14676.49,16.5268,1.13,31.3,47.4
9975,-14706.92,102.4069,1.12,30.0,47.3
9976,-14676.49,72.5353,1.13,30.6,47.4
9977,-14676.49,44.2831,1.13,30.8,47.4
9978,-14681.59,50.0781,1.14,32.1,47.4
9979,-14676.49,26.3427,1.13,31.1,47.4
9980,-14681.59,11.4556,1.12,31.7,47.4
9981,-14681.59,5.8154,1.13,29.7,47.3
9982,-14681.59,2.5445,1.12,31.1,47.4
9983,-14675.78,15.9845,1.14,31.3,47.4
9984,-14675.78,8.9411,1.14,31.6,47.4
9985,-14680.89,19.6252,1.14,31.4,47.4
9986,-14680.89,8.2627,1.16,30.3,47.4
9987,-14681.59,5.7759,1.12,30.6,47.3
9988,-14680.89,8.1039,1.12,32.0,47.3
9989,-14682.07,7.8101,1.13,30.3,47.3
9990,-14695.93,54.5162,1.14,32.0,47.4
9991,-14682.07,41.0771,1.13,31.7,47.4
9992,-14681.59,53.6178,1.17,31.4,47.4
9993,-14680.89,31.3605,1.12,29.7,47.4
9994,-14680.89,12.9747,1.16,31.6,47.4
9995,-14682.77,15.76,1.14,31.3,47.4
9996,-14682.07,13.2212,1.12,32.2,47.4
9997,-14682.77,10.1621,1.14,30.9,47.4
9998,-14680.89,17.7166,1.12,31.7,47.4
9999,-14680.89,9.3695,1.14,30.5,47.4
10000,-14676.91,16.962,1.13,32.2,47.4
