<?xml version="1.0" encoding="UTF-8"?>
<osm version="0.6" generator="openstreetmap-cgimap 2.1.0 (1494347 spike-06.openstreetmap.org)" copyright="OpenStreetMap and contributors" attribution="http://www.openstreetmap.org/copyright" license="http://opendatacommons.org/licenses/odbl/1-0/">
 <bounds minlat="19.7787790" minlon="105.7727190" maxlat="19.7859870" maxlon="105.7801650"/>
 <node id="480669433" visible="true" version="2" changeset="166853480" timestamp="2025-05-28T05:55:42Z" user="ZioDragon" uid="13799024" lat="19.7648294" lon="105.7769732"/>
 <node id="480669435" visible="true" version="3" changeset="166853480" timestamp="2025-05-28T05:55:42Z" user="ZioDragon" uid="13799024" lat="19.7700636" lon="105.7760634"/>
 <node id="480669438" visible="true" version="2" changeset="104554289" timestamp="2021-05-12T07:39:14Z" user="ionut_radu" uid="10664319" lat="19.7724448" lon="105.7756891"/>
 <node id="480669440" visible="true" version="3" changeset="166853480" timestamp="2025-05-28T05:55:42Z" user="ZioDragon" uid="13799024" lat="19.7750668" lon="105.7753945"/>
 <node id="1683863378" visible="true" version="3" changeset="166853480" timestamp="2025-05-28T05:55:42Z" user="ZioDragon" uid="13799024" lat="19.7648072" lon="105.7768104"/>
 <node id="1683863381" visible="true" version="4" changeset="166853480" timestamp="2025-05-28T05:55:42Z" user="ZioDragon" uid="13799024" lat="19.7700277" lon="105.7759034"/>
 <node id="1683863384" visible="true" version="4" changeset="166853480" timestamp="2025-05-28T05:55:42Z" user="ZioDragon" uid="13799024" lat="19.7717825" lon="105.7756296"/>
 <node id="1683863388" visible="true" version="4" changeset="166853480" timestamp="2025-05-28T05:55:42Z" user="ZioDragon" uid="13799024" lat="19.7751750" lon="105.7752435"/>
 <node id="1683863413" visible="true" version="4" changeset="117845494" timestamp="2022-02-25T11:26:15Z" user="gojala_n" uid="13528338" lat="19.7820304" lon="105.7745906"/>
 <node id="1683863417" visible="true" version="3" changeset="117845494" timestamp="2022-02-25T11:26:15Z" user="gojala_n" uid="13528338" lat="19.7823726" lon="105.7749767"/>
 <node id="1683863430" visible="true" version="4" changeset="166853480" timestamp="2025-05-28T05:55:42Z" user="ZioDragon" uid="13799024" lat="19.7828172" lon="105.7764261"/>
 <node id="2507179388" visible="true" version="2" changeset="46472647" timestamp="2017-02-28T17:06:30Z" user="katpatuka" uid="17497" lat="19.7773767" lon="105.7716354"/>
 <node id="3525248964" visible="true" version="1" changeset="31248470" timestamp="2015-05-18T09:15:12Z" user="Kyle_White" uid="2143844" lat="19.7825471" lon="105.7778439">
  <tag k="name" v="Muong Thanh Thanh Hoa Hotel"/>
  <tag k="tourism" v="hotel"/>
 </node>
 <node id="4486825289" visible="true" version="4" changeset="175832963" timestamp="2025-12-12T07:36:47Z" user="市川ゆり子" uid="388809" lat="19.7824223" lon="105.7752101">
  <tag k="addr:housenumber" v="52"/>
  <tag k="addr:postcode" v="45000"/>
  <tag k="addr:street" v="QL 45"/>
  <tag k="amenity" v="pharmacy"/>
  <tag k="email" v="minhlongnhathuoc@gmail.com"/>
  <tag k="name" v="nhà thuốc Minh Long"/>
  <tag k="name:en" v="Drugstore Minh Long"/>
  <tag k="name:ja-Kana" v="ドラッグストアミンロン"/>
  <tag k="name:th" v="ร้านขายยามินห์ยาว"/>
  <tag k="name:vi-Hani" v="家藥明隆"/>
  <tag k="name:zh-Hant" v="明隆藥店"/>
  <tag k="opening_hours" v="24/7"/>
  <tag k="operator" v="Phạm Văn Dương"/>
  <tag k="phone" v="84373758768"/>
  <tag k="website" v="https://nhathuocminhlong.wevina.vn/"/>
 </node>
 <node id="4710258798" visible="true" version="2" changeset="91247836" timestamp="2020-09-21T19:59:52Z" user="VLD155" uid="10456863" lat="19.7706214" lon="105.7673518"/>
 <node id="4710258852" visible="true" version="2" changeset="91247836" timestamp="2020-09-21T19:59:52Z" user="VLD155" uid="10456863" lat="19.7731140" lon="105.7684624"/>
 <node id="4710258861" visible="true" version="1" changeset="46472647" timestamp="2017-02-28T17:05:51Z" user="katpatuka" uid="17497" lat="19.7734029" lon="105.7686495"/>
 <node id="4710258868" visible="true" version="1" changeset="46472647" timestamp="2017-02-28T17:05:51Z" user="katpatuka" uid="17497" lat="19.7739755" lon="105.7691391"/>
 <node id="4710258872" visible="true" version="2" changeset="166853480" timestamp="2025-05-28T05:55:42Z" user="ZioDragon" uid="13799024" lat="19.7742148" lon="105.7754401"/>
 <node id="4710258878" visible="true" version="2" changeset="101988287" timestamp="2021-03-30T13:11:52Z" user="rat_lorand_grab" uid="10678755" lat="19.7750099" lon="105.7700265"/>
 <node id="4710258893" visible="true" version="1" changeset="46472647" timestamp="2017-02-28T17:05:51Z" user="katpatuka" uid="17497" lat="19.7799186" lon="105.7732376"/>
 <node id="4710258902" visible="true" version="2" changeset="117845494" timestamp="2022-02-25T11:26:15Z" user="gojala_n" uid="13528338" lat="19.7825408" lon="105.7755289"/>
 <node id="4710258927" visible="true" version="2" changeset="46499535" timestamp="2017-03-01T17:22:04Z" user="katpatuka" uid="17497" lat="19.7914401" lon="105.7553458"/>
 <node id="4712021607" visible="true" version="1" changeset="46499535" timestamp="2017-03-01T17:21:22Z" user="katpatuka" uid="17497" lat="19.7900016" lon="105.7700800"/>
 <node id="4712021609" visible="true" version="1" changeset="46499535" timestamp="2017-03-01T17:21:22Z" user="katpatuka" uid="17497" lat="19.7900542" lon="105.7833272"/>
 <node id="4712021613" visible="true" version="1" changeset="46499535" timestamp="2017-03-01T17:21:22Z" user="katpatuka" uid="17497" lat="19.7902978" lon="105.7702479"/>
 <node id="4712021619" visible="true" version="2" changeset="77546315" timestamp="2019-11-25T23:29:04Z" user="Sal73x" uid="1293386" lat="19.7902403" lon="105.7834796"/>
 <node id="4712021621" visible="true" version="1" changeset="46499535" timestamp="2017-03-01T17:21:22Z" user="katpatuka" uid="17497" lat="19.7909164" lon="105.7703318"/>
 <node id="4712021623" visible="true" version="1" changeset="46499535" timestamp="2017-03-01T17:21:22Z" user="katpatuka" uid="17497" lat="19.7911336" lon="105.7702199"/>
 <node id="4712021626" visible="true" version="1" changeset="46499535" timestamp="2017-03-01T17:21:22Z" user="katpatuka" uid="17497" lat="19.7913113" lon="105.7698422"/>
 <node id="4712021627" visible="true" version="1" changeset="46499535" timestamp="2017-03-01T17:21:22Z" user="katpatuka" uid="17497" lat="19.7913178" lon="105.7673453"/>
 <node id="4712021629" visible="true" version="1" changeset="46499535" timestamp="2017-03-01T17:21:22Z" user="katpatuka" uid="17497" lat="19.7914495" lon="105.7661283"/>
 <node id="4712021630" visible="true" version="1" changeset="46499535" timestamp="2017-03-01T17:21:22Z" user="katpatuka" uid="17497" lat="19.7914824" lon="105.7691848"/>
 <node id="4712021631" visible="true" version="1" changeset="46499535" timestamp="2017-03-01T17:21:22Z" user="katpatuka" uid="17497" lat="19.7914955" lon="105.7686462"/>
 <node id="4712021633" visible="true" version="1" changeset="46499535" timestamp="2017-03-01T17:21:22Z" user="katpatuka" uid="17497" lat="19.7915275" lon="105.7555494"/>
 <node id="4712021638" visible="true" version="1" changeset="46499535" timestamp="2017-03-01T17:21:22Z" user="katpatuka" uid="17497" lat="19.7916666" lon="105.7632396"/>
 <node id="4712021645" visible="true" version="1" changeset="46499535" timestamp="2017-03-01T17:21:23Z" user="katpatuka" uid="17497" lat="19.7918443" lon="105.7595397"/>
 <node id="4712021646" visible="true" version="1" changeset="46499535" timestamp="2017-03-01T17:21:23Z" user="katpatuka" uid="17497" lat="19.7919101" lon="105.7557907"/>
 <node id="4712021647" visible="true" version="1" changeset="46499535" timestamp="2017-03-01T17:21:23Z" user="katpatuka" uid="17497" lat="19.7919430" lon="105.7849919"/>
 <node id="4712021648" visible="true" version="1" changeset="46499535" timestamp="2017-03-01T17:21:23Z" user="katpatuka" uid="17497" lat="19.7920286" lon="105.7577142"/>
 <node id="4712021649" visible="true" version="1" changeset="46499535" timestamp="2017-03-01T17:21:23Z" user="katpatuka" uid="17497" lat="19.7921273" lon="105.7560775"/>
 <node id="4712021650" visible="true" version="1" changeset="46499535" timestamp="2017-03-01T17:21:23Z" user="katpatuka" uid="17497" lat="19.7921405" lon="105.7570707"/>
 <node id="4712021651" visible="true" version="1" changeset="46499535" timestamp="2017-03-01T17:21:23Z" user="katpatuka" uid="17497" lat="19.7922129" lon="105.7565461"/>
 <node id="4712021652" visible="true" version="1" changeset="46499535" timestamp="2017-03-01T17:21:23Z" user="katpatuka" uid="17497" lat="19.7923774" lon="105.7856353"/>
 <node id="4712021661" visible="true" version="1" changeset="46499535" timestamp="2017-03-01T17:21:23Z" user="katpatuka" uid="17497" lat="19.7929236" lon="105.7860480"/>
 <node id="4712021672" visible="true" version="1" changeset="46499535" timestamp="2017-03-01T17:21:23Z" user="katpatuka" uid="17497" lat="19.7935752" lon="105.7861809"/>
 <node id="4712021675" visible="true" version="1" changeset="46499535" timestamp="2017-03-01T17:21:23Z" user="katpatuka" uid="17497" lat="19.7938252" lon="105.7864257"/>
 <node id="4712021676" visible="true" version="1" changeset="46499535" timestamp="2017-03-01T17:21:23Z" user="katpatuka" uid="17497" lat="19.7940227" lon="105.7869363"/>
 <node id="4712021678" visible="true" version="1" changeset="46499535" timestamp="2017-03-01T17:21:23Z" user="katpatuka" uid="17497" lat="19.7943912" lon="105.7875937"/>
 <node id="4712021685" visible="true" version="1" changeset="46499535" timestamp="2017-03-01T17:21:23Z" user="katpatuka" uid="17497" lat="19.7948058" lon="105.7878595"/>
 <node id="4712021715" visible="true" version="1" changeset="46499535" timestamp="2017-03-01T17:21:20Z" user="katpatuka" uid="17497" lat="19.7857501" lon="105.7781654"/>
 <node id="4712021716" visible="true" version="1" changeset="46499535" timestamp="2017-03-01T17:21:20Z" user="katpatuka" uid="17497" lat="19.7857830" lon="105.7784522"/>
 <node id="4712021717" visible="true" version="1" changeset="46499535" timestamp="2017-03-01T17:21:20Z" user="katpatuka" uid="17497" lat="19.7858554" lon="105.7780186"/>
 <node id="4712021718" visible="true" version="1" changeset="46499535" timestamp="2017-03-01T17:21:20Z" user="katpatuka" uid="17497" lat="19.7860462" lon="105.7789068"/>
 <node id="4712021721" visible="true" version="1" changeset="46499535" timestamp="2017-03-01T17:21:20Z" user="katpatuka" uid="17497" lat="19.7862239" lon="105.7778647"/>
 <node id="4712021723" visible="true" version="4" changeset="166853480" timestamp="2025-05-28T05:55:42Z" user="ZioDragon" uid="13799024" lat="19.7861552" lon="105.7768641"/>
 <node id="4712021724" visible="true" version="3" changeset="166853480" timestamp="2025-05-28T05:55:42Z" user="ZioDragon" uid="13799024" lat="19.7861752" lon="105.7766988"/>
 <node id="4712021725" visible="true" version="1" changeset="46499535" timestamp="2017-03-01T17:21:20Z" user="katpatuka" uid="17497" lat="19.7864740" lon="105.7776409"/>
 <node id="4712021726" visible="true" version="1" changeset="46499535" timestamp="2017-03-01T17:21:20Z" user="katpatuka" uid="17497" lat="19.7865135" lon="105.7793545"/>
 <node id="4712021728" visible="true" version="1" changeset="46499535" timestamp="2017-03-01T17:21:20Z" user="katpatuka" uid="17497" lat="19.7866912" lon="105.7773121"/>
 <node id="4712021729" visible="true" version="1" changeset="46499535" timestamp="2017-03-01T17:21:20Z" user="katpatuka" uid="17497" lat="19.7867044" lon="105.7798511"/>
 <node id="4712021730" visible="true" version="1" changeset="46499535" timestamp="2017-03-01T17:21:20Z" user="katpatuka" uid="17497" lat="19.7867373" lon="105.7802707"/>
 <node id="4712021732" visible="true" version="4" changeset="166853480" timestamp="2025-05-28T05:55:42Z" user="ZioDragon" uid="13799024" lat="19.7866068" lon="105.7769237"/>
 <node id="4712021733" visible="true" version="4" changeset="166853480" timestamp="2025-05-28T05:55:42Z" user="ZioDragon" uid="13799024" lat="19.7866781" lon="105.7767684"/>
 <node id="4712021736" visible="true" version="1" changeset="46499535" timestamp="2017-03-01T17:21:20Z" user="katpatuka" uid="17497" lat="19.7871322" lon="105.7765428"/>
 <node id="4712021737" visible="true" version="1" changeset="46499535" timestamp="2017-03-01T17:21:20Z" user="katpatuka" uid="17497" lat="19.7873494" lon="105.7812569"/>
 <node id="4712021740" visible="true" version="1" changeset="46499535" timestamp="2017-03-01T17:21:20Z" user="katpatuka" uid="17497" lat="19.7874941" lon="105.7761651"/>
 <node id="4712021741" visible="true" version="1" changeset="46499535" timestamp="2017-03-01T17:21:20Z" user="katpatuka" uid="17497" lat="19.7878364" lon="105.7714160"/>
 <node id="4712021742" visible="true" version="1" changeset="46499535" timestamp="2017-03-01T17:21:20Z" user="katpatuka" uid="17497" lat="19.7878364" lon="105.7759552"/>
 <node id="4712021743" visible="true" version="1" changeset="46499535" timestamp="2017-03-01T17:21:20Z" user="katpatuka" uid="17497" lat="19.7878627" lon="105.7717377"/>
 <node id="4712021744" visible="true" version="1" changeset="46499535" timestamp="2017-03-01T17:21:20Z" user="katpatuka" uid="17497" lat="19.7879483" lon="105.7710872"/>
 <node id="4712021745" visible="true" version="1" changeset="46499535" timestamp="2017-03-01T17:21:20Z" user="katpatuka" uid="17497" lat="19.7880272" lon="105.7719265"/>
 <node id="4712021746" visible="true" version="1" changeset="46499535" timestamp="2017-03-01T17:21:20Z" user="katpatuka" uid="17497" lat="19.7882049" lon="105.7708844"/>
 <node id="4712021747" visible="true" version="1" changeset="46499535" timestamp="2017-03-01T17:21:20Z" user="katpatuka" uid="17497" lat="19.7883300" lon="105.7817885"/>
 <node id="4712021748" visible="true" version="2" changeset="91242464" timestamp="2020-09-21T17:27:39Z" user="VLD155" uid="10456863" lat="19.7883559" lon="105.7756842"/>
 <node id="4712021750" visible="true" version="1" changeset="46499535" timestamp="2017-03-01T17:21:21Z" user="katpatuka" uid="17497" lat="19.7884879" lon="105.7722273"/>
 <node id="4712021751" visible="true" version="1" changeset="46499535" timestamp="2017-03-01T17:21:21Z" user="katpatuka" uid="17497" lat="19.7885471" lon="105.7702199"/>
 <node id="4712021752" visible="true" version="2" changeset="91242464" timestamp="2020-09-21T17:27:39Z" user="VLD155" uid="10456863" lat="19.7886873" lon="105.7754084"/>
 <node id="4712021753" visible="true" version="1" changeset="46499535" timestamp="2017-03-01T17:21:21Z" user="katpatuka" uid="17497" lat="19.7888499" lon="105.7825159"/>
 <node id="4712021754" visible="true" version="1" changeset="46499535" timestamp="2017-03-01T17:21:21Z" user="katpatuka" uid="17497" lat="19.7888828" lon="105.7750600"/>
 <node id="4712021755" visible="true" version="1" changeset="46499535" timestamp="2017-03-01T17:21:21Z" user="katpatuka" uid="17497" lat="19.7889091" lon="105.7698283"/>
 <node id="4712021756" visible="true" version="1" changeset="46499535" timestamp="2017-03-01T17:21:21Z" user="katpatuka" uid="17497" lat="19.7889486" lon="105.7727868"/>
 <node id="4712021758" visible="true" version="1" changeset="46499535" timestamp="2017-03-01T17:21:21Z" user="katpatuka" uid="17497" lat="19.7890078" lon="105.7732485"/>
 <node id="4712021759" visible="true" version="1" changeset="46499535" timestamp="2017-03-01T17:21:21Z" user="katpatuka" uid="17497" lat="19.7890078" lon="105.7738570"/>
 <node id="4712021760" visible="true" version="1" changeset="46499535" timestamp="2017-03-01T17:21:21Z" user="katpatuka" uid="17497" lat="19.7890539" lon="105.7742626"/>
 <node id="4712021762" visible="true" version="1" changeset="46499535" timestamp="2017-03-01T17:21:21Z" user="katpatuka" uid="17497" lat="19.7893435" lon="105.7829006"/>
 <node id="4712021763" visible="true" version="1" changeset="46499535" timestamp="2017-03-01T17:21:21Z" user="katpatuka" uid="17497" lat="19.7894422" lon="105.7694855"/>
 <node id="4712021765" visible="true" version="1" changeset="46499535" timestamp="2017-03-01T17:21:21Z" user="katpatuka" uid="17497" lat="19.7896199" lon="105.7694855"/>
 <node id="4712021768" visible="true" version="1" changeset="46499535" timestamp="2017-03-01T17:21:21Z" user="katpatuka" uid="17497" lat="19.7897713" lon="105.7695555"/>
 <node id="4712021769" visible="true" version="1" changeset="46499535" timestamp="2017-03-01T17:21:21Z" user="katpatuka" uid="17497" lat="19.7899029" lon="105.7698492"/>
 <node id="4712021793" visible="true" version="1" changeset="46499535" timestamp="2017-03-01T17:21:23Z" user="katpatuka" uid="17497" lat="19.7953586" lon="105.7880134"/>
 <node id="4712021794" visible="true" version="1" changeset="46499535" timestamp="2017-03-01T17:21:23Z" user="katpatuka" uid="17497" lat="19.7957271" lon="105.7879225"/>
 <node id="4712021795" visible="true" version="1" changeset="46499535" timestamp="2017-03-01T17:21:23Z" user="katpatuka" uid="17497" lat="19.7960694" lon="105.7878875"/>
 <node id="4712021796" visible="true" version="2" changeset="62974193" timestamp="2018-09-27T11:22:47Z" user="Sal73x" uid="1293386" lat="19.7965246" lon="105.7881650"/>
 <node id="4712021797" visible="true" version="2" changeset="62974193" timestamp="2018-09-27T11:22:47Z" user="Sal73x" uid="1293386" lat="19.7966354" lon="105.7895027"/>
 <node id="4712021799" visible="true" version="2" changeset="62974193" timestamp="2018-09-27T11:22:47Z" user="Sal73x" uid="1293386" lat="19.7968080" lon="105.7885307"/>
 <node id="4712021800" visible="true" version="2" changeset="62974193" timestamp="2018-09-27T11:22:47Z" user="Sal73x" uid="1293386" lat="19.7969125" lon="105.7889337"/>
 <node id="4712021801" visible="true" version="2" changeset="62974193" timestamp="2018-09-27T11:22:47Z" user="Sal73x" uid="1293386" lat="19.7969079" lon="105.7887015"/>
 <node id="5204960736" visible="true" version="2" changeset="58726385" timestamp="2018-05-06T10:19:57Z" user="Sal73x" uid="1293386" lat="19.7717965" lon="105.7896582"/>
 <node id="5204960737" visible="true" version="2" changeset="58726385" timestamp="2018-05-06T10:19:57Z" user="Sal73x" uid="1293386" lat="19.7716441" lon="105.7895026"/>
 <node id="5204960738" visible="true" version="2" changeset="58726385" timestamp="2018-05-06T10:19:56Z" user="Sal73x" uid="1293386" lat="19.7717793" lon="105.7893574"/>
 <node id="5204960739" visible="true" version="1" changeset="53435031" timestamp="2017-11-01T20:59:10Z" user="okilimu" uid="212111" lat="19.7721620" lon="105.7889427"/>
 <node id="5204960740" visible="true" version="3" changeset="166853480" timestamp="2025-05-28T05:55:42Z" user="ZioDragon" uid="13799024" lat="19.7740411" lon="105.7868195"/>
 <node id="5204960741" visible="true" version="3" changeset="166853480" timestamp="2025-05-28T05:55:42Z" user="ZioDragon" uid="13799024" lat="19.7761290" lon="105.7844600"/>
 <node id="5204960742" visible="true" version="2" changeset="166853480" timestamp="2025-05-28T05:55:42Z" user="ZioDragon" uid="13799024" lat="19.7777236" lon="105.7826581"/>
 <node id="5204960743" visible="true" version="2" changeset="166853480" timestamp="2025-05-28T05:55:42Z" user="ZioDragon" uid="13799024" lat="19.7795788" lon="105.7805616"/>
 <node id="5204960744" visible="true" version="2" changeset="166853480" timestamp="2025-05-28T05:55:42Z" user="ZioDragon" uid="13799024" lat="19.7814175" lon="105.7784838"/>
 <node id="5204960745" visible="true" version="2" changeset="166853480" timestamp="2025-05-28T05:55:42Z" user="ZioDragon" uid="13799024" lat="19.7822807" lon="105.7774924"/>
 <node id="5204960746" visible="true" version="2" changeset="166853480" timestamp="2025-05-28T05:55:42Z" user="ZioDragon" uid="13799024" lat="19.7824080" lon="105.7771713"/>
 <node id="5204960747" visible="true" version="2" changeset="166853480" timestamp="2025-05-28T05:55:42Z" user="ZioDragon" uid="13799024" lat="19.7824320" lon="105.7771104"/>
 <node id="5204960748" visible="true" version="2" changeset="166853480" timestamp="2025-05-28T05:55:42Z" user="ZioDragon" uid="13799024" lat="19.7825109" lon="105.7762168"/>
 <node id="5204960749" visible="true" version="3" changeset="166853480" timestamp="2025-05-28T05:55:42Z" user="ZioDragon" uid="13799024" lat="19.7826856" lon="105.7766095">
  <tag k="highway" v="traffic_signals"/>
  <tag k="traffic_signals" v="signal"/>
 </node>
 <node id="5204960750" visible="true" version="2" changeset="166853480" timestamp="2025-05-28T05:55:42Z" user="ZioDragon" uid="13799024" lat="19.7825761" lon="105.7760225"/>
 <node id="5204960751" visible="true" version="2" changeset="166853480" timestamp="2025-05-28T05:55:42Z" user="ZioDragon" uid="13799024" lat="19.7826184" lon="105.7771479"/>
 <node id="5204960752" visible="true" version="3" changeset="166853480" timestamp="2025-05-28T05:55:42Z" user="ZioDragon" uid="13799024" lat="19.7824871" lon="105.7774702"/>
 <node id="5204960753" visible="true" version="2" changeset="166853480" timestamp="2025-05-28T05:55:42Z" user="ZioDragon" uid="13799024" lat="19.7824267" lon="105.7776211"/>
 <node id="5204960754" visible="true" version="1" changeset="53435031" timestamp="2017-11-01T20:59:11Z" user="okilimu" uid="212111" lat="19.7815879" lon="105.7785827"/>
 <node id="5204960755" visible="true" version="3" changeset="166853480" timestamp="2025-05-28T05:55:42Z" user="ZioDragon" uid="13799024" lat="19.7797100" lon="105.7807076"/>
 <node id="5204960756" visible="true" version="2" changeset="166853480" timestamp="2025-05-28T05:55:42Z" user="ZioDragon" uid="13799024" lat="19.7780785" lon="105.7825513"/>
 <node id="5204960757" visible="true" version="2" changeset="166853480" timestamp="2025-05-28T05:55:42Z" user="ZioDragon" uid="13799024" lat="19.7778620" lon="105.7827977"/>
 <node id="5204960758" visible="true" version="2" changeset="166853480" timestamp="2025-05-28T05:55:42Z" user="ZioDragon" uid="13799024" lat="19.7741826" lon="105.7869538"/>
 <node id="5204960759" visible="true" version="2" changeset="58726385" timestamp="2018-05-06T10:19:57Z" user="Sal73x" uid="1293386" lat="19.7719335" lon="105.7895120"/>
 <node id="5204960760" visible="true" version="2" changeset="58726385" timestamp="2018-05-06T10:19:57Z" user="Sal73x" uid="1293386" lat="19.7724010" lon="105.7889652"/>
 <node id="5204960761" visible="true" version="2" changeset="166853480" timestamp="2025-05-28T05:55:42Z" user="ZioDragon" uid="13799024" lat="19.7848780" lon="105.7766997"/>
 <node id="5204960762" visible="true" version="2" changeset="166853480" timestamp="2025-05-28T05:55:42Z" user="ZioDragon" uid="13799024" lat="19.7839913" lon="105.7763969"/>
 <node id="5599914014" visible="true" version="2" changeset="91715231" timestamp="2020-09-29T14:53:11Z" user="VLD155" uid="10456863" lat="19.7691009" lon="105.7923186"/>
 <node id="5599914015" visible="true" version="2" changeset="146233881" timestamp="2024-01-14T05:10:39Z" user="vietnam321" uid="11196308" lat="19.7684903" lon="105.7929414"/>
 <node id="5599914016" visible="true" version="1" changeset="58726385" timestamp="2018-05-06T10:19:55Z" user="Sal73x" uid="1293386" lat="19.7652340" lon="105.7960797"/>
 <node id="5599914017" visible="true" version="1" changeset="58726385" timestamp="2018-05-06T10:19:55Z" user="Sal73x" uid="1293386" lat="19.7636553" lon="105.7977907"/>
 <node id="5599914018" visible="true" version="2" changeset="92070151" timestamp="2020-10-06T21:03:37Z" user="VLD154" uid="10422433" lat="19.7572805" lon="105.8051358"/>
 <node id="5599914019" visible="true" version="1" changeset="58726385" timestamp="2018-05-06T10:19:55Z" user="Sal73x" uid="1293386" lat="19.7329131" lon="105.8332141"/>
 <node id="5599914020" visible="true" version="1" changeset="58726385" timestamp="2018-05-06T10:19:55Z" user="Sal73x" uid="1293386" lat="19.7324914" lon="105.8337414"/>
 <node id="5599914321" visible="true" version="1" changeset="58726385" timestamp="2018-05-06T10:19:55Z" user="Sal73x" uid="1293386" lat="19.7321151" lon="105.8343368"/>
 <node id="5599914322" visible="true" version="1" changeset="58726385" timestamp="2018-05-06T10:19:55Z" user="Sal73x" uid="1293386" lat="19.7318750" lon="105.8348330"/>
 <node id="5599914323" visible="true" version="1" changeset="58726385" timestamp="2018-05-06T10:19:55Z" user="Sal73x" uid="1293386" lat="19.7316908" lon="105.8353404"/>
 <node id="5599914324" visible="true" version="1" changeset="58726385" timestamp="2018-05-06T10:19:55Z" user="Sal73x" uid="1293386" lat="19.7313813" lon="105.8363384"/>
 <node id="5599914325" visible="true" version="2" changeset="92070231" timestamp="2020-10-06T21:06:00Z" user="VLD154" uid="10422433" lat="19.7562728" lon="105.8062713"/>
 <node id="5599914329" visible="true" version="2" changeset="103385558" timestamp="2021-04-22T06:44:50Z" user="vavilala1" uid="11589182" lat="19.7692891" lon="105.7924206"/>
 <node id="5599914330" visible="true" version="2" changeset="146233881" timestamp="2024-01-14T05:10:39Z" user="vietnam321" uid="11196308" lat="19.7686145" lon="105.7930781"/>
 <node id="5599914331" visible="true" version="2" changeset="146233881" timestamp="2024-01-14T05:10:39Z" user="vietnam321" uid="11196308" lat="19.7653558" lon="105.7962476"/>
 <node id="5599914332" visible="true" version="1" changeset="58726385" timestamp="2018-05-06T10:19:55Z" user="Sal73x" uid="1293386" lat="19.7638765" lon="105.7978636"/>
 <node id="5599914333" visible="true" version="2" changeset="92070151" timestamp="2020-10-06T21:03:37Z" user="VLD154" uid="10422433" lat="19.7575001" lon="105.8052140"/>
 <node id="5599914334" visible="true" version="1" changeset="58726385" timestamp="2018-05-06T10:19:55Z" user="Sal73x" uid="1293386" lat="19.7330744" lon="105.8333760"/>
 <node id="5599914335" visible="true" version="1" changeset="58726385" timestamp="2018-05-06T10:19:55Z" user="Sal73x" uid="1293386" lat="19.7327912" lon="105.8337175"/>
 <node id="5599914336" visible="true" version="1" changeset="58726385" timestamp="2018-05-06T10:19:55Z" user="Sal73x" uid="1293386" lat="19.7325922" lon="105.8339798"/>
 <node id="5599914337" visible="true" version="1" changeset="58726385" timestamp="2018-05-06T10:19:55Z" user="Sal73x" uid="1293386" lat="19.7323951" lon="105.8342847"/>
 <node id="5599914338" visible="true" version="1" changeset="58726385" timestamp="2018-05-06T10:19:55Z" user="Sal73x" uid="1293386" lat="19.7322000" lon="105.8346465"/>
 <node id="5599914339" visible="true" version="1" changeset="58726385" timestamp="2018-05-06T10:19:55Z" user="Sal73x" uid="1293386" lat="19.7320565" lon="105.8349595"/>
 <node id="5599914340" visible="true" version="1" changeset="58726385" timestamp="2018-05-06T10:19:55Z" user="Sal73x" uid="1293386" lat="19.7319321" lon="105.8352848"/>
 <node id="5599914341" visible="true" version="1" changeset="58726385" timestamp="2018-05-06T10:19:55Z" user="Sal73x" uid="1293386" lat="19.7315964" lon="105.8363824"/>
 <node id="5599914342" visible="true" version="1" changeset="58726385" timestamp="2018-05-06T10:19:55Z" user="Sal73x" uid="1293386" lat="19.7448716" lon="105.8197722"/>
 <node id="5599914343" visible="true" version="1" changeset="58726385" timestamp="2018-05-06T10:19:55Z" user="Sal73x" uid="1293386" lat="19.7447145" lon="105.8196176"/>
 <node id="5599914344" visible="true" version="1" changeset="58726385" timestamp="2018-05-06T10:19:55Z" user="Sal73x" uid="1293386" lat="19.7469721" lon="105.8173500"/>
 <node id="5599914345" visible="true" version="1" changeset="58726385" timestamp="2018-05-06T10:19:55Z" user="Sal73x" uid="1293386" lat="19.7468139" lon="105.8171987"/>
 <node id="5599914346" visible="true" version="1" changeset="58726385" timestamp="2018-05-06T10:19:55Z" user="Sal73x" uid="1293386" lat="19.7531151" lon="105.8102657"/>
 <node id="5599914347" visible="true" version="1" changeset="58726385" timestamp="2018-05-06T10:19:55Z" user="Sal73x" uid="1293386" lat="19.7529579" lon="105.8101197"/>
 <node id="5599914353" visible="true" version="1" changeset="58726385" timestamp="2018-05-06T10:19:55Z" user="Sal73x" uid="1293386" lat="19.7611057" lon="105.8007297"/>
 <node id="5599914354" visible="true" version="1" changeset="58726385" timestamp="2018-05-06T10:19:55Z" user="Sal73x" uid="1293386" lat="19.7610420" lon="105.8011287"/>
 <node id="5599914371" visible="true" version="1" changeset="58726385" timestamp="2018-05-06T10:19:55Z" user="Sal73x" uid="1293386" lat="19.7711754" lon="105.7900240"/>
 <node id="5599914372" visible="true" version="1" changeset="58726385" timestamp="2018-05-06T10:19:55Z" user="Sal73x" uid="1293386" lat="19.7713292" lon="105.7901709"/>
 <node id="5599914386" visible="true" version="1" changeset="58726385" timestamp="2018-05-06T10:19:56Z" user="Sal73x" uid="1293386" lat="19.7722622" lon="105.7888282"/>
 <node id="5599989588" visible="true" version="2" changeset="166853480" timestamp="2025-05-28T05:55:42Z" user="ZioDragon" uid="13799024" lat="19.7779392" lon="105.7824145"/>
 <node id="5599989595" visible="true" version="2" changeset="166853480" timestamp="2025-05-28T05:55:42Z" user="ZioDragon" uid="13799024" lat="19.7740611" lon="105.7754588"/>
 <node id="5599989596" visible="true" version="2" changeset="166853480" timestamp="2025-05-28T05:55:42Z" user="ZioDragon" uid="13799024" lat="19.7740397" lon="105.7752959"/>
 <node id="5599989610" visible="true" version="1" changeset="58727696" timestamp="2018-05-06T11:32:31Z" user="Sal73x" uid="1293386" lat="19.7750907" lon="105.7701007"/>
 <node id="5599989611" visible="true" version="1" changeset="58727696" timestamp="2018-05-06T11:32:31Z" user="Sal73x" uid="1293386" lat="19.7752053" lon="105.7701776"/>
 <node id="5599989615" visible="true" version="2" changeset="166853480" timestamp="2025-05-28T05:55:42Z" user="ZioDragon" uid="13799024" lat="19.7739028" lon="105.7753126"/>
 <node id="5599989616" visible="true" version="2" changeset="166853480" timestamp="2025-05-28T05:55:42Z" user="ZioDragon" uid="13799024" lat="19.7737853" lon="105.7754924"/>
 <node id="5599998242" visible="true" version="3" changeset="132530013" timestamp="2023-02-14T10:33:06Z" user="vietnam321" uid="11196308" lat="19.7856411" lon="105.7807693"/>
 <node id="5599998245" visible="true" version="1" changeset="58727911" timestamp="2018-05-06T11:43:31Z" user="Sal73x" uid="1293386" lat="19.7761834" lon="105.7773157"/>
 <node id="5599998246" visible="true" version="1" changeset="58727911" timestamp="2018-05-06T11:43:31Z" user="Sal73x" uid="1293386" lat="19.7761201" lon="105.7772095"/>
 <node id="5599998247" visible="true" version="1" changeset="58727911" timestamp="2018-05-06T11:43:31Z" user="Sal73x" uid="1293386" lat="19.7761035" lon="105.7771175"/>
 <node id="5599998248" visible="true" version="2" changeset="166853480" timestamp="2025-05-28T05:55:42Z" user="ZioDragon" uid="13799024" lat="19.7762833" lon="105.7755474"/>
 <node id="5599998249" visible="true" version="2" changeset="166853480" timestamp="2025-05-28T05:55:42Z" user="ZioDragon" uid="13799024" lat="19.7806671" lon="105.7761308"/>
 <node id="5599998250" visible="true" version="2" changeset="167636454" timestamp="2025-06-15T05:43:44Z" user="user_22995996" uid="22995996" lat="19.7804780" lon="105.7775561"/>
 <node id="5599998251" visible="true" version="1" changeset="58727911" timestamp="2018-05-06T11:43:31Z" user="Sal73x" uid="1293386" lat="19.7786723" lon="105.7797099"/>
 <node id="5599998252" visible="true" version="1" changeset="58727911" timestamp="2018-05-06T11:43:31Z" user="Sal73x" uid="1293386" lat="19.7849057" lon="105.7818708"/>
 <node id="5599998253" visible="true" version="2" changeset="107306922" timestamp="2021-07-02T11:08:05Z" user="KhanhPPA" uid="13685842" lat="19.7847846" lon="105.7817481"/>
 <node id="5599998254" visible="true" version="2" changeset="166853480" timestamp="2025-05-28T05:55:42Z" user="ZioDragon" uid="13799024" lat="19.7815530" lon="105.7786249"/>
 <node id="5599998256" visible="true" version="2" changeset="167636454" timestamp="2025-06-15T05:43:44Z" user="user_22995996" uid="22995996" lat="19.7772300" lon="105.7771398"/>
 <node id="5599998257" visible="true" version="1" changeset="58727911" timestamp="2018-05-06T11:43:31Z" user="Sal73x" uid="1293386" lat="19.7767063" lon="105.7778187"/>
 <node id="5599998258" visible="true" version="1" changeset="58727911" timestamp="2018-05-06T11:43:31Z" user="Sal73x" uid="1293386" lat="19.7770538" lon="105.7774124"/>
 <node id="5599998259" visible="true" version="1" changeset="58727911" timestamp="2018-05-06T11:43:31Z" user="Sal73x" uid="1293386" lat="19.7790123" lon="105.7793183"/>
 <node id="5599998260" visible="true" version="1" changeset="58727911" timestamp="2018-05-06T11:43:31Z" user="Sal73x" uid="1293386" lat="19.7795596" lon="105.7786878"/>
 <node id="5599998261" visible="true" version="2" changeset="167636454" timestamp="2025-06-15T05:43:44Z" user="user_22995996" uid="22995996" lat="19.7780447" lon="105.7772246"/>
 <node id="5599998262" visible="true" version="1" changeset="58727911" timestamp="2018-05-06T11:43:31Z" user="Sal73x" uid="1293386" lat="19.7818578" lon="105.7828040"/>
 <node id="5599998263" visible="true" version="1" changeset="58727911" timestamp="2018-05-06T11:43:31Z" user="Sal73x" uid="1293386" lat="19.7836947" lon="105.7806951"/>
 <node id="5599998264" visible="true" version="1" changeset="58727911" timestamp="2018-05-06T11:43:31Z" user="Sal73x" uid="1293386" lat="19.7845735" lon="105.7797130"/>
 <node id="5599998265" visible="true" version="3" changeset="166853480" timestamp="2025-05-28T05:55:42Z" user="ZioDragon" uid="13799024" lat="19.7825978" lon="105.7771984"/>
 <node id="5609359521" visible="true" version="1" changeset="58849247" timestamp="2018-05-10T12:31:39Z" user="Trọng Niên Hoàng" uid="6247103" lat="19.7792746" lon="105.7754854">
  <tag k="highway" v="bus_stop"/>
  <tag k="name" v="Bến xe phía Nam"/>
 </node>
 <node id="5933957241" visible="true" version="1" changeset="62974193" timestamp="2018-09-27T11:22:42Z" user="Sal73x" uid="1293386" lat="19.7966023" lon="105.7897340"/>
 <node id="5933957242" visible="true" version="1" changeset="62974193" timestamp="2018-09-27T11:22:42Z" user="Sal73x" uid="1293386" lat="19.7966269" lon="105.7899247"/>
 <node id="5933957243" visible="true" version="1" changeset="62974193" timestamp="2018-09-27T11:22:42Z" user="Sal73x" uid="1293386" lat="19.7967642" lon="105.7901342"/>
 <node id="5933957244" visible="true" version="1" changeset="62974193" timestamp="2018-09-27T11:22:42Z" user="Sal73x" uid="1293386" lat="19.7976160" lon="105.7910657"/>
 <node id="5933957245" visible="true" version="1" changeset="62974193" timestamp="2018-09-27T11:22:42Z" user="Sal73x" uid="1293386" lat="19.7977145" lon="105.7913725"/>
 <node id="5933957246" visible="true" version="1" changeset="62974193" timestamp="2018-09-27T11:22:42Z" user="Sal73x" uid="1293386" lat="19.7977251" lon="105.7916456"/>
 <node id="5933957247" visible="true" version="1" changeset="62974193" timestamp="2018-09-27T11:22:42Z" user="Sal73x" uid="1293386" lat="19.7975913" lon="105.7921432"/>
 <node id="5933957252" visible="true" version="1" changeset="62974193" timestamp="2018-09-27T11:22:42Z" user="Sal73x" uid="1293386" lat="19.7958279" lon="105.7962171"/>
 <node id="5933957254" visible="true" version="1" changeset="62974193" timestamp="2018-09-27T11:22:42Z" user="Sal73x" uid="1293386" lat="19.7941172" lon="105.8011365"/>
 <node id="5933957255" visible="true" version="1" changeset="62974193" timestamp="2018-09-27T11:22:42Z" user="Sal73x" uid="1293386" lat="19.7933815" lon="105.8038038"/>
 <node id="5933957256" visible="true" version="1" changeset="62974193" timestamp="2018-09-27T11:22:42Z" user="Sal73x" uid="1293386" lat="19.7930154" lon="105.8067704"/>
 <node id="5933957257" visible="true" version="1" changeset="62974193" timestamp="2018-09-27T11:22:42Z" user="Sal73x" uid="1293386" lat="19.7929450" lon="105.8070361"/>
 <node id="5933957258" visible="true" version="1" changeset="62974193" timestamp="2018-09-27T11:22:42Z" user="Sal73x" uid="1293386" lat="19.7928113" lon="105.8073241"/>
 <node id="5933957259" visible="true" version="1" changeset="62974193" timestamp="2018-09-27T11:22:42Z" user="Sal73x" uid="1293386" lat="19.7926740" lon="105.8075149"/>
 <node id="5933957260" visible="true" version="1" changeset="62974193" timestamp="2018-09-27T11:22:42Z" user="Sal73x" uid="1293386" lat="19.7906218" lon="105.8094191"/>
 <node id="5933957262" visible="true" version="1" changeset="62974193" timestamp="2018-09-27T11:22:42Z" user="Sal73x" uid="1293386" lat="19.7822439" lon="105.8163062"/>
 <node id="5933957263" visible="true" version="1" changeset="62974193" timestamp="2018-09-27T11:22:42Z" user="Sal73x" uid="1293386" lat="19.7716759" lon="105.8266912"/>
 <node id="5933957264" visible="true" version="1" changeset="62974193" timestamp="2018-09-27T11:22:42Z" user="Sal73x" uid="1293386" lat="19.7713977" lon="105.8270803"/>
 <node id="5933957265" visible="true" version="1" changeset="62974193" timestamp="2018-09-27T11:22:42Z" user="Sal73x" uid="1293386" lat="19.7711443" lon="105.8275404"/>
 <node id="5933957266" visible="true" version="1" changeset="62974193" timestamp="2018-09-27T11:22:42Z" user="Sal73x" uid="1293386" lat="19.7709436" lon="105.8280417"/>
 <node id="5933957269" visible="true" version="1" changeset="62974193" timestamp="2018-09-27T11:22:42Z" user="Sal73x" uid="1293386" lat="19.7689159" lon="105.8345275"/>
 <node id="5933957272" visible="true" version="1" changeset="62974193" timestamp="2018-09-27T11:22:42Z" user="Sal73x" uid="1293386" lat="19.7687946" lon="105.8350462"/>
 <node id="5933957273" visible="true" version="1" changeset="62974193" timestamp="2018-09-27T11:22:42Z" user="Sal73x" uid="1293386" lat="19.7687737" lon="105.8354136"/>
 <node id="5933957274" visible="true" version="1" changeset="62974193" timestamp="2018-09-27T11:22:42Z" user="Sal73x" uid="1293386" lat="19.7688884" lon="105.8372817"/>
 <node id="5933957275" visible="true" version="1" changeset="62974193" timestamp="2018-09-27T11:22:42Z" user="Sal73x" uid="1293386" lat="19.7689670" lon="105.8412106"/>
 <node id="5933957276" visible="true" version="1" changeset="62974193" timestamp="2018-09-27T11:22:42Z" user="Sal73x" uid="1293386" lat="19.7689080" lon="105.8416854"/>
 <node id="5933957279" visible="true" version="1" changeset="62974193" timestamp="2018-09-27T11:22:42Z" user="Sal73x" uid="1293386" lat="19.7662940" lon="105.8527132"/>
 <node id="5933957280" visible="true" version="1" changeset="62974193" timestamp="2018-09-27T11:22:42Z" user="Sal73x" uid="1293386" lat="19.7661954" lon="105.8532986"/>
 <node id="5933957281" visible="true" version="1" changeset="62974193" timestamp="2018-09-27T11:22:42Z" user="Sal73x" uid="1293386" lat="19.7661896" lon="105.8539456"/>
 <node id="5933957282" visible="true" version="1" changeset="62974193" timestamp="2018-09-27T11:22:42Z" user="Sal73x" uid="1293386" lat="19.7662882" lon="105.8636632"/>
 <node id="5933957385" visible="true" version="1" changeset="62974193" timestamp="2018-09-27T11:22:42Z" user="Sal73x" uid="1293386" lat="19.7662320" lon="105.8642217"/>
 <node id="5933957386" visible="true" version="1" changeset="62974193" timestamp="2018-09-27T11:22:42Z" user="Sal73x" uid="1293386" lat="19.7659281" lon="105.8654871"/>
 <node id="5933957392" visible="true" version="1" changeset="62974193" timestamp="2018-09-27T11:22:42Z" user="Sal73x" uid="1293386" lat="19.7658527" lon="105.8660417"/>
 <node id="5933957393" visible="true" version="1" changeset="62974193" timestamp="2018-09-27T11:22:42Z" user="Sal73x" uid="1293386" lat="19.7658411" lon="105.8683340"/>
 <node id="5933957394" visible="true" version="1" changeset="62974193" timestamp="2018-09-27T11:22:42Z" user="Sal73x" uid="1293386" lat="19.7657251" lon="105.8700840"/>
 <node id="5933957395" visible="true" version="1" changeset="62974193" timestamp="2018-09-27T11:22:42Z" user="Sal73x" uid="1293386" lat="19.7646697" lon="105.8800112"/>
 <node id="5933957396" visible="true" version="1" changeset="62974193" timestamp="2018-09-27T11:22:42Z" user="Sal73x" uid="1293386" lat="19.7646407" lon="105.8807137"/>
 <node id="5933957397" visible="true" version="1" changeset="62974193" timestamp="2018-09-27T11:22:42Z" user="Sal73x" uid="1293386" lat="19.7647277" lon="105.8812251"/>
 <node id="5933957398" visible="true" version="1" changeset="62974193" timestamp="2018-09-27T11:22:42Z" user="Sal73x" uid="1293386" lat="19.7649597" lon="105.8818660"/>
 <node id="5933957399" visible="true" version="1" changeset="62974193" timestamp="2018-09-27T11:22:42Z" user="Sal73x" uid="1293386" lat="19.7652380" lon="105.8823281"/>
 <node id="5933957400" visible="true" version="1" changeset="62974193" timestamp="2018-09-27T11:22:42Z" user="Sal73x" uid="1293386" lat="19.7656497" lon="105.8826609"/>
 <node id="5933957401" visible="true" version="2" changeset="173823789" timestamp="2025-10-27T07:23:55Z" user="Tewuzij" uid="16194143" lat="19.7682805" lon="105.8844133">
  <tag k="seamark:type" v="gate"/>
  <tag k="waterway" v="lock_gate"/>
 </node>
 <node id="5933957408" visible="true" version="2" changeset="101101121" timestamp="2021-03-16T07:55:50Z" user="MountStanley" uid="11187605" lat="19.7702475" lon="105.8857047"/>
 <node id="5933957409" visible="true" version="2" changeset="101101121" timestamp="2021-03-16T07:55:50Z" user="MountStanley" uid="11187605" lat="19.7713883" lon="105.8865523"/>
 <node id="5933957410" visible="true" version="2" changeset="101101121" timestamp="2021-03-16T07:55:50Z" user="MountStanley" uid="11187605" lat="19.7726201" lon="105.8875608"/>
 <node id="5934052911" visible="true" version="1" changeset="62975369" timestamp="2018-09-27T12:11:55Z" user="Sal73x" uid="1293386" lat="19.7859069" lon="105.7709449"/>
 <node id="5934052912" visible="true" version="2" changeset="91244176" timestamp="2020-09-21T18:16:15Z" user="VLD155" uid="10456863" lat="19.7858761" lon="105.7712361"/>
 <node id="5934052913" visible="true" version="2" changeset="91244176" timestamp="2020-09-21T18:16:15Z" user="VLD155" uid="10456863" lat="19.7859407" lon="105.7716226"/>
 <node id="5934052914" visible="true" version="1" changeset="62975369" timestamp="2018-09-27T12:11:55Z" user="Sal73x" uid="1293386" lat="19.7859173" lon="105.7718967"/>
 <node id="5934052915" visible="true" version="2" changeset="91244176" timestamp="2020-09-21T18:16:15Z" user="VLD155" uid="10456863" lat="19.7858315" lon="105.7724527"/>
 <node id="5934052916" visible="true" version="2" changeset="91244176" timestamp="2020-09-21T18:16:15Z" user="VLD155" uid="10456863" lat="19.7858618" lon="105.7725666"/>
 <node id="5934052917" visible="true" version="1" changeset="62975369" timestamp="2018-09-27T12:11:55Z" user="Sal73x" uid="1293386" lat="19.7860588" lon="105.7733115"/>
 <node id="5934052918" visible="true" version="2" changeset="91243981" timestamp="2020-09-21T18:10:31Z" user="VLD155" uid="10456863" lat="19.7860691" lon="105.7736285"/>
 <node id="5934052919" visible="true" version="2" changeset="91243981" timestamp="2020-09-21T18:10:31Z" user="VLD155" uid="10456863" lat="19.7860100" lon="105.7739140"/>
 <node id="5934052920" visible="true" version="2" changeset="166853480" timestamp="2025-05-28T05:55:42Z" user="ZioDragon" uid="13799024" lat="19.7852804" lon="105.7765751"/>
 <node id="5934052934" visible="true" version="2" changeset="132530013" timestamp="2023-02-14T10:33:06Z" user="vietnam321" uid="11196308" lat="19.7828922" lon="105.7717634"/>
 <node id="5934052936" visible="true" version="1" changeset="62975369" timestamp="2018-09-27T12:11:56Z" user="Sal73x" uid="1293386" lat="19.7801050" lon="105.7697578"/>
 <node id="5934052937" visible="true" version="2" changeset="91246724" timestamp="2020-09-21T19:27:40Z" user="VLD155" uid="10456863" lat="19.7768659" lon="105.7678445"/>
 <node id="5934052938" visible="true" version="2" changeset="117845494" timestamp="2022-02-25T11:26:15Z" user="gojala_n" uid="13528338" lat="19.7816126" lon="105.7743100"/>
 <node id="5934052939" visible="true" version="1" changeset="62975369" timestamp="2018-09-27T12:11:56Z" user="Sal73x" uid="1293386" lat="19.7824147" lon="105.7727635"/>
 <node id="5934052940" visible="true" version="1" changeset="62975369" timestamp="2018-09-27T12:11:56Z" user="Sal73x" uid="1293386" lat="19.7795719" lon="105.7707158"/>
 <node id="5934052941" visible="true" version="2" changeset="91246724" timestamp="2020-09-21T19:27:40Z" user="VLD155" uid="10456863" lat="19.7762384" lon="105.7687172"/>
 <node id="5934052944" visible="true" version="1" changeset="62975369" timestamp="2018-09-27T12:11:56Z" user="Sal73x" uid="1293386" lat="19.7788574" lon="105.7690182"/>
 <node id="5934052945" visible="true" version="1" changeset="62975369" timestamp="2018-09-27T12:11:56Z" user="Sal73x" uid="1293386" lat="19.7783175" lon="105.7699732"/>
 <node id="5934052946" visible="true" version="1" changeset="62975369" timestamp="2018-09-27T12:11:56Z" user="Sal73x" uid="1293386" lat="19.7777470" lon="105.7709823"/>
 <node id="5934052947" visible="true" version="1" changeset="62975369" timestamp="2018-09-27T12:11:56Z" user="Sal73x" uid="1293386" lat="19.7804096" lon="105.7727515"/>
 <node id="5934052948" visible="true" version="2" changeset="91244571" timestamp="2020-09-21T18:27:51Z" user="VLD155" uid="10456863" lat="19.7818813" lon="105.7737408"/>
 <node id="5934052949" visible="true" version="1" changeset="62975369" timestamp="2018-09-27T12:11:56Z" user="Sal73x" uid="1293386" lat="19.7800707" lon="105.7733400"/>
 <node id="5934052950" visible="true" version="1" changeset="62975369" timestamp="2018-09-27T12:11:56Z" user="Sal73x" uid="1293386" lat="19.7809892" lon="105.7717367"/>
 <node id="5934052951" visible="true" version="1" changeset="62975369" timestamp="2018-09-27T12:11:56Z" user="Sal73x" uid="1293386" lat="19.7815411" lon="105.7707977"/>
 <node id="5934052952" visible="true" version="1" changeset="62975369" timestamp="2018-09-27T12:11:56Z" user="Sal73x" uid="1293386" lat="19.7786692" lon="105.7724501"/>
 <node id="5934052953" visible="true" version="1" changeset="62975369" timestamp="2018-09-27T12:11:56Z" user="Sal73x" uid="1293386" lat="19.7789866" lon="105.7718060"/>
 <node id="5934052986" visible="true" version="1" changeset="62975369" timestamp="2018-09-27T12:11:56Z" user="Sal73x" uid="1293386" lat="19.7865317" lon="105.7681834"/>
 <node id="5934052988" visible="true" version="3" changeset="117545352" timestamp="2022-02-18T04:17:18Z" user="vietnam321" uid="11196308" lat="19.7867457" lon="105.7670388"/>
 <node id="5934052991" visible="true" version="3" changeset="91665402" timestamp="2020-09-28T20:29:07Z" user="VLD155" uid="10456863" lat="19.7885823" lon="105.7829427"/>
 <node id="5934052992" visible="true" version="1" changeset="62975369" timestamp="2018-09-27T12:11:56Z" user="Sal73x" uid="1293386" lat="19.7804985" lon="105.7814783"/>
 <node id="5934052993" visible="true" version="1" changeset="62975369" timestamp="2018-09-27T12:11:56Z" user="Sal73x" uid="1293386" lat="19.7823341" lon="105.7793806"/>
 <node id="5934052994" visible="true" version="1" changeset="62975369" timestamp="2018-09-27T12:11:56Z" user="Sal73x" uid="1293386" lat="19.7832571" lon="105.7783106"/>
 <node id="5934052995" visible="true" version="1" changeset="62975369" timestamp="2018-09-27T12:11:56Z" user="Sal73x" uid="1293386" lat="19.7836067" lon="105.7786830"/>
 <node id="5934052996" visible="true" version="1" changeset="62975369" timestamp="2018-09-27T12:11:56Z" user="Sal73x" uid="1293386" lat="19.7826955" lon="105.7797298"/>
 <node id="5934052997" visible="true" version="1" changeset="62975369" timestamp="2018-09-27T12:11:56Z" user="Sal73x" uid="1293386" lat="19.7808621" lon="105.7818329"/>
 <node id="5934052999" visible="true" version="1" changeset="62975369" timestamp="2018-09-27T12:11:57Z" user="Sal73x" uid="1293386" lat="19.7827349" lon="105.7817971"/>
 <node id="5934053000" visible="true" version="1" changeset="62975369" timestamp="2018-09-27T12:11:57Z" user="Sal73x" uid="1293386" lat="19.7817379" lon="105.7808283"/>
 <node id="5934053001" visible="true" version="1" changeset="62975369" timestamp="2018-09-27T12:11:57Z" user="Sal73x" uid="1293386" lat="19.7813755" lon="105.7804761"/>
 <node id="5934692844" visible="true" version="4" changeset="166853480" timestamp="2025-05-28T05:55:42Z" user="ZioDragon" uid="13799024" lat="19.7687963" lon="105.7762786"/>
 <node id="5934692858" visible="true" version="3" changeset="166853480" timestamp="2025-05-28T05:55:42Z" user="ZioDragon" uid="13799024" lat="19.7718081" lon="105.7757918"/>
 <node id="5934693803" visible="true" version="3" changeset="166853480" timestamp="2025-05-28T05:55:42Z" user="ZioDragon" uid="13799024" lat="19.7732443" lon="105.7877198"/>
 <node id="7928973083" visible="true" version="1" changeset="91243981" timestamp="2020-09-21T18:10:31Z" user="VLD155" uid="10456863" lat="19.7863488" lon="105.7746987"/>
 <node id="7928979374" visible="true" version="1" changeset="91243813" timestamp="2020-09-21T18:05:13Z" user="VLD155" uid="10456863" lat="19.7869844" lon="105.7659056"/>
 <node id="7929045054" visible="true" version="1" changeset="91244571" timestamp="2020-09-21T18:27:51Z" user="VLD155" uid="10456863" lat="19.7827341" lon="105.7728699"/>
 <node id="7929045055" visible="true" version="1" changeset="91244571" timestamp="2020-09-21T18:27:51Z" user="VLD155" uid="10456863" lat="19.7831281" lon="105.7729989"/>
 <node id="7929045056" visible="true" version="2" changeset="91244650" timestamp="2020-09-21T18:29:59Z" user="VLD155" uid="10456863" lat="19.7835410" lon="105.7731278"/>
 <node id="7929045057" visible="true" version="1" changeset="91244571" timestamp="2020-09-21T18:27:51Z" user="VLD155" uid="10456863" lat="19.7840059" lon="105.7732777"/>
 <node id="7929045058" visible="true" version="2" changeset="91244650" timestamp="2020-09-21T18:29:59Z" user="VLD155" uid="10456863" lat="19.7845465" lon="105.7734439"/>
 <node id="7929045059" visible="true" version="1" changeset="91244571" timestamp="2020-09-21T18:27:51Z" user="VLD155" uid="10456863" lat="19.7854429" lon="105.7737083"/>
 <node id="7929045060" visible="true" version="2" changeset="91244650" timestamp="2020-09-21T18:29:59Z" user="VLD155" uid="10456863" lat="19.7824446" lon="105.7739156"/>
 <node id="7929045061" visible="true" version="1" changeset="91244571" timestamp="2020-09-21T18:27:51Z" user="VLD155" uid="10456863" lat="19.7828475" lon="105.7740410"/>
 <node id="7929045062" visible="true" version="2" changeset="91244650" timestamp="2020-09-21T18:29:59Z" user="VLD155" uid="10456863" lat="19.7832711" lon="105.7741468"/>
 <node id="7929045063" visible="true" version="2" changeset="91244650" timestamp="2020-09-21T18:29:59Z" user="VLD155" uid="10456863" lat="19.7842776" lon="105.7744440"/>
 <node id="7929045064" visible="true" version="1" changeset="91244571" timestamp="2020-09-21T18:27:51Z" user="VLD155" uid="10456863" lat="19.7847397" lon="105.7745784"/>
 <node id="7929045065" visible="true" version="1" changeset="91244571" timestamp="2020-09-21T18:27:51Z" user="VLD155" uid="10456863" lat="19.7826777" lon="105.7746040"/>
 <node id="7929045066" visible="true" version="1" changeset="91244571" timestamp="2020-09-21T18:27:51Z" user="VLD155" uid="10456863" lat="19.7837456" lon="105.7742884"/>
 <node id="7929045067" visible="true" version="2" changeset="91244650" timestamp="2020-09-21T18:29:59Z" user="VLD155" uid="10456863" lat="19.7834580" lon="105.7754018"/>
 <node id="7929045068" visible="true" version="2" changeset="91244650" timestamp="2020-09-21T18:29:59Z" user="VLD155" uid="10456863" lat="19.7844451" lon="105.7756786"/>
 <node id="7929045069" visible="true" version="1" changeset="91244571" timestamp="2020-09-21T18:27:51Z" user="VLD155" uid="10456863" lat="19.7849819" lon="105.7735744"/>
 <node id="7929045070" visible="true" version="1" changeset="91244571" timestamp="2020-09-21T18:27:51Z" user="VLD155" uid="10456863" lat="19.7851833" lon="105.7747181"/>
 <node id="7929045071" visible="true" version="1" changeset="91244571" timestamp="2020-09-21T18:27:51Z" user="VLD155" uid="10456863" lat="19.7849779" lon="105.7755136"/>
 <node id="7929045072" visible="true" version="2" changeset="91244650" timestamp="2020-09-21T18:29:59Z" user="VLD155" uid="10456863" lat="19.7850572" lon="105.7752372"/>
 <node id="7929045703" visible="true" version="1" changeset="91244176" timestamp="2020-09-21T18:16:15Z" user="VLD155" uid="10456863" lat="19.7859202" lon="105.7727413"/>
 <node id="7929045704" visible="true" version="1" changeset="91244176" timestamp="2020-09-21T18:16:15Z" user="VLD155" uid="10456863" lat="19.7866848" lon="105.7726788"/>
 <node id="7929045705" visible="true" version="1" changeset="91244176" timestamp="2020-09-21T18:16:15Z" user="VLD155" uid="10456863" lat="19.7873541" lon="105.7727217"/>
 <node id="7929045706" visible="true" version="1" changeset="91244176" timestamp="2020-09-21T18:16:15Z" user="VLD155" uid="10456863" lat="19.7876793" lon="105.7727066"/>
 <node id="7929045707" visible="true" version="1" changeset="91244176" timestamp="2020-09-21T18:16:15Z" user="VLD155" uid="10456863" lat="19.7874118" lon="105.7727227"/>
 <node id="7929045708" visible="true" version="1" changeset="91244176" timestamp="2020-09-21T18:16:15Z" user="VLD155" uid="10456863" lat="19.7867310" lon="105.7726789"/>
 <node id="7929045720" visible="true" version="1" changeset="91244176" timestamp="2020-09-21T18:16:15Z" user="VLD155" uid="10456863" lat="19.7858265" lon="105.7723916"/>
 <node id="7929045723" visible="true" version="1" changeset="91244176" timestamp="2020-09-21T18:16:15Z" user="VLD155" uid="10456863" lat="19.7858775" lon="105.7710951"/>
 <node id="7929046086" visible="true" version="1" changeset="91243981" timestamp="2020-09-21T18:10:31Z" user="VLD155" uid="10456863" lat="19.7879169" lon="105.7751808"/>
 <node id="7929046087" visible="true" version="1" changeset="91243981" timestamp="2020-09-21T18:10:31Z" user="VLD155" uid="10456863" lat="19.7858254" lon="105.7745284"/>
 <node id="7929046088" visible="true" version="1" changeset="91243981" timestamp="2020-09-21T18:10:31Z" user="VLD155" uid="10456863" lat="19.7868967" lon="105.7748666"/>
 <node id="7929046090" visible="true" version="1" changeset="91243981" timestamp="2020-09-21T18:10:31Z" user="VLD155" uid="10456863" lat="19.7855985" lon="105.7753986"/>
 <node id="7929046091" visible="true" version="1" changeset="91243981" timestamp="2020-09-21T18:10:31Z" user="VLD155" uid="10456863" lat="19.7860931" lon="105.7756428"/>
 <node id="7929046092" visible="true" version="1" changeset="91243981" timestamp="2020-09-21T18:10:31Z" user="VLD155" uid="10456863" lat="19.7860481" lon="105.7737650"/>
 <node id="7929046094" visible="true" version="3" changeset="166853480" timestamp="2025-05-28T05:55:42Z" user="ZioDragon" uid="13799024" lat="19.7865190" lon="105.7767474"/>
 <node id="7929046096" visible="true" version="1" changeset="91243981" timestamp="2020-09-21T18:10:31Z" user="VLD155" uid="10456863" lat="19.7870693" lon="105.7761820"/>
 <node id="7929046104" visible="true" version="1" changeset="91243981" timestamp="2020-09-21T18:10:31Z" user="VLD155" uid="10456863" lat="19.7874462" lon="105.7750358"/>
 <node id="7929054338" visible="true" version="1" changeset="91244453" timestamp="2020-09-21T18:24:49Z" user="VLD155" uid="10456863" lat="19.7851967" lon="105.7726250"/>
 <node id="7929054339" visible="true" version="2" changeset="103386006" timestamp="2021-04-22T06:50:05Z" user="jonna_kuti" uid="10751844" lat="19.7847888" lon="105.7727255"/>
 <node id="7929054340" visible="true" version="1" changeset="91244453" timestamp="2020-09-21T18:24:49Z" user="VLD155" uid="10456863" lat="19.7845974" lon="105.7726850"/>
 <node id="7929054341" visible="true" version="1" changeset="91244453" timestamp="2020-09-21T18:24:49Z" user="VLD155" uid="10456863" lat="19.7841663" lon="105.7724570"/>
 <node id="7929054342" visible="true" version="1" changeset="91244453" timestamp="2020-09-21T18:24:49Z" user="VLD155" uid="10456863" lat="19.7849830" lon="105.7727163"/>
 <node id="7929054343" visible="true" version="1" changeset="91244453" timestamp="2020-09-21T18:24:49Z" user="VLD155" uid="10456863" lat="19.7852369" lon="105.7726106"/>
 <node id="7929054344" visible="true" version="2" changeset="180147584" timestamp="2026-03-20T08:47:48Z" user="Pham Thi Anh Thu" uid="22580488" lat="19.7850565" lon="105.7726949"/>
 <node id="7929054345" visible="true" version="1" changeset="91244453" timestamp="2020-09-21T18:24:49Z" user="VLD155" uid="10456863" lat="19.7849020" lon="105.7727296"/>
 <node id="7929054346" visible="true" version="1" changeset="91244453" timestamp="2020-09-21T18:24:49Z" user="VLD155" uid="10456863" lat="19.7844428" lon="105.7726331"/>
 <node id="7929054347" visible="true" version="1" changeset="91244453" timestamp="2020-09-21T18:24:49Z" user="VLD155" uid="10456863" lat="19.7843263" lon="105.7725731"/>
 <node id="7929054348" visible="true" version="1" changeset="91244453" timestamp="2020-09-21T18:24:49Z" user="VLD155" uid="10456863" lat="19.7840112" lon="105.7723571"/>
 <node id="7929054349" visible="true" version="1" changeset="91244453" timestamp="2020-09-21T18:24:49Z" user="VLD155" uid="10456863" lat="19.7837662" lon="105.7722884"/>
 <node id="7929054350" visible="true" version="1" changeset="91244453" timestamp="2020-09-21T18:24:49Z" user="VLD155" uid="10456863" lat="19.7838152" lon="105.7723064"/>
 <node id="7929054351" visible="true" version="1" changeset="91244453" timestamp="2020-09-21T18:24:49Z" user="VLD155" uid="10456863" lat="19.7839690" lon="105.7723421"/>
 <node id="7929056121" visible="true" version="1" changeset="91244312" timestamp="2020-09-21T18:20:52Z" user="VLD155" uid="10456863" lat="19.7863009" lon="105.7692034"/>
 <node id="7929056124" visible="true" version="1" changeset="91244312" timestamp="2020-09-21T18:20:52Z" user="VLD155" uid="10456863" lat="19.7860716" lon="105.7701774"/>
 <node id="7929078002" visible="true" version="1" changeset="91244650" timestamp="2020-09-21T18:29:59Z" user="VLD155" uid="10456863" lat="19.7829887" lon="105.7752354"/>
 <node id="7929078003" visible="true" version="1" changeset="91244650" timestamp="2020-09-21T18:29:59Z" user="VLD155" uid="10456863" lat="19.7829850" lon="105.7751685"/>
 <node id="7929078004" visible="true" version="1" changeset="91244650" timestamp="2020-09-21T18:29:59Z" user="VLD155" uid="10456863" lat="19.7830386" lon="105.7752755"/>
 <node id="7929078005" visible="true" version="1" changeset="91244650" timestamp="2020-09-21T18:29:59Z" user="VLD155" uid="10456863" lat="19.7839690" lon="105.7755455"/>
 <node id="7929078006" visible="true" version="1" changeset="91244650" timestamp="2020-09-21T18:29:59Z" user="VLD155" uid="10456863" lat="19.7839474" lon="105.7756531"/>
 <node id="7929078008" visible="true" version="1" changeset="91244650" timestamp="2020-09-21T18:29:59Z" user="VLD155" uid="10456863" lat="19.7839419" lon="105.7757289"/>
 <node id="7929091467" visible="true" version="1" changeset="91245148" timestamp="2020-09-21T18:42:38Z" user="VLD155" uid="10456863" lat="19.7811782" lon="105.7705349"/>
 <node id="7929091468" visible="true" version="1" changeset="91245148" timestamp="2020-09-21T18:42:38Z" user="VLD155" uid="10456863" lat="19.7806136" lon="105.7714643"/>
 <node id="7929091469" visible="true" version="1" changeset="91245148" timestamp="2020-09-21T18:42:38Z" user="VLD155" uid="10456863" lat="19.7800332" lon="105.7724990"/>
 <node id="7929091470" visible="true" version="1" changeset="91245148" timestamp="2020-09-21T18:42:38Z" user="VLD155" uid="10456863" lat="19.7796801" lon="105.7722592"/>
 <node id="7929091471" visible="true" version="1" changeset="91245148" timestamp="2020-09-21T18:42:38Z" user="VLD155" uid="10456863" lat="19.7802629" lon="105.7712085"/>
 <node id="7929091472" visible="true" version="1" changeset="91245148" timestamp="2020-09-21T18:42:38Z" user="VLD155" uid="10456863" lat="19.7807987" lon="105.7702601"/>
 <node id="7929091473" visible="true" version="1" changeset="91245148" timestamp="2020-09-21T18:42:38Z" user="VLD155" uid="10456863" lat="19.7793116" lon="105.7720210"/>
 <node id="7929091474" visible="true" version="1" changeset="91245148" timestamp="2020-09-21T18:42:38Z" user="VLD155" uid="10456863" lat="19.7799148" lon="105.7709583"/>
 <node id="7929091475" visible="true" version="1" changeset="91245148" timestamp="2020-09-21T18:42:38Z" user="VLD155" uid="10456863" lat="19.7804493" lon="105.7699981"/>
 <node id="7929091477" visible="true" version="1" changeset="91245148" timestamp="2020-09-21T18:42:38Z" user="VLD155" uid="10456863" lat="19.7766461" lon="105.7689951"/>
 <node id="7929091479" visible="true" version="1" changeset="91245148" timestamp="2020-09-21T18:42:38Z" user="VLD155" uid="10456863" lat="19.7771745" lon="105.7680402"/>
 <node id="7929091480" visible="true" version="1" changeset="91245148" timestamp="2020-09-21T18:42:38Z" user="VLD155" uid="10456863" lat="19.7757927" lon="105.7705719"/>
 <node id="7929091481" visible="true" version="1" changeset="91245148" timestamp="2020-09-21T18:42:38Z" user="VLD155" uid="10456863" lat="19.7774096" lon="105.7694419"/>
 <node id="7929092083" visible="true" version="1" changeset="91245049" timestamp="2020-09-21T18:40:37Z" user="VLD155" uid="10456863" lat="19.7806252" lon="105.7701345"/>
 <node id="7929094942" visible="true" version="1" changeset="91245307" timestamp="2020-09-21T18:47:00Z" user="VLD155" uid="10456863" lat="19.7803585" lon="105.7752080"/>
 <node id="7929094943" visible="true" version="1" changeset="91245307" timestamp="2020-09-21T18:47:00Z" user="VLD155" uid="10456863" lat="19.7807590" lon="105.7748166"/>
 <node id="7929094944" visible="true" version="1" changeset="91245307" timestamp="2020-09-21T18:47:00Z" user="VLD155" uid="10456863" lat="19.7811372" lon="105.7743490"/>
 <node id="7929094945" visible="true" version="1" changeset="91245307" timestamp="2020-09-21T18:47:00Z" user="VLD155" uid="10456863" lat="19.7812743" lon="105.7741500"/>
 <node id="7929094946" visible="true" version="2" changeset="91245407" timestamp="2020-09-21T18:49:48Z" user="VLD155" uid="10456863" lat="19.7794728" lon="105.7743593"/>
 <node id="7929094947" visible="true" version="1" changeset="91245307" timestamp="2020-09-21T18:47:00Z" user="VLD155" uid="10456863" lat="19.7804780" lon="105.7750274"/>
 <node id="7929094948" visible="true" version="1" changeset="91245307" timestamp="2020-09-21T18:47:00Z" user="VLD155" uid="10456863" lat="19.7806626" lon="105.7747483"/>
 <node id="7929094949" visible="true" version="1" changeset="91245307" timestamp="2020-09-21T18:47:00Z" user="VLD155" uid="10456863" lat="19.7794633" lon="105.7739222"/>
 <node id="7929094954" visible="true" version="1" changeset="91245407" timestamp="2020-09-21T18:49:48Z" user="VLD155" uid="10456863" lat="19.7805669" lon="105.7744411"/>
 <node id="7929094955" visible="true" version="1" changeset="91245407" timestamp="2020-09-21T18:49:48Z" user="VLD155" uid="10456863" lat="19.7807162" lon="105.7741918"/>
 <node id="7929094956" visible="true" version="1" changeset="91245407" timestamp="2020-09-21T18:49:48Z" user="VLD155" uid="10456863" lat="19.7802591" lon="105.7742350"/>
 <node id="7929094957" visible="true" version="1" changeset="91245407" timestamp="2020-09-21T18:49:48Z" user="VLD155" uid="10456863" lat="19.7804424" lon="105.7739330"/>
 <node id="7929094958" visible="true" version="1" changeset="91245407" timestamp="2020-09-21T18:49:48Z" user="VLD155" uid="10456863" lat="19.7794730" lon="105.7737037"/>
 <node id="7929094959" visible="true" version="1" changeset="91245407" timestamp="2020-09-21T18:49:48Z" user="VLD155" uid="10456863" lat="19.7794982" lon="105.7733842"/>
 <node id="7929094960" visible="true" version="1" changeset="91245407" timestamp="2020-09-21T18:49:48Z" user="VLD155" uid="10456863" lat="19.7796105" lon="105.7730434"/>
 <node id="7929094961" visible="true" version="1" changeset="91245407" timestamp="2020-09-21T18:49:48Z" user="VLD155" uid="10456863" lat="19.7794919" lon="105.7734366"/>
 <node id="7929094962" visible="true" version="1" changeset="91245407" timestamp="2020-09-21T18:49:48Z" user="VLD155" uid="10456863" lat="19.7794794" lon="105.7748234"/>
 <node id="7929094963" visible="true" version="2" changeset="91245562" timestamp="2020-09-21T18:53:32Z" user="VLD155" uid="10456863" lat="19.7787773" lon="105.7745439"/>
 <node id="7929094964" visible="true" version="1" changeset="91245407" timestamp="2020-09-21T18:49:48Z" user="VLD155" uid="10456863" lat="19.7789413" lon="105.7745629"/>
 <node id="7929094965" visible="true" version="1" changeset="91245407" timestamp="2020-09-21T18:49:48Z" user="VLD155" uid="10456863" lat="19.7790486" lon="105.7745978"/>
 <node id="7929094966" visible="true" version="1" changeset="91245407" timestamp="2020-09-21T18:49:48Z" user="VLD155" uid="10456863" lat="19.7798445" lon="105.7750634"/>
 <node id="7929094967" visible="true" version="1" changeset="91245407" timestamp="2020-09-21T18:49:48Z" user="VLD155" uid="10456863" lat="19.7798862" lon="105.7751141"/>
 <node id="7929094968" visible="true" version="1" changeset="91245407" timestamp="2020-09-21T18:49:48Z" user="VLD155" uid="10456863" lat="19.7798922" lon="105.7751806"/>
 <node id="7929094969" visible="true" version="2" changeset="166853480" timestamp="2025-05-28T05:55:42Z" user="ZioDragon" uid="13799024" lat="19.7798011" lon="105.7758475"/>
 <node id="7929094970" visible="true" version="3" changeset="110661749" timestamp="2021-09-03T08:22:27Z" user="vietnam321" uid="11196308" lat="19.7786202" lon="105.7735595"/>
 <node id="7929094971" visible="true" version="1" changeset="91245407" timestamp="2020-09-21T18:49:48Z" user="VLD155" uid="10456863" lat="19.7789554" lon="105.7737901"/>
 <node id="7929094972" visible="true" version="1" changeset="91245407" timestamp="2020-09-21T18:49:48Z" user="VLD155" uid="10456863" lat="19.7792353" lon="105.7734895"/>
 <node id="7929094973" visible="true" version="3" changeset="110661749" timestamp="2021-09-03T08:22:27Z" user="vietnam321" uid="11196308" lat="19.7788313" lon="105.7732098"/>
 <node id="7929104385" visible="true" version="1" changeset="91245049" timestamp="2020-09-21T18:40:37Z" user="VLD155" uid="10456863" lat="19.7803155" lon="105.7698894"/>
 <node id="7929104387" visible="true" version="2" changeset="103385652" timestamp="2021-04-22T06:46:03Z" user="jonna_kuti" uid="10751844" lat="19.7808668" lon="105.7730803"/>
 <node id="7929104388" visible="true" version="2" changeset="103385652" timestamp="2021-04-22T06:46:03Z" user="jonna_kuti" uid="10751844" lat="19.7814440" lon="105.7720828"/>
 <node id="7929104389" visible="true" version="2" changeset="103385652" timestamp="2021-04-22T06:46:03Z" user="jonna_kuti" uid="10751844" lat="19.7819892" lon="105.7711278"/>
 <node id="7929104390" visible="true" version="2" changeset="103385652" timestamp="2021-04-22T06:46:03Z" user="jonna_kuti" uid="10751844" lat="19.7811548" lon="105.7725825"/>
 <node id="7929104391" visible="true" version="1" changeset="91245049" timestamp="2020-09-21T18:40:37Z" user="VLD155" uid="10456863" lat="19.7821342" lon="105.7732548"/>
 <node id="7929124085" visible="true" version="2" changeset="110661749" timestamp="2021-09-03T08:22:27Z" user="vietnam321" uid="11196308" lat="19.7781776" lon="105.7745363"/>
 <node id="7929124086" visible="true" version="2" changeset="110661749" timestamp="2021-09-03T08:22:27Z" user="vietnam321" uid="11196308" lat="19.7782150" lon="105.7743023"/>
 <node id="7929124087" visible="true" version="2" changeset="110661749" timestamp="2021-09-03T08:22:27Z" user="vietnam321" uid="11196308" lat="19.7782676" lon="105.7741415"/>
 <node id="7929124088" visible="true" version="2" changeset="110661749" timestamp="2021-09-03T08:22:27Z" user="vietnam321" uid="11196308" lat="19.7791193" lon="105.7727338"/>
 <node id="7929124089" visible="true" version="3" changeset="166853480" timestamp="2025-05-28T05:55:42Z" user="ZioDragon" uid="13799024" lat="19.7780097" lon="105.7756098"/>
 <node id="7929124090" visible="true" version="1" changeset="91245562" timestamp="2020-09-21T18:53:32Z" user="VLD155" uid="10456863" lat="19.7787608" lon="105.7747423"/>
 <node id="7929124093" visible="true" version="1" changeset="91245562" timestamp="2020-09-21T18:53:32Z" user="VLD155" uid="10456863" lat="19.7787800" lon="105.7746208"/>
 <node id="7929124094" visible="true" version="2" changeset="166853480" timestamp="2025-05-28T05:55:42Z" user="ZioDragon" uid="13799024" lat="19.7784406" lon="105.7756667"/>
 <node id="7929143445" visible="true" version="1" changeset="91246282" timestamp="2020-09-21T19:15:30Z" user="VLD155" uid="10456863" lat="19.7852669" lon="105.7787597"/>
 <node id="7929143446" visible="true" version="1" changeset="91246282" timestamp="2020-09-21T19:15:30Z" user="VLD155" uid="10456863" lat="19.7836706" lon="105.7787511"/>
 <node id="7929143447" visible="true" version="1" changeset="91246282" timestamp="2020-09-21T19:15:30Z" user="VLD155" uid="10456863" lat="19.7846564" lon="105.7777834"/>
 <node id="7929143448" visible="true" version="1" changeset="91246282" timestamp="2020-09-21T19:15:30Z" user="VLD155" uid="10456863" lat="19.7847144" lon="105.7777432"/>
 <node id="7929143449" visible="true" version="1" changeset="91246282" timestamp="2020-09-21T19:15:30Z" user="VLD155" uid="10456863" lat="19.7848559" lon="105.7791456"/>
 <node id="7929143450" visible="true" version="1" changeset="91246282" timestamp="2020-09-21T19:15:30Z" user="VLD155" uid="10456863" lat="19.7840933" lon="105.7783148"/>
 <node id="7929143452" visible="true" version="1" changeset="91246282" timestamp="2020-09-21T19:15:30Z" user="VLD155" uid="10456863" lat="19.7837303" lon="105.7779202"/>
 <node id="7929143453" visible="true" version="1" changeset="91246282" timestamp="2020-09-21T19:15:30Z" user="VLD155" uid="10456863" lat="19.7833111" lon="105.7783681"/>
 <node id="7929143454" visible="true" version="1" changeset="91246282" timestamp="2020-09-21T19:15:30Z" user="VLD155" uid="10456863" lat="19.7842631" lon="105.7774182"/>
 <node id="7929143456" visible="true" version="1" changeset="91246282" timestamp="2020-09-21T19:15:30Z" user="VLD155" uid="10456863" lat="19.7810933" lon="105.7781761"/>
 <node id="7929143457" visible="true" version="1" changeset="91246282" timestamp="2020-09-21T19:15:30Z" user="VLD155" uid="10456863" lat="19.7799716" lon="105.7791251"/>
 <node id="7929143460" visible="true" version="2" changeset="91666359" timestamp="2020-09-28T21:04:12Z" user="VLD155" uid="10456863" lat="19.7793559" lon="105.7789201"/>
 <node id="7929157385" visible="true" version="1" changeset="91246206" timestamp="2020-09-21T19:12:48Z" user="VLD155" uid="10456863" lat="19.7848905" lon="105.7768328"/>
 <node id="7929157386" visible="true" version="1" changeset="91246206" timestamp="2020-09-21T19:12:48Z" user="VLD155" uid="10456863" lat="19.7848600" lon="105.7772036"/>
 <node id="7929157387" visible="true" version="1" changeset="91246206" timestamp="2020-09-21T19:12:48Z" user="VLD155" uid="10456863" lat="19.7848147" lon="105.7774742"/>
 <node id="7929157388" visible="true" version="1" changeset="91246206" timestamp="2020-09-21T19:12:48Z" user="VLD155" uid="10456863" lat="19.7847842" lon="105.7777212"/>
 <node id="7929157389" visible="true" version="1" changeset="91246206" timestamp="2020-09-21T19:12:48Z" user="VLD155" uid="10456863" lat="19.7847924" lon="105.7779138"/>
 <node id="7929157390" visible="true" version="1" changeset="91246206" timestamp="2020-09-21T19:12:48Z" user="VLD155" uid="10456863" lat="19.7848222" lon="105.7781204"/>
 <node id="7929157391" visible="true" version="2" changeset="103385004" timestamp="2021-04-22T06:37:59Z" user="jonna_kuti" uid="10751844" lat="19.7848697" lon="105.7782479"/>
 <node id="7929157392" visible="true" version="1" changeset="91246206" timestamp="2020-09-21T19:12:48Z" user="VLD155" uid="10456863" lat="19.7849356" lon="105.7783782"/>
 <node id="7929157394" visible="true" version="1" changeset="91246206" timestamp="2020-09-21T19:12:48Z" user="VLD155" uid="10456863" lat="19.7848829" lon="105.7770290"/>
 <node id="7929164325" visible="true" version="1" changeset="91246370" timestamp="2020-09-21T19:17:58Z" user="VLD155" uid="10456863" lat="19.7792172" lon="105.7783630"/>
 <node id="7929164326" visible="true" version="1" changeset="91246370" timestamp="2020-09-21T19:17:58Z" user="VLD155" uid="10456863" lat="19.7786770" lon="105.7789855"/>
 <node id="7929164327" visible="true" version="1" changeset="91246370" timestamp="2020-09-21T19:17:58Z" user="VLD155" uid="10456863" lat="19.7788890" lon="105.7780453"/>
 <node id="7929164328" visible="true" version="1" changeset="91246370" timestamp="2020-09-21T19:17:58Z" user="VLD155" uid="10456863" lat="19.7783451" lon="105.7786609"/>
 <node id="7929164329" visible="true" version="2" changeset="167636454" timestamp="2025-06-15T05:43:44Z" user="user_22995996" uid="22995996" lat="19.7782057" lon="105.7774162"/>
 <node id="7929164330" visible="true" version="1" changeset="91246370" timestamp="2020-09-21T19:17:58Z" user="VLD155" uid="10456863" lat="19.7777008" lon="105.7780290"/>
 <node id="7929164331" visible="true" version="2" changeset="167636454" timestamp="2025-06-15T05:43:44Z" user="user_22995996" uid="22995996" lat="19.7800261" lon="105.7774979"/>
 <node id="7929164332" visible="true" version="1" changeset="91246370" timestamp="2020-09-21T19:17:58Z" user="VLD155" uid="10456863" lat="19.7800768" lon="105.7770427"/>
 <node id="7929164333" visible="true" version="1" changeset="91246370" timestamp="2020-09-21T19:17:58Z" user="VLD155" uid="10456863" lat="19.7788978" lon="105.7768983"/>
 <node id="7929164334" visible="true" version="1" changeset="91246370" timestamp="2020-09-21T19:17:58Z" user="VLD155" uid="10456863" lat="19.7777534" lon="105.7767431"/>
 <node id="7929164335" visible="true" version="2" changeset="167636454" timestamp="2025-06-15T05:43:44Z" user="user_22995996" uid="22995996" lat="19.7788437" lon="105.7773386"/>
 <node id="7929164336" visible="true" version="1" changeset="91246370" timestamp="2020-09-21T19:17:58Z" user="VLD155" uid="10456863" lat="19.7789427" lon="105.7764251"/>
 <node id="7929164337" visible="true" version="1" changeset="91246370" timestamp="2020-09-21T19:17:58Z" user="VLD155" uid="10456863" lat="19.7801223" lon="105.7765782"/>
 <node id="7929164338" visible="true" version="1" changeset="91246370" timestamp="2020-09-21T19:17:58Z" user="VLD155" uid="10456863" lat="19.7806026" lon="105.7766380"/>
 <node id="7929164339" visible="true" version="2" changeset="91246469" timestamp="2020-09-21T19:20:42Z" user="VLD155" uid="10456863" lat="19.7778084" lon="105.7762815"/>
 <node id="7929169379" visible="true" version="2" changeset="166853480" timestamp="2025-05-28T05:55:42Z" user="ZioDragon" uid="13799024" lat="19.7778683" lon="105.7757568"/>
 <node id="7929169380" visible="true" version="2" changeset="167636454" timestamp="2025-06-15T05:43:44Z" user="user_22995996" uid="22995996" lat="19.7777109" lon="105.7771643"/>
 <node id="7929169383" visible="true" version="1" changeset="91246469" timestamp="2020-09-21T19:20:42Z" user="VLD155" uid="10456863" lat="19.7776599" lon="105.7787368"/>
 <node id="7929169384" visible="true" version="1" changeset="91246469" timestamp="2020-09-21T19:20:42Z" user="VLD155" uid="10456863" lat="19.7780083" lon="105.7783364"/>
 <node id="7929174685" visible="true" version="2" changeset="167636454" timestamp="2025-06-15T05:43:44Z" user="user_22995996" uid="22995996" lat="19.7785507" lon="105.7777233"/>
 <node id="7929260396" visible="true" version="1" changeset="91247836" timestamp="2020-09-21T19:59:52Z" user="VLD155" uid="10456863" lat="19.7745429" lon="105.7696164"/>
 <node id="7929260424" visible="true" version="1" changeset="91247836" timestamp="2020-09-21T19:59:52Z" user="VLD155" uid="10456863" lat="19.7706773" lon="105.7673696"/>
 <node id="7929395556" visible="true" version="1" changeset="91250080" timestamp="2020-09-21T21:10:57Z" user="VLD155" uid="10456863" lat="19.7733570" lon="105.7686156"/>
 <node id="7929395569" visible="true" version="2" changeset="178929835" timestamp="2026-02-23T07:39:16Z" user="GrabVN_Dang" uid="21825913" lat="19.7707231" lon="105.7673928"/>
 <node id="7931642220" visible="true" version="2" changeset="166853480" timestamp="2025-05-28T05:55:42Z" user="ZioDragon" uid="13799024" lat="19.7653491" lon="105.7768786"/>
 <node id="7931656207" visible="true" version="2" changeset="166853480" timestamp="2025-05-28T05:55:42Z" user="ZioDragon" uid="13799024" lat="19.7636341" lon="105.7771569"/>
 <node id="7952531934" visible="true" version="1" changeset="91666030" timestamp="2020-09-28T20:51:16Z" user="VLD155" uid="10456863" lat="19.7855658" lon="105.7799086"/>
 <node id="7952531936" visible="true" version="2" changeset="91666359" timestamp="2020-09-28T21:04:12Z" user="VLD155" uid="10456863" lat="19.7844356" lon="105.7795662"/>
 <node id="7952531940" visible="true" version="1" changeset="91666030" timestamp="2020-09-28T20:51:16Z" user="VLD155" uid="10456863" lat="19.7859565" lon="105.7810989"/>
 <node id="7952531942" visible="true" version="1" changeset="91666030" timestamp="2020-09-28T20:51:16Z" user="VLD155" uid="10456863" lat="19.7876791" lon="105.7829229"/>
 <node id="7952531943" visible="true" version="2" changeset="91666359" timestamp="2020-09-28T21:04:12Z" user="VLD155" uid="10456863" lat="19.7862619" lon="105.7802228"/>
 <node id="7952675248" visible="true" version="1" changeset="91665537" timestamp="2020-09-28T20:33:36Z" user="VLD155" uid="10456863" lat="19.7884143" lon="105.7827967"/>
 <node id="7952675249" visible="true" version="1" changeset="91665537" timestamp="2020-09-28T20:33:36Z" user="VLD155" uid="10456863" lat="19.7880494" lon="105.7832725"/>
 <node id="7952675250" visible="true" version="2" changeset="91665855" timestamp="2020-09-28T20:45:01Z" user="VLD155" uid="10456863" lat="19.7873295" lon="105.7842146"/>
 <node id="7952675608" visible="true" version="2" changeset="91666030" timestamp="2020-09-28T20:51:16Z" user="VLD155" uid="10456863" lat="19.7864513" lon="105.7806215"/>
 <node id="7952675609" visible="true" version="1" changeset="91665402" timestamp="2020-09-28T20:29:07Z" user="VLD155" uid="10456863" lat="19.7871592" lon="105.7816878"/>
 <node id="7952675610" visible="true" version="1" changeset="91665402" timestamp="2020-09-28T20:29:07Z" user="VLD155" uid="10456863" lat="19.7875048" lon="105.7820607"/>
 <node id="7952675611" visible="true" version="1" changeset="91665402" timestamp="2020-09-28T20:29:07Z" user="VLD155" uid="10456863" lat="19.7878532" lon="105.7823966"/>
 <node id="7952675612" visible="true" version="2" changeset="91666030" timestamp="2020-09-28T20:51:16Z" user="VLD155" uid="10456863" lat="19.7880628" lon="105.7825484"/>
 <node id="7952675613" visible="true" version="1" changeset="91665402" timestamp="2020-09-28T20:29:07Z" user="VLD155" uid="10456863" lat="19.7882059" lon="105.7826369"/>
 <node id="7952675614" visible="true" version="1" changeset="91665402" timestamp="2020-09-28T20:29:07Z" user="VLD155" uid="10456863" lat="19.7882760" lon="105.7826764"/>
 <node id="7952675615" visible="true" version="2" changeset="103389724" timestamp="2021-04-22T07:33:22Z" user="jonna_kuti" uid="10751844" lat="19.7887618" lon="105.7830434"/>
 <node id="7952675616" visible="true" version="1" changeset="91665402" timestamp="2020-09-28T20:29:07Z" user="VLD155" uid="10456863" lat="19.7896961" lon="105.7837686"/>
 <node id="7952675618" visible="true" version="1" changeset="91665402" timestamp="2020-09-28T20:29:07Z" user="VLD155" uid="10456863" lat="19.7887020" lon="105.7830020"/>
 <node id="7952675619" visible="true" version="2" changeset="106464745" timestamp="2021-06-16T11:50:12Z" user="saka_1" uid="11660552" lat="19.7868758" lon="105.7813256"/>
 <node id="7952675620" visible="true" version="1" changeset="91665402" timestamp="2020-09-28T20:29:07Z" user="VLD155" uid="10456863" lat="19.7866502" lon="105.7809873"/>
 <node id="7952675621" visible="true" version="1" changeset="91665402" timestamp="2020-09-28T20:29:07Z" user="VLD155" uid="10456863" lat="19.7860021" lon="105.7796698"/>
 <node id="7952675622" visible="true" version="1" changeset="91665402" timestamp="2020-09-28T20:29:07Z" user="VLD155" uid="10456863" lat="19.7859340" lon="105.7795546"/>
 <node id="7952675623" visible="true" version="1" changeset="91665402" timestamp="2020-09-28T20:29:07Z" user="VLD155" uid="10456863" lat="19.7858721" lon="105.7794625"/>
 <node id="7952698822" visible="true" version="1" changeset="91665855" timestamp="2020-09-28T20:45:01Z" user="VLD155" uid="10456863" lat="19.7857061" lon="105.7826507"/>
 <node id="7952698823" visible="true" version="1" changeset="91665855" timestamp="2020-09-28T20:45:01Z" user="VLD155" uid="10456863" lat="19.7865802" lon="105.7834989"/>
 <node id="7952698824" visible="true" version="1" changeset="91665855" timestamp="2020-09-28T20:45:01Z" user="VLD155" uid="10456863" lat="19.7869413" lon="105.7838382"/>
 <node id="7952711216" visible="true" version="1" changeset="91666105" timestamp="2020-09-28T20:54:07Z" user="VLD155" uid="10456863" lat="19.7842172" lon="105.7793292"/>
 <node id="7952711217" visible="true" version="1" changeset="91666105" timestamp="2020-09-28T20:54:07Z" user="VLD155" uid="10456863" lat="19.7833235" lon="105.7803330"/>
 <node id="7952711218" visible="true" version="2" changeset="132530013" timestamp="2023-02-14T10:33:06Z" user="vietnam321" uid="11196308" lat="19.7852759" lon="105.7804114"/>
 <node id="7952711219" visible="true" version="1" changeset="91666105" timestamp="2020-09-28T20:54:07Z" user="VLD155" uid="10456863" lat="19.7844065" lon="105.7813674"/>
 <node id="7952711222" visible="true" version="1" changeset="91666105" timestamp="2020-09-28T20:54:07Z" user="VLD155" uid="10456863" lat="19.7821925" lon="105.7831305"/>
 <node id="7952711223" visible="true" version="1" changeset="91666105" timestamp="2020-09-28T20:54:07Z" user="VLD155" uid="10456863" lat="19.7830801" lon="105.7821379"/>
 <node id="7952711224" visible="true" version="1" changeset="91666105" timestamp="2020-09-28T20:54:07Z" user="VLD155" uid="10456863" lat="19.7840477" lon="105.7810298"/>
 <node id="7952711225" visible="true" version="2" changeset="132530013" timestamp="2023-02-14T10:33:06Z" user="vietnam321" uid="11196308" lat="19.7849070" lon="105.7800472"/>
 <node id="7952711226" visible="true" version="1" changeset="91666105" timestamp="2020-09-28T20:54:07Z" user="VLD155" uid="10456863" lat="19.7813301" lon="105.7812977"/>
 <node id="7952711227" visible="true" version="1" changeset="91666105" timestamp="2020-09-28T20:54:07Z" user="VLD155" uid="10456863" lat="19.7823158" lon="105.7822721"/>
 <node id="7952711228" visible="true" version="1" changeset="91666105" timestamp="2020-09-28T20:54:07Z" user="VLD155" uid="10456863" lat="19.7812076" lon="105.7814366"/>
 <node id="7952711229" visible="true" version="1" changeset="91666105" timestamp="2020-09-28T20:54:07Z" user="VLD155" uid="10456863" lat="19.7822078" lon="105.7824022"/>
 <node id="7952724812" visible="true" version="2" changeset="166853480" timestamp="2025-05-28T05:55:42Z" user="ZioDragon" uid="13799024" lat="19.7802336" lon="105.7798217"/>
 <node id="7952724814" visible="true" version="1" changeset="91666188" timestamp="2020-09-28T20:57:09Z" user="VLD155" uid="10456863" lat="19.7790887" lon="105.7801141"/>
 <node id="7952724815" visible="true" version="1" changeset="91666188" timestamp="2020-09-28T20:57:09Z" user="VLD155" uid="10456863" lat="19.7797703" lon="105.7793436"/>
 <node id="7952724816" visible="true" version="1" changeset="91666188" timestamp="2020-09-28T20:57:09Z" user="VLD155" uid="10456863" lat="19.7792423" lon="105.7802614"/>
 <node id="7952724817" visible="true" version="1" changeset="91666188" timestamp="2020-09-28T20:57:09Z" user="VLD155" uid="10456863" lat="19.7799286" lon="105.7794995"/>
 <node id="7954758205" visible="true" version="1" changeset="91713294" timestamp="2020-09-29T14:13:59Z" user="VLD155" uid="10456863" lat="19.7638119" lon="105.7979421"/>
 <node id="7954952015" visible="true" version="1" changeset="91715384" timestamp="2020-09-29T14:56:12Z" user="VLD155" uid="10456863" lat="19.7636050" lon="105.7978533"/>
 <node id="7955569852" visible="true" version="1" changeset="91719570" timestamp="2020-09-29T16:34:38Z" user="VLD155" uid="10456863" lat="19.7605456" lon="105.8013689"/>
 <node id="7955569862" visible="true" version="2" changeset="92118920" timestamp="2020-10-07T14:31:13Z" user="VLD154" uid="10422433" lat="19.7599829" lon="105.8020065"/>
 <node id="7967244859" visible="true" version="1" changeset="91883916" timestamp="2020-10-02T21:03:03Z" user="VLD154" uid="10422433" lat="19.7444398" lon="105.8199341"/>
 <node id="7967271376" visible="true" version="1" changeset="91884645" timestamp="2020-10-02T21:30:59Z" user="VLD154" uid="10422433" lat="19.7441228" lon="105.8206259"/>
 <node id="7967301788" visible="true" version="1" changeset="91884645" timestamp="2020-10-02T21:30:59Z" user="VLD154" uid="10422433" lat="19.7463867" lon="105.8180251"/>
 <node id="7981603361" visible="true" version="1" changeset="92055434" timestamp="2020-10-06T14:20:13Z" user="VLD154" uid="10422433" lat="19.7500901" lon="105.8137454"/>
 <node id="7982790309" visible="true" version="1" changeset="92070231" timestamp="2020-10-06T21:06:00Z" user="VLD154" uid="10422433" lat="19.7581975" lon="105.8044070"/>
 <node id="7982790314" visible="true" version="1" changeset="92070231" timestamp="2020-10-06T21:06:00Z" user="VLD154" uid="10422433" lat="19.7582597" lon="105.8039736"/>
 <node id="7982877099" visible="true" version="1" changeset="92070151" timestamp="2020-10-06T21:03:37Z" user="VLD154" uid="10422433" lat="19.7585057" lon="105.8040503"/>
 <node id="7982917770" visible="true" version="1" changeset="92070348" timestamp="2020-10-06T21:10:00Z" user="VLD154" uid="10422433" lat="19.7585603" lon="105.8036285"/>
 <node id="7982917777" visible="true" version="1" changeset="92070348" timestamp="2020-10-06T21:10:00Z" user="VLD154" uid="10422433" lat="19.7590958" lon="105.8030132"/>
 <node id="7982990799" visible="true" version="1" changeset="92070790" timestamp="2020-10-06T21:28:20Z" user="VLD154" uid="10422433" lat="19.7549295" lon="105.8078243"/>
 <node id="8061891538" visible="true" version="3" changeset="166853480" timestamp="2025-05-28T05:55:42Z" user="ZioDragon" uid="13799024" lat="19.7687688" lon="105.7761168"/>
 <node id="8061891540" visible="true" version="2" changeset="166853480" timestamp="2025-05-28T05:55:42Z" user="ZioDragon" uid="13799024" lat="19.7661570" lon="105.7765649"/>
 <node id="8061891541" visible="true" version="2" changeset="166853480" timestamp="2025-05-28T05:55:42Z" user="ZioDragon" uid="13799024" lat="19.7661858" lon="105.7767264"/>
 <node id="8256211490" visible="true" version="3" changeset="166853480" timestamp="2025-05-28T05:55:42Z" user="ZioDragon" uid="13799024" lat="19.7761395" lon="105.7753627"/>
 <node id="8256317987" visible="true" version="1" changeset="96356623" timestamp="2020-12-24T04:20:32Z" user="vydn" uid="11990153" lat="19.7729542" lon="105.7756159"/>
 <node id="8574249256" visible="true" version="1" changeset="101965524" timestamp="2021-03-30T08:04:09Z" user="danut_grab" uid="10683734" lat="19.7761783" lon="105.7708308"/>
 <node id="8574276553" visible="true" version="2" changeset="166853480" timestamp="2025-05-28T05:55:42Z" user="ZioDragon" uid="13799024" lat="19.7769454" lon="105.7756349"/>
 <node id="8574279935" visible="true" version="4" changeset="144330648" timestamp="2023-11-22T15:19:13Z" user="vietnam321" uid="11196308" lat="19.7742216" lon="105.7693579"/>
 <node id="8574389681" visible="true" version="2" changeset="166853480" timestamp="2025-05-28T05:55:42Z" user="ZioDragon" uid="13799024" lat="19.7775312" lon="105.7755466"/>
 <node id="8574397237" visible="true" version="1" changeset="101968445" timestamp="2021-03-30T08:44:50Z" user="rat_lorand_grab" uid="10678755" lat="19.7785240" lon="105.7723586"/>
 <node id="8574455139" visible="true" version="1" changeset="101969928" timestamp="2021-03-30T09:04:07Z" user="szilardk_grab" uid="10143877" lat="19.7765944" lon="105.7711102"/>
 <node id="8574638080" visible="true" version="1" changeset="101974239" timestamp="2021-03-30T09:57:42Z" user="szilardk_grab" uid="10143877" lat="19.7749768" lon="105.7798282"/>
 <node id="8574638089" visible="true" version="1" changeset="101974239" timestamp="2021-03-30T09:57:42Z" user="szilardk_grab" uid="10143877" lat="19.7776808" lon="105.7808511"/>
 <node id="8574638091" visible="true" version="1" changeset="101974239" timestamp="2021-03-30T09:57:42Z" user="szilardk_grab" uid="10143877" lat="19.7757330" lon="105.7789860"/>
 <node id="8574638092" visible="true" version="1" changeset="101974239" timestamp="2021-03-30T09:57:42Z" user="szilardk_grab" uid="10143877" lat="19.7751522" lon="105.7796336"/>
 <node id="8574638093" visible="true" version="1" changeset="101974239" timestamp="2021-03-30T09:57:42Z" user="szilardk_grab" uid="10143877" lat="19.7763969" lon="105.7782092"/>
 <node id="8574638096" visible="true" version="1" changeset="101974239" timestamp="2021-03-30T09:57:42Z" user="szilardk_grab" uid="10143877" lat="19.7783477" lon="105.7800799"/>
 <node id="8574638097" visible="true" version="1" changeset="101974239" timestamp="2021-03-30T09:57:42Z" user="szilardk_grab" uid="10143877" lat="19.7770674" lon="105.7815710"/>
 <node id="8574638098" visible="true" version="1" changeset="101974239" timestamp="2021-03-30T09:57:42Z" user="szilardk_grab" uid="10143877" lat="19.7780139" lon="105.7804602"/>
 <node id="8574638100" visible="true" version="1" changeset="101974239" timestamp="2021-03-30T09:57:42Z" user="szilardk_grab" uid="10143877" lat="19.7760755" lon="105.7786041"/>
 <node id="8574638103" visible="true" version="2" changeset="166853480" timestamp="2025-05-28T05:55:42Z" user="ZioDragon" uid="13799024" lat="19.7749519" lon="105.7754008"/>
 <node id="8574903860" visible="true" version="1" changeset="101980320" timestamp="2021-03-30T11:13:10Z" user="ionut_radu" uid="10664319" lat="19.7762208" lon="105.7761428"/>
 <node id="8654304807" visible="true" version="2" changeset="166853480" timestamp="2025-05-28T05:55:42Z" user="ZioDragon" uid="13799024" lat="19.7727521" lon="105.7885703"/>
 <node id="8654310789" visible="true" version="1" changeset="103384384" timestamp="2021-04-22T06:30:05Z" user="jonna_kuti" uid="10751844" lat="19.7795523" lon="105.7755820"/>
 <node id="8654310790" visible="true" version="1" changeset="103384384" timestamp="2021-04-22T06:30:05Z" user="jonna_kuti" uid="10751844" lat="19.7790955" lon="105.7755129"/>
 <node id="8654310791" visible="true" version="1" changeset="103384384" timestamp="2021-04-22T06:30:05Z" user="jonna_kuti" uid="10751844" lat="19.7795208" lon="105.7755639"/>
 <node id="8654310792" visible="true" version="1" changeset="103384384" timestamp="2021-04-22T06:30:05Z" user="jonna_kuti" uid="10751844" lat="19.7795687" lon="105.7756188"/>
 <node id="8654310793" visible="true" version="2" changeset="166853480" timestamp="2025-05-28T05:55:42Z" user="ZioDragon" uid="13799024" lat="19.7795127" lon="105.7758083"/>
 <node id="8654310794" visible="true" version="2" changeset="166853480" timestamp="2025-05-28T05:55:42Z" user="ZioDragon" uid="13799024" lat="19.7794964" lon="105.7759719"/>
 <node id="8654310795" visible="true" version="1" changeset="103384384" timestamp="2021-04-22T06:30:05Z" user="jonna_kuti" uid="10751844" lat="19.7794898" lon="105.7764961"/>
 <node id="8654312164" visible="true" version="2" changeset="166853480" timestamp="2025-05-28T05:55:42Z" user="ZioDragon" uid="13799024" lat="19.7787583" lon="105.7814888"/>
 <node id="8654312167" visible="true" version="2" changeset="166853480" timestamp="2025-05-28T05:55:42Z" user="ZioDragon" uid="13799024" lat="19.7792716" lon="105.7809088"/>
 <node id="8654320303" visible="true" version="1" changeset="103384772" timestamp="2021-04-22T06:35:12Z" user="jonna_kuti" uid="10751844" lat="19.7830581" lon="105.7772912"/>
 <node id="8654320546" visible="true" version="1" changeset="103384180" timestamp="2021-04-22T06:27:29Z" user="jonna_kuti" uid="10751844" lat="19.7802040" lon="105.7791866"/>
 <node id="8654320547" visible="true" version="1" changeset="103384180" timestamp="2021-04-22T06:27:29Z" user="jonna_kuti" uid="10751844" lat="19.7801328" lon="105.7790937"/>
 <node id="8654320548" visible="true" version="1" changeset="103384180" timestamp="2021-04-22T06:27:29Z" user="jonna_kuti" uid="10751844" lat="19.7801265" lon="105.7790507"/>
 <node id="8654320549" visible="true" version="1" changeset="103384180" timestamp="2021-04-22T06:27:29Z" user="jonna_kuti" uid="10751844" lat="19.7801303" lon="105.7790132"/>
 <node id="8654320550" visible="true" version="1" changeset="103384180" timestamp="2021-04-22T06:27:29Z" user="jonna_kuti" uid="10751844" lat="19.7801442" lon="105.7789770"/>
 <node id="8654320551" visible="true" version="1" changeset="103384180" timestamp="2021-04-22T06:27:29Z" user="jonna_kuti" uid="10751844" lat="19.7804559" lon="105.7786202"/>
 <node id="8654320552" visible="true" version="1" changeset="103384180" timestamp="2021-04-22T06:27:29Z" user="jonna_kuti" uid="10751844" lat="19.7809558" lon="105.7780472"/>
 <node id="8654329066" visible="true" version="1" changeset="103384555" timestamp="2021-04-22T06:32:22Z" user="jonna_kuti" uid="10751844" lat="19.7822523" lon="105.7759722"/>
 <node id="8654329067" visible="true" version="1" changeset="103384555" timestamp="2021-04-22T06:32:22Z" user="jonna_kuti" uid="10751844" lat="19.7821558" lon="105.7756879"/>
 <node id="8654329068" visible="true" version="1" changeset="103384555" timestamp="2021-04-22T06:32:22Z" user="jonna_kuti" uid="10751844" lat="19.7814620" lon="105.7754294"/>
 <node id="8654329069" visible="true" version="1" changeset="103384555" timestamp="2021-04-22T06:32:22Z" user="jonna_kuti" uid="10751844" lat="19.7814210" lon="105.7754365"/>
 <node id="8654329070" visible="true" version="1" changeset="103384555" timestamp="2021-04-22T06:32:22Z" user="jonna_kuti" uid="10751844" lat="19.7816813" lon="105.7752752"/>
 <node id="8654329071" visible="true" version="1" changeset="103384555" timestamp="2021-04-22T06:32:22Z" user="jonna_kuti" uid="10751844" lat="19.7816525" lon="105.7752728"/>
 <node id="8654329072" visible="true" version="1" changeset="103384555" timestamp="2021-04-22T06:32:22Z" user="jonna_kuti" uid="10751844" lat="19.7812825" lon="105.7753627"/>
 <node id="8654329073" visible="true" version="1" changeset="103384555" timestamp="2021-04-22T06:32:22Z" user="jonna_kuti" uid="10751844" lat="19.7813771" lon="105.7754217"/>
 <node id="8654329074" visible="true" version="1" changeset="103384555" timestamp="2021-04-22T06:32:22Z" user="jonna_kuti" uid="10751844" lat="19.7814049" lon="105.7754351"/>
 <node id="8654329075" visible="true" version="1" changeset="103384555" timestamp="2021-04-22T06:32:22Z" user="jonna_kuti" uid="10751844" lat="19.7814390" lon="105.7754338"/>
 <node id="8654329076" visible="true" version="1" changeset="103384555" timestamp="2021-04-22T06:32:22Z" user="jonna_kuti" uid="10751844" lat="19.7814856" lon="105.7754190"/>
 <node id="8654329077" visible="true" version="1" changeset="103384555" timestamp="2021-04-22T06:32:22Z" user="jonna_kuti" uid="10751844" lat="19.7815475" lon="105.7753620"/>
 <node id="8654329078" visible="true" version="1" changeset="103384555" timestamp="2021-04-22T06:32:22Z" user="jonna_kuti" uid="10751844" lat="19.7816358" lon="105.7752796"/>
 <node id="8654329079" visible="true" version="1" changeset="103384555" timestamp="2021-04-22T06:32:22Z" user="jonna_kuti" uid="10751844" lat="19.7816674" lon="105.7752742"/>
 <node id="8654329080" visible="true" version="1" changeset="103384555" timestamp="2021-04-22T06:32:22Z" user="jonna_kuti" uid="10751844" lat="19.7816939" lon="105.7752822"/>
 <node id="8654329081" visible="true" version="1" changeset="103384555" timestamp="2021-04-22T06:32:22Z" user="jonna_kuti" uid="10751844" lat="19.7821267" lon="105.7756564"/>
 <node id="8654329082" visible="true" version="1" changeset="103384555" timestamp="2021-04-22T06:32:22Z" user="jonna_kuti" uid="10751844" lat="19.7821835" lon="105.7757328"/>
 <node id="8654329083" visible="true" version="1" changeset="103384555" timestamp="2021-04-22T06:32:22Z" user="jonna_kuti" uid="10751844" lat="19.7822138" lon="105.7757965"/>
 <node id="8654329084" visible="true" version="1" changeset="103384555" timestamp="2021-04-22T06:32:22Z" user="jonna_kuti" uid="10751844" lat="19.7822403" lon="105.7758777"/>
 <node id="8654329085" visible="true" version="1" changeset="103384555" timestamp="2021-04-22T06:32:22Z" user="jonna_kuti" uid="10751844" lat="19.7822504" lon="105.7759300"/>
 <node id="8654329086" visible="true" version="2" changeset="166853480" timestamp="2025-05-28T05:55:42Z" user="ZioDragon" uid="13799024" lat="19.7822326" lon="105.7761777"/>
 <node id="8654335990" visible="true" version="1" changeset="103384911" timestamp="2021-04-22T06:36:56Z" user="jonna_kuti" uid="10751844" lat="19.7825621" lon="105.7786953"/>
 <node id="8654335991" visible="true" version="1" changeset="103384911" timestamp="2021-04-22T06:36:56Z" user="jonna_kuti" uid="10751844" lat="19.7830770" lon="105.7781053"/>
 <node id="8654335992" visible="true" version="1" changeset="103384911" timestamp="2021-04-22T06:36:56Z" user="jonna_kuti" uid="10751844" lat="19.7829281" lon="105.7782608"/>
 <node id="8654335993" visible="true" version="1" changeset="103384911" timestamp="2021-04-22T06:36:56Z" user="jonna_kuti" uid="10751844" lat="19.7826075" lon="105.7779175"/>
 <node id="8654335994" visible="true" version="1" changeset="103384911" timestamp="2021-04-22T06:36:56Z" user="jonna_kuti" uid="10751844" lat="19.7825495" lon="105.7779068"/>
 <node id="8654335995" visible="true" version="1" changeset="103384911" timestamp="2021-04-22T06:36:56Z" user="jonna_kuti" uid="10751844" lat="19.7825041" lon="105.7779390"/>
 <node id="8654335996" visible="true" version="1" changeset="103384911" timestamp="2021-04-22T06:36:56Z" user="jonna_kuti" uid="10751844" lat="19.7820472" lon="105.7784083"/>
 <node id="8654347144" visible="true" version="1" changeset="103385004" timestamp="2021-04-22T06:37:59Z" user="jonna_kuti" uid="10751844" lat="19.7852866" lon="105.7780355"/>
 <node id="8654364733" visible="true" version="1" changeset="103385652" timestamp="2021-04-22T06:46:03Z" user="jonna_kuti" uid="10751844" lat="19.7810768" lon="105.7704615"/>
 <node id="8654374516" visible="true" version="1" changeset="103386006" timestamp="2021-04-22T06:50:05Z" user="jonna_kuti" uid="10751844" lat="19.7850544" lon="105.7730687"/>
 <node id="8654376225" visible="true" version="1" changeset="103385852" timestamp="2021-04-22T06:48:27Z" user="jonna_kuti" uid="10751844" lat="19.7855322" lon="105.7725322"/>
 <node id="8654382617" visible="true" version="1" changeset="103386006" timestamp="2021-04-22T06:50:05Z" user="jonna_kuti" uid="10751844" lat="19.7854846" lon="105.7730520"/>
 <node id="8654382618" visible="true" version="1" changeset="103386006" timestamp="2021-04-22T06:50:05Z" user="jonna_kuti" uid="10751844" lat="19.7854781" lon="105.7731026"/>
 <node id="8654382619" visible="true" version="1" changeset="103386006" timestamp="2021-04-22T06:50:05Z" user="jonna_kuti" uid="10751844" lat="19.7854668" lon="105.7731539"/>
 <node id="8654382620" visible="true" version="1" changeset="103386006" timestamp="2021-04-22T06:50:05Z" user="jonna_kuti" uid="10751844" lat="19.7854109" lon="105.7733182"/>
 <node id="8654382621" visible="true" version="1" changeset="103386006" timestamp="2021-04-22T06:50:05Z" user="jonna_kuti" uid="10751844" lat="19.7854204" lon="105.7732820"/>
 <node id="8654382622" visible="true" version="1" changeset="103386006" timestamp="2021-04-22T06:50:05Z" user="jonna_kuti" uid="10751844" lat="19.7853617" lon="105.7735120"/>
 <node id="8654382623" visible="true" version="1" changeset="103386006" timestamp="2021-04-22T06:50:05Z" user="jonna_kuti" uid="10751844" lat="19.7854015" lon="105.7733537"/>
 <node id="8654382624" visible="true" version="1" changeset="103386006" timestamp="2021-04-22T06:50:05Z" user="jonna_kuti" uid="10751844" lat="19.7854393" lon="105.7732303"/>
 <node id="8654382625" visible="true" version="1" changeset="103386006" timestamp="2021-04-22T06:50:05Z" user="jonna_kuti" uid="10751844" lat="19.7854583" lon="105.7731821"/>
 <node id="8654382626" visible="true" version="1" changeset="103386006" timestamp="2021-04-22T06:50:05Z" user="jonna_kuti" uid="10751844" lat="19.7854731" lon="105.7731274"/>
 <node id="8654382627" visible="true" version="1" changeset="103386006" timestamp="2021-04-22T06:50:05Z" user="jonna_kuti" uid="10751844" lat="19.7854829" lon="105.7730754"/>
 <node id="8654382628" visible="true" version="1" changeset="103386006" timestamp="2021-04-22T06:50:05Z" user="jonna_kuti" uid="10751844" lat="19.7854841" lon="105.7730309"/>
 <node id="8654382629" visible="true" version="1" changeset="103386006" timestamp="2021-04-22T06:50:05Z" user="jonna_kuti" uid="10751844" lat="19.7854327" lon="105.7725586"/>
 <node id="8654403562" visible="true" version="1" changeset="103386757" timestamp="2021-04-22T06:59:16Z" user="jonna_kuti" uid="10751844" lat="19.7845956" lon="105.7751167"/>
 <node id="8654411218" visible="true" version="1" changeset="103386834" timestamp="2021-04-22T07:00:19Z" user="jonna_kuti" uid="10751844" lat="19.7836520" lon="105.7722222"/>
 <node id="8654422281" visible="true" version="1" changeset="103387240" timestamp="2021-04-22T07:07:57Z" user="vavilala1" uid="11589182" lat="19.7672177" lon="105.7941671"/>
 <node id="8654810357" visible="true" version="3" changeset="166853480" timestamp="2025-05-28T05:55:42Z" user="ZioDragon" uid="13799024" lat="19.7714502" lon="105.7756815"/>
 <node id="8654917729" visible="true" version="2" changeset="166853480" timestamp="2025-05-28T05:55:42Z" user="ZioDragon" uid="13799024" lat="19.7759814" lon="105.7846268"/>
 <node id="8655346308" visible="true" version="1" changeset="103410743" timestamp="2021-04-22T11:59:28Z" user="p_raj" uid="11589169" lat="19.7727386" lon="105.7682941"/>
 <node id="8655356012" visible="true" version="1" changeset="103410785" timestamp="2021-04-22T12:00:03Z" user="p_raj" uid="11589169" lat="19.7716781" lon="105.7678184"/>
 <node id="8655363152" visible="true" version="1" changeset="103411135" timestamp="2021-04-22T12:04:52Z" user="p_raj" uid="11589169" lat="19.7771417" lon="105.7833688"/>
 <node id="8655374319" visible="true" version="1" changeset="103410785" timestamp="2021-04-22T12:00:03Z" user="p_raj" uid="11589169" lat="19.7719125" lon="105.7679235"/>
 <node id="8724182423" visible="true" version="2" changeset="166853480" timestamp="2025-05-28T05:55:42Z" user="ZioDragon" uid="13799024" lat="19.7848873" lon="105.7765210"/>
 <node id="8724185133" visible="true" version="2" changeset="166853480" timestamp="2025-05-28T05:55:42Z" user="ZioDragon" uid="13799024" lat="19.7759033" lon="105.7754972"/>
 <node id="8724185134" visible="true" version="2" changeset="166853480" timestamp="2025-05-28T05:55:42Z" user="ZioDragon" uid="13799024" lat="19.7759196" lon="105.7753337"/>
 <node id="8838027765" visible="true" version="2" changeset="106448931" timestamp="2021-06-16T08:10:12Z" user="adi_ch" uid="11667991" lat="19.7401237" lon="105.8252604"/>
 <node id="8838121838" visible="true" version="1" changeset="106451581" timestamp="2021-06-16T08:48:40Z" user="adi_ch" uid="11667991" lat="19.7336592" lon="105.8327028"/>
 <node id="8838579870" visible="true" version="1" changeset="106464745" timestamp="2021-06-16T11:50:12Z" user="saka_1" uid="11660552" lat="19.7865165" lon="105.7816919"/>
 <node id="8838643586" visible="true" version="1" changeset="106465893" timestamp="2021-06-16T12:06:12Z" user="prashan_ti" uid="11516269" lat="19.7431127" lon="105.8214631"/>
 <node id="8838679967" visible="true" version="1" changeset="106467071" timestamp="2021-06-16T12:21:46Z" user="prashan_ti" uid="11516269" lat="19.7429270" lon="105.8220199"/>
 <node id="8838684552" visible="true" version="1" changeset="106467397" timestamp="2021-06-16T12:26:32Z" user="prashan_ti" uid="11516269" lat="19.7441829" lon="105.8202301"/>
 <node id="8838693239" visible="true" version="2" changeset="166853480" timestamp="2025-05-28T05:55:42Z" user="ZioDragon" uid="13799024" lat="19.7728209" lon="105.7881983"/>
 <node id="8838711375" visible="true" version="1" changeset="106467384" timestamp="2021-06-16T12:26:20Z" user="prashan_ti" uid="11516269" lat="19.7436190" lon="105.8208797"/>
 <node id="8838772795" visible="true" version="2" changeset="166853480" timestamp="2025-05-28T05:55:42Z" user="ZioDragon" uid="13799024" lat="19.7637356" lon="105.7769751"/>
 <node id="8840699579" visible="true" version="1" changeset="106499129" timestamp="2021-06-17T04:27:33Z" user="m_rak" uid="11585587" lat="19.7576870" lon="105.8046149"/>
 <node id="8840783890" visible="true" version="1" changeset="106500249" timestamp="2021-06-17T04:49:59Z" user="m_rak" uid="11585587" lat="19.7562673" lon="105.8066342"/>
 <node id="8840803621" visible="true" version="1" changeset="106500387" timestamp="2021-06-17T04:52:44Z" user="m_rak" uid="11585587" lat="19.7672526" lon="105.7944045"/>
 <node id="8841089898" visible="true" version="1" changeset="106508820" timestamp="2021-06-17T07:06:34Z" user="prashan_ti" uid="11516269" lat="19.7461444" lon="105.8179701"/>
 <node id="9057568167" visible="true" version="2" changeset="110661749" timestamp="2021-09-03T08:22:27Z" user="vietnam321" uid="11196308" lat="19.7766398" lon="105.7730624"/>
 <node id="9057568183" visible="true" version="1" changeset="110646018" timestamp="2021-09-03T03:02:42Z" user="vietnam321" uid="11196308" lat="19.7774433" lon="105.7717663"/>
 <node id="9058154583" visible="true" version="1" changeset="110661749" timestamp="2021-09-03T08:22:27Z" user="vietnam321" uid="11196308" lat="19.7782092" lon="105.7741241"/>
 <node id="9058154585" visible="true" version="1" changeset="110661749" timestamp="2021-09-03T08:22:27Z" user="vietnam321" uid="11196308" lat="19.7767997" lon="105.7731787"/>
 <node id="9058154590" visible="true" version="1" changeset="110661749" timestamp="2021-09-03T08:22:27Z" user="vietnam321" uid="11196308" lat="19.7790466" lon="105.7727569"/>
 <node id="9337835746" visible="true" version="1" changeset="114929850" timestamp="2021-12-14T15:46:11Z" user="GrabVN_Ánh Linh Lê" uid="13749044" lat="19.7717092" lon="105.7678323"/>
 <node id="9534427646" visible="true" version="1" changeset="117845494" timestamp="2022-02-25T11:26:15Z" user="gojala_n" uid="13528338" lat="19.7824914" lon="105.7752836"/>
 <node id="9534427647" visible="true" version="1" changeset="117845494" timestamp="2022-02-25T11:26:15Z" user="gojala_n" uid="13528338" lat="19.7822062" lon="105.7747632"/>
 <node id="9534427648" visible="true" version="1" changeset="117845494" timestamp="2022-02-25T11:26:15Z" user="gojala_n" uid="13528338" lat="19.7824397" lon="105.7751226"/>
 <node id="9534427649" visible="true" version="1" changeset="117845494" timestamp="2022-02-25T11:26:15Z" user="gojala_n" uid="13528338" lat="19.7825722" lon="105.7758361"/>
 <node id="10120337762" visible="true" version="1" changeset="127911464" timestamp="2022-10-22T07:38:33Z" user="vietnam321" uid="11196308" lat="19.7788770" lon="105.7833876"/>
 <node id="10120337767" visible="true" version="1" changeset="127911464" timestamp="2022-10-22T07:38:33Z" user="vietnam321" uid="11196308" lat="19.7826954" lon="105.7798330"/>
 <node id="10120337768" visible="true" version="1" changeset="127911464" timestamp="2022-10-22T07:38:33Z" user="vietnam321" uid="11196308" lat="19.7819129" lon="105.7807611"/>
 <node id="10120337769" visible="true" version="1" changeset="127911464" timestamp="2022-10-22T07:38:33Z" user="vietnam321" uid="11196308" lat="19.7819281" lon="105.7808737"/>
 <node id="10120337770" visible="true" version="1" changeset="127911464" timestamp="2022-10-22T07:38:33Z" user="vietnam321" uid="11196308" lat="19.7826903" lon="105.7816248"/>
 <node id="10120337771" visible="true" version="1" changeset="127911464" timestamp="2022-10-22T07:38:33Z" user="vietnam321" uid="11196308" lat="19.7827963" lon="105.7816087"/>
 <node id="10120337772" visible="true" version="1" changeset="127911464" timestamp="2022-10-22T07:38:33Z" user="vietnam321" uid="11196308" lat="19.7835535" lon="105.7807396"/>
 <node id="10120337773" visible="true" version="1" changeset="127911464" timestamp="2022-10-22T07:38:33Z" user="vietnam321" uid="11196308" lat="19.7835484" lon="105.7806699"/>
 <node id="10120337774" visible="true" version="1" changeset="127911464" timestamp="2022-10-22T07:38:33Z" user="vietnam321" uid="11196308" lat="19.7827559" lon="105.7798384"/>
 <node id="10120337775" visible="true" version="1" changeset="127911464" timestamp="2022-10-22T07:38:33Z" user="vietnam321" uid="11196308" lat="19.7802623" lon="105.7777412"/>
 <node id="10120337776" visible="true" version="1" changeset="127911464" timestamp="2022-10-22T07:38:33Z" user="vietnam321" uid="11196308" lat="19.7795859" lon="105.7785405"/>
 <node id="10120337777" visible="true" version="1" changeset="127911464" timestamp="2022-10-22T07:38:33Z" user="vietnam321" uid="11196308" lat="19.7795177" lon="105.7785432"/>
 <node id="10120337778" visible="true" version="1" changeset="127911464" timestamp="2022-10-22T07:38:33Z" user="vietnam321" uid="11196308" lat="19.7786974" lon="105.7777600"/>
 <node id="10120337779" visible="true" version="1" changeset="127911464" timestamp="2022-10-22T07:38:33Z" user="vietnam321" uid="11196308" lat="19.7786974" lon="105.7776849"/>
 <node id="10120337780" visible="true" version="1" changeset="127911464" timestamp="2022-10-22T07:38:33Z" user="vietnam321" uid="11196308" lat="19.7788135" lon="105.7775400"/>
 <node id="10120337781" visible="true" version="1" changeset="127911464" timestamp="2022-10-22T07:38:33Z" user="vietnam321" uid="11196308" lat="19.7789423" lon="105.7774864"/>
 <node id="10120337782" visible="true" version="1" changeset="127911464" timestamp="2022-10-22T07:38:33Z" user="vietnam321" uid="11196308" lat="19.7802270" lon="105.7776232"/>
 <node id="10657414506" visible="true" version="1" changeset="132530013" timestamp="2023-02-14T10:33:06Z" user="vietnam321" uid="11196308" lat="19.7830278" lon="105.7793480"/>
 <node id="10657414507" visible="true" version="2" changeset="167636454" timestamp="2025-06-15T05:43:44Z" user="user_22995996" uid="22995996" lat="19.7803239" lon="105.7777679"/>
 <node id="10657414527" visible="true" version="1" changeset="132530013" timestamp="2023-02-14T10:33:06Z" user="vietnam321" uid="11196308" lat="19.7869956" lon="105.7658468"/>
 <node id="10913575450" visible="true" version="1" changeset="136321810" timestamp="2023-05-20T04:32:40Z" user="vietnam321" uid="11196308" lat="19.7334403" lon="105.8326067"/>
 <node id="10913575452" visible="true" version="1" changeset="136321810" timestamp="2023-05-20T04:32:40Z" user="vietnam321" uid="11196308" lat="19.7372105" lon="105.8282631"/>
 <node id="11104559832" visible="true" version="1" changeset="139702103" timestamp="2023-08-10T11:30:16Z" user="Oksana18_18" uid="19153593" lat="19.7810793" lon="105.7752353"/>
 <node id="11104559833" visible="true" version="1" changeset="139702103" timestamp="2023-08-10T11:30:16Z" user="Oksana18_18" uid="19153593" lat="19.7809809" lon="105.7751495"/>
 <node id="11104559834" visible="true" version="1" changeset="139702103" timestamp="2023-08-10T11:30:16Z" user="Oksana18_18" uid="19153593" lat="19.7809077" lon="105.7751092"/>
 <node id="11104559835" visible="true" version="1" changeset="139702103" timestamp="2023-08-10T11:30:16Z" user="Oksana18_18" uid="19153593" lat="19.7807890" lon="105.7750154"/>
 <node id="11104673067" visible="true" version="1" changeset="139704254" timestamp="2023-08-10T12:15:54Z" user="Oksana18_18" uid="19153593" lat="19.7817393" lon="105.7769278"/>
 <node id="11104673068" visible="true" version="1" changeset="139704254" timestamp="2023-08-10T12:15:54Z" user="Oksana18_18" uid="19153593" lat="19.7815500" lon="105.7768473"/>
 <node id="11515558167" visible="true" version="1" changeset="146233881" timestamp="2024-01-14T05:10:39Z" user="vietnam321" uid="11196308" lat="19.7502500" lon="105.8132397"/>
 <node id="11515572872" visible="true" version="1" changeset="146233881" timestamp="2024-01-14T05:10:39Z" user="vietnam321" uid="11196308" lat="19.7417167" lon="105.8230714"/>
 <node id="11515572875" visible="true" version="2" changeset="166853480" timestamp="2025-05-28T05:55:42Z" user="ZioDragon" uid="13799024" lat="19.7762605" lon="105.7846057"/>
 <node id="11515572882" visible="true" version="1" changeset="146233881" timestamp="2024-01-14T05:10:39Z" user="vietnam321" uid="11196308" lat="19.7418772" lon="105.8232335"/>
 <node id="11515572884" visible="true" version="1" changeset="146233881" timestamp="2024-01-14T05:10:39Z" user="vietnam321" uid="11196308" lat="19.7386164" lon="105.8266434"/>
 <node id="11515572885" visible="true" version="1" changeset="146233881" timestamp="2024-01-14T05:10:39Z" user="vietnam321" uid="11196308" lat="19.7387757" lon="105.8268123"/>
 <node id="11515572887" visible="true" version="1" changeset="146233881" timestamp="2024-01-14T05:10:39Z" user="vietnam321" uid="11196308" lat="19.7351841" lon="105.8309472"/>
 <node id="11515572891" visible="true" version="1" changeset="146233881" timestamp="2024-01-14T05:10:39Z" user="vietnam321" uid="11196308" lat="19.7350276" lon="105.8307780"/>
 <node id="11515572892" visible="true" version="1" changeset="146233881" timestamp="2024-01-14T05:10:39Z" user="vietnam321" uid="11196308" lat="19.7503932" lon="105.8133967"/>
 <node id="11644964218" visible="true" version="2" changeset="147708070" timestamp="2024-02-20T20:53:20Z" user="Tommybara" uid="12198525" lat="19.7917224" lon="105.7623647"/>
 <node id="11647407390" visible="true" version="1" changeset="147713769" timestamp="2024-02-21T01:23:06Z" user="Tommybara" uid="12198525" lat="19.7767482" lon="105.7711979"/>
 <node id="11647407391" visible="true" version="1" changeset="147713769" timestamp="2024-02-21T01:23:06Z" user="Tommybara" uid="12198525" lat="19.7770460" lon="105.7707258"/>
 <node id="11647407392" visible="true" version="1" changeset="147713769" timestamp="2024-02-21T01:23:06Z" user="Tommybara" uid="12198525" lat="19.7771634" lon="105.7708150"/>
 <node id="11647407393" visible="true" version="1" changeset="147713769" timestamp="2024-02-21T01:23:06Z" user="Tommybara" uid="12198525" lat="19.7744801" lon="105.7716255"/>
 <node id="11647407394" visible="true" version="1" changeset="147713769" timestamp="2024-02-21T01:23:06Z" user="Tommybara" uid="12198525" lat="19.7746507" lon="105.7713072"/>
 <node id="11647407395" visible="true" version="1" changeset="147713769" timestamp="2024-02-21T01:23:06Z" user="Tommybara" uid="12198525" lat="19.7743693" lon="105.7710591"/>
 <node id="11647407396" visible="true" version="1" changeset="147713769" timestamp="2024-02-21T01:23:06Z" user="Tommybara" uid="12198525" lat="19.7750487" lon="105.7700655"/>
 <node id="11647407397" visible="true" version="1" changeset="147713769" timestamp="2024-02-21T01:23:06Z" user="Tommybara" uid="12198525" lat="19.7809999" lon="105.7735515"/>
 <node id="11647407398" visible="true" version="1" changeset="147713769" timestamp="2024-02-21T01:23:06Z" user="Tommybara" uid="12198525" lat="19.7809886" lon="105.7735182"/>
 <node id="11647407399" visible="true" version="1" changeset="147713769" timestamp="2024-02-21T01:23:06Z" user="Tommybara" uid="12198525" lat="19.7810111" lon="105.7735643"/>
 <node id="11647407400" visible="true" version="1" changeset="147713769" timestamp="2024-02-21T01:23:06Z" user="Tommybara" uid="12198525" lat="19.7809922" lon="105.7735361"/>
 <node id="11647407401" visible="true" version="1" changeset="147713769" timestamp="2024-02-21T01:23:06Z" user="Tommybara" uid="12198525" lat="19.7809897" lon="105.7734999"/>
 <node id="11647407402" visible="true" version="1" changeset="147713769" timestamp="2024-02-21T01:23:06Z" user="Tommybara" uid="12198525" lat="19.7810175" lon="105.7734530"/>
 <node id="11647407403" visible="true" version="1" changeset="147713769" timestamp="2024-02-21T01:23:06Z" user="Tommybara" uid="12198525" lat="19.7809733" lon="105.7734235"/>
 <node id="11647407404" visible="true" version="1" changeset="147713769" timestamp="2024-02-21T01:23:06Z" user="Tommybara" uid="12198525" lat="19.7808560" lon="105.7733157"/>
 <node id="11647407405" visible="true" version="1" changeset="147713769" timestamp="2024-02-21T01:23:06Z" user="Tommybara" uid="12198525" lat="19.7809127" lon="105.7733242"/>
 <node id="11647407406" visible="true" version="1" changeset="147713769" timestamp="2024-02-21T01:23:06Z" user="Tommybara" uid="12198525" lat="19.7807679" lon="105.7732901"/>
 <node id="11647407407" visible="true" version="1" changeset="147713769" timestamp="2024-02-21T01:23:06Z" user="Tommybara" uid="12198525" lat="19.7807376" lon="105.7732733"/>
 <node id="11647407408" visible="true" version="1" changeset="147713769" timestamp="2024-02-21T01:23:06Z" user="Tommybara" uid="12198525" lat="19.7807103" lon="105.7732514"/>
 <node id="11647407409" visible="true" version="1" changeset="147713769" timestamp="2024-02-21T01:23:06Z" user="Tommybara" uid="12198525" lat="19.7806700" lon="105.7731989"/>
 <node id="11647407410" visible="true" version="1" changeset="147713769" timestamp="2024-02-21T01:23:06Z" user="Tommybara" uid="12198525" lat="19.7806569" lon="105.7731706"/>
 <node id="11647407411" visible="true" version="1" changeset="147713769" timestamp="2024-02-21T01:23:06Z" user="Tommybara" uid="12198525" lat="19.7808004" lon="105.7733014"/>
 <node id="11647407412" visible="true" version="1" changeset="147713769" timestamp="2024-02-21T01:23:06Z" user="Tommybara" uid="12198525" lat="19.7806868" lon="105.7732250"/>
 <node id="11647407413" visible="true" version="1" changeset="147713769" timestamp="2024-02-21T01:23:06Z" user="Tommybara" uid="12198525" lat="19.7806477" lon="105.7731405"/>
 <node id="11647407414" visible="true" version="1" changeset="147713769" timestamp="2024-02-21T01:23:06Z" user="Tommybara" uid="12198525" lat="19.7806490" lon="105.7729316"/>
 <node id="11647407415" visible="true" version="1" changeset="147713769" timestamp="2024-02-21T01:23:06Z" user="Tommybara" uid="12198525" lat="19.7803928" lon="105.7728682"/>
 <node id="11647407416" visible="true" version="1" changeset="147713769" timestamp="2024-02-21T01:23:06Z" user="Tommybara" uid="12198525" lat="19.7802684" lon="105.7729535"/>
 <node id="11647407417" visible="true" version="1" changeset="147713769" timestamp="2024-02-21T01:23:06Z" user="Tommybara" uid="12198525" lat="19.7803404" lon="105.7729963"/>
 <node id="11647407418" visible="true" version="1" changeset="147713769" timestamp="2024-02-21T01:23:06Z" user="Tommybara" uid="12198525" lat="19.7802931" lon="105.7729708"/>
 <node id="11647407419" visible="true" version="1" changeset="147713769" timestamp="2024-02-21T01:23:06Z" user="Tommybara" uid="12198525" lat="19.7802451" lon="105.7729340"/>
 <node id="11647407420" visible="true" version="1" changeset="147713769" timestamp="2024-02-21T01:23:06Z" user="Tommybara" uid="12198525" lat="19.7802641" lon="105.7728830"/>
 <node id="11647407421" visible="true" version="1" changeset="147713769" timestamp="2024-02-21T01:23:06Z" user="Tommybara" uid="12198525" lat="19.7802653" lon="105.7728133"/>
 <node id="11647407422" visible="true" version="1" changeset="147713769" timestamp="2024-02-21T01:23:06Z" user="Tommybara" uid="12198525" lat="19.7801019" lon="105.7727522"/>
 <node id="11647407423" visible="true" version="1" changeset="147713769" timestamp="2024-02-21T01:23:06Z" user="Tommybara" uid="12198525" lat="19.7799460" lon="105.7726470"/>
 <node id="11647407424" visible="true" version="1" changeset="147713769" timestamp="2024-02-21T01:23:06Z" user="Tommybara" uid="12198525" lat="19.7799372" lon="105.7726617"/>
 <node id="11647407425" visible="true" version="1" changeset="147713769" timestamp="2024-02-21T01:23:06Z" user="Tommybara" uid="12198525" lat="19.7797340" lon="105.7725745"/>
 <node id="11647407426" visible="true" version="1" changeset="147713769" timestamp="2024-02-21T01:23:06Z" user="Tommybara" uid="12198525" lat="19.7796924" lon="105.7726282"/>
 <node id="11647407427" visible="true" version="1" changeset="147713769" timestamp="2024-02-21T01:23:06Z" user="Tommybara" uid="12198525" lat="19.7795107" lon="105.7725370"/>
 <node id="11647407428" visible="true" version="1" changeset="147713769" timestamp="2024-02-21T01:23:06Z" user="Tommybara" uid="12198525" lat="19.7794248" lon="105.7724673"/>
 <node id="11647407429" visible="true" version="1" changeset="147713769" timestamp="2024-02-21T01:23:06Z" user="Tommybara" uid="12198525" lat="19.7792213" lon="105.7723107"/>
 <node id="11647407430" visible="true" version="1" changeset="147713769" timestamp="2024-02-21T01:23:06Z" user="Tommybara" uid="12198525" lat="19.7792595" lon="105.7723828"/>
 <node id="11647407431" visible="true" version="1" changeset="147713769" timestamp="2024-02-21T01:23:06Z" user="Tommybara" uid="12198525" lat="19.7791654" lon="105.7722174"/>
 <node id="11647407432" visible="true" version="1" changeset="147713769" timestamp="2024-02-21T01:23:06Z" user="Tommybara" uid="12198525" lat="19.7791456" lon="105.7721991"/>
 <node id="11647407433" visible="true" version="1" changeset="147713769" timestamp="2024-02-21T01:23:06Z" user="Tommybara" uid="12198525" lat="19.7791800" lon="105.7722406"/>
 <node id="11647407434" visible="true" version="1" changeset="147713769" timestamp="2024-02-21T01:23:06Z" user="Tommybara" uid="12198525" lat="19.7791220" lon="105.7721870"/>
 <node id="11647407435" visible="true" version="1" changeset="147713769" timestamp="2024-02-21T01:23:06Z" user="Tommybara" uid="12198525" lat="19.7790917" lon="105.7721816"/>
 <node id="11647407436" visible="true" version="1" changeset="147713769" timestamp="2024-02-21T01:23:06Z" user="Tommybara" uid="12198525" lat="19.7790715" lon="105.7722332"/>
 <node id="11647407437" visible="true" version="1" changeset="147713769" timestamp="2024-02-21T01:23:06Z" user="Tommybara" uid="12198525" lat="19.7790387" lon="105.7722245"/>
 <node id="11647407438" visible="true" version="1" changeset="147713769" timestamp="2024-02-21T01:23:06Z" user="Tommybara" uid="12198525" lat="19.7790450" lon="105.7721950"/>
 <node id="11647407439" visible="true" version="1" changeset="147713769" timestamp="2024-02-21T01:23:06Z" user="Tommybara" uid="12198525" lat="19.7789402" lon="105.7721212"/>
 <node id="11647407440" visible="true" version="1" changeset="147713769" timestamp="2024-02-21T01:23:06Z" user="Tommybara" uid="12198525" lat="19.7788929" lon="105.7721977"/>
 <node id="11647407441" visible="true" version="1" changeset="147713769" timestamp="2024-02-21T01:23:06Z" user="Tommybara" uid="12198525" lat="19.7787995" lon="105.7721414"/>
 <node id="11647407442" visible="true" version="1" changeset="147713769" timestamp="2024-02-21T01:23:06Z" user="Tommybara" uid="12198525" lat="19.7788317" lon="105.7720783"/>
 <node id="11647407443" visible="true" version="1" changeset="147713769" timestamp="2024-02-21T01:23:06Z" user="Tommybara" uid="12198525" lat="19.7786853" lon="105.7719845"/>
 <node id="11647407444" visible="true" version="1" changeset="147713769" timestamp="2024-02-21T01:23:06Z" user="Tommybara" uid="12198525" lat="19.7786472" lon="105.7718396"/>
 <node id="11647407445" visible="true" version="1" changeset="147713769" timestamp="2024-02-21T01:23:06Z" user="Tommybara" uid="12198525" lat="19.7785656" lon="105.7718005"/>
 <node id="11647407446" visible="true" version="1" changeset="147713769" timestamp="2024-02-21T01:23:06Z" user="Tommybara" uid="12198525" lat="19.7784814" lon="105.7717683"/>
 <node id="11647407447" visible="true" version="1" changeset="147713769" timestamp="2024-02-21T01:23:06Z" user="Tommybara" uid="12198525" lat="19.7783022" lon="105.7717242"/>
 <node id="11647407448" visible="true" version="1" changeset="147713769" timestamp="2024-02-21T01:23:06Z" user="Tommybara" uid="12198525" lat="19.7787257" lon="105.7718852"/>
 <node id="11647407449" visible="true" version="1" changeset="147713769" timestamp="2024-02-21T01:23:06Z" user="Tommybara" uid="12198525" lat="19.7783951" lon="105.7717431"/>
 <node id="11647407450" visible="true" version="1" changeset="147713769" timestamp="2024-02-21T01:23:06Z" user="Tommybara" uid="12198525" lat="19.7782083" lon="105.7717136"/>
 <node id="11647407451" visible="true" version="1" changeset="147713769" timestamp="2024-02-21T01:23:06Z" user="Tommybara" uid="12198525" lat="19.7781048" lon="105.7716613"/>
 <node id="11647407452" visible="true" version="1" changeset="147713769" timestamp="2024-02-21T01:23:06Z" user="Tommybara" uid="12198525" lat="19.7780430" lon="105.7716317"/>
 <node id="11647407453" visible="true" version="1" changeset="147713769" timestamp="2024-02-21T01:23:06Z" user="Tommybara" uid="12198525" lat="19.7779773" lon="105.7716103"/>
 <node id="11647407454" visible="true" version="1" changeset="147713769" timestamp="2024-02-21T01:23:06Z" user="Tommybara" uid="12198525" lat="19.7779572" lon="105.7716385"/>
 <node id="11647407455" visible="true" version="1" changeset="147713769" timestamp="2024-02-21T01:23:06Z" user="Tommybara" uid="12198525" lat="19.7778966" lon="105.7716009"/>
 <node id="11647407456" visible="true" version="1" changeset="147713769" timestamp="2024-02-21T01:23:06Z" user="Tommybara" uid="12198525" lat="19.7779344" lon="105.7713971"/>
 <node id="11647407457" visible="true" version="1" changeset="147713769" timestamp="2024-02-21T01:23:06Z" user="Tommybara" uid="12198525" lat="19.7778524" lon="105.7713421"/>
 <node id="11647407458" visible="true" version="1" changeset="147713769" timestamp="2024-02-21T01:23:06Z" user="Tommybara" uid="12198525" lat="19.7779420" lon="105.7711905"/>
 <node id="11647407459" visible="true" version="1" changeset="147713769" timestamp="2024-02-21T01:23:06Z" user="Tommybara" uid="12198525" lat="19.7777275" lon="105.7710417"/>
 <node id="11647407460" visible="true" version="1" changeset="147713769" timestamp="2024-02-21T01:23:06Z" user="Tommybara" uid="12198525" lat="19.7777079" lon="105.7710718"/>
 <node id="11647407461" visible="true" version="1" changeset="147713769" timestamp="2024-02-21T01:23:06Z" user="Tommybara" uid="12198525" lat="19.7775521" lon="105.7709813"/>
 <node id="11647407462" visible="true" version="1" changeset="147713769" timestamp="2024-02-21T01:23:06Z" user="Tommybara" uid="12198525" lat="19.7772283" lon="105.7707131"/>
 <node id="11647407463" visible="true" version="1" changeset="147713769" timestamp="2024-02-21T01:23:06Z" user="Tommybara" uid="12198525" lat="19.7810414" lon="105.7735844"/>
 <node id="11647407464" visible="true" version="1" changeset="147713769" timestamp="2024-02-21T01:23:06Z" user="Tommybara" uid="12198525" lat="19.7808875" lon="105.7738405"/>
 <node id="11647407465" visible="true" version="1" changeset="147713769" timestamp="2024-02-21T01:23:06Z" user="Tommybara" uid="12198525" lat="19.7814453" lon="105.7741986"/>
 <node id="11647407466" visible="true" version="1" changeset="147713769" timestamp="2024-02-21T01:23:06Z" user="Tommybara" uid="12198525" lat="19.7815563" lon="105.7739706"/>
 <node id="11647407467" visible="true" version="1" changeset="147713769" timestamp="2024-02-21T01:23:06Z" user="Tommybara" uid="12198525" lat="19.7816762" lon="105.7740404"/>
 <node id="11647407468" visible="true" version="1" changeset="147713769" timestamp="2024-02-21T01:23:06Z" user="Tommybara" uid="12198525" lat="19.7817818" lon="105.7741322"/>
 <node id="11647412769" visible="true" version="1" changeset="147713769" timestamp="2024-02-21T01:23:06Z" user="Tommybara" uid="12198525" lat="19.7818512" lon="105.7741579"/>
 <node id="11647412770" visible="true" version="1" changeset="147713769" timestamp="2024-02-21T01:23:06Z" user="Tommybara" uid="12198525" lat="19.7817494" lon="105.7741088"/>
 <node id="11647412771" visible="true" version="1" changeset="147713769" timestamp="2024-02-21T01:23:06Z" user="Tommybara" uid="12198525" lat="19.7818175" lon="105.7741490"/>
 <node id="11647412772" visible="true" version="1" changeset="147713769" timestamp="2024-02-21T01:23:06Z" user="Tommybara" uid="12198525" lat="19.7818857" lon="105.7741611"/>
 <node id="11647412773" visible="true" version="1" changeset="147713769" timestamp="2024-02-21T01:23:06Z" user="Tommybara" uid="12198525" lat="19.7819866" lon="105.7741597"/>
 <node id="11647412774" visible="true" version="1" changeset="147713769" timestamp="2024-02-21T01:23:06Z" user="Tommybara" uid="12198525" lat="19.7820068" lon="105.7741168"/>
 <node id="11647412775" visible="true" version="1" changeset="147713769" timestamp="2024-02-21T01:23:06Z" user="Tommybara" uid="12198525" lat="19.7823940" lon="105.7743058"/>
 <node id="11647412776" visible="true" version="1" changeset="147713769" timestamp="2024-02-21T01:23:06Z" user="Tommybara" uid="12198525" lat="19.7824715" lon="105.7743721"/>
 <node id="11647412777" visible="true" version="1" changeset="147713769" timestamp="2024-02-21T01:23:06Z" user="Tommybara" uid="12198525" lat="19.7826085" lon="105.7745167"/>
 <node id="11647412778" visible="true" version="1" changeset="147713769" timestamp="2024-02-21T01:23:06Z" user="Tommybara" uid="12198525" lat="19.7826679" lon="105.7745937"/>
 <node id="11647412779" visible="true" version="1" changeset="147713769" timestamp="2024-02-21T01:23:06Z" user="Tommybara" uid="12198525" lat="19.7823122" lon="105.7742456"/>
 <node id="11647412780" visible="true" version="1" changeset="147713769" timestamp="2024-02-21T01:23:06Z" user="Tommybara" uid="12198525" lat="19.7825444" lon="105.7744440"/>
 <node id="11647412781" visible="true" version="1" changeset="147713769" timestamp="2024-02-21T01:23:06Z" user="Tommybara" uid="12198525" lat="19.7827224" lon="105.7746747"/>
 <node id="11647412782" visible="true" version="1" changeset="147713769" timestamp="2024-02-21T01:23:06Z" user="Tommybara" uid="12198525" lat="19.7827845" lon="105.7748040"/>
 <node id="11647412783" visible="true" version="1" changeset="147713769" timestamp="2024-02-21T01:23:06Z" user="Tommybara" uid="12198525" lat="19.7829104" lon="105.7748880"/>
 <node id="11647412784" visible="true" version="1" changeset="147713769" timestamp="2024-02-21T01:23:06Z" user="Tommybara" uid="12198525" lat="19.7827236" lon="105.7747498"/>
 <node id="11647412785" visible="true" version="1" changeset="147713769" timestamp="2024-02-21T01:23:06Z" user="Tommybara" uid="12198525" lat="19.7828498" lon="105.7748517"/>
 <node id="11647412786" visible="true" version="1" changeset="147713769" timestamp="2024-02-21T01:23:06Z" user="Tommybara" uid="12198525" lat="19.7829735" lon="105.7749188"/>
 <node id="11647412787" visible="true" version="1" changeset="147713769" timestamp="2024-02-21T01:23:06Z" user="Tommybara" uid="12198525" lat="19.7834303" lon="105.7750878"/>
 <node id="11647412788" visible="true" version="1" changeset="147713769" timestamp="2024-02-21T01:23:06Z" user="Tommybara" uid="12198525" lat="19.7837887" lon="105.7752476"/>
 <node id="11647412789" visible="true" version="1" changeset="147713769" timestamp="2024-02-21T01:23:06Z" user="Tommybara" uid="12198525" lat="19.7840518" lon="105.7753620"/>
 <node id="11647412790" visible="true" version="1" changeset="147713769" timestamp="2024-02-21T01:23:06Z" user="Tommybara" uid="12198525" lat="19.7836474" lon="105.7751763"/>
 <node id="11647412791" visible="true" version="1" changeset="147713769" timestamp="2024-02-21T01:23:06Z" user="Tommybara" uid="12198525" lat="19.7839326" lon="105.7753131"/>
 <node id="11647412792" visible="true" version="1" changeset="147713769" timestamp="2024-02-21T01:23:06Z" user="Tommybara" uid="12198525" lat="19.7841724" lon="105.7754070"/>
 <node id="11647412793" visible="true" version="1" changeset="147713769" timestamp="2024-02-21T01:23:06Z" user="Tommybara" uid="12198525" lat="19.7848084" lon="105.7756644"/>
 <node id="11647412794" visible="true" version="1" changeset="147713769" timestamp="2024-02-21T01:23:06Z" user="Tommybara" uid="12198525" lat="19.7851104" lon="105.7757275"/>
 <node id="11647412795" visible="true" version="1" changeset="147713769" timestamp="2024-02-21T01:23:06Z" user="Tommybara" uid="12198525" lat="19.7851643" lon="105.7757727"/>
 <node id="11647412796" visible="true" version="1" changeset="147713769" timestamp="2024-02-21T01:23:06Z" user="Tommybara" uid="12198525" lat="19.7850885" lon="105.7756980"/>
 <node id="11647412797" visible="true" version="1" changeset="147713769" timestamp="2024-02-21T01:23:06Z" user="Tommybara" uid="12198525" lat="19.7851365" lon="105.7757530"/>
 <node id="11647412798" visible="true" version="1" changeset="147713769" timestamp="2024-02-21T01:23:06Z" user="Tommybara" uid="12198525" lat="19.7855208" lon="105.7759118"/>
 <node id="11647412799" visible="true" version="1" changeset="147713769" timestamp="2024-02-21T01:23:06Z" user="Tommybara" uid="12198525" lat="19.7851945" lon="105.7757878"/>
 <node id="11647412800" visible="true" version="1" changeset="147713769" timestamp="2024-02-21T01:23:06Z" user="Tommybara" uid="12198525" lat="19.7853712" lon="105.7758576"/>
 <node id="11647412801" visible="true" version="1" changeset="147713769" timestamp="2024-02-21T01:23:06Z" user="Tommybara" uid="12198525" lat="19.7856715" lon="105.7759622"/>
 <node id="11647412802" visible="true" version="1" changeset="147713769" timestamp="2024-02-21T01:23:06Z" user="Tommybara" uid="12198525" lat="19.7860476" lon="105.7761043"/>
 <node id="11647412803" visible="true" version="1" changeset="147713769" timestamp="2024-02-21T01:23:06Z" user="Tommybara" uid="12198525" lat="19.7863265" lon="105.7762143"/>
 <node id="11647412804" visible="true" version="1" changeset="147713769" timestamp="2024-02-21T01:23:06Z" user="Tommybara" uid="12198525" lat="19.7863719" lon="105.7761794"/>
 <node id="11647412805" visible="true" version="1" changeset="147713769" timestamp="2024-02-21T01:23:06Z" user="Tommybara" uid="12198525" lat="19.7865608" lon="105.7761465"/>
 <node id="11647412806" visible="true" version="1" changeset="147713769" timestamp="2024-02-21T01:23:06Z" user="Tommybara" uid="12198525" lat="19.7865736" lon="105.7761509"/>
 <node id="11647412807" visible="true" version="1" changeset="147713769" timestamp="2024-02-21T01:23:06Z" user="Tommybara" uid="12198525" lat="19.7865926" lon="105.7761711"/>
 <node id="11647412808" visible="true" version="1" changeset="147713769" timestamp="2024-02-21T01:23:06Z" user="Tommybara" uid="12198525" lat="19.7865967" lon="105.7761850"/>
 <node id="11647412809" visible="true" version="1" changeset="147713769" timestamp="2024-02-21T01:23:06Z" user="Tommybara" uid="12198525" lat="19.7865473" lon="105.7761466"/>
 <node id="11647412810" visible="true" version="1" changeset="147713769" timestamp="2024-02-21T01:23:06Z" user="Tommybara" uid="12198525" lat="19.7865845" lon="105.7761593"/>
 <node id="11647412811" visible="true" version="1" changeset="147713769" timestamp="2024-02-21T01:23:06Z" user="Tommybara" uid="12198525" lat="19.7865965" lon="105.7761995"/>
 <node id="11647412812" visible="true" version="1" changeset="147713769" timestamp="2024-02-21T01:23:06Z" user="Tommybara" uid="12198525" lat="19.7866836" lon="105.7763162"/>
 <node id="11647412813" visible="true" version="1" changeset="147713769" timestamp="2024-02-21T01:23:06Z" user="Tommybara" uid="12198525" lat="19.7868148" lon="105.7762009"/>
 <node id="11647412814" visible="true" version="1" changeset="147713769" timestamp="2024-02-21T01:23:06Z" user="Tommybara" uid="12198525" lat="19.7869524" lon="105.7760453"/>
 <node id="11647412815" visible="true" version="1" changeset="147713769" timestamp="2024-02-21T01:23:06Z" user="Tommybara" uid="12198525" lat="19.7873557" lon="105.7762440"/>
 <node id="11647412816" visible="true" version="1" changeset="147713769" timestamp="2024-02-21T01:23:06Z" user="Tommybara" uid="12198525" lat="19.7874713" lon="105.7761487"/>
 <node id="11647412817" visible="true" version="1" changeset="147713769" timestamp="2024-02-21T01:23:06Z" user="Tommybara" uid="12198525" lat="19.7875915" lon="105.7760602"/>
 <node id="11647412818" visible="true" version="1" changeset="147713769" timestamp="2024-02-21T01:23:06Z" user="Tommybara" uid="12198525" lat="19.7877161" lon="105.7759787"/>
 <node id="11647412819" visible="true" version="1" changeset="147713769" timestamp="2024-02-21T01:23:06Z" user="Tommybara" uid="12198525" lat="19.7879543" lon="105.7758484"/>
 <node id="11647412820" visible="true" version="1" changeset="147713769" timestamp="2024-02-21T01:23:06Z" user="Tommybara" uid="12198525" lat="19.7880662" lon="105.7757977"/>
 <node id="11647412821" visible="true" version="1" changeset="147713769" timestamp="2024-02-21T01:23:06Z" user="Tommybara" uid="12198525" lat="19.7872452" lon="105.7763457"/>
 <node id="11647412822" visible="true" version="1" changeset="147713769" timestamp="2024-02-21T01:23:06Z" user="Tommybara" uid="12198525" lat="19.7878446" lon="105.7759045"/>
 <node id="11647412823" visible="true" version="1" changeset="147713769" timestamp="2024-02-21T01:23:06Z" user="Tommybara" uid="12198525" lat="19.7882598" lon="105.7757160"/>
 <node id="11647412824" visible="true" version="1" changeset="147713769" timestamp="2024-02-21T01:23:06Z" user="Tommybara" uid="12198525" lat="19.7883364" lon="105.7756732"/>
 <node id="11647412825" visible="true" version="1" changeset="147713769" timestamp="2024-02-21T01:23:06Z" user="Tommybara" uid="12198525" lat="19.7884096" lon="105.7756242"/>
 <node id="11647412826" visible="true" version="1" changeset="147713769" timestamp="2024-02-21T01:23:06Z" user="Tommybara" uid="12198525" lat="19.7884791" lon="105.7755693"/>
 <node id="11647412827" visible="true" version="1" changeset="147713769" timestamp="2024-02-21T01:23:06Z" user="Tommybara" uid="12198525" lat="19.7886039" lon="105.7754444"/>
 <node id="11647412828" visible="true" version="1" changeset="147713769" timestamp="2024-02-21T01:23:06Z" user="Tommybara" uid="12198525" lat="19.7886586" lon="105.7753753"/>
 <node id="11647412829" visible="true" version="1" changeset="147713769" timestamp="2024-02-21T01:23:06Z" user="Tommybara" uid="12198525" lat="19.7887083" lon="105.7753019"/>
 <node id="11647412830" visible="true" version="1" changeset="147713769" timestamp="2024-02-21T01:23:06Z" user="Tommybara" uid="12198525" lat="19.7887525" lon="105.7752247"/>
 <node id="11647412831" visible="true" version="1" changeset="147713769" timestamp="2024-02-21T01:23:06Z" user="Tommybara" uid="12198525" lat="19.7881802" lon="105.7757523"/>
 <node id="11647412832" visible="true" version="1" changeset="147713769" timestamp="2024-02-21T01:23:06Z" user="Tommybara" uid="12198525" lat="19.7885443" lon="105.7755089"/>
 <node id="11647412833" visible="true" version="1" changeset="147713769" timestamp="2024-02-21T01:23:06Z" user="Tommybara" uid="12198525" lat="19.7887910" lon="105.7751441"/>
 <node id="11647412834" visible="true" version="1" changeset="147713769" timestamp="2024-02-21T01:23:06Z" user="Tommybara" uid="12198525" lat="19.7889502" lon="105.7746868"/>
 <node id="11647412835" visible="true" version="1" changeset="147713769" timestamp="2024-02-21T01:23:06Z" user="Tommybara" uid="12198525" lat="19.7889739" lon="105.7745733"/>
 <node id="11647412836" visible="true" version="1" changeset="147713769" timestamp="2024-02-21T01:23:06Z" user="Tommybara" uid="12198525" lat="19.7889894" lon="105.7744582"/>
 <node id="11647412837" visible="true" version="1" changeset="147713769" timestamp="2024-02-21T01:23:06Z" user="Tommybara" uid="12198525" lat="19.7889962" lon="105.7742380"/>
 <node id="11647412838" visible="true" version="1" changeset="147713769" timestamp="2024-02-21T01:23:06Z" user="Tommybara" uid="12198525" lat="19.7889890" lon="105.7741341"/>
 <node id="11647412839" visible="true" version="1" changeset="147713769" timestamp="2024-02-21T01:23:06Z" user="Tommybara" uid="12198525" lat="19.7889185" lon="105.7747981"/>
 <node id="11647412840" visible="true" version="1" changeset="147713769" timestamp="2024-02-21T01:23:06Z" user="Tommybara" uid="12198525" lat="19.7889967" lon="105.7743421"/>
 <node id="11647412841" visible="true" version="1" changeset="147713769" timestamp="2024-02-21T01:23:06Z" user="Tommybara" uid="12198525" lat="19.7889488" lon="105.7738736"/>
 <node id="11647412842" visible="true" version="1" changeset="147713769" timestamp="2024-02-21T01:23:06Z" user="Tommybara" uid="12198525" lat="19.7889312" lon="105.7737148"/>
 <node id="11647412843" visible="true" version="1" changeset="147713769" timestamp="2024-02-21T01:23:06Z" user="Tommybara" uid="12198525" lat="19.7889223" lon="105.7735552"/>
 <node id="11647412844" visible="true" version="1" changeset="147713769" timestamp="2024-02-21T01:23:06Z" user="Tommybara" uid="12198525" lat="19.7889311" lon="105.7732353"/>
 <node id="11647412845" visible="true" version="1" changeset="147713769" timestamp="2024-02-21T01:23:06Z" user="Tommybara" uid="12198525" lat="19.7889752" lon="105.7740310"/>
 <node id="11647412846" visible="true" version="1" changeset="147713769" timestamp="2024-02-21T01:23:06Z" user="Tommybara" uid="12198525" lat="19.7889222" lon="105.7733953"/>
 <node id="11647412847" visible="true" version="1" changeset="147713769" timestamp="2024-02-21T01:23:06Z" user="Tommybara" uid="12198525" lat="19.7889529" lon="105.7730191"/>
 <node id="11647412848" visible="true" version="1" changeset="147713769" timestamp="2024-02-21T01:23:06Z" user="Tommybara" uid="12198525" lat="19.7889515" lon="105.7729619"/>
 <node id="11647412849" visible="true" version="1" changeset="147713769" timestamp="2024-02-21T01:23:06Z" user="Tommybara" uid="12198525" lat="19.7889447" lon="105.7729052"/>
 <node id="11647412850" visible="true" version="1" changeset="147713769" timestamp="2024-02-21T01:23:06Z" user="Tommybara" uid="12198525" lat="19.7889115" lon="105.7727871"/>
 <node id="11647412851" visible="true" version="1" changeset="147713769" timestamp="2024-02-21T01:23:06Z" user="Tommybara" uid="12198525" lat="19.7888838" lon="105.7727278"/>
 <node id="11647412852" visible="true" version="1" changeset="147713769" timestamp="2024-02-21T01:23:06Z" user="Tommybara" uid="12198525" lat="19.7889487" lon="105.7730761"/>
 <node id="11647412853" visible="true" version="1" changeset="147713769" timestamp="2024-02-21T01:23:06Z" user="Tommybara" uid="12198525" lat="19.7889323" lon="105.7728495"/>
 <node id="11647412854" visible="true" version="1" changeset="147713769" timestamp="2024-02-21T01:23:06Z" user="Tommybara" uid="12198525" lat="19.7888497" lon="105.7726724"/>
 <node id="11647412855" visible="true" version="1" changeset="147713769" timestamp="2024-02-21T01:23:06Z" user="Tommybara" uid="12198525" lat="19.7884763" lon="105.7722686"/>
 <node id="11647412856" visible="true" version="1" changeset="147713769" timestamp="2024-02-21T01:23:06Z" user="Tommybara" uid="12198525" lat="19.7882314" lon="105.7720808"/>
 <node id="11647412857" visible="true" version="1" changeset="147713769" timestamp="2024-02-21T01:23:06Z" user="Tommybara" uid="12198525" lat="19.7885897" lon="105.7723740"/>
 <node id="11647412858" visible="true" version="1" changeset="147713769" timestamp="2024-02-21T01:23:06Z" user="Tommybara" uid="12198525" lat="19.7883569" lon="105.7721709"/>
 <node id="11647412859" visible="true" version="1" changeset="147713769" timestamp="2024-02-21T01:23:06Z" user="Tommybara" uid="12198525" lat="19.7880504" lon="105.7719737"/>
 <node id="11647412860" visible="true" version="1" changeset="147713769" timestamp="2024-02-21T01:23:06Z" user="Tommybara" uid="12198525" lat="19.7880028" lon="105.7719428"/>
 <node id="11647412861" visible="true" version="1" changeset="147713769" timestamp="2024-02-21T01:23:06Z" user="Tommybara" uid="12198525" lat="19.7879584" lon="105.7719070"/>
 <node id="11647412862" visible="true" version="1" changeset="147713769" timestamp="2024-02-21T01:23:06Z" user="Tommybara" uid="12198525" lat="19.7881007" lon="105.7719992"/>
 <node id="11647412863" visible="true" version="1" changeset="147713769" timestamp="2024-02-21T01:23:06Z" user="Tommybara" uid="12198525" lat="19.7878730" lon="105.7718102"/>
 <node id="11647412864" visible="true" version="1" changeset="147713769" timestamp="2024-02-21T01:23:06Z" user="Tommybara" uid="12198525" lat="19.7878355" lon="105.7717482"/>
 <node id="11647412865" visible="true" version="1" changeset="147713769" timestamp="2024-02-21T01:23:06Z" user="Tommybara" uid="12198525" lat="19.7878061" lon="105.7716815"/>
 <node id="11647412866" visible="true" version="1" changeset="147713769" timestamp="2024-02-21T01:23:06Z" user="Tommybara" uid="12198525" lat="19.7877852" lon="105.7716112"/>
 <node id="11647412867" visible="true" version="1" changeset="147713769" timestamp="2024-02-21T01:23:06Z" user="Tommybara" uid="12198525" lat="19.7877732" lon="105.7715387"/>
 <node id="11647412868" visible="true" version="1" changeset="147713769" timestamp="2024-02-21T01:23:06Z" user="Tommybara" uid="12198525" lat="19.7877702" lon="105.7714651"/>
 <node id="11647412869" visible="true" version="1" changeset="147713769" timestamp="2024-02-21T01:23:06Z" user="Tommybara" uid="12198525" lat="19.7877891" lon="105.7713294"/>
 <node id="11647412870" visible="true" version="1" changeset="147713769" timestamp="2024-02-21T01:23:06Z" user="Tommybara" uid="12198525" lat="19.7878083" lon="105.7712691"/>
 <node id="11647412871" visible="true" version="1" changeset="147713769" timestamp="2024-02-21T01:23:06Z" user="Tommybara" uid="12198525" lat="19.7878339" lon="105.7712115"/>
 <node id="11647412872" visible="true" version="1" changeset="147713769" timestamp="2024-02-21T01:23:06Z" user="Tommybara" uid="12198525" lat="19.7878654" lon="105.7711573"/>
 <node id="11647412873" visible="true" version="1" changeset="147713769" timestamp="2024-02-21T01:23:06Z" user="Tommybara" uid="12198525" lat="19.7879178" lon="105.7718664"/>
 <node id="11647412874" visible="true" version="1" changeset="147713769" timestamp="2024-02-21T01:23:06Z" user="Tommybara" uid="12198525" lat="19.7877764" lon="105.7713917"/>
 <node id="11647412875" visible="true" version="1" changeset="147713769" timestamp="2024-02-21T01:23:06Z" user="Tommybara" uid="12198525" lat="19.7879864" lon="105.7710265"/>
 <node id="11647412876" visible="true" version="1" changeset="147713769" timestamp="2024-02-21T01:23:06Z" user="Tommybara" uid="12198525" lat="19.7880658" lon="105.7709409"/>
 <node id="11647412877" visible="true" version="1" changeset="147713769" timestamp="2024-02-21T01:23:06Z" user="Tommybara" uid="12198525" lat="19.7881406" lon="105.7708506"/>
 <node id="11647412878" visible="true" version="1" changeset="147713769" timestamp="2024-02-21T01:23:06Z" user="Tommybara" uid="12198525" lat="19.7882808" lon="105.7706485"/>
 <node id="11647412879" visible="true" version="1" changeset="147713769" timestamp="2024-02-21T01:23:06Z" user="Tommybara" uid="12198525" lat="19.7883449" lon="105.7705366"/>
 <node id="11647412880" visible="true" version="1" changeset="147713769" timestamp="2024-02-21T01:23:06Z" user="Tommybara" uid="12198525" lat="19.7879026" lon="105.7711074"/>
 <node id="11647412881" visible="true" version="1" changeset="147713769" timestamp="2024-02-21T01:23:06Z" user="Tommybara" uid="12198525" lat="19.7882105" lon="105.7707560"/>
 <node id="11647412882" visible="true" version="1" changeset="147713769" timestamp="2024-02-21T01:23:06Z" user="Tommybara" uid="12198525" lat="19.7884543" lon="105.7703247"/>
 <node id="11647412883" visible="true" version="1" changeset="147713769" timestamp="2024-02-21T01:23:06Z" user="Tommybara" uid="12198525" lat="19.7885116" lon="105.7702321"/>
 <node id="11647412884" visible="true" version="1" changeset="147713769" timestamp="2024-02-21T01:23:06Z" user="Tommybara" uid="12198525" lat="19.7885739" lon="105.7701433"/>
 <node id="11647412885" visible="true" version="1" changeset="147713769" timestamp="2024-02-21T01:23:06Z" user="Tommybara" uid="12198525" lat="19.7886410" lon="105.7700586"/>
 <node id="11647412886" visible="true" version="1" changeset="147713769" timestamp="2024-02-21T01:23:06Z" user="Tommybara" uid="12198525" lat="19.7887967" lon="105.7698951"/>
 <node id="11647412887" visible="true" version="1" changeset="147713769" timestamp="2024-02-21T01:23:06Z" user="Tommybara" uid="12198525" lat="19.7888854" lon="105.7698181"/>
 <node id="11647412888" visible="true" version="1" changeset="147713769" timestamp="2024-02-21T01:23:06Z" user="Tommybara" uid="12198525" lat="19.7889788" lon="105.7697473"/>
 <node id="11647412889" visible="true" version="1" changeset="147713769" timestamp="2024-02-21T01:23:06Z" user="Tommybara" uid="12198525" lat="19.7884023" lon="105.7704207"/>
 <node id="11647412890" visible="true" version="1" changeset="147713769" timestamp="2024-02-21T01:23:06Z" user="Tommybara" uid="12198525" lat="19.7887128" lon="105.7699782"/>
 <node id="11647412891" visible="true" version="1" changeset="147713769" timestamp="2024-02-21T01:23:06Z" user="Tommybara" uid="12198525" lat="19.7890762" lon="105.7696831"/>
 <node id="11647412892" visible="true" version="1" changeset="147713769" timestamp="2024-02-21T01:23:06Z" user="Tommybara" uid="12198525" lat="19.7894797" lon="105.7694311"/>
 <node id="11647412893" visible="true" version="1" changeset="147713769" timestamp="2024-02-21T01:23:06Z" user="Tommybara" uid="12198525" lat="19.7895169" lon="105.7694221"/>
 <node id="11647412894" visible="true" version="1" changeset="147713769" timestamp="2024-02-21T01:23:06Z" user="Tommybara" uid="12198525" lat="19.7895550" lon="105.7694204"/>
 <node id="11647412895" visible="true" version="1" changeset="147713769" timestamp="2024-02-21T01:23:06Z" user="Tommybara" uid="12198525" lat="19.7895928" lon="105.7694261"/>
 <node id="11647412896" visible="true" version="1" changeset="147713769" timestamp="2024-02-21T01:23:06Z" user="Tommybara" uid="12198525" lat="19.7896614" lon="105.7694581"/>
 <node id="11647412897" visible="true" version="1" changeset="147713769" timestamp="2024-02-21T01:23:06Z" user="Tommybara" uid="12198525" lat="19.7896902" lon="105.7694830"/>
 <node id="11647412898" visible="true" version="1" changeset="147713769" timestamp="2024-02-21T01:23:06Z" user="Tommybara" uid="12198525" lat="19.7897145" lon="105.7695129"/>
 <node id="11647412899" visible="true" version="1" changeset="147713769" timestamp="2024-02-21T01:23:06Z" user="Tommybara" uid="12198525" lat="19.7897333" lon="105.7695469"/>
 <node id="11647412900" visible="true" version="1" changeset="147713769" timestamp="2024-02-21T01:23:06Z" user="Tommybara" uid="12198525" lat="19.7894447" lon="105.7694471"/>
 <node id="11647412901" visible="true" version="1" changeset="147713769" timestamp="2024-02-21T01:23:06Z" user="Tommybara" uid="12198525" lat="19.7896289" lon="105.7694390"/>
 <node id="11647412902" visible="true" version="1" changeset="147713769" timestamp="2024-02-21T01:23:06Z" user="Tommybara" uid="12198525" lat="19.7897463" lon="105.7695839"/>
 <node id="11647412903" visible="true" version="1" changeset="147713769" timestamp="2024-02-21T01:23:06Z" user="Tommybara" uid="12198525" lat="19.7898735" lon="105.7699771"/>
 <node id="11647412904" visible="true" version="1" changeset="147713769" timestamp="2024-02-21T01:23:06Z" user="Tommybara" uid="12198525" lat="19.7899029" lon="105.7700257"/>
 <node id="11647412905" visible="true" version="1" changeset="147713769" timestamp="2024-02-21T01:23:06Z" user="Tommybara" uid="12198525" lat="19.7899385" lon="105.7700692"/>
 <node id="11647412906" visible="true" version="1" changeset="147713769" timestamp="2024-02-21T01:23:06Z" user="Tommybara" uid="12198525" lat="19.7900286" lon="105.7701396"/>
 <node id="11647412907" visible="true" version="1" changeset="147713769" timestamp="2024-02-21T01:23:06Z" user="Tommybara" uid="12198525" lat="19.7900816" lon="105.7701639"/>
 <node id="11647412908" visible="true" version="1" changeset="147713769" timestamp="2024-02-21T01:23:06Z" user="Tommybara" uid="12198525" lat="19.7898510" lon="105.7699245"/>
 <node id="11647412909" visible="true" version="1" changeset="147713769" timestamp="2024-02-21T01:23:06Z" user="Tommybara" uid="12198525" lat="19.7899797" lon="105.7701069"/>
 <node id="11647412910" visible="true" version="1" changeset="147713769" timestamp="2024-02-21T01:23:06Z" user="Tommybara" uid="12198525" lat="19.7901375" lon="105.7701793"/>
 <node id="11647412911" visible="true" version="1" changeset="147713769" timestamp="2024-02-21T01:23:06Z" user="Tommybara" uid="12198525" lat="19.7907787" lon="105.7702704"/>
 <node id="11647412912" visible="true" version="1" changeset="147713769" timestamp="2024-02-21T01:23:06Z" user="Tommybara" uid="12198525" lat="19.7908283" lon="105.7702684"/>
 <node id="11647412913" visible="true" version="1" changeset="147713769" timestamp="2024-02-21T01:23:06Z" user="Tommybara" uid="12198525" lat="19.7908772" lon="105.7702591"/>
 <node id="11647412914" visible="true" version="1" changeset="147713769" timestamp="2024-02-21T01:23:06Z" user="Tommybara" uid="12198525" lat="19.7909244" lon="105.7702427"/>
 <node id="11647412915" visible="true" version="1" changeset="147713769" timestamp="2024-02-21T01:23:06Z" user="Tommybara" uid="12198525" lat="19.7910112" lon="105.7701893"/>
 <node id="11647412916" visible="true" version="1" changeset="147713769" timestamp="2024-02-21T01:23:06Z" user="Tommybara" uid="12198525" lat="19.7910488" lon="105.7701530"/>
 <node id="11647412917" visible="true" version="1" changeset="147713769" timestamp="2024-02-21T01:23:06Z" user="Tommybara" uid="12198525" lat="19.7910813" lon="105.7701114"/>
 <node id="11647412918" visible="true" version="1" changeset="147713769" timestamp="2024-02-21T01:23:06Z" user="Tommybara" uid="12198525" lat="19.7911079" lon="105.7700653"/>
 <node id="11647412919" visible="true" version="1" changeset="147713769" timestamp="2024-02-21T01:23:06Z" user="Tommybara" uid="12198525" lat="19.7907293" lon="105.7702652"/>
 <node id="11647412920" visible="true" version="1" changeset="147713769" timestamp="2024-02-21T01:23:06Z" user="Tommybara" uid="12198525" lat="19.7909690" lon="105.7702196"/>
 <node id="11647412921" visible="true" version="1" changeset="147713769" timestamp="2024-02-21T01:23:06Z" user="Tommybara" uid="12198525" lat="19.7911280" lon="105.7700157"/>
 <node id="11647412922" visible="true" version="1" changeset="147713769" timestamp="2024-02-21T01:23:06Z" user="Tommybara" uid="12198525" lat="19.7913327" lon="105.7694989"/>
 <node id="11647412923" visible="true" version="1" changeset="147713769" timestamp="2024-02-21T01:23:06Z" user="Tommybara" uid="12198525" lat="19.7913654" lon="105.7693660"/>
 <node id="11647412924" visible="true" version="1" changeset="147713769" timestamp="2024-02-21T01:23:06Z" user="Tommybara" uid="12198525" lat="19.7913903" lon="105.7692310"/>
 <node id="11647412925" visible="true" version="1" changeset="147713769" timestamp="2024-02-21T01:23:06Z" user="Tommybara" uid="12198525" lat="19.7914071" lon="105.7690947"/>
 <node id="11647412926" visible="true" version="1" changeset="147713769" timestamp="2024-02-21T01:23:06Z" user="Tommybara" uid="12198525" lat="19.7914167" lon="105.7688367"/>
 <node id="11647412927" visible="true" version="1" changeset="147713769" timestamp="2024-02-21T01:23:06Z" user="Tommybara" uid="12198525" lat="19.7914113" lon="105.7687159"/>
 <node id="11647412928" visible="true" version="1" changeset="147713769" timestamp="2024-02-21T01:23:06Z" user="Tommybara" uid="12198525" lat="19.7913997" lon="105.7685957"/>
 <node id="11647412929" visible="true" version="1" changeset="147713769" timestamp="2024-02-21T01:23:06Z" user="Tommybara" uid="12198525" lat="19.7913818" lon="105.7684763"/>
 <node id="11647412930" visible="true" version="1" changeset="147713769" timestamp="2024-02-21T01:23:06Z" user="Tommybara" uid="12198525" lat="19.7912921" lon="105.7696295"/>
 <node id="11647412931" visible="true" version="1" changeset="147713769" timestamp="2024-02-21T01:23:06Z" user="Tommybara" uid="12198525" lat="19.7914158" lon="105.7689576"/>
 <node id="11647412932" visible="true" version="1" changeset="147713769" timestamp="2024-02-21T01:23:06Z" user="Tommybara" uid="12198525" lat="19.7913278" lon="105.7681410"/>
 <node id="11647412933" visible="true" version="1" changeset="147713769" timestamp="2024-02-21T01:23:06Z" user="Tommybara" uid="12198525" lat="19.7913068" lon="105.7679227"/>
 <node id="11647412934" visible="true" version="1" changeset="147713769" timestamp="2024-02-21T01:23:06Z" user="Tommybara" uid="12198525" lat="19.7912913" lon="105.7674907"/>
 <node id="11647412935" visible="true" version="1" changeset="147713769" timestamp="2024-02-21T01:23:06Z" user="Tommybara" uid="12198525" lat="19.7912963" lon="105.7672778"/>
 <node id="11647412936" visible="true" version="1" changeset="147713769" timestamp="2024-02-21T01:23:06Z" user="Tommybara" uid="12198525" lat="19.7913577" lon="105.7683581"/>
 <node id="11647412937" visible="true" version="1" changeset="147713769" timestamp="2024-02-21T01:23:06Z" user="Tommybara" uid="12198525" lat="19.7912946" lon="105.7677036"/>
 <node id="11647412938" visible="true" version="1" changeset="147713769" timestamp="2024-02-21T01:23:06Z" user="Tommybara" uid="12198525" lat="19.7913098" lon="105.7670653"/>
 <node id="11647412939" visible="true" version="1" changeset="147713769" timestamp="2024-02-21T01:23:06Z" user="Tommybara" uid="12198525" lat="19.7914281" lon="105.7661330"/>
 <node id="11647412940" visible="true" version="1" changeset="147713769" timestamp="2024-02-21T01:23:06Z" user="Tommybara" uid="12198525" lat="19.7914566" lon="105.7658704"/>
 <node id="11647412941" visible="true" version="1" changeset="147713769" timestamp="2024-02-21T01:23:06Z" user="Tommybara" uid="12198525" lat="19.7914786" lon="105.7656071"/>
 <node id="11647412942" visible="true" version="1" changeset="147713769" timestamp="2024-02-21T01:23:06Z" user="Tommybara" uid="12198525" lat="19.7914940" lon="105.7653433"/>
 <node id="11647412943" visible="true" version="1" changeset="147713769" timestamp="2024-02-21T01:23:06Z" user="Tommybara" uid="12198525" lat="19.7913930" lon="105.7663947"/>
 <node id="11647412944" visible="true" version="1" changeset="147713769" timestamp="2024-02-21T01:23:06Z" user="Tommybara" uid="12198525" lat="19.7915052" lon="105.7648416"/>
 <node id="11647412945" visible="true" version="1" changeset="147713769" timestamp="2024-02-21T01:23:06Z" user="Tommybara" uid="12198525" lat="19.7915123" lon="105.7646042"/>
 <node id="11647412946" visible="true" version="1" changeset="147713769" timestamp="2024-02-21T01:23:06Z" user="Tommybara" uid="12198525" lat="19.7915412" lon="105.7641278"/>
 <node id="11647412947" visible="true" version="1" changeset="147713769" timestamp="2024-02-21T01:23:06Z" user="Tommybara" uid="12198525" lat="19.7915631" lon="105.7638890"/>
 <node id="11647412948" visible="true" version="1" changeset="147713769" timestamp="2024-02-21T01:23:06Z" user="Tommybara" uid="12198525" lat="19.7915028" lon="105.7650791"/>
 <node id="11647412949" visible="true" version="1" changeset="147713769" timestamp="2024-02-21T01:23:06Z" user="Tommybara" uid="12198525" lat="19.7915243" lon="105.7643670"/>
 <node id="11647412950" visible="true" version="1" changeset="147713769" timestamp="2024-02-21T01:23:06Z" user="Tommybara" uid="12198525" lat="19.7915899" lon="105.7636508"/>
 <node id="11647413020" visible="true" version="2" changeset="167600678" timestamp="2025-06-14T06:43:13Z" user="user_22995996" uid="22995996" lat="19.7768517" lon="105.7839383"/>
 <node id="11647413021" visible="true" version="2" changeset="167600678" timestamp="2025-06-14T06:43:13Z" user="user_22995996" uid="22995996" lat="19.7771447" lon="105.7836075"/>
 <node id="11760575240" visible="true" version="1" changeset="149122236" timestamp="2024-03-25T09:49:57Z" user="eton-tech" uid="20033217" lat="19.7850362" lon="105.7736393">
  <tag k="addr:district" v="Thành phố Thanh Hóa"/>
  <tag k="addr:province" v="Tỉnh Thanh Hóa"/>
  <tag k="addr:street" v="17/158 Ngô Thuyền,"/>
  <tag k="addr:subdistrict" v="Phường Quảng Thắng"/>
  <tag k="name" v="17/158 Ngô Thuyền,"/>
 </node>
 <node id="12395221583" visible="true" version="1" changeset="159903354" timestamp="2024-12-04T03:56:16Z" user="8lue" uid="20577363" lat="19.7838923" lon="105.7723243"/>
 <node id="12395221584" visible="true" version="1" changeset="159903354" timestamp="2024-12-04T03:56:16Z" user="8lue" uid="20577363" lat="19.7837735" lon="105.7727543"/>
 <node id="12513288744" visible="true" version="2" changeset="166853480" timestamp="2025-05-28T05:55:42Z" user="ZioDragon" uid="13799024" lat="19.7828335" lon="105.7762626">
  <tag k="highway" v="traffic_signals"/>
  <tag k="traffic_signals" v="signal"/>
 </node>
 <node id="12513288745" visible="true" version="2" changeset="166853480" timestamp="2025-05-28T05:55:42Z" user="ZioDragon" uid="13799024" lat="19.7822650" lon="105.7763478">
  <tag k="highway" v="traffic_signals"/>
  <tag k="traffic_signals" v="signal"/>
 </node>
 <node id="12513288746" visible="true" version="1" changeset="161511812" timestamp="2025-01-19T02:39:35Z" user="vietnam321" uid="11196308" lat="19.7825747" lon="105.7759688">
  <tag k="highway" v="traffic_signals"/>
  <tag k="traffic_signals" v="signal"/>
  <tag k="traffic_signals:direction" v="backward"/>
 </node>
 <node id="12513288757" visible="true" version="2" changeset="166853480" timestamp="2025-05-28T05:55:42Z" user="ZioDragon" uid="13799024" lat="19.7741980" lon="105.7752766">
  <tag k="highway" v="traffic_signals"/>
  <tag k="traffic_signals" v="signal"/>
 </node>
 <node id="12513288759" visible="true" version="2" changeset="166853480" timestamp="2025-05-28T05:55:42Z" user="ZioDragon" uid="13799024" lat="19.7736194" lon="105.7755126">
  <tag k="highway" v="traffic_signals"/>
  <tag k="traffic_signals" v="signal"/>
 </node>
 <node id="12683833142" visible="true" version="1" changeset="163849245" timestamp="2025-03-20T07:56:47Z" user="GrabVN_HHanh" uid="21825758" lat="19.7862204" lon="105.7757131"/>
 <node id="12724743909" visible="true" version="1" changeset="164446011" timestamp="2025-04-03T04:21:17Z" user="eton-tech" uid="20033217" lat="19.7814885" lon="105.7767387">
  <tag k="addr:district" v="Thành phố Thanh Hóa"/>
  <tag k="addr:province" v="Tỉnh Thanh Hóa"/>
  <tag k="addr:street" v="Trường Đại Học Văn Hóa Thể Thao Và Du Lịch Thanh Hóa Đường Quang Trung,"/>
  <tag k="addr:subdistrict" v="Phường Đông Vệ"/>
  <tag k="name" v="Trường Đại Học Văn Hóa Thể Thao Và Du Lịch Thanh Hóa Đường Quang Trung"/>
 </node>
 <node id="12870044125" visible="true" version="1" changeset="166853480" timestamp="2025-05-28T05:55:42Z" user="ZioDragon" uid="13799024" lat="19.7822813" lon="105.7761843"/>
 <node id="12870044126" visible="true" version="1" changeset="166853480" timestamp="2025-05-28T05:55:42Z" user="ZioDragon" uid="13799024" lat="19.7826897" lon="105.7762422"/>
 <node id="12870044127" visible="true" version="1" changeset="166853480" timestamp="2025-05-28T05:55:42Z" user="ZioDragon" uid="13799024" lat="19.7824967" lon="105.7765904"/>
 <node id="12870044128" visible="true" version="1" changeset="166853480" timestamp="2025-05-28T05:55:42Z" user="ZioDragon" uid="13799024" lat="19.7825058" lon="105.7763820"/>
 <node id="12870044129" visible="true" version="1" changeset="166853480" timestamp="2025-05-28T05:55:42Z" user="ZioDragon" uid="13799024" lat="19.7826895" lon="105.7764052"/>
 <node id="12870044130" visible="true" version="1" changeset="166853480" timestamp="2025-05-28T05:55:42Z" user="ZioDragon" uid="13799024" lat="19.7750689" lon="105.7752301"/>
 <node id="12870044131" visible="true" version="1" changeset="166853480" timestamp="2025-05-28T05:55:42Z" user="ZioDragon" uid="13799024" lat="19.7736003" lon="105.7753494"/>
 <node id="13279984163" visible="true" version="1" changeset="174195174" timestamp="2025-11-04T13:55:27Z" user="Trần Xuân" uid="23012452" lat="19.7637307" lon="105.7769759"/>
 <node id="13279984164" visible="true" version="1" changeset="174195174" timestamp="2025-11-04T13:55:27Z" user="Trần Xuân" uid="23012452" lat="19.7636292" lon="105.7771577"/>
 <node id="13369778751" visible="true" version="1" changeset="175807399" timestamp="2025-12-11T15:00:51Z" user="ninh9322" uid="23591645" lat="19.7840249" lon="105.7793766"/>
 <node id="13369778752" visible="true" version="1" changeset="175807399" timestamp="2025-12-11T15:00:51Z" user="ninh9322" uid="23591645" lat="19.7836816" lon="105.7790374"/>
 <node id="13369778753" visible="true" version="1" changeset="175807399" timestamp="2025-12-11T15:00:51Z" user="ninh9322" uid="23591645" lat="19.7836160" lon="105.7791165"/>
 <node id="13369778754" visible="true" version="1" changeset="175807399" timestamp="2025-12-11T15:00:51Z" user="ninh9322" uid="23591645" lat="19.7839012" lon="105.7794075"/>
 <node id="13369778755" visible="true" version="1" changeset="175807399" timestamp="2025-12-11T15:00:51Z" user="ninh9322" uid="23591645" lat="19.7837574" lon="105.7795912"/>
 <node id="13369778756" visible="true" version="1" changeset="175807399" timestamp="2025-12-11T15:00:51Z" user="ninh9322" uid="23591645" lat="19.7838192" lon="105.7796623"/>
 <node id="13369778757" visible="true" version="1" changeset="175807399" timestamp="2025-12-11T15:00:51Z" user="ninh9322" uid="23591645" lat="19.7839744" lon="105.7794933"/>
 <node id="13369778758" visible="true" version="1" changeset="175807399" timestamp="2025-12-11T15:00:51Z" user="ninh9322" uid="23591645" lat="19.7839492" lon="105.7794652"/>
 <node id="13369778759" visible="true" version="1" changeset="175807399" timestamp="2025-12-11T15:00:51Z" user="ninh9322" uid="23591645" lat="19.7837826" lon="105.7797039"/>
 <node id="13369778760" visible="true" version="1" changeset="175807399" timestamp="2025-12-11T15:00:51Z" user="ninh9322" uid="23591645" lat="19.7836425" lon="105.7795859"/>
 <node id="13369778761" visible="true" version="1" changeset="175807399" timestamp="2025-12-11T15:00:51Z" user="ninh9322" uid="23591645" lat="19.7836122" lon="105.7796113"/>
 <node id="13369778762" visible="true" version="1" changeset="175807399" timestamp="2025-12-11T15:00:51Z" user="ninh9322" uid="23591645" lat="19.7834192" lon="105.7794196"/>
 <node id="13369778763" visible="true" version="1" changeset="175807399" timestamp="2025-12-11T15:00:51Z" user="ninh9322" uid="23591645" lat="19.7834835" lon="105.7792922"/>
 <node id="13369778764" visible="true" version="1" changeset="175807399" timestamp="2025-12-11T15:00:51Z" user="ninh9322" uid="23591645" lat="19.7833460" lon="105.7791607"/>
 <node id="13369778765" visible="true" version="1" changeset="175807399" timestamp="2025-12-11T15:00:51Z" user="ninh9322" uid="23591645" lat="19.7831807" lon="105.7793471"/>
 <node id="13369778766" visible="true" version="1" changeset="175807399" timestamp="2025-12-11T15:00:51Z" user="ninh9322" uid="23591645" lat="19.7833195" lon="105.7794973"/>
 <node id="13369778767" visible="true" version="1" changeset="175807399" timestamp="2025-12-11T15:00:51Z" user="ninh9322" uid="23591645" lat="19.7833333" lon="105.7794759"/>
 <node id="13369778768" visible="true" version="1" changeset="175807399" timestamp="2025-12-11T15:00:51Z" user="ninh9322" uid="23591645" lat="19.7835479" lon="105.7796851"/>
 <node id="13369778769" visible="true" version="1" changeset="175807399" timestamp="2025-12-11T15:00:51Z" user="ninh9322" uid="23591645" lat="19.7835719" lon="105.7796556"/>
 <node id="13369778770" visible="true" version="1" changeset="175807399" timestamp="2025-12-11T15:00:51Z" user="ninh9322" uid="23591645" lat="19.7837283" lon="105.7797857"/>
 <node id="13594723301" visible="true" version="1" changeset="178974859" timestamp="2026-02-24T07:49:12Z" user="Lis Mind" uid="14773761" lat="19.7792307" lon="105.7760483">
  <tag k="highway" v="bus_stop"/>
 </node>
 <node id="13663872084" visible="true" version="1" changeset="180137057" timestamp="2026-03-20T04:02:08Z" user="Pham Thi Anh Thu" uid="22580488" lat="19.7848368" lon="105.7773420"/>
 <node id="13663872085" visible="true" version="1" changeset="180137057" timestamp="2026-03-20T04:02:08Z" user="Pham Thi Anh Thu" uid="22580488" lat="19.7852038" lon="105.7773647"/>
 <node id="13663872086" visible="true" version="1" changeset="180137057" timestamp="2026-03-20T04:02:08Z" user="Pham Thi Anh Thu" uid="22580488" lat="19.7853575" lon="105.7774720"/>
 <node id="13663872087" visible="true" version="1" changeset="180137057" timestamp="2026-03-20T04:02:08Z" user="Pham Thi Anh Thu" uid="22580488" lat="19.7854814" lon="105.7775427"/>
 <node id="13663872088" visible="true" version="1" changeset="180137057" timestamp="2026-03-20T04:02:08Z" user="Pham Thi Anh Thu" uid="22580488" lat="19.7856352" lon="105.7776061"/>
 <node id="13663872089" visible="true" version="1" changeset="180137057" timestamp="2026-03-20T04:02:08Z" user="Pham Thi Anh Thu" uid="22580488" lat="19.7858072" lon="105.7776134"/>
 <node id="13663872090" visible="true" version="1" changeset="180137057" timestamp="2026-03-20T04:02:08Z" user="Pham Thi Anh Thu" uid="22580488" lat="19.7859495" lon="105.7775671"/>
 <node id="13663872091" visible="true" version="1" changeset="180137057" timestamp="2026-03-20T04:02:08Z" user="Pham Thi Anh Thu" uid="22580488" lat="19.7860665" lon="105.7774549"/>
 <node id="13663872092" visible="true" version="1" changeset="180137057" timestamp="2026-03-20T04:02:08Z" user="Pham Thi Anh Thu" uid="22580488" lat="19.7862501" lon="105.7772501"/>
 <node id="13663872093" visible="true" version="1" changeset="180137057" timestamp="2026-03-20T04:02:08Z" user="Pham Thi Anh Thu" uid="22580488" lat="19.7864249" lon="105.7768997"/>
 <node id="13664433730" visible="true" version="1" changeset="180150997" timestamp="2026-03-20T10:16:50Z" user="Pham Thi Anh Thu" uid="22580488" lat="19.7877772" lon="105.7823233"/>
 <node id="13664433731" visible="true" version="1" changeset="180150997" timestamp="2026-03-20T10:16:50Z" user="Pham Thi Anh Thu" uid="22580488" lat="19.7877554" lon="105.7823023"/>
 <node id="13664433732" visible="true" version="1" changeset="180150997" timestamp="2026-03-20T10:16:50Z" user="Pham Thi Anh Thu" uid="22580488" lat="19.7873991" lon="105.7826264"/>
 <way id="156084437" visible="true" version="42" changeset="180137057" timestamp="2026-03-20T04:02:08Z" user="Pham Thi Anh Thu" uid="22580488">
  <nd ref="13279984164"/>
  <nd ref="7931656207"/>
  <nd ref="480669433"/>
  <nd ref="7931642220"/>
  <nd ref="8061891541"/>
  <nd ref="5934692844"/>
  <nd ref="480669435"/>
  <nd ref="5934692858"/>
  <nd ref="480669438"/>
  <nd ref="8256317987"/>
  <nd ref="12513288759"/>
  <nd ref="5599989616"/>
  <nd ref="5599989595"/>
  <nd ref="4710258872"/>
  <nd ref="8574638103"/>
  <nd ref="480669440"/>
  <nd ref="8724185133"/>
  <nd ref="5599998248"/>
  <nd ref="8574276553"/>
  <nd ref="7929169379"/>
  <nd ref="8654310794"/>
  <nd ref="5599998249"/>
  <nd ref="12513288745"/>
  <nd ref="12870044128"/>
  <nd ref="12870044129"/>
  <nd ref="1683863430"/>
  <nd ref="5204960761"/>
  <nd ref="4712021723"/>
  <nd ref="13663872093"/>
  <nd ref="4712021732"/>
  <tag k="bicycle" v="yes"/>
  <tag k="cycleway" v="no"/>
  <tag k="foot" v="yes"/>
  <tag k="highway" v="trunk"/>
  <tag k="int_name" v="National Route 1"/>
  <tag k="lanes" v="2"/>
  <tag k="lit" v="yes"/>
  <tag k="maxspeed" v="60"/>
  <tag k="name" v="Đường Quang Trung"/>
  <tag k="name:en" v="Quang Trung Road"/>
  <tag k="oneway" v="yes"/>
  <tag k="ref" v="QL.1;QL.10"/>
  <tag k="source" v="GPS"/>
  <tag k="surface" v="asphalt"/>
  <tag k="wikidata" v="Q1372266"/>
  <tag k="wikipedia" v="vi:Quốc lộ 1"/>
 </way>
 <way id="156084447" visible="true" version="44" changeset="174195174" timestamp="2025-11-04T13:55:27Z" user="Trần Xuân" uid="23012452">
  <nd ref="4712021733"/>
  <nd ref="7929046094"/>
  <nd ref="4712021724"/>
  <nd ref="5934052920"/>
  <nd ref="8724182423"/>
  <nd ref="5204960762"/>
  <nd ref="12513288744"/>
  <nd ref="12870044126"/>
  <nd ref="5204960748"/>
  <nd ref="12870044125"/>
  <nd ref="8654329086"/>
  <nd ref="7929094969"/>
  <nd ref="8654310793"/>
  <nd ref="7929124094"/>
  <nd ref="7929124089"/>
  <nd ref="8574389681"/>
  <nd ref="8256211490"/>
  <nd ref="8724185134"/>
  <nd ref="1683863388"/>
  <nd ref="12870044130"/>
  <nd ref="12513288757"/>
  <nd ref="5599989596"/>
  <nd ref="5599989615"/>
  <nd ref="12870044131"/>
  <nd ref="1683863384"/>
  <nd ref="8654810357"/>
  <nd ref="1683863381"/>
  <nd ref="8061891538"/>
  <nd ref="8061891540"/>
  <nd ref="1683863378"/>
  <nd ref="8838772795"/>
  <nd ref="13279984163"/>
  <tag k="bicycle" v="yes"/>
  <tag k="cycleway" v="no"/>
  <tag k="foot" v="yes"/>
  <tag k="highway" v="trunk"/>
  <tag k="int_name" v="National Route 1"/>
  <tag k="lanes" v="2"/>
  <tag k="lit" v="yes"/>
  <tag k="maxspeed" v="60"/>
  <tag k="name" v="Đường Quang Trung"/>
  <tag k="name:en" v="Quang Trung Road"/>
  <tag k="oneway" v="yes"/>
  <tag k="ref" v="QL.1;QL.10"/>
  <tag k="source" v="GPS"/>
  <tag k="surface" v="asphalt"/>
  <tag k="wikidata" v="Q1372266"/>
  <tag k="wikipedia" v="vi:Quốc lộ 1"/>
 </way>
 <way id="156084515" visible="true" version="31" changeset="166853480" timestamp="2025-05-28T05:55:42Z" user="ZioDragon" uid="13799024">
  <nd ref="5204960750"/>
  <nd ref="12513288746"/>
  <nd ref="9534427649"/>
  <nd ref="4710258902"/>
  <nd ref="9534427646"/>
  <nd ref="9534427648"/>
  <nd ref="1683863417"/>
  <nd ref="9534427647"/>
  <nd ref="1683863413"/>
  <nd ref="5934052938"/>
  <nd ref="7929094945"/>
  <nd ref="5934052949"/>
  <nd ref="4710258893"/>
  <nd ref="7929094960"/>
  <nd ref="7929124088"/>
  <nd ref="5934052952"/>
  <nd ref="8574397237"/>
  <nd ref="2507179388"/>
  <nd ref="8574455139"/>
  <nd ref="8574249256"/>
  <nd ref="7929091480"/>
  <nd ref="5599989611"/>
  <nd ref="5599989610"/>
  <nd ref="4710258878"/>
  <nd ref="7929260396"/>
  <nd ref="8574279935"/>
  <nd ref="4710258868"/>
  <nd ref="4710258861"/>
  <nd ref="7929395556"/>
  <nd ref="4710258852"/>
  <nd ref="8655346308"/>
  <nd ref="8655374319"/>
  <nd ref="9337835746"/>
  <nd ref="8655356012"/>
  <nd ref="7929395569"/>
  <nd ref="7929260424"/>
  <nd ref="4710258798"/>
  <tag k="highway" v="secondary"/>
  <tag k="lit" v="yes"/>
  <tag k="name" v="Đường Hải Thượng Lãn Ông"/>
  <tag k="source" v="mapbox"/>
  <tag k="surface" v="asphalt"/>
 </way>
 <way id="477721609" visible="true" version="4" changeset="77546315" timestamp="2019-11-25T23:29:04Z" user="Sal73x" uid="1293386">
  <nd ref="4710258927"/>
  <nd ref="4712021633"/>
  <nd ref="4712021646"/>
  <nd ref="4712021649"/>
  <nd ref="4712021651"/>
  <nd ref="4712021650"/>
  <nd ref="4712021648"/>
  <nd ref="4712021645"/>
  <nd ref="4712021638"/>
  <nd ref="4712021629"/>
  <nd ref="4712021627"/>
  <nd ref="4712021631"/>
  <nd ref="4712021630"/>
  <nd ref="4712021626"/>
  <nd ref="4712021623"/>
  <nd ref="4712021621"/>
  <nd ref="4712021613"/>
  <nd ref="4712021607"/>
  <nd ref="4712021769"/>
  <nd ref="4712021768"/>
  <nd ref="4712021765"/>
  <nd ref="4712021763"/>
  <nd ref="4712021755"/>
  <nd ref="4712021751"/>
  <nd ref="4712021746"/>
  <nd ref="4712021744"/>
  <nd ref="4712021741"/>
  <nd ref="4712021743"/>
  <nd ref="4712021745"/>
  <nd ref="4712021750"/>
  <nd ref="4712021756"/>
  <nd ref="4712021758"/>
  <nd ref="4712021759"/>
  <nd ref="4712021760"/>
  <nd ref="4712021754"/>
  <nd ref="4712021752"/>
  <nd ref="4712021748"/>
  <nd ref="4712021742"/>
  <nd ref="4712021740"/>
  <nd ref="4712021736"/>
  <nd ref="4712021728"/>
  <nd ref="4712021725"/>
  <nd ref="4712021721"/>
  <nd ref="4712021717"/>
  <nd ref="4712021715"/>
  <nd ref="4712021716"/>
  <nd ref="4712021718"/>
  <nd ref="4712021726"/>
  <nd ref="4712021729"/>
  <nd ref="4712021730"/>
  <nd ref="4712021737"/>
  <nd ref="4712021747"/>
  <nd ref="4712021753"/>
  <nd ref="4712021762"/>
  <nd ref="4712021609"/>
  <nd ref="4712021619"/>
  <nd ref="4712021647"/>
  <nd ref="4712021652"/>
  <nd ref="4712021661"/>
  <nd ref="4712021672"/>
  <nd ref="4712021675"/>
  <nd ref="4712021676"/>
  <nd ref="4712021678"/>
  <nd ref="4712021685"/>
  <nd ref="4712021793"/>
  <nd ref="4712021794"/>
  <nd ref="4712021795"/>
  <nd ref="4712021796"/>
  <nd ref="4712021799"/>
  <nd ref="4712021801"/>
  <nd ref="4712021800"/>
  <nd ref="4712021797"/>
  <nd ref="5933957241"/>
  <nd ref="5933957242"/>
  <nd ref="5933957243"/>
  <nd ref="5933957244"/>
  <nd ref="5933957245"/>
  <nd ref="5933957246"/>
  <nd ref="5933957247"/>
  <nd ref="5933957252"/>
  <nd ref="5933957254"/>
  <nd ref="5933957255"/>
  <nd ref="5933957256"/>
  <nd ref="5933957257"/>
  <nd ref="5933957258"/>
  <nd ref="5933957259"/>
  <nd ref="5933957260"/>
  <nd ref="5933957262"/>
  <nd ref="5933957263"/>
  <nd ref="5933957264"/>
  <nd ref="5933957265"/>
  <nd ref="5933957266"/>
  <nd ref="5933957269"/>
  <nd ref="5933957272"/>
  <nd ref="5933957273"/>
  <nd ref="5933957274"/>
  <nd ref="5933957275"/>
  <nd ref="5933957276"/>
  <nd ref="5933957279"/>
  <nd ref="5933957280"/>
  <nd ref="5933957281"/>
  <nd ref="5933957282"/>
  <nd ref="5933957385"/>
  <nd ref="5933957386"/>
  <nd ref="5933957392"/>
  <nd ref="5933957393"/>
  <nd ref="5933957394"/>
  <nd ref="5933957395"/>
  <nd ref="5933957396"/>
  <nd ref="5933957397"/>
  <nd ref="5933957398"/>
  <nd ref="5933957399"/>
  <nd ref="5933957400"/>
  <nd ref="5933957401"/>
  <nd ref="5933957408"/>
  <nd ref="5933957409"/>
  <nd ref="5933957410"/>
  <tag k="source" v="mapbox"/>
  <tag k="waterway" v="river"/>
 </way>
 <way id="537517149" visible="true" version="33" changeset="166853480" timestamp="2025-05-28T05:55:42Z" user="ZioDragon" uid="13799024">
  <nd ref="5204960748"/>
  <nd ref="12870044128"/>
  <nd ref="12870044127"/>
  <nd ref="5204960747"/>
  <nd ref="5204960746"/>
  <nd ref="5204960745"/>
  <nd ref="5204960744"/>
  <nd ref="7952724812"/>
  <nd ref="5204960743"/>
  <nd ref="8654312167"/>
  <nd ref="8654312164"/>
  <nd ref="5599989588"/>
  <nd ref="5204960742"/>
  <nd ref="8655363152"/>
  <nd ref="5204960741"/>
  <nd ref="8654917729"/>
  <nd ref="5204960740"/>
  <nd ref="5934693803"/>
  <nd ref="8838693239"/>
  <nd ref="5599914386"/>
  <nd ref="5204960739"/>
  <nd ref="5204960738"/>
  <nd ref="5204960737"/>
  <nd ref="5599914371"/>
  <nd ref="5599914014"/>
  <nd ref="5599914015"/>
  <nd ref="8654422281"/>
  <nd ref="5599914016"/>
  <nd ref="5599914017"/>
  <nd ref="7954952015"/>
  <nd ref="5599914353"/>
  <nd ref="7955569852"/>
  <nd ref="7955569862"/>
  <nd ref="7982917777"/>
  <nd ref="7982917770"/>
  <nd ref="7982790314"/>
  <nd ref="8840699579"/>
  <nd ref="5599914018"/>
  <nd ref="5599914325"/>
  <nd ref="7982990799"/>
  <nd ref="5599914347"/>
  <nd ref="11515558167"/>
  <nd ref="5599914345"/>
  <nd ref="8841089898"/>
  <nd ref="5599914343"/>
  <nd ref="7967244859"/>
  <nd ref="8838684552"/>
  <nd ref="8838711375"/>
  <nd ref="8838643586"/>
  <nd ref="11515572872"/>
  <nd ref="11515572884"/>
  <nd ref="10913575452"/>
  <nd ref="11515572891"/>
  <nd ref="10913575450"/>
  <nd ref="5599914019"/>
  <nd ref="5599914020"/>
  <nd ref="5599914321"/>
  <nd ref="5599914322"/>
  <nd ref="5599914323"/>
  <nd ref="5599914324"/>
  <tag k="highway" v="secondary"/>
  <tag k="lit" v="yes"/>
  <tag k="name" v="Đường Võ Nguyên Giáp"/>
  <tag k="oneway" v="yes"/>
  <tag k="smoothness" v="excellent"/>
  <tag k="source" v="Mapbox"/>
  <tag k="surface" v="asphalt"/>
 </way>
 <way id="537517150" visible="true" version="24" changeset="167600678" timestamp="2025-06-14T06:43:13Z" user="user_22995996" uid="22995996">
  <nd ref="5599914341"/>
  <nd ref="5599914340"/>
  <nd ref="5599914339"/>
  <nd ref="5599914338"/>
  <nd ref="5599914337"/>
  <nd ref="5599914336"/>
  <nd ref="5599914335"/>
  <nd ref="5599914334"/>
  <nd ref="8838121838"/>
  <nd ref="11515572887"/>
  <nd ref="11515572885"/>
  <nd ref="8838027765"/>
  <nd ref="11515572882"/>
  <nd ref="8838679967"/>
  <nd ref="7967271376"/>
  <nd ref="5599914342"/>
  <nd ref="7967301788"/>
  <nd ref="5599914344"/>
  <nd ref="7981603361"/>
  <nd ref="11515572892"/>
  <nd ref="5599914346"/>
  <nd ref="8840783890"/>
  <nd ref="5599914333"/>
  <nd ref="7982790309"/>
  <nd ref="7982877099"/>
  <nd ref="5599914354"/>
  <nd ref="7954758205"/>
  <nd ref="5599914332"/>
  <nd ref="5599914331"/>
  <nd ref="8840803621"/>
  <nd ref="5599914330"/>
  <nd ref="5599914329"/>
  <nd ref="5599914372"/>
  <nd ref="5204960736"/>
  <nd ref="5204960759"/>
  <nd ref="5204960760"/>
  <nd ref="8654304807"/>
  <nd ref="5204960758"/>
  <nd ref="11515572875"/>
  <nd ref="11647413020"/>
  <nd ref="11647413021"/>
  <nd ref="5204960757"/>
  <nd ref="5204960756"/>
  <nd ref="5204960755"/>
  <nd ref="5599998254"/>
  <nd ref="5204960754"/>
  <nd ref="5204960753"/>
  <nd ref="5204960752"/>
  <nd ref="5599998265"/>
  <nd ref="5204960751"/>
  <nd ref="5204960749"/>
  <nd ref="12870044129"/>
  <nd ref="12870044126"/>
  <tag k="highway" v="secondary"/>
  <tag k="lit" v="yes"/>
  <tag k="name" v="Đường Võ Nguyên Giáp"/>
  <tag k="oneway" v="yes"/>
  <tag k="smoothness" v="excellent"/>
  <tag k="source" v="Mapbox"/>
  <tag k="surface" v="asphalt"/>
 </way>
 <way id="586051823" visible="true" version="11" changeset="180150997" timestamp="2026-03-20T10:16:50Z" user="Pham Thi Anh Thu" uid="22580488">
  <nd ref="5204960752"/>
  <nd ref="8654335991"/>
  <nd ref="5934052994"/>
  <nd ref="7929143453"/>
  <nd ref="5934052995"/>
  <nd ref="7929143446"/>
  <nd ref="7952711216"/>
  <nd ref="7952531936"/>
  <nd ref="5599998264"/>
  <nd ref="7952711225"/>
  <nd ref="7952711218"/>
  <nd ref="5599998242"/>
  <nd ref="7952531940"/>
  <nd ref="8838579870"/>
  <nd ref="13664433732"/>
  <nd ref="7952531942"/>
  <nd ref="7952675249"/>
  <tag k="highway" v="residential"/>
  <tag k="source" v="maxar"/>
 </way>
 <way id="586051827" visible="true" version="4" changeset="132530013" timestamp="2023-02-14T10:33:06Z" user="vietnam321" uid="11196308">
  <nd ref="5599998249"/>
  <nd ref="7929164338"/>
  <nd ref="5599998250"/>
  <nd ref="10657414507"/>
  <nd ref="5599998260"/>
  <nd ref="7929143460"/>
  <nd ref="5599998259"/>
  <nd ref="5599998251"/>
  <nd ref="8574638096"/>
  <nd ref="8574638098"/>
  <nd ref="8574638089"/>
  <nd ref="8574638097"/>
  <tag k="highway" v="residential"/>
  <tag k="name" v="Phố Lê Trung Giang"/>
 </way>
 <way id="586051828" visible="true" version="12" changeset="166853480" timestamp="2025-05-28T05:55:42Z" user="ZioDragon" uid="13799024">
  <nd ref="5599998254"/>
  <nd ref="5934052993"/>
  <nd ref="5934052996"/>
  <nd ref="7952711217"/>
  <nd ref="5599998263"/>
  <nd ref="7952711224"/>
  <nd ref="7952711219"/>
  <nd ref="5599998253"/>
  <nd ref="5599998252"/>
  <nd ref="7952698822"/>
  <nd ref="7952698823"/>
  <nd ref="7952698824"/>
  <nd ref="7952675250"/>
  <tag k="highway" v="residential"/>
  <tag k="name" v="Đường Lê Dụ Tông"/>
  <tag k="source" v="maxar"/>
  <tag k="surface" v="asphalt"/>
 </way>
 <way id="586051829" visible="true" version="3" changeset="91246469" timestamp="2020-09-21T19:20:42Z" user="VLD155" uid="10456863">
  <nd ref="5599998258"/>
  <nd ref="7929164330"/>
  <nd ref="7929169384"/>
  <nd ref="7929164328"/>
  <nd ref="7929164326"/>
  <nd ref="5599998259"/>
  <tag k="highway" v="residential"/>
 </way>
 <way id="586051830" visible="true" version="3" changeset="91246469" timestamp="2020-09-21T19:20:42Z" user="VLD155" uid="10456863">
  <nd ref="5599998260"/>
  <nd ref="7929164325"/>
  <nd ref="7929164327"/>
  <nd ref="7929174685"/>
  <nd ref="7929164329"/>
  <nd ref="5599998261"/>
  <tag k="highway" v="residential"/>
 </way>
 <way id="586051831" visible="true" version="5" changeset="162889213" timestamp="2025-02-24T12:28:19Z" user="Tewuzij" uid="16194143">
  <nd ref="5599998262"/>
  <nd ref="7952711229"/>
  <nd ref="7952711227"/>
  <nd ref="5934052999"/>
  <nd ref="5599998263"/>
  <nd ref="5599998264"/>
  <tag k="highway" v="residential"/>
  <tag k="name" v="Phố Lê Lâm"/>
  <tag k="surface" v="asphalt"/>
 </way>
 <way id="628553090" visible="true" version="7" changeset="163036302" timestamp="2025-02-28T05:36:13Z" user="Tewuzij" uid="16194143">
  <nd ref="10657414527"/>
  <nd ref="7928979374"/>
  <nd ref="5934052988"/>
  <nd ref="5934052986"/>
  <nd ref="7929056121"/>
  <nd ref="7929056124"/>
  <nd ref="5934052911"/>
  <nd ref="7929045723"/>
  <nd ref="5934052912"/>
  <nd ref="5934052913"/>
  <nd ref="5934052914"/>
  <nd ref="7929045720"/>
  <nd ref="5934052915"/>
  <nd ref="5934052916"/>
  <nd ref="7929045703"/>
  <nd ref="5934052917"/>
  <nd ref="5934052918"/>
  <nd ref="7929046092"/>
  <nd ref="5934052919"/>
  <nd ref="7929046087"/>
  <nd ref="7929046090"/>
  <nd ref="5934052920"/>
  <tag k="highway" v="tertiary"/>
  <tag k="lit" v="yes"/>
  <tag k="name" v="Đường Nguyễn Phục"/>
  <tag k="surface" v="asphalt"/>
 </way>
 <way id="628553093" visible="true" version="8" changeset="162889213" timestamp="2025-02-24T12:27:49Z" user="Tewuzij" uid="16194143">
  <nd ref="5934052915"/>
  <nd ref="8654376225"/>
  <nd ref="8654382629"/>
  <nd ref="7929054343"/>
  <nd ref="7929054338"/>
  <nd ref="7929054344"/>
  <nd ref="7929054342"/>
  <nd ref="7929054345"/>
  <nd ref="7929054339"/>
  <nd ref="7929054340"/>
  <nd ref="7929054346"/>
  <nd ref="7929054347"/>
  <nd ref="7929054341"/>
  <nd ref="7929054348"/>
  <nd ref="7929054351"/>
  <nd ref="12395221583"/>
  <nd ref="7929054350"/>
  <nd ref="7929054349"/>
  <nd ref="8654411218"/>
  <nd ref="5934052934"/>
  <nd ref="7929104389"/>
  <nd ref="5934052951"/>
  <nd ref="7929091467"/>
  <nd ref="8654364733"/>
  <nd ref="7929091472"/>
  <nd ref="7929092083"/>
  <nd ref="7929091475"/>
  <nd ref="7929104385"/>
  <nd ref="5934052936"/>
  <nd ref="5934052944"/>
  <nd ref="7929091479"/>
  <nd ref="5934052937"/>
  <tag k="highway" v="residential"/>
  <tag k="name" v="Đường Đỗ Đại"/>
  <tag k="source" v="maxar"/>
  <tag k="surface" v="asphalt"/>
 </way>
 <way id="628553094" visible="true" version="5" changeset="162889213" timestamp="2025-02-24T12:27:51Z" user="Tewuzij" uid="16194143">
  <nd ref="5934052934"/>
  <nd ref="5934052939"/>
  <nd ref="7929104391"/>
  <nd ref="5934052948"/>
  <nd ref="5934052938"/>
  <tag k="highway" v="residential"/>
  <tag k="name" v="Phố Yên Yên Trường"/>
  <tag k="surface" v="asphalt"/>
 </way>
 <way id="628553095" visible="true" version="6" changeset="162889213" timestamp="2025-02-24T12:27:42Z" user="Tewuzij" uid="16194143">
  <nd ref="5934052941"/>
  <nd ref="7929091477"/>
  <nd ref="7929091481"/>
  <nd ref="5934052945"/>
  <nd ref="5934052940"/>
  <nd ref="7929091474"/>
  <nd ref="7929091471"/>
  <nd ref="7929091468"/>
  <nd ref="5934052950"/>
  <nd ref="7929104388"/>
  <nd ref="5934052939"/>
  <nd ref="7929045054"/>
  <nd ref="7929045055"/>
  <nd ref="7929045056"/>
  <nd ref="7929045057"/>
  <nd ref="7929045058"/>
  <nd ref="7929045069"/>
  <nd ref="7929045059"/>
  <tag k="highway" v="residential"/>
  <tag k="name" v="Đường Ngô Thuyền"/>
  <tag k="source" v="maxar"/>
  <tag k="surface" v="asphalt"/>
 </way>
 <way id="628553098" visible="true" version="6" changeset="162889213" timestamp="2025-02-24T12:27:44Z" user="Tewuzij" uid="16194143">
  <nd ref="5934052946"/>
  <nd ref="5934052953"/>
  <nd ref="7929091473"/>
  <nd ref="7929091470"/>
  <nd ref="7929091469"/>
  <nd ref="5934052947"/>
  <nd ref="7929104387"/>
  <nd ref="5934052948"/>
  <nd ref="7929045060"/>
  <nd ref="7929045061"/>
  <nd ref="7929045062"/>
  <nd ref="7929045066"/>
  <nd ref="7929045063"/>
  <nd ref="7929045064"/>
  <nd ref="7929045070"/>
  <tag k="highway" v="residential"/>
  <tag k="name" v="Phố Lê Huy Toán"/>
  <tag k="source" v="maxar"/>
  <tag k="surface" v="asphalt"/>
 </way>
 <way id="628553099" visible="true" version="1" changeset="62975369" timestamp="2018-09-27T12:11:58Z" user="Sal73x" uid="1293386">
  <nd ref="5934052949"/>
  <nd ref="5934052947"/>
  <nd ref="5934052950"/>
  <nd ref="5934052951"/>
  <tag k="highway" v="residential"/>
 </way>
 <way id="628553106" visible="true" version="3" changeset="132530013" timestamp="2023-02-14T10:33:06Z" user="vietnam321" uid="11196308">
  <nd ref="10120337762"/>
  <nd ref="5934052992"/>
  <nd ref="5934053001"/>
  <nd ref="5934052993"/>
  <nd ref="5934052994"/>
  <tag k="highway" v="residential"/>
  <tag k="name" v="Phố Phạm Đức Kỳ"/>
 </way>
 <way id="628553107" visible="true" version="5" changeset="162889213" timestamp="2025-02-24T12:28:23Z" user="Tewuzij" uid="16194143">
  <nd ref="5934052995"/>
  <nd ref="10657414506"/>
  <nd ref="5934052996"/>
  <nd ref="5934053000"/>
  <nd ref="7952711226"/>
  <nd ref="7952711228"/>
  <nd ref="5934052997"/>
  <tag k="highway" v="residential"/>
  <tag k="name" v="Phố Lê Duy Mật"/>
  <tag k="surface" v="asphalt"/>
 </way>
 <way id="849890128" visible="true" version="1" changeset="91243981" timestamp="2020-09-21T18:10:31Z" user="VLD155" uid="10456863">
  <nd ref="7929046086"/>
  <nd ref="7929046104"/>
  <nd ref="7929046088"/>
  <nd ref="7928973083"/>
  <nd ref="7929046087"/>
  <tag k="highway" v="residential"/>
  <tag k="source" v="maxar"/>
 </way>
 <way id="849890130" visible="true" version="2" changeset="163849245" timestamp="2025-03-20T07:56:47Z" user="GrabVN_HHanh" uid="21825758">
  <nd ref="7929046090"/>
  <nd ref="7929046091"/>
  <nd ref="12683833142"/>
  <nd ref="7929046096"/>
  <tag k="highway" v="residential"/>
  <tag k="source" v="maxar"/>
 </way>
 <way id="849892692" visible="true" version="2" changeset="117545352" timestamp="2022-02-18T04:17:18Z" user="vietnam321" uid="11196308">
  <nd ref="7929045703"/>
  <nd ref="7929045704"/>
  <nd ref="7929045708"/>
  <nd ref="7929045705"/>
  <nd ref="7929045707"/>
  <nd ref="7929045706"/>
  <tag k="highway" v="residential"/>
  <tag k="name" v="Đường Đỗ Đại"/>
  <tag k="source" v="maxar"/>
 </way>
 <way id="849895942" visible="true" version="1" changeset="91244571" timestamp="2020-09-21T18:27:51Z" user="VLD155" uid="10456863">
  <nd ref="7929045060"/>
  <nd ref="7929045054"/>
  <tag k="highway" v="residential"/>
  <tag k="source" v="maxar"/>
 </way>
 <way id="849895943" visible="true" version="1" changeset="91244571" timestamp="2020-09-21T18:27:51Z" user="VLD155" uid="10456863">
  <nd ref="7929045055"/>
  <nd ref="7929045061"/>
  <nd ref="7929045065"/>
  <tag k="highway" v="residential"/>
  <tag k="source" v="maxar"/>
 </way>
 <way id="849895944" visible="true" version="1" changeset="91244571" timestamp="2020-09-21T18:27:51Z" user="VLD155" uid="10456863">
  <nd ref="7929045057"/>
  <nd ref="7929045066"/>
  <nd ref="7929045067"/>
  <tag k="highway" v="residential"/>
  <tag k="source" v="maxar"/>
 </way>
 <way id="849895945" visible="true" version="2" changeset="103386757" timestamp="2021-04-22T06:59:16Z" user="jonna_kuti" uid="10751844">
  <nd ref="7929045068"/>
  <nd ref="8654403562"/>
  <nd ref="7929045064"/>
  <nd ref="7929045069"/>
  <tag k="highway" v="residential"/>
  <tag k="source" v="maxar"/>
 </way>
 <way id="849895946" visible="true" version="1" changeset="91244571" timestamp="2020-09-21T18:27:51Z" user="VLD155" uid="10456863">
  <nd ref="7929045071"/>
  <nd ref="7929045072"/>
  <nd ref="7929045070"/>
  <nd ref="7929045059"/>
  <tag k="highway" v="residential"/>
  <tag k="source" v="maxar"/>
 </way>
 <way id="849895947" visible="true" version="1" changeset="91244571" timestamp="2020-09-21T18:27:51Z" user="VLD155" uid="10456863">
  <nd ref="7929045072"/>
  <nd ref="7929046090"/>
  <tag k="highway" v="residential"/>
  <tag k="source" v="maxar"/>
 </way>
 <way id="849896355" visible="true" version="1" changeset="91244650" timestamp="2020-09-21T18:29:59Z" user="VLD155" uid="10456863">
  <nd ref="7929045068"/>
  <nd ref="7929078005"/>
  <nd ref="7929045067"/>
  <nd ref="7929078004"/>
  <nd ref="7929078002"/>
  <tag k="highway" v="residential"/>
  <tag k="source" v="maxar"/>
 </way>
 <way id="849896356" visible="true" version="1" changeset="91244650" timestamp="2020-09-21T18:29:59Z" user="VLD155" uid="10456863">
  <nd ref="7929078002"/>
  <nd ref="7929078003"/>
  <nd ref="7929045062"/>
  <nd ref="7929045056"/>
  <tag k="highway" v="residential"/>
  <tag k="source" v="maxar"/>
 </way>
 <way id="849896357" visible="true" version="2" changeset="166853480" timestamp="2025-05-28T05:55:42Z" user="ZioDragon" uid="13799024">
  <nd ref="7929045058"/>
  <nd ref="7929045063"/>
  <nd ref="7929078005"/>
  <nd ref="7929078006"/>
  <nd ref="7929078008"/>
  <nd ref="5204960762"/>
  <tag k="highway" v="residential"/>
  <tag k="source" v="maxar"/>
 </way>
 <way id="849898227" visible="true" version="1" changeset="91245049" timestamp="2020-09-21T18:40:37Z" user="VLD155" uid="10456863">
  <nd ref="7929104387"/>
  <nd ref="7929104390"/>
  <nd ref="7929104388"/>
  <nd ref="7929104389"/>
  <tag k="highway" v="residential"/>
  <tag k="source" v="maxar"/>
 </way>
 <way id="849898228" visible="true" version="1" changeset="91245049" timestamp="2020-09-21T18:40:37Z" user="VLD155" uid="10456863">
  <nd ref="7929104390"/>
  <nd ref="7929104391"/>
  <tag k="highway" v="residential"/>
  <tag k="source" v="maxar"/>
 </way>
 <way id="849899682" visible="true" version="1" changeset="91245307" timestamp="2020-09-21T18:47:00Z" user="VLD155" uid="10456863">
  <nd ref="7929094942"/>
  <nd ref="7929094947"/>
  <nd ref="7929094948"/>
  <tag k="highway" v="residential"/>
  <tag k="source" v="maxar"/>
 </way>
 <way id="849899683" visible="true" version="2" changeset="115278059" timestamp="2021-12-23T03:02:53Z" user="Vikram_R" uid="12664112">
  <nd ref="7929094943"/>
  <nd ref="7929094944"/>
  <nd ref="7929094945"/>
  <tag k="highway" v="residential"/>
  <tag k="name" v="Ngõ 77 Hải Thượng Lãn Ông"/>
  <tag k="source" v="maxar"/>
 </way>
 <way id="849899684" visible="true" version="1" changeset="91245307" timestamp="2020-09-21T18:47:00Z" user="VLD155" uid="10456863">
  <nd ref="7929094946"/>
  <nd ref="7929094947"/>
  <tag k="highway" v="residential"/>
  <tag k="source" v="maxar"/>
 </way>
 <way id="849899685" visible="true" version="1" changeset="91245307" timestamp="2020-09-21T18:47:00Z" user="VLD155" uid="10456863">
  <nd ref="7929094943"/>
  <nd ref="7929094948"/>
  <nd ref="7929094949"/>
  <tag k="highway" v="residential"/>
  <tag k="source" v="maxar"/>
 </way>
 <way id="849899902" visible="true" version="1" changeset="91245407" timestamp="2020-09-21T18:49:48Z" user="VLD155" uid="10456863">
  <nd ref="7929094955"/>
  <nd ref="7929094954"/>
  <tag k="highway" v="residential"/>
  <tag k="source" v="maxar"/>
 </way>
 <way id="849899903" visible="true" version="1" changeset="91245407" timestamp="2020-09-21T18:49:48Z" user="VLD155" uid="10456863">
  <nd ref="7929094954"/>
  <nd ref="7929094956"/>
  <nd ref="7929094958"/>
  <tag k="highway" v="residential"/>
  <tag k="source" v="maxar"/>
 </way>
 <way id="849899904" visible="true" version="1" changeset="91245407" timestamp="2020-09-21T18:49:48Z" user="VLD155" uid="10456863">
  <nd ref="7929094956"/>
  <nd ref="7929094957"/>
  <tag k="highway" v="residential"/>
  <tag k="source" v="maxar"/>
 </way>
 <way id="849899905" visible="true" version="1" changeset="91245407" timestamp="2020-09-21T18:49:48Z" user="VLD155" uid="10456863">
  <nd ref="7929094962"/>
  <nd ref="7929094946"/>
  <nd ref="7929094949"/>
  <nd ref="7929094958"/>
  <nd ref="7929094961"/>
  <nd ref="7929094959"/>
  <nd ref="7929094960"/>
  <tag k="highway" v="residential"/>
  <tag k="source" v="maxar"/>
 </way>
 <way id="849899906" visible="true" version="1" changeset="91245407" timestamp="2020-09-21T18:49:48Z" user="VLD155" uid="10456863">
  <nd ref="7929094963"/>
  <nd ref="7929094964"/>
  <nd ref="7929094965"/>
  <nd ref="7929094962"/>
  <nd ref="7929094966"/>
  <nd ref="7929094967"/>
  <tag k="highway" v="residential"/>
  <tag k="source" v="maxar"/>
 </way>
 <way id="849899907" visible="true" version="1" changeset="91245407" timestamp="2020-09-21T18:49:48Z" user="VLD155" uid="10456863">
  <nd ref="7929094967"/>
  <nd ref="7929094968"/>
  <nd ref="7929094969"/>
  <tag k="highway" v="residential"/>
  <tag k="source" v="maxar"/>
 </way>
 <way id="849899908" visible="true" version="1" changeset="91245407" timestamp="2020-09-21T18:49:48Z" user="VLD155" uid="10456863">
  <nd ref="7929094970"/>
  <nd ref="7929094971"/>
  <tag k="highway" v="residential"/>
  <tag k="source" v="maxar"/>
 </way>
 <way id="849899909" visible="true" version="1" changeset="91245407" timestamp="2020-09-21T18:49:48Z" user="VLD155" uid="10456863">
  <nd ref="7929094972"/>
  <nd ref="7929094973"/>
  <tag k="highway" v="residential"/>
  <tag k="source" v="maxar"/>
 </way>
 <way id="849900584" visible="true" version="1" changeset="91245562" timestamp="2020-09-21T18:53:32Z" user="VLD155" uid="10456863">
  <nd ref="7929124089"/>
  <nd ref="7929124085"/>
  <nd ref="7929124086"/>
  <nd ref="7929124087"/>
  <nd ref="7929094970"/>
  <nd ref="7929094973"/>
  <nd ref="7929124088"/>
  <tag k="highway" v="residential"/>
  <tag k="source" v="maxar"/>
 </way>
 <way id="849900587" visible="true" version="1" changeset="91245562" timestamp="2020-09-21T18:53:32Z" user="VLD155" uid="10456863">
  <nd ref="7929094963"/>
  <nd ref="7929124093"/>
  <nd ref="7929124090"/>
  <nd ref="7929124094"/>
  <tag k="highway" v="residential"/>
  <tag k="source" v="maxar"/>
 </way>
 <way id="849905466" visible="true" version="1" changeset="91246282" timestamp="2020-09-21T19:15:30Z" user="VLD155" uid="10456863">
  <nd ref="7929143446"/>
  <nd ref="7929143450"/>
  <nd ref="7929143447"/>
  <nd ref="7929143448"/>
  <nd ref="7929157388"/>
  <tag k="highway" v="residential"/>
  <tag k="source" v="maxar"/>
 </way>
 <way id="849905468" visible="true" version="1" changeset="91246282" timestamp="2020-09-21T19:15:30Z" user="VLD155" uid="10456863">
  <nd ref="7929143454"/>
  <nd ref="7929143452"/>
  <nd ref="7929143453"/>
  <tag k="highway" v="residential"/>
  <tag k="source" v="maxar"/>
 </way>
 <way id="849905470" visible="true" version="2" changeset="91666359" timestamp="2020-09-28T21:04:12Z" user="VLD155" uid="10456863">
  <nd ref="7952724814"/>
  <nd ref="7952724815"/>
  <nd ref="7929143457"/>
  <tag k="highway" v="residential"/>
  <tag k="source" v="maxar"/>
 </way>
 <way id="849905471" visible="true" version="1" changeset="91246282" timestamp="2020-09-21T19:15:30Z" user="VLD155" uid="10456863">
  <nd ref="7929143457"/>
  <nd ref="5599998260"/>
  <tag k="highway" v="residential"/>
  <tag k="source" v="maxar"/>
 </way>
 <way id="849905987" visible="true" version="1" changeset="91246370" timestamp="2020-09-21T19:17:58Z" user="VLD155" uid="10456863">
  <nd ref="7929164325"/>
  <nd ref="7929164326"/>
  <tag k="highway" v="residential"/>
  <tag k="source" v="maxar"/>
 </way>
 <way id="849905988" visible="true" version="1" changeset="91246370" timestamp="2020-09-21T19:17:58Z" user="VLD155" uid="10456863">
  <nd ref="7929164327"/>
  <nd ref="7929164328"/>
  <tag k="highway" v="residential"/>
  <tag k="source" v="maxar"/>
 </way>
 <way id="849905990" visible="true" version="1" changeset="91246370" timestamp="2020-09-21T19:17:58Z" user="VLD155" uid="10456863">
  <nd ref="7929164337"/>
  <nd ref="7929164332"/>
  <nd ref="7929164331"/>
  <tag k="highway" v="residential"/>
  <tag k="source" v="maxar"/>
 </way>
 <way id="849905991" visible="true" version="1" changeset="91246370" timestamp="2020-09-21T19:17:58Z" user="VLD155" uid="10456863">
  <nd ref="7929164332"/>
  <nd ref="7929164333"/>
  <nd ref="7929164334"/>
  <tag k="highway" v="residential"/>
  <tag k="source" v="maxar"/>
 </way>
 <way id="849905992" visible="true" version="1" changeset="91246370" timestamp="2020-09-21T19:17:58Z" user="VLD155" uid="10456863">
  <nd ref="7929164336"/>
  <nd ref="7929164333"/>
  <nd ref="7929164335"/>
  <tag k="highway" v="residential"/>
  <tag k="source" v="maxar"/>
 </way>
 <way id="849905993" visible="true" version="2" changeset="103384384" timestamp="2021-04-22T06:30:05Z" user="jonna_kuti" uid="10751844">
  <nd ref="7929164339"/>
  <nd ref="7929164336"/>
  <nd ref="8654310795"/>
  <nd ref="7929164337"/>
  <nd ref="7929164338"/>
  <tag k="highway" v="residential"/>
  <tag k="source" v="maxar"/>
 </way>
 <way id="849907427" visible="true" version="2" changeset="167636454" timestamp="2025-06-15T05:43:44Z" user="user_22995996" uid="22995996">
  <nd ref="7929169383"/>
  <nd ref="7929169384"/>
  <nd ref="7929174685"/>
  <nd ref="7929164335"/>
  <tag k="highway" v="residential"/>
  <tag k="source" v="maxar"/>
 </way>
 <way id="852528308" visible="true" version="13" changeset="180150997" timestamp="2026-03-20T10:16:50Z" user="Pham Thi Anh Thu" uid="22580488">
  <nd ref="5204960761"/>
  <nd ref="7929157385"/>
  <nd ref="7929157394"/>
  <nd ref="7929157386"/>
  <nd ref="13663872084"/>
  <nd ref="7929157387"/>
  <nd ref="7929157388"/>
  <nd ref="7929157389"/>
  <nd ref="7929157390"/>
  <nd ref="7929157391"/>
  <nd ref="7929157392"/>
  <nd ref="7929143445"/>
  <nd ref="7952675623"/>
  <nd ref="7952675622"/>
  <nd ref="7952675621"/>
  <nd ref="7952531943"/>
  <nd ref="7952675608"/>
  <nd ref="7952675620"/>
  <nd ref="7952675619"/>
  <nd ref="7952675609"/>
  <nd ref="7952675610"/>
  <nd ref="13664433731"/>
  <nd ref="13664433730"/>
  <nd ref="7952675611"/>
  <nd ref="7952675612"/>
  <nd ref="7952675613"/>
  <nd ref="7952675614"/>
  <nd ref="7952675248"/>
  <nd ref="5934052991"/>
  <nd ref="7952675618"/>
  <nd ref="7952675615"/>
  <nd ref="7952675616"/>
  <tag k="highway" v="residential"/>
  <tag k="name" v="Lê Thánh Tông"/>
 </way>
 <way id="852532442" visible="true" version="2" changeset="91666359" timestamp="2020-09-28T21:04:12Z" user="VLD155" uid="10456863">
  <nd ref="7952531934"/>
  <nd ref="7929143449"/>
  <nd ref="7929143450"/>
  <nd ref="7929143452"/>
  <tag k="highway" v="residential"/>
  <tag k="source" v="maxar"/>
 </way>
 <way id="852532443" visible="true" version="2" changeset="91666359" timestamp="2020-09-28T21:04:12Z" user="VLD155" uid="10456863">
  <nd ref="7952531936"/>
  <nd ref="7929143449"/>
  <nd ref="7929143445"/>
  <tag k="highway" v="residential"/>
  <tag k="source" v="maxar"/>
 </way>
 <way id="852533009" visible="true" version="1" changeset="91666105" timestamp="2020-09-28T20:54:07Z" user="VLD155" uid="10456863">
  <nd ref="7952711216"/>
  <nd ref="7952711217"/>
  <tag k="highway" v="residential"/>
  <tag k="source" v="maxar"/>
 </way>
 <way id="852533011" visible="true" version="3" changeset="162889213" timestamp="2025-02-24T12:28:21Z" user="Tewuzij" uid="16194143">
  <nd ref="7952711222"/>
  <nd ref="7952711223"/>
  <nd ref="7952711224"/>
  <nd ref="7952711225"/>
  <tag k="highway" v="residential"/>
  <tag k="name" v="Phố Phạm Đốc"/>
  <tag k="source" v="maxar"/>
  <tag k="surface" v="asphalt"/>
 </way>
 <way id="852533752" visible="true" version="2" changeset="91666359" timestamp="2020-09-28T21:04:12Z" user="VLD155" uid="10456863">
  <nd ref="7929143460"/>
  <nd ref="7952724815"/>
  <nd ref="7952724817"/>
  <nd ref="7952724812"/>
  <tag k="highway" v="residential"/>
  <tag k="source" v="maxar"/>
 </way>
 <way id="852533754" visible="true" version="3" changeset="103384180" timestamp="2021-04-22T06:27:29Z" user="jonna_kuti" uid="10751844">
  <nd ref="7952724816"/>
  <nd ref="7952724817"/>
  <nd ref="8654320546"/>
  <nd ref="7929143456"/>
  <tag k="highway" v="residential"/>
  <tag k="source" v="maxar"/>
 </way>
 <way id="933734163" visible="true" version="1" changeset="103384180" timestamp="2021-04-22T06:27:29Z" user="jonna_kuti" uid="10751844">
  <nd ref="8654320552"/>
  <nd ref="8654320551"/>
  <nd ref="8654320550"/>
  <nd ref="8654320549"/>
  <nd ref="8654320548"/>
  <nd ref="8654320547"/>
  <nd ref="8654320546"/>
  <tag k="highway" v="residential"/>
 </way>
 <way id="933734834" visible="true" version="1" changeset="103384384" timestamp="2021-04-22T06:30:05Z" user="jonna_kuti" uid="10751844">
  <nd ref="8654310790"/>
  <nd ref="8654310791"/>
  <nd ref="8654310789"/>
  <nd ref="8654310792"/>
  <nd ref="8654310793"/>
  <tag k="highway" v="service"/>
 </way>
 <way id="933734835" visible="true" version="2" changeset="166853480" timestamp="2025-05-28T05:55:42Z" user="ZioDragon" uid="13799024">
  <nd ref="8654310795"/>
  <nd ref="8654310794"/>
  <tag k="highway" v="residential"/>
 </way>
 <way id="933735563" visible="true" version="2" changeset="113988549" timestamp="2021-11-19T12:14:03Z" user="GrabVN_Ánh Linh Lê" uid="13749044">
  <nd ref="8654329086"/>
  <nd ref="8654329066"/>
  <nd ref="8654329085"/>
  <nd ref="8654329084"/>
  <nd ref="8654329083"/>
  <nd ref="8654329082"/>
  <nd ref="8654329067"/>
  <nd ref="8654329081"/>
  <nd ref="8654329080"/>
  <nd ref="8654329070"/>
  <nd ref="8654329079"/>
  <nd ref="8654329071"/>
  <nd ref="8654329078"/>
  <nd ref="8654329077"/>
  <nd ref="8654329076"/>
  <nd ref="8654329068"/>
  <nd ref="8654329075"/>
  <nd ref="8654329069"/>
  <nd ref="8654329074"/>
  <nd ref="8654329073"/>
  <nd ref="8654329072"/>
  <tag k="highway" v="service"/>
  <tag k="name" v="Ngõ 628 Quang Trung"/>
 </way>
 <way id="933736421" visible="true" version="1" changeset="103384772" timestamp="2021-04-22T06:35:12Z" user="jonna_kuti" uid="10751844">
  <nd ref="8654320303"/>
  <nd ref="5599998265"/>
  <tag k="highway" v="residential"/>
 </way>
 <way id="933736878" visible="true" version="1" changeset="103384911" timestamp="2021-04-22T06:36:56Z" user="jonna_kuti" uid="10751844">
  <nd ref="8654335991"/>
  <nd ref="8654335992"/>
  <nd ref="8654335990"/>
  <tag k="highway" v="residential"/>
 </way>
 <way id="933736879" visible="true" version="1" changeset="103384911" timestamp="2021-04-22T06:36:56Z" user="jonna_kuti" uid="10751844">
  <nd ref="8654335996"/>
  <nd ref="8654335995"/>
  <nd ref="8654335994"/>
  <nd ref="8654335993"/>
  <nd ref="8654335992"/>
  <tag k="highway" v="residential"/>
 </way>
 <way id="933737244" visible="true" version="1" changeset="103385004" timestamp="2021-04-22T06:37:59Z" user="jonna_kuti" uid="10751844">
  <nd ref="8654347144"/>
  <nd ref="7929157391"/>
  <tag k="highway" v="residential"/>
 </way>
 <way id="933741305" visible="true" version="2" changeset="151396339" timestamp="2024-05-16T08:48:48Z" user="Grab_Cong" uid="18820325">
  <nd ref="7929045058"/>
  <nd ref="7929054339"/>
  <tag k="highway" v="service"/>
  <tag k="motorcar" v="destination"/>
  <tag k="service" v="alley"/>
 </way>
 <way id="933741306" visible="true" version="1" changeset="103386006" timestamp="2021-04-22T06:50:05Z" user="jonna_kuti" uid="10751844">
  <nd ref="8654374516"/>
  <nd ref="7929054344"/>
  <tag k="highway" v="residential"/>
 </way>
 <way id="933741307" visible="true" version="1" changeset="103386006" timestamp="2021-04-22T06:50:05Z" user="jonna_kuti" uid="10751844">
  <nd ref="8654382629"/>
  <nd ref="8654382628"/>
  <nd ref="8654382617"/>
  <nd ref="8654382627"/>
  <nd ref="8654382618"/>
  <nd ref="8654382626"/>
  <nd ref="8654382619"/>
  <nd ref="8654382625"/>
  <nd ref="8654382624"/>
  <nd ref="8654382621"/>
  <nd ref="8654382620"/>
  <nd ref="8654382623"/>
  <nd ref="8654382622"/>
  <tag k="highway" v="residential"/>
 </way>
 <way id="933743793" visible="true" version="1" changeset="103386757" timestamp="2021-04-22T06:59:16Z" user="jonna_kuti" uid="10751844">
  <nd ref="8654403562"/>
  <nd ref="7929045072"/>
  <tag k="highway" v="residential"/>
 </way>
 <way id="978958854" visible="true" version="1" changeset="110661749" timestamp="2021-09-03T08:22:27Z" user="vietnam321" uid="11196308">
  <nd ref="9057568167"/>
  <nd ref="9058154585"/>
  <nd ref="9058154583"/>
  <nd ref="9058154590"/>
  <nd ref="9057568183"/>
  <nd ref="9057568167"/>
  <tag k="amenity" v="college"/>
  <tag k="name" v="Trường Cao đẳng Y tế Thanh Hoá"/>
 </way>
 <way id="1105978777" visible="true" version="1" changeset="127911464" timestamp="2022-10-22T07:38:33Z" user="vietnam321" uid="11196308">
  <nd ref="10120337767"/>
  <nd ref="10120337768"/>
  <nd ref="10120337769"/>
  <nd ref="10120337770"/>
  <nd ref="10120337771"/>
  <nd ref="10120337772"/>
  <nd ref="10120337773"/>
  <nd ref="10120337774"/>
  <nd ref="10120337767"/>
  <tag k="leisure" v="park"/>
  <tag k="name" v="Công viên Quảng Xá"/>
 </way>
 <way id="1105978778" visible="true" version="1" changeset="127911464" timestamp="2022-10-22T07:38:33Z" user="vietnam321" uid="11196308">
  <nd ref="10120337775"/>
  <nd ref="10120337776"/>
  <nd ref="10120337777"/>
  <nd ref="10120337778"/>
  <nd ref="10120337779"/>
  <nd ref="10120337780"/>
  <nd ref="10120337781"/>
  <nd ref="10120337782"/>
  <nd ref="10120337775"/>
  <tag k="leisure" v="park"/>
 </way>
 <way id="1196759199" visible="true" version="1" changeset="139702103" timestamp="2023-08-10T11:30:16Z" user="Oksana18_18" uid="19153593">
  <nd ref="8654329072"/>
  <nd ref="11104559832"/>
  <nd ref="11104559833"/>
  <nd ref="11104559834"/>
  <nd ref="11104559835"/>
  <tag k="highway" v="residential"/>
 </way>
 <way id="1196774244" visible="true" version="2" changeset="166853480" timestamp="2025-05-28T05:55:42Z" user="ZioDragon" uid="13799024">
  <nd ref="5204960746"/>
  <nd ref="11104673067"/>
  <nd ref="11104673068"/>
  <tag k="highway" v="residential"/>
 </way>
 <way id="1253098018" visible="true" version="2" changeset="147830340" timestamp="2024-02-23T18:44:02Z" user="Bùi Lê Việt Cường" uid="15514566">
  <nd ref="11644964218"/>
  <nd ref="11647412950"/>
  <nd ref="11647412947"/>
  <nd ref="11647412946"/>
  <nd ref="11647412949"/>
  <nd ref="11647412945"/>
  <nd ref="11647412944"/>
  <nd ref="11647412948"/>
  <nd ref="11647412942"/>
  <nd ref="11647412941"/>
  <nd ref="11647412940"/>
  <nd ref="11647412939"/>
  <nd ref="11647412943"/>
  <nd ref="11647412938"/>
  <nd ref="11647412935"/>
  <nd ref="11647412934"/>
  <nd ref="11647412937"/>
  <nd ref="11647412933"/>
  <nd ref="11647412932"/>
  <nd ref="11647412936"/>
  <nd ref="11647412929"/>
  <nd ref="11647412928"/>
  <nd ref="11647412927"/>
  <nd ref="11647412926"/>
  <nd ref="11647412931"/>
  <nd ref="11647412925"/>
  <nd ref="11647412924"/>
  <nd ref="11647412923"/>
  <nd ref="11647412922"/>
  <nd ref="11647412930"/>
  <nd ref="11647412921"/>
  <nd ref="11647412918"/>
  <nd ref="11647412917"/>
  <nd ref="11647412916"/>
  <nd ref="11647412915"/>
  <nd ref="11647412920"/>
  <nd ref="11647412914"/>
  <nd ref="11647412913"/>
  <nd ref="11647412912"/>
  <nd ref="11647412911"/>
  <nd ref="11647412919"/>
  <nd ref="11647412910"/>
  <nd ref="11647412907"/>
  <nd ref="11647412906"/>
  <nd ref="11647412909"/>
  <nd ref="11647412905"/>
  <nd ref="11647412904"/>
  <nd ref="11647412903"/>
  <nd ref="11647412908"/>
  <nd ref="11647412902"/>
  <nd ref="11647412899"/>
  <nd ref="11647412898"/>
  <nd ref="11647412897"/>
  <nd ref="11647412896"/>
  <nd ref="11647412901"/>
  <nd ref="11647412895"/>
  <nd ref="11647412894"/>
  <nd ref="11647412893"/>
  <nd ref="11647412892"/>
  <nd ref="11647412900"/>
  <nd ref="11647412891"/>
  <nd ref="11647412888"/>
  <nd ref="11647412887"/>
  <nd ref="11647412886"/>
  <nd ref="11647412890"/>
  <nd ref="11647412885"/>
  <nd ref="11647412884"/>
  <nd ref="11647412883"/>
  <nd ref="11647412882"/>
  <nd ref="11647412889"/>
  <nd ref="11647412879"/>
  <nd ref="11647412878"/>
  <nd ref="11647412881"/>
  <nd ref="11647412877"/>
  <nd ref="11647412876"/>
  <nd ref="11647412875"/>
  <nd ref="11647412880"/>
  <nd ref="11647412872"/>
  <nd ref="11647412871"/>
  <nd ref="11647412870"/>
  <nd ref="11647412869"/>
  <nd ref="11647412874"/>
  <nd ref="11647412868"/>
  <nd ref="11647412867"/>
  <nd ref="11647412866"/>
  <nd ref="11647412865"/>
  <nd ref="11647412864"/>
  <nd ref="11647412863"/>
  <nd ref="11647412873"/>
  <nd ref="11647412861"/>
  <nd ref="11647412860"/>
  <nd ref="11647412859"/>
  <nd ref="11647412862"/>
  <nd ref="11647412856"/>
  <nd ref="11647412858"/>
  <nd ref="11647412855"/>
  <nd ref="11647412857"/>
  <nd ref="11647412854"/>
  <nd ref="11647412851"/>
  <nd ref="11647412850"/>
  <nd ref="11647412853"/>
  <nd ref="11647412849"/>
  <nd ref="11647412848"/>
  <nd ref="11647412847"/>
  <nd ref="11647412852"/>
  <nd ref="11647412844"/>
  <nd ref="11647412846"/>
  <nd ref="11647412843"/>
  <nd ref="11647412842"/>
  <nd ref="11647412841"/>
  <nd ref="11647412845"/>
  <nd ref="11647412838"/>
  <nd ref="11647412837"/>
  <nd ref="11647412840"/>
  <nd ref="11647412836"/>
  <nd ref="11647412835"/>
  <nd ref="11647412834"/>
  <nd ref="11647412839"/>
  <nd ref="11647412833"/>
  <nd ref="11647412830"/>
  <nd ref="11647412829"/>
  <nd ref="11647412828"/>
  <nd ref="11647412827"/>
  <nd ref="11647412832"/>
  <nd ref="11647412826"/>
  <nd ref="11647412825"/>
  <nd ref="11647412824"/>
  <nd ref="11647412823"/>
  <nd ref="11647412831"/>
  <nd ref="11647412820"/>
  <nd ref="11647412819"/>
  <nd ref="11647412822"/>
  <nd ref="11647412818"/>
  <nd ref="11647412817"/>
  <nd ref="11647412816"/>
  <nd ref="11647412815"/>
  <nd ref="11647412821"/>
  <nd ref="11647412814"/>
  <nd ref="11647412813"/>
  <nd ref="11647412812"/>
  <nd ref="11647412811"/>
  <nd ref="11647412808"/>
  <nd ref="11647412807"/>
  <nd ref="11647412810"/>
  <nd ref="11647412806"/>
  <nd ref="11647412805"/>
  <nd ref="11647412809"/>
  <nd ref="11647412804"/>
  <nd ref="11647412803"/>
  <nd ref="11647412802"/>
  <nd ref="11647412801"/>
  <nd ref="11647412798"/>
  <nd ref="11647412800"/>
  <nd ref="11647412799"/>
  <nd ref="11647412795"/>
  <nd ref="11647412797"/>
  <nd ref="11647412794"/>
  <nd ref="11647412796"/>
  <nd ref="11647412793"/>
  <nd ref="11647412792"/>
  <nd ref="11647412789"/>
  <nd ref="11647412791"/>
  <nd ref="11647412788"/>
  <nd ref="11647412790"/>
  <nd ref="11647412787"/>
  <nd ref="11647412786"/>
  <nd ref="11647412783"/>
  <nd ref="11647412785"/>
  <nd ref="11647412782"/>
  <nd ref="11647412784"/>
  <nd ref="11647412781"/>
  <nd ref="11647412778"/>
  <nd ref="11647412777"/>
  <nd ref="11647412780"/>
  <nd ref="11647412776"/>
  <nd ref="11647412775"/>
  <nd ref="11647412779"/>
  <nd ref="11647412774"/>
  <nd ref="11647412773"/>
  <nd ref="11647412772"/>
  <nd ref="11647412769"/>
  <nd ref="11647412771"/>
  <nd ref="11647407468"/>
  <nd ref="11647412770"/>
  <nd ref="11647407467"/>
  <nd ref="11647407466"/>
  <nd ref="11647407465"/>
  <nd ref="11647407464"/>
  <nd ref="11647407463"/>
  <nd ref="11647407399"/>
  <nd ref="11647407397"/>
  <nd ref="11647407400"/>
  <nd ref="11647407398"/>
  <nd ref="11647407401"/>
  <nd ref="11647407402"/>
  <nd ref="11647407403"/>
  <nd ref="11647407405"/>
  <nd ref="11647407404"/>
  <nd ref="11647407411"/>
  <nd ref="11647407406"/>
  <nd ref="11647407407"/>
  <nd ref="11647407408"/>
  <nd ref="11647407412"/>
  <nd ref="11647407409"/>
  <nd ref="11647407410"/>
  <nd ref="11647407413"/>
  <nd ref="11647407414"/>
  <nd ref="11647407415"/>
  <nd ref="11647407417"/>
  <nd ref="11647407418"/>
  <nd ref="11647407416"/>
  <nd ref="11647407419"/>
  <nd ref="11647407420"/>
  <nd ref="11647407421"/>
  <nd ref="11647407422"/>
  <nd ref="11647407423"/>
  <nd ref="11647407424"/>
  <nd ref="11647407425"/>
  <nd ref="11647407426"/>
  <nd ref="11647407427"/>
  <nd ref="11647407428"/>
  <nd ref="11647407430"/>
  <nd ref="11647407429"/>
  <nd ref="11647407433"/>
  <nd ref="11647407431"/>
  <nd ref="11647407432"/>
  <nd ref="11647407434"/>
  <nd ref="11647407435"/>
  <nd ref="11647407436"/>
  <nd ref="11647407437"/>
  <nd ref="11647407438"/>
  <nd ref="11647407439"/>
  <nd ref="11647407440"/>
  <nd ref="11647407441"/>
  <nd ref="11647407442"/>
  <nd ref="11647407443"/>
  <nd ref="11647407448"/>
  <nd ref="11647407444"/>
  <nd ref="11647407445"/>
  <nd ref="11647407446"/>
  <nd ref="11647407449"/>
  <nd ref="11647407447"/>
  <nd ref="11647407450"/>
  <nd ref="11647407451"/>
  <nd ref="11647407452"/>
  <nd ref="11647407453"/>
  <nd ref="11647407454"/>
  <nd ref="11647407455"/>
  <nd ref="11647407456"/>
  <nd ref="11647407457"/>
  <nd ref="11647407458"/>
  <nd ref="11647407459"/>
  <nd ref="11647407460"/>
  <nd ref="11647407461"/>
  <nd ref="11647407462"/>
  <nd ref="11647407392"/>
  <nd ref="11647407391"/>
  <nd ref="11647407390"/>
  <nd ref="11647407396"/>
  <nd ref="11647407395"/>
  <nd ref="11647407394"/>
  <nd ref="11647407393"/>
  <tag k="admin_level" v="8"/>
  <tag k="boundary" v="administrative"/>
 </way>
 <way id="1339991282" visible="true" version="1" changeset="159903354" timestamp="2024-12-04T03:56:16Z" user="8lue" uid="20577363">
  <nd ref="12395221583"/>
  <nd ref="12395221584"/>
  <tag k="highway" v="residential"/>
 </way>
 <way id="1358566164" visible="true" version="2" changeset="166853480" timestamp="2025-05-28T05:55:42Z" user="ZioDragon" uid="13799024">
  <nd ref="8724182423"/>
  <nd ref="5204960761"/>
  <tag k="highway" v="trunk_link"/>
  <tag k="source" v="maxar"/>
 </way>
 <way id="1390299095" visible="true" version="1" changeset="166853480" timestamp="2025-05-28T05:55:42Z" user="ZioDragon" uid="13799024">
  <nd ref="12870044126"/>
  <nd ref="5204960750"/>
  <tag k="highway" v="secondary"/>
  <tag k="oneway" v="yes"/>
 </way>
 <way id="1390299096" visible="true" version="1" changeset="166853480" timestamp="2025-05-28T05:55:42Z" user="ZioDragon" uid="13799024">
  <nd ref="5204960750"/>
  <nd ref="5204960748"/>
  <tag k="highway" v="secondary"/>
  <tag k="oneway" v="yes"/>
 </way>
 <way id="1390299097" visible="true" version="1" changeset="166853480" timestamp="2025-05-28T05:55:42Z" user="ZioDragon" uid="13799024">
  <nd ref="5204960744"/>
  <nd ref="5599998254"/>
  <tag k="highway" v="secondary_link"/>
 </way>
 <way id="1390299098" visible="true" version="2" changeset="167636454" timestamp="2025-06-15T05:43:44Z" user="user_22995996" uid="22995996">
  <nd ref="8574638080"/>
  <nd ref="8574638092"/>
  <nd ref="8574638091"/>
  <nd ref="8574638100"/>
  <nd ref="8574638093"/>
  <nd ref="5599998257"/>
  <nd ref="5599998258"/>
  <nd ref="5599998256"/>
  <nd ref="7929169380"/>
  <nd ref="5599998261"/>
  <nd ref="7929164335"/>
  <nd ref="7929164331"/>
  <nd ref="5599998250"/>
  <nd ref="8654320552"/>
  <nd ref="7929143456"/>
  <nd ref="5204960744"/>
  <tag k="highway" v="residential"/>
  <tag k="name" v="Đường Lê Dụ Tông"/>
  <tag k="source" v="maxar"/>
  <tag k="surface" v="asphalt"/>
 </way>
 <way id="1390299099" visible="true" version="1" changeset="166853480" timestamp="2025-05-28T05:55:42Z" user="ZioDragon" uid="13799024">
  <nd ref="5204960743"/>
  <nd ref="7952724816"/>
  <nd ref="7952724814"/>
  <nd ref="5599998251"/>
  <nd ref="7929169383"/>
  <nd ref="5599998257"/>
  <nd ref="5599998245"/>
  <nd ref="5599998246"/>
  <nd ref="5599998247"/>
  <nd ref="8574903860"/>
  <nd ref="5599998248"/>
  <tag k="highway" v="residential"/>
  <tag k="name" v="Đường Lê Hiến Tông"/>
  <tag k="source" v="maxar"/>
 </way>
 <way id="1390299102" visible="true" version="1" changeset="166853480" timestamp="2025-05-28T05:55:42Z" user="ZioDragon" uid="13799024">
  <nd ref="8654310794"/>
  <nd ref="8654310793"/>
  <tag k="highway" v="trunk_link"/>
 </way>
 <way id="1457808644" visible="true" version="1" changeset="175807399" timestamp="2025-12-11T15:00:51Z" user="ninh9322" uid="23591645">
  <nd ref="13369778751"/>
  <nd ref="13369778752"/>
  <nd ref="13369778753"/>
  <nd ref="13369778754"/>
  <nd ref="13369778755"/>
  <nd ref="13369778756"/>
  <nd ref="13369778757"/>
  <nd ref="13369778758"/>
  <nd ref="13369778751"/>
  <tag k="building" v="yes"/>
 </way>
 <way id="1457808645" visible="true" version="1" changeset="175807399" timestamp="2025-12-11T15:00:51Z" user="ninh9322" uid="23591645">
  <nd ref="13369778759"/>
  <nd ref="13369778760"/>
  <nd ref="13369778761"/>
  <nd ref="13369778762"/>
  <nd ref="13369778763"/>
  <nd ref="13369778764"/>
  <nd ref="13369778765"/>
  <nd ref="13369778766"/>
  <nd ref="13369778767"/>
  <nd ref="13369778768"/>
  <nd ref="13369778769"/>
  <nd ref="13369778770"/>
  <nd ref="13369778759"/>
  <tag k="building" v="yes"/>
 </way>
 <way id="1490890026" visible="true" version="1" changeset="180137057" timestamp="2026-03-20T04:02:08Z" user="Pham Thi Anh Thu" uid="22580488">
  <nd ref="13663872084"/>
  <nd ref="13663872085"/>
  <tag k="highway" v="residential"/>
 </way>
 <way id="1490890027" visible="true" version="1" changeset="180137057" timestamp="2026-03-20T04:02:08Z" user="Pham Thi Anh Thu" uid="22580488">
  <nd ref="13663872085"/>
  <nd ref="13663872086"/>
  <nd ref="13663872087"/>
  <nd ref="13663872088"/>
  <nd ref="13663872089"/>
  <nd ref="13663872090"/>
  <nd ref="13663872091"/>
  <nd ref="13663872092"/>
  <nd ref="13663872093"/>
  <tag k="highway" v="residential"/>
 </way>
 <relation id="1898590" visible="true" version="92" changeset="176797698" timestamp="2026-01-03T20:50:33Z" user="EvanSiroky" uid="144525">
  <member type="node" ref="1536369577" role="label"/>
  <member type="node" ref="13142490083" role="admin_centre"/>
  <member type="way" ref="284917956" role="outer"/>
  <member type="way" ref="139515780" role="outer"/>
  <member type="way" ref="1106757640" role="outer"/>
  <member type="way" ref="1106757643" role="outer"/>
  <member type="way" ref="1422682822" role="outer"/>
  <member type="way" ref="1422682821" role="outer"/>
  <member type="way" ref="358047373" role="outer"/>
  <member type="way" ref="1106757647" role="outer"/>
  <member type="way" ref="478295006" role="outer"/>
  <member type="way" ref="477809476" role="outer"/>
  <member type="way" ref="1422682823" role="outer"/>
  <member type="way" ref="1422682824" role="outer"/>
  <member type="way" ref="471695609" role="outer"/>
  <member type="way" ref="1422682826" role="outer"/>
  <member type="way" ref="1422682825" role="outer"/>
  <member type="way" ref="477730224" role="outer"/>
  <member type="way" ref="1422682828" role="outer"/>
  <member type="way" ref="1424620919" role="outer"/>
  <member type="way" ref="1424620918" role="outer"/>
  <member type="way" ref="1422682827" role="outer"/>
  <member type="way" ref="471695607" role="outer"/>
  <member type="way" ref="1424620917" role="outer"/>
  <member type="way" ref="1424620916" role="outer"/>
  <member type="way" ref="1422682830" role="outer"/>
  <member type="way" ref="1422682829" role="outer"/>
  <member type="way" ref="477629123" role="outer"/>
  <member type="way" ref="1254741959" role="outer"/>
  <member type="way" ref="1424620914" role="outer"/>
  <member type="way" ref="1424620915" role="outer"/>
  <member type="way" ref="1424620912" role="outer"/>
  <member type="way" ref="1424620913" role="outer"/>
  <member type="way" ref="471695608" role="outer"/>
  <member type="way" ref="1254741958" role="outer"/>
  <member type="way" ref="471507585" role="outer"/>
  <member type="way" ref="471378090" role="outer"/>
  <member type="way" ref="1424620910" role="outer"/>
  <member type="way" ref="1424620911" role="outer"/>
  <member type="way" ref="472642426" role="outer"/>
  <member type="way" ref="389875619" role="outer"/>
  <member type="way" ref="1424620908" role="outer"/>
  <member type="way" ref="1424620906" role="outer"/>
  <member type="way" ref="1424620907" role="outer"/>
  <member type="way" ref="1424620909" role="outer"/>
  <member type="way" ref="472642425" role="outer"/>
  <member type="way" ref="1424620904" role="outer"/>
  <member type="way" ref="1424620905" role="outer"/>
  <member type="way" ref="139515793" role="outer"/>
  <member type="way" ref="1424620902" role="outer"/>
  <member type="way" ref="1424620903" role="outer"/>
  <member type="way" ref="471369823" role="outer"/>
  <member type="way" ref="1424620900" role="outer"/>
  <member type="way" ref="1424620901" role="outer"/>
  <member type="way" ref="1424620898" role="outer"/>
  <member type="way" ref="1424620899" role="outer"/>
  <member type="way" ref="471416306" role="outer"/>
  <member type="way" ref="1424620896" role="outer"/>
  <member type="way" ref="1424620897" role="outer"/>
  <member type="way" ref="471416300" role="outer"/>
  <member type="way" ref="118908856" role="outer"/>
  <member type="way" ref="1379017452" role="outer"/>
  <member type="way" ref="389894099" role="outer"/>
  <member type="way" ref="1379017451" role="outer"/>
  <member type="way" ref="1424620894" role="outer"/>
  <member type="way" ref="1424620895" role="outer"/>
  <member type="way" ref="139519903" role="outer"/>
  <member type="way" ref="471369822" role="outer"/>
  <member type="way" ref="1424620892" role="outer"/>
  <member type="way" ref="1424620893" role="outer"/>
  <member type="way" ref="1426035558" role="outer"/>
  <member type="way" ref="1426035559" role="outer"/>
  <member type="way" ref="1424620890" role="outer"/>
  <member type="way" ref="1424620891" role="outer"/>
  <member type="way" ref="471402051" role="outer"/>
  <member type="way" ref="1426035560" role="outer"/>
  <member type="way" ref="1426035561" role="outer"/>
  <member type="way" ref="892216633" role="outer"/>
  <member type="way" ref="1426035566" role="outer"/>
  <member type="way" ref="1426035567" role="outer"/>
  <member type="way" ref="483625941" role="outer"/>
  <member type="way" ref="483626680" role="outer"/>
  <member type="way" ref="884938087" role="outer"/>
  <member type="way" ref="1424620888" role="outer"/>
  <member type="way" ref="1424620889" role="outer"/>
  <member type="way" ref="484163192" role="outer"/>
  <member type="way" ref="1426035568" role="outer"/>
  <member type="way" ref="1426035569" role="outer"/>
  <member type="way" ref="139640867" role="outer"/>
  <member type="way" ref="1424620886" role="outer"/>
  <member type="way" ref="1424620887" role="outer"/>
  <member type="way" ref="484220188" role="outer"/>
  <member type="way" ref="1425805918" role="outer"/>
  <member type="way" ref="1425805919" role="outer"/>
  <member type="way" ref="1424620884" role="outer"/>
  <member type="way" ref="1424620885" role="outer"/>
  <member type="way" ref="484164131" role="outer"/>
  <member type="way" ref="484170425" role="outer"/>
  <member type="way" ref="1425805920" role="outer"/>
  <member type="way" ref="1425805921" role="outer"/>
  <member type="way" ref="1424620883" role="outer"/>
  <member type="way" ref="484217812" role="outer"/>
  <member type="way" ref="1424620881" role="outer"/>
  <member type="way" ref="1424620882" role="outer"/>
  <member type="way" ref="484170427" role="outer"/>
  <member type="way" ref="895394001" role="outer"/>
  <member type="way" ref="1424620879" role="outer"/>
  <member type="way" ref="1424620880" role="outer"/>
  <member type="way" ref="1425805922" role="outer"/>
  <member type="way" ref="1425805923" role="outer"/>
  <member type="way" ref="160790252" role="outer"/>
  <member type="way" ref="160790188" role="outer"/>
  <member type="way" ref="160790088" role="outer"/>
  <member type="way" ref="160850951" role="outer"/>
  <member type="way" ref="160915263" role="outer"/>
  <member type="way" ref="140226381" role="outer"/>
  <member type="way" ref="1424620878" role="outer"/>
  <member type="way" ref="1424620877" role="outer"/>
  <member type="way" ref="160915255" role="outer"/>
  <member type="way" ref="160915245" role="outer"/>
  <member type="way" ref="160915250" role="outer"/>
  <member type="way" ref="160915260" role="outer"/>
  <member type="way" ref="284143508" role="outer"/>
  <member type="relation" ref="19260479" role="subarea"/>
  <member type="relation" ref="19260478" role="subarea"/>
  <member type="relation" ref="19260477" role="subarea"/>
  <member type="relation" ref="19428617" role="subarea"/>
  <member type="relation" ref="19428618" role="subarea"/>
  <member type="relation" ref="19428619" role="subarea"/>
  <member type="relation" ref="19428620" role="subarea"/>
  <member type="relation" ref="19428621" role="subarea"/>
  <member type="relation" ref="19428622" role="subarea"/>
  <member type="relation" ref="19428623" role="subarea"/>
  <member type="relation" ref="19428624" role="subarea"/>
  <member type="relation" ref="19428625" role="subarea"/>
  <member type="relation" ref="19428626" role="subarea"/>
  <member type="relation" ref="19428627" role="subarea"/>
  <member type="relation" ref="19428628" role="subarea"/>
  <member type="relation" ref="19428629" role="subarea"/>
  <member type="relation" ref="19428630" role="subarea"/>
  <member type="relation" ref="19428631" role="subarea"/>
  <member type="relation" ref="19521183" role="subarea"/>
  <member type="relation" ref="19521182" role="subarea"/>
  <member type="relation" ref="19521181" role="subarea"/>
  <member type="relation" ref="19521180" role="subarea"/>
  <member type="relation" ref="19521179" role="subarea"/>
  <member type="relation" ref="19521178" role="subarea"/>
  <member type="relation" ref="19521177" role="subarea"/>
  <member type="relation" ref="19521176" role="subarea"/>
  <member type="relation" ref="19521175" role="subarea"/>
  <member type="relation" ref="19521174" role="subarea"/>
  <member type="relation" ref="19521173" role="subarea"/>
  <member type="relation" ref="19521172" role="subarea"/>
  <member type="relation" ref="19521171" role="subarea"/>
  <member type="relation" ref="19521170" role="subarea"/>
  <member type="relation" ref="19521169" role="subarea"/>
  <member type="relation" ref="19521168" role="subarea"/>
  <member type="relation" ref="19521167" role="subarea"/>
  <member type="relation" ref="19521166" role="subarea"/>
  <member type="relation" ref="19521165" role="subarea"/>
  <member type="relation" ref="19521164" role="subarea"/>
  <member type="relation" ref="19521163" role="subarea"/>
  <member type="relation" ref="19521162" role="subarea"/>
  <member type="relation" ref="19521161" role="subarea"/>
  <member type="relation" ref="19521160" role="subarea"/>
  <member type="relation" ref="19521159" role="subarea"/>
  <member type="relation" ref="19521157" role="subarea"/>
  <member type="relation" ref="19521155" role="subarea"/>
  <member type="relation" ref="19521154" role="subarea"/>
  <member type="relation" ref="19521153" role="subarea"/>
  <member type="relation" ref="19521152" role="subarea"/>
  <member type="relation" ref="19521151" role="subarea"/>
  <member type="relation" ref="19521150" role="subarea"/>
  <member type="relation" ref="19521149" role="subarea"/>
  <member type="relation" ref="19521148" role="subarea"/>
  <member type="relation" ref="19521156" role="subarea"/>
  <member type="relation" ref="19521147" role="subarea"/>
  <member type="relation" ref="19521146" role="subarea"/>
  <member type="relation" ref="19521145" role="subarea"/>
  <member type="relation" ref="19521158" role="subarea"/>
  <member type="relation" ref="19521144" role="subarea"/>
  <member type="relation" ref="19521143" role="subarea"/>
  <member type="relation" ref="19521142" role="subarea"/>
  <member type="relation" ref="19521141" role="subarea"/>
  <member type="relation" ref="19521140" role="subarea"/>
  <member type="relation" ref="19521139" role="subarea"/>
  <member type="relation" ref="19521138" role="subarea"/>
  <member type="relation" ref="19521137" role="subarea"/>
  <member type="relation" ref="19521136" role="subarea"/>
  <member type="relation" ref="19521135" role="subarea"/>
  <member type="relation" ref="19521134" role="subarea"/>
  <member type="relation" ref="19521133" role="subarea"/>
  <member type="relation" ref="19521132" role="subarea"/>
  <member type="relation" ref="19521131" role="subarea"/>
  <member type="relation" ref="19521130" role="subarea"/>
  <member type="relation" ref="19521129" role="subarea"/>
  <member type="relation" ref="19521128" role="subarea"/>
  <member type="relation" ref="19521127" role="subarea"/>
  <member type="relation" ref="19521126" role="subarea"/>
  <member type="relation" ref="19521125" role="subarea"/>
  <member type="relation" ref="19521124" role="subarea"/>
  <member type="relation" ref="19521123" role="subarea"/>
  <member type="relation" ref="19521122" role="subarea"/>
  <member type="relation" ref="19521121" role="subarea"/>
  <member type="relation" ref="19521120" role="subarea"/>
  <member type="relation" ref="19521119" role="subarea"/>
  <member type="relation" ref="19521118" role="subarea"/>
  <member type="relation" ref="19521117" role="subarea"/>
  <member type="relation" ref="19521116" role="subarea"/>
  <member type="relation" ref="19521115" role="subarea"/>
  <member type="relation" ref="19521114" role="subarea"/>
  <member type="relation" ref="19521113" role="subarea"/>
  <member type="relation" ref="19521111" role="subarea"/>
  <member type="relation" ref="19521110" role="subarea"/>
  <member type="relation" ref="19521109" role="subarea"/>
  <member type="relation" ref="19521108" role="subarea"/>
  <member type="relation" ref="19521107" role="subarea"/>
  <member type="relation" ref="19521106" role="subarea"/>
  <member type="relation" ref="19521105" role="subarea"/>
  <member type="relation" ref="19521112" role="subarea"/>
  <member type="relation" ref="19521104" role="subarea"/>
  <member type="relation" ref="19521103" role="subarea"/>
  <member type="relation" ref="19521102" role="subarea"/>
  <member type="relation" ref="19521101" role="subarea"/>
  <member type="relation" ref="19521100" role="subarea"/>
  <member type="relation" ref="19521099" role="subarea"/>
  <member type="relation" ref="19521098" role="subarea"/>
  <member type="relation" ref="19521097" role="subarea"/>
  <member type="relation" ref="19521096" role="subarea"/>
  <member type="relation" ref="19521095" role="subarea"/>
  <member type="relation" ref="19521094" role="subarea"/>
  <member type="relation" ref="19521093" role="subarea"/>
  <member type="relation" ref="19521092" role="subarea"/>
  <member type="relation" ref="19521091" role="subarea"/>
  <member type="relation" ref="19521090" role="subarea"/>
  <member type="relation" ref="19521089" role="subarea"/>
  <member type="relation" ref="19521088" role="subarea"/>
  <member type="relation" ref="19521087" role="subarea"/>
  <member type="relation" ref="19521086" role="subarea"/>
  <member type="relation" ref="19521085" role="subarea"/>
  <member type="relation" ref="19521084" role="subarea"/>
  <member type="relation" ref="19521083" role="subarea"/>
  <member type="relation" ref="19521082" role="subarea"/>
  <member type="relation" ref="19521081" role="subarea"/>
  <member type="relation" ref="19521080" role="subarea"/>
  <member type="relation" ref="19521079" role="subarea"/>
  <member type="relation" ref="19521078" role="subarea"/>
  <member type="relation" ref="19521077" role="subarea"/>
  <member type="relation" ref="19521076" role="subarea"/>
  <member type="relation" ref="19521075" role="subarea"/>
  <member type="relation" ref="19521074" role="subarea"/>
  <member type="relation" ref="19521073" role="subarea"/>
  <member type="relation" ref="19521072" role="subarea"/>
  <member type="relation" ref="19521071" role="subarea"/>
  <member type="relation" ref="19521070" role="subarea"/>
  <member type="relation" ref="19521069" role="subarea"/>
  <member type="relation" ref="19521068" role="subarea"/>
  <member type="relation" ref="19521067" role="subarea"/>
  <member type="relation" ref="19521066" role="subarea"/>
  <member type="relation" ref="19521065" role="subarea"/>
  <member type="relation" ref="19521064" role="subarea"/>
  <member type="relation" ref="19521063" role="subarea"/>
  <member type="relation" ref="19521062" role="subarea"/>
  <member type="relation" ref="19521061" role="subarea"/>
  <member type="relation" ref="19521060" role="subarea"/>
  <member type="relation" ref="19521059" role="subarea"/>
  <member type="relation" ref="19521058" role="subarea"/>
  <member type="relation" ref="19521057" role="subarea"/>
  <member type="relation" ref="19521056" role="subarea"/>
  <member type="relation" ref="19521055" role="subarea"/>
  <member type="relation" ref="19521054" role="subarea"/>
  <member type="relation" ref="19521053" role="subarea"/>
  <member type="relation" ref="19521052" role="subarea"/>
  <member type="relation" ref="19521051" role="subarea"/>
  <member type="relation" ref="19521050" role="subarea"/>
  <member type="relation" ref="19521049" role="subarea"/>
  <member type="relation" ref="19521048" role="subarea"/>
  <member type="relation" ref="19521047" role="subarea"/>
  <member type="relation" ref="19521046" role="subarea"/>
  <member type="relation" ref="19521045" role="subarea"/>
  <member type="relation" ref="19521044" role="subarea"/>
  <member type="relation" ref="19521043" role="subarea"/>
  <member type="relation" ref="19521042" role="subarea"/>
  <member type="relation" ref="19521041" role="subarea"/>
  <member type="relation" ref="19521040" role="subarea"/>
  <member type="relation" ref="19521039" role="subarea"/>
  <member type="relation" ref="19521038" role="subarea"/>
  <member type="relation" ref="19521037" role="subarea"/>
  <member type="relation" ref="19521036" role="subarea"/>
  <tag k="admin_level" v="4"/>
  <tag k="alt_name" v="Thanh Hóa"/>
  <tag k="boundary" v="administrative"/>
  <tag k="is_in:country_code" v="VN"/>
  <tag k="ISO3166-2" v="VN-21"/>
  <tag k="name" v="Tỉnh Thanh Hóa"/>
  <tag k="name:bg" v="Провинция Тан Хоа"/>
  <tag k="name:en" v="Thanh Hóa Province"/>
  <tag k="name:ja" v="タインホア"/>
  <tag k="name:ko" v="타인호아성"/>
  <tag k="name:ru" v="Тханьхоа"/>
  <tag k="name:vi" v="Tỉnh Thanh Hóa"/>
  <tag k="name:zh" v="清化省"/>
  <tag k="population" v="3412600"/>
  <tag k="timezone" v="Asia/Bangkok"/>
  <tag k="type" v="boundary"/>
  <tag k="wikidata" v="Q36512"/>
  <tag k="wikipedia" v="vi:Thanh Hóa"/>
 </relation>
 <relation id="7124593" visible="true" version="32" changeset="178609617" timestamp="2026-02-16T04:58:00Z" user="Trần Thanh Tuấn" uid="16014056">
  <member type="node" ref="369469617" role="label"/>
  <member type="way" ref="1252752142" role="outer"/>
  <member type="way" ref="1252752138" role="outer"/>
  <member type="way" ref="1252753624" role="outer"/>
  <member type="way" ref="1252753623" role="outer"/>
  <member type="way" ref="889380326" role="outer"/>
  <member type="way" ref="1252752141" role="outer"/>
  <member type="way" ref="1252752136" role="outer"/>
  <member type="way" ref="1252753622" role="outer"/>
  <member type="way" ref="1252752129" role="outer"/>
  <member type="way" ref="1252753621" role="outer"/>
  <member type="way" ref="1252752130" role="outer"/>
  <member type="way" ref="889381556" role="outer"/>
  <member type="way" ref="1252753620" role="outer"/>
  <member type="way" ref="889385826" role="outer"/>
  <member type="way" ref="478022679" role="outer"/>
  <member type="way" ref="1253425477" role="outer"/>
  <member type="way" ref="1253425482" role="outer"/>
  <member type="way" ref="1253425480" role="outer"/>
  <member type="way" ref="1253425484" role="outer"/>
  <member type="way" ref="1424620864" role="outer"/>
  <member type="way" ref="1424620865" role="outer"/>
  <member type="way" ref="1253425473" role="outer"/>
  <member type="way" ref="478022663" role="outer"/>
  <member type="way" ref="1424620866" role="outer"/>
  <member type="way" ref="1424620867" role="outer"/>
  <member type="way" ref="1253425472" role="outer"/>
  <member type="way" ref="1253398769" role="outer"/>
  <member type="way" ref="1253398767" role="outer"/>
  <member type="way" ref="1424620869" role="outer"/>
  <member type="way" ref="1424620868" role="outer"/>
  <member type="way" ref="478022650" role="outer"/>
  <member type="way" ref="1252786733" role="outer"/>
  <member type="way" ref="1072977528" role="outer"/>
  <member type="way" ref="1073712609" role="outer"/>
  <member type="way" ref="1252786737" role="outer"/>
  <member type="way" ref="1252786734" role="outer"/>
  <member type="way" ref="889385828" role="outer"/>
  <member type="way" ref="1252786735" role="outer"/>
  <member type="way" ref="1252786741" role="outer"/>
  <member type="way" ref="1252736049" role="outer"/>
  <member type="way" ref="1252786739" role="outer"/>
  <member type="way" ref="1252736059" role="outer"/>
  <member type="way" ref="1068922206" role="outer"/>
  <member type="way" ref="1068922207" role="outer"/>
  <member type="way" ref="1068922208" role="outer"/>
  <member type="way" ref="1252736055" role="outer"/>
  <member type="way" ref="1252736058" role="outer"/>
  <member type="way" ref="1252736054" role="outer"/>
  <member type="way" ref="1252736053" role="outer"/>
  <member type="way" ref="1252736056" role="outer"/>
  <member type="way" ref="1252736052" role="outer"/>
  <member type="way" ref="1252736051" role="outer"/>
  <member type="way" ref="889389368" role="outer"/>
  <member type="way" ref="1252736050" role="outer"/>
  <member type="way" ref="1252752137" role="outer"/>
  <member type="way" ref="1252736057" role="outer"/>
  <member type="relation" ref="14302983" role="subarea"/>
  <member type="relation" ref="17245452" role="subarea"/>
  <member type="relation" ref="17245218" role="subarea"/>
  <member type="relation" ref="17241143" role="subarea"/>
  <member type="relation" ref="17241142" role="subarea"/>
  <member type="relation" ref="17245451" role="subarea"/>
  <member type="relation" ref="17241144" role="subarea"/>
  <member type="relation" ref="17245217" role="subarea"/>
  <member type="relation" ref="17245453" role="subarea"/>
  <member type="relation" ref="14301020" role="subarea"/>
  <member type="relation" ref="17241257" role="subarea"/>
  <member type="relation" ref="17245940" role="subarea"/>
  <member type="relation" ref="17241255" role="subarea"/>
  <member type="relation" ref="17241256" role="subarea"/>
  <member type="relation" ref="17245937" role="subarea"/>
  <member type="relation" ref="17245939" role="subarea"/>
  <member type="relation" ref="17241253" role="subarea"/>
  <member type="relation" ref="17241254" role="subarea"/>
  <member type="relation" ref="14279079" role="subarea"/>
  <member type="relation" ref="14243667" role="subarea"/>
  <member type="relation" ref="17241542" role="subarea"/>
  <member type="relation" ref="17241543" role="subarea"/>
  <member type="relation" ref="17245449" role="subarea"/>
  <member type="relation" ref="17245450" role="subarea"/>
  <member type="relation" ref="14301022" role="subarea"/>
  <member type="relation" ref="17245941" role="subarea"/>
  <member type="relation" ref="17245942" role="subarea"/>
  <member type="relation" ref="14279080" role="subarea"/>
  <member type="relation" ref="17245943" role="subarea"/>
  <member type="relation" ref="14279081" role="subarea"/>
  <member type="relation" ref="14286497" role="subarea"/>
  <member type="relation" ref="14301021" role="subarea"/>
  <member type="relation" ref="17245938" role="subarea"/>
  <member type="relation" ref="17241541" role="subarea"/>
  <member type="relation" ref="17250290" role="subarea"/>
  <member type="relation" ref="17250288" role="subarea"/>
  <member type="relation" ref="14286498" role="subarea"/>
  <member type="relation" ref="14391449" role="subarea"/>
  <member type="relation" ref="17250158" role="subarea"/>
  <member type="relation" ref="17250289" role="subarea"/>
  <member type="relation" ref="17250156" role="subarea"/>
  <member type="relation" ref="17250157" role="subarea"/>
  <member type="relation" ref="14289286" role="subarea"/>
  <member type="relation" ref="14286499" role="subarea"/>
  <member type="relation" ref="14391448" role="subarea"/>
  <member type="relation" ref="17241413" role="subarea"/>
  <member type="relation" ref="14391447" role="subarea"/>
  <member type="relation" ref="19280417" role="subarea"/>
  <tag k="boundary" v="historic"/>
  <tag k="end_date" v="2025-06-30"/>
  <tag k="name" v="Thành phố Thanh Hóa"/>
  <tag k="name:be" v="Горад Тханьхаа"/>
  <tag k="name:bg" v="Тхан Хоа"/>
  <tag k="name:en" v="Thanh Hóa"/>
  <tag k="name:fa" v="تان هوا"/>
  <tag k="name:ja" v="タインホア"/>
  <tag k="name:ko" v="타인호아성"/>
  <tag k="name:lt" v="Tanhoa"/>
  <tag k="name:lv" v="Thaņhoa"/>
  <tag k="name:ru" v="Тханьхоа"/>
  <tag k="name:sr" v="Тањ Хоа"/>
  <tag k="name:tg" v="Тан Ноа"/>
  <tag k="name:th" v="ทัญฮว้า"/>
  <tag k="name:uk" v="Тханхоа"/>
  <tag k="name:ur" v="تھان ہوا"/>
  <tag k="name:vi" v="Thành phố Thanh Hóa"/>
  <tag k="name:zh" v="清化市"/>
  <tag k="type" v="boundary"/>
  <tag k="was:admin_level" v="6"/>
  <tag k="was:boundary" v="administrative"/>
  <tag k="wikidata" v="Q36175"/>
  <tag k="wikipedia" v="vi:Thanh Hóa (thành phố)"/>
 </relation>
 <relation id="15683339" visible="true" version="495" changeset="180150597" timestamp="2026-03-20T10:06:58Z" user="Heo Tham An" uid="23305067">
  <member type="way" ref="1309570639" role=""/>
  <member type="way" ref="1309570638" role=""/>
  <member type="way" ref="1309570637" role=""/>
  <member type="way" ref="1309552019" role=""/>
  <member type="way" ref="1309552017" role=""/>
  <member type="way" ref="1309552023" role=""/>
  <member type="way" ref="1309552021" role=""/>
  <member type="way" ref="1309552022" role=""/>
  <member type="way" ref="1309552024" role=""/>
  <member type="way" ref="1309552018" role=""/>
  <member type="way" ref="1309552020" role=""/>
  <member type="way" ref="524670317" role=""/>
  <member type="way" ref="816208153" role=""/>
  <member type="way" ref="1155420553" role=""/>
  <member type="way" ref="524670321" role=""/>
  <member type="way" ref="524670313" role=""/>
  <member type="way" ref="524670314" role=""/>
  <member type="way" ref="503893459" role=""/>
  <member type="way" ref="503893458" role=""/>
  <member type="way" ref="1281201647" role=""/>
  <member type="way" ref="1489684624" role=""/>
  <member type="way" ref="157425440" role=""/>
  <member type="way" ref="1167327978" role=""/>
  <member type="way" ref="1159704111" role=""/>
  <member type="way" ref="1159704113" role=""/>
  <member type="way" ref="1159704115" role=""/>
  <member type="way" ref="482621665" role=""/>
  <member type="way" ref="1167327976" role=""/>
  <member type="way" ref="320512167" role=""/>
  <member type="way" ref="1167327972" role=""/>
  <member type="way" ref="1167327973" role=""/>
  <member type="way" ref="1167327966" role=""/>
  <member type="way" ref="1167327965" role=""/>
  <member type="way" ref="909896137" role=""/>
  <member type="way" ref="633582108" role=""/>
  <member type="way" ref="910306311" role=""/>
  <member type="way" ref="910306312" role=""/>
  <member type="way" ref="910306313" role=""/>
  <member type="way" ref="1376935287" role=""/>
  <member type="way" ref="1376935288" role=""/>
  <member type="way" ref="908346260" role=""/>
  <member type="way" ref="908346261" role=""/>
  <member type="way" ref="908347509" role=""/>
  <member type="way" ref="907927417" role=""/>
  <member type="way" ref="320510299" role=""/>
  <member type="way" ref="1190196215" role=""/>
  <member type="way" ref="1167327964" role=""/>
  <member type="way" ref="905280436" role=""/>
  <member type="way" ref="627731000" role=""/>
  <member type="way" ref="905638826" role=""/>
  <member type="way" ref="905638827" role=""/>
  <member type="way" ref="729943100" role=""/>
  <member type="way" ref="1167327959" role=""/>
  <member type="way" ref="729943101" role=""/>
  <member type="way" ref="627730999" role=""/>
  <member type="way" ref="633581880" role=""/>
  <member type="way" ref="1167327958" role=""/>
  <member type="way" ref="1167327957" role=""/>
  <member type="way" ref="908621532" role=""/>
  <member type="way" ref="1167327956" role=""/>
  <member type="way" ref="1167327955" role=""/>
  <member type="way" ref="275585970" role=""/>
  <member type="way" ref="275585969" role=""/>
  <member type="way" ref="51252811" role=""/>
  <member type="way" ref="1115899194" role=""/>
  <member type="way" ref="1160730600" role=""/>
  <member type="way" ref="1115899193" role=""/>
  <member type="way" ref="275585949" role=""/>
  <member type="way" ref="469671785" role=""/>
  <member type="way" ref="469671782" role=""/>
  <member type="way" ref="469671787" role=""/>
  <member type="way" ref="469671784" role=""/>
  <member type="way" ref="1235471320" role=""/>
  <member type="way" ref="275585950" role=""/>
  <member type="way" ref="275585959" role=""/>
  <member type="way" ref="627737837" role=""/>
  <member type="way" ref="627737848" role=""/>
  <member type="way" ref="1235471321" role=""/>
  <member type="way" ref="1318327289" role=""/>
  <member type="way" ref="627744526" role=""/>
  <member type="way" ref="1234560799" role=""/>
  <member type="way" ref="805176582" role=""/>
  <member type="way" ref="941182401" role=""/>
  <member type="way" ref="636815097" role=""/>
  <member type="way" ref="1235471312" role=""/>
  <member type="way" ref="1118183686" role=""/>
  <member type="way" ref="873057531" role=""/>
  <member type="way" ref="729943300" role=""/>
  <member type="way" ref="628673742" role=""/>
  <member type="way" ref="1423914774" role=""/>
  <member type="way" ref="1181053972" role=""/>
  <member type="way" ref="275585937" role=""/>
  <member type="way" ref="1376935289" role=""/>
  <member type="way" ref="1423914775" role=""/>
  <member type="way" ref="1098284146" role=""/>
  <member type="way" ref="1318327290" role=""/>
  <member type="way" ref="1180921180" role=""/>
  <member type="way" ref="37606174" role=""/>
  <member type="way" ref="806896237" role=""/>
  <member type="way" ref="1243361306" role=""/>
  <member type="way" ref="1353987832" role=""/>
  <member type="way" ref="1353987830" role=""/>
  <member type="way" ref="806896238" role=""/>
  <member type="way" ref="1353987828" role=""/>
  <member type="way" ref="1353987826" role=""/>
  <member type="way" ref="1332419325" role=""/>
  <member type="way" ref="1442413680" role=""/>
  <member type="way" ref="449458324" role=""/>
  <member type="way" ref="1297657060" role=""/>
  <member type="way" ref="1362810631" role=""/>
  <member type="way" ref="1362810633" role=""/>
  <member type="way" ref="1362810630" role=""/>
  <member type="way" ref="449458321" role=""/>
  <member type="way" ref="1162485677" role=""/>
  <member type="way" ref="1362810642" role=""/>
  <member type="way" ref="1376935295" role=""/>
  <member type="way" ref="1376935296" role=""/>
  <member type="way" ref="180131819" role=""/>
  <member type="way" ref="1362810647" role=""/>
  <member type="way" ref="1362810646" role=""/>
  <member type="way" ref="1362810645" role=""/>
  <member type="way" ref="1485412240" role=""/>
  <member type="way" ref="1361397030" role=""/>
  <member type="way" ref="1326088862" role=""/>
  <member type="way" ref="1485412239" role=""/>
  <member type="way" ref="1348666458" role=""/>
  <member type="way" ref="28379270" role=""/>
  <member type="way" ref="1163238944" role=""/>
  <member type="way" ref="1136868871" role=""/>
  <member type="way" ref="1227766743" role=""/>
  <member type="way" ref="336485920" role=""/>
  <member type="way" ref="85620799" role=""/>
  <member type="way" ref="1422681918" role=""/>
  <member type="way" ref="85620768" role=""/>
  <member type="way" ref="28379266" role=""/>
  <member type="way" ref="129928715" role=""/>
  <member type="way" ref="125837697" role=""/>
  <member type="way" ref="125837698" role=""/>
  <member type="way" ref="1362810658" role=""/>
  <member type="way" ref="125837699" role=""/>
  <member type="way" ref="874581228" role=""/>
  <member type="way" ref="1433777539" role=""/>
  <member type="way" ref="883672294" role=""/>
  <member type="way" ref="874581229" role=""/>
  <member type="way" ref="1326062348" role=""/>
  <member type="way" ref="1124785542" role=""/>
  <member type="way" ref="1459747352" role=""/>
  <member type="way" ref="858032383" role=""/>
  <member type="way" ref="480686476" role=""/>
  <member type="way" ref="480686477" role=""/>
  <member type="way" ref="703229406" role=""/>
  <member type="way" ref="706479590" role=""/>
  <member type="way" ref="706479589" role=""/>
  <member type="way" ref="106135903" role=""/>
  <member type="way" ref="706803274" role=""/>
  <member type="way" ref="469660048" role=""/>
  <member type="way" ref="615769343" role=""/>
  <member type="way" ref="643248180" role=""/>
  <member type="way" ref="703497528" role=""/>
  <member type="way" ref="704703885" role=""/>
  <member type="way" ref="965717545" role=""/>
  <member type="way" ref="706803272" role=""/>
  <member type="way" ref="601968255" role=""/>
  <member type="way" ref="1347934993" role=""/>
  <member type="way" ref="617329685" role=""/>
  <member type="way" ref="617329684" role=""/>
  <member type="way" ref="1326204792" role=""/>
  <member type="way" ref="705790380" role=""/>
  <member type="way" ref="1002926354" role=""/>
  <member type="way" ref="1002926355" role=""/>
  <member type="way" ref="1002926356" role=""/>
  <member type="way" ref="251790827" role=""/>
  <member type="way" ref="1352274605" role=""/>
  <member type="way" ref="705801772" role=""/>
  <member type="way" ref="705801768" role=""/>
  <member type="way" ref="705801770" role=""/>
  <member type="way" ref="705801765" role=""/>
  <member type="way" ref="1468504519" role=""/>
  <member type="way" ref="503891234" role=""/>
  <member type="way" ref="817491882" role=""/>
  <member type="way" ref="817491881" role=""/>
  <member type="way" ref="944100701" role=""/>
  <member type="way" ref="1239562749" role=""/>
  <member type="way" ref="956489652" role=""/>
  <member type="way" ref="817492126" role=""/>
  <member type="way" ref="1264729486" role=""/>
  <member type="way" ref="37371463" role=""/>
  <member type="way" ref="1240365572" role=""/>
  <member type="way" ref="37371464" role=""/>
  <member type="way" ref="817484211" role=""/>
  <member type="way" ref="601421678" role=""/>
  <member type="way" ref="601421677" role=""/>
  <member type="way" ref="1346588895" role=""/>
  <member type="way" ref="956690105" role=""/>
  <member type="way" ref="1304254912" role=""/>
  <member type="way" ref="1160164336" role=""/>
  <member type="way" ref="1160164340" role=""/>
  <member type="way" ref="1160164339" role=""/>
  <member type="way" ref="599221461" role=""/>
  <member type="way" ref="976037652" role=""/>
  <member type="way" ref="1241683318" role=""/>
  <member type="way" ref="599221460" role=""/>
  <member type="way" ref="1241275769" role=""/>
  <member type="way" ref="1241275768" role=""/>
  <member type="way" ref="1241275767" role=""/>
  <member type="way" ref="37371695" role=""/>
  <member type="way" ref="1256457626" role=""/>
  <member type="way" ref="975167784" role=""/>
  <member type="way" ref="1242250707" role=""/>
  <member type="way" ref="821695105" role=""/>
  <member type="way" ref="975167785" role=""/>
  <member type="way" ref="1242250708" role=""/>
  <member type="way" ref="821695107" role=""/>
  <member type="way" ref="1160164346" role=""/>
  <member type="way" ref="1160164343" role=""/>
  <member type="way" ref="435317445" role=""/>
  <member type="way" ref="975167787" role=""/>
  <member type="way" ref="834593647" role=""/>
  <member type="way" ref="964873392" role=""/>
  <member type="way" ref="223803812" role=""/>
  <member type="way" ref="223803810" role=""/>
  <member type="way" ref="1241911704" role=""/>
  <member type="way" ref="1047161107" role=""/>
  <member type="way" ref="1182205261" role=""/>
  <member type="way" ref="1182205267" role=""/>
  <member type="way" ref="1182205266" role=""/>
  <member type="way" ref="1182205269" role=""/>
  <member type="way" ref="1377578138" role=""/>
  <member type="way" ref="1348457981" role=""/>
  <member type="way" ref="1326204703" role=""/>
  <member type="way" ref="321872767" role=""/>
  <member type="way" ref="1359595558" role=""/>
  <member type="way" ref="1377578140" role=""/>
  <member type="way" ref="1377578142" role=""/>
  <member type="way" ref="1330580733" role=""/>
  <member type="way" ref="1011954975" role=""/>
  <member type="way" ref="1377578153" role=""/>
  <member type="way" ref="1360030730" role=""/>
  <member type="way" ref="321872768" role=""/>
  <member type="way" ref="628377684" role=""/>
  <member type="way" ref="1377578158" role=""/>
  <member type="way" ref="1377578162" role=""/>
  <member type="way" ref="1377578161" role=""/>
  <member type="way" ref="1420705464" role=""/>
  <member type="way" ref="1377578163" role=""/>
  <member type="way" ref="1420705463" role=""/>
  <member type="way" ref="1377578157" role=""/>
  <member type="way" ref="321872749" role=""/>
  <member type="way" ref="321872742" role=""/>
  <member type="way" ref="1360030727" role=""/>
  <member type="way" ref="1377578152" role=""/>
  <member type="way" ref="1011954976" role=""/>
  <member type="way" ref="1330580732" role=""/>
  <member type="way" ref="1377578141" role=""/>
  <member type="way" ref="1377578139" role=""/>
  <member type="way" ref="1047161106" role=""/>
  <member type="way" ref="631148502" role=""/>
  <member type="way" ref="1182205264" role=""/>
  <member type="way" ref="1182205270" role=""/>
  <member type="way" ref="1182205265" role=""/>
  <member type="way" ref="1377578137" role=""/>
  <member type="way" ref="1326204692" role=""/>
  <member type="way" ref="1241911703" role=""/>
  <member type="way" ref="631148499" role=""/>
  <member type="way" ref="631147763" role=""/>
  <member type="way" ref="167101302" role=""/>
  <member type="way" ref="631147739" role=""/>
  <member type="way" ref="631147766" role=""/>
  <member type="way" ref="123740392" role=""/>
  <member type="way" ref="1118183687" role=""/>
  <member type="way" ref="1160150961" role=""/>
  <member type="way" ref="729943299" role=""/>
  <member type="way" ref="1098284144" role=""/>
  <member type="way" ref="1423845444" role=""/>
  <member type="way" ref="1353710072" role=""/>
  <member type="way" ref="1423845443" role=""/>
  <member type="way" ref="1318327294" role=""/>
  <member type="way" ref="1180921178" role=""/>
  <member type="way" ref="1075634580" role=""/>
  <member type="way" ref="1075634582" role=""/>
  <member type="way" ref="1075634581" role=""/>
  <member type="way" ref="705801766" role=""/>
  <member type="way" ref="1468504518" role=""/>
  <member type="way" ref="10236954" role=""/>
  <member type="way" ref="518534337" role=""/>
  <member type="way" ref="1002926352" role=""/>
  <member type="way" ref="1002926353" role=""/>
  <member type="way" ref="707849273" role=""/>
  <member type="way" ref="1326204767" role=""/>
  <member type="way" ref="705793159" role=""/>
  <member type="way" ref="617329683" role=""/>
  <member type="way" ref="617329682" role=""/>
  <member type="way" ref="251790826" role=""/>
  <member type="way" ref="708968978" role=""/>
  <member type="way" ref="703498352" role=""/>
  <member type="way" ref="703497526" role=""/>
  <member type="way" ref="1240471400" role=""/>
  <member type="way" ref="643248181" role=""/>
  <member type="way" ref="708951604" role=""/>
  <member type="way" ref="615769347" role=""/>
  <member type="way" ref="703166764" role=""/>
  <member type="way" ref="703166765" role=""/>
  <member type="way" ref="1459747357" role=""/>
  <member type="way" ref="1134824196" role=""/>
  <member type="way" ref="1197260287" role=""/>
  <member type="way" ref="1324973321" role=""/>
  <member type="way" ref="858032386" role=""/>
  <member type="way" ref="1459747353" role=""/>
  <member type="way" ref="1459747351" role=""/>
  <member type="way" ref="1124785544" role=""/>
  <member type="way" ref="1009060046" role=""/>
  <member type="way" ref="881946997" role=""/>
  <member type="way" ref="883672296" role=""/>
  <member type="way" ref="1433777538" role=""/>
  <member type="way" ref="125837433" role=""/>
  <member type="way" ref="125837701" role=""/>
  <member type="way" ref="125837700" role=""/>
  <member type="way" ref="1176275150" role=""/>
  <member type="way" ref="125837696" role=""/>
  <member type="way" ref="129928707" role=""/>
  <member type="way" ref="125838214" role=""/>
  <member type="way" ref="894916675" role=""/>
  <member type="way" ref="62343779" role=""/>
  <member type="way" ref="1422681917" role=""/>
  <member type="way" ref="336489144" role=""/>
  <member type="way" ref="336489148" role=""/>
  <member type="way" ref="1362810649" role=""/>
  <member type="way" ref="882328397" role=""/>
  <member type="way" ref="1303530041" role=""/>
  <member type="way" ref="1485412241" role=""/>
  <member type="way" ref="1330192138" role=""/>
  <member type="way" ref="1485412243" role=""/>
  <member type="way" ref="1485412242" role=""/>
  <member type="way" ref="1362810643" role=""/>
  <member type="way" ref="1362810644" role=""/>
  <member type="way" ref="1362810648" role=""/>
  <member type="way" ref="28379483" role=""/>
  <member type="way" ref="1376935294" role=""/>
  <member type="way" ref="1376935293" role=""/>
  <member type="way" ref="1362810641" role=""/>
  <member type="way" ref="1362810640" role=""/>
  <member type="way" ref="1362810635" role=""/>
  <member type="way" ref="1362810634" role=""/>
  <member type="way" ref="449458322" role=""/>
  <member type="way" ref="1162485675" role=""/>
  <member type="way" ref="1362810632" role=""/>
  <member type="way" ref="1362810629" role=""/>
  <member type="way" ref="449458323" role=""/>
  <member type="way" ref="1297657064" role=""/>
  <member type="way" ref="1431234362" role=""/>
  <member type="way" ref="1353987825" role=""/>
  <member type="way" ref="1353987827" role=""/>
  <member type="way" ref="1353987829" role=""/>
  <member type="way" ref="180131818" role=""/>
  <member type="way" ref="1353987831" role=""/>
  <member type="way" ref="1353987833" role=""/>
  <member type="way" ref="705808093" role=""/>
  <member type="way" ref="705808095" role=""/>
  <member type="way" ref="817491884" role=""/>
  <member type="way" ref="944100702" role=""/>
  <member type="way" ref="944100703" role=""/>
  <member type="way" ref="956129604" role=""/>
  <member type="way" ref="503891233" role=""/>
  <member type="way" ref="37371465" role=""/>
  <member type="way" ref="1240355965" role=""/>
  <member type="way" ref="817484210" role=""/>
  <member type="way" ref="1181095169" role=""/>
  <member type="way" ref="37371467" role=""/>
  <member type="way" ref="1298100816" role=""/>
  <member type="way" ref="1346588894" role=""/>
  <member type="way" ref="772700725" role=""/>
  <member type="way" ref="1304254913" role=""/>
  <member type="way" ref="1160164335" role=""/>
  <member type="way" ref="1160164341" role=""/>
  <member type="way" ref="1160164342" role=""/>
  <member type="way" ref="751292792" role=""/>
  <member type="way" ref="751292794" role=""/>
  <member type="way" ref="842064121" role=""/>
  <member type="way" ref="842064122" role=""/>
  <member type="way" ref="1377862165" role=""/>
  <member type="way" ref="1377862168" role=""/>
  <member type="way" ref="821768298" role=""/>
  <member type="way" ref="1183571978" role=""/>
  <member type="way" ref="630410357" role=""/>
  <member type="way" ref="975167786" role=""/>
  <member type="way" ref="1160164344" role=""/>
  <member type="way" ref="748619649" role=""/>
  <member type="way" ref="748619650" role=""/>
  <member type="way" ref="793330956" role=""/>
  <member type="way" ref="793330954" role=""/>
  <member type="way" ref="793330953" role=""/>
  <member type="way" ref="793330940" role=""/>
  <member type="way" ref="793330951" role=""/>
  <member type="way" ref="793330952" role=""/>
  <member type="way" ref="793330955" role=""/>
  <member type="way" ref="793330944" role=""/>
  <member type="way" ref="793330941" role=""/>
  <member type="way" ref="793330945" role=""/>
  <member type="way" ref="793330948" role=""/>
  <member type="way" ref="793330950" role=""/>
  <member type="way" ref="558034129" role=""/>
  <member type="way" ref="793330947" role=""/>
  <member type="way" ref="793330946" role=""/>
  <member type="way" ref="793330942" role=""/>
  <member type="way" ref="793330943" role=""/>
  <member type="way" ref="793330939" role=""/>
  <member type="way" ref="793330938" role=""/>
  <member type="way" ref="665998321" role=""/>
  <member type="way" ref="665998322" role=""/>
  <member type="way" ref="537517237" role=""/>
  <member type="way" ref="537517233" role=""/>
  <member type="way" ref="1261373408" role=""/>
  <member type="way" ref="537517231" role=""/>
  <member type="way" ref="537517229" role=""/>
  <member type="way" ref="537517221" role=""/>
  <member type="way" ref="156084468" role=""/>
  <member type="way" ref="537517224" role=""/>
  <member type="way" ref="537517225" role=""/>
  <member type="way" ref="1105978793" role=""/>
  <member type="way" ref="537517228" role=""/>
  <member type="way" ref="1057862472" role=""/>
  <member type="way" ref="537517147" role=""/>
  <member type="way" ref="1125121859" role=""/>
  <member type="way" ref="1450020468" role=""/>
  <member type="way" ref="1450020467" role=""/>
  <member type="way" ref="61492928" role=""/>
  <member type="way" ref="1447413578" role=""/>
  <member type="way" ref="1447413577" role=""/>
  <member type="way" ref="965431678" role=""/>
  <member type="way" ref="965431679" role=""/>
  <member type="way" ref="965436275" role=""/>
  <member type="way" ref="1145599142" role=""/>
  <member type="way" ref="965436276" role=""/>
  <member type="way" ref="965436266" role=""/>
  <member type="way" ref="965436267" role=""/>
  <member type="way" ref="1181766406" role=""/>
  <member type="way" ref="1181766407" role=""/>
  <member type="way" ref="1099775469" role=""/>
  <member type="way" ref="993394789" role=""/>
  <member type="way" ref="993394790" role=""/>
  <member type="way" ref="993394791" role=""/>
  <member type="way" ref="993394792" role=""/>
  <member type="way" ref="1099775486" role=""/>
  <member type="way" ref="993394798" role=""/>
  <member type="way" ref="993394797" role=""/>
  <member type="way" ref="1145619736" role=""/>
  <member type="way" ref="993394805" role=""/>
  <member type="way" ref="993394806" role=""/>
  <member type="way" ref="993394809" role=""/>
  <member type="way" ref="1145619739" role=""/>
  <member type="way" ref="1145619740" role=""/>
  <member type="way" ref="1145619743" role=""/>
  <member type="way" ref="993394808" role=""/>
  <member type="way" ref="1183845329" role=""/>
  <member type="way" ref="1183845011" role=""/>
  <member type="way" ref="1183845012" role=""/>
  <member type="way" ref="1183845328" role=""/>
  <member type="way" ref="1117722881" role=""/>
  <member type="way" ref="993394816" role=""/>
  <member type="way" ref="478122739" role=""/>
  <member type="way" ref="478122738" role=""/>
  <member type="way" ref="1117722882" role=""/>
  <member type="way" ref="1023940082" role=""/>
  <member type="way" ref="1023940083" role=""/>
  <member type="way" ref="1023940088" role=""/>
  <member type="way" ref="1023940089" role=""/>
  <member type="way" ref="478314049" role=""/>
  <member type="way" ref="1337614491" role=""/>
  <member type="way" ref="1337614490" role=""/>
  <member type="way" ref="1023940079" role=""/>
  <member type="way" ref="1023940080" role=""/>
  <member type="way" ref="1002174002" role=""/>
  <member type="way" ref="1002174001" role=""/>
  <member type="way" ref="1002174000" role=""/>
  <member type="way" ref="1002173999" role=""/>
  <member type="way" ref="1002173998" role=""/>
  <member type="way" ref="1002173997" role=""/>
  <member type="way" ref="1209823126" role=""/>
  <member type="way" ref="868995466" role=""/>
  <member type="way" ref="934251952" role=""/>
  <member type="way" ref="478314047" role=""/>
  <member type="way" ref="1132213653" role=""/>
  <member type="way" ref="934251953" role=""/>
  <member type="way" ref="1132213650" role=""/>
  <member type="way" ref="260633589" role=""/>
  <member type="way" ref="1160204656" role=""/>
  <member type="way" ref="1160204655" role=""/>
  <member type="way" ref="1306992223" role=""/>
  <member type="way" ref="1306992225" role=""/>
  <member type="way" ref="427764850" role=""/>
  <member type="way" ref="428480351" role=""/>
  <member type="way" ref="428480357" role=""/>
  <member type="way" ref="427764847" role=""/>
  <member type="way" ref="427764848" role=""/>
  <member type="way" ref="427764846" role=""/>
  <member type="way" ref="427764852" role=""/>
  <member type="way" ref="427764845" role=""/>
  <member type="way" ref="427764844" role=""/>
  <member type="way" ref="934247290" role=""/>
  <member type="way" ref="1275737045" role=""/>
  <member type="way" ref="934247292" role=""/>
  <member type="way" ref="427764849" role=""/>
  <member type="way" ref="208938041" role=""/>
  <member type="way" ref="1306732979" role=""/>
  <member type="way" ref="427764851" role=""/>
  <member type="way" ref="426084592" role=""/>
  <member type="way" ref="426084594" role=""/>
  <member type="way" ref="426084593" role=""/>
  <member type="way" ref="428165567" role=""/>
  <member type="way" ref="428165571" role=""/>
  <member type="way" ref="428165566" role=""/>
  <member type="way" ref="428165570" role=""/>
  <member type="way" ref="885788772" role=""/>
  <member type="way" ref="885788771" role=""/>
  <member type="way" ref="428165563" role=""/>
  <member type="way" ref="639537848" role=""/>
  <member type="way" ref="639537849" role=""/>
  <member type="way" ref="639537855" role=""/>
  <member type="way" ref="964953840" role=""/>
  <member type="way" ref="639537858" role=""/>
  <member type="way" ref="1313046907" role=""/>
  <member type="way" ref="860576899" role=""/>
  <member type="way" ref="1160204657" role=""/>
  <member type="way" ref="631360514" role=""/>
  <member type="way" ref="631360518" role=""/>
  <member type="way" ref="631360531" role=""/>
  <member type="way" ref="631360528" role=""/>
  <member type="way" ref="367402976" role=""/>
  <member type="way" ref="902582284" role=""/>
  <member type="way" ref="1320017673" role=""/>
  <member type="way" ref="367402982" role=""/>
  <member type="way" ref="1320017675" role=""/>
  <member type="way" ref="715426595" role=""/>
  <member type="way" ref="1307648009" role=""/>
  <member type="way" ref="1307648006" role=""/>
  <member type="way" ref="1307648008" role=""/>
  <member type="way" ref="1282093041" role=""/>
  <member type="way" ref="429517040" role=""/>
  <member type="way" ref="429517028" role=""/>
  <member type="way" ref="1227299544" role=""/>
  <member type="way" ref="1227299541" role=""/>
  <member type="way" ref="429829034" role=""/>
  <member type="way" ref="429829036" role=""/>
  <member type="way" ref="585675653" role=""/>
  <member type="way" ref="715421648" role=""/>
  <member type="way" ref="1227299542" role=""/>
  <member type="way" ref="1227299543" role=""/>
  <member type="way" ref="715426593" role=""/>
  <member type="way" ref="715426594" role=""/>
  <member type="way" ref="1282093042" role=""/>
  <member type="way" ref="715426596" role=""/>
  <member type="way" ref="52664475" role=""/>
  <member type="way" ref="52737698" role=""/>
  <member type="way" ref="1307648007" role=""/>
  <member type="way" ref="715426598" role=""/>
  <member type="way" ref="715426599" role=""/>
  <member type="way" ref="715426601" role=""/>
  <member type="way" ref="296422011" role=""/>
  <member type="way" ref="429829035" role=""/>
  <member type="way" ref="311683980" role=""/>
  <member type="way" ref="1282093040" role=""/>
  <member type="way" ref="311683982" role=""/>
  <member type="way" ref="52649675" role=""/>
  <member type="way" ref="715436575" role=""/>
  <member type="way" ref="296422014" role=""/>
  <member type="way" ref="296422003" role=""/>
  <member type="way" ref="296422008" role=""/>
  <member type="way" ref="1161369643" role=""/>
  <member type="way" ref="81206716" role=""/>
  <member type="way" ref="81206721" role=""/>
  <member type="way" ref="81206736" role=""/>
  <member type="way" ref="81206670" role=""/>
  <member type="way" ref="81232833" role=""/>
  <member type="way" ref="1320017676" role=""/>
  <member type="way" ref="955315835" role=""/>
  <member type="way" ref="1320017674" role=""/>
  <member type="way" ref="955315834" role=""/>
  <member type="way" ref="955315833" role=""/>
  <member type="way" ref="955319866" role=""/>
  <member type="way" ref="955319865" role=""/>
  <member type="way" ref="907241981" role=""/>
  <member type="way" ref="907241984" role=""/>
  <member type="way" ref="1306992224" role=""/>
  <member type="way" ref="1132213674" role=""/>
  <member type="way" ref="156084447" role=""/>
  <member type="way" ref="1447413581" role=""/>
  <member type="way" ref="1447413580" role=""/>
  <member type="way" ref="477913071" role=""/>
  <member type="way" ref="833772151" role=""/>
  <member type="way" ref="1254749626" role=""/>
  <member type="way" ref="1254749624" role=""/>
  <member type="way" ref="477913072" role=""/>
  <member type="way" ref="638976612" role=""/>
  <member type="way" ref="638976613" role=""/>
  <member type="way" ref="368004529" role=""/>
  <member type="way" ref="367402966" role=""/>
  <member type="way" ref="793330933" role=""/>
  <member type="way" ref="793330934" role=""/>
  <member type="way" ref="793330931" role=""/>
  <member type="way" ref="965717537" role=""/>
  <member type="way" ref="934144599" role=""/>
  <member type="way" ref="1075044810" role=""/>
  <member type="way" ref="992719532" role=""/>
  <member type="way" ref="992719531" role=""/>
  <member type="way" ref="474466648" role=""/>
  <member type="way" ref="1347546872" role=""/>
  <member type="way" ref="1347546873" role=""/>
  <member type="way" ref="992590891" role=""/>
  <member type="way" ref="993606945" role=""/>
  <member type="way" ref="993606946" role=""/>
  <member type="way" ref="992590890" role=""/>
  <member type="way" ref="1306550401" role=""/>
  <member type="way" ref="992590888" role=""/>
  <member type="way" ref="1306550399" role=""/>
  <member type="way" ref="992590874" role=""/>
  <member type="way" ref="992590872" role=""/>
  <member type="way" ref="992590870" role=""/>
  <member type="way" ref="992590869" role=""/>
  <member type="way" ref="991970346" role=""/>
  <member type="way" ref="1218677449" role=""/>
  <member type="way" ref="1218677447" role=""/>
  <member type="way" ref="991970345" role=""/>
  <member type="way" ref="991970344" role=""/>
  <member type="way" ref="991970343" role=""/>
  <member type="way" ref="934129949" role=""/>
  <member type="way" ref="1389884990" role=""/>
  <member type="way" ref="934129951" role=""/>
  <member type="way" ref="944457690" role=""/>
  <member type="way" ref="1010526557" role=""/>
  <member type="way" ref="537517250" role=""/>
  <member type="way" ref="537517247" role=""/>
  <member type="way" ref="537517253" role=""/>
  <member type="way" ref="537517244" role=""/>
  <member type="way" ref="537517242" role=""/>
  <member type="way" ref="1254749627" role=""/>
  <member type="way" ref="52597405" role=""/>
  <member type="way" ref="537517271" role=""/>
  <member type="way" ref="1389884995" role=""/>
  <member type="way" ref="537517270" role=""/>
  <member type="way" ref="156084451" role=""/>
  <member type="way" ref="704155815" role=""/>
  <member type="way" ref="156084422" role=""/>
  <member type="way" ref="537517177" role=""/>
  <member type="way" ref="966430384" role=""/>
  <member type="way" ref="749598069" role=""/>
  <member type="way" ref="749598067" role=""/>
  <member type="way" ref="213431957" role=""/>
  <member type="way" ref="213431958" role=""/>
  <member type="way" ref="966430392" role=""/>
  <member type="way" ref="86839172" role=""/>
  <member type="way" ref="86839182" role=""/>
  <member type="way" ref="86934693" role=""/>
  <member type="way" ref="1373632087" role=""/>
  <member type="way" ref="1373632085" role=""/>
  <member type="way" ref="1079064061" role=""/>
  <member type="way" ref="1079053675" role=""/>
  <member type="way" ref="86934707" role=""/>
  <member type="way" ref="319395922" role=""/>
  <member type="way" ref="1350745416" role=""/>
  <member type="way" ref="631360510" role=""/>
  <member type="way" ref="907241986" role=""/>
  <member type="way" ref="563474850" role=""/>
  <member type="way" ref="563474848" role=""/>
  <member type="way" ref="478549257" role=""/>
  <member type="way" ref="478549271" role=""/>
  <member type="way" ref="638995932" role=""/>
  <member type="way" ref="1160204663" role=""/>
  <member type="way" ref="1160204660" role=""/>
  <member type="way" ref="478636061" role=""/>
  <member type="way" ref="1307048977" role=""/>
  <member type="way" ref="854094724" role=""/>
  <member type="way" ref="1307048976" role=""/>
  <member type="way" ref="631360524" role=""/>
  <member type="way" ref="631360527" role=""/>
  <member type="way" ref="907241990" role=""/>
  <member type="way" ref="907241991" role=""/>
  <member type="way" ref="367402965" role=""/>
  <member type="way" ref="367403019" role=""/>
  <member type="way" ref="907468916" role=""/>
  <member type="way" ref="907468913" role=""/>
  <member type="way" ref="907468912" role=""/>
  <member type="way" ref="907468915" role=""/>
  <member type="way" ref="934144598" role=""/>
  <member type="way" ref="821838690" role=""/>
  <member type="way" ref="821838689" role=""/>
  <member type="way" ref="793330960" role=""/>
  <member type="way" ref="637376860" role=""/>
  <member type="way" ref="175162309" role=""/>
  <member type="way" ref="821778539" role=""/>
  <member type="way" ref="821778536" role=""/>
  <member type="way" ref="1080255681" role=""/>
  <member type="way" ref="236982613" role=""/>
  <member type="way" ref="1411094526" role=""/>
  <member type="way" ref="80351451" role=""/>
  <member type="way" ref="1411094527" role=""/>
  <member type="way" ref="1047605030" role=""/>
  <member type="way" ref="748619647" role=""/>
  <member type="way" ref="1080255654" role=""/>
  <member type="way" ref="1047605034" role=""/>
  <member type="way" ref="727036981" role=""/>
  <member type="way" ref="1160179147" role=""/>
  <member type="way" ref="727036978" role=""/>
  <member type="way" ref="727036956" role=""/>
  <member type="way" ref="727036950" role=""/>
  <member type="way" ref="727036949" role=""/>
  <member type="way" ref="1067841477" role=""/>
  <member type="way" ref="322107909" role=""/>
  <member type="way" ref="1377578174" role=""/>
  <member type="way" ref="322107914" role=""/>
  <member type="way" ref="481822471" role=""/>
  <member type="way" ref="637353717" role=""/>
  <member type="way" ref="126858704" role=""/>
  <member type="way" ref="631391490" role=""/>
  <member type="way" ref="28369851" role=""/>
  <member type="way" ref="727036977" role=""/>
  <member type="way" ref="28369853" role=""/>
  <member type="way" ref="727036982" role=""/>
  <member type="way" ref="1047605035" role=""/>
  <member type="way" ref="1080255651" role=""/>
  <member type="way" ref="748619645" role=""/>
  <member type="way" ref="1047605029" role=""/>
  <member type="way" ref="1411094541" role=""/>
  <member type="way" ref="236981068" role=""/>
  <member type="way" ref="237370573" role=""/>
  <member type="way" ref="1080255682" role=""/>
  <member type="way" ref="237068454" role=""/>
  <member type="way" ref="908659290" role=""/>
  <member type="way" ref="934254983" role=""/>
  <member type="way" ref="934254985" role=""/>
  <member type="way" ref="934254986" role=""/>
  <member type="way" ref="934254987" role=""/>
  <member type="way" ref="934254989" role=""/>
  <member type="way" ref="965717536" role=""/>
  <member type="way" ref="934144597" role=""/>
  <member type="way" ref="1075044809" role=""/>
  <member type="way" ref="647206975" role=""/>
  <member type="way" ref="647206972" role=""/>
  <member type="way" ref="474466676" role=""/>
  <member type="way" ref="243277437" role=""/>
  <member type="way" ref="637431580" role=""/>
  <member type="way" ref="1054292140" role=""/>
  <member type="way" ref="1054292139" role=""/>
  <member type="way" ref="954880628" role=""/>
  <member type="way" ref="1306550402" role=""/>
  <member type="way" ref="978490946" role=""/>
  <member type="way" ref="1306550398" role=""/>
  <member type="way" ref="1021845932" role=""/>
  <member type="way" ref="992590871" role=""/>
  <member type="way" ref="992590873" role=""/>
  <member type="way" ref="647681839" role=""/>
  <member type="way" ref="52597371" role=""/>
  <member type="way" ref="1218677448" role=""/>
  <member type="way" ref="1218677446" role=""/>
  <member type="way" ref="52597358" role=""/>
  <member type="way" ref="631391487" role=""/>
  <member type="way" ref="631391482" role=""/>
  <member type="way" ref="637681867" role=""/>
  <member type="way" ref="965431683" role=""/>
  <member type="way" ref="537517180" role=""/>
  <member type="way" ref="537517184" role=""/>
  <member type="way" ref="537517185" role=""/>
  <member type="way" ref="537517190" role=""/>
  <member type="way" ref="497039683" role=""/>
  <member type="way" ref="1010526556" role=""/>
  <member type="way" ref="1414833315" role=""/>
  <member type="way" ref="537517208" role=""/>
  <member type="way" ref="1390307058" role=""/>
  <member type="way" ref="243285297" role=""/>
  <member type="way" ref="966430385" role=""/>
  <member type="way" ref="1227077301" role=""/>
  <member type="way" ref="1227077302" role=""/>
  <member type="way" ref="1177192471" role=""/>
  <member type="way" ref="213395317" role=""/>
  <member type="way" ref="210992721" role=""/>
  <member type="way" ref="1381212052" role=""/>
  <member type="way" ref="402841326" role=""/>
  <member type="way" ref="907634266" role=""/>
  <member type="way" ref="907634268" role=""/>
  <member type="way" ref="907634265" role=""/>
  <member type="way" ref="907634263" role=""/>
  <member type="way" ref="907634264" role=""/>
  <member type="way" ref="907634267" role=""/>
  <member type="way" ref="705594020" role=""/>
  <member type="way" ref="695041114" role=""/>
  <member type="way" ref="1132213651" role=""/>
  <member type="way" ref="1132213652" role=""/>
  <member type="way" ref="934251955" role=""/>
  <member type="way" ref="934251954" role=""/>
  <member type="way" ref="934251956" role=""/>
  <member type="way" ref="478314048" role=""/>
  <member type="way" ref="1209823125" role=""/>
  <member type="way" ref="329603898" role=""/>
  <member type="way" ref="329603899" role=""/>
  <member type="way" ref="329604651" role=""/>
  <member type="way" ref="329604652" role=""/>
  <member type="way" ref="478314045" role=""/>
  <member type="way" ref="478314044" role=""/>
  <member type="way" ref="478314046" role=""/>
  <member type="way" ref="1023940081" role=""/>
  <member type="way" ref="1337614492" role=""/>
  <member type="way" ref="1337614493" role=""/>
  <member type="way" ref="1023940084" role=""/>
  <member type="way" ref="1023940091" role=""/>
  <member type="way" ref="1023940090" role=""/>
  <member type="way" ref="318670390" role=""/>
  <member type="way" ref="1160433402" role=""/>
  <member type="way" ref="1160433400" role=""/>
  <member type="way" ref="1160433380" role=""/>
  <member type="way" ref="1160433379" role=""/>
  <member type="way" ref="1160433378" role=""/>
  <member type="way" ref="1160433370" role=""/>
  <member type="way" ref="1160433371" role=""/>
  <member type="way" ref="1235461592" role=""/>
  <member type="way" ref="88171515" role=""/>
  <member type="way" ref="1061353039" role=""/>
  <member type="way" ref="1061353038" role=""/>
  <member type="way" ref="1061353037" role=""/>
  <member type="way" ref="1061267147" role=""/>
  <member type="way" ref="1061267146" role=""/>
  <member type="way" ref="1061267144" role=""/>
  <member type="way" ref="1061267145" role=""/>
  <member type="way" ref="1061267141" role=""/>
  <member type="way" ref="1061267140" role=""/>
  <member type="way" ref="1061267139" role=""/>
  <member type="way" ref="1061267138" role=""/>
  <member type="way" ref="88171525" role=""/>
  <member type="way" ref="88171467" role=""/>
  <member type="way" ref="88171489" role=""/>
  <member type="way" ref="35976616" role=""/>
  <member type="way" ref="87834795" role=""/>
  <member type="way" ref="87834850" role=""/>
  <member type="way" ref="718069922" role=""/>
  <member type="way" ref="1368989672" role=""/>
  <member type="way" ref="1148763627" role=""/>
  <member type="way" ref="718069940" role=""/>
  <member type="way" ref="87834831" role=""/>
  <member type="way" ref="1147623730" role=""/>
  <member type="way" ref="718097637" role=""/>
  <member type="way" ref="1147623732" role=""/>
  <member type="way" ref="87834860" role=""/>
  <member type="way" ref="48852676" role=""/>
  <member type="way" ref="87834801" role=""/>
  <member type="way" ref="718100368" role=""/>
  <member type="way" ref="87834866" role=""/>
  <member type="way" ref="87834805" role=""/>
  <member type="way" ref="87834815" role=""/>
  <member type="way" ref="1369809971" role=""/>
  <member type="way" ref="87834798" role=""/>
  <member type="way" ref="87834864" role=""/>
  <member type="way" ref="87834828" role=""/>
  <member type="way" ref="35976617" role=""/>
  <member type="way" ref="87834807" role=""/>
  <member type="way" ref="87834840" role=""/>
  <member type="way" ref="718128265" role=""/>
  <member type="way" ref="718128275" role=""/>
  <member type="way" ref="718128276" role=""/>
  <member type="way" ref="718128278" role=""/>
  <member type="way" ref="718131949" role=""/>
  <member type="way" ref="1147550137" role=""/>
  <member type="way" ref="1147550154" role=""/>
  <member type="way" ref="1147550151" role=""/>
  <member type="way" ref="1147550147" role=""/>
  <member type="way" ref="718131952" role=""/>
  <member type="way" ref="718131958" role=""/>
  <member type="way" ref="718131961" role=""/>
  <member type="way" ref="718131969" role=""/>
  <member type="way" ref="718131970" role=""/>
  <member type="way" ref="718133138" role=""/>
  <member type="way" ref="718133139" role=""/>
  <member type="way" ref="718133146" role=""/>
  <member type="way" ref="718133151" role=""/>
  <member type="way" ref="718329800" role=""/>
  <member type="way" ref="718329809" role=""/>
  <member type="way" ref="718329818" role=""/>
  <member type="way" ref="718329824" role=""/>
  <member type="way" ref="718329816" role=""/>
  <member type="way" ref="718329807" role=""/>
  <member type="way" ref="718133157" role=""/>
  <member type="way" ref="87628807" role=""/>
  <member type="way" ref="718133140" role=""/>
  <member type="way" ref="718133137" role=""/>
  <member type="way" ref="718133136" role=""/>
  <member type="way" ref="479124626" role=""/>
  <member type="way" ref="87628847" role=""/>
  <member type="way" ref="718131956" role=""/>
  <member type="way" ref="718131957" role=""/>
  <member type="way" ref="1147550146" role=""/>
  <member type="way" ref="1147550152" role=""/>
  <member type="way" ref="1147550153" role=""/>
  <member type="way" ref="1147550136" role=""/>
  <member type="way" ref="87628813" role=""/>
  <member type="way" ref="87628789" role=""/>
  <member type="way" ref="87628833" role=""/>
  <member type="way" ref="87628866" role=""/>
  <member type="way" ref="718128270" role=""/>
  <member type="way" ref="318668805" role=""/>
  <member type="way" ref="318668799" role=""/>
  <member type="way" ref="718114138" role=""/>
  <member type="way" ref="318668800" role=""/>
  <member type="way" ref="318668803" role=""/>
  <member type="way" ref="479251140" role=""/>
  <member type="way" ref="718100381" role=""/>
  <member type="way" ref="1369809970" role=""/>
  <member type="way" ref="718100375" role=""/>
  <member type="way" ref="718100374" role=""/>
  <member type="way" ref="718100373" role=""/>
  <member type="way" ref="718097643" role=""/>
  <member type="way" ref="718097642" role=""/>
  <member type="way" ref="718097640" role=""/>
  <member type="way" ref="1147623733" role=""/>
  <member type="way" ref="87834802" role=""/>
  <member type="way" ref="1147623731" role=""/>
  <member type="way" ref="718097635" role=""/>
  <member type="way" ref="718097626" role=""/>
  <member type="way" ref="718069923" role=""/>
  <member type="way" ref="1368989673" role=""/>
  <member type="way" ref="718069920" role=""/>
  <member type="way" ref="718069917" role=""/>
  <member type="way" ref="907675923" role=""/>
  <member type="way" ref="907675924" role=""/>
  <member type="way" ref="907675925" role=""/>
  <member type="way" ref="88171472" role=""/>
  <member type="way" ref="88171477" role=""/>
  <member type="way" ref="88171496" role=""/>
  <member type="way" ref="88171458" role=""/>
  <member type="way" ref="88171465" role=""/>
  <member type="way" ref="1061267142" role=""/>
  <member type="way" ref="1061267143" role=""/>
  <member type="way" ref="88171487" role=""/>
  <member type="way" ref="88171424" role=""/>
  <member type="way" ref="88171493" role=""/>
  <member type="way" ref="88171432" role=""/>
  <member type="way" ref="88171532" role=""/>
  <member type="way" ref="88171463" role=""/>
  <member type="way" ref="88171481" role=""/>
  <member type="way" ref="1235461593" role=""/>
  <member type="way" ref="1160433373" role=""/>
  <member type="way" ref="1160433372" role=""/>
  <member type="way" ref="1160433376" role=""/>
  <member type="way" ref="1160433381" role=""/>
  <member type="way" ref="1160433382" role=""/>
  <member type="way" ref="1160433399" role=""/>
  <member type="way" ref="1160433403" role=""/>
  <member type="way" ref="1160433401" role=""/>
  <member type="way" ref="318670387" role=""/>
  <member type="way" ref="1110315251" role=""/>
  <member type="way" ref="1110315248" role=""/>
  <member type="way" ref="693423791" role=""/>
  <member type="way" ref="693551836" role=""/>
  <member type="way" ref="693551837" role=""/>
  <member type="way" ref="693423787" role=""/>
  <member type="way" ref="693423788" role=""/>
  <member type="way" ref="693423789" role=""/>
  <member type="way" ref="693423790" role=""/>
  <member type="way" ref="303633679" role=""/>
  <member type="way" ref="694347640" role=""/>
  <member type="way" ref="694347641" role=""/>
  <member type="way" ref="1185229026" role=""/>
  <member type="way" ref="303620849" role=""/>
  <member type="way" ref="1279880693" role=""/>
  <member type="way" ref="694324287" role=""/>
  <member type="way" ref="1281158264" role=""/>
  <member type="way" ref="1280614526" role=""/>
  <member type="way" ref="694544551" role=""/>
  <member type="way" ref="694324285" role=""/>
  <member type="way" ref="694324286" role=""/>
  <member type="way" ref="1280614525" role=""/>
  <member type="way" ref="694550810" role=""/>
  <member type="way" ref="694340255" role=""/>
  <member type="way" ref="694340252" role=""/>
  <member type="way" ref="694340249" role=""/>
  <member type="way" ref="372563427" role=""/>
  <member type="way" ref="537517178" role=""/>
  <member type="way" ref="907241987" role=""/>
  <member type="way" ref="907241993" role=""/>
  <member type="way" ref="907241994" role=""/>
  <member type="way" ref="907241996" role=""/>
  <member type="way" ref="1381219763" role=""/>
  <member type="way" ref="1484489678" role=""/>
  <member type="way" ref="1484489679" role=""/>
  <member type="way" ref="1305889918" role=""/>
  <member type="way" ref="1314303056" role=""/>
  <member type="way" ref="1147794908" role=""/>
  <member type="way" ref="1147794906" role=""/>
  <member type="way" ref="907242003" role=""/>
  <member type="way" ref="907242004" role=""/>
  <member type="way" ref="907242005" role=""/>
  <member type="way" ref="907351356" role=""/>
  <member type="way" ref="907351357" role=""/>
  <member type="way" ref="907351358" role=""/>
  <member type="way" ref="907351359" role=""/>
  <member type="way" ref="907351362" role=""/>
  <member type="way" ref="907351366" role=""/>
  <member type="way" ref="907351367" role=""/>
  <member type="way" ref="907351368" role=""/>
  <member type="way" ref="907351371" role=""/>
  <member type="way" ref="907351375" role=""/>
  <member type="way" ref="907351376" role=""/>
  <member type="way" ref="907351377" role=""/>
  <member type="way" ref="630782162" role=""/>
  <member type="way" ref="965025591" role=""/>
  <member type="way" ref="1355316092" role=""/>
  <member type="way" ref="1386901779" role=""/>
  <member type="way" ref="1386901778" role=""/>
  <member type="way" ref="1355316093" role=""/>
  <member type="way" ref="883606214" role=""/>
  <member type="way" ref="883606215" role=""/>
  <member type="way" ref="638988225" role=""/>
  <member type="way" ref="1355316081" role=""/>
  <member type="way" ref="630782168" role=""/>
  <member type="way" ref="883606222" role=""/>
  <member type="way" ref="883606223" role=""/>
  <member type="way" ref="630791050" role=""/>
  <member type="way" ref="1101455470" role=""/>
  <member type="way" ref="630791049" role=""/>
  <member type="way" ref="883438204" role=""/>
  <member type="way" ref="1056381301" role=""/>
  <member type="way" ref="883438205" role=""/>
  <member type="way" ref="1387002585" role=""/>
  <member type="way" ref="1056381300" role=""/>
  <member type="way" ref="630782169" role=""/>
  <member type="way" ref="998771188" role=""/>
  <member type="way" ref="998771187" role=""/>
  <member type="way" ref="1101455471" role=""/>
  <member type="way" ref="998771186" role=""/>
  <member type="way" ref="884168523" role=""/>
  <member type="way" ref="1056381299" role=""/>
  <member type="way" ref="883438197" role=""/>
  <member type="way" ref="883438196" role=""/>
  <member type="way" ref="720460739" role=""/>
  <member type="way" ref="720460741" role=""/>
  <member type="way" ref="1350745422" role=""/>
  <member type="way" ref="907381671" role=""/>
  <member type="way" ref="1123587347" role=""/>
  <member type="way" ref="1351769455" role=""/>
  <member type="way" ref="1091855116" role=""/>
  <member type="way" ref="1091855113" role=""/>
  <member type="way" ref="1091855112" role=""/>
  <member type="way" ref="1091855111" role=""/>
  <member type="way" ref="749598077" role=""/>
  <member type="way" ref="749598074" role=""/>
  <member type="way" ref="61979781" role=""/>
  <member type="way" ref="749598073" role=""/>
  <member type="way" ref="87628828" role=""/>
  <member type="way" ref="87628871" role=""/>
  <member type="way" ref="87628812" role=""/>
  <member type="way" ref="87429675" role=""/>
  <member type="way" ref="87429760" role=""/>
  <member type="way" ref="88171492" role=""/>
  <member type="way" ref="88171444" role=""/>
  <member type="way" ref="87429726" role=""/>
  <member type="way" ref="87429769" role=""/>
  <member type="way" ref="88171484" role=""/>
  <member type="way" ref="87628854" role=""/>
  <member type="way" ref="1398894795" role=""/>
  <member type="way" ref="87308493" role=""/>
  <member type="way" ref="907634269" role=""/>
  <member type="way" ref="87308490" role=""/>
  <member type="way" ref="87308495" role=""/>
  <member type="way" ref="1079053671" role=""/>
  <member type="way" ref="87308488" role=""/>
  <member type="way" ref="87308491" role=""/>
  <member type="way" ref="87308478" role=""/>
  <member type="way" ref="87308506" role=""/>
  <member type="way" ref="87308476" role=""/>
  <member type="way" ref="52672825" role=""/>
  <member type="way" ref="972178427" role=""/>
  <member type="way" ref="87308487" role=""/>
  <member type="way" ref="87308498" role=""/>
  <member type="way" ref="87308503" role=""/>
  <member type="way" ref="87308499" role=""/>
  <member type="way" ref="87200708" role=""/>
  <member type="way" ref="1381212051" role=""/>
  <member type="way" ref="1381212050" role=""/>
  <member type="way" ref="850354129" role=""/>
  <member type="way" ref="61979756" role=""/>
  <member type="way" ref="1175282466" role=""/>
  <member type="way" ref="1351995499" role=""/>
  <member type="way" ref="1356725386" role=""/>
  <member type="way" ref="1236323244" role=""/>
  <member type="way" ref="907468906" role=""/>
  <member type="way" ref="1472728070" role=""/>
  <member type="way" ref="907468898" role=""/>
  <member type="way" ref="213399470" role=""/>
  <member type="way" ref="1472728071" role=""/>
  <member type="way" ref="907468905" role=""/>
  <member type="way" ref="61979787" role=""/>
  <member type="way" ref="907468909" role=""/>
  <member type="way" ref="1351995502" role=""/>
  <member type="way" ref="907468911" role=""/>
  <member type="way" ref="1351995497" role=""/>
  <member type="way" ref="213399474" role=""/>
  <member type="way" ref="213398861" role=""/>
  <member type="way" ref="213398864" role=""/>
  <member type="way" ref="213398350" role=""/>
  <member type="way" ref="1002664838" role=""/>
  <member type="way" ref="1002664837" role=""/>
  <member type="way" ref="966760664" role=""/>
  <member type="way" ref="966760663" role=""/>
  <member type="way" ref="966760662" role=""/>
  <member type="way" ref="213395308" role=""/>
  <member type="way" ref="1147550128" role=""/>
  <member type="way" ref="88171435" role=""/>
  <member type="way" ref="1147550129" role=""/>
  <member type="way" ref="319580705" role=""/>
  <member type="way" ref="705594015" role=""/>
  <member type="way" ref="705594017" role=""/>
  <member type="way" ref="35975140" role=""/>
  <member type="way" ref="87429800" role=""/>
  <member type="way" ref="87429756" role=""/>
  <member type="way" ref="87628865" role=""/>
  <member type="way" ref="87628823" role=""/>
  <member type="way" ref="87628840" role=""/>
  <member type="way" ref="979538355" role=""/>
  <member type="way" ref="979538356" role=""/>
  <member type="way" ref="934227550" role=""/>
  <member type="way" ref="934227551" role=""/>
  <member type="way" ref="86947076" role=""/>
  <member type="way" ref="1079064059" role=""/>
  <member type="way" ref="969759027" role=""/>
  <member type="way" ref="87200682" role=""/>
  <member type="way" ref="87200827" role=""/>
  <member type="way" ref="87200822" role=""/>
  <member type="way" ref="821768300" role=""/>
  <member type="way" ref="1183571977" role=""/>
  <member type="way" ref="841384759" role=""/>
  <member type="way" ref="1377862167" role=""/>
  <member type="way" ref="1377862166" role=""/>
  <member type="way" ref="841384760" role=""/>
  <member type="way" ref="751292793" role=""/>
  <member type="way" ref="751292791" role=""/>
  <member type="way" ref="630410360" role=""/>
  <member type="way" ref="1320021794" role=""/>
  <member type="way" ref="733251034" role=""/>
  <member type="way" ref="478648007" role=""/>
  <member type="way" ref="733251031" role=""/>
  <member type="way" ref="733251030" role=""/>
  <member type="way" ref="478666919" role=""/>
  <member type="way" ref="1118833334" role=""/>
  <member type="way" ref="1118833337" role=""/>
  <member type="way" ref="733348606" role=""/>
  <member type="way" ref="1160204658" role=""/>
  <member type="way" ref="35976486" role=""/>
  <member type="way" ref="428165564" role=""/>
  <member type="way" ref="241133281" role=""/>
  <member type="way" ref="1056375346" role=""/>
  <member type="way" ref="858351347" role=""/>
  <member type="way" ref="1034695093" role=""/>
  <member type="way" ref="639545405" role=""/>
  <member type="way" ref="1034695095" role=""/>
  <member type="way" ref="964953839" role=""/>
  <member type="way" ref="639537857" role=""/>
  <member type="way" ref="1034695100" role=""/>
  <member type="way" ref="1034695097" role=""/>
  <member type="way" ref="1034695099" role=""/>
  <member type="way" ref="469665427" role=""/>
  <member type="way" ref="1314764266" role=""/>
  <member type="way" ref="1180367774" role=""/>
  <member type="way" ref="1314764267" role=""/>
  <member type="way" ref="639545399" role=""/>
  <member type="way" ref="1036710336" role=""/>
  <member type="way" ref="208938042" role=""/>
  <member type="way" ref="1313046909" role=""/>
  <member type="way" ref="860583426" role=""/>
  <member type="way" ref="1313046908" role=""/>
  <member type="way" ref="639537859" role=""/>
  <member type="way" ref="966248854" role=""/>
  <member type="way" ref="833772149" role=""/>
  <member type="way" ref="1254749623" role=""/>
  <member type="way" ref="1254749625" role=""/>
  <member type="way" ref="477913073" role=""/>
  <member type="way" ref="477913070" role=""/>
  <member type="way" ref="156084437" role=""/>
  <member type="way" ref="1447413583" role=""/>
  <member type="way" ref="1447413582" role=""/>
  <member type="way" ref="1105978794" role=""/>
  <member type="way" ref="537517227" role=""/>
  <member type="way" ref="1057862473" role=""/>
  <member type="way" ref="537517148" role=""/>
  <member type="way" ref="1125121860" role=""/>
  <member type="way" ref="1450020466" role=""/>
  <member type="way" ref="1450020465" role=""/>
  <member type="way" ref="965431680" role=""/>
  <member type="way" ref="1447413576" role=""/>
  <member type="way" ref="1447413575" role=""/>
  <member type="way" ref="477913069" role=""/>
  <member type="way" ref="477913067" role=""/>
  <member type="way" ref="477913068" role=""/>
  <member type="way" ref="1145599143" role=""/>
  <member type="way" ref="637792084" role=""/>
  <member type="way" ref="965436268" role=""/>
  <member type="way" ref="1099775475" role=""/>
  <member type="way" ref="1181766404" role=""/>
  <member type="way" ref="1181766405" role=""/>
  <member type="way" ref="637792073" role=""/>
  <member type="way" ref="647881527" role=""/>
  <member type="way" ref="647881526" role=""/>
  <member type="way" ref="647882113" role=""/>
  <member type="way" ref="1099775485" role=""/>
  <member type="way" ref="647882106" role=""/>
  <member type="way" ref="993394800" role=""/>
  <member type="way" ref="993394799" role=""/>
  <member type="way" ref="1145619737" role=""/>
  <member type="way" ref="478122737" role=""/>
  <member type="way" ref="978624063" role=""/>
  <member type="way" ref="978624062" role=""/>
  <member type="way" ref="1145619741" role=""/>
  <member type="way" ref="1145619742" role=""/>
  <member type="way" ref="1145619744" role=""/>
  <member type="way" ref="1183845331" role=""/>
  <member type="way" ref="1183845009" role=""/>
  <member type="way" ref="1183845010" role=""/>
  <member type="way" ref="1183845332" role=""/>
  <member type="way" ref="478122740" role=""/>
  <member type="way" ref="1117722884" role=""/>
  <member type="way" ref="52597481" role=""/>
  <member type="way" ref="1023940086" role=""/>
  <member type="way" ref="1023940087" role=""/>
  <member type="way" ref="1117722883" role=""/>
  <member type="way" ref="1011380900" role=""/>
  <member type="way" ref="717049369" role=""/>
  <member type="way" ref="717049372" role=""/>
  <member type="way" ref="717049367" role=""/>
  <member type="way" ref="1368744402" role=""/>
  <member type="way" ref="1275737041" role=""/>
  <member type="way" ref="1275737043" role=""/>
  <member type="way" ref="934247291" role=""/>
  <member type="way" ref="694332722" role=""/>
  <member type="way" ref="694323004" role=""/>
  <member type="way" ref="694323005" role=""/>
  <member type="way" ref="641099998" role=""/>
  <member type="way" ref="694319376" role=""/>
  <member type="way" ref="343469113" role=""/>
  <member type="way" ref="1281158253" role=""/>
  <member type="way" ref="583538129" role=""/>
  <member type="way" ref="1092626410" role=""/>
  <member type="way" ref="641099995" role=""/>
  <member type="way" ref="694323007" role=""/>
  <member type="way" ref="694323006" role=""/>
  <member type="way" ref="319574368" role=""/>
  <member type="way" ref="1281158249" role=""/>
  <member type="way" ref="303620853" role=""/>
  <member type="way" ref="694340253" role=""/>
  <member type="way" ref="1280614501" role=""/>
  <member type="way" ref="694550809" role=""/>
  <member type="way" ref="1280614509" role=""/>
  <member type="way" ref="694545387" role=""/>
  <member type="way" ref="303620850" role=""/>
  <member type="way" ref="694550811" role=""/>
  <member type="way" ref="1280614508" role=""/>
  <member type="way" ref="694544552" role=""/>
  <member type="way" ref="1279880655" role=""/>
  <member type="way" ref="699674195" role=""/>
  <member type="way" ref="656408387" role=""/>
  <member type="way" ref="699674196" role=""/>
  <member type="way" ref="699674197" role=""/>
  <member type="way" ref="694341489" role=""/>
  <member type="way" ref="694348588" role=""/>
  <member type="way" ref="694348589" role=""/>
  <member type="way" ref="1279880653" role=""/>
  <member type="way" ref="656408388" role=""/>
  <member type="way" ref="694333992" role=""/>
  <member type="way" ref="694333991" role=""/>
  <member type="way" ref="694309723" role=""/>
  <member type="way" ref="694309724" role=""/>
  <member type="way" ref="694309720" role=""/>
  <member type="way" ref="694309721" role=""/>
  <member type="way" ref="696978169" role=""/>
  <member type="way" ref="696978168" role=""/>
  <member type="way" ref="303633663" role=""/>
  <member type="way" ref="693551832" role=""/>
  <member type="way" ref="693551833" role=""/>
  <member type="way" ref="693555246" role=""/>
  <member type="way" ref="693555248" role=""/>
  <member type="way" ref="693625794" role=""/>
  <member type="way" ref="693625795" role=""/>
  <member type="way" ref="1160165449" role=""/>
  <member type="way" ref="1057525304" role=""/>
  <member type="way" ref="893915964" role=""/>
  <member type="way" ref="1364686219" role=""/>
  <member type="way" ref="1364686218" role=""/>
  <member type="way" ref="894791359" role=""/>
  <member type="way" ref="893915966" role=""/>
  <member type="way" ref="894791358" role=""/>
  <member type="way" ref="893915968" role=""/>
  <member type="way" ref="894791357" role=""/>
  <member type="way" ref="893915970" role=""/>
  <member type="way" ref="894791356" role=""/>
  <member type="way" ref="893915972" role=""/>
  <member type="way" ref="894791355" role=""/>
  <member type="way" ref="893915974" role=""/>
  <member type="way" ref="894791353" role=""/>
  <member type="way" ref="893915975" role=""/>
  <member type="way" ref="894791354" role=""/>
  <member type="way" ref="893915976" role=""/>
  <member type="way" ref="1115131022" role=""/>
  <member type="way" ref="303136205" role=""/>
  <member type="way" ref="893912220" role=""/>
  <member type="way" ref="893912218" role=""/>
  <member type="way" ref="732600902" role=""/>
  <member type="way" ref="732600901" role=""/>
  <member type="way" ref="716723614" role=""/>
  <member type="way" ref="1281556710" role=""/>
  <member type="way" ref="716723636" role=""/>
  <member type="way" ref="716723641" role=""/>
  <member type="way" ref="716723642" role=""/>
  <member type="way" ref="563474851" role=""/>
  <member type="way" ref="718329825" role=""/>
  <member type="way" ref="964873394" role=""/>
  <member type="way" ref="672490288" role=""/>
  <member type="way" ref="1368744403" role=""/>
  <member type="way" ref="1110315247" role=""/>
  <member type="way" ref="1110315250" role=""/>
  <member type="way" ref="585675661" role=""/>
  <member type="way" ref="813591002" role=""/>
  <member type="way" ref="429517266" role=""/>
  <member type="way" ref="429517856" role=""/>
  <member type="way" ref="715421640" role=""/>
  <member type="way" ref="715421641" role=""/>
  <member type="way" ref="717550076" role=""/>
  <member type="way" ref="717550074" role=""/>
  <member type="way" ref="717550072" role=""/>
  <member type="way" ref="626405689" role=""/>
  <member type="way" ref="717527555" role=""/>
  <member type="way" ref="717527553" role=""/>
  <member type="way" ref="717527546" role=""/>
  <member type="way" ref="717519843" role=""/>
  <member type="way" ref="717519842" role=""/>
  <member type="way" ref="717519836" role=""/>
  <member type="way" ref="717519834" role=""/>
  <member type="way" ref="717519824" role=""/>
  <member type="way" ref="717519823" role=""/>
  <member type="way" ref="717519818" role=""/>
  <member type="way" ref="717519815" role=""/>
  <member type="way" ref="717519812" role=""/>
  <member type="way" ref="717519811" role=""/>
  <member type="way" ref="717519803" role=""/>
  <member type="way" ref="717519802" role=""/>
  <member type="way" ref="717519801" role=""/>
  <member type="way" ref="717519800" role=""/>
  <member type="way" ref="717519791" role=""/>
  <member type="way" ref="717497460" role=""/>
  <member type="way" ref="717497459" role=""/>
  <member type="way" ref="1446220800" role=""/>
  <member type="way" ref="632186506" role=""/>
  <member type="way" ref="632186503" role=""/>
  <member type="way" ref="632186504" role=""/>
  <member type="way" ref="632186514" role=""/>
  <member type="way" ref="632186501" role=""/>
  <member type="way" ref="632186512" role=""/>
  <member type="way" ref="633664965" role=""/>
  <member type="way" ref="1224436334" role=""/>
  <member type="way" ref="1224436330" role=""/>
  <member type="way" ref="427218869" role=""/>
  <member type="way" ref="482375198" role=""/>
  <member type="way" ref="770833339" role=""/>
  <member type="way" ref="770833340" role=""/>
  <member type="way" ref="895045160" role=""/>
  <member type="way" ref="895045161" role=""/>
  <member type="way" ref="895045162" role=""/>
  <member type="way" ref="895045163" role=""/>
  <member type="way" ref="895045164" role=""/>
  <member type="way" ref="895045165" role=""/>
  <member type="way" ref="895045166" role=""/>
  <member type="way" ref="717096041" role=""/>
  <member type="way" ref="717096037" role=""/>
  <member type="way" ref="717096023" role=""/>
  <member type="way" ref="717096021" role=""/>
  <member type="way" ref="717050937" role=""/>
  <member type="way" ref="672490285" role=""/>
  <member type="way" ref="717050941" role=""/>
  <member type="way" ref="213992721" role=""/>
  <member type="way" ref="213992719" role=""/>
  <member type="way" ref="160605585" role=""/>
  <member type="way" ref="160605588" role=""/>
  <member type="way" ref="656408181" role=""/>
  <member type="way" ref="656408182" role=""/>
  <member type="way" ref="717122141" role=""/>
  <member type="way" ref="717122142" role=""/>
  <member type="way" ref="633664960" role=""/>
  <member type="way" ref="1281158296" role=""/>
  <member type="way" ref="303615121" role=""/>
  <member type="way" ref="1281158263" role=""/>
  <member type="way" ref="1281158250" role=""/>
  <member type="way" ref="1281158297" role=""/>
  <member type="way" ref="1281158252" role=""/>
  <member type="way" ref="343474513" role=""/>
  <member type="way" ref="694357202" role=""/>
  <member type="way" ref="694357199" role=""/>
  <member type="way" ref="1280614518" role=""/>
  <member type="way" ref="1280614519" role=""/>
  <member type="way" ref="699786577" role=""/>
  <member type="way" ref="469775422" role=""/>
  <member type="way" ref="48673527" role=""/>
  <member type="way" ref="699706390" role=""/>
  <member type="way" ref="1282340728" role=""/>
  <member type="way" ref="1147846801" role=""/>
  <member type="way" ref="626404265" role=""/>
  <member type="way" ref="966026253" role=""/>
  <member type="way" ref="944457689" role=""/>
  <member type="way" ref="537517182" role=""/>
  <member type="way" ref="537517193" role=""/>
  <member type="way" ref="537517194" role=""/>
  <member type="way" ref="537517211" role=""/>
  <member type="way" ref="1010526554" role=""/>
  <member type="way" ref="1414833314" role=""/>
  <member type="way" ref="537517207" role=""/>
  <member type="way" ref="1262081168" role=""/>
  <member type="way" ref="537517213" role=""/>
  <member type="way" ref="537517232" role=""/>
  <member type="way" ref="537517230" role=""/>
  <member type="way" ref="243285306" role=""/>
  <member type="way" ref="537517220" role=""/>
  <member type="way" ref="537517223" role=""/>
  <member type="way" ref="537517222" role=""/>
  <member type="way" ref="537517226" role=""/>
  <member type="way" ref="894890071" role=""/>
  <member type="way" ref="894890070" role=""/>
  <member type="way" ref="894894732" role=""/>
  <member type="way" ref="908659291" role=""/>
  <member type="way" ref="894890068" role=""/>
  <member type="way" ref="894890067" role=""/>
  <member type="way" ref="52577769" role=""/>
  <member type="way" ref="894894733" role=""/>
  <member type="way" ref="196896055" role=""/>
  <member type="way" ref="196896053" role=""/>
  <member type="way" ref="147532606" role=""/>
  <member type="way" ref="196896056" role=""/>
  <member type="way" ref="1382927449" role=""/>
  <member type="way" ref="196896052" role=""/>
  <member type="way" ref="196896054" role=""/>
  <member type="way" ref="626404262" role=""/>
  <member type="way" ref="717550075" role=""/>
  <member type="way" ref="626404269" role=""/>
  <member type="way" ref="626404267" role=""/>
  <member type="way" ref="626404266" role=""/>
  <member type="way" ref="213716651" role=""/>
  <member type="way" ref="626405687" role=""/>
  <member type="way" ref="626405686" role=""/>
  <member type="way" ref="88310267" role=""/>
  <member type="way" ref="88310284" role=""/>
  <member type="way" ref="717527544" role=""/>
  <member type="way" ref="88310282" role=""/>
  <member type="way" ref="88310273" role=""/>
  <member type="way" ref="88310268" role=""/>
  <member type="way" ref="88310283" role=""/>
  <member type="way" ref="88310286" role=""/>
  <member type="way" ref="88310285" role=""/>
  <member type="way" ref="89366102" role=""/>
  <member type="way" ref="89366126" role=""/>
  <member type="way" ref="89366101" role=""/>
  <member type="way" ref="89366128" role=""/>
  <member type="way" ref="89366116" role=""/>
  <member type="way" ref="89366111" role=""/>
  <member type="way" ref="89366119" role=""/>
  <member type="way" ref="89366124" role=""/>
  <member type="way" ref="52656432" role=""/>
  <member type="way" ref="89366117" role=""/>
  <member type="way" ref="1446220799" role=""/>
  <member type="way" ref="213983561" role=""/>
  <member type="way" ref="213987211" role=""/>
  <member type="way" ref="213987212" role=""/>
  <member type="way" ref="89366115" role=""/>
  <member type="way" ref="632186516" role=""/>
  <member type="way" ref="632186513" role=""/>
  <member type="way" ref="89366108" role=""/>
  <member type="way" ref="717122143" role=""/>
  <member type="way" ref="52656431" role=""/>
  <member type="way" ref="213990071" role=""/>
  <member type="way" ref="213990070" role=""/>
  <member type="way" ref="895045168" role=""/>
  <member type="way" ref="895045169" role=""/>
  <member type="way" ref="966248851" role=""/>
  <member type="way" ref="639537860" role=""/>
  <member type="way" ref="715436576" role=""/>
  <member type="way" ref="715436578" role=""/>
  <member type="way" ref="715436579" role=""/>
  <member type="way" ref="715436590" role=""/>
  <member type="way" ref="1161369644" role=""/>
  <member type="way" ref="717049371" role=""/>
  <member type="way" ref="717049373" role=""/>
  <member type="way" ref="716723640" role=""/>
  <member type="way" ref="126575313" role=""/>
  <member type="way" ref="126575309" role=""/>
  <member type="way" ref="126575311" role=""/>
  <member type="way" ref="52646221" role=""/>
  <member type="way" ref="52646220" role=""/>
  <member type="way" ref="709675014" role=""/>
  <member type="way" ref="709675015" role=""/>
  <member type="way" ref="709677605" role=""/>
  <member type="way" ref="709677607" role=""/>
  <member type="way" ref="829082506" role=""/>
  <member type="way" ref="833832604" role=""/>
  <member type="way" ref="709915138" role=""/>
  <member type="way" ref="52646223" role=""/>
  <member type="way" ref="710054357" role=""/>
  <member type="way" ref="475501675" role=""/>
  <member type="way" ref="475501674" role=""/>
  <member type="way" ref="148286466" role=""/>
  <member type="way" ref="148286464" role=""/>
  <member type="way" ref="709926532" role=""/>
  <member type="way" ref="1097682340" role=""/>
  <member type="way" ref="1097682341" role=""/>
  <member type="way" ref="1350830274" role=""/>
  <member type="way" ref="1097989051" role=""/>
  <member type="way" ref="828344966" role=""/>
  <member type="way" ref="1306079031" role=""/>
  <member type="way" ref="1306079030" role=""/>
  <member type="way" ref="828347237" role=""/>
  <member type="way" ref="833497168" role=""/>
  <member type="way" ref="1350830273" role=""/>
  <member type="way" ref="1097682339" role=""/>
  <member type="way" ref="1097682338" role=""/>
  <member type="way" ref="633510481" role=""/>
  <member type="way" ref="126609318" role=""/>
  <member type="way" ref="1097992581" role=""/>
  <member type="way" ref="1098275394" role=""/>
  <member type="way" ref="1098275393" role=""/>
  <member type="way" ref="234070521" role=""/>
  <member type="way" ref="828037888" role=""/>
  <member type="way" ref="828037889" role=""/>
  <member type="way" ref="715436595" role=""/>
  <member type="way" ref="715436593" role=""/>
  <member type="way" ref="584775718" role=""/>
  <member type="way" ref="584775723" role=""/>
  <member type="way" ref="715661581" role=""/>
  <member type="way" ref="1274171153" role=""/>
  <member type="way" ref="1279915913" role=""/>
  <member type="way" ref="52649665" role=""/>
  <member type="way" ref="1282093031" role=""/>
  <member type="way" ref="656632915" role=""/>
  <member type="way" ref="52649682" role=""/>
  <member type="way" ref="1279915912" role=""/>
  <member type="way" ref="52649680" role=""/>
  <member type="way" ref="699706389" role=""/>
  <member type="way" ref="1281158251" role=""/>
  <member type="way" ref="214138443" role=""/>
  <member type="way" ref="1274171152" role=""/>
  <member type="way" ref="214138445" role=""/>
  <member type="way" ref="214190321" role=""/>
  <member type="way" ref="428995015" role=""/>
  <member type="way" ref="428995014" role=""/>
  <member type="way" ref="214190320" role=""/>
  <member type="way" ref="713405938" role=""/>
  <member type="way" ref="713404915" role=""/>
  <member type="way" ref="713404905" role=""/>
  <member type="way" ref="713404904" role=""/>
  <member type="way" ref="713404903" role=""/>
  <member type="way" ref="907969503" role=""/>
  <member type="way" ref="907969504" role=""/>
  <member type="way" ref="713393259" role=""/>
  <member type="way" ref="713393258" role=""/>
  <member type="way" ref="713384198" role=""/>
  <member type="way" ref="1420311338" role=""/>
  <member type="way" ref="713384197" role=""/>
  <member type="way" ref="713384194" role=""/>
  <member type="way" ref="1308382607" role=""/>
  <member type="way" ref="1190302267" role=""/>
  <member type="way" ref="521222120" role=""/>
  <member type="way" ref="424764650" role=""/>
  <member type="way" ref="1308382615" role=""/>
  <member type="way" ref="713318828" role=""/>
  <member type="way" ref="713014816" role=""/>
  <member type="way" ref="921576177" role=""/>
  <member type="way" ref="713013380" role=""/>
  <member type="way" ref="714360174" role=""/>
  <member type="way" ref="714381329" role=""/>
  <member type="way" ref="214238680" role=""/>
  <member type="way" ref="214238681" role=""/>
  <member type="way" ref="714385232" role=""/>
  <member type="way" ref="714385235" role=""/>
  <member type="way" ref="714385251" role=""/>
  <member type="way" ref="714385254" role=""/>
  <member type="way" ref="714385259" role=""/>
  <member type="way" ref="714385258" role=""/>
  <member type="way" ref="52649566" role=""/>
  <member type="way" ref="52649686" role=""/>
  <member type="way" ref="479723827" role=""/>
  <member type="way" ref="714388060" role=""/>
  <member type="way" ref="715351965" role=""/>
  <member type="way" ref="813567462" role=""/>
  <member type="way" ref="813567463" role=""/>
  <member type="way" ref="715351968" role=""/>
  <member type="way" ref="1282093034" role=""/>
  <member type="way" ref="813567448" role=""/>
  <member type="way" ref="813567440" role=""/>
  <member type="way" ref="813567441" role=""/>
  <member type="way" ref="813563174" role=""/>
  <member type="way" ref="813563175" role=""/>
  <member type="way" ref="813563161" role=""/>
  <member type="way" ref="813563162" role=""/>
  <member type="way" ref="813563163" role=""/>
  <member type="way" ref="813415680" role=""/>
  <member type="way" ref="813415681" role=""/>
  <member type="way" ref="813412532" role=""/>
  <member type="way" ref="813412533" role=""/>
  <member type="way" ref="813412523" role=""/>
  <member type="way" ref="813412524" role=""/>
  <member type="way" ref="813406679" role=""/>
  <member type="way" ref="813406680" role=""/>
  <member type="way" ref="813406667" role=""/>
  <member type="way" ref="813406669" role=""/>
  <member type="way" ref="813402316" role=""/>
  <member type="way" ref="813402317" role=""/>
  <member type="way" ref="813402309" role=""/>
  <member type="way" ref="813584492" role=""/>
  <member type="way" ref="1448114700" role=""/>
  <member type="way" ref="1448114699" role=""/>
  <member type="way" ref="813587301" role=""/>
  <member type="way" ref="1130861075" role=""/>
  <member type="way" ref="1104090626" role=""/>
  <member type="way" ref="813587304" role=""/>
  <member type="way" ref="420054264" role=""/>
  <member type="way" ref="813591001" role=""/>
  <member type="way" ref="1104090624" role=""/>
  <member type="way" ref="715359082" role=""/>
  <member type="way" ref="715380247" role=""/>
  <member type="way" ref="715380258" role=""/>
  <member type="way" ref="715421631" role=""/>
  <member type="way" ref="429517851" role=""/>
  <member type="way" ref="813591005" role=""/>
  <member type="way" ref="715421639" role=""/>
  <member type="way" ref="429517037" role=""/>
  <member type="way" ref="214220352" role=""/>
  <member type="way" ref="715359084" role=""/>
  <member type="way" ref="1104090623" role=""/>
  <member type="way" ref="715359062" role=""/>
  <member type="way" ref="1282093032" role=""/>
  <member type="way" ref="813587305" role=""/>
  <member type="way" ref="813587306" role=""/>
  <member type="way" ref="1282093033" role=""/>
  <member type="way" ref="1104090625" role=""/>
  <member type="way" ref="813587300" role=""/>
  <member type="way" ref="1448114701" role=""/>
  <member type="way" ref="1448114702" role=""/>
  <member type="way" ref="321071013" role=""/>
  <member type="way" ref="813402305" role=""/>
  <member type="way" ref="214230184" role=""/>
  <member type="way" ref="214230187" role=""/>
  <member type="way" ref="214231991" role=""/>
  <member type="way" ref="214231993" role=""/>
  <member type="way" ref="214232719" role=""/>
  <member type="way" ref="214232722" role=""/>
  <member type="way" ref="214233842" role=""/>
  <member type="way" ref="214233840" role=""/>
  <member type="way" ref="214234505" role=""/>
  <member type="way" ref="214234504" role=""/>
  <member type="way" ref="214236433" role=""/>
  <member type="way" ref="214236432" role=""/>
  <member type="way" ref="813415694" role=""/>
  <member type="way" ref="479723822" role=""/>
  <member type="way" ref="479723824" role=""/>
  <member type="way" ref="479723825" role=""/>
  <member type="way" ref="479723826" role=""/>
  <member type="way" ref="479723823" role=""/>
  <member type="way" ref="479723828" role=""/>
  <member type="way" ref="1387120871" role=""/>
  <member type="way" ref="214220351" role=""/>
  <member type="way" ref="214220636" role=""/>
  <member type="way" ref="214219629" role=""/>
  <member type="way" ref="214219628" role=""/>
  <member type="way" ref="715421642" role=""/>
  <member type="way" ref="1161369654" role=""/>
  <member type="way" ref="835926000" role=""/>
  <member type="way" ref="835925999" role=""/>
  <member type="way" ref="1099342863" role=""/>
  <member type="way" ref="1099342859" role=""/>
  <member type="way" ref="1099342860" role=""/>
  <member type="way" ref="1099342861" role=""/>
  <member type="way" ref="1099342862" role=""/>
  <member type="way" ref="630782164" role=""/>
  <member type="way" ref="630756354" role=""/>
  <member type="way" ref="477675491" role=""/>
  <member type="way" ref="1444755626" role=""/>
  <member type="way" ref="1444755627" role=""/>
  <member type="way" ref="477675876" role=""/>
  <member type="way" ref="477674428" role=""/>
  <member type="way" ref="477674436" role=""/>
  <member type="way" ref="477674430" role=""/>
  <member type="way" ref="1417986265" role=""/>
  <member type="way" ref="1417986264" role=""/>
  <member type="way" ref="711007636" role=""/>
  <member type="way" ref="711008403" role=""/>
  <member type="way" ref="1467191866" role=""/>
  <member type="way" ref="1417986363" role=""/>
  <member type="way" ref="1417986361" role=""/>
  <member type="way" ref="1417986362" role=""/>
  <member type="way" ref="1417986360" role=""/>
  <member type="way" ref="771775775" role=""/>
  <member type="way" ref="711029917" role=""/>
  <member type="way" ref="711029921" role=""/>
  <member type="way" ref="711031290" role=""/>
  <member type="way" ref="1481704479" role=""/>
  <member type="way" ref="711031293" role=""/>
  <member type="way" ref="711033952" role=""/>
  <member type="way" ref="711035768" role=""/>
  <member type="way" ref="711035769" role=""/>
  <member type="way" ref="711039313" role=""/>
  <member type="way" ref="711039316" role=""/>
  <member type="way" ref="711042938" role=""/>
  <member type="way" ref="711042940" role=""/>
  <member type="way" ref="711042943" role=""/>
  <member type="way" ref="711044546" role=""/>
  <member type="way" ref="711044551" role=""/>
  <member type="way" ref="406609797" role=""/>
  <member type="way" ref="406608037" role=""/>
  <member type="way" ref="1217226095" role=""/>
  <member type="way" ref="1190200944" role=""/>
  <member type="way" ref="711045614" role=""/>
  <member type="way" ref="711045615" role=""/>
  <member type="way" ref="584460782" role=""/>
  <member type="way" ref="584460780" role=""/>
  <member type="way" ref="584460787" role=""/>
  <member type="way" ref="584460785" role=""/>
  <member type="way" ref="406608040" role=""/>
  <member type="way" ref="406608038" role=""/>
  <member type="way" ref="1097274886" role=""/>
  <member type="way" ref="1097274885" role=""/>
  <member type="way" ref="1097274888" role=""/>
  <member type="way" ref="1097274882" role=""/>
  <member type="way" ref="1097274884" role=""/>
  <member type="way" ref="1097274883" role=""/>
  <member type="way" ref="1097274889" role=""/>
  <member type="way" ref="1097274891" role=""/>
  <member type="way" ref="1227754838" role=""/>
  <member type="way" ref="776933190" role=""/>
  <member type="way" ref="1227754839" role=""/>
  <member type="way" ref="1104336066" role=""/>
  <member type="way" ref="1104336068" role=""/>
  <member type="way" ref="1190290458" role=""/>
  <member type="way" ref="830629078" role=""/>
  <member type="way" ref="1227754841" role=""/>
  <member type="way" ref="1104336070" role=""/>
  <member type="way" ref="705594018" role=""/>
  <member type="way" ref="705594006" role=""/>
  <member type="way" ref="705594014" role=""/>
  <member type="way" ref="844877535" role=""/>
  <member type="way" ref="844877534" role=""/>
  <member type="way" ref="705594012" role=""/>
  <member type="way" ref="705594010" role=""/>
  <member type="way" ref="705594009" role=""/>
  <member type="way" ref="705594008" role=""/>
  <member type="way" ref="705594007" role=""/>
  <member type="way" ref="1110436454" role=""/>
  <member type="way" ref="1110436453" role=""/>
  <member type="way" ref="718329831" role=""/>
  <member type="way" ref="718329820" role=""/>
  <member type="way" ref="718329829" role=""/>
  <member type="way" ref="718329821" role=""/>
  <member type="way" ref="1104336067" role=""/>
  <member type="way" ref="1189835285" role=""/>
  <member type="way" ref="1189835284" role=""/>
  <member type="way" ref="218020187" role=""/>
  <member type="way" ref="771861669" role=""/>
  <member type="way" ref="718329832" role=""/>
  <member type="way" ref="718329822" role=""/>
  <member type="way" ref="638994120" role=""/>
  <member type="way" ref="885788729" role=""/>
  <member type="way" ref="885788730" role=""/>
  <member type="way" ref="638994119" role=""/>
  <member type="way" ref="39964829" role=""/>
  <member type="way" ref="638933129" role=""/>
  <member type="way" ref="638933130" role=""/>
  <member type="way" ref="966248852" role=""/>
  <member type="way" ref="1010385983" role=""/>
  <member type="way" ref="1184579311" role=""/>
  <member type="way" ref="695780494" role=""/>
  <member type="way" ref="1160204659" role=""/>
  <member type="way" ref="478666917" role=""/>
  <member type="way" ref="733251028" role=""/>
  <member type="way" ref="1118833332" role=""/>
  <member type="way" ref="1118833336" role=""/>
  <member type="way" ref="478648008" role=""/>
  <member type="way" ref="478648005" role=""/>
  <member type="way" ref="733251032" role=""/>
  <member type="way" ref="733251033" role=""/>
  <member type="way" ref="1320021793" role=""/>
  <member type="way" ref="156084425" role=""/>
  <member type="way" ref="156084428" role=""/>
  <member type="way" ref="156084453" role=""/>
  <member type="way" ref="156084441" role=""/>
  <member type="way" ref="537517261" role=""/>
  <member type="way" ref="1308382613" role=""/>
  <member type="way" ref="584406171" role=""/>
  <member type="way" ref="713013378" role=""/>
  <member type="way" ref="921576175" role=""/>
  <member type="way" ref="584406168" role=""/>
  <member type="way" ref="213716649" role=""/>
  <member type="way" ref="213720997" role=""/>
  <member type="way" ref="213721000" role=""/>
  <member type="way" ref="493391665" role=""/>
  <member type="way" ref="493391666" role=""/>
  <member type="way" ref="148723756" role=""/>
  <member type="way" ref="148723818" role=""/>
  <member type="way" ref="1356608285" role=""/>
  <member type="way" ref="1083993046" role=""/>
  <member type="way" ref="126786887" role=""/>
  <member type="way" ref="126786886" role=""/>
  <member type="way" ref="251373402" role=""/>
  <member type="way" ref="251373403" role=""/>
  <member type="way" ref="1095912578" role=""/>
  <member type="way" ref="126787134" role=""/>
  <member type="way" ref="1083993097" role=""/>
  <member type="way" ref="1095912579" role=""/>
  <member type="way" ref="1190527820" role=""/>
  <member type="way" ref="1075708775" role=""/>
  <member type="way" ref="816244174" role=""/>
  <member type="way" ref="243040053" role=""/>
  <member type="way" ref="1105412212" role=""/>
  <member type="way" ref="1105412211" role=""/>
  <member type="way" ref="243040049" role=""/>
  <member type="way" ref="541568059" role=""/>
  <member type="way" ref="1083993080" role=""/>
  <member type="way" ref="541568058" role=""/>
  <member type="way" ref="717870013" role=""/>
  <member type="way" ref="717870012" role=""/>
  <member type="way" ref="318670398" role=""/>
  <member type="way" ref="964873393" role=""/>
  <member type="way" ref="213708267" role=""/>
  <member type="way" ref="656753587" role=""/>
  <member type="way" ref="656744277" role=""/>
  <member type="way" ref="656740783" role=""/>
  <member type="way" ref="656740784" role=""/>
  <member type="way" ref="175045175" role=""/>
  <member type="way" ref="1140848098" role=""/>
  <member type="way" ref="1471514916" role=""/>
  <member type="way" ref="1281556715" role=""/>
  <member type="way" ref="567067669" role=""/>
  <member type="way" ref="567067664" role=""/>
  <member type="way" ref="1160448443" role=""/>
  <member type="way" ref="632173227" role=""/>
  <member type="way" ref="323776339" role=""/>
  <member type="way" ref="711263831" role=""/>
  <member type="way" ref="711263834" role=""/>
  <member type="way" ref="711263828" role=""/>
  <member type="way" ref="1481422987" role=""/>
  <member type="way" ref="1481422986" role=""/>
  <member type="way" ref="1226808496" role=""/>
  <member type="way" ref="52640014" role=""/>
  <member type="way" ref="1147268559" role=""/>
  <member type="way" ref="1417139080" role=""/>
  <member type="way" ref="711236950" role=""/>
  <member type="way" ref="1147286599" role=""/>
  <member type="way" ref="1147286600" role=""/>
  <member type="way" ref="773905546" role=""/>
  <member type="way" ref="481050691" role=""/>
  <member type="way" ref="481050690" role=""/>
  <member type="way" ref="1154170804" role=""/>
  <member type="way" ref="1154170803" role=""/>
  <member type="way" ref="711243198" role=""/>
  <member type="way" ref="1226811781" role=""/>
  <member type="way" ref="1226811785" role=""/>
  <member type="way" ref="773107035" role=""/>
  <member type="way" ref="1040772662" role=""/>
  <member type="way" ref="1040772661" role=""/>
  <member type="way" ref="585720913" role=""/>
  <member type="way" ref="894890061" role=""/>
  <member type="way" ref="1481422983" role=""/>
  <member type="way" ref="894894072" role=""/>
  <member type="way" ref="894894074" role=""/>
  <member type="way" ref="894894073" role=""/>
  <member type="way" ref="894894076" role=""/>
  <member type="way" ref="1228023356" role=""/>
  <member type="way" ref="1228023357" role=""/>
  <member type="way" ref="894894075" role=""/>
  <member type="way" ref="894894078" role=""/>
  <member type="way" ref="1382927454" role=""/>
  <member type="way" ref="894894077" role=""/>
  <member type="way" ref="894894079" role=""/>
  <member type="way" ref="1481422982" role=""/>
  <member type="way" ref="585720914" role=""/>
  <member type="way" ref="585720915" role=""/>
  <member type="way" ref="585720906" role=""/>
  <member type="way" ref="1040772664" role=""/>
  <member type="way" ref="1226811784" role=""/>
  <member type="way" ref="1226811780" role=""/>
  <member type="way" ref="711243197" role=""/>
  <member type="way" ref="711243196" role=""/>
  <member type="way" ref="1154170802" role=""/>
  <member type="way" ref="1154170805" role=""/>
  <member type="way" ref="780451279" role=""/>
  <member type="way" ref="833397811" role=""/>
  <member type="way" ref="833397813" role=""/>
  <member type="way" ref="1147286602" role=""/>
  <member type="way" ref="1147286601" role=""/>
  <member type="way" ref="324237752" role=""/>
  <member type="way" ref="477684681" role=""/>
  <member type="way" ref="709926529" role=""/>
  <member type="way" ref="709926536" role=""/>
  <member type="way" ref="710060654" role=""/>
  <member type="way" ref="710060651" role=""/>
  <member type="way" ref="710054363" role=""/>
  <member type="way" ref="710054355" role=""/>
  <member type="way" ref="710051906" role=""/>
  <member type="way" ref="709903068" role=""/>
  <member type="way" ref="833832606" role=""/>
  <member type="way" ref="709898237" role=""/>
  <member type="way" ref="709677606" role=""/>
  <member type="way" ref="709675018" role=""/>
  <member type="way" ref="709675013" role=""/>
  <member type="way" ref="709673476" role=""/>
  <member type="way" ref="709864090" role=""/>
  <member type="way" ref="709868552" role=""/>
  <member type="way" ref="709868551" role=""/>
  <member type="way" ref="126575314" role=""/>
  <member type="way" ref="828037887" role=""/>
  <member type="way" ref="828037886" role=""/>
  <member type="way" ref="1098275397" role=""/>
  <member type="way" ref="1429551344" role=""/>
  <member type="way" ref="1098275392" role=""/>
  <member type="way" ref="234070522" role=""/>
  <member type="way" ref="633510483" role=""/>
  <member type="way" ref="633510482" role=""/>
  <member type="way" ref="53493740" role=""/>
  <member type="way" ref="1099342864" role=""/>
  <member type="way" ref="905833273" role=""/>
  <member type="way" ref="1387727660" role=""/>
  <member type="way" ref="729048233" role=""/>
  <member type="way" ref="1309570636" role=""/>
  <member type="way" ref="1307181505" role=""/>
  <member type="way" ref="1307181503" role=""/>
  <member type="way" ref="1307181504" role=""/>
  <member type="way" ref="775875487" role=""/>
  <member type="way" ref="973205513" role=""/>
  <member type="way" ref="196556429" role=""/>
  <member type="way" ref="832479107" role=""/>
  <member type="way" ref="832479106" role=""/>
  <member type="way" ref="775875486" role=""/>
  <member type="way" ref="688157120" role=""/>
  <member type="way" ref="306005623" role=""/>
  <member type="way" ref="218020269" role=""/>
  <member type="way" ref="688157113" role=""/>
  <member type="way" ref="688157108" role=""/>
  <member type="way" ref="779495049" role=""/>
  <member type="way" ref="1189835274" role=""/>
  <member type="way" ref="1189835273" role=""/>
  <member type="way" ref="1189835275" role=""/>
  <member type="way" ref="1189835276" role=""/>
  <member type="way" ref="832482813" role=""/>
  <member type="way" ref="832482815" role=""/>
  <member type="way" ref="832484859" role=""/>
  <member type="way" ref="832484858" role=""/>
  <member type="way" ref="832473224" role=""/>
  <member type="way" ref="832473226" role=""/>
  <member type="way" ref="218020268" role=""/>
  <member type="way" ref="1096990174" role=""/>
  <member type="way" ref="1096990172" role=""/>
  <member type="way" ref="688412283" role=""/>
  <member type="way" ref="1307181506" role=""/>
  <member type="way" ref="1119283862" role=""/>
  <member type="way" ref="1134466767" role=""/>
  <member type="way" ref="1160785018" role=""/>
  <member type="way" ref="1119283861" role=""/>
  <member type="way" ref="1387543215" role=""/>
  <member type="way" ref="1387540486" role=""/>
  <member type="way" ref="1387540485" role=""/>
  <member type="way" ref="846271406" role=""/>
  <member type="way" ref="1307690314" role=""/>
  <member type="way" ref="1307690315" role=""/>
  <member type="way" ref="979303964" role=""/>
  <member type="way" ref="846271405" role=""/>
  <member type="way" ref="840807074" role=""/>
  <member type="way" ref="840807073" role=""/>
  <member type="way" ref="218023186" role=""/>
  <member type="way" ref="1297207377" role=""/>
  <member type="way" ref="1297207376" role=""/>
  <member type="way" ref="1351541285" role=""/>
  <member type="way" ref="218023187" role=""/>
  <member type="way" ref="1099344899" role=""/>
  <member type="way" ref="972748186" role=""/>
  <member type="way" ref="218023882" role=""/>
  <member type="way" ref="1226444062" role=""/>
  <member type="way" ref="972748182" role=""/>
  <member type="way" ref="1226444063" role=""/>
  <member type="way" ref="1010228329" role=""/>
  <member type="way" ref="1099344897" role=""/>
  <member type="way" ref="838401072" role=""/>
  <member type="way" ref="1351541286" role=""/>
  <member type="way" ref="1351541283" role=""/>
  <member type="way" ref="218023185" role=""/>
  <member type="way" ref="838022730" role=""/>
  <member type="way" ref="1189835277" role=""/>
  <member type="way" ref="1189835278" role=""/>
  <member type="way" ref="832482814" role=""/>
  <member type="way" ref="832473225" role=""/>
  <member type="way" ref="1160785017" role=""/>
  <member type="way" ref="1160785016" role=""/>
  <member type="way" ref="900308150" role=""/>
  <member type="way" ref="895045167" role=""/>
  <member type="way" ref="974866194" role=""/>
  <member type="way" ref="1226711147" role=""/>
  <member type="way" ref="1226711145" role=""/>
  <member type="way" ref="974866193" role=""/>
  <member type="way" ref="611091594" role=""/>
  <member type="way" ref="1100851710" role=""/>
  <member type="way" ref="1100851711" role=""/>
  <member type="way" ref="1100851709" role=""/>
  <member type="way" ref="1013614416" role=""/>
  <member type="way" ref="970341387" role=""/>
  <member type="way" ref="995982662" role=""/>
  <member type="way" ref="53498029" role=""/>
  <member type="way" ref="993847382" role=""/>
  <member type="way" ref="563863323" role=""/>
  <member type="way" ref="1100618200" role=""/>
  <member type="way" ref="151820480" role=""/>
  <member type="way" ref="1317878364" role=""/>
  <member type="way" ref="1317878365" role=""/>
  <member type="way" ref="976890595" role=""/>
  <member type="way" ref="976890594" role=""/>
  <member type="way" ref="1092334762" role=""/>
  <member type="way" ref="1092334765" role=""/>
  <member type="way" ref="709192608" role=""/>
  <member type="way" ref="1188236939" role=""/>
  <member type="way" ref="566602262" role=""/>
  <member type="way" ref="1159792915" role=""/>
  <member type="way" ref="1159792914" role=""/>
  <member type="way" ref="1279652548" role=""/>
  <member type="way" ref="1021004407" role=""/>
  <member type="way" ref="1314290485" role=""/>
  <member type="way" ref="1489836762" role=""/>
  <member type="way" ref="1022126893" role=""/>
  <member type="way" ref="1022126892" role=""/>
  <member type="way" ref="974384421" role=""/>
  <member type="way" ref="974366902" role=""/>
  <member type="way" ref="1489838296" role=""/>
  <member type="way" ref="972594776" role=""/>
  <member type="way" ref="1192581775" role=""/>
  <member type="way" ref="53496674" role=""/>
  <member type="way" ref="717560271" role=""/>
  <member type="way" ref="717560273" role=""/>
  <member type="way" ref="717560269" role=""/>
  <member type="way" ref="1019699034" role=""/>
  <member type="way" ref="1190290456" role=""/>
  <member type="way" ref="631546765" role=""/>
  <member type="way" ref="1010228324" role=""/>
  <member type="way" ref="1010228325" role=""/>
  <member type="way" ref="972748179" role=""/>
  <member type="way" ref="972748188" role=""/>
  <member type="way" ref="1161979837" role=""/>
  <member type="way" ref="1161979838" role=""/>
  <member type="way" ref="714064295" role=""/>
  <member type="way" ref="1010228323" role=""/>
  <member type="way" ref="565053328" role=""/>
  <member type="way" ref="1190290457" role=""/>
  <member type="way" ref="973228298" role=""/>
  <member type="way" ref="1279562159" role=""/>
  <member type="way" ref="717560270" role=""/>
  <member type="way" ref="1034780029" role=""/>
  <member type="way" ref="1279562160" role=""/>
  <member type="way" ref="565049983" role=""/>
  <member type="way" ref="1281556711" role=""/>
  <member type="way" ref="52656434" role=""/>
  <member type="way" ref="214004185" role=""/>
  <member type="way" ref="1364686241" role=""/>
  <member type="way" ref="214000840" role=""/>
  <member type="way" ref="303148366" role=""/>
  <member type="way" ref="130002722" role=""/>
  <member type="way" ref="303148364" role=""/>
  <member type="way" ref="1115131021" role=""/>
  <member type="way" ref="693411731" role=""/>
  <member type="way" ref="893915962" role=""/>
  <member type="way" ref="675906815" role=""/>
  <member type="way" ref="675906812" role=""/>
  <member type="way" ref="695711933" role=""/>
  <member type="way" ref="695711934" role=""/>
  <member type="way" ref="675906814" role=""/>
  <member type="way" ref="675906813" role=""/>
  <member type="way" ref="675905570" role=""/>
  <member type="way" ref="675905567" role=""/>
  <member type="way" ref="675905114" role=""/>
  <member type="way" ref="675905112" role=""/>
  <member type="way" ref="675905113" role=""/>
  <member type="way" ref="675905111" role=""/>
  <member type="way" ref="303136206" role=""/>
  <member type="way" ref="1364686231" role=""/>
  <member type="way" ref="1364686230" role=""/>
  <member type="way" ref="696280889" role=""/>
  <member type="way" ref="1160165450" role=""/>
  <member type="way" ref="35976671" role=""/>
  <member type="way" ref="732600904" role=""/>
  <member type="way" ref="1364686240" role=""/>
  <member type="way" ref="732600903" role=""/>
  <member type="way" ref="89366121" role=""/>
  <member type="way" ref="89366130" role=""/>
  <member type="way" ref="89366133" role=""/>
  <member type="way" ref="89366125" role=""/>
  <member type="way" ref="1454681889" role=""/>
  <member type="way" ref="1454681888" role=""/>
  <member type="way" ref="1454681903" role=""/>
  <member type="way" ref="1454681902" role=""/>
  <member type="way" ref="303148361" role=""/>
  <member type="way" ref="303615116" role=""/>
  <member type="way" ref="146957705" role=""/>
  <member type="way" ref="146957702" role=""/>
  <member type="way" ref="583747728" role=""/>
  <member type="way" ref="583747727" role=""/>
  <member type="way" ref="697852361" role=""/>
  <member type="way" ref="693561422" role=""/>
  <member type="way" ref="693560850" role=""/>
  <member type="way" ref="693560851" role=""/>
  <member type="way" ref="583747721" role=""/>
  <member type="way" ref="693557234" role=""/>
  <member type="way" ref="160628066" role=""/>
  <member type="way" ref="214074959" role=""/>
  <member type="way" ref="427213695" role=""/>
  <member type="way" ref="427213697" role=""/>
  <member type="way" ref="427213696" role=""/>
  <member type="way" ref="907634262" role=""/>
  <member type="way" ref="1398894796" role=""/>
  <member type="way" ref="907634275" role=""/>
  <member type="way" ref="907634277" role=""/>
  <member type="way" ref="907634278" role=""/>
  <member type="way" ref="907634281" role=""/>
  <member type="way" ref="907634282" role=""/>
  <member type="way" ref="907634286" role=""/>
  <member type="way" ref="907634287" role=""/>
  <member type="way" ref="907634289" role=""/>
  <member type="way" ref="907634290" role=""/>
  <member type="way" ref="907634294" role=""/>
  <member type="way" ref="907634295" role=""/>
  <member type="way" ref="1147550126" role=""/>
  <member type="way" ref="319580706" role=""/>
  <member type="way" ref="1147550131" role=""/>
  <member type="way" ref="907634305" role=""/>
  <member type="way" ref="705594016" role=""/>
  <member type="way" ref="1368973197" role=""/>
  <member type="way" ref="705594019" role=""/>
  <member type="way" ref="714388058" role=""/>
  <member type="way" ref="715351961" role=""/>
  <member type="way" ref="813567464" role=""/>
  <member type="way" ref="813567465" role=""/>
  <member type="way" ref="715351967" role=""/>
  <member type="way" ref="52579607" role=""/>
  <member type="way" ref="630782167" role=""/>
  <member type="way" ref="720460868" role=""/>
  <member type="way" ref="886512475" role=""/>
  <member type="way" ref="886512476" role=""/>
  <member type="way" ref="630782161" role=""/>
  <member type="way" ref="895681677" role=""/>
  <member type="way" ref="895681678" role=""/>
  <member type="way" ref="35976487" role=""/>
  <member type="way" ref="638986337" role=""/>
  <member type="way" ref="638986338" role=""/>
  <member type="way" ref="638976512" role=""/>
  <member type="way" ref="478549252" role=""/>
  <member type="way" ref="478549249" role=""/>
  <member type="way" ref="638976511" role=""/>
  <member type="way" ref="638975648" role=""/>
  <member type="way" ref="478549251" role=""/>
  <member type="way" ref="1147794905" role=""/>
  <member type="way" ref="1147794907" role=""/>
  <member type="way" ref="1305889917" role=""/>
  <member type="way" ref="1484489677" role=""/>
  <member type="way" ref="1484489676" role=""/>
  <member type="way" ref="1381219762" role=""/>
  <member type="way" ref="478549248" role=""/>
  <member type="way" ref="478549250" role=""/>
  <member type="way" ref="478549253" role=""/>
  <member type="way" ref="907241985" role=""/>
  <member type="way" ref="714360176" role=""/>
  <member type="way" ref="214238683" role=""/>
  <member type="way" ref="214238687" role=""/>
  <member type="way" ref="214238686" role=""/>
  <member type="way" ref="214238678" role=""/>
  <member type="way" ref="714385234" role=""/>
  <member type="way" ref="714385250" role=""/>
  <member type="way" ref="714385255" role=""/>
  <member type="way" ref="713642461" role=""/>
  <member type="way" ref="1468577886" role=""/>
  <member type="way" ref="907969501" role=""/>
  <member type="way" ref="713632357" role=""/>
  <member type="way" ref="713632356" role=""/>
  <member type="way" ref="713632355" role=""/>
  <member type="way" ref="909513602" role=""/>
  <member type="way" ref="1468577884" role=""/>
  <member type="way" ref="1190302266" role=""/>
  <member type="way" ref="1190302265" role=""/>
  <member type="way" ref="713630882" role=""/>
  <member type="way" ref="713630876" role=""/>
  <member type="way" ref="1468577881" role=""/>
  <member type="way" ref="713630871" role=""/>
  <member type="way" ref="713630872" role=""/>
  <member type="way" ref="1308382608" role=""/>
  <member type="way" ref="713384196" role=""/>
  <member type="way" ref="713384195" role=""/>
  <member type="way" ref="1420311337" role=""/>
  <member type="way" ref="713384200" role=""/>
  <member type="way" ref="713393255" role=""/>
  <member type="way" ref="481151458" role=""/>
  <member type="way" ref="907969502" role=""/>
  <member type="way" ref="713403082" role=""/>
  <member type="way" ref="713404907" role=""/>
  <member type="way" ref="713404908" role=""/>
  <member type="way" ref="713404909" role=""/>
  <member type="way" ref="713404916" role=""/>
  <member type="way" ref="584188212" role=""/>
  <member type="way" ref="584188210" role=""/>
  <member type="way" ref="923630127" role=""/>
  <member type="way" ref="1355328881" role=""/>
  <member type="way" ref="713010755" role=""/>
  <member type="way" ref="584406170" role=""/>
  <member type="way" ref="214520477" role=""/>
  <member type="way" ref="214520475" role=""/>
  <member type="way" ref="1190302270" role=""/>
  <member type="way" ref="155392331" role=""/>
  <member type="way" ref="155392328" role=""/>
  <member type="way" ref="155392333" role=""/>
  <member type="way" ref="155392329" role=""/>
  <member type="way" ref="713002377" role=""/>
  <member type="way" ref="713003421" role=""/>
  <member type="way" ref="713003422" role=""/>
  <member type="way" ref="713004034" role=""/>
  <member type="way" ref="713004035" role=""/>
  <member type="way" ref="713006249" role=""/>
  <member type="way" ref="1190302268" role=""/>
  <member type="way" ref="713006250" role=""/>
  <member type="way" ref="713010754" role=""/>
  <member type="way" ref="713010756" role=""/>
  <member type="way" ref="584406169" role=""/>
  <member type="way" ref="111625648" role=""/>
  <member type="way" ref="111625647" role=""/>
  <member type="way" ref="1468577880" role=""/>
  <member type="way" ref="713630877" role=""/>
  <member type="way" ref="52649653" role=""/>
  <member type="way" ref="1190302263" role=""/>
  <member type="way" ref="1190302264" role=""/>
  <member type="way" ref="1468577882" role=""/>
  <member type="way" ref="909513600" role=""/>
  <member type="way" ref="111625650" role=""/>
  <member type="way" ref="111625649" role=""/>
  <member type="way" ref="907969499" role=""/>
  <member type="way" ref="1361349849" role=""/>
  <member type="way" ref="713632358" role=""/>
  <member type="way" ref="1468577885" role=""/>
  <member type="way" ref="52649655" role=""/>
  <member type="way" ref="713642475" role=""/>
  <member type="way" ref="1468577888" role=""/>
  <member type="way" ref="1481140122" role=""/>
  <member type="way" ref="141715212" role=""/>
  <member type="way" ref="261854066" role=""/>
  <member type="way" ref="477672939" role=""/>
  <member type="way" ref="711005955" role=""/>
  <member type="way" ref="711005956" role=""/>
  <member type="way" ref="477674427" role=""/>
  <member type="way" ref="1417986268" role=""/>
  <member type="way" ref="1417986267" role=""/>
  <member type="way" ref="1417986269" role=""/>
  <member type="way" ref="1417986266" role=""/>
  <member type="way" ref="261759449" role=""/>
  <member type="way" ref="711028656" role=""/>
  <member type="way" ref="1467191865" role=""/>
  <member type="way" ref="1417986364" role=""/>
  <member type="way" ref="1417986359" role=""/>
  <member type="way" ref="1417986365" role=""/>
  <member type="way" ref="1417986358" role=""/>
  <member type="way" ref="771775774" role=""/>
  <member type="way" ref="711028658" role=""/>
  <member type="way" ref="711029923" role=""/>
  <member type="way" ref="711029922" role=""/>
  <member type="way" ref="1481704478" role=""/>
  <member type="way" ref="481202807" role=""/>
  <member type="way" ref="481202804" role=""/>
  <member type="way" ref="481202802" role=""/>
  <member type="way" ref="481202803" role=""/>
  <member type="way" ref="481202801" role=""/>
  <member type="way" ref="481202805" role=""/>
  <member type="way" ref="481202808" role=""/>
  <member type="way" ref="481202806" role=""/>
  <member type="way" ref="711044544" role=""/>
  <member type="way" ref="711044545" role=""/>
  <member type="way" ref="406609846" role=""/>
  <member type="way" ref="406608035" role=""/>
  <member type="way" ref="711045612" role=""/>
  <member type="way" ref="1190200943" role=""/>
  <member type="way" ref="711045616" role=""/>
  <member type="way" ref="584460781" role=""/>
  <member type="way" ref="584460779" role=""/>
  <member type="way" ref="584460783" role=""/>
  <member type="way" ref="584460784" role=""/>
  <member type="way" ref="323782507" role=""/>
  <member type="way" ref="323782508" role=""/>
  <member type="way" ref="53629363" role=""/>
  <member type="way" ref="1145005349" role=""/>
  <member type="way" ref="477679002" role=""/>
  <member type="way" ref="477678997" role=""/>
  <member type="way" ref="477678983" role=""/>
  <member type="way" ref="477678993" role=""/>
  <member type="way" ref="477679612" role=""/>
  <member type="way" ref="710621477" role=""/>
  <member type="way" ref="710621476" role=""/>
  <member type="way" ref="774525403" role=""/>
  <member type="way" ref="710621474" role=""/>
  <member type="way" ref="477682440" role=""/>
  <member type="way" ref="710612234" role=""/>
  <member type="way" ref="905692698" role=""/>
  <member type="way" ref="905692699" role=""/>
  <member type="way" ref="905692700" role=""/>
  <member type="way" ref="1447355417" role=""/>
  <member type="way" ref="1447355418" role=""/>
  <member type="way" ref="833410045" role=""/>
  <member type="way" ref="833410044" role=""/>
  <member type="way" ref="834105101" role=""/>
  <member type="way" ref="905692716" role=""/>
  <member type="way" ref="710607604" role=""/>
  <member type="way" ref="710607596" role=""/>
  <member type="way" ref="710607589" role=""/>
  <member type="way" ref="1190205811" role=""/>
  <member type="way" ref="830549124" role=""/>
  <member type="way" ref="830549121" role=""/>
  <member type="way" ref="830549120" role=""/>
  <member type="way" ref="710479341" role=""/>
  <member type="way" ref="710478786" role=""/>
  <member type="way" ref="710476556" role=""/>
  <member type="way" ref="53629571" role=""/>
  <member type="way" ref="52511530" role=""/>
  <member type="way" ref="52511531" role=""/>
  <member type="way" ref="150294680" role=""/>
  <member type="way" ref="150294679" role=""/>
  <member type="way" ref="261854068" role=""/>
  <member type="way" ref="774525405" role=""/>
  <member type="way" ref="774525404" role=""/>
  <member type="way" ref="261854064" role=""/>
  <member type="way" ref="261746158" role=""/>
  <member type="way" ref="261746157" role=""/>
  <member type="way" ref="864505621" role=""/>
  <member type="way" ref="864505622" role=""/>
  <member type="way" ref="864505629" role=""/>
  <member type="way" ref="1447355419" role=""/>
  <member type="way" ref="1447355420" role=""/>
  <member type="way" ref="905692705" role=""/>
  <member type="way" ref="905692708" role=""/>
  <member type="way" ref="732661586" role=""/>
  <member type="way" ref="905692714" role=""/>
  <member type="way" ref="710607603" role=""/>
  <member type="way" ref="710607593" role=""/>
  <member type="way" ref="710607594" role=""/>
  <member type="way" ref="1190205810" role=""/>
  <member type="way" ref="830549125" role=""/>
  <member type="way" ref="830549123" role=""/>
  <member type="way" ref="830549122" role=""/>
  <member type="way" ref="830549127" role=""/>
  <member type="way" ref="829652814" role=""/>
  <member type="way" ref="243472719" role=""/>
  <member type="way" ref="895042105" role=""/>
  <member type="way" ref="720460737" role=""/>
  <member type="way" ref="720460740" role=""/>
  <member type="way" ref="1091855120" role=""/>
  <member type="way" ref="1091855131" role=""/>
  <member type="way" ref="1091855132" role=""/>
  <member type="way" ref="1091855133" role=""/>
  <member type="way" ref="61979783" role=""/>
  <member type="way" ref="61979770" role=""/>
  <member type="way" ref="213394433" role=""/>
  <member type="way" ref="213394434" role=""/>
  <member type="way" ref="1056381297" role=""/>
  <member type="way" ref="720460744" role=""/>
  <member type="way" ref="720460735" role=""/>
  <member type="way" ref="1056381298" role=""/>
  <member type="way" ref="883438198" role=""/>
  <member type="way" ref="883438199" role=""/>
  <member type="way" ref="630782172" role=""/>
  <member type="way" ref="998771156" role=""/>
  <member type="way" ref="998771155" role=""/>
  <member type="way" ref="998771154" role=""/>
  <member type="way" ref="998771153" role=""/>
  <member type="way" ref="998771152" role=""/>
  <member type="way" ref="998771151" role=""/>
  <member type="way" ref="1364274755" role=""/>
  <member type="way" ref="972549258" role=""/>
  <member type="way" ref="983612188" role=""/>
  <member type="way" ref="1355316074" role=""/>
  <member type="way" ref="883438200" role=""/>
  <member type="way" ref="630791052" role=""/>
  <member type="way" ref="638988222" role=""/>
  <member type="way" ref="1355316078" role=""/>
  <member type="way" ref="720460745" role=""/>
  <member type="way" ref="631278387" role=""/>
  <member type="way" ref="139849571" role=""/>
  <member type="way" ref="52672834" role=""/>
  <member type="way" ref="1236323251" role=""/>
  <member type="way" ref="1236323252" role=""/>
  <member type="way" ref="720460730" role=""/>
  <member type="way" ref="720460725" role=""/>
  <member type="way" ref="631278386" role=""/>
  <member type="way" ref="1463636639" role=""/>
  <member type="way" ref="1463636641" role=""/>
  <member type="way" ref="1463636640" role=""/>
  <member type="way" ref="1236323249" role=""/>
  <member type="way" ref="1463636636" role=""/>
  <member type="way" ref="1463636637" role=""/>
  <member type="way" ref="1463636638" role=""/>
  <member type="way" ref="985409800" role=""/>
  <member type="way" ref="985409799" role=""/>
  <member type="way" ref="61973136" role=""/>
  <member type="way" ref="52672835" role=""/>
  <member type="way" ref="1350851828" role=""/>
  <member type="way" ref="888690740" role=""/>
  <member type="way" ref="888690739" role=""/>
  <member type="way" ref="720460690" role=""/>
  <member type="way" ref="720460689" role=""/>
  <member type="way" ref="720460671" role=""/>
  <member type="way" ref="720460703" role=""/>
  <member type="way" ref="1351628472" role=""/>
  <member type="way" ref="1351628474" role=""/>
  <member type="way" ref="720460702" role=""/>
  <member type="way" ref="720460701" role=""/>
  <member type="way" ref="1079064068" role=""/>
  <member type="way" ref="1079064070" role=""/>
  <member type="way" ref="720460700" role=""/>
  <member type="way" ref="1353710063" role=""/>
  <member type="way" ref="61979773" role=""/>
  <member type="way" ref="61979760" role=""/>
  <member type="way" ref="1350745438" role=""/>
  <member type="way" ref="52672828" role=""/>
  <member type="way" ref="888727238" role=""/>
  <member type="way" ref="888727237" role=""/>
  <member type="way" ref="1350745425" role=""/>
  <member type="way" ref="1183852175" role=""/>
  <member type="way" ref="61979794" role=""/>
  <member type="way" ref="1350745423" role=""/>
  <member type="way" ref="749598080" role=""/>
  <member type="way" ref="1123587346" role=""/>
  <member type="way" ref="1351769454" role=""/>
  <member type="way" ref="907381656" role=""/>
  <member type="way" ref="1350745437" role=""/>
  <member type="way" ref="907381657" role=""/>
  <member type="way" ref="907381663" role=""/>
  <member type="way" ref="907381664" role=""/>
  <member type="way" ref="1350745426" role=""/>
  <member type="way" ref="1183852176" role=""/>
  <member type="way" ref="907381670" role=""/>
  <member type="way" ref="985409802" role=""/>
  <member type="way" ref="985409801" role=""/>
  <member type="way" ref="720460693" role=""/>
  <member type="way" ref="720460694" role=""/>
  <member type="way" ref="1350851827" role=""/>
  <member type="way" ref="888690742" role=""/>
  <member type="way" ref="888690741" role=""/>
  <member type="way" ref="720460691" role=""/>
  <member type="way" ref="720460692" role=""/>
  <member type="way" ref="720460670" role=""/>
  <member type="way" ref="720460695" role=""/>
  <member type="way" ref="1351628475" role=""/>
  <member type="way" ref="1351628476" role=""/>
  <member type="way" ref="720460696" role=""/>
  <member type="way" ref="720460697" role=""/>
  <member type="way" ref="1079064069" role=""/>
  <member type="way" ref="720460698" role=""/>
  <member type="way" ref="61979775" role=""/>
  <member type="way" ref="1381212072" role=""/>
  <member type="way" ref="907381651" role=""/>
  <member type="way" ref="712608313" role=""/>
  <member type="way" ref="712608314" role=""/>
  <member type="way" ref="693841942" role=""/>
  <member type="way" ref="693841943" role=""/>
  <member type="way" ref="626103996" role=""/>
  <member type="way" ref="246749766" role=""/>
  <member type="way" ref="246749585" role=""/>
  <member type="way" ref="246749584" role=""/>
  <member type="way" ref="712608317" role=""/>
  <member type="way" ref="186170259" role=""/>
  <member type="way" ref="186170246" role=""/>
  <member type="way" ref="832431997" role=""/>
  <member type="way" ref="712609574" role=""/>
  <member type="way" ref="186170241" role=""/>
  <member type="way" ref="186170251" role=""/>
  <member type="way" ref="712611476" role=""/>
  <member type="way" ref="908087385" role=""/>
  <member type="way" ref="186170249" role=""/>
  <member type="way" ref="186170245" role=""/>
  <member type="way" ref="712612315" role=""/>
  <member type="way" ref="712612314" role=""/>
  <member type="way" ref="712611477" role=""/>
  <member type="way" ref="712611479" role=""/>
  <member type="way" ref="908087384" role=""/>
  <member type="way" ref="712611473" role=""/>
  <member type="way" ref="712610038" role=""/>
  <member type="way" ref="712610037" role=""/>
  <member type="way" ref="712609572" role=""/>
  <member type="way" ref="712609571" role=""/>
  <member type="way" ref="712609570" role=""/>
  <member type="way" ref="712608844" role=""/>
  <member type="way" ref="712608843" role=""/>
  <member type="way" ref="712608310" role=""/>
  <member type="way" ref="712606639" role=""/>
  <member type="way" ref="712606638" role=""/>
  <member type="way" ref="712606637" role=""/>
  <member type="way" ref="712606636" role=""/>
  <member type="way" ref="712606634" role=""/>
  <member type="way" ref="829107183" role=""/>
  <member type="way" ref="829107182" role=""/>
  <member type="way" ref="712606633" role=""/>
  <member type="way" ref="712450663" role=""/>
  <member type="way" ref="712450544" role=""/>
  <member type="way" ref="1323349749" role=""/>
  <member type="way" ref="712450543" role=""/>
  <member type="way" ref="712450542" role=""/>
  <member type="way" ref="712620101" role=""/>
  <member type="way" ref="712620105" role=""/>
  <member type="way" ref="712621106" role=""/>
  <member type="way" ref="712621109" role=""/>
  <member type="way" ref="712634518" role=""/>
  <member type="way" ref="712647175" role=""/>
  <member type="way" ref="712647178" role=""/>
  <member type="way" ref="712653140" role=""/>
  <member type="way" ref="712653147" role=""/>
  <member type="way" ref="712653160" role=""/>
  <member type="way" ref="673272813" role=""/>
  <member type="way" ref="734824804" role=""/>
  <member type="way" ref="712653138" role=""/>
  <member type="way" ref="712647180" role=""/>
  <member type="way" ref="712647176" role=""/>
  <member type="way" ref="712647177" role=""/>
  <member type="way" ref="52649569" role=""/>
  <member type="way" ref="186170257" role=""/>
  <member type="way" ref="186170252" role=""/>
  <member type="way" ref="186170258" role=""/>
  <member type="way" ref="186170250" role=""/>
  <member type="way" ref="186170242" role=""/>
  <member type="way" ref="712619083" role=""/>
  <member type="way" ref="712619084" role=""/>
  <member type="way" ref="734824803" role=""/>
  <member type="way" ref="712653158" role=""/>
  <member type="way" ref="712653148" role=""/>
  <member type="way" ref="712996489" role=""/>
  <member type="way" ref="712996490" role=""/>
  <member type="way" ref="712996672" role=""/>
  <member type="way" ref="712996673" role=""/>
  <member type="way" ref="712996675" role=""/>
  <member type="way" ref="712996674" role=""/>
  <member type="way" ref="712996676" role=""/>
  <member type="way" ref="712996677" role=""/>
  <member type="way" ref="712996678" role=""/>
  <member type="way" ref="712996679" role=""/>
  <member type="way" ref="712999916" role=""/>
  <member type="way" ref="712999917" role=""/>
  <member type="way" ref="1372585326" role=""/>
  <member type="way" ref="713000286" role=""/>
  <member type="way" ref="713000287" role=""/>
  <member type="way" ref="713000290" role=""/>
  <member type="way" ref="713000289" role=""/>
  <member type="way" ref="713002375" role=""/>
  <member type="way" ref="713002376" role=""/>
  <member type="way" ref="713000292" role=""/>
  <member type="way" ref="713000291" role=""/>
  <member type="way" ref="713000288" role=""/>
  <member type="way" ref="713000285" role=""/>
  <member type="way" ref="52649620" role=""/>
  <member type="way" ref="52649627" role=""/>
  <member type="way" ref="52649630" role=""/>
  <member type="way" ref="712654618" role=""/>
  <member type="way" ref="712654622" role=""/>
  <member type="way" ref="712996479" role=""/>
  <member type="way" ref="926530864" role=""/>
  <member type="way" ref="712996480" role=""/>
  <member type="way" ref="712996481" role=""/>
  <member type="way" ref="712996484" role=""/>
  <member type="way" ref="712654620" role=""/>
  <member type="way" ref="712654624" role=""/>
  <member type="way" ref="712996488" role=""/>
  <member type="way" ref="712996487" role=""/>
  <member type="way" ref="712996486" role=""/>
  <member type="way" ref="712996485" role=""/>
  <member type="way" ref="712996483" role=""/>
  <member type="way" ref="441934883" role=""/>
  <member type="way" ref="712613940" role=""/>
  <member type="way" ref="712612632" role=""/>
  <member type="way" ref="712612631" role=""/>
  <member type="way" ref="712618694" role=""/>
  <member type="way" ref="441934882" role=""/>
  <member type="way" ref="712612324" role=""/>
  <member type="way" ref="712612323" role=""/>
  <member type="way" ref="584969893" role=""/>
  <member type="way" ref="584969894" role=""/>
  <member type="way" ref="539660060" role=""/>
  <member type="way" ref="539660059" role=""/>
  <member type="way" ref="712612322" role=""/>
  <member type="way" ref="712612321" role=""/>
  <member type="way" ref="712612320" role=""/>
  <member type="way" ref="712612319" role=""/>
  <member type="way" ref="712612317" role=""/>
  <member type="way" ref="712612316" role=""/>
  <member type="way" ref="712615881" role=""/>
  <member type="way" ref="712615878" role=""/>
  <member type="way" ref="712615876" role=""/>
  <member type="way" ref="712615877" role=""/>
  <member type="way" ref="712613941" role=""/>
  <member type="way" ref="712613938" role=""/>
  <member type="way" ref="712613939" role=""/>
  <member type="way" ref="712612633" role=""/>
  <member type="way" ref="712615874" role=""/>
  <member type="way" ref="693841946" role=""/>
  <member type="way" ref="693841947" role=""/>
  <member type="way" ref="732614362" role=""/>
  <member type="way" ref="732614363" role=""/>
  <member type="way" ref="832500643" role=""/>
  <member type="way" ref="832500642" role=""/>
  <member type="way" ref="693841944" role=""/>
  <member type="way" ref="693841948" role=""/>
  <member type="way" ref="693841945" role=""/>
  <member type="way" ref="236808156" role=""/>
  <member type="way" ref="833741416" role=""/>
  <member type="way" ref="631410075" role=""/>
  <member type="way" ref="829035202" role=""/>
  <member type="way" ref="832471312" role=""/>
  <member type="way" ref="832471311" role=""/>
  <member type="way" ref="829035201" role=""/>
  <member type="way" ref="831041281" role=""/>
  <member type="way" ref="831041282" role=""/>
  <member type="way" ref="829035204" role=""/>
  <member type="way" ref="829035203" role=""/>
  <member type="way" ref="1135137516" role=""/>
  <member type="way" ref="1135137515" role=""/>
  <member type="way" ref="829515983" role=""/>
  <member type="way" ref="829515981" role=""/>
  <member type="way" ref="829515982" role=""/>
  <member type="way" ref="829515984" role=""/>
  <member type="way" ref="908323344" role=""/>
  <member type="way" ref="908323347" role=""/>
  <member type="way" ref="1135137511" role=""/>
  <member type="way" ref="1135137512" role=""/>
  <member type="way" ref="1135137507" role=""/>
  <member type="way" ref="1135137510" role=""/>
  <member type="way" ref="1135137509" role=""/>
  <member type="way" ref="1135137508" role=""/>
  <member type="way" ref="1135137513" role=""/>
  <member type="way" ref="1135137514" role=""/>
  <member type="way" ref="148928473" role=""/>
  <member type="way" ref="1173054993" role=""/>
  <member type="way" ref="1306326969" role=""/>
  <member type="way" ref="1306326968" role=""/>
  <member type="way" ref="1306326967" role=""/>
  <member type="way" ref="712426578" role=""/>
  <member type="way" ref="1480748629" role=""/>
  <member type="way" ref="1480748633" role=""/>
  <member type="way" ref="1480748630" role=""/>
  <member type="way" ref="1480748627" role=""/>
  <member type="way" ref="712417559" role=""/>
  <member type="way" ref="1480748618" role=""/>
  <member type="way" ref="1480748607" role=""/>
  <member type="way" ref="712415278" role=""/>
  <member type="way" ref="1480748603" role=""/>
  <member type="way" ref="712415038" role=""/>
  <member type="way" ref="1480748582" role=""/>
  <member type="way" ref="1480748576" role=""/>
  <member type="way" ref="1480748578" role=""/>
  <member type="way" ref="874524312" role=""/>
  <member type="way" ref="1215972379" role=""/>
  <member type="way" ref="1215972378" role=""/>
  <member type="way" ref="1173054992" role=""/>
  <member type="way" ref="204007690" role=""/>
  <member type="way" ref="1372243773" role=""/>
  <member type="way" ref="712429320" role=""/>
  <member type="way" ref="712429613" role=""/>
  <member type="way" ref="908323351" role=""/>
  <member type="way" ref="908323352" role=""/>
  <member type="way" ref="141829521" role=""/>
  <member type="way" ref="712449909" role=""/>
  <member type="way" ref="712449908" role=""/>
  <member type="way" ref="712449906" role=""/>
  <member type="way" ref="712449907" role=""/>
  <member type="way" ref="908323323" role=""/>
  <member type="way" ref="908323324" role=""/>
  <member type="way" ref="712449903" role=""/>
  <member type="way" ref="52649557" role=""/>
  <member type="way" ref="1057749565" role=""/>
  <member type="way" ref="908323339" role=""/>
  <member type="way" ref="830647046" role=""/>
  <member type="way" ref="830647045" role=""/>
  <member type="way" ref="712449901" role=""/>
  <member type="way" ref="712449900" role=""/>
  <member type="way" ref="712449899" role=""/>
  <member type="way" ref="826836804" role=""/>
  <member type="way" ref="826836803" role=""/>
  <member type="way" ref="826838838" role=""/>
  <member type="way" ref="826838837" role=""/>
  <member type="way" ref="828090307" role=""/>
  <member type="way" ref="828090306" role=""/>
  <member type="way" ref="908323345" role=""/>
  <member type="way" ref="908323350" role=""/>
  <member type="way" ref="712449898" role=""/>
  <member type="way" ref="828382781" role=""/>
  <member type="way" ref="712446432" role=""/>
  <member type="way" ref="712444220" role=""/>
  <member type="way" ref="712444219" role=""/>
  <member type="way" ref="712431060" role=""/>
  <member type="way" ref="712431059" role=""/>
  <member type="way" ref="257353758" role=""/>
  <member type="way" ref="257353754" role=""/>
  <member type="way" ref="257353759" role=""/>
  <member type="way" ref="257353760" role=""/>
  <member type="way" ref="712430767" role=""/>
  <member type="way" ref="712430766" role=""/>
  <member type="way" ref="257353756" role=""/>
  <member type="way" ref="257353761" role=""/>
  <member type="way" ref="257353757" role=""/>
  <member type="way" ref="712430606" role=""/>
  <member type="way" ref="712430604" role=""/>
  <member type="way" ref="712430610" role=""/>
  <member type="way" ref="712430761" role=""/>
  <member type="way" ref="712430762" role=""/>
  <member type="way" ref="712430765" role=""/>
  <member type="way" ref="712430768" role=""/>
  <member type="way" ref="712430769" role=""/>
  <member type="way" ref="908340821" role=""/>
  <member type="way" ref="712431052" role=""/>
  <member type="way" ref="712431057" role=""/>
  <member type="way" ref="712431058" role=""/>
  <member type="way" ref="712431061" role=""/>
  <member type="way" ref="712444217" role=""/>
  <member type="way" ref="712444218" role=""/>
  <member type="way" ref="712446431" role=""/>
  <member type="way" ref="908323356" role=""/>
  <member type="way" ref="908323349" role=""/>
  <member type="way" ref="908323346" role=""/>
  <member type="way" ref="1135682891" role=""/>
  <member type="way" ref="1148422043" role=""/>
  <member type="way" ref="1135682890" role=""/>
  <member type="way" ref="541208313" role=""/>
  <member type="way" ref="908323315" role=""/>
  <member type="way" ref="908323316" role=""/>
  <member type="way" ref="908323320" role=""/>
  <member type="way" ref="908323321" role=""/>
  <member type="way" ref="712449904" role=""/>
  <member type="way" ref="712449905" role=""/>
  <member type="way" ref="908323333" role=""/>
  <member type="way" ref="908323334" role=""/>
  <member type="way" ref="1057749564" role=""/>
  <member type="way" ref="908323340" role=""/>
  <member type="way" ref="1148422044" role=""/>
  <member type="way" ref="908087392" role=""/>
  <member type="way" ref="141829517" role=""/>
  <member type="way" ref="819659295" role=""/>
  <member type="way" ref="819659294" role=""/>
  <member type="way" ref="1459777020" role=""/>
  <member type="way" ref="712449910" role=""/>
  <member type="way" ref="712449911" role=""/>
  <member type="way" ref="908087391" role=""/>
  <member type="way" ref="712428175" role=""/>
  <member type="way" ref="712428178" role=""/>
  <member type="way" ref="291703973" role=""/>
  <member type="way" ref="291703977" role=""/>
  <member type="way" ref="712428333" role=""/>
  <member type="way" ref="712428334" role=""/>
  <member type="way" ref="1202245929" role=""/>
  <member type="way" ref="712428585" role=""/>
  <member type="way" ref="712428586" role=""/>
  <member type="way" ref="204131482" role=""/>
  <member type="way" ref="204131481" role=""/>
  <member type="way" ref="712429225" role=""/>
  <member type="way" ref="712428590" role=""/>
  <member type="way" ref="712428589" role=""/>
  <member type="way" ref="712428588" role=""/>
  <member type="way" ref="712428587" role=""/>
  <member type="way" ref="712428584" role=""/>
  <member type="way" ref="1202245930" role=""/>
  <member type="way" ref="712428335" role=""/>
  <member type="way" ref="712428332" role=""/>
  <member type="way" ref="712428331" role=""/>
  <member type="way" ref="712428330" role=""/>
  <member type="way" ref="712428179" role=""/>
  <member type="way" ref="712428176" role=""/>
  <member type="way" ref="1202245931" role=""/>
  <member type="way" ref="1202245932" role=""/>
  <member type="way" ref="827238685" role=""/>
  <member type="way" ref="291703976" role=""/>
  <member type="way" ref="237188588" role=""/>
  <member type="way" ref="291704020" role=""/>
  <member type="way" ref="291704022" role=""/>
  <member type="way" ref="291704021" role=""/>
  <member type="way" ref="291704019" role=""/>
  <member type="way" ref="291704032" role=""/>
  <member type="way" ref="291704033" role=""/>
  <member type="way" ref="291704098" role=""/>
  <member type="way" ref="291704101" role=""/>
  <member type="way" ref="291704099" role=""/>
  <member type="way" ref="291704100" role=""/>
  <member type="way" ref="291704139" role=""/>
  <member type="way" ref="908340822" role=""/>
  <member type="way" ref="237191271" role=""/>
  <member type="way" ref="1173054999" role=""/>
  <member type="way" ref="1173054995" role=""/>
  <member type="way" ref="1173054996" role=""/>
  <member type="way" ref="712429226" role=""/>
  <member type="way" ref="712429227" role=""/>
  <member type="way" ref="52649558" role=""/>
  <member type="way" ref="908323348" role=""/>
  <member type="way" ref="712427517" role=""/>
  <member type="way" ref="712427516" role=""/>
  <member type="way" ref="712427514" role=""/>
  <member type="way" ref="712427515" role=""/>
  <member type="way" ref="712427513" role=""/>
  <member type="way" ref="712427512" role=""/>
  <member type="way" ref="712427509" role=""/>
  <member type="way" ref="712427510" role=""/>
  <member type="way" ref="742386604" role=""/>
  <member type="way" ref="742386603" role=""/>
  <member type="way" ref="1482401642" role=""/>
  <member type="way" ref="1482401643" role=""/>
  <member type="way" ref="1226807669" role=""/>
  <member type="way" ref="639660468" role=""/>
  <member type="way" ref="1320010880" role=""/>
  <member type="way" ref="1320010882" role=""/>
  <member type="way" ref="231685534" role=""/>
  <member type="way" ref="830679773" role=""/>
  <member type="way" ref="141829527" role=""/>
  <member type="way" ref="637549004" role=""/>
  <member type="way" ref="35976856" role=""/>
  <member type="way" ref="1173054998" role=""/>
  <member type="way" ref="712041196" role=""/>
  <member type="way" ref="1290850867" role=""/>
  <member type="way" ref="1290850869" role=""/>
  <member type="way" ref="712165865" role=""/>
  <member type="way" ref="712165870" role=""/>
  <member type="way" ref="1290850868" role=""/>
  <member type="way" ref="1290850866" role=""/>
  <member type="way" ref="712041198" role=""/>
  <member type="way" ref="712041195" role=""/>
  <member type="way" ref="712040244" role=""/>
  <member type="way" ref="1481641257" role=""/>
  <member type="way" ref="712040243" role=""/>
  <member type="way" ref="52562960" role=""/>
  <member type="way" ref="734822680" role=""/>
  <member type="way" ref="151570030" role=""/>
  <member type="way" ref="1037977549" role=""/>
  <member type="way" ref="1037977547" role=""/>
  <member type="way" ref="1360572981" role=""/>
  <member type="way" ref="954755907" role=""/>
  <member type="way" ref="147845293" role=""/>
  <member type="way" ref="232401692" role=""/>
  <member type="way" ref="1418587645" role=""/>
  <member type="way" ref="711566376" role=""/>
  <member type="way" ref="711567238" role=""/>
  <member type="way" ref="711567241" role=""/>
  <member type="way" ref="711567242" role=""/>
  <member type="way" ref="711567245" role=""/>
  <member type="way" ref="711585540" role=""/>
  <member type="way" ref="711629315" role=""/>
  <member type="way" ref="711629317" role=""/>
  <member type="way" ref="711637111" role=""/>
  <member type="way" ref="711637112" role=""/>
  <member type="way" ref="711637114" role=""/>
  <member type="way" ref="711655643" role=""/>
  <member type="way" ref="711656849" role=""/>
  <member type="way" ref="1290854486" role=""/>
  <member type="way" ref="1290854487" role=""/>
  <member type="way" ref="711985215" role=""/>
  <member type="way" ref="711985216" role=""/>
  <member type="way" ref="711985217" role=""/>
  <member type="way" ref="711985220" role=""/>
  <member type="way" ref="711987591" role=""/>
  <member type="way" ref="711987592" role=""/>
  <member type="way" ref="711987605" role=""/>
  <member type="way" ref="1481641255" role=""/>
  <member type="way" ref="1481641256" role=""/>
  <member type="way" ref="711987604" role=""/>
  <member type="way" ref="148594687" role=""/>
  <member type="way" ref="148594706" role=""/>
  <member type="way" ref="711985218" role=""/>
  <member type="way" ref="711985219" role=""/>
  <member type="way" ref="799608145" role=""/>
  <member type="way" ref="160184177" role=""/>
  <member type="way" ref="1290854488" role=""/>
  <member type="way" ref="1290854485" role=""/>
  <member type="way" ref="52562953" role=""/>
  <member type="way" ref="711655642" role=""/>
  <member type="way" ref="711655641" role=""/>
  <member type="way" ref="52578357" role=""/>
  <member type="way" ref="52578356" role=""/>
  <member type="way" ref="711634241" role=""/>
  <member type="way" ref="711629316" role=""/>
  <member type="way" ref="711585542" role=""/>
  <member type="way" ref="711567244" role=""/>
  <member type="way" ref="711567243" role=""/>
  <member type="way" ref="711567240" role=""/>
  <member type="way" ref="711567239" role=""/>
  <member type="way" ref="711566377" role=""/>
  <member type="way" ref="232401698" role=""/>
  <member type="way" ref="151570033" role=""/>
  <member type="way" ref="711634244" role=""/>
  <member type="way" ref="711634242" role=""/>
  <member type="way" ref="711634240" role=""/>
  <member type="way" ref="711634238" role=""/>
  <member type="way" ref="711634236" role=""/>
  <member type="way" ref="711634234" role=""/>
  <member type="way" ref="711629322" role=""/>
  <member type="way" ref="711629328" role=""/>
  <member type="way" ref="711629326" role=""/>
  <member type="way" ref="711629312" role=""/>
  <member type="way" ref="908623069" role=""/>
  <member type="way" ref="566697702" role=""/>
  <member type="way" ref="566697701" role=""/>
  <member type="way" ref="52577538" role=""/>
  <member type="way" ref="148598694" role=""/>
  <member type="way" ref="711992052" role=""/>
  <member type="way" ref="151570034" role=""/>
  <member type="way" ref="148594688" role=""/>
  <member type="way" ref="148594707" role=""/>
  <member type="way" ref="1309995029" role=""/>
  <member type="way" ref="1309995030" role=""/>
  <member type="way" ref="148594694" role=""/>
  <member type="way" ref="148594695" role=""/>
  <member type="way" ref="148594691" role=""/>
  <member type="way" ref="711987603" role=""/>
  <member type="way" ref="711987602" role=""/>
  <member type="way" ref="711987601" role=""/>
  <member type="way" ref="711987594" role=""/>
  <member type="way" ref="1215972376" role=""/>
  <member type="way" ref="1215972374" role=""/>
  <member type="way" ref="1215972375" role=""/>
  <member type="way" ref="703024220" role=""/>
  <member type="way" ref="703024219" role=""/>
  <member type="way" ref="703024221" role=""/>
  <member type="way" ref="908340823" role=""/>
  <member type="way" ref="1292757223" role=""/>
  <member type="way" ref="832431844" role=""/>
  <member type="way" ref="832431843" role=""/>
  <member type="way" ref="318667766" role=""/>
  <member type="way" ref="712167967" role=""/>
  <member type="way" ref="712167966" role=""/>
  <member type="way" ref="712167665" role=""/>
  <member type="way" ref="712167666" role=""/>
  <member type="way" ref="151688160" role=""/>
  <member type="way" ref="643179707" role=""/>
  <member type="way" ref="1363080239" role=""/>
  <member type="way" ref="480830668" role=""/>
  <member type="way" ref="53646974" role=""/>
  <member type="way" ref="711272185" role=""/>
  <member type="way" ref="711270093" role=""/>
  <member type="way" ref="905464158" role=""/>
  <member type="way" ref="905527191" role=""/>
  <member type="way" ref="905527202" role=""/>
  <member type="way" ref="905527203" role=""/>
  <member type="way" ref="905527204" role=""/>
  <member type="way" ref="732651810" role=""/>
  <member type="way" ref="905527206" role=""/>
  <member type="way" ref="1487073062" role=""/>
  <member type="way" ref="1487073066" role=""/>
  <member type="way" ref="1487073065" role=""/>
  <member type="way" ref="1487073061" role=""/>
  <member type="way" ref="147532620" role=""/>
  <member type="way" ref="147532627" role=""/>
  <member type="way" ref="147532611" role=""/>
  <member type="way" ref="1385082376" role=""/>
  <member type="way" ref="777645750" role=""/>
  <member type="way" ref="1385082379" role=""/>
  <member type="way" ref="1385082378" role=""/>
  <member type="way" ref="1385082380" role=""/>
  <member type="way" ref="1331251257" role=""/>
  <member type="way" ref="786422789" role=""/>
  <member type="way" ref="1331250466" role=""/>
  <member type="way" ref="771796726" role=""/>
  <member type="way" ref="1408764943" role=""/>
  <member type="way" ref="780078889" role=""/>
  <member type="way" ref="774523640" role=""/>
  <member type="way" ref="780078891" role=""/>
  <member type="way" ref="1382927456" role=""/>
  <member type="way" ref="1347901768" role=""/>
  <member type="way" ref="368584789" role=""/>
  <member type="way" ref="196896057" role=""/>
  <member type="way" ref="53647019" role=""/>
  <member type="way" ref="711274647" role=""/>
  <member type="way" ref="739787538" role=""/>
  <member type="way" ref="739787540" role=""/>
  <member type="way" ref="711276136" role=""/>
  <member type="way" ref="711276141" role=""/>
  <member type="way" ref="711276142" role=""/>
  <member type="way" ref="1378913319" role=""/>
  <member type="way" ref="932682986" role=""/>
  <member type="way" ref="1409182523" role=""/>
  <member type="way" ref="1480615650" role=""/>
  <member type="way" ref="693587582" role=""/>
  <member type="way" ref="52560806" role=""/>
  <member type="way" ref="1346323230" role=""/>
  <member type="way" ref="933082418" role=""/>
  <member type="way" ref="933082417" role=""/>
  <member type="way" ref="739794450" role=""/>
  <member type="way" ref="52562955" role=""/>
  <member type="way" ref="1374157740" role=""/>
  <member type="way" ref="1120325489" role=""/>
  <member type="way" ref="711284956" role=""/>
  <member type="way" ref="933086748" role=""/>
  <member type="way" ref="933086747" role=""/>
  <member type="way" ref="711284957" role=""/>
  <member type="way" ref="151966527" role=""/>
  <member type="way" ref="151966529" role=""/>
  <member type="way" ref="693587602" role=""/>
  <member type="way" ref="693587603" role=""/>
  <member type="way" ref="711291310" role=""/>
  <member type="way" ref="703042263" role=""/>
  <member type="way" ref="712446437" role=""/>
  <member type="way" ref="712446438" role=""/>
  <member type="way" ref="693587579" role=""/>
  <member type="way" ref="693587575" role=""/>
  <member type="way" ref="693587576" role=""/>
  <member type="way" ref="829236530" role=""/>
  <member type="way" ref="829236529" role=""/>
  <member type="way" ref="693587596" role=""/>
  <member type="way" ref="1296348872" role=""/>
  <member type="way" ref="693587597" role=""/>
  <member type="way" ref="693587598" role=""/>
  <member type="way" ref="693587599" role=""/>
  <member type="way" ref="693587600" role=""/>
  <member type="way" ref="703039719" role=""/>
  <member type="way" ref="703039718" role=""/>
  <member type="way" ref="732649942" role=""/>
  <member type="way" ref="732649943" role=""/>
  <member type="way" ref="1220179986" role=""/>
  <member type="way" ref="1220179989" role=""/>
  <member type="way" ref="1296348868" role=""/>
  <member type="way" ref="1296348869" role=""/>
  <member type="way" ref="1296348865" role=""/>
  <member type="way" ref="1296348866" role=""/>
  <member type="way" ref="1296348867" role=""/>
  <member type="way" ref="711286899" role=""/>
  <member type="way" ref="711286902" role=""/>
  <member type="way" ref="711286905" role=""/>
  <member type="way" ref="711289149" role=""/>
  <member type="way" ref="711291306" role=""/>
  <member type="way" ref="711291307" role=""/>
  <member type="way" ref="711289148" role=""/>
  <member type="way" ref="711286906" role=""/>
  <member type="way" ref="711286901" role=""/>
  <member type="way" ref="711286900" role=""/>
  <member type="way" ref="1296348861" role=""/>
  <member type="way" ref="1296348862" role=""/>
  <member type="way" ref="1296348863" role=""/>
  <member type="way" ref="1296348864" role=""/>
  <member type="way" ref="1296348859" role=""/>
  <member type="way" ref="1296348860" role=""/>
  <member type="way" ref="1220179988" role=""/>
  <member type="way" ref="1220179987" role=""/>
  <member type="way" ref="732649941" role=""/>
  <member type="way" ref="732649940" role=""/>
  <member type="way" ref="703039717" role=""/>
  <member type="way" ref="693587601" role=""/>
  <member type="way" ref="693587593" role=""/>
  <member type="way" ref="693587592" role=""/>
  <member type="way" ref="693587591" role=""/>
  <member type="way" ref="1296348873" role=""/>
  <member type="way" ref="693587590" role=""/>
  <member type="way" ref="693587589" role=""/>
  <member type="way" ref="905464143" role=""/>
  <member type="way" ref="905464144" role=""/>
  <member type="way" ref="693587577" role=""/>
  <member type="way" ref="693587580" role=""/>
  <member type="way" ref="693587584" role=""/>
  <member type="way" ref="712446440" role=""/>
  <member type="way" ref="712446439" role=""/>
  <member type="way" ref="231991935" role=""/>
  <member type="way" ref="605830164" role=""/>
  <member type="way" ref="1218400777" role=""/>
  <member type="way" ref="1218400782" role=""/>
  <member type="way" ref="231991932" role=""/>
  <member type="way" ref="1218400781" role=""/>
  <member type="way" ref="147845297" role=""/>
  <member type="way" ref="1037977545" role=""/>
  <member type="way" ref="147845290" role=""/>
  <member type="way" ref="231992514" role=""/>
  <member type="way" ref="1218400793" role=""/>
  <member type="way" ref="151966528" role=""/>
  <member type="way" ref="954755909" role=""/>
  <member type="way" ref="954755908" role=""/>
  <member type="way" ref="954755910" role=""/>
  <member type="way" ref="1218400786" role=""/>
  <member type="way" ref="1218400778" role=""/>
  <member type="way" ref="1218400774" role=""/>
  <member type="way" ref="1218400790" role=""/>
  <member type="way" ref="1218400780" role=""/>
  <member type="way" ref="1115240679" role=""/>
  <member type="way" ref="152170935" role=""/>
  <member type="way" ref="152170939" role=""/>
  <member type="way" ref="711565007" role=""/>
  <member type="way" ref="711565008" role=""/>
  <member type="way" ref="711565011" role=""/>
  <member type="way" ref="711565012" role=""/>
  <member type="way" ref="637557238" role=""/>
  <member type="way" ref="1115240678" role=""/>
  <member type="way" ref="151688170" role=""/>
  <member type="way" ref="711274639" role=""/>
  <member type="way" ref="137992957" role=""/>
  <member type="way" ref="711272182" role=""/>
  <member type="way" ref="160319125" role=""/>
  <member type="way" ref="693591448" role=""/>
  <member type="way" ref="219020347" role=""/>
  <member type="way" ref="219020346" role=""/>
  <member type="way" ref="160319126" role=""/>
  <member type="way" ref="732651809" role=""/>
  <member type="way" ref="905527205" role=""/>
  <member type="way" ref="1487073058" role=""/>
  <member type="way" ref="1487073064" role=""/>
  <member type="way" ref="1487073063" role=""/>
  <member type="way" ref="1487073060" role=""/>
  <member type="way" ref="776901304" role=""/>
  <member type="way" ref="776901300" role=""/>
  <member type="way" ref="776901301" role=""/>
  <member type="way" ref="147532609" role=""/>
  <member type="way" ref="1385082381" role=""/>
  <member type="way" ref="1331251259" role=""/>
  <member type="way" ref="1385082377" role=""/>
  <member type="way" ref="566917224" role=""/>
  <member type="way" ref="1331250467" role=""/>
  <member type="way" ref="1027024935" role=""/>
  <member type="way" ref="1408764946" role=""/>
  <member type="way" ref="1487075304" role=""/>
  <member type="way" ref="1408764944" role=""/>
  <member type="way" ref="147532624" role=""/>
  <member type="way" ref="147532616" role=""/>
  <member type="way" ref="147532623" role=""/>
  <member type="way" ref="1382927455" role=""/>
  <member type="way" ref="1354421635" role=""/>
  <member type="way" ref="52646227" role=""/>
  <member type="way" ref="894890066" role=""/>
  <member type="way" ref="151688177" role=""/>
  <member type="way" ref="711274649" role=""/>
  <member type="way" ref="739787539" role=""/>
  <member type="way" ref="469658628" role=""/>
  <member type="way" ref="711274648" role=""/>
  <member type="way" ref="711276139" role=""/>
  <member type="way" ref="711276140" role=""/>
  <member type="way" ref="932682983" role=""/>
  <member type="way" ref="1378913321" role=""/>
  <member type="way" ref="932682984" role=""/>
  <member type="way" ref="1355922101" role=""/>
  <member type="way" ref="1480615649" role=""/>
  <member type="way" ref="711291309" role=""/>
  <member type="way" ref="480830679" role=""/>
  <member type="way" ref="711562153" role=""/>
  <member type="way" ref="480825559" role=""/>
  <member type="way" ref="480825558" role=""/>
  <member type="way" ref="231991934" role=""/>
  <member type="way" ref="231991933" role=""/>
  <member type="way" ref="151688168" role=""/>
  <member type="way" ref="933090628" role=""/>
  <member type="way" ref="711563594" role=""/>
  <member type="way" ref="711563971" role=""/>
  <member type="way" ref="782033077" role=""/>
  <member type="way" ref="782033078" role=""/>
  <member type="way" ref="528871820" role=""/>
  <member type="way" ref="528866642" role=""/>
  <member type="way" ref="52578355" role=""/>
  <member type="way" ref="528866640" role=""/>
  <member type="way" ref="232094099" role=""/>
  <member type="way" ref="1115240680" role=""/>
  <member type="way" ref="1115240677" role=""/>
  <member type="way" ref="1115240681" role=""/>
  <member type="way" ref="973216065" role=""/>
  <member type="way" ref="1421677468" role=""/>
  <member type="way" ref="1296929384" role=""/>
  <member type="way" ref="1270566014" role=""/>
  <member type="way" ref="1296929383" role=""/>
  <member type="way" ref="1063602345" role=""/>
  <member type="way" ref="53496289" role=""/>
  <member type="way" ref="1192581774" role=""/>
  <member type="way" ref="1065058494" role=""/>
  <member type="way" ref="972594768" role=""/>
  <member type="way" ref="974366904" role=""/>
  <member type="way" ref="1319184207" role=""/>
  <member type="way" ref="1489837861" role=""/>
  <member type="way" ref="1022126890" role=""/>
  <member type="way" ref="1022126891" role=""/>
  <member type="way" ref="1489836763" role=""/>
  <member type="way" ref="611091592" role=""/>
  <member type="way" ref="1222679816" role=""/>
  <member type="way" ref="1314290484" role=""/>
  <member type="way" ref="1159792920" role=""/>
  <member type="way" ref="1159792916" role=""/>
  <member type="way" ref="974869696" role=""/>
  <member type="way" ref="1107079642" role=""/>
  <member type="way" ref="974869695" role=""/>
  <member type="way" ref="1107079643" role=""/>
  <member type="way" ref="1382964926" role=""/>
  <member type="way" ref="1226711144" role=""/>
  <member type="way" ref="1226711146" role=""/>
  <member type="way" ref="53498208" role=""/>
  <member type="way" ref="976890596" role=""/>
  <member type="way" ref="976890597" role=""/>
  <member type="way" ref="563820441" role=""/>
  <member type="way" ref="1100851708" role=""/>
  <member type="way" ref="1100851712" role=""/>
  <member type="way" ref="1193928742" role=""/>
  <member type="way" ref="922225749" role=""/>
  <member type="way" ref="1095291758" role=""/>
  <member type="way" ref="1218968896" role=""/>
  <member type="way" ref="151820476" role=""/>
  <member type="way" ref="1022123311" role=""/>
  <member type="way" ref="1100618199" role=""/>
  <member type="way" ref="1225145338" role=""/>
  <member type="way" ref="563863328" role=""/>
  <member type="way" ref="972594774" role=""/>
  <member type="way" ref="972594774" role=""/>
  <member type="way" ref="1450070056" role=""/>
  <member type="way" ref="1234495055" role=""/>
  <member type="way" ref="563863321" role=""/>
  <member type="way" ref="970262429" role=""/>
  <member type="way" ref="563863315" role=""/>
  <member type="way" ref="972594775" role=""/>
  <member type="way" ref="1234495054" role=""/>
  <member type="way" ref="1450070057" role=""/>
  <member type="way" ref="717560272" role=""/>
  <member type="way" ref="717560274" role=""/>
  <member type="way" ref="1063602344" role=""/>
  <member type="way" ref="722590544" role=""/>
  <member type="way" ref="563824360" role=""/>
  <member type="way" ref="1022444212" role=""/>
  <member type="way" ref="1221478837" role=""/>
  <member type="way" ref="1221478836" role=""/>
  <member type="way" ref="1229237834" role=""/>
  <member type="way" ref="563824356" role=""/>
  <member type="way" ref="1178005532" role=""/>
  <member type="way" ref="1021816296" role=""/>
  <member type="way" ref="1181280268" role=""/>
  <member type="way" ref="1021816304" role=""/>
  <member type="way" ref="1220551146" role=""/>
  <member type="way" ref="1220551147" role=""/>
  <member type="way" ref="1223386454" role=""/>
  <member type="way" ref="1223386455" role=""/>
  <member type="way" ref="1021816292" role=""/>
  <member type="way" ref="972534502" role=""/>
  <member type="way" ref="1099661256" role=""/>
  <member type="way" ref="1099661254" role=""/>
  <member type="way" ref="294020650" role=""/>
  <member type="way" ref="970089769" role=""/>
  <member type="way" ref="721724313" role=""/>
  <member type="way" ref="721724309" role=""/>
  <member type="way" ref="53499663" role=""/>
  <member type="way" ref="721724906" role=""/>
  <member type="way" ref="977346751" role=""/>
  <member type="way" ref="721724907" role=""/>
  <member type="way" ref="721724307" role=""/>
  <member type="way" ref="53499683" role=""/>
  <member type="way" ref="977346750" role=""/>
  <member type="way" ref="722352801" role=""/>
  <member type="way" ref="981281212" role=""/>
  <member type="way" ref="722605887" role=""/>
  <member type="way" ref="722605889" role=""/>
  <member type="way" ref="722605922" role=""/>
  <member type="way" ref="722605890" role=""/>
  <member type="way" ref="722605891" role=""/>
  <member type="way" ref="53499631" role=""/>
  <member type="way" ref="1319183834" role=""/>
  <member type="way" ref="1319183832" role=""/>
  <member type="way" ref="606543187" role=""/>
  <member type="way" ref="722559570" role=""/>
  <member type="way" ref="722594803" role=""/>
  <member type="way" ref="722590542" role=""/>
  <member type="way" ref="1360096416" role=""/>
  <member type="way" ref="922837572" role=""/>
  <member type="way" ref="1278431087" role=""/>
  <member type="way" ref="1278431086" role=""/>
  <member type="way" ref="1269264078" role=""/>
  <member type="way" ref="977346746" role=""/>
  <member type="way" ref="1059687561" role=""/>
  <member type="way" ref="1059687560" role=""/>
  <member type="way" ref="1059687559" role=""/>
  <member type="way" ref="1059687558" role=""/>
  <member type="way" ref="1059687557" role=""/>
  <member type="way" ref="1059687556" role=""/>
  <member type="way" ref="1308831111" role=""/>
  <member type="way" ref="722547633" role=""/>
  <member type="way" ref="1215703868" role=""/>
  <member type="way" ref="977346747" role=""/>
  <member type="way" ref="635485850" role=""/>
  <member type="way" ref="1307192291" role=""/>
  <member type="way" ref="1307192290" role=""/>
  <member type="way" ref="1221477951" role=""/>
  <member type="way" ref="1221477950" role=""/>
  <member type="way" ref="330532351" role=""/>
  <member type="way" ref="722541343" role=""/>
  <member type="way" ref="1021845069" role=""/>
  <member type="way" ref="722541344" role=""/>
  <member type="way" ref="1221478830" role=""/>
  <member type="way" ref="1221478834" role=""/>
  <member type="way" ref="290403929" role=""/>
  <member type="way" ref="1059661073" role=""/>
  <member type="way" ref="1059661074" role=""/>
  <member type="way" ref="1007227878" role=""/>
  <member type="way" ref="566555201" role=""/>
  <member type="way" ref="977346744" role=""/>
  <member type="way" ref="722544493" role=""/>
  <member type="way" ref="1360096415" role=""/>
  <member type="way" ref="1012315234" role=""/>
  <member type="way" ref="566551498" role=""/>
  <member type="way" ref="744368761" role=""/>
  <member type="way" ref="744368763" role=""/>
  <member type="way" ref="1012316328" role=""/>
  <member type="way" ref="1271931191" role=""/>
  <member type="way" ref="1411102034" role=""/>
  <member type="way" ref="1012315235" role=""/>
  <member type="way" ref="1021065774" role=""/>
  <member type="way" ref="1021065772" role=""/>
  <member type="way" ref="1012315232" role=""/>
  <member type="way" ref="1265525421" role=""/>
  <member type="way" ref="1160102613" role=""/>
  <member type="way" ref="1160102616" role=""/>
  <member type="way" ref="1160102615" role=""/>
  <member type="way" ref="1059687555" role=""/>
  <member type="way" ref="1099661260" role=""/>
  <member type="way" ref="721724308" role=""/>
  <member type="way" ref="721724311" role=""/>
  <member type="way" ref="1029473893" role=""/>
  <member type="way" ref="682348418" role=""/>
  <member type="way" ref="1219999103" role=""/>
  <member type="way" ref="1019925661" role=""/>
  <member type="way" ref="1376683145" role=""/>
  <member type="way" ref="1376678931" role=""/>
  <member type="way" ref="1376678927" role=""/>
  <member type="way" ref="604424398" role=""/>
  <member type="way" ref="604502184" role=""/>
  <member type="way" ref="604502185" role=""/>
  <member type="way" ref="1264074519" role=""/>
  <member type="way" ref="404679177" role=""/>
  <member type="way" ref="715903170" role=""/>
  <member type="way" ref="715893555" role=""/>
  <member type="way" ref="1173577406" role=""/>
  <member type="way" ref="312371748" role=""/>
  <member type="way" ref="404679181" role=""/>
  <member type="way" ref="1173577405" role=""/>
  <member type="way" ref="58368129" role=""/>
  <member type="way" ref="705428415" role=""/>
  <member type="way" ref="1173578150" role=""/>
  <member type="way" ref="1376678932" role=""/>
  <member type="way" ref="1376678928" role=""/>
  <member type="way" ref="1173578151" role=""/>
  <member type="way" ref="1219999107" role=""/>
  <member type="way" ref="705428414" role=""/>
  <member type="way" ref="740114293" role=""/>
  <member type="way" ref="1219999105" role=""/>
  <member type="way" ref="1335866194" role=""/>
  <member type="way" ref="1335866188" role=""/>
  <member type="way" ref="1335866186" role=""/>
  <member type="way" ref="1335866187" role=""/>
  <member type="way" ref="504139799" role=""/>
  <member type="way" ref="1090659719" role=""/>
  <member type="way" ref="33285459" role=""/>
  <member type="way" ref="1227951471" role=""/>
  <member type="way" ref="1318066756" role=""/>
  <member type="way" ref="33285456" role=""/>
  <member type="way" ref="977793637" role=""/>
  <member type="way" ref="1262431384" role=""/>
  <member type="way" ref="1262431495" role=""/>
  <member type="way" ref="977793638" role=""/>
  <member type="way" ref="605169164" role=""/>
  <member type="way" ref="977793639" role=""/>
  <member type="way" ref="975991770" role=""/>
  <member type="way" ref="32643894" role=""/>
  <member type="way" ref="964883209" role=""/>
  <member type="way" ref="1228547715" role=""/>
  <member type="way" ref="1228547717" role=""/>
  <member type="way" ref="404674693" role=""/>
  <member type="way" ref="404673967" role=""/>
  <member type="way" ref="1222652192" role=""/>
  <member type="way" ref="1270628970" role=""/>
  <member type="way" ref="1222652194" role=""/>
  <member type="way" ref="1267835531" role=""/>
  <member type="way" ref="1147797166" role=""/>
  <member type="way" ref="1269082107" role=""/>
  <member type="way" ref="978419859" role=""/>
  <member type="way" ref="1269264056" role=""/>
  <member type="way" ref="1061265028" role=""/>
  <member type="way" ref="1178717246" role=""/>
  <member type="way" ref="1183329374" role=""/>
  <member type="way" ref="1344368372" role=""/>
  <member type="way" ref="1228548600" role=""/>
  <member type="way" ref="1344368367" role=""/>
  <member type="way" ref="1390471288" role=""/>
  <member type="way" ref="1228548598" role=""/>
  <member type="way" ref="1269082105" role=""/>
  <member type="way" ref="999344017" role=""/>
  <member type="way" ref="1234494508" role=""/>
  <member type="way" ref="1174713473" role=""/>
  <member type="way" ref="609452979" role=""/>
  <member type="way" ref="1174713470" role=""/>
  <member type="way" ref="1174713469" role=""/>
  <member type="way" ref="1080678537" role=""/>
  <member type="way" ref="1219114722" role=""/>
  <member type="way" ref="1370334724" role=""/>
  <member type="way" ref="185313587" role=""/>
  <member type="way" ref="609452984" role=""/>
  <member type="way" ref="1219478122" role=""/>
  <member type="way" ref="1228563207" role=""/>
  <member type="way" ref="1219478128" role=""/>
  <member type="way" ref="609426505" role=""/>
  <member type="way" ref="1270595433" role=""/>
  <member type="way" ref="478832763" role=""/>
  <member type="way" ref="1265405857" role=""/>
  <member type="way" ref="1485905684" role=""/>
  <member type="way" ref="722605888" role=""/>
  <member type="way" ref="722605923" role=""/>
  <member type="way" ref="1165400860" role=""/>
  <member type="way" ref="1269264045" role=""/>
  <member type="way" ref="1165400858" role=""/>
  <member type="way" ref="185313601" role=""/>
  <member type="way" ref="1344344461" role=""/>
  <member type="way" ref="1059661076" role=""/>
  <member type="way" ref="1059661075" role=""/>
  <member type="way" ref="1228808019" role=""/>
  <member type="way" ref="1221477948" role=""/>
  <member type="way" ref="1221477947" role=""/>
  <member type="way" ref="1315050998" role=""/>
  <member type="way" ref="1265525438" role=""/>
  <member type="way" ref="631720521" role=""/>
  <member type="way" ref="1220778649" role=""/>
  <member type="way" ref="1220778650" role=""/>
  <member type="way" ref="977523905" role=""/>
  <member type="way" ref="1007185448" role=""/>
  <member type="way" ref="1227570135" role=""/>
  <member type="way" ref="1227570133" role=""/>
  <member type="way" ref="1220778648" role=""/>
  <member type="way" ref="1021065766" role=""/>
  <member type="way" ref="488651400" role=""/>
  <member type="way" ref="488651399" role=""/>
  <member type="way" ref="488651399" role=""/>
  <member type="way" ref="488651400" role=""/>
  <member type="way" ref="1021065766" role=""/>
  <member type="way" ref="1419976076" role=""/>
  <member type="way" ref="1018935902" role=""/>
  <member type="way" ref="743232316" role=""/>
  <member type="way" ref="723228212" role=""/>
  <member type="way" ref="723228214" role=""/>
  <member type="way" ref="1153121501" role=""/>
  <member type="way" ref="563802782" role=""/>
  <member type="way" ref="1164408889" role=""/>
  <member type="way" ref="723228215" role=""/>
  <member type="way" ref="32643896" role=""/>
  <member type="way" ref="723227125" role=""/>
  <member type="way" ref="32899365" role=""/>
  <member type="way" ref="721712897" role=""/>
  <member type="way" ref="721712898" role=""/>
  <member type="way" ref="563806995" role=""/>
  <member type="way" ref="834624815" role=""/>
  <member type="way" ref="721712899" role=""/>
  <member type="way" ref="721712900" role=""/>
  <member type="way" ref="294020649" role=""/>
  <member type="way" ref="1099661255" role=""/>
  <member type="way" ref="1099661253" role=""/>
  <member type="way" ref="1178005533" role=""/>
  <member type="way" ref="1021816295" role=""/>
  <member type="way" ref="1181280269" role=""/>
  <member type="way" ref="1021816297" role=""/>
  <member type="way" ref="1220551148" role=""/>
  <member type="way" ref="1220420753" role=""/>
  <member type="way" ref="563824358" role=""/>
  <member type="way" ref="1162975018" role=""/>
  <member type="way" ref="1029473892" role=""/>
  <member type="way" ref="721712895" role=""/>
  <member type="way" ref="1419189313" role=""/>
  <member type="way" ref="563806821" role=""/>
  <member type="way" ref="1220464844" role=""/>
  <member type="way" ref="563808710" role=""/>
  <member type="way" ref="1137195276" role=""/>
  <member type="way" ref="614617537" role=""/>
  <member type="way" ref="1022440112" role=""/>
  <member type="way" ref="709192610" role=""/>
  <member type="way" ref="1270566016" role=""/>
  <member type="way" ref="1220817437" role=""/>
  <member type="way" ref="1018935902" role=""/>
  <member type="way" ref="1419976076" role=""/>
  <member type="way" ref="1265525422" role=""/>
  <member type="way" ref="1220817439" role=""/>
  <member type="way" ref="1102615858" role=""/>
  <member type="way" ref="1102615856" role=""/>
  <member type="way" ref="1102615853" role=""/>
  <member type="way" ref="744368760" role=""/>
  <member type="way" ref="563804462" role=""/>
  <member type="way" ref="1322906348" role=""/>
  <member type="way" ref="721712894" role=""/>
  <member type="way" ref="1099661261" role=""/>
  <member type="way" ref="682348417" role=""/>
  <member type="way" ref="721712896" role=""/>
  <member type="way" ref="1411102033" role=""/>
  <member type="way" ref="1102615852" role=""/>
  <member type="way" ref="1102615854" role=""/>
  <member type="way" ref="1162975019" role=""/>
  <member type="way" ref="704548892" role=""/>
  <member type="way" ref="1419976077" role=""/>
  <member type="way" ref="566561285" role=""/>
  <member type="way" ref="1172326537" role=""/>
  <member type="way" ref="977346749" role=""/>
  <member type="way" ref="731807334" role=""/>
  <member type="way" ref="1465774689" role=""/>
  <member type="way" ref="976232593" role=""/>
  <member type="way" ref="1110166574" role=""/>
  <member type="way" ref="1007188426" role=""/>
  <member type="way" ref="1110166575" role=""/>
  <member type="way" ref="1018999649" role=""/>
  <member type="way" ref="1007186191" role=""/>
  <member type="way" ref="1008772741" role=""/>
  <member type="way" ref="1178717248" role=""/>
  <member type="way" ref="1344368355" role=""/>
  <member type="way" ref="1173573028" role=""/>
  <member type="way" ref="1344368366" role=""/>
  <member type="way" ref="1463428420" role=""/>
  <member type="way" ref="1183329376" role=""/>
  <member type="way" ref="1344368365" role=""/>
  <member type="way" ref="1463428403" role=""/>
  <member type="way" ref="1061265023" role=""/>
  <member type="way" ref="1061265030" role=""/>
  <member type="way" ref="1007227884" role=""/>
  <member type="way" ref="1269264055" role=""/>
  <member type="way" ref="978419860" role=""/>
  <member type="way" ref="1269264051" role=""/>
  <member type="way" ref="1061265031" role=""/>
  <member type="way" ref="1061265025" role=""/>
  <member type="way" ref="1390471285" role=""/>
  <member type="way" ref="1183329375" role=""/>
  <member type="way" ref="1390471286" role=""/>
  <member type="way" ref="1173573029" role=""/>
  <member type="way" ref="326770992" role=""/>
  <member type="way" ref="1080678535" role=""/>
  <member type="way" ref="609452977" role=""/>
  <member type="way" ref="1234494507" role=""/>
  <member type="way" ref="1080678534" role=""/>
  <member type="way" ref="1174713472" role=""/>
  <member type="way" ref="1174713474" role=""/>
  <member type="way" ref="1322846099" role=""/>
  <member type="way" ref="330378033" role=""/>
  <member type="way" ref="185313562" role=""/>
  <member type="way" ref="214584690" role=""/>
  <member type="way" ref="1219478123" role=""/>
  <member type="way" ref="1219478124" role=""/>
  <member type="way" ref="1015714684" role=""/>
  <member type="way" ref="723527397" role=""/>
  <member type="way" ref="723527396" role=""/>
  <member type="way" ref="723527398" role=""/>
  <member type="way" ref="223663125" role=""/>
  <member type="way" ref="330532319" role=""/>
  <member type="way" ref="326770995" role=""/>
  <member type="way" ref="1165400859" role=""/>
  <member type="way" ref="1265471305" role=""/>
  <member type="way" ref="1278431093" role=""/>
  <member type="way" ref="808497694" role=""/>
  <member type="way" ref="975924612" role=""/>
  <member type="way" ref="220423007" role=""/>
  <member type="way" ref="964883217" role=""/>
  <member type="way" ref="185313588" role=""/>
  <member type="way" ref="1146056722" role=""/>
  <member type="way" ref="1146056721" role=""/>
  <member type="way" ref="33285465" role=""/>
  <member type="way" ref="152067208" role=""/>
  <member type="way" ref="1173576243" role=""/>
  <member type="way" ref="717600763" role=""/>
  <member type="way" ref="1265700893" role=""/>
  <member type="way" ref="717596068" role=""/>
  <member type="way" ref="719435436" role=""/>
  <member type="way" ref="607624744" role=""/>
  <member type="way" ref="607624745" role=""/>
  <member type="way" ref="717585244" role=""/>
  <member type="way" ref="717585242" role=""/>
  <member type="way" ref="1116129783" role=""/>
  <member type="way" ref="714104145" role=""/>
  <member type="way" ref="715565631" role=""/>
  <member type="way" ref="1116129782" role=""/>
  <member type="way" ref="1231789679" role=""/>
  <member type="way" ref="136700458" role=""/>
  <member type="way" ref="1265700899" role=""/>
  <member type="way" ref="136700450" role=""/>
  <member type="way" ref="1265700898" role=""/>
  <member type="way" ref="136700451" role=""/>
  <member type="way" ref="1272139968" role=""/>
  <member type="way" ref="1459514153" role=""/>
  <member type="way" ref="1265700894" role=""/>
  <member type="way" ref="1008072832" role=""/>
  <member type="way" ref="1353113765" role=""/>
  <member type="way" ref="1223380512" role=""/>
  <member type="way" ref="1470831870" role=""/>
  <member type="way" ref="298026960" role=""/>
  <member type="way" ref="126169069" role=""/>
  <member type="way" ref="1150123233" role=""/>
  <member type="way" ref="1150124777" role=""/>
  <member type="way" ref="126169063" role=""/>
  <member type="way" ref="147635580" role=""/>
  <member type="way" ref="1150123230" role=""/>
  <member type="way" ref="1150123227" role=""/>
  <member type="way" ref="683718897" role=""/>
  <member type="way" ref="683718899" role=""/>
  <member type="way" ref="824113423" role=""/>
  <member type="way" ref="1271747055" role=""/>
  <member type="way" ref="683718893" role=""/>
  <member type="way" ref="683718891" role=""/>
  <member type="way" ref="1150123226" role=""/>
  <member type="way" ref="683718895" role=""/>
  <member type="way" ref="1150123228" role=""/>
  <member type="way" ref="147635571" role=""/>
  <member type="way" ref="151581278" role=""/>
  <member type="way" ref="1270907358" role=""/>
  <member type="way" ref="126169071" role=""/>
  <member type="way" ref="1150124778" role=""/>
  <member type="way" ref="1150124780" role=""/>
  <member type="way" ref="126169066" role=""/>
  <member type="way" ref="1470831869" role=""/>
  <member type="way" ref="360256616" role=""/>
  <member type="way" ref="1353113764" role=""/>
  <member type="way" ref="1314134665" role=""/>
  <member type="way" ref="1265700903" role=""/>
  <member type="way" ref="1459514152" role=""/>
  <member type="way" ref="1272139951" role=""/>
  <member type="way" ref="1272139952" role=""/>
  <member type="way" ref="1008072829" role=""/>
  <member type="way" ref="1265700904" role=""/>
  <member type="way" ref="136700457" role=""/>
  <member type="way" ref="1265700906" role=""/>
  <member type="way" ref="211221896" role=""/>
  <member type="way" ref="1203399168" role=""/>
  <member type="way" ref="1203399169" role=""/>
  <member type="way" ref="211221909" role=""/>
  <member type="way" ref="211221983" role=""/>
  <member type="way" ref="1213254532" role=""/>
  <member type="way" ref="1276098365" role=""/>
  <member type="way" ref="136737364" role=""/>
  <member type="way" ref="1267836604" role=""/>
  <member type="way" ref="975924621" role=""/>
  <member type="way" ref="136700459" role=""/>
  <member type="way" ref="1203399171" role=""/>
  <member type="way" ref="1203399173" role=""/>
  <member type="way" ref="1203399170" role=""/>
  <member type="way" ref="1203399175" role=""/>
  <member type="way" ref="151581275" role=""/>
  <member type="way" ref="151581276" role=""/>
  <member type="way" ref="220421449" role=""/>
  <member type="way" ref="1213254529" role=""/>
  <member type="way" ref="1213254531" role=""/>
  <member type="way" ref="1213254530" role=""/>
  <member type="way" ref="1299938877" role=""/>
  <member type="way" ref="1276098355" role=""/>
  <member type="way" ref="1299938876" role=""/>
  <member type="way" ref="1173576242" role=""/>
  <member type="way" ref="975991763" role=""/>
  <member type="way" ref="977793635" role=""/>
  <member type="way" ref="607624747" role=""/>
  <member type="way" ref="607624746" role=""/>
  <member type="way" ref="1116129781" role=""/>
  <member type="way" ref="1228549075" role=""/>
  <member type="way" ref="1273751937" role=""/>
  <member type="way" ref="1228549237" role=""/>
  <member type="way" ref="607624742" role=""/>
  <member type="way" ref="1116129780" role=""/>
  <member type="way" ref="714507152" role=""/>
  <member type="way" ref="43243988" role=""/>
  <member type="way" ref="31096786" role=""/>
  <member type="way" ref="714465312" role=""/>
  <member type="way" ref="714467944" role=""/>
  <member type="way" ref="607624740" role=""/>
  <member type="way" ref="714465313" role=""/>
  <member type="way" ref="720029843" role=""/>
  <member type="way" ref="720029846" role=""/>
  <member type="way" ref="714476617" role=""/>
  <member type="way" ref="211233556" role=""/>
  <member type="way" ref="1215211659" role=""/>
  <member type="way" ref="714476616" role=""/>
  <member type="way" ref="1215211592" role=""/>
  <member type="way" ref="211233555" role=""/>
  <member type="way" ref="715875462" role=""/>
  <member type="way" ref="715875461" role=""/>
  <member type="way" ref="715875459" role=""/>
  <member type="way" ref="977793636" role=""/>
  <member type="way" ref="1173576802" role=""/>
  <member type="way" ref="1229601934" role=""/>
  <member type="way" ref="397354319" role=""/>
  <member type="way" ref="397354320" role=""/>
  <member type="way" ref="717181359" role=""/>
  <member type="way" ref="607624733" role=""/>
  <member type="way" ref="1307193277" role=""/>
  <member type="way" ref="1307190816" role=""/>
  <member type="way" ref="1099661258" role=""/>
  <member type="way" ref="1099661257" role=""/>
  <member type="way" ref="721724310" role=""/>
  <member type="way" ref="1099661259" role=""/>
  <member type="way" ref="1022440116" role=""/>
  <member type="way" ref="53498063" role=""/>
  <member type="way" ref="1370334731" role=""/>
  <member type="way" ref="709192609" role=""/>
  <member type="way" ref="1092334759" role=""/>
  <member type="way" ref="1092334756" role=""/>
  <member type="way" ref="1174713475" role=""/>
  <member type="way" ref="185313565" role=""/>
  <member type="way" ref="1173573030" role=""/>
  <member type="way" ref="1183329373" role=""/>
  <member type="way" ref="1344368354" role=""/>
  <member type="way" ref="185313571" role=""/>
  <member type="way" ref="1061265027" role=""/>
  <member type="way" ref="326770994" role=""/>
  <member type="way" ref="1269082108" role=""/>
  <member type="way" ref="223663130" role=""/>
  <member type="way" ref="53500785" role=""/>
  <member type="way" ref="1019925664" role=""/>
  <member type="way" ref="1215221390" role=""/>
  <member type="way" ref="604424399" role=""/>
  <member type="way" ref="1101469040" role=""/>
  <member type="way" ref="1101469038" role=""/>
  <member type="way" ref="1305932542" role=""/>
  <member type="way" ref="1305932541" role=""/>
  <member type="way" ref="975924616" role=""/>
  <member type="way" ref="1009632603" role=""/>
  <member type="way" ref="1318066762" role=""/>
  <member type="way" ref="1335866183" role=""/>
  <member type="way" ref="1318066764" role=""/>
  <member type="way" ref="975924614" role=""/>
  <member type="way" ref="604878801" role=""/>
  <member type="way" ref="604878802" role=""/>
  <member type="way" ref="409106289" role=""/>
  <member type="way" ref="211234322" role=""/>
  <member type="way" ref="604424397" role=""/>
  <member type="way" ref="1318066754" role=""/>
  <member type="way" ref="1318066760" role=""/>
  <member type="way" ref="1009632599" role=""/>
  <member type="way" ref="1090659720" role=""/>
  <member type="way" ref="211232455" role=""/>
  <member type="way" ref="1335866185" role=""/>
  <member type="way" ref="705428417" role=""/>
  <member type="way" ref="705428416" role=""/>
  <member type="way" ref="1173578148" role=""/>
  <member type="way" ref="1157829610" role=""/>
  <member type="way" ref="1173578149" role=""/>
  <member type="way" ref="1157829611" role=""/>
  <member type="way" ref="211233731" role=""/>
  <member type="way" ref="404679768" role=""/>
  <member type="way" ref="1173577410" role=""/>
  <member type="way" ref="312371747" role=""/>
  <member type="way" ref="404679767" role=""/>
  <member type="way" ref="1173577409" role=""/>
  <member type="way" ref="1484782305" role=""/>
  <member type="way" ref="211232411" role=""/>
  <member type="way" ref="717739874" role=""/>
  <member type="way" ref="1229642400" role=""/>
  <member type="way" ref="718462047" role=""/>
  <member type="way" ref="1272139965" role=""/>
  <member type="way" ref="1267006191" role=""/>
  <member type="way" ref="610935038" role=""/>
  <member type="way" ref="975924620" role=""/>
  <member type="way" ref="1289022514" role=""/>
  <member type="way" ref="1423019440" role=""/>
  <member type="way" ref="1313669651" role=""/>
  <member type="way" ref="217067357" role=""/>
  <member type="way" ref="1313669650" role=""/>
  <member type="way" ref="404679179" role=""/>
  <member type="way" ref="604502182" role=""/>
  <member type="way" ref="604502183" role=""/>
  <member type="way" ref="1174713471" role=""/>
  <member type="way" ref="609426501" role=""/>
  <member type="way" ref="1219114723" role=""/>
  <member type="way" ref="609452986" role=""/>
  <member type="way" ref="609426506" role=""/>
  <member type="way" ref="1219478126" role=""/>
  <member type="way" ref="1219478125" role=""/>
  <member type="way" ref="478832764" role=""/>
  <member type="way" ref="1228548620" role=""/>
  <member type="way" ref="1267138255" role=""/>
  <member type="way" ref="1222918384" role=""/>
  <member type="way" ref="1222918386" role=""/>
  <member type="way" ref="1485905683" role=""/>
  <member type="way" ref="1179762996" role=""/>
  <member type="way" ref="147991453" role=""/>
  <member type="way" ref="568405271" role=""/>
  <member type="way" ref="1222652198" role=""/>
  <member type="way" ref="1222652197" role=""/>
  <member type="way" ref="211062084" role=""/>
  <member type="way" ref="1147797173" role=""/>
  <member type="way" ref="1147797167" role=""/>
  <member type="way" ref="211079561" role=""/>
  <member type="way" ref="211079964" role=""/>
  <member type="way" ref="975924609" role=""/>
  <member type="way" ref="215350718" role=""/>
  <member type="way" ref="975924608" role=""/>
  <member type="way" ref="215350714" role=""/>
  <member type="way" ref="211080003" role=""/>
  <member type="way" ref="214588127" role=""/>
  <member type="way" ref="214588129" role=""/>
  <member type="way" ref="214587020" role=""/>
  <member type="way" ref="1156511712" role=""/>
  <member type="way" ref="214587018" role=""/>
  <member type="way" ref="223649487" role=""/>
  <member type="way" ref="977544297" role=""/>
  <member type="way" ref="1161991470" role=""/>
  <member type="way" ref="1486306990" role=""/>
  <member type="way" ref="1270140015" role=""/>
  <member type="way" ref="223649483" role=""/>
  <member type="way" ref="238522294" role=""/>
  <member type="way" ref="977544296" role=""/>
  <member type="way" ref="238522293" role=""/>
  <member type="way" ref="238522291" role=""/>
  <member type="way" ref="608833647" role=""/>
  <member type="way" ref="723589728" role=""/>
  <member type="way" ref="723584369" role=""/>
  <member type="way" ref="723584368" role=""/>
  <member type="way" ref="723580005" role=""/>
  <member type="way" ref="723580004" role=""/>
  <member type="way" ref="723580003" role=""/>
  <member type="way" ref="214583954" role=""/>
  <member type="way" ref="214584695" role=""/>
  <member type="way" ref="214584691" role=""/>
  <member type="way" ref="1222918385" role=""/>
  <member type="way" ref="238522292" role=""/>
  <member type="way" ref="723527401" role=""/>
  <member type="way" ref="1476358379" role=""/>
  <member type="way" ref="723527399" role=""/>
  <member type="way" ref="723527400" role=""/>
  <member type="way" ref="723584367" role=""/>
  <member type="way" ref="723589729" role=""/>
  <member type="way" ref="592538096" role=""/>
  <member type="way" ref="592538093" role=""/>
  <member type="way" ref="404671140" role=""/>
  <member type="way" ref="1156511702" role=""/>
  <member type="way" ref="608793323" role=""/>
  <member type="way" ref="608793322" role=""/>
  <member type="way" ref="404671142" role=""/>
  <member type="way" ref="404671143" role=""/>
  <member type="way" ref="1278390652" role=""/>
  <member type="way" ref="215350717" role=""/>
  <member type="way" ref="1277704609" role=""/>
  <member type="way" ref="1270907341" role=""/>
  <member type="way" ref="1009093741" role=""/>
  <member type="way" ref="1009093740" role=""/>
  <member type="way" ref="1009093739" role=""/>
  <member type="way" ref="1009093736" role=""/>
  <member type="way" ref="1009093737" role=""/>
  <member type="way" ref="1009093738" role=""/>
  <member type="way" ref="717755342" role=""/>
  <member type="way" ref="1266792727" role=""/>
  <member type="way" ref="610935035" role=""/>
  <member type="way" ref="718926129" role=""/>
  <member type="way" ref="715875464" role=""/>
  <member type="way" ref="715875463" role=""/>
  <member type="way" ref="1146056720" role=""/>
  <member type="way" ref="1231789678" role=""/>
  <member type="way" ref="1231789680" role=""/>
  <member type="way" ref="136700455" role=""/>
  <member type="way" ref="147991454" role=""/>
  <member type="way" ref="606213769" role=""/>
  <member type="way" ref="336325180" role=""/>
  <member type="way" ref="880536407" role=""/>
  <member type="way" ref="1222652196" role=""/>
  <member type="way" ref="1222652191" role=""/>
  <member type="way" ref="1169011692" role=""/>
  <member type="way" ref="1147797165" role=""/>
  <member type="way" ref="977793640" role=""/>
  <member type="way" ref="975991772" role=""/>
  <member type="way" ref="215350715" role=""/>
  <member type="way" ref="975991774" role=""/>
  <member type="way" ref="977793641" role=""/>
  <member type="way" ref="1167298511" role=""/>
  <member type="way" ref="1278390660" role=""/>
  <member type="way" ref="977793642" role=""/>
  <member type="way" ref="1167298510" role=""/>
  <member type="way" ref="215350720" role=""/>
  <member type="way" ref="32928912" role=""/>
  <member type="way" ref="57765829" role=""/>
  <member type="way" ref="32928910" role=""/>
  <member type="way" ref="817075556" role=""/>
  <member type="way" ref="1193706736" role=""/>
  <member type="way" ref="32928906" role=""/>
  <member type="way" ref="977793643" role=""/>
  <member type="way" ref="1267694046" role=""/>
  <member type="way" ref="32928907" role=""/>
  <member type="way" ref="977793644" role=""/>
  <member type="way" ref="32928908" role=""/>
  <member type="way" ref="57765828" role=""/>
  <member type="way" ref="32928914" role=""/>
  <member type="way" ref="608833650" role=""/>
  <member type="way" ref="723820278" role=""/>
  <member type="way" ref="723820275" role=""/>
  <member type="way" ref="723820274" role=""/>
  <member type="way" ref="57765827" role=""/>
  <member type="way" ref="722054939" role=""/>
  <member type="way" ref="722054943" role=""/>
  <member type="way" ref="723813239" role=""/>
  <member type="way" ref="214584694" role=""/>
  <member type="way" ref="32902793" role=""/>
  <member type="way" ref="1270628971" role=""/>
  <member type="way" ref="1277704608" role=""/>
  <member type="way" ref="215350716" role=""/>
  <member type="way" ref="1167298512" role=""/>
  <member type="way" ref="404676248" role=""/>
  <member type="way" ref="223649485" role=""/>
  <member type="way" ref="223649481" role=""/>
  <member type="way" ref="238812968" role=""/>
  <member type="way" ref="1278390651" role=""/>
  <member type="way" ref="817075551" role=""/>
  <member type="way" ref="1167308664" role=""/>
  <member type="way" ref="238812966" role=""/>
  <member type="way" ref="238812967" role=""/>
  <member type="way" ref="592572088" role=""/>
  <member type="way" ref="592572085" role=""/>
  <member type="way" ref="592572080" role=""/>
  <member type="way" ref="592572078" role=""/>
  <member type="way" ref="608833679" role=""/>
  <member type="way" ref="609381693" role=""/>
  <member type="way" ref="722054938" role=""/>
  <member type="way" ref="214583956" role=""/>
  <member type="way" ref="214583953" role=""/>
  <member type="way" ref="722054936" role=""/>
  <member type="way" ref="1476358380" role=""/>
  <member type="way" ref="32902797" role=""/>
  <member type="way" ref="971861280" role=""/>
  <member type="way" ref="330374300" role=""/>
  <member type="way" ref="1219478127" role=""/>
  <member type="way" ref="1219478121" role=""/>
  <member type="way" ref="147072272" role=""/>
  <member type="way" ref="1015714676" role=""/>
  <member type="way" ref="1322846100" role=""/>
  <member type="way" ref="1080678536" role=""/>
  <member type="way" ref="1219999106" role=""/>
  <member type="way" ref="1335866196" role=""/>
  <member type="way" ref="1335866190" role=""/>
  <member type="way" ref="1335866193" role=""/>
  <member type="way" ref="1335866192" role=""/>
  <member type="way" ref="1228007446" role=""/>
  <member type="way" ref="975991769" role=""/>
  <member type="way" ref="1305932543" role=""/>
  <member type="way" ref="1305932538" role=""/>
  <member type="way" ref="1305932540" role=""/>
  <member type="way" ref="604884145" role=""/>
  <member type="way" ref="1009632605" role=""/>
  <member type="way" ref="1318066758" role=""/>
  <member type="way" ref="1227951473" role=""/>
  <member type="way" ref="1318066757" role=""/>
  <member type="way" ref="604884144" role=""/>
  <member type="way" ref="604424396" role=""/>
  <member type="way" ref="608833641" role=""/>
  <member type="way" ref="1359273897" role=""/>
  <member type="way" ref="592572075" role=""/>
  <member type="way" ref="592572073" role=""/>
  <member type="way" ref="605169163" role=""/>
  <member type="way" ref="228021173" role=""/>
  <member type="way" ref="977544300" role=""/>
  <member type="way" ref="1173576803" role=""/>
  <member type="way" ref="607624737" role=""/>
  <member type="way" ref="977544303" role=""/>
  <member type="way" ref="607624736" role=""/>
  <member type="way" ref="234901532" role=""/>
  <member type="way" ref="1259262046" role=""/>
  <member type="way" ref="720029845" role=""/>
  <member type="way" ref="714466495" role=""/>
  <member type="way" ref="714466493" role=""/>
  <member type="way" ref="607624741" role=""/>
  <member type="way" ref="211232402" role=""/>
  <member type="way" ref="714466494" role=""/>
  <member type="way" ref="717585243" role=""/>
  <member type="way" ref="211232372" role=""/>
  <member type="way" ref="211232330" role=""/>
  <member type="way" ref="1222652195" role=""/>
  <member type="way" ref="1266792695" role=""/>
  <member type="way" ref="1222652193" role=""/>
  <member type="way" ref="404694339" role=""/>
  <member type="way" ref="1269264072" role=""/>
  <member type="way" ref="1147797171" role=""/>
  <member type="way" ref="1147797169" role=""/>
  <member type="way" ref="1147797172" role=""/>
  <member type="way" ref="404694341" role=""/>
  <member type="way" ref="1219999104" role=""/>
  <member type="way" ref="228021174" role=""/>
  <member type="way" ref="1216446350" role=""/>
  <member type="way" ref="1216446353" role=""/>
  <member type="way" ref="1216446352" role=""/>
  <member type="way" ref="1216446351" role=""/>
  <member type="way" ref="977544302" role=""/>
  <member type="way" ref="1263992527" role=""/>
  <member type="way" ref="977544301" role=""/>
  <member type="way" ref="723820276" role=""/>
  <member type="way" ref="722054944" role=""/>
  <member type="way" ref="233471358" role=""/>
  <member type="way" ref="233471359" role=""/>
  <member type="way" ref="330374290" role=""/>
  <member type="way" ref="1270628952" role=""/>
  <member type="way" ref="566532006" role=""/>
  <member type="way" ref="1150122112" role=""/>
  <member type="way" ref="996075561" role=""/>
  <member type="way" ref="996075563" role=""/>
  <member type="way" ref="1150121691" role=""/>
  <member type="way" ref="1271747052" role=""/>
  <member type="way" ref="898446371" role=""/>
  <member type="way" ref="1169666266" role=""/>
  <member type="way" ref="1150120411" role=""/>
  <member type="way" ref="566531812" role=""/>
  <member type="way" ref="1271747101" role=""/>
  <member type="way" ref="1352842781" role=""/>
  <member type="way" ref="1011250649" role=""/>
  <member type="way" ref="1392153946" role=""/>
  <member type="way" ref="1225097589" role=""/>
  <member type="way" ref="1225097586" role=""/>
  <member type="way" ref="898446564" role=""/>
  <member type="way" ref="908733822" role=""/>
  <member type="way" ref="1271747066" role=""/>
  <member type="way" ref="1271081395" role=""/>
  <member type="way" ref="1271747100" role=""/>
  <member type="way" ref="1123121464" role=""/>
  <member type="way" ref="1169666267" role=""/>
  <member type="way" ref="566529161" role=""/>
  <member type="way" ref="1173002893" role=""/>
  <member type="way" ref="612432709" role=""/>
  <member type="way" ref="612432705" role=""/>
  <member type="way" ref="712504661" role=""/>
  <member type="way" ref="1384339305" role=""/>
  <member type="way" ref="1169668382" role=""/>
  <member type="way" ref="1169668376" role=""/>
  <member type="way" ref="1169668378" role=""/>
  <member type="way" ref="611470613" role=""/>
  <member type="way" ref="611470614" role=""/>
  <member type="way" ref="1169668384" role=""/>
  <member type="way" ref="51199780" role=""/>
  <member type="way" ref="714024312" role=""/>
  <member type="way" ref="111978670" role=""/>
  <member type="way" ref="714024309" role=""/>
  <member type="way" ref="397374836" role=""/>
  <member type="way" ref="896434908" role=""/>
  <member type="way" ref="111978654" role=""/>
  <member type="way" ref="1154653433" role=""/>
  <member type="way" ref="714024310" role=""/>
  <member type="way" ref="111978659" role=""/>
  <member type="way" ref="1196674776" role=""/>
  <member type="way" ref="707604575" role=""/>
  <member type="way" ref="1196674777" role=""/>
  <member type="way" ref="707997479" role=""/>
  <member type="way" ref="707996427" role=""/>
  <member type="way" ref="707996426" role=""/>
  <member type="way" ref="707996425" role=""/>
  <member type="way" ref="1225571950" role=""/>
  <member type="way" ref="1225571952" role=""/>
  <member type="way" ref="1225571953" role=""/>
  <member type="way" ref="1225571958" role=""/>
  <member type="way" ref="1225571959" role=""/>
  <member type="way" ref="1225571949" role=""/>
  <member type="way" ref="1225571957" role=""/>
  <member type="way" ref="1225571955" role=""/>
  <member type="way" ref="1265700907" role=""/>
  <member type="way" ref="152067205" role=""/>
  <member type="way" ref="975991764" role=""/>
  <member type="way" ref="1271747098" role=""/>
  <member type="way" ref="541618675" role=""/>
  <member type="way" ref="1169668381" role=""/>
  <member type="way" ref="541618674" role=""/>
  <member type="way" ref="611470612" role=""/>
  <member type="way" ref="1169668383" role=""/>
  <member type="way" ref="712504662" role=""/>
  <member type="way" ref="528948099" role=""/>
  <member type="way" ref="528948098" role=""/>
  <member type="way" ref="566529158" role=""/>
  <member type="way" ref="612432718" role=""/>
  <member type="way" ref="1150120412" role=""/>
  <member type="way" ref="493602640" role=""/>
  <member type="way" ref="1271081397" role=""/>
  <member type="way" ref="493602641" role=""/>
  <member type="way" ref="475319922" role=""/>
  <member type="way" ref="1271747067" role=""/>
  <member type="way" ref="136700456" role=""/>
  <member type="way" ref="1265997681" role=""/>
  <member type="way" ref="894823922" role=""/>
  <member type="way" ref="894823921" role=""/>
  <member type="way" ref="397374834" role=""/>
  <member type="way" ref="566339489" role=""/>
  <member type="way" ref="714024311" role=""/>
  <member type="way" ref="896434907" role=""/>
  <member type="way" ref="894863156" role=""/>
  <member type="way" ref="895452289" role=""/>
  <member type="way" ref="707604576" role=""/>
  <member type="way" ref="1231789682" role=""/>
  <member type="way" ref="1271081396" role=""/>
  <member type="way" ref="1169668379" role=""/>
  <member type="way" ref="1271747082" role=""/>
  <member type="way" ref="1169668377" role=""/>
  <member type="way" ref="1169668385" role=""/>
  <member type="way" ref="1169668380" role=""/>
  <member type="way" ref="1173002892" role=""/>
  <member type="way" ref="1150117633" role=""/>
  <member type="way" ref="1011250644" role=""/>
  <member type="way" ref="1271747069" role=""/>
  <member type="way" ref="1225097587" role=""/>
  <member type="way" ref="1225097588" role=""/>
  <member type="way" ref="1150120409" role=""/>
  <member type="way" ref="463204892" role=""/>
  <member type="way" ref="475319984" role=""/>
  <member type="way" ref="1173002891" role=""/>
  <member type="way" ref="566515180" role=""/>
  <member type="way" ref="1121702837" role=""/>
  <member type="way" ref="1476061534" role=""/>
  <member type="way" ref="1188225166" role=""/>
  <member type="way" ref="1021412524" role=""/>
  <member type="way" ref="486124075" role=""/>
  <member type="way" ref="566312924" role=""/>
  <member type="way" ref="566312569" role=""/>
  <member type="way" ref="566312568" role=""/>
  <member type="way" ref="566312567" role=""/>
  <member type="way" ref="689224276" role=""/>
  <member type="way" ref="111978666" role=""/>
  <member type="way" ref="1021412523" role=""/>
  <member type="way" ref="1021412516" role=""/>
  <member type="way" ref="1226954216" role=""/>
  <member type="way" ref="689224270" role=""/>
  <member type="way" ref="689224267" role=""/>
  <member type="way" ref="112004487" role=""/>
  <member type="way" ref="896837750" role=""/>
  <member type="way" ref="896837751" role=""/>
  <member type="way" ref="112004480" role=""/>
  <member type="way" ref="708002873" role=""/>
  <member type="way" ref="111978691" role=""/>
  <member type="way" ref="111978669" role=""/>
  <member type="way" ref="1021328241" role=""/>
  <member type="way" ref="1021328239" role=""/>
  <member type="way" ref="1021328240" role=""/>
  <member type="way" ref="1306571072" role=""/>
  <member type="way" ref="1306571071" role=""/>
  <member type="way" ref="712521168" role=""/>
  <member type="way" ref="708002876" role=""/>
  <member type="way" ref="896837752" role=""/>
  <member type="way" ref="896837753" role=""/>
  <member type="way" ref="689224268" role=""/>
  <member type="way" ref="111978658" role=""/>
  <member type="way" ref="1021412519" role=""/>
  <member type="way" ref="1226954217" role=""/>
  <member type="way" ref="1021412522" role=""/>
  <member type="way" ref="689224269" role=""/>
  <member type="way" ref="689224275" role=""/>
  <member type="way" ref="708003042" role=""/>
  <member type="way" ref="566312570" role=""/>
  <member type="way" ref="566312925" role=""/>
  <member type="way" ref="566312926" role=""/>
  <member type="way" ref="566312571" role=""/>
  <member type="way" ref="31096566" role=""/>
  <member type="way" ref="112188219" role=""/>
  <member type="way" ref="1476061533" role=""/>
  <member type="way" ref="732103637" role=""/>
  <member type="way" ref="648540107" role=""/>
  <member type="way" ref="111978686" role=""/>
  <member type="way" ref="111978677" role=""/>
  <member type="way" ref="708001508" role=""/>
  <member type="way" ref="111978695" role=""/>
  <member type="way" ref="111978672" role=""/>
  <member type="way" ref="111978678" role=""/>
  <member type="way" ref="111978650" role=""/>
  <member type="way" ref="111978664" role=""/>
  <member type="way" ref="111978660" role=""/>
  <member type="way" ref="708001499" role=""/>
  <member type="way" ref="1476073742" role=""/>
  <member type="way" ref="112004486" role=""/>
  <member type="way" ref="1107959657" role=""/>
  <member type="way" ref="1107959658" role=""/>
  <member type="way" ref="708000032" role=""/>
  <member type="way" ref="111978675" role=""/>
  <member type="way" ref="111978693" role=""/>
  <member type="way" ref="708000030" role=""/>
  <member type="way" ref="708000028" role=""/>
  <member type="way" ref="111978687" role=""/>
  <member type="way" ref="111978661" role=""/>
  <member type="way" ref="708000025" role=""/>
  <member type="way" ref="708000024" role=""/>
  <member type="way" ref="111978676" role=""/>
  <member type="way" ref="111978694" role=""/>
  <member type="way" ref="566320512" role=""/>
  <member type="way" ref="708000022" role=""/>
  <member type="way" ref="1024132205" role=""/>
  <member type="way" ref="111978655" role=""/>
  <member type="way" ref="111978665" role=""/>
  <member type="way" ref="1164417651" role=""/>
  <member type="way" ref="1164417645" role=""/>
  <member type="way" ref="1164417650" role=""/>
  <member type="way" ref="1164417644" role=""/>
  <member type="way" ref="1219655393" role=""/>
  <member type="way" ref="733443506" role=""/>
  <member type="way" ref="111978679" role=""/>
  <member type="way" ref="111978681" role=""/>
  <member type="way" ref="730754736" role=""/>
  <member type="way" ref="730754735" role=""/>
  <member type="way" ref="896837430" role=""/>
  <member type="way" ref="566324074" role=""/>
  <member type="way" ref="566324073" role=""/>
  <member type="way" ref="707994961" role=""/>
  <member type="way" ref="707994962" role=""/>
  <member type="way" ref="707994963" role=""/>
  <member type="way" ref="1219655392" role=""/>
  <member type="way" ref="1219655397" role=""/>
  <member type="way" ref="1219655396" role=""/>
  <member type="way" ref="707994965" role=""/>
  <member type="way" ref="1219655395" role=""/>
  <member type="way" ref="1196674779" role=""/>
  <member type="way" ref="1219655394" role=""/>
  <member type="way" ref="111978688" role=""/>
  <member type="way" ref="167989652" role=""/>
  <member type="way" ref="167989650" role=""/>
  <member type="way" ref="707608905" role=""/>
  <member type="way" ref="896837432" role=""/>
  <member type="way" ref="896837433" role=""/>
  <member type="way" ref="111978673" role=""/>
  <member type="way" ref="1471027393" role=""/>
  <member type="way" ref="707604579" role=""/>
  <member type="way" ref="566146591" role=""/>
  <member type="way" ref="566146592" role=""/>
  <member type="way" ref="566146586" role=""/>
  <member type="way" ref="566146587" role=""/>
  <member type="way" ref="566144362" role=""/>
  <member type="way" ref="1225556182" role=""/>
  <member type="way" ref="1225556178" role=""/>
  <member type="way" ref="1149817566" role=""/>
  <member type="way" ref="566144361" role=""/>
  <member type="way" ref="1225556183" role=""/>
  <member type="way" ref="1225556177" role=""/>
  <member type="way" ref="689419730" role=""/>
  <member type="way" ref="689419729" role=""/>
  <member type="way" ref="566142551" role=""/>
  <member type="way" ref="566142550" role=""/>
  <member type="way" ref="566139884" role=""/>
  <member type="way" ref="566139885" role=""/>
  <member type="way" ref="566139882" role=""/>
  <member type="way" ref="566139881" role=""/>
  <member type="way" ref="1232310870" role=""/>
  <member type="way" ref="1478618430" role=""/>
  <member type="way" ref="1233692279" role=""/>
  <member type="way" ref="75378577" role=""/>
  <member type="way" ref="1211721267" role=""/>
  <member type="way" ref="144958697" role=""/>
  <member type="way" ref="1478741651" role=""/>
  <member type="way" ref="1478741655" role=""/>
  <member type="way" ref="126635937" role=""/>
  <member type="way" ref="566232482" role=""/>
  <member type="way" ref="166552096" role=""/>
  <member type="way" ref="1315828419" role=""/>
  <member type="way" ref="254017928" role=""/>
  <member type="way" ref="254017926" role=""/>
  <member type="way" ref="166441800" role=""/>
  <member type="way" ref="449246324" role=""/>
  <member type="way" ref="225085124" role=""/>
  <member type="way" ref="1306889716" role=""/>
  <member type="way" ref="449246323" role=""/>
  <member type="way" ref="1192235226" role=""/>
  <member type="way" ref="708000026" role=""/>
  <member type="way" ref="708000031" role=""/>
  <member type="way" ref="708001509" role=""/>
  <member type="way" ref="708001510" role=""/>
  <member type="way" ref="708001511" role=""/>
  <member type="way" ref="708001512" role=""/>
  <member type="way" ref="708001513" role=""/>
  <member type="way" ref="708001506" role=""/>
  <member type="way" ref="708001503" role=""/>
  <member type="way" ref="1476073741" role=""/>
  <member type="way" ref="708000034" role=""/>
  <member type="way" ref="1107959659" role=""/>
  <member type="way" ref="1107959660" role=""/>
  <member type="way" ref="708000035" role=""/>
  <member type="way" ref="566147099" role=""/>
  <member type="way" ref="1481456006" role=""/>
  <member type="way" ref="1481456007" role=""/>
  <member type="way" ref="1481456003" role=""/>
  <member type="way" ref="255363576" role=""/>
  <member type="way" ref="565302893" role=""/>
  <member type="way" ref="565302892" role=""/>
  <member type="way" ref="565302891" role=""/>
  <member type="way" ref="565302890" role=""/>
  <member type="way" ref="1481455988" role=""/>
  <member type="way" ref="1481455989" role=""/>
  <member type="way" ref="1481455985" role=""/>
  <member type="way" ref="1481455995" role=""/>
  <member type="way" ref="1481455994" role=""/>
  <member type="way" ref="566146593" role=""/>
  <member type="way" ref="689419726" role=""/>
  <member type="way" ref="566146588" role=""/>
  <member type="way" ref="1149816985" role=""/>
  <member type="way" ref="566146589" role=""/>
  <member type="way" ref="1225556179" role=""/>
  <member type="way" ref="1225556181" role=""/>
  <member type="way" ref="566144363" role=""/>
  <member type="way" ref="566144364" role=""/>
  <member type="way" ref="1225556180" role=""/>
  <member type="way" ref="1413781494" role=""/>
  <member type="way" ref="689419727" role=""/>
  <member type="way" ref="689419728" role=""/>
  <member type="way" ref="566142552" role=""/>
  <member type="way" ref="566142553" role=""/>
  <member type="way" ref="566142548" role=""/>
  <member type="way" ref="566139886" role=""/>
  <member type="way" ref="566142545" role=""/>
  <member type="way" ref="1231391441" role=""/>
  <member type="way" ref="1231391452" role=""/>
  <member type="way" ref="1273631362" role=""/>
  <member type="way" ref="1124880030" role=""/>
  <member type="way" ref="1232310871" role=""/>
  <member type="way" ref="566136715" role=""/>
  <member type="way" ref="566136716" role=""/>
  <member type="way" ref="566136717" role=""/>
  <member type="way" ref="1478741652" role=""/>
  <member type="way" ref="1478741654" role=""/>
  <member type="way" ref="566126966" role=""/>
  <member type="way" ref="566132767" role=""/>
  <member type="way" ref="566126248" role=""/>
  <member type="way" ref="1164417647" role=""/>
  <member type="way" ref="708000021" role=""/>
  <member type="way" ref="708000019" role=""/>
  <member type="way" ref="566320515" role=""/>
  <member type="way" ref="1164417649" role=""/>
  <member type="way" ref="1164417642" role=""/>
  <member type="way" ref="1164417646" role=""/>
  <member type="way" ref="1164417643" role=""/>
  <member type="way" ref="1196674778" role=""/>
  <member type="way" ref="733443505" role=""/>
  <member type="way" ref="680594146" role=""/>
  <member type="way" ref="530234459" role=""/>
  <member type="way" ref="707996419" role=""/>
  <member type="way" ref="707996420" role=""/>
  <member type="way" ref="1182388548" role=""/>
  <member type="way" ref="1182388547" role=""/>
  <member type="way" ref="1182388546" role=""/>
  <member type="way" ref="1182388545" role=""/>
  <member type="way" ref="1165938493" role=""/>
  <member type="way" ref="707996421" role=""/>
  <member type="way" ref="896966055" role=""/>
  <member type="way" ref="896966054" role=""/>
  <member type="way" ref="896374156" role=""/>
  <member type="way" ref="896374155" role=""/>
  <member type="way" ref="707996422" role=""/>
  <member type="way" ref="707996423" role=""/>
  <member type="way" ref="707996424" role=""/>
  <member type="way" ref="1225571954" role=""/>
  <member type="way" ref="1164417648" role=""/>
  <member type="way" ref="541655046" role=""/>
  <member type="way" ref="554925946" role=""/>
  <member type="way" ref="935860137" role=""/>
  <member type="way" ref="935860135" role=""/>
  <member type="way" ref="126764334" role=""/>
  <member type="way" ref="126764333" role=""/>
  <member type="way" ref="566256241" role=""/>
  <member type="way" ref="566256244" role=""/>
  <member type="way" ref="566256243" role=""/>
  <member type="way" ref="566256251" role=""/>
  <member type="way" ref="931942971" role=""/>
  <member type="way" ref="669499505" role=""/>
  <member type="way" ref="631613864" role=""/>
  <member type="way" ref="1022883076" role=""/>
  <member type="way" ref="587247662" role=""/>
  <member type="way" ref="587247663" role=""/>
  <member type="way" ref="587247664" role=""/>
  <member type="way" ref="587247665" role=""/>
  <member type="way" ref="1124665868" role=""/>
  <member type="way" ref="587247667" role=""/>
  <member type="way" ref="1017498916" role=""/>
  <member type="way" ref="1017498917" role=""/>
  <member type="way" ref="587247668" role=""/>
  <member type="way" ref="587247669" role=""/>
  <member type="way" ref="587247670" role=""/>
  <member type="way" ref="1383099341" role=""/>
  <member type="way" ref="1383099338" role=""/>
  <member type="way" ref="587249255" role=""/>
  <member type="way" ref="126808645" role=""/>
  <member type="way" ref="126808649" role=""/>
  <member type="way" ref="488888906" role=""/>
  <member type="way" ref="488888905" role=""/>
  <member type="way" ref="126808647" role=""/>
  <member type="way" ref="566237426" role=""/>
  <member type="way" ref="126807882" role=""/>
  <member type="way" ref="126807879" role=""/>
  <member type="way" ref="126807880" role=""/>
  <member type="way" ref="126807875" role=""/>
  <member type="way" ref="126807877" role=""/>
  <member type="way" ref="823521695" role=""/>
  <member type="way" ref="823521696" role=""/>
  <member type="way" ref="835863643" role=""/>
  <member type="way" ref="835863642" role=""/>
  <member type="way" ref="449237306" role=""/>
  <member type="way" ref="126764335" role=""/>
  <member type="way" ref="1293599038" role=""/>
  <member type="way" ref="1293599037" role=""/>
  <member type="way" ref="1034374245" role=""/>
  <member type="way" ref="566258586" role=""/>
  <member type="way" ref="855250873" role=""/>
  <member type="way" ref="855250872" role=""/>
  <member type="way" ref="566258588" role=""/>
  <member type="way" ref="566258582" role=""/>
  <member type="way" ref="856632120" role=""/>
  <member type="way" ref="856632119" role=""/>
  <member type="way" ref="566258578" role=""/>
  <member type="way" ref="856225685" role=""/>
  <member type="way" ref="856225686" role=""/>
  <member type="way" ref="856594000" role=""/>
  <member type="way" ref="856594001" role=""/>
  <member type="way" ref="566503462" role=""/>
  <member type="way" ref="566503463" role=""/>
  <member type="way" ref="566503464" role=""/>
  <member type="way" ref="566503465" role=""/>
  <member type="way" ref="855250871" role=""/>
  <member type="way" ref="631613863" role=""/>
  <member type="way" ref="852221813" role=""/>
  <member type="way" ref="1433502172" role=""/>
  <member type="way" ref="1433502173" role=""/>
  <member type="way" ref="397376279" role=""/>
  <member type="way" ref="397489622" role=""/>
  <member type="way" ref="1490956516" role=""/>
  <member type="way" ref="1490956517" role=""/>
  <member type="way" ref="566236268" role=""/>
  <member type="way" ref="1490956505" role=""/>
  <member type="way" ref="1490956504" role=""/>
  <member type="way" ref="1490956503" role=""/>
  <member type="way" ref="1490956502" role=""/>
  <member type="way" ref="1490956497" role=""/>
  <member type="way" ref="1490956496" role=""/>
  <member type="way" ref="169082720" role=""/>
  <member type="way" ref="169082716" role=""/>
  <member type="way" ref="566236267" role=""/>
  <member type="way" ref="318779801" role=""/>
  <member type="way" ref="318779802" role=""/>
  <member type="way" ref="318779799" role=""/>
  <member type="way" ref="318779800" role=""/>
  <member type="way" ref="304061600" role=""/>
  <member type="way" ref="304061599" role=""/>
  <member type="way" ref="304061601" role=""/>
  <member type="way" ref="397376283" role=""/>
  <member type="way" ref="397376283" role=""/>
  <member type="way" ref="304061601" role=""/>
  <member type="way" ref="304061599" role=""/>
  <member type="way" ref="304061600" role=""/>
  <member type="way" ref="318779800" role=""/>
  <member type="way" ref="318779799" role=""/>
  <member type="way" ref="318779802" role=""/>
  <member type="way" ref="318779801" role=""/>
  <member type="way" ref="169517165" role=""/>
  <member type="way" ref="169517170" role=""/>
  <member type="way" ref="908969665" role=""/>
  <member type="way" ref="1050211430" role=""/>
  <member type="way" ref="566235770" role=""/>
  <member type="way" ref="1346118959" role=""/>
  <member type="way" ref="152846505" role=""/>
  <member type="way" ref="152846507" role=""/>
  <member type="way" ref="566235764" role=""/>
  <member type="way" ref="1363520641" role=""/>
  <member type="way" ref="1284590353" role=""/>
  <member type="way" ref="566235765" role=""/>
  <member type="way" ref="1284590354" role=""/>
  <member type="way" ref="152952275" role=""/>
  <member type="way" ref="566039669" role=""/>
  <member type="way" ref="566039671" role=""/>
  <member type="way" ref="543818035" role=""/>
  <member type="way" ref="543818034" role=""/>
  <member type="way" ref="152952269" role=""/>
  <member type="way" ref="935852787" role=""/>
  <member type="way" ref="633624233" role=""/>
  <member type="way" ref="586329583" role=""/>
  <member type="way" ref="566256238" role=""/>
  <member type="way" ref="141176928" role=""/>
  <member type="way" ref="141176929" role=""/>
  <member type="way" ref="566237927" role=""/>
  <member type="way" ref="586329581" role=""/>
  <member type="way" ref="566237928" role=""/>
  <member type="way" ref="586327546" role=""/>
  <member type="way" ref="586327545" role=""/>
  <member type="way" ref="318778560" role=""/>
  <member type="way" ref="857956049" role=""/>
  <member type="way" ref="857956048" role=""/>
  <member type="way" ref="318778559" role=""/>
  <member type="way" ref="855467687" role=""/>
  <member type="way" ref="855467686" role=""/>
  <member type="way" ref="318778562" role=""/>
  <member type="way" ref="318778561" role=""/>
  <member type="way" ref="485393343" role=""/>
  <member type="way" ref="485393344" role=""/>
  <member type="way" ref="318778564" role=""/>
  <member type="way" ref="318778563" role=""/>
  <member type="way" ref="318778566" role=""/>
  <member type="way" ref="318778565" role=""/>
  <member type="way" ref="852618513" role=""/>
  <member type="way" ref="853598615" role=""/>
  <member type="way" ref="853598614" role=""/>
  <member type="way" ref="853598616" role=""/>
  <member type="way" ref="1177119150" role=""/>
  <member type="way" ref="1177119144" role=""/>
  <member type="way" ref="1177119143" role=""/>
  <member type="way" ref="1177119149" role=""/>
  <member type="way" ref="1177119146" role=""/>
  <member type="way" ref="1177119145" role=""/>
  <member type="way" ref="1177119142" role=""/>
  <member type="way" ref="1177119141" role=""/>
  <member type="way" ref="1177119148" role=""/>
  <member type="way" ref="1177119147" role=""/>
  <member type="way" ref="1177119140" role=""/>
  <member type="way" ref="1177119139" role=""/>
  <member type="way" ref="1177119138" role=""/>
  <member type="way" ref="1177119134" role=""/>
  <member type="way" ref="1177119133" role=""/>
  <member type="way" ref="1237217646" role=""/>
  <member type="way" ref="1237217648" role=""/>
  <member type="way" ref="1237217649" role=""/>
  <member type="way" ref="1237217647" role=""/>
  <member type="way" ref="1237217650" role=""/>
  <member type="way" ref="1237217651" role=""/>
  <member type="way" ref="1177119137" role=""/>
  <member type="way" ref="1177119135" role=""/>
  <member type="way" ref="1177119136" role=""/>
  <member type="way" ref="1237217653" role=""/>
  <member type="way" ref="1237221170" role=""/>
  <member type="way" ref="1293599036" role=""/>
  <member type="way" ref="142473515" role=""/>
  <member type="way" ref="142473523" role=""/>
  <member type="way" ref="126761750" role=""/>
  <member type="way" ref="126762529" role=""/>
  <member type="way" ref="126761748" role=""/>
  <member type="way" ref="126761753" role=""/>
  <member type="way" ref="126761747" role=""/>
  <member type="way" ref="633624232" role=""/>
  <member type="way" ref="935860138" role=""/>
  <member type="way" ref="935860142" role=""/>
  <member type="way" ref="935860141" role=""/>
  <member type="way" ref="151825262" role=""/>
  <member type="way" ref="1022883077" role=""/>
  <member type="way" ref="1022883081" role=""/>
  <member type="way" ref="936275941" role=""/>
  <member type="way" ref="130061060" role=""/>
  <member type="way" ref="130061067" role=""/>
  <member type="way" ref="1489465800" role=""/>
  <member type="way" ref="1489465804" role=""/>
  <member type="way" ref="1489465805" role=""/>
  <member type="way" ref="936275944" role=""/>
  <member type="way" ref="318779797" role=""/>
  <member type="way" ref="10417532" role=""/>
  <member type="way" ref="936285760" role=""/>
  <member type="way" ref="68731919" role=""/>
  <member type="way" ref="587643475" role=""/>
  <member type="way" ref="931942972" role=""/>
  <member type="way" ref="908969680" role=""/>
  <member type="way" ref="908969679" role=""/>
  <member type="way" ref="908969671" role=""/>
  <member type="way" ref="908969670" role=""/>
  <member type="way" ref="1050211429" role=""/>
  <member type="way" ref="566235771" role=""/>
  <member type="way" ref="1346118958" role=""/>
  <member type="way" ref="566235762" role=""/>
  <member type="way" ref="566235763" role=""/>
  <member type="way" ref="1363520642" role=""/>
  <member type="way" ref="566235766" role=""/>
  <member type="way" ref="566039672" role=""/>
  <member type="way" ref="1284655441" role=""/>
  <member type="way" ref="566040516" role=""/>
  <member type="way" ref="566040517" role=""/>
  <member type="way" ref="566040518" role=""/>
  <member type="way" ref="566040519" role=""/>
  <member type="way" ref="566040521" role=""/>
  <member type="way" ref="1192235228" role=""/>
  <member type="way" ref="946523846" role=""/>
  <member type="way" ref="299845522" role=""/>
  <member type="way" ref="299845476" role=""/>
  <member type="way" ref="126669992" role=""/>
  <member type="way" ref="126669990" role=""/>
  <member type="way" ref="299845477" role=""/>
  <member type="way" ref="946523854" role=""/>
  <member type="way" ref="1240947756" role=""/>
  <member type="way" ref="946523849" role=""/>
  <member type="way" ref="566236677" role=""/>
  <member type="way" ref="566236678" role=""/>
  <member type="way" ref="935863305" role=""/>
  <member type="way" ref="126808648" role=""/>
  <member type="way" ref="566237559" role=""/>
  <member type="way" ref="566344057" role=""/>
  <member type="way" ref="318778567" role=""/>
  <member type="way" ref="318778568" role=""/>
  <member type="way" ref="853583790" role=""/>
  <member type="way" ref="853583791" role=""/>
  <member type="way" ref="852618512" role=""/>
  <member type="way" ref="566237561" role=""/>
  <member type="way" ref="566355423" role=""/>
  <member type="way" ref="566355422" role=""/>
  <member type="way" ref="485395826" role=""/>
  <member type="way" ref="485395825" role=""/>
  <member type="way" ref="225395569" role=""/>
  <member type="way" ref="860904019" role=""/>
  <member type="way" ref="566237562" role=""/>
  <member type="way" ref="566237563" role=""/>
  <member type="way" ref="566344060" role=""/>
  <member type="way" ref="488342019" role=""/>
  <member type="way" ref="758202771" role=""/>
  <member type="way" ref="758202772" role=""/>
  <member type="way" ref="587643474" role=""/>
  <member type="way" ref="936285763" role=""/>
  <member type="way" ref="936296658" role=""/>
  <member type="way" ref="566256249" role=""/>
  <member type="way" ref="566237932" role=""/>
  <member type="way" ref="636681085" role=""/>
  <member type="way" ref="566237933" role=""/>
  <member type="way" ref="566237929" role=""/>
  <member type="way" ref="852610929" role=""/>
  <member type="way" ref="1124031364" role=""/>
  <member type="way" ref="636681082" role=""/>
  <member type="way" ref="566237930" role=""/>
  <member type="way" ref="636681081" role=""/>
  <member type="way" ref="566501201" role=""/>
  <member type="way" ref="566501198" role=""/>
  <member type="way" ref="130061055" role=""/>
  <member type="way" ref="488891318" role=""/>
  <member type="way" ref="488891321" role=""/>
  <member type="way" ref="488891323" role=""/>
  <member type="way" ref="488891319" role=""/>
  <member type="way" ref="488891320" role=""/>
  <member type="way" ref="1383099342" role=""/>
  <member type="way" ref="1383099340" role=""/>
  <member type="way" ref="488342463" role=""/>
  <member type="way" ref="497140362" role=""/>
  <member type="way" ref="1059477704" role=""/>
  <member type="way" ref="856719957" role=""/>
  <member type="way" ref="243478113" role=""/>
  <member type="way" ref="243478110" role=""/>
  <member type="way" ref="243478115" role=""/>
  <member type="way" ref="243478116" role=""/>
  <member type="way" ref="243478112" role=""/>
  <member type="way" ref="855737063" role=""/>
  <member type="way" ref="855737062" role=""/>
  <member type="way" ref="243478108" role=""/>
  <member type="way" ref="243478114" role=""/>
  <member type="way" ref="243478111" role=""/>
  <member type="way" ref="855688340" role=""/>
  <member type="way" ref="855688339" role=""/>
  <member type="way" ref="141070954" role=""/>
  <member type="way" ref="141070936" role=""/>
  <member type="way" ref="485178605" role=""/>
  <member type="way" ref="485178600" role=""/>
  <member type="way" ref="856776421" role=""/>
  <member type="way" ref="856776422" role=""/>
  <member type="way" ref="855246834" role=""/>
  <member type="way" ref="855246833" role=""/>
  <member type="way" ref="302585940" role=""/>
  <member type="way" ref="302585946" role=""/>
  <member type="way" ref="485178604" role=""/>
  <member type="way" ref="485178602" role=""/>
  <member type="way" ref="859132991" role=""/>
  <member type="way" ref="859132990" role=""/>
  <member type="way" ref="302585941" role=""/>
  <member type="way" ref="302585943" role=""/>
  <member type="way" ref="856199814" role=""/>
  <member type="way" ref="857256176" role=""/>
  <member type="way" ref="857256175" role=""/>
  <member type="way" ref="856199815" role=""/>
  <member type="way" ref="566499846" role=""/>
  <member type="way" ref="566499847" role=""/>
  <member type="way" ref="126762528" role=""/>
  <member type="way" ref="856657430" role=""/>
  <member type="way" ref="142473513" role=""/>
  <member type="way" ref="142473526" role=""/>
  <member type="way" ref="852332915" role=""/>
  <member type="way" ref="852332916" role=""/>
  <member type="way" ref="852322686" role=""/>
  <member type="way" ref="142473521" role=""/>
  <member type="way" ref="142473520" role=""/>
  <member type="way" ref="142473527" role=""/>
  <member type="way" ref="1177119151" role=""/>
  <member type="way" ref="1059477715" role=""/>
  <member type="way" ref="934193169" role=""/>
  <member type="way" ref="1292979110" role=""/>
  <member type="way" ref="1377691929" role=""/>
  <member type="way" ref="1377691928" role=""/>
  <member type="way" ref="1292979112" role=""/>
  <member type="way" ref="934193171" role=""/>
  <member type="way" ref="934193168" role=""/>
  <member type="way" ref="934193175" role=""/>
  <member type="way" ref="251790804" role=""/>
  <member type="way" ref="1377691930" role=""/>
  <member type="way" ref="630722934" role=""/>
  <member type="way" ref="630722933" role=""/>
  <member type="way" ref="1377691931" role=""/>
  <member type="way" ref="1201834463" role=""/>
  <member type="way" ref="1330580746" role=""/>
  <member type="way" ref="1330580751" role=""/>
  <member type="way" ref="693636266" role=""/>
  <member type="way" ref="693636265" role=""/>
  <member type="way" ref="693636263" role=""/>
  <member type="way" ref="1330580749" role=""/>
  <member type="way" ref="1330580748" role=""/>
  <member type="way" ref="1012040326" role=""/>
  <member type="way" ref="1091130069" role=""/>
  <member type="way" ref="1091130070" role=""/>
  <member type="way" ref="823245160" role=""/>
  <member type="way" ref="628374860" role=""/>
  <member type="way" ref="628374859" role=""/>
  <member type="way" ref="1091130071" role=""/>
  <member type="way" ref="497536393" role=""/>
  <member type="way" ref="934194266" role=""/>
  <member type="way" ref="934194265" role=""/>
  <member type="way" ref="934193174" role=""/>
  <member type="way" ref="630722928" role=""/>
  <member type="way" ref="1306986783" role=""/>
  <member type="way" ref="695041117" role=""/>
  <member type="way" ref="742657426" role=""/>
  <member type="way" ref="742657430" role=""/>
  <member type="way" ref="450186586" role=""/>
  <member type="way" ref="926069390" role=""/>
  <member type="way" ref="1306986785" role=""/>
  <member type="way" ref="742657427" role=""/>
  <member type="way" ref="742657431" role=""/>
  <member type="way" ref="695041116" role=""/>
  <member type="way" ref="126819073" role=""/>
  <member type="way" ref="37940072" role=""/>
  <member type="way" ref="926069389" role=""/>
  <member type="way" ref="450186580" role=""/>
  <member type="way" ref="1371027030" role=""/>
  <member type="way" ref="450186570" role=""/>
  <member type="way" ref="1371050291" role=""/>
  <member type="way" ref="1371050288" role=""/>
  <member type="way" ref="450186579" role=""/>
  <member type="way" ref="446763433" role=""/>
  <member type="way" ref="241805287" role=""/>
  <member type="way" ref="1371027029" role=""/>
  <member type="way" ref="241805285" role=""/>
  <member type="way" ref="1371050290" role=""/>
  <member type="way" ref="1371050289" role=""/>
  <member type="way" ref="241805284" role=""/>
  <member type="way" ref="446809563" role=""/>
  <member type="way" ref="585994683" role=""/>
  <member type="way" ref="639537856" role=""/>
  <member type="way" ref="175776485" role=""/>
  <member type="way" ref="1314764268" role=""/>
  <member type="way" ref="164026131" role=""/>
  <member type="way" ref="1036710339" role=""/>
  <member type="way" ref="639545407" role=""/>
  <member type="way" ref="966430379" role=""/>
  <member type="way" ref="966430387" role=""/>
  <member type="way" ref="966430388" role=""/>
  <member type="way" ref="1392283604" role=""/>
  <member type="way" ref="86839179" role=""/>
  <member type="way" ref="86839176" role=""/>
  <member type="way" ref="1104085608" role=""/>
  <member type="way" ref="86839171" role=""/>
  <member type="way" ref="1373632084" role=""/>
  <member type="way" ref="1079053674" role=""/>
  <member type="way" ref="86934704" role=""/>
  <member type="way" ref="86934706" role=""/>
  <member type="way" ref="1350745417" role=""/>
  <member type="way" ref="935027844" role=""/>
  <member type="way" ref="87086263" role=""/>
  <member type="way" ref="841651904" role=""/>
  <member type="way" ref="87075219" role=""/>
  <member type="way" ref="87200847" role=""/>
  <member type="way" ref="1079064060" role=""/>
  <member type="way" ref="969759026" role=""/>
  <member type="way" ref="87200775" role=""/>
  <member type="way" ref="87200800" role=""/>
  <member type="way" ref="319395933" role=""/>
  <member type="way" ref="1359642908" role=""/>
  <member type="way" ref="1108863738" role=""/>
  <member type="way" ref="1359642909" role=""/>
  <member type="way" ref="1359642907" role=""/>
  <member type="way" ref="1359642911" role=""/>
  <member type="way" ref="1359642910" role=""/>
  <member type="way" ref="566124313" role=""/>
  <member type="way" ref="1315828418" role=""/>
  <member type="way" ref="566124312" role=""/>
  <member type="way" ref="566124311" role=""/>
  <member type="way" ref="748882410" role=""/>
  <member type="way" ref="566053368" role=""/>
  <member type="way" ref="1306889724" role=""/>
  <member type="way" ref="566048816" role=""/>
  <member type="way" ref="566048813" role=""/>
  <member type="way" ref="583538114" role=""/>
  <member type="way" ref="694357201" role=""/>
  <member type="way" ref="694760364" role=""/>
  <member type="way" ref="1280614522" role=""/>
  <member type="way" ref="1280614521" role=""/>
  <member type="way" ref="699783028" role=""/>
  <member type="way" ref="699783027" role=""/>
  <member type="way" ref="214114857" role=""/>
  <member type="way" ref="214114855" role=""/>
  <member type="way" ref="699706392" role=""/>
  <member type="way" ref="699751383" role=""/>
  <member type="way" ref="699780850" role=""/>
  <member type="way" ref="1147846799" role=""/>
  <member type="way" ref="699751384" role=""/>
  <member type="way" ref="699706391" role=""/>
  <member type="way" ref="1147846797" role=""/>
  <member type="way" ref="214138446" role=""/>
  <member type="way" ref="699673887" role=""/>
  <member type="way" ref="699669044" role=""/>
  <member type="way" ref="699669045" role=""/>
  <member type="way" ref="699669046" role=""/>
  <member type="way" ref="699669047" role=""/>
  <member type="way" ref="697816556" role=""/>
  <member type="way" ref="214138441" role=""/>
  <member type="way" ref="656632914" role=""/>
  <member type="way" ref="1282093035" role=""/>
  <member type="way" ref="1282093036" role=""/>
  <member type="way" ref="1282715047" role=""/>
  <member type="way" ref="567075914" role=""/>
  <member type="way" ref="697852359" role=""/>
  <member type="way" ref="697852360" role=""/>
  <member type="way" ref="1160165448" role=""/>
  <member type="way" ref="1287643275" role=""/>
  <member type="way" ref="469775431" role=""/>
  <member type="way" ref="88171491" role=""/>
  <member type="way" ref="816473584" role=""/>
  <member type="way" ref="816473585" role=""/>
  <member type="way" ref="816473733" role=""/>
  <member type="way" ref="816473734" role=""/>
  <member type="way" ref="1160433433" role=""/>
  <member type="way" ref="39453426" role=""/>
  <member type="way" ref="1466656206" role=""/>
  <member type="way" ref="39420504" role=""/>
  <member type="way" ref="88171538" role=""/>
  <member type="way" ref="88171451" role=""/>
  <member type="way" ref="88171517" role=""/>
  <member type="way" ref="88171443" role=""/>
  <member type="way" ref="1055652811" role=""/>
  <member type="way" ref="1160433426" role=""/>
  <member type="way" ref="126748346" role=""/>
  <member type="way" ref="626388840" role=""/>
  <member type="way" ref="1111678112" role=""/>
  <member type="way" ref="1111678111" role=""/>
  <member type="way" ref="88171428" role=""/>
  <member type="way" ref="656704033" role=""/>
  <member type="way" ref="1160433439" role=""/>
  <member type="way" ref="656704034" role=""/>
  <member type="way" ref="1111678113" role=""/>
  <member type="way" ref="1111678114" role=""/>
  <member type="way" ref="39411480" role=""/>
  <member type="way" ref="88171522" role=""/>
  <member type="way" ref="39421953" role=""/>
  <member type="way" ref="39416928" role=""/>
  <member type="way" ref="1160433436" role=""/>
  <member type="way" ref="1160433434" role=""/>
  <member type="way" ref="1490418851" role=""/>
  <member type="way" ref="1160433440" role=""/>
  <member type="way" ref="39453301" role=""/>
  <member type="way" ref="39419121" role=""/>
  <member type="way" ref="39420686" role=""/>
  <member type="way" ref="39419741" role=""/>
  <member type="way" ref="373192514" role=""/>
  <member type="way" ref="1160433441" role=""/>
  <member type="way" ref="1490418852" role=""/>
  <member type="way" ref="1169319983" role=""/>
  <member type="way" ref="1169292364" role=""/>
  <member type="way" ref="626381259" role=""/>
  <member type="way" ref="626381258" role=""/>
  <member type="way" ref="1160448444" role=""/>
  <member type="way" ref="52656433" role=""/>
  <member type="way" ref="567067667" role=""/>
  <member type="way" ref="1281556713" role=""/>
  <member type="way" ref="1140848100" role=""/>
  <member type="way" ref="1182437567" role=""/>
  <member type="way" ref="88310279" role=""/>
  <member type="way" ref="656740782" role=""/>
  <member type="way" ref="656740786" role=""/>
  <member type="way" ref="213705396" role=""/>
  <member type="way" ref="656744278" role=""/>
  <member type="way" ref="213706922" role=""/>
  <member type="way" ref="1323349750" role=""/>
  <member type="way" ref="712450545" role=""/>
  <member type="way" ref="712450661" role=""/>
  <member type="way" ref="167101314" role=""/>
  <member type="way" ref="1011954978" role=""/>
  <member type="way" ref="39998149" role=""/>
  <member type="way" ref="1011954979" role=""/>
  <member type="way" ref="1348457979" role=""/>
  <member type="way" ref="1348457980" role=""/>
  <member type="way" ref="1182205268" role=""/>
  <member type="way" ref="630723422" role=""/>
  <member type="way" ref="934193170" role=""/>
  <member type="way" ref="1330580752" role=""/>
  <member type="way" ref="1330580747" role=""/>
  <member type="way" ref="1108863750" role=""/>
  <member type="way" ref="1350745414" role=""/>
  <member type="way" ref="52672830" role=""/>
  <member type="way" ref="1068825157" role=""/>
  <member type="way" ref="907468897" role=""/>
  <member type="way" ref="1108863749" role=""/>
  <member type="way" ref="1359642906" role=""/>
  <member type="way" ref="1362759697" role=""/>
  <member type="way" ref="1355316076" role=""/>
  <member type="way" ref="1355316077" role=""/>
  <member type="way" ref="1355316082" role=""/>
  <member type="way" ref="1368976322" role=""/>
  <member type="way" ref="213451218" role=""/>
  <member type="way" ref="1368976323" role=""/>
  <member type="way" ref="833052655" role=""/>
  <member type="way" ref="884648760" role=""/>
  <member type="way" ref="884648759" role=""/>
  <member type="way" ref="829535080" role=""/>
  <member type="way" ref="833053484" role=""/>
  <member type="way" ref="306995813" role=""/>
  <member type="way" ref="829535040" role=""/>
  <member type="way" ref="830630723" role=""/>
  <member type="way" ref="830630743" role=""/>
  <member type="way" ref="830630744" role=""/>
  <member type="way" ref="1110436463" role=""/>
  <member type="way" ref="1110436464" role=""/>
  <member type="way" ref="1148763628" role=""/>
  <member type="way" ref="1338566399" role=""/>
  <member type="way" ref="1338566400" role=""/>
  <member type="way" ref="1372254019" role=""/>
  <member type="way" ref="1377578160" role=""/>
  <member type="way" ref="53646992" role=""/>
  <member type="way" ref="1382964927" role=""/>
  <member type="way" ref="1382964928" role=""/>
  <member type="way" ref="1383099344" role=""/>
  <member type="way" ref="1383099339" role=""/>
  <member type="way" ref="1387540489" role=""/>
  <member type="way" ref="1387542016" role=""/>
  <member type="way" ref="1387540488" role=""/>
  <member type="way" ref="1387542015" role=""/>
  <member type="way" ref="1390299086" role=""/>
  <member type="way" ref="1390307057" role=""/>
  <member type="way" ref="1392507346" role=""/>
  <member type="way" ref="974384422" role=""/>
  <member type="way" ref="1412959974" role=""/>
  <member type="way" ref="306393032" role=""/>
  <member type="way" ref="995068421" role=""/>
  <member type="way" ref="1159593145" role=""/>
  <member type="way" ref="1159593144" role=""/>
  <member type="way" ref="976596759" role=""/>
  <member type="way" ref="1409120952" role=""/>
  <member type="way" ref="974384423" role=""/>
  <member type="way" ref="1159589456" role=""/>
  <member type="way" ref="1159589461" role=""/>
  <member type="way" ref="1159589458" role=""/>
  <member type="way" ref="1159587203" role=""/>
  <member type="way" ref="1159587201" role=""/>
  <member type="way" ref="994892374" role=""/>
  <member type="way" ref="1159587202" role=""/>
  <member type="way" ref="1168419474" role=""/>
  <member type="way" ref="1106843001" role=""/>
  <member type="way" ref="1106843002" role=""/>
  <member type="way" ref="974366899" role=""/>
  <member type="way" ref="1168419475" role=""/>
  <member type="way" ref="1307645921" role=""/>
  <member type="way" ref="1409120955" role=""/>
  <member type="way" ref="1409120964" role=""/>
  <member type="way" ref="1307645920" role=""/>
  <member type="way" ref="1159589457" role=""/>
  <member type="way" ref="1409120951" role=""/>
  <member type="way" ref="1159589460" role=""/>
  <member type="way" ref="1159589459" role=""/>
  <member type="way" ref="995068423" role=""/>
  <member type="way" ref="1409120950" role=""/>
  <member type="way" ref="1159587198" role=""/>
  <member type="way" ref="1159587199" role=""/>
  <member type="way" ref="1159587200" role=""/>
  <member type="way" ref="1409120953" role=""/>
  <member type="way" ref="1168419477" role=""/>
  <member type="way" ref="1409120954" role=""/>
  <member type="way" ref="1106842994" role=""/>
  <member type="way" ref="994892376" role=""/>
  <member type="way" ref="1106842999" role=""/>
  <member type="way" ref="1168419476" role=""/>
  <member type="way" ref="1307645915" role=""/>
  <member type="way" ref="1307645916" role=""/>
  <member type="way" ref="974366901" role=""/>
  <member type="way" ref="1409120956" role=""/>
  <member type="way" ref="1409120966" role=""/>
  <member type="way" ref="585325020" role=""/>
  <member type="way" ref="994892379" role=""/>
  <member type="way" ref="1307159042" role=""/>
  <member type="way" ref="1319142698" role=""/>
  <member type="way" ref="834909204" role=""/>
  <member type="way" ref="585325019" role=""/>
  <member type="way" ref="1216671719" role=""/>
  <member type="way" ref="1031546854" role=""/>
  <member type="way" ref="1008257008" role=""/>
  <member type="way" ref="1008257004" role=""/>
  <member type="way" ref="1323330582" role=""/>
  <member type="way" ref="1323330581" role=""/>
  <member type="way" ref="1159593148" role=""/>
  <member type="way" ref="1038298441" role=""/>
  <member type="way" ref="995068425" role=""/>
  <member type="way" ref="1159593147" role=""/>
  <member type="way" ref="602643363" role=""/>
  <member type="way" ref="709867628" role=""/>
  <member type="way" ref="652049281" role=""/>
  <member type="way" ref="1305930423" role=""/>
  <member type="way" ref="1359489394" role=""/>
  <member type="way" ref="1008257005" role=""/>
  <member type="way" ref="158636492" role=""/>
  <member type="way" ref="986515990" role=""/>
  <member type="way" ref="1008256343" role=""/>
  <member type="way" ref="1409120944" role=""/>
  <member type="way" ref="1409120943" role=""/>
  <member type="way" ref="939740721" role=""/>
  <member type="way" ref="1022440115" role=""/>
  <member type="way" ref="897888712" role=""/>
  <member type="way" ref="613732353" role=""/>
  <member type="way" ref="1008282355" role=""/>
  <member type="way" ref="563806827" role=""/>
  <member type="way" ref="568387700" role=""/>
  <member type="way" ref="568387699" role=""/>
  <member type="way" ref="1008282354" role=""/>
  <member type="way" ref="1168965153" role=""/>
  <member type="way" ref="1168965155" role=""/>
  <member type="way" ref="1168965154" role=""/>
  <member type="way" ref="563808706" role=""/>
  <member type="way" ref="834909205" role=""/>
  <member type="way" ref="1281556709" role=""/>
  <member type="way" ref="1431620846" role=""/>
  <member type="way" ref="1442849907" role=""/>
  <member type="way" ref="1431620850" role=""/>
  <member type="way" ref="1442849908" role=""/>
  <member type="way" ref="1446220798" role=""/>
  <member type="way" ref="1446220796" role=""/>
  <member type="way" ref="1462489275" role=""/>
  <member type="way" ref="1462489276" role=""/>
  <member type="way" ref="1464088042" role=""/>
  <member type="way" ref="1464088041" role=""/>
  <member type="way" ref="1464088044" role=""/>
  <member type="way" ref="1464088043" role=""/>
  <member type="way" ref="1299939242" role=""/>
  <member type="way" ref="1299939241" role=""/>
  <member type="way" ref="1466572593" role=""/>
  <member type="way" ref="1157624116" role=""/>
  <member type="way" ref="1466572588" role=""/>
  <member type="way" ref="1466572590" role=""/>
  <member type="way" ref="1157624115" role=""/>
  <member type="way" ref="1466572586" role=""/>
  <member type="way" ref="1466572591" role=""/>
  <member type="way" ref="1466572587" role=""/>
  <member type="way" ref="1466572592" role=""/>
  <member type="way" ref="1466572589" role=""/>
  <member type="way" ref="1022267913" role=""/>
  <member type="way" ref="1234495054" role=""/>
  <member type="way" ref="970251639" role=""/>
  <member type="way" ref="970251639" role=""/>
  <member type="way" ref="563863316" role=""/>
  <member type="way" ref="972594769" role=""/>
  <member type="way" ref="563863320" role=""/>
  <member type="way" ref="1173926558" role=""/>
  <member type="way" ref="996283268" role=""/>
  <member type="way" ref="1022440103" role=""/>
  <member type="way" ref="972594770" role=""/>
  <member type="way" ref="970251638" role=""/>
  <member type="way" ref="563863317" role=""/>
  <member type="way" ref="563863315" role=""/>
  <member type="way" ref="972594775" role=""/>
  <member type="way" ref="972594770" role=""/>
  <member type="way" ref="1022440103" role=""/>
  <member type="way" ref="996283268" role=""/>
  <member type="way" ref="1173926558" role=""/>
  <member type="way" ref="563863320" role=""/>
  <member type="way" ref="1095291759" role=""/>
  <member type="way" ref="151820479" role=""/>
  <member type="way" ref="972594769" role=""/>
  <member type="way" ref="1472728063" role=""/>
  <member type="way" ref="1472728068" role=""/>
  <member type="way" ref="1472728069" role=""/>
  <member type="way" ref="1476061532" role=""/>
  <member type="way" ref="1478618431" role=""/>
  <member type="way" ref="932682980" role=""/>
  <member type="way" ref="932682979" role=""/>
  <member type="way" ref="711282400" role=""/>
  <member type="way" ref="1409182522" role=""/>
  <member type="way" ref="711280413" role=""/>
  <member type="way" ref="711282402" role=""/>
  <member type="way" ref="711282409" role=""/>
  <member type="way" ref="1375800189" role=""/>
  <member type="way" ref="1375800188" role=""/>
  <member type="way" ref="693587586" role=""/>
  <member type="way" ref="905464150" role=""/>
  <member type="way" ref="693587583" role=""/>
  <member type="way" ref="1480615651" role=""/>
  <member type="way" ref="1480615642" role=""/>
  <member type="way" ref="1480615652" role=""/>
  <member type="way" ref="1480615643" role=""/>
  <member type="way" ref="1480748579" role=""/>
  <member type="way" ref="1480748577" role=""/>
  <member type="way" ref="1480748575" role=""/>
  <member type="way" ref="1480748581" role=""/>
  <member type="way" ref="141813286" role=""/>
  <member type="way" ref="1480748604" role=""/>
  <member type="way" ref="194613420" role=""/>
  <member type="way" ref="1480748608" role=""/>
  <member type="way" ref="1480748617" role=""/>
  <member type="way" ref="52649559" role=""/>
  <member type="way" ref="1480748628" role=""/>
  <member type="way" ref="1480748632" role=""/>
  <member type="way" ref="1480748634" role=""/>
  <member type="way" ref="1480748631" role=""/>
  <member type="way" ref="712426579" role=""/>
  <member type="way" ref="291705076" role=""/>
  <member type="way" ref="291705078" role=""/>
  <member type="way" ref="1226807668" role=""/>
  <member type="way" ref="291704920" role=""/>
  <member type="way" ref="1173054994" role=""/>
  <member type="way" ref="1480748580" role=""/>
  <member type="way" ref="802839209" role=""/>
  <member type="way" ref="712167973" role=""/>
  <member type="way" ref="712167972" role=""/>
  <member type="way" ref="1273595665" role=""/>
  <member type="way" ref="1252765553" role=""/>
  <member type="way" ref="318667765" role=""/>
  <member type="way" ref="158627361" role=""/>
  <member type="way" ref="712167969" role=""/>
  <member type="way" ref="832431846" role=""/>
  <member type="way" ref="832431849" role=""/>
  <member type="way" ref="908340824" role=""/>
  <member type="way" ref="832431848" role=""/>
  <member type="way" ref="712167968" role=""/>
  <member type="way" ref="1481140119" role=""/>
  <member type="way" ref="713928802" role=""/>
  <member type="way" ref="713942281" role=""/>
  <member type="way" ref="1481140118" role=""/>
  <member type="way" ref="160663185" role=""/>
  <member type="way" ref="713942283" role=""/>
  <member type="way" ref="1481140123" role=""/>
  <member type="way" ref="1468577887" role=""/>
  <member type="way" ref="713912299" role=""/>
  <member type="way" ref="1481140124" role=""/>
  <member type="way" ref="1481140128" role=""/>
  <member type="way" ref="1481140126" role=""/>
  <member type="way" ref="1481140129" role=""/>
  <member type="way" ref="1481140125" role=""/>
  <member type="way" ref="1481140127" role=""/>
  <member type="way" ref="1481140132" role=""/>
  <member type="way" ref="1481140130" role=""/>
  <member type="way" ref="1481140131" role=""/>
  <member type="way" ref="1481140133" role=""/>
  <member type="way" ref="1481455982" role=""/>
  <member type="way" ref="1481455984" role=""/>
  <member type="way" ref="1481455983" role=""/>
  <member type="way" ref="1481456005" role=""/>
  <member type="way" ref="1481456008" role=""/>
  <member type="way" ref="1481456002" role=""/>
  <member type="way" ref="908825455" role=""/>
  <member type="way" ref="908825454" role=""/>
  <member type="way" ref="908825453" role=""/>
  <member type="way" ref="908825452" role=""/>
  <member type="way" ref="908825451" role=""/>
  <member type="way" ref="1481455990" role=""/>
  <member type="way" ref="1481455991" role=""/>
  <member type="way" ref="1481455986" role=""/>
  <member type="way" ref="1481455993" role=""/>
  <member type="way" ref="1481455992" role=""/>
  <member type="way" ref="1481456009" role=""/>
  <member type="way" ref="1481686242" role=""/>
  <member type="way" ref="1481686245" role=""/>
  <member type="way" ref="1481686259" role=""/>
  <member type="way" ref="1481686263" role=""/>
  <member type="way" ref="1481686264" role=""/>
  <member type="way" ref="1481686266" role=""/>
  <member type="way" ref="1481686269" role=""/>
  <member type="way" ref="1481686258" role=""/>
  <member type="way" ref="1481686260" role=""/>
  <member type="way" ref="1481686268" role=""/>
  <member type="way" ref="1481686267" role=""/>
  <member type="way" ref="1481686265" role=""/>
  <member type="way" ref="1481686262" role=""/>
  <member type="way" ref="1481686261" role=""/>
  <member type="way" ref="1481686244" role=""/>
  <member type="way" ref="1481686280" role=""/>
  <member type="way" ref="1481686281" role=""/>
  <member type="way" ref="1481686247" role=""/>
  <member type="way" ref="1481686246" role=""/>
  <member type="way" ref="1481686283" role=""/>
  <member type="way" ref="1481686282" role=""/>
  <member type="way" ref="1481704480" role=""/>
  <member type="way" ref="1160448449" role=""/>
  <member type="way" ref="1487075305" role=""/>
  <member type="way" ref="1408764947" role=""/>
  <member type="way" ref="1485282180" role=""/>
  <member type="way" ref="1485282179" role=""/>
  <member type="way" ref="1489465798" role=""/>
  <member type="way" ref="1489465799" role=""/>
  <member type="way" ref="1489465806" role=""/>
  <member type="way" ref="1489465807" role=""/>
  <member type="way" ref="946523845" role=""/>
  <member type="way" ref="318779798" role=""/>
  <member type="way" ref="936285749" role=""/>
  <member type="way" ref="936285748" role=""/>
  <member type="way" ref="946523855" role=""/>
  <member type="way" ref="1059976733" role=""/>
  <member type="way" ref="1059976731" role=""/>
  <member type="way" ref="1489465797" role=""/>
  <tag k="distance" v="2482 km"/>
  <tag k="from" v="Cửa Khẩu Hữu Nghị, Lạng Sơn"/>
  <tag k="name" v="Quốc lộ 1"/>
  <tag k="name:en" v="National Route 1"/>
  <tag k="name:fr" v="Route nationale 1"/>
  <tag k="name:ja" v="国道1号線"/>
  <tag k="name:ko" v="국도 제1호선"/>
  <tag k="name:zh" v="國道1號"/>
  <tag k="network" v="VN:national"/>
  <tag k="note:vi" v="Quốc lộ 1 là tên chính thức của con đường này, theo Quyết định số 1454/QĐ-TTg ngày 1 tháng 9 năm 2021 của Thủ tướng Chính phủ Việt Nam. Đề nghị không sửa tên thành &quot;Quốc lộ 1A&quot;."/>
  <tag k="ref" v="QL.1"/>
  <tag k="route" v="road"/>
  <tag k="source" v="Vietbando;GPS"/>
  <tag k="symbol" v="https://vi.wikipedia.org/wiki/AH1#/media/T%E1%BA%ADp_tin:Tabliczka_AH1.svg"/>
  <tag k="to" v="Đất Mũi, Cà Mau"/>
  <tag k="type" v="route"/>
  <tag k="wikidata" v="Q1372266"/>
  <tag k="wikipedia" v="vi:Quốc lộ 1"/>
 </relation>
 <relation id="17245937" visible="true" version="3" changeset="168006936" timestamp="2025-06-23T14:34:40Z" user="Tewuzij" uid="16194143">
  <member type="node" ref="9820662742" role="label"/>
  <member type="way" ref="1252772830" role="outer"/>
  <member type="way" ref="1253098018" role="outer"/>
  <member type="way" ref="1253098017" role="outer"/>
  <member type="way" ref="1252772833" role="outer"/>
  <tag k="admin_level" v="8"/>
  <tag k="boundary" v="historic"/>
  <tag k="name" v="Phường Quảng Thắng"/>
  <tag k="type" v="boundary"/>
  <tag k="wikidata" v="Q10810484"/>
  <tag k="wikipedia" v="vi:Quảng Thắng"/>
 </relation>
 <relation id="17245938" visible="true" version="3" changeset="168006936" timestamp="2025-06-23T14:34:40Z" user="Tewuzij" uid="16194143">
  <member type="node" ref="9820662729" role="label"/>
  <member type="way" ref="1253098020" role="outer"/>
  <member type="way" ref="1252772832" role="outer"/>
  <member type="way" ref="1253098018" role="outer"/>
  <member type="way" ref="1252772829" role="outer"/>
  <member type="way" ref="1253012005" role="outer"/>
  <member type="way" ref="1253012006" role="outer"/>
  <member type="way" ref="1253098032" role="outer"/>
  <member type="way" ref="1253098031" role="outer"/>
  <tag k="admin_level" v="8"/>
  <tag k="boundary" v="historic"/>
  <tag k="name" v="Phường Đông Vệ"/>
  <tag k="type" v="boundary"/>
  <tag k="wikidata" v="Q10840893"/>
  <tag k="wikipedia" v="vi:Đông Vệ"/>
 </relation>
 <relation id="19428619" visible="true" version="5" changeset="172205810" timestamp="2025-09-20T13:29:29Z" user="user_5359" uid="5359">
  <member type="node" ref="9833977852" role="label"/>
  <member type="way" ref="1252998636" role="outer"/>
  <member type="way" ref="1253012008" role="outer"/>
  <member type="way" ref="1252772829" role="outer"/>
  <member type="way" ref="1253098018" role="outer"/>
  <member type="way" ref="1253098017" role="outer"/>
  <member type="way" ref="1252752131" role="outer"/>
  <member type="way" ref="889381556" role="outer"/>
  <member type="way" ref="1252753620" role="outer"/>
  <member type="way" ref="889385826" role="outer"/>
  <member type="way" ref="478022679" role="outer"/>
  <member type="way" ref="1253425477" role="outer"/>
  <member type="way" ref="1253425482" role="outer"/>
  <member type="way" ref="1253425480" role="outer"/>
  <member type="way" ref="1253425484" role="outer"/>
  <member type="way" ref="1253441076" role="outer"/>
  <member type="way" ref="1253425483" role="outer"/>
  <member type="way" ref="1081722943" role="outer"/>
  <member type="way" ref="1081722941" role="outer"/>
  <member type="way" ref="1252772828" role="outer"/>
  <member type="way" ref="1074117453" role="outer"/>
  <tag k="admin_level" v="6"/>
  <tag k="boundary" v="administrative"/>
  <tag k="name" v="Phường Đông Quang"/>
  <tag k="name:de" v="Stadtviertel Đông Quang"/>
  <tag k="name:en" v="Đông Quang Ward"/>
  <tag k="name:vi" v="Phường Đông Quang"/>
  <tag k="place" v="city"/>
  <tag k="population" v="61214"/>
  <tag k="population:date" v="2025-07-01"/>
  <tag k="source:population" v="gis.vn"/>
  <tag k="type" v="boundary"/>
 </relation>
 <relation id="19428631" visible="true" version="5" changeset="172205810" timestamp="2025-09-20T13:29:29Z" user="user_5359" uid="5359">
  <member type="way" ref="1252998638" role="outer"/>
  <member type="way" ref="1252998633" role="outer"/>
  <member type="way" ref="1252998637" role="outer"/>
  <member type="way" ref="1253011994" role="outer"/>
  <member type="way" ref="1253012007" role="outer"/>
  <member type="way" ref="1252998634" role="outer"/>
  <member type="way" ref="1073919899" role="outer"/>
  <member type="way" ref="1074117452" role="outer"/>
  <member type="way" ref="1252998636" role="outer"/>
  <member type="way" ref="1253012008" role="outer"/>
  <member type="way" ref="1252772829" role="outer"/>
  <member type="way" ref="1253098018" role="outer"/>
  <member type="way" ref="1252772832" role="outer"/>
  <member type="way" ref="1253098020" role="outer"/>
  <member type="way" ref="1253098030" role="outer"/>
  <member type="way" ref="1253098023" role="outer"/>
  <member type="way" ref="1253098024" role="outer"/>
  <member type="way" ref="1252736046" role="outer"/>
  <member type="way" ref="1252998631" role="outer"/>
  <member type="way" ref="1252736048" role="outer"/>
  <member type="node" ref="13142490083" role="label"/>
  <tag k="admin_level" v="6"/>
  <tag k="boundary" v="administrative"/>
  <tag k="name" v="Phường Hạc Thành"/>
  <tag k="name:de" v="Stadtviertel Hạc Thành"/>
  <tag k="name:en" v="Hạc Thành Ward"/>
  <tag k="name:vi" v="Phường Hạc Thành"/>
  <tag k="place" v="city"/>
  <tag k="population" v="197142"/>
  <tag k="population:date" v="2025-07-01"/>
  <tag k="source:population" v="gis.vn"/>
  <tag k="type" v="boundary"/>
 </relation>
</osm>
