<?xml version="1.0" encoding="UTF-8"?>
<osm version="0.6" generator="openstreetmap-cgimap 2.1.0 (1494443 spike-06.openstreetmap.org)" copyright="OpenStreetMap and contributors" attribution="http://www.openstreetmap.org/copyright" license="http://opendatacommons.org/licenses/odbl/1-0/">
 <bounds minlat="21.0266130" minlon="105.8401980" maxlat="21.0288160" maxlon="105.8432450"/>
 <node id="81799493" visible="true" version="19" changeset="141761763" timestamp="2023-09-26T08:02:18Z" user="ItsLouisAnderson" uid="11691953" lat="21.0271179" lon="105.8410493"/>
 <node id="81799495" visible="true" version="14" changeset="163978100" timestamp="2025-03-23T09:43:03Z" user="merlot09" uid="20295937" lat="21.0276612" lon="105.8411432">
  <tag k="name" v="Chắn 1"/>
  <tag k="railway" v="level_crossing"/>
 </node>
 <node id="98043906" visible="true" version="11" changeset="128378092" timestamp="2022-11-02T08:32:49Z" user="ItsLouisAnderson" uid="11691953" lat="21.0269191" lon="105.8437592"/>
 <node id="98044064" visible="true" version="13" changeset="141825857" timestamp="2023-09-27T15:34:57Z" user="user_14538650" uid="14538650" lat="21.0264900" lon="105.8415210"/>
 <node id="98044764" visible="true" version="21" changeset="154741099" timestamp="2024-08-02T15:13:40Z" user="logus2" uid="21611817" lat="21.0291121" lon="105.8426775">
  <tag k="name" v="Chắn 4"/>
  <tag k="railway" v="level_crossing"/>
 </node>
 <node id="98044767" visible="true" version="26" changeset="167558013" timestamp="2025-06-13T04:32:52Z" user="phoenixsaigon1698" uid="3323343" lat="21.0283520" lon="105.8431761"/>
 <node id="98045871" visible="true" version="20" changeset="154387472" timestamp="2024-07-25T10:48:05Z" user="logus2" uid="21611817" lat="21.0301236" lon="105.8440577">
  <tag k="crossing:barrier" v="no"/>
  <tag k="name" v="Chắn 5"/>
  <tag k="railway" v="level_crossing"/>
 </node>
 <node id="103012769" visible="true" version="11" changeset="154741099" timestamp="2024-08-02T15:13:40Z" user="logus2" uid="21611817" lat="21.0292011" lon="105.8425930"/>
 <node id="103060023" visible="true" version="8" changeset="128378092" timestamp="2022-11-02T08:32:49Z" user="ItsLouisAnderson" uid="11691953" lat="21.0277838" lon="105.8404146"/>
 <node id="104771041" visible="true" version="18" changeset="154799389" timestamp="2024-08-04T07:49:55Z" user="logus2" uid="21611817" lat="21.0287082" lon="105.8421085">
  <tag k="name" v="Chắn 3"/>
  <tag k="railway" v="level_crossing"/>
 </node>
 <node id="308712571" visible="true" version="20" changeset="154742659" timestamp="2024-08-02T15:51:33Z" user="logus2" uid="21611817" lat="21.0288646" lon="105.8415690"/>
 <node id="309815200" visible="true" version="18" changeset="169904567" timestamp="2025-08-03T13:13:34Z" user="doggosmile" uid="20107008" lat="21.0282601" lon="105.8415596">
  <tag k="name" v="Chắn 2"/>
  <tag k="railway" v="level_crossing"/>
 </node>
 <node id="317968479" visible="true" version="3" changeset="154799389" timestamp="2024-08-04T07:49:55Z" user="logus2" uid="21611817" lat="21.0279087" lon="105.8400157"/>
 <node id="317968491" visible="true" version="6" changeset="154741099" timestamp="2024-08-02T15:13:40Z" user="logus2" uid="21611817" lat="21.0288204" lon="105.8429547"/>
 <node id="317968780" visible="true" version="3" changeset="157235414" timestamp="2024-09-29T04:09:28Z" user="vietnam321" uid="11196308" lat="21.0242767" lon="105.8398135"/>
 <node id="321984066" visible="true" version="7" changeset="154799389" timestamp="2024-08-04T07:49:55Z" user="logus2" uid="21611817" lat="21.0286721" lon="105.8422340"/>
 <node id="422619751" visible="true" version="6" changeset="157235414" timestamp="2024-09-29T04:09:28Z" user="vietnam321" uid="11196308" lat="21.0264119" lon="105.8398689"/>
 <node id="724829067" visible="true" version="5" changeset="80826866" timestamp="2020-02-11T04:55:52Z" user="Hervé TUC" uid="922338" lat="21.0273939" lon="105.8426149">
  <tag k="amenity" v="atm"/>
  <tag k="operator" v="BIDV - Pos"/>
 </node>
 <node id="724829312" visible="true" version="5" changeset="169096550" timestamp="2025-07-18T08:33:45Z" user="Tewuzij" uid="16194143" lat="21.0268795" lon="105.8416119">
  <tag k="amenity" v="atm"/>
  <tag k="brand" v="Techcombank"/>
  <tag k="brand:wikidata" v="Q10541776"/>
  <tag k="operator" v="Techcombank"/>
  <tag k="operator:wikidata" v="Q10541776"/>
 </node>
 <node id="724829348" visible="true" version="4" changeset="9791281" timestamp="2011-11-10T19:03:36Z" user="ninomax" uid="47976" lat="21.0273798" lon="105.8426979">
  <tag k="amenity" v="atm"/>
  <tag k="operator" v="Msb - ATM"/>
 </node>
 <node id="724829404" visible="true" version="4" changeset="80826866" timestamp="2020-02-11T04:55:54Z" user="Hervé TUC" uid="922338" lat="21.0279047" lon="105.8402359">
  <tag k="amenity" v="atm"/>
  <tag k="operator" v="BIDV - Pos"/>
 </node>
 <node id="724829437" visible="true" version="5" changeset="169096550" timestamp="2025-07-18T08:33:45Z" user="Tewuzij" uid="16194143" lat="21.0276593" lon="105.8418882">
  <tag k="amenity" v="atm"/>
  <tag k="brand" v="HSBC"/>
  <tag k="brand:wikidata" v="Q190464"/>
  <tag k="operator" v="HSBC"/>
  <tag k="operator:wikidata" v="Q190464"/>
 </node>
 <node id="724829818" visible="true" version="5" changeset="169096550" timestamp="2025-07-18T08:33:45Z" user="Tewuzij" uid="16194143" lat="21.0276894" lon="105.8420491">
  <tag k="amenity" v="atm"/>
  <tag k="brand" v="VietinBank"/>
  <tag k="brand:wikidata" v="Q7928459"/>
  <tag k="operator" v="VietinBank"/>
  <tag k="operator:wikidata" v="Q7928459"/>
 </node>
 <node id="738815820" visible="true" version="6" changeset="172206555" timestamp="2025-09-20T13:46:50Z" user="edumiz624" uid="20881381" lat="21.0283427" lon="105.8430069">
  <tag k="bus" v="yes"/>
  <tag k="highway" v="bus_stop"/>
  <tag k="name" v="7 Nguyễn Thái Học - Cửa Nam"/>
  <tag k="public_transport" v="platform"/>
 </node>
 <node id="977668018" visible="true" version="3" changeset="72655470" timestamp="2019-07-25T17:06:36Z" user="ReedtheRiver" uid="9965337" lat="21.0287611" lon="105.8428036">
  <tag k="addr:country" v="VN"/>
  <tag k="addr:housenumber" v="1"/>
  <tag k="addr:street" v="Đường Điện Biên Phủ"/>
 </node>
 <node id="993879883" visible="true" version="5" changeset="157235414" timestamp="2024-09-29T04:09:28Z" user="vietnam321" uid="11196308" lat="21.0268091" lon="105.8399542"/>
 <node id="1491048052" visible="true" version="4" changeset="143083128" timestamp="2023-10-24T20:39:33Z" user="Necessarycoot72" uid="10882995" lat="21.0276707" lon="105.8426538">
  <tag k="addr:country" v="VN"/>
  <tag k="addr:district" v="Hoàn Kiếm"/>
  <tag k="addr:housenumber" v="55B"/>
  <tag k="addr:street" v="Cửa Nam"/>
  <tag k="amenity" v="atm"/>
  <tag k="brand" v="Vietcombank"/>
  <tag k="brand:wikidata" v="Q6122995"/>
  <tag k="operator" v="Vietcombank"/>
  <tag k="operator:wikidata" v="Q6122995"/>
 </node>
 <node id="2049258210" visible="true" version="10" changeset="151799800" timestamp="2024-05-25T08:29:36Z" user="phoenixsaigon1698" uid="3323343" lat="21.0279227" lon="105.8428262"/>
 <node id="2275188544" visible="true" version="1" changeset="15810221" timestamp="2013-04-21T12:36:12Z" user="Ben Abelshausen" uid="137772" lat="21.0276795" lon="105.8391471"/>
 <node id="2275188545" visible="true" version="3" changeset="128378092" timestamp="2022-11-02T08:32:49Z" user="ItsLouisAnderson" uid="11691953" lat="21.0273746" lon="105.8402245"/>
 <node id="2275188546" visible="true" version="1" changeset="15810221" timestamp="2013-04-21T12:36:12Z" user="Ben Abelshausen" uid="137772" lat="21.0274491" lon="105.8400026"/>
 <node id="2275188547" visible="true" version="1" changeset="15810221" timestamp="2013-04-21T12:36:12Z" user="Ben Abelshausen" uid="137772" lat="21.0275643" lon="105.8395360"/>
 <node id="2275188548" visible="true" version="1" changeset="15810221" timestamp="2013-04-21T12:36:12Z" user="Ben Abelshausen" uid="137772" lat="21.0275090" lon="105.8397664"/>
 <node id="2275188549" visible="true" version="1" changeset="15810221" timestamp="2013-04-21T12:36:12Z" user="Ben Abelshausen" uid="137772" lat="21.0277376" lon="105.8389716"/>
 <node id="2684248299" visible="true" version="2" changeset="141761763" timestamp="2023-09-26T08:02:18Z" user="ItsLouisAnderson" uid="11691953" lat="21.0262145" lon="105.8409344">
  <tag k="railway" v="switch"/>
 </node>
 <node id="2684248304" visible="true" version="2" changeset="141761763" timestamp="2023-09-26T08:02:18Z" user="ItsLouisAnderson" uid="11691953" lat="21.0267856" lon="105.8409405"/>
 <node id="3942923749" visible="true" version="2" changeset="147168108" timestamp="2024-02-07T09:38:43Z" user="user_14538650" uid="14538650" lat="21.0276158" lon="105.8411641"/>
 <node id="3942923750" visible="true" version="2" changeset="141761763" timestamp="2023-09-26T08:02:18Z" user="ItsLouisAnderson" uid="11691953" lat="21.0279628" lon="105.8413152"/>
 <node id="3942923751" visible="true" version="4" changeset="141761763" timestamp="2023-09-26T08:02:18Z" user="ItsLouisAnderson" uid="11691953" lat="21.0280899" lon="105.8414022"/>
 <node id="4023305214" visible="true" version="7" changeset="169904567" timestamp="2025-08-03T13:13:34Z" user="doggosmile" uid="20107008" lat="21.0285449" lon="105.8418945"/>
 <node id="4132418089" visible="true" version="5" changeset="122440038" timestamp="2022-06-16T02:20:17Z" user="Senior_Intern" uid="13899044" lat="21.0279846" lon="105.8405720">
  <tag k="addr:country" v="VN"/>
  <tag k="addr:street" v="Phố Nguyễn Khuyến"/>
  <tag k="leisure" v="fitness_centre"/>
  <tag k="name" v="Hoa Banh Gym"/>
  <tag k="opening_hours" v="Mo-Su 06:00-22:00"/>
 </node>
 <node id="4229244789" visible="true" version="3" changeset="57282135" timestamp="2018-03-18T05:47:26Z" user="yenho74" uid="5174694" lat="21.0278549" lon="105.8412825">
  <tag k="amenity" v="restaurant"/>
  <tag k="name" v="Ray Quan"/>
  <tag k="source" v="grab_hanoi_2018_t1"/>
 </node>
 <node id="4471361290" visible="true" version="4" changeset="155056479" timestamp="2024-08-10T10:42:41Z" user="lunaticstraydog" uid="8577239" lat="21.0285283" lon="105.8421980">
  <tag k="addr:country" v="VN"/>
  <tag k="addr:street" v="Phố Đình Ngang"/>
  <tag k="motorcycle:rental" v="yes"/>
  <tag k="name:en" v="Tigit Motorbikes"/>
  <tag k="name:fr" v="Tigit Motorbikes"/>
  <tag k="shop" v="motorcycle"/>
  <tag k="website" v="https://www.tigitmotorbikes.com/"/>
 </node>
 <node id="4757552923" visible="true" version="4" changeset="167341795" timestamp="2025-06-08T09:34:18Z" user="Cooper EdwardsDoFe" uid="20770321" lat="21.0266653" lon="105.8420948">
  <tag k="amenity" v="cafe"/>
  <tag k="name" v="Cà Phê Sạch"/>
  <tag k="name:en" v="Cafe Sach"/>
  <tag k="name:vi" v="Cafe Sạch"/>
 </node>
 <node id="4809622926" visible="true" version="1" changeset="48031057" timestamp="2017-04-22T12:02:31Z" user="ánhtuyet" uid="5713301" lat="21.0276748" lon="105.8418635">
  <tag k="amenity" v="community_centre"/>
 </node>
 <node id="5025409283" visible="true" version="2" changeset="92261545" timestamp="2020-10-10T04:02:49Z" user="vietnam321" uid="11196308" lat="21.0268449" lon="105.8410157"/>
 <node id="5025409284" visible="true" version="3" changeset="143025637" timestamp="2023-10-23T16:14:14Z" user="ItsLouisAnderson" uid="11691953" lat="21.0258596" lon="105.8410151"/>
 <node id="5025409285" visible="true" version="3" changeset="143025637" timestamp="2023-10-23T16:14:14Z" user="ItsLouisAnderson" uid="11691953" lat="21.0258584" lon="105.8412072"/>
 <node id="5025409286" visible="true" version="4" changeset="143025637" timestamp="2023-10-23T16:14:14Z" user="ItsLouisAnderson" uid="11691953" lat="21.0248992" lon="105.8411817"/>
 <node id="5025409287" visible="true" version="3" changeset="141775579" timestamp="2023-09-26T13:43:39Z" user="ItsLouisAnderson" uid="11691953" lat="21.0248979" lon="105.8412387"/>
 <node id="5025409288" visible="true" version="4" changeset="142354980" timestamp="2023-10-09T15:23:46Z" user="ItsLouisAnderson" uid="11691953" lat="21.0234613" lon="105.8413833"/>
 <node id="5025409289" visible="true" version="4" changeset="142354980" timestamp="2023-10-09T15:23:46Z" user="ItsLouisAnderson" uid="11691953" lat="21.0215974" lon="105.8413515"/>
 <node id="5025409290" visible="true" version="4" changeset="142354980" timestamp="2023-10-09T15:23:46Z" user="ItsLouisAnderson" uid="11691953" lat="21.0216010" lon="105.8410779"/>
 <node id="5025409291" visible="true" version="2" changeset="92261545" timestamp="2020-10-10T04:02:49Z" user="vietnam321" uid="11196308" lat="21.0203118" lon="105.8411120"/>
 <node id="5025409292" visible="true" version="2" changeset="92261545" timestamp="2020-10-10T04:02:49Z" user="vietnam321" uid="11196308" lat="21.0194518" lon="105.8409916"/>
 <node id="5025409293" visible="true" version="2" changeset="92261545" timestamp="2020-10-10T04:02:49Z" user="vietnam321" uid="11196308" lat="21.0195576" lon="105.8409975"/>
 <node id="5025409295" visible="true" version="3" changeset="142354980" timestamp="2023-10-09T15:23:46Z" user="ItsLouisAnderson" uid="11691953" lat="21.0195560" lon="105.8404405"/>
 <node id="5025409296" visible="true" version="2" changeset="92261545" timestamp="2020-10-10T04:02:49Z" user="vietnam321" uid="11196308" lat="21.0201659" lon="105.8399677"/>
 <node id="5025409297" visible="true" version="2" changeset="92261545" timestamp="2020-10-10T04:02:49Z" user="vietnam321" uid="11196308" lat="21.0202585" lon="105.8397773"/>
 <node id="5025409299" visible="true" version="2" changeset="92261545" timestamp="2020-10-10T04:02:49Z" user="vietnam321" uid="11196308" lat="21.0210872" lon="105.8397746"/>
 <node id="5025409300" visible="true" version="2" changeset="92261545" timestamp="2020-10-10T04:02:49Z" user="vietnam321" uid="11196308" lat="21.0210947" lon="105.8395278"/>
 <node id="5025409301" visible="true" version="3" changeset="142354980" timestamp="2023-10-09T15:23:46Z" user="ItsLouisAnderson" uid="11691953" lat="21.0218178" lon="105.8395359"/>
 <node id="5025409302" visible="true" version="1" changeset="50987651" timestamp="2017-08-10T02:54:15Z" user="hieuvan" uid="2678766" lat="21.0231678" lon="105.8396003"/>
 <node id="5025409303" visible="true" version="1" changeset="50987651" timestamp="2017-08-10T02:54:15Z" user="hieuvan" uid="2678766" lat="21.0242018" lon="105.8396539"/>
 <node id="5025409304" visible="true" version="1" changeset="50987651" timestamp="2017-08-10T02:54:15Z" user="hieuvan" uid="2678766" lat="21.0242018" lon="105.8399060"/>
 <node id="5025409305" visible="true" version="1" changeset="50987651" timestamp="2017-08-10T02:54:15Z" user="hieuvan" uid="2678766" lat="21.0246675" lon="105.8399194"/>
 <node id="5025409306" visible="true" version="2" changeset="141761763" timestamp="2023-09-26T08:02:18Z" user="ItsLouisAnderson" uid="11691953" lat="21.0263780" lon="105.8399296"/>
 <node id="5025409307" visible="true" version="2" changeset="92261545" timestamp="2020-10-10T04:02:49Z" user="vietnam321" uid="11196308" lat="21.0266756" lon="105.8400442"/>
 <node id="5025409308" visible="true" version="2" changeset="92261545" timestamp="2020-10-10T04:02:49Z" user="vietnam321" uid="11196308" lat="21.0270782" lon="105.8401839"/>
 <node id="5245251023" visible="true" version="3" changeset="80244922" timestamp="2020-01-29T09:09:44Z" user="Hervé TUC" uid="922338" lat="21.0279094" lon="105.8425985">
  <tag k="addr:housenumber" v="number 1"/>
  <tag k="addr:street" v="Phố Đình Ngang"/>
  <tag k="description" v="GoPro/ camera shop"/>
  <tag k="name:en" v="GoPro/ camera shop"/>
  <tag k="shop" v="camera"/>
 </node>
 <node id="5365237527" visible="true" version="1" changeset="55794108" timestamp="2018-01-27T05:10:13Z" user="Anrl" uid="7017799" lat="21.0277920" lon="105.8408115">
  <tag k="name:en" v="Cut and Perm - Hair Studio"/>
  <tag k="shop" v="hairdresser"/>
 </node>
 <node id="5412492578" visible="true" version="4" changeset="154348584" timestamp="2024-07-24T12:43:06Z" user="logus2" uid="21611817" lat="21.0320651" lon="105.8451140"/>
 <node id="5412492579" visible="true" version="4" changeset="154348584" timestamp="2024-07-24T12:43:06Z" user="logus2" uid="21611817" lat="21.0313420" lon="105.8449495"/>
 <node id="5412492580" visible="true" version="4" changeset="154348584" timestamp="2024-07-24T12:43:06Z" user="logus2" uid="21611817" lat="21.0310608" lon="105.8448539"/>
 <node id="5485709632" visible="true" version="1" changeset="57282061" timestamp="2018-03-18T05:42:22Z" user="yenho74" uid="5174694" lat="21.0273996" lon="105.8424296">
  <tag k="amenity" v="restaurant"/>
  <tag k="source" v="grab_hanoi_2018_t1"/>
 </node>
 <node id="5485711487" visible="true" version="1" changeset="57282097" timestamp="2018-03-18T05:45:05Z" user="yenho74" uid="5174694" lat="21.0282006" lon="105.8416970">
  <tag k="amenity" v="marketplace"/>
  <tag k="source" v="grab_hanoi_2018_t1"/>
 </node>
 <node id="5485714439" visible="true" version="1" changeset="57282159" timestamp="2018-03-18T05:48:53Z" user="yenho74" uid="5174694" lat="21.0277070" lon="105.8414889">
  <tag k="amenity" v="atm"/>
  <tag k="source" v="grab_hanoi_2018_t1"/>
 </node>
 <node id="5485751848" visible="true" version="1" changeset="57282616" timestamp="2018-03-18T06:22:04Z" user="yenho74" uid="5174694" lat="21.0278387" lon="105.8406823">
  <tag k="source" v="grab_hanoi_2018_t1"/>
  <tag k="tourism" v="hotel"/>
 </node>
 <node id="5485752201" visible="true" version="1" changeset="57282637" timestamp="2018-03-18T06:23:36Z" user="yenho74" uid="5174694" lat="21.0271207" lon="105.8402648">
  <tag k="name" v="Nhà Nghỉ Hải Thành"/>
  <tag k="source" v="grab_hanoi_2018_t1"/>
  <tag k="tourism" v="hotel"/>
 </node>
 <node id="5485754552" visible="true" version="1" changeset="57282715" timestamp="2018-03-18T06:31:12Z" user="yenho74" uid="5174694" lat="21.0266407" lon="105.8416258">
  <tag k="beauty" v="nails"/>
  <tag k="shop" v="beauty"/>
  <tag k="source" v="grab_hanoi_2018_t1"/>
 </node>
 <node id="5539170923" visible="true" version="6" changeset="167786729" timestamp="2025-06-18T15:05:24Z" user="Hung Tran 9x0" uid="20910140" lat="21.0278119" lon="105.8420999">
  <tag k="addr:housenumber" v="30"/>
  <tag k="addr:street" v="Phố Cửa Nam"/>
  <tag k="brand" v="WinMart+"/>
  <tag k="brand:wikidata" v="Q113236478"/>
  <tag k="name" v="WinMart+"/>
  <tag k="shop" v="convenience"/>
 </node>
 <node id="5640396924" visible="true" version="2" changeset="169096550" timestamp="2025-07-18T08:33:45Z" user="Tewuzij" uid="16194143" lat="21.0282730" lon="105.8429534">
  <tag k="amenity" v="bank"/>
  <tag k="brand" v="PVcomBank"/>
  <tag k="brand:wikidata" v="Q65171780"/>
  <tag k="name" v="PVcomBank"/>
  <tag k="name:fr" v="pv com bank"/>
 </node>
 <node id="5703642412" visible="true" version="2" changeset="157235414" timestamp="2024-09-29T04:09:28Z" user="vietnam321" uid="11196308" lat="21.0260325" lon="105.8398638"/>
 <node id="5703642413" visible="true" version="1" changeset="59995689" timestamp="2018-06-20T03:12:25Z" user="Malka7" uid="7671604" lat="21.0273551" lon="105.8407885"/>
 <node id="5703642414" visible="true" version="1" changeset="59995689" timestamp="2018-06-20T03:12:25Z" user="Malka7" uid="7671604" lat="21.0274252" lon="105.8407778"/>
 <node id="5703642415" visible="true" version="1" changeset="59995689" timestamp="2018-06-20T03:12:25Z" user="Malka7" uid="7671604" lat="21.0274891" lon="105.8407697"/>
 <node id="5703642416" visible="true" version="4" changeset="148321124" timestamp="2024-03-07T02:37:51Z" user="phoenixsaigon1698" uid="3323343" lat="21.0276962" lon="105.8407640"/>
 <node id="5704011527" visible="true" version="2" changeset="157235414" timestamp="2024-09-29T04:09:28Z" user="vietnam321" uid="11196308" lat="21.0250743" lon="105.8398527"/>
 <node id="5706922916" visible="true" version="3" changeset="92261545" timestamp="2020-10-10T04:02:49Z" user="vietnam321" uid="11196308" lat="21.0197578" lon="105.8399745"/>
 <node id="5820123355" visible="true" version="1" changeset="61495564" timestamp="2018-08-09T10:18:52Z" user="Brenda Pérez-Castro" uid="4549679" lat="21.0278931" lon="105.8428461">
  <tag k="name:en" v="LaHang -Airbnb"/>
  <tag k="tourism" v="apartment"/>
 </node>
 <node id="6033635187" visible="true" version="2" changeset="130755985" timestamp="2023-01-01T16:46:02Z" user="LeonGonne" uid="2739030" lat="21.0281518" lon="105.8430797">
  <tag k="amenity" v="cafe"/>
  <tag k="name:en" v="3rd Wave Coffee Roastery"/>
 </node>
 <node id="6182248287" visible="true" version="1" changeset="66003490" timestamp="2019-01-03T22:21:41Z" user="greenhalos" uid="523251" lat="21.0268444" lon="105.8402941">
  <tag k="amenity" v="atm"/>
 </node>
 <node id="6339863385" visible="true" version="1" changeset="68175992" timestamp="2019-03-15T14:05:26Z" user="Teffyeng" uid="8869859" lat="21.0283553" lon="105.8402534">
  <tag k="tourism" v="apartment"/>
 </node>
 <node id="6352368464" visible="true" version="7" changeset="169934000" timestamp="2025-08-04T05:25:34Z" user="AndjelaS" uid="8951082" lat="21.0287502" lon="105.8415672"/>
 <node id="6352370421" visible="true" version="5" changeset="168253519" timestamp="2025-06-29T07:36:32Z" user="Tewuzij" uid="16194143" lat="21.0293929" lon="105.8430381"/>
 <node id="6418622392" visible="true" version="3" changeset="141761763" timestamp="2023-09-26T08:02:18Z" user="ItsLouisAnderson" uid="11691953" lat="21.0258651" lon="105.8408547"/>
 <node id="6520653289" visible="true" version="1" changeset="70913379" timestamp="2019-06-04T08:27:20Z" user="SKTan16" uid="6430088" lat="21.0272126" lon="105.8426916">
  <tag k="name" v="Xuan Tung"/>
  <tag k="shop" v="tyres"/>
 </node>
 <node id="6596686180" visible="true" version="1" changeset="72016590" timestamp="2019-07-08T14:08:34Z" user="TuanIfan" uid="625303" lat="21.0275408" lon="105.8396339"/>
 <node id="6596692090" visible="true" version="1" changeset="72016590" timestamp="2019-07-08T14:08:34Z" user="TuanIfan" uid="625303" lat="21.0275869" lon="105.8394599"/>
 <node id="6600328452" visible="true" version="3" changeset="142354980" timestamp="2023-10-09T15:23:46Z" user="ItsLouisAnderson" uid="11691953" lat="21.0192504" lon="105.8404282"/>
 <node id="6600328454" visible="true" version="3" changeset="92261545" timestamp="2020-10-10T04:02:49Z" user="vietnam321" uid="11196308" lat="21.0202115" lon="105.8398282"/>
 <node id="6607498887" visible="true" version="2" changeset="92261545" timestamp="2020-10-10T04:02:49Z" user="vietnam321" uid="11196308" lat="21.0269652" lon="105.8404144"/>
 <node id="6607498888" visible="true" version="2" changeset="92261545" timestamp="2020-10-10T04:02:49Z" user="vietnam321" uid="11196308" lat="21.0266771" lon="105.8404205"/>
 <node id="6607498889" visible="true" version="2" changeset="92261545" timestamp="2020-10-10T04:02:49Z" user="vietnam321" uid="11196308" lat="21.0266799" lon="105.8405712"/>
 <node id="6607498890" visible="true" version="2" changeset="92261545" timestamp="2020-10-10T04:02:49Z" user="vietnam321" uid="11196308" lat="21.0269680" lon="105.8405650"/>
 <node id="6611608676" visible="true" version="1" changeset="72207058" timestamp="2019-07-13T10:51:46Z" user="TuanIfan" uid="625303" lat="21.0276111" lon="105.8433949"/>
 <node id="6611608677" visible="true" version="1" changeset="72207058" timestamp="2019-07-13T10:51:46Z" user="TuanIfan" uid="625303" lat="21.0275842" lon="105.8434124"/>
 <node id="6611608678" visible="true" version="1" changeset="72207058" timestamp="2019-07-13T10:51:46Z" user="TuanIfan" uid="625303" lat="21.0275410" lon="105.8433191"/>
 <node id="6611608679" visible="true" version="1" changeset="72207058" timestamp="2019-07-13T10:51:46Z" user="TuanIfan" uid="625303" lat="21.0275041" lon="105.8432427"/>
 <node id="6611608680" visible="true" version="1" changeset="72207058" timestamp="2019-07-13T10:51:46Z" user="TuanIfan" uid="625303" lat="21.0275410" lon="105.8432199"/>
 <node id="6611608681" visible="true" version="1" changeset="72207058" timestamp="2019-07-13T10:51:46Z" user="TuanIfan" uid="625303" lat="21.0275323" lon="105.8431133"/>
 <node id="6611608682" visible="true" version="1" changeset="72207058" timestamp="2019-07-13T10:51:46Z" user="TuanIfan" uid="625303" lat="21.0275204" lon="105.8430248"/>
 <node id="6611608683" visible="true" version="1" changeset="72207058" timestamp="2019-07-13T10:51:46Z" user="TuanIfan" uid="625303" lat="21.0274922" lon="105.8430382"/>
 <node id="6611608684" visible="true" version="1" changeset="72207058" timestamp="2019-07-13T10:51:46Z" user="TuanIfan" uid="625303" lat="21.0274590" lon="105.8430610"/>
 <node id="6611608685" visible="true" version="1" changeset="72207058" timestamp="2019-07-13T10:51:46Z" user="TuanIfan" uid="625303" lat="21.0274365" lon="105.8431133"/>
 <node id="6611608686" visible="true" version="1" changeset="72207058" timestamp="2019-07-13T10:51:46Z" user="TuanIfan" uid="625303" lat="21.0272519" lon="105.8430161"/>
 <node id="6611608687" visible="true" version="1" changeset="72207058" timestamp="2019-07-13T10:51:46Z" user="TuanIfan" uid="625303" lat="21.0271373" lon="105.8433212"/>
 <node id="6611608688" visible="true" version="1" changeset="72207058" timestamp="2019-07-13T10:51:46Z" user="TuanIfan" uid="625303" lat="21.0274371" lon="105.8435163"/>
 <node id="6611608689" visible="true" version="1" changeset="72207058" timestamp="2019-07-13T10:51:46Z" user="TuanIfan" uid="625303" lat="21.0274597" lon="105.8435190"/>
 <node id="6611608690" visible="true" version="1" changeset="72207058" timestamp="2019-07-13T10:51:46Z" user="TuanIfan" uid="625303" lat="21.0274916" lon="105.8435116"/>
 <node id="6611608691" visible="true" version="1" changeset="72207058" timestamp="2019-07-13T10:51:46Z" user="TuanIfan" uid="625303" lat="21.0275235" lon="105.8435056"/>
 <node id="6611608692" visible="true" version="1" changeset="72207058" timestamp="2019-07-13T10:51:46Z" user="TuanIfan" uid="625303" lat="21.0276293" lon="105.8434486"/>
 <node id="6611608697" visible="true" version="1" changeset="72207058" timestamp="2019-07-13T10:51:46Z" user="TuanIfan" uid="625303" lat="21.0274708" lon="105.8432652"/>
 <node id="6611608698" visible="true" version="1" changeset="72207058" timestamp="2019-07-13T10:51:46Z" user="TuanIfan" uid="625303" lat="21.0272397" lon="105.8431343"/>
 <node id="6611608699" visible="true" version="1" changeset="72207058" timestamp="2019-07-13T10:51:46Z" user="TuanIfan" uid="625303" lat="21.0272818" lon="105.8430489"/>
 <node id="6611608700" visible="true" version="1" changeset="72207058" timestamp="2019-07-13T10:51:46Z" user="TuanIfan" uid="625303" lat="21.0273541" lon="105.8430898"/>
 <node id="6611608701" visible="true" version="1" changeset="72207058" timestamp="2019-07-13T10:51:46Z" user="TuanIfan" uid="625303" lat="21.0273378" lon="105.8431229"/>
 <node id="6611608702" visible="true" version="1" changeset="72207058" timestamp="2019-07-13T10:51:46Z" user="TuanIfan" uid="625303" lat="21.0274076" lon="105.8431624"/>
 <node id="6611608703" visible="true" version="1" changeset="72207058" timestamp="2019-07-13T10:51:46Z" user="TuanIfan" uid="625303" lat="21.0274249" lon="105.8431275"/>
 <node id="6611608704" visible="true" version="1" changeset="72207058" timestamp="2019-07-13T10:51:46Z" user="TuanIfan" uid="625303" lat="21.0274819" lon="105.8431597"/>
 <node id="6611608705" visible="true" version="1" changeset="72207058" timestamp="2019-07-13T10:51:46Z" user="TuanIfan" uid="625303" lat="21.0274600" lon="105.8432041"/>
 <node id="6611608706" visible="true" version="1" changeset="72207058" timestamp="2019-07-13T10:51:46Z" user="TuanIfan" uid="625303" lat="21.0274920" lon="105.8432223"/>
 <node id="6611608715" visible="true" version="2" changeset="162784285" timestamp="2025-02-21T14:56:08Z" user="LGil" uid="22545481" lat="21.0283458" lon="105.8418719"/>
 <node id="6611608716" visible="true" version="2" changeset="162784285" timestamp="2025-02-21T14:56:08Z" user="LGil" uid="22545481" lat="21.0283472" lon="105.8418173"/>
 <node id="6611608717" visible="true" version="2" changeset="162784285" timestamp="2025-02-21T14:56:08Z" user="LGil" uid="22545481" lat="21.0282668" lon="105.8418158"/>
 <node id="6611608718" visible="true" version="2" changeset="162784285" timestamp="2025-02-21T14:56:08Z" user="LGil" uid="22545481" lat="21.0282346" lon="105.8419142"/>
 <node id="6611608719" visible="true" version="1" changeset="72207058" timestamp="2019-07-13T10:51:46Z" user="TuanIfan" uid="625303" lat="21.0277682" lon="105.8419318"/>
 <node id="6611608720" visible="true" version="1" changeset="72207058" timestamp="2019-07-13T10:51:46Z" user="TuanIfan" uid="625303" lat="21.0277720" lon="105.8417226"/>
 <node id="6611608721" visible="true" version="2" changeset="162784285" timestamp="2025-02-21T14:56:08Z" user="LGil" uid="22545481" lat="21.0278921" lon="105.8416488"/>
 <node id="6611608722" visible="true" version="2" changeset="162784285" timestamp="2025-02-21T14:56:08Z" user="LGil" uid="22545481" lat="21.0282578" lon="105.8416419"/>
 <node id="6611608723" visible="true" version="3" changeset="147879819" timestamp="2024-02-25T07:29:55Z" user="ItsLouisAnderson" uid="11691953" lat="21.0280579" lon="105.8432774"/>
 <node id="6611608724" visible="true" version="3" changeset="147879819" timestamp="2024-02-25T07:29:55Z" user="ItsLouisAnderson" uid="11691953" lat="21.0280430" lon="105.8431972"/>
 <node id="6611608725" visible="true" version="3" changeset="147879819" timestamp="2024-02-25T07:29:55Z" user="ItsLouisAnderson" uid="11691953" lat="21.0281338" lon="105.8431779"/>
 <node id="6611608726" visible="true" version="3" changeset="147879819" timestamp="2024-02-25T07:29:55Z" user="ItsLouisAnderson" uid="11691953" lat="21.0281487" lon="105.8432581"/>
 <node id="6611608735" visible="true" version="6" changeset="167558013" timestamp="2025-06-13T04:32:52Z" user="phoenixsaigon1698" uid="3323343" lat="21.0285209" lon="105.8427561">
  <tag k="crossing" v="uncontrolled"/>
  <tag k="crossing:markings" v="yes"/>
  <tag k="highway" v="crossing"/>
 </node>
 <node id="6611608741" visible="true" version="3" changeset="154741099" timestamp="2024-08-02T15:13:40Z" user="logus2" uid="21611817" lat="21.0284489" lon="105.8433078"/>
 <node id="6611608743" visible="true" version="4" changeset="154741099" timestamp="2024-08-02T15:13:40Z" user="logus2" uid="21611817" lat="21.0299322" lon="105.8418054"/>
 <node id="6611608744" visible="true" version="5" changeset="154741624" timestamp="2024-08-02T15:25:22Z" user="logus2" uid="21611817" lat="21.0298604" lon="105.8418315"/>
 <node id="6611608746" visible="true" version="10" changeset="154741624" timestamp="2024-08-02T15:25:22Z" user="logus2" uid="21611817" lat="21.0290579" lon="105.8426026">
  <tag k="crossing:barrier" v="full"/>
  <tag k="name" v="Chắn 4"/>
  <tag k="railway" v="level_crossing"/>
 </node>
 <node id="6611608748" visible="true" version="8" changeset="167558013" timestamp="2025-06-13T04:32:52Z" user="phoenixsaigon1698" uid="3323343" lat="21.0286862" lon="105.8429202">
  <tag k="crossing" v="uncontrolled"/>
  <tag k="crossing:markings" v="yes"/>
  <tag k="highway" v="crossing"/>
 </node>
 <node id="6611608749" visible="true" version="6" changeset="167558013" timestamp="2025-06-13T04:32:52Z" user="phoenixsaigon1698" uid="3323343" lat="21.0285708" lon="105.8429854"/>
 <node id="6611608755" visible="true" version="4" changeset="154741099" timestamp="2024-08-02T15:13:40Z" user="logus2" uid="21611817" lat="21.0298947" lon="105.8418894"/>
 <node id="6647319338" visible="true" version="4" changeset="167558013" timestamp="2025-06-13T04:32:52Z" user="phoenixsaigon1698" uid="3323343" lat="21.0287460" lon="105.8429999">
  <tag k="crossing" v="uncontrolled"/>
  <tag k="crossing:markings" v="yes"/>
  <tag k="highway" v="crossing"/>
 </node>
 <node id="6651394971" visible="true" version="3" changeset="128378092" timestamp="2022-11-02T08:32:49Z" user="ItsLouisAnderson" uid="11691953" lat="21.0269556" lon="105.8436379">
  <tag k="crossing" v="traffic_signals"/>
  <tag k="highway" v="traffic_signals"/>
  <tag k="traffic_signals" v="traffic_lights"/>
  <tag k="traffic_signals:direction" v="backward"/>
 </node>
 <node id="6651394974" visible="true" version="5" changeset="154742659" timestamp="2024-08-02T15:51:33Z" user="logus2" uid="21611817" lat="21.0289006" lon="105.8414444">
  <tag k="crossing" v="traffic_signals"/>
  <tag k="highway" v="traffic_signals"/>
  <tag k="traffic_signals" v="traffic_lights"/>
  <tag k="traffic_signals:direction" v="forward"/>
  <tag k="traffic_signals:sound" v="no"/>
 </node>
 <node id="6651394976" visible="true" version="8" changeset="154742659" timestamp="2024-08-02T15:51:33Z" user="logus2" uid="21611817" lat="21.0286411" lon="105.8415641">
  <tag k="button_operated" v="no"/>
  <tag k="crossing" v="traffic_signals"/>
  <tag k="highway" v="traffic_signals"/>
  <tag k="traffic_signals" v="traffic_lights"/>
  <tag k="traffic_signals:direction" v="backward"/>
  <tag k="traffic_signals:sound" v="no"/>
 </node>
 <node id="6651678054" visible="true" version="1" changeset="72701262" timestamp="2019-07-26T19:30:14Z" user="ReedtheRiver" uid="9965337" lat="21.0286464" lon="105.8423623">
  <tag k="addr:housenumber" v="40"/>
  <tag k="addr:street" v="Phố Nguyễn Thái Học"/>
 </node>
 <node id="6652021728" visible="true" version="1" changeset="72704272" timestamp="2019-07-26T21:34:52Z" user="ReedtheRiver" uid="9965337" lat="21.0285131" lon="105.8423837">
  <tag k="addr:housenumber" v="27"/>
  <tag k="addr:street" v="Phố Nguyễn Thái Học"/>
 </node>
 <node id="6652021729" visible="true" version="1" changeset="72704272" timestamp="2019-07-26T21:34:52Z" user="ReedtheRiver" uid="9965337" lat="21.0285813" lon="105.8421484">
  <tag k="addr:housenumber" v="29"/>
  <tag k="addr:street" v="Phố Nguyễn Thái Học"/>
 </node>
 <node id="6657839319" visible="true" version="4" changeset="148321124" timestamp="2024-03-07T02:37:51Z" user="phoenixsaigon1698" uid="3323343" lat="21.0277519" lon="105.8404991">
  <tag k="crossing" v="uncontrolled"/>
  <tag k="highway" v="crossing"/>
 </node>
 <node id="6657839320" visible="true" version="6" changeset="169904567" timestamp="2025-08-03T13:13:34Z" user="doggosmile" uid="20107008" lat="21.0273860" lon="105.8415468">
  <tag k="crossing" v="traffic_signals"/>
  <tag k="highway" v="crossing"/>
 </node>
 <node id="6657839322" visible="true" version="7" changeset="169904567" timestamp="2025-08-03T13:13:34Z" user="doggosmile" uid="20107008" lat="21.0277198" lon="105.8415536">
  <tag k="crossing" v="traffic_signals"/>
  <tag k="highway" v="traffic_signals"/>
  <tag k="traffic_signals" v="traffic_lights"/>
  <tag k="traffic_signals:direction" v="backward"/>
 </node>
 <node id="6657839323" visible="true" version="3" changeset="128447382" timestamp="2022-11-03T16:41:02Z" user="ItsLouisAnderson" uid="11691953" lat="21.0275605" lon="105.8416723">
  <tag k="crossing" v="traffic_signals"/>
  <tag k="highway" v="traffic_signals"/>
  <tag k="traffic_signals" v="traffic_lights"/>
  <tag k="traffic_signals:direction" v="forward"/>
 </node>
 <node id="6657839324" visible="true" version="3" changeset="169904567" timestamp="2025-08-03T13:13:34Z" user="doggosmile" uid="20107008" lat="21.0276400" lon="105.8416737">
  <tag k="crossing" v="traffic_signals"/>
  <tag k="highway" v="traffic_signals"/>
  <tag k="traffic_signals" v="traffic_lights"/>
  <tag k="traffic_signals:direction" v="backward"/>
 </node>
 <node id="6658105839" visible="true" version="2" changeset="157235414" timestamp="2024-09-29T04:09:28Z" user="vietnam321" uid="11196308" lat="21.0245304" lon="105.8398451"/>
 <node id="6658105841" visible="true" version="3" changeset="171235832" timestamp="2025-08-30T16:16:34Z" user="Hung Tran 9x0" uid="20910140" lat="21.0245839" lon="105.8398458"/>
 <node id="6658105843" visible="true" version="2" changeset="157235414" timestamp="2024-09-29T04:09:28Z" user="vietnam321" uid="11196308" lat="21.0255932" lon="105.8398532"/>
 <node id="6658401414" visible="true" version="1" changeset="72780626" timestamp="2019-07-29T17:36:59Z" user="ReedtheRiver" uid="9965337" lat="21.0278853" lon="105.8402822">
  <tag k="addr:housenumber" v="28"/>
  <tag k="addr:street" v="Phố Nguyễn Khuyến"/>
 </node>
 <node id="6658401415" visible="true" version="1" changeset="72780626" timestamp="2019-07-29T17:36:59Z" user="ReedtheRiver" uid="9965337" lat="21.0279166" lon="105.8414403">
  <tag k="addr:housenumber" v="50"/>
  <tag k="addr:street" v="Đường Lê Duẩn"/>
 </node>
 <node id="6658401416" visible="true" version="1" changeset="72780626" timestamp="2019-07-29T17:36:59Z" user="ReedtheRiver" uid="9965337" lat="21.0283297" lon="105.8414450">
  <tag k="addr:housenumber" v="44"/>
  <tag k="addr:street" v="Đường Lê Duẩn"/>
 </node>
 <node id="6658401417" visible="true" version="1" changeset="72780626" timestamp="2019-07-29T17:36:59Z" user="ReedtheRiver" uid="9965337" lat="21.0285675" lon="105.8414604">
  <tag k="addr:housenumber" v="38"/>
  <tag k="addr:street" v="Đường Lê Duẩn"/>
 </node>
 <node id="6658401418" visible="true" version="1" changeset="72780626" timestamp="2019-07-29T17:36:59Z" user="ReedtheRiver" uid="9965337" lat="21.0286263" lon="105.8414564">
  <tag k="addr:housenumber" v="36"/>
  <tag k="addr:street" v="Đường Lê Duẩn"/>
 </node>
 <node id="6658401419" visible="true" version="1" changeset="72780626" timestamp="2019-07-29T17:36:59Z" user="ReedtheRiver" uid="9965337" lat="21.0288097" lon="105.8412968">
  <tag k="addr:housenumber" v="33"/>
  <tag k="addr:street" v="Phố Nguyễn Thái Học"/>
 </node>
 <node id="6661282308" visible="true" version="1" changeset="72818655" timestamp="2019-07-30T15:33:14Z" user="ReedtheRiver" uid="9965337" lat="21.0283566" lon="105.8428974">
  <tag k="addr:housenumber" v="7"/>
  <tag k="addr:street" v="Phố Nguyễn Thái Học"/>
 </node>
 <node id="6670759505" visible="true" version="4" changeset="169096550" timestamp="2025-07-18T08:33:45Z" user="Tewuzij" uid="16194143" lat="21.0296726" lon="105.8420120">
  <tag k="crossing" v="marked"/>
  <tag k="crossing:markings" v="yes"/>
  <tag k="highway" v="crossing"/>
 </node>
 <node id="6670759506" visible="true" version="4" changeset="169096550" timestamp="2025-07-18T08:33:45Z" user="Tewuzij" uid="16194143" lat="21.0297157" lon="105.8420627">
  <tag k="crossing" v="marked"/>
  <tag k="crossing:markings" v="yes"/>
  <tag k="highway" v="crossing"/>
 </node>
 <node id="6676669199" visible="true" version="3" changeset="126359130" timestamp="2022-09-19T08:06:31Z" user="ItsLouisAnderson" uid="11691953" lat="21.0266867" lon="105.8416454">
  <tag k="addr:housenumber" v="49"/>
  <tag k="addr:street" v="Lê Duẩn"/>
  <tag k="brand" v="WinMart+"/>
  <tag k="brand:wikidata" v="Q113236478"/>
  <tag k="name" v="WinMart+"/>
  <tag k="shop" v="convenience"/>
 </node>
 <node id="6676669200" visible="true" version="2" changeset="162763804" timestamp="2025-02-21T04:03:26Z" user="amoacristoelsalvador" uid="21655465" lat="21.0267496" lon="105.8415947"/>
 <node id="6676669201" visible="true" version="2" changeset="162763804" timestamp="2025-02-21T04:03:26Z" user="amoacristoelsalvador" uid="21655465" lat="21.0267574" lon="105.8417918"/>
 <node id="6676669202" visible="true" version="2" changeset="162763804" timestamp="2025-02-21T04:03:26Z" user="amoacristoelsalvador" uid="21655465" lat="21.0266129" lon="105.8417812"/>
 <node id="6676669203" visible="true" version="2" changeset="162763804" timestamp="2025-02-21T04:03:26Z" user="amoacristoelsalvador" uid="21655465" lat="21.0266986" lon="105.8415940"/>
 <node id="6676669204" visible="true" version="2" changeset="169096550" timestamp="2025-07-18T08:33:45Z" user="Tewuzij" uid="16194143" lat="21.0278208" lon="105.8417085">
  <tag k="addr:street" v="Đường Lê Duẩn"/>
  <tag k="amenity" v="bank"/>
  <tag k="brand" v="VietinBank"/>
  <tag k="brand:wikidata" v="Q7928459"/>
  <tag k="name" v="VietinBank"/>
 </node>
 <node id="6676669209" visible="true" version="2" changeset="143025637" timestamp="2023-10-23T16:14:14Z" user="ItsLouisAnderson" uid="11691953" lat="21.0250029" lon="105.8411834"/>
 <node id="6676669212" visible="true" version="2" changeset="143025637" timestamp="2023-10-23T16:14:14Z" user="ItsLouisAnderson" uid="11691953" lat="21.0249559" lon="105.8411827"/>
 <node id="6676669214" visible="true" version="1" changeset="72946056" timestamp="2019-08-02T15:18:27Z" user="Corban8" uid="4240913" lat="21.0271486" lon="105.8414483">
  <tag k="addr:housenumber" v="68"/>
  <tag k="addr:street" v="Đường Lê Duẩn"/>
 </node>
 <node id="6676669215" visible="true" version="1" changeset="72946056" timestamp="2019-08-02T15:18:27Z" user="Corban8" uid="4240913" lat="21.0275667" lon="105.8414470">
  <tag k="addr:housenumber" v="52"/>
  <tag k="addr:street" v="Đường Lê Duẩn"/>
 </node>
 <node id="6676669216" visible="true" version="1" changeset="72946056" timestamp="2019-08-02T15:18:27Z" user="Corban8" uid="4240913" lat="21.0279554" lon="105.8414450">
  <tag k="addr:housenumber" v="48"/>
  <tag k="addr:street" v="Đường Lê Duẩn"/>
 </node>
 <node id="6676669235" visible="true" version="5" changeset="169096550" timestamp="2025-07-18T08:33:45Z" user="Tewuzij" uid="16194143" lat="21.0266227" lon="105.8415226">
  <tag k="crossing" v="marked"/>
  <tag k="crossing:markings" v="yes"/>
  <tag k="highway" v="crossing"/>
 </node>
 <node id="7170659336" visible="true" version="1" changeset="80282351" timestamp="2020-01-30T00:24:59Z" user="Hervé TUC" uid="922338" lat="21.0278815" lon="105.8425603">
  <tag k="amenity" v="cafe"/>
 </node>
 <node id="7170675598" visible="true" version="1" changeset="80282351" timestamp="2020-01-30T00:24:58Z" user="Hervé TUC" uid="922338" lat="21.0277925" lon="105.8425875">
  <tag k="amenity" v="nightclub"/>
  <tag k="name" v="Hey Club"/>
 </node>
 <node id="7170675599" visible="true" version="2" changeset="80835378" timestamp="2020-02-11T07:52:07Z" user="Hervé TUC" uid="922338" lat="21.0270997" lon="105.8417004">
  <tag k="amenity" v="nightclub"/>
 </node>
 <node id="7179209950" visible="true" version="5" changeset="167558013" timestamp="2025-06-13T04:32:52Z" user="phoenixsaigon1698" uid="3323343" lat="21.0281951" lon="105.8435717"/>
 <node id="7190559266" visible="true" version="3" changeset="131733996" timestamp="2023-01-26T13:59:21Z" user="ItsLouisAnderson" uid="11691953" lat="21.0281973" lon="105.8431960"/>
 <node id="7190559267" visible="true" version="2" changeset="128378092" timestamp="2022-11-02T08:32:49Z" user="ItsLouisAnderson" uid="11691953" lat="21.0282511" lon="105.8432556"/>
 <node id="7190559268" visible="true" version="2" changeset="128378092" timestamp="2022-11-02T08:32:49Z" user="ItsLouisAnderson" uid="11691953" lat="21.0282416" lon="105.8433705"/>
 <node id="7190559269" visible="true" version="2" changeset="128378092" timestamp="2022-11-02T08:32:49Z" user="ItsLouisAnderson" uid="11691953" lat="21.0282038" lon="105.8434718"/>
 <node id="7190559270" visible="true" version="2" changeset="128378092" timestamp="2022-11-02T08:32:49Z" user="ItsLouisAnderson" uid="11691953" lat="21.0281376" lon="105.8434718"/>
 <node id="7190559271" visible="true" version="4" changeset="169904567" timestamp="2025-08-03T13:13:34Z" user="doggosmile" uid="20107008" lat="21.0284350" lon="105.8417544"/>
 <node id="7190559272" visible="true" version="2" changeset="128378092" timestamp="2022-11-02T08:32:49Z" user="ItsLouisAnderson" uid="11691953" lat="21.0280240" lon="105.8430933"/>
 <node id="7190559273" visible="true" version="3" changeset="131733996" timestamp="2023-01-26T13:59:21Z" user="ItsLouisAnderson" uid="11691953" lat="21.0281136" lon="105.8431066"/>
 <node id="7192356871" visible="true" version="2" changeset="128378092" timestamp="2022-11-02T08:32:49Z" user="ItsLouisAnderson" uid="11691953" lat="21.0280146" lon="105.8430541"/>
 <node id="7192356872" visible="true" version="3" changeset="128378092" timestamp="2022-11-02T08:32:49Z" user="ItsLouisAnderson" uid="11691953" lat="21.0280489" lon="105.8430447"/>
 <node id="7192356874" visible="true" version="4" changeset="131733996" timestamp="2023-01-26T13:59:21Z" user="ItsLouisAnderson" uid="11691953" lat="21.0281243" lon="105.8430681"/>
 <node id="7202402658" visible="true" version="4" changeset="169904567" timestamp="2025-08-03T13:13:34Z" user="doggosmile" uid="20107008" lat="21.0283561" lon="105.8416436"/>
 <node id="7772398585" visible="true" version="3" changeset="169648741" timestamp="2025-07-29T04:56:51Z" user="sykul" uid="9715645" lat="21.0279270" lon="105.8412006">
  <tag k="amenity" v="restaurant"/>
  <tag k="name" v="Lẩu Thành Còi"/>
  <tag k="name:en" v="Beer thank Coi"/>
 </node>
 <node id="7856211555" visible="true" version="3" changeset="145783851" timestamp="2024-01-02T04:52:20Z" user="vietnam321" uid="11196308" lat="21.0278903" lon="105.8424213">
  <tag k="addr:city" v="Hà Nội"/>
  <tag k="addr:district" v="Hoàn Kiếm"/>
  <tag k="addr:housenumber" v="22"/>
  <tag k="addr:postcode" v="11060"/>
  <tag k="addr:street" v="Phố Cửa Nam"/>
  <tag k="amenity" v="post_office"/>
  <tag k="name" v="Bưu điện Cửa Nam"/>
  <tag k="operator" v="Vietnam Post"/>
  <tag k="operator:wikidata" v="Q112150791"/>
 </node>
 <node id="7993990959" visible="true" version="1" changeset="92261545" timestamp="2020-10-10T04:02:49Z" user="vietnam321" uid="11196308" lat="21.0196774" lon="105.8400068"/>
 <node id="7993990960" visible="true" version="2" changeset="142354980" timestamp="2023-10-09T15:23:46Z" user="ItsLouisAnderson" uid="11691953" lat="21.0192698" lon="105.8401237"/>
 <node id="7993990963" visible="true" version="1" changeset="92261545" timestamp="2020-10-10T04:02:49Z" user="vietnam321" uid="11196308" lat="21.0194524" lon="105.8411008"/>
 <node id="7993990964" visible="true" version="1" changeset="92261545" timestamp="2020-10-10T04:02:49Z" user="vietnam321" uid="11196308" lat="21.0196642" lon="105.8411017"/>
 <node id="7993990965" visible="true" version="2" changeset="142354980" timestamp="2023-10-09T15:23:46Z" user="ItsLouisAnderson" uid="11691953" lat="21.0203126" lon="105.8410162"/>
 <node id="7993990966" visible="true" version="2" changeset="147168108" timestamp="2024-02-07T09:38:43Z" user="user_14538650" uid="14538650" lat="21.0274695" lon="105.8410264"/>
 <node id="7993990967" visible="true" version="1" changeset="92261545" timestamp="2020-10-10T04:02:49Z" user="vietnam321" uid="11196308" lat="21.0275523" lon="105.8403991"/>
 <node id="8043743668" visible="true" version="2" changeset="141761763" timestamp="2023-09-26T08:02:18Z" user="ItsLouisAnderson" uid="11691953" lat="21.0258571" lon="105.8407580">
  <tag k="railway" v="crossing"/>
 </node>
 <node id="8189781666" visible="true" version="6" changeset="168253485" timestamp="2025-06-29T07:34:57Z" user="Tewuzij" uid="16194143" lat="21.0210536" lon="105.8409287"/>
 <node id="8614435580" visible="true" version="2" changeset="141761763" timestamp="2023-09-26T08:02:18Z" user="ItsLouisAnderson" uid="11691953" lat="21.0268982" lon="105.8409444">
  <tag k="railway" v="switch"/>
 </node>
 <node id="9246156833" visible="true" version="4" changeset="168253519" timestamp="2025-06-29T07:36:32Z" user="Tewuzij" uid="16194143" lat="21.0287131" lon="105.8420875"/>
 <node id="9247544902" visible="true" version="4" changeset="169934390" timestamp="2025-08-04T05:40:43Z" user="AndjelaS" uid="8951082" lat="21.0295599" lon="105.8391429"/>
 <node id="9247544903" visible="true" version="4" changeset="168253506" timestamp="2025-06-29T07:35:47Z" user="Tewuzij" uid="16194143" lat="21.0289616" lon="105.8389332"/>
 <node id="9247544904" visible="true" version="5" changeset="168253506" timestamp="2025-06-29T07:35:47Z" user="Tewuzij" uid="16194143" lat="21.0288902" lon="105.8391988"/>
 <node id="9247544905" visible="true" version="5" changeset="168253506" timestamp="2025-06-29T07:35:47Z" user="Tewuzij" uid="16194143" lat="21.0286196" lon="105.8391332"/>
 <node id="9247544907" visible="true" version="4" changeset="168253506" timestamp="2025-06-29T07:35:47Z" user="Tewuzij" uid="16194143" lat="21.0285095" lon="105.8394059"/>
 <node id="9247544908" visible="true" version="4" changeset="168253506" timestamp="2025-06-29T07:35:47Z" user="Tewuzij" uid="16194143" lat="21.0284323" lon="105.8397698"/>
 <node id="9247544909" visible="true" version="4" changeset="168253506" timestamp="2025-06-29T07:35:47Z" user="Tewuzij" uid="16194143" lat="21.0287707" lon="105.8398138"/>
 <node id="9247544910" visible="true" version="3" changeset="168253506" timestamp="2025-06-29T07:35:47Z" user="Tewuzij" uid="16194143" lat="21.0289422" lon="105.8398793"/>
 <node id="9247544911" visible="true" version="4" changeset="168253506" timestamp="2025-06-29T07:35:47Z" user="Tewuzij" uid="16194143" lat="21.0289359" lon="105.8401905"/>
 <node id="9247544912" visible="true" version="5" changeset="168253506" timestamp="2025-06-29T07:35:47Z" user="Tewuzij" uid="16194143" lat="21.0287987" lon="105.8406544"/>
 <node id="9247544913" visible="true" version="4" changeset="168253506" timestamp="2025-06-29T07:35:47Z" user="Tewuzij" uid="16194143" lat="21.0287010" lon="105.8406182"/>
 <node id="9247544914" visible="true" version="4" changeset="168253506" timestamp="2025-06-29T07:35:47Z" user="Tewuzij" uid="16194143" lat="21.0286922" lon="105.8408062"/>
 <node id="9247544915" visible="true" version="4" changeset="168253506" timestamp="2025-06-29T07:35:47Z" user="Tewuzij" uid="16194143" lat="21.0284898" lon="105.8407663"/>
 <node id="9247544916" visible="true" version="4" changeset="168253506" timestamp="2025-06-29T07:35:47Z" user="Tewuzij" uid="16194143" lat="21.0284459" lon="105.8409826"/>
 <node id="9247567217" visible="true" version="4" changeset="168253506" timestamp="2025-06-29T07:35:47Z" user="Tewuzij" uid="16194143" lat="21.0283834" lon="105.8409720"/>
 <node id="9247567218" visible="true" version="4" changeset="168253506" timestamp="2025-06-29T07:35:47Z" user="Tewuzij" uid="16194143" lat="21.0284687" lon="105.8411177"/>
 <node id="9247567219" visible="true" version="5" changeset="168253506" timestamp="2025-06-29T07:35:47Z" user="Tewuzij" uid="16194143" lat="21.0287727" lon="105.8412352"/>
 <node id="9247782142" visible="true" version="5" changeset="168253519" timestamp="2025-06-29T07:36:32Z" user="Tewuzij" uid="16194143" lat="21.0228612" lon="105.8409566"/>
 <node id="9247782143" visible="true" version="3" changeset="168253519" timestamp="2025-06-29T07:36:32Z" user="Tewuzij" uid="16194143" lat="21.0233319" lon="105.8412059"/>
 <node id="9247782144" visible="true" version="3" changeset="168253519" timestamp="2025-06-29T07:36:32Z" user="Tewuzij" uid="16194143" lat="21.0233300" lon="105.8410133"/>
 <node id="9247782145" visible="true" version="3" changeset="168253519" timestamp="2025-06-29T07:36:32Z" user="Tewuzij" uid="16194143" lat="21.0228621" lon="105.8410001"/>
 <node id="9247782146" visible="true" version="3" changeset="168253519" timestamp="2025-06-29T07:36:32Z" user="Tewuzij" uid="16194143" lat="21.0247813" lon="105.8412317"/>
 <node id="9247782147" visible="true" version="3" changeset="168253519" timestamp="2025-06-29T07:36:32Z" user="Tewuzij" uid="16194143" lat="21.0247821" lon="105.8410530"/>
 <node id="9247782148" visible="true" version="3" changeset="168253519" timestamp="2025-06-29T07:36:32Z" user="Tewuzij" uid="16194143" lat="21.0258610" lon="105.8410245"/>
 <node id="9247782149" visible="true" version="3" changeset="168253519" timestamp="2025-06-29T07:36:32Z" user="Tewuzij" uid="16194143" lat="21.0264208" lon="105.8410002"/>
 <node id="9247782150" visible="true" version="3" changeset="168253519" timestamp="2025-06-29T07:36:32Z" user="Tewuzij" uid="16194143" lat="21.0268439" lon="105.8410075"/>
 <node id="9247782151" visible="true" version="3" changeset="168253519" timestamp="2025-06-29T07:36:32Z" user="Tewuzij" uid="16194143" lat="21.0272135" lon="105.8410482"/>
 <node id="9247782152" visible="true" version="3" changeset="168253519" timestamp="2025-06-29T07:36:32Z" user="Tewuzij" uid="16194143" lat="21.0273820" lon="105.8410999"/>
 <node id="9247782153" visible="true" version="3" changeset="168253519" timestamp="2025-06-29T07:36:32Z" user="Tewuzij" uid="16194143" lat="21.0273726" lon="105.8412423"/>
 <node id="9247782154" visible="true" version="3" changeset="168253519" timestamp="2025-06-29T07:36:32Z" user="Tewuzij" uid="16194143" lat="21.0274843" lon="105.8412544"/>
 <node id="9247782155" visible="true" version="4" changeset="169934000" timestamp="2025-08-04T05:25:34Z" user="AndjelaS" uid="8951082" lat="21.0276316" lon="105.8415518"/>
 <node id="9420107222" visible="true" version="1" changeset="116177107" timestamp="2022-01-15T10:25:13Z" user="vietnam321" uid="11196308" lat="21.0289264" lon="105.8407279"/>
 <node id="9420107223" visible="true" version="1" changeset="116177107" timestamp="2022-01-15T10:25:13Z" user="vietnam321" uid="11196308" lat="21.0289008" lon="105.8408288"/>
 <node id="9420107224" visible="true" version="1" changeset="116177107" timestamp="2022-01-15T10:25:13Z" user="vietnam321" uid="11196308" lat="21.0287628" lon="105.8407886"/>
 <node id="9420107225" visible="true" version="1" changeset="116177107" timestamp="2022-01-15T10:25:13Z" user="vietnam321" uid="11196308" lat="21.0287885" lon="105.8406876"/>
 <node id="9580380442" visible="true" version="1" changeset="118506839" timestamp="2022-03-15T11:10:50Z" user="ravali_78" uid="10044812" lat="21.0282436" lon="105.8410729"/>
 <node id="9580380443" visible="true" version="1" changeset="118506839" timestamp="2022-03-15T11:10:50Z" user="ravali_78" uid="10044812" lat="21.0282348" lon="105.8411426"/>
 <node id="9580380444" visible="true" version="1" changeset="118506839" timestamp="2022-03-15T11:10:50Z" user="ravali_78" uid="10044812" lat="21.0282902" lon="105.8411506"/>
 <node id="9580380445" visible="true" version="1" changeset="118506839" timestamp="2022-03-15T11:10:50Z" user="ravali_78" uid="10044812" lat="21.0282990" lon="105.8410808"/>
 <node id="9620194137" visible="true" version="1" changeset="119054154" timestamp="2022-03-29T07:21:46Z" user="kura_1" uid="14366156" lat="21.0271328" lon="105.8426269"/>
 <node id="9620194138" visible="true" version="1" changeset="119054154" timestamp="2022-03-29T07:21:46Z" user="kura_1" uid="14366156" lat="21.0270548" lon="105.8426017"/>
 <node id="9620194139" visible="true" version="1" changeset="119054154" timestamp="2022-03-29T07:21:46Z" user="kura_1" uid="14366156" lat="21.0270691" lon="105.8425508"/>
 <node id="9620194140" visible="true" version="1" changeset="119054154" timestamp="2022-03-29T07:21:46Z" user="kura_1" uid="14366156" lat="21.0271471" lon="105.8425760"/>
 <node id="9620194162" visible="true" version="2" changeset="128378092" timestamp="2022-11-02T08:32:49Z" user="ItsLouisAnderson" uid="11691953" lat="21.0266419" lon="105.8432084"/>
 <node id="9620194163" visible="true" version="2" changeset="128378092" timestamp="2022-11-02T08:32:49Z" user="ItsLouisAnderson" uid="11691953" lat="21.0265311" lon="105.8432091"/>
 <node id="9620194164" visible="true" version="2" changeset="128378092" timestamp="2022-11-02T08:32:49Z" user="ItsLouisAnderson" uid="11691953" lat="21.0265308" lon="105.8431541"/>
 <node id="9620194165" visible="true" version="2" changeset="128378092" timestamp="2022-11-02T08:32:49Z" user="ItsLouisAnderson" uid="11691953" lat="21.0266416" lon="105.8431535"/>
 <node id="10149099229" visible="true" version="1" changeset="128378092" timestamp="2022-11-02T08:32:49Z" user="ItsLouisAnderson" uid="11691953" lat="21.0273381" lon="105.8423745"/>
 <node id="10149099293" visible="true" version="1" changeset="128378092" timestamp="2022-11-02T08:32:49Z" user="ItsLouisAnderson" uid="11691953" lat="21.0265581" lon="105.8415814"/>
 <node id="10149099294" visible="true" version="1" changeset="128378092" timestamp="2022-11-02T08:32:49Z" user="ItsLouisAnderson" uid="11691953" lat="21.0265307" lon="105.8416069"/>
 <node id="10149099295" visible="true" version="1" changeset="128378092" timestamp="2022-11-02T08:32:49Z" user="ItsLouisAnderson" uid="11691953" lat="21.0265164" lon="105.8416363"/>
 <node id="10149099296" visible="true" version="1" changeset="128378092" timestamp="2022-11-02T08:32:49Z" user="ItsLouisAnderson" uid="11691953" lat="21.0265140" lon="105.8419310"/>
 <node id="10149099297" visible="true" version="1" changeset="128378092" timestamp="2022-11-02T08:32:49Z" user="ItsLouisAnderson" uid="11691953" lat="21.0265128" lon="105.8423738"/>
 <node id="10149099298" visible="true" version="1" changeset="128378092" timestamp="2022-11-02T08:32:49Z" user="ItsLouisAnderson" uid="11691953" lat="21.0265224" lon="105.8435131"/>
 <node id="10149099299" visible="true" version="1" changeset="128378092" timestamp="2022-11-02T08:32:49Z" user="ItsLouisAnderson" uid="11691953" lat="21.0265486" lon="105.8435565"/>
 <node id="10149099300" visible="true" version="1" changeset="128378092" timestamp="2022-11-02T08:32:49Z" user="ItsLouisAnderson" uid="11691953" lat="21.0265795" lon="105.8435884"/>
 <node id="10149099301" visible="true" version="1" changeset="128378092" timestamp="2022-11-02T08:32:49Z" user="ItsLouisAnderson" uid="11691953" lat="21.0266176" lon="105.8436063"/>
 <node id="10149099302" visible="true" version="1" changeset="128378092" timestamp="2022-11-02T08:32:49Z" user="ItsLouisAnderson" uid="11691953" lat="21.0267772" lon="105.8436611"/>
 <node id="10149099303" visible="true" version="1" changeset="128378092" timestamp="2022-11-02T08:32:49Z" user="ItsLouisAnderson" uid="11691953" lat="21.0268129" lon="105.8436560"/>
 <node id="10149099304" visible="true" version="1" changeset="128378092" timestamp="2022-11-02T08:32:49Z" user="ItsLouisAnderson" uid="11691953" lat="21.0268427" lon="105.8436394"/>
 <node id="10149099305" visible="true" version="1" changeset="128378092" timestamp="2022-11-02T08:32:49Z" user="ItsLouisAnderson" uid="11691953" lat="21.0268665" lon="105.8436088"/>
 <node id="10149099306" visible="true" version="1" changeset="128378092" timestamp="2022-11-02T08:32:49Z" user="ItsLouisAnderson" uid="11691953" lat="21.0272378" lon="105.8423786"/>
 <node id="10149099307" visible="true" version="1" changeset="128378092" timestamp="2022-11-02T08:32:49Z" user="ItsLouisAnderson" uid="11691953" lat="21.0265943" lon="105.8415692"/>
 <node id="10149099308" visible="true" version="1" changeset="128378092" timestamp="2022-11-02T08:32:49Z" user="ItsLouisAnderson" uid="11691953" lat="21.0273874" lon="105.8415907"/>
 <node id="10149099309" visible="true" version="1" changeset="128378092" timestamp="2022-11-02T08:32:49Z" user="ItsLouisAnderson" uid="11691953" lat="21.0274259" lon="105.8415993"/>
 <node id="10149099310" visible="true" version="1" changeset="128378092" timestamp="2022-11-02T08:32:49Z" user="ItsLouisAnderson" uid="11691953" lat="21.0274570" lon="105.8416175"/>
 <node id="10149099311" visible="true" version="1" changeset="128378092" timestamp="2022-11-02T08:32:49Z" user="ItsLouisAnderson" uid="11691953" lat="21.0272974" lon="105.8421976"/>
 <node id="10149099312" visible="true" version="1" changeset="128378092" timestamp="2022-11-02T08:32:49Z" user="ItsLouisAnderson" uid="11691953" lat="21.0274806" lon="105.8416709"/>
 <node id="10149099314" visible="true" version="1" changeset="128378092" timestamp="2022-11-02T08:32:49Z" user="ItsLouisAnderson" uid="11691953" lat="21.0265500" lon="105.8415889"/>
 <node id="10149108480" visible="true" version="2" changeset="131733996" timestamp="2023-01-26T13:59:21Z" user="ItsLouisAnderson" uid="11691953" lat="21.0280507" lon="105.8433999"/>
 <node id="10149108481" visible="true" version="2" changeset="131733996" timestamp="2023-01-26T13:59:21Z" user="ItsLouisAnderson" uid="11691953" lat="21.0279843" lon="105.8431701"/>
 <node id="10149108482" visible="true" version="2" changeset="131733996" timestamp="2023-01-26T13:59:21Z" user="ItsLouisAnderson" uid="11691953" lat="21.0280074" lon="105.8432979"/>
 <node id="10149108483" visible="true" version="1" changeset="128378092" timestamp="2022-11-02T08:32:49Z" user="ItsLouisAnderson" uid="11691953" lat="21.0279846" lon="105.8430815"/>
 <node id="10149108489" visible="true" version="1" changeset="128378092" timestamp="2022-11-02T08:32:49Z" user="ItsLouisAnderson" uid="11691953" lat="21.0277486" lon="105.8423956"/>
 <node id="10149108490" visible="true" version="1" changeset="128378092" timestamp="2022-11-02T08:32:49Z" user="ItsLouisAnderson" uid="11691953" lat="21.0278856" lon="105.8430859"/>
 <node id="10149108491" visible="true" version="1" changeset="128378092" timestamp="2022-11-02T08:32:49Z" user="ItsLouisAnderson" uid="11691953" lat="21.0280452" lon="105.8438578"/>
 <node id="10149108492" visible="true" version="1" changeset="128378092" timestamp="2022-11-02T08:32:49Z" user="ItsLouisAnderson" uid="11691953" lat="21.0280448" lon="105.8438984"/>
 <node id="10149108493" visible="true" version="1" changeset="128378092" timestamp="2022-11-02T08:32:49Z" user="ItsLouisAnderson" uid="11691953" lat="21.0280299" lon="105.8439280"/>
 <node id="10149108494" visible="true" version="1" changeset="128378092" timestamp="2022-11-02T08:32:49Z" user="ItsLouisAnderson" uid="11691953" lat="21.0280044" lon="105.8439584"/>
 <node id="10149108495" visible="true" version="1" changeset="128378092" timestamp="2022-11-02T08:32:49Z" user="ItsLouisAnderson" uid="11691953" lat="21.0279641" lon="105.8439887"/>
 <node id="10149108496" visible="true" version="1" changeset="128378092" timestamp="2022-11-02T08:32:49Z" user="ItsLouisAnderson" uid="11691953" lat="21.0279209" lon="105.8440001"/>
 <node id="10149108497" visible="true" version="1" changeset="128378092" timestamp="2022-11-02T08:32:49Z" user="ItsLouisAnderson" uid="11691953" lat="21.0278671" lon="105.8440069"/>
 <node id="10149108498" visible="true" version="1" changeset="128378092" timestamp="2022-11-02T08:32:49Z" user="ItsLouisAnderson" uid="11691953" lat="21.0278260" lon="105.8440084"/>
 <node id="10149108499" visible="true" version="1" changeset="128378092" timestamp="2022-11-02T08:32:49Z" user="ItsLouisAnderson" uid="11691953" lat="21.0277927" lon="105.8440054"/>
 <node id="10149108500" visible="true" version="1" changeset="128378092" timestamp="2022-11-02T08:32:49Z" user="ItsLouisAnderson" uid="11691953" lat="21.0274842" lon="105.8438919"/>
 <node id="10149108501" visible="true" version="1" changeset="128378092" timestamp="2022-11-02T08:32:49Z" user="ItsLouisAnderson" uid="11691953" lat="21.0270480" lon="105.8437349"/>
 <node id="10149108502" visible="true" version="1" changeset="128378092" timestamp="2022-11-02T08:32:49Z" user="ItsLouisAnderson" uid="11691953" lat="21.0270261" lon="105.8437097"/>
 <node id="10149108503" visible="true" version="1" changeset="128378092" timestamp="2022-11-02T08:32:49Z" user="ItsLouisAnderson" uid="11691953" lat="21.0270227" lon="105.8436736"/>
 <node id="10149108504" visible="true" version="1" changeset="128378092" timestamp="2022-11-02T08:32:49Z" user="ItsLouisAnderson" uid="11691953" lat="21.0274674" lon="105.8422012"/>
 <node id="10149108505" visible="true" version="1" changeset="128378092" timestamp="2022-11-02T08:32:49Z" user="ItsLouisAnderson" uid="11691953" lat="21.0275196" lon="105.8420100"/>
 <node id="10149108506" visible="true" version="1" changeset="128378092" timestamp="2022-11-02T08:32:49Z" user="ItsLouisAnderson" uid="11691953" lat="21.0275461" lon="105.8419744"/>
 <node id="10149108507" visible="true" version="1" changeset="128378092" timestamp="2022-11-02T08:32:49Z" user="ItsLouisAnderson" uid="11691953" lat="21.0275812" lon="105.8419723"/>
 <node id="10149108508" visible="true" version="1" changeset="128378092" timestamp="2022-11-02T08:32:49Z" user="ItsLouisAnderson" uid="11691953" lat="21.0276332" lon="105.8419819"/>
 <node id="10149108509" visible="true" version="1" changeset="128378092" timestamp="2022-11-02T08:32:49Z" user="ItsLouisAnderson" uid="11691953" lat="21.0276703" lon="105.8420141"/>
 <node id="10149108510" visible="true" version="1" changeset="128378092" timestamp="2022-11-02T08:32:49Z" user="ItsLouisAnderson" uid="11691953" lat="21.0270265" lon="105.8436611"/>
 <node id="10149108511" visible="true" version="1" changeset="128378092" timestamp="2022-11-02T08:32:49Z" user="ItsLouisAnderson" uid="11691953" lat="21.0268018" lon="105.8436576"/>
 <node id="10149108513" visible="true" version="1" changeset="128378092" timestamp="2022-11-02T08:32:49Z" user="ItsLouisAnderson" uid="11691953" lat="21.0265041" lon="105.8398774"/>
 <node id="10149108514" visible="true" version="1" changeset="128378092" timestamp="2022-11-02T08:32:49Z" user="ItsLouisAnderson" uid="11691953" lat="21.0274300" lon="105.8402681"/>
 <node id="10149108515" visible="true" version="1" changeset="128378092" timestamp="2022-11-02T08:32:49Z" user="ItsLouisAnderson" uid="11691953" lat="21.0282502" lon="105.8432102"/>
 <node id="10149108516" visible="true" version="2" changeset="167558013" timestamp="2025-06-13T04:32:52Z" user="phoenixsaigon1698" uid="3323343" lat="21.0282632" lon="105.8432207"/>
 <node id="10149108517" visible="true" version="2" changeset="167558013" timestamp="2025-06-13T04:32:52Z" user="phoenixsaigon1698" uid="3323343" lat="21.0282926" lon="105.8432179"/>
 <node id="10149108536" visible="true" version="1" changeset="128378092" timestamp="2022-11-02T08:32:49Z" user="ItsLouisAnderson" uid="11691953" lat="21.0278048" lon="105.8440065"/>
 <node id="10149108538" visible="true" version="1" changeset="128378092" timestamp="2022-11-02T08:32:49Z" user="ItsLouisAnderson" uid="11691953" lat="21.0270728" lon="105.8437439"/>
 <node id="10149108574" visible="true" version="1" changeset="128378092" timestamp="2022-11-02T08:32:49Z" user="ItsLouisAnderson" uid="11691953" lat="21.0264874" lon="105.8414586"/>
 <node id="10149108575" visible="true" version="1" changeset="128378092" timestamp="2022-11-02T08:32:49Z" user="ItsLouisAnderson" uid="11691953" lat="21.0275038" lon="105.8414768"/>
 <node id="10149108576" visible="true" version="1" changeset="128378092" timestamp="2022-11-02T08:32:49Z" user="ItsLouisAnderson" uid="11691953" lat="21.0254358" lon="105.8414371"/>
 <node id="10149108577" visible="true" version="1" changeset="128378092" timestamp="2022-11-02T08:32:49Z" user="ItsLouisAnderson" uid="11691953" lat="21.0249702" lon="105.8414328"/>
 <node id="10149108578" visible="true" version="2" changeset="128447382" timestamp="2022-11-03T16:41:02Z" user="ItsLouisAnderson" uid="11691953" lat="21.0259664" lon="105.8414480">
  <tag k="highway" v="crossing"/>
 </node>
 <node id="10149108593" visible="true" version="1" changeset="128378092" timestamp="2022-11-02T08:32:49Z" user="ItsLouisAnderson" uid="11691953" lat="21.0266222" lon="105.8415700"/>
 <node id="10149108594" visible="true" version="1" changeset="128378092" timestamp="2022-11-02T08:32:49Z" user="ItsLouisAnderson" uid="11691953" lat="21.0266234" lon="105.8414610"/>
 <node id="10149108595" visible="true" version="1" changeset="128378092" timestamp="2022-11-02T08:32:49Z" user="ItsLouisAnderson" uid="11691953" lat="21.0250204" lon="105.8414333"/>
 <node id="10155016678" visible="true" version="1" changeset="128447382" timestamp="2022-11-03T16:41:02Z" user="ItsLouisAnderson" uid="11691953" lat="21.0280210" lon="105.8416035"/>
 <node id="10155016679" visible="true" version="1" changeset="128447382" timestamp="2022-11-03T16:41:02Z" user="ItsLouisAnderson" uid="11691953" lat="21.0277900" lon="105.8416074"/>
 <node id="10155016680" visible="true" version="1" changeset="128447382" timestamp="2022-11-03T16:41:02Z" user="ItsLouisAnderson" uid="11691953" lat="21.0277507" lon="105.8416214"/>
 <node id="10155016681" visible="true" version="1" changeset="128447382" timestamp="2022-11-03T16:41:02Z" user="ItsLouisAnderson" uid="11691953" lat="21.0277233" lon="105.8416482"/>
 <node id="10155016682" visible="true" version="1" changeset="128447382" timestamp="2022-11-03T16:41:02Z" user="ItsLouisAnderson" uid="11691953" lat="21.0277078" lon="105.8416929"/>
 <node id="10155016683" visible="true" version="1" changeset="128447382" timestamp="2022-11-03T16:41:02Z" user="ItsLouisAnderson" uid="11691953" lat="21.0277114" lon="105.8417579"/>
 <node id="10155016684" visible="true" version="1" changeset="128447382" timestamp="2022-11-03T16:41:02Z" user="ItsLouisAnderson" uid="11691953" lat="21.0278210" lon="105.8423180"/>
 <node id="10155016685" visible="true" version="1" changeset="128447382" timestamp="2022-11-03T16:41:02Z" user="ItsLouisAnderson" uid="11691953" lat="21.0278781" lon="105.8425490"/>
 <node id="10155016686" visible="true" version="1" changeset="128447382" timestamp="2022-11-03T16:41:02Z" user="ItsLouisAnderson" uid="11691953" lat="21.0279413" lon="105.8426230"/>
 <node id="10155016687" visible="true" version="1" changeset="128447382" timestamp="2022-11-03T16:41:02Z" user="ItsLouisAnderson" uid="11691953" lat="21.0282044" lon="105.8431091"/>
 <node id="10155016689" visible="true" version="1" changeset="128447382" timestamp="2022-11-03T16:41:02Z" user="ItsLouisAnderson" uid="11691953" lat="21.0285748" lon="105.8416163"/>
 <node id="10155016690" visible="true" version="1" changeset="128447382" timestamp="2022-11-03T16:41:02Z" user="ItsLouisAnderson" uid="11691953" lat="21.0286153" lon="105.8416329"/>
 <node id="10155016691" visible="true" version="1" changeset="128447382" timestamp="2022-11-03T16:41:02Z" user="ItsLouisAnderson" uid="11691953" lat="21.0286558" lon="105.8416673"/>
 <node id="10155016692" visible="true" version="1" changeset="128447382" timestamp="2022-11-03T16:41:02Z" user="ItsLouisAnderson" uid="11691953" lat="21.0286749" lon="105.8416941"/>
 <node id="10155016693" visible="true" version="1" changeset="128447382" timestamp="2022-11-03T16:41:02Z" user="ItsLouisAnderson" uid="11691953" lat="21.0286903" lon="105.8417350"/>
 <node id="10155016694" visible="true" version="1" changeset="128447382" timestamp="2022-11-03T16:41:02Z" user="ItsLouisAnderson" uid="11691953" lat="21.0286844" lon="105.8417847"/>
 <node id="10155016695" visible="true" version="1" changeset="128447382" timestamp="2022-11-03T16:41:02Z" user="ItsLouisAnderson" uid="11691953" lat="21.0283200" lon="105.8431167"/>
 <node id="10155016696" visible="true" version="1" changeset="128447382" timestamp="2022-11-03T16:41:02Z" user="ItsLouisAnderson" uid="11691953" lat="21.0282950" lon="105.8431448"/>
 <node id="10155016697" visible="true" version="1" changeset="128447382" timestamp="2022-11-03T16:41:02Z" user="ItsLouisAnderson" uid="11691953" lat="21.0282580" lon="105.8431550"/>
 <node id="10155016698" visible="true" version="1" changeset="128447382" timestamp="2022-11-03T16:41:02Z" user="ItsLouisAnderson" uid="11691953" lat="21.0282271" lon="105.8431448"/>
 <node id="10155016699" visible="true" version="5" changeset="163978100" timestamp="2025-03-23T09:42:59Z" user="merlot09" uid="20295937" lat="21.0283110" lon="105.8416026">
  <tag k="railway" v="crossing"/>
 </node>
 <node id="10155016700" visible="true" version="2" changeset="141761763" timestamp="2023-09-26T08:02:18Z" user="ItsLouisAnderson" uid="11691953" lat="21.0286300" lon="105.8420030">
  <tag k="railway" v="crossing"/>
 </node>
 <node id="10155016701" visible="true" version="2" changeset="169096550" timestamp="2025-07-18T08:33:45Z" user="Tewuzij" uid="16194143" lat="21.0285565" lon="105.8422521">
  <tag k="crossing" v="unmarked"/>
  <tag k="crossing:markings" v="no"/>
  <tag k="highway" v="crossing"/>
 </node>
 <node id="10155016702" visible="true" version="2" changeset="169096550" timestamp="2025-07-18T08:33:45Z" user="Tewuzij" uid="16194143" lat="21.0279135" lon="105.8425904">
  <tag k="crossing" v="unmarked"/>
  <tag k="crossing:markings" v="no"/>
  <tag k="highway" v="crossing"/>
 </node>
 <node id="10155016703" visible="true" version="1" changeset="128447382" timestamp="2022-11-03T16:41:02Z" user="ItsLouisAnderson" uid="11691953" lat="21.0277140" lon="105.8416750"/>
 <node id="10155016704" visible="true" version="1" changeset="128447382" timestamp="2022-11-03T16:41:02Z" user="ItsLouisAnderson" uid="11691953" lat="21.0272100" lon="105.8430536"/>
 <node id="10155016705" visible="true" version="1" changeset="128447382" timestamp="2022-11-03T16:41:02Z" user="ItsLouisAnderson" uid="11691953" lat="21.0270492" lon="105.8430034"/>
 <node id="10155016706" visible="true" version="3" changeset="176510799" timestamp="2025-12-28T02:12:35Z" user="ThShepard" uid="21231771" lat="21.0271392" lon="105.8430315">
  <tag k="crossing" v="marked"/>
  <tag k="crossing:island" v="no"/>
  <tag k="crossing:markings" v="yes"/>
  <tag k="highway" v="crossing"/>
 </node>
 <node id="10159370766" visible="true" version="2" changeset="154741624" timestamp="2024-08-02T15:25:22Z" user="logus2" uid="21611817" lat="21.0286480" lon="105.8428859"/>
 <node id="10159370767" visible="true" version="2" changeset="154741624" timestamp="2024-08-02T15:25:22Z" user="logus2" uid="21611817" lat="21.0285818" lon="105.8428223"/>
 <node id="10159370768" visible="true" version="4" changeset="169904567" timestamp="2025-08-03T13:13:34Z" user="doggosmile" uid="20107008" lat="21.0290150" lon="105.8425482">
  <tag k="railway" v="crossing"/>
 </node>
 <node id="10159370771" visible="true" version="2" changeset="154741624" timestamp="2024-08-02T15:25:22Z" user="logus2" uid="21611817" lat="21.0285837" lon="105.8427894"/>
 <node id="10159370778" visible="true" version="2" changeset="154741624" timestamp="2024-08-02T15:25:22Z" user="logus2" uid="21611817" lat="21.0289102" lon="105.8416503"/>
 <node id="10159370782" visible="true" version="2" changeset="154741624" timestamp="2024-08-02T15:25:22Z" user="logus2" uid="21611817" lat="21.0285871" lon="105.8427774"/>
 <node id="10159370783" visible="true" version="1" changeset="128520783" timestamp="2022-11-05T13:28:13Z" user="ItsLouisAnderson" uid="11691953" lat="21.0284270" lon="105.8427255"/>
 <node id="10164900035" visible="true" version="3" changeset="154772901" timestamp="2024-08-03T12:59:02Z" user="logus2" uid="21611817" lat="21.0289705" lon="105.8414684"/>
 <node id="10165813926" visible="true" version="2" changeset="154741624" timestamp="2024-08-02T15:25:22Z" user="logus2" uid="21611817" lat="21.0288835" lon="105.8417433"/>
 <node id="10165813927" visible="true" version="4" changeset="154799389" timestamp="2024-08-04T07:49:55Z" user="logus2" uid="21611817" lat="21.0288202" lon="105.8417223">
  <tag k="button_operated" v="no"/>
  <tag k="crossing" v="traffic_signals"/>
  <tag k="highway" v="crossing"/>
  <tag k="traffic_signals:sound" v="no"/>
 </node>
 <node id="10165813931" visible="true" version="1" changeset="128586519" timestamp="2022-11-07T08:48:12Z" user="ItsLouisAnderson" uid="11691953" lat="21.0277149" lon="105.8414669"/>
 <node id="10165813932" visible="true" version="1" changeset="128586519" timestamp="2022-11-07T08:48:12Z" user="ItsLouisAnderson" uid="11691953" lat="21.0280356" lon="105.8414731"/>
 <node id="10165813934" visible="true" version="1" changeset="128586519" timestamp="2022-11-07T08:48:12Z" user="ItsLouisAnderson" uid="11691953" lat="21.0286445" lon="105.8414806"/>
 <node id="10165813935" visible="true" version="1" changeset="128586519" timestamp="2022-11-07T08:48:12Z" user="ItsLouisAnderson" uid="11691953" lat="21.0283140" lon="105.8414706"/>
 <node id="10165813936" visible="true" version="4" changeset="163978100" timestamp="2025-03-23T09:43:01Z" user="merlot09" uid="20295937" lat="21.0281741" lon="105.8414731">
  <tag k="railway" v="crossing"/>
 </node>
 <node id="10165813937" visible="true" version="1" changeset="128586519" timestamp="2022-11-07T08:48:12Z" user="ItsLouisAnderson" uid="11691953" lat="21.0275415" lon="105.8414765"/>
 <node id="10165813938" visible="true" version="1" changeset="128586519" timestamp="2022-11-07T08:48:12Z" user="ItsLouisAnderson" uid="11691953" lat="21.0275642" lon="105.8414704"/>
 <node id="10165813939" visible="true" version="1" changeset="128586519" timestamp="2022-11-07T08:48:12Z" user="ItsLouisAnderson" uid="11691953" lat="21.0275769" lon="105.8414590"/>
 <node id="10165813940" visible="true" version="1" changeset="128586519" timestamp="2022-11-07T08:48:12Z" user="ItsLouisAnderson" uid="11691953" lat="21.0275854" lon="105.8414363"/>
 <node id="10165813941" visible="true" version="1" changeset="128586519" timestamp="2022-11-07T08:48:12Z" user="ItsLouisAnderson" uid="11691953" lat="21.0275918" lon="105.8413998"/>
 <node id="10165813942" visible="true" version="1" changeset="128586519" timestamp="2022-11-07T08:48:12Z" user="ItsLouisAnderson" uid="11691953" lat="21.0276959" lon="105.8414605"/>
 <node id="10165813943" visible="true" version="1" changeset="128586519" timestamp="2022-11-07T08:48:12Z" user="ItsLouisAnderson" uid="11691953" lat="21.0276796" lon="105.8414431"/>
 <node id="10165813944" visible="true" version="1" changeset="128586519" timestamp="2022-11-07T08:48:12Z" user="ItsLouisAnderson" uid="11691953" lat="21.0276732" lon="105.8414218"/>
 <node id="10165813945" visible="true" version="1" changeset="128586519" timestamp="2022-11-07T08:48:12Z" user="ItsLouisAnderson" uid="11691953" lat="21.0276732" lon="105.8414105"/>
 <node id="10165813946" visible="true" version="2" changeset="169904567" timestamp="2025-08-03T13:13:34Z" user="doggosmile" uid="20107008" lat="21.0276431" lon="105.8414065">
  <tag k="crossing" v="traffic_signals"/>
  <tag k="highway" v="traffic_signals"/>
  <tag k="traffic_signals" v="traffic_lights"/>
  <tag k="traffic_signals:direction" v="forward"/>
 </node>
 <node id="10165813947" visible="true" version="1" changeset="128586519" timestamp="2022-11-07T08:48:12Z" user="ItsLouisAnderson" uid="11691953" lat="21.0286948" lon="105.8414837"/>
 <node id="10165813948" visible="true" version="1" changeset="128586519" timestamp="2022-11-07T08:48:12Z" user="ItsLouisAnderson" uid="11691953" lat="21.0287196" lon="105.8414815"/>
 <node id="10165813949" visible="true" version="1" changeset="128586519" timestamp="2022-11-07T08:48:12Z" user="ItsLouisAnderson" uid="11691953" lat="21.0287409" lon="105.8414686"/>
 <node id="10165813950" visible="true" version="1" changeset="128586519" timestamp="2022-11-07T08:48:12Z" user="ItsLouisAnderson" uid="11691953" lat="21.0287600" lon="105.8414443"/>
 <node id="10165813951" visible="true" version="1" changeset="128586519" timestamp="2022-11-07T08:48:12Z" user="ItsLouisAnderson" uid="11691953" lat="21.0287784" lon="105.8414041"/>
 <node id="10165813952" visible="true" version="1" changeset="128586519" timestamp="2022-11-07T08:48:12Z" user="ItsLouisAnderson" uid="11691953" lat="21.0286372" lon="105.8416515"/>
 <node id="10165813953" visible="true" version="1" changeset="128586519" timestamp="2022-11-07T08:48:12Z" user="ItsLouisAnderson" uid="11691953" lat="21.0291192" lon="105.8402810"/>
 <node id="10165813954" visible="true" version="2" changeset="154772901" timestamp="2024-08-03T12:59:02Z" user="logus2" uid="21611817" lat="21.0295968" lon="105.8386237"/>
 <node id="10165813955" visible="true" version="5" changeset="154799389" timestamp="2024-08-04T07:49:55Z" user="logus2" uid="21611817" lat="21.0292919" lon="105.8396951">
  <tag k="crossing:island" v="no"/>
  <tag k="crossing:markings" v="no"/>
  <tag k="crossing:signals" v="no"/>
  <tag k="highway" v="crossing"/>
 </node>
 <node id="10165813956" visible="true" version="3" changeset="154799389" timestamp="2024-08-04T07:49:55Z" user="logus2" uid="21611817" lat="21.0291487" lon="105.8401845">
  <tag k="crossing:markings" v="no"/>
  <tag k="highway" v="crossing"/>
 </node>
 <node id="10165813959" visible="true" version="1" changeset="128586519" timestamp="2022-11-07T08:48:12Z" user="ItsLouisAnderson" uid="11691953" lat="21.0294544" lon="105.8391120"/>
 <node id="10165813961" visible="true" version="1" changeset="128586519" timestamp="2022-11-07T08:48:12Z" user="ItsLouisAnderson" uid="11691953" lat="21.0292423" lon="105.8398518"/>
 <node id="10165813964" visible="true" version="1" changeset="128586519" timestamp="2022-11-07T08:48:12Z" user="ItsLouisAnderson" uid="11691953" lat="21.0277232" lon="105.8414670"/>
 <node id="10165813965" visible="true" version="1" changeset="128586519" timestamp="2022-11-07T08:48:12Z" user="ItsLouisAnderson" uid="11691953" lat="21.0273896" lon="105.8414747"/>
 <node id="10168769250" visible="true" version="2" changeset="154741099" timestamp="2024-08-02T15:13:40Z" user="logus2" uid="21611817" lat="21.0285290" lon="105.8433182"/>
 <node id="10168769257" visible="true" version="2" changeset="154741099" timestamp="2024-08-02T15:13:40Z" user="logus2" uid="21611817" lat="21.0291342" lon="105.8427407"/>
 <node id="10168769258" visible="true" version="5" changeset="154741099" timestamp="2024-08-02T15:13:40Z" user="logus2" uid="21611817" lat="21.0291514" lon="105.8427243">
  <tag k="crossing:barrier" v="full"/>
  <tag k="railway" v="crossing"/>
 </node>
 <node id="10168769259" visible="true" version="4" changeset="160490338" timestamp="2024-12-22T04:39:59Z" user="Emiliz" uid="21618251" lat="21.0288583" lon="105.8430041">
  <tag k="crossing:island" v="no"/>
  <tag k="crossing:signals" v="no"/>
  <tag k="highway" v="crossing"/>
 </node>
 <node id="10168769271" visible="true" version="3" changeset="167558013" timestamp="2025-06-13T04:32:52Z" user="phoenixsaigon1698" uid="3323343" lat="21.0286564" lon="105.8428781"/>
 <node id="10168769272" visible="true" version="3" changeset="167558013" timestamp="2025-06-13T04:32:52Z" user="phoenixsaigon1698" uid="3323343" lat="21.0287779" lon="105.8430309"/>
 <node id="10223875612" visible="true" version="1" changeset="129483654" timestamp="2022-11-28T16:30:46Z" user="jmbangate" uid="349964" lat="21.0275197" lon="105.8432262"/>
 <node id="10223875613" visible="true" version="1" changeset="129483654" timestamp="2022-11-28T16:30:46Z" user="jmbangate" uid="349964" lat="21.0275323" lon="105.8432957"/>
 <node id="10223875614" visible="true" version="1" changeset="129483654" timestamp="2022-11-28T16:30:46Z" user="jmbangate" uid="349964" lat="21.0279010" lon="105.8432190"/>
 <node id="10223875615" visible="true" version="1" changeset="129483654" timestamp="2022-11-28T16:30:46Z" user="jmbangate" uid="349964" lat="21.0278884" lon="105.8431495"/>
 <node id="10232157614" visible="true" version="1" changeset="129625929" timestamp="2022-12-02T02:09:52Z" user="jmbangate" uid="349964" lat="21.0267634" lon="105.8429190"/>
 <node id="10232157615" visible="true" version="1" changeset="129625929" timestamp="2022-12-02T02:09:52Z" user="jmbangate" uid="349964" lat="21.0265261" lon="105.8429181"/>
 <node id="10232157616" visible="true" version="1" changeset="129625929" timestamp="2022-12-02T02:09:52Z" user="jmbangate" uid="349964" lat="21.0265265" lon="105.8427859"/>
 <node id="10232167515" visible="true" version="1" changeset="129626165" timestamp="2022-12-02T02:25:19Z" user="jmbangate" uid="349964" lat="21.0284077" lon="105.8422338"/>
 <node id="10232167516" visible="true" version="1" changeset="129626165" timestamp="2022-12-02T02:25:19Z" user="jmbangate" uid="349964" lat="21.0283194" lon="105.8420534"/>
 <node id="10232170565" visible="true" version="1" changeset="129625824" timestamp="2022-12-02T02:02:39Z" user="jmbangate" uid="349964" lat="21.0278812" lon="105.8407302"/>
 <node id="10232170566" visible="true" version="1" changeset="129625824" timestamp="2022-12-02T02:02:39Z" user="jmbangate" uid="349964" lat="21.0277858" lon="105.8407204"/>
 <node id="10232170567" visible="true" version="1" changeset="129625824" timestamp="2022-12-02T02:02:39Z" user="jmbangate" uid="349964" lat="21.0277889" lon="105.8406848"/>
 <node id="10232170568" visible="true" version="1" changeset="129625824" timestamp="2022-12-02T02:02:39Z" user="jmbangate" uid="349964" lat="21.0278843" lon="105.8406946"/>
 <node id="10232170569" visible="true" version="1" changeset="129625824" timestamp="2022-12-02T02:02:39Z" user="jmbangate" uid="349964" lat="21.0278468" lon="105.8407761"/>
 <node id="10232170570" visible="true" version="1" changeset="129625824" timestamp="2022-12-02T02:02:39Z" user="jmbangate" uid="349964" lat="21.0277814" lon="105.8407694"/>
 <node id="10232170571" visible="true" version="1" changeset="129625824" timestamp="2022-12-02T02:02:39Z" user="jmbangate" uid="349964" lat="21.0277854" lon="105.8407239"/>
 <node id="10232170572" visible="true" version="1" changeset="129625824" timestamp="2022-12-02T02:02:39Z" user="jmbangate" uid="349964" lat="21.0278509" lon="105.8407306"/>
 <node id="10232170573" visible="true" version="1" changeset="129625824" timestamp="2022-12-02T02:02:39Z" user="jmbangate" uid="349964" lat="21.0278869" lon="105.8408740"/>
 <node id="10232170574" visible="true" version="1" changeset="129625824" timestamp="2022-12-02T02:02:39Z" user="jmbangate" uid="349964" lat="21.0278277" lon="105.8408679"/>
 <node id="10232170575" visible="true" version="1" changeset="129625824" timestamp="2022-12-02T02:02:39Z" user="jmbangate" uid="349964" lat="21.0278348" lon="105.8407881"/>
 <node id="10232170576" visible="true" version="1" changeset="129625824" timestamp="2022-12-02T02:02:39Z" user="jmbangate" uid="349964" lat="21.0278940" lon="105.8407942"/>
 <node id="10232170577" visible="true" version="1" changeset="129625824" timestamp="2022-12-02T02:02:39Z" user="jmbangate" uid="349964" lat="21.0278228" lon="105.8408676"/>
 <node id="10232170578" visible="true" version="1" changeset="129625824" timestamp="2022-12-02T02:02:39Z" user="jmbangate" uid="349964" lat="21.0277673" lon="105.8408619"/>
 <node id="10232170579" visible="true" version="1" changeset="129625824" timestamp="2022-12-02T02:02:39Z" user="jmbangate" uid="349964" lat="21.0277750" lon="105.8407754"/>
 <node id="10232170580" visible="true" version="1" changeset="129625824" timestamp="2022-12-02T02:02:39Z" user="jmbangate" uid="349964" lat="21.0278305" lon="105.8407811"/>
 <node id="10232170581" visible="true" version="1" changeset="129625824" timestamp="2022-12-02T02:02:39Z" user="jmbangate" uid="349964" lat="21.0278573" lon="105.8409232"/>
 <node id="10232170582" visible="true" version="1" changeset="129625824" timestamp="2022-12-02T02:02:39Z" user="jmbangate" uid="349964" lat="21.0277662" lon="105.8409139"/>
 <node id="10232170583" visible="true" version="1" changeset="129625824" timestamp="2022-12-02T02:02:39Z" user="jmbangate" uid="349964" lat="21.0277703" lon="105.8408682"/>
 <node id="10232170584" visible="true" version="1" changeset="129625824" timestamp="2022-12-02T02:02:39Z" user="jmbangate" uid="349964" lat="21.0278613" lon="105.8408775"/>
 <node id="10232170585" visible="true" version="1" changeset="129625824" timestamp="2022-12-02T02:02:39Z" user="jmbangate" uid="349964" lat="21.0278180" lon="105.8410332"/>
 <node id="10232170586" visible="true" version="1" changeset="129625824" timestamp="2022-12-02T02:02:39Z" user="jmbangate" uid="349964" lat="21.0277495" lon="105.8410262"/>
 <node id="10232170587" visible="true" version="1" changeset="129625824" timestamp="2022-12-02T02:02:39Z" user="jmbangate" uid="349964" lat="21.0277454" lon="105.8410715"/>
 <node id="10232170588" visible="true" version="1" changeset="129625824" timestamp="2022-12-02T02:02:39Z" user="jmbangate" uid="349964" lat="21.0278139" lon="105.8410785"/>
 <node id="10232170589" visible="true" version="1" changeset="129625824" timestamp="2022-12-02T02:02:39Z" user="jmbangate" uid="349964" lat="21.0278315" lon="105.8409875"/>
 <node id="10232170590" visible="true" version="1" changeset="129625824" timestamp="2022-12-02T02:02:39Z" user="jmbangate" uid="349964" lat="21.0277479" lon="105.8409789"/>
 <node id="10232170591" visible="true" version="1" changeset="129625824" timestamp="2022-12-02T02:02:39Z" user="jmbangate" uid="349964" lat="21.0277438" lon="105.8410247"/>
 <node id="10232170592" visible="true" version="1" changeset="129625824" timestamp="2022-12-02T02:02:39Z" user="jmbangate" uid="349964" lat="21.0278274" lon="105.8410332"/>
 <node id="10232170593" visible="true" version="1" changeset="129625824" timestamp="2022-12-02T02:02:39Z" user="jmbangate" uid="349964" lat="21.0278569" lon="105.8409813"/>
 <node id="10232170594" visible="true" version="1" changeset="129625824" timestamp="2022-12-02T02:02:39Z" user="jmbangate" uid="349964" lat="21.0277523" lon="105.8409705"/>
 <node id="10232170595" visible="true" version="1" changeset="129625824" timestamp="2022-12-02T02:02:39Z" user="jmbangate" uid="349964" lat="21.0277573" lon="105.8409152"/>
 <node id="10232170596" visible="true" version="1" changeset="129625824" timestamp="2022-12-02T02:02:39Z" user="jmbangate" uid="349964" lat="21.0278618" lon="105.8409259"/>
 <node id="10232170597" visible="true" version="1" changeset="129625824" timestamp="2022-12-02T02:02:39Z" user="jmbangate" uid="349964" lat="21.0289120" lon="105.8425457"/>
 <node id="10232170598" visible="true" version="1" changeset="129625824" timestamp="2022-12-02T02:02:39Z" user="jmbangate" uid="349964" lat="21.0288469" lon="105.8425993"/>
 <node id="10232170599" visible="true" version="1" changeset="129625824" timestamp="2022-12-02T02:02:39Z" user="jmbangate" uid="349964" lat="21.0287734" lon="105.8424970"/>
 <node id="10232170600" visible="true" version="1" changeset="129625824" timestamp="2022-12-02T02:02:39Z" user="jmbangate" uid="349964" lat="21.0288385" lon="105.8424434"/>
 <node id="10232170601" visible="true" version="1" changeset="129625824" timestamp="2022-12-02T02:02:39Z" user="jmbangate" uid="349964" lat="21.0282136" lon="105.8430867"/>
 <node id="10232170602" visible="true" version="1" changeset="129625824" timestamp="2022-12-02T02:02:39Z" user="jmbangate" uid="349964" lat="21.0281820" lon="105.8430154"/>
 <node id="10232170603" visible="true" version="1" changeset="129625824" timestamp="2022-12-02T02:02:39Z" user="jmbangate" uid="349964" lat="21.0282548" lon="105.8429783"/>
 <node id="10232170604" visible="true" version="1" changeset="129625824" timestamp="2022-12-02T02:02:39Z" user="jmbangate" uid="349964" lat="21.0282865" lon="105.8430496"/>
 <node id="10232170605" visible="true" version="1" changeset="129625824" timestamp="2022-12-02T02:02:39Z" user="jmbangate" uid="349964" lat="21.0281743" lon="105.8430090"/>
 <node id="10232170606" visible="true" version="1" changeset="129625824" timestamp="2022-12-02T02:02:39Z" user="jmbangate" uid="349964" lat="21.0282519" lon="105.8429694"/>
 <node id="10232170607" visible="true" version="1" changeset="129625824" timestamp="2022-12-02T02:02:39Z" user="jmbangate" uid="349964" lat="21.0282276" lon="105.8429148"/>
 <node id="10232170608" visible="true" version="1" changeset="129625824" timestamp="2022-12-02T02:02:39Z" user="jmbangate" uid="349964" lat="21.0281500" lon="105.8429544"/>
 <node id="10232170615" visible="true" version="1" changeset="129625824" timestamp="2022-12-02T02:02:39Z" user="jmbangate" uid="349964" lat="21.0282658" lon="105.8428348"/>
 <node id="10232170616" visible="true" version="1" changeset="129625824" timestamp="2022-12-02T02:02:39Z" user="jmbangate" uid="349964" lat="21.0283834" lon="105.8428127"/>
 <node id="10232170617" visible="true" version="1" changeset="129625824" timestamp="2022-12-02T02:02:39Z" user="jmbangate" uid="349964" lat="21.0283616" lon="105.8426794"/>
 <node id="10232170618" visible="true" version="1" changeset="129625824" timestamp="2022-12-02T02:02:39Z" user="jmbangate" uid="349964" lat="21.0282439" lon="105.8427016"/>
 <node id="10232178517" visible="true" version="1" changeset="129625929" timestamp="2022-12-02T02:09:52Z" user="jmbangate" uid="349964" lat="21.0267639" lon="105.8427868"/>
 <node id="10232178518" visible="true" version="1" changeset="129625929" timestamp="2022-12-02T02:09:52Z" user="jmbangate" uid="349964" lat="21.0267941" lon="105.8427833"/>
 <node id="10232178519" visible="true" version="1" changeset="129625929" timestamp="2022-12-02T02:09:52Z" user="jmbangate" uid="349964" lat="21.0265287" lon="105.8427820"/>
 <node id="10232178520" visible="true" version="1" changeset="129625929" timestamp="2022-12-02T02:09:52Z" user="jmbangate" uid="349964" lat="21.0265290" lon="105.8427183"/>
 <node id="10232178521" visible="true" version="1" changeset="129625929" timestamp="2022-12-02T02:09:52Z" user="jmbangate" uid="349964" lat="21.0267943" lon="105.8427197"/>
 <node id="10232178522" visible="true" version="2" changeset="154799389" timestamp="2024-08-04T07:49:55Z" user="logus2" uid="21611817" lat="21.0282987" lon="105.8409366"/>
 <node id="10232178523" visible="true" version="2" changeset="154799389" timestamp="2024-08-04T07:49:55Z" user="logus2" uid="21611817" lat="21.0281920" lon="105.8409164"/>
 <node id="10232178524" visible="true" version="2" changeset="154799389" timestamp="2024-08-04T07:49:55Z" user="logus2" uid="21611817" lat="21.0282198" lon="105.8407474"/>
 <node id="10232178525" visible="true" version="2" changeset="154799389" timestamp="2024-08-04T07:49:55Z" user="logus2" uid="21611817" lat="21.0283265" lon="105.8407676"/>
 <node id="10232178526" visible="true" version="1" changeset="129625929" timestamp="2022-12-02T02:09:52Z" user="jmbangate" uid="349964" lat="21.0282491" lon="105.8410538"/>
 <node id="10232178527" visible="true" version="1" changeset="129625929" timestamp="2022-12-02T02:09:52Z" user="jmbangate" uid="349964" lat="21.0283353" lon="105.8410701"/>
 <node id="10232178528" visible="true" version="1" changeset="129625929" timestamp="2022-12-02T02:09:52Z" user="jmbangate" uid="349964" lat="21.0283520" lon="105.8409684"/>
 <node id="10232178529" visible="true" version="1" changeset="129625929" timestamp="2022-12-02T02:09:52Z" user="jmbangate" uid="349964" lat="21.0282658" lon="105.8409521"/>
 <node id="10232178538" visible="true" version="1" changeset="129625929" timestamp="2022-12-02T02:09:52Z" user="jmbangate" uid="349964" lat="21.0280920" lon="105.8403508"/>
 <node id="10232178539" visible="true" version="1" changeset="129625929" timestamp="2022-12-02T02:09:52Z" user="jmbangate" uid="349964" lat="21.0278773" lon="105.8402724"/>
 <node id="10232178540" visible="true" version="1" changeset="129625929" timestamp="2022-12-02T02:09:52Z" user="jmbangate" uid="349964" lat="21.0279037" lon="105.8401896"/>
 <node id="10232178541" visible="true" version="1" changeset="129625929" timestamp="2022-12-02T02:09:52Z" user="jmbangate" uid="349964" lat="21.0281183" lon="105.8402681"/>
 <node id="10232186017" visible="true" version="1" changeset="129626165" timestamp="2022-12-02T02:25:19Z" user="jmbangate" uid="349964" lat="21.0283891" lon="105.8420143"/>
 <node id="10232186018" visible="true" version="1" changeset="129626165" timestamp="2022-12-02T02:25:19Z" user="jmbangate" uid="349964" lat="21.0284774" lon="105.8421946"/>
 <node id="10232189404" visible="true" version="1" changeset="129626750" timestamp="2022-12-02T03:12:50Z" user="jmbangate" uid="349964" lat="21.0270058" lon="105.8430688"/>
 <node id="10232189405" visible="true" version="1" changeset="129626750" timestamp="2022-12-02T03:12:50Z" user="jmbangate" uid="349964" lat="21.0268838" lon="105.8430328"/>
 <node id="10232189406" visible="true" version="1" changeset="129626750" timestamp="2022-12-02T03:12:50Z" user="jmbangate" uid="349964" lat="21.0268686" lon="105.8430920"/>
 <node id="10232189407" visible="true" version="1" changeset="129626750" timestamp="2022-12-02T03:12:50Z" user="jmbangate" uid="349964" lat="21.0269906" lon="105.8431280"/>
 <node id="10232189408" visible="true" version="1" changeset="129626750" timestamp="2022-12-02T03:12:50Z" user="jmbangate" uid="349964" lat="21.0270130" lon="105.8430096"/>
 <node id="10232189409" visible="true" version="1" changeset="129626750" timestamp="2022-12-02T03:12:50Z" user="jmbangate" uid="349964" lat="21.0268973" lon="105.8429755"/>
 <node id="10232189410" visible="true" version="1" changeset="129626750" timestamp="2022-12-02T03:12:50Z" user="jmbangate" uid="349964" lat="21.0268846" lon="105.8430248"/>
 <node id="10232189411" visible="true" version="1" changeset="129626750" timestamp="2022-12-02T03:12:50Z" user="jmbangate" uid="349964" lat="21.0270003" lon="105.8430590"/>
 <node id="10232189412" visible="true" version="1" changeset="129626750" timestamp="2022-12-02T03:12:50Z" user="jmbangate" uid="349964" lat="21.0270269" lon="105.8429571"/>
 <node id="10232189413" visible="true" version="1" changeset="129626750" timestamp="2022-12-02T03:12:50Z" user="jmbangate" uid="349964" lat="21.0269064" lon="105.8429215"/>
 <node id="10232189414" visible="true" version="1" changeset="129626750" timestamp="2022-12-02T03:12:50Z" user="jmbangate" uid="349964" lat="21.0268938" lon="105.8429704"/>
 <node id="10232189415" visible="true" version="1" changeset="129626750" timestamp="2022-12-02T03:12:50Z" user="jmbangate" uid="349964" lat="21.0270143" lon="105.8430060"/>
 <node id="10232189416" visible="true" version="1" changeset="129626750" timestamp="2022-12-02T03:12:50Z" user="jmbangate" uid="349964" lat="21.0270404" lon="105.8429149"/>
 <node id="10232204517" visible="true" version="1" changeset="129626750" timestamp="2022-12-02T03:12:50Z" user="jmbangate" uid="349964" lat="21.0269186" lon="105.8428789"/>
 <node id="10232204518" visible="true" version="1" changeset="129626750" timestamp="2022-12-02T03:12:50Z" user="jmbangate" uid="349964" lat="21.0269085" lon="105.8429181"/>
 <node id="10232204519" visible="true" version="1" changeset="129626750" timestamp="2022-12-02T03:12:50Z" user="jmbangate" uid="349964" lat="21.0270303" lon="105.8429540"/>
 <node id="10232204520" visible="true" version="1" changeset="129626750" timestamp="2022-12-02T03:12:50Z" user="jmbangate" uid="349964" lat="21.0270537" lon="105.8428684"/>
 <node id="10232204521" visible="true" version="1" changeset="129626750" timestamp="2022-12-02T03:12:50Z" user="jmbangate" uid="349964" lat="21.0269599" lon="105.8428407"/>
 <node id="10232204522" visible="true" version="1" changeset="129626750" timestamp="2022-12-02T03:12:50Z" user="jmbangate" uid="349964" lat="21.0269487" lon="105.8428841"/>
 <node id="10232204523" visible="true" version="1" changeset="129626750" timestamp="2022-12-02T03:12:50Z" user="jmbangate" uid="349964" lat="21.0270425" lon="105.8429118"/>
 <node id="10232204524" visible="true" version="1" changeset="129626750" timestamp="2022-12-02T03:12:50Z" user="jmbangate" uid="349964" lat="21.0270617" lon="105.8428301"/>
 <node id="10232204525" visible="true" version="1" changeset="129626750" timestamp="2022-12-02T03:12:50Z" user="jmbangate" uid="349964" lat="21.0269705" lon="105.8428032"/>
 <node id="10232204526" visible="true" version="1" changeset="129626750" timestamp="2022-12-02T03:12:50Z" user="jmbangate" uid="349964" lat="21.0269623" lon="105.8428353"/>
 <node id="10232204527" visible="true" version="1" changeset="129626750" timestamp="2022-12-02T03:12:50Z" user="jmbangate" uid="349964" lat="21.0270535" lon="105.8428622"/>
 <node id="10232204528" visible="true" version="1" changeset="129626750" timestamp="2022-12-02T03:12:50Z" user="jmbangate" uid="349964" lat="21.0270990" lon="105.8428020"/>
 <node id="10232204529" visible="true" version="1" changeset="129626750" timestamp="2022-12-02T03:12:50Z" user="jmbangate" uid="349964" lat="21.0269793" lon="105.8427666"/>
 <node id="10232204530" visible="true" version="1" changeset="129626750" timestamp="2022-12-02T03:12:50Z" user="jmbangate" uid="349964" lat="21.0269710" lon="105.8427990"/>
 <node id="10232204531" visible="true" version="1" changeset="129626750" timestamp="2022-12-02T03:12:50Z" user="jmbangate" uid="349964" lat="21.0270907" lon="105.8428343"/>
 <node id="10232204532" visible="true" version="1" changeset="129626750" timestamp="2022-12-02T03:12:50Z" user="jmbangate" uid="349964" lat="21.0271176" lon="105.8427435"/>
 <node id="10232204533" visible="true" version="1" changeset="129626750" timestamp="2022-12-02T03:12:50Z" user="jmbangate" uid="349964" lat="21.0270356" lon="105.8427193"/>
 <node id="10232204534" visible="true" version="1" changeset="129626750" timestamp="2022-12-02T03:12:50Z" user="jmbangate" uid="349964" lat="21.0270209" lon="105.8427766"/>
 <node id="10232204535" visible="true" version="1" changeset="129626750" timestamp="2022-12-02T03:12:50Z" user="jmbangate" uid="349964" lat="21.0271029" lon="105.8428008"/>
 <node id="10232204536" visible="true" version="1" changeset="129626750" timestamp="2022-12-02T03:12:50Z" user="jmbangate" uid="349964" lat="21.0271489" lon="105.8426460"/>
 <node id="10232204537" visible="true" version="1" changeset="129626750" timestamp="2022-12-02T03:12:50Z" user="jmbangate" uid="349964" lat="21.0270613" lon="105.8426201"/>
 <node id="10232204538" visible="true" version="1" changeset="129626750" timestamp="2022-12-02T03:12:50Z" user="jmbangate" uid="349964" lat="21.0270378" lon="105.8427113"/>
 <node id="10232204539" visible="true" version="1" changeset="129626750" timestamp="2022-12-02T03:12:50Z" user="jmbangate" uid="349964" lat="21.0271254" lon="105.8427371"/>
 <node id="10232204540" visible="true" version="1" changeset="129626750" timestamp="2022-12-02T03:12:50Z" user="jmbangate" uid="349964" lat="21.0269866" lon="105.8425905"/>
 <node id="10232204541" visible="true" version="1" changeset="129626750" timestamp="2022-12-02T03:12:50Z" user="jmbangate" uid="349964" lat="21.0269528" lon="105.8427219"/>
 <node id="10232204542" visible="true" version="1" changeset="129626750" timestamp="2022-12-02T03:12:50Z" user="jmbangate" uid="349964" lat="21.0270247" lon="105.8427431"/>
 <node id="10232204543" visible="true" version="1" changeset="129626750" timestamp="2022-12-02T03:12:50Z" user="jmbangate" uid="349964" lat="21.0270585" lon="105.8426117"/>
 <node id="10232204544" visible="true" version="1" changeset="129626750" timestamp="2022-12-02T03:12:50Z" user="jmbangate" uid="349964" lat="21.0271167" lon="105.8423889"/>
 <node id="10232204545" visible="true" version="1" changeset="129626750" timestamp="2022-12-02T03:12:50Z" user="jmbangate" uid="349964" lat="21.0271154" lon="105.8423462"/>
 <node id="10232204546" visible="true" version="1" changeset="129626750" timestamp="2022-12-02T03:12:50Z" user="jmbangate" uid="349964" lat="21.0272081" lon="105.8423430"/>
 <node id="10232204547" visible="true" version="1" changeset="129626750" timestamp="2022-12-02T03:12:50Z" user="jmbangate" uid="349964" lat="21.0272093" lon="105.8423857"/>
 <node id="10232204548" visible="true" version="1" changeset="129626750" timestamp="2022-12-02T03:12:50Z" user="jmbangate" uid="349964" lat="21.0270531" lon="105.8423390"/>
 <node id="10232204549" visible="true" version="1" changeset="129626750" timestamp="2022-12-02T03:12:50Z" user="jmbangate" uid="349964" lat="21.0270516" lon="105.8422865"/>
 <node id="10232204550" visible="true" version="1" changeset="129626750" timestamp="2022-12-02T03:12:50Z" user="jmbangate" uid="349964" lat="21.0272353" lon="105.8422803"/>
 <node id="10232204551" visible="true" version="1" changeset="129626750" timestamp="2022-12-02T03:12:50Z" user="jmbangate" uid="349964" lat="21.0272369" lon="105.8423328"/>
 <node id="10232204552" visible="true" version="1" changeset="129626750" timestamp="2022-12-02T03:12:50Z" user="jmbangate" uid="349964" lat="21.0272551" lon="105.8422728"/>
 <node id="10232204553" visible="true" version="1" changeset="129626750" timestamp="2022-12-02T03:12:50Z" user="jmbangate" uid="349964" lat="21.0270373" lon="105.8422802"/>
 <node id="10232204554" visible="true" version="1" changeset="129626750" timestamp="2022-12-02T03:12:50Z" user="jmbangate" uid="349964" lat="21.0270359" lon="105.8422335"/>
 <node id="10232204555" visible="true" version="1" changeset="129626750" timestamp="2022-12-02T03:12:50Z" user="jmbangate" uid="349964" lat="21.0272538" lon="105.8422261"/>
 <node id="10232204556" visible="true" version="1" changeset="129626750" timestamp="2022-12-02T03:12:50Z" user="jmbangate" uid="349964" lat="21.0272669" lon="105.8418815"/>
 <node id="10232204557" visible="true" version="1" changeset="129626750" timestamp="2022-12-02T03:12:50Z" user="jmbangate" uid="349964" lat="21.0272666" lon="105.8419637"/>
 <node id="10232204558" visible="true" version="1" changeset="129626750" timestamp="2022-12-02T03:12:50Z" user="jmbangate" uid="349964" lat="21.0273301" lon="105.8419640"/>
 <node id="10232204559" visible="true" version="1" changeset="129626750" timestamp="2022-12-02T03:12:50Z" user="jmbangate" uid="349964" lat="21.0273304" lon="105.8418818"/>
 <node id="10232204560" visible="true" version="1" changeset="129626750" timestamp="2022-12-02T03:12:50Z" user="jmbangate" uid="349964" lat="21.0274210" lon="105.8418713"/>
 <node id="10232204561" visible="true" version="1" changeset="129626750" timestamp="2022-12-02T03:12:50Z" user="jmbangate" uid="349964" lat="21.0273401" lon="105.8418711"/>
 <node id="10232204562" visible="true" version="1" changeset="129626750" timestamp="2022-12-02T03:12:50Z" user="jmbangate" uid="349964" lat="21.0273400" lon="105.8419211"/>
 <node id="10232204563" visible="true" version="1" changeset="129626750" timestamp="2022-12-02T03:12:50Z" user="jmbangate" uid="349964" lat="21.0274209" lon="105.8419214"/>
 <node id="10232204564" visible="true" version="1" changeset="129626750" timestamp="2022-12-02T03:12:50Z" user="jmbangate" uid="349964" lat="21.0273824" lon="105.8418655"/>
 <node id="10232204565" visible="true" version="1" changeset="129626750" timestamp="2022-12-02T03:12:50Z" user="jmbangate" uid="349964" lat="21.0273417" lon="105.8418654"/>
 <node id="10232204566" visible="true" version="1" changeset="129626750" timestamp="2022-12-02T03:12:50Z" user="jmbangate" uid="349964" lat="21.0273419" lon="105.8417647"/>
 <node id="10232204567" visible="true" version="1" changeset="129626750" timestamp="2022-12-02T03:12:50Z" user="jmbangate" uid="349964" lat="21.0273827" lon="105.8417648"/>
 <node id="10232204568" visible="true" version="1" changeset="129626750" timestamp="2022-12-02T03:12:50Z" user="jmbangate" uid="349964" lat="21.0274331" lon="105.8418652"/>
 <node id="10232204569" visible="true" version="1" changeset="129626750" timestamp="2022-12-02T03:12:50Z" user="jmbangate" uid="349964" lat="21.0273877" lon="105.8418651"/>
 <node id="10232204570" visible="true" version="1" changeset="129626750" timestamp="2022-12-02T03:12:50Z" user="jmbangate" uid="349964" lat="21.0273880" lon="105.8417617"/>
 <node id="10232204571" visible="true" version="1" changeset="129626750" timestamp="2022-12-02T03:12:50Z" user="jmbangate" uid="349964" lat="21.0274334" lon="105.8417618"/>
 <node id="10232204572" visible="true" version="1" changeset="129626750" timestamp="2022-12-02T03:12:50Z" user="jmbangate" uid="349964" lat="21.0273786" lon="105.8417550"/>
 <node id="10232204573" visible="true" version="1" changeset="129626750" timestamp="2022-12-02T03:12:50Z" user="jmbangate" uid="349964" lat="21.0274107" lon="105.8417551"/>
 <node id="10232204574" visible="true" version="1" changeset="129626750" timestamp="2022-12-02T03:12:50Z" user="jmbangate" uid="349964" lat="21.0274110" lon="105.8416261"/>
 <node id="10232204575" visible="true" version="1" changeset="129626750" timestamp="2022-12-02T03:12:50Z" user="jmbangate" uid="349964" lat="21.0273789" lon="105.8416260"/>
 <node id="10232204576" visible="true" version="1" changeset="129626750" timestamp="2022-12-02T03:12:50Z" user="jmbangate" uid="349964" lat="21.0274146" lon="105.8416286"/>
 <node id="10232204577" visible="true" version="1" changeset="129626750" timestamp="2022-12-02T03:12:50Z" user="jmbangate" uid="349964" lat="21.0274143" lon="105.8417540"/>
 <node id="10232204578" visible="true" version="1" changeset="129626750" timestamp="2022-12-02T03:12:50Z" user="jmbangate" uid="349964" lat="21.0274569" lon="105.8417541"/>
 <node id="10232204579" visible="true" version="1" changeset="129626750" timestamp="2022-12-02T03:12:50Z" user="jmbangate" uid="349964" lat="21.0274572" lon="105.8416287"/>
 <node id="10232204580" visible="true" version="1" changeset="129626750" timestamp="2022-12-02T03:12:50Z" user="jmbangate" uid="349964" lat="21.0273646" lon="105.8417325"/>
 <node id="10232204581" visible="true" version="1" changeset="129626750" timestamp="2022-12-02T03:12:50Z" user="jmbangate" uid="349964" lat="21.0273051" lon="105.8417279"/>
 <node id="10232204582" visible="true" version="1" changeset="129626750" timestamp="2022-12-02T03:12:50Z" user="jmbangate" uid="349964" lat="21.0273116" lon="105.8416308"/>
 <node id="10232204583" visible="true" version="1" changeset="129626750" timestamp="2022-12-02T03:12:50Z" user="jmbangate" uid="349964" lat="21.0273711" lon="105.8416354"/>
 <node id="10232204584" visible="true" version="1" changeset="129626750" timestamp="2022-12-02T03:12:50Z" user="jmbangate" uid="349964" lat="21.0273001" lon="105.8417289"/>
 <node id="10232204585" visible="true" version="1" changeset="129626750" timestamp="2022-12-02T03:12:50Z" user="jmbangate" uid="349964" lat="21.0272528" lon="105.8417252"/>
 <node id="10232204586" visible="true" version="1" changeset="129626750" timestamp="2022-12-02T03:12:50Z" user="jmbangate" uid="349964" lat="21.0272590" lon="105.8416324"/>
 <node id="10232204587" visible="true" version="1" changeset="129626750" timestamp="2022-12-02T03:12:50Z" user="jmbangate" uid="349964" lat="21.0273063" lon="105.8416361"/>
 <node id="10232204588" visible="true" version="1" changeset="129626750" timestamp="2022-12-02T03:12:50Z" user="jmbangate" uid="349964" lat="21.0270273" lon="105.8418042"/>
 <node id="10232204589" visible="true" version="1" changeset="129626750" timestamp="2022-12-02T03:12:50Z" user="jmbangate" uid="349964" lat="21.0270497" lon="105.8418060"/>
 <node id="10232204590" visible="true" version="1" changeset="129626750" timestamp="2022-12-02T03:12:50Z" user="jmbangate" uid="349964" lat="21.0270543" lon="105.8417436"/>
 <node id="10232204591" visible="true" version="1" changeset="129626750" timestamp="2022-12-02T03:12:50Z" user="jmbangate" uid="349964" lat="21.0270319" lon="105.8417417"/>
 <node id="10232204592" visible="true" version="1" changeset="129626750" timestamp="2022-12-02T03:12:50Z" user="jmbangate" uid="349964" lat="21.0269943" lon="105.8417561"/>
 <node id="10232204593" visible="true" version="1" changeset="129626750" timestamp="2022-12-02T03:12:50Z" user="jmbangate" uid="349964" lat="21.0270262" lon="105.8417588"/>
 <node id="10232204594" visible="true" version="1" changeset="129626750" timestamp="2022-12-02T03:12:50Z" user="jmbangate" uid="349964" lat="21.0270347" lon="105.8416428"/>
 <node id="10232204595" visible="true" version="1" changeset="129626750" timestamp="2022-12-02T03:12:50Z" user="jmbangate" uid="349964" lat="21.0270028" lon="105.8416401"/>
 <node id="10232204596" visible="true" version="1" changeset="129626750" timestamp="2022-12-02T03:12:50Z" user="jmbangate" uid="349964" lat="21.0270304" lon="105.8417341"/>
 <node id="10232204597" visible="true" version="1" changeset="129626750" timestamp="2022-12-02T03:12:50Z" user="jmbangate" uid="349964" lat="21.0270563" lon="105.8417363"/>
 <node id="10232204598" visible="true" version="1" changeset="129626750" timestamp="2022-12-02T03:12:50Z" user="jmbangate" uid="349964" lat="21.0270637" lon="105.8416342"/>
 <node id="10232204599" visible="true" version="1" changeset="129626750" timestamp="2022-12-02T03:12:50Z" user="jmbangate" uid="349964" lat="21.0270378" lon="105.8416320"/>
 <node id="10232204600" visible="true" version="1" changeset="129626750" timestamp="2022-12-02T03:12:50Z" user="jmbangate" uid="349964" lat="21.0270599" lon="105.8417425"/>
 <node id="10232204601" visible="true" version="1" changeset="129626750" timestamp="2022-12-02T03:12:50Z" user="jmbangate" uid="349964" lat="21.0270945" lon="105.8417454"/>
 <node id="10232204602" visible="true" version="1" changeset="129626750" timestamp="2022-12-02T03:12:50Z" user="jmbangate" uid="349964" lat="21.0271015" lon="105.8416494"/>
 <node id="10232204603" visible="true" version="1" changeset="129626750" timestamp="2022-12-02T03:12:50Z" user="jmbangate" uid="349964" lat="21.0270669" lon="105.8416465"/>
 <node id="10232204604" visible="true" version="1" changeset="129626750" timestamp="2022-12-02T03:12:50Z" user="jmbangate" uid="349964" lat="21.0271484" lon="105.8417561"/>
 <node id="10232204605" visible="true" version="1" changeset="129626750" timestamp="2022-12-02T03:12:50Z" user="jmbangate" uid="349964" lat="21.0270597" lon="105.8417487"/>
 <node id="10232204606" visible="true" version="1" changeset="129626750" timestamp="2022-12-02T03:12:50Z" user="jmbangate" uid="349964" lat="21.0270506" lon="105.8418740"/>
 <node id="10232204607" visible="true" version="1" changeset="129626750" timestamp="2022-12-02T03:12:50Z" user="jmbangate" uid="349964" lat="21.0271392" lon="105.8418815"/>
 <node id="10232204608" visible="true" version="1" changeset="129626750" timestamp="2022-12-02T03:12:50Z" user="jmbangate" uid="349964" lat="21.0270989" lon="105.8417432"/>
 <node id="10232204609" visible="true" version="1" changeset="129626750" timestamp="2022-12-02T03:12:50Z" user="jmbangate" uid="349964" lat="21.0271486" lon="105.8417474"/>
 <node id="10232204610" visible="true" version="1" changeset="129626750" timestamp="2022-12-02T03:12:50Z" user="jmbangate" uid="349964" lat="21.0271551" lon="105.8416583"/>
 <node id="10232204611" visible="true" version="1" changeset="129626750" timestamp="2022-12-02T03:12:50Z" user="jmbangate" uid="349964" lat="21.0271054" lon="105.8416542"/>
 <node id="10232204612" visible="true" version="1" changeset="129626750" timestamp="2022-12-02T03:12:50Z" user="jmbangate" uid="349964" lat="21.0271651" lon="105.8416262"/>
 <node id="10232204613" visible="true" version="1" changeset="129626750" timestamp="2022-12-02T03:12:50Z" user="jmbangate" uid="349964" lat="21.0271458" lon="105.8419161"/>
 <node id="10232204614" visible="true" version="1" changeset="129626750" timestamp="2022-12-02T03:12:50Z" user="jmbangate" uid="349964" lat="21.0271893" lon="105.8419194"/>
 <node id="10232204615" visible="true" version="1" changeset="129626750" timestamp="2022-12-02T03:12:50Z" user="jmbangate" uid="349964" lat="21.0272086" lon="105.8416296"/>
 <node id="10232204624" visible="true" version="1" changeset="129626750" timestamp="2022-12-02T03:12:50Z" user="jmbangate" uid="349964" lat="21.0269782" lon="105.8432112"/>
 <node id="10232204625" visible="true" version="1" changeset="129626750" timestamp="2022-12-02T03:12:50Z" user="jmbangate" uid="349964" lat="21.0269086" lon="105.8431884"/>
 <node id="10232204626" visible="true" version="1" changeset="129626750" timestamp="2022-12-02T03:12:50Z" user="jmbangate" uid="349964" lat="21.0268799" lon="105.8432890"/>
 <node id="10232204627" visible="true" version="1" changeset="129626750" timestamp="2022-12-02T03:12:50Z" user="jmbangate" uid="349964" lat="21.0269496" lon="105.8433118"/>
 <node id="10232204628" visible="true" version="1" changeset="129626750" timestamp="2022-12-02T03:12:50Z" user="jmbangate" uid="349964" lat="21.0269861" lon="105.8432085"/>
 <node id="10232204629" visible="true" version="1" changeset="129626750" timestamp="2022-12-02T03:12:50Z" user="jmbangate" uid="349964" lat="21.0268815" lon="105.8431743"/>
 <node id="10232204630" visible="true" version="1" changeset="129626750" timestamp="2022-12-02T03:12:50Z" user="jmbangate" uid="349964" lat="21.0268995" lon="105.8431113"/>
 <node id="10232204631" visible="true" version="1" changeset="129626750" timestamp="2022-12-02T03:12:50Z" user="jmbangate" uid="349964" lat="21.0270040" lon="105.8431455"/>
 <node id="10232204632" visible="true" version="1" changeset="129626750" timestamp="2022-12-02T03:12:50Z" user="jmbangate" uid="349964" lat="21.0267288" lon="105.8432059"/>
 <node id="10232204633" visible="true" version="1" changeset="129626750" timestamp="2022-12-02T03:12:50Z" user="jmbangate" uid="349964" lat="21.0266950" lon="105.8434027"/>
 <node id="10232204634" visible="true" version="1" changeset="129626750" timestamp="2022-12-02T03:12:50Z" user="jmbangate" uid="349964" lat="21.0267368" lon="105.8434181"/>
 <node id="10232204635" visible="true" version="1" changeset="129626750" timestamp="2022-12-02T03:12:50Z" user="jmbangate" uid="349964" lat="21.0267981" lon="105.8432259"/>
 <node id="10232270101" visible="true" version="1" changeset="129627999" timestamp="2022-12-02T04:28:49Z" user="jmbangate" uid="349964" lat="21.0268446" lon="105.8413092"/>
 <node id="10232270102" visible="true" version="1" changeset="129627999" timestamp="2022-12-02T04:28:49Z" user="jmbangate" uid="349964" lat="21.0268200" lon="105.8413078"/>
 <node id="10232270103" visible="true" version="1" changeset="129627999" timestamp="2022-12-02T04:28:49Z" user="jmbangate" uid="349964" lat="21.0268245" lon="105.8412179"/>
 <node id="10232270104" visible="true" version="1" changeset="129627999" timestamp="2022-12-02T04:28:49Z" user="jmbangate" uid="349964" lat="21.0268491" lon="105.8412193"/>
 <node id="10232270105" visible="true" version="1" changeset="129627999" timestamp="2022-12-02T04:28:49Z" user="jmbangate" uid="349964" lat="21.0268461" lon="105.8413463"/>
 <node id="10232270106" visible="true" version="1" changeset="129627999" timestamp="2022-12-02T04:28:49Z" user="jmbangate" uid="349964" lat="21.0268932" lon="105.8413491"/>
 <node id="10232270107" visible="true" version="1" changeset="129627999" timestamp="2022-12-02T04:28:49Z" user="jmbangate" uid="349964" lat="21.0268985" lon="105.8412452"/>
 <node id="10232270108" visible="true" version="1" changeset="129627999" timestamp="2022-12-02T04:28:49Z" user="jmbangate" uid="349964" lat="21.0268513" lon="105.8412424"/>
 <node id="10232270109" visible="true" version="1" changeset="129627999" timestamp="2022-12-02T04:28:49Z" user="jmbangate" uid="349964" lat="21.0269211" lon="105.8413451"/>
 <node id="10232270110" visible="true" version="1" changeset="129627999" timestamp="2022-12-02T04:28:49Z" user="jmbangate" uid="349964" lat="21.0268976" lon="105.8413437"/>
 <node id="10232270111" visible="true" version="1" changeset="129627999" timestamp="2022-12-02T04:28:49Z" user="jmbangate" uid="349964" lat="21.0269026" lon="105.8412438"/>
 <node id="10232270112" visible="true" version="1" changeset="129627999" timestamp="2022-12-02T04:28:49Z" user="jmbangate" uid="349964" lat="21.0269261" lon="105.8412451"/>
 <node id="10232270113" visible="true" version="1" changeset="129627999" timestamp="2022-12-02T04:28:49Z" user="jmbangate" uid="349964" lat="21.0269922" lon="105.8413393"/>
 <node id="10232270114" visible="true" version="1" changeset="129627999" timestamp="2022-12-02T04:28:49Z" user="jmbangate" uid="349964" lat="21.0269295" lon="105.8413357"/>
 <node id="10232270115" visible="true" version="1" changeset="129627999" timestamp="2022-12-02T04:28:49Z" user="jmbangate" uid="349964" lat="21.0269313" lon="105.8413008"/>
 <node id="10232270116" visible="true" version="1" changeset="129627999" timestamp="2022-12-02T04:28:49Z" user="jmbangate" uid="349964" lat="21.0269940" lon="105.8413045"/>
 <node id="10232283311" visible="true" version="1" changeset="129627829" timestamp="2022-12-02T04:18:19Z" user="jmbangate" uid="349964" lat="21.0288298" lon="105.8426606"/>
 <node id="10232283312" visible="true" version="1" changeset="129627829" timestamp="2022-12-02T04:18:19Z" user="jmbangate" uid="349964" lat="21.0287509" lon="105.8425507"/>
 <node id="10232283313" visible="true" version="1" changeset="129627829" timestamp="2022-12-02T04:18:19Z" user="jmbangate" uid="349964" lat="21.0287102" lon="105.8425843"/>
 <node id="10232283314" visible="true" version="1" changeset="129627829" timestamp="2022-12-02T04:18:19Z" user="jmbangate" uid="349964" lat="21.0287891" lon="105.8426942"/>
 <node id="10232283315" visible="true" version="1" changeset="129627829" timestamp="2022-12-02T04:18:19Z" user="jmbangate" uid="349964" lat="21.0288338" lon="105.8426552"/>
 <node id="10232283316" visible="true" version="1" changeset="129627829" timestamp="2022-12-02T04:18:19Z" user="jmbangate" uid="349964" lat="21.0287622" lon="105.8425554"/>
 <node id="10232283317" visible="true" version="1" changeset="129627829" timestamp="2022-12-02T04:18:19Z" user="jmbangate" uid="349964" lat="21.0287856" lon="105.8425360"/>
 <node id="10232283318" visible="true" version="1" changeset="129627829" timestamp="2022-12-02T04:18:19Z" user="jmbangate" uid="349964" lat="21.0288573" lon="105.8426359"/>
 <node id="10232284935" visible="true" version="1" changeset="129627865" timestamp="2022-12-02T04:20:16Z" user="jmbangate" uid="349964" lat="21.0266486" lon="105.8412481"/>
 <node id="10232284936" visible="true" version="1" changeset="129627865" timestamp="2022-12-02T04:20:16Z" user="jmbangate" uid="349964" lat="21.0265721" lon="105.8412445"/>
 <node id="10232284937" visible="true" version="1" changeset="129627865" timestamp="2022-12-02T04:20:16Z" user="jmbangate" uid="349964" lat="21.0265699" lon="105.8412998"/>
 <node id="10232284938" visible="true" version="1" changeset="129627865" timestamp="2022-12-02T04:20:16Z" user="jmbangate" uid="349964" lat="21.0266463" lon="105.8413035"/>
 <node id="10232284939" visible="true" version="1" changeset="129627865" timestamp="2022-12-02T04:20:16Z" user="jmbangate" uid="349964" lat="21.0266533" lon="105.8411770"/>
 <node id="10232284940" visible="true" version="1" changeset="129627865" timestamp="2022-12-02T04:20:16Z" user="jmbangate" uid="349964" lat="21.0265831" lon="105.8411737"/>
 <node id="10232284941" visible="true" version="1" changeset="129627865" timestamp="2022-12-02T04:20:16Z" user="jmbangate" uid="349964" lat="21.0265803" lon="105.8412409"/>
 <node id="10232284942" visible="true" version="1" changeset="129627865" timestamp="2022-12-02T04:20:16Z" user="jmbangate" uid="349964" lat="21.0266506" lon="105.8412443"/>
 <node id="10232284943" visible="true" version="1" changeset="129627865" timestamp="2022-12-02T04:20:16Z" user="jmbangate" uid="349964" lat="21.0266515" lon="105.8411713"/>
 <node id="10232284944" visible="true" version="1" changeset="129627865" timestamp="2022-12-02T04:20:16Z" user="jmbangate" uid="349964" lat="21.0265782" lon="105.8411679"/>
 <node id="10232284945" visible="true" version="1" changeset="129627865" timestamp="2022-12-02T04:20:16Z" user="jmbangate" uid="349964" lat="21.0265841" lon="105.8410245"/>
 <node id="10232284946" visible="true" version="1" changeset="129627865" timestamp="2022-12-02T04:20:16Z" user="jmbangate" uid="349964" lat="21.0266575" lon="105.8410280"/>
 <node id="10232284947" visible="true" version="2" changeset="129627999" timestamp="2022-12-02T04:28:49Z" user="jmbangate" uid="349964" lat="21.0267361" lon="105.8410804"/>
 <node id="10232284948" visible="true" version="2" changeset="129627999" timestamp="2022-12-02T04:28:49Z" user="jmbangate" uid="349964" lat="21.0267324" lon="105.8414584"/>
 <node id="10232284949" visible="true" version="2" changeset="129627999" timestamp="2022-12-02T04:28:49Z" user="jmbangate" uid="349964" lat="21.0266553" lon="105.8414576"/>
 <node id="10232284950" visible="true" version="2" changeset="129627999" timestamp="2022-12-02T04:28:49Z" user="jmbangate" uid="349964" lat="21.0266590" lon="105.8410795"/>
 <node id="10232291317" visible="true" version="1" changeset="129627999" timestamp="2022-12-02T04:28:49Z" user="jmbangate" uid="349964" lat="21.0269953" lon="105.8412982"/>
 <node id="10232291318" visible="true" version="1" changeset="129627999" timestamp="2022-12-02T04:28:49Z" user="jmbangate" uid="349964" lat="21.0269364" lon="105.8412948"/>
 <node id="10232291319" visible="true" version="1" changeset="129627999" timestamp="2022-12-02T04:28:49Z" user="jmbangate" uid="349964" lat="21.0269395" lon="105.8412340"/>
 <node id="10232291320" visible="true" version="1" changeset="129627999" timestamp="2022-12-02T04:28:49Z" user="jmbangate" uid="349964" lat="21.0269984" lon="105.8412374"/>
 <node id="10232291321" visible="true" version="1" changeset="129627999" timestamp="2022-12-02T04:28:49Z" user="jmbangate" uid="349964" lat="21.0270628" lon="105.8413425"/>
 <node id="10232291322" visible="true" version="1" changeset="129627999" timestamp="2022-12-02T04:28:49Z" user="jmbangate" uid="349964" lat="21.0269998" lon="105.8413388"/>
 <node id="10232291323" visible="true" version="1" changeset="129627999" timestamp="2022-12-02T04:28:49Z" user="jmbangate" uid="349964" lat="21.0270050" lon="105.8412356"/>
 <node id="10232291324" visible="true" version="1" changeset="129627999" timestamp="2022-12-02T04:28:49Z" user="jmbangate" uid="349964" lat="21.0270680" lon="105.8412393"/>
 <node id="10232291325" visible="true" version="1" changeset="129627999" timestamp="2022-12-02T04:28:49Z" user="jmbangate" uid="349964" lat="21.0267715" lon="105.8412455"/>
 <node id="10232291326" visible="true" version="1" changeset="129627999" timestamp="2022-12-02T04:28:49Z" user="jmbangate" uid="349964" lat="21.0268143" lon="105.8412468"/>
 <node id="10232291327" visible="true" version="1" changeset="129627999" timestamp="2022-12-02T04:28:49Z" user="jmbangate" uid="349964" lat="21.0267660" lon="105.8414556"/>
 <node id="10232291328" visible="true" version="1" changeset="129627999" timestamp="2022-12-02T04:28:49Z" user="jmbangate" uid="349964" lat="21.0267336" lon="105.8414547"/>
 <node id="10232291329" visible="true" version="1" changeset="129627999" timestamp="2022-12-02T04:28:49Z" user="jmbangate" uid="349964" lat="21.0267426" lon="105.8411107"/>
 <node id="10232291330" visible="true" version="1" changeset="129627999" timestamp="2022-12-02T04:28:49Z" user="jmbangate" uid="349964" lat="21.0268178" lon="105.8411130"/>
 <node id="10232291331" visible="true" version="1" changeset="129627999" timestamp="2022-12-02T04:28:49Z" user="jmbangate" uid="349964" lat="21.0268157" lon="105.8414614"/>
 <node id="10232291332" visible="true" version="1" changeset="129627999" timestamp="2022-12-02T04:28:49Z" user="jmbangate" uid="349964" lat="21.0268597" lon="105.8414627"/>
 <node id="10232291333" visible="true" version="1" changeset="129627999" timestamp="2022-12-02T04:28:49Z" user="jmbangate" uid="349964" lat="21.0268625" lon="105.8413561"/>
 <node id="10232291334" visible="true" version="1" changeset="129627999" timestamp="2022-12-02T04:28:49Z" user="jmbangate" uid="349964" lat="21.0268184" lon="105.8413548"/>
 <node id="10232291335" visible="true" version="1" changeset="129627999" timestamp="2022-12-02T04:28:49Z" user="jmbangate" uid="349964" lat="21.0268659" lon="105.8414616"/>
 <node id="10232291336" visible="true" version="1" changeset="129627999" timestamp="2022-12-02T04:28:49Z" user="jmbangate" uid="349964" lat="21.0268910" lon="105.8414624"/>
 <node id="10232291337" visible="true" version="1" changeset="129627999" timestamp="2022-12-02T04:28:49Z" user="jmbangate" uid="349964" lat="21.0268937" lon="105.8413609"/>
 <node id="10232291338" visible="true" version="1" changeset="129627999" timestamp="2022-12-02T04:28:49Z" user="jmbangate" uid="349964" lat="21.0268685" lon="105.8413601"/>
 <node id="10232291339" visible="true" version="1" changeset="129627999" timestamp="2022-12-02T04:28:49Z" user="jmbangate" uid="349964" lat="21.0268943" lon="105.8414565"/>
 <node id="10232291340" visible="true" version="1" changeset="129627999" timestamp="2022-12-02T04:28:49Z" user="jmbangate" uid="349964" lat="21.0269129" lon="105.8414570"/>
 <node id="10232291341" visible="true" version="1" changeset="129627999" timestamp="2022-12-02T04:28:49Z" user="jmbangate" uid="349964" lat="21.0269156" lon="105.8413550"/>
 <node id="10232291342" visible="true" version="1" changeset="129627999" timestamp="2022-12-02T04:28:49Z" user="jmbangate" uid="349964" lat="21.0268970" lon="105.8413544"/>
 <node id="10232291343" visible="true" version="1" changeset="129627999" timestamp="2022-12-02T04:28:49Z" user="jmbangate" uid="349964" lat="21.0269160" lon="105.8414595"/>
 <node id="10232291344" visible="true" version="1" changeset="129627999" timestamp="2022-12-02T04:28:49Z" user="jmbangate" uid="349964" lat="21.0269668" lon="105.8414610"/>
 <node id="10232291345" visible="true" version="1" changeset="129627999" timestamp="2022-12-02T04:28:49Z" user="jmbangate" uid="349964" lat="21.0269696" lon="105.8413509"/>
 <node id="10232291346" visible="true" version="1" changeset="129627999" timestamp="2022-12-02T04:28:49Z" user="jmbangate" uid="349964" lat="21.0269189" lon="105.8413494"/>
 <node id="10232291347" visible="true" version="1" changeset="129627999" timestamp="2022-12-02T04:28:49Z" user="jmbangate" uid="349964" lat="21.0269709" lon="105.8414626"/>
 <node id="10232291348" visible="true" version="1" changeset="129627999" timestamp="2022-12-02T04:28:49Z" user="jmbangate" uid="349964" lat="21.0270309" lon="105.8414644"/>
 <node id="10232291349" visible="true" version="1" changeset="129627999" timestamp="2022-12-02T04:28:49Z" user="jmbangate" uid="349964" lat="21.0270340" lon="105.8413462"/>
 <node id="10232291350" visible="true" version="1" changeset="129627999" timestamp="2022-12-02T04:28:49Z" user="jmbangate" uid="349964" lat="21.0269740" lon="105.8413444"/>
 <node id="10232291351" visible="true" version="1" changeset="129627999" timestamp="2022-12-02T04:28:49Z" user="jmbangate" uid="349964" lat="21.0270348" lon="105.8414614"/>
 <node id="10232291352" visible="true" version="1" changeset="129627999" timestamp="2022-12-02T04:28:49Z" user="jmbangate" uid="349964" lat="21.0270675" lon="105.8414624"/>
 <node id="10232291353" visible="true" version="1" changeset="129627999" timestamp="2022-12-02T04:28:49Z" user="jmbangate" uid="349964" lat="21.0270702" lon="105.8413594"/>
 <node id="10232291354" visible="true" version="1" changeset="129627999" timestamp="2022-12-02T04:28:49Z" user="jmbangate" uid="349964" lat="21.0270375" lon="105.8413585"/>
 <node id="10232291355" visible="true" version="1" changeset="129627999" timestamp="2022-12-02T04:28:49Z" user="jmbangate" uid="349964" lat="21.0271430" lon="105.8414685"/>
 <node id="10232291356" visible="true" version="1" changeset="129627999" timestamp="2022-12-02T04:28:49Z" user="jmbangate" uid="349964" lat="21.0270716" lon="105.8414663"/>
 <node id="10232291357" visible="true" version="1" changeset="129627999" timestamp="2022-12-02T04:28:49Z" user="jmbangate" uid="349964" lat="21.0270754" lon="105.8413235"/>
 <node id="10232291358" visible="true" version="1" changeset="129627999" timestamp="2022-12-02T04:28:49Z" user="jmbangate" uid="349964" lat="21.0271467" lon="105.8413257"/>
 <node id="10292189433" visible="true" version="1" changeset="130619593" timestamp="2022-12-28T21:38:33Z" user="LeonGonne" uid="2739030" lat="21.0268455" lon="105.8416146">
  <tag k="addr:city" v="Hà Nội"/>
  <tag k="addr:district" v="Hoàn Kiếm"/>
  <tag k="addr:housenumber" v="45"/>
  <tag k="addr:province" v="Hà Nội"/>
  <tag k="addr:street" v="Đường Lê Duẩn"/>
  <tag k="addr:subdistrict" v="Cửa Nam"/>
  <tag k="name" v="Hanoi Aria Central Hotel &amp; Spa"/>
  <tag k="tourism" v="hotel"/>
  <tag k="website" v="https://hanoiariacentralhotel.com/"/>
 </node>
 <node id="10298553019" visible="true" version="1" changeset="130755985" timestamp="2023-01-01T16:46:02Z" user="LeonGonne" uid="2739030" lat="21.0282523" lon="105.8425041">
  <tag k="addr:city" v="Hà Nội"/>
  <tag k="addr:district" v="Hoàn Kiếm"/>
  <tag k="addr:housenumber" v="30"/>
  <tag k="addr:province" v="Hà Nội"/>
  <tag k="addr:street" v="Phố Đình Ngang"/>
  <tag k="addr:subdistrict" v="Cửa Nam"/>
  <tag k="amenity" v="fast_food"/>
  <tag k="cuisine" v="sandwich"/>
  <tag k="name" v="Bánh mì Trâm"/>
 </node>
 <node id="10554038717" visible="true" version="3" changeset="168253519" timestamp="2025-06-29T07:36:32Z" user="Tewuzij" uid="16194143" lat="21.0231261" lon="105.8410075"/>
 <node id="10554038718" visible="true" version="3" changeset="168253519" timestamp="2025-06-29T07:36:32Z" user="Tewuzij" uid="16194143" lat="21.0259372" lon="105.8410212"/>
 <node id="10584131490" visible="true" version="1" changeset="131733996" timestamp="2023-01-26T13:59:21Z" user="ItsLouisAnderson" uid="11691953" lat="21.0282806" lon="105.8436457"/>
 <node id="10584131492" visible="true" version="1" changeset="131733996" timestamp="2023-01-26T13:59:21Z" user="ItsLouisAnderson" uid="11691953" lat="21.0283419" lon="105.8434676"/>
 <node id="10584178717" visible="true" version="1" changeset="131733996" timestamp="2023-01-26T13:59:21Z" user="ItsLouisAnderson" uid="11691953" lat="21.0280022" lon="105.8436498"/>
 <node id="10584178721" visible="true" version="1" changeset="131733996" timestamp="2023-01-26T13:59:21Z" user="ItsLouisAnderson" uid="11691953" lat="21.0281820" lon="105.8434264"/>
 <node id="10584178722" visible="true" version="6" changeset="167558013" timestamp="2025-06-13T04:32:52Z" user="phoenixsaigon1698" uid="3323343" lat="21.0282317" lon="105.8434655">
  <tag k="button_operated" v="no"/>
  <tag k="crossing" v="traffic_signals"/>
  <tag k="highway" v="traffic_signals"/>
  <tag k="traffic_signals" v="traffic_lights"/>
  <tag k="traffic_signals:direction" v="forward"/>
  <tag k="traffic_signals:sound" v="no"/>
  <tag k="traffic_signals:vibration" v="no"/>
 </node>
 <node id="10584178723" visible="true" version="4" changeset="152787259" timestamp="2024-06-17T07:26:23Z" user="Equate" uid="12945167" lat="21.0283134" lon="105.8435505">
  <tag k="button_operated" v="no"/>
  <tag k="crossing" v="traffic_signals"/>
  <tag k="highway" v="crossing"/>
  <tag k="traffic_signals:sound" v="no"/>
  <tag k="traffic_signals:vibration" v="no"/>
 </node>
 <node id="10584178727" visible="true" version="1" changeset="131733996" timestamp="2023-01-26T13:59:21Z" user="ItsLouisAnderson" uid="11691953" lat="21.0281470" lon="105.8434524"/>
 <node id="10584178730" visible="true" version="1" changeset="131733996" timestamp="2023-01-26T13:59:21Z" user="ItsLouisAnderson" uid="11691953" lat="21.0280625" lon="105.8433918"/>
 <node id="10584178731" visible="true" version="1" changeset="131733996" timestamp="2023-01-26T13:59:21Z" user="ItsLouisAnderson" uid="11691953" lat="21.0280544" lon="105.8433827"/>
 <node id="10584178732" visible="true" version="1" changeset="131733996" timestamp="2023-01-26T13:59:21Z" user="ItsLouisAnderson" uid="11691953" lat="21.0280439" lon="105.8433580"/>
 <node id="10584178733" visible="true" version="1" changeset="131733996" timestamp="2023-01-26T13:59:21Z" user="ItsLouisAnderson" uid="11691953" lat="21.0280179" lon="105.8432968"/>
 <node id="10584178734" visible="true" version="1" changeset="131733996" timestamp="2023-01-26T13:59:21Z" user="ItsLouisAnderson" uid="11691953" lat="21.0280054" lon="105.8432620"/>
 <node id="10584178735" visible="true" version="1" changeset="131733996" timestamp="2023-01-26T13:59:21Z" user="ItsLouisAnderson" uid="11691953" lat="21.0279874" lon="105.8431633"/>
 <node id="10584178736" visible="true" version="1" changeset="131733996" timestamp="2023-01-26T13:59:21Z" user="ItsLouisAnderson" uid="11691953" lat="21.0279889" lon="105.8431445"/>
 <node id="10584178737" visible="true" version="1" changeset="131733996" timestamp="2023-01-26T13:59:21Z" user="ItsLouisAnderson" uid="11691953" lat="21.0279949" lon="105.8431214"/>
 <node id="10584178738" visible="true" version="1" changeset="131733996" timestamp="2023-01-26T13:59:21Z" user="ItsLouisAnderson" uid="11691953" lat="21.0280064" lon="105.8431032"/>
 <node id="10584178739" visible="true" version="1" changeset="131733996" timestamp="2023-01-26T13:59:21Z" user="ItsLouisAnderson" uid="11691953" lat="21.0280234" lon="105.8430925"/>
 <node id="10584178740" visible="true" version="1" changeset="131733996" timestamp="2023-01-26T13:59:21Z" user="ItsLouisAnderson" uid="11691953" lat="21.0280374" lon="105.8430898"/>
 <node id="10584178741" visible="true" version="1" changeset="131733996" timestamp="2023-01-26T13:59:21Z" user="ItsLouisAnderson" uid="11691953" lat="21.0280610" lon="105.8430914"/>
 <node id="10584178742" visible="true" version="1" changeset="131733996" timestamp="2023-01-26T13:59:21Z" user="ItsLouisAnderson" uid="11691953" lat="21.0280910" lon="105.8431005"/>
 <node id="10584178743" visible="true" version="1" changeset="131733996" timestamp="2023-01-26T13:59:21Z" user="ItsLouisAnderson" uid="11691953" lat="21.0281170" lon="105.8431139"/>
 <node id="10584178744" visible="true" version="1" changeset="131733996" timestamp="2023-01-26T13:59:21Z" user="ItsLouisAnderson" uid="11691953" lat="21.0281276" lon="105.8431279"/>
 <node id="10584178745" visible="true" version="1" changeset="131733996" timestamp="2023-01-26T13:59:21Z" user="ItsLouisAnderson" uid="11691953" lat="21.0282197" lon="105.8432271"/>
 <node id="10584178746" visible="true" version="1" changeset="131733996" timestamp="2023-01-26T13:59:21Z" user="ItsLouisAnderson" uid="11691953" lat="21.0282337" lon="105.8432614"/>
 <node id="10584178747" visible="true" version="1" changeset="131733996" timestamp="2023-01-26T13:59:21Z" user="ItsLouisAnderson" uid="11691953" lat="21.0282317" lon="105.8432754"/>
 <node id="10584178748" visible="true" version="1" changeset="131733996" timestamp="2023-01-26T13:59:21Z" user="ItsLouisAnderson" uid="11691953" lat="21.0282282" lon="105.8432389"/>
 <node id="10584178749" visible="true" version="1" changeset="131733996" timestamp="2023-01-26T13:59:21Z" user="ItsLouisAnderson" uid="11691953" lat="21.0282332" lon="105.8432492"/>
 <node id="10584178750" visible="true" version="1" changeset="131733996" timestamp="2023-01-26T13:59:21Z" user="ItsLouisAnderson" uid="11691953" lat="21.0281561" lon="105.8434551"/>
 <node id="10584178751" visible="true" version="1" changeset="131733996" timestamp="2023-01-26T13:59:21Z" user="ItsLouisAnderson" uid="11691953" lat="21.0281641" lon="105.8434529"/>
 <node id="10584178752" visible="true" version="1" changeset="131733996" timestamp="2023-01-26T13:59:21Z" user="ItsLouisAnderson" uid="11691953" lat="21.0281706" lon="105.8434476"/>
 <node id="10584178753" visible="true" version="1" changeset="131733996" timestamp="2023-01-26T13:59:21Z" user="ItsLouisAnderson" uid="11691953" lat="21.0281776" lon="105.8434374"/>
 <node id="10584178754" visible="true" version="1" changeset="131733996" timestamp="2023-01-26T13:59:21Z" user="ItsLouisAnderson" uid="11691953" lat="21.0280878" lon="105.8430526"/>
 <node id="10584178755" visible="true" version="1" changeset="131733996" timestamp="2023-01-26T13:59:21Z" user="ItsLouisAnderson" uid="11691953" lat="21.0282185" lon="105.8431832"/>
 <node id="10584178756" visible="true" version="1" changeset="131733996" timestamp="2023-01-26T13:59:21Z" user="ItsLouisAnderson" uid="11691953" lat="21.0281497" lon="105.8430992"/>
 <node id="10584178757" visible="true" version="1" changeset="131733996" timestamp="2023-01-26T13:59:21Z" user="ItsLouisAnderson" uid="11691953" lat="21.0281850" lon="105.8431421"/>
 <node id="10584178758" visible="true" version="1" changeset="131733996" timestamp="2023-01-26T13:59:21Z" user="ItsLouisAnderson" uid="11691953" lat="21.0281566" lon="105.8431591"/>
 <node id="10584178759" visible="true" version="1" changeset="131733996" timestamp="2023-01-26T13:59:21Z" user="ItsLouisAnderson" uid="11691953" lat="21.0281793" lon="105.8431353">
  <tag k="crossing" v="uncontrolled"/>
  <tag k="highway" v="crossing"/>
 </node>
 <node id="10871003625" visible="true" version="1" changeset="135746730" timestamp="2023-05-05T15:26:29Z" user="meland" uid="11601144" lat="21.0266407" lon="105.8430715">
  <tag k="amenity" v="restaurant"/>
  <tag k="name" v="La badiane"/>
 </node>
 <node id="10871037101" visible="true" version="1" changeset="135746730" timestamp="2023-05-05T15:26:30Z" user="meland" uid="11601144" lat="21.0270213" lon="105.8428334">
  <tag k="amenity" v="restaurant"/>
  <tag k="name" v="Luna d'automno"/>
 </node>
 <node id="11104405788" visible="true" version="1" changeset="139697423" timestamp="2023-08-10T09:38:47Z" user="ItsLouisAnderson" uid="11691953" lat="21.0267282" lon="105.8404722">
  <tag k="shop" v="ticket"/>
 </node>
 <node id="11219400585" visible="true" version="1" changeset="141761763" timestamp="2023-09-26T08:02:18Z" user="ItsLouisAnderson" uid="11691953" lat="21.0278068" lon="105.8412165"/>
 <node id="11219400586" visible="true" version="1" changeset="141761763" timestamp="2023-09-26T08:02:18Z" user="ItsLouisAnderson" uid="11691953" lat="21.0274805" lon="105.8410704"/>
 <node id="11219400587" visible="true" version="1" changeset="141761763" timestamp="2023-09-26T08:02:18Z" user="ItsLouisAnderson" uid="11691953" lat="21.0269647" lon="105.8409497"/>
 <node id="11219400588" visible="true" version="1" changeset="141761763" timestamp="2023-09-26T08:02:18Z" user="ItsLouisAnderson" uid="11691953" lat="21.0271235" lon="105.8409739"/>
 <node id="11219400589" visible="true" version="1" changeset="141761763" timestamp="2023-09-26T08:02:18Z" user="ItsLouisAnderson" uid="11691953" lat="21.0272351" lon="105.8409946"/>
 <node id="11219400590" visible="true" version="1" changeset="141761763" timestamp="2023-09-26T08:02:18Z" user="ItsLouisAnderson" uid="11691953" lat="21.0261772" lon="105.8407720"/>
 <node id="11219400591" visible="true" version="1" changeset="141761763" timestamp="2023-09-26T08:02:18Z" user="ItsLouisAnderson" uid="11691953" lat="21.0262849" lon="105.8407790"/>
 <node id="11219400592" visible="true" version="1" changeset="141761763" timestamp="2023-09-26T08:02:18Z" user="ItsLouisAnderson" uid="11691953" lat="21.0264095" lon="105.8407988"/>
 <node id="11219400593" visible="true" version="1" changeset="141761763" timestamp="2023-09-26T08:02:18Z" user="ItsLouisAnderson" uid="11691953" lat="21.0265384" lon="105.8408306"/>
 <node id="11219400594" visible="true" version="1" changeset="141761763" timestamp="2023-09-26T08:02:18Z" user="ItsLouisAnderson" uid="11691953" lat="21.0267041" lon="105.8408807"/>
 <node id="11219400595" visible="true" version="1" changeset="141761763" timestamp="2023-09-26T08:02:18Z" user="ItsLouisAnderson" uid="11691953" lat="21.0267910" lon="105.8409092">
  <tag k="railway" v="switch"/>
 </node>
 <node id="11219400596" visible="true" version="1" changeset="141761763" timestamp="2023-09-26T08:02:18Z" user="ItsLouisAnderson" uid="11691953" lat="21.0266419" lon="105.8408828"/>
 <node id="11219400597" visible="true" version="1" changeset="141761763" timestamp="2023-09-26T08:02:18Z" user="ItsLouisAnderson" uid="11691953" lat="21.0265493" lon="105.8408738"/>
 <node id="11219400598" visible="true" version="1" changeset="141761763" timestamp="2023-09-26T08:02:18Z" user="ItsLouisAnderson" uid="11691953" lat="21.0264499" lon="105.8408675"/>
 <node id="11219400599" visible="true" version="1" changeset="141761763" timestamp="2023-09-26T08:02:18Z" user="ItsLouisAnderson" uid="11691953" lat="21.0261914" lon="105.8408585"/>
 <node id="11219400610" visible="true" version="1" changeset="141761763" timestamp="2023-09-26T08:02:18Z" user="ItsLouisAnderson" uid="11691953" lat="21.0265341" lon="105.8407078"/>
 <node id="11219400611" visible="true" version="1" changeset="141761763" timestamp="2023-09-26T08:02:18Z" user="ItsLouisAnderson" uid="11691953" lat="21.0266377" lon="105.8407524"/>
 <node id="11219400612" visible="true" version="1" changeset="141761763" timestamp="2023-09-26T08:02:18Z" user="ItsLouisAnderson" uid="11691953" lat="21.0268104" lon="105.8408239"/>
 <node id="11219400613" visible="true" version="1" changeset="141761763" timestamp="2023-09-26T08:02:18Z" user="ItsLouisAnderson" uid="11691953" lat="21.0272016" lon="105.8409884">
  <tag k="railway" v="switch"/>
 </node>
 <node id="11219400615" visible="true" version="1" changeset="141761763" timestamp="2023-09-26T08:02:18Z" user="ItsLouisAnderson" uid="11691953" lat="21.0265738" lon="105.8407893">
  <tag k="railway" v="switch"/>
 </node>
 <node id="11219400619" visible="true" version="1" changeset="141761763" timestamp="2023-09-26T08:02:18Z" user="ItsLouisAnderson" uid="11691953" lat="21.0268405" lon="105.8408748"/>
 <node id="11219400620" visible="true" version="1" changeset="141761763" timestamp="2023-09-26T08:02:18Z" user="ItsLouisAnderson" uid="11691953" lat="21.0270927" lon="105.8409426">
  <tag k="railway" v="switch"/>
 </node>
 <node id="11219400628" visible="true" version="1" changeset="141761763" timestamp="2023-09-26T08:02:18Z" user="ItsLouisAnderson" uid="11691953" lat="21.0264990" lon="105.8406975">
  <tag k="railway" v="switch"/>
 </node>
 <node id="11219406939" visible="true" version="1" changeset="141761763" timestamp="2023-09-26T08:02:18Z" user="ItsLouisAnderson" uid="11691953" lat="21.0267423" lon="105.8407957">
  <tag k="railway" v="switch"/>
 </node>
 <node id="11219406940" visible="true" version="1" changeset="141761763" timestamp="2023-09-26T08:02:18Z" user="ItsLouisAnderson" uid="11691953" lat="21.0264131" lon="105.8406090"/>
 <node id="11219406941" visible="true" version="1" changeset="141761763" timestamp="2023-09-26T08:02:18Z" user="ItsLouisAnderson" uid="11691953" lat="21.0262273" lon="105.8405107"/>
 <node id="11219406942" visible="true" version="1" changeset="141761763" timestamp="2023-09-26T08:02:18Z" user="ItsLouisAnderson" uid="11691953" lat="21.0260713" lon="105.8404405"/>
 <node id="11219406943" visible="true" version="1" changeset="141761763" timestamp="2023-09-26T08:02:18Z" user="ItsLouisAnderson" uid="11691953" lat="21.0259236" lon="105.8403921"/>
 <node id="11219406944" visible="true" version="1" changeset="141761763" timestamp="2023-09-26T08:02:18Z" user="ItsLouisAnderson" uid="11691953" lat="21.0257724" lon="105.8403602"/>
 <node id="11219406945" visible="true" version="1" changeset="141761763" timestamp="2023-09-26T08:02:18Z" user="ItsLouisAnderson" uid="11691953" lat="21.0256652" lon="105.8403423"/>
 <node id="11219406946" visible="true" version="1" changeset="141761763" timestamp="2023-09-26T08:02:18Z" user="ItsLouisAnderson" uid="11691953" lat="21.0255719" lon="105.8403379"/>
 <node id="11219406947" visible="true" version="1" changeset="141761763" timestamp="2023-09-26T08:02:18Z" user="ItsLouisAnderson" uid="11691953" lat="21.0253773" lon="105.8403341"/>
 <node id="11219406948" visible="true" version="1" changeset="141761763" timestamp="2023-09-26T08:02:18Z" user="ItsLouisAnderson" uid="11691953" lat="21.0247109" lon="105.8403257"/>
 <node id="11219407046" visible="true" version="1" changeset="141761763" timestamp="2023-09-26T08:02:18Z" user="ItsLouisAnderson" uid="11691953" lat="21.0267864" lon="105.8403669"/>
 <node id="11219407047" visible="true" version="1" changeset="141761763" timestamp="2023-09-26T08:02:18Z" user="ItsLouisAnderson" uid="11691953" lat="21.0266613" lon="105.8403682"/>
 <node id="11219407048" visible="true" version="1" changeset="141761763" timestamp="2023-09-26T08:02:18Z" user="ItsLouisAnderson" uid="11691953" lat="21.0266601" lon="105.8405685"/>
 <node id="11219407049" visible="true" version="1" changeset="141761763" timestamp="2023-09-26T08:02:18Z" user="ItsLouisAnderson" uid="11691953" lat="21.0265053" lon="105.8405659"/>
 <node id="11219407050" visible="true" version="1" changeset="141761763" timestamp="2023-09-26T08:02:18Z" user="ItsLouisAnderson" uid="11691953" lat="21.0270289" lon="105.8409564"/>
 <node id="11219407079" visible="true" version="1" changeset="141761763" timestamp="2023-09-26T08:02:18Z" user="ItsLouisAnderson" uid="11691953" lat="21.0258615" lon="105.8403790">
  <tag k="railway" v="crossing"/>
 </node>
 <node id="11219407086" visible="true" version="1" changeset="141761763" timestamp="2023-09-26T08:02:18Z" user="ItsLouisAnderson" uid="11691953" lat="21.0258560" lon="105.8408546">
  <tag k="railway" v="crossing"/>
 </node>
 <node id="11219407110" visible="true" version="4" changeset="159179421" timestamp="2024-11-15T16:52:44Z" user="ItsLouisAnderson" uid="11691953" lat="21.0242373" lon="105.8403228">
  <tag k="local_ref" v="11"/>
  <tag k="name" v="Hà Nội"/>
  <tag k="name:ar" v="هانوي"/>
  <tag k="name:en" v="Hanoi"/>
  <tag k="name:es" v="Hanói"/>
  <tag k="name:fr" v="Hanoï"/>
  <tag k="name:ja" v="ハノイ"/>
  <tag k="name:ko" v="하노이"/>
  <tag k="name:lo" v="ຮ່າໂນ້ຍ"/>
  <tag k="name:ru" v="Ханой"/>
  <tag k="name:th" v="ฮานอย"/>
  <tag k="name:vi" v="Hà Nội"/>
  <tag k="name:zh" v="河内"/>
  <tag k="network" v="VN:railway"/>
  <tag k="public_transport" v="stop_position"/>
  <tag k="railway" v="stop"/>
  <tag k="train" v="yes"/>
 </node>
 <node id="11219407116" visible="true" version="4" changeset="159179421" timestamp="2024-11-15T16:52:44Z" user="ItsLouisAnderson" uid="11691953" lat="21.0242323" lon="105.8407349">
  <tag k="local_ref" v="4"/>
  <tag k="name" v="Hà Nội"/>
  <tag k="name:ar" v="هانوي"/>
  <tag k="name:en" v="Hanoi"/>
  <tag k="name:es" v="Hanói"/>
  <tag k="name:fr" v="Hanoï"/>
  <tag k="name:ja" v="ハノイ"/>
  <tag k="name:ko" v="하노이"/>
  <tag k="name:lo" v="ຮ່າໂນ້ຍ"/>
  <tag k="name:ru" v="Ханой"/>
  <tag k="name:th" v="ฮานอย"/>
  <tag k="name:vi" v="Hà Nội"/>
  <tag k="name:zh" v="河内"/>
  <tag k="network" v="VN:railway"/>
  <tag k="public_transport" v="stop_position"/>
  <tag k="railway" v="stop"/>
  <tag k="train" v="yes"/>
 </node>
 <node id="11219407118" visible="true" version="4" changeset="159179421" timestamp="2024-11-15T16:52:44Z" user="ItsLouisAnderson" uid="11691953" lat="21.0242311" lon="105.8408284">
  <tag k="local_ref" v="3"/>
  <tag k="name" v="Hà Nội"/>
  <tag k="name:ar" v="هانوي"/>
  <tag k="name:en" v="Hanoi"/>
  <tag k="name:es" v="Hanói"/>
  <tag k="name:fr" v="Hanoï"/>
  <tag k="name:ja" v="ハノイ"/>
  <tag k="name:ko" v="하노이"/>
  <tag k="name:lo" v="ຮ່າໂນ້ຍ"/>
  <tag k="name:ru" v="Ханой"/>
  <tag k="name:th" v="ฮานอย"/>
  <tag k="name:vi" v="Hà Nội"/>
  <tag k="name:zh" v="河内"/>
  <tag k="network" v="VN:railway"/>
  <tag k="public_transport" v="stop_position"/>
  <tag k="railway" v="stop"/>
  <tag k="train" v="yes"/>
 </node>
 <node id="11220208047" visible="true" version="3" changeset="142354980" timestamp="2023-10-09T15:23:46Z" user="ItsLouisAnderson" uid="11691953" lat="21.0234632" lon="105.8412110"/>
 <node id="11220208050" visible="true" version="1" changeset="141775579" timestamp="2023-09-26T13:43:39Z" user="ItsLouisAnderson" uid="11691953" lat="21.0243423" lon="105.8412262"/>
 <node id="11220208052" visible="true" version="2" changeset="141810380" timestamp="2023-09-27T09:37:50Z" user="ItsLouisAnderson" uid="11691953" lat="21.0241451" lon="105.8412238"/>
 <node id="11222152572" visible="true" version="1" changeset="141810380" timestamp="2023-09-27T09:37:50Z" user="ItsLouisAnderson" uid="11691953" lat="21.0236171" lon="105.8412131"/>
 <node id="11222152588" visible="true" version="2" changeset="143025637" timestamp="2023-10-23T16:14:14Z" user="ItsLouisAnderson" uid="11691953" lat="21.0258596" lon="105.8410450"/>
 <node id="11222152596" visible="true" version="2" changeset="143025637" timestamp="2023-10-23T16:14:14Z" user="ItsLouisAnderson" uid="11691953" lat="21.0252024" lon="105.8411864"/>
 <node id="11237754191" visible="true" version="6" changeset="154379705" timestamp="2024-07-25T07:39:08Z" user="logus2" uid="21611817" lat="21.0323318" lon="105.8451070"/>
 <node id="11237754192" visible="true" version="5" changeset="154379705" timestamp="2024-07-25T07:39:08Z" user="logus2" uid="21611817" lat="21.0313141" lon="105.8448780"/>
 <node id="11237754193" visible="true" version="5" changeset="154379705" timestamp="2024-07-25T07:39:08Z" user="logus2" uid="21611817" lat="21.0310978" lon="105.8447960"/>
 <node id="11237754194" visible="true" version="5" changeset="154380022" timestamp="2024-07-25T07:47:40Z" user="logus2" uid="21611817" lat="21.0307012" lon="105.8445725"/>
 <node id="11237754195" visible="true" version="4" changeset="154350600" timestamp="2024-07-24T13:30:54Z" user="logus2" uid="21611817" lat="21.0304764" lon="105.8443906"/>
 <node id="11237754196" visible="true" version="5" changeset="154350600" timestamp="2024-07-24T13:30:54Z" user="logus2" uid="21611817" lat="21.0301741" lon="105.8440664"/>
 <node id="11237754205" visible="true" version="3" changeset="154353587" timestamp="2024-07-24T14:36:39Z" user="logus2" uid="21611817" lat="21.0307479" lon="105.8447000"/>
 <node id="11237754206" visible="true" version="3" changeset="154353587" timestamp="2024-07-24T14:36:39Z" user="logus2" uid="21611817" lat="21.0305662" lon="105.8445771"/>
 <node id="11237754208" visible="true" version="3" changeset="154353587" timestamp="2024-07-24T14:36:39Z" user="logus2" uid="21611817" lat="21.0302165" lon="105.8442179"/>
 <node id="11237754209" visible="true" version="3" changeset="154350600" timestamp="2024-07-24T13:30:54Z" user="logus2" uid="21611817" lat="21.0301544" lon="105.8441425"/>
 <node id="11251298351" visible="true" version="1" changeset="142354980" timestamp="2023-10-09T15:23:46Z" user="ItsLouisAnderson" uid="11691953" lat="21.0231354" lon="105.8413773"/>
 <node id="11251298356" visible="true" version="1" changeset="142354980" timestamp="2023-10-09T15:23:46Z" user="ItsLouisAnderson" uid="11691953" lat="21.0233943" lon="105.8413821"/>
 <node id="11251298359" visible="true" version="1" changeset="142354980" timestamp="2023-10-09T15:23:46Z" user="ItsLouisAnderson" uid="11691953" lat="21.0231921" lon="105.8413784"/>
 <node id="11251298360" visible="true" version="1" changeset="142354980" timestamp="2023-10-09T15:23:46Z" user="ItsLouisAnderson" uid="11691953" lat="21.0232908" lon="105.8413803">
  <tag k="barrier" v="gate"/>
 </node>
 <node id="11251298363" visible="true" version="1" changeset="142354980" timestamp="2023-10-09T15:23:46Z" user="ItsLouisAnderson" uid="11691953" lat="21.0229012" lon="105.8413726"/>
 <node id="11251298370" visible="true" version="1" changeset="142354980" timestamp="2023-10-09T15:23:46Z" user="ItsLouisAnderson" uid="11691953" lat="21.0220355" lon="105.8413585"/>
 <node id="11251298371" visible="true" version="1" changeset="142354980" timestamp="2023-10-09T15:23:46Z" user="ItsLouisAnderson" uid="11691953" lat="21.0226372" lon="105.8413687"/>
 <node id="11251298389" visible="true" version="1" changeset="142354980" timestamp="2023-10-09T15:23:46Z" user="ItsLouisAnderson" uid="11691953" lat="21.0217532" lon="105.8413534"/>
 <node id="11251298390" visible="true" version="1" changeset="142354980" timestamp="2023-10-09T15:23:46Z" user="ItsLouisAnderson" uid="11691953" lat="21.0218306" lon="105.8413548"/>
 <node id="11251298392" visible="true" version="1" changeset="142354980" timestamp="2023-10-09T15:23:46Z" user="ItsLouisAnderson" uid="11691953" lat="21.0210419" lon="105.8410218"/>
 <node id="11251298393" visible="true" version="1" changeset="142354980" timestamp="2023-10-09T15:23:46Z" user="ItsLouisAnderson" uid="11691953" lat="21.0210418" lon="105.8410616"/>
 <node id="11251298394" visible="true" version="1" changeset="142354980" timestamp="2023-10-09T15:23:46Z" user="ItsLouisAnderson" uid="11691953" lat="21.0196715" lon="105.8401492"/>
 <node id="11251298503" visible="true" version="1" changeset="142354980" timestamp="2023-10-09T15:23:46Z" user="ItsLouisAnderson" uid="11691953" lat="21.0222414" lon="105.8395477"/>
 <node id="11283924917" visible="true" version="1" changeset="143025637" timestamp="2023-10-23T16:14:14Z" user="ItsLouisAnderson" uid="11691953" lat="21.0251040" lon="105.8411850"/>
 <node id="11283924918" visible="true" version="1" changeset="143025637" timestamp="2023-10-23T16:14:14Z" user="ItsLouisAnderson" uid="11691953" lat="21.0252123" lon="105.8413702"/>
 <node id="11283924919" visible="true" version="1" changeset="143025637" timestamp="2023-10-23T16:14:14Z" user="ItsLouisAnderson" uid="11691953" lat="21.0252147" lon="105.8411866"/>
 <node id="11283924928" visible="true" version="1" changeset="143025637" timestamp="2023-10-23T16:14:14Z" user="ItsLouisAnderson" uid="11691953" lat="21.0258250" lon="105.8412069"/>
 <node id="11283924929" visible="true" version="1" changeset="143025637" timestamp="2023-10-23T16:14:14Z" user="ItsLouisAnderson" uid="11691953" lat="21.0258259" lon="105.8414135"/>
 <node id="11283924930" visible="true" version="1" changeset="143025637" timestamp="2023-10-23T16:14:14Z" user="ItsLouisAnderson" uid="11691953" lat="21.0252116" lon="105.8414058"/>
 <node id="11283924935" visible="true" version="1" changeset="143025637" timestamp="2023-10-23T16:14:14Z" user="ItsLouisAnderson" uid="11691953" lat="21.0261544" lon="105.8410153"/>
 <node id="11283924936" visible="true" version="1" changeset="143025637" timestamp="2023-10-23T16:14:14Z" user="ItsLouisAnderson" uid="11691953" lat="21.0258254" lon="105.8412965"/>
 <node id="11496589986" visible="true" version="1" changeset="145980918" timestamp="2024-01-07T07:49:03Z" user="vietnam321" uid="11196308" lat="21.0273112" lon="105.8403206"/>
 <node id="11496589987" visible="true" version="1" changeset="145980918" timestamp="2024-01-07T07:49:03Z" user="vietnam321" uid="11196308" lat="21.0271233" lon="105.8408238"/>
 <node id="11496589988" visible="true" version="1" changeset="145980918" timestamp="2024-01-07T07:49:03Z" user="vietnam321" uid="11196308" lat="21.0275408" lon="105.8409845"/>
 <node id="11496589989" visible="true" version="1" changeset="145980918" timestamp="2024-01-07T07:49:03Z" user="vietnam321" uid="11196308" lat="21.0275169" lon="105.8409317"/>
 <node id="11496589990" visible="true" version="1" changeset="145980918" timestamp="2024-01-07T07:49:03Z" user="vietnam321" uid="11196308" lat="21.0271670" lon="105.8409242"/>
 <node id="11496589991" visible="true" version="1" changeset="145980918" timestamp="2024-01-07T07:49:03Z" user="vietnam321" uid="11196308" lat="21.0271844" lon="105.8408579"/>
 <node id="11496589992" visible="true" version="1" changeset="145980918" timestamp="2024-01-07T07:49:03Z" user="vietnam321" uid="11196308" lat="21.0272505" lon="105.8408778"/>
 <node id="11496589993" visible="true" version="1" changeset="145980918" timestamp="2024-01-07T07:49:03Z" user="vietnam321" uid="11196308" lat="21.0271979" lon="105.8403683"/>
 <node id="11496589994" visible="true" version="1" changeset="145980918" timestamp="2024-01-07T07:49:03Z" user="vietnam321" uid="11196308" lat="21.0271822" lon="105.8403683"/>
 <node id="11496589995" visible="true" version="1" changeset="145980918" timestamp="2024-01-07T07:49:03Z" user="vietnam321" uid="11196308" lat="21.0275058" lon="105.8409740"/>
 <node id="11496589996" visible="true" version="1" changeset="145980918" timestamp="2024-01-07T07:49:03Z" user="vietnam321" uid="11196308" lat="21.0272569" lon="105.8408533"/>
 <node id="11496589997" visible="true" version="1" changeset="145980918" timestamp="2024-01-07T07:49:03Z" user="vietnam321" uid="11196308" lat="21.0271978" lon="105.8406648"/>
 <node id="11496589998" visible="true" version="1" changeset="145980918" timestamp="2024-01-07T07:49:03Z" user="vietnam321" uid="11196308" lat="21.0273104" lon="105.8406903"/>
 <node id="11496589999" visible="true" version="1" changeset="145980918" timestamp="2024-01-07T07:49:03Z" user="vietnam321" uid="11196308" lat="21.0271980" lon="105.8403203"/>
 <node id="11496590000" visible="true" version="1" changeset="145980918" timestamp="2024-01-07T07:49:03Z" user="vietnam321" uid="11196308" lat="21.0272855" lon="105.8406903"/>
 <node id="11496590001" visible="true" version="1" changeset="145980918" timestamp="2024-01-07T07:49:03Z" user="vietnam321" uid="11196308" lat="21.0271820" lon="105.8404477"/>
 <node id="11496590002" visible="true" version="1" changeset="145980918" timestamp="2024-01-07T07:49:03Z" user="vietnam321" uid="11196308" lat="21.0275280" lon="105.8410330"/>
 <node id="11496590003" visible="true" version="1" changeset="145980918" timestamp="2024-01-07T07:49:03Z" user="vietnam321" uid="11196308" lat="21.0271236" lon="105.8406646"/>
 <node id="11496590004" visible="true" version="1" changeset="145980918" timestamp="2024-01-07T07:49:03Z" user="vietnam321" uid="11196308" lat="21.0271983" lon="105.8404477"/>
 <node id="11496590005" visible="true" version="1" changeset="145980918" timestamp="2024-01-07T07:49:03Z" user="vietnam321" uid="11196308" lat="21.0272852" lon="105.8408243"/>
 <node id="11593962439" visible="true" version="2" changeset="154348584" timestamp="2024-07-24T12:43:06Z" user="logus2" uid="21611817" lat="21.0315354" lon="105.8450001"/>
 <node id="11594082839" visible="true" version="1" changeset="147168108" timestamp="2024-02-07T09:38:43Z" user="user_14538650" uid="14538650" lat="21.0277458" lon="105.8411817">
  <tag k="barrier" v="gate"/>
 </node>
 <node id="11594082840" visible="true" version="1" changeset="147168108" timestamp="2024-02-07T09:38:43Z" user="user_14538650" uid="14538650" lat="21.0281514" lon="105.8414540"/>
 <node id="11594082841" visible="true" version="1" changeset="147168108" timestamp="2024-02-07T09:38:43Z" user="user_14538650" uid="14538650" lat="21.0286091" lon="105.8419764">
  <tag k="barrier" v="gate"/>
 </node>
 <node id="11594082842" visible="true" version="2" changeset="154741624" timestamp="2024-08-02T15:25:22Z" user="logus2" uid="21611817" lat="21.0287615" lon="105.8421804">
  <tag k="railway" v="crossing"/>
 </node>
 <node id="11594082843" visible="true" version="1" changeset="147168108" timestamp="2024-02-07T09:38:43Z" user="user_14538650" uid="14538650" lat="21.0276184" lon="105.8411265">
  <tag k="barrier" v="gate"/>
 </node>
 <node id="11594082844" visible="true" version="1" changeset="147168108" timestamp="2024-02-07T09:38:43Z" user="user_14538650" uid="14538650" lat="21.0276197" lon="105.8410889"/>
 <node id="11594082845" visible="true" version="2" changeset="154799389" timestamp="2024-08-04T07:49:55Z" user="logus2" uid="21611817" lat="21.0277542" lon="105.8411451"/>
 <node id="11594082846" visible="true" version="1" changeset="147168108" timestamp="2024-02-07T09:38:43Z" user="user_14538650" uid="14538650" lat="21.0279127" lon="105.8412450"/>
 <node id="11594082847" visible="true" version="2" changeset="154799389" timestamp="2024-08-04T07:49:55Z" user="logus2" uid="21611817" lat="21.0280154" lon="105.8413088"/>
 <node id="11594082848" visible="true" version="2" changeset="154799389" timestamp="2024-08-04T07:49:55Z" user="logus2" uid="21611817" lat="21.0280958" lon="105.8413680"/>
 <node id="11594082849" visible="true" version="1" changeset="147168108" timestamp="2024-02-07T09:38:43Z" user="user_14538650" uid="14538650" lat="21.0281736" lon="105.8414257"/>
 <node id="11594082850" visible="true" version="2" changeset="154799389" timestamp="2024-08-04T07:49:55Z" user="logus2" uid="21611817" lat="21.0282623" lon="105.8415097"/>
 <node id="11594082851" visible="true" version="1" changeset="147168108" timestamp="2024-02-07T09:38:43Z" user="user_14538650" uid="14538650" lat="21.0281195" lon="105.8414624"/>
 <node id="11594082852" visible="true" version="1" changeset="147168108" timestamp="2024-02-07T09:38:43Z" user="user_14538650" uid="14538650" lat="21.0280352" lon="105.8413989"/>
 <node id="11594082853" visible="true" version="1" changeset="147168108" timestamp="2024-02-07T09:38:43Z" user="user_14538650" uid="14538650" lat="21.0279311" lon="105.8413297"/>
 <node id="11594082854" visible="true" version="1" changeset="147168108" timestamp="2024-02-07T09:38:43Z" user="user_14538650" uid="14538650" lat="21.0277941" lon="105.8412450"/>
 <node id="11594082855" visible="true" version="1" changeset="147168108" timestamp="2024-02-07T09:38:43Z" user="user_14538650" uid="14538650" lat="21.0277432" lon="105.8412160"/>
 <node id="11594082856" visible="true" version="2" changeset="147713447" timestamp="2024-02-21T01:01:21Z" user="user_14538650" uid="14538650" lat="21.0286469" lon="105.8419900"/>
 <node id="11594082857" visible="true" version="1" changeset="147168108" timestamp="2024-02-07T09:38:43Z" user="user_14538650" uid="14538650" lat="21.0286555" lon="105.8420624"/>
 <node id="11594082858" visible="true" version="1" changeset="147168108" timestamp="2024-02-07T09:38:43Z" user="user_14538650" uid="14538650" lat="21.0283173" lon="105.8416384"/>
 <node id="11594082859" visible="true" version="1" changeset="147168108" timestamp="2024-02-07T09:38:43Z" user="user_14538650" uid="14538650" lat="21.0283739" lon="105.8416384"/>
 <node id="11594082861" visible="true" version="2" changeset="147168284" timestamp="2024-02-07T09:43:13Z" user="user_14538650" uid="14538650" lat="21.0287532" lon="105.8421344"/>
 <node id="11594082862" visible="true" version="2" changeset="147168284" timestamp="2024-02-07T09:43:13Z" user="user_14538650" uid="14538650" lat="21.0287345" lon="105.8421841"/>
 <node id="11594082863" visible="true" version="3" changeset="154741624" timestamp="2024-08-02T15:25:22Z" user="logus2" uid="21611817" lat="21.0287533" lon="105.8422105"/>
 <node id="11594082864" visible="true" version="3" changeset="154741624" timestamp="2024-08-02T15:25:22Z" user="logus2" uid="21611817" lat="21.0290138" lon="105.8425019"/>
 <node id="11594082865" visible="true" version="2" changeset="154348584" timestamp="2024-07-24T12:43:06Z" user="logus2" uid="21611817" lat="21.0291145" lon="105.8427353"/>
 <node id="11594082867" visible="true" version="3" changeset="154353587" timestamp="2024-07-24T14:36:39Z" user="logus2" uid="21611817" lat="21.0300908" lon="105.8440623"/>
 <node id="11594082868" visible="true" version="2" changeset="154348584" timestamp="2024-07-24T12:43:06Z" user="logus2" uid="21611817" lat="21.0300987" lon="105.8439700"/>
 <node id="11594133872" visible="true" version="2" changeset="154348584" timestamp="2024-07-24T12:43:06Z" user="logus2" uid="21611817" lat="21.0291573" lon="105.8426940"/>
 <node id="11647334521" visible="true" version="1" changeset="147713447" timestamp="2024-02-21T01:01:21Z" user="user_14538650" uid="14538650" lat="21.0283202" lon="105.8415672"/>
 <node id="12071595970" visible="true" version="1" changeset="154348584" timestamp="2024-07-24T12:43:06Z" user="logus2" uid="21611817" lat="21.0306768" lon="105.8446547"/>
 <node id="12071595971" visible="true" version="2" changeset="154353587" timestamp="2024-07-24T14:36:39Z" user="logus2" uid="21611817" lat="21.0309181" lon="105.8447933"/>
 <node id="12071595973" visible="true" version="1" changeset="154348584" timestamp="2024-07-24T12:43:06Z" user="logus2" uid="21611817" lat="21.0317582" lon="105.8450452"/>
 <node id="12071595977" visible="true" version="2" changeset="154353587" timestamp="2024-07-24T14:36:39Z" user="logus2" uid="21611817" lat="21.0304352" lon="105.8444648"/>
 <node id="12071595978" visible="true" version="3" changeset="154380022" timestamp="2024-07-25T07:47:40Z" user="logus2" uid="21611817" lat="21.0306391" lon="105.8445258"/>
 <node id="12071595979" visible="true" version="4" changeset="154380022" timestamp="2024-07-25T07:47:40Z" user="logus2" uid="21611817" lat="21.0307987" lon="105.8446368"/>
 <node id="12071595980" visible="true" version="2" changeset="154350600" timestamp="2024-07-24T13:30:54Z" user="logus2" uid="21611817" lat="21.0309534" lon="105.8447250"/>
 <node id="12071595981" visible="true" version="4" changeset="154379705" timestamp="2024-07-25T07:39:08Z" user="logus2" uid="21611817" lat="21.0315870" lon="105.8449510"/>
 <node id="12071595985" visible="true" version="3" changeset="154380938" timestamp="2024-07-25T08:13:15Z" user="logus2" uid="21611817" lat="21.0302722" lon="105.8441800"/>
 <node id="12071662684" visible="true" version="3" changeset="154377041" timestamp="2024-07-25T06:22:58Z" user="logus2" uid="21611817" lat="21.0301646" lon="105.8441031"/>
 <node id="12071662686" visible="true" version="1" changeset="154350600" timestamp="2024-07-24T13:30:54Z" user="logus2" uid="21611817" lat="21.0301787" lon="105.8440721"/>
 <node id="12071662687" visible="true" version="4" changeset="154381448" timestamp="2024-07-25T08:26:57Z" user="logus2" uid="21611817" lat="21.0302509" lon="105.8441529"/>
 <node id="12071662691" visible="true" version="1" changeset="154350600" timestamp="2024-07-24T13:30:54Z" user="logus2" uid="21611817" lat="21.0303433" lon="105.8442601"/>
 <node id="12071662694" visible="true" version="1" changeset="154350600" timestamp="2024-07-24T13:30:54Z" user="logus2" uid="21611817" lat="21.0303273" lon="105.8442438"/>
 <node id="12071662695" visible="true" version="2" changeset="154380938" timestamp="2024-07-25T08:13:15Z" user="logus2" uid="21611817" lat="21.0303085" lon="105.8442218"/>
 <node id="12071662698" visible="true" version="2" changeset="154380938" timestamp="2024-07-25T08:13:15Z" user="logus2" uid="21611817" lat="21.0303682" lon="105.8442870"/>
 <node id="12071662700" visible="true" version="2" changeset="154380938" timestamp="2024-07-25T08:13:15Z" user="logus2" uid="21611817" lat="21.0303889" lon="105.8443073"/>
 <node id="12071662702" visible="true" version="2" changeset="154380938" timestamp="2024-07-25T08:13:15Z" user="logus2" uid="21611817" lat="21.0304097" lon="105.8443275"/>
 <node id="12071662704" visible="true" version="2" changeset="154380938" timestamp="2024-07-25T08:13:15Z" user="logus2" uid="21611817" lat="21.0304285" lon="105.8443453"/>
 <node id="12071662706" visible="true" version="2" changeset="154380938" timestamp="2024-07-25T08:13:15Z" user="logus2" uid="21611817" lat="21.0304530" lon="105.8443692"/>
 <node id="12071662709" visible="true" version="1" changeset="154350600" timestamp="2024-07-24T13:30:54Z" user="logus2" uid="21611817" lat="21.0305012" lon="105.8444128"/>
 <node id="12071662711" visible="true" version="3" changeset="154380022" timestamp="2024-07-25T07:47:40Z" user="logus2" uid="21611817" lat="21.0305237" lon="105.8444328"/>
 <node id="12071662713" visible="true" version="3" changeset="154380022" timestamp="2024-07-25T07:47:40Z" user="logus2" uid="21611817" lat="21.0305445" lon="105.8444502"/>
 <node id="12071662715" visible="true" version="2" changeset="154380022" timestamp="2024-07-25T07:47:40Z" user="logus2" uid="21611817" lat="21.0305676" lon="105.8444702"/>
 <node id="12071662717" visible="true" version="2" changeset="154380022" timestamp="2024-07-25T07:47:40Z" user="logus2" uid="21611817" lat="21.0305902" lon="105.8444876"/>
 <node id="12071662720" visible="true" version="2" changeset="154380022" timestamp="2024-07-25T07:47:40Z" user="logus2" uid="21611817" lat="21.0306631" lon="105.8445448"/>
 <node id="12071662724" visible="true" version="2" changeset="154380022" timestamp="2024-07-25T07:47:40Z" user="logus2" uid="21611817" lat="21.0307345" lon="105.8445947"/>
 <node id="12071662726" visible="true" version="3" changeset="154380022" timestamp="2024-07-25T07:47:40Z" user="logus2" uid="21611817" lat="21.0307636" lon="105.8446146"/>
 <node id="12071662729" visible="true" version="2" changeset="154379705" timestamp="2024-07-25T07:39:08Z" user="logus2" uid="21611817" lat="21.0308414" lon="105.8446635"/>
 <node id="12071662731" visible="true" version="2" changeset="154379705" timestamp="2024-07-25T07:39:08Z" user="logus2" uid="21611817" lat="21.0308805" lon="105.8446846"/>
 <node id="12071662734" visible="true" version="2" changeset="154379705" timestamp="2024-07-25T07:39:08Z" user="logus2" uid="21611817" lat="21.0309181" lon="105.8447062"/>
 <node id="12071662737" visible="true" version="1" changeset="154350600" timestamp="2024-07-24T13:30:54Z" user="logus2" uid="21611817" lat="21.0309934" lon="105.8447459"/>
 <node id="12071662739" visible="true" version="1" changeset="154350600" timestamp="2024-07-24T13:30:54Z" user="logus2" uid="21611817" lat="21.0310245" lon="105.8447615"/>
 <node id="12071662741" visible="true" version="1" changeset="154350600" timestamp="2024-07-24T13:30:54Z" user="logus2" uid="21611817" lat="21.0310603" lon="105.8447786"/>
 <node id="12071662744" visible="true" version="1" changeset="154350600" timestamp="2024-07-24T13:30:54Z" user="logus2" uid="21611817" lat="21.0311347" lon="105.8448104"/>
 <node id="12071662746" visible="true" version="3" changeset="154517460" timestamp="2024-07-28T11:58:54Z" user="logus2" uid="21611817" lat="21.0311994" lon="105.8448350"/>
 <node id="12071662750" visible="true" version="2" changeset="154379705" timestamp="2024-07-25T07:39:08Z" user="logus2" uid="21611817" lat="21.0312265" lon="105.8448457"/>
 <node id="12071662752" visible="true" version="2" changeset="154379705" timestamp="2024-07-25T07:39:08Z" user="logus2" uid="21611817" lat="21.0312561" lon="105.8448568"/>
 <node id="12071662754" visible="true" version="3" changeset="154379705" timestamp="2024-07-25T07:39:08Z" user="logus2" uid="21611817" lat="21.0312868" lon="105.8448680"/>
 <node id="12071662757" visible="true" version="3" changeset="154379705" timestamp="2024-07-25T07:39:08Z" user="logus2" uid="21611817" lat="21.0313423" lon="105.8448881"/>
 <node id="12071662758" visible="true" version="3" changeset="154379705" timestamp="2024-07-25T07:39:08Z" user="logus2" uid="21611817" lat="21.0313710" lon="105.8448973"/>
 <node id="12071662761" visible="true" version="3" changeset="154379705" timestamp="2024-07-25T07:39:08Z" user="logus2" uid="21611817" lat="21.0313984" lon="105.8449053"/>
 <node id="12071662763" visible="true" version="3" changeset="154379705" timestamp="2024-07-25T07:39:08Z" user="logus2" uid="21611817" lat="21.0314315" lon="105.8449139"/>
 <node id="12071662765" visible="true" version="3" changeset="154379705" timestamp="2024-07-25T07:39:08Z" user="logus2" uid="21611817" lat="21.0314663" lon="105.8449227"/>
 <node id="12071673075" visible="true" version="3" changeset="154379705" timestamp="2024-07-25T07:39:08Z" user="logus2" uid="21611817" lat="21.0315568" lon="105.8449447"/>
 <node id="12071673077" visible="true" version="2" changeset="154379705" timestamp="2024-07-25T07:39:08Z" user="logus2" uid="21611817" lat="21.0316503" lon="105.8449645"/>
 <node id="12071673080" visible="true" version="3" changeset="154379705" timestamp="2024-07-25T07:39:08Z" user="logus2" uid="21611817" lat="21.0317010" lon="105.8449754"/>
 <node id="12071673082" visible="true" version="2" changeset="154376375" timestamp="2024-07-25T05:58:58Z" user="logus2" uid="21611817" lat="21.0317776" lon="105.8449919"/>
 <node id="12071673084" visible="true" version="1" changeset="154350600" timestamp="2024-07-24T13:30:54Z" user="logus2" uid="21611817" lat="21.0318060" lon="105.8449977"/>
 <node id="12071673086" visible="true" version="1" changeset="154350600" timestamp="2024-07-24T13:30:54Z" user="logus2" uid="21611817" lat="21.0318323" lon="105.8450031"/>
 <node id="12071673088" visible="true" version="1" changeset="154350600" timestamp="2024-07-24T13:30:54Z" user="logus2" uid="21611817" lat="21.0318584" lon="105.8450085"/>
 <node id="12071673090" visible="true" version="1" changeset="154350600" timestamp="2024-07-24T13:30:54Z" user="logus2" uid="21611817" lat="21.0318823" lon="105.8450135"/>
 <node id="12071673092" visible="true" version="1" changeset="154350600" timestamp="2024-07-24T13:30:54Z" user="logus2" uid="21611817" lat="21.0319063" lon="105.8450186"/>
 <node id="12071673095" visible="true" version="1" changeset="154350600" timestamp="2024-07-24T13:30:54Z" user="logus2" uid="21611817" lat="21.0319347" lon="105.8450246"/>
 <node id="12071673097" visible="true" version="1" changeset="154350600" timestamp="2024-07-24T13:30:54Z" user="logus2" uid="21611817" lat="21.0319607" lon="105.8450302"/>
 <node id="12071673099" visible="true" version="3" changeset="154379705" timestamp="2024-07-25T07:39:08Z" user="logus2" uid="21611817" lat="21.0319866" lon="105.8450359"/>
 <node id="12071673101" visible="true" version="3" changeset="154379705" timestamp="2024-07-25T07:39:08Z" user="logus2" uid="21611817" lat="21.0320240" lon="105.8450438"/>
 <node id="12071673103" visible="true" version="2" changeset="154379705" timestamp="2024-07-25T07:39:08Z" user="logus2" uid="21611817" lat="21.0320516" lon="105.8450496"/>
 <node id="12071673105" visible="true" version="2" changeset="154379705" timestamp="2024-07-25T07:39:08Z" user="logus2" uid="21611817" lat="21.0320859" lon="105.8450568"/>
 <node id="12071673107" visible="true" version="2" changeset="154379705" timestamp="2024-07-25T07:39:08Z" user="logus2" uid="21611817" lat="21.0321150" lon="105.8450630"/>
 <node id="12071673109" visible="true" version="2" changeset="154379705" timestamp="2024-07-25T07:39:08Z" user="logus2" uid="21611817" lat="21.0321420" lon="105.8450685"/>
 <node id="12071673111" visible="true" version="3" changeset="154379705" timestamp="2024-07-25T07:39:08Z" user="logus2" uid="21611817" lat="21.0321726" lon="105.8450748"/>
 <node id="12071673113" visible="true" version="4" changeset="154379705" timestamp="2024-07-25T07:39:08Z" user="logus2" uid="21611817" lat="21.0322047" lon="105.8450814"/>
 <node id="12071678443" visible="true" version="2" changeset="154377041" timestamp="2024-07-25T06:22:58Z" user="logus2" uid="21611817" lat="21.0323223" lon="105.8451673"/>
 <node id="12071776978" visible="true" version="1" changeset="154353587" timestamp="2024-07-24T14:36:39Z" user="logus2" uid="21611817" lat="21.0305414" lon="105.8445545"/>
 <node id="12071776979" visible="true" version="1" changeset="154353587" timestamp="2024-07-24T14:36:39Z" user="logus2" uid="21611817" lat="21.0305138" lon="105.8445317"/>
 <node id="12071776985" visible="true" version="1" changeset="154353587" timestamp="2024-07-24T14:36:39Z" user="logus2" uid="21611817" lat="21.0304288" lon="105.8444577"/>
 <node id="12071776987" visible="true" version="1" changeset="154353587" timestamp="2024-07-24T14:36:39Z" user="logus2" uid="21611817" lat="21.0304061" lon="105.8444325"/>
 <node id="12071777054" visible="true" version="1" changeset="154353587" timestamp="2024-07-24T14:36:39Z" user="logus2" uid="21611817" lat="21.0301759" lon="105.8441706"/>
 <node id="12071777057" visible="true" version="1" changeset="154353587" timestamp="2024-07-24T14:36:39Z" user="logus2" uid="21611817" lat="21.0303056" lon="105.8443208"/>
 <node id="12071777071" visible="true" version="1" changeset="154353587" timestamp="2024-07-24T14:36:39Z" user="logus2" uid="21611817" lat="21.0305969" lon="105.8445986"/>
 <node id="12071777075" visible="true" version="1" changeset="154353587" timestamp="2024-07-24T14:36:39Z" user="logus2" uid="21611817" lat="21.0303178" lon="105.8443344"/>
 <node id="12071777079" visible="true" version="1" changeset="154353587" timestamp="2024-07-24T14:36:39Z" user="logus2" uid="21611817" lat="21.0306299" lon="105.8446218"/>
 <node id="12071777082" visible="true" version="1" changeset="154353587" timestamp="2024-07-24T14:36:39Z" user="logus2" uid="21611817" lat="21.0307100" lon="105.8446758"/>
 <node id="12071777085" visible="true" version="1" changeset="154353587" timestamp="2024-07-24T14:36:39Z" user="logus2" uid="21611817" lat="21.0308295" lon="105.8447490"/>
 <node id="12071777086" visible="true" version="1" changeset="154353587" timestamp="2024-07-24T14:36:39Z" user="logus2" uid="21611817" lat="21.0307880" lon="105.8447240"/>
 <node id="12071777091" visible="true" version="1" changeset="154353587" timestamp="2024-07-24T14:36:39Z" user="logus2" uid="21611817" lat="21.0309606" lon="105.8448117"/>
 <node id="12071777094" visible="true" version="1" changeset="154353587" timestamp="2024-07-24T14:36:39Z" user="logus2" uid="21611817" lat="21.0308741" lon="105.8447713"/>
 <node id="12071777095" visible="true" version="2" changeset="154377041" timestamp="2024-07-25T06:22:58Z" user="logus2" uid="21611817" lat="21.0323309" lon="105.8451152"/>
 <node id="12071777096" visible="true" version="2" changeset="154377041" timestamp="2024-07-25T06:22:58Z" user="logus2" uid="21611817" lat="21.0323239" lon="105.8451579"/>
 <node id="12071777115" visible="true" version="2" changeset="154741099" timestamp="2024-08-02T15:13:40Z" user="logus2" uid="21611817" lat="21.0291656" lon="105.8427108"/>
 <node id="12073037852" visible="true" version="1" changeset="154379705" timestamp="2024-07-25T07:39:08Z" user="logus2" uid="21611817" lat="21.0315996" lon="105.8449536"/>
 <node id="12073037855" visible="true" version="2" changeset="154517460" timestamp="2024-07-28T11:58:54Z" user="logus2" uid="21611817" lat="21.0314974" lon="105.8449301"/>
 <node id="12073089633" visible="true" version="1" changeset="154380938" timestamp="2024-07-25T08:13:15Z" user="logus2" uid="21611817" lat="21.0303059" lon="105.8442186"/>
 <node id="12073089637" visible="true" version="1" changeset="154380938" timestamp="2024-07-25T08:13:15Z" user="logus2" uid="21611817" lat="21.0303073" lon="105.8442202">
  <tag k="barrier" v="gate"/>
  <tag k="locked" v="yes"/>
 </node>
 <node id="12088976031" visible="true" version="3" changeset="168253506" timestamp="2025-06-29T07:35:47Z" user="Tewuzij" uid="16194143" lat="21.0283566" lon="105.8410927"/>
 <node id="12088976032" visible="true" version="3" changeset="168253506" timestamp="2025-06-29T07:35:47Z" user="Tewuzij" uid="16194143" lat="21.0284689" lon="105.8411607"/>
 <node id="12088976034" visible="true" version="3" changeset="168253506" timestamp="2025-06-29T07:35:47Z" user="Tewuzij" uid="16194143" lat="21.0285672" lon="105.8411746"/>
 <node id="12088976035" visible="true" version="3" changeset="168253506" timestamp="2025-06-29T07:35:47Z" user="Tewuzij" uid="16194143" lat="21.0285668" lon="105.8412261"/>
 <node id="12089170208" visible="true" version="1" changeset="154741624" timestamp="2024-08-02T15:25:22Z" user="logus2" uid="21611817" lat="21.0287911" lon="105.8421882"/>
 <node id="12089170209" visible="true" version="1" changeset="154741624" timestamp="2024-08-02T15:25:22Z" user="logus2" uid="21611817" lat="21.0288083" lon="105.8421130"/>
 <node id="12089170210" visible="true" version="1" changeset="154741624" timestamp="2024-08-02T15:25:22Z" user="logus2" uid="21611817" lat="21.0290605" lon="105.8424580"/>
 <node id="12089170211" visible="true" version="1" changeset="154741624" timestamp="2024-08-02T15:25:22Z" user="logus2" uid="21611817" lat="21.0287721" lon="105.8420627"/>
 <node id="12089170212" visible="true" version="1" changeset="154741624" timestamp="2024-08-02T15:25:22Z" user="logus2" uid="21611817" lat="21.0288888" lon="105.8416473"/>
 <node id="12089170213" visible="true" version="1" changeset="154741624" timestamp="2024-08-02T15:25:22Z" user="logus2" uid="21611817" lat="21.0288995" lon="105.8416258"/>
 <node id="12089170214" visible="true" version="1" changeset="154741624" timestamp="2024-08-02T15:25:22Z" user="logus2" uid="21611817" lat="21.0289156" lon="105.8416157"/>
 <node id="12089170215" visible="true" version="1" changeset="154741624" timestamp="2024-08-02T15:25:22Z" user="logus2" uid="21611817" lat="21.0289519" lon="105.8416128"/>
 <node id="12089170216" visible="true" version="1" changeset="154741624" timestamp="2024-08-02T15:25:22Z" user="logus2" uid="21611817" lat="21.0294201" lon="105.8416243"/>
 <node id="12089170217" visible="true" version="1" changeset="154741624" timestamp="2024-08-02T15:25:22Z" user="logus2" uid="21611817" lat="21.0294174" lon="105.8417436"/>
 <node id="12089170218" visible="true" version="1" changeset="154741624" timestamp="2024-08-02T15:25:22Z" user="logus2" uid="21611817" lat="21.0290619" lon="105.8420670"/>
 <node id="12089170219" visible="true" version="1" changeset="154741624" timestamp="2024-08-02T15:25:22Z" user="logus2" uid="21611817" lat="21.0292926" lon="105.8423416"/>
 <node id="12089170220" visible="true" version="1" changeset="154741624" timestamp="2024-08-02T15:25:22Z" user="logus2" uid="21611817" lat="21.0291048" lon="105.8425169"/>
 <node id="12089170221" visible="true" version="1" changeset="154741624" timestamp="2024-08-02T15:25:22Z" user="logus2" uid="21611817" lat="21.0290799" lon="105.8424838"/>
 <node id="12089170222" visible="true" version="1" changeset="154741624" timestamp="2024-08-02T15:25:22Z" user="logus2" uid="21611817" lat="21.0290016" lon="105.8425625"/>
 <node id="12089170230" visible="true" version="1" changeset="154741624" timestamp="2024-08-02T15:25:22Z" user="logus2" uid="21611817" lat="21.0286295" lon="105.8428812"/>
 <node id="12089170231" visible="true" version="1" changeset="154741624" timestamp="2024-08-02T15:25:22Z" user="logus2" uid="21611817" lat="21.0287879" lon="105.8420847"/>
 <node id="12089170232" visible="true" version="1" changeset="154741624" timestamp="2024-08-02T15:25:22Z" user="logus2" uid="21611817" lat="21.0285635" lon="105.8427957"/>
 <node id="12089170233" visible="true" version="1" changeset="154741624" timestamp="2024-08-02T15:25:22Z" user="logus2" uid="21611817" lat="21.0285623" lon="105.8428171"/>
 <node id="12089170234" visible="true" version="1" changeset="154741624" timestamp="2024-08-02T15:25:22Z" user="logus2" uid="21611817" lat="21.0285760" lon="105.8428451"/>
 <node id="12089170235" visible="true" version="1" changeset="154741624" timestamp="2024-08-02T15:25:22Z" user="logus2" uid="21611817" lat="21.0286234" lon="105.8428906"/>
 <node id="12089170236" visible="true" version="1" changeset="154741624" timestamp="2024-08-02T15:25:22Z" user="logus2" uid="21611817" lat="21.0286384" lon="105.8428973"/>
 <node id="12089170237" visible="true" version="1" changeset="154741624" timestamp="2024-08-02T15:25:22Z" user="logus2" uid="21611817" lat="21.0286621" lon="105.8428933"/>
 <node id="12089170238" visible="true" version="1" changeset="154741624" timestamp="2024-08-02T15:25:22Z" user="logus2" uid="21611817" lat="21.0290203" lon="105.8425912"/>
 <node id="12089170239" visible="true" version="1" changeset="154741624" timestamp="2024-08-02T15:25:22Z" user="logus2" uid="21611817" lat="21.0285930" lon="105.8428505"/>
 <node id="12089176475" visible="true" version="1" changeset="154741099" timestamp="2024-08-02T15:13:40Z" user="logus2" uid="21611817" lat="21.0291007" lon="105.8426191"/>
 <node id="12089176476" visible="true" version="1" changeset="154741099" timestamp="2024-08-02T15:13:40Z" user="logus2" uid="21611817" lat="21.0295465" lon="105.8422266"/>
 <node id="12089176477" visible="true" version="1" changeset="154741099" timestamp="2024-08-02T15:13:40Z" user="logus2" uid="21611817" lat="21.0294893" lon="105.8423117"/>
 <node id="12091473442" visible="true" version="1" changeset="154799389" timestamp="2024-08-04T07:49:55Z" user="logus2" uid="21611817" lat="21.0291771" lon="105.8402891"/>
 <node id="12091473443" visible="true" version="1" changeset="154799389" timestamp="2024-08-04T07:49:55Z" user="logus2" uid="21611817" lat="21.0291743" lon="105.8402641"/>
 <node id="12091473444" visible="true" version="1" changeset="154799389" timestamp="2024-08-04T07:49:55Z" user="logus2" uid="21611817" lat="21.0291647" lon="105.8402435"/>
 <node id="12091473445" visible="true" version="1" changeset="154799389" timestamp="2024-08-04T07:49:55Z" user="logus2" uid="21611817" lat="21.0291249" lon="105.8402126"/>
 <node id="12091473446" visible="true" version="1" changeset="154799389" timestamp="2024-08-04T07:49:55Z" user="logus2" uid="21611817" lat="21.0290370" lon="105.8401978"/>
 <node id="12091473447" visible="true" version="1" changeset="154799389" timestamp="2024-08-04T07:49:55Z" user="logus2" uid="21611817" lat="21.0286716" lon="105.8401905"/>
 <node id="12091473448" visible="true" version="1" changeset="154799389" timestamp="2024-08-04T07:49:55Z" user="logus2" uid="21611817" lat="21.0284875" lon="105.8401846"/>
 <node id="12091473449" visible="true" version="1" changeset="154799389" timestamp="2024-08-04T07:49:55Z" user="logus2" uid="21611817" lat="21.0283460" lon="105.8401758"/>
 <node id="12091473450" visible="true" version="1" changeset="154799389" timestamp="2024-08-04T07:49:55Z" user="logus2" uid="21611817" lat="21.0282512" lon="105.8401493"/>
 <node id="12091473451" visible="true" version="1" changeset="154799389" timestamp="2024-08-04T07:49:55Z" user="logus2" uid="21611817" lat="21.0279985" lon="105.8400624"/>
 <node id="12091473452" visible="true" version="1" changeset="154799389" timestamp="2024-08-04T07:49:55Z" user="logus2" uid="21611817" lat="21.0279806" lon="105.8400654"/>
 <node id="12091473453" visible="true" version="1" changeset="154799389" timestamp="2024-08-04T07:49:55Z" user="logus2" uid="21611817" lat="21.0279587" lon="105.8400875"/>
 <node id="12091473454" visible="true" version="1" changeset="154799389" timestamp="2024-08-04T07:49:55Z" user="logus2" uid="21611817" lat="21.0278268" lon="105.8405775"/>
 <node id="12091473455" visible="true" version="1" changeset="154799389" timestamp="2024-08-04T07:49:55Z" user="logus2" uid="21611817" lat="21.0278144" lon="105.8406673"/>
 <node id="12091473456" visible="true" version="1" changeset="154799389" timestamp="2024-08-04T07:49:55Z" user="logus2" uid="21611817" lat="21.0287642" lon="105.8415247"/>
 <node id="12091473457" visible="true" version="1" changeset="154799389" timestamp="2024-08-04T07:49:55Z" user="logus2" uid="21611817" lat="21.0287930" lon="105.8415205"/>
 <node id="12091473458" visible="true" version="1" changeset="154799389" timestamp="2024-08-04T07:49:55Z" user="logus2" uid="21611817" lat="21.0288122" lon="105.8415082"/>
 <node id="12091473459" visible="true" version="1" changeset="154799389" timestamp="2024-08-04T07:49:55Z" user="logus2" uid="21611817" lat="21.0288352" lon="105.8414753"/>
 <node id="12091473460" visible="true" version="1" changeset="154799389" timestamp="2024-08-04T07:49:55Z" user="logus2" uid="21611817" lat="21.0283192" lon="105.8407438"/>
 <node id="12091473461" visible="true" version="1" changeset="154799389" timestamp="2024-08-04T07:49:55Z" user="logus2" uid="21611817" lat="21.0281985" lon="105.8407213"/>
 <node id="12091473462" visible="true" version="1" changeset="154799389" timestamp="2024-08-04T07:49:55Z" user="logus2" uid="21611817" lat="21.0281764" lon="105.8407962"/>
 <node id="12091473463" visible="true" version="1" changeset="154799389" timestamp="2024-08-04T07:49:55Z" user="logus2" uid="21611817" lat="21.0280241" lon="105.8407664"/>
 <node id="12091473464" visible="true" version="1" changeset="154799389" timestamp="2024-08-04T07:49:55Z" user="logus2" uid="21611817" lat="21.0280079" lon="105.8408023"/>
 <node id="12091473465" visible="true" version="1" changeset="154799389" timestamp="2024-08-04T07:49:55Z" user="logus2" uid="21611817" lat="21.0281851" lon="105.8406556"/>
 <node id="12091473466" visible="true" version="1" changeset="154799389" timestamp="2024-08-04T07:49:55Z" user="logus2" uid="21611817" lat="21.0280433" lon="105.8406156"/>
 <node id="12091473467" visible="true" version="1" changeset="154799389" timestamp="2024-08-04T07:49:55Z" user="logus2" uid="21611817" lat="21.0280893" lon="105.8404975"/>
 <node id="12091473468" visible="true" version="1" changeset="154799389" timestamp="2024-08-04T07:49:55Z" user="logus2" uid="21611817" lat="21.0281171" lon="105.8405129"/>
 <node id="12091479569" visible="true" version="1" changeset="154799389" timestamp="2024-08-04T07:49:55Z" user="logus2" uid="21611817" lat="21.0281496" lon="105.8404380"/>
 <node id="12091479570" visible="true" version="1" changeset="154799389" timestamp="2024-08-04T07:49:55Z" user="logus2" uid="21611817" lat="21.0291033" lon="105.8407417"/>
 <node id="12091479571" visible="true" version="1" changeset="154799389" timestamp="2024-08-04T07:49:55Z" user="logus2" uid="21611817" lat="21.0287850" lon="105.8406675"/>
 <node id="12208357855" visible="true" version="1" changeset="157235414" timestamp="2024-09-29T04:09:28Z" user="vietnam321" uid="11196308" lat="21.0272144" lon="105.8401205"/>
 <node id="12208357857" visible="true" version="1" changeset="157235414" timestamp="2024-09-29T04:09:28Z" user="vietnam321" uid="11196308" lat="21.0243412" lon="105.8398298"/>
 <node id="12582093576" visible="true" version="1" changeset="162428435" timestamp="2025-02-12T12:35:21Z" user="Wamia Zaman" uid="22445635" lat="21.0268682" lon="105.8422393"/>
 <node id="12582093577" visible="true" version="1" changeset="162428435" timestamp="2025-02-12T12:35:21Z" user="Wamia Zaman" uid="22445635" lat="21.0268732" lon="105.8423278"/>
 <node id="12582093578" visible="true" version="1" changeset="162428435" timestamp="2025-02-12T12:35:21Z" user="Wamia Zaman" uid="22445635" lat="21.0267869" lon="105.8423336"/>
 <node id="12582093579" visible="true" version="1" changeset="162428435" timestamp="2025-02-12T12:35:21Z" user="Wamia Zaman" uid="22445635" lat="21.0267818" lon="105.8422473"/>
 <node id="12582093580" visible="true" version="1" changeset="162428435" timestamp="2025-02-12T12:35:21Z" user="Wamia Zaman" uid="22445635" lat="21.0269834" lon="105.8411114"/>
 <node id="12582093581" visible="true" version="1" changeset="162428435" timestamp="2025-02-12T12:35:21Z" user="Wamia Zaman" uid="22445635" lat="21.0269809" lon="105.8411731"/>
 <node id="12582093582" visible="true" version="1" changeset="162428435" timestamp="2025-02-12T12:35:21Z" user="Wamia Zaman" uid="22445635" lat="21.0269308" lon="105.8411718"/>
 <node id="12582093583" visible="true" version="1" changeset="162428435" timestamp="2025-02-12T12:35:21Z" user="Wamia Zaman" uid="22445635" lat="21.0269334" lon="105.8411090"/>
 <node id="12582093584" visible="true" version="1" changeset="162428435" timestamp="2025-02-12T12:35:21Z" user="Wamia Zaman" uid="22445635" lat="21.0270817" lon="105.8410448"/>
 <node id="12582093585" visible="true" version="1" changeset="162428435" timestamp="2025-02-12T12:35:21Z" user="Wamia Zaman" uid="22445635" lat="21.0271411" lon="105.8410672"/>
 <node id="12582093586" visible="true" version="1" changeset="162428435" timestamp="2025-02-12T12:35:21Z" user="Wamia Zaman" uid="22445635" lat="21.0271373" lon="105.8411436"/>
 <node id="12582093587" visible="true" version="1" changeset="162428435" timestamp="2025-02-12T12:35:21Z" user="Wamia Zaman" uid="22445635" lat="21.0270873" lon="105.8411463"/>
 <node id="12582093588" visible="true" version="1" changeset="162428435" timestamp="2025-02-12T12:35:21Z" user="Wamia Zaman" uid="22445635" lat="21.0270933" lon="105.8410632"/>
 <node id="12582093589" visible="true" version="1" changeset="162428435" timestamp="2025-02-12T12:35:21Z" user="Wamia Zaman" uid="22445635" lat="21.0270318" lon="105.8421084"/>
 <node id="12582093590" visible="true" version="1" changeset="162428435" timestamp="2025-02-12T12:35:21Z" user="Wamia Zaman" uid="22445635" lat="21.0269951" lon="105.8421056"/>
 <node id="12582093591" visible="true" version="1" changeset="162428435" timestamp="2025-02-12T12:35:21Z" user="Wamia Zaman" uid="22445635" lat="21.0269909" lon="105.8421700"/>
 <node id="12582093592" visible="true" version="1" changeset="162428435" timestamp="2025-02-12T12:35:21Z" user="Wamia Zaman" uid="22445635" lat="21.0270290" lon="105.8421713"/>
 <node id="12582093593" visible="true" version="1" changeset="162428435" timestamp="2025-02-12T12:35:21Z" user="Wamia Zaman" uid="22445635" lat="21.0272808" lon="105.8419729"/>
 <node id="12582093594" visible="true" version="1" changeset="162428435" timestamp="2025-02-12T12:35:21Z" user="Wamia Zaman" uid="22445635" lat="21.0272811" lon="105.8420151"/>
 <node id="12582093595" visible="true" version="1" changeset="162428435" timestamp="2025-02-12T12:35:21Z" user="Wamia Zaman" uid="22445635" lat="21.0272386" lon="105.8420155"/>
 <node id="12582093596" visible="true" version="1" changeset="162428435" timestamp="2025-02-12T12:35:21Z" user="Wamia Zaman" uid="22445635" lat="21.0272383" lon="105.8419733"/>
 <node id="12582096401" visible="true" version="1" changeset="162428435" timestamp="2025-02-12T12:35:21Z" user="Wamia Zaman" uid="22445635" lat="21.0266449" lon="105.8432362"/>
 <node id="12582096402" visible="true" version="1" changeset="162428435" timestamp="2025-02-12T12:35:21Z" user="Wamia Zaman" uid="22445635" lat="21.0265477" lon="105.8432395"/>
 <node id="12582096403" visible="true" version="1" changeset="162428435" timestamp="2025-02-12T12:35:21Z" user="Wamia Zaman" uid="22445635" lat="21.0265490" lon="105.8432842"/>
 <node id="12582096404" visible="true" version="1" changeset="162428435" timestamp="2025-02-12T12:35:21Z" user="Wamia Zaman" uid="22445635" lat="21.0266463" lon="105.8432809"/>
 <node id="12582096405" visible="true" version="1" changeset="162428435" timestamp="2025-02-12T12:35:21Z" user="Wamia Zaman" uid="22445635" lat="21.0269020" lon="105.8418685"/>
 <node id="12582096406" visible="true" version="1" changeset="162428435" timestamp="2025-02-12T12:35:21Z" user="Wamia Zaman" uid="22445635" lat="21.0268344" lon="105.8418537"/>
 <node id="12582096407" visible="true" version="1" changeset="162428435" timestamp="2025-02-12T12:35:21Z" user="Wamia Zaman" uid="22445635" lat="21.0268468" lon="105.8419194"/>
 <node id="12582096408" visible="true" version="1" changeset="162428435" timestamp="2025-02-12T12:35:21Z" user="Wamia Zaman" uid="22445635" lat="21.0269090" lon="105.8419059"/>
 <node id="12582096409" visible="true" version="1" changeset="162428435" timestamp="2025-02-12T12:35:21Z" user="Wamia Zaman" uid="22445635" lat="21.0269258" lon="105.8416076"/>
 <node id="12582096410" visible="true" version="1" changeset="162428435" timestamp="2025-02-12T12:35:21Z" user="Wamia Zaman" uid="22445635" lat="21.0269240" lon="105.8418373"/>
 <node id="12582096411" visible="true" version="1" changeset="162428435" timestamp="2025-02-12T12:35:21Z" user="Wamia Zaman" uid="22445635" lat="21.0268442" lon="105.8418365"/>
 <node id="12582096412" visible="true" version="1" changeset="162428435" timestamp="2025-02-12T12:35:21Z" user="Wamia Zaman" uid="22445635" lat="21.0268460" lon="105.8416069"/>
 <node id="12582096413" visible="true" version="1" changeset="162428435" timestamp="2025-02-12T12:35:21Z" user="Wamia Zaman" uid="22445635" lat="21.0272411" lon="105.8420511"/>
 <node id="12582096414" visible="true" version="1" changeset="162428435" timestamp="2025-02-12T12:35:21Z" user="Wamia Zaman" uid="22445635" lat="21.0272382" lon="105.8420917"/>
 <node id="12582096415" visible="true" version="1" changeset="162428435" timestamp="2025-02-12T12:35:21Z" user="Wamia Zaman" uid="22445635" lat="21.0271690" lon="105.8420860"/>
 <node id="12582096416" visible="true" version="1" changeset="162428435" timestamp="2025-02-12T12:35:21Z" user="Wamia Zaman" uid="22445635" lat="21.0271719" lon="105.8420455"/>
 <node id="12606075340" visible="true" version="1" changeset="162763804" timestamp="2025-02-21T04:03:26Z" user="amoacristoelsalvador" uid="21655465" lat="21.0268926" lon="105.8426406"/>
 <node id="12606075341" visible="true" version="1" changeset="162763804" timestamp="2025-02-21T04:03:26Z" user="amoacristoelsalvador" uid="21655465" lat="21.0268933" lon="105.8426893"/>
 <node id="12606075342" visible="true" version="1" changeset="162763804" timestamp="2025-02-21T04:03:26Z" user="amoacristoelsalvador" uid="21655465" lat="21.0265395" lon="105.8427088"/>
 <node id="12606075343" visible="true" version="1" changeset="162763804" timestamp="2025-02-21T04:03:26Z" user="amoacristoelsalvador" uid="21655465" lat="21.0265409" lon="105.8426675"/>
 <node id="12606075344" visible="true" version="1" changeset="162763804" timestamp="2025-02-21T04:03:26Z" user="amoacristoelsalvador" uid="21655465" lat="21.0266191" lon="105.8426488"/>
 <node id="12606075345" visible="true" version="1" changeset="162763804" timestamp="2025-02-21T04:03:26Z" user="amoacristoelsalvador" uid="21655465" lat="21.0267440" lon="105.8421408"/>
 <node id="12606075346" visible="true" version="1" changeset="162763804" timestamp="2025-02-21T04:03:26Z" user="amoacristoelsalvador" uid="21655465" lat="21.0266564" lon="105.8421349"/>
 <node id="12606075347" visible="true" version="1" changeset="162763804" timestamp="2025-02-21T04:03:26Z" user="amoacristoelsalvador" uid="21655465" lat="21.0266368" lon="105.8421428"/>
 <node id="12606075348" visible="true" version="1" changeset="162763804" timestamp="2025-02-21T04:03:26Z" user="amoacristoelsalvador" uid="21655465" lat="21.0265857" lon="105.8421469"/>
 <node id="12606075349" visible="true" version="1" changeset="162763804" timestamp="2025-02-21T04:03:26Z" user="amoacristoelsalvador" uid="21655465" lat="21.0265221" lon="105.8421716"/>
 <node id="12606075350" visible="true" version="1" changeset="162763804" timestamp="2025-02-21T04:03:26Z" user="amoacristoelsalvador" uid="21655465" lat="21.0265242" lon="105.8422933"/>
 <node id="12606075351" visible="true" version="1" changeset="162763804" timestamp="2025-02-21T04:03:26Z" user="amoacristoelsalvador" uid="21655465" lat="21.0267436" lon="105.8422638"/>
 <node id="12606075352" visible="true" version="1" changeset="162763804" timestamp="2025-02-21T04:03:26Z" user="amoacristoelsalvador" uid="21655465" lat="21.0267311" lon="105.8419676"/>
 <node id="12606075353" visible="true" version="1" changeset="162763804" timestamp="2025-02-21T04:03:26Z" user="amoacristoelsalvador" uid="21655465" lat="21.0267854" lon="105.8419493"/>
 <node id="12606075354" visible="true" version="1" changeset="162763804" timestamp="2025-02-21T04:03:26Z" user="amoacristoelsalvador" uid="21655465" lat="21.0268342" lon="105.8419493"/>
 <node id="12606075355" visible="true" version="1" changeset="162763804" timestamp="2025-02-21T04:03:26Z" user="amoacristoelsalvador" uid="21655465" lat="21.0268407" lon="105.8420480"/>
 <node id="12606075356" visible="true" version="1" changeset="162763804" timestamp="2025-02-21T04:03:26Z" user="amoacristoelsalvador" uid="21655465" lat="21.0267537" lon="105.8420596"/>
 <node id="12606075357" visible="true" version="1" changeset="162763804" timestamp="2025-02-21T04:03:26Z" user="amoacristoelsalvador" uid="21655465" lat="21.0267491" lon="105.8420197"/>
 <node id="12606075358" visible="true" version="1" changeset="162763804" timestamp="2025-02-21T04:03:26Z" user="amoacristoelsalvador" uid="21655465" lat="21.0267282" lon="105.8420040"/>
 <node id="12606075359" visible="true" version="1" changeset="162763804" timestamp="2025-02-21T04:03:26Z" user="amoacristoelsalvador" uid="21655465" lat="21.0265540" lon="105.8420358"/>
 <node id="12606075360" visible="true" version="1" changeset="162763804" timestamp="2025-02-21T04:03:26Z" user="amoacristoelsalvador" uid="21655465" lat="21.0266958" lon="105.8420366"/>
 <node id="12606075361" visible="true" version="1" changeset="162763804" timestamp="2025-02-21T04:03:26Z" user="amoacristoelsalvador" uid="21655465" lat="21.0267063" lon="105.8421118"/>
 <node id="12606075362" visible="true" version="1" changeset="162763804" timestamp="2025-02-21T04:03:26Z" user="amoacristoelsalvador" uid="21655465" lat="21.0265557" lon="105.8421240"/>
 <node id="12606075367" visible="true" version="1" changeset="162763804" timestamp="2025-02-21T04:03:26Z" user="amoacristoelsalvador" uid="21655465" lat="21.0266233" lon="105.8416242"/>
 <node id="12606075368" visible="true" version="1" changeset="162763804" timestamp="2025-02-21T04:03:26Z" user="amoacristoelsalvador" uid="21655465" lat="21.0265878" lon="105.8418152"/>
 <node id="12606075369" visible="true" version="1" changeset="162763804" timestamp="2025-02-21T04:03:26Z" user="amoacristoelsalvador" uid="21655465" lat="21.0266134" lon="105.8418086"/>
 <node id="12606075370" visible="true" version="1" changeset="162763804" timestamp="2025-02-21T04:03:26Z" user="amoacristoelsalvador" uid="21655465" lat="21.0267092" lon="105.8418192"/>
 <node id="12606075371" visible="true" version="1" changeset="162763804" timestamp="2025-02-21T04:03:26Z" user="amoacristoelsalvador" uid="21655465" lat="21.0267082" lon="105.8418692"/>
 <node id="12606075372" visible="true" version="1" changeset="162763804" timestamp="2025-02-21T04:03:26Z" user="amoacristoelsalvador" uid="21655465" lat="21.0266852" lon="105.8418878"/>
 <node id="12606075373" visible="true" version="1" changeset="162763804" timestamp="2025-02-21T04:03:26Z" user="amoacristoelsalvador" uid="21655465" lat="21.0266865" lon="105.8419251"/>
 <node id="12606075374" visible="true" version="1" changeset="162763804" timestamp="2025-02-21T04:03:26Z" user="amoacristoelsalvador" uid="21655465" lat="21.0266365" lon="105.8419509"/>
 <node id="12606075375" visible="true" version="1" changeset="162763804" timestamp="2025-02-21T04:03:26Z" user="amoacristoelsalvador" uid="21655465" lat="21.0265995" lon="105.8419599"/>
 <node id="12606075376" visible="true" version="1" changeset="162763804" timestamp="2025-02-21T04:03:26Z" user="amoacristoelsalvador" uid="21655465" lat="21.0265232" lon="105.8419479"/>
 <node id="12606075377" visible="true" version="1" changeset="162763804" timestamp="2025-02-21T04:03:26Z" user="amoacristoelsalvador" uid="21655465" lat="21.0265223" lon="105.8418428"/>
 <node id="12606075378" visible="true" version="1" changeset="162763804" timestamp="2025-02-21T04:03:26Z" user="amoacristoelsalvador" uid="21655465" lat="21.0267221" lon="105.8418448"/>
 <node id="12606075379" visible="true" version="1" changeset="162763804" timestamp="2025-02-21T04:03:26Z" user="amoacristoelsalvador" uid="21655465" lat="21.0267102" lon="105.8419287"/>
 <node id="12606075380" visible="true" version="1" changeset="162763804" timestamp="2025-02-21T04:03:26Z" user="amoacristoelsalvador" uid="21655465" lat="21.0267532" lon="105.8419257"/>
 <node id="12606075381" visible="true" version="1" changeset="162763804" timestamp="2025-02-21T04:03:26Z" user="amoacristoelsalvador" uid="21655465" lat="21.0267514" lon="105.8419465"/>
 <node id="12606075382" visible="true" version="1" changeset="162763804" timestamp="2025-02-21T04:03:26Z" user="amoacristoelsalvador" uid="21655465" lat="21.0268275" lon="105.8419321"/>
 <node id="12606075383" visible="true" version="1" changeset="162763804" timestamp="2025-02-21T04:03:26Z" user="amoacristoelsalvador" uid="21655465" lat="21.0268200" lon="105.8418484"/>
 <node id="12606075384" visible="true" version="1" changeset="162763804" timestamp="2025-02-21T04:03:26Z" user="amoacristoelsalvador" uid="21655465" lat="21.0269459" lon="105.8418735"/>
 <node id="12606075385" visible="true" version="1" changeset="162763804" timestamp="2025-02-21T04:03:26Z" user="amoacristoelsalvador" uid="21655465" lat="21.0269415" lon="105.8419357"/>
 <node id="12606075386" visible="true" version="1" changeset="162763804" timestamp="2025-02-21T04:03:26Z" user="amoacristoelsalvador" uid="21655465" lat="21.0269584" lon="105.8419363"/>
 <node id="12606075387" visible="true" version="1" changeset="162763804" timestamp="2025-02-21T04:03:26Z" user="amoacristoelsalvador" uid="21655465" lat="21.0269574" lon="105.8419716"/>
 <node id="12606075388" visible="true" version="1" changeset="162763804" timestamp="2025-02-21T04:03:26Z" user="amoacristoelsalvador" uid="21655465" lat="21.0269886" lon="105.8419727"/>
 <node id="12606075389" visible="true" version="1" changeset="162763804" timestamp="2025-02-21T04:03:26Z" user="amoacristoelsalvador" uid="21655465" lat="21.0269877" lon="105.8420018"/>
 <node id="12606075390" visible="true" version="1" changeset="162763804" timestamp="2025-02-21T04:03:26Z" user="amoacristoelsalvador" uid="21655465" lat="21.0270349" lon="105.8420008"/>
 <node id="12606075391" visible="true" version="1" changeset="162763804" timestamp="2025-02-21T04:03:26Z" user="amoacristoelsalvador" uid="21655465" lat="21.0270361" lon="105.8418733"/>
 <node id="12606075392" visible="true" version="1" changeset="162763804" timestamp="2025-02-21T04:03:26Z" user="amoacristoelsalvador" uid="21655465" lat="21.0270965" lon="105.8419486"/>
 <node id="12606075393" visible="true" version="1" changeset="162763804" timestamp="2025-02-21T04:03:26Z" user="amoacristoelsalvador" uid="21655465" lat="21.0271584" lon="105.8419495"/>
 <node id="12606075394" visible="true" version="1" changeset="162763804" timestamp="2025-02-21T04:03:26Z" user="amoacristoelsalvador" uid="21655465" lat="21.0271569" lon="105.8420108"/>
 <node id="12606075395" visible="true" version="1" changeset="162763804" timestamp="2025-02-21T04:03:26Z" user="amoacristoelsalvador" uid="21655465" lat="21.0271145" lon="105.8420294"/>
 <node id="12606075396" visible="true" version="1" changeset="162763804" timestamp="2025-02-21T04:03:26Z" user="amoacristoelsalvador" uid="21655465" lat="21.0270553" lon="105.8420268"/>
 <node id="12606075397" visible="true" version="1" changeset="162763804" timestamp="2025-02-21T04:03:26Z" user="amoacristoelsalvador" uid="21655465" lat="21.0270553" lon="105.8419962"/>
 <node id="12606075398" visible="true" version="1" changeset="162763804" timestamp="2025-02-21T04:03:26Z" user="amoacristoelsalvador" uid="21655465" lat="21.0270424" lon="105.8419692"/>
 <node id="12606075399" visible="true" version="1" changeset="162763804" timestamp="2025-02-21T04:03:26Z" user="amoacristoelsalvador" uid="21655465" lat="21.0272575" lon="105.8421226"/>
 <node id="12606075400" visible="true" version="1" changeset="162763804" timestamp="2025-02-21T04:03:26Z" user="amoacristoelsalvador" uid="21655465" lat="21.0271394" lon="105.8421183"/>
 <node id="12606090901" visible="true" version="1" changeset="162763804" timestamp="2025-02-21T04:03:26Z" user="amoacristoelsalvador" uid="21655465" lat="21.0271368" lon="105.8421650"/>
 <node id="12606090902" visible="true" version="1" changeset="162763804" timestamp="2025-02-21T04:03:26Z" user="amoacristoelsalvador" uid="21655465" lat="21.0272569" lon="105.8421658"/>
 <node id="12606090903" visible="true" version="1" changeset="162763804" timestamp="2025-02-21T04:03:26Z" user="amoacristoelsalvador" uid="21655465" lat="21.0267373" lon="105.8423065"/>
 <node id="12606090904" visible="true" version="1" changeset="162763804" timestamp="2025-02-21T04:03:26Z" user="amoacristoelsalvador" uid="21655465" lat="21.0266758" lon="105.8423025"/>
 <node id="12606090905" visible="true" version="1" changeset="162763804" timestamp="2025-02-21T04:03:26Z" user="amoacristoelsalvador" uid="21655465" lat="21.0266422" lon="105.8423139"/>
 <node id="12606090906" visible="true" version="1" changeset="162763804" timestamp="2025-02-21T04:03:26Z" user="amoacristoelsalvador" uid="21655465" lat="21.0266130" lon="105.8423140"/>
 <node id="12606090907" visible="true" version="1" changeset="162763804" timestamp="2025-02-21T04:03:26Z" user="amoacristoelsalvador" uid="21655465" lat="21.0265784" lon="105.8423285"/>
 <node id="12606090908" visible="true" version="1" changeset="162763804" timestamp="2025-02-21T04:03:26Z" user="amoacristoelsalvador" uid="21655465" lat="21.0265549" lon="105.8423254"/>
 <node id="12606090909" visible="true" version="1" changeset="162763804" timestamp="2025-02-21T04:03:26Z" user="amoacristoelsalvador" uid="21655465" lat="21.0265233" lon="105.8423485"/>
 <node id="12606090910" visible="true" version="1" changeset="162763804" timestamp="2025-02-21T04:03:26Z" user="amoacristoelsalvador" uid="21655465" lat="21.0265289" lon="105.8424610"/>
 <node id="12606090911" visible="true" version="1" changeset="162763804" timestamp="2025-02-21T04:03:26Z" user="amoacristoelsalvador" uid="21655465" lat="21.0266952" lon="105.8424542"/>
 <node id="12606090912" visible="true" version="1" changeset="162763804" timestamp="2025-02-21T04:03:26Z" user="amoacristoelsalvador" uid="21655465" lat="21.0267030" lon="105.8423870"/>
 <node id="12606090913" visible="true" version="1" changeset="162763804" timestamp="2025-02-21T04:03:26Z" user="amoacristoelsalvador" uid="21655465" lat="21.0267406" lon="105.8423657"/>
 <node id="12606090914" visible="true" version="1" changeset="162763804" timestamp="2025-02-21T04:03:26Z" user="amoacristoelsalvador" uid="21655465" lat="21.0265680" lon="105.8425360"/>
 <node id="12606090915" visible="true" version="1" changeset="162763804" timestamp="2025-02-21T04:03:26Z" user="amoacristoelsalvador" uid="21655465" lat="21.0265907" lon="105.8425267"/>
 <node id="12606090916" visible="true" version="1" changeset="162763804" timestamp="2025-02-21T04:03:26Z" user="amoacristoelsalvador" uid="21655465" lat="21.0267446" lon="105.8425230"/>
 <node id="12606090917" visible="true" version="1" changeset="162763804" timestamp="2025-02-21T04:03:26Z" user="amoacristoelsalvador" uid="21655465" lat="21.0268047" lon="105.8425272"/>
 <node id="12606090918" visible="true" version="1" changeset="162763804" timestamp="2025-02-21T04:03:26Z" user="amoacristoelsalvador" uid="21655465" lat="21.0267999" lon="105.8425869"/>
 <node id="12606090919" visible="true" version="1" changeset="162763804" timestamp="2025-02-21T04:03:26Z" user="amoacristoelsalvador" uid="21655465" lat="21.0267337" lon="105.8426213"/>
 <node id="12606090920" visible="true" version="1" changeset="162763804" timestamp="2025-02-21T04:03:26Z" user="amoacristoelsalvador" uid="21655465" lat="21.0266560" lon="105.8426246"/>
 <node id="12606090921" visible="true" version="1" changeset="162763804" timestamp="2025-02-21T04:03:26Z" user="amoacristoelsalvador" uid="21655465" lat="21.0266498" lon="105.8425986"/>
 <node id="12606090922" visible="true" version="1" changeset="162763804" timestamp="2025-02-21T04:03:26Z" user="amoacristoelsalvador" uid="21655465" lat="21.0265688" lon="105.8425994"/>
 <node id="12606090923" visible="true" version="1" changeset="162763804" timestamp="2025-02-21T04:03:26Z" user="amoacristoelsalvador" uid="21655465" lat="21.0267743" lon="105.8423907"/>
 <node id="12606090924" visible="true" version="1" changeset="162763804" timestamp="2025-02-21T04:03:26Z" user="amoacristoelsalvador" uid="21655465" lat="21.0269196" lon="105.8423776"/>
 <node id="12606090925" visible="true" version="1" changeset="162763804" timestamp="2025-02-21T04:03:26Z" user="amoacristoelsalvador" uid="21655465" lat="21.0269216" lon="105.8424353"/>
 <node id="12606090926" visible="true" version="1" changeset="162763804" timestamp="2025-02-21T04:03:26Z" user="amoacristoelsalvador" uid="21655465" lat="21.0268786" lon="105.8425053"/>
 <node id="12606090927" visible="true" version="1" changeset="162763804" timestamp="2025-02-21T04:03:26Z" user="amoacristoelsalvador" uid="21655465" lat="21.0268655" lon="105.8425732"/>
 <node id="12606090928" visible="true" version="1" changeset="162763804" timestamp="2025-02-21T04:03:26Z" user="amoacristoelsalvador" uid="21655465" lat="21.0268451" lon="105.8425950"/>
 <node id="12606090929" visible="true" version="1" changeset="162763804" timestamp="2025-02-21T04:03:26Z" user="amoacristoelsalvador" uid="21655465" lat="21.0268140" lon="105.8425840"/>
 <node id="12606090930" visible="true" version="1" changeset="162763804" timestamp="2025-02-21T04:03:26Z" user="amoacristoelsalvador" uid="21655465" lat="21.0268087" lon="105.8425253"/>
 <node id="12606090931" visible="true" version="1" changeset="162763804" timestamp="2025-02-21T04:03:26Z" user="amoacristoelsalvador" uid="21655465" lat="21.0267194" lon="105.8425003"/>
 <node id="12606090932" visible="true" version="1" changeset="162763804" timestamp="2025-02-21T04:03:26Z" user="amoacristoelsalvador" uid="21655465" lat="21.0267193" lon="105.8424123"/>
 <node id="12606090933" visible="true" version="1" changeset="162763804" timestamp="2025-02-21T04:03:26Z" user="amoacristoelsalvador" uid="21655465" lat="21.0269515" lon="105.8426122"/>
 <node id="12606090934" visible="true" version="1" changeset="162763804" timestamp="2025-02-21T04:03:26Z" user="amoacristoelsalvador" uid="21655465" lat="21.0269084" lon="105.8425988"/>
 <node id="12606090935" visible="true" version="1" changeset="162763804" timestamp="2025-02-21T04:03:26Z" user="amoacristoelsalvador" uid="21655465" lat="21.0268995" lon="105.8426403"/>
 <node id="12606090936" visible="true" version="1" changeset="162763804" timestamp="2025-02-21T04:03:26Z" user="amoacristoelsalvador" uid="21655465" lat="21.0269431" lon="105.8426502"/>
 <node id="12606090937" visible="true" version="1" changeset="162763804" timestamp="2025-02-21T04:03:26Z" user="amoacristoelsalvador" uid="21655465" lat="21.0271871" lon="105.8425086"/>
 <node id="12606090938" visible="true" version="1" changeset="162763804" timestamp="2025-02-21T04:03:26Z" user="amoacristoelsalvador" uid="21655465" lat="21.0271524" lon="105.8424979"/>
 <node id="12606090939" visible="true" version="1" changeset="162763804" timestamp="2025-02-21T04:03:26Z" user="amoacristoelsalvador" uid="21655465" lat="21.0271261" lon="105.8425059"/>
 <node id="12606090940" visible="true" version="1" changeset="162763804" timestamp="2025-02-21T04:03:26Z" user="amoacristoelsalvador" uid="21655465" lat="21.0271027" lon="105.8425537"/>
 <node id="12606090941" visible="true" version="1" changeset="162763804" timestamp="2025-02-21T04:03:26Z" user="amoacristoelsalvador" uid="21655465" lat="21.0271700" lon="105.8425721"/>
 <node id="12606090942" visible="true" version="1" changeset="162763804" timestamp="2025-02-21T04:03:26Z" user="amoacristoelsalvador" uid="21655465" lat="21.0270663" lon="105.8424202"/>
 <node id="12606090943" visible="true" version="1" changeset="162763804" timestamp="2025-02-21T04:03:26Z" user="amoacristoelsalvador" uid="21655465" lat="21.0271006" lon="105.8424266"/>
 <node id="12606090944" visible="true" version="1" changeset="162763804" timestamp="2025-02-21T04:03:26Z" user="amoacristoelsalvador" uid="21655465" lat="21.0271289" lon="105.8424403"/>
 <node id="12606090945" visible="true" version="1" changeset="162763804" timestamp="2025-02-21T04:03:26Z" user="amoacristoelsalvador" uid="21655465" lat="21.0271037" lon="105.8425196"/>
 <node id="12606090946" visible="true" version="1" changeset="162763804" timestamp="2025-02-21T04:03:26Z" user="amoacristoelsalvador" uid="21655465" lat="21.0270856" lon="105.8425345"/>
 <node id="12606090947" visible="true" version="1" changeset="162763804" timestamp="2025-02-21T04:03:26Z" user="amoacristoelsalvador" uid="21655465" lat="21.0270264" lon="105.8425438"/>
 <node id="12606090948" visible="true" version="1" changeset="162763804" timestamp="2025-02-21T04:03:26Z" user="amoacristoelsalvador" uid="21655465" lat="21.0269832" lon="105.8425281"/>
 <node id="12606090949" visible="true" version="1" changeset="162763804" timestamp="2025-02-21T04:03:26Z" user="amoacristoelsalvador" uid="21655465" lat="21.0269881" lon="105.8425105"/>
 <node id="12606090950" visible="true" version="1" changeset="162763804" timestamp="2025-02-21T04:03:26Z" user="amoacristoelsalvador" uid="21655465" lat="21.0269757" lon="105.8424932"/>
 <node id="12606090951" visible="true" version="1" changeset="162763804" timestamp="2025-02-21T04:03:26Z" user="amoacristoelsalvador" uid="21655465" lat="21.0269782" lon="105.8424710"/>
 <node id="12606090952" visible="true" version="1" changeset="162763804" timestamp="2025-02-21T04:03:26Z" user="amoacristoelsalvador" uid="21655465" lat="21.0269611" lon="105.8424636"/>
 <node id="12606090953" visible="true" version="1" changeset="162763804" timestamp="2025-02-21T04:03:26Z" user="amoacristoelsalvador" uid="21655465" lat="21.0269704" lon="105.8424219"/>
 <node id="12606090954" visible="true" version="1" changeset="162763804" timestamp="2025-02-21T04:03:26Z" user="amoacristoelsalvador" uid="21655465" lat="21.0270024" lon="105.8424308"/>
 <node id="12606090955" visible="true" version="1" changeset="162763804" timestamp="2025-02-21T04:03:26Z" user="amoacristoelsalvador" uid="21655465" lat="21.0270105" lon="105.8423835"/>
 <node id="12606090956" visible="true" version="1" changeset="162763804" timestamp="2025-02-21T04:03:26Z" user="amoacristoelsalvador" uid="21655465" lat="21.0270408" lon="105.8423955"/>
 <node id="12606090957" visible="true" version="1" changeset="162763804" timestamp="2025-02-21T04:03:26Z" user="amoacristoelsalvador" uid="21655465" lat="21.0270313" lon="105.8424209"/>
 <node id="12606090958" visible="true" version="1" changeset="162763804" timestamp="2025-02-21T04:03:26Z" user="amoacristoelsalvador" uid="21655465" lat="21.0265426" lon="105.8430052"/>
 <node id="12606090959" visible="true" version="1" changeset="162763804" timestamp="2025-02-21T04:03:26Z" user="amoacristoelsalvador" uid="21655465" lat="21.0266933" lon="105.8430016"/>
 <node id="12606090960" visible="true" version="1" changeset="162763804" timestamp="2025-02-21T04:03:26Z" user="amoacristoelsalvador" uid="21655465" lat="21.0266950" lon="105.8430471"/>
 <node id="12606090961" visible="true" version="1" changeset="162763804" timestamp="2025-02-21T04:03:26Z" user="amoacristoelsalvador" uid="21655465" lat="21.0265444" lon="105.8430548"/>
 <node id="12606090962" visible="true" version="1" changeset="162763804" timestamp="2025-02-21T04:03:26Z" user="amoacristoelsalvador" uid="21655465" lat="21.0265585" lon="105.8430820"/>
 <node id="12606090963" visible="true" version="1" changeset="162763804" timestamp="2025-02-21T04:03:26Z" user="amoacristoelsalvador" uid="21655465" lat="21.0267001" lon="105.8430797"/>
 <node id="12606090964" visible="true" version="1" changeset="162763804" timestamp="2025-02-21T04:03:26Z" user="amoacristoelsalvador" uid="21655465" lat="21.0267011" lon="105.8431400"/>
 <node id="12606090965" visible="true" version="1" changeset="162763804" timestamp="2025-02-21T04:03:26Z" user="amoacristoelsalvador" uid="21655465" lat="21.0265563" lon="105.8431376"/>
 <node id="12606908198" visible="true" version="1" changeset="162780503" timestamp="2025-02-21T13:24:47Z" user="Teodora Stoyanova" uid="22545183" lat="21.0276628" lon="105.8425384"/>
 <node id="12606908199" visible="true" version="1" changeset="162780503" timestamp="2025-02-21T13:24:47Z" user="Teodora Stoyanova" uid="22545183" lat="21.0276873" lon="105.8426338"/>
 <node id="12606908200" visible="true" version="1" changeset="162780503" timestamp="2025-02-21T13:24:47Z" user="Teodora Stoyanova" uid="22545183" lat="21.0275616" lon="105.8426794"/>
 <node id="12606949901" visible="true" version="1" changeset="162780503" timestamp="2025-02-21T13:24:47Z" user="Teodora Stoyanova" uid="22545183" lat="21.0275300" lon="105.8425753"/>
 <node id="12606949902" visible="true" version="1" changeset="162780503" timestamp="2025-02-21T13:24:47Z" user="Teodora Stoyanova" uid="22545183" lat="21.0277504" lon="105.8425168"/>
 <node id="12606949903" visible="true" version="1" changeset="162780503" timestamp="2025-02-21T13:24:47Z" user="Teodora Stoyanova" uid="22545183" lat="21.0277730" lon="105.8426123"/>
 <node id="12606949904" visible="true" version="1" changeset="162780503" timestamp="2025-02-21T13:24:47Z" user="Teodora Stoyanova" uid="22545183" lat="21.0277018" lon="105.8426338"/>
 <node id="12606949905" visible="true" version="1" changeset="162780503" timestamp="2025-02-21T13:24:47Z" user="Teodora Stoyanova" uid="22545183" lat="21.0276797" lon="105.8425324"/>
 <node id="12606949906" visible="true" version="2" changeset="169103731" timestamp="2025-07-18T11:16:06Z" user="daniellovesmappingstuff" uid="23081191" lat="21.0275108" lon="105.8427610"/>
 <node id="12606949907" visible="true" version="2" changeset="169103731" timestamp="2025-07-18T11:16:06Z" user="daniellovesmappingstuff" uid="23081191" lat="21.0275607" lon="105.8427556"/>
 <node id="12606949908" visible="true" version="2" changeset="169103731" timestamp="2025-07-18T11:16:06Z" user="daniellovesmappingstuff" uid="23081191" lat="21.0275472" lon="105.8426130"/>
 <node id="12606949909" visible="true" version="2" changeset="169103731" timestamp="2025-07-18T11:16:06Z" user="daniellovesmappingstuff" uid="23081191" lat="21.0274973" lon="105.8426185"/>
 <node id="12606949910" visible="true" version="1" changeset="162780503" timestamp="2025-02-21T13:24:47Z" user="Teodora Stoyanova" uid="22545183" lat="21.0277557" lon="105.8430290"/>
 <node id="12606949911" visible="true" version="1" changeset="162780503" timestamp="2025-02-21T13:24:47Z" user="Teodora Stoyanova" uid="22545183" lat="21.0277632" lon="105.8430734"/>
 <node id="12606949912" visible="true" version="1" changeset="162780503" timestamp="2025-02-21T13:24:47Z" user="Teodora Stoyanova" uid="22545183" lat="21.0276923" lon="105.8430892"/>
 <node id="12606949913" visible="true" version="1" changeset="162780503" timestamp="2025-02-21T13:24:47Z" user="Teodora Stoyanova" uid="22545183" lat="21.0276829" lon="105.8430418"/>
 <node id="12606949914" visible="true" version="1" changeset="162780503" timestamp="2025-02-21T13:24:47Z" user="Teodora Stoyanova" uid="22545183" lat="21.0276627" lon="105.8430486"/>
 <node id="12606949915" visible="true" version="1" changeset="162780503" timestamp="2025-02-21T13:24:47Z" user="Teodora Stoyanova" uid="22545183" lat="21.0276701" lon="105.8430960"/>
 <node id="12606949916" visible="true" version="1" changeset="162780503" timestamp="2025-02-21T13:24:47Z" user="Teodora Stoyanova" uid="22545183" lat="21.0275640" lon="105.8431195"/>
 <node id="12606949917" visible="true" version="1" changeset="162780503" timestamp="2025-02-21T13:24:47Z" user="Teodora Stoyanova" uid="22545183" lat="21.0275565" lon="105.8430683"/>
 <node id="12607106656" visible="true" version="1" changeset="162784285" timestamp="2025-02-21T14:56:08Z" user="LGil" uid="22545481" lat="21.0286950" lon="105.8418394"/>
 <node id="12607106657" visible="true" version="1" changeset="162784285" timestamp="2025-02-21T14:56:08Z" user="LGil" uid="22545481" lat="21.0286640" lon="105.8418271"/>
 <node id="12607106658" visible="true" version="1" changeset="162784285" timestamp="2025-02-21T14:56:08Z" user="LGil" uid="22545481" lat="21.0286499" lon="105.8418034"/>
 <node id="12607106659" visible="true" version="1" changeset="162784285" timestamp="2025-02-21T14:56:08Z" user="LGil" uid="22545481" lat="21.0285915" lon="105.8418432"/>
 <node id="12607106660" visible="true" version="1" changeset="162784285" timestamp="2025-02-21T14:56:08Z" user="LGil" uid="22545481" lat="21.0286278" lon="105.8418944"/>
 <node id="12607106661" visible="true" version="1" changeset="162784285" timestamp="2025-02-21T14:56:08Z" user="LGil" uid="22545481" lat="21.0286128" lon="105.8419228"/>
 <node id="12607106662" visible="true" version="1" changeset="162784285" timestamp="2025-02-21T14:56:08Z" user="LGil" uid="22545481" lat="21.0286587" lon="105.8419446"/>
 <node id="12607106663" visible="true" version="1" changeset="162784285" timestamp="2025-02-21T14:56:08Z" user="LGil" uid="22545481" lat="21.0286066" lon="105.8416424"/>
 <node id="12607106664" visible="true" version="1" changeset="162784285" timestamp="2025-02-21T14:56:08Z" user="LGil" uid="22545481" lat="21.0285305" lon="105.8416424"/>
 <node id="12607106665" visible="true" version="1" changeset="162784285" timestamp="2025-02-21T14:56:08Z" user="LGil" uid="22545481" lat="21.0285358" lon="105.8417106"/>
 <node id="12607106666" visible="true" version="1" changeset="162784285" timestamp="2025-02-21T14:56:08Z" user="LGil" uid="22545481" lat="21.0286048" lon="105.8417087"/>
 <node id="12607106667" visible="true" version="1" changeset="162784285" timestamp="2025-02-21T14:56:08Z" user="LGil" uid="22545481" lat="21.0286402" lon="105.8421066"/>
 <node id="12607106668" visible="true" version="1" changeset="162784285" timestamp="2025-02-21T14:56:08Z" user="LGil" uid="22545481" lat="21.0286207" lon="105.8420725"/>
 <node id="12607106669" visible="true" version="1" changeset="162784285" timestamp="2025-02-21T14:56:08Z" user="LGil" uid="22545481" lat="21.0285862" lon="105.8420431"/>
 <node id="12607106670" visible="true" version="1" changeset="162784285" timestamp="2025-02-21T14:56:08Z" user="LGil" uid="22545481" lat="21.0285579" lon="105.8420592"/>
 <node id="12607106671" visible="true" version="1" changeset="162784285" timestamp="2025-02-21T14:56:08Z" user="LGil" uid="22545481" lat="21.0285358" lon="105.8420052"/>
 <node id="12607106672" visible="true" version="1" changeset="162784285" timestamp="2025-02-21T14:56:08Z" user="LGil" uid="22545481" lat="21.0285685" lon="105.8419882"/>
 <node id="12607106673" visible="true" version="1" changeset="162784285" timestamp="2025-02-21T14:56:08Z" user="LGil" uid="22545481" lat="21.0285420" lon="105.8419408"/>
 <node id="12607106674" visible="true" version="1" changeset="162784285" timestamp="2025-02-21T14:56:08Z" user="LGil" uid="22545481" lat="21.0284695" lon="105.8419853"/>
 <node id="12607106675" visible="true" version="1" changeset="162784285" timestamp="2025-02-21T14:56:08Z" user="LGil" uid="22545481" lat="21.0285579" lon="105.8421824"/>
 <node id="12607106676" visible="true" version="1" changeset="162784285" timestamp="2025-02-21T14:56:08Z" user="LGil" uid="22545481" lat="21.0286154" lon="105.8421530"/>
 <node id="12607106677" visible="true" version="1" changeset="162784285" timestamp="2025-02-21T14:56:08Z" user="LGil" uid="22545481" lat="21.0282723" lon="105.8419285"/>
 <node id="12607106678" visible="true" version="1" changeset="162784285" timestamp="2025-02-21T14:56:08Z" user="LGil" uid="22545481" lat="21.0282741" lon="105.8419541"/>
 <node id="12607106679" visible="true" version="1" changeset="162784285" timestamp="2025-02-21T14:56:08Z" user="LGil" uid="22545481" lat="21.0281309" lon="105.8420090"/>
 <node id="12607106680" visible="true" version="1" changeset="162784285" timestamp="2025-02-21T14:56:08Z" user="LGil" uid="22545481" lat="21.0277551" lon="105.8420554"/>
 <node id="12607106681" visible="true" version="1" changeset="162784285" timestamp="2025-02-21T14:56:08Z" user="LGil" uid="22545481" lat="21.0277418" lon="105.8419588"/>
 <node id="12607106682" visible="true" version="1" changeset="162784285" timestamp="2025-02-21T14:56:08Z" user="LGil" uid="22545481" lat="21.0277940" lon="105.8419380"/>
 <node id="12607106683" visible="true" version="1" changeset="162784285" timestamp="2025-02-21T14:56:08Z" user="LGil" uid="22545481" lat="21.0281061" lon="105.8420365"/>
 <node id="12607106684" visible="true" version="1" changeset="162784285" timestamp="2025-02-21T14:56:08Z" user="LGil" uid="22545481" lat="21.0280186" lon="105.8420554"/>
 <node id="12607106685" visible="true" version="1" changeset="162784285" timestamp="2025-02-21T14:56:08Z" user="LGil" uid="22545481" lat="21.0280371" lon="105.8421161"/>
 <node id="12607106686" visible="true" version="1" changeset="162784285" timestamp="2025-02-21T14:56:08Z" user="LGil" uid="22545481" lat="21.0281238" lon="105.8420943"/>
 <node id="12607106687" visible="true" version="1" changeset="162784285" timestamp="2025-02-21T14:56:08Z" user="LGil" uid="22545481" lat="21.0279593" lon="105.8420753"/>
 <node id="12607106688" visible="true" version="1" changeset="162784285" timestamp="2025-02-21T14:56:08Z" user="LGil" uid="22545481" lat="21.0279717" lon="105.8421246"/>
 <node id="12607106689" visible="true" version="1" changeset="162784285" timestamp="2025-02-21T14:56:08Z" user="LGil" uid="22545481" lat="21.0280256" lon="105.8421113"/>
 <node id="12607106690" visible="true" version="1" changeset="162784285" timestamp="2025-02-21T14:56:08Z" user="LGil" uid="22545481" lat="21.0280354" lon="105.8421521"/>
 <node id="12607106691" visible="true" version="1" changeset="162784285" timestamp="2025-02-21T14:56:08Z" user="LGil" uid="22545481" lat="21.0279522" lon="105.8421786"/>
 <node id="12607106692" visible="true" version="1" changeset="162784285" timestamp="2025-02-21T14:56:08Z" user="LGil" uid="22545481" lat="21.0279584" lon="105.8422089"/>
 <node id="12607106693" visible="true" version="1" changeset="162784285" timestamp="2025-02-21T14:56:08Z" user="LGil" uid="22545481" lat="21.0279620" lon="105.8422411"/>
 <node id="12607106694" visible="true" version="1" changeset="162784285" timestamp="2025-02-21T14:56:08Z" user="LGil" uid="22545481" lat="21.0278506" lon="105.8422856"/>
 <node id="12607106695" visible="true" version="1" changeset="162784285" timestamp="2025-02-21T14:56:08Z" user="LGil" uid="22545481" lat="21.0278081" lon="105.8420933"/>
 <node id="12607106696" visible="true" version="1" changeset="162784285" timestamp="2025-02-21T14:56:08Z" user="LGil" uid="22545481" lat="21.0280194" lon="105.8424344"/>
 <node id="12607106697" visible="true" version="1" changeset="162784285" timestamp="2025-02-21T14:56:08Z" user="LGil" uid="22545481" lat="21.0279257" lon="105.8424637"/>
 <node id="12607106698" visible="true" version="1" changeset="162784285" timestamp="2025-02-21T14:56:08Z" user="LGil" uid="22545481" lat="21.0279372" lon="105.8425063"/>
 <node id="12607106699" visible="true" version="1" changeset="162784285" timestamp="2025-02-21T14:56:08Z" user="LGil" uid="22545481" lat="21.0279708" lon="105.8425206"/>
 <node id="12607106700" visible="true" version="1" changeset="162784285" timestamp="2025-02-21T14:56:08Z" user="LGil" uid="22545481" lat="21.0280380" lon="105.8424921"/>
 <node id="12607109201" visible="true" version="1" changeset="162784285" timestamp="2025-02-21T14:56:08Z" user="LGil" uid="22545481" lat="21.0282396" lon="105.8421891"/>
 <node id="12607109202" visible="true" version="1" changeset="162784285" timestamp="2025-02-21T14:56:08Z" user="LGil" uid="22545481" lat="21.0278621" lon="105.8422889"/>
 <node id="12607109203" visible="true" version="1" changeset="162784285" timestamp="2025-02-21T14:56:08Z" user="LGil" uid="22545481" lat="21.0278723" lon="105.8423498"/>
 <node id="12607109204" visible="true" version="1" changeset="162784285" timestamp="2025-02-21T14:56:08Z" user="LGil" uid="22545481" lat="21.0282748" lon="105.8422621"/>
 <node id="12607109205" visible="true" version="1" changeset="162784285" timestamp="2025-02-21T14:56:08Z" user="LGil" uid="22545481" lat="21.0284977" lon="105.8416531"/>
 <node id="12607109206" visible="true" version="1" changeset="162784285" timestamp="2025-02-21T14:56:08Z" user="LGil" uid="22545481" lat="21.0284795" lon="105.8416275"/>
 <node id="12607109207" visible="true" version="1" changeset="162784285" timestamp="2025-02-21T14:56:08Z" user="LGil" uid="22545481" lat="21.0284226" lon="105.8416835"/>
 <node id="12607109208" visible="true" version="1" changeset="162784285" timestamp="2025-02-21T14:56:08Z" user="LGil" uid="22545481" lat="21.0284636" lon="105.8417250"/>
 <node id="12607109209" visible="true" version="1" changeset="162784285" timestamp="2025-02-21T14:56:08Z" user="LGil" uid="22545481" lat="21.0284840" lon="105.8417006"/>
 <node id="12607109210" visible="true" version="1" changeset="162784285" timestamp="2025-02-21T14:56:08Z" user="LGil" uid="22545481" lat="21.0284727" lon="105.8416811"/>
 <node id="12607109211" visible="true" version="1" changeset="162784285" timestamp="2025-02-21T14:56:08Z" user="LGil" uid="22545481" lat="21.0286000" lon="105.8417993"/>
 <node id="12607109212" visible="true" version="1" changeset="162784285" timestamp="2025-02-21T14:56:08Z" user="LGil" uid="22545481" lat="21.0285807" lon="105.8417639"/>
 <node id="12607109213" visible="true" version="1" changeset="162784285" timestamp="2025-02-21T14:56:08Z" user="LGil" uid="22545481" lat="21.0285306" lon="105.8417980"/>
 <node id="12607109214" visible="true" version="1" changeset="162784285" timestamp="2025-02-21T14:56:08Z" user="LGil" uid="22545481" lat="21.0285579" lon="105.8418395"/>
 <node id="12607221570" visible="true" version="1" changeset="162786730" timestamp="2025-02-21T15:58:17Z" user="Kevin at MS" uid="13525483" lat="21.0283633" lon="105.8423865"/>
 <node id="12607221571" visible="true" version="1" changeset="162786730" timestamp="2025-02-21T15:58:17Z" user="Kevin at MS" uid="13525483" lat="21.0284127" lon="105.8425077"/>
 <node id="12607221572" visible="true" version="1" changeset="162786730" timestamp="2025-02-21T15:58:17Z" user="Kevin at MS" uid="13525483" lat="21.0283197" lon="105.8425512"/>
 <node id="12607221573" visible="true" version="1" changeset="162786730" timestamp="2025-02-21T15:58:17Z" user="Kevin at MS" uid="13525483" lat="21.0282703" lon="105.8424300"/>
 <node id="12607221574" visible="true" version="1" changeset="162786730" timestamp="2025-02-21T15:58:17Z" user="Kevin at MS" uid="13525483" lat="21.0282615" lon="105.8424528"/>
 <node id="12607221575" visible="true" version="1" changeset="162786730" timestamp="2025-02-21T15:58:17Z" user="Kevin at MS" uid="13525483" lat="21.0282939" lon="105.8425459"/>
 <node id="12607221576" visible="true" version="1" changeset="162786730" timestamp="2025-02-21T15:58:17Z" user="Kevin at MS" uid="13525483" lat="21.0281967" lon="105.8425847"/>
 <node id="12607221577" visible="true" version="1" changeset="162786730" timestamp="2025-02-21T15:58:17Z" user="Kevin at MS" uid="13525483" lat="21.0281644" lon="105.8424916"/>
 <node id="12607221578" visible="true" version="1" changeset="162786730" timestamp="2025-02-21T15:58:17Z" user="Kevin at MS" uid="13525483" lat="21.0283549" lon="105.8425805"/>
 <node id="12607221579" visible="true" version="1" changeset="162786730" timestamp="2025-02-21T15:58:17Z" user="Kevin at MS" uid="13525483" lat="21.0283655" lon="105.8426103"/>
 <node id="12607221580" visible="true" version="1" changeset="162786730" timestamp="2025-02-21T15:58:17Z" user="Kevin at MS" uid="13525483" lat="21.0283078" lon="105.8426339"/>
 <node id="12607221581" visible="true" version="1" changeset="162786730" timestamp="2025-02-21T15:58:17Z" user="Kevin at MS" uid="13525483" lat="21.0282972" lon="105.8426041"/>
 <node id="12607221582" visible="true" version="1" changeset="162786730" timestamp="2025-02-21T15:58:17Z" user="Kevin at MS" uid="13525483" lat="21.0282486" lon="105.8425794"/>
 <node id="12607221583" visible="true" version="1" changeset="162786730" timestamp="2025-02-21T15:58:17Z" user="Kevin at MS" uid="13525483" lat="21.0282600" lon="105.8426211"/>
 <node id="12607221584" visible="true" version="1" changeset="162786730" timestamp="2025-02-21T15:58:17Z" user="Kevin at MS" uid="13525483" lat="21.0281072" lon="105.8426689"/>
 <node id="12607221585" visible="true" version="1" changeset="162786730" timestamp="2025-02-21T15:58:17Z" user="Kevin at MS" uid="13525483" lat="21.0280959" lon="105.8426271"/>
 <node id="12607221586" visible="true" version="1" changeset="162786730" timestamp="2025-02-21T15:58:17Z" user="Kevin at MS" uid="13525483" lat="21.0280813" lon="105.8426336"/>
 <node id="12607221587" visible="true" version="1" changeset="162786730" timestamp="2025-02-21T15:58:17Z" user="Kevin at MS" uid="13525483" lat="21.0280958" lon="105.8426733"/>
 <node id="12607221588" visible="true" version="1" changeset="162786730" timestamp="2025-02-21T15:58:17Z" user="Kevin at MS" uid="13525483" lat="21.0280756" lon="105.8426818"/>
 <node id="12607221589" visible="true" version="1" changeset="162786730" timestamp="2025-02-21T15:58:17Z" user="Kevin at MS" uid="13525483" lat="21.0280832" lon="105.8427026"/>
 <node id="12607221590" visible="true" version="1" changeset="162786730" timestamp="2025-02-21T15:58:17Z" user="Kevin at MS" uid="13525483" lat="21.0279796" lon="105.8427460"/>
 <node id="12607221591" visible="true" version="1" changeset="162786730" timestamp="2025-02-21T15:58:17Z" user="Kevin at MS" uid="13525483" lat="21.0279575" lon="105.8426855"/>
 <node id="12607221592" visible="true" version="1" changeset="162786730" timestamp="2025-02-21T15:58:17Z" user="Kevin at MS" uid="13525483" lat="21.0281558" lon="105.8426940"/>
 <node id="12607221593" visible="true" version="1" changeset="162786730" timestamp="2025-02-21T15:58:17Z" user="Kevin at MS" uid="13525483" lat="21.0281657" lon="105.8427303"/>
 <node id="12607221594" visible="true" version="1" changeset="162786730" timestamp="2025-02-21T15:58:17Z" user="Kevin at MS" uid="13525483" lat="21.0280728" lon="105.8427593"/>
 <node id="12607221595" visible="true" version="1" changeset="162786730" timestamp="2025-02-21T15:58:17Z" user="Kevin at MS" uid="13525483" lat="21.0280630" lon="105.8427230"/>
 <node id="12607221596" visible="true" version="1" changeset="162786730" timestamp="2025-02-21T15:58:17Z" user="Kevin at MS" uid="13525483" lat="21.0281432" lon="105.8428278"/>
 <node id="12607221597" visible="true" version="1" changeset="162786730" timestamp="2025-02-21T15:58:17Z" user="Kevin at MS" uid="13525483" lat="21.0281655" lon="105.8428868"/>
 <node id="12607221598" visible="true" version="1" changeset="162786730" timestamp="2025-02-21T15:58:17Z" user="Kevin at MS" uid="13525483" lat="21.0280814" lon="105.8429232"/>
 <node id="12607221599" visible="true" version="1" changeset="162786730" timestamp="2025-02-21T15:58:17Z" user="Kevin at MS" uid="13525483" lat="21.0280591" lon="105.8428643"/>
 <node id="12607221600" visible="true" version="1" changeset="162786730" timestamp="2025-02-21T15:58:17Z" user="Kevin at MS" uid="13525483" lat="21.0281651" lon="105.8427486"/>
 <node id="12607226201" visible="true" version="2" changeset="166839979" timestamp="2025-05-27T18:51:07Z" user="Lucille Plqn" uid="22164055" lat="21.0281764" lon="105.8427826"/>
 <node id="12607226202" visible="true" version="1" changeset="162786730" timestamp="2025-02-21T15:58:17Z" user="Kevin at MS" uid="13525483" lat="21.0280731" lon="105.8428118"/>
 <node id="12607226203" visible="true" version="1" changeset="162786730" timestamp="2025-02-21T15:58:17Z" user="Kevin at MS" uid="13525483" lat="21.0280645" lon="105.8427797"/>
 <node id="12607226204" visible="true" version="1" changeset="162786730" timestamp="2025-02-21T15:58:17Z" user="Kevin at MS" uid="13525483" lat="21.0279495" lon="105.8423442"/>
 <node id="12607226205" visible="true" version="1" changeset="162786730" timestamp="2025-02-21T15:58:17Z" user="Kevin at MS" uid="13525483" lat="21.0279575" lon="105.8423749"/>
 <node id="12607226206" visible="true" version="1" changeset="162786730" timestamp="2025-02-21T15:58:17Z" user="Kevin at MS" uid="13525483" lat="21.0278655" lon="105.8424024"/>
 <node id="12607226207" visible="true" version="1" changeset="162786730" timestamp="2025-02-21T15:58:17Z" user="Kevin at MS" uid="13525483" lat="21.0278575" lon="105.8423716"/>
 <node id="12607226208" visible="true" version="1" changeset="162786730" timestamp="2025-02-21T15:58:17Z" user="Kevin at MS" uid="13525483" lat="21.0282908" lon="105.8419940"/>
 <node id="12607226209" visible="true" version="1" changeset="162786730" timestamp="2025-02-21T15:58:17Z" user="Kevin at MS" uid="13525483" lat="21.0283042" lon="105.8420153"/>
 <node id="12607226210" visible="true" version="1" changeset="162786730" timestamp="2025-02-21T15:58:17Z" user="Kevin at MS" uid="13525483" lat="21.0282740" lon="105.8420378"/>
 <node id="12607226211" visible="true" version="1" changeset="162786730" timestamp="2025-02-21T15:58:17Z" user="Kevin at MS" uid="13525483" lat="21.0282608" lon="105.8420124"/>
 <node id="12607226212" visible="true" version="1" changeset="162786730" timestamp="2025-02-21T15:58:17Z" user="Kevin at MS" uid="13525483" lat="21.0282383" lon="105.8420589"/>
 <node id="12607226213" visible="true" version="1" changeset="162786730" timestamp="2025-02-21T15:58:17Z" user="Kevin at MS" uid="13525483" lat="21.0282253" lon="105.8420336"/>
 <node id="12607226214" visible="true" version="1" changeset="162786730" timestamp="2025-02-21T15:58:17Z" user="Kevin at MS" uid="13525483" lat="21.0282073" lon="105.8420734"/>
 <node id="12607226215" visible="true" version="1" changeset="162786730" timestamp="2025-02-21T15:58:17Z" user="Kevin at MS" uid="13525483" lat="21.0282028" lon="105.8420391"/>
 <node id="12607226216" visible="true" version="1" changeset="162786730" timestamp="2025-02-21T15:58:17Z" user="Kevin at MS" uid="13525483" lat="21.0281973" lon="105.8420315"/>
 <node id="12607226217" visible="true" version="1" changeset="162786730" timestamp="2025-02-21T15:58:17Z" user="Kevin at MS" uid="13525483" lat="21.0281600" lon="105.8420863"/>
 <node id="12607226218" visible="true" version="1" changeset="162786730" timestamp="2025-02-21T15:58:17Z" user="Kevin at MS" uid="13525483" lat="21.0281500" lon="105.8420445"/>
 <node id="12607226219" visible="true" version="1" changeset="162786730" timestamp="2025-02-21T15:58:17Z" user="Kevin at MS" uid="13525483" lat="21.0284142" lon="105.8418078"/>
 <node id="12607226220" visible="true" version="1" changeset="162786730" timestamp="2025-02-21T15:58:17Z" user="Kevin at MS" uid="13525483" lat="21.0284405" lon="105.8418468"/>
 <node id="12607226221" visible="true" version="1" changeset="162786730" timestamp="2025-02-21T15:58:17Z" user="Kevin at MS" uid="13525483" lat="21.0283897" lon="105.8418861"/>
 <node id="12607226222" visible="true" version="1" changeset="162786730" timestamp="2025-02-21T15:58:17Z" user="Kevin at MS" uid="13525483" lat="21.0283634" lon="105.8418472"/>
 <node id="12607226223" visible="true" version="1" changeset="162786730" timestamp="2025-02-21T15:58:17Z" user="Kevin at MS" uid="13525483" lat="21.0283423" lon="105.8418875"/>
 <node id="12607226224" visible="true" version="1" changeset="162786730" timestamp="2025-02-21T15:58:17Z" user="Kevin at MS" uid="13525483" lat="21.0283798" lon="105.8419474"/>
 <node id="12607226225" visible="true" version="1" changeset="162786730" timestamp="2025-02-21T15:58:17Z" user="Kevin at MS" uid="13525483" lat="21.0283139" lon="105.8419948"/>
 <node id="12607226226" visible="true" version="1" changeset="162786730" timestamp="2025-02-21T15:58:17Z" user="Kevin at MS" uid="13525483" lat="21.0282797" lon="105.8419403"/>
 <node id="12607226227" visible="true" version="1" changeset="162786730" timestamp="2025-02-21T15:58:17Z" user="Kevin at MS" uid="13525483" lat="21.0282997" lon="105.8419260"/>
 <node id="12607226228" visible="true" version="1" changeset="162786730" timestamp="2025-02-21T15:58:17Z" user="Kevin at MS" uid="13525483" lat="21.0282950" lon="105.8418960"/>
 <node id="12696303848" visible="true" version="1" changeset="164025936" timestamp="2025-03-24T10:58:52Z" user="belle kim" uid="22477016" lat="21.0277965" lon="105.8428748"/>
 <node id="12696303849" visible="true" version="1" changeset="164025936" timestamp="2025-03-24T10:58:52Z" user="belle kim" uid="22477016" lat="21.0277412" lon="105.8428897"/>
 <node id="12696303850" visible="true" version="1" changeset="164025936" timestamp="2025-03-24T10:58:52Z" user="belle kim" uid="22477016" lat="21.0277596" lon="105.8429473"/>
 <node id="12696303851" visible="true" version="1" changeset="164025936" timestamp="2025-03-24T10:58:52Z" user="belle kim" uid="22477016" lat="21.0277735" lon="105.8429456"/>
 <node id="12696303852" visible="true" version="1" changeset="164025936" timestamp="2025-03-24T10:58:52Z" user="belle kim" uid="22477016" lat="21.0277796" lon="105.8429621"/>
 <node id="12696303853" visible="true" version="1" changeset="164025936" timestamp="2025-03-24T10:58:52Z" user="belle kim" uid="22477016" lat="21.0278134" lon="105.8429522"/>
 <node id="12696303854" visible="true" version="1" changeset="164025936" timestamp="2025-03-24T10:58:52Z" user="belle kim" uid="22477016" lat="21.0277873" lon="105.8427168"/>
 <node id="12696303855" visible="true" version="1" changeset="164025936" timestamp="2025-03-24T10:58:52Z" user="belle kim" uid="22477016" lat="21.0277335" lon="105.8427299"/>
 <node id="12696303856" visible="true" version="1" changeset="164025936" timestamp="2025-03-24T10:58:52Z" user="belle kim" uid="22477016" lat="21.0277550" lon="105.8428271"/>
 <node id="12696303857" visible="true" version="1" changeset="164025936" timestamp="2025-03-24T10:58:52Z" user="belle kim" uid="22477016" lat="21.0278104" lon="105.8428073"/>
 <node id="12696315422" visible="true" version="1" changeset="164025936" timestamp="2025-03-24T10:58:52Z" user="belle kim" uid="22477016" lat="21.0300073" lon="105.8438461"/>
 <node id="12702148943" visible="true" version="1" changeset="164117506" timestamp="2025-03-26T11:35:22Z" user="cdhill73" uid="21356841" lat="21.0285504" lon="105.8421836"/>
 <node id="12702148944" visible="true" version="1" changeset="164117506" timestamp="2025-03-26T11:35:22Z" user="cdhill73" uid="21356841" lat="21.0284612" lon="105.8419916"/>
 <node id="12702148945" visible="true" version="1" changeset="164117506" timestamp="2025-03-26T11:35:22Z" user="cdhill73" uid="21356841" lat="21.0284034" lon="105.8420216"/>
 <node id="12702148946" visible="true" version="1" changeset="164117506" timestamp="2025-03-26T11:35:22Z" user="cdhill73" uid="21356841" lat="21.0284464" lon="105.8421163"/>
 <node id="12702148947" visible="true" version="1" changeset="164117506" timestamp="2025-03-26T11:35:22Z" user="cdhill73" uid="21356841" lat="21.0284711" lon="105.8421101"/>
 <node id="12702148948" visible="true" version="1" changeset="164117506" timestamp="2025-03-26T11:35:22Z" user="cdhill73" uid="21356841" lat="21.0285190" lon="105.8421986"/>
 <node id="12702148949" visible="true" version="1" changeset="164117506" timestamp="2025-03-26T11:35:22Z" user="cdhill73" uid="21356841" lat="21.0282514" lon="105.8423579"/>
 <node id="12702148950" visible="true" version="1" changeset="164117506" timestamp="2025-03-26T11:35:22Z" user="cdhill73" uid="21356841" lat="21.0282382" lon="105.8423119"/>
 <node id="12702148951" visible="true" version="1" changeset="164117506" timestamp="2025-03-26T11:35:22Z" user="cdhill73" uid="21356841" lat="21.0281292" lon="105.8423349"/>
 <node id="12702148952" visible="true" version="1" changeset="164117506" timestamp="2025-03-26T11:35:22Z" user="cdhill73" uid="21356841" lat="21.0281391" lon="105.8423756"/>
 <node id="12702205723" visible="true" version="1" changeset="164117431" timestamp="2025-03-26T11:33:16Z" user="cdhill73" uid="21356841" lat="21.0288040" lon="105.8424432"/>
 <node id="12702205724" visible="true" version="1" changeset="164117431" timestamp="2025-03-26T11:33:16Z" user="cdhill73" uid="21356841" lat="21.0287615" lon="105.8425051"/>
 <node id="12702205725" visible="true" version="1" changeset="164117431" timestamp="2025-03-26T11:33:16Z" user="cdhill73" uid="21356841" lat="21.0287267" lon="105.8425296"/>
 <node id="12702205726" visible="true" version="1" changeset="164117431" timestamp="2025-03-26T11:33:16Z" user="cdhill73" uid="21356841" lat="21.0286842" lon="105.8424887"/>
 <node id="12702205727" visible="true" version="1" changeset="164117431" timestamp="2025-03-26T11:33:16Z" user="cdhill73" uid="21356841" lat="21.0286569" lon="105.8424922"/>
 <node id="12702205728" visible="true" version="1" changeset="164117431" timestamp="2025-03-26T11:33:16Z" user="cdhill73" uid="21356841" lat="21.0286340" lon="105.8424689"/>
 <node id="12702205729" visible="true" version="1" changeset="164117431" timestamp="2025-03-26T11:33:16Z" user="cdhill73" uid="21356841" lat="21.0286373" lon="105.8424409"/>
 <node id="12702205730" visible="true" version="1" changeset="164117431" timestamp="2025-03-26T11:33:16Z" user="cdhill73" uid="21356841" lat="21.0287223" lon="105.8424163"/>
 <node id="12702205731" visible="true" version="1" changeset="164117431" timestamp="2025-03-26T11:33:16Z" user="cdhill73" uid="21356841" lat="21.0287441" lon="105.8424350"/>
 <node id="12702205732" visible="true" version="1" changeset="164117431" timestamp="2025-03-26T11:33:16Z" user="cdhill73" uid="21356841" lat="21.0287779" lon="105.8424117"/>
 <node id="12702205733" visible="true" version="1" changeset="164117431" timestamp="2025-03-26T11:33:16Z" user="cdhill73" uid="21356841" lat="21.0287520" lon="105.8427140"/>
 <node id="12702205734" visible="true" version="1" changeset="164117431" timestamp="2025-03-26T11:33:16Z" user="cdhill73" uid="21356841" lat="21.0287168" lon="105.8427455"/>
 <node id="12702205735" visible="true" version="1" changeset="164117431" timestamp="2025-03-26T11:33:16Z" user="cdhill73" uid="21356841" lat="21.0287010" lon="105.8427255"/>
 <node id="12702205736" visible="true" version="1" changeset="164117431" timestamp="2025-03-26T11:33:16Z" user="cdhill73" uid="21356841" lat="21.0287326" lon="105.8426985"/>
 <node id="12702205737" visible="true" version="1" changeset="164117431" timestamp="2025-03-26T11:33:16Z" user="cdhill73" uid="21356841" lat="21.0287190" lon="105.8427571"/>
 <node id="12702205738" visible="true" version="1" changeset="164117431" timestamp="2025-03-26T11:33:16Z" user="cdhill73" uid="21356841" lat="21.0286967" lon="105.8427309"/>
 <node id="12702205739" visible="true" version="1" changeset="164117431" timestamp="2025-03-26T11:33:16Z" user="cdhill73" uid="21356841" lat="21.0286614" lon="105.8427563"/>
 <node id="12702205740" visible="true" version="1" changeset="164117431" timestamp="2025-03-26T11:33:16Z" user="cdhill73" uid="21356841" lat="21.0286837" lon="105.8427887"/>
 <node id="12702205741" visible="true" version="1" changeset="164117431" timestamp="2025-03-26T11:33:16Z" user="cdhill73" uid="21356841" lat="21.0286693" lon="105.8427898"/>
 <node id="12702205742" visible="true" version="1" changeset="164117431" timestamp="2025-03-26T11:33:16Z" user="cdhill73" uid="21356841" lat="21.0286285" lon="105.8428274"/>
 <node id="12702205743" visible="true" version="1" changeset="164117431" timestamp="2025-03-26T11:33:16Z" user="cdhill73" uid="21356841" lat="21.0286038" lon="105.8428061"/>
 <node id="12702205744" visible="true" version="1" changeset="164117431" timestamp="2025-03-26T11:33:16Z" user="cdhill73" uid="21356841" lat="21.0286446" lon="105.8426353"/>
 <node id="12702205745" visible="true" version="1" changeset="164117431" timestamp="2025-03-26T11:33:16Z" user="cdhill73" uid="21356841" lat="21.0286807" lon="105.8426455"/>
 <node id="12702205746" visible="true" version="1" changeset="164117431" timestamp="2025-03-26T11:33:16Z" user="cdhill73" uid="21356841" lat="21.0286607" lon="105.8426973"/>
 <node id="12702205747" visible="true" version="1" changeset="164117431" timestamp="2025-03-26T11:33:16Z" user="cdhill73" uid="21356841" lat="21.0286873" lon="105.8427248"/>
 <node id="12702205748" visible="true" version="1" changeset="164117431" timestamp="2025-03-26T11:33:16Z" user="cdhill73" uid="21356841" lat="21.0286522" lon="105.8427573"/>
 <node id="12768414701" visible="true" version="1" changeset="165151411" timestamp="2025-04-19T12:21:08Z" user="mila iovovich" uid="4274464" lat="21.0284330" lon="105.8421648">
  <tag k="addr:housenumber" v="04"/>
  <tag k="addr:street" v="Phố Đình Ngang"/>
  <tag k="amenity" v="cafe"/>
  <tag k="cuisine" v="coffee_shop;local;sandwich"/>
  <tag k="name" v="An Café"/>
  <tag k="opening_hours" v="Mo-Su 07:00-21:00"/>
  <tag k="phone" v="+84918685538"/>
 </node>
 <node id="12869199001" visible="true" version="1" changeset="166839979" timestamp="2025-05-27T18:51:07Z" user="Lucille Plqn" uid="22164055" lat="21.0281282" lon="105.8425153"/>
 <node id="12869199002" visible="true" version="1" changeset="166839979" timestamp="2025-05-27T18:51:07Z" user="Lucille Plqn" uid="22164055" lat="21.0281491" lon="105.8425713"/>
 <node id="12869199003" visible="true" version="1" changeset="166839979" timestamp="2025-05-27T18:51:07Z" user="Lucille Plqn" uid="22164055" lat="21.0280902" lon="105.8425959"/>
 <node id="12869199004" visible="true" version="1" changeset="166839979" timestamp="2025-05-27T18:51:07Z" user="Lucille Plqn" uid="22164055" lat="21.0280708" lon="105.8425370"/>
 <node id="12869199005" visible="true" version="1" changeset="166839979" timestamp="2025-05-27T18:51:07Z" user="Lucille Plqn" uid="22164055" lat="21.0280654" lon="105.8425479"/>
 <node id="12869199006" visible="true" version="1" changeset="166839979" timestamp="2025-05-27T18:51:07Z" user="Lucille Plqn" uid="22164055" lat="21.0280825" lon="105.8425901"/>
 <node id="12869199007" visible="true" version="1" changeset="166839979" timestamp="2025-05-27T18:51:07Z" user="Lucille Plqn" uid="22164055" lat="21.0280523" lon="105.8425988"/>
 <node id="12869199008" visible="true" version="1" changeset="166839979" timestamp="2025-05-27T18:51:07Z" user="Lucille Plqn" uid="22164055" lat="21.0280417" lon="105.8425590"/>
 <node id="12869199009" visible="true" version="1" changeset="166839979" timestamp="2025-05-27T18:51:07Z" user="Lucille Plqn" uid="22164055" lat="21.0280352" lon="105.8425634"/>
 <node id="12869199010" visible="true" version="1" changeset="166839979" timestamp="2025-05-27T18:51:07Z" user="Lucille Plqn" uid="22164055" lat="21.0280069" lon="105.8426239"/>
 <node id="12869199011" visible="true" version="1" changeset="166839979" timestamp="2025-05-27T18:51:07Z" user="Lucille Plqn" uid="22164055" lat="21.0279898" lon="105.8425885"/>
 <node id="12869199012" visible="true" version="1" changeset="166839979" timestamp="2025-05-27T18:51:07Z" user="Lucille Plqn" uid="22164055" lat="21.0281552" lon="105.8424960"/>
 <node id="12869199013" visible="true" version="1" changeset="166839979" timestamp="2025-05-27T18:51:07Z" user="Lucille Plqn" uid="22164055" lat="21.0281643" lon="105.8425236"/>
 <node id="12869199014" visible="true" version="1" changeset="166839979" timestamp="2025-05-27T18:51:07Z" user="Lucille Plqn" uid="22164055" lat="21.0281410" lon="105.8425350"/>
 <node id="12869199015" visible="true" version="1" changeset="166839979" timestamp="2025-05-27T18:51:07Z" user="Lucille Plqn" uid="22164055" lat="21.0281296" lon="105.8425057"/>
 <node id="12869199016" visible="true" version="1" changeset="166839979" timestamp="2025-05-27T18:51:07Z" user="Lucille Plqn" uid="22164055" lat="21.0281668" lon="105.8425284"/>
 <node id="12869199017" visible="true" version="1" changeset="166839979" timestamp="2025-05-27T18:51:07Z" user="Lucille Plqn" uid="22164055" lat="21.0281749" lon="105.8425647"/>
 <node id="12869199018" visible="true" version="1" changeset="166839979" timestamp="2025-05-27T18:51:07Z" user="Lucille Plqn" uid="22164055" lat="21.0282318" lon="105.8427723"/>
 <node id="12869199019" visible="true" version="1" changeset="166839979" timestamp="2025-05-27T18:51:07Z" user="Lucille Plqn" uid="22164055" lat="21.0282366" lon="105.8428022"/>
 <node id="12869199020" visible="true" version="1" changeset="166839979" timestamp="2025-05-27T18:51:07Z" user="Lucille Plqn" uid="22164055" lat="21.0281812" lon="105.8428125"/>
 <node id="12869986238" visible="true" version="1" changeset="166852166" timestamp="2025-05-28T05:05:23Z" user="jjoannalin1" uid="21272829" lat="21.0283617" lon="105.8429063"/>
 <node id="12869986239" visible="true" version="1" changeset="166852166" timestamp="2025-05-28T05:05:23Z" user="jjoannalin1" uid="21272829" lat="21.0283139" lon="105.8428944"/>
 <node id="12869986240" visible="true" version="1" changeset="166852166" timestamp="2025-05-28T05:05:23Z" user="jjoannalin1" uid="21272829" lat="21.0282900" lon="105.8430037"/>
 <node id="12869986241" visible="true" version="1" changeset="166852166" timestamp="2025-05-28T05:05:23Z" user="jjoannalin1" uid="21272829" lat="21.0283378" lon="105.8430157"/>
 <node id="12869986242" visible="true" version="1" changeset="166852166" timestamp="2025-05-28T05:05:23Z" user="jjoannalin1" uid="21272829" lat="21.0282272" lon="105.8427316"/>
 <node id="12869986243" visible="true" version="1" changeset="166852166" timestamp="2025-05-28T05:05:23Z" user="jjoannalin1" uid="21272829" lat="21.0281766" lon="105.8427414"/>
 <node id="12869986244" visible="true" version="1" changeset="166852166" timestamp="2025-05-28T05:05:23Z" user="jjoannalin1" uid="21272829" lat="21.0281822" lon="105.8427748"/>
 <node id="12869986245" visible="true" version="1" changeset="166852166" timestamp="2025-05-28T05:05:23Z" user="jjoannalin1" uid="21272829" lat="21.0282328" lon="105.8427650"/>
 <node id="12869986246" visible="true" version="1" changeset="166852166" timestamp="2025-05-28T05:05:23Z" user="jjoannalin1" uid="21272829" lat="21.0282155" lon="105.8428354"/>
 <node id="12869986247" visible="true" version="1" changeset="166852166" timestamp="2025-05-28T05:05:23Z" user="jjoannalin1" uid="21272829" lat="21.0281637" lon="105.8428506"/>
 <node id="12869986248" visible="true" version="1" changeset="166852166" timestamp="2025-05-28T05:05:23Z" user="jjoannalin1" uid="21272829" lat="21.0281729" lon="105.8428869"/>
 <node id="12869986249" visible="true" version="1" changeset="166852166" timestamp="2025-05-28T05:05:23Z" user="jjoannalin1" uid="21272829" lat="21.0282248" lon="105.8428717"/>
 <node id="12869986250" visible="true" version="1" changeset="166852166" timestamp="2025-05-28T05:05:23Z" user="jjoannalin1" uid="21272829" lat="21.0283759" lon="105.8428263"/>
 <node id="12869986251" visible="true" version="1" changeset="166852166" timestamp="2025-05-28T05:05:23Z" user="jjoannalin1" uid="21272829" lat="21.0282430" lon="105.8428724"/>
 <node id="12869986252" visible="true" version="1" changeset="166852166" timestamp="2025-05-28T05:05:23Z" user="jjoannalin1" uid="21272829" lat="21.0282551" lon="105.8429125"/>
 <node id="12869986253" visible="true" version="1" changeset="166852166" timestamp="2025-05-28T05:05:23Z" user="jjoannalin1" uid="21272829" lat="21.0283881" lon="105.8428663"/>
 <node id="12869986254" visible="true" version="1" changeset="166852166" timestamp="2025-05-28T05:05:23Z" user="jjoannalin1" uid="21272829" lat="21.0283810" lon="105.8425553"/>
 <node id="12869986255" visible="true" version="1" changeset="166852166" timestamp="2025-05-28T05:05:23Z" user="jjoannalin1" uid="21272829" lat="21.0284076" lon="105.8426516"/>
 <node id="12869986256" visible="true" version="1" changeset="166852166" timestamp="2025-05-28T05:05:23Z" user="jjoannalin1" uid="21272829" lat="21.0284360" lon="105.8426596"/>
 <node id="12869986257" visible="true" version="1" changeset="166852166" timestamp="2025-05-28T05:05:23Z" user="jjoannalin1" uid="21272829" lat="21.0284565" lon="105.8425767"/>
 <node id="12869986258" visible="true" version="1" changeset="166852166" timestamp="2025-05-28T05:05:23Z" user="jjoannalin1" uid="21272829" lat="21.0283757" lon="105.8425574"/>
 <node id="12869986259" visible="true" version="1" changeset="166852166" timestamp="2025-05-28T05:05:23Z" user="jjoannalin1" uid="21272829" lat="21.0283554" lon="105.8425646"/>
 <node id="12869986260" visible="true" version="1" changeset="166852166" timestamp="2025-05-28T05:05:23Z" user="jjoannalin1" uid="21272829" lat="21.0283712" lon="105.8426159"/>
 <node id="12869986261" visible="true" version="1" changeset="166852166" timestamp="2025-05-28T05:05:23Z" user="jjoannalin1" uid="21272829" lat="21.0283891" lon="105.8426244"/>
 <node id="12869986262" visible="true" version="1" changeset="166852166" timestamp="2025-05-28T05:05:23Z" user="jjoannalin1" uid="21272829" lat="21.0283955" lon="105.8426221"/>
 <node id="12869986263" visible="true" version="1" changeset="166852166" timestamp="2025-05-28T05:05:23Z" user="jjoannalin1" uid="21272829" lat="21.0282973" lon="105.8426557"/>
 <node id="12869986264" visible="true" version="1" changeset="166852166" timestamp="2025-05-28T05:05:23Z" user="jjoannalin1" uid="21272829" lat="21.0281995" lon="105.8426808"/>
 <node id="12869986265" visible="true" version="1" changeset="166852166" timestamp="2025-05-28T05:05:23Z" user="jjoannalin1" uid="21272829" lat="21.0282056" lon="105.8427078"/>
 <node id="12869986266" visible="true" version="1" changeset="166852166" timestamp="2025-05-28T05:05:23Z" user="jjoannalin1" uid="21272829" lat="21.0283034" lon="105.8426827"/>
 <node id="12870004115" visible="true" version="1" changeset="166852234" timestamp="2025-05-28T05:07:03Z" user="jjoannalin1" uid="21272829" lat="21.0281382" lon="105.8421369"/>
 <node id="12870004116" visible="true" version="1" changeset="166852234" timestamp="2025-05-28T05:07:03Z" user="jjoannalin1" uid="21272829" lat="21.0280975" lon="105.8421489"/>
 <node id="12870004117" visible="true" version="1" changeset="166852234" timestamp="2025-05-28T05:07:03Z" user="jjoannalin1" uid="21272829" lat="21.0281056" lon="105.8421806"/>
 <node id="12870004118" visible="true" version="1" changeset="166852234" timestamp="2025-05-28T05:07:03Z" user="jjoannalin1" uid="21272829" lat="21.0281463" lon="105.8421686"/>
 <node id="12870004119" visible="true" version="1" changeset="166852234" timestamp="2025-05-28T05:07:03Z" user="jjoannalin1" uid="21272829" lat="21.0282536" lon="105.8420548"/>
 <node id="12870004120" visible="true" version="1" changeset="166852234" timestamp="2025-05-28T05:07:03Z" user="jjoannalin1" uid="21272829" lat="21.0282213" lon="105.8420712"/>
 <node id="12870004121" visible="true" version="1" changeset="166852234" timestamp="2025-05-28T05:07:03Z" user="jjoannalin1" uid="21272829" lat="21.0282360" lon="105.8421046"/>
 <node id="12870004122" visible="true" version="1" changeset="166852234" timestamp="2025-05-28T05:07:03Z" user="jjoannalin1" uid="21272829" lat="21.0282684" lon="105.8420881"/>
 <node id="12870004123" visible="true" version="1" changeset="166852234" timestamp="2025-05-28T05:07:03Z" user="jjoannalin1" uid="21272829" lat="21.0282697" lon="105.8420459"/>
 <node id="12870004124" visible="true" version="1" changeset="166852234" timestamp="2025-05-28T05:07:03Z" user="jjoannalin1" uid="21272829" lat="21.0282578" lon="105.8420529"/>
 <node id="12870004125" visible="true" version="1" changeset="166852234" timestamp="2025-05-28T05:07:03Z" user="jjoannalin1" uid="21272829" lat="21.0282750" lon="105.8420863"/>
 <node id="12870004126" visible="true" version="1" changeset="166852234" timestamp="2025-05-28T05:07:03Z" user="jjoannalin1" uid="21272829" lat="21.0282868" lon="105.8420794"/>
 <node id="12870004127" visible="true" version="1" changeset="166852234" timestamp="2025-05-28T05:07:03Z" user="jjoannalin1" uid="21272829" lat="21.0282342" lon="105.8419802"/>
 <node id="12870004128" visible="true" version="1" changeset="166852234" timestamp="2025-05-28T05:07:03Z" user="jjoannalin1" uid="21272829" lat="21.0282128" lon="105.8419943"/>
 <node id="12870004129" visible="true" version="1" changeset="166852234" timestamp="2025-05-28T05:07:03Z" user="jjoannalin1" uid="21272829" lat="21.0282287" lon="105.8420218"/>
 <node id="12870004130" visible="true" version="1" changeset="166852234" timestamp="2025-05-28T05:07:03Z" user="jjoannalin1" uid="21272829" lat="21.0282500" lon="105.8420077"/>
 <node id="12870004131" visible="true" version="1" changeset="166852234" timestamp="2025-05-28T05:07:03Z" user="jjoannalin1" uid="21272829" lat="21.0282785" lon="105.8419588"/>
 <node id="12870004132" visible="true" version="1" changeset="166852234" timestamp="2025-05-28T05:07:03Z" user="jjoannalin1" uid="21272829" lat="21.0282448" lon="105.8419767"/>
 <node id="12870004133" visible="true" version="1" changeset="166852234" timestamp="2025-05-28T05:07:03Z" user="jjoannalin1" uid="21272829" lat="21.0282580" lon="105.8420052"/>
 <node id="12870004134" visible="true" version="1" changeset="166852234" timestamp="2025-05-28T05:07:03Z" user="jjoannalin1" uid="21272829" lat="21.0282916" lon="105.8419873"/>
 <node id="12870004135" visible="true" version="1" changeset="166852234" timestamp="2025-05-28T05:07:03Z" user="jjoannalin1" uid="21272829" lat="21.0285212" lon="105.8419028"/>
 <node id="12870004136" visible="true" version="1" changeset="166852234" timestamp="2025-05-28T05:07:03Z" user="jjoannalin1" uid="21272829" lat="21.0284948" lon="105.8419190"/>
 <node id="12870004137" visible="true" version="1" changeset="166852234" timestamp="2025-05-28T05:07:03Z" user="jjoannalin1" uid="21272829" lat="21.0285091" lon="105.8419457"/>
 <node id="12870004138" visible="true" version="1" changeset="166852234" timestamp="2025-05-28T05:07:03Z" user="jjoannalin1" uid="21272829" lat="21.0285355" lon="105.8419296"/>
 <node id="12870004139" visible="true" version="1" changeset="166852234" timestamp="2025-05-28T05:07:03Z" user="jjoannalin1" uid="21272829" lat="21.0284142" lon="105.8418754"/>
 <node id="12870004140" visible="true" version="1" changeset="166852234" timestamp="2025-05-28T05:07:03Z" user="jjoannalin1" uid="21272829" lat="21.0283681" lon="105.8419048"/>
 <node id="12870004141" visible="true" version="1" changeset="166852234" timestamp="2025-05-28T05:07:03Z" user="jjoannalin1" uid="21272829" lat="21.0283955" lon="105.8419540"/>
 <node id="12870004142" visible="true" version="1" changeset="166852234" timestamp="2025-05-28T05:07:03Z" user="jjoannalin1" uid="21272829" lat="21.0284416" lon="105.8419247"/>
 <node id="12870013540" visible="true" version="1" changeset="166852355" timestamp="2025-05-28T05:11:38Z" user="jjoannalin1" uid="21272829" lat="21.0283066" lon="105.8420723"/>
 <node id="12870013541" visible="true" version="1" changeset="166852355" timestamp="2025-05-28T05:11:38Z" user="jjoannalin1" uid="21272829" lat="21.0282073" lon="105.8421206"/>
 <node id="12870013542" visible="true" version="1" changeset="166852355" timestamp="2025-05-28T05:11:38Z" user="jjoannalin1" uid="21272829" lat="21.0282242" lon="105.8421606"/>
 <node id="12870013543" visible="true" version="1" changeset="166852355" timestamp="2025-05-28T05:11:38Z" user="jjoannalin1" uid="21272829" lat="21.0282680" lon="105.8421393"/>
 <node id="12870013544" visible="true" version="1" changeset="166852355" timestamp="2025-05-28T05:11:38Z" user="jjoannalin1" uid="21272829" lat="21.0282776" lon="105.8421619"/>
 <node id="12870013545" visible="true" version="1" changeset="166852355" timestamp="2025-05-28T05:11:38Z" user="jjoannalin1" uid="21272829" lat="21.0283137" lon="105.8421638"/>
 <node id="12870013546" visible="true" version="1" changeset="166852355" timestamp="2025-05-28T05:11:38Z" user="jjoannalin1" uid="21272829" lat="21.0283421" lon="105.8422308"/>
 <node id="12870013547" visible="true" version="1" changeset="166852355" timestamp="2025-05-28T05:11:38Z" user="jjoannalin1" uid="21272829" lat="21.0283260" lon="105.8422386"/>
 <node id="12870013548" visible="true" version="1" changeset="166852355" timestamp="2025-05-28T05:11:38Z" user="jjoannalin1" uid="21272829" lat="21.0283547" lon="105.8423062"/>
 <node id="12870013549" visible="true" version="1" changeset="166852355" timestamp="2025-05-28T05:11:38Z" user="jjoannalin1" uid="21272829" lat="21.0283936" lon="105.8422872"/>
 <node id="12870013550" visible="true" version="1" changeset="166852355" timestamp="2025-05-28T05:11:38Z" user="jjoannalin1" uid="21272829" lat="21.0283705" lon="105.8422328"/>
 <node id="12870013551" visible="true" version="1" changeset="166852355" timestamp="2025-05-28T05:11:38Z" user="jjoannalin1" uid="21272829" lat="21.0283871" lon="105.8422248"/>
 <node id="12870013552" visible="true" version="1" changeset="166852355" timestamp="2025-05-28T05:11:38Z" user="jjoannalin1" uid="21272829" lat="21.0283307" lon="105.8420917"/>
 <node id="12870013553" visible="true" version="1" changeset="166852355" timestamp="2025-05-28T05:11:38Z" user="jjoannalin1" uid="21272829" lat="21.0283175" lon="105.8420980"/>
 <node id="12896306494" visible="true" version="1" changeset="167341774" timestamp="2025-06-08T09:33:32Z" user="Cooper EdwardsDoFe" uid="20770321" lat="21.0269297" lon="105.8419600"/>
 <node id="12896306495" visible="true" version="1" changeset="167341774" timestamp="2025-06-08T09:33:32Z" user="Cooper EdwardsDoFe" uid="20770321" lat="21.0268753" lon="105.8419827"/>
 <node id="12896306496" visible="true" version="1" changeset="167341774" timestamp="2025-06-08T09:33:32Z" user="Cooper EdwardsDoFe" uid="20770321" lat="21.0268978" lon="105.8420509"/>
 <node id="12896306497" visible="true" version="1" changeset="167341774" timestamp="2025-06-08T09:33:32Z" user="Cooper EdwardsDoFe" uid="20770321" lat="21.0269589" lon="105.8420225"/>
 <node id="12896306498" visible="true" version="1" changeset="167341774" timestamp="2025-06-08T09:33:32Z" user="Cooper EdwardsDoFe" uid="20770321" lat="21.0269469" lon="105.8420708"/>
 <node id="12896306499" visible="true" version="1" changeset="167341774" timestamp="2025-06-08T09:33:32Z" user="Cooper EdwardsDoFe" uid="20770321" lat="21.0268899" lon="105.8420921"/>
 <node id="12896306500" visible="true" version="1" changeset="167341774" timestamp="2025-06-08T09:33:32Z" user="Cooper EdwardsDoFe" uid="20770321" lat="21.0269111" lon="105.8421419"/>
 <node id="12896369301" visible="true" version="1" changeset="167341774" timestamp="2025-06-08T09:33:32Z" user="Cooper EdwardsDoFe" uid="20770321" lat="21.0269615" lon="105.8421135"/>
 <node id="12896369302" visible="true" version="1" changeset="167341774" timestamp="2025-06-08T09:33:32Z" user="Cooper EdwardsDoFe" uid="20770321" lat="21.0268448" lon="105.8420936"/>
 <node id="12896369303" visible="true" version="1" changeset="167341774" timestamp="2025-06-08T09:33:32Z" user="Cooper EdwardsDoFe" uid="20770321" lat="21.0267851" lon="105.8421007"/>
 <node id="12896369304" visible="true" version="1" changeset="167341774" timestamp="2025-06-08T09:33:32Z" user="Cooper EdwardsDoFe" uid="20770321" lat="21.0267984" lon="105.8421632"/>
 <node id="12896369305" visible="true" version="1" changeset="167341774" timestamp="2025-06-08T09:33:32Z" user="Cooper EdwardsDoFe" uid="20770321" lat="21.0268766" lon="105.8421447"/>
 <node id="12896369306" visible="true" version="1" changeset="167341774" timestamp="2025-06-08T09:33:32Z" user="Cooper EdwardsDoFe" uid="20770321" lat="21.0271246" lon="105.8420609"/>
 <node id="12896369307" visible="true" version="1" changeset="167341774" timestamp="2025-06-08T09:33:32Z" user="Cooper EdwardsDoFe" uid="20770321" lat="21.0270716" lon="105.8420651"/>
 <node id="12896369308" visible="true" version="1" changeset="167341774" timestamp="2025-06-08T09:33:32Z" user="Cooper EdwardsDoFe" uid="20770321" lat="21.0270623" lon="105.8421206"/>
 <node id="12896369309" visible="true" version="1" changeset="167341774" timestamp="2025-06-08T09:33:32Z" user="Cooper EdwardsDoFe" uid="20770321" lat="21.0271140" lon="105.8421177"/>
 <node id="12896369310" visible="true" version="1" changeset="167341774" timestamp="2025-06-08T09:33:32Z" user="Cooper EdwardsDoFe" uid="20770321" lat="21.0270305" lon="105.8420339"/>
 <node id="12896369311" visible="true" version="1" changeset="167341774" timestamp="2025-06-08T09:33:32Z" user="Cooper EdwardsDoFe" uid="20770321" lat="21.0269827" lon="105.8420424"/>
 <node id="12896369312" visible="true" version="1" changeset="167341774" timestamp="2025-06-08T09:33:32Z" user="Cooper EdwardsDoFe" uid="20770321" lat="21.0269894" lon="105.8420836"/>
 <node id="12896369313" visible="true" version="1" changeset="167341774" timestamp="2025-06-08T09:33:32Z" user="Cooper EdwardsDoFe" uid="20770321" lat="21.0270464" lon="105.8420737"/>
 <node id="12896369314" visible="true" version="1" changeset="167341774" timestamp="2025-06-08T09:33:32Z" user="Cooper EdwardsDoFe" uid="20770321" lat="21.0271034" lon="105.8421618"/>
 <node id="12896369315" visible="true" version="1" changeset="167341774" timestamp="2025-06-08T09:33:32Z" user="Cooper EdwardsDoFe" uid="20770321" lat="21.0270610" lon="105.8421547"/>
 <node id="12896369316" visible="true" version="1" changeset="167341774" timestamp="2025-06-08T09:33:32Z" user="Cooper EdwardsDoFe" uid="20770321" lat="21.0270543" lon="105.8422072"/>
 <node id="12896369317" visible="true" version="1" changeset="167341774" timestamp="2025-06-08T09:33:32Z" user="Cooper EdwardsDoFe" uid="20770321" lat="21.0271246" lon="105.8421916"/>
 <node id="12896369318" visible="true" version="1" changeset="167341774" timestamp="2025-06-08T09:33:32Z" user="Cooper EdwardsDoFe" uid="20770321" lat="21.0268261" lon="105.8416193"/>
 <node id="12896369319" visible="true" version="1" changeset="167341774" timestamp="2025-06-08T09:33:32Z" user="Cooper EdwardsDoFe" uid="20770321" lat="21.0267810" lon="105.8416193"/>
 <node id="12896369320" visible="true" version="1" changeset="167341774" timestamp="2025-06-08T09:33:32Z" user="Cooper EdwardsDoFe" uid="20770321" lat="21.0267930" lon="105.8417920"/>
 <node id="12896369321" visible="true" version="1" changeset="167341774" timestamp="2025-06-08T09:33:32Z" user="Cooper EdwardsDoFe" uid="20770321" lat="21.0268275" lon="105.8417996"/>
 <node id="12911915275" visible="true" version="1" changeset="167558013" timestamp="2025-06-13T04:32:52Z" user="phoenixsaigon1698" uid="3323343" lat="21.0283872" lon="105.8433718"/>
 <node id="12961965816" visible="true" version="1" changeset="168277701" timestamp="2025-06-29T18:29:41Z" user="Cooper EdwardsDoFe" uid="20770321" lat="21.0277043" lon="105.8428965"/>
 <node id="12961965817" visible="true" version="1" changeset="168277701" timestamp="2025-06-29T18:29:41Z" user="Cooper EdwardsDoFe" uid="20770321" lat="21.0276573" lon="105.8429045"/>
 <node id="12961965818" visible="true" version="1" changeset="168277701" timestamp="2025-06-29T18:29:41Z" user="Cooper EdwardsDoFe" uid="20770321" lat="21.0276755" lon="105.8429766"/>
 <node id="12961965819" visible="true" version="1" changeset="168277701" timestamp="2025-06-29T18:29:41Z" user="Cooper EdwardsDoFe" uid="20770321" lat="21.0277353" lon="105.8429549"/>
 <node id="12961965820" visible="true" version="1" changeset="168277701" timestamp="2025-06-29T18:29:41Z" user="Cooper EdwardsDoFe" uid="20770321" lat="21.0277129" lon="105.8427430"/>
 <node id="12961965821" visible="true" version="1" changeset="168277701" timestamp="2025-06-29T18:29:41Z" user="Cooper EdwardsDoFe" uid="20770321" lat="21.0276274" lon="105.8427625"/>
 <node id="12961965822" visible="true" version="1" changeset="168277701" timestamp="2025-06-29T18:29:41Z" user="Cooper EdwardsDoFe" uid="20770321" lat="21.0276477" lon="105.8428495"/>
 <node id="12961965823" visible="true" version="1" changeset="168277701" timestamp="2025-06-29T18:29:41Z" user="Cooper EdwardsDoFe" uid="20770321" lat="21.0277278" lon="105.8428186"/>
 <node id="12961965824" visible="true" version="1" changeset="168277701" timestamp="2025-06-29T18:29:41Z" user="Cooper EdwardsDoFe" uid="20770321" lat="21.0275985" lon="105.8427694"/>
 <node id="12961965825" visible="true" version="1" changeset="168277701" timestamp="2025-06-29T18:29:41Z" user="Cooper EdwardsDoFe" uid="20770321" lat="21.0273891" lon="105.8428198"/>
 <node id="12961965826" visible="true" version="1" changeset="168277701" timestamp="2025-06-29T18:29:41Z" user="Cooper EdwardsDoFe" uid="20770321" lat="21.0273997" lon="105.8428965"/>
 <node id="12961965827" visible="true" version="1" changeset="168277701" timestamp="2025-06-29T18:29:41Z" user="Cooper EdwardsDoFe" uid="20770321" lat="21.0276039" lon="105.8428495"/>
 <node id="12961965828" visible="true" version="1" changeset="168277701" timestamp="2025-06-29T18:29:41Z" user="Cooper EdwardsDoFe" uid="20770321" lat="21.0277567" lon="105.8426400"/>
 <node id="12961965829" visible="true" version="1" changeset="168277701" timestamp="2025-06-29T18:29:41Z" user="Cooper EdwardsDoFe" uid="20770321" lat="21.0275793" lon="105.8426972"/>
 <node id="12961965830" visible="true" version="1" changeset="168277701" timestamp="2025-06-29T18:29:41Z" user="Cooper EdwardsDoFe" uid="20770321" lat="21.0275889" lon="105.8427362"/>
 <node id="12961965831" visible="true" version="1" changeset="168277701" timestamp="2025-06-29T18:29:41Z" user="Cooper EdwardsDoFe" uid="20770321" lat="21.0276445" lon="105.8427316"/>
 <node id="12961965832" visible="true" version="1" changeset="168277701" timestamp="2025-06-29T18:29:41Z" user="Cooper EdwardsDoFe" uid="20770321" lat="21.0277332" lon="105.8426995"/>
 <node id="12961965833" visible="true" version="1" changeset="168277701" timestamp="2025-06-29T18:29:41Z" user="Cooper EdwardsDoFe" uid="20770321" lat="21.0277791" lon="105.8426629"/>
 <node id="12961965834" visible="true" version="1" changeset="168277701" timestamp="2025-06-29T18:29:41Z" user="Cooper EdwardsDoFe" uid="20770321" lat="21.0276199" lon="105.8424339"/>
 <node id="12961965835" visible="true" version="1" changeset="168277701" timestamp="2025-06-29T18:29:41Z" user="Cooper EdwardsDoFe" uid="20770321" lat="21.0274489" lon="105.8424614"/>
 <node id="12961965836" visible="true" version="1" changeset="168277701" timestamp="2025-06-29T18:29:41Z" user="Cooper EdwardsDoFe" uid="20770321" lat="21.0274254" lon="105.8425232"/>
 <node id="12961965837" visible="true" version="1" changeset="168277701" timestamp="2025-06-29T18:29:41Z" user="Cooper EdwardsDoFe" uid="20770321" lat="21.0276285" lon="105.8424659"/>
 <node id="12961965838" visible="true" version="1" changeset="168277701" timestamp="2025-06-29T18:29:41Z" user="Cooper EdwardsDoFe" uid="20770321" lat="21.0276990" lon="105.8423537"/>
 <node id="12961965839" visible="true" version="1" changeset="168277701" timestamp="2025-06-29T18:29:41Z" user="Cooper EdwardsDoFe" uid="20770321" lat="21.0276274" lon="105.8423698"/>
 <node id="12961965840" visible="true" version="1" changeset="168277701" timestamp="2025-06-29T18:29:41Z" user="Cooper EdwardsDoFe" uid="20770321" lat="21.0276349" lon="105.8424179"/>
 <node id="12961965841" visible="true" version="1" changeset="168277701" timestamp="2025-06-29T18:29:41Z" user="Cooper EdwardsDoFe" uid="20770321" lat="21.0277075" lon="105.8423961"/>
 <node id="12961965842" visible="true" version="1" changeset="168277701" timestamp="2025-06-29T18:29:41Z" user="Cooper EdwardsDoFe" uid="20770321" lat="21.0277193" lon="105.8424247"/>
 <node id="12961965843" visible="true" version="1" changeset="168277701" timestamp="2025-06-29T18:29:41Z" user="Cooper EdwardsDoFe" uid="20770321" lat="21.0276456" lon="105.8424396"/>
 <node id="12961965844" visible="true" version="1" changeset="168277701" timestamp="2025-06-29T18:29:41Z" user="Cooper EdwardsDoFe" uid="20770321" lat="21.0276530" lon="105.8424900"/>
 <node id="12961965845" visible="true" version="1" changeset="168277701" timestamp="2025-06-29T18:29:41Z" user="Cooper EdwardsDoFe" uid="20770321" lat="21.0277353" lon="105.8424579"/>
 <node id="12961965846" visible="true" version="1" changeset="168277701" timestamp="2025-06-29T18:29:41Z" user="Cooper EdwardsDoFe" uid="20770321" lat="21.0276830" lon="105.8422266"/>
 <node id="12961965847" visible="true" version="1" changeset="168277701" timestamp="2025-06-29T18:29:41Z" user="Cooper EdwardsDoFe" uid="20770321" lat="21.0274927" lon="105.8422484"/>
 <node id="12961965848" visible="true" version="1" changeset="168277701" timestamp="2025-06-29T18:29:41Z" user="Cooper EdwardsDoFe" uid="20770321" lat="21.0274788" lon="105.8423045"/>
 <node id="12961965849" visible="true" version="1" changeset="168277701" timestamp="2025-06-29T18:29:41Z" user="Cooper EdwardsDoFe" uid="20770321" lat="21.0276872" lon="105.8422793"/>
 <node id="12961965850" visible="true" version="1" changeset="168277701" timestamp="2025-06-29T18:29:41Z" user="Cooper EdwardsDoFe" uid="20770321" lat="21.0276669" lon="105.8421030"/>
 <node id="12961965851" visible="true" version="1" changeset="168277701" timestamp="2025-06-29T18:29:41Z" user="Cooper EdwardsDoFe" uid="20770321" lat="21.0275226" lon="105.8421259"/>
 <node id="12961965852" visible="true" version="1" changeset="168277701" timestamp="2025-06-29T18:29:41Z" user="Cooper EdwardsDoFe" uid="20770321" lat="21.0275088" lon="105.8421786"/>
 <node id="12961965853" visible="true" version="1" changeset="168277701" timestamp="2025-06-29T18:29:41Z" user="Cooper EdwardsDoFe" uid="20770321" lat="21.0276755" lon="105.8421385"/>
 <node id="12961965854" visible="true" version="1" changeset="168277701" timestamp="2025-06-29T18:29:41Z" user="Cooper EdwardsDoFe" uid="20770321" lat="21.0276733" lon="105.8421705"/>
 <node id="12961965855" visible="true" version="1" changeset="168277701" timestamp="2025-06-29T18:29:41Z" user="Cooper EdwardsDoFe" uid="20770321" lat="21.0275259" lon="105.8421934"/>
 <node id="12961965856" visible="true" version="1" changeset="168277701" timestamp="2025-06-29T18:29:41Z" user="Cooper EdwardsDoFe" uid="20770321" lat="21.0275515" lon="105.8422209"/>
 <node id="12961965857" visible="true" version="1" changeset="168277701" timestamp="2025-06-29T18:29:41Z" user="Cooper EdwardsDoFe" uid="20770321" lat="21.0276701" lon="105.8422095"/>
 <node id="12961965858" visible="true" version="1" changeset="168277701" timestamp="2025-06-29T18:29:41Z" user="Cooper EdwardsDoFe" uid="20770321" lat="21.0276263" lon="105.8420400"/>
 <node id="12961965859" visible="true" version="1" changeset="168277701" timestamp="2025-06-29T18:29:41Z" user="Cooper EdwardsDoFe" uid="20770321" lat="21.0275430" lon="105.8420675"/>
 <node id="12961965860" visible="true" version="1" changeset="168277701" timestamp="2025-06-29T18:29:41Z" user="Cooper EdwardsDoFe" uid="20770321" lat="21.0275515" lon="105.8421007"/>
 <node id="12961965861" visible="true" version="1" changeset="168277701" timestamp="2025-06-29T18:29:41Z" user="Cooper EdwardsDoFe" uid="20770321" lat="21.0276391" lon="105.8420789"/>
 <node id="12962085621" visible="true" version="1" changeset="168278607" timestamp="2025-06-29T18:51:35Z" user="Cooper EdwardsDoFe" uid="20770321" lat="21.0276947" lon="105.8423061"/>
 <node id="12962085622" visible="true" version="1" changeset="168278607" timestamp="2025-06-29T18:51:35Z" user="Cooper EdwardsDoFe" uid="20770321" lat="21.0276307" lon="105.8423153"/>
 <node id="12962085623" visible="true" version="1" changeset="168278607" timestamp="2025-06-29T18:51:35Z" user="Cooper EdwardsDoFe" uid="20770321" lat="21.0276168" lon="105.8423496"/>
 <node id="12962085624" visible="true" version="1" changeset="168278607" timestamp="2025-06-29T18:51:35Z" user="Cooper EdwardsDoFe" uid="20770321" lat="21.0276979" lon="105.8423267"/>
 <node id="12962085625" visible="true" version="1" changeset="168278607" timestamp="2025-06-29T18:51:35Z" user="Cooper EdwardsDoFe" uid="20770321" lat="21.0275880" lon="105.8423290"/>
 <node id="12962085626" visible="true" version="1" changeset="168278607" timestamp="2025-06-29T18:51:35Z" user="Cooper EdwardsDoFe" uid="20770321" lat="21.0274898" lon="105.8423233"/>
 <node id="12962085627" visible="true" version="1" changeset="168278607" timestamp="2025-06-29T18:51:35Z" user="Cooper EdwardsDoFe" uid="20770321" lat="21.0274578" lon="105.8423736"/>
 <node id="12962085628" visible="true" version="1" changeset="168278607" timestamp="2025-06-29T18:51:35Z" user="Cooper EdwardsDoFe" uid="20770321" lat="21.0274930" lon="105.8424148"/>
 <node id="12962085629" visible="true" version="1" changeset="168278607" timestamp="2025-06-29T18:51:35Z" user="Cooper EdwardsDoFe" uid="20770321" lat="21.0275890" lon="105.8423713"/>
 <node id="12962085630" visible="true" version="1" changeset="168278607" timestamp="2025-06-29T18:51:35Z" user="Cooper EdwardsDoFe" uid="20770321" lat="21.0274642" lon="105.8425874"/>
 <node id="12962085631" visible="true" version="1" changeset="168278607" timestamp="2025-06-29T18:51:35Z" user="Cooper EdwardsDoFe" uid="20770321" lat="21.0273841" lon="105.8426012"/>
 <node id="12962085632" visible="true" version="1" changeset="168278607" timestamp="2025-06-29T18:51:35Z" user="Cooper EdwardsDoFe" uid="20770321" lat="21.0273478" lon="105.8427384"/>
 <node id="12962085633" visible="true" version="1" changeset="168278607" timestamp="2025-06-29T18:51:35Z" user="Cooper EdwardsDoFe" uid="20770321" lat="21.0274620" lon="105.8427452"/>
 <node id="12962085634" visible="true" version="1" changeset="168278607" timestamp="2025-06-29T18:51:35Z" user="Cooper EdwardsDoFe" uid="20770321" lat="21.0275154" lon="105.8429442"/>
 <node id="12962085635" visible="true" version="1" changeset="168278607" timestamp="2025-06-29T18:51:35Z" user="Cooper EdwardsDoFe" uid="20770321" lat="21.0274332" lon="105.8429282"/>
 <node id="12962085636" visible="true" version="1" changeset="168278607" timestamp="2025-06-29T18:51:35Z" user="Cooper EdwardsDoFe" uid="20770321" lat="21.0273222" lon="105.8429099"/>
 <node id="12962085637" visible="true" version="1" changeset="168278607" timestamp="2025-06-29T18:51:35Z" user="Cooper EdwardsDoFe" uid="20770321" lat="21.0272763" lon="105.8429842"/>
 <node id="12962085638" visible="true" version="1" changeset="168278607" timestamp="2025-06-29T18:51:35Z" user="Cooper EdwardsDoFe" uid="20770321" lat="21.0273937" lon="105.8430345"/>
 <node id="12962085639" visible="true" version="1" changeset="168278607" timestamp="2025-06-29T18:51:35Z" user="Cooper EdwardsDoFe" uid="20770321" lat="21.0275154" lon="105.8429865"/>
 <node id="12985730765" visible="true" version="1" changeset="168608505" timestamp="2025-07-07T14:25:26Z" user="ItsLouisAnderson" uid="11691953" lat="21.0266392" lon="105.8415214"/>
 <node id="12985730766" visible="true" version="1" changeset="168608505" timestamp="2025-07-07T14:25:26Z" user="ItsLouisAnderson" uid="11691953" lat="21.0223312" lon="105.8414762"/>
 <node id="12985730767" visible="true" version="1" changeset="168608505" timestamp="2025-07-07T14:25:26Z" user="ItsLouisAnderson" uid="11691953" lat="21.0206574" lon="105.8414269"/>
 <node id="12989000074" visible="true" version="1" changeset="168676148" timestamp="2025-07-09T04:40:43Z" user="GrabVN_HHanh" uid="21825758" lat="21.0275526" lon="105.8407695">
  <tag k="access" v="permissive"/>
  <tag k="barrier" v="gate"/>
 </node>
 <node id="12989195688" visible="true" version="2" changeset="169904567" timestamp="2025-08-03T13:13:34Z" user="doggosmile" uid="20107008" lat="21.0283820" lon="105.8416868"/>
 <node id="12996958357" visible="true" version="1" changeset="168863252" timestamp="2025-07-13T08:30:59Z" user="Cooper EdwardsDoFe" uid="20770321" lat="21.0279934" lon="105.8415256"/>
 <node id="12996958358" visible="true" version="1" changeset="168863252" timestamp="2025-07-13T08:30:59Z" user="Cooper EdwardsDoFe" uid="20770321" lat="21.0279736" lon="105.8415211"/>
 <node id="12996958359" visible="true" version="1" changeset="168863252" timestamp="2025-07-13T08:30:59Z" user="Cooper EdwardsDoFe" uid="20770321" lat="21.0279725" lon="105.8415283"/>
 <node id="12996958360" visible="true" version="1" changeset="168863252" timestamp="2025-07-13T08:30:59Z" user="Cooper EdwardsDoFe" uid="20770321" lat="21.0279924" lon="105.8415306"/>
 <node id="13008794420" visible="true" version="1" changeset="169096550" timestamp="2025-07-18T08:33:45Z" user="Tewuzij" uid="16194143" lat="21.0289876" lon="105.8407147"/>
 <node id="13008988016" visible="true" version="1" changeset="169103731" timestamp="2025-07-18T11:16:06Z" user="daniellovesmappingstuff" uid="23081191" lat="21.0278410" lon="105.8429536"/>
 <node id="13008988017" visible="true" version="1" changeset="169103731" timestamp="2025-07-18T11:16:06Z" user="daniellovesmappingstuff" uid="23081191" lat="21.0277735" lon="105.8429704"/>
 <node id="13008988018" visible="true" version="1" changeset="169103731" timestamp="2025-07-18T11:16:06Z" user="daniellovesmappingstuff" uid="23081191" lat="21.0277860" lon="105.8430275"/>
 <node id="13008988019" visible="true" version="1" changeset="169103731" timestamp="2025-07-18T11:16:06Z" user="daniellovesmappingstuff" uid="23081191" lat="21.0278534" lon="105.8430107"/>
 <node id="13008988020" visible="true" version="1" changeset="169103731" timestamp="2025-07-18T11:16:06Z" user="daniellovesmappingstuff" uid="23081191" lat="21.0278513" lon="105.8430648"/>
 <node id="13008988021" visible="true" version="1" changeset="169103731" timestamp="2025-07-18T11:16:06Z" user="daniellovesmappingstuff" uid="23081191" lat="21.0277513" lon="105.8430854"/>
 <node id="13008988022" visible="true" version="1" changeset="169103731" timestamp="2025-07-18T11:16:06Z" user="daniellovesmappingstuff" uid="23081191" lat="21.0277595" lon="105.8431309"/>
 <node id="13008988023" visible="true" version="1" changeset="169103731" timestamp="2025-07-18T11:16:06Z" user="daniellovesmappingstuff" uid="23081191" lat="21.0278595" lon="105.8431103"/>
 <node id="13008988048" visible="true" version="1" changeset="169103731" timestamp="2025-07-18T11:16:06Z" user="daniellovesmappingstuff" uid="23081191" lat="21.0275911" lon="105.8429179"/>
 <node id="13008988049" visible="true" version="1" changeset="169103731" timestamp="2025-07-18T11:16:06Z" user="daniellovesmappingstuff" uid="23081191" lat="21.0275482" lon="105.8429293"/>
 <node id="13008988050" visible="true" version="1" changeset="169103731" timestamp="2025-07-18T11:16:06Z" user="daniellovesmappingstuff" uid="23081191" lat="21.0275585" lon="105.8429740"/>
 <node id="13008988051" visible="true" version="1" changeset="169103731" timestamp="2025-07-18T11:16:06Z" user="daniellovesmappingstuff" uid="23081191" lat="21.0276014" lon="105.8429626"/>
 <node id="13033490188" visible="true" version="1" changeset="169658260" timestamp="2025-07-29T08:46:24Z" user="sykul" uid="9715645" lat="21.0275497" lon="105.8402604">
  <tag k="amenity" v="restaurant"/>
  <tag k="check_date" v="2025-07-29"/>
  <tag k="cuisine" v="regional"/>
  <tag k="internet_access" v="wlan"/>
  <tag k="name" v="Miến Lươn"/>
 </node>
 <node id="13033490189" visible="true" version="1" changeset="169658260" timestamp="2025-07-29T08:46:24Z" user="sykul" uid="9715645" lat="21.0276317" lon="105.8404277">
  <tag k="amenity" v="cafe"/>
  <tag k="check_date" v="2025-07-29"/>
  <tag k="name" v="Ép Station"/>
  <tag k="outdoor_seating" v="no"/>
  <tag k="takeaway" v="only"/>
 </node>
 <node id="13039561899" visible="true" version="2" changeset="169849969" timestamp="2025-08-02T07:46:13Z" user="Tewuzij" uid="16194143" lat="21.0275748" lon="105.8422178">
  <tag k="brand" v="Circle K"/>
  <tag k="brand:wikidata" v="Q3268010"/>
  <tag k="check_date" v="2025-07-29"/>
  <tag k="name" v="Circle K"/>
  <tag k="shop" v="convenience"/>
 </node>
 <node id="13039561900" visible="true" version="1" changeset="169776345" timestamp="2025-07-31T15:25:18Z" user="sykul" uid="9715645" lat="21.0273189" lon="105.8422415">
  <tag k="amenity" v="bar"/>
  <tag k="check_date" v="2025-07-29"/>
  <tag k="name" v="Bếp Béo"/>
 </node>
 <node id="13039615003" visible="true" version="1" changeset="169776345" timestamp="2025-07-31T15:25:18Z" user="sykul" uid="9715645" lat="21.0278110" lon="105.8420516">
  <tag k="check_date" v="2025-07-31"/>
  <tag k="name" v="Dream Premium Hotel &amp; Spa"/>
  <tag k="tourism" v="hotel"/>
 </node>
 <node id="13039615004" visible="true" version="1" changeset="169776345" timestamp="2025-07-31T15:25:18Z" user="sykul" uid="9715645" lat="21.0278240" lon="105.8421535">
  <tag k="amenity" v="cafe"/>
  <tag k="check_date" v="2025-07-31"/>
  <tag k="name" v="Oude Kafe"/>
 </node>
 <node id="13039615005" visible="true" version="1" changeset="169776345" timestamp="2025-07-31T15:25:18Z" user="sykul" uid="9715645" lat="21.0275962" lon="105.8420176">
  <tag k="amenity" v="cafe"/>
  <tag k="check_date" v="2025-07-31"/>
  <tag k="name" v="Aha Café"/>
 </node>
 <node id="13039615006" visible="true" version="1" changeset="169776345" timestamp="2025-07-31T15:25:18Z" user="sykul" uid="9715645" lat="21.0277911" lon="105.8419849">
  <tag k="amenity" v="restaurant"/>
  <tag k="check_date" v="2025-07-31"/>
  <tag k="cuisine" v="regional"/>
  <tag k="name" v="Thủy Bún Ốc"/>
 </node>
 <node id="13039615007" visible="true" version="1" changeset="169776345" timestamp="2025-07-31T15:25:18Z" user="sykul" uid="9715645" lat="21.0276390" lon="105.8421069">
  <tag k="amenity" v="restaurant"/>
  <tag k="check_date" v="2025-07-31"/>
  <tag k="cuisine" v="regional"/>
  <tag k="name" v="Bánh Mỳ 73"/>
 </node>
 <node id="13045693888" visible="true" version="1" changeset="169904567" timestamp="2025-08-03T13:13:34Z" user="doggosmile" uid="20107008" lat="21.0279627" lon="105.8432948"/>
 <node id="13045693889" visible="true" version="1" changeset="169904567" timestamp="2025-08-03T13:13:34Z" user="doggosmile" uid="20107008" lat="21.0279524" lon="105.8431872"/>
 <node id="13045693890" visible="true" version="1" changeset="169904567" timestamp="2025-08-03T13:13:34Z" user="doggosmile" uid="20107008" lat="21.0278486" lon="105.8426520"/>
 <node id="13045693891" visible="true" version="1" changeset="169904567" timestamp="2025-08-03T13:13:34Z" user="doggosmile" uid="20107008" lat="21.0277272" lon="105.8421221"/>
 <node id="13045693893" visible="true" version="1" changeset="169904567" timestamp="2025-08-03T13:13:34Z" user="doggosmile" uid="20107008" lat="21.0282440" lon="105.8415436"/>
 <node id="13045693895" visible="true" version="1" changeset="169904567" timestamp="2025-08-03T13:13:34Z" user="doggosmile" uid="20107008" lat="21.0283520" lon="105.8416486"/>
 <node id="13105492354" visible="true" version="1" changeset="171174509" timestamp="2025-08-29T09:48:10Z" user="phoenixsaigon1698" uid="3323343" lat="21.0270264" lon="105.8415354"/>
 <node id="13390941508" visible="true" version="1" changeset="176183892" timestamp="2025-12-20T14:48:52Z" user="BaboucheVerte" uid="6296343" lat="21.0286349" lon="105.8417294">
  <tag k="amenity" v="toilets"/>
  <tag k="fee" v="no"/>
 </node>
 <node id="13428295842" visible="true" version="1" changeset="176778072" timestamp="2026-01-03T11:47:45Z" user="Brent_Baum" uid="10669282" lat="21.0288127" lon="105.8416054">
  <tag k="amenity" v="toilets"/>
 </node>
 <node id="13514240898" visible="true" version="1" changeset="177925387" timestamp="2026-01-31T13:15:20Z" user="pepsi_max2k" uid="14719801" lat="21.0282332" lon="105.8414720"/>
 <node id="13514240899" visible="true" version="1" changeset="177925387" timestamp="2026-01-31T13:15:20Z" user="pepsi_max2k" uid="14719801" lat="21.0281991" lon="105.8414372"/>
 <node id="13514240900" visible="true" version="1" changeset="177925387" timestamp="2026-01-31T13:15:20Z" user="pepsi_max2k" uid="14719801" lat="21.0281530" lon="105.8413987"/>
 <node id="13514299101" visible="true" version="1" changeset="177925387" timestamp="2026-01-31T13:15:20Z" user="pepsi_max2k" uid="14719801" lat="21.0280369" lon="105.8413138"/>
 <node id="13514299102" visible="true" version="1" changeset="177925387" timestamp="2026-01-31T13:15:20Z" user="pepsi_max2k" uid="14719801" lat="21.0279549" lon="105.8412605"/>
 <node id="13514299103" visible="true" version="1" changeset="177925387" timestamp="2026-01-31T13:15:20Z" user="pepsi_max2k" uid="14719801" lat="21.0278424" lon="105.8411904"/>
 <node id="13514299104" visible="true" version="1" changeset="177925387" timestamp="2026-01-31T13:15:20Z" user="pepsi_max2k" uid="14719801" lat="21.0277669" lon="105.8411430"/>
 <node id="13514299105" visible="true" version="1" changeset="177925387" timestamp="2026-01-31T13:15:20Z" user="pepsi_max2k" uid="14719801" lat="21.0276654" lon="105.8410981"/>
 <node id="13609325802" visible="true" version="1" changeset="179207033" timestamp="2026-03-01T12:51:43Z" user="Neonf" uid="21218964" lat="21.0274430" lon="105.8417722">
  <tag k="shop" v="florist"/>
 </node>
 <node id="13609325902" visible="true" version="1" changeset="179207033" timestamp="2026-03-01T12:51:45Z" user="Neonf" uid="21218964" lat="21.0275081" lon="105.8414423">
  <tag k="addr:housenumber" v="58"/>
  <tag k="addr:street" v="Đường Lê Duẩn"/>
  <tag k="amenity" v="pharmacy"/>
 </node>
 <way id="11558435" visible="true" version="27" changeset="177925387" timestamp="2026-01-31T13:15:20Z" user="pepsi_max2k" uid="14719801">
  <nd ref="10165813946"/>
  <nd ref="81799495"/>
  <nd ref="13514299105"/>
  <nd ref="5703642416"/>
  <nd ref="6657839319"/>
  <nd ref="103060023"/>
  <tag k="foot" v="yes"/>
  <tag k="highway" v="tertiary"/>
  <tag k="name" v="Phố Nguyễn Khuyến"/>
  <tag k="name:en" v="Nguyen Khuyen Street"/>
  <tag k="name:id" v="Jalan Nguyen Khuyen"/>
  <tag k="name:zh" v="阮劝街"/>
  <tag k="oneway" v="yes"/>
  <tag k="oneway:bicycle" v="no"/>
  <tag k="oneway:mofa" v="no"/>
  <tag k="oneway:moped" v="no"/>
  <tag k="oneway:motorcycle" v="no"/>
  <tag k="sidewalk" v="both"/>
  <tag k="surface" v="asphalt"/>
 </way>
 <way id="11559222" visible="true" version="16" changeset="157235414" timestamp="2024-09-29T04:09:28Z" user="vietnam321" uid="11196308">
  <nd ref="2275188545"/>
  <nd ref="12208357855"/>
  <nd ref="993879883"/>
  <nd ref="10149108513"/>
  <nd ref="422619751"/>
  <nd ref="5703642412"/>
  <nd ref="6658105843"/>
  <nd ref="5704011527"/>
  <nd ref="6658105841"/>
  <nd ref="6658105839"/>
  <nd ref="12208357857"/>
  <nd ref="317968780"/>
  <tag k="highway" v="residential"/>
  <tag k="name" v="Phố Trần Quý Cáp"/>
  <tag k="name:en" v="Tran Quy Cap Street"/>
  <tag k="surface" v="asphalt"/>
 </way>
 <way id="29279246" visible="true" version="7" changeset="169904567" timestamp="2025-08-03T13:13:34Z" user="doggosmile" uid="20107008">
  <nd ref="321984066"/>
  <nd ref="10155016701"/>
  <nd ref="10155016702"/>
  <nd ref="13045693890"/>
  <tag k="highway" v="residential"/>
  <tag k="name" v="Phố Đình Ngang"/>
  <tag k="name:en" v="Dinh Ngang Street"/>
  <tag k="surface" v="asphalt"/>
 </way>
 <way id="218250465" visible="true" version="6" changeset="73121988" timestamp="2019-08-07T17:23:30Z" user="mama_bear" uid="6980194">
  <nd ref="2275188545"/>
  <nd ref="2275188546"/>
  <nd ref="2275188548"/>
  <nd ref="6596686180"/>
  <nd ref="2275188547"/>
  <nd ref="6596692090"/>
  <nd ref="2275188544"/>
  <nd ref="2275188549"/>
  <tag k="highway" v="residential"/>
  <tag k="name" v="Ngõ Ngô Sĩ Liên"/>
  <tag k="name:zh" v="吴士连巷"/>
 </way>
 <way id="262772607" visible="true" version="7" changeset="147697793" timestamp="2024-02-20T15:48:31Z" user="ItsLouisAnderson" uid="11691953">
  <nd ref="11219400595"/>
  <nd ref="11219400596"/>
  <nd ref="11219400597"/>
  <nd ref="11219400598"/>
  <nd ref="11219400599"/>
  <nd ref="6418622392"/>
  <nd ref="11219407086"/>
  <nd ref="11219407118"/>
  <tag k="electrified" v="no"/>
  <tag k="gauge" v="1000"/>
  <tag k="railway" v="rail"/>
 </way>
 <way id="262779970" visible="true" version="11" changeset="147168108" timestamp="2024-02-07T09:38:43Z" user="user_14538650" uid="14538650">
  <nd ref="11219400613"/>
  <nd ref="11219400589"/>
  <nd ref="11219400586"/>
  <nd ref="11594082843"/>
  <nd ref="81799495"/>
  <tag k="electrified" v="no"/>
  <tag k="gauge" v="1000"/>
  <tag k="maxspeed" v="20"/>
  <tag k="passenger_lines" v="1"/>
  <tag k="railway" v="rail"/>
  <tag k="usage" v="main"/>
 </way>
 <way id="514362704" visible="true" version="13" changeset="162428435" timestamp="2025-02-12T12:35:21Z" user="Wamia Zaman" uid="22445635">
  <nd ref="3942923749"/>
  <nd ref="11594082843"/>
  <nd ref="11594082844"/>
  <nd ref="7993990966"/>
  <nd ref="7993990967"/>
  <nd ref="5025409308"/>
  <nd ref="5025409307"/>
  <nd ref="5025409306"/>
  <nd ref="5025409305"/>
  <nd ref="5025409304"/>
  <nd ref="5025409303"/>
  <nd ref="5025409302"/>
  <nd ref="11251298503"/>
  <nd ref="5025409301"/>
  <nd ref="5025409300"/>
  <nd ref="5025409299"/>
  <nd ref="5025409297"/>
  <nd ref="6600328454"/>
  <nd ref="5025409296"/>
  <nd ref="5706922916"/>
  <nd ref="7993990959"/>
  <nd ref="11251298394"/>
  <nd ref="7993990960"/>
  <nd ref="6600328452"/>
  <nd ref="5025409295"/>
  <nd ref="5025409293"/>
  <nd ref="5025409292"/>
  <nd ref="7993990963"/>
  <nd ref="7993990964"/>
  <nd ref="5025409291"/>
  <nd ref="7993990965"/>
  <nd ref="11251298392"/>
  <nd ref="11251298393"/>
  <nd ref="5025409290"/>
  <nd ref="5025409289"/>
  <nd ref="11251298389"/>
  <nd ref="11251298390"/>
  <nd ref="11251298370"/>
  <nd ref="11251298371"/>
  <nd ref="11251298363"/>
  <nd ref="11251298351"/>
  <nd ref="11251298359"/>
  <nd ref="11251298360"/>
  <nd ref="11251298356"/>
  <nd ref="5025409288"/>
  <nd ref="11220208047"/>
  <nd ref="11222152572"/>
  <nd ref="11220208052"/>
  <nd ref="11220208050"/>
  <nd ref="5025409287"/>
  <nd ref="5025409286"/>
  <nd ref="6676669212"/>
  <nd ref="6676669209"/>
  <nd ref="11283924917"/>
  <nd ref="11222152596"/>
  <nd ref="11283924919"/>
  <nd ref="11283924918"/>
  <nd ref="11283924930"/>
  <nd ref="11283924929"/>
  <nd ref="11283924936"/>
  <nd ref="11283924928"/>
  <nd ref="5025409285"/>
  <nd ref="11222152588"/>
  <nd ref="5025409284"/>
  <nd ref="11283924935"/>
  <nd ref="5025409283"/>
  <nd ref="12582093584"/>
  <nd ref="81799493"/>
  <nd ref="3942923749"/>
  <tag k="landuse" v="railway"/>
  <tag k="operator" v="Tổng Công ty Đường sắt Việt Nam"/>
 </way>
 <way id="560573139" visible="true" version="15" changeset="169904567" timestamp="2025-08-03T13:13:34Z" user="doggosmile" uid="20107008">
  <nd ref="11594082839"/>
  <nd ref="11219400585"/>
  <nd ref="3942923750"/>
  <nd ref="3942923751"/>
  <nd ref="11594082840"/>
  <nd ref="10165813936"/>
  <nd ref="13045693893"/>
  <nd ref="309815200"/>
  <nd ref="10155016699"/>
  <nd ref="7202402658"/>
  <nd ref="12989195688"/>
  <nd ref="7190559271"/>
  <nd ref="4023305214"/>
  <nd ref="11594082841"/>
  <nd ref="10155016700"/>
  <nd ref="104771041"/>
  <nd ref="11594082842"/>
  <nd ref="10159370768"/>
  <nd ref="6611608746"/>
  <nd ref="98044764"/>
  <nd ref="10168769258"/>
  <nd ref="98045871"/>
  <nd ref="12071662684"/>
  <tag k="electrified" v="no"/>
  <tag k="gauge" v="1000"/>
  <tag k="maxspeed" v="30"/>
  <tag k="passenger_lines" v="1"/>
  <tag k="railway" v="rail"/>
  <tag k="usage" v="main"/>
 </way>
 <way id="599507152" visible="true" version="2" changeset="168676148" timestamp="2025-07-09T04:40:43Z" user="GrabVN_HHanh" uid="21825758">
  <nd ref="5703642416"/>
  <nd ref="12989000074"/>
  <nd ref="5703642415"/>
  <nd ref="5703642414"/>
  <nd ref="5703642413"/>
  <tag k="highway" v="service"/>
 </way>
 <way id="601522489" visible="true" version="17" changeset="176487605" timestamp="2025-12-27T15:05:31Z" user="Ilovemap1999" uid="21198639">
  <nd ref="308712571"/>
  <nd ref="6651394976"/>
  <nd ref="309815200"/>
  <nd ref="6657839322"/>
  <tag k="bicycle" v="yes"/>
  <tag k="foot" v="yes"/>
  <tag k="highway" v="primary"/>
  <tag k="lanes" v="2"/>
  <tag k="lit" v="yes"/>
  <tag k="motor_vehicle:conditional" v="no @ (Aug 29 21:30-23:59; Aug 30 00:00-13:30; Sep 1 17:00-23:59; Sep 2 00:00-16:00)"/>
  <tag k="name" v="Đường Lê Duẩn"/>
  <tag k="name:en" v="Le Duan Road"/>
  <tag k="name:id" v="Jalan Le Duan"/>
  <tag k="name:zh" v="黎笋路"/>
  <tag k="oneway" v="yes"/>
  <tag k="sidewalk" v="both"/>
  <tag k="surface" v="asphalt"/>
 </way>
 <way id="601522492" visible="true" version="16" changeset="176487605" timestamp="2025-12-27T15:05:31Z" user="Ilovemap1999" uid="21198639">
  <nd ref="308712571"/>
  <nd ref="10165813927"/>
  <nd ref="104771041"/>
  <nd ref="321984066"/>
  <nd ref="6611608735"/>
  <tag k="highway" v="secondary"/>
  <tag k="lanes" v="3"/>
  <tag k="lit" v="yes"/>
  <tag k="motor_vehicle:conditional" v="no @ (Aug 29 21:30-23:59; Aug 30 00:00-13:30; Sep 1 17:00-23:59; Sep 2 00:00-16:00)"/>
  <tag k="name" v="Phố Nguyễn Thái Học"/>
  <tag k="name:en" v="Nguyen Thai Hoc Street"/>
  <tag k="name:id" v="Jalan Nguyen Thai Hoc"/>
  <tag k="name:zh" v="阮太学街"/>
  <tag k="oneway" v="yes"/>
  <tag k="surface" v="asphalt"/>
 </way>
 <way id="601595922" visible="true" version="9" changeset="176510748" timestamp="2025-12-28T02:13:42Z" user="ThShepard" uid="21231771">
  <nd ref="98043906"/>
  <nd ref="6651394971"/>
  <nd ref="10155016706"/>
  <nd ref="10149099229"/>
  <nd ref="6657839323"/>
  <tag k="highway" v="tertiary"/>
  <tag k="lanes" v="2"/>
  <tag k="name" v="Phố Hai Bà Trưng"/>
  <tag k="name:en" v="Hai Ba Trung Street"/>
  <tag k="name:zh" v="二征夫人街"/>
  <tag k="smoothness" v="excellent"/>
  <tag k="surface" v="asphalt"/>
 </way>
 <way id="618211339" visible="true" version="15" changeset="171238481" timestamp="2025-08-30T17:23:50Z" user="HoangQuanHDFPV" uid="22644759">
  <nd ref="98044767"/>
  <nd ref="10149108517"/>
  <nd ref="10149108516"/>
  <nd ref="10149108515"/>
  <nd ref="10584178755"/>
  <nd ref="10584178757"/>
  <nd ref="10584178759"/>
  <nd ref="10584178756"/>
  <nd ref="7192356874"/>
  <nd ref="2049258210"/>
  <tag k="highway" v="secondary_link"/>
  <tag k="name" v="Phố Cửa Nam"/>
  <tag k="oneway" v="yes"/>
  <tag k="surface" v="asphalt"/>
 </way>
 <way id="703595586" visible="true" version="3" changeset="93007927" timestamp="2020-10-25T07:45:13Z" user="ItsLouisAnderson" uid="11691953">
  <nd ref="6607498887"/>
  <nd ref="6607498888"/>
  <nd ref="6607498889"/>
  <nd ref="6607498890"/>
  <nd ref="6607498887"/>
  <tag k="addr:city" v="Hà Nội"/>
  <tag k="addr:district" v="Đống Đa"/>
  <tag k="addr:housenumber" v="1"/>
  <tag k="addr:province" v="Hà Nội"/>
  <tag k="addr:street" v="Phố Trần Quý Cáp"/>
  <tag k="addr:subdistrict" v="Văn Miếu"/>
  <tag k="building" v="train_station"/>
  <tag k="name" v="Ga Hà Nội B"/>
 </way>
 <way id="704134611" visible="true" version="1" changeset="72207058" timestamp="2019-07-13T10:51:46Z" user="TuanIfan" uid="625303">
  <nd ref="6611608683"/>
  <nd ref="6611608682"/>
  <nd ref="6611608681"/>
  <nd ref="6611608680"/>
  <nd ref="6611608679"/>
  <nd ref="6611608678"/>
  <nd ref="6611608677"/>
  <nd ref="6611608676"/>
  <nd ref="6611608692"/>
  <nd ref="6611608691"/>
  <nd ref="6611608690"/>
  <nd ref="6611608689"/>
  <nd ref="6611608688"/>
  <nd ref="6611608687"/>
  <nd ref="6611608686"/>
  <nd ref="6611608685"/>
  <nd ref="6611608684"/>
  <nd ref="6611608683"/>
  <tag k="addr:housenumber" v="94"/>
  <tag k="addr:street" v="Phố Hai Bà Trưng"/>
  <tag k="amenity" v="place_of_worship"/>
  <tag k="denomination" v="mahayana"/>
  <tag k="name" v="Chùa Thiên Phúc"/>
  <tag k="religion" v="buddhist"/>
 </way>
 <way id="704134613" visible="true" version="2" changeset="78401016" timestamp="2019-12-14T07:13:41Z" user="anhitc" uid="883542">
  <nd ref="6611608706"/>
  <nd ref="6611608705"/>
  <nd ref="6611608704"/>
  <nd ref="6611608703"/>
  <nd ref="6611608702"/>
  <nd ref="6611608701"/>
  <nd ref="6611608700"/>
  <nd ref="6611608699"/>
  <nd ref="6611608698"/>
  <nd ref="6611608697"/>
  <nd ref="6611608706"/>
  <tag k="addr:housenumber" v="94"/>
  <tag k="addr:street" v="Hai Bà Trưng"/>
  <tag k="amenity" v="place_of_worship"/>
  <tag k="building" v="yes"/>
  <tag k="name" v="Chùa Thiên Phúc"/>
  <tag k="religion" v="buddhist"/>
 </way>
 <way id="704134615" visible="true" version="3" changeset="169459152" timestamp="2025-07-25T14:54:14Z" user="vietnam321" uid="11196308">
  <nd ref="6611608722"/>
  <nd ref="6611608721"/>
  <nd ref="6611608720"/>
  <nd ref="6611608719"/>
  <nd ref="6611608718"/>
  <nd ref="12607226228"/>
  <nd ref="6611608715"/>
  <nd ref="6611608716"/>
  <nd ref="6611608717"/>
  <nd ref="6611608722"/>
  <tag k="building" v="retail"/>
  <tag k="name" v="Chợ Cửa Nam"/>
 </way>
 <way id="704134616" visible="true" version="2" changeset="147879819" timestamp="2024-02-25T07:29:55Z" user="ItsLouisAnderson" uid="11691953">
  <nd ref="6611608726"/>
  <nd ref="6611608725"/>
  <nd ref="6611608724"/>
  <nd ref="6611608723"/>
  <nd ref="6611608726"/>
  <tag k="building" v="yes"/>
  <tag k="name" v="Trạm biến áp Cửa Nam"/>
  <tag k="power" v="substation"/>
 </way>
 <way id="704134619" visible="true" version="11" changeset="176487605" timestamp="2025-12-27T15:05:31Z" user="Ilovemap1999" uid="21198639">
  <nd ref="6611608735"/>
  <nd ref="98044767"/>
  <tag k="highway" v="secondary"/>
  <tag k="lanes" v="3"/>
  <tag k="lit" v="yes"/>
  <tag k="motor_vehicle:conditional" v="no @ (Aug 29 21:30-23:59; Aug 30 00:00-13:30; Sep 1 17:00-23:59; Sep 2 00:00-16:00)"/>
  <tag k="name" v="Phố Nguyễn Thái Học"/>
  <tag k="name:en" v="Nguyen Thai Hoc Street"/>
  <tag k="name:id" v="Jalan Nguyen Thai Hoc"/>
  <tag k="name:zh" v="阮太学街"/>
  <tag k="oneway" v="yes"/>
  <tag k="surface" v="asphalt"/>
 </way>
 <way id="704134621" visible="true" version="22" changeset="176487605" timestamp="2025-12-27T15:05:31Z" user="Ilovemap1999" uid="21198639">
  <nd ref="6611608743"/>
  <nd ref="6611608744"/>
  <nd ref="6670759505"/>
  <nd ref="6611608746"/>
  <nd ref="6611608748"/>
  <nd ref="6611608749"/>
  <nd ref="98044767"/>
  <tag k="highway" v="secondary"/>
  <tag k="lit" v="yes"/>
  <tag k="motor_vehicle:conditional" v="no @ (Aug 29 21:30-23:59; Aug 30 00:00-13:30; Sep 1 17:00-23:59; Sep 2 00:00-16:00)"/>
  <tag k="name" v="Đường Điện Biên Phủ"/>
  <tag k="name:en" v="Dien Bien Phu Street"/>
  <tag k="oneway" v="yes"/>
  <tag k="surface" v="asphalt"/>
 </way>
 <way id="707352351" visible="true" version="9" changeset="169904567" timestamp="2025-08-03T13:13:34Z" user="doggosmile" uid="20107008">
  <nd ref="13045693888"/>
  <nd ref="13045693889"/>
  <tag k="highway" v="tertiary"/>
  <tag k="name" v="Phố Cửa Nam"/>
  <tag k="name:en" v="Cua Nam Street"/>
  <tag k="surface" v="asphalt"/>
 </way>
 <way id="707363808" visible="true" version="5" changeset="167558013" timestamp="2025-06-13T04:32:52Z" user="phoenixsaigon1698" uid="3323343">
  <nd ref="10168769272"/>
  <nd ref="6647319338"/>
  <nd ref="6611608748"/>
  <nd ref="10168769271"/>
  <tag k="crossing" v="uncontrolled"/>
  <tag k="crossing:markings" v="yes"/>
  <tag k="footway" v="crossing"/>
  <tag k="highway" v="footway"/>
  <tag k="surface" v="asphalt"/>
 </way>
 <way id="708525731" visible="true" version="2" changeset="128447382" timestamp="2022-11-03T16:41:02Z" user="ItsLouisAnderson" uid="11691953">
  <nd ref="10149099312"/>
  <nd ref="6657839323"/>
  <nd ref="6657839324"/>
  <nd ref="10155016703"/>
  <tag k="crossing" v="traffic_signals"/>
  <tag k="footway" v="crossing"/>
  <tag k="highway" v="footway"/>
 </way>
 <way id="710176317" visible="true" version="2" changeset="162763804" timestamp="2025-02-21T04:03:26Z" user="amoacristoelsalvador" uid="21655465">
  <nd ref="6676669203"/>
  <nd ref="6676669200"/>
  <nd ref="6676669201"/>
  <nd ref="6676669202"/>
  <nd ref="12606075367"/>
  <nd ref="6676669203"/>
  <tag k="addr:street" v="Đường Lê Duẩn"/>
  <tag k="building" v="apartments"/>
 </way>
 <way id="710176322" visible="true" version="14" changeset="176487605" timestamp="2025-12-27T15:05:31Z" user="Ilovemap1999" uid="21198639">
  <nd ref="6657839320"/>
  <nd ref="13105492354"/>
  <nd ref="6676669235"/>
  <nd ref="98044064"/>
  <tag k="bicycle" v="yes"/>
  <tag k="foot" v="yes"/>
  <tag k="highway" v="primary"/>
  <tag k="lanes" v="2"/>
  <tag k="lit" v="yes"/>
  <tag k="motor_vehicle:conditional" v="no @ (Aug 29 21:30-23:59; Aug 30 00:00-13:30; Sep 1 17:00-23:59; Sep 2 00:00-16:00)"/>
  <tag k="name" v="Đường Lê Duẩn"/>
  <tag k="name:en" v="Le Duan Road"/>
  <tag k="name:id" v="Jalan Le Duan"/>
  <tag k="name:zh" v="黎笋路"/>
  <tag k="oneway" v="yes"/>
  <tag k="sidewalk" v="both"/>
  <tag k="surface" v="asphalt"/>
 </way>
 <way id="770299549" visible="true" version="2" changeset="128378092" timestamp="2022-11-02T08:32:49Z" user="ItsLouisAnderson" uid="11691953">
  <nd ref="7190559266"/>
  <nd ref="7190559267"/>
  <nd ref="7190559268"/>
  <nd ref="7190559269"/>
  <nd ref="7190559270"/>
  <nd ref="10149108480"/>
  <nd ref="10149108482"/>
  <nd ref="10149108481"/>
  <nd ref="7190559272"/>
  <nd ref="7190559273"/>
  <nd ref="7190559266"/>
  <tag k="leisure" v="park"/>
  <tag k="name" v="Vườn hoa Cửa Nam"/>
 </way>
 <way id="770552093" visible="true" version="8" changeset="169904567" timestamp="2025-08-03T13:13:34Z" user="doggosmile" uid="20107008">
  <nd ref="7192356874"/>
  <nd ref="10584178754"/>
  <nd ref="7192356872"/>
  <nd ref="7192356871"/>
  <nd ref="10149108483"/>
  <nd ref="13045693889"/>
  <tag k="highway" v="secondary_link"/>
  <tag k="lane_markings" v="no"/>
  <tag k="oneway" v="yes"/>
  <tag k="surface" v="asphalt"/>
 </way>
 <way id="770552095" visible="true" version="18" changeset="176487605" timestamp="2025-12-27T15:05:31Z" user="Ilovemap1999" uid="21198639">
  <nd ref="10584131490"/>
  <nd ref="10584178723"/>
  <nd ref="10584131492"/>
  <nd ref="12911915275"/>
  <nd ref="6611608741"/>
  <nd ref="6647319338"/>
  <nd ref="317968491"/>
  <nd ref="98044764"/>
  <nd ref="103012769"/>
  <nd ref="12089176477"/>
  <nd ref="12089176476"/>
  <nd ref="6670759506"/>
  <nd ref="6611608755"/>
  <nd ref="6611608743"/>
  <tag k="highway" v="secondary"/>
  <tag k="lanes" v="3"/>
  <tag k="lit" v="yes"/>
  <tag k="motor_vehicle:conditional" v="no @ (Aug 29 21:30-23:59; Aug 30 00:00-13:30; Sep 1 17:00-23:59; Sep 2 00:00-16:00)"/>
  <tag k="name" v="Đường Điện Biên Phủ"/>
  <tag k="name:en" v="Dien Bien Phu Street"/>
  <tag k="name:zh" v="奠边府路"/>
  <tag k="oneway" v="yes"/>
  <tag k="surface" v="asphalt"/>
 </way>
 <way id="772336423" visible="true" version="8" changeset="176510748" timestamp="2025-12-28T02:14:59Z" user="ThShepard" uid="21231771">
  <nd ref="13045693890"/>
  <nd ref="13045693891"/>
  <nd ref="6657839324"/>
  <tag k="highway" v="tertiary"/>
  <tag k="lanes" v="2"/>
  <tag k="name" v="Phố Cửa Nam"/>
  <tag k="name:en" v="Cua Nam Street"/>
  <tag k="name:zh" v="南门街"/>
  <tag k="oneway" v="yes"/>
  <tag k="smoothness" v="excellent"/>
  <tag k="surface" v="asphalt"/>
 </way>
 <way id="772362117" visible="true" version="3" changeset="142145727" timestamp="2023-10-04T13:26:14Z" user="user_14538650" uid="14538650">
  <nd ref="103060023"/>
  <nd ref="317968479"/>
  <tag k="highway" v="tertiary"/>
  <tag k="name" v="Phố Nguyễn Khuyến"/>
  <tag k="name:en" v="Nguyen Khuyen Street"/>
  <tag k="name:id" v="Jalan Nguyen Khuyen"/>
  <tag k="name:zh" v="阮劝街"/>
  <tag k="oneway" v="yes"/>
  <tag k="sidewalk" v="both"/>
  <tag k="surface" v="asphalt"/>
 </way>
 <way id="788757975" visible="true" version="17" changeset="176487605" timestamp="2025-12-27T15:05:31Z" user="Ilovemap1999" uid="21198639">
  <nd ref="98044767"/>
  <nd ref="10584178722"/>
  <nd ref="7179209950"/>
  <tag k="highway" v="secondary"/>
  <tag k="lanes" v="3"/>
  <tag k="lit" v="yes"/>
  <tag k="motor_vehicle:conditional" v="no @ (Aug 29 21:30-23:59; Aug 30 00:00-13:30; Sep 1 17:00-23:59; Sep 2 00:00-16:00)"/>
  <tag k="name" v="Đường Điện Biên Phủ"/>
  <tag k="name:en" v="Dien Bien Phu Street"/>
  <tag k="oneway" v="yes"/>
  <tag k="surface" v="asphalt"/>
 </way>
 <way id="832454959" visible="true" version="7" changeset="169934000" timestamp="2025-08-04T05:25:34Z" user="AndjelaS" uid="8951082">
  <nd ref="308712571"/>
  <nd ref="9246156833"/>
  <nd ref="6352370421"/>
  <tag k="admin_level" v="6"/>
  <tag k="boundary" v="administrative"/>
 </way>
 <way id="1001972030" visible="true" version="12" changeset="172206555" timestamp="2025-09-20T13:46:50Z" user="edumiz624" uid="20881381">
  <nd ref="8189781666"/>
  <nd ref="9247782142"/>
  <nd ref="9247782145"/>
  <nd ref="10554038717"/>
  <nd ref="9247782144"/>
  <nd ref="9247782143"/>
  <nd ref="9247782146"/>
  <nd ref="9247782147"/>
  <nd ref="9247782148"/>
  <nd ref="10554038718"/>
  <nd ref="9247782149"/>
  <nd ref="9247782150"/>
  <nd ref="9247782151"/>
  <nd ref="9247782152"/>
  <nd ref="9247782153"/>
  <nd ref="9247782154"/>
  <nd ref="9247782155"/>
  <tag k="admin_level" v="6"/>
  <tag k="boundary" v="administrative"/>
 </way>
 <way id="1021370764" visible="true" version="3" changeset="154634332" timestamp="2024-07-31T07:11:53Z" user="hocu" uid="374342">
  <nd ref="9420107222"/>
  <nd ref="9420107223"/>
  <nd ref="9420107224"/>
  <nd ref="9420107225"/>
  <nd ref="9420107222"/>
  <tag k="addr:city" v="Hà Nội"/>
  <tag k="addr:district" v="Quận Ba Đình"/>
  <tag k="addr:housenumber" v="49"/>
  <tag k="addr:street" v="Phố Nguyễn Thái Học"/>
  <tag k="addr:subdistrict" v="Phường Điện Biên"/>
  <tag k="amenity" v="post_office"/>
  <tag k="building" v="yes"/>
  <tag k="contact:phone" v="+84 24 3831 3366"/>
  <tag k="name" v="Bưu điện Nguyễn Thái Học"/>
  <tag k="name:en" v="Nguyen Thai Hoc Post Office"/>
  <tag k="name:tr" v="Nguyen Thai Hoc Postanesi"/>
  <tag k="operator" v="Bưu điện Trung tâm 1"/>
 </way>
 <way id="1040496849" visible="true" version="1" changeset="118506839" timestamp="2022-03-15T11:10:50Z" user="ravali_78" uid="10044812">
  <nd ref="9580380445"/>
  <nd ref="9580380444"/>
  <nd ref="9580380443"/>
  <nd ref="9580380442"/>
  <nd ref="9580380445"/>
  <tag k="building" v="yes"/>
  <tag k="import" v="grabremote"/>
 </way>
 <way id="1046091970" visible="true" version="1" changeset="119054154" timestamp="2022-03-29T07:21:46Z" user="kura_1" uid="14366156">
  <nd ref="9620194140"/>
  <nd ref="9620194137"/>
  <nd ref="9620194138"/>
  <nd ref="9620194139"/>
  <nd ref="9620194140"/>
  <tag k="building" v="yes"/>
 </way>
 <way id="1046091975" visible="true" version="1" changeset="119054154" timestamp="2022-03-29T07:21:46Z" user="kura_1" uid="14366156">
  <nd ref="9620194165"/>
  <nd ref="9620194162"/>
  <nd ref="9620194163"/>
  <nd ref="9620194164"/>
  <nd ref="9620194165"/>
  <tag k="building" v="yes"/>
 </way>
 <way id="1109218693" visible="true" version="4" changeset="176510751" timestamp="2025-12-28T02:13:32Z" user="ThShepard" uid="21231771">
  <nd ref="10149099312"/>
  <nd ref="10149099310"/>
  <nd ref="10149099309"/>
  <nd ref="10149099308"/>
  <nd ref="10149108593"/>
  <nd ref="10149099307"/>
  <nd ref="10149099293"/>
  <nd ref="10149099314"/>
  <nd ref="10149099294"/>
  <nd ref="10149099295"/>
  <nd ref="10149099296"/>
  <nd ref="10149099297"/>
  <nd ref="10149099298"/>
  <nd ref="10149099299"/>
  <nd ref="10149099300"/>
  <nd ref="10149099301"/>
  <nd ref="10149099302"/>
  <nd ref="10149108511"/>
  <nd ref="10149099303"/>
  <nd ref="10149099304"/>
  <nd ref="10149099305"/>
  <nd ref="10155016705"/>
  <nd ref="10149099306"/>
  <nd ref="10149099311"/>
  <tag k="footway" v="sidewalk"/>
  <tag k="highway" v="footway"/>
  <tag k="smoothness" v="good"/>
  <tag k="surface" v="paving_stones"/>
 </way>
 <way id="1109218707" visible="true" version="2" changeset="169904567" timestamp="2025-08-03T13:13:34Z" user="doggosmile" uid="20107008">
  <nd ref="13045693889"/>
  <nd ref="2049258210"/>
  <nd ref="13045693890"/>
  <tag k="highway" v="tertiary"/>
  <tag k="name" v="Phố Cửa Nam"/>
  <tag k="name:en" v="Cua Nam Street"/>
  <tag k="name:zh" v="南门街"/>
  <tag k="surface" v="asphalt"/>
 </way>
 <way id="1109218709" visible="true" version="5" changeset="176510751" timestamp="2025-12-28T02:11:57Z" user="ThShepard" uid="21231771">
  <nd ref="10149108489"/>
  <nd ref="10149108490"/>
  <nd ref="10584178717"/>
  <nd ref="10149108491"/>
  <nd ref="10149108492"/>
  <nd ref="10149108493"/>
  <nd ref="10149108494"/>
  <nd ref="10149108495"/>
  <nd ref="10149108496"/>
  <nd ref="10149108497"/>
  <nd ref="10149108498"/>
  <nd ref="10149108536"/>
  <nd ref="10149108499"/>
  <nd ref="10149108500"/>
  <nd ref="10149108538"/>
  <nd ref="10149108501"/>
  <nd ref="10149108502"/>
  <nd ref="10149108503"/>
  <nd ref="10149108510"/>
  <nd ref="10155016704"/>
  <nd ref="10149108504"/>
  <nd ref="10149108505"/>
  <nd ref="10149108506"/>
  <nd ref="10149108507"/>
  <nd ref="10149108508"/>
  <nd ref="10149108509"/>
  <nd ref="10149108489"/>
  <tag k="footway" v="sidewalk"/>
  <tag k="highway" v="footway"/>
  <tag k="smoothness" v="good"/>
  <tag k="surface" v="paving_stones"/>
 </way>
 <way id="1109218722" visible="true" version="3" changeset="135746829" timestamp="2023-05-05T15:29:32Z" user="meland" uid="11601144">
  <nd ref="10149108577"/>
  <nd ref="10149108595"/>
  <nd ref="10149108576"/>
  <nd ref="10149108578"/>
  <nd ref="10149108574"/>
  <nd ref="10149108594"/>
  <nd ref="10165813965"/>
  <nd ref="10149108575"/>
  <nd ref="10165813937"/>
  <nd ref="10165813938"/>
  <nd ref="10165813939"/>
  <nd ref="10165813940"/>
  <nd ref="10165813941"/>
  <tag k="footway" v="sidewalk"/>
  <tag k="highway" v="footway"/>
  <tag k="surface" v="paving_stones"/>
 </way>
 <way id="1109218726" visible="true" version="2" changeset="169096550" timestamp="2025-07-18T08:33:45Z" user="Tewuzij" uid="16194143">
  <nd ref="10149108594"/>
  <nd ref="6676669235"/>
  <nd ref="10149108593"/>
  <tag k="crossing" v="marked"/>
  <tag k="crossing:markings" v="yes"/>
  <tag k="footway" v="crossing"/>
  <tag k="highway" v="footway"/>
 </way>
 <way id="1110046291" visible="true" version="2" changeset="128586519" timestamp="2022-11-07T08:48:12Z" user="ItsLouisAnderson" uid="11691953">
  <nd ref="10155016693"/>
  <nd ref="10155016692"/>
  <nd ref="10155016691"/>
  <nd ref="10165813952"/>
  <nd ref="10155016690"/>
  <nd ref="10155016689"/>
  <nd ref="10155016699"/>
  <nd ref="10155016678"/>
  <nd ref="10155016679"/>
  <nd ref="10155016680"/>
  <nd ref="10155016681"/>
  <nd ref="10155016703"/>
  <nd ref="10155016682"/>
  <nd ref="10155016683"/>
  <nd ref="10155016684"/>
  <nd ref="10155016685"/>
  <tag k="footway" v="sidewalk"/>
  <tag k="highway" v="footway"/>
 </way>
 <way id="1110046292" visible="true" version="1" changeset="128447382" timestamp="2022-11-03T16:41:02Z" user="ItsLouisAnderson" uid="11691953">
  <nd ref="10155016686"/>
  <nd ref="10155016687"/>
  <tag k="footway" v="sidewalk"/>
  <tag k="highway" v="footway"/>
 </way>
 <way id="1110046293" visible="true" version="2" changeset="169096550" timestamp="2025-07-18T08:33:45Z" user="Tewuzij" uid="16194143">
  <nd ref="10155016685"/>
  <nd ref="10155016702"/>
  <nd ref="10155016686"/>
  <tag k="crossing" v="unmarked"/>
  <tag k="crossing:markings" v="no"/>
  <tag k="footway" v="crossing"/>
  <tag k="highway" v="footway"/>
 </way>
 <way id="1110046294" visible="true" version="3" changeset="153247919" timestamp="2024-06-27T13:40:20Z" user="Equate" uid="12945167">
  <nd ref="10155016693"/>
  <nd ref="10155016694"/>
  <nd ref="10155016700"/>
  <nd ref="10155016701"/>
  <nd ref="10159370783"/>
  <nd ref="10155016695"/>
  <nd ref="10155016696"/>
  <nd ref="10155016697"/>
  <nd ref="10155016698"/>
  <nd ref="10155016687"/>
  <tag k="footway" v="sidewalk"/>
  <tag k="highway" v="footway"/>
  <tag k="lit" v="yes"/>
 </way>
 <way id="1110046295" visible="true" version="4" changeset="176510751" timestamp="2025-12-28T02:13:20Z" user="ThShepard" uid="21231771">
  <nd ref="10155016704"/>
  <nd ref="10155016706"/>
  <nd ref="10155016705"/>
  <tag k="crossing" v="marked"/>
  <tag k="crossing:markings" v="yes"/>
  <tag k="footway" v="crossing"/>
  <tag k="highway" v="footway"/>
  <tag k="smoothness" v="good"/>
  <tag k="surface" v="asphalt"/>
 </way>
 <way id="1110519443" visible="true" version="4" changeset="154772901" timestamp="2024-08-03T12:59:02Z" user="logus2" uid="21611817">
  <nd ref="12089170222"/>
  <nd ref="10168769271"/>
  <nd ref="10159370766"/>
  <nd ref="12089170230"/>
  <nd ref="12089170239"/>
  <nd ref="10159370767"/>
  <nd ref="10159370771"/>
  <nd ref="10159370782"/>
  <nd ref="11594082863"/>
  <tag k="footway" v="sidewalk"/>
  <tag k="highway" v="footway"/>
  <tag k="surface" v="paving_stones"/>
 </way>
 <way id="1110519444" visible="true" version="2" changeset="167558013" timestamp="2025-06-13T04:32:52Z" user="phoenixsaigon1698" uid="3323343">
  <nd ref="10159370783"/>
  <nd ref="6611608735"/>
  <nd ref="10159370782"/>
  <tag k="crossing" v="uncontrolled"/>
  <tag k="crossing:markings" v="yes"/>
  <tag k="footway" v="crossing"/>
  <tag k="highway" v="footway"/>
 </way>
 <way id="1111005993" visible="true" version="1" changeset="128586519" timestamp="2022-11-07T08:48:12Z" user="ItsLouisAnderson" uid="11691953">
  <nd ref="10165813926"/>
  <nd ref="10165813927"/>
  <nd ref="10155016691"/>
  <tag k="crossing" v="traffic_signals"/>
  <tag k="footway" v="crossing"/>
  <tag k="highway" v="footway"/>
 </way>
 <way id="1111005995" visible="true" version="3" changeset="177925387" timestamp="2026-01-31T13:15:20Z" user="pepsi_max2k" uid="14719801">
  <nd ref="10165813945"/>
  <nd ref="10165813944"/>
  <nd ref="10165813943"/>
  <nd ref="10165813942"/>
  <nd ref="10165813931"/>
  <nd ref="10165813964"/>
  <nd ref="10165813932"/>
  <nd ref="10165813936"/>
  <nd ref="13514240898"/>
  <nd ref="10165813935"/>
  <nd ref="10165813934"/>
  <nd ref="10165813947"/>
  <nd ref="10165813948"/>
  <nd ref="10165813949"/>
  <nd ref="10165813950"/>
  <nd ref="10165813951"/>
  <tag k="footway" v="sidewalk"/>
  <tag k="highway" v="footway"/>
 </way>
 <way id="1111005996" visible="true" version="1" changeset="128586519" timestamp="2022-11-07T08:48:12Z" user="ItsLouisAnderson" uid="11691953">
  <nd ref="10165813945"/>
  <nd ref="10165813946"/>
  <nd ref="10165813941"/>
  <tag k="crossing" v="traffic_signals"/>
  <tag k="footway" v="crossing"/>
  <tag k="highway" v="footway"/>
 </way>
 <way id="1111005997" visible="true" version="2" changeset="154772901" timestamp="2024-08-03T12:59:02Z" user="logus2" uid="21611817">
  <nd ref="10165813951"/>
  <nd ref="6651394974"/>
  <nd ref="10164900035"/>
  <tag k="crossing" v="traffic_signals"/>
  <tag k="footway" v="crossing"/>
  <tag k="highway" v="footway"/>
 </way>
 <way id="1111005998" visible="true" version="1" changeset="128586519" timestamp="2022-11-07T08:48:12Z" user="ItsLouisAnderson" uid="11691953">
  <nd ref="10165813934"/>
  <nd ref="6651394976"/>
  <nd ref="10165813952"/>
  <tag k="crossing" v="traffic_signals"/>
  <tag k="footway" v="crossing"/>
  <tag k="highway" v="footway"/>
 </way>
 <way id="1111005999" visible="true" version="3" changeset="169096550" timestamp="2025-07-18T08:33:45Z" user="Tewuzij" uid="16194143">
  <nd ref="10165813951"/>
  <nd ref="13008794420"/>
  <nd ref="10165813953"/>
  <nd ref="10165813956"/>
  <nd ref="10165813961"/>
  <nd ref="10165813955"/>
  <nd ref="10165813959"/>
  <nd ref="10165813954"/>
  <tag k="footway" v="sidewalk"/>
  <tag k="highway" v="footway"/>
  <tag k="lit" v="yes"/>
 </way>
 <way id="1111006003" visible="true" version="1" changeset="128586519" timestamp="2022-11-07T08:48:12Z" user="ItsLouisAnderson" uid="11691953">
  <nd ref="10165813964"/>
  <nd ref="6657839322"/>
  <nd ref="10155016703"/>
  <tag k="crossing" v="traffic_signals"/>
  <tag k="footway" v="crossing"/>
  <tag k="highway" v="footway"/>
 </way>
 <way id="1111006004" visible="true" version="1" changeset="128586519" timestamp="2022-11-07T08:48:12Z" user="ItsLouisAnderson" uid="11691953">
  <nd ref="10165813965"/>
  <nd ref="6657839320"/>
  <nd ref="10149099308"/>
  <tag k="crossing" v="traffic_signals"/>
  <tag k="footway" v="crossing"/>
  <tag k="highway" v="footway"/>
 </way>
 <way id="1117853693" visible="true" version="1" changeset="129483654" timestamp="2022-11-28T16:30:46Z" user="jmbangate" uid="349964">
  <nd ref="10223875615"/>
  <nd ref="10223875614"/>
  <nd ref="10223875613"/>
  <nd ref="10223875612"/>
  <nd ref="10223875615"/>
  <tag k="building" v="yes"/>
 </way>
 <way id="1118795851" visible="true" version="1" changeset="129625824" timestamp="2022-12-02T02:02:39Z" user="jmbangate" uid="349964">
  <nd ref="10232170568"/>
  <nd ref="10232170565"/>
  <nd ref="10232170566"/>
  <nd ref="10232170567"/>
  <nd ref="10232170568"/>
  <tag k="building" v="yes"/>
 </way>
 <way id="1118795852" visible="true" version="1" changeset="129625824" timestamp="2022-12-02T02:02:39Z" user="jmbangate" uid="349964">
  <nd ref="10232170572"/>
  <nd ref="10232170569"/>
  <nd ref="10232170570"/>
  <nd ref="10232170571"/>
  <nd ref="10232170572"/>
  <tag k="building" v="yes"/>
 </way>
 <way id="1118795853" visible="true" version="1" changeset="129625824" timestamp="2022-12-02T02:02:39Z" user="jmbangate" uid="349964">
  <nd ref="10232170576"/>
  <nd ref="10232170573"/>
  <nd ref="10232170574"/>
  <nd ref="10232170575"/>
  <nd ref="10232170576"/>
  <tag k="building" v="yes"/>
 </way>
 <way id="1118795854" visible="true" version="1" changeset="129625824" timestamp="2022-12-02T02:02:39Z" user="jmbangate" uid="349964">
  <nd ref="10232170580"/>
  <nd ref="10232170577"/>
  <nd ref="10232170578"/>
  <nd ref="10232170579"/>
  <nd ref="10232170580"/>
  <tag k="building" v="yes"/>
 </way>
 <way id="1118795855" visible="true" version="1" changeset="129625824" timestamp="2022-12-02T02:02:39Z" user="jmbangate" uid="349964">
  <nd ref="10232170584"/>
  <nd ref="10232170581"/>
  <nd ref="10232170582"/>
  <nd ref="10232170583"/>
  <nd ref="10232170584"/>
  <tag k="building" v="yes"/>
 </way>
 <way id="1118795856" visible="true" version="1" changeset="129625824" timestamp="2022-12-02T02:02:39Z" user="jmbangate" uid="349964">
  <nd ref="10232170588"/>
  <nd ref="10232170587"/>
  <nd ref="10232170586"/>
  <nd ref="10232170585"/>
  <nd ref="10232170588"/>
  <tag k="building" v="yes"/>
 </way>
 <way id="1118795857" visible="true" version="1" changeset="129625824" timestamp="2022-12-02T02:02:39Z" user="jmbangate" uid="349964">
  <nd ref="10232170592"/>
  <nd ref="10232170591"/>
  <nd ref="10232170590"/>
  <nd ref="10232170589"/>
  <nd ref="10232170592"/>
  <tag k="building" v="yes"/>
 </way>
 <way id="1118795858" visible="true" version="1" changeset="129625824" timestamp="2022-12-02T02:02:39Z" user="jmbangate" uid="349964">
  <nd ref="10232170596"/>
  <nd ref="10232170593"/>
  <nd ref="10232170594"/>
  <nd ref="10232170595"/>
  <nd ref="10232170596"/>
  <tag k="building" v="yes"/>
 </way>
 <way id="1118795859" visible="true" version="1" changeset="129625824" timestamp="2022-12-02T02:02:39Z" user="jmbangate" uid="349964">
  <nd ref="10232170600"/>
  <nd ref="10232170597"/>
  <nd ref="10232170598"/>
  <nd ref="10232170599"/>
  <nd ref="10232170600"/>
  <tag k="building" v="yes"/>
 </way>
 <way id="1118795860" visible="true" version="1" changeset="129625824" timestamp="2022-12-02T02:02:39Z" user="jmbangate" uid="349964">
  <nd ref="10232170604"/>
  <nd ref="10232170601"/>
  <nd ref="10232170602"/>
  <nd ref="10232170603"/>
  <nd ref="10232170604"/>
  <tag k="building" v="yes"/>
 </way>
 <way id="1118795861" visible="true" version="1" changeset="129625824" timestamp="2022-12-02T02:02:39Z" user="jmbangate" uid="349964">
  <nd ref="10232170608"/>
  <nd ref="10232170607"/>
  <nd ref="10232170606"/>
  <nd ref="10232170605"/>
  <nd ref="10232170608"/>
  <tag k="building" v="yes"/>
 </way>
 <way id="1118795863" visible="true" version="1" changeset="129625824" timestamp="2022-12-02T02:02:39Z" user="jmbangate" uid="349964">
  <nd ref="10232170618"/>
  <nd ref="10232170617"/>
  <nd ref="10232170616"/>
  <nd ref="10232170615"/>
  <nd ref="10232170618"/>
  <tag k="building" v="yes"/>
 </way>
 <way id="1118796479" visible="true" version="1" changeset="129625929" timestamp="2022-12-02T02:09:52Z" user="jmbangate" uid="349964">
  <nd ref="10232178517"/>
  <nd ref="10232157614"/>
  <nd ref="10232157615"/>
  <nd ref="10232157616"/>
  <nd ref="10232178517"/>
  <tag k="building" v="yes"/>
 </way>
 <way id="1118796480" visible="true" version="1" changeset="129625929" timestamp="2022-12-02T02:09:52Z" user="jmbangate" uid="349964">
  <nd ref="10232178521"/>
  <nd ref="10232178518"/>
  <nd ref="10232178519"/>
  <nd ref="10232178520"/>
  <nd ref="10232178521"/>
  <tag k="building" v="yes"/>
 </way>
 <way id="1118796481" visible="true" version="1" changeset="129625929" timestamp="2022-12-02T02:09:52Z" user="jmbangate" uid="349964">
  <nd ref="10232178525"/>
  <nd ref="10232178522"/>
  <nd ref="10232178523"/>
  <nd ref="10232178524"/>
  <nd ref="10232178525"/>
  <tag k="building" v="yes"/>
 </way>
 <way id="1118796482" visible="true" version="1" changeset="129625929" timestamp="2022-12-02T02:09:52Z" user="jmbangate" uid="349964">
  <nd ref="10232178529"/>
  <nd ref="10232178528"/>
  <nd ref="10232178527"/>
  <nd ref="10232178526"/>
  <nd ref="10232178529"/>
  <tag k="building" v="yes"/>
 </way>
 <way id="1118796485" visible="true" version="1" changeset="129625929" timestamp="2022-12-02T02:09:52Z" user="jmbangate" uid="349964">
  <nd ref="10232178541"/>
  <nd ref="10232178538"/>
  <nd ref="10232178539"/>
  <nd ref="10232178540"/>
  <nd ref="10232178541"/>
  <tag k="building" v="yes"/>
 </way>
 <way id="1118797628" visible="true" version="2" changeset="166852355" timestamp="2025-05-28T05:11:38Z" user="jjoannalin1" uid="21272829">
  <nd ref="10232186018"/>
  <nd ref="10232167515"/>
  <nd ref="12870013551"/>
  <nd ref="10232167516"/>
  <nd ref="10232186017"/>
  <nd ref="10232186018"/>
  <tag k="building" v="yes"/>
 </way>
 <way id="1118799983" visible="true" version="1" changeset="129626750" timestamp="2022-12-02T03:12:50Z" user="jmbangate" uid="349964">
  <nd ref="10232189407"/>
  <nd ref="10232189406"/>
  <nd ref="10232189405"/>
  <nd ref="10232189404"/>
  <nd ref="10232189407"/>
  <tag k="building" v="yes"/>
 </way>
 <way id="1118799984" visible="true" version="1" changeset="129626750" timestamp="2022-12-02T03:12:50Z" user="jmbangate" uid="349964">
  <nd ref="10232189411"/>
  <nd ref="10232189410"/>
  <nd ref="10232189409"/>
  <nd ref="10232189408"/>
  <nd ref="10232189411"/>
  <tag k="building" v="yes"/>
 </way>
 <way id="1118799985" visible="true" version="1" changeset="129626750" timestamp="2022-12-02T03:12:50Z" user="jmbangate" uid="349964">
  <nd ref="10232189415"/>
  <nd ref="10232189414"/>
  <nd ref="10232189413"/>
  <nd ref="10232189412"/>
  <nd ref="10232189415"/>
  <tag k="building" v="yes"/>
 </way>
 <way id="1118799986" visible="true" version="1" changeset="129626750" timestamp="2022-12-02T03:12:50Z" user="jmbangate" uid="349964">
  <nd ref="10232204519"/>
  <nd ref="10232204518"/>
  <nd ref="10232204517"/>
  <nd ref="10232189416"/>
  <nd ref="10232204519"/>
  <tag k="building" v="yes"/>
 </way>
 <way id="1118799987" visible="true" version="1" changeset="129626750" timestamp="2022-12-02T03:12:50Z" user="jmbangate" uid="349964">
  <nd ref="10232204523"/>
  <nd ref="10232204522"/>
  <nd ref="10232204521"/>
  <nd ref="10232204520"/>
  <nd ref="10232204523"/>
  <tag k="building" v="yes"/>
 </way>
 <way id="1118799988" visible="true" version="1" changeset="129626750" timestamp="2022-12-02T03:12:50Z" user="jmbangate" uid="349964">
  <nd ref="10232204527"/>
  <nd ref="10232204526"/>
  <nd ref="10232204525"/>
  <nd ref="10232204524"/>
  <nd ref="10232204527"/>
  <tag k="building" v="yes"/>
 </way>
 <way id="1118799989" visible="true" version="1" changeset="129626750" timestamp="2022-12-02T03:12:50Z" user="jmbangate" uid="349964">
  <nd ref="10232204531"/>
  <nd ref="10232204530"/>
  <nd ref="10232204529"/>
  <nd ref="10232204528"/>
  <nd ref="10232204531"/>
  <tag k="building" v="yes"/>
 </way>
 <way id="1118799990" visible="true" version="1" changeset="129626750" timestamp="2022-12-02T03:12:50Z" user="jmbangate" uid="349964">
  <nd ref="10232204535"/>
  <nd ref="10232204534"/>
  <nd ref="10232204533"/>
  <nd ref="10232204532"/>
  <nd ref="10232204535"/>
  <tag k="building" v="yes"/>
 </way>
 <way id="1118799991" visible="true" version="1" changeset="129626750" timestamp="2022-12-02T03:12:50Z" user="jmbangate" uid="349964">
  <nd ref="10232204539"/>
  <nd ref="10232204538"/>
  <nd ref="10232204537"/>
  <nd ref="10232204536"/>
  <nd ref="10232204539"/>
  <tag k="building" v="yes"/>
 </way>
 <way id="1118799992" visible="true" version="1" changeset="129626750" timestamp="2022-12-02T03:12:50Z" user="jmbangate" uid="349964">
  <nd ref="10232204543"/>
  <nd ref="10232204542"/>
  <nd ref="10232204541"/>
  <nd ref="10232204540"/>
  <nd ref="10232204543"/>
  <tag k="building" v="yes"/>
 </way>
 <way id="1118799993" visible="true" version="1" changeset="129626750" timestamp="2022-12-02T03:12:50Z" user="jmbangate" uid="349964">
  <nd ref="10232204547"/>
  <nd ref="10232204544"/>
  <nd ref="10232204545"/>
  <nd ref="10232204546"/>
  <nd ref="10232204547"/>
  <tag k="building" v="yes"/>
 </way>
 <way id="1118799994" visible="true" version="1" changeset="129626750" timestamp="2022-12-02T03:12:50Z" user="jmbangate" uid="349964">
  <nd ref="10232204551"/>
  <nd ref="10232204548"/>
  <nd ref="10232204549"/>
  <nd ref="10232204550"/>
  <nd ref="10232204551"/>
  <tag k="building" v="yes"/>
 </way>
 <way id="1118799995" visible="true" version="1" changeset="129626750" timestamp="2022-12-02T03:12:50Z" user="jmbangate" uid="349964">
  <nd ref="10232204555"/>
  <nd ref="10232204552"/>
  <nd ref="10232204553"/>
  <nd ref="10232204554"/>
  <nd ref="10232204555"/>
  <tag k="building" v="yes"/>
 </way>
 <way id="1118799996" visible="true" version="1" changeset="129626750" timestamp="2022-12-02T03:12:50Z" user="jmbangate" uid="349964">
  <nd ref="10232204559"/>
  <nd ref="10232204558"/>
  <nd ref="10232204557"/>
  <nd ref="10232204556"/>
  <nd ref="10232204559"/>
  <tag k="building" v="yes"/>
 </way>
 <way id="1118799997" visible="true" version="1" changeset="129626750" timestamp="2022-12-02T03:12:50Z" user="jmbangate" uid="349964">
  <nd ref="10232204563"/>
  <nd ref="10232204562"/>
  <nd ref="10232204561"/>
  <nd ref="10232204560"/>
  <nd ref="10232204563"/>
  <tag k="building" v="yes"/>
 </way>
 <way id="1118799998" visible="true" version="1" changeset="129626750" timestamp="2022-12-02T03:12:50Z" user="jmbangate" uid="349964">
  <nd ref="10232204567"/>
  <nd ref="10232204564"/>
  <nd ref="10232204565"/>
  <nd ref="10232204566"/>
  <nd ref="10232204567"/>
  <tag k="building" v="yes"/>
 </way>
 <way id="1118799999" visible="true" version="1" changeset="129626750" timestamp="2022-12-02T03:12:50Z" user="jmbangate" uid="349964">
  <nd ref="10232204571"/>
  <nd ref="10232204568"/>
  <nd ref="10232204569"/>
  <nd ref="10232204570"/>
  <nd ref="10232204571"/>
  <tag k="building" v="yes"/>
 </way>
 <way id="1118800000" visible="true" version="1" changeset="129626750" timestamp="2022-12-02T03:12:50Z" user="jmbangate" uid="349964">
  <nd ref="10232204575"/>
  <nd ref="10232204574"/>
  <nd ref="10232204573"/>
  <nd ref="10232204572"/>
  <nd ref="10232204575"/>
  <tag k="building" v="yes"/>
 </way>
 <way id="1118800001" visible="true" version="1" changeset="129626750" timestamp="2022-12-02T03:12:50Z" user="jmbangate" uid="349964">
  <nd ref="10232204579"/>
  <nd ref="10232204578"/>
  <nd ref="10232204577"/>
  <nd ref="10232204576"/>
  <nd ref="10232204579"/>
  <tag k="building" v="yes"/>
 </way>
 <way id="1118800002" visible="true" version="1" changeset="129626750" timestamp="2022-12-02T03:12:50Z" user="jmbangate" uid="349964">
  <nd ref="10232204583"/>
  <nd ref="10232204580"/>
  <nd ref="10232204581"/>
  <nd ref="10232204582"/>
  <nd ref="10232204583"/>
  <tag k="building" v="yes"/>
 </way>
 <way id="1118800003" visible="true" version="1" changeset="129626750" timestamp="2022-12-02T03:12:50Z" user="jmbangate" uid="349964">
  <nd ref="10232204587"/>
  <nd ref="10232204584"/>
  <nd ref="10232204585"/>
  <nd ref="10232204586"/>
  <nd ref="10232204587"/>
  <tag k="building" v="yes"/>
 </way>
 <way id="1118800004" visible="true" version="1" changeset="129626750" timestamp="2022-12-02T03:12:50Z" user="jmbangate" uid="349964">
  <nd ref="10232204591"/>
  <nd ref="10232204590"/>
  <nd ref="10232204589"/>
  <nd ref="10232204588"/>
  <nd ref="10232204591"/>
  <tag k="building" v="yes"/>
 </way>
 <way id="1118800005" visible="true" version="1" changeset="129626750" timestamp="2022-12-02T03:12:50Z" user="jmbangate" uid="349964">
  <nd ref="10232204595"/>
  <nd ref="10232204594"/>
  <nd ref="10232204593"/>
  <nd ref="10232204592"/>
  <nd ref="10232204595"/>
  <tag k="building" v="yes"/>
 </way>
 <way id="1118800006" visible="true" version="1" changeset="129626750" timestamp="2022-12-02T03:12:50Z" user="jmbangate" uid="349964">
  <nd ref="10232204599"/>
  <nd ref="10232204598"/>
  <nd ref="10232204597"/>
  <nd ref="10232204596"/>
  <nd ref="10232204599"/>
  <tag k="building" v="yes"/>
 </way>
 <way id="1118800007" visible="true" version="1" changeset="129626750" timestamp="2022-12-02T03:12:50Z" user="jmbangate" uid="349964">
  <nd ref="10232204603"/>
  <nd ref="10232204602"/>
  <nd ref="10232204601"/>
  <nd ref="10232204600"/>
  <nd ref="10232204603"/>
  <tag k="building" v="yes"/>
 </way>
 <way id="1118800008" visible="true" version="1" changeset="129626750" timestamp="2022-12-02T03:12:50Z" user="jmbangate" uid="349964">
  <nd ref="10232204607"/>
  <nd ref="10232204606"/>
  <nd ref="10232204605"/>
  <nd ref="10232204604"/>
  <nd ref="10232204607"/>
  <tag k="building" v="yes"/>
 </way>
 <way id="1118800009" visible="true" version="1" changeset="129626750" timestamp="2022-12-02T03:12:50Z" user="jmbangate" uid="349964">
  <nd ref="10232204611"/>
  <nd ref="10232204610"/>
  <nd ref="10232204609"/>
  <nd ref="10232204608"/>
  <nd ref="10232204611"/>
  <tag k="building" v="yes"/>
 </way>
 <way id="1118800010" visible="true" version="1" changeset="129626750" timestamp="2022-12-02T03:12:50Z" user="jmbangate" uid="349964">
  <nd ref="10232204615"/>
  <nd ref="10232204614"/>
  <nd ref="10232204613"/>
  <nd ref="10232204612"/>
  <nd ref="10232204615"/>
  <tag k="building" v="yes"/>
 </way>
 <way id="1118800013" visible="true" version="1" changeset="129626750" timestamp="2022-12-02T03:12:50Z" user="jmbangate" uid="349964">
  <nd ref="10232204627"/>
  <nd ref="10232204626"/>
  <nd ref="10232204625"/>
  <nd ref="10232204624"/>
  <nd ref="10232204627"/>
  <tag k="building" v="yes"/>
 </way>
 <way id="1118800014" visible="true" version="1" changeset="129626750" timestamp="2022-12-02T03:12:50Z" user="jmbangate" uid="349964">
  <nd ref="10232204631"/>
  <nd ref="10232204628"/>
  <nd ref="10232204629"/>
  <nd ref="10232204630"/>
  <nd ref="10232204631"/>
  <tag k="building" v="yes"/>
 </way>
 <way id="1118800015" visible="true" version="1" changeset="129626750" timestamp="2022-12-02T03:12:50Z" user="jmbangate" uid="349964">
  <nd ref="10232204635"/>
  <nd ref="10232204634"/>
  <nd ref="10232204633"/>
  <nd ref="10232204632"/>
  <nd ref="10232204635"/>
  <tag k="building" v="yes"/>
 </way>
 <way id="1118808771" visible="true" version="1" changeset="129627829" timestamp="2022-12-02T04:18:19Z" user="jmbangate" uid="349964">
  <nd ref="10232283314"/>
  <nd ref="10232283313"/>
  <nd ref="10232283312"/>
  <nd ref="10232283311"/>
  <nd ref="10232283314"/>
  <tag k="building" v="yes"/>
 </way>
 <way id="1118808772" visible="true" version="1" changeset="129627829" timestamp="2022-12-02T04:18:19Z" user="jmbangate" uid="349964">
  <nd ref="10232283318"/>
  <nd ref="10232283315"/>
  <nd ref="10232283316"/>
  <nd ref="10232283317"/>
  <nd ref="10232283318"/>
  <tag k="building" v="yes"/>
 </way>
 <way id="1118808914" visible="true" version="1" changeset="129627865" timestamp="2022-12-02T04:20:16Z" user="jmbangate" uid="349964">
  <nd ref="10232284938"/>
  <nd ref="10232284937"/>
  <nd ref="10232284936"/>
  <nd ref="10232284935"/>
  <nd ref="10232284938"/>
  <tag k="building" v="yes"/>
 </way>
 <way id="1118808915" visible="true" version="1" changeset="129627865" timestamp="2022-12-02T04:20:16Z" user="jmbangate" uid="349964">
  <nd ref="10232284942"/>
  <nd ref="10232284941"/>
  <nd ref="10232284940"/>
  <nd ref="10232284939"/>
  <nd ref="10232284942"/>
  <tag k="building" v="yes"/>
 </way>
 <way id="1118808916" visible="true" version="1" changeset="129627865" timestamp="2022-12-02T04:20:16Z" user="jmbangate" uid="349964">
  <nd ref="10232284946"/>
  <nd ref="10232284943"/>
  <nd ref="10232284944"/>
  <nd ref="10232284945"/>
  <nd ref="10232284946"/>
  <tag k="building" v="yes"/>
 </way>
 <way id="1118808917" visible="true" version="1" changeset="129627865" timestamp="2022-12-02T04:20:16Z" user="jmbangate" uid="349964">
  <nd ref="10232284950"/>
  <nd ref="10232284947"/>
  <nd ref="10232284948"/>
  <nd ref="10232284949"/>
  <nd ref="10232284950"/>
  <tag k="building" v="yes"/>
 </way>
 <way id="1118809373" visible="true" version="1" changeset="129627999" timestamp="2022-12-02T04:28:49Z" user="jmbangate" uid="349964">
  <nd ref="10232270104"/>
  <nd ref="10232270101"/>
  <nd ref="10232270102"/>
  <nd ref="10232270103"/>
  <nd ref="10232270104"/>
  <tag k="building" v="yes"/>
 </way>
 <way id="1118809374" visible="true" version="1" changeset="129627999" timestamp="2022-12-02T04:28:49Z" user="jmbangate" uid="349964">
  <nd ref="10232270108"/>
  <nd ref="10232270107"/>
  <nd ref="10232270106"/>
  <nd ref="10232270105"/>
  <nd ref="10232270108"/>
  <tag k="building" v="yes"/>
 </way>
 <way id="1118809375" visible="true" version="1" changeset="129627999" timestamp="2022-12-02T04:28:49Z" user="jmbangate" uid="349964">
  <nd ref="10232270112"/>
  <nd ref="10232270109"/>
  <nd ref="10232270110"/>
  <nd ref="10232270111"/>
  <nd ref="10232270112"/>
  <tag k="building" v="yes"/>
 </way>
 <way id="1118809376" visible="true" version="1" changeset="129627999" timestamp="2022-12-02T04:28:49Z" user="jmbangate" uid="349964">
  <nd ref="10232270116"/>
  <nd ref="10232270113"/>
  <nd ref="10232270114"/>
  <nd ref="10232270115"/>
  <nd ref="10232270116"/>
  <tag k="building" v="yes"/>
 </way>
 <way id="1118809377" visible="true" version="1" changeset="129627999" timestamp="2022-12-02T04:28:49Z" user="jmbangate" uid="349964">
  <nd ref="10232291320"/>
  <nd ref="10232291317"/>
  <nd ref="10232291318"/>
  <nd ref="10232291319"/>
  <nd ref="10232291320"/>
  <tag k="building" v="yes"/>
 </way>
 <way id="1118809378" visible="true" version="1" changeset="129627999" timestamp="2022-12-02T04:28:49Z" user="jmbangate" uid="349964">
  <nd ref="10232291324"/>
  <nd ref="10232291321"/>
  <nd ref="10232291322"/>
  <nd ref="10232291323"/>
  <nd ref="10232291324"/>
  <tag k="building" v="yes"/>
 </way>
 <way id="1118809379" visible="true" version="1" changeset="129627999" timestamp="2022-12-02T04:28:49Z" user="jmbangate" uid="349964">
  <nd ref="10232291330"/>
  <nd ref="10232291326"/>
  <nd ref="10232291325"/>
  <nd ref="10232291327"/>
  <nd ref="10232291328"/>
  <nd ref="10232291329"/>
  <nd ref="10232291330"/>
  <tag k="building" v="yes"/>
 </way>
 <way id="1118809380" visible="true" version="1" changeset="129627999" timestamp="2022-12-02T04:28:49Z" user="jmbangate" uid="349964">
  <nd ref="10232291334"/>
  <nd ref="10232291333"/>
  <nd ref="10232291332"/>
  <nd ref="10232291331"/>
  <nd ref="10232291334"/>
  <tag k="building" v="yes"/>
 </way>
 <way id="1118809381" visible="true" version="1" changeset="129627999" timestamp="2022-12-02T04:28:49Z" user="jmbangate" uid="349964">
  <nd ref="10232291338"/>
  <nd ref="10232291337"/>
  <nd ref="10232291336"/>
  <nd ref="10232291335"/>
  <nd ref="10232291338"/>
  <tag k="building" v="yes"/>
 </way>
 <way id="1118809382" visible="true" version="1" changeset="129627999" timestamp="2022-12-02T04:28:49Z" user="jmbangate" uid="349964">
  <nd ref="10232291342"/>
  <nd ref="10232291341"/>
  <nd ref="10232291340"/>
  <nd ref="10232291339"/>
  <nd ref="10232291342"/>
  <tag k="building" v="yes"/>
 </way>
 <way id="1118809383" visible="true" version="1" changeset="129627999" timestamp="2022-12-02T04:28:49Z" user="jmbangate" uid="349964">
  <nd ref="10232291346"/>
  <nd ref="10232291345"/>
  <nd ref="10232291344"/>
  <nd ref="10232291343"/>
  <nd ref="10232291346"/>
  <tag k="building" v="yes"/>
 </way>
 <way id="1118809384" visible="true" version="1" changeset="129627999" timestamp="2022-12-02T04:28:49Z" user="jmbangate" uid="349964">
  <nd ref="10232291350"/>
  <nd ref="10232291349"/>
  <nd ref="10232291348"/>
  <nd ref="10232291347"/>
  <nd ref="10232291350"/>
  <tag k="building" v="yes"/>
 </way>
 <way id="1118809385" visible="true" version="1" changeset="129627999" timestamp="2022-12-02T04:28:49Z" user="jmbangate" uid="349964">
  <nd ref="10232291354"/>
  <nd ref="10232291353"/>
  <nd ref="10232291352"/>
  <nd ref="10232291351"/>
  <nd ref="10232291354"/>
  <tag k="building" v="yes"/>
 </way>
 <way id="1118809386" visible="true" version="1" changeset="129627999" timestamp="2022-12-02T04:28:49Z" user="jmbangate" uid="349964">
  <nd ref="10232291358"/>
  <nd ref="10232291355"/>
  <nd ref="10232291356"/>
  <nd ref="10232291357"/>
  <nd ref="10232291358"/>
  <tag k="building" v="yes"/>
 </way>
 <way id="1135436661" visible="true" version="1" changeset="131733996" timestamp="2023-01-26T13:59:21Z" user="ItsLouisAnderson" uid="11691953">
  <nd ref="10584178721"/>
  <nd ref="10584178753"/>
  <nd ref="10584178752"/>
  <nd ref="10584178751"/>
  <nd ref="10584178750"/>
  <nd ref="10584178727"/>
  <nd ref="10584178730"/>
  <nd ref="10584178731"/>
  <nd ref="10584178732"/>
  <nd ref="10584178733"/>
  <nd ref="10584178734"/>
  <nd ref="10584178735"/>
  <nd ref="10584178736"/>
  <nd ref="10584178737"/>
  <nd ref="10584178738"/>
  <nd ref="10584178739"/>
  <nd ref="10584178740"/>
  <nd ref="10584178741"/>
  <nd ref="10584178742"/>
  <nd ref="10584178743"/>
  <nd ref="10584178744"/>
  <nd ref="10584178758"/>
  <nd ref="10584178745"/>
  <nd ref="10584178748"/>
  <nd ref="10584178749"/>
  <nd ref="10584178746"/>
  <nd ref="10584178747"/>
  <nd ref="10584178721"/>
  <tag k="footway" v="sidewalk"/>
  <tag k="highway" v="footway"/>
 </way>
 <way id="1135436662" visible="true" version="1" changeset="131733996" timestamp="2023-01-26T13:59:21Z" user="ItsLouisAnderson" uid="11691953">
  <nd ref="10155016687"/>
  <nd ref="10584178759"/>
  <nd ref="10584178758"/>
  <tag k="crossing" v="uncontrolled"/>
  <tag k="footway" v="crossing"/>
  <tag k="highway" v="footway"/>
 </way>
 <way id="1210928214" visible="true" version="3" changeset="147697793" timestamp="2024-02-20T15:48:31Z" user="ItsLouisAnderson" uid="11691953">
  <nd ref="11219406939"/>
  <nd ref="11219406940"/>
  <nd ref="11219406941"/>
  <nd ref="11219406942"/>
  <nd ref="11219406943"/>
  <nd ref="11219407079"/>
  <nd ref="11219406944"/>
  <nd ref="11219406945"/>
  <nd ref="11219406946"/>
  <nd ref="11219406947"/>
  <nd ref="11219406948"/>
  <nd ref="11219407110"/>
  <tag k="electrified" v="no"/>
  <tag k="gauge" v="1000"/>
  <tag k="railway" v="rail"/>
 </way>
 <way id="1210928225" visible="true" version="1" changeset="141761763" timestamp="2023-09-26T08:02:18Z" user="ItsLouisAnderson" uid="11691953">
  <nd ref="993879883"/>
  <nd ref="11219407046"/>
  <nd ref="11219407047"/>
  <nd ref="11219407048"/>
  <nd ref="11219407049"/>
  <tag k="highway" v="service"/>
 </way>
 <way id="1217264256" visible="true" version="2" changeset="147697793" timestamp="2024-02-20T15:48:31Z" user="ItsLouisAnderson" uid="11691953">
  <nd ref="11219400595"/>
  <nd ref="11219400594"/>
  <nd ref="11219400593"/>
  <nd ref="11219400592"/>
  <nd ref="11219400591"/>
  <nd ref="11219400590"/>
  <nd ref="8043743668"/>
  <nd ref="11219407116"/>
  <tag k="electrified" v="no"/>
  <tag k="gauge" v="1000"/>
  <tag k="railway" v="rail"/>
 </way>
 <way id="1217264282" visible="true" version="2" changeset="147697793" timestamp="2024-02-20T15:48:31Z" user="ItsLouisAnderson" uid="11691953">
  <nd ref="11219406939"/>
  <nd ref="11219400612"/>
  <nd ref="11219400620"/>
  <tag k="electrified" v="no"/>
  <tag k="gauge" v="1000"/>
  <tag k="railway" v="rail"/>
 </way>
 <way id="1217264283" visible="true" version="2" changeset="147697793" timestamp="2024-02-20T15:48:31Z" user="ItsLouisAnderson" uid="11691953">
  <nd ref="11219400628"/>
  <nd ref="11219400610"/>
  <nd ref="11219400611"/>
  <nd ref="11219406939"/>
  <tag k="electrified" v="no"/>
  <tag k="gauge" v="1000"/>
  <tag k="railway" v="rail"/>
 </way>
 <way id="1217264284" visible="true" version="2" changeset="147697793" timestamp="2024-02-20T15:48:31Z" user="ItsLouisAnderson" uid="11691953">
  <nd ref="11219400615"/>
  <nd ref="11219400619"/>
  <nd ref="11219400620"/>
  <tag k="electrified" v="no"/>
  <tag k="gauge" v="1000"/>
  <tag k="railway" v="rail"/>
 </way>
 <way id="1217264287" visible="true" version="2" changeset="147697793" timestamp="2024-02-20T15:48:31Z" user="ItsLouisAnderson" uid="11691953">
  <nd ref="8614435580"/>
  <nd ref="11219400595"/>
  <tag k="electrified" v="no"/>
  <tag k="gauge" v="1000"/>
  <tag k="railway" v="rail"/>
 </way>
 <way id="1217264288" visible="true" version="1" changeset="142910767" timestamp="2023-10-21T07:23:31Z" user="ItsLouisAnderson" uid="11691953">
  <nd ref="2684248299"/>
  <nd ref="2684248304"/>
  <nd ref="8614435580"/>
  <tag k="electrified" v="no"/>
  <tag k="gauge" v="1000"/>
  <tag k="maxspeed" v="20"/>
  <tag k="passenger_lines" v="1"/>
  <tag k="railway" v="rail"/>
  <tag k="usage" v="main"/>
 </way>
 <way id="1217264289" visible="true" version="2" changeset="147697793" timestamp="2024-02-20T15:48:31Z" user="ItsLouisAnderson" uid="11691953">
  <nd ref="11219400620"/>
  <nd ref="11219400613"/>
  <tag k="electrified" v="no"/>
  <tag k="gauge" v="1000"/>
  <tag k="railway" v="rail"/>
 </way>
 <way id="1217264290" visible="true" version="1" changeset="142910767" timestamp="2023-10-21T07:23:31Z" user="ItsLouisAnderson" uid="11691953">
  <nd ref="8614435580"/>
  <nd ref="11219400587"/>
  <nd ref="11219407050"/>
  <nd ref="11219400588"/>
  <nd ref="11219400613"/>
  <tag k="electrified" v="no"/>
  <tag k="gauge" v="1000"/>
  <tag k="maxspeed" v="20"/>
  <tag k="passenger_lines" v="1"/>
  <tag k="railway" v="rail"/>
  <tag k="usage" v="main"/>
 </way>
 <way id="1237716993" visible="true" version="1" changeset="145980918" timestamp="2024-01-07T07:49:03Z" user="vietnam321" uid="11196308">
  <nd ref="11496589986"/>
  <nd ref="11496589998"/>
  <nd ref="11496590000"/>
  <nd ref="11496590005"/>
  <nd ref="11496589987"/>
  <nd ref="11496590003"/>
  <nd ref="11496589997"/>
  <nd ref="11496590004"/>
  <nd ref="11496590001"/>
  <nd ref="11496589994"/>
  <nd ref="11496589993"/>
  <nd ref="11496589999"/>
  <nd ref="11496589986"/>
  <tag k="building" v="yes"/>
 </way>
 <way id="1237716994" visible="true" version="1" changeset="145980918" timestamp="2024-01-07T07:49:03Z" user="vietnam321" uid="11196308">
  <nd ref="11496589989"/>
  <nd ref="11496589996"/>
  <nd ref="11496589992"/>
  <nd ref="11496589991"/>
  <nd ref="11496589990"/>
  <nd ref="11496590002"/>
  <nd ref="11496589988"/>
  <nd ref="11496589995"/>
  <nd ref="11496589989"/>
  <tag k="building" v="yes"/>
 </way>
 <way id="1247135449" visible="true" version="1" changeset="147168108" timestamp="2024-02-07T09:38:43Z" user="user_14538650" uid="14538650">
  <nd ref="81799495"/>
  <nd ref="11594082839"/>
  <tag k="electrified" v="no"/>
  <tag k="gauge" v="1000"/>
  <tag k="maxspeed" v="30"/>
  <tag k="passenger_lines" v="1"/>
  <tag k="railway" v="rail"/>
  <tag k="usage" v="main"/>
 </way>
 <way id="1247135450" visible="true" version="14" changeset="164025936" timestamp="2025-03-24T10:58:52Z" user="belle kim" uid="22477016">
  <nd ref="12071678443"/>
  <nd ref="5412492578"/>
  <nd ref="12071595973"/>
  <nd ref="11593962439"/>
  <nd ref="5412492579"/>
  <nd ref="5412492580"/>
  <nd ref="12071777091"/>
  <nd ref="12071595971"/>
  <nd ref="12071777094"/>
  <nd ref="12071777085"/>
  <nd ref="12071777086"/>
  <nd ref="11237754205"/>
  <nd ref="12071777082"/>
  <nd ref="12071595970"/>
  <nd ref="12071777079"/>
  <nd ref="12071777071"/>
  <nd ref="11237754206"/>
  <nd ref="12071776978"/>
  <nd ref="12071776979"/>
  <nd ref="12071595977"/>
  <nd ref="12071776985"/>
  <nd ref="12071776987"/>
  <nd ref="12071777075"/>
  <nd ref="12071777057"/>
  <nd ref="11237754208"/>
  <nd ref="12071777054"/>
  <nd ref="11237754209"/>
  <nd ref="11594082867"/>
  <nd ref="11594082865"/>
  <nd ref="12089170238"/>
  <nd ref="12089170222"/>
  <nd ref="11594082863"/>
  <nd ref="11594082862"/>
  <nd ref="11594082857"/>
  <nd ref="11594082858"/>
  <nd ref="11594082851"/>
  <nd ref="11594082852"/>
  <nd ref="11594082853"/>
  <nd ref="11594082854"/>
  <nd ref="11594082855"/>
  <nd ref="3942923749"/>
  <nd ref="11594082843"/>
  <nd ref="11594082844"/>
  <nd ref="11594082845"/>
  <nd ref="11594082846"/>
  <nd ref="11594082847"/>
  <nd ref="11594082848"/>
  <nd ref="11594082849"/>
  <nd ref="11594082850"/>
  <nd ref="11647334521"/>
  <nd ref="11594082859"/>
  <nd ref="11594082856"/>
  <nd ref="11594082861"/>
  <nd ref="12089170208"/>
  <nd ref="11594082864"/>
  <nd ref="12089176475"/>
  <nd ref="11594133872"/>
  <nd ref="12696315422"/>
  <nd ref="11594082868"/>
  <nd ref="11237754196"/>
  <nd ref="12071662686"/>
  <nd ref="12071662687"/>
  <nd ref="12071595985"/>
  <nd ref="12073089633"/>
  <nd ref="12073089637"/>
  <nd ref="12071662695"/>
  <nd ref="12071662694"/>
  <nd ref="12071662691"/>
  <nd ref="12071662698"/>
  <nd ref="12071662700"/>
  <nd ref="12071662702"/>
  <nd ref="12071662704"/>
  <nd ref="12071662706"/>
  <nd ref="11237754195"/>
  <nd ref="12071662709"/>
  <nd ref="12071662711"/>
  <nd ref="12071662713"/>
  <nd ref="12071662715"/>
  <nd ref="12071662717"/>
  <nd ref="12071595978"/>
  <nd ref="12071662720"/>
  <nd ref="11237754194"/>
  <nd ref="12071662724"/>
  <nd ref="12071662726"/>
  <nd ref="12071595979"/>
  <nd ref="12071662729"/>
  <nd ref="12071662731"/>
  <nd ref="12071662734"/>
  <nd ref="12071595980"/>
  <nd ref="12071662737"/>
  <nd ref="12071662739"/>
  <nd ref="12071662741"/>
  <nd ref="11237754193"/>
  <nd ref="12071662744"/>
  <nd ref="12071662746"/>
  <nd ref="12071662750"/>
  <nd ref="12071662752"/>
  <nd ref="12071662754"/>
  <nd ref="11237754192"/>
  <nd ref="12071662757"/>
  <nd ref="12071662758"/>
  <nd ref="12071662761"/>
  <nd ref="12071662763"/>
  <nd ref="12071662765"/>
  <nd ref="12073037855"/>
  <nd ref="12071673075"/>
  <nd ref="12071595981"/>
  <nd ref="12073037852"/>
  <nd ref="12071673077"/>
  <nd ref="12071673080"/>
  <nd ref="12071673082"/>
  <nd ref="12071673084"/>
  <nd ref="12071673086"/>
  <nd ref="12071673088"/>
  <nd ref="12071673090"/>
  <nd ref="12071673092"/>
  <nd ref="12071673095"/>
  <nd ref="12071673097"/>
  <nd ref="12071673099"/>
  <nd ref="12071673101"/>
  <nd ref="12071673103"/>
  <nd ref="12071673105"/>
  <nd ref="12071673107"/>
  <nd ref="12071673109"/>
  <nd ref="12071673111"/>
  <nd ref="12071673113"/>
  <nd ref="11237754191"/>
  <nd ref="12071777095"/>
  <nd ref="12071777096"/>
  <nd ref="12071678443"/>
  <tag k="access" v="private"/>
  <tag k="landuse" v="railway"/>
  <tag k="name" v="Phố đường tàu Hà Nội"/>
  <tag k="name:en" v="Hanoi Train Street"/>
  <tag k="note" v="To understand why this neighborhood came to be, watch this excellent video about the train street: The People Who Hate Us - Rare Earth, and read this news article: Cuộc sống hơn 60 năm ở xóm đường tàu – VnExpress"/>
  <tag k="operator" v="Tổng Công ty Đường sắt Việt Nam"/>
  <tag k="tourism" v="attraction"/>
  <tag k="wikidata" v="Q85788921"/>
  <tag k="wikipedia" v="en:Hanoi Train Street"/>
 </way>
 <way id="1262094264" visible="true" version="1" changeset="148582105" timestamp="2024-03-13T08:43:52Z" user="phoenixsaigon1698" uid="3323343">
  <nd ref="103060023"/>
  <nd ref="10149108514"/>
  <nd ref="2275188545"/>
  <tag k="highway" v="residential"/>
  <tag k="name" v="Phố Trần Quý Cáp"/>
  <tag k="name:en" v="Tran Quy Cap Street"/>
  <tag k="surface" v="asphalt"/>
 </way>
 <way id="1305270966" visible="true" version="1" changeset="154741099" timestamp="2024-08-02T15:13:40Z" user="logus2" uid="21611817">
  <nd ref="12071777115"/>
  <nd ref="10168769258"/>
  <nd ref="10168769257"/>
  <nd ref="10168769259"/>
  <nd ref="10168769272"/>
  <nd ref="10168769250"/>
  <tag k="footway" v="sidewalk"/>
  <tag k="highway" v="footway"/>
 </way>
 <way id="1305271932" visible="true" version="1" changeset="154741624" timestamp="2024-08-02T15:25:22Z" user="logus2" uid="21611817">
  <nd ref="12089170209"/>
  <nd ref="12089170210"/>
  <tag k="barrier" v="wall"/>
 </way>
 <way id="1305271933" visible="true" version="1" changeset="154741624" timestamp="2024-08-02T15:25:22Z" user="logus2" uid="21611817">
  <nd ref="12089170210"/>
  <nd ref="12089170209"/>
  <nd ref="12089170231"/>
  <nd ref="12089170211"/>
  <nd ref="12089170212"/>
  <nd ref="12089170213"/>
  <nd ref="12089170214"/>
  <nd ref="12089170215"/>
  <nd ref="12089170216"/>
  <nd ref="12089170217"/>
  <nd ref="12089170218"/>
  <nd ref="12089170219"/>
  <nd ref="12089170220"/>
  <nd ref="12089170221"/>
  <nd ref="12089170210"/>
  <tag k="landuse" v="commercial"/>
 </way>
 <way id="1305271936" visible="true" version="1" changeset="154741624" timestamp="2024-08-02T15:25:22Z" user="logus2" uid="21611817">
  <nd ref="12089170231"/>
  <nd ref="10165813926"/>
  <nd ref="10159370778"/>
  <tag k="footway" v="sidewalk"/>
  <tag k="highway" v="footway"/>
 </way>
 <way id="1305271937" visible="true" version="1" changeset="154741624" timestamp="2024-08-02T15:25:22Z" user="logus2" uid="21611817">
  <nd ref="11594082863"/>
  <nd ref="11594082842"/>
  <nd ref="12089170231"/>
  <tag k="crossing" v="unmarked"/>
  <tag k="crossing:markings" v="no"/>
  <tag k="footway" v="crossing"/>
  <tag k="highway" v="footway"/>
 </way>
 <way id="1305271938" visible="true" version="1" changeset="154741624" timestamp="2024-08-02T15:25:22Z" user="logus2" uid="21611817">
  <nd ref="11594082862"/>
  <nd ref="12089170232"/>
  <nd ref="12089170233"/>
  <nd ref="12089170234"/>
  <nd ref="12089170235"/>
  <nd ref="12089170236"/>
  <nd ref="12089170237"/>
  <nd ref="12089170238"/>
  <nd ref="12089170222"/>
  <nd ref="11594082863"/>
  <nd ref="11594082862"/>
  <tag k="landuse" v="residential"/>
 </way>
 <way id="1305512002" visible="true" version="1" changeset="154799389" timestamp="2024-08-04T07:49:55Z" user="logus2" uid="21611817">
  <nd ref="12091473442"/>
  <nd ref="12091473443"/>
  <nd ref="12091473444"/>
  <nd ref="12091473445"/>
  <nd ref="12091473446"/>
  <nd ref="12091473447"/>
  <nd ref="12091473448"/>
  <nd ref="12091473449"/>
  <nd ref="12091473450"/>
  <nd ref="12091473451"/>
  <nd ref="12091473452"/>
  <nd ref="12091473453"/>
  <nd ref="12091473454"/>
  <nd ref="12091473455"/>
  <nd ref="11594082845"/>
  <nd ref="11594082846"/>
  <nd ref="11594082847"/>
  <nd ref="11594082848"/>
  <nd ref="11594082849"/>
  <nd ref="11594082850"/>
  <nd ref="12091473456"/>
  <nd ref="12091473457"/>
  <nd ref="12091473458"/>
  <nd ref="12091473459"/>
  <nd ref="12091473442"/>
  <tag k="landuse" v="residential"/>
 </way>
 <way id="1305512003" visible="true" version="2" changeset="168676148" timestamp="2025-07-09T04:40:43Z" user="GrabVN_HHanh" uid="21825758">
  <nd ref="12091473460"/>
  <nd ref="12091473461"/>
  <nd ref="12091473462"/>
  <nd ref="12091473463"/>
  <nd ref="12091473464"/>
  <nd ref="5703642416"/>
  <tag k="highway" v="service"/>
  <tag k="motorcar" v="destination"/>
  <tag k="service" v="alley"/>
 </way>
 <way id="1305512004" visible="true" version="1" changeset="154799389" timestamp="2024-08-04T07:49:55Z" user="logus2" uid="21611817">
  <nd ref="12091473461"/>
  <nd ref="12091473465"/>
  <nd ref="12091473466"/>
  <nd ref="12091473467"/>
  <nd ref="12091473468"/>
  <nd ref="12091479569"/>
  <tag k="highway" v="service"/>
  <tag k="service" v="alley"/>
 </way>
 <way id="1305512005" visible="true" version="2" changeset="169096550" timestamp="2025-07-18T08:33:45Z" user="Tewuzij" uid="16194143">
  <nd ref="12091479570"/>
  <nd ref="13008794420"/>
  <nd ref="12091479571"/>
  <tag k="highway" v="service"/>
  <tag k="service" v="alley"/>
 </way>
 <way id="1359315359" visible="true" version="1" changeset="162428435" timestamp="2025-02-12T12:35:21Z" user="Wamia Zaman" uid="22445635">
  <nd ref="12582093576"/>
  <nd ref="12582093577"/>
  <nd ref="12582093578"/>
  <nd ref="12582093579"/>
  <nd ref="12582093576"/>
  <tag k="building" v="yes"/>
 </way>
 <way id="1359315360" visible="true" version="1" changeset="162428435" timestamp="2025-02-12T12:35:21Z" user="Wamia Zaman" uid="22445635">
  <nd ref="12582093580"/>
  <nd ref="12582093581"/>
  <nd ref="12582093582"/>
  <nd ref="12582093583"/>
  <nd ref="12582093580"/>
  <tag k="building" v="yes"/>
 </way>
 <way id="1359315361" visible="true" version="1" changeset="162428435" timestamp="2025-02-12T12:35:21Z" user="Wamia Zaman" uid="22445635">
  <nd ref="12582093585"/>
  <nd ref="12582093586"/>
  <nd ref="12582093587"/>
  <nd ref="12582093588"/>
  <nd ref="12582093585"/>
  <tag k="building" v="yes"/>
 </way>
 <way id="1359315362" visible="true" version="1" changeset="162428435" timestamp="2025-02-12T12:35:21Z" user="Wamia Zaman" uid="22445635">
  <nd ref="12582093589"/>
  <nd ref="12582093590"/>
  <nd ref="12582093591"/>
  <nd ref="12582093592"/>
  <nd ref="12582093589"/>
  <tag k="building" v="yes"/>
 </way>
 <way id="1359315363" visible="true" version="1" changeset="162428435" timestamp="2025-02-12T12:35:21Z" user="Wamia Zaman" uid="22445635">
  <nd ref="12582093593"/>
  <nd ref="12582093594"/>
  <nd ref="12582093595"/>
  <nd ref="12582093596"/>
  <nd ref="12582093593"/>
  <tag k="building" v="yes"/>
 </way>
 <way id="1359315365" visible="true" version="1" changeset="162428435" timestamp="2025-02-12T12:35:21Z" user="Wamia Zaman" uid="22445635">
  <nd ref="12582096401"/>
  <nd ref="12582096402"/>
  <nd ref="12582096403"/>
  <nd ref="12582096404"/>
  <nd ref="12582096401"/>
  <tag k="building" v="yes"/>
 </way>
 <way id="1359315366" visible="true" version="1" changeset="162428435" timestamp="2025-02-12T12:35:21Z" user="Wamia Zaman" uid="22445635">
  <nd ref="12582096405"/>
  <nd ref="12582096406"/>
  <nd ref="12582096407"/>
  <nd ref="12582096408"/>
  <nd ref="12582096405"/>
  <tag k="building" v="yes"/>
 </way>
 <way id="1359315367" visible="true" version="1" changeset="162428435" timestamp="2025-02-12T12:35:21Z" user="Wamia Zaman" uid="22445635">
  <nd ref="12582096409"/>
  <nd ref="12582096410"/>
  <nd ref="12582096411"/>
  <nd ref="12582096412"/>
  <nd ref="12582096409"/>
  <tag k="building" v="yes"/>
 </way>
 <way id="1359315368" visible="true" version="1" changeset="162428435" timestamp="2025-02-12T12:35:21Z" user="Wamia Zaman" uid="22445635">
  <nd ref="12582096413"/>
  <nd ref="12582096414"/>
  <nd ref="12582096415"/>
  <nd ref="12582096416"/>
  <nd ref="12582096413"/>
  <tag k="building" v="yes"/>
 </way>
 <way id="1361602837" visible="true" version="1" changeset="162763804" timestamp="2025-02-21T04:03:26Z" user="amoacristoelsalvador" uid="21655465">
  <nd ref="12606075340"/>
  <nd ref="12606075341"/>
  <nd ref="12606075342"/>
  <nd ref="12606075343"/>
  <nd ref="12606075344"/>
  <nd ref="12606075340"/>
  <tag k="building" v="yes"/>
 </way>
 <way id="1361602838" visible="true" version="1" changeset="162763804" timestamp="2025-02-21T04:03:26Z" user="amoacristoelsalvador" uid="21655465">
  <nd ref="12606075345"/>
  <nd ref="12606075346"/>
  <nd ref="12606075347"/>
  <nd ref="12606075348"/>
  <nd ref="12606075349"/>
  <nd ref="12606075350"/>
  <nd ref="12606075351"/>
  <nd ref="12606075345"/>
  <tag k="building" v="yes"/>
 </way>
 <way id="1361602839" visible="true" version="1" changeset="162763804" timestamp="2025-02-21T04:03:26Z" user="amoacristoelsalvador" uid="21655465">
  <nd ref="12606075352"/>
  <nd ref="12606075353"/>
  <nd ref="12606075354"/>
  <nd ref="12606075355"/>
  <nd ref="12606075356"/>
  <nd ref="12606075357"/>
  <nd ref="12606075358"/>
  <nd ref="12606075352"/>
  <tag k="building" v="yes"/>
 </way>
 <way id="1361602840" visible="true" version="1" changeset="162763804" timestamp="2025-02-21T04:03:26Z" user="amoacristoelsalvador" uid="21655465">
  <nd ref="12606075359"/>
  <nd ref="12606075360"/>
  <nd ref="12606075361"/>
  <nd ref="12606075362"/>
  <nd ref="12606075359"/>
  <tag k="building" v="yes"/>
 </way>
 <way id="1361602842" visible="true" version="1" changeset="162763804" timestamp="2025-02-21T04:03:26Z" user="amoacristoelsalvador" uid="21655465">
  <nd ref="12606075368"/>
  <nd ref="12606075369"/>
  <nd ref="12606075370"/>
  <nd ref="12606075371"/>
  <nd ref="12606075372"/>
  <nd ref="12606075373"/>
  <nd ref="12606075374"/>
  <nd ref="12606075375"/>
  <nd ref="12606075376"/>
  <nd ref="12606075377"/>
  <nd ref="12606075368"/>
  <tag k="building" v="yes"/>
 </way>
 <way id="1361602843" visible="true" version="1" changeset="162763804" timestamp="2025-02-21T04:03:26Z" user="amoacristoelsalvador" uid="21655465">
  <nd ref="12606075378"/>
  <nd ref="12606075379"/>
  <nd ref="12606075380"/>
  <nd ref="12606075381"/>
  <nd ref="12606075382"/>
  <nd ref="12606075383"/>
  <nd ref="12606075378"/>
  <tag k="building" v="yes"/>
 </way>
 <way id="1361602844" visible="true" version="1" changeset="162763804" timestamp="2025-02-21T04:03:26Z" user="amoacristoelsalvador" uid="21655465">
  <nd ref="12606075384"/>
  <nd ref="12606075385"/>
  <nd ref="12606075386"/>
  <nd ref="12606075387"/>
  <nd ref="12606075388"/>
  <nd ref="12606075389"/>
  <nd ref="12606075390"/>
  <nd ref="12606075391"/>
  <nd ref="12606075384"/>
  <tag k="building" v="yes"/>
 </way>
 <way id="1361602845" visible="true" version="1" changeset="162763804" timestamp="2025-02-21T04:03:26Z" user="amoacristoelsalvador" uid="21655465">
  <nd ref="12606075392"/>
  <nd ref="12606075393"/>
  <nd ref="12606075394"/>
  <nd ref="12606075395"/>
  <nd ref="12606075396"/>
  <nd ref="12606075397"/>
  <nd ref="12606075398"/>
  <nd ref="12606075392"/>
  <tag k="building" v="yes"/>
 </way>
 <way id="1361602846" visible="true" version="1" changeset="162763804" timestamp="2025-02-21T04:03:26Z" user="amoacristoelsalvador" uid="21655465">
  <nd ref="12606075399"/>
  <nd ref="12606075400"/>
  <nd ref="12606090901"/>
  <nd ref="12606090902"/>
  <nd ref="12606075399"/>
  <tag k="building" v="yes"/>
 </way>
 <way id="1361602847" visible="true" version="1" changeset="162763804" timestamp="2025-02-21T04:03:26Z" user="amoacristoelsalvador" uid="21655465">
  <nd ref="12606090903"/>
  <nd ref="12606090904"/>
  <nd ref="12606090905"/>
  <nd ref="12606090906"/>
  <nd ref="12606090907"/>
  <nd ref="12606090908"/>
  <nd ref="12606090909"/>
  <nd ref="12606090910"/>
  <nd ref="12606090911"/>
  <nd ref="12606090912"/>
  <nd ref="12606090913"/>
  <nd ref="12606090903"/>
  <tag k="building" v="yes"/>
 </way>
 <way id="1361602848" visible="true" version="1" changeset="162763804" timestamp="2025-02-21T04:03:26Z" user="amoacristoelsalvador" uid="21655465">
  <nd ref="12606090914"/>
  <nd ref="12606090915"/>
  <nd ref="12606090916"/>
  <nd ref="12606090917"/>
  <nd ref="12606090918"/>
  <nd ref="12606090919"/>
  <nd ref="12606090920"/>
  <nd ref="12606090921"/>
  <nd ref="12606090922"/>
  <nd ref="12606090914"/>
  <tag k="building" v="yes"/>
 </way>
 <way id="1361602849" visible="true" version="1" changeset="162763804" timestamp="2025-02-21T04:03:26Z" user="amoacristoelsalvador" uid="21655465">
  <nd ref="12606090923"/>
  <nd ref="12606090924"/>
  <nd ref="12606090925"/>
  <nd ref="12606090926"/>
  <nd ref="12606090927"/>
  <nd ref="12606090928"/>
  <nd ref="12606090929"/>
  <nd ref="12606090930"/>
  <nd ref="12606090931"/>
  <nd ref="12606090932"/>
  <nd ref="12606090923"/>
  <tag k="building" v="yes"/>
 </way>
 <way id="1361602850" visible="true" version="1" changeset="162763804" timestamp="2025-02-21T04:03:26Z" user="amoacristoelsalvador" uid="21655465">
  <nd ref="12606090933"/>
  <nd ref="12606090934"/>
  <nd ref="12606090935"/>
  <nd ref="12606090936"/>
  <nd ref="12606090933"/>
  <tag k="building" v="yes"/>
 </way>
 <way id="1361602851" visible="true" version="1" changeset="162763804" timestamp="2025-02-21T04:03:26Z" user="amoacristoelsalvador" uid="21655465">
  <nd ref="12606090937"/>
  <nd ref="12606090938"/>
  <nd ref="12606090939"/>
  <nd ref="12606090940"/>
  <nd ref="12606090941"/>
  <nd ref="12606090937"/>
  <tag k="building" v="yes"/>
 </way>
 <way id="1361602852" visible="true" version="1" changeset="162763804" timestamp="2025-02-21T04:03:26Z" user="amoacristoelsalvador" uid="21655465">
  <nd ref="12606090942"/>
  <nd ref="12606090943"/>
  <nd ref="12606090944"/>
  <nd ref="12606090945"/>
  <nd ref="12606090946"/>
  <nd ref="12606090947"/>
  <nd ref="12606090948"/>
  <nd ref="12606090949"/>
  <nd ref="12606090950"/>
  <nd ref="12606090951"/>
  <nd ref="12606090952"/>
  <nd ref="12606090953"/>
  <nd ref="12606090954"/>
  <nd ref="12606090955"/>
  <nd ref="12606090956"/>
  <nd ref="12606090957"/>
  <nd ref="12606090942"/>
  <tag k="building" v="yes"/>
 </way>
 <way id="1361602853" visible="true" version="1" changeset="162763804" timestamp="2025-02-21T04:03:26Z" user="amoacristoelsalvador" uid="21655465">
  <nd ref="12606090958"/>
  <nd ref="12606090959"/>
  <nd ref="12606090960"/>
  <nd ref="12606090961"/>
  <nd ref="12606090958"/>
  <tag k="building" v="yes"/>
 </way>
 <way id="1361602854" visible="true" version="1" changeset="162763804" timestamp="2025-02-21T04:03:26Z" user="amoacristoelsalvador" uid="21655465">
  <nd ref="12606090962"/>
  <nd ref="12606090963"/>
  <nd ref="12606090964"/>
  <nd ref="12606090965"/>
  <nd ref="12606090962"/>
  <tag k="building" v="yes"/>
 </way>
 <way id="1361692987" visible="true" version="1" changeset="162780503" timestamp="2025-02-21T13:24:47Z" user="Teodora Stoyanova" uid="22545183">
  <nd ref="12606908198"/>
  <nd ref="12606908199"/>
  <nd ref="12606908200"/>
  <nd ref="12606949908"/>
  <nd ref="12606949901"/>
  <nd ref="12606908198"/>
  <tag k="building" v="yes"/>
 </way>
 <way id="1361692988" visible="true" version="1" changeset="162780503" timestamp="2025-02-21T13:24:47Z" user="Teodora Stoyanova" uid="22545183">
  <nd ref="12606949902"/>
  <nd ref="12606949903"/>
  <nd ref="12606949904"/>
  <nd ref="12606949905"/>
  <nd ref="12606949902"/>
  <tag k="building" v="yes"/>
 </way>
 <way id="1361692989" visible="true" version="1" changeset="162780503" timestamp="2025-02-21T13:24:47Z" user="Teodora Stoyanova" uid="22545183">
  <nd ref="12606949906"/>
  <nd ref="12606949907"/>
  <nd ref="12606949908"/>
  <nd ref="12606949909"/>
  <nd ref="12606949906"/>
  <tag k="building" v="yes"/>
 </way>
 <way id="1361692990" visible="true" version="1" changeset="162780503" timestamp="2025-02-21T13:24:47Z" user="Teodora Stoyanova" uid="22545183">
  <nd ref="12606949910"/>
  <nd ref="12606949911"/>
  <nd ref="12606949912"/>
  <nd ref="12606949913"/>
  <nd ref="12606949910"/>
  <tag k="building" v="yes"/>
 </way>
 <way id="1361692991" visible="true" version="1" changeset="162780503" timestamp="2025-02-21T13:24:47Z" user="Teodora Stoyanova" uid="22545183">
  <nd ref="12606949914"/>
  <nd ref="12606949915"/>
  <nd ref="12606949916"/>
  <nd ref="12606949917"/>
  <nd ref="12606949914"/>
  <tag k="building" v="yes"/>
 </way>
 <way id="1361712816" visible="true" version="1" changeset="162784285" timestamp="2025-02-21T14:56:08Z" user="LGil" uid="22545481">
  <nd ref="12607106656"/>
  <nd ref="12607106657"/>
  <nd ref="12607106658"/>
  <nd ref="12607106659"/>
  <nd ref="12607106660"/>
  <nd ref="12607106661"/>
  <nd ref="12607106662"/>
  <nd ref="12607106656"/>
  <tag k="building" v="yes"/>
  <tag k="layer" v="1"/>
 </way>
 <way id="1361712817" visible="true" version="1" changeset="162784285" timestamp="2025-02-21T14:56:08Z" user="LGil" uid="22545481">
  <nd ref="12607106663"/>
  <nd ref="12607106664"/>
  <nd ref="12607106665"/>
  <nd ref="12607106666"/>
  <nd ref="12607106663"/>
  <tag k="building" v="yes"/>
 </way>
 <way id="1361712818" visible="true" version="1" changeset="162784285" timestamp="2025-02-21T14:56:08Z" user="LGil" uid="22545481">
  <nd ref="12607106667"/>
  <nd ref="12607106668"/>
  <nd ref="12607106669"/>
  <nd ref="12607106670"/>
  <nd ref="12607106671"/>
  <nd ref="12607106672"/>
  <nd ref="12607106673"/>
  <nd ref="12607106674"/>
  <nd ref="12607106675"/>
  <nd ref="12607106676"/>
  <nd ref="12607106667"/>
  <tag k="building" v="yes"/>
  <tag k="layer" v="1"/>
 </way>
 <way id="1361712819" visible="true" version="1" changeset="162784285" timestamp="2025-02-21T14:56:08Z" user="LGil" uid="22545481">
  <nd ref="12607106677"/>
  <nd ref="12607106678"/>
  <nd ref="12607106679"/>
  <nd ref="12607106680"/>
  <nd ref="12607106681"/>
  <nd ref="12607106682"/>
  <nd ref="12607106677"/>
  <tag k="building" v="yes"/>
  <tag k="layer" v="1"/>
 </way>
 <way id="1361712820" visible="true" version="1" changeset="162784285" timestamp="2025-02-21T14:56:08Z" user="LGil" uid="22545481">
  <nd ref="12607106683"/>
  <nd ref="12607106684"/>
  <nd ref="12607106685"/>
  <nd ref="12607106686"/>
  <nd ref="12607106683"/>
  <tag k="building" v="yes"/>
 </way>
 <way id="1361712821" visible="true" version="1" changeset="162784285" timestamp="2025-02-21T14:56:08Z" user="LGil" uid="22545481">
  <nd ref="12607106687"/>
  <nd ref="12607106688"/>
  <nd ref="12607106689"/>
  <nd ref="12607106690"/>
  <nd ref="12607106691"/>
  <nd ref="12607106692"/>
  <nd ref="12607106693"/>
  <nd ref="12607106694"/>
  <nd ref="12607106695"/>
  <nd ref="12607106687"/>
  <tag k="building" v="yes"/>
 </way>
 <way id="1361712822" visible="true" version="1" changeset="162784285" timestamp="2025-02-21T14:56:08Z" user="LGil" uid="22545481">
  <nd ref="12607106696"/>
  <nd ref="12607106697"/>
  <nd ref="12607106698"/>
  <nd ref="12607106699"/>
  <nd ref="12607106700"/>
  <nd ref="12607106696"/>
  <tag k="building" v="yes"/>
 </way>
 <way id="1361712823" visible="true" version="1" changeset="162784285" timestamp="2025-02-21T14:56:08Z" user="LGil" uid="22545481">
  <nd ref="12607109201"/>
  <nd ref="12607109202"/>
  <nd ref="12607109203"/>
  <nd ref="12607109204"/>
  <nd ref="12607109201"/>
  <tag k="building" v="yes"/>
 </way>
 <way id="1361712824" visible="true" version="1" changeset="162784285" timestamp="2025-02-21T14:56:08Z" user="LGil" uid="22545481">
  <nd ref="12607109205"/>
  <nd ref="12607109206"/>
  <nd ref="12607109207"/>
  <nd ref="12607109208"/>
  <nd ref="12607109209"/>
  <nd ref="12607109210"/>
  <nd ref="12607109205"/>
  <tag k="building" v="yes"/>
 </way>
 <way id="1361712825" visible="true" version="1" changeset="162784285" timestamp="2025-02-21T14:56:08Z" user="LGil" uid="22545481">
  <nd ref="12607109211"/>
  <nd ref="12607109212"/>
  <nd ref="12607109213"/>
  <nd ref="12607109214"/>
  <nd ref="12607109211"/>
  <tag k="building" v="yes"/>
 </way>
 <way id="1361725825" visible="true" version="1" changeset="162786730" timestamp="2025-02-21T15:58:17Z" user="Kevin at MS" uid="13525483">
  <nd ref="12607221570"/>
  <nd ref="12607221571"/>
  <nd ref="12607221572"/>
  <nd ref="12607221573"/>
  <nd ref="12607221570"/>
  <tag k="building" v="yes"/>
  <tag k="layer" v="-1"/>
 </way>
 <way id="1361725826" visible="true" version="1" changeset="162786730" timestamp="2025-02-21T15:58:17Z" user="Kevin at MS" uid="13525483">
  <nd ref="12607221574"/>
  <nd ref="12607221575"/>
  <nd ref="12607221576"/>
  <nd ref="12607221577"/>
  <nd ref="12607221574"/>
  <tag k="building" v="yes"/>
 </way>
 <way id="1361725827" visible="true" version="1" changeset="162786730" timestamp="2025-02-21T15:58:17Z" user="Kevin at MS" uid="13525483">
  <nd ref="12607221578"/>
  <nd ref="12607221579"/>
  <nd ref="12607221580"/>
  <nd ref="12607221581"/>
  <nd ref="12607221578"/>
  <tag k="building" v="yes"/>
 </way>
 <way id="1361725828" visible="true" version="1" changeset="162786730" timestamp="2025-02-21T15:58:17Z" user="Kevin at MS" uid="13525483">
  <nd ref="12607221582"/>
  <nd ref="12607221583"/>
  <nd ref="12607221584"/>
  <nd ref="12607221585"/>
  <nd ref="12607221582"/>
  <tag k="building" v="yes"/>
 </way>
 <way id="1361725829" visible="true" version="1" changeset="162786730" timestamp="2025-02-21T15:58:17Z" user="Kevin at MS" uid="13525483">
  <nd ref="12607221586"/>
  <nd ref="12607221587"/>
  <nd ref="12607221588"/>
  <nd ref="12607221589"/>
  <nd ref="12607221590"/>
  <nd ref="12607221591"/>
  <nd ref="12607221586"/>
  <tag k="building" v="yes"/>
  <tag k="layer" v="-1"/>
 </way>
 <way id="1361725830" visible="true" version="1" changeset="162786730" timestamp="2025-02-21T15:58:17Z" user="Kevin at MS" uid="13525483">
  <nd ref="12607221592"/>
  <nd ref="12607221593"/>
  <nd ref="12607221594"/>
  <nd ref="12607221595"/>
  <nd ref="12607221592"/>
  <tag k="building" v="yes"/>
 </way>
 <way id="1361725831" visible="true" version="1" changeset="162786730" timestamp="2025-02-21T15:58:17Z" user="Kevin at MS" uid="13525483">
  <nd ref="12607221596"/>
  <nd ref="12607221597"/>
  <nd ref="12607221598"/>
  <nd ref="12607221599"/>
  <nd ref="12607221596"/>
  <tag k="building" v="yes"/>
  <tag k="layer" v="-1"/>
 </way>
 <way id="1361725832" visible="true" version="1" changeset="162786730" timestamp="2025-02-21T15:58:17Z" user="Kevin at MS" uid="13525483">
  <nd ref="12607221600"/>
  <nd ref="12607226201"/>
  <nd ref="12607226202"/>
  <nd ref="12607226203"/>
  <nd ref="12607221600"/>
  <tag k="building" v="yes"/>
 </way>
 <way id="1361725833" visible="true" version="1" changeset="162786730" timestamp="2025-02-21T15:58:17Z" user="Kevin at MS" uid="13525483">
  <nd ref="12607226204"/>
  <nd ref="12607226205"/>
  <nd ref="12607226206"/>
  <nd ref="12607226207"/>
  <nd ref="12607226204"/>
  <tag k="building" v="yes"/>
 </way>
 <way id="1361725834" visible="true" version="1" changeset="162786730" timestamp="2025-02-21T15:58:17Z" user="Kevin at MS" uid="13525483">
  <nd ref="12607226208"/>
  <nd ref="12607226209"/>
  <nd ref="12607226210"/>
  <nd ref="12607226211"/>
  <nd ref="12607226208"/>
  <tag k="building" v="yes"/>
 </way>
 <way id="1361725835" visible="true" version="1" changeset="162786730" timestamp="2025-02-21T15:58:17Z" user="Kevin at MS" uid="13525483">
  <nd ref="12607226211"/>
  <nd ref="12607226210"/>
  <nd ref="12607226212"/>
  <nd ref="12607226213"/>
  <nd ref="12607226211"/>
  <tag k="building" v="yes"/>
 </way>
 <way id="1361725836" visible="true" version="1" changeset="162786730" timestamp="2025-02-21T15:58:17Z" user="Kevin at MS" uid="13525483">
  <nd ref="12607226213"/>
  <nd ref="12607226212"/>
  <nd ref="12607226214"/>
  <nd ref="12607226215"/>
  <nd ref="12607226213"/>
  <tag k="building" v="yes"/>
 </way>
 <way id="1361725837" visible="true" version="1" changeset="162786730" timestamp="2025-02-21T15:58:17Z" user="Kevin at MS" uid="13525483">
  <nd ref="12607226216"/>
  <nd ref="12607226214"/>
  <nd ref="12607226217"/>
  <nd ref="12607226218"/>
  <nd ref="12607226216"/>
  <tag k="building" v="yes"/>
 </way>
 <way id="1361725838" visible="true" version="1" changeset="162786730" timestamp="2025-02-21T15:58:17Z" user="Kevin at MS" uid="13525483">
  <nd ref="12607226219"/>
  <nd ref="12607226220"/>
  <nd ref="12607226221"/>
  <nd ref="12607226222"/>
  <nd ref="12607226219"/>
  <tag k="building" v="yes"/>
 </way>
 <way id="1361725839" visible="true" version="1" changeset="162786730" timestamp="2025-02-21T15:58:17Z" user="Kevin at MS" uid="13525483">
  <nd ref="12607226223"/>
  <nd ref="12607226224"/>
  <nd ref="12607226225"/>
  <nd ref="12607226226"/>
  <nd ref="12607226227"/>
  <nd ref="12607226228"/>
  <nd ref="12607226223"/>
  <tag k="building" v="yes"/>
 </way>
 <way id="1370837135" visible="true" version="1" changeset="164025936" timestamp="2025-03-24T10:58:52Z" user="belle kim" uid="22477016">
  <nd ref="12696303848"/>
  <nd ref="12696303849"/>
  <nd ref="12696303850"/>
  <nd ref="12696303851"/>
  <nd ref="12696303852"/>
  <nd ref="12696303853"/>
  <nd ref="12696303848"/>
  <tag k="building" v="yes"/>
 </way>
 <way id="1370837136" visible="true" version="1" changeset="164025936" timestamp="2025-03-24T10:58:52Z" user="belle kim" uid="22477016">
  <nd ref="12696303854"/>
  <nd ref="12696303855"/>
  <nd ref="12696303856"/>
  <nd ref="12696303857"/>
  <nd ref="12696303854"/>
  <tag k="building" v="yes"/>
 </way>
 <way id="1371660820" visible="true" version="1" changeset="164117431" timestamp="2025-03-26T11:33:16Z" user="cdhill73" uid="21356841">
  <nd ref="12702205723"/>
  <nd ref="12702205724"/>
  <nd ref="12702205725"/>
  <nd ref="12702205726"/>
  <nd ref="12702205727"/>
  <nd ref="12702205728"/>
  <nd ref="12702205729"/>
  <nd ref="12702205730"/>
  <nd ref="12702205731"/>
  <nd ref="12702205732"/>
  <nd ref="12702205723"/>
  <tag k="building" v="yes"/>
  <tag k="layer" v="1"/>
 </way>
 <way id="1371660821" visible="true" version="1" changeset="164117431" timestamp="2025-03-26T11:33:16Z" user="cdhill73" uid="21356841">
  <nd ref="12702205733"/>
  <nd ref="12702205734"/>
  <nd ref="12702205735"/>
  <nd ref="12702205736"/>
  <nd ref="12702205733"/>
  <tag k="building" v="yes"/>
 </way>
 <way id="1371660822" visible="true" version="1" changeset="164117431" timestamp="2025-03-26T11:33:16Z" user="cdhill73" uid="21356841">
  <nd ref="12702205737"/>
  <nd ref="12702205738"/>
  <nd ref="12702205739"/>
  <nd ref="12702205740"/>
  <nd ref="12702205737"/>
  <tag k="building" v="yes"/>
 </way>
 <way id="1371660823" visible="true" version="1" changeset="164117431" timestamp="2025-03-26T11:33:16Z" user="cdhill73" uid="21356841">
  <nd ref="12702205741"/>
  <nd ref="12702205742"/>
  <nd ref="12702205743"/>
  <nd ref="12702205744"/>
  <nd ref="12702205745"/>
  <nd ref="12702205746"/>
  <nd ref="12702205747"/>
  <nd ref="12702205748"/>
  <nd ref="12702205741"/>
  <tag k="building" v="yes"/>
 </way>
 <way id="1371661465" visible="true" version="1" changeset="164117506" timestamp="2025-03-26T11:35:22Z" user="cdhill73" uid="21356841">
  <nd ref="12702148943"/>
  <nd ref="12702148944"/>
  <nd ref="12702148945"/>
  <nd ref="12702148946"/>
  <nd ref="12702148947"/>
  <nd ref="12702148948"/>
  <nd ref="12702148943"/>
  <tag k="building" v="yes"/>
 </way>
 <way id="1371661466" visible="true" version="1" changeset="164117506" timestamp="2025-03-26T11:35:22Z" user="cdhill73" uid="21356841">
  <nd ref="12702148949"/>
  <nd ref="12702148950"/>
  <nd ref="12702148951"/>
  <nd ref="12702148952"/>
  <nd ref="12702148949"/>
  <tag k="building" v="yes"/>
 </way>
 <way id="1390204831" visible="true" version="1" changeset="166839979" timestamp="2025-05-27T18:51:07Z" user="Lucille Plqn" uid="22164055">
  <nd ref="12869199001"/>
  <nd ref="12869199002"/>
  <nd ref="12869199003"/>
  <nd ref="12869199004"/>
  <nd ref="12869199001"/>
  <tag k="building" v="yes"/>
 </way>
 <way id="1390204832" visible="true" version="1" changeset="166839979" timestamp="2025-05-27T18:51:07Z" user="Lucille Plqn" uid="22164055">
  <nd ref="12869199005"/>
  <nd ref="12869199006"/>
  <nd ref="12869199007"/>
  <nd ref="12869199008"/>
  <nd ref="12869199005"/>
  <tag k="building" v="yes"/>
 </way>
 <way id="1390204833" visible="true" version="1" changeset="166839979" timestamp="2025-05-27T18:51:07Z" user="Lucille Plqn" uid="22164055">
  <nd ref="12869199009"/>
  <nd ref="12869199007"/>
  <nd ref="12869199010"/>
  <nd ref="12869199011"/>
  <nd ref="12869199009"/>
  <tag k="building" v="yes"/>
 </way>
 <way id="1390204834" visible="true" version="1" changeset="166839979" timestamp="2025-05-27T18:51:07Z" user="Lucille Plqn" uid="22164055">
  <nd ref="12869199012"/>
  <nd ref="12869199013"/>
  <nd ref="12869199014"/>
  <nd ref="12869199015"/>
  <nd ref="12869199012"/>
  <tag k="building" v="yes"/>
 </way>
 <way id="1390204835" visible="true" version="1" changeset="166839979" timestamp="2025-05-27T18:51:07Z" user="Lucille Plqn" uid="22164055">
  <nd ref="12869199016"/>
  <nd ref="12869199017"/>
  <nd ref="12869199002"/>
  <nd ref="12869199014"/>
  <nd ref="12869199016"/>
  <tag k="building" v="yes"/>
 </way>
 <way id="1390204836" visible="true" version="1" changeset="166839979" timestamp="2025-05-27T18:51:07Z" user="Lucille Plqn" uid="22164055">
  <nd ref="12869199018"/>
  <nd ref="12869199019"/>
  <nd ref="12869199020"/>
  <nd ref="12607226201"/>
  <nd ref="12869199018"/>
  <tag k="building" v="yes"/>
 </way>
 <way id="1390294452" visible="true" version="1" changeset="166852166" timestamp="2025-05-28T05:05:23Z" user="jjoannalin1" uid="21272829">
  <nd ref="12869986238"/>
  <nd ref="12869986239"/>
  <nd ref="12869986240"/>
  <nd ref="12869986241"/>
  <nd ref="12869986238"/>
  <tag k="building" v="yes"/>
 </way>
 <way id="1390294453" visible="true" version="1" changeset="166852166" timestamp="2025-05-28T05:05:23Z" user="jjoannalin1" uid="21272829">
  <nd ref="12869986242"/>
  <nd ref="12869986243"/>
  <nd ref="12869986244"/>
  <nd ref="12869986245"/>
  <nd ref="12869986242"/>
  <tag k="building" v="yes"/>
 </way>
 <way id="1390294454" visible="true" version="1" changeset="166852166" timestamp="2025-05-28T05:05:23Z" user="jjoannalin1" uid="21272829">
  <nd ref="12869986246"/>
  <nd ref="12869986247"/>
  <nd ref="12869986248"/>
  <nd ref="12869986249"/>
  <nd ref="12869986246"/>
  <tag k="building" v="yes"/>
 </way>
 <way id="1390294455" visible="true" version="1" changeset="166852166" timestamp="2025-05-28T05:05:23Z" user="jjoannalin1" uid="21272829">
  <nd ref="12869986250"/>
  <nd ref="12869986251"/>
  <nd ref="12869986252"/>
  <nd ref="12869986253"/>
  <nd ref="12869986250"/>
  <tag k="building" v="yes"/>
 </way>
 <way id="1390294456" visible="true" version="1" changeset="166852166" timestamp="2025-05-28T05:05:23Z" user="jjoannalin1" uid="21272829">
  <nd ref="12869986254"/>
  <nd ref="12869986255"/>
  <nd ref="12869986256"/>
  <nd ref="12869986257"/>
  <nd ref="12869986254"/>
  <tag k="building" v="yes"/>
 </way>
 <way id="1390294457" visible="true" version="1" changeset="166852166" timestamp="2025-05-28T05:05:23Z" user="jjoannalin1" uid="21272829">
  <nd ref="12869986258"/>
  <nd ref="12869986259"/>
  <nd ref="12869986260"/>
  <nd ref="12869986261"/>
  <nd ref="12869986262"/>
  <nd ref="12869986258"/>
  <tag k="building" v="yes"/>
 </way>
 <way id="1390294458" visible="true" version="1" changeset="166852166" timestamp="2025-05-28T05:05:23Z" user="jjoannalin1" uid="21272829">
  <nd ref="12869986263"/>
  <nd ref="12869986264"/>
  <nd ref="12869986265"/>
  <nd ref="12869986266"/>
  <nd ref="12869986263"/>
  <tag k="building" v="yes"/>
 </way>
 <way id="1390294536" visible="true" version="1" changeset="166852234" timestamp="2025-05-28T05:07:03Z" user="jjoannalin1" uid="21272829">
  <nd ref="12870004115"/>
  <nd ref="12870004116"/>
  <nd ref="12870004117"/>
  <nd ref="12870004118"/>
  <nd ref="12870004115"/>
  <tag k="building" v="yes"/>
 </way>
 <way id="1390294537" visible="true" version="1" changeset="166852234" timestamp="2025-05-28T05:07:03Z" user="jjoannalin1" uid="21272829">
  <nd ref="12870004119"/>
  <nd ref="12870004120"/>
  <nd ref="12870004121"/>
  <nd ref="12870004122"/>
  <nd ref="12870004119"/>
  <tag k="building" v="yes"/>
 </way>
 <way id="1390294538" visible="true" version="1" changeset="166852234" timestamp="2025-05-28T05:07:03Z" user="jjoannalin1" uid="21272829">
  <nd ref="12870004123"/>
  <nd ref="12870004124"/>
  <nd ref="12870004125"/>
  <nd ref="12870004126"/>
  <nd ref="12870004123"/>
  <tag k="building" v="yes"/>
 </way>
 <way id="1390294539" visible="true" version="1" changeset="166852234" timestamp="2025-05-28T05:07:03Z" user="jjoannalin1" uid="21272829">
  <nd ref="12870004127"/>
  <nd ref="12870004128"/>
  <nd ref="12870004129"/>
  <nd ref="12870004130"/>
  <nd ref="12870004127"/>
  <tag k="building" v="yes"/>
 </way>
 <way id="1390294540" visible="true" version="1" changeset="166852234" timestamp="2025-05-28T05:07:03Z" user="jjoannalin1" uid="21272829">
  <nd ref="12870004131"/>
  <nd ref="12870004132"/>
  <nd ref="12870004133"/>
  <nd ref="12870004134"/>
  <nd ref="12870004131"/>
  <tag k="building" v="yes"/>
 </way>
 <way id="1390294541" visible="true" version="1" changeset="166852234" timestamp="2025-05-28T05:07:03Z" user="jjoannalin1" uid="21272829">
  <nd ref="12870004135"/>
  <nd ref="12870004136"/>
  <nd ref="12870004137"/>
  <nd ref="12870004138"/>
  <nd ref="12870004135"/>
  <tag k="building" v="yes"/>
 </way>
 <way id="1390294542" visible="true" version="1" changeset="166852234" timestamp="2025-05-28T05:07:03Z" user="jjoannalin1" uid="21272829">
  <nd ref="12870004139"/>
  <nd ref="12870004140"/>
  <nd ref="12870004141"/>
  <nd ref="12870004142"/>
  <nd ref="12870004139"/>
  <tag k="building" v="yes"/>
 </way>
 <way id="1390295535" visible="true" version="1" changeset="166852355" timestamp="2025-05-28T05:11:38Z" user="jjoannalin1" uid="21272829">
  <nd ref="12870013540"/>
  <nd ref="12870013541"/>
  <nd ref="12870013542"/>
  <nd ref="12870013543"/>
  <nd ref="12870013544"/>
  <nd ref="12870013545"/>
  <nd ref="12870013546"/>
  <nd ref="12870013547"/>
  <nd ref="12870013548"/>
  <nd ref="12870013549"/>
  <nd ref="12870013550"/>
  <nd ref="12870013551"/>
  <nd ref="12870013552"/>
  <nd ref="12870013553"/>
  <nd ref="12870013540"/>
  <tag k="building" v="yes"/>
 </way>
 <way id="1393206964" visible="true" version="1" changeset="167341774" timestamp="2025-06-08T09:33:32Z" user="Cooper EdwardsDoFe" uid="20770321">
  <nd ref="12896306494"/>
  <nd ref="12896306495"/>
  <nd ref="12896306496"/>
  <nd ref="12896306497"/>
  <nd ref="12896306494"/>
  <tag k="building" v="yes"/>
 </way>
 <way id="1393206965" visible="true" version="1" changeset="167341774" timestamp="2025-06-08T09:33:32Z" user="Cooper EdwardsDoFe" uid="20770321">
  <nd ref="12896306498"/>
  <nd ref="12896306499"/>
  <nd ref="12896306500"/>
  <nd ref="12896369301"/>
  <nd ref="12896306498"/>
  <tag k="building" v="yes"/>
 </way>
 <way id="1393206966" visible="true" version="1" changeset="167341774" timestamp="2025-06-08T09:33:32Z" user="Cooper EdwardsDoFe" uid="20770321">
  <nd ref="12896369302"/>
  <nd ref="12896369303"/>
  <nd ref="12896369304"/>
  <nd ref="12896369305"/>
  <nd ref="12896369302"/>
  <tag k="building" v="yes"/>
 </way>
 <way id="1393206967" visible="true" version="1" changeset="167341774" timestamp="2025-06-08T09:33:32Z" user="Cooper EdwardsDoFe" uid="20770321">
  <nd ref="12896369306"/>
  <nd ref="12896369307"/>
  <nd ref="12896369308"/>
  <nd ref="12896369309"/>
  <nd ref="12896369306"/>
  <tag k="building" v="yes"/>
 </way>
 <way id="1393206968" visible="true" version="1" changeset="167341774" timestamp="2025-06-08T09:33:32Z" user="Cooper EdwardsDoFe" uid="20770321">
  <nd ref="12896369310"/>
  <nd ref="12896369311"/>
  <nd ref="12896369312"/>
  <nd ref="12896369313"/>
  <nd ref="12896369310"/>
  <tag k="building" v="yes"/>
 </way>
 <way id="1393206969" visible="true" version="1" changeset="167341774" timestamp="2025-06-08T09:33:32Z" user="Cooper EdwardsDoFe" uid="20770321">
  <nd ref="12896369314"/>
  <nd ref="12896369315"/>
  <nd ref="12896369316"/>
  <nd ref="12896369317"/>
  <nd ref="12896369314"/>
  <tag k="building" v="yes"/>
 </way>
 <way id="1393206970" visible="true" version="1" changeset="167341774" timestamp="2025-06-08T09:33:32Z" user="Cooper EdwardsDoFe" uid="20770321">
  <nd ref="12896369318"/>
  <nd ref="12896369319"/>
  <nd ref="12896369320"/>
  <nd ref="12896369321"/>
  <nd ref="12896369318"/>
  <tag k="building" v="yes"/>
 </way>
 <way id="1410683006" visible="true" version="1" changeset="168277701" timestamp="2025-06-29T18:29:41Z" user="Cooper EdwardsDoFe" uid="20770321">
  <nd ref="12961965816"/>
  <nd ref="12961965817"/>
  <nd ref="12961965818"/>
  <nd ref="12961965819"/>
  <nd ref="12961965816"/>
  <tag k="building" v="yes"/>
 </way>
 <way id="1410683007" visible="true" version="1" changeset="168277701" timestamp="2025-06-29T18:29:41Z" user="Cooper EdwardsDoFe" uid="20770321">
  <nd ref="12961965820"/>
  <nd ref="12961965821"/>
  <nd ref="12961965822"/>
  <nd ref="12961965823"/>
  <nd ref="12961965820"/>
  <tag k="building" v="yes"/>
 </way>
 <way id="1410683008" visible="true" version="1" changeset="168277701" timestamp="2025-06-29T18:29:41Z" user="Cooper EdwardsDoFe" uid="20770321">
  <nd ref="12961965824"/>
  <nd ref="12961965825"/>
  <nd ref="12961965826"/>
  <nd ref="12961965827"/>
  <nd ref="12961965824"/>
  <tag k="building" v="yes"/>
 </way>
 <way id="1410683009" visible="true" version="1" changeset="168277701" timestamp="2025-06-29T18:29:41Z" user="Cooper EdwardsDoFe" uid="20770321">
  <nd ref="12961965828"/>
  <nd ref="12961965829"/>
  <nd ref="12961965830"/>
  <nd ref="12961965831"/>
  <nd ref="12961965832"/>
  <nd ref="12961965833"/>
  <nd ref="12961965828"/>
  <tag k="building" v="yes"/>
 </way>
 <way id="1410683010" visible="true" version="1" changeset="168277701" timestamp="2025-06-29T18:29:41Z" user="Cooper EdwardsDoFe" uid="20770321">
  <nd ref="12961965834"/>
  <nd ref="12961965835"/>
  <nd ref="12961965836"/>
  <nd ref="12961965837"/>
  <nd ref="12961965834"/>
  <tag k="building" v="yes"/>
 </way>
 <way id="1410683011" visible="true" version="1" changeset="168277701" timestamp="2025-06-29T18:29:41Z" user="Cooper EdwardsDoFe" uid="20770321">
  <nd ref="12961965838"/>
  <nd ref="12961965839"/>
  <nd ref="12961965840"/>
  <nd ref="12961965841"/>
  <nd ref="12961965838"/>
  <tag k="building" v="yes"/>
 </way>
 <way id="1410683012" visible="true" version="1" changeset="168277701" timestamp="2025-06-29T18:29:41Z" user="Cooper EdwardsDoFe" uid="20770321">
  <nd ref="12961965842"/>
  <nd ref="12961965843"/>
  <nd ref="12961965844"/>
  <nd ref="12961965845"/>
  <nd ref="12961965842"/>
  <tag k="building" v="yes"/>
 </way>
 <way id="1410683013" visible="true" version="1" changeset="168277701" timestamp="2025-06-29T18:29:41Z" user="Cooper EdwardsDoFe" uid="20770321">
  <nd ref="12961965846"/>
  <nd ref="12961965847"/>
  <nd ref="12961965848"/>
  <nd ref="12961965849"/>
  <nd ref="12961965846"/>
  <tag k="building" v="yes"/>
 </way>
 <way id="1410683014" visible="true" version="1" changeset="168277701" timestamp="2025-06-29T18:29:41Z" user="Cooper EdwardsDoFe" uid="20770321">
  <nd ref="12961965850"/>
  <nd ref="12961965851"/>
  <nd ref="12961965852"/>
  <nd ref="12961965853"/>
  <nd ref="12961965850"/>
  <tag k="building" v="yes"/>
 </way>
 <way id="1410683015" visible="true" version="1" changeset="168277701" timestamp="2025-06-29T18:29:41Z" user="Cooper EdwardsDoFe" uid="20770321">
  <nd ref="12961965854"/>
  <nd ref="12961965855"/>
  <nd ref="12961965856"/>
  <nd ref="12961965857"/>
  <nd ref="12961965854"/>
  <tag k="building" v="yes"/>
 </way>
 <way id="1410683016" visible="true" version="1" changeset="168277701" timestamp="2025-06-29T18:29:41Z" user="Cooper EdwardsDoFe" uid="20770321">
  <nd ref="12961965858"/>
  <nd ref="12961965859"/>
  <nd ref="12961965860"/>
  <nd ref="12961965861"/>
  <nd ref="12961965858"/>
  <tag k="building" v="yes"/>
 </way>
 <way id="1410704168" visible="true" version="1" changeset="168278607" timestamp="2025-06-29T18:51:35Z" user="Cooper EdwardsDoFe" uid="20770321">
  <nd ref="12962085621"/>
  <nd ref="12962085622"/>
  <nd ref="12962085623"/>
  <nd ref="12962085624"/>
  <nd ref="12962085621"/>
  <tag k="building" v="yes"/>
 </way>
 <way id="1410704169" visible="true" version="1" changeset="168278607" timestamp="2025-06-29T18:51:35Z" user="Cooper EdwardsDoFe" uid="20770321">
  <nd ref="12962085625"/>
  <nd ref="12962085626"/>
  <nd ref="12962085627"/>
  <nd ref="12962085628"/>
  <nd ref="12962085629"/>
  <nd ref="12962085625"/>
  <tag k="building" v="yes"/>
 </way>
 <way id="1410704170" visible="true" version="1" changeset="168278607" timestamp="2025-06-29T18:51:35Z" user="Cooper EdwardsDoFe" uid="20770321">
  <nd ref="12962085630"/>
  <nd ref="12962085631"/>
  <nd ref="12962085632"/>
  <nd ref="12962085633"/>
  <nd ref="12962085630"/>
  <tag k="building" v="yes"/>
 </way>
 <way id="1410704171" visible="true" version="1" changeset="168278607" timestamp="2025-06-29T18:51:35Z" user="Cooper EdwardsDoFe" uid="20770321">
  <nd ref="12962085634"/>
  <nd ref="12962085635"/>
  <nd ref="12962085636"/>
  <nd ref="12962085637"/>
  <nd ref="12962085638"/>
  <nd ref="12962085639"/>
  <nd ref="12962085634"/>
  <tag k="building" v="yes"/>
 </way>
 <way id="1413041703" visible="true" version="5" changeset="175128087" timestamp="2025-11-25T20:53:33Z" user="inserteunnombreaqui" uid="22579655">
  <nd ref="6657839320"/>
  <nd ref="12985730765"/>
  <nd ref="12985730766"/>
  <nd ref="12985730767"/>
  <tag k="admin_level" v="6"/>
  <tag k="boundary" v="administrative"/>
 </way>
 <way id="1413041705" visible="true" version="6" changeset="169934000" timestamp="2025-08-04T05:25:34Z" user="AndjelaS" uid="8951082">
  <nd ref="309815200"/>
  <nd ref="10155016699"/>
  <nd ref="13045693895"/>
  <nd ref="12989195688"/>
  <nd ref="7190559271"/>
  <nd ref="4023305214"/>
  <nd ref="104771041"/>
  <nd ref="6611608746"/>
  <tag k="admin_level" v="6"/>
  <tag k="boundary" v="administrative"/>
 </way>
 <way id="1414389664" visible="true" version="1" changeset="168863252" timestamp="2025-07-13T08:30:59Z" user="Cooper EdwardsDoFe" uid="20770321">
  <nd ref="12996958357"/>
  <nd ref="12996958358"/>
  <nd ref="12996958359"/>
  <nd ref="12996958360"/>
  <nd ref="12996958357"/>
  <tag k="building" v="yes"/>
 </way>
 <way id="1415633436" visible="true" version="1" changeset="169103731" timestamp="2025-07-18T11:16:06Z" user="daniellovesmappingstuff" uid="23081191">
  <nd ref="13008988016"/>
  <nd ref="13008988017"/>
  <nd ref="13008988018"/>
  <nd ref="13008988019"/>
  <nd ref="13008988016"/>
  <tag k="building" v="yes"/>
 </way>
 <way id="1415633437" visible="true" version="1" changeset="169103731" timestamp="2025-07-18T11:16:06Z" user="daniellovesmappingstuff" uid="23081191">
  <nd ref="13008988020"/>
  <nd ref="13008988021"/>
  <nd ref="13008988022"/>
  <nd ref="13008988023"/>
  <nd ref="13008988020"/>
  <tag k="building" v="yes"/>
 </way>
 <way id="1415633443" visible="true" version="1" changeset="169103731" timestamp="2025-07-18T11:16:06Z" user="daniellovesmappingstuff" uid="23081191">
  <nd ref="13008988048"/>
  <nd ref="13008988049"/>
  <nd ref="13008988050"/>
  <nd ref="13008988051"/>
  <nd ref="13008988048"/>
  <tag k="building" v="yes"/>
 </way>
 <way id="1419634785" visible="true" version="9" changeset="176487605" timestamp="2025-12-27T15:05:31Z" user="Ilovemap1999" uid="21198639">
  <nd ref="9247782155"/>
  <nd ref="6657839320"/>
  <tag k="access" v="yes"/>
  <tag k="bicycle" v="yes"/>
  <tag k="foot" v="yes"/>
  <tag k="highway" v="primary"/>
  <tag k="horse" v="yes"/>
  <tag k="lanes" v="2"/>
  <tag k="motor_vehicle" v="yes"/>
  <tag k="motor_vehicle:conditional" v="no @ (Aug 29 21:30-23:59; Aug 30 00:00-13:30; Sep 1 17:00-23:59; Sep 2 00:00-16:00)"/>
  <tag k="name" v="Đường Lê Duẩn"/>
  <tag k="name:en" v="Le Duan Road"/>
  <tag k="oneway" v="yes"/>
 </way>
 <way id="1419634786" visible="true" version="8" changeset="176487605" timestamp="2025-12-27T15:05:31Z" user="Ilovemap1999" uid="21198639">
  <nd ref="9247782155"/>
  <nd ref="10165813946"/>
  <tag k="highway" v="tertiary"/>
  <tag k="motor_vehicle:conditional" v="no @ (Aug 29 21:30-23:59; Aug 30 00:00-13:30; Sep 1 17:00-23:59; Sep 2 00:00-16:00)"/>
  <tag k="name" v="Phố Cửa Nam"/>
  <tag k="name:en" v="Cua Nam Street"/>
  <tag k="oneway" v="yes"/>
  <tag k="surface" v="asphalt"/>
 </way>
 <way id="1419634787" visible="true" version="2" changeset="169934000" timestamp="2025-08-04T05:25:34Z" user="AndjelaS" uid="8951082">
  <nd ref="6657839323"/>
  <nd ref="9247782155"/>
  <tag k="highway" v="tertiary"/>
  <tag k="lanes" v="2"/>
  <tag k="name" v="Phố Hai Bà Trưng"/>
  <tag k="name:en" v="Hai Ba Trung Street"/>
  <tag k="surface" v="asphalt"/>
 </way>
 <way id="1419634788" visible="true" version="3" changeset="175128087" timestamp="2025-11-25T20:53:33Z" user="inserteunnombreaqui" uid="22579655">
  <nd ref="6657839320"/>
  <nd ref="9247782155"/>
  <tag k="admin_level" v="6"/>
  <tag k="boundary" v="administrative"/>
 </way>
 <way id="1419634789" visible="true" version="2" changeset="169934000" timestamp="2025-08-04T05:25:34Z" user="AndjelaS" uid="8951082">
  <nd ref="308712571"/>
  <nd ref="6352368464"/>
  <tag k="admin_level" v="6"/>
  <tag k="boundary" v="administrative"/>
 </way>
 <way id="1419888047" visible="true" version="1" changeset="169934000" timestamp="2025-08-04T05:25:34Z" user="AndjelaS" uid="8951082">
  <nd ref="309815200"/>
  <nd ref="6352368464"/>
  <tag k="admin_level" v="6"/>
  <tag k="boundary" v="administrative"/>
 </way>
 <way id="1419888048" visible="true" version="2" changeset="175128087" timestamp="2025-11-25T20:53:33Z" user="inserteunnombreaqui" uid="22579655">
  <nd ref="9247782155"/>
  <nd ref="6657839322"/>
  <nd ref="309815200"/>
  <tag k="admin_level" v="6"/>
  <tag k="boundary" v="administrative"/>
 </way>
 <way id="1419890373" visible="true" version="1" changeset="169934390" timestamp="2025-08-04T05:40:43Z" user="AndjelaS" uid="8951082">
  <nd ref="9247544902"/>
  <nd ref="9247544903"/>
  <nd ref="9247544904"/>
  <nd ref="9247544905"/>
  <nd ref="9247544907"/>
  <nd ref="9247544908"/>
  <nd ref="9247544909"/>
  <nd ref="9247544910"/>
  <nd ref="9247544911"/>
  <nd ref="9247544912"/>
  <nd ref="9247544913"/>
  <nd ref="9247544914"/>
  <nd ref="9247544915"/>
  <nd ref="9247544916"/>
  <nd ref="9247567217"/>
  <nd ref="12088976031"/>
  <nd ref="9247567218"/>
  <nd ref="12088976032"/>
  <nd ref="12088976034"/>
  <nd ref="12088976035"/>
  <nd ref="9247567219"/>
  <nd ref="6352368464"/>
  <tag k="admin_level" v="6"/>
  <tag k="boundary" v="administrative"/>
 </way>
 <way id="1431504376" visible="true" version="1" changeset="172206555" timestamp="2025-09-20T13:46:50Z" user="edumiz624" uid="20881381">
  <nd ref="9247782155"/>
  <nd ref="309815200"/>
  <tag k="admin_level" v="6"/>
  <tag k="boundary" v="administrative"/>
 </way>
 <way id="1431504377" visible="true" version="1" changeset="172206555" timestamp="2025-09-20T13:46:50Z" user="edumiz624" uid="20881381">
  <nd ref="6657839322"/>
  <nd ref="9247782155"/>
  <tag k="access" v="yes"/>
  <tag k="bicycle" v="yes"/>
  <tag k="foot" v="yes"/>
  <tag k="highway" v="primary"/>
  <tag k="horse" v="yes"/>
  <tag k="lanes" v="2"/>
  <tag k="motor_vehicle" v="yes"/>
  <tag k="motor_vehicle:conditional" v="no @ (Sep 1 22:00-23:59; Sep 2 00:01-13:00)"/>
  <tag k="name" v="Đường Lê Duẩn"/>
  <tag k="name:en" v="Le Duan Road"/>
  <tag k="oneway" v="yes"/>
 </way>
 <way id="1431504378" visible="true" version="1" changeset="172206555" timestamp="2025-09-20T13:46:50Z" user="edumiz624" uid="20881381">
  <nd ref="6657839324"/>
  <nd ref="9247782155"/>
  <tag k="highway" v="tertiary"/>
  <tag k="motor_vehicle:conditional" v="no @ (Sep 1 22:00-23:59; Sep 2 00:01-13:00)"/>
  <tag k="name" v="Phố Cửa Nam"/>
  <tag k="name:en" v="Cua Nam Street"/>
  <tag k="oneway" v="yes"/>
  <tag k="surface" v="asphalt"/>
 </way>
 <way id="1472936432" visible="true" version="1" changeset="177925387" timestamp="2026-01-31T13:15:20Z" user="pepsi_max2k" uid="14719801">
  <nd ref="13514240898"/>
  <nd ref="13514240899"/>
  <nd ref="13514240900"/>
  <nd ref="13514299101"/>
  <nd ref="13514299102"/>
  <nd ref="13514299103"/>
  <nd ref="13514299104"/>
  <nd ref="13514299105"/>
  <tag k="footway" v="sidewalk"/>
  <tag k="highway" v="footway"/>
 </way>
 <relation id="1903516" visible="true" version="183" changeset="178799875" timestamp="2026-02-20T03:46:59Z" user="vietnam321" uid="11196308">
  <member type="node" ref="74132064" role="admin_centre"/>
  <member type="way" ref="1413275005" role="outer"/>
  <member type="way" ref="483513679" role="outer"/>
  <member type="way" ref="1354404795" role="outer"/>
  <member type="way" ref="1051758142" role="outer"/>
  <member type="way" ref="1426035521" role="outer"/>
  <member type="way" ref="1426035520" role="outer"/>
  <member type="way" ref="1051758141" role="outer"/>
  <member type="way" ref="483151239" role="outer"/>
  <member type="way" ref="1051758140" role="outer"/>
  <member type="way" ref="483509946" role="outer"/>
  <member type="way" ref="1313130352" role="outer"/>
  <member type="way" ref="1313130353" role="outer"/>
  <member type="way" ref="483151673" role="outer"/>
  <member type="way" ref="1362274975" role="outer"/>
  <member type="way" ref="1184606221" role="outer"/>
  <member type="way" ref="483151676" role="outer"/>
  <member type="way" ref="1426035519" role="outer"/>
  <member type="way" ref="1184606211" role="outer"/>
  <member type="way" ref="1184606214" role="outer"/>
  <member type="way" ref="1184607697" role="outer"/>
  <member type="way" ref="1184607690" role="outer"/>
  <member type="way" ref="1184607687" role="outer"/>
  <member type="way" ref="1184607685" role="outer"/>
  <member type="way" ref="140210315" role="outer"/>
  <member type="way" ref="1426035518" role="outer"/>
  <member type="way" ref="1426035517" role="outer"/>
  <member type="way" ref="1184607673" role="outer"/>
  <member type="way" ref="483396974" role="outer"/>
  <member type="way" ref="1184607676" role="outer"/>
  <member type="way" ref="1184606196" role="outer"/>
  <member type="way" ref="483388676" role="outer"/>
  <member type="way" ref="1184606225" role="outer"/>
  <member type="way" ref="1184606218" role="outer"/>
  <member type="way" ref="483387436" role="outer"/>
  <member type="way" ref="1184606231" role="outer"/>
  <member type="way" ref="1426035516" role="outer"/>
  <member type="way" ref="1426035515" role="outer"/>
  <member type="way" ref="1184606235" role="outer"/>
  <member type="way" ref="1426035514" role="outer"/>
  <member type="way" ref="1426035513" role="outer"/>
  <member type="way" ref="1184606249" role="outer"/>
  <member type="way" ref="1424383750" role="outer"/>
  <member type="way" ref="483170705" role="outer"/>
  <member type="way" ref="1184606254" role="outer"/>
  <member type="way" ref="483170689" role="outer"/>
  <member type="way" ref="1184606255" role="outer"/>
  <member type="way" ref="483648706" role="outer"/>
  <member type="way" ref="848070516" role="outer"/>
  <member type="way" ref="848070517" role="outer"/>
  <member type="way" ref="1426035512" role="outer"/>
  <member type="way" ref="483171836" role="outer"/>
  <member type="way" ref="1424383748" role="outer"/>
  <member type="way" ref="1424383749" role="outer"/>
  <member type="way" ref="483184832" role="outer"/>
  <member type="way" ref="1339202536" role="outer"/>
  <member type="way" ref="1352866552" role="outer"/>
  <member type="way" ref="1426035510" role="outer"/>
  <member type="way" ref="1426035511" role="outer"/>
  <member type="way" ref="483192219" role="outer"/>
  <member type="way" ref="1352870163" role="outer"/>
  <member type="way" ref="1353288737" role="outer"/>
  <member type="way" ref="1353291327" role="outer"/>
  <member type="way" ref="1352870162" role="outer"/>
  <member type="way" ref="764373558" role="outer"/>
  <member type="way" ref="762882413" role="outer"/>
  <member type="way" ref="1426035508" role="outer"/>
  <member type="way" ref="1426035509" role="outer"/>
  <member type="way" ref="903384225" role="outer"/>
  <member type="way" ref="1424383804" role="outer"/>
  <member type="way" ref="1424383805" role="outer"/>
  <member type="way" ref="483632310" role="outer"/>
  <member type="way" ref="140210317" role="outer"/>
  <member type="way" ref="1424383798" role="outer"/>
  <member type="way" ref="1424383799" role="outer"/>
  <member type="way" ref="1425805903" role="outer"/>
  <member type="way" ref="1425805902" role="outer"/>
  <member type="way" ref="140210320" role="outer"/>
  <member type="way" ref="483196192" role="outer"/>
  <member type="way" ref="1418877648" role="outer"/>
  <member type="way" ref="1425805901" role="outer"/>
  <member type="way" ref="1425805900" role="outer"/>
  <member type="way" ref="483720005" role="outer"/>
  <member type="way" ref="1358115413" role="outer"/>
  <member type="way" ref="1425805899" role="outer"/>
  <member type="way" ref="1425805898" role="outer"/>
  <member type="way" ref="1358115402" role="outer"/>
  <member type="way" ref="1358115404" role="outer"/>
  <member type="way" ref="1359332218" role="outer"/>
  <member type="way" ref="1425805897" role="outer"/>
  <member type="way" ref="1425805896" role="outer"/>
  <member type="way" ref="483220090" role="outer"/>
  <member type="way" ref="1358115398" role="outer"/>
  <member type="way" ref="1425977545" role="outer"/>
  <member type="way" ref="1358115400" role="outer"/>
  <member type="way" ref="140210321" role="outer"/>
  <member type="way" ref="1358115393" role="outer"/>
  <member type="way" ref="1425977544" role="outer"/>
  <member type="way" ref="1425977543" role="outer"/>
  <member type="way" ref="1358115387" role="outer"/>
  <member type="way" ref="1425977542" role="outer"/>
  <member type="way" ref="1425977541" role="outer"/>
  <member type="way" ref="484461490" role="outer"/>
  <member type="way" ref="1357798440" role="outer"/>
  <member type="way" ref="1359056474" role="outer"/>
  <member type="way" ref="1418877640" role="outer"/>
  <member type="way" ref="1360322821" role="outer"/>
  <member type="way" ref="1360322823" role="outer"/>
  <member type="way" ref="1425977540" role="outer"/>
  <member type="way" ref="1425977539" role="outer"/>
  <member type="way" ref="483226558" role="outer"/>
  <member type="way" ref="1425977538" role="outer"/>
  <member type="way" ref="1425977537" role="outer"/>
  <member type="way" ref="1360322820" role="outer"/>
  <member type="way" ref="1360322830" role="outer"/>
  <member type="way" ref="484464066" role="outer"/>
  <member type="way" ref="483226562" role="outer"/>
  <member type="way" ref="1425977536" role="outer"/>
  <member type="way" ref="1425977535" role="outer"/>
  <member type="way" ref="1425977534" role="outer"/>
  <member type="way" ref="1425977533" role="outer"/>
  <member type="way" ref="1032879034" role="outer"/>
  <member type="way" ref="1032879037" role="outer"/>
  <member type="way" ref="1032879040" role="outer"/>
  <member type="way" ref="1033173760" role="outer"/>
  <member type="way" ref="483232111" role="outer"/>
  <member type="way" ref="1033173759" role="outer"/>
  <member type="way" ref="1033173768" role="outer"/>
  <member type="way" ref="484463626" role="outer"/>
  <member type="way" ref="1425977532" role="outer"/>
  <member type="way" ref="1425977531" role="outer"/>
  <member type="way" ref="1033173766" role="outer"/>
  <member type="way" ref="1033198073" role="outer"/>
  <member type="way" ref="1296971657" role="outer"/>
  <member type="way" ref="140210322" role="outer"/>
  <member type="way" ref="484551783" role="outer"/>
  <member type="way" ref="1033198076" role="outer"/>
  <member type="way" ref="1067561904" role="outer"/>
  <member type="way" ref="484563275" role="outer"/>
  <member type="way" ref="1336799424" role="outer"/>
  <member type="way" ref="660919764" role="outer"/>
  <member type="way" ref="1285926710" role="outer"/>
  <member type="way" ref="483150861" role="outer"/>
  <member type="way" ref="1285926708" role="outer"/>
  <member type="way" ref="484561938" role="outer"/>
  <member type="way" ref="1414071046" role="outer"/>
  <member type="way" ref="1349140136" role="outer"/>
  <member type="way" ref="1270602571" role="outer"/>
  <member type="way" ref="1270602570" role="outer"/>
  <member type="way" ref="1270602575" role="outer"/>
  <member type="way" ref="1270602583" role="outer"/>
  <member type="way" ref="483149600" role="outer"/>
  <member type="way" ref="1267893300" role="outer"/>
  <member type="way" ref="1267893303" role="outer"/>
  <member type="way" ref="1381050279" role="outer"/>
  <member type="way" ref="140210318" role="outer"/>
  <member type="way" ref="1263418464" role="outer"/>
  <member type="way" ref="1136905481" role="outer"/>
  <member type="way" ref="1263418468" role="outer"/>
  <member type="way" ref="1263418461" role="outer"/>
  <member type="way" ref="1424740376" role="outer"/>
  <member type="way" ref="140210319" role="outer"/>
  <member type="way" ref="1354597644" role="outer"/>
  <member type="way" ref="140498999" role="outer"/>
  <member type="way" ref="1426035523" role="outer"/>
  <member type="way" ref="1426035522" role="outer"/>
  <member type="way" ref="1265474293" role="outer"/>
  <member type="way" ref="540401458" role="outer"/>
  <member type="way" ref="1354361339" role="outer"/>
  <member type="way" ref="483149602" role="outer"/>
  <member type="way" ref="1354404789" role="outer"/>
  <member type="way" ref="483525471" role="outer"/>
  <member type="way" ref="1354404783" role="outer"/>
  <member type="way" ref="1354404790" role="outer"/>
  <member type="way" ref="1413275006" role="outer"/>
  <member type="relation" ref="19301118" role="subarea"/>
  <member type="relation" ref="19301119" role="subarea"/>
  <member type="relation" ref="19301117" role="subarea"/>
  <member type="relation" ref="19301116" role="subarea"/>
  <member type="relation" ref="19317429" role="subarea"/>
  <member type="relation" ref="19317430" role="subarea"/>
  <member type="relation" ref="19317431" role="subarea"/>
  <member type="relation" ref="19322845" role="subarea"/>
  <member type="relation" ref="19322846" role="subarea"/>
  <member type="relation" ref="19322847" role="subarea"/>
  <member type="relation" ref="19322849" role="subarea"/>
  <member type="relation" ref="19322848" role="subarea"/>
  <member type="relation" ref="19331652" role="subarea"/>
  <member type="relation" ref="19331651" role="subarea"/>
  <member type="relation" ref="19331653" role="subarea"/>
  <member type="relation" ref="19331654" role="subarea"/>
  <member type="relation" ref="19331657" role="subarea"/>
  <member type="relation" ref="19331655" role="subarea"/>
  <member type="relation" ref="19331656" role="subarea"/>
  <member type="relation" ref="19331658" role="subarea"/>
  <member type="relation" ref="19331659" role="subarea"/>
  <member type="relation" ref="19332318" role="subarea"/>
  <member type="relation" ref="19332319" role="subarea"/>
  <member type="relation" ref="19332320" role="subarea"/>
  <member type="relation" ref="19332321" role="subarea"/>
  <member type="relation" ref="19334582" role="subarea"/>
  <member type="relation" ref="19334583" role="subarea"/>
  <member type="relation" ref="19334584" role="subarea"/>
  <member type="relation" ref="19334585" role="subarea"/>
  <member type="relation" ref="19334586" role="subarea"/>
  <member type="relation" ref="19334587" role="subarea"/>
  <member type="relation" ref="19334588" role="subarea"/>
  <member type="relation" ref="19334589" role="subarea"/>
  <member type="relation" ref="19341254" role="subarea"/>
  <member type="relation" ref="19341253" role="subarea"/>
  <member type="relation" ref="19338086" role="subarea"/>
  <member type="relation" ref="19338089" role="subarea"/>
  <member type="relation" ref="19338088" role="subarea"/>
  <member type="relation" ref="19338087" role="subarea"/>
  <member type="relation" ref="19338090" role="subarea"/>
  <member type="relation" ref="19335113" role="subarea"/>
  <member type="relation" ref="19335115" role="subarea"/>
  <member type="relation" ref="19335112" role="subarea"/>
  <member type="relation" ref="19335114" role="subarea"/>
  <member type="relation" ref="19317432" role="subarea"/>
  <member type="relation" ref="19411380" role="subarea"/>
  <member type="relation" ref="19411381" role="subarea"/>
  <member type="relation" ref="19411382" role="subarea"/>
  <member type="relation" ref="19411384" role="subarea"/>
  <member type="relation" ref="19411383" role="subarea"/>
  <member type="relation" ref="19411386" role="subarea"/>
  <member type="relation" ref="19411385" role="subarea"/>
  <member type="relation" ref="19411387" role="subarea"/>
  <member type="relation" ref="19411388" role="subarea"/>
  <member type="relation" ref="19341251" role="subarea"/>
  <member type="relation" ref="19338319" role="subarea"/>
  <member type="relation" ref="19338313" role="subarea"/>
  <member type="relation" ref="19335053" role="subarea"/>
  <member type="relation" ref="19335052" role="subarea"/>
  <member type="relation" ref="19338315" role="subarea"/>
  <member type="relation" ref="19341926" role="subarea"/>
  <member type="relation" ref="19341924" role="subarea"/>
  <member type="relation" ref="19338314" role="subarea"/>
  <member type="relation" ref="19335051" role="subarea"/>
  <member type="relation" ref="19341252" role="subarea"/>
  <member type="relation" ref="19341250" role="subarea"/>
  <member type="relation" ref="19338316" role="subarea"/>
  <member type="relation" ref="19338317" role="subarea"/>
  <member type="relation" ref="19338318" role="subarea"/>
  <member type="relation" ref="19335054" role="subarea"/>
  <member type="relation" ref="19335056" role="subarea"/>
  <member type="relation" ref="19335055" role="subarea"/>
  <member type="relation" ref="19338320" role="subarea"/>
  <member type="relation" ref="19341928" role="subarea"/>
  <member type="relation" ref="19341927" role="subarea"/>
  <member type="relation" ref="19435863" role="subarea"/>
  <member type="relation" ref="19435864" role="subarea"/>
  <member type="relation" ref="19437088" role="subarea"/>
  <member type="relation" ref="19437089" role="subarea"/>
  <member type="relation" ref="19437090" role="subarea"/>
  <member type="relation" ref="19437091" role="subarea"/>
  <member type="relation" ref="19437092" role="subarea"/>
  <member type="relation" ref="19437093" role="subarea"/>
  <member type="relation" ref="19437094" role="subarea"/>
  <member type="relation" ref="19437095" role="subarea"/>
  <member type="relation" ref="19437096" role="subarea"/>
  <member type="relation" ref="19446382" role="subarea"/>
  <member type="relation" ref="19446383" role="subarea"/>
  <member type="relation" ref="19446384" role="subarea"/>
  <member type="relation" ref="19446385" role="subarea"/>
  <member type="relation" ref="19446386" role="subarea"/>
  <member type="relation" ref="19514801" role="subarea"/>
  <member type="relation" ref="19514800" role="subarea"/>
  <member type="relation" ref="19514799" role="subarea"/>
  <member type="relation" ref="19514798" role="subarea"/>
  <member type="relation" ref="19514797" role="subarea"/>
  <member type="relation" ref="19514796" role="subarea"/>
  <member type="relation" ref="19514795" role="subarea"/>
  <member type="relation" ref="19514794" role="subarea"/>
  <member type="relation" ref="19514793" role="subarea"/>
  <member type="relation" ref="19514792" role="subarea"/>
  <member type="relation" ref="19514791" role="subarea"/>
  <member type="relation" ref="19514790" role="subarea"/>
  <member type="relation" ref="19514789" role="subarea"/>
  <member type="relation" ref="19514788" role="subarea"/>
  <member type="relation" ref="19514787" role="subarea"/>
  <member type="relation" ref="19514786" role="subarea"/>
  <member type="relation" ref="19514785" role="subarea"/>
  <member type="relation" ref="19514784" role="subarea"/>
  <member type="relation" ref="19514783" role="subarea"/>
  <member type="relation" ref="19514782" role="subarea"/>
  <member type="relation" ref="19514781" role="subarea"/>
  <member type="relation" ref="19514780" role="subarea"/>
  <member type="relation" ref="19514779" role="subarea"/>
  <member type="relation" ref="19514778" role="subarea"/>
  <member type="relation" ref="19514777" role="subarea"/>
  <member type="relation" ref="19514776" role="subarea"/>
  <member type="relation" ref="19514775" role="subarea"/>
  <member type="relation" ref="19514774" role="subarea"/>
  <member type="relation" ref="19514773" role="subarea"/>
  <member type="relation" ref="19514772" role="subarea"/>
  <member type="relation" ref="19514771" role="subarea"/>
  <member type="relation" ref="19514770" role="subarea"/>
  <member type="relation" ref="19514769" role="subarea"/>
  <member type="relation" ref="19514768" role="subarea"/>
  <member type="relation" ref="19514767" role="subarea"/>
  <tag k="admin_level" v="4"/>
  <tag k="boundary" v="administrative"/>
  <tag k="is_in:country" v="Vietnam"/>
  <tag k="is_in:country_code" v="VN"/>
  <tag k="ISO3166-2" v="VN-HN"/>
  <tag k="name" v="Thành phố Hà Nội"/>
  <tag k="name:am" v="ሀኖይ"/>
  <tag k="name:ar" v="هانوي"/>
  <tag k="name:arz" v="هانوى"/>
  <tag k="name:ast" v="Ḥanói"/>
  <tag k="name:az" v="Hanoy"/>
  <tag k="name:be" v="Ханой"/>
  <tag k="name:be-tarask" v="Ханой"/>
  <tag k="name:bg" v="Ханой"/>
  <tag k="name:bn" v="হ্যানয়"/>
  <tag k="name:bo" v="ཧེ་ནོ།"/>
  <tag k="name:br" v="Ha Noi"/>
  <tag k="name:ca" v="Hanoi"/>
  <tag k="name:ckb" v="ھانۆی"/>
  <tag k="name:cs" v="Hanoj"/>
  <tag k="name:cv" v="Ханой"/>
  <tag k="name:da" v="Hanoi"/>
  <tag k="name:de" v="Hanoi"/>
  <tag k="name:el" v="Ανόι"/>
  <tag k="name:en" v="Hà Nội"/>
  <tag k="name:eo" v="Hanojo"/>
  <tag k="name:es" v="Hanói"/>
  <tag k="name:et" v="Hanoi"/>
  <tag k="name:eu" v="Hanoi"/>
  <tag k="name:fa" v="هانوی"/>
  <tag k="name:fi" v="Hanoi"/>
  <tag k="name:fr" v="Hanoï"/>
  <tag k="name:ga" v="Ha Noi"/>
  <tag k="name:gl" v="Hanoi"/>
  <tag k="name:he" v="האנוי"/>
  <tag k="name:hi" v="हनोई"/>
  <tag k="name:hr" v="Hanoi"/>
  <tag k="name:ht" v="Anòy"/>
  <tag k="name:hu" v="Hanoi"/>
  <tag k="name:hy" v="Հանոյ"/>
  <tag k="name:is" v="Hanoí"/>
  <tag k="name:it" v="Hanoi"/>
  <tag k="name:ja" v="ハノイ"/>
  <tag k="name:ka" v="ჰანოი"/>
  <tag k="name:kk" v="Ханой"/>
  <tag k="name:km" v="ទីក្រុងហានូយ"/>
  <tag k="name:kn" v="ಹಾನೊಯ್"/>
  <tag k="name:ko" v="하노이"/>
  <tag k="name:ku" v="Hanoi"/>
  <tag k="name:lt" v="Hanojus"/>
  <tag k="name:lv" v="Hanoja"/>
  <tag k="name:mhr" v="Ханой"/>
  <tag k="name:mk" v="Ханој"/>
  <tag k="name:mn" v="Ханой"/>
  <tag k="name:mr" v="हनोई"/>
  <tag k="name:my" v="ဟနွိုင်းမြို့"/>
  <tag k="name:mzn" v="هانوی"/>
  <tag k="name:nan" v="Hà Nội"/>
  <tag k="name:nds" v="Hà Nội"/>
  <tag k="name:nl" v="Hanoi"/>
  <tag k="name:oc" v="Hanòi"/>
  <tag k="name:os" v="Ханой"/>
  <tag k="name:pcd" v="Hanoï"/>
  <tag k="name:pl" v="Hanoi"/>
  <tag k="name:pnb" v="ہنوئی"/>
  <tag k="name:pt" v="Hanói"/>
  <tag k="name:qu" v="Ha Nui"/>
  <tag k="name:ru" v="Ханой"/>
  <tag k="name:sah" v="Ханой"/>
  <tag k="name:si" v="හැනෝයි"/>
  <tag k="name:sk" v="Hanoj"/>
  <tag k="name:sl" v="Hanoj"/>
  <tag k="name:sr" v="Ханој"/>
  <tag k="name:sv" v="Hanoi"/>
  <tag k="name:ta" v="ஹனோய்"/>
  <tag k="name:tg" v="Ханой"/>
  <tag k="name:th" v="ฮานอย"/>
  <tag k="name:ug" v="خانوي"/>
  <tag k="name:uk" v="Ханой"/>
  <tag k="name:ur" v="ہنوئی"/>
  <tag k="name:vi" v="Hà Nội"/>
  <tag k="name:vi-Hani" v="河內"/>
  <tag k="name:wuu" v="河內市"/>
  <tag k="name:yue" v="河內市"/>
  <tag k="name:zh" v="河内市"/>
  <tag k="name:zh-Hans" v="河内市"/>
  <tag k="name:zh-Hant" v="河內市"/>
  <tag k="official_name" v="Thành phố Hà Nội"/>
  <tag k="old_name" v="Thăng Long"/>
  <tag k="population" v="8718000"/>
  <tag k="type" v="boundary"/>
  <tag k="UArea" v="3359.80"/>
  <tag k="website" v="https://hanoi.gov.vn"/>
  <tag k="wikidata" v="Q1858"/>
  <tag k="wikipedia" v="vi:Hà Nội"/>
  <tag k="wikivoyage" v="en:Hanoi"/>
 </relation>
 <relation id="3539672" visible="true" version="57" changeset="154350600" timestamp="2024-07-24T13:30:54Z" user="logus2" uid="21611817">
  <member type="node" ref="10591743723" role="station"/>
  <member type="node" ref="312949392" role="station"/>
  <member type="node" ref="11176709235" role="station"/>
  <member type="node" ref="2691963929" role="station"/>
  <member type="node" ref="1662612140" role="station"/>
  <member type="node" ref="10811509674" role="station"/>
  <member type="node" ref="2495831892" role="station"/>
  <member type="node" ref="2189495967" role="station"/>
  <member type="node" ref="11188145610" role="station"/>
  <member type="way" ref="1217264288" role=""/>
  <member type="way" ref="1217264290" role=""/>
  <member type="way" ref="262779970" role=""/>
  <member type="way" ref="1247135449" role=""/>
  <member type="way" ref="560573139" role=""/>
  <member type="way" ref="1303490829" role=""/>
  <member type="way" ref="292907024" role=""/>
  <member type="way" ref="292907019" role=""/>
  <member type="way" ref="292907015" role=""/>
  <member type="way" ref="292907014" role=""/>
  <member type="way" ref="292907011" role=""/>
  <member type="way" ref="184919497" role=""/>
  <member type="way" ref="292907023" role=""/>
  <member type="way" ref="292907018" role=""/>
  <member type="way" ref="292907021" role=""/>
  <member type="way" ref="292907016" role=""/>
  <member type="way" ref="292907020" role=""/>
  <member type="way" ref="702874832" role=""/>
  <member type="way" ref="28366870" role=""/>
  <member type="way" ref="28378132" role=""/>
  <member type="way" ref="1218000632" role=""/>
  <member type="way" ref="1218000631" role=""/>
  <member type="way" ref="1217264292" role=""/>
  <member type="way" ref="262772601" role=""/>
  <member type="way" ref="1218000633" role=""/>
  <member type="way" ref="913738760" role=""/>
  <member type="way" ref="1217354725" role=""/>
  <member type="way" ref="580194049" role=""/>
  <member type="way" ref="262938174" role=""/>
  <member type="way" ref="37533691" role=""/>
  <member type="way" ref="881946994" role=""/>
  <member type="way" ref="343122614" role=""/>
  <member type="way" ref="909568577" role=""/>
  <member type="way" ref="909568578" role=""/>
  <member type="way" ref="484474619" role=""/>
  <member type="way" ref="484474618" role=""/>
  <member type="way" ref="208676394" role=""/>
  <member type="way" ref="1188500079" role=""/>
  <member type="way" ref="1217354726" role=""/>
  <member type="way" ref="1217478133" role=""/>
  <member type="way" ref="1217354727" role=""/>
  <member type="way" ref="1217478132" role=""/>
  <member type="way" ref="1188500080" role=""/>
  <member type="way" ref="208676395" role=""/>
  <member type="way" ref="1217264265" role=""/>
  <member type="way" ref="1217371084" role=""/>
  <member type="way" ref="1217264266" role=""/>
  <member type="way" ref="1217371086" role=""/>
  <member type="way" ref="628292616" role=""/>
  <member type="way" ref="1137490618" role=""/>
  <member type="way" ref="1137490617" role=""/>
  <member type="way" ref="628292617" role=""/>
  <member type="way" ref="10575596" role=""/>
  <member type="way" ref="629213581" role=""/>
  <member type="way" ref="629213582" role=""/>
  <member type="way" ref="1175593002" role=""/>
  <member type="way" ref="1175593001" role=""/>
  <member type="way" ref="208673504" role=""/>
  <member type="way" ref="207010772" role=""/>
  <member type="way" ref="1217264268" role=""/>
  <member type="way" ref="1217264267" role=""/>
  <member type="way" ref="208676009" role=""/>
  <member type="way" ref="1125111823" role=""/>
  <member type="way" ref="1125111824" role=""/>
  <member type="way" ref="208675683" role=""/>
  <member type="way" ref="1217264276" role=""/>
  <member type="way" ref="1217264277" role=""/>
  <member type="way" ref="889260174" role=""/>
  <member type="way" ref="208675682" role=""/>
  <member type="way" ref="208675684" role=""/>
  <member type="way" ref="1201081954" role=""/>
  <tag k="alt_name2:en" v="Hanoi - Haiphong line"/>
  <tag k="alt_name:en" v="Hanoi - Haiphong Railway"/>
  <tag k="electrified" v="no"/>
  <tag k="from" v="Ga Hà Nội"/>
  <tag k="gauge" v="1000"/>
  <tag k="importance" v="national"/>
  <tag k="maxspeed" v="100"/>
  <tag k="name" v="Đường sắt Hà Nội - Hải Phòng"/>
  <tag k="name:en" v="Ha Noi - Hai Phong Railway"/>
  <tag k="name:vi" v="Đường sắt Hà Nội - Hải Phòng"/>
  <tag k="network" v="VN:railway"/>
  <tag k="operator" v="VNR"/>
  <tag k="passenger_lines" v="1"/>
  <tag k="public_transport" v="2"/>
  <tag k="railway" v="rail"/>
  <tag k="railway:etcs" v="2"/>
  <tag k="ref" v="ĐSHN-HP"/>
  <tag k="route" v="train"/>
  <tag k="source" v="osm-gpx;bingsat"/>
  <tag k="to" v="Ga Hải Phòng"/>
  <tag k="type" v="route"/>
  <tag k="usage" v="main"/>
  <tag k="wikipedia" v="vi:Đường sắt Hà Nội - Hải Phòng"/>
 </relation>
 <relation id="8351998" visible="true" version="63" changeset="170514583" timestamp="2025-08-16T09:45:20Z" user="Tewuzij" uid="16194143">
  <member type="node" ref="10591743723" role="station"/>
  <member type="node" ref="312949392" role="station"/>
  <member type="node" ref="582845534" role="station"/>
  <member type="node" ref="1858361494" role="station"/>
  <member type="node" ref="7153164746" role="station"/>
  <member type="node" ref="5965084639" role="station"/>
  <member type="node" ref="7153167519" role="station"/>
  <member type="node" ref="4911856102" role="station"/>
  <member type="node" ref="7153181570" role="station"/>
  <member type="node" ref="7153176034" role="station"/>
  <member type="node" ref="7153182342" role="station"/>
  <member type="node" ref="7153190734" role="station"/>
  <member type="node" ref="6709101585" role="station"/>
  <member type="node" ref="6937762808" role="station"/>
  <member type="node" ref="7822861835" role="station"/>
  <member type="node" ref="7822861836" role=""/>
  <member type="node" ref="7822983841" role=""/>
  <member type="node" ref="7822983842" role=""/>
  <member type="node" ref="7822983843" role=""/>
  <member type="node" ref="7822997440" role=""/>
  <member type="node" ref="7822997441" role=""/>
  <member type="node" ref="311714761" role="station"/>
  <member type="node" ref="13073906500" role="station"/>
  <member type="node" ref="8847133089" role="station"/>
  <member type="node" ref="11192222674" role="station"/>
  <member type="node" ref="11192222723" role="station"/>
  <member type="node" ref="8847133070" role="station"/>
  <member type="node" ref="11192222765" role="station"/>
  <member type="node" ref="4195728890" role="station"/>
  <member type="node" ref="11192382466" role="station"/>
  <member type="node" ref="11192382550" role="station"/>
  <member type="node" ref="5936550883" role="station"/>
  <member type="node" ref="11192342728" role="station"/>
  <member type="node" ref="11192342729" role="station"/>
  <member type="node" ref="11192469987" role="station"/>
  <member type="node" ref="941741781" role="station"/>
  <member type="way" ref="595293443" role=""/>
  <member type="way" ref="595293442" role=""/>
  <member type="way" ref="593732880" role=""/>
  <member type="way" ref="263053635" role=""/>
  <member type="way" ref="838177514" role=""/>
  <member type="way" ref="838177513" role=""/>
  <member type="way" ref="45766868" role=""/>
  <member type="way" ref="601920125" role=""/>
  <member type="way" ref="1067561924" role=""/>
  <member type="way" ref="1067561925" role=""/>
  <member type="way" ref="45766871" role=""/>
  <member type="way" ref="1188791550" role=""/>
  <member type="way" ref="1188791548" role=""/>
  <member type="way" ref="1188791552" role=""/>
  <member type="way" ref="1188791551" role=""/>
  <member type="way" ref="654603568" role=""/>
  <member type="way" ref="37531982" role=""/>
  <member type="way" ref="26550756" role=""/>
  <member type="way" ref="28378129" role=""/>
  <member type="way" ref="37531985" role=""/>
  <member type="way" ref="37531984" role=""/>
  <member type="way" ref="705241492" role=""/>
  <member type="way" ref="263562400" role=""/>
  <member type="way" ref="1422609864" role=""/>
  <member type="way" ref="1422609863" role=""/>
  <member type="way" ref="1422609859" role=""/>
  <member type="way" ref="1422609858" role=""/>
  <member type="way" ref="1217264296" role=""/>
  <member type="way" ref="1217264295" role=""/>
  <member type="way" ref="1217264294" role=""/>
  <member type="way" ref="1217354724" role=""/>
  <member type="way" ref="1218000633" role=""/>
  <member type="way" ref="262772601" role=""/>
  <member type="way" ref="1217264292" role=""/>
  <member type="way" ref="1218000631" role=""/>
  <member type="way" ref="1218000632" role=""/>
  <member type="way" ref="28378132" role=""/>
  <member type="way" ref="28366870" role=""/>
  <member type="way" ref="702874832" role=""/>
  <member type="way" ref="292907020" role=""/>
  <member type="way" ref="292907016" role=""/>
  <member type="way" ref="292907021" role=""/>
  <member type="way" ref="292907018" role=""/>
  <member type="way" ref="292907023" role=""/>
  <member type="way" ref="184919497" role=""/>
  <member type="way" ref="292907011" role=""/>
  <member type="way" ref="292907014" role=""/>
  <member type="way" ref="292907015" role=""/>
  <member type="way" ref="292907019" role=""/>
  <member type="way" ref="292907024" role=""/>
  <member type="way" ref="1303490829" role=""/>
  <member type="way" ref="560573139" role=""/>
  <member type="way" ref="1247135449" role=""/>
  <member type="way" ref="262779970" role=""/>
  <member type="way" ref="1217264290" role=""/>
  <member type="way" ref="1217264288" role=""/>
  <member type="way" ref="955928398" role=""/>
  <member type="way" ref="304226144" role=""/>
  <member type="way" ref="304226140" role=""/>
  <member type="way" ref="956683299" role=""/>
  <member type="way" ref="896698625" role=""/>
  <member type="way" ref="896698626" role=""/>
  <member type="way" ref="896698628" role=""/>
  <member type="way" ref="896698627" role=""/>
  <member type="way" ref="471249840" role=""/>
  <member type="way" ref="1207939075" role=""/>
  <member type="way" ref="1207939076" role=""/>
  <member type="way" ref="471249835" role=""/>
  <member type="way" ref="471249833" role=""/>
  <member type="way" ref="45766939" role=""/>
  <member type="way" ref="1207939066" role=""/>
  <member type="way" ref="1207939065" role=""/>
  <member type="way" ref="1207939062" role=""/>
  <member type="way" ref="1207939061" role=""/>
  <member type="way" ref="1207939060" role=""/>
  <member type="way" ref="1207939059" role=""/>
  <member type="way" ref="954144955" role=""/>
  <member type="way" ref="954144954" role=""/>
  <member type="way" ref="914889167" role=""/>
  <member type="way" ref="914889166" role=""/>
  <member type="way" ref="953273887" role=""/>
  <member type="way" ref="953273886" role=""/>
  <member type="way" ref="953273885" role=""/>
  <member type="way" ref="953273884" role=""/>
  <member type="way" ref="955928399" role=""/>
  <member type="way" ref="955928400" role=""/>
  <member type="way" ref="80751582" role=""/>
  <member type="way" ref="483372941" role=""/>
  <member type="way" ref="483372943" role=""/>
  <member type="way" ref="838190435" role=""/>
  <member type="way" ref="838190434" role=""/>
  <member type="way" ref="838190437" role=""/>
  <member type="way" ref="838190436" role=""/>
  <member type="way" ref="483372942" role=""/>
  <member type="way" ref="483449560" role=""/>
  <member type="way" ref="180081728" role=""/>
  <member type="way" ref="180081727" role=""/>
  <member type="way" ref="483509962" role=""/>
  <member type="way" ref="483509964" role=""/>
  <member type="way" ref="483509963" role=""/>
  <member type="way" ref="1207808097" role=""/>
  <member type="way" ref="1207808098" role=""/>
  <member type="way" ref="506729157" role=""/>
  <member type="way" ref="506729154" role=""/>
  <member type="way" ref="483509961" role=""/>
  <member type="way" ref="483525512" role=""/>
  <member type="way" ref="483525514" role=""/>
  <member type="way" ref="483525511" role=""/>
  <member type="way" ref="483525509" role=""/>
  <member type="way" ref="779903794" role=""/>
  <member type="way" ref="483525510" role=""/>
  <member type="way" ref="483525513" role=""/>
  <member type="way" ref="838177516" role=""/>
  <member type="way" ref="838177515" role=""/>
  <member type="node" ref="11192222602" role="station"/>
  <tag k="electrified" v="no"/>
  <tag k="from" v="Ga Hà Nội"/>
  <tag k="gauge" v="1000"/>
  <tag k="importance" v="national"/>
  <tag k="name" v="Đường sắt Hà Nội - Lào Cai"/>
  <tag k="name:en" v="Ha Noi – Lao Cai Railway"/>
  <tag k="name:vi" v="Đường sắt Hà Nội - Lào Cai"/>
  <tag k="network" v="VN:railway"/>
  <tag k="operator" v="VNR"/>
  <tag k="passenger_lines" v="1"/>
  <tag k="public_transport" v="2"/>
  <tag k="railway" v="rail"/>
  <tag k="railway:etcs" v="2"/>
  <tag k="ref" v="ĐSHN-LC"/>
  <tag k="route" v="train"/>
  <tag k="source" v="osm-gpx;bingsat"/>
  <tag k="to" v="Ga Lào Cai"/>
  <tag k="type" v="route"/>
  <tag k="usage" v="main"/>
 </relation>
 <relation id="9101638" visible="true" version="64" changeset="172240798" timestamp="2025-09-21T11:30:59Z" user="Hung159" uid="22065819">
  <member type="node" ref="10591743723" role="station"/>
  <member type="node" ref="312949392" role="station"/>
  <member type="node" ref="7150227049" role="station"/>
  <member type="node" ref="4639698212" role="station"/>
  <member type="node" ref="7150182167" role="station"/>
  <member type="node" ref="7150194822" role="station"/>
  <member type="node" ref="7150197662" role="station"/>
  <member type="node" ref="4736612109" role="station"/>
  <member type="node" ref="7150218749" role="station"/>
  <member type="node" ref="7150207236" role="station"/>
  <member type="node" ref="7150211290" role="station"/>
  <member type="node" ref="11176709231" role="station"/>
  <member type="node" ref="7150234493" role="station"/>
  <member type="node" ref="7150223982" role="station"/>
  <member type="node" ref="7150257817" role="station"/>
  <member type="node" ref="7152691339" role="station"/>
  <member type="node" ref="6796320356" role="station"/>
  <member type="node" ref="5129681122" role="station"/>
  <member type="node" ref="6300643433" role="station"/>
  <member type="node" ref="7150236971" role="station"/>
  <member type="node" ref="7152713377" role="station"/>
  <member type="node" ref="7150247209" role="station"/>
  <member type="way" ref="1167485600" role=""/>
  <member type="way" ref="765856013" role=""/>
  <member type="way" ref="1167485599" role=""/>
  <member type="way" ref="1167485597" role=""/>
  <member type="way" ref="1167485598" role=""/>
  <member type="way" ref="765856008" role=""/>
  <member type="way" ref="765856005" role=""/>
  <member type="way" ref="1167485592" role=""/>
  <member type="way" ref="765856003" role=""/>
  <member type="way" ref="765856010" role=""/>
  <member type="way" ref="765856004" role=""/>
  <member type="way" ref="1167485590" role=""/>
  <member type="way" ref="1167485588" role=""/>
  <member type="way" ref="1167485589" role=""/>
  <member type="way" ref="627678834" role=""/>
  <member type="way" ref="1167485587" role=""/>
  <member type="way" ref="627678842" role=""/>
  <member type="way" ref="936188505" role=""/>
  <member type="way" ref="1167485586" role=""/>
  <member type="way" ref="936188506" role=""/>
  <member type="way" ref="1167327960" role=""/>
  <member type="way" ref="1167327961" role=""/>
  <member type="way" ref="482583446" role=""/>
  <member type="way" ref="482583445" role=""/>
  <member type="way" ref="1167485567" role=""/>
  <member type="way" ref="1167485566" role=""/>
  <member type="way" ref="1167485565" role=""/>
  <member type="way" ref="1167485564" role=""/>
  <member type="way" ref="1167485563" role=""/>
  <member type="way" ref="1167485562" role=""/>
  <member type="way" ref="48998677" role=""/>
  <member type="way" ref="1167485557" role=""/>
  <member type="way" ref="1167485555" role=""/>
  <member type="way" ref="1167485554" role=""/>
  <member type="way" ref="1167485550" role=""/>
  <member type="way" ref="1167485551" role=""/>
  <member type="way" ref="1167485543" role=""/>
  <member type="way" ref="1167485544" role=""/>
  <member type="way" ref="765874768" role=""/>
  <member type="way" ref="1167485541" role=""/>
  <member type="way" ref="1167485540" role=""/>
  <member type="way" ref="1167485539" role=""/>
  <member type="way" ref="1167485536" role=""/>
  <member type="way" ref="765874769" role=""/>
  <member type="way" ref="469671817" role=""/>
  <member type="way" ref="1167496036" role=""/>
  <member type="way" ref="627804563" role=""/>
  <member type="way" ref="627804565" role=""/>
  <member type="way" ref="48998726" role=""/>
  <member type="way" ref="275585926" role=""/>
  <member type="way" ref="275585929" role=""/>
  <member type="way" ref="469655720" role=""/>
  <member type="way" ref="749736724" role=""/>
  <member type="way" ref="1380858851" role=""/>
  <member type="way" ref="1380858850" role=""/>
  <member type="way" ref="749736723" role=""/>
  <member type="way" ref="360493071" role=""/>
  <member type="way" ref="1335366631" role=""/>
  <member type="way" ref="599995579" role=""/>
  <member type="way" ref="1332611903" role=""/>
  <member type="way" ref="1332611904" role=""/>
  <member type="way" ref="599995580" role=""/>
  <member type="way" ref="1335366630" role=""/>
  <member type="way" ref="654603567" role=""/>
  <member type="way" ref="480695010" role=""/>
  <member type="way" ref="1335366634" role=""/>
  <member type="way" ref="1335366635" role=""/>
  <member type="way" ref="1346010785" role=""/>
  <member type="way" ref="1346010786" role=""/>
  <member type="way" ref="28379561" role=""/>
  <member type="way" ref="28379560" role=""/>
  <member type="way" ref="1357909596" role=""/>
  <member type="way" ref="1357909597" role=""/>
  <member type="way" ref="28378197" role=""/>
  <member type="way" ref="1067561933" role=""/>
  <member type="way" ref="1067561932" role=""/>
  <member type="way" ref="1188791558" role=""/>
  <member type="way" ref="654603568" role=""/>
  <member type="way" ref="37531982" role=""/>
  <member type="way" ref="26550756" role=""/>
  <member type="way" ref="28378129" role=""/>
  <member type="way" ref="37531985" role=""/>
  <member type="way" ref="37531984" role=""/>
  <member type="way" ref="705241492" role=""/>
  <member type="way" ref="263562400" role=""/>
  <member type="way" ref="1422609864" role=""/>
  <member type="way" ref="1422609863" role=""/>
  <member type="way" ref="1422609859" role=""/>
  <member type="way" ref="1422609858" role=""/>
  <member type="way" ref="1217264296" role=""/>
  <member type="way" ref="1217264295" role=""/>
  <member type="way" ref="1217264294" role=""/>
  <member type="way" ref="1217354724" role=""/>
  <member type="way" ref="913738760" role=""/>
  <member type="way" ref="1217354725" role=""/>
  <member type="way" ref="580194049" role=""/>
  <member type="way" ref="262938174" role=""/>
  <member type="way" ref="1167485602" role=""/>
  <member type="way" ref="1167485604" role=""/>
  <member type="way" ref="1167485603" role=""/>
  <member type="way" ref="984234792" role=""/>
  <member type="way" ref="1167485605" role=""/>
  <member type="way" ref="765856006" role=""/>
  <member type="way" ref="1167485606" role=""/>
  <member type="way" ref="765856009" role=""/>
  <member type="way" ref="1167327970" role=""/>
  <member type="way" ref="1167327969" role=""/>
  <member type="way" ref="1167327971" role=""/>
  <member type="way" ref="1167485610" role=""/>
  <member type="way" ref="1167327974" role=""/>
  <member type="way" ref="724661887" role=""/>
  <member type="way" ref="724661882" role=""/>
  <member type="way" ref="724661888" role=""/>
  <member type="way" ref="53507520" role=""/>
  <member type="way" ref="53507534" role=""/>
  <member type="way" ref="571648421" role=""/>
  <member type="way" ref="1188305494" role=""/>
  <member type="way" ref="718126623" role=""/>
  <member type="way" ref="1167485611" role=""/>
  <member type="way" ref="482593996" role=""/>
  <member type="way" ref="1167485612" role=""/>
  <member type="way" ref="482593995" role=""/>
  <member type="way" ref="1167485613" role=""/>
  <member type="way" ref="482593994" role=""/>
  <member type="way" ref="482593999" role=""/>
  <member type="way" ref="1217264288" role=""/>
  <member type="way" ref="1217264290" role=""/>
  <member type="way" ref="262779970" role=""/>
  <member type="way" ref="1247135449" role=""/>
  <member type="way" ref="560573139" role=""/>
  <member type="way" ref="1303490829" role=""/>
  <member type="way" ref="292907024" role=""/>
  <member type="way" ref="292907019" role=""/>
  <member type="way" ref="292907015" role=""/>
  <member type="way" ref="292907014" role=""/>
  <member type="way" ref="292907011" role=""/>
  <member type="way" ref="184919497" role=""/>
  <member type="way" ref="292907023" role=""/>
  <member type="way" ref="292907018" role=""/>
  <member type="way" ref="292907021" role=""/>
  <member type="way" ref="292907016" role=""/>
  <member type="way" ref="292907020" role=""/>
  <member type="way" ref="702874832" role=""/>
  <member type="way" ref="28366870" role=""/>
  <member type="way" ref="28378132" role=""/>
  <member type="way" ref="1218000632" role=""/>
  <member type="way" ref="1218000631" role=""/>
  <member type="way" ref="1217264292" role=""/>
  <member type="way" ref="262772601" role=""/>
  <member type="way" ref="1218000633" role=""/>
  <member type="way" ref="571648425" role=""/>
  <tag k="electrified" v="no"/>
  <tag k="gauge" v="1000;1435"/>
  <tag k="importance" v="national"/>
  <tag k="maxspeed" v="100"/>
  <tag k="name" v="Đường sắt Hà Nội - Đồng Đăng"/>
  <tag k="name:en" v="Hanoi - Dong Dang Railway"/>
  <tag k="name:ja" v="ハノイ・ドンダン線"/>
  <tag k="name:vi" v="Đường sắt Hà Nội - Đồng Đăng"/>
  <tag k="name:zh" v="河太鐵路"/>
  <tag k="network" v="VN:railway"/>
  <tag k="operator" v="VNR"/>
  <tag k="passenger_lines" v="1"/>
  <tag k="railway" v="rail"/>
  <tag k="railway:etcs" v="2"/>
  <tag k="ref" v="ĐSHN-ĐĐ"/>
  <tag k="route" v="train"/>
  <tag k="source" v="osm-gpx;bingsat"/>
  <tag k="tracks" v="1"/>
  <tag k="type" v="route"/>
  <tag k="usage" v="main"/>
  <tag k="wikidata" v="Q10841016"/>
  <tag k="wikipedia" v="vi:Đường sắt Hà Nội – Đồng Đăng"/>
 </relation>
 <relation id="9101640" visible="true" version="49" changeset="177992020" timestamp="2026-02-02T06:23:40Z" user="KhoiOSM2907" uid="23207143">
  <member type="node" ref="10591743723" role="station"/>
  <member type="node" ref="312949392" role="station"/>
  <member type="node" ref="11176709231" role="station"/>
  <member type="node" ref="582845534" role="station"/>
  <member type="node" ref="7146444577" role="station"/>
  <member type="node" ref="7153073869" role="station"/>
  <member type="node" ref="4195730294" role="station"/>
  <member type="node" ref="7153114395" role="station"/>
  <member type="node" ref="11034383627" role=""/>
  <member type="node" ref="11034360998" role=""/>
  <member type="node" ref="11034360991" role=""/>
  <member type="way" ref="129895345" role=""/>
  <member type="way" ref="1188791569" role=""/>
  <member type="way" ref="263053635" role=""/>
  <member type="way" ref="838177514" role=""/>
  <member type="way" ref="838177513" role=""/>
  <member type="way" ref="45766868" role=""/>
  <member type="way" ref="601920125" role=""/>
  <member type="way" ref="1067561924" role=""/>
  <member type="way" ref="1067561925" role=""/>
  <member type="way" ref="45766871" role=""/>
  <member type="way" ref="1188791550" role=""/>
  <member type="way" ref="1188791548" role=""/>
  <member type="way" ref="1188791552" role=""/>
  <member type="way" ref="649121501" role=""/>
  <member type="way" ref="649118855" role=""/>
  <member type="way" ref="129895346" role=""/>
  <member type="way" ref="129895352" role=""/>
  <member type="way" ref="180131817" role=""/>
  <member type="way" ref="1188305484" role=""/>
  <member type="way" ref="1188305483" role=""/>
  <member type="way" ref="1131516915" role=""/>
  <member type="way" ref="1131516914" role=""/>
  <member type="way" ref="129895512" role=""/>
  <member type="way" ref="129895513" role=""/>
  <member type="way" ref="274871518" role=""/>
  <member type="way" ref="263053634" role=""/>
  <member type="way" ref="483072766" role=""/>
  <member type="way" ref="483072767" role=""/>
  <member type="way" ref="419880793" role=""/>
  <member type="way" ref="419880792" role=""/>
  <member type="way" ref="1118357182" role=""/>
  <member type="way" ref="1167521196" role=""/>
  <member type="way" ref="1167526739" role=""/>
  <member type="way" ref="263053638" role=""/>
  <member type="way" ref="263053640" role=""/>
  <member type="way" ref="344120664" role=""/>
  <member type="way" ref="1188305491" role=""/>
  <member type="way" ref="705241492" role=""/>
  <member type="way" ref="37531984" role=""/>
  <member type="way" ref="37531985" role=""/>
  <member type="way" ref="28378129" role=""/>
  <member type="way" ref="26550756" role=""/>
  <member type="way" ref="37531982" role=""/>
  <member type="way" ref="654603568" role=""/>
  <member type="way" ref="1188791551" role=""/>
  <member type="way" ref="1217354724" role=""/>
  <member type="way" ref="1217264294" role=""/>
  <member type="way" ref="1217264295" role=""/>
  <member type="way" ref="1217264296" role=""/>
  <member type="way" ref="1422609858" role=""/>
  <member type="way" ref="1422609859" role=""/>
  <member type="way" ref="1422609863" role=""/>
  <member type="way" ref="1422609864" role=""/>
  <member type="way" ref="263562400" role=""/>
  <member type="way" ref="1218000631" role=""/>
  <member type="way" ref="1218000632" role=""/>
  <member type="way" ref="28378132" role=""/>
  <member type="way" ref="28366870" role=""/>
  <member type="way" ref="702874832" role=""/>
  <member type="way" ref="292907020" role=""/>
  <member type="way" ref="292907016" role=""/>
  <member type="way" ref="292907021" role=""/>
  <member type="way" ref="292907018" role=""/>
  <member type="way" ref="292907023" role=""/>
  <member type="way" ref="184919497" role=""/>
  <member type="way" ref="292907011" role=""/>
  <member type="way" ref="292907014" role=""/>
  <member type="way" ref="292907015" role=""/>
  <member type="way" ref="292907019" role=""/>
  <member type="way" ref="292907024" role=""/>
  <member type="way" ref="1303490829" role=""/>
  <member type="way" ref="560573139" role=""/>
  <member type="way" ref="1247135449" role=""/>
  <member type="way" ref="1217264290" role=""/>
  <member type="way" ref="262779970" role=""/>
  <member type="way" ref="1217264288" role=""/>
  <member type="way" ref="1188791570" role=""/>
  <member type="way" ref="1188791578" role=""/>
  <member type="way" ref="1188791580" role=""/>
  <tag k="alt_name2:en" v="Dong Anh-Quan Trieu line"/>
  <tag k="alt_name:en" v="Hanoi–Thái Nguyên Railway"/>
  <tag k="electrified" v="no"/>
  <tag k="gauge" v="1000;1435"/>
  <tag k="importance" v="national"/>
  <tag k="maxspeed" v="100"/>
  <tag k="name" v="Đường sắt Hà Nội - Quan Triều"/>
  <tag k="name:en" v="Hanoi - Quan Trieu Railway"/>
  <tag k="name:vi" v="Đường sắt Hà Nội - Quan Triều"/>
  <tag k="name:zh" v="河太鐵路"/>
  <tag k="operator" v="VNR"/>
  <tag k="passenger_lines" v="1"/>
  <tag k="public_transport" v="2"/>
  <tag k="railway" v="rail"/>
  <tag k="railway:etcs" v="2"/>
  <tag k="ref" v="ĐSHN-QT"/>
  <tag k="route" v="train"/>
  <tag k="source" v="osm-gpx;bingsat"/>
  <tag k="type" v="route"/>
  <tag k="usage" v="main"/>
 </relation>
 <relation id="9421131" visible="true" version="44" changeset="178609617" timestamp="2026-02-16T04:58:00Z" user="Trần Thanh Tuấn" uid="16014056">
  <member type="way" ref="1419634789" role="outer"/>
  <member type="way" ref="832454959" role="outer"/>
  <member type="way" ref="832454960" role="outer"/>
  <member type="way" ref="700514235" role="outer"/>
  <member type="way" ref="700514236" role="outer"/>
  <member type="way" ref="700514238" role="outer"/>
  <member type="way" ref="678539331" role="outer"/>
  <member type="way" ref="1217929840" role="outer"/>
  <member type="way" ref="1217929465" role="outer"/>
  <member type="way" ref="832454965" role="outer"/>
  <member type="way" ref="700518252" role="outer"/>
  <member type="way" ref="1000437474" role="outer"/>
  <member type="way" ref="1000437472" role="outer"/>
  <member type="way" ref="1210752931" role="outer"/>
  <member type="way" ref="1410558580" role="outer"/>
  <member type="way" ref="1000437471" role="outer"/>
  <member type="way" ref="1000437473" role="outer"/>
  <member type="way" ref="1442805201" role="outer"/>
  <member type="way" ref="1001979397" role="outer"/>
  <member type="way" ref="1001982116" role="outer"/>
  <member type="way" ref="1001978135" role="outer"/>
  <member type="way" ref="1001979396" role="outer"/>
  <member type="way" ref="1001979395" role="outer"/>
  <member type="way" ref="1001979393" role="outer"/>
  <member type="way" ref="1001979394" role="outer"/>
  <member type="way" ref="1001972030" role="outer"/>
  <member type="way" ref="1431504376" role="outer"/>
  <member type="way" ref="1419888047" role="outer"/>
  <member type="relation" ref="11367552" role="subarea"/>
  <member type="relation" ref="11367551" role="subarea"/>
  <member type="relation" ref="11367550" role="subarea"/>
  <member type="relation" ref="11367547" role="subarea"/>
  <member type="relation" ref="11367549" role="subarea"/>
  <member type="relation" ref="11367548" role="subarea"/>
  <member type="relation" ref="11367554" role="subarea"/>
  <member type="relation" ref="11367553" role="subarea"/>
  <member type="relation" ref="12694296" role="subarea"/>
  <member type="relation" ref="11367556" role="subarea"/>
  <member type="relation" ref="11367561" role="subarea"/>
  <member type="relation" ref="11367560" role="subarea"/>
  <member type="relation" ref="11367557" role="subarea"/>
  <member type="relation" ref="11367558" role="subarea"/>
  <member type="relation" ref="11367562" role="subarea"/>
  <member type="relation" ref="11367563" role="subarea"/>
  <member type="relation" ref="11367559" role="subarea"/>
  <member type="relation" ref="11367555" role="subarea"/>
  <member type="relation" ref="16378217" role="subarea"/>
  <tag k="boundary" v="historic"/>
  <tag k="end_date" v="2025-06-30"/>
  <tag k="name" v="Quận Hoàn Kiếm"/>
  <tag k="name:en" v="Hoàn Kiếm District"/>
  <tag k="name:ja" v="ホアンキエム区"/>
  <tag k="name:ko" v="호안끼엠군"/>
  <tag k="name:zh" v="還劍郡"/>
  <tag k="name:zh-Hans" v="还剑郡"/>
  <tag k="name:zh-Hant" v="還劍郡"/>
  <tag k="note" v="DO NOT DELETE PLEASE"/>
  <tag k="type" v="boundary"/>
  <tag k="was:admin_level" v="6"/>
  <tag k="was:boundary" v="administrative"/>
  <tag k="wikidata" v="Q1134529"/>
 </relation>
 <relation id="9421135" visible="true" version="51" changeset="178609617" timestamp="2026-02-16T04:58:00Z" user="Trần Thanh Tuấn" uid="16014056">
  <member type="way" ref="1419890368" role="outer"/>
  <member type="way" ref="1001943184" role="outer"/>
  <member type="way" ref="1001943183" role="outer"/>
  <member type="way" ref="1413041734" role="outer"/>
  <member type="way" ref="1001943185" role="outer"/>
  <member type="way" ref="1001943186" role="outer"/>
  <member type="way" ref="1001943187" role="outer"/>
  <member type="way" ref="1001943188" role="outer"/>
  <member type="way" ref="1413041736" role="outer"/>
  <member type="way" ref="1413067849" role="outer"/>
  <member type="way" ref="1001940634" role="outer"/>
  <member type="way" ref="1413067852" role="outer"/>
  <member type="way" ref="1001943189" role="outer"/>
  <member type="way" ref="1413067854" role="outer"/>
  <member type="way" ref="1195438734" role="outer"/>
  <member type="way" ref="1420684250" role="outer"/>
  <member type="way" ref="678539317" role="outer"/>
  <member type="way" ref="1195438733" role="outer"/>
  <member type="way" ref="914593390" role="outer"/>
  <member type="way" ref="1413041741" role="outer"/>
  <member type="way" ref="914593389" role="outer"/>
  <member type="way" ref="914593384" role="outer"/>
  <member type="way" ref="1182556843" role="outer"/>
  <member type="way" ref="914593381" role="outer"/>
  <member type="way" ref="1182556866" role="outer"/>
  <member type="way" ref="678539323" role="outer"/>
  <member type="way" ref="914593378" role="outer"/>
  <member type="way" ref="1413041729" role="outer"/>
  <member type="way" ref="1413041728" role="outer"/>
  <member type="way" ref="832454954" role="outer"/>
  <member type="way" ref="832454953" role="outer"/>
  <member type="way" ref="678539327" role="outer"/>
  <member type="way" ref="914710369" role="outer"/>
  <member type="way" ref="914710372" role="outer"/>
  <member type="way" ref="832454955" role="outer"/>
  <member type="way" ref="1001972030" role="outer"/>
  <member type="way" ref="1431504376" role="outer"/>
  <member type="way" ref="1419888047" role="outer"/>
  <member type="way" ref="1419890373" role="outer"/>
  <member type="way" ref="1419890372" role="outer"/>
  <member type="way" ref="1001943182" role="outer"/>
  <member type="way" ref="1413041717" role="outer"/>
  <member type="way" ref="1419890370" role="outer"/>
  <member type="relation" ref="12415557" role="subarea"/>
  <member type="relation" ref="12413579" role="subarea"/>
  <member type="relation" ref="12413578" role="subarea"/>
  <member type="relation" ref="12413576" role="subarea"/>
  <member type="relation" ref="12413575" role="subarea"/>
  <member type="relation" ref="12415553" role="subarea"/>
  <member type="relation" ref="12413574" role="subarea"/>
  <member type="relation" ref="12413580" role="subarea"/>
  <member type="relation" ref="12413581" role="subarea"/>
  <member type="relation" ref="12413572" role="subarea"/>
  <member type="relation" ref="12413582" role="subarea"/>
  <member type="relation" ref="12415551" role="subarea"/>
  <member type="relation" ref="12413583" role="subarea"/>
  <member type="relation" ref="12413584" role="subarea"/>
  <member type="relation" ref="12415556" role="subarea"/>
  <member type="relation" ref="12415555" role="subarea"/>
  <member type="relation" ref="12415552" role="subarea"/>
  <tag k="boundary" v="historic"/>
  <tag k="end_date" v="2025-06-30"/>
  <tag k="name" v="Quận Đống Đa"/>
  <tag k="name:de" v="Bezirk Đống Đa"/>
  <tag k="name:en" v="Đống Đa District"/>
  <tag k="name:ko" v="동다군"/>
  <tag k="name:zh" v="棟多郡"/>
  <tag k="name:zh-Hans" v="栋多郡"/>
  <tag k="name:zh-Hant" v="棟多郡"/>
  <tag k="note" v="DO NOT DELETE PLEASE"/>
  <tag k="type" v="boundary"/>
  <tag k="was:admin_level" v="6"/>
  <tag k="was:boundary" v="administrative"/>
  <tag k="wikidata" v="Q1048634"/>
 </relation>
 <relation id="9421136" visible="true" version="55" changeset="178609617" timestamp="2026-02-16T04:58:00Z" user="Trần Thanh Tuấn" uid="16014056">
  <member type="way" ref="1419890368" role="outer"/>
  <member type="way" ref="1001943184" role="outer"/>
  <member type="way" ref="1001943183" role="outer"/>
  <member type="way" ref="1413041734" role="outer"/>
  <member type="way" ref="1001943185" role="outer"/>
  <member type="way" ref="1001943186" role="outer"/>
  <member type="way" ref="1001943187" role="outer"/>
  <member type="way" ref="1001943188" role="outer"/>
  <member type="way" ref="1413041736" role="outer"/>
  <member type="way" ref="1413067849" role="outer"/>
  <member type="way" ref="1001940634" role="outer"/>
  <member type="way" ref="1413067852" role="outer"/>
  <member type="way" ref="1001943189" role="outer"/>
  <member type="way" ref="1413067854" role="outer"/>
  <member type="way" ref="832454966" role="outer"/>
  <member type="way" ref="698018289" role="outer"/>
  <member type="way" ref="1413067860" role="outer"/>
  <member type="way" ref="1195523592" role="outer"/>
  <member type="way" ref="1413067864" role="outer"/>
  <member type="way" ref="678539315" role="outer"/>
  <member type="way" ref="698018290" role="outer"/>
  <member type="way" ref="1264085502" role="outer"/>
  <member type="way" ref="700520010" role="outer"/>
  <member type="way" ref="832454972" role="outer"/>
  <member type="way" ref="1413067866" role="outer"/>
  <member type="way" ref="700514233" role="outer"/>
  <member type="way" ref="700514244" role="outer"/>
  <member type="way" ref="700520011" role="outer"/>
  <member type="way" ref="700518256" role="outer"/>
  <member type="way" ref="700518254" role="outer"/>
  <member type="way" ref="1000437475" role="outer"/>
  <member type="way" ref="700518252" role="outer"/>
  <member type="way" ref="832454965" role="outer"/>
  <member type="way" ref="1217929465" role="outer"/>
  <member type="way" ref="1217929840" role="outer"/>
  <member type="way" ref="678539331" role="outer"/>
  <member type="way" ref="700514238" role="outer"/>
  <member type="way" ref="700514236" role="outer"/>
  <member type="way" ref="700514235" role="outer"/>
  <member type="way" ref="832454960" role="outer"/>
  <member type="way" ref="832454959" role="outer"/>
  <member type="way" ref="1419634789" role="outer"/>
  <member type="way" ref="1419890373" role="outer"/>
  <member type="way" ref="1419890372" role="outer"/>
  <member type="way" ref="1001943182" role="outer"/>
  <member type="way" ref="1413041717" role="outer"/>
  <member type="way" ref="1419890370" role="outer"/>
  <member type="relation" ref="9700341" role="subarea"/>
  <member type="relation" ref="9733332" role="subarea"/>
  <member type="relation" ref="9733380" role="subarea"/>
  <member type="relation" ref="13434750" role="subarea"/>
  <member type="relation" ref="11367566" role="subarea"/>
  <member type="relation" ref="11367567" role="subarea"/>
  <member type="relation" ref="11367569" role="subarea"/>
  <member type="relation" ref="11367568" role="subarea"/>
  <member type="relation" ref="11367571" role="subarea"/>
  <member type="relation" ref="11367572" role="subarea"/>
  <member type="relation" ref="11367565" role="subarea"/>
  <member type="relation" ref="11367564" role="subarea"/>
  <member type="relation" ref="11367570" role="subarea"/>
  <tag k="boundary" v="historic"/>
  <tag k="end_date" v="2025-06-30"/>
  <tag k="name" v="Quận Ba Đình"/>
  <tag k="name:en" v="Ba Đình District"/>
  <tag k="name:ko" v="바딘군"/>
  <tag k="name:zh" v="巴亭郡"/>
  <tag k="name:zh-Hans" v="巴亭郡"/>
  <tag k="name:zh-Hant" v="巴亭郡"/>
  <tag k="note" v="DO NOT DELETE PLEASE"/>
  <tag k="type" v="boundary"/>
  <tag k="was:admin_level" v="6"/>
  <tag k="was:boundary" v="administrative"/>
  <tag k="wikidata" v="Q890194"/>
 </relation>
 <relation id="9877002" visible="true" version="4" changeset="142863942" timestamp="2023-10-20T10:43:18Z" user="phoenixsaigon1698" uid="3323343">
  <member type="way" ref="710176322" role="from"/>
  <member type="node" ref="98044064" role="via"/>
  <member type="way" ref="710176321" role="to"/>
  <tag k="except" v="motorcycle;moped;bicycle;mofa"/>
  <tag k="restriction" v="no_left_turn"/>
  <tag k="type" v="restriction"/>
 </relation>
 <relation id="11183589" visible="true" version="42" changeset="172381241" timestamp="2025-09-24T08:34:42Z" user="rajashekhar_n" uid="20462914">
  <member type="node" ref="7603055514" role="platform"/>
  <member type="node" ref="738813781" role="platform"/>
  <member type="node" ref="7824856485" role="platform"/>
  <member type="node" ref="738814496" role="platform"/>
  <member type="node" ref="8822946815" role="platform"/>
  <member type="node" ref="738815106" role="platform"/>
  <member type="node" ref="738813777" role="platform"/>
  <member type="node" ref="7824915632" role="platform"/>
  <member type="node" ref="7824915633" role="platform"/>
  <member type="node" ref="7824915634" role="platform"/>
  <member type="node" ref="7608990478" role="platform"/>
  <member type="node" ref="7824915645" role="platform"/>
  <member type="node" ref="738814463" role="platform"/>
  <member type="node" ref="6688359126" role="platform"/>
  <member type="node" ref="738813861" role="platform"/>
  <member type="node" ref="8903312083" role="platform"/>
  <member type="node" ref="738813226" role="platform"/>
  <member type="node" ref="738815121" role="platform"/>
  <member type="node" ref="738814565" role="platform"/>
  <member type="node" ref="738815727" role="platform"/>
  <member type="node" ref="738815693" role="platform"/>
  <member type="node" ref="738815268" role="platform"/>
  <member type="node" ref="738815820" role="platform"/>
  <member type="node" ref="12717509082" role="platform"/>
  <member type="node" ref="738814670" role="platform"/>
  <member type="node" ref="8757875254" role="platform"/>
  <member type="node" ref="738813955" role="platform"/>
  <member type="node" ref="7132790440" role="platform"/>
  <member type="node" ref="738814872" role="platform"/>
  <member type="node" ref="738815407" role="platform"/>
  <member type="node" ref="5462421044" role="platform"/>
  <member type="node" ref="11521595975" role="platform"/>
  <member type="node" ref="11521595976" role="platform"/>
  <member type="node" ref="11521595977" role="platform"/>
  <member type="way" ref="600515745" role=""/>
  <member type="way" ref="813918499" role=""/>
  <member type="way" ref="599588362" role=""/>
  <member type="way" ref="711134472" role=""/>
  <member type="way" ref="28103421" role=""/>
  <member type="way" ref="599618293" role=""/>
  <member type="way" ref="710096004" role=""/>
  <member type="way" ref="710096005" role=""/>
  <member type="way" ref="36185525" role=""/>
  <member type="way" ref="838419179" role=""/>
  <member type="way" ref="764859227" role=""/>
  <member type="way" ref="838419181" role=""/>
  <member type="way" ref="472431976" role=""/>
  <member type="way" ref="838419183" role=""/>
  <member type="way" ref="946030639" role=""/>
  <member type="way" ref="708533143" role=""/>
  <member type="way" ref="704606544" role=""/>
  <member type="way" ref="709289370" role=""/>
  <member type="way" ref="838425490" role=""/>
  <member type="way" ref="1396499075" role=""/>
  <member type="way" ref="708920953" role=""/>
  <member type="way" ref="708920952" role=""/>
  <member type="way" ref="593642481" role=""/>
  <member type="way" ref="838425492" role=""/>
  <member type="way" ref="838425493" role=""/>
  <member type="way" ref="37862483" role=""/>
  <member type="way" ref="702927009" role=""/>
  <member type="way" ref="711021337" role=""/>
  <member type="way" ref="702927010" role=""/>
  <member type="way" ref="710365053" role=""/>
  <member type="way" ref="596721705" role=""/>
  <member type="way" ref="708584847" role=""/>
  <member type="way" ref="1186000755" role=""/>
  <member type="way" ref="164211258" role=""/>
  <member type="way" ref="1185723930" role=""/>
  <member type="way" ref="708581285" role=""/>
  <member type="way" ref="708576344" role=""/>
  <member type="way" ref="708576347" role=""/>
  <member type="way" ref="708614256" role=""/>
  <member type="way" ref="1333363797" role=""/>
  <member type="way" ref="708658351" role=""/>
  <member type="way" ref="875229041" role=""/>
  <member type="way" ref="711404115" role=""/>
  <member type="way" ref="28103241" role=""/>
  <member type="way" ref="630659252" role=""/>
  <member type="way" ref="838425497" role=""/>
  <member type="way" ref="11839377" role=""/>
  <member type="way" ref="28947147" role=""/>
  <member type="way" ref="1231374926" role=""/>
  <member type="way" ref="1231370731" role=""/>
  <member type="way" ref="11839274" role=""/>
  <member type="way" ref="1432500749" role=""/>
  <member type="way" ref="207272547" role=""/>
  <member type="way" ref="1216203224" role=""/>
  <member type="way" ref="1203979590" role=""/>
  <member type="way" ref="708903076" role=""/>
  <member type="way" ref="709017797" role=""/>
  <member type="way" ref="708944663" role=""/>
  <member type="way" ref="708891236" role=""/>
  <member type="way" ref="1298270940" role=""/>
  <member type="way" ref="37891457" role=""/>
  <member type="way" ref="1190109720" role=""/>
  <member type="way" ref="1040111655" role=""/>
  <member type="way" ref="37734136" role=""/>
  <member type="way" ref="967878665" role=""/>
  <member type="way" ref="966127180" role=""/>
  <member type="way" ref="711531410" role=""/>
  <member type="way" ref="711379961" role=""/>
  <member type="way" ref="711710155" role=""/>
  <member type="way" ref="707345852" role=""/>
  <member type="way" ref="11008413" role=""/>
  <member type="way" ref="706798106" role=""/>
  <member type="way" ref="946030653" role=""/>
  <member type="way" ref="946030654" role=""/>
  <member type="way" ref="962177668" role=""/>
  <member type="way" ref="408761980" role=""/>
  <member type="way" ref="711776732" role=""/>
  <member type="way" ref="708514872" role=""/>
  <member type="way" ref="708514873" role=""/>
  <member type="way" ref="962493749" role=""/>
  <member type="way" ref="708514874" role=""/>
  <member type="way" ref="601522492" role=""/>
  <member type="way" ref="704134619" role=""/>
  <member type="way" ref="788757975" role=""/>
  <member type="way" ref="1334956950" role=""/>
  <member type="way" ref="769074217" role=""/>
  <member type="way" ref="1135436650" role=""/>
  <member type="way" ref="770552092" role=""/>
  <member type="way" ref="1082226009" role=""/>
  <member type="way" ref="707448988" role=""/>
  <member type="way" ref="946030634" role=""/>
  <member type="way" ref="710297757" role=""/>
  <member type="way" ref="1263201813" role=""/>
  <member type="way" ref="38226272" role=""/>
  <member type="way" ref="1303490828" role=""/>
  <member type="way" ref="954705802" role=""/>
  <member type="way" ref="870656565" role=""/>
  <member type="way" ref="870656563" role=""/>
  <member type="way" ref="946030635" role=""/>
  <member type="way" ref="514641121" role=""/>
  <member type="way" ref="37449529" role=""/>
  <member type="way" ref="1217929839" role=""/>
  <member type="way" ref="1217929464" role=""/>
  <member type="way" ref="703199102" role=""/>
  <member type="way" ref="701454823" role=""/>
  <member type="way" ref="703199100" role=""/>
  <member type="way" ref="701347289" role=""/>
  <member type="way" ref="1409256071" role=""/>
  <member type="way" ref="1409256069" role=""/>
  <member type="way" ref="703199099" role=""/>
  <member type="way" ref="1203971796" role=""/>
  <member type="way" ref="292907006" role=""/>
  <member type="way" ref="702469511" role=""/>
  <member type="way" ref="702469512" role=""/>
  <member type="way" ref="1366248723" role=""/>
  <member type="way" ref="136528941" role=""/>
  <member type="way" ref="1230287866" role=""/>
  <member type="way" ref="28102135" role=""/>
  <member type="way" ref="1262845731" role=""/>
  <member type="way" ref="703214348" role=""/>
  <member type="way" ref="11705879" role=""/>
  <member type="way" ref="605231624" role=""/>
  <member type="way" ref="1417556881" role=""/>
  <member type="way" ref="605231047" role=""/>
  <member type="way" ref="498896874" role=""/>
  <member type="way" ref="1223387152" role=""/>
  <member type="way" ref="1223385664" role=""/>
  <member type="way" ref="1223365201" role=""/>
  <member type="way" ref="605230289" role=""/>
  <member type="way" ref="769798547" role=""/>
  <member type="way" ref="707060209" role=""/>
  <member type="way" ref="954856202" role=""/>
  <member type="way" ref="964674136" role=""/>
  <member type="way" ref="769787747" role=""/>
  <member type="way" ref="832454962" role=""/>
  <member type="way" ref="943964869" role=""/>
  <member type="way" ref="711525565" role=""/>
  <member type="way" ref="1240127118" role=""/>
  <member type="way" ref="457131694" role=""/>
  <member type="way" ref="1240199915" role=""/>
  <member type="way" ref="11551090" role=""/>
  <tag k="charge" v="10000 VND"/>
  <tag k="colour" v="#76c04d"/>
  <tag k="fee" v="yes"/>
  <tag k="from" v="Nguyễn Công Trứ"/>
  <tag k="interval" v="00:17-00:20"/>
  <tag k="name" v="Nguyễn Công Trứ - Nguyễn Công Trứ (Chiều đi)"/>
  <tag k="name:en" v="Nguyen Cong Tru Street - Nguyen Cong Tru Street (Clockwise)"/>
  <tag k="network" v="Hanoibus"/>
  <tag k="opening_hours" v="Mo-Su 05:00-21:15"/>
  <tag k="operator" v="Xí nghiệp Xe buýt Hà Nội"/>
  <tag k="public_transport:version" v="2"/>
  <tag k="ref" v="23"/>
  <tag k="roundtrip" v="yes"/>
  <tag k="route" v="bus"/>
  <tag k="to" v="Nguyễn Công Trứ"/>
  <tag k="type" v="route"/>
 </relation>
 <relation id="11367552" visible="true" version="22" changeset="174225812" timestamp="2025-11-05T06:59:48Z" user="vietnam321" uid="11196308">
  <member type="way" ref="1419634789" role="outer"/>
  <member type="way" ref="832454959" role="outer"/>
  <member type="way" ref="832455066" role="outer"/>
  <member type="way" ref="832454977" role="outer"/>
  <member type="way" ref="1001979394" role="outer"/>
  <member type="way" ref="1001972030" role="outer"/>
  <member type="way" ref="1431504376" role="outer"/>
  <member type="way" ref="1419888047" role="outer"/>
  <tag k="admin_level" v="8"/>
  <tag k="boundary" v="historic"/>
  <tag k="name" v="Phường Cửa Nam"/>
  <tag k="source" v="GADM"/>
  <tag k="type" v="boundary"/>
 </relation>
 <relation id="11367568" visible="true" version="22" changeset="170489668" timestamp="2025-08-15T16:43:10Z" user="ItsLouisAnderson" uid="11691953">
  <member type="way" ref="1419890368" role="outer"/>
  <member type="way" ref="1001943184" role="outer"/>
  <member type="way" ref="832455021" role="outer"/>
  <member type="way" ref="832455010" role="outer"/>
  <member type="way" ref="832455080" role="outer"/>
  <member type="way" ref="700514234" role="outer"/>
  <member type="way" ref="700514235" role="outer"/>
  <member type="way" ref="832454960" role="outer"/>
  <member type="way" ref="832454959" role="outer"/>
  <member type="way" ref="1419634789" role="outer"/>
  <member type="way" ref="1419890373" role="outer"/>
  <member type="way" ref="1419890372" role="outer"/>
  <member type="way" ref="1001943182" role="outer"/>
  <member type="way" ref="1413041717" role="outer"/>
  <member type="way" ref="1419890370" role="outer"/>
  <tag k="admin_level" v="8"/>
  <tag k="boundary" v="historic"/>
  <tag k="name" v="Phường Điện Biên"/>
  <tag k="name:en" v="Dien Bien Ward"/>
  <tag k="name:id" v="Kelurahan Dien Bien"/>
  <tag k="name:vi" v="Phường Điện Biên"/>
  <tag k="name:zh" v="奠边坊"/>
  <tag k="source" v="GADM"/>
  <tag k="type" v="boundary"/>
  <tag k="wikidata" v="Q10840222"/>
 </relation>
 <relation id="12413584" visible="true" version="21" changeset="172206555" timestamp="2025-09-20T13:46:50Z" user="edumiz624" uid="20881381">
  <member type="way" ref="1413041717" role="outer"/>
  <member type="way" ref="1419890370" role="outer"/>
  <member type="way" ref="1419890372" role="outer"/>
  <member type="way" ref="1419890373" role="outer"/>
  <member type="way" ref="1419888047" role="outer"/>
  <member type="way" ref="1431504376" role="outer"/>
  <member type="way" ref="1001972030" role="outer"/>
  <member type="way" ref="914710375" role="outer"/>
  <member type="way" ref="914593408" role="outer"/>
  <member type="way" ref="914710364" role="outer"/>
  <member type="way" ref="914593411" role="outer"/>
  <member type="way" ref="914593410" role="outer"/>
  <member type="way" ref="914593406" role="outer"/>
  <member type="way" ref="914593407" role="outer"/>
  <member type="way" ref="1001943182" role="outer"/>
  <tag k="admin_level" v="8"/>
  <tag k="boundary" v="historic"/>
  <tag k="name" v="Phường Văn Miếu – Quốc Tử Giám"/>
  <tag k="type" v="boundary"/>
  <tag k="wikidata" v="Q10833399"/>
 </relation>
 <relation id="12726060" visible="true" version="76" changeset="179359192" timestamp="2026-03-04T16:58:16Z" user="Dung6517" uid="23068156">
  <member type="node" ref="4292651591" role="platform"/>
  <member type="node" ref="4292785590" role="platform"/>
  <member type="node" ref="738815828" role="platform"/>
  <member type="node" ref="8741294705" role="platform"/>
  <member type="node" ref="4476131489" role="platform"/>
  <member type="node" ref="738815421" role="platform"/>
  <member type="node" ref="8741294706" role="platform"/>
  <member type="node" ref="8741294707" role="platform"/>
  <member type="node" ref="8741294708" role="platform"/>
  <member type="node" ref="8741294709" role="platform"/>
  <member type="node" ref="8741294710" role="platform"/>
  <member type="node" ref="8741294711" role="platform"/>
  <member type="node" ref="8741294712" role="platform"/>
  <member type="node" ref="8741294713" role="platform"/>
  <member type="node" ref="8741294714" role="platform"/>
  <member type="node" ref="8741294715" role="platform"/>
  <member type="node" ref="8852120921" role="platform"/>
  <member type="node" ref="8852120922" role="platform"/>
  <member type="node" ref="8852120923" role="platform"/>
  <member type="node" ref="8852120924" role="platform"/>
  <member type="node" ref="11515748460" role="platform"/>
  <member type="node" ref="11515748461" role="platform"/>
  <member type="node" ref="11680376018" role="platform"/>
  <member type="node" ref="738814805" role="platform"/>
  <member type="node" ref="738815469" role="platform"/>
  <member type="node" ref="12167250982" role="platform"/>
  <member type="node" ref="12167250983" role="platform"/>
  <member type="node" ref="13042399011" role="platform"/>
  <member type="node" ref="7589589146" role="platform_entry_only"/>
  <member type="node" ref="738815334" role="platform"/>
  <member type="node" ref="7825858603" role="platform"/>
  <member type="node" ref="738814946" role="platform"/>
  <member type="node" ref="4539039489" role="platform"/>
  <member type="node" ref="7825858601" role=""/>
  <member type="way" ref="954856206" role=""/>
  <member type="way" ref="838509720" role=""/>
  <member type="way" ref="838526715" role=""/>
  <member type="way" ref="1105753219" role=""/>
  <member type="way" ref="838062938" role=""/>
  <member type="way" ref="11005894" role=""/>
  <member type="way" ref="711132577" role=""/>
  <member type="way" ref="686156629" role=""/>
  <member type="way" ref="813360486" role=""/>
  <member type="way" ref="1226365019" role=""/>
  <member type="way" ref="832454962" role=""/>
  <member type="way" ref="769787747" role=""/>
  <member type="way" ref="964674136" role=""/>
  <member type="way" ref="954856202" role=""/>
  <member type="way" ref="707060209" role=""/>
  <member type="way" ref="769798547" role=""/>
  <member type="way" ref="1223385256" role=""/>
  <member type="way" ref="399561785" role=""/>
  <member type="way" ref="864547867" role=""/>
  <member type="way" ref="838526717" role=""/>
  <member type="way" ref="838526718" role=""/>
  <member type="way" ref="707337132" role=""/>
  <member type="way" ref="684044681" role=""/>
  <member type="way" ref="951487948" role=""/>
  <member type="way" ref="707348511" role=""/>
  <member type="way" ref="1334956949" role=""/>
  <member type="way" ref="770552095" role=""/>
  <member type="way" ref="704134620" role=""/>
  <member type="way" ref="708896220" role=""/>
  <member type="way" ref="1305270969" role=""/>
  <member type="way" ref="708896218" role=""/>
  <member type="way" ref="1300392334" role=""/>
  <member type="way" ref="1107657693" role=""/>
  <member type="way" ref="376127898" role=""/>
  <member type="way" ref="1240408551" role=""/>
  <member type="way" ref="11711442" role=""/>
  <member type="way" ref="703403026" role=""/>
  <member type="way" ref="703403028" role=""/>
  <member type="way" ref="1305203175" role=""/>
  <member type="way" ref="697572031" role=""/>
  <member type="way" ref="617110597" role=""/>
  <member type="way" ref="693491243" role=""/>
  <member type="way" ref="1335904593" role=""/>
  <member type="way" ref="1225342668" role=""/>
  <member type="way" ref="703141277" role=""/>
  <member type="way" ref="1225342666" role=""/>
  <member type="way" ref="1225342667" role=""/>
  <member type="way" ref="703141278" role=""/>
  <member type="way" ref="196077638" role=""/>
  <member type="way" ref="37567095" role=""/>
  <member type="way" ref="163906332" role=""/>
  <member type="way" ref="864640268" role=""/>
  <member type="way" ref="864640267" role=""/>
  <member type="way" ref="711526151" role=""/>
  <member type="way" ref="711526155" role=""/>
  <member type="way" ref="711526154" role=""/>
  <member type="way" ref="399351646" role=""/>
  <member type="way" ref="1073767466" role=""/>
  <member type="way" ref="1073767464" role=""/>
  <member type="way" ref="1073767465" role=""/>
  <member type="way" ref="808984103" role=""/>
  <member type="way" ref="711355912" role=""/>
  <member type="way" ref="1226392034" role=""/>
  <member type="way" ref="1226392801" role=""/>
  <member type="way" ref="1173606571" role=""/>
  <member type="way" ref="1197003490" role=""/>
  <member type="way" ref="1197003500" role=""/>
  <member type="way" ref="1197003498" role=""/>
  <member type="way" ref="1355183494" role=""/>
  <member type="way" ref="343741883" role=""/>
  <member type="way" ref="207314366" role=""/>
  <member type="way" ref="704933930" role=""/>
  <member type="way" ref="1010846177" role=""/>
  <member type="way" ref="965992923" role=""/>
  <member type="way" ref="962177674" role=""/>
  <member type="way" ref="616545697" role=""/>
  <member type="way" ref="224441482" role=""/>
  <member type="way" ref="224441480" role=""/>
  <member type="way" ref="951487952" role=""/>
  <member type="way" ref="155925981" role=""/>
  <member type="way" ref="886446130" role=""/>
  <member type="way" ref="486370014" role=""/>
  <member type="way" ref="486370017" role=""/>
  <member type="way" ref="598756945" role=""/>
  <member type="way" ref="447623860" role=""/>
  <member type="way" ref="1448539082" role=""/>
  <member type="way" ref="702570330" role=""/>
  <member type="way" ref="1410881751" role=""/>
  <member type="way" ref="1448539081" role=""/>
  <member type="way" ref="703965597" role=""/>
  <member type="way" ref="1058963348" role=""/>
  <member type="way" ref="1410881752" role=""/>
  <member type="way" ref="1411066136" role=""/>
  <member type="way" ref="615692238" role=""/>
  <member type="way" ref="1448539084" role=""/>
  <member type="way" ref="1412957555" role=""/>
  <member type="way" ref="1448541699" role=""/>
  <member type="way" ref="1411067288" role=""/>
  <member type="way" ref="702571351" role=""/>
  <member type="way" ref="702815319" role=""/>
  <member type="way" ref="1448367798" role=""/>
  <member type="way" ref="1445492545" role=""/>
  <member type="way" ref="1411068938" role=""/>
  <member type="way" ref="1448545169" role=""/>
  <member type="way" ref="944122209" role=""/>
  <member type="way" ref="1448545170" role=""/>
  <member type="way" ref="1411069961" role=""/>
  <member type="way" ref="702815316" role=""/>
  <member type="way" ref="964879571" role=""/>
  <member type="way" ref="1448367788" role=""/>
  <member type="way" ref="1448367787" role=""/>
  <member type="way" ref="962177664" role=""/>
  <member type="way" ref="1448367791" role=""/>
  <member type="way" ref="1239581815" role=""/>
  <member type="way" ref="1257108768" role=""/>
  <member type="way" ref="1257108769" role=""/>
  <member type="way" ref="116786031" role=""/>
  <member type="way" ref="1239581817" role=""/>
  <member type="way" ref="972951544" role=""/>
  <member type="way" ref="1197871299" role=""/>
  <member type="way" ref="953158820" role=""/>
  <member type="way" ref="857573728" role=""/>
  <member type="way" ref="954149164" role=""/>
  <member type="way" ref="954183033" role=""/>
  <member type="way" ref="964350837" role=""/>
  <member type="way" ref="1239575054" role=""/>
  <member type="way" ref="1431883622" role=""/>
  <member type="way" ref="747748774" role=""/>
  <member type="way" ref="1244014561" role=""/>
  <member type="way" ref="1239581820" role=""/>
  <member type="way" ref="335032519" role=""/>
  <member type="way" ref="1485431246" role=""/>
  <member type="way" ref="1239575055" role=""/>
  <member type="node" ref="11551502890" role="platform_exit_only"/>
  <tag k="charge" v="10000 VND"/>
  <tag k="colour" v="#9cdd31"/>
  <tag k="fee" v="yes"/>
  <tag k="from" v="Bờ Hồ"/>
  <tag k="interval" v="00:15-00:20"/>
  <tag k="name" v="Trần Khánh Dư - Cầu Giấy - Đại học Mỏ"/>
  <tag k="name:en" v="Tran Khanh Du Bus Interchange - Cau Giay Bus Interchange - Hanoi University of Mining and Geology"/>
  <tag k="network" v="Hanoibus"/>
  <tag k="opening_hours" v="Mo-Su 05:00-21:30"/>
  <tag k="operator" v="Công ty Cổ phần Vận tải &amp; Dịch vụ Liên Ninh"/>
  <tag k="public_transport:version" v="2"/>
  <tag k="ref" v="09A"/>
  <tag k="route" v="bus"/>
  <tag k="to" v="Đại học Mỏ"/>
  <tag k="type" v="route"/>
 </relation>
 <relation id="12726061" visible="true" version="77" changeset="179359192" timestamp="2026-03-04T16:58:16Z" user="Dung6517" uid="23068156">
  <member type="node" ref="8741301517" role="platform"/>
  <member type="node" ref="8741301518" role="platform"/>
  <member type="node" ref="8741301519" role="platform"/>
  <member type="node" ref="8741301520" role="platform"/>
  <member type="node" ref="5118690545" role="platform"/>
  <member type="node" ref="738815241" role="platform"/>
  <member type="node" ref="738815799" role="platform"/>
  <member type="node" ref="738815835" role="platform"/>
  <member type="node" ref="8741301522" role="platform"/>
  <member type="node" ref="738813746" role="platform"/>
  <member type="node" ref="738814345" role="platform"/>
  <member type="node" ref="8741301523" role="platform"/>
  <member type="node" ref="8741301524" role="platform"/>
  <member type="node" ref="738814864" role="platform"/>
  <member type="node" ref="3887711843" role="platform"/>
  <member type="node" ref="738815169" role="platform"/>
  <member type="node" ref="11515782289" role="platform"/>
  <member type="node" ref="11515782288" role="platform"/>
  <member type="node" ref="8850985960" role="platform"/>
  <member type="node" ref="8850985959" role="platform"/>
  <member type="node" ref="8850985958" role="platform"/>
  <member type="node" ref="11515782290" role="platform"/>
  <member type="node" ref="5118690559" role="platform"/>
  <member type="node" ref="12167250979" role="platform"/>
  <member type="node" ref="12167250980" role="platform"/>
  <member type="node" ref="12167250981" role="platform"/>
  <member type="node" ref="738814524" role="platform"/>
  <member type="node" ref="5561070622" role="platform"/>
  <member type="node" ref="7825858601" role="platform_exit_only"/>
  <member type="way" ref="1239575055" role=""/>
  <member type="way" ref="1485431246" role=""/>
  <member type="way" ref="335032519" role=""/>
  <member type="way" ref="570490083" role=""/>
  <member type="way" ref="702906495" role=""/>
  <member type="way" ref="1485431247" role=""/>
  <member type="way" ref="1079946159" role=""/>
  <member type="way" ref="1192547846" role=""/>
  <member type="way" ref="896405292" role=""/>
  <member type="way" ref="1239581819" role=""/>
  <member type="way" ref="847073920" role=""/>
  <member type="way" ref="116786031" role=""/>
  <member type="way" ref="1257108769" role=""/>
  <member type="way" ref="1257108768" role=""/>
  <member type="way" ref="492297034" role=""/>
  <member type="way" ref="1445478405" role=""/>
  <member type="way" ref="330357143" role=""/>
  <member type="way" ref="702806754" role=""/>
  <member type="way" ref="1448367796" role=""/>
  <member type="way" ref="1445478410" role=""/>
  <member type="way" ref="1058951229" role=""/>
  <member type="way" ref="1445478413" role=""/>
  <member type="way" ref="1445478414" role=""/>
  <member type="way" ref="703961132" role=""/>
  <member type="way" ref="703961131" role=""/>
  <member type="way" ref="703965599" role=""/>
  <member type="way" ref="703976181" role=""/>
  <member type="way" ref="1411141087" role=""/>
  <member type="way" ref="615692217" role=""/>
  <member type="way" ref="486370016" role=""/>
  <member type="way" ref="703978561" role=""/>
  <member type="way" ref="964350828" role=""/>
  <member type="way" ref="492297083" role=""/>
  <member type="way" ref="964350838" role=""/>
  <member type="way" ref="400124203" role=""/>
  <member type="way" ref="965548422" role=""/>
  <member type="way" ref="1165593645" role=""/>
  <member type="way" ref="951487936" role=""/>
  <member type="way" ref="962177667" role=""/>
  <member type="way" ref="1010846167" role=""/>
  <member type="way" ref="616545698" role=""/>
  <member type="way" ref="1121703584" role=""/>
  <member type="way" ref="1121703583" role=""/>
  <member type="way" ref="954542127" role=""/>
  <member type="way" ref="35841479" role=""/>
  <member type="way" ref="1355183493" role=""/>
  <member type="way" ref="1197003501" role=""/>
  <member type="way" ref="1197003494" role=""/>
  <member type="way" ref="1197003488" role=""/>
  <member type="way" ref="1197003500" role=""/>
  <member type="way" ref="343741881" role=""/>
  <member type="way" ref="675914857" role=""/>
  <member type="way" ref="704479890" role=""/>
  <member type="way" ref="36850859" role=""/>
  <member type="way" ref="708558067" role=""/>
  <member type="way" ref="708558066" role=""/>
  <member type="way" ref="708558065" role=""/>
  <member type="way" ref="951487951" role=""/>
  <member type="way" ref="704479488" role=""/>
  <member type="way" ref="864640269" role=""/>
  <member type="way" ref="703129549" role=""/>
  <member type="way" ref="703129550" role=""/>
  <member type="way" ref="252400871" role=""/>
  <member type="way" ref="37567094" role=""/>
  <member type="way" ref="1262856757" role=""/>
  <member type="way" ref="397017618" role=""/>
  <member type="way" ref="1178280524" role=""/>
  <member type="way" ref="207700254" role=""/>
  <member type="way" ref="1302238526" role=""/>
  <member type="way" ref="36836110" role=""/>
  <member type="way" ref="1302238527" role=""/>
  <member type="way" ref="697572032" role=""/>
  <member type="way" ref="1305203175" role=""/>
  <member type="way" ref="703403028" role=""/>
  <member type="way" ref="703403026" role=""/>
  <member type="way" ref="11711442" role=""/>
  <member type="way" ref="1240408551" role=""/>
  <member type="way" ref="376127898" role=""/>
  <member type="way" ref="1107657693" role=""/>
  <member type="way" ref="1300392334" role=""/>
  <member type="way" ref="708896219" role=""/>
  <member type="way" ref="1305270969" role=""/>
  <member type="way" ref="708896220" role=""/>
  <member type="way" ref="704134620" role=""/>
  <member type="way" ref="704134621" role=""/>
  <member type="way" ref="788757975" role=""/>
  <member type="way" ref="1334956950" role=""/>
  <member type="way" ref="770552094" role=""/>
  <member type="way" ref="11005921" role=""/>
  <member type="way" ref="944122214" role=""/>
  <member type="way" ref="1053605852" role=""/>
  <member type="way" ref="769778613" role=""/>
  <member type="way" ref="1223464161" role=""/>
  <member type="way" ref="838526716" role=""/>
  <member type="way" ref="864547867" role=""/>
  <member type="way" ref="399561785" role=""/>
  <member type="way" ref="1223385256" role=""/>
  <member type="way" ref="769798547" role=""/>
  <member type="way" ref="707060209" role=""/>
  <member type="way" ref="1243387893" role=""/>
  <member type="way" ref="954856201" role=""/>
  <member type="way" ref="946030643" role=""/>
  <member type="way" ref="85608570" role=""/>
  <member type="way" ref="711128281" role=""/>
  <member type="way" ref="1360834899" role=""/>
  <member type="way" ref="704147261" role=""/>
  <member type="way" ref="711128282" role=""/>
  <member type="way" ref="954856205" role=""/>
  <member type="way" ref="954812792" role=""/>
  <member type="node" ref="11551502890" role="platform_exit_only"/>
  <tag k="charge" v="10000 VND"/>
  <tag k="colour" v="#9cdd31"/>
  <tag k="fee" v="yes"/>
  <tag k="from" v="Đại học Mỏ"/>
  <tag k="interval" v="00:15-00:20"/>
  <tag k="name" v="Đại học Mỏ - Cầu Giấy - Trần Khánh Dư"/>
  <tag k="name:en" v="Hanoi University of Mining and Geology - Cau Giay Bus Interchange - Tran Khanh Du Bus Interchange"/>
  <tag k="network" v="Hanoibus"/>
  <tag k="opening_hours" v="Mo-Th 05:00-21:00"/>
  <tag k="operator" v="Công ty Cổ phần Vận tải &amp; Dịch vụ Liên Ninh"/>
  <tag k="public_transport:version" v="2"/>
  <tag k="ref" v="09A"/>
  <tag k="route" v="bus"/>
  <tag k="to" v="Bờ Hồ"/>
  <tag k="type" v="route"/>
 </relation>
 <relation id="12726062" visible="true" version="4" changeset="172174974" timestamp="2025-09-19T17:30:01Z" user="edumiz624" uid="20881381">
  <member type="relation" ref="12726060" role=""/>
  <member type="relation" ref="12726061" role=""/>
  <tag k="name" v="Trần Khánh Dư ↔ Cầu Giấy ↔ Đại học Mỏ"/>
  <tag k="name:en" v="Tran Khanh Du Bus Interchange - Cau Giay Bus Interchange - Hanoi University of Mining and Geology"/>
  <tag k="network" v="Hanoibus"/>
  <tag k="operator" v="Công ty Cổ phần Vận tải &amp; Dịch vụ Liên Ninh"/>
  <tag k="ref" v="09A"/>
  <tag k="route_master" v="bus"/>
  <tag k="type" v="route_master"/>
 </relation>
 <relation id="12812221" visible="true" version="65" changeset="177122344" timestamp="2026-01-12T05:37:58Z" user="Hung Tran 9x0" uid="20910140">
  <member type="node" ref="8807115895" role="platform_entry_only"/>
  <member type="node" ref="8807115903" role="platform"/>
  <member type="node" ref="8807115905" role="platform"/>
  <member type="node" ref="8807115906" role="platform"/>
  <member type="node" ref="8807115907" role="platform"/>
  <member type="node" ref="8807115908" role="platform"/>
  <member type="node" ref="6742138880" role="platform"/>
  <member type="node" ref="8807115909" role="platform"/>
  <member type="node" ref="8807115910" role="platform"/>
  <member type="node" ref="8741301517" role="platform"/>
  <member type="node" ref="8741301518" role="platform"/>
  <member type="node" ref="8741301519" role="platform"/>
  <member type="node" ref="8741301520" role="platform"/>
  <member type="node" ref="5118690545" role="platform"/>
  <member type="node" ref="5118690559" role="platform"/>
  <member type="node" ref="738815421" role="platform"/>
  <member type="node" ref="8741294706" role="platform"/>
  <member type="node" ref="738814364" role="platform"/>
  <member type="node" ref="738813748" role="platform"/>
  <member type="node" ref="738815727" role="platform"/>
  <member type="node" ref="738815268" role="platform"/>
  <member type="node" ref="1008753034" role="platform"/>
  <member type="node" ref="738815565" role="platform"/>
  <member type="node" ref="7824856485" role="platform"/>
  <member type="node" ref="738813898" role="platform"/>
  <member type="node" ref="738815214" role="platform"/>
  <member type="node" ref="738814039" role="platform"/>
  <member type="node" ref="446044211" role="platform"/>
  <member type="node" ref="446044163" role="platform"/>
  <member type="node" ref="738814794" role="platform"/>
  <member type="node" ref="7056039276" role="platform"/>
  <member type="node" ref="4292785589" role="platform_exit_only"/>
  <member type="node" ref="8807115911" role="platform"/>
  <member type="node" ref="11553653863" role="platform"/>
  <member type="node" ref="11553653864" role="platform"/>
  <member type="node" ref="11527164033" role="platform"/>
  <member type="node" ref="6257442385" role="platform"/>
  <member type="node" ref="738815693" role="platform"/>
  <member type="node" ref="8807115904" role="platform"/>
  <member type="way" ref="267926261" role=""/>
  <member type="way" ref="953158827" role=""/>
  <member type="way" ref="598686004" role=""/>
  <member type="way" ref="598686006" role=""/>
  <member type="way" ref="136184188" role=""/>
  <member type="way" ref="951487931" role=""/>
  <member type="way" ref="1418050260" role=""/>
  <member type="way" ref="502809343" role=""/>
  <member type="way" ref="1418050261" role=""/>
  <member type="way" ref="1241275778" role=""/>
  <member type="way" ref="1241295992" role=""/>
  <member type="way" ref="1242757295" role=""/>
  <member type="way" ref="1178056057" role=""/>
  <member type="way" ref="954183032" role=""/>
  <member type="way" ref="951487932" role=""/>
  <member type="way" ref="954183016" role=""/>
  <member type="way" ref="327208854" role=""/>
  <member type="way" ref="515118399" role=""/>
  <member type="way" ref="515118400" role=""/>
  <member type="way" ref="501851911" role=""/>
  <member type="way" ref="501851910" role=""/>
  <member type="way" ref="1240455085" role=""/>
  <member type="way" ref="1240455076" role=""/>
  <member type="way" ref="397274989" role=""/>
  <member type="way" ref="506335722" role=""/>
  <member type="way" ref="704995430" role=""/>
  <member type="way" ref="704995429" role=""/>
  <member type="way" ref="251794092" role=""/>
  <member type="way" ref="1382445974" role=""/>
  <member type="way" ref="1448552961" role=""/>
  <member type="way" ref="704675414" role=""/>
  <member type="way" ref="1448552962" role=""/>
  <member type="way" ref="1411070643" role=""/>
  <member type="way" ref="1239010655" role=""/>
  <member type="way" ref="1448552963" role=""/>
  <member type="way" ref="1411071314" role=""/>
  <member type="way" ref="1445478400" role=""/>
  <member type="way" ref="704675412" role=""/>
  <member type="way" ref="704675411" role=""/>
  <member type="way" ref="1411071316" role=""/>
  <member type="way" ref="1448555133" role=""/>
  <member type="way" ref="702806760" role=""/>
  <member type="way" ref="1411072209" role=""/>
  <member type="way" ref="702806759" role=""/>
  <member type="way" ref="980632900" role=""/>
  <member type="way" ref="1448367792" role=""/>
  <member type="way" ref="1448367794" role=""/>
  <member type="way" ref="1445478405" role=""/>
  <member type="way" ref="330357143" role=""/>
  <member type="way" ref="702806754" role=""/>
  <member type="way" ref="1448367796" role=""/>
  <member type="way" ref="1445478410" role=""/>
  <member type="way" ref="1058951229" role=""/>
  <member type="way" ref="1445478413" role=""/>
  <member type="way" ref="1445478414" role=""/>
  <member type="way" ref="703961132" role=""/>
  <member type="way" ref="703961131" role=""/>
  <member type="way" ref="703965599" role=""/>
  <member type="way" ref="703976181" role=""/>
  <member type="way" ref="1411141087" role=""/>
  <member type="way" ref="615692217" role=""/>
  <member type="way" ref="486370016" role=""/>
  <member type="way" ref="703978561" role=""/>
  <member type="way" ref="964350828" role=""/>
  <member type="way" ref="492297083" role=""/>
  <member type="way" ref="964350838" role=""/>
  <member type="way" ref="400124203" role=""/>
  <member type="way" ref="965548422" role=""/>
  <member type="way" ref="1165593645" role=""/>
  <member type="way" ref="600148658" role=""/>
  <member type="way" ref="59150929" role=""/>
  <member type="way" ref="59150928" role=""/>
  <member type="way" ref="228474145" role=""/>
  <member type="way" ref="37567095" role=""/>
  <member type="way" ref="163906332" role=""/>
  <member type="way" ref="252400872" role=""/>
  <member type="way" ref="966693588" role=""/>
  <member type="way" ref="708558062" role=""/>
  <member type="way" ref="1216675684" role=""/>
  <member type="way" ref="817461258" role=""/>
  <member type="way" ref="708565765" role=""/>
  <member type="way" ref="967878668" role=""/>
  <member type="way" ref="967878669" role=""/>
  <member type="way" ref="704479490" role=""/>
  <member type="way" ref="1240355962" role=""/>
  <member type="way" ref="1177187695" role=""/>
  <member type="way" ref="707305432" role=""/>
  <member type="way" ref="704479486" role=""/>
  <member type="way" ref="1466373283" role=""/>
  <member type="way" ref="706798106" role=""/>
  <member type="way" ref="946030653" role=""/>
  <member type="way" ref="946030654" role=""/>
  <member type="way" ref="962177668" role=""/>
  <member type="way" ref="408761980" role=""/>
  <member type="way" ref="711776732" role=""/>
  <member type="way" ref="708514872" role=""/>
  <member type="way" ref="708514873" role=""/>
  <member type="way" ref="962493749" role=""/>
  <member type="way" ref="708514874" role=""/>
  <member type="way" ref="601522489" role=""/>
  <member type="way" ref="710176322" role=""/>
  <member type="way" ref="710176323" role=""/>
  <member type="way" ref="1240455070" role=""/>
  <member type="way" ref="943964891" role=""/>
  <member type="way" ref="965041065" role=""/>
  <member type="way" ref="769798550" role=""/>
  <member type="way" ref="1239615467" role=""/>
  <member type="way" ref="951487940" role=""/>
  <member type="way" ref="408818507" role=""/>
  <member type="way" ref="961661880" role=""/>
  <member type="way" ref="971422903" role=""/>
  <member type="way" ref="408484144" role=""/>
  <member type="way" ref="599618293" role=""/>
  <member type="way" ref="951487942" role=""/>
  <member type="way" ref="35972484" role=""/>
  <member type="way" ref="397989528" role=""/>
  <member type="way" ref="918225680" role=""/>
  <member type="way" ref="709685351" role=""/>
  <member type="way" ref="25211489" role=""/>
  <member type="way" ref="1376648991" role=""/>
  <member type="way" ref="1376648992" role=""/>
  <member type="way" ref="946030642" role=""/>
  <member type="way" ref="11007201" role=""/>
  <member type="way" ref="946030637" role=""/>
  <member type="way" ref="951487945" role=""/>
  <member type="way" ref="136557866" role=""/>
  <member type="way" ref="1312397563" role=""/>
  <member type="way" ref="705574248" role=""/>
  <member type="way" ref="1318958366" role=""/>
  <member type="way" ref="705548647" role=""/>
  <member type="way" ref="954362661" role=""/>
  <member type="way" ref="705545549" role=""/>
  <member type="way" ref="597668114" role=""/>
  <member type="way" ref="597668111" role=""/>
  <member type="way" ref="705548642" role=""/>
  <member type="way" ref="597668119" role=""/>
  <member type="way" ref="1240455073" role=""/>
  <member type="way" ref="589521900" role=""/>
  <member type="way" ref="761177384" role=""/>
  <member type="way" ref="711063460" role=""/>
  <member type="way" ref="505717903" role=""/>
  <tag k="charge" v="12000 VND"/>
  <tag k="colour" v="#11a471"/>
  <tag k="fee" v="yes"/>
  <tag k="from" v="Bệnh viện Bệnh nhiệt đới Trung ương cơ sở 2"/>
  <tag k="interval" v="00:15-00:20"/>
  <tag k="name" v="Bệnh viện Bệnh nhiệt đới Trung ương cơ sở 2 - Khu đô thị Times City"/>
  <tag k="name:en" v="National Hospital for Tropical Diseases II - Times City Urban Area"/>
  <tag k="network" v="Hanoibus"/>
  <tag k="opening_hours" v="Mo-Su 05:00-19:30"/>
  <tag k="operator" v="Công ty Bảo Yến"/>
  <tag k="public_transport:version" v="2"/>
  <tag k="ref" v="159"/>
  <tag k="route" v="bus"/>
  <tag k="to" v="Khu đô thị Times City"/>
  <tag k="type" v="route"/>
 </relation>
 <relation id="12812222" visible="true" version="78" changeset="177122344" timestamp="2026-01-12T05:37:58Z" user="Hung Tran 9x0" uid="20910140">
  <member type="node" ref="4292785589" role="platform_entry_only"/>
  <member type="node" ref="7056039272" role="platform"/>
  <member type="node" ref="8807115914" role="platform"/>
  <member type="node" ref="8741080082" role="platform"/>
  <member type="node" ref="738813235" role="platform"/>
  <member type="node" ref="738814309" role="platform"/>
  <member type="node" ref="738815117" role="platform"/>
  <member type="node" ref="738813833" role="platform"/>
  <member type="node" ref="8807115915" role="platform"/>
  <member type="node" ref="738815889" role="platform"/>
  <member type="node" ref="5061383221" role="platform"/>
  <member type="node" ref="738815124" role="platform"/>
  <member type="node" ref="6206929385" role="platform"/>
  <member type="node" ref="738815469" role="platform"/>
  <member type="node" ref="738815823" role="platform"/>
  <member type="node" ref="12078321346" role="platform"/>
  <member type="node" ref="5068125721" role="platform"/>
  <member type="node" ref="8807115916" role="platform"/>
  <member type="node" ref="8900275038" role="platform"/>
  <member type="node" ref="8741301522" role="platform"/>
  <member type="node" ref="738813746" role="platform"/>
  <member type="node" ref="11553653865" role="platform"/>
  <member type="node" ref="11553653866" role="platform"/>
  <member type="node" ref="8741294710" role="platform"/>
  <member type="node" ref="8741294711" role="platform"/>
  <member type="node" ref="8741294712" role="platform"/>
  <member type="node" ref="8741294713" role="platform"/>
  <member type="node" ref="8741294714" role="platform"/>
  <member type="node" ref="8741294715" role="platform"/>
  <member type="node" ref="8807115917" role="platform"/>
  <member type="node" ref="8807115918" role="platform"/>
  <member type="node" ref="8807115919" role="platform"/>
  <member type="node" ref="8807115920" role="platform"/>
  <member type="node" ref="8807115921" role="platform"/>
  <member type="node" ref="8807115922" role="platform"/>
  <member type="node" ref="8807115923" role="platform"/>
  <member type="node" ref="8807115924" role="platform"/>
  <member type="node" ref="8807115925" role="platform"/>
  <member type="node" ref="8807115926" role="platform"/>
  <member type="node" ref="8807115895" role="platform_exit_only"/>
  <member type="way" ref="505717903" role=""/>
  <member type="way" ref="711063460" role=""/>
  <member type="way" ref="685980639" role=""/>
  <member type="way" ref="951487943" role=""/>
  <member type="way" ref="589521899" role=""/>
  <member type="way" ref="505717911" role=""/>
  <member type="way" ref="1216161914" role=""/>
  <member type="way" ref="1105753213" role=""/>
  <member type="way" ref="702795321" role=""/>
  <member type="way" ref="710374972" role=""/>
  <member type="way" ref="1228207856" role=""/>
  <member type="way" ref="1105753216" role=""/>
  <member type="way" ref="1105712687" role=""/>
  <member type="way" ref="1042519576" role=""/>
  <member type="way" ref="954542125" role=""/>
  <member type="way" ref="291885690" role=""/>
  <member type="way" ref="951487944" role=""/>
  <member type="way" ref="28920237" role=""/>
  <member type="way" ref="1240455072" role=""/>
  <member type="way" ref="944100709" role=""/>
  <member type="way" ref="848915405" role=""/>
  <member type="way" ref="1054693400" role=""/>
  <member type="way" ref="1204903472" role=""/>
  <member type="way" ref="303989998" role=""/>
  <member type="way" ref="28366577" role=""/>
  <member type="way" ref="597148560" role=""/>
  <member type="way" ref="597148559" role=""/>
  <member type="way" ref="1312397563" role=""/>
  <member type="way" ref="136557866" role=""/>
  <member type="way" ref="702924870" role=""/>
  <member type="way" ref="11007201" role=""/>
  <member type="way" ref="946030641" role=""/>
  <member type="way" ref="464097836" role=""/>
  <member type="way" ref="711028667" role=""/>
  <member type="way" ref="875229045" role=""/>
  <member type="way" ref="951487946" role=""/>
  <member type="way" ref="858616456" role=""/>
  <member type="way" ref="1240127124" role=""/>
  <member type="way" ref="1311925556" role=""/>
  <member type="way" ref="28103274" role=""/>
  <member type="way" ref="711134472" role=""/>
  <member type="way" ref="838419177" role=""/>
  <member type="way" ref="1217544977" role=""/>
  <member type="way" ref="1225696487" role=""/>
  <member type="way" ref="961685431" role=""/>
  <member type="way" ref="708997710" role=""/>
  <member type="way" ref="708997707" role=""/>
  <member type="way" ref="951487941" role=""/>
  <member type="way" ref="408783962" role=""/>
  <member type="way" ref="769798550" role=""/>
  <member type="way" ref="965041065" role=""/>
  <member type="way" ref="601595921" role=""/>
  <member type="way" ref="684044679" role=""/>
  <member type="way" ref="1053605852" role=""/>
  <member type="way" ref="707348510" role=""/>
  <member type="way" ref="1334956949" role=""/>
  <member type="way" ref="770552095" role=""/>
  <member type="way" ref="704134620" role=""/>
  <member type="way" ref="708896220" role=""/>
  <member type="way" ref="28945358" role=""/>
  <member type="way" ref="1277728731" role=""/>
  <member type="way" ref="962493731" role=""/>
  <member type="way" ref="954812793" role=""/>
  <member type="way" ref="37458956" role=""/>
  <member type="way" ref="703425765" role=""/>
  <member type="way" ref="1213535774" role=""/>
  <member type="way" ref="601885679" role=""/>
  <member type="way" ref="1213535597" role=""/>
  <member type="way" ref="1396737512" role=""/>
  <member type="way" ref="1368026127" role=""/>
  <member type="way" ref="599088007" role=""/>
  <member type="way" ref="946030652" role=""/>
  <member type="way" ref="1466373284" role=""/>
  <member type="way" ref="1466373285" role=""/>
  <member type="way" ref="703182856" role=""/>
  <member type="way" ref="706476836" role=""/>
  <member type="way" ref="706476835" role=""/>
  <member type="way" ref="706476833" role=""/>
  <member type="way" ref="1240355963" role=""/>
  <member type="way" ref="1111992697" role=""/>
  <member type="way" ref="706486128" role=""/>
  <member type="way" ref="967878670" role=""/>
  <member type="way" ref="805181679" role=""/>
  <member type="way" ref="884156406" role=""/>
  <member type="way" ref="37927459" role=""/>
  <member type="way" ref="601991606" role=""/>
  <member type="way" ref="704479488" role=""/>
  <member type="way" ref="864640269" role=""/>
  <member type="way" ref="703129549" role=""/>
  <member type="way" ref="703129550" role=""/>
  <member type="way" ref="252400871" role=""/>
  <member type="way" ref="196077638" role=""/>
  <member type="way" ref="228474145" role=""/>
  <member type="way" ref="59150928" role=""/>
  <member type="way" ref="59150927" role=""/>
  <member type="way" ref="224441480" role=""/>
  <member type="way" ref="951487952" role=""/>
  <member type="way" ref="155925981" role=""/>
  <member type="way" ref="886446130" role=""/>
  <member type="way" ref="486370014" role=""/>
  <member type="way" ref="486370017" role=""/>
  <member type="way" ref="598756945" role=""/>
  <member type="way" ref="447623860" role=""/>
  <member type="way" ref="1448539082" role=""/>
  <member type="way" ref="702570330" role=""/>
  <member type="way" ref="1410881751" role=""/>
  <member type="way" ref="1448539081" role=""/>
  <member type="way" ref="703965597" role=""/>
  <member type="way" ref="1058963348" role=""/>
  <member type="way" ref="1410881752" role=""/>
  <member type="way" ref="1411066136" role=""/>
  <member type="way" ref="615692238" role=""/>
  <member type="way" ref="1448539084" role=""/>
  <member type="way" ref="1412957555" role=""/>
  <member type="way" ref="1448541699" role=""/>
  <member type="way" ref="1411067288" role=""/>
  <member type="way" ref="702571351" role=""/>
  <member type="way" ref="702815319" role=""/>
  <member type="way" ref="1448367798" role=""/>
  <member type="way" ref="1445492545" role=""/>
  <member type="way" ref="1411068938" role=""/>
  <member type="way" ref="1448545169" role=""/>
  <member type="way" ref="944122209" role=""/>
  <member type="way" ref="1448545170" role=""/>
  <member type="way" ref="1411069961" role=""/>
  <member type="way" ref="702815316" role=""/>
  <member type="way" ref="964879571" role=""/>
  <member type="way" ref="1448367788" role=""/>
  <member type="way" ref="1445492552" role=""/>
  <member type="way" ref="1448367790" role=""/>
  <member type="way" ref="1448367790" role=""/>
  <member type="way" ref="333827554" role=""/>
  <member type="way" ref="1426152844" role=""/>
  <member type="way" ref="1445492557" role=""/>
  <member type="way" ref="1445492556" role=""/>
  <member type="way" ref="1412958335" role=""/>
  <member type="way" ref="1284795889" role=""/>
  <member type="way" ref="1120365421" role=""/>
  <member type="way" ref="1361116651" role=""/>
  <member type="way" ref="251794091" role=""/>
  <member type="way" ref="704984017" role=""/>
  <member type="way" ref="704984016" role=""/>
  <member type="way" ref="704984015" role=""/>
  <member type="way" ref="506335711" role=""/>
  <member type="way" ref="1008813937" role=""/>
  <member type="way" ref="895143471" role=""/>
  <member type="way" ref="397582166" role=""/>
  <member type="way" ref="747949620" role=""/>
  <member type="way" ref="1107403993" role=""/>
  <member type="way" ref="704999943" role=""/>
  <member type="way" ref="1180364645" role=""/>
  <member type="way" ref="1241911688" role=""/>
  <member type="way" ref="1240455084" role=""/>
  <member type="way" ref="501851908" role=""/>
  <member type="way" ref="515118401" role=""/>
  <member type="way" ref="498131064" role=""/>
  <member type="way" ref="515118402" role=""/>
  <member type="way" ref="954183017" role=""/>
  <member type="way" ref="136184172" role=""/>
  <member type="way" ref="954183031" role=""/>
  <member type="way" ref="965643851" role=""/>
  <member type="way" ref="951487927" role=""/>
  <member type="way" ref="1418050264" role=""/>
  <member type="way" ref="1242757294" role=""/>
  <member type="way" ref="1418050263" role=""/>
  <member type="way" ref="1178056056" role=""/>
  <member type="way" ref="264719148" role=""/>
  <member type="way" ref="267926261" role=""/>
  <member type="way" ref="953158827" role=""/>
  <member type="way" ref="1412958871" role=""/>
  <tag k="charge" v="12000 VND"/>
  <tag k="colour" v="#11a471"/>
  <tag k="fee" v="yes"/>
  <tag k="from" v="Khu đô thị Times City"/>
  <tag k="interval" v="00:15-00:20"/>
  <tag k="name" v="Khu đô thị Times City - Bệnh viện Bệnh nhiệt đới Trung ương cơ sở 2"/>
  <tag k="name:en" v="Times City Urban Area - National Hospital for Tropical Diseases II"/>
  <tag k="network" v="Hanoibus"/>
  <tag k="opening_hours" v="Mo-Su 05:00-21:00"/>
  <tag k="operator" v="Công ty Bảo Yến"/>
  <tag k="public_transport:version" v="2"/>
  <tag k="ref" v="159"/>
  <tag k="route" v="bus"/>
  <tag k="to" v="Bệnh viện Bệnh nhiệt đới Trung ương cơ sở 2"/>
  <tag k="type" v="route"/>
 </relation>
 <relation id="12812223" visible="true" version="3" changeset="148381528" timestamp="2024-03-08T12:14:50Z" user="edumiz624" uid="20881381">
  <member type="relation" ref="12812221" role=""/>
  <member type="relation" ref="12812222" role=""/>
  <tag k="interval" v="00:15"/>
  <tag k="name" v="Bệnh viện Bệnh nhiệt đới Trung ương cơ sở 2 ↔ Khu đô thị Times City"/>
  <tag k="name:en" v="National Hospital for Tropical Diseases II - Times City Urban Area"/>
  <tag k="network" v="Hanoibus"/>
  <tag k="operator" v="Công ty Bảo Yến"/>
  <tag k="ref" v="159"/>
  <tag k="route_master" v="bus"/>
  <tag k="type" v="route_master"/>
 </relation>
 <relation id="12846900" visible="true" version="85" changeset="179967402" timestamp="2026-03-16T19:06:44Z" user="ZioDragon" uid="13799024">
  <member type="node" ref="10069898861" role="platform_entry_only"/>
  <member type="node" ref="481837228" role="platform"/>
  <member type="node" ref="8209169367" role="platform"/>
  <member type="node" ref="5321696621" role="platform"/>
  <member type="node" ref="8831817107" role="platform"/>
  <member type="node" ref="738814465" role="platform"/>
  <member type="node" ref="8739945246" role="platform"/>
  <member type="node" ref="738815423" role="platform"/>
  <member type="node" ref="738813348" role="platform"/>
  <member type="node" ref="5061374324" role="platform"/>
  <member type="node" ref="738813601" role="platform"/>
  <member type="node" ref="738815717" role="platform"/>
  <member type="node" ref="444394752" role="platform"/>
  <member type="node" ref="738813733" role="platform"/>
  <member type="node" ref="444395014" role="platform"/>
  <member type="node" ref="444394999" role="platform"/>
  <member type="node" ref="444394994" role="platform"/>
  <member type="node" ref="444394979" role="platform"/>
  <member type="node" ref="8770675677" role="platform"/>
  <member type="node" ref="444394956" role="platform"/>
  <member type="node" ref="444394950" role="platform"/>
  <member type="node" ref="8770675678" role="platform"/>
  <member type="node" ref="8770675679" role="platform"/>
  <member type="node" ref="8770675680" role="platform"/>
  <member type="node" ref="8770675681" role="platform"/>
  <member type="node" ref="8770675682" role="platform"/>
  <member type="node" ref="8770675683" role="platform"/>
  <member type="node" ref="8770675684" role="platform"/>
  <member type="node" ref="8770675685" role="platform"/>
  <member type="node" ref="8770739141" role="platform"/>
  <member type="node" ref="8939177163" role="platform"/>
  <member type="node" ref="8770739142" role="platform"/>
  <member type="node" ref="8770739143" role="platform"/>
  <member type="node" ref="10028987068" role="platform_exit_only"/>
  <member type="way" ref="220694554" role=""/>
  <member type="way" ref="863663896" role=""/>
  <member type="way" ref="1239628945" role=""/>
  <member type="way" ref="948197333" role=""/>
  <member type="way" ref="769777579" role=""/>
  <member type="way" ref="769777578" role=""/>
  <member type="way" ref="943964886" role=""/>
  <member type="way" ref="627918373" role=""/>
  <member type="way" ref="706806966" role=""/>
  <member type="way" ref="627918374" role=""/>
  <member type="way" ref="847087478" role=""/>
  <member type="way" ref="1466377910" role=""/>
  <member type="way" ref="847087479" role=""/>
  <member type="way" ref="703219919" role=""/>
  <member type="way" ref="1361103008" role=""/>
  <member type="way" ref="702919019" role=""/>
  <member type="way" ref="221152166" role=""/>
  <member type="way" ref="703206412" role=""/>
  <member type="way" ref="618377254" role=""/>
  <member type="way" ref="10231118" role=""/>
  <member type="way" ref="965574227" role=""/>
  <member type="way" ref="769777582" role=""/>
  <member type="way" ref="702469513" role=""/>
  <member type="way" ref="37555727" role=""/>
  <member type="way" ref="943964874" role=""/>
  <member type="way" ref="1409256072" role=""/>
  <member type="way" ref="701339683" role=""/>
  <member type="way" ref="705250832" role=""/>
  <member type="way" ref="701886585" role=""/>
  <member type="way" ref="701339681" role=""/>
  <member type="way" ref="1239581823" role=""/>
  <member type="way" ref="701365202" role=""/>
  <member type="way" ref="944100710" role=""/>
  <member type="way" ref="701371239" role=""/>
  <member type="way" ref="946030644" role=""/>
  <member type="way" ref="597565388" role=""/>
  <member type="way" ref="769777576" role=""/>
  <member type="way" ref="220303927" role=""/>
  <member type="way" ref="769777575" role=""/>
  <member type="way" ref="1217929464" role=""/>
  <member type="way" ref="1217929839" role=""/>
  <member type="way" ref="37449529" role=""/>
  <member type="way" ref="28102768" role=""/>
  <member type="way" ref="598685446" role=""/>
  <member type="way" ref="946030646" role=""/>
  <member type="way" ref="399818717" role=""/>
  <member type="way" ref="1040753541" role=""/>
  <member type="way" ref="11553158" role=""/>
  <member type="way" ref="597600371" role=""/>
  <member type="way" ref="709730668" role=""/>
  <member type="way" ref="709730667" role=""/>
  <member type="way" ref="709730664" role=""/>
  <member type="way" ref="709730663" role=""/>
  <member type="way" ref="709734616" role=""/>
  <member type="way" ref="709734615" role=""/>
  <member type="way" ref="219867178" role=""/>
  <member type="way" ref="1240127121" role=""/>
  <member type="way" ref="707927178" role=""/>
  <member type="way" ref="1305278385" role=""/>
  <member type="way" ref="708514874" role=""/>
  <member type="way" ref="601522489" role=""/>
  <member type="way" ref="1419634785" role=""/>
  <member type="way" ref="710176322" role=""/>
  <member type="way" ref="710176323" role=""/>
  <member type="way" ref="628714049" role=""/>
  <member type="way" ref="965041060" role=""/>
  <member type="way" ref="769798552" role=""/>
  <member type="way" ref="710176320" role=""/>
  <member type="way" ref="1180597074" role=""/>
  <member type="way" ref="1180597075" role=""/>
  <member type="way" ref="1236513513" role=""/>
  <member type="way" ref="1180597073" role=""/>
  <member type="way" ref="600037928" role=""/>
  <member type="way" ref="711106357" role=""/>
  <member type="way" ref="711101763" role=""/>
  <member type="way" ref="954341842" role=""/>
  <member type="way" ref="711101761" role=""/>
  <member type="way" ref="882269315" role=""/>
  <member type="way" ref="1266448183" role=""/>
  <member type="way" ref="711492060" role=""/>
  <member type="way" ref="1204846893" role=""/>
  <member type="way" ref="1266014434" role=""/>
  <member type="way" ref="711083507" role=""/>
  <member type="way" ref="219977702" role=""/>
  <member type="way" ref="838425497" role=""/>
  <member type="way" ref="711404113" role=""/>
  <member type="way" ref="711404114" role=""/>
  <member type="way" ref="875229040" role=""/>
  <member type="way" ref="711404121" role=""/>
  <member type="way" ref="711404120" role=""/>
  <member type="way" ref="219977622" role=""/>
  <member type="way" ref="1012665674" role=""/>
  <member type="way" ref="875229039" role=""/>
  <member type="way" ref="875229038" role=""/>
  <member type="way" ref="1331204980" role=""/>
  <member type="way" ref="1240182988" role=""/>
  <member type="way" ref="946030631" role=""/>
  <member type="way" ref="1257110006" role=""/>
  <member type="way" ref="709356407" role=""/>
  <member type="way" ref="136161379" role=""/>
  <member type="way" ref="616838545" role=""/>
  <member type="way" ref="616838547" role=""/>
  <member type="way" ref="954882991" role=""/>
  <member type="way" ref="1123561349" role=""/>
  <member type="way" ref="711367572" role=""/>
  <member type="way" ref="1123561350" role=""/>
  <member type="way" ref="711367571" role=""/>
  <member type="way" ref="711367568" role=""/>
  <member type="way" ref="945783757" role=""/>
  <member type="way" ref="955201202" role=""/>
  <member type="way" ref="106053500" role=""/>
  <member type="way" ref="948123043" role=""/>
  <member type="way" ref="1241122649" role=""/>
  <member type="way" ref="1182476806" role=""/>
  <member type="way" ref="711431923" role=""/>
  <member type="way" ref="929495373" role=""/>
  <member type="way" ref="814585068" role=""/>
  <member type="way" ref="709301564" role=""/>
  <member type="way" ref="945783773" role=""/>
  <member type="way" ref="702880302" role=""/>
  <member type="way" ref="399820831" role=""/>
  <member type="way" ref="711700503" role=""/>
  <member type="way" ref="457757021" role=""/>
  <member type="way" ref="1290144946" role=""/>
  <member type="way" ref="1466411476" role=""/>
  <member type="way" ref="239370942" role=""/>
  <member type="way" ref="974572935" role=""/>
  <member type="way" ref="1242183437" role=""/>
  <member type="way" ref="693652773" role=""/>
  <member type="way" ref="1305064571" role=""/>
  <member type="way" ref="1109636292" role=""/>
  <member type="way" ref="1335957666" role=""/>
  <member type="way" ref="1326204766" role=""/>
  <member type="way" ref="220005738" role=""/>
  <member type="way" ref="616826560" role=""/>
  <member type="way" ref="344413424" role=""/>
  <member type="way" ref="972911787" role=""/>
  <member type="way" ref="1266442397" role=""/>
  <member type="way" ref="1343935603" role=""/>
  <member type="way" ref="344413423" role=""/>
  <member type="way" ref="965548423" role=""/>
  <member type="way" ref="974551794" role=""/>
  <member type="way" ref="1204837531" role=""/>
  <member type="way" ref="885892457" role=""/>
  <member type="way" ref="1242168118" role=""/>
  <member type="way" ref="973215956" role=""/>
  <member type="way" ref="599507486" role=""/>
  <member type="way" ref="599507487" role=""/>
  <member type="way" ref="599998773" role=""/>
  <member type="way" ref="595927172" role=""/>
  <member type="way" ref="954341844" role=""/>
  <member type="way" ref="954341843" role=""/>
  <member type="node" ref="738813795" role="platform"/>
  <member type="node" ref="8920049617" role="platform"/>
  <member type="node" ref="738815690" role="platform"/>
  <member type="node" ref="8903312052" role="platform"/>
  <member type="node" ref="738815268" role="platform"/>
  <tag k="charge" v="10000 VND"/>
  <tag k="colour" v="#27baff"/>
  <tag k="from" v="Bến xe Gia Lâm"/>
  <tag k="interval" v="00:11-00:20"/>
  <tag k="name" v="Bến xe Gia Lâm - Bến xe Yên Nghĩa"/>
  <tag k="name:en" v="Gia Lam Bus Station - Yen Nghia Bus Station"/>
  <tag k="network" v="Hanoibus"/>
  <tag k="opening_hours" v="Mo-Su 05:00-21:00"/>
  <tag k="operator" v="Xí Nghiệp Xe Buýt Hà Nội"/>
  <tag k="public_transport:version" v="2"/>
  <tag k="ref" v="01"/>
  <tag k="route" v="bus"/>
  <tag k="to" v="Bến xe Yên Nghĩa"/>
  <tag k="type" v="route"/>
 </relation>
 <relation id="12851814" visible="true" version="81" changeset="179967402" timestamp="2026-03-16T19:06:44Z" user="ZioDragon" uid="13799024">
  <member type="node" ref="10028987068" role="platform_entry_only"/>
  <member type="node" ref="8770739144" role="platform"/>
  <member type="node" ref="8770739145" role="platform"/>
  <member type="node" ref="8770739146" role="platform"/>
  <member type="node" ref="8770739147" role="platform"/>
  <member type="node" ref="8770739148" role="platform"/>
  <member type="node" ref="8770739149" role="platform"/>
  <member type="node" ref="8770739150" role="platform"/>
  <member type="node" ref="8770739151" role="platform"/>
  <member type="node" ref="8770739152" role="platform"/>
  <member type="node" ref="8770739153" role="platform"/>
  <member type="node" ref="8846358794" role="platform"/>
  <member type="node" ref="8770739154" role="platform"/>
  <member type="node" ref="444394880" role="platform"/>
  <member type="node" ref="8770739155" role="platform"/>
  <member type="node" ref="8939177164" role="platform"/>
  <member type="node" ref="8770739156" role="platform"/>
  <member type="node" ref="738814455" role="platform"/>
  <member type="node" ref="444394809" role="platform"/>
  <member type="node" ref="444394790" role="platform"/>
  <member type="node" ref="738814410" role="platform"/>
  <member type="node" ref="8939177165" role="platform"/>
  <member type="node" ref="10028987061" role="platform"/>
  <member type="node" ref="7629327424" role="platform"/>
  <member type="node" ref="7824915645" role="platform"/>
  <member type="node" ref="738815809" role="platform"/>
  <member type="node" ref="738813665" role="platform"/>
  <member type="node" ref="738813877" role="platform"/>
  <member type="node" ref="738815776" role="platform"/>
  <member type="node" ref="738813955" role="platform"/>
  <member type="node" ref="738813402" role="platform"/>
  <member type="node" ref="8209169360" role="platform"/>
  <member type="node" ref="8209169361" role="platform"/>
  <member type="node" ref="10069898861" role="platform_exit_only"/>
  <member type="node" ref="12887824214" role="platform"/>
  <member type="way" ref="885892447" role=""/>
  <member type="way" ref="954705799" role=""/>
  <member type="way" ref="885892458" role=""/>
  <member type="way" ref="599998773" role=""/>
  <member type="way" ref="599507487" role=""/>
  <member type="way" ref="599507486" role=""/>
  <member type="way" ref="1421317097" role=""/>
  <member type="way" ref="885892449" role=""/>
  <member type="way" ref="1204837532" role=""/>
  <member type="way" ref="973485814" role=""/>
  <member type="way" ref="1327438661" role=""/>
  <member type="way" ref="208657329" role=""/>
  <member type="way" ref="973485815" role=""/>
  <member type="way" ref="965408116" role=""/>
  <member type="way" ref="940397011" role=""/>
  <member type="way" ref="1266442395" role=""/>
  <member type="way" ref="1266442398" role=""/>
  <member type="way" ref="940397010" role=""/>
  <member type="way" ref="955882982" role=""/>
  <member type="way" ref="344413426" role=""/>
  <member type="way" ref="220005742" role=""/>
  <member type="way" ref="616826561" role=""/>
  <member type="way" ref="955842629" role=""/>
  <member type="way" ref="1151248817" role=""/>
  <member type="way" ref="1307455571" role=""/>
  <member type="way" ref="1307455573" role=""/>
  <member type="way" ref="38020420" role=""/>
  <member type="way" ref="1318958371" role=""/>
  <member type="way" ref="1305064572" role=""/>
  <member type="way" ref="708941780" role=""/>
  <member type="way" ref="1109636291" role=""/>
  <member type="way" ref="1242183436" role=""/>
  <member type="way" ref="1109636297" role=""/>
  <member type="way" ref="710270798" role=""/>
  <member type="way" ref="710270797" role=""/>
  <member type="way" ref="1466411477" role=""/>
  <member type="way" ref="239370934" role=""/>
  <member type="way" ref="710332807" role=""/>
  <member type="way" ref="955882983" role=""/>
  <member type="way" ref="1198858980" role=""/>
  <member type="way" ref="709354466" role=""/>
  <member type="way" ref="945783774" role=""/>
  <member type="way" ref="961861931" role=""/>
  <member type="way" ref="702891549" role=""/>
  <member type="way" ref="702891548" role=""/>
  <member type="way" ref="264434802" role=""/>
  <member type="way" ref="948123045" role=""/>
  <member type="way" ref="116614142" role=""/>
  <member type="way" ref="1182476807" role=""/>
  <member type="way" ref="816861875" role=""/>
  <member type="way" ref="945783756" role=""/>
  <member type="way" ref="955201203" role=""/>
  <member type="way" ref="621139527" role=""/>
  <member type="way" ref="711367567" role=""/>
  <member type="way" ref="711367569" role=""/>
  <member type="way" ref="711367570" role=""/>
  <member type="way" ref="703110744" role=""/>
  <member type="way" ref="616838546" role=""/>
  <member type="way" ref="616838544" role=""/>
  <member type="way" ref="35978173" role=""/>
  <member type="way" ref="178098601" role=""/>
  <member type="way" ref="708658353" role=""/>
  <member type="way" ref="946030656" role=""/>
  <member type="way" ref="1204912790" role=""/>
  <member type="way" ref="684766065" role=""/>
  <member type="way" ref="164211344" role=""/>
  <member type="way" ref="164211345" role=""/>
  <member type="way" ref="164211342" role=""/>
  <member type="way" ref="711404115" role=""/>
  <member type="way" ref="28103241" role=""/>
  <member type="way" ref="838425496" role=""/>
  <member type="way" ref="1266014435" role=""/>
  <member type="way" ref="1204846892" role=""/>
  <member type="way" ref="808672175" role=""/>
  <member type="way" ref="882269316" role=""/>
  <member type="way" ref="1262818189" role=""/>
  <member type="way" ref="1262818190" role=""/>
  <member type="way" ref="710298222" role=""/>
  <member type="way" ref="687098302" role=""/>
  <member type="way" ref="1335897899" role=""/>
  <member type="way" ref="600037935" role=""/>
  <member type="way" ref="1478478191" role=""/>
  <member type="way" ref="1180597073" role=""/>
  <member type="way" ref="1236513512" role=""/>
  <member type="way" ref="710176319" role=""/>
  <member type="way" ref="1180597074" role=""/>
  <member type="way" ref="954705800" role=""/>
  <member type="way" ref="9964663" role=""/>
  <member type="way" ref="1246298985" role=""/>
  <member type="way" ref="601882375" role=""/>
  <member type="way" ref="408801203" role=""/>
  <member type="way" ref="972186119" role=""/>
  <member type="way" ref="1197647742" role=""/>
  <member type="way" ref="617308704" role=""/>
  <member type="way" ref="601595921" role=""/>
  <member type="way" ref="684044679" role=""/>
  <member type="way" ref="898268988" role=""/>
  <member type="way" ref="951487948" role=""/>
  <member type="way" ref="707348511" role=""/>
  <member type="way" ref="1334956949" role=""/>
  <member type="way" ref="770552095" role=""/>
  <member type="way" ref="704134620" role=""/>
  <member type="way" ref="708896220" role=""/>
  <member type="way" ref="1305270969" role=""/>
  <member type="way" ref="708896218" role=""/>
  <member type="way" ref="1300392334" role=""/>
  <member type="way" ref="1234572269" role=""/>
  <member type="way" ref="1234572272" role=""/>
  <member type="way" ref="219869448" role=""/>
  <member type="way" ref="708918485" role=""/>
  <member type="way" ref="946030648" role=""/>
  <member type="way" ref="946030647" role=""/>
  <member type="way" ref="946030635" role=""/>
  <member type="way" ref="514641121" role=""/>
  <member type="way" ref="37449529" role=""/>
  <member type="way" ref="1217929839" role=""/>
  <member type="way" ref="1217929464" role=""/>
  <member type="way" ref="703199102" role=""/>
  <member type="way" ref="701454823" role=""/>
  <member type="way" ref="703199100" role=""/>
  <member type="way" ref="701347289" role=""/>
  <member type="way" ref="1409256071" role=""/>
  <member type="way" ref="1409256069" role=""/>
  <member type="way" ref="703199099" role=""/>
  <member type="way" ref="1203971796" role=""/>
  <member type="way" ref="292907006" role=""/>
  <member type="way" ref="702469511" role=""/>
  <member type="way" ref="702469512" role=""/>
  <member type="way" ref="1374192213" role=""/>
  <member type="way" ref="1230498759" role=""/>
  <member type="way" ref="943964875" role=""/>
  <member type="way" ref="965574228" role=""/>
  <member type="way" ref="10231922" role=""/>
  <member type="way" ref="618377256" role=""/>
  <member type="way" ref="618377255" role=""/>
  <member type="way" ref="703204202" role=""/>
  <member type="way" ref="703206412" role=""/>
  <member type="way" ref="221152166" role=""/>
  <member type="way" ref="221152167" role=""/>
  <member type="way" ref="750372172" role=""/>
  <member type="way" ref="1361103007" role=""/>
  <member type="way" ref="706716343" role=""/>
  <member type="way" ref="709019889" role=""/>
  <member type="way" ref="706716339" role=""/>
  <member type="way" ref="706716338" role=""/>
  <member type="way" ref="709349569" role=""/>
  <member type="way" ref="709349568" role=""/>
  <member type="way" ref="710256420" role=""/>
  <member type="way" ref="627919886" role=""/>
  <member type="way" ref="709719738" role=""/>
  <member type="way" ref="710073333" role=""/>
  <member type="way" ref="948197333" role=""/>
  <member type="way" ref="1239628945" role=""/>
  <member type="way" ref="36726830" role=""/>
  <member type="way" ref="948197334" role=""/>
  <member type="way" ref="961664399" role=""/>
  <member type="node" ref="738815469" role="platform"/>
  <member type="node" ref="738814318" role="platform"/>
  <tag k="charge" v="10000 VND"/>
  <tag k="colour" v="#27baff"/>
  <tag k="from" v="Bến xe Yên Nghĩa"/>
  <tag k="interval" v="00:11-00:20"/>
  <tag k="name" v="Bến xe Yên Nghĩa - Bến xe Gia Lâm"/>
  <tag k="name:en" v="Yen Nghia Bus Station - Gia Lam Bus Station"/>
  <tag k="network" v="Hanoibus"/>
  <tag k="opening_hours" v="Mo-Su 05:00-21:00"/>
  <tag k="operator" v="Xí Nghiệp Xe Buýt Hà Nội"/>
  <tag k="public_transport:version" v="2"/>
  <tag k="ref" v="01"/>
  <tag k="route" v="bus"/>
  <tag k="to" v="Bến xe Gia Lâm"/>
  <tag k="type" v="route"/>
 </relation>
 <relation id="12851968" visible="true" version="73" changeset="179967402" timestamp="2026-03-16T19:06:44Z" user="ZioDragon" uid="13799024">
  <member type="node" ref="7589589146" role="platform_entry_only"/>
  <member type="node" ref="738815334" role="platform"/>
  <member type="node" ref="7825858603" role="platform"/>
  <member type="node" ref="8837631356" role="platform"/>
  <member type="node" ref="738814946" role="platform"/>
  <member type="node" ref="4539039489" role="platform"/>
  <member type="node" ref="4292651591" role="platform"/>
  <member type="node" ref="4292785590" role="platform"/>
  <member type="node" ref="738815469" role="platform"/>
  <member type="node" ref="738815823" role="platform"/>
  <member type="node" ref="8837631357" role="platform"/>
  <member type="node" ref="8837631358" role="platform"/>
  <member type="node" ref="738814445" role="platform"/>
  <member type="node" ref="5061374324" role="platform"/>
  <member type="node" ref="738813601" role="platform"/>
  <member type="node" ref="738815717" role="platform"/>
  <member type="node" ref="444394752" role="platform"/>
  <member type="node" ref="738813733" role="platform"/>
  <member type="node" ref="444395014" role="platform"/>
  <member type="node" ref="444394999" role="platform"/>
  <member type="node" ref="444394994" role="platform"/>
  <member type="node" ref="444394979" role="platform"/>
  <member type="node" ref="8770675677" role="platform"/>
  <member type="node" ref="444394956" role="platform"/>
  <member type="node" ref="444394950" role="platform"/>
  <member type="node" ref="8770675678" role="platform"/>
  <member type="node" ref="8770675679" role="platform"/>
  <member type="node" ref="8770675680" role="platform"/>
  <member type="node" ref="8770675681" role="platform"/>
  <member type="node" ref="8770675682" role="platform"/>
  <member type="node" ref="8770675683" role="platform"/>
  <member type="node" ref="8770675684" role="platform"/>
  <member type="node" ref="8770675685" role="platform"/>
  <member type="node" ref="8770739141" role="platform"/>
  <member type="node" ref="8939177163" role="platform"/>
  <member type="node" ref="8770739142" role="platform"/>
  <member type="node" ref="8770739143" role="platform"/>
  <member type="node" ref="10028987068" role="platform_exit_only"/>
  <member type="node" ref="7825858601" role=""/>
  <member type="way" ref="954856206" role=""/>
  <member type="way" ref="838509720" role=""/>
  <member type="way" ref="838526715" role=""/>
  <member type="way" ref="1105753219" role=""/>
  <member type="way" ref="838062938" role=""/>
  <member type="way" ref="11005894" role=""/>
  <member type="way" ref="711132577" role=""/>
  <member type="way" ref="686156629" role=""/>
  <member type="way" ref="813360486" role=""/>
  <member type="way" ref="1226365019" role=""/>
  <member type="way" ref="832454962" role=""/>
  <member type="way" ref="769787747" role=""/>
  <member type="way" ref="964674136" role=""/>
  <member type="way" ref="954856202" role=""/>
  <member type="way" ref="707060209" role=""/>
  <member type="way" ref="769798547" role=""/>
  <member type="way" ref="1223385256" role=""/>
  <member type="way" ref="399561785" role=""/>
  <member type="way" ref="864547867" role=""/>
  <member type="way" ref="838526717" role=""/>
  <member type="way" ref="838526718" role=""/>
  <member type="way" ref="707337132" role=""/>
  <member type="way" ref="684044681" role=""/>
  <member type="way" ref="951487948" role=""/>
  <member type="way" ref="707348511" role=""/>
  <member type="way" ref="1334956949" role=""/>
  <member type="way" ref="770552095" role=""/>
  <member type="way" ref="704134620" role=""/>
  <member type="way" ref="708896220" role=""/>
  <member type="way" ref="28945358" role=""/>
  <member type="way" ref="1277728731" role=""/>
  <member type="way" ref="962493731" role=""/>
  <member type="way" ref="954812793" role=""/>
  <member type="way" ref="1160702715" role=""/>
  <member type="way" ref="29313233" role=""/>
  <member type="way" ref="711495154" role=""/>
  <member type="way" ref="711495153" role=""/>
  <member type="way" ref="711497991" role=""/>
  <member type="way" ref="1242183588" role=""/>
  <member type="way" ref="1317516878" role=""/>
  <member type="way" ref="1317516877" role=""/>
  <member type="way" ref="599146734" role=""/>
  <member type="way" ref="1242184418" role=""/>
  <member type="way" ref="178099621" role=""/>
  <member type="way" ref="954341842" role=""/>
  <member type="way" ref="711101761" role=""/>
  <member type="way" ref="882269315" role=""/>
  <member type="way" ref="1266448183" role=""/>
  <member type="way" ref="711492060" role=""/>
  <member type="way" ref="1204846893" role=""/>
  <member type="way" ref="1266014434" role=""/>
  <member type="way" ref="711083507" role=""/>
  <member type="way" ref="219977702" role=""/>
  <member type="way" ref="838425497" role=""/>
  <member type="way" ref="711404113" role=""/>
  <member type="way" ref="711404114" role=""/>
  <member type="way" ref="875229040" role=""/>
  <member type="way" ref="711404121" role=""/>
  <member type="way" ref="711404120" role=""/>
  <member type="way" ref="219977622" role=""/>
  <member type="way" ref="1012665674" role=""/>
  <member type="way" ref="875229039" role=""/>
  <member type="way" ref="875229038" role=""/>
  <member type="way" ref="1331204980" role=""/>
  <member type="way" ref="1240182988" role=""/>
  <member type="way" ref="946030631" role=""/>
  <member type="way" ref="1257110006" role=""/>
  <member type="way" ref="709356407" role=""/>
  <member type="way" ref="136161379" role=""/>
  <member type="way" ref="616838545" role=""/>
  <member type="way" ref="616838547" role=""/>
  <member type="way" ref="954882991" role=""/>
  <member type="way" ref="1123561349" role=""/>
  <member type="way" ref="711367572" role=""/>
  <member type="way" ref="1123561350" role=""/>
  <member type="way" ref="711367571" role=""/>
  <member type="way" ref="711367568" role=""/>
  <member type="way" ref="945783757" role=""/>
  <member type="way" ref="955201202" role=""/>
  <member type="way" ref="106053500" role=""/>
  <member type="way" ref="948123043" role=""/>
  <member type="way" ref="1241122649" role=""/>
  <member type="way" ref="1182476806" role=""/>
  <member type="way" ref="711431923" role=""/>
  <member type="way" ref="929495373" role=""/>
  <member type="way" ref="814585068" role=""/>
  <member type="way" ref="709301564" role=""/>
  <member type="way" ref="945783773" role=""/>
  <member type="way" ref="702880302" role=""/>
  <member type="way" ref="399820831" role=""/>
  <member type="way" ref="711700503" role=""/>
  <member type="way" ref="457757021" role=""/>
  <member type="way" ref="1290144946" role=""/>
  <member type="way" ref="1466411476" role=""/>
  <member type="way" ref="239370942" role=""/>
  <member type="way" ref="974572935" role=""/>
  <member type="way" ref="1242183437" role=""/>
  <member type="way" ref="693652773" role=""/>
  <member type="way" ref="1305064571" role=""/>
  <member type="way" ref="1109636292" role=""/>
  <member type="way" ref="1335957666" role=""/>
  <member type="way" ref="1326204766" role=""/>
  <member type="way" ref="220005738" role=""/>
  <member type="way" ref="616826560" role=""/>
  <member type="way" ref="344413424" role=""/>
  <member type="way" ref="972911787" role=""/>
  <member type="way" ref="1266442397" role=""/>
  <member type="way" ref="1343935603" role=""/>
  <member type="way" ref="344413423" role=""/>
  <member type="way" ref="965548423" role=""/>
  <member type="way" ref="974551794" role=""/>
  <member type="way" ref="1204837531" role=""/>
  <member type="way" ref="885892457" role=""/>
  <member type="way" ref="1242168118" role=""/>
  <member type="way" ref="973215956" role=""/>
  <member type="way" ref="599507486" role=""/>
  <member type="way" ref="599507487" role=""/>
  <member type="way" ref="599998773" role=""/>
  <member type="way" ref="595927172" role=""/>
  <member type="way" ref="954341844" role=""/>
  <member type="way" ref="954341843" role=""/>
  <member type="node" ref="12078321346" role="platform"/>
  <tag k="charge" v="10000 VND"/>
  <tag k="colour" v="#27baff"/>
  <tag k="from" v="Bác Cổ"/>
  <tag k="interval" v="00:10-00:15"/>
  <tag k="name" v="Bác Cổ - Bến xe Yên Nghĩa"/>
  <tag k="name:en" v="Bac Co (Tran Khanh Du Bus Interchange) - Yen Nghia Bus Station"/>
  <tag k="network" v="Hanoibus"/>
  <tag k="opening_hours" v="Mo-Su 05:00-22:30"/>
  <tag k="operator" v="Xí nghiệp Xe buýt nhanh BRT Hà Nội"/>
  <tag k="public_transport:version" v="2"/>
  <tag k="ref" v="02"/>
  <tag k="route" v="bus"/>
  <tag k="to" v="Bến xe Yên Nghĩa"/>
  <tag k="type" v="route"/>
 </relation>
 <relation id="12853006" visible="true" version="4" changeset="148213623" timestamp="2024-03-04T15:56:28Z" user="edumiz624" uid="20881381">
  <member type="relation" ref="12851968" role=""/>
  <member type="relation" ref="12853381" role=""/>
  <tag k="name" v="Bác Cổ - Bến xe Yên Nghĩa"/>
  <tag k="name:en" v="Bac Co (Tran Khanh Du Bus Interchange) - Yen Nghia Bus Station"/>
  <tag k="network" v="Hanoibus"/>
  <tag k="operator" v="Xí nghiệp Xe buýt nhanh BRT Hà Nội"/>
  <tag k="ref" v="02"/>
  <tag k="route_master" v="bus"/>
  <tag k="type" v="route_master"/>
 </relation>
 <relation id="12853381" visible="true" version="63" changeset="179967402" timestamp="2026-03-16T19:06:44Z" user="ZioDragon" uid="13799024">
  <member type="node" ref="10028987068" role="platform_entry_only"/>
  <member type="node" ref="8770739144" role="platform"/>
  <member type="node" ref="8770739145" role="platform"/>
  <member type="node" ref="8770739146" role="platform"/>
  <member type="node" ref="8770739147" role="platform"/>
  <member type="node" ref="8770739148" role="platform"/>
  <member type="node" ref="8770739149" role="platform"/>
  <member type="node" ref="8770739150" role="platform"/>
  <member type="node" ref="8770739151" role="platform"/>
  <member type="node" ref="8770739152" role="platform"/>
  <member type="node" ref="8770739153" role="platform"/>
  <member type="node" ref="8846358794" role="platform"/>
  <member type="node" ref="8770739154" role="platform"/>
  <member type="node" ref="444394880" role="platform"/>
  <member type="node" ref="8770739155" role="platform"/>
  <member type="node" ref="8939177164" role="platform"/>
  <member type="node" ref="8770739156" role="platform"/>
  <member type="node" ref="738814455" role="platform"/>
  <member type="node" ref="444394809" role="platform"/>
  <member type="node" ref="444394790" role="platform"/>
  <member type="node" ref="738814410" role="platform"/>
  <member type="node" ref="8939177165" role="platform"/>
  <member type="node" ref="10028987061" role="platform"/>
  <member type="node" ref="7629327424" role="platform"/>
  <member type="node" ref="7824915645" role="platform"/>
  <member type="node" ref="738815809" role="platform"/>
  <member type="node" ref="738813973" role="platform"/>
  <member type="node" ref="446044145" role="platform"/>
  <member type="node" ref="738813572" role="platform"/>
  <member type="node" ref="738815268" role="platform"/>
  <member type="node" ref="738815820" role="platform"/>
  <member type="node" ref="3887711843" role="platform"/>
  <member type="node" ref="738815169" role="platform"/>
  <member type="node" ref="738814524" role="platform"/>
  <member type="node" ref="5561070622" role="platform"/>
  <member type="node" ref="7825858601" role="platform_exit_only"/>
  <member type="way" ref="885892447" role=""/>
  <member type="way" ref="954705799" role=""/>
  <member type="way" ref="885892458" role=""/>
  <member type="way" ref="599998773" role=""/>
  <member type="way" ref="599507487" role=""/>
  <member type="way" ref="599507486" role=""/>
  <member type="way" ref="1421317097" role=""/>
  <member type="way" ref="885892449" role=""/>
  <member type="way" ref="1204837532" role=""/>
  <member type="way" ref="973485814" role=""/>
  <member type="way" ref="1327438661" role=""/>
  <member type="way" ref="208657329" role=""/>
  <member type="way" ref="973485815" role=""/>
  <member type="way" ref="965408116" role=""/>
  <member type="way" ref="940397011" role=""/>
  <member type="way" ref="1266442395" role=""/>
  <member type="way" ref="1266442398" role=""/>
  <member type="way" ref="940397010" role=""/>
  <member type="way" ref="955882982" role=""/>
  <member type="way" ref="344413426" role=""/>
  <member type="way" ref="220005742" role=""/>
  <member type="way" ref="616826561" role=""/>
  <member type="way" ref="955842629" role=""/>
  <member type="way" ref="1151248817" role=""/>
  <member type="way" ref="1307455571" role=""/>
  <member type="way" ref="1307455573" role=""/>
  <member type="way" ref="38020420" role=""/>
  <member type="way" ref="1318958371" role=""/>
  <member type="way" ref="1305064572" role=""/>
  <member type="way" ref="708941780" role=""/>
  <member type="way" ref="1109636291" role=""/>
  <member type="way" ref="1242183436" role=""/>
  <member type="way" ref="1109636297" role=""/>
  <member type="way" ref="710270798" role=""/>
  <member type="way" ref="710270797" role=""/>
  <member type="way" ref="1466411477" role=""/>
  <member type="way" ref="239370934" role=""/>
  <member type="way" ref="710332807" role=""/>
  <member type="way" ref="955882983" role=""/>
  <member type="way" ref="1198858980" role=""/>
  <member type="way" ref="709354466" role=""/>
  <member type="way" ref="945783774" role=""/>
  <member type="way" ref="961861931" role=""/>
  <member type="way" ref="702891549" role=""/>
  <member type="way" ref="702891548" role=""/>
  <member type="way" ref="264434802" role=""/>
  <member type="way" ref="948123045" role=""/>
  <member type="way" ref="116614142" role=""/>
  <member type="way" ref="1182476807" role=""/>
  <member type="way" ref="816861875" role=""/>
  <member type="way" ref="945783756" role=""/>
  <member type="way" ref="955201203" role=""/>
  <member type="way" ref="621139527" role=""/>
  <member type="way" ref="711367567" role=""/>
  <member type="way" ref="711367569" role=""/>
  <member type="way" ref="711367570" role=""/>
  <member type="way" ref="703110744" role=""/>
  <member type="way" ref="616838546" role=""/>
  <member type="way" ref="616838544" role=""/>
  <member type="way" ref="35978173" role=""/>
  <member type="way" ref="178098601" role=""/>
  <member type="way" ref="708658353" role=""/>
  <member type="way" ref="946030656" role=""/>
  <member type="way" ref="1204912790" role=""/>
  <member type="way" ref="684766065" role=""/>
  <member type="way" ref="946030657" role=""/>
  <member type="way" ref="684766067" role=""/>
  <member type="way" ref="1177158045" role=""/>
  <member type="way" ref="1333363797" role=""/>
  <member type="way" ref="708658351" role=""/>
  <member type="way" ref="875229041" role=""/>
  <member type="way" ref="711404115" role=""/>
  <member type="way" ref="28103241" role=""/>
  <member type="way" ref="838425496" role=""/>
  <member type="way" ref="1266014435" role=""/>
  <member type="way" ref="1204846892" role=""/>
  <member type="way" ref="808672175" role=""/>
  <member type="way" ref="882269316" role=""/>
  <member type="way" ref="1262818189" role=""/>
  <member type="way" ref="1262818190" role=""/>
  <member type="way" ref="710298222" role=""/>
  <member type="way" ref="687098302" role=""/>
  <member type="way" ref="1335897899" role=""/>
  <member type="way" ref="954341840" role=""/>
  <member type="way" ref="711106354" role=""/>
  <member type="way" ref="506383096" role=""/>
  <member type="way" ref="1242184420" role=""/>
  <member type="way" ref="1242184419" role=""/>
  <member type="way" ref="1204882028" role=""/>
  <member type="way" ref="1204882029" role=""/>
  <member type="way" ref="1242183589" role=""/>
  <member type="way" ref="599146728" role=""/>
  <member type="way" ref="1317516879" role=""/>
  <member type="way" ref="711495155" role=""/>
  <member type="way" ref="711497990" role=""/>
  <member type="way" ref="711495156" role=""/>
  <member type="way" ref="708514877" role=""/>
  <member type="way" ref="962493749" role=""/>
  <member type="way" ref="708514874" role=""/>
  <member type="way" ref="601522492" role=""/>
  <member type="way" ref="704134619" role=""/>
  <member type="way" ref="788757975" role=""/>
  <member type="way" ref="1334956950" role=""/>
  <member type="way" ref="770552094" role=""/>
  <member type="way" ref="11005921" role=""/>
  <member type="way" ref="944122214" role=""/>
  <member type="way" ref="1053605852" role=""/>
  <member type="way" ref="769778613" role=""/>
  <member type="way" ref="1223464161" role=""/>
  <member type="way" ref="838526716" role=""/>
  <member type="way" ref="864547867" role=""/>
  <member type="way" ref="399561785" role=""/>
  <member type="way" ref="1223385256" role=""/>
  <member type="way" ref="769798547" role=""/>
  <member type="way" ref="707060209" role=""/>
  <member type="way" ref="1243387893" role=""/>
  <member type="way" ref="954856201" role=""/>
  <member type="way" ref="946030643" role=""/>
  <member type="way" ref="85608570" role=""/>
  <member type="way" ref="711128281" role=""/>
  <member type="way" ref="1360834899" role=""/>
  <member type="way" ref="704147261" role=""/>
  <member type="way" ref="711128282" role=""/>
  <member type="way" ref="954856205" role=""/>
  <member type="way" ref="954812792" role=""/>
  <tag k="charge" v="10000 VND"/>
  <tag k="colour" v="#27baff"/>
  <tag k="from" v="Bến xe Yên Nghĩa"/>
  <tag k="interval" v="00:10-00:15"/>
  <tag k="name" v="Bến xe Yên Nghĩa - Bác Cổ"/>
  <tag k="name:en" v="Yen Nghia Bus Station - Bac Co (Tran Khanh Du Bus Interchange)"/>
  <tag k="network" v="Hanoibus"/>
  <tag k="opening_hours" v="Mo-Su 05:00-22:30"/>
  <tag k="operator" v="Xí nghiệp Xe buýt nhanh BRT Hà Nội"/>
  <tag k="public_transport:version" v="2"/>
  <tag k="ref" v="02"/>
  <tag k="route" v="bus"/>
  <tag k="to" v="Bác Cổ"/>
  <tag k="type" v="route"/>
 </relation>
 <relation id="12922097" visible="true" version="3" changeset="148098872" timestamp="2024-03-01T14:27:54Z" user="edumiz624" uid="20881381">
  <member type="relation" ref="12846900" role=""/>
  <member type="relation" ref="12851814" role=""/>
  <tag k="name" v="Bến xe Gia Lâm - Bến xe Yên Nghĩa"/>
  <tag k="name:en" v="Gia Lam Bus Station - Yen Nghia Bus Station"/>
  <tag k="network" v="Hanoibus"/>
  <tag k="operator" v="Xí Nghiệp Xe Buýt Hà Nội"/>
  <tag k="ref" v="01"/>
  <tag k="route_master" v="bus"/>
  <tag k="type" v="route_master"/>
 </relation>
 <relation id="12993137" visible="true" version="52" changeset="179667167" timestamp="2026-03-11T02:56:28Z" user="edumiz624" uid="20881381">
  <member type="node" ref="8831817104" role="platform_entry_only"/>
  <member type="node" ref="7132790440" role="platform"/>
  <member type="node" ref="738814872" role="platform"/>
  <member type="node" ref="738814946" role="platform"/>
  <member type="node" ref="4539039489" role="platform"/>
  <member type="node" ref="7185567066" role="platform"/>
  <member type="node" ref="738814465" role="platform"/>
  <member type="node" ref="8739945246" role="platform"/>
  <member type="node" ref="8895558437" role="platform"/>
  <member type="node" ref="8895558433" role="platform"/>
  <member type="node" ref="738813232" role="platform"/>
  <member type="node" ref="8813408796" role="platform"/>
  <member type="node" ref="8813408797" role="platform"/>
  <member type="node" ref="738814324" role="platform"/>
  <member type="node" ref="738813337" role="platform"/>
  <member type="node" ref="4421384524" role="platform"/>
  <member type="node" ref="8932663264" role="platform"/>
  <member type="node" ref="8849027506" role="platform"/>
  <member type="node" ref="8751624837" role="platform"/>
  <member type="node" ref="8751624842" role="platform"/>
  <member type="node" ref="11515748452" role="platform"/>
  <member type="node" ref="11515748454" role="platform"/>
  <member type="node" ref="11515748455" role="platform"/>
  <member type="node" ref="8929843511" role="platform"/>
  <member type="node" ref="11515748453" role="platform"/>
  <member type="node" ref="12511818450" role="platform"/>
  <member type="node" ref="8741080064" role="platform"/>
  <member type="node" ref="8939177167" role="platform"/>
  <member type="node" ref="8835043626" role=""/>
  <member type="way" ref="954542122" role=""/>
  <member type="way" ref="219867179" role=""/>
  <member type="way" ref="37555725" role=""/>
  <member type="way" ref="1287255416" role=""/>
  <member type="way" ref="769785756" role=""/>
  <member type="way" ref="769777576" role=""/>
  <member type="way" ref="220303927" role=""/>
  <member type="way" ref="769777575" role=""/>
  <member type="way" ref="703199102" role=""/>
  <member type="way" ref="701454823" role=""/>
  <member type="way" ref="703199100" role=""/>
  <member type="way" ref="701347289" role=""/>
  <member type="way" ref="1409256071" role=""/>
  <member type="way" ref="1409256069" role=""/>
  <member type="way" ref="703199099" role=""/>
  <member type="way" ref="1203971796" role=""/>
  <member type="way" ref="292907006" role=""/>
  <member type="way" ref="702469511" role=""/>
  <member type="way" ref="702469512" role=""/>
  <member type="way" ref="1366248723" role=""/>
  <member type="way" ref="136528941" role=""/>
  <member type="way" ref="1230287866" role=""/>
  <member type="way" ref="28102135" role=""/>
  <member type="way" ref="1262845731" role=""/>
  <member type="way" ref="703214348" role=""/>
  <member type="way" ref="11705879" role=""/>
  <member type="way" ref="605231624" role=""/>
  <member type="way" ref="1417556881" role=""/>
  <member type="way" ref="605231047" role=""/>
  <member type="way" ref="498896874" role=""/>
  <member type="way" ref="1223387152" role=""/>
  <member type="way" ref="1223385664" role=""/>
  <member type="way" ref="1223365201" role=""/>
  <member type="way" ref="605230289" role=""/>
  <member type="way" ref="1223385256" role=""/>
  <member type="way" ref="399561785" role=""/>
  <member type="way" ref="864547867" role=""/>
  <member type="way" ref="838526716" role=""/>
  <member type="way" ref="1223464161" role=""/>
  <member type="way" ref="769778613" role=""/>
  <member type="way" ref="1053605852" role=""/>
  <member type="way" ref="944122214" role=""/>
  <member type="way" ref="601595922" role=""/>
  <member type="way" ref="1419634787" role=""/>
  <member type="way" ref="1419634785" role=""/>
  <member type="way" ref="710176322" role=""/>
  <member type="way" ref="710176323" role=""/>
  <member type="way" ref="628714049" role=""/>
  <member type="way" ref="965041060" role=""/>
  <member type="way" ref="769798552" role=""/>
  <member type="way" ref="710176320" role=""/>
  <member type="way" ref="218106606" role=""/>
  <member type="way" ref="898272869" role=""/>
  <member type="way" ref="943964892" role=""/>
  <member type="way" ref="601529284" role=""/>
  <member type="way" ref="1396192123" role=""/>
  <member type="way" ref="163843396" role=""/>
  <member type="way" ref="601455489" role=""/>
  <member type="way" ref="962177672" role=""/>
  <member type="way" ref="711379743" role=""/>
  <member type="way" ref="711379742" role=""/>
  <member type="way" ref="37370971" role=""/>
  <member type="way" ref="708964307" role=""/>
  <member type="way" ref="708964306" role=""/>
  <member type="way" ref="965574225" role=""/>
  <member type="way" ref="178102535" role=""/>
  <member type="way" ref="965574224" role=""/>
  <member type="way" ref="704595021" role=""/>
  <member type="way" ref="37370975" role=""/>
  <member type="way" ref="1339713739" role=""/>
  <member type="way" ref="37371052" role=""/>
  <member type="way" ref="705782098" role=""/>
  <member type="way" ref="957062224" role=""/>
  <member type="way" ref="926182259" role=""/>
  <member type="way" ref="705794060" role=""/>
  <member type="way" ref="705792272" role=""/>
  <member type="way" ref="1374079590" role=""/>
  <member type="way" ref="705792271" role=""/>
  <member type="way" ref="706502081" role=""/>
  <member type="way" ref="705812474" role=""/>
  <member type="way" ref="1300236737" role=""/>
  <member type="way" ref="1298906827" role=""/>
  <member type="way" ref="1390293016" role=""/>
  <member type="way" ref="705812470" role=""/>
  <member type="way" ref="705812469" role=""/>
  <member type="way" ref="37371053" role=""/>
  <member type="way" ref="1301686342" role=""/>
  <member type="way" ref="809463692" role=""/>
  <member type="way" ref="635124756" role=""/>
  <member type="way" ref="954882983" role=""/>
  <member type="way" ref="705841392" role=""/>
  <member type="way" ref="705801765" role=""/>
  <member type="way" ref="1468504519" role=""/>
  <member type="way" ref="705808093" role=""/>
  <member type="way" ref="10236954" role=""/>
  <member type="way" ref="1352274602" role=""/>
  <member type="way" ref="944100705" role=""/>
  <member type="way" ref="956129602" role=""/>
  <member type="way" ref="597114554" role=""/>
  <member type="way" ref="597591436" role=""/>
  <member type="way" ref="966219959" role=""/>
  <member type="way" ref="682709118" role=""/>
  <member type="way" ref="956129600" role=""/>
  <member type="way" ref="956489659" role=""/>
  <member type="way" ref="597591438" role=""/>
  <member type="way" ref="1239880095" role=""/>
  <member type="way" ref="956129601" role=""/>
  <member type="way" ref="599098744" role=""/>
  <member type="way" ref="599098743" role=""/>
  <member type="way" ref="944100707" role=""/>
  <member type="way" ref="599524498" role=""/>
  <member type="way" ref="965877134" role=""/>
  <member type="way" ref="965585521" role=""/>
  <member type="way" ref="945322262" role=""/>
  <member type="way" ref="945322261" role=""/>
  <member type="way" ref="1239575049" role=""/>
  <member type="way" ref="599524494" role=""/>
  <member type="way" ref="600008170" role=""/>
  <member type="way" ref="617577172" role=""/>
  <member type="way" ref="374515783" role=""/>
  <member type="way" ref="601536554" role=""/>
  <member type="way" ref="601548953" role=""/>
  <member type="way" ref="601548946" role=""/>
  <member type="way" ref="601548933" role=""/>
  <member type="way" ref="601858269" role=""/>
  <member type="way" ref="1239575050" role=""/>
  <member type="way" ref="965302192" role=""/>
  <member type="way" ref="601864984" role=""/>
  <member type="way" ref="601864983" role=""/>
  <member type="way" ref="179477564" role=""/>
  <member type="way" ref="179477549" role=""/>
  <member type="way" ref="179477562" role=""/>
  <member type="way" ref="179477559" role=""/>
  <member type="way" ref="179477554" role=""/>
  <member type="way" ref="600493263" role=""/>
  <member type="way" ref="1450185940" role=""/>
  <member type="way" ref="600493265" role=""/>
  <member type="way" ref="771834245" role=""/>
  <member type="way" ref="965302194" role=""/>
  <member type="way" ref="251904293" role=""/>
  <member type="way" ref="1329913597" role=""/>
  <member type="way" ref="965302195" role=""/>
  <member type="way" ref="251904294" role=""/>
  <member type="way" ref="251904298" role=""/>
  <member type="way" ref="965585524" role=""/>
  <member type="way" ref="179477560" role=""/>
  <member type="way" ref="965585525" role=""/>
  <member type="node" ref="8930639199" role="platform_entry_only"/>
  <member type="node" ref="8929843512" role=""/>
  <member type="node" ref="8929843513" role=""/>
  <member type="node" ref="8929843514" role=""/>
  <member type="node" ref="13109916106" role=""/>
  <member type="node" ref="13109916107" role=""/>
  <member type="node" ref="13109916108" role=""/>
  <member type="node" ref="13109916109" role=""/>
  <member type="node" ref="13543280691" role="platform"/>
  <member type="node" ref="13636478744" role="platform"/>
  <member type="node" ref="13636478745" role="platform"/>
  <tag k="charge" v="10000 VND"/>
  <tag k="colour" v="#9cdd31"/>
  <tag k="fee" v="yes"/>
  <tag k="from" v="Long Biên"/>
  <tag k="interval" v="00:20"/>
  <tag k="name" v="Long Biên - Vạn Phúc"/>
  <tag k="name:en" v="Long Bien Bus Interchange - Van Phuc (Nam Phu Commune)"/>
  <tag k="network" v="Hanoibus"/>
  <tag k="opening_hours" v="Mo-Th 05:30-20:50; Fr 05:30-18:00"/>
  <tag k="operator" v="Công ty Cổ phần Vận tải và Dịch vụ Liên Ninh"/>
  <tag k="public_transport:version" v="2"/>
  <tag k="ref" v="08B"/>
  <tag k="route" v="bus"/>
  <tag k="to" v="Vạn Phúc"/>
  <tag k="type" v="route"/>
 </relation>
 <relation id="12997260" visible="true" version="4" changeset="178011178" timestamp="2026-02-02T15:09:12Z" user="edumiz624" uid="20881381">
  <member type="relation" ref="12997216" role=""/>
  <member type="relation" ref="12993137" role=""/>
  <tag k="name" v="Long Biên ↔ Vạn Phúc"/>
  <tag k="name:en" v="Long Bien Bus Interchange - Van Phuc (Nam Phu Commune)"/>
  <tag k="network" v="Hanoibus"/>
  <tag k="operator" v="Công ty Cổ phần Vận tải và Dịch vụ Liên Ninh"/>
  <tag k="ref" v="08B"/>
  <tag k="route_master" v="bus"/>
  <tag k="type" v="route_master"/>
 </relation>
 <relation id="13925453" visible="true" version="54" changeset="179237779" timestamp="2026-03-02T06:22:59Z" user="phoenixsaigon1698" uid="3323343">
  <member type="node" ref="8936462893" role="platform_entry_only"/>
  <member type="node" ref="738815727" role="platform"/>
  <member type="node" ref="738813402" role="platform"/>
  <member type="node" ref="8209169360" role="platform"/>
  <member type="node" ref="446043802" role="platform"/>
  <member type="node" ref="8919509902" role="platform"/>
  <member type="node" ref="8259365830" role="platform"/>
  <member type="node" ref="7178789816" role="platform"/>
  <member type="node" ref="8772715696" role="platform"/>
  <member type="node" ref="9003315147" role="platform"/>
  <member type="node" ref="9580030938" role="platform"/>
  <member type="node" ref="9580030939" role="platform"/>
  <member type="node" ref="9580030940" role="platform"/>
  <member type="node" ref="9580030941" role="platform"/>
  <member type="node" ref="9580030942" role="platform"/>
  <member type="node" ref="9580030943" role="platform"/>
  <member type="node" ref="8739945230" role="platform"/>
  <member type="node" ref="481836709" role="platform"/>
  <member type="node" ref="8739945231" role="platform"/>
  <member type="node" ref="8739945232" role="platform"/>
  <member type="node" ref="2517061523" role="platform"/>
  <member type="node" ref="8739945233" role="platform"/>
  <member type="node" ref="8739945234" role="platform"/>
  <member type="node" ref="9903402682" role="platform"/>
  <member type="node" ref="9903402683" role="platform"/>
  <member type="node" ref="9580030946" role="platform"/>
  <member type="node" ref="8859463290" role="platform"/>
  <member type="node" ref="8859463291" role="platform"/>
  <member type="node" ref="9357113037" role="platform"/>
  <member type="node" ref="8857316026" role="platform_exit_only"/>
  <member type="node" ref="738815268" role="platform"/>
  <member type="node" ref="738815820" role="platform"/>
  <member type="node" ref="3887711843" role="platform"/>
  <member type="node" ref="738815169" role="platform"/>
  <member type="node" ref="738814524" role="platform"/>
  <member type="node" ref="5561070622" role="platform"/>
  <member type="node" ref="8259365871" role="platform"/>
  <member type="node" ref="738814587" role="platform"/>
  <member type="node" ref="738813615" role="platform"/>
  <member type="node" ref="8831817107" role="platform"/>
  <member type="node" ref="738815693" role="platform"/>
  <member type="way" ref="965992922" role=""/>
  <member type="way" ref="571026093" role=""/>
  <member type="way" ref="945322254" role=""/>
  <member type="way" ref="707354681" role=""/>
  <member type="way" ref="707345852" role=""/>
  <member type="way" ref="11008413" role=""/>
  <member type="way" ref="706798106" role=""/>
  <member type="way" ref="946030653" role=""/>
  <member type="way" ref="946030654" role=""/>
  <member type="way" ref="962177668" role=""/>
  <member type="way" ref="408761980" role=""/>
  <member type="way" ref="711776732" role=""/>
  <member type="way" ref="708514872" role=""/>
  <member type="way" ref="708514873" role=""/>
  <member type="way" ref="962493749" role=""/>
  <member type="way" ref="708514874" role=""/>
  <member type="way" ref="601522492" role=""/>
  <member type="way" ref="704134619" role=""/>
  <member type="way" ref="788757975" role=""/>
  <member type="way" ref="1334956950" role=""/>
  <member type="way" ref="770552094" role=""/>
  <member type="way" ref="11005921" role=""/>
  <member type="way" ref="944122214" role=""/>
  <member type="way" ref="1053605852" role=""/>
  <member type="way" ref="769778613" role=""/>
  <member type="way" ref="1223464161" role=""/>
  <member type="way" ref="838526716" role=""/>
  <member type="way" ref="864547867" role=""/>
  <member type="way" ref="399561785" role=""/>
  <member type="way" ref="1223385256" role=""/>
  <member type="way" ref="769798547" role=""/>
  <member type="way" ref="707060209" role=""/>
  <member type="way" ref="1243387893" role=""/>
  <member type="way" ref="954856201" role=""/>
  <member type="way" ref="946030643" role=""/>
  <member type="way" ref="85608570" role=""/>
  <member type="way" ref="954856203" role=""/>
  <member type="way" ref="965634323" role=""/>
  <member type="way" ref="943964872" role=""/>
  <member type="way" ref="498896871" role=""/>
  <member type="way" ref="1262843556" role=""/>
  <member type="way" ref="498896872" role=""/>
  <member type="way" ref="1417556878" role=""/>
  <member type="way" ref="211856996" role=""/>
  <member type="way" ref="965041067" role=""/>
  <member type="way" ref="601513466" role=""/>
  <member type="way" ref="964350821" role=""/>
  <member type="way" ref="85608572" role=""/>
  <member type="way" ref="29424130" role=""/>
  <member type="way" ref="1360846561" role=""/>
  <member type="way" ref="1266720340" role=""/>
  <member type="way" ref="1266720339" role=""/>
  <member type="way" ref="37449817" role=""/>
  <member type="way" ref="702469514" role=""/>
  <member type="way" ref="769777582" role=""/>
  <member type="way" ref="702469513" role=""/>
  <member type="way" ref="37555727" role=""/>
  <member type="way" ref="943964874" role=""/>
  <member type="way" ref="1409256072" role=""/>
  <member type="way" ref="701339683" role=""/>
  <member type="way" ref="705250832" role=""/>
  <member type="way" ref="701886585" role=""/>
  <member type="way" ref="701339681" role=""/>
  <member type="way" ref="1239581823" role=""/>
  <member type="way" ref="701365202" role=""/>
  <member type="way" ref="944100710" role=""/>
  <member type="way" ref="701371239" role=""/>
  <member type="way" ref="946030644" role=""/>
  <member type="way" ref="597565388" role=""/>
  <member type="way" ref="769777576" role=""/>
  <member type="way" ref="220303927" role=""/>
  <member type="way" ref="769777575" role=""/>
  <member type="way" ref="703199102" role=""/>
  <member type="way" ref="701454823" role=""/>
  <member type="way" ref="703199100" role=""/>
  <member type="way" ref="701347289" role=""/>
  <member type="way" ref="1409256071" role=""/>
  <member type="way" ref="1409256069" role=""/>
  <member type="way" ref="703199099" role=""/>
  <member type="way" ref="1203971796" role=""/>
  <member type="way" ref="292907006" role=""/>
  <member type="way" ref="702469511" role=""/>
  <member type="way" ref="702469512" role=""/>
  <member type="way" ref="1374192213" role=""/>
  <member type="way" ref="1230498759" role=""/>
  <member type="way" ref="943964875" role=""/>
  <member type="way" ref="965574228" role=""/>
  <member type="way" ref="10231922" role=""/>
  <member type="way" ref="618377256" role=""/>
  <member type="way" ref="618377255" role=""/>
  <member type="way" ref="703204202" role=""/>
  <member type="way" ref="703206412" role=""/>
  <member type="way" ref="221152166" role=""/>
  <member type="way" ref="221152167" role=""/>
  <member type="way" ref="750372172" role=""/>
  <member type="way" ref="1361103007" role=""/>
  <member type="way" ref="706716343" role=""/>
  <member type="way" ref="709019889" role=""/>
  <member type="way" ref="706716339" role=""/>
  <member type="way" ref="706716338" role=""/>
  <member type="way" ref="709349569" role=""/>
  <member type="way" ref="709349568" role=""/>
  <member type="way" ref="1243235531" role=""/>
  <member type="way" ref="627918375" role=""/>
  <member type="way" ref="706716333" role=""/>
  <member type="way" ref="498615701" role=""/>
  <member type="way" ref="706716328" role=""/>
  <member type="way" ref="943964877" role=""/>
  <member type="way" ref="706716329" role=""/>
  <member type="way" ref="1429658662" role=""/>
  <member type="way" ref="706470214" role=""/>
  <member type="way" ref="706470212" role=""/>
  <member type="way" ref="706470211" role=""/>
  <member type="way" ref="706457316" role=""/>
  <member type="way" ref="37532290" role=""/>
  <member type="way" ref="706457314" role=""/>
  <member type="way" ref="706457312" role=""/>
  <member type="way" ref="703167528" role=""/>
  <member type="way" ref="704991208" role=""/>
  <member type="way" ref="703167527" role=""/>
  <member type="way" ref="1225571154" role=""/>
  <member type="way" ref="704984259" role=""/>
  <member type="way" ref="704984258" role=""/>
  <member type="way" ref="1225571153" role=""/>
  <member type="way" ref="704991205" role=""/>
  <member type="way" ref="704991210" role=""/>
  <member type="way" ref="36727357" role=""/>
  <member type="way" ref="464286465" role=""/>
  <member type="way" ref="972783379" role=""/>
  <member type="way" ref="705793940" role=""/>
  <member type="way" ref="1213891315" role=""/>
  <member type="way" ref="136266012" role=""/>
  <member type="way" ref="705638389" role=""/>
  <member type="way" ref="705638390" role=""/>
  <member type="way" ref="1040451793" role=""/>
  <member type="way" ref="961664410" role=""/>
  <member type="way" ref="1040451794" role=""/>
  <member type="way" ref="602001577" role=""/>
  <member type="way" ref="602001574" role=""/>
  <member type="way" ref="1040451797" role=""/>
  <member type="way" ref="602001571" role=""/>
  <member type="way" ref="1222325498" role=""/>
  <member type="way" ref="28486570" role=""/>
  <member type="way" ref="1241068452" role=""/>
  <member type="way" ref="1213891326" role=""/>
  <member type="way" ref="1304612640" role=""/>
  <member type="way" ref="384671224" role=""/>
  <member type="way" ref="601901681" role=""/>
  <member type="way" ref="1184211660" role=""/>
  <member type="way" ref="1201147791" role=""/>
  <member type="way" ref="705237596" role=""/>
  <member type="way" ref="506335715" role=""/>
  <member type="way" ref="921744805" role=""/>
  <member type="way" ref="894916673" role=""/>
  <member type="way" ref="943964879" role=""/>
  <member type="way" ref="896916085" role=""/>
  <member type="way" ref="1240344621" role=""/>
  <member type="way" ref="943964881" role=""/>
  <member type="way" ref="685162779" role=""/>
  <member type="way" ref="1080457685" role=""/>
  <member type="way" ref="1243235540" role=""/>
  <member type="way" ref="761986877" role=""/>
  <member type="way" ref="957184367" role=""/>
  <member type="way" ref="957184359" role=""/>
  <member type="way" ref="957184361" role=""/>
  <member type="way" ref="957184377" role=""/>
  <member type="way" ref="957454493" role=""/>
  <member type="way" ref="854837624" role=""/>
  <member type="way" ref="957454503" role=""/>
  <member type="way" ref="1484464574" role=""/>
  <member type="way" ref="854837627" role=""/>
  <member type="way" ref="957454504" role=""/>
  <member type="way" ref="957454506" role=""/>
  <member type="way" ref="854837630" role=""/>
  <member type="way" ref="1359074582" role=""/>
  <tag k="charge" v="12000 VND"/>
  <tag k="colour" v="#9cdd31"/>
  <tag k="fee" v="yes"/>
  <tag k="from" v="Hào Nam"/>
  <tag k="interval" v="00:13-00:20"/>
  <tag k="name" v="Hào Nam - Khu đô thị Ocean Park"/>
  <tag k="name:en" v="Hao Nam Street - Ocean Park Urban Area"/>
  <tag k="network" v="Hanoibus"/>
  <tag k="opening_hours" v="Mo-Su 05:00-22:10"/>
  <tag k="operator" v="VinBus"/>
  <tag k="ref" v="E02"/>
  <tag k="route" v="bus"/>
  <tag k="to" v="Khu đô thị Ocean Park"/>
  <tag k="type" v="route"/>
 </relation>
 <relation id="13929270" visible="true" version="51" changeset="177123134" timestamp="2026-01-12T06:19:16Z" user="edumiz624" uid="20881381">
  <member type="node" ref="8857316026" role="platform_entry_only"/>
  <member type="node" ref="9357113036" role="platform"/>
  <member type="node" ref="8859463281" role="platform"/>
  <member type="node" ref="8859463282" role="platform"/>
  <member type="node" ref="9582411764" role="platform"/>
  <member type="node" ref="9903402684" role="platform"/>
  <member type="node" ref="9903402685" role="platform"/>
  <member type="node" ref="8739945238" role="platform"/>
  <member type="node" ref="8739945239" role="platform"/>
  <member type="node" ref="8739945240" role="platform"/>
  <member type="node" ref="481837399" role="platform"/>
  <member type="node" ref="481836829" role="platform"/>
  <member type="node" ref="8739945241" role="platform"/>
  <member type="node" ref="995292341" role="platform"/>
  <member type="node" ref="9582411768" role="platform"/>
  <member type="node" ref="9582411769" role="platform"/>
  <member type="node" ref="9582411770" role="platform"/>
  <member type="node" ref="9582411771" role="platform"/>
  <member type="node" ref="9582411772" role="platform"/>
  <member type="node" ref="9582411773" role="platform"/>
  <member type="node" ref="9003315148" role="platform"/>
  <member type="node" ref="7178800459" role="platform"/>
  <member type="node" ref="7178788658" role="platform"/>
  <member type="node" ref="481837098" role="platform"/>
  <member type="node" ref="481837228" role="platform"/>
  <member type="node" ref="8209169367" role="platform"/>
  <member type="node" ref="5321696621" role="platform"/>
  <member type="node" ref="481837251" role="platform"/>
  <member type="node" ref="7132790440" role="platform"/>
  <member type="node" ref="738814872" role="platform"/>
  <member type="node" ref="738814946" role="platform"/>
  <member type="node" ref="4539039489" role="platform"/>
  <member type="node" ref="7185567066" role="platform"/>
  <member type="node" ref="11294871988" role="platform"/>
  <member type="node" ref="8936462893" role="platform_exit_only"/>
  <member type="node" ref="8831817110" role="platform"/>
  <member type="node" ref="12078321346" role="platform"/>
  <member type="node" ref="738815469" role="platform"/>
  <member type="node" ref="738815823" role="platform"/>
  <member type="way" ref="1359074582" role=""/>
  <member type="way" ref="1014224397" role=""/>
  <member type="way" ref="854837631" role=""/>
  <member type="way" ref="957454489" role=""/>
  <member type="way" ref="854837628" role=""/>
  <member type="way" ref="957454492" role=""/>
  <member type="way" ref="957184357" role=""/>
  <member type="way" ref="957184358" role=""/>
  <member type="way" ref="957184369" role=""/>
  <member type="way" ref="957184360" role=""/>
  <member type="way" ref="957184376" role=""/>
  <member type="way" ref="896572146" role=""/>
  <member type="way" ref="1243235538" role=""/>
  <member type="way" ref="1080457687" role=""/>
  <member type="way" ref="1080457688" role=""/>
  <member type="way" ref="685162779" role=""/>
  <member type="way" ref="943964881" role=""/>
  <member type="way" ref="1240344621" role=""/>
  <member type="way" ref="943964880" role=""/>
  <member type="way" ref="1134842008" role=""/>
  <member type="way" ref="1235239088" role=""/>
  <member type="way" ref="943964884" role=""/>
  <member type="way" ref="894916674" role=""/>
  <member type="way" ref="384534312" role=""/>
  <member type="way" ref="921744806" role=""/>
  <member type="way" ref="921744807" role=""/>
  <member type="way" ref="611002630" role=""/>
  <member type="way" ref="964872515" role=""/>
  <member type="way" ref="1184211066" role=""/>
  <member type="way" ref="384671220" role=""/>
  <member type="way" ref="1213891326" role=""/>
  <member type="way" ref="1241068452" role=""/>
  <member type="way" ref="28486570" role=""/>
  <member type="way" ref="1222325498" role=""/>
  <member type="way" ref="602001568" role=""/>
  <member type="way" ref="1182810878" role=""/>
  <member type="way" ref="1040753537" role=""/>
  <member type="way" ref="1040451795" role=""/>
  <member type="way" ref="602001575" role=""/>
  <member type="way" ref="961664408" role=""/>
  <member type="way" ref="961664409" role=""/>
  <member type="way" ref="374515766" role=""/>
  <member type="way" ref="704034755" role=""/>
  <member type="way" ref="704034754" role=""/>
  <member type="way" ref="1173092154" role=""/>
  <member type="way" ref="1241068455" role=""/>
  <member type="way" ref="399842627" role=""/>
  <member type="way" ref="972783405" role=""/>
  <member type="way" ref="220699362" role=""/>
  <member type="way" ref="36727357" role=""/>
  <member type="way" ref="705253440" role=""/>
  <member type="way" ref="705216220" role=""/>
  <member type="way" ref="9978719" role=""/>
  <member type="way" ref="705216219" role=""/>
  <member type="way" ref="705216218" role=""/>
  <member type="way" ref="703167526" role=""/>
  <member type="way" ref="1225571151" role=""/>
  <member type="way" ref="703167525" role=""/>
  <member type="way" ref="705216216" role=""/>
  <member type="way" ref="498792549" role=""/>
  <member type="way" ref="706457308" role=""/>
  <member type="way" ref="1241305275" role=""/>
  <member type="way" ref="706470209" role=""/>
  <member type="way" ref="706470208" role=""/>
  <member type="way" ref="706816406" role=""/>
  <member type="way" ref="1241321380" role=""/>
  <member type="way" ref="706816405" role=""/>
  <member type="way" ref="709288902" role=""/>
  <member type="way" ref="769777578" role=""/>
  <member type="way" ref="943964886" role=""/>
  <member type="way" ref="627918373" role=""/>
  <member type="way" ref="706806966" role=""/>
  <member type="way" ref="627918374" role=""/>
  <member type="way" ref="847087478" role=""/>
  <member type="way" ref="1466377910" role=""/>
  <member type="way" ref="847087479" role=""/>
  <member type="way" ref="703219919" role=""/>
  <member type="way" ref="1361103008" role=""/>
  <member type="way" ref="702919019" role=""/>
  <member type="way" ref="221152166" role=""/>
  <member type="way" ref="703206412" role=""/>
  <member type="way" ref="618377254" role=""/>
  <member type="way" ref="10231118" role=""/>
  <member type="way" ref="965574227" role=""/>
  <member type="way" ref="769777582" role=""/>
  <member type="way" ref="702469513" role=""/>
  <member type="way" ref="37555727" role=""/>
  <member type="way" ref="943964874" role=""/>
  <member type="way" ref="1409256072" role=""/>
  <member type="way" ref="701339683" role=""/>
  <member type="way" ref="705250832" role=""/>
  <member type="way" ref="701886585" role=""/>
  <member type="way" ref="701339681" role=""/>
  <member type="way" ref="1239581823" role=""/>
  <member type="way" ref="701365202" role=""/>
  <member type="way" ref="220303926" role=""/>
  <member type="way" ref="946030644" role=""/>
  <member type="way" ref="597565388" role=""/>
  <member type="way" ref="769777576" role=""/>
  <member type="way" ref="769777581" role=""/>
  <member type="way" ref="703199103" role=""/>
  <member type="way" ref="701454824" role=""/>
  <member type="way" ref="769777575" role=""/>
  <member type="way" ref="703199102" role=""/>
  <member type="way" ref="701454823" role=""/>
  <member type="way" ref="703199100" role=""/>
  <member type="way" ref="701347289" role=""/>
  <member type="way" ref="1409256071" role=""/>
  <member type="way" ref="1409256069" role=""/>
  <member type="way" ref="703199099" role=""/>
  <member type="way" ref="1203971796" role=""/>
  <member type="way" ref="292907006" role=""/>
  <member type="way" ref="702469511" role=""/>
  <member type="way" ref="702469512" role=""/>
  <member type="way" ref="1366248723" role=""/>
  <member type="way" ref="136528941" role=""/>
  <member type="way" ref="1230287866" role=""/>
  <member type="way" ref="28102135" role=""/>
  <member type="way" ref="1262845731" role=""/>
  <member type="way" ref="703214348" role=""/>
  <member type="way" ref="11705879" role=""/>
  <member type="way" ref="605231624" role=""/>
  <member type="way" ref="1417556881" role=""/>
  <member type="way" ref="605231047" role=""/>
  <member type="way" ref="498896874" role=""/>
  <member type="way" ref="1223387152" role=""/>
  <member type="way" ref="1223385664" role=""/>
  <member type="way" ref="1223365201" role=""/>
  <member type="way" ref="605230289" role=""/>
  <member type="way" ref="1223385256" role=""/>
  <member type="way" ref="399561785" role=""/>
  <member type="way" ref="864547867" role=""/>
  <member type="way" ref="838526716" role=""/>
  <member type="way" ref="1223464161" role=""/>
  <member type="way" ref="769778613" role=""/>
  <member type="way" ref="1053605852" role=""/>
  <member type="way" ref="707348510" role=""/>
  <member type="way" ref="1334956949" role=""/>
  <member type="way" ref="770552095" role=""/>
  <member type="way" ref="704134620" role=""/>
  <member type="way" ref="708896220" role=""/>
  <member type="way" ref="28945358" role=""/>
  <member type="way" ref="1277728731" role=""/>
  <member type="way" ref="962493731" role=""/>
  <member type="way" ref="954812793" role=""/>
  <member type="way" ref="37458956" role=""/>
  <member type="way" ref="703425765" role=""/>
  <member type="way" ref="1213535774" role=""/>
  <member type="way" ref="601885679" role=""/>
  <member type="way" ref="1213535597" role=""/>
  <member type="way" ref="1396737512" role=""/>
  <member type="way" ref="1368026127" role=""/>
  <member type="way" ref="599088007" role=""/>
  <member type="way" ref="946030652" role=""/>
  <member type="way" ref="706715111" role=""/>
  <member type="way" ref="946030653" role=""/>
  <member type="way" ref="1218947562" role=""/>
  <member type="way" ref="1218947565" role=""/>
  <member type="way" ref="1078449398" role=""/>
  <member type="way" ref="1218947564" role=""/>
  <member type="way" ref="1218947563" role=""/>
  <member type="way" ref="28945482" role=""/>
  <member type="way" ref="707354681" role=""/>
  <member type="way" ref="965992922" role=""/>
  <member type="way" ref="711400669" role=""/>
  <tag k="charge" v="12000 VND"/>
  <tag k="colour" v="#9cdd31"/>
  <tag k="fee" v="yes"/>
  <tag k="from" v="Khu đô thị Ocean Park"/>
  <tag k="interval" v="00:13-00:20"/>
  <tag k="name" v="Khu đô thị Ocean Park - Hào Nam"/>
  <tag k="name:en" v="Ocean Park Urban Area - Hao Nam Street"/>
  <tag k="network" v="Hanoibus"/>
  <tag k="opening_hours" v="Mo-Su 05:00-22:10"/>
  <tag k="operator" v="VinBus"/>
  <tag k="public_transport:version" v="2"/>
  <tag k="ref" v="E02"/>
  <tag k="route" v="bus"/>
  <tag k="to" v="Hào Nam"/>
  <tag k="type" v="route"/>
 </relation>
 <relation id="13929271" visible="true" version="2" changeset="148381528" timestamp="2024-03-08T12:14:50Z" user="edumiz624" uid="20881381">
  <member type="relation" ref="13925453" role=""/>
  <member type="relation" ref="13929270" role=""/>
  <tag k="name" v="Hào Nam ↔ Khu đô thị Ocean Park"/>
  <tag k="name:en" v="Hao Nam Street - Ocean Park Urban Area"/>
  <tag k="network" v="Hanoibus"/>
  <tag k="operator" v="VinBus"/>
  <tag k="ref" v="E02"/>
  <tag k="route_master" v="bus"/>
  <tag k="type" v="route_master"/>
 </relation>
 <relation id="14062704" visible="true" version="47" changeset="177122344" timestamp="2026-01-12T05:37:58Z" user="Hung Tran 9x0" uid="20910140">
  <member type="node" ref="8831817105" role="platform_entry_only"/>
  <member type="node" ref="7132790440" role="platform"/>
  <member type="node" ref="738814872" role="platform"/>
  <member type="node" ref="738814946" role="platform"/>
  <member type="node" ref="4539039489" role="platform"/>
  <member type="node" ref="7185567066" role="platform"/>
  <member type="node" ref="5068125721" role="platform"/>
  <member type="node" ref="8807115916" role="platform"/>
  <member type="node" ref="8900275038" role="platform"/>
  <member type="node" ref="8741294707" role="platform"/>
  <member type="node" ref="5059726290" role="platform"/>
  <member type="node" ref="5059727803" role="platform"/>
  <member type="node" ref="738815788" role="platform"/>
  <member type="node" ref="738815502" role="platform"/>
  <member type="node" ref="738815036" role="platform"/>
  <member type="node" ref="9013469842" role="platform"/>
  <member type="node" ref="9013469843" role="platform"/>
  <member type="node" ref="8945948098" role="platform"/>
  <member type="node" ref="8808907346" role="platform"/>
  <member type="node" ref="9320083031" role="platform_exit_only"/>
  <member type="node" ref="12078321346" role="platform"/>
  <member type="node" ref="738815469" role="platform"/>
  <member type="node" ref="738815823" role="platform"/>
  <member type="node" ref="12345971115" role="platform"/>
  <member type="node" ref="8835043626" role=""/>
  <member type="way" ref="954542122" role=""/>
  <member type="way" ref="219867179" role=""/>
  <member type="way" ref="37555725" role=""/>
  <member type="way" ref="1287255416" role=""/>
  <member type="way" ref="769785756" role=""/>
  <member type="way" ref="769777576" role=""/>
  <member type="way" ref="220303927" role=""/>
  <member type="way" ref="769777575" role=""/>
  <member type="way" ref="703199102" role=""/>
  <member type="way" ref="701454823" role=""/>
  <member type="way" ref="703199100" role=""/>
  <member type="way" ref="701347289" role=""/>
  <member type="way" ref="1409256071" role=""/>
  <member type="way" ref="1409256069" role=""/>
  <member type="way" ref="703199099" role=""/>
  <member type="way" ref="1203971796" role=""/>
  <member type="way" ref="292907006" role=""/>
  <member type="way" ref="702469511" role=""/>
  <member type="way" ref="702469512" role=""/>
  <member type="way" ref="1366248723" role=""/>
  <member type="way" ref="136528941" role=""/>
  <member type="way" ref="1230287866" role=""/>
  <member type="way" ref="28102135" role=""/>
  <member type="way" ref="1262845731" role=""/>
  <member type="way" ref="703214348" role=""/>
  <member type="way" ref="11705879" role=""/>
  <member type="way" ref="605231624" role=""/>
  <member type="way" ref="1417556881" role=""/>
  <member type="way" ref="605231047" role=""/>
  <member type="way" ref="498896874" role=""/>
  <member type="way" ref="1223387152" role=""/>
  <member type="way" ref="1223385664" role=""/>
  <member type="way" ref="1223365201" role=""/>
  <member type="way" ref="605230289" role=""/>
  <member type="way" ref="1223385256" role=""/>
  <member type="way" ref="399561785" role=""/>
  <member type="way" ref="864547867" role=""/>
  <member type="way" ref="838526716" role=""/>
  <member type="way" ref="1223464161" role=""/>
  <member type="way" ref="769778613" role=""/>
  <member type="way" ref="1053605852" role=""/>
  <member type="way" ref="707348510" role=""/>
  <member type="way" ref="1334956949" role=""/>
  <member type="way" ref="770552095" role=""/>
  <member type="way" ref="704134620" role=""/>
  <member type="way" ref="708896220" role=""/>
  <member type="way" ref="28945358" role=""/>
  <member type="way" ref="1277728731" role=""/>
  <member type="way" ref="962493731" role=""/>
  <member type="way" ref="954812793" role=""/>
  <member type="way" ref="37458956" role=""/>
  <member type="way" ref="703425765" role=""/>
  <member type="way" ref="1213535774" role=""/>
  <member type="way" ref="601885679" role=""/>
  <member type="way" ref="1213535597" role=""/>
  <member type="way" ref="1396737512" role=""/>
  <member type="way" ref="1368026127" role=""/>
  <member type="way" ref="599088007" role=""/>
  <member type="way" ref="946030652" role=""/>
  <member type="way" ref="1466373284" role=""/>
  <member type="way" ref="1466373285" role=""/>
  <member type="way" ref="703182856" role=""/>
  <member type="way" ref="706476836" role=""/>
  <member type="way" ref="706476835" role=""/>
  <member type="way" ref="706476833" role=""/>
  <member type="way" ref="1240355963" role=""/>
  <member type="way" ref="194422286" role=""/>
  <member type="way" ref="805181678" role=""/>
  <member type="way" ref="37927459" role=""/>
  <member type="way" ref="602291437" role=""/>
  <member type="way" ref="1216675686" role=""/>
  <member type="way" ref="708558063" role=""/>
  <member type="way" ref="966693588" role=""/>
  <member type="way" ref="951487937" role=""/>
  <member type="way" ref="708550759" role=""/>
  <member type="way" ref="37380896" role=""/>
  <member type="way" ref="675917785" role=""/>
  <member type="way" ref="711526155" role=""/>
  <member type="way" ref="711526154" role=""/>
  <member type="way" ref="399351646" role=""/>
  <member type="way" ref="1073767466" role=""/>
  <member type="way" ref="1073767464" role=""/>
  <member type="way" ref="1073767465" role=""/>
  <member type="way" ref="808984103" role=""/>
  <member type="way" ref="780188830" role=""/>
  <member type="way" ref="705815121" role=""/>
  <member type="way" ref="705815510" role=""/>
  <member type="way" ref="705815120" role=""/>
  <member type="way" ref="684048069" role=""/>
  <member type="way" ref="1304254915" role=""/>
  <member type="way" ref="706446636" role=""/>
  <member type="way" ref="1199890906" role=""/>
  <member type="way" ref="232598680" role=""/>
  <member type="way" ref="705808903" role=""/>
  <member type="way" ref="198253958" role=""/>
  <member type="way" ref="705808904" role=""/>
  <member type="way" ref="973485820" role=""/>
  <member type="way" ref="707852065" role=""/>
  <member type="way" ref="37380384" role=""/>
  <member type="way" ref="953158808" role=""/>
  <member type="way" ref="953158809" role=""/>
  <member type="way" ref="974551791" role=""/>
  <member type="way" ref="953158813" role=""/>
  <member type="way" ref="702572987" role=""/>
  <member type="way" ref="702572986" role=""/>
  <member type="way" ref="702572988" role=""/>
  <member type="way" ref="702572985" role=""/>
  <member type="way" ref="702572989" role=""/>
  <member type="way" ref="705504247" role=""/>
  <member type="way" ref="705504248" role=""/>
  <member type="way" ref="710297549" role=""/>
  <member type="way" ref="705504249" role=""/>
  <member type="way" ref="705504245" role=""/>
  <member type="way" ref="457903299" role=""/>
  <member type="way" ref="1010846169" role=""/>
  <member type="way" ref="116610214" role=""/>
  <member type="way" ref="704627672" role=""/>
  <member type="way" ref="704634938" role=""/>
  <member type="way" ref="600520773" role=""/>
  <member type="way" ref="356005197" role=""/>
  <member type="way" ref="684695014" role=""/>
  <member type="way" ref="710333730" role=""/>
  <member type="way" ref="710333731" role=""/>
  <member type="way" ref="684695013" role=""/>
  <member type="way" ref="1391521949" role=""/>
  <member type="way" ref="708949470" role=""/>
  <member type="way" ref="708949471" role=""/>
  <member type="way" ref="708952022" role=""/>
  <member type="way" ref="708953645" role=""/>
  <member type="way" ref="708953644" role=""/>
  <member type="way" ref="951694410" role=""/>
  <member type="way" ref="684695011" role=""/>
  <member type="way" ref="596300519" role=""/>
  <member type="way" ref="1010846170" role=""/>
  <member type="way" ref="560585109" role=""/>
  <member type="way" ref="560585111" role=""/>
  <member type="way" ref="1010846172" role=""/>
  <member type="way" ref="883802899" role=""/>
  <member type="way" ref="883802901" role=""/>
  <member type="way" ref="883802898" role=""/>
  <member type="way" ref="1010127283" role=""/>
  <member type="way" ref="1010127279" role=""/>
  <member type="way" ref="1010846174" role=""/>
  <member type="way" ref="883802904" role=""/>
  <member type="way" ref="1010846175" role=""/>
  <tag k="charge" v="10000 VND"/>
  <tag k="colour" v="#9cdd31"/>
  <tag k="fee" v="yes"/>
  <tag k="from" v="Long Biên"/>
  <tag k="interval" v="00:15-00:20"/>
  <tag k="name" v="Long Biên - Bờ Hồ - Khu đô thị Smart City"/>
  <tag k="name:en" v="Long Bien Bus Interchange - Hoan Kiem Lake - Smart City Urban Area"/>
  <tag k="network" v="Hanoibus"/>
  <tag k="opening_hours" v="Mo-Su 05:00-21:30"/>
  <tag k="operator" v="VinBus"/>
  <tag k="ref" v="E07"/>
  <tag k="route" v="bus"/>
  <tag k="to" v="Khu đô thị Smart City"/>
  <tag k="type" v="route"/>
  <tag k="via" v="Cửa Nam"/>
 </relation>
 <relation id="14062705" visible="true" version="36" changeset="177122344" timestamp="2026-01-12T05:37:58Z" user="Hung Tran 9x0" uid="20910140">
  <member type="node" ref="9320083031" role="platform_entry_only"/>
  <member type="node" ref="8808913249" role="platform"/>
  <member type="node" ref="8808913250" role="platform"/>
  <member type="node" ref="9013469859" role="platform"/>
  <member type="node" ref="9013469860" role="platform"/>
  <member type="node" ref="9013469861" role="platform"/>
  <member type="node" ref="738813809" role="platform"/>
  <member type="node" ref="738815210" role="platform"/>
  <member type="node" ref="8903312065" role="platform"/>
  <member type="node" ref="8898755900" role="platform"/>
  <member type="node" ref="738815328" role="platform"/>
  <member type="node" ref="738814414" role="platform"/>
  <member type="node" ref="8856174813" role="platform"/>
  <member type="node" ref="738814364" role="platform"/>
  <member type="node" ref="738813748" role="platform"/>
  <member type="node" ref="738815727" role="platform"/>
  <member type="node" ref="738815268" role="platform"/>
  <member type="node" ref="738815820" role="platform"/>
  <member type="node" ref="3887711843" role="platform"/>
  <member type="node" ref="738815169" role="platform"/>
  <member type="node" ref="738814524" role="platform"/>
  <member type="node" ref="5561070622" role="platform"/>
  <member type="node" ref="8259365871" role="platform"/>
  <member type="node" ref="738814587" role="platform"/>
  <member type="node" ref="738813615" role="platform"/>
  <member type="node" ref="8831817109" role="platform_exit_only"/>
  <member type="node" ref="738815693" role="platform"/>
  <member type="node" ref="8835043626" role=""/>
  <member type="way" ref="1010127278" role=""/>
  <member type="way" ref="596278982" role=""/>
  <member type="way" ref="1010127280" role=""/>
  <member type="way" ref="596278979" role=""/>
  <member type="way" ref="709798665" role=""/>
  <member type="way" ref="459219631" role=""/>
  <member type="way" ref="596300500" role=""/>
  <member type="way" ref="596300503" role=""/>
  <member type="way" ref="709798663" role=""/>
  <member type="way" ref="457757000" role=""/>
  <member type="way" ref="704627670" role=""/>
  <member type="way" ref="600520774" role=""/>
  <member type="way" ref="711088046" role=""/>
  <member type="way" ref="711088047" role=""/>
  <member type="way" ref="675481683" role=""/>
  <member type="way" ref="1373569363" role=""/>
  <member type="way" ref="702572984" role=""/>
  <member type="way" ref="702572983" role=""/>
  <member type="way" ref="711107764" role=""/>
  <member type="way" ref="106053503" role=""/>
  <member type="way" ref="1242935511" role=""/>
  <member type="way" ref="953158816" role=""/>
  <member type="way" ref="953158811" role=""/>
  <member type="way" ref="953158810" role=""/>
  <member type="way" ref="953158807" role=""/>
  <member type="way" ref="701418863" role=""/>
  <member type="way" ref="1012665673" role=""/>
  <member type="way" ref="705808905" role=""/>
  <member type="way" ref="198253958" role=""/>
  <member type="way" ref="705808906" role=""/>
  <member type="way" ref="705810329" role=""/>
  <member type="way" ref="706461436" role=""/>
  <member type="way" ref="947077256" role=""/>
  <member type="way" ref="1230486657" role=""/>
  <member type="way" ref="705810327" role=""/>
  <member type="way" ref="711526159" role=""/>
  <member type="way" ref="705815118" role=""/>
  <member type="way" ref="711526158" role=""/>
  <member type="way" ref="929552585" role=""/>
  <member type="way" ref="711526157" role=""/>
  <member type="way" ref="780188831" role=""/>
  <member type="way" ref="711526153" role=""/>
  <member type="way" ref="1073767462" role=""/>
  <member type="way" ref="1073767460" role=""/>
  <member type="way" ref="1073767461" role=""/>
  <member type="way" ref="711526156" role=""/>
  <member type="way" ref="252400879" role=""/>
  <member type="way" ref="252400873" role=""/>
  <member type="way" ref="966693593" role=""/>
  <member type="way" ref="1301504040" role=""/>
  <member type="way" ref="36850859" role=""/>
  <member type="way" ref="708558067" role=""/>
  <member type="way" ref="708558066" role=""/>
  <member type="way" ref="1216675684" role=""/>
  <member type="way" ref="817461258" role=""/>
  <member type="way" ref="708565765" role=""/>
  <member type="way" ref="967878668" role=""/>
  <member type="way" ref="967878669" role=""/>
  <member type="way" ref="704479490" role=""/>
  <member type="way" ref="1240355962" role=""/>
  <member type="way" ref="1177187695" role=""/>
  <member type="way" ref="707305432" role=""/>
  <member type="way" ref="704479486" role=""/>
  <member type="way" ref="1466373283" role=""/>
  <member type="way" ref="706798106" role=""/>
  <member type="way" ref="946030653" role=""/>
  <member type="way" ref="946030654" role=""/>
  <member type="way" ref="962177668" role=""/>
  <member type="way" ref="408761980" role=""/>
  <member type="way" ref="711776732" role=""/>
  <member type="way" ref="708514872" role=""/>
  <member type="way" ref="708514873" role=""/>
  <member type="way" ref="962493749" role=""/>
  <member type="way" ref="708514874" role=""/>
  <member type="way" ref="601522492" role=""/>
  <member type="way" ref="704134619" role=""/>
  <member type="way" ref="788757975" role=""/>
  <member type="way" ref="1334956950" role=""/>
  <member type="way" ref="770552094" role=""/>
  <member type="way" ref="11005921" role=""/>
  <member type="way" ref="944122214" role=""/>
  <member type="way" ref="1053605852" role=""/>
  <member type="way" ref="769778613" role=""/>
  <member type="way" ref="1223464161" role=""/>
  <member type="way" ref="838526716" role=""/>
  <member type="way" ref="864547867" role=""/>
  <member type="way" ref="399561785" role=""/>
  <member type="way" ref="1223385256" role=""/>
  <member type="way" ref="769798547" role=""/>
  <member type="way" ref="707060209" role=""/>
  <member type="way" ref="1243387893" role=""/>
  <member type="way" ref="954856201" role=""/>
  <member type="way" ref="946030643" role=""/>
  <member type="way" ref="85608570" role=""/>
  <member type="way" ref="954856203" role=""/>
  <member type="way" ref="965634323" role=""/>
  <member type="way" ref="943964872" role=""/>
  <member type="way" ref="498896871" role=""/>
  <member type="way" ref="1262843556" role=""/>
  <member type="way" ref="498896872" role=""/>
  <member type="way" ref="1417556878" role=""/>
  <member type="way" ref="211856996" role=""/>
  <member type="way" ref="965041067" role=""/>
  <member type="way" ref="601513466" role=""/>
  <member type="way" ref="964350821" role=""/>
  <member type="way" ref="85608572" role=""/>
  <member type="way" ref="29424130" role=""/>
  <member type="way" ref="1360846561" role=""/>
  <member type="way" ref="1266720340" role=""/>
  <member type="way" ref="1266720339" role=""/>
  <member type="way" ref="37449817" role=""/>
  <member type="way" ref="702469514" role=""/>
  <member type="way" ref="769777582" role=""/>
  <member type="way" ref="702469513" role=""/>
  <member type="way" ref="37555727" role=""/>
  <member type="way" ref="943964874" role=""/>
  <member type="way" ref="1409256072" role=""/>
  <member type="way" ref="701339683" role=""/>
  <member type="way" ref="705250832" role=""/>
  <member type="way" ref="701886585" role=""/>
  <member type="way" ref="701339681" role=""/>
  <member type="way" ref="1239581823" role=""/>
  <member type="way" ref="701365202" role=""/>
  <member type="way" ref="220303926" role=""/>
  <member type="way" ref="946030644" role=""/>
  <member type="way" ref="953227393" role=""/>
  <member type="way" ref="597567980" role=""/>
  <member type="way" ref="701452887" role=""/>
  <tag k="charge" v="10000 VND"/>
  <tag k="colour" v="#9cdd31"/>
  <tag k="fee" v="yes"/>
  <tag k="from" v="Khu đô thị Smart City"/>
  <tag k="interval" v="00:15-00:20"/>
  <tag k="name" v="Khu đô thị Smart City - Bờ Hồ - Long Biên"/>
  <tag k="name:en" v="Smart City Urban Area - Hoan Kiem Lake - Long Bien Bus Interchange"/>
  <tag k="network" v="Hanoibus"/>
  <tag k="opening_hours" v="Mo-Su 05:00-21:30"/>
  <tag k="operator" v="VinBus"/>
  <tag k="ref" v="E07"/>
  <tag k="route" v="bus"/>
  <tag k="to" v="Long Biên"/>
  <tag k="type" v="route"/>
  <tag k="via" v="Cửa Nam"/>
 </relation>
 <relation id="14062706" visible="true" version="2" changeset="148381528" timestamp="2024-03-08T12:14:50Z" user="edumiz624" uid="20881381">
  <member type="relation" ref="14062704" role=""/>
  <member type="relation" ref="14062705" role=""/>
  <tag k="name" v="Long Biên ↔ Cửa Nam ↔ Khu đô thị Smart City"/>
  <tag k="name:en" v="Long Bien Bus Interchange - Cua Nam - Smart City Urban Area"/>
  <tag k="network" v="Hanoibus"/>
  <tag k="operator" v="VinBus"/>
  <tag k="ref" v="E07"/>
  <tag k="route_master" v="bus"/>
  <tag k="type" v="route_master"/>
 </relation>
 <relation id="14343665" visible="true" version="55" changeset="177123134" timestamp="2026-01-12T06:19:16Z" user="edumiz624" uid="20881381">
  <member type="node" ref="8936462893" role="platform_entry_only"/>
  <member type="way" ref="965992922" role=""/>
  <member type="way" ref="571026093" role=""/>
  <member type="way" ref="945322254" role=""/>
  <member type="way" ref="707354681" role=""/>
  <member type="way" ref="707345852" role=""/>
  <member type="way" ref="11008413" role=""/>
  <member type="way" ref="706798106" role=""/>
  <member type="way" ref="946030653" role=""/>
  <member type="way" ref="946030654" role=""/>
  <member type="way" ref="962177668" role=""/>
  <member type="way" ref="408761980" role=""/>
  <member type="way" ref="711776732" role=""/>
  <member type="way" ref="708514872" role=""/>
  <member type="way" ref="708514873" role=""/>
  <member type="way" ref="962493749" role=""/>
  <member type="way" ref="708514874" role=""/>
  <member type="way" ref="601522492" role=""/>
  <member type="way" ref="704134619" role=""/>
  <member type="way" ref="788757975" role=""/>
  <member type="way" ref="1334956950" role=""/>
  <member type="way" ref="770552094" role=""/>
  <member type="way" ref="11005921" role=""/>
  <member type="way" ref="944122214" role=""/>
  <member type="way" ref="1053605852" role=""/>
  <member type="way" ref="769778613" role=""/>
  <member type="way" ref="1223464161" role=""/>
  <member type="way" ref="838526716" role=""/>
  <member type="way" ref="864547867" role=""/>
  <member type="way" ref="399561785" role=""/>
  <member type="way" ref="1223385256" role=""/>
  <member type="way" ref="769798547" role=""/>
  <member type="way" ref="707060209" role=""/>
  <member type="way" ref="1243387893" role=""/>
  <member type="way" ref="954856201" role=""/>
  <member type="way" ref="946030643" role=""/>
  <member type="way" ref="85608570" role=""/>
  <member type="way" ref="954856203" role=""/>
  <member type="way" ref="965634323" role=""/>
  <member type="way" ref="943964872" role=""/>
  <member type="way" ref="498896871" role=""/>
  <member type="way" ref="1262843556" role=""/>
  <member type="way" ref="498896872" role=""/>
  <member type="way" ref="1417556878" role=""/>
  <member type="way" ref="211856996" role=""/>
  <member type="way" ref="965041067" role=""/>
  <member type="way" ref="601513466" role=""/>
  <member type="way" ref="964350821" role=""/>
  <member type="way" ref="85608572" role=""/>
  <member type="way" ref="29424130" role=""/>
  <member type="way" ref="1360846561" role=""/>
  <member type="way" ref="1266720340" role=""/>
  <member type="way" ref="1266720339" role=""/>
  <member type="way" ref="37449817" role=""/>
  <member type="way" ref="702469514" role=""/>
  <member type="way" ref="769777582" role=""/>
  <member type="way" ref="702469513" role=""/>
  <member type="way" ref="37555727" role=""/>
  <member type="way" ref="943964874" role=""/>
  <member type="way" ref="1409256072" role=""/>
  <member type="way" ref="701339683" role=""/>
  <member type="way" ref="705250832" role=""/>
  <member type="way" ref="701886585" role=""/>
  <member type="way" ref="701339681" role=""/>
  <member type="way" ref="1239581823" role=""/>
  <member type="way" ref="701365202" role=""/>
  <member type="way" ref="220303926" role=""/>
  <member type="way" ref="946030644" role=""/>
  <member type="way" ref="597565388" role=""/>
  <member type="way" ref="769777576" role=""/>
  <member type="way" ref="769777581" role=""/>
  <member type="way" ref="703199103" role=""/>
  <member type="way" ref="701454824" role=""/>
  <member type="way" ref="769777575" role=""/>
  <member type="way" ref="703199102" role=""/>
  <member type="way" ref="701454823" role=""/>
  <member type="way" ref="703199100" role=""/>
  <member type="way" ref="701347289" role=""/>
  <member type="way" ref="1409256071" role=""/>
  <member type="way" ref="1409256069" role=""/>
  <member type="way" ref="703199099" role=""/>
  <member type="way" ref="1203971796" role=""/>
  <member type="way" ref="292907006" role=""/>
  <member type="way" ref="702469511" role=""/>
  <member type="way" ref="702469512" role=""/>
  <member type="way" ref="1374192213" role=""/>
  <member type="way" ref="1230498759" role=""/>
  <member type="way" ref="943964875" role=""/>
  <member type="way" ref="965574228" role=""/>
  <member type="way" ref="10231922" role=""/>
  <member type="way" ref="618377256" role=""/>
  <member type="way" ref="618377255" role=""/>
  <member type="way" ref="703204202" role=""/>
  <member type="way" ref="703206412" role=""/>
  <member type="way" ref="221152166" role=""/>
  <member type="way" ref="221152167" role=""/>
  <member type="way" ref="750372172" role=""/>
  <member type="way" ref="1361103007" role=""/>
  <member type="way" ref="706716343" role=""/>
  <member type="way" ref="709019889" role=""/>
  <member type="way" ref="709019887" role=""/>
  <member type="way" ref="36727165" role=""/>
  <member type="way" ref="943577314" role=""/>
  <member type="way" ref="943577312" role=""/>
  <member type="way" ref="1212066830" role=""/>
  <member type="way" ref="1199967385" role=""/>
  <member type="way" ref="1466377903" role=""/>
  <member type="way" ref="500579222" role=""/>
  <member type="way" ref="709679757" role=""/>
  <member type="way" ref="500579397" role=""/>
  <member type="way" ref="475076683" role=""/>
  <member type="way" ref="336483505" role=""/>
  <member type="way" ref="28489754" role=""/>
  <member type="way" ref="686937223" role=""/>
  <member type="way" ref="1396047633" role=""/>
  <member type="way" ref="1396047634" role=""/>
  <member type="way" ref="566031871" role=""/>
  <member type="way" ref="1342672185" role=""/>
  <member type="way" ref="1366617342" role=""/>
  <member type="way" ref="37531980" role=""/>
  <member type="way" ref="705794836" role=""/>
  <member type="way" ref="28378136" role=""/>
  <member type="way" ref="28378137" role=""/>
  <member type="way" ref="475071346" role=""/>
  <member type="way" ref="180131831" role=""/>
  <member type="way" ref="1319187976" role=""/>
  <member type="way" ref="1421720762" role=""/>
  <member type="way" ref="336490197" role=""/>
  <member type="way" ref="1466377908" role=""/>
  <member type="way" ref="1466377906" role=""/>
  <member type="way" ref="1466377907" role=""/>
  <member type="node" ref="738815727" role="platform"/>
  <member type="node" ref="738815693" role="platform"/>
  <member type="node" ref="738815268" role="platform"/>
  <member type="node" ref="738815820" role="platform"/>
  <member type="node" ref="3887711843" role="platform"/>
  <member type="node" ref="738815169" role="platform"/>
  <member type="node" ref="738814524" role="platform"/>
  <member type="node" ref="5561070622" role="platform"/>
  <member type="node" ref="8259365871" role="platform"/>
  <member type="node" ref="738814587" role="platform"/>
  <member type="node" ref="738813615" role="platform"/>
  <member type="node" ref="8831817110" role="platform"/>
  <member type="node" ref="738813955" role="platform"/>
  <member type="node" ref="738813402" role="platform"/>
  <member type="node" ref="13449454023" role="platform"/>
  <member type="node" ref="13449454024" role="platform"/>
  <member type="node" ref="13449454025" role="platform"/>
  <member type="node" ref="13449454026" role="platform"/>
  <member type="node" ref="13449454027" role="platform"/>
  <member type="node" ref="13449454028" role="platform"/>
  <member type="node" ref="7178795558" role="platform"/>
  <member type="node" ref="8919509904" role="platform"/>
  <member type="node" ref="13449454029" role="platform"/>
  <member type="node" ref="13449454030" role="platform"/>
  <member type="node" ref="13449454031" role="platform"/>
  <member type="node" ref="13449454032" role="platform"/>
  <member type="node" ref="13449454033" role="platform"/>
  <member type="node" ref="13449454034" role="platform"/>
  <member type="node" ref="13449454035" role="platform"/>
  <member type="node" ref="13449454036" role="platform"/>
  <member type="node" ref="13449454037" role="platform_exit_only"/>
  <tag k="charge" v="10000 VND"/>
  <tag k="colour" v="#00a4b4"/>
  <tag k="fee" v="yes"/>
  <tag k="from" v="Hào Nam"/>
  <tag k="interval" v="00:10-00:15"/>
  <tag k="name" v="Hào Nam - Phù Đổng"/>
  <tag k="name:en" v="Hao Nam Street - Phu Dong Commune"/>
  <tag k="network" v="Hanoibus"/>
  <tag k="opening_hours" v="Mo-Th 05:00-21:00; Fr 05:00-18:00"/>
  <tag k="operator" v="Công ty CP Xe khách Hà Nội"/>
  <tag k="public_transport:version" v="2"/>
  <tag k="ref" v="146"/>
  <tag k="route" v="bus"/>
  <tag k="to" v="Phù Đổng"/>
  <tag k="type" v="route"/>
 </relation>
 <relation id="14745461" visible="true" version="66" changeset="178009088" timestamp="2026-02-02T14:16:42Z" user="ZioDragon" uid="13799024">
  <member type="node" ref="9964374558" role="platform_entry_only"/>
  <member type="node" ref="8205232235" role="platform"/>
  <member type="node" ref="8205232236" role="platform"/>
  <member type="node" ref="8895558431" role="platform"/>
  <member type="node" ref="738813681" role="platform"/>
  <member type="node" ref="8895558432" role="platform"/>
  <member type="node" ref="738813333" role="platform"/>
  <member type="node" ref="738813618" role="platform"/>
  <member type="node" ref="10134844430" role="platform"/>
  <member type="node" ref="5068125721" role="platform"/>
  <member type="node" ref="8807115916" role="platform"/>
  <member type="node" ref="738815796" role="platform"/>
  <member type="node" ref="8856174814" role="platform"/>
  <member type="node" ref="738815241" role="platform"/>
  <member type="node" ref="8218246214" role="platform"/>
  <member type="node" ref="8766627151" role="platform"/>
  <member type="node" ref="8766627152" role="platform"/>
  <member type="node" ref="8766627153" role="platform"/>
  <member type="node" ref="8766627154" role="platform"/>
  <member type="node" ref="5485775798" role="platform"/>
  <member type="node" ref="6832637185" role="platform"/>
  <member type="node" ref="738813403" role="platform"/>
  <member type="node" ref="8901852870" role="platform"/>
  <member type="node" ref="8901852871" role="platform"/>
  <member type="node" ref="8901852872" role="platform"/>
  <member type="node" ref="8901852873" role="platform"/>
  <member type="node" ref="8361021995" role="platform"/>
  <member type="node" ref="8361022001" role="platform_exit_only"/>
  <member type="node" ref="11515782291" role="platform"/>
  <member type="node" ref="11515658236" role="platform"/>
  <member type="node" ref="11680376018" role="platform"/>
  <member type="node" ref="12078321346" role="platform"/>
  <member type="node" ref="738815469" role="platform"/>
  <member type="node" ref="738815823" role="platform"/>
  <member type="way" ref="1051192404" role=""/>
  <member type="way" ref="955750002" role=""/>
  <member type="way" ref="1094274141" role=""/>
  <member type="way" ref="955749998" role=""/>
  <member type="way" ref="1300236736" role=""/>
  <member type="way" ref="705794061" role=""/>
  <member type="way" ref="706502080" role=""/>
  <member type="way" ref="706503526" role=""/>
  <member type="way" ref="1377422706" role=""/>
  <member type="way" ref="1374079589" role=""/>
  <member type="way" ref="1258466935" role=""/>
  <member type="way" ref="613324910" role=""/>
  <member type="way" ref="705794058" role=""/>
  <member type="way" ref="37371054" role=""/>
  <member type="way" ref="1262815037" role=""/>
  <member type="way" ref="37371055" role=""/>
  <member type="way" ref="952211062" role=""/>
  <member type="way" ref="704595023" role=""/>
  <member type="way" ref="597550117" role=""/>
  <member type="way" ref="965574223" role=""/>
  <member type="way" ref="178102544" role=""/>
  <member type="way" ref="965574226" role=""/>
  <member type="way" ref="875229047" role=""/>
  <member type="way" ref="708964308" role=""/>
  <member type="way" ref="37370973" role=""/>
  <member type="way" ref="838425490" role=""/>
  <member type="way" ref="838425491" role=""/>
  <member type="way" ref="702919609" role=""/>
  <member type="way" ref="601455488" role=""/>
  <member type="way" ref="163843397" role=""/>
  <member type="way" ref="1396192123" role=""/>
  <member type="way" ref="601529284" role=""/>
  <member type="way" ref="1251529946" role=""/>
  <member type="way" ref="11551275" role=""/>
  <member type="way" ref="972186121" role=""/>
  <member type="way" ref="408801295" role=""/>
  <member type="way" ref="1246298985" role=""/>
  <member type="way" ref="601882375" role=""/>
  <member type="way" ref="408801203" role=""/>
  <member type="way" ref="972186119" role=""/>
  <member type="way" ref="1197647742" role=""/>
  <member type="way" ref="617308704" role=""/>
  <member type="way" ref="601595921" role=""/>
  <member type="way" ref="684044679" role=""/>
  <member type="way" ref="1053605852" role=""/>
  <member type="way" ref="707348510" role=""/>
  <member type="way" ref="1334956949" role=""/>
  <member type="way" ref="770552095" role=""/>
  <member type="way" ref="704134620" role=""/>
  <member type="way" ref="708896220" role=""/>
  <member type="way" ref="28945358" role=""/>
  <member type="way" ref="1277728731" role=""/>
  <member type="way" ref="962493731" role=""/>
  <member type="way" ref="954812793" role=""/>
  <member type="way" ref="37458956" role=""/>
  <member type="way" ref="703425765" role=""/>
  <member type="way" ref="1213535774" role=""/>
  <member type="way" ref="601885679" role=""/>
  <member type="way" ref="1213535597" role=""/>
  <member type="way" ref="1396737512" role=""/>
  <member type="way" ref="1368026127" role=""/>
  <member type="way" ref="599088007" role=""/>
  <member type="way" ref="946030652" role=""/>
  <member type="way" ref="1466373284" role=""/>
  <member type="way" ref="1466373285" role=""/>
  <member type="way" ref="703182856" role=""/>
  <member type="way" ref="706476836" role=""/>
  <member type="way" ref="706476835" role=""/>
  <member type="way" ref="706476833" role=""/>
  <member type="way" ref="1240355963" role=""/>
  <member type="way" ref="194422286" role=""/>
  <member type="way" ref="805181678" role=""/>
  <member type="way" ref="37927459" role=""/>
  <member type="way" ref="602291437" role=""/>
  <member type="way" ref="1216675686" role=""/>
  <member type="way" ref="708558063" role=""/>
  <member type="way" ref="1347202117" role=""/>
  <member type="way" ref="1349483147" role=""/>
  <member type="way" ref="37696595" role=""/>
  <member type="way" ref="817452577" role=""/>
  <member type="way" ref="207130526" role=""/>
  <member type="way" ref="962177673" role=""/>
  <member type="way" ref="1010846167" role=""/>
  <member type="way" ref="616545698" role=""/>
  <member type="way" ref="221297385" role=""/>
  <member type="way" ref="157394828" role=""/>
  <member type="way" ref="601973261" role=""/>
  <member type="way" ref="1325575769" role=""/>
  <member type="way" ref="1165357407" role=""/>
  <member type="way" ref="1256457624" role=""/>
  <member type="way" ref="1314534274" role=""/>
  <member type="way" ref="954183008" role=""/>
  <member type="way" ref="701844725" role=""/>
  <member type="way" ref="615426395" role=""/>
  <member type="way" ref="1240683346" role=""/>
  <member type="way" ref="687233229" role=""/>
  <member type="way" ref="1368317682" role=""/>
  <member type="way" ref="788967973" role=""/>
  <member type="way" ref="1240182990" role=""/>
  <member type="way" ref="947077260" role=""/>
  <member type="way" ref="397906315" role=""/>
  <member type="way" ref="965882632" role=""/>
  <member type="way" ref="408822902" role=""/>
  <member type="way" ref="947077261" role=""/>
  <member type="way" ref="1217929058" role=""/>
  <member type="way" ref="709295445" role=""/>
  <member type="way" ref="1240182985" role=""/>
  <member type="way" ref="964674138" role=""/>
  <member type="way" ref="408822969" role=""/>
  <member type="way" ref="626841280" role=""/>
  <member type="way" ref="965882633" role=""/>
  <member type="way" ref="333415914" role=""/>
  <member type="way" ref="491227497" role=""/>
  <member type="way" ref="601432083" role=""/>
  <member type="way" ref="945783766" role=""/>
  <member type="way" ref="1415662292" role=""/>
  <member type="way" ref="333415913" role=""/>
  <member type="way" ref="1444428447" role=""/>
  <member type="way" ref="333415912" role=""/>
  <member type="way" ref="709681308" role=""/>
  <member type="way" ref="333415906" role=""/>
  <member type="way" ref="964868035" role=""/>
  <member type="way" ref="972491686" role=""/>
  <member type="way" ref="1328168884" role=""/>
  <member type="way" ref="1107979596" role=""/>
  <member type="way" ref="1328168885" role=""/>
  <member type="way" ref="1107979597" role=""/>
  <member type="way" ref="1240803872" role=""/>
  <member type="way" ref="964674144" role=""/>
  <member type="way" ref="1107989467" role=""/>
  <member type="way" ref="1121703584" role=""/>
  <member type="way" ref="1121703583" role=""/>
  <member type="way" ref="954542127" role=""/>
  <member type="way" ref="35841479" role=""/>
  <member type="way" ref="1355183493" role=""/>
  <member type="way" ref="1197003501" role=""/>
  <member type="way" ref="1197003494" role=""/>
  <member type="way" ref="1197003488" role=""/>
  <member type="way" ref="1197003500" role=""/>
  <member type="way" ref="1197003498" role=""/>
  <member type="way" ref="1355183494" role=""/>
  <member type="way" ref="343741883" role=""/>
  <member type="way" ref="886446127" role=""/>
  <member type="way" ref="1121703582" role=""/>
  <member type="way" ref="964868035" role=""/>
  <member type="node" ref="12887824214" role="platform"/>
  <member type="node" ref="738815776" role="platform"/>
  <member type="node" ref="13254325489" role="platform"/>
  <tag k="charge" v="10000 VND"/>
  <tag k="colour" v="#27baff"/>
  <tag k="fee" v="yes"/>
  <tag k="from" v="Bến xe Giáp Bát"/>
  <tag k="interval" v="00:07-00:20"/>
  <tag k="name" v="Bến xe Giáp Bát - Nhổn"/>
  <tag k="name:en" v="Giap Bat Bus Station - Nhon Bus Interchange"/>
  <tag k="network" v="Hanoibus"/>
  <tag k="opening_hours" v="Mo-Su 05:00-22:30"/>
  <tag k="operator" v="Xí nghiệp xe Buýt Cầu Bươu"/>
  <tag k="public_transport:version" v="2"/>
  <tag k="ref" v="32"/>
  <tag k="route" v="bus"/>
  <tag k="to" v="Nhổn"/>
  <tag k="type" v="route"/>
 </relation>
 <relation id="14745462" visible="true" version="4" changeset="148213623" timestamp="2024-03-04T15:56:28Z" user="edumiz624" uid="20881381">
  <member type="relation" ref="14745461" role=""/>
  <member type="relation" ref="14745594" role=""/>
  <tag k="name" v="Bến xe Giáp Bát ↔ Nhổn"/>
  <tag k="name:en" v="Giap Bat Bus Station - Nhon Bus Interchange"/>
  <tag k="network" v="Hanoibus"/>
  <tag k="operator" v="Xí nghiệp xe Buýt Cầu Bươu"/>
  <tag k="ref" v="32"/>
  <tag k="route_master" v="bus"/>
  <tag k="type" v="route_master"/>
 </relation>
 <relation id="14745594" visible="true" version="42" changeset="177122344" timestamp="2026-01-12T05:37:58Z" user="Hung Tran 9x0" uid="20910140">
  <member type="node" ref="8361022001" role="platform_entry_only"/>
  <member type="node" ref="8912013117" role="platform"/>
  <member type="node" ref="8912013118" role="platform"/>
  <member type="node" ref="8912013119" role="platform"/>
  <member type="node" ref="8912013120" role="platform"/>
  <member type="node" ref="738813630" role="platform"/>
  <member type="node" ref="11515658237" role="platform"/>
  <member type="node" ref="2545040669" role="platform"/>
  <member type="node" ref="2545040560" role="platform"/>
  <member type="node" ref="738813535" role="platform"/>
  <member type="node" ref="738815665" role="platform"/>
  <member type="node" ref="8766627162" role="platform"/>
  <member type="node" ref="4914822521" role="platform"/>
  <member type="node" ref="738813636" role="platform"/>
  <member type="node" ref="738815835" role="platform"/>
  <member type="node" ref="738814364" role="platform"/>
  <member type="node" ref="738813748" role="platform"/>
  <member type="node" ref="738815727" role="platform"/>
  <member type="node" ref="738815268" role="platform"/>
  <member type="node" ref="738814465" role="platform"/>
  <member type="node" ref="8739945246" role="platform"/>
  <member type="node" ref="8895558437" role="platform"/>
  <member type="node" ref="8895558433" role="platform"/>
  <member type="node" ref="8895558438" role="platform"/>
  <member type="node" ref="738814494" role="platform"/>
  <member type="node" ref="738813232" role="platform"/>
  <member type="node" ref="8813408796" role="platform"/>
  <member type="node" ref="8813408797" role="platform"/>
  <member type="node" ref="8755733273" role="platform"/>
  <member type="node" ref="11516291185" role="platform"/>
  <member type="node" ref="11518476666" role="platform"/>
  <member type="node" ref="11672588051" role="platform"/>
  <member type="node" ref="9964374558" role="platform_exit_only"/>
  <member type="way" ref="1107989467" role=""/>
  <member type="way" ref="1107979599" role=""/>
  <member type="way" ref="964868033" role=""/>
  <member type="way" ref="964868034" role=""/>
  <member type="way" ref="600129421" role=""/>
  <member type="way" ref="709681309" role=""/>
  <member type="way" ref="333415907" role=""/>
  <member type="way" ref="922422151" role=""/>
  <member type="way" ref="1415662293" role=""/>
  <member type="way" ref="945783767" role=""/>
  <member type="way" ref="333415916" role=""/>
  <member type="way" ref="333415918" role=""/>
  <member type="way" ref="333415917" role=""/>
  <member type="way" ref="1283534881" role=""/>
  <member type="way" ref="709697838" role=""/>
  <member type="way" ref="626841286" role=""/>
  <member type="way" ref="964868040" role=""/>
  <member type="way" ref="605457998" role=""/>
  <member type="way" ref="1240182986" role=""/>
  <member type="way" ref="1186657138" role=""/>
  <member type="way" ref="709295447" role=""/>
  <member type="way" ref="709295448" role=""/>
  <member type="way" ref="709295446" role=""/>
  <member type="way" ref="709290678" role=""/>
  <member type="way" ref="709290677" role=""/>
  <member type="way" ref="640034004" role=""/>
  <member type="way" ref="1325575737" role=""/>
  <member type="way" ref="947077273" role=""/>
  <member type="way" ref="1239581822" role=""/>
  <member type="way" ref="482324745" role=""/>
  <member type="way" ref="1240683351" role=""/>
  <member type="way" ref="705519697" role=""/>
  <member type="way" ref="157394813" role=""/>
  <member type="way" ref="1240683345" role=""/>
  <member type="way" ref="1241605219" role=""/>
  <member type="way" ref="776703518" role=""/>
  <member type="way" ref="615426402" role=""/>
  <member type="way" ref="704938980" role=""/>
  <member type="way" ref="1325575768" role=""/>
  <member type="way" ref="973485822" role=""/>
  <member type="way" ref="158829325" role=""/>
  <member type="way" ref="601973263" role=""/>
  <member type="way" ref="1121703583" role=""/>
  <member type="way" ref="954542127" role=""/>
  <member type="way" ref="35841479" role=""/>
  <member type="way" ref="1355183493" role=""/>
  <member type="way" ref="1197003501" role=""/>
  <member type="way" ref="1197003494" role=""/>
  <member type="way" ref="1197003488" role=""/>
  <member type="way" ref="1197003500" role=""/>
  <member type="way" ref="343741881" role=""/>
  <member type="way" ref="675914857" role=""/>
  <member type="way" ref="704479890" role=""/>
  <member type="way" ref="36850859" role=""/>
  <member type="way" ref="708558067" role=""/>
  <member type="way" ref="708558066" role=""/>
  <member type="way" ref="1216675684" role=""/>
  <member type="way" ref="817461258" role=""/>
  <member type="way" ref="708565765" role=""/>
  <member type="way" ref="967878668" role=""/>
  <member type="way" ref="967878669" role=""/>
  <member type="way" ref="704479490" role=""/>
  <member type="way" ref="1240355962" role=""/>
  <member type="way" ref="1177187695" role=""/>
  <member type="way" ref="707305432" role=""/>
  <member type="way" ref="704479486" role=""/>
  <member type="way" ref="1466373283" role=""/>
  <member type="way" ref="706798106" role=""/>
  <member type="way" ref="946030653" role=""/>
  <member type="way" ref="946030654" role=""/>
  <member type="way" ref="962177668" role=""/>
  <member type="way" ref="408761980" role=""/>
  <member type="way" ref="711776732" role=""/>
  <member type="way" ref="708514872" role=""/>
  <member type="way" ref="708514873" role=""/>
  <member type="way" ref="962493749" role=""/>
  <member type="way" ref="708514874" role=""/>
  <member type="way" ref="601522489" role=""/>
  <member type="way" ref="710176322" role=""/>
  <member type="way" ref="710176323" role=""/>
  <member type="way" ref="628714049" role=""/>
  <member type="way" ref="965041060" role=""/>
  <member type="way" ref="769798552" role=""/>
  <member type="way" ref="710176320" role=""/>
  <member type="way" ref="218106606" role=""/>
  <member type="way" ref="898272869" role=""/>
  <member type="way" ref="943964892" role=""/>
  <member type="way" ref="601529284" role=""/>
  <member type="way" ref="1396192123" role=""/>
  <member type="way" ref="163843396" role=""/>
  <member type="way" ref="601455489" role=""/>
  <member type="way" ref="962177672" role=""/>
  <member type="way" ref="711379743" role=""/>
  <member type="way" ref="711379742" role=""/>
  <member type="way" ref="37370971" role=""/>
  <member type="way" ref="708964307" role=""/>
  <member type="way" ref="708964306" role=""/>
  <member type="way" ref="965574225" role=""/>
  <member type="way" ref="178102535" role=""/>
  <member type="way" ref="965574224" role=""/>
  <member type="way" ref="704595021" role=""/>
  <member type="way" ref="37370975" role=""/>
  <member type="way" ref="1339713739" role=""/>
  <member type="way" ref="37371052" role=""/>
  <member type="way" ref="705782098" role=""/>
  <member type="way" ref="957062224" role=""/>
  <member type="way" ref="926182259" role=""/>
  <member type="way" ref="705794060" role=""/>
  <member type="way" ref="705792272" role=""/>
  <member type="way" ref="1374079590" role=""/>
  <member type="way" ref="705792271" role=""/>
  <member type="way" ref="706502081" role=""/>
  <member type="way" ref="705812474" role=""/>
  <member type="way" ref="1300236737" role=""/>
  <member type="way" ref="1298906827" role=""/>
  <member type="way" ref="1390293016" role=""/>
  <member type="way" ref="705812470" role=""/>
  <member type="way" ref="705812469" role=""/>
  <member type="way" ref="223807109" role=""/>
  <member type="way" ref="703496255" role=""/>
  <member type="way" ref="705812473" role=""/>
  <member type="way" ref="945322271" role=""/>
  <member type="way" ref="599514302" role=""/>
  <member type="way" ref="1094274140" role=""/>
  <member type="way" ref="948022933" role=""/>
  <member type="way" ref="955842612" role=""/>
  <member type="way" ref="961664398" role=""/>
  <member type="way" ref="1290902318" role=""/>
  <member type="way" ref="223807106" role=""/>
  <member type="way" ref="1256805276" role=""/>
  <member type="node" ref="738815693" role="platform"/>
  <tag k="charge" v="10000 VND"/>
  <tag k="colour" v="#27baff"/>
  <tag k="fee" v="yes"/>
  <tag k="from" v="Nhổn"/>
  <tag k="interval" v="00:07-00:20"/>
  <tag k="name" v="Nhổn - Bến xe Giáp Bát"/>
  <tag k="name:en" v="Nhon Bus Interchange - Giap Bat Bus Station"/>
  <tag k="network" v="Hanoibus"/>
  <tag k="opening_hours" v="Mo-Su 05:00-22:30"/>
  <tag k="operator" v="Xí nghiệp xe Buýt Cầu Bươu"/>
  <tag k="public_transport:version" v="2"/>
  <tag k="ref" v="32"/>
  <tag k="route" v="bus"/>
  <tag k="to" v="Bến xe Giáp Bát"/>
  <tag k="type" v="route"/>
 </relation>
 <relation id="16150697" visible="true" version="4" changeset="142524361" timestamp="2023-10-13T13:25:47Z" user="ItsLouisAnderson" uid="11691953">
  <member type="node" ref="10591743723" role=""/>
  <member type="way" ref="703595586" role=""/>
  <member type="way" ref="220305168" role=""/>
  <member type="way" ref="1210928231" role="platform"/>
  <member type="relation" ref="16381313" role="platform"/>
  <member type="relation" ref="16381314" role="platform"/>
  <member type="relation" ref="16381315" role="platform"/>
  <member type="relation" ref="16381316" role="platform"/>
  <member type="relation" ref="16381317" role="platform"/>
  <member type="node" ref="11219407110" role="stop"/>
  <member type="node" ref="11219407111" role="stop"/>
  <member type="node" ref="11219407112" role="stop"/>
  <member type="node" ref="11219407113" role="stop"/>
  <member type="node" ref="11219407114" role="stop"/>
  <member type="node" ref="11219407115" role="stop"/>
  <member type="node" ref="11219407117" role="stop"/>
  <member type="node" ref="11219407116" role="stop"/>
  <member type="node" ref="11219407118" role="stop"/>
  <member type="node" ref="11219407119" role="stop"/>
  <member type="node" ref="11219407109" role="stop"/>
  <tag k="name" v="Ga Hà Nội"/>
  <tag k="network" v="VN:railway"/>
  <tag k="public_transport" v="stop_area"/>
  <tag k="type" v="public_transport"/>
 </relation>
 <relation id="16533914" visible="true" version="8" changeset="154350600" timestamp="2024-07-24T13:30:54Z" user="logus2" uid="21611817">
  <member type="node" ref="11219407112" role="stop_entry_only"/>
  <member type="relation" ref="16381317" role="platform_entry_only"/>
  <member type="node" ref="2685835182" role="stop"/>
  <member type="way" ref="704292615" role="platform"/>
  <member type="node" ref="11278903251" role="stop"/>
  <member type="way" ref="1207462081" role="platform"/>
  <member type="node" ref="11278903259" role="stop"/>
  <member type="way" ref="1217264269" role="platform"/>
  <member type="node" ref="11278927572" role="stop"/>
  <member type="way" ref="1217264272" role="platform"/>
  <member type="node" ref="11278927588" role="stop_exit_only"/>
  <member type="way" ref="631060267" role="platform_exit_only"/>
  <member type="way" ref="262772599" role=""/>
  <member type="way" ref="1217264283" role=""/>
  <member type="way" ref="1217264282" role=""/>
  <member type="way" ref="1217264289" role=""/>
  <member type="way" ref="262779970" role=""/>
  <member type="way" ref="1247135449" role=""/>
  <member type="way" ref="560573139" role=""/>
  <member type="way" ref="1303490829" role=""/>
  <member type="way" ref="292907024" role=""/>
  <member type="way" ref="292907019" role=""/>
  <member type="way" ref="292907015" role=""/>
  <member type="way" ref="292907014" role=""/>
  <member type="way" ref="292907011" role=""/>
  <member type="way" ref="184919497" role=""/>
  <member type="way" ref="292907023" role=""/>
  <member type="way" ref="292907018" role=""/>
  <member type="way" ref="292907021" role=""/>
  <member type="way" ref="292907016" role=""/>
  <member type="way" ref="292907020" role=""/>
  <member type="way" ref="702874832" role=""/>
  <member type="way" ref="28366870" role=""/>
  <member type="way" ref="28378132" role=""/>
  <member type="way" ref="1218000632" role=""/>
  <member type="way" ref="1218000631" role=""/>
  <member type="way" ref="1217264292" role=""/>
  <member type="way" ref="262938176" role=""/>
  <member type="way" ref="648865651" role=""/>
  <member type="way" ref="1217264264" role=""/>
  <member type="way" ref="580194047" role=""/>
  <member type="way" ref="1217264296" role=""/>
  <member type="way" ref="263562403" role=""/>
  <member type="way" ref="37533691" role=""/>
  <member type="way" ref="881946994" role=""/>
  <member type="way" ref="343122614" role=""/>
  <member type="way" ref="909568577" role=""/>
  <member type="way" ref="909568578" role=""/>
  <member type="way" ref="484474619" role=""/>
  <member type="way" ref="484474618" role=""/>
  <member type="way" ref="208676394" role=""/>
  <member type="way" ref="1188500079" role=""/>
  <member type="way" ref="1217354726" role=""/>
  <member type="way" ref="1217478133" role=""/>
  <member type="way" ref="1217354727" role=""/>
  <member type="way" ref="1217478132" role=""/>
  <member type="way" ref="1188500080" role=""/>
  <member type="way" ref="208676395" role=""/>
  <member type="way" ref="1207462073" role=""/>
  <member type="way" ref="1207462074" role=""/>
  <member type="way" ref="815944728" role=""/>
  <member type="way" ref="1217264265" role=""/>
  <member type="way" ref="1217371084" role=""/>
  <member type="way" ref="1207462078" role=""/>
  <member type="way" ref="628292616" role=""/>
  <member type="way" ref="1137490618" role=""/>
  <member type="way" ref="1137490617" role=""/>
  <member type="way" ref="628292617" role=""/>
  <member type="way" ref="10575596" role=""/>
  <member type="way" ref="629213581" role=""/>
  <member type="way" ref="629213582" role=""/>
  <member type="way" ref="1175593002" role=""/>
  <member type="way" ref="1175593001" role=""/>
  <member type="way" ref="208673504" role=""/>
  <member type="way" ref="207010772" role=""/>
  <member type="way" ref="1207462088" role=""/>
  <member type="way" ref="1217264267" role=""/>
  <member type="way" ref="208676009" role=""/>
  <member type="way" ref="1125111823" role=""/>
  <member type="way" ref="1125111824" role=""/>
  <member type="way" ref="208675683" role=""/>
  <member type="way" ref="1207465754" role=""/>
  <member type="way" ref="1207465749" role=""/>
  <member type="way" ref="1217264277" role=""/>
  <member type="way" ref="889260174" role=""/>
  <member type="way" ref="208675682" role=""/>
  <member type="way" ref="208675684" role=""/>
  <member type="way" ref="1217264281" role=""/>
  <member type="way" ref="1217264280" role=""/>
  <member type="way" ref="1201081960" role=""/>
  <tag k="distance" v="102"/>
  <tag k="duration" v="02:25"/>
  <tag k="from" v="Hà Nội"/>
  <tag k="name" v="Tàu HP1: Hà Nội =&gt; Hải Phòng"/>
  <tag k="name:en" v="Train HP1: Hanoi =&gt; Haiphong"/>
  <tag k="network" v="VN:railway"/>
  <tag k="operator" v="Tổng công ty Đường sắt Việt Nam"/>
  <tag k="passenger" v="regional"/>
  <tag k="public_transport:version" v="2"/>
  <tag k="ref" v="HP1"/>
  <tag k="route" v="train"/>
  <tag k="to" v="Hải Phòng"/>
  <tag k="toilets" v="yes"/>
  <tag k="type" v="route"/>
 </relation>
 <relation id="16536005" visible="true" version="7" changeset="154350600" timestamp="2024-07-24T13:30:54Z" user="logus2" uid="21611817">
  <member type="node" ref="11219407118" role="stop_entry_only"/>
  <member type="relation" ref="16381314" role="platform_entry_only"/>
  <member type="node" ref="445345254" role="stop"/>
  <member type="way" ref="242563774" role="platform"/>
  <member type="node" ref="2685835182" role="stop"/>
  <member type="way" ref="704292615" role="platform"/>
  <member type="node" ref="11279662347" role="stop"/>
  <member type="way" ref="1217354728" role="platform"/>
  <member type="node" ref="11278903251" role="stop"/>
  <member type="way" ref="1207462081" role="platform"/>
  <member type="node" ref="11278903259" role="stop"/>
  <member type="way" ref="1217264269" role="platform"/>
  <member type="node" ref="11278927572" role="stop"/>
  <member type="way" ref="1217264272" role="platform"/>
  <member type="node" ref="11278927588" role="stop_exit_only"/>
  <member type="way" ref="631060267" role="platform_exit_only"/>
  <member type="way" ref="262772607" role=""/>
  <member type="way" ref="1217264287" role=""/>
  <member type="way" ref="1217264290" role=""/>
  <member type="way" ref="262779970" role=""/>
  <member type="way" ref="1247135449" role=""/>
  <member type="way" ref="560573139" role=""/>
  <member type="way" ref="1303490829" role=""/>
  <member type="way" ref="292907024" role=""/>
  <member type="way" ref="292907019" role=""/>
  <member type="way" ref="292907015" role=""/>
  <member type="way" ref="292907014" role=""/>
  <member type="way" ref="292907011" role=""/>
  <member type="way" ref="184919497" role=""/>
  <member type="way" ref="292907023" role=""/>
  <member type="way" ref="292907018" role=""/>
  <member type="way" ref="292907021" role=""/>
  <member type="way" ref="292907016" role=""/>
  <member type="way" ref="292907020" role=""/>
  <member type="way" ref="702874832" role=""/>
  <member type="way" ref="28366870" role=""/>
  <member type="way" ref="28378132" role=""/>
  <member type="way" ref="1218000632" role=""/>
  <member type="way" ref="1218000631" role=""/>
  <member type="way" ref="1217264292" role=""/>
  <member type="way" ref="262938176" role=""/>
  <member type="way" ref="648865651" role=""/>
  <member type="way" ref="1217264264" role=""/>
  <member type="way" ref="580194047" role=""/>
  <member type="way" ref="1217264296" role=""/>
  <member type="way" ref="263562403" role=""/>
  <member type="way" ref="37533691" role=""/>
  <member type="way" ref="881946994" role=""/>
  <member type="way" ref="343122614" role=""/>
  <member type="way" ref="909568577" role=""/>
  <member type="way" ref="909568578" role=""/>
  <member type="way" ref="484474619" role=""/>
  <member type="way" ref="484474618" role=""/>
  <member type="way" ref="208676394" role=""/>
  <member type="way" ref="1188500079" role=""/>
  <member type="way" ref="1217354726" role=""/>
  <member type="way" ref="1217478133" role=""/>
  <member type="way" ref="1207462072" role=""/>
  <member type="way" ref="1188500080" role=""/>
  <member type="way" ref="208676395" role=""/>
  <member type="way" ref="1207462073" role=""/>
  <member type="way" ref="1207462074" role=""/>
  <member type="way" ref="815944728" role=""/>
  <member type="way" ref="1217264265" role=""/>
  <member type="way" ref="1217371084" role=""/>
  <member type="way" ref="1207462078" role=""/>
  <member type="way" ref="628292616" role=""/>
  <member type="way" ref="1137490618" role=""/>
  <member type="way" ref="1137490617" role=""/>
  <member type="way" ref="628292617" role=""/>
  <member type="way" ref="10575596" role=""/>
  <member type="way" ref="629213581" role=""/>
  <member type="way" ref="629213582" role=""/>
  <member type="way" ref="1175593002" role=""/>
  <member type="way" ref="1175593001" role=""/>
  <member type="way" ref="208673504" role=""/>
  <member type="way" ref="207010772" role=""/>
  <member type="way" ref="1207462088" role=""/>
  <member type="way" ref="1217264267" role=""/>
  <member type="way" ref="208676009" role=""/>
  <member type="way" ref="1125111823" role=""/>
  <member type="way" ref="1125111824" role=""/>
  <member type="way" ref="208675683" role=""/>
  <member type="way" ref="1207465754" role=""/>
  <member type="way" ref="1207465749" role=""/>
  <member type="way" ref="1217264277" role=""/>
  <member type="way" ref="889260174" role=""/>
  <member type="way" ref="208675682" role=""/>
  <member type="way" ref="208675684" role=""/>
  <member type="way" ref="1217264281" role=""/>
  <member type="way" ref="1217264280" role=""/>
  <member type="way" ref="1201081960" role=""/>
  <tag k="distance" v="102"/>
  <tag k="duration" v="02:40"/>
  <tag k="from" v="Hà Nội"/>
  <tag k="name" v="Tàu LP3: Hà Nội =&gt; Hải Phòng"/>
  <tag k="name:en" v="Train LP3: Hanoi =&gt; Haiphong"/>
  <tag k="network" v="VN:railway"/>
  <tag k="operator" v="Tổng công ty Đường sắt Việt Nam"/>
  <tag k="passenger" v="regional"/>
  <tag k="public_transport:version" v="2"/>
  <tag k="ref" v="LP3"/>
  <tag k="route" v="train"/>
  <tag k="to" v="Hải Phòng"/>
  <tag k="toilets" v="yes"/>
  <tag k="type" v="route"/>
 </relation>
 <relation id="16536371" visible="true" version="6" changeset="154350600" timestamp="2024-07-24T13:30:54Z" user="logus2" uid="21611817">
  <member type="node" ref="11219407114" role="stop_entry_only"/>
  <member type="relation" ref="16381316" role="platform_entry_only"/>
  <member type="node" ref="445345254" role="stop"/>
  <member type="way" ref="242563774" role="platform"/>
  <member type="node" ref="11279662342" role="stop"/>
  <member type="way" ref="704292617" role="platform"/>
  <member type="node" ref="11279662348" role="stop"/>
  <member type="way" ref="1217354728" role="platform"/>
  <member type="node" ref="11278903251" role="stop"/>
  <member type="way" ref="1207462081" role="platform"/>
  <member type="node" ref="11278903259" role="stop"/>
  <member type="way" ref="1217264269" role="platform"/>
  <member type="node" ref="11278927572" role="stop"/>
  <member type="way" ref="1217264272" role="platform"/>
  <member type="node" ref="11278927588" role="stop_exit_only"/>
  <member type="way" ref="631060267" role="platform_exit_only"/>
  <member type="way" ref="1217264259" role=""/>
  <member type="way" ref="1217264285" role=""/>
  <member type="way" ref="1217264286" role=""/>
  <member type="way" ref="1217264284" role=""/>
  <member type="way" ref="1217264289" role=""/>
  <member type="way" ref="262779970" role=""/>
  <member type="way" ref="1247135449" role=""/>
  <member type="way" ref="560573139" role=""/>
  <member type="way" ref="1303490829" role=""/>
  <member type="way" ref="292907024" role=""/>
  <member type="way" ref="292907019" role=""/>
  <member type="way" ref="292907015" role=""/>
  <member type="way" ref="292907014" role=""/>
  <member type="way" ref="292907011" role=""/>
  <member type="way" ref="184919497" role=""/>
  <member type="way" ref="292907023" role=""/>
  <member type="way" ref="292907018" role=""/>
  <member type="way" ref="292907021" role=""/>
  <member type="way" ref="292907016" role=""/>
  <member type="way" ref="292907020" role=""/>
  <member type="way" ref="702874832" role=""/>
  <member type="way" ref="28366870" role=""/>
  <member type="way" ref="28378132" role=""/>
  <member type="way" ref="1218000632" role=""/>
  <member type="way" ref="1218000631" role=""/>
  <member type="way" ref="1217264292" role=""/>
  <member type="way" ref="262772601" role=""/>
  <member type="way" ref="1218000633" role=""/>
  <member type="way" ref="913738760" role=""/>
  <member type="way" ref="1217354725" role=""/>
  <member type="way" ref="580194049" role=""/>
  <member type="way" ref="262938175" role=""/>
  <member type="way" ref="1217264295" role=""/>
  <member type="way" ref="1217264296" role=""/>
  <member type="way" ref="263562403" role=""/>
  <member type="way" ref="37533691" role=""/>
  <member type="way" ref="881946994" role=""/>
  <member type="way" ref="343122614" role=""/>
  <member type="way" ref="909568577" role=""/>
  <member type="way" ref="909568578" role=""/>
  <member type="way" ref="484474619" role=""/>
  <member type="way" ref="484474618" role=""/>
  <member type="way" ref="208676394" role=""/>
  <member type="way" ref="1188500079" role=""/>
  <member type="way" ref="1217354726" role=""/>
  <member type="way" ref="1217478133" role=""/>
  <member type="way" ref="1217478133" role=""/>
  <member type="way" ref="1217354727" role=""/>
  <member type="way" ref="1217478132" role=""/>
  <member type="way" ref="1188500080" role=""/>
  <member type="way" ref="208676395" role=""/>
  <member type="way" ref="1207462073" role=""/>
  <member type="way" ref="1207462074" role=""/>
  <member type="way" ref="815944728" role=""/>
  <member type="way" ref="1217264265" role=""/>
  <member type="way" ref="1217371084" role=""/>
  <member type="way" ref="1207462078" role=""/>
  <member type="way" ref="628292616" role=""/>
  <member type="way" ref="1137490618" role=""/>
  <member type="way" ref="1137490617" role=""/>
  <member type="way" ref="628292617" role=""/>
  <member type="way" ref="10575596" role=""/>
  <member type="way" ref="629213581" role=""/>
  <member type="way" ref="629213582" role=""/>
  <member type="way" ref="1175593002" role=""/>
  <member type="way" ref="1175593001" role=""/>
  <member type="way" ref="208673504" role=""/>
  <member type="way" ref="207010772" role=""/>
  <member type="way" ref="1207462088" role=""/>
  <member type="way" ref="1217264267" role=""/>
  <member type="way" ref="208676009" role=""/>
  <member type="way" ref="1125111823" role=""/>
  <member type="way" ref="1125111824" role=""/>
  <member type="way" ref="208675683" role=""/>
  <member type="way" ref="1207465754" role=""/>
  <member type="way" ref="1207465749" role=""/>
  <member type="way" ref="1217264277" role=""/>
  <member type="way" ref="889260174" role=""/>
  <member type="way" ref="208675682" role=""/>
  <member type="way" ref="208675684" role=""/>
  <member type="way" ref="1217264281" role=""/>
  <member type="way" ref="1217264280" role=""/>
  <member type="way" ref="1201081960" role=""/>
  <tag k="distance" v="102"/>
  <tag k="duration" v="02:45"/>
  <tag k="from" v="Hà Nội"/>
  <tag k="name" v="Tàu LP5: Hà Nội =&gt; Hải Phòng"/>
  <tag k="name:en" v="Train LP5: Hanoi =&gt; Haiphong"/>
  <tag k="network" v="VN:railway"/>
  <tag k="operator" v="Tổng công ty Đường sắt Việt Nam"/>
  <tag k="passenger" v="regional"/>
  <tag k="public_transport:version" v="2"/>
  <tag k="ref" v="LP5"/>
  <tag k="route" v="train"/>
  <tag k="to" v="Hải Phòng"/>
  <tag k="toilets" v="yes"/>
  <tag k="type" v="route"/>
 </relation>
 <relation id="16536372" visible="true" version="6" changeset="154350600" timestamp="2024-07-24T13:30:54Z" user="logus2" uid="21611817">
  <member type="node" ref="11219407118" role="stop_entry_only"/>
  <member type="relation" ref="16381314" role="platform_entry_only"/>
  <member type="node" ref="445345254" role="stop"/>
  <member type="way" ref="242563774" role="platform"/>
  <member type="node" ref="2685835182" role="stop"/>
  <member type="way" ref="704292615" role="platform"/>
  <member type="node" ref="11279662347" role="stop"/>
  <member type="way" ref="1217354728" role="platform"/>
  <member type="node" ref="11279794020" role="stop"/>
  <member type="way" ref="1207462082" role="platform"/>
  <member type="node" ref="11278903259" role="stop"/>
  <member type="way" ref="1217264269" role="platform"/>
  <member type="node" ref="11278927572" role="stop"/>
  <member type="way" ref="1217264272" role="platform"/>
  <member type="node" ref="11278927588" role="stop_exit_only"/>
  <member type="way" ref="631060267" role="platform_exit_only"/>
  <member type="way" ref="262772607" role=""/>
  <member type="way" ref="1217264287" role=""/>
  <member type="way" ref="1217264290" role=""/>
  <member type="way" ref="262779970" role=""/>
  <member type="way" ref="1247135449" role=""/>
  <member type="way" ref="560573139" role=""/>
  <member type="way" ref="1303490829" role=""/>
  <member type="way" ref="292907024" role=""/>
  <member type="way" ref="292907019" role=""/>
  <member type="way" ref="292907015" role=""/>
  <member type="way" ref="292907014" role=""/>
  <member type="way" ref="292907011" role=""/>
  <member type="way" ref="184919497" role=""/>
  <member type="way" ref="292907023" role=""/>
  <member type="way" ref="292907018" role=""/>
  <member type="way" ref="292907021" role=""/>
  <member type="way" ref="292907016" role=""/>
  <member type="way" ref="292907020" role=""/>
  <member type="way" ref="702874832" role=""/>
  <member type="way" ref="28366870" role=""/>
  <member type="way" ref="28378132" role=""/>
  <member type="way" ref="1218000632" role=""/>
  <member type="way" ref="1218000631" role=""/>
  <member type="way" ref="1217264292" role=""/>
  <member type="way" ref="262938176" role=""/>
  <member type="way" ref="648865651" role=""/>
  <member type="way" ref="1217264264" role=""/>
  <member type="way" ref="580194047" role=""/>
  <member type="way" ref="1217264296" role=""/>
  <member type="way" ref="263562403" role=""/>
  <member type="way" ref="37533691" role=""/>
  <member type="way" ref="881946994" role=""/>
  <member type="way" ref="343122614" role=""/>
  <member type="way" ref="909568577" role=""/>
  <member type="way" ref="909568578" role=""/>
  <member type="way" ref="484474619" role=""/>
  <member type="way" ref="484474618" role=""/>
  <member type="way" ref="208676394" role=""/>
  <member type="way" ref="1188500079" role=""/>
  <member type="way" ref="1217354726" role=""/>
  <member type="way" ref="1217478133" role=""/>
  <member type="way" ref="1207462072" role=""/>
  <member type="way" ref="1188500080" role=""/>
  <member type="way" ref="208676395" role=""/>
  <member type="way" ref="1207462073" role=""/>
  <member type="way" ref="1207462074" role=""/>
  <member type="way" ref="815944728" role=""/>
  <member type="way" ref="1217264265" role=""/>
  <member type="way" ref="1207462079" role=""/>
  <member type="way" ref="1207462075" role=""/>
  <member type="way" ref="1217371086" role=""/>
  <member type="way" ref="628292616" role=""/>
  <member type="way" ref="1137490618" role=""/>
  <member type="way" ref="1137490617" role=""/>
  <member type="way" ref="628292617" role=""/>
  <member type="way" ref="10575596" role=""/>
  <member type="way" ref="629213581" role=""/>
  <member type="way" ref="629213582" role=""/>
  <member type="way" ref="1175593002" role=""/>
  <member type="way" ref="1175593001" role=""/>
  <member type="way" ref="208673504" role=""/>
  <member type="way" ref="207010772" role=""/>
  <member type="way" ref="1207462088" role=""/>
  <member type="way" ref="1217264267" role=""/>
  <member type="way" ref="208676009" role=""/>
  <member type="way" ref="1125111823" role=""/>
  <member type="way" ref="1125111824" role=""/>
  <member type="way" ref="208675683" role=""/>
  <member type="way" ref="1207465754" role=""/>
  <member type="way" ref="1207465749" role=""/>
  <member type="way" ref="1217264277" role=""/>
  <member type="way" ref="889260174" role=""/>
  <member type="way" ref="208675682" role=""/>
  <member type="way" ref="208675684" role=""/>
  <member type="way" ref="1217264281" role=""/>
  <member type="way" ref="1217264280" role=""/>
  <member type="way" ref="1201081960" role=""/>
  <tag k="distance" v="102"/>
  <tag k="duration" v="02:45"/>
  <tag k="from" v="Hà Nội"/>
  <tag k="name" v="Tàu LP7: Hà Nội =&gt; Hải Phòng"/>
  <tag k="name:en" v="Train LP7: Hanoi =&gt; Haiphong"/>
  <tag k="network" v="VN:railway"/>
  <tag k="operator" v="Tổng công ty Đường sắt Việt Nam"/>
  <tag k="passenger" v="regional"/>
  <tag k="public_transport:version" v="2"/>
  <tag k="ref" v="LP7"/>
  <tag k="route" v="train"/>
  <tag k="to" v="Hải Phòng"/>
  <tag k="toilets" v="yes"/>
  <tag k="type" v="route"/>
 </relation>
 <relation id="16539549" visible="true" version="5" changeset="154350600" timestamp="2024-07-24T13:30:54Z" user="logus2" uid="21611817">
  <member type="node" ref="11278927588" role="stop_entry_only"/>
  <member type="way" ref="631060267" role="platform_entry_only"/>
  <member type="node" ref="11278927572" role="stop"/>
  <member type="way" ref="1217264272" role="platform"/>
  <member type="node" ref="11278903259" role="stop"/>
  <member type="way" ref="1217264269" role="platform"/>
  <member type="node" ref="11279794020" role="stop"/>
  <member type="way" ref="1207462082" role="platform"/>
  <member type="node" ref="11279662347" role="stop"/>
  <member type="way" ref="1217354728" role="platform"/>
  <member type="node" ref="2685835182" role="stop"/>
  <member type="way" ref="704292615" role="platform"/>
  <member type="node" ref="445345254" role="stop"/>
  <member type="way" ref="242563774" role="platform"/>
  <member type="node" ref="11219407114" role="stop_exit_only"/>
  <member type="relation" ref="16381316" role="platform_exit_only"/>
  <member type="way" ref="1201081960" role=""/>
  <member type="way" ref="1217264280" role=""/>
  <member type="way" ref="1217264281" role=""/>
  <member type="way" ref="208675684" role=""/>
  <member type="way" ref="208675682" role=""/>
  <member type="way" ref="889260174" role=""/>
  <member type="way" ref="1217264277" role=""/>
  <member type="way" ref="1207465749" role=""/>
  <member type="way" ref="1207465754" role=""/>
  <member type="way" ref="208675683" role=""/>
  <member type="way" ref="1125111824" role=""/>
  <member type="way" ref="1125111823" role=""/>
  <member type="way" ref="208676009" role=""/>
  <member type="way" ref="1217264267" role=""/>
  <member type="way" ref="1207462088" role=""/>
  <member type="way" ref="207010772" role=""/>
  <member type="way" ref="208673504" role=""/>
  <member type="way" ref="1175593001" role=""/>
  <member type="way" ref="1175593002" role=""/>
  <member type="way" ref="629213582" role=""/>
  <member type="way" ref="629213581" role=""/>
  <member type="way" ref="10575596" role=""/>
  <member type="way" ref="628292617" role=""/>
  <member type="way" ref="1137490617" role=""/>
  <member type="way" ref="1137490618" role=""/>
  <member type="way" ref="628292616" role=""/>
  <member type="way" ref="1217371086" role=""/>
  <member type="way" ref="1207462075" role=""/>
  <member type="way" ref="1207462079" role=""/>
  <member type="way" ref="1217264265" role=""/>
  <member type="way" ref="815944728" role=""/>
  <member type="way" ref="1207462074" role=""/>
  <member type="way" ref="1207462073" role=""/>
  <member type="way" ref="208676395" role=""/>
  <member type="way" ref="1188500080" role=""/>
  <member type="way" ref="1207462072" role=""/>
  <member type="way" ref="1217478133" role=""/>
  <member type="way" ref="1217354726" role=""/>
  <member type="way" ref="1188500079" role=""/>
  <member type="way" ref="208676394" role=""/>
  <member type="way" ref="484474618" role=""/>
  <member type="way" ref="484474619" role=""/>
  <member type="way" ref="909568578" role=""/>
  <member type="way" ref="909568577" role=""/>
  <member type="way" ref="343122614" role=""/>
  <member type="way" ref="881946994" role=""/>
  <member type="way" ref="37533691" role=""/>
  <member type="way" ref="263562403" role=""/>
  <member type="way" ref="1217264296" role=""/>
  <member type="way" ref="580194047" role=""/>
  <member type="way" ref="1217264264" role=""/>
  <member type="way" ref="648865651" role=""/>
  <member type="way" ref="262938176" role=""/>
  <member type="way" ref="1217264292" role=""/>
  <member type="way" ref="1218000631" role=""/>
  <member type="way" ref="1218000632" role=""/>
  <member type="way" ref="28378132" role=""/>
  <member type="way" ref="28366870" role=""/>
  <member type="way" ref="702874832" role=""/>
  <member type="way" ref="292907020" role=""/>
  <member type="way" ref="292907016" role=""/>
  <member type="way" ref="292907021" role=""/>
  <member type="way" ref="292907018" role=""/>
  <member type="way" ref="292907023" role=""/>
  <member type="way" ref="184919497" role=""/>
  <member type="way" ref="292907011" role=""/>
  <member type="way" ref="292907014" role=""/>
  <member type="way" ref="292907015" role=""/>
  <member type="way" ref="292907019" role=""/>
  <member type="way" ref="292907024" role=""/>
  <member type="way" ref="1303490829" role=""/>
  <member type="way" ref="560573139" role=""/>
  <member type="way" ref="1247135449" role=""/>
  <member type="way" ref="262779970" role=""/>
  <member type="way" ref="1217264289" role=""/>
  <member type="way" ref="1217264284" role=""/>
  <member type="way" ref="1217264286" role=""/>
  <member type="way" ref="1217264285" role=""/>
  <member type="way" ref="1217264259" role=""/>
  <tag k="distance" v="102"/>
  <tag k="duration" v="02:39"/>
  <tag k="from" v="Hải Phòng"/>
  <tag k="name" v="Tàu LP2: Hải Phòng =&gt; Hà Nội"/>
  <tag k="name:en" v="Train LP2: Haiphong =&gt; Hanoi"/>
  <tag k="network" v="VN:railway"/>
  <tag k="operator" v="Tổng công ty Đường sắt Việt Nam"/>
  <tag k="passenger" v="regional"/>
  <tag k="public_transport:version" v="2"/>
  <tag k="ref" v="LP2"/>
  <tag k="route" v="train"/>
  <tag k="to" v="Hà Nội"/>
  <tag k="toilets" v="yes"/>
  <tag k="type" v="route"/>
 </relation>
 <relation id="16539550" visible="true" version="5" changeset="154350600" timestamp="2024-07-24T13:30:54Z" user="logus2" uid="21611817">
  <member type="node" ref="11278927588" role="stop_entry_only"/>
  <member type="way" ref="631060267" role="platform_entry_only"/>
  <member type="node" ref="11278927572" role="stop"/>
  <member type="way" ref="1217264272" role="platform"/>
  <member type="node" ref="11278903259" role="stop"/>
  <member type="way" ref="1217264269" role="platform"/>
  <member type="node" ref="11278903251" role="stop"/>
  <member type="way" ref="1207462081" role="platform"/>
  <member type="node" ref="11279662348" role="stop"/>
  <member type="way" ref="1217354728" role="platform"/>
  <member type="node" ref="11279662342" role="stop"/>
  <member type="way" ref="704292617" role="platform"/>
  <member type="node" ref="445345254" role="stop"/>
  <member type="way" ref="242563774" role="platform"/>
  <member type="node" ref="11219407118" role="stop_exit_only"/>
  <member type="relation" ref="16381314" role="platform_exit_only"/>
  <member type="way" ref="1201081960" role=""/>
  <member type="way" ref="1217264280" role=""/>
  <member type="way" ref="1217264281" role=""/>
  <member type="way" ref="208675684" role=""/>
  <member type="way" ref="208675682" role=""/>
  <member type="way" ref="889260174" role=""/>
  <member type="way" ref="1217264277" role=""/>
  <member type="way" ref="1207465749" role=""/>
  <member type="way" ref="1207465754" role=""/>
  <member type="way" ref="208675683" role=""/>
  <member type="way" ref="1125111824" role=""/>
  <member type="way" ref="1125111823" role=""/>
  <member type="way" ref="208676009" role=""/>
  <member type="way" ref="1217264267" role=""/>
  <member type="way" ref="1207462088" role=""/>
  <member type="way" ref="207010772" role=""/>
  <member type="way" ref="208673504" role=""/>
  <member type="way" ref="1175593001" role=""/>
  <member type="way" ref="1175593002" role=""/>
  <member type="way" ref="629213582" role=""/>
  <member type="way" ref="629213581" role=""/>
  <member type="way" ref="10575596" role=""/>
  <member type="way" ref="628292617" role=""/>
  <member type="way" ref="1137490617" role=""/>
  <member type="way" ref="1137490618" role=""/>
  <member type="way" ref="628292616" role=""/>
  <member type="way" ref="1207462078" role=""/>
  <member type="way" ref="1217371084" role=""/>
  <member type="way" ref="1217264265" role=""/>
  <member type="way" ref="815944728" role=""/>
  <member type="way" ref="1207462074" role=""/>
  <member type="way" ref="1207462073" role=""/>
  <member type="way" ref="208676395" role=""/>
  <member type="way" ref="1188500080" role=""/>
  <member type="way" ref="1217478132" role=""/>
  <member type="way" ref="1217354727" role=""/>
  <member type="way" ref="1217478133" role=""/>
  <member type="way" ref="1217354726" role=""/>
  <member type="way" ref="1188500079" role=""/>
  <member type="way" ref="208676394" role=""/>
  <member type="way" ref="484474618" role=""/>
  <member type="way" ref="484474619" role=""/>
  <member type="way" ref="909568578" role=""/>
  <member type="way" ref="909568577" role=""/>
  <member type="way" ref="343122614" role=""/>
  <member type="way" ref="881946994" role=""/>
  <member type="way" ref="37533691" role=""/>
  <member type="way" ref="263562403" role=""/>
  <member type="way" ref="1217264296" role=""/>
  <member type="way" ref="1217264295" role=""/>
  <member type="way" ref="262938175" role=""/>
  <member type="way" ref="580194049" role=""/>
  <member type="way" ref="1217354725" role=""/>
  <member type="way" ref="913738760" role=""/>
  <member type="way" ref="1218000633" role=""/>
  <member type="way" ref="262772601" role=""/>
  <member type="way" ref="1217264292" role=""/>
  <member type="way" ref="1218000631" role=""/>
  <member type="way" ref="1218000632" role=""/>
  <member type="way" ref="28378132" role=""/>
  <member type="way" ref="28366870" role=""/>
  <member type="way" ref="702874832" role=""/>
  <member type="way" ref="292907020" role=""/>
  <member type="way" ref="292907016" role=""/>
  <member type="way" ref="292907021" role=""/>
  <member type="way" ref="292907018" role=""/>
  <member type="way" ref="292907023" role=""/>
  <member type="way" ref="184919497" role=""/>
  <member type="way" ref="292907011" role=""/>
  <member type="way" ref="292907014" role=""/>
  <member type="way" ref="292907015" role=""/>
  <member type="way" ref="292907019" role=""/>
  <member type="way" ref="292907024" role=""/>
  <member type="way" ref="1303490829" role=""/>
  <member type="way" ref="560573139" role=""/>
  <member type="way" ref="1247135449" role=""/>
  <member type="way" ref="262779970" role=""/>
  <member type="way" ref="1217264290" role=""/>
  <member type="way" ref="1217264287" role=""/>
  <member type="way" ref="262772607" role=""/>
  <tag k="distance" v="102"/>
  <tag k="duration" v="02:42"/>
  <tag k="from" v="Hải Phòng"/>
  <tag k="name" v="Tàu LP6: Hải Phòng =&gt; Hà Nội"/>
  <tag k="name:en" v="Train LP6: Haiphong =&gt; Hanoi"/>
  <tag k="network" v="VN:railway"/>
  <tag k="operator" v="Tổng công ty Đường sắt Việt Nam"/>
  <tag k="passenger" v="regional"/>
  <tag k="public_transport:version" v="2"/>
  <tag k="ref" v="LP6"/>
  <tag k="route" v="train"/>
  <tag k="to" v="Hà Nội"/>
  <tag k="toilets" v="yes"/>
  <tag k="type" v="route"/>
 </relation>
 <relation id="16539551" visible="true" version="5" changeset="154350600" timestamp="2024-07-24T13:30:54Z" user="logus2" uid="21611817">
  <member type="node" ref="11278927588" role="stop_entry_only"/>
  <member type="way" ref="631060267" role="platform_entry_only"/>
  <member type="node" ref="11278927572" role="stop"/>
  <member type="way" ref="1217264272" role="platform"/>
  <member type="node" ref="11278903259" role="stop"/>
  <member type="way" ref="1217264269" role="platform"/>
  <member type="node" ref="11278903251" role="stop"/>
  <member type="way" ref="1207462081" role="platform"/>
  <member type="node" ref="11279662347" role="stop"/>
  <member type="way" ref="1217354728" role="platform"/>
  <member type="node" ref="2685835182" role="stop"/>
  <member type="way" ref="704292615" role="platform"/>
  <member type="node" ref="445345254" role="stop"/>
  <member type="way" ref="242563774" role="platform"/>
  <member type="node" ref="11219407114" role="stop_exit_only"/>
  <member type="relation" ref="16381316" role="platform_exit_only"/>
  <member type="way" ref="1201081960" role=""/>
  <member type="way" ref="1217264280" role=""/>
  <member type="way" ref="1217264281" role=""/>
  <member type="way" ref="208675684" role=""/>
  <member type="way" ref="208675682" role=""/>
  <member type="way" ref="889260174" role=""/>
  <member type="way" ref="1217264277" role=""/>
  <member type="way" ref="1207465749" role=""/>
  <member type="way" ref="1207465754" role=""/>
  <member type="way" ref="208675683" role=""/>
  <member type="way" ref="1125111824" role=""/>
  <member type="way" ref="1125111823" role=""/>
  <member type="way" ref="208676009" role=""/>
  <member type="way" ref="1217264267" role=""/>
  <member type="way" ref="1207462088" role=""/>
  <member type="way" ref="207010772" role=""/>
  <member type="way" ref="208673504" role=""/>
  <member type="way" ref="1175593001" role=""/>
  <member type="way" ref="1175593002" role=""/>
  <member type="way" ref="629213582" role=""/>
  <member type="way" ref="629213581" role=""/>
  <member type="way" ref="10575596" role=""/>
  <member type="way" ref="628292617" role=""/>
  <member type="way" ref="1137490617" role=""/>
  <member type="way" ref="1137490618" role=""/>
  <member type="way" ref="628292616" role=""/>
  <member type="way" ref="1207462078" role=""/>
  <member type="way" ref="1217371084" role=""/>
  <member type="way" ref="1217264265" role=""/>
  <member type="way" ref="815944728" role=""/>
  <member type="way" ref="1207462074" role=""/>
  <member type="way" ref="1207462073" role=""/>
  <member type="way" ref="208676395" role=""/>
  <member type="way" ref="1188500080" role=""/>
  <member type="way" ref="1207462072" role=""/>
  <member type="way" ref="1217478133" role=""/>
  <member type="way" ref="1217354726" role=""/>
  <member type="way" ref="1188500079" role=""/>
  <member type="way" ref="208676394" role=""/>
  <member type="way" ref="484474618" role=""/>
  <member type="way" ref="484474619" role=""/>
  <member type="way" ref="909568578" role=""/>
  <member type="way" ref="909568577" role=""/>
  <member type="way" ref="343122614" role=""/>
  <member type="way" ref="881946994" role=""/>
  <member type="way" ref="37533691" role=""/>
  <member type="way" ref="263562403" role=""/>
  <member type="way" ref="1217264296" role=""/>
  <member type="way" ref="580194047" role=""/>
  <member type="way" ref="1217264264" role=""/>
  <member type="way" ref="648865651" role=""/>
  <member type="way" ref="262938176" role=""/>
  <member type="way" ref="1217264292" role=""/>
  <member type="way" ref="1218000631" role=""/>
  <member type="way" ref="1218000632" role=""/>
  <member type="way" ref="28378132" role=""/>
  <member type="way" ref="28366870" role=""/>
  <member type="way" ref="702874832" role=""/>
  <member type="way" ref="292907020" role=""/>
  <member type="way" ref="292907016" role=""/>
  <member type="way" ref="292907021" role=""/>
  <member type="way" ref="292907018" role=""/>
  <member type="way" ref="292907023" role=""/>
  <member type="way" ref="184919497" role=""/>
  <member type="way" ref="292907011" role=""/>
  <member type="way" ref="292907014" role=""/>
  <member type="way" ref="292907015" role=""/>
  <member type="way" ref="292907019" role=""/>
  <member type="way" ref="292907024" role=""/>
  <member type="way" ref="1303490829" role=""/>
  <member type="way" ref="560573139" role=""/>
  <member type="way" ref="1247135449" role=""/>
  <member type="way" ref="262779970" role=""/>
  <member type="way" ref="1217264289" role=""/>
  <member type="way" ref="1217264284" role=""/>
  <member type="way" ref="1217264286" role=""/>
  <member type="way" ref="1217264285" role=""/>
  <member type="way" ref="1217264259" role=""/>
  <tag k="distance" v="102"/>
  <tag k="duration" v="02:40"/>
  <tag k="from" v="Hải Phòng"/>
  <tag k="name" v="Tàu LP8: Hải Phòng =&gt; Hà Nội"/>
  <tag k="name:en" v="Train LP6: Haiphong =&gt; Hanoi"/>
  <tag k="network" v="VN:railway"/>
  <tag k="operator" v="Tổng công ty Đường sắt Việt Nam"/>
  <tag k="passenger" v="regional"/>
  <tag k="public_transport:version" v="2"/>
  <tag k="ref" v="LP8"/>
  <tag k="route" v="train"/>
  <tag k="to" v="Hà Nội"/>
  <tag k="toilets" v="yes"/>
  <tag k="type" v="route"/>
 </relation>
 <relation id="16539552" visible="true" version="5" changeset="154350600" timestamp="2024-07-24T13:30:54Z" user="logus2" uid="21611817">
  <member type="node" ref="11278927588" role="stop_entry_only"/>
  <member type="way" ref="631060267" role="platform_entry_only"/>
  <member type="node" ref="11278927572" role="stop"/>
  <member type="way" ref="1217264272" role="platform"/>
  <member type="node" ref="11278903259" role="stop"/>
  <member type="way" ref="1217264269" role="platform"/>
  <member type="node" ref="11278903251" role="stop"/>
  <member type="way" ref="1207462081" role="platform"/>
  <member type="node" ref="11279662347" role="stop"/>
  <member type="way" ref="1217354728" role="platform"/>
  <member type="node" ref="11279662341" role="stop"/>
  <member type="way" ref="704292617" role="platform"/>
  <member type="node" ref="11219407116" role="stop_exit_only"/>
  <member type="relation" ref="16381314" role="platform_exit_only"/>
  <member type="way" ref="1201081960" role=""/>
  <member type="way" ref="1217264280" role=""/>
  <member type="way" ref="1217264281" role=""/>
  <member type="way" ref="208675684" role=""/>
  <member type="way" ref="208675682" role=""/>
  <member type="way" ref="889260174" role=""/>
  <member type="way" ref="1217264277" role=""/>
  <member type="way" ref="1207465749" role=""/>
  <member type="way" ref="1207465754" role=""/>
  <member type="way" ref="208675683" role=""/>
  <member type="way" ref="1125111824" role=""/>
  <member type="way" ref="1125111823" role=""/>
  <member type="way" ref="208676009" role=""/>
  <member type="way" ref="1217264267" role=""/>
  <member type="way" ref="1207462088" role=""/>
  <member type="way" ref="207010772" role=""/>
  <member type="way" ref="208673504" role=""/>
  <member type="way" ref="1175593001" role=""/>
  <member type="way" ref="1175593002" role=""/>
  <member type="way" ref="629213582" role=""/>
  <member type="way" ref="629213581" role=""/>
  <member type="way" ref="10575596" role=""/>
  <member type="way" ref="628292617" role=""/>
  <member type="way" ref="1137490617" role=""/>
  <member type="way" ref="1137490618" role=""/>
  <member type="way" ref="628292616" role=""/>
  <member type="way" ref="1207462078" role=""/>
  <member type="way" ref="1217371084" role=""/>
  <member type="way" ref="1217264265" role=""/>
  <member type="way" ref="815944728" role=""/>
  <member type="way" ref="1207462074" role=""/>
  <member type="way" ref="1207462073" role=""/>
  <member type="way" ref="208676395" role=""/>
  <member type="way" ref="1188500080" role=""/>
  <member type="way" ref="1207462072" role=""/>
  <member type="way" ref="1217478133" role=""/>
  <member type="way" ref="1217354726" role=""/>
  <member type="way" ref="1188500079" role=""/>
  <member type="way" ref="208676394" role=""/>
  <member type="way" ref="484474618" role=""/>
  <member type="way" ref="484474619" role=""/>
  <member type="way" ref="909568578" role=""/>
  <member type="way" ref="909568577" role=""/>
  <member type="way" ref="343122614" role=""/>
  <member type="way" ref="881946994" role=""/>
  <member type="way" ref="37533691" role=""/>
  <member type="way" ref="263562403" role=""/>
  <member type="way" ref="1217264296" role=""/>
  <member type="way" ref="1217264295" role=""/>
  <member type="way" ref="1217264294" role=""/>
  <member type="way" ref="1217354724" role=""/>
  <member type="way" ref="1218000633" role=""/>
  <member type="way" ref="262772601" role=""/>
  <member type="way" ref="1217264292" role=""/>
  <member type="way" ref="1218000631" role=""/>
  <member type="way" ref="1218000632" role=""/>
  <member type="way" ref="28378132" role=""/>
  <member type="way" ref="28366870" role=""/>
  <member type="way" ref="702874832" role=""/>
  <member type="way" ref="292907020" role=""/>
  <member type="way" ref="292907016" role=""/>
  <member type="way" ref="292907021" role=""/>
  <member type="way" ref="292907018" role=""/>
  <member type="way" ref="292907023" role=""/>
  <member type="way" ref="184919497" role=""/>
  <member type="way" ref="292907011" role=""/>
  <member type="way" ref="292907014" role=""/>
  <member type="way" ref="292907015" role=""/>
  <member type="way" ref="292907019" role=""/>
  <member type="way" ref="292907024" role=""/>
  <member type="way" ref="1303490829" role=""/>
  <member type="way" ref="560573139" role=""/>
  <member type="way" ref="1247135449" role=""/>
  <member type="way" ref="262779970" role=""/>
  <member type="way" ref="1217264290" role=""/>
  <member type="way" ref="1217264287" role=""/>
  <member type="way" ref="1217264256" role=""/>
  <tag k="distance" v="102"/>
  <tag k="duration" v="02:35"/>
  <tag k="from" v="Hải Phòng"/>
  <tag k="name" v="Tàu HP2: Hải Phòng =&gt; Hà Nội"/>
  <tag k="name:en" v="Train HP2: Haiphong =&gt; Hanoi"/>
  <tag k="network" v="VN:railway"/>
  <tag k="operator" v="Tổng công ty Đường sắt Việt Nam"/>
  <tag k="passenger" v="regional"/>
  <tag k="public_transport:version" v="2"/>
  <tag k="ref" v="HP2"/>
  <tag k="route" v="train"/>
  <tag k="to" v="Hà Nội"/>
  <tag k="toilets" v="yes"/>
  <tag k="type" v="route"/>
 </relation>
 <relation id="17035058" visible="true" version="2" changeset="148124004" timestamp="2024-03-02T09:56:45Z" user="edumiz624" uid="20881381">
  <member type="relation" ref="11183589" role=""/>
  <member type="relation" ref="17035057" role=""/>
  <tag k="name" v="Nguyễn Công Trứ - Nguyễn Công Trứ"/>
  <tag k="name:en" v="Nguyen Cong Tru Street - Nguyen Cong Tru Street"/>
  <tag k="network" v="Hanoibus"/>
  <tag k="operator" v="Xí nghiệp xe buýt Hà Nội"/>
  <tag k="ref" v="23"/>
  <tag k="route_master" v="bus"/>
  <tag k="type" v="route_master"/>
 </relation>
 <relation id="17038653" visible="true" version="38" changeset="177122344" timestamp="2026-01-12T05:37:58Z" user="Hung Tran 9x0" uid="20910140">
  <member type="node" ref="6695986187" role="platform_entry_only"/>
  <member type="node" ref="7617390960" role="platform"/>
  <member type="node" ref="8813408787" role="platform"/>
  <member type="node" ref="738813535" role="platform"/>
  <member type="node" ref="11672588051" role="platform"/>
  <member type="node" ref="738815665" role="platform"/>
  <member type="node" ref="8766627162" role="platform"/>
  <member type="node" ref="11518476666" role="platform"/>
  <member type="node" ref="4914822521" role="platform"/>
  <member type="node" ref="738813636" role="platform"/>
  <member type="node" ref="738815835" role="platform"/>
  <member type="node" ref="738814364" role="platform"/>
  <member type="node" ref="738813748" role="platform"/>
  <member type="node" ref="738815727" role="platform"/>
  <member type="node" ref="738815693" role="platform"/>
  <member type="node" ref="738815268" role="platform"/>
  <member type="node" ref="738815820" role="platform"/>
  <member type="node" ref="738815169" role="platform"/>
  <member type="node" ref="738814524" role="platform"/>
  <member type="node" ref="5561070622" role="platform"/>
  <member type="node" ref="8259365871" role="platform"/>
  <member type="node" ref="738814587" role="platform"/>
  <member type="node" ref="738813615" role="platform"/>
  <member type="node" ref="738813955" role="platform"/>
  <member type="node" ref="8895558434" role="platform"/>
  <member type="node" ref="8209169360" role="platform"/>
  <member type="node" ref="8209169361" role="platform"/>
  <member type="node" ref="10069898861" role="platform_exit_only"/>
  <member type="way" ref="601529647" role=""/>
  <member type="way" ref="816197481" role=""/>
  <member type="way" ref="704959984" role=""/>
  <member type="way" ref="704959985" role=""/>
  <member type="way" ref="703521534" role=""/>
  <member type="way" ref="703521533" role=""/>
  <member type="way" ref="1337871557" role=""/>
  <member type="way" ref="704705860" role=""/>
  <member type="way" ref="703523507" role=""/>
  <member type="way" ref="703521535" role=""/>
  <member type="way" ref="958138881" role=""/>
  <member type="way" ref="1240344625" role=""/>
  <member type="way" ref="705241731" role=""/>
  <member type="way" ref="1239581821" role=""/>
  <member type="way" ref="221160174" role=""/>
  <member type="way" ref="482324745" role=""/>
  <member type="way" ref="1240683351" role=""/>
  <member type="way" ref="705519697" role=""/>
  <member type="way" ref="157394813" role=""/>
  <member type="way" ref="1240683345" role=""/>
  <member type="way" ref="1241605219" role=""/>
  <member type="way" ref="776703518" role=""/>
  <member type="way" ref="615426402" role=""/>
  <member type="way" ref="704938980" role=""/>
  <member type="way" ref="1325575768" role=""/>
  <member type="way" ref="973485822" role=""/>
  <member type="way" ref="158829325" role=""/>
  <member type="way" ref="601973263" role=""/>
  <member type="way" ref="1121703583" role=""/>
  <member type="way" ref="954542127" role=""/>
  <member type="way" ref="35841479" role=""/>
  <member type="way" ref="1355183493" role=""/>
  <member type="way" ref="1197003501" role=""/>
  <member type="way" ref="1197003494" role=""/>
  <member type="way" ref="1197003488" role=""/>
  <member type="way" ref="1197003500" role=""/>
  <member type="way" ref="343741881" role=""/>
  <member type="way" ref="675914857" role=""/>
  <member type="way" ref="704479890" role=""/>
  <member type="way" ref="36850859" role=""/>
  <member type="way" ref="708558067" role=""/>
  <member type="way" ref="708558066" role=""/>
  <member type="way" ref="1216675684" role=""/>
  <member type="way" ref="817461258" role=""/>
  <member type="way" ref="708565765" role=""/>
  <member type="way" ref="967878668" role=""/>
  <member type="way" ref="967878669" role=""/>
  <member type="way" ref="704479490" role=""/>
  <member type="way" ref="1240355962" role=""/>
  <member type="way" ref="1177187695" role=""/>
  <member type="way" ref="707305432" role=""/>
  <member type="way" ref="704479486" role=""/>
  <member type="way" ref="1466373283" role=""/>
  <member type="way" ref="706798106" role=""/>
  <member type="way" ref="946030653" role=""/>
  <member type="way" ref="946030654" role=""/>
  <member type="way" ref="962177668" role=""/>
  <member type="way" ref="408761980" role=""/>
  <member type="way" ref="711776732" role=""/>
  <member type="way" ref="708514872" role=""/>
  <member type="way" ref="708514873" role=""/>
  <member type="way" ref="962493749" role=""/>
  <member type="way" ref="708514874" role=""/>
  <member type="way" ref="601522492" role=""/>
  <member type="way" ref="704134619" role=""/>
  <member type="way" ref="788757975" role=""/>
  <member type="way" ref="1334956950" role=""/>
  <member type="way" ref="770552094" role=""/>
  <member type="way" ref="11005921" role=""/>
  <member type="way" ref="944122214" role=""/>
  <member type="way" ref="1053605852" role=""/>
  <member type="way" ref="769778613" role=""/>
  <member type="way" ref="1223464161" role=""/>
  <member type="way" ref="838526716" role=""/>
  <member type="way" ref="864547867" role=""/>
  <member type="way" ref="399561785" role=""/>
  <member type="way" ref="1223385256" role=""/>
  <member type="way" ref="769798547" role=""/>
  <member type="way" ref="707060209" role=""/>
  <member type="way" ref="1243387893" role=""/>
  <member type="way" ref="954856201" role=""/>
  <member type="way" ref="946030643" role=""/>
  <member type="way" ref="85608570" role=""/>
  <member type="way" ref="954856203" role=""/>
  <member type="way" ref="965634323" role=""/>
  <member type="way" ref="943964872" role=""/>
  <member type="way" ref="498896871" role=""/>
  <member type="way" ref="1262843556" role=""/>
  <member type="way" ref="498896872" role=""/>
  <member type="way" ref="1417556878" role=""/>
  <member type="way" ref="211856996" role=""/>
  <member type="way" ref="965041067" role=""/>
  <member type="way" ref="601513466" role=""/>
  <member type="way" ref="964350821" role=""/>
  <member type="way" ref="85608572" role=""/>
  <member type="way" ref="29424130" role=""/>
  <member type="way" ref="1360846561" role=""/>
  <member type="way" ref="1266720340" role=""/>
  <member type="way" ref="1266720339" role=""/>
  <member type="way" ref="37449817" role=""/>
  <member type="way" ref="702469514" role=""/>
  <member type="way" ref="769777582" role=""/>
  <member type="way" ref="702469513" role=""/>
  <member type="way" ref="37555727" role=""/>
  <member type="way" ref="943964874" role=""/>
  <member type="way" ref="1409256072" role=""/>
  <member type="way" ref="1409256070" role=""/>
  <member type="way" ref="1409256071" role=""/>
  <member type="way" ref="1409256069" role=""/>
  <member type="way" ref="703199099" role=""/>
  <member type="way" ref="1203971796" role=""/>
  <member type="way" ref="292907006" role=""/>
  <member type="way" ref="702469511" role=""/>
  <member type="way" ref="702469512" role=""/>
  <member type="way" ref="1374192213" role=""/>
  <member type="way" ref="1230498759" role=""/>
  <member type="way" ref="943964875" role=""/>
  <member type="way" ref="965574228" role=""/>
  <member type="way" ref="10231922" role=""/>
  <member type="way" ref="618377256" role=""/>
  <member type="way" ref="618377255" role=""/>
  <member type="way" ref="703204202" role=""/>
  <member type="way" ref="703206412" role=""/>
  <member type="way" ref="221152166" role=""/>
  <member type="way" ref="221152167" role=""/>
  <member type="way" ref="750372172" role=""/>
  <member type="way" ref="1361103007" role=""/>
  <member type="way" ref="706716343" role=""/>
  <member type="way" ref="709019889" role=""/>
  <member type="way" ref="706716339" role=""/>
  <member type="way" ref="706716338" role=""/>
  <member type="way" ref="709349569" role=""/>
  <member type="way" ref="709349568" role=""/>
  <member type="way" ref="710256420" role=""/>
  <member type="way" ref="627919886" role=""/>
  <member type="way" ref="709719738" role=""/>
  <member type="way" ref="710073333" role=""/>
  <member type="way" ref="948197333" role=""/>
  <member type="way" ref="1239628945" role=""/>
  <member type="way" ref="36726830" role=""/>
  <member type="way" ref="948197334" role=""/>
  <member type="way" ref="961664399" role=""/>
  <member type="node" ref="3887711843" role="platform"/>
  <tag k="charge" v="10000 VND"/>
  <tag k="colour" v="#9cdd31"/>
  <tag k="duration" v="20"/>
  <tag k="fee" v="yes"/>
  <tag k="from" v="Bến xe Mỹ Đình"/>
  <tag k="interval" v="00:10-00:15"/>
  <tag k="name" v="Bến xe Mỹ Đình - Bến xe Gia Lâm"/>
  <tag k="name:en" v="My Dinh Bus Station - Gia Lam Bus Station"/>
  <tag k="network" v="Hanoibus"/>
  <tag k="opening_hours" v="05:00-22:30"/>
  <tag k="operator" v="Công ty CP Xe điện"/>
  <tag k="public_transport:version" v="2"/>
  <tag k="ref" v="34"/>
  <tag k="route" v="bus"/>
  <tag k="to" v="Bến xe Gia Lâm"/>
  <tag k="type" v="route"/>
 </relation>
 <relation id="17038654" visible="true" version="40" changeset="177126687" timestamp="2026-01-12T08:28:22Z" user="edumiz624" uid="20881381">
  <member type="node" ref="10069898861" role="platform_entry_only"/>
  <member type="node" ref="8739945244" role="platform"/>
  <member type="node" ref="8209169367" role="platform"/>
  <member type="node" ref="5321696621" role="platform"/>
  <member type="node" ref="8835043628" role="platform"/>
  <member type="node" ref="11523863236" role="platform"/>
  <member type="node" ref="11523863237" role="platform"/>
  <member type="node" ref="738814946" role="platform"/>
  <member type="node" ref="4539039489" role="platform"/>
  <member type="node" ref="7185567066" role="platform"/>
  <member type="node" ref="738815469" role="platform"/>
  <member type="node" ref="738815823" role="platform"/>
  <member type="node" ref="12078321346" role="platform"/>
  <member type="node" ref="5068125721" role="platform"/>
  <member type="node" ref="8807115916" role="platform"/>
  <member type="node" ref="738815796" role="platform"/>
  <member type="node" ref="8856174814" role="platform"/>
  <member type="node" ref="738815241" role="platform"/>
  <member type="node" ref="11680376018" role="platform"/>
  <member type="node" ref="8218246214" role="platform"/>
  <member type="node" ref="8766627151" role="platform"/>
  <member type="node" ref="8766627152" role="platform"/>
  <member type="node" ref="8766627153" role="platform"/>
  <member type="node" ref="11515782291" role="platform"/>
  <member type="node" ref="8766627154" role="platform"/>
  <member type="node" ref="7298159285" role="platform"/>
  <member type="node" ref="8813408803" role="platform"/>
  <member type="node" ref="6695986187" role="platform_exit_only"/>
  <member type="way" ref="220694554" role=""/>
  <member type="way" ref="863663896" role=""/>
  <member type="way" ref="1239628945" role=""/>
  <member type="way" ref="948197333" role=""/>
  <member type="way" ref="769777579" role=""/>
  <member type="way" ref="769777578" role=""/>
  <member type="way" ref="943964886" role=""/>
  <member type="way" ref="627918373" role=""/>
  <member type="way" ref="706806966" role=""/>
  <member type="way" ref="627918374" role=""/>
  <member type="way" ref="847087478" role=""/>
  <member type="way" ref="1466377910" role=""/>
  <member type="way" ref="847087479" role=""/>
  <member type="way" ref="703219919" role=""/>
  <member type="way" ref="1361103008" role=""/>
  <member type="way" ref="702919019" role=""/>
  <member type="way" ref="221152166" role=""/>
  <member type="way" ref="703206412" role=""/>
  <member type="way" ref="618377254" role=""/>
  <member type="way" ref="10231739" role=""/>
  <member type="way" ref="618377256" role=""/>
  <member type="way" ref="10231816" role=""/>
  <member type="way" ref="947778239" role=""/>
  <member type="way" ref="1257405352" role=""/>
  <member type="way" ref="10232151" role=""/>
  <member type="way" ref="1360839230" role=""/>
  <member type="way" ref="1258069376" role=""/>
  <member type="way" ref="1360839229" role=""/>
  <member type="way" ref="37933056" role=""/>
  <member type="way" ref="704147261" role=""/>
  <member type="way" ref="1360834899" role=""/>
  <member type="way" ref="711128283" role=""/>
  <member type="way" ref="965634323" role=""/>
  <member type="way" ref="943964872" role=""/>
  <member type="way" ref="1240344624" role=""/>
  <member type="way" ref="605230286" role=""/>
  <member type="way" ref="1223365293" role=""/>
  <member type="way" ref="605230289" role=""/>
  <member type="way" ref="1223385256" role=""/>
  <member type="way" ref="399561785" role=""/>
  <member type="way" ref="864547867" role=""/>
  <member type="way" ref="838526716" role=""/>
  <member type="way" ref="1223464161" role=""/>
  <member type="way" ref="769778613" role=""/>
  <member type="way" ref="1053605852" role=""/>
  <member type="way" ref="707348510" role=""/>
  <member type="way" ref="1334956949" role=""/>
  <member type="way" ref="770552095" role=""/>
  <member type="way" ref="704134620" role=""/>
  <member type="way" ref="708896220" role=""/>
  <member type="way" ref="28945358" role=""/>
  <member type="way" ref="1277728731" role=""/>
  <member type="way" ref="962493731" role=""/>
  <member type="way" ref="954812793" role=""/>
  <member type="way" ref="37458956" role=""/>
  <member type="way" ref="703425765" role=""/>
  <member type="way" ref="1213535774" role=""/>
  <member type="way" ref="601885679" role=""/>
  <member type="way" ref="1213535597" role=""/>
  <member type="way" ref="1396737512" role=""/>
  <member type="way" ref="1368026127" role=""/>
  <member type="way" ref="599088007" role=""/>
  <member type="way" ref="946030652" role=""/>
  <member type="way" ref="1466373284" role=""/>
  <member type="way" ref="1466373285" role=""/>
  <member type="way" ref="703182856" role=""/>
  <member type="way" ref="706476836" role=""/>
  <member type="way" ref="706476835" role=""/>
  <member type="way" ref="706476833" role=""/>
  <member type="way" ref="1240355963" role=""/>
  <member type="way" ref="194422286" role=""/>
  <member type="way" ref="805181678" role=""/>
  <member type="way" ref="37927459" role=""/>
  <member type="way" ref="602291437" role=""/>
  <member type="way" ref="1216675686" role=""/>
  <member type="way" ref="708558063" role=""/>
  <member type="way" ref="1347202117" role=""/>
  <member type="way" ref="1349483147" role=""/>
  <member type="way" ref="37696595" role=""/>
  <member type="way" ref="817452577" role=""/>
  <member type="way" ref="207130526" role=""/>
  <member type="way" ref="962177673" role=""/>
  <member type="way" ref="1010846167" role=""/>
  <member type="way" ref="616545698" role=""/>
  <member type="way" ref="1121703584" role=""/>
  <member type="way" ref="1121703583" role=""/>
  <member type="way" ref="954542127" role=""/>
  <member type="way" ref="35841479" role=""/>
  <member type="way" ref="1355183493" role=""/>
  <member type="way" ref="1197003501" role=""/>
  <member type="way" ref="1197003494" role=""/>
  <member type="way" ref="1197003488" role=""/>
  <member type="way" ref="1197003500" role=""/>
  <member type="way" ref="1197003498" role=""/>
  <member type="way" ref="1355183494" role=""/>
  <member type="way" ref="343741883" role=""/>
  <member type="way" ref="886446127" role=""/>
  <member type="way" ref="1121703582" role=""/>
  <member type="way" ref="221297385" role=""/>
  <member type="way" ref="157394828" role=""/>
  <member type="way" ref="601973261" role=""/>
  <member type="way" ref="1325575769" role=""/>
  <member type="way" ref="1165357407" role=""/>
  <member type="way" ref="1256457624" role=""/>
  <member type="way" ref="1314534274" role=""/>
  <member type="way" ref="954183008" role=""/>
  <member type="way" ref="701844725" role=""/>
  <member type="way" ref="615426395" role=""/>
  <member type="way" ref="1240683346" role=""/>
  <member type="way" ref="687233229" role=""/>
  <member type="way" ref="1368317682" role=""/>
  <member type="way" ref="788967973" role=""/>
  <member type="way" ref="1240182990" role=""/>
  <member type="way" ref="947077260" role=""/>
  <member type="way" ref="772663726" role=""/>
  <member type="way" ref="1359074566" role=""/>
  <member type="way" ref="1325575738" role=""/>
  <member type="way" ref="601522752" role=""/>
  <member type="way" ref="1240344628" role=""/>
  <member type="way" ref="703519574" role=""/>
  <member type="way" ref="1337871555" role=""/>
  <member type="way" ref="703519573" role=""/>
  <member type="way" ref="704942289" role=""/>
  <member type="way" ref="1163312635" role=""/>
  <member type="way" ref="704942290" role=""/>
  <member type="way" ref="952211058" role=""/>
  <tag k="charge" v="10000 VND"/>
  <tag k="colour" v="#9cdd31"/>
  <tag k="fee" v="yes"/>
  <tag k="from" v="Bến xe Gia Lâm"/>
  <tag k="interval" v="00:10-00:15"/>
  <tag k="name" v="Bến xe Gia Lâm - Bến xe Mỹ Đình"/>
  <tag k="name:en" v="Gia Lam Bus Station - My Dinh Bus Station"/>
  <tag k="network" v="Hanoibus"/>
  <tag k="opening_hours" v="Mo-Su 05:05-22:30"/>
  <tag k="operator" v="Công ty CP Xe điện"/>
  <tag k="public_transport:version" v="2"/>
  <tag k="ref" v="34"/>
  <tag k="route" v="bus"/>
  <tag k="to" v="Bến xe Mỹ Đình"/>
  <tag k="type" v="route"/>
 </relation>
 <relation id="17038655" visible="true" version="3" changeset="164355411" timestamp="2025-04-01T03:45:04Z" user="edumiz624" uid="20881381">
  <member type="relation" ref="17038653" role=""/>
  <member type="relation" ref="17038654" role=""/>
  <tag k="name" v="Bến xe Mỹ Đình - Bến xe Gia Lâm"/>
  <tag k="name:en" v="My Dinh Bus Station - Gia Lam Bus Station"/>
  <tag k="network" v="Hanoibus"/>
  <tag k="operator" v="Công ty CP Xe điện"/>
  <tag k="ref" v="34"/>
  <tag k="route_master" v="bus"/>
  <tag k="type" v="route_master"/>
 </relation>
 <relation id="17038831" visible="true" version="28" changeset="179359192" timestamp="2026-03-04T16:58:16Z" user="Dung6517" uid="23068156">
  <member type="node" ref="4224823335" role="platform"/>
  <member type="node" ref="8831420065" role="platform"/>
  <member type="node" ref="738815777" role="platform"/>
  <member type="node" ref="7294678089" role="platform"/>
  <member type="node" ref="738815534" role="platform"/>
  <member type="node" ref="7294698188" role="platform"/>
  <member type="node" ref="7294698386" role="platform"/>
  <member type="node" ref="4699035099" role="platform"/>
  <member type="node" ref="8853934325" role="platform"/>
  <member type="node" ref="8853934326" role="platform"/>
  <member type="node" ref="738815241" role="platform"/>
  <member type="node" ref="738813636" role="platform"/>
  <member type="node" ref="738815835" role="platform"/>
  <member type="node" ref="738814364" role="platform"/>
  <member type="node" ref="11524039230" role="platform"/>
  <member type="node" ref="11519318248" role="platform"/>
  <member type="node" ref="738815727" role="platform"/>
  <member type="node" ref="738815268" role="platform"/>
  <member type="node" ref="6257442385" role="platform"/>
  <member type="node" ref="738815312" role="platform"/>
  <member type="node" ref="1008753034" role="platform"/>
  <member type="node" ref="738815565" role="platform"/>
  <member type="node" ref="7824856485" role="platform"/>
  <member type="node" ref="738814302" role="platform"/>
  <member type="node" ref="8990709060" role="platform"/>
  <member type="node" ref="738814321" role="platform"/>
  <member type="node" ref="8835043633" role="platform"/>
  <member type="node" ref="7056067374" role="platform"/>
  <member type="node" ref="8236303222" role="platform"/>
  <member type="node" ref="8741080045" role="platform"/>
  <member type="node" ref="738815021" role="platform"/>
  <member type="node" ref="8766627166" role="platform"/>
  <member type="node" ref="8766627148" role="platform_exit_only"/>
  <member type="node" ref="8831420040" role="platform"/>
  <member type="node" ref="738815693" role="platform"/>
  <member type="node" ref="13423194834" role="platform_entry_only"/>
  <member type="way" ref="710176322" role=""/>
  <member type="way" ref="710176323" role=""/>
  <member type="way" ref="1240455070" role=""/>
  <member type="way" ref="943964891" role=""/>
  <member type="way" ref="965041065" role=""/>
  <member type="way" ref="769798550" role=""/>
  <member type="way" ref="1239615467" role=""/>
  <member type="way" ref="951487940" role=""/>
  <member type="way" ref="408818507" role=""/>
  <member type="way" ref="961661880" role=""/>
  <member type="way" ref="971422903" role=""/>
  <member type="way" ref="408484144" role=""/>
  <member type="way" ref="599618293" role=""/>
  <member type="way" ref="951487942" role=""/>
  <member type="way" ref="35972484" role=""/>
  <member type="way" ref="397989528" role=""/>
  <member type="way" ref="918225680" role=""/>
  <member type="way" ref="709685351" role=""/>
  <member type="way" ref="708596420" role=""/>
  <member type="way" ref="1226368208" role=""/>
  <member type="way" ref="1226367851" role=""/>
  <member type="way" ref="708596417" role=""/>
  <member type="way" ref="965302189" role=""/>
  <member type="way" ref="708596418" role=""/>
  <member type="way" ref="708596409" role=""/>
  <member type="way" ref="708596410" role=""/>
  <member type="way" ref="38136736" role=""/>
  <member type="way" ref="704989753" role=""/>
  <member type="way" ref="894857486" role=""/>
  <member type="way" ref="11006496" role=""/>
  <member type="way" ref="944100698" role=""/>
  <member type="way" ref="597668096" role=""/>
  <member type="way" ref="303989999" role=""/>
  <member type="way" ref="12176578" role=""/>
  <member type="way" ref="598694090" role=""/>
  <member type="way" ref="598694089" role=""/>
  <member type="way" ref="1339740143" role=""/>
  <member type="way" ref="601450425" role=""/>
  <member type="way" ref="601450426" role=""/>
  <member type="way" ref="1203023607" role=""/>
  <member type="way" ref="1203023608" role=""/>
  <member type="way" ref="947778227" role=""/>
  <member type="way" ref="242451184" role=""/>
  <member type="way" ref="947778226" role=""/>
  <member type="way" ref="723125933" role=""/>
  <member type="way" ref="404195527" role=""/>
  <member type="way" ref="1463389696" role=""/>
  <member type="way" ref="1420680655" role=""/>
  <member type="way" ref="1240822958" role=""/>
  <member type="way" ref="339282226" role=""/>
  <member type="way" ref="967878679" role=""/>
  <member type="way" ref="967878678" role=""/>
  <member type="way" ref="37765828" role=""/>
  <member type="way" ref="597116965" role=""/>
  <member type="way" ref="1239575054" role=""/>
  <member type="way" ref="1431883622" role=""/>
  <member type="way" ref="1242935506" role=""/>
  <member type="way" ref="1411061249" role=""/>
  <member type="way" ref="1485431248" role=""/>
  <member type="way" ref="962215935" role=""/>
  <member type="way" ref="1411061250" role=""/>
  <member type="way" ref="973101807" role=""/>
  <member type="way" ref="1411062721" role=""/>
  <member type="way" ref="1411062723" role=""/>
  <member type="way" ref="1411063588" role=""/>
  <member type="way" ref="1411062724" role=""/>
  <member type="way" ref="1411063589" role=""/>
  <member type="way" ref="37559371" role=""/>
  <member type="way" ref="967878682" role=""/>
  <member type="way" ref="1178369251" role=""/>
  <member type="way" ref="1178369252" role=""/>
  <member type="way" ref="721496144" role=""/>
  <member type="way" ref="28207692" role=""/>
  <member type="way" ref="1240205396" role=""/>
  <member type="way" ref="1210334157" role=""/>
  <member type="way" ref="1008258691" role=""/>
  <member type="way" ref="1210334174" role=""/>
  <member type="way" ref="1169767223" role=""/>
  <member type="way" ref="1169767226" role=""/>
  <member type="way" ref="1169767227" role=""/>
  <member type="way" ref="38134037" role=""/>
  <member type="way" ref="1169767228" role=""/>
  <member type="way" ref="842935947" role=""/>
  <member type="way" ref="954183037" role=""/>
  <member type="way" ref="1058951236" role=""/>
  <member type="way" ref="883126622" role=""/>
  <member type="way" ref="954183038" role=""/>
  <member type="way" ref="956690100" role=""/>
  <member type="way" ref="956690101" role=""/>
  <member type="way" ref="1240365577" role=""/>
  <member type="way" ref="686200075" role=""/>
  <member type="way" ref="37447736" role=""/>
  <member type="way" ref="1349483151" role=""/>
  <member type="way" ref="180131791" role=""/>
  <member type="way" ref="616482640" role=""/>
  <member type="way" ref="616482639" role=""/>
  <member type="way" ref="616545698" role=""/>
  <member type="way" ref="1121703584" role=""/>
  <member type="way" ref="1121703583" role=""/>
  <member type="way" ref="954542127" role=""/>
  <member type="way" ref="35841479" role=""/>
  <member type="way" ref="1355183493" role=""/>
  <member type="way" ref="1197003501" role=""/>
  <member type="way" ref="1197003494" role=""/>
  <member type="way" ref="1197003488" role=""/>
  <member type="way" ref="1197003500" role=""/>
  <member type="way" ref="343741881" role=""/>
  <member type="way" ref="675914857" role=""/>
  <member type="way" ref="704479890" role=""/>
  <member type="way" ref="36850859" role=""/>
  <member type="way" ref="708558067" role=""/>
  <member type="way" ref="708558066" role=""/>
  <member type="way" ref="1216675684" role=""/>
  <member type="way" ref="817461258" role=""/>
  <member type="way" ref="708565765" role=""/>
  <member type="way" ref="967878668" role=""/>
  <member type="way" ref="967878669" role=""/>
  <member type="way" ref="704479490" role=""/>
  <member type="way" ref="28191495" role=""/>
  <member type="way" ref="711528252" role=""/>
  <member type="way" ref="28187131" role=""/>
  <member type="way" ref="966127179" role=""/>
  <member type="way" ref="966127180" role=""/>
  <member type="way" ref="711531410" role=""/>
  <member type="way" ref="711379961" role=""/>
  <member type="way" ref="711710155" role=""/>
  <member type="way" ref="707345852" role=""/>
  <member type="way" ref="11008413" role=""/>
  <member type="way" ref="706798106" role=""/>
  <member type="way" ref="946030653" role=""/>
  <member type="way" ref="946030654" role=""/>
  <member type="way" ref="962177668" role=""/>
  <member type="way" ref="408761980" role=""/>
  <member type="way" ref="711776732" role=""/>
  <member type="way" ref="708514872" role=""/>
  <member type="way" ref="708514873" role=""/>
  <member type="way" ref="962493749" role=""/>
  <member type="way" ref="708514874" role=""/>
  <member type="way" ref="601522489" role=""/>
  <member type="node" ref="8920049629" role="platform"/>
  <member type="node" ref="7294677886" role="platform"/>
  <member type="node" ref="7294698285" role="platform"/>
  <tag k="charge" v="10000 VND"/>
  <tag k="colour" v="#27baff"/>
  <tag k="fee" v="yes"/>
  <tag k="from" v="Tân Xuân"/>
  <tag k="interval" v="00:18-00:20"/>
  <tag k="name" v="Tân Xuân - Mai Động"/>
  <tag k="name:en" v="Tan Xuan Road - Mai Dong (Hoang Mai Ward)"/>
  <tag k="network" v="Hanoibus"/>
  <tag k="opening_hours" v="Mo-Su 05:00-21:00"/>
  <tag k="operator" v="Xí nghiệp xa khách Nam Hà Nội"/>
  <tag k="ref" v="38"/>
  <tag k="route" v="bus"/>
  <tag k="to" v="Mai Động"/>
  <tag k="type" v="route"/>
 </relation>
 <relation id="17038832" visible="true" version="26" changeset="178011178" timestamp="2026-02-02T15:09:12Z" user="edumiz624" uid="20881381">
  <member type="node" ref="8766627148" role="platform_entry_only"/>
  <member type="node" ref="8766627149" role="platform"/>
  <member type="node" ref="738814268" role="platform"/>
  <member type="node" ref="738814879" role="platform"/>
  <member type="node" ref="8835043631" role="platform"/>
  <member type="node" ref="8835043632" role="platform"/>
  <member type="node" ref="738814519" role="platform"/>
  <member type="node" ref="446044156" role="platform"/>
  <member type="node" ref="446044160" role="platform"/>
  <member type="node" ref="446044147" role="platform"/>
  <member type="node" ref="8807115915" role="platform"/>
  <member type="node" ref="738815889" role="platform"/>
  <member type="node" ref="738815662" role="platform"/>
  <member type="node" ref="11524039231" role="platform"/>
  <member type="node" ref="7185567066" role="platform"/>
  <member type="node" ref="11524039232" role="platform"/>
  <member type="node" ref="11524039233" role="platform"/>
  <member type="node" ref="11524039234" role="platform"/>
  <member type="node" ref="11294871987" role="platform"/>
  <member type="node" ref="738813654" role="platform"/>
  <member type="node" ref="8900275038" role="platform"/>
  <member type="node" ref="8856174814" role="platform"/>
  <member type="node" ref="738815482" role="platform"/>
  <member type="node" ref="738814058" role="platform"/>
  <member type="node" ref="738815754" role="platform"/>
  <member type="node" ref="738813966" role="platform"/>
  <member type="node" ref="8831420038" role="platform"/>
  <member type="node" ref="738813928" role="platform"/>
  <member type="node" ref="11212782837" role="platform"/>
  <member type="node" ref="4584884500" role="platform"/>
  <member type="node" ref="8821681979" role="platform"/>
  <member type="node" ref="8831420042" role="platform"/>
  <member type="node" ref="738815813" role="platform"/>
  <member type="node" ref="8821681980" role="platform"/>
  <member type="way" ref="404195527" role=""/>
  <member type="way" ref="947778229" role=""/>
  <member type="way" ref="701344335" role=""/>
  <member type="way" ref="947778228" role=""/>
  <member type="way" ref="701344334" role=""/>
  <member type="way" ref="1203023608" role=""/>
  <member type="way" ref="1203023607" role=""/>
  <member type="way" ref="601450426" role=""/>
  <member type="way" ref="601450425" role=""/>
  <member type="way" ref="1339740143" role=""/>
  <member type="way" ref="944100699" role=""/>
  <member type="way" ref="711122007" role=""/>
  <member type="way" ref="711122008" role=""/>
  <member type="way" ref="598694079" role=""/>
  <member type="way" ref="711123903" role=""/>
  <member type="way" ref="705548643" role=""/>
  <member type="way" ref="1413519058" role=""/>
  <member type="way" ref="711123902" role=""/>
  <member type="way" ref="597668128" role=""/>
  <member type="way" ref="597668131" role=""/>
  <member type="way" ref="894857492" role=""/>
  <member type="way" ref="1318958367" role=""/>
  <member type="way" ref="944100697" role=""/>
  <member type="way" ref="894857490" role=""/>
  <member type="way" ref="893882396" role=""/>
  <member type="way" ref="1031088018" role=""/>
  <member type="way" ref="1009871353" role=""/>
  <member type="way" ref="1051713837" role=""/>
  <member type="way" ref="894857488" role=""/>
  <member type="way" ref="38136736" role=""/>
  <member type="way" ref="708596416" role=""/>
  <member type="way" ref="708596411" role=""/>
  <member type="way" ref="708596419" role=""/>
  <member type="way" ref="708596417" role=""/>
  <member type="way" ref="1226367851" role=""/>
  <member type="way" ref="1226368208" role=""/>
  <member type="way" ref="708596420" role=""/>
  <member type="way" ref="953227389" role=""/>
  <member type="way" ref="951487947" role=""/>
  <member type="way" ref="1240127124" role=""/>
  <member type="way" ref="1311925556" role=""/>
  <member type="way" ref="28103274" role=""/>
  <member type="way" ref="711134472" role=""/>
  <member type="way" ref="838419177" role=""/>
  <member type="way" ref="28103383" role=""/>
  <member type="way" ref="1229242024" role=""/>
  <member type="way" ref="1229239673" role=""/>
  <member type="way" ref="971422902" role=""/>
  <member type="way" ref="961661883" role=""/>
  <member type="way" ref="878604348" role=""/>
  <member type="way" ref="408783835" role=""/>
  <member type="way" ref="1225587548" role=""/>
  <member type="way" ref="961685430" role=""/>
  <member type="way" ref="943964868" role=""/>
  <member type="way" ref="408783962" role=""/>
  <member type="way" ref="1239615466" role=""/>
  <member type="way" ref="838526716" role=""/>
  <member type="way" ref="1223464161" role=""/>
  <member type="way" ref="769778613" role=""/>
  <member type="way" ref="1053605852" role=""/>
  <member type="way" ref="944122214" role=""/>
  <member type="way" ref="601595922" role=""/>
  <member type="way" ref="1419634787" role=""/>
  <member type="way" ref="1419634786" role=""/>
  <member type="way" ref="11558435" role=""/>
  <member type="way" ref="772362117" role=""/>
  <member type="way" ref="708539242" role=""/>
  <member type="way" ref="708539244" role=""/>
  <member type="way" ref="700450263" role=""/>
  <member type="way" ref="1203849313" role=""/>
  <member type="way" ref="37933540" role=""/>
  <member type="way" ref="710216465" role=""/>
  <member type="way" ref="27989749" role=""/>
  <member type="way" ref="710235084" role=""/>
  <member type="way" ref="710235085" role=""/>
  <member type="way" ref="710235083" role=""/>
  <member type="way" ref="11711536" role=""/>
  <member type="way" ref="711506044" role=""/>
  <member type="way" ref="703425766" role=""/>
  <member type="way" ref="1213535774" role=""/>
  <member type="way" ref="601885679" role=""/>
  <member type="way" ref="1213535597" role=""/>
  <member type="way" ref="1396737512" role=""/>
  <member type="way" ref="1368026127" role=""/>
  <member type="way" ref="599088007" role=""/>
  <member type="way" ref="946030652" role=""/>
  <member type="way" ref="706715111" role=""/>
  <member type="way" ref="946030653" role=""/>
  <member type="way" ref="1218947562" role=""/>
  <member type="way" ref="1218947565" role=""/>
  <member type="way" ref="1078449398" role=""/>
  <member type="way" ref="1218947564" role=""/>
  <member type="way" ref="1218947563" role=""/>
  <member type="way" ref="28945482" role=""/>
  <member type="way" ref="711379959" role=""/>
  <member type="way" ref="707354680" role=""/>
  <member type="way" ref="706486126" role=""/>
  <member type="way" ref="706476832" role=""/>
  <member type="way" ref="706476834" role=""/>
  <member type="way" ref="706476833" role=""/>
  <member type="way" ref="1240355963" role=""/>
  <member type="way" ref="1111992697" role=""/>
  <member type="way" ref="706486128" role=""/>
  <member type="way" ref="967878670" role=""/>
  <member type="way" ref="805181679" role=""/>
  <member type="way" ref="884156406" role=""/>
  <member type="way" ref="37927459" role=""/>
  <member type="way" ref="602291437" role=""/>
  <member type="way" ref="1216675686" role=""/>
  <member type="way" ref="708558063" role=""/>
  <member type="way" ref="1347202117" role=""/>
  <member type="way" ref="1349483147" role=""/>
  <member type="way" ref="37696595" role=""/>
  <member type="way" ref="817452577" role=""/>
  <member type="way" ref="207130526" role=""/>
  <member type="way" ref="962177673" role=""/>
  <member type="way" ref="37447644" role=""/>
  <member type="way" ref="616482638" role=""/>
  <member type="way" ref="616482637" role=""/>
  <member type="way" ref="1349483150" role=""/>
  <member type="way" ref="180131788" role=""/>
  <member type="way" ref="37447737" role=""/>
  <member type="way" ref="957062227" role=""/>
  <member type="way" ref="957062225" role=""/>
  <member type="way" ref="958138889" role=""/>
  <member type="way" ref="883126623" role=""/>
  <member type="way" ref="1239628943" role=""/>
  <member type="way" ref="1316111659" role=""/>
  <member type="way" ref="964350829" role=""/>
  <member type="way" ref="332762597" role=""/>
  <member type="way" ref="1240693325" role=""/>
  <member type="way" ref="1008258690" role=""/>
  <member type="way" ref="1210334177" role=""/>
  <member type="way" ref="1210334176" role=""/>
  <member type="way" ref="1169767221" role=""/>
  <member type="way" ref="28207688" role=""/>
  <member type="way" ref="1410884566" role=""/>
  <member type="way" ref="967878683" role=""/>
  <member type="way" ref="1210656076" role=""/>
  <member type="way" ref="858369192" role=""/>
  <member type="way" ref="1094428085" role=""/>
  <member type="way" ref="1411060167" role=""/>
  <member type="way" ref="1411060168" role=""/>
  <member type="way" ref="967878676" role=""/>
  <member type="way" ref="1411060170" role=""/>
  <member type="way" ref="1411060169" role=""/>
  <member type="way" ref="965560981" role=""/>
  <member type="way" ref="1275926707" role=""/>
  <member type="way" ref="1200039177" role=""/>
  <member type="way" ref="1411060687" role=""/>
  <member type="way" ref="962005181" role=""/>
  <member type="way" ref="1411060686" role=""/>
  <member type="way" ref="1304188944" role=""/>
  <member type="way" ref="615481458" role=""/>
  <member type="way" ref="1292635495" role=""/>
  <member type="way" ref="374533509" role=""/>
  <member type="way" ref="953158821" role=""/>
  <member type="way" ref="953158822" role=""/>
  <member type="way" ref="953158820" role=""/>
  <member type="way" ref="857573728" role=""/>
  <member type="way" ref="82751664" role=""/>
  <member type="way" ref="967878677" role=""/>
  <member type="way" ref="704032299" role=""/>
  <member type="way" ref="704054142" role=""/>
  <member type="way" ref="964350833" role=""/>
  <member type="way" ref="1420680656" role=""/>
  <member type="way" ref="964350831" role=""/>
  <member type="way" ref="964350834" role=""/>
  <member type="way" ref="704595132" role=""/>
  <member type="way" ref="487142245" role=""/>
  <member type="way" ref="964350836" role=""/>
  <member type="node" ref="8821681981" role="platform"/>
  <member type="node" ref="8821681982" role="platform"/>
  <member type="node" ref="11528486369" role="platform"/>
  <member type="node" ref="13423194834" role="platform_exit_only"/>
  <tag k="charge" v="10000 VND"/>
  <tag k="colour" v="#27baff"/>
  <tag k="fee" v="yes"/>
  <tag k="from" v="Mai Động"/>
  <tag k="interval" v="00:18-00:20"/>
  <tag k="name" v="Mai Động - Tân Xuân"/>
  <tag k="name:en" v="Mai Dong (Hoang Mai Ward) - Tan Xuan Road"/>
  <tag k="network" v="Hanoibus"/>
  <tag k="opening_hours" v="Mo-Su 05:00-21:00"/>
  <tag k="operator" v="Xí nghiệp xe khách Nam Hà Nội"/>
  <tag k="public_transport:version" v="2"/>
  <tag k="ref" v="38"/>
  <tag k="route" v="bus"/>
  <tag k="to" v="Tân Xuân"/>
  <tag k="type" v="route"/>
 </relation>
 <relation id="17038833" visible="true" version="4" changeset="178011178" timestamp="2026-02-02T15:09:12Z" user="edumiz624" uid="20881381">
  <member type="relation" ref="17038831" role=""/>
  <member type="relation" ref="17038832" role=""/>
  <tag k="name" v="Tân Xuân - Mai Động"/>
  <tag k="name:en" v="Tan Xuan Road - Mai Dong (Hoang Mai Ward)"/>
  <tag k="network" v="Hanoibus"/>
  <tag k="operator" v="Xí nghiệp xe khách Nam Hà Nội"/>
  <tag k="ref" v="38"/>
  <tag k="route_master" v="bus"/>
  <tag k="type" v="route_master"/>
 </relation>
 <relation id="17038970" visible="true" version="18" changeset="178011178" timestamp="2026-02-02T15:09:12Z" user="edumiz624" uid="20881381">
  <member type="node" ref="11524139311" role="platform"/>
  <member type="node" ref="11524139312" role="platform"/>
  <member type="node" ref="11524139313" role="platform"/>
  <member type="node" ref="11524139314" role="platform"/>
  <member type="node" ref="481836727" role="platform"/>
  <member type="node" ref="11524139315" role="platform"/>
  <member type="node" ref="481836961" role="platform"/>
  <member type="node" ref="11281471055" role="platform"/>
  <member type="node" ref="11281471056" role="platform"/>
  <member type="node" ref="9582411766" role="platform"/>
  <member type="node" ref="9582411767" role="platform"/>
  <member type="node" ref="8925835928" role="platform"/>
  <member type="node" ref="8739945240" role="platform"/>
  <member type="node" ref="481837399" role="platform"/>
  <member type="node" ref="481836829" role="platform"/>
  <member type="node" ref="8739945241" role="platform"/>
  <member type="node" ref="8925835929" role="platform"/>
  <member type="node" ref="8925835930" role="platform"/>
  <member type="node" ref="8919736512" role="platform"/>
  <member type="node" ref="738815660" role="platform"/>
  <member type="node" ref="738814139" role="platform"/>
  <member type="node" ref="10118488781" role="platform"/>
  <member type="node" ref="10118488782" role="platform"/>
  <member type="node" ref="738815334" role="platform"/>
  <member type="node" ref="7825858603" role="platform"/>
  <member type="node" ref="8837631356" role="platform"/>
  <member type="node" ref="738814946" role="platform"/>
  <member type="node" ref="4539039489" role="platform"/>
  <member type="node" ref="7185567066" role="platform"/>
  <member type="node" ref="738814465" role="platform"/>
  <member type="node" ref="8739945246" role="platform"/>
  <member type="node" ref="738814627" role="platform_exit_only"/>
  <member type="node" ref="11524139310" role="platform_entry_only"/>
  <member type="way" ref="1240365581" role=""/>
  <member type="way" ref="989901521" role=""/>
  <member type="way" ref="1240365582" role=""/>
  <member type="way" ref="601453646" role=""/>
  <member type="way" ref="601453645" role=""/>
  <member type="way" ref="370039139" role=""/>
  <member type="way" ref="242568754" role=""/>
  <member type="way" ref="36727883" role=""/>
  <member type="way" ref="484474563" role=""/>
  <member type="way" ref="1107036510" role=""/>
  <member type="way" ref="484474566" role=""/>
  <member type="way" ref="1445349750" role=""/>
  <member type="way" ref="1217544976" role=""/>
  <member type="way" ref="1040753536" role=""/>
  <member type="way" ref="964872508" role=""/>
  <member type="way" ref="1412111424" role=""/>
  <member type="way" ref="964872510" role=""/>
  <member type="way" ref="949433161" role=""/>
  <member type="way" ref="1235239088" role=""/>
  <member type="way" ref="943964884" role=""/>
  <member type="way" ref="894916674" role=""/>
  <member type="way" ref="384534312" role=""/>
  <member type="way" ref="921744806" role=""/>
  <member type="way" ref="921744807" role=""/>
  <member type="way" ref="611002630" role=""/>
  <member type="way" ref="964872516" role=""/>
  <member type="way" ref="28486590" role=""/>
  <member type="way" ref="85620793" role=""/>
  <member type="way" ref="601545886" role=""/>
  <member type="way" ref="1184211734" role=""/>
  <member type="way" ref="955842622" role=""/>
  <member type="way" ref="964872517" role=""/>
  <member type="way" ref="955842621" role=""/>
  <member type="way" ref="955842627" role=""/>
  <member type="way" ref="972783397" role=""/>
  <member type="way" ref="497839666" role=""/>
  <member type="way" ref="1125152577" role=""/>
  <member type="way" ref="711720172" role=""/>
  <member type="way" ref="85739398" role=""/>
  <member type="way" ref="1431633226" role=""/>
  <member type="way" ref="69143125" role=""/>
  <member type="way" ref="955842628" role=""/>
  <member type="way" ref="85620795" role=""/>
  <member type="way" ref="1444833517" role=""/>
  <member type="way" ref="702791127" role=""/>
  <member type="way" ref="599534682" role=""/>
  <member type="way" ref="711047892" role=""/>
  <member type="way" ref="711047891" role=""/>
  <member type="way" ref="711047894" role=""/>
  <member type="way" ref="954362667" role=""/>
  <member type="way" ref="1165355229" role=""/>
  <member type="way" ref="818018267" role=""/>
  <member type="way" ref="1105753218" role=""/>
  <member type="way" ref="711372337" role=""/>
  <member type="way" ref="85739368" role=""/>
  <member type="way" ref="1311942194" role=""/>
  <member type="way" ref="1303403704" role=""/>
  <member type="way" ref="600115734" role=""/>
  <member type="way" ref="813360486" role=""/>
  <member type="way" ref="1226365019" role=""/>
  <member type="way" ref="832454962" role=""/>
  <member type="way" ref="769787747" role=""/>
  <member type="way" ref="964674136" role=""/>
  <member type="way" ref="954856202" role=""/>
  <member type="way" ref="707060209" role=""/>
  <member type="way" ref="769798547" role=""/>
  <member type="way" ref="1223385256" role=""/>
  <member type="way" ref="399561785" role=""/>
  <member type="way" ref="864547867" role=""/>
  <member type="way" ref="838526716" role=""/>
  <member type="way" ref="1223464161" role=""/>
  <member type="way" ref="769778613" role=""/>
  <member type="way" ref="1053605852" role=""/>
  <member type="way" ref="944122214" role=""/>
  <member type="way" ref="601595922" role=""/>
  <member type="way" ref="1419634787" role=""/>
  <member type="way" ref="1419634785" role=""/>
  <member type="way" ref="710176322" role=""/>
  <member type="way" ref="710176323" role=""/>
  <member type="way" ref="628714049" role=""/>
  <member type="way" ref="965041060" role=""/>
  <member type="way" ref="769798552" role=""/>
  <member type="way" ref="710176320" role=""/>
  <member type="way" ref="218106606" role=""/>
  <member type="way" ref="898272869" role=""/>
  <member type="way" ref="943964892" role=""/>
  <member type="way" ref="1251529946" role=""/>
  <member type="way" ref="11551275" role=""/>
  <member type="way" ref="972186122" role=""/>
  <tag k="charge" v="10000 VND"/>
  <tag k="colour" v="#27baff"/>
  <tag k="fee" v="yes"/>
  <tag k="from" v="Văn Lâm (Hưng Yên)"/>
  <tag k="interval" v="00:12"/>
  <tag k="name" v="Văn Lâm - Công viên Thống Nhất"/>
  <tag k="name:en" v="Van Lam (Nhu Quynh Commune, Hung Yen Province) - Thong Nhat Park"/>
  <tag k="network" v="Hanoibus"/>
  <tag k="opening_hours" v="Mo-Th 05:00-22:00; Fr 05:00-18:00"/>
  <tag k="operator" v="Xí nghiệp xe buýt Hà Nội"/>
  <tag k="ref" v="40"/>
  <tag k="route" v="bus"/>
  <tag k="to" v="Công viên Thống Nhất"/>
  <tag k="type" v="route"/>
 </relation>
 <relation id="17038971" visible="true" version="3" changeset="178011178" timestamp="2026-02-02T15:09:12Z" user="edumiz624" uid="20881381">
  <member type="relation" ref="17038969" role=""/>
  <member type="relation" ref="17038970" role=""/>
  <tag k="name" v="Công viên Thống Nhất - Văn Lâm"/>
  <tag k="name:en" v="Thong Nhat Park - Van Lam (Nhu Quynh Commune, Hung Yen Province)"/>
  <tag k="network" v="Hanoibus"/>
  <tag k="operator" v="Xí nghiệp xe buýt Hà Nội"/>
  <tag k="ref" v="40"/>
  <tag k="route_master" v="bus"/>
  <tag k="type" v="route_master"/>
 </relation>
 <relation id="17082774" visible="true" version="50" changeset="180067716" timestamp="2026-03-18T16:11:31Z" user="FanaticAir75626" uid="11141338">
  <member type="node" ref="13449454037" role="platform_entry_only"/>
  <member type="node" ref="13449454038" role="platform"/>
  <member type="node" ref="13449454039" role="platform"/>
  <member type="node" ref="13449454040" role="platform"/>
  <member type="node" ref="13449454041" role="platform"/>
  <member type="node" ref="13449454042" role="platform"/>
  <member type="node" ref="13449454043" role="platform"/>
  <member type="node" ref="13449454044" role="platform"/>
  <member type="node" ref="13449454045" role="platform"/>
  <member type="node" ref="7178811680" role="platform"/>
  <member type="node" ref="13449454046" role="platform"/>
  <member type="node" ref="13449454047" role="platform"/>
  <member type="node" ref="13449454048" role="platform"/>
  <member type="node" ref="13449454049" role="platform"/>
  <member type="node" ref="13449454050" role="platform"/>
  <member type="node" ref="13449454051" role="platform"/>
  <member type="node" ref="5321696621" role="platform"/>
  <member type="node" ref="8831817105" role="platform"/>
  <member type="node" ref="8822946813" role="platform"/>
  <member type="node" ref="8822946814" role="platform"/>
  <member type="node" ref="738815373" role="platform"/>
  <member type="node" ref="4292651591" role="platform"/>
  <member type="node" ref="4292785590" role="platform"/>
  <member type="node" ref="738815469" role="platform"/>
  <member type="node" ref="12167250982" role="platform"/>
  <member type="node" ref="12167250984" role="platform"/>
  <member type="node" ref="11294871987" role="platform"/>
  <member type="node" ref="8936462893" role="platform_exit_only"/>
  <member type="way" ref="1466377907" role=""/>
  <member type="way" ref="1466377906" role=""/>
  <member type="way" ref="1319187977" role=""/>
  <member type="way" ref="336490197" role=""/>
  <member type="way" ref="1421720762" role=""/>
  <member type="way" ref="1319187976" role=""/>
  <member type="way" ref="180131831" role=""/>
  <member type="way" ref="475071346" role=""/>
  <member type="way" ref="965643853" role=""/>
  <member type="way" ref="37531974" role=""/>
  <member type="way" ref="221151113" role=""/>
  <member type="way" ref="37531975" role=""/>
  <member type="way" ref="37531976" role=""/>
  <member type="way" ref="705794841" role=""/>
  <member type="way" ref="705794840" role=""/>
  <member type="way" ref="705810026" role=""/>
  <member type="way" ref="37531979" role=""/>
  <member type="way" ref="1379002485" role=""/>
  <member type="way" ref="1342672184" role=""/>
  <member type="way" ref="705564979" role=""/>
  <member type="way" ref="704998423" role=""/>
  <member type="way" ref="705564978" role=""/>
  <member type="way" ref="705564977" role=""/>
  <member type="way" ref="705564976" role=""/>
  <member type="way" ref="705564975" role=""/>
  <member type="way" ref="704998422" role=""/>
  <member type="way" ref="601916876" role=""/>
  <member type="way" ref="28489754" role=""/>
  <member type="way" ref="1466377905" role=""/>
  <member type="way" ref="475076683" role=""/>
  <member type="way" ref="500579397" role=""/>
  <member type="way" ref="709679757" role=""/>
  <member type="way" ref="500579222" role=""/>
  <member type="way" ref="1199967384" role=""/>
  <member type="way" ref="1490260830" role=""/>
  <member type="way" ref="1318099717" role=""/>
  <member type="way" ref="943577309" role=""/>
  <member type="way" ref="943577311" role=""/>
  <member type="way" ref="943577310" role=""/>
  <member type="way" ref="1298677538" role=""/>
  <member type="way" ref="847087479" role=""/>
  <member type="way" ref="703219919" role=""/>
  <member type="way" ref="1361103008" role=""/>
  <member type="way" ref="702919019" role=""/>
  <member type="way" ref="221152166" role=""/>
  <member type="way" ref="703206412" role=""/>
  <member type="way" ref="618377254" role=""/>
  <member type="way" ref="10231118" role=""/>
  <member type="way" ref="965574227" role=""/>
  <member type="way" ref="769777582" role=""/>
  <member type="way" ref="702469513" role=""/>
  <member type="way" ref="37555727" role=""/>
  <member type="way" ref="943964874" role=""/>
  <member type="way" ref="1409256072" role=""/>
  <member type="way" ref="701339683" role=""/>
  <member type="way" ref="705250832" role=""/>
  <member type="way" ref="701886585" role=""/>
  <member type="way" ref="701339681" role=""/>
  <member type="way" ref="1239581823" role=""/>
  <member type="way" ref="701365202" role=""/>
  <member type="way" ref="701371239" role=""/>
  <member type="way" ref="946030644" role=""/>
  <member type="way" ref="597565388" role=""/>
  <member type="way" ref="769777576" role=""/>
  <member type="way" ref="220303927" role=""/>
  <member type="way" ref="769777575" role=""/>
  <member type="way" ref="1217929464" role=""/>
  <member type="way" ref="1217929839" role=""/>
  <member type="way" ref="37449529" role=""/>
  <member type="way" ref="28102768" role=""/>
  <member type="way" ref="598685446" role=""/>
  <member type="way" ref="598685445" role=""/>
  <member type="way" ref="9963509" role=""/>
  <member type="way" ref="28102779" role=""/>
  <member type="way" ref="1296022093" role=""/>
  <member type="way" ref="1217059726" role=""/>
  <member type="way" ref="28102775" role=""/>
  <member type="way" ref="28102774" role=""/>
  <member type="way" ref="11705813" role=""/>
  <member type="way" ref="1233995053" role=""/>
  <member type="way" ref="211895004" role=""/>
  <member type="way" ref="605231943" role=""/>
  <member type="way" ref="37458882" role=""/>
  <member type="way" ref="707052080" role=""/>
  <member type="way" ref="707052081" role=""/>
  <member type="way" ref="11706198" role=""/>
  <member type="way" ref="838526718" role=""/>
  <member type="way" ref="707337132" role=""/>
  <member type="way" ref="684044681" role=""/>
  <member type="way" ref="951487948" role=""/>
  <member type="way" ref="707348511" role=""/>
  <member type="way" ref="1334956949" role=""/>
  <member type="way" ref="770552095" role=""/>
  <member type="way" ref="704134620" role=""/>
  <member type="way" ref="708896220" role=""/>
  <member type="way" ref="1305270969" role=""/>
  <member type="way" ref="708896218" role=""/>
  <member type="way" ref="1300392334" role=""/>
  <member type="way" ref="1107657693" role=""/>
  <member type="way" ref="376127898" role=""/>
  <member type="way" ref="1240408551" role=""/>
  <member type="way" ref="11711442" role=""/>
  <member type="way" ref="703403026" role=""/>
  <member type="way" ref="703403028" role=""/>
  <member type="way" ref="1305203175" role=""/>
  <member type="way" ref="599094566" role=""/>
  <member type="way" ref="11711736" role=""/>
  <member type="way" ref="28945356" role=""/>
  <member type="way" ref="946030651" role=""/>
  <member type="way" ref="599088007" role=""/>
  <member type="way" ref="946030652" role=""/>
  <member type="way" ref="706715111" role=""/>
  <member type="way" ref="946030653" role=""/>
  <member type="way" ref="1218947562" role=""/>
  <member type="way" ref="1218947565" role=""/>
  <member type="way" ref="1078449398" role=""/>
  <member type="way" ref="1218947564" role=""/>
  <member type="way" ref="1218947563" role=""/>
  <member type="way" ref="28945482" role=""/>
  <member type="way" ref="707354681" role=""/>
  <member type="way" ref="945322254" role=""/>
  <member type="way" ref="711400669" role=""/>
  <member type="way" ref="965992922" role=""/>
  <tag k="charge" v="10000 VND"/>
  <tag k="colour" v="#00a4b4"/>
  <tag k="fee" v="yes"/>
  <tag k="from" v="Phù Đổng"/>
  <tag k="interval" v="00:10-00:15"/>
  <tag k="name" v="Phù Đổng - Hào Nam"/>
  <tag k="name:en" v="Phu Dong Commune - Hao Nam Street"/>
  <tag k="network" v="Hanoibus"/>
  <tag k="opening_hours" v="Mo-Th 05:00-21:00; Fr 05:00-18:00"/>
  <tag k="operator" v="Công ty CP Xe khách Hà Nội"/>
  <tag k="public_transport:version" v="2"/>
  <tag k="ref" v="146"/>
  <tag k="route" v="bus"/>
  <tag k="to" v="Hào Nam"/>
  <tag k="type" v="route"/>
 </relation>
 <relation id="17082775" visible="true" version="3" changeset="177123134" timestamp="2026-01-12T06:19:16Z" user="edumiz624" uid="20881381">
  <member type="relation" ref="14343665" role=""/>
  <member type="relation" ref="17082774" role=""/>
  <tag k="name" v="Hào Nam - Phù Đổng"/>
  <tag k="name:en" v="Hao Nam Street - Phu Dong Commune"/>
  <tag k="network" v="Hanoibus"/>
  <tag k="operator" v="Công ty CP Xe khách Hà Nội"/>
  <tag k="ref" v="146"/>
  <tag k="route_master" v="bus"/>
  <tag k="type" v="route_master"/>
 </relation>
 <relation id="17141297" visible="true" version="33" changeset="179667167" timestamp="2026-03-11T02:56:28Z" user="edumiz624" uid="20881381">
  <member type="node" ref="738814872" role="platform"/>
  <member type="node" ref="738814946" role="platform"/>
  <member type="node" ref="4539039489" role="platform"/>
  <member type="node" ref="7185567066" role="platform"/>
  <member type="node" ref="738814465" role="platform"/>
  <member type="node" ref="8739945246" role="platform"/>
  <member type="node" ref="8895558437" role="platform"/>
  <member type="node" ref="8895558433" role="platform"/>
  <member type="node" ref="738813232" role="platform"/>
  <member type="node" ref="8813408796" role="platform"/>
  <member type="node" ref="8813408797" role="platform"/>
  <member type="node" ref="738814324" role="platform"/>
  <member type="node" ref="738813337" role="platform"/>
  <member type="node" ref="4421384524" role="platform"/>
  <member type="node" ref="8932663264" role="platform"/>
  <member type="node" ref="8849027506" role="platform"/>
  <member type="node" ref="8751624837" role="platform"/>
  <member type="node" ref="11515748452" role="platform"/>
  <member type="node" ref="11515748453" role="platform"/>
  <member type="node" ref="11515748454" role="platform"/>
  <member type="node" ref="8751624842" role="platform"/>
  <member type="node" ref="11515748455" role="platform"/>
  <member type="node" ref="8929843511" role="platform"/>
  <member type="node" ref="8831817104" role="platform_entry_only"/>
  <member type="node" ref="7132790440" role="platform"/>
  <member type="node" ref="8741080064" role="platform"/>
  <member type="node" ref="12511818450" role="platform"/>
  <member type="node" ref="8939177167" role="platform"/>
  <member type="node" ref="8835043626" role=""/>
  <member type="way" ref="1287255416" role=""/>
  <member type="way" ref="37555725" role=""/>
  <member type="way" ref="37555725" role=""/>
  <member type="way" ref="1287255416" role=""/>
  <member type="way" ref="769785756" role=""/>
  <member type="way" ref="769777576" role=""/>
  <member type="way" ref="220303927" role=""/>
  <member type="way" ref="769777575" role=""/>
  <member type="way" ref="703199102" role=""/>
  <member type="way" ref="701454823" role=""/>
  <member type="way" ref="703199100" role=""/>
  <member type="way" ref="701347289" role=""/>
  <member type="way" ref="1409256071" role=""/>
  <member type="way" ref="1409256069" role=""/>
  <member type="way" ref="703199099" role=""/>
  <member type="way" ref="1203971796" role=""/>
  <member type="way" ref="292907006" role=""/>
  <member type="way" ref="702469511" role=""/>
  <member type="way" ref="702469512" role=""/>
  <member type="way" ref="1366248723" role=""/>
  <member type="way" ref="136528941" role=""/>
  <member type="way" ref="1230287866" role=""/>
  <member type="way" ref="28102135" role=""/>
  <member type="way" ref="1262845731" role=""/>
  <member type="way" ref="703214348" role=""/>
  <member type="way" ref="11705879" role=""/>
  <member type="way" ref="605231624" role=""/>
  <member type="way" ref="1417556881" role=""/>
  <member type="way" ref="605231047" role=""/>
  <member type="way" ref="498896874" role=""/>
  <member type="way" ref="1223387152" role=""/>
  <member type="way" ref="1223385664" role=""/>
  <member type="way" ref="1223365201" role=""/>
  <member type="way" ref="605230289" role=""/>
  <member type="way" ref="1223385256" role=""/>
  <member type="way" ref="399561785" role=""/>
  <member type="way" ref="864547867" role=""/>
  <member type="way" ref="838526716" role=""/>
  <member type="way" ref="1223464161" role=""/>
  <member type="way" ref="769778613" role=""/>
  <member type="way" ref="1053605852" role=""/>
  <member type="way" ref="944122214" role=""/>
  <member type="way" ref="601595922" role=""/>
  <member type="way" ref="1419634787" role=""/>
  <member type="way" ref="1419634785" role=""/>
  <member type="way" ref="710176322" role=""/>
  <member type="way" ref="710176323" role=""/>
  <member type="way" ref="628714049" role=""/>
  <member type="way" ref="965041060" role=""/>
  <member type="way" ref="769798552" role=""/>
  <member type="way" ref="710176320" role=""/>
  <member type="way" ref="218106606" role=""/>
  <member type="way" ref="898272869" role=""/>
  <member type="way" ref="943964892" role=""/>
  <member type="way" ref="601529284" role=""/>
  <member type="way" ref="1396192123" role=""/>
  <member type="way" ref="163843396" role=""/>
  <member type="way" ref="601455489" role=""/>
  <member type="way" ref="962177672" role=""/>
  <member type="way" ref="711379743" role=""/>
  <member type="way" ref="711379742" role=""/>
  <member type="way" ref="37370971" role=""/>
  <member type="way" ref="708964307" role=""/>
  <member type="way" ref="708964306" role=""/>
  <member type="way" ref="965574225" role=""/>
  <member type="way" ref="178102535" role=""/>
  <member type="way" ref="965574224" role=""/>
  <member type="way" ref="704595021" role=""/>
  <member type="way" ref="37370975" role=""/>
  <member type="way" ref="1339713739" role=""/>
  <member type="way" ref="37371052" role=""/>
  <member type="way" ref="705782098" role=""/>
  <member type="way" ref="957062224" role=""/>
  <member type="way" ref="926182259" role=""/>
  <member type="way" ref="705794060" role=""/>
  <member type="way" ref="705792272" role=""/>
  <member type="way" ref="1374079590" role=""/>
  <member type="way" ref="705792271" role=""/>
  <member type="way" ref="706502081" role=""/>
  <member type="way" ref="705812474" role=""/>
  <member type="way" ref="1300236737" role=""/>
  <member type="way" ref="1298906827" role=""/>
  <member type="way" ref="1390293016" role=""/>
  <member type="way" ref="705812470" role=""/>
  <member type="way" ref="705812469" role=""/>
  <member type="way" ref="37371053" role=""/>
  <member type="way" ref="1301686342" role=""/>
  <member type="way" ref="809463692" role=""/>
  <member type="way" ref="635124756" role=""/>
  <member type="way" ref="954882983" role=""/>
  <member type="way" ref="705841392" role=""/>
  <member type="way" ref="705801765" role=""/>
  <member type="way" ref="1468504519" role=""/>
  <member type="way" ref="705808093" role=""/>
  <member type="way" ref="10236954" role=""/>
  <member type="way" ref="1352274602" role=""/>
  <member type="way" ref="944100705" role=""/>
  <member type="way" ref="956129602" role=""/>
  <member type="way" ref="597114554" role=""/>
  <member type="way" ref="597591436" role=""/>
  <member type="way" ref="966219959" role=""/>
  <member type="way" ref="682709118" role=""/>
  <member type="way" ref="956129600" role=""/>
  <member type="way" ref="956489659" role=""/>
  <member type="way" ref="597591438" role=""/>
  <member type="way" ref="1239880095" role=""/>
  <member type="way" ref="956129601" role=""/>
  <member type="way" ref="599098744" role=""/>
  <member type="way" ref="599098743" role=""/>
  <member type="way" ref="944100707" role=""/>
  <member type="way" ref="599524498" role=""/>
  <member type="way" ref="965585521" role=""/>
  <member type="way" ref="945322262" role=""/>
  <member type="way" ref="945322261" role=""/>
  <member type="way" ref="1239575049" role=""/>
  <member type="way" ref="599524494" role=""/>
  <member type="way" ref="600008170" role=""/>
  <member type="way" ref="617577172" role=""/>
  <member type="way" ref="374515783" role=""/>
  <member type="way" ref="601536554" role=""/>
  <member type="way" ref="601548953" role=""/>
  <member type="way" ref="601548946" role=""/>
  <member type="way" ref="601548933" role=""/>
  <member type="way" ref="601858269" role=""/>
  <member type="way" ref="1239575050" role=""/>
  <member type="way" ref="965302192" role=""/>
  <member type="way" ref="601864984" role=""/>
  <member type="way" ref="601864983" role=""/>
  <member type="way" ref="179477564" role=""/>
  <member type="way" ref="179477549" role=""/>
  <member type="way" ref="179477562" role=""/>
  <member type="way" ref="179477559" role=""/>
  <member type="way" ref="179477554" role=""/>
  <member type="way" ref="600493263" role=""/>
  <member type="way" ref="1450185940" role=""/>
  <member type="way" ref="600493265" role=""/>
  <member type="way" ref="771834245" role=""/>
  <member type="way" ref="219867179" role=""/>
  <member type="way" ref="954542122" role=""/>
  <member type="way" ref="954542122" role=""/>
  <member type="way" ref="219867179" role=""/>
  <member type="way" ref="965302194" role=""/>
  <member type="way" ref="251904293" role=""/>
  <member type="way" ref="1329913597" role=""/>
  <member type="way" ref="965302195" role=""/>
  <member type="way" ref="251904294" role=""/>
  <member type="way" ref="251904298" role=""/>
  <member type="way" ref="965585524" role=""/>
  <member type="way" ref="179477560" role=""/>
  <member type="way" ref="965585525" role=""/>
  <member type="node" ref="8930639199" role="platform_entry_only"/>
  <member type="node" ref="8929843512" role=""/>
  <member type="node" ref="8929843513" role=""/>
  <member type="node" ref="8929843514" role=""/>
  <member type="node" ref="13109916106" role=""/>
  <member type="node" ref="13109916107" role=""/>
  <member type="node" ref="13109916108" role=""/>
  <member type="node" ref="13109916109" role=""/>
  <member type="node" ref="13543280691" role="platform"/>
  <member type="node" ref="13636478744" role="platform"/>
  <member type="node" ref="13636478745" role="platform"/>
  <tag k="charge" v="10000 VND"/>
  <tag k="colour" v="#9cdd31"/>
  <tag k="fee" v="yes"/>
  <tag k="from" v="Long Biên"/>
  <tag k="interval" v="00:20"/>
  <tag k="name" v="Long Biên - Vạn Phúc (cuối tuần)"/>
  <tag k="name:en" v="Long Bien Bus Interchange - Van Phuc (Nam Phu Commune) (weekend)"/>
  <tag k="network" v="Hanoibus"/>
  <tag k="opening_hours" v="Fr 18:00-20:50; Sa-Su 05:30-20:50"/>
  <tag k="operator" v="Công ty CPVT &amp; DV Liên Ninh"/>
  <tag k="ref" v="08BCT"/>
  <tag k="route" v="bus"/>
  <tag k="to" v="Vạn Phúc"/>
  <tag k="type" v="route"/>
 </relation>
 <relation id="17141299" visible="true" version="3" changeset="178011178" timestamp="2026-02-02T15:09:12Z" user="edumiz624" uid="20881381">
  <member type="relation" ref="17141298" role=""/>
  <member type="relation" ref="17141297" role=""/>
  <tag k="name" v="Long Biên - Vạn Phúc (cuối tuần)"/>
  <tag k="name:en" v="Long Bien Bus Interchange - Van Phuc (Nam Phu Commune) (weekend)"/>
  <tag k="network" v="Hanoibus"/>
  <tag k="operator" v="Công ty CPVT &amp; DV Liên Ninh"/>
  <tag k="ref" v="08BCT"/>
  <tag k="route_master" v="bus"/>
  <tag k="type" v="route_master"/>
 </relation>
 <relation id="17305018" visible="true" version="15" changeset="178011178" timestamp="2026-02-02T15:09:12Z" user="edumiz624" uid="20881381">
  <member type="node" ref="11524139310" role="platform_entry_only"/>
  <member type="node" ref="11524139311" role="platform"/>
  <member type="node" ref="11524139312" role="platform"/>
  <member type="node" ref="11524139313" role="platform"/>
  <member type="node" ref="11524139314" role="platform"/>
  <member type="node" ref="481836727" role="platform"/>
  <member type="node" ref="11524139315" role="platform"/>
  <member type="node" ref="481836961" role="platform"/>
  <member type="node" ref="11281471055" role="platform"/>
  <member type="node" ref="11281471056" role="platform"/>
  <member type="node" ref="9582411766" role="platform"/>
  <member type="node" ref="9582411767" role="platform"/>
  <member type="node" ref="8925835928" role="platform"/>
  <member type="node" ref="8739945240" role="platform"/>
  <member type="node" ref="481837399" role="platform"/>
  <member type="node" ref="481836829" role="platform"/>
  <member type="node" ref="8739945241" role="platform"/>
  <member type="node" ref="8925835929" role="platform"/>
  <member type="node" ref="8925835930" role="platform"/>
  <member type="node" ref="8919736512" role="platform"/>
  <member type="node" ref="738815660" role="platform"/>
  <member type="node" ref="738814139" role="platform"/>
  <member type="node" ref="10118488781" role="platform"/>
  <member type="node" ref="10118488782" role="platform"/>
  <member type="node" ref="738815334" role="platform"/>
  <member type="node" ref="7825858603" role="platform"/>
  <member type="node" ref="8837631356" role="platform"/>
  <member type="node" ref="738814946" role="platform"/>
  <member type="node" ref="4539039489" role="platform"/>
  <member type="node" ref="7185567066" role="platform"/>
  <member type="node" ref="738814465" role="platform"/>
  <member type="node" ref="8739945246" role="platform"/>
  <member type="node" ref="11633899828" role="platform_exit_only"/>
  <member type="way" ref="1240365581" role=""/>
  <member type="way" ref="989901521" role=""/>
  <member type="way" ref="1240365582" role=""/>
  <member type="way" ref="601453646" role=""/>
  <member type="way" ref="601453645" role=""/>
  <member type="way" ref="370039139" role=""/>
  <member type="way" ref="242568754" role=""/>
  <member type="way" ref="36727883" role=""/>
  <member type="way" ref="484474563" role=""/>
  <member type="way" ref="1107036510" role=""/>
  <member type="way" ref="484474566" role=""/>
  <member type="way" ref="1445349750" role=""/>
  <member type="way" ref="1217544976" role=""/>
  <member type="way" ref="1040753536" role=""/>
  <member type="way" ref="964872508" role=""/>
  <member type="way" ref="1412111424" role=""/>
  <member type="way" ref="964872510" role=""/>
  <member type="way" ref="949433161" role=""/>
  <member type="way" ref="1235239088" role=""/>
  <member type="way" ref="943964884" role=""/>
  <member type="way" ref="894916674" role=""/>
  <member type="way" ref="384534312" role=""/>
  <member type="way" ref="921744806" role=""/>
  <member type="way" ref="921744807" role=""/>
  <member type="way" ref="611002630" role=""/>
  <member type="way" ref="964872516" role=""/>
  <member type="way" ref="28486590" role=""/>
  <member type="way" ref="85620793" role=""/>
  <member type="way" ref="601545886" role=""/>
  <member type="way" ref="1184211735" role=""/>
  <member type="way" ref="1184211734" role=""/>
  <member type="way" ref="955842622" role=""/>
  <member type="way" ref="964872517" role=""/>
  <member type="way" ref="955842621" role=""/>
  <member type="way" ref="955842627" role=""/>
  <member type="way" ref="972783397" role=""/>
  <member type="way" ref="497839666" role=""/>
  <member type="way" ref="1125152577" role=""/>
  <member type="way" ref="711720172" role=""/>
  <member type="way" ref="85739398" role=""/>
  <member type="way" ref="1431633226" role=""/>
  <member type="way" ref="69143125" role=""/>
  <member type="way" ref="955842628" role=""/>
  <member type="way" ref="85620795" role=""/>
  <member type="way" ref="1444833517" role=""/>
  <member type="way" ref="702791127" role=""/>
  <member type="way" ref="599534682" role=""/>
  <member type="way" ref="711047892" role=""/>
  <member type="way" ref="711047891" role=""/>
  <member type="way" ref="711047894" role=""/>
  <member type="way" ref="954362667" role=""/>
  <member type="way" ref="1165355229" role=""/>
  <member type="way" ref="818018267" role=""/>
  <member type="way" ref="1105753218" role=""/>
  <member type="way" ref="711372337" role=""/>
  <member type="way" ref="85739368" role=""/>
  <member type="way" ref="1311942194" role=""/>
  <member type="way" ref="1303403704" role=""/>
  <member type="way" ref="600115734" role=""/>
  <member type="way" ref="813360486" role=""/>
  <member type="way" ref="1226365019" role=""/>
  <member type="way" ref="832454962" role=""/>
  <member type="way" ref="769787747" role=""/>
  <member type="way" ref="964674136" role=""/>
  <member type="way" ref="954856202" role=""/>
  <member type="way" ref="707060209" role=""/>
  <member type="way" ref="769798547" role=""/>
  <member type="way" ref="1223385256" role=""/>
  <member type="way" ref="399561785" role=""/>
  <member type="way" ref="864547867" role=""/>
  <member type="way" ref="838526716" role=""/>
  <member type="way" ref="1223464161" role=""/>
  <member type="way" ref="769778613" role=""/>
  <member type="way" ref="1053605852" role=""/>
  <member type="way" ref="944122214" role=""/>
  <member type="way" ref="601595922" role=""/>
  <member type="way" ref="1419634787" role=""/>
  <member type="way" ref="1419634785" role=""/>
  <member type="way" ref="710176322" role=""/>
  <member type="way" ref="710176323" role=""/>
  <member type="way" ref="628714049" role=""/>
  <member type="way" ref="965041060" role=""/>
  <member type="way" ref="769798552" role=""/>
  <member type="way" ref="710176320" role=""/>
  <member type="way" ref="218106606" role=""/>
  <member type="way" ref="898272869" role=""/>
  <member type="way" ref="943964892" role=""/>
  <member type="way" ref="1251529946" role=""/>
  <tag k="charge" v="10000 VND"/>
  <tag k="colour" v="#27baff"/>
  <tag k="fee" v="yes"/>
  <tag k="from" v="Văn Lâm (Hưng Yên)"/>
  <tag k="interval" v="00:12"/>
  <tag k="name" v="Văn Lâm - Công viên Thống Nhất (cuối tuần)"/>
  <tag k="name:en" v="Van Lam (Nhu Quynh Commune, Hung Yen Province) - Thong Nhat Park (weekend)"/>
  <tag k="network" v="Hanoibus"/>
  <tag k="opening_hours" v="Fr 18:00-22:00; Sa-Su 05:00-22:00"/>
  <tag k="operator" v="Xí nghiệp xe buýt Hà Nội"/>
  <tag k="ref" v="40CT"/>
  <tag k="route" v="bus"/>
  <tag k="to" v="Công viên Thống Nhất"/>
  <tag k="type" v="route"/>
 </relation>
 <relation id="17305019" visible="true" version="2" changeset="178011178" timestamp="2026-02-02T15:09:12Z" user="edumiz624" uid="20881381">
  <member type="relation" ref="17305017" role=""/>
  <member type="relation" ref="17305018" role=""/>
  <tag k="name" v="Công viên Thống Nhất - Văn Lâm (cuối tuần)"/>
  <tag k="name:en" v="Thong Nhat Park - Van Lam (Nhu Quynh Commune, Hung Yen Province) (weekend)"/>
  <tag k="network" v="Hanoibus"/>
  <tag k="operator" v="Xí nghiệp xe buýt Hà Nội"/>
  <tag k="ref" v="40CT"/>
  <tag k="route_master" v="bus"/>
  <tag k="type" v="route_master"/>
 </relation>
 <relation id="17316283" visible="true" version="2" changeset="148582105" timestamp="2024-03-13T08:43:52Z" user="phoenixsaigon1698" uid="3323343">
  <member type="way" ref="1262094264" role="from"/>
  <member type="node" ref="103060023" role="via"/>
  <member type="way" ref="11558435" role="to"/>
  <tag k="except" v="bicycle;motorcycle;mofa;moped"/>
  <tag k="restriction" v="no_right_turn"/>
  <tag k="type" v="restriction"/>
 </relation>
 <relation id="19267328" visible="true" version="22" changeset="177124538" timestamp="2026-01-12T07:20:22Z" user="goldmelodyvn" uid="8591028">
  <member type="way" ref="1414071046" role="outer"/>
  <member type="way" ref="484561938" role="outer"/>
  <member type="way" ref="1285926708" role="outer"/>
  <member type="way" ref="483150861" role="outer"/>
  <member type="way" ref="1285926710" role="outer"/>
  <member type="way" ref="660919764" role="outer"/>
  <member type="way" ref="1336799424" role="outer"/>
  <member type="way" ref="484563275" role="outer"/>
  <member type="way" ref="1067561904" role="outer"/>
  <member type="way" ref="1033198076" role="outer"/>
  <member type="way" ref="484551783" role="outer"/>
  <member type="way" ref="140210322" role="outer"/>
  <member type="way" ref="1296971657" role="outer"/>
  <member type="way" ref="1033198073" role="outer"/>
  <member type="way" ref="1033173766" role="outer"/>
  <member type="way" ref="1425977531" role="outer"/>
  <member type="way" ref="1425977532" role="outer"/>
  <member type="way" ref="484463626" role="outer"/>
  <member type="way" ref="1033173768" role="outer"/>
  <member type="way" ref="1033173759" role="outer"/>
  <member type="way" ref="483232111" role="outer"/>
  <member type="way" ref="1033173760" role="outer"/>
  <member type="way" ref="1032879040" role="outer"/>
  <member type="way" ref="1032879037" role="outer"/>
  <member type="way" ref="1032879034" role="outer"/>
  <member type="way" ref="1425977533" role="outer"/>
  <member type="way" ref="1425977534" role="outer"/>
  <member type="way" ref="1425977535" role="outer"/>
  <member type="way" ref="1425977536" role="outer"/>
  <member type="way" ref="483226562" role="outer"/>
  <member type="way" ref="1311443022" role="outer"/>
  <member type="way" ref="1420761668" role="outer"/>
  <member type="way" ref="1420761666" role="outer"/>
  <member type="way" ref="1420761665" role="outer"/>
  <member type="way" ref="1420761663" role="outer"/>
  <member type="way" ref="1420761661" role="outer"/>
  <member type="way" ref="1420761660" role="outer"/>
  <member type="way" ref="1420761659" role="outer"/>
  <member type="way" ref="1311443025" role="outer"/>
  <member type="way" ref="1360322828" role="outer"/>
  <member type="way" ref="1420761669" role="outer"/>
  <member type="way" ref="1420761656" role="outer"/>
  <member type="way" ref="483226559" role="outer"/>
  <member type="way" ref="1360322845" role="outer"/>
  <member type="way" ref="1361660788" role="outer"/>
  <member type="way" ref="1311443017" role="outer"/>
  <member type="way" ref="1361660787" role="outer"/>
  <member type="way" ref="1361660789" role="outer"/>
  <member type="way" ref="1311443016" role="outer"/>
  <member type="way" ref="1268977625" role="outer"/>
  <member type="way" ref="1361665003" role="outer"/>
  <member type="way" ref="483232113" role="outer"/>
  <member type="way" ref="1268977337" role="outer"/>
  <member type="way" ref="1420437475" role="outer"/>
  <member type="way" ref="1098119895" role="outer"/>
  <member type="way" ref="1268982566" role="outer"/>
  <member type="way" ref="1420686181" role="outer"/>
  <member type="way" ref="1268972693" role="outer"/>
  <member type="way" ref="1098119919" role="outer"/>
  <member type="way" ref="678539329" role="outer"/>
  <member type="way" ref="1420696898" role="outer"/>
  <member type="way" ref="1420696897" role="outer"/>
  <member type="way" ref="1420696900" role="outer"/>
  <member type="way" ref="1420696901" role="outer"/>
  <member type="way" ref="1000116845" role="outer"/>
  <member type="way" ref="1173008192" role="outer"/>
  <member type="way" ref="1420696895" role="outer"/>
  <member type="way" ref="1420696894" role="outer"/>
  <member type="way" ref="832454937" role="outer"/>
  <member type="way" ref="1420696893" role="outer"/>
  <member type="way" ref="1420696892" role="outer"/>
  <member type="way" ref="1098119914" role="outer"/>
  <member type="way" ref="1420437478" role="outer"/>
  <member type="way" ref="925499500" role="outer"/>
  <member type="way" ref="1098119874" role="outer"/>
  <member type="way" ref="1413836639" role="outer"/>
  <member type="way" ref="1414615897" role="outer"/>
  <member type="way" ref="1098119869" role="outer"/>
  <member type="way" ref="1414615899" role="outer"/>
  <member type="way" ref="1414615898" role="outer"/>
  <member type="way" ref="832454936" role="outer"/>
  <member type="way" ref="832454916" role="outer"/>
  <member type="way" ref="678799138" role="outer"/>
  <member type="way" ref="1420682853" role="outer"/>
  <member type="way" ref="1420682855" role="outer"/>
  <member type="way" ref="1420682854" role="outer"/>
  <member type="way" ref="832454935" role="outer"/>
  <member type="way" ref="1420682851" role="outer"/>
  <member type="way" ref="1420682852" role="outer"/>
  <member type="way" ref="1420682850" role="outer"/>
  <member type="way" ref="832454944" role="outer"/>
  <member type="way" ref="678799141" role="outer"/>
  <member type="way" ref="678774579" role="outer"/>
  <member type="way" ref="678774174" role="outer"/>
  <member type="way" ref="1324046567" role="outer"/>
  <member type="way" ref="678418321" role="outer"/>
  <member type="way" ref="1311931116" role="outer"/>
  <member type="way" ref="1420669513" role="outer"/>
  <member type="way" ref="1420669512" role="outer"/>
  <member type="way" ref="705491702" role="outer"/>
  <member type="way" ref="1413274999" role="outer"/>
  <member type="way" ref="483235220" role="outer"/>
  <member type="way" ref="1311284909" role="outer"/>
  <member type="way" ref="1412300290" role="outer"/>
  <member type="way" ref="1328090700" role="outer"/>
  <member type="way" ref="1412300291" role="outer"/>
  <member type="way" ref="1311284910" role="outer"/>
  <member type="way" ref="483151238" role="outer"/>
  <member type="way" ref="1413275000" role="outer"/>
  <member type="way" ref="1354361330" role="outer"/>
  <member type="way" ref="1311284923" role="outer"/>
  <member type="way" ref="1270602563" role="outer"/>
  <member type="way" ref="1286771826" role="outer"/>
  <member type="way" ref="1270602558" role="outer"/>
  <member type="way" ref="1286471123" role="outer"/>
  <member type="way" ref="1412300281" role="outer"/>
  <member type="way" ref="1270602562" role="outer"/>
  <member type="way" ref="1270602568" role="outer"/>
  <member type="way" ref="1270602572" role="outer"/>
  <member type="way" ref="1285926709" role="outer"/>
  <member type="way" ref="483150859" role="outer"/>
  <member type="way" ref="1349140136" role="outer"/>
  <member type="relation" ref="7115759" role="subarea"/>
  <member type="relation" ref="7114815" role="subarea"/>
  <member type="relation" ref="9421138" role="subarea"/>
  <member type="relation" ref="9421137" role="subarea"/>
  <member type="relation" ref="9421130" role="subarea"/>
  <member type="relation" ref="9421133" role="subarea"/>
  <member type="relation" ref="7115709" role="subarea"/>
  <member type="relation" ref="7115863" role="subarea"/>
  <member type="relation" ref="9421134" role="subarea"/>
  <member type="relation" ref="9421135" role="subarea"/>
  <member type="relation" ref="9421132" role="subarea"/>
  <member type="relation" ref="9421139" role="subarea"/>
  <member type="relation" ref="9421136" role="subarea"/>
  <member type="relation" ref="9421131" role="subarea"/>
  <tag k="boundary" v="administrative"/>
  <tag k="name" v="Trung tâm Hà Nội"/>
  <tag k="note" v="This is not a historical boundary, but rather an subtraction of the defunct Hà Tây province and Mê Linh, Sóc Sơn districts (formerly in Vĩnh Phúc province) from Hà Nội"/>
  <tag k="type" v="boundary"/>
 </relation>
 <relation id="19267330" visible="true" version="12" changeset="172206555" timestamp="2025-09-20T13:46:50Z" user="edumiz624" uid="20881381">
  <member type="way" ref="1413041717" role="outer"/>
  <member type="way" ref="1419890370" role="outer"/>
  <member type="way" ref="914593407" role="outer"/>
  <member type="way" ref="914593412" role="outer"/>
  <member type="way" ref="1419891002" role="outer"/>
  <member type="way" ref="914593408" role="outer"/>
  <member type="way" ref="914710375" role="outer"/>
  <member type="way" ref="1001972030" role="outer"/>
  <member type="way" ref="1431504376" role="outer"/>
  <member type="way" ref="1419888047" role="outer"/>
  <member type="way" ref="1419890373" role="outer"/>
  <member type="way" ref="1419890372" role="outer"/>
  <member type="way" ref="1001943182" role="outer"/>
  <tag k="admin_level" v="8"/>
  <tag k="boundary" v="historic"/>
  <tag k="name" v="Phường Văn Miếu"/>
  <tag k="name:de" v="Stadtviertel Văn Miếu"/>
  <tag k="note" v="DO NOT DELETE PLEASE"/>
  <tag k="type" v="boundary"/>
 </relation>
 <relation id="19331652" visible="true" version="12" changeset="177007678" timestamp="2026-01-09T02:48:01Z" user="Heo Tham An" uid="23305067">
  <member type="way" ref="1419888047" role="outer"/>
  <member type="way" ref="1413041705" role="outer"/>
  <member type="way" ref="1413041700" role="outer"/>
  <member type="way" ref="1412546761" role="outer"/>
  <member type="way" ref="1413067876" role="outer"/>
  <member type="way" ref="1413067865" role="outer"/>
  <member type="way" ref="1413041699" role="outer"/>
  <member type="way" ref="1413067858" role="outer"/>
  <member type="way" ref="1413041733" role="outer"/>
  <member type="way" ref="1419890368" role="outer"/>
  <member type="way" ref="1419890370" role="outer"/>
  <member type="way" ref="1413041717" role="outer"/>
  <member type="way" ref="1419890369" role="outer"/>
  <member type="way" ref="1419890372" role="outer"/>
  <member type="way" ref="1419890371" role="outer"/>
  <member type="way" ref="1419634789" role="outer"/>
  <tag k="admin_level" v="6"/>
  <tag k="boundary" v="administrative"/>
  <tag k="name" v="Phường Ba Đình"/>
  <tag k="name:en" v="Ba Dinh Ward"/>
  <tag k="population" v="65023"/>
  <tag k="population:date" v="2025-07-01"/>
  <tag k="postal_code" v="11120"/>
  <tag k="source:population" v="gis.vn"/>
  <tag k="type" v="boundary"/>
  <tag k="wikidata" v="Q135651473"/>
  <tag k="wikipedia" v="en:Ba Đình"/>
 </relation>
 <relation id="19331653" visible="true" version="9" changeset="175182912" timestamp="2025-11-27T06:26:38Z" user="inserteunnombreaqui" uid="22579655">
  <member type="way" ref="1419888048" role="outer"/>
  <member type="way" ref="1419634788" role="outer"/>
  <member type="way" ref="1413041703" role="outer"/>
  <member type="way" ref="1413041704" role="outer"/>
  <member type="way" ref="832455042" role="outer"/>
  <member type="way" ref="1413041695" role="outer"/>
  <member type="way" ref="1413041696" role="outer"/>
  <member type="way" ref="1413041697" role="outer"/>
  <member type="way" ref="1413041698" role="outer"/>
  <member type="way" ref="1413041705" role="outer"/>
  <tag k="admin_level" v="6"/>
  <tag k="boundary" v="administrative"/>
  <tag k="name" v="Phường Cửa Nam"/>
  <tag k="name:en" v="Cua Nam Ward"/>
  <tag k="population" v="52751"/>
  <tag k="population:date" v="2025-07-01"/>
  <tag k="postal_code" v="11018"/>
  <tag k="source:population" v="gis.vn"/>
  <tag k="type" v="boundary"/>
  <tag k="wikidata" v="Q10752772"/>
  <tag k="wikipedia" v="vi:Cửa Nam, Hà Nội"/>
 </relation>
 <relation id="19331655" visible="true" version="11" changeset="175182912" timestamp="2025-11-27T06:26:38Z" user="inserteunnombreaqui" uid="22579655">
  <member type="way" ref="914593412" role="outer"/>
  <member type="way" ref="1413041716" role="outer"/>
  <member type="way" ref="1413041718" role="outer"/>
  <member type="way" ref="1413041726" role="outer"/>
  <member type="way" ref="1413041715" role="outer"/>
  <member type="way" ref="1413041706" role="outer"/>
  <member type="way" ref="1413041703" role="outer"/>
  <member type="way" ref="1419634788" role="outer"/>
  <member type="way" ref="1419888048" role="outer"/>
  <member type="way" ref="1419888047" role="outer"/>
  <member type="way" ref="1419634789" role="outer"/>
  <member type="way" ref="1419890371" role="outer"/>
  <member type="way" ref="1419890372" role="outer"/>
  <member type="way" ref="1419890369" role="outer"/>
  <member type="way" ref="1413041717" role="outer"/>
  <member type="way" ref="1419890370" role="outer"/>
  <member type="way" ref="914593407" role="outer"/>
  <tag k="admin_level" v="6"/>
  <tag k="boundary" v="administrative"/>
  <tag k="name" v="Phường Văn Miếu - Quốc Tử Giám"/>
  <tag k="name:en" v="Van Mieu - Quoc Tu Giam Ward"/>
  <tag k="population" v="105604"/>
  <tag k="population:date" v="2025-07-01"/>
  <tag k="postal_code" v="11508"/>
  <tag k="source:population" v="gis.vn"/>
  <tag k="type" v="boundary"/>
  <tag k="wikidata" v="Q10833399"/>
  <tag k="wikipedia" v="vi:Văn Miếu – Quốc Tử Giám, Hà Nội"/>
 </relation>
 <relation id="19356221" visible="true" version="18" changeset="179306258" timestamp="2026-03-03T14:58:11Z" user="Ducminhduongcb" uid="20524909">
  <member type="relation" ref="7133707" role="member"/>
  <member type="relation" ref="7133870" role="member"/>
  <member type="relation" ref="7134112" role="member"/>
  <member type="relation" ref="6913068" role="member"/>
  <member type="relation" ref="7133835" role="member"/>
  <member type="relation" ref="7134111" role="member"/>
  <member type="relation" ref="6913418" role="member"/>
  <member type="relation" ref="6912155" role="member"/>
  <member type="relation" ref="6911714" role="member"/>
  <member type="relation" ref="6912913" role="member"/>
  <member type="relation" ref="7133693" role="member"/>
  <member type="relation" ref="6908463" role="member"/>
  <member type="relation" ref="7133660" role="member"/>
  <member type="relation" ref="6913804" role="member"/>
  <member type="relation" ref="7106558" role="member"/>
  <member type="relation" ref="7106046" role="member"/>
  <member type="relation" ref="7106214" role="member"/>
  <member type="relation" ref="7106070" role="member"/>
  <member type="relation" ref="7106060" role="member"/>
  <member type="relation" ref="6881349" role="member"/>
  <member type="relation" ref="6882024" role="member"/>
  <member type="relation" ref="6881753" role="member"/>
  <member type="relation" ref="6882617" role="member"/>
  <member type="relation" ref="6883035" role="member"/>
  <member type="relation" ref="7102797" role="member"/>
  <member type="relation" ref="7115759" role="member"/>
  <member type="relation" ref="9421133" role="member"/>
  <member type="relation" ref="9421130" role="member"/>
  <member type="relation" ref="9421135" role="member"/>
  <member type="relation" ref="9421134" role="member"/>
  <member type="relation" ref="9421131" role="member"/>
  <member type="relation" ref="7115863" role="member"/>
  <member type="relation" ref="9421136" role="member"/>
  <member type="relation" ref="9421139" role="member"/>
  <member type="relation" ref="9421138" role="member"/>
  <member type="relation" ref="9421137" role="member"/>
  <member type="relation" ref="9424587" role="member"/>
  <member type="relation" ref="7115709" role="member"/>
  <member type="relation" ref="7114815" role="member"/>
  <member type="relation" ref="7114806" role="member"/>
  <member type="relation" ref="7114823" role="member"/>
  <member type="relation" ref="7115780" role="member"/>
  <member type="relation" ref="7115795" role="member"/>
  <member type="relation" ref="7115194" role="member"/>
  <member type="relation" ref="7115367" role="member"/>
  <member type="relation" ref="7114829" role="member"/>
  <member type="relation" ref="7115008" role="member"/>
  <member type="relation" ref="7115003" role="member"/>
  <member type="relation" ref="7114847" role="member"/>
  <member type="relation" ref="6925458" role="member"/>
  <member type="relation" ref="7120939" role="member"/>
  <member type="relation" ref="7120760" role="member"/>
  <member type="relation" ref="7120763" role="member"/>
  <member type="relation" ref="7120751" role="member"/>
  <member type="relation" ref="7120938" role="member"/>
  <member type="relation" ref="6932096" role="member"/>
  <member type="relation" ref="6931773" role="member"/>
  <member type="relation" ref="6932207" role="member"/>
  <member type="relation" ref="7120726" role="member"/>
  <member type="relation" ref="7120730" role="member"/>
  <member type="relation" ref="6932323" role="member"/>
  <member type="relation" ref="7094614" role="member"/>
  <member type="relation" ref="7094597" role="member"/>
  <member type="relation" ref="7094347" role="member"/>
  <member type="relation" ref="6929157" role="member"/>
  <member type="relation" ref="6929170" role="member"/>
  <member type="relation" ref="7094543" role="member"/>
  <member type="relation" ref="6300358" role="member"/>
  <member type="relation" ref="7094297" role="member"/>
  <member type="relation" ref="6300521" role="member"/>
  <member type="relation" ref="7094823" role="member"/>
  <member type="relation" ref="7095004" role="member"/>
  <member type="relation" ref="7094991" role="member"/>
  <member type="relation" ref="7094946" role="member"/>
  <member type="relation" ref="7094992" role="member"/>
  <member type="relation" ref="7094929" role="member"/>
  <member type="relation" ref="6932557" role="member"/>
  <member type="relation" ref="6932525" role="member"/>
  <member type="relation" ref="6932526" role="member"/>
  <member type="relation" ref="7125737" role="member"/>
  <member type="relation" ref="7125712" role="member"/>
  <member type="relation" ref="7125704" role="member"/>
  <member type="relation" ref="7125608" role="member"/>
  <member type="relation" ref="7125588" role="member"/>
  <member type="relation" ref="6939707" role="member"/>
  <member type="relation" ref="6938785" role="member"/>
  <member type="relation" ref="6938983" role="member"/>
  <member type="relation" ref="7018411" role="member"/>
  <member type="relation" ref="7018178" role="member"/>
  <member type="relation" ref="7021430" role="member"/>
  <member type="relation" ref="7022471" role="member"/>
  <member type="relation" ref="7022867" role="member"/>
  <member type="relation" ref="7025174" role="member"/>
  <member type="relation" ref="7027190" role="member"/>
  <member type="relation" ref="7125467" role="member"/>
  <member type="relation" ref="7125494" role="member"/>
  <member type="relation" ref="7125491" role="member"/>
  <member type="relation" ref="7125487" role="member"/>
  <member type="relation" ref="7125468" role="member"/>
  <member type="relation" ref="7124623" role="member"/>
  <member type="relation" ref="7124564" role="member"/>
  <member type="relation" ref="7124433" role="member"/>
  <member type="relation" ref="7026159" role="member"/>
  <member type="relation" ref="7026071" role="member"/>
  <member type="relation" ref="7124593" role="member"/>
  <member type="relation" ref="9421132" role="member"/>
  <member type="relation" ref="7115593" role="member"/>
  <member type="relation" ref="7115632" role="member"/>
  <member type="relation" ref="7115580" role="member"/>
  <member type="relation" ref="7115398" role="member"/>
  <member type="relation" ref="7115635" role="member"/>
  <member type="relation" ref="7031744" role="member"/>
  <member type="relation" ref="7031745" role="member"/>
  <member type="relation" ref="7031638" role="member"/>
  <member type="relation" ref="7031698" role="member"/>
  <member type="relation" ref="7016510" role="member"/>
  <member type="relation" ref="7016300" role="member"/>
  <member type="relation" ref="7017020" role="member"/>
  <member type="relation" ref="7014438" role="member"/>
  <member type="relation" ref="6942988" role="member"/>
  <member type="relation" ref="7031576" role="member"/>
  <member type="relation" ref="7033529" role="member"/>
  <member type="relation" ref="7031602" role="member"/>
  <member type="relation" ref="7033530" role="member"/>
  <member type="relation" ref="7032033" role="member"/>
  <member type="relation" ref="7031883" role="member"/>
  <member type="relation" ref="7033033" role="member"/>
  <member type="relation" ref="7033219" role="member"/>
  <member type="relation" ref="7033420" role="member"/>
  <member type="relation" ref="7033334" role="member"/>
  <member type="relation" ref="7033300" role="member"/>
  <member type="relation" ref="7033665" role="member"/>
  <member type="relation" ref="7036466" role="member"/>
  <member type="relation" ref="7036443" role="member"/>
  <member type="relation" ref="7036501" role="member"/>
  <member type="relation" ref="7033755" role="member"/>
  <member type="relation" ref="7034070" role="member"/>
  <member type="relation" ref="7035243" role="member"/>
  <member type="relation" ref="7035199" role="member"/>
  <member type="relation" ref="7036577" role="member"/>
  <member type="relation" ref="7036318" role="member"/>
  <member type="relation" ref="7036057" role="member"/>
  <member type="relation" ref="7035939" role="member"/>
  <member type="relation" ref="7051224" role="member"/>
  <member type="relation" ref="7051220" role="member"/>
  <member type="relation" ref="7051225" role="member"/>
  <member type="relation" ref="7051221" role="member"/>
  <member type="relation" ref="7051227" role="member"/>
  <member type="relation" ref="7051222" role="member"/>
  <member type="relation" ref="7051226" role="member"/>
  <member type="relation" ref="18356281" role="member"/>
  <member type="relation" ref="18356280" role="member"/>
  <member type="relation" ref="7104282" role="member"/>
  <member type="relation" ref="7103106" role="member"/>
  <member type="relation" ref="7100875" role="member"/>
  <member type="relation" ref="7100559" role="member"/>
  <member type="relation" ref="7102525" role="member"/>
  <member type="relation" ref="7103193" role="member"/>
  <tag k="name" v="Old district-level divisions of retained Vietnamese provinces"/>
  <tag k="type" v="collection"/>
 </relation>
 <relation id="19472495" visible="true" version="4" changeset="179448242" timestamp="2026-03-06T13:54:38Z" user="edumiz624" uid="20881381">
  <member type="node" ref="8831817105" role="platform_entry_only"/>
  <member type="node" ref="11523863236" role="platform"/>
  <member type="node" ref="11523863237" role="platform"/>
  <member type="node" ref="13076788486" role="platform"/>
  <member type="node" ref="7185567066" role="platform"/>
  <member type="node" ref="738815469" role="platform"/>
  <member type="node" ref="12167250982" role="platform"/>
  <member type="node" ref="12167250983" role="platform"/>
  <member type="node" ref="5561075722" role="platform"/>
  <member type="node" ref="738813307" role="platform_exit_only"/>
  <member type="node" ref="8835043628" role="platform"/>
  <member type="node" ref="738815828" role="platform"/>
  <member type="node" ref="8741294705" role="platform"/>
  <member type="node" ref="4476131489" role="platform"/>
  <member type="node" ref="738815421" role="platform"/>
  <member type="node" ref="8741294706" role="platform"/>
  <member type="node" ref="8741294707" role="platform"/>
  <member type="node" ref="738814805" role="platform"/>
  <member type="node" ref="11680376018" role="platform"/>
  <member type="node" ref="8218246214" role="platform"/>
  <member type="node" ref="8218246202" role="platform"/>
  <member type="node" ref="738815754" role="platform"/>
  <member type="node" ref="9730350044" role="platform"/>
  <member type="node" ref="13449454022" role="platform"/>
  <member type="node" ref="9903402692" role="platform"/>
  <member type="node" ref="9903402693" role="platform"/>
  <member type="node" ref="9903402694" role="platform"/>
  <member type="node" ref="9903402695" role="platform"/>
  <member type="node" ref="9903402696" role="platform"/>
  <member type="node" ref="8741294715" role="platform"/>
  <member type="node" ref="11523863232" role="platform"/>
  <member type="node" ref="8850985962" role="platform"/>
  <member type="node" ref="8934749270" role="platform"/>
  <member type="node" ref="963363896" role="platform"/>
  <member type="node" ref="738813432" role="platform"/>
  <member type="node" ref="738813372" role="platform"/>
  <member type="node" ref="8835043626" role=""/>
  <member type="way" ref="1375782900" role=""/>
  <member type="way" ref="702545135" role=""/>
  <member type="way" ref="28378536" role=""/>
  <member type="way" ref="1258535174" role=""/>
  <member type="way" ref="1207915892" role=""/>
  <member type="way" ref="1258535173" role=""/>
  <member type="way" ref="1258474100" role=""/>
  <member type="way" ref="1258473966" role=""/>
  <member type="way" ref="1258473965" role=""/>
  <member type="way" ref="1262427962" role=""/>
  <member type="way" ref="1324322092" role=""/>
  <member type="way" ref="645816297" role=""/>
  <member type="way" ref="1374912737" role=""/>
  <member type="way" ref="709280419" role=""/>
  <member type="way" ref="702501612" role=""/>
  <member type="way" ref="702540137" role=""/>
  <member type="way" ref="702540135" role=""/>
  <member type="way" ref="1259558375" role=""/>
  <member type="way" ref="27989899" role=""/>
  <member type="way" ref="1259558376" role=""/>
  <member type="way" ref="702492622" role=""/>
  <member type="way" ref="645816295" role=""/>
  <member type="way" ref="702492618" role=""/>
  <member type="way" ref="701436417" role=""/>
  <member type="way" ref="962493752" role=""/>
  <member type="way" ref="701380294" role=""/>
  <member type="way" ref="701441995" role=""/>
  <member type="way" ref="701441996" role=""/>
  <member type="way" ref="701380293" role=""/>
  <member type="way" ref="1357122963" role=""/>
  <member type="way" ref="1353599147" role=""/>
  <member type="way" ref="1367342312" role=""/>
  <member type="way" ref="223799615" role=""/>
  <member type="way" ref="954542122" role=""/>
  <member type="way" ref="701452887" role=""/>
  <member type="way" ref="701452888" role=""/>
  <member type="way" ref="769785756" role=""/>
  <member type="way" ref="769777576" role=""/>
  <member type="way" ref="220303927" role=""/>
  <member type="way" ref="769777575" role=""/>
  <member type="way" ref="703199102" role=""/>
  <member type="way" ref="701454823" role=""/>
  <member type="way" ref="703199100" role=""/>
  <member type="way" ref="701347289" role=""/>
  <member type="way" ref="1409256071" role=""/>
  <member type="way" ref="1409256069" role=""/>
  <member type="way" ref="703199099" role=""/>
  <member type="way" ref="1203971796" role=""/>
  <member type="way" ref="292907006" role=""/>
  <member type="way" ref="702469511" role=""/>
  <member type="way" ref="702469512" role=""/>
  <member type="way" ref="1374192213" role=""/>
  <member type="way" ref="1230498759" role=""/>
  <member type="way" ref="943964875" role=""/>
  <member type="way" ref="1219945375" role=""/>
  <member type="way" ref="1219945376" role=""/>
  <member type="way" ref="37449815" role=""/>
  <member type="way" ref="1219945377" role=""/>
  <member type="way" ref="948022928" role=""/>
  <member type="way" ref="1257405352" role=""/>
  <member type="way" ref="10232151" role=""/>
  <member type="way" ref="1360839230" role=""/>
  <member type="way" ref="1258069376" role=""/>
  <member type="way" ref="1360839229" role=""/>
  <member type="way" ref="37933056" role=""/>
  <member type="way" ref="704147261" role=""/>
  <member type="way" ref="1360834899" role=""/>
  <member type="way" ref="711128283" role=""/>
  <member type="way" ref="965634323" role=""/>
  <member type="way" ref="943964872" role=""/>
  <member type="way" ref="1240344624" role=""/>
  <member type="way" ref="605230286" role=""/>
  <member type="way" ref="1223365293" role=""/>
  <member type="way" ref="9965723" role=""/>
  <member type="way" ref="27933445" role=""/>
  <member type="way" ref="707055568" role=""/>
  <member type="way" ref="864547867" role=""/>
  <member type="way" ref="838526716" role=""/>
  <member type="way" ref="1223464161" role=""/>
  <member type="way" ref="769778613" role=""/>
  <member type="way" ref="1053605852" role=""/>
  <member type="way" ref="707348510" role=""/>
  <member type="way" ref="1334956949" role=""/>
  <member type="way" ref="770552095" role=""/>
  <member type="way" ref="704134620" role=""/>
  <member type="way" ref="708896220" role=""/>
  <member type="way" ref="1305270969" role=""/>
  <member type="way" ref="708896218" role=""/>
  <member type="way" ref="1300392334" role=""/>
  <member type="way" ref="1107657693" role=""/>
  <member type="way" ref="376127898" role=""/>
  <member type="way" ref="1240408551" role=""/>
  <member type="way" ref="11711442" role=""/>
  <member type="way" ref="703403026" role=""/>
  <member type="way" ref="703403028" role=""/>
  <member type="way" ref="1305203175" role=""/>
  <member type="way" ref="697572031" role=""/>
  <member type="way" ref="617110597" role=""/>
  <member type="way" ref="693491243" role=""/>
  <member type="way" ref="1335904593" role=""/>
  <member type="way" ref="1225342668" role=""/>
  <member type="way" ref="703141277" role=""/>
  <member type="way" ref="1225342666" role=""/>
  <member type="way" ref="1225342667" role=""/>
  <member type="way" ref="703141278" role=""/>
  <member type="way" ref="196077638" role=""/>
  <member type="way" ref="37567095" role=""/>
  <member type="way" ref="163906332" role=""/>
  <member type="way" ref="252400872" role=""/>
  <member type="way" ref="966693588" role=""/>
  <member type="way" ref="951487937" role=""/>
  <member type="way" ref="708550759" role=""/>
  <member type="way" ref="37380896" role=""/>
  <member type="way" ref="675917785" role=""/>
  <member type="way" ref="711526155" role=""/>
  <member type="way" ref="711526154" role=""/>
  <member type="way" ref="399351646" role=""/>
  <member type="way" ref="1073767466" role=""/>
  <member type="way" ref="1073767464" role=""/>
  <member type="way" ref="1073767465" role=""/>
  <member type="way" ref="808984103" role=""/>
  <member type="way" ref="711355912" role=""/>
  <member type="way" ref="1226392034" role=""/>
  <member type="way" ref="1226392801" role=""/>
  <member type="way" ref="1173606571" role=""/>
  <member type="way" ref="1197003490" role=""/>
  <member type="way" ref="1197003500" role=""/>
  <member type="way" ref="1197003498" role=""/>
  <member type="way" ref="1355183494" role=""/>
  <member type="way" ref="343741883" role=""/>
  <member type="way" ref="886446127" role=""/>
  <member type="way" ref="1121703582" role=""/>
  <member type="way" ref="221297385" role=""/>
  <member type="way" ref="157394828" role=""/>
  <member type="way" ref="601973261" role=""/>
  <member type="way" ref="1325575769" role=""/>
  <member type="way" ref="1165357407" role=""/>
  <member type="way" ref="420754272" role=""/>
  <member type="way" ref="36082532" role=""/>
  <member type="way" ref="1187539403" role=""/>
  <member type="way" ref="1242174640" role=""/>
  <member type="way" ref="1240365578" role=""/>
  <member type="way" ref="957062227" role=""/>
  <member type="way" ref="957062225" role=""/>
  <member type="way" ref="958138889" role=""/>
  <member type="way" ref="842076827" role=""/>
  <member type="way" ref="842935944" role=""/>
  <member type="way" ref="842935942" role=""/>
  <member type="way" ref="883126620" role=""/>
  <member type="way" ref="1313211000" role=""/>
  <member type="way" ref="1289419269" role=""/>
  <member type="way" ref="735118039" role=""/>
  <member type="way" ref="1125638477" role=""/>
  <member type="way" ref="496002605" role=""/>
  <member type="way" ref="1058951234" role=""/>
  <member type="way" ref="492297016" role=""/>
  <member type="way" ref="1128183491" role=""/>
  <member type="way" ref="1128183492" role=""/>
  <member type="way" ref="1128183493" role=""/>
  <member type="way" ref="1128183494" role=""/>
  <member type="way" ref="1128183482" role=""/>
  <member type="way" ref="415813825" role=""/>
  <member type="way" ref="1420208062" role=""/>
  <member type="way" ref="844678244" role=""/>
  <member type="way" ref="1420212481" role=""/>
  <member type="way" ref="1420212479" role=""/>
  <member type="way" ref="1420212478" role=""/>
  <member type="way" ref="1420212483" role=""/>
  <member type="way" ref="597551564" role=""/>
  <member type="way" ref="1420212485" role=""/>
  <member type="way" ref="1240205397" role=""/>
  <member type="way" ref="1353090522" role=""/>
  <member type="way" ref="488397485" role=""/>
  <member type="way" ref="1080457691" role=""/>
  <member type="way" ref="1448367795" role=""/>
  <member type="way" ref="488397483" role=""/>
  <member type="way" ref="1448367797" role=""/>
  <member type="way" ref="1445492545" role=""/>
  <member type="way" ref="1411068938" role=""/>
  <member type="way" ref="1448545169" role=""/>
  <member type="way" ref="944122209" role=""/>
  <member type="way" ref="1448545170" role=""/>
  <member type="way" ref="1411069961" role=""/>
  <member type="way" ref="702815316" role=""/>
  <member type="way" ref="492297036" role=""/>
  <member type="way" ref="339331804" role=""/>
  <member type="way" ref="1058951222" role=""/>
  <member type="way" ref="1058951224" role=""/>
  <member type="way" ref="1058951225" role=""/>
  <member type="way" ref="1016688589" role=""/>
  <member type="way" ref="1058951226" role=""/>
  <member type="way" ref="492297041" role=""/>
  <member type="way" ref="1426152845" role=""/>
  <member type="way" ref="956369448" role=""/>
  <member type="way" ref="487370770" role=""/>
  <member type="way" ref="1336409910" role=""/>
  <member type="way" ref="702522171" role=""/>
  <member type="way" ref="1234545069" role=""/>
  <member type="way" ref="1337848321" role=""/>
  <member type="way" ref="1337848322" role=""/>
  <member type="way" ref="705555321" role=""/>
  <member type="way" ref="705555322" role=""/>
  <member type="way" ref="148202944" role=""/>
  <member type="node" ref="13608642901" role="platform"/>
  <member type="node" ref="13608642902" role="platform"/>
  <member type="node" ref="12151587819" role="platform"/>
  <member type="node" ref="8822946811" role="platform"/>
  <member type="node" ref="8822946812" role="platform"/>
  <member type="node" ref="738815149" role="platform"/>
  <tag k="colour" v="#9cdd31"/>
  <tag k="fee" v="no"/>
  <tag k="from" v="Yên Phụ"/>
  <tag k="interval" v="00:20"/>
  <tag k="name" v="Yên Phụ - Yên Phụ (chiều đi)"/>
  <tag k="name:en" v="Yen Phu Street - Yen Phu Street (clockwise)"/>
  <tag k="network" v="Hanoibus"/>
  <tag k="opening_hours" v="Mo-Su 05:00-21:05"/>
  <tag k="operator" v="VinBus"/>
  <tag k="public_transport:version" v="2"/>
  <tag k="ref" v="E11"/>
  <tag k="roundtrip" v="yes"/>
  <tag k="route" v="bus"/>
  <tag k="to" v="Yên Phụ"/>
  <tag k="type" v="route"/>
 </relation>
 <relation id="19472496" visible="true" version="3" changeset="179448242" timestamp="2026-03-06T13:54:38Z" user="edumiz624" uid="20881381">
  <member type="node" ref="8835043626" role=""/>
  <member type="way" ref="611154997" role=""/>
  <member type="way" ref="1324322093" role=""/>
  <member type="way" ref="1324322092" role=""/>
  <member type="way" ref="1262427962" role=""/>
  <member type="way" ref="1258473965" role=""/>
  <member type="way" ref="1258473966" role=""/>
  <member type="way" ref="1258474100" role=""/>
  <member type="way" ref="1258535173" role=""/>
  <member type="way" ref="1207915892" role=""/>
  <member type="way" ref="1258535174" role=""/>
  <member type="way" ref="28378536" role=""/>
  <member type="way" ref="1390995633" role=""/>
  <member type="way" ref="1390995631" role=""/>
  <member type="way" ref="1107657694" role=""/>
  <member type="way" ref="1357701876" role=""/>
  <member type="way" ref="1357701875" role=""/>
  <member type="way" ref="158127762" role=""/>
  <member type="way" ref="701418686" role=""/>
  <member type="way" ref="1234545068" role=""/>
  <member type="way" ref="701418687" role=""/>
  <member type="way" ref="506316677" role=""/>
  <member type="way" ref="701424046" role=""/>
  <member type="way" ref="1351988916" role=""/>
  <member type="way" ref="956489648" role=""/>
  <member type="way" ref="492297039" role=""/>
  <member type="way" ref="1058951228" role=""/>
  <member type="way" ref="703127842" role=""/>
  <member type="way" ref="477077961" role=""/>
  <member type="way" ref="962177676" role=""/>
  <member type="way" ref="962177665" role=""/>
  <member type="way" ref="1448367787" role=""/>
  <member type="way" ref="962177664" role=""/>
  <member type="way" ref="1448367791" role=""/>
  <member type="way" ref="1448367794" role=""/>
  <member type="way" ref="1445478405" role=""/>
  <member type="way" ref="330357143" role=""/>
  <member type="way" ref="556389824" role=""/>
  <member type="way" ref="488397485" role=""/>
  <member type="way" ref="1353090522" role=""/>
  <member type="way" ref="1240205397" role=""/>
  <member type="way" ref="1420212486" role=""/>
  <member type="way" ref="1420212484" role=""/>
  <member type="way" ref="597551567" role=""/>
  <member type="way" ref="1420212480" role=""/>
  <member type="way" ref="415813822" role=""/>
  <member type="way" ref="1420208061" role=""/>
  <member type="way" ref="1420208063" role=""/>
  <member type="way" ref="1420208065" role=""/>
  <member type="way" ref="1420208066" role=""/>
  <member type="way" ref="844678243" role=""/>
  <member type="way" ref="1128183484" role=""/>
  <member type="way" ref="1128183485" role=""/>
  <member type="way" ref="1128183486" role=""/>
  <member type="way" ref="1128183487" role=""/>
  <member type="way" ref="1128183481" role=""/>
  <member type="way" ref="492297015" role=""/>
  <member type="way" ref="492297029" role=""/>
  <member type="way" ref="496002604" role=""/>
  <member type="way" ref="1125638481" role=""/>
  <member type="way" ref="1125638482" role=""/>
  <member type="way" ref="1125638483" role=""/>
  <member type="way" ref="496002618" role=""/>
  <member type="way" ref="1289419268" role=""/>
  <member type="way" ref="735118040" role=""/>
  <member type="way" ref="883126621" role=""/>
  <member type="way" ref="1316111658" role=""/>
  <member type="way" ref="964350830" role=""/>
  <member type="way" ref="954183037" role=""/>
  <member type="way" ref="1058951236" role=""/>
  <member type="way" ref="883126622" role=""/>
  <member type="way" ref="954183038" role=""/>
  <member type="way" ref="956690100" role=""/>
  <member type="way" ref="37447735" role=""/>
  <member type="way" ref="954183039" role=""/>
  <member type="way" ref="967878673" role=""/>
  <member type="way" ref="38030916" role=""/>
  <member type="way" ref="136572163" role=""/>
  <member type="way" ref="967878684" role=""/>
  <member type="way" ref="954183040" role=""/>
  <member type="way" ref="958138886" role=""/>
  <member type="way" ref="958138885" role=""/>
  <member type="way" ref="181564349" role=""/>
  <member type="way" ref="615426398" role=""/>
  <member type="way" ref="712065731" role=""/>
  <member type="way" ref="615426402" role=""/>
  <member type="way" ref="704938980" role=""/>
  <member type="way" ref="1325575768" role=""/>
  <member type="way" ref="973485822" role=""/>
  <member type="way" ref="158829325" role=""/>
  <member type="way" ref="601973263" role=""/>
  <member type="way" ref="1121703583" role=""/>
  <member type="way" ref="954542127" role=""/>
  <member type="way" ref="35841479" role=""/>
  <member type="way" ref="1355183493" role=""/>
  <member type="way" ref="1197003501" role=""/>
  <member type="way" ref="1197003494" role=""/>
  <member type="way" ref="1197003489" role=""/>
  <member type="way" ref="1173606571" role=""/>
  <member type="way" ref="1226392801" role=""/>
  <member type="way" ref="1226392034" role=""/>
  <member type="way" ref="711355912" role=""/>
  <member type="way" ref="760742215" role=""/>
  <member type="way" ref="780188831" role=""/>
  <member type="way" ref="711526153" role=""/>
  <member type="way" ref="1073767462" role=""/>
  <member type="way" ref="1073767460" role=""/>
  <member type="way" ref="1073767461" role=""/>
  <member type="way" ref="711526156" role=""/>
  <member type="way" ref="252400879" role=""/>
  <member type="way" ref="252400873" role=""/>
  <member type="way" ref="966693593" role=""/>
  <member type="way" ref="1301504040" role=""/>
  <member type="way" ref="36850859" role=""/>
  <member type="way" ref="708558067" role=""/>
  <member type="way" ref="708558066" role=""/>
  <member type="way" ref="708558065" role=""/>
  <member type="way" ref="951487951" role=""/>
  <member type="way" ref="704479488" role=""/>
  <member type="way" ref="864640269" role=""/>
  <member type="way" ref="703129549" role=""/>
  <member type="way" ref="703129550" role=""/>
  <member type="way" ref="252400871" role=""/>
  <member type="way" ref="37567094" role=""/>
  <member type="way" ref="1262856757" role=""/>
  <member type="way" ref="397017618" role=""/>
  <member type="way" ref="1178280524" role=""/>
  <member type="way" ref="207700254" role=""/>
  <member type="way" ref="1302238526" role=""/>
  <member type="way" ref="36836110" role=""/>
  <member type="way" ref="1302238527" role=""/>
  <member type="way" ref="697572032" role=""/>
  <member type="way" ref="1305203175" role=""/>
  <member type="way" ref="703403028" role=""/>
  <member type="way" ref="703403026" role=""/>
  <member type="way" ref="11711442" role=""/>
  <member type="way" ref="1240408551" role=""/>
  <member type="way" ref="376127898" role=""/>
  <member type="way" ref="1107657693" role=""/>
  <member type="way" ref="1300392334" role=""/>
  <member type="way" ref="708896219" role=""/>
  <member type="way" ref="1305270969" role=""/>
  <member type="way" ref="708896220" role=""/>
  <member type="way" ref="704134620" role=""/>
  <member type="way" ref="704134621" role=""/>
  <member type="way" ref="788757975" role=""/>
  <member type="way" ref="1334956950" role=""/>
  <member type="way" ref="770552094" role=""/>
  <member type="way" ref="11005921" role=""/>
  <member type="way" ref="944122214" role=""/>
  <member type="way" ref="1053605852" role=""/>
  <member type="way" ref="769778613" role=""/>
  <member type="way" ref="1223464161" role=""/>
  <member type="way" ref="838526716" role=""/>
  <member type="way" ref="864547867" role=""/>
  <member type="way" ref="399561785" role=""/>
  <member type="way" ref="1223385256" role=""/>
  <member type="way" ref="769798547" role=""/>
  <member type="way" ref="707060209" role=""/>
  <member type="way" ref="1243387893" role=""/>
  <member type="way" ref="954856201" role=""/>
  <member type="way" ref="946030643" role=""/>
  <member type="way" ref="85608570" role=""/>
  <member type="way" ref="954856203" role=""/>
  <member type="way" ref="965634323" role=""/>
  <member type="way" ref="943964872" role=""/>
  <member type="way" ref="498896871" role=""/>
  <member type="way" ref="1262843556" role=""/>
  <member type="way" ref="498896872" role=""/>
  <member type="way" ref="1417556878" role=""/>
  <member type="way" ref="211856996" role=""/>
  <member type="way" ref="965041067" role=""/>
  <member type="way" ref="601513466" role=""/>
  <member type="way" ref="964350821" role=""/>
  <member type="way" ref="85608572" role=""/>
  <member type="way" ref="29424130" role=""/>
  <member type="way" ref="1360846561" role=""/>
  <member type="way" ref="1266720340" role=""/>
  <member type="way" ref="1266720339" role=""/>
  <member type="way" ref="37449817" role=""/>
  <member type="way" ref="702469514" role=""/>
  <member type="way" ref="769777582" role=""/>
  <member type="way" ref="702469513" role=""/>
  <member type="way" ref="37555727" role=""/>
  <member type="way" ref="943964874" role=""/>
  <member type="way" ref="1409256072" role=""/>
  <member type="way" ref="701339683" role=""/>
  <member type="way" ref="705250832" role=""/>
  <member type="way" ref="701886585" role=""/>
  <member type="way" ref="701339681" role=""/>
  <member type="way" ref="1239581823" role=""/>
  <member type="way" ref="701365202" role=""/>
  <member type="way" ref="220303926" role=""/>
  <member type="way" ref="946030644" role=""/>
  <member type="way" ref="953227393" role=""/>
  <member type="way" ref="769777580" role=""/>
  <member type="way" ref="701371238" role=""/>
  <member type="way" ref="954542123" role=""/>
  <member type="way" ref="954542122" role=""/>
  <member type="way" ref="701452887" role=""/>
  <member type="way" ref="701452888" role=""/>
  <member type="way" ref="769785756" role=""/>
  <member type="way" ref="769777576" role=""/>
  <member type="way" ref="769777581" role=""/>
  <member type="way" ref="703199103" role=""/>
  <member type="way" ref="701454824" role=""/>
  <member type="way" ref="769777575" role=""/>
  <member type="way" ref="703199102" role=""/>
  <member type="way" ref="701454823" role=""/>
  <member type="way" ref="703199100" role=""/>
  <member type="way" ref="701347289" role=""/>
  <member type="way" ref="1409256071" role=""/>
  <member type="way" ref="1409256068" role=""/>
  <member type="way" ref="1409256072" role=""/>
  <member type="way" ref="701339683" role=""/>
  <member type="way" ref="705250832" role=""/>
  <member type="way" ref="701886585" role=""/>
  <member type="way" ref="701339681" role=""/>
  <member type="way" ref="1239581823" role=""/>
  <member type="way" ref="701365202" role=""/>
  <member type="way" ref="220303926" role=""/>
  <member type="way" ref="946030644" role=""/>
  <member type="way" ref="953227393" role=""/>
  <member type="way" ref="769777580" role=""/>
  <member type="way" ref="701371238" role=""/>
  <member type="way" ref="701371237" role=""/>
  <member type="way" ref="701441994" role=""/>
  <member type="way" ref="701441993" role=""/>
  <member type="way" ref="37563012" role=""/>
  <member type="way" ref="701891251" role=""/>
  <member type="way" ref="701386167" role=""/>
  <member type="way" ref="701436416" role=""/>
  <member type="way" ref="702492619" role=""/>
  <member type="way" ref="645816294" role=""/>
  <member type="way" ref="702492623" role=""/>
  <member type="way" ref="702540136" role=""/>
  <member type="way" ref="702501614" role=""/>
  <member type="way" ref="1374912738" role=""/>
  <member type="way" ref="1378659840" role=""/>
  <member type="node" ref="8831817111" role="platform_entry_only"/>
  <member type="node" ref="8822946771" role="platform"/>
  <member type="node" ref="8822946772" role="platform"/>
  <member type="node" ref="4559411156" role="platform"/>
  <member type="node" ref="8822946773" role="platform"/>
  <member type="node" ref="8822946774" role="platform"/>
  <member type="node" ref="12176717405" role="platform"/>
  <member type="node" ref="13608642904" role="platform"/>
  <member type="node" ref="13608642905" role="platform"/>
  <member type="node" ref="8822946776" role="platform"/>
  <member type="node" ref="738813415" role="platform"/>
  <member type="node" ref="738815293" role="platform"/>
  <member type="node" ref="738813803" role="platform"/>
  <member type="node" ref="8934749260" role="platform"/>
  <member type="node" ref="8852120920" role="platform"/>
  <member type="node" ref="11522353094" role="platform"/>
  <member type="node" ref="8741301517" role="platform"/>
  <member type="node" ref="9730236370" role="platform"/>
  <member type="node" ref="9903402687" role="platform"/>
  <member type="node" ref="9903402688" role="platform"/>
  <member type="node" ref="9903402689" role="platform"/>
  <member type="node" ref="9903402690" role="platform"/>
  <member type="node" ref="9903402691" role="platform"/>
  <member type="node" ref="13449454021" role="platform"/>
  <member type="node" ref="9730236372" role="platform"/>
  <member type="node" ref="4699035099" role="platform"/>
  <member type="node" ref="11522073219" role="platform"/>
  <member type="node" ref="11518476666" role="platform"/>
  <member type="node" ref="4914822521" role="platform"/>
  <member type="node" ref="738813636" role="platform"/>
  <member type="node" ref="8766627163" role="platform"/>
  <member type="node" ref="8856174813" role="platform"/>
  <member type="node" ref="8741301522" role="platform"/>
  <member type="node" ref="738813746" role="platform"/>
  <member type="node" ref="738814345" role="platform"/>
  <member type="node" ref="8741301523" role="platform"/>
  <member type="node" ref="8741301524" role="platform"/>
  <member type="node" ref="738814864" role="platform"/>
  <member type="node" ref="12167250979" role="platform"/>
  <member type="node" ref="12167250980" role="platform"/>
  <member type="node" ref="13076788492" role="platform"/>
  <member type="node" ref="12167250981" role="platform"/>
  <member type="node" ref="3887711843" role="platform"/>
  <member type="node" ref="738815169" role="platform"/>
  <member type="node" ref="738814524" role="platform"/>
  <member type="node" ref="5561070622" role="platform"/>
  <member type="node" ref="8259365871" role="platform"/>
  <member type="node" ref="738814587" role="platform"/>
  <member type="node" ref="738813615" role="platform"/>
  <member type="node" ref="8831817111" role="platform_exit_only"/>
  <tag k="colour" v="#9cdd31"/>
  <tag k="fee" v="no"/>
  <tag k="from" v="Yên Phụ"/>
  <tag k="interval" v="00:20"/>
  <tag k="name" v="Yên Phụ - Yên Phụ (chiều về)"/>
  <tag k="name:en" v="Yen Phu Street - Yen Phu Street (counter-clockwise)"/>
  <tag k="network" v="Hanoibus"/>
  <tag k="opening_hours" v="Mo-Su 05:00-21:05"/>
  <tag k="operator" v="VinBus"/>
  <tag k="public_transport:version" v="2"/>
  <tag k="ref" v="E11"/>
  <tag k="roundtrip" v="yes"/>
  <tag k="route" v="bus"/>
  <tag k="to" v="Yên Phụ"/>
  <tag k="type" v="route"/>
 </relation>
 <relation id="19472497" visible="true" version="1" changeset="170590133" timestamp="2025-08-17T23:49:25Z" user="edumiz624" uid="20881381">
  <member type="relation" ref="19472496" role=""/>
  <member type="relation" ref="19472495" role=""/>
  <tag k="name" v="Yên Phụ - Yên Phụ"/>
  <tag k="name:en" v="Yen Phu Street - Yen Phu Street"/>
  <tag k="network" v="Hanoibus"/>
  <tag k="operator" v="VinBus"/>
  <tag k="ref" v="E11"/>
  <tag k="route_master" v="bus"/>
  <tag k="type" v="route_master"/>
 </relation>
 <relation id="20072019" visible="true" version="1" changeset="177123134" timestamp="2026-01-12T06:19:16Z" user="edumiz624" uid="20881381">
  <member type="node" ref="8936462893" role="platform_entry_only"/>
  <member type="way" ref="965992922" role=""/>
  <member type="way" ref="571026093" role=""/>
  <member type="way" ref="945322254" role=""/>
  <member type="way" ref="707354681" role=""/>
  <member type="way" ref="707345852" role=""/>
  <member type="way" ref="11008413" role=""/>
  <member type="way" ref="706798106" role=""/>
  <member type="way" ref="946030653" role=""/>
  <member type="way" ref="946030654" role=""/>
  <member type="way" ref="962177668" role=""/>
  <member type="way" ref="408761980" role=""/>
  <member type="way" ref="711776732" role=""/>
  <member type="way" ref="708514872" role=""/>
  <member type="way" ref="708514873" role=""/>
  <member type="way" ref="962493749" role=""/>
  <member type="way" ref="708514874" role=""/>
  <member type="way" ref="601522492" role=""/>
  <member type="way" ref="704134619" role=""/>
  <member type="way" ref="788757975" role=""/>
  <member type="way" ref="1334956950" role=""/>
  <member type="way" ref="770552094" role=""/>
  <member type="way" ref="11005921" role=""/>
  <member type="way" ref="944122214" role=""/>
  <member type="way" ref="1053605852" role=""/>
  <member type="way" ref="769778613" role=""/>
  <member type="way" ref="1223464161" role=""/>
  <member type="way" ref="838526716" role=""/>
  <member type="way" ref="864547867" role=""/>
  <member type="way" ref="399561785" role=""/>
  <member type="way" ref="1223385256" role=""/>
  <member type="way" ref="769798547" role=""/>
  <member type="way" ref="707060209" role=""/>
  <member type="way" ref="1243387893" role=""/>
  <member type="way" ref="954856201" role=""/>
  <member type="way" ref="946030643" role=""/>
  <member type="way" ref="85608570" role=""/>
  <member type="way" ref="954856203" role=""/>
  <member type="way" ref="965634323" role=""/>
  <member type="way" ref="943964872" role=""/>
  <member type="way" ref="498896871" role=""/>
  <member type="way" ref="1262843556" role=""/>
  <member type="way" ref="498896872" role=""/>
  <member type="way" ref="1417556878" role=""/>
  <member type="way" ref="211856996" role=""/>
  <member type="way" ref="965041067" role=""/>
  <member type="way" ref="601513466" role=""/>
  <member type="way" ref="964350821" role=""/>
  <member type="way" ref="85608572" role=""/>
  <member type="way" ref="29424130" role=""/>
  <member type="way" ref="1360846561" role=""/>
  <member type="way" ref="1266720340" role=""/>
  <member type="way" ref="1266720339" role=""/>
  <member type="way" ref="37449817" role=""/>
  <member type="way" ref="702469514" role=""/>
  <member type="way" ref="769777582" role=""/>
  <member type="way" ref="702469513" role=""/>
  <member type="way" ref="37555727" role=""/>
  <member type="way" ref="943964874" role=""/>
  <member type="way" ref="1409256072" role=""/>
  <member type="way" ref="701339683" role=""/>
  <member type="way" ref="705250832" role=""/>
  <member type="way" ref="701886585" role=""/>
  <member type="way" ref="701339681" role=""/>
  <member type="way" ref="1239581823" role=""/>
  <member type="way" ref="701365202" role=""/>
  <member type="way" ref="220303926" role=""/>
  <member type="way" ref="946030644" role=""/>
  <member type="way" ref="597565388" role=""/>
  <member type="way" ref="769777576" role=""/>
  <member type="way" ref="769777581" role=""/>
  <member type="way" ref="703199103" role=""/>
  <member type="way" ref="701454824" role=""/>
  <member type="way" ref="769777575" role=""/>
  <member type="way" ref="703199102" role=""/>
  <member type="way" ref="701454823" role=""/>
  <member type="way" ref="703199100" role=""/>
  <member type="way" ref="701347289" role=""/>
  <member type="way" ref="1409256071" role=""/>
  <member type="way" ref="1409256069" role=""/>
  <member type="way" ref="703199099" role=""/>
  <member type="way" ref="1203971796" role=""/>
  <member type="way" ref="292907006" role=""/>
  <member type="way" ref="702469511" role=""/>
  <member type="way" ref="702469512" role=""/>
  <member type="way" ref="1374192213" role=""/>
  <member type="way" ref="1230498759" role=""/>
  <member type="way" ref="943964875" role=""/>
  <member type="way" ref="965574228" role=""/>
  <member type="way" ref="10231922" role=""/>
  <member type="way" ref="618377256" role=""/>
  <member type="way" ref="618377255" role=""/>
  <member type="way" ref="703204202" role=""/>
  <member type="way" ref="703206412" role=""/>
  <member type="way" ref="221152166" role=""/>
  <member type="way" ref="221152167" role=""/>
  <member type="way" ref="750372172" role=""/>
  <member type="way" ref="1361103007" role=""/>
  <member type="way" ref="706716343" role=""/>
  <member type="way" ref="709019889" role=""/>
  <member type="way" ref="709019887" role=""/>
  <member type="way" ref="36727165" role=""/>
  <member type="way" ref="943577314" role=""/>
  <member type="way" ref="943577312" role=""/>
  <member type="way" ref="1212066830" role=""/>
  <member type="way" ref="1199967385" role=""/>
  <member type="way" ref="1466377903" role=""/>
  <member type="way" ref="500579222" role=""/>
  <member type="way" ref="709679757" role=""/>
  <member type="way" ref="500579397" role=""/>
  <member type="way" ref="475076683" role=""/>
  <member type="way" ref="336483505" role=""/>
  <member type="way" ref="28489754" role=""/>
  <member type="way" ref="686937223" role=""/>
  <member type="way" ref="1396047633" role=""/>
  <member type="way" ref="1396047634" role=""/>
  <member type="way" ref="566031871" role=""/>
  <member type="way" ref="1342672185" role=""/>
  <member type="way" ref="1366617342" role=""/>
  <member type="way" ref="37531980" role=""/>
  <member type="way" ref="705794836" role=""/>
  <member type="way" ref="28378136" role=""/>
  <member type="way" ref="28378137" role=""/>
  <member type="way" ref="475071346" role=""/>
  <member type="way" ref="180131831" role=""/>
  <member type="way" ref="1319187976" role=""/>
  <member type="way" ref="1421720762" role=""/>
  <member type="way" ref="336490197" role=""/>
  <member type="way" ref="1466377908" role=""/>
  <member type="way" ref="1466377906" role=""/>
  <member type="way" ref="1466377907" role=""/>
  <member type="node" ref="738815727" role="platform"/>
  <member type="node" ref="738815693" role="platform"/>
  <member type="node" ref="738815268" role="platform"/>
  <member type="node" ref="738815820" role="platform"/>
  <member type="node" ref="3887711843" role="platform"/>
  <member type="node" ref="738815169" role="platform"/>
  <member type="node" ref="738814524" role="platform"/>
  <member type="node" ref="5561070622" role="platform"/>
  <member type="node" ref="8259365871" role="platform"/>
  <member type="node" ref="738814587" role="platform"/>
  <member type="node" ref="738813615" role="platform"/>
  <member type="node" ref="8831817110" role="platform"/>
  <member type="node" ref="738813955" role="platform"/>
  <member type="node" ref="738813402" role="platform"/>
  <member type="node" ref="13449454023" role="platform"/>
  <member type="node" ref="13449454024" role="platform"/>
  <member type="node" ref="13449454025" role="platform"/>
  <member type="node" ref="13449454026" role="platform"/>
  <member type="node" ref="13449454027" role="platform"/>
  <member type="node" ref="13449454028" role="platform"/>
  <member type="node" ref="7178795558" role="platform"/>
  <member type="node" ref="8919509904" role="platform"/>
  <member type="node" ref="13449454029" role="platform"/>
  <member type="node" ref="13449454030" role="platform"/>
  <member type="node" ref="13449454031" role="platform"/>
  <member type="node" ref="13449454032" role="platform"/>
  <member type="node" ref="13449454033" role="platform"/>
  <member type="node" ref="13449454034" role="platform"/>
  <member type="node" ref="13449454035" role="platform"/>
  <member type="node" ref="13449454036" role="platform"/>
  <member type="node" ref="13449454037" role="platform_exit_only"/>
  <tag k="charge" v="10000 VND"/>
  <tag k="colour" v="#00a4b4"/>
  <tag k="fee" v="yes"/>
  <tag k="from" v="Hào Nam"/>
  <tag k="interval" v="00:10-00:15"/>
  <tag k="name" v="Hào Nam - Phù Đổng (cuối tuần)"/>
  <tag k="name:en" v="Hao Nam Street - Phu Dong Commune (weekend)"/>
  <tag k="network" v="Hanoibus"/>
  <tag k="opening_hours" v="Fr 18:00-21:00; Sa-Su 05:00-21:00"/>
  <tag k="operator" v="Công ty CP Xe khách Hà Nội"/>
  <tag k="public_transport:version" v="2"/>
  <tag k="ref" v="146CT"/>
  <tag k="route" v="bus"/>
  <tag k="to" v="Phù Đổng"/>
  <tag k="type" v="route"/>
 </relation>
 <relation id="20072020" visible="true" version="2" changeset="180067716" timestamp="2026-03-18T16:11:31Z" user="FanaticAir75626" uid="11141338">
  <member type="node" ref="13449454037" role="platform_entry_only"/>
  <member type="node" ref="13449454038" role="platform"/>
  <member type="node" ref="13449454039" role="platform"/>
  <member type="node" ref="13449454040" role="platform"/>
  <member type="node" ref="13449454041" role="platform"/>
  <member type="node" ref="13449454042" role="platform"/>
  <member type="node" ref="13449454043" role="platform"/>
  <member type="node" ref="13449454044" role="platform"/>
  <member type="node" ref="13449454045" role="platform"/>
  <member type="node" ref="7178811680" role="platform"/>
  <member type="node" ref="13449454046" role="platform"/>
  <member type="node" ref="13449454047" role="platform"/>
  <member type="node" ref="13449454048" role="platform"/>
  <member type="node" ref="13449454049" role="platform"/>
  <member type="node" ref="13449454050" role="platform"/>
  <member type="node" ref="13449454051" role="platform"/>
  <member type="node" ref="5321696621" role="platform"/>
  <member type="node" ref="8831817105" role="platform"/>
  <member type="node" ref="8822946813" role="platform"/>
  <member type="node" ref="8822946814" role="platform"/>
  <member type="node" ref="4292651591" role="platform"/>
  <member type="node" ref="4292785590" role="platform"/>
  <member type="node" ref="738815469" role="platform"/>
  <member type="node" ref="12167250982" role="platform"/>
  <member type="node" ref="12167250984" role="platform"/>
  <member type="node" ref="11294871987" role="platform"/>
  <member type="way" ref="1466377907" role=""/>
  <member type="way" ref="1466377906" role=""/>
  <member type="way" ref="1319187977" role=""/>
  <member type="way" ref="336490197" role=""/>
  <member type="way" ref="1421720762" role=""/>
  <member type="way" ref="1319187976" role=""/>
  <member type="way" ref="180131831" role=""/>
  <member type="way" ref="475071346" role=""/>
  <member type="way" ref="965643853" role=""/>
  <member type="way" ref="37531974" role=""/>
  <member type="way" ref="221151113" role=""/>
  <member type="way" ref="37531975" role=""/>
  <member type="way" ref="37531976" role=""/>
  <member type="way" ref="705794841" role=""/>
  <member type="way" ref="705794840" role=""/>
  <member type="way" ref="705810026" role=""/>
  <member type="way" ref="37531979" role=""/>
  <member type="way" ref="1379002485" role=""/>
  <member type="way" ref="1342672184" role=""/>
  <member type="way" ref="705564979" role=""/>
  <member type="way" ref="704998423" role=""/>
  <member type="way" ref="705564978" role=""/>
  <member type="way" ref="705564977" role=""/>
  <member type="way" ref="705564976" role=""/>
  <member type="way" ref="705564975" role=""/>
  <member type="way" ref="704998422" role=""/>
  <member type="way" ref="601916876" role=""/>
  <member type="way" ref="28489754" role=""/>
  <member type="way" ref="1466377905" role=""/>
  <member type="way" ref="475076683" role=""/>
  <member type="way" ref="500579397" role=""/>
  <member type="way" ref="709679757" role=""/>
  <member type="way" ref="500579222" role=""/>
  <member type="way" ref="1199967384" role=""/>
  <member type="way" ref="1490260830" role=""/>
  <member type="way" ref="1318099717" role=""/>
  <member type="way" ref="943577309" role=""/>
  <member type="way" ref="943577311" role=""/>
  <member type="way" ref="943577310" role=""/>
  <member type="way" ref="1298677538" role=""/>
  <member type="way" ref="847087479" role=""/>
  <member type="way" ref="703219919" role=""/>
  <member type="way" ref="1361103008" role=""/>
  <member type="way" ref="702919019" role=""/>
  <member type="way" ref="221152166" role=""/>
  <member type="way" ref="703206412" role=""/>
  <member type="way" ref="618377254" role=""/>
  <member type="way" ref="10231118" role=""/>
  <member type="way" ref="965574227" role=""/>
  <member type="way" ref="769777582" role=""/>
  <member type="way" ref="702469513" role=""/>
  <member type="way" ref="37555727" role=""/>
  <member type="way" ref="943964874" role=""/>
  <member type="way" ref="1409256072" role=""/>
  <member type="way" ref="701339683" role=""/>
  <member type="way" ref="705250832" role=""/>
  <member type="way" ref="701886585" role=""/>
  <member type="way" ref="701339681" role=""/>
  <member type="way" ref="1239581823" role=""/>
  <member type="way" ref="701365202" role=""/>
  <member type="way" ref="944100710" role=""/>
  <member type="way" ref="701371239" role=""/>
  <member type="way" ref="946030644" role=""/>
  <member type="way" ref="597565388" role=""/>
  <member type="way" ref="769777576" role=""/>
  <member type="way" ref="220303927" role=""/>
  <member type="way" ref="769777575" role=""/>
  <member type="way" ref="1217929464" role=""/>
  <member type="way" ref="1217929839" role=""/>
  <member type="way" ref="37449529" role=""/>
  <member type="way" ref="28102768" role=""/>
  <member type="way" ref="598685446" role=""/>
  <member type="way" ref="598685445" role=""/>
  <member type="way" ref="9963509" role=""/>
  <member type="way" ref="28102779" role=""/>
  <member type="way" ref="1296022093" role=""/>
  <member type="way" ref="1217059726" role=""/>
  <member type="way" ref="28102775" role=""/>
  <member type="way" ref="28102774" role=""/>
  <member type="way" ref="11705813" role=""/>
  <member type="way" ref="1233995053" role=""/>
  <member type="way" ref="1217913911" role=""/>
  <member type="way" ref="28102098" role=""/>
  <member type="way" ref="708601342" role=""/>
  <member type="way" ref="211893097" role=""/>
  <member type="way" ref="28102089" role=""/>
  <member type="way" ref="707052081" role=""/>
  <member type="way" ref="11706198" role=""/>
  <member type="way" ref="838526718" role=""/>
  <member type="way" ref="707337132" role=""/>
  <member type="way" ref="684044681" role=""/>
  <member type="way" ref="951487948" role=""/>
  <member type="way" ref="707348511" role=""/>
  <member type="way" ref="1334956949" role=""/>
  <member type="way" ref="770552095" role=""/>
  <member type="way" ref="704134620" role=""/>
  <member type="way" ref="708896220" role=""/>
  <member type="way" ref="1305270969" role=""/>
  <member type="way" ref="708896218" role=""/>
  <member type="way" ref="1300392334" role=""/>
  <member type="way" ref="1107657693" role=""/>
  <member type="way" ref="376127898" role=""/>
  <member type="way" ref="1240408551" role=""/>
  <member type="way" ref="11711442" role=""/>
  <member type="way" ref="703403026" role=""/>
  <member type="way" ref="703403028" role=""/>
  <member type="way" ref="1305203175" role=""/>
  <member type="way" ref="599094566" role=""/>
  <member type="way" ref="11711736" role=""/>
  <member type="way" ref="28945356" role=""/>
  <member type="way" ref="946030651" role=""/>
  <member type="way" ref="599088007" role=""/>
  <member type="way" ref="946030652" role=""/>
  <member type="way" ref="706715111" role=""/>
  <member type="way" ref="946030653" role=""/>
  <member type="way" ref="1218947562" role=""/>
  <member type="way" ref="1218947565" role=""/>
  <member type="way" ref="1078449398" role=""/>
  <member type="way" ref="1218947564" role=""/>
  <member type="way" ref="1218947563" role=""/>
  <member type="way" ref="28945482" role=""/>
  <member type="way" ref="707354681" role=""/>
  <member type="way" ref="945322254" role=""/>
  <member type="way" ref="711400669" role=""/>
  <member type="way" ref="965992922" role=""/>
  <member type="node" ref="8936462893" role="platform_exit_only"/>
  <tag k="charge" v="10000 VND"/>
  <tag k="colour" v="#00a4b4"/>
  <tag k="fee" v="yes"/>
  <tag k="from" v="Phù Đổng"/>
  <tag k="interval" v="00:10-00:15"/>
  <tag k="name" v="Phù Đổng - Hào Nam (cuối tuần)"/>
  <tag k="name:en" v="Phu Dong Commune - Hao Nam Street (weekend)"/>
  <tag k="network" v="Hanoibus"/>
  <tag k="opening_hours" v="Fr 18:00-21:00; Sa-Su 05:00-21:00"/>
  <tag k="operator" v="Công ty CP Xe khách Hà Nội"/>
  <tag k="public_transport:version" v="2"/>
  <tag k="ref" v="146CT"/>
  <tag k="route" v="bus"/>
  <tag k="to" v="Hào Nam"/>
  <tag k="type" v="route"/>
 </relation>
 <relation id="20072021" visible="true" version="1" changeset="177123134" timestamp="2026-01-12T06:19:16Z" user="edumiz624" uid="20881381">
  <member type="relation" ref="20072019" role=""/>
  <member type="relation" ref="20072020" role=""/>
  <tag k="name" v="Hào Nam - Phù Đổng (cuối tuần)"/>
  <tag k="name:en" v="Hao Nam Street - Phu Dong Commune (weekend)"/>
  <tag k="network" v="Hanoibus"/>
  <tag k="operator" v="Công ty CP Xe khách Hà Nội"/>
  <tag k="ref" v="146CT"/>
  <tag k="route_master" v="bus"/>
  <tag k="type" v="route_master"/>
 </relation>
 <relation id="20273980" visible="true" version="1" changeset="179193458" timestamp="2026-03-01T02:34:12Z" user="edumiz624" uid="20881381">
  <member type="node" ref="8835043626" role=""/>
  <member type="way" ref="954542122" role=""/>
  <member type="way" ref="219867179" role=""/>
  <member type="way" ref="37555725" role=""/>
  <member type="way" ref="1287255416" role=""/>
  <member type="way" ref="769785756" role=""/>
  <member type="way" ref="769777576" role=""/>
  <member type="way" ref="220303927" role=""/>
  <member type="way" ref="769777575" role=""/>
  <member type="way" ref="703199102" role=""/>
  <member type="way" ref="701454823" role=""/>
  <member type="way" ref="703199100" role=""/>
  <member type="way" ref="701347289" role=""/>
  <member type="way" ref="1409256071" role=""/>
  <member type="way" ref="1409256069" role=""/>
  <member type="way" ref="703199099" role=""/>
  <member type="way" ref="1203971796" role=""/>
  <member type="way" ref="292907006" role=""/>
  <member type="way" ref="702469511" role=""/>
  <member type="way" ref="702469512" role=""/>
  <member type="way" ref="1366248723" role=""/>
  <member type="way" ref="136528941" role=""/>
  <member type="way" ref="1230287866" role=""/>
  <member type="way" ref="28102135" role=""/>
  <member type="way" ref="1262845731" role=""/>
  <member type="way" ref="703214348" role=""/>
  <member type="way" ref="11705879" role=""/>
  <member type="way" ref="605231624" role=""/>
  <member type="way" ref="1417556881" role=""/>
  <member type="way" ref="605231047" role=""/>
  <member type="way" ref="498896874" role=""/>
  <member type="way" ref="1223387152" role=""/>
  <member type="way" ref="1223385664" role=""/>
  <member type="way" ref="1223365201" role=""/>
  <member type="way" ref="605230289" role=""/>
  <member type="way" ref="1223385256" role=""/>
  <member type="way" ref="399561785" role=""/>
  <member type="way" ref="864547867" role=""/>
  <member type="way" ref="838526716" role=""/>
  <member type="way" ref="1223464161" role=""/>
  <member type="way" ref="769778613" role=""/>
  <member type="way" ref="1053605852" role=""/>
  <member type="way" ref="707348510" role=""/>
  <member type="way" ref="1334956949" role=""/>
  <member type="way" ref="770552095" role=""/>
  <member type="way" ref="704134620" role=""/>
  <member type="way" ref="708896220" role=""/>
  <member type="way" ref="28945358" role=""/>
  <member type="way" ref="1277728731" role=""/>
  <member type="way" ref="962493731" role=""/>
  <member type="way" ref="954812793" role=""/>
  <member type="way" ref="37458956" role=""/>
  <member type="way" ref="703425765" role=""/>
  <member type="way" ref="1213535774" role=""/>
  <member type="way" ref="601885679" role=""/>
  <member type="way" ref="1213535597" role=""/>
  <member type="way" ref="1396737512" role=""/>
  <member type="way" ref="1368026127" role=""/>
  <member type="way" ref="599088007" role=""/>
  <member type="way" ref="946030652" role=""/>
  <member type="way" ref="1466373284" role=""/>
  <member type="way" ref="1466373285" role=""/>
  <member type="way" ref="703182856" role=""/>
  <member type="way" ref="706476836" role=""/>
  <member type="way" ref="706476835" role=""/>
  <member type="way" ref="706476833" role=""/>
  <member type="way" ref="1240355963" role=""/>
  <member type="way" ref="194422286" role=""/>
  <member type="way" ref="805181678" role=""/>
  <member type="way" ref="37927459" role=""/>
  <member type="way" ref="602291437" role=""/>
  <member type="way" ref="1216675686" role=""/>
  <member type="way" ref="708558063" role=""/>
  <member type="way" ref="966693588" role=""/>
  <member type="way" ref="951487937" role=""/>
  <member type="way" ref="708550759" role=""/>
  <member type="way" ref="37380896" role=""/>
  <member type="way" ref="675917785" role=""/>
  <member type="way" ref="711526155" role=""/>
  <member type="way" ref="711526154" role=""/>
  <member type="way" ref="399351646" role=""/>
  <member type="way" ref="1073767466" role=""/>
  <member type="way" ref="1073767464" role=""/>
  <member type="way" ref="1073767465" role=""/>
  <member type="way" ref="808984103" role=""/>
  <member type="way" ref="780188830" role=""/>
  <member type="way" ref="705815121" role=""/>
  <member type="way" ref="705815510" role=""/>
  <member type="way" ref="705815120" role=""/>
  <member type="way" ref="684048069" role=""/>
  <member type="way" ref="1304254915" role=""/>
  <member type="way" ref="706446636" role=""/>
  <member type="way" ref="1199890906" role=""/>
  <member type="way" ref="232598680" role=""/>
  <member type="way" ref="705808903" role=""/>
  <member type="way" ref="198253958" role=""/>
  <member type="way" ref="705808904" role=""/>
  <member type="way" ref="973485820" role=""/>
  <member type="way" ref="707852065" role=""/>
  <member type="way" ref="37380384" role=""/>
  <member type="way" ref="953158808" role=""/>
  <member type="way" ref="953158809" role=""/>
  <member type="way" ref="974551791" role=""/>
  <member type="way" ref="953158813" role=""/>
  <member type="way" ref="702572987" role=""/>
  <member type="way" ref="702572986" role=""/>
  <member type="way" ref="702572988" role=""/>
  <member type="way" ref="702572985" role=""/>
  <member type="way" ref="702572989" role=""/>
  <member type="way" ref="705504247" role=""/>
  <member type="way" ref="705504248" role=""/>
  <member type="way" ref="710297549" role=""/>
  <member type="way" ref="705504249" role=""/>
  <member type="way" ref="705504245" role=""/>
  <member type="way" ref="457903299" role=""/>
  <member type="way" ref="1010846169" role=""/>
  <member type="way" ref="116610214" role=""/>
  <member type="way" ref="704627672" role=""/>
  <member type="way" ref="704634938" role=""/>
  <member type="way" ref="600520773" role=""/>
  <member type="way" ref="356005197" role=""/>
  <member type="way" ref="684695014" role=""/>
  <member type="way" ref="710333730" role=""/>
  <member type="way" ref="710333731" role=""/>
  <member type="way" ref="684695013" role=""/>
  <member type="way" ref="1391521949" role=""/>
  <member type="way" ref="708949470" role=""/>
  <member type="way" ref="708949471" role=""/>
  <member type="way" ref="708952022" role=""/>
  <member type="way" ref="708953645" role=""/>
  <member type="way" ref="708953644" role=""/>
  <member type="way" ref="951694410" role=""/>
  <member type="way" ref="684695011" role=""/>
  <member type="way" ref="596300519" role=""/>
  <member type="way" ref="1010846170" role=""/>
  <member type="way" ref="596300520" role=""/>
  <member type="way" ref="708966560" role=""/>
  <member type="way" ref="708966561" role=""/>
  <member type="way" ref="1120342747" role=""/>
  <member type="way" ref="1120342746" role=""/>
  <member type="way" ref="184919494" role=""/>
  <member type="way" ref="707868343" role=""/>
  <member type="way" ref="707868342" role=""/>
  <member type="way" ref="184919492" role=""/>
  <member type="way" ref="1412245769" role=""/>
  <member type="way" ref="1253833754" role=""/>
  <member type="way" ref="973960347" role=""/>
  <member type="way" ref="707901404" role=""/>
  <member type="way" ref="707901402" role=""/>
  <member type="way" ref="707901403" role=""/>
  <member type="way" ref="707866712" role=""/>
  <member type="way" ref="707905049" role=""/>
  <member type="way" ref="707905048" role=""/>
  <member type="way" ref="707905042" role=""/>
  <member type="way" ref="707866713" role=""/>
  <member type="way" ref="707908021" role=""/>
  <member type="way" ref="707905047" role=""/>
  <member type="way" ref="599587008" role=""/>
  <member type="way" ref="599587012" role=""/>
  <member type="way" ref="599587046" role=""/>
  <member type="way" ref="707866191" role=""/>
  <member type="way" ref="974086960" role=""/>
  <member type="way" ref="707866190" role=""/>
  <member type="way" ref="707907045" role=""/>
  <member type="way" ref="707864444" role=""/>
  <member type="way" ref="707864435" role=""/>
  <member type="way" ref="707864436" role=""/>
  <member type="way" ref="708516316" role=""/>
  <member type="way" ref="708516317" role=""/>
  <member type="way" ref="707864443" role=""/>
  <member type="way" ref="599587047" role=""/>
  <member type="way" ref="483184837" role=""/>
  <member type="way" ref="951694411" role=""/>
  <member type="way" ref="483184835" role=""/>
  <member type="way" ref="1243149611" role=""/>
  <member type="way" ref="972911781" role=""/>
  <member type="way" ref="972911780" role=""/>
  <member type="way" ref="972911782" role=""/>
  <member type="way" ref="180081675" role=""/>
  <member type="way" ref="972911786" role=""/>
  <member type="way" ref="180081688" role=""/>
  <member type="way" ref="706830461" role=""/>
  <member type="way" ref="706830462" role=""/>
  <member type="way" ref="707081229" role=""/>
  <member type="way" ref="707081230" role=""/>
  <member type="way" ref="180081683" role=""/>
  <member type="way" ref="595787282" role=""/>
  <member type="way" ref="595787281" role=""/>
  <member type="way" ref="180081695" role=""/>
  <member type="way" ref="1325575765" role=""/>
  <member type="way" ref="1241683297" role=""/>
  <member type="way" ref="707088404" role=""/>
  <member type="way" ref="1241374527" role=""/>
  <member type="way" ref="707088405" role=""/>
  <member type="way" ref="706814785" role=""/>
  <member type="way" ref="707818340" role=""/>
  <member type="way" ref="1242183438" role=""/>
  <member type="way" ref="966945616" role=""/>
  <member type="way" ref="733916483" role=""/>
  <member type="way" ref="1241374535" role=""/>
  <member type="way" ref="913796996" role=""/>
  <member type="way" ref="913796997" role=""/>
  <member type="way" ref="966945614" role=""/>
  <member type="way" ref="379700759" role=""/>
  <member type="way" ref="1159101823" role=""/>
  <member type="way" ref="1241683302" role=""/>
  <member type="way" ref="1378867437" role=""/>
  <member type="way" ref="1484184026" role=""/>
  <member type="way" ref="1321569466" role=""/>
  <member type="way" ref="1484184027" role=""/>
  <member type="node" ref="8831817105" role="platform_entry_only"/>
  <member type="node" ref="7132790440" role="platform"/>
  <member type="node" ref="738814872" role="platform"/>
  <member type="node" ref="738814946" role="platform"/>
  <member type="node" ref="4539039489" role="platform"/>
  <member type="node" ref="7185567066" role="platform"/>
  <member type="node" ref="738815469" role="platform"/>
  <member type="node" ref="738815823" role="platform"/>
  <member type="node" ref="12078321346" role="platform"/>
  <member type="node" ref="5068125721" role="platform"/>
  <member type="node" ref="8807115916" role="platform"/>
  <member type="node" ref="738815796" role="platform"/>
  <member type="node" ref="8741294707" role="platform"/>
  <member type="node" ref="5059726290" role="platform"/>
  <member type="node" ref="5059727803" role="platform"/>
  <member type="node" ref="738815788" role="platform"/>
  <member type="node" ref="738815502" role="platform"/>
  <member type="node" ref="738815036" role="platform"/>
  <member type="node" ref="9013469842" role="platform"/>
  <member type="node" ref="9013469843" role="platform"/>
  <member type="node" ref="8945948098" role="platform"/>
  <member type="node" ref="8808907346" role="platform"/>
  <member type="node" ref="8808907347" role="platform"/>
  <member type="node" ref="8808907348" role="platform"/>
  <member type="node" ref="8808907349" role="platform"/>
  <member type="node" ref="8808907350" role="platform"/>
  <member type="node" ref="8945948099" role="platform"/>
  <member type="node" ref="8808907351" role="platform"/>
  <member type="node" ref="8808907361" role="platform"/>
  <member type="node" ref="8808907362" role="platform"/>
  <member type="node" ref="8808907363" role="platform"/>
  <member type="node" ref="8945948100" role="platform"/>
  <member type="node" ref="8945948101" role="platform"/>
  <member type="node" ref="8945948102" role="platform"/>
  <member type="node" ref="8945948103" role="platform"/>
  <member type="node" ref="8945948104" role="platform"/>
  <member type="node" ref="8945948105" role="platform"/>
  <member type="node" ref="8945948106" role="platform"/>
  <member type="node" ref="8945948107" role="platform"/>
  <member type="node" ref="8945948108" role="platform"/>
  <member type="node" ref="8945948109" role="platform"/>
  <member type="node" ref="8945948110" role="platform"/>
  <member type="node" ref="8945948111" role="platform"/>
  <member type="node" ref="8945948112" role="platform"/>
  <member type="node" ref="8946031018" role="platform"/>
  <member type="node" ref="8946031019" role="platform"/>
  <member type="node" ref="8946656565" role="platform"/>
  <member type="node" ref="8946656566" role="platform"/>
  <member type="node" ref="8946656567" role="platform"/>
  <member type="node" ref="8946031026" role="platform"/>
  <member type="node" ref="11537292304" role="platform"/>
  <member type="node" ref="13608473997" role="platform_exit_only"/>
  <tag k="charge" v="20000 VND"/>
  <tag k="colour" v="#9cdd31"/>
  <tag k="fee" v="yes"/>
  <tag k="from" v="Long Biên"/>
  <tag k="interval" v="00:30"/>
  <tag k="name" v="Long Biên - Hòa Lạc"/>
  <tag k="name:en" v="Long Bien Bus Interchange - Hoa Lac Hi-tech Park"/>
  <tag k="network" v="Hanoibus"/>
  <tag k="opening_hours" v="Mo-Su 05:00-21:00"/>
  <tag k="operator" v="VinBus"/>
  <tag k="public_transport:version" v="2"/>
  <tag k="ref" v="E07TC"/>
  <tag k="route" v="bus"/>
  <tag k="to" v="Hòa Lạc"/>
  <tag k="type" v="route"/>
 </relation>
 <relation id="20273981" visible="true" version="3" changeset="179233452" timestamp="2026-03-02T02:10:11Z" user="edumiz624" uid="20881381">
  <member type="node" ref="13608473997" role="platform_entry_only"/>
  <member type="node" ref="11537292302" role="platform"/>
  <member type="node" ref="8946031025" role="platform"/>
  <member type="node" ref="9010637659" role="platform"/>
  <member type="node" ref="8946031027" role="platform"/>
  <member type="node" ref="8946031028" role="platform"/>
  <member type="node" ref="8946031029" role="platform"/>
  <member type="node" ref="8946656568" role="platform"/>
  <member type="node" ref="8946656569" role="platform"/>
  <member type="node" ref="8946656570" role="platform"/>
  <member type="node" ref="8946656571" role="platform"/>
  <member type="node" ref="8946656572" role="platform"/>
  <member type="node" ref="8946656573" role="platform"/>
  <member type="node" ref="8946656574" role="platform"/>
  <member type="node" ref="8946656575" role="platform"/>
  <member type="node" ref="8946656576" role="platform"/>
  <member type="node" ref="8946656577" role="platform"/>
  <member type="node" ref="8946656578" role="platform"/>
  <member type="node" ref="8946656579" role="platform"/>
  <member type="node" ref="8946656580" role="platform"/>
  <member type="node" ref="11534004853" role="platform"/>
  <member type="node" ref="8808913242" role="platform"/>
  <member type="node" ref="8808913243" role="platform"/>
  <member type="node" ref="8808913244" role="platform"/>
  <member type="node" ref="8808913249" role="platform"/>
  <member type="node" ref="8808913250" role="platform"/>
  <member type="node" ref="9013469859" role="platform"/>
  <member type="node" ref="9013469860" role="platform"/>
  <member type="node" ref="9013469861" role="platform"/>
  <member type="node" ref="9013469862" role="platform"/>
  <member type="node" ref="738813809" role="platform"/>
  <member type="node" ref="738815210" role="platform"/>
  <member type="node" ref="8903312065" role="platform"/>
  <member type="node" ref="8898755900" role="platform"/>
  <member type="node" ref="738815328" role="platform"/>
  <member type="node" ref="738814414" role="platform"/>
  <member type="node" ref="8856174813" role="platform"/>
  <member type="node" ref="738814364" role="platform"/>
  <member type="node" ref="738813748" role="platform"/>
  <member type="node" ref="738815727" role="platform"/>
  <member type="node" ref="738815693" role="platform"/>
  <member type="node" ref="738815268" role="platform"/>
  <member type="node" ref="738815820" role="platform"/>
  <member type="node" ref="3887711843" role="platform"/>
  <member type="node" ref="738815169" role="platform"/>
  <member type="node" ref="738814524" role="platform"/>
  <member type="node" ref="5561070622" role="platform"/>
  <member type="node" ref="8259365871" role="platform"/>
  <member type="node" ref="738814587" role="platform"/>
  <member type="node" ref="738813615" role="platform"/>
  <member type="node" ref="8831817109" role="platform_exit_only"/>
  <member type="node" ref="8835043626" role=""/>
  <member type="way" ref="913796995" role=""/>
  <member type="way" ref="913796994" role=""/>
  <member type="way" ref="1241374536" role=""/>
  <member type="way" ref="973583622" role=""/>
  <member type="way" ref="1241683300" role=""/>
  <member type="way" ref="800878328" role=""/>
  <member type="way" ref="966945617" role=""/>
  <member type="way" ref="966945616" role=""/>
  <member type="way" ref="1242183438" role=""/>
  <member type="way" ref="707818340" role=""/>
  <member type="way" ref="706814786" role=""/>
  <member type="way" ref="498577973" role=""/>
  <member type="way" ref="1363326999" role=""/>
  <member type="way" ref="913796986" role=""/>
  <member type="way" ref="600031826" role=""/>
  <member type="way" ref="707016113" role=""/>
  <member type="way" ref="180081707" role=""/>
  <member type="way" ref="707055418" role=""/>
  <member type="way" ref="707055409" role=""/>
  <member type="way" ref="707055408" role=""/>
  <member type="way" ref="707055406" role=""/>
  <member type="way" ref="157694184" role=""/>
  <member type="way" ref="595787288" role=""/>
  <member type="way" ref="595787287" role=""/>
  <member type="way" ref="180081684" role=""/>
  <member type="way" ref="706830456" role=""/>
  <member type="way" ref="707072663" role=""/>
  <member type="way" ref="707072664" role=""/>
  <member type="way" ref="706830455" role=""/>
  <member type="way" ref="706833868" role=""/>
  <member type="way" ref="707420065" role=""/>
  <member type="way" ref="707420064" role=""/>
  <member type="way" ref="707420063" role=""/>
  <member type="way" ref="707420062" role=""/>
  <member type="way" ref="707420061" role=""/>
  <member type="way" ref="707420060" role=""/>
  <member type="way" ref="707420059" role=""/>
  <member type="way" ref="707420058" role=""/>
  <member type="way" ref="707423041" role=""/>
  <member type="way" ref="707423040" role=""/>
  <member type="way" ref="707423039" role=""/>
  <member type="way" ref="707423038" role=""/>
  <member type="way" ref="707423037" role=""/>
  <member type="way" ref="707423036" role=""/>
  <member type="way" ref="707428330" role=""/>
  <member type="way" ref="180081701" role=""/>
  <member type="way" ref="707428328" role=""/>
  <member type="way" ref="707428329" role=""/>
  <member type="way" ref="180081677" role=""/>
  <member type="way" ref="707428327" role=""/>
  <member type="way" ref="707428326" role=""/>
  <member type="way" ref="707428325" role=""/>
  <member type="way" ref="707430234" role=""/>
  <member type="way" ref="707430233" role=""/>
  <member type="way" ref="707430232" role=""/>
  <member type="way" ref="707432830" role=""/>
  <member type="way" ref="707432829" role=""/>
  <member type="way" ref="1241605230" role=""/>
  <member type="way" ref="707432828" role=""/>
  <member type="way" ref="707432827" role=""/>
  <member type="way" ref="707440074" role=""/>
  <member type="way" ref="707440073" role=""/>
  <member type="way" ref="1243149616" role=""/>
  <member type="way" ref="180081722" role=""/>
  <member type="way" ref="707440071" role=""/>
  <member type="way" ref="707440070" role=""/>
  <member type="way" ref="707440072" role=""/>
  <member type="way" ref="707445365" role=""/>
  <member type="way" ref="707445364" role=""/>
  <member type="way" ref="707445363" role=""/>
  <member type="way" ref="483184840" role=""/>
  <member type="way" ref="707445361" role=""/>
  <member type="way" ref="707445362" role=""/>
  <member type="way" ref="707445360" role=""/>
  <member type="way" ref="707445359" role=""/>
  <member type="way" ref="483184836" role=""/>
  <member type="way" ref="708591956" role=""/>
  <member type="way" ref="708591957" role=""/>
  <member type="way" ref="707864447" role=""/>
  <member type="way" ref="707864442" role=""/>
  <member type="way" ref="707864441" role=""/>
  <member type="way" ref="707866197" role=""/>
  <member type="way" ref="708591954" role=""/>
  <member type="way" ref="708591955" role=""/>
  <member type="way" ref="708591953" role=""/>
  <member type="way" ref="707866196" role=""/>
  <member type="way" ref="708591952" role=""/>
  <member type="way" ref="708591951" role=""/>
  <member type="way" ref="708591950" role=""/>
  <member type="way" ref="707864448" role=""/>
  <member type="way" ref="449602311" role=""/>
  <member type="way" ref="599586997" role=""/>
  <member type="way" ref="599586996" role=""/>
  <member type="way" ref="707866707" role=""/>
  <member type="way" ref="1241605231" role=""/>
  <member type="way" ref="1391987644" role=""/>
  <member type="way" ref="1120342739" role=""/>
  <member type="way" ref="1363326992" role=""/>
  <member type="way" ref="707866708" role=""/>
  <member type="way" ref="449229297" role=""/>
  <member type="way" ref="707868347" role=""/>
  <member type="way" ref="707868346" role=""/>
  <member type="way" ref="184919500" role=""/>
  <member type="way" ref="707869553" role=""/>
  <member type="way" ref="1363326991" role=""/>
  <member type="way" ref="1391987645" role=""/>
  <member type="way" ref="184919493" role=""/>
  <member type="way" ref="1297102010" role=""/>
  <member type="way" ref="1297102072" role=""/>
  <member type="way" ref="709798665" role=""/>
  <member type="way" ref="459219631" role=""/>
  <member type="way" ref="596300500" role=""/>
  <member type="way" ref="596300503" role=""/>
  <member type="way" ref="709798663" role=""/>
  <member type="way" ref="457757000" role=""/>
  <member type="way" ref="704627670" role=""/>
  <member type="way" ref="600520774" role=""/>
  <member type="way" ref="711088046" role=""/>
  <member type="way" ref="711088047" role=""/>
  <member type="way" ref="675481683" role=""/>
  <member type="way" ref="1373569363" role=""/>
  <member type="way" ref="702572984" role=""/>
  <member type="way" ref="702572983" role=""/>
  <member type="way" ref="711107764" role=""/>
  <member type="way" ref="106053503" role=""/>
  <member type="way" ref="1242935511" role=""/>
  <member type="way" ref="953158816" role=""/>
  <member type="way" ref="953158811" role=""/>
  <member type="way" ref="953158810" role=""/>
  <member type="way" ref="953158807" role=""/>
  <member type="way" ref="701418863" role=""/>
  <member type="way" ref="1012665673" role=""/>
  <member type="way" ref="705808905" role=""/>
  <member type="way" ref="198253958" role=""/>
  <member type="way" ref="705808906" role=""/>
  <member type="way" ref="705810329" role=""/>
  <member type="way" ref="706461436" role=""/>
  <member type="way" ref="947077256" role=""/>
  <member type="way" ref="1230486657" role=""/>
  <member type="way" ref="705810327" role=""/>
  <member type="way" ref="711526159" role=""/>
  <member type="way" ref="705815118" role=""/>
  <member type="way" ref="711526158" role=""/>
  <member type="way" ref="929552585" role=""/>
  <member type="way" ref="711526157" role=""/>
  <member type="way" ref="780188831" role=""/>
  <member type="way" ref="711526153" role=""/>
  <member type="way" ref="1073767462" role=""/>
  <member type="way" ref="1073767460" role=""/>
  <member type="way" ref="1073767461" role=""/>
  <member type="way" ref="711526156" role=""/>
  <member type="way" ref="252400879" role=""/>
  <member type="way" ref="252400873" role=""/>
  <member type="way" ref="966693593" role=""/>
  <member type="way" ref="1301504040" role=""/>
  <member type="way" ref="36850859" role=""/>
  <member type="way" ref="708558067" role=""/>
  <member type="way" ref="708558066" role=""/>
  <member type="way" ref="1216675684" role=""/>
  <member type="way" ref="817461258" role=""/>
  <member type="way" ref="708565765" role=""/>
  <member type="way" ref="967878668" role=""/>
  <member type="way" ref="967878669" role=""/>
  <member type="way" ref="704479490" role=""/>
  <member type="way" ref="1240355962" role=""/>
  <member type="way" ref="1177187695" role=""/>
  <member type="way" ref="707305432" role=""/>
  <member type="way" ref="704479486" role=""/>
  <member type="way" ref="1466373283" role=""/>
  <member type="way" ref="706798106" role=""/>
  <member type="way" ref="946030653" role=""/>
  <member type="way" ref="946030654" role=""/>
  <member type="way" ref="962177668" role=""/>
  <member type="way" ref="408761980" role=""/>
  <member type="way" ref="711776732" role=""/>
  <member type="way" ref="708514872" role=""/>
  <member type="way" ref="708514873" role=""/>
  <member type="way" ref="962493749" role=""/>
  <member type="way" ref="708514874" role=""/>
  <member type="way" ref="601522492" role=""/>
  <member type="way" ref="704134619" role=""/>
  <member type="way" ref="788757975" role=""/>
  <member type="way" ref="1334956950" role=""/>
  <member type="way" ref="770552094" role=""/>
  <member type="way" ref="11005921" role=""/>
  <member type="way" ref="944122214" role=""/>
  <member type="way" ref="1053605852" role=""/>
  <member type="way" ref="769778613" role=""/>
  <member type="way" ref="1223464161" role=""/>
  <member type="way" ref="838526716" role=""/>
  <member type="way" ref="864547867" role=""/>
  <member type="way" ref="399561785" role=""/>
  <member type="way" ref="1223385256" role=""/>
  <member type="way" ref="769798547" role=""/>
  <member type="way" ref="707060209" role=""/>
  <member type="way" ref="1243387893" role=""/>
  <member type="way" ref="954856201" role=""/>
  <member type="way" ref="946030643" role=""/>
  <member type="way" ref="85608570" role=""/>
  <member type="way" ref="954856203" role=""/>
  <member type="way" ref="965634323" role=""/>
  <member type="way" ref="943964872" role=""/>
  <member type="way" ref="498896871" role=""/>
  <member type="way" ref="1262843556" role=""/>
  <member type="way" ref="498896872" role=""/>
  <member type="way" ref="1417556878" role=""/>
  <member type="way" ref="211856996" role=""/>
  <member type="way" ref="965041067" role=""/>
  <member type="way" ref="601513466" role=""/>
  <member type="way" ref="964350821" role=""/>
  <member type="way" ref="85608572" role=""/>
  <member type="way" ref="29424130" role=""/>
  <member type="way" ref="1360846561" role=""/>
  <member type="way" ref="1266720340" role=""/>
  <member type="way" ref="1266720339" role=""/>
  <member type="way" ref="37449817" role=""/>
  <member type="way" ref="702469514" role=""/>
  <member type="way" ref="769777582" role=""/>
  <member type="way" ref="702469513" role=""/>
  <member type="way" ref="37555727" role=""/>
  <member type="way" ref="943964874" role=""/>
  <member type="way" ref="1409256072" role=""/>
  <member type="way" ref="701339683" role=""/>
  <member type="way" ref="705250832" role=""/>
  <member type="way" ref="701886585" role=""/>
  <member type="way" ref="701339681" role=""/>
  <member type="way" ref="1239581823" role=""/>
  <member type="way" ref="701365202" role=""/>
  <member type="way" ref="220303926" role=""/>
  <member type="way" ref="946030644" role=""/>
  <member type="way" ref="953227393" role=""/>
  <member type="way" ref="597567980" role=""/>
  <member type="way" ref="701452887" role=""/>
  <member type="way" ref="896866488" role=""/>
  <member type="way" ref="896897888" role=""/>
  <member type="way" ref="966945612" role=""/>
  <tag k="charge" v="20000 VND"/>
  <tag k="colour" v="#9cdd31"/>
  <tag k="fee" v="yes"/>
  <tag k="from" v="Hòa Lạc"/>
  <tag k="interval" v="00:30"/>
  <tag k="name" v="Hòa Lạc - Long Biên"/>
  <tag k="name:en" v="Hoa Lac Hi-tech Park - Long Bien Bus Interchange"/>
  <tag k="network" v="Hanoibus"/>
  <tag k="opening_hours" v="Mo-SU 05:00-21:00"/>
  <tag k="operator" v="VinBus"/>
  <tag k="public_transport:version" v="2"/>
  <tag k="ref" v="E07TC"/>
  <tag k="route" v="bus"/>
  <tag k="to" v="Long Biên"/>
  <tag k="type" v="route"/>
 </relation>
 <relation id="20273982" visible="true" version="1" changeset="179193458" timestamp="2026-03-01T02:34:12Z" user="edumiz624" uid="20881381">
  <member type="relation" ref="20273980" role=""/>
  <member type="relation" ref="20273981" role=""/>
  <tag k="name" v="Long Biên - Hòa Lạc"/>
  <tag k="name:en" v="Long Bien Bus Interchange - Hoa Lac Hi-tech Park"/>
  <tag k="network" v="Hanoibus"/>
  <tag k="operator" v="VinBus"/>
  <tag k="ref" v="E07TC"/>
  <tag k="route_master" v="bus"/>
  <tag k="type" v="route_master"/>
 </relation>
</osm>