Episode,Reward,Critic_Loss,Time_Sec,CPU_Percent,RAM_Percent
1,-17933.96,9188996.25,1.46,53.6,46.6
2,-17711.08,9596269.25,1.45,74.8,46.7
3,-19215.42,10829283.0,1.55,77.9,46.7
4,-18572.61,11959416.75,1.44,72.5,46.8
5,-17984.56,12287515.75,1.37,68.9,46.8
6,-19704.16,11678262.5,1.43,67.7,46.6
7,-18099.05,8998161.75,1.41,73.4,46.7
8,-18004.37,10565595.0,1.42,75.4,46.8
9,-17617.49,10976291.5,1.41,74.3,46.8
10,-17608.82,10522045.0,1.47,74.8,46.9
11,-17128.85,10212170.0,1.52,78.0,47.0
12,-17261.77,9659109.0,1.49,79.4,47.3
13,-18278.92,11238078.5,1.57,75.2,47.6
14,-17747.87,8910389.75,1.42,74.9,47.8
15,-18155.72,10056702.25,1.42,93.1,47.8
16,-18593.8,10485780.0,1.43,90.1,47.8
17,-17661.03,9517615.25,1.4,86.9,47.7
18,-18119.97,11572672.25,1.46,86.7,47.7
19,-18945.38,11894206.5,1.53,89.3,47.7
20,-18457.77,9666795.0,1.53,83.4,47.8
21,-19743.9,11417085.75,1.48,76.7,47.9
22,-19185.43,11317781.75,1.46,82.6,47.9
23,-17464.15,9830572.75,1.44,91.1,47.9
24,-17762.54,9994415.25,1.49,96.2,48.5
25,-18675.27,10620198.25,1.48,92.7,48.7
26,-17630.17,9006705.75,1.44,87.5,48.8
27,-19641.66,10650382.25,1.47,89.6,48.5
28,-18303.09,11619183.25,1.35,89.0,48.5
29,-19085.73,11484521.75,1.45,90.0,48.6
30,-18191.63,10299213.0,1.44,97.0,49.1
31,-17616.0,9442373.0,1.44,94.1,49.3
32,-19409.41,11573645.0,1.5,92.1,49.4
33,-17889.9,9141206.25,1.45,99.7,49.3
34,-18835.72,11340980.0,1.45,100.0,49.3
35,-18961.69,11735627.5,1.49,95.5,49.4
36,-19543.77,11828845.75,1.47,76.6,49.4
37,-18678.51,10882094.0,1.45,96.4,49.4
38,-17072.86,10112960.0,1.51,94.0,49.3
39,-17924.63,10401496.25,1.4,100.0,49.3
40,-18162.35,9850776.5,1.5,100.0,49.4
41,-18381.87,9763376.5,1.48,91.3,49.4
42,-16998.03,9888008.0,1.39,92.7,49.4
43,-17878.86,11370011.25,1.45,100.0,49.3
44,-18234.63,11886922.5,1.41,100.0,49.3
45,-17645.37,9634962.25,1.44,97.7,49.0
46,-18141.39,11268685.25,1.46,93.7,49.0
47,-17264.37,8956573.25,1.4,98.6,49.0
48,-18117.76,10401380.5,1.46,96.0,49.0
49,-18034.43,10171707.0,1.44,96.7,48.9
50,-18189.09,10830211.5,1.44,88.3,49.0
51,-18604.22,11849351.5,1.47,89.4,49.1
52,-17580.61,9703993.25,1.43,99.4,49.1
53,-17661.14,10551869.0,1.4,100.0,49.1
54,-18125.19,10868248.75,1.41,100.0,49.0
55,-18696.53,10383939.25,1.46,91.7,49.0
56,-18492.32,11089697.25,1.44,100.0,49.1
57,-18548.01,9945251.0,1.57,95.4,49.4
58,-17479.68,10306246.0,1.43,98.9,49.7
59,-17978.74,11096974.5,1.49,92.4,49.3
60,-18533.4,10665673.25,1.46,78.4,49.2
61,-19476.15,10350044.0,1.49,96.1,49.1
62,-19525.52,11188912.25,1.46,99.2,49.2
63,-17660.12,10698388.5,1.39,100.0,49.2
64,-18412.52,10350259.25,1.51,100.0,49.4
65,-19666.98,10363972.0,1.54,95.9,49.6
66,-17688.95,10804896.75,1.42,93.0,49.7
67,-18155.9,10997178.75,1.45,100.0,49.9
68,-19628.49,11514979.0,1.47,98.7,50.0
69,-18050.0,10550553.0,1.41,97.2,50.3
70,-18031.3,10212926.25,1.42,89.6,50.0
71,-17770.89,10115345.25,1.48,100.0,50.0
72,-17681.76,11378475.0,1.47,55.3,47.9
73,-18398.71,10912466.0,1.45,73.8,47.9
74,-18913.83,10815362.25,1.4,70.2,47.8
75,-18813.63,11571239.0,1.37,69.3,47.9
76,-18843.7,11374575.5,1.42,69.9,48.0
77,-18223.02,11246785.75,1.34,73.7,48.0
78,-18886.17,9944991.5,1.45,74.1,48.0
79,-17740.34,9972977.25,1.4,77.9,47.0
80,-19207.32,11609543.25,1.49,73.9,46.9
81,-18726.97,10540793.25,1.58,81.9,47.4
82,-19172.01,10813787.0,1.51,74.9,47.8
83,-18764.71,10155347.25,1.43,79.7,47.8
84,-20458.86,12904544.25,1.46,86.8,47.8
85,-19337.17,10821148.75,1.48,80.7,48.1
86,-18503.17,11441642.5,1.53,89.5,48.4
87,-18368.35,11311588.0,1.46,96.6,48.7
88,-18718.66,12229148.75,1.45,96.8,48.5
89,-19849.37,12205079.25,1.51,85.6,48.7
90,-18247.76,9443917.0,1.46,96.6,48.5
91,-18968.09,11101943.5,1.45,100.0,48.5
92,-18769.69,10690844.25,1.47,100.0,48.7
93,-18026.26,10195984.25,1.46,97.7,48.6
94,-18203.94,9988490.5,1.45,95.9,48.7
95,-18011.9,9977701.75,1.49,93.8,48.7
96,-17902.74,11705814.0,1.42,96.3,48.6
97,-18237.2,9499876.25,1.47,93.2,48.6
98,-17307.44,10270721.75,1.46,85.5,48.7
99,-19500.82,10514179.25,1.52,96.5,48.7
100,-19122.35,10364419.5,1.47,98.7,48.8
101,-19361.83,11478269.5,1.49,100.0,48.6
102,-19153.58,11089098.25,1.47,100.0,48.7
103,-19081.5,11068476.25,1.49,100.0,48.7
104,-17508.47,10690571.0,1.45,84.1,48.8
105,-19298.05,11135897.75,1.49,87.7,48.8
106,-18528.02,10733220.25,1.44,93.3,48.6
107,-18980.37,10173570.0,1.44,100.0,48.6
108,-17826.67,10137803.75,1.44,100.0,48.6
109,-18499.09,11431618.75,1.43,91.0,48.7
110,-18583.2,11683691.75,1.45,96.8,48.7
111,-17719.11,11357164.25,1.4,98.9,48.8
112,-18690.45,10499401.75,1.46,95.9,48.8
113,-18164.18,11077268.75,1.44,85.3,48.7
114,-18439.4,9399916.75,1.47,92.0,48.8
115,-18622.47,10671287.25,1.45,99.5,48.9
116,-18074.03,10998718.25,1.38,98.6,49.0
117,-17490.45,9928647.5,1.45,100.0,48.9
118,-17705.44,10188726.5,1.45,95.7,48.8
119,-19770.91,10726975.75,1.52,92.1,48.9
120,-18412.61,10503262.0,1.43,98.9,48.8
121,-19128.38,11525423.0,1.48,99.0,49.0
122,-18910.48,11307192.75,1.38,97.8,48.9
123,-17826.5,10067393.0,1.41,94.7,48.0
124,-18577.96,11872891.0,1.4,99.9,48.0
125,-18410.53,10386590.5,1.53,92.1,48.1
126,-18728.8,11122112.0,1.51,96.8,48.2
127,-17968.19,10957995.5,1.44,94.0,48.2
128,-17472.89,10283058.75,1.45,94.0,48.1
129,-18994.9,11712913.75,1.5,94.7,48.2
130,-19455.48,11120407.75,1.49,97.4,48.2
131,-18243.63,9163901.0,1.43,100.0,48.2
132,-19780.09,13336953.5,1.46,100.0,48.2
133,-17746.18,8776333.5,1.48,99.9,47.9
134,-18137.52,9911511.0,1.46,84.6,47.8
135,-17786.05,10610949.5,1.41,88.0,47.9
136,-18880.14,11210226.0,1.4,93.9,47.7
137,-17639.0,9545389.75,1.46,97.6,47.8
138,-18870.7,9821644.75,1.5,96.9,47.9
139,-19418.21,11805892.5,1.45,94.9,47.9
140,-18134.39,10148595.5,1.43,100.0,48.3
141,-18190.9,11266542.0,1.44,100.0,48.4
142,-18342.34,11452672.25,1.49,100.0,48.7
143,-18896.83,10196889.75,1.5,93.9,48.8
144,-18430.12,9735825.0,1.48,94.2,48.7
145,-20228.27,10773069.75,1.54,98.3,48.8
146,-17985.63,11043984.0,1.44,94.8,48.9
147,-18654.18,10584352.0,1.45,100.0,49.0
148,-18390.44,11685888.0,1.5,100.0,49.1
149,-18617.95,11808707.25,1.48,98.3,49.1
150,-17596.91,9487108.25,1.45,100.0,49.0
151,-19365.3,10379067.25,1.54,100.0,49.0
152,-17509.93,9782894.25,1.47,100.0,49.1
153,-17237.64,9681267.0,1.46,100.0,48.9
154,-17922.91,9758830.25,1.48,100.0,48.9
155,-16989.21,9534795.0,1.41,99.0,48.9
156,-17632.65,9318945.75,1.48,100.0,48.8
157,-18194.11,9816515.5,1.53,97.2,49.0
158,-18599.36,11252483.0,1.53,89.8,49.1
159,-18635.82,10609040.0,1.52,93.0,49.5
160,-17355.02,10540756.5,1.47,99.2,49.6
161,-17300.97,10075419.0,1.49,100.0,49.7
162,-18194.26,9961062.25,1.57,100.0,49.8
163,-18862.55,11614309.0,1.52,93.8,49.9
164,-18539.18,10315249.0,1.51,100.0,49.9
165,-18187.48,10479463.5,1.49,100.0,50.0
166,-19414.73,10549442.0,1.59,100.0,50.0
167,-17087.05,10005929.5,1.49,100.0,50.0
168,-18987.58,12554872.0,1.52,99.1,50.1
169,-17671.76,11142484.0,1.47,100.0,50.1
170,-18506.16,10022328.75,1.53,100.0,50.1
171,-16987.74,9827877.5,1.51,100.0,50.0
172,-17816.98,10567526.0,1.53,99.5,50.3
173,-17550.75,9690980.25,1.56,100.0,50.3
174,-18911.4,10628612.75,1.54,96.3,50.3
175,-19043.88,11365834.25,1.56,100.0,50.3
176,-18002.52,10390556.75,1.52,100.0,50.2
177,-19340.22,10470085.0,1.54,100.0,50.2
178,-18474.44,11920007.5,1.53,100.0,50.4
179,-18335.64,11021515.25,1.49,100.0,50.5
180,-19634.57,12119760.0,1.55,100.0,50.9
181,-18973.63,11529363.25,1.59,99.8,51.0
182,-18889.33,12168409.25,1.51,100.0,50.9
183,-17662.49,10726959.5,1.5,100.0,51.5
184,-18912.2,11384100.5,1.61,100.0,51.7
185,-18388.71,9504668.0,1.57,100.0,51.9
186,-18443.96,10949047.75,1.56,100.0,51.9
187,-20136.42,11552597.75,1.61,100.0,51.9
188,-19308.72,11100325.0,1.61,100.0,51.9
189,-18181.54,9711974.75,1.55,100.0,52.1
190,-18427.8,9884259.25,1.58,100.0,52.2
191,-19618.55,11147230.0,1.6,100.0,52.1
192,-19163.05,11153791.0,1.53,99.9,52.0
193,-17782.23,9575258.75,1.54,100.0,52.1
194,-18259.54,11416102.25,1.53,100.0,52.5
195,-18084.73,10320244.75,1.54,100.0,52.5
196,-18613.09,12053129.0,1.51,100.0,52.5
197,-18595.27,10369494.75,1.53,100.0,52.6
198,-17944.09,10256337.0,1.55,100.0,52.4
199,-18065.64,9498042.5,1.67,100.0,52.5
200,-19646.87,11661239.5,1.65,100.0,52.6
201,-17598.33,9493275.0,1.59,100.0,52.6
202,-19565.76,10864482.5,1.6,100.0,52.6
203,-19684.79,10231619.5,1.63,98.3,52.6
204,-18041.27,10656313.75,1.61,100.0,52.7
205,-18353.6,8376853.375,1.58,100.0,52.7
206,-19004.98,10027112.25,1.6,100.0,52.8
207,-18259.49,10388477.0,1.56,100.0,52.8
208,-18944.34,9704150.75,1.61,100.0,52.9
209,-17913.43,9258695.75,1.64,100.0,53.0
210,-17980.83,9982808.0,1.57,100.0,52.9
211,-18895.02,10483535.75,1.59,100.0,53.0
212,-17274.67,9491469.25,1.52,100.0,53.0
213,-17769.59,9895497.25,1.56,100.0,53.2
214,-18501.74,9769075.25,1.68,100.0,53.0
215,-19137.41,9661798.75,1.64,100.0,53.1
216,-17759.91,9973673.0,1.52,100.0,53.0
217,-18342.42,10223741.25,1.55,100.0,53.0
218,-20123.89,12064473.0,1.63,100.0,53.1
219,-18847.84,9198231.0,1.6,100.0,53.1
220,-18403.45,9433317.25,1.59,100.0,53.2
221,-18949.37,10114918.0,1.54,100.0,53.2
222,-18249.46,10293953.75,1.51,100.0,53.1
223,-18348.0,10001207.25,1.66,100.0,53.2
224,-18504.05,9764213.75,1.71,98.8,53.1
225,-17410.73,8593108.25,1.61,100.0,53.1
226,-19182.42,9579655.0,1.59,100.0,53.1
227,-18526.99,10013477.25,1.62,100.0,53.1
228,-18506.06,9527787.25,1.57,100.0,53.2
229,-17573.83,10424709.5,1.65,100.0,53.2
230,-19672.77,10578806.25,1.6,100.0,53.1
231,-18467.36,9035098.0,1.56,100.0,53.2
232,-17893.58,9799717.25,1.58,100.0,53.2
233,-17905.55,9307996.75,1.57,100.0,53.2
234,-18464.89,11270396.75,1.65,100.0,53.3
235,-17236.44,9235023.75,1.55,100.0,53.2
236,-19722.47,12516251.5,1.55,100.0,53.3
237,-18525.52,11021753.25,1.58,100.0,53.4
238,-18037.36,9580218.0,1.53,100.0,53.3
239,-18775.27,9621333.75,1.58,100.0,53.3
240,-18250.81,9528817.0,1.51,100.0,53.4
241,-18152.71,9977567.25,1.57,100.0,53.3
242,-17953.6,10090808.5,1.52,100.0,53.4
243,-18026.56,8311737.125,1.6,100.0,53.3
244,-18238.41,10705062.25,1.53,97.7,53.5
245,-18253.27,9369720.75,1.53,100.0,53.6
246,-19106.74,10028375.0,1.76,100.0,54.4
247,-18966.0,8492192.5,1.72,100.0,54.4
248,-18768.04,9567862.0,1.7,99.5,54.2
249,-19208.85,9758857.75,1.65,100.0,54.3
250,-18506.09,8832378.75,1.57,100.0,54.2
251,-19145.57,10192230.0,1.61,100.0,54.1
252,-17419.84,9660599.25,1.55,100.0,54.0
253,-17564.79,8454364.5,1.55,97.9,54.1
254,-18658.88,9462387.25,1.58,100.0,54.2
255,-17969.24,10327102.25,1.5,100.0,54.1
256,-17197.35,9385413.25,1.6,100.0,54.2
257,-19006.5,10957745.75,1.63,100.0,53.7
258,-18165.07,9548770.0,1.53,100.0,53.6
259,-19336.14,10383596.0,1.54,100.0,53.7
260,-17687.06,9385835.5,1.5,100.0,53.7
261,-17092.7,8708123.5,1.61,100.0,53.8
262,-18686.5,9925378.75,1.69,100.0,53.7
263,-17990.61,8538520.5,1.58,100.0,53.8
264,-19005.17,9976415.25,1.58,100.0,53.8
265,-18786.96,10608214.25,1.55,100.0,53.9
266,-18978.45,9162519.75,1.57,100.0,53.9
267,-19648.37,10448480.0,1.6,100.0,53.8
268,-19007.65,8452618.75,1.6,100.0,53.9
269,-20213.36,10619751.5,1.58,100.0,53.9
270,-18745.59,9506975.5,1.62,100.0,54.0
271,-17977.2,7816834.875,1.55,100.0,54.0
272,-17977.79,9302840.75,1.59,100.0,53.9
273,-17580.28,9298154.25,1.52,100.0,54.0
274,-18323.52,9325173.75,1.59,100.0,53.9
275,-18768.66,10296021.75,1.64,100.0,53.9
276,-18333.82,10271028.75,1.59,100.0,54.1
277,-18380.25,8965461.5,1.59,100.0,54.0
278,-18383.55,8671125.5,1.57,100.0,54.1
279,-17612.67,9082289.0,1.46,100.0,53.8
280,-19202.82,9285293.75,1.54,100.0,53.9
281,-18384.91,9159556.25,1.57,100.0,54.0
282,-18683.44,10490361.75,1.54,100.0,54.1
283,-19243.0,9058325.25,1.6,100.0,53.9
284,-17494.21,8183925.5,1.52,100.0,53.9
285,-17113.55,8279998.625,1.55,100.0,54.0
286,-18101.72,8918382.25,1.51,100.0,54.0
287,-18797.16,10345658.25,1.52,100.0,54.0
288,-18486.88,9542193.75,1.5,100.0,53.9
289,-17906.89,9327395.25,1.51,100.0,54.0
290,-17412.63,8782449.0,1.63,100.0,54.1
291,-18924.02,8598166.0,1.66,100.0,54.1
292,-18347.37,8608614.25,1.62,100.0,54.2
293,-18785.91,9178675.0,1.55,100.0,54.1
294,-18242.65,7835194.875,1.66,100.0,54.1
295,-17885.53,9070592.25,1.58,100.0,54.1
296,-18704.59,10707503.75,1.59,100.0,54.2
297,-18603.84,8911899.5,1.56,100.0,54.4
298,-18421.52,9581948.75,1.56,100.0,54.2
299,-17861.78,8036050.125,1.52,100.0,54.3
300,-17808.04,8601847.25,1.53,100.0,54.3
301,-18798.67,9687873.5,1.55,100.0,53.9
302,-18958.96,8406266.0,1.86,97.5,54.2
303,-18772.59,8459227.5,1.57,100.0,54.3
304,-18679.38,8677166.5,1.64,100.0,54.2
305,-18188.07,7808209.125,1.63,99.0,54.4
306,-18121.94,7775055.25,1.59,100.0,54.4
307,-17717.7,7966524.875,1.53,100.0,54.5
308,-19680.55,10309836.0,1.59,100.0,54.5
309,-16971.24,7988470.25,1.51,100.0,54.4
310,-19160.03,7968312.5,1.6,100.0,54.4
311,-18351.86,8243182.375,1.55,100.0,54.5
312,-17966.6,8549278.75,1.54,100.0,54.5
313,-17898.18,8976332.25,1.56,100.0,54.5
314,-18435.36,7645408.625,1.58,100.0,54.4
315,-17074.76,6905023.25,1.51,100.0,54.4
316,-17814.81,8347345.0,1.52,100.0,54.2
317,-18259.27,7467856.375,1.56,100.0,54.2
318,-18696.43,9430116.5,1.56,100.0,54.3
319,-17727.54,6841194.0,1.58,100.0,54.4
320,-17562.14,7759878.25,1.57,100.0,54.3
321,-18178.17,9430458.25,1.5,100.0,54.4
322,-18643.89,8695524.75,1.58,100.0,54.3
323,-17768.23,8697172.0,1.55,100.0,54.3
324,-18527.4,9085255.25,1.57,99.0,54.4
325,-18513.9,9981113.75,1.53,100.0,54.2
326,-19400.61,8184583.625,1.59,100.0,54.2
327,-18363.1,8715115.25,1.57,100.0,54.2
328,-19736.7,9356422.5,1.65,99.2,54.1
329,-19305.4,8696288.0,1.6,100.0,54.1
330,-17638.39,8145765.125,1.53,100.0,53.9
331,-18993.72,7295808.0,1.59,100.0,54.0
332,-18308.97,7748003.125,1.56,100.0,53.9
333,-18005.09,6705191.25,1.55,100.0,54.0
334,-19107.68,8386749.375,1.57,100.0,54.0
335,-17791.12,8018994.625,1.53,100.0,54.0
336,-18590.48,7736248.25,1.65,100.0,53.9
337,-17827.51,8612450.5,1.68,100.0,53.5
338,-18951.51,8173924.5,1.72,98.4,53.6
339,-18406.92,7762108.75,1.6,100.0,53.5
340,-18832.86,8396543.125,1.56,100.0,53.7
341,-18932.46,8316677.5,1.54,100.0,53.5
342,-20181.24,9923056.0,1.59,100.0,53.5
343,-19013.05,7639979.625,1.66,100.0,53.5
344,-19270.89,7703712.875,1.61,100.0,53.5
345,-18410.88,7333581.25,1.56,100.0,53.6
346,-18792.98,7278090.5,1.56,100.0,53.6
347,-17755.44,7057138.125,1.6,100.0,53.7
348,-18191.13,7176285.375,1.6,100.0,53.6
349,-19218.04,7602065.0,1.77,100.0,53.6
350,-18386.56,6849840.125,1.62,100.0,53.7
351,-18012.7,6638975.0,1.58,100.0,53.6
352,-19792.11,8483535.0,1.62,99.4,53.7
353,-18307.1,7269754.5,1.56,100.0,53.7
354,-19702.04,7889082.625,1.59,100.0,53.7
355,-17306.82,7165537.25,1.48,100.0,53.7
356,-17821.05,6080601.25,1.58,100.0,53.8
357,-18428.16,6578180.25,1.57,100.0,53.7
358,-17690.83,7706858.25,1.46,100.0,53.8
359,-18741.22,6567831.5,1.62,100.0,53.9
360,-18653.97,8692757.25,1.59,100.0,53.9
361,-18475.55,7793187.75,1.65,100.0,54.1
362,-17267.04,7376413.625,1.49,100.0,53.9
363,-18662.4,7840780.5,1.51,100.0,53.9
364,-18162.73,7897896.75,1.51,100.0,53.7
365,-17948.09,7558244.25,1.53,100.0,53.8
366,-20569.19,9645047.0,1.61,100.0,53.9
367,-17977.94,6768953.875,1.51,100.0,54.0
368,-18497.12,7503425.5,1.54,100.0,53.8
369,-18071.62,6517026.875,1.58,100.0,53.8
370,-18764.51,6892689.25,1.67,100.0,53.9
371,-17612.99,7009817.375,1.54,100.0,53.7
372,-18552.65,6758827.25,1.59,100.0,53.7
373,-19473.31,7689929.875,1.67,100.0,53.9
374,-18719.82,8650606.75,1.59,100.0,53.7
375,-18395.63,7154539.5,1.58,100.0,53.7
376,-17834.94,6477061.75,1.58,99.5,53.8
377,-17843.51,6607986.875,1.63,98.9,53.6
378,-20041.7,9876276.25,1.58,100.0,53.5
379,-17810.84,7011145.125,1.51,100.0,53.6
380,-18295.82,6018749.125,1.61,100.0,53.7
381,-17944.08,7408012.875,1.54,100.0,53.8
382,-18669.14,8249537.375,1.49,100.0,53.7
383,-18348.42,6097390.375,1.53,100.0,53.8
384,-17514.46,6531487.625,1.54,100.0,53.7
385,-18368.25,7641249.125,1.54,100.0,53.9
386,-17352.99,5784224.875,1.53,100.0,54.0
387,-18791.37,6149035.0,1.56,100.0,54.1
388,-17337.68,6201840.875,1.52,100.0,54.1
389,-18764.22,7382456.125,1.55,100.0,54.1
390,-17587.8,5917075.875,1.54,100.0,54.1
391,-18704.56,6972060.25,1.52,100.0,54.2
392,-17710.89,7190160.5,1.47,100.0,54.1
393,-18783.41,7300599.5,1.63,100.0,54.2
394,-18560.46,6828276.0,1.61,100.0,54.2
395,-19032.26,6675083.0,1.69,99.8,54.0
396,-17973.48,5931853.125,1.61,98.9,53.7
397,-19632.82,8338796.375,1.57,100.0,53.7
398,-18564.62,7000116.25,1.52,100.0,53.8
399,-18047.97,6884027.25,1.57,100.0,53.8
400,-17857.67,5746956.625,1.54,100.0,53.7
401,-18473.29,7075578.25,1.53,100.0,53.8
402,-18397.82,6468378.5,1.53,100.0,53.9
403,-18526.92,6452438.375,1.61,100.0,53.9
404,-19711.47,6938551.125,1.67,100.0,54.0
405,-18180.75,5951532.25,1.6,100.0,54.0
406,-19311.91,7423011.75,1.54,100.0,54.0
407,-17606.15,5105516.75,1.54,100.0,54.0
408,-18360.75,6746152.75,1.66,100.0,54.1
409,-18989.3,7037187.875,1.65,99.6,54.3
410,-18184.61,5580341.625,1.64,99.8,54.4
411,-18667.49,6748930.625,1.55,100.0,54.4
412,-17846.14,5752177.0,1.53,100.0,54.3
413,-19745.6,7119763.875,1.61,100.0,54.4
414,-18143.21,5567754.875,1.61,100.0,54.4
415,-17239.73,5652006.875,1.49,100.0,54.4
416,-17805.46,6388351.375,1.5,100.0,54.4
417,-19188.22,7000775.375,1.54,100.0,54.5
418,-19962.03,7067215.75,1.61,100.0,54.5
419,-17734.07,5458920.5,1.59,100.0,54.5
420,-18648.97,6884588.5,1.54,100.0,54.6
421,-19050.84,6869398.5,1.53,100.0,54.6
422,-18275.82,5611841.625,1.56,100.0,54.6
423,-18239.71,6450276.25,1.6,99.9,54.2
424,-19569.19,6643200.5,1.72,99.4,53.9
425,-18488.32,5900386.25,1.6,100.0,54.0
426,-19069.67,6433385.0,1.54,100.0,54.1
427,-17351.33,5206056.375,1.59,100.0,53.9
428,-18169.45,5836031.875,1.62,97.0,53.7
429,-18157.1,5873817.125,1.57,100.0,53.7
430,-18749.83,5386506.75,1.54,100.0,53.8
431,-19328.9,5759555.875,1.59,100.0,53.9
432,-19549.69,7385091.375,1.61,100.0,53.8
433,-19317.63,5685346.75,1.61,99.9,53.8
434,-17981.02,5958851.625,1.54,100.0,53.9
435,-17852.04,5364678.875,1.53,100.0,54.0
436,-17919.82,5157628.25,1.55,100.0,54.1
437,-17461.14,4637529.375,1.55,100.0,53.9
438,-17553.51,4964091.625,1.61,100.0,53.8
439,-19152.17,4923187.5,1.67,100.0,53.9
440,-18426.36,5679407.375,1.56,100.0,53.9
441,-17565.63,5081995.625,1.57,100.0,54.1
442,-18561.4,4966758.375,1.65,100.0,54.0
443,-18980.83,5004844.875,1.65,100.0,53.4
444,-18200.4,4510987.375,1.56,100.0,53.4
445,-18411.85,5238930.875,1.51,100.0,53.5
446,-19935.27,6016128.125,1.59,100.0,53.6
447,-17910.66,5007358.875,1.55,100.0,53.6
448,-18192.7,5159608.875,1.51,100.0,53.7
449,-18050.5,5334310.125,1.53,100.0,53.6
450,-17781.18,4819527.5,1.51,100.0,53.6
451,-17820.65,4198798.5,1.55,100.0,53.8
452,-19917.16,5334714.625,1.61,100.0,53.8
453,-19822.24,5932345.375,1.56,100.0,53.8
454,-17960.28,4116276.5625,1.64,100.0,53.8
455,-19839.33,5794123.375,1.64,100.0,53.8
456,-18251.91,4124902.0,1.59,100.0,53.8
457,-18057.87,4718269.0,1.56,100.0,53.9
458,-19057.91,5805786.625,1.57,100.0,53.8
459,-20081.73,5385415.75,1.67,99.7,53.9
460,-19170.58,4752092.75,1.61,100.0,53.9
461,-19418.07,4638200.5,1.58,100.0,53.8
462,-18566.96,4708717.375,1.6,100.0,53.7
463,-18639.6,4972287.125,1.62,100.0,53.7
464,-19789.97,5026365.625,1.64,100.0,53.8
465,-18802.56,4867647.125,1.58,100.0,53.9
466,-18641.79,4299942.0,1.69,100.0,53.9
467,-18799.96,4210405.0,1.69,100.0,53.9
468,-17216.59,3909676.75,1.55,100.0,53.9
469,-18977.96,4501343.625,1.65,100.0,53.9
470,-18200.45,4423614.75,1.62,100.0,53.9
471,-16781.46,3601057.25,1.55,100.0,54.0
472,-17653.32,3348327.6875,1.53,100.0,54.0
473,-18739.69,4330019.75,1.54,100.0,54.0
474,-18022.68,3767985.5,1.54,100.0,54.1
475,-18248.51,3749049.75,1.61,100.0,54.2
476,-17931.28,4249371.625,1.57,100.0,54.3
477,-18061.56,4555860.375,1.53,100.0,54.3
478,-18493.08,4225435.875,1.53,100.0,54.3
479,-19144.04,4138362.125,1.55,100.0,54.3
480,-18165.62,4544765.375,1.46,100.0,54.2
481,-18614.28,3468736.125,1.56,100.0,54.2
482,-18087.59,3488146.75,1.61,100.0,54.0
483,-18204.04,3060971.3125,1.64,100.0,54.1
484,-19441.58,4237780.625,1.65,100.0,54.1
485,-19163.67,3502958.0,1.63,100.0,54.0
486,-18483.01,3103948.1875,1.66,100.0,54.1
487,-18663.19,4247099.625,1.62,90.1,54.1
488,-19150.3,3188914.125,1.62,100.0,54.1
489,-17473.22,3507772.8125,1.5,100.0,54.2
490,-18784.5,3045385.0,1.59,100.0,54.1
491,-19695.5,3918242.5,1.63,98.9,54.1
492,-18316.84,2892597.6875,1.58,100.0,54.2
493,-18360.89,3059891.875,1.61,100.0,54.2
494,-18899.4,3892270.75,1.58,100.0,54.3
495,-17896.57,3372091.375,1.61,100.0,54.2
496,-18521.7,3525783.8125,1.6,99.8,54.1
497,-18994.01,3823385.5,1.56,100.0,54.1
498,-18405.9,3066823.9375,1.55,100.0,54.2
499,-18133.05,2868922.0625,1.6,100.0,54.3
500,-18509.5,3409406.75,1.61,100.0,54.3
501,-18335.15,3440534.9375,1.61,100.0,54.2
502,-18869.17,2453669.3125,1.64,100.0,54.2
503,-18409.33,3207976.9375,1.58,100.0,54.3
504,-19697.67,3759042.625,1.57,100.0,54.3
505,-17584.87,2805882.5625,1.51,100.0,54.4
506,-18955.64,3645155.1875,1.54,100.0,54.4
507,-17980.12,2808181.875,1.5,100.0,54.3
508,-18261.13,2259293.625,1.5,100.0,54.3
509,-19145.76,3756555.6875,1.5,100.0,54.4
510,-18439.96,3298499.875,1.56,100.0,54.4
511,-19549.89,3066070.375,1.62,100.0,54.5
512,-18408.93,2671219.8125,1.56,100.0,54.4
513,-19509.16,2454386.9375,1.61,100.0,54.4
514,-18066.29,2724365.0625,1.55,100.0,54.5
515,-17694.53,2260088.3125,1.58,100.0,54.6
516,-19043.38,2753013.125,1.67,100.0,54.6
517,-19023.61,2705686.5625,1.59,100.0,54.6
518,-17936.11,2918659.1875,1.53,100.0,54.6
519,-18567.68,2837418.8125,1.62,100.0,54.7
520,-17321.93,1839590.0,1.63,98.7,54.9
521,-18407.2,2432752.75,1.54,100.0,54.9
522,-18083.62,1879734.5938,1.56,100.0,54.9
523,-18514.56,2718915.3125,1.56,100.0,54.8
524,-17809.65,2061211.4062,1.6,100.0,54.7
525,-17596.44,1960828.0,1.6,100.0,54.9
526,-18617.12,2631766.5,1.59,100.0,54.9
527,-19606.86,3487850.625,1.56,100.0,54.9
528,-18686.79,2537207.625,1.56,100.0,54.9
529,-18608.94,1605012.5938,1.57,100.0,54.9
530,-17938.32,2114060.9375,1.52,100.0,55.0
531,-17629.72,2025575.625,1.51,100.0,55.0
532,-17927.92,1832227.0625,1.51,100.0,55.0
533,-18901.9,1933264.4375,1.61,100.0,55.1
534,-20223.96,2217691.375,1.69,100.0,55.1
535,-18229.23,2049321.6562,1.55,100.0,55.1
536,-19185.52,1568946.1875,1.59,100.0,55.1
537,-17404.82,1823342.2812,1.52,99.8,55.2
538,-19764.4,2180793.3125,1.64,100.0,55.1
539,-18478.24,1717187.0,1.59,100.0,55.2
540,-17273.8,1509496.2188,1.54,100.0,55.2
541,-19291.73,1588988.6875,1.69,100.0,55.2
542,-18108.9,2061405.5,1.56,99.1,55.3
543,-17808.53,1346808.0938,1.59,100.0,55.2
544,-19294.93,1902426.3438,1.58,100.0,55.3
545,-17909.45,1732763.2812,1.54,100.0,55.4
546,-18508.17,1661701.5312,1.51,100.0,55.4
547,-19047.45,1730153.2812,1.63,100.0,55.4
548,-18472.19,1831777.0312,1.62,100.0,55.5
549,-18717.01,1397069.5938,1.59,99.9,55.5
550,-18678.2,1496910.0938,1.6,100.0,54.9
551,-18842.3,1494903.5,1.68,100.0,54.9
552,-17980.06,1372000.375,1.61,100.0,55.0
553,-18325.4,1791255.5,1.57,100.0,55.1
554,-18089.01,1530521.8438,1.56,100.0,55.1
555,-17745.7,1109292.2812,1.57,100.0,55.1
556,-18920.85,1391029.125,1.64,100.0,55.1
557,-18262.79,1447391.4688,1.64,100.0,55.2
558,-19510.53,1617749.9688,1.65,100.0,55.2
559,-17547.95,1127173.2812,1.48,100.0,55.2
560,-18163.7,1539309.25,1.58,100.0,55.2
561,-17583.01,998014.8438,1.63,100.0,55.2
562,-17941.93,1165844.9375,1.54,100.0,55.3
563,-17968.85,1369274.4062,1.47,100.0,55.3
564,-17642.21,794346.1875,1.56,100.0,55.3
565,-19720.28,1335800.375,1.66,100.0,55.3
566,-17152.12,934046.9688,1.61,98.3,55.4
567,-18066.11,992480.8281,1.55,99.9,55.5
568,-17654.15,595451.8438,1.52,100.0,55.6
569,-19473.93,1206436.0938,1.6,100.0,55.4
570,-18551.64,1083162.6875,1.59,100.0,55.4
571,-17870.92,1196661.875,1.59,100.0,55.4
572,-20005.01,1215056.6562,1.63,100.0,55.5
573,-19970.2,1261952.0938,1.65,100.0,55.6
574,-19004.26,1332589.9375,1.59,100.0,55.6
575,-17835.2,1173773.8125,1.59,100.0,55.6
576,-18274.23,854836.5625,1.56,100.0,55.7
577,-16833.33,708096.75,1.61,100.0,55.7
578,-18956.86,1332012.5625,1.56,100.0,55.7
579,-18408.64,926733.4375,1.59,100.0,55.5
580,-17321.06,836779.2812,1.55,100.0,55.5
581,-18114.51,733707.5781,1.56,100.0,55.5
582,-18003.99,742475.2656,1.51,100.0,55.5
583,-18318.45,1222667.5625,1.52,100.0,55.6
584,-18966.76,731323.5,1.6,100.0,55.6
585,-18028.61,736793.5156,1.58,100.0,55.7
586,-18234.74,1077896.5625,1.49,100.0,55.7
587,-18363.89,870382.0312,1.52,100.0,55.7
588,-17929.08,486449.0156,1.59,100.0,55.7
589,-18315.09,716108.625,1.62,100.0,55.8
590,-17937.21,797348.1094,1.52,100.0,55.8
591,-18227.07,673808.7188,1.54,100.0,55.9
592,-18018.86,478457.2422,1.49,100.0,55.8
593,-19720.73,1084341.4062,1.6,100.0,55.9
594,-18739.94,1134682.4062,1.64,100.0,55.9
595,-18960.37,1093288.1875,1.58,100.0,56.0
596,-18370.28,766832.2969,1.69,100.0,56.8
597,-17458.23,345384.8281,1.63,88.1,56.5
598,-18990.47,424755.8984,1.6,100.0,56.5
599,-17512.85,371315.4219,1.52,100.0,56.4
600,-18185.88,567073.1406,1.56,100.0,56.5
601,-16948.82,343255.5703,1.55,100.0,56.3
602,-18704.04,651634.0,1.6,100.0,56.3
603,-18558.46,511920.1328,1.54,100.0,56.3
604,-18256.27,392386.7422,1.51,100.0,56.4
605,-18355.27,667871.8125,1.56,100.0,56.5
606,-18719.26,410727.6172,1.59,100.0,56.6
607,-19038.26,265510.3359,1.67,100.0,56.4
608,-17944.45,573951.7969,1.56,100.0,56.5
609,-17954.64,374463.0938,1.57,100.0,56.5
610,-18584.82,901435.4375,1.65,100.0,56.6
611,-17604.62,849534.1094,1.57,100.0,56.6
612,-18298.94,247798.2773,1.6,100.0,56.5
613,-18240.21,963482.1719,1.55,100.0,56.5
614,-18070.62,737361.9219,1.53,100.0,56.6
615,-19851.39,369238.0391,1.57,99.9,56.6
616,-17931.04,574365.8125,1.58,100.0,56.7
617,-17564.05,667768.0938,1.52,100.0,56.5
618,-17957.91,544236.25,1.49,100.0,56.5
619,-19371.41,1272809.25,1.59,100.0,56.6
620,-18537.69,1152333.9062,1.55,99.8,56.4
621,-19690.73,506887.1797,1.57,100.0,56.5
622,-19014.5,759848.2344,1.54,100.0,56.5
623,-17516.25,316557.0078,1.53,100.0,56.5
624,-20042.16,499500.8281,1.7,100.0,56.3
625,-18565.62,315525.3828,1.62,100.0,56.1
626,-17568.34,390757.3594,1.56,100.0,56.1
627,-18118.25,574343.3281,1.59,100.0,56.2
628,-17845.49,486468.2188,1.6,100.0,56.2
629,-18313.23,346503.1641,1.55,100.0,56.3
630,-17821.92,665191.1875,1.6,100.0,56.2
631,-17181.04,539029.6875,1.61,100.0,56.2
632,-17544.99,922688.1562,1.59,100.0,56.2
633,-18692.19,430210.0625,1.61,100.0,56.3
634,-18481.79,370742.2812,1.55,100.0,56.2
635,-18046.13,449939.8516,1.55,100.0,56.3
636,-18738.25,544691.2031,1.57,100.0,56.3
637,-18947.88,564524.875,1.58,100.0,56.4
638,-17638.26,512381.1797,1.55,100.0,56.4
639,-17928.31,506348.9453,1.49,100.0,56.3
640,-17654.63,340742.1875,1.52,100.0,56.3
641,-19342.46,363406.3672,1.61,100.0,56.4
642,-18353.1,281442.5703,1.59,100.0,56.4
643,-19207.78,472429.8125,1.57,100.0,56.5
644,-19691.14,467538.5625,1.66,100.0,56.5
645,-18189.36,325233.5234,1.6,100.0,56.4
646,-18662.0,529462.7344,1.64,98.2,56.2
647,-19486.81,370933.8359,1.64,99.3,56.2
648,-19700.42,365879.8516,1.61,99.2,56.2
649,-17685.86,428280.0547,1.5,100.0,56.1
650,-20245.23,500697.4766,1.62,100.0,56.2
651,-17726.88,802174.9375,1.62,100.0,56.4
652,-18702.77,255105.1992,1.61,100.0,56.5
653,-18038.3,463473.0391,1.57,100.0,56.5
654,-17817.43,857658.6406,1.54,100.0,56.4
655,-17808.6,558956.75,1.58,100.0,56.4
656,-18405.25,234159.8711,1.61,100.0,56.5
657,-17951.02,920601.4531,1.68,100.0,56.5
658,-17900.35,299013.3125,1.54,100.0,56.8
659,-18888.57,341342.9297,1.65,100.0,56.8
660,-18277.39,328457.2109,1.64,93.9,56.6
661,-18447.57,532649.0312,1.57,98.8,56.6
662,-18644.7,396291.7031,1.53,100.0,56.6
663,-17567.9,535675.1406,1.53,100.0,56.7
664,-19229.41,276269.4219,1.61,100.0,56.7
665,-17844.73,630698.875,1.61,100.0,56.8
666,-19471.17,334457.8672,1.52,100.0,56.7
667,-18174.42,226208.7031,1.51,100.0,56.7
668,-18304.71,784106.1719,1.55,100.0,56.7
669,-19029.86,568208.4688,1.54,100.0,56.8
670,-16930.54,491936.0,1.48,100.0,56.9
671,-18515.15,397294.9219,1.55,100.0,56.8
672,-19206.58,403410.3359,1.53,100.0,56.7
673,-18610.44,380242.5781,1.51,100.0,56.7
674,-17399.59,577054.4375,1.51,100.0,56.8
675,-18373.99,390165.3281,1.56,100.0,56.8
676,-18375.86,262709.5352,1.63,100.0,56.8
677,-18731.13,231418.2617,1.66,100.0,56.5
678,-19233.92,210913.1406,1.69,98.0,56.5
679,-19353.15,125246.9922,1.61,100.0,55.9
680,-18867.42,703241.4062,1.56,100.0,56.0
681,-17935.46,220467.0234,1.52,100.0,55.8
682,-18609.94,275697.0547,1.68,100.0,55.8
683,-18776.61,86765.9766,1.61,99.6,55.9
684,-19265.79,629006.9844,1.57,100.0,55.9
685,-20013.24,393988.4297,1.57,100.0,56.0
686,-17706.73,654218.2812,1.58,100.0,56.0
687,-17918.31,437166.9922,1.57,100.0,56.0
688,-17410.13,709988.0625,1.52,100.0,56.1
689,-16983.13,427132.2266,1.53,100.0,56.0
690,-18209.24,492118.7812,1.65,100.0,56.1
691,-18262.26,220099.7383,1.6,97.2,56.3
692,-17731.38,84058.9512,1.63,99.9,56.3
693,-19642.74,282729.4141,1.59,100.0,56.3
694,-19549.9,223100.0469,1.64,100.0,56.4
695,-18077.04,323562.4219,1.57,100.0,56.3
696,-18383.89,631648.4062,1.6,100.0,56.4
697,-18442.72,535050.8438,1.52,100.0,56.4
698,-18378.86,791925.2969,1.66,100.0,56.4
699,-19428.55,201395.3555,1.62,100.0,56.5
700,-18818.31,309753.2812,1.59,99.9,56.7
701,-17140.29,399388.2188,1.53,100.0,56.8
702,-18930.44,384907.8828,1.51,100.0,56.6
703,-18206.45,306111.3906,1.51,100.0,56.6
704,-18910.87,308451.75,1.57,100.0,56.7
705,-17688.43,433255.0547,1.55,100.0,56.7
706,-19142.2,275422.8125,1.62,100.0,56.9
707,-18524.89,140170.7773,1.55,100.0,56.8
708,-17700.62,188562.6484,1.53,100.0,56.8
709,-18539.06,112705.207,1.52,100.0,56.9
710,-17498.43,168744.5625,1.52,99.9,56.9
711,-18124.77,164383.3125,1.54,99.7,57.1
712,-19430.23,297147.5547,1.57,99.8,57.1
713,-17882.6,163790.8633,1.53,100.0,57.0
714,-19759.79,171271.707,1.68,100.0,56.9
715,-19560.11,218379.793,1.64,100.0,57.0
716,-17399.3,262721.1055,1.53,100.0,57.0
717,-18240.61,189752.0039,1.62,100.0,57.0
718,-17835.78,236553.9375,1.67,99.9,57.1
719,-17760.11,124392.2871,1.59,98.5,56.8
720,-18480.87,427383.9922,1.55,100.0,56.8
721,-19045.53,267691.4766,1.56,100.0,56.9
722,-18865.8,251466.2266,1.72,100.0,56.7
723,-19139.74,541226.0938,1.65,99.5,57.1
724,-17626.93,195964.6484,1.52,100.0,57.0
725,-17332.69,473203.2031,1.53,100.0,57.0
726,-18182.72,447899.5625,1.57,100.0,57.1
727,-18936.4,113615.1172,1.57,100.0,57.1
728,-18836.96,66513.2236,1.59,100.0,57.1
729,-18114.5,199130.3945,1.52,100.0,57.1
730,-19652.27,193671.2969,1.75,100.0,57.2
731,-17365.69,43429.7871,1.65,100.0,57.2
732,-17425.85,85078.6699,1.61,100.0,57.3
733,-17767.43,280355.3047,1.54,100.0,57.4
734,-18294.13,80975.3398,1.58,100.0,57.3
735,-18539.96,260600.8594,1.58,100.0,57.4
736,-18992.38,260612.3359,1.71,100.0,57.5
737,-19112.68,147002.5938,1.6,100.0,57.5
738,-16907.26,120077.5078,1.49,100.0,57.5
739,-18761.54,175263.9141,1.6,100.0,57.5
740,-17846.87,369613.8594,1.55,100.0,57.6
741,-18672.4,338749.1016,1.53,100.0,57.7
742,-16849.28,112460.0176,1.49,100.0,57.7
743,-18131.48,314267.8906,1.53,100.0,57.8
744,-17257.95,105501.7285,1.5,100.0,57.8
745,-19037.84,629287.8281,1.51,100.0,57.8
746,-18363.03,479746.3594,1.54,100.0,57.8
747,-17664.69,95782.3105,1.56,100.0,57.8
748,-19086.1,68970.668,1.66,100.0,57.9
749,-18490.27,491290.5078,1.58,100.0,58.0
750,-17958.6,108152.1953,1.54,100.0,58.0
751,-18088.75,242989.1562,1.62,99.9,58.2
752,-19135.37,143582.9375,1.63,99.8,58.2
753,-18438.29,150353.5117,1.54,100.0,58.2
754,-18851.98,314800.8359,1.56,100.0,58.3
755,-18181.38,170566.5938,1.6,100.0,58.2
756,-17961.9,553214.7969,1.57,100.0,58.4
757,-19359.1,48930.1436,1.64,100.0,58.4
758,-20380.76,190139.6797,1.67,100.0,58.4
759,-17087.25,226117.4648,1.53,100.0,58.5
760,-18220.76,41202.0303,1.67,100.0,58.6
761,-18987.02,110747.7617,1.65,100.0,58.8
762,-19024.79,62839.8496,1.62,100.0,58.7
763,-19167.26,469392.6797,1.56,100.0,58.7
764,-18130.08,119563.4883,1.59,100.0,58.5
765,-20354.42,156874.8555,1.62,100.0,58.7
766,-19540.93,157891.0859,1.58,100.0,58.1
767,-18749.43,89917.6016,1.58,100.0,58.0
768,-18948.6,288195.5391,1.62,100.0,58.0
769,-18403.13,308027.7812,1.61,100.0,58.1
770,-18884.88,490881.3906,1.54,100.0,58.2
771,-18431.44,181441.5859,1.55,100.0,58.2
772,-18362.96,198402.0156,1.58,100.0,57.7
773,-20032.53,134410.5137,1.67,100.0,57.8
774,-18787.36,69251.4492,1.69,100.0,57.8
775,-18308.98,215565.4648,1.63,100.0,57.9
776,-18948.96,70759.6592,1.59,100.0,57.8
777,-17970.36,253099.9609,1.52,100.0,57.8
778,-17584.92,227236.1328,1.52,100.0,57.8
779,-19114.64,112720.2285,1.48,100.0,57.8
780,-17592.83,454358.6172,1.49,100.0,57.8
781,-18389.59,148572.7461,1.58,100.0,57.8
782,-18046.17,281717.1797,1.57,100.0,57.9
783,-18641.38,198338.9609,1.55,100.0,57.9
784,-17559.51,71401.6855,1.5,100.0,58.0
785,-17938.96,41030.8125,1.52,100.0,58.1
786,-17253.3,176701.918,1.61,100.0,57.8
787,-19055.53,48923.5039,1.63,100.0,57.7
788,-18478.96,198190.0508,1.59,100.0,57.8
789,-17645.59,168553.9609,1.54,100.0,57.9
790,-17631.12,87848.3867,1.61,99.8,58.2
791,-19798.54,235236.8008,1.68,92.3,58.2
792,-18793.36,184002.957,1.59,100.0,58.0
793,-19527.1,189682.6211,1.62,100.0,58.1
794,-18780.07,221467.7695,1.6,100.0,58.2
795,-17972.72,313613.6953,1.64,98.8,58.5
796,-17301.74,153409.8867,1.53,100.0,58.4
797,-19398.08,61499.1377,1.57,100.0,58.2
798,-17912.76,71485.3418,1.56,100.0,58.3
799,-18260.52,153552.1055,1.64,100.0,58.4
800,-17374.92,49616.3662,1.65,100.0,58.6
801,-17853.64,233135.1523,1.49,100.0,58.6
802,-17157.24,286913.0156,1.62,100.0,58.5
803,-18812.73,96349.7988,1.63,100.0,58.5
804,-18062.04,147492.7344,1.62,99.7,58.5
805,-19416.03,80330.2812,1.58,100.0,58.6
806,-18643.33,204590.5469,1.49,100.0,58.6
807,-18992.35,45560.1631,1.65,100.0,58.7
808,-17774.34,46947.5371,1.57,100.0,58.7
809,-18677.67,242735.125,1.58,100.0,58.7
810,-17321.15,292269.4297,1.48,100.0,58.7
811,-19031.62,222482.7617,1.61,100.0,58.7
812,-18648.16,65864.8242,1.56,100.0,58.8
813,-18760.36,158684.9023,1.64,100.0,58.9
814,-18834.56,36351.9502,1.54,100.0,58.9
815,-18368.92,117744.1621,1.59,100.0,58.9
816,-17686.39,129829.5273,1.58,100.0,58.6
817,-19703.78,78780.8516,1.64,100.0,58.6
818,-18894.81,238536.9141,1.55,100.0,58.7
819,-18177.11,91779.0117,1.59,99.9,58.8
820,-17450.57,207855.8203,1.56,100.0,59.0
821,-18335.04,127083.0312,1.5,100.0,58.5
822,-17322.53,88859.6465,1.51,100.0,58.6
823,-18013.6,35388.4385,1.6,100.0,58.7
824,-20027.17,235640.7461,1.69,98.9,58.4
825,-17003.05,47214.8271,1.55,100.0,58.4
826,-18781.75,47788.3145,1.55,100.0,58.4
827,-17418.82,158630.4805,1.54,100.0,58.4
828,-18060.0,72678.7969,1.58,100.0,58.5
829,-18730.92,377492.7578,1.53,100.0,58.5
830,-18258.3,37230.8374,1.53,100.0,58.5
831,-18101.58,41379.4277,1.51,100.0,58.5
832,-18661.56,209057.2227,1.55,100.0,58.6
833,-17933.12,115611.5859,1.51,100.0,58.6
834,-19110.59,80885.8047,1.6,100.0,58.7
835,-17811.5,83338.8262,1.59,100.0,58.7
836,-18046.67,211101.7188,1.57,100.0,58.7
837,-18557.19,50403.2139,1.66,100.0,58.8
838,-18038.32,34492.5938,1.61,100.0,58.8
839,-19023.36,146163.0859,1.64,97.5,59.0
840,-18471.27,81811.1641,1.56,98.6,58.8
841,-17651.36,78650.7734,1.55,100.0,58.8
842,-17847.79,157404.0156,1.56,100.0,58.9
843,-19787.23,33888.7031,1.67,100.0,58.8
844,-17141.59,173540.2227,1.53,100.0,59.0
845,-17910.46,135587.7617,1.54,100.0,58.9
846,-18645.71,113783.8066,1.54,100.0,58.7
847,-18318.75,49083.5645,1.65,100.0,58.7
848,-18516.18,147542.3516,1.56,100.0,58.8
849,-18530.5,98448.9785,1.62,100.0,58.9
850,-18105.98,46900.502,1.53,100.0,58.9
851,-18552.31,41640.9893,1.69,100.0,58.8
852,-19220.78,151728.5078,1.64,100.0,58.9
853,-19590.26,101621.6934,1.62,100.0,58.9
854,-17516.71,173837.2617,1.54,100.0,59.0
855,-18321.55,143198.2891,1.57,100.0,59.0
856,-18868.3,52716.0654,1.64,100.0,59.0
857,-17780.52,88490.5039,1.52,100.0,59.1
858,-17949.7,89366.5273,1.61,100.0,59.1
859,-18341.8,134368.3477,1.54,100.0,59.2
860,-18084.74,182083.9609,1.53,100.0,59.1
861,-19062.98,34360.7847,1.53,100.0,58.7
862,-19861.12,123589.0332,1.59,100.0,58.8
863,-19469.45,45215.9189,1.6,100.0,58.8
864,-18796.09,66186.751,1.55,100.0,58.9
865,-18523.95,184297.0117,1.6,100.0,58.9
866,-18591.08,107094.1289,1.68,100.0,59.0
867,-19133.78,59591.3652,1.61,96.7,59.3
868,-17145.13,237288.9023,1.55,98.6,59.5
869,-17422.33,50709.4092,1.53,100.0,59.6
870,-18301.75,244396.8867,1.58,100.0,59.6
871,-17545.41,187181.0898,1.52,100.0,59.5
872,-18188.3,30893.4751,1.61,100.0,59.6
873,-17758.9,18515.3472,1.54,100.0,59.7
874,-18078.26,199965.5703,1.53,100.0,60.0
875,-18423.29,43370.1123,1.57,100.0,60.0
876,-19034.81,140495.0469,1.6,100.0,60.0
877,-20172.24,445198.4375,1.59,100.0,60.2
878,-19333.25,110185.7812,1.56,100.0,60.6
879,-18472.07,235110.082,1.48,99.0,60.8
880,-18206.39,89225.5371,1.54,100.0,61.4
881,-17857.75,111961.3477,1.61,100.0,61.5
882,-17534.53,38213.8345,1.62,100.0,61.5
883,-19190.01,78144.0801,1.53,100.0,61.5
884,-17709.85,29981.5864,1.58,100.0,61.7
885,-18559.9,70872.1777,1.58,99.6,61.6
886,-18291.96,226475.5156,1.6,100.0,61.6
887,-18460.77,72307.2715,1.52,100.0,61.7
888,-18814.92,44123.334,1.64,100.0,61.0
889,-18334.45,88904.373,1.58,100.0,61.2
890,-18416.9,90736.1348,1.66,100.0,61.1
891,-17489.06,48974.5615,1.56,100.0,61.2
892,-17825.86,75593.8867,1.58,100.0,61.1
893,-18339.83,17183.0583,1.57,96.6,61.2
894,-18147.12,65569.6836,1.53,100.0,61.2
895,-18267.64,85294.1465,1.53,100.0,61.1
896,-17943.54,126486.1406,1.61,100.0,61.2
897,-18321.28,128796.9785,1.61,100.0,61.2
898,-18361.43,21703.4941,1.56,100.0,60.8
899,-18339.86,50100.415,1.61,100.0,61.0
900,-18575.84,45298.9473,1.51,100.0,61.0
901,-19394.03,63003.4668,1.64,100.0,61.1
902,-18069.65,63321.4912,1.65,100.0,61.2
903,-18900.27,39856.0566,1.69,100.0,61.3
904,-17910.77,103760.5664,1.57,100.0,61.4
905,-18897.32,171929.8359,1.58,100.0,61.6
906,-19045.27,144795.6133,1.59,100.0,61.7
907,-18035.12,92694.3809,1.55,100.0,61.5
908,-18371.59,24979.9688,1.54,100.0,61.4
909,-17386.01,129947.0234,1.51,100.0,61.5
910,-18931.74,162988.707,1.54,100.0,61.5
911,-20558.35,120608.5664,1.63,100.0,61.6
912,-18778.74,58953.0146,1.5,100.0,61.5
913,-20146.55,146880.1836,1.61,100.0,61.9
914,-19373.8,71547.6836,1.57,100.0,61.8
915,-18894.53,49273.3916,1.64,100.0,61.8
916,-18605.24,33535.3335,1.61,100.0,61.8
917,-18047.21,143328.7031,1.62,100.0,61.7
918,-19643.48,29388.5303,1.71,99.8,61.4
919,-17646.96,29314.6792,1.57,100.0,61.3
920,-19355.95,81263.3047,1.55,100.0,60.8
921,-18592.33,78412.0039,1.66,100.0,60.9
922,-18661.58,164171.9414,1.68,100.0,60.7
923,-19068.91,102473.334,1.58,100.0,60.6
924,-18038.38,117484.4375,1.59,100.0,60.6
925,-19584.33,48412.125,1.56,100.0,60.6
926,-17705.42,110083.8887,1.46,100.0,60.6
927,-18206.46,49781.8291,1.54,100.0,60.7
928,-17517.61,50362.5684,1.5,100.0,60.8
929,-18313.49,27179.9751,1.51,100.0,59.8
930,-18949.86,55120.7998,1.55,100.0,59.7
931,-18143.18,25155.7568,1.56,100.0,59.8
932,-18710.92,24936.2544,1.59,100.0,59.7
933,-18210.26,116938.4199,1.56,100.0,59.9
934,-18197.63,92934.6387,1.58,100.0,59.8
935,-19092.64,108542.5742,1.58,100.0,59.9
936,-17664.68,101042.8652,1.52,100.0,59.9
937,-17889.93,54316.5547,1.62,100.0,60.0
938,-17863.86,51151.2256,1.57,96.7,60.1
939,-18345.96,151235.1836,1.63,100.0,60.1
940,-18920.8,90598.4512,1.59,100.0,60.1
941,-17505.47,48801.9336,1.53,100.0,60.1
942,-18807.65,76048.6328,1.6,100.0,60.2
943,-18892.82,43597.624,1.61,100.0,60.2
944,-17926.72,94010.6836,1.51,100.0,60.7
945,-18555.05,71191.0996,1.54,100.0,60.7
946,-18219.9,210007.7109,1.54,100.0,60.7
947,-19170.94,79563.8223,1.68,100.0,60.7
948,-18004.71,29140.1343,1.53,100.0,60.8
949,-19709.8,102933.7148,1.56,100.0,60.8
950,-17734.87,81521.3281,1.55,100.0,60.8
951,-17707.8,176797.3672,1.5,100.0,60.8
952,-18231.28,106521.2539,1.5,100.0,60.8
953,-17569.88,213128.2422,1.53,100.0,60.9
954,-18685.39,140139.8086,1.7,99.9,60.7
955,-18471.44,40441.4307,1.6,99.9,60.4
956,-18462.43,59778.3633,1.53,100.0,60.3
957,-17480.04,60026.29,1.62,99.5,60.2
958,-17823.67,65060.7168,1.58,98.3,60.2
959,-17629.66,52775.9336,1.58,100.0,60.3
960,-18475.24,177618.1289,1.52,100.0,60.3
961,-17384.14,56135.2354,1.56,100.0,60.2
962,-18936.09,40371.5947,1.63,100.0,60.2
963,-18589.1,92134.8789,1.59,100.0,60.2
964,-17197.92,120258.4941,1.53,100.0,60.2
965,-18655.57,70811.8066,1.57,100.0,60.3
966,-19516.44,157840.5195,1.62,99.6,60.2
967,-19951.4,118492.6465,1.58,100.0,60.2
968,-18859.39,31627.7607,1.58,100.0,60.2
969,-17980.38,190196.9297,1.58,100.0,60.3
970,-17592.42,52088.8672,1.54,100.0,60.3
971,-19965.46,124167.8613,1.65,100.0,60.4
972,-18147.93,58169.0576,1.45,99.6,60.3
973,-17803.67,47342.0635,1.57,98.3,60.4
974,-19238.75,43168.3789,1.57,100.0,60.4
975,-17627.85,36987.0762,1.48,100.0,60.1
976,-18684.28,90285.5195,1.57,100.0,60.1
977,-18706.58,39625.8447,1.57,100.0,59.9
978,-19480.59,71076.8408,1.61,100.0,59.9
979,-18283.96,26842.2939,1.6,100.0,60.0
980,-17921.62,78243.1641,1.63,100.0,60.0
981,-17893.03,25136.6523,1.68,98.1,60.2
982,-18457.86,101525.3066,1.58,99.5,60.2
983,-17962.78,60450.1123,1.55,100.0,60.3
984,-18070.25,62993.3975,1.55,100.0,60.2
985,-18163.38,101622.6309,1.55,100.0,60.2
986,-17459.35,39000.8965,1.56,100.0,60.3
987,-18404.67,47842.0078,1.57,100.0,60.4
988,-18501.21,71025.5684,1.58,100.0,60.4
989,-18704.23,60156.459,1.59,100.0,60.4
990,-17931.18,21339.6396,1.56,100.0,60.4
991,-17562.15,67315.2305,1.51,100.0,60.5
992,-19205.38,121445.1367,1.58,100.0,60.6
993,-19011.96,126305.9414,1.6,100.0,60.6
994,-18207.29,47673.4219,1.71,98.7,60.8
995,-17705.8,45202.7275,1.55,100.0,60.8
996,-18650.88,72523.1328,1.6,100.0,60.9
997,-18237.69,71586.9824,1.54,98.5,61.1
998,-17665.09,123524.6113,1.55,100.0,61.1
999,-18071.44,27066.0874,1.51,100.0,61.1
1000,-18983.66,65796.7393,1.52,100.0,61.2
1001,-18129.61,59260.9209,1.56,99.4,61.2
1002,-19556.42,74145.4648,1.61,100.0,61.3
1003,-18417.0,110819.7031,1.52,100.0,61.3
1004,-18621.7,42271.5859,1.56,100.0,60.8
1005,-19511.84,81279.0371,1.63,100.0,60.9
1006,-18386.48,56493.4014,1.55,100.0,60.9
1007,-19770.62,86911.1914,1.6,100.0,60.9
1008,-19029.39,67662.125,1.6,100.0,61.0
1009,-17584.66,52895.877,1.67,100.0,61.2
1010,-18123.22,57991.9385,1.68,99.0,61.3
1011,-19174.56,24256.0469,1.66,100.0,61.5
1012,-17863.95,106435.502,1.52,100.0,61.2
1013,-18555.61,129389.3418,1.56,100.0,61.2
1014,-17890.9,90052.8477,1.6,100.0,61.2
1015,-19686.31,75586.0586,1.62,100.0,61.2
1016,-18081.43,18031.1948,1.6,100.0,61.3
1017,-18365.08,77494.8809,1.64,100.0,61.3
1018,-20076.96,93240.5566,1.71,100.0,61.1
1019,-17932.52,59161.1328,1.58,98.7,61.3
1020,-18521.76,63068.6084,1.56,100.0,61.3
1021,-18611.07,18014.9231,1.57,100.0,61.3
1022,-17729.05,67288.377,1.56,100.0,61.4
1023,-17781.94,9282.2847,1.53,100.0,61.3
1024,-19614.74,100719.3594,1.59,100.0,61.4
1025,-19304.67,116736.877,1.58,100.0,61.4
1026,-18383.88,77235.7168,1.57,100.0,61.5
1027,-18417.32,156442.0078,1.56,100.0,61.6
1028,-17895.8,39679.0747,1.55,100.0,61.2
1029,-16834.61,53296.6689,1.53,100.0,61.3
1030,-18971.75,26451.1904,1.6,100.0,61.3
1031,-17892.2,77599.0859,1.53,100.0,61.4
1032,-19561.35,143701.2969,1.6,100.0,61.4
1033,-18766.99,32444.9326,1.6,100.0,61.5
1034,-18369.11,59895.0596,1.54,99.0,60.9
1035,-18769.84,51935.6279,1.62,99.5,60.9
1036,-17775.55,92289.6621,1.52,100.0,61.0
1037,-19003.29,45998.5469,1.65,100.0,61.1
1038,-18190.23,25276.5811,1.54,100.0,61.1
1039,-17575.34,36881.3184,1.57,100.0,60.8
1040,-17594.03,23385.3306,1.56,100.0,60.7
1041,-17285.83,44612.5088,1.53,100.0,60.7
1042,-18222.54,51229.1445,1.59,100.0,60.8
1043,-18720.92,118405.0898,1.58,100.0,60.8
1044,-18076.6,72832.7246,1.57,100.0,60.9
1045,-18288.2,18265.9746,1.57,100.0,60.9
1046,-17752.23,43024.0742,1.57,100.0,60.9
1047,-17633.54,28521.668,1.6,100.0,61.1
1048,-17802.74,66072.9531,1.6,100.0,61.2
1049,-17980.77,18551.2048,1.51,100.0,61.2
1050,-19245.52,248234.8672,1.52,100.0,61.3
1051,-17115.8,118372.9883,1.54,100.0,61.3
1052,-18959.55,79712.7305,1.57,100.0,61.3
1053,-18372.05,34696.9365,1.51,100.0,61.3
1054,-18514.51,26027.8892,1.65,100.0,61.4
1055,-18170.36,48902.6094,1.54,100.0,61.4
1056,-19550.15,54520.625,1.56,100.0,61.4
1057,-19646.53,71181.2363,1.54,100.0,61.6
1058,-17866.63,91006.25,1.58,100.0,61.5
1059,-17788.82,121513.0039,1.59,100.0,61.6
1060,-18199.08,101044.4219,1.53,100.0,61.7
1061,-18617.15,22996.876,1.58,100.0,61.6
1062,-18182.04,48234.2148,1.56,100.0,61.6
1063,-18959.56,40467.3457,1.6,100.0,61.6
1064,-18048.65,47390.2705,1.62,100.0,61.7
1065,-18031.13,45722.4121,1.52,100.0,61.7
1066,-18159.43,32205.4663,1.54,100.0,61.8
1067,-17644.2,30507.478,1.57,100.0,61.7
1068,-18472.34,30801.6724,1.59,100.0,61.3
1069,-18427.61,41696.085,1.58,100.0,61.4
1070,-19274.44,130531.998,1.57,99.7,61.4
1071,-18346.45,34787.269,1.57,99.9,61.6
1072,-18332.84,49201.541,1.53,100.0,61.6
1073,-18761.02,58250.8281,1.56,100.0,61.6
1074,-18884.55,52977.2568,1.66,100.0,61.7
1075,-18977.05,43560.6572,1.69,99.4,61.6
1076,-19603.75,80735.7305,1.64,100.0,61.7
1077,-19216.11,78474.793,1.55,100.0,61.6
1078,-18425.05,97259.5449,1.63,100.0,61.6
1079,-18077.15,132319.9883,1.59,100.0,61.7
1080,-18879.99,19771.5576,1.53,100.0,61.7
1081,-19243.44,22126.8979,1.56,100.0,61.7
1082,-17187.04,149596.2695,1.57,100.0,61.8
1083,-19012.6,63016.5752,1.63,100.0,61.8
1084,-20199.17,97504.584,1.7,100.0,61.9
1085,-17977.92,46013.6074,1.52,100.0,62.0
1086,-18926.39,17152.4375,1.57,100.0,61.9
1087,-18823.18,41759.5684,1.55,100.0,62.0
1088,-18096.93,43744.75,1.59,100.0,61.9
1089,-19239.48,55088.1973,1.56,100.0,62.0
1090,-17750.72,95366.4707,1.58,100.0,61.5
1091,-18246.27,94290.4531,1.55,100.0,61.5
1092,-19479.68,64040.1279,1.59,100.0,61.6
1093,-18134.93,46434.1865,1.51,100.0,61.6
1094,-18428.07,41546.8535,1.53,100.0,61.7
1095,-18845.89,31331.4976,1.55,100.0,61.8
1096,-20305.81,104243.6875,1.57,100.0,61.8
1097,-19224.19,49685.9385,1.58,100.0,61.8
1098,-18275.62,49336.2061,1.57,100.0,61.9
1099,-18941.29,19169.4824,1.61,99.7,62.1
1100,-18698.45,110963.252,1.53,100.0,62.2
1101,-18272.53,115068.6387,1.54,100.0,62.1
1102,-18906.0,35277.8887,1.59,100.0,62.2
1103,-17656.13,43119.0332,1.61,99.6,62.3
1104,-17793.67,90286.2285,1.62,100.0,62.3
1105,-18292.5,47521.9619,1.56,100.0,62.4
1106,-18602.15,76845.252,1.58,100.0,62.5
1107,-18321.57,81280.9414,1.53,100.0,62.4
1108,-17639.47,49465.8047,1.49,100.0,62.6
1109,-18125.47,64763.3711,1.52,100.0,62.6
1110,-18995.22,64078.5303,1.6,100.0,62.6
1111,-18819.4,50077.3379,1.74,100.0,62.6
1112,-18454.79,10065.1985,1.55,100.0,62.6
1113,-18382.05,69636.168,1.59,100.0,62.7
1114,-18694.95,25148.2446,1.56,100.0,62.7
1115,-18916.22,26530.6333,1.58,100.0,62.7
1116,-18630.98,61624.6396,1.61,100.0,62.8
1117,-18078.64,47073.8096,1.53,100.0,62.8
1118,-17986.09,51538.6211,1.53,100.0,62.8
1119,-17798.16,59837.4443,1.59,100.0,62.9
1120,-18637.3,67645.7354,1.47,100.0,62.9
1121,-17981.34,72194.6562,1.51,100.0,62.9
1122,-19036.43,22292.4194,1.56,100.0,63.0
1123,-18947.57,23709.7412,1.57,100.0,63.1
1124,-20176.07,105196.7031,1.56,100.0,63.1
1125,-19870.1,78430.0742,1.59,100.0,63.1
1126,-18218.13,63917.7031,1.58,100.0,62.7
1127,-17840.62,96183.9414,1.69,100.0,62.8
1128,-18814.49,73635.5977,1.58,100.0,62.8
1129,-18893.33,38689.3496,1.61,100.0,62.9
1130,-18948.9,31317.0923,1.63,99.6,62.3
1131,-18530.23,48444.2236,1.57,99.5,62.3
1132,-19263.22,14281.1953,1.56,100.0,62.3
1133,-18830.94,47264.207,1.6,100.0,62.3
1134,-19870.77,82170.2305,1.63,99.9,62.3
1135,-19281.57,40119.9365,1.56,100.0,62.4
1136,-18682.98,38131.8418,1.6,100.0,61.9
1137,-19387.27,19207.6221,1.59,100.0,61.9
1138,-16734.13,192922.0742,1.55,100.0,62.0
1139,-20284.52,70133.2363,1.65,99.4,62.0
1140,-19074.91,14436.0256,1.63,98.3,62.1
1141,-18807.5,53369.3564,1.54,100.0,62.0
1142,-18467.17,80966.3633,1.54,100.0,62.1
1143,-18044.09,43143.8223,1.59,100.0,62.2
1144,-18401.8,21290.7476,1.52,100.0,62.2
1145,-19869.52,159105.9961,1.54,100.0,62.3
1146,-19230.58,74852.4453,1.54,100.0,62.2
1147,-19062.43,39974.9971,1.59,100.0,62.3
1148,-17856.4,34163.2969,1.72,100.0,62.3
1149,-19111.73,25435.873,1.56,100.0,62.0
1150,-18917.89,23751.2764,1.59,100.0,62.2
1151,-18002.69,76394.0391,1.64,100.0,62.1
1152,-18579.09,10911.3127,1.7,99.7,62.2
1153,-18971.05,30916.0303,1.63,99.9,62.1
1154,-19416.8,24527.8877,1.57,100.0,62.1
1155,-19498.9,42019.3369,1.54,100.0,61.9
1156,-18620.4,37690.0293,1.54,100.0,61.9
1157,-17749.83,49134.2334,1.51,100.0,62.0
1158,-18992.83,47116.7393,1.56,100.0,62.1
1159,-18410.07,42811.1172,1.5,100.0,62.1
1160,-18586.1,41825.9912,1.58,100.0,62.1
1161,-18034.81,68880.0469,1.5,100.0,62.1
1162,-19390.0,28112.2891,1.59,100.0,62.1
1163,-19753.27,38007.748,1.55,100.0,62.1
1164,-17976.97,82707.8574,1.53,100.0,62.2
1165,-18095.65,62987.2871,1.62,100.0,62.3
1166,-19868.64,47535.0771,1.62,100.0,62.4
1167,-18576.44,26934.3682,1.6,97.2,62.3
1168,-18791.79,32866.9316,1.58,98.2,62.4
1169,-18495.75,6161.4679,1.53,100.0,62.4
1170,-18591.63,42406.4346,1.53,100.0,62.6
1171,-18988.82,30006.7466,1.56,100.0,62.6
1172,-17972.87,60090.8975,1.53,100.0,62.5
1173,-17697.04,35624.7856,1.53,100.0,62.1
1174,-20020.59,82228.8984,1.72,100.0,62.2
1175,-18829.27,26400.9761,1.6,100.0,62.2
1176,-18715.17,69097.8223,1.55,100.0,62.3
1177,-19057.57,20533.8335,1.6,100.0,62.2
1178,-19016.11,84808.957,1.57,100.0,62.3
1179,-18247.57,85082.2461,1.53,100.0,62.3
1180,-19042.55,14618.8696,1.63,100.0,62.4
1181,-18545.2,21113.6821,1.6,100.0,62.5
1182,-19126.12,34528.7988,1.63,100.0,62.5
1183,-18967.7,34825.3076,1.53,100.0,62.5
1184,-19137.53,53085.4521,1.55,100.0,62.5
1185,-18825.36,25174.4482,1.6,100.0,62.5
1186,-17909.15,18444.5547,1.67,100.0,62.5
1187,-18638.41,17884.6211,1.64,100.0,62.7
1188,-19138.52,63985.4189,1.56,100.0,62.7
1189,-17957.67,61297.0664,1.52,100.0,62.7
1190,-18371.93,38577.7539,1.54,100.0,62.6
1191,-18884.19,35933.4043,1.53,100.0,62.7
1192,-19432.89,43632.5986,1.55,100.0,62.8
1193,-18828.38,24954.2129,1.55,100.0,62.8
1194,-19177.73,60000.2139,1.55,100.0,62.9
1195,-18971.45,33479.2681,1.58,100.0,62.8
1196,-18270.81,50918.6826,1.55,100.0,62.9
1197,-18854.36,54237.3184,1.57,100.0,63.0
1198,-17916.74,31948.104,1.53,97.7,63.0
1199,-17703.06,54941.5762,1.49,100.0,63.1
1200,-18495.61,30057.2378,1.46,100.0,63.0
1201,-19068.36,46028.5791,1.6,100.0,63.1
1202,-19284.93,91316.7598,1.73,99.3,63.2
1203,-18363.53,13559.98,1.63,100.0,63.3
1204,-18637.23,7590.8794,1.52,100.0,63.1
1205,-18175.75,34511.249,1.63,100.0,63.2
1206,-18545.45,25826.9868,1.62,97.0,63.1
1207,-19066.67,62147.3525,1.61,100.0,63.3
1208,-18263.49,8175.771,1.54,100.0,63.3
1209,-17751.59,24154.4214,1.57,100.0,63.3
1210,-18264.17,24647.3159,1.54,100.0,63.4
1211,-18622.73,31748.9683,1.6,100.0,63.4
1212,-18246.75,21031.7295,1.51,100.0,63.1
1213,-18966.6,15878.0208,1.6,100.0,63.1
1214,-18490.33,15609.8215,1.58,100.0,63.0
1215,-18972.64,16113.1484,1.58,100.0,63.1
1216,-19075.25,39418.3174,1.57,100.0,63.1
1217,-17809.13,83644.916,1.59,100.0,63.2
1218,-19458.4,51422.6484,1.72,95.4,63.2
1219,-19098.96,33482.1069,1.58,100.0,63.2
1220,-19042.15,25022.5054,1.52,100.0,63.3
1221,-18889.96,18776.1152,1.6,100.0,63.3
1222,-19063.33,14956.55,1.6,100.0,63.4
1223,-19076.44,8362.257,1.57,100.0,63.4
1224,-18777.49,17120.9937,1.51,100.0,63.4
1225,-19248.83,22803.3765,1.63,100.0,63.5
1226,-18989.56,14261.1111,1.67,100.0,63.5
1227,-18921.55,5700.5771,1.58,100.0,63.5
1228,-19161.01,25207.6445,1.54,100.0,63.5
1229,-19078.77,25509.0117,1.54,100.0,63.5
1230,-18768.53,5780.1724,1.57,100.0,63.6
1231,-19100.92,75835.6777,1.55,100.0,63.7
1232,-18981.42,30277.0635,1.56,100.0,63.7
1233,-18378.12,30295.8062,1.56,100.0,63.7
1234,-18892.03,15836.8994,1.59,100.0,63.7
1235,-18907.62,7461.9995,1.57,100.0,63.8
1236,-17766.36,63942.7139,1.53,100.0,63.8
1237,-19087.48,41419.4404,1.6,100.0,63.9
1238,-18780.07,18477.1865,1.63,100.0,63.9
1239,-17969.53,55736.6963,1.53,100.0,64.0
1240,-18169.44,20256.7505,1.59,100.0,64.0
1241,-17500.84,19730.981,1.56,100.0,64.0
1242,-18823.83,38835.7559,1.71,96.5,64.0
1243,-18670.25,40895.6006,1.62,99.8,64.0
1244,-19020.67,55021.7275,1.55,100.0,64.1
1245,-18224.65,12719.0425,1.59,100.0,64.1
1246,-18989.92,30863.0552,1.62,100.0,64.2
1247,-19097.27,57140.6875,1.61,99.8,64.2
1248,-17906.66,59305.3291,1.54,100.0,64.3
1249,-18601.18,31382.188,1.56,100.0,64.2
1250,-18616.41,26652.5977,1.61,100.0,63.8
1251,-17777.65,48308.5684,1.53,100.0,63.8
1252,-17828.02,33992.0679,1.6,100.0,63.8
1253,-18328.53,8467.84,1.72,100.0,63.8
1254,-18673.25,33537.4849,1.62,97.8,63.9
1255,-18696.51,14386.5818,1.56,99.9,63.4
1256,-18724.44,16760.3262,1.56,100.0,63.5
1257,-19335.47,23131.3223,1.59,100.0,63.6
1258,-19356.33,15613.2671,1.54,100.0,63.6
1259,-18982.15,10337.8889,1.62,100.0,63.7
1260,-18831.67,15186.6355,1.6,100.0,63.6
1261,-18696.53,22801.5195,1.65,100.0,63.6
1262,-18870.17,10336.5554,1.61,100.0,63.8
1263,-18932.7,11634.8569,1.58,100.0,63.9
1264,-19269.71,36344.2295,1.6,100.0,63.9
1265,-19119.63,12708.8213,1.66,100.0,63.7
1266,-18601.14,20703.542,1.71,97.9,63.8
1267,-19084.83,6776.1835,1.58,100.0,63.9
1268,-19064.55,35374.5073,1.54,100.0,64.0
1269,-18663.92,11044.9612,1.56,100.0,64.0
1270,-18609.83,6843.4152,1.63,100.0,64.1
1271,-19142.32,17343.3667,1.68,100.0,64.3
1272,-19092.33,19709.3281,1.57,100.0,64.3
1273,-18952.25,10031.0017,1.61,100.0,64.4
1274,-18707.13,7609.5679,1.6,100.0,63.9
1275,-18953.21,15410.3208,1.58,99.9,63.6
1276,-19036.96,9293.5457,1.65,100.0,63.6
1277,-18939.29,9296.6287,1.57,100.0,63.7
1278,-18953.52,8125.5989,1.57,100.0,63.7
1279,-18673.69,6549.6337,1.58,100.0,63.7
1280,-19060.85,10259.6902,1.55,100.0,63.7
1281,-18819.11,8346.9592,1.55,100.0,63.7
1282,-18430.84,13896.042,1.54,100.0,63.8
1283,-18906.06,9250.7971,1.64,100.0,63.9
1284,-18714.74,4338.5733,1.63,99.9,64.1
1285,-18455.24,7314.2111,1.62,100.0,64.1
1286,-18805.63,5165.3881,1.65,100.0,64.0
1287,-18447.03,3532.9799,1.6,100.0,64.1
1288,-18683.55,1246.2287,1.57,100.0,64.0
1289,-18644.79,2908.2056,1.55,100.0,64.1
1290,-18402.96,3357.649,1.74,100.0,64.7
1291,-18635.71,3691.8067,1.61,100.0,64.7
1292,-18445.21,6344.4928,1.66,100.0,64.7
1293,-18330.79,14624.0693,1.58,100.0,64.7
1294,-18390.71,3048.6931,1.59,100.0,64.8
1295,-18358.23,7285.8152,1.62,100.0,64.6
1296,-18111.09,10480.6677,1.64,100.0,64.6
1297,-17910.28,12933.6934,1.56,100.0,64.6
1298,-17535.46,6431.6445,1.56,100.0,64.7
1299,-17990.93,9530.2073,1.59,99.8,64.7
1300,-18289.26,13884.2434,1.53,100.0,64.7
1301,-18483.45,9013.7781,1.51,100.0,64.7
1302,-17403.2,17719.2778,1.54,100.0,64.7
1303,-18371.27,6737.8073,1.66,100.0,64.8
1304,-17891.88,7404.0109,1.67,100.0,64.8
1305,-17811.55,9558.9453,1.59,100.0,64.7
1306,-17555.1,6567.5033,1.56,100.0,64.8
1307,-18114.42,17091.8569,1.59,100.0,64.9
1308,-18222.84,9082.2107,1.59,100.0,64.8
1309,-18070.52,8537.4042,1.58,100.0,64.9
1310,-18443.78,4357.1737,1.53,100.0,64.9
1311,-18594.14,4101.8484,1.57,100.0,64.5
1312,-18332.14,7397.2947,1.57,100.0,64.6
1313,-18687.26,14074.9346,1.52,100.0,64.6
1314,-18540.77,2520.0654,1.52,100.0,64.6
1315,-18512.46,5864.3405,1.55,100.0,64.6
1316,-18697.65,6108.1333,1.54,100.0,64.7
1317,-18883.82,13212.3667,1.51,100.0,64.8
1318,-18912.36,1776.7397,1.59,100.0,64.8
1319,-18198.54,27065.5508,1.67,100.0,64.8
1320,-18455.31,7986.7742,1.7,100.0,64.9
1321,-18316.39,5028.2936,1.58,100.0,65.0
1322,-18042.96,8132.8234,1.56,100.0,65.1
1323,-18352.58,4022.2255,1.6,99.7,65.3
1324,-17917.02,2341.0251,1.56,99.8,65.3
1325,-18439.35,6657.761,1.56,100.0,65.4
1326,-18142.73,8894.9497,1.58,100.0,65.3
1327,-18419.5,3718.8049,1.6,100.0,65.4
1328,-17918.37,4052.8698,1.58,100.0,65.5
1329,-18053.88,4664.6212,1.54,100.0,65.5
1330,-17995.61,792.4693,1.54,100.0,65.4
1331,-17877.14,6685.6921,1.64,100.0,65.5
1332,-18021.98,14160.3767,1.72,99.9,65.5
1333,-17842.26,4265.7064,1.63,99.0,65.7
1334,-18383.61,4242.316,1.6,100.0,65.8
1335,-18365.08,5732.7668,1.58,100.0,65.7
1336,-18140.66,8875.9519,1.59,100.0,65.8
1337,-18203.32,4589.3798,1.56,100.0,65.8
1338,-18191.5,3121.9855,1.53,100.0,65.9
1339,-18250.84,1272.4145,1.53,100.0,66.0
1340,-18478.19,8388.3531,1.63,100.0,66.0
1341,-18433.96,2732.0005,1.65,99.9,66.0
1342,-18652.18,1440.9435,1.62,99.3,66.2
1343,-18699.51,5051.1533,1.56,100.0,66.2
1344,-18275.14,5032.9725,1.6,100.0,66.2
1345,-18458.78,737.9146,1.65,100.0,66.3
1346,-18441.42,4453.8534,1.6,100.0,66.1
1347,-18603.18,4536.9592,1.56,100.0,66.2
1348,-18538.95,2965.1752,1.51,100.0,66.2
1349,-18070.26,7812.4998,1.59,100.0,66.3
1350,-18155.39,3586.3777,1.59,100.0,66.4
1351,-18145.73,3122.8099,1.58,100.0,66.3
1352,-17954.6,2018.8773,1.56,100.0,66.4
1353,-18433.03,11974.386,1.61,100.0,66.2
1354,-18163.68,831.9576,1.65,100.0,66.3
1355,-17986.44,3490.2496,1.61,100.0,66.4
1356,-18080.83,6861.8762,1.55,100.0,66.4
1357,-18015.97,1149.5953,1.55,100.0,66.4
1358,-18000.09,2914.4283,1.54,100.0,66.5
1359,-18115.9,1751.0087,1.59,100.0,66.6
1360,-18113.16,3128.1234,1.63,100.0,66.6
1361,-18024.52,6159.1737,1.65,100.0,66.5
1362,-18227.63,1539.2652,1.6,100.0,66.6
1363,-18207.14,1966.2191,1.6,100.0,66.7
1364,-18052.53,1199.0794,1.68,100.0,66.1
1365,-18074.98,1328.7709,1.56,100.0,66.1
1366,-17813.95,3368.8042,1.56,100.0,66.2
1367,-18053.88,1611.0326,1.54,100.0,65.6
1368,-17723.33,1454.2251,1.59,100.0,65.7
1369,-18045.23,1218.5671,1.55,100.0,65.9
1370,-17939.96,1284.9073,1.6,100.0,65.6
1371,-17932.49,1546.3651,1.62,100.0,65.6
1372,-17710.59,1511.8988,1.66,99.6,65.6
1373,-17877.22,1037.3787,1.64,99.9,65.6
1374,-17976.69,1363.0513,1.54,100.0,65.7
1375,-18031.2,14948.8997,1.56,100.0,65.7
1376,-17666.85,997.0184,1.61,100.0,65.7
1377,-17891.58,1751.8165,1.6,100.0,65.7
1378,-18317.35,13500.7351,1.52,100.0,65.7
1379,-17717.36,2057.8434,1.58,100.0,65.8
1380,-17798.3,1504.2027,1.63,100.0,65.9
1381,-18282.45,10389.5193,1.56,100.0,65.8
1382,-18045.53,9922.2207,1.63,100.0,65.3
1383,-17902.7,1673.4477,1.57,100.0,65.3
1384,-17799.91,1873.4477,1.61,100.0,65.4
1385,-17845.83,1235.0857,1.58,100.0,65.5
1386,-17979.87,666.6624,1.55,100.0,65.5
1387,-17847.87,1632.5472,1.49,100.0,65.4
1388,-18300.66,9202.3811,1.53,100.0,65.6
1389,-18314.29,9920.9321,1.56,100.0,65.7
1390,-17985.02,1530.0425,1.58,100.0,65.8
1391,-17967.85,762.4634,1.56,100.0,65.7
1392,-17887.61,842.9113,1.59,99.6,65.7
1393,-17691.07,1277.8566,1.63,100.0,65.8
1394,-17657.85,1180.0625,1.58,100.0,65.8
1395,-17566.41,2068.5139,1.56,100.0,65.9
1396,-17716.39,2913.8342,1.61,100.0,65.8
1397,-17928.92,12189.9253,1.61,98.1,65.5
1398,-17653.82,1190.6931,1.55,100.0,65.6
1399,-17608.46,1331.0752,1.56,100.0,65.1
1400,-17467.58,2285.6294,1.59,100.0,65.2
1401,-17486.63,757.2754,1.58,100.0,65.1
1402,-17579.99,1309.4507,1.53,100.0,65.2
1403,-17584.63,1299.5061,1.5,100.0,65.2
1404,-17782.66,1487.1014,1.57,100.0,65.3
1405,-18119.41,11186.8408,1.59,100.0,65.4
1406,-17511.69,4346.4667,1.61,100.0,65.4
1407,-17783.21,1297.5814,1.54,100.0,65.3
1408,-17872.89,1380.767,1.59,100.0,65.3
1409,-17730.28,432.558,1.55,100.0,65.3
1410,-17763.23,209.3621,1.54,100.0,65.3
1411,-17783.67,483.8995,1.59,100.0,65.4
1412,-18075.52,9932.345,1.63,100.0,65.4
1413,-17660.26,1451.5573,1.66,98.0,65.5
1414,-17853.52,1275.1826,1.65,100.0,65.5
1415,-17704.8,2089.8878,1.58,100.0,65.5
1416,-17690.89,2165.4115,1.56,100.0,65.5
1417,-17633.45,1024.1982,1.59,99.4,65.6
1418,-17427.31,2338.7791,1.62,100.0,65.6
1419,-17520.27,1980.3655,1.57,100.0,65.7
1420,-17506.43,889.686,1.58,100.0,65.7
1421,-17261.71,2466.5349,1.56,99.9,65.8
1422,-17799.9,15143.0557,1.55,100.0,66.0
1423,-17387.88,2130.5466,1.53,100.0,66.0
1424,-17377.7,719.5275,1.52,100.0,65.9
1425,-17404.16,609.8526,1.7,100.0,66.3
1426,-17452.83,233.7035,1.68,99.6,66.7
1427,-17474.2,229.7478,1.6,100.0,66.6
1428,-17407.82,483.8939,1.6,100.0,66.8
1429,-17519.35,1101.0296,1.64,100.0,66.7
1430,-17488.11,481.4215,1.61,100.0,66.8
1431,-17343.06,903.2504,1.54,100.0,66.8
1432,-17316.32,729.2197,1.56,100.0,66.8
1433,-17357.79,655.6194,1.61,100.0,66.8
1434,-17418.44,291.7936,1.67,100.0,66.9
1435,-17342.92,551.4606,1.63,100.0,67.0
1436,-17241.07,526.3624,1.54,100.0,67.1
1437,-17768.11,14668.3931,1.56,100.0,67.1
1438,-17752.62,12483.7727,1.66,100.0,67.0
1439,-17293.42,586.6318,1.75,100.0,67.1
1440,-17565.14,10555.4358,1.58,100.0,67.2
1441,-17360.54,197.9731,1.57,100.0,67.3
1442,-17281.31,837.003,1.58,100.0,67.3
1443,-17423.26,1511.066,1.59,100.0,67.4
1444,-17368.87,732.3678,1.54,100.0,67.3
1445,-17317.25,1177.9797,1.58,100.0,67.4
1446,-17247.21,1027.1681,1.63,100.0,67.5
1447,-17372.15,671.9237,1.68,100.0,67.4
1448,-17292.32,1181.9394,1.57,100.0,67.5
1449,-17447.15,426.4968,1.57,100.0,67.5
1450,-17367.85,508.8999,1.6,100.0,67.6
1451,-17357.25,560.9385,1.63,100.0,67.6
1452,-17328.01,423.3959,1.64,100.0,67.6
1453,-17380.34,1055.4237,1.54,100.0,67.6
1454,-17742.96,12688.8884,1.53,100.0,67.6
1455,-17378.58,190.7971,1.58,100.0,67.6
1456,-17211.45,385.5737,1.55,100.0,67.7
1457,-17647.81,12241.4639,1.58,100.0,67.7
1458,-17728.53,13585.114,1.57,100.0,67.9
1459,-17356.86,379.6329,1.63,100.0,67.9
1460,-17376.2,969.0035,1.67,100.0,67.4
1461,-17417.09,951.3108,1.57,100.0,67.5
1462,-17442.87,1106.5444,1.51,100.0,67.4
1463,-17507.77,718.5107,1.55,100.0,67.5
1464,-17467.94,474.2822,1.58,100.0,67.5
1465,-17328.82,1249.5804,1.54,100.0,67.6
1466,-17351.17,947.9453,1.55,100.0,67.5
1467,-17399.62,692.084,1.6,100.0,67.6
1468,-17281.43,507.9197,1.59,100.0,67.7
1469,-17262.98,558.3833,1.56,100.0,67.8
1470,-17666.68,13573.1667,1.6,100.0,67.9
1471,-17327.74,1090.9752,1.63,100.0,67.8
1472,-17304.47,568.2346,1.59,100.0,67.9
1473,-17352.91,747.1092,1.59,99.7,68.0
1474,-17297.17,287.0545,1.57,99.8,68.2
1475,-17231.77,587.2654,1.58,100.0,68.3
1476,-17360.03,404.4297,1.57,100.0,68.2
1477,-17231.19,676.8395,1.55,100.0,67.5
1478,-17590.63,11478.8416,1.56,100.0,67.6
1479,-17346.97,1030.4718,1.57,100.0,67.6
1480,-17235.94,562.412,1.62,100.0,67.7
1481,-17207.42,1317.7464,1.57,100.0,67.6
1482,-17342.44,1036.3302,1.57,100.0,67.8
1483,-17351.92,461.5476,1.75,100.0,67.8
1484,-17287.3,1358.6837,1.64,99.4,67.9
1485,-17328.07,301.063,1.58,100.0,68.1
1486,-17348.25,343.5745,1.62,100.0,68.2
1487,-17306.22,261.3421,1.56,100.0,68.0
1488,-17312.41,143.9923,1.54,100.0,68.0
1489,-17248.42,51.5411,1.57,100.0,68.1
1490,-17511.93,1574.7873,1.67,100.0,67.6
1491,-17402.71,259.8447,1.6,100.0,67.8
1492,-17286.22,952.5661,1.62,100.0,67.7
1493,-17289.73,866.2848,1.53,100.0,67.9
1494,-17257.47,288.886,1.6,100.0,67.9
1495,-17209.75,359.5863,1.61,100.0,67.9
1496,-17306.5,569.7449,1.61,100.0,68.0
1497,-17372.08,689.0318,1.54,100.0,68.0
1498,-17291.42,555.5297,1.63,100.0,68.0
1499,-17423.15,571.2918,1.58,100.0,68.0
1500,-17404.34,197.9889,1.5,100.0,68.1
1501,-17360.57,1714.6821,1.52,100.0,68.2
1502,-17514.74,739.9813,1.65,100.0,68.3
1503,-17506.91,276.5774,1.71,100.0,68.2
1504,-17507.72,177.5775,1.64,100.0,67.9
1505,-17762.36,484.0114,1.57,100.0,67.9
1506,-17749.54,579.0595,1.62,100.0,68.0
1507,-17438.49,1400.6004,1.67,99.8,68.4
1508,-17350.44,1871.5299,1.58,100.0,68.2
1509,-17294.4,1231.3309,1.52,100.0,68.3
1510,-17772.62,11980.7537,1.53,100.0,68.3
1511,-17462.45,918.4501,1.6,100.0,68.3
1512,-17458.91,725.6741,1.64,100.0,68.3
1513,-17386.79,476.5075,1.57,100.0,68.3
1514,-17387.17,475.0366,1.54,100.0,68.4
1515,-17289.06,478.064,1.6,100.0,68.4
1516,-17425.79,334.3719,1.68,100.0,68.5
1517,-17366.05,304.5785,1.57,100.0,68.5
1518,-17538.91,533.6351,1.57,100.0,68.4
1519,-17341.18,1029.2099,1.63,100.0,68.4
1520,-17697.18,11784.3154,1.55,100.0,67.9
1521,-17399.56,425.888,1.52,100.0,68.0
1522,-17775.48,11005.3,1.55,100.0,68.2
1523,-17229.52,2545.9896,1.53,100.0,68.1
1524,-17821.18,9658.376,1.62,100.0,68.0
1525,-17388.4,690.3295,1.6,100.0,68.0
1526,-17464.58,437.4748,1.6,100.0,68.1
1527,-17557.33,326.7432,1.61,100.0,67.7
1528,-17616.25,353.7875,1.58,100.0,67.7
1529,-17431.95,937.1059,1.62,100.0,67.7
1530,-17484.52,553.5366,1.55,99.8,67.7
1531,-17534.04,452.2551,1.55,100.0,67.6
1532,-17527.74,174.5587,1.56,100.0,67.7
1533,-17422.78,509.1481,1.59,100.0,67.8
1534,-17439.01,155.3229,1.65,100.0,67.7
1535,-17374.31,178.6807,1.56,100.0,67.8
1536,-17257.57,532.0078,1.56,100.0,67.8
1537,-17201.52,310.962,1.62,100.0,68.0
1538,-17179.08,607.0642,1.67,100.0,68.0
1539,-17311.74,891.7522,1.56,100.0,67.9
1540,-17394.44,1184.1564,1.56,100.0,68.0
1541,-17417.51,1289.2792,1.63,100.0,68.0
1542,-17341.98,2636.8419,1.6,100.0,68.1
1543,-17303.59,1233.9497,1.53,100.0,68.0
1544,-17359.19,438.9092,1.49,100.0,68.0
1545,-17199.06,427.234,1.56,100.0,68.1
1546,-17259.68,295.0184,1.67,100.0,68.2
1547,-17664.89,14838.5476,1.7,100.0,68.3
1548,-17236.75,366.8036,1.56,100.0,68.1
1549,-17159.05,322.889,1.57,100.0,68.2
1550,-17661.36,14729.7161,1.62,100.0,68.2
1551,-17579.23,12665.8955,1.59,100.0,67.9
1552,-17562.95,11807.3923,1.54,100.0,67.9
1553,-17617.06,11648.7925,1.57,100.0,68.0
1554,-17466.64,8314.4635,1.59,100.0,67.9
1555,-17559.3,8021.5402,1.55,100.0,68.1
1556,-17602.05,6186.6238,1.51,100.0,68.3
1557,-17581.75,3744.1726,1.57,100.0,68.4
1558,-17624.74,2874.8694,1.56,100.0,68.4
1559,-17875.0,3841.2921,1.67,100.0,68.3
1560,-17861.56,2574.9214,1.57,100.0,68.4
1561,-17775.09,3674.956,1.61,100.0,68.6
1562,-17974.16,2471.2847,1.64,88.9,68.9
1563,-17969.74,2506.6732,1.6,100.0,69.0
1564,-17495.13,14631.3562,1.57,100.0,68.9
1565,-17545.11,11524.3557,1.56,100.0,69.0
1566,-17579.41,8253.1356,1.6,99.6,69.2
1567,-17724.12,5712.9115,1.56,100.0,69.1
1568,-17788.48,5751.177,1.56,100.0,69.2
1569,-17665.96,2788.0851,1.64,100.0,69.1
1570,-17529.73,2925.5448,1.63,100.0,69.3
1571,-17589.94,1503.1649,1.62,99.1,69.4
1572,-17659.32,1166.5735,1.54,100.0,69.3
1573,-17682.52,1353.3966,1.55,100.0,69.4
1574,-17658.6,1042.2712,1.6,100.0,69.4
1575,-17633.25,744.0999,1.66,97.6,69.4
1576,-17773.83,829.8784,1.59,100.0,69.6
1577,-17883.12,2246.2533,1.53,100.0,69.4
1578,-17881.52,1316.7247,1.57,100.0,69.6
1579,-17688.52,1655.3485,1.54,100.0,69.5
1580,-17642.96,692.486,1.7,100.0,69.6
1581,-17651.6,947.7721,1.56,100.0,69.6
1582,-17800.61,1102.2486,1.64,100.0,69.7
1583,-17791.86,577.9221,1.65,100.0,70.0
1584,-17893.28,1077.425,1.64,98.3,69.9
1585,-17713.14,931.8721,1.56,100.0,69.9
1586,-17707.7,717.4002,1.56,100.0,69.6
1587,-17696.78,334.9699,1.63,100.0,69.6
1588,-17662.58,472.0808,1.68,99.7,69.9
1589,-17671.77,456.5378,1.59,100.0,70.0
1590,-17884.67,983.488,1.52,100.0,69.4
1591,-17811.64,160.0614,1.56,100.0,69.4
1592,-17793.33,1129.5245,1.68,100.0,69.6
1593,-17699.71,578.2051,1.63,99.0,69.9
1594,-17701.82,261.0825,1.66,100.0,69.8
1595,-17679.17,182.8383,1.57,100.0,69.7
1596,-17636.1,231.8745,1.66,100.0,69.8
1597,-17637.04,257.3632,1.6,98.0,69.7
1598,-17618.76,295.0496,1.55,100.0,69.8
1599,-17615.25,321.5491,1.52,100.0,69.7
1600,-17555.5,182.0783,1.61,100.0,69.1
1601,-17619.6,274.3058,1.67,100.0,69.2
1602,-17550.14,184.1486,1.64,100.0,69.3
1603,-17644.97,211.5898,1.56,100.0,69.4
1604,-17560.88,297.9919,1.57,100.0,69.4
1605,-17413.07,556.1246,1.62,100.0,69.4
1606,-17361.72,653.4137,1.67,100.0,69.4
1607,-17305.12,511.5723,1.57,100.0,69.5
1608,-17405.14,420.5983,1.56,100.0,69.6
1609,-17146.56,1637.7467,1.6,100.0,69.7
1610,-17183.74,1317.3654,1.61,100.0,69.6
1611,-17291.12,919.5502,1.5,99.8,69.7
1612,-17264.22,607.5349,1.56,100.0,69.7
1613,-17157.38,1049.2768,1.63,100.0,69.8
1614,-17246.92,398.1083,1.66,99.9,69.8
1615,-17241.23,164.3364,1.64,100.0,69.9
1616,-17163.39,1312.0245,1.56,100.0,69.9
1617,-17176.75,416.4186,1.61,100.0,70.0
1618,-17267.67,1188.019,1.52,100.0,69.9
1619,-17191.21,862.3439,1.58,98.2,70.0
1620,-17204.86,264.913,1.54,100.0,70.0
1621,-17224.57,393.6818,1.56,100.0,70.0
1622,-17282.17,289.916,1.63,100.0,70.0
1623,-17261.76,343.3065,1.58,100.0,70.1
1624,-17087.47,563.5059,1.6,100.0,70.2
1625,-17096.61,327.3277,1.58,100.0,70.2
1626,-17106.11,314.8366,1.7,100.0,69.8
1627,-17086.36,163.4026,1.68,97.0,69.6
1628,-17046.1,711.9088,1.59,99.9,69.6
1629,-17008.01,522.6877,1.54,100.0,69.7
1630,-17129.62,1445.3091,1.57,100.0,69.8
1631,-16955.22,1225.8925,1.57,100.0,69.8
1632,-17011.07,943.4285,1.55,100.0,69.8
1633,-17431.08,10992.5415,1.57,100.0,69.8
1634,-17476.77,11727.6089,1.64,100.0,69.9
1635,-17506.48,8998.8848,1.61,100.0,69.9
1636,-17473.79,9193.2544,1.55,100.0,69.8
1637,-17611.24,7931.8131,1.59,100.0,69.9
1638,-17600.76,3709.8278,1.59,100.0,70.0
1639,-17608.69,3462.7112,1.66,99.1,70.0
1640,-17518.33,3761.015,1.61,100.0,69.9
1641,-17670.96,4829.6382,1.54,100.0,70.0
1642,-17517.93,2356.0576,1.57,100.0,70.0
1643,-17562.92,2891.3734,1.57,100.0,70.1
1644,-17429.66,4870.782,1.54,100.0,70.1
1645,-17475.77,4210.1667,1.57,100.0,70.2
1646,-17470.5,1050.7052,1.62,100.0,70.1
1647,-17355.48,1394.0196,1.59,100.0,70.0
1648,-17438.27,448.1838,1.74,100.0,69.8
1649,-17370.99,661.419,1.56,100.0,69.5
1650,-17387.26,327.2725,1.56,100.0,69.5
1651,-17346.26,290.9529,1.55,100.0,69.5
1652,-17421.53,717.2163,1.61,100.0,69.6
1653,-17434.32,281.8737,1.53,100.0,69.7
1654,-17441.12,1433.748,1.57,100.0,69.7
1655,-17409.65,1260.3,1.59,100.0,69.8
1656,-17413.54,668.9558,1.61,100.0,69.6
1657,-17477.63,1565.7616,1.55,100.0,69.6
1658,-17413.95,1583.0387,1.6,100.0,69.8
1659,-17472.01,1126.6509,1.63,100.0,69.8
1660,-17412.22,616.3776,1.65,100.0,69.9
1661,-17418.62,99.1745,1.57,100.0,69.9
1662,-17506.2,483.7612,1.55,100.0,69.9
1663,-17422.73,360.3494,1.58,100.0,70.0
1664,-17466.73,815.3667,1.55,100.0,70.0
1665,-17441.79,681.518,1.56,99.2,69.8
1666,-17434.55,815.6611,1.59,100.0,69.7
1667,-17454.16,471.2813,1.64,100.0,69.8
1668,-17488.36,582.3761,1.61,100.0,69.9
1669,-17474.55,528.5971,1.6,100.0,69.9
1670,-17386.6,941.9296,1.57,100.0,70.0
1671,-17429.0,185.3346,1.56,100.0,69.9
1672,-17385.77,360.4566,1.56,100.0,69.9
1673,-17434.43,100.7206,1.54,100.0,70.0
1674,-17479.24,594.4392,1.54,100.0,70.0
1675,-17403.95,610.1094,1.57,100.0,70.0
1676,-17371.31,314.9627,1.59,99.7,69.7
1677,-17355.52,806.3574,1.56,100.0,69.8
1678,-17416.35,214.2545,1.53,100.0,70.0
1679,-17357.21,199.3258,1.59,100.0,70.1
1680,-17427.38,221.8138,1.65,100.0,70.0
1681,-17448.42,270.6691,1.68,100.0,70.1
1682,-17417.01,662.6026,1.58,100.0,70.1
1683,-17401.73,224.5216,1.58,100.0,70.2
1684,-17379.1,212.3066,1.63,99.2,70.4
1685,-17425.25,524.2287,1.59,100.0,70.3
1686,-17400.73,337.7717,1.53,100.0,70.4
1687,-17440.07,374.8323,1.58,100.0,70.5
1688,-17434.84,791.2778,1.56,99.9,70.5
1689,-17522.64,1041.3598,1.56,100.0,70.5
1690,-17567.28,597.6692,1.62,100.0,70.6
1691,-17557.32,340.3181,1.59,100.0,70.6
1692,-17429.84,575.0012,1.58,100.0,70.7
1693,-17460.63,496.4219,1.57,100.0,70.7
1694,-17465.79,165.341,1.78,100.0,70.3
1695,-17543.32,307.1854,1.63,100.0,70.1
1696,-17530.48,209.6328,1.59,98.2,70.2
1697,-17611.45,293.6039,1.58,100.0,70.3
1698,-17507.49,392.1161,1.57,100.0,70.3
1699,-17471.3,341.392,1.58,100.0,69.9
1700,-17476.7,334.9752,1.61,100.0,69.9
1701,-17424.88,650.8419,1.58,100.0,69.9
1702,-17526.64,304.1279,1.67,100.0,69.9
1703,-17530.97,195.1981,1.61,99.5,69.8
1704,-17587.97,122.5804,1.56,100.0,69.8
1705,-17432.45,380.1514,1.55,100.0,69.9
1706,-17500.3,156.2728,1.55,100.0,70.0
1707,-17456.21,203.9681,1.53,100.0,69.4
1708,-17463.57,240.131,1.59,100.0,69.5
1709,-17516.87,234.8506,1.67,100.0,69.5
1710,-17461.3,309.1294,1.63,98.1,70.1
1711,-17428.63,356.0397,1.56,100.0,70.0
1712,-17461.56,603.6502,1.59,100.0,70.0
1713,-17466.88,279.3052,1.56,100.0,70.1
1714,-17448.28,537.5857,1.64,100.0,69.9
1715,-17472.12,257.7854,1.56,100.0,70.0
1716,-17499.06,185.8004,1.54,100.0,70.0
1717,-17455.46,422.9405,1.56,100.0,70.0
1718,-17513.41,919.9775,1.6,100.0,70.0
1719,-17495.5,648.8574,1.6,100.0,70.1
1720,-17506.64,208.8826,1.54,100.0,70.5
1721,-17544.5,113.0393,1.58,100.0,70.6
1722,-17434.54,236.4395,1.68,100.0,70.5
1723,-17390.26,911.8441,1.6,97.4,70.1
1724,-17510.46,719.3441,1.56,100.0,70.0
1725,-17404.94,1209.334,1.52,100.0,70.0
1726,-17464.14,762.3011,1.58,100.0,70.1
1727,-17417.2,321.7922,1.59,100.0,70.2
1728,-17393.81,337.7594,1.57,100.0,70.2
1729,-17615.99,2278.2694,1.61,100.0,70.2
1730,-17634.05,963.8743,1.59,100.0,70.1
1731,-17578.68,431.3786,1.57,100.0,70.2
1732,-17733.64,340.0308,1.55,100.0,70.2
1733,-17665.0,381.1653,1.59,100.0,70.2
1734,-17719.72,265.1853,1.53,100.0,70.2
1735,-17752.77,392.6131,1.58,100.0,70.2
1736,-17635.82,355.4565,1.55,100.0,70.3
1737,-17722.56,649.2065,1.63,100.0,70.3
1738,-17720.63,544.8345,1.54,100.0,70.3
1739,-17684.25,415.5509,1.55,100.0,70.3
1740,-17732.36,83.876,1.56,100.0,70.3
1741,-17719.27,243.4455,1.67,100.0,70.4
1742,-17615.13,230.5813,1.57,100.0,70.5
1743,-17594.96,324.2972,1.59,100.0,70.5
1744,-17507.24,408.1184,1.62,98.0,70.1
1745,-17527.88,225.3869,1.53,100.0,70.1
1746,-17551.92,839.0106,1.51,100.0,70.1
1747,-17607.72,228.807,1.57,100.0,70.2
1748,-17705.29,731.1034,1.58,100.0,70.2
1749,-17750.06,395.2455,1.54,100.0,69.3
1750,-17751.73,424.7822,1.54,100.0,69.4
1751,-17759.25,1538.3197,1.57,100.0,69.5
1752,-17723.74,236.5804,1.63,100.0,69.6
1753,-17684.52,119.102,1.68,99.5,70.0
1754,-17687.87,350.5761,1.56,100.0,69.9
1755,-17683.09,281.4111,1.59,100.0,69.9
1756,-17756.63,698.9447,1.62,100.0,70.0
1757,-17702.6,489.9527,1.64,99.3,70.2
1758,-17683.58,322.9395,1.54,100.0,70.3
1759,-17673.61,250.9764,1.53,100.0,70.1
1760,-17648.35,368.9221,1.6,100.0,70.2
1761,-17756.15,507.3644,1.66,99.5,70.2
1762,-17807.77,779.1118,1.59,100.0,70.3
1763,-17725.21,1089.2325,1.55,100.0,70.4
1764,-17904.94,607.1161,1.63,100.0,70.3
1765,-17751.38,757.5456,1.61,99.1,70.4
1766,-17786.94,143.4614,1.57,100.0,70.5
1767,-17760.32,135.3699,1.52,100.0,70.5
1768,-17811.5,190.877,1.63,100.0,70.7
1769,-17749.83,365.0337,1.61,100.0,70.6
1770,-17744.64,125.0725,1.59,100.0,70.4
1771,-17733.76,89.8721,1.51,100.0,70.3
1772,-17634.28,653.2732,1.56,100.0,70.4
1773,-17787.4,583.8411,1.56,100.0,70.5
1774,-17741.1,573.0557,1.61,100.0,70.5
1775,-17765.32,268.3497,1.52,100.0,70.6
1776,-17822.92,468.5792,1.6,100.0,70.6
1777,-17794.42,95.8528,1.66,99.8,70.7
1778,-17626.68,1164.3889,1.63,100.0,70.9
1779,-17707.79,411.8532,1.54,100.0,70.7
1780,-17583.35,655.7619,1.57,100.0,71.0
1781,-17654.63,561.8458,1.57,99.9,71.1
1782,-17589.43,899.8144,1.58,100.0,71.2
1783,-17684.77,385.3729,1.58,100.0,71.2
1784,-17745.92,794.1124,1.61,100.0,71.3
1785,-17627.45,778.1872,1.61,99.1,71.2
1786,-17728.0,167.531,1.68,100.0,71.3
1787,-17752.14,540.2763,1.58,100.0,71.3
1788,-17754.44,214.9972,1.53,100.0,71.3
1789,-17821.86,137.309,1.62,100.0,71.3
1790,-17802.39,370.6428,1.65,100.0,71.2
1791,-17860.57,166.8369,1.6,100.0,71.2
1792,-17840.04,533.314,1.54,100.0,71.3
1793,-17779.41,1692.3536,1.61,99.9,71.5
1794,-17782.34,985.3448,1.58,100.0,71.6
1795,-17785.97,438.056,1.55,100.0,71.5
1796,-17906.97,437.8211,1.53,100.0,71.5
1797,-17831.67,316.2581,1.65,100.0,71.6
1798,-17811.71,602.1642,1.68,100.0,71.5
1799,-17821.75,259.3163,1.68,99.0,71.6
1800,-17796.13,201.3871,1.61,100.0,71.6
1801,-17793.34,703.7711,1.62,100.0,71.6
1802,-17819.8,135.3919,1.58,99.3,71.8
1803,-17827.14,145.3549,1.56,100.0,71.8
1804,-17825.02,90.635,1.57,100.0,71.8
1805,-17866.19,137.5028,1.58,100.0,71.8
1806,-17772.24,326.7356,1.6,100.0,71.8
1807,-17866.1,392.4817,1.69,100.0,71.9
1808,-17779.11,767.1497,1.59,100.0,71.9
1809,-17820.09,676.3241,1.55,100.0,72.0
1810,-17785.89,639.8445,1.61,100.0,72.0
1811,-17824.94,372.1333,1.7,99.5,72.1
1812,-17927.97,915.1946,1.71,99.4,72.3
1813,-17888.07,564.0473,1.56,100.0,72.2
1814,-17867.82,721.9651,1.53,100.0,72.3
1815,-18012.48,918.2221,1.58,100.0,72.3
1816,-17854.67,358.1801,1.65,100.0,72.4
1817,-17925.72,403.7612,1.68,99.5,72.5
1818,-17878.04,468.5381,1.57,100.0,72.5
1819,-17877.93,178.8125,1.6,100.0,72.5
1820,-17817.54,93.3193,1.64,100.0,72.5
1821,-17868.07,863.7302,1.6,99.0,72.6
1822,-17834.4,133.4491,1.51,100.0,72.7
1823,-17837.71,144.8719,1.62,100.0,72.4
1824,-17888.68,448.7919,1.7,100.0,72.4
1825,-17881.45,433.197,1.69,98.1,72.4
1826,-17952.82,1311.8613,1.55,100.0,72.3
1827,-17934.48,880.6689,1.52,100.0,72.3
1828,-17949.36,380.5008,1.56,100.0,72.5
1829,-17969.22,615.4803,1.61,100.0,72.5
1830,-17969.15,335.2644,1.68,100.0,72.6
1831,-17951.94,597.3522,1.54,100.0,72.5
1832,-17952.91,287.0429,1.67,100.0,72.6
1833,-17980.74,372.0308,1.63,95.9,72.7
1834,-18075.07,515.3128,1.58,100.0,72.7
1835,-17833.03,1341.2149,1.51,100.0,72.2
1836,-17864.56,836.2439,1.56,100.0,72.3
1837,-17801.68,919.0192,1.64,100.0,72.3
1838,-17881.89,311.5719,1.66,98.1,72.3
1839,-17795.36,214.5802,1.6,100.0,72.3
1840,-17874.8,1270.2874,1.54,100.0,72.3
1841,-17781.75,576.4524,1.61,100.0,72.3
1842,-17857.28,586.0667,1.62,97.2,72.3
1843,-17774.7,61.1854,1.56,100.0,72.4
1844,-17787.83,694.4715,1.53,100.0,72.5
1845,-17832.5,754.2772,1.59,100.0,72.5
1846,-17785.43,799.2017,1.67,100.0,72.5
1847,-17818.75,148.85,1.65,99.2,72.4
1848,-17837.48,581.8678,1.57,100.0,72.4
1849,-17782.64,297.1112,1.59,100.0,72.1
1850,-17852.96,653.4184,1.68,100.0,72.2
1851,-17960.04,610.5897,1.66,99.3,72.1
1852,-17835.05,229.7599,1.57,100.0,72.2
1853,-17825.45,482.3372,1.55,100.0,72.2
1854,-17818.62,254.383,1.57,100.0,72.4
1855,-17905.33,681.8476,1.56,100.0,72.5
1856,-17942.45,162.1285,1.52,100.0,72.4
1857,-17412.56,17129.417,1.53,100.0,72.4
1858,-17893.76,159.1185,1.63,100.0,72.5
1859,-17859.61,195.6877,1.71,99.5,72.4
1860,-17862.64,243.149,1.63,100.0,72.5
1861,-17485.65,16600.5872,1.54,100.0,72.4
1862,-17676.3,11664.4648,1.65,100.0,72.5
1863,-17611.82,7339.6642,1.62,99.8,72.5
1864,-18095.12,10542.2505,1.66,100.0,72.7
1865,-18021.47,5862.7384,1.55,100.0,72.7
1866,-18046.42,4924.4207,1.56,100.0,72.6
1867,-18087.72,3851.5791,1.62,100.0,72.7
1868,-18003.57,2066.199,1.6,100.0,72.7
1869,-18118.09,1415.9879,1.55,100.0,72.8
1870,-18141.95,694.3293,1.58,100.0,72.8
1871,-17741.96,6990.2166,1.62,100.0,72.8
1872,-17745.12,5873.5027,1.64,96.6,72.9
1873,-17743.24,2081.1079,1.59,100.0,72.8
1874,-17861.01,2084.4951,1.54,100.0,72.9
1875,-18134.83,7355.3678,1.59,100.0,72.9
1876,-18057.13,3032.3826,1.56,100.0,72.2
1877,-18064.58,1845.9382,1.55,100.0,72.2
1878,-17980.49,2227.8329,1.5,100.0,72.2
1879,-18060.71,886.8781,1.54,100.0,72.3
1880,-17915.93,1467.8536,1.75,100.0,72.4
1881,-18115.77,585.214,1.67,99.2,72.6
1882,-17963.03,1102.953,1.57,100.0,72.6
1883,-17813.4,1682.0562,1.56,100.0,72.8
1884,-17815.13,1276.0625,1.65,100.0,72.3
1885,-17793.6,907.8585,1.62,100.0,72.3
1886,-17727.67,331.4553,1.54,100.0,72.3
1887,-17702.44,1234.466,1.53,100.0,72.3
1888,-17710.84,599.6421,1.62,100.0,72.4
1889,-17812.89,2637.2374,1.6,100.0,72.5
1890,-17870.21,762.339,1.57,100.0,72.5
1891,-17933.54,1086.5125,1.55,100.0,72.4
1892,-17766.96,1473.8157,1.66,100.0,72.5
1893,-17849.42,798.9019,1.68,97.8,72.8
1894,-18137.82,2195.1963,1.65,100.0,72.8
1895,-18095.62,2471.4585,1.54,100.0,72.8
1896,-17955.13,1329.9948,1.58,100.0,72.8
1897,-17986.58,681.4911,1.55,100.0,72.8
1898,-18233.46,9073.8287,1.61,100.0,72.9
1899,-18077.21,272.252,1.5,100.0,72.8
1900,-17722.65,4843.2683,1.63,100.0,72.9
1901,-17895.78,1556.1426,1.73,100.0,72.6
1902,-18002.85,428.6586,1.67,99.2,72.5
1903,-18341.35,7852.6935,1.56,100.0,72.5
1904,-18344.05,5553.6556,1.53,100.0,72.6
1905,-18282.92,4386.9609,1.58,100.0,72.6
1906,-18057.96,3132.6582,1.62,100.0,72.6
1907,-18152.6,797.7819,1.63,100.0,72.5
1908,-18130.76,936.1384,1.55,100.0,72.7
1909,-18205.88,1436.6175,1.57,100.0,72.7
1910,-18069.15,1030.8981,1.61,100.0,72.7
1911,-18023.04,688.6894,1.69,100.0,72.7
1912,-18287.41,1635.4006,1.56,100.0,72.7
1913,-18392.03,1638.5063,1.61,100.0,72.7
1914,-18110.41,4216.3972,1.66,100.0,72.9
1915,-18186.09,2198.46,1.58,99.7,73.0
1916,-18147.06,2540.109,1.53,100.0,73.0
1917,-18380.26,3387.7628,1.54,100.0,73.0
1918,-18361.7,1517.7325,1.58,100.0,73.1
1919,-18192.98,414.3314,1.65,100.0,73.2
1920,-18245.4,785.9516,1.64,100.0,73.2
1921,-18244.79,97.9204,1.55,100.0,73.2
1922,-18187.91,1092.9413,1.62,100.0,73.3
1923,-18104.77,1252.7904,1.63,97.8,73.4
1924,-18018.18,1855.854,1.58,100.0,73.4
1925,-18387.39,8503.8002,1.54,100.0,73.4
1926,-18455.57,7394.254,1.55,100.0,73.5
1927,-18236.45,1444.1435,1.65,100.0,73.5
1928,-18240.95,1760.9418,1.72,100.0,73.4
1929,-18156.56,1466.1248,1.56,100.0,73.4
1930,-18290.45,489.3246,1.58,100.0,73.4
1931,-18121.69,1670.8441,1.62,100.0,73.5
1932,-18042.41,2356.9967,1.66,98.5,73.4
1933,-18235.21,1478.1721,1.59,100.0,73.1
1934,-18139.37,790.287,1.59,100.0,73.1
1935,-18218.26,546.8572,1.67,100.0,73.4
1936,-18080.06,571.8729,1.63,93.3,73.4
1937,-17986.66,2523.2996,1.54,100.0,73.4
1938,-18085.32,232.8398,1.53,100.0,73.3
1939,-18302.51,2447.176,1.57,100.0,73.3
1940,-18266.44,1556.5845,1.66,100.0,73.3
1941,-18133.18,1967.5135,1.64,100.0,73.4
1942,-18020.15,1101.37,1.54,100.0,73.4
1943,-18085.92,1257.4124,1.62,100.0,73.5
1944,-18051.96,369.3604,1.61,97.0,73.6
1945,-18097.2,247.4572,1.59,100.0,73.6
1946,-18020.35,712.5804,1.53,100.0,73.7
1947,-17900.75,1071.1547,1.55,100.0,73.6
1948,-17891.25,769.0,1.63,100.0,73.7
1949,-17816.61,746.8062,1.61,99.2,73.7
1950,-17866.83,1139.8275,1.53,100.0,73.7
1951,-18086.24,1792.4664,1.6,100.0,73.7
1952,-18007.71,679.9009,1.69,100.0,73.8
1953,-18046.19,438.9137,1.65,95.3,73.8
1954,-18090.58,1136.2853,1.56,100.0,73.9
1955,-17794.24,1623.4546,1.52,100.0,73.9
1956,-17755.34,794.3204,1.64,100.0,74.0
1957,-17801.28,705.6208,1.58,99.9,74.1
1958,-17875.9,976.1779,1.61,100.0,73.4
1959,-17723.82,479.8798,1.54,100.0,73.5
1960,-17637.66,766.7669,1.59,100.0,73.6
1961,-17723.66,510.0057,1.63,99.7,73.7
1962,-17625.03,331.4878,1.61,98.1,73.8
1963,-17579.82,752.8304,1.6,100.0,73.7
1964,-17623.56,328.0634,1.58,100.0,73.7
1965,-17650.19,299.5695,1.6,100.0,73.8
1966,-17602.23,2293.1605,1.59,100.0,74.1
1967,-17776.32,671.7235,1.54,100.0,74.1
1968,-17551.9,338.0284,1.52,100.0,74.0
1969,-17643.18,361.5861,1.59,100.0,74.0
1970,-17580.71,331.3499,1.75,99.9,74.3
1971,-17445.68,617.7385,1.61,100.0,74.3
1972,-17577.85,663.0564,1.58,100.0,74.3
1973,-17584.42,339.2453,1.59,100.0,74.2
1974,-17643.19,463.6618,1.72,99.8,74.8
1975,-17770.08,1146.8378,1.58,100.0,74.8
1976,-17675.69,113.8755,1.54,100.0,74.9
1977,-17719.18,730.4881,1.58,100.0,75.0
1978,-17537.76,696.5098,1.59,100.0,74.8
1979,-17708.34,568.9273,1.64,99.3,74.4
1980,-17687.13,706.7165,1.58,100.0,74.5
1981,-17624.78,491.3511,1.58,100.0,74.5
1982,-17690.67,253.4566,1.61,100.0,74.6
1983,-17710.74,221.3731,1.65,99.3,74.5
1984,-17654.11,817.6392,1.6,100.0,74.6
1985,-17707.4,129.9563,1.55,100.0,74.7
1986,-17641.38,1185.8149,1.62,100.0,74.7
1987,-17593.33,643.5873,1.65,98.1,74.6
1988,-17663.01,592.4368,1.54,100.0,74.5
1989,-17618.37,240.6086,1.53,100.0,74.6
1990,-17575.43,852.7153,1.59,100.0,74.7
1991,-17575.61,210.4815,1.57,100.0,74.8
1992,-17597.12,954.9841,1.62,100.0,74.8
1993,-17568.6,179.5029,1.57,100.0,74.8
1994,-17555.98,893.9204,1.68,100.0,74.8
1995,-17499.93,460.8802,1.69,98.0,74.8
1996,-17562.02,132.5013,1.6,97.9,74.8
1997,-17568.28,329.2635,1.54,100.0,74.8
1998,-17653.04,304.0926,1.55,100.0,74.8
1999,-17547.7,334.0377,1.59,100.0,74.8
2000,-17571.74,221.7314,1.64,100.0,74.9
2001,-17533.67,248.7066,1.56,100.0,75.0
2002,-17523.38,125.0372,1.57,100.0,74.9
2003,-17500.93,260.8899,1.6,100.0,75.0
2004,-17535.01,274.0602,1.6,100.0,74.5
2005,-17493.9,189.9876,1.62,100.0,74.6
2006,-17523.53,538.9683,1.58,100.0,74.7
2007,-17456.66,409.569,1.67,100.0,74.7
2008,-17471.72,240.3138,1.74,92.1,74.9
2009,-17485.38,194.3949,1.56,99.8,74.5
2010,-17458.87,390.8524,1.54,100.0,74.7
2011,-17467.64,288.9447,1.58,100.0,74.6
2012,-17484.93,636.5753,1.66,100.0,74.7
2013,-17491.28,475.0328,1.61,100.0,74.8
2014,-17583.22,616.6749,1.55,100.0,74.8
2015,-17588.95,389.2416,1.63,100.0,74.8
2016,-17429.86,953.9496,1.65,99.6,74.9
2017,-17394.23,760.7639,1.64,96.4,75.0
2018,-17431.69,387.2841,1.56,100.0,75.1
2019,-17471.47,448.8975,1.55,100.0,75.0
2020,-17482.1,213.8044,1.63,100.0,75.1
2021,-17475.49,302.3659,1.63,99.3,75.0
2022,-17427.54,183.6338,1.55,100.0,75.0
2023,-17540.85,295.138,1.53,100.0,75.0
2024,-17467.7,302.6311,1.61,100.0,74.3
2025,-17469.64,256.1767,1.68,100.0,74.4
2026,-17584.99,975.4373,1.62,100.0,74.4
2027,-17565.77,698.8719,1.58,100.0,73.9
2028,-17416.37,264.1653,1.6,100.0,73.9
2029,-17519.34,148.8852,1.65,100.0,73.9
2030,-17405.27,207.9127,1.71,96.9,74.1
2031,-17437.97,247.8957,1.56,100.0,74.0
2032,-17422.99,102.8195,1.56,100.0,74.2
2033,-17426.54,80.6162,1.57,99.1,74.0
2034,-17486.41,91.743,1.57,100.0,74.0
2035,-17376.13,397.8517,1.61,100.0,74.0
2036,-17367.55,206.4588,1.58,100.0,73.9
2037,-17350.88,140.3192,1.59,100.0,74.1
2038,-17399.24,426.8552,1.66,98.3,74.0
2039,-17354.93,46.3037,1.6,100.0,74.0
2040,-17269.17,747.918,1.6,100.0,74.1
2041,-17274.71,484.5399,1.59,100.0,74.1
2042,-17352.44,281.0239,1.61,99.4,74.2
2043,-17253.27,646.6816,1.62,100.0,74.1
2044,-17383.57,688.2392,1.54,100.0,74.1
2045,-17338.65,756.1333,1.57,100.0,74.1
2046,-17282.07,372.7486,1.55,100.0,74.2
2047,-17279.57,297.9547,1.8,98.4,74.5
2048,-17307.26,223.4232,1.68,100.0,74.6
2049,-17736.68,12520.2466,1.58,100.0,74.5
2050,-17712.86,10175.1541,1.62,100.0,74.5
2051,-17608.3,10587.4658,1.7,99.2,74.4
2052,-17555.94,11305.1304,1.68,100.0,74.4
2053,-17600.41,8417.2522,1.61,100.0,74.4
2054,-17620.43,5826.076,1.61,100.0,74.6
2055,-17623.44,4345.8625,1.59,100.0,74.6
2056,-17178.99,11222.7458,1.62,100.0,74.7
2057,-17161.16,11204.804,1.57,100.0,74.6
2058,-17226.64,6968.7264,1.61,100.0,74.6
2059,-17303.01,5881.3835,1.57,100.0,74.7
2060,-17320.81,5378.8131,1.74,99.0,74.7
2061,-17355.12,3311.3242,1.55,100.0,74.6
2062,-17429.22,1484.7063,1.64,100.0,74.8
2063,-17390.2,718.278,1.63,95.9,74.9
2064,-17404.79,173.9301,1.58,100.0,74.8
2065,-17529.31,867.1928,1.52,100.0,74.9
2066,-17483.1,380.0216,1.57,100.0,74.9
2067,-17461.26,922.3008,1.63,100.0,75.0
2068,-17479.65,1083.9521,1.56,100.0,74.9
2069,-17469.95,341.4051,1.51,100.0,75.0
2070,-17374.21,464.3396,1.61,100.0,75.1
2071,-17545.69,1272.1343,1.66,99.8,75.2
2072,-17525.61,692.0796,1.68,98.5,75.2
2073,-17455.72,473.242,1.56,100.0,75.2
2074,-17504.22,170.6287,1.57,100.0,75.3
2075,-17551.52,869.6109,1.6,100.0,75.4
2076,-17473.58,92.7384,1.59,100.0,75.5
2077,-17433.01,846.9309,1.54,100.0,75.6
2078,-17344.37,725.3643,1.56,100.0,75.5
2079,-17200.09,826.8816,1.61,100.0,75.6
2080,-17598.8,17103.8745,1.71,99.5,75.6
2081,-17212.18,490.6241,1.59,100.0,75.7
2082,-17209.18,297.7963,1.57,100.0,75.7
2083,-17178.51,778.1073,1.6,100.0,75.7
2084,-17146.06,347.1664,1.72,99.9,75.7
2085,-16996.48,942.0375,1.6,100.0,75.2
2086,-17007.47,613.0339,1.52,100.0,75.2
2087,-17109.42,229.9277,1.56,100.0,75.2
2088,-17009.52,423.3591,1.58,100.0,75.3
2089,-17519.88,15169.7271,1.57,100.0,75.3
2090,-17052.29,375.5747,1.53,100.0,75.4
2091,-17091.39,339.4405,1.61,100.0,75.5
2092,-17567.03,15059.0049,1.71,100.0,75.5
2093,-17485.26,12942.9758,1.71,95.4,75.6
2094,-17070.16,1624.5157,1.55,100.0,75.6
2095,-17563.7,9672.0588,1.61,100.0,75.8
2096,-17613.62,7176.7363,1.59,100.0,75.8
2097,-17528.43,4590.4163,1.6,100.0,75.7
2098,-17428.65,3748.8585,1.58,100.0,75.8
2099,-17494.17,2833.968,1.58,100.0,75.8
2100,-17431.6,1770.2358,1.69,100.0,75.9
2101,-17634.72,1050.1105,1.7,95.3,75.9
2102,-17519.53,2091.6181,1.58,100.0,75.8
2103,-17643.22,957.9569,1.53,100.0,75.8
2104,-17652.81,667.7959,1.57,100.0,75.8
2105,-17550.9,757.7143,1.63,100.0,75.8
2106,-17572.05,975.2084,1.59,100.0,75.9
2107,-17534.0,454.6383,1.56,100.0,75.9
2108,-17524.46,695.18,1.61,100.0,75.9
2109,-17566.45,520.1172,1.7,100.0,76.0
2110,-17437.43,645.7665,1.59,100.0,76.2
2111,-17580.94,569.4252,1.55,100.0,76.2
2112,-17614.15,1288.3057,1.65,100.0,76.4
2113,-17662.54,865.7648,1.65,100.0,76.3
2114,-17678.34,453.0776,1.6,100.0,76.4
2115,-17560.44,219.2118,1.55,100.0,76.5
2116,-17502.13,702.731,1.57,100.0,76.6
2117,-17553.38,195.9667,1.56,100.0,76.6
2118,-17575.11,611.6597,1.6,99.7,76.7
2119,-17643.39,358.6253,1.53,100.0,76.7
2120,-17602.4,286.02,1.65,100.0,76.8
2121,-17637.52,768.0445,1.61,98.9,76.6
2122,-17804.59,1297.0869,1.69,100.0,76.5
2123,-17759.0,955.255,1.53,100.0,76.6
2124,-17815.8,489.5854,1.59,100.0,76.6
2125,-17716.82,925.1549,1.56,98.1,76.7
2126,-17861.42,335.1381,1.51,100.0,76.8
2127,-17676.15,751.6528,1.53,100.0,76.8
2128,-17700.17,655.2992,1.59,100.0,76.9
2129,-17694.06,357.264,1.67,100.0,76.9
2130,-17730.99,324.0287,1.59,100.0,77.0
2131,-17349.6,14923.1716,1.54,100.0,77.0
2132,-17354.44,10053.5815,1.61,100.0,77.0
2133,-17403.83,5112.6284,1.61,100.0,77.0
2134,-17531.62,2645.1035,1.55,100.0,77.1
2135,-17408.17,1734.7706,1.47,100.0,77.0
2136,-17356.18,1291.6628,1.54,100.0,77.1
2137,-17390.21,904.6269,1.58,100.0,77.1
2138,-17367.05,751.8459,1.67,100.0,76.9
2139,-17454.29,455.1598,1.55,100.0,77.0
2140,-17392.71,311.6878,1.56,100.0,77.0
2141,-17432.54,472.2725,1.66,100.0,77.2
2142,-17410.73,298.8534,1.62,100.0,77.1
2143,-17387.97,174.1454,1.56,100.0,77.1
2144,-17338.27,413.6118,1.6,100.0,77.2
2145,-17274.98,172.7128,1.63,92.6,77.0
2146,-17308.42,231.5884,1.55,100.0,77.1
2147,-17318.36,534.7084,1.52,100.0,77.1
2148,-17323.58,421.5319,1.6,100.0,77.1
2149,-17228.29,273.4647,1.57,99.4,77.2
2150,-17408.81,1933.396,1.52,100.0,77.1
2151,-17720.67,14963.2209,1.52,100.0,77.2
2152,-17700.0,12257.1982,1.62,100.0,77.3
2153,-17306.26,1078.7557,1.67,99.7,77.4
2154,-17335.66,1023.6754,1.66,100.0,77.5
2155,-17368.27,357.3126,1.55,100.0,76.8
2156,-17406.73,558.025,1.61,100.0,77.0
2157,-17407.37,423.5454,1.61,99.1,76.8
2158,-17219.08,656.0823,1.58,100.0,76.8
2159,-17267.79,360.6537,1.53,100.0,76.9
2160,-17662.17,12130.114,1.62,100.0,76.9
2161,-17222.06,407.7641,1.62,100.0,77.0
2162,-17286.8,141.2247,1.66,100.0,77.0
2163,-17264.4,62.0492,1.66,100.0,76.4
2164,-17326.49,183.2323,1.62,100.0,76.4
2165,-17241.06,236.5616,1.68,97.9,76.5
2166,-17213.71,460.2749,1.6,100.0,76.3
2167,-17232.84,94.8759,1.54,100.0,76.3
2168,-17219.19,185.1089,1.58,100.0,76.4
2169,-17290.35,353.0788,1.64,100.0,76.5
2170,-17664.25,14449.2053,1.58,100.0,76.5
2171,-17677.54,13159.3625,1.59,100.0,76.6
2172,-17658.99,11908.1951,1.64,100.0,76.5
2173,-17671.38,10245.6191,1.73,99.4,76.9
2174,-17684.85,6478.7155,1.66,96.3,76.8
2175,-17682.2,3709.7297,1.56,100.0,76.9
2176,-17255.1,9238.2581,1.53,100.0,76.9
2177,-17260.08,7420.0414,1.59,100.0,76.8
2178,-17244.69,6856.8405,1.61,100.0,76.9
2179,-17245.8,5168.7986,1.58,100.0,76.9
2180,-17303.55,2602.7177,1.53,100.0,77.0
2181,-17270.21,2238.3543,1.66,100.0,77.1
2182,-17300.53,1967.2994,1.61,99.9,76.8
2183,-17308.54,1438.1874,1.57,100.0,76.8
2184,-17350.29,1053.0482,1.56,100.0,76.9
2185,-17408.44,816.4439,1.65,100.0,77.0
2186,-17376.05,604.1087,1.69,92.9,77.2
2187,-17327.32,1138.519,1.6,100.0,77.2
2188,-17276.92,696.8557,1.57,100.0,77.2
2189,-17290.33,214.6668,1.59,100.0,77.2
2190,-17288.43,318.9602,1.6,100.0,77.3
2191,-17723.04,11070.4895,1.55,100.0,77.3
2192,-17293.77,725.084,1.52,100.0,77.3
2193,-17302.77,517.5181,1.59,100.0,77.2
2194,-17301.94,362.8121,1.66,100.0,77.1
2195,-17315.62,248.465,1.7,97.8,77.3
2196,-17695.21,11474.1748,1.63,100.0,77.4
2197,-17340.81,456.4134,1.55,100.0,77.3
2198,-17272.8,572.9834,1.6,99.4,77.3
2199,-17316.62,319.2809,1.58,100.0,77.4
2200,-17280.94,214.3701,1.58,100.0,77.5
2201,-17238.14,285.2547,1.55,100.0,77.5
2202,-17246.15,276.9355,1.6,100.0,77.6
2203,-17296.13,1272.8316,1.65,100.0,77.6
2204,-17229.76,261.7275,1.62,100.0,77.6
2205,-17253.36,406.5348,1.57,100.0,77.7
2206,-17268.08,289.1408,1.6,100.0,77.8
2207,-17253.16,175.8571,1.69,98.9,77.8
2208,-17391.56,263.1032,1.66,99.6,77.9
2209,-17331.57,135.6427,1.53,100.0,78.0
2210,-17281.15,164.2203,1.59,100.0,78.1
2211,-17279.8,118.8743,1.59,100.0,78.1
2212,-17341.19,155.0858,1.56,100.0,78.0
2213,-17311.69,123.3914,1.56,100.0,78.0
2214,-17210.36,399.979,1.61,100.0,78.1
2215,-17291.02,187.3865,1.63,100.0,77.9
2216,-17271.23,83.3366,1.64,100.0,77.8
2217,-17343.88,128.3966,1.61,100.0,77.9
2218,-17251.89,331.9577,1.57,100.0,77.6
2219,-17297.36,668.4038,1.56,100.0,77.8
2220,-17310.76,395.2387,1.59,100.0,77.9
2221,-17271.0,213.9661,1.64,100.0,77.9
2222,-17296.65,211.0916,1.6,100.0,77.8
2223,-17650.99,13975.1047,1.7,100.0,78.0
2224,-17686.39,12023.0574,1.61,96.9,77.4
2225,-17309.55,385.9248,1.58,100.0,77.5
2226,-17301.24,373.3852,1.53,100.0,77.5
2227,-17299.15,428.6014,1.58,100.0,77.5
2228,-17271.7,254.9622,1.6,100.0,77.5
2229,-17315.61,111.2477,1.6,100.0,77.6
2230,-17250.12,181.8908,1.56,100.0,77.6
2231,-17289.18,233.2673,1.7,100.0,77.5
2232,-17665.24,12663.6233,1.67,98.2,77.7
2233,-17694.91,12419.095,1.6,98.5,77.5
2234,-17308.52,780.441,1.54,100.0,77.5
2235,-17284.71,668.1714,1.55,100.0,77.5
2236,-17263.89,404.6381,1.6,100.0,77.6
2237,-17748.57,12752.2131,1.6,100.0,77.5
2238,-17283.64,612.4898,1.53,100.0,77.6
2239,-17272.41,270.4443,1.59,100.0,77.7
2240,-17718.11,11355.5134,1.64,100.0,77.8
2241,-17293.07,582.8508,1.7,99.4,77.7
2242,-17248.34,408.3546,1.56,100.0,77.7
2243,-17252.45,663.8548,1.55,100.0,77.8
2244,-17303.05,202.0119,1.6,100.0,77.9
2245,-17315.52,153.5358,1.65,100.0,77.5
2246,-17262.32,231.3803,1.56,100.0,77.6
2247,-17299.02,325.6589,1.57,100.0,77.5
2248,-17707.7,12563.1526,1.59,100.0,77.6
2249,-17266.25,381.9605,1.57,100.0,77.6
2250,-17702.96,12188.1965,1.56,100.0,77.7
2251,-17268.69,412.0021,1.55,99.9,77.7
2252,-17266.95,474.935,1.64,100.0,77.7
2253,-17246.56,315.7701,1.73,100.0,77.7
2254,-17305.11,360.5628,1.68,98.4,77.9
2255,-17726.77,12522.8965,1.57,100.0,77.9
2256,-17326.97,133.4142,1.55,100.0,77.5
2257,-17349.84,99.6093,1.6,100.0,77.6
2258,-17367.08,77.9131,1.58,100.0,77.6
2259,-17420.76,405.59,1.55,100.0,77.7
2260,-17425.04,138.3531,1.56,100.0,77.8
2261,-17368.77,196.4941,1.6,100.0,77.8
2262,-17391.21,187.5704,1.71,100.0,77.9
2263,-17352.08,90.2464,1.6,100.0,77.9
2264,-17405.93,172.5597,1.57,100.0,77.9
2265,-17328.3,134.7042,1.65,100.0,78.0
2266,-17276.93,271.529,1.69,99.9,78.1
2267,-17266.31,195.9464,1.64,100.0,78.1
2268,-17262.41,124.2845,1.55,100.0,78.1
2269,-17242.42,227.5764,1.58,100.0,78.3
2270,-17356.95,515.5479,1.6,100.0,78.2
2271,-17311.76,196.7501,1.55,100.0,78.2
2272,-17372.68,148.8563,1.57,100.0,78.3
2273,-17314.28,113.4421,1.62,100.0,78.4
2274,-17258.82,350.068,1.68,100.0,78.7
2275,-17269.62,236.9068,1.71,97.4,78.9
2276,-17302.26,149.7324,1.63,100.0,79.0
2277,-17226.82,149.0737,1.6,100.0,79.0
2278,-17253.35,222.029,1.61,98.6,79.1
2279,-17252.68,112.8235,1.58,100.0,79.2
2280,-17682.45,13922.7859,1.52,100.0,79.2
2281,-17302.68,348.1224,1.62,100.0,79.3
2282,-17722.77,12592.1123,1.58,100.0,79.3
2283,-17306.98,543.1285,1.66,100.0,79.2
2284,-17317.67,371.751,1.71,100.0,79.3
2285,-17250.46,350.37,1.57,100.0,79.0
2286,-17704.04,12595.4031,1.66,100.0,79.1
2287,-17264.94,250.1554,1.64,93.0,79.1
2288,-17286.67,481.385,1.56,100.0,79.1
2289,-17297.77,181.6636,1.55,100.0,79.0
2290,-17249.82,203.6853,1.59,100.0,79.1
2291,-17274.06,161.2209,1.65,100.0,79.7
2292,-17711.03,13248.5969,1.56,100.0,79.7
2293,-17716.07,12560.8828,1.56,100.0,79.8
2294,-17280.43,459.4,1.62,100.0,79.7
2295,-17736.46,11219.2065,1.6,100.0,79.6
2296,-17298.71,678.4754,1.54,100.0,79.7
2297,-17342.26,531.8819,1.54,100.0,78.7
2298,-17755.97,11517.9595,1.61,100.0,78.9
2299,-17319.52,461.2583,1.66,100.0,78.8
2300,-17755.97,11402.2556,1.61,100.0,79.0
2301,-17308.32,367.8632,1.55,100.0,79.0
2302,-17358.68,171.5452,1.57,100.0,79.1
2303,-17324.7,160.053,1.59,100.0,79.1
2304,-17300.13,109.2256,1.53,100.0,79.1
2305,-17262.5,192.3241,1.58,100.0,79.2
2306,-17265.83,156.5274,1.56,100.0,79.2
2307,-17318.52,206.8391,1.66,100.0,79.3
2308,-17245.56,108.0414,1.72,96.7,78.6
2309,-17728.5,13457.6396,1.55,100.0,78.7
2310,-17309.09,102.9488,1.57,100.0,78.7
2311,-17295.16,60.3227,1.58,100.0,78.7
2312,-17273.16,69.3177,1.59,100.0,78.8
2313,-17370.16,368.2569,1.54,100.0,78.8
2314,-17407.72,271.936,1.57,100.0,78.9
2315,-17448.84,265.913,1.66,100.0,79.6
2316,-17460.04,144.3408,1.57,100.0,79.8
2317,-17473.54,158.9087,1.55,100.0,79.6
2318,-17418.14,546.871,1.54,100.0,79.1
2319,-17446.15,174.4529,1.56,100.0,79.2
2320,-17409.84,59.3687,1.61,100.0,79.3
2321,-17361.8,447.9663,1.65,100.0,79.3
2322,-17463.71,643.3647,1.64,100.0,79.4
2323,-17455.49,287.534,1.65,99.5,79.1
2324,-17483.64,369.5013,1.64,100.0,79.2
2325,-17419.21,359.11,1.57,100.0,79.2
2326,-17490.14,328.4164,1.57,100.0,78.9
2327,-17376.29,189.3327,1.6,100.0,78.9
2328,-17312.54,396.3977,1.64,100.0,79.0
2329,-17312.34,508.3054,1.56,100.0,79.0
2330,-17307.66,220.8257,1.55,100.0,79.0
2331,-17732.5,12597.4619,1.57,100.0,79.0
2332,-17317.56,357.4854,1.6,100.0,79.1
2333,-17317.56,180.8937,1.58,100.0,79.2
2334,-17355.98,194.1372,1.57,100.0,79.2
2335,-17333.68,176.5552,1.63,100.0,79.3
2336,-17329.69,113.1793,1.65,99.3,79.2
2337,-17321.9,128.7636,1.7,94.5,79.1
2338,-17270.4,165.4347,1.59,100.0,79.1
2339,-17723.87,13799.1665,1.54,100.0,79.2
2340,-17694.27,13098.5171,1.58,100.0,79.2
2341,-17269.94,376.9469,1.64,100.0,79.0
2342,-17704.71,11708.0117,1.57,100.0,79.0
2343,-17662.72,10571.7595,1.59,100.0,79.1
2344,-17320.59,811.8656,1.66,100.0,79.1
2345,-17257.11,825.7757,1.72,96.4,79.2
2346,-17710.67,10960.4961,1.59,99.6,78.5
2347,-17256.58,700.3941,1.57,100.0,78.6
2348,-17231.31,676.1961,1.56,100.0,78.6
2349,-17669.72,10953.4504,1.61,100.0,78.8
2350,-17227.6,557.7751,1.63,100.0,78.8
2351,-17279.87,596.7274,1.61,100.0,78.9
2352,-17283.72,366.0634,1.58,100.0,78.7
2353,-17270.09,227.0191,1.66,100.0,78.9
2354,-17261.1,282.4043,1.67,97.6,79.2
2355,-17248.79,122.9723,1.6,100.0,79.5
2356,-17270.72,123.081,1.53,100.0,79.5
2357,-17292.53,81.6922,1.58,100.0,79.5
2358,-17260.94,188.3678,1.63,100.0,79.5
2359,-17265.09,222.7788,1.6,99.9,79.5
2360,-17329.45,294.5512,1.55,100.0,79.5
2361,-17285.11,158.1327,1.58,100.0,79.5
2362,-17293.43,141.3289,1.61,100.0,79.6
2363,-17712.55,14612.6221,1.56,100.0,79.8
2364,-17232.02,317.5674,1.57,100.0,79.8
2365,-17282.33,336.7144,1.56,100.0,79.8
2366,-17283.85,97.892,1.62,100.0,79.8
2367,-17286.76,100.2867,1.66,100.0,79.8
2368,-17284.79,292.2175,1.51,100.0,79.9
2369,-17278.25,207.0776,1.53,100.0,80.0
2370,-17230.96,232.6627,1.56,100.0,79.9
2371,-17632.1,12996.7639,1.63,100.0,79.9
2372,-17228.7,303.1181,1.72,100.0,80.1
2373,-17212.83,838.2956,1.54,100.0,80.1
2374,-17629.52,12086.2898,1.62,100.0,80.2
2375,-17197.63,578.4188,1.63,100.0,80.1
2376,-17191.34,324.792,1.62,100.0,79.6
2377,-17217.19,203.2095,1.56,100.0,79.6
2378,-17271.19,233.9072,1.53,100.0,79.7
2379,-17231.87,324.8747,1.62,100.0,79.7
2380,-17258.71,215.1132,1.71,95.0,79.8
2381,-17671.96,12736.0471,1.6,100.0,80.2
2382,-17262.51,150.0064,1.52,100.0,80.2
2383,-17239.63,254.1026,1.58,100.0,80.3
2384,-17294.71,297.6119,1.6,100.0,80.3
2385,-17289.28,495.7303,1.62,100.0,79.8
2386,-17322.63,693.2868,1.56,100.0,79.9
2387,-17362.34,252.7269,1.59,100.0,79.9
2388,-17415.72,461.6956,1.66,100.0,80.0
2389,-17350.45,131.9071,1.73,96.1,80.0
2390,-17302.53,143.2051,1.63,100.0,79.9
2391,-17302.53,193.7893,1.52,100.0,79.5
2392,-17325.17,348.7646,1.59,100.0,79.5
2393,-17323.46,79.5472,1.57,100.0,79.5
2394,-17304.64,362.3037,1.59,100.0,79.5
2395,-17286.52,80.3221,1.51,100.0,79.7
2396,-17287.02,50.6623,1.6,100.0,79.6
2397,-17207.46,546.1015,1.66,100.0,79.8
2398,-17196.07,481.5138,1.71,97.1,79.8
2399,-17222.35,299.4408,1.62,100.0,79.9
2400,-17232.62,218.113,1.57,100.0,79.8
2401,-17202.6,250.0622,1.61,100.0,79.8
2402,-17648.37,14830.9631,1.64,99.0,79.9
2403,-17259.36,266.4557,1.57,100.0,79.9
2404,-17230.74,96.1452,1.56,100.0,79.8
2405,-17277.54,146.869,1.58,100.0,79.8
2406,-17322.44,160.5063,1.59,100.0,79.9
2407,-17276.25,175.6128,1.56,100.0,79.9
2408,-17318.43,93.0022,1.55,100.0,80.0
2409,-17252.37,71.0197,1.65,100.0,80.0
2410,-17287.79,63.8054,1.8,97.7,79.3
2411,-17289.27,50.909,1.67,98.7,79.2
2412,-17263.72,74.0859,1.59,100.0,78.5
2413,-17309.33,288.4745,1.61,100.0,78.6
2414,-17285.78,43.2345,1.61,95.7,78.4
2415,-17278.43,109.7463,1.54,100.0,78.2
2416,-17412.11,544.5405,1.53,100.0,78.3
2417,-17496.43,1203.1825,1.61,100.0,78.3
2418,-17468.85,420.7461,1.71,100.0,78.3
2419,-17523.94,142.8945,1.62,100.0,78.4
2420,-17571.64,441.7465,1.61,100.0,78.3
2421,-17531.31,87.8946,1.59,100.0,78.4
2422,-17538.64,100.7736,1.65,98.8,77.7
2423,-17514.17,315.5723,1.6,100.0,77.7
2424,-17633.64,549.4845,1.53,100.0,77.8
2425,-17594.69,243.0935,1.59,100.0,77.8
2426,-17625.31,144.8433,1.64,100.0,77.7
2427,-17537.02,497.2833,1.64,98.3,77.6
2428,-17580.86,372.1027,1.57,100.0,77.7
2429,-17574.1,482.3947,1.57,100.0,77.7
2430,-17534.35,238.9812,1.63,100.0,77.7
2431,-17515.57,250.3053,1.62,96.0,77.1
2432,-17544.45,231.9826,1.56,100.0,77.1
2433,-17554.96,199.256,1.53,100.0,77.1
2434,-17638.87,836.3266,1.58,100.0,77.3
2435,-17636.62,242.9457,1.65,100.0,77.3
2436,-17545.24,837.3075,1.61,100.0,77.3
2437,-17538.55,483.9535,1.55,100.0,77.2
2438,-17531.25,186.5681,1.59,100.0,77.3
2439,-17571.64,416.2215,1.58,98.4,77.4
2440,-17532.75,250.1293,1.63,100.0,77.3
2441,-17631.12,458.1416,1.55,100.0,77.4
2442,-17587.47,316.5375,1.62,100.0,77.5
2443,-17664.78,227.1114,1.61,99.2,77.5
2444,-17711.06,236.5356,1.57,100.0,77.5
2445,-17677.79,130.2523,1.53,100.0,77.4
2446,-17781.38,295.8711,1.56,100.0,77.4
2447,-17719.67,238.1993,1.6,100.0,77.5
2448,-17710.48,276.5686,1.55,100.0,77.6
2449,-17628.0,205.8049,1.57,100.0,77.6
2450,-17627.93,270.5412,1.66,100.0,77.6
2451,-17575.02,73.7062,1.74,93.6,77.9
2452,-17536.25,431.0098,1.65,98.1,78.3
2453,-17570.41,456.5629,1.56,100.0,78.3
2454,-17541.45,165.2821,1.51,100.0,78.3
2455,-17496.45,189.1907,1.57,100.0,78.5
2456,-17564.33,365.5487,1.58,100.0,78.6
2457,-17590.41,219.3951,1.58,100.0,78.7
2458,-17618.39,227.8242,1.52,100.0,78.6
2459,-17553.87,181.536,1.7,100.0,78.6
2460,-17607.46,617.5132,1.66,99.2,78.7
2461,-17523.57,256.2611,1.6,100.0,78.7
2462,-17569.17,192.3742,1.53,100.0,78.9
2463,-17490.07,239.163,1.58,100.0,79.0
2464,-17547.43,189.5775,1.58,100.0,79.1
2465,-17688.57,898.9594,1.61,100.0,79.0
2466,-17706.12,507.8072,1.53,100.0,78.9
2467,-17629.29,328.0169,1.62,100.0,78.7
2468,-17705.4,669.3893,1.59,99.1,78.9
2469,-17645.71,117.9595,1.55,100.0,79.0
2470,-17585.46,262.755,1.54,100.0,79.0
2471,-17523.57,215.2779,1.62,100.0,79.0
2472,-17642.22,589.0327,1.75,96.7,79.0
2473,-17602.11,223.6661,1.66,97.9,78.9
2474,-17721.77,484.9198,1.55,100.0,79.4
2475,-17646.88,318.4574,1.57,100.0,79.5
2476,-17649.8,268.3578,1.57,98.2,79.4
2477,-17555.3,568.745,1.56,100.0,79.6
2478,-17526.57,277.3918,1.55,100.0,79.5
2479,-17492.71,262.2688,1.59,100.0,79.6
2480,-17547.87,160.6863,1.62,100.0,79.1
2481,-17598.32,216.3328,1.72,100.0,79.2
2482,-17537.11,206.0099,1.55,100.0,79.1
2483,-17602.37,202.8019,1.58,100.0,79.1
2484,-17667.17,274.2085,1.59,98.4,79.3
2485,-17560.49,490.5057,1.61,100.0,79.3
2486,-17589.01,389.6099,1.54,100.0,79.4
2487,-17664.1,295.5671,1.57,100.0,79.2
2488,-17588.5,244.5807,1.65,99.4,79.3
2489,-17543.29,251.8146,1.62,99.8,79.5
2490,-17553.34,193.1578,1.55,100.0,79.4
2491,-17540.42,109.1981,1.58,100.0,79.5
2492,-17543.05,79.246,1.56,100.0,79.5
2493,-17560.4,212.1645,1.57,100.0,79.5
2494,-17517.72,326.3261,1.56,100.0,79.5
2495,-17549.92,229.8168,1.62,100.0,79.5
2496,-17453.66,494.6835,1.66,99.8,79.0
2497,-17503.71,1407.4675,1.72,95.9,79.2
2498,-17522.21,820.7307,1.57,100.0,79.3
2499,-17546.28,96.4097,1.55,100.0,79.4
2500,-17542.82,104.0857,1.58,100.0,79.4
2501,-17515.88,282.2493,1.57,100.0,79.3
2502,-17481.79,177.9227,1.54,100.0,79.4
2503,-17486.79,62.2922,1.54,100.0,79.4
2504,-17513.32,129.8182,1.59,100.0,79.6
2505,-17469.24,156.475,1.63,100.0,79.4
2506,-17456.66,177.0732,1.6,99.8,79.4
2507,-17482.32,86.3718,1.53,100.0,79.5
2508,-17446.65,495.8519,1.56,100.0,79.5
2509,-17462.45,129.3933,1.6,100.0,79.6
2510,-17426.1,256.3161,1.65,98.9,79.6
2511,-17396.29,506.4142,1.66,100.0,79.6
2512,-17393.78,414.707,1.57,100.0,79.5
2513,-17407.27,113.7466,1.61,100.0,79.6
2514,-17355.03,232.9642,1.65,99.7,79.7
2515,-17395.17,345.5413,1.61,100.0,79.8
2516,-17327.88,104.1641,1.56,100.0,79.8
2517,-17360.85,726.4496,1.57,100.0,79.7
2518,-17357.79,42.7304,1.68,99.7,79.8
2519,-17356.91,76.8392,1.59,100.0,79.8
2520,-17323.78,225.8727,1.53,100.0,79.9
2521,-17358.08,165.9952,1.57,100.0,79.9
2522,-17349.83,128.407,1.61,100.0,79.4
2523,-17275.7,318.6852,1.72,96.8,79.4
2524,-17340.49,186.6188,1.65,100.0,79.6
2525,-17382.59,241.9791,1.54,100.0,79.6
2526,-17346.22,554.9552,1.57,100.0,79.4
2527,-17769.67,12190.2622,1.6,100.0,79.3
2528,-17265.16,827.5744,1.59,100.0,79.2
2529,-17354.92,218.3803,1.54,100.0,79.2
2530,-17332.98,514.3143,1.59,100.0,79.3
2531,-17343.8,181.3785,1.73,100.0,79.5
2532,-17353.47,329.1565,1.63,100.0,79.8
2533,-17384.35,234.8501,1.56,100.0,79.6
2534,-17372.25,157.299,1.57,100.0,79.7
2535,-17798.16,13262.0103,1.59,98.9,79.9
2536,-17712.48,11336.3455,1.57,100.0,80.0
2537,-17739.03,11341.5042,1.56,100.0,80.1
2538,-17270.81,2097.2832,1.57,100.0,79.5
2539,-17383.36,836.8623,1.63,100.0,79.6
2540,-17391.93,811.0641,1.63,98.3,79.8
2541,-17365.19,518.8261,1.57,100.0,79.9
2542,-17421.77,186.52,1.56,100.0,79.9
2543,-17769.67,11648.3684,1.65,100.0,79.9
2544,-17316.8,721.9976,1.69,94.9,80.0
2545,-17336.27,392.5172,1.6,100.0,79.9
2546,-17361.88,176.267,1.54,100.0,80.0
2547,-17337.73,119.6822,1.59,100.0,80.0
2548,-17355.45,477.2999,1.6,100.0,80.1
2549,-17401.34,161.5429,1.56,100.0,80.1
2550,-17343.51,131.412,1.52,100.0,80.2
2551,-17328.7,486.2145,1.59,100.0,80.2
2552,-17339.75,917.8516,1.7,99.5,80.1
2553,-17342.82,272.1186,1.66,100.0,80.2
2554,-17315.24,239.8314,1.57,100.0,80.4
2555,-17370.32,367.7827,1.6,100.0,80.6
2556,-17347.34,441.9029,1.63,99.0,80.4
2557,-17350.47,519.2056,1.59,100.0,80.4
2558,-17322.33,594.8422,1.54,100.0,80.5
2559,-17356.43,280.5128,1.59,100.0,80.5
2560,-17761.12,12901.4863,1.6,100.0,81.0
2561,-17336.62,122.115,1.59,100.0,81.0
2562,-17383.85,94.5342,1.54,100.0,81.0
2563,-17328.56,233.7428,1.63,100.0,81.0
2564,-17337.29,62.7528,1.63,100.0,80.5
2565,-17344.4,380.0092,1.66,100.0,80.5
2566,-17357.02,115.1885,1.62,100.0,80.5
2567,-17362.71,130.1795,1.63,100.0,80.6
2568,-17352.37,282.0846,1.67,93.1,80.6
2569,-17362.95,144.9913,1.6,98.9,80.5
2570,-17354.41,345.3537,1.53,100.0,80.6
2571,-17385.67,119.7929,1.59,100.0,80.5
2572,-17322.15,258.7541,1.58,100.0,80.6
2573,-17343.56,197.0398,1.62,100.0,80.6
2574,-17353.55,143.3762,1.55,100.0,80.5
2575,-17327.0,133.3378,1.64,100.0,80.6
2576,-17412.32,47.6729,1.63,100.0,80.4
2577,-17368.53,163.351,1.64,97.2,80.7
2578,-17311.15,74.6723,1.57,99.9,80.9
2579,-17325.72,128.0725,1.56,100.0,80.9
2580,-17338.17,123.3481,1.57,100.0,80.9
2581,-17772.64,13938.5964,1.59,100.0,81.0
2582,-17331.31,168.994,1.56,100.0,81.0
2583,-17314.2,114.7325,1.57,100.0,80.6
2584,-17318.39,352.0456,1.61,100.0,80.6
2585,-17311.15,37.3376,1.68,100.0,80.6
2586,-17308.64,76.1356,1.57,100.0,80.1
2587,-17780.59,13848.0505,1.65,100.0,80.3
2588,-17764.15,13451.4705,1.59,99.3,80.3
2589,-17721.56,11571.6636,1.61,100.0,80.5
2590,-17720.26,11690.4294,1.56,100.0,80.5
2591,-17681.86,10566.4617,1.55,100.0,80.5
2592,-17694.74,9048.2554,1.62,100.0,80.4
2593,-17759.21,6164.951,1.58,100.0,80.6
2594,-17796.9,3501.9727,1.55,100.0,80.5
2595,-17333.82,7909.8,1.6,100.0,80.6
2596,-17800.75,3483.786,1.65,100.0,80.5
2597,-17764.82,2700.8024,1.68,99.5,80.5
2598,-17394.89,6525.375,1.61,99.4,80.6
2599,-17406.69,6756.0835,1.56,100.0,80.6
2600,-17495.02,5249.1561,1.54,100.0,80.7
2601,-17491.92,3837.1171,1.57,100.0,80.8
2602,-17471.94,2148.5102,1.6,100.0,80.8
2603,-17489.3,1971.9407,1.58,100.0,80.8
2604,-17467.65,1178.3177,1.56,100.0,80.9
2605,-17453.92,587.8822,1.6,100.0,80.7
2606,-17498.95,551.5832,1.59,99.8,80.5
2607,-17552.53,263.1456,1.58,100.0,80.5
2608,-17593.42,1002.7211,1.5,100.0,80.6
2609,-17593.41,1395.2706,1.66,100.0,80.6
2610,-17727.73,2109.4471,1.7,96.8,80.6
2611,-17857.63,2988.2253,1.64,99.1,80.7
2612,-18021.37,1949.4309,1.55,100.0,80.7
2613,-18042.36,1313.0665,1.59,100.0,80.6
2614,-17933.09,1644.9558,1.58,99.6,80.7
2615,-17986.1,593.5532,1.58,100.0,80.7
2616,-18002.95,639.8255,1.58,100.0,80.6
2617,-18003.08,1970.9778,1.57,100.0,80.6
2618,-17936.28,711.0444,1.56,100.0,80.3
2619,-17895.0,1027.5181,1.68,100.0,80.3
2620,-17903.52,783.5611,1.59,100.0,80.4
2621,-17815.51,285.6468,1.58,100.0,80.5
2622,-18393.95,16817.989,1.62,100.0,80.4
2623,-18234.87,3008.5563,1.71,99.9,80.5
2624,-18091.61,866.6324,1.64,100.0,80.5
2625,-18227.24,347.9377,1.59,100.0,80.7
2626,-18173.17,484.6965,1.59,96.0,81.0
2627,-18275.26,514.2331,1.56,100.0,81.0
2628,-18411.09,3981.9125,1.54,100.0,81.0
2629,-18490.04,1960.1865,1.57,100.0,81.1
2630,-18458.18,1347.2237,1.62,100.0,81.2
2631,-18550.09,436.1773,1.6,100.0,81.1
2632,-18696.66,841.0413,1.58,100.0,81.2
2633,-18627.92,1115.2698,1.63,100.0,81.2
2634,-18690.97,246.5085,1.63,99.3,81.4
2635,-18633.4,183.0547,1.61,99.7,81.5
2636,-18648.9,1729.5441,1.56,100.0,81.4
2637,-18606.41,311.7083,1.54,100.0,81.5
2638,-18679.19,542.9009,1.62,100.0,81.5
2639,-18693.98,277.6373,1.63,99.0,81.7
2640,-18604.46,1378.9896,1.55,100.0,81.7
2641,-18663.18,453.2602,1.56,100.0,81.7
2642,-18746.39,728.5445,1.63,100.0,81.7
2643,-18721.79,230.9389,1.61,99.0,81.7
2644,-18740.03,240.9157,1.62,100.0,81.8
2645,-18672.49,388.8324,1.59,100.0,81.8
2646,-18633.84,434.7392,1.62,100.0,81.8
2647,-18590.09,301.5116,1.65,100.0,81.9
2648,-18613.82,266.9776,1.61,100.0,81.9
2649,-18676.28,505.0482,1.55,100.0,81.9
2650,-18687.11,743.4796,1.56,100.0,81.9
2651,-18653.09,955.0941,1.59,100.0,82.0
2652,-18642.92,865.0098,1.61,100.0,82.0
2653,-18689.71,970.0573,1.68,100.0,82.1
2654,-18627.37,147.9446,1.61,100.0,82.1
2655,-18612.5,113.2663,1.63,99.6,82.2
2656,-18537.11,235.6061,1.74,100.0,82.8
2657,-18506.94,166.7034,1.57,100.0,82.9
2658,-18531.46,1260.5533,1.58,100.0,83.0
2659,-18587.0,795.6484,1.62,100.0,83.0
2660,-18486.66,534.0957,1.6,100.0,82.9
2661,-18456.51,358.1738,1.58,100.0,82.9
2662,-18489.61,512.7664,1.57,100.0,82.9
2663,-18483.21,211.6188,1.63,100.0,83.0
2664,-18394.38,5405.2062,1.66,100.0,83.0
2665,-18386.31,3528.8727,1.54,100.0,83.0
2666,-18257.71,757.4157,1.62,100.0,83.1
2667,-18375.0,1951.3177,1.69,99.2,83.2
2668,-18152.41,1820.2729,1.6,98.7,82.4
2669,-18274.21,1765.9503,1.54,100.0,82.4
2670,-18311.25,726.4156,1.57,100.0,82.6
2671,-18349.62,708.8449,1.57,100.0,82.5
2672,-18276.68,336.3153,1.68,100.0,82.5
2673,-18209.2,2241.1866,1.63,100.0,81.6
2674,-18223.26,1629.097,1.64,100.0,81.8
2675,-18374.59,402.1407,1.6,100.0,80.8
2676,-18442.6,189.5325,1.6,99.8,80.5
2677,-18499.73,273.4729,1.65,100.0,80.6
2678,-18398.0,2347.4943,1.58,99.9,80.6
2679,-18365.25,1266.7104,1.55,100.0,80.8
2680,-18268.51,1148.247,1.54,100.0,80.9
2681,-18135.29,1110.6346,1.61,100.0,81.0
2682,-18271.09,4911.1818,1.69,99.7,80.7
2683,-18270.0,4182.5209,1.56,100.0,80.8
2684,-18219.95,2047.8683,1.56,100.0,80.8
2685,-18129.92,2331.6923,1.61,100.0,80.9
2686,-18128.48,1548.4843,1.66,98.8,81.1
2687,-18080.84,1131.8245,1.68,100.0,81.1
2688,-18186.36,1317.8653,1.6,100.0,81.0
2689,-18195.2,611.3815,1.62,99.7,81.0
2690,-18179.7,582.7411,1.6,99.6,81.1
2691,-18178.78,281.6525,1.59,100.0,81.1
2692,-17988.12,2553.5837,1.56,100.0,81.3
2693,-18063.82,1096.1712,1.61,100.0,81.4
2694,-18155.19,473.0266,1.65,100.0,80.9
2695,-18176.4,519.5263,1.72,99.8,80.9
2696,-18130.33,176.5846,1.58,99.7,80.9
2697,-18036.72,1030.3901,1.61,100.0,81.0
2698,-18059.46,672.6683,1.6,99.8,81.3
2699,-18221.11,1320.2259,1.55,100.0,81.3
2700,-18077.81,470.9087,1.52,100.0,81.2
2701,-18142.76,961.1,1.62,100.0,81.3
2702,-18089.46,270.793,1.68,100.0,81.3
2703,-18142.73,624.9554,1.59,100.0,81.4
2704,-18139.19,881.5083,1.59,100.0,81.5
2705,-18024.42,581.9029,1.62,100.0,81.4
2706,-18089.86,507.5998,1.62,99.9,81.7
2707,-18088.93,189.5666,1.55,100.0,81.7
2708,-17933.01,3275.5657,1.54,100.0,81.8
2709,-18001.81,2092.2251,1.58,100.0,81.8
2710,-18110.69,2305.7082,1.65,100.0,81.8
2711,-18058.37,1368.1432,1.61,100.0,81.9
2712,-18104.21,761.3851,1.54,100.0,81.9
2713,-18117.49,519.3805,1.57,100.0,81.8
2714,-18151.02,400.0209,1.59,100.0,81.8
2715,-18032.7,1695.9926,1.65,100.0,81.9
2716,-18131.93,357.0623,1.56,100.0,82.0
2717,-18155.58,515.3636,1.62,100.0,82.0
2718,-18123.42,582.1695,1.59,100.0,82.0
2719,-18000.04,2391.4155,1.59,100.0,82.1
2720,-18090.75,1624.3276,1.51,100.0,82.1
2721,-18100.24,1248.903,1.52,100.0,82.3
2722,-18199.2,367.7601,1.64,100.0,82.4
2723,-18077.65,885.6275,1.62,100.0,82.2
2724,-18133.13,146.2916,1.58,100.0,82.2
2725,-18131.93,318.8766,1.57,100.0,82.3
2726,-18213.91,679.8761,1.58,100.0,82.4
2727,-18101.46,917.5627,1.55,100.0,82.5
2728,-18098.92,395.3166,1.54,100.0,82.4
2729,-18050.25,702.231,1.56,100.0,82.5
2730,-18071.56,811.7287,1.57,100.0,82.5
2731,-18011.99,644.347,1.6,100.0,82.6
2732,-18079.97,347.3642,1.57,100.0,82.7
2733,-18078.61,362.8942,1.56,100.0,82.7
2734,-18097.95,155.5228,1.59,100.0,82.6
2735,-18147.4,319.0101,1.54,100.0,82.3
2736,-18087.52,584.9943,1.6,100.0,82.5
2737,-17825.3,4888.1809,1.62,100.0,82.5
2738,-17931.18,2134.1858,1.7,98.9,82.6
2739,-17969.68,709.8574,1.64,97.2,82.6
2740,-18072.6,277.8796,1.59,100.0,82.6
2741,-18040.99,457.5514,1.64,100.0,82.6
2742,-18070.83,339.1584,1.55,100.0,82.6
2743,-18038.54,347.4564,1.6,100.0,82.7
2744,-18075.54,394.5608,1.6,100.0,82.8
2745,-18113.72,390.109,1.58,100.0,82.8
2746,-18037.22,597.7726,1.58,100.0,82.8
2747,-18039.86,286.1369,1.56,100.0,82.8
2748,-17945.43,494.5495,1.6,100.0,82.9
2749,-18062.26,613.7326,1.61,100.0,83.0
2750,-18034.33,426.1075,1.75,97.4,82.9
2751,-17969.82,356.1037,1.58,100.0,82.7
2752,-17999.19,153.971,1.61,100.0,82.8
2753,-17706.39,1960.0487,1.62,97.1,82.9
2754,-17698.98,1233.7248,1.58,100.0,82.9
2755,-17688.86,730.6177,1.54,100.0,83.0
2756,-17865.25,992.7521,1.6,100.0,83.0
2757,-17847.58,369.9717,1.61,100.0,82.9
2758,-17867.71,785.0173,1.6,100.0,82.4
2759,-17948.07,1676.8176,1.69,99.2,82.4
2760,-17839.55,263.4556,1.63,100.0,82.4
2761,-17762.14,949.4214,1.66,99.6,82.5
2762,-17760.73,1455.1326,1.6,99.4,82.6
2763,-17886.72,348.4716,1.57,100.0,82.6
2764,-17744.33,438.1408,1.56,100.0,82.6
2765,-17808.94,309.1034,1.6,100.0,82.6
2766,-17861.94,758.6717,1.62,99.2,82.9
2767,-17814.66,266.1099,1.57,100.0,82.4
2768,-17733.56,552.9363,1.54,100.0,82.4
2769,-17708.7,1203.822,1.61,100.0,82.4
2770,-17635.11,1385.2658,1.73,100.0,82.5
2771,-17704.25,1425.1567,1.63,100.0,82.6
2772,-17816.38,933.3401,1.58,100.0,82.7
2773,-17702.12,953.2107,1.61,100.0,82.6
2774,-17800.25,699.1034,1.64,100.0,82.7
2775,-17858.97,674.9812,1.57,100.0,82.9
2776,-17829.21,345.1917,1.52,100.0,82.9
2777,-17880.89,118.2717,1.55,100.0,83.0
2778,-17844.08,120.424,1.58,100.0,83.1
2779,-17614.18,5406.1263,1.63,100.0,82.9
2780,-17942.28,1292.1362,1.55,100.0,82.9
2781,-17830.37,347.7546,1.57,100.0,83.0
2782,-17890.66,187.3633,1.65,100.0,83.1
2783,-17862.67,212.4728,1.67,100.0,83.1
2784,-17777.67,1143.4252,1.61,100.0,83.3
2785,-17941.25,1037.6656,1.59,100.0,83.1
2786,-17893.07,141.0065,1.62,100.0,83.2
2787,-17876.55,121.0425,1.59,100.0,83.2
2788,-17870.91,65.366,1.57,100.0,83.3
2789,-17910.84,634.9196,1.53,100.0,83.3
2790,-17953.57,346.0281,1.53,100.0,83.2
2791,-17907.41,377.2587,1.56,100.0,83.2
2792,-17954.41,409.268,1.52,100.0,83.1
2793,-17924.93,53.2858,1.58,100.0,83.2
2794,-17675.55,3504.0562,1.63,100.0,83.3
2795,-17664.4,2176.2825,1.62,100.0,83.4
2796,-17678.19,1139.3718,1.6,100.0,83.3
2797,-17761.29,2147.976,1.58,100.0,83.3
2798,-17665.28,890.709,1.65,100.0,83.6
2799,-17630.99,885.341,1.6,100.0,83.7
2800,-17551.31,1645.6319,1.58,100.0,83.8
2801,-17586.28,916.6995,1.6,100.0,83.7
2802,-17688.15,778.3117,1.61,100.0,83.7
2803,-17600.0,324.6251,1.61,100.0,83.8
2804,-17554.09,193.6793,1.54,100.0,83.9
2805,-17720.74,960.647,1.52,100.0,83.8
2806,-17532.5,611.6338,1.57,100.0,83.3
2807,-17641.87,89.6814,1.72,100.0,83.0
2808,-17624.74,790.3176,1.69,99.2,83.1
2809,-17625.13,526.1412,1.61,100.0,83.2
2810,-17656.9,282.2431,1.6,100.0,83.2
2811,-17623.46,857.8594,1.58,100.0,83.3
2812,-17710.31,368.6154,1.59,100.0,83.2
2813,-17941.22,1403.006,1.59,100.0,83.0
2814,-17907.11,669.9592,1.61,100.0,82.8
2815,-17937.83,407.1659,1.62,100.0,82.8
2816,-17866.77,374.2244,1.65,99.2,83.1
2817,-17786.8,767.5418,1.58,98.8,83.4
2818,-17659.12,1855.001,1.55,100.0,83.3
2819,-17581.9,625.0736,1.55,100.0,83.2
2820,-17829.18,2540.8197,1.64,100.0,83.3
2821,-17847.33,2850.3342,1.61,100.0,83.3
2822,-17927.39,2792.0592,1.59,100.0,83.4
2823,-17850.42,524.4178,1.55,100.0,83.5
2824,-17698.85,1041.9405,1.55,100.0,83.4
2825,-17669.21,1567.324,1.55,100.0,83.3
2826,-17726.89,351.826,1.64,100.0,83.4
2827,-17695.68,303.4647,1.6,100.0,83.4
2828,-17723.3,1117.0289,1.64,100.0,83.4
2829,-17744.96,675.1412,1.69,100.0,83.6
2830,-17690.74,705.4954,1.62,100.0,83.6
2831,-17859.55,255.6014,1.62,99.6,83.6
2832,-17935.27,211.2355,1.55,100.0,83.7
2833,-17939.89,240.8091,1.57,100.0,83.8
2834,-17858.29,306.8961,1.6,100.0,83.8
2835,-17683.85,1217.8116,1.67,100.0,83.7
2836,-17904.38,656.905,1.6,100.0,83.9
2837,-17672.18,418.5751,1.62,100.0,83.9
2838,-17900.81,1263.1419,1.59,100.0,83.9
2839,-17809.32,599.4685,1.61,100.0,83.9
2840,-17628.75,1619.5734,1.55,100.0,83.9
2841,-17721.52,749.0561,1.58,100.0,83.9
2842,-17685.21,257.242,1.56,100.0,83.9
2843,-17656.07,812.272,1.69,100.0,84.0
2844,-17572.39,205.6239,1.62,100.0,84.0
2845,-17630.8,146.1757,1.57,100.0,84.0
2846,-17592.97,106.1769,1.58,100.0,84.0
2847,-17557.14,326.9055,1.58,100.0,84.1
2848,-17532.41,125.1447,1.63,100.0,83.6
2849,-17598.72,759.8128,1.65,100.0,83.7
2850,-17575.12,317.6989,1.61,100.0,83.6
2851,-17554.41,293.3922,1.66,100.0,83.9
2852,-17584.39,409.572,1.65,99.9,83.8
2853,-17518.62,389.352,1.56,100.0,83.8
2854,-17522.28,119.581,1.55,100.0,83.8
2855,-17567.44,291.1311,1.57,100.0,83.9
2856,-17503.68,663.9314,1.57,100.0,83.9
2857,-17620.79,455.9843,1.79,98.6,83.9
2858,-17620.25,152.7481,1.58,100.0,84.0
2859,-17562.66,437.8409,1.66,100.0,84.0
2860,-17531.44,211.8581,1.6,99.6,84.1
2861,-17559.29,448.6373,1.58,100.0,84.1
2862,-17501.35,185.6777,1.55,100.0,84.1
2863,-17525.36,92.3115,1.58,100.0,84.1
2864,-17532.37,61.4605,1.59,100.0,84.1
2865,-17551.01,447.1148,1.59,100.0,84.2
2866,-17582.47,325.3846,1.63,100.0,84.1
2867,-17631.41,266.6025,1.6,100.0,84.1
2868,-17687.88,166.1259,1.64,99.4,84.1
2869,-17941.64,1795.3944,1.62,100.0,84.2
2870,-17774.21,836.8188,1.57,100.0,84.3
2871,-17725.29,440.1902,1.59,100.0,84.3
2872,-17772.3,362.3399,1.59,100.0,84.3
2873,-17760.46,198.4118,1.61,100.0,84.3
2874,-17693.41,432.2512,1.52,100.0,84.3
2875,-17714.3,185.6202,1.68,100.0,84.5
2876,-17767.69,374.4164,1.62,100.0,84.7
2877,-17618.51,733.2367,1.66,100.0,84.7
2878,-17647.7,302.997,1.58,100.0,84.6
2879,-17649.87,319.5912,1.55,100.0,84.6
2880,-17608.75,180.9438,1.55,100.0,84.6
2881,-17647.71,26.3404,1.61,100.0,84.7
2882,-17700.2,69.7989,1.57,100.0,84.8
2883,-17621.09,259.518,1.57,100.0,84.8
2884,-17683.49,698.3903,1.57,100.0,84.5
2885,-17708.35,506.356,1.62,100.0,84.6
2886,-17708.41,394.0804,1.59,100.0,84.7
2887,-17838.45,123.0716,1.55,100.0,84.7
2888,-17688.8,494.9074,1.7,89.5,85.0
2889,-17550.74,1372.7469,1.6,100.0,86.3
2890,-17490.71,1033.9941,1.54,100.0,85.8
2891,-17547.43,1289.9034,1.79,100.0,84.3
2892,-17451.98,418.131,1.85,96.1,84.5
2893,-17507.72,491.2391,1.72,100.0,84.6
2894,-17448.14,449.9394,1.6,100.0,84.6
2895,-17531.85,209.43,1.68,100.0,84.6
2896,-17548.5,119.94,1.76,95.7,84.7
2897,-17429.22,391.2691,1.65,100.0,84.7
2898,-17458.01,223.3688,1.58,100.0,84.7
2899,-17479.89,625.8758,1.61,100.0,84.9
2900,-17419.34,459.3863,1.62,99.4,85.0
2901,-17343.01,504.8901,1.55,100.0,84.9
2902,-17330.98,268.0656,1.54,100.0,84.9
2903,-17388.59,569.7617,1.62,100.0,85.0
2904,-17278.82,445.4657,1.65,100.0,85.0
2905,-17270.83,242.1414,1.71,100.0,85.1
2906,-17292.3,41.8457,1.54,100.0,85.1
2907,-17256.74,381.7098,1.59,100.0,85.1
2908,-17187.48,426.4205,1.64,100.0,85.2
2909,-17161.76,548.0215,1.64,99.2,85.4
2910,-17157.43,204.9745,1.6,100.0,85.6
2911,-17261.22,413.4655,1.56,100.0,85.6
2912,-17191.96,338.7834,1.6,100.0,85.6
2913,-17153.55,278.9091,1.7,99.5,85.7
2914,-17154.55,193.4245,1.59,100.0,85.5
2915,-17289.37,912.7735,1.54,100.0,85.5
2916,-17252.92,373.5773,1.57,100.0,85.6
2917,-17607.93,10517.2441,1.6,100.0,85.4
2918,-17674.13,9755.812,1.74,98.5,85.3
2919,-17674.21,8796.7615,1.6,100.0,85.4
2920,-17681.64,8309.8256,1.55,100.0,85.5
2921,-17673.05,6857.8646,1.58,100.0,85.6
2922,-17688.43,5641.4664,1.57,100.0,85.3
2923,-17699.83,3449.0971,1.54,100.0,85.5
2924,-17715.34,2891.4175,1.56,100.0,85.3
2925,-17697.84,1990.5806,1.69,100.0,85.4
2926,-17635.97,1829.0832,1.72,98.7,85.5
2927,-17695.78,1657.9242,1.69,98.3,85.4
2928,-17715.33,1364.9094,1.57,100.0,85.4
2929,-17704.38,1070.3432,1.57,100.0,85.5
2930,-17656.52,1328.5934,1.6,100.0,85.4
2931,-17702.73,826.2761,1.61,100.0,85.3
2932,-17729.84,676.6565,1.56,100.0,85.4
2933,-17204.38,16573.3359,1.57,100.0,85.4
2934,-17814.26,1808.435,1.66,100.0,85.3
2935,-17309.17,12583.5276,1.68,98.4,85.4
2936,-17336.13,7325.3885,1.61,100.0,85.5
2937,-17397.73,5109.2189,1.55,100.0,85.5
2938,-17397.85,3614.9254,1.59,100.0,85.6
2939,-17401.42,3094.6761,1.65,100.0,85.6
2940,-17317.71,3217.7156,1.62,100.0,85.7
2941,-17440.37,2426.4033,1.62,100.0,85.2
2942,-17446.13,1898.3512,1.62,100.0,85.3
2943,-17413.2,1769.8506,1.64,99.5,85.3
2944,-17387.13,901.1692,1.63,100.0,85.6
2945,-17445.9,842.9878,1.53,100.0,85.5
2946,-17423.13,325.8531,1.54,100.0,85.6
2947,-17410.28,450.4118,1.58,100.0,85.6
2948,-17484.7,841.2315,1.66,98.6,85.9
2949,-17537.22,795.6313,1.62,100.0,85.8
2950,-17544.02,310.5748,1.58,100.0,85.9
2951,-17516.76,583.8887,1.61,100.0,86.0
2952,-17466.56,417.8366,1.68,99.6,86.2
2953,-17474.23,457.2633,1.59,99.4,85.5
2954,-17533.82,694.538,1.6,100.0,85.5
2955,-17501.86,92.89,1.6,100.0,85.6
2956,-17436.73,670.2616,1.64,100.0,85.7
2957,-17456.53,262.5879,1.6,99.7,85.7
2958,-17401.18,391.3695,1.56,100.0,85.7
2959,-17468.56,153.7469,1.56,100.0,85.7
2960,-17472.49,152.1721,1.58,100.0,85.8
2961,-17380.85,276.9224,1.61,100.0,85.8
2962,-17425.86,121.1671,1.52,100.0,85.8
2963,-17510.82,324.5067,1.56,100.0,85.8
2964,-17481.29,208.9001,1.64,100.0,85.2
2965,-17317.66,1016.5387,1.6,100.0,85.3
2966,-17394.35,427.7054,1.63,100.0,85.3
2967,-17306.77,352.5843,1.55,100.0,85.3
2968,-17252.32,230.8138,1.61,100.0,85.4
2969,-17239.87,379.6502,1.64,100.0,85.5
2970,-17222.67,194.0437,1.58,100.0,85.6
2971,-17278.77,273.4392,1.51,100.0,85.5
2972,-17339.26,148.0737,1.52,100.0,85.6
2973,-17202.56,552.3038,1.55,100.0,85.7
2974,-17219.35,229.2092,1.56,100.0,85.8
2975,-17231.17,240.736,1.53,100.0,85.7
2976,-17370.91,574.9905,1.59,100.0,85.7
2977,-17268.36,169.5802,1.56,100.0,85.1
2978,-17336.3,138.858,1.58,100.0,85.1
2979,-17290.78,130.5112,1.57,100.0,85.2
2980,-17669.83,12823.0391,1.53,100.0,85.3
2981,-17320.91,135.289,1.59,100.0,85.3
2982,-17285.49,330.0226,1.58,100.0,85.4
2983,-17685.86,12854.8779,1.61,100.0,85.3
2984,-17693.84,13259.4976,1.55,100.0,85.2
2985,-17268.54,617.4656,1.58,100.0,85.4
2986,-17327.69,107.7558,1.58,98.8,85.3
2987,-17324.2,95.5184,1.55,100.0,85.3
2988,-17303.15,208.9947,1.56,100.0,85.4
2989,-17262.13,306.1813,1.55,100.0,85.3
2990,-17298.05,320.0542,1.7,100.0,85.4
2991,-17342.7,277.6066,1.67,100.0,85.5
2992,-17353.19,101.9005,1.58,100.0,85.6
2993,-17432.83,163.6653,1.57,100.0,85.6
2994,-17356.3,164.9266,1.63,99.8,85.7
2995,-17432.7,172.1344,1.74,100.0,86.5
2996,-17283.36,276.045,1.62,100.0,86.7
2997,-17753.01,13084.96,1.57,100.0,86.7
2998,-17322.39,169.7688,1.63,100.0,86.6
2999,-17286.24,99.7987,1.57,100.0,86.2
3000,-17338.93,152.1068,1.57,100.0,86.4
3001,-17344.1,274.3652,1.53,100.0,86.4
3002,-17296.16,73.6532,1.58,100.0,86.5
3003,-17241.72,68.9899,1.65,100.0,86.6
3004,-17325.46,198.2,1.75,98.9,86.3
3005,-17375.62,166.5198,1.6,100.0,86.3
3006,-17301.69,286.2264,1.59,100.0,86.4
3007,-17312.59,102.6102,1.6,99.9,86.1
3008,-17729.57,13730.9993,1.54,100.0,86.0
3009,-17750.4,13311.395,1.57,100.0,86.0
3010,-17301.05,613.7547,1.57,100.0,86.1
3011,-17324.1,299.906,1.6,100.0,86.2
3012,-17341.27,177.4485,1.69,100.0,86.3
3013,-17346.91,171.947,1.55,100.0,86.3
3014,-17397.34,123.2878,1.52,100.0,86.2
3015,-17708.16,13252.0254,1.65,100.0,86.1
3016,-17702.92,12622.3696,1.67,98.3,85.8
3017,-17780.71,9966.6389,1.64,100.0,85.9
3018,-17346.64,1393.1312,1.53,100.0,85.9
3019,-17336.05,1422.2389,1.55,100.0,85.9
3020,-17374.45,792.7609,1.61,100.0,86.0
3021,-17369.88,812.7856,1.59,100.0,86.0
3022,-17459.22,460.9101,1.53,100.0,86.0
3023,-17402.46,442.3295,1.56,100.0,86.0
3024,-17399.1,419.392,1.58,100.0,85.8
3025,-17454.16,289.9992,1.67,99.9,85.8
3026,-17437.0,64.9373,1.58,100.0,85.8
3027,-17386.4,81.7245,1.54,100.0,85.6
3028,-17407.57,183.0519,1.64,100.0,85.7
3029,-17450.36,117.1363,1.75,97.3,86.1
3030,-17395.86,175.7619,1.64,100.0,86.1
3031,-17364.68,177.1127,1.57,100.0,86.0
3032,-17407.4,155.4561,1.57,100.0,86.1
3033,-17492.67,238.4623,1.61,100.0,86.2
3034,-17398.09,384.0513,1.56,100.0,86.3
3035,-17337.26,365.1521,1.53,100.0,86.3
3036,-17757.42,12808.3408,1.59,100.0,86.3
3037,-17340.93,452.8887,1.68,100.0,86.4
3038,-17783.49,12026.3071,1.69,98.9,86.6
3039,-17399.58,263.4771,1.56,100.0,86.6
3040,-17454.7,156.4032,1.57,100.0,86.7
3041,-17412.11,280.9461,1.56,100.0,86.6
3042,-17441.3,62.7452,1.62,100.0,86.7
3043,-17526.49,166.3009,1.55,100.0,86.7
3044,-17734.04,1114.2923,1.58,100.0,86.7
3045,-17831.88,638.12,1.63,100.0,86.8
3046,-17717.41,870.6478,1.65,100.0,86.4
3047,-17643.21,1107.1508,1.57,100.0,86.6
3048,-17612.96,415.4031,1.63,100.0,86.5
3049,-17606.21,250.9413,1.59,100.0,86.5
3050,-17622.19,400.6311,1.62,100.0,86.2
3051,-17607.89,191.9521,1.62,100.0,86.3
3052,-17635.61,121.1901,1.55,100.0,86.3
3053,-17621.63,90.8488,1.57,100.0,86.4
3054,-17486.08,492.2376,1.55,100.0,86.3
3055,-17848.96,10716.7134,1.63,100.0,86.4
3056,-17820.7,10250.9304,1.67,100.0,85.9
3057,-17378.39,1653.2359,1.6,100.0,86.0
3058,-17784.98,8640.491,1.61,100.0,86.1
3059,-17790.44,7027.2216,1.64,99.3,86.3
3060,-17778.31,4467.9438,1.6,100.0,86.5
3061,-17847.47,3444.4733,1.53,100.0,86.5
3062,-17278.85,7903.1912,1.61,100.0,86.5
3063,-17746.12,1958.6077,1.57,100.0,86.5
3064,-17735.46,1483.4588,1.6,100.0,86.5
3065,-17831.4,1755.6441,1.61,100.0,86.7
3066,-17344.72,8049.8092,1.6,100.0,86.6
3067,-17411.72,5983.7678,1.61,100.0,86.6
3068,-17903.74,4442.0422,1.58,100.0,86.6
3069,-17831.73,3135.2239,1.58,100.0,86.7
3070,-17336.2,6281.0844,1.63,100.0,86.8
3071,-17399.57,5249.4736,1.61,100.0,86.8
3072,-17861.1,3493.3024,1.62,100.0,86.8
3073,-17403.28,4850.8805,1.57,100.0,86.9
3074,-17421.27,3865.02,1.6,100.0,86.9
3075,-17449.47,3022.2236,1.59,100.0,87.0
3076,-17493.21,1700.4014,1.67,99.6,86.7
3077,-17460.37,1071.2949,1.81,99.5,86.5
3078,-17509.39,937.0989,1.58,100.0,86.5
3079,-17474.72,615.3688,1.54,100.0,86.5
3080,-17496.87,412.2746,1.58,100.0,86.6
3081,-17518.51,129.9911,1.57,100.0,86.6
3082,-17518.1,135.2405,1.57,100.0,86.7
3083,-17541.28,64.815,1.63,100.0,86.7
3084,-17527.85,54.5424,1.59,100.0,86.8
3085,-17467.25,117.9762,1.71,100.0,86.7
3086,-17510.42,302.5379,1.62,99.9,87.0
3087,-17395.69,462.7388,1.56,100.0,87.0
3088,-17803.42,11712.4651,1.57,100.0,87.1
3089,-17902.53,11561.1807,1.59,100.0,87.0
3090,-17422.78,1043.3605,1.65,100.0,87.1
3091,-17373.69,1442.9207,1.59,100.0,87.1
3092,-17449.39,512.4889,1.57,100.0,87.2
3093,-17443.99,531.6521,1.58,99.8,86.7
3094,-17509.87,611.5612,1.56,100.0,86.7
3095,-17505.82,149.5087,1.56,100.0,86.9
3096,-17480.21,300.0667,1.55,100.0,86.9
3097,-17413.68,417.2757,1.6,100.0,87.0
3098,-17325.45,536.6392,1.59,100.0,87.1
3099,-17296.46,159.8896,1.73,100.0,87.2
3100,-17731.87,15011.2954,1.6,100.0,87.1
3101,-17386.83,259.0903,1.6,100.0,87.3
3102,-17340.4,271.1988,1.61,100.0,87.1
3103,-17323.67,230.9186,1.64,100.0,87.1
3104,-17262.38,285.3351,1.61,100.0,87.2
3105,-17736.66,14403.8708,1.59,100.0,87.3
3106,-17732.28,13076.8115,1.62,99.8,87.3
3107,-17279.65,346.9596,1.6,100.0,87.3
3108,-17725.44,11827.3376,1.55,100.0,87.3
3109,-17305.7,377.3803,1.56,100.0,87.3
3110,-17413.4,210.6347,1.57,100.0,87.4
3111,-17331.82,591.854,1.64,100.0,87.5
3112,-17414.09,154.4863,1.55,100.0,87.4
3113,-17438.26,132.9116,1.52,100.0,87.4
3114,-17459.9,312.0138,1.67,100.0,87.6
3115,-17390.53,214.6036,1.63,100.0,87.6
3116,-17370.06,188.2571,1.56,100.0,87.6
3117,-17379.08,131.1719,1.57,100.0,87.8
3118,-17408.97,93.1184,1.68,100.0,87.9
3119,-17468.61,121.978,1.64,100.0,88.0
3120,-17527.28,99.6125,1.7,98.2,88.1
3121,-17440.17,380.866,1.58,100.0,88.1
3122,-17513.39,102.5833,1.58,100.0,88.3
3123,-17568.38,425.8437,1.58,100.0,88.1
3124,-17533.13,99.817,1.65,100.0,88.0
3125,-17522.67,116.6229,1.61,100.0,88.0
3126,-17490.13,257.6729,1.55,100.0,88.2
3127,-17491.02,385.618,1.57,100.0,88.2
3128,-17475.9,179.1676,1.59,100.0,88.2
3129,-17855.27,14464.3428,1.54,100.0,88.2
3130,-17768.82,12962.6851,1.54,100.0,88.3
3131,-17844.87,12574.2522,1.56,100.0,88.3
3132,-17828.47,10456.3333,1.62,100.0,88.4
3133,-17361.08,2430.7697,1.71,99.1,87.8
3134,-17449.12,1504.1822,1.59,100.0,87.4
3135,-17436.38,1253.21,1.57,100.0,87.5
3136,-17412.89,712.7205,1.56,100.0,87.6
3137,-17419.4,279.5037,1.66,100.0,87.6
3138,-17412.42,167.0167,1.71,98.3,87.9
3139,-17490.8,180.8772,1.59,100.0,87.9
3140,-17478.81,260.5788,1.54,100.0,87.9
3141,-17414.29,266.1686,1.6,100.0,88.0
3142,-17446.22,92.2546,1.57,100.0,88.0
3143,-17452.85,61.8628,1.57,100.0,88.0
3144,-17856.84,13984.9031,1.55,100.0,88.1
3145,-17405.41,276.8248,1.59,100.0,88.1
3146,-17406.24,171.5816,1.63,100.0,88.1
3147,-17452.39,351.454,1.65,100.0,87.5
3148,-17479.42,327.0234,1.56,100.0,87.5
3149,-17539.42,138.5931,1.61,100.0,87.6
3150,-17492.36,231.4249,1.68,100.0,87.7
3151,-17501.95,181.3798,1.7,97.7,87.9
3152,-17586.03,706.3431,1.57,100.0,87.8
3153,-17547.17,412.7539,1.54,100.0,87.9
3154,-17634.42,195.8826,1.59,100.0,88.0
3155,-17729.16,251.0207,1.67,100.0,88.0
3156,-17659.41,373.9118,1.63,100.0,87.9
3157,-17565.26,397.8025,1.56,100.0,87.9
3158,-17635.34,183.9687,1.58,100.0,88.0
3159,-17475.08,246.932,1.57,100.0,88.2
3160,-17443.86,304.8956,1.6,100.0,88.2
3161,-17461.6,203.8822,1.52,100.0,88.2
3162,-17460.71,78.2682,1.6,100.0,88.3
3163,-17469.42,183.5418,1.58,100.0,88.2
3164,-17565.67,488.8239,1.56,100.0,88.3
3165,-17571.93,225.9882,1.55,100.0,88.2
3166,-17647.08,329.549,1.57,100.0,88.3
3167,-17588.88,226.8846,1.68,100.0,88.4
3168,-17499.21,305.444,1.63,100.0,88.5
3169,-17499.21,156.887,1.64,100.0,88.4
3170,-17424.37,144.6605,1.59,100.0,88.1
3171,-17513.04,296.422,1.6,100.0,88.1
3172,-17546.55,164.1927,1.62,100.0,88.3
3173,-17514.38,274.0318,1.55,100.0,88.4
3174,-17540.28,149.0836,1.53,100.0,88.3
3175,-17483.66,148.8526,1.63,100.0,88.2
3176,-17515.32,102.9528,1.7,99.3,87.4
3177,-17554.72,257.241,1.62,100.0,87.5
3178,-17573.01,220.4087,1.52,100.0,87.5
3179,-17612.7,343.6113,1.59,100.0,87.5
3180,-17528.95,154.3502,1.59,100.0,87.5
3181,-17537.37,189.1475,1.62,100.0,87.5
3182,-17489.05,145.4092,1.52,100.0,87.5
3183,-17546.81,118.7755,1.55,100.0,87.6
3184,-17472.73,298.5855,1.58,100.0,87.7
3185,-17557.93,331.7547,1.6,100.0,87.7
3186,-17483.38,184.6468,1.52,100.0,87.8
3187,-17515.72,107.193,1.54,100.0,87.8
3188,-17563.4,137.4854,1.7,100.0,87.9
3189,-17554.12,212.7193,1.67,100.0,88.0
3190,-17506.99,356.5845,1.69,100.0,88.0
3191,-17881.19,13489.0244,1.55,100.0,88.0
3192,-17902.82,12379.3149,1.56,100.0,88.1
3193,-17476.39,751.4099,1.61,100.0,88.1
3194,-17454.73,974.3699,1.67,100.0,88.1
3195,-17963.09,11690.3379,1.61,100.0,88.1
3196,-17488.57,438.901,1.55,100.0,88.1
3197,-17441.73,429.8162,1.57,100.0,88.2
3198,-17880.65,12840.8936,1.58,100.0,88.2
3199,-17417.92,236.7675,1.54,100.0,88.2
3200,-17450.38,249.0656,1.54,100.0,88.3
3201,-17443.31,322.4645,1.57,100.0,88.4
3202,-17541.31,534.0421,1.56,100.0,88.4
3203,-17568.31,554.7722,1.7,99.5,88.3
3204,-17489.49,313.9706,1.6,100.0,88.3
3205,-17499.31,146.0689,1.57,100.0,88.3
3206,-17468.66,252.0966,1.55,100.0,88.4
3207,-17423.37,210.4671,1.56,100.0,88.5
3208,-17471.12,317.5084,1.53,100.0,88.5
3209,-17465.55,209.6697,1.6,100.0,88.5
3210,-17535.09,289.4939,1.66,99.3,88.7
3211,-17580.6,304.5934,1.64,100.0,89.0
3212,-17556.45,206.7385,1.56,100.0,89.0
3213,-17532.11,372.0984,1.6,100.0,88.6
3214,-17493.63,147.3464,1.63,93.6,88.8
3215,-17616.67,674.3799,1.57,100.0,89.0
3216,-17492.37,209.9894,1.54,100.0,89.1
3217,-17499.88,274.2115,1.58,100.0,89.1
3218,-17430.65,163.9768,1.63,100.0,89.0
3219,-17501.79,325.5306,1.59,100.0,89.2
3220,-17477.32,322.0936,1.54,100.0,89.1
3221,-17484.23,108.4405,1.55,100.0,89.2
3222,-17508.01,91.1852,1.6,100.0,89.2
3223,-17490.82,56.4544,1.55,100.0,89.3
3224,-17440.93,294.4548,1.53,100.0,89.3
3225,-17916.37,16322.4121,1.51,100.0,89.3
3226,-17946.35,15487.8774,1.53,100.0,89.3
3227,-17423.45,366.1628,1.7,100.0,89.3
3228,-17495.41,114.0797,1.69,100.0,89.4
3229,-17440.5,155.5016,1.55,100.0,89.5
3230,-17525.7,280.0487,1.62,100.0,89.5
3231,-17486.83,181.3406,1.61,100.0,89.5
3232,-17519.94,132.1893,1.61,100.0,89.5
3233,-17546.41,95.9068,1.61,100.0,89.5
3234,-17584.46,206.3414,1.6,100.0,89.5
3235,-17686.23,472.7923,1.62,99.8,89.4
3236,-17666.0,236.5573,1.68,100.0,89.4
3237,-17690.61,142.621,1.6,100.0,89.4
3238,-17560.07,503.3738,1.53,100.0,89.5
3239,-17557.57,151.2226,1.58,100.0,89.5
3240,-17607.74,838.9819,1.63,100.0,89.6
3241,-17535.59,232.937,1.65,100.0,89.5
3242,-17563.36,129.4842,1.59,100.0,89.6
3243,-18056.15,13681.3479,1.59,100.0,89.5
3244,-17500.72,813.2212,1.62,100.0,89.6
3245,-17517.72,344.1429,1.71,98.9,89.8
3246,-17968.66,14392.4802,1.63,100.0,89.8
3247,-17481.71,165.803,1.59,100.0,89.6
3248,-17490.59,110.0234,1.62,100.0,89.6
3249,-17520.02,102.4264,1.61,98.5,88.7
3250,-17495.79,69.816,1.59,100.0,88.7
3251,-17499.23,67.0624,1.56,100.0,88.8
3252,-17512.75,262.6768,1.6,100.0,88.8
3253,-17910.32,13334.2444,1.59,100.0,88.8
3254,-17854.27,13071.9666,1.64,100.0,88.9
3255,-17806.42,11924.3108,1.58,100.0,88.8
3256,-17840.43,12099.9846,1.59,100.0,88.8
3257,-17798.46,9002.9128,1.59,100.0,88.9
3258,-17825.51,7821.2954,1.53,100.0,88.9
3259,-17814.34,5670.1029,1.53,100.0,89.0
3260,-17783.54,4687.2622,1.57,100.0,88.8
3261,-17770.24,4212.3978,1.65,100.0,88.6
3262,-17772.34,2941.0037,1.67,100.0,88.7
3263,-17827.63,2127.0349,1.55,100.0,88.8
3264,-17821.37,1980.4065,1.6,100.0,88.9
3265,-17831.24,1745.8123,1.61,100.0,88.9
3266,-17874.18,1449.7117,1.65,100.0,88.5
3267,-17830.55,1061.4825,1.62,100.0,88.5
3268,-17850.87,1134.1941,1.55,100.0,88.6
3269,-17813.34,871.6647,1.64,100.0,88.5
3270,-17739.04,4864.553,1.68,98.9,88.2
3271,-17721.93,1782.1421,1.57,100.0,88.2
3272,-17586.98,1429.1791,1.53,100.0,88.1
3273,-17625.4,1247.4561,1.57,100.0,88.1
3274,-17626.1,688.3106,1.62,100.0,88.1
3275,-17633.65,329.6549,1.63,100.0,88.1
3276,-17710.67,836.5834,1.54,100.0,88.2
3277,-17776.81,658.1205,1.57,100.0,88.3
3278,-17747.93,483.6494,1.66,100.0,88.2
3279,-17846.18,359.306,1.69,99.4,88.2
3280,-17749.76,595.5458,1.58,100.0,88.1
3281,-17677.17,432.8674,1.56,100.0,88.2
3282,-17728.89,293.8874,1.64,100.0,88.2
3283,-17729.1,514.6546,1.74,100.0,88.5
3284,-17688.26,222.3379,1.69,99.5,87.5
3285,-17687.38,185.9472,1.6,100.0,87.6
3286,-17700.54,164.456,1.56,100.0,87.6
3287,-17648.18,84.649,1.57,100.0,87.7
3288,-17749.52,960.7393,1.59,100.0,87.8
3289,-17725.11,571.4362,1.61,100.0,87.8
3290,-17650.87,646.1779,1.55,100.0,87.8
3291,-17696.81,1134.566,1.61,100.0,87.8
3292,-17678.01,143.847,1.62,100.0,87.7
3293,-17659.58,87.8472,1.62,100.0,87.8
3294,-17678.37,63.3043,1.53,100.0,88.0
3295,-17637.95,206.4946,1.56,100.0,87.9
3296,-17611.46,41.0211,1.67,100.0,87.4
3297,-17698.08,931.5347,1.71,87.4,87.7
3298,-17641.17,401.7783,1.65,99.6,87.9
3299,-17725.73,882.9682,1.57,100.0,88.0
3300,-17727.7,374.3755,1.56,100.0,87.8
3301,-17639.82,486.5251,1.58,100.0,87.9
3302,-17596.25,348.3556,1.65,100.0,88.0
3303,-17625.33,357.2566,1.53,100.0,87.8
3304,-17572.67,307.4133,1.55,100.0,87.9
3305,-17613.9,269.7104,1.61,100.0,88.0
3306,-17711.53,878.0632,1.64,100.0,88.0
3307,-17631.33,1776.9636,1.53,100.0,88.1
3308,-17606.01,1189.3892,1.52,100.0,88.1
3309,-17690.92,476.1239,1.56,100.0,88.1
3310,-17723.61,314.6236,1.54,100.0,87.8
3311,-17726.22,357.7048,1.53,100.0,87.9
3312,-17743.67,116.3622,1.52,100.0,87.7
3313,-17702.51,108.6284,1.57,100.0,87.9
3314,-17594.26,473.9848,1.55,100.0,88.0
3315,-17632.18,587.3822,1.49,100.0,88.0
3316,-17655.24,1371.923,1.56,100.0,88.0
3317,-17651.0,959.6506,1.58,100.0,87.9
3318,-17688.63,447.6895,1.65,100.0,88.0
3319,-17640.04,405.9328,1.53,100.0,88.0
3320,-17649.55,133.2558,1.58,100.0,88.0
3321,-17683.02,1184.7595,1.67,100.0,87.5
3322,-17587.11,1283.4774,1.68,100.0,87.7
3323,-17673.42,494.0332,1.59,100.0,87.7
3324,-17676.29,600.7033,1.55,100.0,87.8
3325,-17673.4,283.6717,1.66,100.0,87.9
3326,-17695.03,284.8415,1.69,90.9,88.2
3327,-17612.3,1064.3418,1.66,99.8,88.3
3328,-17542.92,794.4853,1.52,100.0,88.3
3329,-17708.41,880.8876,1.59,100.0,88.3
3330,-17735.38,870.7585,1.59,98.2,88.4
3331,-17718.11,346.569,1.59,100.0,88.5
3332,-17729.88,282.6357,1.52,100.0,88.4
3333,-17769.06,693.4905,1.61,100.0,88.5
3334,-17855.85,698.2797,1.75,100.0,89.5
3335,-17810.31,347.7712,1.6,100.0,89.5
3336,-17746.51,461.9237,1.58,100.0,89.6
3337,-17696.96,374.9738,1.6,100.0,89.6
3338,-17706.31,368.4938,1.61,100.0,89.7
3339,-17790.07,551.0332,1.62,100.0,89.2
3340,-17782.78,317.6381,1.59,100.0,89.3
3341,-17733.74,668.3798,1.62,100.0,89.2
3342,-17763.3,102.7195,1.64,100.0,88.3
3343,-17849.01,526.041,1.86,100.0,88.1
3344,-17762.02,115.0684,1.76,99.5,87.7
3345,-17771.68,239.1507,1.65,100.0,87.7
3346,-17764.35,57.2785,1.56,100.0,87.6
3347,-17743.11,843.2157,1.59,100.0,88.0
3348,-17619.62,791.1676,1.61,100.0,87.8
3349,-17626.52,465.6348,1.58,100.0,87.8
3350,-17601.25,174.094,1.52,100.0,87.8
3351,-17664.41,117.1194,1.59,100.0,87.9
3352,-17733.1,163.3865,1.63,100.0,87.4
3353,-17750.49,103.135,1.59,100.0,87.4
3354,-17759.59,236.169,1.55,100.0,87.4
3355,-17705.8,897.3732,1.56,100.0,87.9
3356,-17674.53,280.6393,1.59,100.0,87.8
3357,-17768.44,365.6921,1.52,100.0,87.7
3358,-17732.52,176.3597,1.56,100.0,87.6
3359,-17762.37,277.4715,1.66,100.0,87.7
3360,-17766.52,107.6374,1.71,100.0,87.6
3361,-17764.41,26.8871,1.72,99.9,87.5
3362,-17747.03,73.2924,1.62,100.0,87.6
3363,-17781.29,68.67,1.55,100.0,87.6
3364,-17786.57,83.7993,1.63,99.3,87.5
3365,-17729.47,142.3727,1.59,100.0,87.4
3366,-17786.81,137.1942,1.64,100.0,87.6
3367,-17787.19,150.5549,1.59,100.0,87.6
3368,-17811.33,204.946,1.6,100.0,87.7
3369,-17768.16,151.3808,1.58,100.0,87.6
3370,-17731.7,306.3702,1.63,100.0,87.6
3371,-17853.78,590.4789,1.57,100.0,87.7
3372,-17825.59,360.4117,1.64,100.0,87.8
3373,-17789.3,353.2967,1.64,99.8,87.8
3374,-17810.58,106.3673,1.65,97.1,87.9
3375,-17893.89,513.7968,1.58,100.0,87.8
3376,-17938.77,441.3691,1.61,100.0,87.8
3377,-17861.57,215.5464,1.71,100.0,87.9
3378,-17733.36,858.398,1.73,90.3,88.0
3379,-17808.84,283.2259,1.59,100.0,88.1
3380,-17841.87,453.4381,1.57,100.0,88.1
3381,-17829.44,248.7877,1.58,100.0,88.0
3382,-17774.8,171.1891,1.62,100.0,87.6
3383,-17773.43,116.0091,1.58,100.0,87.8
3384,-17782.17,136.3894,1.58,100.0,87.8
3385,-17822.07,107.3968,1.56,100.0,87.9
3386,-17853.53,256.0117,1.59,100.0,88.0
3387,-17755.57,355.292,1.58,100.0,88.0
3388,-17766.36,197.3544,1.52,100.0,87.9
3389,-17817.52,116.6943,1.54,100.0,87.9
3390,-17826.64,321.7955,1.62,100.0,88.1
3391,-17775.76,304.3253,1.67,99.4,88.1
3392,-17841.84,205.6405,1.69,100.0,88.2
3393,-17821.5,162.3176,1.61,100.0,88.3
3394,-17774.1,80.15,1.67,100.0,88.2
3395,-17895.29,396.6983,1.61,100.0,88.3
3396,-17818.13,204.652,1.62,100.0,88.2
3397,-17864.83,128.4833,1.58,100.0,88.3
3398,-17844.73,247.8626,1.59,100.0,88.3
3399,-17748.49,359.3797,1.69,100.0,88.3
3400,-17828.46,150.249,1.7,99.2,88.5
3401,-17768.12,63.2027,1.56,100.0,88.6
3402,-17811.39,101.8473,1.53,100.0,88.6
3403,-17712.08,751.2993,1.57,100.0,88.8
3404,-17651.87,376.208,1.63,100.0,88.7
3405,-17611.4,152.6756,1.59,100.0,88.8
3406,-17689.87,215.3511,1.55,100.0,88.8
3407,-17622.82,102.0966,1.6,100.0,88.9
3408,-17659.55,106.7594,1.6,100.0,89.0
3409,-17649.09,133.1272,1.59,100.0,89.4
3410,-17660.83,102.1511,1.58,100.0,89.2
3411,-17707.77,107.143,1.74,100.0,89.3
3412,-17624.79,265.2213,1.67,100.0,89.2
3413,-17644.01,921.4426,1.73,90.5,89.3
3414,-17662.8,1732.4375,1.64,100.0,89.4
3415,-17567.42,784.169,1.53,100.0,89.4
3416,-17645.15,912.0993,1.6,100.0,89.5
3417,-17609.28,272.7858,1.64,99.8,89.5
3418,-17641.12,1108.3918,1.54,100.0,89.5
3419,-17652.68,1238.0902,1.56,100.0,89.5
3420,-17634.81,599.9912,1.57,100.0,89.6
3421,-17610.92,560.6399,1.66,98.1,89.7
3422,-17540.38,213.8797,1.56,100.0,89.8
3423,-17520.15,141.1367,1.48,100.0,89.9
3424,-17671.42,589.1974,1.59,100.0,89.6
3425,-17608.02,295.3903,1.59,100.0,89.7
3426,-17705.5,319.0974,1.68,100.0,89.9
3427,-17667.17,156.2983,1.63,100.0,89.9
3428,-17649.93,341.271,1.64,100.0,90.0
3429,-17653.03,141.2824,1.66,100.0,90.0
3430,-17680.14,370.3217,1.67,96.5,90.0
3431,-17639.5,165.9594,1.56,100.0,90.0
3432,-17563.17,129.7166,1.51,100.0,90.2
3433,-17584.48,61.8712,1.61,100.0,90.0
3434,-17632.77,146.7614,1.64,100.0,90.0
3435,-17583.58,270.7285,1.64,100.0,90.4
3436,-17563.44,69.415,1.55,100.0,90.5
3437,-17643.77,1326.6773,1.54,100.0,90.6
3438,-17522.83,155.052,1.58,100.0,90.5
3439,-17612.94,152.1503,1.56,100.0,90.2
3440,-17624.7,157.705,1.53,100.0,90.3
3441,-17702.86,776.4487,1.56,100.0,90.4
3442,-17676.5,549.7624,1.58,100.0,90.4
3443,-17688.49,92.31,1.68,100.0,90.5
3444,-17612.74,91.7106,1.7,100.0,90.3
3445,-17677.3,150.4184,1.57,100.0,90.3
3446,-17710.85,171.9369,1.61,100.0,90.5
3447,-17728.59,357.6013,1.72,99.6,90.9
3448,-17663.9,143.5856,1.66,99.9,91.2
3449,-17716.45,156.9592,1.61,100.0,90.3
3450,-17793.6,377.3554,1.53,100.0,90.3
3451,-17704.8,340.0091,1.58,100.0,90.4
3452,-17700.57,249.1533,1.58,99.6,90.1
3453,-17663.77,113.4824,1.56,100.0,90.0
3454,-17672.03,66.4161,1.57,100.0,90.0
3455,-17630.77,90.9718,1.6,100.0,90.0
3456,-17709.25,131.2422,1.67,98.4,90.1
3457,-17650.34,189.7289,1.57,100.0,89.7
3458,-17572.37,137.8261,1.55,100.0,89.7
3459,-17590.69,214.9471,1.57,100.0,89.7
3460,-17647.7,370.2608,1.66,100.0,89.6
3461,-17752.3,266.4362,1.87,100.0,89.7
3462,-17678.68,458.3904,1.58,100.0,89.7
3463,-17815.77,259.3287,1.58,100.0,89.6
3464,-17708.58,325.9778,1.65,100.0,89.7
3465,-17708.35,214.6802,1.69,97.1,89.9
3466,-17811.58,299.3979,1.58,100.0,90.3
3467,-17735.75,101.4108,1.55,100.0,90.3
3468,-17715.07,295.4823,1.58,100.0,90.3
3469,-17686.44,195.8187,1.7,100.0,90.4
3470,-17708.58,270.1376,1.7,98.8,90.1
3471,-17668.83,154.0952,1.57,100.0,90.1
3472,-17687.37,276.3304,1.56,100.0,90.2
3473,-17699.14,194.6248,1.59,100.0,90.0
3474,-17720.85,105.0822,1.6,100.0,90.3
3475,-17727.61,55.4649,1.54,100.0,90.4
3476,-17771.82,281.6353,1.52,100.0,90.4
3477,-17705.04,266.2635,1.67,100.0,90.6
3478,-17731.88,199.2632,1.75,98.6,90.7
3479,-17730.95,117.6024,1.9,100.0,91.0
3480,-17664.45,274.8331,1.55,100.0,91.0
3481,-17778.01,247.9467,1.58,100.0,91.1
3482,-17742.87,189.8896,1.61,100.0,91.2
3483,-17702.74,227.0764,1.72,98.8,91.3
3484,-17712.31,230.509,1.6,100.0,91.3
3485,-17771.15,142.6345,1.57,100.0,91.2
3486,-17722.91,168.9039,1.59,100.0,91.3
3487,-17719.97,129.7903,1.63,97.6,91.3
3488,-17770.3,292.8035,1.55,100.0,91.4
3489,-17723.47,78.6185,1.57,100.0,91.2
3490,-17713.82,72.3023,1.53,100.0,91.1
3491,-17774.29,339.5627,1.66,100.0,91.2
3492,-17793.17,113.138,1.58,100.0,91.3
3493,-17746.23,147.9141,1.57,100.0,90.6
3494,-17665.61,601.9146,1.81,100.0,90.7
3495,-17745.17,258.7597,1.78,99.4,90.7
3496,-17706.61,116.5843,1.56,100.0,90.7
3497,-17706.83,53.6267,1.56,100.0,90.8
3498,-17718.13,42.5031,1.62,100.0,90.7
3499,-17727.1,101.232,1.68,99.6,90.8
3500,-17728.69,110.6856,1.67,97.7,90.9
3501,-17705.03,223.9277,1.57,100.0,90.9
3502,-17769.07,205.0771,1.55,100.0,90.7
3503,-17659.28,156.5568,1.6,100.0,90.7
3504,-17711.34,157.9871,1.59,99.0,90.8
3505,-17705.34,151.1858,1.53,100.0,90.9
3506,-17677.46,115.152,1.53,100.0,91.1
3507,-17727.02,535.594,1.6,100.0,91.2
3508,-17650.43,291.545,1.6,98.8,90.9
3509,-17671.49,73.941,1.56,100.0,90.9
3510,-17722.48,150.2064,1.49,100.0,90.9
3511,-17706.5,53.6096,1.63,100.0,90.9
3512,-17822.87,284.1757,1.71,100.0,91.0
3513,-17777.85,223.3255,1.71,99.0,91.0
3514,-17887.98,606.7966,1.59,100.0,90.9
3515,-17888.37,352.4485,1.56,100.0,91.0
3516,-17784.68,394.11,1.71,100.0,91.0
3517,-17789.53,223.1883,1.66,96.0,91.0
3518,-17807.6,173.9427,1.54,100.0,91.0
3519,-17768.94,208.8166,1.55,100.0,91.0
3520,-17880.83,323.7372,1.58,100.0,91.0
3521,-17880.02,114.9542,1.69,100.0,91.0
3522,-17866.36,80.7755,1.63,100.0,91.0
3523,-17915.16,99.3384,1.53,100.0,91.0
3524,-17884.91,132.4274,1.55,100.0,91.1
3525,-17844.04,454.1349,1.6,100.0,91.1
3526,-17862.57,34.4606,1.59,100.0,91.1
3527,-17952.78,348.3149,1.52,100.0,91.1
3528,-17932.93,165.0355,1.61,100.0,91.1
3529,-17908.98,45.9985,1.63,100.0,91.2
3530,-17939.22,73.8512,1.58,100.0,91.3
3531,-17946.87,119.8188,1.61,100.0,91.2
3532,-17921.87,454.0458,1.58,100.0,91.1
3533,-17970.91,101.0048,1.6,100.0,90.7
3534,-17999.27,92.4576,1.54,100.0,90.7
3535,-18073.49,173.1041,1.74,100.0,90.9
3536,-18131.28,1165.0099,1.58,100.0,91.0
3537,-18037.83,365.7422,1.67,100.0,90.7
3538,-18099.27,189.206,1.64,97.7,90.0
3539,-18180.88,545.5382,1.69,100.0,90.0
3540,-18017.62,2068.6252,1.58,100.0,90.2
3541,-17991.6,2409.6285,1.56,100.0,90.2
3542,-18042.25,543.2527,1.58,98.9,90.1
3543,-18137.19,884.0714,1.58,100.0,90.1
3544,-18087.74,488.7889,1.55,100.0,90.1
3545,-18181.54,305.7752,1.55,100.0,90.3
3546,-18071.88,1159.3388,1.61,100.0,90.3
3547,-18063.94,1044.4413,1.63,100.0,90.3
3548,-18029.91,327.8012,1.58,100.0,90.2
3549,-18045.09,363.1413,1.55,100.0,90.3
3550,-18071.15,311.6043,1.66,100.0,90.3
3551,-18197.33,977.8975,1.63,100.0,90.5
3552,-18199.28,637.6672,1.55,100.0,90.5
3553,-18387.66,1079.0155,1.57,100.0,90.4
3554,-18190.07,1362.0338,1.64,100.0,90.4
3555,-18176.95,1581.2618,1.63,100.0,90.6
3556,-18205.5,210.1342,1.67,99.6,90.9
3557,-18211.2,247.6531,1.57,100.0,90.8
3558,-18211.09,182.3079,1.56,100.0,90.9
3559,-18226.97,840.9425,1.61,100.0,90.8
3560,-18096.72,639.1965,1.63,100.0,90.9
3561,-18039.45,498.8298,1.56,100.0,91.1
3562,-18015.56,234.2685,1.55,100.0,91.0
3563,-18037.26,220.9876,1.69,100.0,91.0
3564,-17969.05,202.0503,1.58,100.0,91.0
3565,-17943.4,330.3259,1.53,100.0,91.0
3566,-17964.97,128.9425,1.46,99.5,91.2
3567,-18008.21,198.67,1.56,98.7,91.4
3568,-17960.44,238.2703,1.56,100.0,91.4
3569,-17929.29,302.9765,1.59,100.0,91.4
3570,-17908.43,89.3575,1.56,100.0,91.4
3571,-17998.91,480.1315,1.63,100.0,91.5
3572,-18003.68,355.7502,1.63,100.0,91.6
3573,-18027.8,139.3896,1.63,100.0,91.7
3574,-18011.56,137.5142,1.56,100.0,91.8
3575,-17977.09,71.1949,1.62,100.0,91.7
3576,-17986.12,100.2806,1.6,100.0,91.7
3577,-18005.13,139.1957,1.66,97.6,91.9
3578,-17974.51,248.4862,1.64,100.0,92.0
3579,-17951.14,136.3135,1.64,100.0,91.9
3580,-17983.4,318.777,1.69,98.6,92.2
3581,-17984.35,134.8056,1.6,96.3,92.2
3582,-18026.09,175.5082,1.55,100.0,92.0
3583,-18039.27,91.5261,1.52,100.0,92.1
3584,-18127.71,328.7483,1.6,100.0,92.2
3585,-18211.29,550.5012,1.69,100.0,91.7
3586,-18294.71,423.2255,1.57,100.0,91.9
3587,-18214.88,1267.4437,1.52,100.0,91.7
3588,-18391.38,1321.6353,1.61,100.0,91.7
3589,-18309.81,839.1165,1.6,100.0,91.6
3590,-18157.97,3490.395,1.54,100.0,91.8
3591,-18156.03,2006.3296,1.51,100.0,91.8
3592,-18165.42,985.9331,1.61,100.0,91.8
3593,-18063.59,450.0466,1.65,100.0,91.7
3594,-18094.82,303.8325,1.72,95.3,91.9
3595,-18121.54,535.9417,1.58,100.0,91.9
3596,-18039.45,541.9673,1.64,100.0,92.0
3597,-18047.97,241.5659,1.71,100.0,91.9
3598,-18040.07,143.6944,1.66,94.6,92.1
3599,-18000.89,96.881,1.58,100.0,92.2
3600,-18020.0,116.662,1.55,100.0,92.1
3601,-18060.09,107.1481,1.57,100.0,92.2
3602,-18115.9,459.3766,1.63,100.0,92.1
3603,-18061.4,142.6828,1.58,100.0,92.2
3604,-18003.72,286.6658,1.54,100.0,92.3
3605,-17996.44,115.9271,1.59,100.0,92.3
3606,-18021.04,251.4602,1.57,100.0,92.1
3607,-17975.07,134.7822,1.53,99.7,92.0
3608,-17984.14,51.1912,1.53,100.0,92.1
3609,-17969.7,64.8255,1.6,100.0,92.2
3610,-17940.72,109.2111,1.61,100.0,92.3
3611,-17974.3,106.4858,1.72,100.0,92.5
3612,-17944.01,80.7599,1.61,100.0,92.3
3613,-17934.5,293.7083,1.57,100.0,92.4
3614,-17935.92,219.4541,1.6,100.0,92.4
3615,-17857.44,251.9114,1.75,100.0,92.5
3616,-17817.77,654.7688,1.63,100.0,92.7
3617,-17912.85,998.9182,1.54,100.0,92.0
3618,-17952.02,997.1788,1.52,100.0,92.1
3619,-17955.98,500.508,1.63,100.0,92.3
3620,-17902.97,519.534,1.71,99.7,92.5
3621,-17869.46,422.0555,1.61,100.0,92.6
3622,-17936.11,363.4733,1.53,100.0,92.2
3623,-17907.89,459.2126,1.58,100.0,92.1
3624,-17828.3,360.221,1.62,100.0,92.1
3625,-17937.72,611.3686,1.71,99.9,92.3
3626,-17986.29,663.0856,1.61,100.0,92.3
3627,-17974.8,221.555,1.62,100.0,92.3
3628,-18022.43,302.9526,1.62,100.0,92.3
3629,-18037.96,194.6794,1.79,94.3,92.6
3630,-17953.4,109.4314,1.69,100.0,92.6
3631,-18003.97,230.1969,1.56,100.0,92.5
3632,-17998.97,136.6181,1.54,100.0,92.5
3633,-18034.25,129.9845,1.65,100.0,92.6
3634,-18064.52,140.043,1.63,99.7,92.7
3635,-18093.84,357.0361,1.63,100.0,92.7
3636,-18088.47,91.6718,1.56,100.0,92.7
3637,-18041.04,299.616,1.59,100.0,92.7
3638,-18088.14,306.9004,1.63,100.0,92.7
3639,-18182.91,629.7645,1.69,98.9,92.8
3640,-18100.08,91.7545,1.58,100.0,92.9
3641,-18175.79,872.5325,1.6,100.0,92.8
3642,-18105.38,410.1592,1.68,100.0,92.8
3643,-18149.59,186.8231,1.73,91.9,92.5
3644,-18182.61,212.082,1.58,100.0,92.6
3645,-18068.59,1516.71,1.54,100.0,92.6
3646,-18027.88,1342.1823,1.66,100.0,92.5
3647,-18114.89,1835.0953,1.83,100.0,92.6
3648,-18015.74,442.4616,1.62,98.4,92.7
3649,-18134.9,697.3411,1.54,100.0,92.8
3650,-18087.81,388.4237,1.59,100.0,92.8
3651,-18042.67,521.6816,1.59,100.0,92.7
3652,-18114.89,121.4926,1.57,100.0,92.8
3653,-18170.04,326.887,1.58,100.0,92.7
3654,-18369.46,5341.7792,1.53,100.0,92.8
3655,-18189.21,1093.1672,1.69,100.0,92.9
3656,-18312.8,411.5893,1.65,99.5,92.3
3657,-18079.63,2757.0681,1.61,100.0,92.4
3658,-18073.26,1351.2699,1.55,100.0,92.4
3659,-18106.84,344.9316,1.62,100.0,92.5
3660,-18098.72,994.6037,1.65,100.0,92.5
3661,-18020.45,520.2796,1.72,93.0,92.6
3662,-18033.36,187.2117,1.59,100.0,92.6
3663,-18047.22,45.2805,1.58,100.0,92.7
3664,-18024.17,110.327,1.65,99.8,92.8
3665,-18125.82,680.969,1.62,100.0,92.7
3666,-18141.75,331.6779,1.57,100.0,92.8
3667,-18126.03,248.7496,1.55,100.0,92.8
3668,-18058.92,285.3294,1.57,100.0,92.7
3669,-18050.06,787.6735,1.61,100.0,92.9
3670,-18110.98,733.3151,1.71,100.0,93.2
3671,-18006.8,356.5211,1.56,100.0,93.1
3672,-18099.94,439.5437,1.54,100.0,93.2
3673,-18188.4,349.8603,1.58,100.0,93.1
3674,-18009.08,1291.8277,1.62,100.0,93.1
3675,-18077.81,289.7955,1.71,99.4,93.3
3676,-18104.74,360.5533,1.58,100.0,93.0
3677,-18024.58,208.5037,1.6,100.0,93.1
3678,-18029.71,223.5024,1.59,99.1,92.7
3679,-18004.12,157.3384,1.6,100.0,92.6
3680,-18060.55,850.1029,1.6,100.0,92.6
3681,-17991.83,170.6402,1.81,100.0,92.6
3682,-17956.99,282.3483,1.65,96.8,92.7
3683,-17892.34,255.2167,1.6,98.9,92.1
3684,-17926.96,188.5105,1.56,100.0,92.1
3685,-18016.43,591.3568,1.54,100.0,92.1
3686,-18083.28,590.14,1.59,100.0,92.1
3687,-18104.02,272.4747,1.59,100.0,92.2
3688,-18039.58,619.9708,1.59,100.0,92.3
3689,-18156.37,179.6943,1.52,100.0,92.2
3690,-18047.77,307.0521,1.59,100.0,92.2
3691,-18012.12,242.411,1.57,100.0,92.0
3692,-17986.82,144.0643,1.53,100.0,92.1
3693,-17902.43,407.3832,1.5,100.0,92.2
3694,-17992.36,162.8692,1.6,100.0,92.2
3695,-17918.78,253.0403,1.65,100.0,92.1
3696,-17974.64,126.5736,1.7,99.1,92.1
3697,-17959.26,50.491,1.74,100.0,92.2
3698,-17974.23,706.3714,1.58,100.0,92.2
3699,-18063.09,620.2314,1.6,100.0,92.3
3700,-18010.83,227.2275,1.63,98.6,92.2
3701,-18007.82,90.965,1.62,100.0,92.3
3702,-17954.24,482.0082,1.53,100.0,92.3
3703,-17872.52,325.6487,1.6,100.0,92.4
3704,-17914.1,245.4682,1.65,100.0,92.6
3705,-17857.95,98.9539,1.57,100.0,92.4
3706,-18085.11,1011.8826,1.52,100.0,92.5
3707,-17973.64,192.5378,1.53,100.0,92.5
3708,-17974.86,55.9982,1.58,100.0,92.6
3709,-17979.84,132.2032,1.61,100.0,92.6
3710,-17942.99,101.87,1.65,100.0,92.6
3711,-18070.02,505.2159,1.52,100.0,92.6
3712,-17939.59,72.6756,1.64,100.0,92.7
3713,-18033.63,261.0597,1.65,100.0,92.7
3714,-17978.66,113.6021,1.73,100.0,92.8
3715,-17858.74,1088.5229,1.62,100.0,92.7
3716,-17955.2,1002.6986,1.59,100.0,92.7
3717,-18081.19,508.5689,1.65,100.0,92.8
3718,-17987.68,162.6199,1.64,98.1,93.0
3719,-18000.51,232.9703,1.56,100.0,93.0
3720,-18078.27,422.8258,1.52,100.0,92.9
3721,-18033.59,187.1697,1.59,100.0,92.9
3722,-17996.15,101.4117,1.62,100.0,93.0
3723,-17930.99,314.8576,1.56,100.0,93.1
3724,-17902.45,200.4936,1.55,100.0,93.0
3725,-17900.47,155.3829,1.6,100.0,92.9
3726,-17950.7,291.5433,1.56,100.0,92.8
3727,-17947.31,63.8225,1.52,100.0,92.9
3728,-17977.71,118.2308,1.5,100.0,92.9
3729,-18027.98,1049.5957,1.53,100.0,93.0
3730,-18104.8,664.9503,1.56,100.0,93.0
3731,-18094.53,449.4036,1.6,100.0,92.9
3732,-18099.53,354.8786,1.59,100.0,92.9
3733,-18125.75,854.7737,1.6,100.0,93.1
3734,-18105.26,671.7139,1.63,99.9,93.1
3735,-18026.1,621.2746,1.59,100.0,93.1
3736,-18071.02,226.7293,1.56,100.0,93.0
3737,-18053.65,133.5688,1.61,100.0,93.1
3738,-17918.59,601.3018,1.61,96.2,92.8
3739,-18039.78,752.4161,1.64,100.0,92.8
3740,-18041.8,625.4512,1.63,100.0,92.8
3741,-18057.43,297.3012,1.63,100.0,92.9
3742,-18003.86,218.6069,1.64,94.4,93.0
3743,-18004.78,248.0998,1.59,97.7,92.9
3744,-18082.55,574.7716,1.58,100.0,93.0
3745,-18164.19,817.9695,1.54,100.0,92.9
3746,-18005.06,745.294,1.6,100.0,93.0
3747,-18073.41,763.9446,1.69,99.2,93.0
3748,-18057.64,138.7953,1.62,100.0,93.0
3749,-18188.74,1251.5766,1.57,100.0,93.1
3750,-18222.03,1344.396,1.57,100.0,93.1
3751,-18145.68,311.1424,1.62,100.0,93.1
3752,-18024.51,782.399,1.57,100.0,93.1
3753,-18001.94,523.7546,1.51,100.0,93.1
3754,-18074.49,411.3667,1.56,100.0,93.2
3755,-17982.19,233.5227,1.69,100.0,93.2
3756,-18046.33,683.1687,1.68,99.5,93.5
3757,-17924.5,357.1575,1.63,100.0,93.6
3758,-17915.68,172.4419,1.58,100.0,93.5
3759,-17883.3,326.0063,1.64,100.0,93.5
3760,-17877.21,149.6511,1.66,97.9,93.8
3761,-17981.7,618.7621,1.59,100.0,94.0
3762,-17891.15,165.3598,1.52,100.0,94.1
3763,-17881.59,130.3988,1.58,100.0,94.1
3764,-17881.38,115.3504,1.77,100.0,94.1
3765,-17963.08,659.7666,1.74,99.5,94.1
3766,-17995.29,208.0619,1.6,100.0,94.1
3767,-17896.88,328.3465,1.57,100.0,94.2
3768,-17897.15,194.0451,1.57,100.0,94.2
3769,-17891.55,97.0891,1.59,100.0,94.2
3770,-17875.26,78.123,1.54,100.0,94.2
3771,-17900.65,59.6647,1.53,100.0,94.3
3772,-17884.4,108.7341,1.56,100.0,94.5
3773,-17863.83,35.7973,1.7,100.0,94.1
3774,-17874.36,42.2035,1.62,100.0,94.3
3775,-17915.13,143.4915,1.54,100.0,94.2
3776,-17873.66,135.3143,1.54,100.0,94.3
3777,-17978.24,540.0531,1.54,99.2,94.4
3778,-17934.91,89.5386,1.56,100.0,94.4
3779,-18005.71,338.4306,1.51,100.0,94.4
3780,-17994.29,141.2345,1.55,100.0,94.3
3781,-17931.39,619.0339,1.59,99.8,94.3
3782,-17888.52,394.177,1.61,100.0,94.4
3783,-17890.32,142.2243,1.61,100.0,94.5
3784,-17935.07,418.5499,1.56,100.0,94.5
3785,-17896.13,94.7454,1.6,100.0,94.7
3786,-17907.83,131.4543,1.6,100.0,94.8
3787,-17918.29,447.6469,1.54,100.0,94.8
3788,-17886.38,185.6448,1.53,100.0,94.3
3789,-17938.49,217.2075,1.56,100.0,93.7
3790,-17951.31,164.5231,1.65,98.4,93.3
3791,-18021.41,295.1155,1.63,96.8,93.8
3792,-18011.39,211.18,1.6,100.0,93.7
3793,-17995.76,144.0405,1.54,100.0,93.8
3794,-17980.69,156.8459,1.59,100.0,93.8
3795,-18016.65,84.0054,1.56,99.7,93.8
3796,-18080.77,140.5849,1.59,100.0,93.8
3797,-18198.66,448.8789,1.56,100.0,93.8
3798,-18146.81,502.802,1.62,100.0,93.8
3799,-18244.95,212.369,1.73,100.0,93.7
3800,-18187.45,254.7283,1.61,99.9,93.8
3801,-18208.42,379.0946,1.55,100.0,93.9
3802,-18185.16,133.1337,1.55,100.0,93.9
3803,-18567.0,33347.6748,1.6,100.0,94.0
3804,-17736.88,22215.689,1.59,100.0,94.0
3805,-18372.89,2751.4307,1.55,100.0,94.1
3806,-18279.11,453.4988,1.51,100.0,94.2
3807,-18207.07,371.6111,1.59,100.0,94.1
3808,-18528.58,17330.8296,1.67,100.0,94.1
3809,-18660.55,13985.7742,1.68,100.0,94.4
3810,-18434.94,3139.251,1.59,100.0,94.4
3811,-18072.34,5933.5192,1.57,100.0,94.3
3812,-18489.15,1150.1651,1.62,100.0,94.3
3813,-18214.93,2594.7097,1.62,97.8,94.6
3814,-18365.76,538.0158,1.59,100.0,94.6
3815,-18435.6,1064.8068,1.61,100.0,94.6
3816,-18257.02,577.4702,1.72,100.0,94.7
3817,-18237.58,986.1906,1.75,93.7,94.8
3818,-18158.85,724.2831,1.58,99.7,94.9
3819,-18514.65,5740.0422,1.54,100.0,94.8
3820,-18476.16,3103.8108,1.56,100.0,94.8
3821,-17682.29,22671.1265,1.63,100.0,94.9
3822,-18165.61,2389.6541,1.59,99.5,95.5
3823,-18592.65,4075.1408,1.54,100.0,95.5
3824,-18494.96,1690.9281,1.54,100.0,94.3
3825,-17826.29,15446.0654,1.6,100.0,94.3
3826,-18617.06,2264.1962,1.54,100.0,94.4
3827,-18614.66,1355.8917,1.55,100.0,94.5
3828,-18401.61,1142.6027,1.55,100.0,94.4
3829,-17884.61,17308.2305,1.64,100.0,94.4
3830,-17932.75,13441.8037,1.62,100.0,94.4
3831,-18618.27,4006.7922,1.7,100.0,94.2
3832,-17967.54,7909.6693,1.73,100.0,94.1
3833,-17960.16,5078.8636,1.64,100.0,94.4
3834,-18006.54,3697.1757,1.62,98.6,94.0
3835,-18297.5,7330.4545,1.61,99.8,93.8
3836,-18351.17,4762.4156,1.6,100.0,93.9
3837,-18162.05,2410.9758,1.54,100.0,93.9
3838,-17931.65,5365.0614,1.64,100.0,94.0
3839,-18170.56,1469.9674,1.6,98.3,93.9
3840,-18175.44,1108.8722,1.59,100.0,93.9
3841,-18130.69,1617.1769,1.53,100.0,93.7
3842,-18241.18,1340.7655,1.57,100.0,93.8
3843,-18202.98,1002.0462,1.58,100.0,94.0
3844,-18227.89,782.8993,1.52,100.0,93.9
3845,-18197.16,577.0466,1.51,100.0,93.9
3846,-18094.53,2854.1915,1.61,100.0,94.0
3847,-18213.42,936.6161,1.65,100.0,94.1
3848,-18284.37,1846.906,1.66,99.6,94.2
3849,-18087.89,1105.0904,1.63,100.0,94.1
3850,-18219.85,321.5307,1.57,100.0,94.0
3851,-18148.88,1423.2676,1.66,100.0,94.1
3852,-18121.37,1108.3601,1.72,97.4,94.3
3853,-18272.55,1040.0896,1.64,97.7,94.4
3854,-18228.11,1500.9193,1.58,100.0,94.2
3855,-18200.84,303.6978,1.57,100.0,94.2
3856,-18200.84,159.5598,1.6,100.0,94.3
3857,-18192.11,1028.6075,1.62,99.2,94.4
3858,-18198.46,195.0913,1.6,100.0,94.5
3859,-18151.61,318.141,1.54,100.0,94.5
3860,-18200.52,110.509,1.61,100.0,94.4
3861,-18034.83,2544.606,1.64,98.0,94.3
3862,-18066.86,1142.6912,1.6,100.0,94.4
3863,-17976.11,710.0161,1.53,100.0,94.5
3864,-18628.7,33972.1689,1.56,99.9,94.5
3865,-18605.48,23115.543,1.57,99.7,94.4
3866,-18034.02,719.1482,1.67,100.0,94.5
3867,-18134.41,658.4996,1.6,100.0,94.5
3868,-18505.89,10775.0032,1.56,100.0,94.6
3869,-18597.37,10440.2407,1.61,100.0,94.6
3870,-18554.72,6956.1876,1.64,100.0,94.7
3871,-18396.7,1171.1502,1.7,100.0,94.7
3872,-18553.73,4512.6369,1.55,100.0,94.7
3873,-18656.06,3250.0702,1.6,100.0,94.8
3874,-18591.8,1791.5361,1.66,100.0,94.9
3875,-18355.89,4776.5806,1.69,100.0,94.9
3876,-18621.58,1550.1587,1.64,100.0,95.0
3877,-18587.26,505.7636,1.55,100.0,94.9
3878,-18300.96,3439.525,1.62,100.0,95.0
3879,-18706.64,5079.2676,1.65,98.6,94.9
3880,-18664.89,2518.9745,1.58,100.0,94.9
3881,-18604.77,881.7719,1.54,100.0,95.0
3882,-18649.57,603.9072,1.56,100.0,95.0
3883,-18599.93,2410.7087,1.64,100.0,95.0
3884,-18643.27,299.4699,1.68,100.0,95.1
3885,-18699.37,713.2341,1.52,100.0,95.1
3886,-18715.15,381.0424,1.57,100.0,95.1
3887,-18713.87,408.9774,1.6,97.9,95.2
3888,-18622.74,481.975,1.6,100.0,95.2
3889,-18363.77,3287.6356,1.54,100.0,95.2
3890,-18223.84,3238.7072,1.55,100.0,95.2
3891,-18212.24,2161.9648,1.61,99.9,95.1
3892,-18194.35,856.9187,1.62,100.0,95.0
3893,-18205.15,516.8495,1.65,100.0,95.0
3894,-18690.31,10666.1477,1.61,100.0,94.9
3895,-18712.16,8181.0415,1.56,100.0,95.0
3896,-18630.97,2933.5708,1.58,99.3,95.1
3897,-18316.42,5231.4769,1.59,100.0,95.1
3898,-18139.15,14012.314,1.6,100.0,95.1
3899,-18295.51,4119.921,1.56,100.0,95.1
3900,-18190.54,2251.5369,1.76,100.0,95.3
3901,-18159.33,3835.0266,1.75,92.9,95.3
3902,-18248.3,1739.1887,1.61,100.0,95.4
3903,-18151.53,920.905,1.56,100.0,94.8
3904,-18197.26,990.6917,1.6,100.0,94.8
3905,-18307.4,219.5317,1.6,95.7,94.9
3906,-18314.4,248.7056,1.55,100.0,94.9
3907,-18300.66,409.0163,1.53,100.0,95.0
3908,-18191.4,516.2453,1.63,100.0,95.1
3909,-18308.21,587.9019,1.6,100.0,95.2
3910,-18343.13,943.3992,1.64,97.3,95.5
3911,-18422.22,628.1736,1.53,100.0,95.6
3912,-18440.3,299.4477,1.56,100.0,95.7
3913,-18448.66,270.4827,1.59,99.9,95.8
3914,-18321.18,1225.0665,1.55,100.0,95.7
3915,-18377.84,383.9739,1.57,100.0,95.8
3916,-18393.51,522.0985,1.55,100.0,95.8
3917,-18247.21,862.5217,1.65,100.0,95.9
3918,-18260.12,669.1549,1.64,100.0,96.1
3919,-18113.06,689.3372,1.52,100.0,95.9
3920,-18198.87,2810.4968,1.54,100.0,96.0
3921,-18186.27,1192.2413,1.57,100.0,96.0
3922,-18097.45,627.9049,1.63,100.0,96.2
3923,-18173.78,1175.5096,1.65,100.0,96.3
3924,-18293.15,684.9434,1.62,100.0,96.2
3925,-18264.39,1659.1492,1.59,100.0,96.1
3926,-18248.6,939.4693,1.69,100.0,96.2
3927,-18234.02,1119.9571,1.61,97.0,96.3
3928,-18194.97,128.8769,1.59,100.0,96.3
3929,-18224.81,214.1102,1.56,100.0,96.4
3930,-18204.38,370.2034,1.6,100.0,96.4
3931,-18149.86,660.9568,1.65,99.3,96.4
3932,-18155.37,523.2413,1.63,100.0,96.5
3933,-18162.99,1374.0355,1.56,100.0,96.3
3934,-18207.57,1301.1574,1.65,100.0,96.3
3935,-18192.69,331.0987,1.7,100.0,96.2
3936,-18158.57,121.1513,1.64,96.8,96.2
3937,-18264.69,1156.6752,1.57,100.0,96.5
3938,-18236.52,214.4413,1.55,100.0,96.6
3939,-18227.2,221.5831,1.62,100.0,96.6
3940,-18125.61,737.181,1.65,100.0,96.3
3941,-18222.74,607.8623,1.59,100.0,96.4
3942,-18185.76,294.5532,1.54,100.0,96.4
3943,-18153.27,792.6344,1.56,100.0,96.4
3944,-18257.48,531.0861,1.55,99.2,96.3
3945,-18219.23,207.9179,1.56,100.0,96.3
3946,-18127.66,1464.5346,1.53,100.0,96.3
3947,-18129.11,1203.0002,1.55,100.0,95.8
3948,-18149.24,2205.2522,1.59,100.0,95.8
3949,-18157.84,397.7963,1.64,98.1,95.9
3950,-18180.41,2223.4403,1.72,96.9,96.1
3951,-18155.48,1058.8929,1.61,100.0,96.0
3952,-18361.94,2094.669,1.62,100.0,96.1
3953,-18252.06,1012.5948,1.59,99.5,96.2
3954,-18366.36,1583.3106,1.61,100.0,96.2
3955,-18315.3,973.4279,1.58,100.0,96.2
3956,-18194.88,1278.7246,1.57,100.0,96.2
3957,-18286.55,365.3037,1.58,100.0,96.2
3958,-18194.41,760.4914,1.6,100.0,96.3
3959,-18250.74,453.25,1.62,100.0,96.3
3960,-18274.66,1006.3733,1.54,100.0,96.4
3961,-18317.39,956.3716,1.59,100.0,96.4
3962,-18231.18,2145.2198,1.58,99.3,96.4
3963,-18231.87,1257.6833,1.57,100.0,96.5
3964,-18199.68,726.9438,1.56,100.0,96.5
3965,-18193.58,716.0971,1.62,100.0,96.5
3966,-18180.34,274.2399,1.65,100.0,96.4
3967,-18236.73,253.3653,1.79,100.0,96.4
3968,-18204.17,2057.6128,1.73,100.0,96.4
3969,-18317.25,644.7293,1.6,100.0,96.4
3970,-18215.21,2019.594,1.59,100.0,96.5
3971,-18210.07,1486.0267,1.62,97.9,96.5
3972,-18326.4,657.6525,1.58,100.0,96.6
3973,-18333.42,850.7457,1.57,100.0,96.4
3974,-18765.69,18409.6826,1.56,100.0,96.4
3975,-18689.27,11024.875,1.59,100.0,96.5
3976,-18649.27,5843.0896,1.61,100.0,96.2
3977,-18461.0,2904.2101,1.56,100.0,96.2
3978,-18433.28,2864.0648,1.54,100.0,96.1
3979,-18707.65,1126.0914,1.6,100.0,96.1
3980,-18422.28,1697.5972,1.57,100.0,95.7
3981,-18488.76,360.2094,1.71,100.0,95.9
3982,-18710.11,3001.2965,1.61,100.0,96.1
3983,-18511.88,631.7277,1.64,100.0,96.1
3984,-18489.83,812.8089,1.74,99.6,96.2
3985,-18410.34,1563.6646,1.8,99.3,96.4
3986,-18666.49,3155.3245,1.58,100.0,96.2
3987,-18374.71,774.3705,1.59,100.0,96.3
3988,-18439.63,616.0882,1.61,100.0,96.3
3989,-18472.48,524.9566,1.59,100.0,96.2
3990,-18456.4,212.2829,1.54,100.0,96.3
3991,-18378.61,484.773,1.57,100.0,96.3
3992,-18419.58,267.4422,1.59,100.0,96.3
3993,-18683.44,3258.9985,1.62,100.0,96.3
3994,-18713.58,2501.2485,1.56,100.0,96.3
3995,-18474.93,1572.0219,1.54,100.0,96.4
3996,-18474.82,2244.5641,1.57,100.0,96.5
3997,-18415.4,1095.3927,1.68,100.0,96.5
3998,-18799.59,4193.2814,1.73,97.4,96.0
3999,-18748.44,5530.6133,1.67,99.5,96.1
4000,-18484.57,564.1138,1.58,100.0,96.2
4001,-18467.64,507.4075,1.66,100.0,96.3
4002,-18676.89,2278.7921,1.71,98.6,96.1
4003,-18793.06,4325.7749,1.56,100.0,96.1
4004,-18731.56,1527.0546,1.55,100.0,96.2
4005,-18551.4,2053.7158,1.55,100.0,96.1
4006,-18724.14,636.5698,1.66,100.0,96.1
4007,-18726.64,349.0002,1.7,100.0,96.3
4008,-18496.36,2739.798,1.57,100.0,96.3
4009,-18764.17,1659.7585,1.53,100.0,96.3
4010,-18716.4,851.8449,1.58,100.0,96.1
4011,-18758.0,314.7823,1.58,100.0,95.3
4012,-18782.78,233.9404,1.55,100.0,95.4
4013,-18781.03,110.2545,1.52,100.0,95.4
4014,-18761.21,61.5296,1.59,100.0,95.5
4015,-18757.18,125.4095,1.66,98.3,95.1
4016,-18551.77,2939.9612,1.65,99.9,95.0
4017,-18586.12,1549.8578,1.55,100.0,94.9
4018,-18523.04,848.9671,1.63,100.0,95.0
4019,-18439.03,608.1656,1.68,100.0,95.1
4020,-18419.85,838.6457,1.66,99.0,94.9
4021,-18761.53,5822.4471,1.63,100.0,94.8
4022,-18787.12,5617.035,1.56,100.0,94.9
4023,-18482.44,1443.2969,1.66,100.0,95.0
4024,-18445.35,725.8216,1.63,91.3,95.1
4025,-18735.58,2804.9781,1.57,100.0,95.1
4026,-18466.37,540.8539,1.53,100.0,95.1
4027,-18433.65,440.0276,1.58,100.0,95.0
4028,-18437.93,464.1509,1.6,100.0,94.9
4029,-18387.67,103.6834,1.61,99.8,95.0
4030,-18418.65,361.9179,1.56,100.0,95.1
4031,-18290.19,1341.0023,1.61,100.0,95.1
4032,-18251.33,877.245,1.7,100.0,95.0
4033,-18352.92,514.2588,1.66,90.2,94.5
4034,-18238.22,449.1986,1.59,100.0,94.6
4035,-18382.3,860.393,1.56,100.0,94.7
4036,-18283.71,390.6853,1.64,100.0,94.6
4037,-18308.28,243.8554,1.66,100.0,94.9
4038,-18335.67,133.7558,1.64,100.0,94.9
4039,-18366.21,1347.9022,1.53,100.0,95.0
4040,-18432.39,942.9,1.6,100.0,95.0
4041,-18361.53,971.7914,1.6,100.0,95.2
4042,-18369.8,773.2834,1.57,100.0,95.1
4043,-18393.75,958.8803,1.54,100.0,95.2
4044,-18453.61,533.4335,1.58,100.0,95.3
4045,-18400.77,293.5803,1.74,100.0,95.4
4046,-18278.36,925.8309,1.72,94.7,95.6
4047,-18405.38,413.3711,1.68,100.0,95.6
4048,-18305.53,221.4848,1.55,100.0,95.6
4049,-18306.28,256.6975,1.59,100.0,95.7
4050,-18293.11,123.7375,1.6,100.0,95.8
4051,-18358.64,1284.1406,1.63,100.0,95.8
4052,-18353.5,273.8237,1.59,100.0,95.9
4053,-18224.41,1572.2957,1.62,100.0,95.8
4054,-18254.97,365.3496,1.6,99.8,95.8
4055,-18139.89,724.2292,1.58,100.0,95.9
4056,-18243.24,375.2138,1.55,100.0,96.0
4057,-18272.9,456.1731,1.61,100.0,96.0
4058,-18185.88,731.4201,1.7,100.0,95.9
4059,-18188.73,383.1811,1.68,97.0,96.2
4060,-18112.28,528.2473,1.6,100.0,96.2
4061,-18160.02,462.5818,1.57,100.0,96.3
4062,-18148.3,286.7363,1.64,100.0,96.4
4063,-18562.24,10888.0894,1.63,96.6,96.2
4064,-18254.18,166.1355,1.55,100.0,96.3
4065,-18233.43,539.5368,1.53,100.0,96.3
4066,-18273.28,252.5622,1.58,100.0,96.5
4067,-18332.18,1013.7848,1.6,100.0,96.6
4068,-18249.7,2713.0313,1.77,99.2,96.7
4069,-18399.0,813.8674,1.62,100.0,96.6
4070,-18392.72,714.183,1.54,100.0,96.7
4071,-18803.95,8868.3527,1.58,100.0,96.8
4072,-18404.43,1245.4605,1.59,100.0,96.8
4073,-18424.09,573.8322,1.72,99.8,97.2
4074,-18368.8,776.7465,1.57,100.0,97.1
4075,-18716.5,6643.567,1.62,100.0,97.0
4076,-18355.77,127.7239,1.7,100.0,96.9
4077,-18328.57,629.0266,1.7,90.2,96.8
4078,-18336.81,166.1467,1.58,100.0,96.8
4079,-18312.66,198.2839,1.54,100.0,96.7
4080,-18262.61,680.54,1.58,100.0,96.6
4081,-18312.73,476.0638,1.6,100.0,96.6
4082,-18365.48,1138.1752,1.6,100.0,96.8
4083,-18352.95,236.8426,1.56,100.0,96.8
4084,-18268.64,611.2214,1.57,100.0,96.8
4085,-18352.12,282.6769,1.76,100.0,96.9
4086,-18304.46,197.5064,1.67,100.0,96.9
4087,-18321.68,112.6142,1.54,100.0,97.0
4088,-18371.57,875.4102,1.53,100.0,97.0
4089,-18323.14,1118.3397,1.55,100.0,97.0
4090,-18202.99,1269.7124,1.73,100.0,97.1
4091,-18157.19,1343.4771,1.7,99.1,97.2
4092,-18105.04,1144.9716,1.56,100.0,97.1
4093,-17932.4,2626.5135,1.66,100.0,97.2
4094,-17884.54,1645.1477,1.62,97.1,96.7
4095,-17899.5,1076.7595,1.62,100.0,96.7
4096,-18002.85,1273.5361,1.58,100.0,96.7
4097,-17950.9,895.2078,1.58,100.0,96.8
4098,-17959.35,392.6,1.59,99.7,97.0
4099,-18404.1,16589.5437,1.65,100.0,97.1
4100,-18327.86,17514.8569,1.6,100.0,97.1
4101,-18297.29,14556.064,1.59,100.0,97.2
4102,-18187.04,15935.6465,1.69,100.0,97.4
4103,-18170.62,10872.7354,1.66,99.5,97.6
4104,-18183.84,10481.6985,1.54,100.0,93.4
4105,-18312.29,10389.3481,1.48,100.0,88.6
4106,-18283.84,7875.8401,1.55,100.0,89.4
4107,-18352.67,7156.9763,1.69,99.8,89.8
4108,-18380.08,5808.2654,1.59,100.0,89.3
4109,-18378.45,6509.302,1.54,100.0,89.5
4110,-18275.01,2706.465,1.54,100.0,89.5
4111,-18355.03,2930.2065,1.63,100.0,89.4
4112,-18409.08,3018.7147,1.65,98.3,89.6
4113,-18351.64,1394.9321,1.49,100.0,89.6
4114,-18482.16,1951.8506,1.53,100.0,89.5
4115,-18473.62,990.6741,1.63,100.0,89.5
4116,-18444.5,2674.6793,1.62,96.8,89.2
4117,-18472.17,2822.2111,1.53,100.0,88.7
4118,-18499.35,554.082,1.53,100.0,88.7
4119,-18448.18,693.0477,1.59,100.0,88.6
4120,-19187.74,135899.9141,1.59,98.9,88.6
4121,-19134.73,84848.541,1.53,100.0,88.6
4122,-18465.89,846.7397,1.52,100.0,89.2
4123,-18551.56,569.4587,1.55,100.0,89.1
4124,-18502.5,336.9458,1.62,100.0,89.0
4125,-18470.93,400.6851,1.58,99.8,89.0
4126,-18600.33,1620.8625,1.5,100.0,89.3
4127,-18601.29,1878.616,1.56,100.0,89.3
4128,-18480.98,624.9496,1.61,100.0,89.3
4129,-19077.33,41305.916,1.59,91.0,89.0
4130,-18358.94,2010.2838,1.54,100.0,88.9
4131,-19056.69,27474.0674,1.59,100.0,89.1
4132,-18500.48,571.9283,1.59,100.0,89.1
4133,-18461.79,291.5464,1.59,98.2,89.3
4134,-18829.72,7766.7115,1.54,100.0,89.1
4135,-18493.16,117.7942,1.55,100.0,89.1
4136,-18333.45,1675.5383,1.54,100.0,89.1
4137,-18454.22,164.6328,1.59,100.0,89.1
4138,-18788.12,4504.4839,1.56,99.4,89.2
4139,-18541.51,609.6774,1.52,100.0,89.2
4140,-18561.16,1083.8753,1.55,100.0,89.1
4141,-18539.3,265.9826,1.6,100.0,89.2
4142,-18320.79,2554.9692,1.64,89.2,89.2
4143,-18336.35,989.6942,1.53,100.0,89.4
4144,-18917.92,15058.7109,1.55,100.0,89.4
4145,-18789.02,5426.7637,1.61,100.0,89.3
4146,-19003.25,15506.4219,1.59,94.1,89.4
4147,-18946.04,8677.6388,1.54,100.0,89.4
4148,-18810.39,5746.9733,1.51,100.0,89.4
4149,-18798.71,3822.4149,1.55,100.0,89.5
4150,-18490.59,4044.1262,1.58,100.0,89.6
4151,-18454.36,3167.3173,1.55,99.8,89.4
4152,-18513.42,931.7722,1.51,100.0,89.5
4153,-18511.63,315.4714,1.55,100.0,89.5
4154,-18465.38,1076.1691,1.63,100.0,89.7
4155,-18519.5,753.3223,1.57,94.2,89.8
4156,-18424.27,406.3053,1.55,100.0,89.6
4157,-18391.21,754.2929,1.51,100.0,89.6
4158,-18496.67,598.6087,1.62,100.0,89.5
4159,-18313.72,2768.0432,1.61,93.5,89.7
4160,-18507.42,625.3849,1.54,99.0,89.8
4161,-18471.32,330.9649,1.51,100.0,89.8
4162,-18411.27,729.25,1.54,100.0,89.7
4163,-18510.6,229.7103,1.56,100.0,89.7
4164,-18369.74,2336.7053,1.54,98.6,89.8
4165,-18359.6,1786.1513,1.49,100.0,89.8
4166,-18370.62,2349.1621,1.52,100.0,89.0
4167,-18862.82,10096.5583,1.54,100.0,89.1
4168,-18968.79,14106.1372,1.51,100.0,89.2
4169,-18842.14,6234.4233,1.5,97.9,88.6
4170,-18859.03,3466.9453,1.53,100.0,88.6
4171,-18840.61,1853.2053,1.58,100.0,88.7
4172,-18457.1,5521.4584,1.55,100.0,88.4
4173,-18522.27,4534.9156,1.56,100.0,88.3
4174,-18544.23,2118.1418,1.53,100.0,88.4
4175,-18434.08,2975.0121,1.55,100.0,88.4
4176,-18560.93,574.1656,1.55,98.9,88.5
4177,-18568.23,650.4311,1.55,100.0,88.5
4178,-18589.07,416.2513,1.52,100.0,88.6
4179,-18481.38,632.7871,1.59,100.0,88.6
4180,-18488.5,421.6803,1.55,90.9,88.4
4181,-18530.45,177.8253,1.52,100.0,88.3
4182,-18580.64,561.1165,1.52,100.0,88.5
4183,-18623.86,984.2864,1.53,100.0,88.4
4184,-18582.67,151.7354,1.57,98.7,88.3
4185,-18642.17,1086.9419,1.54,100.0,88.3
4186,-18648.51,857.2935,1.51,100.0,88.3
4187,-18468.17,2689.1264,1.52,100.0,88.3
4188,-18381.31,4168.5484,1.55,100.0,88.4
4189,-18507.74,841.0954,1.59,98.1,88.5
4190,-18866.97,8824.8955,1.53,100.0,88.5
4191,-18918.54,9330.9514,1.52,100.0,88.5
4192,-18510.0,982.206,1.6,100.0,88.5
4193,-18504.01,1063.9754,1.61,89.9,88.6
4194,-18858.51,5149.9729,1.54,99.4,88.7
4195,-18833.93,3088.7269,1.54,100.0,88.6
4196,-18564.31,631.0551,1.54,100.0,88.6
4197,-18491.19,1335.9156,1.58,99.7,88.6
4198,-18516.98,1432.7355,1.54,100.0,88.6
4199,-18456.77,1287.9249,1.49,100.0,88.6
4200,-18826.35,2684.4339,1.55,100.0,88.6
4201,-18857.06,2471.2524,1.55,100.0,88.6
4202,-18857.86,1726.9272,1.54,99.6,88.7
4203,-18890.72,1223.1163,1.5,100.0,88.8
4204,-18871.81,909.4801,1.55,100.0,88.6
4205,-18151.17,23198.627,1.61,100.0,88.7
4206,-18763.53,761.7404,1.59,100.0,88.8
4207,-18142.12,20640.3623,1.57,100.0,88.8
4208,-18905.3,1611.7222,1.53,100.0,88.9
4209,-18869.3,834.1523,1.55,100.0,88.9
4210,-18134.16,16942.6836,1.6,100.0,88.8
4211,-18188.24,12211.99,1.57,100.0,88.5
4212,-18091.54,12606.4924,1.53,100.0,88.6
4213,-18625.44,4773.9841,1.54,100.0,88.7
4214,-18710.18,3700.4099,1.57,100.0,88.6
4215,-18681.77,2764.1967,1.56,100.0,88.9
4216,-18656.32,1827.1001,1.5,100.0,89.0
4217,-18746.6,2346.2866,1.5,100.0,89.1
4218,-18608.28,1421.5679,1.54,100.0,89.2
4219,-18650.98,1306.9245,1.54,100.0,89.1
4220,-18625.9,838.5641,1.5,100.0,89.3
4221,-18534.13,1257.482,1.49,99.9,89.3
4222,-18170.38,5844.2296,1.54,100.0,89.4
4223,-18211.85,2793.4767,1.53,100.0,89.4
4224,-18260.12,1424.3296,1.55,100.0,89.3
4225,-18340.91,1550.151,1.56,100.0,89.4
4226,-18421.87,1002.1169,1.52,100.0,89.5
4227,-18352.12,494.2023,1.55,100.0,89.5
4228,-18472.58,777.9146,1.59,100.0,89.6
4229,-18216.87,1408.6103,1.53,100.0,89.6
4230,-18195.45,920.8806,1.55,100.0,89.6
4231,-18587.69,3292.2066,1.57,91.5,90.0
4232,-18142.97,1148.863,1.59,100.0,89.9
4233,-18213.49,232.464,1.57,100.0,89.8
4234,-18197.41,124.2547,1.54,100.0,89.7
4235,-18235.43,86.991,1.59,98.6,90.0
4236,-18134.03,791.1563,1.57,99.7,90.4
4237,-18118.49,464.9595,1.55,100.0,90.4
4238,-18243.51,1021.2983,1.52,100.0,90.4
4239,-18282.3,1846.3008,1.55,100.0,90.2
4240,-18243.71,1297.5268,1.59,98.6,90.1
4241,-18155.6,1409.6512,1.58,100.0,90.2
4242,-18205.44,813.1736,1.57,100.0,90.1
4243,-18445.68,1375.3568,1.57,100.0,90.1
4244,-18147.22,634.9735,1.56,98.7,90.3
4245,-18170.19,539.2444,1.57,96.9,90.2
4246,-18076.69,955.0527,1.59,100.0,90.1
4247,-18120.6,393.5224,1.53,100.0,90.1
4248,-18084.34,339.6354,1.56,100.0,90.2
4249,-18225.92,1805.3105,1.55,99.2,90.3
4250,-18203.21,666.061,1.55,100.0,90.4
4251,-18170.22,395.8784,1.52,100.0,90.3
4252,-18236.23,502.7475,1.58,100.0,90.4
4253,-18193.98,147.5952,1.55,97.9,90.2
4254,-18159.71,437.0887,1.56,100.0,90.2
4255,-18145.43,323.3237,1.5,100.0,90.2
4256,-18194.15,559.7332,1.59,100.0,90.3
4257,-18103.56,707.9749,1.59,96.7,90.2
4258,-18023.56,1248.3241,1.55,98.0,90.3
4259,-18255.66,1832.4407,1.51,100.0,90.4
4260,-18064.52,638.3591,1.57,100.0,90.5
4261,-18183.93,1286.6313,1.63,100.0,90.5
4262,-18100.8,395.9366,1.57,97.2,90.4
4263,-18089.5,728.7853,1.51,100.0,90.4
4264,-18082.45,181.3484,1.5,100.0,90.4
4265,-18215.03,2037.4928,1.56,100.0,90.5
4266,-18183.56,1339.1374,1.57,98.2,90.6
4267,-18079.73,1139.2626,1.5,100.0,90.6
4268,-18227.3,257.6197,1.48,100.0,90.6
4269,-18191.13,432.5677,1.54,100.0,90.6
4270,-18115.15,729.622,1.54,100.0,90.7
4271,-18078.31,659.2584,1.53,100.0,90.7
4272,-18195.13,2116.1596,1.44,99.1,90.9
4273,-18115.71,450.1482,1.53,100.0,90.8
4274,-18084.4,237.4739,1.55,100.0,90.9
4275,-18247.3,2105.7602,1.55,99.4,91.0
4276,-18187.11,1337.1623,1.51,100.0,90.9
4277,-18041.09,1266.6535,1.55,100.0,91.0
4278,-18079.04,646.2303,1.54,100.0,91.1
4279,-18179.19,285.5788,1.53,100.0,91.0
4280,-18280.12,1698.5985,1.53,100.0,90.9
4281,-18116.05,550.1884,1.59,100.0,90.9
4282,-18222.81,162.2756,1.56,88.9,91.0
4283,-18171.11,199.9819,1.56,100.0,91.1
4284,-18152.47,887.5839,1.52,100.0,91.1
4285,-18143.64,251.354,1.56,100.0,91.2
4286,-18143.64,416.6074,1.59,91.2,91.3
4287,-18104.81,290.6374,1.56,100.0,91.2
4288,-18156.14,1043.6735,1.51,100.0,91.1
4289,-18259.79,1897.9722,1.56,100.0,91.1
4290,-18110.67,424.1735,1.54,100.0,90.8
4291,-18255.07,1031.7695,1.57,97.6,90.8
4292,-18207.81,975.7574,1.5,100.0,90.8
4293,-18129.82,385.0924,1.54,100.0,90.8
4294,-18231.1,782.4751,1.56,100.0,90.8
4295,-18127.7,767.1893,1.53,99.2,90.9
4296,-18122.97,486.0089,1.51,100.0,91.0
4297,-18052.34,883.507,1.53,100.0,91.1
4298,-18192.3,766.4957,1.61,100.0,91.1
4299,-18007.55,644.0961,1.6,99.7,91.1
4300,-18138.69,464.2087,1.61,98.1,91.1
4301,-18116.9,373.4333,1.54,100.0,91.1
4302,-18149.23,410.6565,1.55,100.0,91.2
4303,-18242.44,1641.9016,1.6,100.0,91.3
4304,-18141.41,283.3062,1.6,96.1,91.4
4305,-18163.44,650.2464,1.54,100.0,91.2
4306,-18075.32,844.2112,1.51,100.0,91.3
4307,-18124.0,366.8191,1.57,100.0,91.3
4308,-18180.71,848.5614,1.56,100.0,91.4
4309,-18215.97,1106.4316,1.54,100.0,91.4
4310,-18105.82,676.0808,1.61,100.0,90.8
4311,-18182.12,258.4839,1.55,100.0,90.8
4312,-18245.58,747.5633,1.58,100.0,90.9
4313,-18175.46,622.1356,1.57,95.2,90.9
4314,-18125.79,1579.1904,1.62,100.0,91.0
4315,-18253.64,1295.4207,1.53,100.0,91.0
4316,-18186.06,1616.7403,1.55,100.0,91.0
4317,-18104.81,953.5554,1.56,97.3,91.2
4318,-18057.39,440.7823,1.54,98.9,91.3
4319,-18221.31,1313.0701,1.52,100.0,91.5
4320,-18070.0,1387.1636,1.51,100.0,91.3
4321,-18032.57,1152.7502,1.57,100.0,91.4
4322,-18032.79,681.0934,1.54,100.0,91.4
4323,-18220.5,2764.2491,1.5,100.0,91.5
4324,-18186.32,1504.5067,1.6,100.0,91.7
4325,-18129.4,422.7365,1.56,100.0,91.6
4326,-18038.56,1336.218,1.61,98.5,91.6
4327,-18037.97,1560.7192,1.55,100.0,91.5
4328,-18088.84,597.6774,1.57,100.0,91.1
4329,-18103.78,849.6868,1.56,99.1,91.2
4330,-18136.09,1027.4466,1.58,98.2,91.3
4331,-18148.28,821.2626,1.56,97.4,91.4
4332,-18097.94,564.0862,1.55,100.0,91.2
4333,-18150.15,521.2495,1.53,100.0,91.3
4334,-18194.31,916.4152,1.57,100.0,91.3
4335,-18353.8,3002.7319,1.53,100.0,91.3
4336,-18291.12,757.3877,1.54,100.0,91.4
4337,-18248.6,1826.9813,1.57,100.0,91.5
4338,-18312.98,1588.4571,1.55,100.0,91.4
4339,-18147.4,1967.9242,1.56,100.0,91.4
4340,-18228.1,1022.264,1.56,100.0,90.7
4341,-18176.01,1939.5835,1.54,100.0,90.8
4342,-18162.75,2004.7001,1.53,100.0,90.8
4343,-18187.23,1341.281,1.6,100.0,90.9
4344,-18171.07,867.5626,1.57,100.0,90.8
4345,-18072.14,1516.5976,1.61,95.9,90.8
4346,-18212.08,616.9823,1.56,99.4,90.9
4347,-18107.18,1368.8214,1.53,100.0,90.9
4348,-18062.75,767.6594,1.56,100.0,91.0
4349,-18181.18,711.3016,1.58,100.0,91.0
4350,-18077.86,736.4088,1.54,99.2,91.0
4351,-18146.1,1357.1828,1.77,100.0,91.8
4352,-18078.4,1223.8996,1.54,100.0,91.8
4353,-18169.58,386.6321,1.61,100.0,91.8
4354,-18183.79,381.8244,1.58,98.3,91.3
4355,-18249.89,666.4454,1.65,99.6,91.2
4356,-18248.8,1091.7833,1.57,100.0,91.2
4357,-18170.78,986.5077,1.57,100.0,91.0
4358,-18173.8,600.5063,1.58,95.9,90.9
4359,-18207.91,184.4732,1.54,97.7,90.8
4360,-18245.56,157.6678,1.55,100.0,90.8
4361,-18328.8,692.2199,1.52,100.0,90.8
4362,-18333.12,429.4587,1.56,100.0,90.7
4363,-18241.06,1257.5099,1.55,97.5,90.8
4364,-18260.8,664.7533,1.51,100.0,90.8
4365,-18124.47,1379.9815,1.52,100.0,90.8
4366,-18169.69,680.4664,1.58,100.0,90.9
4367,-18234.97,1369.1968,1.59,98.2,90.8
4368,-18189.82,898.3572,1.54,100.0,90.9
4369,-18221.55,1503.0615,1.55,100.0,91.0
4370,-18049.5,1501.1534,1.57,100.0,91.1
4371,-18202.68,909.2638,1.6,93.5,91.2
4372,-18171.19,1833.9719,1.56,99.2,91.2
4373,-18112.35,1044.5429,1.51,100.0,91.1
4374,-18179.13,753.4594,1.56,100.0,91.2
4375,-18083.22,802.2171,1.56,100.0,91.1
4376,-18123.29,580.6129,1.54,98.5,91.0
4377,-18090.99,356.4736,1.52,100.0,91.1
4378,-18180.37,642.5024,1.54,100.0,91.1
4379,-18166.68,187.5646,1.56,100.0,91.1
4380,-18599.76,5689.3314,1.54,97.3,91.1
4381,-18853.07,14630.2139,1.49,100.0,91.2
4382,-18842.92,10797.1299,1.5,100.0,91.2
4383,-18859.45,8044.584,1.61,100.0,91.2
4384,-18897.86,6069.6411,1.58,99.5,91.4
4385,-18863.17,4197.417,1.57,97.5,91.4
4386,-18863.73,3266.3232,1.52,100.0,91.4
4387,-18866.78,2173.1427,1.55,100.0,90.8
4388,-18872.12,1404.3506,1.58,100.0,90.8
4389,-18828.0,1359.6963,1.58,100.0,90.9
4390,-18481.3,6379.2795,1.51,100.0,90.9
4391,-18875.23,2179.3244,1.5,100.0,90.8
4392,-18818.24,1284.5478,1.54,100.0,90.9
4393,-18845.91,556.9221,1.55,100.0,90.9
4394,-18819.03,395.0257,1.51,100.0,90.9
4395,-18848.22,287.0779,1.52,100.0,90.9
4396,-18822.1,441.4383,1.51,100.0,90.9
4397,-18846.27,624.0131,1.57,100.0,91.0
4398,-18779.77,591.7419,1.49,100.0,91.0
4399,-18837.37,329.1521,1.54,100.0,91.0
4400,-18530.88,4333.0515,1.54,100.0,91.1
4401,-18500.93,3934.5657,1.54,100.0,91.0
4402,-18522.52,2192.198,1.51,100.0,91.0
4403,-18890.04,4717.7052,1.57,100.0,91.1
4404,-18816.39,2520.7989,1.56,100.0,91.1
4405,-18849.89,2252.8971,1.55,100.0,91.2
4406,-18779.87,736.5591,1.52,100.0,91.2
4407,-18797.59,1991.8017,1.55,100.0,91.2
4408,-18790.74,546.0666,1.55,97.8,90.8
4409,-18728.52,347.3272,1.56,98.5,90.9
4410,-18385.83,3635.0895,1.53,100.0,91.1
4411,-18400.68,2143.4485,1.55,100.0,91.1
4412,-18380.47,1628.141,1.53,100.0,91.2
4413,-18559.46,2577.8046,1.56,100.0,91.5
4414,-18384.49,1379.972,1.53,99.9,91.6
4415,-18363.28,996.217,1.51,100.0,91.4
4416,-18340.94,847.6009,1.55,100.0,91.4
4417,-18273.36,959.0297,1.62,100.0,91.5
4418,-18234.69,748.2063,1.57,100.0,91.7
4419,-18267.0,202.877,1.56,100.0,91.7
4420,-18260.99,776.2461,1.6,100.0,91.6
4421,-18347.45,635.8308,1.6,97.7,91.6
4422,-18352.51,236.5172,1.55,99.3,91.8
4423,-18730.3,3732.5312,1.55,98.7,91.9
4424,-18682.37,1881.9742,1.56,100.0,91.9
4425,-18356.84,2099.1822,1.55,100.0,92.0
4426,-18396.24,1778.2876,1.58,100.0,92.0
4427,-18221.03,3484.1665,1.53,98.7,91.8
4428,-18287.38,1250.4796,1.52,99.6,92.3
4429,-18407.04,589.4549,1.53,100.0,92.3
4430,-18292.2,574.4966,1.53,100.0,92.3
4431,-18264.77,306.2,1.56,100.0,92.5
4432,-18287.78,178.1479,1.58,100.0,92.0
4433,-18293.13,382.9137,1.65,100.0,92.1
4434,-18720.65,5416.639,1.57,99.4,92.6
4435,-18595.48,2096.6974,1.56,100.0,92.0
4436,-18632.72,2062.1244,1.59,96.8,92.2
4437,-18426.67,2577.1842,1.55,96.5,92.1
4438,-18495.53,1126.6932,1.57,100.0,92.1
4439,-18446.08,1258.5593,1.53,100.0,92.2
4440,-18691.59,2981.7544,1.57,100.0,92.2
4441,-18611.45,1659.201,1.55,94.5,92.2
4442,-18417.99,289.414,1.53,100.0,92.3
4443,-18611.45,1344.7064,1.5,100.0,92.2
4444,-18410.61,214.9137,1.56,100.0,92.3
4445,-18353.1,757.01,1.56,96.2,92.3
4446,-18319.82,819.8765,1.53,100.0,92.4
4447,-18246.79,417.6398,1.5,100.0,92.5
4448,-18636.17,4975.4751,1.59,100.0,92.5
4449,-18353.14,1228.8889,1.6,98.7,92.4
4450,-18695.55,6071.2593,1.57,90.3,92.4
4451,-18676.85,3565.3357,1.56,100.0,92.6
4452,-18782.96,4213.5537,1.56,100.0,92.6
4453,-18760.98,2734.5023,1.61,100.0,92.7
4454,-18836.26,4123.077,1.58,90.5,92.7
4455,-18421.87,4311.2948,1.53,100.0,92.6
4456,-18384.42,5700.3445,1.52,100.0,92.7
4457,-18401.73,4079.5844,1.57,100.0,92.8
4458,-18338.38,3303.2028,1.58,97.3,92.9
4459,-18334.42,1025.664,1.52,100.0,93.0
4460,-18270.47,460.531,1.46,100.0,93.0
4461,-18237.84,347.7444,1.56,100.0,93.0
4462,-18145.67,446.4397,1.6,100.0,93.0
4463,-18172.25,638.5534,1.61,99.9,93.0
4464,-18196.67,648.7554,1.53,100.0,93.1
4465,-18336.09,1828.9645,1.57,100.0,93.1
4466,-18237.33,460.0378,1.57,96.7,93.2
4467,-18281.52,608.0114,1.59,95.1,93.3
4468,-18269.9,527.4861,1.55,100.0,93.3
4469,-18285.51,235.9923,1.58,100.0,93.3
4470,-18253.69,1534.892,1.58,100.0,93.3
4471,-18650.32,7044.7406,1.58,100.0,93.4
4472,-18576.92,4923.0614,1.53,100.0,93.5
4473,-18584.38,2959.4023,1.53,100.0,93.4
4474,-18195.12,1690.2563,1.52,100.0,93.5
4475,-18218.45,1050.0448,1.58,100.0,93.6
4476,-18320.15,506.1185,1.54,100.0,93.1
4477,-18267.25,167.1813,1.56,100.0,93.2
4478,-18544.69,2989.8868,1.53,100.0,93.1
4479,-18586.8,2502.6982,1.55,100.0,93.3
4480,-18500.33,2064.1243,1.54,100.0,93.3
4481,-18247.72,1061.3414,1.59,100.0,93.4
4482,-18109.38,2629.8023,1.53,100.0,93.4
4483,-18030.58,2693.4884,1.58,100.0,93.3
4484,-18225.78,1482.1798,1.55,100.0,93.3
4485,-18028.6,1070.0385,1.59,97.4,93.4
4486,-18098.29,368.5461,1.56,100.0,93.5
4487,-18169.46,302.4306,1.56,100.0,93.4
4488,-18133.19,202.3349,1.55,100.0,93.6
4489,-18170.31,128.9036,1.56,100.0,93.7
4490,-18171.56,129.8086,1.57,100.0,93.6
4491,-18164.43,291.9752,1.54,100.0,93.7
4492,-18236.28,461.196,1.51,100.0,93.6
4493,-18148.43,229.8876,1.55,100.0,93.8
4494,-18039.33,984.4152,1.56,99.9,93.9
4495,-18209.61,397.0191,1.54,100.0,94.2
4496,-18093.1,297.3229,1.52,100.0,94.2
4497,-18159.86,178.1233,1.58,100.0,94.1
4498,-18206.0,282.0943,1.65,97.1,94.2
4499,-18115.5,750.4794,1.55,98.1,94.2
4500,-18093.28,714.1905,1.49,100.0,94.3
4501,-18062.84,612.9619,1.63,100.0,94.4
4502,-18142.22,518.7598,1.6,98.4,94.3
4503,-18131.52,546.6334,1.58,96.6,94.3
4504,-18168.65,811.2437,1.51,100.0,94.4
4505,-18173.38,540.2431,1.55,100.0,94.4
4506,-18168.0,322.6581,1.58,100.0,94.5
4507,-18280.83,1620.0253,1.47,99.0,94.5
4508,-18154.47,312.9181,1.5,100.0,94.5
4509,-18188.52,369.5317,1.55,100.0,94.6
4510,-18185.39,233.5928,1.6,100.0,94.6
4511,-18262.39,549.7903,1.61,99.4,94.7
4512,-18200.47,252.7993,1.56,99.1,94.7
4513,-18301.5,1745.1312,1.54,100.0,94.8
4514,-18164.81,406.124,1.56,100.0,94.0
4515,-18129.17,352.422,1.55,99.9,94.0
4516,-18150.92,212.5273,1.53,100.0,93.4
4517,-18117.19,110.87,1.52,100.0,92.7
4518,-18191.7,966.6117,1.55,100.0,92.8
4519,-18226.02,585.1368,1.53,99.6,92.7
4520,-18190.64,590.6189,1.58,100.0,92.8
4521,-18171.26,998.1903,1.53,100.0,92.7
4522,-18201.55,1293.7952,1.55,100.0,92.8
4523,-18260.03,1559.3487,1.55,100.0,92.9
4524,-18324.28,2145.3224,1.59,100.0,92.9
4525,-18179.05,193.1865,1.55,97.4,92.9
4526,-18314.35,523.7428,1.57,100.0,93.0
4527,-18425.78,990.2487,1.56,100.0,93.0
4528,-18288.03,691.0968,1.6,100.0,93.0
4529,-18337.88,169.73,1.54,99.4,93.0
4530,-18315.92,73.6492,1.56,100.0,93.1
4531,-18330.63,300.2351,1.53,100.0,93.0
4532,-18127.93,811.9413,1.54,100.0,93.1
4533,-18221.03,791.1327,1.53,100.0,93.0
4534,-18284.51,350.6688,1.56,100.0,93.0
4535,-18256.52,225.3359,1.51,100.0,93.0
4536,-18394.28,444.7627,1.59,100.0,92.9
4537,-18272.9,642.7477,1.55,100.0,93.1
4538,-18260.85,725.3183,1.58,100.0,93.1
4539,-18198.51,689.2598,1.55,99.9,93.2
4540,-18275.86,194.6601,1.52,100.0,93.2
4541,-18179.68,425.5656,1.55,100.0,93.2
4542,-18271.32,1230.6762,1.58,99.0,93.3
4543,-18139.62,279.2519,1.59,95.3,93.3
4544,-18340.11,1210.1213,1.53,100.0,93.3
4545,-18354.19,1445.171,1.56,100.0,93.1
4546,-18294.32,402.6497,1.62,100.0,93.2
4547,-18144.82,1841.9216,1.6,97.2,93.3
4548,-18227.63,1394.1269,1.51,100.0,93.3
4549,-18158.94,1062.86,1.52,100.0,93.3
4550,-18144.91,229.1527,1.57,100.0,93.4
4551,-18162.71,225.2477,1.55,96.3,93.4
4552,-18167.28,588.565,1.51,100.0,93.4
4553,-18201.33,710.3224,1.52,100.0,93.4
4554,-18217.43,519.4871,1.57,100.0,93.3
4555,-18105.74,1351.1958,1.6,98.2,93.5
4556,-18290.35,1235.2408,1.59,99.7,93.6
4557,-18302.94,849.5404,1.53,100.0,93.6
4558,-18280.09,732.1427,1.58,100.0,93.5
4559,-18212.98,1013.3458,1.58,98.7,93.1
4560,-18169.72,373.1439,1.57,96.3,93.1
4561,-18252.3,1381.5764,1.58,100.0,93.2
4562,-18166.71,480.0955,1.53,100.0,93.2
4563,-18148.64,471.2862,1.54,100.0,93.2
4564,-18247.16,985.76,1.55,100.0,93.3
4565,-18147.02,444.0813,1.55,100.0,93.3
4566,-18073.49,551.0892,1.5,100.0,93.2
4567,-18247.58,1053.5593,1.56,100.0,93.3
4568,-18231.8,1497.0253,1.53,100.0,93.2
4569,-18210.06,1365.9956,1.56,100.0,93.3
4570,-18291.87,1895.7403,1.55,100.0,93.4
4571,-18035.13,2930.2468,1.53,100.0,93.4
4572,-18124.81,1412.5609,1.59,100.0,93.4
4573,-18181.09,824.8281,1.64,96.9,93.4
4574,-18205.15,1687.3464,1.56,96.9,93.4
4575,-18250.3,1509.7907,1.53,100.0,93.5
4576,-18142.56,1378.0879,1.54,100.0,93.5
4577,-18055.16,2266.8866,1.59,100.0,93.6
4578,-18062.25,1492.3787,1.58,90.7,93.7
4579,-18040.88,750.0875,1.53,100.0,93.6
4580,-18013.32,1398.2237,1.51,100.0,93.6
4581,-18182.04,2440.3262,1.57,100.0,93.7
4582,-18139.16,1164.6616,1.57,95.4,93.7
4583,-18137.73,449.6183,1.52,99.8,93.7
4584,-18155.43,1021.4225,1.48,100.0,93.8
4585,-18303.44,455.8595,1.57,100.0,93.9
4586,-18171.65,3259.2419,1.55,99.0,93.9
4587,-18175.1,1401.9503,1.58,100.0,93.8
4588,-18184.74,1749.4695,1.52,100.0,93.9
4589,-18189.06,2042.5946,1.55,100.0,93.9
4590,-18207.96,1733.8013,1.6,100.0,94.0
4591,-18146.71,924.3504,1.67,91.2,94.1
4592,-18076.88,982.8412,1.54,100.0,94.1
4593,-18169.29,1636.1335,1.54,100.0,94.1
4594,-18012.47,1449.0836,1.64,100.0,94.2
4595,-18008.85,1410.2057,1.6,89.7,94.1
4596,-17875.64,1895.2795,1.55,100.0,94.1
4597,-18031.31,1649.4576,1.51,100.0,94.2
4598,-17941.35,938.2538,1.55,100.0,94.3
4599,-18186.9,2399.2739,1.56,100.0,94.3
4600,-18210.72,1383.0453,1.53,100.0,94.3
4601,-18126.08,1215.3864,1.5,100.0,94.2
4602,-18061.34,1770.6417,1.53,100.0,94.3
4603,-18040.42,1754.1732,1.55,100.0,94.3
4604,-18111.69,1004.3674,1.57,99.2,94.4
4605,-17978.49,621.6805,1.53,100.0,94.6
4606,-18050.72,738.9191,1.53,100.0,94.4
4607,-17938.15,586.7315,1.59,100.0,94.5
4608,-18078.09,888.3805,1.59,88.9,94.5
4609,-18663.91,23106.6377,1.59,98.7,94.6
4610,-18570.27,15411.3525,1.54,100.0,94.6
4611,-18071.56,2666.7096,1.56,100.0,94.6
4612,-18081.89,940.2308,1.58,99.9,94.6
4613,-18127.13,703.042,1.58,97.1,94.6
4614,-18058.36,622.8231,1.51,100.0,94.7
4615,-18509.31,15884.9456,1.52,100.0,94.8
4616,-18594.57,15005.9087,1.55,100.0,94.7
4617,-18372.25,11950.9106,1.57,100.0,94.8
4618,-17902.35,5144.2332,1.53,100.0,94.8
4619,-18003.74,2655.2083,1.53,100.0,94.9
4620,-17960.24,2221.5312,1.61,100.0,94.9
4621,-17968.95,2022.313,1.6,99.3,95.0
4622,-18073.35,2045.6133,1.54,97.2,94.9
4623,-18048.56,2122.3622,1.55,100.0,95.1
4624,-18171.99,1408.8403,1.58,100.0,95.0
4625,-17933.99,2623.5321,1.57,100.0,95.2
4626,-18218.55,585.7579,1.6,96.7,95.3
4627,-18196.52,733.1412,1.55,100.0,95.2
4628,-18075.49,1099.566,1.54,100.0,95.2
4629,-18246.34,421.3582,1.57,100.0,95.3
4630,-18083.33,852.3379,1.55,100.0,95.3
4631,-18037.73,955.8872,1.54,100.0,95.4
4632,-18597.55,13930.1035,1.51,100.0,95.4
4633,-18172.44,1698.3924,1.53,100.0,95.5
4634,-18276.98,1891.368,1.6,100.0,95.5
4635,-18557.06,10067.0405,1.55,100.0,95.5
4636,-18315.43,1000.7984,1.55,100.0,95.5
4637,-18251.54,729.9787,1.53,100.0,95.6
4638,-18209.53,1888.0692,1.61,100.0,95.6
4639,-18271.16,557.1158,1.58,94.7,95.6
4640,-18347.35,1569.6129,1.57,98.8,95.7
4641,-18283.25,665.9767,1.53,98.8,95.7
4642,-18371.38,1376.9885,1.57,100.0,95.7
4643,-18356.17,314.0687,1.55,100.0,95.7
4644,-18464.1,396.8499,1.62,99.0,95.8
4645,-18474.87,1057.3875,1.55,99.5,95.9
4646,-18480.85,1231.7875,1.51,100.0,95.9
4647,-18554.59,728.9458,1.52,100.0,95.9
4648,-18614.65,1178.4933,1.57,100.0,95.9
4649,-18616.48,629.5053,1.58,96.9,95.9
4650,-18465.28,1734.5273,1.51,100.0,96.0
4651,-18327.1,2005.9626,1.54,100.0,96.0
4652,-18347.03,1293.6142,1.6,100.0,96.1
4653,-18380.57,532.7694,1.64,88.3,96.2
4654,-18408.94,222.5228,1.55,100.0,96.1
4655,-18297.94,284.0905,1.52,100.0,96.2
4656,-18354.86,264.6717,1.62,100.0,96.2
4657,-18275.53,169.2504,1.59,88.7,96.4
4658,-18327.83,455.9436,1.55,100.0,96.6
4659,-18811.9,13680.2744,1.5,100.0,96.5
4660,-18472.55,686.9053,1.57,100.0,96.6
4661,-18443.2,471.5521,1.61,100.0,96.5
4662,-18305.86,793.1907,1.54,99.6,95.9
4663,-18237.7,1101.6827,1.52,98.2,95.9
4664,-18227.49,1124.2908,1.52,100.0,95.6
4665,-18323.69,2212.0605,1.55,100.0,95.7
4666,-18212.46,684.8855,1.53,100.0,95.7
4667,-18167.55,557.4983,1.51,100.0,95.9
4668,-18140.65,590.2195,1.51,100.0,95.7
4669,-18216.35,636.8027,1.53,100.0,95.8
4670,-18033.22,817.5412,1.6,100.0,95.9
4671,-18052.08,300.0575,1.54,100.0,95.9
4672,-18226.59,995.7781,1.58,100.0,96.2
4673,-18223.65,1236.3596,1.55,100.0,96.2
4674,-18116.73,734.9085,1.7,100.0,96.6
4675,-18316.53,637.3789,1.58,99.3,96.6
4676,-18314.62,1214.3859,1.65,100.0,97.6
4677,-18268.04,403.4461,1.56,100.0,97.8
4678,-18264.47,307.0119,1.6,100.0,97.8
4679,-18300.1,234.3053,1.56,100.0,97.9
4680,-18389.75,653.4299,1.55,100.0,97.9
4681,-18257.43,490.605,1.53,100.0,97.9
4682,-18437.4,239.466,1.57,100.0,98.0
4683,-18382.4,555.1191,1.54,100.0,97.9
4684,-18697.98,13155.4216,1.59,100.0,97.9
4685,-18715.66,12167.4312,1.55,100.0,97.9
4686,-18669.12,10960.7373,1.56,100.0,97.9
4687,-18603.71,9783.8037,1.56,100.0,98.0
4688,-18762.51,9725.5193,1.6,98.4,97.9
4689,-18157.06,3442.5024,1.56,99.0,97.8
4690,-18190.9,2087.0679,1.52,100.0,97.9
4691,-18165.42,1988.203,1.55,100.0,97.9
4692,-18270.02,2885.8607,1.66,100.0,98.0
4693,-18106.07,2303.033,1.6,90.8,97.9
4694,-18209.86,1562.0389,1.54,100.0,97.9
4695,-18076.62,1926.0693,1.53,100.0,97.8
4696,-18114.26,1812.683,1.56,100.0,97.9
4697,-18139.35,991.3546,1.63,97.2,97.6
4698,-18594.11,9657.5815,1.55,99.5,96.7
4699,-18037.98,1356.7984,1.63,100.0,97.4
4700,-18310.85,3771.7335,1.57,100.0,97.4
4701,-18275.09,1652.9572,1.56,99.3,96.8
4702,-18686.3,9852.0762,1.56,100.0,96.7
4703,-18283.54,1233.8896,1.53,100.0,96.6
4704,-18286.55,934.6713,1.58,100.0,96.8
4705,-18330.76,1225.5294,1.59,99.4,96.5
4706,-18369.12,633.3745,1.61,99.9,96.4
4707,-18301.84,374.7947,1.57,100.0,96.2
4708,-18315.14,280.0478,1.56,100.0,96.2
4709,-18499.91,1453.5826,1.57,95.6,96.2
4710,-18657.71,3327.3816,1.6,99.6,96.3
4711,-18626.29,1967.4565,1.53,100.0,96.4
4712,-18697.39,1478.3341,1.57,100.0,96.3
4713,-18701.9,979.5034,1.57,99.3,96.3
4714,-18652.43,1450.6128,1.53,99.6,96.2
4715,-18650.81,960.1307,1.51,100.0,96.2
4716,-18646.86,763.4176,1.53,100.0,96.1
4717,-18684.5,610.2085,1.57,100.0,96.2
4718,-18704.26,468.8865,1.55,100.0,95.6
4719,-18611.75,2888.5341,1.57,99.3,95.7
4720,-18574.0,3070.0337,1.52,100.0,95.6
4721,-18559.23,923.8358,1.54,100.0,95.5
4722,-18497.29,1110.6167,1.59,99.3,95.6
4723,-18498.83,397.7265,1.59,99.8,95.6
4724,-18345.7,640.4488,1.56,100.0,95.7
4725,-18501.71,620.9166,1.53,100.0,95.7
4726,-18376.3,207.6512,1.52,98.7,95.8
4727,-18592.89,1103.1579,1.59,100.0,95.8
4728,-18354.75,331.5603,1.56,100.0,95.8
4729,-18323.9,636.6642,1.53,100.0,95.8
4730,-18363.61,401.947,1.54,100.0,95.8
4731,-18304.19,574.8452,1.55,100.0,95.9
4732,-18790.71,12970.4863,1.59,100.0,95.9
4733,-18412.89,271.7007,1.56,100.0,96.0
4734,-18344.91,687.061,1.53,100.0,96.1
4735,-18363.43,258.0394,1.57,100.0,96.0
4736,-18372.01,583.7127,1.61,99.8,96.1
4737,-18387.6,239.2231,1.66,97.5,96.0
4738,-18411.47,314.785,1.55,94.4,96.0
4739,-18418.61,275.8296,1.53,99.7,96.0
4740,-18428.69,144.3364,1.55,99.7,96.1
4741,-18505.18,453.6165,1.54,100.0,96.1
4742,-18386.52,239.8061,1.58,100.0,96.2
4743,-18629.66,1444.988,1.52,100.0,96.3
4744,-18501.37,114.2634,1.53,100.0,96.2
4745,-18475.81,221.3767,1.56,100.0,96.3
4746,-18669.07,2047.5467,1.63,100.0,96.2
4747,-18520.17,773.7187,1.6,100.0,96.2
4748,-18639.34,1299.4,1.54,100.0,96.3
4749,-18494.72,612.9059,1.58,100.0,96.3
4750,-18500.54,816.8945,1.58,93.1,96.4
4751,-18911.85,12038.3723,1.57,100.0,96.5
4752,-18385.68,1009.5162,1.57,100.0,96.4
4753,-18575.25,368.2869,1.55,100.0,96.3
4754,-18626.98,350.575,1.56,90.5,96.4
4755,-18618.87,356.7049,1.55,100.0,96.5
4756,-18475.7,1141.9793,1.54,100.0,96.5
4757,-18646.1,609.0188,1.55,100.0,96.5
4758,-18653.33,559.7186,1.54,98.9,96.4
4759,-18615.31,368.2398,1.54,100.0,96.5
4760,-18646.88,498.364,1.54,100.0,96.5
4761,-18595.13,328.8,1.56,100.0,96.5
4762,-18617.86,215.7419,1.6,100.0,96.6
4763,-18558.79,1045.9211,1.58,99.7,96.6
4764,-18516.09,1213.626,1.56,100.0,96.6
4765,-18348.82,970.5859,1.58,100.0,96.7
4766,-18789.78,12018.0908,1.59,96.1,96.8
4767,-18315.63,820.4698,1.58,98.4,96.7
4768,-18202.33,2607.9213,1.53,100.0,96.7
4769,-18831.69,15381.4797,1.58,100.0,96.7
4770,-18282.53,541.4496,1.51,100.0,96.7
4771,-18754.3,11719.4126,1.54,100.0,96.8
4772,-18774.78,10088.0957,1.5,100.0,96.8
4773,-18410.92,970.4926,1.52,100.0,96.9
4774,-18493.84,1632.9566,1.52,100.0,96.9
4775,-18524.29,1042.2566,1.54,100.0,96.4
4776,-18599.03,973.4925,1.6,100.0,96.4
4777,-18543.31,695.4965,1.53,99.9,96.5
4778,-18650.73,211.9436,1.51,100.0,96.6
4779,-18609.29,483.094,1.54,100.0,96.6
4780,-18616.52,839.1867,1.58,100.0,96.7
4781,-18611.56,646.4731,1.59,88.1,96.6
4782,-18646.1,151.4183,1.56,100.0,96.7
4783,-18655.67,150.8112,1.55,100.0,96.7
4784,-18768.7,830.9211,1.56,100.0,96.7
4785,-18621.42,1376.6667,1.6,92.0,96.8
4786,-18549.0,3071.3414,1.53,99.9,96.5
4787,-18585.76,676.9617,1.51,100.0,96.4
4788,-18557.36,807.2887,1.58,100.0,96.4
4789,-18909.8,12953.8481,1.56,97.4,96.5
4790,-18459.12,973.7686,1.54,100.0,96.5
4791,-18396.1,578.1366,1.52,100.0,96.5
4792,-18473.18,1402.0135,1.52,100.0,96.5
4793,-18916.14,13070.0564,1.6,100.0,96.2
4794,-18429.37,640.944,1.63,98.9,96.3
4795,-18434.46,748.3878,1.53,100.0,96.2
4796,-18398.4,347.5383,1.56,100.0,96.3
4797,-18779.48,11987.6792,1.59,94.5,96.3
4798,-18182.03,2354.2827,1.63,98.5,96.3
4799,-18789.78,13573.6885,1.55,100.0,96.3
4800,-18734.09,11138.0503,1.56,100.0,96.3
4801,-18792.78,10760.7312,1.56,99.5,96.4
4802,-18239.26,2250.976,1.54,99.0,96.4
4803,-18841.67,7406.2345,1.55,100.0,96.4
4804,-18962.97,7968.6053,1.53,100.0,96.4
4805,-18992.73,6791.864,1.55,100.0,96.6
4806,-18431.38,3657.2274,1.59,100.0,96.6
4807,-18311.04,6105.6381,1.52,100.0,96.7
4808,-18297.21,4433.4652,1.56,100.0,96.9
4809,-18366.31,2635.8118,1.53,100.0,96.9
4810,-18298.43,3196.4601,1.54,100.0,97.0
4811,-18401.44,1964.3947,1.55,99.7,97.1
4812,-18407.37,1622.6527,1.57,100.0,96.7
4813,-18398.6,1385.3779,1.56,96.5,96.8
4814,-18415.56,1166.6209,1.58,100.0,96.7
4815,-18284.81,1265.1205,1.57,100.0,97.0
4816,-18407.0,882.3614,1.61,100.0,97.0
4817,-18848.07,9669.824,1.55,98.2,97.2
4818,-18861.64,9027.5076,1.54,100.0,97.1
4819,-18857.09,8179.7937,1.52,100.0,97.2
4820,-18364.65,3010.0043,1.55,100.0,97.3
4821,-18933.36,6328.1541,1.56,100.0,97.3
4822,-18826.97,7872.7201,1.53,100.0,97.3
4823,-18298.89,4505.2981,1.53,100.0,97.3
4824,-18385.41,3550.3926,1.59,100.0,97.5
4825,-18396.05,1735.8766,1.59,98.9,97.2
4826,-18261.3,2728.7948,1.58,100.0,97.4
4827,-18262.92,1639.6559,1.52,100.0,97.4
4828,-18319.3,2380.6278,1.56,100.0,97.6
4829,-18220.76,1728.0364,1.61,92.7,97.7
4830,-18337.04,1352.6841,1.59,100.0,97.5
4831,-18335.1,852.6381,1.51,100.0,97.5
4832,-18358.24,531.4638,1.56,100.0,97.3
4833,-18410.01,630.5995,1.62,99.5,97.5
4834,-18439.4,1388.3426,1.57,100.0,97.5
4835,-18806.44,10970.5908,1.49,100.0,97.6
4836,-18769.66,9229.9153,1.57,100.0,97.8
4837,-18724.13,8037.8983,1.6,100.0,97.7
4838,-18710.95,7217.677,1.62,98.0,97.6
4839,-18739.55,7517.5088,1.55,100.0,97.7
4840,-18686.02,7274.5438,1.51,100.0,97.8
4841,-18659.68,8744.2611,1.59,100.0,97.7
4842,-18541.16,5612.9941,1.62,98.8,97.9
4843,-18446.81,5795.3889,1.55,100.0,97.9
4844,-18622.78,5343.308,1.54,100.0,98.0
4845,-18585.02,3359.7431,1.56,99.7,97.9
4846,-18384.0,6987.8508,1.58,99.7,97.9
4847,-18545.18,2481.0193,1.52,100.0,97.9
4848,-18337.59,6391.8702,1.56,100.0,97.9
4849,-18380.29,4573.0686,1.53,100.0,97.9
4850,-17949.34,6601.3248,1.52,100.0,98.0
4851,-17926.31,6743.9128,1.57,99.8,97.6
4852,-17883.96,6400.1312,1.61,100.0,97.5
4853,-17854.03,4274.0201,1.53,98.1,97.6
4854,-17870.74,5104.0222,1.55,100.0,97.6
4855,-18017.88,6791.5856,1.57,100.0,97.6
4856,-17927.91,4963.0197,1.63,98.9,97.7
4857,-18474.9,7641.7534,1.57,97.4,97.8
4858,-18101.86,3792.6938,1.53,100.0,97.9
4859,-18166.66,3057.5166,1.55,100.0,97.8
4860,-18217.01,3910.2966,1.6,98.3,97.4
4861,-18187.71,2612.5486,1.62,95.9,97.5
4862,-18330.26,1134.7053,1.53,99.3,97.5
4863,-18377.08,3097.6927,1.5,100.0,97.5
4864,-18474.18,2258.981,1.58,100.0,97.6
4865,-18346.63,1324.067,1.55,98.4,97.6
4866,-18527.16,978.5128,1.59,100.0,97.5
4867,-18381.41,601.4966,1.51,100.0,97.5
4868,-18438.94,868.1536,1.59,100.0,97.6
4869,-18293.1,1268.6294,1.58,100.0,97.4
4870,-18294.7,944.8562,1.63,97.6,97.1
4871,-18684.15,12970.6108,1.55,100.0,96.8
4872,-18267.61,513.8576,1.55,100.0,96.6
4873,-18321.75,344.6379,1.56,100.0,96.6
4874,-18216.93,916.905,1.61,89.1,95.9
4875,-18252.24,598.0672,1.56,100.0,95.9
4876,-18337.65,1686.4907,1.52,100.0,95.9
4877,-18277.12,683.0112,1.55,100.0,96.0
4878,-18784.63,14107.4756,1.59,99.6,95.9
4879,-18232.93,1318.7226,1.55,99.9,95.3
4880,-18251.45,442.1336,1.53,100.0,95.2
4881,-18286.86,258.932,1.53,100.0,95.2
4882,-18273.64,303.0738,1.55,100.0,95.3
4883,-18373.75,321.5846,1.53,100.0,95.2
4884,-18265.85,526.3333,1.53,100.0,95.2
4885,-18310.32,339.8415,1.56,100.0,95.2
4886,-18317.6,814.2001,1.56,100.0,95.3
4887,-18277.47,892.948,1.53,99.6,95.2
4888,-18625.9,13986.4414,1.54,100.0,95.1
4889,-18166.24,1357.6087,1.53,100.0,95.1
4890,-18251.4,741.8315,1.59,100.0,95.5
4891,-18619.33,10845.6741,1.56,99.9,95.5
4892,-18300.7,308.7613,1.55,100.0,95.5
4893,-18228.61,665.4328,1.54,100.0,95.5
4894,-18211.23,1268.7974,1.55,100.0,95.5
4895,-18322.57,358.2564,1.55,100.0,95.2
4896,-18342.86,478.1343,1.53,100.0,95.2
4897,-18292.12,769.7854,1.51,100.0,95.3
4898,-18382.36,357.8192,1.54,100.0,95.4
4899,-18300.06,898.4082,1.6,100.0,95.3
4900,-18295.55,902.4829,1.54,100.0,95.3
4901,-18256.74,1754.2211,1.52,99.9,95.0
4902,-18332.99,706.0033,1.57,100.0,95.0
4903,-18221.91,416.8646,1.56,99.3,94.8
4904,-18200.18,982.3902,1.58,100.0,94.8
4905,-18670.88,15906.2625,1.56,100.0,94.8
4906,-18581.87,12351.8364,1.58,100.0,94.8
4907,-18183.97,2188.5512,1.53,100.0,94.8
4908,-18599.76,9374.7417,1.57,100.0,94.9
4909,-18568.71,8042.3312,1.52,100.0,95.0
4910,-18560.19,8280.7395,1.52,100.0,95.0
4911,-18526.72,6710.278,1.58,100.0,94.8
4912,-18573.56,6925.519,1.56,100.0,94.9
4913,-18635.25,8872.0038,1.53,100.0,95.1
4914,-18570.26,5165.7498,1.55,100.0,95.1
4915,-18531.64,3556.0932,1.57,99.8,95.2
4916,-18622.32,1989.9529,1.57,99.7,95.2
4917,-18661.84,1882.084,1.53,100.0,95.2
4918,-18628.11,1895.1394,1.57,99.9,95.1
4919,-18603.0,1098.7323,1.54,93.9,95.2
4920,-18597.59,425.8922,1.59,100.0,95.2
4921,-18694.88,1868.0476,1.48,100.0,94.4
4922,-18559.76,2519.3498,1.49,100.0,93.7
4923,-18514.6,1752.0567,1.6,100.0,93.8
4924,-18646.32,1253.6833,1.64,98.7,93.2
4925,-18691.1,1099.4763,1.55,95.7,91.6
4926,-18711.51,979.581,1.52,100.0,91.5
4927,-18646.1,219.302,1.59,100.0,91.4
4928,-18557.59,2014.5992,1.58,100.0,91.4
4929,-18559.96,830.7974,1.59,95.8,91.5
4930,-18771.49,5949.5421,1.54,100.0,91.6
4931,-18646.76,1225.4512,1.51,100.0,91.5
4932,-18677.5,330.2339,1.57,100.0,91.6
4933,-18295.79,20154.0615,1.6,100.0,91.2
4934,-18756.3,1497.0095,1.51,100.0,91.2
4935,-18767.04,988.5797,1.53,100.0,91.3
4936,-18743.45,1084.785,1.56,100.0,91.3
4937,-18652.12,993.9893,1.57,100.0,91.4
4938,-18600.65,697.8276,1.57,99.0,91.2
4939,-18630.23,238.7917,1.52,100.0,91.3
4940,-18680.57,462.7006,1.52,100.0,91.4
4941,-18311.75,16464.7861,1.59,100.0,91.4
4942,-18797.86,1008.3935,1.6,99.4,91.4
4943,-18779.86,831.6934,1.56,99.3,91.4
4944,-18786.52,501.6378,1.57,100.0,91.5
4945,-18870.1,2061.6893,1.55,100.0,91.5
4946,-18956.76,1716.1882,1.56,100.0,91.6
4947,-18911.44,1067.1829,1.54,100.0,91.5
4948,-18903.86,1068.6857,1.53,100.0,91.5
4949,-18725.14,1773.0013,1.51,100.0,91.5
4950,-18860.53,406.9545,1.54,100.0,91.6
4951,-18842.65,1041.96,1.53,100.0,91.7
4952,-18754.51,1544.063,1.62,100.0,91.6
4953,-18797.28,386.3132,1.51,100.0,91.6
4954,-18696.09,957.1894,1.6,100.0,91.6
4955,-18406.54,17160.5361,1.57,100.0,91.6
4956,-18431.64,13828.6355,1.62,95.0,91.8
4957,-18472.36,10162.0518,1.58,98.8,91.7
4958,-18552.44,5826.1232,1.54,100.0,91.8
4959,-18592.14,4723.6199,1.58,100.0,91.9
4960,-18546.2,4396.687,1.54,100.0,91.8
4961,-18696.81,3913.6382,1.57,100.0,91.8
4962,-18636.54,2777.4972,1.53,100.0,91.9
4963,-18645.98,1673.4196,1.48,100.0,91.9
4964,-18695.45,2034.2228,1.52,100.0,92.0
4965,-18631.17,1619.0441,1.59,100.0,92.0
4966,-18739.76,1302.2563,1.61,98.1,92.0
4967,-18836.75,1859.3821,1.54,100.0,92.1
4968,-18817.24,1178.563,1.54,100.0,92.1
4969,-18835.67,993.3243,1.6,100.0,92.1
4970,-18778.88,1196.2233,1.64,86.9,92.2
4971,-18782.49,500.5964,1.58,99.9,92.1
4972,-19024.57,2750.9403,1.55,100.0,92.2
4973,-18886.69,827.2269,1.55,100.0,92.2
4974,-18907.18,944.1754,1.56,98.0,92.3
4975,-18849.29,1373.622,1.54,99.5,92.2
4976,-18943.26,1710.3024,1.5,100.0,92.3
4977,-18895.12,1164.61,1.53,100.0,92.3
4978,-18873.04,662.904,1.53,100.0,92.4
4979,-18898.74,433.3743,1.56,100.0,92.5
4980,-18867.76,229.8398,1.53,100.0,92.4
4981,-18827.02,216.4782,1.55,100.0,92.5
4982,-18832.31,507.4612,1.56,100.0,92.6
4983,-18813.11,275.9342,1.63,98.8,92.9
4984,-18852.42,207.3757,1.56,98.6,93.1
4985,-18958.16,1668.8722,1.55,100.0,93.1
4986,-18954.87,1516.5166,1.55,100.0,93.2
4987,-18986.46,565.9917,1.6,99.5,93.4
4988,-18955.78,141.2349,1.57,100.0,93.3
4989,-18866.9,930.4228,1.53,100.0,93.2
4990,-18633.84,2083.2031,1.54,100.0,93.3
4991,-18735.59,748.3152,1.53,100.0,93.3
4992,-18778.06,633.9494,1.53,100.0,93.4
4993,-18745.93,337.9378,1.56,100.0,93.6
4994,-18789.22,231.8775,1.54,100.0,93.6
4995,-18574.07,6087.7233,1.55,100.0,93.6
4996,-18774.79,808.1462,1.62,100.0,93.7
4997,-18523.56,2662.2968,1.54,97.9,93.9
4998,-18478.0,1322.0619,1.57,100.0,94.1
4999,-18603.07,1096.2862,1.53,99.9,93.8
5000,-18452.18,917.7834,1.58,100.0,94.1
5001,-18538.86,1860.2403,1.59,100.0,94.1
5002,-18445.95,352.899,1.54,100.0,93.9
5003,-18515.82,804.4022,1.53,100.0,93.9
5004,-18482.13,160.4979,1.54,100.0,93.6
5005,-18473.53,156.8175,1.53,100.0,93.5
5006,-18400.88,599.0266,1.54,100.0,93.6
5007,-18290.72,934.616,1.59,100.0,93.6
5008,-18337.27,549.838,1.52,100.0,93.7
5009,-18344.95,461.7184,1.55,100.0,93.7
5010,-18371.17,603.9404,1.63,99.8,93.8
5011,-18308.63,1146.3678,1.63,94.2,94.0
5012,-18771.01,13527.219,1.57,99.9,94.0
5013,-18699.61,11576.3037,1.55,100.0,94.0
5014,-18802.57,11743.9429,1.55,100.0,94.1
5015,-18729.7,9618.3052,1.58,99.1,94.1
5016,-18348.7,4724.5748,1.55,98.8,94.0
5017,-18862.53,5715.9028,1.5,100.0,94.0
5018,-18246.81,6974.5477,1.52,100.0,94.1
5019,-18436.04,4817.9323,1.56,100.0,94.1
5020,-18324.49,4463.8931,1.55,97.6,94.3
5021,-18344.13,2989.0126,1.51,100.0,94.2
5022,-18273.67,2760.1069,1.49,100.0,94.2
5023,-18789.32,8963.7249,1.57,100.0,94.3
5024,-18363.64,1914.06,1.64,95.7,94.3
5025,-18827.76,7576.9934,1.62,100.0,94.3
5026,-18354.69,2258.4296,1.53,100.0,94.4
5027,-18326.25,1942.4758,1.55,100.0,94.5
5028,-18368.04,1134.6892,1.62,99.0,94.4
5029,-18267.95,1484.5645,1.57,98.4,94.5
5030,-18321.59,1408.8391,1.51,100.0,94.5
5031,-18809.54,9533.5679,1.54,100.0,94.5
5032,-18718.2,8331.5615,1.56,100.0,94.7
5033,-18827.83,8529.2699,1.54,98.3,94.7
5034,-18272.68,2859.1543,1.51,100.0,94.7
5035,-18405.32,2089.0625,1.53,100.0,94.7
5036,-18285.3,2397.7783,1.56,100.0,94.8
5037,-18824.43,8428.3892,1.6,99.5,94.7
5038,-18341.75,1676.0832,1.63,98.2,94.8
5039,-18353.26,1632.6351,1.55,100.0,94.8
5040,-18272.63,1401.1842,1.55,100.0,94.9
5041,-18763.14,11189.5383,1.59,100.0,94.9
5042,-18234.43,728.629,1.57,97.1,94.9
5043,-18310.14,106.2767,1.54,100.0,95.0
5044,-18284.85,352.4873,1.67,100.0,96.1
5045,-18436.41,1128.6922,1.56,100.0,96.2
5046,-18424.89,1110.5373,1.55,100.0,96.1
5047,-18411.45,345.5029,1.52,100.0,95.7
5048,-18376.57,457.3711,1.54,100.0,95.4
5049,-18450.26,375.9649,1.55,100.0,95.4
5050,-18298.03,1100.6013,1.57,100.0,95.4
5051,-18434.93,808.8846,1.55,100.0,95.2
5052,-18455.28,818.3147,1.51,100.0,95.1
5053,-18401.74,184.1582,1.53,100.0,95.1
5054,-18428.8,227.4152,1.56,100.0,95.1
5055,-18412.62,324.111,1.63,98.6,94.9
5056,-18488.02,212.101,1.55,100.0,94.9
5057,-18354.97,320.6904,1.56,100.0,95.0
5058,-18314.99,364.1858,1.62,99.1,94.1
5059,-18819.33,13652.51,1.57,98.4,93.4
5060,-18344.61,357.9362,1.52,100.0,93.4
5061,-18417.44,296.6336,1.57,100.0,93.4
5062,-18828.47,13764.4675,1.58,100.0,93.5
5063,-18285.87,3200.6695,1.59,96.7,93.3
5064,-18722.08,10809.9648,1.54,100.0,93.5
5065,-18345.3,1197.4936,1.54,100.0,93.6
5066,-18301.37,1092.965,1.57,100.0,93.7
5067,-18248.63,1136.6718,1.55,99.4,93.4
5068,-18367.32,690.0511,1.55,100.0,93.4
5069,-18365.15,668.4231,1.51,100.0,93.5
5070,-18769.49,12393.6255,1.54,100.0,93.5
5071,-18224.82,2324.9781,1.58,100.0,93.7
5072,-18424.04,843.9232,1.62,98.4,93.7
5073,-18271.65,1157.6774,1.53,100.0,93.6
5074,-18238.25,1179.8334,1.54,100.0,93.6
5075,-18185.05,1020.3073,1.59,100.0,93.7
5076,-18252.49,968.4555,1.64,94.3,93.9
5077,-18308.81,1210.8101,1.54,97.5,93.9
5078,-18162.07,764.2439,1.5,100.0,93.9
5079,-18101.52,2579.1006,1.53,100.0,93.9
5080,-18580.85,12765.3901,1.55,100.0,93.9
5081,-18531.34,13027.3765,1.54,99.7,93.9
5082,-18521.99,11124.1992,1.54,100.0,93.9
5083,-18424.55,10162.186,1.53,100.0,94.0
5084,-18500.8,6486.5598,1.56,100.0,94.0
5085,-18410.36,10529.2297,1.59,99.8,94.1
5086,-18449.26,4768.4302,1.51,100.0,94.1
5087,-18395.26,6764.6929,1.52,100.0,94.2
5088,-18304.78,4669.038,1.58,100.0,94.2
5089,-18406.89,3978.8141,1.55,98.8,94.2
5090,-18380.58,2637.3029,1.59,96.0,94.2
5091,-18429.77,2307.975,1.57,100.0,94.3
5092,-18448.89,1191.1991,1.58,100.0,94.3
5093,-18432.8,366.9053,1.56,99.5,94.4
5094,-18390.53,1677.1153,1.56,98.6,94.3
5095,-18296.54,3646.186,1.52,100.0,94.3
5096,-18345.42,1402.5644,1.52,100.0,94.3
5097,-18295.41,807.9608,1.53,100.0,94.4
5098,-18336.47,366.3622,1.55,100.0,94.5
5099,-17957.26,8744.3358,1.54,100.0,94.6
5100,-18119.15,2723.6072,1.56,100.0,94.5
5101,-18127.39,704.1743,1.55,100.0,94.6
5102,-17965.36,1508.606,1.58,100.0,94.6
5103,-18039.32,856.4425,1.59,95.8,94.7
5104,-17942.03,439.0683,1.55,100.0,94.8
5105,-17855.31,1357.8092,1.54,100.0,94.9
5106,-17979.56,239.9701,1.56,100.0,94.8
5107,-17970.34,166.4967,1.57,100.0,94.9
5108,-18018.1,112.4243,1.57,98.0,95.0
5109,-17887.06,1053.4325,1.52,100.0,95.1
5110,-17826.82,445.132,1.53,100.0,95.1
5111,-17712.14,586.7476,1.55,100.0,95.2
5112,-17735.01,3172.6351,1.54,100.0,95.4
5113,-17776.56,1964.8733,1.52,100.0,95.4
5114,-17740.3,2610.2599,1.54,100.0,95.4
5115,-17724.69,1023.9262,1.53,100.0,95.5
5116,-17726.4,512.2012,1.59,100.0,95.4
5117,-17955.18,2184.4849,1.57,94.2,95.7
5118,-17787.18,353.6945,1.54,99.3,94.9
5119,-17814.46,1355.8053,1.51,100.0,95.0
5120,-17729.8,1343.4078,1.48,100.0,95.0
5121,-17904.36,1381.7103,1.54,99.7,94.7
5122,-17928.17,1010.1655,1.57,100.0,94.7
5123,-17892.77,592.0131,1.56,100.0,94.7
5124,-17924.89,1135.592,1.52,100.0,94.8
5125,-17768.67,2015.9074,1.56,100.0,94.8
5126,-17616.88,2176.6026,1.6,100.0,94.9
5127,-17720.91,633.6847,1.61,97.3,95.1
5128,-17683.8,1066.6081,1.56,100.0,95.2
5129,-17756.25,785.9188,1.54,100.0,95.1
5130,-17795.32,471.1281,1.57,97.8,95.2
5131,-17867.57,545.9343,1.57,99.9,95.2
5132,-17831.29,274.6226,1.55,100.0,95.1
5133,-17793.58,229.9092,1.53,100.0,95.2
5134,-17808.04,962.3363,1.54,98.9,95.2
5135,-17778.62,493.7968,1.56,100.0,95.3
5136,-17906.94,987.0731,1.54,100.0,95.3
5137,-17983.84,1633.7812,1.52,100.0,95.3
5138,-17971.96,751.5276,1.52,100.0,95.4
5139,-17921.09,914.8022,1.53,99.4,95.4
5140,-17944.51,286.3328,1.62,98.3,95.4
5141,-17897.94,782.7758,1.56,100.0,95.5
5142,-17543.32,20720.0679,1.56,100.0,95.5
5143,-17957.15,1672.407,1.55,97.4,95.6
5144,-17481.36,17971.8477,1.55,97.1,95.6
5145,-17961.5,540.1228,1.58,100.0,95.6
5146,-17591.03,12138.7004,1.54,100.0,95.5
5147,-17593.01,6940.5369,1.56,100.0,95.6
5148,-18114.53,5019.8746,1.55,98.9,95.7
5149,-18125.64,5093.9575,1.51,100.0,95.9
5150,-18205.09,3781.8206,1.52,100.0,95.9
5151,-18073.34,5687.0122,1.54,100.0,95.9
5152,-18217.02,2172.9738,1.56,98.6,95.8
5153,-18103.09,1572.6964,1.54,100.0,95.9
5154,-17711.64,10516.3223,1.52,100.0,96.0
5155,-18166.03,1641.0574,1.55,100.0,95.9
5156,-18042.23,855.692,1.56,100.0,96.0
5157,-17630.1,10665.6316,1.54,99.9,96.1
5158,-17809.92,7810.339,1.53,100.0,96.1
5159,-17755.75,6686.6042,1.54,100.0,96.0
5160,-17825.32,6164.4292,1.57,99.5,96.1
5161,-17935.44,5438.5753,1.61,95.1,96.2
5162,-18096.19,6028.2478,1.56,100.0,96.2
5163,-18117.23,3654.2063,1.53,100.0,96.3
5164,-18194.64,2409.1736,1.55,100.0,96.3
5165,-18292.43,1186.4763,1.58,99.2,96.3
5166,-18012.65,2903.0111,1.54,100.0,96.4
5167,-18072.53,1107.9702,1.51,100.0,96.5
5168,-18022.88,727.6314,1.54,100.0,96.4
5169,-18034.48,520.1905,1.57,100.0,96.4
5170,-18253.03,2707.6786,1.63,100.0,96.5
5171,-18109.29,753.5927,1.52,100.0,96.6
5172,-18174.72,806.7212,1.48,100.0,95.8
5173,-18350.08,10664.0459,1.54,100.0,95.7
5174,-17767.61,6723.7465,1.54,100.0,95.7
5175,-18381.52,8920.5693,1.51,100.0,95.9
5176,-17847.75,3592.2247,1.51,100.0,95.9
5177,-17891.82,3902.1275,1.57,100.0,96.0
5178,-17914.24,1619.1308,1.57,100.0,95.9
5179,-17836.97,1540.3518,1.52,100.0,95.9
5180,-17934.07,1673.9952,1.5,100.0,96.0
5181,-17882.85,1058.3686,1.53,98.0,96.1
5182,-18274.47,9282.3284,1.53,99.4,96.1
5183,-17988.38,966.3701,1.52,100.0,96.1
5184,-18025.72,731.3177,1.62,100.0,96.1
5185,-18065.86,1711.4364,1.55,100.0,96.4
5186,-18026.41,669.0667,1.59,100.0,96.6
5187,-17991.49,710.4192,1.58,100.0,96.7
5188,-18049.82,625.4636,1.6,100.0,96.7
5189,-18017.22,507.261,1.59,100.0,96.8
5190,-17980.83,174.9566,1.6,98.7,96.8
5191,-18566.11,18441.2861,1.59,99.8,96.5
5192,-18208.56,2359.5904,1.58,100.0,96.4
5193,-18263.2,1756.8097,1.55,100.0,96.4
5194,-18265.36,879.0348,1.59,98.7,96.1
5195,-18337.8,514.5815,1.56,97.7,95.8
5196,-18313.29,354.587,1.54,100.0,95.8
5197,-18222.38,2498.7417,1.56,100.0,95.7
5198,-18219.76,3943.6913,1.56,100.0,95.7
5199,-18330.68,1471.5261,1.54,100.0,95.7
5200,-18348.98,792.0428,1.52,100.0,95.8
5201,-18389.45,1103.9477,1.59,100.0,95.8
5202,-18543.13,547.4873,1.62,98.0,95.4
5203,-18590.49,533.9484,1.55,98.7,95.3
5204,-18520.65,922.9154,1.57,100.0,95.2
5205,-18431.34,1104.7059,1.6,100.0,95.1
5206,-18383.58,845.5591,1.6,100.0,95.1
5207,-18427.27,316.4776,1.54,100.0,95.1
5208,-18518.02,884.6451,1.52,100.0,95.0
5209,-18809.92,9172.7837,1.54,100.0,95.1
5210,-18860.14,7701.748,1.59,100.0,95.2
5211,-18899.67,4563.6274,1.57,100.0,95.0
5212,-18845.98,1420.5357,1.53,100.0,95.0
5213,-18802.81,873.3301,1.53,100.0,95.0
5214,-18880.63,1128.986,1.58,100.0,95.1
5215,-18689.24,1542.5433,1.64,89.7,94.7
5216,-18556.75,1215.0647,1.58,99.9,94.8
5217,-18457.98,1753.8539,1.53,100.0,94.8
5218,-18370.84,2238.3574,1.56,100.0,94.8
5219,-18449.81,1063.6923,1.59,100.0,94.9
5220,-18415.43,1122.129,1.54,98.7,94.8
5221,-18529.21,1109.0353,1.51,100.0,94.9
5222,-18780.16,3169.903,1.54,100.0,95.0
5223,-18468.53,1594.4325,1.55,99.0,95.1
5224,-18302.43,3964.9996,1.54,99.8,95.0
5225,-18320.69,2665.8661,1.5,100.0,95.0
5226,-18237.01,2267.319,1.55,100.0,95.1
5227,-18124.48,3986.8796,1.57,100.0,95.1
5228,-18312.99,613.9312,1.58,100.0,95.2
5229,-18244.48,2775.7552,1.55,99.8,94.8
5230,-18268.88,1443.2647,1.55,100.0,94.8
5231,-18344.77,631.1991,1.58,99.7,94.8
5232,-18226.43,1383.2357,1.54,100.0,94.9
5233,-18428.6,312.9998,1.53,100.0,95.0
5234,-18419.8,142.0487,1.55,100.0,95.0
5235,-18463.31,438.2947,1.54,100.0,95.1
5236,-18462.75,238.8478,1.52,100.0,95.1
5237,-18721.85,3555.3223,1.53,100.0,94.7
5238,-18466.33,393.328,1.54,100.0,94.7
5239,-18363.25,1576.2386,1.53,100.0,94.7
5240,-18313.82,1020.7399,1.54,100.0,94.9
5241,-18276.3,591.6347,1.51,100.0,94.8
5242,-18278.19,427.395,1.59,100.0,94.7
5243,-18248.5,320.0436,1.53,100.0,94.6
5244,-18280.03,793.078,1.6,99.5,94.7
5245,-18316.64,236.8283,1.53,100.0,94.7
5246,-18278.1,472.2127,1.56,100.0,94.7
5247,-18202.94,966.8713,1.6,100.0,94.8
5248,-18175.62,346.6246,1.54,98.7,94.0
5249,-18128.8,715.1567,1.54,100.0,94.0
5250,-18077.05,879.7666,1.54,100.0,94.0
5251,-18188.39,1168.7993,1.55,100.0,94.1
5252,-18195.33,1293.3408,1.53,100.0,94.0
5253,-18297.73,1339.6133,1.53,100.0,94.1
5254,-18325.65,456.4166,1.61,100.0,94.2
5255,-18244.99,1499.3303,1.6,100.0,94.3
5256,-18250.37,2168.7015,1.57,98.8,94.4
5257,-18229.0,3403.6814,1.52,100.0,94.1
5258,-18267.77,3169.5709,1.55,100.0,94.1
5259,-18160.52,1791.592,1.58,96.8,94.3
5260,-18248.3,2325.1631,1.59,95.6,94.2
5261,-18240.28,2297.0571,1.55,100.0,94.2
5262,-18176.78,934.0353,1.53,100.0,94.3
5263,-18041.79,2859.2075,1.58,100.0,94.3
5264,-18237.21,508.387,1.64,95.0,94.4
5265,-18231.89,3046.3015,1.53,100.0,94.7
5266,-18204.09,413.9883,1.53,100.0,94.6
5267,-18253.51,1009.7566,1.56,100.0,94.7
5268,-18313.79,265.1282,1.62,95.4,94.7
5269,-18505.01,1549.6635,1.54,100.0,94.8
5270,-18357.08,998.8257,1.52,100.0,94.9
5271,-18303.12,1251.491,1.64,100.0,95.1
5272,-18288.49,1350.9077,1.67,97.9,95.5
5273,-18346.68,798.3116,1.61,87.6,95.7
5274,-18345.41,358.48,1.61,100.0,96.0
5275,-18475.86,2814.9194,1.56,100.0,95.8
5276,-18813.54,12230.282,1.61,100.0,95.5
5277,-18698.32,5408.2894,1.65,91.0,95.6
5278,-18795.02,4752.3553,1.55,100.0,96.0
5279,-18640.06,944.1951,1.53,100.0,96.0
5280,-18843.33,2273.5189,1.57,100.0,96.0
5281,-18776.83,1178.6533,1.56,95.1,96.0
5282,-18766.12,994.4565,1.53,100.0,96.1
5283,-18721.8,653.9316,1.51,100.0,95.9
5284,-18692.03,424.7177,1.58,100.0,95.9
5285,-18727.25,553.6122,1.59,100.0,96.0
5286,-18812.39,1006.3817,1.62,95.6,96.1
5287,-18795.37,807.3261,1.54,100.0,96.3
5288,-18885.99,803.7505,1.61,100.0,96.5
5289,-18870.23,511.7926,1.63,100.0,96.6
5290,-18849.67,374.3728,1.73,90.5,96.7
5291,-18959.82,2226.7871,1.58,100.0,96.6
5292,-18983.74,2346.1765,1.53,100.0,96.4
5293,-18964.34,1383.6183,1.67,100.0,96.3
5294,-18920.51,647.5388,1.62,98.8,95.6
5295,-18958.82,520.6192,1.56,100.0,95.7
5296,-18958.48,798.0817,1.53,100.0,95.6
5297,-18936.89,431.0302,1.58,100.0,95.6
5298,-18946.07,176.6698,1.62,100.0,95.4
5299,-18984.25,484.2564,1.67,99.9,95.0
5300,-18982.58,698.3062,1.54,100.0,95.0
5301,-18957.72,163.5029,1.57,100.0,95.1
5302,-19010.82,363.1004,1.72,100.0,95.2
5303,-19032.9,334.1267,1.68,91.8,95.0
5304,-19041.56,335.5299,1.69,99.9,94.8
5305,-19073.31,321.3991,1.58,100.0,94.5
5306,-19032.1,603.4671,1.62,100.0,94.3
5307,-18901.18,1215.4851,1.57,100.0,93.7
5308,-18898.66,822.5807,1.63,100.0,93.7
5309,-18898.8,492.9351,1.57,100.0,93.7
5310,-18907.83,684.4198,1.59,100.0,93.8
5311,-18829.13,692.5301,1.57,100.0,93.1
5312,-18908.79,770.5869,1.53,100.0,92.8
5313,-18925.01,975.1632,1.59,100.0,92.9
5314,-18852.06,313.4532,1.68,99.1,93.0
5315,-18872.98,120.3353,1.68,92.4,93.1
5316,-18875.8,94.4094,1.6,100.0,93.1
5317,-18826.19,134.0659,1.56,100.0,93.2
5318,-18865.47,273.9424,1.65,100.0,93.2
5319,-18845.82,64.8979,1.64,100.0,93.2
5320,-18899.02,354.7062,1.61,100.0,92.4
5321,-18910.15,339.8158,1.6,100.0,92.6
5322,-18910.91,252.8934,1.6,100.0,92.6
5323,-18887.34,92.7224,1.55,100.0,92.5
5324,-18846.42,108.6852,1.58,99.7,92.7
5325,-18904.1,804.9418,1.56,100.0,92.9
5326,-18841.25,90.1671,1.52,100.0,92.9
5327,-18870.98,164.2112,1.57,100.0,92.9
5328,-18867.15,74.2539,1.64,99.7,93.1
5329,-18892.0,61.795,1.6,96.0,92.8
5330,-18873.57,643.2972,1.55,100.0,92.9
5331,-18831.49,491.2369,1.58,100.0,92.7
5332,-18668.41,3435.0676,1.59,100.0,92.9
5333,-18761.05,300.3157,1.62,100.0,92.9
5334,-18706.9,2015.9349,1.66,100.0,93.0
5335,-18517.07,5275.6903,1.57,100.0,92.8
5336,-18564.31,1717.709,1.57,100.0,93.0
5337,-18548.04,1887.5712,1.77,100.0,93.0
5338,-18541.5,1793.1606,1.69,98.2,93.0
5339,-18446.34,999.9981,1.63,100.0,93.1
5340,-18392.66,977.2862,1.57,100.0,93.0
5341,-18497.07,538.2016,1.63,96.6,93.2
5342,-18419.85,299.7092,1.63,100.0,93.2
5343,-18489.32,407.3646,1.61,100.0,93.2
5344,-18241.76,4432.9099,1.57,100.0,93.2
5345,-18123.73,5388.8069,1.61,99.5,93.3
5346,-18095.85,3451.0165,1.57,99.7,93.3
5347,-18657.54,14180.9116,1.56,100.0,93.4
5348,-18256.89,890.8012,1.56,100.0,93.3
5349,-18174.33,1547.0288,1.62,100.0,93.4
5350,-18288.3,981.8818,1.68,96.1,93.4
5351,-18168.27,2338.0055,1.62,99.8,93.5
5352,-18227.37,1052.0585,1.54,100.0,93.6
5353,-18218.55,635.2295,1.58,100.0,93.6
5354,-18351.95,1039.6274,1.61,100.0,93.8
5355,-18286.56,803.1974,1.66,100.0,93.8
5356,-18384.54,1275.3014,1.61,100.0,93.8
5357,-18548.45,1387.2565,1.58,100.0,93.8
5358,-18465.19,679.9192,1.61,98.0,94.0
5359,-18570.82,481.2689,1.55,100.0,94.0
5360,-18593.39,297.7122,1.56,100.0,94.1
5361,-18796.22,4556.8308,1.57,100.0,94.0
5362,-18525.81,1045.3532,1.65,100.0,94.0
5363,-18650.9,394.2991,1.64,97.6,94.1
5364,-18820.18,2378.604,1.62,100.0,94.1
5365,-18636.44,663.4669,1.54,100.0,94.1
5366,-18715.64,400.2805,1.69,100.0,94.2
5367,-18603.56,1074.9796,1.67,90.3,94.3
5368,-18507.62,1197.4229,1.64,99.4,94.3
5369,-18506.47,990.258,1.59,100.0,94.3
5370,-18559.24,564.28,1.56,100.0,94.4
5371,-18487.43,312.3664,1.61,100.0,94.5
5372,-18484.68,201.7416,1.64,98.7,94.6
5373,-18459.23,258.0097,1.58,100.0,94.5
5374,-18421.67,233.4248,1.55,100.0,94.6
5375,-18362.28,1058.8441,1.6,100.0,94.5
5376,-18386.94,354.7716,1.66,100.0,94.6
5377,-18220.4,956.8144,1.68,99.2,94.6
5378,-18230.6,488.4188,1.62,100.0,94.6
5379,-18196.34,490.4594,1.57,100.0,94.7
5380,-18367.16,1438.6968,1.66,99.0,94.8
5381,-18416.33,1288.7862,1.71,100.0,94.7
5382,-18401.68,1673.0717,1.67,100.0,94.7
5383,-18453.25,444.5539,1.58,100.0,94.8
5384,-18407.04,543.0223,1.58,97.7,94.7
5385,-18370.22,875.8748,1.6,99.1,94.9
5386,-18583.94,531.752,1.67,100.0,95.6
5387,-18408.87,445.4966,1.54,100.0,95.6
5388,-18388.62,841.0376,1.61,100.0,95.4
5389,-18425.71,465.3226,1.61,100.0,95.1
5390,-18472.99,338.2023,1.63,99.9,94.5
5391,-18359.37,738.9619,1.54,100.0,94.5
5392,-18366.99,769.4875,1.55,100.0,94.5
5393,-18279.96,1299.8694,1.64,100.0,94.5
5394,-18216.43,875.7623,1.72,96.9,94.0
5395,-18231.54,1339.7417,1.66,99.9,93.7
5396,-18235.63,809.7156,1.57,100.0,93.6
5397,-18292.8,1315.2331,1.64,98.9,93.4
5398,-18443.61,2826.2346,1.59,99.9,93.0
5399,-18398.52,510.7733,1.6,100.0,93.1
5400,-18210.86,2250.0197,1.57,100.0,93.0
5401,-18641.62,12944.7258,1.6,100.0,93.2
5402,-18567.75,12811.5476,1.62,93.9,92.6
5403,-18576.88,11779.0732,1.56,100.0,92.6
5404,-18200.75,846.0307,1.53,100.0,92.4
5405,-18169.82,663.7302,1.58,100.0,92.4
5406,-18142.08,1276.0358,1.59,100.0,92.5
5407,-18234.29,439.6758,1.63,99.1,91.8
5408,-18369.41,1416.6177,1.55,100.0,91.9
5409,-18212.71,703.909,1.57,100.0,91.8
5410,-18341.44,155.8091,1.66,100.0,91.9
5411,-18147.17,1600.9086,1.71,90.1,91.2
5412,-18336.75,1393.2757,1.63,99.8,90.6
5413,-18251.79,825.0154,1.57,100.0,90.7
5414,-18178.71,443.1494,1.59,99.9,90.6
5415,-18080.76,1518.7642,1.63,100.0,90.7
5416,-18103.88,284.455,1.61,100.0,90.8
5417,-18253.56,786.6105,1.57,100.0,90.8
5418,-18219.8,897.7175,1.58,100.0,90.9
5419,-18183.71,465.3809,1.58,99.0,91.2
5420,-18703.93,12179.5886,1.57,100.0,91.0
5421,-18301.54,494.6234,1.6,100.0,91.2
5422,-18347.44,392.1182,1.59,100.0,91.2
5423,-18198.3,1329.74,1.66,100.0,91.2
5424,-18707.56,13627.2222,1.63,99.5,91.5
5425,-18190.43,1052.3096,1.57,100.0,91.6
5426,-18090.34,1162.1415,1.57,100.0,91.1
5427,-18142.12,807.448,1.63,100.0,91.0
5428,-18228.98,833.5879,1.68,99.4,91.1
5429,-18178.18,334.2759,1.63,99.2,91.3
5430,-18094.78,960.8484,1.55,100.0,91.4
5431,-18266.08,479.2932,1.57,100.0,91.3
5432,-18130.78,915.0519,1.66,100.0,91.4
5433,-18232.45,142.236,1.7,97.4,91.5
5434,-18194.05,322.8083,1.52,100.0,90.9
5435,-18050.12,852.7836,1.48,99.6,91.2
5436,-18613.81,14357.1372,1.57,99.0,91.5
5437,-18615.15,15784.9792,1.67,100.0,91.7
5438,-18167.04,462.3735,1.6,100.0,91.9
5439,-18181.83,312.9413,1.58,100.0,92.0
5440,-18274.68,553.1236,1.76,96.8,91.6
5441,-18353.27,648.8423,1.59,100.0,91.5
5442,-18202.79,1481.2605,1.56,100.0,90.9
5443,-18315.7,217.9281,1.56,100.0,90.9
5444,-18369.71,176.0278,1.59,100.0,91.0
5445,-18308.75,246.8826,1.65,100.0,91.1
5446,-18282.93,289.7424,1.65,100.0,91.1
5447,-18205.57,371.2102,1.58,100.0,91.0
5448,-18279.66,644.0643,1.59,100.0,91.0
5449,-18194.17,299.0366,1.63,99.2,91.1
5450,-18122.9,617.1412,1.61,99.6,91.0
5451,-18136.34,441.1408,1.54,100.0,91.1
5452,-18283.16,1372.8888,1.58,100.0,91.1
5453,-18305.33,643.0349,1.61,100.0,91.1
5454,-18409.09,1237.8494,1.65,99.0,91.2
5455,-18337.45,346.0635,1.61,100.0,91.0
5456,-18403.69,734.4195,1.52,100.0,91.0
5457,-18295.25,619.4216,1.6,100.0,91.3
5458,-18401.34,498.3262,1.61,100.0,91.3
5459,-18286.65,471.7635,1.65,100.0,91.3
5460,-18431.89,363.3762,1.56,100.0,91.3
5461,-18341.65,203.5693,1.59,100.0,91.3
5462,-18483.55,381.1353,1.64,100.0,91.3
5463,-18385.53,537.2948,1.66,98.6,91.4
5464,-18422.7,150.6168,1.79,100.0,91.4
5465,-18308.32,356.103,1.56,100.0,91.4
5466,-18345.72,266.5472,1.58,99.5,91.4
5467,-18580.31,1974.1516,1.62,99.7,91.3
5468,-18563.65,970.1724,1.61,100.0,91.3
5469,-18556.01,617.6417,1.59,100.0,91.4
5470,-18671.82,562.1024,1.6,100.0,91.4
5471,-18628.9,975.8656,1.58,97.0,91.3
5472,-18593.51,476.476,1.59,100.0,91.2
5473,-18678.08,779.2659,1.55,100.0,91.3
5474,-18685.5,653.516,1.64,100.0,91.2
5475,-18783.2,646.1525,1.63,100.0,91.3
5476,-18768.0,355.9389,1.59,100.0,90.8
5477,-18689.95,1226.1643,1.58,100.0,90.7
5478,-18701.69,970.6358,1.64,100.0,90.8
5479,-18698.74,594.3035,1.68,98.0,90.1
5480,-18659.3,669.4891,1.65,97.6,90.3
5481,-18649.58,335.5878,1.6,100.0,90.4
5482,-18671.18,203.5858,1.56,100.0,90.3
5483,-18626.35,366.2664,1.62,100.0,90.3
5484,-18750.88,15168.9778,1.63,100.0,90.4
5485,-18257.9,7660.46,1.63,99.7,90.6
5486,-18222.09,4799.4714,1.54,100.0,90.6
5487,-18209.65,2076.2509,1.56,100.0,90.8
5488,-18093.62,1875.3189,1.61,100.0,90.7
5489,-18157.98,631.0587,1.62,100.0,90.8
5490,-18230.7,602.6145,1.68,100.0,90.9
5491,-18559.51,13656.5618,1.54,100.0,91.0
5492,-18570.85,13484.0244,1.6,100.0,91.0
5493,-18077.48,1784.5774,1.65,100.0,90.9
5494,-18657.7,12235.4468,1.69,95.5,91.3
5495,-18091.82,1536.4608,1.61,100.0,91.2
5496,-18193.91,334.5138,1.57,100.0,91.3
5497,-18185.73,832.3494,1.66,100.0,91.2
5498,-18095.81,1159.7711,1.65,99.9,91.3
5499,-18252.16,1219.449,1.64,99.1,91.2
5500,-18057.13,631.0044,1.5,59.1,91.5
5501,-18283.76,2237.5612,1.6,60.2,91.8
5502,-18150.81,253.2424,1.55,56.6,91.8
5503,-18103.49,455.9583,1.52,54.3,91.9
5504,-18218.01,1161.497,1.53,56.5,91.8
5505,-18099.41,777.591,1.55,56.0,91.9
5506,-18129.24,618.2181,1.69,55.8,91.9
5507,-18173.44,1171.8288,1.65,56.2,91.9
5508,-18035.1,488.2179,1.56,56.4,91.9
5509,-18135.25,547.7928,1.59,57.1,92.0
5510,-18171.65,1418.7392,1.58,55.4,92.0
5511,-18587.32,16295.8816,1.67,55.4,92.1
5512,-18063.02,790.4179,1.67,56.3,91.9
5513,-18208.69,763.1864,1.53,54.3,92.0
5514,-18013.19,1460.7318,1.5,54.2,92.1
5515,-18138.22,392.3809,1.53,54.2,92.1
5516,-18115.23,321.0447,1.6,54.8,92.1
5517,-18099.18,435.1425,1.65,56.3,92.2
5518,-18534.16,13968.2329,1.55,55.6,92.6
5519,-18171.47,592.8053,1.61,55.4,92.6
5520,-17997.46,2080.8453,1.61,56.8,92.7
5521,-18108.0,2095.6816,1.67,78.7,92.7
5522,-18077.02,702.3937,1.67,98.1,92.5
5523,-18030.15,672.0094,1.67,99.9,92.2
5524,-18076.05,1212.4498,1.57,100.0,92.4
5525,-18046.27,343.3757,1.57,100.0,92.4
5526,-18259.77,1911.2834,1.68,100.0,92.4
5527,-18240.78,1096.7684,1.58,98.7,91.2
5528,-18288.6,1312.2772,1.64,100.0,91.2
5529,-18356.9,644.6806,1.69,99.6,91.0
5530,-18214.49,1291.9502,1.59,99.9,90.8
5531,-18158.55,1277.8129,1.56,100.0,90.7
5532,-18093.01,1228.9578,1.6,99.2,90.1
5533,-18219.08,1088.881,1.59,100.0,89.9
5534,-18205.57,572.454,1.6,100.0,89.9
5535,-18141.39,309.3578,1.56,100.0,89.9
5536,-18129.0,373.7553,1.61,100.0,89.7
5537,-18282.57,667.6756,1.58,99.8,89.6
5538,-18149.7,476.5445,1.56,100.0,89.5
5539,-18276.35,241.9001,1.55,100.0,89.5
5540,-18155.66,883.7058,1.6,100.0,89.5
5541,-18244.83,1071.2319,1.67,99.9,89.4
5542,-18224.68,331.8354,1.68,99.9,88.9
5543,-18105.29,415.4985,1.54,100.0,88.9
5544,-18503.26,12936.5203,1.59,100.0,89.0
5545,-18508.53,12391.9426,1.68,100.0,88.9
5546,-18154.92,507.9811,1.77,99.8,88.9
5547,-18168.07,718.8031,1.65,100.0,88.8
5548,-18181.95,356.1904,1.55,100.0,88.8
5549,-18079.27,620.2548,1.58,99.9,88.5
5550,-18245.2,1928.477,1.63,100.0,88.2
5551,-18196.88,1270.9983,1.62,100.0,88.1
5552,-18040.2,1524.6688,1.52,100.0,88.1
5553,-18136.13,758.011,1.59,100.0,88.1
5554,-18093.56,695.1729,1.64,100.0,88.1
5555,-18108.12,1153.6753,1.75,99.7,87.1
5556,-18091.0,412.105,1.72,99.9,86.5
5557,-18106.82,347.2336,1.62,100.0,86.2
5558,-18105.6,251.2171,1.58,100.0,86.3
5559,-18260.57,1030.3538,1.61,99.8,85.9
5560,-18146.43,406.9464,1.61,67.7,86.0
5561,-18166.99,1047.5568,1.52,55.1,86.1
5562,-18182.17,441.0952,1.53,56.2,86.1
5563,-18184.63,1203.434,1.59,54.9,86.1
5564,-18120.67,562.0364,1.7,54.3,86.1
5565,-18197.92,875.0821,1.61,54.2,86.1
5566,-18099.35,645.8808,1.65,56.5,86.2
5567,-18151.56,1464.1961,1.57,55.4,86.2
5568,-18084.75,736.8338,1.65,54.6,86.1
5569,-18037.56,1565.9541,1.62,54.2,86.1
5570,-18029.73,1034.9628,1.54,55.2,86.2
5571,-18150.39,953.486,1.47,55.0,86.1
5572,-18185.1,1216.2815,1.49,55.6,86.2
5573,-18175.94,1787.0801,1.62,56.1,86.2
5574,-18100.07,762.0002,1.6,54.9,86.3
5575,-18151.4,1652.987,1.55,55.4,86.4
5576,-18186.31,764.2808,1.47,56.1,86.3
5577,-18537.11,13344.6697,1.46,54.5,86.3
5578,-18105.05,469.2943,1.56,58.9,86.5
5579,-18169.66,310.3384,1.63,55.7,86.5
5580,-18494.9,13176.4177,1.59,55.4,86.7
5581,-18471.33,12714.0459,1.51,53.9,86.7
5582,-18334.22,13303.6768,1.56,54.1,86.7
5583,-17883.84,7108.7448,1.56,55.5,86.8
5584,-18460.63,11788.0342,1.69,54.5,86.7
5585,-18307.89,11073.5918,1.61,55.2,86.8
5586,-17889.15,1480.2987,1.53,56.8,86.8
5587,-17974.06,1044.7281,1.49,54.6,86.9
5588,-17888.01,1517.41,1.55,55.9,86.9
5589,-17863.72,1075.2575,1.51,54.7,87.1
5590,-17898.19,595.4027,1.55,54.1,87.0
5591,-17850.92,647.2019,1.48,54.8,87.0
5592,-17826.31,2454.9663,1.56,56.8,87.1
5593,-17889.63,1340.8845,1.64,54.7,87.1
5594,-18035.76,4532.4572,1.56,72.5,87.2
5595,-17907.64,1009.2295,1.62,100.0,87.2
5596,-17895.21,959.8022,1.62,100.0,87.6
5597,-17860.57,1056.1713,1.64,100.0,87.4
5598,-17859.73,1007.5038,1.66,98.9,87.3
5599,-18257.58,10151.7568,1.53,64.1,87.2
5600,-17840.05,494.3532,1.49,56.1,87.4
5601,-18011.5,1439.1302,1.48,55.0,87.4
5602,-17868.05,1040.9159,1.63,57.1,87.5
5603,-17944.29,474.4905,1.6,55.5,87.4
5604,-17897.35,833.0066,1.54,55.5,87.4
5605,-17839.57,1326.8742,1.47,55.3,87.3
5606,-18113.94,1326.6644,1.47,56.7,87.4
5607,-18058.91,1143.2388,1.51,56.7,87.6
5608,-18069.02,2008.432,1.63,56.8,87.7
5609,-18140.37,804.8619,1.64,55.0,87.8
5610,-18025.39,1202.7294,1.57,54.8,87.8
5611,-18197.67,2817.4431,1.56,54.3,87.8
5612,-18040.33,2866.3593,1.61,55.3,87.8
5613,-17854.73,3039.86,1.52,55.0,87.8
5614,-18205.42,13447.0669,1.53,53.6,87.9
5615,-17828.95,1095.6116,1.56,85.1,88.0
5616,-17793.22,522.5067,1.6,100.0,88.0
5617,-17773.63,408.8425,1.62,99.4,87.8
5618,-17848.95,499.224,1.62,99.9,87.7
5619,-17747.49,2768.9551,1.52,100.0,87.8
5620,-17940.82,918.0545,1.56,100.0,87.8
5621,-17980.75,1143.3591,1.59,100.0,87.9
5622,-17986.87,3004.0262,1.63,99.7,87.4
5623,-18085.76,950.4885,1.56,100.0,87.4
5624,-18125.7,548.6269,1.53,100.0,87.1
5625,-18139.54,395.034,1.6,100.0,87.3
5626,-18209.65,1259.5475,1.76,66.1,87.4
5627,-18235.19,1379.8087,1.67,53.7,87.1
5628,-18136.51,900.8339,1.64,54.5,87.2
5629,-18184.23,395.1341,1.52,54.2,87.2
5630,-18118.91,345.2934,1.48,63.1,86.8
5631,-18084.15,403.4586,1.7,100.0,86.8
5632,-18125.83,207.5341,1.79,97.5,86.5
5633,-18179.36,1045.5715,1.69,99.7,85.1
5634,-18165.52,398.2827,1.62,100.0,85.1
5635,-18208.25,800.4907,1.58,100.0,85.1
5636,-18283.8,415.3961,1.61,100.0,85.3
5637,-18377.63,614.0907,1.65,100.0,85.4
5638,-18481.51,1136.7984,1.64,100.0,85.5
5639,-18425.79,604.2224,1.54,100.0,85.5
5640,-18355.78,417.462,1.59,100.0,85.6
5641,-18413.72,550.0716,1.56,100.0,85.6
5642,-18463.85,285.9272,1.54,100.0,85.3
5643,-18539.15,328.0093,1.63,100.0,85.3
5644,-18332.42,3058.024,1.7,100.0,85.3
5645,-18392.29,286.7944,1.65,100.0,85.4
5646,-18382.77,213.9011,1.6,100.0,85.2
5647,-18593.44,2450.2421,1.63,100.0,85.4
5648,-18401.86,145.9405,1.63,100.0,85.4
5649,-18403.94,227.0389,1.73,98.6,85.3
5650,-18308.49,486.8905,1.56,98.9,85.3
5651,-18254.12,143.1005,1.55,100.0,85.3
5652,-18285.01,252.3027,1.56,100.0,85.4
5653,-18227.44,285.1154,1.62,100.0,85.4
5654,-18103.36,843.023,1.68,98.8,85.1
5655,-18141.31,383.9669,1.59,100.0,85.2
5656,-18139.72,179.9257,1.55,100.0,85.6
5657,-18228.55,2636.3644,1.57,100.0,85.7
5658,-18130.77,3048.3878,1.65,100.0,85.8
5659,-18111.36,522.6752,1.67,98.9,85.2
5660,-18248.13,1382.5322,1.67,100.0,85.4
5661,-18231.12,2266.348,1.56,100.0,85.3
5662,-18193.89,812.4003,1.61,100.0,85.4
5663,-18189.47,788.6132,1.68,100.0,85.3
5664,-18149.52,746.3777,1.75,99.1,84.9
5665,-18206.09,964.4057,1.6,99.9,84.9
5666,-18184.16,574.3376,1.58,100.0,84.9
5667,-18224.24,1166.12,1.56,99.4,84.9
5668,-18198.55,411.9699,1.59,100.0,84.9
5669,-18249.16,1885.2045,1.6,100.0,84.8
5670,-18192.31,234.3807,1.55,100.0,84.8
5671,-18243.53,287.0833,1.6,100.0,84.9
5672,-18115.64,1137.655,1.55,100.0,84.9
5673,-18149.84,608.398,1.77,99.9,84.8
5674,-18075.5,1089.3421,1.65,100.0,84.9
5675,-18230.08,625.2644,1.6,100.0,84.8
5676,-18362.1,2375.504,1.62,99.8,84.9
5677,-18393.54,1059.0517,1.61,99.7,84.8
5678,-18325.53,250.5397,1.6,100.0,84.7
5679,-18330.01,503.5551,1.54,100.0,84.8
5680,-17885.24,4428.0489,1.63,100.0,84.8
5681,-17855.06,5527.8226,1.62,98.0,84.5
5682,-17884.75,4169.0187,1.53,100.0,84.4
5683,-18315.99,16860.6426,1.54,100.0,84.5
5684,-17747.94,1432.8371,1.63,100.0,84.5
5685,-17848.98,1174.9373,1.67,100.0,84.6
5686,-18330.91,16715.5386,1.62,99.8,84.5
5687,-17757.94,433.2486,1.59,100.0,84.5
5688,-17886.32,861.7368,1.55,100.0,84.6
5689,-18263.07,12555.6912,1.64,100.0,84.5
5690,-17799.24,1406.9792,1.73,90.4,84.3
5691,-17764.82,1534.3116,1.62,100.0,84.3
5692,-18272.44,11700.4795,1.55,100.0,84.4
5693,-17845.67,833.1317,1.63,100.0,84.5
5694,-18312.77,10821.446,1.63,100.0,84.6
5695,-17927.9,220.6629,1.64,100.0,84.4
5696,-17852.91,1343.4456,1.58,100.0,84.5
5697,-17833.53,3673.3189,1.56,100.0,84.4
5698,-17968.1,2377.6422,1.56,100.0,84.5
5699,-17999.71,1594.8385,1.57,100.0,84.7
5700,-17983.31,3287.2294,1.68,100.0,84.6
5701,-17874.77,708.0183,1.57,100.0,84.6
5702,-18084.78,1290.971,1.65,100.0,84.6
5703,-17910.15,445.0375,1.61,99.3,83.0
5704,-18025.25,884.6995,1.6,100.0,83.2
5705,-18099.18,550.5672,1.63,100.0,82.6
5706,-18134.69,229.3068,1.61,100.0,82.6
5707,-18150.4,1133.6331,1.62,99.6,82.6
5708,-18100.76,142.8047,1.55,100.0,82.7
5709,-18202.84,1624.6106,1.56,100.0,82.7
5710,-18026.87,869.5972,1.59,100.0,82.7
5711,-18190.56,817.8496,1.63,100.0,82.8
5712,-18042.6,418.7262,1.62,99.9,82.8
5713,-18193.11,1172.3453,1.6,100.0,82.7
5714,-18185.31,498.9923,1.54,100.0,82.7
5715,-18250.9,111.415,1.69,100.0,82.7
5716,-18388.44,820.6741,1.71,98.7,82.8
5717,-18477.34,664.2851,1.71,94.1,82.3
5718,-18226.38,1753.4489,1.66,100.0,82.3
5719,-18239.56,729.5757,1.57,100.0,82.3
5720,-18110.25,2801.9274,1.76,100.0,82.8
5721,-18187.11,2630.3165,1.71,96.1,82.3
5722,-18334.8,376.122,1.68,99.6,82.2
5723,-18277.41,363.8306,1.54,100.0,81.9
5724,-18239.32,756.8608,1.59,100.0,81.9
5725,-18127.19,361.9988,1.58,100.0,81.9
5726,-18115.25,344.9643,1.6,100.0,81.9
5727,-18089.42,259.1549,1.56,100.0,82.0
5728,-18093.84,449.8285,1.62,100.0,81.6
5729,-18233.43,1028.1438,1.62,98.7,81.5
5730,-18264.55,965.9978,1.61,100.0,81.5
5731,-18286.59,360.0407,1.74,100.0,81.6
5732,-18656.54,6811.3855,1.63,100.0,81.5
5733,-18405.72,271.9736,1.63,100.0,81.5
5734,-18454.71,720.2899,1.62,91.0,81.5
5735,-18477.98,450.1189,1.59,100.0,81.3
5736,-18471.57,257.834,1.58,100.0,81.4
5737,-18596.23,1443.6171,1.59,100.0,81.4
5738,-18654.73,1520.1549,1.61,100.0,81.5
5739,-18574.13,904.3977,1.69,98.3,80.9
5740,-18558.54,2361.7766,1.55,100.0,80.9
5741,-18473.25,2641.0571,1.52,100.0,80.9
5742,-18471.76,2448.4802,1.57,100.0,81.0
5743,-18363.22,2737.4717,1.61,100.0,81.0
5744,-18413.81,563.0762,1.66,99.8,80.9
5745,-18370.18,394.098,1.59,100.0,81.1
5746,-18338.75,333.5173,1.59,100.0,81.0
5747,-18290.33,604.1786,1.7,100.0,81.0
5748,-18256.89,973.6277,1.7,98.7,80.9
5749,-18218.9,741.1558,1.66,100.0,80.9
5750,-18095.31,1198.6511,1.71,99.3,79.8
5751,-18175.51,297.0107,1.68,100.0,79.8
5752,-18097.06,321.8929,1.54,100.0,79.8
5753,-18092.76,357.2968,1.58,100.0,79.9
5754,-18080.39,1365.2229,1.68,100.0,79.9
5755,-18120.54,466.2834,1.67,99.3,79.8
5756,-18036.48,899.7498,1.59,100.0,80.0
5757,-18116.65,761.6907,1.56,100.0,79.9
5758,-18102.85,162.0874,1.58,99.5,80.0
5759,-18024.44,443.3115,1.6,100.0,79.9
5760,-18229.7,1362.8108,1.68,100.0,80.0
5761,-18164.71,597.5456,1.57,100.0,80.0
5762,-18188.75,507.4106,1.62,100.0,80.1
5763,-18042.77,829.763,1.64,99.7,80.1
5764,-18078.08,725.2956,1.59,100.0,80.3
5765,-18191.26,1375.8089,1.57,100.0,80.2
5766,-18097.59,1379.918,1.6,100.0,80.1
5767,-18036.09,930.5802,1.66,100.0,80.3
5768,-18155.79,599.2871,1.65,94.9,79.0
5769,-18149.96,383.1904,1.58,100.0,79.0
5770,-18116.12,546.8255,1.54,100.0,79.1
5771,-18149.43,286.3261,1.63,100.0,79.0
5772,-18212.01,528.0724,1.62,98.9,78.9
5773,-18152.67,500.3652,1.64,98.7,78.8
5774,-18163.77,290.7307,1.53,100.0,78.7
5775,-18177.94,207.7543,1.57,100.0,78.9
5776,-18120.83,377.9933,1.64,99.8,78.8
5777,-18229.23,175.803,1.62,100.0,78.9
5778,-18397.59,1017.8808,1.54,100.0,78.8
5779,-18622.59,4039.7854,1.62,100.0,78.9
5780,-18646.96,4333.5679,1.62,99.8,78.9
5781,-18595.76,1270.7432,1.56,100.0,79.0
5782,-18441.91,1201.2531,1.65,100.0,78.8
5783,-18449.22,1217.325,1.58,99.9,78.9
5784,-18333.54,1177.767,1.7,100.0,78.8
5785,-18389.44,532.2933,1.63,92.6,78.8
5786,-18324.96,618.0409,1.61,100.0,78.7
5787,-18357.8,195.1678,1.54,100.0,78.6
5788,-18399.71,110.966,1.6,100.0,78.7
5789,-18125.4,1314.7523,1.62,100.0,78.8
5790,-18221.47,314.3963,1.65,99.2,78.8
5791,-18064.65,1057.0952,1.56,100.0,78.7
5792,-18193.26,758.5056,1.56,100.0,78.8
5793,-18066.72,789.4183,1.59,100.0,78.8
5794,-18148.27,2095.2773,1.62,100.0,78.9
5795,-18179.18,1127.0753,1.67,100.0,78.9
5796,-18074.62,514.7585,1.55,100.0,78.9
5797,-18041.22,1045.0853,1.57,100.0,79.0
5798,-18039.24,982.7285,1.67,100.0,78.9
5799,-18136.3,571.4318,1.74,95.5,78.5
5800,-18131.32,457.7013,1.62,100.0,78.5
5801,-18168.65,175.0514,1.58,100.0,78.5
5802,-18117.77,288.1843,1.61,100.0,78.7
5803,-18124.26,287.1788,1.62,100.0,78.7
5804,-18027.03,833.9461,1.63,100.0,78.7
5805,-18063.12,496.3874,1.55,100.0,78.7
5806,-18137.15,709.6986,1.57,100.0,78.8
5807,-18181.14,374.9165,1.6,100.0,78.9
5808,-18178.6,1229.9513,1.58,100.0,79.0
5809,-18284.43,1053.5885,1.62,100.0,79.0
5810,-18258.66,879.0401,1.59,100.0,79.0
5811,-18345.3,995.6092,1.63,100.0,78.9
5812,-18460.57,559.2578,1.63,98.2,78.8
5813,-18303.02,589.0789,1.58,100.0,78.8
5814,-18222.87,838.4373,1.55,100.0,78.8
5815,-18089.33,1760.5395,1.67,100.0,78.8
5816,-18097.98,757.6807,1.73,99.2,78.6
5817,-18218.1,1456.8623,1.62,98.0,78.6
5818,-18192.21,1021.1752,1.54,100.0,78.7
5819,-18199.03,1551.6619,1.57,100.0,78.6
5820,-18253.0,986.3952,1.6,100.0,78.7
5821,-18102.55,1182.3587,1.61,99.5,78.6
5822,-18239.53,279.3057,1.67,100.0,78.7
5823,-18110.87,921.1215,1.56,100.0,78.7
5824,-18098.66,521.223,1.64,100.0,77.9
5825,-18250.73,1072.983,1.66,99.2,77.8
5826,-18196.72,1056.5667,1.64,99.8,77.8
5827,-18301.39,1076.0402,1.69,100.0,78.0
5828,-18268.8,297.8052,1.6,100.0,77.9
5829,-18297.59,234.6497,1.66,97.6,77.5
5830,-18239.53,186.7549,1.61,97.8,77.2
5831,-18263.04,100.3636,1.59,100.0,77.1
5832,-18191.19,500.3117,1.55,100.0,77.1
5833,-18194.53,1088.3136,1.62,100.0,77.2
5834,-18233.52,103.6974,1.67,94.8,76.6
5835,-18005.02,1598.9792,1.6,99.9,76.5
5836,-18077.49,1037.5666,1.54,100.0,76.4
5837,-18209.09,1360.3833,1.56,100.0,76.2
5838,-18195.24,1177.181,1.65,100.0,75.9
5839,-18037.99,945.4957,1.7,96.7,75.8
5840,-18104.97,205.5661,1.6,100.0,75.9
5841,-18200.06,1160.1462,1.54,100.0,75.8
5842,-18136.49,359.3172,1.61,100.0,75.9
5843,-18161.24,834.0233,1.63,100.0,75.9
5844,-17913.72,769.7373,1.57,100.0,75.8
5845,-18012.45,720.2726,1.55,100.0,75.9
5846,-17900.63,231.8327,1.58,100.0,75.9
5847,-18090.9,1203.8904,1.58,100.0,75.9
5848,-18141.68,832.1945,1.61,100.0,76.0
5849,-18192.68,461.5674,1.62,100.0,76.0
5850,-18132.11,448.8695,1.58,100.0,76.1
5851,-18069.32,1038.4937,1.59,99.5,76.1
5852,-17955.93,1076.3621,1.65,100.0,76.2
5853,-18117.7,256.1767,1.67,100.0,76.3
5854,-18175.86,613.4331,1.59,100.0,76.3
5855,-18103.49,643.1614,1.63,100.0,76.4
5856,-18175.95,537.7795,1.58,90.9,76.5
5857,-18058.62,1378.3664,1.56,100.0,76.5
5858,-18075.11,799.0005,1.59,100.0,76.6
5859,-18073.62,305.3448,1.6,100.0,76.6
5860,-18144.54,367.9791,1.65,100.0,76.6
5861,-18173.71,178.2684,1.6,99.3,76.7
5862,-18124.11,221.8045,1.64,100.0,76.6
5863,-18138.99,182.0432,1.58,100.0,76.6
5864,-18167.35,332.3027,1.67,100.0,76.7
5865,-18124.03,135.7487,1.72,85.7,76.8
5866,-18230.04,310.2466,1.61,99.0,76.9
5867,-18209.9,42.0676,1.57,100.0,77.0
5868,-18717.57,13545.6467,1.55,100.0,77.0
5869,-18713.47,9081.3561,1.66,100.0,76.9
5870,-18822.0,11411.9692,1.65,96.3,76.9
5871,-18830.61,7254.3384,1.58,100.0,77.0
5872,-18882.04,6628.7239,1.52,100.0,77.0
5873,-18955.49,5669.066,1.57,100.0,77.0
5874,-18930.02,4180.7427,1.66,100.0,77.1
5875,-18925.42,2417.5693,1.68,98.8,77.2
5876,-18864.76,1898.1447,1.57,100.0,77.2
5877,-18893.95,1388.5323,1.57,100.0,77.1
5878,-18844.56,880.8637,1.62,100.0,77.1
5879,-18787.39,310.6612,1.69,98.9,77.0
5880,-18716.92,414.4506,1.71,99.3,77.0
5881,-18663.71,1901.4505,1.56,100.0,77.0
5882,-18725.53,253.9788,1.59,100.0,77.0
5883,-18585.39,1268.7461,1.58,100.0,76.9
5884,-18531.74,898.4243,1.68,100.0,76.9
5885,-18598.6,440.7891,1.62,100.0,77.0
5886,-18340.11,1738.0054,1.59,100.0,77.0
5887,-18382.15,1417.1536,1.59,100.0,77.1
5888,-18278.32,1454.5419,1.61,100.0,77.2
5889,-18300.99,631.875,1.75,97.5,76.8
5890,-18314.69,120.0548,1.65,100.0,76.8
5891,-18568.32,3677.2119,1.58,100.0,76.7
5892,-18560.01,2565.3683,1.58,99.6,76.8
5893,-18575.46,3175.9787,1.6,99.0,76.9
5894,-18448.5,670.5738,1.57,100.0,77.0
5895,-18269.87,2574.3898,1.55,100.0,77.2
5896,-18175.26,2656.8492,1.61,100.0,77.0
5897,-18169.01,2331.4119,1.67,100.0,77.0
5898,-18137.38,654.4849,1.6,100.0,77.0
5899,-18164.69,820.2525,1.59,100.0,77.0
5900,-18169.65,154.3722,1.58,100.0,77.0
5901,-18194.35,278.8981,1.65,100.0,77.0
5902,-18056.8,775.0985,1.72,89.3,77.2
5903,-18099.12,763.5802,1.62,99.8,77.1
5904,-18081.97,341.3458,1.56,100.0,77.3
5905,-18204.29,1272.9015,1.55,100.0,77.2
5906,-18114.04,325.0066,1.64,100.0,77.3
5907,-18105.72,203.6213,1.64,98.7,77.2
5908,-18167.75,166.6612,1.65,100.0,77.4
5909,-18149.06,393.7072,1.55,100.0,77.4
5910,-18073.14,625.6378,1.6,100.0,77.4
5911,-18081.99,483.28,1.69,100.0,77.5
5912,-18039.76,526.8747,1.69,92.4,77.6
5913,-18128.39,471.7828,1.6,100.0,77.5
5914,-18140.42,798.0743,1.54,100.0,77.6
5915,-17970.65,643.3634,1.59,100.0,77.6
5916,-18165.12,590.3506,1.63,100.0,77.6
5917,-18020.91,406.1917,1.61,100.0,77.6
5918,-18139.71,302.3009,1.57,100.0,77.7
5919,-18026.83,307.8412,1.59,100.0,77.7
5920,-18181.75,1686.7083,1.62,100.0,77.8
5921,-18048.03,171.6735,1.77,95.2,77.8
5922,-18153.68,295.5659,1.73,99.8,77.9
5923,-18225.4,482.1705,1.56,100.0,77.8
5924,-18186.3,237.9573,1.58,100.0,77.9
5925,-18138.07,428.1881,1.61,100.0,78.0
5926,-18115.38,881.1955,1.65,100.0,78.1
5927,-17913.78,1738.5345,1.56,100.0,78.2
5928,-17831.13,1080.5497,1.56,100.0,78.0
5929,-17854.93,919.5553,1.58,99.8,77.8
5930,-18257.38,15234.0022,1.64,100.0,77.8
5931,-17816.99,487.2141,1.71,100.0,78.0
5932,-17703.43,972.361,1.54,100.0,78.0
5933,-18209.15,13033.4714,1.6,100.0,78.1
5934,-18194.04,12621.5076,1.65,100.0,78.1
5935,-17818.15,728.7099,1.64,97.6,78.2
5936,-17812.28,835.6997,1.56,100.0,78.1
5937,-17836.09,646.9559,1.55,100.0,78.2
5938,-17937.18,574.2174,1.6,100.0,78.2
5939,-17816.42,898.6324,1.62,98.3,78.3
5940,-18017.07,868.3356,1.61,100.0,78.4
5941,-17886.23,632.5636,1.53,100.0,78.4
5942,-17894.35,1250.0606,1.58,100.0,78.4
5943,-17957.8,626.0956,1.73,100.0,78.5
5944,-18101.75,1075.0887,1.74,93.8,78.6
5945,-17940.02,1158.0164,1.67,100.0,78.5
5946,-17747.16,1317.3979,1.58,100.0,78.6
5947,-17962.39,252.6746,1.58,100.0,78.6
5948,-17796.38,438.74,1.66,100.0,78.6
5949,-18147.95,1097.4894,1.59,100.0,78.7
5950,-18187.98,776.8938,1.53,100.0,78.7
5951,-18179.14,432.4713,1.55,100.0,78.7
5952,-18192.67,510.7493,1.54,100.0,78.8
5953,-18190.89,353.5294,1.55,100.0,78.8
5954,-18205.83,152.8387,1.62,99.8,78.9
5955,-18101.39,239.7737,1.57,100.0,78.9
5956,-18101.99,262.9589,1.62,100.0,79.0
5957,-18205.83,486.7558,1.61,100.0,79.0
5958,-18237.82,395.7571,1.68,100.0,79.1
5959,-18188.77,105.2689,1.65,100.0,79.0
5960,-18208.9,154.7459,1.61,100.0,79.0
5961,-18132.16,152.3218,1.6,97.6,79.1
5962,-18157.61,254.1704,1.57,100.0,79.1
5963,-18157.83,129.6594,1.55,100.0,79.2
5964,-18168.24,102.0465,1.57,100.0,79.2
5965,-18043.45,874.4649,1.62,100.0,79.2
5966,-18207.1,901.1159,1.62,100.0,79.3
5967,-18119.78,254.161,1.57,100.0,78.7
5968,-18423.09,2595.3651,1.69,100.0,78.8
5969,-18078.29,1327.3713,1.68,100.0,78.8
5970,-18152.5,276.9949,1.62,100.0,78.8
5971,-18147.25,109.9907,1.61,100.0,78.8
5972,-18209.86,178.6319,1.55,100.0,78.8
5973,-18052.48,614.6487,1.64,100.0,78.9
5974,-17997.69,936.1499,1.59,100.0,79.0
5975,-18102.11,165.0648,1.6,100.0,79.0
5976,-18148.3,261.486,1.53,100.0,79.2
5977,-18108.89,121.5407,1.53,100.0,79.0
5978,-17989.65,704.1492,1.59,100.0,78.3
5979,-18205.77,1828.0435,1.58,100.0,78.4
5980,-18031.38,522.894,1.59,99.9,78.5
5981,-18195.81,1826.5115,1.65,100.0,78.6
5982,-18092.77,240.3391,1.61,100.0,78.5
5983,-18256.96,929.3483,1.6,100.0,78.4
5984,-18551.54,5496.9972,1.58,100.0,78.5
5985,-18624.17,5295.9595,1.57,100.0,78.7
5986,-18683.77,5077.1417,1.57,100.0,78.7
5987,-18728.32,4443.029,1.56,100.0,78.7
5988,-18660.66,2384.3483,1.57,100.0,78.6
5989,-18645.16,3122.9063,1.64,100.0,78.7
5990,-18584.59,1338.9251,1.61,100.0,78.8
5991,-18566.11,708.3563,1.53,100.0,78.8
5992,-18529.39,709.6654,1.56,100.0,78.9
5993,-18532.61,398.3565,1.69,100.0,78.8
5994,-18317.09,2865.509,1.73,96.6,78.7
5995,-18360.12,1731.255,1.6,100.0,78.5
5996,-18239.58,3772.342,1.59,100.0,78.7
5997,-18340.45,1693.8567,1.63,100.0,78.7
5998,-18361.81,352.2593,1.63,100.0,78.6
5999,-18364.74,145.3599,1.59,100.0,78.7
6000,-18255.48,470.2257,1.55,100.0,78.6
6001,-18263.11,155.3823,1.6,100.0,78.7
6002,-18425.45,1927.0858,1.64,100.0,78.7
6003,-18188.3,389.8581,1.78,98.0,78.8
6004,-18292.22,113.4709,1.69,99.9,78.8
6005,-18453.45,1784.2084,1.55,100.0,78.8
6006,-18282.74,158.0357,1.6,100.0,78.9
6007,-18329.97,734.1992,1.6,99.6,78.9
6008,-18245.01,648.096,1.59,100.0,79.0
6009,-18176.83,919.2546,1.54,100.0,78.8
6010,-18027.56,2200.9616,1.61,100.0,79.0
6011,-18024.6,786.6078,1.63,100.0,79.0
6012,-18044.77,1909.4697,1.56,100.0,79.1
6013,-18109.65,1094.5575,1.48,99.9,79.0
6014,-18180.7,1291.9884,1.57,100.0,79.0
6015,-18114.78,1322.7131,1.69,100.0,79.0
6016,-18042.33,1333.7263,1.68,97.8,79.1
6017,-17968.69,778.0688,1.64,100.0,79.1
6018,-18024.89,806.8968,1.53,100.0,79.0
6019,-17976.32,1762.3008,1.59,100.0,78.4
6020,-18061.71,390.2806,1.59,96.0,77.2
6021,-18140.53,669.4924,1.58,100.0,77.3
6022,-18201.3,748.9969,1.49,99.9,77.4
6023,-18209.81,299.6454,1.6,99.3,77.5
6024,-18015.82,2168.3477,1.69,100.0,77.6
6025,-17994.67,1999.1709,1.62,100.0,77.6
6026,-18019.98,1085.607,1.55,100.0,77.5
6027,-18100.49,388.2133,1.58,100.0,77.6
6028,-18068.07,952.1156,1.56,100.0,77.6
6029,-18085.3,481.3815,1.57,100.0,77.6
6030,-18085.33,541.021,1.59,100.0,77.7
6031,-18155.81,2031.1905,1.61,100.0,77.7
6032,-18116.71,357.6567,1.61,100.0,77.7
6033,-18272.65,15319.2424,1.59,100.0,77.7
6034,-18060.69,637.7759,1.6,100.0,77.8
6035,-17861.42,689.5531,1.6,100.0,77.9
6036,-18036.03,806.7276,1.65,100.0,77.9
6037,-17919.83,970.6723,1.68,91.6,77.9
6038,-17976.71,280.0476,1.6,100.0,77.9
6039,-17777.22,560.0402,1.57,100.0,78.0
6040,-17849.17,603.8239,1.57,100.0,78.0
6041,-17930.26,229.5985,1.65,100.0,78.0
6042,-17881.59,1332.868,1.62,97.1,78.1
6043,-17968.76,1978.4495,1.59,100.0,78.1
6044,-17880.61,1045.576,1.56,100.0,77.6
6045,-18011.59,1219.0306,1.68,100.0,77.6
6046,-18049.48,1265.7568,1.7,97.2,77.7
6047,-18141.32,615.2369,1.61,99.9,77.7
6048,-17889.89,219.2552,1.54,100.0,77.7
6049,-18136.42,263.2211,1.56,100.0,77.8
6050,-18192.22,1126.5327,1.61,100.0,77.9
6051,-17799.68,2112.7807,1.71,99.2,78.6
6052,-17737.75,1922.6915,1.58,100.0,78.6
6053,-17838.9,998.8153,1.55,100.0,78.5
6054,-18232.52,14238.5586,1.61,100.0,78.6
6055,-18151.93,1069.1707,1.71,100.0,78.6
6056,-17732.45,701.5657,1.66,98.7,78.2
6057,-18194.48,466.0017,1.61,100.0,78.1
6058,-18104.51,458.8616,1.57,100.0,78.0
6059,-18022.03,1104.3352,1.61,100.0,78.1
6060,-18057.5,371.073,1.66,100.0,78.0
6061,-18122.96,297.0971,1.61,100.0,78.1
6062,-17773.12,528.1502,1.56,100.0,78.1
6063,-18149.19,83.0227,1.58,99.3,78.0
6064,-18122.99,873.39,1.55,100.0,78.0
6065,-18084.19,866.1327,1.57,100.0,78.1
6066,-18177.92,330.2028,1.56,100.0,78.1
6067,-18117.67,513.8822,1.65,100.0,78.1
6068,-18080.77,630.1766,1.63,98.3,78.0
6069,-18185.62,206.7064,1.61,100.0,77.9
6070,-18028.67,876.9073,1.69,100.0,78.0
6071,-18185.94,132.1064,1.59,100.0,78.0
6072,-18224.08,203.9905,1.67,99.3,77.9
6073,-18024.68,1028.1125,1.59,97.4,77.9
6074,-18167.17,306.9195,1.57,100.0,77.8
6075,-18050.85,428.3592,1.56,100.0,77.7
6076,-18100.96,116.0566,1.61,100.0,77.8
6077,-18130.69,101.5462,1.64,98.6,77.9
6078,-18114.42,426.5261,1.62,99.5,77.7
6079,-18308.75,14393.229,1.54,100.0,77.8
6080,-17771.54,797.9264,1.53,100.0,77.9
6081,-18136.1,13763.9915,1.6,100.0,77.8
6082,-18261.0,13605.4253,1.68,99.4,77.9
6083,-18321.5,12873.7205,1.67,100.0,77.8
6084,-18216.92,11334.6104,1.54,100.0,77.8
6085,-17785.89,1761.7542,1.6,100.0,77.8
6086,-18263.57,10810.0271,1.68,100.0,77.9
6087,-18221.19,9787.7451,1.71,95.9,78.0
6088,-18108.22,4131.2967,1.64,100.0,77.9
6089,-18005.83,6926.7495,1.54,100.0,77.8
6090,-17763.42,5241.7307,1.58,99.3,78.0
6091,-17991.94,4042.8498,1.58,100.0,77.8
6092,-18151.86,1617.0463,1.59,100.0,77.9
6093,-18054.35,2153.7635,1.56,100.0,77.8
6094,-18079.46,1790.7035,1.61,100.0,77.9
6095,-18069.6,1007.1955,1.58,99.8,78.0
6096,-18097.84,617.7319,1.67,100.0,78.0
6097,-18154.66,596.6741,1.65,100.0,78.1
6098,-18220.01,491.3778,1.6,100.0,78.1
6099,-18549.93,5835.3738,1.64,98.6,78.1
6100,-18432.68,1298.0781,1.61,96.6,78.2
6101,-18478.27,1041.3528,1.55,100.0,78.1
6102,-18339.73,1049.9153,1.55,100.0,78.2
6103,-18295.74,1134.3777,1.62,100.0,78.2
6104,-18265.68,954.2898,1.67,93.0,78.3
6105,-18234.37,404.9788,1.61,99.7,78.3
6106,-18723.59,16723.343,1.57,100.0,78.3
6107,-18311.94,1137.5908,1.58,100.0,78.3
6108,-18248.85,207.7804,1.59,100.0,78.4
6109,-18302.56,395.1734,1.64,99.8,78.5
6110,-18243.21,399.1012,1.67,100.0,78.4
6111,-18224.51,645.011,1.58,100.0,78.4
6112,-18053.7,1401.0762,1.59,100.0,78.5
6113,-18184.58,1080.7982,1.62,100.0,78.7
6114,-18534.46,13210.283,1.73,100.0,78.7
6115,-18547.4,12493.7881,1.64,100.0,78.7
6116,-18132.77,864.8911,1.57,100.0,78.7
6117,-18247.07,982.1429,1.59,94.6,78.8
6118,-18119.2,1145.1518,1.58,100.0,78.7
6119,-18264.19,496.1441,1.63,100.0,78.7
6120,-18311.26,402.438,1.55,100.0,78.6
6121,-18352.59,382.9981,1.61,100.0,78.8
6122,-18117.2,1651.1411,1.61,95.1,78.8
6123,-18139.89,1757.4069,1.56,100.0,78.8
6124,-18560.16,12544.2385,1.52,100.0,78.8
6125,-18238.13,162.8222,1.58,100.0,78.7
6126,-18013.03,1524.0027,1.63,99.9,78.8
6127,-18226.1,574.9996,1.67,98.1,78.9
6128,-18185.48,237.1754,1.61,100.0,79.1
6129,-18274.15,1430.3679,1.57,100.0,78.9
6130,-18283.2,389.3003,1.66,100.0,79.0
6131,-18174.02,1212.1898,1.71,91.0,79.2
6132,-18223.2,540.1876,1.63,99.0,79.3
6133,-18042.25,1513.9424,1.53,100.0,79.3
6134,-18108.05,410.9029,1.58,100.0,79.2
6135,-17965.71,683.3525,1.58,100.0,79.1
6136,-18088.35,1735.3487,1.61,100.0,79.2
6137,-18193.53,3238.8063,1.57,100.0,79.3
6138,-18024.44,657.8974,1.54,100.0,79.3
6139,-18088.22,1059.3293,1.56,100.0,79.4
6140,-18100.31,501.0858,1.72,100.0,79.4
6141,-18105.19,391.506,1.75,94.9,79.5
6142,-18310.62,12768.6072,1.62,100.0,79.5
6143,-18594.29,14293.8137,1.55,100.0,79.6
6144,-18007.05,3829.686,1.62,100.0,79.9
6145,-18202.76,872.8312,1.62,100.0,79.8
6146,-18192.91,1270.6094,1.61,100.0,79.9
6147,-18182.77,629.4562,1.55,100.0,79.9
6148,-18079.36,583.9256,1.59,100.0,80.1
6149,-18131.92,258.304,1.62,100.0,80.3
6150,-18611.05,15078.4167,1.6,100.0,80.3
6151,-18187.02,486.9869,1.56,100.0,80.4
6152,-18223.11,495.6178,1.58,100.0,80.4
6153,-18226.17,530.8898,1.63,99.9,80.4
6154,-18225.4,690.8254,1.63,100.0,80.6
6155,-18273.46,284.396,1.55,100.0,80.6
6156,-18550.29,12465.6035,1.54,100.0,80.6
6157,-18533.63,12289.2107,1.65,100.0,80.7
6158,-18515.56,9914.9346,1.72,87.2,80.8
6159,-18496.71,10332.5356,1.61,100.0,80.9
6160,-18570.21,6972.5068,1.54,100.0,80.8
6161,-17905.64,5691.3286,1.6,100.0,80.8
6162,-18056.49,7717.8651,1.65,100.0,80.9
6163,-18100.98,5151.6818,1.65,97.8,81.0
6164,-18205.26,2937.7637,1.57,100.0,81.1
6165,-18080.79,7392.2839,1.55,100.0,81.0
6166,-18152.68,2545.3506,1.57,100.0,81.1
6167,-18034.9,3171.1595,1.71,100.0,81.2
6168,-18156.16,4865.6191,1.67,99.8,81.2
6169,-18621.78,11550.0693,1.59,100.0,81.2
6170,-18122.68,1980.3262,1.56,100.0,81.2
6171,-18564.98,6492.5372,1.61,100.0,81.2
6172,-18208.25,2530.2489,1.7,99.5,81.3
6173,-18142.04,1815.055,1.67,99.9,81.5
6174,-18699.49,10206.6099,1.57,100.0,81.5
6175,-18714.54,8294.837,1.61,100.0,81.6
6176,-18311.9,1444.9191,1.6,98.2,81.6
6177,-18409.39,1234.3888,1.62,100.0,81.5
6178,-18352.71,1416.0656,1.59,100.0,81.6
6179,-18333.36,1050.1257,1.6,100.0,81.6
6180,-18333.6,726.4012,1.61,98.7,81.7
6181,-18892.6,11382.1108,1.59,100.0,81.8
6182,-18461.01,804.6509,1.7,100.0,82.0
6183,-18416.87,713.9558,1.59,100.0,81.9
6184,-18635.86,2591.4908,1.66,100.0,81.9
6185,-18443.56,514.8795,1.69,89.9,82.0
6186,-18432.69,473.841,1.58,100.0,82.1
6187,-18532.87,1026.9903,1.54,100.0,82.2
6188,-18376.25,202.5592,1.59,100.0,82.2
6189,-18659.73,2273.0254,1.6,100.0,82.2
6190,-18632.08,1372.5544,1.61,96.5,82.4
6191,-18568.05,1120.5105,1.55,100.0,82.4
6192,-18550.68,1072.6437,1.53,100.0,82.5
6193,-18559.65,1141.9901,1.62,100.0,82.5
6194,-18411.67,1334.4129,1.6,100.0,82.5
6195,-18350.67,1343.9609,1.71,100.0,82.1
6196,-18419.74,461.3915,1.55,100.0,82.1
6197,-18374.48,259.4284,1.57,100.0,82.2
6198,-18271.71,961.2325,1.65,100.0,82.3
6199,-18311.9,304.6819,1.69,86.5,82.4
6200,-18330.15,371.3924,1.62,100.0,81.5
6201,-17996.13,3911.1664,1.67,99.8,81.5
6202,-18213.34,778.9868,1.54,100.0,81.6
6203,-18652.06,15195.5454,1.49,100.0,81.7
6204,-18253.46,373.5912,1.56,100.0,81.8
6205,-18163.68,362.6055,1.63,100.0,81.7
6206,-18262.1,157.5812,1.62,100.0,81.6
6207,-18228.22,76.4947,1.56,100.0,81.7
6208,-18242.85,86.4077,1.68,95.6,81.8
6209,-18042.4,1150.5824,1.6,99.1,81.8
6210,-18536.35,11088.6416,1.58,100.0,81.7
6211,-18531.65,11587.5771,1.54,100.0,81.8
6212,-18155.0,516.8958,1.62,100.0,81.9
6213,-18647.57,9200.4263,1.68,90.2,82.0
6214,-18278.1,299.5061,1.56,99.9,82.1
6215,-18338.01,796.7561,1.52,100.0,81.9
6216,-18282.51,428.4927,1.57,100.0,82.0
6217,-18264.91,185.8502,1.64,100.0,82.0
6218,-18713.86,12354.9543,1.59,98.8,82.1
6219,-18258.25,117.097,1.59,100.0,82.0
6220,-18384.32,811.0061,1.58,100.0,81.8
6221,-18312.44,327.5422,1.67,100.0,81.1
6222,-18098.63,1526.2145,1.71,95.6,81.2
6223,-18329.72,320.7009,1.65,99.6,81.3
6224,-18299.47,116.2505,1.56,100.0,81.4
6225,-18102.52,1253.3864,1.63,100.0,81.2
6226,-18139.8,266.3746,1.62,100.0,81.2
6227,-18075.6,490.6901,1.66,100.0,81.3
6228,-18149.21,575.5597,1.56,100.0,81.4
6229,-18155.92,1616.5432,1.58,100.0,81.4
6230,-18046.43,344.1268,1.6,97.4,81.5
6231,-18053.32,251.0793,1.59,100.0,81.4
6232,-18141.67,519.4526,1.62,100.0,81.5
6233,-18022.55,185.2127,1.64,100.0,81.5
6234,-17992.14,555.2658,1.62,100.0,81.6
6235,-18539.83,12802.9004,1.6,98.9,81.6
6236,-18048.85,311.3106,1.66,100.0,81.7
6237,-18142.38,1068.2693,1.59,100.0,80.9
6238,-18706.52,15270.3599,1.66,100.0,81.0
6239,-18234.79,226.728,1.64,89.6,81.2
6240,-18144.9,397.1872,1.62,100.0,81.2
6241,-18189.92,1658.6982,1.57,100.0,81.3
6242,-18677.83,14586.9297,1.59,100.0,81.2
6243,-18183.49,348.5951,1.63,99.2,81.1
6244,-18112.51,769.8404,1.64,96.7,81.3
6245,-18032.14,992.6382,1.55,100.0,81.2
6246,-18043.86,660.3268,1.54,100.0,81.3
6247,-18147.88,547.711,1.6,100.0,81.2
6248,-18202.3,2403.1006,1.61,98.2,81.3
6249,-18177.89,1445.6145,1.6,100.0,81.4
6250,-18048.71,1161.8342,1.54,100.0,81.3
6251,-18043.69,792.1806,1.58,100.0,81.4
6252,-18057.64,477.4418,1.6,100.0,81.4
6253,-18178.11,1315.0757,1.69,100.0,81.4
6254,-18177.67,472.0265,1.61,100.0,81.5
6255,-18172.18,944.251,1.55,100.0,81.5
6256,-18153.38,177.7584,1.6,100.0,81.5
6257,-18038.52,943.8644,1.58,98.7,81.5
6258,-18185.18,692.4254,1.75,100.0,81.5
6259,-18061.45,714.7311,1.59,100.0,81.5
6260,-18522.28,12182.3689,1.6,100.0,81.6
6261,-18110.31,718.7308,1.62,98.0,81.5
6262,-18598.39,13887.6895,1.71,100.0,81.1
6263,-18050.99,987.5081,1.69,99.9,81.2
6264,-18052.82,523.9035,1.59,100.0,81.2
6265,-18184.98,345.84,1.63,99.2,81.2
6266,-18552.4,13573.7854,1.61,93.8,81.3
6267,-18034.92,478.0349,1.59,100.0,81.3
6268,-18481.58,11535.7043,1.55,100.0,81.3
6269,-18060.36,381.8527,1.63,100.0,81.3
6270,-18077.09,451.1498,1.69,96.4,81.3
6271,-18142.72,316.5613,1.61,99.5,81.4
6272,-18201.93,4473.7661,1.54,100.0,81.4
6273,-18076.63,225.0997,1.57,100.0,81.4
6274,-18130.55,164.0064,1.63,100.0,81.4
6275,-18051.59,375.3341,1.65,97.4,81.3
6276,-18049.5,503.265,1.67,100.0,81.3
6277,-18085.82,921.7133,1.54,100.0,81.3
6278,-18136.82,381.5064,1.6,100.0,81.5
6279,-18179.54,1062.0601,1.69,100.0,81.4
6280,-18125.34,876.0162,1.66,94.9,81.1
6281,-18467.04,12364.853,1.63,100.0,81.1
6282,-18140.92,268.5788,1.55,99.9,81.2
6283,-18020.69,2059.5856,1.59,96.9,81.4
6284,-18056.03,1253.7037,1.6,100.0,81.3
6285,-18033.34,1077.6388,1.59,100.0,81.2
6286,-17984.99,799.3109,1.57,100.0,81.1
6287,-18028.41,632.4879,1.59,100.0,81.3
6288,-18101.11,374.6556,1.57,100.0,81.3
6289,-18102.29,567.3272,1.75,100.0,81.4
6290,-18166.37,524.7418,1.65,99.9,81.7
6291,-18023.83,928.1989,1.61,100.0,81.7
6292,-18370.6,3029.3038,1.63,99.2,81.9
6293,-18195.67,572.1291,1.61,98.2,82.1
6294,-18148.7,705.2652,1.56,100.0,82.1
6295,-18196.65,454.1761,1.54,100.0,82.2
6296,-18055.46,1315.3561,1.6,100.0,82.1
6297,-18210.59,240.8748,1.66,95.8,82.1
6298,-18037.13,1409.897,1.58,100.0,82.4
6299,-18487.97,13882.7681,1.51,100.0,82.4
6300,-18000.75,2505.0933,1.59,100.0,82.5
6301,-17931.1,906.9849,1.62,100.0,82.4
6302,-18020.17,811.9798,1.6,97.1,82.4
6303,-18514.12,11545.3206,1.65,100.0,82.4
6304,-17955.04,659.9079,1.55,100.0,82.5
6305,-17968.77,433.6185,1.64,100.0,82.5
6306,-17890.12,2940.1043,1.69,99.9,82.7
6307,-17854.88,2071.2059,1.74,92.2,82.9
6308,-18121.57,475.5705,1.57,100.0,82.6
6309,-18059.46,576.9824,1.53,100.0,82.5
6310,-18181.37,807.2106,1.57,99.9,82.2
6311,-17884.82,1050.3393,1.62,100.0,82.1
6312,-18073.43,238.2135,1.62,100.0,82.2
6313,-18035.65,301.4949,1.56,100.0,82.1
6314,-18218.81,2089.669,1.58,100.0,82.2
6315,-18173.97,1419.9121,1.62,100.0,82.1
6316,-17931.06,1694.2657,1.68,99.1,82.0
6317,-18472.87,13220.7573,1.65,99.8,82.1
6318,-17904.79,1280.813,1.55,100.0,82.1
6319,-18107.04,499.614,1.62,98.4,82.0
6320,-18023.73,331.1832,1.59,98.6,82.3
6321,-17887.9,1043.3337,1.56,100.0,82.2
6322,-18105.82,360.3375,1.55,100.0,82.2
6323,-18175.34,827.9754,1.61,100.0,82.3
6324,-18157.88,608.2481,1.64,91.1,82.5
6325,-18178.79,516.255,1.58,99.9,82.5
6326,-18143.92,412.5727,1.53,100.0,82.5
6327,-18477.14,13059.5754,1.57,100.0,82.5
6328,-18144.19,881.0996,1.63,100.0,82.6
6329,-17872.83,2090.0227,1.62,96.4,82.6
6330,-17905.37,1848.303,1.56,100.0,82.6
6331,-17782.7,717.7761,1.54,100.0,82.7
6332,-17897.46,1881.0365,1.56,100.0,82.7
6333,-18009.34,306.727,1.65,100.0,82.9
6334,-18217.94,1618.6843,1.67,100.0,82.7
6335,-18032.0,724.1513,1.58,100.0,82.8
6336,-18041.74,389.7596,1.59,100.0,82.9
6337,-18064.15,485.2897,1.63,100.0,83.3
6338,-18085.8,331.8015,1.67,98.5,83.2
6339,-18565.86,13494.5061,1.67,100.0,82.9
6340,-18054.39,671.5564,1.53,100.0,82.9
6341,-18175.25,222.0724,1.58,99.6,83.0
6342,-18068.57,268.2635,1.58,99.8,82.7
6343,-18075.25,115.0637,1.57,100.0,82.7
6344,-18128.4,898.7122,1.59,100.0,82.7
6345,-18510.58,18585.7036,1.59,100.0,82.6
6346,-18568.93,15734.1018,1.54,100.0,82.7
6347,-17973.28,1907.6945,1.53,100.0,82.8
6348,-17707.35,1205.7604,1.57,99.9,82.9
6349,-18025.27,2432.2464,1.66,100.0,82.9
6350,-18552.44,11771.6113,1.7,97.6,83.2
6351,-17995.54,1094.3083,1.63,100.0,83.1
6352,-18075.08,941.5237,1.57,100.0,83.1
6353,-18030.47,542.4426,1.65,100.0,83.1
6354,-17999.4,1023.6939,1.68,100.0,83.2
6355,-18112.32,308.9053,1.66,94.7,83.4
6356,-18075.32,158.0999,1.56,100.0,83.4
6357,-18203.54,1481.5868,1.54,100.0,83.3
6358,-18104.41,604.1668,1.63,100.0,83.3
6359,-18187.61,569.7497,1.62,100.0,83.4
6360,-18120.98,332.3324,1.59,99.6,83.5
6361,-18061.24,483.0327,1.53,100.0,83.4
6362,-18043.52,541.6979,1.56,100.0,83.5
6363,-18114.01,873.026,1.58,99.4,83.5
6364,-18029.99,453.4872,1.64,100.0,83.5
6365,-18157.82,940.0512,1.66,100.0,83.6
6366,-18173.8,333.8463,1.58,100.0,83.7
6367,-18016.79,996.5818,1.57,100.0,83.8
6368,-18152.63,898.9628,1.71,100.0,83.8
6369,-18063.9,624.8218,1.67,99.1,83.6
6370,-18141.53,490.2811,1.66,100.0,83.8
6371,-18129.81,142.7965,1.58,100.0,83.8
6372,-18145.43,259.2379,1.61,94.6,83.9
6373,-18190.84,775.1694,1.61,98.5,83.8
6374,-18059.91,402.7896,1.57,100.0,83.9
6375,-18021.56,416.1657,1.53,100.0,83.9
6376,-18149.01,486.204,1.61,100.0,84.0
6377,-18217.09,1848.5283,1.67,92.0,84.0
6378,-18002.29,475.3601,1.6,99.9,83.9
6379,-18111.13,353.0033,1.57,100.0,84.1
6380,-18056.59,265.2193,1.55,100.0,84.2
6381,-18159.57,258.8263,1.59,100.0,84.2
6382,-18128.01,226.0082,1.84,97.4,85.1
6383,-18216.65,330.5452,1.66,100.0,85.0
6384,-18164.87,130.908,1.62,100.0,85.1
6385,-18461.16,3032.7133,1.62,100.0,85.1
6386,-18383.01,1991.1054,1.67,100.0,85.0
6387,-18316.53,326.0305,1.69,91.5,84.5
6388,-18273.18,238.2972,1.62,100.0,84.6
6389,-18511.78,2834.6851,1.55,100.0,84.6
6390,-18448.27,1511.0129,1.64,100.0,84.7
6391,-18504.66,1493.214,1.67,97.9,84.5
6392,-18511.03,1031.0793,1.61,99.1,84.5
6393,-18572.03,1153.4158,1.56,100.0,84.5
6394,-18498.2,472.3191,1.57,100.0,84.5
6395,-18508.65,409.9006,1.61,100.0,84.6
6396,-18578.86,312.6278,1.66,98.3,84.6
6397,-18507.08,310.2264,1.61,100.0,84.7
6398,-18574.22,590.9058,1.55,100.0,84.7
6399,-18231.27,6213.532,1.64,100.0,84.7
6400,-18450.22,726.7467,1.67,98.5,84.6
6401,-18276.47,3597.3221,1.69,94.3,84.8
6402,-18232.02,3068.2194,1.6,100.0,84.7
6403,-18222.98,2044.4224,1.57,100.0,84.8
6404,-18291.75,498.0904,1.59,99.1,84.2
6405,-18242.81,620.7296,1.63,100.0,84.1
6406,-18270.27,1488.5338,1.61,99.7,84.2
6407,-18333.02,231.4191,1.56,100.0,84.2
6408,-18281.07,1018.1098,1.58,100.0,84.3
6409,-18269.58,270.9571,1.57,98.7,84.4
6410,-18396.13,1142.4925,1.58,100.0,84.4
6411,-18169.06,484.5261,1.64,100.0,84.4
6412,-18028.05,1516.7813,1.6,100.0,84.3
6413,-18134.52,358.8269,1.64,98.6,84.6
6414,-17825.15,1038.6366,1.6,99.4,84.1
6415,-18587.96,14637.6594,1.69,100.0,84.2
6416,-17870.77,654.3536,1.58,100.0,84.2
6417,-18497.98,12473.1514,1.63,100.0,84.3
6418,-18144.01,268.4574,1.65,88.6,84.6
6419,-18431.12,12432.8101,1.59,100.0,84.5
6420,-18566.65,12253.5134,1.58,100.0,84.7
6421,-18114.41,1017.4926,1.58,100.0,84.6
6422,-18195.46,1109.5578,1.62,100.0,84.6
6423,-18062.52,1609.1465,1.66,96.7,84.3
6424,-18145.16,608.6633,1.59,100.0,84.8
6425,-18066.1,498.1938,1.54,100.0,84.7
6426,-17948.48,823.1561,1.59,99.8,84.7
6427,-18071.51,703.1485,1.55,100.0,83.6
6428,-18160.17,1910.7385,1.59,100.0,83.5
6429,-17978.88,1967.7566,1.71,100.0,83.6
6430,-18667.17,16376.3477,1.69,100.0,83.7
6431,-17982.2,966.767,1.59,100.0,83.5
6432,-18051.63,648.5522,1.57,100.0,83.5
6433,-18066.88,357.1003,1.56,100.0,83.6
6434,-18051.57,553.433,1.57,100.0,83.6
6435,-18079.45,255.528,1.6,100.0,83.7
6436,-17814.08,884.4784,1.55,100.0,83.6
6437,-17949.76,1112.5318,1.61,100.0,83.7
6438,-18078.21,1169.6252,1.57,100.0,83.7
6439,-17797.55,2587.3195,1.69,100.0,83.7
6440,-17879.74,355.3297,1.6,100.0,83.6
6441,-18011.61,1059.2768,1.62,100.0,83.6
6442,-17884.92,468.3233,1.65,98.4,83.8
6443,-18150.91,1097.3199,1.62,98.8,84.0
6444,-18046.42,580.2217,1.56,100.0,84.0
6445,-18077.27,744.2251,1.57,100.0,83.9
6446,-18137.52,277.0322,1.63,100.0,83.8
6447,-18141.21,663.0227,1.67,96.3,83.5
6448,-18249.55,793.6597,1.6,99.7,83.6
6449,-18227.77,655.6846,1.55,100.0,83.6
6450,-18134.75,532.2423,1.55,100.0,83.7
6451,-18199.46,436.069,1.58,100.0,83.7
6452,-18077.19,456.8152,1.62,100.0,83.8
6453,-17940.97,1298.9107,1.62,100.0,83.7
6454,-17992.13,621.6287,1.6,100.0,83.7
6455,-17717.96,1073.0313,1.57,100.0,83.8
6456,-17872.18,1630.8534,1.62,100.0,83.8
6457,-18267.52,13844.7854,1.72,98.8,84.0
6458,-17833.09,609.5958,1.58,100.0,83.9
6459,-18586.42,15725.2307,1.61,100.0,83.9
6460,-17876.54,1534.612,1.6,99.8,84.0
6461,-17847.5,929.9363,1.6,100.0,84.1
6462,-18167.82,898.1579,1.6,100.0,84.1
6463,-18188.17,695.0923,1.59,100.0,84.1
6464,-18143.11,331.9764,1.63,100.0,84.1
6465,-18162.58,383.1279,1.58,100.0,84.2
6466,-18153.57,245.2418,1.53,100.0,84.2
6467,-18185.25,114.9049,1.54,100.0,84.2
6468,-18205.04,235.5111,1.63,100.0,84.4
6469,-18215.57,353.3908,1.67,99.4,84.3
6470,-18259.9,287.7798,1.68,99.7,84.3
6471,-18363.32,410.5481,1.53,100.0,84.3
6472,-18464.28,720.1318,1.59,100.0,84.5
6473,-18408.39,870.5153,1.68,100.0,84.6
6474,-18568.94,1588.6623,1.7,94.8,84.7
6475,-18465.17,1506.8131,1.65,99.7,84.5
6476,-18425.26,1713.3772,1.53,100.0,84.5
6477,-18444.09,718.6877,1.57,100.0,84.6
6478,-18359.46,412.0521,1.61,100.0,84.6
6479,-18399.74,418.897,1.63,100.0,84.7
6480,-18353.9,706.5943,1.57,100.0,84.7
6481,-18342.21,856.6015,1.56,100.0,84.7
6482,-18333.31,1247.522,1.6,100.0,84.7
6483,-18310.45,386.6406,1.61,100.0,84.7
6484,-18489.35,1691.6031,1.74,99.2,84.8
6485,-18311.1,680.0769,1.58,100.0,84.8
6486,-18413.19,569.7802,1.56,100.0,84.3
6487,-18382.08,267.2969,1.62,100.0,84.4
6488,-18356.78,150.3204,1.67,100.0,84.4
6489,-18377.87,357.0182,1.77,99.4,84.5
6490,-18447.5,478.7379,1.57,100.0,84.6
6491,-18330.46,632.8946,1.6,100.0,84.7
6492,-18338.07,381.8848,1.58,99.0,84.9
6493,-18248.52,1370.6753,1.63,100.0,84.9
6494,-18283.72,621.9022,1.56,100.0,84.9
6495,-18296.29,281.184,1.59,100.0,84.9
6496,-18283.05,190.2008,1.64,99.6,85.1
6497,-18308.03,220.45,1.59,99.4,85.2
6498,-18358.08,155.139,1.57,100.0,85.1
6499,-18375.26,353.8494,1.54,100.0,85.2
6500,-18307.37,311.018,1.59,100.0,85.1
6501,-18325.78,384.6679,1.67,98.9,85.3
6502,-18309.48,211.8674,1.66,100.0,85.3
6503,-18270.88,376.8486,1.55,100.0,85.4
6504,-18328.14,380.3991,1.58,100.0,85.6
6505,-18265.91,635.5421,1.62,100.0,85.5
6506,-18633.15,13318.6433,1.68,98.1,85.5
6507,-18322.92,354.6036,1.65,100.0,85.5
6508,-18251.23,500.4332,1.55,100.0,85.5
6509,-18609.74,10534.9895,1.59,100.0,85.8
6510,-18599.37,11001.533,1.59,100.0,85.8
6511,-18690.28,10732.814,1.62,100.0,85.7
6512,-18577.2,6802.8799,1.53,100.0,85.6
6513,-18680.03,6280.0736,1.59,100.0,85.6
6514,-18633.85,4748.0804,1.63,100.0,85.4
6515,-18674.27,5088.28,1.57,100.0,85.5
6516,-18576.21,4121.6616,1.69,100.0,85.9
6517,-18580.04,2526.9604,1.61,100.0,85.7
6518,-18650.74,2217.9126,1.64,99.2,85.7
6519,-18607.89,1830.5969,1.58,100.0,85.6
6520,-18657.75,1521.5832,1.58,100.0,85.7
6521,-18590.28,1477.6301,1.62,100.0,85.3
6522,-18197.96,12423.408,1.62,99.9,85.5
6523,-18381.28,7019.5707,1.68,100.0,85.5
6524,-18420.52,4654.2843,1.56,100.0,85.4
6525,-18351.47,4032.5793,1.53,100.0,85.4
6526,-18385.57,5394.4994,1.55,100.0,85.4
6527,-18420.02,4629.9977,1.61,100.0,85.5
6528,-18774.0,14300.3906,1.67,100.0,85.5
6529,-18791.82,7524.187,1.65,100.0,85.5
6530,-18705.93,3214.8212,1.58,100.0,85.5
6531,-18674.46,1312.605,1.6,100.0,85.5
6532,-18539.93,1977.5798,1.7,100.0,85.6
6533,-18569.44,1561.28,1.76,99.2,85.6
6534,-18543.27,1011.7687,1.64,100.0,85.6
6535,-18600.28,631.2602,1.55,100.0,85.6
6536,-18649.75,709.7847,1.59,99.5,85.6
6537,-18524.05,456.8092,1.59,100.0,85.7
6538,-18520.33,301.4971,1.63,100.0,85.8
6539,-18339.23,2056.4302,1.57,100.0,85.8
6540,-18530.75,879.3454,1.6,100.0,85.8
6541,-18533.96,850.9744,1.63,99.4,85.9
6542,-18304.75,2331.7554,1.61,100.0,85.7
6543,-18484.78,211.9334,1.68,100.0,85.9
6544,-18334.74,1708.1504,1.6,100.0,85.9
6545,-18298.21,1505.0059,1.67,100.0,86.0
6546,-18306.51,686.325,1.67,90.3,86.0
6547,-18309.46,625.3081,1.61,100.0,86.1
6548,-18306.35,388.2492,1.54,100.0,86.1
6549,-18203.13,709.75,1.6,100.0,86.1
6550,-18204.41,402.8543,1.62,100.0,85.8
6551,-18111.78,731.6507,1.66,97.6,86.0
6552,-18398.43,2547.2395,1.58,100.0,86.2
6553,-18256.59,528.3203,1.55,100.0,86.2
6554,-18174.19,232.5069,1.61,100.0,86.1
6555,-18178.51,315.9896,1.61,100.0,86.2
6556,-18278.04,475.761,1.64,100.0,86.3
6557,-18064.01,850.4761,1.55,100.0,86.4
6558,-18050.0,697.1025,1.58,100.0,86.5
6559,-17813.18,1839.9337,1.63,100.0,86.5
6560,-18067.79,1023.4189,1.75,95.5,86.5
6561,-18132.53,762.2901,1.65,99.9,86.8
6562,-18145.61,367.9721,1.58,100.0,86.9
6563,-18131.71,426.8878,1.56,100.0,86.8
6564,-18162.82,282.483,1.6,100.0,86.8
6565,-18162.8,99.1361,1.63,100.0,86.8
6566,-18144.74,275.3889,1.55,100.0,86.8
6567,-17770.9,2074.6454,1.55,100.0,86.8
6568,-18255.5,19235.8071,1.61,100.0,86.7
6569,-18223.14,1550.1008,1.6,100.0,86.8
6570,-17869.2,391.6538,1.68,99.8,87.2
6571,-18101.95,211.4198,1.59,100.0,87.2
6572,-18116.86,366.1622,1.61,100.0,87.2
6573,-17987.36,1735.5615,1.62,99.5,87.3
6574,-18045.82,401.5165,1.6,98.7,87.4
6575,-18207.47,1270.6835,1.7,100.0,87.4
6576,-18085.2,440.9574,1.57,100.0,87.3
6577,-18173.79,107.9855,1.74,99.5,87.1
6578,-18263.87,605.7653,1.58,95.2,87.0
6579,-18186.99,160.3586,1.55,100.0,87.0
6580,-17779.35,2193.747,1.55,100.0,87.1
6581,-17896.99,1012.7645,1.62,100.0,87.2
6582,-17803.93,1583.2729,1.63,96.6,87.2
6583,-17987.65,721.7894,1.58,98.8,87.1
6584,-18239.84,503.3247,1.53,100.0,87.2
6585,-18181.12,393.4921,1.6,100.0,87.3
6586,-18202.42,539.7342,1.67,100.0,87.3
6587,-17906.68,1078.943,1.74,86.5,87.3
6588,-18239.77,840.031,1.7,98.7,87.3
6589,-18204.92,324.4064,1.58,100.0,87.4
6590,-18157.63,157.6974,1.56,100.0,87.3
6591,-18002.35,617.3478,1.6,100.0,87.4
6592,-17780.97,1441.9497,1.63,100.0,87.4
6593,-17832.73,867.3275,1.63,100.0,87.6
6594,-18324.8,17034.1851,1.56,100.0,87.5
6595,-18298.49,15015.8386,1.59,100.0,87.1
6596,-18500.17,13305.0427,1.57,98.7,87.1
6597,-18408.22,9915.8291,1.55,100.0,87.3
6598,-18384.79,7215.2222,1.52,100.0,87.3
6599,-18378.0,3725.5745,1.58,100.0,87.5
6600,-18393.04,2397.8063,1.7,98.9,87.4
6601,-18536.73,5189.2992,1.69,98.7,87.6
6602,-18419.52,3157.3282,1.56,100.0,87.4
6603,-18375.21,2107.8458,1.57,100.0,87.4
6604,-18305.28,544.8366,1.58,100.0,86.6
6605,-18384.78,634.3744,1.65,100.0,86.4
6606,-18320.8,419.9019,1.59,100.0,86.5
6607,-18378.36,166.8962,1.56,100.0,86.6
6608,-18320.16,672.118,1.6,99.9,86.7
6609,-18341.19,421.7802,1.59,100.0,86.8
6610,-18326.76,306.7073,1.58,100.0,86.7
6611,-18341.09,619.5294,1.54,100.0,86.7
6612,-18274.3,256.0373,1.56,100.0,86.7
6613,-18164.65,307.8604,1.64,100.0,86.7
6614,-18306.06,1280.6624,1.71,98.2,86.8
6615,-18173.46,145.2715,1.58,100.0,86.9
6616,-18156.25,152.3764,1.55,100.0,86.9
6617,-18239.24,910.5244,1.64,100.0,86.8
6618,-18290.49,796.1953,1.67,97.1,87.0
6619,-18421.74,1699.3046,1.65,93.6,87.1
6620,-18276.94,738.4729,1.57,100.0,87.2
6621,-18393.32,1043.9298,1.52,100.0,87.1
6622,-18358.0,787.5374,1.62,100.0,87.1
6623,-18337.26,952.0621,1.62,98.6,87.1
6624,-18371.7,768.9924,1.6,100.0,87.1
6625,-18392.96,541.2941,1.54,100.0,87.2
6626,-18405.04,446.6751,1.58,100.0,87.3
6627,-18440.29,391.6239,1.7,100.0,87.2
6628,-18302.18,534.5789,1.73,94.2,87.3
6629,-18410.92,657.7704,1.64,100.0,87.0
6630,-18274.31,865.5074,1.57,100.0,87.0
6631,-18453.34,433.6165,1.62,100.0,87.1
6632,-18369.91,511.4599,1.59,98.4,87.1
6633,-18424.9,346.3217,1.61,100.0,87.0
6634,-18422.73,411.6834,1.59,100.0,87.1
6635,-18409.89,161.9475,1.6,100.0,87.1
6636,-18165.55,2209.3746,1.62,98.8,87.4
6637,-18111.48,2133.1252,1.56,100.0,87.3
6638,-18165.77,517.9157,1.53,100.0,87.4
6639,-18149.51,471.1906,1.56,100.0,87.2
6640,-18123.22,227.0887,1.62,100.0,87.3
6641,-18192.35,158.1192,1.7,98.3,87.5
6642,-18233.65,240.7332,1.61,100.0,87.5
6643,-18112.5,382.2683,1.54,100.0,87.6
6644,-18190.66,307.6544,1.58,100.0,87.6
6645,-18149.63,306.0164,1.67,99.2,87.6
6646,-18264.7,233.1082,1.71,95.3,87.7
6647,-18198.83,798.0491,1.6,100.0,87.7
6648,-18182.67,770.7618,1.55,100.0,87.7
6649,-18091.36,461.0882,1.59,100.0,87.7
6650,-18091.85,273.3688,1.59,100.0,87.8
6651,-18224.3,854.6728,1.58,100.0,87.7
6652,-18131.99,102.1746,1.51,100.0,87.8
6653,-18110.8,252.0229,1.57,100.0,87.9
6654,-18057.84,287.5507,1.68,100.0,87.9
6655,-18190.75,845.7552,1.62,100.0,88.1
6656,-18177.04,572.586,1.56,100.0,88.0
6657,-18140.04,216.2805,1.55,100.0,88.0
6658,-18102.15,355.8428,1.69,100.0,88.1
6659,-18162.87,239.5937,1.69,93.5,88.2
6660,-18088.37,283.6275,1.62,99.8,87.5
6661,-17999.89,324.7795,1.64,100.0,87.4
6662,-18052.83,580.1657,1.65,100.0,87.4
6663,-18053.6,556.4521,1.58,100.0,87.5
6664,-18070.36,320.2061,1.59,100.0,87.7
6665,-17998.46,254.8132,1.6,99.5,87.8
6666,-18037.14,713.7797,1.7,100.0,87.9
6667,-18034.95,366.3669,1.61,100.0,87.9
6668,-18004.37,192.1108,1.59,100.0,88.1
6669,-18035.95,253.3553,1.62,93.5,88.1
6670,-18035.77,561.9203,1.58,99.7,88.1
6671,-18012.5,275.1025,1.56,100.0,88.2
6672,-18088.73,282.7422,1.53,100.0,88.2
6673,-18056.62,262.305,1.6,100.0,88.3
6674,-18180.34,470.8602,1.6,100.0,88.3
6675,-18028.38,928.4413,1.69,100.0,88.3
6676,-18026.27,1126.9206,1.56,100.0,88.2
6677,-17983.15,975.7858,1.6,100.0,88.4
6678,-18011.93,214.6047,1.69,100.0,88.4
6679,-18084.92,131.6779,1.77,96.4,88.3
6680,-18007.83,202.8977,1.57,100.0,88.5
6681,-18060.14,80.4114,1.6,100.0,88.2
6682,-18039.49,436.9103,1.61,99.7,88.6
6683,-17993.6,445.9461,1.62,100.0,88.7
6684,-17951.75,373.2885,1.57,100.0,88.7
6685,-17926.47,166.8583,1.58,100.0,88.6
6686,-17958.29,130.263,1.59,100.0,88.7
6687,-17975.5,340.7327,1.61,100.0,88.4
6688,-17926.58,192.3018,1.66,100.0,88.2
6689,-17992.99,128.821,1.62,100.0,88.3
6690,-17992.68,120.1732,1.59,100.0,88.3
6691,-18028.75,161.0333,1.7,98.7,88.4
6692,-17912.15,597.1035,1.6,94.8,88.4
6693,-18009.56,174.0384,1.58,100.0,88.4
6694,-17954.43,260.2235,1.55,100.0,88.4
6695,-17980.31,282.9551,1.64,100.0,88.4
6696,-18098.0,493.7721,1.69,96.4,88.5
6697,-17985.83,376.2111,1.63,99.3,88.5
6698,-17928.26,733.0276,1.53,100.0,88.6
6699,-17975.66,88.183,1.56,100.0,88.5
6700,-17872.98,614.7603,1.59,100.0,88.6
6701,-17907.54,262.4517,1.62,100.0,88.5
6702,-17921.16,527.8412,1.61,100.0,88.5
6703,-17924.67,118.7374,1.58,100.0,88.6
6704,-17873.86,355.1566,1.64,100.0,88.7
6705,-17972.19,192.8309,1.59,100.0,88.6
6706,-17993.66,396.7872,1.78,100.0,88.7
6707,-17977.69,450.9996,1.69,100.0,88.7
6708,-17922.26,200.6139,1.6,100.0,88.8
6709,-17891.46,113.0883,1.62,98.3,88.8
6710,-17966.22,658.8163,1.63,98.1,88.9
6711,-17956.8,252.5689,1.63,100.0,88.9
6712,-17982.99,141.295,1.53,100.0,89.5
6713,-17946.01,80.6419,1.62,100.0,89.5
6714,-17940.31,217.6273,1.67,100.0,89.4
6715,-17994.74,256.1448,1.58,99.1,88.5
6716,-18012.12,338.2263,1.54,100.0,88.6
6717,-18013.76,104.3592,1.55,100.0,88.5
6718,-17939.5,917.0439,1.57,100.0,88.6
6719,-17982.73,550.6184,1.7,100.0,88.3
6720,-18177.97,1000.4838,1.74,99.3,88.3
6721,-18049.85,556.7156,1.57,100.0,88.2
6722,-18089.66,255.0742,1.59,100.0,88.3
6723,-18173.54,472.2451,1.62,100.0,88.2
6724,-18218.87,590.8596,1.71,100.0,88.3
6725,-18149.94,320.6611,1.62,100.0,88.3
6726,-18151.13,202.4058,1.55,100.0,88.5
6727,-18110.81,401.835,1.64,99.8,88.3
6728,-17953.85,861.4442,1.59,99.7,88.3
6729,-18010.09,133.5081,1.55,100.0,88.2
6730,-18150.2,980.0342,1.51,100.0,88.1
6731,-18255.62,2165.5624,1.69,100.0,88.2
6732,-18139.95,395.4481,1.7,99.6,88.2
6733,-18209.71,147.0554,1.67,93.0,88.0
6734,-18186.63,63.1461,1.58,100.0,88.1
6735,-18283.99,644.5376,1.56,100.0,88.1
6736,-18334.66,881.9519,1.67,100.0,88.2
6737,-18122.03,564.1127,1.68,97.7,88.0
6738,-18170.08,375.9492,1.65,97.9,87.9
6739,-18164.87,96.399,1.56,100.0,88.0
6740,-18250.72,484.696,1.54,100.0,88.1
6741,-18291.33,943.4622,1.57,100.0,88.2
6742,-18070.94,1126.3641,1.62,100.0,88.2
6743,-17952.75,1714.7364,1.65,100.0,87.8
6744,-18046.97,452.4625,1.55,100.0,87.8
6745,-17945.47,638.9213,1.62,100.0,87.9
6746,-17954.07,278.8866,1.63,100.0,87.9
6747,-17956.58,528.7663,1.64,99.3,87.7
6748,-17973.33,142.1315,1.75,99.9,87.6
6749,-18041.19,489.0249,1.58,100.0,87.7
6750,-17985.2,28.6596,1.61,100.0,87.7
6751,-18061.84,168.7742,1.59,98.3,87.9
6752,-18025.96,181.1364,1.55,100.0,87.8
6753,-18014.7,156.7142,1.53,100.0,87.8
6754,-17970.1,51.7521,1.61,100.0,87.8
6755,-18142.87,640.5013,1.64,97.9,87.9
6756,-18063.31,171.9736,1.58,100.0,87.9
6757,-18098.82,128.4527,1.52,100.0,88.0
6758,-17975.99,430.5626,1.56,100.0,88.0
6759,-17963.7,295.3842,1.6,100.0,87.9
6760,-17959.66,282.3603,1.66,99.9,88.0
6761,-17869.35,268.4953,1.7,100.0,88.1
6762,-17806.32,435.1386,1.57,100.0,88.2
6763,-17844.58,303.7781,1.6,100.0,88.2
6764,-17902.14,699.6889,1.61,99.7,88.2
6765,-17979.47,511.2503,1.68,100.0,88.2
6766,-17945.2,247.0414,1.66,100.0,88.2
6767,-18111.41,283.7998,1.57,100.0,88.2
6768,-17887.85,926.7914,1.67,97.3,88.3
6769,-18047.05,361.9195,1.65,96.8,88.3
6770,-18106.56,470.3738,1.54,100.0,88.4
6771,-18043.52,158.2327,1.55,100.0,88.4
6772,-18022.67,467.3486,1.58,100.0,88.4
6773,-18093.61,121.5402,1.63,97.7,88.5
6774,-18185.68,594.6115,1.66,99.3,88.6
6775,-18278.56,728.5088,1.57,100.0,88.6
6776,-18402.85,1057.0595,1.58,100.0,88.6
6777,-18257.73,1255.1233,1.64,100.0,88.6
6778,-18425.7,292.1737,1.71,94.6,88.7
6779,-18332.06,628.0755,1.66,100.0,88.7
6780,-18191.31,1340.2114,1.56,100.0,88.8
6781,-18085.54,1499.9486,1.59,100.0,88.8
6782,-18032.16,728.0682,1.58,96.2,88.9
6783,-18098.79,523.5504,1.62,100.0,88.9
6784,-17976.8,233.9853,1.59,100.0,88.8
6785,-18022.53,204.0299,1.57,100.0,88.8
6786,-18051.25,884.3928,1.63,99.4,88.8
6787,-18246.39,1476.482,1.59,98.1,88.9
6788,-18440.5,1538.2994,1.55,100.0,89.0
6789,-18367.79,1062.8633,1.59,100.0,89.0
6790,-18366.77,442.3267,1.75,100.0,89.0
6791,-18084.22,1228.7976,1.68,87.6,89.0
6792,-18308.84,2416.3495,1.65,93.0,89.0
6793,-18222.73,1702.0745,1.59,100.0,89.1
6794,-17957.1,15854.5349,1.54,100.0,89.1
6795,-17869.0,13750.7368,1.59,100.0,89.2
6796,-17903.36,11748.6234,1.65,99.2,89.2
6797,-17941.55,4329.7399,1.59,99.5,89.2
6798,-17959.31,5880.5831,1.55,100.0,89.2
6799,-18066.3,4330.5934,1.57,100.0,89.4
6800,-18136.23,3132.403,1.57,99.3,89.4
6801,-18168.29,1971.4231,1.6,100.0,89.4
6802,-18148.66,1579.0374,1.76,100.0,89.5
6803,-18150.35,1261.4157,1.61,100.0,89.5
6804,-18289.99,999.2869,1.65,100.0,89.6
6805,-18233.79,1675.9232,1.6,92.4,89.1
6806,-18433.6,6876.1973,1.59,100.0,89.1
6807,-18328.2,662.325,1.58,100.0,89.1
6808,-18275.37,2493.0795,1.58,100.0,89.1
6809,-18395.07,418.2483,1.62,100.0,89.2
6810,-18163.68,1769.2726,1.62,100.0,88.9
6811,-18216.77,523.7411,1.62,100.0,88.9
6812,-18123.32,772.5231,1.56,100.0,88.9
6813,-18297.05,773.0643,1.59,99.8,88.7
6814,-18137.84,1227.3978,1.56,100.0,88.7
6815,-18258.4,809.1033,1.56,100.0,88.8
6816,-18027.24,975.8228,1.68,100.0,88.8
6817,-18165.91,357.5806,1.62,100.0,88.6
6818,-17986.05,1110.7321,1.64,98.7,88.0
6819,-18192.48,1105.458,1.58,98.4,86.6
6820,-18480.92,14520.3503,1.54,100.0,86.4
6821,-18122.67,354.3107,1.55,100.0,86.4
6822,-18110.22,447.6146,1.61,100.0,86.4
6823,-18416.19,2913.1961,1.63,99.8,85.9
6824,-18518.71,3283.9496,1.63,100.0,86.0
6825,-18110.67,1001.5492,1.55,100.0,85.3
6826,-18249.82,597.4837,1.6,100.0,85.3
6827,-18283.17,320.7882,1.57,97.6,85.2
6828,-18119.88,667.8763,1.56,100.0,85.3
6829,-18097.21,345.2669,1.55,100.0,85.3
6830,-18006.79,567.8968,1.64,100.0,85.5
6831,-18032.09,637.555,1.69,99.5,85.5
6832,-18160.16,1973.5605,1.72,97.2,85.4
6833,-18131.86,298.3262,1.57,100.0,85.4
6834,-18138.11,176.7798,1.55,100.0,85.4
6835,-18093.14,449.8593,1.67,100.0,85.5
6836,-18094.59,144.2373,1.7,98.8,85.6
6837,-18233.43,210.7382,1.62,98.2,84.8
6838,-18023.82,1615.3259,1.56,100.0,84.6
6839,-17956.49,924.3823,1.56,100.0,84.8
6840,-17794.37,2015.9979,1.59,100.0,84.9
6841,-17866.6,2510.6467,1.62,100.0,84.9
6842,-17799.59,1353.0542,1.58,100.0,84.9
6843,-18128.79,13737.3694,1.53,100.0,84.8
6844,-17872.49,1423.7466,1.58,100.0,84.9
6845,-17738.06,1939.7321,1.64,100.0,85.0
6846,-17796.16,871.1299,1.69,100.0,85.3
6847,-17745.45,549.1844,1.59,100.0,85.2
6848,-17833.52,1949.6914,1.59,100.0,85.2
6849,-17781.18,499.177,1.63,100.0,85.2
6850,-17702.84,542.5653,1.67,98.8,85.5
6851,-17790.39,840.3731,1.61,100.0,85.6
6852,-17659.75,2654.6529,1.53,100.0,85.6
6853,-17819.94,492.4058,1.65,100.0,85.1
6854,-17734.4,821.1888,1.63,100.0,85.2
6855,-17743.54,287.9564,1.65,99.3,85.3
6856,-17759.74,239.3024,1.63,100.0,85.2
6857,-17808.89,337.4078,1.53,100.0,85.2
6858,-17675.81,699.8502,1.6,100.0,85.3
6859,-17802.14,431.66,1.74,100.0,85.4
6860,-17707.91,776.0182,1.69,96.8,85.6
6861,-17793.33,364.1046,1.6,100.0,85.6
6862,-17743.9,281.7014,1.57,100.0,85.6
6863,-17916.93,711.1092,1.58,99.6,85.7
6864,-17804.44,1558.531,1.7,100.0,85.7
6865,-17869.89,255.2454,1.64,100.0,85.8
6866,-17821.61,1310.6498,1.57,100.0,85.8
6867,-17866.15,727.4856,1.64,100.0,85.6
6868,-17730.71,2065.1127,1.59,96.2,85.7
6869,-17952.49,496.4679,1.54,100.0,85.8
6870,-18259.38,2164.4595,1.53,100.0,85.8
6871,-18601.18,10112.1663,1.65,100.0,85.8
6872,-18595.0,5739.7539,1.63,97.0,85.6
6873,-18490.25,1938.3602,1.59,98.2,85.6
6874,-18551.04,1517.8538,1.61,100.0,85.7
6875,-18539.46,1111.9218,1.54,100.0,85.7
6876,-18433.48,790.1708,1.61,100.0,85.8
6877,-18411.33,973.0236,1.66,100.0,85.8
6878,-17953.92,7312.2106,1.68,98.6,85.8
6879,-17984.15,4543.0726,1.56,100.0,85.7
6880,-17863.4,5223.6455,1.58,100.0,85.8
6881,-17916.49,1945.7185,1.61,100.0,85.8
6882,-17836.51,884.1078,1.75,100.0,85.9
6883,-17903.23,985.7129,1.66,100.0,85.8
6884,-18338.34,6536.0364,1.58,100.0,85.8
6885,-18044.03,365.6152,1.6,99.2,85.8
6886,-18047.22,219.6729,1.61,96.2,85.8
6887,-18312.72,851.0813,1.55,100.0,85.9
6888,-18021.69,838.8968,1.53,100.0,85.9
6889,-17919.9,1051.8857,1.63,100.0,86.0
6890,-17928.47,1096.3542,1.64,98.6,86.2
6891,-17820.71,419.439,1.6,98.0,86.1
6892,-17841.0,338.4307,1.54,100.0,86.3
6893,-17861.05,419.8136,1.57,100.0,86.1
6894,-17890.45,302.2966,1.64,100.0,86.3
6895,-18036.21,300.421,1.81,98.2,86.2
6896,-17747.3,2557.4308,1.72,99.1,86.2
6897,-17725.46,2038.1532,1.54,100.0,86.3
6898,-17820.09,193.383,1.61,100.0,86.3
6899,-17903.07,2303.7232,1.61,99.8,86.3
6900,-17821.05,156.6881,1.62,100.0,86.3
6901,-17907.45,200.0468,1.61,100.0,86.3
6902,-18250.53,16596.7219,1.56,100.0,86.3
6903,-17882.42,907.4557,1.59,100.0,86.2
6904,-17804.29,3612.2953,1.58,97.7,86.4
6905,-17900.38,662.8596,1.55,100.0,86.4
6906,-17914.75,567.0573,1.55,97.8,85.6
6907,-18275.07,12000.9214,1.52,100.0,85.7
6908,-17796.98,436.9022,1.46,99.2,85.6
6909,-18258.98,16269.209,1.57,99.9,85.8
6910,-18315.64,14756.5916,1.63,100.0,85.8
6911,-18196.77,10308.8738,1.59,100.0,85.9
6912,-17843.67,967.3202,1.55,100.0,85.8
6913,-17745.01,1778.9749,1.58,99.7,85.9
6914,-17904.99,595.3665,1.61,97.2,86.1
6915,-17856.37,757.7592,1.54,99.9,86.0
6916,-17848.1,575.127,1.55,100.0,85.9
6917,-17841.4,342.1697,1.61,100.0,86.0
6918,-17823.75,1383.7812,1.66,100.0,86.0
6919,-17918.45,2314.6472,1.7,98.7,86.1
6920,-18065.05,1642.8249,1.59,100.0,86.1
6921,-18146.87,869.988,1.54,100.0,85.5
6922,-18062.18,1182.8397,1.63,100.0,85.6
6923,-17905.61,1068.9427,1.71,100.0,85.8
6924,-18015.55,487.0906,1.65,91.1,85.8
6925,-17901.3,716.2605,1.63,100.0,85.7
6926,-17950.8,187.1197,1.58,100.0,85.8
6927,-17803.36,2676.314,1.61,98.6,85.7
6928,-17848.74,210.724,1.62,100.0,85.8
6929,-17843.27,83.8372,1.59,100.0,85.8
6930,-17698.64,1893.7858,1.56,100.0,85.9
6931,-18039.87,1802.0439,1.65,100.0,85.9
6932,-17977.97,1023.9087,1.62,93.9,86.1
6933,-18138.92,1205.5758,1.57,100.0,86.0
6934,-18110.16,554.8416,1.52,100.0,86.1
6935,-18156.58,618.1858,1.57,100.0,86.0
6936,-18133.85,768.3921,1.6,100.0,86.2
6937,-18223.46,589.5803,1.61,100.0,86.3
6938,-18468.67,4010.549,1.67,100.0,86.3
6939,-18142.42,244.7393,1.59,100.0,86.2
6940,-18081.23,431.7538,1.65,100.0,86.2
6941,-18106.45,219.7524,1.65,100.0,86.3
6942,-18273.93,934.3011,1.72,98.3,86.4
6943,-18116.65,327.6288,1.68,99.9,86.6
6944,-18167.4,1291.6012,1.59,100.0,86.3
6945,-18076.26,925.3116,1.6,98.1,86.4
6946,-18167.49,551.3075,1.63,99.0,86.4
6947,-18186.11,718.631,1.57,100.0,86.4
6948,-18490.81,12820.4375,1.54,100.0,86.5
6949,-18175.38,854.4197,1.63,100.0,86.5
6950,-18063.7,1950.7141,1.63,96.4,86.5
6951,-18054.79,1338.4555,1.66,99.4,86.5
6952,-18177.23,201.8274,1.55,100.0,86.6
6953,-18002.98,913.652,1.61,100.0,86.5
6954,-18102.91,340.2211,1.68,100.0,86.6
6955,-18081.56,600.8486,1.73,90.4,86.7
6956,-18036.78,367.9846,1.69,99.2,86.7
6957,-18194.51,295.7269,1.57,100.0,86.8
6958,-18104.64,396.2314,1.56,100.0,86.8
6959,-18104.94,186.9314,1.6,100.0,87.0
6960,-18029.08,378.8786,1.63,100.0,87.1
6961,-18145.7,772.2912,1.57,100.0,87.0
6962,-18173.34,2325.1145,1.6,100.0,87.0
6963,-18034.08,711.8755,1.61,100.0,87.0
6964,-18091.99,804.7365,1.6,100.0,87.2
6965,-17937.55,1307.1271,1.6,100.0,87.2
6966,-18131.16,213.4147,1.59,100.0,87.2
6967,-17995.25,554.9767,1.66,100.0,87.3
6968,-17911.91,912.8101,1.73,98.9,87.4
6969,-17962.35,445.8083,1.64,92.1,87.1
6970,-17799.26,500.887,1.56,100.0,87.1
6971,-17868.35,423.1507,1.57,100.0,86.8
6972,-18007.48,1195.7594,1.59,100.0,87.0
6973,-18115.69,1345.6283,1.62,100.0,87.1
6974,-18115.99,546.1031,1.6,99.9,87.0
6975,-18180.36,477.168,1.55,100.0,86.9
6976,-18097.82,276.5794,1.6,100.0,86.9
6977,-18238.8,659.4921,1.57,100.0,87.1
6978,-18083.88,608.5123,1.75,100.0,87.3
6979,-18164.2,175.585,1.69,99.8,87.2
6980,-18121.23,470.3207,1.6,100.0,87.2
6981,-18052.97,523.1837,1.64,100.0,87.0
6982,-17968.67,1045.3109,1.62,96.7,87.1
6983,-18151.56,389.6834,1.59,100.0,87.1
6984,-17968.52,1330.5826,1.53,100.0,87.1
6985,-17882.98,884.9334,1.6,100.0,87.2
6986,-18055.71,640.5341,1.61,99.8,87.1
6987,-18124.47,1561.6765,1.6,97.7,87.1
6988,-18119.9,169.8401,1.55,100.0,87.1
6989,-17976.38,528.0828,1.52,100.0,87.1
6990,-17886.4,1158.5407,1.56,100.0,87.2
6991,-18054.11,54.3724,1.8,98.8,87.2
6992,-18072.07,325.0854,1.69,98.2,87.3
6993,-18149.09,346.6005,1.56,100.0,87.2
6994,-18108.89,193.418,1.61,100.0,87.4
6995,-18001.11,1377.6011,1.59,99.5,87.4
6996,-17997.38,679.2779,1.7,100.0,87.4
6997,-18008.8,1524.1201,1.61,100.0,87.5
6998,-17953.15,613.8651,1.55,100.0,87.3
6999,-17966.86,490.2057,1.61,100.0,87.3
7000,-18067.77,2226.0573,1.57,100.0,87.1
7001,-18047.56,145.5734,1.59,100.0,87.1
7002,-18041.47,737.6608,1.59,100.0,87.2
7003,-18068.15,389.8525,1.66,100.0,87.2
7004,-18173.65,286.2396,1.7,95.0,87.4
7005,-18119.9,360.9125,1.63,92.0,87.5
7006,-18153.57,317.7877,1.56,100.0,87.4
7007,-18448.87,4509.8348,1.56,100.0,87.3
7008,-18133.37,274.3861,1.61,100.0,87.4
7009,-17993.9,948.8373,1.66,97.5,87.8
7010,-18012.08,436.9309,1.64,98.6,88.2
7011,-18029.73,1429.9301,1.57,100.0,88.2
7012,-17876.89,1169.0005,1.55,100.0,88.3
7013,-18021.11,665.2552,1.59,100.0,88.4
7014,-17885.18,748.9586,1.64,100.0,88.5
7015,-18127.37,2273.9256,1.64,100.0,88.7
7016,-18235.5,2047.75,1.57,100.0,88.6
7017,-18084.46,707.3937,1.58,100.0,88.5
7018,-17916.15,1094.7878,1.61,100.0,88.8
7019,-18050.07,356.901,1.54,100.0,88.9
7020,-18148.27,266.8911,1.56,100.0,88.9
7021,-17938.57,1023.9718,1.67,100.0,88.7
7022,-18120.99,367.7067,1.72,97.0,88.5
7023,-18075.38,464.31,1.62,94.4,88.3
7024,-18106.37,342.2344,1.56,100.0,88.4
7025,-18275.6,645.0039,1.58,100.0,88.5
7026,-18363.94,770.0701,1.64,100.0,87.9
7027,-18305.69,512.3382,1.62,100.0,87.9
7028,-18221.77,822.1131,1.56,100.0,88.1
7029,-18188.75,421.4819,1.55,100.0,88.0
7030,-18257.41,304.2326,1.57,100.0,88.1
7031,-18116.01,572.4898,1.71,100.0,88.1
7032,-18172.47,249.5094,1.75,99.1,88.1
7033,-18114.96,255.1998,1.68,100.0,88.1
7034,-18074.41,624.654,1.55,100.0,88.3
7035,-18069.83,334.5073,1.64,100.0,88.3
7036,-18079.82,806.8088,1.65,100.0,88.5
7037,-18083.19,711.1146,1.66,100.0,88.5
7038,-18162.68,409.8546,1.59,100.0,88.5
7039,-18175.49,180.1431,1.58,100.0,88.5
7040,-18030.16,2024.1195,1.7,99.2,89.1
7041,-18360.41,19403.1729,1.57,100.0,89.1
7042,-18312.75,15414.8264,1.58,100.0,89.0
7043,-18249.98,13394.4495,1.54,100.0,88.9
7044,-18371.16,12953.998,1.61,100.0,89.0
7045,-18334.84,11888.4502,1.68,98.3,88.5
7046,-18223.39,8957.2773,1.61,100.0,88.6
7047,-18140.54,6681.1666,1.52,100.0,88.4
7048,-18128.93,9563.51,1.59,100.0,88.5
7049,-18069.02,6580.7399,1.68,100.0,88.6
7050,-17997.55,2486.7625,1.69,92.8,88.4
7051,-18107.89,1412.359,1.6,100.0,88.4
7052,-17951.26,894.6184,1.54,100.0,88.3
7053,-17914.18,463.212,1.6,100.0,88.3
7054,-17924.06,203.5548,1.71,100.0,88.4
7055,-17880.96,290.8164,1.65,99.1,88.4
7056,-17852.84,147.8999,1.55,100.0,88.5
7057,-17937.19,1747.0825,1.59,100.0,88.6
7058,-17876.47,476.3407,1.56,99.7,88.6
7059,-17912.13,839.2541,1.57,100.0,88.5
7060,-17864.31,152.9836,1.64,100.0,88.6
7061,-17882.54,298.5125,1.57,100.0,88.7
7062,-17952.85,462.4187,1.64,100.0,88.7
7063,-17853.4,449.5568,1.64,98.7,88.6
7064,-18055.42,722.34,1.62,100.0,88.6
7065,-17996.81,476.1278,1.7,100.0,88.6
7066,-18031.72,476.2014,1.6,100.0,88.6
7067,-17915.53,537.5858,1.67,100.0,88.6
7068,-18005.49,368.4049,1.63,94.3,88.7
7069,-17982.84,333.4813,1.56,100.0,88.8
7070,-18052.64,161.7541,1.53,100.0,88.9
7071,-17972.96,453.5359,1.6,100.0,88.9
7072,-17851.47,560.8006,1.62,100.0,88.9
7073,-18024.97,881.9765,1.67,97.1,88.8
7074,-17895.56,326.6599,1.58,100.0,88.9
7075,-17939.14,244.9801,1.55,100.0,89.0
7076,-17841.11,482.6826,1.63,100.0,89.1
7077,-17854.91,124.771,1.73,95.7,89.1
7078,-17823.34,275.3173,1.68,95.0,89.1
7079,-17840.78,141.0461,1.58,100.0,89.2
7080,-17923.6,119.9007,1.56,100.0,89.1
7081,-18008.79,482.8353,1.61,100.0,88.8
7082,-17886.94,383.2253,1.66,100.0,88.8
7083,-17976.57,100.8158,1.62,100.0,88.3
7084,-18057.79,172.0318,1.54,100.0,87.6
7085,-18065.2,326.0506,1.59,100.0,87.7
7086,-17861.42,1360.9448,1.55,100.0,87.8
7087,-17807.69,1258.8198,1.56,100.0,87.8
7088,-17806.38,321.5926,1.6,100.0,88.1
7089,-17852.58,645.9684,1.58,100.0,87.9
7090,-17781.59,431.9426,1.66,100.0,88.2
7091,-17806.48,327.4908,1.61,97.8,88.6
7092,-17811.27,883.3235,1.59,100.0,88.5
7093,-17887.86,684.7543,1.59,100.0,88.6
7094,-17878.6,533.3615,1.59,100.0,88.5
7095,-17848.56,259.4557,1.61,100.0,88.7
7096,-17734.56,423.5139,1.6,99.1,88.5
7097,-17843.6,406.1716,1.54,100.0,88.7
7098,-17794.46,457.9647,1.54,100.0,88.7
7099,-17755.3,96.6281,1.6,100.0,88.8
7100,-17828.68,231.1603,1.7,99.9,88.9
7101,-17924.11,374.8485,1.68,100.0,89.0
7102,-17732.09,882.9151,1.59,100.0,89.0
7103,-17870.02,384.4065,1.59,100.0,89.1
7104,-17980.83,828.7422,1.62,100.0,89.1
7105,-17964.49,1062.7865,1.69,99.4,89.2
7106,-17936.72,255.8572,1.67,100.0,89.3
7107,-17936.64,433.5364,1.57,100.0,89.1
7108,-17902.15,461.7356,1.61,100.0,89.3
7109,-17835.52,881.5846,1.6,99.5,89.2
7110,-17909.99,157.9421,1.64,100.0,89.3
7111,-17980.26,277.9337,1.57,100.0,88.6
7112,-18035.25,166.6751,1.63,100.0,88.7
7113,-18043.24,71.6605,1.67,99.2,88.3
7114,-17927.83,278.3106,1.58,100.0,88.3
7115,-17933.84,204.261,1.55,100.0,88.2
7116,-17948.06,133.5728,1.6,100.0,88.3
7117,-17847.29,650.7133,1.66,100.0,87.9
7118,-17760.2,935.3802,1.71,88.4,86.0
7119,-17873.46,919.1618,1.6,99.9,85.1
7120,-17754.32,299.9778,1.56,100.0,85.2
7121,-17822.28,685.5117,1.55,100.0,85.1
7122,-17705.06,322.1107,1.63,100.0,85.1
7123,-17696.03,472.6188,1.63,98.2,84.0
7124,-17731.03,492.9392,1.63,100.0,84.1
7125,-17762.37,408.6565,1.51,100.0,83.9
7126,-17794.62,536.3424,1.59,100.0,82.7
7127,-17720.19,443.6567,1.52,100.0,82.7
7128,-17676.28,357.724,1.54,100.0,82.8
7129,-17659.52,225.7224,1.56,100.0,82.8
7130,-17676.11,144.1847,1.62,100.0,82.9
7131,-17724.87,481.0727,1.55,100.0,82.8
7132,-17574.57,534.0061,1.6,100.0,82.9
7133,-17684.9,228.2276,1.64,100.0,82.9
7134,-17731.06,101.4801,1.6,99.7,82.9
7135,-17654.97,157.5355,1.52,100.0,82.9
7136,-17644.64,127.8467,1.49,99.8,82.8
7137,-17683.6,262.4312,1.61,100.0,82.9
7138,-17676.09,159.3896,1.63,100.0,82.9
7139,-17674.0,745.9551,1.59,100.0,83.0
7140,-17675.53,221.2622,1.57,100.0,82.8
7141,-17734.24,467.0323,1.61,99.7,83.0
7142,-17743.38,320.8735,1.57,99.5,83.1
7143,-17723.79,634.6444,1.56,100.0,83.0
7144,-17742.66,727.128,1.55,100.0,83.2
7145,-17770.97,223.5486,1.58,100.0,83.1
7146,-17692.15,185.8739,1.67,100.0,83.1
7147,-17654.59,192.2339,1.69,98.4,82.9
7148,-17721.46,143.0389,1.58,100.0,82.8
7149,-17704.96,440.1452,1.55,100.0,82.8
7150,-17642.5,402.8018,1.61,100.0,82.7
7151,-17685.86,100.5276,1.69,100.0,82.7
7152,-17776.62,724.6322,1.71,95.3,82.8
7153,-17689.11,1161.2206,1.58,100.0,82.9
7154,-17799.73,571.9892,1.51,100.0,82.7
7155,-17903.96,950.5775,1.58,100.0,82.8
7156,-17790.12,335.9547,1.6,100.0,82.9
7157,-17628.88,430.1708,1.61,100.0,82.9
7158,-17648.03,249.4857,1.55,100.0,82.9
7159,-17814.37,918.1938,1.64,99.9,83.0
7160,-17730.08,149.6256,1.59,100.0,82.9
7161,-17723.16,179.9112,1.6,100.0,83.0
7162,-17817.99,244.8879,1.73,98.3,83.0
7163,-17766.18,455.9586,1.59,100.0,83.1
7164,-17687.67,193.5996,1.6,100.0,83.1
7165,-17712.14,56.4336,1.62,99.3,83.2
7166,-17688.96,834.1472,1.66,100.0,83.2
7167,-17667.36,274.7327,1.56,100.0,83.2
7168,-17681.52,358.1371,1.56,100.0,83.3
7169,-17711.69,257.1862,1.68,100.0,83.2
7170,-17596.17,614.8103,1.62,92.9,83.2
7171,-17839.53,834.7274,1.58,100.0,83.4
7172,-17754.8,305.3801,1.57,100.0,83.6
7173,-17820.08,436.9939,1.56,100.0,83.6
7174,-17759.58,577.3531,1.61,100.0,83.6
7175,-17645.49,596.8961,1.62,98.7,83.9
7176,-17601.91,233.304,1.59,100.0,83.9
7177,-17645.2,651.1389,1.55,100.0,83.9
7178,-17582.62,106.2693,1.59,100.0,84.0
7179,-17650.24,93.0695,1.69,100.0,84.0
7180,-17632.93,218.9718,1.7,94.2,84.2
7181,-17752.22,370.0258,1.61,100.0,84.2
7182,-17691.21,161.4362,1.56,100.0,84.3
7183,-17834.02,935.2586,1.61,100.0,84.4
7184,-17761.16,105.0215,1.61,100.0,84.4
7185,-17673.09,316.6031,1.65,100.0,84.4
7186,-17667.37,232.7926,1.52,100.0,84.2
7187,-17650.82,428.5497,1.54,100.0,84.3
7188,-17644.13,208.0157,1.58,99.0,84.3
7189,-17619.03,50.787,1.55,100.0,84.3
7190,-17648.78,314.4464,1.54,100.0,84.4
7191,-17585.09,342.1978,1.56,100.0,84.4
7192,-17583.34,289.0357,1.62,98.5,84.5
7193,-17599.44,356.8215,1.74,100.0,84.4
7194,-17614.07,169.7883,1.64,100.0,84.5
7195,-17574.36,310.442,1.59,100.0,84.5
7196,-17641.49,227.6704,1.59,100.0,84.6
7197,-17634.43,131.7834,1.61,99.7,84.6
7198,-17622.53,74.8893,1.63,100.0,84.6
7199,-17610.01,271.4185,1.64,100.0,84.5
7200,-17621.55,171.8158,1.55,100.0,84.6
7201,-17573.49,656.9577,1.6,99.8,84.5
7202,-17652.05,614.5321,1.64,93.5,84.9
7203,-17600.0,476.4517,1.58,100.0,85.2
7204,-17661.12,270.9674,1.54,100.0,85.0
7205,-17758.55,288.4024,1.57,100.0,85.0
7206,-17672.65,493.3145,1.6,100.0,85.0
7207,-17706.99,157.6217,1.66,98.2,84.5
7208,-17786.86,229.5848,1.67,99.9,84.6
7209,-17641.33,431.9297,1.59,100.0,84.6
7210,-17620.83,609.5654,1.6,100.0,84.5
7211,-17697.56,123.5043,1.66,100.0,84.6
7212,-17717.96,425.6969,1.7,98.6,84.4
7213,-17679.56,333.1023,1.64,100.0,84.4
7214,-17699.68,391.9543,1.61,100.0,84.4
7215,-17826.7,697.7973,1.56,100.0,84.5
7216,-17785.2,567.2136,1.56,97.0,84.5
7217,-17805.98,230.1369,1.56,100.0,84.5
7218,-17713.83,500.623,1.59,100.0,84.6
7219,-17796.48,659.2881,1.59,100.0,84.6
7220,-17700.55,376.3201,1.64,100.0,84.7
7221,-17634.72,518.3685,1.64,100.0,84.7
7222,-17694.9,309.3161,1.58,100.0,84.6
7223,-17626.25,210.5336,1.54,100.0,84.6
7224,-17779.65,358.2888,1.63,100.0,84.7
7225,-17805.14,385.1949,1.66,98.7,84.4
7226,-17636.07,698.9056,1.66,96.9,84.5
7227,-17597.86,942.3053,1.57,100.0,84.5
7228,-17704.22,351.4735,1.54,100.0,84.5
7229,-17562.66,392.1106,1.6,100.0,84.4
7230,-17629.29,195.3401,1.61,100.0,84.4
7231,-17569.73,238.1223,1.64,100.0,84.5
7232,-17645.07,188.7615,1.56,100.0,84.6
7233,-17655.84,167.3428,1.56,100.0,84.6
7234,-17602.76,102.6417,1.61,100.0,84.7
7235,-17556.18,263.9212,1.78,99.4,84.7
7236,-17631.9,612.7481,1.66,98.2,84.9
7237,-17621.82,366.8461,1.61,100.0,84.8
7238,-17689.67,359.1194,1.58,100.0,84.9
7239,-17775.87,1037.7253,1.61,100.0,84.9
7240,-17777.99,1507.2253,1.67,100.0,84.9
7241,-17824.66,367.243,1.62,100.0,84.9
7242,-17847.32,656.7617,1.58,100.0,84.9
7243,-17401.49,14564.2305,1.57,100.0,84.9
7244,-17531.94,12244.5898,1.56,99.0,85.1
7245,-17531.08,9470.3506,1.57,100.0,85.2
7246,-17778.48,6993.5204,1.57,100.0,85.2
7247,-17601.77,7049.1266,1.57,100.0,85.2
7248,-17575.42,4772.7483,1.7,100.0,85.1
7249,-17643.15,5940.6593,1.67,99.0,85.3
7250,-17458.72,2538.2153,1.59,100.0,85.4
7251,-17421.62,2276.3167,1.58,100.0,85.4
7252,-17451.63,1689.033,1.6,100.0,85.3
7253,-17450.63,1991.8693,1.69,100.0,85.3
7254,-17431.74,942.4381,1.67,92.4,85.5
7255,-17284.47,1162.3488,1.58,100.0,85.6
7256,-17915.47,16979.803,1.6,100.0,85.7
7257,-17701.82,9826.8296,1.58,100.0,85.6
7258,-17799.07,7557.0085,1.61,100.0,85.6
7259,-17801.09,5589.0775,1.67,98.0,85.6
7260,-17328.35,3869.236,1.61,100.0,85.7
7261,-17789.35,4039.3627,1.55,100.0,85.9
7262,-17750.39,3486.2352,1.57,100.0,85.8
7263,-17709.38,2965.3829,1.66,100.0,85.8
7264,-17747.41,2808.7302,1.72,91.5,85.9
7265,-17665.01,1521.5217,1.61,100.0,86.1
7266,-17640.53,859.5346,1.54,100.0,86.1
7267,-17719.25,718.7468,1.56,100.0,86.0
7268,-17213.64,13322.3733,1.6,100.0,86.0
7269,-17229.04,11551.0647,1.64,100.0,86.1
7270,-17286.18,6198.9856,1.55,100.0,86.1
7271,-17419.29,3230.2719,1.6,100.0,86.2
7272,-17902.95,5396.9778,1.58,100.0,86.2
7273,-18155.15,4482.3008,1.61,100.0,86.2
7274,-18158.41,2056.0273,1.67,100.0,86.2
7275,-17719.32,3275.2171,1.65,100.0,86.4
7276,-17387.48,2735.7264,1.61,100.0,86.5
7277,-17381.02,1339.3731,1.75,98.9,86.4
7278,-17673.34,601.1965,1.63,96.4,86.5
7279,-18234.17,4068.9147,1.59,100.0,86.5
7280,-18055.03,2816.2249,1.55,100.0,86.6
7281,-17679.17,423.2813,1.64,100.0,86.6
7282,-17414.21,3360.0496,1.66,99.7,86.7
7283,-17559.11,681.4222,1.61,99.5,86.6
7284,-17934.16,3310.237,1.54,100.0,86.7
7285,-17724.62,1462.2047,1.5,100.0,86.8
7286,-17879.89,1100.0878,1.6,100.0,86.9
7287,-17680.18,496.9578,1.63,100.0,87.0
7288,-17556.13,1458.3888,1.63,100.0,86.9
7289,-17776.8,582.518,1.54,100.0,86.8
7290,-17509.5,839.0332,1.6,100.0,86.9
7291,-17461.72,2098.0595,1.61,100.0,87.0
7292,-17803.09,1369.8497,1.66,100.0,87.1
7293,-17633.82,474.3548,1.66,99.7,87.2
7294,-17468.24,1330.9232,1.58,100.0,87.1
7295,-17492.59,309.2473,1.64,100.0,87.2
7296,-17341.4,1050.9694,1.63,96.2,87.4
7297,-17384.63,564.0145,1.58,100.0,87.4
7298,-17705.09,1941.046,1.62,100.0,87.4
7299,-17646.22,1254.0108,1.58,100.0,87.4
7300,-17501.83,253.3362,1.6,100.0,87.4
7301,-17473.97,635.9705,1.59,97.7,87.5
7302,-17668.85,396.0921,1.54,100.0,87.7
7303,-17384.89,995.509,1.5,100.0,87.7
7304,-17528.12,480.2929,1.6,100.0,87.6
7305,-17310.59,1052.5214,1.75,100.0,87.6
7306,-17449.92,277.5789,1.68,93.5,87.8
7307,-17437.83,111.3829,1.65,100.0,87.7
7308,-17348.76,749.3732,1.55,100.0,87.8
7309,-17352.81,374.0279,1.64,100.0,87.8
7310,-17308.14,240.9523,1.66,100.0,87.8
7311,-17295.05,181.2306,1.63,99.3,87.8
7312,-17362.98,896.7545,1.55,100.0,87.9
7313,-17381.71,225.057,1.58,100.0,88.0
7314,-17295.76,197.82,1.59,99.3,88.0
7315,-17365.45,340.4434,1.59,100.0,87.9
7316,-17403.89,101.9313,1.56,100.0,88.1
7317,-17384.44,183.8997,1.6,100.0,88.1
7318,-17234.3,590.5082,1.68,100.0,88.1
7319,-17293.76,465.2439,1.75,99.4,87.8
7320,-17303.43,219.9026,1.63,99.6,87.7
7321,-17376.62,389.6483,1.61,100.0,87.8
7322,-17272.36,313.5614,1.6,100.0,87.9
7323,-17338.57,391.3426,1.68,100.0,88.0
7324,-17269.26,450.3675,1.66,89.8,87.7
7325,-17246.07,169.5177,1.58,100.0,87.6
7326,-17247.62,1292.6476,1.54,100.0,87.7
7327,-17154.95,526.2106,1.6,100.0,87.7
7328,-17278.65,353.3641,1.62,100.0,87.9
7329,-17153.25,86.4899,1.63,98.5,87.9
7330,-17249.27,372.4477,1.58,100.0,87.9
7331,-17225.0,146.4341,1.54,100.0,87.9
7332,-17151.41,215.217,1.58,100.0,88.1
7333,-17138.24,342.109,1.61,100.0,88.2
7334,-17605.33,15838.2341,1.6,100.0,88.2
7335,-17566.2,15744.4087,1.56,100.0,87.8
7336,-17612.14,13241.1978,1.63,100.0,86.9
7337,-17157.57,1224.7553,1.72,100.0,87.0
7338,-17558.64,10848.1279,1.65,97.2,87.2
7339,-17167.37,1181.2199,1.54,100.0,86.6
7340,-17199.96,988.8906,1.61,100.0,86.9
7341,-17177.54,797.764,1.63,100.0,86.8
7342,-17685.77,12948.2078,1.64,100.0,86.8
7343,-17147.88,151.2315,1.69,96.3,87.4
7344,-17241.18,336.1994,1.6,100.0,87.3
7345,-17661.7,13143.0037,1.55,100.0,87.5
7346,-17190.24,350.723,1.59,100.0,87.4
7347,-17241.69,180.9669,1.7,100.0,87.4
7348,-17211.9,162.1983,1.65,97.9,87.4
7349,-17609.22,12681.4807,1.57,100.0,87.4
7350,-17548.19,12122.0281,1.57,100.0,87.6
7351,-17267.14,225.436,1.57,100.0,87.5
7352,-17329.14,115.7736,1.57,100.0,87.7
7353,-17267.83,455.64,1.6,100.0,87.8
7354,-17365.97,265.0103,1.6,100.0,87.9
7355,-17679.84,11470.9512,1.58,100.0,87.9
7356,-17621.8,10936.9463,1.6,100.0,87.8
7357,-17482.57,9723.5955,1.7,100.0,87.9
7358,-17734.95,9903.3074,1.69,100.0,87.9
7359,-17688.0,8673.6318,1.64,100.0,88.1
7360,-17701.31,7084.9764,1.58,99.9,88.1
7361,-17672.22,5414.01,1.71,99.7,88.1
7362,-17709.64,4434.2646,1.57,98.2,88.2
7363,-17169.46,10760.7485,1.59,100.0,88.2
7364,-17300.32,6811.2509,1.56,100.0,88.3
7365,-17437.89,4486.5287,1.62,100.0,88.4
7366,-17417.92,3559.2807,1.65,97.6,88.3
7367,-17566.66,2586.8866,1.63,100.0,88.4
7368,-17665.97,2818.5428,1.69,100.0,89.4
7369,-17505.44,1421.6836,1.55,100.0,89.4
7370,-17435.18,1299.3,1.64,100.0,89.4
7371,-17426.84,607.4199,1.69,98.6,88.7
7372,-17424.64,450.9433,1.68,96.6,88.1
7373,-17420.48,419.3736,1.57,100.0,88.1
7374,-17394.9,331.9315,1.57,100.0,88.2
7375,-17300.49,2342.5966,1.63,100.0,88.2
7376,-17329.5,536.7556,1.65,99.6,88.0
7377,-17395.84,991.5024,1.64,99.1,87.9
7378,-17459.36,644.6328,1.56,100.0,87.7
7379,-17256.94,1926.8867,1.56,100.0,87.9
7380,-17264.34,1742.545,1.58,98.8,87.8
7381,-17267.2,2001.3721,1.52,100.0,87.6
7382,-17217.31,1226.9608,1.71,100.0,87.2
7383,-17315.7,332.5881,1.59,100.0,87.3
7384,-17393.34,1425.1145,1.69,100.0,87.3
7385,-17166.95,540.2361,1.62,100.0,87.4
7386,-17169.02,282.194,1.57,100.0,87.4
7387,-17190.04,463.2922,1.67,100.0,87.4
7388,-17125.1,198.8603,1.6,99.1,86.2
7389,-17190.21,162.8332,1.65,100.0,86.2
7390,-17356.41,570.9625,1.64,100.0,86.2
7391,-17242.76,732.5397,1.61,100.0,86.1
7392,-17345.59,234.8433,1.59,100.0,86.2
7393,-17329.19,163.7153,1.58,100.0,86.3
7394,-17345.91,196.8221,1.65,100.0,86.3
7395,-17438.09,1116.8166,1.59,100.0,86.3
7396,-17226.17,686.2405,1.63,100.0,86.3
7397,-17176.36,1615.0515,1.54,100.0,86.5
7398,-17147.37,457.8676,1.53,100.0,86.5
7399,-17235.04,849.8297,1.52,100.0,86.5
7400,-17353.89,1307.1113,1.66,100.0,86.5
7401,-17348.94,434.6621,1.66,100.0,86.6
7402,-17191.82,835.5454,1.65,100.0,86.7
7403,-17614.15,10038.6428,1.52,100.0,86.7
7404,-17603.32,9403.0837,1.58,100.0,86.8
7405,-17586.2,7871.2789,1.7,100.0,86.8
7406,-17310.58,1907.3087,1.68,98.2,87.2
7407,-17296.78,2052.0712,1.62,100.0,87.1
7408,-17239.73,1707.86,1.55,100.0,87.0
7409,-17212.78,1229.3522,1.59,100.0,87.1
7410,-17281.78,763.2334,1.58,100.0,87.2
7411,-17238.46,861.8863,1.5,100.0,87.3
7412,-17361.37,1319.0927,1.53,100.0,87.3
7413,-17296.88,618.0462,1.61,100.0,87.2
7414,-17232.63,886.9212,1.63,100.0,87.3
7415,-17268.51,706.7041,1.62,100.0,87.3
7416,-17217.81,771.0071,1.59,100.0,87.5
7417,-17610.41,11559.3313,1.57,100.0,87.5
7418,-17184.54,663.2422,1.65,100.0,87.5
7419,-17201.74,546.0935,1.71,94.0,87.6
7420,-17150.5,641.7496,1.62,96.9,87.7
7421,-17237.28,289.7626,1.57,100.0,87.8
7422,-17170.19,219.9828,1.58,100.0,87.7
7423,-17204.11,111.1718,1.61,100.0,87.0
7424,-17239.75,153.2431,1.62,100.0,87.2
7425,-17451.09,1180.563,1.56,100.0,87.2
7426,-17331.1,322.0742,1.59,100.0,87.2
7427,-17247.86,387.3631,1.6,100.0,87.6
7428,-17278.19,271.1813,1.53,100.0,87.7
7429,-17280.88,182.6324,1.73,100.0,87.2
7430,-17286.03,213.7993,1.63,100.0,87.6
7431,-17204.02,269.8899,1.62,100.0,87.4
7432,-17337.61,680.7451,1.66,98.1,87.3
7433,-17244.82,276.4942,1.61,96.6,87.4
7434,-17306.43,100.6403,1.59,100.0,87.4
7435,-17194.91,658.8752,1.55,100.0,87.5
7436,-17202.26,211.1209,1.61,100.0,87.6
7437,-17253.21,373.8925,1.64,96.2,87.4
7438,-17215.76,149.3256,1.62,99.8,87.4
7439,-17242.56,77.0847,1.55,100.0,87.5
7440,-17388.49,1198.0158,1.55,100.0,87.6
7441,-17476.27,1535.8542,1.57,100.0,87.6
7442,-17347.78,104.7691,1.57,100.0,87.7
7443,-17406.68,430.3168,1.52,100.0,87.5
7444,-17366.25,536.5218,1.58,100.0,87.6
7445,-17478.28,1196.5075,1.64,100.0,87.6
7446,-17327.61,625.2791,1.66,98.8,87.8
7447,-17416.14,560.9183,1.57,100.0,87.8
7448,-17376.66,212.9051,1.54,100.0,87.9
7449,-17237.91,339.0859,1.7,100.0,87.8
7450,-17418.53,238.9347,1.63,97.6,86.0
7451,-17384.87,556.9501,1.65,98.6,86.0
7452,-17327.06,407.6943,1.55,100.0,86.0
7453,-17348.68,553.8539,1.53,100.0,86.1
7454,-17494.99,962.5741,1.6,95.4,86.2
7455,-17532.87,492.0203,1.58,100.0,86.2
7456,-17303.28,1236.2303,1.64,100.0,86.1
7457,-17615.14,530.7115,1.55,100.0,86.1
7458,-17405.13,545.521,1.59,100.0,86.2
7459,-17534.43,20.3757,1.64,97.6,86.2
7460,-17541.35,102.6415,1.56,100.0,86.3
7461,-17496.63,311.6363,1.55,100.0,86.0
7462,-17511.92,446.2061,1.59,100.0,85.9
7463,-17802.18,1511.5734,1.64,100.0,86.0
7464,-17880.13,1275.8921,1.64,97.6,86.1
7465,-17511.22,1505.781,1.61,100.0,86.2
7466,-17734.44,1040.9424,1.55,100.0,86.1
7467,-17654.59,605.1868,1.63,100.0,86.2
7468,-17623.56,264.0615,1.67,97.2,86.3
7469,-17527.41,454.1533,1.7,97.8,86.3
7470,-17517.27,834.5669,1.58,100.0,86.3
7471,-17601.28,328.6245,1.53,100.0,86.4
7472,-17622.07,271.6692,1.58,97.7,86.4
7473,-17568.74,328.5718,1.64,100.0,86.5
7474,-17452.39,908.5331,1.59,99.8,86.4
7475,-17479.01,425.6657,1.53,100.0,86.5
7476,-17407.91,588.055,1.6,100.0,86.5
7477,-17424.84,399.256,1.59,100.0,86.6
7478,-17498.2,606.8618,1.61,100.0,86.7
7479,-17662.88,1757.212,1.71,100.0,86.7
7480,-17467.47,1127.431,1.61,100.0,86.7
7481,-17765.94,2808.1705,1.66,100.0,86.8
7482,-17493.45,890.1643,1.62,88.9,86.8
7483,-17639.34,401.6658,1.58,100.0,86.9
7484,-17387.23,759.317,1.59,100.0,87.0
7485,-17419.64,265.373,1.55,100.0,87.0
7486,-17415.04,97.3913,1.63,100.0,87.0
7487,-17401.96,197.8945,1.61,97.4,87.0
7488,-17436.39,145.512,1.56,100.0,87.2
7489,-17541.42,416.7602,1.54,100.0,87.1
7490,-17490.74,690.5611,1.59,100.0,87.2
7491,-17404.18,784.5119,1.58,98.2,87.2
7492,-17413.92,387.4369,1.59,100.0,87.2
7493,-17448.7,650.162,1.66,100.0,87.3
7494,-17416.1,253.0184,1.59,100.0,87.3
7495,-17333.69,409.7227,1.65,99.4,87.4
7496,-17540.13,560.354,1.65,97.0,88.0
7497,-17480.63,220.7869,1.64,100.0,88.0
7498,-17465.74,89.9445,1.61,100.0,88.0
7499,-17463.16,159.8571,1.62,100.0,88.0
7500,-17529.18,124.7699,1.69,96.1,88.1
7501,-17487.27,205.4856,1.63,98.1,88.6
7502,-17546.89,96.8683,1.56,100.0,89.0
7503,-17543.77,153.4511,1.54,100.0,89.0
7504,-17596.02,181.9785,1.64,100.0,88.9
7505,-17638.3,177.6481,1.65,99.2,89.0
7506,-17717.89,223.3622,1.65,100.0,89.2
7507,-17704.56,733.4434,1.55,100.0,89.3
7508,-17657.81,871.1021,1.55,100.0,89.3
7509,-17812.58,409.3805,1.63,100.0,89.3
7510,-17658.05,1009.7601,1.69,98.6,89.6
7511,-17637.4,773.0582,1.68,100.0,89.7
7512,-17701.16,193.5661,1.59,100.0,89.8
7513,-17656.8,616.2151,1.63,99.3,89.8
7514,-17499.19,646.9489,1.58,98.7,89.7
7515,-17728.4,1442.8979,1.55,100.0,89.6
7516,-17595.16,766.9378,1.52,100.0,89.7
7517,-17451.57,479.2204,1.63,100.0,89.7
7518,-17597.85,438.9915,1.61,99.2,89.5
7519,-17491.32,169.2299,1.65,99.1,88.7
7520,-17505.67,189.4119,1.55,100.0,88.7
7521,-17471.72,208.2708,1.55,100.0,88.8
7522,-17528.41,188.8943,1.65,100.0,88.8
7523,-17470.19,68.1897,1.76,93.0,88.8
7524,-17947.51,14444.1785,1.7,94.8,88.0
7525,-17934.19,13060.5803,1.56,100.0,87.7
7526,-17915.4,12539.2383,1.56,100.0,87.6
7527,-17914.14,10922.9221,1.63,100.0,87.4
7528,-17911.44,8928.436,1.74,100.0,85.9
7529,-17874.54,6558.3618,1.63,99.4,85.6
7530,-17791.24,5343.3491,1.55,100.0,85.6
7531,-17878.73,3449.7817,1.61,100.0,85.8
7532,-17744.48,2209.8128,1.57,98.4,85.8
7533,-17351.34,11403.095,1.61,100.0,85.9
7534,-17306.02,9049.6587,1.63,100.0,85.8
7535,-17675.83,4459.8259,1.57,100.0,85.8
7536,-17759.35,6281.0565,1.66,100.0,85.9
7537,-17671.49,3918.9864,1.66,96.5,86.0
7538,-17765.7,1370.451,1.6,100.0,86.1
7539,-17456.38,9869.5244,1.62,100.0,86.1
7540,-17425.51,9594.373,1.66,100.0,86.1
7541,-17373.24,9417.6062,1.69,95.1,86.2
7542,-17323.59,8447.5685,1.62,96.7,86.2
7543,-17724.22,2408.6374,1.55,100.0,86.3
7544,-17740.62,2579.0564,1.53,100.0,86.3
7545,-17698.81,1372.0516,1.62,100.0,86.4
7546,-17274.7,8320.5052,1.64,97.4,86.3
7547,-17268.24,8944.593,1.66,99.7,86.4
7548,-17309.94,8342.3893,1.53,100.0,86.4
7549,-17667.88,2758.7653,1.6,100.0,86.4
7550,-17667.6,3247.1414,1.68,100.0,86.5
7551,-17687.13,1369.4274,1.72,90.1,86.6
7552,-17224.38,9666.2717,1.64,100.0,86.4
7553,-17236.52,8888.4412,1.55,100.0,86.5
7554,-17282.07,7200.7922,1.63,100.0,86.5
7555,-17273.36,7378.9369,1.58,98.5,86.3
7556,-17293.21,4399.5638,1.59,100.0,86.2
7557,-17587.53,6108.8387,1.61,100.0,86.3
7558,-17700.69,7389.01,1.58,100.0,86.3
7559,-17672.64,5681.0046,1.65,99.8,86.4
7560,-17739.58,3883.2827,1.61,99.4,86.5
7561,-17400.83,4625.1437,1.56,100.0,85.8
7562,-17334.11,4945.6165,1.54,100.0,85.9
7563,-17427.92,3738.4647,1.61,100.0,86.0
7564,-17396.89,2932.2018,1.63,96.4,86.0
7565,-17406.01,2132.4631,1.62,100.0,86.1
7566,-17491.67,1227.6377,1.53,100.0,86.0
7567,-17566.47,1064.7953,1.55,100.0,86.1
7568,-17841.01,10191.6133,1.59,100.0,86.2
7569,-17783.9,10234.4729,1.7,99.7,86.3
7570,-17390.72,4100.3707,1.69,99.9,86.4
7571,-17407.01,2764.6672,1.63,100.0,86.1
7572,-17303.92,1673.197,1.6,100.0,86.2
7573,-17729.43,10990.9963,1.62,97.5,86.3
7574,-17947.61,12974.9651,1.62,100.0,86.4
7575,-17526.07,710.6537,1.62,100.0,86.5
7576,-17637.2,708.1353,1.56,100.0,86.4
7577,-17509.38,500.8408,1.62,99.8,86.5
7578,-17912.78,11994.105,1.62,98.0,86.6
7579,-18010.97,11203.0874,1.56,100.0,86.7
7580,-17420.31,1868.2703,1.54,100.0,86.7
7581,-17420.72,1455.244,1.64,100.0,86.6
7582,-17912.18,10157.6257,1.65,100.0,86.6
7583,-17459.85,705.0852,1.66,98.6,86.7
7584,-17878.76,10431.7275,1.62,100.0,86.9
7585,-17950.39,10062.7874,1.55,100.0,86.9
7586,-17512.49,994.5614,1.62,100.0,87.0
7587,-17674.96,317.2851,1.65,100.0,86.9
7588,-17599.75,495.7735,1.67,98.6,86.9
7589,-17515.31,488.2628,1.59,100.0,87.0
7590,-18012.75,13154.5701,1.52,100.0,87.0
7591,-17937.02,11106.0105,1.58,100.0,87.2
7592,-17534.82,571.6371,1.59,100.0,87.1
7593,-17995.73,10704.135,1.61,100.0,86.0
7594,-17589.41,1107.6631,1.55,100.0,85.9
7595,-17932.12,9160.7134,1.58,100.0,85.9
7596,-17472.56,1507.0156,1.6,100.0,86.1
7597,-18039.34,8308.3568,1.58,100.0,86.2
7598,-17557.54,1250.0179,1.74,99.9,86.2
7599,-17491.8,1569.026,1.62,100.0,86.2
7600,-17443.5,1425.8061,1.59,100.0,86.3
7601,-17449.74,859.4436,1.57,96.8,78.3
7602,-17606.38,897.1847,1.68,99.8,78.7
7603,-17503.17,1465.4668,1.55,100.0,78.7
7604,-17462.38,1040.2137,1.52,100.0,78.8
7605,-17526.5,220.9715,1.57,100.0,78.9
7606,-17472.14,236.6673,1.56,99.3,79.1
7607,-17580.56,529.4903,1.53,100.0,79.2
7608,-17802.59,2125.1185,1.55,100.0,79.1
7609,-17848.12,1478.6873,1.57,100.0,79.2
7610,-17816.03,512.6617,1.57,100.0,79.3
7611,-17686.78,1525.7015,1.56,97.7,79.6
7612,-17850.5,169.9594,1.52,100.0,79.6
7613,-17603.78,1020.5793,1.56,100.0,78.6
7614,-17757.39,262.0711,1.6,100.0,78.7
7615,-17658.65,125.3909,1.52,100.0,78.7
7616,-17698.81,167.8994,1.55,100.0,78.5
7617,-17607.56,365.7429,1.56,100.0,78.6
7618,-17627.49,53.3167,1.54,100.0,78.6
7619,-17595.28,95.6683,1.56,100.0,78.6
7620,-17695.56,320.2348,1.52,100.0,78.6
7621,-17594.04,280.0356,1.54,100.0,78.7
7622,-17595.28,159.1322,1.54,100.0,78.9
7623,-17623.86,188.7047,1.52,100.0,78.7
7624,-17515.25,349.513,1.57,100.0,78.8
7625,-17421.15,229.593,1.53,100.0,78.9
7626,-17507.61,326.8541,1.59,100.0,79.0
7627,-17989.9,13560.1453,1.59,100.0,79.4
7628,-17442.76,554.8139,1.55,100.0,79.2
7629,-17439.43,413.3199,1.56,100.0,79.2
7630,-17456.98,192.5895,1.54,100.0,79.3
7631,-17492.47,161.1339,1.62,100.0,79.0
7632,-17449.29,150.7549,1.58,100.0,79.2
7633,-17445.52,165.9825,1.51,100.0,79.2
7634,-17896.73,13839.6196,1.53,100.0,79.3
7635,-18038.55,13987.7732,1.52,100.0,79.3
7636,-17973.66,11770.8315,1.55,100.0,79.3
7637,-17605.5,883.3942,1.53,100.0,79.4
7638,-17748.45,1353.23,1.52,100.0,79.4
7639,-17639.79,908.8629,1.51,100.0,79.3
7640,-17537.43,1213.4735,1.6,100.0,79.3
7641,-17493.99,822.0187,1.61,100.0,79.3
7642,-17976.04,12898.0703,1.56,99.3,79.0
7643,-17479.21,532.0226,1.58,100.0,79.0
7644,-17569.03,551.4262,1.54,100.0,79.1
7645,-17983.78,12718.5796,1.58,100.0,79.0
7646,-17903.67,12120.866,1.54,100.0,79.0
7647,-17916.77,11699.1223,1.54,100.0,79.1
7648,-17479.59,1379.6005,1.53,100.0,79.1
7649,-17931.78,10069.8069,1.52,100.0,79.2
7650,-17528.81,2703.4386,1.52,100.0,79.2
7651,-17524.7,1963.13,1.55,100.0,79.3
7652,-17423.72,1011.6223,1.62,100.0,79.3
7653,-17516.55,1066.9527,1.59,99.5,79.3
7654,-17497.73,744.3825,1.5,100.0,79.3
7655,-17510.14,664.0529,1.56,100.0,79.4
7656,-17415.37,2420.3128,1.6,100.0,79.4
7657,-17432.22,1029.8821,1.6,98.3,79.5
7658,-17511.47,290.7335,1.59,99.4,79.6
7659,-17573.12,445.3324,1.54,100.0,79.5
7660,-17563.78,206.7597,1.55,100.0,79.5
7661,-17880.59,11449.949,1.55,100.0,79.1
7662,-17478.26,600.8176,1.56,100.0,79.2
7663,-17601.55,78.8791,1.53,100.0,79.2
7664,-17534.65,1218.6561,1.54,100.0,79.2
7665,-17664.85,540.1941,1.57,99.9,79.2
7666,-17577.59,237.3588,1.56,99.6,79.4
7667,-17589.36,270.9466,1.57,99.9,79.8
7668,-17594.11,385.49,1.54,100.0,79.7
7669,-17530.88,316.2357,1.59,100.0,79.8
7670,-17563.51,476.9721,1.6,98.0,80.0
7671,-17664.85,732.4872,1.59,95.8,80.1
7672,-17506.09,522.846,1.55,100.0,80.2
7673,-17511.12,391.8763,1.52,100.0,80.2
7674,-17528.76,423.6329,1.56,100.0,80.3
7675,-17576.54,796.4115,1.6,96.0,80.2
7676,-17544.55,309.6259,1.54,100.0,80.0
7677,-17581.08,159.6195,1.52,100.0,80.0
7678,-17731.04,157.9848,1.6,100.0,79.9
7679,-17680.56,721.244,1.58,100.0,80.0
7680,-17638.54,833.1974,1.58,96.6,79.9
7681,-17954.03,1950.5933,1.55,100.0,79.9
7682,-18208.55,4179.5206,1.52,100.0,79.9
7683,-18625.68,18401.3875,1.56,100.0,80.0
7684,-18655.82,11774.7021,1.59,99.3,79.9
7685,-18614.09,4015.1123,1.59,95.1,79.9
7686,-18550.82,2797.3727,1.55,100.0,79.9
7687,-18607.37,1714.9858,1.52,100.0,80.0
7688,-18591.5,785.8063,1.55,100.0,80.0
7689,-18731.57,1696.4656,1.57,100.0,79.9
7690,-18635.17,796.5201,1.56,100.0,80.0
7691,-18711.03,1676.0946,1.54,100.0,80.0
7692,-18770.86,1772.6499,1.54,100.0,80.1
7693,-18751.48,862.9434,1.58,100.0,80.1
7694,-18832.88,1069.3387,1.6,99.4,80.1
7695,-18810.95,1003.7464,1.6,95.6,80.2
7696,-18805.43,691.6062,1.55,100.0,80.2
7697,-18717.41,695.077,1.69,100.0,80.8
7698,-18608.4,2383.8572,1.59,98.7,80.4
7699,-18642.3,1377.8571,1.55,99.3,80.6
7700,-18710.81,1348.6316,1.55,100.0,80.7
7701,-18767.67,1109.1628,1.54,100.0,80.7
7702,-18564.7,1680.0763,1.52,100.0,80.7
7703,-18745.21,1597.1536,1.54,100.0,80.5
7704,-18234.77,11243.3545,1.59,100.0,80.6
7705,-18287.31,7190.8414,1.52,100.0,80.5
7706,-18506.55,543.1186,1.55,100.0,80.5
7707,-18599.04,1695.1449,1.58,100.0,80.5
7708,-18655.92,2416.1964,1.57,99.8,80.7
7709,-18538.82,250.1912,1.57,100.0,80.7
7710,-18264.28,6311.2031,1.57,100.0,80.7
7711,-18222.39,4867.1292,1.58,100.0,80.6
7712,-18572.92,397.4129,1.59,98.8,80.5
7713,-18674.35,1400.3593,1.53,99.7,80.6
7714,-18538.22,256.8165,1.55,100.0,80.6
7715,-18584.63,967.1348,1.52,100.0,80.7
7716,-18488.2,607.3317,1.55,100.0,80.6
7717,-18227.24,3383.1211,1.59,100.0,80.7
7718,-18234.56,1850.9797,1.6,100.0,80.6
7719,-18142.07,4242.5933,1.62,100.0,80.4
7720,-18201.42,1005.315,1.52,100.0,78.7
7721,-18133.63,2105.4183,1.58,100.0,78.7
7722,-18075.29,772.8676,1.59,88.5,78.8
7723,-18256.7,2023.9281,1.59,96.4,78.9
7724,-18150.76,1717.5295,1.54,100.0,78.9
7725,-18157.36,760.6012,1.53,100.0,78.9
7726,-17980.99,3806.9463,1.57,100.0,78.8
7727,-18113.17,401.1755,1.58,93.8,78.9
7728,-18139.6,592.2768,1.54,100.0,79.0
7729,-17960.53,2951.5565,1.49,100.0,78.7
7730,-18523.38,12340.0376,1.53,100.0,78.8
7731,-18041.77,318.9869,1.59,100.0,78.8
7732,-18133.5,4294.2381,1.64,98.5,78.8
7733,-18235.75,14146.1819,1.53,99.3,78.2
7734,-18301.46,16139.269,1.56,99.8,78.2
7735,-18103.6,825.2983,1.58,100.0,78.2
7736,-17956.15,572.4949,1.6,100.0,78.2
7737,-17845.47,609.8321,1.57,95.5,78.3
7738,-18078.28,12103.1011,1.58,100.0,78.4
7739,-17721.72,856.0067,1.64,98.4,78.4
7740,-17864.63,1263.4032,1.56,100.0,78.4
7741,-18263.77,11156.4807,1.59,100.0,78.4
7742,-18114.32,8902.9233,1.59,100.0,78.5
7743,-18199.01,6296.9635,1.59,100.0,78.5
7744,-18236.16,4960.0214,1.57,100.0,78.6
7745,-17962.83,4847.0643,1.57,100.0,78.5
7746,-17976.27,3737.2872,1.62,100.0,78.3
7747,-17985.45,3837.6402,1.58,94.8,78.5
7748,-17789.74,2885.4374,1.56,97.2,78.6
7749,-17933.67,5007.0309,1.53,99.7,78.6
7750,-17789.26,794.4978,1.53,100.0,78.5
7751,-17746.46,367.1435,1.54,100.0,78.7
7752,-17760.38,1377.8521,1.57,100.0,78.7
7753,-17807.16,315.3716,1.56,97.6,78.8
7754,-17672.11,1652.4025,1.6,100.0,78.8
7755,-17618.21,989.2034,1.52,100.0,78.7
7756,-17539.97,1053.9062,1.55,100.0,78.8
7757,-17675.48,730.0698,1.61,100.0,78.8
7758,-17667.04,574.073,1.58,93.8,79.0
7759,-17615.68,272.1515,1.57,100.0,79.1
7760,-17878.86,1345.6557,1.53,100.0,79.0
7761,-17795.95,783.6975,1.56,100.0,79.0
7762,-17730.72,643.3277,1.59,89.8,79.1
7763,-17953.77,566.4974,1.54,99.7,79.2
7764,-17813.46,413.0807,1.52,100.0,79.3
7765,-17711.35,448.977,1.52,100.0,79.2
7766,-17698.76,229.6529,1.54,99.9,79.3
7767,-17705.26,88.8739,1.55,96.9,79.0
7768,-17812.02,406.4595,1.58,100.0,78.9
7769,-17720.45,186.4619,1.52,99.9,79.0
7770,-17681.29,117.677,1.55,100.0,79.0
7771,-17665.14,198.068,1.58,100.0,79.0
7772,-17658.14,254.9159,1.54,94.2,79.3
7773,-17650.45,166.5987,1.57,100.0,79.3
7774,-17748.87,246.7262,1.57,97.7,79.3
7775,-17775.8,334.2732,1.55,100.0,79.3
7776,-17837.79,132.0804,1.56,100.0,79.3
7777,-17817.15,49.5242,1.56,100.0,79.4
7778,-17764.01,297.7914,1.55,100.0,79.5
7779,-17798.47,174.102,1.53,100.0,79.3
7780,-17820.42,93.7059,1.57,100.0,78.8
7781,-17869.76,76.9478,1.62,98.7,78.9
7782,-17743.5,597.6257,1.56,100.0,78.9
7783,-17725.97,275.9651,1.53,100.0,79.0
7784,-17799.25,385.1889,1.55,100.0,79.0
7785,-17782.13,107.8853,1.57,100.0,79.0
7786,-17681.92,194.2301,1.53,100.0,79.0
7787,-17779.22,479.2453,1.51,100.0,79.0
7788,-17699.76,351.1044,1.56,100.0,79.2
7789,-17746.96,37.921,1.55,100.0,79.2
7790,-17864.25,248.5832,1.57,97.1,79.1
7791,-17749.7,212.2752,1.58,99.5,79.2
7792,-17737.4,639.9349,1.54,100.0,79.2
7793,-17814.63,496.5335,1.59,100.0,79.4
7794,-17725.98,183.7757,1.57,96.1,79.3
7795,-17919.54,360.5278,1.57,100.0,79.4
7796,-17902.74,343.8822,1.53,100.0,79.4
7797,-17919.38,414.365,1.52,100.0,79.5
7798,-17890.02,150.0469,1.57,100.0,79.5
7799,-17675.53,768.7997,1.53,99.0,79.6
7800,-17574.23,674.0042,1.69,100.0,79.5
7801,-17666.26,722.6848,1.56,100.0,79.6
7802,-17548.09,273.9196,1.56,100.0,79.6
7803,-17668.05,462.2857,1.61,97.6,79.8
7804,-17591.63,385.2608,1.6,92.1,79.2
7805,-17627.11,197.7704,1.51,100.0,79.2
7806,-17761.67,531.4142,1.46,100.0,79.2
7807,-17759.96,398.5233,1.56,100.0,79.3
7808,-17647.08,488.6657,1.55,100.0,79.4
7809,-17546.61,570.8974,1.6,96.7,79.5
7810,-17600.78,134.052,1.54,100.0,79.5
7811,-17567.92,297.617,1.54,100.0,79.4
7812,-17598.65,208.6478,1.62,100.0,79.4
7813,-17546.24,113.5106,1.65,85.8,79.5
7814,-17602.3,191.3775,1.56,94.0,79.5
7815,-17509.05,237.3027,1.57,100.0,79.6
7816,-17622.65,1171.6553,1.53,100.0,79.6
7817,-17621.12,1844.7918,1.57,100.0,79.7
7818,-17617.52,1419.8578,1.58,94.4,79.6
7819,-17547.99,172.7123,1.55,100.0,79.7
7820,-17606.49,956.1558,1.48,100.0,79.8
7821,-17518.38,343.6454,1.56,100.0,79.7
7822,-17629.13,1249.4772,1.56,100.0,79.7
7823,-17571.13,811.5484,1.63,95.7,79.8
7824,-17614.41,770.2259,1.58,98.3,79.8
7825,-17563.29,541.87,1.53,100.0,79.8
7826,-17544.47,755.9319,1.59,100.0,79.8
7827,-17611.55,492.4561,1.58,100.0,80.1
7828,-17545.29,810.6213,1.58,94.8,80.4
7829,-17668.77,790.2515,1.53,100.0,80.6
7830,-17716.23,759.3949,1.53,100.0,80.7
7831,-17673.32,590.0141,1.54,100.0,80.7
7832,-17647.47,547.9576,1.56,100.0,80.7
7833,-17540.7,407.3289,1.56,99.8,80.8
7834,-17617.81,457.6395,1.57,99.8,80.8
7835,-17607.17,303.845,1.53,100.0,81.0
7836,-17604.97,985.5907,1.55,100.0,81.0
7837,-17599.53,305.7604,1.63,100.0,81.2
7838,-17563.87,430.8659,1.59,96.3,81.1
7839,-17532.29,328.2856,1.55,100.0,81.4
7840,-17560.21,387.8534,1.54,100.0,81.5
7841,-17531.12,405.378,1.55,100.0,81.1
7842,-17532.71,548.1161,1.52,100.0,80.4
7843,-17467.03,608.3348,1.52,100.0,80.5
7844,-17524.85,901.2236,1.55,100.0,80.4
7845,-17573.77,180.7037,1.54,100.0,80.1
7846,-17626.94,502.997,1.5,100.0,80.1
7847,-17727.38,444.555,1.54,100.0,80.1
7848,-17688.3,280.0363,1.58,99.2,80.2
7849,-17557.96,1059.7847,1.56,100.0,80.2
7850,-17654.66,182.2033,1.58,100.0,80.3
7851,-17629.91,76.1421,1.53,100.0,80.2
7852,-17718.18,446.7267,1.54,100.0,80.1
7853,-17589.22,147.1937,1.57,99.7,80.2
7854,-17648.56,234.0966,1.59,99.0,80.2
7855,-17603.12,364.8354,1.53,98.9,80.3
7856,-17684.44,1406.1867,1.57,100.0,80.3
7857,-17620.04,482.8561,1.53,100.0,80.4
7858,-17603.01,491.3237,1.55,98.8,80.4
7859,-17683.65,197.643,1.53,100.0,80.4
7860,-17568.85,157.8107,1.52,100.0,80.4
7861,-17613.07,746.8575,1.51,100.0,80.4
7862,-17668.13,943.1054,1.58,100.0,80.5
7863,-17519.97,249.5822,1.54,100.0,80.6
7864,-17530.15,104.1973,1.5,100.0,80.5
7865,-17601.42,170.5666,1.49,100.0,80.6
7866,-17537.98,436.5416,1.55,100.0,80.6
7867,-17536.07,207.0785,1.58,100.0,80.7
7868,-17561.51,476.7592,1.57,100.0,80.7
7869,-17614.91,237.8845,1.51,100.0,80.8
7870,-17695.04,200.9096,1.55,100.0,80.7
7871,-17833.31,146.2946,1.54,100.0,80.7
7872,-17820.96,393.3497,1.57,100.0,80.6
7873,-17802.01,327.9378,1.53,100.0,80.7
7874,-17838.27,182.21,1.44,99.6,80.6
7875,-17938.15,296.7044,1.54,99.4,80.8
7876,-17822.98,479.4931,1.51,98.7,80.7
7877,-17651.88,1462.3807,1.54,100.0,80.7
7878,-17701.91,456.3234,1.51,100.0,80.7
7879,-17767.03,284.5989,1.57,100.0,80.8
7880,-17743.28,60.9113,1.59,97.8,81.0
7881,-18047.27,974.7608,1.53,100.0,81.0
7882,-17951.71,204.7296,1.6,100.0,80.4
7883,-17910.13,275.0208,1.55,100.0,80.5
7884,-17951.75,259.6128,1.6,99.3,80.6
7885,-17878.53,62.6169,1.6,91.3,80.7
7886,-17641.05,379.5365,1.56,98.8,80.6
7887,-17768.5,960.9012,1.55,100.0,80.6
7888,-17818.93,1470.9879,1.56,100.0,80.7
7889,-17940.2,2774.6429,1.58,100.0,80.7
7890,-17922.16,778.7324,1.54,96.8,80.8
7891,-17792.38,1418.9515,1.52,100.0,80.7
7892,-17690.92,3761.6705,1.52,100.0,80.8
7893,-17611.4,2904.3369,1.57,100.0,80.9
7894,-17597.13,2035.2937,1.56,100.0,80.9
7895,-17575.81,1020.7907,1.62,98.3,81.0
7896,-17608.04,1276.3086,1.62,100.0,80.9
7897,-17671.42,2978.5908,1.53,100.0,81.0
7898,-17607.9,1416.3207,1.56,100.0,81.0
7899,-17601.8,1118.9177,1.6,95.2,81.1
7900,-17513.67,2221.032,1.59,96.4,81.1
7901,-17530.54,1247.7245,1.55,100.0,81.2
7902,-17660.27,2055.7765,1.5,100.0,81.1
7903,-17630.35,1143.5949,1.55,100.0,81.2
7904,-17656.35,857.8665,1.57,100.0,81.2
7905,-17693.98,429.4243,1.54,100.0,81.3
7906,-17575.13,326.8894,1.49,100.0,81.2
7907,-17615.59,610.2738,1.57,100.0,81.3
7908,-17560.08,262.7563,1.59,100.0,81.3
7909,-17576.81,607.5541,1.6,89.7,81.4
7910,-17646.31,446.1946,1.56,97.4,81.4
7911,-17658.92,479.4576,1.54,100.0,81.5
7912,-17728.07,624.5063,1.55,100.0,81.4
7913,-17629.88,256.872,1.56,100.0,81.4
7914,-17727.32,513.8659,1.59,97.0,81.5
7915,-17580.66,248.5073,1.51,100.0,81.6
7916,-17578.36,178.2658,1.51,100.0,81.6
7917,-17631.59,204.6369,1.52,100.0,81.7
7918,-17650.23,298.521,1.57,100.0,81.7
7919,-17658.87,135.3063,1.65,97.8,82.0
7920,-17758.36,1023.5169,1.55,100.0,82.1
7921,-17672.03,262.3308,1.55,100.0,82.3
7922,-17733.12,267.5658,1.55,100.0,82.2
7923,-17860.82,749.3481,1.61,99.5,82.4
7924,-17659.3,89.1023,1.59,99.9,82.4
7925,-17685.72,89.0312,1.53,100.0,82.3
7926,-17669.07,136.5684,1.54,100.0,82.4
7927,-17528.54,326.926,1.55,100.0,82.5
7928,-17626.67,245.8401,1.59,100.0,82.6
7929,-17565.92,53.8324,1.5,99.9,82.6
7930,-17631.23,747.9978,1.56,100.0,82.7
7931,-17604.36,123.7847,1.55,100.0,82.7
7932,-17587.59,172.6635,1.58,100.0,82.7
7933,-17660.76,646.1953,1.61,98.5,82.9
7934,-17541.73,170.8232,1.6,100.0,83.1
7935,-17524.54,162.8826,1.55,100.0,83.0
7936,-17776.66,313.9617,1.56,100.0,82.8
7937,-17618.46,204.6562,1.59,98.5,82.9
7938,-17586.72,145.854,1.54,100.0,83.0
7939,-17628.47,388.528,1.52,100.0,83.0
7940,-17743.7,612.5746,1.53,100.0,83.0
7941,-17659.78,169.2492,1.57,100.0,82.9
7942,-17595.78,257.5507,1.55,100.0,82.9
7943,-17663.1,236.3213,1.59,98.0,83.0
7944,-17642.88,1018.0166,1.61,98.3,83.1
7945,-17592.69,1105.3828,1.55,100.0,83.2
7946,-17597.71,283.4982,1.58,100.0,82.7
7947,-17654.91,158.0256,1.59,95.3,82.6
7948,-17602.83,282.8518,1.56,98.0,82.8
7949,-17567.6,487.3434,1.55,100.0,82.8
7950,-17498.71,232.1117,1.54,100.0,82.9
7951,-17524.33,606.9206,1.58,100.0,82.9
7952,-17542.58,46.5519,1.57,99.0,82.6
7953,-17556.44,37.0871,1.55,98.4,82.5
7954,-17581.56,201.6349,1.54,100.0,82.6
7955,-17539.79,93.585,1.52,100.0,82.6
7956,-17600.12,548.1334,1.61,100.0,82.8
7957,-17665.47,236.322,1.66,87.1,82.7
7958,-17531.92,78.1996,1.55,96.6,82.8
7959,-17713.65,882.6044,1.57,100.0,82.8
7960,-17615.91,594.4466,1.5,100.0,82.7
7961,-17606.95,388.0742,1.56,100.0,82.8
7962,-17606.55,164.5767,1.55,94.1,82.9
7963,-17637.72,126.7154,1.53,100.0,82.9
7964,-17637.42,468.5535,1.5,100.0,83.0
7965,-17730.32,164.1656,1.52,100.0,82.9
7966,-17729.85,138.3532,1.57,100.0,83.0
7967,-17695.55,323.0125,1.61,93.9,83.1
7968,-17736.13,324.8191,1.58,98.4,83.0
7969,-17717.16,323.9652,1.52,100.0,83.1
7970,-17734.74,128.8619,1.55,100.0,83.2
7971,-17828.18,673.8612,1.63,100.0,83.2
7972,-17775.72,153.1754,1.6,93.8,83.2
7973,-17660.36,90.0121,1.54,100.0,83.2
7974,-17688.63,156.5684,1.51,100.0,83.2
7975,-17697.94,195.559,1.54,100.0,83.3
7976,-17679.31,153.1912,1.55,100.0,83.3
7977,-17712.66,164.2776,1.53,98.9,83.4
7978,-17857.49,286.8293,1.54,100.0,83.3
7979,-17891.36,385.6927,1.5,100.0,83.3
7980,-17838.29,586.7811,1.55,100.0,83.4
7981,-17728.92,1034.9422,1.6,100.0,83.6
7982,-17739.85,378.064,1.6,93.5,83.6
7983,-17725.9,418.2082,1.6,100.0,83.6
7984,-17725.12,612.4532,1.54,100.0,83.5
7985,-17739.09,154.0499,1.56,100.0,83.6
7986,-17750.71,86.9311,1.54,99.7,83.7
7987,-17764.49,275.1941,1.54,100.0,83.8
7988,-17668.46,104.9877,1.5,100.0,83.7
7989,-17726.46,84.0086,1.52,100.0,83.7
7990,-17734.84,107.3567,1.57,100.0,83.8
7991,-17804.98,174.0064,1.56,99.4,83.9
7992,-18009.86,996.8821,1.57,98.3,84.0
7993,-17817.68,672.2809,1.54,100.0,84.0
7994,-17708.47,1420.2648,1.54,100.0,82.1
7995,-17720.25,927.2098,1.61,90.0,82.2
7996,-17777.31,109.7437,1.58,94.9,82.3
7997,-17687.84,83.2019,1.53,100.0,82.6
7998,-17766.92,329.0056,1.5,100.0,82.6
7999,-17675.72,51.0373,1.56,100.0,82.6
8000,-17665.03,116.3708,1.58,97.6,82.8
8001,-17689.09,175.3468,1.55,99.5,83.1
8002,-17688.41,70.8795,1.54,100.0,83.3
8003,-17678.28,91.4848,1.53,100.0,83.1
8004,-17741.36,68.9499,1.59,100.0,83.1
8005,-17620.25,902.4672,1.64,96.6,83.4
8006,-17705.15,135.757,1.57,98.8,83.4
8007,-17695.13,21.923,1.55,100.0,83.6
8008,-17776.07,397.7333,1.54,100.0,83.6
8009,-17779.75,208.7593,1.57,99.0,83.6
8010,-17870.92,99.3027,1.6,96.0,83.8
8011,-17940.68,81.9607,1.56,100.0,83.6
8012,-17949.22,89.9454,1.5,100.0,83.7
8013,-17972.28,155.3721,1.55,100.0,83.7
8014,-17891.54,47.0579,1.57,100.0,83.7
8015,-17757.77,212.576,1.59,97.4,83.8
8016,-17818.53,236.0557,1.6,100.0,83.9
8017,-17883.52,333.6702,1.52,100.0,83.7
8018,-17933.75,164.1391,1.66,100.0,83.1
8019,-17858.84,281.5381,1.62,100.0,83.2
8020,-17801.26,888.5451,1.59,97.2,83.3
8021,-17822.48,340.1297,1.55,100.0,83.3
8022,-17672.12,576.6924,1.53,99.2,83.3
8023,-17672.17,414.7501,1.56,98.5,83.5
8024,-17672.76,242.5234,1.57,100.0,83.3
8025,-17688.48,154.6723,1.57,100.0,83.4
8026,-17721.28,282.6717,1.58,100.0,83.4
8027,-17726.03,95.9339,1.54,100.0,83.4
8028,-17830.24,306.1608,1.55,100.0,83.6
8029,-17912.74,648.5576,1.59,99.8,83.5
8030,-17776.99,602.6662,1.58,97.8,83.6
8031,-17821.07,248.0753,1.53,100.0,83.6
8032,-17739.25,217.9693,1.74,100.0,84.1
8033,-17731.89,175.9921,1.55,100.0,84.1
8034,-17734.54,220.9069,1.55,100.0,84.1
8035,-17784.82,88.7003,1.62,98.9,84.2
8036,-17783.43,94.346,1.57,100.0,84.3
8037,-17684.21,392.4599,1.55,100.0,84.4
8038,-17628.79,121.7992,1.53,100.0,83.5
8039,-17835.84,1093.4984,1.56,100.0,83.5
8040,-17815.61,631.7715,1.57,98.9,83.5
8041,-17703.95,51.4756,1.57,100.0,83.5
8042,-17679.63,490.1802,1.55,100.0,83.6
8043,-17622.06,128.4888,1.56,100.0,83.6
8044,-17672.09,170.8957,1.63,99.0,83.5
8045,-17720.8,174.6097,1.61,95.4,83.4
8046,-17647.99,130.7688,1.55,99.1,83.9
8047,-17648.32,55.2197,1.54,100.0,83.9
8048,-17634.9,29.3149,1.53,100.0,83.9
8049,-17941.16,954.7327,1.55,100.0,83.8
8050,-18181.14,3035.7428,1.56,98.1,84.2
8051,-18395.85,4898.9975,1.54,100.0,84.3
8052,-18366.52,1549.6364,1.52,100.0,84.3
8053,-18587.53,2548.7583,1.58,100.0,84.2
8054,-18495.9,1133.0356,1.59,98.1,83.8
8055,-18588.61,1131.9644,1.64,90.5,84.0
8056,-18424.05,1025.4141,1.59,100.0,84.1
8057,-18494.63,518.5683,1.52,100.0,84.2
8058,-18474.22,151.9215,1.54,100.0,84.2
8059,-18463.64,296.8047,1.57,100.0,83.8
8060,-18544.54,877.5911,1.56,95.9,83.5
8061,-18534.11,455.2655,1.53,100.0,83.7
8062,-18616.48,358.4952,1.51,100.0,83.3
8063,-18423.47,1665.0206,1.55,100.0,83.3
8064,-18400.11,1090.6994,1.57,100.0,83.3
8065,-18259.13,1407.019,1.62,94.9,83.7
8066,-18285.71,867.864,1.54,100.0,83.7
8067,-18281.7,667.2306,1.53,100.0,83.8
8068,-18259.13,276.681,1.59,100.0,83.9
8069,-18300.73,122.3151,1.62,97.2,84.1
8070,-18553.8,1487.4851,1.56,98.5,83.2
8071,-18494.3,1142.9552,1.56,100.0,83.3
8072,-18619.01,1380.168,1.58,100.0,83.3
8073,-18532.24,942.232,1.54,100.0,83.8
8074,-18581.18,567.779,1.5,100.0,83.8
8075,-18556.5,346.6075,1.55,100.0,83.8
8076,-18569.19,174.3191,1.57,100.0,83.6
8077,-18525.24,159.2634,1.54,100.0,83.7
8078,-18540.43,411.3096,1.55,97.5,84.0
8079,-18610.87,693.0267,1.53,100.0,83.8
8080,-18589.79,335.4516,1.58,100.0,83.9
8081,-18574.92,165.5842,1.59,99.7,83.4
8082,-18599.93,156.5959,1.56,100.0,83.5
8083,-18269.68,1519.4514,1.51,100.0,83.5
8084,-18301.78,1195.4792,1.56,100.0,83.5
8085,-18351.07,1269.497,1.59,100.0,83.5
8086,-18377.99,1128.222,1.55,100.0,83.5
8087,-18480.34,1330.0786,1.52,100.0,83.0
8088,-18363.98,1727.6548,1.52,100.0,83.1
8089,-18317.59,2313.9008,1.51,100.0,83.1
8090,-18323.13,1059.8221,1.51,100.0,83.1
8091,-18340.48,674.4251,1.52,100.0,83.2
8092,-18279.37,637.5524,1.51,100.0,83.2
8093,-18332.11,634.8228,1.57,100.0,83.2
8094,-18597.55,1151.4342,1.56,99.9,83.2
8095,-18293.27,1079.6944,1.55,100.0,83.3
8096,-18261.81,776.356,1.51,100.0,83.3
8097,-18231.77,544.6075,1.54,100.0,83.3
8098,-18255.68,396.5518,1.6,99.1,83.5
8099,-18296.15,231.613,1.58,95.2,83.4
8100,-18360.35,630.9705,1.56,100.0,83.5
8101,-18278.42,252.5759,1.52,100.0,83.4
8102,-18303.33,174.2616,1.54,99.3,83.5
8103,-18340.65,98.8597,1.57,98.8,83.7
8104,-18287.22,83.9772,1.59,99.1,83.8
8105,-18317.62,289.8018,1.58,100.0,83.8
8106,-18350.23,150.3369,1.52,100.0,83.7
8107,-18273.5,259.4268,1.57,100.0,83.8
8108,-18324.78,334.3523,1.59,97.9,84.0
8109,-18248.73,256.9777,1.59,97.3,83.9
8110,-18118.99,516.8237,1.55,100.0,83.9
8111,-18145.19,509.3582,1.56,100.0,83.8
8112,-18172.55,334.4669,1.54,97.6,83.8
8113,-18167.97,176.7631,1.54,100.0,83.8
8114,-18161.19,322.7715,1.57,100.0,83.8
8115,-18159.34,107.7698,1.52,100.0,83.8
8116,-18185.48,256.0172,1.56,100.0,83.9
8117,-18215.28,143.701,1.57,100.0,83.9
8118,-18095.54,1586.8987,1.54,100.0,84.0
8119,-18253.77,303.7907,1.55,100.0,83.9
8120,-18179.62,123.9212,1.57,100.0,83.9
8121,-18279.08,343.1791,1.6,100.0,84.0
8122,-18321.39,595.0529,1.6,96.4,84.2
8123,-18250.86,337.4549,1.54,100.0,84.1
8124,-18383.4,496.9,1.63,100.0,84.0
8125,-18409.12,486.0939,1.53,100.0,84.0
8126,-18417.56,631.0257,1.61,100.0,84.2
8127,-18469.97,682.5713,1.63,99.2,84.6
8128,-18070.15,15172.4475,1.58,100.0,84.8
8129,-18089.07,13249.1956,1.55,100.0,84.7
8130,-18114.36,9437.6188,1.55,100.0,84.5
8131,-18168.4,4663.7747,1.59,99.3,84.6
8132,-18173.38,4286.0585,1.59,94.0,84.7
8133,-18082.23,1952.1982,1.57,100.0,84.7
8134,-18092.18,1422.3298,1.53,100.0,84.8
8135,-18093.0,1039.1665,1.52,100.0,84.7
8136,-18170.62,908.5602,1.56,100.0,84.8
8137,-18097.8,751.9852,1.57,100.0,84.9
8138,-18089.24,943.3881,1.49,100.0,85.0
8139,-18112.71,212.6747,1.52,100.0,84.9
8140,-18124.18,817.9162,1.61,100.0,85.0
8141,-18463.62,6912.2872,1.6,100.0,84.9
8142,-18309.47,561.1723,1.61,100.0,85.0
8143,-18321.46,377.3709,1.51,100.0,85.1
8144,-18124.77,840.3799,1.53,100.0,85.0
8145,-18290.07,1005.9407,1.53,100.0,85.0
8146,-18040.7,802.2517,1.51,100.0,85.1
8147,-18313.26,1102.7298,1.52,100.0,85.1
8148,-18121.83,269.3512,1.49,99.9,85.1
8149,-18159.4,422.6744,1.57,98.0,85.2
8150,-18216.38,2147.8114,1.53,100.0,85.1
8151,-18252.99,1271.0101,1.54,100.0,85.2
8152,-18311.06,508.7302,1.56,100.0,85.2
8153,-18062.66,2567.7885,1.58,100.0,85.2
8154,-18085.81,797.4211,1.58,98.7,85.3
8155,-18131.17,1005.0214,1.57,97.7,85.4
8156,-18079.87,785.7507,1.59,100.0,85.5
8157,-18030.99,531.2788,1.56,100.0,85.6
8158,-18072.12,442.007,1.57,100.0,85.6
8159,-18179.79,3301.8563,1.55,93.4,85.6
8160,-18180.43,3176.0512,1.52,99.6,85.1
8161,-18075.83,1028.8943,1.54,100.0,85.1
8162,-18060.84,2707.8258,1.52,100.0,85.2
8163,-18094.67,561.1298,1.56,100.0,85.3
8164,-18034.72,722.3053,1.59,100.0,85.4
8165,-18049.0,1366.2375,1.54,100.0,85.3
8166,-18097.67,972.5519,1.54,100.0,85.3
8167,-18122.96,534.281,1.58,100.0,85.4
8168,-17988.64,1728.577,1.6,93.8,85.6
8169,-18046.22,1038.6944,1.59,97.7,85.6
8170,-18152.51,656.3055,1.52,100.0,85.7
8171,-17969.24,1156.3529,1.49,100.0,85.6
8172,-18146.63,346.4668,1.56,100.0,85.7
8173,-18037.97,572.6707,1.54,99.1,85.7
8174,-18134.07,1019.002,1.57,100.0,85.8
8175,-18001.04,705.3562,1.5,100.0,85.8
8176,-18123.24,689.4024,1.54,100.0,86.0
8177,-18111.63,213.1254,1.61,100.0,85.9
8178,-18186.72,1135.3892,1.63,95.3,86.0
8179,-18046.36,811.7926,1.6,100.0,86.1
8180,-18163.44,513.4451,1.5,100.0,86.0
8181,-18129.58,121.0945,1.53,100.0,86.1
8182,-18122.02,1049.4811,1.56,100.0,86.1
8183,-18105.31,1202.1413,1.54,100.0,86.0
8184,-18123.55,205.5069,1.5,100.0,86.0
8185,-18139.62,476.8917,1.52,100.0,86.0
8186,-18191.7,682.2297,1.54,100.0,86.0
8187,-18158.39,355.9751,1.53,100.0,86.1
8188,-18283.93,366.8175,1.49,100.0,86.1
8189,-18445.71,1919.1475,1.53,100.0,86.1
8190,-18277.45,561.7989,1.6,100.0,86.2
8191,-18144.14,1405.9662,1.62,92.9,86.3
8192,-18150.44,326.5378,1.57,100.0,86.3
8193,-18178.89,197.3674,1.53,100.0,86.2
8194,-18227.29,890.5991,1.54,100.0,86.3
8195,-18164.46,416.8711,1.58,100.0,86.3
8196,-18023.24,1307.8775,1.59,98.7,86.4
8197,-18075.52,1258.4278,1.54,100.0,86.6
8198,-18061.07,1117.9795,1.5,100.0,86.6
8199,-18118.9,354.0299,1.57,100.0,86.6
8200,-18127.79,125.2619,1.57,100.0,86.7
8201,-18089.08,387.9978,1.59,99.8,86.7
8202,-18117.96,422.4187,1.53,100.0,86.8
8203,-18162.27,315.6289,1.56,100.0,86.8
8204,-18194.68,303.2874,1.57,100.0,86.8
8205,-18064.18,632.1844,1.59,99.9,86.9
8206,-18022.39,917.0823,1.57,100.0,87.0
8207,-18078.95,188.8299,1.53,100.0,87.0
8208,-18146.99,651.625,1.55,100.0,87.0
8209,-18077.01,64.9486,1.54,100.0,87.0
8210,-18113.5,210.2446,1.55,100.0,87.0
8211,-18078.26,535.6364,1.49,100.0,87.1
8212,-18132.1,102.7578,1.55,100.0,87.2
8213,-18008.82,891.1906,1.54,100.0,87.2
8214,-18058.32,419.2191,1.53,100.0,87.3
8215,-18104.38,624.4118,1.55,100.0,87.2
8216,-18148.29,715.0141,1.54,100.0,87.2
8217,-18086.9,280.5417,1.57,100.0,87.3
8218,-18120.07,952.6261,1.61,98.5,87.6
8219,-18151.82,1241.9479,1.58,96.2,87.6
8220,-18019.98,1342.6661,1.52,100.0,87.5
8221,-18115.28,239.1808,1.58,99.9,87.5
8222,-18014.05,874.605,1.54,100.0,87.6
8223,-18146.0,452.1934,1.57,100.0,87.7
8224,-18110.88,594.5381,1.54,100.0,87.7
8225,-18036.26,599.5492,1.58,100.0,87.7
8226,-17968.1,1115.9652,1.54,100.0,87.6
8227,-18007.09,291.9618,1.56,95.8,87.5
8228,-18163.77,2821.0882,1.6,99.5,87.6
8229,-18156.07,2432.7442,1.58,99.2,87.7
8230,-18006.36,542.7689,1.57,100.0,87.3
8231,-18071.24,370.2146,1.54,100.0,87.4
8232,-18020.71,519.2746,1.53,100.0,87.4
8233,-17996.01,370.3767,1.59,100.0,87.3
8234,-18065.92,1029.2624,1.57,100.0,87.5
8235,-18086.97,321.9833,1.59,100.0,87.5
8236,-18120.26,272.5557,1.52,100.0,87.6
8237,-18026.49,640.5218,1.54,100.0,87.7
8238,-18115.5,159.6503,1.57,100.0,87.7
8239,-18082.25,121.4301,1.6,100.0,87.6
8240,-18345.75,1627.2694,1.64,100.0,87.5
8241,-18259.71,682.3805,1.53,100.0,87.6
8242,-18074.16,307.5679,1.52,100.0,87.6
8243,-18019.81,534.1664,1.54,100.0,87.6
8244,-18041.28,449.9877,1.56,100.0,87.6
8245,-18154.36,1633.5697,1.52,100.0,87.7
8246,-18164.49,1250.0354,1.49,100.0,87.7
8247,-17954.73,1608.0261,1.53,100.0,87.7
8248,-18001.35,689.2276,1.55,99.1,87.8
8249,-18009.66,392.7609,1.57,100.0,87.8
8250,-18030.52,230.4966,1.54,100.0,87.8
8251,-18149.96,1552.7252,1.58,100.0,87.9
8252,-18037.91,184.3883,1.62,97.1,88.1
8253,-18169.25,1731.6208,1.58,90.9,87.9
8254,-18146.74,346.033,1.56,100.0,88.0
8255,-18188.14,1100.1716,1.53,100.0,88.1
8256,-18025.89,2221.6804,1.57,100.0,88.0
8257,-18154.95,647.2127,1.59,92.7,88.1
8258,-18144.96,394.8378,1.55,99.3,88.1
8259,-18045.81,903.5421,1.53,100.0,88.2
8260,-18025.06,673.7424,1.52,100.0,88.2
8261,-18124.28,743.346,1.57,100.0,88.3
8262,-18172.8,1811.8756,1.58,96.9,88.2
8263,-18061.71,742.0372,1.61,98.9,88.2
8264,-18311.25,1405.7824,1.55,100.0,88.3
8265,-18032.05,635.073,1.56,100.0,88.3
8266,-18200.39,732.097,1.59,100.0,88.4
8267,-18044.63,1081.5684,1.64,99.0,88.5
8268,-18291.27,473.5439,1.53,100.0,87.6
8269,-17987.43,1596.0248,1.52,100.0,86.5
8270,-17980.1,1390.4606,1.55,100.0,86.4
8271,-17982.29,749.7589,1.56,100.0,86.6
8272,-18159.98,2511.8936,1.54,100.0,86.6
8273,-18089.62,1215.5172,1.49,100.0,86.7
8274,-18081.45,368.6715,1.57,100.0,86.7
8275,-18091.97,464.7761,1.56,100.0,86.6
8276,-18000.48,724.812,1.61,100.0,86.8
8277,-18063.45,360.1298,1.61,99.7,86.8
8278,-18059.61,254.1458,1.56,100.0,86.9
8279,-18085.83,144.8692,1.57,100.0,86.9
8280,-18132.6,206.2625,1.55,98.3,86.9
8281,-18104.55,516.2547,1.56,100.0,86.9
8282,-18157.28,215.786,1.5,100.0,86.9
8283,-18150.62,954.0331,1.53,100.0,87.0
8284,-18048.45,767.0686,1.56,100.0,87.1
8285,-18149.63,140.6244,1.53,100.0,87.2
8286,-18140.42,112.7287,1.47,100.0,87.0
8287,-18073.22,404.3115,1.53,100.0,87.1
8288,-18077.27,132.2281,1.53,100.0,87.2
8289,-18141.41,518.8465,1.56,100.0,87.3
8290,-18238.21,629.473,1.6,100.0,87.3
8291,-18153.72,149.5228,1.55,100.0,87.3
8292,-18206.51,229.3318,1.56,100.0,87.3
8293,-18306.71,587.0575,1.57,100.0,87.3
8294,-18580.73,6491.5604,1.59,100.0,87.4
8295,-18493.8,1556.8436,1.56,100.0,87.6
8296,-18490.75,2369.7942,1.56,100.0,87.5
8297,-18427.77,966.0096,1.52,99.8,87.5
8298,-18316.36,625.8202,1.55,100.0,87.6
8299,-18412.6,726.4234,1.6,100.0,87.6
8300,-18188.68,1321.18,1.56,99.2,87.6
8301,-18174.98,1729.2643,1.6,100.0,87.7
8302,-18128.01,868.3457,1.57,95.4,87.7
8303,-18106.86,631.7778,1.58,100.0,87.8
8304,-18250.61,1258.5649,1.59,100.0,87.7
8305,-18025.07,520.9747,1.59,100.0,87.7
8306,-18133.55,861.4295,1.58,100.0,87.8
8307,-18126.65,246.1655,1.53,100.0,87.8
8308,-18033.25,691.1077,1.53,100.0,88.0
8309,-18099.6,871.7242,1.54,100.0,88.0
8310,-18024.83,379.7563,1.62,100.0,87.9
8311,-17951.35,492.6368,1.62,100.0,88.0
8312,-18022.99,307.4123,1.55,98.9,88.1
8313,-17975.27,288.4302,1.53,100.0,87.4
8314,-18152.45,2173.5934,1.54,100.0,87.5
8315,-17985.35,299.4428,1.59,100.0,87.5
8316,-17938.48,785.1744,1.57,99.9,87.5
8317,-18502.95,14841.9441,1.53,100.0,87.6
8318,-18109.98,1524.1632,1.51,100.0,87.6
8319,-18512.09,12361.8965,1.55,100.0,87.7
8320,-17972.06,1425.9462,1.63,99.9,87.0
8321,-17925.0,2261.038,1.55,100.0,87.0
8322,-18059.91,492.0198,1.56,100.0,87.0
8323,-18009.61,153.7673,1.53,99.7,87.1
8324,-18091.82,740.4181,1.55,100.0,87.1
8325,-18423.68,11852.0317,1.52,100.0,87.2
8326,-18204.18,774.8488,1.49,100.0,87.1
8327,-18140.12,426.7496,1.56,99.6,86.0
8328,-18025.55,1027.6497,1.55,100.0,86.1
8329,-18190.48,168.5289,1.55,100.0,86.1
8330,-18427.75,12696.8542,1.58,100.0,86.2
8331,-17954.65,3466.1658,1.58,98.0,86.4
8332,-18559.11,12019.0156,1.63,87.4,86.3
8333,-18044.89,1038.8421,1.54,100.0,86.3
8334,-18035.06,471.8103,1.54,100.0,86.5
8335,-18461.57,10429.7827,1.61,100.0,86.5
8336,-17959.96,1697.2861,1.59,100.0,86.6
8337,-18057.57,339.1103,1.59,99.4,86.8
8338,-18109.49,377.8095,1.53,100.0,86.7
8339,-17993.62,689.5378,1.55,100.0,86.6
8340,-17937.54,554.3307,1.56,100.0,86.7
8341,-18024.57,831.3042,1.56,100.0,86.8
8342,-18350.23,10900.2446,1.56,99.4,86.8
8343,-18068.8,373.3578,1.6,100.0,86.9
8344,-18043.57,248.7418,1.54,100.0,86.9
8345,-18048.07,89.0251,1.54,100.0,86.9
8346,-18360.71,10199.1321,1.55,100.0,86.9
8347,-18048.12,111.2569,1.52,100.0,86.9
8348,-18141.78,372.2139,1.55,100.0,87.0
8349,-18117.75,135.5608,1.58,100.0,87.0
8350,-18071.65,337.7635,1.56,99.1,87.1
8351,-18074.92,296.6948,1.53,100.0,87.1
8352,-18067.7,379.8405,1.52,100.0,87.1
8353,-18100.38,387.5342,1.56,100.0,87.2
8354,-18029.02,341.2588,1.57,100.0,87.2
8355,-18203.51,1422.8667,1.55,100.0,87.1
8356,-18195.35,1659.3569,1.52,100.0,87.1
8357,-18065.24,1585.0792,1.53,100.0,87.3
8358,-17920.07,2771.9597,1.57,100.0,87.2
8359,-18016.16,588.6849,1.59,100.0,87.3
8360,-17971.05,744.8444,1.59,98.8,87.4
8361,-18083.04,658.0371,1.58,100.0,87.2
8362,-18076.76,924.1632,1.55,100.0,87.3
8363,-18039.98,186.8342,1.57,100.0,87.4
8364,-18069.29,184.8529,1.6,100.0,87.4
8365,-18041.28,71.4598,1.53,100.0,87.5
8366,-18149.94,845.6307,1.55,100.0,87.4
8367,-17973.09,448.6635,1.65,100.0,88.1
8368,-17991.84,294.3922,1.56,100.0,88.2
8369,-18057.81,678.3107,1.58,100.0,88.1
8370,-18220.38,595.9497,1.53,100.0,88.1
8371,-18244.65,687.1551,1.53,100.0,88.0
8372,-18012.75,995.2558,1.56,100.0,87.9
8373,-18042.76,492.9467,1.57,100.0,88.0
8374,-18012.06,448.1532,1.54,100.0,88.0
8375,-17983.97,338.4748,1.58,100.0,88.0
8376,-18033.15,1277.0,1.56,100.0,87.9
8377,-17939.12,511.5516,1.6,100.0,88.0
8378,-17982.09,980.1367,1.56,100.0,87.8
8379,-18026.64,473.9629,1.55,100.0,87.8
8380,-18444.21,15639.3464,1.52,100.0,87.8
8381,-18028.4,1143.9067,1.5,100.0,87.5
8382,-18038.79,652.5708,1.52,100.0,87.4
8383,-18089.9,280.1795,1.59,100.0,87.4
8384,-17994.81,522.8978,1.6,100.0,87.4
8385,-18027.55,832.23,1.56,98.9,87.4
8386,-17955.89,1188.3669,1.57,100.0,87.4
8387,-17891.59,1540.6733,1.55,100.0,87.5
8388,-17907.27,1423.3075,1.56,100.0,87.4
8389,-18025.23,1562.7178,1.65,100.0,87.5
8390,-18109.17,1316.5194,1.54,100.0,87.4
8391,-18158.1,937.8375,1.52,100.0,87.4
8392,-18054.4,346.0751,1.54,100.0,87.5
8393,-18067.63,171.8032,1.54,100.0,87.4
8394,-18079.95,142.4714,1.53,100.0,87.3
8395,-18029.68,225.0703,1.52,100.0,87.3
8396,-18067.72,161.5267,1.56,100.0,87.2
8397,-18129.15,399.4995,1.55,100.0,87.3
8398,-18107.98,277.0452,1.55,100.0,87.4
8399,-18079.52,374.489,1.56,100.0,87.4
8400,-18083.77,105.1236,1.53,100.0,87.4
8401,-18087.66,296.231,1.59,100.0,87.6
8402,-18125.95,465.7887,1.57,84.8,87.5
8403,-18191.54,192.4416,1.53,100.0,87.6
8404,-18077.54,692.7117,1.52,100.0,87.6
8405,-18027.82,880.7517,1.57,100.0,87.6
8406,-18118.23,488.2011,1.59,100.0,87.7
8407,-18064.63,245.627,1.55,95.5,87.7
8408,-18085.85,97.235,1.54,100.0,87.7
8409,-18093.26,412.4961,1.5,100.0,87.6
8410,-18045.4,346.4404,1.58,100.0,87.7
8411,-18047.94,268.1827,1.61,98.6,87.8
8412,-18095.79,927.9172,1.57,96.5,88.0
8413,-17942.05,903.3591,1.53,100.0,87.8
8414,-17956.43,771.2361,1.53,100.0,87.8
8415,-18018.61,631.8725,1.56,100.0,87.9
8416,-17973.7,212.7587,1.56,100.0,87.9
8417,-18127.66,922.1395,1.51,100.0,88.1
8418,-18043.29,724.5385,1.5,100.0,88.0
8419,-17984.73,1210.2646,1.51,100.0,87.9
8420,-17904.7,1300.6611,1.51,100.0,88.0
8421,-18039.95,404.1524,1.53,100.0,88.1
8422,-18329.66,11456.2537,1.49,100.0,88.1
8423,-18049.81,387.1815,1.58,100.0,88.1
8424,-17946.22,1327.1192,1.58,98.4,88.3
8425,-18033.79,156.893,1.54,100.0,88.3
8426,-18072.24,108.3112,1.53,100.0,88.1
8427,-18112.0,529.0436,1.57,100.0,88.2
8428,-17971.85,1508.0762,1.58,98.4,88.3
8429,-18031.51,277.0937,1.59,92.0,88.4
8430,-17958.95,832.1576,1.52,100.0,88.5
8431,-18050.83,383.7001,1.51,100.0,88.4
8432,-18024.3,385.0604,1.56,100.0,88.5
8433,-18107.46,532.0679,1.62,100.0,88.3
8434,-17985.03,829.9363,1.61,98.9,87.7
8435,-17952.35,960.9765,1.57,99.5,87.6
8436,-18076.74,556.9622,1.52,100.0,87.8
8437,-17968.11,551.7725,1.58,100.0,87.6
8438,-17973.64,371.6568,1.61,97.7,87.5
8439,-18054.21,640.3371,1.58,97.0,87.6
8440,-17994.58,204.8026,1.54,100.0,87.5
8441,-18081.88,220.0299,1.51,100.0,87.6
8442,-18004.11,338.6139,1.55,100.0,87.6
8443,-18010.96,556.2493,1.57,100.0,87.6
8444,-18132.16,1945.3556,1.62,99.4,87.7
8445,-17962.94,361.1935,1.55,100.0,88.0
8446,-17978.89,384.7481,1.51,100.0,88.0
8447,-18063.46,469.0529,1.56,100.0,87.9
8448,-18016.1,196.7754,1.57,100.0,88.1
8449,-18041.27,171.3531,1.61,99.8,88.3
8450,-18008.17,166.9045,1.54,100.0,88.4
8451,-17978.67,103.8349,1.52,100.0,88.4
8452,-17989.98,441.3726,1.51,100.0,88.4
8453,-17941.6,304.6008,1.55,100.0,88.5
8454,-18054.85,612.2128,1.51,100.0,88.4
8455,-18000.36,556.4094,1.53,100.0,88.4
8456,-17881.25,707.761,1.51,100.0,88.5
8457,-18004.57,1751.2672,1.55,100.0,88.6
8458,-17855.43,425.8106,1.56,100.0,88.6
8459,-18199.63,12470.5825,1.51,100.0,88.8
8460,-18212.49,11748.8928,1.54,100.0,88.8
8461,-18271.48,10694.2014,1.54,100.0,88.7
8462,-18334.02,12448.1633,1.58,96.4,88.9
8463,-17975.61,1239.1588,1.55,99.2,89.0
8464,-18355.68,8207.2118,1.55,100.0,89.1
8465,-17930.57,2586.5768,1.55,100.0,89.2
8466,-17961.62,2143.2155,1.58,100.0,89.2
8467,-17840.9,1576.2128,1.57,99.5,89.2
8468,-17873.22,1062.3792,1.56,100.0,89.3
8469,-17884.44,794.4964,1.56,100.0,89.2
8470,-18396.18,13169.7083,1.55,100.0,89.2
8471,-17990.6,799.5013,1.62,98.5,89.4
8472,-18379.67,11830.7502,1.68,98.1,88.7
8473,-17902.3,1070.9657,1.55,98.5,88.3
8474,-17964.76,635.1718,1.57,100.0,88.3
8475,-17797.12,2183.8568,1.56,100.0,88.2
8476,-17791.87,1307.4956,1.56,100.0,88.3
8477,-17784.52,925.4185,1.56,100.0,88.2
8478,-17802.29,669.6853,1.58,100.0,88.2
8479,-17876.35,445.4007,1.55,100.0,88.3
8480,-17822.05,432.4449,1.53,100.0,88.3
8481,-17846.69,334.2075,1.6,100.0,88.4
8482,-17857.43,196.1391,1.57,99.6,88.4
8483,-17917.74,287.6945,1.57,100.0,88.5
8484,-17998.14,450.4782,1.56,100.0,88.4
8485,-18042.86,367.694,1.54,100.0,88.5
8486,-18016.11,169.4183,1.53,100.0,88.5
8487,-17981.91,437.0095,1.58,100.0,88.6
8488,-17960.54,1584.0219,1.54,100.0,88.8
8489,-18289.5,11663.1692,1.51,100.0,88.8
8490,-17894.46,526.6325,1.46,96.3,88.7
8491,-18240.98,11256.9631,1.53,99.8,88.7
8492,-18255.96,11684.3447,1.57,100.0,88.8
8493,-17919.81,1598.6017,1.54,100.0,88.8
8494,-17932.36,709.5781,1.5,100.0,88.9
8495,-17908.02,415.6493,1.52,100.0,88.9
8496,-17989.43,298.4431,1.57,100.0,88.8
8497,-17955.72,165.2596,1.61,98.9,88.6
8498,-17992.61,88.0173,1.66,100.0,88.7
8499,-17972.46,340.0585,1.53,100.0,88.5
8500,-18004.68,67.773,1.58,97.6,88.7
8501,-17933.66,289.2028,1.54,92.7,88.7
8502,-18111.96,690.2366,1.56,100.0,88.9
8503,-17999.85,76.1721,1.57,100.0,89.0
8504,-18086.04,1048.6242,1.54,100.0,89.0
8505,-18145.73,289.5492,1.55,100.0,89.3
8506,-18063.92,464.1953,1.55,100.0,89.5
8507,-18068.03,451.0439,1.61,97.6,89.4
8508,-17993.61,196.931,1.51,99.9,89.4
8509,-18126.12,742.6697,1.58,100.0,89.4
8510,-18078.59,559.9146,1.59,95.2,89.5
8511,-18064.65,286.4105,1.57,97.7,89.6
8512,-18101.6,374.2917,1.5,100.0,89.7
8513,-18112.1,96.6234,1.53,100.0,89.5
8514,-18056.91,614.7493,1.56,100.0,89.6
8515,-18083.56,173.8693,1.59,99.3,89.7
8516,-18048.56,615.882,1.54,100.0,89.9
8517,-18120.0,603.0013,1.51,98.6,89.8
8518,-18139.38,486.0248,1.53,100.0,89.9
8519,-18053.49,192.0361,1.57,100.0,90.0
8520,-18295.51,1269.6195,1.58,99.5,90.0
8521,-18333.3,1325.6997,1.58,100.0,90.1
8522,-18352.44,1024.4078,1.55,100.0,90.1
8523,-18341.8,663.7254,1.57,100.0,90.2
8524,-18042.4,2365.5547,1.55,100.0,90.2
8525,-17912.8,3769.0969,1.54,100.0,90.2
8526,-17960.15,1359.8735,1.5,100.0,90.3
8527,-17868.02,1033.7407,1.52,100.0,90.2
8528,-17943.19,1196.7382,1.56,99.9,89.8
8529,-17910.16,906.6133,1.55,100.0,89.9
8530,-18307.77,12503.5796,1.51,100.0,89.9
8531,-18338.33,13412.9375,1.5,100.0,89.8
8532,-17824.67,1621.1574,1.6,100.0,89.8
8533,-17848.25,1579.5833,1.6,99.5,89.8
8534,-17944.06,283.8065,1.6,98.5,89.7
8535,-17854.67,677.8976,1.53,99.9,89.7
8536,-17917.51,428.0586,1.55,100.0,89.6
8537,-18376.28,12836.1418,1.58,99.8,89.7
8538,-17887.98,501.3955,1.6,95.5,89.9
8539,-17868.89,450.0112,1.57,100.0,89.9
8540,-17919.62,184.2354,1.52,100.0,89.8
8541,-18311.21,12299.9219,1.54,100.0,89.9
8542,-18008.54,240.1183,1.56,100.0,89.9
8543,-18063.96,137.3513,1.61,98.5,90.0
8544,-18001.54,828.3429,1.57,100.0,90.0
8545,-18050.02,732.2712,1.51,100.0,90.0
8546,-17975.37,243.0423,1.56,100.0,90.0
8547,-17971.26,175.7769,1.59,100.0,90.1
8548,-17962.26,113.1016,1.64,94.6,90.1
8549,-18062.49,626.7601,1.56,100.0,90.1
8550,-18089.97,361.0616,1.51,100.0,90.1
8551,-18098.12,812.5703,1.57,100.0,90.2
8552,-17981.89,1357.1339,1.54,100.0,90.2
8553,-18289.74,14566.7395,1.52,100.0,90.3
8554,-18235.97,13920.8323,1.52,100.0,90.2
8555,-17849.83,1327.2495,1.57,100.0,90.2
8556,-17838.64,565.7201,1.56,100.0,89.7
8557,-17923.34,1272.0848,1.58,100.0,89.8
8558,-17860.03,263.7965,1.56,100.0,89.9
8559,-17974.04,1808.8531,1.52,100.0,89.9
8560,-17928.01,518.436,1.57,100.0,89.8
8561,-17904.73,489.0544,1.56,98.2,90.0
8562,-17887.79,287.8478,1.52,100.0,90.0
8563,-17865.38,250.4414,1.51,100.0,90.0
8564,-17929.32,739.3761,1.57,100.0,90.0
8565,-17951.46,643.6912,1.56,100.0,90.2
8566,-17960.24,560.8485,1.51,100.0,90.0
8567,-18000.92,1111.596,1.5,100.0,90.1
8568,-17842.15,998.8495,1.49,100.0,90.0
8569,-17927.85,1388.6076,1.61,100.0,89.6
8570,-17963.95,486.0614,1.58,100.0,89.7
8571,-18105.13,1053.6874,1.55,100.0,89.8
8572,-18057.52,416.8915,1.58,100.0,89.7
8573,-18079.31,349.1912,1.58,98.9,89.8
8574,-18094.69,241.3101,1.61,97.5,90.3
8575,-18082.3,335.7652,1.56,100.0,90.4
8576,-17992.59,454.6921,1.54,100.0,90.5
8577,-17961.98,504.6175,1.53,100.0,90.3
8578,-17862.65,914.8725,1.55,99.9,90.6
8579,-17921.48,899.7134,1.57,100.0,90.9
8580,-17753.04,745.4264,1.6,98.2,91.2
8581,-18300.97,14830.9517,1.52,100.0,91.0
8582,-17862.67,144.2703,1.6,100.0,91.1
8583,-18339.3,15962.9648,1.59,99.2,91.0
8584,-18319.52,14517.9241,1.54,96.8,91.1
8585,-18319.78,13558.0796,1.63,100.0,91.5
8586,-18372.12,13980.1992,1.52,100.0,91.5
8587,-18303.57,13914.6738,1.58,100.0,91.7
8588,-18203.19,10304.7612,1.54,98.8,91.8
8589,-18279.77,9031.375,1.5,100.0,91.7
8590,-18380.54,8242.574,1.55,97.9,91.1
8591,-18384.94,7169.8888,1.53,100.0,91.0
8592,-18262.22,4960.1021,1.56,100.0,91.1
8593,-18416.75,3882.4606,1.53,100.0,91.0
8594,-18316.91,2425.2707,1.49,99.0,90.1
8595,-18427.9,1460.8802,1.5,100.0,89.8
8596,-17959.16,12889.0825,1.55,100.0,88.5
8597,-17974.43,14053.0295,1.56,100.0,88.6
8598,-17958.36,11166.1799,1.51,100.0,88.7
8599,-18006.71,5210.5784,1.48,94.9,88.6
8600,-17899.28,5948.2983,1.56,99.8,88.6
8601,-17964.21,4404.7806,1.56,100.0,88.6
8602,-17859.29,2423.568,1.57,100.0,88.2
8603,-17836.64,1459.3958,1.56,100.0,88.2
8604,-17852.99,1178.7907,1.54,100.0,88.3
8605,-17876.8,1290.5964,1.58,99.4,88.4
8606,-17907.96,1222.6609,1.57,99.3,88.5
8607,-17836.94,1596.0568,1.59,100.0,88.5
8608,-18323.25,10758.1421,1.57,100.0,88.7
8609,-18158.86,8465.2695,1.6,100.0,88.9
8610,-18370.41,6632.9452,1.56,93.6,89.4
8611,-18287.26,5550.1611,1.52,99.1,89.5
8612,-18348.09,5198.6902,1.53,100.0,89.7
8613,-17762.64,6551.157,1.53,100.0,89.6
8614,-18377.4,3350.348,1.58,100.0,89.5
8615,-17866.49,6811.3667,1.63,98.5,89.7
8616,-17970.59,5185.069,1.57,100.0,89.6
8617,-17871.5,5960.7123,1.56,100.0,89.7
8618,-17919.22,3922.3028,1.63,100.0,89.7
8619,-17883.83,3849.5386,1.57,99.7,88.7
8620,-17929.73,3082.007,1.58,99.5,88.9
8621,-18067.17,2991.8442,1.55,100.0,89.0
8622,-17996.9,1916.0693,1.5,100.0,88.3
8623,-17864.73,4417.4535,1.53,100.0,88.4
8624,-17939.58,1621.2964,1.56,100.0,88.4
8625,-17929.93,2015.1991,1.54,100.0,88.4
8626,-17879.89,1282.9987,1.49,100.0,88.4
8627,-17969.5,2313.0738,1.51,100.0,88.6
8628,-17883.08,1080.902,1.54,100.0,88.3
8629,-18353.56,13733.1128,1.52,100.0,88.2
8630,-17917.09,752.2758,1.5,100.0,88.1
8631,-17905.57,523.6958,1.54,100.0,88.1
8632,-18015.29,1168.5705,1.58,100.0,88.1
8633,-18363.65,14272.5974,1.57,99.8,88.1
8634,-18349.22,9543.5208,1.53,100.0,88.1
8635,-17840.4,1536.0412,1.58,100.0,88.0
8636,-18428.54,10674.3313,1.56,100.0,87.9
8637,-18274.25,8983.5862,1.6,97.6,88.0
8638,-18400.1,9052.5515,1.6,99.5,88.1
8639,-18312.71,7368.2997,1.53,100.0,88.1
8640,-18306.39,7092.15,1.56,100.0,88.2
8641,-17950.31,2445.7501,1.57,95.5,88.1
8642,-17934.4,2315.2773,1.55,100.0,88.1
8643,-17977.62,2949.1038,1.54,100.0,88.0
8644,-17925.13,2947.9883,1.56,100.0,88.1
8645,-17903.96,4215.6845,1.58,100.0,88.1
8646,-18018.33,1851.984,1.61,95.8,88.3
8647,-17977.25,1811.0437,1.54,98.1,88.1
8648,-17986.11,1233.0245,1.52,100.0,88.2
8649,-17871.28,1609.5064,1.59,100.0,87.9
8650,-17871.43,1584.5388,1.6,97.2,87.9
8651,-17989.41,1511.239,1.56,96.9,87.9
8652,-17966.82,1228.5867,1.51,100.0,87.9
8653,-17847.12,1575.5405,1.54,100.0,88.1
8654,-17897.96,693.3527,1.56,100.0,88.1
8655,-17957.18,1511.3871,1.57,98.0,88.4
8656,-17940.78,1052.0189,1.6,99.2,88.5
8657,-17851.92,765.2206,1.51,100.0,88.5
8658,-17916.09,614.3172,1.57,100.0,88.6
8659,-17833.15,703.3923,1.58,100.0,88.5
8660,-17892.63,1205.9748,1.64,98.4,88.7
8661,-17737.84,586.8466,1.6,99.9,88.8
8662,-18249.25,10393.2495,1.53,100.0,88.8
8663,-17753.09,710.9608,1.55,100.0,88.8
8664,-18277.58,10117.6067,1.63,100.0,88.5
8665,-17845.7,1054.5762,1.51,100.0,88.5
8666,-17949.08,996.3784,1.49,100.0,88.7
8667,-17930.77,199.6341,1.55,100.0,88.7
8668,-17868.22,1607.7034,1.55,100.0,88.7
8669,-17809.91,2316.7817,1.54,100.0,88.4
8670,-17838.4,1822.4099,1.52,100.0,88.3
8671,-17934.55,1107.615,1.55,100.0,88.2
8672,-17850.8,529.6769,1.6,100.0,88.9
8673,-17888.34,255.3672,1.61,98.5,89.0
8674,-17850.75,687.6878,1.59,99.3,88.5
8675,-17893.83,196.8764,1.56,100.0,88.6
8676,-17793.18,492.3205,1.58,100.0,88.6
8677,-17868.62,747.9669,1.57,98.1,88.7
8678,-17943.26,1038.9592,1.55,100.0,88.5
8679,-17871.28,170.5228,1.53,100.0,88.5
8680,-17895.76,376.4397,1.53,100.0,88.5
8681,-17920.3,1044.3139,1.55,100.0,88.6
8682,-18294.11,13711.3499,1.54,100.0,88.5
8683,-17851.8,2604.6065,1.62,96.3,88.7
8684,-17926.11,1931.5599,1.55,100.0,88.7
8685,-17769.15,1573.9452,1.56,100.0,88.6
8686,-17845.44,792.1876,1.57,100.0,88.6
8687,-17846.43,940.2442,1.56,99.1,88.6
8688,-17799.31,590.1126,1.56,100.0,88.6
8689,-17824.86,2216.5044,1.5,100.0,88.7
8690,-17970.74,1776.1084,1.56,100.0,88.7
8691,-17931.49,623.9809,1.57,99.0,88.8
8692,-17985.9,662.0016,1.49,100.0,88.6
8693,-18032.96,406.5363,1.5,97.7,88.6
8694,-17967.87,545.2665,1.52,100.0,88.6
8695,-17903.45,751.5333,1.57,100.0,88.7
8696,-17977.89,282.0002,1.56,100.0,88.7
8697,-17886.88,883.4158,1.51,100.0,88.8
8698,-17932.76,327.8635,1.52,100.0,88.9
8699,-17950.05,958.9304,1.61,100.0,88.7
8700,-17976.89,813.0904,1.65,99.6,88.9
8701,-17855.32,1122.5972,1.58,95.8,88.7
8702,-17920.06,232.3981,1.52,100.0,88.9
8703,-17848.43,647.771,1.69,100.0,89.8
8704,-17854.55,647.8445,1.56,100.0,89.9
8705,-17842.12,578.9808,1.59,99.9,89.5
8706,-17856.17,293.9506,1.56,100.0,89.5
8707,-17997.91,1454.3628,1.51,100.0,89.4
8708,-17914.72,317.9997,1.54,100.0,89.4
8709,-17815.49,1553.9036,1.61,98.8,89.1
8710,-17830.26,940.8218,1.61,99.8,89.1
8711,-17945.29,773.7016,1.57,100.0,89.0
8712,-17835.26,363.8095,1.52,100.0,89.0
8713,-17787.42,858.2833,1.54,100.0,89.1
8714,-17819.12,270.6938,1.54,100.0,89.0
8715,-17777.54,257.9501,1.54,100.0,89.1
8716,-17698.72,231.292,1.49,100.0,89.2
8717,-17887.49,1663.1422,1.53,100.0,89.1
8718,-17911.28,955.1689,1.54,100.0,89.1
8719,-17908.96,577.1303,1.56,100.0,89.2
8720,-17843.8,1132.6005,1.53,100.0,89.1
8721,-18025.02,479.1963,1.52,100.0,89.1
8722,-17905.13,307.2485,1.53,100.0,89.2
8723,-17855.6,366.5498,1.57,100.0,89.1
8724,-17821.45,789.2516,1.57,100.0,89.2
8725,-17800.78,851.6804,1.55,100.0,89.3
8726,-17774.26,810.7179,1.54,100.0,89.3
8727,-17958.51,2241.6855,1.54,97.8,89.1
8728,-17913.32,850.9386,1.56,100.0,89.1
8729,-18027.3,1030.7424,1.54,100.0,89.0
8730,-18040.87,1044.7348,1.53,100.0,89.1
8731,-18040.31,995.7172,1.55,100.0,89.2
8732,-17970.24,848.6507,1.58,100.0,89.2
8733,-17978.33,732.7992,1.59,100.0,89.4
8734,-17999.52,1193.4725,1.58,98.2,89.5
8735,-17910.93,671.9014,1.58,99.5,89.4
8736,-18008.38,874.1475,1.55,100.0,89.4
8737,-17882.97,669.5772,1.56,100.0,89.4
8738,-17962.12,631.7546,1.56,100.0,89.5
8739,-18076.37,1135.1675,1.51,100.0,89.5
8740,-18068.35,509.5699,1.55,100.0,89.6
8741,-18074.17,366.8869,1.54,100.0,89.7
8742,-18183.35,1534.238,1.63,100.0,89.7
8743,-18142.1,462.9549,1.61,100.0,89.6
8744,-18095.81,180.7187,1.55,100.0,89.6
8745,-18038.72,406.6175,1.54,100.0,89.5
8746,-17997.34,196.9747,1.57,100.0,89.5
8747,-18101.71,860.491,1.56,100.0,89.6
8748,-18168.73,1164.6539,1.51,100.0,89.8
8749,-18022.59,304.832,1.57,100.0,89.8
8750,-18025.42,239.9578,1.46,100.0,88.8
8751,-18024.18,171.6835,1.5,100.0,88.7
8752,-18069.54,316.3714,1.5,100.0,88.7
8753,-18124.38,1425.5907,1.56,100.0,88.8
8754,-18082.63,1826.2252,1.56,100.0,89.0
8755,-18113.27,2390.3248,1.53,100.0,89.0
8756,-18120.25,2017.2367,1.6,100.0,89.0
8757,-18015.21,1045.5697,1.58,100.0,89.1
8758,-17988.29,1399.5098,1.6,100.0,89.2
8759,-18014.52,899.5588,1.56,95.4,89.1
8760,-18207.07,1902.0582,1.54,100.0,89.0
8761,-18044.01,463.3231,1.55,100.0,89.1
8762,-18049.83,336.9275,1.58,100.0,89.2
8763,-18003.58,208.5577,1.56,99.1,89.3
8764,-18144.89,1633.0255,1.49,100.0,89.3
8765,-18156.1,1705.5768,1.56,100.0,89.3
8766,-18156.15,2031.7904,1.57,100.0,89.3
8767,-18080.41,1462.0083,1.61,99.3,89.4
8768,-18078.04,424.3264,1.56,99.8,89.5
8769,-18058.16,651.3747,1.53,100.0,89.6
8770,-18171.12,1438.268,1.53,100.0,89.5
8771,-18127.55,762.5106,1.6,100.0,89.5
8772,-17724.24,2778.288,1.58,95.9,89.6
8773,-18039.49,478.4531,1.54,100.0,89.6
8774,-17720.56,1039.662,1.48,100.0,89.6
8775,-17771.52,1396.1572,1.58,100.0,89.8
8776,-17960.85,503.1937,1.59,100.0,89.9
8777,-18402.42,13248.3157,1.56,100.0,89.9
8778,-17791.17,805.3285,1.5,84.2,90.1
8779,-18043.33,191.9169,1.51,60.0,90.4
8780,-18102.18,266.3388,1.53,57.0,90.4
8781,-17854.95,1388.3327,1.55,55.4,90.5
8782,-17844.12,714.7437,1.52,54.2,90.5
8783,-18213.87,13231.2764,1.48,56.3,90.5
8784,-18295.46,12751.854,1.46,56.1,90.5
8785,-18223.58,10856.2539,1.53,55.7,90.9
8786,-18216.87,9173.4766,1.53,57.2,91.2
8787,-18154.29,8199.4055,1.46,54.5,91.1
8788,-18347.1,6877.3993,1.43,54.7,91.2
8789,-18391.35,5342.8983,1.45,55.4,91.3
8790,-18372.06,4581.1425,1.54,55.8,91.3
8791,-18364.62,5557.5992,1.54,57.1,91.3
8792,-18117.08,4429.8031,1.85,55.8,91.4
8793,-18102.9,3655.1741,1.55,54.3,91.5
8794,-18079.3,4114.122,1.56,57.5,91.6
8795,-18121.91,2672.823,1.49,54.0,91.6
8796,-18103.09,2671.6863,1.51,55.8,91.6
8797,-18075.97,510.7256,1.55,54.9,91.7
8798,-18051.07,390.3093,1.55,55.0,91.4
8799,-18186.97,2087.2236,1.52,54.0,91.3
8800,-18161.25,1128.7862,1.42,55.5,91.2
8801,-18498.81,12842.8589,1.46,54.8,91.4
8802,-18539.58,7420.4014,1.65,58.9,91.6
8803,-18527.66,5436.7028,1.67,60.2,92.2
8804,-18116.54,3233.2717,1.58,56.0,92.2
8805,-18038.7,4371.9637,1.51,56.5,92.4
8806,-18067.49,2577.0385,1.52,57.9,92.6
8807,-17944.76,2438.9271,1.5,55.6,92.7
8808,-17911.82,2958.3125,1.57,57.0,92.8
8809,-17836.36,1798.2569,1.58,57.2,92.9
8810,-17925.43,1329.6521,1.46,54.5,92.8
8811,-18390.89,6661.4948,1.45,55.9,92.8
8812,-18086.02,1380.585,1.52,54.4,92.9
8813,-17989.58,2927.5018,1.59,57.5,93.0
8814,-18042.62,2007.7027,1.6,56.4,93.0
8815,-17978.93,1539.6878,1.5,56.1,93.1
8816,-18196.59,3130.7675,1.48,54.3,93.1
8817,-18092.48,1480.5874,1.58,54.5,93.2
8818,-18111.48,1339.1495,1.52,56.1,93.3
8819,-18011.08,2484.8729,1.54,57.1,93.1
8820,-18095.09,758.7926,1.48,55.8,93.0
8821,-18106.9,1168.7342,1.46,55.1,93.0
8822,-18041.29,1169.4199,1.47,54.7,93.1
8823,-18123.4,221.4286,1.5,55.2,93.1
8824,-18435.11,10699.0405,1.93,54.3,93.2
8825,-18549.55,10665.4106,1.86,54.5,92.9
8826,-18200.93,396.7632,1.56,99.6,93.0
8827,-18202.07,258.6677,1.54,100.0,93.0
8828,-18238.85,307.6352,1.55,100.0,92.9
8829,-18205.67,175.4103,1.59,100.0,92.9
8830,-18108.46,652.608,1.56,99.9,92.0
8831,-18115.2,242.0268,1.53,100.0,92.0
8832,-18135.14,877.4457,1.55,100.0,92.1
8833,-18140.7,630.614,1.59,100.0,92.3
8834,-18205.65,1011.1101,1.61,99.6,92.1
8835,-18253.53,320.2244,1.57,98.1,92.1
8836,-18285.18,178.3066,1.6,100.0,92.2
8837,-18146.33,1050.8584,1.5,70.8,92.3
8838,-18709.18,12541.0864,1.55,54.0,92.5
8839,-18250.52,220.3054,1.52,54.0,92.5
8840,-18241.19,233.7591,1.47,54.2,92.7
8841,-18169.44,191.7359,1.43,53.8,92.5
8842,-18157.35,534.5135,1.43,54.1,92.6
8843,-18249.89,473.4439,1.52,54.7,92.6
8844,-18209.39,55.7659,1.55,53.4,92.6
8845,-18198.68,195.6515,1.49,53.9,92.7
8846,-18076.38,1251.7422,1.51,55.3,92.8
8847,-18560.74,14609.1025,1.5,54.2,92.9
8848,-18448.33,11540.0024,1.56,55.5,93.1
8849,-18066.47,1057.8949,1.56,54.3,93.1
8850,-18111.72,701.5409,1.48,54.4,93.1
8851,-18138.71,1104.2405,1.49,54.8,93.2
8852,-18075.18,394.6702,1.46,54.8,93.2
8853,-18165.93,1208.0891,1.47,54.7,93.3
8854,-18204.41,603.874,1.51,53.8,93.4
8855,-18096.78,343.6911,1.57,54.2,93.3
8856,-18072.27,335.881,1.61,55.4,93.4
8857,-18140.46,1882.5536,1.5,54.4,93.4
8858,-18118.61,2464.4814,1.45,53.8,93.4
8859,-18036.57,310.3355,1.48,53.9,93.4
8860,-18184.08,370.187,1.57,54.6,93.5
8861,-18506.96,10783.2031,1.91,53.3,93.5
8862,-18085.12,1153.0859,1.46,54.3,93.5
8863,-18443.99,9694.4229,1.53,55.2,93.6
8864,-18418.26,8775.6592,1.45,54.9,93.6
8865,-18377.13,7736.1696,1.59,54.3,93.7
8866,-18384.74,6907.8655,1.57,53.9,93.8
8867,-18555.52,6643.9266,1.53,54.2,93.8
8868,-18030.58,2480.3143,1.44,53.9,93.8
8869,-18092.36,1669.7198,1.48,54.8,93.8
8870,-17907.66,2690.0624,1.49,55.8,93.9
8871,-17977.12,2155.1438,1.58,55.4,94.0
8872,-18062.33,2666.6097,1.59,54.8,94.0
8873,-18113.3,1680.2359,1.47,55.6,94.0
8874,-18161.34,1054.1862,2.09,54.3,93.3
8875,-18125.87,1158.1968,1.65,55.2,93.2
8876,-18146.84,1206.5347,1.63,49.5,92.4
8877,-18130.67,670.1814,1.56,54.7,92.6
8878,-18124.27,274.024,1.51,53.9,92.6
8879,-18220.74,494.0382,1.43,53.7,91.8
8880,-18203.1,430.9933,1.54,54.4,91.9
8881,-18123.46,609.5573,1.55,54.0,91.9
8882,-18189.95,173.0917,1.49,53.8,91.9
8883,-18159.33,269.2804,1.91,50.8,91.8
8884,-18216.91,224.6349,1.5,52.8,91.6
8885,-18200.64,260.0111,1.47,53.6,91.7
8886,-18158.96,407.225,1.46,54.2,91.8
8887,-18220.69,308.905,1.52,53.5,91.8
8888,-18165.99,232.7065,1.54,54.1,91.9
8889,-18162.97,122.3076,1.51,54.5,91.7
8890,-18211.87,389.6534,1.48,54.2,91.8
8891,-18179.65,129.3246,1.44,54.0,91.9
8892,-18169.56,156.5089,1.57,53.9,92.0
8893,-18201.71,212.2413,1.56,54.0,91.9
8894,-18202.64,127.9288,1.58,56.7,92.0
8895,-18193.51,241.6329,1.55,56.7,92.3
8896,-18162.43,151.2184,1.45,61.5,92.4
8897,-18168.62,220.463,1.54,100.0,92.4
8898,-18190.04,155.2202,1.55,100.0,92.4
8899,-18228.75,515.7293,1.6,62.3,92.6
8900,-18173.26,124.0027,1.5,54.5,92.6
8901,-18058.54,1218.1381,1.44,54.5,92.7
8902,-18249.01,1060.1022,1.46,54.2,92.7
8903,-18158.99,549.2576,1.46,54.4,92.7
8904,-18172.75,298.9984,1.55,54.8,92.8
8905,-18192.02,146.6238,1.46,54.4,92.4
8906,-18224.36,261.8106,1.41,54.4,92.3
8907,-18212.91,107.2308,2.65,49.8,88.6
8908,-18094.88,512.3953,1.5,54.7,88.7
8909,-18122.54,389.5295,1.41,54.5,88.7
8910,-18143.91,87.602,1.4,54.7,88.6
8911,-18132.88,40.1788,1.49,54.6,88.7
8912,-17969.15,895.2367,1.47,54.4,88.7
8913,-18263.11,11628.729,1.41,53.5,88.9
8914,-17876.12,357.145,1.38,54.8,89.0
8915,-17961.98,581.641,1.41,55.1,88.9
8916,-18083.16,1363.8607,1.49,54.0,88.8
8917,-18136.71,1448.0559,1.54,54.2,87.7
8918,-17951.98,733.8775,1.5,54.4,87.8
8919,-18131.65,344.7127,1.46,53.9,87.7
8920,-18083.27,175.549,1.41,55.0,87.8
8921,-18130.25,199.2686,1.45,54.5,88.0
8922,-18059.05,666.5981,1.41,53.8,87.1
8923,-18212.14,2049.6837,1.38,54.9,87.1
8924,-18216.18,1526.0561,1.46,54.8,87.2
8925,-18092.93,1052.1642,1.49,54.8,87.2
8926,-18155.84,385.6933,1.47,54.5,87.3
8927,-18127.17,590.3227,1.53,53.8,87.4
8928,-18048.31,712.6754,1.4,54.6,87.3
8929,-18115.52,319.872,1.5,53.9,87.2
8930,-18113.06,254.7431,1.48,55.0,87.2
8931,-18113.06,182.4582,1.47,54.7,87.4
8932,-18109.42,104.2345,1.48,54.5,87.5
8933,-18191.04,392.6183,1.4,53.8,87.5
8934,-18527.46,13928.8042,1.41,54.4,87.5
8935,-18163.86,162.2245,1.44,54.3,87.6
8936,-18169.14,618.4322,1.41,54.5,87.5
8937,-18129.4,166.9586,1.42,53.4,87.6
8938,-18099.88,102.6189,1.42,55.0,87.6
8939,-18154.19,294.6264,1.48,54.1,87.5
8940,-18150.24,278.8004,1.5,55.3,87.6
8941,-18105.53,363.8656,1.51,54.8,87.6
8942,-18077.24,397.5154,1.54,54.8,87.7
8943,-18489.35,12620.9949,1.46,54.3,87.6
8944,-18496.01,11821.6838,1.41,54.1,87.6
8945,-18016.45,856.9187,1.42,54.7,87.6
8946,-18137.15,1081.3028,1.47,55.1,87.6
8947,-18148.13,568.7271,1.46,53.9,87.6
8948,-18062.81,695.4815,1.46,54.9,87.7
8949,-18171.23,181.253,1.45,55.5,87.8
8950,-18096.95,567.6715,1.44,54.9,87.8
8951,-18128.48,149.8141,1.54,54.3,87.8
8952,-18152.48,255.1923,1.53,54.7,87.8
8953,-18096.31,261.2404,1.48,54.1,87.9
8954,-18076.29,280.1417,1.42,54.7,87.9
8955,-18081.21,353.9859,1.4,55.0,87.9
8956,-18110.38,192.7784,1.48,53.9,87.8
8957,-18135.51,255.2298,1.41,53.8,87.9
8958,-18181.25,355.8503,1.39,54.2,87.8
8959,-18219.9,309.5958,1.39,53.3,88.0
8960,-18410.15,1080.1477,1.4,54.3,88.0
8961,-18357.74,309.8521,1.4,54.2,88.0
8962,-18158.0,1801.2849,1.43,54.0,88.0
8963,-18181.38,891.6145,1.41,52.8,87.8
8964,-18496.73,5864.7412,1.43,54.6,87.9
8965,-18506.8,4741.3443,1.44,53.5,87.9
8966,-18437.11,850.7938,1.42,53.5,88.0
8967,-18451.75,631.1431,1.4,54.9,88.0
8968,-18478.91,365.263,1.41,53.9,87.9
8969,-18536.45,627.8995,1.43,53.7,88.0
8970,-18535.82,496.17,1.38,53.5,88.0
8971,-18526.78,377.8188,1.39,54.5,88.0
8972,-18535.82,272.041,1.39,53.6,88.1
8973,-18473.23,256.6944,1.45,54.6,88.1
8974,-18407.98,626.6065,1.45,50.1,87.8
8975,-18443.64,178.7757,1.47,49.0,87.7
8976,-18463.53,661.0033,1.46,54.5,87.8
8977,-18443.57,124.7215,1.4,53.8,87.8
8978,-18426.34,297.7455,1.36,53.9,87.9
8979,-18199.36,2719.8214,32.83,53.8,86.4
8980,-18159.16,2544.3505,1.52,52.1,86.4
8981,-18199.36,1162.2691,1.42,54.7,86.5
8982,-18160.64,1111.9759,1.45,54.2,86.5
8983,-18111.31,532.3521,1.47,54.4,86.0
8984,-18155.85,317.1664,1.51,54.9,86.0
8985,-18119.75,254.0391,1.48,54.6,86.0
8986,-18166.52,170.5446,1.43,53.7,85.9
8987,-18429.62,7642.4379,1.4,54.9,86.0
8988,-18450.86,5787.4915,1.4,55.1,86.0
8989,-18453.56,2677.2366,1.51,53.6,86.2
8990,-18437.84,2095.0551,1.49,54.5,86.1
8991,-18402.02,2165.9048,1.45,53.9,86.1
8992,-18422.08,1316.7476,1.49,55.1,86.1
8993,-18232.02,1340.0567,1.43,54.0,86.1
8994,-18159.36,1088.976,1.49,54.3,86.1
8995,-18225.38,718.8413,1.5,55.5,86.2
8996,-18157.84,619.5908,1.47,55.1,86.2
8997,-18316.69,1520.8131,1.47,54.1,86.1
8998,-18104.37,575.8371,1.44,55.0,86.2
8999,-18158.46,394.5172,1.42,54.7,86.1
9000,-18189.46,429.8178,1.51,55.3,86.2
9001,-18157.24,145.4653,1.52,53.9,86.2
9002,-18163.4,99.2441,1.55,52.2,85.9
9003,-18175.47,239.9625,1.51,53.4,85.8
9004,-18181.34,305.0661,1.48,55.5,85.9
9005,-18124.86,368.2628,1.42,54.7,86.0
9006,-18200.87,379.9039,1.44,54.3,85.8
9007,-18196.24,527.6566,1.48,54.8,85.9
9008,-18131.02,262.1982,1.45,55.0,86.0
9009,-18182.86,68.9907,1.54,54.6,86.0
9010,-18413.02,2715.4133,1.53,54.3,86.0
9011,-18369.81,1529.5807,1.44,55.0,86.0
9012,-18363.94,705.8115,1.5,53.8,86.1
9013,-18221.74,1709.1279,1.52,55.2,86.1
9014,-18349.13,619.4761,1.54,54.0,86.0
9015,-18198.88,1140.0958,1.48,53.6,86.1
9016,-18157.29,1363.7177,1.38,54.4,86.0
9017,-18148.39,559.307,1.41,54.4,86.2
9018,-18190.15,638.941,1.48,54.8,86.2
9019,-18125.81,278.3857,1.49,54.5,86.3
9020,-18159.37,94.8734,1.51,53.8,86.2
9021,-18120.1,106.8587,1.39,54.2,86.2
9022,-18149.47,527.8007,1.44,56.1,86.2
9023,-18205.55,272.1129,1.45,54.4,86.2
9024,-18319.42,2185.1401,1.47,53.2,86.3
9025,-18192.5,580.3839,1.42,53.8,86.3
9026,-18213.7,488.5351,1.64,53.6,87.4
9027,-18213.7,243.7389,1.41,54.2,87.4
9028,-18140.13,160.349,1.4,54.1,87.5
9029,-18146.47,343.9951,1.42,54.4,87.4
9030,-18088.02,123.306,1.42,54.0,87.5
9031,-18034.65,396.4159,1.42,54.0,87.6
9032,-18133.71,529.1426,1.49,52.9,87.6
9033,-18525.94,12944.771,1.46,54.2,87.5
9034,-18065.3,307.4043,1.48,54.4,87.5
9035,-18075.71,200.7206,1.48,54.8,87.6
9036,-17981.6,488.456,1.43,55.2,87.6
9037,-18372.06,13182.3945,1.47,54.3,87.6
9038,-18291.37,12961.9038,1.39,54.8,87.6
9039,-18306.71,7414.4977,1.47,54.1,87.6
9040,-17952.7,2593.2415,1.46,55.0,87.6
9041,-17993.62,2276.73,1.48,55.2,87.7
9042,-17844.77,2486.1472,1.54,54.9,87.8
9043,-17866.58,1515.5455,1.41,53.3,87.7
9044,-17921.18,1205.3958,1.46,54.7,87.6
9045,-17942.19,928.6071,1.44,54.2,87.8
9046,-17779.5,872.9838,1.46,54.7,87.9
9047,-17811.19,582.38,1.47,54.4,87.8
9048,-17893.41,415.2579,1.45,54.2,87.8
9049,-18320.44,14762.0935,1.42,54.0,87.8
9050,-18320.44,13124.4714,1.41,55.0,87.8
9051,-18293.2,10724.2368,1.39,53.7,87.9
9052,-17976.27,2934.2878,1.41,53.9,87.8
9053,-17927.97,1226.7366,1.44,52.4,88.0
9054,-17837.44,792.0413,1.45,51.9,87.9
9055,-17832.23,960.3066,1.46,53.8,88.0
9056,-17834.8,479.6792,1.38,53.6,88.0
9057,-17926.18,585.9594,1.4,54.5,88.0
9058,-17907.89,540.2201,1.42,54.9,88.0
9059,-17853.62,562.6618,1.42,53.4,88.0
9060,-17903.83,275.3769,1.39,53.3,88.1
9061,-17892.99,476.8014,1.35,53.8,88.1
9062,-17950.33,350.0594,1.38,54.0,88.2
9063,-17963.84,159.8169,1.43,54.6,88.2
9064,-18102.08,541.1987,1.52,53.8,88.0
9065,-17942.46,644.6983,1.53,53.7,87.8
9066,-17948.25,638.2175,1.46,54.7,87.9
9067,-17927.01,425.2238,1.39,54.3,88.0
9068,-17927.9,279.7943,1.48,54.8,88.0
9069,-18027.8,1006.8557,1.53,54.8,88.0
9070,-17999.49,1244.3582,1.48,52.5,88.0
9071,-18030.8,324.4859,1.44,54.5,88.1
9072,-17984.58,468.8365,1.36,54.2,88.2
9073,-17980.26,354.218,1.41,54.8,88.2
9074,-17964.0,192.7309,1.49,54.9,88.1
9075,-17940.5,406.9418,1.55,55.6,88.2
9076,-17914.32,477.1858,1.53,53.9,88.2
9077,-17778.41,558.6829,1.43,54.6,88.2
9078,-17837.91,492.9524,1.44,54.2,88.3
9079,-17838.67,542.2268,1.5,54.7,88.2
9080,-17898.83,900.4369,1.54,52.9,88.1
9081,-17837.41,473.1959,1.48,54.9,88.1
9082,-17865.77,557.653,1.41,54.1,88.1
9083,-17880.88,265.1672,1.41,53.9,88.1
9084,-17904.16,314.6722,1.47,55.0,88.2
9085,-17840.32,385.1914,1.5,53.9,88.2
9086,-17875.21,237.5348,1.46,55.0,88.2
9087,-17891.31,196.4977,1.42,53.9,88.4
9088,-17937.49,1479.7807,1.42,54.7,88.3
9089,-17817.46,671.8208,1.48,53.6,88.2
9090,-17810.89,1547.3077,1.52,54.6,88.3
9091,-18080.61,11046.979,1.53,52.9,88.3
9092,-18197.53,11583.228,1.47,54.3,88.4
9093,-18139.58,10498.7686,1.42,54.6,88.4
9094,-18176.33,9242.7729,1.44,54.2,88.4
9095,-18159.17,7239.5604,1.46,55.3,88.3
9096,-18185.16,8648.4097,1.45,54.7,88.5
9097,-18269.31,6748.024,1.45,55.3,88.5
9098,-18275.56,5855.2032,1.49,54.1,88.6
9099,-18218.01,4234.2773,1.45,54.5,88.6
9100,-18449.62,7812.785,1.47,55.4,88.7
9101,-18324.57,6030.2516,1.5,53.7,88.9
9102,-18178.47,3744.5394,1.47,54.4,88.8
9103,-18113.79,3221.0947,1.48,54.1,88.8
9104,-18086.12,2636.688,1.43,55.9,88.7
9105,-18088.43,2548.6322,1.45,54.3,88.8
9106,-17991.09,2039.3645,1.43,54.8,88.9
9107,-17901.6,1729.9134,1.44,53.7,89.0
9108,-17925.61,1457.6324,1.43,55.1,89.1
9109,-18013.52,2620.3647,1.5,54.4,88.9
9110,-17956.05,823.6664,1.44,55.0,88.9
9111,-17794.76,919.4929,1.47,55.0,89.0
9112,-17703.1,663.2106,1.49,55.1,89.1
9113,-17636.58,670.8346,1.48,54.5,89.2
9114,-17796.92,922.8921,1.5,54.5,89.2
9115,-17849.11,443.2697,1.45,53.9,89.2
9116,-17887.51,816.7125,1.44,54.6,89.2
9117,-17816.17,447.4532,1.41,55.5,89.2
9118,-17807.67,329.1574,1.46,54.7,89.4
9119,-17908.33,305.4415,1.53,54.4,89.4
9120,-17783.43,261.5933,1.52,53.5,89.4
9121,-17781.54,95.7312,1.47,54.1,89.5
9122,-17763.74,169.2725,1.45,54.4,89.4
9123,-17850.76,771.0126,1.44,54.6,89.6
9124,-17952.04,524.4997,1.51,55.2,89.5
9125,-18133.47,2467.6143,1.51,54.1,89.6
9126,-18061.41,1135.747,1.45,54.2,89.6
9127,-17926.47,870.0763,1.38,53.9,89.7
9128,-18025.76,610.2829,2.33,50.9,89.8
9129,-18051.58,309.2373,1.48,53.5,89.7
9130,-18194.15,1713.4432,1.44,54.6,89.8
9131,-18342.62,4151.3697,1.4,54.7,89.8
9132,-18297.73,1149.7017,1.46,54.8,89.9
9133,-18140.68,2699.2177,1.47,54.4,89.9
9134,-18076.08,2691.9659,1.45,54.3,90.0
9135,-18141.99,505.2874,1.45,53.9,89.7
9136,-18145.16,188.3875,1.43,54.6,89.2
9137,-18167.31,355.0422,1.48,54.5,89.4
9138,-18342.57,1182.1716,1.52,54.6,89.3
9139,-18240.02,460.2846,1.5,53.4,89.3
9140,-18245.63,381.4742,1.47,54.5,89.3
9141,-18175.85,320.6874,1.44,54.0,89.3
9142,-18217.23,325.1504,1.42,54.8,89.4
9143,-18205.67,195.2646,1.48,54.2,89.4
9144,-18265.24,321.0514,1.45,55.2,89.4
9145,-18292.04,230.3805,1.53,54.5,89.5
9146,-18177.9,1882.8509,1.57,55.0,89.5
9147,-18108.3,1621.495,1.47,53.7,89.6
9148,-18065.76,887.922,1.45,53.4,89.5
9149,-18137.83,166.0905,1.48,54.7,89.6
9150,-18101.4,126.7754,1.46,54.4,89.5
9151,-18142.24,117.8612,1.49,53.9,89.6
9152,-18118.44,102.1824,1.46,54.8,89.7
9153,-18126.22,142.5684,1.4,54.8,89.6
9154,-18190.78,350.5483,1.43,54.9,89.7
9155,-18135.26,320.8386,1.47,55.0,89.8
9156,-18053.99,574.6525,1.51,54.2,89.8
9157,-18043.02,194.4993,1.51,54.3,89.5
9158,-17961.78,240.9023,1.46,54.8,89.5
9159,-17969.59,101.3209,1.41,54.4,89.5
9160,-18002.08,94.9504,1.41,54.8,89.6
9161,-18001.84,127.7542,1.48,54.4,89.6
9162,-18082.79,368.6108,1.41,54.1,89.6
9163,-18001.36,156.4635,1.4,53.8,89.7
9164,-18129.69,228.9218,1.37,54.0,89.6
9165,-18118.77,65.1773,1.37,53.8,89.7
9166,-18053.18,148.7833,1.42,54.1,89.7
9167,-18104.6,109.1186,1.44,54.1,89.7
9168,-18224.97,324.484,1.45,52.9,89.5
9169,-18106.68,378.1375,1.45,53.8,89.6
9170,-18025.12,422.1373,1.44,54.4,89.6
9171,-17970.33,266.8819,1.5,54.7,89.7
9172,-17929.93,234.3745,1.46,55.0,89.8
9173,-18057.75,419.1518,1.39,54.5,89.7
9174,-18083.28,311.8857,1.4,53.9,89.8
9175,-17944.26,435.3048,1.38,54.7,89.8
9176,-17964.42,354.7488,1.43,53.7,89.9
9177,-17955.98,164.0884,1.44,54.5,89.9
9178,-17930.12,158.0734,1.45,55.3,90.0
9179,-17950.69,414.49,1.5,54.2,89.9
9180,-17873.42,247.3187,1.45,55.0,90.0
9181,-17804.68,294.486,1.43,54.8,90.0
9182,-17799.19,194.2015,1.48,54.6,90.1
9183,-17806.98,449.6026,1.47,54.2,90.2
9184,-17909.67,366.1914,1.47,55.5,90.1
9185,-17901.46,284.9467,1.44,54.3,90.1
9186,-17886.67,297.5121,1.4,53.7,90.1
9187,-17907.76,244.364,1.35,53.6,90.1
9188,-17883.64,145.5341,1.48,54.3,90.2
9189,-17860.0,223.3954,1.49,53.8,89.6
9190,-17863.47,149.2399,1.41,54.6,89.7
9191,-17866.0,274.0079,1.43,54.4,89.5
9192,-17877.82,86.5246,1.43,54.9,89.6
9193,-17873.21,123.9871,1.45,53.8,89.7
9194,-17808.16,224.7058,1.38,53.7,89.7
9195,-17791.74,209.9282,1.32,52.8,89.7
9196,-17776.28,146.4368,1.33,53.8,89.7
9197,-17708.54,280.3105,1.38,53.3,89.7
9198,-17778.74,97.2928,1.39,53.9,89.7
9199,-17735.93,36.5473,1.39,53.0,89.7
9200,-17694.5,248.5879,11.0,53.1,89.7
9201,-17663.84,130.9515,1.35,53.6,89.7
9202,-17638.83,1195.602,1.37,53.9,89.7
9203,-17666.91,580.1732,1.38,54.8,89.7
9204,-17575.37,368.3128,1.39,54.7,89.7
9205,-17630.26,126.0584,1.39,53.8,89.7
9206,-17690.99,499.6843,1.37,54.4,89.8
9207,-17679.9,714.2896,1.45,54.1,89.9
9208,-17679.9,417.2156,1.41,52.7,89.8
9209,-17596.66,233.6308,1.39,52.9,89.7
9210,-17590.45,254.8212,1.39,54.4,89.8
9211,-17613.81,213.677,1.37,53.9,89.9
9212,-17624.76,112.4409,1.42,53.5,89.9
9213,-17813.21,696.3613,1.48,52.4,90.0
9214,-17793.17,381.9578,1.45,53.8,90.0
9215,-17861.37,222.7564,1.46,54.1,88.8
9216,-17879.74,83.5749,1.46,54.2,89.0
9217,-17758.53,848.8469,1.41,55.2,89.1
9218,-17742.5,978.1833,1.48,53.5,88.7
9219,-17733.86,814.2344,1.49,54.9,88.7
9220,-17703.3,386.3998,1.47,54.8,88.6
9221,-17746.2,112.806,1.41,54.8,88.7
9222,-17734.94,131.9924,1.45,54.4,88.8
9223,-17761.2,69.5023,1.47,54.6,88.8
9224,-17797.61,155.6724,1.44,54.2,88.9
9225,-17754.1,38.0489,1.46,54.2,89.0
9226,-17698.99,172.0514,1.43,54.2,88.9
9227,-17708.34,241.1027,1.43,54.7,88.9
9228,-17716.15,246.2556,1.48,54.8,88.9
9229,-17736.9,146.8038,1.52,54.7,88.9
9230,-17670.68,193.925,1.43,54.6,89.0
9231,-17627.57,147.3918,1.45,54.2,89.0
9232,-17602.64,220.2304,1.39,54.2,89.1
9233,-17620.47,142.3542,1.38,53.9,88.9
9234,-17591.58,177.2114,1.42,54.8,88.9
9235,-17556.6,197.7361,1.38,54.2,89.0
9236,-17584.95,102.5682,1.35,54.3,89.1
9237,-17586.09,288.8199,1.32,53.8,89.1
9238,-17596.68,46.4214,1.34,54.2,89.1
9239,-17636.69,74.6316,1.38,54.2,89.1
9240,-17688.84,326.482,1.41,54.7,89.2
9241,-17573.32,1404.7491,1.34,53.8,89.2
9242,-17609.87,705.7471,1.33,53.4,89.2
9243,-17597.35,417.2401,1.36,53.6,89.2
9244,-17634.83,333.7888,1.37,51.3,89.0
9245,-17623.18,251.1148,1.39,53.6,89.1
9246,-17565.28,325.116,1.4,53.2,89.1
9247,-17588.36,831.7078,1.38,53.6,89.0
9248,-17584.4,582.9372,1.4,53.1,89.1
9249,-17609.47,260.0163,1.4,53.5,89.0
9250,-17672.92,228.309,1.39,53.4,89.1
9251,-17781.87,467.6196,1.41,53.6,89.1
9252,-17808.96,395.2607,30.1,53.0,89.3
9253,-17697.99,541.0184,1.36,53.8,89.4
9254,-17717.24,214.859,1.4,54.0,89.4
9255,-17717.54,97.1637,1.42,54.1,89.4
9256,-17736.46,95.5381,1.38,54.2,89.4
9257,-17708.14,69.4045,1.33,54.8,89.4
9258,-17682.59,196.1548,1.4,53.4,89.4
9259,-17722.64,98.8285,1.4,53.7,89.4
9260,-17706.63,175.9739,1.42,50.6,89.5
9261,-17736.46,65.418,1.42,54.2,89.5
9262,-17706.63,139.4494,1.38,53.9,89.5
9263,-17766.13,128.3093,1.4,53.3,89.6
9264,-17742.13,16.9571,1.44,53.6,89.6
9265,-17725.56,127.9834,1.42,53.1,89.7
9266,-17783.14,158.3259,1.42,53.0,89.6
9267,-17791.18,243.2125,1.37,54.5,89.7
9268,-17716.92,94.4586,1.34,53.9,89.8
9269,-17714.84,254.7244,1.41,54.7,89.7
9270,-17700.83,143.9588,1.46,54.3,89.8
9271,-17651.77,112.811,1.48,53.1,89.8
9272,-17646.93,86.2937,1.47,54.1,89.8
9273,-17642.52,250.3692,1.43,54.0,89.9
9274,-17686.63,306.0369,1.42,54.6,89.9
9275,-17691.98,581.4077,1.5,54.4,90.0
9276,-17750.83,1100.7718,1.52,54.9,90.0
9277,-17675.87,682.2908,1.5,52.7,89.9
9278,-17652.87,1042.2118,1.41,54.2,89.9
9279,-17691.22,712.6994,1.39,54.4,89.9
9280,-17603.78,613.2379,1.44,54.0,89.9
9281,-17563.73,1865.9745,1.42,54.7,90.0
9282,-17550.49,727.1714,1.42,53.9,90.0
9283,-17635.79,1228.9675,1.38,53.7,90.0
9284,-17549.51,188.2145,1.37,54.2,89.9
9285,-17570.96,97.4114,1.44,54.2,90.0
9286,-17574.0,87.9524,1.47,54.3,90.1
9287,-17682.22,469.9345,1.46,53.8,89.9
9288,-17760.3,1128.5293,1.42,53.8,90.1
9289,-17666.12,942.6461,1.39,54.0,90.1
9290,-17781.45,408.2916,1.36,54.4,90.1
9291,-17717.95,485.457,1.39,54.8,90.2
9292,-17728.95,205.0599,1.38,53.3,90.2
9293,-17683.76,242.9456,1.34,54.1,90.2
9294,-17655.69,185.6077,1.32,54.6,90.2
9295,-17675.01,1127.3096,1.38,54.2,90.1
9296,-17634.33,262.0798,1.37,53.9,90.2
9297,-17663.42,368.8585,1.38,52.3,90.2
9298,-17617.08,68.5426,1.37,53.3,90.1
9299,-17594.39,61.4241,1.35,53.0,90.2
9300,-17518.08,408.117,1.37,53.7,90.2
9301,-17711.56,6663.1569,1.41,52.8,90.2
9302,-17732.6,4947.5801,1.4,53.0,90.2
9303,-17513.19,644.3994,1.36,53.2,90.2
9304,-17506.92,518.1806,1.31,53.1,90.2
9305,-17497.97,299.9635,15.12,53.2,89.9
9306,-17514.35,207.2136,1.53,50.8,89.8
9307,-17529.26,95.1407,1.52,52.8,89.8
9308,-17761.38,3816.3392,1.41,53.2,89.8
9309,-17568.06,541.4749,1.4,54.9,89.9
9310,-17521.82,1282.7621,1.47,54.4,89.9
9311,-17576.85,155.5303,1.47,55.3,89.9
9312,-17544.67,219.8273,1.43,53.7,89.9
9313,-17565.07,129.9947,1.4,54.5,90.0
9314,-17543.0,124.7399,1.39,54.9,90.0
9315,-17582.8,283.5529,1.48,55.1,90.1
9316,-17520.84,50.5576,1.54,55.1,90.2
9317,-17566.92,1087.8936,1.51,53.5,90.2
9318,-17568.3,332.6518,1.46,53.9,90.3
9319,-17551.92,150.0631,1.41,54.1,90.3
9320,-17551.92,50.3303,1.44,54.9,90.3
9321,-17579.1,430.7825,1.51,55.1,90.3
9322,-17547.52,90.616,1.46,54.8,90.5
9323,-17575.61,808.7233,1.43,53.8,90.5
9324,-17713.29,3297.1683,1.37,53.7,90.1
9325,-17717.36,2618.1632,1.4,54.2,88.8
9326,-17732.01,1851.4432,1.46,55.7,88.8
9327,-17741.8,1132.2077,1.48,55.1,89.1
9328,-17712.8,714.0816,1.46,54.3,89.1
9329,-17723.14,449.8623,1.4,55.0,89.2
9330,-17689.58,175.9977,1.43,53.5,89.2
9331,-17705.35,162.0532,1.44,54.4,89.0
9332,-17730.48,242.6814,1.45,55.8,89.1
9333,-17685.59,752.8098,1.45,54.2,89.2
9334,-17620.09,2288.6921,1.4,55.2,89.2
9335,-17592.78,1174.6295,1.41,54.4,89.3
9336,-17600.33,733.0564,1.42,54.3,89.3
9337,-17634.1,550.1074,1.44,54.6,89.3
9338,-17632.34,264.03,1.47,54.1,89.3
9339,-17578.42,311.1238,1.46,54.0,89.4
9340,-17569.36,349.1415,1.47,54.5,89.5
9341,-17725.55,2062.5561,1.45,54.4,89.4
9342,-17565.18,264.15,1.49,55.5,89.5
9343,-17672.53,232.2868,1.55,54.8,89.5
9344,-17639.52,181.6111,1.48,54.2,89.6
9345,-17584.04,319.5112,1.43,53.7,89.5
9346,-17584.04,179.6371,1.41,54.5,89.6
9347,-17551.15,113.5831,1.42,55.1,89.6
9348,-17581.77,116.4128,1.46,54.5,89.7
9349,-17552.57,195.277,1.48,54.5,89.8
9350,-17561.29,128.9416,1.51,54.7,89.8
9351,-17586.88,103.6101,1.43,55.1,89.8
9352,-17600.44,86.482,1.44,53.2,90.5
9353,-17534.02,242.1839,1.45,53.6,90.7
9354,-17536.85,239.1252,1.47,54.5,90.7
9355,-17586.56,177.7993,1.45,50.7,90.4
9356,-17575.17,172.8763,1.41,54.0,90.4
9357,-17557.44,79.2811,1.38,53.4,90.5
9358,-17528.01,42.7324,1.37,54.4,90.6
9359,-17555.63,40.6977,1.42,53.3,90.6
9360,-17549.53,42.8022,1.46,53.7,90.6
9361,-17563.8,117.1886,1.43,52.1,90.3
9362,-17531.81,81.7551,1.4,54.1,90.4
9363,-17524.68,42.9581,1.39,54.2,90.4
9364,-17599.13,205.2328,1.43,54.5,90.5
9365,-17562.33,429.7589,1.48,53.6,90.5
9366,-17547.05,292.8419,1.48,53.0,90.4
9367,-17562.33,151.9781,1.47,54.8,90.5
9368,-17544.25,146.3563,1.43,53.9,90.5
9369,-17599.79,481.5355,1.37,54.8,90.6
9370,-17544.86,86.6058,1.46,54.2,90.8
9371,-17531.57,108.5516,1.49,55.3,90.8
9372,-17534.78,70.4071,1.48,54.3,90.7
9373,-17584.32,98.7642,1.47,54.1,90.7
9374,-17573.44,62.42,1.39,55.0,90.8
9375,-17532.73,85.1509,1.47,54.1,90.7
9376,-17538.72,78.4956,1.54,54.4,90.8
9377,-17519.47,34.5788,1.49,52.7,90.8
9378,-17530.17,59.2216,1.45,54.3,90.9
9379,-17821.51,3526.8469,1.44,53.5,90.9
9380,-17994.41,5269.6952,1.38,53.9,90.9
9381,-18179.01,7236.3546,1.44,54.6,90.9
9382,-18172.46,2797.3145,1.46,54.5,91.0
9383,-18207.61,1456.4918,1.45,54.8,91.0
9384,-18195.31,768.7166,1.44,54.0,91.1
9385,-18188.88,1064.9813,1.43,54.5,91.3
9386,-18132.1,758.6149,1.46,53.9,91.3
9387,-18115.28,311.8183,1.51,54.3,91.2
9388,-18118.0,514.6871,1.45,54.0,91.3
9389,-18044.79,296.551,1.44,53.3,91.3
9390,-18064.77,215.9405,1.41,53.4,91.3
9391,-18063.54,125.1578,1.4,54.1,91.4
9392,-18039.67,111.9025,1.37,54.7,91.4
9393,-17947.58,218.6798,1.4,53.6,91.4
9394,-18007.05,513.9154,1.4,53.6,91.4
9395,-17965.44,137.4226,1.46,53.3,91.3
9396,-17887.95,288.0979,1.45,54.8,91.3
9397,-17859.3,181.6257,1.55,55.0,91.4
9398,-17913.07,131.1362,1.44,53.6,91.5
9399,-17866.6,111.0261,1.41,54.7,91.5
9400,-17903.01,52.6471,1.44,54.4,91.6
9401,-17976.63,152.9158,1.5,54.0,91.6
9402,-17995.98,72.2365,1.54,53.9,91.5
9403,-18009.79,136.8451,1.51,53.8,91.5
9404,-18037.43,90.403,1.42,54.9,91.6
9405,-18060.35,133.3,1.46,54.7,91.7
9406,-18059.42,91.0416,1.48,55.6,91.7
9407,-17988.76,213.1345,1.49,54.0,91.6
9408,-18026.71,119.4067,1.44,54.3,91.7
9409,-18067.69,151.6263,1.4,54.2,91.7
9410,-18038.63,132.0243,1.42,54.0,91.8
9411,-18010.26,125.1412,1.51,54.7,92.0
9412,-17948.21,663.4621,1.54,54.1,91.4
9413,-18013.63,345.3148,1.55,53.3,91.0
9414,-18019.82,229.7094,1.42,53.7,91.0
9415,-17990.58,177.7418,1.37,54.4,91.0
9416,-18017.97,97.8041,1.37,53.9,91.2
9417,-17991.87,63.277,1.41,54.4,91.2
9418,-18063.34,118.3671,1.45,53.7,91.1
9419,-17936.81,886.9813,1.41,52.9,91.3
9420,-17961.16,520.7033,1.38,54.4,91.1
9421,-18033.06,178.0949,1.39,54.0,91.2
9422,-17961.16,157.7347,1.44,52.9,91.2
9423,-18017.18,205.513,1.45,54.4,91.3
9424,-17962.38,101.2027,1.45,53.4,91.3
9425,-18001.47,182.4785,1.42,54.4,91.4
9426,-18040.6,263.9013,1.39,54.2,91.5
9427,-18009.68,92.832,1.37,53.3,91.3
9428,-17992.65,179.0606,1.44,53.9,91.4
9429,-18046.06,117.301,1.45,54.6,91.6
9430,-17983.49,69.3868,1.51,54.5,91.5
9431,-17988.51,294.8017,1.43,53.6,91.6
9432,-17881.04,274.1582,8.87,54.2,85.4
9433,-18008.33,716.2742,1.46,52.3,85.5
9434,-18034.9,555.0259,1.4,53.8,85.8
9435,-18020.93,196.8028,1.38,52.4,86.1
9436,-18058.56,143.1134,1.42,53.4,86.2
9437,-18005.22,233.8927,1.52,52.6,86.6
9438,-18055.07,155.1361,1.51,50.9,86.5
9439,-18094.22,248.4112,1.42,53.3,85.1
9440,-17983.32,509.4995,1.36,53.7,85.2
9441,-17978.75,352.9104,1.39,54.0,85.2
9442,-17875.62,382.3587,1.46,54.3,85.2
9443,-17885.79,447.6761,1.45,54.8,85.2
9444,-17947.14,648.3732,1.46,54.4,85.2
9445,-17936.17,301.6656,1.37,53.5,85.3
9446,-17840.55,238.204,1.39,54.7,85.3
9447,-17866.19,91.5019,1.43,54.3,85.4
9448,-17887.52,119.3944,1.46,54.5,85.4
9449,-17842.08,39.8237,1.47,53.5,85.5
9450,-17942.64,182.9811,1.4,53.5,84.7
9451,-17949.73,333.5695,1.4,54.1,84.6
9452,-17828.93,293.7608,1.41,53.6,84.8
9453,-17900.55,554.8128,1.44,53.8,84.8
9454,-17857.3,119.9512,1.44,53.6,84.8
9455,-17874.77,161.5558,1.38,53.8,84.9
9456,-17877.46,108.0765,1.4,55.3,84.9
9457,-17863.57,354.1581,1.42,54.4,84.9
9458,-17890.11,198.6253,1.43,54.0,84.9
9459,-17791.9,132.5015,1.46,53.4,85.0
9460,-17772.69,68.9156,1.38,54.1,85.1
9461,-17796.1,249.8006,1.4,54.1,85.1
9462,-17853.5,147.408,1.43,54.7,85.2
9463,-17853.5,61.6456,1.45,53.3,85.2
9464,-17794.63,173.7103,1.42,54.7,85.2
9465,-17816.66,217.4743,1.4,54.5,85.2
9466,-17811.53,108.2007,1.39,54.2,85.2
9467,-17795.25,274.6649,1.41,54.8,85.3
9468,-17783.41,312.6988,1.44,54.5,85.3
9469,-17683.27,435.7056,1.43,53.5,85.5
9470,-17678.55,155.7536,1.4,53.2,85.5
9471,-17679.49,112.3912,1.35,54.7,85.3
9472,-17767.06,391.9598,1.37,54.0,85.4
9473,-17751.55,259.7187,1.36,53.6,85.4
9474,-17735.01,105.8928,1.4,52.9,85.5
9475,-17700.47,94.2354,1.36,54.2,85.5
9476,-17705.71,47.3793,1.33,54.2,85.6
9477,-17707.3,32.3611,1.35,54.9,85.5
9478,-17647.01,286.649,1.37,53.8,85.5
9479,-17584.07,299.283,1.35,54.1,85.6
9480,-17648.76,185.0356,1.34,53.9,85.7
9481,-17654.52,140.7675,1.33,53.7,85.8
9482,-17692.88,156.2195,1.4,53.4,85.7
9483,-17774.95,323.0123,1.4,53.6,85.0
9484,-17768.54,165.4585,1.44,54.0,85.0
9485,-17758.71,188.5688,1.43,53.8,85.1
9486,-17770.08,144.3017,1.38,54.4,85.2
9487,-17866.58,300.8214,1.37,54.1,85.3
9488,-17834.59,359.3409,1.48,54.4,85.5
9489,-17811.33,482.6081,1.47,53.3,85.2
9490,-17849.19,454.3201,1.46,51.1,85.8
9491,-17879.47,232.2519,1.42,53.7,86.1
9492,-17780.14,202.4808,1.4,54.0,86.0
9493,-17826.07,193.8764,1.46,54.5,86.1
9494,-17810.76,391.5204,1.46,52.1,86.2
9495,-17951.12,459.5152,1.45,50.7,85.6
9496,-17962.47,269.6821,1.42,53.7,85.7
9497,-17991.92,213.9213,1.4,54.1,85.7
9498,-18020.61,98.2599,1.4,53.2,85.8
9499,-17923.46,90.0733,1.49,54.0,85.8
9500,-17952.47,38.2549,1.42,52.8,85.7
9501,-17956.37,62.6297,1.43,53.1,85.7
9502,-18085.17,473.1538,1.41,53.9,85.7
9503,-18068.3,139.4114,1.38,53.8,85.8
9504,-18086.47,79.4481,1.43,52.9,85.9
9505,-18064.45,242.9055,1.46,54.0,86.0
9506,-18018.27,200.5416,1.41,53.9,85.9
9507,-18020.23,80.9566,1.44,54.4,85.9
9508,-17961.32,172.7297,1.4,53.9,85.9
9509,-17903.1,206.1663,1.42,54.0,86.0
9510,-17881.72,189.0308,1.43,54.0,86.1
9511,-17881.27,57.8546,1.42,54.7,86.2
9512,-17848.85,63.2135,1.44,53.5,86.2
9513,-17772.41,300.7936,1.38,54.4,86.1
9514,-17919.21,504.1117,1.39,53.6,86.1
9515,-17978.66,732.1541,1.41,54.1,86.1
9516,-18015.87,260.7175,1.41,53.6,86.2
9517,-17984.93,217.7659,1.41,54.3,86.3
9518,-18023.37,118.7843,1.4,52.9,84.7
9519,-18017.34,37.1083,1.38,53.8,84.8
9520,-18037.51,61.0584,1.39,53.6,84.8
9521,-18080.95,66.165,1.43,55.2,84.7
9522,-18077.38,102.6625,1.46,52.1,84.9
9523,-18054.23,33.7584,1.42,55.1,85.0
9524,-18088.88,45.8622,1.4,53.3,84.9
9525,-18149.03,264.0148,1.41,54.0,84.2
9526,-18174.97,82.4034,1.39,53.6,84.2
9527,-18060.25,487.6416,1.45,53.6,84.2
9528,-18063.04,646.7195,1.45,52.0,84.0
9529,-18150.39,463.085,1.42,52.9,84.0
9530,-18068.01,324.6323,1.43,54.0,84.1
9531,-18025.5,136.2879,1.42,54.1,84.1
9532,-18002.14,241.3451,1.42,55.0,84.1
9533,-18079.36,329.113,1.43,53.0,84.1
9534,-18108.25,329.754,1.42,54.1,84.1
9535,-18099.34,174.1258,1.43,53.6,84.1
9536,-18036.47,156.6251,1.4,54.3,84.1
9537,-18068.93,63.773,1.45,53.4,84.2
9538,-18026.86,74.3891,1.46,54.5,84.2
9539,-18101.12,117.9805,1.43,53.5,83.9
9540,-18075.63,42.5911,1.42,54.0,83.9
9541,-18066.11,89.1913,1.39,53.4,83.9
9542,-18018.0,171.5291,1.4,55.0,83.9
9543,-18016.52,182.137,1.45,53.6,84.0
9544,-17986.04,74.6992,1.44,52.8,83.9
9545,-18013.32,47.5253,1.41,54.4,84.0
9546,-18000.95,72.1963,1.4,54.2,83.8
9547,-17930.82,61.7368,1.35,54.4,83.8
9548,-17977.44,116.6075,1.43,54.4,83.8
9549,-17940.53,53.4044,1.46,53.4,83.9
9550,-17946.0,67.9487,1.41,53.2,83.9
9551,-17943.75,22.1601,1.37,53.1,83.9
9552,-17958.43,25.497,1.39,53.8,84.0
9553,-17965.14,47.7364,1.41,53.9,83.9
9554,-17864.21,390.5934,1.46,54.9,83.9
9555,-17806.88,293.3229,1.42,54.5,84.0
9556,-17712.6,212.9646,1.4,55.6,84.0
9557,-17797.09,229.4014,1.39,54.9,83.9
9558,-17760.97,104.414,1.41,53.6,84.0
9559,-17782.51,153.7369,1.44,53.2,84.0
9560,-17759.62,97.6152,1.46,53.1,84.0
9561,-17784.0,92.3217,1.42,54.3,83.9
9562,-17775.61,446.4584,1.35,54.0,83.9
9563,-17990.25,846.0926,1.41,54.3,83.8
9564,-18060.59,663.8871,1.44,54.3,83.9
9565,-18139.62,1219.6004,1.46,53.6,83.9
9566,-18179.82,947.8043,1.44,54.0,83.9
9567,-18155.03,628.3861,1.36,53.1,83.9
9568,-18173.48,227.0774,1.39,54.5,83.8
9569,-18205.0,453.5304,1.42,54.0,83.9
9570,-18230.81,242.6501,1.45,53.7,84.0
9571,-18221.03,249.1958,1.44,54.4,84.0
9572,-18190.21,141.1641,1.36,53.3,84.1
9573,-18194.8,76.416,1.35,54.0,84.0
9574,-18168.63,153.5582,1.41,54.4,83.9
9575,-18230.88,513.5322,1.44,54.1,83.8
9576,-18190.2,316.7914,1.47,51.5,83.7
9577,-18212.93,359.1514,1.43,52.8,83.6
9578,-18209.31,101.6765,1.39,54.0,83.6
9579,-18170.43,125.5601,1.47,53.5,83.7
9580,-18191.1,167.6506,1.4,53.8,83.5
9581,-18194.9,115.3281,1.45,54.2,83.6
9582,-18263.49,714.9633,1.43,52.9,83.4
9583,-18184.18,230.609,1.39,53.7,83.0
9584,-18207.5,83.81,1.36,53.4,83.1
9585,-18233.58,94.0653,1.43,53.3,83.0
9586,-18247.04,59.1394,1.47,54.3,83.2
9587,-18263.89,127.2987,1.44,51.1,82.9
9588,-18162.64,1426.243,1.38,53.8,83.0
9589,-18184.2,455.7204,1.36,54.2,83.0
9590,-18187.38,178.4426,1.44,53.9,83.1
9591,-18184.26,131.6526,1.46,54.3,83.0
9592,-18250.32,155.6124,1.45,51.9,82.8
9593,-18245.35,122.7149,1.4,54.1,82.9
9594,-18229.2,146.9838,1.35,54.3,82.8
9595,-18245.32,160.6756,1.42,54.1,82.8
9596,-18189.97,161.5886,1.47,53.8,82.8
9597,-18227.82,118.2913,1.46,52.6,82.5
9598,-18193.66,187.5715,1.4,53.9,82.6
9599,-18211.77,107.9339,1.39,53.4,82.7
9600,-18288.77,669.1548,1.4,54.7,82.8
9601,-18277.04,401.0036,1.46,54.2,82.7
9602,-18201.61,558.6873,1.46,53.8,82.6
9603,-18185.44,584.0574,1.4,54.1,82.7
9604,-18288.77,312.1457,1.39,53.8,82.8
9605,-18336.7,352.3307,1.4,53.9,82.8
9606,-18206.95,303.9124,1.45,54.2,83.0
9607,-18213.84,287.1973,1.48,53.7,83.0
9608,-18282.94,364.0011,1.41,53.3,82.8
9609,-18232.93,272.3121,1.43,54.0,82.9
9610,-18230.07,227.6898,1.38,54.2,82.9
9611,-18287.42,40.0729,1.42,53.8,83.0
9612,-18213.64,507.4735,1.46,54.1,83.1
9613,-18277.48,422.176,1.43,53.8,83.0
9614,-18241.88,74.0419,1.42,53.5,82.9
9615,-18236.65,73.6912,1.38,53.8,83.0
9616,-18262.82,165.7917,1.4,54.6,83.0
9617,-18212.92,204.5699,1.44,53.8,83.1
9618,-18153.24,373.6755,1.43,53.3,83.2
9619,-18153.5,445.5026,1.43,53.2,83.2
9620,-18211.32,417.2197,1.38,54.3,83.2
9621,-18184.39,437.9091,1.39,54.2,83.1
9622,-18173.6,345.3092,1.44,55.0,83.2
9623,-18212.92,117.3563,1.45,54.2,83.2
9624,-18207.8,171.2345,1.41,53.2,83.2
9625,-18194.55,69.3705,1.43,54.6,83.3
9626,-18204.2,203.9662,1.39,54.3,83.4
9627,-18212.79,230.6278,1.43,53.9,83.4
9628,-18230.25,100.1408,1.44,53.9,83.4
9629,-18224.26,163.6177,1.42,54.1,83.4
9630,-18226.56,137.4462,1.43,54.4,83.4
9631,-18201.65,261.8533,1.39,53.2,83.5
9632,-18192.09,223.1679,1.4,52.7,83.5
9633,-18276.85,361.9628,1.42,55.2,83.6
9634,-18451.7,1523.1984,1.44,53.3,83.6
9635,-18580.71,2014.4386,1.43,53.5,83.6
9636,-18532.51,603.0752,1.42,53.9,83.5
9637,-18539.41,1542.3618,1.4,54.2,83.5
9638,-18578.77,730.2319,1.41,54.5,83.7
9639,-18490.15,481.1952,1.44,54.9,83.7
9640,-18489.68,498.6415,1.42,54.3,83.8
9641,-18521.97,384.3321,1.45,52.8,83.8
9642,-18467.81,271.5447,1.38,53.8,83.7
9643,-18498.24,249.8991,1.37,53.6,83.8
9644,-18452.73,192.3501,1.39,55.0,83.8
9645,-18469.86,923.1093,1.37,53.5,83.9
9646,-18480.46,436.1417,1.41,53.4,84.0
9647,-18449.98,245.1181,1.45,51.5,84.1
9648,-18515.73,259.1852,1.46,53.5,84.3
9649,-18438.75,348.0209,1.37,53.7,84.2
9650,-18422.07,304.9222,1.37,53.5,84.2
9651,-18447.86,171.7395,1.42,54.6,84.3
9652,-18409.1,58.6654,1.43,54.4,84.3
9653,-18469.42,287.1294,1.45,51.7,84.4
9654,-18508.97,284.687,1.43,54.1,84.4
9655,-18394.11,1393.5205,1.37,54.2,84.5
9656,-18525.82,165.2743,1.42,54.2,84.4
9657,-18390.53,1035.2277,1.44,54.3,84.4
9658,-18520.38,244.7849,1.47,52.3,84.0
9659,-18515.5,245.2994,1.42,55.2,84.1
9660,-18387.52,1005.7895,1.38,53.3,84.1
9661,-18514.64,311.6645,1.38,55.1,84.1
9662,-18551.27,274.2782,1.45,53.8,84.1
9663,-18532.14,180.269,1.46,51.0,83.7
9664,-18529.8,110.5594,1.43,53.2,83.6
9665,-18476.97,374.0588,1.38,53.2,83.7
9666,-18533.7,682.8885,1.37,54.6,83.8
9667,-18476.99,192.8177,1.49,53.6,83.8
9668,-18568.83,761.4526,1.46,50.6,82.2
9669,-18524.88,130.8006,1.44,49.1,81.9
9670,-18479.69,535.9117,1.46,54.0,82.0
9671,-18369.55,876.3139,1.34,54.1,82.1
9672,-18397.69,412.7666,1.39,53.6,82.1
9673,-18406.88,409.0521,1.46,54.7,82.2
9674,-18462.98,697.3971,1.45,51.6,82.2
9675,-18418.81,193.4575,1.45,54.1,82.2
9676,-18431.63,162.1414,1.37,53.6,82.2
9677,-18335.49,381.4763,1.38,53.9,82.2
9678,-18394.5,537.2967,1.47,53.9,82.3
9679,-18302.18,298.4961,1.47,53.5,82.4
9680,-18288.25,212.8328,1.43,54.6,82.4
9681,-18323.2,168.9922,1.37,54.3,82.4
9682,-18245.88,466.7564,1.37,54.9,82.4
9683,-18177.9,423.1697,1.4,54.6,82.4
9684,-18172.38,348.5316,1.46,53.9,82.4
9685,-18116.94,255.4995,1.44,52.7,82.6
9686,-18172.13,204.2229,1.42,54.4,82.6
9687,-18089.97,136.0783,1.37,53.8,82.5
9688,-18074.62,177.0776,1.4,53.5,82.5
9689,-18128.31,1168.6806,1.5,54.0,82.7
9690,-18091.58,421.0129,1.45,53.4,82.6
9691,-18049.11,304.2029,1.42,54.3,82.7
9692,-18070.79,191.071,1.37,54.5,82.7
9693,-17990.3,248.9469,1.38,53.9,82.6
9694,-17968.66,193.5131,1.48,54.5,82.7
9695,-17965.82,172.2981,1.47,52.0,82.8
9696,-17976.41,64.0058,1.42,54.9,83.0
9697,-18012.83,145.4706,1.37,54.1,82.9
9698,-18070.66,114.8893,1.36,53.7,82.9
9699,-18056.75,91.2648,1.44,54.2,83.0
9700,-17955.35,167.4648,1.47,54.4,83.0
9701,-17946.84,186.5993,1.47,52.7,83.0
9702,-17937.19,135.7036,1.39,54.6,83.1
9703,-17971.96,100.7118,1.39,54.8,83.1
9704,-17948.54,147.0092,1.41,53.6,83.0
9705,-17943.67,73.6312,1.48,53.8,83.1
9706,-17872.67,156.0657,1.5,51.8,83.5
9707,-17960.29,387.9601,1.42,53.7,83.5
9708,-17945.42,283.7266,1.37,53.8,83.6
9709,-17931.42,362.039,1.42,54.2,83.5
9710,-17951.94,77.3965,1.45,54.7,83.5
9711,-17954.31,44.1413,1.46,53.5,83.6
9712,-17868.3,155.4931,1.43,54.2,83.6
9713,-17834.99,97.0293,1.39,53.5,83.7
9714,-17835.17,176.7869,1.38,54.0,83.6
9715,-17880.71,183.4006,1.42,54.2,83.7
9716,-17938.57,165.7914,1.46,53.5,83.8
9717,-17903.82,301.0273,1.44,53.6,83.7
9718,-17921.15,70.9601,1.38,53.4,83.7
9719,-17873.18,85.7418,1.36,53.4,83.9
9720,-17962.98,748.8666,1.42,54.6,83.8
9721,-17965.15,290.6049,1.48,54.3,83.8
9722,-17873.18,268.8643,1.42,53.6,83.7
9723,-17894.25,111.9359,1.4,53.6,83.8
9724,-17889.67,41.3084,1.38,54.0,83.8
9725,-17687.3,836.9886,1.38,53.4,83.5
9726,-17547.14,1125.2857,1.41,54.3,81.2
9727,-17450.71,2666.189,1.43,53.8,81.2
9728,-17535.65,2583.0548,1.36,53.6,81.3
9729,-17513.37,1826.2063,1.34,54.6,81.5
9730,-17465.42,609.6813,1.37,53.8,81.6
9731,-17552.7,722.1653,1.43,55.3,81.5
9732,-17472.11,1118.7689,1.43,53.1,81.5
9733,-17445.87,1294.9349,1.39,54.2,81.5
9734,-17497.93,308.9221,1.35,53.3,81.6
9735,-17517.01,222.4609,1.38,54.2,81.7
9736,-17501.3,134.8546,1.43,54.6,81.7
9737,-17532.07,462.3029,1.42,54.5,81.8
9738,-17487.68,170.7392,1.41,54.7,81.7
9739,-17539.49,671.6511,1.35,54.9,81.8
9740,-17449.4,310.0601,1.38,54.1,81.8
9741,-17546.29,1033.2495,1.44,54.0,81.9
9742,-17552.2,435.8782,1.45,54.1,82.0
9743,-17498.08,695.8925,1.44,53.9,81.9
9744,-17520.66,577.6996,1.36,54.0,81.9
9745,-17446.34,398.5454,1.39,54.0,82.0
9746,-17466.28,129.968,1.39,54.1,82.1
9747,-17449.4,48.0107,1.45,54.7,82.2
9748,-17472.0,21.9237,1.42,54.3,82.1
9749,-17449.52,54.6268,1.37,54.3,82.2
9750,-17570.43,1523.2626,1.34,53.3,82.2
9751,-17649.41,1539.8784,1.4,53.3,82.2
9752,-17499.28,219.427,1.48,54.2,82.3
9753,-17468.28,303.7771,1.44,54.0,82.3
9754,-17474.17,164.3022,1.37,53.4,82.3
9755,-17529.8,208.564,1.34,53.1,81.9
9756,-17513.81,101.3515,1.37,51.9,81.3
9757,-17508.26,79.6656,1.34,53.8,81.3
9758,-17513.81,26.4066,1.37,54.1,81.3
9759,-17457.94,143.685,1.38,52.9,81.4
9760,-17585.3,1591.1765,1.38,53.3,81.4
9761,-17572.6,1330.8638,1.41,54.7,81.4
9762,-17443.72,198.0022,1.44,54.0,81.6
9763,-17457.94,160.9369,1.44,53.4,81.5
9764,-17472.6,112.7325,1.41,54.4,81.6
9765,-17483.33,55.3671,1.38,54.4,81.6
9766,-17571.07,208.9811,1.43,52.6,81.7
9767,-17530.49,732.3406,1.43,54.4,81.8
9768,-17525.02,334.0639,1.44,54.1,81.8
9769,-17541.61,991.1592,1.4,53.7,81.8
9770,-17557.15,635.9053,1.39,54.0,81.8
9771,-17471.38,367.986,1.42,52.2,81.9
9772,-17480.06,173.7097,1.42,52.4,81.9
9773,-17462.64,216.6891,1.47,53.9,82.0
9774,-17471.38,107.2305,1.43,53.9,82.0
9775,-17458.27,462.4152,1.38,53.4,82.1
9776,-17409.13,527.0588,1.39,54.3,82.2
9777,-17454.21,211.5991,1.42,52.4,82.0
9778,-17510.44,296.0504,1.46,54.5,82.0
9779,-17492.28,217.7709,1.45,54.0,82.1
9780,-17445.63,250.363,1.42,53.1,82.2
9781,-17481.62,120.9262,1.37,53.8,82.2
9782,-17432.98,117.3234,1.42,52.4,82.2
9783,-17510.93,309.0938,1.46,53.4,82.1
9784,-17490.24,187.2781,1.48,51.4,82.2
9785,-17488.18,324.3333,1.47,53.0,82.3
9786,-17414.04,312.4593,1.38,54.0,82.4
9787,-17415.86,155.2153,1.41,53.9,82.4
9788,-17421.02,63.6813,1.46,53.9,82.4
9789,-17453.51,73.9524,1.48,53.0,82.4
9790,-17435.13,283.4541,1.46,53.6,82.4
9791,-17484.2,416.127,1.39,53.5,82.5
9792,-17392.98,188.5922,1.38,54.2,82.5
9793,-17446.75,319.7204,1.43,53.9,82.5
9794,-17397.15,50.2784,1.49,54.8,82.6
9795,-17397.15,28.1175,1.46,54.8,82.6
9796,-17394.32,29.8727,1.42,53.9,82.7
9797,-17498.13,581.9702,1.39,54.5,82.7
9798,-17499.47,214.728,1.42,53.6,82.7
9799,-17391.23,796.6933,1.47,53.9,82.7
9800,-17475.35,405.9766,1.47,53.6,82.7
9801,-17387.71,268.6097,1.41,53.1,82.7
9802,-17419.22,193.0669,1.4,53.3,82.8
9803,-17399.02,78.7058,1.4,54.8,82.7
9804,-17421.58,42.2081,1.44,54.5,82.7
9805,-17343.78,783.4633,1.47,53.4,82.8
9806,-17459.65,335.0612,1.43,54.3,82.9
9807,-17375.51,125.0789,1.44,54.7,82.9
9808,-17369.4,120.4009,1.41,53.6,83.0
9809,-17366.52,123.4942,1.41,53.8,83.1
9810,-17375.8,27.477,1.41,53.7,82.9
9811,-17358.87,45.8554,1.44,53.7,83.0
9812,-17356.76,47.1784,1.42,53.8,83.1
9813,-17403.9,176.3099,1.42,53.9,83.1
9814,-17373.12,235.8193,1.45,54.1,83.1
9815,-17399.97,126.7226,1.44,54.7,83.2
9816,-17410.5,54.1266,1.39,53.6,81.9
9817,-17415.33,42.7517,1.38,53.9,81.9
9818,-17402.03,42.7012,1.38,54.1,82.0
9819,-17443.42,86.3153,1.34,52.9,82.1
9820,-17424.41,82.5208,1.34,54.3,82.1
9821,-17368.11,742.7329,1.4,54.5,82.1
9822,-17401.71,697.8846,1.46,54.2,82.0
9823,-17403.41,572.816,1.43,54.7,82.1
9824,-17457.8,366.6636,1.36,54.5,82.2
9825,-17437.35,452.8663,1.38,54.4,82.2
9826,-17455.26,200.5307,1.42,54.2,82.3
9827,-17495.75,490.5331,1.44,53.5,82.2
9828,-17388.87,419.183,1.46,54.0,82.2
9829,-17451.65,148.013,1.42,53.9,82.3
9830,-17454.5,88.6545,1.4,53.6,82.3
9831,-17431.19,91.81,1.41,53.8,82.4
9832,-17492.26,479.671,1.41,55.4,82.3
9833,-17426.78,94.9258,1.43,52.1,82.3
9834,-17426.78,71.0052,1.43,49.8,82.5
9835,-17438.6,92.9869,1.43,54.0,82.5
9836,-17466.5,217.4209,1.42,54.2,82.5
9837,-17375.22,988.6199,1.4,54.2,82.6
9838,-17529.08,404.2691,1.4,54.0,82.5
9839,-17492.75,70.3577,1.45,54.9,82.6
9840,-17422.17,754.1669,1.44,51.9,82.6
9841,-17424.6,475.705,1.41,53.4,82.6
9842,-17415.74,332.9447,1.36,53.7,82.5
9843,-17465.76,99.3568,1.4,55.1,82.6
9844,-17452.72,69.3118,1.46,53.9,82.6
9845,-17506.98,187.205,1.43,50.6,82.8
9846,-17488.8,69.1423,1.41,54.3,82.9
9847,-17491.4,52.8005,1.33,53.3,82.9
9848,-17467.05,236.2128,1.45,54.9,83.0
9849,-17515.36,707.7935,1.48,55.1,82.8
9850,-17596.95,1479.1383,1.46,50.4,83.0
9851,-17539.07,323.182,1.41,53.6,83.2
9852,-17502.25,345.4769,1.34,53.0,83.1
9853,-17448.97,333.3253,1.44,54.8,83.2
9854,-17490.32,461.0643,1.57,54.4,83.1
9855,-17470.39,281.6708,1.47,51.1,83.0
9856,-17501.43,188.8045,1.42,54.3,83.0
9857,-17505.29,122.6921,1.35,54.3,83.0
9858,-17493.8,70.4805,1.41,53.8,82.4
9859,-17537.13,82.247,1.44,54.4,82.5
9860,-17575.6,67.8004,1.45,54.0,82.4
9861,-17584.4,396.7309,1.46,54.8,82.6
9862,-17474.57,486.2302,1.39,54.0,82.5
9863,-17526.09,214.8359,1.44,53.8,82.5
9864,-17523.12,200.3696,1.42,55.0,82.6
9865,-17532.61,84.2464,1.4,53.9,82.6
9866,-17569.74,34.3811,1.47,53.7,82.6
9867,-17553.26,79.94,1.39,53.9,82.6
9868,-17574.65,56.7423,1.41,54.1,82.7
9869,-17675.4,1752.2067,1.42,53.7,82.7
9870,-17529.24,128.3605,1.42,53.5,82.7
9871,-17575.99,380.0266,1.47,54.0,82.8
9872,-17486.7,323.2722,1.4,54.1,82.8
9873,-17526.28,155.5834,1.39,53.7,82.7
9874,-17488.49,83.6249,1.43,54.3,82.8
9875,-17594.27,487.7557,1.42,53.5,82.8
9876,-17555.86,213.0375,1.39,54.6,82.9
9877,-17646.29,406.1881,1.4,53.7,82.9
9878,-17574.51,150.2465,1.39,54.6,82.9
9879,-17576.53,49.7327,1.41,53.1,82.9
9880,-17569.11,87.1621,1.43,54.8,83.0
9881,-17558.01,42.5532,1.41,53.7,83.1
9882,-17530.51,43.6416,1.41,54.6,83.1
9883,-17553.68,45.7136,1.38,53.3,83.0
9884,-17548.53,22.1707,1.43,53.8,83.1
9885,-17558.62,10.6935,1.44,54.1,83.1
9886,-17562.1,88.2546,1.4,54.9,83.1
9887,-17564.32,116.9987,1.43,54.0,83.2
9888,-17540.28,79.4527,1.39,53.9,83.1
9889,-17542.96,73.7372,1.39,54.0,83.2
9890,-17578.2,62.7392,1.42,54.1,83.2
9891,-17545.78,109.0078,1.4,54.0,83.2
9892,-17518.94,50.8398,1.4,54.3,83.3
9893,-17540.19,132.8855,1.39,54.1,83.3
9894,-17511.82,37.8096,1.38,54.0,83.3
9895,-17546.03,64.8048,1.42,54.1,83.3
9896,-17529.18,50.3711,1.43,54.4,83.3
9897,-17606.59,640.1116,1.39,54.7,83.4
9898,-17560.0,55.8062,1.38,53.8,83.4
9899,-17546.15,32.0096,1.38,53.7,83.4
9900,-17541.9,14.4159,1.4,54.4,83.5
9901,-17528.39,76.9644,1.46,53.4,83.5
9902,-17580.27,299.403,1.42,54.1,83.5
9903,-17620.8,82.5883,1.37,53.2,83.5
9904,-17574.86,239.2644,1.38,53.8,83.6
9905,-17590.1,102.4338,1.38,53.5,83.5
9906,-17562.1,66.7723,1.36,53.1,83.6
9907,-17646.53,304.4525,1.38,53.9,83.7
9908,-17706.92,278.1216,1.4,54.7,83.6
9909,-17585.36,493.2793,1.37,54.5,83.7
9910,-17684.21,181.6723,1.36,53.8,83.7
9911,-17677.29,61.6293,1.38,53.8,83.7
9912,-17608.53,287.7893,1.39,53.1,83.7
9913,-17610.69,227.3174,1.36,53.6,83.7
9914,-17575.34,109.9649,1.37,53.2,83.8
9915,-17540.83,125.7444,1.38,54.1,83.7
9916,-17584.54,127.8381,1.38,53.3,83.7
9917,-17550.88,48.5065,1.36,53.9,83.8
9918,-17603.57,467.3749,1.38,53.6,83.8
9919,-17551.19,184.2016,1.37,53.3,83.9
9920,-17584.22,76.6834,1.39,52.7,83.9
9921,-17589.03,152.9665,1.31,53.5,83.9
9922,-17565.69,65.8005,1.35,53.4,83.8
9923,-17548.23,95.9028,1.36,53.2,83.9
9924,-17590.37,43.8006,1.37,49.5,84.0
9925,-17587.06,33.0465,1.37,51.0,84.0
9926,-17641.13,59.2482,1.32,53.3,84.0
9927,-17619.3,96.9235,5.53,52.2,84.1
9928,-17631.52,221.5712,1.33,52.8,84.0
9929,-17693.71,119.6481,1.39,53.7,84.1
9930,-17589.31,281.7124,1.37,53.9,84.1
9931,-17586.31,117.43,1.35,54.4,84.1
9932,-17589.67,139.5235,1.31,54.3,84.1
9933,-17665.74,143.7651,1.81,53.6,84.1
9934,-17709.51,268.7516,1.39,53.5,84.2
9935,-17701.73,327.9994,1.38,52.7,84.2
9936,-17685.94,77.4815,1.4,53.9,84.3
9937,-17648.73,88.0371,1.42,54.1,84.3
9938,-17637.29,138.6353,1.41,54.4,84.4
9939,-17680.83,101.0347,1.43,52.3,84.3
9940,-17696.07,183.65,1.37,53.8,84.4
9941,-17690.52,128.9488,1.36,54.1,84.4
9942,-17588.78,1405.6066,1.42,54.1,84.4
9943,-17614.67,189.4616,1.47,53.8,84.5
9944,-17659.4,502.9114,1.43,53.9,84.5
9945,-17605.78,500.6109,1.4,53.3,84.5
9946,-17594.5,236.2483,1.38,54.5,84.6
9947,-17587.96,127.6984,1.38,53.6,84.6
9948,-17683.85,315.3175,1.43,54.3,84.6
9949,-17755.19,200.5609,1.43,54.1,84.7
9950,-17734.75,394.787,1.4,52.1,84.6
9951,-17781.09,451.8754,1.45,54.1,84.7
9952,-17750.19,153.922,1.44,54.0,84.6
9953,-17829.84,434.4591,1.4,53.7,84.7
9954,-17749.96,42.1628,1.43,54.0,84.8
9955,-17680.86,243.73,1.39,55.3,84.8
9956,-17717.87,123.518,1.42,54.1,84.8
9957,-17722.11,263.4346,1.45,54.4,84.8
9958,-17720.35,75.9227,1.45,53.5,84.8
9959,-17686.54,407.7507,1.39,54.5,84.9
9960,-17600.03,197.6765,1.39,53.1,85.0
9961,-17560.67,105.7849,2.06,54.4,85.0
9962,-17595.38,232.688,1.4,53.7,85.0
9963,-17578.19,67.5883,1.44,53.8,85.0
9964,-17606.26,54.9405,1.47,54.9,85.1
9965,-17640.64,283.4985,1.47,51.7,85.2
9966,-17667.12,128.0676,1.43,53.9,85.3
9967,-17628.88,214.2713,1.35,53.5,85.2
9968,-17618.7,136.5406,1.43,53.9,85.3
9969,-17652.09,140.3337,1.46,54.8,85.4
9970,-17621.22,61.929,1.46,49.6,85.5
9971,-17685.57,137.3747,1.48,52.3,85.3
9972,-17815.68,220.6655,1.37,54.0,85.3
9973,-17802.51,297.1426,1.37,54.8,85.2
9974,-17874.25,149.0013,1.46,54.0,85.3
9975,-17788.56,181.4511,1.46,48.6,85.4
9976,-17859.62,389.2085,1.47,51.3,85.4
9977,-17820.81,65.6855,1.39,54.0,85.5
9978,-17828.72,304.211,1.35,53.7,85.4
9979,-17908.54,198.9031,1.46,54.1,85.5
9980,-17928.26,150.2239,1.44,53.1,85.5
9981,-17868.12,173.8122,1.46,51.4,85.6
9982,-17794.68,158.081,1.36,53.2,85.6
9983,-17801.42,222.8962,1.38,54.2,85.7
9984,-17809.82,109.3459,1.44,54.6,85.7
9985,-17828.45,153.2456,1.46,54.1,85.7
9986,-17828.45,65.6908,1.45,51.4,85.8
9987,-17808.23,129.7694,1.39,54.0,85.8
9988,-17793.5,47.22,1.36,54.2,86.0
9989,-17947.31,406.9951,1.4,53.8,85.9
9990,-17897.32,110.46,1.47,53.3,86.0
9991,-17895.17,566.6155,1.46,51.9,86.0
9992,-17916.89,269.3448,1.41,53.8,86.1
9993,-17924.4,349.9343,1.35,54.3,86.2
9994,-17942.96,280.5147,1.37,54.0,86.2
9995,-17861.62,481.1973,1.46,54.6,86.2
9996,-17879.51,380.7726,1.47,53.3,86.3
9997,-17860.88,138.1163,1.44,54.0,86.4
9998,-17925.38,232.4557,1.34,53.0,86.4
9999,-17915.35,576.9968,1.37,53.8,86.4
10000,-17863.65,365.7114,1.42,53.1,85.9
