Episode,Reward,Critic_Loss,Time_Sec,CPU_Percent,RAM_Percent
1,-22392.68,16788844.5,2.16,100.0,51.9
2,-22649.62,17386013.5,2.21,100.0,52.0
3,-21683.53,14346516.0,2.1,100.0,52.1
4,-23909.36,16464929.5,2.21,100.0,52.0
5,-21622.03,16030093.75,2.1,100.0,52.1
6,-22038.35,14971180.25,2.12,99.9,52.1
7,-21710.73,16296264.0,2.1,100.0,52.5
8,-21183.57,15598471.5,2.01,100.0,52.6
9,-22987.06,16205500.25,2.17,100.0,52.6
10,-23224.3,16665181.5,2.24,100.0,52.5
11,-22363.84,14460277.0,2.09,100.0,52.5
12,-23181.98,15665917.0,2.2,100.0,52.6
13,-22923.12,15873079.75,2.14,100.0,52.6
14,-21517.73,15576077.25,2.06,98.7,52.7
15,-22687.69,14907723.75,2.22,100.0,52.8
16,-21530.7,14176012.75,2.03,100.0,52.7
17,-21633.85,14023780.5,2.07,100.0,52.8
18,-22635.35,15026890.25,2.14,100.0,52.9
19,-22232.78,15352648.0,2.25,100.0,53.0
20,-22275.61,17376834.0,2.06,100.0,53.0
21,-22616.6,14634015.75,2.18,100.0,53.1
22,-22514.76,15455265.5,2.24,100.0,53.1
23,-22367.36,17015902.0,2.1,100.0,53.0
24,-22600.17,15044319.5,2.21,100.0,53.0
25,-21937.67,15139846.25,2.14,100.0,53.1
26,-21967.42,15598310.25,2.08,100.0,53.1
27,-21961.6,16901654.5,2.06,100.0,53.2
28,-22831.64,17525983.0,2.12,100.0,53.1
29,-23069.02,16003827.0,2.26,100.0,53.2
30,-24171.31,16700567.25,2.25,99.0,53.0
31,-21558.51,15903168.5,2.11,100.0,53.1
32,-21627.17,14549764.0,2.06,100.0,53.1
33,-22439.88,17306659.5,2.1,100.0,53.2
34,-22229.84,16568395.5,2.11,100.0,53.1
35,-21371.97,13900370.0,2.02,100.0,53.2
36,-22542.41,15100738.0,2.25,100.0,53.2
37,-22480.4,15134847.0,2.14,100.0,53.2
38,-22834.88,16367034.5,2.22,100.0,53.4
39,-22678.98,17517308.5,2.22,100.0,53.3
40,-22513.61,14205754.0,2.16,100.0,53.3
41,-21395.8,15077309.5,2.05,100.0,53.3
42,-22818.41,17492002.5,2.12,100.0,53.3
43,-23086.92,15256391.75,2.27,100.0,53.4
44,-22989.85,15739754.25,2.21,100.0,53.3
45,-22377.59,14656998.75,2.2,98.4,53.6
46,-21855.39,15029627.0,2.15,100.0,53.6
47,-22217.94,14791916.0,2.17,100.0,54.5
48,-21784.17,15025243.25,2.09,99.6,54.2
49,-22717.7,15857362.75,2.13,100.0,54.2
50,-22538.13,16034972.5,2.19,100.0,54.1
51,-21787.2,16861324.0,2.12,100.0,54.0
52,-21759.99,15122632.0,2.1,98.4,54.1
53,-21852.2,14955572.0,2.07,100.0,54.2
54,-23027.69,16372053.0,2.21,100.0,54.2
55,-22045.05,16820755.0,2.03,100.0,53.7
56,-23171.16,15617011.5,2.22,100.0,53.7
57,-22628.58,14735970.75,2.17,100.0,53.7
58,-23140.25,16580198.25,2.15,100.0,53.7
59,-23959.02,17749488.0,2.32,100.0,53.8
60,-21889.14,15033173.75,2.09,100.0,53.8
61,-22335.65,14977738.0,2.13,100.0,53.9
62,-23820.58,18068987.5,2.22,100.0,53.9
63,-22912.95,15559725.25,2.16,100.0,53.9
64,-22734.31,15333520.0,2.19,100.0,53.9
65,-22151.27,17056759.0,2.12,100.0,54.0
66,-21886.94,15095293.0,2.1,100.0,53.9
67,-22001.3,14920728.25,2.12,100.0,54.0
68,-21675.18,14559388.75,2.05,100.0,53.9
69,-21762.4,14928304.5,2.24,100.0,54.0
70,-23317.75,16038202.75,2.22,100.0,54.0
71,-22195.05,16186924.0,2.18,100.0,53.9
72,-22000.1,13881211.5,2.16,100.0,53.9
73,-22727.76,15329646.0,2.16,100.0,54.0
74,-23653.41,16753524.25,2.29,100.0,53.9
75,-22887.72,15223255.5,2.16,100.0,53.9
76,-23596.08,15628561.0,2.18,100.0,54.0
77,-21949.03,17520451.5,2.11,100.0,54.0
78,-22075.72,13475263.75,2.09,100.0,53.9
79,-22526.66,15592399.25,2.15,100.0,53.9
80,-24118.84,16700033.0,2.53,100.0,54.1
81,-22485.02,15421654.25,2.11,100.0,54.2
82,-21741.1,15468154.0,2.12,100.0,54.1
83,-22104.69,14483566.5,2.18,100.0,54.2
84,-23369.34,15941908.0,2.24,100.0,54.2
85,-20971.31,15262662.75,2.03,100.0,54.4
86,-22734.92,14801563.5,2.22,100.0,54.3
87,-23019.94,17663397.0,2.13,100.0,54.3
88,-21973.25,16681262.5,2.17,100.0,53.9
89,-24022.64,16537908.75,2.36,98.0,54.3
90,-22111.51,15834632.5,2.18,100.0,54.2
91,-22741.89,15309496.25,2.17,99.2,54.4
92,-21516.18,14390249.75,2.07,100.0,54.4
93,-21772.1,15781215.25,2.18,100.0,54.5
94,-21842.95,14822854.0,2.09,100.0,54.4
95,-23347.75,14822258.25,2.17,100.0,54.4
96,-22591.78,14273234.75,2.19,100.0,54.5
97,-22867.67,16342906.0,2.27,100.0,54.5
98,-22659.55,14744119.0,2.12,100.0,54.4
99,-21746.76,16537730.5,2.19,100.0,54.2
100,-22650.6,14457827.5,2.16,100.0,54.3
101,-22465.17,14478547.75,2.14,100.0,54.4
102,-22228.21,14215264.5,2.11,100.0,54.4
103,-22877.87,14154263.25,2.18,100.0,54.4
104,-23323.12,14905252.75,2.21,100.0,54.3
105,-22720.49,15712733.25,2.15,99.3,54.5
106,-22395.94,13929414.25,2.19,100.0,54.2
107,-22777.99,16431966.25,2.21,100.0,54.2
108,-22103.65,13255179.0,2.09,99.3,54.2
109,-22259.92,13851729.0,2.25,100.0,54.0
110,-22247.5,15518690.75,2.1,100.0,54.0
111,-22720.36,15805046.5,2.15,100.0,54.0
112,-22519.43,17204766.5,2.13,100.0,53.9
113,-21952.85,14985107.75,2.09,100.0,54.0
114,-22044.2,16160747.75,2.13,100.0,53.6
115,-21920.47,15637179.0,2.21,98.7,53.5
116,-22810.77,15155340.0,2.3,100.0,53.6
117,-22654.31,16361718.0,2.17,100.0,53.7
118,-22366.14,16975658.0,2.18,100.0,53.5
119,-21808.43,14890164.0,2.15,100.0,53.6
120,-21520.81,14390495.5,2.08,100.0,53.6
121,-22452.02,13801412.0,2.14,100.0,53.7
122,-23239.72,16944139.0,2.19,100.0,53.7
123,-23230.39,17058661.5,2.27,100.0,53.7
124,-22729.8,14559481.5,2.1,100.0,53.6
125,-22740.51,15473788.0,2.33,100.0,53.7
126,-21671.27,14750772.75,2.1,99.6,53.7
127,-23470.4,16213448.75,2.22,100.0,53.7
128,-21676.31,15767229.5,2.1,100.0,53.6
129,-21662.57,15840925.5,2.14,100.0,53.8
130,-22346.02,14570696.0,2.14,100.0,53.7
131,-22916.99,15473116.75,2.14,100.0,53.8
132,-22336.49,14989686.0,2.18,100.0,54.0
133,-22528.13,16217577.5,2.16,100.0,54.0
134,-22511.22,15016343.25,2.22,100.0,53.9
135,-21585.59,16127852.5,2.09,100.0,53.8
136,-21749.34,15709539.75,2.08,100.0,53.9
137,-22508.01,17221458.0,2.19,100.0,54.0
138,-21290.57,13572971.75,2.07,100.0,53.8
139,-22253.96,17465439.0,2.08,100.0,53.8
140,-21774.1,13984724.25,2.15,100.0,53.6
141,-22563.62,14366223.5,2.16,100.0,53.7
142,-21863.84,15282504.25,2.13,100.0,53.9
143,-21944.49,13383317.0,2.23,100.0,53.7
144,-22026.86,15246243.5,2.16,99.6,53.8
145,-21932.05,15459548.5,2.05,99.1,53.6
146,-22310.88,14065011.25,2.12,100.0,53.6
147,-22257.61,14706329.25,2.19,100.0,53.7
148,-22344.48,15144889.75,2.1,100.0,53.9
149,-22573.2,16173517.25,2.18,100.0,53.8
150,-22912.1,15482459.5,2.2,100.0,53.7
151,-22691.79,15246578.5,2.15,100.0,53.9
152,-22405.34,15075814.75,2.22,100.0,54.0
153,-22546.66,14934259.0,2.14,100.0,54.1
154,-21540.12,15758543.5,2.09,100.0,54.1
155,-22813.14,14400189.5,2.23,100.0,54.2
156,-23717.08,16012720.5,2.27,100.0,54.2
157,-22301.24,14703484.25,2.11,100.0,54.2
158,-22595.53,14740078.25,2.32,99.8,54.0
159,-22240.99,14186437.5,2.1,99.1,53.7
160,-22577.87,15092611.5,2.22,100.0,53.8
161,-22205.01,15294115.0,2.19,100.0,53.9
162,-21484.96,15887082.25,2.06,100.0,53.8
163,-22232.16,14134038.75,2.16,100.0,53.9
164,-22714.83,14024521.75,2.2,100.0,53.9
165,-23175.53,16543243.0,2.23,100.0,54.0
166,-22682.34,14589414.5,2.12,100.0,54.0
167,-22693.52,15088931.5,2.14,100.0,54.0
168,-22296.86,13633417.0,2.12,100.0,54.0
169,-22091.89,15167321.5,2.06,99.5,54.3
170,-22963.98,14354218.5,2.25,100.0,54.4
171,-22276.76,14368407.75,2.14,100.0,54.4
172,-22454.2,15403029.75,2.21,100.0,54.4
173,-22597.82,14172885.25,2.14,100.0,54.5
174,-23789.98,15598891.5,2.33,100.0,54.5
175,-22139.13,14616471.75,2.23,100.0,54.5
176,-22487.9,14828074.25,2.17,100.0,54.5
177,-22836.17,14067773.5,2.21,100.0,54.7
178,-22126.32,16564714.0,2.21,100.0,54.6
179,-22174.38,16602575.75,2.11,99.9,54.0
180,-21752.91,14289328.75,2.06,99.5,54.0
181,-21960.16,16279119.25,2.18,100.0,54.1
182,-21450.41,13881504.25,2.14,100.0,53.9
183,-23790.7,16821364.0,2.24,97.8,53.7
184,-22840.89,15118119.25,2.26,100.0,53.8
185,-22867.1,14244597.75,2.21,100.0,53.8
186,-22880.11,15373310.0,2.19,99.9,53.8
187,-22832.63,14466853.75,2.17,100.0,53.9
188,-22517.78,13922180.25,2.13,100.0,54.0
189,-21793.88,12350516.75,2.16,100.0,54.0
190,-22445.49,15103771.0,2.2,100.0,53.8
191,-22401.2,13025290.5,2.13,100.0,53.9
192,-22622.06,14635647.75,2.18,100.0,54.0
193,-22262.85,13712446.0,2.29,100.0,54.0
194,-23798.92,16424308.25,2.22,100.0,53.4
195,-22346.8,14807310.5,2.2,100.0,53.5
196,-22473.92,13800227.25,2.15,100.0,53.6
197,-22499.04,13115296.0,2.16,100.0,53.7
198,-22520.8,14050709.0,2.16,100.0,53.6
199,-21437.43,13918694.0,2.09,100.0,53.6
200,-22880.16,14093479.0,2.28,100.0,53.8
201,-22431.19,15047077.5,2.07,100.0,53.9
202,-22217.08,13446728.0,2.2,100.0,53.7
203,-21995.57,14688231.0,2.1,100.0,53.8
204,-22056.39,14580620.25,2.14,100.0,53.8
205,-22694.14,14845136.5,2.17,100.0,53.8
206,-22272.43,13418612.25,2.11,99.8,53.9
207,-22668.39,16403398.5,2.24,100.0,54.0
208,-21798.34,14035729.75,2.15,100.0,53.6
209,-21332.42,14852336.25,2.11,100.0,53.7
210,-22399.65,14362310.0,2.21,100.0,53.8
211,-22964.17,14485547.75,2.26,100.0,53.9
212,-21929.41,14757869.25,2.18,100.0,53.9
213,-21620.06,14583119.75,2.07,100.0,53.8
214,-21287.02,14644452.5,2.15,100.0,53.9
215,-21527.53,15964288.0,2.12,100.0,54.0
216,-21645.98,14693211.75,2.19,100.0,54.0
217,-22450.98,14833103.75,2.21,100.0,54.1
218,-21671.32,16111499.0,2.12,100.0,54.3
219,-21717.11,15514474.5,2.11,100.0,54.3
220,-22243.74,15970460.25,2.22,100.0,54.3
221,-22405.19,12769120.25,2.18,100.0,54.3
222,-23897.42,14649839.25,2.36,100.0,54.3
223,-22735.21,15853188.0,2.21,100.0,54.0
224,-22289.47,14764872.25,2.12,100.0,54.1
225,-22620.83,13465448.75,2.16,100.0,54.0
226,-22491.29,14507814.5,2.27,100.0,54.1
227,-22840.81,13416048.75,2.16,92.4,54.1
228,-21448.41,13977710.0,2.16,100.0,54.2
229,-21588.33,15286588.75,2.09,100.0,54.1
230,-22359.16,13253602.5,2.16,99.2,54.1
231,-22409.95,14452021.25,2.18,100.0,54.2
232,-22432.77,16119352.25,2.19,100.0,54.2
233,-22503.13,14540069.5,2.16,100.0,54.2
234,-21578.77,13884366.5,2.08,99.8,54.1
235,-21359.99,12865166.25,2.07,100.0,54.2
236,-23277.68,15407060.75,2.29,100.0,54.3
237,-22377.21,13578821.0,2.12,100.0,54.2
238,-22708.48,13439630.25,2.38,100.0,54.2
239,-22084.44,12588224.5,2.14,100.0,54.3
240,-22469.54,13565347.75,2.22,100.0,54.4
241,-22465.79,14472117.5,2.18,100.0,54.4
242,-21841.19,15600997.75,2.23,100.0,54.3
243,-22140.84,13612540.25,2.19,100.0,54.4
244,-22513.09,13499581.25,2.18,100.0,54.4
245,-22738.54,13578586.5,2.22,100.0,54.5
246,-22429.64,12762140.0,2.2,100.0,54.5
247,-22426.96,13498067.5,2.16,100.0,54.5
248,-22648.42,13438782.25,2.16,100.0,54.7
249,-21686.48,13143497.0,2.02,100.0,54.5
250,-22769.44,13607208.5,2.25,100.0,54.6
251,-22547.92,13822600.25,2.09,99.1,54.7
252,-23339.44,14006703.0,2.27,99.9,54.9
253,-23439.74,13837083.0,2.22,100.0,54.7
254,-22292.29,13183099.75,2.21,100.0,54.7
255,-22950.57,14981523.0,2.24,100.0,54.9
256,-22400.44,14711360.5,2.1,100.0,54.9
257,-21699.7,14749941.5,2.06,100.0,54.9
258,-22247.23,12929047.75,2.22,100.0,54.9
259,-21584.34,13363287.5,2.13,100.0,55.0
260,-22403.52,13025244.75,2.28,100.0,55.1
261,-22540.26,14621995.0,2.26,100.0,55.1
262,-22709.69,13207063.0,2.23,100.0,55.1
263,-22346.56,12797777.25,2.19,100.0,55.1
264,-23276.27,13658259.5,2.19,99.8,55.2
265,-22733.12,13865190.75,2.2,100.0,55.2
266,-22381.37,13754316.0,2.19,100.0,55.2
267,-23053.54,14692435.75,2.18,100.0,55.2
268,-22428.02,14229737.5,2.2,99.4,55.3
269,-22956.28,14107374.75,2.27,100.0,55.3
270,-22500.99,13943251.75,2.15,100.0,55.3
271,-21498.65,12741208.0,2.12,100.0,55.5
272,-22618.79,13059391.25,2.24,100.0,55.5
273,-23076.29,14228117.0,2.26,100.0,54.9
274,-22966.44,12043021.75,2.17,100.0,54.9
275,-22506.12,13908127.5,2.33,100.0,55.0
276,-21930.13,14029884.25,2.05,100.0,55.1
277,-22952.19,13697310.5,2.26,100.0,55.1
278,-22591.86,13453500.25,2.23,100.0,55.1
279,-22473.85,13672794.5,2.15,100.0,55.2
280,-22615.55,12509006.75,2.2,100.0,55.2
281,-22430.05,12474032.0,2.18,100.0,55.2
282,-22506.07,14040979.5,2.25,100.0,55.2
283,-22318.17,12184398.25,2.16,100.0,55.3
284,-22066.71,12603659.5,2.17,100.0,55.3
285,-22269.71,11863957.5,2.11,98.8,55.3
286,-22575.46,13540845.75,2.23,99.8,55.5
287,-22792.9,12532223.25,2.13,100.0,55.6
288,-22302.06,12947167.5,2.15,100.0,55.4
289,-21379.54,13560063.75,2.03,100.0,55.4
290,-22231.28,11886163.75,2.21,100.0,55.5
291,-22491.45,12892550.75,2.28,100.0,55.6
292,-22179.86,13150019.25,2.11,100.0,55.7
293,-22497.72,13418000.5,2.22,100.0,55.6
294,-21106.97,12799558.0,2.16,100.0,55.7
295,-21743.52,12609317.0,2.07,100.0,55.5
296,-22496.24,11917333.75,2.31,100.0,55.6
297,-22297.5,13485420.0,2.07,100.0,55.5
298,-22365.27,13109125.75,2.27,100.0,55.6
299,-22292.39,14366098.5,2.12,100.0,55.6
300,-22564.14,12791335.25,2.2,100.0,55.7
301,-22780.39,12150891.75,2.18,100.0,55.6
302,-22147.17,13396322.25,2.21,100.0,55.7
303,-21418.89,12514670.5,2.02,100.0,55.8
304,-22834.01,12779987.5,2.22,100.0,55.9
305,-21752.76,13086306.0,2.08,100.0,55.8
306,-22539.39,13396558.25,2.19,100.0,56.0
307,-22425.56,12880835.75,2.18,100.0,56.0
308,-23932.31,13373141.75,2.4,100.0,56.7
309,-22366.58,12625497.5,2.16,90.7,56.5
310,-22169.75,11558693.0,2.17,100.0,56.5
311,-21691.24,12462769.5,2.09,100.0,56.5
312,-22524.59,12572107.5,2.15,100.0,56.4
313,-21812.02,12699337.0,2.15,100.0,56.3
314,-22270.59,11730700.0,2.13,100.0,56.4
315,-23698.67,12399764.0,2.28,100.0,56.5
316,-22143.1,13074646.75,2.21,100.0,56.4
317,-22895.56,11919904.25,2.25,100.0,56.5
318,-22208.54,12711733.0,2.09,100.0,56.5
319,-22384.47,11555970.0,2.27,100.0,56.5
320,-21674.76,11569731.5,2.1,100.0,56.5
321,-22225.56,13107847.25,2.23,100.0,56.6
322,-22069.99,11900404.25,2.19,100.0,56.6
323,-21499.53,11974655.25,2.13,100.0,56.7
324,-22447.82,12759487.75,2.22,100.0,56.5
325,-22191.71,12038058.75,2.16,100.0,56.6
326,-22814.38,12195420.25,2.23,99.8,56.5
327,-22037.69,11613751.25,2.14,100.0,56.6
328,-20952.17,11151611.0,2.05,100.0,56.5
329,-21440.68,11570068.75,2.13,100.0,56.3
330,-23065.22,11645031.75,2.22,100.0,56.1
331,-22787.54,12547318.0,2.26,100.0,56.2
332,-21696.1,12273938.25,2.07,100.0,56.2
333,-22332.32,12186375.0,2.13,100.0,56.2
334,-22235.09,11440962.0,2.27,100.0,56.2
335,-21719.16,13271132.0,2.07,100.0,56.3
336,-21817.44,11075304.0,2.12,100.0,56.3
337,-21441.47,11280644.25,2.07,100.0,56.3
338,-22467.25,11595432.0,2.16,100.0,56.3
339,-22405.99,11596289.75,2.16,100.0,56.4
340,-21622.16,12732471.25,2.04,100.0,56.3
341,-22462.95,11372803.0,2.09,100.0,56.3
342,-23062.01,11585872.5,2.23,100.0,56.4
343,-22243.81,11067708.5,2.18,100.0,56.5
344,-22350.85,12133158.5,2.24,100.0,56.4
345,-22394.17,12203482.0,2.36,98.7,56.3
346,-22259.42,10327411.0,2.23,99.5,56.2
347,-23184.49,12266445.0,2.27,99.4,56.2
348,-21878.37,12362432.0,2.14,100.0,56.2
349,-21630.78,11047291.5,2.18,100.0,56.4
350,-21866.46,11623388.5,2.11,100.0,56.5
351,-22481.06,12151108.25,2.13,100.0,56.5
352,-23167.7,11596236.5,2.24,100.0,56.4
353,-22378.24,10620327.25,2.2,100.0,56.5
354,-22585.7,11683962.75,2.18,100.0,56.7
355,-22802.32,11435548.75,2.21,100.0,56.9
356,-22242.4,11776209.5,2.16,95.3,56.5
357,-22703.61,10905348.0,2.26,99.1,56.6
358,-21348.46,10396230.25,2.12,100.0,56.7
359,-23097.76,12077982.75,2.24,100.0,56.8
360,-21810.96,11329425.25,2.12,100.0,56.6
361,-22429.12,10550389.75,2.16,100.0,56.7
362,-22620.07,10685583.0,2.17,100.0,56.8
363,-22361.92,9662331.0,2.24,100.0,56.9
364,-22401.6,10423301.0,2.16,100.0,56.6
365,-22674.74,10758651.25,2.29,100.0,56.7
366,-22685.45,10234990.25,2.26,100.0,56.8
367,-22287.31,10268472.5,2.13,100.0,56.8
368,-22165.46,10930488.75,2.36,100.0,56.5
369,-22014.53,10445619.25,2.16,98.4,56.4
370,-22254.41,9744688.75,2.11,100.0,55.9
371,-22627.48,11012810.75,2.2,100.0,55.9
372,-22961.71,10836862.25,2.24,100.0,55.6
373,-22564.22,10003719.75,2.17,99.6,55.9
374,-23096.62,10081812.25,2.24,100.0,56.0
375,-23301.17,10265921.75,2.23,100.0,55.9
376,-22694.36,10310260.0,2.15,100.0,56.0
377,-22661.87,9983627.5,2.13,100.0,56.1
378,-22143.28,9605450.5,2.21,100.0,56.1
379,-22972.29,10752902.75,2.22,97.9,56.2
380,-21963.38,12249985.5,2.1,100.0,56.3
381,-22329.78,9617349.75,2.2,100.0,56.4
382,-22203.14,11870469.5,2.08,100.0,56.4
383,-22504.16,10159747.5,2.16,100.0,56.4
384,-21446.2,9813988.25,2.12,100.0,56.4
385,-22561.0,10079756.75,2.15,100.0,56.5
386,-22792.8,9355326.75,2.15,99.9,56.7
387,-22891.34,10236143.25,2.18,100.0,56.6
388,-22559.14,9781474.5,2.15,100.0,56.6
389,-23199.03,9901242.25,2.2,100.0,56.7
390,-22340.03,9740601.0,2.19,100.0,56.8
391,-21770.18,10516131.75,2.08,100.0,56.8
392,-22440.77,9479413.0,2.29,100.0,56.9
393,-22199.64,9739176.0,2.08,99.9,56.9
394,-22827.09,9689886.5,2.27,99.6,57.1
395,-21928.71,9510411.25,2.09,100.0,57.0
396,-22495.55,10150471.75,2.25,100.0,56.9
397,-23135.29,11116075.0,2.16,100.0,57.0
398,-22998.64,9715228.75,2.25,100.0,57.1
399,-22188.19,8361802.0,2.19,99.9,57.1
400,-22921.57,9438417.25,2.24,98.9,56.8
401,-22329.43,9500295.5,2.16,100.0,56.9
402,-21680.2,10110565.0,2.17,100.0,56.6
403,-22553.37,8576204.75,2.16,99.6,57.0
404,-22531.08,9898225.5,2.2,100.0,57.0
405,-23545.39,9341044.25,2.19,100.0,57.1
406,-21454.31,8669359.75,2.05,100.0,57.1
407,-22414.18,8597343.75,2.19,100.0,57.1
408,-22296.48,8462758.5,2.29,100.0,57.1
409,-22842.4,8503880.25,2.15,100.0,57.2
410,-22258.75,9996055.5,2.16,100.0,57.3
411,-21586.82,8364228.625,2.08,100.0,57.3
412,-22894.53,8629019.75,2.21,100.0,57.5
413,-22456.19,8722473.5,2.13,100.0,57.6
414,-21941.74,9485761.25,2.14,100.0,57.5
415,-22370.72,8666672.25,2.18,100.0,57.5
416,-22682.92,8744458.0,2.24,100.0,57.6
417,-22811.04,8246844.625,2.15,100.0,57.7
418,-21650.09,9540883.5,2.06,100.0,57.8
419,-22300.12,8361248.625,2.17,100.0,57.8
420,-22505.01,8438118.75,2.19,100.0,57.8
421,-22495.14,8629918.0,2.19,100.0,57.9
422,-22181.06,7614404.875,2.13,100.0,57.9
423,-22035.87,9393362.75,2.16,100.0,58.0
424,-21767.79,8320403.5,2.08,99.8,58.1
425,-22201.34,7945021.625,2.23,100.0,58.1
426,-23031.48,8715994.5,2.25,100.0,58.2
427,-22631.6,8480432.25,2.13,100.0,58.3
428,-22727.59,8129877.25,2.22,100.0,58.3
429,-22415.78,7955999.25,2.13,100.0,58.4
430,-22388.48,7587969.125,2.18,100.0,58.5
431,-22520.43,7896584.75,2.17,100.0,58.6
432,-22125.46,7549062.75,2.17,100.0,58.8
433,-22690.3,8123468.375,2.15,100.0,58.8
434,-22612.1,8544712.0,2.16,100.0,58.6
435,-22553.74,7853213.375,2.18,100.0,58.1
436,-22379.39,8822288.5,2.27,100.0,58.0
437,-22187.64,8514065.5,2.19,100.0,58.1
438,-22448.21,7962471.25,2.28,100.0,58.2
439,-21473.49,7193580.125,2.11,100.0,58.1
440,-22994.43,7600810.375,2.22,100.0,57.8
441,-22302.75,7551440.0,2.24,100.0,57.8
442,-23631.52,8388045.25,2.27,100.0,57.8
443,-21960.86,6811441.875,2.27,100.0,57.9
444,-21709.13,7864594.25,2.11,100.0,57.8
445,-22401.43,7170041.375,2.18,100.0,57.9
446,-22001.07,7128011.375,2.21,100.0,57.9
447,-21761.88,6472749.625,2.11,100.0,57.9
448,-21873.92,7283949.75,2.13,100.0,58.0
449,-22912.64,7097720.125,2.19,100.0,58.1
450,-22277.44,7025367.5,2.26,100.0,57.8
451,-22529.86,6831450.0,2.14,100.0,57.8
452,-22526.84,7253031.0,2.26,100.0,57.9
453,-22260.1,6397869.625,2.25,99.9,58.2
454,-22972.79,7473102.25,2.22,94.0,58.1
455,-22917.44,7292984.25,2.23,100.0,58.1
456,-23446.26,7489978.0,2.24,100.0,58.2
457,-22064.64,7080565.125,2.09,99.0,58.4
458,-22267.67,6135653.125,2.21,100.0,58.4
459,-23363.32,7081788.25,2.3,100.0,58.3
460,-22079.54,6114758.5,2.14,100.0,58.4
461,-22178.32,5948041.125,2.16,100.0,58.6
462,-23060.23,6752030.75,2.22,100.0,58.5
463,-21487.13,6733801.625,2.04,100.0,58.5
464,-22315.55,6379946.75,2.21,99.8,58.6
465,-21961.95,6166369.5,2.17,100.0,58.6
466,-21850.64,6337201.625,2.12,100.0,58.7
467,-22134.97,6616611.75,2.11,100.0,58.7
468,-22113.76,7475363.125,2.16,100.0,58.8
469,-23036.33,6605734.875,2.21,100.0,58.7
470,-22404.29,6360174.25,2.16,100.0,58.8
471,-23447.76,6909268.5,2.27,100.0,58.8
472,-22187.4,5451311.375,2.15,100.0,58.9
473,-22572.93,6145317.5,2.17,100.0,58.6
474,-22518.84,5784664.5,2.29,100.0,58.7
475,-22383.52,6021814.625,2.18,99.9,58.7
476,-22402.24,5726301.5,2.23,100.0,58.7
477,-21319.42,6681313.375,2.05,100.0,58.5
478,-22566.59,5980227.0,2.17,100.0,58.6
479,-21909.28,5744215.375,2.18,99.1,58.4
480,-21787.69,6923253.125,2.16,100.0,58.5
481,-23547.06,5695228.875,2.25,100.0,58.4
482,-22067.07,5495671.125,2.14,100.0,58.4
483,-23399.93,5626576.5,2.2,100.0,58.5
484,-22531.52,5784929.125,2.17,100.0,58.6
485,-22432.92,5756995.75,2.17,100.0,58.6
486,-22825.14,6751153.0,2.21,100.0,58.7
487,-21688.27,6348956.75,2.13,100.0,58.7
488,-22480.38,5064094.375,2.22,100.0,58.8
489,-22410.29,5656637.25,2.14,100.0,58.7
490,-22495.71,5175672.375,2.18,97.0,58.8
491,-22474.05,5930483.875,2.2,100.0,58.8
492,-21691.47,5474419.0,2.12,100.0,58.9
493,-22013.89,4919417.75,2.02,100.0,58.9
494,-22415.03,5754238.625,2.19,100.0,58.9
495,-23164.89,5414247.125,2.2,100.0,58.7
496,-21903.6,5105021.625,2.06,100.0,58.7
497,-22764.68,4988664.25,2.15,100.0,58.8
498,-22430.26,4787851.875,2.14,100.0,58.9
499,-22284.5,4747731.75,2.16,100.0,58.8
500,-22746.61,4285035.375,2.18,100.0,58.9
501,-21527.91,5156182.0,2.05,100.0,59.0
502,-23915.42,5880223.25,2.25,100.0,59.0
503,-23035.26,4591093.0,2.2,100.0,59.0
504,-22351.14,4573083.625,2.2,100.0,59.1
505,-22193.16,4047931.125,2.14,100.0,59.2
506,-23269.93,4698719.75,2.21,100.0,59.2
507,-21609.78,5283621.375,2.13,100.0,58.7
508,-22466.76,5163232.625,2.27,100.0,58.9
509,-21691.7,5639224.875,2.13,100.0,58.9
510,-22454.5,4783813.625,2.24,100.0,59.0
511,-22784.45,4569108.375,2.16,96.4,59.5
512,-23775.96,4548656.75,2.37,100.0,59.6
513,-22462.73,4172710.125,2.17,100.0,59.6
514,-22030.84,4252845.75,2.07,100.0,59.6
515,-21892.91,4330226.125,2.23,100.0,59.7
516,-21811.98,3995588.875,2.14,100.0,60.0
517,-22478.4,4732573.875,2.24,100.0,60.0
518,-22257.93,3845328.9375,2.17,100.0,60.2
519,-22506.39,4149880.6875,2.3,100.0,60.6
520,-21732.77,4983853.75,2.17,99.3,61.4
521,-22239.83,3616265.8125,2.2,100.0,61.5
522,-22889.8,3952480.375,2.26,100.0,61.5
523,-22878.45,3947360.25,2.19,100.0,61.7
524,-21631.19,4680773.5,2.09,99.7,61.6
525,-22359.7,3641402.375,2.15,100.0,61.7
526,-22374.49,3873647.875,2.22,100.0,61.0
527,-23012.52,3455775.5625,2.22,100.0,61.2
528,-22824.65,3747056.375,2.16,100.0,61.2
529,-22390.12,3565073.5,2.27,100.0,61.2
530,-22119.79,3127356.8125,2.15,97.5,61.3
531,-21893.21,3872235.3125,2.17,100.0,61.1
532,-22366.12,3540569.0625,2.1,100.0,61.1
533,-23269.39,4112269.5625,2.28,100.0,60.9
534,-22603.99,3213227.875,2.15,100.0,60.8
535,-22423.3,3319696.3125,2.23,100.0,61.0
536,-22177.13,3595590.125,2.15,100.0,61.1
537,-22689.14,3479894.625,2.17,100.0,61.1
538,-22404.43,3432845.0625,2.32,100.0,61.3
539,-22262.06,3150629.375,2.16,100.0,61.5
540,-22577.51,3056378.8125,2.22,100.0,61.7
541,-22239.87,2656591.0,2.2,100.0,61.4
542,-21615.56,3314991.0,2.09,100.0,61.4
543,-22608.14,3195210.6875,2.24,100.0,61.6
544,-21566.97,3139204.875,2.1,100.0,61.7
545,-22125.12,2928602.4375,2.2,100.0,61.8
546,-23075.83,3251336.25,2.18,100.0,61.7
547,-22260.45,2562088.625,2.3,100.0,61.8
548,-23019.64,2790155.6875,2.17,100.0,61.7
549,-22217.88,2975123.875,2.29,99.9,61.3
550,-22513.79,3160812.75,2.18,100.0,60.7
551,-22385.23,2380863.5625,2.15,100.0,60.9
552,-21463.08,2848763.875,2.07,100.0,60.6
553,-21988.19,2615098.1875,2.19,100.0,60.6
554,-22282.76,2379806.0625,2.22,100.0,60.6
555,-22195.81,2184828.875,2.13,100.0,60.7
556,-22597.52,2375900.5,2.17,100.0,60.8
557,-23635.71,2915378.3125,2.37,100.0,59.8
558,-22454.52,2219608.0,2.16,100.0,59.8
559,-22494.64,2579036.9375,2.15,100.0,59.8
560,-22835.19,2227707.3125,2.27,100.0,60.0
561,-21466.03,1931587.4688,2.04,100.0,59.9
562,-21618.31,2191102.1875,2.09,100.0,60.0
563,-22019.48,1944619.2188,2.51,97.8,60.1
564,-22661.68,2174009.875,2.12,100.0,60.1
565,-22800.17,1874594.5625,2.24,100.0,60.0
566,-22458.21,2058685.1875,2.17,100.0,60.2
567,-22109.07,1705461.75,2.19,100.0,60.3
568,-22502.71,1842538.5312,2.19,100.0,60.7
569,-22857.31,2206064.6875,2.15,100.0,60.7
570,-21954.49,2427193.5,2.16,100.0,60.7
571,-22825.09,2046112.1562,2.24,100.0,60.9
572,-22623.84,1601526.4375,2.13,100.0,60.8
573,-22670.53,1821157.3125,2.22,100.0,60.9
574,-22485.68,1726753.0,2.22,100.0,61.0
575,-22903.69,1600236.0625,2.19,99.9,60.7
576,-23232.37,1703193.5312,2.38,100.0,60.3
577,-22424.32,1608848.5312,2.22,99.6,60.2
578,-21173.98,2151067.75,2.11,98.7,60.2
579,-22587.17,1513293.9375,2.18,100.0,60.4
580,-23378.99,1746148.6875,2.34,100.0,60.2
581,-22520.91,1483164.8438,2.2,100.0,60.1
582,-22706.5,1910350.9688,2.21,100.0,60.2
583,-21708.61,1267766.25,2.1,100.0,60.3
584,-22443.38,1290731.375,2.19,99.7,60.2
585,-22368.54,1492321.9062,2.13,100.0,60.2
586,-22423.6,1215342.4688,2.16,100.0,60.3
587,-23004.07,1880691.5312,2.18,100.0,60.4
588,-22365.01,1103299.4062,2.25,100.0,60.3
589,-22588.0,1423485.0,2.14,98.5,60.4
590,-22649.76,1752950.7188,2.27,100.0,60.5
591,-22345.5,1437472.3125,2.2,100.0,60.1
592,-21562.09,1737461.875,2.13,100.0,59.9
593,-23345.22,1209485.4062,2.26,100.0,60.0
594,-22719.59,866292.8594,2.28,100.0,60.0
595,-21750.26,1111450.2812,2.12,98.5,60.2
596,-22209.57,955742.2969,2.24,99.6,60.3
597,-21110.0,1089589.1875,2.11,100.0,60.3
598,-23471.02,1170624.8438,2.27,100.0,60.3
599,-23139.14,878917.1562,2.14,100.0,60.3
600,-22715.83,1594788.0938,2.16,100.0,60.4
601,-23103.26,987589.2344,2.25,100.0,60.4
602,-22663.65,1131744.5938,2.18,100.0,60.4
603,-22454.91,1155307.6562,2.19,100.0,60.6
604,-23021.45,903843.4375,2.16,100.0,60.6
605,-22620.98,790526.6094,2.21,99.0,60.8
606,-22247.31,826050.6562,2.19,100.0,60.9
607,-22208.32,731308.8281,2.11,98.9,61.1
608,-22549.84,790894.0,2.21,100.0,61.1
609,-21421.77,875736.2656,2.11,100.0,61.1
610,-22524.2,981012.2969,2.19,99.5,61.2
611,-22112.56,1258985.0,2.16,100.0,61.3
612,-23627.56,835519.2031,2.29,100.0,60.8
613,-21701.23,1259468.5,2.06,100.0,60.9
614,-22711.64,617212.6406,2.16,100.0,60.9
615,-22643.98,705038.2969,2.24,100.0,61.0
616,-22722.19,849663.2344,2.13,99.8,61.1
617,-22706.25,550108.0625,2.29,99.5,61.5
618,-22407.05,743844.625,2.13,100.0,61.2
619,-22567.85,522769.9688,2.18,100.0,61.2
620,-22198.77,805798.125,2.18,100.0,61.2
621,-22765.38,1048002.9531,2.2,100.0,61.3
622,-22509.46,1239517.3438,2.13,100.0,61.3
623,-22073.99,747595.8125,2.13,99.0,61.3
624,-22921.6,801178.3281,2.28,100.0,61.4
625,-22399.74,769975.7812,2.26,100.0,61.4
626,-21764.63,762891.375,2.09,100.0,61.3
627,-22825.02,474033.4609,2.21,100.0,61.4
628,-22571.13,746927.5938,2.16,100.0,61.4
629,-22427.38,917101.4375,2.19,100.0,61.6
630,-22083.1,463551.6641,2.26,100.0,61.3
631,-21599.24,298282.1484,2.03,100.0,61.3
632,-23028.16,574234.0469,2.34,100.0,61.4
633,-22089.9,569406.1406,2.16,100.0,61.5
634,-22867.13,498071.9297,2.38,99.3,61.0
635,-21305.72,492641.25,2.13,99.6,60.9
636,-22305.72,1270382.1875,2.18,100.0,61.0
637,-22734.94,355726.1562,2.18,100.0,61.1
638,-21427.64,309962.0703,2.09,100.0,60.8
639,-22215.68,782454.4219,2.19,100.0,60.7
640,-22867.12,356926.4844,2.21,100.0,60.8
641,-22312.87,351121.4141,2.25,100.0,60.8
642,-21952.53,1003480.7344,2.1,100.0,60.8
643,-23125.82,514743.875,2.36,100.0,60.9
644,-22276.2,562671.0312,2.19,100.0,61.1
645,-22203.95,695728.8281,2.15,100.0,61.2
646,-21598.38,473976.4375,2.19,100.0,61.3
647,-22187.23,738679.9062,2.2,100.0,61.4
648,-23043.39,507190.9609,2.2,100.0,61.3
649,-21797.05,838918.1094,2.08,100.0,61.4
650,-22590.5,415222.5859,2.18,100.0,61.4
651,-22271.05,553887.2188,2.2,100.0,61.5
652,-21982.11,204206.8281,2.15,100.0,61.5
653,-22503.4,526220.6328,2.18,100.0,61.6
654,-22148.99,689262.7812,2.29,100.0,61.7
655,-21949.28,518370.3984,2.08,100.0,61.6
656,-21945.56,500258.2969,2.09,100.0,61.7
657,-23035.2,179319.75,2.27,100.0,61.6
658,-21406.6,280158.8672,2.13,100.0,61.8
659,-23552.35,249089.1406,2.27,100.0,61.2
660,-22313.7,465472.625,2.27,100.0,61.4
661,-22279.95,723010.4688,2.12,99.8,61.5
662,-22083.18,422383.2656,2.15,99.9,61.7
663,-23166.17,314400.6953,2.18,100.0,61.6
664,-21787.78,608214.9844,2.13,100.0,61.7
665,-22418.82,347152.0781,2.13,99.5,61.6
666,-23413.59,496428.3125,2.32,100.0,61.7
667,-24195.01,268970.8164,2.24,100.0,61.5
668,-21353.04,647322.9844,2.12,100.0,61.7
669,-22274.63,171746.2031,2.19,100.0,61.7
670,-21361.59,528948.3438,2.13,100.0,61.8
671,-22128.52,247215.8047,2.18,100.0,61.9
672,-21577.94,439201.9688,2.18,100.0,62.0
673,-23257.3,199788.2891,2.23,100.0,61.9
674,-21582.22,131930.2676,2.09,100.0,61.9
675,-22001.58,611314.125,2.15,100.0,62.0
676,-22771.76,277519.8594,2.21,100.0,61.5
677,-23169.9,139433.4336,2.3,100.0,61.6
678,-21687.33,337524.7969,2.13,100.0,61.6
679,-22370.91,166867.9688,2.18,100.0,61.8
680,-21534.78,450100.3672,2.09,100.0,61.8
681,-21572.73,285920.5078,2.13,100.0,61.8
682,-22377.28,391902.8438,2.14,100.0,61.8
683,-22609.72,334410.6172,2.25,99.8,62.1
684,-22214.98,438473.4844,2.17,100.0,62.1
685,-22803.63,259480.2109,2.19,100.0,62.1
686,-22326.85,164240.6406,2.17,99.7,62.3
687,-23039.27,173675.457,2.25,100.0,62.4
688,-23064.11,71152.4395,2.18,100.0,62.4
689,-22806.0,160131.1992,2.27,100.0,62.5
690,-22550.55,462700.7188,2.06,100.0,62.6
691,-22027.8,617827.2656,2.13,100.0,62.6
692,-22891.12,162245.4219,2.13,100.0,62.5
693,-23200.29,313547.3672,2.22,100.0,62.7
694,-22242.75,591994.4375,2.12,100.0,62.7
695,-21766.09,453413.8672,2.16,100.0,62.8
696,-22477.62,72680.8018,2.18,100.0,62.9
697,-22494.27,533730.0391,2.17,100.0,62.8
698,-23205.86,185111.7266,2.23,100.0,62.8
699,-22564.47,54201.3184,2.1,100.0,62.9
700,-21772.22,207107.8711,2.12,100.0,63.1
701,-21711.7,512778.6562,2.11,100.0,63.1
702,-21988.62,334714.4375,2.14,100.0,63.2
703,-22677.47,161680.3008,2.22,100.0,62.8
704,-21694.67,74616.6348,2.04,100.0,62.9
705,-23635.27,148139.8867,2.32,100.0,62.9
706,-23119.62,183525.793,2.16,99.3,62.3
707,-21682.26,173940.2227,2.13,100.0,62.3
708,-22767.32,160776.8281,2.22,100.0,62.3
709,-21904.34,124695.3828,2.05,100.0,62.3
710,-21804.03,487354.9844,2.11,100.0,62.0
711,-22926.5,166385.6211,2.21,100.0,61.9
712,-22285.93,141872.1758,2.09,100.0,62.1
713,-22905.7,153834.2891,2.19,98.3,62.1
714,-22229.52,129445.6035,2.19,100.0,62.0
715,-21904.75,282780.2578,2.13,100.0,62.1
716,-22363.94,81666.1289,2.15,100.0,62.1
717,-22336.1,41648.9814,2.14,100.0,62.2
718,-22500.73,347622.3281,2.22,100.0,62.2
719,-22386.0,130147.7031,2.14,100.0,62.3
720,-21731.13,372605.7891,2.08,100.0,62.0
721,-22947.38,243368.3867,2.19,100.0,62.2
722,-22208.63,35220.1836,2.16,100.0,62.1
723,-24204.8,35355.2207,2.25,99.7,62.1
724,-21734.12,402324.2344,2.12,100.0,62.1
725,-22756.51,39515.2422,2.13,100.0,61.9
726,-21623.97,266642.9062,2.1,100.0,62.0
727,-22875.17,199317.8242,2.19,100.0,62.0
728,-21561.5,308360.5078,2.12,100.0,62.1
729,-23449.91,142863.5312,2.27,100.0,62.2
730,-21575.22,239294.2969,2.1,100.0,62.1
731,-22131.66,48998.1064,2.12,100.0,62.1
732,-22372.53,67894.9736,2.1,100.0,62.3
733,-23620.57,154621.0781,2.38,100.0,62.4
734,-21462.94,327131.9375,2.03,96.8,62.4
735,-22342.0,57489.2031,2.2,99.6,62.5
736,-22553.18,66482.5498,2.19,100.0,62.6
737,-22541.29,350103.3438,2.19,100.0,62.5
738,-22090.5,63804.2705,2.12,100.0,62.1
739,-22626.85,76759.3184,2.25,100.0,62.2
740,-22413.76,98611.0977,2.18,100.0,62.2
741,-21445.93,289510.5625,2.11,100.0,62.2
742,-23095.35,134352.916,2.33,100.0,62.3
743,-21578.63,167751.3281,2.11,100.0,62.4
744,-22336.2,213331.9531,2.19,100.0,62.4
745,-21612.79,189665.7266,2.1,100.0,62.5
746,-22684.64,95249.5527,2.22,100.0,62.5
747,-22349.58,102761.7715,2.11,100.0,62.5
748,-22918.25,324528.5469,2.31,100.0,62.6
749,-21877.17,65291.7422,2.06,100.0,62.7
750,-22618.57,293979.2734,2.21,100.0,62.7
751,-23146.97,133134.5645,2.23,100.0,62.6
752,-22526.16,145730.0664,2.15,100.0,62.8
753,-22629.53,149972.5703,2.22,100.0,62.8
754,-21616.71,42111.7754,2.1,100.0,62.8
755,-21616.27,292239.1641,2.1,100.0,62.9
756,-21409.13,484945.0703,2.17,100.0,63.1
757,-22617.9,22429.9888,2.12,98.4,63.0
758,-22451.16,106211.4922,2.26,100.0,63.0
759,-23091.43,25591.5474,2.36,100.0,63.1
760,-22545.51,60462.2178,2.16,99.4,63.2
761,-21810.74,49408.7334,2.2,100.0,63.2
762,-21095.11,67365.4863,2.1,100.0,63.2
763,-21518.34,192749.6875,2.09,97.6,63.2
764,-22567.68,38673.6904,2.15,100.0,63.3
765,-22257.69,231709.3984,2.11,100.0,63.3
766,-21242.67,96174.8496,2.1,100.0,63.3
767,-23323.91,218986.25,2.21,100.0,63.3
768,-23278.59,89643.2207,2.23,100.0,63.1
769,-21977.82,155966.457,2.11,100.0,63.1
770,-23548.91,92621.0684,2.22,100.0,63.1
771,-21859.15,300462.1719,2.15,100.0,63.2
772,-21797.69,62079.3721,2.1,96.2,63.2
773,-23395.53,95182.0312,2.27,100.0,63.3
774,-22302.23,37059.7188,2.16,100.0,63.3
775,-22897.25,70545.1797,2.21,100.0,63.4
776,-21834.39,119820.0254,2.12,100.0,63.4
777,-23993.57,158821.25,2.36,100.0,63.5
778,-22782.25,41830.4238,2.14,100.0,63.5
779,-23466.39,45761.6338,2.25,100.0,63.5
780,-22725.02,74410.8457,2.09,100.0,63.5
781,-24013.9,45089.6875,2.22,100.0,63.7
782,-22509.05,84045.4121,2.21,100.0,63.8
783,-22853.99,79706.1328,2.16,100.0,63.7
784,-23283.73,69446.0283,2.26,100.0,63.7
785,-22108.13,112552.9766,2.18,100.0,63.8
786,-22485.8,110767.3047,2.17,100.0,63.8
787,-22353.75,52870.3018,2.16,100.0,64.0
788,-21724.57,257207.7383,2.14,100.0,64.0
789,-21732.55,135678.8145,2.06,100.0,63.9
790,-23517.07,55541.1699,2.21,97.0,64.1
791,-21647.65,46905.4941,2.12,100.0,64.1
792,-23299.81,174106.4609,2.27,100.0,64.1
793,-22728.09,149606.2461,2.13,99.8,64.2
794,-23542.41,67718.4912,2.28,100.0,64.3
795,-22412.13,70315.3809,2.19,100.0,64.3
796,-22864.43,44827.3926,2.19,100.0,63.8
797,-23152.63,36248.6646,2.29,100.0,63.9
798,-22190.27,192110.5977,2.19,100.0,63.8
799,-21868.09,132652.6523,2.19,98.2,63.5
800,-22607.11,66460.6816,2.23,100.0,63.5
801,-22317.31,69357.1445,2.24,100.0,63.6
802,-21882.38,180630.0859,2.13,100.0,63.7
803,-22412.13,170491.1523,2.31,100.0,63.6
804,-22565.36,47848.9482,2.21,100.0,63.6
805,-22187.99,24096.186,2.12,100.0,63.8
806,-22226.89,640067.2031,2.21,100.0,63.9
807,-23695.46,61536.208,2.24,100.0,63.7
808,-21957.5,66637.1846,2.11,98.3,63.9
809,-23357.95,105656.207,2.27,100.0,64.0
810,-22149.37,146634.7305,2.11,100.0,64.0
811,-21608.86,35274.3799,2.13,100.0,64.1
812,-22082.65,58078.7715,2.09,100.0,64.3
813,-23310.83,361068.2031,2.27,100.0,64.4
814,-22024.53,28747.8564,2.12,100.0,63.9
815,-22421.18,84806.6328,2.14,99.9,63.6
816,-22733.07,53890.8447,2.28,100.0,63.7
817,-21403.55,22739.6104,2.09,100.0,63.7
818,-22567.22,50383.3643,2.21,100.0,63.7
819,-23095.08,419552.1016,2.19,100.0,63.7
820,-21330.81,51017.418,2.22,100.0,63.8
821,-23963.92,292904.7578,2.24,99.9,63.9
822,-22117.42,141302.6641,2.21,100.0,64.1
823,-21843.64,31567.6465,2.11,100.0,63.9
824,-23103.97,25111.7549,2.25,100.0,64.1
825,-22150.05,21972.2295,2.16,100.0,64.2
826,-22665.35,49207.1787,2.26,100.0,64.7
827,-22423.78,39018.1914,2.17,100.0,64.6
828,-22431.22,14860.6091,2.16,100.0,64.7
829,-22823.87,80821.6816,2.24,100.0,64.8
830,-21637.88,485862.9922,2.04,100.0,64.6
831,-22649.53,20549.604,2.17,100.0,64.6
832,-22496.32,307475.0938,2.21,100.0,64.7
833,-22977.84,139392.377,2.18,99.9,64.8
834,-21680.55,191688.9727,2.14,100.0,64.8
835,-21841.81,52713.7812,2.11,100.0,64.7
836,-21514.87,161152.1094,2.07,100.0,64.8
837,-22476.68,22581.1729,2.2,100.0,64.7
838,-21640.59,485016.0859,2.16,100.0,64.8
839,-22385.29,7182.6603,2.15,100.0,64.8
840,-23747.26,194260.3789,2.29,100.0,64.9
841,-21786.54,51870.873,2.13,100.0,64.9
842,-23345.96,61417.4033,2.23,100.0,64.5
843,-22180.08,38282.2803,2.11,100.0,64.6
844,-23332.16,94502.4102,2.24,100.0,64.6
845,-22889.57,54880.4912,2.24,100.0,64.6
846,-22302.04,57852.1826,2.17,100.0,64.7
847,-22459.39,128734.7344,2.21,100.0,64.8
848,-21971.35,40203.7178,2.07,100.0,64.9
849,-22510.0,17826.5571,2.2,100.0,65.0
850,-21548.64,29332.9697,2.09,100.0,65.1
851,-23094.78,102483.9902,2.21,99.6,65.2
852,-22156.83,23613.2227,2.18,100.0,65.4
853,-21717.91,66941.9053,2.12,100.0,65.3
854,-22591.65,60812.085,2.18,100.0,65.5
855,-21929.22,21274.5132,2.13,100.0,65.4
856,-21846.58,173946.4297,2.06,100.0,65.4
857,-22149.31,98624.6816,2.18,100.0,65.5
858,-22347.68,42481.1279,2.12,99.1,65.6
859,-22223.95,37916.4043,2.25,100.0,65.7
860,-22216.57,33866.249,2.1,100.0,65.7
861,-23137.14,30352.2954,2.2,100.0,65.8
862,-21726.69,39197.7959,2.15,100.0,65.8
863,-22860.15,159434.8438,2.15,100.0,66.0
864,-22005.69,29378.3711,2.11,100.0,65.9
865,-22349.41,29100.9331,2.2,99.4,66.1
866,-22999.22,96957.3262,2.23,100.0,66.2
867,-22659.23,94385.8535,2.15,100.0,66.2
868,-22959.78,140273.9219,2.2,100.0,66.1
869,-22477.18,163760.8867,2.18,100.0,66.1
870,-21835.11,51297.6377,2.16,100.0,66.2
871,-22246.62,16069.6875,2.13,100.0,66.3
872,-21913.36,116360.5566,2.08,100.0,66.3
873,-23027.37,18018.7256,2.26,100.0,66.4
874,-22714.67,18296.3345,2.16,100.0,66.3
875,-22111.52,127886.7383,2.26,100.0,66.4
876,-22685.71,39264.6514,2.2,100.0,66.4
877,-22161.36,15430.7512,2.18,100.0,66.5
878,-22129.1,74834.8164,2.22,100.0,66.6
879,-21699.38,5714.5616,2.09,100.0,66.6
880,-22751.12,23411.4546,2.22,100.0,66.5
881,-22462.48,49277.6123,2.24,100.0,66.7
882,-22798.02,60365.2578,2.18,100.0,66.1
883,-22743.57,92780.3789,2.25,100.0,66.2
884,-22127.18,49932.0947,2.23,100.0,65.6
885,-22983.03,150612.5391,2.24,100.0,65.7
886,-22884.08,26210.4995,2.17,100.0,65.5
887,-22787.27,40086.9961,2.38,100.0,65.8
888,-23900.98,84697.498,2.25,99.7,65.6
889,-21681.33,44794.8535,2.17,99.9,65.8
890,-21546.13,50762.5576,2.13,100.0,65.8
891,-22724.99,18884.0581,2.22,100.0,65.7
892,-22387.0,130469.7188,2.18,100.0,65.7
893,-22832.04,34689.627,2.13,100.0,65.8
894,-22520.75,27766.3901,2.21,100.0,65.8
895,-22240.79,21998.6289,2.15,100.0,65.8
896,-22598.86,75484.3164,2.27,100.0,65.4
897,-21641.48,151556.4102,2.13,100.0,65.4
898,-22181.12,17651.5491,2.19,100.0,65.6
899,-22310.52,24334.9419,2.14,100.0,65.5
900,-22830.16,8760.3104,2.18,100.0,65.7
901,-22791.59,29212.6177,2.24,100.0,65.7
902,-22507.34,43762.4766,2.24,100.0,65.9
903,-21436.38,55714.7109,2.07,99.7,65.8
904,-22656.88,8843.4983,2.22,100.0,65.8
905,-22404.74,11356.729,2.21,100.0,65.9
906,-21866.27,57625.0938,2.08,100.0,65.8
907,-23262.11,61118.6758,2.22,98.6,65.5
908,-21317.77,102728.043,2.1,100.0,65.2
909,-22267.34,19332.8267,2.15,100.0,65.1
910,-22435.28,99109.541,2.25,100.0,65.1
911,-22143.08,13214.7888,2.16,100.0,65.2
912,-22583.62,45889.3975,2.22,100.0,65.3
913,-22452.51,10152.2744,2.15,100.0,65.4
914,-22846.5,11461.853,2.21,100.0,65.3
915,-22446.16,29084.436,2.18,100.0,65.3
916,-22341.8,21102.0254,2.17,100.0,65.4
917,-22503.42,13849.2527,2.18,100.0,65.4
918,-22471.87,371142.2188,2.14,100.0,65.4
919,-23315.94,95193.6855,2.2,98.4,65.5
920,-22108.0,53032.9238,2.18,100.0,65.5
921,-22894.01,37653.5264,2.2,100.0,65.6
922,-23864.12,143804.3086,2.21,99.5,65.6
923,-22421.4,33265.7588,2.22,100.0,65.6
924,-22684.07,60845.1836,2.17,100.0,65.7
925,-23115.02,41799.3418,2.25,99.9,65.9
926,-22619.63,17831.3806,2.17,100.0,66.0
927,-21490.47,139378.3984,2.11,100.0,66.0
928,-21731.19,54167.4502,2.07,99.9,66.5
929,-22535.37,49317.6592,2.19,99.8,66.6
930,-22383.01,46478.0469,2.17,100.0,66.8
931,-21797.14,37218.0156,2.11,100.0,66.7
932,-22549.67,37998.9229,2.22,100.0,66.8
933,-22517.62,11270.0813,2.17,100.0,66.8
934,-22655.36,39342.8682,2.18,100.0,66.8
935,-22481.37,15100.4204,2.16,100.0,67.0
936,-23332.36,53163.0508,2.26,100.0,67.1
937,-21746.39,35887.999,2.12,100.0,67.0
938,-22690.02,36474.2021,2.08,100.0,67.0
939,-21418.42,98010.291,2.06,100.0,67.1
940,-23238.16,51064.708,2.24,100.0,67.3
941,-21989.48,13521.9397,2.16,100.0,67.3
942,-22632.34,141871.3809,2.21,100.0,67.4
943,-22419.34,19767.0146,2.15,100.0,67.4
944,-22498.68,8199.8439,2.18,100.0,67.5
945,-22199.18,24757.5908,2.17,100.0,67.4
946,-23033.1,47863.5801,2.21,100.0,67.5
947,-21779.53,38725.8906,2.12,100.0,67.6
948,-22329.03,9202.2905,2.1,100.0,67.6
949,-21312.78,83759.5977,2.13,100.0,67.5
950,-23061.55,56976.4492,2.19,100.0,67.6
951,-21815.96,21304.5059,2.14,100.0,67.7
952,-22121.58,24420.5029,2.16,100.0,67.7
953,-23195.16,48741.8418,2.19,100.0,67.9
954,-21514.63,49391.6748,2.12,100.0,67.9
955,-23436.56,205134.3438,2.35,100.0,67.5
956,-23056.93,28508.3999,2.18,100.0,67.4
957,-21905.11,141138.1289,2.1,100.0,67.6
958,-22561.54,34968.8506,2.17,100.0,67.6
959,-22444.78,61481.835,2.13,100.0,67.5
960,-22505.56,11297.1604,2.18,100.0,67.6
961,-21765.32,12341.9783,2.11,100.0,67.7
962,-22847.75,37216.0049,2.27,100.0,67.9
963,-22313.76,38575.0283,2.12,100.0,67.8
964,-22370.52,16913.1125,2.33,99.8,68.0
965,-22002.93,8806.7708,2.12,99.8,68.2
966,-22629.81,52650.1914,2.15,100.0,68.2
967,-21394.13,78814.3184,2.16,100.0,67.9
968,-23088.11,24189.729,2.2,100.0,67.6
969,-23020.76,7819.2418,2.18,100.0,67.6
970,-22719.13,14712.7744,2.28,100.0,67.7
971,-22373.34,11693.4939,2.29,100.0,67.8
972,-22390.0,3613.7374,2.15,100.0,67.8
973,-22092.48,13998.3772,2.4,99.5,68.0
974,-22342.01,27365.9448,2.18,100.0,68.2
975,-21835.03,17888.9219,2.14,100.0,68.0
976,-22514.27,25607.5801,2.2,100.0,68.0
977,-22618.74,8702.6598,2.27,100.0,67.6
978,-22255.47,12745.3081,2.17,100.0,67.7
979,-22618.51,13199.8247,2.18,100.0,67.8
980,-22435.85,36345.8486,2.22,100.0,67.9
981,-22779.28,14107.9211,2.21,100.0,67.9
982,-22393.45,14121.8784,2.17,100.0,68.0
983,-22760.26,21318.0913,2.26,100.0,68.0
984,-22526.03,9466.4885,2.24,100.0,68.1
985,-22438.98,11702.3569,2.17,100.0,68.2
986,-22759.19,16460.4482,2.29,100.0,68.3
987,-22784.18,8330.6672,2.19,100.0,67.8
988,-22793.68,6556.5057,2.22,100.0,67.9
989,-22531.13,8552.5922,2.22,100.0,68.0
990,-22484.64,18041.2354,2.19,99.8,68.3
991,-22370.69,17729.2207,2.22,100.0,68.2
992,-22494.35,26072.416,2.22,100.0,68.2
993,-21474.3,44061.2822,2.08,100.0,68.3
994,-23116.21,37629.8379,2.23,100.0,68.4
995,-22481.45,6211.6016,2.22,100.0,68.4
996,-22839.71,5763.9934,2.15,100.0,68.4
997,-21716.31,35802.8975,2.11,100.0,68.5
998,-22590.05,6136.6132,2.21,100.0,68.4
999,-22797.76,6897.8657,2.2,100.0,68.3
1000,-22447.38,24585.0176,2.22,100.0,68.0
1001,-22829.3,18095.9067,2.16,100.0,68.0
1002,-22449.62,2070.1603,2.23,100.0,68.1
1003,-22693.24,1898.2724,2.28,100.0,68.1
1004,-22224.62,15311.7166,2.19,100.0,68.1
1005,-22497.55,10434.8193,2.26,100.0,67.7
1006,-22682.04,10978.1477,2.25,100.0,67.7
1007,-21964.02,31170.3857,2.11,99.8,67.7
1008,-22846.76,2792.1472,2.21,100.0,67.7
1009,-22466.27,6974.1798,2.22,100.0,67.8
1010,-22297.47,6312.7158,2.13,100.0,67.7
1011,-21709.7,26572.8545,2.12,100.0,67.8
1012,-22830.23,18259.6421,2.22,100.0,68.0
1013,-22811.49,8483.6382,2.16,100.0,68.0
1014,-22541.33,22668.3618,2.19,100.0,68.0
1015,-22622.71,4281.3927,2.26,100.0,68.0
1016,-22964.0,11310.7432,2.18,100.0,68.1
1017,-23054.49,20736.5039,2.23,100.0,68.1
1018,-22904.88,5102.5417,2.24,100.0,68.1
1019,-22508.3,15173.001,2.2,100.0,68.3
1020,-22695.11,1939.6319,2.22,100.0,68.3
1021,-22673.79,3196.3619,2.16,100.0,68.2
1022,-21407.37,91032.668,2.12,100.0,68.3
1023,-21528.23,28520.9443,2.11,100.0,67.9
1024,-22670.93,18699.1367,2.17,100.0,68.0
1025,-22466.09,7904.9144,2.18,100.0,68.0
1026,-22905.41,12464.9355,2.23,100.0,68.1
1027,-22667.94,25558.2427,2.17,100.0,68.4
1028,-22508.12,14951.0144,2.25,100.0,68.3
1029,-22683.93,13183.1533,2.16,100.0,68.4
1030,-22723.52,46963.0098,2.23,100.0,68.6
1031,-22494.13,7227.2924,2.14,91.2,69.0
1032,-22443.7,5812.9092,2.25,100.0,69.0
1033,-22165.72,112551.082,2.12,100.0,69.0
1034,-22605.87,5904.9377,2.15,99.7,69.2
1035,-22835.3,26596.5229,2.17,100.0,69.2
1036,-22121.51,18778.6045,2.18,100.0,69.2
1037,-21303.07,146140.8711,2.05,100.0,69.3
1038,-22407.57,14749.4089,2.14,99.3,69.4
1039,-22550.62,41299.998,2.16,100.0,69.4
1040,-22513.92,32182.2705,2.16,100.0,69.4
1041,-21574.03,25255.4658,2.04,98.0,69.5
1042,-22499.76,18216.2751,2.21,100.0,69.6
1043,-23260.91,161784.8398,2.24,100.0,69.5
1044,-22490.44,4403.944,2.14,100.0,69.5
1045,-22616.41,11236.3242,2.16,100.0,69.6
1046,-22634.06,11291.5431,2.3,100.0,69.7
1047,-22684.72,6029.0775,2.12,100.0,69.9
1048,-22532.66,334296.7031,2.16,98.7,69.9
1049,-22481.07,42131.1221,2.17,100.0,70.0
1050,-22550.82,9265.3435,2.17,100.0,69.6
1051,-22467.88,10323.511,2.17,99.7,69.9
1052,-22329.28,3867.77,2.2,100.0,69.4
1053,-22510.23,8772.0811,2.18,100.0,69.4
1054,-22462.08,10636.2329,2.16,100.0,69.6
1055,-21574.51,106675.0312,2.06,99.2,69.9
1056,-22372.05,8376.5594,2.23,100.0,69.7
1057,-22658.51,32521.6196,2.17,100.0,69.8
1058,-22629.1,8808.0237,2.19,98.5,69.7
1059,-22500.33,3791.6299,2.17,100.0,69.7
1060,-22869.09,3855.1227,2.19,100.0,69.1
1061,-22382.4,16405.5073,2.15,100.0,69.3
1062,-22209.56,11672.4646,2.15,100.0,69.3
1063,-22552.26,12473.1844,2.17,100.0,69.4
1064,-22671.39,20887.4404,2.16,100.0,69.3
1065,-22724.87,13623.6372,2.21,100.0,69.4
1066,-22507.98,5280.8425,2.18,100.0,69.6
1067,-22864.96,19927.2837,2.17,100.0,69.7
1068,-22392.12,5201.8485,2.21,100.0,69.6
1069,-23274.97,40499.7158,2.19,99.8,69.7
1070,-22583.85,3936.7405,2.17,100.0,69.7
1071,-22481.03,4885.1115,2.16,100.0,69.8
1072,-22582.58,3636.1382,2.21,100.0,69.9
1073,-22361.7,13112.1582,2.18,100.0,70.0
1074,-22415.16,2926.547,2.13,98.7,70.0
1075,-22512.08,7114.782,2.2,100.0,70.0
1076,-22481.44,20062.5051,2.16,100.0,70.0
1077,-22252.17,2666.973,2.16,100.0,70.1
1078,-22470.8,3774.2224,2.18,100.0,70.1
1079,-22322.69,2423.465,2.2,100.0,70.2
1080,-22201.19,5623.5342,2.12,98.2,69.7
1081,-22366.82,1367.9765,2.26,99.3,69.6
1082,-22345.11,7259.406,2.13,100.0,69.7
1083,-22215.18,5472.1101,2.18,100.0,69.8
1084,-22415.28,3548.6272,2.16,100.0,69.8
1085,-22418.43,3592.6857,2.19,100.0,69.8
1086,-22497.77,2572.3772,2.18,100.0,69.9
1087,-22237.18,3553.0744,2.14,100.0,69.9
1088,-22513.37,1980.6345,2.17,100.0,69.9
1089,-22172.3,2196.9948,2.16,100.0,70.0
1090,-22365.07,10238.5625,2.15,99.3,69.9
1091,-22228.65,10822.3118,2.24,100.0,70.0
1092,-22327.3,12686.0586,2.14,100.0,70.0
1093,-22280.52,6523.8428,2.18,100.0,70.1
1094,-22336.41,4916.7064,2.17,100.0,70.1
1095,-22224.94,1884.7701,2.14,100.0,70.1
1096,-22403.98,5841.3787,2.15,100.0,69.9
1097,-22351.77,2350.5061,2.21,100.0,69.5
1098,-22280.71,5009.75,2.17,100.0,69.5
1099,-22295.12,2628.9082,2.19,100.0,69.6
1100,-22232.25,1624.0951,2.15,100.0,69.6
1101,-22203.12,1034.2113,2.16,100.0,69.7
1102,-22244.69,1776.8876,2.18,100.0,69.7
1103,-22208.85,1376.3229,2.15,100.0,69.6
1104,-22390.63,4736.7097,2.21,100.0,69.8
1105,-22411.63,4466.5677,2.13,100.0,69.8
1106,-22469.82,6066.9185,2.16,100.0,69.9
1107,-22548.41,3628.1331,2.19,100.0,69.9
1108,-22525.08,1490.8203,2.15,100.0,70.0
1109,-22376.23,4804.8735,2.21,100.0,70.0
1110,-22535.76,7551.9932,2.16,99.4,69.7
1111,-22443.25,1049.4327,2.18,100.0,69.8
1112,-22336.16,2230.3872,2.16,100.0,69.9
1113,-22257.13,1306.2908,2.18,100.0,69.9
1114,-22320.34,3925.2344,2.17,100.0,69.9
1115,-22272.16,1016.2225,2.15,100.0,69.9
1116,-22289.83,3938.0895,2.2,100.0,70.1
1117,-22320.75,1765.284,2.15,100.0,70.0
1118,-22146.21,1923.1682,2.19,99.8,69.7
1119,-22278.48,776.9508,2.12,100.0,69.8
1120,-22440.89,6674.9091,2.2,100.0,70.1
1121,-22364.59,1439.599,2.12,100.0,70.1
1122,-22653.37,5227.0181,2.24,100.0,70.1
1123,-22342.01,17951.8071,2.16,100.0,70.2
1124,-22316.04,5525.2462,2.17,99.4,70.4
1125,-22433.54,6306.7619,2.16,100.0,70.5
1126,-22382.54,4877.1047,2.17,100.0,70.5
1127,-22489.1,3590.0959,2.15,100.0,70.5
1128,-22507.98,6594.4523,2.15,100.0,70.5
1129,-22476.46,2381.9933,2.24,100.0,70.6
1130,-22401.56,1231.4218,2.15,100.0,70.6
1131,-22512.11,1886.7609,2.17,100.0,70.7
1132,-22448.46,2366.2577,2.24,100.0,70.5
1133,-22530.76,6385.7983,2.11,98.7,70.3
1134,-22398.38,2117.1478,2.14,100.0,70.3
1135,-22366.3,3690.549,2.14,100.0,69.8
1136,-22361.36,1492.164,2.2,100.0,69.9
1137,-22447.37,2702.8781,2.11,100.0,69.8
1138,-22303.87,3893.1719,2.14,99.6,69.9
1139,-22471.22,15707.4045,2.17,100.0,69.9
1140,-22345.53,3800.0859,2.12,100.0,70.0
1141,-22403.22,693.2501,2.13,100.0,69.8
1142,-22306.05,2039.2674,2.16,100.0,69.4
1143,-22368.96,2732.6795,2.2,100.0,69.5
1144,-22440.77,2386.9121,2.16,98.6,70.0
1145,-22367.85,3455.3782,2.17,100.0,70.0
1146,-22430.16,4363.5285,2.18,100.0,70.0
1147,-22416.17,699.7939,2.14,100.0,70.0
1148,-22339.79,1724.2422,2.14,100.0,70.0
1149,-22422.03,5450.7913,2.13,100.0,70.0
1150,-22340.69,1546.6237,2.11,100.0,70.0
1151,-22390.89,4848.7794,2.13,100.0,70.1
1152,-22451.31,826.0441,2.19,100.0,70.6
1153,-22283.37,2402.8849,2.12,100.0,70.4
1154,-22348.46,30663.0645,2.14,98.0,70.0
1155,-22343.21,4534.5994,2.14,100.0,70.0
1156,-22310.41,3433.4872,2.15,100.0,70.1
1157,-22279.22,1968.7314,2.18,100.0,70.1
1158,-22464.87,5462.0426,2.1,100.0,70.2
1159,-22439.52,3929.392,2.18,100.0,70.2
1160,-22248.25,2378.8765,2.08,100.0,70.2
1161,-22404.9,1498.2776,2.12,100.0,70.2
1162,-22356.58,2943.3906,2.12,100.0,70.3
1163,-22294.39,6032.3601,2.12,100.0,70.2
1164,-22303.17,3400.5413,2.13,100.0,70.3
1165,-22359.47,1827.4937,2.18,100.0,70.3
1166,-22404.88,2150.9064,2.19,100.0,70.3
1167,-22390.41,1036.8466,2.13,100.0,70.3
1168,-22323.98,413.1568,2.14,100.0,70.5
1169,-22392.2,3056.4621,2.15,100.0,70.5
1170,-22359.08,552.1582,2.13,98.5,70.1
1171,-22418.68,4359.4488,2.19,100.0,70.2
1172,-22329.65,1971.1749,2.14,100.0,70.2
1173,-22365.17,2309.3124,2.11,100.0,70.3
1174,-22395.76,5351.6075,2.18,100.0,69.4
1175,-22417.63,1262.1234,2.17,100.0,69.5
1176,-22453.79,913.0443,2.1,100.0,69.7
1177,-22381.94,4137.6473,2.14,99.6,69.9
1178,-22377.31,1373.8228,2.19,100.0,69.9
1179,-22448.44,1463.1497,2.16,100.0,69.9
1180,-22264.09,4812.8456,2.17,99.4,70.2
1181,-22288.17,3340.3724,2.18,100.0,70.1
1182,-22332.51,2349.5854,2.15,100.0,70.1
1183,-22307.73,740.3005,2.1,99.6,70.2
1184,-22366.17,5123.8025,2.16,100.0,70.4
1185,-22277.48,3848.1022,2.18,100.0,70.3
1186,-22325.61,1050.1381,2.15,99.3,70.3
1187,-22299.97,5942.4967,2.19,100.0,70.5
1188,-22359.51,14154.3247,2.19,100.0,70.7
1189,-22317.89,2805.9097,2.16,100.0,70.7
1190,-22361.08,522.1582,2.2,100.0,70.3
1191,-22283.61,939.0568,2.13,100.0,70.4
1192,-22386.45,1544.4394,2.17,100.0,70.5
1193,-22230.27,530.1724,2.2,100.0,70.6
1194,-22270.19,783.9619,2.14,100.0,70.6
1195,-22222.99,1178.8211,2.08,99.8,70.7
1196,-22356.49,445.9837,2.3,100.0,70.8
1197,-22356.67,453.0609,2.14,100.0,71.0
1198,-22303.77,2340.5566,2.14,100.0,71.1
1199,-22355.56,2584.3846,2.14,100.0,71.2
1200,-22341.22,1697.3859,2.19,100.0,71.2
1201,-22320.6,1508.8462,2.12,99.3,71.2
1202,-22252.65,650.3262,2.1,100.0,71.2
1203,-22241.9,2243.8085,2.18,100.0,71.3
1204,-22247.29,1190.4441,2.19,100.0,71.3
1205,-22272.8,1205.5659,2.12,100.0,71.3
1206,-22211.29,819.812,2.32,100.0,71.2
1207,-22234.16,2306.01,2.16,99.9,71.5
1208,-22389.78,2535.1873,2.2,100.0,71.5
1209,-22253.93,1760.3864,2.15,100.0,71.6
1210,-22335.6,1685.9954,2.18,100.0,71.6
1211,-22253.64,1440.9263,2.12,100.0,71.5
1212,-22275.19,696.1901,2.21,99.2,71.5
1213,-22296.27,1461.3516,2.16,100.0,71.6
1214,-22133.8,3934.0468,2.12,99.5,71.8
1215,-22413.42,1407.9997,2.1,100.0,71.8
1216,-22298.61,1414.3107,2.15,100.0,71.7
1217,-22274.31,1193.1219,2.12,100.0,71.8
1218,-22248.2,850.026,2.12,100.0,71.8
1219,-22261.83,11814.3221,2.16,100.0,72.0
1220,-22336.16,2291.5522,2.15,100.0,72.0
1221,-22279.48,3512.8923,2.11,99.6,72.2
1222,-22190.43,2495.5333,2.15,99.5,72.2
1223,-22164.05,1500.9399,2.13,100.0,72.3
1224,-22206.13,673.4978,2.18,100.0,72.4
1225,-22207.45,651.9082,2.09,100.0,72.4
1226,-22222.53,2399.5905,2.15,99.6,72.5
1227,-22160.09,837.9539,2.13,100.0,72.5
1228,-22277.33,2654.3506,2.1,100.0,72.5
1229,-22233.23,4034.9618,2.18,99.2,72.7
1230,-22194.98,2308.0641,2.16,100.0,72.7
1231,-22103.34,5370.5715,2.15,100.0,72.4
1232,-22115.2,2434.4496,2.14,98.5,72.4
1233,-22192.35,2853.6162,2.19,100.0,72.4
1234,-22221.68,4227.6124,2.13,100.0,72.4
1235,-22152.69,2777.9877,2.11,100.0,72.5
1236,-22164.99,3186.595,2.16,100.0,72.6
1237,-22244.61,752.5961,2.18,100.0,72.6
1238,-22241.2,1459.8433,2.12,96.8,72.7
1239,-22389.92,3106.4169,2.12,100.0,72.3
1240,-22208.54,718.0095,2.14,100.0,72.3
1241,-22370.28,6498.5756,2.19,100.0,72.3
1242,-22383.2,953.4511,2.12,98.5,72.3
1243,-22195.4,13366.4524,2.16,100.0,72.3
1244,-22318.79,2119.3686,2.16,100.0,72.4
1245,-22318.62,1118.6418,2.13,97.8,72.3
1246,-22226.11,963.668,2.13,100.0,72.4
1247,-22263.29,822.7614,2.22,100.0,72.5
1248,-22327.45,518.7178,2.13,100.0,72.5
1249,-22280.63,345.6881,2.14,99.3,72.4
1250,-22305.63,8761.908,2.15,100.0,72.5
1251,-22196.09,1568.7969,2.13,100.0,72.2
1252,-22361.42,802.5682,2.13,99.5,72.1
1253,-22256.48,375.0991,2.2,100.0,72.2
1254,-22268.35,1808.4592,2.11,100.0,72.3
1255,-22234.28,1734.3498,2.19,100.0,72.6
1256,-22113.44,3128.7242,2.09,100.0,72.4
1257,-22031.1,1671.3254,2.21,100.0,72.5
1258,-22185.5,3125.26,2.13,99.6,72.4
1259,-22186.53,2920.4689,2.14,100.0,72.5
1260,-22144.2,603.6083,2.15,100.0,72.5
1261,-22173.44,1142.8132,2.11,99.8,72.6
1262,-22195.06,845.4012,2.12,100.0,72.7
1263,-22199.84,666.8105,2.13,100.0,72.6
1264,-22262.33,636.8273,2.19,100.0,72.8
1265,-22203.72,2008.105,2.13,100.0,72.7
1266,-22084.93,2940.6975,2.09,100.0,72.9
1267,-22221.87,996.7652,2.2,100.0,72.8
1268,-22179.69,1744.271,2.1,97.3,72.9
1269,-22228.76,681.8483,2.2,100.0,72.8
1270,-22274.23,1816.1609,2.15,100.0,72.9
1271,-22220.25,3109.1847,2.12,100.0,72.2
1272,-22297.88,1367.4132,2.16,100.0,72.2
1273,-22190.17,498.0867,2.09,100.0,72.3
1274,-22139.46,1451.9573,2.23,100.0,72.3
1275,-22239.87,3315.2025,2.1,99.3,72.6
1276,-22251.86,1247.3784,2.15,100.0,72.7
1277,-22226.8,3110.9188,2.18,100.0,72.3
1278,-22356.32,1504.0007,2.15,100.0,72.2
1279,-22276.11,1013.7985,2.19,100.0,72.2
1280,-22188.96,5480.6591,2.19,100.0,72.4
1281,-22259.05,1941.6434,2.16,100.0,72.5
1282,-22285.83,451.841,2.14,100.0,72.5
1283,-22284.15,454.0044,2.24,100.0,72.5
1284,-22240.17,4507.9985,2.15,98.2,72.9
1285,-22228.13,1313.9622,2.15,100.0,72.9
1286,-22238.96,6473.1641,2.17,100.0,72.8
1287,-22245.65,1558.6126,2.16,100.0,72.8
1288,-22235.67,491.4995,2.17,100.0,72.8
1289,-22300.43,564.0369,2.11,100.0,72.8
1290,-22335.64,1302.6656,2.17,100.0,72.5
1291,-22299.92,499.885,2.12,99.4,72.6
1292,-22244.82,689.8487,2.19,100.0,72.6
1293,-22314.89,872.3741,2.19,100.0,72.6
1294,-22351.24,333.2675,2.14,100.0,72.6
1295,-22319.83,8882.3339,2.14,100.0,72.6
1296,-22230.35,5421.8469,2.16,100.0,72.7
1297,-22304.89,1590.8063,2.16,100.0,72.7
1298,-22195.48,2768.3929,2.11,100.0,72.7
1299,-22202.53,5972.6822,2.18,100.0,72.8
1300,-22291.74,9848.0569,2.16,100.0,72.8
1301,-22329.08,7447.3296,2.15,99.7,73.1
1302,-22283.48,1687.3442,2.19,100.0,73.1
1303,-22324.03,1840.6655,2.2,100.0,73.1
1304,-22271.78,4498.6121,2.14,100.0,73.1
1305,-22302.62,1635.0642,2.2,100.0,73.3
1306,-22255.09,339.611,2.15,100.0,73.3
1307,-22394.17,1265.9487,2.11,98.2,73.5
1308,-22218.86,1315.3081,2.2,100.0,73.4
1309,-22218.68,1463.2135,2.18,100.0,73.5
1310,-22314.4,694.6207,2.18,100.0,73.5
1311,-22258.1,2481.9631,2.16,100.0,73.4
1312,-22324.88,828.2754,2.17,100.0,73.4
1313,-22328.15,546.0837,2.19,100.0,73.5
1314,-22416.35,1158.318,2.12,98.8,73.1
1315,-22329.87,426.9881,2.2,100.0,73.2
1316,-22364.69,556.2253,2.2,100.0,73.4
1317,-22259.12,836.5601,2.15,94.7,73.5
1318,-22337.32,2082.7032,2.23,100.0,73.4
1319,-22253.8,893.3934,2.19,100.0,73.3
1320,-22242.58,851.5376,2.13,100.0,73.3
1321,-22262.6,410.1922,2.2,100.0,73.4
1322,-22159.84,1482.1276,2.17,100.0,73.5
1323,-22242.45,2196.3429,2.12,97.7,73.6
1324,-22268.22,381.0717,2.22,100.0,73.7
1325,-22235.43,859.1475,2.14,100.0,73.6
1326,-22208.69,607.3787,2.18,100.0,73.6
1327,-22250.25,355.0427,2.15,99.4,73.7
1328,-22169.15,203.3533,2.18,100.0,73.7
1329,-22238.36,285.0725,2.18,100.0,73.7
1330,-22257.25,275.7612,2.18,96.3,73.8
1331,-22247.03,923.5038,2.15,100.0,73.9
1332,-22150.16,1177.1759,2.18,100.0,74.1
1333,-22250.63,1483.9746,2.13,99.9,73.4
1334,-22223.93,711.4948,2.14,100.0,73.5
1335,-22298.86,1178.6561,2.21,100.0,73.6
1336,-22234.8,830.6608,2.12,99.7,73.8
1337,-22312.57,3756.6204,2.16,98.6,73.7
1338,-22281.89,1244.036,2.25,100.0,73.7
1339,-22251.73,889.3427,2.14,100.0,73.8
1340,-22359.46,1572.2737,2.18,100.0,74.1
1341,-22311.54,746.6261,2.12,100.0,74.0
1342,-22225.01,892.3776,2.19,100.0,74.1
1343,-22330.44,1242.4614,2.12,99.9,74.3
1344,-22357.97,417.694,2.19,100.0,74.3
1345,-22382.85,509.7285,2.18,100.0,74.2
1346,-22293.37,471.8264,2.24,99.9,74.8
1347,-22262.44,1589.1875,2.2,100.0,74.9
1348,-22269.15,1399.3795,2.16,100.0,75.0
1349,-22257.91,737.9229,2.13,100.0,74.7
1350,-22280.71,834.6583,2.13,99.4,74.4
1351,-22236.57,353.8422,2.18,100.0,74.6
1352,-22226.75,1660.834,2.15,100.0,74.5
1353,-22269.13,594.9546,2.14,99.5,74.5
1354,-22162.41,937.033,2.14,100.0,74.6
1355,-22201.87,369.5284,2.17,100.0,74.8
1356,-22288.04,942.0065,2.13,98.5,74.5
1357,-22140.66,1016.4271,2.24,100.0,74.6
1358,-22208.33,343.8532,2.13,100.0,74.6
1359,-22232.16,165.3978,2.14,100.0,74.8
1360,-22249.52,906.5087,2.13,100.0,74.8
1361,-22239.34,1136.5727,2.22,100.0,74.8
1362,-22210.17,964.189,2.16,98.4,74.8
1363,-22167.71,300.1029,2.17,98.4,74.8
1364,-22153.23,898.3368,2.18,100.0,74.8
1365,-22215.92,863.129,2.15,100.0,74.8
1366,-22242.87,384.9296,2.12,100.0,75.0
1367,-22250.27,691.0907,2.17,100.0,74.9
1368,-22267.55,1071.7226,2.18,100.0,75.0
1369,-22283.47,870.1487,2.14,100.0,74.5
1370,-22313.28,525.4103,2.13,100.0,74.6
1371,-22329.26,1132.5649,2.23,100.0,74.7
1372,-22295.27,2751.1805,2.35,93.9,74.5
1373,-22343.2,1905.3551,2.2,100.0,74.6
1374,-22349.32,537.822,2.15,100.0,74.6
1375,-22381.65,678.8777,2.12,100.0,74.7
1376,-22330.31,803.4125,2.15,100.0,74.7
1377,-22278.36,2021.3463,2.23,100.0,74.8
1378,-22265.3,301.4106,2.13,99.7,74.9
1379,-22316.38,1191.2063,2.18,97.1,75.0
1380,-22336.73,539.0021,2.17,100.0,75.0
1381,-22319.01,1084.6267,2.17,100.0,75.1
1382,-22355.51,197.7397,2.1,99.4,75.0
1383,-22373.74,412.4687,2.23,100.0,75.1
1384,-22315.3,596.8731,2.2,100.0,74.3
1385,-22354.39,424.9619,2.17,100.0,74.4
1386,-22323.71,243.9727,2.15,100.0,73.8
1387,-22329.67,325.6871,2.16,100.0,73.9
1388,-22324.24,125.4488,2.13,100.0,73.9
1389,-22326.34,216.8686,2.2,97.6,74.1
1390,-22400.77,291.8072,2.18,100.0,74.2
1391,-22324.66,1288.8505,2.13,99.3,73.9
1392,-22339.8,506.0322,2.13,100.0,74.0
1393,-22446.78,1222.1953,2.18,100.0,73.9
1394,-22316.38,2506.7671,2.17,100.0,74.0
1395,-22332.24,1097.3853,2.15,98.6,74.0
1396,-22306.47,1090.8909,2.17,100.0,74.0
1397,-22344.82,806.6915,2.17,100.0,74.1
1398,-22296.58,855.1509,2.18,99.5,74.2
1399,-22230.16,1022.3158,2.16,100.0,74.1
1400,-22261.83,2242.0899,2.14,100.0,74.1
1401,-22278.57,907.6933,2.22,100.0,74.3
1402,-22314.07,1533.8735,2.13,98.6,74.5
1403,-22282.36,1129.4943,2.34,100.0,74.7
1404,-22400.96,833.0774,2.18,100.0,74.4
1405,-22319.42,383.8903,2.17,99.4,74.5
1406,-22315.94,121.55,2.35,100.0,74.5
1407,-22221.04,310.2771,2.18,100.0,74.9
1408,-22320.33,832.2253,2.13,100.0,75.4
1409,-22247.15,491.5622,2.25,100.0,74.6
1410,-22272.09,205.1899,2.18,100.0,74.7
1411,-22271.27,230.044,2.15,100.0,74.7
1412,-22378.64,2970.5193,2.11,99.1,74.6
1413,-22304.38,1717.9855,2.23,100.0,74.8
1414,-22261.65,970.3739,2.13,96.8,74.9
1415,-22297.57,548.4792,2.2,100.0,74.9
1416,-22270.91,370.4312,2.13,100.0,74.9
1417,-22201.53,1593.1634,2.15,100.0,75.0
1418,-22295.67,1501.4231,2.15,100.0,74.9
1419,-22207.32,367.5173,2.21,100.0,75.1
1420,-22205.96,491.9275,2.13,99.9,75.1
1421,-22297.21,424.4776,2.19,98.8,75.3
1422,-22229.64,1072.5117,2.15,100.0,75.3
1423,-22168.83,5274.6691,2.14,100.0,75.4
1424,-22197.83,1357.6142,2.17,100.0,75.6
1425,-22189.27,1302.5551,2.16,100.0,75.5
1426,-22208.78,1137.9467,2.17,100.0,75.6
1427,-22231.69,680.8358,2.11,99.6,75.7
1428,-22266.95,680.7042,2.19,100.0,75.7
1429,-22102.53,2242.5083,2.19,100.0,75.7
1430,-22204.88,782.9984,2.08,100.0,75.0
1431,-22163.61,193.2772,2.22,100.0,75.2
1432,-22284.33,1547.7694,2.14,100.0,75.2
1433,-22268.82,681.1646,2.17,100.0,75.3
1434,-22241.64,719.6191,2.15,100.0,75.3
1435,-22246.09,372.11,2.19,100.0,75.4
1436,-22238.93,878.5452,2.21,100.0,75.4
1437,-22205.23,996.3416,2.13,96.2,75.7
1438,-22139.24,486.9424,2.25,100.0,75.8
1439,-22197.69,448.9163,2.14,100.0,75.8
1440,-22171.19,473.1509,2.15,100.0,75.8
1441,-22196.26,669.5407,2.19,100.0,75.9
1442,-22248.05,717.0024,2.24,100.0,75.9
1443,-22114.3,691.5325,2.14,96.1,75.8
1444,-22182.98,446.2844,2.25,100.0,75.8
1445,-22161.43,331.4372,2.18,100.0,75.8
1446,-22315.51,5892.2314,2.15,100.0,75.9
1447,-22186.03,604.6792,2.2,100.0,75.9
1448,-22252.26,759.5418,2.16,100.0,75.9
1449,-22145.48,527.5484,2.13,100.0,76.1
1450,-22186.1,346.639,2.23,100.0,76.3
1451,-22220.12,864.5168,2.18,100.0,76.3
1452,-22208.93,610.2744,2.13,100.0,76.3
1453,-22250.01,453.1384,2.27,100.0,76.5
1454,-22123.51,855.5146,2.13,100.0,76.6
1455,-22230.05,632.7318,2.18,100.0,76.6
1456,-22250.86,619.996,2.11,99.8,76.7
1457,-22193.92,2802.7386,2.21,100.0,76.8
1458,-22185.83,480.7959,2.16,99.2,76.7
1459,-22201.93,189.0442,2.19,100.0,76.6
1460,-22181.29,279.7572,2.16,100.0,76.6
1461,-22114.05,2894.2845,2.19,98.6,76.8
1462,-22275.72,2347.3467,2.14,100.0,76.7
1463,-22142.24,1721.098,2.19,100.0,76.9
1464,-22242.13,2004.4644,2.11,100.0,76.9
1465,-22159.05,121.3175,2.14,100.0,77.0
1466,-22159.18,173.1073,2.16,100.0,76.9
1467,-22188.11,163.8437,2.15,100.0,77.0
1468,-22257.36,946.9604,2.19,100.0,77.2
1469,-22188.72,966.0779,2.12,100.0,77.1
1470,-22133.48,666.8243,2.12,100.0,77.1
1471,-22152.71,1254.2658,2.18,100.0,76.9
1472,-22161.6,356.2538,2.15,100.0,77.0
1473,-22098.15,408.1971,2.14,100.0,77.1
1474,-22154.72,830.8556,2.21,100.0,77.2
1475,-22107.63,280.4455,2.18,100.0,77.2
1476,-22150.01,799.6004,2.12,94.2,77.0
1477,-22107.36,2566.6479,2.2,100.0,77.2
1478,-22128.67,228.7032,2.13,100.0,77.1
1479,-22054.96,378.7019,2.14,99.5,77.2
1480,-22121.51,490.4628,2.14,100.0,77.2
1481,-22113.22,1064.9622,2.25,100.0,77.3
1482,-22123.38,1110.5168,2.13,99.8,77.4
1483,-22149.05,867.0758,2.15,100.0,77.5
1484,-22102.21,536.7388,2.19,100.0,77.0
1485,-22079.35,653.9082,2.13,99.3,76.8
1486,-22118.15,403.3583,2.12,100.0,76.8
1487,-22171.01,2510.8576,2.2,100.0,77.0
1488,-22065.42,1735.8091,2.15,100.0,77.0
1489,-22182.3,469.1427,2.13,100.0,76.4
1490,-22141.99,233.7999,2.32,100.0,76.5
1491,-22110.3,1522.1959,2.43,98.5,76.2
1492,-22053.55,618.3346,2.19,100.0,76.4
1493,-22067.03,578.9581,2.16,100.0,76.4
1494,-22072.88,592.7034,2.19,100.0,76.5
1495,-22138.67,975.7672,2.15,100.0,76.5
1496,-22207.26,716.4802,2.3,100.0,76.6
1497,-22157.96,983.2747,2.18,99.5,76.9
1498,-22130.86,481.2995,2.2,97.1,76.8
1499,-22160.37,230.529,2.15,100.0,76.9
1500,-22081.36,671.5783,2.15,100.0,76.8
1501,-21990.67,522.1976,2.14,100.0,76.9
1502,-22122.45,2445.3119,2.14,100.0,77.0
1503,-22061.97,1403.0577,2.16,100.0,77.2
1504,-22095.9,2392.0142,2.14,99.9,76.8
1505,-22149.6,795.1659,2.1,100.0,76.8
1506,-22109.65,718.8617,2.22,100.0,77.0
1507,-22150.66,709.9613,2.15,94.2,77.1
1508,-22180.73,772.7474,2.2,100.0,77.3
1509,-22163.46,1324.5495,2.16,100.0,77.2
1510,-22055.27,1846.2586,2.13,100.0,77.3
1511,-22116.05,406.5519,2.14,100.0,77.3
1512,-22133.02,258.7851,2.15,100.0,77.2
1513,-22171.2,719.8819,2.18,100.0,77.1
1514,-22063.19,650.8533,2.16,98.2,77.3
1515,-22133.66,333.4992,2.26,100.0,77.3
1516,-22088.1,204.2397,2.17,99.5,77.4
1517,-22231.11,2355.685,2.13,100.0,77.5
1518,-22119.23,427.3173,2.18,100.0,77.5
1519,-22248.2,1113.7506,2.14,100.0,77.6
1520,-22103.17,839.7206,2.15,100.0,77.6
1521,-22131.0,576.9885,2.19,100.0,77.7
1522,-22150.63,851.6685,2.2,100.0,77.8
1523,-22229.75,2357.3363,2.12,99.1,77.8
1524,-22207.78,496.6077,2.26,99.7,77.9
1525,-22130.17,2251.696,2.13,100.0,78.1
1526,-22072.87,2498.309,2.21,100.0,78.1
1527,-22154.37,380.4307,2.1,100.0,78.0
1528,-22188.39,457.0822,2.24,100.0,78.1
1529,-22203.37,491.6907,2.12,100.0,77.9
1530,-22229.88,743.7153,2.13,100.0,77.8
1531,-22149.39,2501.0973,2.2,100.0,77.6
1532,-22056.35,11117.7744,2.15,100.0,77.8
1533,-22084.3,2346.672,2.15,100.0,77.9
1534,-22091.32,1751.0457,2.2,100.0,77.8
1535,-22157.23,1817.406,2.18,100.0,78.0
1536,-22047.54,672.9949,2.15,97.2,77.4
1537,-22055.84,318.8024,2.23,100.0,77.5
1538,-22114.59,1900.1234,2.16,100.0,77.5
1539,-22148.48,2992.9553,2.22,100.0,77.5
1540,-22173.11,869.333,2.09,100.0,77.5
1541,-22274.21,883.244,2.21,100.0,77.6
1542,-22252.74,740.7302,2.12,98.5,77.7
1543,-22197.07,640.3859,2.17,98.9,77.6
1544,-22232.44,708.13,2.17,100.0,77.5
1545,-22217.23,410.7506,2.15,100.0,77.5
1546,-22278.14,480.2156,2.18,100.0,77.6
1547,-22254.52,694.5775,2.17,100.0,77.7
1548,-22358.94,497.7605,2.2,100.0,77.7
1549,-22266.86,906.5741,2.14,99.5,77.7
1550,-22330.31,543.3975,2.17,100.0,77.7
1551,-22307.0,436.4585,2.18,100.0,77.9
1552,-22246.58,306.5933,2.13,100.0,77.6
1553,-22213.64,555.1037,2.26,100.0,77.5
1554,-22254.54,269.6689,2.14,100.0,77.6
1555,-22200.44,927.7445,2.15,100.0,77.7
1556,-22162.68,747.5992,2.11,100.0,77.6
1557,-22149.38,325.1799,2.24,100.0,77.6
1558,-22178.52,1073.7741,2.13,100.0,77.8
1559,-22229.23,1266.0591,2.18,98.7,78.0
1560,-22062.19,2274.5554,2.15,100.0,77.5
1561,-22200.84,842.7383,2.16,100.0,77.6
1562,-22108.2,281.1527,2.12,100.0,77.5
1563,-22163.22,638.2738,2.16,100.0,77.7
1564,-22060.59,1427.688,2.16,100.0,77.7
1565,-22026.39,323.9077,2.15,100.0,77.9
1566,-22217.36,3304.3196,2.17,100.0,77.9
1567,-22250.17,4342.1279,2.17,100.0,78.0
1568,-22218.94,2639.2585,2.12,99.9,77.9
1569,-22330.76,706.073,2.24,100.0,78.1
1570,-22268.98,2290.3791,2.13,100.0,78.2
1571,-22146.28,4213.8569,2.14,100.0,78.2
1572,-22185.21,1570.7719,2.17,100.0,78.2
1573,-22306.73,2002.8164,2.21,100.0,78.4
1574,-22273.75,861.3811,2.11,100.0,78.6
1575,-22128.64,1748.3952,2.2,97.9,79.1
1576,-22141.17,967.3628,2.2,100.0,79.1
1577,-22125.46,195.2199,2.14,98.9,79.1
1578,-22085.44,354.9839,2.19,100.0,79.2
1579,-22184.67,1279.2223,2.18,100.0,79.3
1580,-22090.61,179.2937,2.18,100.0,79.3
1581,-22189.71,2392.2836,2.14,100.0,79.1
1582,-22242.8,2311.6126,2.22,100.0,79.0
1583,-22276.89,411.4895,2.19,100.0,79.1
1584,-22270.64,192.2172,2.17,94.6,79.1
1585,-22422.03,1064.1936,2.2,100.0,79.0
1586,-22252.09,1024.0447,2.18,100.0,79.1
1587,-22303.57,795.5689,2.16,100.0,79.6
1588,-22326.52,462.9961,2.16,100.0,79.8
1589,-22279.3,329.4792,2.2,100.0,79.7
1590,-22224.96,401.4281,2.13,100.0,79.6
1591,-22286.24,346.5147,2.18,100.0,78.7
1592,-22255.6,668.6463,2.25,100.0,78.7
1593,-22221.03,1297.5066,2.11,100.0,78.8
1594,-22181.03,192.1363,2.21,100.0,79.1
1595,-22244.77,742.4032,2.13,100.0,79.1
1596,-22148.88,537.0968,2.13,100.0,79.2
1597,-22177.71,199.2877,2.11,100.0,79.2
1598,-22151.41,933.5419,2.14,100.0,79.2
1599,-22122.4,208.9742,2.13,100.0,79.2
1600,-22176.9,1005.4461,2.19,97.3,78.7
1601,-22128.53,424.7184,2.16,100.0,78.8
1602,-22163.58,822.6225,2.13,100.0,78.7
1603,-22238.07,2616.1836,2.17,100.0,78.8
1604,-22217.72,471.5221,2.16,100.0,78.9
1605,-22238.8,572.8867,2.2,100.0,79.7
1606,-22204.37,697.4965,2.19,100.0,79.6
1607,-22095.58,977.6462,2.43,100.0,79.1
1608,-22117.44,580.3705,2.15,100.0,79.3
1609,-22094.38,451.9333,2.08,100.0,79.3
1610,-22033.97,807.3714,2.23,100.0,79.4
1611,-22115.14,494.5818,2.13,99.6,79.2
1612,-22001.23,554.7454,2.11,100.0,79.2
1613,-22072.07,329.2571,2.14,100.0,79.2
1614,-22141.93,596.873,2.16,100.0,78.9
1615,-22138.63,976.4021,2.12,100.0,78.9
1616,-22123.24,345.1621,2.14,100.0,79.0
1617,-22091.12,380.6496,2.15,100.0,79.0
1618,-22066.88,230.398,2.13,100.0,79.1
1619,-22076.99,297.454,2.11,100.0,79.2
1620,-22140.64,310.5793,2.19,100.0,79.2
1621,-22026.28,510.977,2.13,99.5,79.2
1622,-22093.44,861.5515,2.18,95.6,79.1
1623,-22188.27,1241.9195,2.13,100.0,79.2
1624,-21929.43,5999.8254,2.13,100.0,79.2
1625,-22070.32,2383.2037,2.11,100.0,79.0
1626,-22067.02,1175.8093,2.14,100.0,79.1
1627,-22025.59,959.8985,2.21,100.0,79.1
1628,-22076.04,1101.4136,2.11,97.0,79.1
1629,-22084.81,1074.6425,2.18,99.7,78.6
1630,-22092.45,501.4023,2.13,100.0,78.6
1631,-22048.51,1139.1992,2.17,100.0,78.8
1632,-22046.99,800.5527,2.11,100.0,78.8
1633,-21998.79,462.5644,2.14,100.0,78.8
1634,-22006.47,1607.735,2.16,100.0,78.9
1635,-22062.11,696.1466,2.14,98.1,79.3
1636,-22023.8,256.9078,2.17,100.0,79.5
1637,-21987.38,284.874,2.16,100.0,79.5
1638,-22038.55,335.6804,2.1,100.0,79.5
1639,-22033.73,319.6938,2.15,100.0,79.6
1640,-22045.27,1104.6582,2.23,100.0,79.6
1641,-21967.07,441.1782,2.13,100.0,79.7
1642,-22043.86,202.1406,2.16,100.0,79.7
1643,-21961.17,265.9672,2.16,100.0,79.8
1644,-22046.42,990.785,2.11,100.0,79.8
1645,-21939.48,1006.5576,2.19,100.0,79.8
1646,-22026.74,459.3865,2.11,100.0,80.0
1647,-21944.84,719.9501,2.17,100.0,80.0
1648,-21983.05,775.5435,2.12,100.0,80.0
1649,-22032.86,1838.9913,2.15,100.0,80.1
1650,-21999.39,515.2891,2.14,100.0,80.2
1651,-22009.62,220.1574,2.15,100.0,79.4
1652,-21980.72,325.4948,2.13,100.0,79.6
1653,-21995.05,767.3252,2.09,100.0,79.7
1654,-21922.9,717.264,2.18,100.0,79.8
1655,-22023.86,1668.8727,2.1,95.9,79.8
1656,-22001.83,642.7783,2.21,100.0,80.2
1657,-21996.78,387.7443,2.14,100.0,80.3
1658,-22066.9,697.9616,2.13,100.0,80.3
1659,-22033.81,544.6552,2.14,100.0,79.9
1660,-22096.77,695.5301,2.15,100.0,79.9
1661,-21941.69,2985.8458,2.15,100.0,80.0
1662,-22030.23,3677.0626,2.11,96.7,80.0
1663,-21999.71,572.0532,2.2,100.0,79.4
1664,-22072.75,400.887,2.14,100.0,79.5
1665,-21963.29,1183.2496,2.13,100.0,79.6
1666,-22006.24,913.7365,2.15,100.0,79.6
1667,-21918.98,794.0695,2.18,100.0,79.6
1668,-21950.29,421.6583,2.13,100.0,79.7
1669,-22093.51,2160.7151,2.13,97.6,79.8
1670,-21979.29,3294.8846,2.18,100.0,79.8
1671,-22056.27,661.2588,2.13,100.0,79.9
1672,-21997.55,1893.4642,2.11,99.2,79.9
1673,-21985.17,645.6053,2.22,100.0,80.0
1674,-21991.53,1475.346,2.14,100.0,79.8
1675,-22029.65,1426.1755,2.17,100.0,79.9
1676,-22082.33,1223.2299,2.16,100.0,80.0
1677,-21968.08,749.5185,2.28,100.0,80.0
1678,-22003.2,220.8895,2.11,98.0,79.3
1679,-21988.73,326.5158,2.19,99.0,79.0
1680,-22042.07,756.5482,2.24,100.0,78.6
1681,-22085.23,538.1855,2.12,96.7,78.3
1682,-22045.81,674.0119,2.18,100.0,78.3
1683,-22027.81,668.5503,2.17,100.0,78.3
1684,-22051.74,766.4429,2.14,100.0,78.3
1685,-22107.44,609.7881,2.13,100.0,78.3
1686,-22102.71,207.4708,2.29,100.0,78.3
1687,-22053.28,1155.127,2.15,99.1,77.7
1688,-21993.97,595.183,2.19,100.0,77.8
1689,-22012.86,613.7899,2.17,100.0,77.8
1690,-22037.69,382.6824,2.18,100.0,77.7
1691,-22005.3,511.6212,2.11,98.6,77.6
1692,-22087.33,471.472,2.17,100.0,77.7
1693,-22054.64,490.9684,2.15,100.0,77.6
1694,-22072.32,714.2624,2.09,96.9,77.0
1695,-22050.25,584.6231,2.21,100.0,77.2
1696,-22034.19,343.1082,2.18,100.0,77.3
1697,-22203.32,900.7988,2.12,100.0,77.3
1698,-21988.81,679.6555,2.16,100.0,77.3
1699,-22139.37,884.7654,2.17,100.0,77.3
1700,-22129.92,304.6801,2.14,98.8,77.5
1701,-22112.67,293.4062,2.15,100.0,77.4
1702,-22126.02,1113.8125,2.24,100.0,77.5
1703,-22064.06,277.028,2.11,99.4,77.6
1704,-22059.82,412.0318,2.19,100.0,77.5
1705,-22084.33,670.7997,2.15,100.0,77.4
1706,-22028.79,278.3497,2.18,100.0,77.5
1707,-22105.12,724.3474,2.12,100.0,77.5
1708,-22149.84,1208.5613,2.27,100.0,77.6
1709,-22121.97,598.4222,2.21,94.9,77.9
1710,-22155.12,244.7726,2.16,98.5,78.4
1711,-22102.47,429.6935,2.17,100.0,78.3
1712,-22132.56,242.311,2.15,100.0,78.5
1713,-22116.66,275.9886,2.13,100.0,78.7
1714,-22138.9,156.7236,2.18,100.0,78.6
1715,-22177.47,676.9061,2.19,100.0,78.5
1716,-22206.07,215.2324,2.1,99.4,78.7
1717,-22137.41,712.4356,2.23,100.0,78.8
1718,-22171.36,464.6058,2.16,100.0,79.0
1719,-22123.26,179.8672,2.17,100.0,79.0
1720,-22157.76,687.9423,2.16,100.0,78.9
1721,-22222.5,545.7887,2.15,100.0,78.7
1722,-22193.46,490.6055,2.12,99.3,78.9
1723,-22160.7,876.8914,2.17,100.0,79.0
1724,-22147.52,665.1792,2.21,100.0,79.0
1725,-22086.26,316.6932,2.14,97.2,78.9
1726,-22071.3,764.8438,2.26,98.4,79.4
1727,-22066.76,463.2231,2.17,100.0,79.5
1728,-22086.53,404.1882,2.19,98.7,79.5
1729,-22093.87,427.8113,2.18,100.0,79.5
1730,-22159.37,806.386,2.18,100.0,79.6
1731,-22096.77,170.3993,2.16,100.0,79.1
1732,-22085.53,477.3248,2.13,100.0,79.1
1733,-22169.4,226.3902,2.24,100.0,79.2
1734,-22169.78,500.0419,2.12,98.8,79.3
1735,-22079.9,1988.6789,2.17,100.0,79.4
1736,-22125.24,633.9335,2.25,100.0,79.3
1737,-22137.94,382.8265,2.12,99.5,79.3
1738,-22059.79,263.3656,2.25,99.8,79.4
1739,-22150.32,373.2189,2.12,100.0,79.5
1740,-22112.98,406.636,2.18,100.0,79.5
1741,-22136.84,244.1154,2.17,100.0,79.5
1742,-22146.89,321.5213,2.15,100.0,79.5
1743,-22169.59,588.1503,2.07,99.8,79.0
1744,-22164.24,379.2535,2.22,96.9,79.3
1745,-22127.97,346.0517,2.13,100.0,79.3
1746,-22198.41,575.8016,2.14,100.0,79.3
1747,-22123.39,1570.8163,2.15,100.0,79.5
1748,-22075.4,445.3346,2.16,100.0,79.4
1749,-22219.9,2566.7434,2.12,100.0,79.6
1750,-22080.03,135.5312,2.11,100.0,79.4
1751,-22230.93,1585.5283,2.2,99.9,79.5
1752,-22153.52,210.6144,2.14,100.0,79.6
1753,-22119.43,358.7776,2.16,100.0,79.5
1754,-22163.69,692.4698,2.1,99.1,79.5
1755,-22116.33,1115.6618,2.24,100.0,79.6
1756,-22113.59,1903.3653,2.15,100.0,79.6
1757,-22142.59,308.3059,2.08,99.8,79.7
1758,-22140.11,472.8387,2.21,100.0,79.7
1759,-22153.44,313.3533,2.13,100.0,79.7
1760,-22249.22,473.7685,2.15,99.8,79.7
1761,-22386.13,2685.9919,2.26,100.0,79.9
1762,-22318.88,522.1819,2.14,100.0,79.8
1763,-22295.06,1316.5621,2.22,100.0,79.4
1764,-22205.14,836.2246,2.11,97.3,79.5
1765,-22213.47,514.1168,2.25,100.0,79.6
1766,-22186.09,169.9686,2.14,100.0,79.3
1767,-22189.76,1377.8344,2.15,100.0,79.3
1768,-22222.47,654.1899,2.16,100.0,79.2
1769,-22163.72,264.3544,2.17,100.0,79.3
1770,-22139.85,118.5295,2.13,100.0,79.5
1771,-22201.67,754.591,2.16,100.0,79.7
1772,-22173.57,265.3014,2.16,100.0,79.7
1773,-22247.9,303.5878,2.19,99.2,79.9
1774,-22111.51,877.3616,2.15,100.0,80.1
1775,-22143.28,280.3085,2.18,100.0,79.5
1776,-22163.98,452.5848,2.1,100.0,79.5
1777,-22167.0,1364.285,2.19,98.7,79.8
1778,-22242.88,226.1456,2.18,100.0,79.9
1779,-22143.31,1488.6296,2.18,100.0,79.8
1780,-22188.46,390.8312,2.14,95.9,79.9
1781,-22264.21,252.7765,2.22,100.0,80.0
1782,-22242.65,562.1364,2.15,100.0,80.1
1783,-22269.54,172.949,2.14,100.0,80.1
1784,-22328.05,394.8053,2.22,100.0,80.2
1785,-22273.47,918.0218,2.25,100.0,80.2
1786,-22274.26,762.3985,2.11,99.6,80.1
1787,-22346.71,482.5121,2.26,100.0,80.4
1788,-22175.09,850.0076,2.17,100.0,80.6
1789,-22260.46,781.4347,2.16,99.2,80.4
1790,-22312.38,515.3713,2.18,100.0,80.5
1791,-22310.86,488.2559,2.16,100.0,80.5
1792,-22262.65,450.1062,2.14,100.0,81.0
1793,-22257.06,386.2748,2.19,100.0,81.0
1794,-22247.29,725.6933,2.2,100.0,81.0
1795,-22324.1,884.6219,2.17,100.0,80.5
1796,-22344.94,919.2905,2.11,100.0,80.5
1797,-22324.28,1122.5042,2.29,100.0,80.6
1798,-22396.46,1986.0495,2.17,94.6,80.6
1799,-22374.77,348.7583,2.25,99.2,80.6
1800,-22225.93,612.8267,2.15,100.0,80.6
1801,-22267.53,5611.5681,2.16,100.0,80.6
1802,-22244.54,2969.9322,2.21,100.0,80.5
1803,-22343.51,3132.5681,2.24,100.0,80.5
1804,-22395.97,1332.0487,2.14,100.0,80.3
1805,-22391.9,845.1676,2.27,97.8,80.8
1806,-22370.22,758.5905,2.17,100.0,80.9
1807,-22329.32,415.578,2.17,100.0,80.9
1808,-22304.12,254.5991,2.18,100.0,81.0
1809,-22288.9,1213.2268,2.22,100.0,80.6
1810,-22243.24,1513.0545,2.17,100.0,80.6
1811,-22313.68,1055.6593,2.17,100.0,80.7
1812,-22383.75,1291.5973,2.29,100.0,80.3
1813,-22392.67,298.8757,2.15,99.5,80.4
1814,-22423.03,236.428,2.26,100.0,80.5
1815,-22326.55,1065.4112,2.19,100.0,80.5
1816,-22390.64,491.7168,2.16,100.0,80.4
1817,-22289.61,388.8766,2.17,100.0,80.5
1818,-22418.43,349.0073,2.18,100.0,80.6
1819,-22414.31,421.9786,2.16,100.0,80.6
1820,-22391.93,632.5161,2.15,99.2,80.6
1821,-22367.42,186.7444,2.22,100.0,80.6
1822,-22381.0,249.1565,2.17,100.0,80.7
1823,-22350.71,225.3669,2.29,100.0,80.8
1824,-22424.57,1161.7416,2.2,100.0,80.8
1825,-22373.96,248.0575,2.19,100.0,80.9
1826,-22385.58,1670.1622,2.32,99.9,80.5
1827,-22395.09,1146.8237,2.25,100.0,80.5
1828,-22304.65,1182.9674,2.34,100.0,80.6
1829,-22381.17,223.9406,2.15,97.4,80.6
1830,-22409.01,558.4331,2.28,99.3,80.7
1831,-22418.21,1300.4322,2.17,100.0,80.6
1832,-22389.28,1013.8557,2.18,99.7,80.7
1833,-22394.21,706.4511,2.19,100.0,80.7
1834,-22371.92,1050.6285,2.17,100.0,80.7
1835,-22472.55,2726.2098,2.15,100.0,80.3
1836,-22332.24,1044.7239,2.18,100.0,80.4
1837,-22465.24,535.3913,2.16,100.0,80.4
1838,-22373.05,1109.4507,2.16,100.0,80.4
1839,-22369.87,586.9495,2.19,99.9,80.5
1840,-22275.23,473.2612,2.29,100.0,80.7
1841,-22461.6,2971.0276,2.17,97.0,81.0
1842,-22323.36,720.1618,2.23,100.0,81.0
1843,-22333.24,270.197,2.2,100.0,81.1
1844,-22330.17,439.6495,2.16,100.0,81.1
1845,-22351.44,220.7364,2.17,100.0,81.2
1846,-22465.24,1873.5105,2.25,100.0,81.2
1847,-22420.8,409.4656,2.08,99.3,81.3
1848,-22443.67,257.7602,2.23,99.9,81.5
1849,-22287.58,1481.5292,2.17,100.0,81.5
1850,-22319.25,672.8244,2.17,100.0,81.5
1851,-22351.44,544.5215,2.19,99.2,81.7
1852,-22337.62,131.0535,2.18,100.0,81.7
1853,-22294.38,677.8667,2.19,100.0,81.7
1854,-22346.8,242.418,2.15,99.3,81.8
1855,-22305.19,1100.9905,2.22,100.0,81.8
1856,-22312.01,425.7242,2.19,100.0,81.9
1857,-22248.67,1029.3637,2.14,100.0,81.8
1858,-22287.97,212.2343,2.18,100.0,81.8
1859,-22165.73,750.148,2.18,100.0,81.9
1860,-22208.56,778.7082,2.16,100.0,82.0
1861,-22183.44,517.7311,2.25,100.0,82.1
1862,-22316.21,946.5342,2.14,100.0,82.1
1863,-22283.4,570.7557,2.19,99.7,82.2
1864,-22474.82,4829.0839,2.2,100.0,82.9
1865,-22406.7,291.8836,2.19,100.0,83.0
1866,-22178.6,2543.2275,2.15,100.0,82.9
1867,-22192.78,2912.5504,2.22,100.0,82.9
1868,-22164.23,1567.3335,2.19,100.0,82.9
1869,-22197.57,1524.1234,2.15,100.0,82.9
1870,-22176.54,865.4522,2.21,100.0,83.0
1871,-22218.62,204.7178,2.25,100.0,83.0
1872,-22318.48,3156.5953,2.23,98.2,82.3
1873,-22301.77,1865.006,2.26,100.0,82.4
1874,-22319.1,526.1979,2.19,100.0,82.6
1875,-22410.63,1105.7358,2.2,100.0,82.6
1876,-22270.68,295.2559,2.19,100.0,81.7
1877,-22237.51,644.3041,2.24,100.0,81.8
1878,-22411.6,2613.2227,2.33,99.9,80.6
1879,-22339.52,344.2679,2.22,100.0,80.6
1880,-22301.66,689.0842,2.2,99.9,80.7
1881,-22359.9,1069.3031,2.26,100.0,80.9
1882,-22269.75,500.0682,2.23,100.0,81.0
1883,-22244.2,253.4301,2.12,99.7,80.7
1884,-22351.22,1605.2021,2.23,100.0,80.8
1885,-22377.05,560.5048,2.27,100.0,80.9
1886,-22232.74,456.3283,2.17,99.0,81.0
1887,-22255.29,123.5795,2.3,100.0,81.1
1888,-22258.71,827.1001,2.22,99.8,81.1
1889,-22125.29,686.7449,2.19,99.7,81.1
1890,-22191.49,301.8802,2.21,100.0,81.2
1891,-22164.42,599.3501,2.2,100.0,81.4
1892,-22193.84,325.5614,2.16,100.0,80.9
1893,-22262.14,3087.3795,2.37,99.6,80.9
1894,-22154.46,554.9531,2.19,100.0,81.1
1895,-22222.76,419.7493,2.21,99.9,81.3
1896,-22206.07,578.8318,2.2,100.0,81.2
1897,-22197.57,804.2783,2.27,100.0,81.3
1898,-22144.8,340.3414,2.15,100.0,81.3
1899,-22253.11,695.526,2.19,100.0,81.5
1900,-22261.07,722.4032,2.21,100.0,81.3
1901,-22221.53,385.8483,2.19,99.9,81.7
1902,-22222.29,362.6977,2.15,100.0,81.7
1903,-22126.44,1211.8998,2.19,100.0,81.8
1904,-22125.29,186.3974,2.15,100.0,81.9
1905,-22132.27,781.2513,2.18,100.0,81.8
1906,-22334.95,2016.7591,2.21,100.0,81.8
1907,-22226.09,1090.1008,2.18,100.0,81.8
1908,-22283.62,228.111,2.19,100.0,82.0
1909,-22232.55,258.8096,2.2,100.0,81.9
1910,-22261.57,654.5591,2.15,100.0,82.0
1911,-22299.09,894.8804,2.21,100.0,82.1
1912,-22247.87,1248.1752,2.17,100.0,82.3
1913,-22350.8,109.9125,2.19,100.0,82.2
1914,-22299.32,2430.1671,2.18,100.0,82.2
1915,-22291.75,5494.6847,2.17,100.0,82.3
1916,-22351.97,679.1648,2.15,100.0,82.5
1917,-22373.58,800.0338,2.18,100.0,82.4
1918,-22356.07,423.819,2.14,100.0,82.5
1919,-22341.46,511.8333,2.16,100.0,82.5
1920,-22330.71,773.4159,2.22,100.0,82.7
1921,-22352.83,500.365,2.17,100.0,82.6
1922,-22367.77,288.3283,2.34,100.0,82.3
1923,-22286.68,1462.6865,2.15,100.0,82.4
1924,-22309.04,682.4616,2.25,100.0,82.5
1925,-22317.9,347.097,2.19,96.9,82.6
1926,-22308.66,281.312,2.25,100.0,82.5
1927,-22447.22,3026.1213,2.19,100.0,82.6
1928,-22347.47,849.9156,2.2,100.0,82.7
1929,-22316.28,571.2707,2.25,100.0,82.8
1930,-22289.54,1990.8153,2.19,100.0,82.8
1931,-22314.54,4409.8245,2.17,100.0,82.8
1932,-22259.29,768.0353,2.25,100.0,82.9
1933,-22396.93,4522.4149,2.19,100.0,83.0
1934,-22414.72,3210.1354,2.15,97.8,82.7
1935,-22295.05,279.0571,2.3,100.0,82.8
1936,-22343.43,798.6326,2.19,97.8,82.9
1937,-22346.62,802.7501,2.24,100.0,83.0
1938,-22336.9,332.8277,2.21,100.0,83.0
1939,-22389.73,451.6165,2.21,100.0,83.0
1940,-22312.38,1180.6638,2.15,100.0,82.4
1941,-22331.67,576.7633,2.44,99.4,82.4
1942,-22320.19,145.773,2.16,99.7,82.4
1943,-22306.53,78.8454,2.24,99.6,82.7
1944,-22331.0,361.4132,2.19,100.0,82.6
1945,-22289.17,1331.0542,2.17,100.0,82.7
1946,-22414.74,170.9215,2.19,99.4,82.4
1947,-22413.23,240.5226,2.16,100.0,82.4
1948,-22357.54,616.1009,2.18,100.0,82.4
1949,-22248.78,3399.5436,2.15,100.0,82.5
1950,-22385.17,1075.9067,2.15,100.0,82.7
1951,-22409.89,1938.9856,2.19,100.0,82.6
1952,-22399.79,1094.1505,2.13,100.0,82.8
1953,-22395.93,828.3509,2.2,100.0,82.9
1954,-22443.44,925.7842,2.2,100.0,83.1
1955,-22426.15,448.3746,2.15,100.0,83.0
1956,-22336.41,620.5205,2.18,100.0,82.9
1957,-22453.31,1368.4226,2.16,100.0,83.0
1958,-22367.61,246.5438,2.15,100.0,83.0
1959,-22334.83,410.2602,2.18,100.0,83.2
1960,-22420.26,1219.114,2.16,100.0,83.0
1961,-22434.33,1621.7083,2.14,100.0,83.2
1962,-22447.64,1195.0328,2.21,100.0,83.2
1963,-22448.53,813.3988,2.12,100.0,83.2
1964,-22410.89,2271.4017,2.16,100.0,83.1
1965,-22400.16,2174.8131,2.14,100.0,83.1
1966,-22389.94,1101.4391,2.19,100.0,83.2
1967,-22313.09,1916.6939,2.14,100.0,83.3
1968,-22404.29,686.9056,2.22,100.0,83.4
1969,-22407.48,597.228,2.19,100.0,83.3
1970,-22336.03,514.7998,2.15,100.0,83.6
1971,-22460.29,842.7264,2.2,100.0,83.7
1972,-22428.27,880.586,2.24,100.0,83.8
1973,-22336.88,683.2541,2.14,100.0,83.7
1974,-22388.27,2386.6498,2.18,100.0,83.8
1975,-22414.6,301.1119,2.14,100.0,83.8
1976,-22419.02,375.0981,2.17,100.0,83.3
1977,-22429.12,318.6466,2.15,100.0,82.9
1978,-22311.5,1534.6086,2.27,99.4,83.2
1979,-22424.76,324.6893,2.17,100.0,83.2
1980,-22420.42,149.3676,2.14,100.0,83.2
1981,-22219.83,2983.6061,2.2,100.0,82.9
1982,-22307.54,1434.9427,2.17,100.0,82.9
1983,-22173.35,948.2448,2.19,100.0,82.8
1984,-22407.36,1822.27,2.19,98.5,83.3
1985,-22324.27,566.8266,2.26,100.0,83.3
1986,-22292.05,228.5287,2.16,100.0,83.2
1987,-22241.17,662.6671,2.14,100.0,83.3
1988,-22314.2,705.7615,2.23,100.0,83.4
1989,-22220.5,1350.3083,2.14,100.0,83.4
1990,-22453.68,1351.0302,2.18,100.0,83.4
1991,-22313.34,322.4845,2.22,100.0,83.4
1992,-22342.34,108.5929,2.19,100.0,83.4
1993,-22357.24,1696.6335,2.19,100.0,83.6
1994,-22311.67,3205.9552,2.33,100.0,83.7
1995,-22408.45,1521.7585,2.15,99.7,83.5
1996,-22391.73,543.4626,2.16,100.0,83.7
1997,-22353.2,1730.6927,2.16,100.0,83.8
1998,-22348.97,2290.7758,2.24,100.0,83.7
1999,-22373.5,191.2172,2.13,100.0,83.8
2000,-22357.5,640.3308,2.2,100.0,83.8
2001,-22369.66,198.7895,2.18,100.0,83.7
2002,-22429.18,3802.3622,2.15,100.0,83.9
2003,-22284.99,519.5987,2.18,100.0,83.9
2004,-22431.87,2319.7554,2.22,100.0,84.0
2005,-22375.29,358.1886,2.15,100.0,84.0
2006,-22341.22,367.6638,2.18,100.0,83.9
2007,-22486.15,598.1582,2.24,100.0,84.1
2008,-22281.98,1684.1053,2.18,100.0,83.6
2009,-22457.35,581.6147,2.3,100.0,83.7
2010,-22374.54,427.1386,2.2,100.0,83.8
2011,-22379.75,492.4742,2.19,99.9,83.8
2012,-22385.12,225.3173,2.26,100.0,83.8
2013,-22404.37,899.8583,2.19,100.0,83.9
2014,-22423.2,774.3501,2.18,100.0,83.9
2015,-22454.81,932.6526,2.27,98.9,84.0
2016,-22414.13,716.0909,2.18,100.0,83.9
2017,-22425.56,431.2752,2.18,99.7,84.1
2018,-22458.24,263.6138,2.17,100.0,84.1
2019,-22442.33,463.8523,2.16,100.0,84.1
2020,-22325.59,1705.4424,2.13,100.0,84.1
2021,-22318.26,1334.6349,2.13,100.0,84.1
2022,-22414.36,287.7479,2.19,100.0,84.1
2023,-22447.33,501.2836,2.15,99.5,84.1
2024,-22292.5,1154.7863,2.22,100.0,84.3
2025,-22416.69,490.496,2.15,100.0,84.2
2026,-22385.36,207.3831,2.15,100.0,84.3
2027,-22343.87,413.4196,2.15,100.0,84.3
2028,-22437.32,620.2707,2.2,100.0,84.5
2029,-22423.3,242.3653,2.15,100.0,84.7
2030,-22441.02,388.8036,2.14,100.0,84.5
2031,-22428.49,327.9615,2.17,100.0,84.6
2032,-22408.4,234.4401,2.16,100.0,84.7
2033,-22475.73,414.4953,2.19,100.0,84.7
2034,-22472.8,1761.912,2.17,100.0,84.9
2035,-22402.75,675.1031,2.18,100.0,84.5
2036,-22474.35,300.2819,2.14,100.0,84.6
2037,-22397.8,351.1071,2.18,100.0,84.7
2038,-22416.4,879.8645,2.2,92.3,85.1
2039,-22331.14,795.8177,2.29,100.0,86.1
2040,-22403.06,1838.1454,2.37,100.0,84.4
2041,-22316.53,313.6816,2.23,96.7,84.6
2042,-22350.51,718.4705,2.45,100.0,84.8
2043,-22334.48,338.4915,2.29,100.0,84.6
2044,-22378.21,350.029,2.21,96.5,84.7
2045,-22444.73,2697.6705,2.41,100.0,84.7
2046,-22382.13,136.3163,2.2,100.0,84.9
2047,-22403.44,807.0719,2.18,99.5,84.9
2048,-22441.25,242.4911,2.22,100.0,84.9
2049,-22422.75,279.3958,2.22,100.0,85.0
2050,-22342.2,2376.337,2.14,100.0,85.0
2051,-22404.33,339.3991,2.16,100.0,85.1
2052,-22372.84,332.9823,2.17,100.0,85.1
2053,-22395.93,338.7356,2.2,100.0,85.1
2054,-22371.04,617.3665,2.19,99.4,85.5
2055,-22315.37,815.6745,2.17,100.0,85.6
2056,-22440.82,1274.597,2.19,100.0,85.6
2057,-22327.99,325.1576,2.1,99.6,85.3
2058,-22449.88,370.7106,2.19,100.0,85.5
2059,-22343.59,712.0714,2.19,100.0,85.6
2060,-22389.1,146.3321,2.13,100.0,85.4
2061,-22366.28,264.6553,2.15,98.7,85.4
2062,-22474.91,782.2755,2.18,100.0,85.5
2063,-22429.93,1147.8609,2.15,100.0,85.5
2064,-22433.29,1069.0364,2.19,100.0,85.4
2065,-22399.04,163.1877,2.16,100.0,85.3
2066,-22374.4,640.248,2.21,100.0,85.4
2067,-22371.32,274.9242,2.11,98.5,85.4
2068,-22354.19,1417.0755,2.24,99.1,85.5
2069,-22366.33,289.0533,2.15,100.0,85.5
2070,-22334.65,400.2712,2.17,100.0,85.4
2071,-22343.51,126.6867,2.2,100.0,85.4
2072,-22376.85,401.5236,2.15,100.0,85.4
2073,-22351.08,513.7322,2.17,100.0,85.3
2074,-22285.64,2113.2528,2.15,98.7,85.5
2075,-22318.16,586.8754,2.21,100.0,85.5
2076,-22289.22,1274.2123,2.15,100.0,85.5
2077,-22325.76,430.2436,2.16,100.0,85.6
2078,-22271.07,784.3591,2.15,100.0,85.3
2079,-22343.31,614.4576,2.21,100.0,85.3
2080,-22291.2,1242.1771,2.12,99.6,85.3
2081,-22343.72,648.7461,2.17,100.0,85.6
2082,-22278.96,353.7452,2.17,100.0,85.6
2083,-22315.04,1352.5659,2.17,100.0,85.6
2084,-22278.23,1113.1699,2.15,98.9,85.9
2085,-22322.73,673.7956,2.14,100.0,85.8
2086,-22278.34,152.9913,2.18,100.0,86.0
2087,-22348.22,882.6163,2.15,99.7,86.1
2088,-22401.76,1927.505,2.15,99.6,85.5
2089,-22303.82,943.5481,2.27,100.0,85.6
2090,-22296.34,1720.8867,2.16,100.0,85.8
2091,-22275.07,408.6126,2.19,99.8,85.9
2092,-22256.78,347.988,2.15,100.0,85.7
2093,-22240.04,228.2261,2.17,100.0,85.8
2094,-22263.28,701.2883,2.15,100.0,85.8
2095,-22180.32,2776.1074,2.12,100.0,85.8
2096,-22260.02,1498.2744,2.17,100.0,85.2
2097,-22271.92,1127.2674,2.13,100.0,85.3
2098,-22244.66,777.7988,2.17,100.0,85.3
2099,-22320.32,1185.0706,2.18,100.0,85.4
2100,-22277.04,385.1042,2.12,100.0,85.6
2101,-22340.31,392.6421,2.2,100.0,85.6
2102,-22260.1,395.5562,2.11,100.0,85.6
2103,-22316.97,240.5884,2.16,100.0,85.8
2104,-22331.06,1210.8836,2.16,100.0,85.8
2105,-22318.16,984.375,2.19,100.0,85.7
2106,-22318.47,564.8716,2.19,100.0,85.1
2107,-22279.47,586.6396,2.11,100.0,85.2
2108,-22337.89,562.8924,2.18,100.0,85.2
2109,-22192.04,756.9554,2.12,100.0,85.2
2110,-22276.56,2512.0822,2.14,100.0,85.4
2111,-22392.17,2412.4108,2.22,100.0,85.3
2112,-22293.38,891.7986,2.13,100.0,85.4
2113,-22388.24,935.4192,2.17,99.1,85.3
2114,-22340.08,528.4144,2.16,100.0,85.4
2115,-22305.68,586.1778,2.16,100.0,85.4
2116,-22360.69,400.7505,2.12,100.0,85.5
2117,-22396.8,700.1663,2.2,100.0,85.5
2118,-22308.45,313.1224,2.16,100.0,85.6
2119,-22326.94,628.2373,2.17,99.9,85.6
2120,-22325.7,669.8992,2.24,100.0,86.6
2121,-22231.03,1966.6841,2.26,100.0,86.7
2122,-22342.25,1339.2343,2.12,100.0,86.6
2123,-22294.06,1474.6908,2.14,100.0,86.3
2124,-22278.77,914.9075,2.18,100.0,86.4
2125,-22328.7,660.9378,2.18,100.0,86.5
2126,-22352.74,1817.6502,2.16,100.0,86.4
2127,-22316.43,599.3657,2.25,99.1,86.3
2128,-22302.76,579.0703,2.16,100.0,86.4
2129,-22226.07,437.1358,2.16,99.9,86.1
2130,-22302.21,1218.023,2.12,100.0,85.9
2131,-22139.99,674.1184,2.17,100.0,86.1
2132,-22234.77,534.8769,2.13,100.0,86.2
2133,-22218.61,170.0179,2.17,100.0,86.2
2134,-22151.49,3540.2391,2.18,100.0,86.3
2135,-22150.69,1167.0986,2.15,100.0,86.1
2136,-22074.8,738.4771,2.1,98.6,85.9
2137,-22166.97,1732.0358,2.24,100.0,86.0
2138,-22221.95,4027.0019,2.15,100.0,85.9
2139,-22298.48,1302.1014,2.15,100.0,85.9
2140,-22190.84,423.8699,2.18,100.0,86.0
2141,-22221.55,694.173,2.17,100.0,86.0
2142,-22178.49,361.3632,2.13,100.0,85.8
2143,-22254.65,2704.86,2.16,100.0,85.9
2144,-22247.18,1168.6863,2.13,100.0,85.6
2145,-22305.97,1519.1406,2.19,100.0,85.7
2146,-22296.55,693.0962,2.14,97.7,86.1
2147,-22251.8,1329.6497,2.31,100.0,86.1
2148,-22215.05,1421.0616,2.15,100.0,86.1
2149,-22195.12,645.1195,2.16,100.0,86.2
2150,-22265.54,1460.2725,2.17,100.0,86.3
2151,-22235.95,1416.1596,2.18,100.0,86.3
2152,-22249.96,771.3846,2.15,100.0,86.4
2153,-22368.48,389.8931,2.15,99.1,86.6
2154,-22294.83,589.7446,2.2,100.0,86.7
2155,-22213.16,1619.4373,2.19,100.0,86.6
2156,-22363.28,715.6513,2.16,100.0,86.7
2157,-22357.17,1196.7876,2.21,100.0,86.7
2158,-22311.9,395.1832,2.17,100.0,86.8
2159,-22449.97,823.6755,2.13,100.0,86.5
2160,-22358.5,350.118,2.16,100.0,86.6
2161,-22370.32,220.6571,2.13,100.0,86.5
2162,-22347.2,400.857,2.12,100.0,86.3
2163,-22294.92,1008.887,2.18,100.0,86.3
2164,-22313.21,356.2777,2.12,100.0,86.4
2165,-22344.44,325.0748,2.17,100.0,86.4
2166,-22302.15,110.609,2.11,100.0,85.8
2167,-22333.73,2491.6842,2.25,100.0,86.1
2168,-22340.7,719.8432,2.15,100.0,86.0
2169,-22250.94,2125.5764,2.14,99.4,86.5
2170,-22318.28,525.0731,2.17,100.0,86.5
2171,-22331.72,715.5146,2.18,100.0,86.4
2172,-22380.34,3779.3835,2.16,100.0,86.4
2173,-22383.16,687.8599,2.12,100.0,86.6
2174,-22377.38,846.1698,2.26,100.0,86.6
2175,-22382.58,432.5207,2.13,100.0,86.6
2176,-22387.46,708.8274,2.18,100.0,86.7
2177,-22308.06,541.179,2.21,100.0,86.8
2178,-22370.41,1811.1017,2.17,100.0,86.8
2179,-22361.87,813.7528,2.16,100.0,86.8
2180,-22291.86,1197.5846,2.13,100.0,86.9
2181,-22369.56,322.865,2.23,100.0,87.0
2182,-22417.49,405.1145,2.13,99.7,86.7
2183,-22407.52,701.145,2.29,99.6,86.6
2184,-22310.9,4155.6976,2.11,100.0,86.5
2185,-22420.08,558.1601,2.17,100.0,86.5
2186,-22372.21,667.3768,2.13,100.0,86.6
2187,-22306.23,562.09,2.16,100.0,86.7
2188,-22372.9,565.7625,2.15,100.0,86.7
2189,-22270.58,487.2173,2.16,99.9,86.9
2190,-22279.96,1345.58,2.21,100.0,87.0
2191,-22271.04,1269.1772,2.13,100.0,87.1
2192,-22307.92,1426.3024,2.18,100.0,87.1
2193,-22314.07,644.9705,2.16,100.0,87.1
2194,-22313.85,1304.1761,2.18,100.0,87.2
2195,-22204.71,3621.2265,2.12,99.8,86.7
2196,-22296.87,1075.6819,2.13,100.0,86.7
2197,-22306.1,871.3134,2.15,100.0,86.9
2198,-22305.35,366.9688,2.14,100.0,87.0
2199,-22353.02,468.6205,2.12,100.0,87.1
2200,-22316.76,845.8352,2.22,100.0,87.3
2201,-22396.29,1005.2848,2.16,100.0,87.3
2202,-22283.79,1249.492,2.14,100.0,87.0
2203,-22313.2,475.831,2.15,100.0,87.1
2204,-22357.11,1848.356,2.32,100.0,87.3
2205,-22319.67,688.2424,2.17,99.9,87.2
2206,-22328.61,673.069,2.17,100.0,87.3
2207,-22333.6,918.6673,2.14,100.0,87.3
2208,-22284.43,964.0381,2.14,100.0,87.4
2209,-22347.77,988.7098,2.13,100.0,87.4
2210,-22271.03,139.5683,2.12,100.0,87.4
2211,-22267.5,117.9372,2.21,100.0,87.6
2212,-22335.67,1979.7945,2.14,100.0,87.6
2213,-22321.02,1025.2738,2.14,100.0,87.6
2214,-22305.11,444.8107,2.23,100.0,87.9
2215,-22278.14,1504.5963,2.12,100.0,88.0
2216,-22265.37,206.8527,2.13,98.5,88.1
2217,-22189.54,1466.2202,2.16,100.0,88.3
2218,-22150.96,212.7473,2.17,100.0,88.1
2219,-22231.97,1107.4184,2.14,100.0,88.1
2220,-22106.36,257.9757,2.19,100.0,88.1
2221,-22317.4,953.6654,2.18,100.0,88.2
2222,-22246.4,407.5633,2.2,100.0,88.2
2223,-22295.95,439.3622,2.16,100.0,88.2
2224,-22237.77,992.1472,2.15,100.0,88.4
2225,-22287.73,263.8455,2.21,100.0,88.4
2226,-22315.26,319.2783,2.12,99.3,87.3
2227,-22269.11,930.9937,2.2,100.0,87.5
2228,-22314.55,373.6311,2.14,100.0,87.5
2229,-22252.67,405.879,2.15,100.0,87.5
2230,-22202.18,2580.1232,2.18,98.6,87.8
2231,-22293.77,671.3258,2.24,100.0,87.9
2232,-22287.77,386.5612,2.16,100.0,87.9
2233,-22244.37,513.5573,2.13,100.0,88.0
2234,-22294.24,198.41,2.17,100.0,88.0
2235,-22259.83,580.807,2.19,100.0,88.1
2236,-22276.23,500.5699,2.16,100.0,87.6
2237,-22364.17,953.0759,2.13,100.0,87.5
2238,-22266.71,1006.0539,2.2,100.0,87.6
2239,-22280.81,550.719,2.16,100.0,87.8
2240,-22289.54,341.3843,2.15,98.2,87.9
2241,-22257.47,527.8641,2.25,100.0,87.9
2242,-22253.58,183.2061,2.17,100.0,87.9
2243,-22248.75,268.1643,2.14,100.0,87.9
2244,-22316.33,327.3322,2.29,100.0,88.0
2245,-22298.64,783.9833,2.15,100.0,88.0
2246,-22280.62,696.8272,2.18,100.0,88.1
2247,-22348.55,1324.1862,2.18,100.0,88.2
2248,-22291.53,479.0828,2.2,100.0,88.3
2249,-22289.88,385.7769,2.12,100.0,88.3
2250,-22304.7,326.6015,2.15,100.0,88.3
2251,-22276.44,523.8566,2.16,100.0,88.3
2252,-22251.83,389.9477,2.17,100.0,88.5
2253,-22287.27,1247.5004,2.1,100.0,88.3
2254,-22222.11,682.5675,2.22,100.0,88.1
2255,-22233.07,722.9516,2.13,100.0,88.1
2256,-22158.02,216.3235,2.15,100.0,88.3
2257,-22312.33,3115.0552,2.12,100.0,88.3
2258,-22307.1,1548.6161,2.23,100.0,88.1
2259,-22317.83,999.8426,2.13,99.5,87.5
2260,-22276.13,2487.3666,2.22,100.0,87.5
2261,-22412.06,702.4842,2.21,100.0,87.5
2262,-22271.59,1441.7512,2.14,100.0,87.5
2263,-22283.19,1179.0198,2.14,100.0,87.5
2264,-22246.84,475.386,2.15,100.0,87.6
2265,-22322.55,668.2401,2.14,100.0,87.7
2266,-22296.67,489.5272,2.2,100.0,87.8
2267,-22275.91,264.7499,2.09,100.0,87.8
2268,-22240.13,248.0873,2.23,100.0,87.9
2269,-22270.7,430.9066,2.12,100.0,88.0
2270,-22317.4,983.5583,2.22,100.0,88.1
2271,-22223.72,463.6012,2.13,100.0,88.1
2272,-22335.26,145.6883,2.17,100.0,88.1
2273,-22221.59,470.1985,2.14,100.0,88.1
2274,-22283.11,74.768,2.21,100.0,88.1
2275,-22246.79,664.8771,2.14,100.0,88.1
2276,-22289.79,1269.7256,2.16,100.0,88.2
2277,-22286.33,546.0945,2.15,100.0,88.3
2278,-22198.9,436.459,2.18,100.0,88.4
2279,-22276.17,106.4621,2.11,100.0,88.3
2280,-22283.87,1384.4399,2.14,99.6,88.2
2281,-22222.77,316.598,2.17,100.0,88.3
2282,-22191.6,408.2401,2.17,100.0,88.4
2283,-22284.6,1081.0036,2.17,100.0,88.4
2284,-22249.22,181.1281,2.2,100.0,88.5
2285,-22264.33,181.0074,2.14,99.5,88.8
2286,-22285.74,230.4023,2.3,100.0,89.0
2287,-22277.46,409.5178,2.2,100.0,88.6
2288,-22353.59,237.1763,2.17,95.0,88.9
2289,-22292.53,668.6201,2.2,100.0,89.1
2290,-22206.1,1502.7293,2.17,100.0,89.1
2291,-22372.55,2052.9136,2.15,100.0,89.1
2292,-22360.15,917.678,2.19,100.0,89.2
2293,-22355.17,535.9818,2.17,100.0,89.2
2294,-22214.16,2474.4024,2.15,100.0,89.3
2295,-22339.4,1100.1251,2.18,100.0,89.3
2296,-22302.36,720.8167,2.11,100.0,89.3
2297,-22297.94,287.3837,2.16,100.0,89.3
2298,-22227.56,226.1889,2.14,100.0,89.4
2299,-22353.09,1163.4557,2.22,100.0,89.6
2300,-22262.53,353.4084,2.16,100.0,89.4
2301,-22295.29,257.2703,2.17,100.0,89.5
2302,-22344.81,196.2184,2.16,100.0,89.5
2303,-22300.17,524.7566,2.19,100.0,89.5
2304,-22278.19,81.5031,2.14,99.8,89.4
2305,-22324.59,955.2568,2.16,100.0,89.4
2306,-22358.49,404.3464,2.19,100.0,89.5
2307,-22292.61,1051.6925,2.14,100.0,89.6
2308,-22402.17,211.8701,2.13,100.0,89.6
2309,-22253.56,439.6129,2.2,100.0,89.5
2310,-22269.41,313.0951,2.15,100.0,89.5
2311,-22306.28,717.4539,2.2,100.0,89.6
2312,-22340.91,592.8542,2.14,99.1,89.8
2313,-22314.37,249.695,2.28,100.0,89.6
2314,-22293.73,894.2015,2.13,100.0,89.6
2315,-22374.63,633.2057,2.14,98.9,88.7
2316,-22204.28,600.3628,2.15,100.0,88.8
2317,-22245.64,152.3403,2.11,100.0,88.8
2318,-22227.88,238.0835,2.13,100.0,88.8
2319,-22366.52,1806.6501,2.25,100.0,88.8
2320,-22303.11,262.7997,2.13,100.0,88.8
2321,-22383.7,961.2846,2.18,100.0,88.8
2322,-22321.85,288.8607,2.14,100.0,88.9
2323,-22365.28,481.0265,2.27,100.0,88.6
2324,-22272.18,476.0802,2.14,100.0,88.7
2325,-22281.21,518.1674,2.17,100.0,88.8
2326,-22337.24,513.4442,2.19,100.0,88.9
2327,-22309.94,97.6862,2.14,100.0,88.9
2328,-22257.03,887.3516,2.17,100.0,88.5
2329,-22238.67,700.455,2.16,100.0,88.6
2330,-22361.73,781.4825,2.16,100.0,88.5
2331,-22349.91,1706.7939,2.14,99.2,88.2
2332,-22403.11,1223.3468,2.24,100.0,88.1
2333,-22228.95,1295.8441,2.16,100.0,88.1
2334,-22252.46,1071.5224,2.14,100.0,88.1
2335,-22248.68,320.0661,2.16,100.0,88.1
2336,-22220.08,257.4227,2.17,100.0,88.3
2337,-22285.74,1375.9214,2.14,100.0,88.1
2338,-22301.22,1178.4997,2.15,99.5,88.2
2339,-22212.86,777.9443,2.15,100.0,88.2
2340,-22298.02,1087.2238,2.19,100.0,88.2
2341,-22231.19,842.5362,2.12,100.0,88.3
2342,-22239.62,506.6523,2.2,99.6,87.6
2343,-22181.1,2668.8094,2.19,100.0,87.6
2344,-22196.42,907.0543,2.14,100.0,87.6
2345,-22131.43,1626.5589,2.14,100.0,87.8
2346,-22141.13,405.9545,2.18,100.0,87.8
2347,-22216.81,702.1666,2.18,100.0,87.8
2348,-22184.13,512.9135,2.12,100.0,87.8
2349,-22220.32,569.3607,2.15,100.0,87.9
2350,-22194.36,605.0046,2.17,100.0,87.8
2351,-22210.94,420.3875,2.2,100.0,87.4
2352,-22238.89,298.9404,2.08,89.0,87.7
2353,-22131.63,304.7502,2.25,99.9,87.9
2354,-22209.58,544.4849,2.14,100.0,87.8
2355,-22097.78,351.9648,2.13,100.0,87.8
2356,-22251.66,659.5973,2.16,100.0,87.8
2357,-22286.08,756.9453,2.14,100.0,87.9
2358,-22270.65,351.1985,2.17,100.0,88.0
2359,-22188.01,578.677,2.22,100.0,88.0
2360,-22217.94,126.4677,2.09,100.0,88.1
2361,-22297.03,1826.6363,2.2,100.0,88.1
2362,-22209.59,488.7379,2.12,100.0,87.9
2363,-22192.5,298.4034,2.18,100.0,87.7
2364,-22186.36,177.6911,2.12,100.0,87.9
2365,-22285.61,2545.4246,2.28,100.0,88.0
2366,-22202.85,502.2095,2.14,100.0,88.1
2367,-22182.15,175.206,2.15,100.0,88.0
2368,-22223.1,213.3056,2.19,100.0,88.0
2369,-22334.07,986.9191,2.16,100.0,88.0
2370,-22242.35,938.5853,2.12,100.0,87.5
2371,-22200.35,631.9207,2.13,100.0,87.8
2372,-22231.27,334.4276,2.18,100.0,87.8
2373,-22141.08,1203.7987,2.26,100.0,87.9
2374,-22242.32,811.7698,2.16,92.6,88.3
2375,-22212.68,233.4078,2.3,99.9,88.3
2376,-22293.37,1309.3033,2.15,100.0,88.3
2377,-22145.09,1065.9575,2.2,98.7,88.4
2378,-22245.19,236.6938,2.19,100.0,88.4
2379,-22245.19,121.7994,2.19,100.0,88.5
2380,-22212.17,286.3667,2.25,100.0,89.5
2381,-22261.57,261.6914,2.14,100.0,89.5
2382,-22216.2,274.25,2.2,100.0,89.6
2383,-22201.5,317.4615,2.18,100.0,89.6
2384,-22253.99,137.2003,2.14,100.0,89.2
2385,-22182.46,384.8721,2.2,100.0,89.2
2386,-22167.7,378.4525,2.19,100.0,88.3
2387,-22123.13,438.7269,2.17,100.0,87.5
2388,-22214.18,563.1997,2.21,99.6,87.7
2389,-22187.19,1443.7394,2.2,100.0,87.7
2390,-22225.03,364.177,2.15,100.0,88.0
2391,-22150.25,590.1676,2.14,100.0,87.8
2392,-22193.69,922.8595,2.17,100.0,87.9
2393,-22218.35,392.519,2.21,100.0,87.9
2394,-22213.12,430.3172,2.14,100.0,87.3
2395,-22148.74,1330.2348,2.3,100.0,87.3
2396,-22197.3,1510.3451,2.15,100.0,87.9
2397,-22182.46,922.6843,2.19,100.0,87.9
2398,-22161.69,691.5236,2.12,100.0,87.6
2399,-22182.46,243.0698,2.22,100.0,87.7
2400,-22272.96,650.8021,2.25,100.0,87.6
2401,-22270.43,340.7278,2.15,99.9,87.5
2402,-22254.47,426.7149,2.28,100.0,87.7
2403,-22240.12,565.0477,2.16,99.5,87.4
2404,-22279.7,308.4452,2.16,100.0,87.5
2405,-22275.28,712.2091,2.22,100.0,87.6
2406,-22256.95,507.3939,2.19,100.0,87.7
2407,-22289.58,538.119,2.16,100.0,87.5
2408,-22188.1,507.809,2.13,100.0,87.6
2409,-22244.91,223.0755,2.23,100.0,87.8
2410,-22196.58,105.5,2.13,99.8,87.8
2411,-22256.31,183.3162,2.13,97.7,87.8
2412,-22112.15,718.5964,2.25,100.0,87.8
2413,-22218.86,1377.6158,2.27,100.0,87.9
2414,-22188.63,401.1254,2.16,92.0,88.1
2415,-22242.83,326.5634,2.21,100.0,88.2
2416,-22239.04,278.462,2.15,100.0,88.1
2417,-22163.47,2405.8849,2.15,100.0,87.7
2418,-22244.8,1223.3089,2.17,100.0,87.8
2419,-22155.62,1370.716,2.14,100.0,87.9
2420,-22109.33,566.9787,2.13,100.0,87.9
2421,-22223.18,4170.2393,2.18,100.0,87.9
2422,-22107.9,18577.121,2.14,100.0,87.9
2423,-22151.21,1134.7947,2.19,100.0,88.0
2424,-22101.8,676.2311,2.1,99.5,88.2
2425,-22266.24,1035.3799,2.29,100.0,88.2
2426,-22163.64,1293.0874,2.22,100.0,88.3
2427,-22172.33,589.6057,2.15,100.0,88.3
2428,-22183.09,714.5648,2.17,100.0,88.3
2429,-22165.73,321.1583,2.22,100.0,88.3
2430,-22204.26,273.8153,2.18,100.0,88.3
2431,-22092.38,1363.7039,2.16,99.3,88.6
2432,-22088.41,1127.6935,2.15,100.0,88.6
2433,-22177.24,931.9601,2.14,100.0,88.8
2434,-22097.54,555.0795,2.12,100.0,88.7
2435,-22151.47,189.0254,2.22,100.0,88.8
2436,-22130.05,400.9686,2.16,100.0,88.9
2437,-22214.55,876.9859,2.15,100.0,89.0
2438,-22179.04,927.4859,2.18,100.0,89.2
2439,-22247.67,543.9746,2.27,100.0,89.3
2440,-22150.45,823.893,2.15,100.0,89.2
2441,-22196.6,579.5548,2.14,92.1,89.5
2442,-22197.3,114.0868,2.22,100.0,89.5
2443,-22224.71,1229.7318,2.2,100.0,89.5
2444,-22192.41,943.712,2.17,99.8,89.5
2445,-22137.12,734.3131,2.19,100.0,89.5
2446,-22133.99,1175.2624,2.21,100.0,89.6
2447,-22119.91,160.3783,2.14,98.5,89.6
2448,-22165.48,1358.0826,2.23,100.0,89.8
2449,-22176.34,675.666,2.13,100.0,89.6
2450,-22176.77,317.5566,2.15,100.0,89.8
2451,-22207.87,210.7628,2.16,100.0,89.9
2452,-22179.29,502.2673,2.27,100.0,90.0
2453,-22156.34,1443.74,2.17,100.0,90.0
2454,-22136.38,1044.9338,2.13,97.2,90.0
2455,-22105.38,419.7449,2.2,100.0,90.2
2456,-22184.61,1840.8525,2.2,100.0,90.0
2457,-22221.43,2696.2796,2.13,100.0,90.0
2458,-22213.92,661.798,2.18,100.0,90.4
2459,-22202.2,555.0265,2.15,100.0,90.7
2460,-22217.4,557.5652,2.19,100.0,90.4
2461,-22291.84,1493.003,2.16,100.0,90.2
2462,-22242.69,741.2571,2.11,100.0,90.4
2463,-22166.16,696.4302,2.16,100.0,90.5
2464,-22180.4,258.257,2.18,100.0,90.4
2465,-22205.03,398.9827,2.37,100.0,90.3
2466,-22284.08,714.294,2.22,100.0,90.5
2467,-22203.45,139.8553,2.13,99.6,90.9
2468,-22225.71,493.5059,2.12,99.9,90.3
2469,-22257.69,303.8477,2.17,100.0,90.3
2470,-22159.04,344.4132,2.15,100.0,90.4
2471,-22194.49,289.9631,2.15,99.7,90.1
2472,-22211.25,244.502,2.2,100.0,90.0
2473,-22203.45,115.6985,2.16,100.0,90.0
2474,-22183.18,172.1066,2.14,98.7,90.1
2475,-22215.13,230.0238,2.16,100.0,89.7
2476,-22195.81,111.4456,2.15,100.0,89.7
2477,-22257.56,621.0858,2.16,100.0,89.6
2478,-22224.8,399.0162,2.17,100.0,89.6
2479,-22233.85,202.9258,2.15,100.0,89.7
2480,-22258.0,685.3053,2.17,100.0,89.7
2481,-22178.97,223.3257,2.15,97.6,90.3
2482,-22248.78,412.9867,2.24,100.0,90.3
2483,-22209.4,198.0405,2.16,100.0,90.3
2484,-22203.85,115.8747,2.12,100.0,90.4
2485,-22209.82,411.4076,2.18,99.0,90.1
2486,-22251.94,212.1447,2.18,100.0,90.2
2487,-22176.88,628.1268,2.12,100.0,90.0
2488,-22262.04,291.0343,2.18,100.0,90.3
2489,-22259.99,371.4478,2.15,100.0,90.4
2490,-22256.6,71.2772,2.33,100.0,90.6
2491,-22301.13,134.2808,2.18,98.8,90.7
2492,-22300.71,312.638,2.22,100.0,91.0
2493,-22297.89,655.7054,2.21,100.0,91.1
2494,-22244.64,447.1203,2.16,100.0,91.1
2495,-22272.37,510.7718,2.14,99.0,91.3
2496,-22238.97,165.1908,2.2,100.0,91.2
2497,-22308.16,436.0287,2.17,100.0,91.3
2498,-22249.64,484.5542,2.14,98.1,91.3
2499,-22262.3,435.5071,2.3,100.0,91.5
2500,-22208.99,1020.3076,2.2,100.0,91.2
2501,-22150.31,500.4989,2.15,100.0,91.2
2502,-22172.53,230.9797,2.13,100.0,90.6
2503,-22245.85,1427.0502,2.35,100.0,90.7
2504,-22282.57,1221.5971,2.18,99.5,90.7
2505,-22307.57,837.9966,2.16,100.0,90.8
2506,-22246.1,739.2772,2.23,100.0,90.7
2507,-22246.54,630.0306,2.17,99.7,90.8
2508,-22191.26,257.1936,2.16,98.1,90.9
2509,-22238.93,508.8901,2.24,100.0,90.9
2510,-22253.78,819.7751,2.17,100.0,90.7
2511,-22238.0,309.9865,2.18,99.2,90.8
2512,-22184.26,475.3586,2.16,100.0,90.9
2513,-22260.02,538.8003,2.21,100.0,91.2
2514,-22179.18,269.8315,2.14,99.0,90.9
2515,-22190.65,269.621,2.21,100.0,90.9
2516,-22244.48,513.2052,2.21,100.0,90.9
2517,-22197.89,392.2794,2.24,100.0,90.9
2518,-22245.18,1351.1625,2.16,99.2,90.8
2519,-22177.95,1658.2072,2.23,100.0,91.0
2520,-22160.26,846.2753,2.17,100.0,91.0
2521,-22251.44,603.0452,2.13,96.8,90.9
2522,-22232.92,391.0005,2.27,100.0,91.0
2523,-22179.65,868.9533,2.2,100.0,90.9
2524,-22268.72,463.1212,2.14,100.0,91.0
2525,-22254.42,239.2311,2.24,100.0,91.0
2526,-22130.12,1433.0993,2.15,100.0,91.1
2527,-22166.26,568.5426,2.15,100.0,91.1
2528,-22129.0,484.1449,2.13,100.0,91.1
2529,-22139.71,195.3605,2.22,100.0,91.1
2530,-22190.4,768.2357,2.24,100.0,91.2
2531,-22120.01,269.443,2.12,100.0,91.2
2532,-22189.96,104.7823,2.22,100.0,91.1
2533,-22121.29,486.4814,2.14,100.0,90.7
2534,-22230.78,1925.3362,2.17,100.0,90.8
2535,-22202.49,1489.6071,2.17,100.0,91.0
2536,-22261.03,1141.9223,2.18,100.0,90.7
2537,-22162.61,1539.3159,2.18,98.2,90.1
2538,-22277.07,1433.8492,2.15,100.0,90.1
2539,-22139.74,443.6893,2.23,100.0,90.2
2540,-22186.02,275.6534,2.12,99.2,90.0
2541,-22088.73,145.1393,2.19,100.0,90.1
2542,-22205.56,900.952,2.22,100.0,90.2
2543,-22250.5,662.7726,2.28,100.0,90.3
2544,-22157.28,254.4202,2.15,100.0,90.1
2545,-22120.08,994.904,2.13,100.0,90.3
2546,-22194.3,1352.3575,2.19,100.0,90.3
2547,-22241.5,658.9158,2.16,100.0,90.5
2548,-22220.03,529.2266,2.14,100.0,90.4
2549,-22197.7,553.3819,2.24,100.0,90.5
2550,-22261.06,272.5773,2.11,100.0,90.6
2551,-22119.98,1071.1025,2.18,99.7,90.9
2552,-22216.54,422.1235,2.16,100.0,90.9
2553,-22214.98,184.0878,2.15,100.0,90.8
2554,-22097.61,225.9432,2.13,100.0,91.0
2555,-22146.4,589.1965,2.22,100.0,91.0
2556,-22148.22,274.4463,2.2,100.0,91.0
2557,-22130.75,242.4226,2.14,100.0,91.0
2558,-22170.73,110.8726,2.23,100.0,91.0
2559,-22157.07,476.1159,2.11,98.7,91.4
2560,-22130.37,147.9058,2.2,100.0,91.4
2561,-22126.64,221.318,2.19,100.0,91.5
2562,-22114.83,242.8568,2.15,100.0,91.5
2563,-22207.96,536.7387,2.13,100.0,91.6
2564,-22177.12,122.9018,2.12,100.0,91.7
2565,-22225.66,1227.7767,2.2,100.0,91.7
2566,-22153.98,390.6962,2.1,100.0,91.8
2567,-22062.42,2119.649,2.09,98.1,91.9
2568,-22174.16,161.6142,2.37,100.0,92.0
2569,-22174.16,94.7987,2.21,98.9,92.2
2570,-22062.42,2201.5166,2.14,97.2,92.2
2571,-22125.39,442.1912,2.19,100.0,92.1
2572,-22133.01,271.674,2.21,100.0,92.1
2573,-22167.3,305.3051,2.13,100.0,91.8
2574,-22203.02,271.5336,2.2,100.0,91.8
2575,-22203.28,104.9235,2.16,100.0,91.6
2576,-22112.13,5109.3688,2.16,100.0,91.6
2577,-22054.94,10142.6511,2.16,100.0,91.8
2578,-22123.78,20855.4875,2.23,100.0,91.9
2579,-22203.22,7196.1425,2.14,100.0,91.7
2580,-22078.71,5629.1017,2.13,96.1,91.8
2581,-22212.03,4539.9907,2.28,100.0,92.0
2582,-22079.98,2489.7695,2.25,100.0,91.9
2583,-22153.51,1958.0567,2.14,95.6,92.1
2584,-22151.16,944.8449,2.28,100.0,92.2
2585,-22215.55,1502.9174,2.24,100.0,92.2
2586,-22127.11,1230.9771,2.12,100.0,92.2
2587,-22186.51,1022.1822,2.23,100.0,92.3
2588,-22145.36,804.2524,2.11,100.0,92.3
2589,-22198.83,432.0203,2.19,100.0,92.0
2590,-22214.14,314.053,2.15,99.7,92.1
2591,-22137.6,483.199,2.16,100.0,92.2
2592,-22177.21,258.2218,2.12,100.0,92.3
2593,-22109.84,153.9331,2.13,100.0,92.4
2594,-22191.14,878.3869,2.29,100.0,92.4
2595,-22126.12,412.3979,2.26,100.0,92.5
2596,-22188.75,204.692,2.15,100.0,92.5
2597,-22188.75,51.1869,2.17,100.0,92.1
2598,-22187.31,446.5572,2.14,100.0,92.1
2599,-22073.93,998.2497,2.23,100.0,92.3
2600,-22127.67,1400.5976,2.12,99.7,92.5
2601,-22106.05,618.7028,2.17,100.0,92.2
2602,-22191.05,297.5209,2.15,100.0,92.1
2603,-22189.34,659.7637,2.16,100.0,92.2
2604,-22148.64,337.9195,2.12,99.9,92.3
2605,-22148.59,837.1095,2.21,100.0,92.4
2606,-22062.76,705.3362,2.17,100.0,92.3
2607,-22113.58,774.6909,2.14,95.1,92.7
2608,-22085.87,322.4385,2.33,100.0,92.7
2609,-22113.58,334.4858,2.12,100.0,92.5
2610,-21996.22,1881.518,2.14,100.0,92.6
2611,-21956.97,1008.7428,2.12,99.8,92.6
2612,-21930.36,680.9978,2.23,100.0,92.7
2613,-21974.38,3738.6967,2.15,100.0,92.6
2614,-22067.06,1422.6649,2.12,100.0,92.7
2615,-22009.63,745.4907,2.12,99.1,92.9
2616,-21936.69,4387.1124,2.16,100.0,92.8
2617,-21982.08,958.1861,2.12,100.0,92.8
2618,-22004.27,500.2397,2.14,93.1,92.6
2619,-22004.36,865.4145,2.29,100.0,92.7
2620,-21922.93,1235.6207,2.18,100.0,92.5
2621,-21991.9,4240.5261,2.13,100.0,92.7
2622,-22020.71,307.5553,2.17,98.7,92.7
2623,-22008.59,414.8339,2.17,100.0,92.9
2624,-22037.79,267.362,2.11,100.0,92.7
2625,-21897.49,1254.0693,2.12,100.0,92.7
2626,-21947.76,925.052,2.17,100.0,92.8
2627,-21950.57,1347.3054,2.2,100.0,92.9
2628,-22046.89,1466.7382,2.11,99.6,92.3
2629,-21966.88,1228.5555,2.12,100.0,92.5
2630,-22035.23,410.3243,2.17,100.0,92.5
2631,-22039.56,173.1264,2.18,100.0,92.5
2632,-22028.41,211.6016,2.11,94.0,92.7
2633,-22041.62,335.9855,2.28,100.0,92.7
2634,-22033.9,712.2069,2.21,99.9,92.8
2635,-22027.53,573.2209,2.11,100.0,92.8
2636,-21986.69,332.7704,2.13,100.0,92.7
2637,-22032.06,514.4377,2.17,100.0,92.8
2638,-21972.8,358.1063,2.13,100.0,92.9
2639,-22017.41,204.4703,2.1,100.0,93.1
2640,-21975.5,488.7113,2.21,100.0,93.2
2641,-21967.84,699.2504,2.15,100.0,93.2
2642,-22044.53,1013.7692,2.17,100.0,93.2
2643,-21991.51,405.6212,2.14,99.5,93.4
2644,-21971.52,399.1494,2.11,100.0,93.1
2645,-21949.31,1188.7884,2.1,99.3,92.7
2646,-21959.05,444.0482,2.18,100.0,92.6
2647,-22025.83,1264.8811,2.34,100.0,92.7
2648,-22041.29,1186.9129,2.12,97.4,92.7
2649,-21988.82,1425.7764,2.17,99.1,92.2
2650,-22024.72,353.5701,2.16,100.0,92.1
2651,-22020.07,387.8054,2.14,100.0,92.2
2652,-21976.63,144.0755,2.13,100.0,92.2
2653,-21953.16,452.8384,2.15,100.0,92.2
2654,-22008.89,857.8002,2.13,100.0,92.2
2655,-21982.19,372.0451,2.16,100.0,92.1
2656,-22022.99,225.2102,2.14,100.0,92.1
2657,-21977.34,234.6562,2.2,100.0,92.2
2658,-22069.26,437.8679,2.12,100.0,92.1
2659,-21972.32,708.2585,2.15,99.2,92.2
2660,-22000.95,160.9489,2.19,100.0,92.2
2661,-22066.27,235.9154,2.14,100.0,92.3
2662,-21970.68,393.7269,2.11,98.9,92.2
2663,-22106.04,879.2464,2.14,100.0,92.3
2664,-22029.22,471.6861,2.22,100.0,92.4
2665,-22047.69,522.8757,2.1,100.0,92.5
2666,-21974.26,795.5813,2.12,100.0,92.4
2667,-22010.7,278.3491,2.12,100.0,92.5
2668,-22063.9,570.5766,2.19,100.0,92.6
2669,-22034.24,161.1762,2.11,100.0,92.7
2670,-22039.38,139.9982,2.12,100.0,92.6
2671,-22059.8,254.3359,2.17,100.0,92.7
2672,-22036.37,175.1745,2.18,100.0,92.8
2673,-22022.84,220.8131,2.19,100.0,92.8
2674,-22055.31,112.8411,2.12,100.0,92.7
2675,-21964.08,125.5412,2.22,100.0,92.8
2676,-22073.9,734.8701,2.11,98.4,93.0
2677,-22023.18,152.3791,2.16,100.0,93.0
2678,-21991.05,786.6308,2.14,100.0,92.9
2679,-22074.97,668.5549,2.1,100.0,93.0
2680,-22076.55,396.7073,2.15,100.0,93.1
2681,-21933.93,1739.5312,2.09,100.0,92.8
2682,-21976.81,660.1648,2.18,100.0,92.8
2683,-22016.6,487.5054,2.21,100.0,92.9
2684,-22056.25,1337.6192,2.09,100.0,93.0
2685,-22012.73,853.0534,2.29,100.0,93.0
2686,-22008.27,423.1317,2.22,100.0,92.9
2687,-21989.59,219.4385,2.19,100.0,93.1
2688,-21995.49,441.1482,2.14,99.9,93.1
2689,-22041.38,327.2955,2.17,100.0,93.2
2690,-22013.43,256.606,2.17,100.0,93.1
2691,-22029.27,270.0671,2.1,97.0,92.7
2692,-22015.97,120.0088,2.11,100.0,92.8
2693,-21974.11,245.0632,2.33,100.0,92.9
2694,-21974.2,151.7936,2.2,95.6,92.9
2695,-21954.76,83.1398,2.1,98.2,92.9
2696,-21999.03,250.1519,2.21,100.0,93.0
2697,-22022.99,360.8316,2.15,100.0,93.0
2698,-22021.87,111.1172,2.18,99.4,93.0
2699,-22029.45,386.761,2.31,100.0,93.1
2700,-22038.67,96.1471,2.17,100.0,93.1
2701,-21996.9,1578.7551,2.11,100.0,93.1
2702,-21956.66,2187.2786,2.14,100.0,93.2
2703,-22070.47,1962.7799,2.11,100.0,93.2
2704,-22065.96,1602.22,2.19,100.0,93.3
2705,-22146.28,467.3137,2.09,99.6,93.6
2706,-22151.54,300.9154,2.18,100.0,93.6
2707,-22138.5,1020.2567,2.2,100.0,93.5
2708,-22233.24,963.9107,2.09,98.3,93.9
2709,-22111.7,193.0253,2.14,100.0,94.0
2710,-22209.59,455.4271,2.14,100.0,94.1
2711,-22217.94,2398.3255,2.21,100.0,94.0
2712,-22221.2,178.992,2.14,99.5,94.2
2713,-22144.98,528.7793,2.19,100.0,94.2
2714,-22183.65,944.2957,2.1,100.0,94.2
2715,-22233.26,806.1703,2.15,100.0,94.2
2716,-22256.11,860.6272,2.18,100.0,94.3
2717,-22315.67,495.3094,2.13,100.0,94.5
2718,-22207.86,2169.4844,2.13,100.0,94.2
2719,-22165.08,1661.9044,2.11,100.0,94.2
2720,-22161.16,948.7383,2.19,100.0,94.3
2721,-22211.15,577.7115,2.08,99.4,94.4
2722,-22181.1,428.1224,2.15,100.0,94.5
2723,-22224.96,475.5995,2.16,100.0,94.3
2724,-22190.32,669.7231,2.11,99.9,94.3
2725,-22201.94,265.9039,2.16,100.0,94.4
2726,-22190.5,122.1293,2.25,100.0,94.5
2727,-22172.47,1157.9811,2.12,100.0,94.7
2728,-22141.76,980.0112,2.13,100.0,94.8
2729,-22140.51,302.2704,2.13,100.0,94.3
2730,-22175.1,552.8769,2.17,100.0,93.8
2731,-22211.29,67.2748,2.21,98.8,93.3
2732,-22194.61,661.9906,2.12,97.5,93.7
2733,-22160.45,563.5256,2.12,100.0,93.8
2734,-22167.74,347.1467,2.14,100.0,93.8
2735,-22150.57,311.4926,2.12,99.8,93.8
2736,-22220.68,470.2199,2.1,100.0,93.8
2737,-22122.38,959.0718,2.3,100.0,93.8
2738,-22127.3,562.7816,2.18,100.0,93.7
2739,-22091.71,316.9466,2.15,99.9,93.9
2740,-22108.25,406.6366,2.21,100.0,93.9
2741,-22210.0,628.4803,2.14,100.0,94.0
2742,-22076.42,2957.9253,2.11,100.0,94.0
2743,-22065.14,1187.7065,2.14,100.0,94.1
2744,-22120.63,573.932,2.14,100.0,94.1
2745,-22135.21,580.6104,2.17,100.0,94.2
2746,-22116.26,358.4009,2.07,100.0,94.4
2747,-22073.02,1011.3321,2.18,100.0,94.4
2748,-22075.82,286.7499,2.16,100.0,94.3
2749,-22048.51,201.2788,2.09,98.2,94.6
2750,-22106.35,546.2847,2.15,100.0,94.5
2751,-22060.29,391.7505,2.37,100.0,94.6
2752,-22058.02,99.7424,2.18,94.9,94.8
2753,-22097.68,456.2945,2.13,99.8,94.9
2754,-22160.98,497.0761,2.16,100.0,94.8
2755,-22236.04,258.0918,2.16,100.0,94.9
2756,-22231.26,343.3074,2.12,99.6,95.3
2757,-22035.17,2204.7907,2.21,100.0,95.5
2758,-22230.1,161.7373,2.13,100.0,94.3
2759,-22221.25,337.3459,2.16,100.0,94.5
2760,-22226.54,706.3088,2.11,100.0,94.5
2761,-22163.91,512.8873,2.2,100.0,94.4
2762,-22231.41,420.9774,2.19,100.0,94.4
2763,-22161.96,235.657,2.11,100.0,94.0
2764,-22188.77,350.0408,2.4,100.0,94.4
2765,-22231.41,242.5355,2.17,99.0,94.0
2766,-22104.94,937.5169,2.13,99.9,93.8
2767,-22155.02,492.8085,2.14,100.0,93.9
2768,-22148.97,545.4812,2.17,100.0,94.0
2769,-22219.92,347.0343,2.08,98.7,93.9
2770,-22189.95,134.3918,2.17,100.0,93.8
2771,-22150.5,1408.1677,2.2,100.0,93.8
2772,-22174.71,224.5156,2.12,100.0,94.0
2773,-22224.15,199.5593,2.15,100.0,93.9
2774,-22151.04,239.8181,2.12,100.0,94.0
2775,-22174.62,676.5233,2.22,100.0,94.0
2776,-22161.67,591.4822,2.11,99.7,94.2
2777,-22126.49,262.3196,2.14,100.0,94.0
2778,-22207.34,448.3659,2.21,100.0,94.1
2779,-22200.04,230.9667,2.18,97.9,94.3
2780,-22208.26,277.8474,2.09,98.1,94.3
2781,-22188.12,358.5243,2.18,100.0,94.3
2782,-22249.98,188.4732,2.15,100.0,94.3
2783,-22239.53,125.5368,2.1,99.3,94.4
2784,-22164.15,365.4232,2.16,100.0,94.5
2785,-22231.78,183.4321,2.21,100.0,94.4
2786,-22175.05,123.7131,2.12,98.4,94.3
2787,-22171.09,116.749,2.08,100.0,94.4
2788,-22212.73,602.9386,2.16,100.0,94.5
2789,-22172.11,134.548,2.11,99.8,94.4
2790,-22111.55,968.6364,2.16,100.0,94.5
2791,-22115.83,62.1002,2.21,100.0,94.5
2792,-22081.36,65.7063,2.12,100.0,94.6
2793,-22053.86,286.5394,2.13,100.0,94.6
2794,-22173.14,411.1632,2.12,100.0,94.7
2795,-22065.91,338.5924,2.21,100.0,94.8
2796,-22089.61,705.9388,2.19,100.0,94.8
2797,-22133.11,494.9502,2.04,100.0,94.9
2798,-22002.41,138.3004,2.18,100.0,94.8
2799,-22017.98,290.586,2.2,100.0,95.0
2800,-22030.34,444.7921,2.09,98.9,94.9
2801,-21966.88,662.8526,2.12,100.0,94.9
2802,-21936.25,348.9282,2.12,100.0,95.0
2803,-22051.35,1005.4054,2.26,100.0,95.1
2804,-22057.79,673.3929,2.18,100.0,95.1
2805,-22042.18,418.7324,2.2,100.0,95.1
2806,-22090.66,192.5687,2.09,98.4,95.2
2807,-22099.52,258.0663,2.15,100.0,95.2
2808,-22142.43,311.9161,2.21,100.0,95.2
2809,-22113.65,247.4936,2.14,100.0,95.1
2810,-22141.07,299.6483,2.12,100.0,94.9
2811,-22148.6,119.5212,2.07,100.0,94.9
2812,-22148.42,439.6299,2.17,100.0,95.0
2813,-22106.48,224.7978,2.12,99.5,95.1
2814,-22035.92,308.7061,2.1,100.0,95.2
2815,-22073.34,278.0985,2.11,100.0,95.1
2816,-22101.84,519.2168,2.31,100.0,95.3
2817,-22069.5,725.0188,2.17,94.1,95.4
2818,-22117.65,811.687,2.1,100.0,95.4
2819,-22114.4,271.5956,2.14,100.0,94.8
2820,-21995.21,1592.2603,2.05,96.5,94.8
2821,-22152.04,294.4277,2.19,100.0,95.0
2822,-22148.12,364.4148,2.14,100.0,95.1
2823,-22157.72,984.7043,2.14,100.0,95.3
2824,-22003.17,925.5477,2.1,97.8,95.5
2825,-22030.58,436.9063,2.2,100.0,95.6
2826,-22055.45,961.8059,2.12,99.9,95.8
2827,-22086.93,1300.7333,2.08,100.0,95.8
2828,-22071.12,357.9268,2.15,100.0,95.8
2829,-22095.19,376.4487,2.21,100.0,95.9
2830,-21994.78,647.2237,2.16,100.0,96.1
2831,-22008.72,938.2782,2.15,100.0,96.0
2832,-21922.55,1221.0833,2.11,100.0,96.0
2833,-22001.13,1320.9563,2.14,100.0,96.2
2834,-21999.22,508.079,2.1,100.0,96.2
2835,-21939.24,898.2138,2.14,100.0,96.0
2836,-21991.58,343.0497,2.24,100.0,96.2
2837,-22079.82,1025.3454,2.11,97.6,96.3
2838,-22051.59,553.7542,2.13,100.0,96.4
2839,-22017.1,413.3764,2.18,100.0,96.4
2840,-21971.62,1063.6675,2.12,99.5,96.5
2841,-21925.47,1315.7775,2.11,100.0,96.5
2842,-22028.2,892.7157,2.23,100.0,96.3
2843,-22012.56,482.1744,2.23,100.0,96.3
2844,-22016.44,454.2158,2.06,97.4,96.5
2845,-21992.42,200.3287,2.25,100.0,96.6
2846,-21986.08,111.4619,2.17,100.0,96.6
2847,-21999.82,753.2295,2.1,100.0,96.3
2848,-22021.51,802.6019,2.1,100.0,96.3
2849,-21991.84,447.7063,2.17,100.0,96.4
2850,-22024.83,490.1894,2.15,99.4,96.3
2851,-21998.17,240.1773,2.12,100.0,96.4
2852,-22043.98,759.5602,2.09,100.0,95.8
2853,-22037.2,312.7577,2.18,100.0,95.9
2854,-21986.49,1149.5006,2.23,98.6,95.8
2855,-22031.05,197.4128,2.1,97.4,96.1
2856,-22008.62,86.6855,2.4,100.0,96.1
2857,-21947.38,928.5548,2.12,99.7,96.2
2858,-22016.9,225.9912,2.11,100.0,96.2
2859,-22003.63,573.0697,2.19,100.0,96.2
2860,-22054.48,218.9088,2.16,100.0,96.2
2861,-21967.59,488.4836,2.11,100.0,96.3
2862,-21976.32,395.2411,2.2,100.0,96.4
2863,-22096.37,926.6862,2.15,100.0,96.4
2864,-22004.95,546.1613,2.09,99.5,96.4
2865,-22039.76,176.096,2.12,100.0,96.5
2866,-21987.14,912.5371,2.13,100.0,96.5
2867,-22036.61,862.0752,2.14,100.0,96.4
2868,-22001.35,267.0943,2.17,100.0,96.4
2869,-21981.67,121.7406,2.15,100.0,96.4
2870,-22059.86,377.9164,2.25,100.0,96.5
2871,-21924.93,1809.0296,2.11,98.4,96.5
2872,-21974.88,753.5276,2.14,100.0,96.5
2873,-22082.77,1128.7459,2.17,100.0,96.4
2874,-21985.43,505.7303,2.13,100.0,96.4
2875,-22022.46,611.6339,2.15,100.0,96.1
2876,-22027.3,400.1081,2.14,100.0,96.2
2877,-22003.11,534.3741,2.15,100.0,96.1
2878,-21973.01,341.076,2.18,100.0,95.7
2879,-21961.99,99.2106,2.08,100.0,95.8
2880,-21996.82,301.8785,2.24,100.0,96.1
2881,-21953.03,302.9428,2.27,99.7,96.2
2882,-22012.74,259.8885,2.18,99.4,96.3
2883,-21945.59,479.4841,2.16,100.0,96.3
2884,-21987.98,261.6784,2.17,100.0,96.3
2885,-22022.33,180.0441,2.12,100.0,96.2
2886,-21973.3,212.1908,2.14,100.0,96.3
2887,-21961.97,754.0421,2.2,100.0,96.2
2888,-21999.28,254.726,2.14,100.0,96.3
2889,-21976.76,204.6947,2.13,100.0,96.4
2890,-22006.83,133.531,2.12,100.0,96.5
2891,-21956.01,274.9845,2.21,100.0,96.5
2892,-21957.2,555.7957,2.16,97.9,95.9
2893,-21944.92,228.9496,2.13,99.6,96.2
2894,-21893.6,377.3485,2.37,100.0,96.3
2895,-21970.12,558.6865,2.19,98.9,96.1
2896,-21907.53,336.8635,2.18,100.0,96.2
2897,-22014.14,673.0661,2.17,100.0,96.2
2898,-21988.39,766.7183,2.13,100.0,96.0
2899,-22023.91,871.9325,2.21,100.0,96.3
2900,-21971.22,674.2604,2.18,100.0,96.3
2901,-21940.19,748.8746,2.13,100.0,96.1
2902,-22032.43,521.4701,2.1,100.0,95.4
2903,-21981.91,364.0491,2.13,100.0,95.4
2904,-21968.74,588.2798,2.14,100.0,95.5
2905,-21989.33,143.9791,2.12,98.6,95.1
2906,-21991.52,162.1272,2.11,99.9,95.0
2907,-21986.34,413.0927,2.23,100.0,95.1
2908,-21927.79,511.2825,2.27,100.0,95.1
2909,-21962.09,627.2698,2.11,99.2,94.8
2910,-21936.68,442.1226,2.2,100.0,94.9
2911,-21979.92,617.6899,2.2,100.0,95.0
2912,-21923.92,595.6064,2.09,93.1,95.1
2913,-21926.29,337.3944,2.18,100.0,95.2
2914,-21947.07,1189.3926,2.16,100.0,95.0
2915,-21979.8,739.972,2.16,100.0,95.0
2916,-22000.97,187.7503,2.12,99.8,95.0
2917,-21965.95,651.6702,2.15,100.0,95.1
2918,-21995.31,321.2523,2.22,100.0,95.0
2919,-22018.81,299.7282,2.12,92.0,94.5
2920,-21958.29,344.9603,2.28,100.0,94.7
2921,-22001.61,147.7374,2.28,100.0,94.6
2922,-22012.49,111.1743,2.13,100.0,94.9
2923,-22006.84,233.5889,2.23,100.0,94.9
2924,-22020.24,366.8253,2.18,100.0,95.0
2925,-22047.84,243.6387,2.15,100.0,95.2
2926,-22011.35,161.4676,2.15,100.0,95.2
2927,-22000.06,517.9562,2.17,100.0,95.3
2928,-21976.02,336.7012,2.21,100.0,95.4
2929,-21939.84,372.97,2.11,95.6,95.6
2930,-21970.88,424.6445,2.25,100.0,95.6
2931,-22005.65,476.7534,2.14,100.0,95.8
2932,-21982.2,222.2881,2.15,100.0,95.8
2933,-22044.93,163.1375,2.2,100.0,95.9
2934,-21983.75,180.9501,2.33,100.0,95.8
2935,-22048.35,149.7433,2.13,99.8,95.9
2936,-22028.08,41.2928,2.13,100.0,96.0
2937,-22036.4,138.7773,2.16,100.0,96.0
2938,-21990.62,160.8611,2.22,100.0,96.0
2939,-22029.81,251.0863,2.15,97.6,96.3
2940,-21957.53,347.7829,2.14,100.0,96.3
2941,-22002.17,927.9713,2.23,100.0,96.4
2942,-21964.81,156.7476,2.11,97.3,96.2
2943,-22038.72,588.3165,2.14,100.0,96.3
2944,-21991.91,368.1342,2.14,100.0,96.5
2945,-21954.02,398.5003,2.18,100.0,96.6
2946,-22132.78,1618.325,2.18,99.3,96.6
2947,-21937.14,192.6586,2.29,100.0,96.6
2948,-22020.49,277.8223,2.12,100.0,96.9
2949,-21999.36,288.8078,2.16,100.0,96.8
2950,-21977.79,234.1453,2.11,99.9,97.0
2951,-21920.38,537.2412,2.16,100.0,97.1
2952,-21917.69,185.6698,2.2,100.0,96.9
2953,-21929.26,191.2744,2.1,91.9,96.8
2954,-21961.39,190.871,2.21,100.0,96.9
2955,-21981.83,81.0296,2.17,100.0,96.6
2956,-21918.07,443.6006,2.11,100.0,96.7
2957,-21964.19,857.954,2.13,100.0,96.7
2958,-21950.51,314.9681,2.17,100.0,96.9
2959,-21986.13,155.829,2.24,100.0,96.9
2960,-22021.38,110.1953,2.15,100.0,96.9
2961,-22065.6,756.4789,2.21,100.0,97.0
2962,-22059.63,708.3522,2.24,100.0,97.0
2963,-22068.68,284.234,2.15,100.0,97.1
2964,-22103.3,438.1461,2.15,99.3,97.2
2965,-22058.15,787.6249,2.18,100.0,97.3
2966,-22015.65,613.1044,2.13,97.8,96.7
2967,-22039.63,348.0531,2.13,100.0,96.8
2968,-22068.06,1223.9434,2.17,100.0,96.8
2969,-22072.37,238.8743,2.15,99.8,96.9
2970,-22020.39,428.3969,2.14,100.0,97.1
2971,-22096.74,692.3196,2.22,100.0,97.1
2972,-22005.2,197.6159,2.19,100.0,97.3
2973,-22035.25,1016.1149,2.21,99.6,96.3
2974,-22030.4,102.7259,2.14,100.0,90.2
2975,-22136.66,1089.668,2.14,100.0,89.4
2976,-22066.7,102.4127,2.17,99.8,89.9
2977,-22059.08,111.3652,2.2,100.0,89.4
2978,-22091.0,187.5319,2.12,100.0,89.5
2979,-22142.01,179.7077,2.12,100.0,89.4
2980,-22211.89,339.5417,2.13,98.6,89.6
2981,-22080.12,1273.119,2.13,100.0,89.5
2982,-22024.28,1543.0684,2.13,100.0,89.5
2983,-22101.89,282.1337,2.08,97.8,88.6
2984,-22094.73,191.8026,2.1,100.0,88.6
2985,-22060.62,853.7202,2.14,100.0,88.6
2986,-21979.1,487.5701,2.14,99.1,88.5
2987,-21994.78,179.5464,2.11,100.0,88.7
2988,-22063.89,1659.4698,2.12,100.0,89.1
2989,-22022.48,1088.2545,2.11,100.0,89.0
2990,-22011.89,185.7851,2.11,99.8,88.9
2991,-22013.03,703.8135,2.12,100.0,89.3
2992,-22123.35,1757.6037,2.12,100.0,89.3
2993,-22067.91,168.6563,2.08,92.9,89.0
2994,-22086.5,228.7187,2.11,100.0,89.0
2995,-22122.98,604.9419,2.14,100.0,89.1
2996,-22188.0,599.9669,2.09,98.6,89.1
2997,-22082.08,1479.8817,2.14,100.0,89.1
2998,-22123.73,1281.6569,2.1,100.0,89.2
2999,-22164.07,523.0888,2.08,100.0,89.1
3000,-22077.52,454.6244,2.09,99.5,89.1
3001,-22101.01,576.1207,2.11,100.0,89.2
3002,-21956.9,630.3175,2.11,100.0,89.2
3003,-22093.96,630.6157,2.08,91.3,89.3
3004,-22063.7,287.7095,2.1,100.0,89.4
3005,-22069.57,86.22,2.14,100.0,89.2
3006,-22093.51,255.277,2.08,95.3,89.4
3007,-22117.03,482.9477,2.15,100.0,89.4
3008,-22057.84,589.859,2.1,100.0,89.5
3009,-22138.83,286.3411,2.11,100.0,89.5
3010,-22134.59,194.9439,2.1,99.8,89.4
3011,-22107.0,319.4357,2.07,100.0,89.5
3012,-21994.73,714.7653,2.14,100.0,89.7
3013,-22127.41,726.1136,2.07,95.5,89.7
3014,-22191.07,1271.6043,2.09,100.0,89.5
3015,-22161.28,255.1472,2.16,100.0,89.5
3016,-22132.29,338.2162,2.04,94.6,89.7
3017,-22070.33,800.2332,2.1,99.4,89.7
3018,-22138.44,98.1068,2.14,100.0,89.7
3019,-22057.31,464.6998,2.07,100.0,89.7
3020,-22171.78,795.0345,2.11,99.0,89.8
3021,-22061.69,125.9895,2.08,100.0,89.3
3022,-22055.04,76.4268,2.09,100.0,89.1
3023,-22082.81,371.8925,2.13,100.0,89.0
3024,-22155.79,201.8515,2.11,98.4,88.6
3025,-22126.83,443.1582,2.09,100.0,88.7
3026,-22187.12,360.6878,2.13,100.0,88.4
3027,-22265.66,422.9857,2.13,100.0,88.4
3028,-22230.47,124.2461,2.09,100.0,88.4
3029,-22152.5,1845.5292,2.07,99.1,88.5
3030,-22150.24,632.8917,2.09,100.0,88.6
3031,-22070.94,396.2732,2.14,100.0,88.6
3032,-22078.15,338.7724,2.05,92.9,88.3
3033,-22052.31,972.965,2.08,100.0,88.4
3034,-22092.11,246.9233,2.08,100.0,88.4
3035,-22111.64,428.4312,2.07,99.0,88.3
3036,-22018.94,1482.889,2.13,100.0,88.3
3037,-22059.59,771.3358,2.1,100.0,88.3
3038,-22018.38,475.5102,2.08,100.0,88.3
3039,-22063.4,473.0591,2.09,98.5,88.5
3040,-22063.62,453.403,2.09,100.0,88.5
3041,-22079.45,295.6271,2.12,100.0,88.5
3042,-22110.76,262.6776,2.07,91.3,88.6
3043,-22006.12,826.977,2.12,100.0,88.7
3044,-22088.26,336.1452,2.12,100.0,88.6
3045,-22137.85,475.1961,2.07,99.8,88.6
3046,-22185.6,1779.381,2.11,100.0,88.6
3047,-22130.97,960.2186,2.09,100.0,88.6
3048,-22115.66,358.6229,2.1,100.0,88.7
3049,-22158.52,1010.8087,2.11,99.7,88.8
3050,-22197.51,633.6317,2.08,100.0,88.6
3051,-22114.06,599.214,2.09,100.0,88.7
3052,-22107.96,755.1081,2.06,100.0,88.8
3053,-22116.2,551.4638,2.09,100.0,88.9
3054,-22082.66,936.4275,2.09,100.0,88.8
3055,-22070.25,210.8583,2.06,100.0,88.5
3056,-22094.44,257.2144,2.1,100.0,88.5
3057,-21949.1,436.5882,2.09,100.0,88.6
3058,-22031.42,434.0273,2.08,100.0,88.7
3059,-21962.91,909.2638,2.12,100.0,88.9
3060,-22046.11,386.9666,2.06,100.0,89.0
3061,-21943.1,355.8016,2.1,100.0,89.2
3062,-21973.81,122.5473,2.08,100.0,89.2
3063,-22075.99,465.4657,2.09,100.0,89.3
3064,-22050.72,598.0923,2.08,100.0,89.4
3065,-22135.07,325.0479,2.08,100.0,89.3
3066,-22089.28,532.5631,2.09,100.0,89.4
3067,-22023.89,1208.411,2.08,100.0,89.5
3068,-22087.24,450.1076,2.07,100.0,89.5
3069,-22075.95,432.7438,2.07,100.0,89.5
3070,-22107.61,283.7899,2.11,100.0,89.6
3071,-21948.03,1053.8364,2.04,93.3,89.9
3072,-21982.8,432.0457,2.08,100.0,89.8
3073,-21994.37,130.6936,2.17,100.0,89.7
3074,-21986.75,389.6778,2.07,98.8,90.0
3075,-22070.4,716.2167,2.09,99.9,90.4
3076,-22124.82,634.4568,2.09,100.0,90.4
3077,-22016.4,974.7854,2.08,100.0,90.2
3078,-22003.29,890.7914,2.09,98.9,90.1
3079,-22157.99,483.3385,2.09,100.0,90.1
3080,-22086.43,320.2916,2.14,100.0,90.1
3081,-21990.4,576.5627,2.04,99.0,90.2
3082,-21977.67,687.0871,2.06,97.5,90.1
3083,-22002.46,491.7237,2.1,100.0,90.2
3084,-21899.5,729.9761,2.08,100.0,90.2
3085,-21957.47,659.6117,2.08,99.4,90.4
3086,-21962.32,432.1001,2.09,100.0,90.3
3087,-21979.06,164.3867,2.13,100.0,90.4
3088,-21949.25,457.3744,2.09,98.4,90.3
3089,-21996.76,278.7225,2.06,100.0,90.2
3090,-22000.0,208.0691,2.12,100.0,90.3
3091,-21921.35,423.9366,2.11,97.4,90.2
3092,-22086.43,602.1114,2.11,98.4,90.3
3093,-22033.34,152.6153,2.12,100.0,90.4
3094,-21984.24,547.5851,2.11,100.0,90.5
3095,-21962.32,307.3577,2.08,97.8,90.3
3096,-21968.28,156.2807,2.1,100.0,90.4
3097,-22004.35,181.497,2.11,100.0,90.5
3098,-21979.06,71.4064,2.09,98.6,90.6
3099,-22054.1,402.9932,2.1,100.0,90.6
3100,-22046.27,507.0073,2.12,100.0,90.6
3101,-22066.26,127.765,2.09,100.0,90.8
3102,-22145.87,1531.3062,2.1,100.0,90.8
3103,-21990.4,240.5961,2.12,99.4,90.9
3104,-22105.9,360.3977,2.12,100.0,91.0
3105,-22054.82,109.3752,2.12,99.5,91.0
3106,-22139.57,1310.1641,2.09,100.0,91.0
3107,-22156.04,794.6296,2.12,100.0,91.0
3108,-22157.03,347.1716,2.13,100.0,91.0
3109,-22141.3,551.4076,2.12,100.0,90.9
3110,-22140.36,496.3491,2.12,91.6,91.1
3111,-22190.86,196.3806,2.14,100.0,91.1
3112,-22169.92,147.0049,2.12,100.0,91.1
3113,-22211.63,160.378,2.09,92.9,91.2
3114,-22195.67,409.4827,2.13,100.0,91.1
3115,-22247.31,184.3541,2.12,100.0,91.1
3116,-22292.12,254.4993,2.03,99.5,90.9
3117,-22288.45,105.1483,2.1,98.6,90.8
3118,-22251.87,551.652,2.12,100.0,90.8
3119,-22231.77,182.8495,2.12,100.0,90.9
3120,-22167.64,54.4106,2.12,99.4,90.9
3121,-22139.65,38.2462,2.11,100.0,91.0
3122,-22163.23,31.9613,2.12,100.0,91.1
3123,-22189.56,290.5064,2.06,99.4,91.1
3124,-22267.7,696.4993,2.13,98.8,91.1
3125,-22269.22,275.7601,2.1,100.0,91.2
3126,-22354.93,417.197,2.1,100.0,91.3
3127,-22181.02,2533.2374,2.11,96.8,91.4
3128,-22289.02,295.104,2.1,100.0,91.3
3129,-22187.78,1057.0599,2.1,100.0,91.4
3130,-22175.86,338.8713,2.05,100.0,91.4
3131,-22272.78,1189.2774,2.12,100.0,90.8
3132,-22186.85,243.8802,2.13,100.0,90.8
3133,-22183.8,61.7703,2.15,100.0,90.9
3134,-22183.53,559.9649,2.06,96.2,90.9
3135,-22133.73,219.8728,2.1,100.0,90.9
3136,-22181.4,810.2843,2.12,100.0,91.0
3137,-22161.66,299.1051,2.11,97.1,91.2
3138,-22305.09,1869.8607,2.14,100.0,91.4
3139,-22206.6,467.9308,2.11,100.0,91.4
3140,-22147.9,770.6434,2.09,100.0,91.4
3141,-22162.96,1028.2405,2.13,100.0,91.5
3142,-22222.77,415.9929,2.11,100.0,91.6
3143,-22309.59,818.0212,2.08,100.0,91.6
3144,-22233.12,623.5088,2.07,98.8,91.5
3145,-22259.97,288.4366,2.09,100.0,91.5
3146,-22168.12,940.0798,2.1,99.4,91.2
3147,-22248.14,796.1458,2.17,96.7,91.4
3148,-22226.96,1830.2798,2.13,100.0,91.2
3149,-22333.16,885.403,2.1,100.0,91.3
3150,-22282.82,354.5055,2.13,100.0,91.3
3151,-22239.09,216.6792,2.08,100.0,91.4
3152,-22230.96,540.9658,2.13,100.0,91.5
3153,-22331.62,1473.6118,2.12,100.0,91.4
3154,-22321.28,379.3171,2.18,100.0,90.8
3155,-22197.53,1154.4258,2.1,100.0,90.8
3156,-22277.69,705.732,2.08,100.0,90.8
3157,-22138.3,2722.1122,2.18,100.0,90.8
3158,-22171.79,771.4641,2.12,96.9,90.8
3159,-22092.69,1943.7621,2.09,99.6,91.0
3160,-22158.49,1167.6873,2.17,100.0,91.0
3161,-22096.22,502.6534,2.13,100.0,90.9
3162,-22156.61,180.9259,2.12,99.4,91.0
3163,-22231.99,1829.7075,2.15,100.0,91.7
3164,-22255.33,2619.6346,2.15,100.0,91.7
3165,-22203.6,1813.6342,2.14,98.7,91.2
3166,-22175.88,1640.505,2.09,99.7,91.2
3167,-22211.1,2537.056,2.16,100.0,91.1
3168,-22157.56,1279.7396,2.11,96.9,90.9
3169,-22214.26,620.4573,2.1,98.3,90.8
3170,-22227.49,508.0199,2.13,100.0,90.8
3171,-22195.82,270.1555,2.12,100.0,90.7
3172,-22209.62,545.0806,2.14,98.1,90.8
3173,-22179.89,163.7244,2.12,100.0,90.8
3174,-22144.91,173.7962,2.18,100.0,90.8
3175,-22301.79,2075.1998,2.09,98.6,90.8
3176,-22243.12,749.4659,2.12,100.0,91.0
3177,-22205.89,1647.7409,2.14,100.0,91.1
3178,-22188.75,464.863,2.08,94.9,91.2
3179,-22098.73,2514.6296,2.11,99.4,91.1
3180,-22169.3,1499.1239,2.13,100.0,91.2
3181,-22218.19,1160.385,2.08,100.0,91.2
3182,-22219.13,1020.7865,2.14,98.8,91.0
3183,-22231.68,444.7192,2.13,100.0,91.2
3184,-22201.85,227.0993,2.11,100.0,91.1
3185,-22121.56,4636.4883,2.11,97.9,91.2
3186,-22177.92,1520.9688,2.11,100.0,91.2
3187,-22144.91,2205.2899,2.11,100.0,91.3
3188,-22189.45,948.2191,2.1,97.7,91.4
3189,-22212.59,725.9075,2.14,99.9,91.5
3190,-22315.24,756.4791,2.12,100.0,90.8
3191,-22329.29,262.396,2.05,100.0,90.9
3192,-22293.75,246.8129,2.12,100.0,90.9
3193,-22316.37,847.6997,2.09,100.0,90.8
3194,-22137.73,4329.8126,2.1,100.0,91.0
3195,-22180.95,1006.8994,2.13,100.0,90.9
3196,-22234.46,382.4888,2.06,100.0,90.9
3197,-22116.93,585.8337,2.1,100.0,90.9
3198,-22180.79,564.9496,2.11,100.0,91.0
3199,-22224.12,689.6843,2.12,100.0,91.0
3200,-22317.91,558.0711,2.11,100.0,91.1
3201,-22201.68,430.778,2.09,100.0,91.0
3202,-22234.69,390.6084,2.1,100.0,91.1
3203,-22316.22,849.0395,2.08,100.0,91.2
3204,-22176.0,844.875,2.11,100.0,91.2
3205,-22243.0,369.9023,2.17,100.0,91.2
3206,-22238.02,123.0622,2.05,97.7,90.9
3207,-22203.05,335.1578,2.09,99.4,91.1
3208,-22211.08,110.4281,2.09,100.0,91.1
3209,-22247.58,613.6803,2.08,100.0,91.2
3210,-22217.1,625.8601,2.1,99.9,91.6
3211,-22151.06,634.4915,2.1,100.0,91.4
3212,-22224.72,319.4935,2.16,100.0,91.4
3213,-22109.47,398.1825,2.12,100.0,91.7
3214,-22204.07,478.7471,2.16,100.0,91.7
3215,-22145.48,128.3906,2.19,100.0,91.6
3216,-22206.46,174.6531,2.08,97.6,91.7
3217,-22205.44,129.7491,2.21,99.1,92.0
3218,-22187.37,200.4786,2.16,100.0,92.0
3219,-22173.84,1196.3962,2.1,100.0,92.0
3220,-22119.82,2129.1405,2.17,99.0,91.9
3221,-22108.78,1786.2825,2.11,99.7,92.3
3222,-22230.5,403.1921,2.1,100.0,92.3
3223,-22171.98,916.2139,2.16,100.0,92.5
3224,-22228.93,144.9756,2.12,100.0,92.0
3225,-22145.19,653.5362,2.12,100.0,92.1
3226,-22162.69,373.6194,2.16,99.5,92.0
3227,-22192.04,500.9812,2.15,97.6,92.1
3228,-22220.0,1002.9471,2.09,97.3,92.1
3229,-22220.95,934.9544,2.08,100.0,92.2
3230,-22156.4,1077.2734,2.17,100.0,92.3
3231,-22266.29,320.6278,2.09,95.9,92.2
3232,-22224.8,108.9299,2.11,100.0,92.2
3233,-22193.88,159.5001,2.14,100.0,92.3
3234,-22211.37,843.9455,2.1,97.1,92.4
3235,-22173.8,144.2829,2.15,100.0,92.5
3236,-22178.59,164.2101,2.16,100.0,92.5
3237,-22214.88,737.5122,2.11,99.0,92.4
3238,-22231.2,415.2791,2.12,92.6,92.5
3239,-22145.63,921.1315,2.16,100.0,92.6
3240,-22343.58,918.8763,2.15,100.0,92.6
3241,-22444.06,1770.257,2.11,92.7,92.6
3242,-22321.44,571.7733,2.13,100.0,92.6
3243,-22326.89,322.234,2.15,100.0,92.8
3244,-22354.39,536.9681,2.12,97.9,92.9
3245,-22284.68,1762.9048,2.12,100.0,93.0
3246,-22384.89,2596.6187,2.17,100.0,93.0
3247,-22369.79,811.5481,2.11,99.9,93.0
3248,-22495.18,1771.4161,2.15,100.0,93.1
3249,-22427.07,1844.7558,2.16,100.0,93.2
3250,-22357.83,2933.7016,2.05,95.4,93.2
3251,-22323.67,1498.8909,2.12,98.0,93.4
3252,-22281.68,1123.3169,2.16,100.0,93.3
3253,-22157.62,1060.1193,2.11,100.0,93.2
3254,-22300.96,2104.6658,2.13,100.0,93.5
3255,-22351.39,2140.5664,2.13,100.0,93.4
3256,-22319.89,573.1387,2.15,100.0,93.6
3257,-22405.16,642.7307,2.13,100.0,93.5
3258,-22309.77,1548.6101,2.13,100.0,93.2
3259,-22370.49,256.7975,2.2,100.0,93.2
3260,-22476.79,2272.9589,2.13,100.0,93.3
3261,-22409.82,316.5839,2.18,100.0,93.4
3262,-22208.65,6616.5612,2.13,100.0,93.4
3263,-22325.77,1776.7356,2.09,100.0,93.4
3264,-22367.53,267.0192,2.21,98.1,93.4
3265,-22303.47,423.0173,2.14,100.0,93.5
3266,-22494.21,1783.7067,2.1,100.0,93.6
3267,-22343.21,144.0322,2.19,100.0,93.7
3268,-22307.66,144.4841,2.13,100.0,93.7
3269,-22435.68,839.2018,2.15,100.0,93.7
3270,-22338.83,591.227,2.14,100.0,93.8
3271,-22294.42,1206.1406,2.15,99.9,94.0
3272,-22281.93,740.8879,2.12,100.0,94.2
3273,-22325.9,868.3056,2.18,100.0,94.1
3274,-22500.79,4044.7921,2.15,97.8,94.2
3275,-22373.11,784.7335,2.2,98.6,94.2
3276,-22514.38,857.9332,2.2,100.0,94.4
3277,-22437.08,860.4424,2.13,98.8,94.3
3278,-22491.7,972.4705,2.18,97.4,94.3
3279,-22292.8,3687.7023,2.14,100.0,94.5
3280,-22332.78,1202.11,2.16,100.0,94.4
3281,-22227.22,2160.8144,2.15,99.3,94.4
3282,-22383.03,956.6316,2.11,100.0,94.6
3283,-22427.01,4478.8473,2.14,100.0,94.6
3284,-22260.4,1206.9774,2.13,98.8,94.7
3285,-22494.21,2378.9506,2.16,100.0,94.8
3286,-22300.25,164.4213,2.15,100.0,94.0
3287,-22378.3,290.0238,2.08,99.9,93.8
3288,-22430.64,580.9064,2.2,100.0,92.6
3289,-22330.25,1857.54,2.1,100.0,92.8
3290,-22356.22,609.5816,2.12,99.7,92.7
3291,-22474.74,455.0071,2.16,100.0,92.7
3292,-22502.23,1153.1943,2.16,100.0,92.8
3293,-22593.72,1367.0964,2.16,100.0,92.9
3294,-22520.52,1571.1558,2.17,98.0,92.9
3295,-22503.53,1130.1109,2.17,100.0,92.9
3296,-22501.06,720.5075,2.14,100.0,93.0
3297,-22527.14,213.0083,2.16,99.5,93.1
3298,-22453.16,129.6454,2.16,100.0,93.1
3299,-22403.16,275.5378,2.16,100.0,93.0
3300,-22522.1,1453.0542,2.17,100.0,93.0
3301,-22321.33,552.8546,2.15,100.0,93.0
3302,-22452.2,658.9887,2.16,100.0,93.0
3303,-22439.15,390.1958,2.11,100.0,93.0
3304,-22421.36,792.4187,2.21,100.0,93.1
3305,-22449.86,441.3645,2.15,99.9,93.2
3306,-22424.05,497.2155,2.11,100.0,93.2
3307,-22481.71,715.1406,2.23,99.2,93.3
3308,-22442.93,688.1728,2.13,96.5,93.3
3309,-22415.94,600.1347,2.19,100.0,93.2
3310,-22446.24,333.9787,2.16,100.0,93.2
3311,-22476.29,407.1043,2.15,97.9,93.3
3312,-22418.7,832.0257,2.2,100.0,93.3
3313,-22378.8,471.8232,2.15,100.0,93.4
3314,-22412.38,319.6675,2.14,97.3,93.3
3315,-22455.3,882.7747,2.15,100.0,93.4
3316,-22400.57,120.2914,2.15,100.0,93.3
3317,-22277.46,4090.9258,2.09,98.4,93.6
3318,-22462.23,1304.9474,2.18,100.0,93.7
3319,-22307.76,458.6347,2.18,100.0,93.5
3320,-22463.07,1367.5427,2.24,96.8,93.1
3321,-22264.55,987.0607,2.14,100.0,93.2
3322,-22363.95,200.9761,2.11,100.0,93.2
3323,-22185.52,1105.1478,2.2,100.0,93.2
3324,-22316.93,512.9821,2.14,100.0,93.2
3325,-22244.97,1061.4449,2.1,100.0,93.2
3326,-22206.6,326.4263,2.17,100.0,93.2
3327,-22274.74,707.1967,2.15,100.0,93.4
3328,-22267.01,1122.1048,2.09,100.0,93.4
3329,-22230.6,788.3534,2.11,100.0,93.4
3330,-22237.1,428.0708,2.19,97.7,93.4
3331,-22248.7,1031.1047,2.11,97.6,93.4
3332,-22229.22,811.1281,2.12,100.0,93.5
3333,-22215.93,662.7842,2.17,100.0,93.6
3334,-22210.02,187.3212,2.07,92.7,93.6
3335,-22311.71,1079.8342,2.17,100.0,93.6
3336,-22191.75,198.9791,2.13,100.0,93.6
3337,-22206.73,323.0868,2.11,96.5,93.6
3338,-22336.33,1668.6294,2.14,99.9,93.8
3339,-22298.4,1669.2732,2.14,100.0,93.9
3340,-22173.21,658.9852,2.11,99.3,93.9
3341,-22207.61,616.2516,2.16,100.0,93.9
3342,-22213.29,399.3725,2.13,100.0,93.9
3343,-22281.92,525.3758,2.13,100.0,94.0
3344,-22316.0,357.4535,2.1,92.7,94.1
3345,-22165.49,1582.1054,2.12,100.0,94.1
3346,-22147.01,1578.1062,2.15,100.0,94.1
3347,-22283.89,1062.4317,2.06,91.7,94.2
3348,-22231.59,226.7275,2.16,100.0,94.2
3349,-22265.26,287.0085,2.12,100.0,94.2
3350,-22233.83,252.3515,2.07,100.0,94.3
3351,-22224.32,444.0433,2.12,100.0,94.3
3352,-22263.39,637.6332,2.11,100.0,94.3
3353,-22257.3,632.281,2.1,100.0,94.4
3354,-22275.85,122.0048,2.08,99.4,94.5
3355,-22316.94,181.2747,2.11,100.0,94.4
3356,-22207.37,364.8372,2.12,100.0,94.5
3357,-22214.21,252.6471,2.07,90.1,94.6
3358,-22216.86,304.7625,2.16,100.0,94.6
3359,-22211.62,374.8262,2.11,100.0,94.6
3360,-22303.1,357.4199,2.07,97.7,94.6
3361,-22235.2,382.1609,2.12,100.0,94.7
3362,-22206.73,751.601,2.09,100.0,94.8
3363,-22357.48,705.5244,2.12,100.0,94.7
3364,-22254.37,842.3059,2.13,100.0,94.8
3365,-22281.4,255.0169,2.11,100.0,94.9
3366,-22159.62,1095.5778,2.1,100.0,94.9
3367,-22177.7,618.7259,2.13,97.3,95.0
3368,-22285.35,770.7902,2.1,100.0,95.0
3369,-22242.05,869.7671,2.11,100.0,95.0
3370,-22273.29,906.2699,2.12,97.4,95.2
3371,-22182.28,1053.7896,2.12,100.0,95.2
3372,-22174.33,1386.142,2.09,100.0,95.2
3373,-22229.03,647.0291,2.09,100.0,95.3
3374,-22286.62,1188.5487,2.17,100.0,95.4
3375,-22286.11,1081.9849,2.1,100.0,95.4
3376,-22283.53,513.5872,2.12,100.0,95.5
3377,-22230.82,1256.9085,2.13,100.0,95.5
3378,-22259.93,321.5348,2.13,100.0,95.6
3379,-22256.42,948.3595,2.1,100.0,95.6
3380,-22243.88,690.3758,2.26,96.1,95.7
3381,-22249.32,632.7478,2.13,99.1,95.7
3382,-22222.55,480.4085,2.11,99.1,95.7
3383,-22264.73,327.4984,2.18,100.0,95.8
3384,-22256.38,306.259,2.16,99.3,95.8
3385,-22193.61,726.8665,2.1,99.6,95.9
3386,-22358.27,527.0032,2.14,100.0,95.9
3387,-22325.71,196.3385,2.15,100.0,95.9
3388,-22311.37,173.3567,2.12,97.6,96.0
3389,-22242.29,2089.3507,2.12,100.0,96.1
3390,-22251.58,1165.3413,2.15,100.0,96.1
3391,-22244.53,1343.9758,2.11,90.6,96.1
3392,-22323.67,1311.9668,2.17,100.0,96.1
3393,-22258.25,544.5905,2.16,100.0,96.2
3394,-22344.22,266.1775,2.12,91.4,96.5
3395,-22283.9,261.5509,2.2,100.0,96.5
3396,-22326.16,667.4546,2.17,100.0,96.6
3397,-22173.56,2467.2963,2.16,100.0,96.6
3398,-22351.87,1434.9602,2.16,99.7,96.0
3399,-22249.01,597.6693,2.11,98.7,95.6
3400,-22278.93,1283.4063,2.12,100.0,95.7
3401,-22257.44,276.4891,2.12,100.0,95.8
3402,-22263.14,127.1532,2.11,100.0,95.7
3403,-22287.64,204.1619,2.14,100.0,95.8
3404,-22264.95,354.3181,2.11,100.0,95.9
3405,-22336.98,1052.1517,2.17,100.0,96.2
3406,-22462.47,1796.1223,2.14,100.0,96.2
3407,-22297.43,1921.5385,2.15,99.5,96.5
3408,-22424.03,1709.388,2.39,100.0,97.7
3409,-22371.4,228.2273,2.16,100.0,97.8
3410,-22358.08,273.5638,2.15,100.0,97.9
3411,-22444.92,442.1538,2.2,100.0,97.9
3412,-22436.64,273.3582,2.18,100.0,97.9
3413,-22288.96,3546.1646,2.13,100.0,97.9
3414,-22402.48,293.4082,2.15,100.0,97.9
3415,-22462.92,237.849,2.17,100.0,97.9
3416,-22373.87,1124.2145,2.13,100.0,98.0
3417,-22373.87,922.5113,2.22,98.8,97.9
3418,-22422.6,115.5856,2.13,99.2,97.9
3419,-22414.89,398.6843,2.16,100.0,97.9
3420,-22394.43,581.8636,2.2,100.0,98.0
3421,-22323.39,807.9779,2.12,93.0,97.9
3422,-22356.65,770.5232,2.2,100.0,97.8
3423,-22442.39,2137.0111,2.16,100.0,97.9
3424,-22446.14,2634.554,2.18,97.8,97.6
3425,-22442.62,3397.5548,2.37,99.6,97.4
3426,-22372.49,955.461,2.14,100.0,97.3
3427,-22347.65,1466.2412,2.16,99.5,96.7
3428,-22418.87,703.0898,2.21,100.0,96.6
3429,-22311.55,811.419,2.15,100.0,96.8
3430,-22398.41,394.89,2.13,99.5,96.3
3431,-22369.6,288.2561,2.16,99.9,96.2
3432,-22347.32,103.4698,2.15,100.0,96.2
3433,-22355.1,60.1945,2.09,96.6,96.2
3434,-22337.58,56.9101,2.13,99.7,96.4
3435,-22386.44,224.1102,2.19,100.0,96.3
3436,-22360.76,360.3081,2.11,99.2,96.2
3437,-22469.44,191.5305,2.16,100.0,96.1
3438,-22341.59,331.5573,2.16,100.0,96.2
3439,-22385.74,544.102,2.14,100.0,96.1
3440,-22293.98,1295.865,2.09,100.0,95.6
3441,-22339.41,1224.278,2.16,99.4,95.7
3442,-22348.1,843.6844,2.13,100.0,95.6
3443,-22374.84,427.6861,2.11,99.4,95.6
3444,-22195.89,1976.506,2.13,99.8,95.7
3445,-22358.91,2079.9995,2.13,100.0,95.7
3446,-22365.86,1981.9807,2.11,99.0,95.8
3447,-22345.61,735.4339,2.12,100.0,95.9
3448,-22394.15,835.3699,2.14,100.0,95.8
3449,-22305.81,2272.0922,2.13,100.0,95.8
3450,-22398.63,625.9746,2.14,100.0,95.9
3451,-22398.63,434.8848,2.25,100.0,96.0
3452,-22446.54,244.3491,2.12,100.0,96.0
3453,-22314.52,1722.2144,2.25,99.9,96.0
3454,-22405.18,4445.7726,2.2,98.1,96.1
3455,-22333.01,3450.0363,2.11,95.7,96.1
3456,-22365.67,1953.7043,2.25,99.8,96.1
3457,-22343.9,1110.4286,2.14,100.0,96.1
3458,-22420.51,594.6446,2.12,100.0,96.1
3459,-22421.98,440.3778,2.17,100.0,96.3
3460,-22376.48,518.0821,2.18,100.0,96.3
3461,-22427.17,299.5537,2.14,100.0,96.2
3462,-22345.6,208.3449,2.16,100.0,96.3
3463,-22404.26,456.8378,2.14,100.0,96.3
3464,-22401.11,379.3419,2.15,94.9,96.4
3465,-22370.8,185.9563,2.21,100.0,96.4
3466,-22411.42,308.325,2.16,100.0,96.3
3467,-22384.06,490.4292,2.15,93.0,96.4
3468,-22377.68,166.1723,2.14,100.0,96.5
3469,-22377.68,99.1293,2.13,100.0,96.5
3470,-22379.72,461.2187,2.15,99.2,96.4
3471,-22340.3,115.5123,2.14,100.0,96.5
3472,-22341.79,316.0073,2.16,100.0,96.5
3473,-22408.69,155.2768,2.13,99.7,96.5
3474,-22317.13,990.0306,2.16,100.0,96.6
3475,-22358.85,562.0767,2.15,100.0,96.7
3476,-22414.43,402.0626,2.1,96.7,96.7
3477,-22421.15,537.1934,2.16,99.0,96.7
3478,-22380.65,608.7886,2.2,100.0,96.7
3479,-22380.4,498.4005,2.12,100.0,96.7
3480,-22423.46,763.9407,2.2,100.0,96.9
3481,-22423.2,553.6264,2.13,100.0,96.9
3482,-22457.6,252.4135,2.14,100.0,96.8
3483,-22359.23,1469.617,2.18,100.0,96.4
3484,-22334.53,785.1105,2.14,100.0,96.5
3485,-22341.11,476.607,2.12,100.0,96.6
3486,-22387.77,414.3358,2.17,100.0,96.7
3487,-22380.4,246.0601,2.15,90.8,96.6
3488,-22358.56,884.5818,2.18,100.0,96.7
3489,-22341.88,1352.6125,2.18,100.0,96.7
3490,-22316.63,591.3912,2.11,93.7,96.6
3491,-22351.73,1156.1999,2.24,100.0,96.6
3492,-22424.03,1991.2342,2.15,100.0,96.4
3493,-22452.66,441.2046,2.11,98.0,96.6
3494,-22349.49,1641.4098,2.21,100.0,96.4
3495,-22337.07,1341.7998,2.2,100.0,96.5
3496,-22329.39,843.8433,2.12,100.0,96.2
3497,-22333.14,440.5935,2.24,99.1,96.4
3498,-22296.9,155.9944,2.17,100.0,96.3
3499,-22349.8,921.348,2.09,95.6,96.2
3500,-22417.78,464.604,2.24,98.9,96.3
3501,-22305.87,1193.5577,2.15,100.0,96.3
3502,-22327.58,1077.9566,2.08,99.4,96.4
3503,-22379.9,354.5493,2.19,99.4,96.4
3504,-22349.8,229.0051,2.11,100.0,96.4
3505,-22337.16,298.1829,2.13,100.0,96.6
3506,-22322.97,307.8077,2.13,100.0,96.6
3507,-22316.47,366.3165,2.15,100.0,96.9
3508,-22308.9,253.2203,2.15,100.0,97.0
3509,-22376.78,1352.646,2.13,99.7,97.1
3510,-22399.38,342.1756,2.21,100.0,96.7
3511,-22382.66,127.5947,2.14,97.4,96.7
3512,-22359.75,192.6975,2.16,100.0,96.9
3513,-22354.52,316.0739,2.2,100.0,97.0
3514,-22345.45,447.5118,2.11,98.7,97.1
3515,-22345.45,252.465,2.21,100.0,97.2
3516,-22345.92,1412.1617,2.16,100.0,97.3
3517,-22327.95,1299.1218,2.13,100.0,97.3
3518,-22327.2,592.6833,2.2,100.0,97.3
3519,-22490.98,1943.1324,2.18,100.0,97.5
3520,-22395.91,426.0152,2.14,99.1,97.1
3521,-22337.16,538.4902,2.18,100.0,97.5
3522,-22407.09,107.6251,2.18,100.0,97.7
3523,-22383.06,395.0312,2.14,94.4,97.6
3524,-22331.51,278.8173,2.21,100.0,97.6
3525,-22383.57,757.7619,2.15,100.0,97.3
3526,-22282.39,459.5001,2.16,99.6,97.5
3527,-22326.2,274.5898,2.22,100.0,97.6
3528,-22266.49,250.0046,2.16,100.0,97.7
3529,-22268.87,344.5296,2.13,100.0,97.7
3530,-22364.57,2366.4474,2.18,98.4,97.6
3531,-22361.66,536.4542,2.12,100.0,97.8
3532,-22429.85,1155.0564,2.13,100.0,97.8
3533,-22384.36,529.2621,2.16,99.1,97.8
3534,-22278.05,1690.0887,2.15,100.0,98.0
3535,-22336.52,594.2373,2.14,99.5,98.0
3536,-22331.53,480.718,2.14,100.0,97.9
3537,-22337.5,213.246,2.15,100.0,97.9
3538,-22425.06,743.4234,2.14,100.0,97.9
3539,-22292.52,536.8847,2.1,99.8,97.5
3540,-22317.87,384.1273,2.22,100.0,97.6
3541,-22410.46,1029.9373,2.11,98.6,97.5
3542,-22378.45,419.6721,2.16,100.0,97.6
3543,-22466.85,538.025,2.21,99.2,97.7
3544,-22319.52,1079.6574,2.12,98.0,97.9
3545,-22250.46,2469.5886,2.19,100.0,97.9
3546,-22310.4,1092.4383,2.25,98.7,97.4
3547,-22313.84,266.0613,2.12,96.9,97.5
3548,-22391.9,2433.0234,2.14,99.4,97.6
3549,-22224.57,1068.9321,2.21,100.0,97.6
3550,-22390.01,1325.6139,2.13,98.7,97.4
3551,-22330.29,381.5069,2.16,100.0,97.5
3552,-22336.6,447.6511,2.14,100.0,97.6
3553,-22363.59,1485.1861,2.18,100.0,97.5
3554,-22339.35,403.3316,2.16,98.1,96.7
3555,-22225.26,1242.6745,2.17,100.0,96.9
3556,-22287.97,770.2804,2.17,100.0,96.6
3557,-22210.23,261.7175,2.1,91.3,95.9
3558,-22277.21,1322.7576,2.13,100.0,95.9
3559,-22279.93,148.5103,2.14,100.0,96.0
3560,-22235.61,444.9362,2.13,99.6,95.7
3561,-22230.5,672.6124,2.12,100.0,95.3
3562,-22231.91,1141.3521,2.13,100.0,95.2
3563,-22266.02,911.5751,2.12,100.0,95.3
3564,-22374.08,2431.8769,2.09,100.0,95.2
3565,-22254.67,427.3841,2.12,100.0,95.2
3566,-22331.26,894.8087,2.08,100.0,95.4
3567,-22206.2,1297.9742,2.11,99.7,95.1
3568,-22307.22,1644.2024,2.12,100.0,95.1
3569,-22313.76,1112.2857,2.08,100.0,95.4
3570,-22188.94,1240.0399,2.13,99.9,95.5
3571,-22240.23,2113.5071,2.13,100.0,95.5
3572,-22196.88,701.9503,2.05,100.0,95.5
3573,-22186.55,333.3245,2.13,100.0,95.2
3574,-22383.29,2996.6228,2.1,100.0,95.2
3575,-22324.36,2992.5471,2.14,100.0,95.3
3576,-22278.12,1289.2773,2.13,100.0,95.3
3577,-22302.02,218.6036,2.12,99.9,94.9
3578,-22301.09,230.2544,2.2,100.0,95.1
3579,-22275.54,591.3291,2.1,99.5,94.8
3580,-22341.56,1809.1638,2.18,100.0,94.8
3581,-22230.06,574.2354,2.15,100.0,94.8
3582,-22155.57,2117.1556,2.11,100.0,94.9
3583,-22211.47,978.5551,2.15,100.0,95.0
3584,-22213.11,617.7443,2.12,100.0,95.0
3585,-22099.12,1968.624,2.1,100.0,94.9
3586,-22328.38,6177.2928,2.15,100.0,95.0
3587,-22310.75,5020.0356,2.18,100.0,95.1
3588,-22278.12,1784.0366,2.12,99.9,95.1
3589,-22415.94,1627.6302,2.19,99.8,95.3
3590,-22327.17,861.8193,2.16,99.9,95.2
3591,-22335.97,1075.4679,2.1,95.4,95.3
3592,-22348.87,1078.3764,2.15,100.0,94.4
3593,-22267.29,640.5888,2.13,100.0,93.7
3594,-22310.26,307.8305,2.18,100.0,93.8
3595,-22265.49,656.5367,2.14,99.0,93.3
3596,-22309.91,342.7249,2.15,96.7,91.5
3597,-22305.73,141.5704,2.16,100.0,91.4
3598,-22378.8,724.0522,2.09,100.0,91.3
3599,-22370.71,485.0829,2.1,96.7,91.5
3600,-22277.24,530.7577,2.17,100.0,91.6
3601,-22325.76,153.2893,2.11,100.0,91.6
3602,-22276.77,123.4649,2.11,100.0,91.0
3603,-22380.33,2067.2704,2.11,100.0,91.2
3604,-22286.79,283.9214,2.15,100.0,91.3
3605,-22253.28,1038.0689,2.11,100.0,91.2
3606,-22315.64,89.6464,2.1,99.2,91.3
3607,-22274.12,347.0256,2.11,100.0,91.4
3608,-22268.96,254.3729,2.15,99.9,91.4
3609,-22250.04,1537.379,2.13,99.1,91.4
3610,-22367.44,2289.2823,2.11,100.0,91.4
3611,-22329.4,1557.5479,2.12,100.0,91.6
3612,-22322.64,476.6348,2.09,100.0,91.6
3613,-22361.93,619.328,2.15,100.0,91.5
3614,-22321.8,680.0187,2.18,100.0,91.5
3615,-22196.45,3237.1614,2.11,100.0,91.6
3616,-22278.74,377.7952,2.17,100.0,91.7
3617,-22274.28,585.762,2.13,100.0,91.7
3618,-22342.33,1917.5566,2.1,100.0,91.6
3619,-22387.65,1099.9814,2.2,96.2,91.8
3620,-22419.19,2107.1628,2.1,99.1,91.8
3621,-22381.85,1029.6437,2.12,100.0,91.8
3622,-22390.47,811.9909,2.18,100.0,91.9
3623,-22304.3,419.4698,2.1,100.0,91.8
3624,-22167.55,3384.9929,2.13,100.0,91.9
3625,-22278.81,753.3968,2.13,100.0,92.0
3626,-22205.33,710.7103,2.13,100.0,92.0
3627,-22387.65,1543.7,2.1,98.4,92.1
3628,-22358.5,408.9925,2.17,100.0,92.1
3629,-22179.35,6810.3682,2.15,100.0,92.1
3630,-22234.93,2888.2419,2.07,89.2,92.1
3631,-22206.59,2749.2863,2.22,100.0,92.2
3632,-22260.28,1229.6222,2.12,100.0,92.2
3633,-22256.06,475.2679,2.13,98.5,92.2
3634,-22183.8,338.6588,2.16,99.6,92.3
3635,-22235.24,209.8959,2.1,100.0,92.3
3636,-22211.24,70.3438,2.12,100.0,92.4
3637,-22324.41,546.3842,2.08,100.0,92.4
3638,-22230.68,529.2705,2.14,100.0,92.6
3639,-22166.39,955.7376,2.11,100.0,92.6
3640,-22214.95,605.8602,2.05,97.9,93.0
3641,-22269.2,507.2812,2.12,100.0,93.1
3642,-22174.57,911.6843,2.14,100.0,93.2
3643,-22287.08,198.2275,2.12,99.6,93.2
3644,-22258.17,174.0152,2.11,100.0,93.2
3645,-22238.23,225.371,2.09,100.0,93.3
3646,-22301.76,319.7216,2.11,100.0,93.3
3647,-22085.86,3003.672,2.13,100.0,93.6
3648,-22376.96,1394.2111,2.11,100.0,93.6
3649,-22314.07,1079.6098,2.12,100.0,93.6
3650,-22260.24,679.1953,2.11,98.4,93.8
3651,-22291.07,351.6005,2.15,100.0,94.1
3652,-22241.98,224.9522,2.08,100.0,93.8
3653,-22257.5,213.8132,2.11,100.0,94.0
3654,-22244.81,105.4998,2.16,100.0,94.0
3655,-22185.91,1119.7749,2.1,100.0,94.0
3656,-22305.79,346.6395,2.13,100.0,93.6
3657,-22254.97,1817.2092,2.11,100.0,93.6
3658,-22305.9,247.095,2.11,100.0,93.6
3659,-22258.44,577.1278,2.09,100.0,93.7
3660,-22272.93,132.1155,2.17,99.8,93.9
3661,-22177.57,417.7857,2.17,95.5,93.9
3662,-22285.35,1474.9022,2.14,99.9,94.0
3663,-22260.5,942.8949,2.12,100.0,94.0
3664,-22243.76,178.6261,2.1,99.3,94.0
3665,-22297.75,149.6518,2.15,99.1,94.0
3666,-22241.65,385.1091,2.13,100.0,94.0
3667,-22296.75,150.0171,2.13,100.0,94.1
3668,-22316.24,433.0753,2.08,98.1,94.3
3669,-22223.53,542.5008,2.09,100.0,94.2
3670,-22288.77,54.2262,2.17,100.0,94.3
3671,-22246.19,231.0585,2.11,96.6,94.3
3672,-22251.24,98.0527,2.12,100.0,94.4
3673,-22270.2,1160.6838,2.1,100.0,94.5
3674,-22176.67,1011.8658,2.11,99.2,94.5
3675,-22313.24,1045.91,2.15,98.8,94.6
3676,-22173.82,821.0017,2.13,100.0,94.6
3677,-22273.04,288.8352,2.14,100.0,94.7
3678,-22288.65,182.9434,2.1,98.7,94.7
3679,-22300.29,162.3099,2.11,100.0,94.6
3680,-22258.17,278.2326,2.12,100.0,94.8
3681,-22319.32,524.7583,2.07,99.4,94.8
3682,-22322.38,158.9663,2.12,98.7,94.8
3683,-22314.8,1123.7399,2.13,100.0,94.9
3684,-22322.14,1511.3002,2.1,100.0,94.9
3685,-22265.09,1518.7696,2.11,97.8,95.0
3686,-22253.31,290.3889,2.35,100.0,96.2
3687,-22238.01,3409.2064,2.09,100.0,96.2
3688,-22259.32,1876.895,2.09,100.0,95.8
3689,-22288.89,501.157,2.1,100.0,95.4
3690,-22332.2,1117.069,2.1,100.0,95.4
3691,-22268.15,693.1565,2.12,100.0,95.1
3692,-22224.52,553.9388,2.11,100.0,95.2
3693,-22234.66,220.174,2.09,100.0,95.1
3694,-22296.08,766.7304,2.08,100.0,94.9
3695,-22170.36,3456.912,2.17,98.9,94.8
3696,-22277.3,1017.7297,2.12,100.0,95.0
3697,-22253.0,283.3225,2.1,99.3,93.5
3698,-22342.98,626.2709,2.12,98.8,93.4
3699,-22285.62,688.0414,2.13,100.0,93.4
3700,-22166.39,1806.5391,2.09,100.0,93.5
3701,-22219.71,321.0187,2.11,97.4,93.4
3702,-22176.93,401.2032,2.13,100.0,93.6
3703,-22224.8,581.1057,2.14,100.0,93.5
3704,-22285.25,751.5366,2.09,99.5,93.4
3705,-22284.92,293.2458,2.11,100.0,93.5
3706,-22200.22,698.6308,2.13,100.0,93.6
3707,-22245.82,213.308,2.06,100.0,93.7
3708,-22282.95,385.1563,2.08,98.7,93.6
3709,-22168.69,164.0985,2.1,100.0,93.6
3710,-22199.16,587.5069,2.11,100.0,93.7
3711,-22167.2,180.7539,2.13,93.4,93.8
3712,-22318.45,2147.95,2.11,100.0,93.9
3713,-22304.41,987.5851,2.11,100.0,93.9
3714,-22214.27,909.5952,2.07,99.8,93.9
3715,-22298.93,424.766,2.13,100.0,94.0
3716,-22340.48,493.725,2.12,100.0,94.0
3717,-22319.23,243.5262,2.09,99.9,94.1
3718,-22218.54,620.0563,2.08,100.0,94.1
3719,-22313.96,467.4944,2.11,100.0,94.2
3720,-22184.79,2085.5133,2.08,100.0,94.2
3721,-22195.83,1649.6185,2.12,95.9,94.3
3722,-22330.65,1450.6617,2.13,100.0,94.3
3723,-22261.65,452.8191,2.11,100.0,94.3
3724,-22247.27,1287.5731,2.09,98.5,94.5
3725,-22284.48,968.5315,2.15,100.0,94.3
3726,-22208.4,568.315,2.12,100.0,94.4
3727,-22192.18,379.5773,2.12,100.0,94.5
3728,-22250.11,483.8163,2.14,100.0,94.6
3729,-22208.11,1801.0735,2.15,100.0,94.5
3730,-22350.25,1720.9938,2.07,100.0,94.6
3731,-22288.59,362.9261,2.24,96.9,94.8
3732,-22334.56,241.5949,2.12,100.0,94.8
3733,-22266.44,843.5235,2.09,100.0,94.8
3734,-22309.57,223.4764,2.23,100.0,94.9
3735,-22239.01,2431.3508,2.16,98.6,95.0
3736,-22286.23,362.3958,2.12,100.0,95.1
3737,-22280.83,625.2744,2.18,100.0,95.2
3738,-22292.74,1084.2976,2.12,100.0,95.4
3739,-22349.22,1212.6463,2.11,100.0,95.4
3740,-22294.71,494.092,2.12,100.0,95.5
3741,-22334.94,582.3497,2.15,100.0,95.4
3742,-22300.2,243.6503,2.1,95.6,95.2
3743,-22266.17,276.3603,2.09,99.2,95.0
3744,-22294.1,322.4336,2.14,100.0,95.1
3745,-22260.07,675.6007,2.12,99.8,94.7
3746,-22293.68,989.7666,2.11,100.0,94.7
3747,-22210.67,1117.7961,2.16,100.0,94.7
3748,-22262.23,624.3094,2.13,100.0,94.8
3749,-22261.91,592.6149,2.11,100.0,94.9
3750,-22207.63,1045.7619,2.15,97.8,95.1
3751,-22209.88,908.8364,2.12,100.0,95.2
3752,-22241.02,320.0785,2.09,98.3,95.1
3753,-22091.9,2460.8015,2.05,99.9,95.0
3754,-22158.28,904.3132,2.16,100.0,95.2
3755,-22189.53,1210.3542,2.1,99.2,95.2
3756,-22135.1,551.1793,2.09,100.0,95.2
3757,-22250.01,1241.8968,2.11,100.0,95.3
3758,-22263.51,374.3094,2.11,100.0,95.4
3759,-22199.6,672.3841,2.09,99.6,95.3
3760,-22220.45,1101.5275,2.09,98.6,95.4
3761,-22250.77,518.638,2.11,100.0,95.5
3762,-22177.23,257.5537,2.11,98.1,95.6
3763,-22172.0,488.6106,2.09,97.8,95.5
3764,-22184.39,248.4087,2.15,100.0,95.5
3765,-22206.24,308.9572,2.09,100.0,95.6
3766,-22213.26,767.1105,2.1,99.2,95.7
3767,-22191.17,477.0329,2.1,100.0,95.8
3768,-22263.51,229.7953,2.12,100.0,95.9
3769,-22140.44,1351.1359,2.12,98.9,95.8
3770,-22129.75,1092.0127,2.09,100.0,95.9
3771,-22213.02,554.8579,2.16,100.0,95.9
3772,-22145.33,385.9192,2.08,100.0,96.0
3773,-22261.22,341.2306,2.1,99.9,96.1
3774,-22149.83,1285.3921,2.1,100.0,96.0
3775,-22204.88,603.7859,2.09,99.6,96.1
3776,-22267.02,458.2157,2.1,96.1,96.1
3777,-22252.94,660.8779,2.11,100.0,96.2
3778,-22259.04,448.4353,2.1,100.0,96.3
3779,-22262.02,511.4189,2.11,99.4,96.4
3780,-22173.61,726.1931,2.12,100.0,96.4
3781,-22213.19,266.0222,2.12,100.0,96.4
3782,-22192.91,427.7127,2.07,100.0,96.5
3783,-22221.01,699.3406,2.11,100.0,96.6
3784,-22217.97,166.1475,2.07,100.0,95.8
3785,-22196.17,460.7251,2.08,100.0,95.7
3786,-22182.1,334.1384,2.13,100.0,95.9
3787,-22214.01,441.6878,2.08,100.0,95.9
3788,-22179.23,222.0467,2.09,100.0,96.1
3789,-22178.63,247.5003,2.11,100.0,95.9
3790,-22208.89,207.6379,2.1,100.0,96.0
3791,-22192.73,141.5949,2.1,98.0,96.1
3792,-22190.29,628.5903,2.12,100.0,96.1
3793,-22128.04,1164.3033,2.11,100.0,96.2
3794,-22126.99,1185.1686,2.11,100.0,96.5
3795,-22189.11,479.4997,2.15,100.0,96.7
3796,-22194.97,701.2592,2.19,100.0,96.7
3797,-22087.28,422.3792,2.13,100.0,96.8
3798,-22133.95,227.0651,2.14,98.8,96.7
3799,-22068.64,541.4269,2.15,100.0,96.4
3800,-22128.36,413.5142,2.13,100.0,96.5
3801,-22202.12,545.6465,2.18,97.2,95.8
3802,-22077.08,2340.8004,2.15,100.0,95.8
3803,-22187.56,198.7868,2.18,100.0,95.7
3804,-22176.54,61.4742,2.08,100.0,95.7
3805,-22229.68,676.9095,2.14,100.0,95.7
3806,-22095.65,476.2677,2.15,100.0,95.8
3807,-22191.38,513.0266,2.1,98.4,95.4
3808,-22142.96,420.4765,2.15,99.0,95.2
3809,-22151.48,100.4984,2.11,100.0,95.1
3810,-22143.76,223.5741,2.13,100.0,95.1
3811,-22177.52,112.2035,2.12,100.0,95.1
3812,-22151.92,243.8895,2.11,100.0,95.1
3813,-22106.11,768.3371,2.13,100.0,95.1
3814,-22159.56,190.8827,2.09,100.0,95.0
3815,-22169.35,1059.248,2.11,100.0,94.9
3816,-22195.21,397.5711,2.15,100.0,95.1
3817,-22087.14,830.2,2.09,91.7,94.7
3818,-22172.71,554.4948,2.13,100.0,94.8
3819,-22126.56,160.2573,2.12,100.0,94.8
3820,-22146.65,338.6312,2.12,100.0,94.9
3821,-22210.79,507.4672,2.15,99.0,94.9
3822,-22144.3,394.1929,2.1,100.0,95.0
3823,-22179.28,272.9453,2.13,99.3,95.0
3824,-22149.56,194.0026,2.12,99.9,95.0
3825,-22198.7,777.8829,2.14,100.0,95.1
3826,-22232.72,5453.2433,2.12,100.0,95.1
3827,-22264.68,2626.0494,2.12,99.8,95.2
3828,-22395.7,1758.0657,2.15,100.0,94.8
3829,-22178.23,5922.2515,2.1,99.8,94.9
3830,-22275.56,745.7683,2.09,100.0,95.0
3831,-22306.49,701.0713,2.15,100.0,94.9
3832,-22222.9,561.5581,2.12,100.0,95.2
3833,-22317.12,984.9417,2.1,100.0,95.1
3834,-22289.5,1602.6012,2.11,100.0,94.7
3835,-22296.3,255.7224,2.11,100.0,94.8
3836,-22317.28,724.1081,2.11,100.0,94.8
3837,-22272.79,185.7527,2.14,100.0,94.8
3838,-22292.84,764.4866,2.09,100.0,94.6
3839,-22138.06,4180.8178,2.11,99.6,94.8
3840,-22249.74,612.1696,2.11,100.0,94.8
3841,-22291.0,1577.7059,2.15,100.0,94.8
3842,-22362.31,1082.4753,2.12,99.0,94.0
3843,-22276.2,989.5473,2.15,100.0,94.0
3844,-22254.49,933.3909,2.12,100.0,94.1
3845,-22303.74,461.4103,2.16,100.0,94.1
3846,-22214.13,625.3194,2.11,100.0,94.2
3847,-22223.32,197.645,2.17,100.0,94.3
3848,-22390.82,3732.5444,2.1,99.1,94.2
3849,-22336.48,2892.0906,2.11,100.0,94.1
3850,-22439.4,2603.6761,2.21,97.7,94.2
3851,-22363.37,534.5815,2.08,96.5,94.2
3852,-22296.42,2169.6944,2.16,100.0,94.3
3853,-22370.3,366.4418,2.13,100.0,94.3
3854,-22296.73,782.1653,2.11,96.0,94.6
3855,-22240.39,826.0092,2.17,100.0,94.6
3856,-22281.94,812.2472,2.1,100.0,94.7
3857,-22250.99,679.7535,2.12,96.4,94.7
3858,-22187.31,518.967,2.08,100.0,94.7
3859,-22312.74,635.4972,2.18,100.0,95.1
3860,-22228.81,146.6206,2.2,98.4,95.5
3861,-22198.72,335.9293,2.13,90.3,95.8
3862,-22221.31,794.3845,2.19,100.0,95.9
3863,-22247.55,326.627,2.17,100.0,95.5
3864,-22329.56,598.7377,2.12,92.9,95.8
3865,-22282.67,302.3386,2.17,100.0,95.9
3866,-22190.41,2027.8722,2.13,100.0,96.0
3867,-22168.16,1323.4699,2.11,96.3,96.1
3868,-22286.55,263.4135,2.17,100.0,96.1
3869,-22273.02,212.8353,2.14,100.0,95.9
3870,-22287.8,444.5418,2.11,100.0,96.0
3871,-22257.41,488.5883,2.11,96.4,96.1
3872,-22238.18,553.1771,2.18,100.0,96.7
3873,-22276.23,59.3648,2.17,100.0,96.6
3874,-22235.22,302.4185,2.19,92.1,96.5
3875,-22186.23,536.4572,2.21,100.0,96.7
3876,-22134.62,308.8028,2.18,100.0,96.3
3877,-22123.89,269.5953,2.16,99.1,95.6
3878,-22262.67,1694.7343,2.21,100.0,95.7
3879,-22158.06,512.3238,2.18,100.0,95.6
3880,-22162.71,198.3198,2.11,100.0,95.3
3881,-22054.74,1392.3649,2.17,99.9,95.0
3882,-22176.67,238.3287,2.16,100.0,95.1
3883,-22173.96,202.3719,2.25,100.0,95.1
3884,-22164.63,965.1744,2.14,93.1,94.9
3885,-22124.89,255.0547,2.29,100.0,94.6
3886,-22209.88,373.1339,2.17,100.0,94.3
3887,-22153.48,34.1879,2.14,100.0,93.7
3888,-22178.71,377.8012,2.24,100.0,93.6
3889,-22102.67,616.0417,2.15,100.0,93.8
3890,-22219.03,212.8189,2.17,100.0,93.2
3891,-22225.32,1692.9283,2.09,100.0,92.8
3892,-22116.12,909.5568,2.29,99.3,92.9
3893,-22168.81,518.5063,2.16,93.9,93.0
3894,-22163.52,422.1543,2.18,100.0,93.2
3895,-22197.2,325.0904,2.26,100.0,93.2
3896,-22211.57,245.4142,2.22,100.0,93.2
3897,-22260.68,650.8933,2.2,100.0,92.4
3898,-22284.56,1233.2592,2.11,100.0,92.6
3899,-22248.1,567.7241,2.23,100.0,92.5
3900,-22306.35,649.7021,2.15,99.7,92.6
3901,-22293.31,338.2351,2.17,100.0,92.8
3902,-22232.62,593.5583,2.17,100.0,92.9
3903,-22161.69,1949.5514,2.17,99.8,93.0
3904,-22166.37,699.116,2.19,97.0,92.9
3905,-22272.87,1087.4271,2.24,100.0,92.8
3906,-22212.25,1142.174,2.16,100.0,92.9
3907,-22217.12,274.8456,2.12,100.0,93.0
3908,-22231.38,154.0202,2.17,100.0,93.0
3909,-22167.91,136.1687,2.14,100.0,92.9
3910,-22211.34,230.6518,2.15,100.0,93.0
3911,-22193.38,1382.779,2.12,98.5,93.0
3912,-22201.4,725.0544,2.23,100.0,93.1
3913,-22244.0,648.9701,2.15,97.4,93.1
3914,-22249.44,105.6123,2.13,100.0,93.2
3915,-22174.12,402.8891,2.26,100.0,93.2
3916,-22166.46,715.7197,2.2,99.7,93.4
3917,-22218.97,245.719,2.17,99.8,93.3
3918,-22215.51,171.2579,2.15,100.0,93.3
3919,-22151.4,418.5395,2.18,100.0,93.4
3920,-22134.05,174.0136,2.13,96.9,93.4
3921,-22170.94,324.868,2.22,99.9,93.6
3922,-22131.21,805.2064,2.14,100.0,93.5
3923,-22147.84,386.9131,2.16,100.0,93.8
3924,-22202.94,1157.2137,2.14,100.0,93.8
3925,-22238.33,157.3898,2.25,100.0,93.8
3926,-22148.13,608.1067,2.16,98.5,94.1
3927,-22280.09,949.7107,2.2,100.0,94.1
3928,-22277.5,613.6621,2.19,100.0,94.0
3929,-22187.36,2384.8246,2.19,100.0,94.0
3930,-22196.9,562.6564,2.13,98.1,94.1
3931,-22110.95,635.5557,2.19,100.0,94.2
3932,-22151.67,1298.6112,2.25,100.0,94.2
3933,-22110.99,856.7526,2.12,92.2,94.3
3934,-22056.57,415.6982,2.22,99.6,94.4
3935,-22131.17,1549.539,2.15,100.0,94.4
3936,-22133.15,931.944,2.16,100.0,94.4
3937,-22170.91,649.0895,2.14,99.0,94.6
3938,-22140.6,907.2526,2.17,100.0,94.6
3939,-22117.35,1691.0349,2.14,100.0,94.5
3940,-22201.21,231.2862,2.13,100.0,94.6
3941,-22152.52,148.6301,2.21,99.4,94.7
3942,-22167.55,446.6488,2.14,100.0,94.7
3943,-22181.21,407.4184,2.16,99.2,94.6
3944,-22099.34,671.1182,2.12,100.0,94.8
3945,-22107.51,186.9464,2.28,100.0,94.9
3946,-22264.67,1682.6101,2.13,98.3,94.7
3947,-22156.4,437.9976,2.19,99.3,94.8
3948,-22339.88,1469.1779,2.17,100.0,95.7
3949,-22228.19,644.2966,2.19,100.0,95.4
3950,-22198.37,1737.522,2.11,100.0,94.9
3951,-22338.68,655.0969,2.22,100.0,94.5
3952,-22169.4,1472.9366,2.09,100.0,94.5
3953,-22320.3,1121.1855,2.15,100.0,94.4
3954,-22220.47,280.7548,2.17,97.4,93.7
3955,-22290.82,761.1726,2.29,99.9,93.6
3956,-22105.49,4861.0148,2.16,99.1,93.3
3957,-22167.4,407.5153,2.15,99.9,93.0
3958,-22205.13,279.3769,2.15,100.0,93.1
3959,-22226.09,337.9805,2.19,100.0,93.2
3960,-22201.74,140.0613,2.17,95.3,92.6
3961,-22205.4,121.8717,2.26,100.0,92.7
3962,-22258.92,674.5652,2.17,100.0,92.4
3963,-22222.63,671.5204,2.15,100.0,92.5
3964,-22258.37,2021.47,2.22,99.3,91.8
3965,-22234.47,758.1114,2.13,100.0,91.7
3966,-22197.32,1025.2119,2.17,100.0,91.9
3967,-22164.24,2575.2818,2.14,91.8,90.8
3968,-22205.89,983.4766,2.26,99.9,90.8
3969,-22131.03,792.9911,2.12,99.9,90.6
3970,-22184.45,742.7345,2.15,100.0,90.7
3971,-22129.1,842.2149,2.19,100.0,90.8
3972,-22151.14,397.1822,2.16,100.0,90.9
3973,-22191.62,1243.5662,2.15,99.2,91.0
3974,-22136.31,766.7374,2.14,100.0,91.2
3975,-22176.2,319.3544,2.18,100.0,91.2
3976,-22155.45,592.4399,2.14,100.0,91.2
3977,-22068.93,701.1831,2.14,99.6,91.5
3978,-22147.51,852.7742,2.15,100.0,91.0
3979,-22134.22,185.0937,2.23,100.0,91.0
3980,-22096.97,580.6453,2.13,99.5,91.1
3981,-22131.79,286.4452,2.21,99.4,91.4
3982,-22041.89,441.8968,2.15,100.0,91.4
3983,-22071.18,268.9741,2.18,100.0,91.4
3984,-22028.25,562.0734,2.18,97.9,91.6
3985,-22018.22,617.1103,2.17,100.0,91.0
3986,-22063.13,213.9957,2.18,99.0,91.6
3987,-22128.7,1231.9823,2.25,100.0,91.7
3988,-22009.33,288.3083,2.24,100.0,91.9
3989,-22057.09,147.1143,2.2,97.4,91.6
3990,-22006.47,367.5308,2.13,100.0,90.9
3991,-22057.04,283.9553,2.17,100.0,90.9
3992,-22038.74,320.3488,2.16,100.0,90.9
3993,-22039.17,222.5661,2.17,100.0,91.2
3994,-22111.01,980.5522,2.14,100.0,91.0
3995,-22095.65,388.1521,2.23,100.0,91.0
3996,-22149.33,1782.1387,2.13,99.3,91.2
3997,-22087.58,448.3869,2.2,99.7,91.1
3998,-22001.62,327.486,2.14,100.0,91.1
3999,-21980.59,407.6489,2.11,100.0,91.1
4000,-22010.24,419.8236,2.13,99.2,91.2
4001,-22001.27,134.9395,2.16,100.0,91.0
4002,-21967.67,362.0533,2.16,100.0,91.3
4003,-21960.26,529.6241,2.1,100.0,91.3
4004,-21985.82,776.2312,2.2,100.0,91.3
4005,-21972.48,442.2866,2.12,100.0,91.3
4006,-21993.67,984.5019,2.15,100.0,91.3
4007,-21986.47,586.3826,2.08,98.9,91.5
4008,-22048.0,789.209,2.27,100.0,91.4
4009,-21991.93,457.8336,2.12,99.6,91.4
4010,-22043.44,78.5681,2.13,99.7,91.3
4011,-21991.25,1135.3447,2.26,100.0,91.4
4012,-21999.42,969.5594,2.17,100.0,91.4
4013,-21976.92,199.0585,2.17,97.7,91.3
4014,-22067.02,715.741,2.13,100.0,91.3
4015,-21950.97,509.0723,2.16,100.0,91.2
4016,-22060.75,900.8414,2.13,100.0,91.3
4017,-21954.16,263.6905,2.13,100.0,90.7
4018,-21996.07,318.2661,2.17,100.0,90.8
4019,-22000.55,323.5253,2.06,98.2,90.1
4020,-22042.59,246.47,2.14,98.2,90.3
4021,-22044.0,464.6597,2.14,100.0,90.4
4022,-22056.53,97.8917,2.19,100.0,90.3
4023,-22081.44,645.3819,2.1,99.7,90.5
4024,-22028.92,577.0916,2.17,100.0,90.6
4025,-22037.72,215.8857,2.1,100.0,90.7
4026,-21989.03,282.2586,2.15,100.0,90.7
4027,-21993.12,84.8698,2.12,100.0,90.8
4028,-22091.9,537.1624,2.13,100.0,90.9
4029,-21997.58,777.6249,2.18,100.0,90.9
4030,-22014.2,569.7245,2.11,100.0,90.9
4031,-22045.36,749.0868,2.14,96.2,91.3
4032,-22045.0,931.1154,2.16,100.0,91.3
4033,-22100.06,1277.4317,2.19,100.0,91.3
4034,-21921.29,1146.8059,2.12,99.9,91.1
4035,-22026.45,202.1519,2.22,78.9,91.4
4036,-22001.61,117.209,2.11,60.5,91.8
4037,-22009.88,551.0898,1.99,56.2,91.8
4038,-22043.69,383.932,1.94,54.3,91.8
4039,-22068.91,642.0518,2.08,57.2,92.0
4040,-22008.1,567.1547,2.14,55.7,91.9
4041,-22124.03,470.9273,2.0,56.0,91.9
4042,-22035.16,571.8207,1.98,56.4,91.9
4043,-21971.15,406.0559,1.95,56.5,92.0
4044,-22053.09,710.6509,2.13,55.8,92.1
4045,-22097.86,803.4599,2.01,55.4,91.9
4046,-22000.35,756.2705,1.93,54.2,92.0
4047,-22034.69,460.4686,1.95,54.4,92.1
4048,-21922.99,535.4452,2.21,54.7,92.2
4049,-21907.47,206.2531,2.13,55.6,92.6
4050,-21967.94,1195.1362,2.02,55.6,92.6
4051,-21975.67,979.8411,1.95,56.3,92.7
4052,-21995.45,638.564,2.19,65.8,92.8
4053,-21966.57,458.4174,2.24,98.6,92.5
4054,-21984.59,158.2187,2.15,99.9,92.3
4055,-21939.17,768.2882,2.16,100.0,92.4
4056,-22020.81,805.5989,2.23,100.0,92.4
4057,-21955.56,512.8105,2.14,98.6,91.3
4058,-21930.18,337.3057,2.19,100.0,91.3
4059,-21975.33,301.8786,2.11,99.6,90.7
4060,-22027.97,1069.0663,2.25,100.0,90.7
4061,-21941.64,126.5697,2.16,99.4,90.0
4062,-22009.78,245.8704,2.19,100.0,89.9
4063,-21976.84,398.7496,2.22,100.0,89.9
4064,-21988.56,156.9989,2.15,100.0,89.7
4065,-21999.43,378.683,2.13,99.9,89.5
4066,-22091.19,1112.6149,2.17,100.0,89.6
4067,-21983.74,444.7801,2.17,100.0,89.5
4068,-21948.74,497.4759,2.19,99.9,89.4
4069,-21952.78,241.1724,2.15,99.9,88.8
4070,-21978.45,358.491,2.17,100.0,88.9
4071,-22030.23,465.5498,2.22,100.0,89.0
4072,-22002.72,47.5178,2.17,99.9,88.9
4073,-22050.39,477.325,2.21,100.0,88.8
4074,-22009.78,920.4919,2.17,100.0,88.5
4075,-22013.79,327.2782,2.16,100.0,88.2
4076,-21987.54,213.2815,2.14,100.0,88.1
4077,-22006.59,283.4796,2.14,100.0,88.1
4078,-22037.85,549.3999,2.21,100.0,88.1
4079,-22017.55,853.9892,2.12,99.7,87.0
4080,-22043.99,411.6013,2.19,99.9,86.5
4081,-21962.05,570.1178,2.17,100.0,86.2
4082,-22031.99,571.906,2.19,99.8,85.9
4083,-21973.87,120.1441,1.98,55.9,86.1
4084,-22032.66,262.0932,2.01,56.9,86.1
4085,-22035.48,338.4356,1.98,54.6,86.1
4086,-21981.0,737.2005,2.25,53.9,86.1
4087,-22047.41,255.6156,1.93,55.2,86.1
4088,-22001.13,516.8478,1.9,55.5,86.2
4089,-22046.78,190.1571,2.15,56.1,86.2
4090,-21971.66,678.0202,2.02,53.2,86.2
4091,-22012.46,228.9112,1.92,55.9,86.0
4092,-21984.27,175.2512,2.02,55.1,86.1
4093,-22123.64,926.9116,2.2,56.1,86.2
4094,-22030.77,1372.8141,2.0,54.5,86.3
4095,-22116.18,798.0718,2.02,56.1,86.4
4096,-22027.26,691.5597,2.08,54.8,86.4
4097,-22107.8,223.5015,2.11,58.3,86.5
4098,-22081.72,1091.1478,2.01,55.5,86.6
4099,-22070.62,185.2022,1.9,54.4,86.7
4100,-22072.27,630.5743,2.03,54.1,86.8
4101,-22150.62,570.4682,2.0,55.3,86.7
4102,-22010.65,397.8905,2.02,54.9,86.8
4103,-21979.37,640.9607,1.91,55.1,86.8
4104,-22135.75,915.1052,2.05,56.0,86.9
4105,-21904.35,941.8992,2.04,54.7,86.9
4106,-21964.44,156.522,2.02,55.1,87.1
4107,-21888.57,232.9569,1.96,54.8,87.0
4108,-22040.62,1254.0161,1.96,56.4,87.0
4109,-21972.97,387.1397,2.08,54.6,87.1
4110,-21916.48,589.3839,2.08,74.9,87.2
4111,-21992.64,477.1834,2.11,100.0,87.3
4112,-22039.87,332.8211,2.35,100.0,87.5
4113,-22054.75,470.7394,2.19,99.2,87.3
4114,-21974.35,700.377,1.96,60.1,87.3
4115,-21959.46,699.3018,2.04,55.8,87.5
4116,-21964.46,1104.8667,2.14,56.4,87.5
4117,-22011.51,1180.8266,2.02,55.2,87.3
4118,-22006.73,201.2176,2.03,56.4,87.5
4119,-22036.11,107.5439,2.11,55.8,87.4
4120,-22053.75,228.5083,1.98,56.3,87.6
4121,-21924.63,923.2041,2.08,56.3,87.8
4122,-21996.63,152.5622,1.9,55.7,87.8
4123,-22013.62,1141.8708,2.05,53.8,87.8
4124,-21984.38,256.2884,2.11,55.2,87.9
4125,-21988.73,274.6621,1.92,54.8,87.8
4126,-22021.16,609.0558,1.89,54.9,88.0
4127,-21996.96,173.3764,2.23,100.0,88.0
4128,-22012.48,159.4607,2.22,99.6,87.8
4129,-22010.85,179.3425,2.11,100.0,87.8
4130,-21998.2,800.7778,2.18,100.0,87.9
4131,-21864.09,1912.394,2.16,100.0,87.9
4132,-21959.98,428.4347,2.13,99.7,87.3
4133,-22015.26,446.8329,2.17,100.0,87.4
4134,-21955.12,443.5954,2.13,100.0,87.3
4135,-21976.16,1238.7829,2.17,68.7,87.4
4136,-21973.44,504.6341,1.99,53.4,87.1
4137,-21960.68,417.9162,1.96,55.2,87.1
4138,-21946.19,490.9873,2.05,53.8,86.8
4139,-21944.56,356.7697,2.28,96.5,86.8
4140,-21988.67,608.6531,2.18,97.9,86.2
4141,-22030.5,472.776,2.13,99.8,85.1
4142,-22013.79,225.5504,2.22,100.0,85.2
4143,-21996.14,187.4576,2.14,100.0,85.3
4144,-21971.78,129.7783,2.15,100.0,85.4
4145,-21922.02,549.8731,2.2,100.0,85.4
4146,-22023.48,917.5749,2.12,100.0,85.6
4147,-21995.11,892.8312,2.19,100.0,85.7
4148,-21953.12,446.5256,2.12,100.0,85.3
4149,-22020.75,480.1479,2.3,100.0,85.3
4150,-21998.03,86.7731,2.15,100.0,85.4
4151,-21956.61,131.8743,2.12,100.0,85.3
4152,-22054.72,927.0645,2.13,100.0,85.4
4153,-22012.41,374.6367,2.29,99.0,85.3
4154,-22036.95,99.1304,2.11,99.1,85.3
4155,-22038.42,160.489,2.21,100.0,85.4
4156,-22085.45,229.589,2.19,100.0,85.4
4157,-22110.0,231.9286,2.15,99.0,85.1
4158,-22063.76,843.6475,2.16,100.0,85.1
4159,-22005.66,1285.7603,2.16,100.0,85.7
4160,-22089.06,176.1962,2.2,100.0,85.8
4161,-22134.4,328.0964,2.11,99.1,85.2
4162,-22011.32,556.3397,2.17,100.0,85.3
4163,-22017.53,262.181,2.16,100.0,85.4
4164,-22134.81,847.6378,2.16,100.0,85.2
4165,-22182.86,1388.201,2.13,99.2,84.9
4166,-22034.27,305.4147,2.3,100.0,85.0
4167,-22099.39,142.4062,2.13,99.6,84.9
4168,-22096.26,103.2137,2.15,100.0,84.8
4169,-22083.38,371.706,2.24,100.0,84.8
4170,-22146.49,187.1095,2.15,100.0,84.9
4171,-22159.63,135.8773,2.21,100.0,84.9
4172,-22103.8,1264.3224,2.08,99.9,84.9
4173,-22099.74,421.9903,2.22,100.0,84.9
4174,-22092.84,166.8676,2.17,99.9,84.9
4175,-22152.99,471.5794,2.15,99.7,84.6
4176,-22088.36,112.504,2.16,100.0,84.8
4177,-22059.12,566.7331,2.2,100.0,84.8
4178,-22066.87,158.7325,2.13,98.4,84.5
4179,-22096.26,200.4737,2.2,100.0,84.5
4180,-22106.94,480.0084,2.16,100.0,84.5
4181,-22162.25,647.2051,2.18,100.0,84.6
4182,-22132.67,776.2213,2.14,99.8,84.5
4183,-22149.21,998.42,2.18,100.0,84.6
4184,-22141.71,452.3119,2.21,100.0,84.5
4185,-22140.08,358.0796,2.13,92.1,84.2
4186,-22079.68,353.0714,2.24,100.0,84.4
4187,-22173.71,1236.8327,2.18,100.0,84.5
4188,-22048.87,669.3471,2.18,100.0,84.4
4189,-22075.35,289.1556,2.13,100.0,84.4
4190,-22205.34,621.0233,2.26,100.0,84.5
4191,-22145.57,300.8635,2.15,100.0,84.5
4192,-22196.28,377.1413,2.12,100.0,84.6
4193,-22181.44,388.9923,2.15,100.0,84.6
4194,-22150.25,353.8264,2.21,100.0,84.5
4195,-22156.87,697.4373,2.14,99.5,83.0
4196,-22139.24,360.3225,2.16,100.0,83.2
4197,-22194.37,1158.6207,2.16,100.0,82.5
4198,-22120.9,1640.2505,2.11,99.7,82.7
4199,-22144.8,348.3559,2.13,100.0,82.6
4200,-22158.79,420.2526,2.12,100.0,82.7
4201,-22200.66,214.5993,2.15,100.0,82.8
4202,-22192.77,178.7424,2.15,99.9,82.8
4203,-22254.33,518.306,2.15,100.0,82.7
4204,-22257.57,169.6554,2.25,100.0,82.7
4205,-22151.59,898.4285,2.16,98.9,82.7
4206,-22196.53,375.1868,2.16,95.0,82.4
4207,-22220.7,316.8567,2.23,100.0,82.4
4208,-22184.3,159.7581,2.28,100.0,82.8
4209,-22218.72,167.7046,2.15,96.7,82.3
4210,-22185.37,368.2724,2.39,99.8,81.9
4211,-22182.07,989.3546,2.19,100.0,81.9
4212,-22135.25,134.8994,2.19,100.0,81.9
4213,-22062.82,464.2803,2.18,100.0,81.9
4214,-22104.01,440.864,2.2,100.0,81.7
4215,-22116.81,701.1673,2.13,99.0,81.5
4216,-22143.46,829.0871,2.12,100.0,81.6
4217,-22168.11,455.8423,2.18,100.0,81.6
4218,-22034.37,1364.5068,2.23,100.0,81.5
4219,-22126.01,225.8464,2.13,92.8,81.4
4220,-22120.76,1173.6807,2.19,100.0,81.4
4221,-22109.77,351.6075,2.18,100.0,81.4
4222,-22092.12,315.0589,2.12,100.0,81.3
4223,-22151.86,369.6296,2.13,98.6,80.9
4224,-22119.02,422.8075,2.18,100.0,80.9
4225,-22121.54,358.5613,2.13,100.0,81.0
4226,-22160.3,375.4147,2.14,100.0,81.0
4227,-22153.39,454.1204,2.2,99.9,81.1
4228,-22117.26,569.4369,2.18,100.0,81.0
4229,-22079.06,1426.339,2.24,100.0,81.1
4230,-22138.28,309.4331,2.11,98.9,80.8
4231,-22178.24,960.1072,2.27,100.0,80.1
4232,-22058.3,763.1122,2.15,99.2,79.9
4233,-22108.96,598.3751,2.2,100.0,79.7
4234,-22152.2,315.3771,2.15,100.0,79.9
4235,-22180.52,338.8617,2.17,100.0,79.8
4236,-22108.62,312.8009,2.1,99.5,79.9
4237,-22075.72,443.1071,2.25,100.0,80.0
4238,-22088.93,355.0115,2.12,99.7,80.1
4239,-22041.0,317.6831,2.18,100.0,80.0
4240,-22085.09,872.928,2.14,100.0,80.0
4241,-22006.54,973.1562,2.19,100.0,80.1
4242,-22145.14,1170.0564,2.17,99.8,80.2
4243,-22077.87,207.44,2.13,100.0,80.1
4244,-22097.96,375.258,2.23,100.0,80.2
4245,-22098.55,359.4724,2.15,100.0,80.3
4246,-22159.59,197.5904,2.15,95.9,79.1
4247,-22074.95,716.0278,2.19,100.0,79.1
4248,-22140.46,131.2684,2.2,100.0,79.0
4249,-22086.48,344.9284,2.1,99.1,78.8
4250,-22048.3,1027.8422,2.31,99.0,78.9
4251,-22135.45,360.8894,2.13,100.0,78.9
4252,-22071.14,388.2257,2.19,99.9,78.9
4253,-22152.15,587.3205,2.14,100.0,78.8
4254,-22159.45,432.6927,2.2,100.0,78.9
4255,-22154.83,378.4417,2.16,99.9,79.0
4256,-22081.39,2452.1561,2.18,100.0,78.9
4257,-22102.47,2055.6215,2.26,100.0,78.9
4258,-22125.09,294.8911,2.21,100.0,78.8
4259,-22112.03,838.4639,2.15,94.2,78.7
4260,-22086.69,1127.5865,2.19,100.0,78.6
4261,-22126.28,519.3737,2.18,100.0,78.7
4262,-22120.49,342.3152,2.11,100.0,78.8
4263,-22067.87,439.0058,2.16,99.4,78.8
4264,-22075.3,154.9549,2.19,100.0,78.8
4265,-22077.44,153.0034,2.16,100.0,78.8
4266,-22127.2,398.4797,2.08,100.0,78.8
4267,-22077.57,547.2888,2.2,100.0,78.9
4268,-22048.52,772.3869,2.13,100.0,79.0
4269,-22118.62,308.9393,2.21,100.0,78.9
4270,-22128.03,439.347,2.18,96.2,78.5
4271,-22032.97,1595.1173,2.26,100.0,78.5
4272,-22061.75,1201.1133,2.16,100.0,78.7
4273,-22079.64,1036.2328,2.14,100.0,78.7
4274,-22013.48,727.1294,2.19,100.0,78.7
4275,-22084.3,830.3723,2.15,100.0,78.8
4276,-22080.96,436.6159,2.18,100.0,78.9
4277,-22164.64,641.653,2.13,100.0,78.9
4278,-22146.85,651.5996,2.15,100.0,79.0
4279,-22130.13,647.8343,2.15,100.0,78.9
4280,-22105.43,373.0578,2.13,98.5,78.8
4281,-22128.87,219.958,2.19,100.0,78.8
4282,-22133.59,289.8334,2.23,100.0,78.8
4283,-22088.58,118.7863,2.15,99.4,78.5
4284,-22144.79,199.9136,2.22,98.5,78.6
4285,-22143.82,311.6906,2.17,100.0,78.6
4286,-22135.69,234.0661,2.21,100.0,78.7
4287,-22234.46,327.332,2.11,99.6,78.7
4288,-22236.5,203.6379,2.2,100.0,78.7
4289,-22206.9,583.104,2.22,100.0,77.9
4290,-22180.45,462.5545,2.14,99.3,77.8
4291,-22075.2,4124.6445,2.12,99.9,77.9
4292,-22201.08,638.8619,2.28,100.0,78.0
4293,-22225.63,756.6097,2.16,98.1,77.5
4294,-22176.22,200.7983,2.17,98.3,77.1
4295,-22115.5,348.314,2.2,100.0,77.2
4296,-22115.26,148.8543,2.2,100.0,77.2
4297,-22133.68,192.4969,2.14,95.7,76.4
4298,-22158.95,193.3736,2.29,100.0,76.5
4299,-22230.68,342.4519,2.14,100.0,76.3
4300,-22118.69,899.2119,2.17,100.0,75.9
4301,-22182.02,159.9364,2.14,97.2,75.8
4302,-22208.99,292.4982,2.19,100.0,75.8
4303,-22242.07,412.4276,2.18,100.0,76.0
4304,-22188.71,1994.971,2.13,100.0,75.8
4305,-22204.8,128.8388,2.27,100.0,75.9
4306,-22108.79,1619.5204,2.14,100.0,75.8
4307,-22259.68,1075.0319,2.17,100.0,75.9
4308,-22184.45,324.949,2.15,100.0,76.0
4309,-22089.66,1572.0455,2.25,100.0,76.0
4310,-22174.51,784.0659,2.15,99.6,76.1
4311,-22149.29,209.9078,2.09,100.0,76.2
4312,-22178.1,2439.9305,2.23,100.0,76.3
4313,-22175.3,175.8834,2.17,100.0,76.4
4314,-22145.96,112.0618,2.14,93.1,76.6
4315,-22301.71,927.8145,2.21,100.0,76.5
4316,-22101.69,816.2882,2.21,100.0,76.6
4317,-22253.19,1132.7735,2.13,100.0,76.6
4318,-22277.62,291.6365,2.2,99.5,76.6
4319,-22143.08,2304.9853,2.16,100.0,76.6
4320,-22196.95,516.7734,2.22,100.0,76.6
4321,-22176.04,632.1268,2.15,88.2,76.8
4322,-22162.72,288.6094,2.19,99.3,76.9
4323,-22160.22,270.2353,2.17,100.0,77.0
4324,-22189.15,173.5055,2.25,100.0,76.9
4325,-22192.43,192.4423,2.12,97.0,76.9
4326,-22167.46,297.6724,2.27,100.0,77.0
4327,-22193.61,218.8975,2.16,100.0,77.0
4328,-22224.55,252.6674,2.16,100.0,77.2
4329,-22158.43,401.4008,2.14,99.0,77.1
4330,-22099.16,236.0915,2.18,100.0,77.1
4331,-22159.54,186.7529,2.23,100.0,77.1
4332,-22061.12,314.0152,2.11,99.0,77.0
4333,-22231.93,1484.1743,2.2,99.4,77.0
4334,-22238.44,1189.6285,2.2,100.0,77.0
4335,-22200.04,275.487,2.15,100.0,76.9
4336,-22169.52,223.693,2.13,100.0,76.9
4337,-22173.29,119.3706,2.21,100.0,77.0
4338,-22112.08,201.2268,2.15,100.0,77.1
4339,-22136.48,371.4759,2.18,100.0,77.1
4340,-22177.45,355.4081,2.08,97.8,76.8
4341,-22121.39,110.8899,2.3,100.0,76.8
4342,-22092.47,794.4127,2.14,99.7,76.8
4343,-22178.34,554.5822,2.16,99.3,77.0
4344,-22193.86,114.9253,2.13,100.0,77.2
4345,-22164.62,281.3793,2.18,100.0,77.0
4346,-22184.24,267.729,2.14,100.0,77.0
4347,-22175.79,351.5385,2.15,100.0,77.0
4348,-22211.86,283.2053,2.16,100.0,77.0
4349,-22177.41,158.1852,2.22,100.0,77.1
4350,-22161.4,150.5385,2.16,91.1,77.1
4351,-22092.54,199.7237,2.21,99.9,77.2
4352,-22097.19,433.8119,2.15,100.0,77.3
4353,-22144.22,530.2722,2.19,100.0,77.2
4354,-22066.49,331.0125,2.13,98.9,77.3
4355,-22170.09,636.9416,2.16,100.0,77.4
4356,-22209.27,427.552,2.18,100.0,77.4
4357,-22171.61,608.0081,2.15,100.0,77.4
4358,-22193.86,390.6044,2.17,93.6,77.6
4359,-22207.38,141.0567,2.2,100.0,77.6
4360,-22234.37,380.8619,2.22,100.0,77.6
4361,-22213.37,883.9585,2.13,100.0,77.5
4362,-22144.84,3331.7072,2.21,100.0,77.6
4363,-22289.18,381.1893,2.15,100.0,77.7
4364,-22217.67,99.4064,2.18,100.0,77.8
4365,-22226.98,371.7943,2.12,95.6,77.8
4366,-22243.43,479.841,2.31,100.0,77.8
4367,-22241.07,466.9401,2.14,100.0,77.9
4368,-22179.12,1095.403,2.17,100.0,78.0
4369,-22268.09,431.3843,2.14,100.0,78.1
4370,-22276.19,274.5343,2.16,100.0,78.1
4371,-22245.5,140.4212,2.15,99.9,77.8
4372,-22299.35,1372.6207,2.15,100.0,77.9
4373,-22205.6,1596.8818,2.15,100.0,78.0
4374,-22200.02,936.6244,2.2,100.0,78.0
4375,-22278.62,381.2812,2.11,100.0,78.1
4376,-22203.75,1442.957,2.18,98.1,78.2
4377,-22205.39,1009.8083,2.16,100.0,78.2
4378,-22279.76,2255.6116,2.19,100.0,78.2
4379,-22266.33,841.3777,2.11,98.6,78.4
4380,-22072.96,1467.3818,2.17,100.0,78.4
4381,-22230.15,172.1206,2.15,100.0,78.4
4382,-22249.16,543.81,2.15,100.0,78.5
4383,-22269.95,562.5226,2.12,94.6,78.6
4384,-22286.96,292.8964,2.34,100.0,78.6
4385,-22212.81,685.3588,2.16,100.0,78.6
4386,-22225.93,1491.342,2.16,100.0,78.7
4387,-22156.86,594.4637,2.14,100.0,78.7
4388,-22090.3,308.3354,2.16,100.0,78.8
4389,-22200.3,1414.2088,2.16,100.0,78.8
4390,-22150.21,927.5999,2.17,100.0,78.9
4391,-22187.57,451.8648,2.18,99.8,78.9
4392,-22244.75,1767.774,2.18,100.0,79.0
4393,-22148.12,576.1461,2.18,100.0,79.1
4394,-22260.94,258.2595,2.13,100.0,79.1
4395,-22253.11,258.3649,2.24,100.0,79.1
4396,-22146.26,462.0482,2.15,98.1,79.1
4397,-22239.17,987.2918,2.19,100.0,79.2
4398,-22160.76,313.8839,2.18,100.0,79.2
4399,-22228.47,478.3876,2.19,100.0,79.2
4400,-22157.82,402.3817,2.18,100.0,79.3
4401,-22104.13,1487.9455,2.14,100.0,78.8
4402,-22145.25,180.7341,2.17,100.0,78.8
4403,-22204.7,867.6944,2.1,100.0,78.8
4404,-22158.13,136.4392,2.13,100.0,78.8
4405,-22180.62,90.3313,2.2,100.0,78.9
4406,-22166.78,771.4966,2.1,100.0,79.0
4407,-22232.1,153.5433,2.15,100.0,79.1
4408,-22105.09,1386.61,2.07,100.0,79.0
4409,-22171.47,363.6782,2.2,100.0,78.3
4410,-22084.41,384.9041,2.13,100.0,78.4
4411,-22102.01,317.0187,2.14,99.9,78.5
4412,-22061.12,544.4354,2.13,100.0,78.5
4413,-22193.91,1279.6202,2.19,100.0,78.4
4414,-22182.85,526.119,2.12,100.0,78.6
4415,-22089.87,767.6442,2.13,100.0,78.7
4416,-22164.79,440.7574,2.13,100.0,78.7
4417,-22163.79,125.5292,2.15,100.0,78.6
4418,-22116.48,260.9546,2.13,100.0,78.7
4419,-22157.63,378.2315,2.13,100.0,78.7
4420,-22185.71,714.0668,2.12,100.0,78.9
4421,-22089.63,183.1773,2.25,100.0,78.8
4422,-22146.68,97.2818,2.11,97.1,78.7
4423,-22126.56,295.128,2.25,100.0,78.7
4424,-22111.08,319.8597,2.19,100.0,78.7
4425,-22174.88,286.1915,2.18,100.0,78.6
4426,-22159.5,290.5294,2.19,100.0,78.7
4427,-22050.63,296.9774,2.16,100.0,78.6
4428,-22157.65,850.5282,2.21,100.0,78.7
4429,-22155.44,586.8714,2.13,98.2,78.8
4430,-22099.16,155.983,2.28,99.9,78.9
4431,-22070.33,250.2215,2.14,100.0,78.9
4432,-22089.01,276.8059,2.15,99.7,78.9
4433,-22198.32,1743.1497,2.15,100.0,78.8
4434,-22299.4,3953.265,2.23,100.0,78.9
4435,-22351.32,3567.6031,2.15,100.0,79.1
4436,-22333.46,2801.9551,2.21,100.0,79.1
4437,-22419.61,6394.8113,2.17,100.0,79.0
4438,-22365.47,3878.7167,2.22,100.0,79.0
4439,-22182.61,14100.1389,2.15,98.3,79.1
4440,-22333.3,1299.8048,2.19,100.0,79.1
4441,-22335.07,843.5924,2.21,100.0,78.2
4442,-22337.03,276.4847,2.13,96.8,77.2
4443,-22221.45,423.6665,2.25,100.0,77.3
4444,-22170.03,1470.8869,2.15,99.4,77.6
4445,-22309.28,2041.6968,2.19,100.0,77.6
4446,-22299.03,1167.1038,2.29,100.0,77.6
4447,-22245.2,1884.1868,2.14,100.0,77.6
4448,-22182.94,503.8795,2.18,100.0,77.6
4449,-22301.41,534.9991,2.14,100.0,77.7
4450,-22295.83,410.3548,2.27,100.0,77.7
4451,-22315.27,245.625,2.11,100.0,77.7
4452,-22267.9,719.5268,2.16,100.0,77.7
4453,-22207.89,585.3234,2.13,100.0,77.8
4454,-22133.41,408.3797,2.2,100.0,77.9
4455,-22176.15,264.8495,2.06,93.1,77.9
4456,-22249.92,1169.8354,2.27,100.0,77.9
4457,-22171.56,165.0011,2.15,100.0,78.0
4458,-22197.63,450.4554,2.14,100.0,77.9
4459,-22240.35,205.4741,2.15,97.7,78.1
4460,-22241.59,186.8489,2.2,100.0,77.7
4461,-22196.1,115.4796,2.2,100.0,77.6
4462,-22221.44,429.3579,2.1,97.5,77.6
4463,-22179.39,802.1362,2.2,100.0,77.8
4464,-22194.47,569.5173,2.15,100.0,77.8
4465,-22257.58,1952.9222,2.14,100.0,77.7
4466,-22258.84,1535.6961,2.28,99.4,78.6
4467,-22234.75,937.1048,2.17,100.0,78.5
4468,-22295.59,406.0,2.23,100.0,78.6
4469,-22250.15,1202.4146,2.12,100.0,78.6
4470,-22184.68,1269.0579,2.24,99.0,78.1
4471,-22204.52,611.8465,2.16,100.0,78.0
4472,-22170.48,483.3299,2.16,100.0,78.1
4473,-22113.93,257.7323,2.1,100.0,78.1
4474,-22089.53,407.2625,2.24,100.0,78.2
4475,-22139.74,620.2901,2.13,99.4,78.0
4476,-22103.14,418.7965,2.15,100.0,78.0
4477,-22116.08,810.4654,2.22,100.0,78.1
4478,-22113.91,302.4507,2.19,100.0,78.1
4479,-22115.36,997.0995,2.15,98.7,77.8
4480,-22137.5,253.748,2.13,100.0,77.9
4481,-22117.81,278.0911,2.3,100.0,78.0
4482,-22050.74,292.4133,2.18,99.4,77.8
4483,-22069.68,350.7103,2.13,98.0,77.8
4484,-22109.14,324.3822,2.15,100.0,77.8
4485,-22067.71,244.6785,2.16,100.0,77.8
4486,-22169.7,252.7242,2.14,98.9,77.8
4487,-22158.86,323.251,2.2,99.6,77.8
4488,-22157.05,640.6767,2.13,100.0,77.9
4489,-22119.42,153.7816,2.17,100.0,77.8
4490,-22236.66,953.6706,2.14,99.6,77.8
4491,-22134.99,861.7494,2.19,100.0,77.8
4492,-22175.4,341.4211,2.16,100.0,77.8
4493,-22171.64,422.2558,2.17,100.0,77.8
4494,-22153.77,430.6917,2.16,96.6,78.0
4495,-22119.58,1666.9173,2.26,100.0,78.0
4496,-22206.82,327.1535,2.2,99.5,77.8
4497,-22220.09,130.5181,2.13,100.0,77.9
4498,-22185.6,225.1013,2.26,100.0,77.8
4499,-22203.88,170.4999,2.14,100.0,77.9
4500,-22163.44,525.2276,2.15,99.9,77.9
4501,-22176.96,238.3234,2.05,100.0,78.1
4502,-22170.32,85.9547,2.35,100.0,78.2
4503,-22089.37,1555.1606,2.18,98.9,78.1
4504,-22150.98,130.4931,2.16,97.3,78.2
4505,-22114.24,278.3248,2.16,100.0,78.2
4506,-22185.8,901.7108,2.18,100.0,78.2
4507,-22192.88,445.1553,2.13,94.3,78.2
4508,-22127.73,346.9742,2.31,99.8,78.4
4509,-22168.76,501.151,2.14,100.0,78.3
4510,-22186.18,434.5939,2.15,100.0,78.4
4511,-22079.67,1274.1767,2.15,99.8,78.5
4512,-22155.07,1861.319,2.27,100.0,78.4
4513,-22132.46,1613.155,2.16,100.0,78.5
4514,-22170.92,239.6572,2.15,100.0,78.6
4515,-22178.26,673.0336,2.14,100.0,78.6
4516,-22242.85,238.4497,2.2,100.0,78.8
4517,-22121.95,956.5195,2.14,95.9,78.7
4518,-22091.68,812.7774,2.16,100.0,78.8
4519,-22175.57,717.1158,2.16,100.0,78.6
4520,-22177.36,328.9365,2.17,100.0,78.8
4521,-22162.19,173.4122,2.12,96.2,78.7
4522,-22169.89,75.4482,2.22,100.0,78.8
4523,-22128.84,290.4925,2.14,100.0,78.7
4524,-22220.32,613.3229,2.15,100.0,78.9
4525,-22163.09,1739.5108,2.14,98.4,79.0
4526,-22186.14,168.1939,2.21,100.0,78.9
4527,-22135.34,2292.5667,2.22,100.0,79.0
4528,-22130.49,234.3412,2.15,92.5,79.2
4529,-22099.56,432.9845,2.29,99.3,79.4
4530,-22166.26,220.639,2.14,100.0,79.2
4531,-22166.15,238.5883,2.15,100.0,79.1
4532,-22136.15,252.6288,2.12,100.0,79.3
4533,-22146.98,303.8847,2.19,100.0,79.3
4534,-22147.2,301.5669,2.17,100.0,79.4
4535,-22204.06,278.7788,2.12,100.0,79.4
4536,-22237.9,396.0681,2.15,95.6,79.5
4537,-22113.93,1244.2933,2.22,100.0,79.6
4538,-22161.4,657.3071,2.17,100.0,79.8
4539,-22175.89,727.8273,2.14,100.0,79.8
4540,-22160.17,70.5111,2.23,100.0,79.9
4541,-22251.16,965.7359,2.15,100.0,80.1
4542,-22140.35,624.2106,2.21,100.0,80.3
4543,-22213.85,1218.8792,2.18,100.0,80.4
4544,-22224.81,1004.2679,2.18,100.0,80.4
4545,-22178.33,237.4946,2.15,100.0,80.5
4546,-22168.7,407.6073,2.14,100.0,80.6
4547,-22207.27,143.193,2.15,100.0,80.6
4548,-22170.83,220.731,2.2,100.0,80.7
4549,-22149.83,518.1059,2.12,89.2,80.8
4550,-22173.49,142.9727,2.26,100.0,80.9
4551,-22148.88,85.0033,2.16,100.0,80.8
4552,-22186.67,441.4547,2.14,100.0,80.8
4553,-22141.74,141.7045,2.17,98.2,81.1
4554,-22145.41,687.8575,2.19,100.0,81.0
4555,-22113.09,263.5926,2.2,100.0,81.1
4556,-22131.69,176.8413,2.13,100.0,81.2
4557,-22196.02,351.3121,2.14,99.9,81.2
4558,-22242.0,885.8694,2.15,100.0,81.2
4559,-22199.39,254.0467,2.16,100.0,81.2
4560,-22192.19,343.2667,2.09,99.5,81.4
4561,-22163.77,401.0834,2.26,100.0,81.6
4562,-22168.26,144.444,2.12,100.0,81.6
4563,-22132.75,138.5738,2.19,98.7,81.4
4564,-22130.94,83.8313,2.15,100.0,81.6
4565,-22212.07,370.3727,2.2,100.0,81.6
4566,-22208.27,154.7474,2.16,99.0,81.7
4567,-22172.53,644.983,2.13,100.0,81.9
4568,-22143.08,595.3445,2.14,100.0,81.9
4569,-22167.58,205.6552,2.28,100.0,81.9
4570,-22187.55,120.6717,2.17,91.9,82.0
4571,-22213.99,465.9905,2.23,100.0,82.2
4572,-22131.54,1224.5399,2.21,100.0,82.2
4573,-22094.26,965.6043,2.12,100.0,82.2
4574,-22104.68,296.438,2.15,97.3,82.4
4575,-22206.95,394.4041,2.19,100.0,82.5
4576,-22206.91,1001.3791,2.16,100.0,82.5
4577,-22201.71,299.5646,2.1,100.0,82.4
4578,-22220.18,1205.9725,2.19,100.0,82.1
4579,-22199.1,830.4037,2.15,100.0,82.2
4580,-22155.96,514.4752,2.23,100.0,82.2
4581,-22084.16,757.767,2.12,88.7,82.1
4582,-22140.3,930.793,2.21,100.0,81.5
4583,-22139.78,364.5737,2.15,99.9,81.5
4584,-22111.81,319.3778,2.16,100.0,81.6
4585,-22193.82,766.7709,2.19,100.0,81.7
4586,-22110.94,95.1993,2.12,100.0,81.7
4587,-22107.54,300.0728,2.27,100.0,81.7
4588,-22215.23,728.5131,2.21,96.6,81.9
4589,-22144.15,394.4749,2.22,99.4,81.8
4590,-22156.55,1132.5137,2.15,100.0,81.8
4591,-22139.83,325.0782,2.21,100.0,81.9
4592,-22183.15,501.6189,2.12,91.8,82.1
4593,-22135.07,488.6372,2.29,100.0,82.0
4594,-22109.42,387.3003,2.14,100.0,82.0
4595,-22156.67,253.078,2.17,100.0,82.1
4596,-22167.1,303.5394,2.19,99.1,82.1
4597,-22091.57,844.008,2.16,100.0,82.0
4598,-22182.39,692.8488,2.24,100.0,81.1
4599,-22103.27,305.6095,2.09,96.3,81.2
4600,-22126.01,460.7428,2.29,99.6,81.4
4601,-22136.32,284.0534,2.2,100.0,81.2
4602,-22131.96,335.0297,2.13,100.0,81.2
4603,-22194.6,512.0423,2.17,100.0,81.4
4604,-22191.26,258.3278,2.23,100.0,81.5
4605,-22148.42,868.765,2.11,98.0,81.3
4606,-22119.35,939.9173,2.14,100.0,81.5
4607,-22128.57,667.5656,2.24,100.0,81.6
4608,-22194.11,680.615,2.16,100.0,81.6
4609,-22086.39,467.0226,2.15,99.2,81.6
4610,-22146.14,342.3297,2.14,100.0,81.6
4611,-22095.92,494.7985,2.13,100.0,81.0
4612,-22073.83,141.143,2.1,91.5,81.2
4613,-22093.49,200.7105,2.17,100.0,81.3
4614,-22214.68,1733.8933,2.26,100.0,81.2
4615,-22192.61,1013.4112,2.07,99.3,81.1
4616,-22186.1,186.3871,2.15,97.4,81.3
4617,-22134.86,461.3854,2.16,100.0,81.3
4618,-22182.96,209.6552,2.2,100.0,81.3
4619,-22190.27,432.1878,2.12,98.6,81.3
4620,-22235.13,178.3083,2.26,100.0,81.4
4621,-22171.13,447.4891,2.14,100.0,81.5
4622,-22173.24,158.1634,2.17,100.0,81.4
4623,-22223.56,587.6914,2.13,100.0,81.4
4624,-22243.57,635.6709,2.19,100.0,81.5
4625,-22335.68,1094.4761,2.17,100.0,81.5
4626,-22190.16,389.6348,2.14,99.0,81.5
4627,-22423.84,1001.0244,2.36,100.0,81.5
4628,-22178.5,1409.4006,2.14,100.0,81.6
4629,-22213.14,826.782,2.2,98.5,81.0
4630,-22185.81,1357.3831,2.06,99.9,81.2
4631,-22187.14,97.47,2.3,100.0,81.2
4632,-22181.91,159.6839,2.18,99.4,81.3
4633,-22183.64,277.1905,2.18,95.2,81.2
4634,-22254.81,353.8674,2.16,100.0,81.4
4635,-22250.78,576.4447,2.2,100.0,81.3
4636,-22231.96,391.7392,2.14,97.1,81.3
4637,-22218.51,491.6185,2.25,99.6,81.4
4638,-22125.29,442.5046,2.16,100.0,81.4
4639,-22164.87,187.6076,2.22,100.0,81.4
4640,-22039.27,198.0763,2.11,97.8,81.3
4641,-22106.14,528.2628,2.24,100.0,81.4
4642,-22087.63,298.8238,2.15,100.0,81.5
4643,-22137.19,332.4374,2.14,100.0,81.3
4644,-22090.26,341.0664,2.17,95.7,81.2
4645,-22025.91,744.2385,2.24,100.0,81.2
4646,-22163.92,480.7025,2.14,97.6,81.4
4647,-22126.02,129.5922,2.14,100.0,81.1
4648,-22013.18,1451.3912,2.18,100.0,81.1
4649,-22151.8,131.9401,2.17,100.0,81.3
4650,-22150.09,119.4089,2.21,100.0,81.3
4651,-22183.8,145.4319,2.06,99.9,81.6
4652,-22085.26,438.3245,2.29,100.0,81.8
4653,-22146.87,604.8126,2.2,99.4,81.9
4654,-22124.71,192.0903,2.15,98.6,82.0
4655,-22117.35,451.3552,2.17,100.0,82.2
4656,-22097.87,183.3966,2.2,100.0,82.1
4657,-22193.86,369.4268,2.14,96.6,82.2
4658,-22176.62,215.1674,2.28,100.0,82.3
4659,-22164.58,128.5927,2.12,100.0,82.5
4660,-22157.84,201.7562,2.18,100.0,82.4
4661,-22223.95,942.4167,2.1,97.6,82.3
4662,-22211.79,447.2744,2.17,100.0,82.5
4663,-22200.91,73.4543,2.2,100.0,82.5
4664,-22102.01,953.9024,2.14,99.9,82.6
4665,-22141.25,368.5135,2.14,93.3,82.6
4666,-22110.87,208.5927,2.24,100.0,82.5
4667,-22125.05,871.9337,2.18,99.9,82.2
4668,-22061.37,1138.7911,2.13,100.0,82.2
4669,-22134.88,839.4337,2.21,100.0,82.1
4670,-22088.87,236.3126,2.15,100.0,82.2
4671,-22123.15,129.4849,2.17,100.0,82.1
4672,-22147.61,489.8195,2.07,99.1,82.1
4673,-22102.01,457.3551,2.26,100.0,82.1
4674,-22054.14,1630.3814,2.19,98.8,82.0
4675,-22121.1,189.1194,2.15,98.9,82.2
4676,-22080.59,106.3129,2.18,100.0,82.3
4677,-22125.21,444.877,2.18,100.0,82.2
4678,-22089.45,138.7605,2.11,92.8,82.5
4679,-22099.81,64.8788,2.26,100.0,82.5
4680,-22109.47,235.7992,2.15,100.0,82.5
4681,-22163.72,472.2108,2.19,100.0,82.4
4682,-22138.76,383.4126,2.15,97.1,82.6
4683,-22216.73,303.3344,2.15,100.0,82.7
4684,-22161.7,218.191,2.23,100.0,82.7
4685,-22136.28,288.3671,2.14,100.0,82.7
4686,-22111.32,206.2174,2.23,100.0,82.7
4687,-22138.49,101.9281,2.16,100.0,82.9
4688,-22114.5,149.9048,2.13,100.0,83.4
4689,-22163.82,205.6336,2.11,98.7,82.9
4690,-22064.24,649.2359,2.28,100.0,82.9
4691,-22039.79,1174.8425,2.15,99.7,83.0
4692,-22074.83,331.7967,2.13,99.8,82.7
4693,-22141.34,801.8884,2.23,100.0,82.7
4694,-22053.75,205.9198,2.14,100.0,82.6
4695,-22206.99,1169.5791,2.17,100.0,82.7
4696,-22157.12,439.4311,2.13,100.0,82.8
4697,-22163.37,572.5616,2.29,100.0,82.9
4698,-22161.22,173.5576,2.18,98.1,83.2
4699,-22109.83,201.8197,2.19,100.0,83.1
4700,-22091.56,191.2515,2.18,100.0,83.2
4701,-22108.64,624.9471,2.17,100.0,83.2
4702,-22145.46,353.7638,2.16,95.8,83.3
4703,-22029.34,533.4382,2.18,100.0,83.3
4704,-22107.69,225.2442,2.16,100.0,83.3
4705,-22110.28,166.8272,2.13,100.0,83.5
4706,-22090.24,92.9545,2.18,99.7,83.5
4707,-22127.13,220.7807,2.14,100.0,83.5
4708,-22122.07,555.3649,2.19,99.5,83.5
4709,-22075.36,653.0923,2.11,100.0,83.5
4710,-22144.4,103.5191,2.19,100.0,83.7
4711,-22138.13,197.6498,2.17,100.0,83.7
4712,-22186.7,345.7077,2.19,100.0,83.7
4713,-22131.6,121.9553,2.11,99.3,83.7
4714,-22095.09,245.2535,2.24,100.0,83.8
4715,-22132.51,355.1286,2.17,95.8,83.9
4716,-22144.16,137.8094,2.17,98.8,83.8
4717,-22121.66,324.9948,2.17,100.0,83.9
4718,-22104.47,208.8617,2.19,100.0,84.0
4719,-22092.87,168.3675,2.08,93.4,84.0
4720,-22046.48,254.7476,2.15,100.0,84.0
4721,-22041.1,349.8434,2.17,100.0,84.2
4722,-22097.42,366.7251,2.2,100.0,84.2
4723,-22102.9,144.135,2.19,97.8,85.0
4724,-22109.42,381.9359,2.13,100.0,85.1
4725,-22099.36,358.4987,2.19,100.0,85.1
4726,-22125.3,268.9026,2.21,100.0,84.8
4727,-22050.41,90.0218,2.14,93.1,84.5
4728,-22118.7,444.6438,2.2,100.0,84.6
4729,-22070.74,112.54,2.22,100.0,84.7
4730,-22025.17,240.7114,2.14,98.3,84.4
4731,-22086.49,284.963,2.21,99.3,84.4
4732,-22118.94,586.023,2.22,100.0,84.5
4733,-22038.19,320.0306,2.2,100.0,84.6
4734,-22111.78,106.8022,2.11,98.6,84.6
4735,-22059.57,256.4813,2.19,100.0,84.7
4736,-22056.07,114.4625,2.17,100.0,84.7
4737,-22104.27,406.0838,2.12,98.8,84.6
4738,-22150.66,511.6245,2.13,95.3,84.7
4739,-22093.49,153.0308,2.2,100.0,84.7
4740,-22143.29,89.4035,2.19,99.3,84.1
4741,-22139.35,778.6891,2.13,100.0,84.2
4742,-22084.77,184.0076,2.25,99.7,84.3
4743,-22148.52,274.4685,2.13,100.0,84.2
4744,-22136.22,133.5941,2.19,99.0,84.3
4745,-22156.13,423.8284,2.2,100.0,84.3
4746,-22096.21,308.1204,2.23,100.0,84.4
4747,-22039.15,1372.2911,2.18,98.9,84.6
4748,-22088.77,170.2404,2.15,99.5,84.2
4749,-22128.5,179.1869,2.14,100.0,84.2
4750,-22069.0,136.3565,2.2,100.0,84.4
4751,-22066.56,41.2652,2.1,90.7,84.6
4752,-22086.4,191.1513,2.27,100.0,84.5
4753,-22115.86,179.8473,2.17,100.0,84.6
4754,-22124.59,155.3854,2.13,100.0,84.0
4755,-22096.69,212.695,2.12,97.4,84.7
4756,-22104.66,121.0576,2.23,100.0,84.5
4757,-22099.9,122.4809,2.15,99.8,84.6
4758,-22095.27,81.6263,2.19,100.0,83.6
4759,-22237.08,711.1975,2.19,100.0,83.5
4760,-22140.2,449.1463,2.14,100.0,83.7
4761,-22187.51,311.2969,2.13,100.0,83.5
4762,-22112.11,669.2953,2.21,100.0,83.5
4763,-22105.55,77.5581,2.15,100.0,83.6
4764,-22119.72,188.6987,2.13,100.0,83.6
4765,-22196.52,382.7512,2.2,100.0,83.6
4766,-22132.32,349.1127,2.16,100.0,83.7
4767,-22095.67,539.5008,2.15,100.0,83.7
4768,-22094.46,439.4141,2.1,100.0,83.6
4769,-22177.39,1451.7162,2.28,100.0,83.6
4770,-22156.53,628.4358,2.13,98.7,83.8
4771,-22141.45,261.0532,2.15,99.1,83.9
4772,-22110.49,618.6908,2.14,100.0,84.0
4773,-22131.46,199.7422,2.2,100.0,83.8
4774,-22128.6,88.0604,2.12,96.8,83.5
4775,-22095.52,121.5741,2.25,100.0,83.6
4776,-22072.71,48.8224,2.15,100.0,83.7
4777,-22078.27,244.1514,2.18,100.0,83.7
4778,-22114.59,125.5009,2.12,100.0,83.7
4779,-22169.4,424.2239,2.22,100.0,83.7
4780,-22200.28,474.5815,2.16,100.0,83.8
4781,-22210.8,245.733,2.12,100.0,83.9
4782,-22220.24,215.8496,2.17,99.0,83.9
4783,-22215.61,537.4391,2.18,100.0,83.9
4784,-22165.67,359.1683,2.14,99.9,83.9
4785,-22160.05,379.4219,2.15,100.0,84.1
4786,-22117.05,149.8425,2.27,100.0,84.1
4787,-22186.25,623.4189,2.13,100.0,84.0
4788,-22131.56,233.2293,2.16,100.0,84.2
4789,-22176.14,155.6505,2.16,100.0,84.2
4790,-22051.08,754.4099,2.26,100.0,84.3
4791,-22156.57,311.7129,2.11,99.5,84.3
4792,-22147.1,210.271,2.13,99.8,84.3
4793,-22205.55,370.4708,2.16,100.0,84.5
4794,-22138.88,699.62,2.18,100.0,84.5
4795,-22169.58,789.4837,2.11,95.4,84.6
4796,-22078.81,1549.6984,2.27,100.0,84.4
4797,-22109.95,1944.6195,2.13,100.0,84.6
4798,-22065.26,1221.6576,2.17,100.0,84.6
4799,-22013.87,608.2959,2.14,100.0,84.7
4800,-22135.34,1111.3177,2.18,100.0,84.7
4801,-22113.88,794.4908,2.15,100.0,84.7
4802,-22150.67,319.9866,2.12,100.0,84.7
4803,-22110.94,433.7132,2.14,99.3,84.8
4804,-22141.01,270.4183,2.15,100.0,84.4
4805,-22142.7,113.3504,2.23,100.0,84.4
4806,-22117.25,696.1888,2.11,100.0,84.4
4807,-22092.83,758.7931,2.31,99.5,84.7
4808,-22096.44,652.6467,2.14,100.0,84.7
4809,-22060.35,404.7409,2.1,99.2,84.9
4810,-22084.91,1075.9288,2.14,100.0,84.9
4811,-22090.82,114.0203,2.26,100.0,84.9
4812,-22026.84,483.3208,2.11,99.7,85.0
4813,-22099.94,313.2389,2.19,99.5,85.2
4814,-22023.23,249.3563,2.16,100.0,85.2
4815,-22049.94,239.1362,2.26,100.0,85.2
4816,-22101.33,406.7837,2.13,99.1,85.2
4817,-22099.07,350.0118,2.16,100.0,85.4
4818,-22171.89,876.3723,2.18,100.0,85.5
4819,-22022.57,875.5199,2.17,100.0,85.5
4820,-22122.62,122.0386,2.14,98.4,85.4
4821,-22110.54,165.2766,2.31,100.0,85.6
4822,-22114.21,515.8977,2.17,100.0,85.8
4823,-22089.42,371.1031,2.15,100.0,85.8
4824,-22058.58,1100.1768,2.22,100.0,85.7
4825,-22064.72,456.7731,2.13,100.0,85.6
4826,-22090.72,602.352,2.12,100.0,85.4
4827,-22157.79,693.7199,2.23,100.0,85.9
4828,-22173.02,373.8979,2.14,100.0,85.7
4829,-22064.58,1012.8056,2.13,99.3,85.6
4830,-22102.25,588.8704,2.14,100.0,85.7
4831,-22040.83,1468.1844,2.18,100.0,85.3
4832,-22141.79,294.4796,2.1,99.9,85.5
4833,-22211.76,756.0547,2.13,100.0,85.3
4834,-22116.69,219.3836,2.21,100.0,85.4
4835,-22148.66,95.4977,2.14,100.0,85.4
4836,-22196.86,733.1638,2.15,100.0,85.5
4837,-22191.21,657.3791,2.14,100.0,85.5
4838,-22154.58,616.3107,2.16,100.0,85.4
4839,-22163.78,371.2532,2.17,100.0,85.5
4840,-22146.25,770.6152,2.09,99.9,85.6
4841,-22091.03,116.5024,2.17,99.4,85.7
4842,-22082.84,178.8688,2.23,100.0,85.6
4843,-22154.14,264.1031,2.13,99.6,85.6
4844,-22113.52,277.753,2.16,100.0,85.7
4845,-22089.53,370.969,2.14,100.0,85.8
4846,-22121.39,352.353,2.18,100.0,85.8
4847,-22131.13,326.7388,2.12,99.6,85.8
4848,-22106.78,515.5891,2.13,100.0,85.8
4849,-22153.25,853.3162,2.18,100.0,85.9
4850,-22178.83,639.3698,2.17,100.0,85.9
4851,-22161.84,212.0659,2.14,92.1,86.0
4852,-22128.61,234.4756,2.19,100.0,86.1
4853,-22123.89,321.0382,2.2,100.0,86.1
4854,-22176.83,272.176,2.1,100.0,85.7
4855,-22169.97,375.7793,2.18,98.1,86.1
4856,-22083.76,319.1193,2.2,100.0,86.2
4857,-22082.22,168.5191,2.17,100.0,86.1
4858,-22120.67,332.7041,2.14,100.0,86.2
4859,-22159.09,281.1022,2.15,100.0,86.4
4860,-22098.04,230.5416,2.13,100.0,86.5
4861,-22186.99,467.1199,2.19,100.0,86.5
4862,-22122.96,192.5471,2.16,96.2,86.7
4863,-22142.03,102.4104,2.22,99.9,86.8
4864,-22198.36,289.9432,2.16,100.0,86.9
4865,-22188.16,97.6539,2.17,100.0,86.8
4866,-22107.61,449.5004,2.13,100.0,86.7
4867,-22201.99,309.486,2.18,100.0,86.8
4868,-22140.78,1037.7728,2.16,100.0,86.7
4869,-22182.85,421.567,2.14,100.0,86.9
4870,-22104.57,180.6281,2.12,99.9,87.2
4871,-22128.79,196.5774,2.2,100.0,87.2
4872,-22075.3,408.65,2.14,99.6,87.3
4873,-22180.08,400.0464,2.14,99.0,87.3
4874,-22153.58,193.0021,2.38,100.0,87.4
4875,-22115.96,197.316,2.18,99.6,87.1
4876,-22214.0,330.8808,2.15,96.3,87.1
4877,-22161.03,177.341,2.17,100.0,87.1
4878,-22185.41,104.2976,2.18,100.0,87.2
4879,-22103.27,667.99,2.13,97.3,87.1
4880,-22223.55,720.5207,2.18,99.0,87.1
4881,-22168.21,545.6462,2.14,100.0,87.3
4882,-22033.84,1103.3842,2.28,100.0,87.3
4883,-22202.75,400.7541,2.15,88.8,87.3
4884,-22086.6,510.3701,2.22,98.9,87.4
4885,-22191.34,840.8385,2.18,100.0,87.3
4886,-22189.33,223.6185,2.18,100.0,87.4
4887,-22262.41,1212.7048,2.12,100.0,87.5
4888,-22231.49,407.6959,2.23,100.0,87.6
4889,-22120.88,1516.2447,2.17,100.0,87.2
4890,-22195.04,374.3682,2.21,99.0,87.2
4891,-22056.64,640.5622,2.2,100.0,87.3
4892,-22221.45,813.7238,2.25,100.0,87.4
4893,-22152.57,326.4506,2.13,99.0,87.4
4894,-22193.93,619.5634,2.12,98.9,87.5
4895,-22210.55,171.9786,2.16,100.0,87.4
4896,-22232.02,345.3371,2.15,100.0,86.4
4897,-22161.06,276.3154,2.12,100.0,86.4
4898,-22173.98,285.2986,2.19,100.0,86.6
4899,-22181.18,325.5247,2.16,100.0,86.7
4900,-22174.21,103.6976,2.15,100.0,86.8
4901,-22213.99,480.3782,2.17,100.0,86.7
4902,-22253.4,507.5116,2.14,100.0,86.7
4903,-22233.01,410.5038,2.2,100.0,86.7
4904,-22182.62,880.4762,2.13,98.5,86.8
4905,-22244.17,286.7931,2.17,100.0,86.9
4906,-22093.88,520.1813,2.27,100.0,86.9
4907,-22148.5,319.2954,2.13,97.7,87.0
4908,-22188.85,277.3006,2.16,94.8,87.2
4909,-22235.48,434.36,2.16,100.0,87.1
4910,-22238.54,261.5319,2.21,100.0,87.0
4911,-22199.94,319.8845,2.14,98.9,87.2
4912,-22161.23,508.4893,2.23,100.0,87.2
4913,-22259.42,416.4345,2.15,100.0,87.3
4914,-22149.71,956.9019,2.19,100.0,87.3
4915,-22175.53,437.6578,2.13,95.0,86.9
4916,-22092.92,212.0206,2.24,100.0,87.0
4917,-22181.67,366.5298,2.17,100.0,87.0
4918,-22179.33,292.8257,2.14,98.8,87.0
4919,-22124.22,545.0736,2.14,100.0,87.1
4920,-22169.28,774.8432,2.2,100.0,87.1
4921,-22093.74,612.6354,2.15,99.1,87.4
4922,-22064.22,978.607,2.18,100.0,87.3
4923,-22134.32,630.1255,2.15,100.0,87.3
4924,-22189.98,1590.4235,2.25,100.0,87.3
4925,-22260.35,1902.5356,2.13,98.5,87.4
4926,-22166.1,333.3748,2.16,100.0,87.6
4927,-22179.33,314.7073,2.2,100.0,87.6
4928,-22185.34,211.3791,2.12,99.4,87.6
4929,-22179.33,111.6186,2.15,96.1,87.7
4930,-22179.33,88.9404,2.18,100.0,87.7
4931,-22171.58,277.8631,2.16,100.0,87.7
4932,-22109.02,641.1681,2.18,100.0,87.7
4933,-22149.71,991.3258,2.22,100.0,87.8
4934,-22185.19,299.8052,2.16,100.0,87.8
4935,-22050.72,1799.9725,2.16,100.0,88.0
4936,-22133.99,235.0464,2.19,100.0,88.0
4937,-22191.51,697.7796,2.15,100.0,88.0
4938,-22171.41,261.3304,2.23,100.0,88.0
4939,-22085.16,1709.7735,2.12,94.1,88.1
4940,-22149.04,101.6387,2.18,100.0,87.4
4941,-22068.47,401.7586,2.12,100.0,87.5
4942,-22218.41,1583.2537,2.23,100.0,87.5
4943,-22205.88,660.9082,2.16,100.0,87.7
4944,-22104.66,724.1837,2.15,99.6,87.8
4945,-22128.15,191.6294,2.15,100.0,87.9
4946,-22209.0,294.4933,2.27,100.0,88.0
4947,-22227.25,389.1126,2.17,95.0,88.0
4948,-22130.8,1187.4085,2.2,99.8,88.1
4949,-22054.01,2439.7719,2.17,100.0,88.2
4950,-22118.11,649.0737,2.17,100.0,88.3
4951,-22090.52,649.4379,2.15,100.0,88.2
4952,-22102.84,284.9883,2.2,100.0,88.3
4953,-22202.75,1529.9414,2.15,100.0,88.4
4954,-22162.9,663.6131,2.16,100.0,88.4
4955,-22180.48,398.2417,2.17,97.0,88.8
4956,-22223.68,169.7562,2.31,100.0,88.2
4957,-22214.94,180.862,2.13,99.8,88.6
4958,-22158.46,113.3758,2.15,100.0,88.7
4959,-22163.79,170.8917,2.18,100.0,88.6
4960,-22172.82,526.9354,2.17,100.0,88.6
4961,-22119.06,1355.9656,2.21,100.0,88.5
4962,-22130.53,300.1679,2.12,100.0,88.2
4963,-22182.03,1137.6348,2.3,100.0,88.3
4964,-22185.29,684.4721,2.22,99.0,88.4
4965,-22128.75,1647.4226,2.13,96.0,88.4
4966,-22120.21,1784.9721,2.23,100.0,88.4
4967,-22130.19,341.1583,2.21,100.0,88.4
4968,-22183.61,1201.2889,2.12,97.0,88.5
4969,-22160.47,212.9654,2.2,99.5,88.6
4970,-22065.02,603.1019,2.18,100.0,88.6
4971,-22127.29,490.7128,2.17,100.0,88.5
4972,-22126.18,959.3829,2.13,100.0,88.5
4973,-22127.54,458.3326,2.22,100.0,88.6
4974,-22149.39,326.0226,2.15,100.0,88.7
4975,-22137.0,784.5399,2.19,100.0,88.7
4976,-22124.69,220.4163,2.08,100.0,88.7
4977,-22133.26,313.6617,2.23,100.0,88.8
4978,-22144.7,453.4198,2.17,98.7,88.8
4979,-22177.54,1832.2692,2.16,98.5,88.8
4980,-22142.92,277.6559,2.27,100.0,89.5
4981,-22111.51,309.2277,2.18,100.0,89.5
4982,-22118.81,104.264,2.17,100.0,89.4
4983,-22226.27,1387.531,2.19,99.3,88.5
4984,-22193.46,537.8547,2.13,100.0,88.5
4985,-22065.48,675.3321,2.25,100.0,88.6
4986,-22149.55,122.2288,2.12,100.0,88.3
4987,-22186.58,163.0113,2.22,99.4,88.2
4988,-22198.2,833.0424,2.19,100.0,88.3
4989,-22150.16,892.7177,2.17,100.0,88.2
4990,-22136.74,698.0675,2.13,100.0,88.3
4991,-22091.47,744.8911,2.26,100.0,88.4
4992,-22111.2,220.9057,2.15,99.9,88.3
4993,-22147.97,643.4904,2.17,99.8,88.2
4994,-22110.16,674.5159,2.16,100.0,88.2
4995,-22174.21,871.0659,2.21,100.0,88.2
4996,-22182.68,125.214,2.17,99.7,88.1
4997,-22197.28,247.9385,2.16,94.2,88.0
4998,-22247.16,180.8044,2.23,100.0,88.1
4999,-22286.48,476.294,2.23,100.0,88.2
5000,-22229.46,625.0498,2.12,98.2,87.9
5001,-22221.68,507.7956,2.2,98.2,88.0
5002,-22282.83,263.1116,2.19,100.0,88.1
5003,-22233.35,263.61,2.21,100.0,88.2
5004,-22261.52,128.1777,2.13,100.0,87.7
5005,-22219.62,200.7827,2.22,100.0,87.9
5006,-22208.08,134.3557,2.19,100.0,87.9
5007,-22264.97,211.5282,2.14,100.0,87.9
5008,-22190.02,331.9656,2.14,99.4,87.7
5009,-22181.82,589.1425,2.3,100.0,87.7
5010,-22187.24,280.5217,2.12,100.0,87.8
5011,-22220.95,397.3777,2.16,98.7,87.9
5012,-22224.36,168.5233,2.12,100.0,87.8
5013,-22228.21,174.8772,2.19,100.0,87.8
5014,-22192.61,354.9245,2.14,98.3,87.9
5015,-22208.22,244.7947,2.27,100.0,87.9
5016,-22287.52,346.117,2.13,100.0,88.0
5017,-22223.9,125.7294,2.2,100.0,87.9
5018,-22192.7,190.5881,2.11,99.9,88.0
5019,-22207.66,69.79,2.22,100.0,88.2
5020,-22208.95,110.4266,2.16,100.0,88.2
5021,-22194.46,395.7058,2.15,99.8,88.1
5022,-22269.41,587.2918,2.14,100.0,88.2
5023,-22247.02,219.9581,2.26,100.0,88.2
5024,-22162.86,701.9661,2.17,97.9,88.3
5025,-22190.03,485.7937,2.17,97.5,88.4
5026,-22229.14,68.0629,2.19,100.0,88.3
5027,-22229.14,45.4471,2.18,100.0,88.4
5028,-22215.24,90.4333,2.17,98.2,88.6
5029,-22272.67,376.9179,2.21,99.4,88.6
5030,-22222.77,191.3971,2.18,100.0,88.6
5031,-22235.36,805.7127,2.23,100.0,88.5
5032,-22221.56,1188.25,2.12,95.5,88.7
5033,-22204.12,619.3114,2.3,100.0,88.8
5034,-22162.79,737.2857,2.16,100.0,88.9
5035,-22176.32,1630.4008,2.16,97.2,88.8
5036,-22176.05,490.3818,2.19,100.0,89.0
5037,-22252.7,618.5544,2.24,100.0,88.8
5038,-22176.32,1050.0702,2.17,99.6,88.8
5039,-22249.02,194.2539,2.15,98.5,88.9
5040,-22243.53,146.8447,2.16,100.0,89.0
5041,-22182.96,420.3809,2.22,100.0,89.0
5042,-22225.37,78.1642,2.12,89.8,89.0
5043,-22245.95,557.9797,2.13,94.3,89.0
5044,-22283.66,321.2499,2.22,100.0,89.1
5045,-22227.94,536.9836,2.17,100.0,89.1
5046,-22176.93,430.614,2.15,99.4,89.2
5047,-22243.65,308.0329,2.25,99.7,89.2
5048,-22255.0,214.8526,2.15,100.0,89.3
5049,-22227.41,152.0191,2.15,99.4,89.3
5050,-22196.32,883.7557,2.13,100.0,89.3
5051,-22224.99,239.3384,2.29,100.0,89.5
5052,-22178.36,934.6301,2.17,100.0,89.6
5053,-22201.61,453.4319,2.19,95.2,89.1
5054,-22196.72,129.2717,2.14,100.0,89.1
5055,-22170.85,242.5709,2.13,100.0,89.1
5056,-22252.83,553.5919,2.12,100.0,89.0
5057,-22185.39,499.7011,2.18,100.0,88.9
5058,-22174.77,514.9521,2.14,100.0,88.9
5059,-22149.18,555.6925,2.13,99.9,88.7
5060,-22178.36,222.6448,2.13,100.0,88.8
5061,-22161.62,154.1616,2.18,100.0,88.8
5062,-22178.94,139.1565,2.16,100.0,88.5
5063,-22233.67,762.0927,2.07,97.6,87.4
5064,-22199.77,112.8323,2.21,100.0,86.4
5065,-22134.87,594.6834,2.14,100.0,86.4
5066,-22166.41,263.6897,2.17,100.0,86.4
5067,-22166.83,245.4124,2.1,99.8,85.9
5068,-22204.91,768.411,2.26,100.0,85.2
5069,-22206.48,268.0586,2.13,100.0,85.3
5070,-22207.88,364.53,2.17,98.2,85.2
5071,-22263.95,381.8911,2.13,100.0,85.3
5072,-22206.23,220.034,2.23,100.0,85.5
5073,-22178.36,372.8996,2.15,99.6,85.5
5074,-22187.18,158.2243,2.16,97.7,85.4
5075,-22199.93,324.9047,2.24,100.0,85.4
5076,-22221.91,688.9579,2.22,100.0,85.5
5077,-22240.57,90.6043,2.12,99.0,85.5
5078,-22250.3,412.9229,2.19,98.6,84.7
5079,-22210.98,416.7305,2.18,100.0,84.8
5080,-22154.69,1091.3169,2.19,100.0,84.9
5081,-22157.26,896.7664,2.17,100.0,84.9
5082,-22147.57,243.4701,2.23,100.0,84.8
5083,-22207.37,323.6785,2.16,100.0,84.9
5084,-22216.56,262.0446,2.13,100.0,85.1
5085,-22216.47,68.291,2.15,100.0,85.3
5086,-22169.62,128.06,2.22,100.0,85.2
5087,-22178.63,201.3033,2.17,100.0,85.2
5088,-22154.82,108.3819,2.14,99.0,85.6
5089,-22169.69,220.7855,2.21,100.0,85.7
5090,-22211.48,359.7226,2.16,100.0,85.1
5091,-22252.45,287.9944,2.16,100.0,85.2
5092,-22202.07,379.2355,2.15,99.4,85.4
5093,-22229.14,130.947,2.15,100.0,85.2
5094,-22241.37,170.3811,2.18,100.0,85.3
5095,-22188.81,119.228,2.14,100.0,85.4
5096,-22221.13,107.9419,2.16,97.3,85.6
5097,-22173.53,186.3922,2.24,100.0,85.6
5098,-22195.37,22.1325,2.14,99.7,85.7
5099,-22158.89,766.4346,2.16,100.0,85.7
5100,-22245.65,242.8691,2.3,100.0,85.9
5101,-22214.4,602.5323,2.17,100.0,85.6
5102,-22228.91,114.9159,2.15,97.1,85.7
5103,-22230.69,703.1869,2.18,100.0,85.8
5104,-22196.57,294.2248,2.18,100.0,85.9
5105,-22206.37,54.6197,2.1,97.6,85.6
5106,-22179.6,264.1938,2.18,98.6,85.6
5107,-22333.75,1380.1497,2.17,100.0,85.6
5108,-22140.08,761.4071,2.2,100.0,85.8
5109,-22227.43,287.999,2.1,100.0,85.7
5110,-22225.26,159.6459,2.15,98.9,85.7
5111,-22259.9,96.4904,2.19,100.0,85.7
5112,-22174.06,664.289,2.17,100.0,85.8
5113,-22217.44,277.5947,2.15,100.0,85.8
5114,-22260.86,1209.0525,2.3,100.0,85.8
5115,-22279.05,488.4085,2.16,99.4,85.8
5116,-22251.8,362.1892,2.15,97.0,85.8
5117,-22230.77,34.6449,2.15,100.0,85.9
5118,-22248.78,90.0196,2.2,100.0,86.0
5119,-22264.19,718.1934,2.15,98.9,86.2
5120,-22188.4,943.9465,2.18,98.4,86.2
5121,-22170.61,481.7411,2.15,100.0,86.2
5122,-22181.55,313.3952,2.24,100.0,86.3
5123,-22231.89,656.3845,2.15,98.5,86.2
5124,-22236.15,96.9883,2.13,99.2,86.3
5125,-22211.47,271.819,2.23,100.0,86.2
5126,-22158.01,320.0782,2.18,99.9,86.3
5127,-22184.24,138.889,2.11,100.0,86.2
5128,-22214.7,224.1756,2.25,100.0,86.3
5129,-22191.65,450.9888,2.14,100.0,86.2
5130,-22183.05,173.2583,2.17,98.3,86.4
5131,-22188.97,897.6198,2.16,100.0,86.1
5132,-22147.16,258.3129,2.18,97.2,85.7
5133,-22095.08,2087.0576,2.26,100.0,85.7
5134,-22130.43,1035.2943,2.15,99.4,85.8
5135,-22136.96,733.7318,2.13,100.0,85.8
5136,-22166.66,305.9659,2.27,100.0,85.8
5137,-22111.48,487.8815,2.14,99.8,85.9
5138,-22180.93,383.1116,2.17,97.9,86.1
5139,-22189.58,174.1987,2.17,100.0,86.1
5140,-22198.7,573.2892,2.14,100.0,86.0
5141,-22170.82,293.0975,2.15,100.0,86.0
5142,-22171.15,80.2865,2.08,98.9,86.0
5143,-22171.15,47.1483,2.19,100.0,85.5
5144,-22129.05,791.2291,2.16,100.0,85.6
5145,-22258.99,1749.5498,2.16,100.0,85.6
5146,-22176.53,448.3855,2.1,92.7,85.7
5147,-22212.04,283.4554,2.24,100.0,85.8
5148,-22047.04,2249.4326,2.15,98.9,85.8
5149,-22202.83,536.1215,2.17,100.0,85.8
5150,-22243.65,323.9152,2.17,100.0,85.9
5151,-22167.62,423.6796,2.28,100.0,85.8
5152,-22077.28,714.2209,2.14,95.2,86.0
5153,-22108.47,376.8706,2.17,100.0,86.1
5154,-22184.92,866.5494,2.14,100.0,86.0
5155,-22109.69,498.6575,2.24,100.0,86.1
5156,-22267.66,1140.5337,2.12,100.0,86.3
5157,-22260.39,374.8429,2.19,100.0,86.2
5158,-22197.86,424.9468,2.21,100.0,86.2
5159,-22160.47,484.197,2.15,100.0,86.3
5160,-22105.22,471.9078,2.18,98.5,86.6
5161,-22061.14,525.9631,2.28,100.0,86.4
5162,-22213.28,2429.3156,2.15,98.6,86.4
5163,-22190.09,1328.0922,2.17,99.2,86.4
5164,-22181.26,630.0225,2.14,100.0,86.5
5165,-22147.18,179.2944,2.21,100.0,86.5
5166,-22151.02,171.9962,2.2,97.2,86.5
5167,-22148.07,478.9006,2.23,99.5,86.5
5168,-22211.18,518.7528,2.17,100.0,86.6
5169,-22181.31,485.4157,2.19,100.0,86.7
5170,-22283.37,592.8664,2.14,92.0,86.7
5171,-22273.88,291.4342,2.23,99.3,86.7
5172,-22202.19,868.2875,2.14,100.0,86.8
5173,-22158.58,951.6865,2.28,100.0,87.0
5174,-22289.82,290.2831,2.13,100.0,87.0
5175,-22311.01,1505.4137,2.21,100.0,87.0
5176,-22250.01,193.7228,2.12,100.0,87.0
5177,-22268.8,437.6938,2.16,100.0,87.2
5178,-22208.09,132.7532,2.15,100.0,87.2
5179,-22214.4,373.2488,2.26,100.0,87.3
5180,-22250.36,424.2978,2.13,99.1,87.4
5181,-22110.03,466.3719,2.15,93.7,87.2
5182,-22281.97,380.5203,2.23,100.0,86.8
5183,-22196.02,157.1065,2.16,100.0,87.0
5184,-22272.83,555.5722,2.16,100.0,87.1
5185,-22241.55,222.1782,2.17,99.9,87.0
5186,-22201.99,330.1509,2.2,100.0,87.0
5187,-22221.9,206.2245,2.24,100.0,87.1
5188,-22245.59,253.2537,2.15,100.0,87.2
5189,-22249.72,172.2925,2.34,99.8,87.3
5190,-22250.01,198.2593,2.17,100.0,87.0
5191,-22250.01,143.1831,2.15,97.5,87.1
5192,-22211.62,182.9342,2.14,100.0,87.0
5193,-22271.18,447.1621,2.24,100.0,87.2
5194,-22273.88,352.4011,2.13,99.8,87.1
5195,-22272.83,495.5296,2.23,98.2,87.2
5196,-22197.14,583.8251,2.15,100.0,87.1
5197,-22250.01,148.766,2.23,100.0,87.3
5198,-22208.44,133.1067,2.12,98.9,87.2
5199,-22325.65,876.8605,2.18,98.5,87.3
5200,-22239.78,171.0868,2.18,100.0,87.3
5201,-22227.61,500.7315,2.17,99.6,87.4
5202,-22337.46,1168.1136,2.13,100.0,87.4
5203,-22241.79,611.9159,2.26,100.0,87.4
5204,-22216.17,662.6211,2.2,100.0,87.3
5205,-22247.0,232.5206,2.19,100.0,87.1
5206,-22207.21,114.9428,2.11,100.0,87.2
5207,-22233.87,146.1625,2.33,100.0,87.2
5208,-22196.1,901.2682,2.17,95.9,87.4
5209,-22151.93,789.9057,2.18,93.6,87.5
5210,-22201.61,371.3814,2.18,100.0,87.4
5211,-22215.61,474.0119,2.17,100.0,87.4
5212,-22273.54,361.8129,2.14,97.9,87.9
5213,-22250.0,447.2799,2.18,98.9,88.2
5214,-22173.24,716.2816,2.17,100.0,88.2
5215,-22270.94,229.284,2.17,100.0,88.4
5216,-22204.79,623.8657,2.15,100.0,88.6
5217,-22232.98,205.7568,2.24,100.0,88.7
5218,-22253.5,197.727,2.2,100.0,88.5
5219,-22250.43,443.0232,2.17,100.0,88.8
5220,-22258.88,136.189,2.15,100.0,88.9
5221,-22196.35,163.0971,2.26,100.0,88.8
5222,-22275.38,1098.3387,2.18,97.6,88.5
5223,-22108.27,1241.179,2.19,95.6,88.4
5224,-22206.01,173.3889,2.18,100.0,88.6
5225,-22121.91,368.1648,2.19,100.0,87.9
5226,-22172.94,882.0305,2.12,100.0,88.0
5227,-22196.8,541.2625,2.24,100.0,87.9
5228,-22108.43,413.0203,2.12,100.0,88.1
5229,-22145.99,545.976,2.26,100.0,88.1
5230,-22057.5,1112.8851,2.13,99.2,88.1
5231,-22074.12,590.5749,2.29,100.0,88.3
5232,-22154.94,972.6896,2.23,100.0,88.3
5233,-22066.97,272.1016,2.17,100.0,88.5
5234,-22091.56,276.4386,2.11,100.0,88.5
5235,-22129.55,134.1905,2.25,100.0,88.6
5236,-22081.86,184.808,2.25,99.3,89.1
5237,-22108.82,182.5559,2.15,100.0,89.0
5238,-22195.69,1011.7897,2.2,100.0,89.0
5239,-22104.1,287.0711,2.18,100.0,89.0
5240,-22261.52,1943.5984,2.14,98.6,88.6
5241,-22226.33,193.2345,2.2,100.0,88.4
5242,-22128.74,730.2752,2.19,100.0,88.5
5243,-22194.12,298.1822,2.21,100.0,88.6
5244,-22142.61,729.4671,2.18,94.1,88.4
5245,-22191.32,185.3172,2.23,100.0,88.4
5246,-22142.61,190.0932,2.15,100.0,88.3
5247,-22053.87,322.1821,2.18,100.0,88.4
5248,-22132.43,275.2343,2.13,99.3,88.5
5249,-22140.85,223.2529,2.2,100.0,88.5
5250,-22122.46,130.9782,2.16,99.8,88.6
5251,-22199.43,483.5784,2.14,100.0,88.6
5252,-22169.65,255.2348,2.18,100.0,88.7
5253,-22091.77,1054.7209,2.18,100.0,88.7
5254,-22125.19,388.8591,2.17,99.0,88.5
5255,-22138.52,580.5888,2.16,100.0,88.6
5256,-22136.01,1072.2637,2.26,100.0,88.7
5257,-22130.58,1011.7898,2.15,100.0,88.6
5258,-22148.05,1029.3271,2.11,95.3,88.7
5259,-22140.48,373.5451,2.2,100.0,88.8
5260,-22172.11,495.9894,2.14,100.0,88.9
5261,-22119.75,771.7972,2.16,100.0,88.9
5262,-22213.65,762.5063,2.18,97.5,88.9
5263,-22109.28,462.9588,2.16,100.0,88.9
5264,-22182.42,994.5411,2.26,100.0,89.1
5265,-22073.27,245.7201,2.15,96.4,89.0
5266,-22095.74,192.4131,2.16,95.9,89.1
5267,-22088.99,290.6067,2.22,100.0,89.2
5268,-22105.74,294.3552,2.15,100.0,88.8
5269,-22107.45,215.0838,2.14,100.0,88.7
5270,-22131.53,114.2928,2.21,100.0,87.6
5271,-22146.79,304.8263,2.12,100.0,87.7
5272,-22138.42,429.5823,2.19,100.0,87.8
5273,-22110.02,463.2773,2.13,100.0,87.9
5274,-22140.81,876.9361,2.24,100.0,87.9
5275,-22180.18,819.2518,2.15,100.0,88.2
5276,-22049.94,881.1663,2.16,98.3,88.5
5277,-22115.33,181.3449,2.15,100.0,88.5
5278,-22056.03,426.1976,2.29,100.0,88.4
5279,-22083.73,398.801,2.14,100.0,88.7
5280,-22027.28,161.8485,2.17,99.3,88.7
5281,-22138.61,767.2489,2.16,100.0,88.8
5282,-22089.26,367.3977,2.18,100.0,88.7
5283,-22094.03,202.8285,2.16,99.9,88.8
5284,-21994.85,1019.7083,2.24,100.0,89.0
5285,-22072.15,743.5738,2.18,100.0,89.1
5286,-22035.22,1118.043,2.16,100.0,89.1
5287,-22077.23,318.6688,2.12,99.5,89.1
5288,-21992.88,755.5137,2.28,100.0,89.2
5289,-21946.19,760.791,2.15,100.0,89.3
5290,-22028.79,549.5278,2.1,99.6,89.1
5291,-21935.08,188.4776,2.11,100.0,89.3
5292,-22081.53,1015.5276,2.15,100.0,88.7
5293,-22002.35,542.9723,2.1,99.4,88.3
5294,-21963.8,668.2146,2.13,100.0,88.2
5295,-21945.13,659.35,2.14,100.0,88.3
5296,-21967.68,342.3477,2.23,100.0,87.9
5297,-21966.74,429.0825,2.09,90.2,85.5
5298,-21952.96,270.1204,2.19,100.0,85.2
5299,-22021.22,251.0879,2.15,100.0,85.1
5300,-21974.47,531.1466,2.15,100.0,85.1
5301,-22048.37,535.595,2.11,98.6,84.1
5302,-22047.51,326.5189,2.24,100.0,84.0
5303,-22032.1,311.3209,2.09,100.0,83.1
5304,-21959.22,431.5516,2.14,100.0,82.7
5305,-22009.48,330.4096,2.09,100.0,82.8
5306,-22009.72,172.9739,2.16,100.0,82.8
5307,-21953.72,775.9745,2.07,100.0,82.8
5308,-21993.28,169.1718,2.26,100.0,82.9
5309,-21929.3,203.4263,2.12,100.0,82.9
5310,-21931.06,294.1496,2.11,99.7,82.8
5311,-21991.02,942.5377,2.21,100.0,82.9
5312,-22066.65,1605.2036,2.16,99.9,82.9
5313,-21980.31,1722.5544,2.12,100.0,82.9
5314,-21998.34,650.2685,2.19,100.0,82.9
5315,-21981.28,348.0061,2.18,99.7,83.0
5316,-21977.06,312.5685,2.08,99.6,83.1
5317,-21984.19,270.8623,2.16,100.0,83.1
5318,-22023.77,322.3412,2.13,100.0,83.0
5319,-22044.88,350.3688,2.18,100.0,83.1
5320,-22031.89,521.6706,2.13,98.7,82.9
5321,-22028.94,211.58,2.1,100.0,82.8
5322,-22019.96,263.542,2.2,100.0,82.7
5323,-22015.62,126.7251,2.19,100.0,82.7
5324,-22011.54,97.0589,2.1,95.9,82.9
5325,-21992.22,654.5744,2.22,100.0,82.9
5326,-22047.25,563.0798,2.12,100.0,82.8
5327,-21980.08,103.5064,2.15,100.0,82.8
5328,-22052.65,393.6877,2.11,100.0,83.0
5329,-21937.84,1077.9948,2.18,100.0,83.0
5330,-21975.23,406.5517,2.17,100.0,82.9
5331,-22012.67,853.2692,2.16,100.0,82.9
5332,-22007.28,259.4962,2.12,98.5,83.1
5333,-21979.09,381.5722,2.22,100.0,83.1
5334,-21939.96,441.9498,2.13,99.5,83.2
5335,-22005.08,389.8492,2.13,100.0,83.1
5336,-22012.19,639.6229,2.08,100.0,83.3
5337,-22023.54,242.8824,2.27,100.0,83.3
5338,-21968.14,221.0489,2.12,94.4,83.3
5339,-22002.21,101.6645,2.15,100.0,83.4
5340,-22009.05,149.3141,2.16,100.0,83.6
5341,-21998.51,94.2981,2.15,100.0,83.6
5342,-22010.33,209.1737,2.09,99.0,83.8
5343,-22017.37,305.5111,2.13,100.0,83.9
5344,-21984.56,222.5187,2.15,100.0,84.0
5345,-22017.78,1402.5844,2.26,100.0,84.0
5346,-22001.24,120.3646,2.09,94.9,84.2
5347,-22002.53,529.1575,2.17,100.0,84.3
5348,-22039.9,865.999,2.18,100.0,84.4
5349,-21960.11,1424.8602,2.13,100.0,84.4
5350,-21909.63,1686.7846,2.1,100.0,84.4
5351,-21973.38,472.9429,2.25,100.0,84.3
5352,-22020.42,499.9577,2.12,99.2,84.3
5353,-21994.37,372.0316,2.2,100.0,84.4
5354,-22022.36,148.0983,2.18,100.0,84.5
5355,-21969.95,232.9336,2.11,98.8,84.4
5356,-21936.44,157.8684,2.1,100.0,84.5
5357,-22000.53,559.3563,2.09,100.0,84.5
5358,-21934.25,452.3825,2.21,100.0,84.6
5359,-21966.26,158.8985,2.13,99.7,84.6
5360,-22016.64,347.236,2.12,100.0,84.6
5361,-21968.62,267.1501,2.14,100.0,84.5
5362,-22023.77,465.5587,2.25,99.9,84.6
5363,-21939.7,760.8267,2.11,94.7,85.1
5364,-22029.32,228.982,2.12,100.0,85.1
5365,-22058.97,560.8931,2.13,100.0,85.0
5366,-22028.4,221.9483,2.17,100.0,85.0
5367,-22046.22,230.2372,2.1,98.5,84.5
5368,-22014.6,747.7318,2.09,99.9,84.6
5369,-22028.71,261.6537,2.19,100.0,84.6
5370,-22012.15,2024.0037,2.17,100.0,84.6
5371,-22012.26,244.0656,2.09,98.8,84.4
5372,-22069.23,1924.2385,2.09,100.0,84.5
5373,-21997.98,847.3216,2.22,100.0,84.5
5374,-21974.0,398.9851,2.13,97.7,84.5
5375,-21978.87,112.2647,2.11,100.0,84.5
5376,-22065.42,694.6947,2.17,100.0,84.6
5377,-22044.71,274.6469,2.18,100.0,84.6
5378,-21934.75,643.2811,2.13,100.0,84.7
5379,-21980.44,285.224,2.1,100.0,84.5
5380,-21998.94,325.4952,2.18,100.0,84.7
5381,-22102.63,977.7518,2.23,99.0,84.4
5382,-22092.27,961.139,2.1,97.4,84.5
5383,-22071.15,235.5606,2.16,100.0,84.4
5384,-22171.17,396.1954,2.16,100.0,84.5
5385,-22100.17,262.203,2.2,100.0,84.5
5386,-22153.07,252.3182,2.07,100.0,84.6
5387,-22108.34,225.9168,2.12,100.0,84.6
5388,-22072.19,731.9454,2.16,100.0,84.7
5389,-22010.66,324.6756,2.16,99.5,84.7
5390,-21992.36,418.5716,2.12,98.5,84.9
5391,-21986.99,438.2698,2.24,100.0,84.9
5392,-21974.26,286.8542,2.12,100.0,84.9
5393,-22048.24,138.6335,2.14,100.0,84.9
5394,-21983.56,388.4212,2.13,100.0,84.9
5395,-22030.54,1799.0108,2.26,100.0,84.9
5396,-21990.2,394.4199,2.11,99.3,85.1
5397,-22047.46,778.4053,2.13,100.0,85.1
5398,-21944.86,209.3127,2.1,100.0,85.2
5399,-22069.0,1959.6101,2.26,100.0,85.2
5400,-22057.38,1023.7139,2.14,99.2,85.3
5401,-21954.83,1125.3293,2.1,100.0,85.4
5402,-22006.72,980.4609,2.11,100.0,85.3
5403,-21992.62,252.9276,2.23,100.0,85.3
5404,-22016.0,510.5114,2.15,93.8,85.6
5405,-22086.32,2272.7149,2.14,100.0,85.7
5406,-22041.75,343.8295,2.16,100.0,85.6
5407,-21981.24,438.2277,2.13,100.0,85.6
5408,-22011.03,244.7496,2.11,98.3,85.6
5409,-22038.45,529.0211,2.13,100.0,85.8
5410,-22021.39,258.7971,2.16,100.0,85.8
5411,-21960.87,970.7069,2.16,100.0,85.8
5412,-22001.96,263.2664,2.11,92.8,86.0
5413,-22003.44,246.7697,2.17,100.0,86.1
5414,-22026.4,264.937,2.16,100.0,86.0
5415,-21947.74,334.3176,2.16,100.0,86.0
5416,-21995.63,327.0062,2.1,100.0,86.1
5417,-22133.69,763.4462,2.23,100.0,86.2
5418,-21944.99,1157.8838,2.11,100.0,86.2
5419,-22028.84,231.8188,2.19,100.0,86.2
5420,-22054.73,596.4292,2.04,100.0,86.3
5421,-22086.92,315.0044,2.19,100.0,86.5
5422,-21952.8,633.3386,2.23,99.1,86.3
5423,-22114.02,869.4717,2.13,97.1,86.4
5424,-21999.05,720.5231,2.15,100.0,86.6
5425,-22181.41,1133.2643,2.17,100.0,86.7
5426,-21975.38,694.8325,2.16,99.8,86.6
5427,-21981.65,366.4399,2.1,99.6,86.6
5428,-21999.05,396.5618,2.22,100.0,86.7
5429,-22074.4,429.3299,2.14,100.0,86.9
5430,-22083.94,586.0841,2.17,100.0,86.8
5431,-21943.21,1440.7618,2.1,100.0,86.8
5432,-21988.18,497.0986,2.2,100.0,86.9
5433,-21957.99,455.4003,2.16,100.0,87.0
5434,-22018.48,584.1597,2.12,100.0,87.1
5435,-21959.87,302.0748,2.12,99.8,87.1
5436,-22005.49,325.345,2.25,100.0,87.3
5437,-22000.65,294.4527,2.12,97.0,87.4
5438,-21981.79,333.0565,2.16,100.0,87.4
5439,-22055.91,670.6495,2.13,100.0,87.4
5440,-22083.51,958.2135,2.18,100.0,87.4
5441,-22071.5,649.7639,2.11,98.1,87.5
5442,-22051.4,139.924,2.16,100.0,87.7
5443,-21979.76,356.7575,2.13,100.0,87.6
5444,-22040.41,264.8533,2.23,100.0,87.6
5445,-22085.22,735.547,2.09,94.6,87.8
5446,-22087.08,126.4219,2.25,100.0,87.8
5447,-22045.35,304.1997,2.17,100.0,87.7
5448,-22082.97,725.8987,2.2,100.0,87.8
5449,-22085.19,144.7759,2.1,99.4,87.9
5450,-22056.35,816.2409,2.21,100.0,88.0
5451,-22066.07,207.6879,2.12,99.4,88.0
5452,-22143.94,425.77,2.16,100.0,88.0
5453,-22099.31,451.8035,2.09,100.0,88.2
5454,-22075.68,962.0099,2.17,100.0,88.2
5455,-22081.77,163.9455,2.15,99.5,87.8
5456,-22090.94,116.9472,2.14,99.7,87.7
5457,-22049.27,385.4744,2.19,100.0,87.8
5458,-22018.57,277.7337,2.21,100.0,88.0
5459,-22036.63,173.1188,2.13,91.8,87.6
5460,-22122.13,1283.7517,2.15,100.0,87.7
5461,-22126.61,892.0132,2.16,100.0,87.7
5462,-22124.88,247.8078,2.13,100.0,87.9
5463,-22024.44,862.8226,2.14,98.8,87.7
5464,-22042.45,1011.8857,2.21,100.0,87.9
5465,-22019.49,332.6362,2.12,100.0,88.0
5466,-22008.33,339.0719,2.21,100.0,88.2
5467,-22032.34,433.1924,2.07,100.0,88.0
5468,-22052.87,1020.7079,2.12,100.0,86.9
5469,-22072.21,303.087,2.23,100.0,87.0
5470,-22013.65,635.3674,2.12,97.8,87.2
5471,-22036.78,469.7683,2.12,100.0,86.7
5472,-22027.0,383.6596,2.11,100.0,86.8
5473,-21985.13,157.1226,2.18,100.0,86.8
5474,-22047.07,772.6719,2.14,97.0,87.3
5475,-22036.59,611.5695,2.11,100.0,87.4
5476,-22114.63,1465.5516,2.15,100.0,87.4
5477,-22092.12,191.6811,2.2,100.0,87.4
5478,-22165.59,472.0272,2.07,98.2,87.5
5479,-22178.96,615.0709,2.17,100.0,87.4
5480,-22007.4,1258.0686,2.15,100.0,87.5
5481,-22062.01,1309.2775,2.21,100.0,87.7
5482,-22026.88,529.1441,2.09,100.0,87.7
5483,-22002.1,945.227,2.21,100.0,87.9
5484,-21998.93,1451.7609,2.16,100.0,87.8
5485,-22078.0,1460.2819,2.19,100.0,87.9
5486,-22042.19,266.0894,2.06,100.0,88.1
5487,-21927.21,501.4433,2.24,100.0,88.0
5488,-22042.32,1059.0469,2.16,99.7,88.1
5489,-22062.27,2960.205,2.13,98.6,88.2
5490,-21978.86,712.9265,2.11,100.0,88.3
5491,-22087.95,301.8021,2.24,100.0,88.4
5492,-21992.61,588.9903,2.12,98.1,88.2
5493,-22020.71,272.1686,2.17,100.0,88.5
5494,-22005.58,229.9898,2.22,100.0,89.4
5495,-22114.3,1252.2539,2.15,100.0,89.5
5496,-22146.37,1352.0568,2.2,98.9,88.5
5497,-22001.94,561.8377,2.11,97.1,88.1
5498,-22074.92,374.3623,2.21,100.0,88.2
5499,-22070.03,149.8576,2.19,100.0,88.2
5500,-22156.43,430.5453,2.1,99.7,87.9
5501,-22136.49,363.2115,2.16,99.3,87.8
5502,-22098.88,969.9188,2.2,100.0,87.8
5503,-22162.66,137.0731,2.14,99.1,87.9
5504,-22073.77,402.9916,2.13,100.0,87.6
5505,-22072.11,172.5458,2.13,100.0,87.3
5506,-22097.05,189.6939,2.21,100.0,87.3
5507,-22093.67,586.7932,2.15,100.0,87.4
5508,-22088.32,431.9865,2.07,100.0,87.3
5509,-22119.58,198.0411,2.15,98.9,86.3
5510,-22091.43,142.3062,2.19,100.0,86.2
5511,-22109.0,299.0426,2.14,100.0,86.2
5512,-22135.4,350.0716,2.29,100.0,86.1
5513,-22212.79,329.5875,2.13,100.0,86.2
5514,-22162.33,323.767,2.12,100.0,86.3
5515,-22140.2,314.6891,2.31,100.0,86.3
5516,-22145.19,183.0599,2.09,100.0,86.4
5517,-22123.52,503.7327,2.23,100.0,86.4
5518,-22184.91,584.3875,2.11,100.0,86.5
5519,-22153.22,118.4151,2.27,100.0,86.5
5520,-22136.14,370.2338,2.14,100.0,86.6
5521,-22166.87,79.7973,2.13,100.0,86.7
5522,-22158.79,254.4499,2.14,100.0,86.8
5523,-22208.78,580.6116,2.27,100.0,86.8
5524,-22252.43,569.0862,2.17,98.5,87.1
5525,-22137.92,1954.8932,2.2,100.0,87.1
5526,-22141.18,347.3525,2.18,100.0,87.1
5527,-22189.92,1304.5721,2.16,100.0,87.2
5528,-22149.01,546.2809,2.13,100.0,87.3
5529,-22111.4,586.3385,2.18,100.0,87.1
5530,-22177.19,693.8903,2.15,100.0,87.3
5531,-22105.7,152.0862,2.12,100.0,87.3
5532,-22225.67,1088.7405,2.1,100.0,87.5
5533,-22217.73,325.9699,2.25,100.0,87.5
5534,-22312.69,388.0497,2.2,95.0,87.6
5535,-22143.06,1805.1391,2.13,97.5,87.8
5536,-22248.52,589.9044,2.21,100.0,87.8
5537,-22190.97,848.8966,2.11,100.0,87.0
5538,-22262.89,448.3866,2.15,100.0,87.2
5539,-22195.4,198.3027,2.09,100.0,87.2
5540,-22230.31,174.1041,2.14,100.0,87.7
5541,-22187.85,228.0498,2.13,100.0,87.5
5542,-22202.02,1189.302,2.11,100.0,87.6
5543,-22106.89,539.3762,2.23,100.0,87.4
5544,-22213.88,335.1931,2.14,98.4,87.3
5545,-22251.85,1845.4859,2.16,97.3,87.4
5546,-22185.89,179.5468,2.16,100.0,87.5
5547,-22225.03,209.1888,2.14,100.0,87.5
5548,-22191.2,762.7897,2.11,97.0,87.4
5549,-22170.98,584.18,2.33,99.8,87.4
5550,-22138.15,911.5835,2.13,100.0,87.5
5551,-22221.24,962.3139,2.19,100.0,87.6
5552,-22090.71,2226.7322,2.12,100.0,87.5
5553,-22199.03,825.6216,2.23,100.0,87.6
5554,-22171.51,798.8015,2.17,100.0,87.7
5555,-22169.79,567.086,2.11,99.0,87.8
5556,-22164.42,1249.7664,2.22,100.0,87.9
5557,-22119.82,309.8218,2.25,100.0,87.8
5558,-22077.29,635.0122,2.1,98.0,85.9
5559,-22193.0,1027.5923,2.22,98.9,86.0
5560,-22166.77,550.0112,2.16,100.0,86.0
5561,-22125.83,246.0771,2.13,96.5,86.1
5562,-22181.99,295.2164,2.14,100.0,86.2
5563,-22150.14,274.8286,2.23,100.0,86.1
5564,-22109.05,534.054,2.15,100.0,86.2
5565,-22118.48,299.222,2.16,98.1,86.3
5566,-22193.6,685.4722,2.18,100.0,86.3
5567,-22154.7,322.4014,2.17,100.0,85.9
5568,-22162.27,486.166,2.16,100.0,85.9
5569,-22131.79,275.8982,2.14,98.1,86.1
5570,-22145.7,519.898,2.26,100.0,86.2
5571,-22175.21,636.3595,2.18,100.0,86.2
5572,-22075.55,726.1041,2.13,97.7,86.3
5573,-22169.49,326.5608,2.17,98.2,86.4
5574,-22164.97,589.0542,2.18,100.0,86.4
5575,-22143.65,138.7623,2.18,98.3,86.5
5576,-22129.65,283.136,2.16,100.0,86.5
5577,-22126.78,835.8666,2.23,99.9,86.5
5578,-22124.74,685.9662,2.16,100.0,86.5
5579,-22161.26,509.6533,2.14,100.0,86.6
5580,-22149.82,698.7324,2.1,100.0,86.7
5581,-22204.98,291.69,2.18,100.0,86.8
5582,-22151.16,363.7523,2.19,100.0,86.8
5583,-22171.79,140.5822,2.1,91.0,86.8
5584,-22220.52,468.2765,2.2,100.0,86.9
5585,-22204.81,178.4254,2.19,100.0,87.0
5586,-22186.33,130.519,2.15,100.0,86.9
5587,-22163.17,549.6635,2.1,97.8,87.1
5588,-22146.3,153.8454,2.21,100.0,87.2
5589,-22174.43,139.2281,2.14,100.0,87.2
5590,-22242.79,388.6972,2.16,98.6,87.1
5591,-22137.23,470.423,2.11,100.0,87.2
5592,-22165.72,616.66,2.19,100.0,87.4
5593,-22205.09,220.7507,2.19,99.5,87.4
5594,-22172.8,115.0452,2.18,97.6,88.0
5595,-22210.48,118.5244,2.17,100.0,88.0
5596,-22186.8,343.8605,2.33,100.0,88.1
5597,-22128.04,454.132,2.17,96.9,88.2
5598,-22168.5,412.4786,2.2,98.5,88.8
5599,-22220.61,777.0802,2.19,100.0,88.9
5600,-22211.98,234.6571,2.22,100.0,88.9
5601,-22180.26,241.9767,2.13,99.3,89.1
5602,-22215.92,216.7439,2.18,100.0,89.2
5603,-22190.81,194.5092,2.18,100.0,89.3
5604,-22267.92,736.2709,2.29,100.0,89.2
5605,-22197.5,188.5684,2.15,98.9,89.7
5606,-22171.25,306.9392,2.35,100.0,89.8
5607,-22081.82,1508.823,2.17,99.4,89.8
5608,-22195.19,457.1868,2.15,99.0,89.7
5609,-22161.31,290.1829,2.15,100.0,89.7
5610,-22153.81,1306.2064,2.18,100.0,89.8
5611,-22126.46,953.9224,2.15,99.4,89.5
5612,-22132.41,146.2218,2.16,99.2,88.7
5613,-22147.99,537.898,2.14,100.0,88.7
5614,-22217.53,1230.4113,2.29,100.0,88.9
5615,-22171.43,338.4558,2.16,94.1,88.7
5616,-22175.18,403.2978,2.14,95.5,87.7
5617,-22124.35,264.8838,2.19,100.0,87.7
5618,-22122.04,122.6271,2.2,100.0,87.4
5619,-22163.49,700.2652,2.09,100.0,85.8
5620,-22095.76,100.8824,2.31,99.5,85.7
5621,-22164.28,114.5838,2.16,100.0,85.7
5622,-22161.08,532.0565,2.17,98.8,85.8
5623,-22113.61,311.9141,2.13,100.0,85.7
5624,-22089.99,250.6051,2.23,100.0,85.8
5625,-22201.45,600.1153,2.17,100.0,85.9
5626,-22061.77,424.6031,2.14,97.1,86.1
5627,-22111.94,128.7235,2.17,100.0,86.1
5628,-22081.32,123.5353,2.26,100.0,86.1
5629,-22175.51,459.4618,2.18,96.2,86.2
5630,-22189.64,1390.4795,2.17,97.4,86.3
5631,-22190.23,1649.9317,2.18,100.0,86.3
5632,-22190.64,532.7289,2.19,100.0,86.3
5633,-22162.68,514.1381,2.12,98.0,86.3
5634,-22133.88,432.93,2.2,99.8,86.4
5635,-22176.2,230.9626,2.16,100.0,86.4
5636,-22200.07,930.1613,2.2,100.0,86.5
5637,-22153.36,491.3879,2.15,91.8,86.5
5638,-22159.82,138.3196,2.3,100.0,86.5
5639,-22283.21,1465.6805,2.17,100.0,86.5
5640,-22353.42,1158.7448,2.15,98.8,86.3
5641,-22247.77,824.8681,2.17,100.0,86.3
5642,-22255.82,481.3905,2.2,100.0,86.3
5643,-22173.3,2347.8125,2.19,99.8,86.3
5644,-22279.44,591.5846,2.18,99.5,86.4
5645,-22173.3,1494.5923,2.19,100.0,85.8
5646,-22226.18,246.1671,2.19,100.0,86.0
5647,-22270.92,136.7671,2.13,97.2,86.0
5648,-22342.08,507.5156,2.21,100.0,86.0
5649,-22254.93,510.5041,2.14,100.0,86.1
5650,-22181.53,1471.4154,2.24,100.0,86.2
5651,-22236.82,660.2886,2.13,99.8,86.3
5652,-22291.33,817.8354,2.27,100.0,86.3
5653,-22321.24,1563.2686,2.19,100.0,86.2
5654,-22229.07,164.071,2.16,98.0,86.3
5655,-22244.62,458.7098,2.17,100.0,86.5
5656,-22220.17,931.3197,2.27,100.0,86.4
5657,-22265.11,304.0512,2.15,99.8,86.5
5658,-22131.36,1515.3982,2.15,98.4,86.7
5659,-22294.56,1043.7968,2.17,100.0,86.6
5660,-22292.07,83.268,2.22,100.0,86.6
5661,-22204.06,1469.0219,2.13,100.0,86.6
5662,-22186.73,436.2544,2.12,98.8,86.8
5663,-22279.1,514.4584,2.2,100.0,86.8
5664,-22076.39,1291.8878,2.18,100.0,86.9
5665,-22231.55,433.0152,2.11,100.0,86.8
5666,-22228.08,274.0913,2.13,98.8,87.0
5667,-22216.84,98.2578,2.19,100.0,87.0
5668,-22286.6,260.0782,2.16,100.0,87.2
5669,-22240.63,295.3989,2.13,100.0,86.4
5670,-22243.67,196.5332,2.18,100.0,85.9
5671,-22182.43,218.5163,2.14,100.0,85.9
5672,-22206.02,251.7741,2.17,100.0,86.0
5673,-22243.67,255.4612,2.14,100.0,86.1
5674,-22128.84,959.3228,2.22,99.9,86.2
5675,-22250.91,251.6588,2.18,100.0,86.3
5676,-22253.65,110.9183,2.11,97.5,78.5
5677,-22211.65,429.5803,2.09,99.8,78.7
5678,-22200.76,859.7184,2.13,100.0,78.9
5679,-22221.69,517.8426,2.11,100.0,78.9
5680,-22235.61,519.4081,2.11,99.4,79.1
5681,-22198.04,1729.3904,2.11,100.0,79.1
5682,-22275.91,784.8168,2.14,100.0,79.2
5683,-22216.66,405.0247,2.1,100.0,79.4
5684,-22285.65,260.3121,2.13,98.2,79.5
5685,-22194.19,978.4012,2.07,100.0,78.6
5686,-22179.1,534.1358,2.12,100.0,78.6
5687,-22231.96,355.5701,2.1,100.0,78.7
5688,-22298.38,908.0426,2.15,100.0,78.5
5689,-22269.83,381.1729,2.09,100.0,78.5
5690,-22198.66,518.9113,2.14,100.0,78.6
5691,-22189.94,349.9227,2.16,100.0,78.6
5692,-22231.58,285.3633,2.12,100.0,78.7
5693,-22190.27,419.7527,2.1,100.0,78.8
5694,-22178.26,163.4882,2.09,100.0,78.8
5695,-22167.99,161.3839,2.12,100.0,78.9
5696,-22204.76,135.0916,2.12,100.0,78.9
5697,-22227.48,239.8198,2.1,100.0,79.1
5698,-22214.03,146.1527,2.09,100.0,79.2
5699,-22175.46,210.981,2.13,100.0,79.3
5700,-22244.08,372.1052,2.1,100.0,79.2
5701,-22177.48,219.5187,2.1,100.0,79.2
5702,-22203.49,184.0815,2.09,100.0,79.3
5703,-22164.08,205.9813,2.12,100.0,79.3
5704,-22184.04,116.775,2.12,100.0,79.4
5705,-22136.92,233.1045,2.1,100.0,79.4
5706,-22101.92,71.5546,2.18,100.0,79.3
5707,-22123.29,178.9702,2.11,100.0,79.2
5708,-22098.89,150.6087,2.18,99.4,78.9
5709,-22164.21,196.6721,2.12,100.0,79.0
5710,-22137.46,204.798,2.12,100.0,79.1
5711,-22113.56,375.519,2.08,100.0,79.0
5712,-22170.71,723.682,2.17,100.0,79.1
5713,-22164.97,219.3788,2.09,100.0,79.1
5714,-22208.41,105.643,2.11,100.0,79.2
5715,-22142.59,437.1814,2.11,100.0,79.3
5716,-22090.13,655.999,2.16,100.0,79.3
5717,-22146.91,247.3236,2.11,99.6,79.3
5718,-22154.49,229.7234,2.12,100.0,79.3
5719,-22210.66,715.3978,2.15,100.0,79.4
5720,-22152.75,492.228,2.12,98.6,79.5
5721,-22236.46,297.7638,2.1,99.5,79.6
5722,-22179.47,267.7653,2.14,100.0,79.6
5723,-22165.66,608.6128,2.12,100.0,79.1
5724,-22179.54,566.6988,2.09,100.0,79.1
5725,-22158.01,205.093,2.12,100.0,79.2
5726,-22249.53,522.4598,2.12,100.0,79.2
5727,-22096.61,530.8944,2.13,99.7,79.4
5728,-22229.39,130.4012,2.14,99.9,79.6
5729,-22224.95,79.1276,2.16,100.0,79.8
5730,-22213.34,39.7711,2.15,98.4,80.0
5731,-22179.52,239.8378,2.1,96.7,80.2
5732,-22144.12,207.5053,2.14,100.0,80.2
5733,-22278.89,1291.1847,2.14,100.0,80.3
5734,-22310.33,336.1193,2.11,96.9,79.8
5735,-22295.12,273.252,2.14,100.0,80.0
5736,-22193.93,1691.3987,2.1,100.0,80.0
5737,-22202.69,1480.6216,2.15,100.0,80.0
5738,-22229.04,671.2839,2.07,97.2,79.9
5739,-22160.85,1210.9956,2.17,100.0,80.0
5740,-22197.58,1050.9161,2.16,100.0,79.8
5741,-22136.95,380.5962,2.07,99.2,79.9
5742,-22191.18,349.0175,2.1,96.2,79.8
5743,-22120.56,340.4051,2.14,100.0,80.0
5744,-22221.37,753.452,2.11,100.0,80.0
5745,-22158.31,163.4617,2.07,100.0,79.9
5746,-22185.95,291.9456,2.13,100.0,80.0
5747,-22174.83,409.2443,2.11,100.0,80.1
5748,-22190.26,146.2586,2.11,100.0,80.1
5749,-22141.78,119.172,2.03,97.3,80.1
5750,-22210.6,481.9125,2.08,98.6,80.2
5751,-22133.03,419.3437,2.17,100.0,80.8
5752,-22174.21,110.98,2.09,98.9,80.3
5753,-22208.54,256.1327,2.08,99.4,80.6
5754,-22230.38,1141.239,2.14,100.0,80.6
5755,-22140.91,1319.7129,2.08,100.0,80.7
5756,-22169.78,738.9539,2.1,100.0,80.5
5757,-22128.83,627.9591,2.09,100.0,80.5
5758,-22075.07,401.6453,2.14,100.0,80.6
5759,-22169.88,572.2013,2.11,100.0,80.5
5760,-22147.2,417.3208,2.07,99.8,80.6
5761,-22155.11,272.3181,2.1,100.0,80.7
5762,-22154.12,153.5358,2.14,100.0,80.7
5763,-22154.67,142.3578,2.09,99.0,80.6
5764,-22156.9,819.985,2.09,99.8,80.5
5765,-22049.65,1132.0427,2.09,100.0,80.7
5766,-22217.27,1385.9072,2.11,100.0,80.6
5767,-22168.83,1560.6761,2.08,100.0,80.8
5768,-22240.23,1049.7144,2.05,100.0,80.4
5769,-22239.21,343.8516,2.09,100.0,80.0
5770,-22203.82,439.6732,2.11,100.0,78.7
5771,-22158.23,2530.9088,2.04,90.6,78.7
5772,-22153.89,830.7074,2.12,97.2,78.8
5773,-22177.95,627.3242,2.11,100.0,79.0
5774,-22113.89,332.7179,2.12,100.0,78.8
5775,-22097.4,738.5505,2.07,95.1,79.0
5776,-22067.06,740.1673,2.12,100.0,79.0
5777,-22119.04,901.2485,2.11,100.0,78.8
5778,-22026.99,203.9129,2.11,100.0,78.8
5779,-22088.61,181.9098,2.01,98.1,78.8
5780,-22101.64,138.7666,2.1,99.9,78.1
5781,-22043.29,350.5021,2.06,100.0,78.2
5782,-22154.93,898.7266,2.2,96.6,78.3
5783,-22142.88,1055.1968,2.11,100.0,78.4
5784,-22127.1,216.1146,2.09,98.7,78.4
5785,-22173.76,252.3412,2.1,100.0,78.4
5786,-22186.1,292.8535,2.09,100.0,78.5
5787,-22123.77,343.747,2.09,100.0,78.6
5788,-22242.6,311.0041,2.11,100.0,78.5
5789,-22105.79,912.539,2.1,100.0,78.4
5790,-22030.22,1925.5201,2.21,96.1,78.5
5791,-22068.7,866.0054,2.1,97.9,78.6
5792,-22098.21,980.0323,2.12,99.8,78.5
5793,-22093.59,575.6075,2.11,100.0,78.6
5794,-22057.33,182.9872,2.11,100.0,78.7
5795,-22084.32,254.693,2.1,98.2,78.8
5796,-22134.87,513.1139,2.11,100.0,78.8
5797,-22105.49,273.5954,2.08,100.0,78.7
5798,-22122.69,202.3474,2.18,100.0,78.8
5799,-22137.55,480.1277,2.07,95.0,79.0
5800,-22084.34,154.0726,2.13,100.0,79.0
5801,-22096.37,190.9581,2.14,100.0,79.1
5802,-22190.92,896.5787,2.1,92.0,79.1
5803,-22104.04,477.3239,2.09,99.7,79.2
5804,-22210.91,321.6011,2.1,100.0,79.2
5805,-22197.1,375.2555,2.11,99.9,79.3
5806,-22223.35,138.1488,2.04,97.5,79.0
5807,-22151.93,378.7799,2.14,100.0,79.0
5808,-22168.73,133.4847,2.09,100.0,79.0
5809,-22135.71,263.2543,2.13,100.0,79.1
5810,-22221.64,924.1637,2.06,95.4,79.3
5811,-22229.13,478.0158,2.14,98.2,79.4
5812,-22153.04,194.3324,2.14,100.0,79.3
5813,-22103.23,521.6555,2.11,100.0,79.4
5814,-22136.1,135.924,2.1,100.0,79.5
5815,-22199.57,3136.4944,2.15,100.0,79.5
5816,-22128.59,207.364,2.17,100.0,78.9
5817,-22174.64,224.8409,2.09,98.9,78.9
5818,-22104.02,359.3821,2.17,100.0,79.0
5819,-22102.86,575.7185,2.11,100.0,79.0
5820,-22090.99,810.1027,2.11,100.0,79.0
5821,-22060.06,942.1512,2.13,100.0,79.0
5822,-22116.21,881.1411,2.1,100.0,79.2
5823,-21937.64,1125.7219,2.11,100.0,79.2
5824,-22094.31,642.5271,2.11,97.6,79.2
5825,-22017.47,151.7125,2.09,99.6,79.2
5826,-22101.9,568.9257,2.12,100.0,79.3
5827,-22094.92,519.9908,2.08,97.0,79.3
5828,-22117.47,248.2055,2.1,100.0,79.4
5829,-22144.22,639.7523,2.15,100.0,79.5
5830,-22087.13,637.944,2.11,100.0,79.5
5831,-22035.57,590.2266,2.11,99.3,79.5
5832,-22037.74,259.6062,2.07,100.0,79.6
5833,-22043.22,336.9748,2.17,100.0,79.6
5834,-22123.31,584.3243,2.11,98.1,79.8
5835,-22053.08,205.7106,2.06,93.6,79.3
5836,-22118.28,285.962,2.17,100.0,79.2
5837,-22149.64,342.6771,2.14,100.0,79.3
5838,-22094.05,362.7365,2.09,100.0,79.4
5839,-22156.55,420.391,2.13,97.4,79.5
5840,-22212.01,783.0032,2.13,100.0,79.3
5841,-22092.72,309.5807,2.14,100.0,79.4
5842,-22103.23,235.004,2.11,88.5,79.4
5843,-22140.73,316.4439,2.11,95.3,79.6
5844,-22181.43,620.4099,2.14,100.0,79.6
5845,-22184.95,706.3194,2.11,100.0,79.7
5846,-22240.91,881.0255,2.08,95.6,79.6
5847,-22130.24,1363.7219,2.13,100.0,79.7
5848,-22156.51,716.7651,2.1,100.0,79.7
5849,-22149.26,497.989,2.12,100.0,79.7
5850,-22145.2,720.738,2.02,95.5,79.8
5851,-22176.62,933.2167,2.15,99.4,79.8
5852,-22158.49,350.901,2.08,100.0,79.8
5853,-22135.54,268.3018,2.1,100.0,80.0
5854,-22182.16,196.1864,2.09,95.8,80.5
5855,-22244.2,761.7013,2.12,100.0,80.7
5856,-22156.32,260.2652,2.11,100.0,80.7
5857,-22163.88,629.9129,2.11,100.0,80.6
5858,-22051.49,648.175,2.08,99.7,80.8
5859,-22092.41,649.8084,2.15,100.0,81.0
5860,-22089.53,1083.6929,2.12,100.0,81.0
5861,-22097.55,411.2682,2.06,99.9,81.1
5862,-22135.52,412.3435,2.1,97.1,81.5
5863,-22082.55,489.0112,2.1,100.0,81.5
5864,-22082.89,509.8064,2.13,100.0,81.0
5865,-22084.65,531.4244,2.09,100.0,80.5
5866,-22076.04,404.6345,2.09,100.0,80.5
5867,-22051.31,456.333,2.06,100.0,80.1
5868,-22182.05,970.9012,2.12,100.0,80.1
5869,-22099.26,198.7902,2.08,100.0,80.1
5870,-22072.7,349.0393,2.08,99.4,80.1
5871,-22144.2,185.894,2.09,100.0,80.2
5872,-22148.12,159.2414,2.08,100.0,80.2
5873,-22060.1,433.6364,2.11,100.0,80.1
5874,-22125.47,289.2109,2.11,99.7,80.2
5875,-22067.76,257.1498,2.05,98.3,80.3
5876,-22090.85,167.7217,2.11,100.0,80.4
5877,-22162.13,448.7862,2.09,100.0,80.4
5878,-22054.4,609.8645,2.08,99.1,80.3
5879,-22102.76,319.0838,2.07,100.0,80.4
5880,-22118.14,194.9846,2.09,100.0,80.4
5881,-22001.9,555.1391,2.1,100.0,80.5
5882,-22041.87,320.6395,2.12,100.0,80.5
5883,-22176.76,706.6571,2.07,100.0,80.5
5884,-22133.57,594.3468,2.11,100.0,80.6
5885,-22159.12,174.5428,2.08,100.0,80.7
5886,-22147.41,293.2925,2.1,100.0,80.7
5887,-22105.17,326.4133,2.09,100.0,80.7
5888,-22096.37,152.6152,2.09,100.0,80.7
5889,-22043.95,171.3813,2.07,100.0,80.6
5890,-22109.05,305.4296,2.09,100.0,80.7
5891,-22211.16,810.816,2.03,98.9,80.7
5892,-22120.88,461.8459,2.09,99.3,80.7
5893,-22133.28,346.4337,2.11,100.0,80.7
5894,-22154.45,203.0426,2.13,100.0,80.8
5895,-22140.81,159.9869,2.08,98.2,80.9
5896,-22114.34,90.4635,2.12,100.0,81.0
5897,-22079.82,87.4532,2.13,100.0,80.5
5898,-22140.2,222.0722,2.12,99.4,80.6
5899,-22162.41,85.9658,2.06,91.7,80.6
5900,-22173.65,375.0513,2.12,100.0,80.6
5901,-22133.24,156.8943,2.11,100.0,80.7
5902,-22084.28,735.3651,2.06,99.7,80.7
5903,-22183.15,2045.0743,2.08,97.8,80.8
5904,-22106.9,239.2055,2.12,100.0,80.8
5905,-22169.44,465.4774,2.14,100.0,80.9
5906,-22125.45,561.6854,2.08,100.0,80.9
5907,-22152.73,269.8658,2.07,98.6,81.1
5908,-22225.65,480.168,2.1,100.0,80.9
5909,-22154.77,215.4816,2.1,100.0,81.0
5910,-22179.74,780.7579,2.03,95.1,81.1
5911,-22086.82,699.4202,2.08,98.0,81.2
5912,-22142.6,165.1946,2.11,100.0,81.1
5913,-22099.47,245.4986,2.1,100.0,81.2
5914,-22057.94,156.272,2.07,100.0,81.3
5915,-22127.73,567.6973,2.1,100.0,81.3
5916,-22167.69,600.1193,2.1,100.0,81.2
5917,-22083.39,528.9334,2.09,100.0,81.3
5918,-22129.73,230.4109,2.09,90.2,81.4
5919,-22133.62,405.7969,2.09,99.4,81.5
5920,-22095.83,141.7588,2.13,100.0,81.4
5921,-22161.34,549.1863,2.15,100.0,81.4
5922,-22157.16,253.8299,2.1,97.6,81.6
5923,-22156.41,181.0229,2.11,100.0,81.6
5924,-22203.72,121.4025,2.12,100.0,81.7
5925,-22127.27,650.8334,2.08,100.0,81.6
5926,-22167.1,435.6355,2.07,98.1,82.1
5927,-22090.54,344.6403,2.12,100.0,82.2
5928,-22093.44,188.5917,2.13,100.0,82.2
5929,-22123.74,982.6819,2.05,99.4,82.4
5930,-22068.46,1427.3096,2.09,100.0,82.4
5931,-22092.11,881.7334,2.08,100.0,82.4
5932,-22138.8,1637.898,2.08,100.0,82.5
5933,-22119.57,1909.6753,2.06,100.0,82.5
5934,-22109.51,496.3008,2.07,100.0,82.7
5935,-22104.46,503.1333,2.11,100.0,82.7
5936,-22130.5,419.0938,2.08,100.0,82.8
5937,-22140.49,984.7829,2.02,98.7,82.9
5938,-22124.07,545.8572,2.08,100.0,82.9
5939,-22122.55,2129.3721,2.13,100.0,82.8
5940,-22074.07,1116.4216,2.08,98.8,82.9
5941,-22067.25,653.479,2.06,100.0,82.9
5942,-22079.0,346.2252,2.09,100.0,83.0
5943,-22058.55,356.0813,2.09,100.0,82.9
5944,-22126.09,650.2478,2.13,100.0,82.9
5945,-22024.1,1383.2617,2.05,98.4,83.0
5946,-22047.86,568.1365,2.12,98.6,83.2
5947,-22037.67,398.1776,2.11,100.0,82.7
5948,-22009.85,565.4649,2.08,96.2,82.7
5949,-22041.82,371.0504,2.08,98.4,82.8
5950,-22031.29,472.4622,2.09,100.0,82.9
5951,-22010.56,791.3027,2.11,100.0,82.9
5952,-22025.23,247.4542,2.09,99.2,82.5
5953,-22051.44,368.0758,2.08,98.8,82.5
5954,-22151.02,419.5369,2.08,100.0,82.6
5955,-22059.3,1218.5439,2.11,100.0,82.7
5956,-22012.41,2580.8067,2.05,89.2,82.8
5957,-22097.55,285.2819,2.06,97.3,82.7
5958,-22086.92,190.5378,2.12,100.0,82.8
5959,-22151.05,345.961,2.09,100.0,82.8
5960,-22067.7,667.0902,2.07,95.4,82.8
5961,-22089.56,487.4288,2.08,100.0,82.9
5962,-22048.87,315.4778,2.07,100.0,82.9
5963,-22052.31,1232.7532,2.13,100.0,83.0
5964,-22022.45,442.635,2.09,95.1,83.0
5965,-22072.16,518.4647,2.06,98.6,83.1
5966,-22058.77,1180.281,2.13,100.0,83.2
5967,-22027.02,949.9517,2.11,100.0,83.2
5968,-22023.24,514.9582,2.06,95.0,83.2
5969,-22105.99,1158.4552,2.11,100.0,83.3
5970,-22017.29,353.1094,2.08,100.0,83.3
5971,-22091.77,371.0481,2.08,100.0,83.3
5972,-22039.71,1103.8782,2.07,99.2,83.3
5973,-22027.09,840.6329,2.1,100.0,83.4
5974,-21980.99,518.3541,2.1,100.0,83.4
5975,-22083.52,762.7402,2.11,100.0,83.6
5976,-22025.83,419.0117,2.05,94.7,83.5
5977,-21990.56,205.7575,2.14,100.0,83.6
5978,-22009.7,497.4361,2.09,100.0,83.6
5979,-21998.82,522.6276,2.1,99.8,83.7
5980,-21971.19,150.2516,2.08,100.0,83.7
5981,-22010.88,264.1426,2.1,100.0,83.7
5982,-22076.92,799.5504,2.06,100.0,83.8
5983,-22018.05,434.7089,2.07,99.5,83.9
5984,-22009.07,245.0394,2.06,98.6,84.0
5985,-22028.68,141.4425,2.07,100.0,82.2
5986,-22097.44,2278.212,2.08,91.9,82.3
5987,-22014.51,567.1519,2.08,96.0,82.5
5988,-22025.78,304.1407,2.1,100.0,82.6
5989,-21964.57,431.8983,2.12,100.0,82.6
5990,-22021.29,128.4709,2.07,98.1,82.9
5991,-22032.24,176.7304,2.11,99.6,83.2
5992,-22014.16,440.7398,2.09,100.0,83.3
5993,-22052.52,628.9816,2.13,100.0,83.1
5994,-22035.54,347.0464,2.06,97.2,83.3
5995,-22079.7,207.2335,2.1,99.0,83.6
5996,-21957.63,1162.1802,2.14,100.0,83.6
5997,-22054.36,541.5456,2.09,99.2,83.6
5998,-22051.33,133.0039,2.06,96.7,83.6
5999,-22015.98,109.8974,2.17,100.0,83.6
6000,-22015.43,194.9422,2.07,100.0,83.7
6001,-22070.3,463.7657,2.09,100.0,83.7
6002,-22069.89,273.7834,2.03,97.9,83.8
6003,-21983.12,534.385,2.11,100.0,84.0
6004,-22078.31,244.3195,2.03,100.0,83.2
6005,-22021.09,153.3722,2.04,97.7,83.2
6006,-22027.33,142.405,2.05,100.0,83.3
6007,-22054.7,205.3905,2.06,99.4,83.3
6008,-21980.27,443.6613,2.08,98.8,83.3
6009,-21981.68,201.1412,2.03,100.0,83.3
6010,-22109.4,1547.1826,2.04,100.0,83.4
6011,-22106.3,1378.1989,2.07,100.0,83.4
6012,-22011.7,148.6738,2.1,100.0,83.4
6013,-21979.26,383.0194,2.02,99.2,83.5
6014,-22025.6,1004.6858,2.09,98.8,83.6
6015,-21989.67,477.661,2.08,100.0,83.3
6016,-22047.88,334.3066,2.09,100.0,84.1
6017,-21993.54,160.2582,2.07,100.0,84.0
6018,-22071.37,190.0969,2.03,99.0,84.2
6019,-21995.94,294.8775,2.09,100.0,84.3
6020,-22014.38,162.3906,2.08,100.0,83.5
6021,-22001.67,584.3843,2.08,100.0,83.5
6022,-22070.01,468.2512,2.07,99.1,83.4
6023,-22051.57,474.39,2.09,100.0,83.5
6024,-22109.43,163.4144,2.08,100.0,83.6
6025,-22025.69,357.1889,2.1,99.2,83.5
6026,-22128.23,244.655,2.06,95.5,83.8
6027,-21993.95,1314.4602,2.09,100.0,83.8
6028,-21992.12,542.0703,2.08,100.0,83.9
6029,-22034.7,221.2239,2.09,100.0,83.8
6030,-22025.08,258.0243,2.07,98.5,84.2
6031,-22102.51,534.4572,2.08,100.0,84.3
6032,-22076.83,418.9548,2.1,100.0,84.2
6033,-22170.73,559.2357,2.08,98.4,83.8
6034,-22146.11,199.5418,2.06,91.8,84.0
6035,-22147.2,212.7226,2.12,100.0,84.2
6036,-22034.89,804.0135,2.09,100.0,84.2
6037,-22065.2,462.806,2.07,100.0,83.9
6038,-22130.38,848.049,2.09,96.7,83.6
6039,-22155.23,550.657,2.07,100.0,83.6
6040,-22099.13,152.4206,2.11,100.0,83.3
6041,-22109.87,341.5553,2.08,100.0,83.2
6042,-22082.51,672.6568,2.1,95.8,83.7
6043,-22049.54,217.3143,2.08,100.0,83.7
6044,-22070.02,187.4786,2.11,100.0,83.8
6045,-22075.87,530.6719,2.08,97.5,84.0
6046,-22089.38,362.2011,2.15,98.2,83.2
6047,-22095.06,442.135,2.13,100.0,83.3
6048,-22148.81,305.2746,2.12,100.0,83.3
6049,-22159.1,534.5286,2.11,100.0,83.9
6050,-22137.16,875.4063,2.13,100.0,83.8
6051,-22161.68,1029.1821,2.11,100.0,83.6
6052,-22119.77,1228.4097,2.09,100.0,83.6
6053,-22099.38,242.6894,2.03,98.0,83.9
6054,-22143.2,1149.7084,2.11,100.0,83.9
6055,-22176.6,1197.9526,2.08,99.8,83.4
6056,-22096.35,345.3918,2.11,100.0,83.5
6057,-22159.84,492.2086,2.1,100.0,83.5
6058,-22200.6,309.8686,2.09,100.0,83.5
6059,-22181.54,573.2065,2.07,100.0,83.1
6060,-22180.55,1953.6375,2.1,100.0,83.0
6061,-22199.25,550.4317,2.08,100.0,83.1
6062,-22101.57,1240.7477,2.11,100.0,83.2
6063,-22223.03,508.6989,2.09,100.0,83.2
6064,-22178.43,459.408,2.13,100.0,83.2
6065,-22144.45,571.7703,2.09,99.9,83.2
6066,-22204.72,346.8297,2.11,100.0,83.3
6067,-22189.69,253.6986,2.08,100.0,83.3
6068,-22193.29,614.4321,2.11,99.3,83.4
6069,-22229.68,406.7835,2.08,96.1,83.4
6070,-22183.22,590.1197,2.14,100.0,83.5
6071,-22159.84,947.2792,2.07,99.4,83.5
6072,-22174.77,327.8294,2.1,99.1,83.6
6073,-22129.74,605.6971,2.14,99.3,83.8
6074,-22156.98,367.1463,2.13,100.0,83.8
6075,-22111.96,533.3509,2.14,100.0,83.8
6076,-22194.87,428.4442,2.06,98.3,84.0
6077,-22171.7,558.7216,2.1,97.8,83.9
6078,-22190.76,142.8051,2.14,100.0,83.8
6079,-22185.7,247.064,2.1,98.2,83.7
6080,-22225.88,384.6016,2.11,100.0,83.7
6081,-22222.83,238.6612,2.13,100.0,83.9
6082,-22144.95,329.6345,2.14,100.0,83.9
6083,-22168.26,152.7715,2.12,100.0,83.9
6084,-22179.72,292.5935,2.07,100.0,83.9
6085,-22134.52,1297.1184,2.13,100.0,83.9
6086,-22238.19,536.1667,2.11,100.0,84.0
6087,-22153.26,757.5993,2.1,97.0,84.1
6088,-22206.7,798.6016,2.12,100.0,84.1
6089,-22163.88,229.2521,2.1,100.0,84.0
6090,-22175.08,460.2948,2.13,100.0,84.2
6091,-22140.39,88.4992,2.15,99.4,84.6
6092,-22198.84,158.5885,2.14,100.0,84.7
6093,-22105.56,955.3174,2.17,100.0,84.5
6094,-22195.1,1089.2733,2.09,99.5,84.6
6095,-22143.59,598.3607,2.11,95.1,84.7
6096,-22175.35,939.2938,2.11,100.0,84.7
6097,-22117.61,1374.2746,2.12,100.0,84.7
6098,-22200.69,763.6017,2.09,100.0,84.9
6099,-22101.59,258.1122,2.1,100.0,84.9
6100,-22211.55,802.7236,2.05,100.0,84.9
6101,-22153.37,524.8724,2.17,100.0,84.9
6102,-22187.14,259.6964,2.06,100.0,85.0
6103,-22148.14,172.2871,2.12,100.0,85.0
6104,-22161.4,213.3212,2.08,100.0,85.1
6105,-22145.67,262.8816,2.1,100.0,85.0
6106,-22154.93,261.0908,2.09,100.0,85.2
6107,-22189.38,473.8405,2.14,100.0,85.1
6108,-22182.88,1791.7578,2.1,98.3,85.1
6109,-22097.72,2478.6803,2.11,100.0,85.1
6110,-22185.74,1022.3142,2.09,100.0,85.2
6111,-22174.86,643.8769,2.13,100.0,85.2
6112,-22122.61,1356.0829,2.07,99.0,85.3
6113,-22102.91,529.3742,2.08,98.1,85.4
6114,-22185.53,575.8374,2.1,100.0,85.6
6115,-22160.21,278.2089,2.11,100.0,85.7
6116,-22173.63,276.2174,2.02,94.6,85.7
6117,-22171.65,184.6635,2.13,99.9,85.1
6118,-22157.51,330.0771,2.13,100.0,85.2
6119,-22121.92,337.91,2.18,100.0,85.3
6120,-22166.6,279.2252,2.14,100.0,85.3
6121,-22177.48,378.8006,2.08,100.0,85.3
6122,-22193.98,475.6607,2.17,100.0,85.4
6123,-22151.65,433.8597,2.13,95.1,85.5
6124,-22170.14,514.4135,2.11,98.2,85.6
6125,-22158.44,307.8962,2.11,100.0,85.6
6126,-22239.9,662.3998,2.13,100.0,85.7
6127,-22240.81,398.6562,2.13,99.3,85.8
6128,-22152.97,1136.5825,2.12,100.0,85.8
6129,-22145.71,1117.8528,2.13,100.0,86.0
6130,-22125.72,645.2306,2.14,100.0,85.9
6131,-22114.89,237.412,2.09,96.1,86.0
6132,-22144.14,517.431,2.12,100.0,86.0
6133,-22069.91,213.7153,2.09,100.0,86.1
6134,-22156.61,330.8508,2.13,100.0,86.1
6135,-22121.56,627.9582,2.13,100.0,86.1
6136,-22116.57,566.934,2.11,100.0,86.1
6137,-22112.83,217.5993,2.13,100.0,86.0
6138,-22128.4,486.6645,2.14,100.0,86.1
6139,-22125.83,498.2995,2.13,100.0,86.1
6140,-22096.1,107.6213,2.08,100.0,86.2
6141,-22177.54,634.7685,2.1,94.3,86.2
6142,-22185.37,374.7928,2.12,100.0,86.3
6143,-22230.29,981.9841,2.13,100.0,86.3
6144,-22137.0,2041.6837,2.06,99.9,86.4
6145,-22162.47,842.1372,2.11,99.0,86.5
6146,-22155.11,866.22,2.1,100.0,86.6
6147,-22153.06,1008.7408,2.17,100.0,86.6
6148,-22187.29,1094.7053,2.1,100.0,86.6
6149,-22149.68,902.9299,2.1,99.8,86.8
6150,-22119.98,519.6653,2.1,100.0,86.8
6151,-22177.03,473.0715,2.1,100.0,86.8
6152,-22055.56,360.1812,2.1,99.9,86.9
6153,-22115.31,345.7823,2.14,100.0,87.0
6154,-22115.0,384.0825,2.1,100.0,87.0
6155,-22144.04,232.8625,2.16,100.0,87.0
6156,-22159.58,329.6392,2.12,100.0,87.1
6157,-22187.93,141.9778,2.08,100.0,87.2
6158,-22118.96,582.2628,2.09,100.0,87.3
6159,-22151.42,221.009,2.09,100.0,87.2
6160,-22085.55,415.0367,2.12,100.0,87.3
6161,-22105.26,88.7915,2.14,100.0,87.4
6162,-22160.18,1179.6224,2.16,95.8,87.5
6163,-22175.68,627.4207,2.14,100.0,87.5
6164,-22157.37,157.1115,2.13,100.0,87.5
6165,-22191.76,871.6371,2.09,100.0,87.7
6166,-22160.62,195.9464,2.13,100.0,87.8
6167,-22156.5,164.2333,2.12,100.0,87.7
6168,-22165.01,289.787,2.15,100.0,87.6
6169,-22178.84,2841.6345,2.08,96.0,87.6
6170,-22218.66,718.9999,2.14,99.4,87.7
6171,-22179.04,460.3212,2.14,100.0,87.4
6172,-22239.5,618.1942,2.12,100.0,87.4
6173,-22280.58,498.1747,2.11,100.0,87.3
6174,-22302.47,652.4761,2.12,100.0,87.4
6175,-22348.05,1172.3911,2.15,100.0,87.5
6176,-22239.35,1007.8619,2.1,100.0,87.6
6177,-22285.37,161.1349,2.13,100.0,87.7
6178,-22186.48,781.174,2.15,100.0,87.6
6179,-22270.84,537.9713,2.11,100.0,87.5
6180,-22218.32,532.6081,2.16,100.0,87.6
6181,-22214.13,418.0533,2.11,100.0,87.5
6182,-22234.95,391.0096,2.16,100.0,87.6
6183,-22244.46,198.5979,2.11,100.0,87.8
6184,-22155.67,410.2677,2.13,100.0,87.7
6185,-22209.44,386.3026,2.13,99.3,87.8
6186,-22134.45,172.4769,2.17,100.0,87.8
6187,-22062.64,1055.3938,2.16,100.0,87.9
6188,-22263.88,1705.6752,2.17,97.8,88.1
6189,-22205.75,1098.4365,2.09,92.8,87.9
6190,-22263.93,955.9337,2.13,100.0,88.1
6191,-22256.95,763.1418,2.15,100.0,88.0
6192,-22242.2,486.0781,2.09,94.2,88.1
6193,-22236.05,1208.5211,2.13,99.4,88.1
6194,-22187.36,316.8999,2.12,100.0,88.3
6195,-22224.94,275.3236,2.21,100.0,88.3
6196,-22250.0,284.9503,2.12,97.5,88.2
6197,-22239.09,155.4515,2.15,99.1,88.2
6198,-22123.49,1188.9413,2.14,100.0,88.3
6199,-22253.91,330.1247,2.13,100.0,88.4
6200,-22209.54,200.8278,2.1,99.2,88.4
6201,-22273.94,169.1835,2.14,100.0,86.5
6202,-22206.28,213.5079,2.1,100.0,86.5
6203,-22203.61,377.0484,2.12,100.0,86.6
6204,-22154.65,399.9291,2.07,100.0,86.6
6205,-22174.07,256.3178,2.13,100.0,86.7
6206,-22188.34,251.1059,2.11,100.0,86.7
6207,-22219.49,102.6808,2.08,100.0,86.7
6208,-22169.52,289.0518,2.13,99.8,86.9
6209,-22212.7,241.6349,2.13,100.0,86.9
6210,-22183.3,447.278,2.13,98.6,86.9
6211,-22251.37,594.3427,2.12,100.0,86.9
6212,-22250.7,353.8552,2.11,100.0,87.0
6213,-22215.35,290.2876,2.11,100.0,87.1
6214,-22202.1,665.7169,2.11,100.0,87.1
6215,-22163.66,556.0165,2.07,100.0,87.1
6216,-22194.74,654.5803,2.11,100.0,87.2
6217,-22136.46,157.3331,2.13,100.0,87.3
6218,-22239.45,811.7133,2.13,100.0,87.2
6219,-22268.57,728.2392,2.13,100.0,87.3
6220,-22411.64,3252.1668,2.1,100.0,87.3
6221,-22305.68,267.5541,2.1,100.0,87.5
6222,-22271.41,307.0925,2.15,100.0,87.6
6223,-22305.54,98.2825,2.14,99.8,87.5
6224,-22165.84,2103.0717,2.1,100.0,87.6
6225,-22257.64,426.2579,2.13,99.4,87.6
6226,-22313.54,753.3897,2.22,100.0,87.7
6227,-22260.23,138.2955,2.1,96.5,87.8
6228,-22276.3,404.4623,2.1,100.0,87.7
6229,-22435.34,2548.3463,2.16,100.0,87.7
6230,-22202.7,1056.7511,2.12,100.0,87.8
6231,-22246.95,448.6829,2.11,100.0,87.9
6232,-22278.6,713.3263,2.1,100.0,88.0
6233,-22204.06,817.0142,2.16,100.0,87.9
6234,-22241.23,554.6736,2.11,100.0,88.1
6235,-22221.02,346.9419,2.1,99.1,87.9
6236,-22273.94,444.7862,2.09,100.0,87.5
6237,-22181.47,536.9146,2.19,100.0,87.5
6238,-22230.62,233.793,2.13,100.0,87.6
6239,-22192.0,611.0279,2.1,100.0,87.6
6240,-22309.31,1918.0465,2.13,100.0,87.7
6241,-22182.53,259.228,2.09,100.0,87.0
6242,-22200.81,652.0872,2.07,100.0,87.0
6243,-22280.02,1429.4346,2.09,99.8,87.1
6244,-22250.82,980.9514,2.1,100.0,87.2
6245,-22289.79,405.7962,2.12,100.0,87.2
6246,-22263.27,1036.1731,2.08,100.0,86.0
6247,-22200.11,1910.8802,2.09,99.4,86.0
6248,-22245.49,2066.9821,2.1,100.0,86.1
6249,-22216.3,133.5949,2.12,100.0,86.2
6250,-22170.22,227.1227,2.07,98.4,86.3
6251,-22299.94,1185.9897,2.09,89.3,86.3
6252,-22200.55,351.6748,2.11,100.0,86.4
6253,-22240.55,788.4719,2.15,100.0,86.5
6254,-22203.75,346.281,2.09,100.0,86.7
6255,-22176.8,430.3422,2.13,99.5,86.8
6256,-22252.74,1361.0183,2.12,100.0,86.6
6257,-22256.0,482.4162,2.11,100.0,86.7
6258,-22240.56,371.8505,2.1,100.0,86.8
6259,-22291.64,845.6941,2.09,99.6,86.9
6260,-22227.73,436.6316,2.11,100.0,86.9
6261,-22266.92,262.7222,2.1,100.0,86.9
6262,-22247.25,988.5286,2.11,100.0,86.9
6263,-22216.16,826.0374,2.13,100.0,87.0
6264,-22243.8,526.4178,2.06,100.0,87.0
6265,-22259.17,352.3498,2.13,99.3,87.1
6266,-22166.89,1336.8867,2.11,100.0,87.1
6267,-22257.36,388.4964,2.11,100.0,87.2
6268,-22369.0,1287.3107,2.08,100.0,87.1
6269,-22220.19,295.0916,2.15,100.0,87.2
6270,-22223.75,416.4294,2.07,100.0,87.3
6271,-22172.81,169.7153,2.1,100.0,87.2
6272,-22155.74,139.6718,2.07,99.0,87.3
6273,-22264.91,2887.9152,2.1,100.0,87.2
6274,-22235.89,502.6916,2.1,100.0,87.3
6275,-22300.56,2566.0574,2.12,100.0,87.5
6276,-22231.19,350.4665,2.11,100.0,87.5
6277,-22220.01,158.6163,2.1,100.0,87.4
6278,-22170.43,279.7051,2.22,100.0,88.2
6279,-22265.81,647.2634,2.15,100.0,88.2
6280,-22335.18,856.901,2.1,100.0,88.1
6281,-22276.44,193.502,2.13,100.0,88.0
6282,-22203.13,937.238,2.12,100.0,88.0
6283,-22311.95,314.8365,2.2,100.0,88.0
6284,-22222.77,1126.4852,2.18,100.0,88.0
6285,-22252.28,834.2467,2.09,100.0,88.0
6286,-22249.32,677.7476,2.15,100.0,87.8
6287,-22187.0,404.3611,2.13,100.0,87.8
6288,-22243.09,240.4425,2.17,100.0,87.9
6289,-22201.55,296.7276,2.11,100.0,87.4
6290,-22200.55,401.41,2.1,100.0,87.4
6291,-22171.74,331.5521,2.17,100.0,87.4
6292,-22301.05,3416.7555,2.09,99.2,87.4
6293,-22163.66,417.7213,2.13,100.0,87.4
6294,-22266.11,605.5589,2.11,100.0,87.4
6295,-22242.99,193.8569,2.12,100.0,87.4
6296,-22282.04,541.5104,2.17,100.0,87.4
6297,-22260.49,275.2375,2.08,100.0,87.4
6298,-22199.95,453.4117,2.16,100.0,87.4
6299,-22191.73,111.6156,2.1,100.0,87.3
6300,-22182.63,85.6905,2.13,100.0,87.2
6301,-22224.82,655.1638,2.1,100.0,87.3
6302,-22233.46,259.8964,2.12,100.0,87.4
6303,-22243.05,425.3912,2.13,100.0,87.5
6304,-22117.1,1198.775,2.16,100.0,87.6
6305,-22203.38,281.9731,2.09,87.6,87.5
6306,-22185.79,547.2709,2.15,100.0,87.6
6307,-22187.08,144.8841,2.09,100.0,87.6
6308,-22182.87,154.0179,2.17,100.0,87.7
6309,-22187.92,73.2485,2.12,96.5,87.6
6310,-22161.79,516.9541,2.11,100.0,87.6
6311,-22149.53,120.2754,2.14,100.0,87.7
6312,-22182.77,188.3744,2.11,98.9,87.9
6313,-22212.69,1079.6609,2.18,97.4,87.8
6314,-22139.97,724.6211,2.13,100.0,87.8
6315,-22212.3,487.7083,2.12,100.0,87.9
6316,-22278.51,387.9363,2.13,100.0,88.0
6317,-22213.73,165.6472,2.11,100.0,88.1
6318,-22195.07,236.3428,2.13,100.0,88.0
6319,-22224.14,390.1093,2.1,100.0,88.0
6320,-22298.97,787.651,2.09,100.0,88.1
6321,-22242.49,1110.1943,2.13,100.0,88.1
6322,-22323.11,786.8191,2.08,98.7,88.2
6323,-22272.02,1176.0737,2.14,100.0,88.2
6324,-22303.45,499.8446,2.17,100.0,88.2
6325,-22268.46,423.6407,2.07,98.7,88.3
6326,-22265.11,320.6415,2.1,93.6,88.4
6327,-22309.46,2617.4033,2.13,100.0,88.4
6328,-22258.11,676.2885,2.09,100.0,88.5
6329,-22248.63,101.8639,2.12,100.0,88.3
6330,-22313.5,3464.4615,2.07,98.7,87.6
6331,-22292.71,709.9482,2.11,100.0,87.7
6332,-22261.02,704.4569,2.12,100.0,87.6
6333,-22254.28,265.14,2.1,98.2,87.5
6334,-22170.33,306.4014,2.06,97.6,87.5
6335,-22255.05,1915.997,2.15,100.0,87.6
6336,-22180.4,370.179,2.12,100.0,87.6
6337,-22287.76,644.9998,2.1,100.0,87.6
6338,-22194.41,245.7805,2.06,99.5,88.0
6339,-22250.21,501.2161,2.09,100.0,88.0
6340,-22307.97,719.5079,2.12,100.0,87.9
6341,-22344.82,666.5524,2.09,100.0,88.1
6342,-22226.97,1572.7952,2.09,99.9,88.3
6343,-22213.06,1966.3832,2.11,100.0,88.4
6344,-22282.67,472.01,2.09,100.0,88.4
6345,-22177.77,556.2679,2.11,100.0,88.4
6346,-22173.89,279.2788,2.14,100.0,88.3
6347,-22189.13,671.3708,2.09,100.0,88.5
6348,-22194.83,692.8158,2.11,100.0,88.6
6349,-22145.81,307.5524,2.09,100.0,88.7
6350,-22221.23,1486.3764,2.11,100.0,88.7
6351,-22251.88,377.7658,2.03,97.9,88.8
6352,-22248.62,251.2208,2.13,98.5,89.0
6353,-22285.63,1128.4413,2.11,100.0,89.1
6354,-22379.61,1377.7365,2.11,100.0,89.2
6355,-22324.68,757.4745,2.08,99.6,89.1
6356,-22234.9,1062.8498,2.14,100.0,89.3
6357,-22227.53,912.3993,2.1,100.0,89.2
6358,-22312.17,243.0556,2.11,100.0,89.3
6359,-22174.06,3648.0231,2.15,97.2,88.7
6360,-22190.67,303.9486,2.17,98.8,88.2
6361,-22292.49,365.3693,2.12,100.0,88.3
6362,-22299.14,559.8534,2.12,100.0,88.3
6363,-22254.68,138.6176,2.16,100.0,88.2
6364,-22231.45,311.9436,2.1,100.0,88.2
6365,-22284.14,133.1982,2.16,100.0,88.3
6366,-22201.69,632.4653,2.09,100.0,88.3
6367,-22315.88,974.7357,2.14,99.7,88.4
6368,-22274.48,318.3785,2.11,100.0,88.5
6369,-22252.3,97.1077,2.11,100.0,88.4
6370,-22411.58,1218.4451,2.1,100.0,88.5
6371,-22295.44,138.7634,2.18,100.0,88.6
6372,-22371.09,1415.0793,2.12,100.0,88.8
6373,-22254.51,1499.2184,2.12,100.0,88.7
6374,-22276.66,458.8012,2.12,97.1,88.7
6375,-22338.76,1514.2445,2.15,100.0,88.8
6376,-22259.14,306.5832,2.1,100.0,88.9
6377,-22275.24,533.3618,2.16,100.0,88.9
6378,-22298.5,543.0677,2.15,100.0,88.8
6379,-22285.54,264.8876,2.08,99.1,88.6
6380,-22269.21,119.7321,2.17,100.0,88.6
6381,-22244.57,217.5089,2.12,98.2,88.7
6382,-22246.98,158.4109,2.11,94.2,88.7
6383,-22275.98,185.38,2.09,100.0,89.0
6384,-22301.7,207.446,2.15,100.0,89.0
6385,-22311.57,281.7556,2.17,100.0,89.4
6386,-22203.0,2889.5014,2.09,100.0,89.3
6387,-22138.03,1241.8258,2.11,98.0,89.4
6388,-22222.85,681.6927,2.17,99.9,89.4
6389,-22291.75,2894.6855,2.09,96.2,89.5
6390,-22231.33,619.5181,2.14,98.3,89.7
6391,-22262.19,694.6285,2.11,100.0,89.6
6392,-22212.55,685.1133,2.11,100.0,89.7
6393,-22265.62,1446.3599,2.12,99.4,89.9
6394,-22288.9,331.2903,2.09,100.0,89.8
6395,-22198.8,896.6214,2.11,98.9,89.9
6396,-22264.11,364.0173,2.13,100.0,90.0
6397,-22277.37,450.3509,2.12,99.6,90.1
6398,-22168.42,1166.7715,2.11,100.0,90.1
6399,-22237.05,2147.0012,2.11,100.0,90.2
6400,-22219.64,394.1714,2.09,100.0,90.1
6401,-22191.71,197.261,2.16,100.0,90.3
6402,-22205.82,219.0781,2.09,100.0,90.3
6403,-22220.93,346.2331,2.06,100.0,89.8
6404,-22106.28,1092.8062,2.14,100.0,89.9
6405,-22207.01,516.9709,2.09,100.0,89.8
6406,-22302.49,1983.3809,2.12,100.0,89.8
6407,-22209.91,979.2184,2.03,99.3,89.7
6408,-22181.06,737.1496,2.17,99.0,89.7
6409,-22229.57,307.6946,2.12,100.0,89.6
6410,-22137.1,328.5437,2.12,99.8,89.7
6411,-22249.18,394.6896,2.08,96.4,89.9
6412,-22169.65,161.8489,2.12,100.0,89.9
6413,-22249.22,164.7258,2.08,100.0,90.0
6414,-22274.72,258.4961,2.14,100.0,89.9
6415,-22263.21,374.1567,2.08,98.7,90.0
6416,-22218.04,208.0328,2.13,100.0,90.0
6417,-22276.6,402.635,2.12,100.0,90.0
6418,-22236.04,264.1588,2.11,100.0,90.0
6419,-22227.87,622.9663,2.12,95.3,90.1
6420,-22125.96,1615.2086,2.11,100.0,90.1
6421,-22183.78,1600.4475,2.11,100.0,90.2
6422,-22275.74,1922.6945,2.12,100.0,90.3
6423,-22093.13,505.7322,2.11,100.0,90.1
6424,-22144.48,240.9249,2.14,100.0,90.2
6425,-22199.45,475.4302,2.11,100.0,89.8
6426,-22201.91,1393.8881,2.1,100.0,89.9
6427,-22214.52,153.7747,2.08,100.0,89.8
6428,-22199.07,253.571,2.14,100.0,89.8
6429,-22119.36,627.8027,2.08,98.6,89.9
6430,-22215.86,531.0415,2.12,100.0,90.0
6431,-22181.06,278.3778,2.09,100.0,90.0
6432,-22169.34,681.6713,2.04,100.0,90.2
6433,-22235.07,119.5661,2.09,100.0,90.1
6434,-22221.03,139.973,2.09,100.0,90.1
6435,-22190.39,67.0393,2.18,100.0,89.7
6436,-22172.72,76.7172,2.1,100.0,89.8
6437,-22311.43,1424.8433,2.19,100.0,89.7
6438,-22237.98,627.1084,2.11,99.2,89.8
6439,-22229.72,65.4413,2.13,98.0,90.3
6440,-22222.33,648.9108,2.08,100.0,90.5
6441,-22207.96,679.9333,2.19,100.0,90.5
6442,-22224.9,290.2826,2.12,99.9,90.6
6443,-22201.9,333.336,2.11,100.0,90.9
6444,-22185.31,2311.935,2.11,98.5,91.0
6445,-22202.72,288.393,2.16,100.0,91.1
6446,-22184.4,296.9509,2.1,99.3,91.0
6447,-22201.75,727.9952,2.08,97.5,91.1
6448,-22256.0,2148.4584,2.13,100.0,91.5
6449,-22242.29,692.6767,2.11,100.0,91.7
6450,-22258.66,373.1213,2.16,99.1,91.7
6451,-22287.91,1206.1875,2.11,100.0,91.7
6452,-22221.92,580.6515,2.1,98.3,91.0
6453,-22150.8,812.9132,2.13,100.0,91.1
6454,-22275.61,536.7577,2.13,100.0,91.0
6455,-22177.5,287.8604,2.18,99.3,90.0
6456,-22145.89,582.6535,2.11,100.0,88.5
6457,-22252.84,508.0412,2.11,100.0,88.6
6458,-22133.36,607.3866,2.14,100.0,88.7
6459,-22286.96,1516.6415,2.09,96.1,88.5
6460,-22136.44,812.5261,2.13,100.0,88.6
6461,-22135.29,672.5998,2.1,100.0,88.2
6462,-22126.06,214.1303,2.13,100.0,88.3
6463,-22134.85,310.8436,2.09,99.5,88.4
6464,-22182.11,1226.583,2.14,99.5,88.6
6465,-22191.36,1284.3582,2.12,100.0,88.6
6466,-22192.63,563.4432,2.16,100.0,88.9
6467,-22149.01,397.0763,2.12,94.3,89.4
6468,-22125.69,400.6176,2.11,100.0,89.6
6469,-22113.66,811.8561,2.11,100.0,89.6
6470,-22272.36,1573.7891,2.15,100.0,89.5
6471,-22241.1,1114.1982,2.1,98.8,89.7
6472,-22097.02,1755.4232,2.11,100.0,89.7
6473,-22210.32,252.9063,2.19,100.0,89.7
6474,-22226.38,934.0848,2.09,99.5,88.7
6475,-22265.66,322.7687,2.11,99.6,88.9
6476,-22203.26,260.3821,2.12,100.0,89.0
6477,-22204.18,759.3592,2.09,100.0,88.4
6478,-22159.66,225.628,2.11,100.0,88.4
6479,-22241.72,354.703,2.11,100.0,88.5
6480,-22219.18,343.7965,2.15,100.0,88.3
6481,-22213.51,297.2883,2.08,100.0,88.3
6482,-22161.83,427.8341,2.1,100.0,88.2
6483,-22249.83,1181.3873,2.12,100.0,88.1
6484,-22248.67,3219.5042,2.11,100.0,88.1
6485,-22264.57,797.4174,2.1,99.8,88.1
6486,-22187.22,724.8092,2.13,100.0,88.1
6487,-22142.72,267.0214,2.15,100.0,87.9
6488,-22174.41,269.4111,2.1,98.1,88.0
6489,-22154.88,306.8604,2.13,99.6,88.0
6490,-22197.3,1129.3634,2.19,100.0,88.2
6491,-22211.49,257.5382,2.11,96.5,88.1
6492,-22127.16,825.1166,2.1,100.0,88.0
6493,-22112.48,480.9068,2.13,100.0,88.1
6494,-22089.19,683.2706,2.11,100.0,88.1
6495,-22107.37,960.732,2.13,96.8,88.1
6496,-22099.12,592.1259,2.09,98.4,88.1
6497,-22157.78,311.1367,2.18,100.0,87.9
6498,-22087.77,645.9431,2.14,97.9,87.8
6499,-22076.25,368.9061,2.15,97.6,87.9
6500,-22060.15,370.7001,2.11,100.0,87.9
6501,-22182.4,1489.1527,2.11,100.0,88.2
6502,-22180.15,1141.6293,2.11,98.5,88.4
6503,-22228.23,1075.0692,2.12,99.4,88.5
6504,-22146.1,647.503,2.11,100.0,88.6
6505,-22167.5,129.7145,2.16,100.0,88.6
6506,-22255.02,852.2679,2.09,98.7,88.7
6507,-22216.61,310.5042,2.13,99.9,88.8
6508,-22172.96,480.4658,2.12,100.0,88.7
6509,-22206.59,582.4189,2.14,100.0,88.6
6510,-22227.82,553.0052,2.11,100.0,88.6
6511,-22330.46,409.7368,2.12,100.0,88.7
6512,-22249.42,523.2403,2.09,100.0,88.7
6513,-22216.05,593.3918,2.19,100.0,88.3
6514,-22179.15,756.891,2.1,100.0,88.4
6515,-22114.83,477.9528,2.09,100.0,88.8
6516,-22253.14,2123.9415,2.07,98.6,88.6
6517,-22125.43,363.5064,2.15,99.6,88.6
6518,-22134.22,246.2031,2.11,100.0,88.6
6519,-22163.33,201.1322,2.12,98.6,88.7
6520,-22138.45,838.8923,2.1,100.0,88.6
6521,-22200.08,634.7365,2.12,100.0,88.5
6522,-22095.45,1008.1123,2.12,100.0,88.5
6523,-22152.31,277.9367,2.13,100.0,88.6
6524,-21996.63,1406.9737,2.08,97.0,88.7
6525,-22139.2,505.383,2.14,100.0,88.6
6526,-22051.07,815.5758,2.11,100.0,88.6
6527,-22101.46,574.4596,2.14,99.3,88.6
6528,-22051.44,688.7834,2.09,100.0,88.6
6529,-22108.51,398.2431,2.12,100.0,88.7
6530,-22086.22,662.0502,2.14,99.2,88.8
6531,-22170.18,296.2828,2.14,100.0,88.6
6532,-22093.16,602.5874,2.1,98.3,88.6
6533,-22088.41,811.3825,2.1,100.0,88.7
6534,-22105.15,646.8892,2.1,100.0,88.7
6535,-22074.48,264.801,2.11,100.0,88.8
6536,-22120.12,300.3377,2.13,100.0,88.7
6537,-22120.31,185.7245,2.15,96.4,88.8
6538,-22171.28,394.1271,2.13,100.0,88.8
6539,-22098.89,388.6473,2.29,100.0,89.8
6540,-22135.52,1235.5737,2.11,100.0,89.8
6541,-22123.79,239.3683,2.08,100.0,89.5
6542,-22062.63,813.325,2.1,100.0,89.4
6543,-22033.62,376.0463,2.17,100.0,89.5
6544,-22087.83,307.7836,2.09,99.0,89.1
6545,-22108.89,346.3971,2.09,99.8,89.0
6546,-22098.33,379.7139,2.08,100.0,89.1
6547,-22066.8,321.4019,2.12,100.0,89.1
6548,-22074.06,116.2998,2.08,100.0,89.1
6549,-22184.83,1383.8653,2.11,100.0,89.1
6550,-22149.95,1232.4411,2.07,100.0,89.0
6551,-22147.72,849.4411,2.09,100.0,89.1
6552,-22047.19,994.4812,2.09,100.0,89.2
6553,-22088.89,410.3398,2.12,100.0,89.2
6554,-22054.01,365.0585,2.07,100.0,89.1
6555,-22111.43,547.3573,2.08,100.0,89.2
6556,-22052.08,430.8082,2.1,100.0,89.3
6557,-22128.61,1097.0929,2.13,100.0,89.3
6558,-22139.81,147.4046,2.08,98.3,89.1
6559,-22108.05,385.1437,2.06,100.0,89.0
6560,-22148.98,314.7549,2.1,100.0,89.1
6561,-22071.67,613.8874,2.09,100.0,89.2
6562,-22210.13,1255.828,2.09,100.0,89.2
6563,-22186.99,357.8583,2.07,98.5,89.4
6564,-22173.85,600.5978,2.12,99.6,89.3
6565,-22192.44,293.6066,2.09,100.0,89.4
6566,-22064.53,1674.8193,2.12,100.0,89.5
6567,-22264.34,350.2311,2.08,100.0,89.5
6568,-22111.15,1575.1633,2.12,100.0,89.6
6569,-22144.15,140.7641,2.18,100.0,89.7
6570,-22169.84,405.8705,2.12,100.0,89.7
6571,-22144.24,297.6879,2.14,100.0,89.5
6572,-22178.08,129.7974,2.12,100.0,89.5
6573,-22293.82,826.4928,2.1,100.0,89.6
6574,-22244.85,393.9715,2.12,100.0,89.7
6575,-22204.0,648.506,2.13,100.0,89.7
6576,-22133.31,1179.5497,2.16,100.0,88.7
6577,-22289.46,688.1421,2.12,100.0,88.7
6578,-22124.53,642.2056,2.12,100.0,88.8
6579,-22151.84,1282.2796,2.09,100.0,89.0
6580,-22179.97,403.0162,2.11,100.0,89.0
6581,-22213.63,436.1191,2.12,100.0,89.0
6582,-22182.84,336.3275,2.15,100.0,89.2
6583,-22160.62,552.3457,2.09,96.5,89.1
6584,-22187.44,189.95,2.16,100.0,89.1
6585,-22094.26,365.0731,2.14,100.0,89.2
6586,-22115.39,254.4058,2.12,99.3,89.2
6587,-22086.58,122.2502,2.09,100.0,89.3
6588,-22127.3,116.9639,2.15,100.0,89.3
6589,-22168.11,154.3494,2.12,99.4,89.4
6590,-22162.89,564.9908,2.13,99.9,89.6
6591,-22142.59,226.5406,2.11,100.0,89.4
6592,-22009.78,1783.2333,2.14,100.0,89.6
6593,-22083.32,854.7524,2.09,96.7,89.5
6594,-22112.94,1328.6601,2.15,100.0,89.6
6595,-22164.47,896.4838,2.09,100.0,89.6
6596,-22107.89,188.4858,2.17,100.0,89.9
6597,-22131.49,250.0178,2.13,100.0,89.9
6598,-22070.49,809.7243,2.02,66.0,90.3
6599,-22014.39,1088.8207,2.0,58.2,90.4
6600,-22051.53,778.9792,2.02,54.7,90.4
6601,-22115.95,746.6785,1.95,55.2,90.5
6602,-22095.71,332.2223,1.99,56.6,90.6
6603,-22132.25,327.6207,2.0,55.6,90.8
6604,-22100.7,273.1764,1.95,56.5,91.2
6605,-22094.9,128.6823,1.91,54.7,91.2
6606,-22114.73,308.5994,2.03,55.2,91.2
6607,-22127.3,580.2898,2.0,55.5,91.3
6608,-21995.37,1088.4021,1.98,56.3,91.3
6609,-22101.59,436.9224,2.11,55.6,91.3
6610,-22173.65,795.6387,1.85,54.7,91.5
6611,-22093.42,366.5387,1.87,56.9,91.5
6612,-22083.95,252.9412,2.13,55.0,91.6
6613,-22172.13,932.1503,2.0,55.2,91.7
6614,-22038.12,805.9642,1.93,54.0,91.2
6615,-22132.98,558.537,1.89,55.0,91.3
6616,-22095.64,740.6596,1.99,55.2,91.3
6617,-22120.73,126.376,2.03,57.1,91.6
6618,-22158.16,500.4942,2.09,60.4,92.2
6619,-22086.5,3047.8287,1.94,55.8,92.2
6620,-22046.73,4486.5511,1.96,58.3,92.6
6621,-22055.27,2598.334,1.96,55.7,92.7
6622,-22081.63,1608.7711,2.04,56.7,92.8
6623,-22091.44,628.3058,1.96,56.8,92.9
6624,-22069.06,2533.0328,1.98,54.6,92.8
6625,-22097.73,413.7619,1.94,55.8,92.8
6626,-22020.81,1143.3815,2.05,56.1,93.0
6627,-22044.57,536.4568,2.0,56.5,93.0
6628,-22067.42,997.8393,1.96,55.5,93.1
6629,-22129.52,1154.4285,1.91,55.0,93.1
6630,-22196.83,1218.8071,2.01,55.6,93.3
6631,-22058.35,718.9097,2.06,56.5,93.1
6632,-22120.13,360.4524,2.0,55.9,93.0
6633,-22147.19,370.8393,1.94,55.1,93.0
6634,-22024.04,1026.1188,1.95,54.6,93.1
6635,-22083.3,172.8626,1.86,54.7,93.2
6636,-22099.16,240.3484,2.81,57.9,92.9
6637,-22116.02,1256.9611,2.1,100.0,92.9
6638,-22046.63,785.4548,2.13,100.0,92.9
6639,-22084.81,331.5297,2.14,100.0,92.9
6640,-22181.94,1687.7364,2.17,100.0,92.0
6641,-22198.92,1247.6895,2.12,100.0,92.1
6642,-22152.33,233.8493,2.15,100.0,92.3
6643,-22235.86,1854.4821,2.15,99.6,92.1
6644,-22150.93,868.0057,2.14,98.5,92.1
6645,-22084.11,1343.6176,2.1,90.0,92.2
6646,-22098.74,676.9606,2.02,54.5,92.4
6647,-22040.65,1293.0872,1.92,53.5,92.5
6648,-22091.94,398.0317,1.97,54.5,92.6
6649,-22134.14,846.4758,1.94,54.0,92.6
6650,-22125.66,325.2487,1.94,54.5,92.6
6651,-22100.72,315.4488,1.95,53.2,92.6
6652,-22099.26,705.0855,2.0,54.5,92.7
6653,-22178.07,940.9413,1.91,54.7,92.8
6654,-22130.64,624.2885,1.97,55.1,92.9
6655,-22176.74,259.2958,2.02,54.5,93.1
6656,-22247.47,389.7925,1.96,54.1,93.2
6657,-22226.21,474.3868,1.95,55.6,93.2
6658,-22147.67,961.6063,1.97,54.9,93.3
6659,-22226.13,427.4182,1.93,53.3,93.3
6660,-22275.37,327.49,2.06,54.0,93.3
6661,-22211.65,207.3885,2.01,55.3,93.4
6662,-22127.8,429.5595,1.9,54.1,93.3
6663,-22132.67,1342.8142,1.98,53.9,93.4
6664,-22218.24,565.9342,2.04,54.3,93.5
6665,-22246.4,953.7735,2.4,53.8,93.5
6666,-22186.59,494.7926,1.92,54.1,93.6
6667,-22220.69,298.3973,1.93,55.9,93.6
6668,-22244.99,297.7785,1.94,54.1,93.7
6669,-22211.9,289.7476,1.95,53.8,93.8
6670,-22208.49,146.049,1.9,54.6,93.8
6671,-22245.23,428.842,1.91,53.7,93.7
6672,-22232.14,173.3402,2.0,55.8,93.9
6673,-22206.01,134.7486,2.01,54.8,94.0
6674,-22180.96,219.3491,1.96,54.8,94.0
6675,-22270.82,506.1808,1.89,55.5,94.2
6676,-22255.4,173.3336,1.86,54.3,93.3
6677,-22244.99,387.9945,1.95,55.4,93.2
6678,-22095.68,1684.1073,1.96,50.3,92.4
6679,-22217.68,171.6092,1.93,55.1,92.6
6680,-22225.96,445.0683,1.94,53.3,91.9
6681,-22250.07,601.2507,1.94,54.6,91.9
6682,-22245.36,112.1853,1.96,53.7,91.9
6683,-22228.9,368.4722,1.87,53.3,91.8
6684,-22238.7,95.1817,1.91,50.8,91.8
6685,-22229.61,166.3296,1.88,53.5,91.6
6686,-22198.27,87.6146,1.97,53.4,91.7
6687,-22194.37,167.5014,1.98,53.6,91.8
6688,-22253.87,322.3817,1.94,54.4,91.9
6689,-22233.39,134.587,1.98,54.5,91.8
6690,-22252.75,258.3008,1.89,53.8,91.8
6691,-22186.49,239.7425,2.1,54.1,92.0
6692,-22287.88,536.6056,1.96,54.2,91.9
6693,-22255.31,518.6189,2.0,56.9,92.1
6694,-22306.68,847.4551,1.96,56.3,92.3
6695,-22174.89,2281.9063,2.2,85.5,92.4
6696,-22273.18,322.0825,2.13,100.0,92.4
6697,-22267.7,446.4984,1.97,57.3,92.6
6698,-22275.76,346.3538,1.86,53.9,92.7
6699,-22219.5,621.4659,1.86,54.9,92.8
6700,-22276.9,335.8041,1.9,54.4,92.7
6701,-22282.24,865.7345,1.93,54.3,92.7
6702,-22226.07,1056.5489,1.91,54.4,92.3
6703,-22121.27,1560.0057,1.85,54.1,92.4
6704,-22186.63,1052.7788,2.16,48.7,88.6
6705,-22105.0,759.5112,1.89,54.9,88.7
6706,-22037.36,243.3133,1.91,54.7,88.6
6707,-22139.81,844.4412,1.94,55.1,88.7
6708,-22064.66,941.5184,1.9,53.9,88.8
6709,-22061.46,314.9907,1.89,54.4,88.9
6710,-22171.28,635.4755,1.86,54.4,88.9
6711,-22096.62,395.8332,1.96,54.5,88.8
6712,-22197.25,778.6003,1.91,53.8,87.6
6713,-22060.69,1167.5522,1.89,54.3,87.7
6714,-22145.48,766.1237,1.84,54.3,87.7
6715,-22183.93,189.9836,1.91,54.9,87.8
6716,-22104.05,755.4417,1.9,54.0,87.9
6717,-22135.62,262.4011,1.84,54.5,87.1
6718,-22050.16,979.2393,1.91,54.6,87.2
6719,-22116.5,282.6602,1.89,54.7,87.3
6720,-22076.01,774.3622,1.87,54.3,87.3
6721,-22089.15,1922.421,1.82,53.8,87.4
6722,-22006.24,544.6976,1.89,54.9,87.2
6723,-22084.22,391.1896,1.9,54.4,87.3
6724,-22103.41,1518.5122,1.86,54.9,87.4
6725,-22177.69,606.9246,1.85,54.6,87.4
6726,-22080.78,412.5241,1.89,53.7,87.5
6727,-22122.05,337.8933,1.86,54.5,87.6
6728,-22128.47,216.9595,1.92,54.1,87.5
6729,-22129.04,128.454,1.87,54.2,87.6
6730,-22123.19,556.4117,1.87,54.1,87.5
6731,-22120.15,340.7999,1.94,55.1,87.6
6732,-22206.84,1502.5797,1.96,54.6,87.6
6733,-22111.78,131.2897,1.84,55.1,87.6
6734,-22060.81,874.0185,1.84,54.2,87.5
6735,-22150.49,194.499,1.95,54.4,87.6
6736,-22121.04,650.9476,1.87,54.9,87.6
6737,-22123.66,265.4555,1.87,54.0,87.7
6738,-22204.97,823.9213,1.87,55.9,87.7
6739,-22041.17,2165.6758,1.86,54.8,87.7
6740,-22130.27,231.4563,1.96,54.7,87.8
6741,-22137.16,266.2682,1.91,53.9,87.9
6742,-22117.38,403.2602,1.84,55.4,87.9
6743,-22092.25,2430.0312,1.8,54.1,87.9
6744,-22143.2,415.4899,1.85,54.0,87.9
6745,-22093.21,624.1366,1.83,54.2,87.9
6746,-22042.22,589.6969,1.83,54.1,87.9
6747,-22117.78,602.1286,1.83,53.5,88.0
6748,-22129.8,1048.3753,1.8,54.2,88.0
6749,-22068.51,1015.2691,1.86,54.4,88.0
6750,-22191.16,933.3464,1.85,53.1,87.9
6751,-22105.38,709.8129,1.8,53.9,87.9
6752,-22079.91,474.039,1.81,53.8,88.0
6753,-22166.78,213.3627,1.86,54.2,88.1
6754,-22097.93,532.6102,1.83,53.9,87.9
6755,-22008.78,957.7395,1.83,53.8,87.9
6756,-22143.15,368.0607,1.82,53.5,88.0
6757,-22220.82,615.1122,1.82,54.4,88.1
6758,-22189.71,779.7646,1.85,54.9,88.1
6759,-22126.6,619.311,1.83,50.3,87.8
6760,-22153.98,1056.9443,1.8,49.7,87.8
6761,-22252.94,891.6241,1.77,54.3,87.8
6762,-22172.0,274.8271,1.82,54.1,87.8
6763,-22043.66,1647.7614,1.76,53.7,87.9
6764,-22221.0,975.1074,1.81,53.0,87.9
6765,-22058.2,1619.2112,1.77,52.6,87.9
6766,-22059.36,464.5042,1.82,54.5,88.0
6767,-22093.18,808.8797,1.81,52.8,87.5
6768,-22101.72,228.5717,1.82,54.2,86.3
6769,-22104.05,467.4438,1.83,54.7,86.4
6770,-22134.81,594.3855,1.81,54.5,86.3
6771,-22205.16,828.1754,1.79,54.4,86.4
6772,-22075.0,1428.5071,1.85,54.6,86.5
6773,-22158.03,530.3961,1.86,54.0,86.6
6774,-22099.81,1325.7704,1.86,53.5,86.3
6775,-22098.05,274.63,1.83,54.6,86.2
6776,-22113.09,669.1426,1.85,53.7,86.3
6777,-22196.68,1356.9833,5.87,53.3,86.2
6778,-22067.42,598.4154,1.86,53.1,86.5
6779,-22093.55,359.9869,1.89,54.9,86.5
6780,-22089.53,67.2941,1.89,54.0,86.0
6781,-22211.24,2069.4789,1.84,54.6,86.0
6782,-22159.66,500.6324,1.85,54.0,85.8
6783,-22196.36,1375.002,1.87,54.5,85.9
6784,-22135.2,1159.0361,1.87,55.1,86.1
6785,-22165.02,683.3168,1.93,54.0,86.2
6786,-22088.35,670.7671,1.89,53.8,86.1
6787,-22229.96,393.326,1.85,54.7,86.0
6788,-22102.15,449.0335,1.88,54.4,86.1
6789,-22268.68,1233.8271,1.92,54.7,86.2
6790,-22266.84,1593.683,1.89,55.1,86.2
6791,-22202.2,388.9415,1.87,54.8,86.1
6792,-22152.04,1212.1755,1.83,54.7,86.2
6793,-22192.58,746.9943,1.86,54.6,86.1
6794,-22179.56,171.9828,1.89,55.2,86.2
6795,-22078.88,522.1469,1.89,54.1,86.2
6796,-22228.76,985.4454,1.87,52.0,85.8
6797,-22119.33,502.3466,1.82,54.3,85.8
6798,-22222.48,984.0001,1.84,54.8,85.9
6799,-22099.13,604.3081,1.97,54.5,85.8
6800,-22234.72,675.853,1.87,55.0,86.0
6801,-22078.45,652.0862,1.93,54.6,85.9
6802,-22117.89,443.7806,1.85,54.6,86.0
6803,-22146.61,490.0534,1.86,54.3,85.9
6804,-22026.13,1395.2668,1.93,54.7,86.1
6805,-22086.7,290.6672,1.95,54.8,86.1
6806,-22107.76,426.4452,1.87,53.7,86.0
6807,-22156.42,292.2434,1.86,54.5,86.1
6808,-22099.19,475.3888,1.96,54.2,86.2
6809,-22158.04,349.268,1.91,54.6,86.2
6810,-22116.7,374.7961,1.91,54.2,86.2
6811,-22228.39,1246.9137,1.88,54.1,86.1
6812,-22176.29,266.3404,1.85,55.5,86.3
6813,-22168.15,381.6425,1.87,54.6,86.3
6814,-22142.1,289.7188,1.85,53.1,86.3
6815,-22126.38,234.037,1.81,53.8,86.3
6816,-22164.1,406.4627,1.94,53.6,87.3
6817,-22095.63,600.3808,1.81,53.9,87.5
6818,-22162.38,191.1567,1.85,54.9,87.5
6819,-22198.25,209.3871,1.83,54.0,87.5
6820,-22113.98,376.9621,1.83,53.8,87.5
6821,-22226.08,141.3251,1.82,53.5,87.5
6822,-22193.16,95.2286,1.91,54.4,87.5
6823,-22137.47,258.2811,1.92,54.9,87.6
6824,-22104.31,388.9578,1.89,54.3,87.6
6825,-22135.35,87.0219,1.88,54.8,87.6
6826,-22171.91,245.1167,1.9,54.6,87.6
6827,-22120.3,253.6654,1.93,54.8,87.6
6828,-22176.3,185.4742,1.91,54.9,87.7
6829,-22194.93,555.5728,1.91,54.5,87.8
6830,-22096.82,470.4998,1.82,54.0,87.6
6831,-22114.52,253.6522,1.92,55.0,87.7
6832,-22093.5,156.5842,1.9,54.0,87.9
6833,-22175.8,717.9305,1.88,54.2,87.8
6834,-22176.02,705.5718,1.86,54.3,87.8
6835,-22179.95,272.2518,1.86,54.7,87.8
6836,-22063.8,2037.6716,1.83,53.7,87.9
6837,-22069.36,3280.9844,1.87,54.4,87.9
6838,-22189.29,172.5697,1.85,51.7,87.9
6839,-22145.86,491.8754,1.76,53.0,87.9
6840,-22115.77,389.233,1.8,53.4,88.0
6841,-22203.93,648.3139,1.84,54.5,88.0
6842,-22166.42,389.4785,1.86,54.4,88.0
6843,-22123.76,508.5076,1.81,53.7,88.1
6844,-22150.57,336.6916,1.83,53.5,88.0
6845,-22149.98,141.1041,1.85,53.9,88.2
6846,-22114.52,574.7549,1.88,54.3,88.2
6847,-22203.31,345.622,1.87,54.2,88.1
6848,-22096.65,520.1376,1.84,52.8,87.9
6849,-22052.8,723.9481,1.89,55.6,88.0
6850,-22063.2,912.6999,1.88,54.6,88.0
6851,-22160.9,1406.9377,1.94,54.8,88.0
6852,-22143.03,668.6476,1.85,52.5,88.0
6853,-22089.28,172.657,1.88,54.7,88.2
6854,-22134.38,251.2225,1.91,54.7,88.2
6855,-22056.59,1007.9873,1.92,55.0,88.1
6856,-22153.4,294.9856,1.93,55.5,88.2
6857,-22069.57,206.3116,1.86,54.0,88.2
6858,-22223.84,1385.2037,1.92,54.2,88.3
6859,-22254.79,4189.5634,1.98,55.0,88.2
6860,-22262.22,3662.6834,1.93,52.4,88.1
6861,-22301.21,3238.9403,1.84,54.6,88.1
6862,-22273.71,901.5684,1.87,54.3,88.1
6863,-22307.53,1628.0912,1.96,54.8,88.2
6864,-22329.76,1071.0251,1.92,53.8,88.2
6865,-22306.55,1695.9191,1.89,54.9,88.3
6866,-22307.61,1371.6732,1.86,54.1,88.3
6867,-22190.39,827.4545,1.85,53.9,88.2
6868,-22192.92,773.4896,1.93,54.8,88.3
6869,-22182.39,354.1321,1.92,52.8,88.3
6870,-22281.97,1664.5484,1.85,54.4,88.3
6871,-22254.74,1589.0063,1.87,54.5,88.4
6872,-22247.4,430.1704,1.97,55.0,88.3
6873,-22302.67,276.3672,1.88,54.8,88.4
6874,-22282.66,1048.5358,1.9,54.8,88.5
6875,-22242.03,1117.021,1.85,54.1,88.6
6876,-22226.09,698.5307,1.88,55.1,88.7
6877,-22233.51,660.085,1.96,54.6,88.9
6878,-22171.97,186.8474,1.89,54.2,88.7
6879,-22167.61,403.4854,1.87,53.9,88.8
6880,-22203.45,444.5551,1.83,55.6,88.8
6881,-22137.44,968.5637,1.95,54.8,88.9
6882,-22172.4,717.9039,1.88,54.0,89.0
6883,-22234.34,277.7698,1.93,54.7,89.0
6884,-22206.33,290.8457,1.87,54.4,88.9
6885,-22170.18,199.4588,1.9,55.5,89.0
6886,-22142.12,220.5838,1.96,55.3,89.1
6887,-22159.42,421.514,1.89,53.8,89.3
6888,-22086.07,226.0962,1.83,54.7,89.2
6889,-22130.82,627.237,1.84,54.5,89.2
6890,-22146.82,254.4827,1.95,55.0,89.3
6891,-22113.43,156.4291,1.85,54.5,89.4
6892,-22114.24,205.7387,1.97,54.5,89.4
6893,-22106.42,558.6069,1.87,53.4,89.4
6894,-22164.75,307.8246,1.82,54.2,89.4
6895,-22197.91,662.5188,1.96,54.9,89.5
6896,-22143.94,154.4571,1.93,54.7,89.5
6897,-22184.78,272.6895,1.89,53.8,89.5
6898,-22240.4,218.0792,1.82,54.4,89.6
6899,-22183.3,466.2973,1.8,54.3,89.7
6900,-22111.14,1544.8938,1.82,49.8,89.7
6901,-22249.07,530.7074,1.86,53.9,89.7
6902,-22178.63,175.6084,1.92,54.4,89.8
6903,-22185.79,88.5518,1.91,55.0,89.9
6904,-22080.51,1160.8824,1.88,54.0,90.0
6905,-22226.61,299.3568,1.89,54.8,90.0
6906,-22141.2,970.523,1.84,53.8,89.2
6907,-22100.62,333.1624,1.9,54.8,89.3
6908,-22092.64,1144.9022,1.95,55.0,89.3
6909,-22050.87,286.2866,1.9,52.7,89.3
6910,-22080.58,493.6936,1.87,54.7,89.3
6911,-22033.04,278.7755,1.9,54.7,89.4
6912,-22148.35,676.5872,1.94,54.6,89.4
6913,-22059.04,178.7867,1.91,54.6,89.4
6914,-22136.8,339.7255,1.9,54.9,89.5
6915,-22207.16,1622.7276,1.82,54.6,89.5
6916,-22195.95,895.1437,1.9,53.7,89.6
6917,-22160.92,961.6036,1.92,54.1,89.6
6918,-22157.27,748.2684,1.91,54.2,89.5
6919,-22079.6,689.3321,1.89,54.1,89.6
6920,-22135.78,352.0968,1.84,55.0,89.7
6921,-22200.41,563.3853,1.87,54.9,89.7
6922,-22111.16,349.156,1.86,54.8,89.8
6923,-22064.61,460.6114,1.94,53.9,89.7
6924,-22086.82,240.3455,1.84,54.6,89.5
6925,-22104.01,384.8814,1.84,54.9,89.5
6926,-22115.52,282.0887,1.88,54.5,89.6
6927,-22211.94,288.4617,1.9,54.4,89.6
6928,-22194.44,226.0138,1.83,53.9,89.7
6929,-22133.96,797.05,1.83,54.1,89.5
6930,-22158.07,378.6494,1.81,54.2,89.6
6931,-22218.19,192.7798,1.84,53.5,89.7
6932,-22248.98,398.4034,1.88,54.1,89.7
6933,-22209.4,231.2013,1.86,53.2,89.6
6934,-22162.47,343.7074,1.9,54.4,89.7
6935,-22177.48,254.4604,1.9,54.4,89.7
6936,-22213.2,168.1993,1.88,55.2,89.8
6937,-22160.1,116.4181,1.86,54.2,89.8
6938,-22183.78,162.71,1.86,54.3,89.8
6939,-22147.12,1274.6775,1.83,54.0,89.9
6940,-22212.65,616.4638,1.88,54.4,89.9
6941,-22154.91,186.1531,1.87,54.9,89.8
6942,-22173.83,205.1467,1.86,54.4,89.9
6943,-22090.57,221.2221,1.83,55.0,90.0
6944,-22159.96,441.2458,1.85,55.1,90.0
6945,-22188.2,523.6092,1.9,54.0,90.2
6946,-22184.2,342.9257,1.83,54.7,90.0
6947,-22155.75,311.1136,1.9,54.7,90.1
6948,-22124.1,608.6848,1.88,53.4,90.2
6949,-22138.28,261.6858,1.89,54.6,90.2
6950,-22087.72,84.8184,1.84,53.8,89.7
6951,-22102.81,170.4939,1.82,54.7,89.6
6952,-22140.44,202.2939,1.84,54.4,89.6
6953,-22106.89,1862.2405,1.81,53.9,89.6
6954,-22151.68,183.5489,1.81,53.2,89.7
6955,-22149.69,73.6672,1.81,53.6,89.7
6956,-22118.37,121.8988,1.79,53.1,89.7
6957,-22132.04,272.245,1.8,53.8,89.7
6958,-22148.72,376.3873,1.77,53.7,89.7
6959,-22210.35,411.5688,1.73,53.0,89.7
6960,-22241.29,484.9564,1.75,52.9,89.8
6961,-22192.57,1101.0275,1.76,53.3,89.8
6962,-22214.21,722.6862,1.74,53.6,89.8
6963,-22188.59,503.2496,1.78,53.2,89.8
6964,-22208.81,305.657,1.84,52.3,89.7
6965,-22185.2,695.893,1.81,53.9,89.6
6966,-22175.36,255.4458,1.87,54.3,89.7
6967,-22241.63,428.7519,1.83,54.8,89.8
6968,-22145.52,434.9189,1.84,53.8,89.8
6969,-22245.97,264.1054,1.83,54.7,89.9
6970,-22201.42,405.873,1.82,52.1,89.8
6971,-22195.03,103.1481,1.79,53.6,89.8
6972,-22118.17,214.7931,1.82,54.1,89.8
6973,-22181.35,157.3469,1.87,53.6,90.0
6974,-22153.85,108.5613,1.89,52.8,90.0
6975,-22075.9,1018.5347,1.89,53.6,90.0
6976,-22159.53,142.3099,1.89,54.1,88.8
6977,-22311.55,1680.2862,1.83,54.0,88.9
6978,-22276.82,427.0843,1.91,55.2,89.0
6979,-22300.89,240.0067,1.91,53.9,88.7
6980,-22263.22,543.9777,1.89,54.2,88.6
6981,-22239.66,927.869,1.84,55.4,88.7
6982,-22182.86,986.1297,1.91,54.8,88.8
6983,-22221.96,161.0134,1.88,54.1,88.9
6984,-22178.59,48.4808,1.91,54.0,88.9
6985,-22152.31,236.225,1.9,55.0,88.8
6986,-22075.9,580.4738,1.84,53.6,88.9
6987,-22164.04,282.5153,1.94,54.8,88.9
6988,-22167.68,299.9373,1.9,55.1,89.0
6989,-22254.66,591.1831,1.82,54.3,88.9
6990,-22163.34,149.6204,1.83,54.4,89.1
6991,-22126.32,850.5111,1.85,54.1,89.0
6992,-22185.77,523.7367,1.86,54.7,89.0
6993,-22152.49,106.6269,1.83,54.1,89.0
6994,-22137.19,787.8737,1.85,54.5,89.1
6995,-22220.53,542.3306,1.84,53.8,89.1
6996,-22166.97,82.9028,1.84,54.2,89.2
6997,-22183.75,144.9713,1.84,54.4,89.2
6998,-22190.13,62.4759,1.8,53.6,89.2
6999,-22096.44,297.2434,1.8,53.6,89.2
7000,-22098.87,932.125,1.81,51.3,89.0
7001,-22208.27,546.3165,1.76,53.3,89.1
7002,-22126.21,711.9683,1.76,53.7,89.1
7003,-22188.85,196.8271,1.78,53.2,89.1
7004,-22116.31,1059.026,1.81,53.5,89.0
7005,-22193.74,54.4779,1.79,53.3,89.1
7006,-22095.16,1858.2662,1.78,53.5,89.1
7007,-22112.82,83.3077,1.73,53.8,89.2
7008,-22161.6,1869.2155,1.73,53.2,89.1
7009,-22111.88,611.6151,1.76,53.3,89.1
7010,-22203.36,1110.1222,1.79,52.8,89.2
7011,-22127.66,702.2209,1.76,53.0,89.1
7012,-22154.61,573.2024,1.75,53.2,89.2
7013,-22224.54,556.1275,1.76,52.9,89.3
7014,-22072.2,1472.2027,1.75,53.0,89.2
7015,-22218.32,306.1675,1.78,53.4,89.3
7016,-22072.2,1137.4973,1.77,53.1,89.2
7017,-22075.91,1223.2177,1.73,52.7,89.3
7018,-22186.39,478.5278,1.71,52.4,89.4
7019,-22208.01,689.9675,1.72,52.6,89.4
7020,-22092.99,2287.9073,1.75,52.9,89.3
7021,-22094.63,1105.5032,1.76,53.1,89.3
7022,-22102.02,372.4082,1.8,52.0,89.3
7023,-22117.16,415.5327,1.86,54.5,89.4
7024,-22163.81,831.5681,1.84,54.4,89.4
7025,-22121.98,767.7912,1.87,54.3,89.3
7026,-22090.46,393.5136,1.82,54.0,89.4
7027,-22174.18,416.5243,1.83,53.0,89.4
7028,-22210.8,749.1407,1.79,51.6,89.5
7029,-22110.42,233.9371,1.8,53.8,89.5
7030,-22157.86,269.8687,1.83,54.2,89.5
7031,-22237.09,878.4081,1.85,53.2,89.6
7032,-22248.59,814.7659,1.79,53.0,89.7
7033,-22321.2,524.8986,1.8,53.6,89.6
7034,-22244.32,603.4996,1.88,53.9,89.7
7035,-22253.68,443.5147,1.82,54.8,89.8
7036,-22244.98,707.0367,1.87,54.0,89.8
7037,-22222.76,335.375,1.82,53.5,89.8
7038,-22283.86,288.1966,1.83,53.8,89.8
7039,-22185.69,255.3592,1.87,54.5,89.9
7040,-22219.04,86.2929,1.93,54.7,90.1
7041,-22190.63,62.024,1.88,54.1,90.0
7042,-22118.72,140.0299,1.87,53.3,89.8
7043,-22060.55,935.4364,1.9,54.4,89.9
7044,-22191.25,1040.6277,1.88,54.6,89.9
7045,-22230.68,1242.9763,1.89,54.1,90.0
7046,-22090.23,211.22,1.86,54.0,90.0
7047,-22094.95,209.8986,1.83,53.9,90.0
7048,-22178.31,895.3897,1.84,54.2,90.0
7049,-22246.66,1088.5067,1.88,54.0,90.1
7050,-22176.62,219.7852,1.84,54.4,90.0
7051,-22162.83,753.0571,1.91,53.9,90.1
7052,-22228.69,287.3246,1.83,54.3,90.1
7053,-22234.85,275.3376,1.85,53.9,90.2
7054,-22256.12,253.0113,1.81,54.0,90.1
7055,-22176.18,687.6945,1.87,53.9,90.2
7056,-22241.99,188.1208,1.81,54.5,90.2
7057,-22236.93,197.1363,1.82,53.7,90.3
7058,-22222.8,191.3558,1.79,52.5,90.1
7059,-22291.5,1336.9455,1.77,52.9,90.2
7060,-22277.98,319.8309,1.82,53.6,90.2
7061,-22260.49,158.4535,1.84,52.6,90.2
7062,-22162.15,880.3889,1.79,53.2,90.2
7063,-22265.53,95.2463,1.78,53.3,90.2
7064,-22271.7,219.5255,1.74,52.7,90.2
7065,-22201.91,200.9991,1.8,50.9,90.2
7066,-22229.85,261.1614,1.86,54.2,90.2
7067,-22170.67,406.0464,1.84,51.3,90.0
7068,-22272.73,575.6985,1.85,54.7,90.0
7069,-22290.27,1813.2333,1.8,53.9,90.0
7070,-22265.33,513.0947,1.83,54.0,90.1
7071,-22257.44,113.4288,1.92,53.5,89.9
7072,-22202.47,258.3124,1.88,51.1,89.7
7073,-22203.33,853.8261,1.83,52.9,89.8
7074,-22229.18,1109.2571,1.91,54.1,89.9
7075,-22235.79,392.7011,1.89,54.7,89.9
7076,-22138.96,1030.3558,1.9,54.5,89.9
7077,-22235.74,389.5373,1.87,54.3,89.9
7078,-22128.32,480.3658,1.88,55.1,90.0
7079,-22170.75,45.5143,1.86,54.5,90.1
7080,-22210.35,378.3019,1.92,55.0,90.2
7081,-22198.74,1175.4544,1.88,53.7,90.2
7082,-22124.63,1393.2825,1.85,53.9,90.2
7083,-22155.78,915.7433,1.88,54.8,90.3
7084,-22197.09,819.5113,1.95,55.1,90.3
7085,-22213.41,289.129,1.89,54.2,90.5
7086,-22208.4,178.2968,1.92,54.4,90.5
7087,-22143.39,750.4431,1.9,54.0,88.9
7088,-22168.0,705.9825,1.9,54.8,88.8
7089,-22132.29,112.587,1.92,54.9,89.1
7090,-22198.91,709.7981,1.86,55.1,89.2
7091,-22141.78,253.3065,1.92,54.2,89.2
7092,-22064.61,262.4282,1.9,54.0,89.0
7093,-22109.16,425.9384,1.87,55.4,89.1
7094,-22142.96,371.1166,1.85,54.4,89.2
7095,-22093.49,1105.9327,1.93,55.2,89.3
7096,-22212.61,654.2542,1.88,54.0,89.3
7097,-22041.68,398.6336,1.86,54.0,89.3
7098,-22173.49,214.7313,1.87,54.6,89.3
7099,-22162.3,928.4872,1.83,54.4,89.4
7100,-22163.82,483.2482,1.88,54.2,89.5
7101,-22145.07,216.573,1.88,55.4,89.4
7102,-22129.66,71.266,1.89,54.7,89.5
7103,-22141.97,109.8737,1.82,54.1,89.5
7104,-22184.77,487.2617,1.83,54.2,89.6
7105,-22047.28,1797.0881,1.93,54.6,89.7
7106,-22085.78,689.2788,1.9,54.8,89.7
7107,-22182.11,712.9243,1.88,54.3,89.7
7108,-22123.1,246.5089,1.85,55.0,89.8
7109,-22199.04,311.5599,1.97,54.2,90.5
7110,-22200.79,331.4648,1.87,53.7,90.7
7111,-22145.96,477.3729,1.87,54.0,90.7
7112,-22126.25,319.665,1.78,51.2,90.4
7113,-22208.01,331.7085,1.8,53.5,90.5
7114,-22171.81,152.9453,1.86,54.6,90.6
7115,-22191.68,280.6067,1.86,53.3,90.6
7116,-22209.17,476.9587,1.88,53.5,90.6
7117,-22156.86,4909.4967,1.81,52.6,90.3
7118,-22164.26,6337.7686,1.81,54.2,90.4
7119,-22138.82,7126.2451,1.81,54.6,90.5
7120,-22131.7,2866.4642,1.87,53.8,90.5
7121,-22176.38,3678.8843,1.85,52.9,90.5
7122,-22041.71,2110.7023,1.88,55.0,90.5
7123,-22053.67,1155.3383,1.85,54.3,90.6
7124,-22078.55,1706.3601,1.88,54.6,90.8
7125,-22079.41,880.2039,1.9,54.6,90.7
7126,-22136.39,797.5318,1.89,54.0,90.8
7127,-22080.97,260.4225,1.85,54.6,90.8
7128,-22155.58,148.1306,1.83,55.0,90.8
7129,-22158.11,303.0309,1.9,54.2,90.8
7130,-22135.94,215.9644,1.88,52.7,90.8
7131,-22118.33,1465.8128,1.86,54.2,90.8
7132,-22137.17,436.7166,1.82,53.8,90.9
7133,-22021.19,1218.1933,1.88,54.1,90.9
7134,-22111.94,715.8198,1.9,54.6,91.0
7135,-22085.79,864.5901,1.9,54.8,91.0
7136,-22039.86,5094.3712,1.86,53.5,91.2
7137,-22122.4,764.1877,1.82,54.7,91.2
7138,-22113.09,704.3306,1.87,53.8,91.2
7139,-22112.46,270.0939,1.9,54.2,91.3
7140,-22139.74,416.082,1.83,53.2,91.3
7141,-22123.06,1318.8413,1.82,54.2,91.4
7142,-22118.95,704.4481,1.85,54.2,91.4
7143,-22124.96,229.3562,1.79,54.2,91.4
7144,-22125.42,428.5341,1.81,53.8,91.4
7145,-22125.69,379.2238,1.83,52.7,91.3
7146,-22225.1,790.9295,1.82,55.2,91.4
7147,-22131.3,989.2489,1.81,54.5,91.4
7148,-22124.48,700.3722,1.92,54.2,91.5
7149,-22119.18,228.5264,1.88,54.1,91.5
7150,-22217.02,1590.662,1.91,54.8,91.6
7151,-22175.74,2340.6104,1.86,53.1,91.5
7152,-22127.28,231.2948,1.85,54.4,91.6
7153,-22174.89,1231.7744,1.95,55.0,91.7
7154,-22102.6,1240.0377,1.9,55.1,91.6
7155,-22139.59,1153.7221,1.9,53.8,91.6
7156,-22080.45,1340.2566,1.85,54.9,91.7
7157,-22174.31,602.9786,1.85,53.9,91.8
7158,-22155.78,681.1177,1.88,54.6,92.0
7159,-22143.48,422.981,1.93,53.9,91.2
7160,-22084.19,1278.7998,1.81,53.5,91.0
7161,-22164.22,1289.8375,1.82,54.5,91.1
7162,-22110.29,695.3501,1.84,53.8,91.1
7163,-22176.96,748.2251,1.84,53.9,91.2
7164,-22090.81,640.2247,1.87,53.3,91.1
7165,-22117.15,403.7775,1.83,53.3,91.1
7166,-22121.48,132.5427,1.82,54.5,91.2
7167,-22132.7,517.0267,1.85,53.6,91.2
7168,-22216.5,638.329,1.87,53.6,91.2
7169,-22189.2,179.1154,1.83,53.8,91.3
7170,-22067.38,1791.8572,1.87,54.0,91.4
7171,-22113.24,595.9601,1.87,53.8,91.3
7172,-22212.78,784.4221,1.91,53.8,91.5
7173,-22230.28,1209.32,1.87,54.6,91.5
7174,-22205.1,620.5797,1.89,54.5,91.5
7175,-22224.75,820.2453,1.86,53.7,91.6
7176,-22177.4,1046.9213,1.83,54.7,91.6
7177,-22097.7,2094.6072,1.87,53.4,91.3
7178,-22152.27,133.2518,1.89,55.5,86.9
7179,-22070.26,2764.1772,1.96,52.8,85.3
7180,-22147.74,302.5257,1.86,53.3,85.5
7181,-22177.12,885.4757,1.85,53.0,86.0
7182,-22087.5,1260.3553,1.87,53.0,86.2
7183,-22135.15,892.2958,1.94,53.0,86.6
7184,-22090.29,361.4253,1.9,51.2,85.0
7185,-22148.81,488.0434,1.81,53.3,85.1
7186,-22122.69,454.1176,1.83,54.1,85.3
7187,-22094.91,242.3541,1.84,54.0,85.3
7188,-22096.57,340.6156,1.88,54.7,85.2
7189,-22115.26,665.6898,1.85,54.5,85.3
7190,-22060.59,567.9139,1.84,53.7,85.3
7191,-22104.97,341.1688,1.84,54.5,85.4
7192,-22073.65,576.262,1.87,54.3,85.4
7193,-22121.96,375.4398,2.81,53.5,84.7
7194,-22168.06,694.9142,1.83,53.7,84.7
7195,-22181.24,879.5053,1.83,54.0,84.8
7196,-22135.22,490.8592,1.8,53.6,84.8
7197,-22172.02,224.3154,1.83,53.6,84.9
7198,-22113.19,485.1116,1.88,55.4,85.0
7199,-22102.53,510.5318,1.86,54.0,84.9
7200,-22138.73,301.4815,1.84,54.2,85.0
7201,-22147.08,214.8895,1.84,53.8,85.0
7202,-22187.53,393.6349,1.87,54.1,85.1
7203,-22244.35,211.6255,1.85,54.4,85.2
7204,-22276.44,361.541,1.87,53.9,85.2
7205,-22187.27,407.6007,1.81,54.5,85.1
7206,-22173.75,1143.0799,1.84,54.6,85.2
7207,-22249.07,569.202,1.85,54.1,85.3
7208,-22235.65,182.8744,1.86,54.7,85.4
7209,-22225.46,636.4819,1.83,53.2,85.5
7210,-22166.49,262.5338,1.85,54.3,85.3
7211,-22231.93,542.5201,1.81,54.1,85.4
7212,-22210.25,206.8761,1.83,53.4,85.5
7213,-22187.17,356.9537,1.83,53.7,85.5
7214,-22212.32,86.0778,1.8,54.0,85.6
7215,-22134.98,2047.1373,1.81,54.7,85.5
7216,-22214.14,500.4651,1.8,53.7,85.6
7217,-22203.37,229.3083,1.81,54.5,85.7
7218,-22109.25,572.8487,1.82,53.3,85.7
7219,-22130.78,614.5268,1.81,53.9,85.8
7220,-22155.55,671.4495,1.82,53.3,85.1
7221,-22214.36,324.7176,1.79,53.7,85.1
7222,-22183.77,327.2944,1.81,54.7,85.2
7223,-22181.7,315.1568,1.82,54.2,85.2
7224,-22107.72,243.0722,1.9,54.1,85.5
7225,-22098.11,931.3416,1.84,53.4,85.3
7226,-22193.81,1272.9254,1.87,51.1,86.0
7227,-22226.16,1124.4727,1.87,54.2,86.0
7228,-22136.72,168.4077,1.91,54.3,86.1
7229,-22203.78,295.0625,1.87,52.4,86.1
7230,-22132.26,214.1018,1.84,51.0,85.7
7231,-22128.33,350.2254,1.85,53.9,85.7
7232,-22120.54,840.0937,1.87,53.8,85.8
7233,-22177.42,266.7573,1.87,54.2,85.8
7234,-22178.55,412.9376,1.87,52.3,85.7
7235,-22117.46,418.5475,1.86,53.8,85.8
7236,-22107.83,343.1972,1.8,53.2,85.7
7237,-22086.55,617.075,1.85,53.6,85.9
7238,-22167.14,685.5191,1.85,53.8,86.0
7239,-22141.96,272.0396,1.86,53.9,85.9
7240,-22117.92,349.5353,1.84,53.8,85.9
7241,-22153.97,770.7655,1.84,54.5,86.0
7242,-22073.26,646.7908,1.89,54.2,86.1
7243,-22126.97,620.0064,1.86,54.3,86.2
7244,-22111.72,245.2132,1.85,53.2,86.1
7245,-22175.63,663.2675,1.81,54.4,86.1
7246,-22130.17,553.4182,1.82,54.2,86.2
7247,-22123.24,365.9621,1.85,53.8,86.2
7248,-22079.69,446.7835,1.88,53.9,86.2
7249,-22116.27,518.4195,1.82,51.8,84.8
7250,-22133.4,595.6038,1.82,54.3,84.7
7251,-22149.21,444.7811,1.81,54.3,84.8
7252,-22167.11,321.3722,1.87,53.9,84.8
7253,-22158.57,98.8845,1.86,52.6,84.9
7254,-22114.08,314.5126,1.82,54.4,84.9
7255,-22127.09,248.612,1.81,53.4,84.4
7256,-22171.4,849.9749,1.81,54.4,84.2
7257,-22128.56,997.8207,1.85,54.0,84.2
7258,-22120.5,99.4925,1.86,51.6,84.0
7259,-22091.66,201.59,1.82,53.5,84.1
7260,-22150.73,793.4201,1.81,54.1,84.1
7261,-22106.14,209.813,1.88,54.3,84.0
7262,-22156.75,341.0462,1.85,53.4,84.1
7263,-22160.91,921.429,1.86,53.9,84.1
7264,-22138.74,924.9864,1.84,54.1,84.1
7265,-22085.45,639.596,1.87,53.9,84.2
7266,-22187.03,818.5451,1.87,54.1,84.2
7267,-22153.83,440.3147,1.85,53.3,83.9
7268,-22170.94,362.0546,1.85,54.1,83.9
7269,-22040.21,1337.5036,1.81,54.2,83.9
7270,-22165.85,547.4407,1.86,54.6,84.0
7271,-22156.61,423.909,1.84,52.5,83.9
7272,-22102.43,280.4268,1.84,54.6,83.8
7273,-22162.61,85.6856,1.8,54.3,83.8
7274,-22239.52,367.9157,1.85,54.3,83.8
7275,-22174.92,324.4008,1.88,53.4,83.9
7276,-22225.36,135.3815,1.85,53.3,83.9
7277,-22250.86,1063.5988,1.83,53.2,83.9
7278,-22208.23,234.1346,1.81,53.8,83.9
7279,-22243.87,771.0646,1.84,54.8,83.9
7280,-22159.68,273.6858,1.84,54.9,84.0
7281,-22183.07,494.1081,1.83,55.1,83.9
7282,-22192.58,215.2041,1.83,54.2,84.0
7283,-22174.1,367.1516,1.86,53.6,84.0
7284,-22115.6,442.9606,1.86,53.4,84.0
7285,-22072.92,1176.9902,1.86,53.9,83.9
7286,-22169.69,562.5501,1.81,54.1,83.8
7287,-22091.07,144.4435,1.86,54.5,83.9
7288,-22266.89,2204.2289,1.88,53.6,83.9
7289,-22173.28,180.2373,1.86,53.8,83.9
7290,-22135.31,353.0021,1.82,54.3,83.9
7291,-22212.95,1228.0708,1.85,54.2,83.9
7292,-22118.93,280.1456,1.88,53.2,84.0
7293,-22230.07,1217.654,1.85,54.2,84.0
7294,-22219.78,894.3737,1.84,54.0,84.0
7295,-22289.28,792.6428,1.83,54.2,83.9
7296,-22196.46,914.886,1.84,54.1,83.9
7297,-22221.26,760.9487,1.81,51.4,83.7
7298,-22224.11,383.3766,1.81,53.5,83.6
7299,-22244.01,547.3797,1.82,53.4,83.7
7300,-22203.47,133.2263,1.85,54.1,83.6
7301,-22191.6,331.1009,1.86,53.6,83.6
7302,-22159.49,1160.4396,1.86,53.0,83.0
7303,-22220.7,232.8355,1.86,53.7,83.1
7304,-22230.84,630.2667,1.88,53.5,83.0
7305,-22201.98,111.2152,1.9,53.7,83.1
7306,-22209.8,257.5466,1.84,51.7,83.0
7307,-22108.91,777.5569,1.84,54.4,83.0
7308,-22158.84,365.9545,1.84,54.2,83.1
7309,-22224.9,928.3018,1.89,53.9,83.0
7310,-22247.43,1393.691,1.84,52.3,82.9
7311,-22205.86,102.9725,1.84,54.9,82.8
7312,-22224.31,600.124,1.83,53.5,82.8
7313,-22117.11,479.4266,1.9,54.2,82.8
7314,-22214.59,157.7696,1.88,52.4,82.6
7315,-22258.99,2222.9507,1.83,53.8,82.6
7316,-22139.71,792.9421,1.84,54.4,82.8
7317,-22186.2,550.8812,1.88,54.4,82.7
7318,-22117.7,715.0296,1.85,53.6,82.6
7319,-22096.18,334.8769,1.87,54.1,82.7
7320,-22111.58,383.8713,1.82,53.5,82.9
7321,-22140.76,970.5702,1.88,54.4,82.9
7322,-22120.46,220.011,1.9,53.8,83.0
7323,-22087.45,99.1082,1.86,53.4,82.8
7324,-22092.14,172.0346,1.82,53.8,82.9
7325,-22217.54,2299.4919,1.84,54.2,83.0
7326,-22121.13,506.8079,1.89,54.0,83.0
7327,-22208.02,462.6003,1.86,53.4,83.0
7328,-22206.76,409.4614,1.85,54.0,83.0
7329,-22157.85,593.5674,1.83,54.5,83.0
7330,-22212.6,416.6347,1.86,53.6,83.1
7331,-22275.66,230.6608,1.87,53.2,83.1
7332,-22202.01,715.0284,1.87,53.7,83.2
7333,-22107.5,2117.4261,1.81,53.9,83.1
7334,-22132.85,1141.2953,1.83,55.0,83.2
7335,-22123.44,248.3942,1.84,54.1,83.2
7336,-22107.24,241.3531,1.87,53.6,83.3
7337,-22200.72,1256.5678,1.84,54.5,83.3
7338,-22168.33,459.3485,1.86,54.2,83.3
7339,-22193.16,202.5178,1.88,53.7,83.4
7340,-22170.86,461.2479,1.89,54.1,83.4
7341,-22088.35,857.7632,1.85,53.7,83.5
7342,-22143.33,128.6019,1.83,53.4,83.5
7343,-22136.28,414.0269,1.86,54.5,83.6
7344,-22198.81,481.7414,1.85,53.3,83.6
7345,-22172.12,217.5947,1.87,53.8,83.5
7346,-22194.5,307.2384,1.84,53.9,83.5
7347,-22100.47,766.6227,1.86,54.6,83.6
7348,-22122.94,478.893,1.84,54.8,83.8
7349,-22099.01,241.2782,1.88,53.8,83.7
7350,-22191.58,2118.4545,1.8,53.2,83.7
7351,-22171.38,587.3844,1.84,54.2,83.7
7352,-22150.09,278.0259,1.83,54.3,83.8
7353,-22174.95,841.9476,1.79,53.6,83.9
7354,-22223.69,1081.4646,1.82,53.1,84.0
7355,-22092.75,956.2301,1.78,51.5,84.3
7356,-22086.81,1404.0218,1.8,53.8,84.1
7357,-22114.6,268.1979,1.82,54.2,84.2
7358,-22186.68,668.2016,1.86,53.8,84.3
7359,-22155.49,128.0614,1.82,54.2,84.3
7360,-22115.4,88.7807,1.81,51.9,84.4
7361,-22174.1,458.4336,1.83,54.3,84.5
7362,-22146.39,451.5879,1.85,54.5,84.4
7363,-22186.17,300.2452,1.88,53.8,84.4
7364,-22140.83,315.7501,1.83,52.3,84.0
7365,-22113.58,261.8058,1.84,55.1,84.1
7366,-22258.77,1772.1469,1.84,54.3,84.1
7367,-22194.92,1515.9629,1.89,54.2,84.1
7368,-22149.27,477.7636,1.83,51.0,83.6
7369,-22232.9,208.8617,1.86,53.8,83.7
7370,-22172.98,282.7014,1.83,54.1,83.7
7371,-22127.84,592.6566,1.88,53.5,83.8
7372,-22158.06,452.2398,1.88,51.4,82.1
7373,-22167.84,252.8632,1.83,50.0,82.0
7374,-22155.22,1236.1727,1.85,54.0,82.0
7375,-22170.61,146.6981,1.87,53.7,82.1
7376,-22161.39,138.3025,1.87,54.3,82.2
7377,-22167.32,313.5883,1.85,51.5,82.2
7378,-22193.75,644.0173,1.84,54.6,82.1
7379,-22137.22,76.7334,1.84,53.4,82.2
7380,-22196.47,520.3016,1.84,54.1,82.2
7381,-22216.21,395.8892,1.87,53.8,82.4
7382,-22169.85,329.6309,1.82,54.5,82.4
7383,-22162.09,187.2837,1.85,54.7,82.5
7384,-22191.72,217.3811,1.83,54.7,82.4
7385,-22203.4,464.7639,1.89,54.0,82.4
7386,-22197.32,124.277,1.84,52.7,82.5
7387,-22102.53,356.5197,1.85,54.5,82.6
7388,-22193.41,485.3732,1.83,53.7,82.5
7389,-22134.47,769.6799,1.89,53.8,82.6
7390,-22174.0,449.8071,1.87,53.3,82.6
7391,-22172.33,293.5427,1.85,54.5,82.7
7392,-22181.74,466.84,1.87,54.2,82.7
7393,-22062.26,1167.0625,1.89,54.3,82.7
7394,-22188.18,86.5394,1.9,52.4,82.9
7395,-22169.22,258.7906,1.83,54.7,83.0
7396,-22107.28,253.8884,1.85,53.8,82.8
7397,-22138.43,411.813,1.86,54.3,83.0
7398,-22141.28,523.2653,1.88,54.2,83.0
7399,-22115.09,196.5038,1.85,53.1,83.0
7400,-22140.01,267.933,1.83,54.5,83.0
7401,-22061.67,307.1329,1.83,54.3,83.0
7402,-22189.5,594.285,1.87,53.8,83.1
7403,-22116.68,581.89,1.96,51.9,83.5
7404,-22184.8,381.7274,1.85,53.9,83.5
7405,-22250.35,622.9029,1.83,53.9,83.5
7406,-22237.09,828.2402,1.88,54.6,83.5
7407,-22087.11,2220.285,1.86,53.5,83.6
7408,-22183.71,946.4512,1.87,54.0,83.6
7409,-22123.64,1075.0255,1.84,54.3,83.7
7410,-22132.2,322.5887,1.89,54.1,83.7
7411,-22151.56,622.6391,1.86,53.1,83.8
7412,-22244.26,1551.2397,1.86,53.3,83.7
7413,-22228.93,954.7554,1.84,54.2,83.8
7414,-22162.82,272.2611,1.84,53.8,83.8
7415,-22088.66,672.4833,1.87,54.4,83.8
7416,-22211.87,409.2885,1.86,53.4,83.7
7417,-22165.03,79.7952,1.85,53.5,83.7
7418,-22135.66,632.3198,1.83,54.2,83.8
7419,-22141.05,253.5202,1.87,53.7,81.3
7420,-22219.66,931.6298,1.84,54.0,81.2
7421,-22201.2,806.6645,1.83,53.8,81.4
7422,-22250.87,451.7801,1.86,54.4,81.5
7423,-22166.62,1109.5517,1.9,54.7,81.6
7424,-22276.97,195.3858,1.86,53.4,81.5
7425,-22208.13,381.8215,1.86,53.9,81.6
7426,-22235.75,260.5434,1.88,54.2,81.6
7427,-22283.37,497.7031,1.88,53.9,81.8
7428,-22180.04,316.9472,1.85,54.1,81.7
7429,-22188.11,518.4994,1.84,55.2,81.7
7430,-22270.4,621.1929,1.89,54.5,81.8
7431,-22169.14,666.6254,1.87,53.9,81.8
7432,-22164.51,260.959,1.85,54.2,81.9
7433,-22113.23,482.8934,1.81,53.9,82.0
7434,-22185.79,749.3604,1.86,54.3,82.0
7435,-22222.31,927.4014,1.85,54.1,82.1
7436,-22215.32,428.5337,1.89,53.9,82.1
7437,-22124.65,456.9445,1.82,54.8,82.1
7438,-22139.81,851.7482,1.86,54.0,82.2
7439,-22167.3,250.3422,1.85,52.9,82.2
7440,-22122.14,459.7976,1.87,54.3,82.3
7441,-22109.94,162.1857,1.81,54.1,82.3
7442,-22032.95,403.2507,1.78,53.1,82.3
7443,-22108.69,215.0965,1.78,52.7,81.4
7444,-22136.05,353.7801,1.8,53.6,81.3
7445,-22076.19,273.2394,1.81,53.3,81.3
7446,-22084.68,307.1402,1.8,53.2,81.4
7447,-22091.72,310.045,1.77,54.8,81.5
7448,-22131.76,223.1719,1.79,53.6,81.5
7449,-22124.51,112.9045,1.82,54.1,81.7
7450,-22150.06,152.6568,1.85,54.4,81.6
7451,-22115.83,334.4576,1.84,52.8,81.7
7452,-22092.84,1042.8793,1.83,53.8,81.8
7453,-22096.37,420.5376,1.81,54.5,81.8
7454,-22154.09,860.5531,1.84,53.9,81.9
7455,-22086.71,1519.1131,1.85,52.4,81.8
7456,-22042.33,472.5282,1.86,52.6,82.0
7457,-22066.81,118.0966,1.83,53.8,81.9
7458,-22092.03,714.6758,1.86,53.8,82.1
7459,-22038.75,1172.5916,1.88,54.2,82.1
7460,-22150.2,345.5295,1.86,52.3,82.0
7461,-22215.61,903.8472,1.84,54.2,82.0
7462,-22130.11,189.848,1.8,53.8,82.1
7463,-22102.28,281.688,1.84,53.7,82.3
7464,-22098.2,628.5956,1.87,52.7,82.1
7465,-22098.47,944.1661,1.89,53.3,82.1
7466,-22073.66,513.6883,1.82,51.6,82.2
7467,-22108.64,490.0632,1.84,53.4,82.3
7468,-22171.1,254.374,1.87,54.0,82.4
7469,-22127.13,274.008,1.87,53.6,82.4
7470,-22133.78,836.945,1.88,52.9,82.4
7471,-22199.51,431.569,1.8,54.0,82.4
7472,-22114.88,220.2212,1.87,54.1,82.5
7473,-22080.4,207.8605,1.84,53.7,82.5
7474,-22078.02,416.7429,1.88,54.5,82.6
7475,-22182.68,1114.6938,1.82,54.7,82.6
7476,-22091.42,437.4603,1.83,54.2,82.8
7477,-22211.95,548.7582,1.83,54.0,82.7
7478,-22114.03,626.822,1.87,53.4,82.7
7479,-22158.01,583.6034,1.87,53.6,82.7
7480,-22146.97,481.3656,1.82,53.8,82.7
7481,-22217.04,341.6933,1.84,53.3,82.7
7482,-22114.95,3812.6182,1.86,55.0,82.7
7483,-22132.52,685.833,1.88,53.9,82.7
7484,-22072.99,501.6745,1.83,53.7,82.8
7485,-22169.4,938.9589,1.81,54.7,82.9
7486,-22232.93,1348.3539,1.83,53.7,83.0
7487,-22133.51,279.9952,1.87,53.7,83.0
7488,-22156.38,319.6989,1.87,53.7,83.0
7489,-22147.04,534.0713,1.83,53.5,83.1
7490,-22070.74,1131.0679,1.79,54.2,83.1
7491,-22103.76,503.659,1.85,54.5,83.3
7492,-22092.92,163.2121,1.85,53.3,82.8
7493,-22167.62,837.121,1.86,54.1,81.9
7494,-22095.22,217.834,1.84,54.0,81.9
7495,-22126.05,170.2395,1.82,53.5,82.0
7496,-22167.82,523.4064,1.84,53.6,82.1
7497,-22173.18,1189.4783,1.83,54.8,82.1
7498,-22075.32,903.6865,1.87,54.1,82.0
7499,-22151.33,229.8142,1.83,54.2,82.1
7500,-22157.33,212.6328,1.83,55.0,82.2
7501,-22142.94,352.2872,1.83,54.1,82.3
7502,-22073.63,644.8806,1.87,54.0,82.2
7503,-22131.51,266.497,1.85,53.6,82.2
7504,-22087.02,221.3269,1.83,54.0,82.3
7505,-22074.18,98.8829,1.86,53.9,82.4
7506,-22136.12,401.554,1.87,54.8,82.4
7507,-22104.37,310.3018,1.82,52.3,82.3
7508,-22089.94,353.854,1.78,50.2,82.5
7509,-22141.16,1036.2385,1.8,54.0,82.5
7510,-22148.26,1554.7676,1.8,54.6,82.5
7511,-22089.11,246.0216,1.86,54.2,82.5
7512,-22203.55,1270.6674,1.86,54.2,82.6
7513,-22125.76,182.3036,1.83,52.3,82.6
7514,-22144.56,138.5194,1.83,54.0,82.5
7515,-22123.66,296.2561,1.85,53.8,82.5
7516,-22155.47,107.779,1.89,54.6,82.6
7517,-22074.27,410.9229,1.85,51.4,82.9
7518,-22127.89,221.0456,1.86,54.0,82.9
7519,-22215.69,541.9639,1.86,54.6,83.0
7520,-22123.89,690.6651,1.87,54.6,82.8
7521,-22051.53,1491.5574,1.88,51.4,83.1
7522,-22089.58,463.398,1.85,53.6,83.2
7523,-22089.58,145.1242,1.85,53.8,83.2
7524,-22082.32,567.2527,1.9,54.4,83.1
7525,-22126.32,831.1381,1.86,51.6,83.0
7526,-22122.81,509.418,1.84,54.4,83.0
7527,-22182.21,246.9886,1.82,54.1,83.1
7528,-22128.82,626.0847,1.84,54.2,82.5
7529,-22179.38,482.2707,1.88,53.8,82.4
7530,-22159.06,711.6271,1.83,54.7,82.5
7531,-22187.98,409.4503,1.85,54.3,82.6
7532,-22042.75,1067.9329,1.88,54.3,82.6
7533,-22089.11,587.1389,1.86,53.9,82.6
7534,-22086.32,145.4647,1.86,53.9,82.7
7535,-22079.26,123.7543,1.83,53.8,82.7
7536,-22126.74,587.9748,1.83,53.8,82.6
7537,-22134.0,551.6266,1.84,53.7,82.7
7538,-22203.31,282.8616,1.87,54.1,82.8
7539,-22158.56,855.9866,1.81,53.9,82.7
7540,-22171.26,258.5757,1.84,54.4,82.8
7541,-22062.04,453.724,1.82,53.6,82.8
7542,-22138.16,1184.806,1.89,54.0,82.8
7543,-22128.85,1206.6327,1.83,54.0,82.9
7544,-22148.59,357.5458,1.85,54.4,83.0
7545,-22072.55,1281.6784,1.88,54.0,83.0
7546,-22117.77,258.8874,1.87,53.8,83.1
7547,-22143.95,824.2217,1.86,54.0,83.0
7548,-22201.91,196.3095,1.84,53.5,83.0
7549,-22129.13,213.1475,1.86,53.9,83.2
7550,-22137.52,364.3354,1.85,54.9,83.2
7551,-22185.38,326.243,1.85,53.8,83.0
7552,-22186.97,328.3056,1.82,54.5,83.1
7553,-22059.72,2550.1275,1.84,53.9,83.2
7554,-22163.78,528.2581,1.86,54.1,83.3
7555,-22035.28,1390.9369,1.84,54.3,83.3
7556,-22117.77,414.5636,1.8,54.3,83.2
7557,-22068.48,1300.5855,1.82,53.8,83.2
7558,-22164.99,929.2207,1.86,54.2,83.3
7559,-22177.77,115.6309,1.85,54.6,83.5
7560,-22145.28,517.9009,1.85,53.5,83.4
7561,-22113.0,2191.1163,1.82,54.2,83.4
7562,-22219.76,244.5107,1.88,53.7,83.4
7563,-22165.49,305.1367,1.84,53.8,83.5
7564,-22189.85,542.058,1.8,53.7,83.5
7565,-22089.74,2260.3328,1.79,53.2,83.5
7566,-22219.18,223.1219,1.78,53.3,83.6
7567,-22149.66,210.7808,1.81,53.4,83.7
7568,-22128.05,357.3732,1.86,55.4,83.7
7569,-22042.13,261.3566,1.78,53.5,83.7
7570,-22137.93,717.6365,1.8,54.2,83.7
7571,-22095.72,624.6013,1.81,53.2,83.8
7572,-22196.53,876.8146,1.79,53.4,83.8
7573,-22147.13,70.9194,1.78,53.5,83.7
7574,-22108.36,419.7906,1.78,53.2,83.7
7575,-22039.94,1032.8105,1.82,54.3,83.8
7576,-22143.67,92.269,1.81,53.0,83.8
7577,-22222.75,698.4514,1.8,53.1,83.9
7578,-22086.42,264.6436,1.75,53.6,83.8
7579,-22191.9,651.7269,1.76,53.3,83.8
7580,-22097.1,184.5683,1.8,53.0,83.9
7581,-22100.66,144.2046,1.78,50.3,84.0
7582,-22107.04,424.9853,1.74,51.3,84.1
7583,-22136.91,470.2643,1.78,53.5,84.1
7584,-22090.13,152.0736,1.75,51.9,84.0
7585,-22170.64,706.6472,1.76,52.4,84.0
7586,-22168.91,353.5432,1.82,52.0,84.0
7587,-22079.49,520.3666,1.84,53.6,84.1
7588,-22129.09,727.6609,1.81,54.0,84.2
7589,-22151.54,613.8612,1.84,54.9,84.1
7590,-22069.55,425.7027,2.85,53.6,84.1
7591,-22110.12,341.5548,1.8,53.2,84.2
7592,-22082.41,566.2881,1.81,53.4,84.2
7593,-22145.79,634.643,1.83,54.0,84.4
7594,-22177.17,893.5192,1.84,53.9,84.2
7595,-22043.71,705.075,1.83,52.3,84.3
7596,-22186.9,506.3073,1.85,54.0,84.4
7597,-22120.84,257.9006,1.82,54.5,84.4
7598,-22191.54,256.725,1.85,53.8,84.5
7599,-22157.5,656.1033,1.87,53.8,84.5
7600,-22198.3,337.0171,1.83,53.7,84.5
7601,-22187.8,419.2658,1.82,53.8,84.6
7602,-22130.4,439.0335,1.87,54.5,84.6
7603,-22178.49,198.0121,1.81,53.9,84.7
7604,-22210.02,283.6688,1.82,52.0,84.7
7605,-22231.91,540.3885,1.82,54.4,84.6
7606,-22216.57,227.9429,1.78,53.5,84.7
7607,-22242.78,106.7413,1.81,54.3,84.8
7608,-22240.21,103.3464,1.85,54.8,84.8
7609,-22166.54,414.1763,1.83,54.0,84.9
7610,-22255.73,556.6913,1.79,54.0,84.8
7611,-22172.11,320.4299,1.8,54.0,84.9
7612,-22076.72,805.6154,1.85,54.2,85.0
7613,-22172.94,218.6015,1.82,53.7,85.0
7614,-22184.92,221.1019,1.84,54.1,85.0
7615,-22136.29,229.9912,1.83,53.6,85.1
7616,-22075.54,1084.5022,1.85,54.5,85.1
7617,-22079.39,150.5654,1.81,52.3,85.2
7618,-22314.46,4504.8706,1.91,53.8,85.2
7619,-22231.57,4566.9457,1.86,54.0,85.3
7620,-22376.64,3456.8193,1.88,54.5,85.4
7621,-22278.86,4807.6459,1.83,50.3,85.6
7622,-22356.91,3300.0817,1.84,52.7,85.2
7623,-22309.99,2378.4614,1.87,54.7,85.3
7624,-22360.91,1548.2946,1.87,53.9,85.3
7625,-22301.36,1665.7343,1.87,49.3,85.5
7626,-22306.28,1948.0683,1.83,52.1,85.5
7627,-22298.24,797.6132,1.86,54.2,85.4
7628,-22362.92,1960.6171,1.88,53.8,85.5
7629,-22200.03,3392.4023,1.9,53.0,85.6
7630,-22227.11,3111.4991,1.85,51.6,85.6
7631,-22238.29,949.084,1.85,54.1,85.7
7632,-22331.83,2290.9597,1.83,54.3,85.7
7633,-22395.38,3948.347,1.87,53.7,85.7
7634,-22263.07,445.7278,1.83,51.9,85.8
7635,-22320.55,556.0643,1.81,54.0,85.9
7636,-22248.57,1584.3369,1.89,53.8,85.8
7637,-22410.1,758.5495,1.89,53.9,85.9
7638,-22221.47,795.7782,1.87,52.1,86.0
7639,-22279.38,250.0666,1.85,54.0,86.2
7640,-22294.66,923.7472,1.85,54.2,86.2
7641,-22253.01,190.2215,1.89,54.3,86.3
7642,-22179.67,809.4905,1.88,53.4,86.2
7643,-22206.28,136.0024,1.87,53.8,86.3
7644,-22297.12,1022.928,1.87,53.6,86.4
7645,-22352.99,1002.8256,1.85,53.1,85.9
7646,-22230.71,1470.7595,1.88,54.0,83.1
7647,-22216.25,1465.1125,1.87,53.7,79.9
7648,-22321.87,435.7369,1.88,54.1,80.1
7649,-22317.38,306.9165,1.85,51.9,80.3
7650,-22314.91,203.627,1.9,54.1,80.7
7651,-22320.29,488.3485,1.85,53.0,81.0
7652,-22324.35,1530.9659,1.85,52.9,81.3
7653,-22265.82,1087.1085,1.82,54.1,78.5
7654,-22271.36,477.5993,1.82,53.9,78.4
7655,-22266.5,229.7197,1.81,53.4,78.5
7656,-22247.02,642.8206,1.8,53.7,78.5
7657,-22135.44,693.8835,1.85,51.2,78.6
7658,-22126.02,412.9877,1.8,53.6,78.6
7659,-22202.59,298.7551,1.8,53.8,78.6
7660,-22188.47,796.7246,1.8,53.7,78.6
7661,-22180.03,760.2599,1.83,51.7,79.1
7662,-22198.57,496.8586,1.83,54.0,79.2
7663,-22114.37,725.9298,1.8,52.8,79.2
7664,-22060.39,855.978,1.81,54.1,79.3
7665,-22141.56,311.3027,1.82,52.5,79.0
7666,-22046.74,194.993,1.84,54.5,79.1
7667,-22057.71,399.7997,1.83,53.0,79.1
7668,-22068.13,372.2217,1.8,53.3,79.2
7669,-22087.71,695.1783,1.84,53.9,79.3
7670,-22142.65,323.4697,1.81,54.4,78.9
7671,-22095.1,1561.163,1.83,54.6,78.9
7672,-22095.1,1187.3918,1.79,53.2,79.1
7673,-22061.77,1267.6837,1.79,54.4,79.1
7674,-22109.62,849.6498,1.81,53.4,79.1
7675,-22058.04,383.9245,1.83,53.1,79.0
7676,-22127.14,589.7089,1.8,52.1,78.9
7677,-22068.4,471.2918,1.8,54.4,79.0
7678,-22080.4,198.8271,1.88,54.9,79.0
7679,-22048.3,655.3767,1.81,53.8,79.0
7680,-22096.91,683.4807,1.8,51.6,78.8
7681,-22145.85,1121.5803,1.82,53.5,78.8
7682,-22084.22,402.9056,1.82,53.2,78.9
7683,-22137.57,232.8577,1.81,54.1,78.9
7684,-22122.48,197.889,1.82,51.1,78.7
7685,-22040.27,1339.6869,1.79,53.7,78.7
7686,-22098.1,736.6918,1.81,54.3,78.7
7687,-22152.08,1817.6421,1.81,53.6,78.7
7688,-22123.12,942.9192,1.82,54.3,78.8
7689,-22129.7,521.8467,1.81,52.8,78.4
7690,-22100.53,696.9858,1.81,53.8,78.5
7691,-22097.23,1708.2267,1.81,53.3,78.6
7692,-22147.5,713.7818,1.83,53.4,78.5
7693,-22212.28,678.5652,1.82,51.7,78.4
7694,-22066.8,610.216,1.82,53.9,78.4
7695,-22170.54,686.3485,1.79,53.1,78.4
7696,-22140.97,281.3858,1.82,53.8,78.5
7697,-22232.91,916.4167,1.82,52.3,78.3
7698,-22045.83,454.6035,1.83,53.2,79.0
7699,-22126.76,540.2475,1.86,53.9,79.0
7700,-22213.69,1277.6672,1.81,53.3,79.0
7701,-22220.33,2279.5166,1.82,53.8,79.1
7702,-22129.86,446.9627,1.83,53.8,79.1
7703,-22073.88,2436.7286,1.83,53.4,79.0
7704,-22117.33,787.5182,1.79,53.9,78.4
7705,-22185.22,283.0543,1.77,53.0,77.7
7706,-22168.12,549.4469,1.79,53.3,77.5
7707,-22097.92,755.7827,1.78,54.3,77.5
7708,-22072.41,938.1558,1.79,53.9,77.5
7709,-22087.8,431.1026,1.82,53.3,77.5
7710,-22102.12,589.4372,1.78,50.0,77.1
7711,-22061.41,258.7047,1.85,53.3,77.2
7712,-22111.87,230.1371,1.82,54.0,77.3
7713,-22081.59,260.0704,1.84,53.2,77.2
7714,-22104.49,227.6685,1.79,48.1,76.4
7715,-22107.18,290.2476,1.79,53.1,76.4
7716,-22144.49,818.528,1.82,53.9,76.4
7717,-22068.14,834.4867,1.84,53.8,76.5
7718,-22171.27,898.9156,1.81,46.8,75.8
7719,-22132.01,596.5285,1.82,53.3,75.8
7720,-22166.6,265.2385,1.78,52.7,75.7
7721,-22192.39,551.5909,1.81,54.0,75.8
7722,-22100.74,145.8895,1.82,50.1,75.8
7723,-22100.44,163.7671,1.82,53.1,75.8
7724,-22156.54,217.846,1.81,53.3,75.7
7725,-22122.48,184.7646,1.8,52.9,74.0
7726,-22088.89,374.4987,1.8,51.6,73.9
7727,-22185.93,765.0485,1.8,53.7,74.0
7728,-22133.2,662.2674,1.82,54.5,74.0
7729,-22147.0,121.4939,1.8,51.5,74.0
7730,-22148.66,156.546,1.79,53.9,73.5
7731,-22123.22,303.1765,1.79,53.7,73.6
7732,-22105.55,253.0038,1.81,54.3,73.6
7733,-22159.57,258.07,1.83,53.9,73.6
7734,-22075.52,630.5835,1.82,53.7,73.7
7735,-22095.32,258.1042,1.81,53.6,73.5
7736,-22098.73,276.7622,1.81,54.9,73.5
7737,-22162.96,1381.3947,1.83,53.9,73.5
7738,-22097.9,69.0278,1.82,53.6,73.6
7739,-22196.14,1385.3398,1.83,54.0,73.5
7740,-22065.2,768.1507,1.81,53.6,73.5
7741,-22083.52,568.6997,1.81,53.5,73.5
7742,-22121.0,354.2671,1.8,51.9,73.6
7743,-22184.13,388.7127,1.82,53.7,73.7
7744,-22128.04,268.8751,1.82,53.5,73.7
7745,-22088.03,389.6268,1.81,54.0,73.6
7746,-22123.55,179.3707,1.8,51.1,73.8
7747,-22102.02,161.5237,1.8,53.6,73.9
7748,-22091.37,231.9815,1.78,54.2,73.9
7749,-22076.07,172.7176,1.8,53.6,74.0
7750,-22080.29,1103.4488,1.81,53.2,73.9
7751,-22136.96,756.8353,1.81,53.4,73.9
7752,-22134.43,369.1987,1.79,53.2,73.9
7753,-22078.4,370.1492,1.81,53.5,74.0
7754,-22084.3,428.9913,1.82,51.8,74.1
7755,-22090.84,175.8269,1.81,53.3,74.1
7756,-22171.64,756.9467,1.79,53.6,74.1
7757,-22139.89,180.1964,1.8,52.9,74.1
7758,-22078.4,329.0276,1.82,53.6,74.2
7759,-22179.42,201.4648,1.83,52.0,74.1
7760,-22065.66,672.1192,1.8,53.5,74.1
7761,-22125.65,141.1405,1.8,53.3,74.1
7762,-22120.71,288.1703,1.8,53.7,74.1
7763,-22211.12,768.9891,1.81,52.7,74.1
7764,-22261.79,948.6702,1.8,53.2,74.1
7765,-22248.2,347.1903,1.83,53.0,74.2
7766,-22228.5,328.6068,1.8,53.9,74.2
7767,-22247.97,221.7867,1.81,52.8,74.2
7768,-22213.01,85.348,1.8,53.3,74.2
7769,-22147.84,962.135,1.81,53.6,74.2
7770,-22084.65,1025.4802,1.84,53.7,74.3
7771,-22106.73,591.5965,1.81,53.7,74.3
7772,-22207.21,1988.9829,1.8,51.9,74.2
7773,-22095.36,181.8924,1.81,53.5,74.3
7774,-22092.42,351.1326,1.79,53.5,74.4
7775,-22159.53,246.9353,1.82,52.9,74.4
7776,-22081.71,158.254,1.83,52.5,74.4
7777,-22154.22,405.3008,1.82,52.6,74.5
7778,-22125.09,308.9,1.82,52.9,74.5
7779,-22147.16,794.3673,1.8,53.8,74.6
7780,-22148.83,999.5126,1.8,51.9,74.6
7781,-22094.28,1219.7721,1.78,52.5,74.6
7782,-22021.59,1313.5209,1.83,54.4,74.7
7783,-22113.73,1579.5527,1.81,53.3,74.8
7784,-22119.36,1545.9963,1.82,53.8,74.9
7785,-22104.16,665.7038,1.8,51.8,75.0
7786,-22127.27,220.1397,1.82,54.0,75.0
7787,-22151.46,161.8366,1.8,53.2,75.0
7788,-22072.28,380.6742,1.81,54.3,75.1
7789,-22123.94,156.5553,1.83,52.9,75.1
7790,-22074.75,147.538,1.8,53.0,75.2
7791,-22129.25,328.95,1.83,53.8,75.3
7792,-22145.67,557.8035,1.82,53.5,75.3
7793,-22128.33,232.5416,1.84,52.2,75.1
7794,-22154.47,189.4252,1.85,52.6,75.3
7795,-22061.26,629.1954,1.85,52.3,75.3
7796,-22172.91,849.779,1.83,53.2,75.4
7797,-22230.08,2106.0548,1.84,53.7,75.3
7798,-22115.03,185.6828,1.83,51.6,75.4
7799,-22140.51,418.3582,1.82,54.2,75.4
7800,-22161.52,256.4274,1.82,53.3,75.4
7801,-22187.14,418.7498,1.84,54.4,75.5
7802,-22239.28,151.0763,1.82,51.0,75.6
7803,-22248.36,188.7448,1.82,53.7,75.6
7804,-22197.68,375.3232,1.79,53.5,75.6
7805,-22226.54,340.8703,1.82,54.0,75.6
7806,-22224.09,332.4515,1.8,51.4,75.4
7807,-22223.08,50.9506,1.8,53.7,75.5
7808,-22203.94,270.5562,1.8,53.1,75.4
7809,-22169.02,188.0078,1.8,53.6,75.5
7810,-22185.38,296.9708,1.84,52.6,75.5
7811,-22231.77,610.2691,1.79,53.0,75.6
7812,-22290.47,385.6751,1.82,53.3,75.7
7813,-22172.55,1465.8611,1.81,53.4,75.7
7814,-22214.22,485.0011,1.81,53.8,73.9
7815,-22211.76,769.451,1.8,51.1,69.5
7816,-22222.81,237.1805,1.8,53.8,69.4
7817,-22201.14,402.6514,1.8,51.3,69.7
7818,-22190.55,176.5089,1.8,53.1,70.0
7819,-22220.32,158.9293,1.8,50.7,70.3
7820,-22244.24,467.8817,1.84,54.0,69.6
7821,-22173.56,449.1955,1.78,52.2,67.9
7822,-22154.21,425.9517,1.8,53.4,67.9
7823,-22156.42,198.9402,1.8,50.2,68.0
7824,-22171.89,357.5647,1.79,53.4,68.0
7825,-22178.95,822.6935,1.78,49.8,67.7
7826,-22141.35,145.1551,1.77,51.6,67.6
7827,-22154.1,160.3411,1.79,53.1,67.7
7828,-22153.62,149.779,1.78,50.3,67.5
7829,-22187.11,397.7728,1.79,52.8,67.6
7830,-22134.46,284.1187,1.78,47.1,66.8
7831,-22136.37,211.2843,1.79,52.8,66.9
7832,-22113.82,725.5841,1.78,47.8,66.2
7833,-22149.55,315.9985,1.8,53.3,66.2
7834,-22220.94,1244.8708,1.78,47.5,65.5
7835,-22103.97,70.7736,1.8,52.5,65.5
7836,-22149.65,85.1592,1.77,47.0,65.1
7837,-22118.05,1450.9116,1.75,53.0,65.1
7838,-22231.97,419.7029,1.77,47.8,65.3
7839,-22094.49,775.9149,1.77,53.0,65.4
7840,-22128.93,194.7626,1.77,49.5,65.4
7841,-22211.11,650.2368,1.78,51.4,65.4
7842,-22161.61,81.6218,1.76,49.6,65.4
7843,-22220.67,339.5351,1.77,50.4,65.5
7844,-22113.26,483.6931,1.75,51.8,65.5
7845,-22170.39,1259.8581,1.79,47.0,65.5
7846,-22138.08,446.9756,1.77,52.9,65.5
7847,-22185.06,151.626,1.78,47.6,65.5
7848,-22192.9,413.0275,1.78,53.5,65.5
7849,-22226.73,151.0074,1.78,45.7,65.5
7850,-22160.87,581.4736,1.77,53.1,65.5
7851,-22158.26,707.8876,1.79,46.4,65.6
7852,-22130.94,399.5553,1.78,53.8,65.6
7853,-22217.79,1857.5344,1.81,46.5,65.6
7854,-22149.9,581.386,1.75,53.2,65.7
7855,-22178.62,258.6177,1.77,48.4,65.7
7856,-22213.78,617.4337,1.75,52.9,65.7
7857,-22167.1,964.9296,1.79,49.8,65.7
7858,-22239.22,820.8206,1.79,51.4,65.8
7859,-22237.99,285.9025,1.79,50.8,65.8
7860,-22182.33,133.4563,1.78,50.3,65.2
7861,-22173.03,96.8991,1.77,49.5,65.2
7862,-22259.29,894.3817,1.81,50.8,65.2
7863,-22174.91,361.3719,1.78,49.9,65.2
7864,-22091.16,582.6054,1.79,51.6,65.3
7865,-22174.86,625.6642,1.77,47.0,65.2
7866,-22170.11,437.3121,1.77,52.9,65.2
7867,-22194.83,135.6678,1.75,47.2,65.3
7868,-22104.31,633.6572,1.77,53.3,65.2
7869,-22158.08,266.431,1.8,45.7,65.3
7870,-22170.78,65.0916,1.77,53.5,65.3
7871,-22193.44,519.813,1.8,47.0,65.4
7872,-22192.69,48.9301,1.8,53.1,65.3
7873,-22129.17,350.4613,1.78,45.3,65.4
7874,-22184.05,110.4271,1.77,53.6,65.5
7875,-22157.05,277.1015,1.79,46.0,65.5
7876,-22223.25,91.9469,1.77,52.9,65.5
7877,-22080.35,694.5939,1.78,46.4,65.4
7878,-22117.03,655.4942,1.76,52.3,65.5
7879,-22086.94,185.9757,1.78,47.3,65.6
7880,-22077.53,157.4636,1.78,53.3,65.5
7881,-22167.22,773.5964,1.82,49.6,65.4
7882,-22119.24,392.0517,1.79,52.2,65.5
7883,-22116.78,299.7248,1.8,49.6,65.3
7884,-22061.43,302.6333,1.79,50.4,65.4
7885,-22097.46,243.9728,1.79,50.0,65.4
7886,-22078.63,390.5499,1.77,49.8,65.5
7887,-22053.02,898.5938,1.77,52.4,65.5
7888,-22062.46,532.6852,1.79,47.3,65.5
7889,-22095.27,202.0736,1.81,53.3,65.5
7890,-22066.47,342.1779,1.77,46.1,65.5
7891,-22143.13,545.5193,1.78,52.7,65.6
7892,-22166.8,378.8648,1.8,46.9,65.6
7893,-22199.1,394.9708,1.77,53.5,65.6
7894,-22213.62,514.2488,1.8,44.8,65.7
7895,-22228.07,646.7203,1.78,53.4,65.7
7896,-22206.82,287.8963,1.81,46.6,65.6
7897,-22226.32,609.538,1.78,52.9,65.6
7898,-22219.27,602.6319,1.78,46.0,65.7
7899,-22215.0,322.3961,1.76,52.7,65.7
7900,-22341.72,222.0069,1.76,46.4,65.7
7901,-22210.77,833.1047,1.77,52.8,65.7
7902,-22211.85,815.3597,1.79,48.9,65.8
7903,-22183.9,179.4923,1.79,52.7,65.9
7904,-22222.84,439.3904,1.78,49.0,65.8
7905,-22245.3,734.8239,1.79,51.1,65.8
7906,-22214.21,292.0362,1.76,50.9,65.9
7907,-22194.53,523.9436,1.77,49.5,65.9
7908,-22227.77,137.141,1.76,53.1,65.9
7909,-22201.08,682.4194,1.76,47.1,65.9
7910,-22233.43,327.6598,1.78,53.8,65.9
7911,-22148.16,870.9885,1.79,48.1,65.8
7912,-22231.39,692.8938,1.76,52.8,65.9
7913,-22257.03,477.9014,1.79,46.6,66.0
7914,-22209.35,299.8044,1.77,52.8,66.0
7915,-22208.6,230.056,1.78,46.0,65.9
7916,-22293.29,634.278,1.77,53.3,66.0
7917,-22218.23,248.7072,1.77,47.5,66.0
7918,-22224.07,178.0586,1.81,53.2,66.1
7919,-22063.78,1357.7812,1.8,48.1,66.1
7920,-22271.99,1352.0395,1.8,51.3,66.1
7921,-22214.47,644.4637,1.79,48.3,66.1
7922,-22200.53,290.9227,1.79,52.2,66.2
7923,-22275.07,426.353,1.8,51.1,66.2
7924,-22252.89,315.8907,1.77,49.7,66.3
7925,-22114.76,2018.6468,1.8,51.0,66.2
7926,-22132.04,1713.0133,1.77,50.0,66.3
7927,-22220.93,493.66,1.8,51.7,66.3
7928,-22146.55,333.5052,1.77,47.5,66.3
7929,-22169.75,522.2299,1.76,52.8,66.4
7930,-22090.6,474.875,1.78,46.8,66.4
7931,-22117.18,62.5726,1.78,53.3,66.4
7932,-22142.55,154.5055,1.77,46.6,66.4
7933,-22121.19,315.8803,1.77,53.5,66.4
7934,-22112.52,318.149,1.8,46.5,66.5
7935,-22071.32,181.1063,1.76,53.3,66.4
7936,-22198.69,805.892,1.78,46.1,66.4
7937,-22126.71,407.8202,1.77,53.0,66.5
7938,-22206.16,292.0818,1.78,46.6,66.6
7939,-22160.96,171.7115,1.76,53.1,66.6
7940,-22059.75,1007.4429,1.77,46.6,66.5
7941,-22213.72,515.8644,1.69,52.7,65.7
7942,-22059.46,309.9833,1.71,53.8,65.8
7943,-22149.33,215.0594,1.72,52.0,65.8
7944,-22088.99,387.1075,1.72,52.2,65.8
7945,-22104.28,183.2632,1.73,53.5,65.8
7946,-22009.69,587.5952,1.73,52.7,65.8
7947,-22174.99,386.567,1.74,53.6,65.8
7948,-22215.91,919.8809,1.7,52.4,65.9
7949,-22192.44,308.6358,1.74,53.3,65.9
7950,-22068.22,962.0399,1.72,52.0,66.0
7951,-22112.35,411.8714,1.73,52.2,65.9
7952,-22147.14,125.0524,1.72,53.1,66.0
7953,-22167.77,724.1479,1.73,50.0,66.1
7954,-21997.83,699.4967,1.75,53.3,66.1
7955,-22015.4,154.0487,1.75,46.9,66.1
7956,-22093.68,520.8028,1.77,53.0,66.1
7957,-22012.62,104.215,1.77,45.3,66.2
7958,-22012.62,67.7652,1.79,52.8,66.2
7959,-22081.22,259.5123,1.75,46.0,66.2
7960,-22102.37,274.8453,1.76,51.5,66.2
7961,-22096.68,90.4116,1.76,46.7,66.1
7962,-22105.67,409.6889,1.78,51.1,66.1
7963,-22083.1,155.3336,1.77,46.1,66.1
7964,-22124.92,173.9802,1.78,48.0,66.2
7965,-22148.64,316.5231,1.74,48.0,65.7
7966,-22112.45,646.3719,1.82,46.7,65.6
7967,-22183.89,235.5808,1.78,49.5,65.5
7968,-22152.0,432.951,1.76,47.2,65.6
7969,-22082.01,414.9403,1.79,51.9,65.6
7970,-22104.28,380.8073,1.79,46.8,65.7
7971,-22161.65,506.8904,1.78,52.4,65.6
7972,-22128.61,198.2307,1.77,46.3,65.7
7973,-22089.95,357.5842,1.77,52.8,65.7
7974,-22158.92,213.4174,1.79,46.0,65.8
7975,-21983.75,1941.3778,1.76,52.8,65.7
7976,-22096.49,1255.2903,1.77,45.1,65.7
7977,-22067.83,385.7102,1.76,53.1,65.7
7978,-22083.1,416.9963,1.79,46.8,65.8
7979,-22083.1,248.2823,1.77,53.1,65.8
7980,-22105.67,631.0136,1.79,47.4,65.7
7981,-22075.48,256.8089,1.78,52.8,65.8
7982,-22201.98,1522.8825,1.79,49.6,65.8
7983,-21955.83,2418.1036,1.78,52.1,65.8
7984,-22079.93,1507.527,1.77,50.3,65.9
7985,-22133.79,1145.8009,1.78,49.3,65.9
7986,-22087.04,1248.062,1.76,52.4,65.9
7987,-22135.6,447.5633,1.76,49.9,65.8
7988,-22121.0,439.6619,1.78,53.3,65.9
7989,-22137.08,661.0919,1.77,48.6,65.9
7990,-22044.9,888.2947,1.76,52.7,65.9
7991,-22077.32,535.51,1.78,48.2,66.0
7992,-22101.12,251.0377,1.75,53.2,66.0
7993,-22099.88,279.5236,1.76,47.7,66.0
7994,-22123.83,456.7686,1.76,53.3,66.1
7995,-22026.36,411.0308,1.75,50.1,66.0
7996,-22138.11,639.5458,1.74,53.5,66.1
7997,-22108.84,301.3756,1.74,52.5,66.1
7998,-22153.06,530.2331,1.75,48.7,66.2
7999,-22090.63,494.4733,1.98,53.2,66.8
8000,-22095.85,134.1976,1.79,46.1,66.5
8001,-22124.39,110.1902,1.77,53.3,66.5
8002,-22142.04,214.5024,1.76,48.3,66.5
8003,-22138.46,97.4748,1.76,53.2,66.3
8004,-22031.58,1849.1175,1.78,47.8,66.4
8005,-22065.38,303.9556,1.79,53.9,66.4
8006,-22081.1,672.2065,1.77,49.3,66.5
8007,-22096.73,397.6229,1.78,52.7,66.5
8008,-22138.09,586.3301,1.77,50.7,66.4
8009,-22129.43,623.5036,1.77,51.6,66.5
8010,-22089.35,439.5714,1.78,51.9,66.5
8011,-22088.72,628.0272,1.76,50.9,66.5
8012,-22062.51,955.1327,1.78,52.3,66.5
8013,-22076.71,1456.5796,1.79,47.5,66.6
8014,-22104.1,670.4791,1.77,52.7,66.6
8015,-22046.02,322.5422,1.79,47.1,66.5
8016,-22100.8,449.1709,1.75,52.3,66.6
8017,-22070.81,273.3041,1.76,48.1,66.6
8018,-22051.31,224.5124,1.76,54.0,66.7
8019,-22189.74,936.5474,1.77,46.8,66.6
8020,-22107.82,287.9931,1.77,53.3,66.6
8021,-22084.76,405.7687,1.78,49.8,66.7
8022,-22138.44,120.7623,1.78,52.6,66.8
8023,-22019.72,1520.6136,1.81,50.7,66.7
8024,-22087.95,1082.2915,1.79,45.9,66.1
8025,-22059.29,1053.4274,1.76,48.8,66.1
8026,-22016.74,2460.6093,1.77,52.7,66.1
8027,-22089.72,787.9974,1.76,48.0,66.2
8028,-22117.45,840.5516,1.77,52.8,66.2
8029,-22079.69,641.8303,1.78,47.8,66.1
8030,-22139.55,224.0626,1.77,52.5,66.1
8031,-22100.52,706.0042,1.78,47.5,66.1
8032,-22116.88,554.7475,1.79,53.2,66.2
8033,-22151.12,303.9269,1.79,46.3,66.2
8034,-22105.01,200.4009,1.78,52.6,66.2
8035,-22087.8,135.7533,1.75,48.2,66.1
8036,-22070.71,211.8684,1.75,53.1,66.2
8037,-22128.91,310.8522,1.81,49.0,66.2
8038,-22063.48,229.8925,1.79,52.3,66.3
8039,-22072.85,214.5852,1.78,50.0,66.3
8040,-22036.72,804.4229,1.8,50.2,66.3
8041,-22024.17,456.8951,1.78,51.5,66.2
8042,-22094.75,857.9006,1.8,50.6,66.3
8043,-22031.85,426.3971,1.8,51.6,66.3
8044,-22055.09,325.572,1.77,48.8,66.4
8045,-22031.85,162.8989,1.79,52.0,66.4
8046,-22146.77,455.9748,1.8,47.9,66.4
8047,-22171.98,1665.1486,1.78,52.7,66.4
8048,-22104.97,661.9163,1.8,47.2,66.4
8049,-22115.78,763.0118,1.76,52.8,66.4
8050,-22080.06,350.9045,1.78,45.0,66.4
8051,-22161.76,969.2861,1.78,53.7,66.4
8052,-22090.06,408.437,1.8,46.6,66.4
8053,-22056.4,309.6344,1.78,53.3,66.5
8054,-22093.37,101.8948,1.78,46.4,66.4
8055,-22096.91,644.9034,1.75,52.7,66.4
8056,-22111.44,272.7647,1.78,46.6,66.5
8057,-22056.05,470.5269,1.76,53.2,66.5
8058,-22086.27,505.3873,1.77,47.1,66.5
8059,-22128.61,466.1281,1.79,53.4,66.6
8060,-22042.92,406.8284,1.78,49.8,66.5
8061,-22061.52,189.4213,1.75,52.5,66.5
8062,-22037.4,325.9571,1.81,47.9,66.5
8063,-22141.05,1028.3262,1.79,51.2,66.6
8064,-22082.19,1051.412,1.79,49.3,66.6
8065,-22113.09,1065.4539,1.8,50.3,66.6
8066,-22098.17,1067.2183,1.8,50.8,66.5
8067,-22187.68,475.8411,1.79,50.7,66.6
8068,-22164.1,539.6109,1.79,51.0,66.7
8069,-22068.91,866.5749,1.77,48.8,66.7
8070,-22111.27,1890.2332,1.79,52.6,66.7
8071,-22127.75,1102.2339,1.76,47.8,66.7
8072,-22054.5,163.4283,1.78,53.3,66.7
8073,-22104.82,238.4264,1.76,47.5,66.8
8074,-22103.69,346.0359,1.79,53.2,66.8
8075,-22193.47,387.8252,1.78,47.0,66.8
8076,-21985.88,3252.2697,1.79,52.8,66.8
8077,-22150.86,637.814,1.8,47.3,66.9
8078,-22057.58,1084.494,1.78,53.5,66.9
8079,-22117.54,548.7146,1.78,46.6,66.9
8080,-22035.49,901.6,1.76,52.5,66.9
8081,-22096.24,271.9948,1.79,48.6,66.9
8082,-22045.06,516.7542,1.78,52.4,66.9
8083,-22100.55,280.3436,1.78,49.1,66.9
8084,-22054.43,343.9502,1.79,52.0,67.0
8085,-22001.63,234.395,1.8,51.1,66.9
8086,-22029.55,246.8305,1.76,50.8,66.9
8087,-22100.21,565.0166,1.77,51.8,66.9
8088,-22069.42,216.9637,1.77,49.0,67.0
8089,-22078.4,198.3831,1.79,52.9,67.1
8090,-22100.61,433.6734,1.78,47.9,67.0
8091,-22110.38,816.9559,1.8,52.3,67.1
8092,-22184.72,401.7551,1.77,47.4,67.0
8093,-22178.15,226.5985,1.76,53.5,67.1
8094,-22113.64,908.9503,1.79,46.2,67.1
8095,-22113.63,422.4145,1.78,53.6,67.3
8096,-22105.47,997.465,1.78,49.1,67.4
8097,-22136.11,1115.1314,1.76,53.3,67.5
8098,-22132.48,613.4175,1.8,47.7,67.5
8099,-22134.72,381.1887,1.81,53.3,67.5
8100,-22114.24,206.7551,1.81,48.9,67.5
8101,-22138.81,200.2448,1.79,52.6,67.6
8102,-22155.39,81.145,1.78,49.8,67.6
8103,-22088.82,352.6976,1.77,51.1,67.6
8104,-22162.22,494.345,1.78,50.5,67.7
8105,-22147.93,667.5015,1.76,50.4,67.7
8106,-22137.0,225.2464,1.77,52.3,67.7
8107,-22184.03,154.9931,1.78,49.0,67.7
8108,-22198.39,417.8547,1.79,53.1,67.7
8109,-22126.71,711.1144,1.78,47.1,67.8
8110,-22135.2,437.6416,1.77,52.8,67.7
8111,-22028.98,1210.6069,1.8,46.1,67.8
8112,-22074.65,127.5248,1.75,53.8,67.9
8113,-22159.56,897.5966,1.79,47.1,67.8
8114,-22096.25,449.7664,1.76,53.2,67.8
8115,-22056.05,402.4046,1.78,46.3,67.8
8116,-22044.75,159.7317,1.77,52.7,67.9
8117,-22077.93,545.6812,1.78,47.0,68.0
8118,-22074.71,218.553,1.8,52.9,68.0
8119,-22097.73,164.0086,1.79,49.1,68.0
8120,-22188.71,494.189,1.78,52.2,68.0
8121,-22095.47,899.5388,1.78,49.9,68.1
8122,-22126.27,290.4374,1.78,51.3,68.1
8123,-22149.23,1134.3006,1.78,52.8,68.2
8124,-22096.91,444.4824,1.74,48.4,68.2
8125,-22097.47,473.9448,1.77,52.9,68.2
8126,-22131.95,105.5763,1.78,47.3,68.2
8127,-22077.6,161.123,1.76,52.7,68.2
8128,-22128.43,781.0561,1.78,47.1,68.3
8129,-22031.85,716.5335,1.77,54.0,68.3
8130,-22143.56,458.3065,1.8,45.1,68.2
8131,-22078.95,282.9986,1.78,52.9,68.3
8132,-22122.67,601.0215,1.77,47.0,68.3
8133,-22184.14,1077.1919,1.78,52.6,68.4
8134,-22110.38,196.0573,1.78,47.9,68.4
8135,-22148.45,537.9985,1.77,50.8,68.4
8136,-22013.7,1326.5506,1.78,49.8,68.4
8137,-22125.01,504.2431,1.8,52.0,68.5
8138,-22046.77,1191.6424,1.77,52.2,68.5
8139,-22069.34,482.2527,1.79,49.3,68.5
8140,-22067.17,396.0821,1.79,51.7,68.5
8141,-22066.89,177.5338,1.78,49.3,68.6
8142,-22151.2,1030.708,1.8,53.6,68.5
8143,-22135.29,257.8855,1.77,47.4,68.6
8144,-22122.53,606.2752,1.77,53.3,68.7
8145,-22191.3,1284.4483,1.78,46.6,68.7
8146,-22251.05,1262.9585,1.78,53.2,68.7
8147,-22191.69,320.26,1.8,46.4,68.6
8148,-22184.83,490.881,1.77,53.5,68.7
8149,-22184.12,164.4054,1.78,45.3,68.8
8150,-22131.48,429.7854,1.77,53.2,68.7
8151,-22188.11,161.9316,1.79,46.4,68.8
8152,-22189.78,190.123,1.79,53.8,68.8
8153,-22196.78,74.1358,1.77,49.0,68.9
8154,-22195.67,365.6259,1.76,51.8,69.0
8155,-22115.85,632.0632,1.78,50.4,68.9
8156,-22122.37,128.3986,1.76,49.9,68.9
8157,-22191.65,464.7247,1.76,53.0,69.0
8158,-22255.8,1271.2962,1.79,48.1,69.0
8159,-22258.93,899.649,1.79,53.1,69.1
8160,-22211.49,366.1366,1.8,46.0,69.0
8161,-22250.87,183.3934,1.79,53.8,69.1
8162,-22230.13,91.2879,1.77,47.4,69.0
8163,-22189.13,155.5755,1.78,53.5,69.1
8164,-22280.07,1462.0421,1.77,48.4,69.2
8165,-22230.87,723.2225,1.79,52.6,69.2
8166,-22250.57,409.4437,1.79,46.0,69.2
8167,-22200.35,512.8062,1.79,53.0,69.2
8168,-22223.86,718.5133,1.79,49.7,69.3
8169,-22292.23,978.6585,1.78,52.1,69.3
8170,-22275.98,582.717,1.78,50.1,69.3
8171,-22336.48,1049.0298,1.78,51.6,69.4
8172,-22355.36,471.9861,1.78,50.9,69.4
8173,-22351.76,784.4862,1.81,49.8,69.5
8174,-22256.56,859.6317,1.79,51.5,69.5
8175,-22262.59,1299.5026,1.75,47.8,69.5
8176,-22242.88,299.476,2.9,48.7,68.6
8177,-22203.11,104.9856,1.72,52.6,68.7
8178,-22227.51,199.3191,1.71,52.2,68.7
8179,-22331.04,1217.4627,1.72,52.8,68.7
8180,-22258.17,499.4477,1.7,52.2,68.8
8181,-22399.41,1156.7754,1.75,52.6,68.7
8182,-22288.48,1233.9449,1.76,53.0,68.8
8183,-22413.05,867.1755,1.75,53.7,68.9
8184,-22413.05,586.6467,1.75,52.8,68.8
8185,-22224.51,3641.3281,1.76,52.7,69.0
8186,-22205.99,3877.4746,1.76,52.7,68.9
8187,-22211.02,2419.6829,1.75,52.2,68.9
8188,-22117.71,2571.4024,1.78,52.9,68.9
8189,-22216.62,1296.9327,1.75,52.0,68.9
8190,-22235.02,720.3183,1.74,52.5,68.2
8191,-22296.14,477.8841,1.77,52.4,68.3
8192,-22232.53,376.5005,1.75,51.1,68.4
8193,-22167.38,834.2187,1.78,53.0,68.4
8194,-22191.0,621.668,1.75,52.7,68.3
8195,-22222.56,578.6057,1.75,47.7,68.4
8196,-22217.99,605.1154,1.77,53.2,68.5
8197,-22186.95,701.0457,1.76,44.5,68.4
8198,-22284.68,311.0794,1.78,52.6,68.5
8199,-22202.39,473.0206,1.75,44.5,68.4
8200,-22279.34,298.658,1.78,54.0,68.4
8201,-22297.21,430.6981,1.79,43.8,68.5
8202,-22276.97,534.9098,1.79,52.4,68.5
8203,-22321.35,247.6126,1.79,45.8,68.5
8204,-22208.13,1598.7379,1.78,50.9,68.5
8205,-22175.58,1254.6088,1.78,45.2,68.4
8206,-22155.18,1529.3478,1.76,51.1,68.4
8207,-22192.17,1796.6079,1.79,47.4,68.5
8208,-22167.38,863.8736,1.79,49.2,68.5
8209,-22207.49,1089.3891,1.78,48.8,68.6
8210,-22158.27,536.0659,1.8,48.3,68.6
8211,-22156.59,259.9636,1.79,48.8,68.5
8212,-22080.84,221.2574,1.78,49.0,68.6
8213,-22129.78,432.6111,1.77,52.3,68.6
8214,-22129.78,360.9184,1.76,46.5,68.6
8215,-22198.91,568.5775,1.77,53.9,68.7
8216,-22132.61,477.3239,1.76,47.0,68.7
8217,-22080.22,783.0308,1.78,53.5,68.8
8218,-22151.39,560.4074,1.78,47.6,68.7
8219,-22187.68,263.0712,1.79,52.8,68.7
8220,-22113.37,332.9068,1.77,46.1,68.8
8221,-22070.04,916.8878,1.76,52.9,68.8
8222,-22134.72,397.3716,1.78,48.5,68.8
8223,-22090.35,159.5845,1.78,53.0,68.8
8224,-22133.47,145.3162,1.77,49.3,68.8
8225,-22109.24,270.9374,1.77,50.8,68.9
8226,-22203.63,165.8878,1.8,51.4,68.8
8227,-22106.02,259.1076,1.76,48.2,68.9
8228,-22112.45,226.3988,1.75,52.4,68.9
8229,-22089.55,232.4733,1.75,47.4,68.9
8230,-22105.25,70.052,1.78,53.4,68.9
8231,-22142.45,250.8666,1.75,48.4,68.9
8232,-22089.51,304.9006,1.75,53.1,69.0
8233,-22129.58,124.7544,1.79,49.1,68.9
8234,-22081.36,67.6974,1.79,53.2,68.9
8235,-22084.65,88.9114,1.77,50.1,68.9
8236,-22144.14,536.8106,1.78,52.5,69.0
8237,-22160.02,181.3278,1.79,52.9,69.1
8238,-22084.63,676.4837,1.79,49.2,69.1
8239,-22159.58,411.4582,1.76,53.7,69.1
8240,-22117.52,542.0601,1.77,49.6,69.2
8241,-22051.1,287.2788,1.77,53.0,69.2
8242,-22125.44,640.7356,1.75,48.6,69.2
8243,-22132.48,770.2599,1.77,53.6,69.2
8244,-22032.57,287.0184,1.75,49.4,69.3
8245,-22050.61,293.4866,1.75,52.8,69.3
8246,-22071.41,466.7794,1.77,50.6,69.2
8247,-22062.55,358.4552,1.75,51.4,69.2
8248,-22061.16,456.1701,1.8,52.8,69.3
8249,-22112.33,423.9915,1.78,49.2,69.3
8250,-22064.8,191.288,1.74,53.0,69.2
8251,-22162.91,167.5587,1.77,49.0,69.3
8252,-22154.66,347.0878,1.77,53.1,69.3
8253,-22132.44,318.8133,1.75,49.8,69.3
8254,-22051.14,451.1048,1.8,52.8,69.3
8255,-22085.9,132.1233,1.79,49.6,69.3
8256,-22098.51,162.9561,1.75,52.8,69.3
8257,-22099.23,65.063,1.78,53.0,69.3
8258,-22046.56,304.5089,1.78,49.8,69.3
8259,-22072.81,263.1889,1.79,53.7,69.3
8260,-22140.02,327.2576,1.78,47.5,69.3
8261,-22046.56,154.8147,1.77,53.9,69.4
8262,-22109.22,258.2624,1.8,47.4,69.3
8263,-22036.6,93.4416,1.79,53.8,69.4
8264,-22055.59,44.5159,1.77,48.7,69.5
8265,-22142.45,595.4406,1.78,54.0,69.5
8266,-22078.4,196.8623,1.79,49.2,69.5
8267,-22105.69,192.6489,1.78,51.9,69.5
8268,-22093.79,507.5185,1.79,52.3,69.4
8269,-22135.23,561.9474,1.76,51.5,69.4
8270,-22156.49,821.7592,1.76,53.1,69.4
8271,-22041.03,421.4479,1.78,49.3,69.4
8272,-22104.65,165.0998,1.78,52.6,69.5
8273,-22114.95,416.6922,1.76,48.9,69.6
8274,-22050.04,706.8289,1.78,52.7,69.5
8275,-22136.88,208.5794,1.78,49.6,69.6
8276,-22038.41,1172.1343,1.79,53.5,69.6
8277,-22051.18,401.5692,1.78,49.9,69.5
8278,-22128.05,1318.9568,1.78,53.0,69.5
8279,-22070.78,641.0054,1.76,51.8,69.6
8280,-22095.69,397.8993,1.76,51.9,69.6
8281,-22115.51,213.2479,1.79,53.0,69.7
8282,-22121.6,337.6899,1.76,50.1,69.7
8283,-22093.33,729.1721,1.78,53.0,69.7
8284,-22039.33,309.5244,1.77,48.7,69.8
8285,-22130.84,1247.1189,1.77,52.6,69.8
8286,-22106.02,847.846,1.78,50.4,69.7
8287,-22159.78,785.4185,1.76,53.8,69.7
8288,-22077.57,495.5528,1.78,50.9,69.8
8289,-22096.37,432.5277,1.78,53.4,69.8
8290,-22136.88,259.0472,1.76,50.8,69.8
8291,-22088.71,304.231,1.76,50.1,69.8
8292,-22149.9,306.3135,1.77,53.3,69.9
8293,-22193.47,520.0502,1.78,49.7,69.9
8294,-22128.29,147.6108,1.77,53.2,69.9
8295,-22047.01,665.1373,1.78,48.8,69.9
8296,-22149.9,156.1134,1.77,52.9,69.9
8297,-22036.6,416.1227,1.77,49.5,70.0
8298,-22122.04,315.5994,1.78,53.0,70.0
8299,-22151.54,401.1042,1.77,49.6,70.0
8300,-22206.71,451.2644,1.76,53.4,70.1
8301,-22229.38,487.2155,1.76,51.4,70.1
8302,-22079.75,2399.5684,1.76,50.8,70.0
8303,-22136.19,1361.2523,1.78,53.4,70.0
8304,-22112.01,419.9305,1.79,50.9,70.1
8305,-22119.68,146.5673,1.76,53.4,70.2
8306,-22145.47,362.9195,1.76,50.5,70.2
8307,-22129.36,565.9607,1.76,54.1,70.2
8308,-22181.51,404.278,1.75,49.0,70.2
8309,-22112.01,208.9337,1.77,52.7,70.2
8310,-22115.53,1416.2851,1.77,50.9,70.3
8311,-22130.18,634.4069,1.76,53.1,70.3
8312,-22097.7,690.9258,1.76,52.8,70.4
8313,-22115.11,1109.6769,1.76,50.8,70.3
8314,-22082.82,1179.8408,1.76,53.0,70.2
8315,-22127.38,691.7059,1.77,51.1,70.3
8316,-22153.51,270.4639,1.76,53.1,70.3
8317,-22048.21,743.2536,1.76,51.0,70.4
8318,-22021.22,649.208,1.79,53.7,70.4
8319,-22105.93,777.8473,1.8,49.0,70.4
8320,-22156.2,766.1121,1.8,53.4,70.4
8321,-22095.37,260.5745,1.79,50.9,70.5
8322,-22213.81,689.8126,1.77,52.8,70.5
8323,-22083.21,626.8363,1.78,53.4,70.6
8324,-22010.75,983.4741,1.78,49.7,70.6
8325,-22123.84,310.5556,1.77,52.4,70.5
8326,-22133.1,513.1958,1.74,48.7,70.1
8327,-22030.81,269.5185,1.77,51.9,69.8
8328,-22012.05,270.919,1.76,53.2,69.9
8329,-22067.68,247.3046,1.77,53.2,69.9
8330,-22100.32,401.5098,1.78,53.7,70.0
8331,-22114.22,658.3304,1.77,53.0,69.9
8332,-22139.47,644.3954,1.79,52.6,70.0
8333,-22096.88,1769.1558,1.77,53.5,70.0
8334,-22053.33,1370.1315,1.78,53.0,70.0
8335,-22145.99,573.091,1.77,53.0,70.1
8336,-22065.87,382.6549,1.79,52.9,70.1
8337,-22116.1,141.0709,1.8,52.2,70.7
8338,-22056.07,149.6487,1.76,52.8,70.7
8339,-22071.21,372.934,1.77,52.7,70.7
8340,-22044.02,98.2264,1.79,53.0,70.7
8341,-22156.39,1249.0601,1.76,50.4,70.8
8342,-22089.11,773.9428,1.77,53.8,70.8
8343,-22191.92,1338.9414,1.79,49.9,70.8
8344,-22161.18,493.6556,1.77,52.9,70.8
8345,-22192.94,488.7802,1.76,53.0,70.9
8346,-22258.27,1154.9614,1.77,51.2,70.9
8347,-22242.97,783.27,1.78,53.1,71.0
8348,-22236.03,336.3456,1.77,49.8,70.9
8349,-22239.42,111.0943,1.78,53.0,70.9
8350,-22253.06,600.3764,1.78,49.7,70.9
8351,-22292.09,2512.5473,1.77,53.1,70.9
8352,-22187.94,444.6468,1.78,47.6,71.0
8353,-22174.31,756.2414,1.78,53.1,71.1
8354,-22235.56,1135.7666,1.79,49.8,71.1
8355,-22251.31,694.45,1.8,52.0,71.1
8356,-22215.39,320.4797,1.78,50.5,71.1
8357,-22178.06,309.8806,1.78,51.0,71.1
8358,-22187.5,338.3905,1.78,52.4,71.1
8359,-22202.45,320.5456,1.77,48.0,71.1
8360,-22224.35,199.1776,1.76,52.6,71.2
8361,-22130.48,831.7682,1.78,47.3,71.2
8362,-22131.63,374.9841,1.76,52.8,71.2
8363,-22177.97,196.9334,1.75,46.9,70.5
8364,-22285.02,3240.9005,1.75,48.1,70.6
8365,-22208.51,911.4759,1.8,53.2,70.6
8366,-22185.64,523.9526,1.78,49.9,70.6
8367,-22104.08,1970.5511,1.78,53.4,70.5
8368,-22233.88,413.1452,1.77,50.6,70.6
8369,-22178.24,348.1077,1.78,51.4,70.6
8370,-22210.21,246.4812,1.77,52.7,70.6
8371,-22077.68,2163.6595,1.77,49.1,70.5
8372,-22276.24,1027.4868,1.78,54.0,70.6
8373,-22181.21,191.8046,1.78,49.7,70.2
8374,-22150.48,189.6227,1.8,54.1,70.2
8375,-22115.85,322.2763,1.79,48.4,70.0
8376,-22172.16,222.0532,1.79,52.6,70.1
8377,-22200.79,689.1698,1.79,48.7,69.9
8378,-22237.12,730.3249,1.79,53.8,69.9
8379,-22213.84,793.5624,1.76,49.1,69.5
8380,-22155.32,946.7965,1.8,52.6,69.5
8381,-22168.02,165.0847,1.76,49.2,69.2
8382,-22178.24,246.9124,1.78,53.7,69.2
8383,-22203.94,1237.8463,1.76,51.4,69.1
8384,-22149.87,668.7025,1.76,52.5,69.2
8385,-22268.65,730.697,1.78,52.2,69.1
8386,-22222.99,641.7169,1.77,50.7,68.9
8387,-22209.59,647.2495,1.78,53.3,69.0
8388,-22275.23,629.058,1.76,48.7,68.7
8389,-22269.04,276.221,1.76,52.8,68.8
8390,-22192.45,11457.9263,1.76,50.8,68.5
8391,-22180.78,4831.2628,1.78,53.5,68.5
8392,-22196.88,1604.7906,1.81,47.5,68.5
8393,-22197.35,1428.0309,1.8,52.6,68.6
8394,-22258.4,480.541,1.81,48.2,68.5
8395,-22260.86,313.1585,1.78,53.7,68.6
8396,-22210.31,1113.4493,1.8,49.8,68.7
8397,-22227.16,295.1065,1.78,52.1,68.6
8398,-22201.91,186.9255,1.8,51.0,68.6
8399,-22234.66,553.2016,1.76,48.8,68.7
8400,-22160.11,178.8055,1.79,52.5,68.7
8401,-22244.65,665.265,1.78,47.9,68.7
8402,-22170.94,147.6474,1.77,52.9,68.7
8403,-22208.66,254.1966,1.79,47.5,68.6
8404,-22194.28,504.1211,1.79,53.0,68.7
8405,-22212.52,161.2808,1.79,47.2,68.7
8406,-22184.69,101.8019,1.77,53.0,68.7
8407,-22231.41,156.5516,1.76,48.3,68.7
8408,-22166.03,85.0783,1.76,53.1,68.8
8409,-22180.51,128.3323,1.78,49.9,68.7
8410,-22200.29,75.2218,1.77,51.2,68.7
8411,-22162.15,133.5767,1.77,52.3,68.7
8412,-22110.38,1009.8252,1.77,49.4,68.7
8413,-22052.49,291.2596,1.74,53.3,68.7
8414,-22100.38,545.5275,1.78,49.0,68.8
8415,-22136.32,951.7222,1.77,53.1,68.8
8416,-22055.11,69.5065,1.77,47.9,68.9
8417,-22111.95,192.4128,1.76,52.8,68.8
8418,-22092.34,61.9907,1.77,49.9,68.9
8419,-22168.36,700.5826,1.79,54.0,69.0
8420,-22079.42,386.1572,1.78,50.8,69.1
8421,-22168.79,474.7058,1.78,53.2,69.0
8422,-22170.91,361.4603,1.79,51.6,69.1
8423,-22091.48,577.2182,1.8,51.1,69.2
8424,-22130.84,156.5933,1.79,53.2,69.2
8425,-22078.14,91.8384,1.78,48.8,69.2
8426,-22081.36,246.7207,1.78,53.6,69.3
8427,-22083.01,254.1424,1.8,48.3,69.1
8428,-22174.09,1662.1449,1.78,52.0,69.1
8429,-22026.83,600.6874,1.77,49.1,69.1
8430,-22106.55,270.7875,1.76,53.2,69.1
8431,-21985.39,615.349,1.79,47.3,69.2
8432,-22072.68,298.1275,1.78,52.8,69.2
8433,-22049.99,761.4772,1.8,47.6,69.1
8434,-22010.29,140.0895,1.8,52.8,69.2
8435,-22042.99,417.0847,1.79,50.0,69.2
8436,-22090.65,288.1704,1.76,51.9,69.2
8437,-22028.21,145.1618,1.76,53.6,69.2
8438,-22090.89,302.4806,1.8,48.0,69.3
8439,-22114.1,241.9503,1.79,53.4,69.3
8440,-22090.89,170.6709,1.78,46.8,69.2
8441,-22036.45,184.1214,1.77,53.3,69.3
8442,-22153.6,1305.8038,1.78,48.0,69.4
8443,-22036.8,327.1114,1.78,53.1,69.4
8444,-22094.38,532.9771,1.77,49.0,69.3
8445,-22082.7,739.8316,1.78,52.3,69.3
8446,-22089.05,347.8198,1.74,51.0,69.3
8447,-22170.2,1533.5385,1.75,52.1,69.4
8448,-22149.6,308.3235,1.77,53.4,69.4
8449,-22107.8,429.0707,1.76,48.5,69.5
8450,-22056.86,688.9008,1.77,53.3,69.5
8451,-22101.33,403.3441,1.76,47.3,69.5
8452,-22122.28,477.3816,1.75,53.3,69.4
8453,-22144.07,683.0742,1.76,48.1,69.4
8454,-22115.47,64.5477,1.76,53.1,69.5
8455,-22106.72,420.0506,1.8,49.0,69.6
8456,-22043.82,598.3778,1.79,52.9,69.6
8457,-22062.68,111.7864,1.8,49.4,69.6
8458,-22079.09,923.9423,1.77,52.0,69.7
8459,-21974.75,1473.7427,1.79,52.4,69.7
8460,-22022.26,185.4318,1.78,48.0,69.6
8461,-22098.47,901.7939,1.78,52.9,69.6
8462,-22094.55,433.0645,1.77,48.2,69.7
8463,-22103.53,305.5916,1.75,53.5,69.7
8464,-22141.64,679.4613,1.79,47.8,69.7
8465,-22112.1,474.7549,1.77,52.9,69.7
8466,-22123.69,409.6003,1.78,49.0,69.8
8467,-22148.58,89.4626,1.77,53.2,69.8
8468,-22135.39,472.558,1.78,52.4,69.9
8469,-22126.03,478.4806,1.78,48.5,69.8
8470,-22143.43,193.8109,1.8,53.3,69.9
8471,-22074.51,593.9106,1.76,47.9,69.8
8472,-22081.14,481.0956,1.76,52.1,69.9
8473,-22144.7,333.0804,1.77,47.8,70.0
8474,-22086.43,225.8518,1.76,52.9,70.0
8475,-22080.63,439.5177,1.74,46.7,69.0
8476,-22129.44,1026.8564,1.71,53.2,69.0
8477,-22074.1,265.203,1.74,53.5,69.1
8478,-22109.97,299.0341,1.71,52.8,69.1
8479,-22074.75,340.0453,1.72,53.2,69.1
8480,-22084.12,236.9599,1.71,52.5,69.1
8481,-22071.87,194.1448,1.71,52.3,69.1
8482,-22087.8,153.8169,1.72,52.9,69.2
8483,-22072.96,139.7301,1.69,53.2,69.2
8484,-22161.11,391.1654,1.72,52.9,69.3
8485,-22185.45,304.3943,1.71,53.0,69.3
8486,-22128.35,920.5607,1.75,52.8,69.2
8487,-22113.4,938.3345,1.73,53.4,69.3
8488,-22069.93,1311.4728,1.74,52.7,69.3
8489,-22108.49,1097.5186,1.78,53.8,69.4
8490,-22131.02,566.0511,1.74,53.2,69.3
8491,-22003.11,1137.33,1.78,52.8,69.4
8492,-22043.24,506.9022,1.75,52.3,69.3
8493,-21983.69,161.0172,1.78,51.7,69.3
8494,-22076.7,352.4074,1.74,53.1,69.3
8495,-22047.6,195.9193,1.76,49.1,69.4
8496,-22107.1,189.9318,1.78,52.8,69.4
8497,-22130.49,150.9241,1.76,44.4,69.4
8498,-22079.01,118.7717,1.78,53.6,69.4
8499,-22088.06,75.7048,1.76,44.9,69.4
8500,-22031.34,354.9107,1.78,53.3,69.5
8501,-22041.86,135.381,1.78,46.3,69.6
8502,-22181.08,1725.9684,1.78,51.8,69.5
8503,-22048.01,135.9345,1.78,47.1,69.5
8504,-22074.56,217.8004,1.77,48.6,69.5
8505,-22208.61,1753.0455,1.79,47.7,69.5
8506,-22023.33,355.9197,1.77,47.5,69.5
8507,-22081.59,449.6565,1.79,51.2,69.6
8508,-22036.17,334.6703,1.78,44.5,69.7
8509,-22093.89,402.3935,1.79,53.1,69.6
8510,-22095.05,418.8212,1.78,45.7,69.5
8511,-22102.12,301.6004,1.79,53.3,69.5
8512,-22186.31,529.9171,1.78,45.0,69.6
8513,-22171.05,748.9825,1.76,53.6,69.7
8514,-22113.14,705.1557,1.78,45.7,69.7
8515,-22036.29,1493.388,1.79,52.5,69.7
8516,-22037.79,685.1865,1.76,49.8,69.8
8517,-22036.17,437.774,1.75,52.7,69.7
8518,-21991.25,190.7043,1.79,52.9,69.8
8519,-22049.59,502.108,1.8,49.2,69.8
8520,-22084.26,295.4423,1.8,53.3,69.8
8521,-22027.33,492.644,1.77,48.6,69.8
8522,-22127.63,614.6233,1.77,53.2,69.9
8523,-22021.47,300.031,1.78,46.9,69.9
8524,-22098.59,205.6374,1.75,53.2,69.9
8525,-22135.6,739.6292,1.78,47.7,70.0
8526,-22080.37,362.59,1.78,53.1,70.0
8527,-22108.15,1259.7347,1.78,51.9,70.0
8528,-22133.81,862.5468,1.76,52.8,70.0
8529,-22112.64,358.6356,1.77,52.7,69.9
8530,-22091.87,709.22,1.76,50.2,69.3
8531,-22069.05,527.9726,1.76,50.7,69.3
8532,-22084.91,392.5333,1.76,53.4,69.3
8533,-22075.46,305.9227,1.76,52.8,69.3
8534,-22066.48,302.9939,1.75,53.4,69.4
8535,-22023.08,320.1176,1.77,52.4,69.4
8536,-22026.63,162.9552,1.76,52.0,69.4
8537,-22114.23,944.8685,1.79,52.8,69.4
8538,-22074.99,175.8243,1.76,51.7,69.5
8539,-22118.63,312.334,1.75,53.6,69.5
8540,-22083.5,224.7051,1.75,53.4,69.6
8541,-22078.62,603.0782,1.75,53.0,69.5
8542,-22072.59,139.7839,1.79,51.2,69.6
8543,-22078.62,250.6488,1.76,53.2,69.6
8544,-22114.23,181.7974,1.8,52.1,69.6
8545,-22048.07,642.3747,1.75,53.4,69.7
8546,-22118.67,773.8924,1.77,52.8,69.7
8547,-22110.66,148.0378,1.75,51.6,69.7
8548,-22038.15,906.4448,1.77,53.7,69.7
8549,-22151.72,673.4675,1.76,51.3,69.6
8550,-22153.76,1331.4791,1.77,52.9,69.7
8551,-22065.42,556.4021,1.78,52.6,69.7
8552,-22023.43,668.3372,1.78,53.4,69.8
8553,-22132.6,586.5782,1.78,51.3,69.7
8554,-22129.46,197.2511,1.76,53.4,69.7
8555,-22091.28,197.7327,1.78,51.8,69.8
8556,-22091.28,109.1153,1.77,53.2,69.8
8557,-22099.64,156.9536,1.79,53.5,69.8
8558,-22149.81,351.6255,1.79,51.8,69.9
8559,-22149.58,455.2146,1.78,53.3,69.9
8560,-22134.42,392.4709,1.77,49.9,69.8
8561,-22125.57,295.2888,1.77,52.5,69.9
8562,-22091.28,152.3011,1.78,51.5,69.8
8563,-22126.61,242.8179,1.77,53.7,69.9
8564,-22091.28,80.8535,1.77,50.9,69.9
8565,-22064.43,117.0139,1.77,53.3,69.8
8566,-22078.68,154.138,1.77,50.7,69.9
8567,-22038.92,69.3744,1.77,52.6,69.9
8568,-22100.0,184.8715,1.76,53.1,69.9
8569,-22067.77,261.4787,1.78,50.7,69.8
8570,-22102.58,329.7902,1.75,52.8,69.9
8571,-22067.56,118.5903,1.75,48.7,69.9
8572,-22098.31,231.7202,1.75,53.2,69.8
8573,-22036.3,172.3066,1.77,50.2,69.9
8574,-22020.23,359.3136,1.79,52.9,69.9
8575,-22058.28,99.7885,1.77,50.5,70.0
8576,-22066.42,434.1057,1.76,53.3,70.1
8577,-22100.04,394.7368,1.77,52.0,70.0
8578,-22054.68,912.2822,1.76,49.9,70.1
8579,-22064.43,702.1602,1.76,53.3,70.1
8580,-22083.1,507.2765,1.79,49.8,70.1
8581,-22012.87,253.6665,1.76,52.6,70.1
8582,-22053.62,151.4036,1.76,47.7,70.2
8583,-21974.75,388.2765,1.73,53.3,70.1
8584,-22105.06,660.5003,1.78,49.2,70.1
8585,-22055.61,180.442,1.76,53.5,70.2
8586,-22050.97,50.5999,1.76,51.9,70.3
8587,-22065.4,444.0131,1.76,51.0,70.2
8588,-22064.02,61.0193,1.76,53.6,70.2
8589,-22103.63,326.9822,1.78,46.7,70.2
8590,-22300.28,2138.4514,1.79,53.2,70.2
8591,-22222.04,1679.499,1.8,47.7,70.2
8592,-22262.28,768.6474,1.77,52.8,70.3
8593,-22197.5,2059.4416,1.77,48.0,70.4
8594,-22215.93,1362.3891,1.78,53.1,70.4
8595,-22264.17,531.5399,1.8,48.7,70.3
8596,-22264.17,484.2496,1.78,52.8,70.3
8597,-22276.89,541.2067,1.8,51.4,70.4
8598,-22194.93,1314.322,1.74,50.3,70.4
8599,-22175.39,896.3167,1.77,52.8,70.4
8600,-22184.68,712.615,1.78,47.3,70.4
8601,-22157.1,499.1637,1.77,53.4,70.4
8602,-22092.59,110.0499,1.77,48.6,70.5
8603,-22114.63,582.1851,1.77,53.3,70.5
8604,-22122.78,255.1238,1.75,48.2,70.5
8605,-22156.47,183.3279,1.76,52.7,70.6
8606,-22192.94,451.945,1.78,49.3,70.6
8607,-22128.27,344.0122,1.74,53.0,70.5
8608,-22150.73,522.4264,1.76,51.4,70.6
8609,-22090.48,169.0297,1.82,51.1,71.5
8610,-22108.78,158.2332,1.75,53.1,71.6
8611,-22186.04,1798.9306,1.78,49.1,71.3
8612,-22098.15,275.3542,1.76,53.3,71.2
8613,-22094.4,242.3787,1.75,51.5,70.8
8614,-22007.62,217.2227,1.76,52.8,70.8
8615,-22050.77,172.4677,1.78,51.2,70.7
8616,-21982.95,743.7155,1.75,53.8,70.8
8617,-22064.3,301.5261,1.78,52.1,70.8
8618,-22125.37,1397.1552,1.76,53.1,70.8
8619,-22124.18,352.1964,1.79,53.2,70.8
8620,-22116.87,286.4576,1.76,51.2,70.6
8621,-22136.74,138.1964,1.78,52.7,70.7
8622,-22040.16,361.4772,1.78,50.7,70.6
8623,-22078.49,444.9252,1.78,52.6,70.5
8624,-22064.3,125.1879,1.76,51.2,70.6
8625,-22122.78,179.4742,1.76,53.1,70.6
8626,-21986.37,959.3535,1.78,49.9,70.6
8627,-22094.67,305.5249,1.75,52.6,70.7
8628,-21989.64,485.5293,1.77,53.5,70.8
8629,-22032.49,76.9461,1.76,49.4,70.8
8630,-22174.09,1498.5538,1.76,53.3,70.8
8631,-22134.43,756.5422,1.74,50.1,70.8
8632,-22134.16,179.4672,1.77,53.2,70.8
8633,-22028.74,735.7771,1.76,51.4,70.9
8634,-22084.51,268.2064,1.76,52.8,70.9
8635,-22088.62,350.7291,1.75,52.8,70.9
8636,-22176.59,1053.611,1.76,52.9,71.0
8637,-22138.87,600.5562,1.76,52.7,71.0
8638,-22176.59,363.6358,1.76,51.8,70.9
8639,-22111.67,585.725,1.77,53.2,71.0
8640,-22037.18,1047.2761,1.78,50.1,71.1
8641,-22018.89,720.3033,1.78,52.7,71.1
8642,-22058.06,243.4312,1.79,50.4,71.2
8643,-22035.21,165.2056,1.76,52.8,71.1
8644,-21998.93,184.338,1.78,50.9,71.2
8645,-22030.34,290.0084,1.76,50.6,71.2
8646,-22088.79,395.7832,1.79,52.6,71.2
8647,-21969.71,358.4253,1.79,49.1,71.2
8648,-22009.88,657.334,1.77,53.5,71.3
8649,-21951.27,323.2851,1.8,46.8,71.2
8650,-22086.1,1215.4668,1.74,53.2,71.3
8651,-22044.86,1081.8699,1.78,47.0,71.4
8652,-21986.83,90.86,1.76,53.1,71.4
8653,-22064.82,615.1684,1.75,49.7,71.4
8654,-22124.18,1096.4124,1.74,52.5,71.4
8655,-22021.13,403.5358,1.77,52.9,71.4
8656,-22116.87,366.8295,1.78,50.3,71.4
8657,-22097.19,210.3141,1.79,52.9,71.5
8658,-22115.51,189.983,1.79,47.4,71.5
8659,-22097.19,150.9366,1.76,53.1,71.5
8660,-22116.67,167.2054,1.79,50.1,71.6
8661,-22161.84,301.618,1.77,53.2,71.6
8662,-22086.55,476.7355,1.79,48.9,71.6
8663,-22166.16,125.3733,1.78,53.2,71.6
8664,-22066.22,305.7777,1.78,51.1,71.7
8665,-22072.62,271.6175,1.77,53.2,71.8
8666,-22150.68,357.9137,1.81,52.6,72.0
8667,-22098.33,269.4829,1.75,50.7,72.0
8668,-22069.38,96.9764,1.78,53.4,72.0
8669,-22146.0,331.0027,1.79,46.8,72.0
8670,-22161.15,82.9263,1.78,53.3,72.1
8671,-22151.29,231.5015,1.75,49.0,72.2
8672,-22107.58,392.2141,1.77,53.2,72.3
8673,-22114.28,71.5842,1.79,49.4,72.2
8674,-22100.18,156.0597,1.81,53.3,72.3
8675,-22117.71,94.0236,1.78,51.3,72.0
8676,-22190.29,158.6974,1.77,51.9,72.0
8677,-22170.82,176.7482,1.79,53.3,72.1
8678,-22065.5,2895.1271,1.77,48.3,72.2
8679,-22121.08,271.4602,1.77,52.6,72.1
8680,-22120.93,754.5597,1.77,46.0,72.2
8681,-22095.07,301.9402,1.77,53.7,72.2
8682,-22121.1,203.1763,1.77,49.3,72.3
8683,-22107.58,115.7133,1.77,53.5,72.3
8684,-22073.01,592.0041,1.81,49.1,72.3
8685,-22084.2,471.8448,1.8,52.3,72.2
8686,-22034.93,1048.63,1.79,49.6,72.3
8687,-22145.43,839.0863,1.76,51.8,72.3
8688,-22081.19,453.8394,1.78,53.8,72.3
8689,-22133.18,359.9256,1.75,48.8,72.4
8690,-22067.1,175.6556,1.76,52.9,72.5
8691,-22158.13,123.2655,1.75,48.3,72.5
8692,-22082.12,260.8248,1.75,53.3,72.4
8693,-22021.28,792.4995,1.79,48.2,72.5
8694,-22054.78,171.3471,1.78,53.2,72.5
8695,-22038.33,40.7081,1.78,50.7,72.6
8696,-22157.49,630.7058,1.76,52.3,72.2
8697,-22085.02,725.0105,1.81,46.4,71.8
8698,-22031.88,580.6017,1.78,52.8,71.8
8699,-22090.81,245.0504,1.78,47.4,71.8
8700,-22085.57,205.6376,1.75,53.0,71.8
8701,-22048.54,87.0918,1.8,47.0,71.9
8702,-22115.23,221.2767,1.76,53.4,72.0
8703,-22153.52,136.948,1.77,47.1,72.0
8704,-22088.58,521.7726,1.77,52.8,71.9
8705,-22123.01,467.11,1.75,50.1,72.0
8706,-22083.43,224.421,1.77,51.5,72.1
8707,-22133.77,566.2694,1.8,53.1,72.2
8708,-22150.66,768.7162,1.79,48.1,72.2
8709,-22159.62,277.616,1.8,53.9,72.2
8710,-22131.67,252.6868,1.78,47.6,72.2
8711,-22080.41,341.5824,1.79,53.5,72.2
8712,-22111.44,122.7382,1.79,46.5,72.3
8713,-22106.31,295.4571,1.75,52.4,72.3
8714,-22223.01,850.0293,1.77,47.7,72.4
8715,-22211.44,266.6143,1.76,53.5,72.3
8716,-22150.81,785.3086,1.78,48.1,72.3
8717,-22233.43,307.9426,1.76,52.5,72.3
8718,-22195.01,184.2687,1.79,49.3,72.4
8719,-22173.65,456.0195,1.76,52.3,72.4
8720,-22120.49,472.9839,1.8,53.3,72.5
8721,-22178.4,471.7462,1.75,47.8,72.4
8722,-22144.47,93.8687,1.77,52.7,72.4
8723,-22101.11,175.9861,1.79,48.9,72.3
8724,-22127.67,439.6834,1.79,54.2,72.5
8725,-22132.41,201.1489,1.78,49.2,72.6
8726,-22202.83,331.7005,1.75,52.8,72.6
8727,-22138.15,632.7055,1.77,48.7,72.5
8728,-22042.25,2158.3441,1.76,52.9,72.6
8729,-22117.82,342.0705,1.77,49.6,72.7
8730,-22122.36,493.2731,1.77,53.2,72.8
8731,-22093.56,354.7101,1.78,52.1,72.8
8732,-22108.53,421.5143,1.77,49.9,72.8
8733,-22124.63,312.3662,1.79,52.6,72.8
8734,-22133.86,167.9955,1.77,49.1,72.7
8735,-22146.1,310.1535,1.76,52.8,72.8
8736,-22107.28,185.2478,1.79,47.2,72.8
8737,-22100.42,226.8755,1.76,52.5,72.9
8738,-22131.47,918.6106,1.76,47.7,72.8
8739,-22149.2,420.0168,1.76,52.9,72.8
8740,-22087.87,351.509,1.77,48.3,72.9
8741,-22120.94,564.7836,1.76,52.7,72.9
8742,-22058.63,297.092,1.79,50.6,72.9
8743,-22013.02,189.5056,1.77,50.7,72.9
8744,-22139.72,1313.7731,1.78,53.1,72.9
8745,-22078.49,354.5738,1.76,49.7,72.9
8746,-22085.08,274.5061,1.77,52.5,72.9
8747,-22188.75,437.9548,1.78,49.7,72.9
8748,-22092.7,732.621,1.76,52.7,73.0
8749,-22091.66,808.265,1.77,48.0,73.0
8750,-22125.38,592.53,1.77,53.6,73.0
8751,-22004.77,693.0955,1.77,49.5,73.0
8752,-22138.67,275.545,1.75,52.9,73.1
8753,-22004.77,78.5002,1.79,52.5,73.1
8754,-22113.96,772.3168,1.75,48.9,73.2
8755,-22017.64,263.0683,1.77,52.6,73.2
8756,-22066.96,241.3844,1.8,48.8,73.1
8757,-22133.33,294.1222,1.79,52.8,73.1
8758,-22087.87,481.6278,1.79,48.3,73.1
8759,-22097.47,126.3026,1.76,52.4,73.2
8760,-22064.43,200.8361,1.77,46.6,73.2
8761,-22016.64,320.4546,1.76,52.0,72.9
8762,-22138.95,1695.4578,1.74,49.0,72.5
8763,-22075.03,439.2016,1.73,52.5,72.4
8764,-22096.05,459.8956,1.78,53.5,72.5
8765,-22033.47,267.7461,1.75,53.1,72.5
8766,-22133.33,178.1166,1.77,52.7,72.5
8767,-22052.64,347.7432,1.75,52.0,72.6
8768,-22143.11,275.3217,1.74,52.8,72.6
8769,-22131.07,193.8215,1.75,53.2,72.6
8770,-22111.6,69.1118,1.76,52.6,72.6
8771,-22076.4,193.5441,1.77,53.3,72.7
8772,-22119.8,201.6902,1.74,52.7,72.7
8773,-22129.29,439.2645,1.74,53.6,72.6
8774,-22149.39,170.1523,1.74,53.4,72.7
8775,-22164.52,455.5166,1.75,53.3,72.6
8776,-22143.41,537.1635,1.74,52.9,72.7
8777,-22084.63,330.8409,1.74,53.0,72.7
8778,-22085.25,322.1835,1.76,53.0,72.7
8779,-22050.83,79.0576,1.72,52.9,72.8
8780,-22133.58,224.877,1.75,53.2,72.9
8781,-22043.75,357.2874,1.77,46.7,71.8
8782,-22130.65,189.3207,1.77,54.0,71.8
8783,-22114.49,85.4356,1.76,43.2,71.9
8784,-22174.19,652.5221,1.75,53.1,71.8
8785,-22067.11,141.6859,1.78,47.1,71.9
8786,-22131.38,777.3605,1.78,52.5,72.0
8787,-22203.77,621.0509,1.77,49.0,71.9
8788,-22057.11,379.3528,1.74,50.7,71.9
8789,-22064.76,326.4293,1.73,53.1,72.0
8790,-22057.11,116.7639,1.77,48.6,71.9
8791,-22089.47,86.7171,1.76,53.2,71.9
8792,-22141.14,530.3098,1.75,49.4,71.9
8793,-22114.79,361.0962,1.74,53.4,71.9
8794,-22080.12,440.7927,1.76,48.2,72.0
8795,-22124.91,63.5172,1.75,53.1,72.0
8796,-22066.96,209.3384,1.86,50.7,72.0
8797,-22118.0,274.0597,1.76,50.7,71.9
8798,-22107.36,199.7752,1.78,52.9,72.0
8799,-22048.02,565.9514,1.74,47.0,72.0
8800,-22127.39,224.0289,1.74,53.7,72.0
8801,-22074.94,208.4907,1.75,48.9,72.0
8802,-22058.2,126.7253,1.73,53.4,72.1
8803,-22111.84,539.5013,1.75,51.1,72.1
8804,-22112.94,448.3014,1.74,52.0,72.1
8805,-22015.82,316.6832,1.75,53.1,72.1
8806,-22093.82,275.7021,1.77,49.7,72.1
8807,-22078.62,262.0088,1.77,52.7,72.1
8808,-22064.39,221.0123,1.76,49.0,72.1
8809,-22137.4,406.7629,1.75,52.9,72.2
8810,-22080.02,576.5984,1.8,49.0,72.2
8811,-22102.83,231.4694,1.79,53.7,72.3
8812,-22082.11,58.3306,1.79,48.4,72.2
8813,-22058.37,117.1891,1.77,52.5,72.3
8814,-22085.05,86.3591,1.77,52.1,72.3
8815,-22110.63,142.3212,1.77,50.1,72.3
8816,-22129.57,322.2365,1.78,52.9,72.3
8817,-22108.41,220.7869,1.78,48.4,72.3
8818,-22089.52,150.7697,1.75,53.1,72.3
8819,-22012.66,334.9346,1.75,50.0,72.3
8820,-22011.84,117.6945,1.76,52.9,72.4
8821,-22019.05,163.4353,1.76,50.7,72.4
8822,-22118.39,617.8746,1.76,53.3,72.5
8823,-22027.62,132.8108,1.78,53.2,72.5
8824,-22015.82,153.3524,1.76,49.4,72.3
8825,-22083.83,260.8167,1.76,52.8,72.4
8826,-22049.86,147.7425,1.76,51.5,72.4
8827,-21999.55,289.0336,1.77,53.3,72.4
8828,-22103.76,473.0597,1.81,51.6,72.5
8829,-22094.37,278.6732,1.78,53.3,72.5
8830,-22064.5,301.3731,1.79,51.6,72.5
8831,-22111.18,259.9668,1.77,53.0,72.5
8832,-22112.02,400.247,1.79,52.7,72.5
8833,-21984.56,1330.0562,1.78,51.2,72.5
8834,-22046.07,621.5605,1.78,52.8,72.5
8835,-21994.96,399.9185,1.76,50.0,72.4
8836,-22073.8,176.0451,1.77,52.8,72.5
8837,-21998.89,110.3835,1.76,50.5,72.5
8838,-22044.67,73.148,1.75,53.1,72.6
8839,-22080.02,448.8594,1.77,51.2,72.6
8840,-22054.55,265.5342,1.76,52.9,72.7
8841,-22092.87,364.5906,1.78,53.2,72.6
8842,-22110.63,177.5047,1.76,52.4,72.6
8843,-22069.17,50.1211,1.77,53.0,72.6
8844,-22071.04,66.1272,1.75,52.4,72.6
8845,-22075.89,32.4585,1.79,53.1,72.7
8846,-22080.02,288.7837,1.77,51.2,72.7
8847,-22044.67,183.8319,1.74,53.1,72.6
8848,-21999.55,239.5478,1.77,53.1,72.6
8849,-22001.64,114.6702,1.75,52.0,72.8
8850,-22083.42,377.2543,1.76,53.0,72.8
8851,-22090.23,162.1015,1.76,53.0,72.8
8852,-22065.72,292.4569,1.78,52.6,72.8
8853,-22043.23,347.7509,1.77,53.0,72.8
8854,-22079.73,220.4222,1.75,52.8,72.9
8855,-22137.05,225.7415,1.75,52.7,72.8
8856,-22059.31,663.4237,1.74,52.9,72.9
8857,-22101.82,255.109,1.76,53.3,72.9
8858,-22166.1,630.1666,1.74,52.6,72.8
8859,-22083.09,280.0606,1.74,53.3,72.8
8860,-22072.95,374.2428,1.74,52.6,72.9
8861,-22133.17,930.5685,1.74,53.4,73.0
8862,-22029.6,620.9131,1.75,52.0,73.1
8863,-22037.52,494.8661,1.75,52.2,72.4
8864,-22098.68,460.5228,1.73,51.8,72.4
8865,-22032.56,1238.3551,1.74,52.9,72.4
8866,-22016.18,264.9022,1.75,52.0,72.4
8867,-21961.49,575.6091,1.74,53.8,72.4
8868,-22116.13,2220.5814,1.74,51.6,72.5
8869,-22049.46,618.9201,1.73,53.3,72.6
8870,-22119.29,1190.2061,1.76,53.3,72.5
8871,-22082.96,205.1614,1.74,51.7,72.5
8872,-22071.63,138.6565,1.74,52.7,72.5
8873,-22088.3,198.9453,1.74,50.7,72.5
8874,-22067.88,297.3495,1.75,53.0,72.5
8875,-22095.47,274.2037,1.76,50.1,72.5
8876,-22070.95,313.4016,1.77,52.5,72.6
8877,-22068.03,128.5485,1.79,50.0,72.5
8878,-22081.12,320.99,1.77,53.5,72.5
8879,-22118.76,371.1087,1.76,51.4,72.5
8880,-22077.98,131.1935,1.76,52.1,72.6
8881,-22051.1,213.6631,1.77,53.1,72.6
8882,-22121.87,431.8096,1.78,51.9,72.6
8883,-22096.33,240.8231,1.78,53.2,72.5
8884,-22111.2,93.504,1.77,48.8,72.4
8885,-22058.97,238.8107,1.74,52.8,72.4
8886,-22022.53,201.084,1.79,48.0,72.4
8887,-22061.72,655.8127,1.8,52.5,72.4
8888,-22040.27,281.1367,1.79,49.1,72.4
8889,-22079.52,343.6944,1.78,53.7,72.4
8890,-22011.14,340.9865,1.76,51.1,72.4
8891,-22032.22,101.707,1.76,50.7,72.5
8892,-22074.93,186.8244,1.77,52.9,72.5
8893,-22145.19,823.7172,1.76,49.9,72.4
8894,-22183.5,1191.3079,1.81,52.8,72.4
8895,-22232.71,572.9287,1.77,48.9,72.4
8896,-22123.08,696.9724,1.77,53.8,72.5
8897,-22128.35,1069.0484,1.77,48.0,72.5
8898,-22085.74,728.9038,1.75,52.9,72.5
8899,-22077.27,235.0629,1.79,49.8,72.5
8900,-22161.95,977.3627,1.77,53.5,72.6
8901,-22121.18,376.7862,1.78,50.8,72.4
8902,-22133.62,760.9733,1.77,52.4,72.5
8903,-22084.93,280.1894,1.77,53.0,72.5
8904,-22190.59,104.7562,1.78,49.1,72.5
8905,-21987.98,982.6473,1.78,53.7,72.5
8906,-22082.97,304.6139,1.79,49.8,72.6
8907,-22110.77,612.8596,1.77,52.8,72.6
8908,-22168.25,368.3004,1.77,49.7,72.6
8909,-22168.25,244.0741,1.77,52.7,72.6
8910,-22064.86,806.1566,1.78,48.2,72.6
8911,-22120.86,285.6524,1.77,52.8,72.7
8912,-22122.78,221.1407,1.75,51.3,72.7
8913,-22146.12,496.49,1.77,52.6,72.7
8914,-22244.74,1040.204,1.79,53.6,72.7
8915,-22299.99,621.5672,1.76,52.3,73.2
8916,-22240.41,399.4296,1.79,52.5,73.2
8917,-22169.7,1274.1157,1.78,52.7,73.2
8918,-22165.18,899.9872,1.77,52.4,73.2
8919,-22173.78,288.8352,1.77,52.8,73.2
8920,-22212.3,655.4893,1.78,53.0,73.3
8921,-22192.99,307.2994,1.79,53.5,73.1
8922,-22347.91,1589.8893,1.79,53.5,73.2
8923,-22311.05,299.7573,1.81,53.0,73.3
8924,-22184.75,1196.4518,1.76,53.9,73.3
8925,-22077.92,2779.4733,1.77,52.6,73.3
8926,-22293.57,341.4216,1.77,52.1,73.2
8927,-22120.93,600.5101,1.78,53.2,73.2
8928,-22074.7,514.1224,1.78,52.6,73.1
8929,-22112.42,275.7633,1.77,51.7,73.2
8930,-22119.28,305.7841,1.77,52.7,73.2
8931,-21999.77,539.8864,1.76,52.8,73.2
8932,-22133.91,127.1193,1.79,51.3,73.3
8933,-22086.3,172.0489,1.76,53.0,73.3
8934,-22042.42,144.9822,1.76,52.3,73.3
8935,-22119.6,425.9151,1.78,53.3,73.4
8936,-22063.35,74.8289,1.78,53.5,73.4
8937,-21987.98,499.7547,1.77,51.3,73.4
8938,-22140.75,280.1608,1.79,53.3,73.4
8939,-22029.72,77.0419,1.76,51.4,73.5
8940,-22086.29,1075.7282,1.77,53.2,73.4
8941,-22106.19,526.8556,1.77,53.2,73.5
8942,-22070.08,422.2296,1.79,53.2,73.6
8943,-22088.52,1912.6443,1.76,50.6,73.4
8944,-22096.57,279.671,1.72,51.6,73.4
8945,-22099.85,212.1053,1.74,53.1,73.4
8946,-22131.66,369.4874,1.76,51.1,73.5
8947,-22059.38,415.7552,1.76,53.0,73.6
8948,-21992.48,1809.2791,1.76,51.5,73.6
8949,-22050.09,646.7079,1.77,52.9,73.6
8950,-22089.49,373.6753,1.79,51.2,73.5
8951,-22112.98,748.0963,1.74,53.0,73.6
8952,-22081.96,96.2554,1.79,53.1,73.6
8953,-22008.16,594.1629,1.73,51.2,73.7
8954,-22061.4,356.0979,1.78,53.2,73.7
8955,-22257.76,2850.069,1.78,48.8,73.7
8956,-22043.53,125.9317,1.77,52.4,73.7
8957,-22144.68,134.6776,1.76,50.3,73.7
8958,-22121.94,147.9569,1.76,53.2,73.8
8959,-22022.53,449.423,1.76,51.8,73.8
8960,-22087.94,86.4697,1.77,50.7,73.9
8961,-22066.24,104.4886,1.78,53.7,73.8
8962,-21995.75,405.6223,1.76,49.0,73.9
8963,-22066.42,508.0689,1.76,53.3,73.8
8964,-22140.03,1164.3268,1.78,50.2,73.9
8965,-22131.75,812.0622,1.79,53.0,74.0
8966,-22036.84,562.9508,1.77,50.1,74.1
8967,-22052.23,514.5243,1.76,52.3,74.0
8968,-22055.11,306.916,1.78,51.9,74.0
8969,-22106.19,307.2684,1.78,50.8,74.0
8970,-22130.65,356.8238,1.8,53.4,74.1
8971,-22107.5,342.6115,1.8,49.5,74.1
8972,-22069.41,348.2421,1.77,53.5,74.2
8973,-22148.1,58.5721,1.74,47.0,74.1
8974,-22055.94,314.9804,1.74,52.7,74.2
8975,-22008.91,1290.5049,1.79,49.1,74.2
8976,-22038.62,202.7107,1.78,53.5,74.2
8977,-22087.51,632.3994,1.79,50.6,74.4
8978,-22130.11,999.6009,1.77,51.8,74.4
8979,-22015.03,166.83,1.77,53.5,74.3
8980,-22037.69,110.8123,1.78,49.3,74.3
8981,-22002.17,295.0934,1.79,53.4,74.3
8982,-22092.63,478.6627,1.77,48.8,74.4
8983,-22056.67,137.6143,1.77,52.5,74.4
8984,-22050.97,93.7321,1.76,47.8,74.4
8985,-22064.4,190.783,1.76,53.1,74.4
8986,-22044.18,231.1047,1.78,50.6,74.5
8987,-22087.16,265.7365,1.75,52.5,74.5
8988,-22143.62,431.347,1.79,53.3,74.6
8989,-22025.99,1360.9755,1.78,49.5,74.7
8990,-22133.12,183.6222,1.79,52.0,74.7
8991,-22105.55,155.8958,1.77,48.2,74.6
8992,-22084.2,147.699,1.75,53.5,74.6
8993,-22053.62,93.1122,1.77,47.8,74.7
8994,-22070.55,263.1994,1.74,53.3,74.7
8995,-22116.9,588.4174,1.8,48.4,74.7
8996,-22097.76,223.7222,1.77,51.4,74.8
8997,-22090.81,113.1696,1.77,51.5,74.8
8998,-22118.32,114.5627,1.76,50.8,74.8
8999,-22158.36,258.8775,1.8,53.2,74.8
9000,-22082.42,492.5942,1.76,48.5,74.9
9001,-22142.97,200.7913,1.74,53.0,74.8
9002,-22118.32,110.1644,1.77,48.8,74.9
9003,-22042.07,335.6834,1.76,53.1,74.9
9004,-22063.09,49.4868,1.77,49.4,74.9
9005,-21968.24,408.7389,1.75,53.0,75.0
9006,-22127.24,826.4114,1.79,49.6,75.0
9007,-21936.52,373.0151,1.73,50.0,75.0
9008,-22013.66,339.7384,1.77,54.3,75.1
9009,-22016.87,145.817,1.76,50.2,75.1
9010,-22036.59,110.0328,1.78,52.9,75.0
9011,-22082.16,109.1828,1.78,46.7,75.1
9012,-22050.77,336.4061,1.76,53.1,75.2
9013,-22183.82,1043.6516,1.73,47.9,75.2
9014,-22066.64,327.11,1.73,53.1,75.2
9015,-22006.25,504.45,1.77,50.1,75.2
9016,-22122.8,348.3743,1.76,52.1,75.3
9017,-22103.6,126.6772,1.79,52.8,75.3
9018,-22124.23,139.9582,1.78,49.2,75.4
9019,-22084.36,236.2992,1.77,53.1,75.4
9020,-22093.36,276.2689,1.74,50.5,75.4
9021,-22155.7,499.7236,1.75,52.8,75.4
9022,-22115.59,460.8118,1.77,50.6,75.4
9023,-22067.97,514.8927,1.77,53.0,75.5
9024,-22135.56,612.7706,1.78,52.1,75.5
9025,-22082.19,219.1479,1.77,53.7,75.5
9026,-22061.5,263.5042,1.8,53.2,75.6
9027,-22052.09,311.8216,1.79,50.2,75.6
9028,-22106.79,460.6122,1.77,53.0,75.6
9029,-22159.1,533.3296,1.77,51.2,75.6
9030,-22128.23,192.2432,1.77,52.9,75.6
9031,-22143.94,242.5186,1.76,50.7,75.6
9032,-22144.27,211.1406,1.79,53.0,75.7
9033,-22152.73,145.5652,1.77,50.2,75.7
9034,-22043.01,270.2771,1.75,53.0,75.8
9035,-22092.9,391.7058,1.77,52.7,75.9
9036,-21992.5,403.936,1.78,48.7,76.0
9037,-22085.78,533.6545,1.79,52.9,76.0
9038,-21960.12,384.1321,1.78,50.0,75.2
9039,-22025.95,74.8178,1.78,48.8,75.2
9040,-22069.33,168.274,1.76,52.9,75.3
9041,-22055.09,58.7071,1.76,50.9,75.3
9042,-22140.09,429.1869,1.76,52.9,75.3
9043,-22127.03,2809.924,1.79,52.7,75.4
9044,-22160.92,179.3938,1.77,50.7,75.5
9045,-22213.98,411.7716,1.78,53.2,75.4
9046,-22141.19,625.3895,1.79,49.6,75.4
9047,-22092.15,677.9266,1.78,52.9,75.4
9048,-22111.44,160.9403,1.75,50.1,75.4
9049,-22168.24,326.3578,1.75,53.3,75.4
9050,-22099.26,189.7487,1.76,50.7,75.5
9051,-22171.91,387.5117,1.76,52.6,75.5
9052,-22107.55,67.8137,1.78,51.5,75.5
9053,-22047.36,666.3781,1.77,50.8,75.5
9054,-22137.15,474.1234,1.79,52.6,75.5
9055,-22101.87,432.8969,1.76,51.2,75.6
9056,-22167.55,602.3895,1.78,53.2,75.6
9057,-22173.26,407.1025,1.77,49.3,75.6
9058,-22124.33,402.572,1.78,53.5,75.6
9059,-22083.18,852.8513,1.74,48.6,75.6
9060,-22106.4,224.5541,1.75,53.0,75.6
9061,-22098.69,205.6838,1.77,51.0,75.7
9062,-22080.0,129.9632,1.77,52.5,75.8
9063,-22098.69,149.943,1.79,53.1,75.7
9064,-22160.38,244.3688,1.77,49.8,75.7
9065,-22145.45,167.2771,1.78,53.6,75.8
9066,-22128.99,417.6823,1.75,50.6,75.8
9067,-22017.31,847.6744,1.74,53.3,75.8
9068,-22059.6,605.8917,1.77,49.3,75.9
9069,-22082.09,281.9724,1.75,53.0,75.9
9070,-22095.82,862.9654,1.81,49.9,75.9
9071,-22117.5,241.6151,1.76,53.2,75.9
9072,-22100.07,152.1868,1.78,53.6,75.9
9073,-22044.14,491.8521,1.76,50.4,76.0
9074,-22107.56,168.037,1.78,53.8,76.1
9075,-22087.18,374.3016,1.77,49.1,75.9
9076,-22092.12,158.493,1.75,52.6,75.9
9077,-22078.66,67.0848,1.74,50.2,76.0
9078,-22022.2,202.8561,1.76,52.7,76.0
9079,-22089.4,458.5275,1.78,49.5,76.1
9080,-22137.95,976.8911,1.75,52.5,76.1
9081,-22103.83,523.5687,1.78,52.2,76.1
9082,-22091.95,154.6829,1.75,50.1,76.1
9083,-22109.81,177.8883,1.76,52.7,76.1
9084,-22088.56,179.6145,1.78,50.2,76.1
9085,-22142.88,204.9514,1.78,52.8,76.2
9086,-22150.01,317.6279,1.74,51.4,76.2
9087,-22113.66,122.7125,1.75,53.3,76.1
9088,-22176.03,569.2258,1.77,49.9,76.2
9089,-22095.82,579.0711,1.74,52.9,76.2
9090,-22081.0,310.7518,1.76,52.8,76.2
9091,-22139.55,184.4334,1.8,50.0,76.3
9092,-22160.37,276.3639,1.76,52.9,76.4
9093,-22106.39,94.6253,1.73,48.3,75.2
9094,-22115.62,83.5866,1.78,52.8,75.2
9095,-22146.03,140.6399,1.72,53.9,75.3
9096,-22187.02,554.5663,1.75,53.4,75.3
9097,-22186.69,133.0961,1.78,53.3,75.3
9098,-22195.44,715.073,1.74,52.7,75.3
9099,-22185.75,298.3615,1.76,53.3,75.3
9100,-22122.25,593.3727,1.76,52.9,75.3
9101,-22070.13,1125.3999,1.75,53.7,75.3
9102,-22168.61,501.1432,1.73,53.4,75.4
9103,-22148.31,642.6481,1.74,53.0,75.4
9104,-22206.52,609.22,1.75,53.5,75.4
9105,-22153.33,136.8907,1.72,52.4,75.4
9106,-22207.55,291.4124,1.76,52.5,75.4
9107,-22168.31,164.0869,1.76,53.3,75.5
9108,-22075.69,583.0199,1.76,51.1,75.5
9109,-22160.18,599.8692,1.77,52.4,75.4
9110,-22073.68,239.0381,1.76,46.4,75.5
9111,-22025.12,79.7075,1.78,53.3,75.5
9112,-22119.65,331.0125,1.78,46.4,75.5
9113,-22168.36,563.3985,1.79,52.4,75.5
9114,-22143.47,300.3726,1.79,48.3,75.6
9115,-22153.04,754.2825,1.81,50.1,75.6
9116,-22089.88,715.1711,1.78,48.1,75.5
9117,-22139.03,182.1222,1.77,45.7,75.5
9118,-22150.5,825.7303,1.78,51.3,75.6
9119,-22214.03,1111.7836,1.75,46.3,75.6
9120,-22070.33,287.5229,1.79,53.1,75.6
9121,-22113.2,202.7899,1.77,43.8,75.7
9122,-22083.49,448.2687,1.75,52.5,75.6
9123,-22131.46,352.8916,1.78,45.8,75.5
9124,-22207.55,519.5482,1.75,52.4,75.6
9125,-22204.51,240.0186,1.79,47.6,75.7
9126,-22207.55,416.487,1.77,52.8,75.7
9127,-22178.03,276.4393,1.81,50.3,75.7
9128,-22197.42,303.2332,1.77,50.2,75.8
9129,-22244.21,368.6884,1.79,53.0,75.7
9130,-22261.05,234.6455,1.78,47.7,75.8
9131,-22276.87,132.2496,1.78,53.1,75.8
9132,-22269.7,117.3827,1.79,49.2,75.8
9133,-22242.82,404.9116,1.77,53.1,75.8
9134,-22194.21,2030.5764,1.78,49.8,75.9
9135,-22274.06,343.0182,1.77,53.6,75.8
9136,-22245.25,224.6272,1.78,53.0,75.9
9137,-22260.25,630.2205,1.78,49.6,76.0
9138,-22196.23,384.1461,1.78,52.8,76.0
9139,-22269.31,361.9358,1.8,48.3,76.0
9140,-22231.39,284.1676,1.77,52.9,76.0
9141,-22257.7,612.4535,1.77,49.4,76.0
9142,-22222.12,107.0242,1.77,52.8,76.0
9143,-22251.22,395.145,1.8,49.4,76.0
9144,-22242.58,227.7412,1.78,52.3,76.1
9145,-22209.84,376.3081,1.79,52.5,76.1
9146,-22219.48,150.7582,1.77,51.7,76.1
9147,-22196.17,97.2019,1.78,52.8,76.1
9148,-22207.45,83.3767,1.77,49.1,76.2
9149,-22223.68,177.7999,1.77,53.0,76.2
9150,-22192.86,2644.3538,1.76,50.4,76.1
9151,-22207.07,1460.8988,1.76,52.8,76.2
9152,-22309.03,712.0623,1.79,52.1,76.3
9153,-22292.88,360.1404,1.77,53.3,76.3
9154,-22331.64,848.8806,1.78,53.3,76.3
9155,-22318.24,372.2271,1.78,50.6,76.5
9156,-22283.41,512.1009,1.78,52.8,76.4
9157,-22216.36,923.0065,1.76,51.2,76.4
9158,-22202.56,486.482,1.77,52.6,76.5
9159,-22186.15,1601.2289,1.77,50.5,76.5
9160,-22113.56,82.0776,1.78,52.1,76.6
9161,-22158.64,223.8393,1.81,52.6,76.6
9162,-22139.27,80.9488,1.77,49.0,76.5
9163,-22192.12,224.0707,1.78,52.6,76.6
9164,-22186.13,185.416,1.77,51.1,76.6
9165,-22161.37,413.8464,1.75,52.9,76.6
9166,-22164.93,198.2408,1.78,49.6,76.6
9167,-22133.7,44.6123,1.77,52.7,76.7
9168,-22145.93,315.8643,1.76,51.8,76.7
9169,-22125.22,354.4996,1.76,52.1,76.9
9170,-22116.9,145.0261,1.76,53.1,76.9
9171,-22224.78,802.4601,1.77,49.1,76.8
9172,-22082.14,1268.7534,1.77,52.8,76.8
9173,-22162.13,269.6937,1.76,48.9,76.7
9174,-22108.15,260.1419,1.73,53.2,76.7
9175,-22136.93,632.4964,1.74,51.4,76.8
9176,-22053.7,807.203,1.75,52.6,76.8
9177,-22090.0,115.4591,1.76,52.7,76.8
9178,-22114.79,844.2241,1.77,49.9,76.9
9179,-22113.07,430.1515,1.75,53.0,76.9
9180,-22082.52,260.6872,1.75,51.8,76.9
9181,-22064.76,295.5884,1.76,52.5,76.9
9182,-22043.4,141.2971,1.79,51.4,77.0
9183,-22128.2,399.1921,1.78,53.4,77.0
9184,-22115.13,225.0986,1.77,52.3,77.0
9185,-22054.4,561.5291,1.77,50.2,76.9
9186,-22088.82,119.199,1.76,53.7,76.9
9187,-22061.39,97.2838,1.74,50.3,76.9
9188,-22111.9,341.4618,1.75,53.6,77.0
9189,-22107.13,169.8369,1.76,48.2,77.0
9190,-22162.42,205.2339,1.74,52.3,77.0
9191,-22091.19,975.8028,1.77,51.8,77.1
9192,-22103.81,219.5981,1.75,50.0,77.1
9193,-22043.4,210.4287,1.75,52.4,77.1
9194,-22037.09,604.6809,1.78,49.3,77.1
9195,-22134.36,696.0546,1.77,52.7,77.1
9196,-22051.26,199.5215,1.75,47.6,77.1
9197,-22140.61,478.3714,1.75,52.7,77.1
9198,-22178.47,398.2404,1.78,49.9,77.2
9199,-22055.94,1069.3287,1.77,52.8,77.2
9200,-22102.86,812.4155,1.79,52.9,77.3
9201,-22078.1,1044.1805,1.77,50.0,77.3
9202,-22098.45,100.4475,1.8,53.5,77.3
9203,-22045.79,158.9958,1.78,50.4,77.2
9204,-22125.49,725.4081,1.79,53.1,77.3
9205,-22066.7,91.2769,1.77,48.8,77.4
9206,-22149.35,428.3957,1.77,53.4,77.4
9207,-22167.62,551.6062,1.79,48.7,77.4
9208,-22200.27,228.0528,1.76,52.8,77.4
9209,-22332.38,786.6193,1.78,51.3,77.4
9210,-22181.46,1274.8749,1.76,51.0,77.4
9211,-22209.82,1070.8473,1.77,53.4,77.5
9212,-22169.49,1859.3309,1.78,49.3,77.5
9213,-22314.01,738.4097,1.77,53.2,77.4
9214,-22301.18,189.612,1.72,49.6,77.1
9215,-22175.37,538.1463,1.75,42.1,75.9
9216,-22222.53,251.3759,1.77,46.6,75.9
9217,-22203.23,116.5252,1.81,49.6,76.0
9218,-22280.57,644.5579,1.79,48.2,76.0
9219,-22270.86,636.4167,1.88,47.8,75.9
9220,-22249.98,378.9527,1.79,46.0,76.0
9221,-22311.76,288.2058,1.8,49.2,75.9
9222,-22207.5,844.2179,1.79,48.7,75.8
9223,-22185.07,939.2754,1.8,48.0,75.9
9224,-22210.36,287.5753,1.79,51.7,75.8
9225,-22156.08,191.5192,1.79,48.0,75.5
9226,-22138.34,282.126,1.79,52.0,75.5
9227,-22079.34,546.727,1.77,48.3,75.5
9228,-22232.72,1286.1299,1.76,53.5,75.5
9229,-22261.75,1381.3878,1.75,47.8,75.5
9230,-22158.18,124.3458,1.79,53.8,75.5
9231,-22143.8,126.4614,1.76,46.2,75.5
9232,-22168.7,559.193,1.77,53.2,75.5
9233,-22156.49,353.2731,1.78,48.3,75.5
9234,-22036.95,582.5513,1.78,51.6,75.6
9235,-22193.87,385.3886,1.78,52.2,75.6
9236,-22127.63,315.7411,1.76,49.2,75.6
9237,-22134.35,237.6449,1.82,52.8,75.6
9238,-22072.56,721.7393,1.75,47.4,75.5
9239,-22018.27,455.4748,1.77,53.5,75.6
9240,-22167.74,729.739,1.78,48.8,75.6
9241,-22117.69,263.481,1.78,52.7,75.6
9242,-22104.88,655.3784,1.78,48.0,75.7
9243,-22099.44,390.3659,1.75,53.8,75.6
9244,-22108.51,640.832,1.79,48.0,75.6
9245,-22126.84,89.03,1.76,52.4,75.7
9246,-22165.39,560.8673,1.78,52.3,75.7
9247,-22045.5,91.7602,1.78,49.7,75.7
9248,-22012.34,377.1591,1.78,53.3,75.7
9249,-22070.11,237.2774,1.76,46.8,75.7
9250,-22134.16,658.2993,1.77,52.9,75.7
9251,-22081.25,92.1336,1.78,47.8,75.7
9252,-22078.79,388.1913,1.79,53.5,75.8
9253,-22079.14,511.9968,1.77,49.4,75.9
9254,-22077.79,895.9215,1.76,53.4,76.0
9255,-22074.47,503.9313,1.79,51.6,75.7
9256,-22211.87,596.2333,1.77,50.6,75.8
9257,-22029.37,600.7329,1.78,53.7,75.8
9258,-22125.12,142.9062,1.77,49.2,75.9
9259,-22060.6,112.4839,1.75,53.7,75.9
9260,-22093.9,401.4476,1.76,49.8,75.9
9261,-22107.63,274.0267,1.75,52.5,75.9
9262,-22101.33,134.273,1.78,49.7,75.9
9263,-22110.76,101.1129,1.76,53.1,76.0
9264,-22141.08,201.8662,1.78,52.8,76.0
9265,-22134.35,170.5736,1.78,50.3,76.1
9266,-22061.45,848.1138,1.79,53.2,76.1
9267,-22041.02,756.1537,1.77,49.5,76.0
9268,-22082.03,389.2149,1.77,53.0,76.0
9269,-22104.27,211.5414,1.78,48.0,76.1
9270,-22179.34,385.0383,1.77,52.5,76.1
9271,-22069.71,81.6867,1.8,49.0,76.2
9272,-22136.99,280.0835,1.75,52.6,76.1
9273,-22093.27,174.9238,1.77,51.0,76.2
9274,-22115.08,106.6366,1.76,52.0,76.2
9275,-22138.74,274.6897,1.78,52.5,76.2
9276,-22180.81,180.901,1.76,50.4,76.1
9277,-22097.7,532.9173,1.76,53.3,76.2
9278,-22126.61,156.805,1.78,50.9,76.1
9279,-22083.12,470.0433,1.78,53.8,76.1
9280,-22065.17,651.1682,1.78,50.4,76.2
9281,-22202.49,1941.8326,1.74,53.2,76.2
9282,-21993.76,1468.8168,1.77,53.1,76.2
9283,-22122.53,941.2305,1.74,49.5,76.3
9284,-22062.74,482.0224,1.75,53.3,76.3
9285,-22125.61,1501.8568,1.78,49.7,76.2
9286,-22168.96,137.6001,1.76,53.2,76.2
9287,-22177.51,366.4797,1.78,48.8,76.3
9288,-22113.77,469.5108,1.76,53.0,76.4
9289,-22041.66,909.2357,1.77,49.6,76.3
9290,-22091.84,232.3054,1.77,52.6,76.4
9291,-22069.42,279.3041,1.79,52.9,76.4
9292,-22210.84,1245.1053,1.76,47.7,76.4
9293,-22056.26,185.3501,1.74,52.5,76.4
9294,-22037.98,529.4347,1.76,48.6,76.5
9295,-22104.27,271.2672,1.75,53.4,76.5
9296,-22052.46,133.002,1.75,51.0,76.5
9297,-22073.34,174.1682,1.75,52.5,76.4
9298,-22014.36,266.4259,1.79,51.2,76.5
9299,-22097.24,149.3779,1.76,49.9,76.6
9300,-22163.09,585.9678,1.75,53.1,76.5
9301,-22149.35,429.7641,1.77,49.6,76.5
9302,-22108.53,387.0608,1.77,52.5,76.6
9303,-22079.19,181.243,1.75,48.2,76.6
9304,-22113.11,251.395,1.77,52.2,76.6
9305,-22126.58,511.2554,1.8,48.3,76.6
9306,-22058.77,200.4463,1.74,51.2,76.6
9307,-22104.27,70.1748,1.77,52.1,76.7
9308,-22052.71,259.4738,1.78,49.1,76.7
9309,-22181.67,325.0621,1.76,53.4,76.6
9310,-22107.28,104.5947,1.78,47.3,76.7
9311,-22198.97,285.6174,1.75,52.9,76.8
9312,-22225.54,525.1994,1.79,46.5,76.7
9313,-22132.22,387.8375,1.77,52.6,76.8
9314,-22075.19,867.1924,1.79,52.2,76.9
9315,-22096.99,689.2278,1.78,51.3,76.7
9316,-22154.43,284.6379,1.81,52.8,76.8
9317,-22053.2,193.0987,1.76,47.0,76.8
9318,-22048.07,216.1889,1.75,52.8,76.8
9319,-22186.21,1364.7339,1.78,49.5,76.9
9320,-22072.25,148.6069,1.74,52.5,77.0
9321,-22091.14,207.3972,1.78,47.1,76.9
9322,-22190.8,544.0145,1.77,53.0,77.0
9323,-22167.39,172.8537,1.77,50.5,77.0
9324,-22083.69,418.1409,1.75,51.7,77.0
9325,-22140.98,191.2562,1.78,53.1,77.1
9326,-22119.37,175.672,1.79,50.0,77.1
9327,-22084.07,54.7106,1.78,53.1,77.0
9328,-22105.91,368.7775,1.77,47.4,77.1
9329,-22172.49,266.5389,1.76,52.8,77.1
9330,-22104.21,180.8066,1.77,48.4,77.1
9331,-22148.61,109.13,1.73,53.5,77.1
9332,-22154.48,1527.3792,1.76,52.2,77.2
9333,-22096.77,138.437,1.73,49.9,77.2
9334,-22075.58,236.9368,1.75,53.4,77.2
9335,-22106.51,138.5047,1.78,49.1,77.2
9336,-22106.85,151.1421,1.77,53.2,77.2
9337,-22085.23,146.3062,1.75,50.4,77.3
9338,-22097.03,350.4671,1.79,53.0,77.3
9339,-22016.14,364.3019,1.81,49.6,77.3
9340,-22103.37,664.6885,1.8,53.0,77.3
9341,-22038.56,98.8428,1.79,50.7,77.3
9342,-22094.91,270.4216,1.78,52.2,77.3
9343,-22136.57,314.4825,1.79,53.2,77.4
9344,-22169.12,158.7926,1.8,50.4,77.5
9345,-22079.09,247.9768,1.79,52.5,77.5
9346,-22061.27,203.7197,1.78,48.5,77.4
9347,-21995.55,320.2387,1.79,52.8,77.5
9348,-22078.31,779.0168,1.79,50.0,77.5
9349,-22054.24,239.7188,1.78,52.8,77.5
9350,-22119.78,157.1844,1.78,51.0,77.6
9351,-22037.85,652.1961,1.76,51.9,77.6
9352,-22033.82,757.7564,1.77,52.8,77.6
9353,-22103.59,320.0616,1.79,49.7,77.6
9354,-22120.26,105.9647,1.78,53.3,77.6
9355,-22103.37,250.7979,1.77,49.3,77.7
9356,-22087.81,220.1116,1.77,52.6,77.7
9357,-22018.29,214.1564,1.79,47.3,77.6
9358,-22063.31,219.5138,1.74,52.4,77.6
9359,-22142.36,1033.6977,1.78,51.4,77.7
9360,-22023.85,277.5259,1.77,49.6,77.7
9361,-21969.78,425.2866,1.79,53.2,77.7
9362,-22031.71,287.0859,1.77,48.7,77.8
9363,-22052.85,243.7241,1.75,52.8,77.8
9364,-21979.17,2392.4951,1.75,49.4,77.8
9365,-22180.81,1222.276,1.77,53.0,77.8
9366,-22140.3,288.015,1.79,51.0,77.9
9367,-22173.57,686.1605,1.78,50.0,77.9
9368,-22033.08,1113.512,1.78,52.9,77.9
9369,-22149.77,259.8677,1.77,48.2,77.9
9370,-22127.27,166.9223,1.79,52.9,77.9
9371,-22089.05,116.4757,1.76,49.7,78.0
9372,-22041.87,305.4301,1.76,52.8,78.0
9373,-22067.03,111.6302,1.76,50.6,78.1
9374,-22062.22,119.046,1.75,52.4,78.1
9375,-22126.56,271.638,1.76,53.1,78.1
9376,-22136.97,68.6377,1.78,50.4,78.0
9377,-22037.62,776.3143,1.78,53.0,78.1
9378,-22111.64,200.8147,1.77,49.0,78.1
9379,-22117.28,458.3392,1.76,53.0,78.2
9380,-22074.17,116.8268,1.79,49.1,78.2
9381,-22094.91,154.1475,1.77,52.8,78.2
9382,-22129.35,499.4529,1.77,51.4,78.2
9383,-22067.12,349.5563,1.78,50.8,78.2
9384,-22177.94,317.8412,1.78,53.4,78.3
9385,-22168.96,324.9086,1.77,49.6,78.4
9386,-22056.89,877.925,1.78,53.2,78.4
9387,-22208.19,1341.3507,1.74,49.7,78.3
9388,-21994.16,886.1747,1.76,53.6,78.3
9389,-22049.29,398.6827,1.78,50.2,78.4
9390,-22080.54,248.8002,1.75,52.4,78.5
9391,-22045.5,186.1271,1.75,52.9,78.4
9392,-22063.5,255.582,1.76,49.7,78.5
9393,-22100.32,188.1285,1.75,53.0,78.5
9394,-22069.26,166.9224,1.76,48.1,78.5
9395,-22061.32,143.8972,1.77,53.1,78.5
9396,-22028.82,548.3801,1.79,51.0,78.5
9397,-22031.73,1973.1433,1.77,52.1,78.6
9398,-22074.68,698.874,1.79,52.5,78.6
9399,-22022.13,334.1395,1.78,47.5,77.8
9400,-22025.37,316.6189,1.78,47.0,77.9
9401,-22076.16,74.3772,1.78,53.2,78.0
9402,-22241.8,1057.6982,1.77,48.8,78.0
9403,-22052.1,666.9037,1.76,51.0,78.0
9404,-22123.97,178.9978,1.76,53.1,78.1
9405,-22107.15,70.4159,1.77,50.0,78.0
9406,-22133.64,601.7493,1.76,52.9,78.0
9407,-22093.16,129.9735,1.77,49.4,78.0
9408,-22109.04,74.7317,1.75,53.8,78.1
9409,-22154.48,362.3623,1.77,48.4,78.1
9410,-22007.13,1211.7437,1.74,52.6,78.1
9411,-22102.58,241.9973,1.71,47.2,77.0
9412,-22012.84,718.5637,1.73,52.9,77.1
9413,-22116.56,856.3862,1.74,53.4,77.2
9414,-22064.77,144.656,1.72,52.8,77.1
9415,-22142.54,901.6436,1.74,52.7,77.2
9416,-22121.3,91.5706,1.73,53.2,77.2
9417,-22056.28,557.516,1.72,52.8,77.1
9418,-22033.08,402.6582,1.74,53.3,77.2
9419,-22038.03,288.3724,1.73,53.0,77.3
9420,-22092.9,1145.2386,1.75,52.9,77.2
9421,-22054.1,145.6581,1.72,52.8,77.2
9422,-22031.46,110.0692,1.74,53.2,77.3
9423,-22035.21,214.0709,1.72,53.2,77.3
9424,-22058.28,210.4544,1.74,53.4,77.3
9425,-22081.43,105.7604,1.74,53.4,77.3
9426,-22108.44,1223.2191,1.7,52.2,77.3
9427,-22024.72,342.7712,1.75,53.2,77.4
9428,-22107.43,111.9638,1.72,52.5,77.4
9429,-22084.87,146.5489,1.73,52.5,77.4
9430,-22230.83,782.3262,1.71,52.6,77.4
9431,-22075.31,317.263,1.71,52.7,77.4
9432,-21999.55,1818.0636,1.72,53.3,77.4
9433,-22134.46,381.8441,1.71,52.6,77.4
9434,-22076.51,82.9204,1.71,53.3,77.5
9435,-22113.44,210.7082,1.71,52.7,77.5
9436,-22211.13,815.7618,1.71,52.1,77.4
9437,-22162.82,113.764,1.73,53.2,77.5
9438,-22121.77,293.2505,1.71,52.7,77.5
9439,-22126.21,146.6184,1.73,53.7,77.5
9440,-22084.92,125.1638,1.73,53.1,77.5
9441,-22040.18,161.4319,1.71,52.6,77.4
9442,-22161.69,1343.0033,1.74,52.6,77.6
9443,-22161.06,844.5503,1.71,53.4,77.5
9444,-22134.69,393.2361,1.74,53.1,77.5
9445,-22048.02,1329.1197,1.72,51.0,77.6
9446,-22105.89,135.3232,1.76,53.5,77.6
9447,-22021.3,281.5759,1.74,49.7,77.7
9448,-22036.68,102.3872,1.75,53.1,77.7
9449,-22053.19,180.835,1.76,50.7,77.7
9450,-22190.42,869.2458,1.78,49.3,77.6
9451,-22006.25,812.5786,1.78,50.9,77.7
9452,-22042.44,570.2671,1.77,45.9,77.7
9453,-22115.96,334.6661,1.79,53.1,77.6
9454,-22083.98,84.1211,1.76,43.9,77.6
9455,-22130.67,600.2394,1.77,53.2,77.6
9456,-22257.56,1460.5462,1.77,41.8,77.7
9457,-22086.57,188.7858,1.76,52.8,77.7
9458,-22124.99,728.6748,1.8,46.4,77.6
9459,-22110.28,157.2363,1.8,50.8,77.6
9460,-22070.29,450.6793,1.79,46.2,77.7
9461,-22089.22,850.1648,1.76,50.2,77.6
9462,-22089.55,234.5829,1.79,50.7,77.6
9463,-22136.74,323.3904,1.74,49.3,77.7
9464,-22069.33,1065.6457,1.77,52.8,77.7
9465,-22194.05,876.7362,1.75,47.8,77.6
9466,-22103.71,266.5409,1.77,53.2,77.7
9467,-22137.85,752.8725,1.79,46.6,77.6
9468,-22049.07,395.0321,1.77,53.5,77.7
9469,-22106.46,88.7623,1.78,48.5,77.7
9470,-22193.04,1091.3609,1.75,53.4,77.7
9471,-22026.38,744.1221,1.77,48.1,77.7
9472,-22161.46,288.5169,1.75,52.0,77.8
9473,-22120.04,139.6298,1.75,52.2,77.8
9474,-22038.0,716.0077,1.79,48.0,77.8
9475,-22035.97,130.2475,1.75,53.3,77.8
9476,-22202.54,1653.3393,1.76,49.0,77.9
9477,-22168.04,1321.9286,1.76,52.8,77.9
9478,-22139.91,1052.8756,1.77,47.8,77.8
9479,-22164.07,341.5456,1.78,52.8,77.8
9480,-22125.91,334.8634,1.78,50.9,77.9
9481,-22196.39,231.6339,1.74,53.2,78.0
9482,-22168.61,133.5102,1.78,52.8,77.9
9483,-22154.51,102.7543,1.78,49.4,77.9
9484,-22154.72,203.6512,1.75,52.9,77.9
9485,-22152.77,372.3732,1.77,52.5,78.0
9486,-22099.86,443.2579,1.75,53.2,78.0
9487,-22096.52,179.0164,1.77,52.8,78.0
9488,-22047.0,546.3259,1.77,53.1,78.1
9489,-22023.72,290.7617,1.77,50.8,78.1
9490,-22116.7,704.2041,1.75,53.3,78.0
9491,-21969.78,731.0874,1.75,52.8,78.1
9492,-22117.93,1635.7504,1.77,52.7,78.2
9493,-22134.13,621.9071,1.78,52.7,78.2
9494,-22096.95,814.9042,1.76,53.0,78.1
9495,-22092.59,369.6769,1.76,53.2,78.0
9496,-22123.62,105.4718,1.79,52.8,78.1
9497,-22162.98,367.1415,1.76,53.5,78.1
9498,-22108.47,481.3991,1.8,52.9,78.2
9499,-22076.81,666.4779,1.78,52.9,78.2
9500,-22176.86,528.9373,1.78,53.4,78.2
9501,-22200.39,743.3376,1.75,50.0,78.2
9502,-22233.02,541.0281,1.77,53.0,78.3
9503,-22096.98,841.7996,1.77,51.0,78.2
9504,-22118.83,1436.3068,1.75,53.5,78.3
9505,-22111.95,730.004,1.76,51.8,78.4
9506,-22114.6,462.3415,1.76,53.2,78.5
9507,-22087.47,205.5804,1.78,50.6,78.3
9508,-22249.4,1077.3351,1.79,53.0,78.4
9509,-22061.37,727.4867,1.78,53.3,78.4
9510,-22088.17,1565.3355,1.79,51.5,78.5
9511,-22168.42,589.579,1.76,52.5,78.5
9512,-22148.19,1738.0402,1.78,51.6,78.5
9513,-22109.79,787.6505,1.76,52.6,78.4
9514,-22019.04,907.2764,1.77,52.1,78.5
9515,-22035.09,519.25,1.75,53.5,78.5
9516,-22163.96,755.6866,1.76,51.8,78.5
9517,-22094.9,259.211,1.77,53.6,78.6
9518,-22026.15,625.2969,1.79,52.8,78.6
9519,-22064.88,475.1401,1.81,58.3,78.8
9520,-22055.64,1046.4261,1.79,54.7,78.8
9521,-22134.76,730.1458,1.75,52.8,78.8
9522,-22104.46,209.5408,1.79,52.9,78.9
9523,-22061.79,475.6679,1.75,51.9,78.8
9524,-22157.5,198.2263,1.82,52.1,79.3
9525,-22181.04,151.0222,1.77,50.4,79.2
9526,-22200.47,603.2669,1.76,52.9,79.2
9527,-22120.88,553.7628,1.79,52.7,79.2
9528,-22087.8,909.0301,1.78,50.6,78.9
9529,-22047.41,473.3675,1.78,53.0,79.0
9530,-22009.09,363.2991,1.76,49.0,78.9
9531,-22093.23,628.9934,1.75,53.2,78.9
9532,-22107.37,1047.5499,1.78,50.7,78.8
9533,-22110.77,863.931,1.76,53.3,78.8
9534,-22130.73,387.4651,1.75,50.7,78.8
9535,-22085.72,227.9104,1.75,52.3,78.8
9536,-22150.97,958.8899,1.8,52.9,78.7
9537,-22059.72,1091.378,1.75,51.9,78.6
9538,-22086.95,310.5558,1.76,53.3,78.7
9539,-22096.35,385.1258,1.76,51.0,78.8
9540,-22133.71,323.0132,1.77,53.1,78.8
9541,-22077.75,61.8705,1.78,49.2,78.8
9542,-22169.57,660.7053,1.85,53.3,78.8
9543,-22218.42,272.8577,1.76,49.1,78.9
9544,-22175.99,159.574,1.73,52.7,78.9
9545,-22190.59,150.864,1.76,53.1,78.9
9546,-22162.44,442.8734,1.74,49.3,79.0
9547,-22188.74,386.4129,1.76,53.0,79.0
9548,-22209.86,368.8099,1.77,48.8,78.8
9549,-22167.68,732.6462,1.77,52.9,78.8
9550,-22206.97,490.8762,1.74,49.1,78.9
9551,-22195.26,148.6553,1.75,53.0,79.0
9552,-22206.88,589.1763,1.76,48.6,78.9
9553,-22140.77,73.3457,1.75,53.3,78.9
9554,-22123.39,518.1681,1.75,50.7,78.9
9555,-22187.1,527.4313,1.77,51.7,79.0
9556,-22136.24,136.6752,1.77,52.8,79.0
9557,-22177.03,224.5735,1.74,49.7,78.9
9558,-22120.94,1138.5846,1.74,53.0,78.9
9559,-22096.12,469.499,1.79,50.0,79.0
9560,-22162.29,1465.8453,1.74,52.7,79.0
9561,-22125.19,525.953,1.75,49.5,79.0
9562,-22197.09,614.0239,1.75,53.1,79.1
9563,-22162.71,140.925,1.73,51.3,79.1
9564,-22182.18,649.0395,1.75,53.3,79.1
9565,-22053.22,1710.4694,1.76,53.7,79.1
9566,-22117.95,234.7088,1.75,50.2,79.1
9567,-22134.1,153.7016,1.75,53.6,79.2
9568,-22065.23,293.3268,1.77,47.3,79.2
9569,-22053.22,284.6711,1.76,52.4,79.1
9570,-22073.99,236.8702,1.78,49.5,79.1
9571,-22232.1,972.2329,1.75,53.4,79.2
9572,-22150.71,172.2393,1.76,49.2,79.2
9573,-22164.11,144.3796,1.74,53.7,79.2
9574,-22180.42,170.452,1.76,52.9,79.2
9575,-22076.29,167.5274,1.74,50.4,79.3
9576,-22129.46,452.1823,1.75,53.1,79.3
9577,-22100.66,369.3937,1.75,51.4,79.2
9578,-22104.83,279.0741,1.76,53.3,79.2
9579,-22027.14,873.5252,1.79,48.6,79.3
9580,-22137.99,604.2266,1.75,53.1,79.3
9581,-22113.85,472.8731,1.77,50.0,79.3
9582,-22193.79,523.0344,1.76,51.9,79.4
9583,-22130.03,599.6973,1.76,52.6,79.4
9584,-22168.48,169.8744,1.78,50.5,79.5
9585,-22207.46,279.3343,1.78,52.7,79.4
9586,-22180.53,289.5934,1.8,49.8,79.4
9587,-22239.4,1278.0802,1.77,53.4,79.5
9588,-22193.64,282.1158,1.79,49.6,79.5
9589,-22176.22,186.175,1.78,53.2,79.5
9590,-22167.18,67.0202,1.8,48.1,79.4
9591,-22199.91,398.7329,1.77,52.9,79.5
9592,-22119.57,319.3561,1.81,48.4,79.5
9593,-22140.62,283.1126,1.77,52.9,79.6
9594,-22149.17,226.6537,1.77,52.0,79.5
9595,-22156.83,498.6006,1.78,50.3,79.5
9596,-22196.29,352.8836,1.79,53.2,79.5
9597,-22203.16,363.0801,1.77,49.6,79.6
9598,-22167.58,653.4798,1.79,53.8,79.6
9599,-22143.59,325.6788,1.78,48.5,79.6
9600,-22118.28,376.7833,1.75,53.3,79.6
9601,-22086.46,165.6033,1.77,46.5,79.7
9602,-22057.91,204.2058,1.74,53.1,79.6
9603,-22167.4,1422.364,1.79,48.4,79.7
9604,-22126.89,412.7036,1.75,52.9,79.7
9605,-22109.03,345.9867,1.78,50.2,79.8
9606,-22114.48,426.5464,1.76,53.1,79.8
9607,-22032.01,385.2812,1.79,52.7,79.7
9608,-22077.01,150.4835,1.77,50.5,79.7
9609,-22172.06,602.9314,1.78,52.7,79.8
9610,-22072.08,144.4298,1.78,48.2,79.8
9611,-22149.71,431.2191,1.77,53.2,79.9
9612,-22085.14,490.6806,1.76,47.5,80.0
9613,-22065.33,345.1658,1.78,53.7,79.9
9614,-22161.88,945.0932,1.79,47.6,79.9
9615,-22210.38,883.2318,1.79,52.7,80.0
9616,-22096.71,379.9528,1.76,51.7,80.0
9617,-22091.81,1152.1072,1.76,51.9,80.0
9618,-22162.13,356.4889,1.8,53.4,80.1
9619,-22071.13,263.8269,1.75,49.2,80.0
9620,-22159.3,607.0063,1.74,52.8,80.1
9621,-22161.69,418.4684,1.78,49.1,80.1
9622,-22107.94,248.746,1.75,52.3,80.2
9623,-22168.97,117.6653,1.78,48.0,80.2
9624,-22124.53,207.4721,1.78,52.9,80.2
9625,-22063.46,534.487,1.76,49.2,80.2
9626,-22131.64,80.7904,1.78,53.0,80.3
9627,-22076.76,97.3717,1.78,51.0,80.3
9628,-22219.3,980.851,1.77,49.2,80.3
9629,-22075.7,109.6075,1.76,52.8,80.3
9630,-22071.22,388.9888,1.79,48.5,80.3
9631,-22142.36,263.0719,1.76,53.2,80.3
9632,-22146.46,158.0815,1.75,49.6,80.4
9633,-22119.01,87.0657,1.74,52.9,80.4
9634,-22106.08,72.8801,1.79,47.8,80.5
9635,-22123.44,252.5339,1.76,52.8,80.4
9636,-22105.43,285.2868,1.75,51.8,80.3
9637,-22134.46,372.2111,1.75,52.7,80.4
9638,-22160.82,656.5787,1.78,53.2,80.4
9639,-22140.33,230.0403,1.76,50.2,80.4
9640,-22150.38,135.2932,1.76,53.9,80.4
9641,-22208.23,727.5386,1.77,52.1,80.5
9642,-22129.54,212.4406,1.78,52.8,80.5
9643,-22131.85,144.5968,1.77,50.3,80.5
9644,-22151.09,303.648,1.77,52.9,80.6
9645,-22188.62,980.4753,1.78,50.5,80.6
9646,-22188.16,249.8759,1.76,52.3,80.6
9647,-22163.92,475.1541,1.79,53.2,80.7
9648,-22207.5,249.5928,1.77,49.9,80.6
9649,-22189.12,289.7734,1.78,53.2,80.6
9650,-22123.54,314.91,1.79,49.4,80.7
9651,-22107.32,150.2893,1.78,52.5,80.7
9652,-22180.94,465.0747,1.73,50.4,80.7
9653,-22207.28,587.774,1.75,53.5,80.8
9654,-22186.1,175.1822,1.79,49.1,80.7
9655,-22194.39,147.3407,1.78,53.5,80.7
9656,-22130.65,319.779,1.77,50.5,80.8
9657,-22158.92,472.0531,1.77,48.5,80.7
9658,-22095.81,193.7227,1.77,52.5,80.8
9659,-22128.91,245.8518,1.85,49.3,80.8
9660,-22143.07,302.045,1.77,53.8,80.8
9661,-22129.43,223.8893,1.75,47.8,80.9
9662,-22064.47,636.4982,1.75,52.5,80.9
9663,-22096.69,196.2677,1.77,49.5,80.9
9664,-22137.13,1003.5145,1.75,52.8,80.9
9665,-22163.99,454.7138,1.78,50.7,80.9
9666,-22007.13,1062.576,1.77,51.9,80.9
9667,-22093.4,57.2054,1.78,52.2,81.0
9668,-22107.81,109.3262,1.75,49.3,80.9
9669,-22179.25,327.1791,1.79,53.0,81.0
9670,-22206.48,167.2796,1.74,50.1,81.1
9671,-22128.47,953.8573,1.76,52.6,81.0
9672,-22031.71,1778.9501,1.76,49.3,81.0
9673,-22172.34,385.8751,1.76,52.9,81.0
9674,-22028.09,497.8843,1.73,48.8,80.7
9675,-22086.27,604.0535,1.74,44.5,80.1
9676,-22124.72,954.1948,1.79,51.6,80.2
9677,-22161.18,1373.1886,1.78,42.4,80.1
9678,-22206.49,460.2232,1.79,52.6,80.2
9679,-22064.28,2888.0094,1.79,41.1,80.2
9680,-22093.57,2155.9666,1.79,52.6,80.3
9681,-21982.39,5370.7661,1.78,41.9,80.2
9682,-22019.77,1402.2935,1.75,53.2,80.3
9683,-22004.89,791.9117,1.78,45.5,80.2
9684,-22006.12,1820.7311,1.77,52.2,80.2
9685,-22054.61,1350.4863,1.8,46.7,80.2
9686,-22110.92,3111.0272,1.79,50.3,80.2
9687,-22134.57,3032.0118,1.8,49.6,80.3
9688,-22042.93,1185.1015,1.75,51.0,80.4
9689,-22138.75,481.487,1.77,49.9,80.3
9690,-22090.09,916.6294,1.75,48.3,80.3
9691,-22083.44,902.5008,1.76,52.9,80.4
9692,-22084.94,721.066,1.76,47.2,80.3
9693,-22099.51,225.6739,1.74,52.7,80.3
9694,-22053.08,180.4242,1.77,49.7,80.4
9695,-22124.0,113.4898,1.76,52.9,80.4
9696,-22084.04,173.2016,1.78,47.7,80.4
9697,-22067.75,269.7844,1.77,52.5,80.4
9698,-22096.86,841.8056,1.78,51.8,80.4
9699,-22173.41,1349.4671,1.75,51.4,80.5
9700,-22143.07,285.7637,1.78,52.7,80.5
9701,-22134.76,371.8704,1.79,48.5,80.4
9702,-22105.24,529.408,1.76,52.5,80.4
9703,-22080.63,374.6314,1.73,49.1,80.4
9704,-22078.46,304.7876,1.74,53.3,80.5
9705,-22054.83,74.2307,1.77,49.9,80.5
9706,-22026.43,336.7344,1.77,53.2,80.5
9707,-21969.78,356.4728,1.78,49.6,80.6
9708,-22081.06,537.4922,1.77,51.4,80.6
9709,-22040.79,992.4873,1.8,52.1,80.6
9710,-22127.72,386.2886,1.76,49.3,80.6
9711,-22145.42,168.3744,1.77,52.7,80.7
9712,-22116.08,412.6915,1.77,47.3,80.6
9713,-22093.33,480.9911,1.77,53.0,80.6
9714,-22168.37,262.4167,1.79,48.5,80.6
9715,-22107.43,215.2522,1.77,53.1,80.6
9716,-22231.44,642.9621,1.79,47.1,80.7
9717,-22130.68,784.272,1.79,52.7,80.8
9718,-22139.2,842.155,1.79,47.0,80.7
9719,-22144.52,55.6143,1.77,51.1,80.7
9720,-22109.21,508.789,1.77,50.3,80.7
9721,-22161.19,437.7664,1.78,51.3,80.8
9722,-22112.77,125.9716,1.79,52.7,80.8
9723,-22121.36,311.1496,1.79,47.8,80.8
9724,-22101.73,578.6532,1.78,52.5,80.7
9725,-22108.24,167.9322,1.78,47.2,80.8
9726,-22117.37,174.0765,1.75,53.1,80.7
9727,-22208.64,893.3363,1.77,46.9,80.8
9728,-22152.62,289.6703,1.77,53.2,80.9
9729,-22133.41,234.845,1.79,47.4,81.0
9730,-22117.48,246.7212,1.77,53.0,80.8
9731,-22091.19,79.5525,1.75,48.6,80.8
9732,-22133.41,249.8853,1.78,53.2,80.9
9733,-22133.41,147.8532,1.78,49.5,80.9
9734,-22117.31,254.5483,1.77,51.5,80.9
9735,-22107.77,167.0363,1.77,52.8,80.9
9736,-22098.06,81.614,1.76,48.7,80.9
9737,-22084.25,182.6751,1.77,52.4,80.9
9738,-22107.77,121.538,1.76,48.0,80.9
9739,-22052.93,366.9591,1.77,53.5,81.1
9740,-22060.52,85.6055,1.75,48.1,81.1
9741,-22051.04,159.2465,1.77,52.7,81.1
9742,-22150.11,708.9687,1.75,47.5,80.1
9743,-22103.11,184.7731,1.73,52.8,80.1
9744,-22024.74,472.4467,1.73,52.6,80.2
9745,-22135.07,110.3824,1.73,52.1,80.2
9746,-22091.19,80.3737,1.77,53.1,80.1
9747,-22030.04,619.0253,1.72,53.6,80.1
9748,-22216.92,1585.3777,1.76,52.2,80.2
9749,-22122.27,342.3841,1.74,52.7,80.2
9750,-22141.18,396.7988,1.73,53.1,80.2
9751,-22078.2,263.8302,1.74,53.6,80.2
9752,-22079.35,317.7935,1.72,52.9,80.2
9753,-22065.88,622.8929,1.74,53.9,80.2
9754,-22075.23,164.7136,1.74,52.5,80.1
9755,-22076.94,537.6018,1.73,53.3,80.2
9756,-22134.35,345.0506,1.74,53.0,80.2
9757,-22098.55,175.2725,1.72,52.4,80.3
9758,-22133.57,242.3536,1.76,53.3,80.3
9759,-22095.58,281.7165,1.73,52.7,80.2
9760,-22144.72,664.3401,1.77,53.1,80.3
9761,-22205.67,135.2842,1.75,52.4,80.3
9762,-22132.21,400.5227,1.75,52.9,80.3
9763,-22157.5,766.6631,1.74,52.3,80.2
9764,-22120.42,121.5317,1.77,49.7,80.1
9765,-22111.56,98.4095,1.78,53.1,80.2
9766,-22060.52,117.7323,1.76,47.4,80.2
9767,-21980.61,327.5919,1.81,52.6,80.1
9768,-22078.95,595.968,1.79,42.3,80.2
9769,-22105.3,643.8974,1.81,53.1,80.2
9770,-22123.77,445.9408,1.78,43.6,80.1
9771,-22054.94,413.144,1.8,52.3,80.1
9772,-22033.27,345.1688,1.76,45.4,80.2
9773,-22130.67,235.3914,1.81,50.4,80.2
9774,-22146.43,520.0918,1.76,47.8,80.1
9775,-22073.96,208.2121,1.78,50.8,80.1
9776,-22073.96,177.6475,1.81,49.2,80.1
9777,-22075.87,75.1487,1.78,48.7,80.1
9778,-22146.2,481.9718,1.79,50.0,80.2
9779,-22123.77,205.4351,1.75,48.9,80.1
9780,-22052.35,267.0084,1.76,52.4,80.2
9781,-22124.29,739.1705,1.76,47.5,80.2
9782,-22068.13,100.7497,1.78,52.6,80.2
9783,-22101.47,187.1783,1.76,46.0,80.1
9784,-22095.09,56.3395,1.76,52.7,80.2
9785,-22156.95,390.0184,1.76,47.0,80.2
9786,-22174.56,174.2156,1.74,52.7,80.2
9787,-22154.79,148.6627,1.78,49.5,80.3
9788,-22122.35,115.7178,1.76,50.6,80.2
9789,-22120.33,208.619,1.76,51.8,80.3
9790,-22151.07,667.1653,1.74,49.9,80.3
9791,-22142.46,317.0786,1.77,53.0,80.3
9792,-22128.9,81.9109,1.75,49.9,80.3
9793,-22193.15,335.9825,1.76,53.0,80.3
9794,-22117.82,602.2502,1.77,47.7,80.3
9795,-22133.07,160.8371,1.77,52.9,80.4
9796,-22033.5,1535.9044,1.78,47.4,80.3
9797,-22154.21,1975.1017,1.76,53.5,80.3
9798,-22139.91,310.4906,1.76,52.3,80.4
9799,-22142.93,134.8869,1.77,52.3,80.4
9800,-22119.38,384.58,1.79,53.6,80.3
9801,-22151.59,1074.4996,1.75,49.3,80.4
9802,-22136.75,273.3492,1.75,53.1,80.4
9803,-22111.5,226.5511,1.75,50.6,80.4
9804,-22194.99,679.1557,1.74,53.1,80.3
9805,-22123.19,672.4516,1.77,49.2,80.3
9806,-22120.08,586.5229,1.77,52.6,80.4
9807,-22151.62,1095.8712,1.76,52.1,80.4
9808,-22187.04,311.1724,1.76,52.7,80.3
9809,-22157.21,437.1525,1.78,53.6,80.4
9810,-22109.86,817.03,1.76,52.5,80.5
9811,-22117.82,126.4812,1.78,53.3,80.4
9812,-22179.92,713.7799,1.77,51.4,80.4
9813,-22194.8,622.1674,1.78,53.2,80.4
9814,-22096.84,488.1775,1.78,52.9,80.5
9815,-22111.68,96.2719,1.77,53.2,80.5
9816,-22099.85,78.8973,1.78,52.8,80.6
9817,-22127.29,208.9359,1.75,53.1,80.5
9818,-22127.96,146.6973,1.77,52.8,80.5
9819,-22156.65,184.799,1.77,53.5,80.6
9820,-22080.76,479.1167,1.77,52.9,80.6
9821,-22123.95,141.9387,1.77,53.1,80.6
9822,-22100.14,341.2637,1.79,52.0,80.6
9823,-22104.1,193.5521,1.76,53.3,80.6
9824,-22086.3,572.858,1.78,53.2,80.6
9825,-22137.81,441.4375,1.78,52.6,80.6
9826,-22038.73,154.9727,1.74,52.8,80.6
9827,-22088.2,803.2251,1.88,53.0,81.2
9828,-22055.27,192.7573,1.84,53.3,81.3
9829,-22112.3,330.3149,1.78,53.0,81.2
9830,-22159.31,477.4993,1.75,53.0,81.2
9831,-22132.23,363.4657,1.78,52.2,81.2
9832,-22127.99,275.5455,1.75,53.7,81.3
9833,-22139.3,207.0207,1.76,53.0,81.3
9834,-22140.32,116.8533,1.78,53.4,81.2
9835,-22097.45,497.7391,1.78,53.1,81.3
9836,-22194.71,500.5663,1.78,52.5,81.3
9837,-22185.05,200.9845,1.77,52.6,81.3
9838,-22187.55,334.8823,1.76,52.3,81.4
9839,-22196.04,82.8606,1.75,52.9,81.5
9840,-22183.46,60.2667,1.75,52.4,81.3
9841,-22114.98,236.2231,1.75,53.5,81.4
9842,-22145.61,130.8398,1.77,52.6,81.4
9843,-22052.1,272.4482,1.77,53.2,81.4
9844,-22033.5,645.9894,1.73,53.0,81.5
9845,-22060.87,208.628,1.76,52.7,81.4
9846,-22154.27,909.6446,1.76,52.7,81.4
9847,-22139.91,340.2776,1.76,52.8,81.4
9848,-22123.5,200.4068,1.76,53.0,81.5
9849,-22100.89,476.3762,1.76,52.7,81.5
9850,-22056.19,1059.7902,1.73,52.6,81.5
9851,-22023.86,1306.0361,1.71,47.2,81.2
9852,-22031.44,186.9291,1.77,51.0,81.2
9853,-22059.33,309.8262,1.77,51.8,81.2
9854,-22101.4,1165.4032,1.77,53.4,81.1
9855,-22110.99,435.7062,1.78,51.0,81.1
9856,-22107.68,73.9676,1.77,52.8,81.2
9857,-22151.46,585.9616,1.77,51.4,81.2
9858,-22187.31,394.806,1.79,52.9,81.1
9859,-22111.75,493.8043,1.76,50.8,81.0
9860,-22132.53,265.7186,1.77,52.9,81.0
9861,-22124.81,172.168,1.76,50.9,81.1
9862,-22152.75,209.7653,1.76,52.8,81.1
9863,-22031.49,1859.4761,1.78,53.0,81.1
9864,-22059.16,658.2231,1.77,49.3,81.1
9865,-22152.93,331.5775,1.78,52.9,81.2
9866,-22074.77,225.6155,1.78,50.7,81.2
9867,-22117.74,284.2396,1.77,53.6,81.1
9868,-22059.16,105.6723,1.75,52.6,81.1
9869,-22078.24,117.798,1.76,48.7,80.9
9870,-22079.11,54.6419,1.78,53.0,80.9
9871,-22049.44,76.3967,1.76,50.7,80.9
9872,-22095.43,304.9354,1.76,52.9,81.0
9873,-22108.15,545.9462,1.77,51.5,81.1
9874,-22094.65,116.8732,1.79,51.7,81.2
9875,-22101.11,206.7476,1.76,51.7,81.1
9876,-22111.36,202.8585,1.76,49.6,81.0
9877,-22073.28,159.9052,1.74,52.7,81.0
9878,-22147.42,551.2766,1.78,50.2,81.0
9879,-22050.65,169.3866,1.78,53.4,81.1
9880,-22088.29,338.6647,1.78,50.1,81.0
9881,-22081.95,78.4485,1.75,53.0,81.1
9882,-22048.38,114.8402,1.77,50.1,81.1
9883,-22103.98,336.0189,1.78,52.8,81.2
9884,-22098.58,275.2848,1.78,52.0,81.1
9885,-22141.95,315.8221,1.76,51.0,81.1
9886,-22040.85,1188.9822,1.79,52.5,81.1
9887,-22100.69,251.9648,1.77,51.2,81.1
9888,-22075.79,208.9398,1.77,52.1,81.1
9889,-22091.99,371.4904,1.75,49.9,81.2
9890,-22089.28,141.6123,1.78,52.7,81.2
9891,-22126.91,161.5791,1.8,49.9,81.2
9892,-22110.34,296.5174,1.77,53.2,81.2
9893,-22085.59,147.374,1.76,52.2,81.1
9894,-22043.28,532.3402,1.77,53.2,81.2
9895,-22074.26,418.1531,1.8,52.2,81.3
9896,-22093.15,358.7879,1.76,53.4,81.3
9897,-22163.73,399.1535,1.78,53.4,81.3
9898,-22148.33,368.459,1.79,52.5,81.4
9899,-22102.94,467.8892,1.79,52.8,81.3
9900,-22070.24,396.1641,1.75,49.9,81.3
9901,-22115.46,179.2162,1.74,53.0,81.4
9902,-22163.33,611.2174,1.77,49.6,81.3
9903,-22066.81,310.0238,1.78,52.9,81.4
9904,-22109.46,98.9646,1.87,50.8,81.3
9905,-22120.46,352.5322,1.77,52.3,81.4
9906,-22092.94,117.4727,1.79,49.8,81.5
9907,-22149.87,442.678,1.75,50.7,81.5
9908,-22042.99,661.3602,1.76,53.4,81.5
9909,-22076.87,222.246,1.78,50.8,81.5
9910,-22024.48,576.305,1.74,53.1,81.5
9911,-22049.5,286.8903,1.78,47.6,81.6
9912,-22086.66,396.5031,1.76,53.2,81.7
9913,-22146.04,454.4582,1.76,48.2,81.5
9914,-22141.09,185.1004,1.76,53.9,81.6
9915,-22083.88,588.2956,1.8,50.7,81.7
9916,-22049.5,536.043,1.75,52.9,81.7
9917,-21998.15,1378.5824,1.8,49.7,81.7
9918,-22033.97,384.0234,1.76,49.3,81.7
9919,-22037.34,286.7864,1.76,52.5,81.7
9920,-22102.41,436.4411,1.78,49.1,81.8
9921,-22037.34,156.5463,1.78,53.1,81.8
9922,-22087.46,308.178,1.76,48.8,81.7
9923,-22041.07,479.4156,1.77,52.7,81.8
9924,-22110.61,802.509,1.75,46.8,81.8
9925,-22099.83,593.3821,1.79,52.7,81.8
9926,-22038.87,674.7706,1.76,49.2,81.9
9927,-22017.23,900.5076,1.74,52.1,81.9
9928,-22097.64,151.2333,1.76,51.9,82.0
9929,-22089.92,273.9445,1.76,49.0,81.9
9930,-22058.47,169.142,1.78,53.0,81.9
9931,-22062.83,341.9256,1.78,48.8,81.9
9932,-22072.12,128.0722,1.77,53.2,82.0
9933,-22116.81,581.6591,1.74,49.7,81.9
9934,-22122.57,541.9303,1.76,52.3,81.9
9935,-22057.67,283.4066,1.73,49.3,81.9
9936,-21952.39,1769.9448,1.74,53.2,82.0
9937,-22094.77,1147.2893,1.73,50.1,82.1
9938,-22116.96,150.7349,1.73,52.0,82.0
9939,-22047.34,590.2983,1.75,53.9,82.1
9940,-21996.12,517.8262,1.78,48.5,82.1
9941,-22054.3,262.3309,1.76,52.7,82.1
9942,-22043.15,148.359,1.75,50.2,82.0
9943,-22096.88,353.9729,1.78,53.5,82.1
9944,-22072.12,423.1971,1.78,50.0,82.2
9945,-22128.06,130.4582,1.76,52.5,82.3
9946,-21979.52,909.9416,1.79,49.6,82.2
9947,-22145.04,196.834,1.75,53.2,82.3
9948,-22117.75,105.075,1.77,53.1,82.3
9949,-22058.68,421.3373,1.77,51.8,82.3
9950,-22058.25,298.1156,1.75,53.9,82.3
9951,-22150.7,458.8269,1.78,47.9,82.4
9952,-22074.71,606.2078,1.78,53.2,82.4
9953,-22111.2,207.3062,1.75,50.6,82.5
9954,-22168.58,221.9269,1.75,53.2,82.5
9955,-22102.74,2039.0187,1.78,51.1,82.6
9956,-22097.05,1490.4026,1.75,52.2,82.7
9957,-22118.24,589.3795,1.76,52.7,82.6
9958,-22102.58,254.1743,1.78,51.2,82.6
9959,-22080.6,414.8408,1.75,53.4,82.7
9960,-22068.47,364.5776,1.78,51.1,82.7
9961,-22101.02,136.5528,1.76,52.3,82.8
9962,-22167.4,433.121,1.78,50.3,82.8
9963,-22170.6,61.4345,1.76,53.5,82.7
9964,-22109.09,682.8077,1.76,52.0,82.7
9965,-22157.26,282.5658,1.76,53.3,82.7
9966,-22173.35,233.8983,1.75,52.6,82.8
9967,-22173.35,118.7071,1.77,52.5,82.9
9968,-22101.22,74.4748,1.75,53.3,82.9
9969,-22121.55,130.2958,1.75,51.5,82.9
9970,-22165.3,254.0226,1.76,52.4,82.9
9971,-22128.37,216.6297,1.77,51.8,82.9
9972,-22085.95,602.3942,1.76,52.8,83.0
9973,-22149.56,186.2915,1.76,51.0,83.1
9974,-22119.7,71.8576,1.75,53.3,83.1
9975,-22103.61,130.971,1.76,52.7,83.0
9976,-22076.71,364.278,1.77,51.9,83.1
9977,-22115.29,341.4198,1.77,53.1,83.1
9978,-22081.24,199.9969,1.75,51.2,83.2
9979,-22117.4,181.1844,1.76,52.5,83.1
9980,-22090.4,226.8895,1.85,53.0,83.1
9981,-22014.82,814.9735,1.77,53.1,83.1
9982,-22126.82,98.5065,1.76,52.4,83.2
9983,-22094.99,146.7949,1.76,53.4,83.2
9984,-22118.84,55.5456,1.78,53.5,83.2
9985,-22142.0,307.5698,1.8,50.4,83.2
9986,-22149.49,257.0998,1.78,52.8,83.2
9987,-22126.54,280.7027,1.76,50.1,83.2
9988,-22116.6,532.8894,1.73,52.8,83.2
9989,-22132.76,207.2918,1.78,48.9,83.3
9990,-22138.33,290.6465,1.77,53.1,83.3
9991,-22162.64,545.5315,1.78,49.7,83.4
9992,-22147.93,121.8499,1.78,52.3,83.3
9993,-22152.44,278.1668,1.78,50.9,83.4
9994,-22122.45,95.1308,1.77,50.1,83.4
9995,-22151.12,130.9449,1.8,53.5,83.5
9996,-22203.2,88.7141,1.78,47.4,83.2
9997,-22180.7,163.4153,1.76,53.3,83.3
9998,-22214.22,232.5539,1.76,47.9,83.3
9999,-22144.87,585.816,1.76,53.5,83.3
10000,-22177.03,177.1183,1.76,47.9,83.3
