Episode,Reward,Critic_Loss,Time_Sec,CPU_Percent,RAM_Percent
1,-16738.12,8358995.625,1.48,97.1,48.7
2,-16661.77,7979882.375,1.48,98.2,48.9
3,-15799.52,7725720.125,1.4,100.0,48.9
4,-17080.04,8529771.75,1.45,94.9,48.9
5,-15649.14,7527750.25,1.37,100.0,49.0
6,-15816.08,7128039.5,1.42,98.3,49.1
7,-16385.53,7732115.0,1.42,100.0,49.1
8,-15109.11,7440420.25,1.38,100.0,49.1
9,-16655.93,8405093.0,1.41,100.0,49.1
10,-17212.02,8968925.0,1.43,100.0,48.9
11,-17564.02,9312763.0,1.43,100.0,48.9
12,-16283.36,7482585.25,1.43,100.0,48.9
13,-15954.8,7340022.875,1.39,99.0,48.9
14,-15678.92,7823556.25,1.37,100.0,48.9
15,-16992.0,8408618.75,1.47,97.1,49.0
16,-16378.25,7945094.0,1.46,89.1,49.1
17,-15250.02,7565964.375,1.4,92.3,49.5
18,-16914.99,8350444.625,1.46,99.2,49.6
19,-16393.27,8641751.0,1.43,100.0,49.9
20,-16515.01,8118315.625,1.48,100.0,49.8
21,-15807.5,7292679.875,1.44,93.5,49.9
22,-15672.44,7421269.375,1.41,100.0,49.9
23,-15770.18,6868191.625,1.41,100.0,50.0
24,-17254.61,7966288.75,1.49,100.0,50.1
25,-15303.68,7332264.125,1.36,100.0,50.0
26,-18290.16,9082467.5,1.49,99.1,50.1
27,-15969.11,7740841.625,1.41,100.0,50.0
28,-15535.34,7045054.375,1.42,100.0,49.9
29,-15583.91,7434562.25,1.45,100.0,50.1
30,-16584.91,8176467.0,1.48,100.0,50.0
31,-15823.18,7116006.0,1.44,99.5,50.4
32,-14852.55,6697594.0,1.44,100.0,50.3
33,-16466.68,7874188.0,1.46,96.1,50.3
34,-16080.03,7819232.5,1.46,100.0,50.3
35,-15097.19,6921606.25,1.44,100.0,50.3
36,-15643.13,6875588.5,1.47,100.0,50.3
37,-15796.46,7349235.5,1.46,100.0,50.4
38,-15897.39,6906476.75,1.44,100.0,50.5
39,-15162.02,7270761.125,1.38,100.0,50.6
40,-15434.57,7154101.625,1.43,100.0,50.9
41,-16144.58,7850276.5,1.45,99.8,50.8
42,-15253.94,7130628.5,1.39,100.0,51.1
43,-16845.16,8458832.75,1.45,100.0,51.5
44,-16053.37,7728620.375,1.5,100.0,51.8
45,-15156.91,6986191.0,1.41,100.0,51.9
46,-15876.35,7542464.75,1.45,100.0,51.9
47,-15191.46,7239152.0,1.42,100.0,51.9
48,-15310.05,7421584.75,1.42,99.9,51.9
49,-15842.14,6714942.625,1.5,100.0,52.1
50,-15981.64,6915814.25,1.54,100.0,52.2
51,-15577.66,7804939.5,1.55,100.0,52.1
52,-16322.6,7783865.875,1.52,100.0,52.1
53,-15230.97,7116015.125,1.57,99.9,52.1
54,-14724.92,6755986.75,1.54,100.0,52.5
55,-15189.96,6941250.0,1.38,100.0,52.4
56,-16205.15,7098951.0,1.52,100.0,52.5
57,-15259.02,7516319.375,1.59,100.0,52.6
58,-16389.52,7801298.875,1.55,100.0,52.4
59,-15796.87,6898775.125,1.43,100.0,52.4
60,-15285.18,7102409.0,1.41,100.0,52.5
61,-16859.58,7556256.25,1.5,100.0,52.5
62,-16380.22,8243172.25,1.47,100.0,52.6
63,-16188.7,7750567.375,1.47,100.0,52.6
64,-15601.46,7099400.125,1.49,98.1,52.6
65,-15132.5,7013639.25,1.49,100.0,52.7
66,-15279.88,6961481.0,1.48,100.0,52.7
67,-14939.05,7257208.0,1.45,100.0,52.7
68,-14948.95,6632988.375,1.48,100.0,52.9
69,-14820.03,6877142.125,1.39,100.0,52.9
70,-14656.69,6536163.0,1.36,100.0,52.9
71,-14732.94,6691225.25,1.42,100.0,52.9
72,-16032.53,7858379.75,1.44,100.0,53.0
73,-15263.2,6700027.5,1.41,100.0,53.0
74,-15114.0,6469645.0,1.44,100.0,53.0
75,-15758.53,7670790.0,1.44,100.0,53.2
76,-15205.67,6887864.5,1.52,100.0,53.1
77,-16125.76,7445133.25,1.6,100.0,53.1
78,-15322.37,6936651.875,1.48,100.0,53.0
79,-16091.83,6924486.25,1.54,100.0,53.0
80,-15106.4,6959524.375,1.48,100.0,53.1
81,-15056.84,6992138.0,1.48,100.0,53.2
82,-14933.35,6901353.5,1.44,100.0,53.2
83,-14556.96,6725325.5,1.43,100.0,53.1
84,-15058.57,7030347.875,1.47,100.0,53.1
85,-15053.44,6795831.75,1.43,100.0,53.2
86,-16146.91,7751162.875,1.47,100.0,52.8
87,-14700.51,6733025.875,1.47,98.6,53.1
88,-15594.46,6849274.375,1.49,100.0,53.1
89,-15178.45,6774960.25,1.43,100.0,53.1
90,-15452.93,7344511.375,1.49,100.0,53.1
91,-15341.24,7507677.0,1.53,100.0,53.1
92,-15996.6,7389044.25,1.56,100.0,53.2
93,-15175.85,6825723.0,1.39,100.0,53.1
94,-15898.04,7558271.125,1.48,100.0,53.2
95,-15058.93,7016780.625,1.44,100.0,53.2
96,-14673.75,6502138.375,1.4,100.0,53.2
97,-15786.81,6805644.875,1.44,100.0,53.2
98,-15071.61,6960936.375,1.44,100.0,53.3
99,-15276.62,6297023.125,1.45,100.0,53.2
100,-15896.97,6997434.75,1.5,100.0,53.3
101,-15702.78,7429964.125,1.48,100.0,53.4
102,-15459.86,6482043.375,1.49,100.0,53.3
103,-15592.04,7152574.625,1.49,100.0,53.3
104,-15335.99,7022979.125,1.42,100.0,53.3
105,-15699.82,7134189.625,1.46,100.0,53.3
106,-14556.11,6824064.5,1.44,100.0,53.4
107,-15445.97,6858072.875,1.56,100.0,53.5
108,-15332.04,6600888.375,1.51,97.9,53.6
109,-15423.96,6554602.75,1.49,100.0,53.6
110,-15808.24,7426179.875,1.49,100.0,53.6
111,-14964.35,6409191.0,1.42,100.0,54.4
112,-15562.27,7155305.375,1.41,99.4,54.2
113,-14677.73,6581137.125,1.4,100.0,54.2
114,-15293.49,6776363.125,1.47,100.0,54.2
115,-15317.09,6974351.375,1.47,100.0,54.2
116,-15564.13,6532472.25,1.46,100.0,54.1
117,-14975.36,6576584.375,1.49,100.0,54.0
118,-15213.4,6862419.875,1.47,97.8,54.1
119,-15528.14,7501927.125,1.42,100.0,54.1
120,-15330.81,6636034.375,1.43,100.0,54.2
121,-15929.63,6895301.75,1.47,100.0,54.2
122,-14971.16,6734760.0,1.39,100.0,53.7
123,-15172.52,6986865.375,1.43,100.0,53.6
124,-14726.5,6668768.25,1.45,100.0,53.7
125,-15856.0,7416327.375,1.52,100.0,53.8
126,-16651.41,7185644.25,1.49,100.0,53.8
127,-14591.26,6744875.875,1.44,100.0,53.7
128,-15795.29,7227598.125,1.57,99.9,53.7
129,-14949.71,6751495.875,1.45,100.0,53.8
130,-14800.44,6491638.25,1.44,100.0,53.8
131,-14786.65,6588617.5,1.46,100.0,53.9
132,-15500.07,7051999.875,1.43,100.0,53.9
133,-15552.96,6455852.75,1.51,100.0,53.9
134,-15680.51,6712699.5,1.48,100.0,53.8
135,-15807.16,6761147.125,1.5,100.0,53.9
136,-16487.8,7513719.375,1.5,100.0,53.9
137,-15543.75,6587554.125,1.47,100.0,54.0
138,-15111.25,6805846.875,1.4,100.0,54.0
139,-17013.83,8030688.0,1.5,100.0,54.0
140,-16133.3,6778419.25,1.53,100.0,54.0
141,-15256.08,7014828.75,1.51,100.0,53.9
142,-15437.17,6355926.875,1.53,100.0,53.9
143,-15261.45,6578834.5,1.45,100.0,54.1
144,-15691.92,6895248.5,1.5,100.0,54.0
145,-14726.24,6625463.5,1.39,100.0,54.0
146,-14923.05,6849950.625,1.43,100.0,53.8
147,-14740.05,6385937.875,1.44,100.0,53.9
148,-15242.73,6876430.375,1.49,100.0,54.0
149,-15245.75,6323236.5,1.45,100.0,54.1
150,-15575.12,6423309.875,1.5,100.0,53.9
151,-14777.01,6745035.75,1.6,100.0,53.9
152,-15410.18,6397977.625,1.53,100.0,54.0
153,-15592.31,6508561.0,1.43,100.0,54.0
154,-14969.01,6599782.875,1.47,100.0,54.1
155,-15250.8,6440236.125,1.52,100.0,53.9
156,-14892.12,6624673.875,1.41,100.0,53.9
157,-15999.21,7316368.125,1.5,100.0,53.9
158,-15114.89,6805031.375,1.45,100.0,54.1
159,-15718.75,6265104.5,1.42,100.0,54.1
160,-14708.47,6743303.0,1.45,100.0,54.2
161,-14547.04,6554267.875,1.4,100.0,54.1
162,-15327.66,6662555.375,1.45,100.0,54.1
163,-15111.49,6391045.125,1.48,100.0,54.2
164,-15354.45,6990051.0,1.57,100.0,54.2
165,-14264.88,6443774.625,1.47,100.0,54.3
166,-15059.63,6570748.5,1.43,100.0,54.3
167,-14900.43,6626317.0,1.43,100.0,54.3
168,-15968.3,7320713.625,1.54,100.0,54.3
169,-14665.92,6313528.625,1.42,100.0,53.9
170,-15340.44,6811279.0,1.51,100.0,53.9
171,-14777.63,6403267.375,1.49,96.9,54.3
172,-15208.71,7050190.625,1.45,100.0,54.2
173,-15022.04,6355310.25,1.45,100.0,54.2
174,-15257.87,6083789.875,1.54,98.9,54.4
175,-15370.59,6125116.0,1.49,100.0,54.4
176,-14547.47,6294782.75,1.44,100.0,54.5
177,-16237.69,6461141.625,1.51,100.0,54.5
178,-15022.05,6462680.0,1.47,100.0,54.4
179,-14362.2,6402583.0,1.49,100.0,54.4
180,-16505.28,6744652.0,1.48,100.0,54.4
181,-15404.78,6338282.125,1.46,100.0,54.5
182,-15233.51,6914820.625,1.53,100.0,54.5
183,-14749.62,6374116.375,1.44,100.0,54.4
184,-15157.45,6476262.875,1.45,100.0,54.4
185,-15004.51,6645951.625,1.48,100.0,54.4
186,-15437.19,6237205.5,1.48,100.0,54.3
187,-15386.13,6549742.625,1.47,100.0,54.3
188,-14981.98,6343410.875,1.42,100.0,54.4
189,-15194.0,6613767.125,1.42,100.0,54.4
190,-16373.16,7639833.5,1.47,100.0,54.4
191,-14876.7,6463486.125,1.42,100.0,54.4
192,-15176.69,6173592.125,1.45,100.0,54.3
193,-15381.23,6350683.75,1.48,100.0,54.3
194,-14859.06,6139242.0,1.44,98.9,54.4
195,-14527.5,6246529.5,1.57,100.0,54.2
196,-14930.52,6215391.25,1.4,100.0,54.2
197,-14692.86,6084534.25,1.52,100.0,54.2
198,-14693.17,6484224.5,1.53,99.1,54.1
199,-14549.99,6152584.625,1.46,100.0,54.2
200,-14856.46,6278120.25,1.55,100.0,54.0
201,-15707.74,7208327.375,1.54,100.0,54.0
202,-15446.81,6494268.875,1.46,100.0,54.0
203,-14774.39,6164635.125,1.44,100.0,54.0
204,-14775.97,6195864.25,1.43,100.0,54.0
205,-16282.24,6444036.875,1.5,100.0,54.0
206,-14564.23,6121234.625,1.41,100.0,54.0
207,-15851.21,6919097.875,1.47,100.0,53.6
208,-15342.89,5925920.125,1.52,100.0,53.5
209,-15008.08,6035349.75,1.48,98.1,53.6
210,-14852.82,6234904.0,1.48,100.0,53.5
211,-14454.72,6224875.75,1.43,100.0,53.6
212,-15740.99,6259919.875,1.48,100.0,53.6
213,-15428.38,5726329.5,1.58,100.0,53.5
214,-14672.93,6024423.875,1.48,100.0,53.5
215,-15332.41,6113513.0,1.41,100.0,53.6
216,-14849.34,6194148.5,1.45,100.0,53.6
217,-14797.94,5989742.25,1.46,100.0,53.7
218,-15264.19,6405234.25,1.47,100.0,53.7
219,-14566.9,6023261.25,1.4,100.0,53.6
220,-16206.34,6966889.25,1.48,100.0,53.6
221,-16667.53,6301222.125,1.63,100.0,53.6
222,-15383.96,5794301.375,1.52,100.0,53.7
223,-14488.97,6039598.75,1.5,100.0,53.6
224,-14626.1,5774097.375,1.52,99.4,53.7
225,-14823.48,5809268.375,1.48,100.0,53.7
226,-15547.71,5890515.75,1.45,100.0,53.7
227,-14589.87,5750003.25,1.43,100.0,53.7
228,-15617.26,6489780.75,1.51,100.0,53.7
229,-15179.6,5847038.125,1.47,100.0,53.8
230,-15283.61,6308357.25,1.44,100.0,53.7
231,-14667.1,5908609.875,1.45,100.0,53.9
232,-14748.06,5961438.375,1.43,100.0,53.9
233,-15151.14,5912122.25,1.47,100.0,54.0
234,-14403.71,5932234.5,1.44,100.0,54.1
235,-14503.98,5915267.0,1.41,100.0,53.9
236,-15601.69,5566437.375,1.43,100.0,53.9
237,-14584.31,5962958.375,1.46,100.0,53.8
238,-14693.8,5745529.875,1.49,100.0,53.8
239,-15263.5,5597409.625,1.47,100.0,53.9
240,-15371.2,5727402.25,1.55,100.0,54.0
241,-14675.04,5797662.0,1.45,100.0,53.8
242,-15680.26,5753365.25,1.47,100.0,53.8
243,-14475.61,5932414.5,1.47,100.0,53.8
244,-14904.98,5830069.25,1.42,100.0,53.7
245,-14591.52,5767755.875,1.43,100.0,53.7
246,-15009.69,6057585.5,1.43,100.0,53.7
247,-14616.16,5617851.625,1.48,100.0,53.8
248,-14482.71,5382024.0,1.5,100.0,53.7
249,-14975.74,5695176.75,1.46,100.0,53.7
250,-15134.66,5760030.75,1.55,99.5,53.8
251,-15174.7,5985665.25,1.53,98.9,53.6
252,-14831.36,5675744.125,1.42,100.0,53.6
253,-15881.58,5597370.125,1.49,100.0,53.6
254,-16451.99,5960570.625,1.63,100.0,53.6
255,-15391.4,5537234.5,1.6,100.0,53.9
256,-15126.75,5337968.625,1.49,100.0,53.7
257,-15653.22,5959558.875,1.44,100.0,53.7
258,-15491.59,5895097.0,1.48,100.0,53.7
259,-15531.94,5998623.875,1.49,100.0,53.8
260,-15515.08,5241964.25,1.44,100.0,54.0
261,-15471.2,5572715.5,1.52,100.0,54.1
262,-15547.5,5480691.125,1.6,100.0,54.1
263,-15377.27,5466315.75,1.48,100.0,54.2
264,-15612.69,5806394.375,1.47,100.0,54.1
265,-14750.65,5491419.0,1.44,100.0,54.1
266,-15564.54,5653946.25,1.51,100.0,54.2
267,-15153.57,5650152.875,1.48,100.0,54.2
268,-14724.03,5577841.75,1.42,100.0,54.2
269,-14595.28,5450911.25,1.44,100.0,54.2
270,-14895.73,5439166.625,1.51,99.8,54.0
271,-15007.18,5345170.625,1.48,98.7,53.7
272,-14708.92,5682922.0,1.47,100.0,53.8
273,-15249.61,5450321.0,1.48,100.0,53.9
274,-15794.02,5968884.0,1.52,100.0,53.9
275,-15638.27,5220702.625,1.56,100.0,53.7
276,-15133.64,5305851.375,1.44,100.0,53.8
277,-14760.68,5142963.25,1.47,100.0,54.0
278,-15389.56,5460150.625,1.46,100.0,54.0
279,-15520.27,5543492.0,1.42,100.0,53.9
280,-14564.18,5130803.375,1.37,100.0,54.0
281,-14857.42,5316452.875,1.42,100.0,54.0
282,-15609.71,5088395.75,1.5,100.0,54.1
283,-15564.56,5110530.375,1.49,100.0,54.1
284,-15542.73,4887804.0,1.54,100.0,54.0
285,-15561.39,5497777.25,1.56,99.6,54.4
286,-15779.73,5672625.875,1.56,99.8,54.4
287,-14601.36,5046961.125,1.45,100.0,54.4
288,-14938.8,5516005.25,1.47,100.0,54.3
289,-15392.19,5692081.125,1.46,100.0,54.4
290,-14672.67,5015567.625,1.43,100.0,54.4
291,-14992.7,4989579.875,1.43,100.0,54.4
292,-14617.36,4901672.375,1.44,100.0,54.4
293,-15177.62,5302003.875,1.48,100.0,54.5
294,-14893.91,4911587.625,1.43,100.0,54.6
295,-14838.18,5120737.125,1.37,100.0,54.5
296,-15085.68,5053323.375,1.42,100.0,54.6
297,-15000.38,5265756.625,1.42,100.0,54.6
298,-15270.21,5066539.75,1.44,100.0,54.6
299,-14552.55,4922298.875,1.44,100.0,54.6
300,-15206.54,5348814.875,1.51,99.9,54.2
301,-14988.03,5141941.375,1.56,99.4,54.0
302,-15296.71,4789217.0,1.54,100.0,54.0
303,-15468.61,5138543.25,1.46,100.0,54.1
304,-15556.36,5222687.375,1.55,100.0,53.9
305,-15694.78,4818136.125,1.66,97.1,53.8
306,-15423.15,4906432.25,1.55,100.0,53.8
307,-15817.08,4827670.75,1.5,100.0,53.8
308,-14703.83,4650934.0,1.47,100.0,53.9
309,-14845.07,4639877.75,1.46,100.0,53.8
310,-15435.63,4875514.75,1.48,99.8,53.8
311,-14671.22,4707362.0,1.42,100.0,53.8
312,-15046.49,4810023.875,1.41,100.0,53.9
313,-15269.71,4984547.5,1.45,100.0,54.0
314,-16021.33,5142735.75,1.53,100.0,54.0
315,-15480.7,4409718.125,1.54,100.0,53.9
316,-15140.14,4930395.375,1.44,100.0,53.8
317,-15447.93,4371485.5,1.5,100.0,53.9
318,-14958.26,4779399.75,1.41,100.0,53.9
319,-15592.72,4410775.625,1.49,100.0,54.0
320,-14896.48,4494660.875,1.58,100.0,54.0
321,-14851.26,4408861.25,1.55,100.0,53.5
322,-14726.23,4480709.5,1.46,100.0,53.4
323,-16323.16,4659854.75,1.47,100.0,53.4
324,-15787.47,4953875.125,1.49,100.0,53.6
325,-14782.21,4497481.0,1.45,100.0,53.6
326,-15049.14,4672990.875,1.41,100.0,53.7
327,-14629.56,4402171.5,1.51,100.0,53.6
328,-15436.81,4529770.5,1.56,100.0,53.6
329,-15970.4,4533828.25,1.61,100.0,53.8
330,-14697.84,4260706.0,1.48,100.0,53.7
331,-15682.35,4417868.5,1.49,100.0,53.8
332,-15516.38,4329284.625,1.54,100.0,53.8
333,-14721.59,4369199.125,1.4,100.0,53.7
334,-15371.42,4284302.375,1.47,100.0,53.8
335,-14889.33,4262042.875,1.48,100.0,53.9
336,-14986.48,4336874.0,1.47,100.0,53.9
337,-14887.29,4391537.5,1.47,100.0,53.8
338,-15565.18,4195262.125,1.52,99.7,53.9
339,-15591.56,4342504.75,1.49,100.0,53.9
340,-15325.8,4026719.5,1.45,100.0,53.8
341,-14798.69,4126738.625,1.4,100.0,53.6
342,-14461.74,4038830.3125,1.47,100.0,53.7
343,-15704.87,3942311.9375,1.46,100.0,53.7
344,-15272.51,3953160.5,1.45,100.0,53.8
345,-14707.25,4072449.4375,1.47,100.0,53.9
346,-15724.04,3981948.125,1.51,100.0,53.8
347,-15829.32,3976503.9375,1.53,100.0,53.9
348,-14772.7,3934032.1875,1.47,100.0,53.9
349,-15140.78,4293949.5,1.53,100.0,53.9
350,-14855.03,4242680.25,1.51,100.0,53.9
351,-14756.68,4043769.6875,1.48,100.0,54.0
352,-16026.01,3953894.5,1.54,100.0,54.0
353,-15035.95,3878311.9375,1.51,100.0,54.0
354,-14819.06,4070453.25,1.46,100.0,54.1
355,-15734.69,4164861.25,1.46,100.0,54.2
356,-14645.97,3777613.0625,1.41,100.0,54.2
357,-15664.0,3846365.5,1.54,100.0,54.3
358,-14615.54,3795962.4375,1.56,100.0,54.4
359,-15280.75,4009779.6875,1.5,100.0,54.3
360,-14805.25,3821069.3125,1.45,100.0,54.3
361,-14834.49,3844978.375,1.51,100.0,54.3
362,-15724.73,3735312.0625,1.58,100.0,54.2
363,-14766.71,3831995.375,1.46,100.0,54.1
364,-14663.13,3530069.375,1.41,100.0,54.1
365,-14663.69,3578833.0,1.42,100.0,54.0
366,-15553.01,3507863.375,1.47,100.0,54.0
367,-14445.41,3607092.25,1.48,100.0,54.0
368,-15130.1,3732768.1875,1.5,89.4,54.1
369,-15553.32,3307204.1875,1.47,100.0,54.1
370,-14942.38,3476722.5,1.42,100.0,54.1
371,-14502.23,3481340.125,1.48,100.0,54.1
372,-15423.45,3809825.5,1.59,98.9,54.1
373,-14659.24,3324340.0625,1.46,100.0,54.1
374,-15547.09,3768333.5625,1.47,100.0,54.2
375,-14980.31,3447467.5625,1.42,100.0,54.2
376,-14858.94,3392707.75,1.4,100.0,54.3
377,-15572.48,3163299.875,1.4,99.8,54.1
378,-15180.04,3581265.0,1.45,99.9,54.1
379,-15466.07,3514829.3125,1.51,100.0,54.1
380,-14728.49,3322283.625,1.5,100.0,54.2
381,-15628.9,3550137.5625,1.52,100.0,54.3
382,-14645.38,3159756.875,1.56,100.0,54.3
383,-15240.83,3283586.0625,1.56,100.0,54.2
384,-14491.75,3127878.6875,1.45,100.0,54.2
385,-16289.23,3167229.375,1.51,100.0,54.3
386,-15611.54,3040838.5,1.51,100.0,54.3
387,-15352.27,2964005.0,1.46,100.0,54.3
388,-15202.44,2985651.5,1.48,100.0,54.4
389,-15344.63,2924009.125,1.48,100.0,54.3
390,-14851.97,3139026.125,1.45,100.0,54.3
391,-15036.51,3124289.8125,1.49,100.0,54.4
392,-14471.72,2915441.125,1.46,100.0,54.5
393,-15720.6,2952283.3125,1.45,100.0,54.5
394,-16134.17,3367626.0625,1.58,100.0,54.5
395,-15042.41,3131366.375,1.57,100.0,54.5
396,-14925.92,3159875.625,1.55,100.0,54.6
397,-15775.69,2957969.6875,1.5,100.0,54.6
398,-15201.22,3020420.25,1.46,100.0,54.6
399,-16012.72,3137553.875,1.46,100.0,54.6
400,-15934.4,2822530.0,1.48,100.0,54.6
401,-16250.53,3025326.9375,1.49,100.0,54.5
402,-16000.61,3325812.625,1.5,100.0,54.7
403,-15275.47,2643181.0,1.54,98.6,54.8
404,-14868.89,2730225.1875,1.43,100.0,54.9
405,-15581.3,2612059.5625,1.48,100.0,54.9
406,-14551.78,2755894.375,1.45,100.0,54.8
407,-14937.19,2611688.375,1.44,100.0,54.7
408,-15656.59,2839625.25,1.58,100.0,54.9
409,-14867.63,2558854.875,1.47,100.0,54.8
410,-14722.05,2547240.3125,1.52,100.0,54.9
411,-14904.59,2416405.4375,1.46,100.0,54.9
412,-15889.9,2594445.4375,1.5,100.0,54.9
413,-14808.22,2365077.5,1.45,100.0,54.9
414,-15178.17,2568106.8125,1.46,100.0,55.0
415,-15794.0,2478659.1875,1.56,100.0,55.1
416,-15489.67,2435601.25,1.53,100.0,55.1
417,-15716.0,2476533.9375,1.48,100.0,55.1
418,-15108.96,2201096.4375,1.46,100.0,55.1
419,-15142.08,2330556.0625,1.42,100.0,55.1
420,-14666.42,2357675.5,1.38,99.7,55.1
421,-15414.35,2325496.125,1.45,100.0,55.2
422,-14482.33,2252927.9375,1.46,100.0,55.1
423,-15298.45,2384429.625,1.47,100.0,55.2
424,-14588.62,2158506.25,1.47,100.0,55.2
425,-15800.97,2453125.6875,1.56,100.0,55.2
426,-15497.01,2349374.6875,1.54,99.1,55.2
427,-15413.95,2137993.0,1.44,100.0,55.3
428,-15029.52,2155441.125,1.54,100.0,55.3
429,-14987.92,2151659.0,1.52,100.0,55.4
430,-14552.87,2015287.9062,1.42,100.0,55.4
431,-15368.6,2184225.125,1.46,100.0,55.4
432,-14777.97,2074528.3125,1.43,100.0,55.5
433,-15220.55,1879755.7188,1.44,100.0,55.5
434,-14650.21,2020031.9062,1.45,99.9,54.8
435,-15397.05,1997890.0625,1.53,100.0,54.9
436,-15729.93,2154124.3125,1.53,100.0,54.9
437,-14598.2,1839014.8125,1.53,100.0,55.0
438,-16121.93,2137549.25,1.52,100.0,55.1
439,-15552.47,1898254.75,1.45,100.0,55.1
440,-15334.9,1799400.375,1.46,100.0,55.1
441,-14756.43,1825575.5312,1.4,100.0,55.1
442,-15434.13,1931427.2188,1.45,100.0,55.1
443,-15285.8,1910299.8125,1.46,100.0,55.2
444,-15748.06,1668233.7812,1.49,100.0,55.3
445,-14830.54,1761918.5625,1.46,100.0,55.3
446,-15323.95,1888326.3438,1.44,100.0,55.2
447,-14689.64,1662083.4062,1.51,100.0,55.2
448,-14699.67,1675595.625,1.44,100.0,55.3
449,-15492.39,1581431.125,1.52,100.0,55.3
450,-14944.09,1560541.9062,1.45,100.0,55.3
451,-15253.37,1602551.3125,1.56,100.0,55.3
452,-15084.87,1399443.8125,1.6,98.3,55.4
453,-14718.46,1542458.8125,1.47,99.8,55.5
454,-14756.8,1442794.3438,1.45,100.0,55.6
455,-15193.01,1555350.3125,1.51,100.0,55.4
456,-14915.65,1453683.8125,1.42,100.0,55.4
457,-16054.28,1473885.4688,1.51,100.0,55.4
458,-15741.13,1314722.875,1.49,100.0,55.5
459,-16014.19,1355175.2188,1.45,100.0,55.5
460,-15842.83,1480742.9688,1.45,100.0,55.5
461,-14763.38,1271935.3125,1.44,100.0,55.6
462,-14743.25,1379732.1562,1.46,100.0,55.7
463,-15588.47,1390831.9688,1.47,100.0,55.6
464,-14298.19,1266250.0938,1.41,100.0,55.7
465,-15235.78,1179879.0312,1.64,100.0,55.7
466,-14641.4,1274229.7188,1.58,100.0,55.5
467,-15269.57,1174356.6562,1.59,100.0,55.6
468,-14494.62,1181012.375,1.51,100.0,55.5
469,-15460.36,1200659.8438,1.48,100.0,55.6
470,-16328.17,1289339.3438,1.46,100.0,55.5
471,-14712.04,1118608.8438,1.44,100.0,55.6
472,-15489.02,1128523.2812,1.45,100.0,55.6
473,-15439.68,1192131.0938,1.47,100.0,55.6
474,-15165.83,1020491.9688,1.5,100.0,55.7
475,-14596.93,1062069.1562,1.41,100.0,55.7
476,-16081.02,1018011.0781,1.45,100.0,55.6
477,-14743.81,1100447.25,1.46,100.0,55.8
478,-15189.66,935762.5469,1.47,100.0,55.9
479,-15453.95,966642.0781,1.42,100.0,55.9
480,-14660.69,1032924.3906,1.43,100.0,55.8
481,-15617.12,937760.1719,1.55,100.0,55.9
482,-14477.04,927867.0938,1.55,100.0,55.9
483,-14872.99,895014.0625,1.46,100.0,56.1
484,-16334.45,1257889.375,1.73,100.0,56.7
485,-15312.43,952532.8125,1.63,88.0,56.5
486,-15454.53,827858.7344,1.55,100.0,56.5
487,-15126.72,790114.3125,1.45,100.0,56.5
488,-14802.9,846962.1562,1.5,99.9,56.5
489,-14742.71,733382.6406,1.52,100.0,56.3
490,-15289.87,873669.7188,1.43,100.0,56.3
491,-15518.19,785857.4062,1.5,100.0,56.3
492,-14478.36,770304.2812,1.47,100.0,56.4
493,-15167.01,683789.875,1.5,100.0,56.4
494,-14556.01,776082.2969,1.46,100.0,56.5
495,-15632.58,726836.9375,1.46,100.0,56.5
496,-14775.13,755304.5312,1.45,100.0,56.4
497,-14677.4,714475.1406,1.45,100.0,56.4
498,-14571.2,674041.25,1.46,100.0,56.5
499,-14822.37,706308.5625,1.49,100.0,56.6
500,-14964.93,549868.2031,1.47,100.0,56.6
501,-15717.91,748269.8906,1.49,100.0,56.5
502,-14851.98,566914.7188,1.41,100.0,56.5
503,-14857.62,549734.5,1.45,100.0,56.6
504,-15486.83,466750.5781,1.46,99.9,56.6
505,-16795.92,519075.6797,1.53,100.0,56.7
506,-15557.73,595410.1562,1.46,100.0,56.5
507,-14669.74,634664.4219,1.51,100.0,56.5
508,-14510.72,569866.0156,1.66,100.0,56.5
509,-16559.11,630764.75,1.64,99.8,56.4
510,-15284.8,398146.6328,1.45,100.0,56.5
511,-15116.73,450825.2969,1.5,100.0,56.6
512,-14709.65,538069.2188,1.49,100.0,56.5
513,-14747.74,546618.2188,1.41,100.0,56.3
514,-14482.46,504047.7891,1.39,100.0,56.3
515,-14633.18,484412.7188,1.44,100.0,56.1
516,-14660.13,464773.625,1.46,100.0,56.2
517,-14862.27,426326.3594,1.42,100.0,56.2
518,-15712.29,426018.7969,1.54,100.0,56.2
519,-15161.84,342000.6875,1.51,100.0,56.3
520,-15455.0,471097.5547,1.49,100.0,56.2
521,-15514.94,424604.3047,1.53,100.0,56.2
522,-15417.53,289241.9766,1.54,100.0,56.2
523,-15527.27,293676.5391,1.57,100.0,56.4
524,-15118.79,364771.2578,1.46,100.0,56.3
525,-15369.74,294669.7344,1.45,100.0,56.3
526,-15667.84,207334.9766,1.48,100.0,56.3
527,-14759.17,418404.9453,1.43,100.0,56.3
528,-15589.31,381984.9219,1.49,100.0,56.4
529,-15613.73,315399.5938,1.48,100.0,56.3
530,-15506.71,206070.1484,1.48,100.0,56.4
531,-15105.03,251299.8633,1.41,100.0,56.4
532,-14719.35,402039.1172,1.44,100.0,56.4
533,-15965.42,250088.25,1.48,100.0,56.4
534,-15502.76,449730.8438,1.47,100.0,56.5
535,-14579.49,384473.7109,1.51,100.0,56.5
536,-14719.16,336535.9297,1.51,100.0,56.4
537,-15931.42,374314.375,1.59,98.2,56.2
538,-15264.38,202176.6602,1.55,99.3,56.2
539,-14964.8,473926.4531,1.45,99.1,56.2
540,-14703.1,363746.4531,1.44,100.0,56.2
541,-14630.18,337575.0391,1.47,100.0,56.2
542,-14490.52,394694.3047,1.45,100.0,56.2
543,-15231.29,401844.4375,1.44,100.0,56.4
544,-15036.9,463581.2578,1.47,100.0,56.4
545,-15464.19,344402.4219,1.49,100.0,56.5
546,-14408.4,411209.5703,1.43,100.0,56.4
547,-15190.18,465379.7344,1.48,100.0,56.4
548,-15079.49,469354.1719,1.54,100.0,56.5
549,-14957.43,482073.2812,1.61,100.0,56.5
550,-15165.03,455389.8203,1.54,100.0,56.8
551,-14358.1,401488.3828,1.53,100.0,56.7
552,-14377.46,377176.4609,1.59,93.7,56.6
553,-14340.76,411377.3984,1.48,98.7,56.6
554,-15184.16,474214.7266,1.47,100.0,56.6
555,-15235.06,456915.0781,1.48,100.0,56.7
556,-14313.28,370006.6953,1.48,100.0,56.7
557,-14572.72,352686.875,1.39,100.0,56.8
558,-14972.97,457015.0625,1.46,100.0,56.7
559,-14518.46,367412.0859,1.47,100.0,56.7
560,-15073.03,453232.4531,1.53,100.0,56.7
561,-15186.18,431120.9844,1.54,100.0,56.8
562,-14830.23,280787.6797,1.5,100.0,56.8
563,-14590.93,309778.9219,1.55,100.0,56.9
564,-15398.78,344729.5938,1.56,100.0,56.7
565,-14362.75,387754.7109,1.54,100.0,56.7
566,-14590.17,313458.3828,1.48,100.0,56.8
567,-15138.13,442411.6172,1.46,100.0,56.8
568,-14512.39,382192.6562,1.4,100.0,56.7
569,-14486.05,399706.9688,1.4,100.0,56.5
570,-15743.51,249171.2695,1.5,100.0,56.5
571,-15107.33,454301.1406,1.56,97.8,56.4
572,-15285.71,425765.0234,1.48,100.0,55.9
573,-14797.93,323971.2891,1.42,100.0,55.9
574,-15157.64,445046.6562,1.55,100.0,55.8
575,-15660.99,270279.5,1.55,100.0,55.9
576,-14482.72,401934.0781,1.56,99.5,55.9
577,-14618.71,328861.7812,1.45,100.0,55.9
578,-14498.41,364318.0234,1.5,100.0,56.0
579,-15171.72,434388.0078,1.51,100.0,56.0
580,-14421.65,397367.0781,1.42,100.0,56.0
581,-14607.38,339908.6172,1.43,100.0,56.0
582,-14610.64,386045.9219,1.45,100.0,56.1
583,-14525.38,339618.6328,1.47,100.0,56.1
584,-14500.83,367030.7578,1.46,100.0,56.1
585,-14551.07,325232.1172,1.53,97.0,56.3
586,-15409.22,426936.1328,1.53,99.9,56.3
587,-14802.94,316213.5547,1.42,100.0,56.3
588,-15015.51,304731.3047,1.47,100.0,56.4
589,-14621.49,374416.3516,1.46,100.0,56.4
590,-14379.4,392529.3984,1.41,100.0,56.4
591,-15302.99,404269.6406,1.45,100.0,56.4
592,-14457.59,364272.9531,1.43,100.0,56.4
593,-15439.61,285081.5625,1.47,100.0,56.4
594,-15176.61,435591.6797,1.47,100.0,56.5
595,-14536.77,336900.8359,1.46,99.9,56.7
596,-14611.21,388269.7344,1.46,100.0,56.8
597,-14802.96,235369.9492,1.44,100.0,56.6
598,-14442.89,371703.2344,1.43,100.0,56.6
599,-15407.1,179409.1914,1.5,100.0,56.7
600,-15435.26,402089.3125,1.53,100.0,56.8
601,-14505.34,391005.9219,1.42,100.0,56.8
602,-14835.32,295897.5625,1.44,100.0,56.9
603,-15579.96,327125.3359,1.51,100.0,56.8
604,-15011.06,459972.9141,1.62,100.0,56.9
605,-14755.01,315464.1328,1.46,99.9,56.9
606,-14450.91,379768.8047,1.48,99.7,57.1
607,-14710.17,349232.0234,1.5,99.8,57.1
608,-14507.6,338419.7266,1.53,100.0,57.1
609,-14494.47,370210.3125,1.46,100.0,56.9
610,-15365.52,443394.4922,1.41,100.0,56.9
611,-14793.39,293975.4297,1.42,100.0,57.0
612,-15112.0,431375.7031,1.45,100.0,57.1
613,-14668.58,340088.2734,1.43,100.0,57.1
614,-14789.42,295628.7031,1.51,99.9,57.1
615,-14410.45,391209.5078,1.53,98.5,56.8
616,-15165.15,419870.6172,1.45,100.0,56.8
617,-15062.98,426860.9844,1.52,100.0,56.9
618,-15468.55,458124.0781,1.53,100.0,56.9
619,-14434.03,341429.0156,1.67,99.5,57.1
620,-14735.74,309554.8047,1.43,100.0,57.0
621,-14854.57,260380.6094,1.52,100.0,57.0
622,-15411.79,311904.5234,1.55,100.0,57.1
623,-14476.34,369042.6562,1.56,100.0,57.1
624,-15379.4,396248.7891,1.46,100.0,57.1
625,-14607.66,317432.4922,1.45,100.0,57.1
626,-14566.69,310883.3359,1.47,100.0,57.1
627,-14774.08,291997.1562,1.44,100.0,57.1
628,-14499.61,375934.7344,1.45,100.0,57.2
629,-14754.04,259475.5391,1.48,100.0,57.3
630,-14567.93,336426.7031,1.42,100.0,57.3
631,-14644.12,313197.75,1.46,100.0,57.3
632,-14721.05,322872.1562,1.49,100.0,57.4
633,-14598.14,336306.3047,1.51,100.0,57.5
634,-15339.87,399031.625,1.46,100.0,57.6
635,-14482.21,310162.4844,1.48,100.0,57.6
636,-14830.39,249478.9297,1.47,100.0,57.6
637,-15422.25,397422.6875,1.45,100.0,57.6
638,-15161.99,420373.0391,1.49,100.0,57.6
639,-14615.07,288712.9141,1.55,100.0,57.7
640,-14520.22,299858.1328,1.53,100.0,57.7
641,-14379.34,355019.7891,1.5,100.0,57.8
642,-15247.49,363087.3047,1.54,100.0,57.8
643,-15251.08,377469.0,1.51,100.0,57.8
644,-15297.31,390420.6094,1.48,100.0,57.9
645,-14492.08,336507.3281,1.42,100.0,57.9
646,-14504.96,358709.0312,1.4,100.0,57.9
647,-14385.41,346872.8438,1.43,100.0,58.0
648,-14849.2,240254.9141,1.46,100.0,58.0
649,-14653.45,303707.1328,1.52,99.9,58.1
650,-15283.37,157916.8672,1.5,99.8,58.2
651,-14562.35,305846.9062,1.41,100.0,58.2
652,-14805.3,219233.9414,1.44,100.0,58.2
653,-14380.4,316902.0625,1.43,100.0,58.2
654,-14525.53,302389.7188,1.4,100.0,58.4
655,-14419.11,343894.5078,1.46,100.0,58.4
656,-14392.51,310617.3047,1.43,100.0,58.4
657,-14538.25,306216.6094,1.44,100.0,58.4
658,-14463.9,336536.6797,1.46,100.0,58.5
659,-14814.98,253801.4414,1.52,100.0,58.6
660,-15069.22,199210.3789,1.53,100.0,58.8
661,-14826.78,256459.6133,1.46,100.0,58.7
662,-15202.01,330587.6719,1.55,100.0,58.7
663,-14666.46,275142.7812,1.59,100.0,58.5
664,-14621.37,277051.8359,1.44,100.0,58.6
665,-14535.48,310390.3359,1.41,100.0,58.1
666,-15235.63,361018.2578,1.49,100.0,58.1
667,-15494.04,262331.6562,1.47,100.0,58.0
668,-15566.78,237761.3516,1.46,100.0,58.1
669,-15301.92,353720.1797,1.49,100.0,58.1
670,-15341.09,315530.6094,1.49,100.0,58.2
671,-14510.19,269709.1172,1.53,100.0,58.1
672,-15363.51,350342.5547,1.5,100.0,57.7
673,-14439.24,286826.7031,1.45,100.0,57.8
674,-14540.99,288829.75,1.51,100.0,57.9
675,-14864.55,196047.5664,1.49,100.0,57.9
676,-15226.8,318178.9375,1.6,100.0,57.9
677,-14848.49,209570.0898,1.49,100.0,57.8
678,-14538.03,304577.7891,1.5,100.0,57.8
679,-14936.08,243056.25,1.45,100.0,57.8
680,-14751.05,206867.668,1.44,100.0,57.9
681,-14603.38,285602.125,1.49,100.0,57.9
682,-14459.83,251809.832,1.48,100.0,57.9
683,-14728.59,174551.8711,1.45,100.0,57.9
684,-14744.63,246832.8828,1.47,100.0,58.0
685,-14760.42,218216.3828,1.53,100.0,58.1
686,-14383.94,262167.3984,1.37,100.0,57.8
687,-14746.21,193813.2852,1.42,100.0,57.8
688,-14652.58,250525.0742,1.47,100.0,57.8
689,-15422.09,245126.457,1.6,100.0,57.8
690,-14657.33,232390.0352,1.48,100.0,57.9
691,-14438.34,254309.2188,1.55,99.8,58.2
692,-14647.9,252331.5938,1.61,91.9,58.2
693,-14870.88,188572.1055,1.45,100.0,58.0
694,-14566.27,245197.9062,1.45,100.0,58.1
695,-14679.94,155556.3086,1.5,100.0,58.2
696,-15164.07,229445.793,1.64,98.8,58.5
697,-14409.98,218274.9336,1.43,100.0,58.4
698,-14484.05,237821.3398,1.46,100.0,58.4
699,-14379.57,252483.0742,1.49,100.0,58.3
700,-14812.97,173495.1016,1.42,100.0,58.3
701,-15522.9,228770.5234,1.49,100.0,58.4
702,-14532.88,229813.3164,1.49,100.0,58.6
703,-14518.88,262117.7852,1.43,100.0,58.6
704,-15288.41,247386.1016,1.5,100.0,58.5
705,-14351.92,244250.6094,1.5,100.0,58.5
706,-14422.88,241831.8516,1.53,99.7,58.5
707,-14527.09,213854.7344,1.43,100.0,58.6
708,-15408.12,227947.375,1.49,100.0,58.6
709,-14457.34,220710.7383,1.43,100.0,58.6
710,-14597.22,182371.7383,1.39,100.0,58.6
711,-14629.46,182039.3711,1.45,100.0,58.7
712,-14402.96,232625.6367,1.46,100.0,58.8
713,-15663.72,182958.8477,1.49,100.0,58.7
714,-14629.48,226771.8125,1.43,100.0,58.7
715,-14393.32,247826.2578,1.5,100.0,58.8
716,-15434.98,209535.6602,1.56,100.0,58.9
717,-14679.22,171000.9531,1.43,100.0,58.9
718,-14801.68,171392.0625,1.48,100.0,58.9
719,-14745.79,171389.6055,1.51,100.0,58.6
720,-15379.1,234006.7383,1.6,100.0,58.6
721,-15112.52,105359.627,1.52,100.0,58.6
722,-15513.56,159948.7266,1.57,99.9,58.8
723,-14539.96,165279.0625,1.52,100.0,59.0
724,-15221.1,96834.8828,1.45,100.0,58.7
725,-14335.77,223200.4961,1.42,100.0,58.5
726,-15221.05,240375.875,1.58,100.0,58.7
727,-14902.61,100790.8789,1.69,98.9,58.4
728,-14934.1,101755.2617,1.52,100.0,58.4
729,-14554.93,157577.875,1.47,100.0,58.5
730,-14744.03,107703.5273,1.44,100.0,58.4
731,-14941.64,81373.4902,1.45,100.0,58.4
732,-14714.69,110518.8652,1.45,100.0,58.4
733,-14937.34,76184.2188,1.52,100.0,58.6
734,-14561.32,145067.7422,1.51,100.0,58.6
735,-14558.51,159640.293,1.46,100.0,58.6
736,-14985.7,80777.8164,1.49,100.0,58.6
737,-14517.96,153533.3281,1.47,100.0,58.7
738,-14510.49,135834.9023,1.38,100.0,58.7
739,-14426.44,157862.5508,1.41,100.0,58.7
740,-14541.04,142298.7227,1.44,100.0,58.7
741,-14604.48,114897.1777,1.47,100.0,58.8
742,-14639.13,114671.3711,1.49,100.0,58.8
743,-15340.32,40609.541,1.55,97.3,59.0
744,-14437.22,142868.5859,1.47,98.6,58.8
745,-14583.04,127969.4512,1.47,100.0,58.8
746,-14658.48,116385.6641,1.43,100.0,58.9
747,-15333.39,36601.3086,1.54,100.0,58.9
748,-14978.59,52493.8662,1.49,100.0,58.9
749,-15445.9,36196.8721,1.5,100.0,58.9
750,-14737.89,91656.1348,1.49,100.0,58.6
751,-14509.15,173455.0273,1.42,100.0,58.7
752,-14929.95,53147.6484,1.44,100.0,58.7
753,-14766.69,72664.8711,1.45,100.0,58.8
754,-15431.56,100116.7012,1.51,100.0,59.0
755,-14336.17,126323.8652,1.45,100.0,58.8
756,-14937.08,73262.4648,1.52,100.0,58.8
757,-15704.78,39987.0596,1.53,100.0,58.9
758,-15169.01,35913.2422,1.5,100.0,58.9
759,-14854.64,56503.582,1.46,100.0,59.0
760,-15331.7,22277.7505,1.47,100.0,59.0
761,-14767.07,82410.123,1.42,100.0,59.0
762,-14695.31,92556.0742,1.41,100.0,59.0
763,-14638.51,81472.5332,1.52,100.0,59.1
764,-15207.33,31563.1938,1.53,100.0,59.1
765,-15546.75,72190.1992,1.52,100.0,59.2
766,-14638.47,74063.8281,1.46,100.0,59.2
767,-14614.13,92119.8652,1.47,100.0,58.7
768,-15226.96,106256.9102,1.45,100.0,58.8
769,-14991.34,41054.6309,1.46,100.0,58.9
770,-15147.62,41935.8594,1.44,100.0,58.9
771,-14678.01,120830.3535,1.41,100.0,58.8
772,-14621.02,87846.1055,1.54,100.0,59.0
773,-15132.24,34846.4297,1.49,96.4,59.3
774,-14811.44,62993.0977,1.51,98.5,59.5
775,-15009.06,39841.0498,1.48,100.0,59.6
776,-14564.77,94194.2363,1.42,100.0,59.6
777,-16141.28,26311.3638,1.53,100.0,59.5
778,-14817.07,67232.582,1.46,100.0,59.6
779,-14862.47,41649.5898,1.51,100.0,59.7
780,-14526.7,77997.7969,1.44,100.0,59.9
781,-15679.07,10307.4255,1.49,100.0,59.9
782,-15135.17,102817.5137,1.51,100.0,60.0
783,-15710.5,14908.1392,1.59,100.0,60.3
784,-14901.06,50277.6279,1.53,100.0,60.6
785,-14406.64,103109.0645,1.5,100.0,60.6
786,-15301.38,87951.916,1.59,99.1,61.0
787,-14811.07,52439.6816,1.48,100.0,61.5
788,-14539.7,66669.8262,1.42,100.0,61.4
789,-15288.6,26868.5986,1.42,100.0,61.5
790,-14607.66,74967.1211,1.39,100.0,61.6
791,-14314.85,99006.75,1.39,100.0,61.6
792,-15502.26,71441.0781,1.51,99.6,61.6
793,-14870.6,42430.6572,1.52,100.0,61.6
794,-15490.62,37945.5205,1.59,100.0,61.7
795,-14727.57,54582.6172,1.48,100.0,61.0
796,-14809.42,47513.9375,1.49,100.0,61.2
797,-14704.38,47009.6357,1.58,100.0,61.1
798,-15242.94,14503.9023,1.44,100.0,61.2
799,-15318.16,86735.2188,1.55,100.0,61.2
800,-14519.72,82838.1406,1.57,96.6,61.2
801,-15717.7,40272.4873,1.53,100.0,61.3
802,-14474.79,72764.6934,1.43,100.0,61.0
803,-14824.95,27722.8394,1.45,100.0,61.1
804,-15216.77,29828.8071,1.48,100.0,61.1
805,-14972.76,23949.5366,1.44,100.0,60.8
806,-15012.81,41039.5908,1.46,100.0,60.8
807,-15084.98,14311.2368,1.53,100.0,61.0
808,-15123.33,20837.5806,1.42,100.0,61.1
809,-16000.64,27671.9038,1.54,100.0,61.1
810,-15277.86,8745.5854,1.59,100.0,61.1
811,-15233.93,11547.6592,1.56,100.0,61.3
812,-15800.97,37982.0713,1.51,100.0,61.4
813,-14474.74,99276.0977,1.52,100.0,61.6
814,-14853.15,31766.0366,1.46,100.0,61.6
815,-15160.44,16973.9556,1.43,100.0,61.5
816,-14538.92,60194.8955,1.43,100.0,61.5
817,-15711.73,25323.7358,1.54,99.9,61.5
818,-14663.66,52529.2598,1.46,100.0,61.5
819,-15443.42,24650.7285,1.53,100.0,61.6
820,-14887.94,56345.4717,1.54,100.0,61.7
821,-15529.16,6620.7177,1.6,100.0,62.0
822,-15383.61,5512.4805,1.43,100.0,61.8
823,-14585.55,77144.375,1.45,100.0,61.7
824,-14676.51,45287.3037,1.45,100.0,61.8
825,-15112.4,15954.8726,1.39,100.0,61.6
826,-14431.52,76849.2129,1.44,100.0,61.6
827,-14657.32,66828.4434,1.5,99.8,61.4
828,-14413.8,65528.3232,1.46,100.0,61.3
829,-14872.36,27647.1567,1.43,100.0,60.8
830,-14410.87,83732.6602,1.48,100.0,60.9
831,-15288.31,18857.2085,1.5,100.0,60.7
832,-15130.62,16717.1985,1.53,100.0,60.6
833,-15332.43,14642.8726,1.52,100.0,60.7
834,-14901.32,26711.4731,1.52,100.0,60.6
835,-14701.52,33662.2539,1.43,100.0,60.6
836,-15135.77,9834.0261,1.44,100.0,60.7
837,-14471.45,79702.8281,1.46,100.0,60.8
838,-15293.67,11079.4021,1.48,100.0,60.8
839,-14684.12,44388.5166,1.5,100.0,59.8
840,-15340.01,19469.5938,1.48,100.0,59.7
841,-14854.6,32502.0044,1.43,100.0,59.7
842,-16174.45,23876.71,1.55,100.0,59.8
843,-15115.47,12991.3103,1.43,100.0,59.9
844,-14721.31,24063.7871,1.41,100.0,59.8
845,-14884.51,24617.0171,1.51,100.0,59.8
846,-14593.6,40493.541,1.47,100.0,59.9
847,-15771.8,33797.144,1.62,100.0,59.9
848,-15712.85,22153.7739,1.54,96.5,60.1
849,-15215.45,6049.748,1.56,100.0,60.1
850,-15257.2,7208.4023,1.5,100.0,60.1
851,-14640.74,43194.4189,1.43,100.0,60.1
852,-14964.83,19262.0327,1.48,100.0,60.2
853,-14762.5,34214.6914,1.45,100.0,60.2
854,-14897.98,21425.04,1.55,100.0,60.7
855,-14637.14,54836.2559,1.47,100.0,60.6
856,-15631.84,41706.3574,1.49,100.0,60.7
857,-15002.8,17140.1558,1.48,100.0,60.7
858,-15573.28,26410.1152,1.46,100.0,60.8
859,-15039.36,15007.6804,1.44,100.0,60.8
860,-14877.79,11161.0886,1.41,100.0,60.8
861,-15430.27,9062.8009,1.44,100.0,60.8
862,-14683.95,65693.54,1.44,100.0,60.9
863,-14971.43,17501.4292,1.42,100.0,60.8
864,-14697.47,49180.2803,1.43,100.0,60.9
865,-15421.06,7105.4309,1.58,99.9,60.8
866,-15089.38,7823.2332,1.61,99.9,60.4
867,-14604.92,38433.085,1.47,100.0,60.3
868,-15053.93,12213.4763,1.56,99.5,60.3
869,-15292.58,3934.3706,1.55,98.3,60.2
870,-15047.53,18149.293,1.44,100.0,60.3
871,-14557.48,57832.2891,1.46,100.0,60.3
872,-14452.23,68128.8203,1.41,100.0,60.1
873,-14522.44,46786.8564,1.38,100.0,60.1
874,-14781.96,22983.6802,1.48,100.0,60.2
875,-14883.17,23378.5542,1.47,100.0,60.2
876,-15263.41,7089.7639,1.46,100.0,60.3
877,-14740.88,37409.2695,1.48,100.0,60.3
878,-15139.12,3384.2999,1.48,99.6,60.2
879,-14705.89,29644.0156,1.46,100.0,60.3
880,-14803.54,28808.0454,1.4,100.0,60.2
881,-15360.87,5402.437,1.43,100.0,60.3
882,-14845.65,30386.1899,1.55,100.0,60.3
883,-15104.54,6308.8344,1.45,100.0,60.4
884,-14906.26,9631.9988,1.55,100.0,60.4
885,-14711.72,47907.3711,1.55,97.9,60.5
886,-14557.72,42133.3223,1.49,100.0,60.4
887,-14652.97,33477.0176,1.48,100.0,60.5
888,-14882.46,24544.3911,1.5,100.0,60.1
889,-14872.27,13258.1384,1.63,100.0,59.9
890,-15079.9,16258.804,1.41,100.0,59.9
891,-15290.41,6336.6653,1.51,100.0,60.0
892,-15249.73,1855.4948,1.43,100.0,60.0
893,-14676.02,33995.5693,1.37,99.7,60.0
894,-15135.52,8238.7343,1.51,98.2,60.2
895,-15409.43,5949.0316,1.52,99.4,60.2
896,-15065.07,9010.0605,1.44,100.0,60.3
897,-14537.49,59802.2002,1.47,100.0,60.3
898,-14603.03,47082.3916,1.49,100.0,60.2
899,-15117.08,4957.3851,1.48,100.0,60.3
900,-14754.37,23734.7593,1.43,100.0,60.4
901,-14766.18,20075.6855,1.49,100.0,60.4
902,-14670.08,32571.7446,1.45,100.0,60.4
903,-14747.79,25754.6646,1.42,100.0,60.4
904,-15033.22,11772.3328,1.46,100.0,60.4
905,-14741.86,43468.8428,1.45,100.0,60.5
906,-15372.15,4082.0264,1.47,100.0,60.6
907,-14431.76,58012.7754,1.47,100.0,60.6
908,-14599.27,34405.5625,1.54,98.6,60.8
909,-15360.75,9332.481,1.49,100.0,60.8
910,-14879.71,15147.3591,1.46,100.0,60.9
911,-14589.72,62527.0332,1.44,98.4,61.1
912,-15321.34,7025.2679,1.45,100.0,61.1
913,-14566.71,33822.665,1.44,100.0,61.1
914,-14924.48,13859.3179,1.52,100.0,61.2
915,-14441.07,36482.918,1.55,99.4,61.2
916,-14387.35,53673.9287,1.4,100.0,61.2
917,-14426.98,48528.4961,1.52,100.0,61.3
918,-14833.38,15929.0845,1.54,100.0,61.3
919,-14910.63,13578.8464,1.43,100.0,60.8
920,-14844.88,23644.7051,1.42,100.0,60.9
921,-14456.67,40192.3193,1.44,100.0,60.9
922,-14575.7,32848.6543,1.51,100.0,61.0
923,-14564.68,28098.9609,1.48,100.0,61.1
924,-14953.27,12922.783,1.54,100.0,61.2
925,-14528.7,36986.9492,1.57,99.0,61.3
926,-14900.16,12700.8987,1.51,100.0,61.5
927,-14808.48,11333.9739,1.49,100.0,61.2
928,-14706.88,24515.7773,1.5,100.0,61.2
929,-14714.82,29801.3428,1.42,100.0,61.2
930,-14726.25,17090.4468,1.42,100.0,61.2
931,-14722.05,12742.884,1.44,100.0,61.2
932,-14545.0,33013.1025,1.42,100.0,61.3
933,-14460.46,37341.001,1.44,100.0,61.3
934,-14763.22,13292.417,1.54,100.0,61.1
935,-14711.05,24102.9717,1.47,98.6,61.2
936,-14688.74,20194.1509,1.46,100.0,61.3
937,-14818.83,14682.4543,1.47,100.0,61.3
938,-14662.62,27678.3364,1.43,100.0,61.4
939,-14771.37,13363.1204,1.43,100.0,61.3
940,-14430.7,35108.9062,1.44,100.0,61.4
941,-14466.32,27917.7227,1.46,100.0,61.4
942,-14498.58,38377.8936,1.51,100.0,61.4
943,-14506.85,32254.1396,1.47,100.0,61.6
944,-14584.27,28153.478,1.46,100.0,61.5
945,-14983.86,7404.22,1.46,100.0,61.2
946,-14917.91,10935.1567,1.47,100.0,61.3
947,-14890.95,7133.6371,1.49,100.0,61.3
948,-14512.94,33425.9092,1.45,100.0,61.4
949,-14796.9,6910.3739,1.44,100.0,61.4
950,-14813.06,11307.7908,1.51,100.0,61.5
951,-14737.03,12841.2124,1.49,98.9,61.0
952,-14798.36,8714.9502,1.56,99.4,60.9
953,-14577.89,19208.9805,1.45,100.0,60.9
954,-14900.73,9168.3672,1.43,100.0,61.0
955,-14536.26,28196.7524,1.44,100.0,61.1
956,-14678.21,13583.9136,1.4,100.0,61.1
957,-14783.22,7710.9545,1.61,100.0,60.8
958,-14871.44,15218.2231,1.54,100.0,60.7
959,-14741.55,7571.2244,1.54,100.0,60.7
960,-14816.38,8172.8472,1.43,100.0,60.8
961,-14786.31,8412.3625,1.41,100.0,60.8
962,-14720.95,12788.3823,1.46,100.0,60.8
963,-14826.32,6848.6304,1.44,100.0,60.9
964,-14804.6,6044.7021,1.46,100.0,60.9
965,-14915.85,4385.6403,1.53,100.0,61.1
966,-14878.36,1674.9487,1.48,100.0,61.1
967,-14488.48,27403.3232,1.42,100.0,61.2
968,-14785.75,6422.656,1.49,100.0,61.3
969,-15242.86,7431.0969,1.44,100.0,61.3
970,-14825.19,11303.0913,1.41,100.0,61.3
971,-14811.28,3813.9136,1.45,100.0,61.3
972,-15208.87,6148.976,1.47,100.0,61.4
973,-14756.87,11483.884,1.44,100.0,61.4
974,-15113.25,3973.5518,1.5,100.0,61.4
975,-15001.94,4063.4487,1.51,100.0,61.5
976,-14698.04,10755.2776,1.45,100.0,61.5
977,-14919.79,4721.9622,1.44,100.0,61.5
978,-14792.87,5263.8926,1.51,100.0,61.6
979,-14984.4,1821.636,1.46,100.0,61.7
980,-15113.91,4042.2729,1.44,100.0,61.6
981,-15025.39,2143.3049,1.5,100.0,61.6
982,-15273.64,4827.0198,1.54,100.0,61.6
983,-15149.73,1865.4279,1.5,100.0,61.7
984,-14806.99,2916.3875,1.48,100.0,61.7
985,-14695.41,10190.198,1.51,100.0,61.7
986,-14825.4,6273.6661,1.43,100.0,61.7
987,-14775.32,7346.7244,1.42,100.0,61.3
988,-14892.79,7349.494,1.53,100.0,61.4
989,-14745.94,6831.0775,1.54,99.7,61.5
990,-14950.47,5911.6595,1.44,99.9,61.5
991,-14766.82,5990.4008,1.5,100.0,61.7
992,-14546.87,15379.668,1.46,100.0,61.6
993,-14816.04,4571.3813,1.48,100.0,61.7
994,-14809.79,7410.5189,1.46,100.0,61.4
995,-14699.52,6572.4155,1.49,99.3,61.6
996,-14729.16,11795.1086,1.5,100.0,61.7
997,-14966.95,4702.6111,1.45,100.0,61.6
998,-14627.21,8386.0361,1.53,100.0,61.6
999,-14813.64,4810.3937,1.49,100.0,61.7
1000,-14627.89,8026.2251,1.42,100.0,61.7
1001,-14617.02,9288.2986,1.45,100.0,61.7
1002,-14860.63,2798.4339,1.43,100.0,61.7
1003,-14480.67,23683.0054,1.41,100.0,61.8
1004,-14735.89,3781.8977,1.46,100.0,61.9
1005,-14807.18,3524.0521,1.44,100.0,61.9
1006,-14632.71,7059.7214,1.43,100.0,62.0
1007,-14631.79,7513.6993,1.52,100.0,61.9
1008,-14701.33,5872.9962,1.53,100.0,62.0
1009,-14774.09,3209.6445,1.54,100.0,61.9
1010,-14893.8,1729.2422,1.45,100.0,61.9
1011,-14819.99,1353.3972,1.52,100.0,61.5
1012,-14935.48,1539.0847,1.44,100.0,61.5
1013,-14664.27,4847.9821,1.45,100.0,61.6
1014,-14714.25,8989.5542,1.5,100.0,61.6
1015,-14771.39,4439.5599,1.56,100.0,61.6
1016,-14796.62,1902.4602,1.45,100.0,61.8
1017,-14775.46,2057.6888,1.48,100.0,61.8
1018,-14710.88,4459.4684,1.45,100.0,61.8
1019,-14996.21,3528.5412,1.41,100.0,61.9
1020,-14716.57,5080.9912,1.4,100.0,61.9
1021,-14767.69,843.9079,1.42,99.7,62.1
1022,-14522.43,6526.0723,1.47,100.0,62.1
1023,-14585.87,9928.0149,1.45,100.0,62.1
1024,-14619.13,4924.3708,1.49,100.0,62.2
1025,-14613.47,3537.7957,1.57,99.6,62.3
1026,-14444.8,9568.6616,1.49,100.0,62.4
1027,-14721.67,2893.7737,1.53,100.0,62.4
1028,-14556.9,8939.8071,1.49,100.0,62.5
1029,-14773.89,3308.0374,1.43,100.0,62.4
1030,-14648.6,2935.228,1.51,100.0,62.5
1031,-14452.89,13241.6443,1.47,100.0,62.6
1032,-14585.67,6224.5892,1.44,100.0,62.6
1033,-14660.51,3131.7716,1.43,100.0,62.6
1034,-14420.87,9230.7971,1.45,100.0,62.6
1035,-14560.87,5605.303,1.47,100.0,62.6
1036,-14456.92,9747.3574,1.44,100.0,62.8
1037,-14614.2,3147.6725,1.47,100.0,62.7
1038,-14532.86,6672.3735,1.48,100.0,62.7
1039,-14549.22,5135.1018,1.43,100.0,62.8
1040,-14480.46,8385.4202,1.47,100.0,62.9
1041,-14538.81,5927.3838,1.45,100.0,62.8
1042,-14564.37,5613.5129,1.41,100.0,62.8
1043,-14545.49,5344.642,1.46,100.0,62.9
1044,-14628.84,4051.5375,1.54,100.0,62.9
1045,-14408.7,8962.6519,1.48,100.0,63.1
1046,-14579.47,2225.5582,1.42,100.0,63.1
1047,-14464.82,5003.2637,1.57,100.0,63.1
1048,-14650.64,1917.5713,1.56,100.0,63.2
1049,-14481.82,8675.9954,1.47,100.0,63.2
1050,-14728.41,1372.4465,1.45,100.0,62.8
1051,-14501.81,2426.5073,1.45,100.0,62.9
1052,-14497.57,5215.6422,1.43,100.0,62.9
1053,-14501.89,2998.4954,1.44,100.0,62.9
1054,-14435.08,4303.1659,1.51,99.6,62.3
1055,-14579.21,1411.5531,1.5,99.5,62.2
1056,-14453.74,5932.931,1.41,100.0,62.3
1057,-14401.69,6943.3022,1.48,100.0,62.3
1058,-14443.09,5464.594,1.47,100.0,62.4
1059,-14462.27,4855.9686,1.41,100.0,62.3
1060,-14503.06,2105.6736,1.44,100.0,61.9
1061,-14452.86,3701.1636,1.44,100.0,61.9
1062,-14385.65,5870.0903,1.4,100.0,61.9
1063,-14400.75,4478.1111,1.46,100.0,62.0
1064,-14434.59,6105.3198,1.49,99.3,62.0
1065,-14504.14,5889.9762,1.51,98.2,62.1
1066,-14410.87,3131.8308,1.49,100.0,62.0
1067,-14429.18,4959.9027,1.5,100.0,62.1
1068,-14400.21,5882.7686,1.55,100.0,62.2
1069,-14486.89,4016.9302,1.44,100.0,62.2
1070,-14426.88,4557.0006,1.41,100.0,62.2
1071,-14432.48,3112.9388,1.46,100.0,62.2
1072,-14318.74,6050.9805,1.39,100.0,62.2
1073,-14451.77,3376.2867,1.42,100.0,62.4
1074,-14415.91,4566.5759,1.43,100.0,62.3
1075,-14436.68,2391.7855,1.43,100.0,62.1
1076,-14355.4,4815.9066,1.44,100.0,62.2
1077,-14473.61,1676.1255,1.54,100.0,62.1
1078,-14404.32,2507.2302,1.58,99.6,62.2
1079,-14351.11,3618.6207,1.48,99.9,62.1
1080,-14317.96,5468.4233,1.45,100.0,62.1
1081,-14343.05,4436.464,1.47,100.0,61.9
1082,-15157.64,46632.0527,1.51,100.0,61.9
1083,-14388.06,3138.3257,1.41,100.0,61.9
1084,-14361.43,3343.585,1.47,100.0,62.0
1085,-14486.32,3204.4915,1.47,100.0,62.1
1086,-14371.34,3309.8918,1.43,100.0,62.1
1087,-14451.57,2291.6767,1.44,100.0,62.2
1088,-14423.72,3547.5945,1.42,100.0,62.1
1089,-14386.7,2761.4008,1.42,100.0,62.1
1090,-14382.69,2766.6024,1.42,100.0,62.2
1091,-14345.23,2947.0279,1.44,100.0,62.2
1092,-14376.48,3105.5765,1.48,100.0,62.3
1093,-14338.53,2031.8314,1.59,100.0,62.4
1094,-14334.43,2693.3188,1.51,97.1,62.5
1095,-14339.55,1159.1848,1.61,98.2,62.4
1096,-14467.0,1020.4963,1.5,100.0,62.4
1097,-14400.35,1727.3792,1.45,100.0,62.6
1098,-14475.77,1018.2443,1.49,100.0,62.6
1099,-14456.97,681.614,1.44,100.0,62.5
1100,-14484.34,862.7694,1.4,100.0,62.1
1101,-14506.02,1333.2914,1.42,100.0,62.1
1102,-14482.1,497.1654,1.42,100.0,62.2
1103,-14484.6,1322.021,1.45,100.0,62.2
1104,-14400.73,1239.0162,1.51,100.0,62.3
1105,-14388.47,3022.2005,1.44,100.0,62.2
1106,-14327.77,2116.6266,1.45,100.0,62.2
1107,-14352.07,1426.7896,1.46,100.0,62.3
1108,-14375.03,1644.2443,1.41,100.0,62.4
1109,-14459.81,880.9402,1.44,100.0,62.4
1110,-14337.14,1374.6767,1.41,100.0,62.6
1111,-14351.32,1800.369,1.46,100.0,62.5
1112,-14486.6,1735.8866,1.48,100.0,62.5
1113,-14372.38,1064.1974,1.48,100.0,62.5
1114,-14368.35,1542.4609,1.51,100.0,62.5
1115,-14491.71,1198.9698,1.52,100.0,62.5
1116,-14378.1,837.2745,1.52,100.0,62.7
1117,-15214.06,40035.0791,1.49,100.0,62.7
1118,-14346.18,1763.1194,1.45,100.0,62.7
1119,-14326.84,1192.2955,1.43,100.0,62.6
1120,-14323.09,1256.2708,1.48,100.0,62.7
1121,-14354.08,1480.2474,1.45,100.0,62.8
1122,-14350.07,1451.7097,1.45,100.0,62.8
1123,-15148.61,33736.2334,1.56,100.0,62.9
1124,-14329.46,2113.0864,1.38,100.0,62.8
1125,-14316.26,1703.6018,1.46,100.0,62.9
1126,-15169.34,34599.917,1.64,100.0,63.0
1127,-14397.02,967.4517,1.51,97.8,63.1
1128,-14373.07,1010.8161,1.44,100.0,63.0
1129,-14409.16,756.7844,1.48,100.0,63.1
1130,-14334.06,1482.229,1.48,100.0,63.1
1131,-15271.2,36548.3848,1.45,100.0,63.1
1132,-14331.48,1276.2253,1.49,99.2,63.2
1133,-14306.39,1076.3619,1.5,100.0,63.2
1134,-14365.39,1240.3613,1.43,100.0,63.2
1135,-14394.36,1560.208,1.48,100.0,63.2
1136,-15135.18,31223.6567,1.58,96.9,63.1
1137,-14384.19,2396.2878,1.43,100.0,63.3
1138,-14312.6,3019.4055,1.41,100.0,63.3
1139,-14383.82,1263.3521,1.43,100.0,63.3
1140,-14442.11,1674.6233,1.41,100.0,63.3
1141,-14378.12,1340.7377,1.4,100.0,63.3
1142,-15215.68,31467.3726,1.5,100.0,63.3
1143,-14314.33,2318.6444,1.42,100.0,63.1
1144,-14323.04,1637.2339,1.43,100.0,62.9
1145,-14351.58,922.033,1.47,100.0,63.0
1146,-14364.14,614.8348,1.53,100.0,63.1
1147,-14400.33,1495.4414,1.42,100.0,63.1
1148,-14383.16,1205.0994,1.52,100.0,63.2
1149,-14365.32,756.1838,1.55,95.0,63.4
1150,-14386.33,720.8859,1.55,100.0,63.2
1151,-14379.23,568.4217,1.44,100.0,63.3
1152,-14259.08,827.4035,1.46,100.0,63.3
1153,-14364.92,1634.1092,1.47,100.0,63.4
1154,-15193.3,40912.2568,1.47,100.0,63.4
1155,-14338.17,790.6452,1.46,100.0,63.3
1156,-14310.96,807.6181,1.44,100.0,63.4
1157,-14370.6,807.8064,1.43,100.0,63.5
1158,-14311.67,499.7717,1.47,100.0,63.4
1159,-15138.04,34321.2842,1.48,100.0,63.5
1160,-15280.1,37365.4102,1.41,100.0,63.5
1161,-14334.21,4098.209,1.44,100.0,63.5
1162,-14342.2,2504.8827,1.44,100.0,63.7
1163,-14364.97,2728.7689,1.43,100.0,63.7
1164,-14303.39,898.2424,1.46,100.0,63.8
1165,-14319.3,755.375,1.46,100.0,63.7
1166,-14360.75,661.1514,1.47,100.0,63.8
1167,-15266.19,41183.2344,1.53,100.0,63.7
1168,-14364.9,838.1044,1.47,100.0,63.8
1169,-14396.05,541.4382,1.41,100.0,63.9
1170,-14355.0,493.4339,1.42,100.0,63.9
1171,-14403.51,660.8107,1.45,100.0,63.9
1172,-14332.06,675.919,1.54,100.0,63.9
1173,-15197.29,36491.6709,1.54,100.0,64.0
1174,-14354.78,503.955,1.48,100.0,64.0
1175,-14358.33,341.5854,1.59,96.1,64.0
1176,-14332.51,316.8256,1.45,99.8,64.1
1177,-15120.61,33284.2373,1.47,100.0,64.1
1178,-15100.13,34464.4531,1.49,100.0,64.2
1179,-14424.22,1493.9611,1.45,100.0,64.1
1180,-14322.47,2154.9719,1.41,99.7,64.2
1181,-15184.6,31408.8486,1.48,100.0,64.2
1182,-14377.92,1100.4362,1.45,100.0,64.3
1183,-14358.02,879.2268,1.44,100.0,64.3
1184,-15208.7,33475.0156,1.47,100.0,63.9
1185,-15178.87,34810.0967,1.48,100.0,63.8
1186,-14261.53,870.8452,1.5,100.0,63.8
1187,-15165.56,32691.1074,1.6,100.0,63.8
1188,-15215.14,31622.249,1.53,97.6,63.9
1189,-14296.9,2918.5857,1.5,99.9,63.5
1190,-14333.21,1686.5117,1.48,100.0,63.5
1191,-14358.74,1674.8653,1.41,100.0,63.5
1192,-15158.18,29859.1567,1.45,100.0,63.6
1193,-14389.74,1047.5582,1.43,100.0,63.7
1194,-14333.21,661.8453,1.41,100.0,63.6
1195,-15200.35,34112.6016,1.47,100.0,63.6
1196,-15120.1,32509.1206,1.54,100.0,63.6
1197,-14323.87,1371.1501,1.51,100.0,63.8
1198,-14267.27,2243.0741,1.43,100.0,63.9
1199,-14328.52,1039.6848,1.46,100.0,63.9
1200,-14348.2,591.2209,1.54,100.0,63.8
1201,-14313.46,844.3824,1.64,97.9,64.2
1202,-14292.5,712.7305,1.45,100.0,63.8
1203,-14328.94,922.2422,1.45,100.0,64.0
1204,-14296.9,675.0794,1.47,100.0,64.0
1205,-14325.69,193.3517,1.38,100.0,64.1
1206,-14343.61,465.1274,1.42,100.0,64.2
1207,-14371.28,251.9177,1.44,100.0,64.3
1208,-14325.6,334.1471,1.41,100.0,64.4
1209,-14352.18,858.8665,1.48,100.0,64.4
1210,-15117.2,32990.4209,1.55,100.0,63.9
1211,-14316.96,1103.1437,1.46,99.9,63.6
1212,-15121.62,30017.6865,1.48,100.0,63.6
1213,-14336.17,2019.502,1.53,100.0,63.7
1214,-14306.31,1089.9046,1.5,100.0,63.7
1215,-14315.4,374.7068,1.42,100.0,63.7
1216,-15136.52,33581.5615,1.5,100.0,63.7
1217,-14332.37,357.2597,1.49,100.0,63.7
1218,-14306.31,356.7598,1.53,100.0,63.8
1219,-14363.3,126.2488,1.46,100.0,63.8
1220,-14372.42,298.0704,1.48,100.0,63.9
1221,-14368.68,164.3921,1.47,99.9,64.0
1222,-14339.32,269.711,1.42,100.0,64.0
1223,-14339.32,192.6358,1.48,100.0,64.0
1224,-14394.58,175.4978,1.51,100.0,64.1
1225,-14388.73,2827.1436,1.4,100.0,64.0
1226,-14368.81,617.0946,1.43,100.0,64.1
1227,-14411.46,275.2172,1.44,100.0,64.1
1228,-14317.34,255.6094,1.42,100.0,64.7
1229,-14362.28,133.8466,1.45,100.0,64.6
1230,-14339.32,102.1548,1.46,100.0,64.7
1231,-14339.32,76.3151,1.43,100.0,64.7
1232,-14339.32,57.6602,1.45,100.0,64.8
1233,-14333.15,79.9419,1.52,100.0,64.6
1234,-14402.6,314.7697,1.52,100.0,64.6
1235,-14339.32,46.1985,1.42,100.0,64.6
1236,-14348.97,465.758,1.47,100.0,64.6
1237,-14369.73,133.4349,1.52,99.8,64.8
1238,-14312.65,198.2104,1.46,100.0,64.8
1239,-14358.56,450.4326,1.48,100.0,64.8
1240,-14376.04,190.8567,1.55,100.0,64.7
1241,-14378.77,132.8351,1.48,100.0,64.7
1242,-14411.46,114.8201,1.43,100.0,64.8
1243,-14305.9,707.624,1.47,100.0,64.8
1244,-14322.56,531.8166,1.47,100.0,64.7
1245,-14309.14,141.9942,1.41,100.0,64.8
1246,-14350.86,272.9052,1.45,100.0,64.9
1247,-14409.52,542.6948,1.48,100.0,64.8
1248,-14271.53,1104.1354,1.41,100.0,64.9
1249,-14349.82,244.2899,1.45,100.0,64.9
1250,-14316.5,262.0348,1.5,100.0,64.5
1251,-14382.5,335.4496,1.49,100.0,64.6
1252,-14335.84,139.9917,1.47,100.0,64.6
1253,-14291.85,250.9787,1.49,100.0,64.7
1254,-14344.47,305.6331,1.52,100.0,64.7
1255,-14328.52,133.6585,1.5,100.0,64.7
1256,-14394.14,436.2346,1.51,100.0,64.7
1257,-14366.74,186.3215,1.56,100.0,64.8
1258,-14300.88,862.1984,1.4,100.0,64.8
1259,-14301.48,76.4029,1.41,100.0,64.8
1260,-14325.4,98.9132,1.46,100.0,64.9
1261,-14308.09,234.4513,1.44,100.0,65.0
1262,-14334.38,403.386,1.44,100.0,65.1
1263,-14376.47,358.8412,1.53,99.7,65.3
1264,-14347.87,334.2174,1.46,99.8,65.3
1265,-14365.7,222.9443,1.41,100.0,65.5
1266,-15172.62,40313.2607,1.52,100.0,65.3
1267,-15231.69,39678.3291,1.54,100.0,65.4
1268,-14287.48,2794.1295,1.42,100.0,65.5
1269,-14356.94,1977.0031,1.43,100.0,65.4
1270,-14336.35,784.1373,1.42,100.0,65.5
1271,-14301.05,819.8586,1.45,100.0,65.5
1272,-14339.23,599.2362,1.43,100.0,65.5
1273,-14286.38,512.2102,1.52,99.9,65.5
1274,-14254.32,260.2305,1.5,98.9,65.7
1275,-14357.35,723.4238,1.45,100.0,65.8
1276,-14291.09,219.7063,1.47,100.0,65.9
1277,-14371.83,494.4439,1.61,100.0,65.8
1278,-14403.35,323.0494,1.45,100.0,65.8
1279,-14230.92,837.0277,1.44,100.0,65.8
1280,-14281.99,256.6177,1.46,100.0,65.9
1281,-14329.64,258.4279,1.42,100.0,66.0
1282,-14382.58,104.0783,1.41,100.0,65.9
1283,-14329.64,210.4709,1.43,99.9,66.0
1284,-14272.24,336.147,1.46,99.2,66.2
1285,-14286.93,663.6274,1.4,100.0,66.2
1286,-14300.09,414.6632,1.45,100.0,66.2
1287,-14349.24,258.6055,1.49,100.0,66.3
1288,-14300.09,255.0813,1.45,100.0,66.1
1289,-14403.35,244.5426,1.44,100.0,66.1
1290,-14318.61,133.8711,1.49,100.0,66.2
1291,-14345.81,275.4525,1.44,100.0,66.2
1292,-14334.87,151.3202,1.43,100.0,66.3
1293,-15188.36,42807.0254,1.47,100.0,66.4
1294,-14307.16,113.5259,1.46,100.0,66.3
1295,-15136.99,38592.54,1.53,100.0,66.4
1296,-14324.26,486.4569,1.53,100.0,66.2
1297,-14350.99,843.5129,1.55,100.0,66.4
1298,-15193.2,38680.9414,1.51,100.0,66.4
1299,-14375.77,285.2378,1.43,100.0,66.3
1300,-14300.13,141.9503,1.47,100.0,66.4
1301,-14343.61,879.7783,1.41,100.0,66.5
1302,-14348.2,460.7086,1.41,100.0,66.5
1303,-14422.06,352.8741,1.41,100.0,66.6
1304,-14329.64,142.8356,1.41,100.0,66.5
1305,-14422.97,279.28,1.4,100.0,66.5
1306,-14259.08,273.3391,1.47,100.0,66.6
1307,-14295.55,281.925,1.46,100.0,66.7
1308,-14382.58,1014.5954,1.56,100.0,66.1
1309,-14336.68,57.1467,1.43,100.0,66.1
1310,-14309.2,225.0794,1.44,100.0,66.2
1311,-14312.48,219.4545,1.44,100.0,65.7
1312,-14357.87,409.9747,1.41,100.0,65.7
1313,-14298.16,75.0527,1.48,100.0,65.7
1314,-14308.71,75.8738,1.48,100.0,65.9
1315,-14343.61,517.4376,1.46,100.0,65.7
1316,-14349.29,237.3495,1.42,100.0,65.1
1317,-14321.9,170.2397,1.51,99.6,65.6
1318,-14385.0,287.2001,1.51,99.8,65.7
1319,-14324.26,95.7588,1.45,100.0,65.7
1320,-14300.09,140.6962,1.46,100.0,65.7
1321,-14351.12,417.8385,1.4,100.0,65.7
1322,-14283.42,134.4823,1.39,100.0,65.7
1323,-14352.07,142.8745,1.48,100.0,65.7
1324,-14349.29,86.0384,1.44,100.0,65.8
1325,-14300.09,174.5826,1.41,100.0,65.8
1326,-14349.29,284.9894,1.48,100.0,65.9
1327,-14341.84,207.7079,1.51,100.0,65.8
1328,-14371.83,602.3609,1.49,100.0,65.3
1329,-14282.18,564.518,1.43,100.0,65.3
1330,-14330.63,189.3006,1.47,100.0,65.4
1331,-14335.32,122.577,1.49,100.0,65.5
1332,-15189.83,41495.3184,1.46,100.0,65.5
1333,-14321.9,872.307,1.47,100.0,65.5
1334,-14349.29,981.848,1.51,100.0,65.6
1335,-14333.21,349.7958,1.46,100.0,65.7
1336,-14300.09,211.0103,1.44,100.0,65.8
1337,-14345.81,383.4521,1.42,100.0,65.9
1338,-14349.29,548.2524,1.39,99.6,65.7
1339,-14321.9,103.3616,1.41,100.0,65.8
1340,-14313.25,388.4581,1.44,100.0,65.8
1341,-14341.84,121.5676,1.45,100.0,65.8
1342,-14321.9,42.6577,1.48,100.0,65.9
1343,-14348.51,65.1335,1.51,100.0,65.8
1344,-14346.36,57.3102,1.44,97.9,65.6
1345,-15098.42,34888.6582,1.48,100.0,65.6
1346,-15126.83,34963.21,1.49,100.0,65.2
1347,-15115.51,31907.916,1.56,100.0,65.2
1348,-15182.86,32417.5513,1.55,100.0,65.2
1349,-15160.35,25969.9941,1.49,100.0,65.2
1350,-15169.65,22712.9424,1.57,100.0,65.2
1351,-15203.85,16152.9585,1.58,100.0,65.3
1352,-15151.66,13381.2476,1.47,100.0,65.3
1353,-15118.74,12956.8113,1.46,100.0,65.4
1354,-15193.77,11093.4094,1.49,100.0,65.3
1355,-15127.1,9769.0251,1.47,100.0,65.3
1356,-15193.77,6568.9005,1.48,100.0,65.3
1357,-15218.21,5676.3328,1.54,100.0,65.3
1358,-15162.15,3802.9283,1.46,100.0,65.3
1359,-15217.87,2207.4194,1.45,100.0,65.4
1360,-15102.32,1607.6116,1.5,100.0,65.3
1361,-15129.85,667.7146,1.58,97.8,65.5
1362,-15125.41,615.5853,1.56,100.0,65.5
1363,-15142.37,191.1437,1.5,100.0,65.5
1364,-15178.5,303.9558,1.54,100.0,65.6
1365,-15065.04,502.541,1.51,99.3,65.6
1366,-14332.37,31517.8154,1.42,100.0,65.6
1367,-15121.62,1631.2714,1.47,100.0,65.6
1368,-14279.8,26992.2095,1.53,100.0,65.7
1369,-14332.37,18872.7634,1.55,99.9,65.9
1370,-15116.17,8296.3701,1.57,100.0,65.9
1371,-14294.29,11696.4407,1.49,100.0,66.0
1372,-14301.54,10840.425,1.45,100.0,65.9
1373,-14340.48,4630.7766,1.35,100.0,66.0
1374,-14305.95,4010.2166,1.46,100.0,66.3
1375,-15110.5,36285.7197,1.53,99.6,66.6
1376,-14319.31,2169.7476,1.44,100.0,66.6
1377,-14338.22,568.7236,1.46,100.0,66.8
1378,-14338.47,3685.2377,1.53,100.0,66.7
1379,-14315.07,688.4496,1.52,100.0,66.7
1380,-14338.44,504.9915,1.42,100.0,66.7
1381,-14348.01,221.2865,1.42,100.0,66.7
1382,-15173.65,38211.293,1.46,100.0,66.8
1383,-14329.82,728.0892,1.39,100.0,66.8
1384,-14358.46,873.9313,1.44,100.0,67.0
1385,-15173.41,36522.707,1.5,100.0,67.0
1386,-15206.04,35306.3701,1.46,100.0,67.1
1387,-15152.33,29247.6768,1.52,100.0,67.1
1388,-15107.72,15085.9097,1.53,100.0,67.0
1389,-14320.4,8559.9041,1.61,100.0,67.1
1390,-14315.07,9653.0315,1.45,100.0,67.2
1391,-14348.01,6653.9485,1.45,100.0,67.3
1392,-14348.01,4687.6975,1.47,100.0,67.3
1393,-14348.01,4041.7537,1.44,100.0,67.3
1394,-14315.07,4624.5372,1.45,100.0,67.4
1395,-15162.38,24561.7012,1.53,100.0,67.3
1396,-15107.72,18462.6143,1.51,100.0,67.4
1397,-14315.07,4745.7229,1.43,100.0,67.5
1398,-14283.03,6094.5808,1.47,100.0,67.4
1399,-14324.42,3986.5867,1.42,100.0,67.5
1400,-14315.07,3710.114,1.46,100.0,67.5
1401,-14296.9,3411.9504,1.48,100.0,67.5
1402,-15184.05,32629.208,1.48,100.0,67.6
1403,-14361.56,2041.8073,1.44,100.0,67.6
1404,-14348.01,931.6635,1.44,100.0,67.5
1405,-14296.6,1210.6634,1.49,100.0,67.6
1406,-15151.44,29653.0825,1.55,100.0,67.6
1407,-14329.82,799.4208,1.44,100.0,67.7
1408,-14338.47,652.7113,1.44,100.0,67.8
1409,-15147.67,32434.6719,1.55,100.0,67.9
1410,-14315.07,1038.2909,1.45,100.0,67.8
1411,-14348.01,460.986,1.44,100.0,67.9
1412,-14296.6,609.5992,1.5,100.0,67.4
1413,-14315.07,525.7026,1.46,100.0,67.4
1414,-14348.01,436.8825,1.4,100.0,67.4
1415,-14361.56,679.7758,1.47,100.0,67.5
1416,-14365.51,267.948,1.42,100.0,67.5
1417,-14329.82,285.5431,1.41,100.0,67.6
1418,-14351.42,484.1422,1.49,100.0,67.6
1419,-14345.81,324.4254,1.49,100.0,67.7
1420,-14361.73,429.3932,1.47,100.0,67.7
1421,-14315.07,623.2108,1.45,100.0,67.7
1422,-14348.01,256.5149,1.45,100.0,67.8
1423,-14315.07,176.0595,1.4,100.0,67.7
1424,-14320.4,300.9319,1.43,100.0,67.8
1425,-14324.42,169.1696,1.49,100.0,67.9
1426,-14357.68,242.4342,1.46,99.6,68.0
1427,-14347.92,305.244,1.43,99.8,68.2
1428,-14346.52,212.5655,1.52,100.0,68.3
1429,-14341.84,524.0515,1.46,100.0,68.2
1430,-14324.42,119.2985,1.45,100.0,67.9
1431,-14348.01,114.1474,1.47,100.0,67.5
1432,-14324.42,99.6188,1.46,100.0,67.6
1433,-14329.82,44.4772,1.45,100.0,67.6
1434,-14385.0,366.0097,1.46,100.0,67.7
1435,-14321.9,61.3509,1.44,100.0,67.7
1436,-14422.09,509.6791,1.49,100.0,67.8
1437,-14436.07,385.8327,1.48,100.0,67.8
1438,-14473.25,442.45,1.48,99.3,67.9
1439,-14434.23,281.0608,1.46,100.0,68.0
1440,-14423.13,293.4525,1.52,100.0,68.2
1441,-14419.11,203.4398,1.47,100.0,68.0
1442,-14324.86,195.521,1.42,100.0,68.0
1443,-14371.16,118.1221,1.43,100.0,68.0
1444,-14390.33,397.8815,1.42,100.0,67.5
1445,-14432.36,158.3681,1.38,100.0,67.7
1446,-14329.68,204.4192,1.46,100.0,67.8
1447,-14371.13,406.559,1.47,100.0,67.7
1448,-14334.17,88.9679,1.39,100.0,67.9
1449,-14400.18,241.249,1.45,100.0,67.8
1450,-14329.06,418.6124,1.55,100.0,67.9
1451,-14329.82,182.8508,1.43,100.0,68.0
1452,-14392.99,367.8218,1.46,100.0,68.0
1453,-14397.64,478.9959,1.51,100.0,68.0
1454,-14330.94,142.8905,1.51,100.0,68.0
1455,-14391.83,182.0787,1.43,100.0,68.1
1456,-14380.43,99.2784,1.51,100.0,68.2
1457,-14380.43,96.429,1.5,100.0,68.2
1458,-14391.93,179.9954,1.42,100.0,68.1
1459,-14400.18,143.3249,1.48,100.0,68.2
1460,-14391.83,169.0489,1.48,100.0,67.9
1461,-14380.43,100.8084,1.47,100.0,68.0
1462,-14380.43,60.1362,1.48,100.0,68.0
1463,-14391.93,151.1032,1.58,99.7,68.4
1464,-14380.43,44.0072,1.54,100.0,68.1
1465,-14380.43,23.6969,1.42,100.0,68.2
1466,-14397.64,100.5365,1.42,100.0,68.3
1467,-14380.43,23.5468,1.41,100.0,68.3
1468,-14380.43,16.5681,1.42,100.0,68.3
1469,-14456.04,238.353,1.47,100.0,68.3
1470,-14337.04,172.3006,1.43,100.0,68.4
1471,-14400.27,223.0168,1.43,100.0,68.4
1472,-14380.43,118.8814,1.45,100.0,68.4
1473,-14352.93,156.2784,1.54,100.0,68.5
1474,-14327.18,509.8846,1.41,100.0,68.5
1475,-14425.3,498.8934,1.42,100.0,68.4
1476,-14368.24,177.6023,1.44,100.0,68.5
1477,-14370.27,150.0413,1.45,100.0,67.9
1478,-14466.66,250.1468,1.47,100.0,68.0
1479,-14466.66,139.9669,1.5,100.0,68.4
1480,-14368.24,562.3558,1.59,100.0,68.1
1481,-14440.15,317.2178,1.47,100.0,68.1
1482,-14306.48,443.1099,1.39,100.0,68.1
1483,-14400.27,708.9776,1.41,100.0,68.0
1484,-14433.87,567.9693,1.42,100.0,68.1
1485,-14375.56,249.015,1.45,100.0,67.7
1486,-14391.93,316.344,1.43,100.0,67.7
1487,-14377.04,154.7883,1.49,100.0,67.7
1488,-14391.93,342.7622,1.47,99.8,67.7
1489,-14391.58,139.0798,1.45,100.0,67.8
1490,-14306.48,952.2148,1.44,100.0,67.7
1491,-14365.22,207.4756,1.4,100.0,67.7
1492,-14450.82,459.1454,1.38,100.0,67.7
1493,-14380.43,108.1192,1.43,100.0,67.7
1494,-14380.43,71.9097,1.44,100.0,67.8
1495,-14365.22,67.2938,1.47,100.0,67.8
1496,-14380.43,83.3341,1.49,100.0,67.9
1497,-14380.43,38.7378,1.54,100.0,68.0
1498,-14391.93,148.9199,1.44,100.0,67.9
1499,-14397.64,88.6908,1.43,100.0,68.0
1500,-14365.22,68.9311,1.51,100.0,68.0
1501,-14369.9,33.7284,1.49,100.0,68.1
1502,-14385.0,56.4802,1.43,100.0,68.1
1503,-14385.0,29.8629,1.5,100.0,68.1
1504,-14380.43,23.3951,1.51,100.0,68.1
1505,-14380.43,13.4219,1.41,100.0,68.1
1506,-14365.22,45.2047,1.47,100.0,68.3
1507,-14365.22,19.9747,1.48,100.0,68.3
1508,-14365.22,13.8509,1.41,100.0,68.2
1509,-14316.92,411.0716,1.43,100.0,68.2
1510,-14463.85,627.1638,1.49,100.0,68.2
1511,-14427.83,366.2562,1.44,100.0,67.9
1512,-14382.51,139.7928,1.41,100.0,67.9
1513,-14380.43,60.1978,1.46,100.0,68.0
1514,-14365.22,52.4973,1.56,100.0,67.9
1515,-14370.12,77.0013,1.4,100.0,68.0
1516,-14393.75,107.364,1.43,100.0,68.1
1517,-14380.43,113.4584,1.46,100.0,68.4
1518,-14367.35,73.1473,1.39,100.0,68.4
1519,-14448.98,337.7565,1.48,100.0,68.4
1520,-14380.43,63.0082,1.51,100.0,68.3
1521,-14365.22,87.4271,1.45,100.0,68.4
1522,-14365.22,45.5855,1.55,100.0,68.6
1523,-14365.22,25.9963,1.55,88.1,69.0
1524,-14403.16,91.1584,1.52,100.0,69.1
1525,-14403.16,72.9347,1.44,100.0,68.9
1526,-14365.22,40.1501,1.5,100.0,69.0
1527,-14371.13,59.8162,1.51,99.6,69.1
1528,-14380.43,57.5914,1.4,100.0,69.2
1529,-14365.22,55.4045,1.43,100.0,69.2
1530,-14365.22,37.2952,1.44,100.0,69.2
1531,-14391.93,130.0931,1.42,100.0,69.2
1532,-14417.99,176.0361,1.43,100.0,69.3
1533,-14355.23,67.3239,1.48,99.0,69.4
1534,-14369.9,35.9919,1.42,100.0,69.3
1535,-14365.22,33.9287,1.43,100.0,69.4
1536,-14365.22,15.9694,1.47,100.0,69.4
1537,-14365.64,60.909,1.64,97.6,69.4
1538,-14369.25,158.5961,1.45,100.0,69.5
1539,-14348.19,198.3441,1.51,100.0,69.6
1540,-14380.43,121.339,1.46,100.0,69.6
1541,-14380.43,39.5597,1.43,100.0,69.5
1542,-14371.13,79.9283,1.43,100.0,69.5
1543,-14371.13,52.7486,1.5,100.0,69.7
1544,-14360.98,31.7757,1.46,100.0,69.7
1545,-14371.13,25.2149,1.42,100.0,69.7
1546,-14415.97,113.6517,1.51,100.0,69.9
1547,-14415.97,82.5044,1.56,98.2,69.9
1548,-14394.5,80.936,1.42,100.0,69.9
1549,-14369.9,135.2869,1.45,100.0,70.0
1550,-14366.74,335.1442,1.5,100.0,69.6
1551,-14351.57,113.8744,1.59,99.6,69.9
1552,-14352.9,119.1226,1.43,100.0,70.0
1553,-14369.25,114.499,1.48,100.0,69.4
1554,-14386.03,207.4624,1.44,100.0,69.5
1555,-14410.62,169.0936,1.38,100.0,69.5
1556,-14386.76,52.4394,1.47,100.0,69.6
1557,-14390.1,155.8736,1.48,98.9,69.8
1558,-14365.64,132.2498,1.54,100.0,69.8
1559,-14399.36,109.6397,1.47,100.0,69.7
1560,-14371.13,82.6711,1.54,100.0,69.9
1561,-14371.13,43.2098,1.59,97.9,69.7
1562,-14371.13,22.5009,1.43,100.0,69.8
1563,-14380.43,87.0356,1.42,100.0,69.7
1564,-14365.64,23.6602,1.43,100.0,69.1
1565,-14371.13,18.2789,1.45,100.0,69.2
1566,-14371.13,16.323,1.41,100.0,69.2
1567,-14371.13,9.2456,1.43,100.0,69.3
1568,-14396.17,60.0307,1.46,100.0,69.4
1569,-14359.25,215.9499,1.43,100.0,69.4
1570,-14365.22,178.2901,1.47,100.0,69.4
1571,-14365.64,40.8286,1.56,100.0,69.4
1572,-14355.23,79.6291,1.4,100.0,69.5
1573,-14371.13,12.675,1.46,100.0,69.6
1574,-14358.63,80.6062,1.44,100.0,69.7
1575,-14396.17,118.8085,1.45,100.0,69.7
1576,-14371.13,20.6803,1.48,100.0,69.6
1577,-14371.19,69.4401,1.5,99.8,69.8
1578,-14385.9,139.8615,1.48,100.0,69.8
1579,-14365.22,74.8141,1.48,100.0,69.8
1580,-14365.64,29.8344,1.48,99.9,69.8
1581,-14391.93,127.8905,1.53,100.0,69.9
1582,-14365.22,70.9269,1.42,100.0,69.9
1583,-14365.64,36.4285,1.48,100.0,70.0
1584,-14397.84,309.2184,1.41,100.0,70.0
1585,-14396.17,154.7809,1.6,98.3,70.0
1586,-14391.93,156.5017,1.47,100.0,70.0
1587,-14391.93,131.2449,1.53,100.0,70.0
1588,-14365.64,29.0856,1.46,100.0,70.0
1589,-14365.64,31.9987,1.39,100.0,70.1
1590,-14385.95,37.4025,1.42,100.0,70.1
1591,-14358.63,203.7078,1.43,100.0,70.2
1592,-14365.64,31.4857,1.42,100.0,70.2
1593,-14447.08,429.9804,1.52,100.0,69.7
1594,-14365.64,17.0791,1.55,96.7,69.6
1595,-14371.13,16.3304,1.45,99.9,69.6
1596,-14330.82,100.8865,1.45,100.0,69.7
1597,-14352.81,262.3663,1.48,100.0,69.8
1598,-14319.3,324.4763,1.39,100.0,69.7
1599,-14275.21,650.4256,1.42,100.0,69.8
1600,-14342.87,653.7968,1.51,100.0,69.8
1601,-14318.97,216.8964,1.37,100.0,69.8
1602,-14312.53,129.6997,1.43,100.0,69.9
1603,-14339.07,233.2061,1.46,100.0,69.9
1604,-14339.07,156.569,1.54,100.0,69.9
1605,-14339.07,76.3095,1.42,100.0,70.0
1606,-14318.97,220.8426,1.47,100.0,70.0
1607,-14312.53,150.831,1.55,99.0,70.0
1608,-14347.92,138.3956,1.5,100.0,69.9
1609,-14329.82,111.577,1.5,100.0,70.0
1610,-14326.73,137.6411,1.63,100.0,70.0
1611,-14371.19,127.6289,1.53,100.0,70.1
1612,-14371.13,200.2203,1.4,100.0,70.1
1613,-14329.82,75.8034,1.43,100.0,70.1
1614,-14330.82,24.169,1.41,100.0,70.1
1615,-14330.82,11.3211,1.39,100.0,70.0
1616,-14372.55,85.0549,1.47,100.0,70.0
1617,-14371.13,166.6241,1.5,100.0,69.8
1618,-14330.82,101.6016,1.45,100.0,69.5
1619,-14360.98,122.9357,1.43,100.0,69.5
1620,-14302.7,85.8054,1.43,100.0,69.5
1621,-14317.22,100.9688,1.37,100.0,69.6
1622,-14302.7,32.5789,1.41,100.0,69.6
1623,-14357.98,259.6122,1.46,100.0,69.7
1624,-14334.91,38.2296,1.49,100.0,69.7
1625,-14318.97,92.2468,1.43,100.0,69.7
1626,-14339.07,136.2957,1.49,100.0,69.6
1627,-14326.2,130.8407,1.49,100.0,69.7
1628,-14330.82,236.8871,1.4,100.0,69.8
1629,-14330.82,129.1543,1.49,100.0,69.8
1630,-14329.82,69.4517,1.47,100.0,69.9
1631,-14330.82,70.1155,1.44,100.0,69.9
1632,-14335.84,40.5573,1.46,100.0,69.9
1633,-14349.29,92.9487,1.5,100.0,70.0
1634,-14330.82,23.9872,1.44,100.0,70.0
1635,-14380.43,116.1562,1.46,100.0,70.0
1636,-14365.64,103.239,1.46,99.1,69.7
1637,-14355.23,29.8583,1.42,100.0,69.8
1638,-14330.82,32.7263,1.4,100.0,69.8
1639,-14335.84,8.4224,1.46,100.0,69.8
1640,-14335.84,8.3255,1.46,100.0,69.9
1641,-14330.82,14.2266,1.4,100.0,70.0
1642,-14340.92,45.5556,1.44,100.0,69.9
1643,-14388.79,277.9045,1.51,100.0,69.9
1644,-14385.35,308.7467,1.47,100.0,70.0
1645,-14383.5,115.7265,1.46,100.0,70.1
1646,-14308.6,222.0853,1.48,100.0,70.1
1647,-14335.84,128.0735,1.5,99.7,69.8
1648,-14330.82,88.7717,1.51,100.0,69.7
1649,-14335.84,70.7721,1.54,100.0,69.8
1650,-14330.82,51.3705,1.51,100.0,70.1
1651,-14330.82,38.5408,1.44,100.0,70.1
1652,-14380.61,153.5295,1.43,100.0,70.1
1653,-14332.72,81.5389,1.45,100.0,70.0
1654,-14372.82,83.9498,1.46,100.0,70.2
1655,-14353.12,634.8846,1.45,100.0,70.2
1656,-14380.29,408.519,1.54,99.2,70.4
1657,-14373.73,289.4377,1.45,100.0,70.4
1658,-14335.25,97.3329,1.44,100.0,70.4
1659,-14358.76,75.6559,1.47,100.0,70.5
1660,-14362.81,176.8887,1.48,100.0,70.5
1661,-14340.92,34.9289,1.4,99.9,70.5
1662,-14335.84,55.291,1.41,100.0,70.5
1663,-14298.7,74.3166,1.43,100.0,70.6
1664,-14380.61,206.5826,1.42,100.0,70.6
1665,-14348.57,132.0513,1.47,100.0,70.7
1666,-14380.61,99.7412,1.44,100.0,70.7
1667,-14402.46,306.2925,1.38,100.0,70.7
1668,-14307.79,348.7066,1.56,100.0,70.3
1669,-14401.29,317.5802,1.5,98.1,70.2
1670,-14307.79,192.9838,1.57,100.0,70.4
1671,-14358.43,78.397,1.43,100.0,70.3
1672,-14343.05,408.3309,1.41,100.0,69.8
1673,-14307.79,165.8257,1.41,100.0,69.9
1674,-14307.79,97.4243,1.44,100.0,69.9
1675,-14405.42,472.7498,1.47,100.0,69.8
1676,-14401.29,288.3421,1.51,100.0,69.9
1677,-14358.76,78.178,1.43,99.4,69.9
1678,-14372.82,117.94,1.46,100.0,69.9
1679,-14306.63,244.7569,1.49,100.0,69.9
1680,-14400.05,231.2875,1.38,100.0,70.0
1681,-14335.25,96.5804,1.39,100.0,69.3
1682,-14380.61,112.3808,1.45,100.0,69.5
1683,-14294.12,228.7492,1.42,100.0,69.5
1684,-14372.61,237.3094,1.41,100.0,69.4
1685,-14308.6,116.6381,1.48,97.9,70.1
1686,-14345.77,71.1823,1.45,100.0,70.0
1687,-14308.6,53.8537,1.4,100.0,70.0
1688,-14308.6,35.888,1.46,100.0,70.1
1689,-14340.92,93.0161,1.45,100.0,69.9
1690,-14340.92,56.8175,1.42,100.0,70.0
1691,-14340.92,33.0794,1.46,100.0,70.0
1692,-14372.61,144.1626,1.46,100.0,70.0
1693,-14373.39,103.869,1.41,100.0,70.0
1694,-14349.29,87.2369,1.43,100.0,70.0
1695,-14342.82,164.6808,1.5,100.0,70.1
1696,-14340.92,109.4214,1.54,100.0,70.5
1697,-14340.92,74.0986,1.48,100.0,70.7
1698,-14340.92,38.6217,1.55,100.0,70.5
1699,-14340.92,19.6393,1.51,97.3,70.1
1700,-14356.39,185.0762,1.42,100.0,70.0
1701,-14337.5,315.4015,1.4,100.0,70.0
1702,-14340.92,101.1782,1.42,100.0,70.1
1703,-14340.92,29.0821,1.42,100.0,70.2
1704,-14340.92,26.3195,1.43,100.0,70.1
1705,-14348.59,71.2141,1.46,100.0,70.2
1706,-14340.92,51.2952,1.45,100.0,70.3
1707,-14365.22,91.3865,1.43,100.0,70.1
1708,-14383.0,215.3952,1.46,100.0,70.2
1709,-14340.92,144.283,1.43,100.0,70.2
1710,-14340.92,56.4151,1.4,100.0,70.2
1711,-14340.92,50.7718,1.43,100.0,70.2
1712,-14340.92,16.9917,1.43,100.0,70.2
1713,-14318.97,140.7323,1.44,100.0,70.3
1714,-14339.07,221.7606,1.47,100.0,70.3
1715,-14326.17,274.9105,1.46,100.0,70.4
1716,-14339.07,126.72,1.44,100.0,70.4
1717,-14339.07,81.3654,1.41,100.0,70.3
1718,-14339.07,46.7512,1.5,100.0,70.3
1719,-14326.2,59.8481,1.6,100.0,70.4
1720,-14339.07,67.64,1.46,100.0,70.5
1721,-14356.39,119.5016,1.47,100.0,70.4
1722,-14369.48,75.5165,1.52,97.9,70.1
1723,-14326.2,234.3416,1.52,100.0,70.1
1724,-14347.92,164.1096,1.45,100.0,70.1
1725,-14339.07,186.3944,1.5,100.0,70.2
1726,-14336.45,228.0408,1.58,100.0,70.3
1727,-14339.07,57.3128,1.43,100.0,69.4
1728,-14275.21,367.5717,1.48,100.0,69.4
1729,-14304.81,145.5398,1.52,100.0,69.5
1730,-14318.97,154.9224,1.42,100.0,69.6
1731,-14341.8,99.5506,1.4,100.0,69.7
1732,-14356.39,128.1566,1.42,99.5,69.9
1733,-14293.32,547.5831,1.43,100.0,69.9
1734,-14356.39,94.4618,1.43,100.0,69.9
1735,-14308.86,115.7056,1.5,100.0,70.0
1736,-14372.55,270.6244,1.57,99.2,70.2
1737,-14368.82,178.364,1.45,100.0,70.2
1738,-14335.84,323.4871,1.45,100.0,70.1
1739,-14302.7,291.8858,1.45,100.0,70.2
1740,-14329.82,91.9708,1.37,99.3,70.1
1741,-14330.82,67.8751,1.4,100.0,70.2
1742,-14372.55,81.9021,1.44,100.0,70.4
1743,-14340.5,228.6698,1.45,100.0,70.4
1744,-14340.5,108.3513,1.46,100.0,70.3
1745,-14330.82,70.9645,1.47,99.0,70.4
1746,-14335.84,29.9325,1.44,100.0,70.4
1747,-14330.82,15.0714,1.43,100.0,70.5
1748,-14330.82,6.5988,1.44,100.0,70.7
1749,-14317.22,60.5918,1.39,100.0,70.6
1750,-14352.41,163.8783,1.42,100.0,70.3
1751,-14326.17,111.6392,1.44,100.0,70.3
1752,-14326.17,69.3036,1.47,100.0,70.4
1753,-14312.53,52.7829,1.43,100.0,70.5
1754,-14339.07,182.9241,1.49,100.0,70.5
1755,-14275.21,451.6774,1.5,100.0,70.6
1756,-14305.23,98.1714,1.41,100.0,70.6
1757,-14275.21,148.1083,1.45,100.0,70.6
1758,-14342.87,328.926,1.57,99.8,70.7
1759,-14339.07,73.1268,1.54,100.0,70.9
1760,-14369.48,109.1658,1.48,100.0,70.8
1761,-14326.2,191.8968,1.51,100.0,71.0
1762,-14339.07,104.5041,1.52,99.9,71.1
1763,-14367.63,117.4045,1.4,100.0,71.1
1764,-14318.97,170.1253,1.43,100.0,71.2
1765,-14338.22,138.0189,1.41,100.0,71.2
1766,-14293.29,64.1458,1.42,99.1,71.2
1767,-14368.82,243.4372,1.43,100.0,71.2
1768,-14308.86,122.4788,1.49,100.0,71.3
1769,-14336.68,147.9293,1.47,100.0,71.3
1770,-14355.01,64.5623,1.41,100.0,71.3
1771,-14329.82,68.5813,1.46,100.0,71.3
1772,-14330.82,45.4512,1.49,100.0,71.2
1773,-14335.84,35.3934,1.43,100.0,71.2
1774,-14330.82,14.9123,1.52,100.0,71.2
1775,-14335.84,6.2456,1.58,99.9,71.5
1776,-14329.82,16.5229,1.57,100.0,71.7
1777,-14341.03,64.5431,1.43,100.0,71.5
1778,-14335.84,41.7443,1.45,100.0,71.6
1779,-14383.5,153.7435,1.42,100.0,71.6
1780,-14340.92,77.0132,1.41,100.0,71.6
1781,-14391.93,132.4298,1.48,100.0,71.5
1782,-14335.84,23.1279,1.57,98.9,71.5
1783,-14365.22,51.0258,1.47,100.0,71.6
1784,-14317.22,97.0447,1.46,100.0,71.6
1785,-14365.22,26.1225,1.46,99.3,71.8
1786,-14335.84,32.6002,1.41,100.0,71.7
1787,-14340.92,28.4182,1.42,100.0,71.8
1788,-14414.4,161.3819,1.43,100.0,71.7
1789,-14330.82,84.7254,1.44,100.0,71.8
1790,-14375.18,109.6657,1.43,100.0,71.8
1791,-14335.84,26.0392,1.45,100.0,71.8
1792,-14329.82,27.3313,1.49,100.0,71.9
1793,-14334.91,14.9157,1.41,100.0,72.0
1794,-14306.63,270.7042,1.47,100.0,72.0
1795,-14359.97,432.5204,1.59,99.5,72.1
1796,-14340.92,586.2839,1.63,99.4,72.3
1797,-14349.06,327.3387,1.45,100.0,72.2
1798,-14409.81,186.5722,1.51,100.0,72.3
1799,-14414.4,110.7864,1.49,100.0,72.3
1800,-14335.25,319.3831,1.41,100.0,72.4
1801,-14340.92,112.5615,1.42,100.0,72.4
1802,-14370.75,135.6985,1.47,99.4,72.5
1803,-14340.92,57.8047,1.42,100.0,72.5
1804,-14342.82,258.2888,1.48,100.0,72.5
1805,-14335.84,62.1689,1.48,100.0,72.5
1806,-14335.84,51.3237,1.48,98.9,72.6
1807,-14315.69,152.033,1.4,100.0,72.7
1808,-14302.7,57.4214,1.47,100.0,72.7
1809,-14365.64,264.123,1.6,100.0,72.4
1810,-14342.82,311.5043,1.65,98.1,72.3
1811,-14333.39,67.2245,1.44,100.0,72.3
1812,-14340.92,28.9398,1.5,100.0,72.4
1813,-14340.92,17.1413,1.48,100.0,72.5
1814,-14362.81,165.5792,1.37,100.0,72.5
1815,-14377.79,364.6334,1.42,100.0,72.5
1816,-14383.5,217.4093,1.48,100.0,72.5
1817,-14340.92,208.0623,1.4,100.0,72.6
1818,-14335.84,114.9855,1.49,100.0,72.6
1819,-14349.29,65.3009,1.5,95.5,72.7
1820,-14330.82,61.1486,1.5,100.0,72.8
1821,-14340.92,15.5794,1.41,100.0,72.2
1822,-14348.14,220.2708,1.47,100.0,72.3
1823,-14330.82,46.235,1.4,100.0,72.3
1824,-14330.82,33.1132,1.34,99.3,72.2
1825,-14335.84,30.6258,1.47,98.4,72.3
1826,-14330.82,16.9047,1.47,100.0,72.3
1827,-14362.81,143.3306,1.42,100.0,72.3
1828,-14340.92,38.4189,1.48,100.0,72.3
1829,-14335.84,14.7881,1.52,96.9,72.3
1830,-14330.82,10.9164,1.42,100.0,72.4
1831,-14330.82,6.334,1.44,100.0,72.4
1832,-14348.14,203.4184,1.39,100.0,72.5
1833,-14383.5,137.4871,1.39,100.0,72.5
1834,-14347.92,82.0699,1.41,100.0,72.5
1835,-14330.82,16.0822,1.42,99.0,72.4
1836,-14329.82,39.6132,1.46,100.0,72.4
1837,-14330.82,17.1669,1.46,100.0,72.1
1838,-14329.82,15.071,1.5,100.0,72.2
1839,-14329.82,7.3096,1.58,99.3,72.2
1840,-14329.82,4.6124,1.43,100.0,72.1
1841,-14304.81,234.2051,1.49,100.0,72.2
1842,-15116.17,37285.2197,1.54,100.0,72.3
1843,-14343.21,156.6616,1.5,100.0,72.5
1844,-14281.15,502.5958,1.46,100.0,72.4
1845,-14325.56,190.392,1.51,100.0,72.4
1846,-14275.21,292.9208,1.45,100.0,72.5
1847,-14275.93,312.0087,1.4,100.0,72.6
1848,-14279.8,181.6628,1.48,99.4,72.5
1849,-14279.91,138.6359,1.49,100.0,72.4
1850,-14309.68,132.3748,1.4,100.0,72.4
1851,-14301.54,103.3608,1.46,100.0,72.5
1852,-14293.32,144.6399,1.53,99.8,72.5
1853,-14356.39,158.9329,1.49,100.0,72.7
1854,-14356.39,94.9142,1.41,100.0,72.6
1855,-14330.82,216.0215,1.44,100.0,72.6
1856,-14329.82,95.6395,1.44,100.0,72.7
1857,-14329.82,67.0281,1.38,100.0,72.7
1858,-14334.91,48.9337,1.44,100.0,72.8
1859,-14391.58,278.4338,1.54,100.0,72.9
1860,-14370.93,504.3637,1.42,100.0,72.8
1861,-14411.24,556.4098,1.54,100.0,72.8
1862,-14365.22,586.0374,1.51,96.3,72.9
1863,-14440.57,335.2196,1.41,100.0,72.8
1864,-14365.22,289.1374,1.46,100.0,72.9
1865,-14447.08,240.287,1.47,100.0,72.9
1866,-14335.84,90.1973,1.42,100.0,72.7
1867,-14369.9,139.6745,1.44,100.0,72.2
1868,-14335.84,34.6446,1.5,100.0,72.2
1869,-14365.64,48.5281,1.55,100.0,72.3
1870,-14330.82,51.8413,1.44,100.0,72.4
1871,-14329.82,88.4348,1.44,100.0,72.3
1872,-14379.2,222.1072,1.46,99.0,72.5
1873,-14298.7,213.5132,1.45,100.0,72.6
1874,-14334.91,30.625,1.43,100.0,72.7
1875,-14334.91,18.0245,1.47,100.0,72.3
1876,-14329.82,17.9215,1.43,100.0,72.3
1877,-14330.82,16.1799,1.41,100.0,72.2
1878,-14395.84,256.3946,1.49,100.0,72.2
1879,-14335.84,66.7034,1.52,100.0,72.4
1880,-14330.82,27.9069,1.39,100.0,72.4
1881,-14329.82,27.0679,1.47,100.0,72.6
1882,-14335.84,11.0253,1.49,100.0,72.6
1883,-14383.5,115.0564,1.45,100.0,72.5
1884,-14335.84,38.8179,1.53,100.0,72.5
1885,-14330.82,27.5862,1.53,97.6,72.8
1886,-14335.84,13.9829,1.48,100.0,72.8
1887,-14335.84,8.606,1.45,100.0,72.9
1888,-14335.84,6.2453,1.47,100.0,72.8
1889,-14335.84,2.8479,1.45,100.0,72.8
1890,-14365.64,85.4614,1.39,100.0,72.8
1891,-14375.56,233.901,1.47,100.0,72.9
1892,-14365.64,76.3443,1.46,100.0,72.9
1893,-14365.64,47.5301,1.4,100.0,72.9
1894,-14413.5,140.1718,1.44,100.0,72.6
1895,-14365.22,75.0393,1.5,99.2,72.5
1896,-14384.73,242.4631,1.41,100.0,72.5
1897,-14382.51,278.7043,1.41,100.0,72.6
1898,-14365.22,69.4057,1.4,100.0,72.6
1899,-14365.64,36.4385,1.4,100.0,72.6
1900,-14402.37,145.8043,1.42,100.0,72.5
1901,-14391.93,158.6147,1.47,100.0,72.6
1902,-14426.87,135.7622,1.42,100.0,72.7
1903,-14409.9,385.2283,1.42,100.0,72.7
1904,-14383.69,321.9672,1.53,100.0,72.7
1905,-14365.22,489.8243,1.47,100.0,72.7
1906,-14365.22,424.2832,1.41,100.0,72.7
1907,-14365.22,125.35,1.5,100.0,72.8
1908,-14365.22,80.4958,1.58,100.0,72.9
1909,-14371.13,64.3324,1.54,99.7,73.0
1910,-14413.5,104.6857,1.45,100.0,73.0
1911,-14365.22,113.0101,1.48,100.0,73.0
1912,-14365.64,47.2265,1.45,100.0,73.1
1913,-14401.17,114.6977,1.37,100.0,73.1
1914,-14371.13,69.1221,1.44,100.0,73.1
1915,-14386.76,49.6313,1.43,100.0,73.3
1916,-14348.19,80.5564,1.42,100.0,73.1
1917,-14365.64,85.8744,1.48,100.0,73.3
1918,-14346.14,103.0116,1.51,97.6,73.4
1919,-14336.8,99.762,1.5,100.0,73.4
1920,-14360.98,59.4427,1.44,100.0,73.4
1921,-14371.13,56.4823,1.42,100.0,73.5
1922,-14365.64,34.6599,1.41,100.0,73.6
1923,-14365.64,22.5595,1.41,100.0,73.5
1924,-14371.13,21.3393,1.43,100.0,73.4
1925,-14365.64,7.0893,1.43,100.0,73.3
1926,-14365.22,54.8322,1.42,100.0,73.4
1927,-14440.57,178.5913,1.49,100.0,73.5
1928,-14365.64,40.2238,1.47,98.3,73.4
1929,-14365.22,48.364,1.46,100.0,73.1
1930,-14365.22,31.2132,1.48,100.0,73.1
1931,-14417.99,175.283,1.61,100.0,73.3
1932,-14409.35,76.7147,1.56,92.8,73.4
1933,-14365.64,75.8537,1.44,100.0,73.4
1934,-14413.5,149.4661,1.48,100.0,73.4
1935,-14365.22,56.752,1.48,100.0,73.3
1936,-14440.57,153.6656,1.33,100.0,73.2
1937,-14365.22,46.7252,1.42,100.0,73.3
1938,-14365.64,26.6538,1.47,100.0,73.3
1939,-14391.93,83.8433,1.45,100.0,73.4
1940,-14365.64,43.5709,1.49,100.0,73.4
1941,-14365.64,32.4756,1.49,96.8,73.6
1942,-14403.16,107.8446,1.49,100.0,73.6
1943,-14381.99,166.4675,1.41,100.0,73.7
1944,-14448.98,224.403,1.46,100.0,73.6
1945,-14447.31,222.8475,1.43,100.0,73.6
1946,-14393.75,86.6501,1.37,99.1,73.6
1947,-14417.41,160.2063,1.42,100.0,73.7
1948,-14449.71,286.5497,1.44,100.0,73.7
1949,-14433.87,64.8206,1.43,100.0,73.7
1950,-14403.16,149.9328,1.47,100.0,73.7
1951,-14403.16,59.121,1.5,94.8,73.8
1952,-14403.16,47.9406,1.41,100.0,73.8
1953,-14403.16,26.9285,1.46,100.0,73.9
1954,-14403.16,13.1909,1.44,100.0,74.0
1955,-14403.16,5.1569,1.42,99.8,74.1
1956,-14403.16,3.0204,1.41,100.0,73.4
1957,-14415.97,27.7446,1.45,100.0,73.4
1958,-14433.87,81.1688,1.47,100.0,73.5
1959,-14403.16,25.135,1.44,100.0,73.6
1960,-14443.92,96.9344,1.49,99.6,73.8
1961,-14403.16,25.0319,1.53,98.0,73.8
1962,-14403.16,22.5024,1.42,100.0,73.7
1963,-14403.16,12.3488,1.51,100.0,73.7
1964,-14403.16,4.061,1.6,100.0,73.8
1965,-14403.16,1.5722,1.53,100.0,74.0
1966,-14403.16,1.6475,1.45,100.0,74.1
1967,-14389.21,154.6655,1.46,100.0,74.0
1968,-14434.61,123.7504,1.43,100.0,74.0
1969,-14434.61,81.1913,1.37,99.8,74.2
1970,-14426.12,107.2557,1.45,100.0,74.3
1971,-14353.85,278.4078,1.46,100.0,74.3
1972,-14430.2,656.3993,1.44,100.0,74.3
1973,-14399.23,276.9674,1.47,100.0,74.2
1974,-14410.62,96.8147,1.63,99.8,74.8
1975,-14389.21,263.2066,1.51,100.0,74.8
1976,-14428.1,184.4311,1.42,100.0,74.9
1977,-14426.12,105.6102,1.44,100.0,75.0
1978,-14392.84,82.0277,1.42,100.0,74.8
1979,-14377.93,90.5006,1.39,99.2,74.3
1980,-14434.61,377.5432,1.43,100.0,74.4
1981,-14416.9,161.855,1.47,100.0,74.5
1982,-14417.44,234.2471,1.42,100.0,74.6
1983,-14398.78,63.8572,1.49,100.0,74.6
1984,-14371.19,151.8632,1.55,99.3,74.5
1985,-14415.97,132.363,1.44,100.0,74.6
1986,-14398.37,47.6426,1.43,100.0,74.6
1987,-14390.44,120.7808,1.61,100.0,74.7
1988,-14398.37,29.3812,1.62,98.1,74.6
1989,-14398.78,54.277,1.46,100.0,74.6
1990,-14417.04,67.362,1.49,100.0,74.6
1991,-14432.19,83.7293,1.46,100.0,74.7
1992,-14417.44,115.1788,1.46,100.0,74.8
1993,-14433.72,81.8499,1.43,100.0,74.8
1994,-14398.37,37.2602,1.43,100.0,74.8
1995,-14404.63,39.4585,1.47,100.0,74.7
1996,-14403.16,22.542,1.44,100.0,74.8
1997,-14433.72,109.4216,1.56,97.8,74.8
1998,-14394.5,47.7012,1.51,97.7,74.8
1999,-14398.37,24.0833,1.42,100.0,74.8
2000,-14394.5,15.3331,1.47,100.0,74.9
2001,-14433.72,54.6313,1.46,100.0,74.8
2002,-14433.72,26.528,1.46,100.0,74.9
2003,-14403.63,124.6087,1.44,100.0,74.9
2004,-14403.16,87.892,1.47,100.0,75.0
2005,-14404.63,58.2321,1.42,100.0,74.9
2006,-14381.99,57.8152,1.41,100.0,74.6
2007,-14465.08,314.8812,1.46,100.0,74.5
2008,-14403.16,31.6663,1.51,100.0,74.6
2009,-14381.99,57.4802,1.47,100.0,74.7
2010,-14403.16,12.9293,1.55,100.0,74.7
2011,-14465.08,158.8373,1.57,91.2,75.0
2012,-14460.2,470.96,1.52,99.8,74.5
2013,-14403.16,65.9938,1.45,100.0,74.6
2014,-14409.16,141.8466,1.48,100.0,74.7
2015,-14432.51,377.4863,1.48,100.0,74.7
2016,-14470.82,391.4506,1.37,100.0,74.7
2017,-14445.14,284.4046,1.43,100.0,74.7
2018,-14430.15,189.5401,1.44,100.0,74.8
2019,-14403.16,194.0662,1.4,100.0,74.9
2020,-14465.08,96.2735,1.49,99.6,74.9
2021,-14445.14,375.8312,1.5,96.0,75.0
2022,-14445.04,162.5787,1.42,100.0,75.1
2023,-14437.39,155.8681,1.45,100.0,75.0
2024,-14403.16,78.3596,1.46,100.0,75.1
2025,-14429.26,180.1539,1.51,99.2,75.0
2026,-14365.22,162.6448,1.44,100.0,75.0
2027,-14404.63,71.7076,1.51,100.0,75.0
2028,-14355.23,118.8731,1.58,100.0,75.1
2029,-14355.23,87.732,1.41,100.0,74.4
2030,-14371.13,45.9364,1.43,100.0,74.4
2031,-14337.04,134.3383,1.43,100.0,73.8
2032,-14365.22,39.0167,1.44,100.0,73.9
2033,-14355.23,63.4963,1.46,100.0,73.9
2034,-14371.13,54.8713,1.51,100.0,73.9
2035,-14365.22,52.2952,1.56,96.7,74.1
2036,-14365.22,32.2486,1.45,100.0,74.1
2037,-14337.04,25.1173,1.56,100.0,74.2
2038,-14448.98,314.0824,1.58,99.1,73.9
2039,-14411.24,318.2069,1.44,100.0,74.0
2040,-14440.57,159.823,1.41,100.0,73.9
2041,-14365.64,96.5932,1.41,100.0,73.9
2042,-14365.64,43.1782,1.41,100.0,74.0
2043,-14365.22,28.0421,1.42,100.0,74.0
2044,-14375.56,238.5231,1.53,98.1,74.0
2045,-14380.43,86.0533,1.48,100.0,74.0
2046,-14407.16,268.6409,1.42,100.0,74.0
2047,-14450.82,201.5812,1.54,100.0,74.1
2048,-14371.13,131.7183,1.5,99.3,74.1
2049,-14365.22,82.3553,1.44,100.0,74.1
2050,-14377.92,138.1147,1.5,100.0,74.2
2051,-14316.92,228.2394,1.49,100.0,74.1
2052,-14386.07,215.2037,1.46,100.0,74.2
2053,-14365.22,66.9464,1.42,100.0,74.2
2054,-14365.22,44.2661,1.51,98.1,74.5
2055,-14391.58,131.2665,1.51,100.0,74.6
2056,-14361.41,144.1501,1.46,100.0,74.6
2057,-14365.22,107.5218,1.47,100.0,74.5
2058,-14380.43,89.1679,1.53,99.1,74.4
2059,-14365.64,65.6318,1.52,100.0,74.4
2060,-14337.04,26.0843,1.55,100.0,74.5
2061,-14365.22,58.4678,1.55,100.0,74.8
2062,-14440.57,163.1192,1.51,100.0,74.9
2063,-14365.64,139.0951,1.4,100.0,75.5
2064,-14337.04,173.0368,1.46,100.0,74.6
2065,-14365.64,87.4666,1.53,100.0,75.0
2066,-14365.64,60.1695,1.43,100.0,74.7
2067,-14360.98,44.7556,1.45,100.0,74.8
2068,-14369.9,48.9638,1.53,98.8,74.6
2069,-14365.64,31.409,1.43,100.0,74.6
2070,-14369.25,142.9073,1.49,100.0,74.8
2071,-14275.21,812.9325,1.51,95.6,74.9
2072,-14338.47,127.1339,1.48,100.0,74.9
2073,-14338.22,68.2178,1.43,100.0,74.9
2074,-14338.47,83.5264,1.56,100.0,74.9
2075,-14338.47,57.1706,1.56,100.0,74.9
2076,-14317.3,148.3742,1.38,100.0,74.9
2077,-14329.82,42.8439,1.46,100.0,74.9
2078,-14329.82,27.0977,1.45,100.0,75.1
2079,-14338.47,26.7597,1.38,100.0,75.1
2080,-14338.47,15.0233,1.45,99.8,75.1
2081,-14330.82,31.1258,1.49,98.3,75.2
2082,-14334.91,22.4537,1.41,100.0,75.2
2083,-14334.91,15.41,1.46,100.0,75.3
2084,-14338.47,5.7923,1.49,100.0,75.4
2085,-14330.82,22.3669,1.47,100.0,75.5
2086,-14447.08,529.5613,1.45,100.0,75.5
2087,-14338.47,10.0146,1.46,100.0,75.5
2088,-14395.84,127.012,1.43,100.0,75.5
2089,-14293.32,276.9512,1.41,99.4,75.6
2090,-14338.22,66.6594,1.41,100.0,75.7
2091,-14329.82,53.2895,1.4,100.0,75.7
2092,-14342.54,104.3706,1.43,100.0,75.7
2093,-14329.82,48.8936,1.49,100.0,75.7
2094,-14293.29,281.994,1.58,99.9,75.7
2095,-14310.05,151.8184,1.51,100.0,75.1
2096,-14342.54,193.3516,1.5,100.0,75.2
2097,-14357.98,86.8951,1.54,100.0,75.2
2098,-14329.82,98.6902,1.5,100.0,75.2
2099,-14309.68,116.3504,1.41,100.0,75.3
2100,-14338.47,122.2686,1.42,100.0,75.4
2101,-14329.82,30.9738,1.46,100.0,75.4
2102,-14329.82,27.6544,1.42,100.0,75.4
2103,-14329.82,16.8025,1.53,100.0,75.5
2104,-14279.8,329.7261,1.59,94.9,75.6
2105,-14328.72,203.11,1.41,100.0,75.6
2106,-14352.31,166.3759,1.5,100.0,75.8
2107,-14335.26,102.9278,1.48,100.0,75.8
2108,-14309.68,157.1683,1.41,100.0,75.7
2109,-14309.68,100.9547,1.42,100.0,75.8
2110,-14329.82,67.0193,1.43,100.0,75.8
2111,-14309.68,49.2562,1.4,100.0,75.8
2112,-14338.47,41.8898,1.45,100.0,75.9
2113,-14329.82,21.6956,1.53,94.6,75.8
2114,-14329.82,13.7718,1.43,100.0,75.8
2115,-14329.82,5.8278,1.42,100.0,75.7
2116,-14330.82,12.5942,1.43,100.0,75.8
2117,-14338.47,14.4227,1.44,100.0,75.8
2118,-14329.82,20.5181,1.4,100.0,75.9
2119,-14329.82,13.1244,1.44,100.0,75.9
2120,-14335.84,9.9198,1.4,100.0,75.8
2121,-14335.84,5.5418,1.43,100.0,75.8
2122,-14370.05,379.3798,1.47,100.0,76.0
2123,-14329.82,29.0206,1.49,100.0,76.2
2124,-14298.7,88.3261,1.4,100.0,76.2
2125,-14447.08,521.3116,1.44,100.0,76.4
2126,-14377.92,208.7576,1.48,100.0,76.3
2127,-14377.92,161.2144,1.43,100.0,76.4
2128,-14371.13,183.3972,1.48,100.0,76.5
2129,-14343.01,77.9743,1.51,100.0,76.6
2130,-14345.77,78.7282,1.41,100.0,76.6
2131,-14373.39,207.9894,1.47,100.0,76.6
2132,-14335.84,40.0359,1.47,99.7,76.7
2133,-14335.84,27.8638,1.42,100.0,76.8
2134,-14395.49,150.8422,1.47,100.0,76.8
2135,-14391.97,635.7053,1.51,98.8,76.7
2136,-14406.28,343.8741,1.57,100.0,76.5
2137,-14349.56,199.7834,1.43,100.0,76.6
2138,-14335.84,107.0902,1.56,100.0,76.6
2139,-14383.5,151.491,1.54,98.1,76.7
2140,-14298.7,201.9143,1.39,100.0,76.7
2141,-14330.82,59.1144,1.42,100.0,76.7
2142,-14330.82,38.9683,1.42,100.0,76.9
2143,-14298.7,86.2019,1.4,100.0,76.9
2144,-14335.84,15.659,1.43,100.0,76.9
2145,-14330.82,11.4265,1.43,100.0,77.0
2146,-14330.82,7.4999,1.42,100.0,77.1
2147,-14329.82,9.4338,1.44,100.0,77.0
2148,-14335.84,10.3648,1.43,100.0,77.0
2149,-14335.84,9.5237,1.42,100.0,77.1
2150,-14357.57,35.2543,1.46,100.0,77.0
2151,-14329.99,82.6266,1.47,100.0,77.1
2152,-14340.67,171.6594,1.41,100.0,77.2
2153,-14365.64,142.7569,1.43,100.0,77.2
2154,-14330.82,42.4141,1.4,100.0,77.0
2155,-14330.82,20.3844,1.38,100.0,77.0
2156,-14336.24,87.386,1.4,100.0,77.0
2157,-14383.5,126.704,1.5,100.0,77.2
2158,-14360.98,69.1773,1.47,100.0,77.2
2159,-14312.24,122.3564,1.44,100.0,77.1
2160,-14335.84,31.1814,1.57,100.0,77.2
2161,-14329.82,29.178,1.59,92.5,76.9
2162,-14335.84,28.6844,1.45,100.0,77.1
2163,-14342.46,149.6353,1.47,100.0,77.2
2164,-14335.84,20.7719,1.55,100.0,77.0
2165,-14335.84,14.4572,1.57,99.4,77.2
2166,-14298.7,41.6279,1.43,100.0,77.2
2167,-14383.5,234.5989,1.47,100.0,77.2
2168,-14360.47,385.7255,1.46,100.0,77.2
2169,-14298.7,51.5587,1.36,99.8,77.3
2170,-14383.5,185.1135,1.5,99.8,77.4
2171,-14373.39,93.2456,1.5,100.0,77.5
2172,-14335.11,386.5793,1.42,100.0,76.9
2173,-14365.27,70.8978,1.45,100.0,77.0
2174,-14345.77,25.4256,1.52,99.0,76.8
2175,-14335.84,21.7947,1.44,100.0,76.8
2176,-14330.82,11.8722,1.44,100.0,76.9
2177,-14357.57,53.8297,1.49,100.0,76.9
2178,-14348.14,207.5279,1.41,100.0,77.0
2179,-14335.84,13.5519,1.38,100.0,76.9
2180,-14272.48,309.6132,1.48,100.0,76.4
2181,-14383.5,310.4609,1.48,100.0,76.4
2182,-14338.71,95.357,1.45,100.0,76.3
2183,-14312.24,62.1341,1.56,97.7,76.5
2184,-14378.91,274.8322,1.48,100.0,76.3
2185,-14330.82,55.2376,1.42,100.0,76.3
2186,-14298.7,43.1982,1.5,100.0,76.4
2187,-14383.5,294.4915,1.44,100.0,76.5
2188,-14335.84,58.7414,1.39,100.0,76.5
2189,-14332.72,82.7074,1.44,100.0,76.5
2190,-14346.8,133.5814,1.44,100.0,76.5
2191,-14335.84,71.0988,1.4,100.0,76.4
2192,-14330.82,37.8815,1.52,99.3,76.9
2193,-14375.07,129.5104,1.54,96.0,76.9
2194,-14298.7,28.0086,1.45,100.0,76.9
2195,-14376.11,269.1489,1.45,100.0,76.9
2196,-14350.38,136.7123,1.51,100.0,76.8
2197,-14360.47,489.6522,1.49,100.0,76.9
2198,-14323.96,317.3585,1.41,100.0,76.9
2199,-14349.56,262.9286,1.41,100.0,76.9
2200,-14330.82,404.7752,1.44,100.0,77.1
2201,-14334.91,179.7446,1.38,99.9,77.1
2202,-14329.82,136.692,1.43,100.0,76.8
2203,-14330.82,137.1506,1.53,100.0,76.8
2204,-14335.84,56.8542,1.48,100.0,76.9
2205,-14312.24,43.5854,1.54,100.0,76.9
2206,-14345.77,22.8666,1.57,92.2,77.2
2207,-14436.37,414.8718,1.48,100.0,77.2
2208,-14432.36,351.1297,1.45,100.0,77.2
2209,-14327.18,318.7273,1.5,100.0,77.3
2210,-14422.09,312.4096,1.5,100.0,77.3
2211,-14407.68,259.2074,1.4,100.0,77.3
2212,-14298.31,227.6928,1.44,100.0,77.3
2213,-14306.63,170.2879,1.47,100.0,77.3
2214,-14307.79,135.4085,1.41,100.0,77.1
2215,-14401.29,277.3007,1.44,100.0,77.1
2216,-14387.83,192.9366,1.51,97.5,77.3
2217,-14402.46,138.2685,1.45,100.0,77.4
2218,-14349.73,134.8211,1.43,100.0,77.3
2219,-14330.42,287.6482,1.5,99.3,77.3
2220,-14368.43,257.4544,1.42,100.0,77.4
2221,-14345.77,278.0585,1.4,100.0,77.5
2222,-14368.43,132.0999,1.43,100.0,77.4
2223,-14375.24,194.9879,1.42,100.0,77.5
2224,-14278.44,246.8868,1.37,100.0,77.6
2225,-14285.35,178.8871,1.46,100.0,77.6
2226,-14347.48,223.2228,1.55,100.0,77.7
2227,-14365.27,143.4476,1.41,100.0,77.7
2228,-14312.24,191.2586,1.49,100.0,77.7
2229,-14330.06,129.9645,1.55,98.8,77.8
2230,-14368.43,185.9793,1.6,99.6,77.9
2231,-14345.77,90.4468,1.46,100.0,77.9
2232,-14330.82,61.0659,1.52,100.0,78.1
2233,-14287.08,56.8112,1.5,100.0,78.1
2234,-14335.84,79.1753,1.38,100.0,78.0
2235,-14345.77,48.7106,1.45,100.0,78.0
2236,-14348.14,171.9063,1.46,100.0,78.0
2237,-14254.32,501.9889,1.4,100.0,78.1
2238,-14333.21,223.0632,1.47,100.0,77.9
2239,-14330.82,223.9169,1.49,100.0,77.8
2240,-14370.75,139.1553,1.44,100.0,77.9
2241,-14335.84,198.5079,1.46,100.0,77.6
2242,-14330.82,99.0469,1.49,100.0,77.8
2243,-14329.82,65.4565,1.41,100.0,77.9
2244,-14329.82,39.5236,1.45,100.0,77.9
2245,-14329.82,24.5822,1.4,100.0,77.8
2246,-14335.84,32.8556,1.39,100.0,77.9
2247,-14333.25,108.5261,1.46,100.0,78.0
2248,-14298.7,21.3102,1.59,96.3,77.4
2249,-14348.14,151.3634,1.42,100.0,77.5
2250,-14298.7,37.3493,1.44,100.0,77.5
2251,-14335.84,53.0784,1.52,100.0,77.5
2252,-14378.91,259.3432,1.5,100.0,77.5
2253,-14335.84,40.8711,1.41,100.0,77.5
2254,-14373.39,113.0666,1.42,100.0,77.5
2255,-14332.72,78.5198,1.42,100.0,77.6
2256,-14335.84,24.7988,1.4,100.0,77.5
2257,-14293.6,62.3284,1.49,97.9,77.7
2258,-14335.84,160.3701,1.5,98.4,77.5
2259,-14335.84,79.6805,1.39,100.0,77.6
2260,-14335.84,29.9555,1.46,100.0,77.5
2261,-14335.84,24.3402,1.49,100.0,77.6
2262,-14335.84,13.8036,1.46,100.0,77.5
2263,-14330.82,8.745,1.43,100.0,77.6
2264,-14335.84,4.9816,1.42,100.0,77.7
2265,-14335.84,3.1888,1.4,100.0,77.8
2266,-14402.46,367.2288,1.42,100.0,77.7
2267,-14290.34,194.2558,1.46,99.3,77.6
2268,-14387.93,704.7596,1.44,100.0,77.7
2269,-14377.04,339.4584,1.42,100.0,77.8
2270,-14327.18,214.3868,1.48,100.0,77.8
2271,-14358.52,365.9896,1.54,100.0,77.6
2272,-14384.91,343.8244,1.41,100.0,77.6
2273,-14298.31,151.5071,1.5,100.0,77.5
2274,-14335.84,151.9368,1.58,100.0,77.6
2275,-14363.34,229.5139,1.39,100.0,77.6
2276,-14332.72,96.1875,1.43,100.0,77.7
2277,-14334.91,87.617,1.47,99.9,77.7
2278,-14335.84,69.4078,1.5,100.0,77.6
2279,-14345.77,43.1092,1.47,100.0,77.6
2280,-14335.84,22.4945,1.54,100.0,77.7
2281,-14335.84,16.0271,1.54,98.3,77.9
2282,-14323.96,417.2522,1.47,100.0,77.9
2283,-14290.34,164.6328,1.47,100.0,77.5
2284,-14407.68,748.5842,1.47,100.0,77.6
2285,-14432.36,522.2032,1.37,100.0,77.5
2286,-14338.19,213.2767,1.42,100.0,77.5
2287,-14356.96,200.4819,1.46,100.0,77.8
2288,-14338.19,102.6412,1.48,100.0,77.8
2289,-14327.18,91.2668,1.41,100.0,77.7
2290,-14327.18,59.1915,1.47,100.0,77.9
2291,-14411.18,376.5499,1.45,100.0,77.9
2292,-14412.46,266.0028,1.42,100.0,77.9
2293,-14458.23,241.2494,1.46,100.0,78.0
2294,-14473.4,415.8782,1.66,99.9,78.1
2295,-14487.55,191.6082,1.51,100.0,78.1
2296,-14436.37,300.8872,1.47,100.0,78.1
2297,-14467.18,273.1364,1.57,100.0,78.3
2298,-14451.75,174.1099,1.5,100.0,78.2
2299,-14444.0,226.8666,1.4,100.0,78.3
2300,-14456.15,160.5898,1.45,100.0,78.3
2301,-14431.83,209.5708,1.43,100.0,78.3
2302,-14467.18,143.1143,1.42,100.0,78.4
2303,-14417.62,121.4295,1.51,100.0,78.7
2304,-14453.31,144.2639,1.56,97.1,78.9
2305,-14444.0,98.9282,1.5,100.0,79.0
2306,-14435.56,174.0952,1.51,100.0,79.1
2307,-14479.46,264.9558,1.54,98.5,79.1
2308,-14451.75,131.2138,1.51,100.0,79.2
2309,-14513.23,220.5648,1.44,100.0,79.2
2310,-14424.58,319.5157,1.51,100.0,79.3
2311,-14517.11,741.1463,1.45,100.0,79.2
2312,-14432.26,213.4067,1.39,100.0,79.1
2313,-14496.31,198.0676,1.46,100.0,79.1
2314,-14512.91,396.3516,1.49,100.0,79.3
2315,-14457.98,222.8676,1.46,100.0,79.0
2316,-14462.88,270.8523,1.56,100.0,79.1
2317,-14444.31,83.1605,1.53,92.4,79.1
2318,-14475.89,133.1255,1.42,100.0,79.1
2319,-14431.83,178.3666,1.43,100.0,79.0
2320,-14462.38,86.6902,1.49,100.0,79.1
2321,-14461.58,73.2267,1.51,100.0,79.7
2322,-14441.34,240.956,1.4,100.0,79.6
2323,-14461.58,52.5684,1.44,100.0,79.7
2324,-14433.36,183.9306,1.42,100.0,79.7
2325,-14436.37,154.3797,1.4,100.0,79.5
2326,-14422.09,71.8997,1.44,100.0,79.7
2327,-14432.36,47.8803,1.47,100.0,79.7
2328,-14432.36,34.9833,1.41,100.0,78.7
2329,-14472.84,150.3215,1.49,100.0,78.8
2330,-14397.75,166.308,1.54,100.0,78.8
2331,-14327.18,176.7555,1.45,100.0,79.0
2332,-14329.82,147.8952,1.48,100.0,79.1
2333,-14297.46,147.7492,1.49,100.0,79.1
2334,-14329.82,82.659,1.47,100.0,79.1
2335,-14335.84,278.9538,1.4,100.0,79.1
2336,-14368.43,321.6635,1.45,100.0,79.2
2337,-14330.82,193.123,1.47,100.0,79.2
2338,-14372.55,133.2333,1.45,100.0,79.2
2339,-14347.56,147.2072,1.5,100.0,79.2
2340,-14356.05,127.8951,1.58,96.4,78.5
2341,-14330.82,121.3714,1.45,100.0,78.7
2342,-14335.84,92.3491,1.44,100.0,78.7
2343,-14330.82,70.1312,1.49,100.0,78.8
2344,-14335.84,53.0069,1.48,100.0,78.8
2345,-14335.84,39.7213,1.41,100.0,78.8
2346,-14335.84,29.8595,1.43,100.0,78.9
2347,-14382.51,154.7726,1.77,100.0,79.6
2348,-14355.2,126.1222,1.49,100.0,79.8
2349,-14320.81,367.7254,1.44,100.0,79.6
2350,-14413.5,584.8362,1.46,100.0,79.6
2351,-14375.56,246.868,1.39,100.0,79.2
2352,-14365.22,167.2226,1.44,100.0,79.3
2353,-14337.04,97.9515,1.49,100.0,79.4
2354,-14375.56,141.0433,1.5,100.0,79.4
2355,-14337.04,35.0264,1.52,100.0,79.3
2356,-14365.64,104.3172,1.53,99.5,79.2
2357,-14330.82,91.7794,1.55,100.0,79.2
2358,-14334.91,70.4264,1.44,100.0,79.2
2359,-14330.82,43.1824,1.44,100.0,79.3
2360,-14335.84,19.1653,1.48,100.0,79.0
2361,-14335.84,8.9211,1.46,100.0,79.0
2362,-14329.82,18.5048,1.47,100.0,79.0
2363,-14365.64,83.359,1.46,100.0,79.0
2364,-14329.99,73.8682,1.45,100.0,79.0
2365,-14355.23,99.6893,1.36,100.0,79.0
2366,-14371.13,90.8605,1.43,100.0,79.1
2367,-14365.64,102.4796,1.48,100.0,79.2
2368,-14365.22,106.4108,1.57,100.0,79.1
2369,-14365.27,35.8311,1.48,100.0,79.3
2370,-14409.35,126.7093,1.55,99.3,79.2
2371,-14391.58,279.3346,1.57,94.1,79.1
2372,-14359.25,220.1608,1.43,100.0,79.1
2373,-14370.93,478.2305,1.48,99.9,79.2
2374,-14365.64,322.1872,1.49,100.0,79.2
2375,-14365.27,145.4116,1.43,100.0,79.0
2376,-14409.35,108.474,1.41,100.0,79.0
2377,-14408.18,562.2797,1.43,100.0,79.0
2378,-14365.27,240.9356,1.41,100.0,79.2
2379,-14375.56,196.1258,1.44,100.0,79.1
2380,-14375.56,194.843,1.54,95.9,79.1
2381,-14365.22,106.5334,1.47,99.6,78.5
2382,-14390.93,255.5732,1.39,100.0,78.6
2383,-14387.93,95.8669,1.46,100.0,78.6
2384,-14329.99,46.7224,1.43,100.0,78.8
2385,-14371.13,131.6357,1.38,100.0,78.8
2386,-14306.48,394.397,1.44,100.0,78.8
2387,-14411.24,325.8996,1.46,100.0,78.8
2388,-14409.02,120.151,1.42,100.0,78.9
2389,-14373.45,94.4773,1.5,100.0,78.9
2390,-14409.35,74.2174,1.49,97.3,79.2
2391,-14365.64,67.5688,1.49,100.0,79.5
2392,-14365.64,35.475,1.42,100.0,79.5
2393,-14386.76,103.0559,1.44,100.0,79.5
2394,-14355.23,23.8336,1.4,100.0,79.4
2395,-14365.64,19.5394,1.41,100.0,79.5
2396,-14363.73,64.1059,1.47,100.0,79.6
2397,-14365.64,28.5108,1.44,100.0,79.6
2398,-14371.13,25.1398,1.41,100.0,79.6
2399,-14385.95,38.0445,1.48,100.0,79.6
2400,-14409.35,83.319,1.45,100.0,79.7
2401,-14365.64,50.5697,1.39,100.0,79.7
2402,-14365.64,29.9041,1.43,100.0,79.8
2403,-14371.19,97.6491,1.51,100.0,79.8
2404,-14365.64,11.0441,1.51,100.0,79.9
2405,-14365.64,8.6817,1.44,100.0,79.8
2406,-14365.64,6.8526,1.47,100.0,79.9
2407,-14379.34,54.1664,1.53,100.0,79.9
2408,-14355.23,62.2747,1.4,100.0,79.9
2409,-14385.95,20.2427,1.46,100.0,80.0
2410,-14355.23,58.4239,1.51,100.0,80.1
2411,-14371.13,25.1191,1.42,100.0,80.1
2412,-14389.42,129.7011,1.44,100.0,80.2
2413,-14377.4,207.1714,1.52,100.0,80.1
2414,-14352.66,230.3254,1.51,100.0,79.6
2415,-14275.21,717.0523,1.38,100.0,79.6
2416,-14293.29,375.6146,1.44,100.0,79.6
2417,-14304.81,302.033,1.48,94.2,79.8
2418,-14312.53,143.9805,1.48,100.0,80.2
2419,-14362.27,118.0189,1.41,100.0,80.2
2420,-14308.86,164.7489,1.46,100.0,80.3
2421,-14357.98,205.0177,1.48,100.0,80.3
2422,-14329.82,72.068,1.38,100.0,79.8
2423,-14371.13,155.1478,1.43,100.0,79.9
2424,-14357.98,87.766,1.42,100.0,79.8
2425,-14365.64,111.1316,1.39,100.0,79.9
2426,-14330.82,68.0975,1.48,100.0,79.9
2427,-14360.98,106.5191,1.56,95.6,80.0
2428,-14330.82,24.0856,1.5,100.0,79.9
2429,-14329.82,30.802,1.42,100.0,79.5
2430,-14335.84,11.4094,1.49,100.0,79.5
2431,-14330.82,9.8991,1.53,100.0,79.6
2432,-14329.82,16.1801,1.4,100.0,79.6
2433,-14352.66,95.6789,1.46,100.0,79.6
2434,-14330.82,73.4544,1.46,100.0,79.6
2435,-14330.82,50.8534,1.39,100.0,79.7
2436,-14329.82,36.9567,1.45,100.0,79.7
2437,-14340.5,82.959,1.46,96.5,79.8
2438,-14335.84,22.4328,1.47,100.0,79.9
2439,-14330.82,15.9213,1.43,100.0,79.8
2440,-14330.82,9.1467,1.49,100.0,79.8
2441,-14338.47,33.0464,1.53,98.9,79.9
2442,-14334.91,9.4466,1.43,100.0,79.9
2443,-14330.82,9.7286,1.48,100.0,80.0
2444,-14329.82,13.2876,1.57,100.0,79.9
2445,-14330.82,22.8959,1.41,100.0,79.9
2446,-14335.84,9.2847,1.43,100.0,79.9
2447,-14335.84,5.8722,1.44,100.0,80.0
2448,-14335.84,3.0375,1.45,100.0,80.0
2449,-14330.82,1.1456,1.49,100.0,80.1
2450,-14377.92,207.7169,1.55,97.3,79.3
2451,-14409.35,174.2567,1.54,98.6,79.2
2452,-14371.13,206.3301,1.44,100.0,79.0
2453,-14447.08,178.5921,1.53,100.0,78.6
2454,-14365.64,84.9934,1.65,95.8,78.4
2455,-14365.64,73.5302,1.43,100.0,78.3
2456,-14371.13,49.8387,1.46,100.0,78.3
2457,-14355.23,34.1107,1.38,100.0,78.3
2458,-14330.82,69.5845,1.39,100.0,78.2
2459,-14318.97,251.5225,1.4,100.0,78.4
2460,-14347.92,107.0152,1.46,100.0,78.3
2461,-14334.91,54.5866,1.46,100.0,78.3
2462,-14335.84,16.184,1.46,100.0,78.4
2463,-14334.91,35.4827,1.53,98.7,77.7
2464,-14355.23,38.3953,1.47,100.0,77.7
2465,-14357.98,66.429,1.41,100.0,77.8
2466,-14334.91,37.9808,1.46,100.0,77.8
2467,-14335.84,33.3717,1.41,100.0,77.6
2468,-14334.91,24.5031,1.39,98.1,77.5
2469,-14335.84,32.3243,1.39,100.0,77.6
2470,-14335.84,10.4464,1.44,100.0,77.7
2471,-14330.82,7.3204,1.42,100.0,77.7
2472,-14368.43,93.5562,1.47,100.0,77.7
2473,-14373.39,63.7276,1.45,95.6,77.1
2474,-14335.84,91.968,1.45,100.0,77.0
2475,-14335.84,34.161,1.46,100.0,77.2
2476,-14355.01,103.3799,1.46,100.0,77.2
2477,-14399.99,154.4365,1.38,100.0,77.3
2478,-14355.01,110.0584,1.39,100.0,77.3
2479,-14335.84,95.7804,1.41,100.0,77.3
2480,-14335.84,34.3493,1.42,100.0,77.3
2481,-14330.82,32.2445,1.45,100.0,77.4
2482,-14335.84,12.0738,1.47,98.3,77.4
2483,-14327.18,384.3836,1.5,100.0,77.3
2484,-14436.37,570.3418,1.4,100.0,77.4
2485,-14436.37,504.4358,1.49,100.0,77.5
2486,-14432.36,414.042,1.56,99.2,77.5
2487,-14398.87,625.6894,1.43,100.0,77.4
2488,-14436.37,312.4596,1.47,100.0,77.5
2489,-14436.37,264.6205,1.45,100.0,77.4
2490,-14436.37,201.0923,1.42,100.0,77.5
2491,-14436.37,163.8322,1.46,100.0,77.5
2492,-14436.37,107.5392,1.5,100.0,77.6
2493,-14436.37,67.4427,1.45,100.0,77.7
2494,-14487.55,155.9603,1.48,100.0,77.6
2495,-14436.37,72.6382,1.59,92.9,77.9
2496,-14395.96,313.8195,1.59,98.0,78.3
2497,-14436.37,234.1326,1.43,100.0,78.3
2498,-14351.52,127.6813,1.48,100.0,78.3
2499,-14487.55,222.9712,1.53,100.0,78.5
2500,-14378.56,343.3667,1.47,100.0,78.6
2501,-14432.36,130.6412,1.42,100.0,78.6
2502,-14379.74,91.8754,1.45,100.0,78.7
2503,-14345.52,97.2848,1.44,100.0,78.6
2504,-14379.74,51.8708,1.39,100.0,78.5
2505,-14329.82,63.9709,1.47,99.1,78.7
2506,-14379.74,51.4862,1.44,100.0,78.8
2507,-14400.27,319.1032,1.43,100.0,78.9
2508,-14307.99,557.6429,1.46,100.0,79.0
2509,-14343.39,272.951,1.44,100.0,79.1
2510,-14297.46,235.5641,1.36,100.0,79.0
2511,-14364.87,635.6728,1.42,100.0,79.0
2512,-14373.39,570.8199,1.38,100.0,79.0
2513,-14335.84,211.3833,1.43,99.1,78.8
2514,-14335.84,186.0438,1.42,100.0,78.9
2515,-14335.84,88.1364,1.44,100.0,79.0
2516,-14335.84,48.1922,1.46,100.0,79.0
2517,-14335.84,34.1194,1.43,100.0,79.0
2518,-14353.49,75.1575,1.58,96.3,79.0
2519,-14335.84,42.1153,1.55,97.7,78.9
2520,-14335.84,20.8575,1.43,100.0,79.4
2521,-14345.77,36.8652,1.5,100.0,79.5
2522,-14330.82,11.9556,1.5,98.1,79.5
2523,-14330.82,8.0456,1.4,100.0,79.6
2524,-14335.84,18.6185,1.47,100.0,79.5
2525,-14335.84,8.0213,1.49,100.0,79.6
2526,-14335.84,5.5913,1.39,100.0,79.0
2527,-15199.04,39370.8994,1.47,100.0,79.1
2528,-15184.71,37450.998,1.5,100.0,79.1
2529,-15185.93,35821.3486,1.45,100.0,79.1
2530,-15132.3,28684.001,1.47,100.0,79.1
2531,-14338.47,10006.8755,1.45,98.3,79.4
2532,-14338.47,11318.3135,1.44,100.0,79.3
2533,-14293.29,8982.4304,1.38,100.0,79.4
2534,-14369.48,2705.1246,1.44,100.0,79.3
2535,-15229.72,35340.2754,1.73,99.4,79.3
2536,-15132.3,30462.4858,1.64,99.8,79.5
2537,-14312.53,2084.3957,1.47,100.0,79.4
2538,-15210.93,33028.583,1.52,100.0,79.5
2539,-14352.41,1961.135,1.5,100.0,79.5
2540,-14338.22,1251.3434,1.4,100.0,79.5
2541,-14329.82,836.2257,1.47,100.0,79.5
2542,-14353.49,388.955,1.42,100.0,79.5
2543,-14330.82,301.2239,1.43,100.0,79.1
2544,-14335.84,168.5323,1.49,99.8,79.0
2545,-14383.5,240.9896,1.58,95.6,79.2
2546,-14335.84,160.1388,1.43,100.0,79.2
2547,-14335.84,73.9242,1.46,100.0,79.3
2548,-14340.5,208.6476,1.52,100.0,79.4
2549,-14335.84,29.6518,1.46,100.0,79.3
2550,-14335.84,16.0367,1.43,100.0,79.4
2551,-14330.82,17.3753,1.43,100.0,79.4
2552,-14298.7,56.6176,1.42,100.0,79.5
2553,-14290.34,231.9467,1.36,100.0,79.5
2554,-14375.24,588.9613,1.5,100.0,79.5
2555,-14290.34,157.996,1.49,99.8,79.5
2556,-14368.43,280.6828,1.43,100.0,79.5
2557,-14307.79,451.109,1.47,100.0,79.6
2558,-14323.96,380.5742,1.44,100.0,79.6
2559,-14307.79,137.5208,1.38,98.7,79.5
2560,-14348.14,630.9098,1.41,100.0,79.5
2561,-14341.73,215.9282,1.43,100.0,79.5
2562,-14378.91,240.7189,1.43,100.0,79.5
2563,-14335.84,159.135,1.47,100.0,79.6
2564,-14335.84,101.4613,1.48,99.7,79.7
2565,-14370.75,154.7725,1.47,100.0,79.7
2566,-14298.7,35.4765,1.45,100.0,79.7
2567,-14346.8,127.0487,1.5,100.0,79.7
2568,-14335.84,42.1231,1.46,99.7,79.8
2569,-14330.82,29.0397,1.41,100.0,79.8
2570,-14335.84,20.2936,1.54,100.0,79.9
2571,-14323.96,424.5371,1.52,100.0,79.9
2572,-14335.84,67.0105,1.39,100.0,79.5
2573,-14335.84,25.4483,1.46,100.0,79.3
2574,-14354.52,369.2673,1.51,96.3,79.4
2575,-14385.17,164.5396,1.48,100.0,79.6
2576,-14403.74,356.5876,1.47,100.0,79.6
2577,-14365.64,111.7254,1.48,100.0,79.4
2578,-14373.39,78.1703,1.47,100.0,79.4
2579,-14335.84,41.3851,1.42,100.0,79.2
2580,-14335.84,40.9871,1.48,100.0,79.2
2581,-14335.84,23.7544,1.47,100.0,79.3
2582,-14340.5,87.3958,1.4,100.0,79.5
2583,-14329.82,26.6396,1.42,100.0,79.5
2584,-14335.84,13.6152,1.44,100.0,79.6
2585,-14329.82,21.3745,1.44,100.0,79.6
2586,-14336.68,14.0005,1.44,100.0,79.8
2587,-14375.07,158.4385,1.5,98.8,79.9
2588,-14303.84,74.3188,1.45,100.0,80.0
2589,-14334.91,96.9152,1.43,100.0,80.1
2590,-14355.01,98.0192,1.41,100.0,79.5
2591,-14335.84,54.4644,1.43,100.0,79.6
2592,-14330.82,27.3214,1.34,97.9,79.7
2593,-14330.82,18.4437,1.42,100.0,79.8
2594,-14298.7,32.7181,1.46,100.0,79.8
2595,-14335.84,44.601,1.42,100.0,80.0
2596,-14335.84,16.5204,1.52,100.0,79.9
2597,-14330.82,10.4546,1.6,94.5,80.0
2598,-14335.84,9.0444,1.48,100.0,80.0
2599,-14334.91,15.9259,1.48,100.0,80.0
2600,-14330.82,15.5896,1.47,100.0,80.0
2601,-14365.64,131.7496,1.59,100.0,80.1
2602,-14335.84,5.2709,1.45,100.0,80.1
2603,-14365.64,79.7371,1.47,100.0,80.2
2604,-14365.64,50.0841,1.5,100.0,80.2
2605,-14365.64,24.2583,1.4,99.5,80.1
2606,-14365.64,11.3776,1.43,100.0,80.2
2607,-14365.64,4.6971,1.44,100.0,80.2
2608,-14363.73,52.6288,1.43,100.0,80.4
2609,-14365.64,22.6589,1.46,100.0,80.6
2610,-14365.64,18.7424,1.53,98.9,80.4
2611,-14365.64,8.6239,1.47,100.0,80.4
2612,-14365.64,5.6775,1.45,100.0,80.5
2613,-14407.16,361.9929,1.47,100.0,80.5
2614,-14365.64,45.2569,1.51,100.0,80.9
2615,-14365.64,39.2279,1.43,100.0,81.0
2616,-14338.79,98.2444,1.47,100.0,81.0
2617,-14365.64,9.1213,1.42,100.0,81.0
2618,-14371.13,19.4781,1.39,100.0,80.5
2619,-14365.64,3.6548,1.44,100.0,80.5
2620,-14430.04,472.8476,1.57,100.0,80.4
2621,-14457.54,465.4849,1.49,100.0,80.5
2622,-14477.44,421.4885,1.52,100.0,80.6
2623,-14389.18,518.144,1.62,92.9,80.7
2624,-14469.64,321.3383,1.5,98.8,80.5
2625,-14488.26,226.2181,1.44,100.0,80.6
2626,-14436.98,402.2541,1.49,100.0,80.7
2627,-14457.54,218.1378,1.46,100.0,80.6
2628,-14463.79,142.8486,1.42,100.0,80.6
2629,-14398.31,138.4532,1.43,100.0,80.5
2630,-14440.08,164.1297,1.42,100.0,80.5
2631,-14413.5,239.6755,1.41,100.0,80.5
2632,-14413.5,172.2841,1.5,100.0,80.4
2633,-14396.92,114.8103,1.49,96.9,80.7
2634,-14378.34,163.1458,1.45,99.9,80.9
2635,-14411.08,142.7139,1.44,100.0,80.9
2636,-14329.99,95.0207,1.51,100.0,80.9
2637,-14365.64,123.7139,1.49,100.0,81.0
2638,-14329.99,49.9528,1.44,100.0,81.0
2639,-14377.92,53.0386,1.45,100.0,80.6
2640,-14413.5,89.1259,1.42,100.0,80.7
2641,-14365.64,90.6236,1.42,100.0,80.6
2642,-14365.64,59.8209,1.41,100.0,80.6
2643,-14440.99,361.6648,1.51,100.0,80.1
2644,-14429.26,230.9626,1.47,100.0,80.2
2645,-14396.17,181.7595,1.46,99.3,80.3
2646,-14440.57,135.4271,1.49,100.0,80.6
2647,-14371.13,60.3746,1.41,100.0,80.5
2648,-14365.64,39.1092,1.42,100.0,80.4
2649,-14367.48,109.0819,1.44,100.0,80.3
2650,-14371.13,53.019,1.42,100.0,80.6
2651,-14365.64,28.2763,1.4,100.0,80.5
2652,-14365.64,30.069,1.42,100.0,80.5
2653,-14365.64,16.7336,1.49,100.0,80.5
2654,-14365.64,12.8492,1.49,100.0,80.6
2655,-14386.76,97.6071,1.51,99.5,80.5
2656,-14365.64,7.9742,1.43,99.3,80.5
2657,-14365.64,5.0918,1.45,100.0,80.7
2658,-14386.76,66.7218,1.48,100.0,80.7
2659,-14401.13,135.0674,1.53,100.0,80.8
2660,-14306.55,849.0668,1.49,100.0,80.8
2661,-14298.71,650.2703,1.43,100.0,80.8
2662,-14298.71,337.7371,1.44,100.0,80.9
2663,-14328.65,335.4551,1.43,100.0,80.9
2664,-14298.71,239.8885,1.42,99.8,80.5
2665,-14298.71,156.7276,1.4,100.0,80.6
2666,-14298.71,121.6206,1.44,100.0,80.6
2667,-14336.62,147.9077,1.54,100.0,80.6
2668,-14372.42,131.6656,1.47,100.0,80.6
2669,-14347.2,190.2901,1.57,96.4,80.5
2670,-14372.42,51.1792,1.5,99.0,80.7
2671,-14335.68,209.8392,1.44,100.0,80.6
2672,-14333.51,67.8973,1.51,100.0,80.7
2673,-14352.9,205.2416,1.48,99.6,80.8
2674,-14360.98,151.7448,1.44,100.0,80.7
2675,-14336.8,39.2217,1.44,100.0,80.7
2676,-14365.64,75.1278,1.49,100.0,80.6
2677,-14396.17,208.8195,1.39,100.0,80.3
2678,-14365.64,83.3088,1.44,100.0,80.4
2679,-14396.17,114.9837,1.41,100.0,80.3
2680,-14365.64,27.1367,1.45,100.0,80.5
2681,-14371.13,17.0301,1.44,100.0,80.4
2682,-14358.63,110.5184,1.47,100.0,80.4
2683,-14365.64,13.7869,1.62,99.9,80.5
2684,-14365.64,8.4514,1.5,100.0,80.6
2685,-14430.82,211.365,1.57,100.0,80.7
2686,-14365.64,47.6055,1.6,96.1,81.0
2687,-14365.64,19.0048,1.57,100.0,81.1
2688,-14365.64,9.1175,1.44,100.0,81.0
2689,-14365.64,4.6642,1.45,100.0,81.1
2690,-14337.7,105.8106,1.49,100.0,81.2
2691,-14365.64,14.4934,1.39,100.0,81.0
2692,-14358.63,56.9601,1.43,100.0,81.1
2693,-14365.64,11.7111,1.45,100.0,81.2
2694,-14365.64,10.8452,1.42,100.0,81.2
2695,-14365.64,3.9028,1.47,99.3,81.4
2696,-14386.76,55.9461,1.5,99.7,81.5
2697,-14365.64,37.9288,1.4,100.0,81.4
2698,-14365.64,20.7835,1.47,100.0,81.5
2699,-14413.5,135.3523,1.47,100.0,81.5
2700,-14365.64,34.0558,1.43,98.9,81.6
2701,-14365.64,15.6587,1.42,100.0,81.7
2702,-14365.64,13.4632,1.43,100.0,81.7
2703,-14365.64,8.4324,1.38,100.0,81.7
2704,-14360.98,11.6554,1.44,100.0,81.7
2705,-14355.23,16.9746,1.53,99.0,81.8
2706,-14341.59,76.4809,1.5,100.0,81.8
2707,-14348.19,126.8325,1.46,100.0,81.8
2708,-14329.82,114.9594,1.47,100.0,81.8
2709,-14334.91,63.1219,1.53,100.0,81.9
2710,-14330.82,40.6665,1.49,100.0,81.9
2711,-14352.79,158.5459,1.49,100.0,81.9
2712,-14356.05,133.2883,1.52,100.0,81.9
2713,-14335.84,99.0715,1.47,100.0,82.0
2714,-14335.84,44.5084,1.44,100.0,82.0
2715,-14335.84,29.4557,1.42,100.0,82.0
2716,-14341.0,341.1777,1.41,100.0,81.9
2717,-14382.02,147.4377,1.44,100.0,82.1
2718,-14328.72,269.6723,1.51,99.5,82.2
2719,-14310.05,493.6347,1.64,100.0,82.8
2720,-14338.47,100.1344,1.48,100.0,82.9
2721,-14308.86,126.3674,1.49,100.0,83.0
2722,-14337.83,151.5933,1.52,100.0,82.9
2723,-14326.2,288.5569,1.46,100.0,82.9
2724,-14329.82,53.2903,1.44,100.0,82.9
2725,-14355.01,46.6113,1.45,100.0,82.9
2726,-14365.64,143.718,1.43,100.0,83.0
2727,-14365.27,76.6508,1.41,100.0,83.0
2728,-14329.99,100.9946,1.45,100.0,83.0
2729,-14334.66,100.6686,1.44,100.0,83.0
2730,-14407.16,336.0186,1.47,100.0,83.1
2731,-14365.64,73.142,1.51,99.1,83.1
2732,-14365.64,69.6736,1.56,98.4,82.4
2733,-14365.64,37.5161,1.52,100.0,82.4
2734,-14329.99,52.0442,1.5,100.0,82.5
2735,-14365.64,23.17,1.5,100.0,82.5
2736,-14365.64,13.2476,1.45,100.0,82.6
2737,-14365.64,5.6415,1.43,100.0,81.7
2738,-14396.17,103.2948,1.44,100.0,81.7
2739,-14413.5,149.3076,1.45,100.0,81.8
2740,-14365.64,29.4452,1.43,100.0,80.8
2741,-14355.23,78.3501,1.47,99.8,80.6
2742,-14371.13,11.5372,1.57,100.0,80.6
2743,-14365.64,17.4686,1.45,99.8,80.6
2744,-14365.64,7.6812,1.44,100.0,80.8
2745,-14365.64,4.6516,1.5,100.0,80.9
2746,-14367.56,38.0005,1.48,100.0,80.9
2747,-14365.64,20.7189,1.4,99.6,80.8
2748,-14365.64,14.0446,1.4,100.0,80.8
2749,-14365.64,8.2416,1.43,100.0,80.7
2750,-14365.64,5.09,1.4,100.0,80.8
2751,-14365.64,3.7614,1.53,100.0,80.9
2752,-14365.64,2.1164,1.52,98.6,81.1
2753,-14365.64,2.0976,1.59,100.0,81.1
2754,-14355.23,22.5596,1.46,100.0,81.0
2755,-14355.23,9.8388,1.55,99.7,81.1
2756,-14372.37,47.0275,1.49,99.6,81.1
2757,-14360.98,15.5607,1.43,100.0,81.1
2758,-14358.63,65.9637,1.52,100.0,81.3
2759,-14365.64,31.3778,1.48,100.0,81.3
2760,-14363.73,80.8749,1.35,100.0,80.9
2761,-14355.23,16.8285,1.43,100.0,80.9
2762,-14355.23,15.1464,1.51,99.7,80.9
2763,-14355.23,8.5982,1.44,99.7,80.9
2764,-14365.64,13.5076,1.5,100.0,81.1
2765,-14365.64,6.1143,1.48,99.8,81.3
2766,-14365.64,3.1365,1.39,100.0,81.3
2767,-14365.64,1.2247,1.44,100.0,81.2
2768,-14477.44,571.8219,1.41,100.0,81.3
2769,-14477.44,481.481,1.38,100.0,81.4
2770,-14460.91,326.2229,1.44,100.0,81.4
2771,-14477.44,298.792,1.46,100.0,81.4
2772,-14477.44,193.4613,1.45,100.0,81.5
2773,-14477.44,123.0292,1.49,100.0,81.4
2774,-14477.44,75.0423,1.51,99.9,81.7
2775,-14477.44,43.1862,1.41,100.0,81.7
2776,-14477.44,37.2994,1.41,100.0,81.8
2777,-14477.44,19.9217,1.43,100.0,81.9
2778,-14422.09,136.1776,1.4,100.0,81.7
2779,-14329.82,317.8536,1.41,100.0,81.9
2780,-14415.22,291.6227,1.46,100.0,81.8
2781,-14422.09,171.1666,1.44,100.0,81.9
2782,-14413.5,173.2287,1.47,100.0,81.9
2783,-14409.35,236.5639,1.45,100.0,81.8
2784,-14375.24,278.9705,1.57,100.0,81.9
2785,-14355.2,262.6258,1.43,100.0,82.0
2786,-14358.52,266.2477,1.46,100.0,82.0
2787,-14355.23,392.2594,1.5,100.0,82.0
2788,-14365.64,230.839,1.43,100.0,82.1
2789,-14365.64,178.5699,1.45,100.0,82.1
2790,-14371.13,137.6221,1.53,100.0,82.2
2791,-14371.13,104.6321,1.5,100.0,82.3
2792,-14371.13,90.2542,1.44,100.0,82.2
2793,-14371.13,65.2011,1.46,100.0,82.2
2794,-14371.13,47.2443,1.43,100.0,82.3
2795,-14365.64,22.4069,1.43,100.0,82.4
2796,-14365.64,16.7036,1.44,100.0,82.4
2797,-14355.23,41.225,1.42,100.0,82.5
2798,-14365.64,12.156,1.49,100.0,82.4
2799,-14371.13,22.01,1.48,100.0,82.5
2800,-14334.91,97.9982,1.52,100.0,82.5
2801,-14365.64,7.6405,1.48,100.0,82.5
2802,-14347.92,154.6974,1.45,100.0,82.7
2803,-14335.84,80.4289,1.47,100.0,82.7
2804,-14334.91,67.6988,1.46,100.0,82.7
2805,-14334.91,43.1867,1.56,100.0,82.3
2806,-14335.84,35.8743,1.44,100.0,82.4
2807,-14335.84,19.1062,1.49,100.0,82.4
2808,-14329.82,34.0329,1.46,100.0,82.4
2809,-14351.22,69.9421,1.47,98.6,82.6
2810,-14329.82,96.7535,1.52,97.0,82.5
2811,-14330.82,47.4458,1.51,100.0,82.6
2812,-14355.01,157.5768,1.43,100.0,82.6
2813,-14330.82,20.6213,1.45,100.0,82.6
2814,-14335.84,16.5362,1.45,100.0,82.7
2815,-14330.82,8.8447,1.5,100.0,82.8
2816,-14307.42,185.2309,1.43,100.0,82.8
2817,-14326.2,243.5341,1.42,100.0,82.8
2818,-14329.82,82.314,1.46,100.0,82.7
2819,-14329.82,75.243,1.43,100.0,82.9
2820,-14356.39,100.7225,1.45,100.0,83.0
2821,-14327.32,305.3465,1.47,100.0,83.0
2822,-14329.82,83.1367,1.52,97.6,82.7
2823,-14363.24,181.3723,1.48,100.0,82.8
2824,-14329.82,27.3383,1.5,100.0,82.8
2825,-14330.82,30.4264,1.57,96.9,82.9
2826,-14330.82,15.7819,1.48,100.0,82.9
2827,-14330.82,10.1052,1.42,100.0,83.0
2828,-14345.65,174.3733,1.43,100.0,83.0
2829,-15173.65,38894.2812,1.46,100.0,83.0
2830,-14351.22,199.7306,1.39,100.0,82.3
2831,-14330.82,447.1976,1.5,100.0,82.4
2832,-15188.75,37809.6211,1.54,99.1,82.4
2833,-15148.63,34251.3242,1.48,100.0,82.3
2834,-14357.98,598.6726,1.48,99.6,82.4
2835,-15173.65,33768.2383,1.55,99.4,82.6
2836,-15156.74,29443.9795,1.46,100.0,82.6
2837,-14372.55,2769.5388,1.42,100.0,82.6
2838,-14334.91,7989.7336,1.51,100.0,82.6
2839,-14330.82,2765.5005,1.44,99.1,82.8
2840,-14329.82,1066.9334,1.4,100.0,82.4
2841,-14330.82,423.0471,1.48,100.0,82.4
2842,-14329.82,302.0159,1.49,100.0,82.4
2843,-14334.91,224.368,1.45,100.0,82.4
2844,-14330.82,170.0491,1.47,100.0,82.5
2845,-14334.91,89.239,1.53,100.0,82.6
2846,-14330.82,75.2822,1.49,100.0,82.6
2847,-14335.84,31.0924,1.48,100.0,82.6
2848,-14335.84,10.754,1.52,100.0,82.7
2849,-14298.7,34.1152,1.53,100.0,82.9
2850,-14335.84,67.8993,1.43,100.0,82.8
2851,-14330.82,16.9829,1.45,100.0,83.0
2852,-15148.63,36997.624,1.45,100.0,83.1
2853,-14335.84,218.7121,1.43,100.0,82.9
2854,-14330.82,161.7278,1.45,100.0,82.9
2855,-14335.84,28.8454,1.44,100.0,82.9
2856,-15199.71,41330.1035,1.46,100.0,83.0
2857,-14330.82,25.5393,1.45,100.0,83.1
2858,-14335.84,15.1958,1.56,100.0,83.1
2859,-14298.31,235.4655,1.48,100.0,83.3
2860,-14383.5,593.2892,1.45,100.0,83.0
2861,-15148.63,39382.7529,1.52,100.0,83.2
2862,-14357.57,92.2063,1.52,100.0,83.2
2863,-14334.91,67.1561,1.46,100.0,83.3
2864,-14357.57,56.2966,1.45,100.0,83.3
2865,-14375.07,188.8654,1.59,100.0,83.2
2866,-14335.84,25.6704,1.43,100.0,83.1
2867,-14357.57,31.9018,1.42,100.0,83.1
2868,-14335.84,27.816,1.46,100.0,83.2
2869,-14345.77,16.6974,1.38,100.0,83.3
2870,-14397.03,133.8537,1.41,100.0,83.3
2871,-14332.72,89.3285,1.47,100.0,83.3
2872,-14345.77,13.4668,1.47,100.0,83.3
2873,-14335.84,17.6799,1.49,100.0,83.3
2874,-14335.84,11.1886,1.49,100.0,83.6
2875,-14330.82,5.9634,1.57,100.0,83.7
2876,-14335.84,4.1998,1.41,100.0,83.7
2877,-14272.48,352.8419,1.47,100.0,83.8
2878,-14335.84,63.9685,1.66,100.0,83.7
2879,-14373.39,191.9462,1.56,100.0,83.8
2880,-14345.77,59.0095,1.47,100.0,83.9
2881,-14330.06,106.2662,1.53,100.0,83.9
2882,-14389.15,202.8753,1.46,100.0,83.6
2883,-14335.84,17.2413,1.41,100.0,83.3
2884,-14335.84,10.9074,1.49,100.0,82.9
2885,-14335.84,3.6003,1.48,99.0,83.1
2886,-14327.47,38.2722,1.46,100.0,83.2
2887,-14387.83,489.8312,1.44,100.0,83.2
2888,-14387.83,417.2196,1.5,100.0,83.3
2889,-14387.83,319.0952,1.42,100.0,83.2
2890,-14405.42,245.043,1.45,100.0,82.9
2891,-14379.64,145.5451,1.41,100.0,82.9
2892,-14375.24,153.6733,1.41,100.0,82.8
2893,-14405.42,95.6554,1.41,100.0,82.9
2894,-14431.27,252.3315,1.52,99.2,83.1
2895,-14405.42,80.9345,1.46,98.7,83.4
2896,-14405.42,58.6271,1.47,100.0,83.3
2897,-14380.5,165.9655,1.47,100.0,83.2
2898,-14387.83,141.4197,1.42,100.0,83.2
2899,-14405.42,89.4374,1.47,100.0,83.3
2900,-14297.73,285.678,1.45,100.0,83.4
2901,-14387.83,43.326,1.49,100.0,83.5
2902,-14360.47,137.7994,1.44,100.0,83.4
2903,-14375.24,73.8376,1.42,100.0,83.4
2904,-15145.11,37275.1377,1.5,100.0,83.3
2905,-15210.68,35702.4902,1.5,100.0,83.4
2906,-15157.89,33147.5845,1.49,100.0,83.4
2907,-15205.88,32954.2744,1.53,100.0,83.4
2908,-14301.31,7569.1752,1.53,100.0,83.6
2909,-14377.79,7009.3638,1.54,100.0,83.6
2910,-14401.29,4827.991,1.48,99.6,83.6
2911,-14359.97,3691.5176,1.48,100.0,83.7
2912,-14359.97,2702.2144,1.44,100.0,83.7
2913,-14387.83,1389.9006,1.43,100.0,83.8
2914,-14387.83,463.9542,1.42,100.0,83.8
2915,-15175.05,33892.1855,1.42,100.0,83.8
2916,-14387.83,397.4585,1.45,100.0,83.8
2917,-15183.27,36321.2939,1.41,100.0,83.9
2918,-15196.99,33043.5913,1.5,100.0,83.8
2919,-15196.99,30592.0049,1.55,100.0,83.9
2920,-15210.68,23847.8989,1.48,100.0,83.9
2921,-15210.68,19275.6406,1.51,100.0,83.9
2922,-15175.05,13640.6499,1.5,100.0,83.9
2923,-15233.71,14589.8806,1.47,100.0,84.0
2924,-14426.08,13784.2632,1.37,100.0,84.0
2925,-14365.81,10006.8221,1.43,100.0,84.0
2926,-14445.62,5731.0981,1.43,100.0,83.9
2927,-14481.26,3330.1583,1.44,100.0,84.0
2928,-14481.26,2253.4661,1.46,100.0,84.1
2929,-14414.11,1176.4023,1.53,100.0,83.6
2930,-14442.97,891.702,1.54,100.0,83.6
2931,-14438.91,631.3159,1.44,100.0,83.6
2932,-14446.93,423.9375,1.51,100.0,83.9
2933,-14391.62,950.7194,1.47,99.9,83.8
2934,-14438.55,932.0202,1.4,100.0,83.8
2935,-14442.96,769.7695,1.46,100.0,83.8
2936,-14481.26,417.0692,1.49,100.0,83.9
2937,-14481.26,280.4395,1.43,100.0,83.9
2938,-14462.96,686.8792,1.47,100.0,83.9
2939,-14413.4,530.0617,1.5,98.2,83.9
2940,-14425.72,295.7131,1.45,100.0,84.0
2941,-14467.54,408.9197,1.5,100.0,84.0
2942,-14445.62,122.2033,1.51,99.6,84.1
2943,-14391.29,219.0584,1.42,100.0,84.1
2944,-14413.4,226.4097,1.41,100.0,84.1
2945,-14446.93,65.3455,1.47,100.0,84.1
2946,-14438.49,149.5684,1.43,100.0,84.1
2947,-14442.97,320.1328,1.41,100.0,84.1
2948,-14445.62,179.0,1.44,100.0,84.1
2949,-14412.8,47.1502,1.5,100.0,84.1
2950,-14438.91,82.6355,1.44,100.0,84.0
2951,-14445.6,36.1256,1.48,99.3,84.1
2952,-14445.6,23.0714,1.48,100.0,84.2
2953,-14428.5,48.5267,1.43,100.0,84.3
2954,-14428.5,25.8069,1.44,100.0,84.2
2955,-14463.2,91.1228,1.45,100.0,84.2
2956,-14430.19,404.1959,1.41,100.0,84.3
2957,-14456.12,243.3341,1.41,100.0,84.3
2958,-14325.31,722.5471,1.46,100.0,84.4
2959,-14446.9,139.9662,1.44,100.0,84.5
2960,-14421.35,58.477,1.46,100.0,84.7
2961,-14405.42,224.8739,1.51,100.0,84.7
2962,-14413.17,84.6967,1.49,100.0,84.6
2963,-14401.29,44.4632,1.45,100.0,84.6
2964,-14431.27,214.3477,1.5,100.0,84.6
2965,-14401.29,44.2759,1.47,100.0,84.7
2966,-14431.27,139.4229,1.41,100.0,84.8
2967,-14405.42,40.8523,1.42,100.0,84.8
2968,-14358.43,382.8743,1.43,100.0,84.8
2969,-14405.42,37.1278,1.42,100.0,84.7
2970,-14379.42,260.1584,1.43,100.0,84.7
2971,-14387.83,79.6791,1.46,100.0,84.7
2972,-14347.48,400.6277,1.41,100.0,84.7
2973,-14381.15,109.2135,1.61,86.5,85.0
2974,-14385.17,219.462,1.54,100.0,86.2
2975,-14401.29,115.3305,1.45,100.0,85.9
2976,-14360.51,278.9519,1.87,100.0,84.3
2977,-15240.53,39617.3438,1.81,96.0,84.5
2978,-14335.84,1136.3727,1.72,100.0,84.6
2979,-14350.01,1017.2642,1.55,100.0,84.8
2980,-14330.82,350.8318,1.77,100.0,84.6
2981,-14335.84,269.9483,1.81,95.8,84.7
2982,-14335.84,165.956,1.66,100.0,84.7
2983,-15148.63,37562.8223,1.51,100.0,84.8
2984,-15156.74,32301.4297,1.58,100.0,84.9
2985,-14293.6,4613.6941,1.58,99.4,85.0
2986,-14340.92,5522.5927,1.43,100.0,84.9
2987,-14329.82,2178.868,1.47,100.0,84.9
2988,-15165.99,34820.9785,1.51,100.0,85.0
2989,-14335.84,575.3548,1.41,100.0,85.0
2990,-14330.82,214.823,1.4,100.0,85.0
2991,-14330.82,117.0056,1.45,100.0,85.1
2992,-14373.39,195.3516,1.46,100.0,85.1
2993,-14345.77,150.4903,1.42,100.0,85.1
2994,-14345.77,104.2013,1.51,100.0,85.2
2995,-15241.3,42044.3008,1.5,99.2,85.4
2996,-14345.77,91.9961,1.41,100.0,85.5
2997,-14368.43,117.4066,1.45,100.0,85.5
2998,-14335.84,42.4292,1.42,100.0,85.7
2999,-14335.84,32.4638,1.43,99.5,85.7
3000,-14335.84,21.9832,1.4,100.0,85.3
3001,-14335.84,13.2678,1.43,100.0,85.5
3002,-14329.82,33.1429,1.43,100.0,85.5
3003,-14335.84,62.2558,1.49,100.0,85.6
3004,-14383.5,163.8975,1.48,100.0,85.4
3005,-14330.82,18.1492,1.56,98.3,85.5
3006,-14335.84,37.875,1.47,100.0,85.4
3007,-14330.82,30.9265,1.47,100.0,85.5
3008,-14330.82,13.4566,1.46,100.0,85.6
3009,-14330.82,12.2323,1.47,100.0,85.3
3010,-14330.82,11.2168,1.43,100.0,85.4
3011,-14315.16,422.6403,1.46,100.0,85.3
3012,-14297.72,334.007,1.41,100.0,85.4
3013,-14360.6,636.4573,1.42,100.0,85.4
3014,-14363.07,695.1521,1.54,98.5,85.4
3015,-14303.07,270.3611,1.51,98.1,85.4
3016,-14324.16,376.093,1.42,100.0,85.5
3017,-14362.81,153.966,1.46,100.0,85.5
3018,-14358.43,104.6905,1.51,100.0,85.4
3019,-14382.27,260.5113,1.39,100.0,85.3
3020,-14325.39,106.5123,1.41,100.0,85.4
3021,-14383.13,255.262,1.42,100.0,85.4
3022,-14307.79,185.3635,1.38,100.0,85.5
3023,-14372.61,317.6465,1.42,100.0,85.3
3024,-14349.3,113.1348,1.49,98.1,85.4
3025,-14364.06,65.0597,1.5,100.0,85.5
3026,-14364.06,37.6605,1.44,100.0,85.5
3027,-14306.63,352.5639,1.45,100.0,85.6
3028,-14353.2,283.7634,1.4,100.0,85.6
3029,-14401.29,362.5804,1.4,100.0,85.6
3030,-14401.29,297.5837,1.41,100.0,85.2
3031,-14401.29,255.7812,1.41,100.0,85.2
3032,-14315.16,169.8662,1.4,100.0,85.3
3033,-14335.84,262.3926,1.47,99.5,85.3
3034,-14346.8,139.3739,1.47,100.0,85.6
3035,-14335.84,232.154,1.39,100.0,85.5
3036,-14335.84,168.6873,1.45,100.0,85.6
3037,-14335.84,109.2819,1.44,100.0,85.6
3038,-14330.82,83.7119,1.41,98.4,85.9
3039,-14340.5,135.8072,1.42,100.0,85.9
3040,-14329.82,80.0782,1.44,100.0,85.8
3041,-14329.82,38.6963,1.45,100.0,85.9
3042,-14372.55,84.277,1.46,100.0,85.9
3043,-14329.82,71.7097,1.51,99.5,86.3
3044,-14330.82,44.6129,1.43,99.3,85.4
3045,-15173.65,40430.708,1.45,100.0,85.5
3046,-14330.82,38.6213,1.56,100.0,85.6
3047,-15188.75,39735.1152,1.71,100.0,85.7
3048,-14330.82,96.6208,1.56,99.7,85.7
3049,-15148.21,35734.5977,1.52,100.0,85.9
3050,-14342.06,333.2753,1.47,100.0,85.8
3051,-15184.71,36488.3311,1.53,100.0,85.8
3052,-14356.05,534.3251,1.4,100.0,85.7
3053,-14314.58,590.4661,1.43,100.0,85.8
3054,-15184.71,37105.9766,1.49,100.0,85.8
3055,-14370.75,171.0956,1.41,100.0,85.1
3056,-14326.2,398.9003,1.41,100.0,85.2
3057,-14342.06,240.5714,1.46,100.0,85.2
3058,-14326.2,186.5914,1.5,100.0,85.3
3059,-14370.75,279.7963,1.41,100.0,85.3
3060,-14368.82,145.3675,1.45,100.0,85.4
3061,-14342.06,172.5812,1.5,100.0,85.5
3062,-14324.99,220.4766,1.44,100.0,85.6
3063,-14335.84,107.2659,1.43,100.0,85.6
3064,-14348.14,204.8039,1.55,100.0,85.6
3065,-14335.84,74.9054,1.54,100.0,85.7
3066,-14330.82,51.3077,1.43,100.0,85.9
3067,-14340.5,107.3034,1.5,100.0,85.8
3068,-14312.53,66.1531,1.45,100.0,85.7
3069,-14329.82,429.6652,1.41,100.0,85.0
3070,-14329.82,208.6574,1.44,100.0,85.1
3071,-14329.82,70.0348,1.46,100.0,85.1
3072,-14330.82,38.1328,1.46,100.0,85.2
3073,-14322.38,63.2727,1.44,100.0,85.2
3074,-14335.84,56.4794,1.46,100.0,85.3
3075,-14345.77,52.4253,1.45,100.0,85.4
3076,-14335.84,15.6614,1.4,100.0,85.3
3077,-14330.82,13.8838,1.49,100.0,85.3
3078,-15203.24,39335.4404,1.72,100.0,85.4
3079,-14317.22,239.953,1.59,98.8,85.4
3080,-15148.63,33810.6963,1.49,100.0,85.3
3081,-14330.82,536.924,1.47,100.0,85.4
3082,-15148.63,30449.3867,1.53,100.0,85.4
3083,-14357.98,985.9771,1.36,100.0,85.4
3084,-14357.98,651.5108,1.43,100.0,85.5
3085,-14335.84,211.6684,1.48,100.0,85.5
3086,-15148.63,37162.3076,1.46,100.0,85.5
3087,-14340.5,103.0169,1.43,100.0,85.6
3088,-14330.82,19.1841,1.51,99.8,85.7
3089,-15148.63,37201.3574,1.65,100.0,86.5
3090,-15188.75,37695.5635,1.47,100.0,86.7
3091,-14330.82,1033.6396,1.55,100.0,86.7
3092,-15148.63,31891.9883,1.67,100.0,86.6
3093,-14368.01,1700.7812,1.46,100.0,86.2
3094,-14335.84,2031.9342,1.43,100.0,86.3
3095,-14335.45,1022.7373,1.42,100.0,86.4
3096,-15173.65,35339.917,1.52,100.0,86.4
3097,-15148.63,33021.1206,1.41,100.0,86.5
3098,-14330.82,631.6653,1.48,100.0,86.5
3099,-14330.82,536.8018,1.53,98.7,86.4
3100,-14338.22,389.1833,1.47,100.0,86.3
3101,-14317.22,229.3352,1.46,100.0,86.4
3102,-14329.82,131.0251,1.51,99.9,86.1
3103,-14330.82,89.3244,1.44,100.0,86.1
3104,-14335.84,52.1897,1.43,100.0,85.9
3105,-14340.5,104.3441,1.44,100.0,86.0
3106,-14330.82,33.0792,1.43,100.0,86.2
3107,-14335.84,13.8145,1.41,100.0,86.2
3108,-14335.84,13.485,1.47,100.0,86.4
3109,-14335.84,6.5366,1.47,100.0,86.3
3110,-14335.84,5.1705,1.46,100.0,86.3
3111,-14414.4,172.2626,1.53,100.0,86.1
3112,-14330.82,76.5595,1.55,98.2,85.8
3113,-14340.92,66.5424,1.53,100.0,85.9
3114,-14306.63,218.2372,1.42,100.0,85.9
3115,-14340.92,328.6838,1.5,100.0,86.0
3116,-14340.92,234.5803,1.55,100.0,86.0
3117,-14372.61,146.8076,1.46,100.0,86.0
3118,-14342.82,348.4128,1.44,100.0,86.0
3119,-14335.84,121.2163,1.45,100.0,86.0
3120,-14335.84,46.7857,1.39,100.0,86.1
3121,-14335.84,38.1179,1.38,99.9,85.8
3122,-14335.84,24.8333,1.41,100.0,85.9
3123,-14324.99,90.1556,1.47,100.0,85.9
3124,-14335.84,22.6002,1.4,100.0,85.7
3125,-14335.84,14.4955,1.52,100.0,85.7
3126,-14340.92,31.3616,1.55,97.0,86.1
3127,-14330.82,81.581,1.55,100.0,86.1
3128,-14335.84,33.3385,1.46,100.0,86.1
3129,-14297.46,479.1976,1.48,100.0,86.1
3130,-14340.92,123.8514,1.49,100.0,86.2
3131,-14335.84,58.3739,1.4,100.0,86.2
3132,-14365.22,53.8784,1.42,100.0,86.3
3133,-14340.92,56.3835,1.45,100.0,86.3
3134,-14340.5,145.6034,1.4,100.0,86.4
3135,-14335.84,21.6452,1.45,100.0,86.4
3136,-14335.84,14.6728,1.5,98.7,86.6
3137,-14340.5,73.3632,1.43,100.0,86.6
3138,-14347.92,49.3924,1.45,100.0,86.7
3139,-14329.82,55.3912,1.43,100.0,86.6
3140,-14353.49,76.4284,1.41,100.0,86.7
3141,-14372.55,59.2192,1.4,100.0,86.7
3142,-14355.01,115.7493,1.41,100.0,86.7
3143,-14330.82,88.7147,1.41,100.0,86.8
3144,-14330.82,43.5798,1.44,100.0,86.8
3145,-14330.82,24.9777,1.48,100.0,86.4
3146,-14330.82,14.2493,1.45,100.0,86.6
3147,-14340.92,43.4898,1.49,100.0,86.5
3148,-14334.91,61.6432,1.51,100.0,86.5
3149,-14335.84,41.9737,1.52,100.0,86.2
3150,-14330.82,14.2794,1.4,100.0,86.3
3151,-14335.84,15.943,1.47,100.0,86.3
3152,-14372.55,65.4889,1.42,100.0,86.4
3153,-14330.82,114.225,1.48,100.0,86.3
3154,-14330.82,57.6952,1.41,100.0,86.4
3155,-14335.84,32.7535,1.47,100.0,86.4
3156,-14340.5,77.4376,1.5,100.0,85.8
3157,-14368.01,59.883,1.45,100.0,86.1
3158,-14330.82,73.4401,1.49,100.0,86.1
3159,-14335.84,25.0176,1.52,99.2,86.3
3160,-14330.82,27.1725,1.47,100.0,86.5
3161,-14330.82,7.745,1.43,100.0,86.5
3162,-14308.6,90.4193,1.44,100.0,86.5
3163,-14414.61,623.424,1.43,100.0,86.4
3164,-14308.6,18.4111,1.41,100.0,86.4
3165,-14338.19,288.3615,1.44,100.0,86.6
3166,-14342.82,234.6051,1.48,100.0,86.8
3167,-14380.29,383.8387,1.41,100.0,86.6
3168,-14284.45,520.0657,1.48,100.0,86.5
3169,-14414.4,258.6817,1.46,100.0,86.6
3170,-14379.92,285.6836,1.4,100.0,86.7
3171,-14335.84,53.4657,1.42,100.0,86.8
3172,-14397.03,95.935,1.45,100.0,86.9
3173,-14335.84,94.2027,1.42,100.0,86.8
3174,-14335.84,54.8725,1.4,100.0,86.8
3175,-14340.92,37.3058,1.49,100.0,86.9
3176,-14345.77,113.377,1.44,100.0,87.0
3177,-14347.92,111.6039,1.46,100.0,87.0
3178,-14330.82,53.4324,1.51,99.5,86.8
3179,-14330.82,30.5336,1.55,99.4,86.6
3180,-14335.84,25.2265,1.49,100.0,86.5
3181,-14330.82,12.0728,1.48,100.0,86.5
3182,-14330.82,7.8416,1.51,100.0,86.5
3183,-14340.5,69.1409,1.44,100.0,86.6
3184,-14329.82,26.8352,1.41,100.0,86.7
3185,-14330.82,9.1469,1.41,100.0,86.7
3186,-14330.82,4.6639,1.42,100.0,86.7
3187,-14335.84,9.119,1.43,100.0,86.7
3188,-14335.84,4.8431,1.53,100.0,86.7
3189,-14335.84,2.5928,1.5,99.8,87.0
3190,-15172.64,38512.001,1.52,100.0,87.1
3191,-15088.43,32739.4819,1.49,100.0,87.1
3192,-15120.42,28313.9756,1.51,100.0,87.0
3193,-15157.26,23288.0483,1.46,100.0,87.1
3194,-15157.26,17432.4358,1.53,100.0,87.1
3195,-15157.26,13251.8232,1.62,100.0,87.3
3196,-15131.02,8429.3409,1.6,99.8,86.8
3197,-15115.18,6518.9521,1.52,100.0,86.8
3198,-15115.18,4070.0543,1.49,100.0,86.7
3199,-15137.75,2155.7833,1.49,100.0,86.9
3200,-15151.66,1255.3969,1.5,100.0,87.0
3201,-15151.66,702.5859,1.43,100.0,87.1
3202,-15151.66,377.7108,1.51,100.0,87.1
3203,-15137.75,220.489,1.54,100.0,87.3
3204,-15128.65,144.2284,1.48,100.0,87.1
3205,-15128.65,63.3772,1.48,100.0,87.3
3206,-15128.65,39.8639,1.52,100.0,87.1
3207,-15142.37,29.6334,1.46,100.0,87.1
3208,-15128.65,23.1552,1.46,100.0,87.2
3209,-15142.37,29.5481,1.58,100.0,87.3
3210,-15128.65,29.0387,1.66,99.8,87.4
3211,-15128.65,13.9908,1.67,100.0,87.3
3212,-15125.45,309.0844,1.48,100.0,87.3
3213,-15125.45,139.7721,1.53,100.0,87.3
3214,-15156.33,1249.3888,1.55,100.0,87.4
3215,-15165.49,186.1901,1.49,100.0,87.5
3216,-15219.47,221.6625,1.45,100.0,87.4
3217,-15105.0,990.194,1.49,100.0,87.4
3218,-15136.5,431.9144,1.49,100.0,87.5
3219,-15208.65,664.0231,1.46,100.0,87.7
3220,-15124.11,251.6035,1.5,100.0,87.6
3221,-15179.07,165.6595,1.56,100.0,87.6
3222,-15165.43,420.9568,1.62,100.0,88.0
3223,-15198.4,436.8817,1.52,100.0,87.9
3224,-15134.5,78.7465,1.59,100.0,88.0
3225,-15169.69,470.4559,1.6,98.1,88.1
3226,-15192.18,326.2863,1.51,100.0,88.1
3227,-15097.26,846.4284,1.43,100.0,88.3
3228,-15097.26,702.5079,1.52,100.0,88.1
3229,-15137.22,507.8717,1.54,100.0,88.1
3230,-15169.69,478.6448,1.56,100.0,88.0
3231,-15156.33,277.4811,1.52,100.0,88.1
3232,-15169.69,126.4887,1.57,100.0,88.2
3233,-15192.29,133.2787,1.51,100.0,88.2
3234,-15219.47,104.9643,1.45,100.0,88.1
3235,-15105.0,589.5074,1.54,100.0,88.2
3236,-15105.0,322.6886,1.52,100.0,88.3
3237,-15105.0,151.6948,1.49,100.0,88.4
3238,-15125.45,339.2604,1.48,100.0,88.4
3239,-15101.67,204.3357,1.53,99.0,87.3
3240,-15105.0,143.9511,1.51,100.0,87.4
3241,-15125.45,120.553,1.47,100.0,87.5
3242,-15118.72,29.6652,1.49,100.0,87.5
3243,-15128.65,116.7811,1.63,100.0,87.6
3244,-15105.0,71.1735,1.76,98.3,87.9
3245,-15130.15,73.1267,1.53,100.0,87.9
3246,-15105.0,59.7644,1.53,100.0,87.9
3247,-15170.1,261.1309,1.57,100.0,87.9
3248,-15105.0,44.2992,1.58,100.0,88.0
3249,-15142.37,78.9898,1.47,100.0,88.0
3250,-15118.72,21.5119,1.52,100.0,88.0
3251,-15118.72,12.6416,1.52,100.0,88.1
3252,-15105.0,10.6875,1.44,100.0,88.1
3253,-15097.26,92.9706,1.43,100.0,87.3
3254,-15105.0,62.0039,1.48,100.0,87.5
3255,-15105.0,39.4932,1.5,100.0,87.5
3256,-15105.0,10.2964,1.45,100.0,87.6
3257,-15105.0,11.4486,1.53,100.0,87.7
3258,-15105.0,3.5656,1.6,97.6,87.9
3259,-15130.15,18.7793,1.51,100.0,87.8
3260,-15105.0,51.6494,1.48,100.0,87.9
3261,-15118.72,12.3401,1.5,100.0,88.0
3262,-15097.26,113.9639,1.49,100.0,88.0
3263,-15097.26,33.2199,1.5,100.0,87.9
3264,-15097.26,23.579,1.58,100.0,88.0
3265,-15101.67,18.0707,1.61,100.0,88.0
3266,-15105.0,70.8767,1.61,100.0,88.2
3267,-15165.49,378.4692,1.48,100.0,88.2
3268,-15128.65,112.3681,1.49,100.0,88.2
3269,-15142.37,54.2971,1.51,100.0,88.2
3270,-15118.72,64.1517,1.44,100.0,88.2
3271,-15125.45,254.6251,1.47,100.0,88.2
3272,-15105.0,76.9461,1.49,100.0,88.3
3273,-15118.72,17.1895,1.56,100.0,88.3
3274,-15105.0,13.9897,1.45,100.0,88.3
3275,-15105.0,5.0669,1.51,100.0,88.4
3276,-15165.49,199.1422,1.58,100.0,88.5
3277,-15165.49,81.4252,1.94,100.0,88.1
3278,-15169.69,983.9518,1.45,100.0,88.1
3279,-15125.45,278.0897,1.46,100.0,88.1
3280,-15097.26,142.9336,1.52,100.0,88.3
3281,-15098.63,132.7522,1.5,100.0,88.4
3282,-15165.49,289.4893,1.46,100.0,88.3
3283,-15105.0,387.9326,1.58,100.0,88.2
3284,-15097.26,175.0668,1.63,99.3,87.4
3285,-15154.5,271.4472,1.59,100.0,87.5
3286,-15106.3,152.1503,1.48,100.0,87.5
3287,-15105.0,43.0625,1.55,100.0,87.6
3288,-15106.3,43.7156,1.54,100.0,87.5
3289,-15097.26,199.263,1.44,100.0,87.5
3290,-15097.26,89.7935,1.48,100.0,87.5
3291,-15097.26,46.0903,1.5,100.0,87.6
3292,-15112.92,28.7818,1.52,100.0,87.7
3293,-15105.0,128.6834,1.45,100.0,87.7
3294,-15112.92,92.9584,1.52,100.0,87.8
3295,-15154.5,200.9012,1.53,100.0,87.7
3296,-15125.45,210.2797,1.53,100.0,87.9
3297,-15105.0,293.4935,1.51,100.0,87.9
3298,-15105.0,83.2747,1.54,100.0,88.0
3299,-15097.26,269.1639,1.53,100.0,88.0
3300,-15098.63,138.6536,1.48,100.0,88.0
3301,-15097.26,47.602,1.47,100.0,88.1
3302,-15125.45,233.0438,1.62,100.0,88.0
3303,-15105.0,103.8267,1.58,100.0,88.1
3304,-15098.63,137.6291,1.52,100.0,88.1
3305,-15156.33,594.7728,1.57,100.0,88.1
3306,-15198.4,140.0411,1.55,100.0,88.2
3307,-15154.5,179.9781,1.49,100.0,88.2
3308,-15129.22,341.8532,1.47,100.0,88.2
3309,-15129.22,239.1578,1.53,100.0,88.2
3310,-15106.3,158.4834,1.54,100.0,88.4
3311,-15129.22,104.0314,1.5,100.0,88.5
3312,-15098.63,153.0435,1.48,100.0,88.3
3313,-15106.3,86.9947,1.49,99.4,88.3
3314,-15098.63,131.9971,1.47,100.0,88.3
3315,-15154.5,292.7096,1.44,100.0,88.3
3316,-15129.22,180.8756,1.48,100.0,88.4
3317,-15106.3,198.2588,1.57,100.0,88.5
3318,-15106.3,84.6236,1.48,100.0,88.4
3319,-15198.4,817.1388,1.52,100.0,88.4
3320,-15106.3,26.4206,1.57,99.3,88.7
3321,-15121.94,16.4549,1.54,100.0,89.0
3322,-15105.0,15.298,1.49,100.0,89.0
3323,-15118.72,22.7422,1.62,100.0,88.6
3324,-15118.72,7.7346,1.66,93.6,88.8
3325,-15098.63,99.8276,1.5,100.0,89.0
3326,-15106.3,33.2135,1.46,100.0,89.1
3327,-15098.63,29.55,1.47,100.0,89.1
3328,-15098.63,10.2465,1.56,100.0,89.0
3329,-15097.26,11.361,1.5,100.0,89.2
3330,-15105.0,54.7514,1.56,100.0,89.2
3331,-15106.3,69.7286,1.56,100.0,89.2
3332,-15116.24,8.5935,1.54,100.0,89.2
3333,-15105.0,23.068,1.44,100.0,89.3
3334,-15130.15,55.8679,1.51,100.0,89.3
3335,-15130.15,31.423,1.55,100.0,89.4
3336,-15118.72,26.114,1.58,100.0,89.2
3337,-15097.26,123.3173,1.48,100.0,89.3
3338,-15118.72,16.2783,1.52,100.0,89.4
3339,-15118.72,14.4605,1.5,100.0,89.5
3340,-15105.0,12.5832,1.45,100.0,89.6
3341,-15105.0,5.363,1.49,100.0,89.4
3342,-15118.72,12.684,1.54,100.0,89.6
3343,-15118.72,7.9394,1.53,100.0,89.5
3344,-15131.02,47.2582,1.51,100.0,89.5
3345,-15130.15,12.3572,1.62,100.0,89.5
3346,-15105.0,31.8948,1.54,99.8,89.5
3347,-15139.64,145.5008,1.59,100.0,89.4
3348,-15118.72,10.5548,1.54,100.0,89.4
3349,-15105.0,18.8115,1.53,100.0,89.5
3350,-15105.0,10.9244,1.53,100.0,89.5
3351,-15118.72,14.3057,1.44,100.0,89.6
3352,-15154.53,111.5205,1.45,100.0,89.6
3353,-15105.0,66.5722,1.48,100.0,89.5
3354,-15118.72,19.9289,1.49,100.0,89.6
3355,-15177.56,132.0324,1.46,100.0,89.6
3356,-15192.68,152.0813,1.53,100.0,89.7
3357,-15118.72,121.8453,1.64,98.8,89.8
3358,-15118.72,54.232,1.59,100.0,89.7
3359,-15121.94,88.7429,1.5,100.0,89.7
3360,-15115.18,45.4966,1.56,100.0,89.6
3361,-15118.72,65.0759,1.56,98.4,88.7
3362,-15128.1,78.2401,1.53,100.0,88.7
3363,-15154.53,222.5076,1.5,100.0,88.8
3364,-15132.31,189.473,1.5,100.0,88.8
3365,-15095.11,172.9837,1.58,100.0,88.8
3366,-15160.54,403.4043,1.49,100.0,88.8
3367,-15092.05,124.0429,1.46,100.0,88.8
3368,-15076.58,128.2064,1.6,100.0,88.9
3369,-15076.58,80.9023,1.55,100.0,88.9
3370,-15169.58,375.3175,1.47,100.0,88.9
3371,-15100.13,173.6768,1.54,100.0,89.0
3372,-15116.66,204.5105,1.53,100.0,88.8
3373,-15101.85,66.2626,1.46,100.0,88.6
3374,-15118.72,168.959,1.49,100.0,88.7
3375,-15118.74,55.7333,1.47,100.0,88.7
3376,-15095.11,60.9467,1.51,100.0,88.8
3377,-15081.91,40.1957,1.49,100.0,88.8
3378,-15076.58,61.3538,1.53,100.0,88.9
3379,-15076.58,40.4293,1.56,100.0,88.5
3380,-15097.24,95.8157,1.5,100.0,88.5
3381,-15106.66,148.3325,1.48,100.0,88.6
3382,-15137.63,102.0306,1.65,100.0,88.6
3383,-15083.86,110.481,1.63,98.9,88.2
3384,-15076.58,91.6554,1.58,100.0,88.2
3385,-15074.48,125.4677,1.5,100.0,88.1
3386,-15076.58,65.0492,1.53,100.0,88.1
3387,-15097.24,113.0016,1.47,100.0,88.1
3388,-15098.42,109.329,1.4,100.0,88.1
3389,-15076.58,58.3662,1.52,100.0,88.1
3390,-15093.5,57.8335,1.5,100.0,88.2
3391,-15076.58,32.4401,1.46,100.0,88.2
3392,-15074.48,69.9226,1.47,100.0,88.2
3393,-15074.48,38.163,1.49,99.3,88.2
3394,-15080.53,37.3651,1.49,100.0,88.2
3395,-15100.49,161.3972,1.45,100.0,88.2
3396,-15100.49,87.3055,1.52,100.0,88.2
3397,-15086.27,181.087,1.69,100.0,88.4
3398,-15111.94,86.489,1.63,99.5,87.5
3399,-15151.75,254.956,1.57,100.0,87.6
3400,-15103.61,86.904,1.52,100.0,87.6
3401,-15109.96,151.1451,1.56,100.0,87.7
3402,-15100.49,127.7269,1.61,100.0,87.8
3403,-15086.39,87.5535,1.45,100.0,87.8
3404,-15121.83,180.1111,1.52,100.0,87.8
3405,-15121.83,125.1283,1.49,100.0,87.8
3406,-15135.69,202.2704,1.44,100.0,87.7
3407,-15087.75,215.6651,1.48,100.0,87.8
3408,-15110.64,270.42,1.46,100.0,87.9
3409,-15120.85,217.3607,1.57,100.0,88.1
3410,-15099.32,211.3807,1.47,100.0,87.3
3411,-15110.64,77.2953,1.59,100.0,87.4
3412,-15106.84,125.4425,1.59,86.3,87.7
3413,-15135.69,225.184,1.55,99.5,87.9
3414,-15167.08,207.5195,1.47,100.0,88.0
3415,-15082.4,479.0522,1.51,100.0,87.8
3416,-15120.85,298.2583,1.58,100.0,87.9
3417,-15110.64,63.5479,1.57,100.0,88.0
3418,-15106.84,53.2595,1.45,100.0,87.8
3419,-15076.96,107.6048,1.49,100.0,87.9
3420,-15087.76,82.5678,1.48,100.0,87.9
3421,-15127.87,278.7966,1.44,100.0,88.1
3422,-15106.84,70.6707,1.53,100.0,88.1
3423,-15139.88,116.9116,1.61,100.0,88.2
3424,-15215.67,372.054,1.53,100.0,88.2
3425,-15076.96,566.3785,1.5,100.0,88.1
3426,-15122.38,468.2438,1.47,100.0,87.8
3427,-15106.84,152.7173,1.52,100.0,87.8
3428,-15106.84,96.8164,1.58,100.0,87.8
3429,-15116.62,132.6427,1.51,100.0,87.9
3430,-15138.55,156.1415,1.59,100.0,88.0
3431,-15127.87,140.5797,1.56,100.0,88.1
3432,-15106.84,52.9312,1.53,100.0,87.9
3433,-15187.84,366.23,1.45,100.0,88.0
3434,-15087.76,203.0177,1.51,100.0,88.0
3435,-15106.84,76.5814,1.49,100.0,88.0
3436,-15138.55,204.5671,1.47,100.0,87.5
3437,-15123.05,69.5558,1.41,100.0,87.6
3438,-15106.84,83.7234,1.46,100.0,87.7
3439,-15110.64,55.3316,1.49,100.0,87.8
3440,-15158.03,312.5042,1.44,100.0,87.8
3441,-15139.88,64.9875,1.56,100.0,87.9
3442,-15116.9,107.0564,1.65,90.7,88.2
3443,-15110.64,39.5113,1.56,99.8,88.3
3444,-15139.88,77.8485,1.5,100.0,88.3
3445,-15110.64,41.3708,1.55,100.0,88.3
3446,-15124.57,405.0337,1.58,98.3,88.3
3447,-15085.75,47.4494,1.45,100.0,88.4
3448,-15165.41,330.3788,1.5,100.0,88.4
3449,-15165.41,151.9139,1.53,100.0,88.4
3450,-15139.88,171.444,1.46,100.0,88.5
3451,-15139.88,110.6611,1.45,100.0,89.4
3452,-15139.88,69.9426,1.47,100.0,89.5
3453,-15142.32,37.2055,1.52,100.0,89.6
3454,-15139.88,33.8,1.47,100.0,89.7
3455,-15139.88,11.9997,1.51,100.0,89.6
3456,-15165.41,180.2641,1.54,100.0,89.2
3457,-15127.0,229.1137,1.6,100.0,89.3
3458,-15148.34,179.0098,1.51,100.0,89.3
3459,-15123.39,233.7294,1.56,100.0,88.3
3460,-15127.0,104.7453,1.79,100.0,88.1
3461,-15106.11,338.4264,1.78,99.5,87.7
3462,-15165.41,414.5993,1.56,100.0,87.7
3463,-15085.75,87.834,1.53,100.0,87.7
3464,-15116.9,104.3347,1.57,100.0,88.0
3465,-15144.4,97.3068,1.65,100.0,87.8
3466,-15139.88,162.4531,1.5,100.0,87.8
3467,-15165.41,103.5968,1.52,100.0,87.8
3468,-15139.88,104.0273,1.49,100.0,87.9
3469,-15139.88,67.7877,1.52,100.0,87.4
3470,-15123.2,51.8059,1.46,99.9,87.4
3471,-15116.9,80.9693,1.53,100.0,87.4
3472,-15127.0,233.9287,1.57,100.0,87.9
3473,-15127.0,148.4666,1.53,100.0,87.8
3474,-15116.9,110.4341,1.47,100.0,87.9
3475,-15165.41,165.3464,1.49,100.0,87.6
3476,-15152.33,304.7815,1.48,100.0,87.7
3477,-15165.41,97.402,1.52,100.0,87.6
3478,-15139.88,48.1269,1.59,100.0,87.6
3479,-15219.56,113.8548,1.62,99.9,87.5
3480,-15106.84,351.7398,1.52,100.0,87.6
3481,-15139.88,77.8019,1.49,100.0,87.6
3482,-15146.91,114.7728,1.45,99.2,87.5
3483,-15139.88,33.2287,1.48,100.0,87.4
3484,-15174.53,225.2164,1.44,100.0,87.5
3485,-15108.88,308.5382,1.51,100.0,87.6
3486,-15184.5,50.2745,1.49,100.0,87.7
3487,-15094.85,487.5712,1.46,100.0,87.8
3488,-15100.57,478.6098,1.49,100.0,87.5
3489,-15094.85,246.7901,1.53,100.0,87.6
3490,-15094.21,47.8422,1.49,100.0,87.7
3491,-15146.84,117.6517,1.46,100.0,87.7
3492,-15146.84,86.3983,1.56,99.7,87.9
3493,-15146.84,52.8238,1.56,96.9,87.9
3494,-15080.04,461.6315,1.53,100.0,87.8
3495,-15100.57,141.0436,1.59,100.0,87.8
3496,-15100.57,118.964,1.67,100.0,88.0
3497,-15146.84,192.2133,1.66,89.8,88.1
3498,-15080.04,234.3486,1.61,100.0,88.2
3499,-15080.04,169.8264,1.49,100.0,88.1
3500,-15103.47,70.5532,1.53,100.0,88.1
3501,-15103.47,40.1277,1.55,100.0,87.6
3502,-15103.47,16.797,1.51,100.0,87.7
3503,-15100.57,23.9603,1.5,100.0,87.8
3504,-15103.47,29.9192,1.53,100.0,87.9
3505,-15100.57,21.5783,1.51,100.0,87.9
3506,-15100.57,12.116,1.55,100.0,88.0
3507,-15080.04,163.2894,1.53,100.0,87.9
3508,-15100.57,39.1454,1.52,100.0,88.0
3509,-15080.04,66.3822,1.49,100.0,88.0
3510,-15100.57,58.3992,1.43,99.3,88.0
3511,-15106.84,19.4131,1.48,100.0,88.2
3512,-15121.32,114.4856,1.48,100.0,88.2
3513,-15100.57,58.6883,1.49,100.0,88.3
3514,-15100.57,50.7648,1.57,100.0,88.3
3515,-15091.94,149.2262,1.53,100.0,88.2
3516,-15114.13,123.2244,1.5,100.0,88.2
3517,-15100.57,45.5673,1.49,100.0,88.3
3518,-15125.39,54.9529,1.52,100.0,88.4
3519,-15092.36,89.8236,1.67,100.0,88.3
3520,-15100.57,86.2537,1.68,99.1,88.5
3521,-15079.36,51.7773,1.51,100.0,88.6
3522,-15146.84,222.8223,1.56,100.0,88.6
3523,-15092.36,56.8589,1.48,100.0,88.7
3524,-15091.94,92.7729,1.46,100.0,88.7
3525,-15197.36,584.3713,1.43,100.0,88.7
3526,-15079.36,142.2149,1.49,100.0,88.8
3527,-15092.36,80.1995,1.46,100.0,88.8
3528,-15125.39,105.0238,1.44,100.0,88.9
3529,-15079.36,27.9188,1.52,100.0,89.1
3530,-15125.39,28.8085,1.53,100.0,89.3
3531,-15092.36,63.0777,1.6,100.0,89.2
3532,-15092.36,19.811,1.6,100.0,89.2
3533,-15125.39,107.1143,1.6,100.0,89.2
3534,-15092.36,16.0792,1.59,89.5,89.3
3535,-15092.36,8.8287,1.6,100.0,89.5
3536,-15108.88,82.9859,1.49,100.0,89.4
3537,-15146.91,110.1136,1.56,100.0,89.5
3538,-15092.36,184.4062,1.58,99.7,89.5
3539,-15092.36,114.2911,1.46,100.0,89.5
3540,-15108.88,83.7792,1.53,100.0,89.5
3541,-15113.88,109.0959,1.5,100.0,89.6
3542,-15108.88,38.7535,1.58,98.0,89.7
3543,-15146.91,78.3532,1.46,100.0,89.7
3544,-15169.9,222.7869,1.5,100.0,89.8
3545,-15123.2,89.0395,1.55,100.0,89.7
3546,-15123.2,64.4721,1.46,100.0,89.7
3547,-15123.2,32.506,1.46,100.0,89.7
3548,-15129.16,279.983,1.54,100.0,89.9
3549,-15123.2,20.6958,1.62,100.0,89.9
3550,-15209.68,520.9216,1.54,100.0,90.0
3551,-15123.2,97.459,1.53,100.0,90.0
3552,-15110.62,775.053,1.58,96.2,90.0
3553,-15123.2,17.5926,1.47,100.0,90.0
3554,-15184.5,239.2431,1.44,100.0,90.2
3555,-15146.91,30.5666,1.47,100.0,90.1
3556,-15106.84,317.1554,1.55,100.0,90.0
3557,-15081.66,237.0848,1.6,100.0,90.4
3558,-15068.01,196.4714,1.51,100.0,90.4
3559,-15062.05,147.3052,1.56,100.0,90.6
3560,-15062.05,96.4754,1.56,100.0,90.5
3561,-15083.28,153.3491,1.5,100.0,90.2
3562,-15078.48,95.5388,1.47,100.0,90.2
3563,-15068.01,62.298,1.48,100.0,90.4
3564,-15101.28,327.1387,1.49,100.0,90.4
3565,-15062.05,79.0103,1.41,100.0,90.5
3566,-15092.6,188.7845,1.48,100.0,90.4
3567,-15065.07,65.5549,1.52,100.0,90.3
3568,-15062.05,59.1035,1.48,100.0,90.4
3569,-15062.05,30.6744,1.55,100.0,90.5
3570,-15062.05,10.819,1.63,99.5,90.9
3571,-15101.28,225.1868,1.54,99.9,91.3
3572,-15085.63,131.1152,1.51,100.0,90.3
3573,-15118.0,158.3372,1.49,100.0,90.3
3574,-15092.6,384.4607,1.51,100.0,90.3
3575,-15118.0,49.5378,1.53,99.6,90.0
3576,-15068.01,394.0166,1.51,100.0,90.1
3577,-15182.71,309.2908,1.52,100.0,90.0
3578,-15062.05,294.9756,1.59,100.0,90.1
3579,-15109.05,434.3412,1.66,98.3,90.0
3580,-15062.05,61.9665,1.54,100.0,89.7
3581,-15101.28,291.6365,1.57,100.0,89.7
3582,-15062.05,30.7785,1.51,100.0,89.7
3583,-15101.28,173.7766,1.46,100.0,89.6
3584,-15062.05,54.1424,1.47,100.0,89.6
3585,-15171.92,732.0878,1.5,100.0,89.6
3586,-15128.15,56.3488,1.5,100.0,89.7
3587,-15065.07,208.1526,1.46,100.0,89.6
3588,-15125.88,129.2362,1.54,100.0,89.7
3589,-15078.76,89.5816,1.58,96.9,89.9
3590,-15087.96,27.0574,1.51,100.0,90.3
3591,-15127.7,89.6827,1.47,100.0,90.3
3592,-15072.93,233.3195,1.51,100.0,90.3
3593,-15093.79,98.537,1.64,100.0,90.4
3594,-15101.28,42.6428,1.65,98.8,90.1
3595,-15128.15,169.0976,1.49,100.0,90.0
3596,-15118.0,66.467,1.54,100.0,90.2
3597,-15092.6,108.5318,1.6,100.0,90.1
3598,-15101.28,33.1067,1.67,100.0,90.3
3599,-15092.6,48.2146,1.48,100.0,90.3
3600,-15128.15,89.2477,1.52,100.0,90.4
3601,-15092.6,38.4209,1.49,100.0,90.5
3602,-15062.05,61.8207,1.45,98.2,90.8
3603,-15062.05,33.7784,1.46,100.0,90.7
3604,-15062.05,12.1377,1.57,100.0,91.0
3605,-15062.05,8.6334,1.48,100.0,91.0
3606,-15101.79,234.2389,1.48,100.0,91.1
3607,-15062.05,20.1683,1.52,100.0,91.2
3608,-15109.05,111.372,1.51,98.6,91.3
3609,-15062.05,51.7735,1.52,100.0,91.4
3610,-15109.05,61.2366,1.47,100.0,91.2
3611,-15109.05,29.9251,1.64,100.0,91.3
3612,-15109.05,19.1676,1.65,97.7,91.4
3613,-15109.05,11.5585,1.59,100.0,91.4
3614,-15109.05,8.0916,1.61,100.0,91.4
3615,-15109.05,4.812,1.49,100.0,91.1
3616,-15110.9,354.1037,1.46,100.0,91.2
3617,-15065.07,241.6222,1.44,100.0,91.2
3618,-15109.05,109.0932,1.49,100.0,90.6
3619,-15109.05,89.7061,1.44,100.0,90.6
3620,-15087.67,246.7612,1.47,100.0,90.7
3621,-15062.05,76.8835,1.58,99.3,90.8
3622,-15062.05,33.8449,1.52,100.0,90.7
3623,-15066.35,90.1279,1.45,100.0,90.8
3624,-15118.0,258.4345,1.54,100.0,90.7
3625,-15062.05,245.8859,1.66,99.6,90.8
3626,-15065.07,63.9779,1.66,97.7,90.9
3627,-15109.05,442.8448,1.49,100.0,90.8
3628,-15062.05,37.7008,1.54,100.0,90.8
3629,-15066.35,50.5398,1.67,100.0,90.7
3630,-15062.05,53.2284,1.61,99.0,90.8
3631,-15062.05,14.6978,1.46,100.0,90.8
3632,-15065.07,93.2805,1.51,100.0,90.9
3633,-15109.05,186.6997,1.47,100.0,91.2
3634,-15062.05,91.9051,1.48,98.7,90.8
3635,-15087.67,194.0194,1.43,100.0,90.8
3636,-15109.05,136.9489,1.54,100.0,90.9
3637,-15109.05,85.959,1.69,100.0,90.9
3638,-15109.05,40.6401,1.53,100.0,90.9
3639,-15109.05,31.1335,1.52,100.0,90.9
3640,-15109.05,13.8952,1.57,98.9,90.9
3641,-15087.67,290.993,1.53,100.0,90.9
3642,-15087.67,201.3545,1.45,100.0,91.0
3643,-15083.28,104.3523,1.53,100.0,91.0
3644,-15083.28,46.5457,1.58,95.8,91.0
3645,-15083.28,36.9506,1.48,100.0,91.0
3646,-15109.05,354.2347,1.49,100.0,91.0
3647,-15109.05,157.4225,1.48,100.0,91.0
3648,-15109.05,75.0622,1.55,100.0,91.0
3649,-15117.34,52.6929,1.52,100.0,91.0
3650,-15087.67,744.5544,1.52,100.0,91.0
3651,-15117.34,19.5285,1.59,100.0,91.1
3652,-15109.05,87.1769,1.54,100.0,91.2
3653,-15055.8,187.3778,1.49,100.0,91.1
3654,-15110.9,450.2199,1.5,100.0,91.1
3655,-15167.74,493.2607,1.54,100.0,91.1
3656,-15054.24,272.6164,1.57,100.0,91.2
3657,-15054.24,214.9286,1.47,100.0,91.2
3658,-15058.88,52.5387,1.49,100.0,91.3
3659,-15062.05,17.9581,1.51,100.0,91.2
3660,-15066.35,61.0051,1.46,100.0,90.6
3661,-15124.35,99.3878,1.49,100.0,90.7
3662,-15058.88,178.9181,1.63,100.0,90.8
3663,-15078.48,134.6878,1.64,100.0,90.9
3664,-15110.06,239.4578,1.5,100.0,91.0
3665,-15124.35,201.7281,1.58,100.0,90.8
3666,-15125.88,144.6724,1.55,97.6,90.0
3667,-15108.22,123.7036,1.55,100.0,90.0
3668,-15072.93,106.9473,1.5,100.0,90.2
3669,-15066.35,46.9921,1.58,100.0,90.2
3670,-15125.88,182.1334,1.68,99.0,90.3
3671,-15171.92,201.553,1.56,100.0,90.1
3672,-15072.93,282.853,1.46,100.0,90.1
3673,-15087.96,161.64,1.52,100.0,90.3
3674,-15087.96,59.4318,1.53,100.0,90.3
3675,-15062.05,65.3308,1.48,100.0,90.4
3676,-15096.72,71.1623,1.52,100.0,90.1
3677,-15087.96,68.8663,1.5,100.0,90.3
3678,-15111.71,436.2116,1.49,100.0,90.4
3679,-15176.94,272.5114,1.44,100.0,90.4
3680,-15062.05,88.2146,1.48,100.0,90.5
3681,-15111.71,222.2957,1.55,100.0,90.5
3682,-15111.71,124.8475,1.59,100.0,90.5
3683,-15111.71,71.1636,1.56,100.0,90.4
3684,-15102.76,456.9241,1.56,100.0,90.6
3685,-15082.95,357.0113,1.59,99.6,90.8
3686,-15077.04,200.7558,1.47,100.0,90.9
3687,-15077.04,175.6443,1.48,100.0,90.9
3688,-15077.04,121.0276,1.57,100.0,90.8
3689,-15077.04,38.5836,1.53,100.0,90.9
3690,-15111.71,414.0797,1.44,100.0,91.0
3691,-15102.76,298.5728,1.6,100.0,91.0
3692,-15111.71,234.28,1.6,100.0,91.0
3693,-15111.71,122.0036,1.52,100.0,91.0
3694,-15111.71,45.4472,1.49,100.0,91.0
3695,-15111.71,16.4683,1.56,100.0,91.1
3696,-15086.35,88.2771,1.58,98.3,91.5
3697,-15086.35,49.9111,1.59,100.0,91.4
3698,-15062.84,537.817,1.45,100.0,91.4
3699,-15056.49,340.8437,1.49,100.0,91.5
3700,-15084.53,147.7648,1.5,100.0,91.4
3701,-15078.74,228.1783,1.45,100.0,91.6
3702,-15050.13,320.0557,1.48,100.0,91.6
3703,-15033.8,213.7498,1.51,100.0,91.7
3704,-15089.62,557.8883,1.53,100.0,91.7
3705,-15060.71,214.3061,1.48,100.0,91.7
3706,-15154.08,824.0954,1.51,100.0,91.7
3707,-15116.25,134.9582,1.51,97.4,92.0
3708,-15125.5,136.8558,1.58,100.0,92.0
3709,-15108.93,126.2582,1.61,100.0,91.9
3710,-15154.08,290.654,1.77,98.7,92.2
3711,-15077.7,167.6228,1.61,96.3,92.2
3712,-15060.71,106.2371,1.49,100.0,92.0
3713,-15060.71,72.0707,1.46,100.0,92.1
3714,-15110.34,151.2065,1.57,100.0,92.2
3715,-15110.34,91.274,1.52,100.0,91.8
3716,-15110.34,69.2086,1.46,100.0,91.8
3717,-15110.34,35.2809,1.56,100.0,91.8
3718,-15089.62,34.1796,1.53,100.0,91.7
3719,-15069.28,48.9167,1.46,100.0,91.6
3720,-15069.28,22.002,1.47,100.0,91.7
3721,-15065.48,91.5894,1.52,100.0,91.7
3722,-15069.28,15.7005,1.5,100.0,91.8
3723,-15089.62,38.2277,1.46,100.0,91.8
3724,-15154.08,273.1473,1.5,100.0,91.7
3725,-15069.28,212.2383,1.58,94.8,91.9
3726,-15071.15,225.135,1.49,100.0,91.9
3727,-15065.48,39.9729,1.54,100.0,92.0
3728,-15118.01,183.9833,1.71,100.0,92.0
3729,-15072.69,31.5295,1.6,94.4,92.1
3730,-15089.2,137.5779,1.52,100.0,92.2
3731,-15110.34,67.4219,1.49,100.0,92.1
3732,-15112.12,172.0264,1.49,100.0,92.2
3733,-15110.34,36.7461,1.52,100.0,92.2
3734,-15082.82,366.2606,1.42,100.0,92.2
3735,-15110.34,38.2206,1.53,100.0,92.3
3736,-15075.5,202.3603,1.65,100.0,92.4
3737,-15065.48,134.5198,1.47,100.0,92.1
3738,-15069.28,34.1869,1.46,100.0,92.0
3739,-15069.28,21.5442,1.51,99.6,92.1
3740,-15158.11,546.0545,1.51,100.0,92.1
3741,-15110.34,48.0301,1.47,100.0,92.2
3742,-15110.34,33.18,1.49,100.0,92.3
3743,-15110.34,18.515,1.54,100.0,92.4
3744,-15065.48,112.2047,1.55,100.0,92.3
3745,-15069.28,45.2632,1.48,100.0,92.4
3746,-15069.28,28.6158,1.53,100.0,92.4
3747,-15110.34,33.2972,1.56,100.0,92.5
3748,-15065.48,135.667,1.56,100.0,92.7
3749,-15089.62,35.1945,1.54,100.0,92.1
3750,-15060.71,85.5668,1.51,100.0,92.1
3751,-15080.14,90.6615,1.49,100.0,92.2
3752,-15158.11,211.1988,1.41,99.9,92.3
3753,-15104.43,186.9488,1.49,99.7,92.5
3754,-15075.86,457.6625,1.48,100.0,92.6
3755,-15087.12,176.865,1.46,100.0,92.1
3756,-15087.12,79.7293,1.51,100.0,92.1
3757,-15104.43,293.3779,1.5,100.0,92.2
3758,-15080.14,183.7215,1.55,99.9,92.3
3759,-15060.71,170.5759,1.53,100.0,92.3
3760,-15080.14,81.9354,1.53,100.0,92.3
3761,-15108.93,130.8199,1.59,100.0,92.3
3762,-15108.93,114.0111,1.74,94.1,92.6
3763,-15065.48,185.3604,1.68,100.0,92.6
3764,-15072.69,50.3832,1.47,100.0,92.5
3765,-15072.69,44.5566,1.5,100.0,92.5
3766,-15072.69,27.5283,1.5,100.0,92.6
3767,-15093.18,38.4929,1.49,99.7,92.6
3768,-15104.43,31.4389,1.46,100.0,92.6
3769,-15098.02,84.1494,1.45,100.0,92.7
3770,-15065.48,111.4449,1.5,100.0,92.6
3771,-15073.03,165.2155,1.45,100.0,92.6
3772,-15073.03,116.2728,1.54,100.0,92.7
3773,-15057.99,280.6134,1.52,98.8,92.8
3774,-15073.03,20.7474,1.51,100.0,92.9
3775,-15065.48,117.9049,1.5,100.0,92.8
3776,-15065.3,90.7458,1.6,100.0,92.8
3777,-15080.4,74.7952,1.64,91.3,92.5
3778,-15087.9,125.3958,1.55,100.0,92.6
3779,-15104.43,102.5331,1.48,100.0,92.6
3780,-15069.28,73.9579,1.58,100.0,92.5
3781,-15065.48,42.6631,1.74,100.0,92.6
3782,-15065.48,37.332,1.64,98.4,92.8
3783,-15093.75,141.7392,1.49,100.0,92.8
3784,-15069.28,122.4809,1.58,100.0,92.8
3785,-15110.34,39.2775,1.53,100.0,92.8
3786,-15110.34,22.7639,1.47,100.0,92.8
3787,-15110.34,10.4166,1.47,100.0,92.7
3788,-15110.34,8.6579,1.48,100.0,92.8
3789,-15069.28,66.5166,1.45,100.0,92.8
3790,-15069.28,29.0182,1.45,100.0,92.8
3791,-15065.48,98.0853,1.5,99.5,92.3
3792,-15110.34,50.9049,1.61,100.0,92.3
3793,-15110.34,40.7209,1.51,100.0,92.5
3794,-15069.28,61.9956,1.53,100.0,92.5
3795,-15069.28,34.2407,1.57,100.0,92.5
3796,-15069.28,11.2692,1.64,92.7,92.6
3797,-15069.28,10.9077,1.57,100.0,92.6
3798,-15069.28,5.0148,1.58,100.0,92.7
3799,-15110.34,29.2144,1.68,99.8,92.8
3800,-15069.28,65.0545,1.57,100.0,92.7
3801,-15069.28,36.0841,1.47,100.0,92.7
3802,-15069.28,16.1473,1.5,100.0,92.8
3803,-15158.11,389.9494,1.55,100.0,92.8
3804,-15072.69,189.8886,1.64,100.0,92.8
3805,-15075.5,437.0349,1.56,100.0,93.2
3806,-15072.69,50.8668,1.51,100.0,93.1
3807,-15060.71,38.2213,1.59,100.0,93.2
3808,-15110.34,99.8894,1.56,100.0,93.2
3809,-15069.28,55.2345,1.45,100.0,93.0
3810,-15069.28,32.2293,1.46,100.0,93.2
3811,-15096.22,131.6318,1.48,99.2,93.3
3812,-15069.28,7.7545,1.45,100.0,93.1
3813,-15021.92,138.9853,1.5,100.0,93.0
3814,-15112.12,345.0369,1.56,99.1,92.6
3815,-15072.69,41.056,1.53,100.0,92.6
3816,-15073.03,30.2715,1.52,100.0,92.6
3817,-15111.71,199.013,1.69,100.0,92.7
3818,-15095.5,147.8836,1.64,96.7,92.7
3819,-15095.5,120.6061,1.53,98.8,92.1
3820,-15095.5,78.3901,1.47,100.0,92.1
3821,-15037.99,214.5652,1.53,100.0,92.1
3822,-15101.62,93.4601,1.55,100.0,92.1
3823,-15095.5,69.9798,1.53,100.0,92.2
3824,-15185.84,511.3389,1.47,100.0,92.2
3825,-15095.5,137.7541,1.47,100.0,92.2
3826,-15095.5,72.8383,1.51,100.0,92.3
3827,-15054.24,228.415,1.6,100.0,92.0
3828,-15111.71,153.8031,1.46,100.0,92.1
3829,-15095.5,58.3564,1.54,100.0,92.2
3830,-15111.71,26.9458,1.53,100.0,92.2
3831,-15111.71,18.2203,1.44,100.0,92.2
3832,-15111.71,12.3535,1.51,100.0,92.1
3833,-15111.71,6.103,1.55,99.0,92.2
3834,-15111.71,3.0754,1.61,100.0,92.2
3835,-15137.91,359.5752,1.52,100.0,92.2
3836,-15072.69,277.6348,1.52,100.0,92.3
3837,-15158.11,310.2335,1.57,98.6,92.2
3838,-15110.34,102.0102,1.47,100.0,92.2
3839,-15115.99,97.0631,1.41,100.0,92.3
3840,-15158.11,418.3363,1.49,100.0,92.4
3841,-15158.11,215.5594,1.54,100.0,92.5
3842,-15158.11,150.1024,1.49,100.0,92.5
3843,-15072.69,594.6961,1.48,100.0,92.4
3844,-15110.34,222.2597,1.54,100.0,92.4
3845,-15069.28,166.9104,1.53,100.0,92.6
3846,-15158.11,612.6249,1.47,100.0,92.6
3847,-15158.11,440.6742,1.48,100.0,92.7
3848,-15069.28,121.0745,1.49,100.0,92.6
3849,-15154.08,188.3804,1.46,100.0,92.6
3850,-15158.11,106.7134,1.48,100.0,92.6
3851,-15110.34,244.2071,1.64,100.0,92.7
3852,-15110.34,183.2868,1.67,100.0,92.8
3853,-15075.5,813.7137,1.54,100.0,92.8
3854,-15069.28,118.7145,1.53,100.0,92.7
3855,-15108.93,149.5848,1.59,100.0,92.8
3856,-15098.02,153.7243,1.62,98.0,93.0
3857,-15085.17,193.5691,1.52,100.0,93.0
3858,-15072.69,87.6866,1.49,100.0,93.0
3859,-15098.92,184.11,1.5,100.0,92.8
3860,-15102.38,43.6684,1.47,100.0,92.9
3861,-15072.69,54.9904,1.42,100.0,93.0
3862,-15102.38,30.1056,1.5,100.0,93.2
3863,-15158.11,444.3286,1.59,100.0,92.8
3864,-15158.11,252.894,1.46,100.0,92.9
3865,-15075.88,537.8054,1.5,100.0,92.9
3866,-15121.16,163.0376,1.55,100.0,92.9
3867,-15063.13,358.2549,1.57,100.0,93.0
3868,-15075.88,150.1796,1.57,100.0,93.0
3869,-15121.16,367.3794,1.54,100.0,93.0
3870,-15121.16,148.2512,1.61,100.0,92.9
3871,-15111.33,135.0954,1.47,100.0,93.0
3872,-15109.05,157.2694,1.42,99.9,93.0
3873,-15104.43,71.5654,1.46,100.0,93.1
3874,-15067.43,162.3537,1.46,100.0,93.1
3875,-15121.16,153.7029,1.44,100.0,93.0
3876,-15075.88,20.6568,1.51,100.0,93.0
3877,-15087.12,20.8663,1.52,95.9,92.8
3878,-15102.38,23.3539,1.54,100.0,92.8
3879,-15102.38,19.7039,1.55,100.0,92.8
3880,-15102.38,9.7937,1.61,100.0,92.9
3881,-15102.38,3.3191,1.71,94.5,93.0
3882,-15089.2,404.8608,1.57,97.7,92.9
3883,-15075.88,32.3177,1.47,100.0,93.0
3884,-15102.38,16.59,1.49,100.0,93.0
3885,-15065.48,120.5628,1.53,100.0,93.0
3886,-15102.38,11.3008,1.6,99.2,93.0
3887,-15102.38,7.1856,1.5,100.0,93.0
3888,-15102.38,4.3727,1.64,100.0,93.1
3889,-15130.29,142.829,1.55,100.0,93.1
3890,-15102.38,3.193,1.61,100.0,93.1
3891,-15093.54,26.283,1.46,100.0,93.1
3892,-15130.29,149.7648,1.55,100.0,93.3
3893,-15123.78,96.7516,1.52,100.0,93.2
3894,-15075.88,109.9428,1.44,100.0,93.2
3895,-15130.29,114.5506,1.42,100.0,93.2
3896,-15102.38,29.6322,1.51,99.4,93.6
3897,-15127.89,170.2279,1.48,100.0,93.6
3898,-15102.38,84.8355,1.5,100.0,93.5
3899,-15102.38,54.6361,1.53,100.0,93.5
3900,-15102.38,29.0177,1.59,97.7,93.8
3901,-15102.75,51.0889,1.56,100.0,94.0
3902,-15102.38,12.876,1.44,100.0,94.1
3903,-15075.88,24.886,1.48,100.0,94.1
3904,-15075.88,13.9825,1.53,100.0,94.0
3905,-15075.88,9.7275,1.87,99.5,94.1
3906,-15075.88,8.3248,1.55,100.0,94.1
3907,-15100.9,129.7473,1.57,100.0,94.2
3908,-15123.78,65.0032,1.53,100.0,94.2
3909,-15094.06,163.2754,1.61,100.0,94.2
3910,-15102.38,28.9861,1.48,100.0,94.2
3911,-15075.88,31.7305,1.49,100.0,94.3
3912,-15117.14,67.548,1.51,100.0,94.4
3913,-15102.38,47.1659,1.44,100.0,94.4
3914,-15117.14,26.8145,1.56,100.0,94.2
3915,-15094.06,181.0771,1.47,100.0,94.1
3916,-15075.88,34.3511,1.52,100.0,94.3
3917,-15075.88,17.6387,1.59,99.2,94.3
3918,-15081.42,247.5796,1.48,100.0,94.5
3919,-15075.88,30.5988,1.48,100.0,94.5
3920,-15117.14,85.5217,1.55,100.0,94.3
3921,-15104.2,87.4808,1.54,99.8,94.3
3922,-15081.66,205.6965,1.51,100.0,94.3
3923,-15102.8,107.1216,1.51,100.0,94.4
3924,-15075.88,47.4045,1.56,100.0,94.5
3925,-15102.38,45.5089,1.53,100.0,94.8
3926,-15102.38,17.2153,1.49,100.0,94.8
3927,-15107.96,149.1594,1.51,100.0,94.8
3928,-15102.38,24.8396,1.53,100.0,94.3
3929,-15102.02,72.6354,1.54,100.0,93.8
3930,-15075.88,98.5389,1.48,100.0,93.8
3931,-15090.62,161.2471,1.55,98.3,93.4
3932,-15102.8,107.2252,1.55,96.6,93.8
3933,-15102.8,61.3572,1.5,100.0,93.7
3934,-15097.53,82.4304,1.48,100.0,93.8
3935,-15100.9,168.7043,1.55,100.0,93.8
3936,-15093.54,107.7792,1.52,99.7,93.8
3937,-15094.04,109.8079,1.44,100.0,93.7
3938,-15102.75,37.6921,1.53,100.0,93.7
3939,-15166.78,136.3421,1.59,100.0,93.8
3940,-15099.99,166.2852,1.84,100.0,93.8
3941,-15088.04,64.0072,1.75,99.9,93.8
3942,-15176.26,448.2291,1.47,100.0,94.0
3943,-15132.28,69.4056,1.54,100.0,93.9
3944,-15168.73,99.1738,1.6,100.0,94.0
3945,-15144.75,94.1664,1.6,100.0,94.1
3946,-15088.04,162.6082,1.44,100.0,94.1
3947,-15102.38,30.6607,1.49,100.0,94.1
3948,-15097.53,36.2644,1.47,100.0,94.1
3949,-15102.75,40.7212,1.4,100.0,94.1
3950,-15102.38,18.0108,1.46,100.0,94.2
3951,-15102.38,12.3526,1.48,100.0,94.4
3952,-15152.82,421.1192,1.48,100.0,94.3
3953,-15188.84,463.5378,1.45,100.0,94.3
3954,-15173.12,299.0625,1.52,100.0,94.3
3955,-15172.95,463.9349,1.53,97.6,94.6
3956,-15136.47,303.0152,1.53,100.0,94.6
3957,-15143.26,500.6459,1.5,100.0,94.5
3958,-15136.47,128.8997,1.77,100.0,94.7
3959,-15157.45,238.2606,1.67,93.5,94.8
3960,-15136.47,156.0879,1.62,99.7,94.8
3961,-15136.47,70.0413,1.47,100.0,94.8
3962,-15119.36,242.2106,1.53,100.0,94.8
3963,-15183.5,244.5214,1.57,100.0,94.9
3964,-15136.47,64.5381,1.53,99.5,95.5
3965,-15136.47,36.0171,1.44,100.0,95.4
3966,-15136.47,21.345,1.52,100.0,95.5
3967,-15136.47,9.6081,1.6,100.0,94.3
3968,-15136.47,3.9016,1.46,100.0,94.4
3969,-15177.55,512.8533,1.49,100.0,94.4
3970,-15115.15,349.9791,1.47,100.0,94.5
3971,-15136.47,51.5287,1.47,100.0,94.5
3972,-15107.23,468.6245,1.49,100.0,94.4
3973,-15166.63,246.0789,1.56,100.0,94.4
3974,-15136.47,122.6483,1.59,100.0,94.2
3975,-15167.14,173.7056,1.65,100.0,94.1
3976,-15136.47,125.2949,1.54,100.0,94.4
3977,-15124.7,91.5096,1.55,98.6,94.0
3978,-15124.7,64.5682,1.49,99.8,93.8
3979,-15136.47,44.5399,1.45,100.0,93.9
3980,-15136.47,26.687,1.49,100.0,93.9
3981,-15212.91,337.8816,1.52,100.0,94.0
3982,-15154.89,228.3418,1.65,98.4,94.0
3983,-15124.7,41.7325,1.54,100.0,94.0
3984,-15165.42,172.3148,1.51,100.0,93.7
3985,-15246.56,271.2736,1.57,100.0,93.8
3986,-15136.47,236.416,1.54,100.0,93.9
3987,-15136.47,216.5083,1.46,100.0,93.9
3988,-15172.95,180.919,1.5,100.0,93.9
3989,-15228.74,622.4627,1.48,100.0,93.9
3990,-15279.64,566.2046,1.46,100.0,94.0
3991,-15198.23,166.9763,1.39,100.0,94.1
3992,-15136.47,89.41,1.49,99.5,94.2
3993,-15124.7,81.1065,1.59,100.0,94.0
3994,-15177.55,472.2515,1.58,100.0,94.0
3995,-15124.7,37.0676,1.57,100.0,94.1
3996,-15157.45,108.319,1.58,97.2,94.2
3997,-15124.7,126.1235,1.55,97.5,94.4
3998,-15136.47,50.4597,1.54,100.0,94.3
3999,-15177.55,353.2414,1.5,100.0,94.2
4000,-15177.55,236.0534,1.61,100.0,94.3
4001,-15151.62,148.5727,1.56,99.1,94.4
4002,-15134.14,349.8731,1.48,100.0,94.5
4003,-15129.16,411.5764,1.5,100.0,94.5
4004,-15208.33,497.5427,1.51,100.0,94.4
4005,-15208.33,404.8477,1.57,98.0,94.3
4006,-15208.33,184.7961,1.52,100.0,94.3
4007,-15208.33,142.6003,1.53,100.0,94.5
4008,-15216.47,135.3317,1.6,99.9,94.5
4009,-15208.33,45.9563,1.52,99.7,94.5
4010,-15208.33,36.3799,1.77,100.0,94.4
4011,-15152.07,684.3838,1.48,100.0,94.5
4012,-15186.34,86.3195,1.54,100.0,94.6
4013,-15186.34,44.2528,1.51,100.0,94.6
4014,-15208.33,125.6004,1.42,100.0,94.7
4015,-15185.25,220.7239,1.44,100.0,94.7
4016,-15174.36,49.9107,1.45,100.0,94.7
4017,-15152.07,162.2741,1.49,100.0,94.8
4018,-15208.33,408.7752,1.43,100.0,94.8
4019,-15152.07,99.2492,1.55,100.0,94.9
4020,-15208.33,173.7703,1.57,100.0,94.9
4021,-15208.33,114.3019,1.54,100.0,95.0
4022,-15186.34,213.5843,1.51,100.0,94.8
4023,-15208.33,52.2241,1.57,100.0,95.0
4024,-15235.08,165.0663,1.66,98.6,94.9
4025,-15208.33,51.9844,1.58,100.0,94.9
4026,-15134.14,249.2814,1.5,100.0,94.9
4027,-15152.07,281.0569,1.5,100.0,95.0
4028,-15208.33,359.5688,1.61,100.0,95.1
4029,-15208.33,268.6771,1.57,100.0,95.0
4030,-15111.9,500.9101,1.47,100.0,95.1
4031,-15146.91,197.2882,1.57,100.0,95.1
4032,-15185.25,142.9956,1.65,98.0,95.3
4033,-15160.82,136.7757,1.53,100.0,95.2
4034,-15134.14,222.4928,1.47,100.0,95.2
4035,-15208.33,277.2759,1.59,100.0,95.2
4036,-15208.33,116.2204,1.57,100.0,95.1
4037,-15134.14,324.7218,1.47,99.9,94.9
4038,-15235.08,166.4034,1.45,100.0,94.9
4039,-15196.96,31.1677,1.48,100.0,94.9
4040,-15152.07,307.7096,1.46,100.0,94.9
4041,-15133.74,465.6115,1.4,99.8,94.9
4042,-15203.57,398.3826,1.51,99.4,95.1
4043,-15190.45,161.0,1.49,100.0,95.1
4044,-15235.08,313.0603,1.47,100.0,95.1
4045,-15203.57,260.4142,1.5,100.0,95.1
4046,-15185.25,345.0514,1.78,100.0,95.3
4047,-15125.44,378.6564,1.79,93.0,95.3
4048,-15208.33,219.3164,1.54,100.0,95.4
4049,-15105.69,269.6819,1.52,100.0,95.0
4050,-15208.33,125.2688,1.66,100.0,94.9
4051,-15134.14,225.6184,1.62,95.7,94.9
4052,-15208.33,66.9262,1.58,100.0,94.9
4053,-15185.25,125.0505,1.45,100.0,95.0
4054,-15146.91,102.5816,1.48,100.0,95.1
4055,-15208.33,96.3323,1.52,100.0,95.2
4056,-15125.44,282.9837,1.67,97.4,95.4
4057,-15134.14,130.6307,1.52,100.0,95.5
4058,-15146.91,68.612,1.58,100.0,95.6
4059,-15185.25,157.9974,1.55,99.9,95.9
4060,-15208.33,116.6923,1.5,100.0,95.7
4061,-15134.14,234.5191,1.47,100.0,95.8
4062,-15123.2,330.2456,1.55,100.0,95.8
4063,-15185.25,148.9693,1.61,100.0,95.9
4064,-15134.14,55.388,1.61,100.0,96.0
4065,-15146.91,51.711,1.52,100.0,96.0
4066,-15170.63,35.1328,1.56,100.0,96.0
4067,-15170.63,22.7089,1.49,100.0,96.0
4068,-15146.91,58.7406,1.48,100.0,96.1
4069,-15115.78,82.0278,1.45,100.0,96.2
4070,-15172.52,316.1841,1.5,100.0,96.2
4071,-15134.14,56.5097,1.54,100.0,96.1
4072,-15142.51,66.8571,1.48,100.0,96.0
4073,-15146.91,56.8824,1.51,100.0,96.2
4074,-15119.85,23.6375,1.5,96.7,96.3
4075,-15134.14,52.547,1.47,100.0,96.3
4076,-15193.79,150.1558,1.45,100.0,96.4
4077,-15142.51,116.4557,1.53,100.0,96.4
4078,-15134.14,75.7839,1.62,99.3,96.4
4079,-15146.91,51.7325,1.68,100.0,96.5
4080,-15119.85,10.7159,1.45,100.0,96.5
4081,-15134.14,24.3337,1.57,100.0,96.3
4082,-15172.16,395.8854,1.76,100.0,96.2
4083,-15208.33,172.908,1.62,96.7,96.2
4084,-15197.8,164.6268,1.47,100.0,96.5
4085,-15168.13,107.3613,1.49,100.0,96.6
4086,-15119.85,38.1836,1.47,100.0,96.6
4087,-15134.14,76.6967,1.53,100.0,96.3
4088,-15156.53,165.8798,1.51,100.0,96.4
4089,-15119.85,109.5533,1.51,100.0,96.3
4090,-15101.69,295.3066,1.64,100.0,96.4
4091,-15134.14,57.3896,1.55,99.2,96.3
4092,-15134.14,35.7196,1.46,100.0,96.3
4093,-15134.14,27.1046,1.51,100.0,96.4
4094,-15146.91,72.5451,1.45,100.0,95.8
4095,-15151.12,54.5029,1.44,100.0,95.9
4096,-15185.25,208.2139,1.48,100.0,95.8
4097,-15146.91,13.7537,1.57,98.0,95.9
4098,-15146.91,13.5519,1.67,96.7,96.1
4099,-15119.85,82.9124,1.54,100.0,96.1
4100,-15236.62,363.9464,1.6,100.0,96.1
4101,-15134.14,67.9781,1.6,99.5,96.2
4102,-15134.14,27.4501,1.56,100.0,96.2
4103,-15134.14,7.8265,1.5,100.0,96.2
4104,-15170.63,43.5356,1.5,100.0,96.2
4105,-15164.66,45.9302,1.56,100.0,96.2
4106,-15190.45,126.1262,1.54,100.0,96.3
4107,-15216.47,116.3072,1.43,100.0,96.3
4108,-15172.52,60.6359,1.6,100.0,96.4
4109,-15156.53,33.1824,1.6,100.0,96.5
4110,-15156.53,20.3391,1.62,99.4,96.5
4111,-15131.76,287.1089,1.47,100.0,96.5
4112,-15141.87,18.0802,1.54,100.0,96.5
4113,-15166.11,31.1743,1.47,100.0,96.5
4114,-15131.76,159.6266,1.45,100.0,96.5
4115,-15141.87,60.4517,1.42,100.0,96.4
4116,-15156.53,121.2782,1.6,100.0,96.4
4117,-15141.87,62.9428,1.65,100.0,96.4
4118,-15172.52,79.6464,1.52,100.0,96.4
4119,-15164.66,31.6475,1.49,100.0,96.5
4120,-15190.45,118.7121,1.51,97.8,96.5
4121,-15170.63,87.029,1.47,100.0,96.5
4122,-15131.76,310.4682,1.46,100.0,96.4
4123,-15131.76,202.4645,1.55,100.0,96.4
4124,-15156.9,142.4385,1.64,100.0,96.5
4125,-15141.87,71.2187,1.67,100.0,96.2
4126,-15164.66,86.0636,1.43,100.0,96.1
4127,-15141.87,32.6273,1.51,100.0,96.2
4128,-15164.66,64.7134,1.67,100.0,96.1
4129,-15167.31,46.3264,1.47,100.0,95.6
4130,-15164.66,40.923,1.46,100.0,95.7
4131,-15167.31,48.7245,1.49,100.0,95.8
4132,-15164.66,19.2603,1.47,100.0,96.0
4133,-15131.76,254.3219,1.46,100.0,96.0
4134,-15131.76,215.5165,1.61,99.5,96.2
4135,-15156.9,73.2748,1.73,99.2,96.4
4136,-15156.9,36.82,1.55,100.0,96.2
4137,-15164.66,112.348,1.51,100.0,96.3
4138,-15167.31,39.8174,1.52,100.0,96.3
4139,-15170.63,27.8156,1.48,100.0,96.2
4140,-15156.9,46.6354,1.49,100.0,96.3
4141,-15170.63,8.2386,1.55,100.0,96.3
4142,-15156.9,16.3746,1.54,100.0,96.3
4143,-15134.14,18.3529,1.46,100.0,96.2
4144,-15156.9,43.1319,1.45,100.0,96.4
4145,-15164.66,84.1545,1.51,100.0,96.4
4146,-15164.66,54.9556,1.48,100.0,96.5
4147,-15164.66,24.2952,1.5,100.0,96.4
4148,-15164.66,10.7749,1.49,100.0,96.4
4149,-15164.66,8.7183,1.64,97.2,96.0
4150,-15200.71,217.3295,1.6,99.5,96.0
4151,-15166.11,31.9953,1.5,100.0,96.2
4152,-15200.71,126.075,1.61,100.0,96.3
4153,-15181.72,109.9564,1.72,98.6,96.2
4154,-15166.11,15.7264,1.5,100.0,96.1
4155,-15164.66,50.5714,1.44,100.0,96.2
4156,-15156.53,32.6999,1.53,100.0,96.2
4157,-15164.66,13.4883,1.53,100.0,96.0
4158,-15164.66,6.8707,1.74,100.0,96.3
4159,-15166.11,39.7912,1.48,100.0,96.4
4160,-15164.66,8.1726,1.52,100.0,96.3
4161,-15164.66,6.6893,1.54,100.0,96.2
4162,-15166.11,21.8811,1.67,100.0,95.4
4163,-15170.63,61.0541,1.47,100.0,95.4
4164,-15156.53,72.2757,1.52,100.0,95.4
4165,-15156.53,59.4776,1.47,100.0,95.5
4166,-15156.53,33.7349,1.46,98.0,95.0
4167,-15141.87,29.635,1.44,100.0,95.1
4168,-15164.66,15.776,1.49,99.9,94.9
4169,-15148.62,74.5504,1.49,100.0,95.0
4170,-15140.87,61.5666,1.51,100.0,95.0
4171,-15153.86,127.8012,1.59,100.0,95.1
4172,-15200.71,116.5826,1.62,99.0,94.9
4173,-15166.11,62.081,1.47,100.0,94.8
4174,-15166.11,59.1302,1.51,100.0,94.9
4175,-15156.53,96.9835,1.68,100.0,95.0
4176,-15190.45,96.9883,1.62,91.3,95.1
4177,-15140.87,35.6305,1.54,100.0,95.2
4178,-15167.08,160.5309,1.52,100.0,95.1
4179,-15163.24,222.8159,1.54,100.0,95.0
4180,-15170.63,65.1031,1.49,100.0,94.9
4181,-15170.63,48.5318,1.41,99.8,94.9
4182,-15170.63,23.9151,1.46,100.0,95.0
4183,-15156.53,87.8022,1.48,100.0,95.2
4184,-15167.08,62.1807,1.47,100.0,95.0
4185,-15170.63,10.9196,1.53,100.0,95.0
4186,-15170.63,7.2433,1.54,89.1,94.5
4187,-15170.63,5.5189,1.48,100.0,94.6
4188,-15148.62,58.6408,1.5,100.0,94.7
4189,-15148.62,35.756,1.62,100.0,94.7
4190,-15172.52,116.1806,1.54,100.0,94.9
4191,-15156.53,64.1394,1.46,100.0,94.9
4192,-15156.53,45.7349,1.57,100.0,94.9
4193,-15170.63,67.0132,1.65,100.0,95.0
4194,-15170.63,49.5921,1.54,100.0,95.2
4195,-15170.63,32.6302,1.45,100.0,95.2
4196,-15156.53,48.3331,1.52,100.0,95.2
4197,-15156.53,45.3528,1.5,100.0,95.3
4198,-15156.53,29.3666,1.47,100.0,95.2
4199,-15196.96,105.924,1.42,100.0,95.3
4200,-15148.62,99.9669,1.57,94.0,95.6
4201,-15156.53,19.2519,1.51,100.0,95.6
4202,-15156.53,12.8992,1.46,100.0,95.6
4203,-15156.53,6.809,1.51,100.0,95.8
4204,-15131.76,292.7186,1.56,100.0,95.8
4205,-15158.92,130.3562,1.45,100.0,95.8
4206,-15116.76,103.9299,1.51,100.0,95.9
4207,-15166.11,80.982,1.59,100.0,95.8
4208,-15116.76,70.7332,1.54,99.7,95.8
4209,-15164.66,121.6208,1.43,100.0,95.9
4210,-15221.8,223.9797,1.49,100.0,96.0
4211,-15141.13,752.8668,1.49,100.0,96.0
4212,-15184.76,204.0264,1.47,100.0,96.1
4213,-15141.87,26.6706,1.47,100.0,95.9
4214,-15164.66,71.3353,1.58,96.7,96.2
4215,-15141.87,18.1588,1.54,100.0,96.2
4216,-15172.52,40.0656,1.46,100.0,96.3
4217,-15164.66,18.3424,1.56,100.0,96.4
4218,-15156.53,29.0585,1.61,96.4,96.3
4219,-15156.53,13.8677,1.51,100.0,96.2
4220,-15156.53,9.8627,1.44,100.0,96.2
4221,-15156.9,132.8711,1.49,100.0,96.5
4222,-15141.87,29.2963,1.51,100.0,96.6
4223,-15156.53,19.8137,1.59,99.1,96.7
4224,-15116.76,149.928,1.5,100.0,96.6
4225,-15095.48,435.3731,1.61,100.0,96.7
4226,-15167.31,390.9994,1.52,100.0,96.8
4227,-15164.66,379.3125,1.47,100.0,96.7
4228,-15134.04,53.3874,1.5,100.0,96.8
4229,-15116.76,84.5623,1.52,99.8,97.2
4230,-15221.8,199.2974,1.54,100.0,97.2
4231,-15202.53,281.8242,1.49,100.0,97.0
4232,-15221.8,132.0756,1.58,100.0,96.9
4233,-15164.66,102.2691,1.63,89.7,96.8
4234,-15167.31,63.7648,1.55,100.0,96.8
4235,-15164.66,79.4786,1.46,100.0,96.7
4236,-15164.66,37.2169,1.49,100.0,96.6
4237,-15156.53,30.291,1.51,100.0,96.7
4238,-15164.66,6.6186,1.45,100.0,96.7
4239,-15172.52,20.9556,1.57,100.0,96.8
4240,-15156.9,147.3429,1.67,100.0,96.9
4241,-15156.53,17.183,1.65,100.0,96.9
4242,-15190.45,117.013,1.5,100.0,96.9
4243,-15170.63,68.5217,1.54,100.0,96.9
4244,-15170.63,48.0979,1.53,100.0,97.0
4245,-15156.53,69.6263,1.51,100.0,97.0
4246,-15172.52,81.1069,1.45,100.0,97.1
4247,-15172.52,58.0874,1.51,100.0,97.1
4248,-15156.53,27.9407,1.52,99.0,97.2
4249,-15156.53,12.915,1.46,100.0,97.2
4250,-15170.63,78.2436,1.5,100.0,97.1
4251,-15172.52,32.1404,1.52,97.0,96.7
4252,-15164.66,11.8103,1.51,100.0,96.7
4253,-15184.76,139.8658,1.46,100.0,96.7
4254,-15164.66,13.1347,1.52,100.0,96.8
4255,-15116.76,239.3754,1.54,99.7,97.0
4256,-15206.47,130.8953,1.51,100.0,97.1
4257,-15095.48,645.7661,1.44,100.0,97.1
4258,-15187.68,607.5983,1.5,100.0,97.0
4259,-15214.61,400.7731,1.74,100.0,97.4
4260,-15206.47,202.5174,1.71,99.6,97.6
4261,-15221.8,145.5404,1.47,100.0,94.9
4262,-15206.47,155.1671,1.55,100.0,90.4
4263,-15206.47,117.9345,1.48,100.0,89.2
4264,-15164.66,61.764,1.46,99.7,89.5
4265,-15164.66,37.6291,1.49,100.0,89.8
4266,-15164.66,14.1068,1.55,100.0,89.4
4267,-15156.53,23.355,1.5,100.0,89.4
4268,-15156.9,126.1568,1.43,100.0,89.3
4269,-15156.9,85.2701,1.46,100.0,89.4
4270,-15141.87,46.8866,1.48,98.0,89.6
4271,-15145.11,48.0295,1.46,100.0,89.6
4272,-15109.48,283.8225,1.44,100.0,89.5
4273,-15142.51,25.9218,1.52,100.0,89.5
4274,-15145.11,19.5338,1.49,96.5,89.2
4275,-15142.51,9.5235,1.43,100.0,88.7
4276,-15177.55,115.0447,1.46,100.0,88.6
4277,-15146.91,94.131,1.52,100.0,88.7
4278,-15158.48,35.0481,1.79,99.0,88.5
4279,-15121.81,210.8794,1.46,100.0,88.5
4280,-15134.14,94.8773,1.48,100.0,88.7
4281,-15134.14,80.1825,1.46,100.0,89.1
4282,-15162.44,123.0988,1.44,100.0,89.1
4283,-15124.89,189.3934,1.39,99.8,88.8
4284,-15134.14,124.3984,1.48,99.9,88.9
4285,-15148.86,58.55,1.5,100.0,89.3
4286,-15162.44,99.7428,1.46,100.0,89.2
4287,-15124.89,67.8664,1.51,100.0,89.3
4288,-15145.11,38.5097,1.51,90.4,89.0
4289,-15159.1,235.0942,1.46,100.0,88.9
4290,-15124.89,23.5775,1.45,100.0,89.0
4291,-15159.1,142.0831,1.51,100.0,89.1
4292,-15148.86,58.5233,1.43,98.0,89.3
4293,-15159.1,78.3472,1.46,100.0,89.1
4294,-15159.1,41.5495,1.47,100.0,89.1
4295,-15159.1,15.5688,1.45,100.0,89.2
4296,-15124.89,145.4274,1.44,100.0,89.1
4297,-15124.89,142.5418,1.37,99.3,89.1
4298,-15124.89,119.0071,1.47,100.0,89.1
4299,-15124.89,75.4275,1.49,100.0,89.2
4300,-15133.4,60.0,1.44,100.0,89.1
4301,-15124.89,35.4466,1.49,100.0,89.2
4302,-15118.87,51.1468,1.5,88.2,89.3
4303,-15148.16,62.2946,1.45,100.0,89.3
4304,-15148.16,21.6995,1.45,100.0,89.3
4305,-15133.4,55.7137,1.51,100.0,89.3
4306,-15148.16,20.9734,1.5,93.6,89.4
4307,-15124.89,32.1633,1.48,100.0,89.4
4308,-15148.16,12.0397,1.45,100.0,89.4
4309,-15119.25,109.3071,1.49,100.0,89.5
4310,-15124.89,23.3616,1.44,100.0,89.6
4311,-15133.4,41.6446,1.43,99.8,89.5
4312,-15118.87,20.6064,1.49,100.0,89.5
4313,-15148.16,52.6479,1.44,100.0,89.5
4314,-15148.16,39.6794,1.44,100.0,89.6
4315,-15148.16,28.2215,1.48,100.0,89.8
4316,-15115.52,452.5241,1.47,93.7,89.8
4317,-15123.2,486.5303,1.48,100.0,89.6
4318,-15119.85,102.4951,1.47,100.0,89.6
4319,-15109.48,411.2628,1.54,100.0,89.6
4320,-15142.51,30.0174,1.52,93.0,89.7
4321,-15142.51,21.11,1.47,99.0,89.8
4322,-15116.76,127.5653,1.44,100.0,89.7
4323,-15142.51,85.2851,1.46,100.0,89.8
4324,-15142.51,46.1965,1.54,100.0,89.7
4325,-15142.51,20.8573,1.47,98.6,89.7
4326,-15133.21,113.8736,1.49,100.0,89.7
4327,-15164.66,99.5055,1.48,100.0,89.8
4328,-15142.51,8.3192,1.46,100.0,89.1
4329,-15164.66,67.9741,1.44,100.0,89.1
4330,-15164.66,34.2396,1.49,100.0,89.1
4331,-15142.51,35.2399,1.46,97.7,88.6
4332,-15142.51,36.5779,1.42,100.0,88.7
4333,-15182.54,78.9398,1.46,100.0,88.4
4334,-15090.92,463.2097,1.49,100.0,88.4
4335,-15142.51,34.9552,1.45,100.0,88.4
4336,-15168.13,213.8529,1.45,100.0,88.3
4337,-15145.11,38.6634,1.47,100.0,88.4
4338,-15142.51,11.9643,1.48,98.8,88.5
4339,-15142.51,7.6335,1.47,100.0,88.5
4340,-15142.51,4.9855,1.46,100.0,88.6
4341,-15142.51,2.8661,1.52,100.0,88.6
4342,-15142.51,1.7266,1.53,90.7,88.5
4343,-15142.51,1.3768,1.46,100.0,88.3
4344,-15090.92,239.3658,1.48,100.0,88.4
4345,-15165.49,206.0227,1.46,100.0,88.5
4346,-15142.51,72.9523,1.52,98.7,88.3
4347,-15142.51,23.2622,1.42,100.0,88.4
4348,-15142.51,33.4607,1.5,100.0,88.3
4349,-15142.51,9.0467,1.52,100.0,88.3
4350,-15142.51,6.4281,1.46,100.0,88.3
4351,-15124.43,104.4098,1.39,97.8,88.4
4352,-15173.18,368.8819,1.42,100.0,88.5
4353,-15147.14,126.7592,1.45,100.0,88.5
4354,-15182.19,343.2638,1.45,100.0,88.4
4355,-15124.89,255.4267,1.47,100.0,88.5
4356,-15124.89,117.0368,1.53,89.2,88.6
4357,-15155.16,140.8455,1.45,99.3,88.7
4358,-15121.8,197.5297,1.44,100.0,88.6
4359,-15148.86,52.3227,1.5,100.0,88.6
4360,-15182.19,208.0632,1.53,99.7,88.7
4361,-15148.86,95.7891,1.51,100.0,88.6
4362,-15124.89,69.9171,1.44,100.0,88.6
4363,-15148.57,143.2751,1.47,100.0,88.7
4364,-15182.19,282.0704,1.44,100.0,88.6
4365,-15124.89,34.0578,1.42,99.6,88.7
4366,-15124.89,20.6288,1.45,100.0,88.7
4367,-15118.87,26.0225,1.5,100.0,88.6
4368,-15162.44,122.0902,1.48,100.0,88.7
4369,-15124.89,33.3351,1.44,100.0,88.7
4370,-15124.89,19.54,1.47,100.0,88.8
4371,-15148.86,81.5795,1.47,100.0,88.8
4372,-15147.14,221.3497,1.44,100.0,88.9
4373,-15159.1,118.001,1.46,100.0,88.9
4374,-15124.89,159.9607,1.5,100.0,88.8
4375,-15148.86,67.4876,1.54,100.0,88.5
4376,-15118.87,23.3757,1.44,100.0,88.6
4377,-15211.65,390.7161,1.45,100.0,88.6
4378,-15133.4,33.0742,1.45,100.0,88.6
4379,-15148.16,39.5671,1.48,100.0,88.9
4380,-15148.16,26.9103,1.46,100.0,88.9
4381,-15148.16,11.6698,1.51,100.0,89.0
4382,-15094.56,981.747,1.5,100.0,89.2
4383,-15154.89,1216.1801,1.46,100.0,89.2
4384,-15177.29,664.6809,1.46,100.0,89.2
4385,-15193.72,741.3092,1.55,100.0,89.3
4386,-15154.89,786.2098,1.56,99.9,89.3
4387,-15167.71,391.3664,1.46,100.0,89.5
4388,-15143.26,462.9231,1.46,100.0,89.3
4389,-15193.72,379.2214,1.44,100.0,89.4
4390,-15203.99,257.4797,1.44,100.0,89.5
4391,-15143.26,377.842,1.43,100.0,89.5
4392,-15143.26,322.6691,1.45,100.0,89.5
4393,-15143.26,259.9428,1.48,100.0,89.7
4394,-15165.49,245.0761,1.48,100.0,89.6
4395,-15090.92,155.0071,1.47,100.0,89.6
4396,-15090.92,126.3902,1.5,91.0,90.0
4397,-15121.03,368.6512,1.48,100.0,89.9
4398,-15160.57,170.49,1.44,100.0,89.8
4399,-15142.51,155.5656,1.51,100.0,89.8
4400,-15142.51,77.2033,1.51,98.5,89.9
4401,-15142.51,45.6426,1.54,99.7,90.3
4402,-15148.16,72.9761,1.42,100.0,90.4
4403,-15148.16,41.2562,1.44,100.0,90.4
4404,-15142.51,33.7282,1.46,100.0,90.2
4405,-15142.51,28.2811,1.44,98.5,90.2
4406,-15168.13,154.2521,1.44,100.0,90.2
4407,-15142.51,10.0243,1.49,100.0,90.2
4408,-15118.87,61.3789,1.44,100.0,90.0
4409,-15123.86,79.9777,1.45,100.0,90.1
4410,-15208.6,296.8066,1.47,98.6,90.3
4411,-15148.16,132.7972,1.46,96.6,90.2
4412,-15208.6,237.3028,1.47,100.0,90.1
4413,-15147.0,79.0931,1.47,100.0,90.2
4414,-15133.4,75.9382,1.51,100.0,90.2
4415,-15147.0,65.1537,1.5,99.1,90.3
4416,-15133.4,40.1093,1.43,100.0,90.4
4417,-15171.82,73.5962,1.45,100.0,90.3
4418,-15148.16,49.5996,1.46,100.0,90.4
4419,-15178.18,89.7093,1.46,97.7,90.2
4420,-15148.16,52.8564,1.44,100.0,90.2
4421,-15148.16,28.9627,1.47,100.0,90.2
4422,-15148.16,15.5975,1.49,100.0,90.3
4423,-15148.16,8.3906,1.45,100.0,90.2
4424,-15133.4,66.0394,1.48,96.4,90.2
4425,-15148.01,86.9909,1.49,97.8,90.3
4426,-15111.98,221.8113,1.45,100.0,90.4
4427,-15123.86,151.1249,1.49,100.0,90.5
4428,-15133.4,50.4373,1.53,100.0,90.5
4429,-15148.16,49.0322,1.55,97.2,90.5
4430,-15148.16,44.5131,1.44,100.0,90.4
4431,-15123.86,101.2766,1.47,100.0,90.4
4432,-15133.4,39.768,1.46,100.0,90.5
4433,-15123.86,64.2612,1.56,98.3,90.6
4434,-15148.16,71.0729,1.43,100.0,90.6
4435,-15123.86,58.7883,1.48,100.0,90.6
4436,-15148.16,84.2149,1.46,100.0,90.6
4437,-15148.16,63.9806,1.42,100.0,90.7
4438,-15148.16,48.1363,1.48,100.0,90.7
4439,-15123.86,92.0705,1.52,100.0,90.8
4440,-15148.16,57.7861,1.48,99.1,90.9
4441,-15133.4,29.1353,1.43,100.0,90.8
4442,-15148.16,29.2787,1.48,100.0,91.0
4443,-15148.16,17.3675,1.44,99.3,91.0
4444,-15148.16,3.8456,1.45,100.0,90.9
4445,-15148.16,2.709,1.45,100.0,91.0
4446,-15131.55,1015.9762,1.45,100.0,91.0
4447,-15197.38,379.4885,1.46,100.0,91.0
4448,-15183.02,690.3577,1.41,100.0,90.9
4449,-15181.19,359.6795,1.51,100.0,90.9
4450,-15138.26,509.2539,1.53,88.6,91.1
4451,-15160.95,441.8352,1.49,100.0,91.1
4452,-15279.85,841.5823,1.44,100.0,91.1
4453,-15200.18,463.0767,1.51,100.0,91.2
4454,-15169.92,299.6844,1.57,90.9,91.3
4455,-15169.19,280.2623,1.44,100.0,91.2
4456,-15250.35,325.734,1.52,100.0,91.1
4457,-15169.19,242.2765,1.47,100.0,91.2
4458,-15182.57,337.8938,1.44,100.0,91.2
4459,-15228.77,180.9065,1.52,98.0,90.8
4460,-15228.77,114.6815,1.45,100.0,90.7
4461,-15155.86,202.7698,1.53,100.0,90.8
4462,-15215.17,236.7495,1.47,100.0,90.8
4463,-15155.86,101.665,1.44,99.2,90.9
4464,-15169.19,67.2677,1.49,100.0,90.9
4465,-15196.19,341.7223,1.48,100.0,91.0
4466,-15172.58,271.9117,1.43,100.0,91.0
4467,-15136.05,266.2929,1.45,100.0,91.0
4468,-15156.42,202.9671,1.49,99.6,91.1
4469,-15203.61,134.5646,1.48,97.8,91.1
4470,-15172.66,138.2817,1.46,100.0,91.1
4471,-15135.05,118.8064,1.45,100.0,91.2
4472,-15161.49,189.1127,1.5,100.0,91.3
4473,-15161.49,108.2601,1.6,95.9,91.3
4474,-15136.05,226.1796,1.48,100.0,91.3
4475,-15161.95,69.0537,1.45,100.0,91.3
4476,-15128.3,109.0479,1.46,100.0,91.3
4477,-15138.84,200.1082,1.44,100.0,91.4
4478,-15128.3,116.0645,1.44,100.0,91.4
4479,-15161.95,78.1007,1.46,100.0,90.8
4480,-15161.95,60.7887,1.48,100.0,90.7
4481,-15126.79,120.8787,1.47,100.0,90.8
4482,-15221.49,158.3975,1.49,100.0,90.9
4483,-15203.99,89.3359,1.48,94.8,90.9
4484,-15161.95,60.1755,1.47,100.0,91.0
4485,-15157.76,63.7683,1.44,100.0,91.0
4486,-15157.76,42.0536,1.53,100.0,91.0
4487,-15161.95,28.9564,1.51,97.2,91.2
4488,-15157.76,14.9593,1.48,98.9,91.3
4489,-15161.49,84.5458,1.46,100.0,91.4
4490,-15185.64,44.0109,1.48,100.0,91.4
4491,-15169.92,416.2166,1.52,100.0,91.4
4492,-15200.18,395.4169,1.44,100.0,91.5
4493,-15185.64,54.0471,1.44,100.0,91.5
4494,-15161.38,72.0788,1.46,100.0,91.6
4495,-15184.3,178.8314,1.43,100.0,91.5
4496,-15147.27,37.314,1.42,100.0,91.6
4497,-15152.14,191.7936,1.47,98.4,91.5
4498,-15199.19,457.2527,1.51,100.0,91.5
4499,-15185.64,38.6572,1.48,100.0,91.1
4500,-15161.38,54.4841,1.47,99.0,91.2
4501,-15161.49,77.3647,1.5,98.1,91.3
4502,-15166.47,116.4321,1.47,97.2,91.3
4503,-15152.14,22.4939,1.5,100.0,91.3
4504,-15152.97,138.6644,1.48,100.0,91.3
4505,-15214.96,328.3325,1.51,100.0,91.3
4506,-15152.14,19.5944,1.48,100.0,91.3
4507,-15190.8,117.1244,1.48,100.0,91.4
4508,-15157.33,91.5218,1.45,100.0,91.5
4509,-15152.14,33.2948,1.41,100.0,91.5
4510,-15160.49,140.2014,1.43,100.0,91.4
4511,-15150.92,56.3682,1.42,100.0,90.7
4512,-15152.97,70.9381,1.44,100.0,90.8
4513,-15185.64,85.4442,1.47,100.0,90.8
4514,-15161.79,234.0099,1.44,100.0,90.8
4515,-15152.14,23.4195,1.48,100.0,90.8
4516,-15152.14,12.3748,1.5,100.0,90.8
4517,-15147.27,162.0134,1.54,95.7,90.9
4518,-15152.97,132.7454,1.47,99.4,90.9
4519,-15136.16,191.2414,1.43,100.0,90.9
4520,-15150.77,160.6909,1.53,100.0,91.0
4521,-15233.55,303.984,1.54,100.0,91.1
4522,-15147.27,145.259,1.52,99.2,91.0
4523,-15105.76,473.5051,1.45,100.0,91.0
4524,-15161.49,68.6925,1.47,100.0,91.7
4525,-15161.49,51.9143,1.43,100.0,91.7
4526,-15161.49,30.2623,1.38,99.7,91.6
4527,-15105.76,291.3006,1.47,98.4,91.3
4528,-15130.05,83.0642,1.52,99.6,91.2
4529,-15188.49,355.562,1.46,100.0,91.2
4530,-15126.79,33.1341,1.5,100.0,91.0
4531,-15125.07,159.1242,1.53,95.7,90.9
4532,-15125.07,112.6364,1.46,97.6,90.8
4533,-15138.52,343.2934,1.41,100.0,90.8
4534,-15125.07,108.0048,1.46,100.0,90.8
4535,-15130.05,60.7945,1.52,100.0,90.8
4536,-15155.86,155.1829,1.51,97.4,90.7
4537,-15125.07,37.3461,1.4,100.0,90.8
4538,-15155.86,180.8442,1.46,100.0,90.8
4539,-15161.38,93.3844,1.43,100.0,90.8
4540,-15182.47,351.7637,1.38,98.9,90.8
4541,-15188.49,269.6565,1.46,99.1,90.8
4542,-15169.19,209.3866,1.5,100.0,90.9
4543,-15105.76,190.0851,1.46,100.0,91.0
4544,-15193.02,287.9791,1.47,100.0,91.1
4545,-15161.49,105.7938,1.53,93.2,91.2
4546,-15164.1,77.3382,1.49,99.2,91.2
4547,-15157.86,104.1392,1.41,100.0,91.1
4548,-15165.98,66.0615,1.5,100.0,91.2
4549,-15126.79,207.5093,1.56,100.0,91.2
4550,-15126.79,154.5028,1.56,98.5,91.1
4551,-15141.4,112.153,1.46,100.0,91.1
4552,-15136.05,144.5924,1.47,100.0,91.2
4553,-15150.66,99.9179,1.43,100.0,91.2
4554,-15140.3,298.6541,1.42,97.1,91.2
4555,-15126.79,69.3297,1.45,100.0,91.1
4556,-15161.49,83.4619,1.47,100.0,91.2
4557,-15139.73,39.9925,1.46,100.0,91.2
4558,-15161.49,41.4738,1.44,100.0,91.3
4559,-15125.07,131.5963,1.49,99.4,91.3
4560,-15155.86,207.3131,1.48,97.3,91.5
4561,-15157.33,46.0965,1.45,100.0,91.4
4562,-15152.97,154.4361,1.49,100.0,90.8
4563,-15139.73,55.0734,1.49,100.0,90.8
4564,-15188.12,267.086,1.49,100.0,90.9
4565,-15188.12,211.8022,1.43,100.0,90.9
4566,-15138.26,587.9776,1.45,100.0,90.8
4567,-15173.73,674.3791,1.45,100.0,90.9
4568,-15173.73,620.6298,1.41,100.0,90.9
4569,-15138.26,298.0581,1.51,100.0,90.9
4570,-15138.26,240.6426,1.5,100.0,91.0
4571,-15173.73,436.845,1.5,100.0,90.8
4572,-15186.83,237.9438,1.46,100.0,90.9
4573,-15200.18,338.5084,1.45,100.0,91.0
4574,-15161.21,272.7057,1.44,100.0,91.1
4575,-15166.81,213.5542,1.43,100.0,91.1
4576,-15173.73,202.7891,1.44,100.0,91.1
4577,-15193.02,255.3229,1.5,100.0,91.0
4578,-15155.86,235.0905,1.5,100.0,91.1
4579,-15184.3,419.7954,1.44,100.0,91.1
4580,-15138.26,365.1701,1.46,100.0,91.1
4581,-15138.26,221.7774,1.45,100.0,91.2
4582,-15238.3,706.6001,1.44,100.0,91.2
4583,-15231.59,446.4564,1.5,100.0,91.2
4584,-15105.76,139.5958,1.55,97.8,90.9
4585,-15105.76,113.3181,1.5,98.4,90.9
4586,-15105.76,76.4882,1.44,100.0,91.1
4587,-15138.26,192.1268,1.44,100.0,91.1
4588,-15173.73,258.1517,1.49,100.0,91.2
4589,-15273.57,359.6707,1.52,100.0,91.4
4590,-15157.94,252.0159,1.48,99.9,91.6
4591,-15256.2,316.3266,1.49,100.0,91.5
4592,-15247.42,106.3174,1.44,100.0,91.4
4593,-15220.68,184.172,1.43,100.0,91.5
4594,-15182.57,249.9786,1.42,100.0,91.6
4595,-15263.42,303.18,1.44,100.0,91.7
4596,-15196.88,77.2029,1.43,100.0,91.6
4597,-15173.01,248.0324,1.52,100.0,91.6
4598,-15283.65,130.5632,1.48,97.5,91.6
4599,-15104.09,504.929,1.47,99.2,91.8
4600,-15291.0,809.9225,1.45,98.6,91.9
4601,-15306.05,420.7363,1.46,100.0,91.9
4602,-15247.42,146.2355,1.47,100.0,92.0
4603,-15202.01,205.3186,1.54,100.0,92.0
4604,-15286.22,143.8599,1.49,98.6,91.9
4605,-15164.88,230.4759,1.47,99.6,92.3
4606,-15244.78,100.3712,1.44,100.0,92.3
4607,-15216.04,50.2734,1.45,100.0,92.4
4608,-15115.1,285.8425,1.42,100.0,92.6
4609,-15210.29,303.6302,1.41,100.0,92.0
4610,-15138.26,121.6788,1.41,100.0,92.0
4611,-15177.81,60.6175,1.5,100.0,92.1
4612,-15186.14,91.2826,1.51,99.4,92.5
4613,-15126.55,132.9475,1.45,100.0,92.1
4614,-15177.81,127.8392,1.49,96.5,92.2
4615,-15229.81,485.5546,1.47,96.2,92.2
4616,-15286.17,168.4407,1.43,100.0,92.1
4617,-15169.19,433.695,1.47,100.0,92.2
4618,-15177.45,461.5593,1.52,100.0,92.2
4619,-15172.17,280.3379,1.55,94.6,92.2
4620,-15162.26,165.5162,1.42,100.0,92.2
4621,-15177.45,191.2334,1.46,100.0,92.2
4622,-15194.65,242.2897,1.48,100.0,92.3
4623,-15188.49,58.0538,1.56,96.2,92.3
4624,-15166.96,276.7479,1.42,100.0,92.3
4625,-15126.55,387.0108,1.44,100.0,92.4
4626,-15188.49,23.3084,1.43,100.0,92.5
4627,-15188.49,13.0866,1.38,98.7,92.3
4628,-15188.49,10.6062,1.45,99.9,92.4
4629,-15188.49,4.2457,1.48,89.6,92.5
4630,-15188.49,2.1619,1.47,100.0,92.6
4631,-15166.81,31.9774,1.5,100.0,92.6
4632,-15188.49,66.3813,1.51,100.0,92.7
4633,-15197.24,42.4152,1.5,90.1,92.7
4634,-15188.49,13.0867,1.46,100.0,92.6
4635,-15188.49,5.8959,1.46,100.0,92.6
4636,-15142.0,183.8476,1.46,100.0,92.7
4637,-15281.33,322.8443,1.54,97.2,92.9
4638,-15184.53,100.084,1.44,100.0,93.0
4639,-15283.65,237.7982,1.48,100.0,93.0
4640,-15275.62,139.7523,1.46,100.0,93.0
4641,-15281.45,35.9585,1.41,100.0,93.0
4642,-15259.23,133.8414,1.43,100.0,93.0
4643,-15146.14,210.4415,1.46,99.8,93.1
4644,-15267.36,419.3323,1.45,100.0,93.1
4645,-15194.65,177.0382,1.47,100.0,93.2
4646,-15202.01,109.0544,1.51,96.5,93.2
4647,-15200.18,209.9731,1.5,94.7,93.3
4648,-15146.14,76.5965,1.46,100.0,93.3
4649,-15162.26,58.0619,1.47,100.0,93.3
4650,-15283.65,435.1641,1.46,100.0,93.4
4651,-15202.01,109.3745,1.51,100.0,93.4
4652,-15194.65,126.5498,1.47,100.0,93.5
4653,-15146.14,105.4929,1.48,100.0,93.4
4654,-15281.45,304.1901,1.48,100.0,93.6
4655,-15249.84,222.9344,1.44,100.0,93.6
4656,-15310.62,254.2597,1.42,100.0,93.5
4657,-15158.58,603.9673,1.48,100.0,93.2
4658,-15141.36,636.398,1.49,100.0,93.1
4659,-15266.04,143.7863,1.45,100.0,93.2
4660,-15126.55,159.2917,1.45,100.0,93.3
4661,-15148.46,142.9896,1.42,100.0,93.3
4662,-15212.31,423.3672,1.44,100.0,93.4
4663,-15158.99,71.2997,1.47,100.0,93.4
4664,-15166.81,71.5832,1.44,100.0,93.3
4665,-15188.49,67.8745,1.51,100.0,93.3
4666,-15197.24,35.0528,1.47,97.2,93.4
4667,-15166.81,42.4324,1.46,100.0,93.5
4668,-15188.49,70.357,1.46,100.0,93.4
4669,-15188.49,16.7969,1.45,100.0,93.6
4670,-15233.57,185.7724,1.48,100.0,93.7
4671,-15105.76,733.5707,1.5,100.0,93.6
4672,-15096.72,668.5452,1.43,100.0,93.7
4673,-15182.47,60.1791,1.47,100.0,93.7
4674,-15182.47,69.5643,1.44,100.0,93.8
4675,-15182.47,34.1607,1.45,99.9,93.9
4676,-15194.65,38.1449,1.43,100.0,94.0
4677,-15188.49,3.6292,1.47,100.0,94.1
4678,-15182.47,2.4806,1.48,100.0,94.1
4679,-15204.36,386.8547,1.42,100.0,94.0
4680,-15239.85,290.6013,1.48,96.8,94.2
4681,-15178.21,240.9757,1.49,98.0,94.2
4682,-15204.36,332.2067,1.42,100.0,94.3
4683,-15149.5,368.6988,1.5,100.0,94.4
4684,-15149.5,336.295,1.55,98.4,94.3
4685,-15150.92,305.0259,1.53,96.5,94.3
4686,-15169.59,142.8917,1.45,100.0,94.4
4687,-15149.5,190.8231,1.47,100.0,94.5
4688,-15149.5,109.7485,1.45,100.0,94.5
4689,-15149.5,90.6321,1.42,99.0,94.5
4690,-15149.5,66.0427,1.44,100.0,94.4
4691,-15190.5,203.9059,1.48,100.0,94.5
4692,-15149.5,180.1779,1.46,100.0,94.6
4693,-15200.44,154.5187,1.44,100.0,94.6
4694,-15161.38,53.1332,1.47,99.3,94.7
4695,-15149.5,86.1941,1.44,99.0,94.8
4696,-15161.38,34.356,1.45,100.0,94.7
4697,-15149.5,56.0017,1.46,100.0,94.0
4698,-15185.64,43.3746,1.51,99.9,94.1
4699,-15161.38,37.2089,1.48,100.0,93.9
4700,-15149.5,33.3045,1.48,100.0,92.6
4701,-15161.38,17.4018,1.51,100.0,92.7
4702,-15123.47,103.5393,1.5,99.5,92.8
4703,-15149.5,61.4206,1.41,100.0,92.7
4704,-15149.5,39.9075,1.47,100.0,92.7
4705,-15123.47,118.9522,1.43,100.0,92.8
4706,-15149.5,26.5924,1.41,100.0,92.9
4707,-15149.5,17.2532,1.48,100.0,92.9
4708,-15123.67,73.0571,1.51,100.0,92.8
4709,-15156.61,176.9878,1.5,97.2,92.9
4710,-15149.5,52.3497,1.46,100.0,93.0
4711,-15147.27,277.5061,1.47,100.0,93.0
4712,-15149.5,17.5077,1.55,100.0,93.0
4713,-15147.27,180.1317,1.45,99.3,93.1
4714,-15147.27,127.2423,1.46,100.0,93.1
4715,-15147.27,69.5145,1.52,100.0,93.0
4716,-15123.47,37.6808,1.44,100.0,93.1
4717,-15184.35,85.3683,1.47,100.0,93.0
4718,-15194.53,238.889,1.45,100.0,93.0
4719,-15184.35,73.6555,1.45,100.0,93.0
4720,-15184.35,33.9833,1.48,100.0,93.0
4721,-15147.27,49.486,1.46,100.0,93.0
4722,-15126.14,435.2313,1.46,100.0,93.0
4723,-15149.5,166.8169,1.45,100.0,93.1
4724,-15100.98,235.3417,1.47,99.8,93.2
4725,-15133.47,407.3515,1.46,100.0,93.2
4726,-15147.27,66.0951,1.47,100.0,93.2
4727,-15180.58,178.1575,1.52,98.9,93.3
4728,-15180.58,94.4946,1.52,95.1,93.3
4729,-15126.79,289.8438,1.46,100.0,93.3
4730,-15126.79,195.5138,1.47,100.0,93.2
4731,-15126.14,150.1593,1.51,100.0,93.3
4732,-15126.14,109.4391,1.58,97.3,93.3
4733,-15164.1,81.263,1.45,100.0,93.3
4734,-15126.79,147.8683,1.48,100.0,93.3
4735,-15126.14,109.5374,1.47,100.0,93.4
4736,-15126.79,52.516,1.5,96.2,93.3
4737,-15126.14,42.8169,1.46,100.0,93.4
4738,-15126.79,25.2541,1.47,100.0,93.4
4739,-15126.79,17.7217,1.46,100.0,93.3
4740,-15126.14,13.7031,1.39,98.5,93.4
4741,-15125.07,209.4696,1.45,99.4,93.6
4742,-15155.86,362.1409,1.49,99.7,93.6
4743,-15155.86,242.511,1.48,100.0,93.6
4744,-15125.07,170.3369,1.47,100.0,93.5
4745,-15139.73,55.4566,1.5,98.6,93.0
4746,-15141.51,112.8549,1.48,96.0,93.1
4747,-15143.13,52.1448,1.45,100.0,93.2
4748,-15192.54,193.8681,1.47,100.0,93.2
4749,-15123.57,364.8029,1.46,100.0,93.2
4750,-15108.93,263.9989,1.55,100.0,93.3
4751,-15135.79,96.1611,1.47,100.0,93.2
4752,-15143.13,36.4314,1.49,100.0,93.2
4753,-15123.26,310.5583,1.44,100.0,93.3
4754,-15175.93,101.3587,1.46,100.0,93.3
4755,-15143.13,34.7898,1.43,100.0,93.3
4756,-15143.13,26.5136,1.41,100.0,93.4
4757,-15164.1,70.541,1.46,100.0,93.4
4758,-15123.26,300.8472,1.47,100.0,93.4
4759,-15165.47,103.0966,1.45,100.0,93.3
4760,-15164.1,44.6729,1.5,96.5,93.4
4761,-15165.47,51.3002,1.47,96.7,93.4
4762,-15165.47,27.2497,1.43,100.0,93.5
4763,-15179.32,50.4538,1.48,100.0,93.5
4764,-15179.32,41.8117,1.51,100.0,93.6
4765,-15179.32,32.9949,1.57,90.6,93.7
4766,-15153.41,64.6195,1.46,100.0,93.7
4767,-15198.96,372.4669,1.49,100.0,93.6
4768,-15185.18,311.0758,1.46,100.0,93.6
4769,-15201.21,102.824,1.6,95.6,93.7
4770,-15185.18,138.3662,1.42,99.8,93.7
4771,-15208.24,24.9865,1.52,100.0,93.8
4772,-15208.24,12.8114,1.48,100.0,93.9
4773,-15208.24,9.4374,1.43,99.0,93.9
4774,-15185.18,52.108,1.38,100.0,93.9
4775,-15185.18,33.9963,1.45,100.0,93.8
4776,-15185.18,15.0655,1.44,100.0,93.9
4777,-15185.18,4.49,1.42,100.0,93.9
4778,-15182.34,56.7222,1.51,100.0,94.0
4779,-15131.55,251.7084,1.51,90.2,94.1
4780,-15064.4,429.1747,1.48,100.0,94.1
4781,-15131.55,323.3676,1.44,100.0,94.1
4782,-15101.99,330.4182,1.56,100.0,94.2
4783,-15087.05,153.6681,1.58,89.5,94.2
4784,-15101.99,180.7322,1.5,100.0,94.1
4785,-15102.27,137.2718,1.46,100.0,94.2
4786,-15099.6,143.5974,1.47,100.0,94.3
4787,-15131.55,242.5728,1.46,100.0,94.3
4788,-15131.55,163.8336,1.45,100.0,94.3
4789,-15131.55,96.9193,1.47,100.0,94.3
4790,-15131.55,51.0352,1.56,100.0,94.3
4791,-15124.92,125.0114,1.45,100.0,94.3
4792,-15064.4,369.8935,1.39,99.1,94.4
4793,-15131.55,57.2832,1.45,100.0,94.5
4794,-15131.55,35.3004,1.43,100.0,94.5
4795,-15173.12,94.3003,1.45,100.0,94.4
4796,-15131.55,147.5655,1.47,100.0,94.5
4797,-15124.92,183.0386,1.53,88.3,94.5
4798,-15173.12,100.368,1.49,98.6,94.6
4799,-15131.55,34.056,1.47,100.0,94.6
4800,-15104.2,244.1002,1.46,100.0,94.6
4801,-15113.81,18.0224,1.53,99.9,94.6
4802,-15113.81,11.984,1.46,96.8,94.6
4803,-15155.76,109.9545,1.49,100.0,94.7
4804,-15155.43,93.2013,1.46,100.0,94.7
4805,-15133.4,420.2585,1.46,100.0,94.7
4806,-15148.16,452.3047,1.42,100.0,94.7
4807,-15147.0,200.4958,1.45,100.0,94.7
4808,-15147.0,134.48,1.46,100.0,94.8
4809,-15147.0,77.2832,1.42,100.0,94.9
4810,-15147.0,32.4339,1.45,100.0,94.9
4811,-15147.0,22.8235,1.5,99.2,95.0
4812,-15147.0,17.395,1.47,97.0,95.0
4813,-15147.0,11.4819,1.45,100.0,95.0
4814,-15147.0,8.3693,1.49,100.0,95.0
4815,-15149.48,184.4907,1.53,100.0,95.2
4816,-15147.0,38.3258,1.48,96.4,95.2
4817,-15168.96,45.9319,1.48,100.0,95.3
4818,-15168.96,32.4418,1.5,100.0,95.2
4819,-15147.0,39.8236,1.45,100.0,95.4
4820,-15148.16,79.129,1.42,99.9,95.2
4821,-15147.0,35.1869,1.47,100.0,95.4
4822,-15147.0,23.9247,1.49,100.0,95.4
4823,-15148.16,69.8324,1.42,100.0,95.4
4824,-15148.16,56.4071,1.46,100.0,95.5
4825,-15148.16,22.1914,1.43,100.0,95.5
4826,-15147.0,110.6289,1.45,100.0,95.5
4827,-15147.0,110.1196,1.47,100.0,95.5
4828,-15124.89,25.281,1.48,100.0,95.6
4829,-15133.4,38.764,1.52,100.0,95.6
4830,-15133.4,18.9507,1.5,94.4,95.6
4831,-15148.16,70.066,1.48,98.8,95.7
4832,-15168.96,117.8727,1.45,98.7,95.7
4833,-15168.96,81.1674,1.47,100.0,95.7
4834,-15147.0,55.9062,1.56,100.0,95.7
4835,-15148.16,39.3265,1.53,99.0,95.9
4836,-15148.16,18.8956,1.43,99.4,95.8
4837,-15148.16,14.2266,1.48,100.0,95.9
4838,-15125.82,277.6605,1.48,100.0,95.9
4839,-15113.1,182.4329,1.43,100.0,96.0
4840,-15125.83,26.2738,1.39,96.6,96.0
4841,-15125.83,9.6218,1.47,100.0,96.0
4842,-15125.83,5.1364,1.44,100.0,96.0
4843,-15125.83,4.8148,1.44,100.0,96.0
4844,-15148.16,74.7022,1.48,100.0,96.1
4845,-15168.96,108.7176,1.51,86.8,96.2
4846,-15148.16,41.9955,1.46,100.0,96.1
4847,-15121.03,115.3859,1.43,100.0,96.2
4848,-15133.4,62.7602,1.51,100.0,96.2
4849,-15133.4,49.1448,1.53,88.3,96.4
4850,-15133.4,39.1858,1.54,100.0,96.6
4851,-15148.16,17.0461,1.44,100.0,96.5
4852,-15148.16,15.4425,1.48,100.0,96.6
4853,-15132.28,159.4323,1.52,100.0,96.5
4854,-15133.51,343.0815,1.4,99.6,95.9
4855,-15096.97,398.0296,1.51,100.0,95.9
4856,-15155.76,268.4797,1.51,98.2,96.0
4857,-15113.81,128.596,1.43,100.0,95.7
4858,-15118.27,314.382,1.41,100.0,95.7
4859,-15111.08,110.0844,1.45,100.0,95.8
4860,-15113.81,54.8883,1.52,100.0,95.8
4861,-15154.9,115.1871,1.52,100.0,95.8
4862,-15104.2,126.2415,1.43,100.0,95.9
4863,-15118.27,104.2097,1.45,100.0,95.9
4864,-15118.27,67.0542,1.45,100.0,96.0
4865,-15092.14,108.7711,1.46,100.0,96.2
4866,-15154.9,192.1407,1.45,100.0,96.2
4867,-15104.2,45.2977,1.58,100.0,96.6
4868,-15104.2,37.3744,1.57,99.3,96.8
4869,-15118.27,33.2441,1.57,100.0,97.6
4870,-15125.44,70.1011,1.48,100.0,97.9
4871,-15170.24,111.1293,1.55,100.0,97.8
4872,-15104.2,85.0775,1.47,100.0,97.9
4873,-15113.81,83.9331,1.45,100.0,97.9
4874,-15104.2,93.828,1.53,100.0,97.9
4875,-15153.66,132.0253,1.44,100.0,97.9
4876,-15184.66,92.5226,1.47,100.0,97.9
4877,-15111.08,138.4939,1.42,100.0,97.9
4878,-15191.12,160.8353,1.43,100.0,97.9
4879,-15154.9,86.9576,1.46,100.0,97.9
4880,-15117.14,152.1615,1.45,100.0,98.0
4881,-15170.24,66.4766,1.5,100.0,97.8
4882,-15188.1,74.1449,1.48,98.3,97.8
4883,-15188.1,51.1637,1.5,98.9,97.9
4884,-15132.28,73.0868,1.48,100.0,97.9
4885,-15099.99,69.4435,1.43,100.0,98.0
4886,-15134.66,95.9541,1.54,100.0,98.0
4887,-15136.5,65.4459,1.52,90.3,97.9
4888,-15136.5,37.5951,1.46,100.0,97.8
4889,-15132.28,34.2747,1.48,100.0,97.8
4890,-15099.99,30.2579,1.47,100.0,97.9
4891,-15113.1,51.1911,1.54,97.0,98.2
4892,-15099.99,16.8888,1.44,99.4,96.7
4893,-15099.99,13.6518,1.69,100.0,97.4
4894,-15113.1,40.5251,1.53,100.0,97.3
4895,-15113.1,29.0046,1.51,99.3,96.8
4896,-15113.1,21.3157,1.43,100.0,96.6
4897,-15113.1,17.9186,1.44,100.0,96.7
4898,-15099.99,20.4811,1.42,100.0,96.7
4899,-15111.1,65.2948,1.4,99.7,96.6
4900,-15111.1,52.0209,1.49,99.6,96.4
4901,-15168.96,178.4493,1.52,99.9,96.4
4902,-15125.82,86.5852,1.5,100.0,96.3
4903,-15125.83,54.9991,1.46,100.0,96.2
4904,-15113.1,66.9518,1.49,95.3,96.2
4905,-15113.1,61.5039,1.48,99.6,96.3
4906,-15113.1,42.4628,1.46,100.0,96.4
4907,-15113.1,28.9586,1.53,100.0,96.3
4908,-15099.99,11.1899,1.55,99.3,96.3
4909,-15113.1,23.0584,1.49,99.6,96.2
4910,-15138.07,157.2439,1.48,100.0,96.1
4911,-15113.1,49.0281,1.46,100.0,96.2
4912,-15114.25,85.2622,1.48,100.0,96.2
4913,-15113.1,16.0682,1.4,100.0,95.5
4914,-15113.1,11.8786,1.44,100.0,95.6
4915,-15125.83,46.4553,1.51,99.2,95.7
4916,-15113.1,11.4161,1.47,100.0,95.6
4917,-15125.83,17.1366,1.49,100.0,95.6
4918,-15113.1,24.7974,1.49,99.2,95.7
4919,-15111.1,54.8561,1.48,99.8,95.6
4920,-15136.5,75.9597,1.46,100.0,95.7
4921,-15113.1,39.7569,1.49,100.0,95.7
4922,-15125.83,24.1009,1.53,98.7,95.8
4923,-15113.1,17.9885,1.47,100.0,95.8
4924,-15125.82,64.534,1.45,100.0,95.9
4925,-15125.83,37.3681,1.51,100.0,95.8
4926,-15136.5,42.63,1.49,100.0,95.9
4927,-15099.99,31.7474,1.44,100.0,95.8
4928,-15125.83,31.4108,1.42,100.0,95.9
4929,-15113.1,13.4046,1.45,100.0,95.9
4930,-15125.83,20.4118,1.43,100.0,96.0
4931,-15125.83,9.8378,1.48,100.0,96.0
4932,-15125.83,2.8069,1.47,100.0,96.0
4933,-15096.35,437.8448,1.46,99.8,96.1
4934,-15165.86,643.0786,1.52,97.3,96.1
4935,-15144.14,167.5515,1.47,94.3,96.0
4936,-15144.14,97.2465,1.51,99.7,96.0
4937,-15086.65,426.8144,1.48,99.8,96.0
4938,-15086.65,314.1161,1.45,100.0,96.1
4939,-15151.68,424.6546,1.43,100.0,96.1
4940,-15111.09,77.8477,1.48,100.0,96.3
4941,-15086.65,144.4316,1.5,100.0,96.3
4942,-15165.86,381.6376,1.42,100.0,96.3
4943,-15086.65,105.6838,1.41,100.0,96.2
4944,-15135.89,247.7005,1.47,100.0,96.2
4945,-15141.46,665.0557,1.46,100.0,96.3
4946,-15125.82,247.137,1.44,100.0,96.2
4947,-15086.65,333.2384,1.5,100.0,96.3
4948,-15114.42,158.5971,1.47,92.6,96.4
4949,-15079.88,260.0773,1.5,100.0,96.4
4950,-15086.65,126.0135,1.47,100.0,96.4
4951,-15121.99,340.8001,1.5,100.0,96.4
4952,-15125.82,245.5941,1.53,90.6,96.4
4953,-15125.83,141.3307,1.43,100.0,96.5
4954,-15144.14,137.7614,1.44,100.0,96.5
4955,-15144.14,108.8289,1.5,100.0,96.5
4956,-15125.82,53.2487,1.54,98.9,96.5
4957,-15125.82,46.4091,1.43,100.0,96.4
4958,-15125.83,62.7067,1.47,100.0,96.5
4959,-15125.83,49.4974,1.42,100.0,96.5
4960,-15125.82,43.7194,1.41,100.0,96.6
4961,-15113.1,36.2925,1.42,100.0,96.5
4962,-15125.83,27.6237,1.48,99.6,96.6
4963,-15125.83,21.4376,1.51,100.0,96.6
4964,-15125.83,11.0751,1.5,100.0,96.7
4965,-15125.83,6.817,1.53,95.9,96.8
4966,-15113.1,60.5926,1.5,98.3,96.7
4967,-15091.11,66.5466,1.46,100.0,96.7
4968,-15125.83,34.0309,1.43,100.0,96.8
4969,-15099.99,21.5395,1.48,100.0,96.7
4970,-15125.83,27.6158,1.44,100.0,96.7
4971,-15125.83,17.5898,1.5,100.0,96.9
4972,-15125.83,11.2664,1.47,100.0,96.8
4973,-15125.83,5.2022,1.42,100.0,96.9
4974,-15125.83,3.5651,1.45,100.0,96.8
4975,-15145.39,151.1424,1.44,100.0,96.4
4976,-15125.82,165.803,1.41,99.9,96.4
4977,-15125.82,149.4502,1.48,100.0,96.5
4978,-15130.05,374.521,1.48,100.0,96.6
4979,-15106.99,33.9884,1.44,100.0,96.6
4980,-15106.99,27.0586,1.49,100.0,96.6
4981,-15086.65,147.0057,1.49,87.0,96.6
4982,-15086.65,120.7905,1.49,100.0,96.7
4983,-15151.68,362.1087,1.43,100.0,96.7
4984,-15132.05,113.1505,1.5,100.0,96.7
4985,-15114.94,327.1854,1.53,91.5,96.8
4986,-15086.65,151.6896,1.51,99.9,96.5
4987,-15086.65,46.3625,1.48,100.0,96.6
4988,-15164.26,431.374,1.46,100.0,96.4
4989,-15100.05,177.3559,1.45,97.2,96.5
4990,-15100.05,90.6641,1.44,100.0,96.6
4991,-15137.98,249.5594,1.5,100.0,96.4
4992,-15139.87,127.8942,1.45,100.0,96.5
4993,-15125.83,308.4461,1.42,100.0,96.1
4994,-15113.1,183.176,1.44,100.0,96.2
4995,-15115.08,251.4271,1.46,98.7,96.3
4996,-15125.82,82.4533,1.43,100.0,96.3
4997,-15113.1,50.7724,1.49,100.0,96.3
4998,-15109.32,173.0577,1.53,94.2,96.2
4999,-15113.1,24.0497,1.55,98.4,96.3
5000,-15125.83,59.6993,1.5,100.0,96.3
5001,-15125.83,39.7457,1.49,100.0,96.3
5002,-15145.39,272.2314,1.46,99.4,96.4
5003,-15125.83,30.8036,1.48,99.0,96.4
5004,-15115.08,22.0068,1.48,100.0,96.4
5005,-15115.08,22.2815,1.51,100.0,96.4
5006,-15113.1,84.2753,1.51,100.0,96.6
5007,-15145.39,170.7334,1.48,100.0,96.6
5008,-15125.82,104.5373,1.43,100.0,96.6
5009,-15125.83,13.6551,1.43,100.0,96.7
5010,-15113.1,37.9692,1.43,100.0,97.0
5011,-15144.14,142.8217,1.44,100.0,97.0
5012,-15115.08,49.239,1.46,100.0,97.0
5013,-15100.43,76.2531,1.47,99.6,97.2
5014,-15138.98,225.1877,1.46,100.0,96.8
5015,-15133.05,57.3418,1.47,96.2,96.7
5016,-15107.1,77.5928,1.48,100.0,96.7
5017,-15138.98,148.7008,1.49,100.0,97.0
5018,-15162.33,132.892,1.52,100.0,97.0
5019,-15145.39,95.4738,1.48,98.1,97.1
5020,-15145.39,80.9049,1.49,100.0,97.2
5021,-15100.43,31.9577,1.5,100.0,97.2
5022,-15138.98,114.7557,1.47,100.0,97.2
5023,-15115.08,97.2859,1.45,100.0,97.3
5024,-15111.84,62.9552,1.44,100.0,97.3
5025,-15142.71,127.0046,1.45,100.0,97.4
5026,-15100.43,31.7806,1.41,100.0,97.4
5027,-15115.08,31.4146,1.45,100.0,97.4
5028,-15157.72,92.6136,1.48,98.8,97.1
5029,-15145.39,134.3421,1.46,100.0,97.4
5030,-15145.39,119.6535,1.44,100.0,97.5
5031,-15111.84,38.7169,1.48,100.0,97.6
5032,-15145.39,93.6093,1.52,92.3,97.7
5033,-15145.39,57.9513,1.52,100.0,97.5
5034,-15145.39,37.2732,1.44,100.0,97.5
5035,-15145.39,13.2664,1.47,100.0,97.4
5036,-15138.98,100.5464,1.47,99.4,97.5
5037,-15163.78,395.0281,1.42,100.0,97.5
5038,-15113.15,476.8761,1.47,100.0,97.6
5039,-15113.15,352.8705,1.5,100.0,97.7
5040,-15113.15,210.3535,1.41,100.0,97.7
5041,-15163.78,304.2435,1.47,100.0,97.7
5042,-15112.96,135.501,1.46,97.7,97.5
5043,-15113.15,191.0604,1.45,100.0,97.7
5044,-15161.59,166.8558,1.44,100.0,97.8
5045,-15099.34,191.2401,1.5,100.0,97.7
5046,-15142.71,168.0646,1.51,98.7,97.9
5047,-15166.19,116.7482,1.46,100.0,97.9
5048,-15153.76,149.0579,1.48,100.0,98.0
5049,-15166.19,65.2115,1.5,99.6,97.9
5050,-15142.71,65.6313,1.44,99.7,97.8
5051,-15142.71,39.5887,1.43,100.0,97.9
5052,-15142.71,17.5404,1.48,100.0,97.9
5053,-15138.98,59.8976,1.46,100.0,97.8
5054,-15142.71,19.7967,1.42,100.0,97.9
5055,-15138.98,40.5795,1.44,100.0,97.5
5056,-15142.71,9.631,1.47,99.8,97.6
5057,-15113.15,405.9085,1.46,100.0,97.5
5058,-15100.11,651.7174,1.45,97.9,97.6
5059,-15100.11,493.4913,1.48,100.0,97.6
5060,-15100.11,263.1284,1.46,100.0,97.6
5061,-15086.53,185.6098,1.53,98.8,97.7
5062,-15163.78,241.5815,1.44,97.1,97.9
5063,-15113.15,361.7811,1.51,100.0,97.9
5064,-15086.53,148.1377,1.45,100.0,97.9
5065,-15100.11,72.7493,1.53,98.6,97.4
5066,-15098.85,99.614,1.52,95.6,97.4
5067,-15100.11,52.0211,1.44,99.2,97.4
5068,-15100.11,25.4382,1.45,100.0,97.6
5069,-15100.11,15.2958,1.47,100.0,97.6
5070,-15100.11,7.9737,1.56,98.3,97.5
5071,-15113.15,115.5744,1.42,100.0,97.4
5072,-15161.59,312.2246,1.48,100.0,97.5
5073,-15100.43,234.5516,1.52,100.0,97.6
5074,-15115.08,135.6995,1.41,100.0,97.6
5075,-15100.43,90.2335,1.39,99.1,97.5
5076,-15115.08,59.8089,1.49,98.1,96.7
5077,-15151.6,83.2412,1.5,100.0,96.8
5078,-15115.08,51.795,1.46,100.0,96.6
5079,-15145.39,98.4202,1.5,100.0,96.7
5080,-15115.08,44.2384,1.5,88.0,95.9
5081,-15115.08,33.1906,1.47,100.0,95.9
5082,-15157.97,47.273,1.46,100.0,95.9
5083,-15112.35,147.3093,1.46,100.0,96.0
5084,-15100.43,129.3198,1.54,99.5,95.9
5085,-15142.71,97.6357,1.42,99.9,95.3
5086,-15145.39,79.6158,1.44,100.0,95.2
5087,-15113.1,169.9579,1.44,100.0,95.3
5088,-15125.83,52.2156,1.4,100.0,95.2
5089,-15125.83,37.2796,1.46,100.0,95.3
5090,-15113.1,118.3183,1.47,100.0,95.3
5091,-15125.83,19.7996,1.48,100.0,95.2
5092,-15115.08,16.2977,1.44,100.0,95.2
5093,-15159.25,132.8415,1.45,100.0,95.4
5094,-15138.98,126.6896,1.5,99.5,95.2
5095,-15100.43,183.3128,1.56,100.0,95.1
5096,-15157.97,81.3788,1.47,100.0,95.2
5097,-15140.97,39.17,1.52,100.0,95.5
5098,-15125.82,114.003,1.46,99.8,95.5
5099,-15115.08,30.3831,1.42,100.0,95.5
5100,-15115.08,27.3016,1.43,100.0,95.5
5101,-15113.1,43.1486,1.44,100.0,95.5
5102,-15145.39,279.0388,1.52,100.0,95.2
5103,-15125.83,23.8869,1.43,100.0,95.1
5104,-15115.08,20.8761,1.47,100.0,95.2
5105,-15115.08,13.5624,1.44,100.0,95.4
5106,-15133.05,74.0655,1.43,100.0,95.3
5107,-15066.75,268.9068,1.42,100.0,95.3
5108,-15142.71,135.4835,1.48,100.0,95.3
5109,-15142.71,96.8116,1.45,99.9,95.0
5110,-15142.71,78.8307,1.47,100.0,95.0
5111,-15133.05,104.2086,1.48,99.3,94.8
5112,-15138.98,56.0746,1.48,100.0,94.8
5113,-15142.71,55.8732,1.46,100.0,94.8
5114,-15138.98,47.3094,1.43,100.0,94.8
5115,-15099.34,114.222,1.47,100.0,94.8
5116,-15138.98,51.255,1.45,100.0,94.9
5117,-15161.59,59.0223,1.49,100.0,95.0
5118,-15138.98,39.7333,1.47,100.0,94.9
5119,-15115.08,142.9588,1.45,100.0,94.9
5120,-15138.98,26.6511,1.42,100.0,94.9
5121,-15115.08,63.7112,1.41,100.0,95.0
5122,-15145.39,67.8643,1.43,100.0,95.0
5123,-15133.05,93.6357,1.46,100.0,95.1
5124,-15133.97,60.2036,1.5,99.8,95.1
5125,-15145.39,75.6619,1.51,99.7,95.2
5126,-15145.39,62.1895,1.45,100.0,95.2
5127,-15115.08,54.4148,1.51,99.9,95.1
5128,-15145.39,24.7964,1.45,93.5,95.2
5129,-15145.39,14.2129,1.45,100.0,95.2
5130,-15115.08,128.1616,1.45,100.0,94.4
5131,-15111.84,95.119,1.43,100.0,93.7
5132,-15115.08,58.3583,1.49,100.0,93.8
5133,-15145.39,38.1283,1.43,100.0,93.8
5134,-15145.39,41.1285,1.49,98.5,93.2
5135,-15115.08,42.9774,1.5,95.4,91.6
5136,-15131.03,143.2515,1.44,100.0,91.5
5137,-15145.39,44.2071,1.5,100.0,91.5
5138,-15162.33,63.9067,1.51,100.0,91.4
5139,-15145.39,25.3013,1.54,95.6,91.5
5140,-15052.75,505.8406,1.44,100.0,91.5
5141,-15154.78,191.832,1.46,100.0,91.6
5142,-15162.33,213.2304,1.43,100.0,91.5
5143,-15145.39,28.729,1.43,100.0,91.3
5144,-15177.11,171.7711,1.46,100.0,91.1
5145,-15145.39,19.7267,1.46,100.0,91.2
5146,-15145.39,14.3189,1.46,100.0,91.3
5147,-15145.39,9.6011,1.45,100.0,91.4
5148,-15145.39,7.8894,1.44,100.0,91.2
5149,-15115.08,113.4791,1.45,98.9,91.2
5150,-15115.08,96.0885,1.45,100.0,91.3
5151,-15145.39,17.9791,1.45,100.0,91.4
5152,-15145.39,21.7464,1.55,100.0,91.4
5153,-15145.39,12.2883,1.5,99.4,91.5
5154,-15145.39,7.9405,1.5,99.2,91.4
5155,-15145.39,3.7146,1.46,100.0,91.4
5156,-15145.39,1.5707,1.47,100.0,91.5
5157,-15145.39,1.2354,1.45,100.0,91.6
5158,-15145.39,0.626,1.46,100.0,91.6
5159,-15145.39,0.288,1.44,100.0,91.5
5160,-15075.85,399.9056,1.46,100.0,91.5
5161,-15145.39,83.1092,1.45,100.0,91.5
5162,-15145.39,64.9164,1.42,100.0,91.6
5163,-15075.85,358.8413,1.46,100.0,91.6
5164,-15133.7,577.4845,1.44,100.0,91.6
5165,-15115.08,105.6737,1.47,100.0,91.7
5166,-15145.39,75.503,1.48,100.0,91.7
5167,-15100.43,72.5567,1.5,100.0,91.7
5168,-15100.43,52.9249,1.52,94.7,91.8
5169,-15100.43,31.0453,1.49,98.8,91.7
5170,-15111.84,78.6605,1.44,100.0,91.8
5171,-15145.39,78.5911,1.44,100.0,91.9
5172,-15138.98,59.0611,1.46,100.0,91.9
5173,-15145.39,53.3015,1.47,99.9,91.8
5174,-15175.3,124.2836,1.43,100.0,91.8
5175,-15115.08,57.0695,1.5,100.0,91.9
5176,-15112.35,42.4992,1.49,100.0,91.9
5177,-15145.39,49.8881,1.44,100.0,92.0
5178,-15100.43,80.8216,1.42,100.0,91.9
5179,-15145.39,32.1351,1.47,97.8,92.1
5180,-15145.39,18.6224,1.49,100.0,92.0
5181,-15145.39,8.3435,1.45,100.0,92.1
5182,-15162.33,51.1698,1.51,100.0,92.1
5183,-15145.39,24.609,1.5,85.5,92.2
5184,-15162.33,51.6146,1.51,99.9,92.1
5185,-15125.83,237.4408,1.44,100.0,92.2
5186,-15145.39,11.2185,1.49,100.0,92.2
5187,-15162.33,40.8999,1.46,97.9,92.3
5188,-15145.39,29.3547,1.42,99.5,92.2
5189,-15145.39,10.0937,1.49,100.0,92.3
5190,-15145.39,11.5119,1.48,100.0,92.3
5191,-15145.39,4.9811,1.44,100.0,92.4
5192,-15145.39,3.2023,1.41,100.0,92.5
5193,-15145.39,2.539,1.45,100.0,92.4
5194,-15099.24,151.8481,1.44,100.0,92.5
5195,-15099.34,98.1748,1.43,100.0,92.5
5196,-15100.43,106.1543,1.5,100.0,92.5
5197,-15163.22,382.9967,1.53,98.7,92.9
5198,-15115.08,60.1609,1.5,98.6,93.0
5199,-15145.39,68.2885,1.46,100.0,93.1
5200,-15115.08,34.1352,1.46,100.0,93.2
5201,-15145.74,59.4049,1.47,99.5,93.4
5202,-15100.34,96.456,1.42,100.0,93.3
5203,-15133.26,225.2068,1.47,100.0,93.2
5204,-15162.33,226.3446,1.49,100.0,93.3
5205,-15154.78,110.7073,1.47,100.0,93.3
5206,-15162.33,88.4165,1.45,100.0,93.4
5207,-15114.42,338.5597,1.47,100.0,93.6
5208,-15151.68,620.6891,1.41,100.0,93.5
5209,-15157.21,524.7327,1.42,100.0,93.5
5210,-15111.09,88.3768,1.47,100.0,93.6
5211,-15157.08,369.1332,1.5,100.0,93.7
5212,-15162.33,267.1361,1.52,97.9,93.9
5213,-15094.67,24.865,1.45,100.0,94.0
5214,-15100.34,56.3204,1.45,99.9,93.8
5215,-15141.46,540.7872,1.48,100.0,94.2
5216,-15162.33,198.0644,1.48,100.0,94.1
5217,-15162.33,188.0488,1.52,100.0,94.0
5218,-15114.42,224.5472,1.45,100.0,94.0
5219,-15145.67,96.4812,1.46,100.0,93.5
5220,-15102.17,112.5275,1.46,100.0,93.6
5221,-15125.82,162.5785,1.42,100.0,93.6
5222,-15149.5,183.025,1.41,100.0,93.7
5223,-15101.24,226.0843,1.45,100.0,93.6
5224,-15114.42,62.7103,1.46,100.0,93.7
5225,-15123.4,487.6811,1.46,100.0,93.7
5226,-15123.4,392.0969,1.46,99.8,93.8
5227,-15158.12,469.8366,1.53,93.7,93.9
5228,-15197.28,397.0718,1.49,99.9,94.0
5229,-15177.38,237.8233,1.44,100.0,94.0
5230,-15157.17,351.8604,1.48,100.0,94.0
5231,-15221.68,390.8577,1.55,99.1,94.1
5232,-15243.48,257.4325,1.5,98.7,94.1
5233,-15188.38,386.3773,1.46,100.0,93.9
5234,-15272.29,219.75,1.46,100.0,94.0
5235,-15157.17,557.9396,1.43,100.0,94.1
5236,-15132.01,314.819,1.42,97.3,94.2
5237,-15157.17,350.6267,1.48,100.0,94.3
5238,-15157.17,231.96,1.46,100.0,94.2
5239,-15132.01,251.7388,1.45,100.0,94.2
5240,-15158.12,211.955,1.44,100.0,94.2
5241,-15157.17,201.2676,1.51,95.2,94.3
5242,-15158.12,92.0679,1.47,100.0,94.4
5243,-15224.21,414.8507,1.44,100.0,94.5
5244,-15235.7,216.6588,1.46,100.0,94.5
5245,-15235.7,154.8928,1.52,99.0,94.4
5246,-15157.17,410.9873,1.52,98.3,94.5
5247,-15157.17,216.8471,1.44,100.0,94.5
5248,-15157.17,119.4083,1.5,100.0,94.6
5249,-15231.73,403.4176,1.46,100.0,94.6
5250,-15194.02,317.3058,1.44,98.1,94.7
5251,-15161.16,181.5168,1.44,100.0,94.7
5252,-15123.4,167.5177,1.46,100.0,94.7
5253,-15120.57,173.4514,1.43,100.0,94.7
5254,-15133.1,331.6097,1.44,100.0,94.8
5255,-15133.1,224.5801,1.46,99.4,94.8
5256,-15159.29,230.1127,1.5,98.0,94.8
5257,-15145.67,177.4869,1.46,100.0,94.8
5258,-15133.1,80.0483,1.45,100.0,94.9
5259,-15165.86,244.5741,1.55,100.0,95.0
5260,-15146.46,172.5769,1.6,97.1,94.9
5261,-15125.82,45.7403,1.48,100.0,95.0
5262,-15125.82,40.3097,1.46,100.0,94.9
5263,-15125.82,29.0129,1.45,100.0,96.2
5264,-15125.82,24.2955,1.42,100.0,96.1
5265,-15123.17,19.3467,1.42,100.0,95.8
5266,-15123.17,11.9421,1.46,100.0,95.8
5267,-15125.83,84.4662,1.45,100.0,95.4
5268,-15125.82,58.7072,1.49,100.0,95.4
5269,-15125.83,45.0075,1.46,100.0,95.1
5270,-15125.82,54.8204,1.45,100.0,95.2
5271,-15125.82,42.209,1.46,100.0,95.2
5272,-15125.82,24.9856,1.45,100.0,95.1
5273,-15125.82,31.4127,1.41,100.0,94.9
5274,-15125.82,17.518,1.47,98.4,94.8
5275,-15125.82,14.3638,1.45,100.0,94.9
5276,-15125.82,9.6073,1.44,100.0,95.0
5277,-15125.82,8.7223,1.52,99.1,93.5
5278,-15125.82,7.3748,1.48,98.3,93.4
5279,-15125.82,5.9349,1.47,100.0,93.4
5280,-15125.82,5.2654,1.45,100.0,93.4
5281,-15146.46,54.3755,1.53,100.0,93.5
5282,-15125.82,16.9409,1.54,96.6,93.5
5283,-15125.53,54.6633,1.45,100.0,93.4
5284,-15125.82,22.1699,1.47,100.0,93.5
5285,-15125.82,25.0514,1.47,100.0,93.7
5286,-15125.82,19.2674,1.45,99.3,93.4
5287,-15125.83,89.3128,1.45,100.0,93.4
5288,-15145.39,339.6432,1.46,100.0,93.4
5289,-15125.83,50.8013,1.46,100.0,93.5
5290,-15125.82,72.0507,1.43,100.0,93.5
5291,-15110.29,94.3106,1.46,100.0,93.7
5292,-15113.1,80.9043,1.48,98.2,93.7
5293,-15145.39,211.5527,1.48,100.0,93.7
5294,-15125.53,81.1571,1.47,100.0,93.6
5295,-15125.83,23.1463,1.52,100.0,93.7
5296,-15125.83,25.037,1.51,93.9,93.8
5297,-15091.11,84.6823,1.48,97.4,93.9
5298,-15125.83,14.4139,1.45,100.0,93.9
5299,-15125.83,11.2978,1.49,100.0,94.0
5300,-15088.12,193.023,1.55,100.0,93.9
5301,-15145.39,228.9225,1.48,99.7,94.0
5302,-15043.25,333.3281,1.47,100.0,93.9
5303,-15151.6,137.9979,1.49,100.0,94.0
5304,-15168.51,204.8725,1.42,100.0,94.1
5305,-15167.18,101.7959,1.42,99.8,94.1
5306,-15134.66,402.1177,1.43,100.0,94.0
5307,-15125.83,237.4866,1.46,100.0,94.1
5308,-15112.35,91.4038,1.44,100.0,94.2
5309,-15142.71,315.141,1.46,100.0,94.1
5310,-15125.83,32.5311,1.5,98.7,94.3
5311,-15125.53,65.6907,1.48,95.6,94.2
5312,-15125.53,48.9079,1.47,100.0,94.3
5313,-15125.83,17.8284,1.48,100.0,94.3
5314,-15145.39,203.6687,1.51,99.4,94.3
5315,-15145.39,187.2759,1.46,98.5,94.4
5316,-15125.83,27.0351,1.52,100.0,94.3
5317,-15125.82,145.7866,1.46,100.0,94.3
5318,-15100.43,43.02,1.44,100.0,94.4
5319,-15142.71,151.8164,1.44,100.0,94.5
5320,-15112.35,191.1163,1.41,100.0,94.6
5321,-15125.83,171.3052,1.43,100.0,94.5
5322,-15145.39,55.9722,1.45,100.0,94.5
5323,-15145.39,37.9409,1.48,100.0,94.6
5324,-15125.82,257.5462,1.46,100.0,94.6
5325,-15125.82,175.447,1.47,95.4,94.8
5326,-15125.83,8.1292,1.47,100.0,94.8
5327,-15125.82,72.6892,1.42,100.0,94.9
5328,-15107.46,321.4267,1.52,100.0,94.8
5329,-15123.4,476.3979,1.55,100.0,94.9
5330,-15123.59,329.7906,1.52,98.0,95.0
5331,-15158.12,500.5225,1.44,100.0,95.1
5332,-15123.4,362.2896,1.43,100.0,95.2
5333,-15123.4,309.9499,1.43,100.0,95.2
5334,-15123.4,254.5008,1.5,100.0,95.4
5335,-15158.12,265.8123,1.41,100.0,95.4
5336,-15144.51,182.9156,1.45,100.0,95.4
5337,-15148.12,448.2094,1.46,100.0,95.4
5338,-15188.75,236.4273,1.44,100.0,95.5
5339,-15194.02,102.4417,1.47,100.0,95.4
5340,-15246.17,358.1655,1.49,93.9,95.6
5341,-15188.75,110.9662,1.51,99.0,95.0
5342,-15132.01,253.0187,1.43,100.0,95.0
5343,-15157.17,239.3332,1.49,100.0,95.1
5344,-15230.84,388.3593,1.5,99.7,94.7
5345,-15188.75,97.5747,1.44,100.0,94.7
5346,-15157.17,188.2729,1.43,100.0,94.6
5347,-15225.0,237.0499,1.44,100.0,94.8
5348,-15272.29,366.1274,1.42,100.0,94.8
5349,-15157.17,238.7479,1.4,100.0,94.8
5350,-15230.84,129.5012,1.45,100.0,94.9
5351,-15123.4,265.8802,1.5,97.0,95.1
5352,-15153.55,128.7428,1.44,100.0,95.2
5353,-15157.17,67.5658,1.46,100.0,95.2
5354,-15194.02,148.567,1.47,97.6,95.1
5355,-15157.17,30.6526,1.48,99.9,95.3
5356,-15157.17,19.3539,1.43,100.0,95.1
5357,-15246.17,361.1813,1.52,100.0,95.2
5358,-15157.17,279.8784,1.5,98.9,95.1
5359,-15280.66,226.228,1.46,100.0,95.3
5360,-15269.04,109.3704,1.45,100.0,95.3
5361,-15188.75,312.596,1.46,100.0,95.4
5362,-15235.77,217.6166,1.48,100.0,95.3
5363,-15231.15,158.7409,1.39,99.4,95.3
5364,-15280.66,94.3955,1.45,100.0,95.3
5365,-15188.75,459.4577,1.48,98.0,95.4
5366,-15189.57,173.9752,1.46,100.0,95.5
5367,-15204.68,102.0493,1.42,100.0,95.5
5368,-15188.75,171.349,1.47,97.3,95.6
5369,-15188.75,74.358,1.45,96.9,95.6
5370,-15188.75,43.8985,1.47,100.0,95.6
5371,-15188.75,32.8156,1.49,100.0,95.5
5372,-15228.95,189.6195,1.5,100.0,95.6
5373,-15216.18,135.3368,1.53,98.9,95.7
5374,-15272.29,161.6303,1.44,100.0,95.9
5375,-15216.18,139.4738,1.47,100.0,95.8
5376,-15203.6,92.8588,1.47,100.0,95.9
5377,-15213.19,215.9114,1.42,98.5,95.8
5378,-15213.19,109.3167,1.44,100.0,95.8
5379,-15213.19,41.4413,1.47,100.0,95.9
5380,-15228.73,97.7302,1.44,100.0,95.9
5381,-15261.46,195.2983,1.45,100.0,96.0
5382,-15221.68,280.9301,1.46,100.0,96.0
5383,-15227.87,457.8463,1.46,99.8,96.1
5384,-15227.87,340.5106,1.48,100.0,96.1
5385,-15189.4,331.8418,1.46,100.0,96.0
5386,-15194.45,111.1984,1.55,99.5,96.2
5387,-15194.45,70.8358,1.51,94.6,96.2
5388,-15194.45,37.7577,1.44,100.0,96.2
5389,-15212.83,103.1748,1.43,100.0,96.2
5390,-15146.67,221.9614,1.45,100.0,96.3
5391,-15194.45,139.6395,1.54,99.2,96.3
5392,-15252.93,175.3762,1.49,100.0,96.4
5393,-15269.53,293.1672,1.47,100.0,96.4
5394,-15166.04,368.6135,1.43,100.0,96.4
5395,-15212.81,171.8928,1.4,100.0,96.4
5396,-15260.96,145.8316,1.42,100.0,96.4
5397,-15217.44,185.3955,1.44,100.0,96.5
5398,-15209.23,94.9659,1.49,100.0,96.5
5399,-15212.81,122.2336,1.4,100.0,95.7
5400,-15209.23,79.3625,1.48,100.0,95.7
5401,-15212.81,77.4455,1.53,100.0,95.8
5402,-15212.81,48.103,1.43,100.0,95.9
5403,-15211.65,52.7679,1.42,100.0,95.9
5404,-15225.89,367.4935,1.48,100.0,96.0
5405,-15232.35,160.8195,1.46,100.0,95.9
5406,-15239.01,170.0984,1.46,100.0,95.9
5407,-15212.81,84.8063,1.46,100.0,96.0
5408,-15212.81,44.439,1.49,97.9,96.1
5409,-15209.23,161.7321,1.45,99.4,96.1
5410,-15209.23,97.2775,1.44,100.0,96.1
5411,-15239.01,283.5357,1.45,100.0,96.2
5412,-15194.45,168.977,1.5,100.0,96.5
5413,-15194.45,134.8704,1.49,100.0,96.6
5414,-15209.23,46.3746,1.47,100.0,96.7
5415,-15212.81,142.7853,1.44,100.0,96.6
5416,-15212.81,112.1115,1.45,100.0,96.8
5417,-15213.93,252.5128,1.46,100.0,96.8
5418,-15317.56,758.3949,1.48,98.6,96.8
5419,-15217.44,99.23,1.49,99.8,96.5
5420,-15203.18,91.5552,1.45,100.0,96.4
5421,-15161.95,137.0601,1.47,100.0,96.4
5422,-15232.09,301.2391,1.5,98.6,96.1
5423,-15269.53,417.3178,1.49,97.6,95.8
5424,-15257.01,231.3064,1.46,100.0,95.8
5425,-15185.51,305.1956,1.45,100.0,95.7
5426,-15203.18,243.6571,1.42,100.0,95.6
5427,-15207.45,60.0589,1.43,100.0,95.7
5428,-15209.23,124.1444,1.41,100.0,95.8
5429,-15212.81,57.1883,1.45,100.0,95.7
5430,-15207.45,40.7463,1.56,100.0,95.7
5431,-15182.07,81.3507,1.53,97.8,95.4
5432,-15168.98,113.1064,1.46,98.7,95.3
5433,-15209.23,219.2285,1.45,100.0,95.2
5434,-15212.81,100.509,1.47,100.0,95.1
5435,-15212.81,62.5421,1.51,100.0,95.1
5436,-15203.18,79.1614,1.44,100.0,95.1
5437,-15228.83,64.3296,1.49,100.0,95.1
5438,-15168.98,112.2345,1.51,100.0,95.1
5439,-15217.44,176.3886,1.44,100.0,95.2
5440,-15228.83,110.0597,1.4,100.0,94.9
5441,-15257.01,162.5301,1.41,100.0,95.0
5442,-15203.18,220.5668,1.45,100.0,94.9
5443,-15209.97,76.4504,1.43,100.0,95.0
5444,-15212.83,51.0756,1.5,100.0,95.1
5445,-15244.65,222.1089,1.53,88.8,94.8
5446,-15209.23,83.4133,1.46,99.9,94.8
5447,-15187.52,255.6884,1.43,100.0,94.8
5448,-15302.17,281.1398,1.47,100.0,94.8
5449,-15228.83,181.4257,1.45,100.0,94.9
5450,-15228.83,148.212,1.41,98.6,94.9
5451,-15244.65,159.4687,1.47,100.0,94.9
5452,-15169.0,106.8538,1.46,100.0,95.0
5453,-15306.9,704.9153,1.46,99.0,95.0
5454,-15281.89,335.318,1.4,100.0,94.9
5455,-15281.89,226.9695,1.43,99.8,95.0
5456,-15281.89,206.7413,1.44,100.0,95.1
5457,-15281.89,141.6078,1.41,100.0,95.1
5458,-15281.89,110.1757,1.44,100.0,95.1
5459,-15205.38,538.8335,1.52,100.0,95.2
5460,-15281.89,79.3437,1.43,99.8,94.8
5461,-15309.71,236.1297,1.46,100.0,94.8
5462,-15281.89,184.849,1.51,99.7,94.8
5463,-15220.11,623.2327,1.43,100.0,94.9
5464,-15306.9,165.8514,1.45,100.0,95.0
5465,-15237.3,174.5321,1.4,100.0,95.0
5466,-15275.53,219.2248,1.45,100.0,95.1
5467,-15229.73,73.0492,1.46,100.0,95.1
5468,-15226.78,61.8554,1.42,100.0,95.0
5469,-15243.23,73.7788,1.41,100.0,94.7
5470,-15243.23,49.0268,1.44,100.0,94.7
5471,-15232.09,55.6546,1.43,100.0,94.9
5472,-15229.64,73.4099,1.44,100.0,94.8
5473,-15219.49,54.9613,1.45,100.0,94.9
5474,-15271.19,300.2464,1.43,100.0,94.6
5475,-15229.64,129.8639,1.46,100.0,94.6
5476,-15231.82,184.9083,1.43,99.4,94.7
5477,-15243.73,101.6313,1.47,100.0,94.7
5478,-15233.89,205.1481,1.46,100.0,94.7
5479,-15243.73,43.1178,1.5,100.0,94.8
5480,-15202.54,157.9209,1.46,98.6,94.0
5481,-15235.07,243.2097,1.43,100.0,94.0
5482,-15243.73,191.5219,1.44,100.0,94.0
5483,-15193.99,169.5314,1.43,100.0,94.1
5484,-15190.75,238.9236,1.43,100.0,94.1
5485,-15202.54,150.3877,1.47,100.0,94.1
5486,-15202.54,83.8155,1.45,100.0,94.2
5487,-15243.73,75.7442,1.43,100.0,94.2
5488,-15227.4,85.1934,1.45,100.0,94.3
5489,-15230.81,68.9039,1.46,98.7,94.3
5490,-15227.4,39.2302,1.43,100.0,94.0
5491,-15227.64,104.1149,1.46,100.0,94.1
5492,-15200.84,145.2926,1.5,96.6,94.3
5493,-15232.09,224.8606,1.53,95.3,94.2
5494,-15306.9,329.2212,1.47,100.0,94.2
5495,-15272.24,212.9442,1.47,100.0,94.3
5496,-15219.49,437.691,1.51,100.0,94.3
5497,-15220.11,228.3983,1.58,94.8,94.4
5498,-15241.28,241.8592,1.44,100.0,94.6
5499,-15220.11,64.3038,1.48,100.0,94.6
5500,-15223.5,146.3783,1.42,100.0,94.7
5501,-15229.65,294.4867,1.46,94.9,94.7
5502,-15280.83,175.03,1.44,100.0,94.7
5503,-15204.55,86.1216,1.46,100.0,94.7
5504,-15201.09,101.7871,1.49,100.0,94.9
5505,-15240.56,79.6519,1.48,100.0,95.1
5506,-15181.91,292.8141,1.58,97.7,95.5
5507,-15280.63,101.2967,1.51,86.9,95.7
5508,-15278.38,133.8695,1.46,100.0,96.0
5509,-15226.82,390.9192,1.52,100.0,96.0
5510,-15281.38,197.3279,1.61,100.0,95.4
5511,-15204.55,112.1678,1.6,90.8,95.6
5512,-15240.56,38.7346,1.47,100.0,95.9
5513,-15242.25,80.8246,1.5,100.0,96.0
5514,-15227.64,75.1453,1.47,100.0,95.9
5515,-15280.63,410.1498,1.57,95.0,96.0
5516,-15209.26,73.2448,1.4,100.0,96.1
5517,-15200.45,38.3952,1.45,100.0,96.0
5518,-15219.49,112.9576,1.46,100.0,95.9
5519,-15219.49,37.1999,1.39,100.0,96.0
5520,-15219.49,30.0519,1.46,100.0,96.0
5521,-15280.83,124.4834,1.49,95.0,96.1
5522,-15229.65,218.5747,1.47,100.0,96.4
5523,-15274.11,61.3666,1.49,100.0,96.5
5524,-15218.94,265.5124,1.54,100.0,96.6
5525,-15280.83,52.2484,1.6,89.6,96.7
5526,-15271.19,169.8849,1.5,100.0,96.6
5527,-15224.61,404.7897,1.48,100.0,96.8
5528,-15239.56,168.8787,1.6,100.0,96.3
5529,-15232.55,96.4561,1.61,98.9,95.5
5530,-15212.25,58.396,1.53,100.0,95.6
5531,-15232.55,27.1391,1.53,100.0,95.7
5532,-15212.25,40.27,1.49,100.0,95.6
5533,-15229.65,256.9771,1.45,100.0,95.4
5534,-15211.16,132.8648,1.38,99.8,95.1
5535,-15238.9,163.05,1.43,100.0,95.0
5536,-15221.66,120.9237,1.45,100.0,95.1
5537,-15203.88,137.6074,1.46,100.0,95.2
5538,-15203.88,108.7253,1.59,100.0,95.1
5539,-15203.88,72.565,1.6,91.1,95.0
5540,-15249.91,90.5077,1.56,99.9,94.8
5541,-15284.48,104.7314,1.52,100.0,94.6
5542,-15203.32,380.5545,1.58,100.0,94.3
5543,-15211.04,158.129,1.5,100.0,93.7
5544,-15203.32,95.5903,1.44,100.0,93.7
5545,-15277.95,560.4366,1.47,100.0,93.7
5546,-15287.71,360.1723,1.49,100.0,93.7
5547,-15243.18,145.4332,1.42,100.0,93.1
5548,-15244.41,137.9153,1.48,100.0,93.2
5549,-15231.07,67.1402,1.49,100.0,92.8
5550,-15253.56,135.1964,1.51,100.0,92.8
5551,-15267.75,121.0152,1.51,99.0,92.9
5552,-15238.11,148.8953,1.54,91.7,93.1
5553,-15244.68,75.5428,1.5,100.0,93.1
5554,-15227.72,118.2678,1.45,100.0,93.2
5555,-15238.11,184.337,1.52,100.0,93.2
5556,-15277.95,289.0455,1.63,100.0,93.2
5557,-15261.78,280.2273,1.44,100.0,92.4
5558,-15231.07,182.7445,1.51,100.0,92.4
5559,-15222.16,102.9981,1.57,100.0,92.6
5560,-15270.64,233.4569,1.5,100.0,92.6
5561,-15190.75,37.6707,1.42,100.0,92.5
5562,-15243.73,151.9843,1.48,99.6,92.7
5563,-15203.12,140.8296,1.48,100.0,92.9
5564,-15208.71,94.5985,1.42,100.0,92.9
5565,-15208.71,58.0995,1.5,100.0,92.9
5566,-15208.71,27.7958,1.66,99.7,93.2
5567,-15258.22,352.8558,1.62,96.1,92.7
5568,-15380.59,821.0219,1.5,100.0,92.9
5569,-15368.07,593.708,1.6,100.0,92.8
5570,-15333.5,601.8624,1.52,100.0,92.9
5571,-15346.61,461.9422,1.43,100.0,92.9
5572,-15286.5,302.4203,1.47,100.0,93.0
5573,-15366.75,649.5793,1.46,100.0,93.0
5574,-15365.49,308.5965,1.45,100.0,92.8
5575,-15339.96,197.0708,1.44,100.0,92.9
5576,-15332.19,267.8365,1.54,100.0,93.0
5577,-15380.04,189.1505,1.6,98.0,92.9
5578,-15225.17,527.6844,1.52,100.0,93.1
5579,-15286.5,192.5439,1.49,100.0,93.1
5580,-15295.56,544.0639,1.51,96.4,93.3
5581,-15221.89,160.5415,1.47,100.0,93.2
5582,-15292.66,912.7729,1.45,100.0,93.2
5583,-15283.67,567.0382,1.56,100.0,93.2
5584,-15283.67,414.7442,1.7,99.6,93.4
5585,-15334.01,600.6023,1.57,99.7,93.3
5586,-15260.54,181.2215,1.48,100.0,93.3
5587,-15265.49,110.4927,1.47,100.0,93.3
5588,-15174.95,327.4198,1.48,100.0,93.4
5589,-15221.69,95.7503,1.37,96.1,93.4
5590,-15341.58,672.097,1.44,99.2,93.4
5591,-15259.22,159.6125,1.48,99.8,93.5
5592,-15253.74,479.2173,1.46,100.0,93.5
5593,-15277.86,102.3693,1.49,100.0,93.5
5594,-15215.22,113.4318,1.5,100.0,93.8
5595,-15345.03,436.1456,1.46,100.0,93.8
5596,-15267.8,302.348,1.47,100.0,93.8
5597,-15231.04,160.573,1.59,100.0,93.8
5598,-15245.15,123.713,1.63,98.0,94.0
5599,-15224.21,111.704,1.56,100.0,94.0
5600,-15292.66,431.7827,1.47,100.0,94.1
5601,-15230.53,117.8997,1.5,100.0,94.0
5602,-15292.66,288.2393,1.43,100.0,94.1
5603,-15265.49,92.2281,1.44,97.3,94.0
5604,-15260.2,428.6886,1.47,100.0,94.1
5605,-15279.08,333.0825,1.51,100.0,94.0
5606,-15238.41,185.9443,1.5,100.0,94.1
5607,-15279.32,241.6606,1.56,100.0,94.2
5608,-15318.59,250.2853,1.59,89.9,94.3
5609,-15228.67,494.0479,1.56,99.4,94.3
5610,-15231.04,279.8124,1.47,100.0,94.4
5611,-15312.74,415.6116,1.5,100.0,94.3
5612,-15239.78,140.3087,1.49,100.0,94.5
5613,-15286.07,258.307,1.48,98.6,94.6
5614,-15256.82,68.4914,1.54,100.0,94.6
5615,-15238.41,74.1991,1.55,100.0,94.6
5616,-15227.71,126.9745,1.58,100.0,94.6
5617,-15265.49,40.3688,1.43,100.0,94.5
5618,-15277.59,249.6423,1.47,100.0,94.6
5619,-15238.41,37.4322,1.48,99.1,94.7
5620,-15308.73,263.4746,1.47,100.0,94.6
5621,-15249.94,86.2786,1.44,100.0,94.6
5622,-15190.75,269.6157,1.55,98.9,94.8
5623,-15235.06,81.1713,1.56,100.0,94.7
5624,-15190.75,41.9833,1.53,100.0,94.8
5625,-15222.16,97.7863,1.53,100.0,94.9
5626,-15194.4,58.0289,1.59,97.7,94.7
5627,-15251.03,261.6814,1.6,99.1,94.8
5628,-15322.85,528.189,1.6,100.0,95.6
5629,-15214.15,130.4993,1.49,100.0,95.7
5630,-15203.86,194.9223,1.48,100.0,95.4
5631,-15252.89,82.5656,1.51,100.0,95.1
5632,-15201.05,64.1665,1.48,99.9,94.4
5633,-15190.75,70.6772,1.52,100.0,94.5
5634,-15299.63,343.9973,1.5,100.0,94.5
5635,-15215.07,95.4048,1.44,100.0,94.5
5636,-15299.63,207.8093,1.46,100.0,94.4
5637,-15190.75,316.7207,1.57,96.5,94.0
5638,-15249.94,93.768,1.52,99.9,93.7
5639,-15171.34,171.3745,1.45,100.0,93.6
5640,-15214.15,155.2028,1.53,98.8,93.3
5641,-15190.75,82.2744,1.52,99.9,93.1
5642,-15190.75,35.8337,1.45,100.0,93.1
5643,-15238.41,49.9273,1.47,100.0,93.1
5644,-15214.15,42.7256,1.66,100.0,93.1
5645,-15226.97,122.1539,1.67,94.1,92.7
5646,-15226.97,96.7365,1.51,100.0,92.6
5647,-15210.23,39.0651,1.52,100.0,92.7
5648,-15205.13,77.1104,1.53,100.0,92.5
5649,-15190.75,27.7444,1.5,100.0,92.5
5650,-15226.97,91.0212,1.44,98.9,91.8
5651,-15246.08,144.0012,1.44,100.0,91.8
5652,-15214.15,48.9357,1.47,100.0,91.8
5653,-15203.86,40.7829,1.45,100.0,91.8
5654,-15264.25,280.0003,1.51,100.0,91.9
5655,-15201.05,86.0928,1.66,89.7,91.1
5656,-15238.41,49.5952,1.5,99.8,90.6
5657,-15280.41,155.1642,1.46,100.0,90.6
5658,-15194.4,351.3067,1.49,99.8,90.6
5659,-15202.54,134.2575,1.5,100.0,90.7
5660,-15201.05,120.4671,1.48,100.0,90.8
5661,-15161.48,92.5332,1.53,100.0,90.8
5662,-15284.08,621.8954,1.55,100.0,90.9
5663,-15226.97,232.8997,1.61,99.0,91.2
5664,-15199.08,93.8759,1.5,100.0,91.1
5665,-15226.97,115.8252,1.47,100.0,91.2
5666,-15226.97,67.2972,1.45,100.0,91.2
5667,-15284.08,280.7076,1.4,100.0,91.2
5668,-15203.86,131.185,1.44,100.0,91.2
5669,-15214.15,163.8272,1.49,99.5,91.5
5670,-15202.54,64.5395,1.51,100.0,91.6
5671,-15248.61,94.1362,1.44,100.0,91.0
5672,-15244.68,63.4542,1.43,100.0,91.0
5673,-15281.97,240.5192,1.49,99.3,91.1
5674,-15284.08,227.9146,1.52,99.1,91.3
5675,-15238.85,397.405,1.44,100.0,91.4
5676,-15171.34,158.1376,1.47,100.0,91.4
5677,-15203.86,135.379,1.5,100.0,91.4
5678,-15171.34,86.118,1.74,97.5,91.5
5679,-15243.94,233.0183,1.46,100.0,90.9
5680,-15312.86,315.3235,1.53,100.0,91.0
5681,-15201.05,170.8201,1.58,98.7,91.4
5682,-15210.23,71.7162,1.64,100.0,91.8
5683,-15171.34,141.1515,1.43,100.0,91.8
5684,-15171.34,144.2431,1.59,100.0,91.9
5685,-15201.05,73.346,1.68,96.7,91.8
5686,-15246.85,130.2426,1.56,100.0,91.7
5687,-15190.75,264.852,1.44,100.0,90.8
5688,-15210.23,99.73,1.53,100.0,90.9
5689,-15210.23,23.5664,1.52,100.0,90.9
5690,-15210.23,35.9253,1.4,100.0,90.9
5691,-15210.23,13.0169,1.47,100.0,91.2
5692,-15210.23,9.2721,1.5,100.0,91.0
5693,-15210.23,4.6819,1.48,100.0,90.9
5694,-15201.05,41.1056,1.49,100.0,91.0
5695,-15148.87,328.6573,1.53,99.1,91.2
5696,-15309.71,647.5701,1.52,99.6,91.0
5697,-15246.85,311.6848,1.47,100.0,91.2
5698,-15226.97,188.4774,1.48,100.0,91.1
5699,-15251.12,153.7687,1.53,100.0,91.1
5700,-15246.85,32.8895,1.68,99.0,91.1
5701,-15194.4,126.6565,1.5,100.0,91.1
5702,-15171.34,262.1,1.59,100.0,91.0
5703,-15280.41,496.0377,1.57,100.0,91.2
5704,-15161.48,110.5716,1.47,100.0,91.3
5705,-15194.4,81.6452,1.42,100.0,91.3
5706,-15171.34,100.9923,1.47,100.0,91.2
5707,-15135.2,104.3749,1.46,100.0,91.3
5708,-15135.2,68.4039,1.44,100.0,91.3
5709,-15171.34,192.7724,1.5,100.0,91.3
5710,-15171.34,60.1912,1.59,98.5,91.5
5711,-15226.97,319.9472,1.53,100.0,91.4
5712,-15226.97,271.8172,1.47,100.0,91.4
5713,-15246.85,110.5863,1.5,99.5,91.4
5714,-15228.87,58.4641,1.53,99.6,91.4
5715,-15210.23,41.112,1.48,100.0,91.3
5716,-15324.5,489.6811,1.58,100.0,91.3
5717,-15262.02,613.8639,1.54,100.0,91.4
5718,-15260.38,118.2228,1.61,97.1,91.3
5719,-15267.14,353.0969,1.47,100.0,91.3
5720,-15247.61,48.5807,1.48,100.0,91.3
5721,-15210.23,46.5707,1.45,100.0,91.3
5722,-15210.23,33.3917,1.4,100.0,91.3
5723,-15247.6,95.9416,1.45,100.0,91.3
5724,-15217.79,67.4153,1.51,100.0,90.8
5725,-15294.52,217.449,1.49,100.0,90.7
5726,-15210.23,101.8491,1.57,100.0,90.7
5727,-15226.52,106.4677,1.58,97.9,90.1
5728,-15193.99,180.7511,1.58,97.5,90.3
5729,-15261.78,204.3793,1.5,100.0,90.4
5730,-15247.6,44.9275,1.46,100.0,90.4
5731,-15210.23,100.3893,1.47,100.0,90.3
5732,-15194.69,75.0374,1.64,100.0,90.4
5733,-15210.23,143.204,1.52,99.7,90.6
5734,-15190.75,42.3362,1.53,100.0,90.6
5735,-15222.16,30.5406,1.51,100.0,90.7
5736,-15233.08,66.5225,1.52,100.0,90.7
5737,-15190.9,162.3039,1.4,100.0,90.8
5738,-15203.86,120.0655,1.45,100.0,90.8
5739,-15194.4,79.234,1.48,100.0,90.9
5740,-15170.82,199.5061,1.49,100.0,90.9
5741,-15190.9,86.0366,1.5,100.0,90.9
5742,-15269.44,302.7423,1.6,100.0,91.0
5743,-15281.33,602.1051,1.57,95.0,91.3
5744,-15201.05,304.8738,1.52,100.0,91.2
5745,-15179.06,476.0263,1.47,100.0,91.3
5746,-15183.67,107.1474,1.53,100.0,91.3
5747,-15284.08,526.7391,1.6,99.9,91.3
5748,-15149.39,180.275,1.58,100.0,91.1
5749,-15257.25,586.3729,1.54,67.1,91.4
5750,-15179.06,77.9077,1.6,61.0,91.8
5751,-15201.05,39.3384,1.58,56.1,91.7
5752,-15185.59,108.296,1.38,55.3,91.9
5753,-15148.87,102.0928,1.39,55.1,91.9
5754,-15239.6,488.6799,1.43,57.4,91.9
5755,-15210.23,322.4231,1.32,55.1,91.8
5756,-15161.48,40.6068,1.39,56.5,92.0
5757,-15185.39,52.9336,1.47,56.8,91.9
5758,-15292.17,639.6198,1.47,55.5,91.9
5759,-15308.65,524.2668,1.47,57.6,92.0
5760,-15311.54,289.02,1.51,55.0,92.1
5761,-15201.05,331.8776,1.6,56.2,92.1
5762,-15161.48,747.5909,1.59,56.1,92.1
5763,-15161.48,355.0646,1.61,54.3,92.0
5764,-15201.05,112.1879,1.39,53.7,92.1
5765,-15161.48,28.9485,1.41,54.7,92.1
5766,-15237.9,212.6537,1.44,54.5,92.1
5767,-15185.59,50.9926,1.34,55.5,92.1
5768,-15171.34,94.7116,1.44,55.9,92.6
5769,-15148.87,61.0131,1.47,55.5,92.5
5770,-15161.48,57.7369,1.58,55.8,92.7
5771,-15135.2,33.4511,1.49,56.5,92.7
5772,-15192.7,269.3491,1.55,83.1,92.7
5773,-15170.82,57.83,1.62,98.0,92.5
5774,-15263.95,295.4716,1.49,99.9,92.2
5775,-15251.25,246.2026,1.43,100.0,92.4
5776,-15334.01,475.511,1.53,100.0,92.4
5777,-15276.9,217.4861,1.66,100.0,92.4
5778,-15302.87,172.9458,1.58,98.2,91.3
5779,-15286.89,260.4675,1.46,100.0,91.2
5780,-15269.36,209.8285,1.5,100.0,91.3
5781,-15223.52,346.5123,1.53,99.6,91.0
5782,-15161.48,176.9173,1.48,99.9,90.8
5783,-15309.71,743.4098,1.49,100.0,90.7
5784,-15125.69,253.3711,1.52,99.1,90.0
5785,-15211.92,127.6821,1.46,100.0,89.9
5786,-15248.72,208.2916,1.42,100.0,89.8
5787,-15154.91,472.702,1.54,100.0,89.9
5788,-15302.87,127.0367,1.65,100.0,89.7
5789,-15135.2,578.7443,1.62,99.8,89.6
5790,-15161.48,268.1374,1.48,100.0,89.5
5791,-15193.21,178.9421,1.5,100.0,89.6
5792,-15210.23,267.6264,1.48,100.0,89.5
5793,-15201.05,157.2109,1.41,99.9,89.4
5794,-15170.82,194.3057,1.49,100.0,89.5
5795,-15161.48,92.1209,1.48,99.9,88.9
5796,-15135.2,79.0526,1.48,100.0,88.9
5797,-15183.67,337.8365,1.46,100.0,89.0
5798,-15135.2,47.3036,1.58,100.0,88.9
5799,-15135.2,38.4769,1.63,99.8,88.8
5800,-15183.67,148.1387,1.62,100.0,88.8
5801,-15135.2,30.9338,1.5,100.0,88.7
5802,-15171.34,104.94,1.57,99.9,88.4
5803,-15248.72,407.938,1.54,100.0,88.2
5804,-15135.2,259.8709,1.41,100.0,88.1
5805,-15264.25,344.5195,1.47,100.0,88.1
5806,-15256.96,255.6141,1.55,100.0,88.1
5807,-15292.17,206.7681,1.51,100.0,88.2
5808,-15300.63,167.804,1.45,100.0,88.0
5809,-15317.18,358.9788,1.52,99.7,87.1
5810,-15292.63,301.9683,1.56,99.9,86.5
5811,-15327.6,186.7037,1.5,100.0,86.3
5812,-15327.6,146.3771,1.51,100.0,86.3
5813,-15311.09,151.8668,1.53,99.8,86.0
5814,-15327.6,98.4776,1.46,71.4,86.0
5815,-15284.98,235.0766,1.34,55.3,86.0
5816,-15200.07,336.1853,1.4,56.6,86.1
5817,-15236.25,336.2839,1.36,56.1,86.1
5818,-15135.2,318.3558,1.33,53.1,86.0
5819,-15199.13,129.3384,1.46,54.9,86.1
5820,-15245.32,302.187,1.6,54.3,86.1
5821,-15215.75,74.5861,1.54,56.7,86.2
5822,-15284.98,244.0645,1.49,55.6,86.2
5823,-15284.69,175.6057,1.54,54.6,86.1
5824,-15231.48,266.3099,1.59,54.2,86.1
5825,-15285.4,168.3298,1.46,55.2,86.2
5826,-15305.61,149.5597,1.37,55.6,86.1
5827,-15316.47,381.7119,1.41,55.2,86.1
5828,-15313.14,128.8732,1.46,56.3,86.2
5829,-15246.37,509.0351,1.67,54.9,86.3
5830,-15170.82,254.4577,1.46,54.3,86.3
5831,-15237.08,380.1835,1.47,57.3,86.4
5832,-15287.17,170.4873,1.55,54.4,86.3
5833,-15211.2,489.8407,1.49,55.6,86.4
5834,-15192.88,247.403,1.31,59.0,86.5
5835,-15306.11,240.5257,1.37,55.3,86.6
5836,-15215.11,134.2895,1.4,55.2,86.7
5837,-15233.57,174.9577,1.37,53.8,86.7
5838,-15126.75,205.0971,1.41,54.0,86.7
5839,-15148.87,121.9337,1.44,55.7,86.7
5840,-15126.75,45.8655,1.52,54.7,86.7
5841,-15135.2,25.0673,1.48,54.8,86.8
5842,-15135.2,11.1861,1.52,55.8,86.8
5843,-15135.2,10.1866,1.52,55.5,86.9
5844,-15245.18,403.672,1.54,55.2,86.9
5845,-15135.2,70.1582,1.49,55.4,87.1
5846,-15203.38,193.2761,1.34,54.6,87.0
5847,-15201.05,122.2779,1.37,54.6,86.9
5848,-15224.46,172.3646,1.38,57.4,87.0
5849,-15187.29,155.7568,1.36,54.5,87.1
5850,-15205.08,63.7313,1.39,54.9,87.1
5851,-15167.52,50.9991,1.53,79.7,87.2
5852,-15135.2,62.5735,1.66,100.0,87.3
5853,-15135.2,40.3517,1.51,100.0,87.6
5854,-15171.34,121.9415,1.53,100.0,87.4
5855,-15309.71,446.9812,1.66,98.9,87.4
5856,-15161.48,607.4385,1.54,67.5,87.2
5857,-15232.92,527.6694,1.44,55.9,87.4
5858,-15223.52,340.5177,1.39,55.1,87.4
5859,-15307.9,412.1055,1.43,55.9,87.5
5860,-15125.69,149.8796,1.37,56.3,87.5
5861,-15215.09,153.9896,1.38,55.5,87.3
5862,-15299.12,498.2769,1.53,56.1,87.3
5863,-15161.48,137.8852,1.53,56.8,87.4
5864,-15135.2,197.5869,1.5,56.3,87.6
5865,-15201.05,102.5058,1.38,54.6,87.6
5866,-15192.67,41.9213,1.44,57.0,87.7
5867,-15245.18,223.3099,1.45,55.2,87.8
5868,-15135.2,119.8845,1.39,54.2,87.7
5869,-15135.2,65.7132,1.42,54.7,87.8
5870,-15211.54,361.422,1.53,55.2,87.8
5871,-15185.29,127.8013,1.47,55.5,87.9
5872,-15135.2,38.0025,1.37,53.4,87.9
5873,-15192.88,148.555,1.49,76.4,88.0
5874,-15211.92,55.9131,1.65,100.0,88.0
5875,-15251.25,219.6045,1.64,99.4,87.8
5876,-15258.23,164.9487,1.63,99.9,87.8
5877,-15266.38,190.4809,1.44,100.0,87.8
5878,-15268.79,193.6518,1.5,100.0,87.8
5879,-15255.39,230.3724,1.48,100.0,87.9
5880,-15231.48,295.9201,1.48,99.7,87.5
5881,-15276.83,199.9382,1.43,100.0,87.4
5882,-15219.55,222.1899,1.49,100.0,87.4
5883,-15264.32,273.4101,1.51,100.0,87.2
5884,-15318.48,365.1514,1.53,91.6,87.3
5885,-15276.34,171.8919,1.44,54.9,87.4
5886,-15205.16,163.974,1.56,53.4,87.0
5887,-15193.52,208.5771,1.49,55.0,87.1
5888,-15167.52,80.9138,1.44,54.4,87.2
5889,-15157.33,45.2859,1.47,73.4,86.7
5890,-15173.13,117.7195,1.5,100.0,86.8
5891,-15173.13,87.9457,1.64,97.3,86.4
5892,-15157.33,74.3208,1.59,99.7,85.1
5893,-15225.54,240.8973,1.5,100.0,85.1
5894,-15135.64,80.3293,1.5,100.0,85.2
5895,-15128.76,81.9736,1.52,100.0,85.3
5896,-15135.66,56.6065,1.53,100.0,85.4
5897,-15157.49,26.1201,1.43,100.0,85.4
5898,-15167.52,24.8339,1.54,100.0,85.4
5899,-15144.06,38.7497,1.53,100.0,85.5
5900,-15135.66,34.2662,1.52,100.0,85.7
5901,-15135.66,18.0105,1.46,100.0,85.7
5902,-15219.94,283.055,1.44,100.0,85.3
5903,-15208.54,149.8928,1.45,100.0,85.3
5904,-15313.35,648.4155,1.46,100.0,85.3
5905,-15154.23,766.4013,1.51,100.0,85.4
5906,-15178.25,516.0109,1.52,100.0,85.2
5907,-15211.83,97.3118,1.49,100.0,85.4
5908,-15194.97,84.2376,1.58,100.0,85.4
5909,-15169.68,85.0658,1.63,98.6,85.4
5910,-15139.62,202.9479,1.57,98.9,85.3
5911,-15172.42,84.3141,1.49,100.0,85.2
5912,-15199.18,271.5322,1.49,100.0,85.4
5913,-15201.03,124.65,1.47,100.0,85.4
5914,-15203.43,45.3162,1.78,98.9,85.2
5915,-15203.43,44.6113,1.55,100.0,85.2
5916,-15189.08,40.3435,1.51,100.0,85.2
5917,-15224.89,90.7087,1.6,100.0,85.7
5918,-15192.48,99.8204,1.48,100.0,85.8
5919,-15164.12,191.3098,1.41,98.7,85.0
5920,-15178.75,137.8926,1.45,100.0,85.2
5921,-15147.86,79.7239,1.47,100.0,85.3
5922,-15147.86,47.3963,1.46,100.0,85.3
5923,-15147.86,18.9215,1.51,100.0,85.4
5924,-15147.86,11.7504,1.57,100.0,85.3
5925,-15200.89,235.8536,1.64,99.1,84.9
5926,-15195.72,189.0334,1.53,99.9,84.9
5927,-15214.15,132.7236,1.55,100.0,84.9
5928,-15167.8,127.4608,1.53,99.4,84.9
5929,-15218.78,248.0599,1.47,100.0,84.9
5930,-15159.81,73.1246,1.43,100.0,84.8
5931,-15195.03,151.9992,1.47,100.0,84.8
5932,-15210.86,84.7295,1.45,100.0,84.9
5933,-15218.78,109.9392,1.45,100.0,84.9
5934,-15192.48,123.354,1.52,100.0,84.9
5935,-15180.51,95.5982,1.59,99.9,84.8
5936,-15209.84,202.528,1.54,100.0,84.9
5937,-15180.51,30.5007,1.48,100.0,84.8
5938,-15147.75,94.209,1.53,99.8,84.9
5939,-15149.91,109.6178,1.51,99.6,84.8
5940,-15200.45,230.4654,1.43,100.0,84.7
5941,-15200.72,225.9217,1.51,100.0,84.9
5942,-15221.03,173.5832,1.62,100.0,84.8
5943,-15206.62,137.7571,1.62,98.0,84.5
5944,-15184.69,302.1391,1.51,100.0,84.4
5945,-15185.33,63.2604,1.51,100.0,84.5
5946,-15169.74,45.3216,1.49,100.0,84.5
5947,-15176.75,172.1343,1.47,100.0,84.5
5948,-15165.5,42.8863,1.42,99.8,84.5
5949,-15126.97,154.6486,1.46,100.0,84.5
5950,-15215.79,197.5522,1.49,100.0,84.5
5951,-15179.31,107.9788,1.46,100.0,84.5
5952,-15118.3,166.5614,1.55,100.0,84.5
5953,-15118.3,108.0407,1.58,89.5,84.3
5954,-15163.7,160.6091,1.54,100.0,84.3
5955,-15157.12,217.4923,1.44,100.0,84.3
5956,-15164.86,135.8805,1.52,100.0,84.5
5957,-15165.5,103.3262,1.56,100.0,84.6
5958,-15147.75,55.2648,1.51,100.0,84.4
5959,-15181.99,265.8775,1.47,100.0,84.4
5960,-15222.62,193.807,1.55,100.0,84.5
5961,-15187.53,132.0862,1.65,100.0,84.5
5962,-15118.3,309.3125,1.48,100.0,84.6
5963,-15126.97,200.363,1.44,100.0,84.6
5964,-15150.66,162.9494,1.43,100.0,84.6
5965,-15270.66,629.86,1.44,100.0,84.6
5966,-15118.3,82.3319,1.45,100.0,84.3
5967,-15181.03,76.4361,1.5,99.3,83.0
5968,-15213.86,125.5635,1.5,100.0,83.2
5969,-15245.97,136.0907,1.52,100.0,82.6
5970,-15201.39,88.3288,1.59,100.0,82.6
5971,-15196.6,81.9559,1.64,99.6,82.6
5972,-15257.94,234.775,1.52,100.0,82.7
5973,-15179.22,224.5172,1.43,100.0,82.7
5974,-15203.21,140.4302,1.47,100.0,82.7
5975,-15154.33,175.7108,1.46,100.0,82.8
5976,-15236.72,449.1794,1.37,99.9,82.7
5977,-15201.27,111.6086,1.5,100.0,82.8
5978,-15271.68,347.1005,1.59,100.0,82.7
5979,-15181.03,420.3246,1.5,100.0,82.8
5980,-15176.28,595.9252,1.49,100.0,82.8
5981,-15159.56,419.7408,1.66,98.6,82.7
5982,-15220.35,324.917,1.61,93.5,82.3
5983,-15161.56,304.6564,1.48,100.0,82.3
5984,-15198.4,356.1064,1.47,100.0,82.3
5985,-15199.18,225.5104,1.82,100.0,82.8
5986,-15156.87,213.711,1.73,96.1,82.4
5987,-15118.3,251.6021,1.62,99.6,82.3
5988,-15147.86,62.838,1.53,100.0,81.9
5989,-15186.19,258.1585,1.56,100.0,81.9
5990,-15147.86,35.4637,1.52,100.0,81.9
5991,-15198.22,147.4986,1.44,100.0,81.9
5992,-15165.5,177.1851,1.48,100.0,81.9
5993,-15237.48,96.8758,1.47,100.0,81.7
5994,-15147.75,114.3821,1.43,98.5,81.5
5995,-15180.51,63.2185,1.45,100.0,81.5
5996,-15147.75,68.9462,1.49,100.0,81.6
5997,-15178.75,105.4749,1.6,100.0,81.6
5998,-15239.47,290.9724,1.54,100.0,81.5
5999,-15147.75,264.2609,1.55,100.0,81.5
6000,-15189.08,184.5291,1.56,90.4,81.4
6001,-15189.08,128.325,1.49,100.0,81.4
6002,-15181.03,101.4962,1.45,100.0,81.4
6003,-15149.78,178.4956,1.52,100.0,81.4
6004,-15223.76,425.4958,1.57,100.0,81.4
6005,-15257.94,172.2156,1.65,98.3,81.1
6006,-15179.22,355.7818,1.45,100.0,80.9
6007,-15179.31,215.3783,1.55,100.0,81.0
6008,-15180.79,167.3247,1.56,100.0,81.0
6009,-15118.3,109.4308,1.46,100.0,81.0
6010,-15189.52,236.0835,1.41,99.8,80.9
6011,-15147.86,100.7419,1.44,100.0,81.0
6012,-15178.75,338.5599,1.45,100.0,81.1
6013,-15143.9,146.2539,1.44,100.0,81.0
6014,-15223.43,161.6498,1.57,100.0,81.0
6015,-15149.91,139.3531,1.59,98.6,80.8
6016,-15186.92,214.1816,1.59,100.0,80.9
6017,-15200.89,120.3398,1.47,100.0,80.0
6018,-15169.44,224.3089,1.55,98.9,79.8
6019,-15209.38,76.8633,1.52,100.0,79.9
6020,-15198.99,57.4269,1.44,100.0,79.8
6021,-15217.18,42.634,1.5,100.0,79.9
6022,-15176.75,164.2466,1.48,100.0,79.9
6023,-15196.87,107.7986,1.65,99.3,79.9
6024,-15176.75,124.8406,1.49,100.0,79.9
6025,-15166.14,61.764,1.57,100.0,80.0
6026,-15176.75,71.1491,1.58,99.5,80.0
6027,-15174.87,48.3469,1.49,100.0,79.9
6028,-15141.88,143.0262,1.45,100.0,80.0
6029,-15126.97,144.8997,1.45,100.0,80.0
6030,-15242.32,613.9,1.43,100.0,80.1
6031,-15126.97,81.746,1.38,99.8,80.0
6032,-15257.94,263.871,1.49,99.8,80.2
6033,-15191.41,139.9655,1.56,100.0,80.3
6034,-15215.96,239.709,1.52,100.0,80.1
6035,-15166.6,114.989,1.51,100.0,80.1
6036,-15166.6,100.7044,1.61,100.0,80.3
6037,-15161.11,239.5332,1.62,94.7,79.0
6038,-15179.28,81.4981,1.54,100.0,79.0
6039,-15220.49,215.0587,1.48,100.0,79.1
6040,-15186.53,262.274,1.47,100.0,79.0
6041,-15196.03,106.5393,1.66,98.9,78.9
6042,-15205.16,119.0925,1.61,98.7,78.8
6043,-15177.22,77.1847,1.54,100.0,78.8
6044,-15161.11,221.1708,1.62,100.0,78.9
6045,-15201.39,84.817,1.54,99.8,79.0
6046,-15212.01,121.39,1.44,100.0,78.9
6047,-15246.87,281.6661,1.45,100.0,78.8
6048,-15239.28,125.3391,1.43,100.0,78.9
6049,-15275.32,843.9497,1.43,99.8,78.8
6050,-15194.95,473.7174,1.46,100.0,78.9
6051,-15218.86,426.3765,1.56,100.0,78.9
6052,-15222.01,209.2746,1.56,100.0,78.9
6053,-15201.76,90.1681,1.49,99.9,78.9
6054,-15269.21,690.161,1.59,100.0,78.8
6055,-15305.26,813.4383,1.54,92.1,78.8
6056,-15254.77,88.8627,1.49,100.0,78.7
6057,-15265.81,352.7634,1.42,100.0,78.6
6058,-15318.94,561.2815,1.49,100.0,78.7
6059,-15250.09,120.4595,1.62,100.0,78.8
6060,-15292.53,467.2279,1.64,99.2,78.8
6061,-15218.86,249.536,1.51,100.0,78.7
6062,-15245.97,132.3332,1.55,100.0,78.8
6063,-15344.98,602.3108,1.55,100.0,78.8
6064,-15255.63,196.965,1.45,100.0,78.8
6065,-15262.58,175.8107,1.45,100.0,78.9
6066,-15273.0,74.7847,1.44,100.0,78.9
6067,-15308.57,141.485,1.44,100.0,79.0
6068,-15243.38,233.2813,1.45,100.0,78.8
6069,-15268.23,236.495,1.51,100.0,78.9
6070,-15228.7,166.212,1.62,95.1,78.5
6071,-15309.07,199.4176,1.52,100.0,78.5
6072,-15255.63,111.9434,1.51,100.0,78.6
6073,-15275.4,78.2831,1.52,100.0,78.7
6074,-15325.98,910.0504,1.5,100.0,78.7
6075,-15308.57,245.846,1.46,100.0,78.7
6076,-15282.44,447.368,1.5,100.0,78.7
6077,-15218.86,346.563,1.6,100.0,78.8
6078,-15209.67,113.3482,1.65,100.0,78.8
6079,-15255.63,290.1551,1.44,100.0,78.9
6080,-15201.39,256.2952,1.49,100.0,78.9
6081,-15256.94,138.8719,1.44,100.0,78.9
6082,-15275.4,55.7615,1.44,100.0,78.9
6083,-15227.92,234.6691,1.45,100.0,79.0
6084,-15292.34,52.9065,1.51,98.0,78.8
6085,-15218.86,112.944,1.52,100.0,78.7
6086,-15320.69,1405.1723,1.44,100.0,78.8
6087,-15308.57,329.421,1.62,100.0,78.8
6088,-15218.86,159.8282,1.69,99.2,78.7
6089,-15264.32,109.6731,1.58,98.0,78.5
6090,-15340.71,299.585,1.47,100.0,78.6
6091,-15282.44,338.443,1.49,100.0,78.6
6092,-15370.66,572.026,1.46,100.0,78.7
6093,-15282.44,268.9566,1.45,99.5,78.6
6094,-15215.56,357.842,1.45,100.0,78.7
6095,-15360.24,652.1527,1.47,100.0,78.8
6096,-15318.39,512.5564,1.46,100.0,78.7
6097,-15322.05,221.6566,1.45,100.0,77.8
6098,-15354.75,420.2452,1.54,99.1,77.8
6099,-15286.93,610.1151,1.56,99.8,77.8
6100,-15361.22,281.8974,1.6,100.0,78.0
6101,-15360.24,154.5495,1.53,100.0,77.9
6102,-15360.24,122.0331,1.67,97.6,77.5
6103,-15344.39,89.6292,1.57,97.7,77.1
6104,-15309.07,193.669,1.43,100.0,77.1
6105,-15360.24,134.5954,1.48,100.0,77.2
6106,-15350.79,456.8961,1.59,100.0,77.2
6107,-15337.66,502.9443,1.74,95.1,76.6
6108,-15314.91,142.9264,1.59,99.9,76.4
6109,-15308.57,375.6019,1.47,100.0,76.4
6110,-15305.21,434.0186,1.53,100.0,76.3
6111,-15218.86,1469.2158,1.61,100.0,75.9
6112,-15345.13,75.5353,1.62,96.5,75.8
6113,-15218.86,758.4173,1.47,100.0,75.8
6114,-15273.0,136.8832,1.51,100.0,75.8
6115,-15314.84,308.7076,1.5,100.0,76.0
6116,-15255.63,302.7873,1.54,100.0,75.9
6117,-15201.76,325.0629,1.47,100.0,75.8
6118,-15239.28,162.0255,1.54,100.0,75.9
6119,-15245.97,106.0565,1.67,100.0,75.9
6120,-15249.33,583.3153,1.52,100.0,75.9
6121,-15215.96,234.1637,1.47,100.0,75.9
6122,-15233.96,273.8576,1.45,100.0,76.0
6123,-15249.33,329.8621,1.44,100.0,76.1
6124,-15233.96,129.5751,1.4,99.6,76.1
6125,-15215.96,203.1882,1.5,99.8,76.2
6126,-15266.97,357.4524,1.52,100.0,76.2
6127,-15236.21,283.396,1.58,100.0,76.3
6128,-15169.44,272.8452,1.49,100.0,76.3
6129,-15198.31,167.2872,1.57,100.0,76.5
6130,-15198.31,108.6371,1.58,90.9,76.6
6131,-15150.77,350.7301,1.53,100.0,76.6
6132,-15197.53,44.8902,1.46,100.0,76.6
6133,-15191.87,256.2606,1.46,100.0,76.6
6134,-15211.06,180.0357,1.47,100.0,76.6
6135,-15188.36,189.4862,1.42,99.2,76.6
6136,-15198.31,251.7059,1.52,100.0,76.7
6137,-15199.52,124.3616,1.49,100.0,76.5
6138,-15184.72,76.2838,1.52,100.0,76.6
6139,-15207.69,88.2027,1.56,100.0,76.6
6140,-15209.46,157.3427,1.6,84.3,76.8
6141,-15226.53,143.5129,1.57,99.0,76.9
6142,-15224.75,191.2184,1.43,100.0,76.9
6143,-15198.05,103.4947,1.49,100.0,77.0
6144,-15212.5,132.4384,1.52,100.0,76.9
6145,-15246.65,232.8821,1.74,96.6,76.9
6146,-15211.97,73.9607,1.45,100.0,76.9
6147,-15153.8,270.9057,1.57,100.0,77.0
6148,-15165.69,65.1806,1.59,100.0,77.0
6149,-15153.8,114.4801,1.44,100.0,77.1
6150,-15218.74,143.1196,1.37,99.7,77.1
6151,-15193.38,139.1494,1.46,98.8,77.1
6152,-15168.6,106.3065,1.51,100.0,77.1
6153,-15225.61,233.3374,1.46,100.0,77.1
6154,-15209.34,183.6284,1.57,100.0,77.1
6155,-15168.6,181.1042,1.57,98.8,77.0
6156,-15185.91,285.6205,1.6,99.2,76.9
6157,-15226.08,117.3041,1.49,100.0,77.0
6158,-15153.8,98.5026,1.55,100.0,77.1
6159,-15168.6,80.8765,1.5,100.0,76.9
6160,-15155.09,53.6468,1.47,100.0,77.0
6161,-15214.78,290.85,1.43,100.0,76.9
6162,-15211.8,127.3212,1.46,100.0,77.0
6163,-15180.13,160.1946,1.45,100.0,77.1
6164,-15226.53,383.3581,1.47,100.0,77.1
6165,-15212.5,173.9193,1.52,100.0,77.2
6166,-15214.0,170.1426,1.59,97.2,76.8
6167,-15214.78,166.0864,1.55,100.0,76.8
6168,-15232.54,148.8542,1.52,100.0,76.7
6169,-15224.69,200.7933,1.6,99.6,76.8
6170,-15208.28,110.9862,1.55,99.0,76.9
6171,-15210.72,96.0886,1.42,100.0,77.0
6172,-15200.22,116.4489,1.48,100.0,77.2
6173,-15185.51,498.68,1.45,100.0,77.0
6174,-15198.31,467.3038,1.41,100.0,77.0
6175,-15160.9,222.8285,1.42,100.0,76.9
6176,-15222.68,464.9088,1.49,100.0,77.1
6177,-15209.46,158.2163,1.55,100.0,77.0
6178,-15171.48,136.3957,1.47,100.0,77.0
6179,-15206.51,209.6019,1.55,100.0,77.1
6180,-15150.77,185.5721,1.58,88.4,77.1
6181,-15229.82,150.1432,1.57,99.8,77.1
6182,-15158.55,238.853,1.46,100.0,77.3
6183,-15150.93,108.3864,1.5,100.0,77.2
6184,-15163.45,72.6058,1.47,100.0,77.3
6185,-15184.6,240.5115,1.38,98.4,77.3
6186,-15217.72,120.7426,1.45,100.0,77.3
6187,-15217.72,70.7967,1.46,100.0,77.4
6188,-15171.13,245.7454,1.48,100.0,77.4
6189,-15174.75,139.7505,1.49,100.0,77.4
6190,-15171.13,65.4723,1.54,100.0,77.5
6191,-15192.29,99.2678,1.6,91.8,77.6
6192,-15192.29,42.6011,1.45,100.0,77.5
6193,-15150.77,274.4078,1.55,100.0,77.6
6194,-15171.13,22.9727,1.51,100.0,77.6
6195,-15150.93,178.0412,1.46,100.0,77.6
6196,-15150.2,85.0103,1.43,100.0,77.6
6197,-15200.43,166.8577,1.46,100.0,77.6
6198,-15150.77,309.6089,1.48,100.0,77.8
6199,-15150.93,158.7481,1.44,100.0,77.7
6200,-15150.93,56.9747,1.48,100.0,77.8
6201,-15209.11,212.7222,1.61,94.5,77.9
6202,-15171.3,68.8322,1.61,99.8,77.8
6203,-15192.71,71.7601,1.46,100.0,77.8
6204,-15174.75,60.0248,1.48,100.0,77.9
6205,-15174.75,50.8989,1.5,100.0,78.0
6206,-15174.75,41.8679,1.46,100.0,78.1
6207,-15174.75,20.075,1.53,100.0,78.1
6208,-15267.01,385.3013,1.56,100.0,78.2
6209,-15281.02,575.1511,1.5,99.8,78.0
6210,-15281.02,422.6824,1.41,100.0,77.8
6211,-15260.91,418.276,1.45,100.0,77.9
6212,-15241.72,160.2456,1.5,100.0,78.0
6213,-15228.86,158.0834,1.49,100.0,78.0
6214,-15281.93,392.0942,1.47,100.0,78.0
6215,-15203.02,165.7417,1.51,100.0,78.1
6216,-15199.52,109.2404,1.55,97.4,78.2
6217,-15149.75,188.003,1.48,100.0,78.1
6218,-15137.57,245.4918,1.45,100.0,78.2
6219,-15206.9,376.7554,1.49,100.0,78.2
6220,-15149.75,56.0203,1.44,98.0,78.3
6221,-15188.36,125.7024,1.44,100.0,78.4
6222,-15239.17,379.6939,1.49,100.0,78.4
6223,-15184.72,94.8085,1.52,100.0,78.4
6224,-15209.11,52.9482,1.47,100.0,78.5
6225,-15190.11,95.8325,1.51,100.0,78.5
6226,-15231.08,73.923,1.59,92.9,78.5
6227,-15137.57,443.7538,1.5,100.0,78.5
6228,-15137.57,344.1561,1.46,100.0,78.6
6229,-15201.55,301.6608,1.49,100.0,78.6
6230,-15175.69,191.1407,1.48,100.0,78.6
6231,-15199.02,76.1758,1.45,100.0,78.7
6232,-15174.75,103.0129,1.51,100.0,78.8
6233,-15174.75,58.3989,1.51,100.0,78.8
6234,-15174.75,37.1879,1.54,100.0,78.8
6235,-15231.97,645.1951,1.43,100.0,78.8
6236,-15225.82,470.547,1.52,100.0,78.9
6237,-15245.39,319.7067,1.49,99.8,78.9
6238,-15258.92,89.8383,1.47,100.0,78.9
6239,-15289.08,63.3395,1.46,100.0,79.0
6240,-15259.31,78.7401,1.53,100.0,79.1
6241,-15218.72,174.4757,1.59,100.0,79.1
6242,-15215.87,129.7218,1.49,100.0,79.1
6243,-15206.51,81.4236,1.57,100.0,79.1
6244,-15200.43,92.0467,1.59,97.6,79.1
6245,-15175.69,114.7073,1.51,100.0,79.1
6246,-15171.3,90.5956,1.44,100.0,79.2
6247,-15215.41,192.8504,1.44,100.0,79.2
6248,-15218.03,210.4574,1.51,100.0,79.2
6249,-15206.51,80.4297,1.44,100.0,79.2
6250,-15171.3,186.7359,1.48,100.0,79.3
6251,-15209.11,55.4506,1.5,100.0,78.8
6252,-15171.3,58.1891,1.53,100.0,78.7
6253,-15171.3,40.3011,1.53,100.0,78.8
6254,-15158.59,31.636,1.55,100.0,78.8
6255,-15171.13,17.9669,1.53,100.0,78.9
6256,-15174.75,52.5681,1.45,100.0,78.8
6257,-15211.53,252.1831,1.47,100.0,78.9
6258,-15172.39,261.7376,1.52,100.0,78.9
6259,-15221.25,61.0568,1.46,100.0,79.0
6260,-15217.84,183.9987,1.5,100.0,79.1
6261,-15297.18,792.4822,1.55,100.0,79.1
6262,-15228.86,314.9009,1.5,100.0,78.3
6263,-15265.82,96.102,1.48,100.0,78.3
6264,-15187.38,258.8988,1.5,100.0,78.4
6265,-15254.22,152.8971,1.51,99.9,78.5
6266,-15227.51,152.5704,1.53,100.0,78.6
6267,-15234.25,313.1236,1.49,100.0,78.5
6268,-15172.39,426.9733,1.54,100.0,78.4
6269,-15224.7,147.1832,1.54,100.0,78.5
6270,-15177.46,216.6238,1.63,100.0,78.7
6271,-15200.82,141.6086,1.45,100.0,78.7
6272,-15201.91,80.4441,1.49,100.0,78.8
6273,-15191.21,79.1781,1.49,100.0,78.6
6274,-15190.11,85.6196,1.47,100.0,78.6
6275,-15211.53,106.4036,1.46,100.0,78.7
6276,-15181.59,45.0275,1.47,100.0,78.8
6277,-15158.59,45.3381,1.54,100.0,78.8
6278,-15245.16,211.808,1.47,100.0,78.8
6279,-15153.33,279.5225,1.57,100.0,78.8
6280,-15242.01,81.2593,1.57,96.2,78.7
6281,-15153.33,245.0797,1.5,100.0,78.5
6282,-15229.7,135.2283,1.48,100.0,78.7
6283,-15247.35,104.9951,1.46,100.0,78.7
6284,-15226.36,162.472,1.43,100.0,78.6
6285,-15177.79,427.4935,1.4,100.0,78.6
6286,-15190.44,110.535,1.48,100.0,78.7
6287,-15158.59,31.2328,1.55,100.0,78.6
6288,-15240.35,489.112,1.46,100.0,78.7
6289,-15272.91,1011.3004,1.51,100.0,78.7
6290,-15270.4,473.5315,1.57,97.6,78.8
6291,-15211.17,222.1429,1.54,99.9,78.8
6292,-15211.17,174.407,1.45,100.0,78.8
6293,-15236.64,126.5302,1.51,100.0,78.9
6294,-15227.37,47.8306,1.52,99.5,78.9
6295,-15249.81,225.6503,1.47,100.0,78.9
6296,-15236.64,90.894,1.44,100.0,78.8
6297,-15223.71,121.62,1.51,100.0,78.9
6298,-15244.43,139.1509,1.54,100.0,79.0
6299,-15266.41,178.091,1.43,100.0,79.1
6300,-15244.43,75.3904,1.5,100.0,79.0
6301,-15211.17,130.0674,1.55,100.0,79.0
6302,-15211.17,67.0603,1.47,100.0,79.0
6303,-15227.28,94.0958,1.47,100.0,79.0
6304,-15217.01,91.3646,1.53,97.6,79.1
6305,-15171.13,193.4386,1.5,100.0,79.2
6306,-15166.27,70.8303,1.44,100.0,79.0
6307,-15158.4,68.2783,1.51,100.0,78.4
6308,-15232.77,300.4676,1.54,95.7,77.2
6309,-15237.33,69.9674,1.49,100.0,77.3
6310,-15211.17,86.2439,1.5,100.0,77.3
6311,-15200.34,359.8695,1.53,99.2,77.5
6312,-15190.14,134.238,1.51,100.0,77.5
6313,-15158.4,24.242,1.44,100.0,77.5
6314,-15243.55,208.3249,1.58,100.0,77.6
6315,-15215.11,130.6739,1.58,100.0,77.6
6316,-15232.77,105.8068,1.61,100.0,77.7
6317,-15157.32,277.8982,1.42,100.0,77.5
6318,-15232.77,56.8583,1.45,100.0,77.7
6319,-15211.39,24.7573,1.45,100.0,77.7
6320,-15211.17,53.1498,1.43,100.0,77.7
6321,-15263.27,228.7852,1.46,100.0,77.7
6322,-15232.77,32.7946,1.57,100.0,77.7
6323,-15211.17,47.3137,1.53,100.0,77.8
6324,-15237.99,88.7294,1.5,100.0,77.8
6325,-15237.99,49.1029,1.6,100.0,78.0
6326,-15255.22,123.5058,1.63,91.3,77.9
6327,-15243.55,209.716,1.58,100.0,77.9
6328,-15217.01,133.9821,1.44,100.0,77.9
6329,-15237.33,63.6676,1.51,100.0,78.0
6330,-15232.77,79.159,1.66,100.0,78.1
6331,-15236.64,36.0462,1.66,97.2,78.1
6332,-15236.64,32.3667,1.49,100.0,78.2
6333,-15263.56,188.7923,1.45,100.0,77.6
6334,-15239.17,101.3318,1.52,100.0,77.6
6335,-15263.56,91.8892,1.63,97.1,77.7
6336,-15234.12,171.8183,1.6,99.9,77.7
6337,-15255.22,60.9834,1.46,100.0,77.8
6338,-15234.55,63.7626,1.57,100.0,77.8
6339,-15255.22,25.6854,1.52,100.0,77.9
6340,-15232.77,194.096,1.46,99.1,77.8
6341,-15164.11,385.2914,1.49,100.0,78.5
6342,-15262.31,428.4541,1.5,100.0,78.5
6343,-15217.34,250.4211,1.43,100.0,78.5
6344,-15230.03,84.9319,1.44,100.0,78.5
6345,-15181.82,209.4464,1.5,100.0,78.6
6346,-15217.34,90.4903,1.57,98.7,78.2
6347,-15200.89,91.9949,1.46,100.0,78.1
6348,-15201.71,111.8276,1.48,100.0,78.0
6349,-15201.71,69.2208,1.49,100.0,78.1
6350,-15234.55,181.6132,1.52,100.0,78.0
6351,-15248.91,140.8298,1.48,100.0,78.1
6352,-15262.49,95.3018,1.56,100.0,78.2
6353,-15238.99,358.1243,1.56,99.2,78.1
6354,-15216.94,564.4664,1.57,100.0,78.0
6355,-15179.0,166.8314,1.44,100.0,78.1
6356,-15214.86,202.7185,1.48,100.0,78.1
6357,-15214.86,213.6152,1.45,100.0,78.1
6358,-15188.26,90.3837,1.44,98.2,78.0
6359,-15211.53,194.2303,1.45,100.0,77.8
6360,-15217.84,199.7567,1.55,100.0,77.9
6361,-15167.57,312.8875,1.57,100.0,78.0
6362,-15188.36,37.7581,1.51,100.0,78.0
6363,-15217.73,137.8672,1.56,99.2,77.9
6364,-15197.65,243.7537,1.55,97.3,77.8
6365,-15214.45,128.4637,1.52,100.0,77.8
6366,-15276.89,258.3201,1.47,100.0,77.7
6367,-15175.06,213.4392,1.5,100.0,77.7
6368,-15214.86,142.1266,1.72,98.7,77.9
6369,-15263.13,149.7878,1.59,99.5,77.8
6370,-15221.79,150.5106,1.48,100.0,77.8
6371,-15247.09,109.0361,1.54,100.0,77.9
6372,-15227.51,63.6108,1.49,100.0,77.8
6373,-15224.7,198.9448,1.41,99.4,77.9
6374,-15214.86,89.8627,1.49,100.0,77.8
6375,-15214.86,77.2719,1.46,100.0,77.8
6376,-15203.83,142.2672,1.47,100.0,77.8
6377,-15176.44,134.6739,1.48,100.0,77.8
6378,-15184.84,92.6625,1.58,100.0,77.9
6379,-15195.96,183.1076,1.57,95.6,78.0
6380,-15233.51,181.0352,1.51,100.0,78.0
6381,-15211.24,72.2501,1.55,100.0,78.1
6382,-15228.48,326.2687,1.54,99.3,78.0
6383,-15252.61,285.005,1.53,100.0,77.8
6384,-15248.91,252.2222,1.42,100.0,77.9
6385,-15248.91,264.9782,1.49,100.0,77.9
6386,-15221.36,217.601,1.46,100.0,77.9
6387,-15234.55,135.5336,1.45,99.8,78.0
6388,-15267.37,201.9805,1.49,100.0,77.9
6389,-15267.37,143.0692,1.51,100.0,78.0
6390,-15234.55,165.2535,1.55,100.0,78.1
6391,-15243.36,59.9238,1.48,100.0,78.1
6392,-15238.97,127.8629,1.54,98.5,78.1
6393,-15244.52,24.5125,1.56,96.4,78.2
6394,-15267.37,80.2795,1.45,100.0,78.1
6395,-15187.13,504.5459,1.46,100.0,78.2
6396,-15203.73,351.3167,1.59,100.0,78.3
6397,-15196.66,202.5579,1.73,93.4,78.4
6398,-15249.56,178.5596,1.59,99.7,78.4
6399,-15333.71,1282.5284,1.49,100.0,78.3
6400,-15221.56,75.7597,1.6,100.0,78.3
6401,-15262.25,294.1203,1.49,100.0,78.4
6402,-15187.68,206.2994,1.41,99.7,78.5
6403,-15230.66,118.0239,1.42,100.0,78.5
6404,-15366.45,558.1285,1.45,100.0,78.4
6405,-15319.31,112.5251,1.41,100.0,78.4
6406,-15354.61,165.8759,1.49,100.0,78.5
6407,-15187.68,990.9054,1.51,100.0,78.7
6408,-15247.09,130.2965,1.62,100.0,78.6
6409,-15197.76,203.5027,1.56,100.0,78.6
6410,-15259.14,152.5192,1.56,100.0,78.8
6411,-15347.62,568.6462,1.62,94.7,78.8
6412,-15330.6,233.6234,1.54,100.0,78.7
6413,-15333.71,132.8677,1.44,100.0,78.8
6414,-15204.99,759.9217,1.49,100.0,78.6
6415,-15243.3,770.1662,1.5,100.0,78.7
6416,-15232.77,440.8536,1.74,95.6,78.8
6417,-15241.51,359.569,1.5,100.0,78.7
6418,-15234.55,144.349,1.53,100.0,78.8
6419,-15211.17,280.6196,1.51,100.0,78.8
6420,-15234.55,99.8761,1.44,100.0,78.8
6421,-15238.97,65.817,1.4,98.9,78.9
6422,-15248.91,99.0733,1.46,98.8,79.0
6423,-15239.48,237.8255,1.5,100.0,79.0
6424,-15211.17,158.5679,1.45,100.0,78.9
6425,-15200.37,54.4663,1.57,100.0,79.0
6426,-15243.99,377.1618,1.61,90.4,79.2
6427,-15278.8,265.5888,1.61,99.0,79.3
6428,-15217.9,138.8889,1.48,100.0,79.3
6429,-15240.35,160.1091,1.5,100.0,79.3
6430,-15221.96,186.9006,1.49,100.0,79.1
6431,-15211.57,124.0091,1.44,100.0,79.2
6432,-15239.57,166.9811,1.47,100.0,79.3
6433,-15167.72,141.4445,1.51,100.0,79.3
6434,-15206.12,566.8939,1.47,100.0,79.4
6435,-15135.82,276.5791,1.42,100.0,79.4
6436,-15206.12,577.4339,1.52,100.0,79.4
6437,-15174.5,151.6931,1.61,94.3,79.6
6438,-15204.07,125.0079,1.5,100.0,79.5
6439,-15204.07,80.8726,1.46,100.0,79.6
6440,-15208.99,51.6778,1.53,100.0,79.9
6441,-15176.76,70.9688,1.51,100.0,79.8
6442,-15222.44,160.5717,1.44,100.0,79.9
6443,-15176.76,35.7643,1.54,100.0,79.9
6444,-15222.44,91.1412,1.62,100.0,80.0
6445,-15208.87,92.0998,1.69,100.0,80.3
6446,-15221.39,35.2835,1.52,100.0,80.4
6447,-15228.77,131.4019,1.49,100.0,80.4
6448,-15205.82,306.3458,1.48,100.0,80.4
6449,-15139.65,352.5216,1.43,100.0,80.3
6450,-15213.99,194.2095,1.45,100.0,80.5
6451,-15218.58,193.1208,1.48,100.0,80.6
6452,-15227.57,126.896,1.54,100.0,80.6
6453,-15208.87,132.9783,1.47,100.0,80.6
6454,-15170.54,243.4623,1.56,100.0,80.7
6455,-15227.57,189.6144,1.64,86.3,80.8
6456,-15217.16,124.173,1.52,100.0,80.9
6457,-15222.44,70.0887,1.44,100.0,80.8
6458,-15208.87,101.8874,1.49,100.0,80.8
6459,-15217.16,72.7445,1.49,100.0,80.9
6460,-15238.45,153.9337,1.54,97.6,81.0
6461,-15208.87,54.8097,1.49,100.0,81.1
6462,-15213.99,56.3821,1.53,100.0,81.0
6463,-15222.44,15.7,1.56,100.0,81.1
6464,-15173.13,282.153,1.45,100.0,81.2
6465,-15208.87,55.0565,1.48,100.0,81.2
6466,-15208.87,34.4959,1.46,99.8,81.2
6467,-15197.98,408.9313,1.47,100.0,81.2
6468,-15176.54,192.1854,1.48,100.0,81.2
6469,-15208.87,45.9275,1.51,100.0,81.2
6470,-15208.87,43.9038,1.65,99.5,81.3
6471,-15238.45,75.003,1.6,99.9,81.5
6472,-15166.27,233.9008,1.5,100.0,81.5
6473,-15163.33,389.5848,1.55,100.0,81.5
6474,-15206.46,135.9827,1.55,98.2,81.6
6475,-15170.93,197.8046,1.43,100.0,81.5
6476,-15176.54,115.1627,1.46,100.0,81.6
6477,-15150.75,167.3676,1.43,100.0,81.6
6478,-15166.59,115.3273,1.43,98.6,81.6
6479,-15221.58,418.964,1.43,100.0,81.7
6480,-15269.35,422.1097,1.51,100.0,81.8
6481,-15265.93,173.7991,1.63,100.0,81.9
6482,-15211.17,381.9357,1.51,100.0,81.9
6483,-15211.17,314.4627,1.58,100.0,81.9
6484,-15211.17,126.5717,1.58,89.2,82.0
6485,-15216.1,85.4077,1.5,100.0,82.1
6486,-15243.55,168.9476,1.44,100.0,82.2
6487,-15207.13,125.9036,1.53,100.0,82.2
6488,-15196.64,154.8995,1.73,100.0,82.2
6489,-15207.13,67.1083,1.58,96.5,82.4
6490,-15234.49,287.8361,1.51,100.0,82.3
6491,-15242.1,125.9243,1.53,100.0,82.5
6492,-15219.19,183.8036,1.48,100.0,82.5
6493,-15171.21,338.7808,1.43,100.0,82.5
6494,-15167.72,171.5101,1.42,100.0,82.4
6495,-15208.87,507.0627,1.44,100.0,82.1
6496,-15205.82,376.2643,1.5,100.0,82.1
6497,-15208.87,301.4881,1.47,100.0,82.3
6498,-15207.13,110.4796,1.57,100.0,82.3
6499,-15204.51,190.5358,1.56,84.9,82.4
6500,-15214.66,207.8698,1.47,100.0,81.6
6501,-15214.63,88.7174,1.45,100.0,81.5
6502,-15226.81,78.1419,1.45,99.8,81.5
6503,-15207.13,61.9694,1.47,100.0,81.6
6504,-15239.82,223.2403,1.41,100.0,81.7
6505,-15212.36,138.4732,1.5,100.0,81.8
6506,-15228.45,56.782,1.53,100.0,81.7
6507,-15214.66,98.5953,1.61,100.0,81.6
6508,-15221.77,91.1416,1.51,100.0,81.7
6509,-15239.57,53.433,1.67,95.6,81.8
6510,-15220.72,110.7065,1.54,99.1,81.8
6511,-15214.66,42.1664,1.45,100.0,81.8
6512,-15221.33,42.6719,1.49,100.0,81.8
6513,-15214.66,26.0662,1.61,100.0,81.9
6514,-15208.83,39.0296,1.74,90.8,82.0
6515,-15246.7,225.2422,1.52,99.9,82.1
6516,-15240.42,221.0821,1.54,100.0,81.9
6517,-15272.54,309.3392,1.55,100.0,82.0
6518,-15221.33,273.6324,1.47,100.0,82.0
6519,-15218.71,202.8664,1.42,98.7,82.1
6520,-15203.2,89.3148,1.46,100.0,82.1
6521,-15220.72,50.4235,1.47,100.0,82.1
6522,-15261.03,284.3866,1.43,100.0,81.1
6523,-15240.42,154.2131,1.49,100.0,81.0
6524,-15247.96,84.9644,1.63,95.3,81.2
6525,-15240.42,112.6717,1.53,99.5,81.3
6526,-15240.42,77.7026,1.48,100.0,81.4
6527,-15208.83,157.0138,1.53,100.0,81.2
6528,-15211.51,252.2416,1.5,100.0,81.2
6529,-15222.98,189.4783,1.56,100.0,81.3
6530,-15187.08,266.116,1.46,100.0,81.4
6531,-15211.34,59.5525,1.56,100.0,81.4
6532,-15202.35,85.495,1.58,97.3,81.6
6533,-15220.72,35.3769,1.52,100.0,81.4
6534,-15222.98,105.0654,1.43,100.0,81.5
6535,-15224.31,58.1675,1.45,100.0,81.5
6536,-15205.95,70.2696,1.43,100.0,81.5
6537,-15122.94,321.7059,1.45,98.8,81.6
6538,-15226.53,398.2432,1.5,100.0,81.6
6539,-15229.66,305.0158,1.63,100.0,81.5
6540,-15205.95,46.4152,1.54,100.0,81.0
6541,-15225.11,248.2471,1.53,100.0,81.0
6542,-15170.17,179.4656,1.6,89.1,81.2
6543,-15232.31,86.7295,1.52,100.0,81.2
6544,-15203.11,185.5279,1.45,100.0,81.3
6545,-15154.23,304.8338,1.56,100.0,81.2
6546,-15158.52,149.2915,1.7,99.2,81.1
6547,-15197.32,129.7293,1.62,96.7,81.3
6548,-15175.68,107.4985,1.5,100.0,81.3
6549,-15169.06,102.3837,1.52,100.0,81.3
6550,-15118.98,304.771,1.47,100.0,81.2
6551,-15176.3,299.5934,1.5,98.1,81.3
6552,-15158.59,106.7865,1.47,100.0,81.3
6553,-15239.71,293.6488,1.61,100.0,81.4
6554,-15176.3,211.8829,1.6,100.0,81.4
6555,-15159.11,171.9238,1.53,100.0,81.4
6556,-15176.05,125.9101,1.45,100.0,81.2
6557,-15176.3,117.2591,1.47,100.0,81.4
6558,-15174.38,54.8989,1.46,100.0,81.5
6559,-15199.46,84.6824,1.46,100.0,81.5
6560,-15202.81,103.4948,1.53,100.0,81.5
6561,-15159.11,275.2603,1.53,98.7,81.4
6562,-15176.05,109.0603,1.61,100.0,81.5
6563,-15222.82,260.8287,1.51,100.0,81.5
6564,-15154.72,314.6836,1.59,100.0,81.6
6565,-15240.66,273.4315,1.59,98.0,81.5
6566,-15176.05,252.5229,1.61,100.0,81.1
6567,-15199.46,73.5786,1.58,99.9,81.2
6568,-15189.68,307.9453,1.48,100.0,81.2
6569,-15189.68,266.9987,1.57,99.2,81.2
6570,-15176.3,132.4993,1.57,93.5,81.4
6571,-15202.81,64.7859,1.48,100.0,81.3
6572,-15171.46,196.5361,1.44,100.0,81.3
6573,-15221.96,166.0294,1.62,100.0,81.3
6574,-15246.81,245.4924,1.69,96.4,81.4
6575,-15221.96,111.2438,1.58,99.5,81.3
6576,-15189.68,172.331,1.48,100.0,81.3
6577,-15277.04,184.0242,1.52,100.0,81.3
6578,-15199.46,136.161,1.49,100.0,81.4
6579,-15202.81,57.4,1.37,96.8,81.3
6580,-15140.36,322.208,1.46,100.0,81.3
6581,-15242.85,388.9057,1.46,100.0,81.4
6582,-15242.85,372.848,1.44,100.0,81.4
6583,-15189.68,336.4868,1.48,100.0,81.5
6584,-15189.68,234.7429,1.6,100.0,81.4
6585,-15189.68,146.4888,1.7,94.7,81.1
6586,-15210.83,382.0917,1.53,100.0,81.2
6587,-15154.72,135.0253,1.53,99.9,81.2
6588,-15216.09,101.9392,1.52,96.7,81.4
6589,-15154.72,140.8587,1.48,100.0,81.3
6590,-15174.38,337.3168,1.41,100.0,81.1
6591,-15154.72,81.3347,1.43,100.0,81.2
6592,-15210.83,346.8269,1.44,100.0,81.2
6593,-15233.94,67.9419,1.4,100.0,81.3
6594,-15233.29,163.8812,1.56,100.0,81.3
6595,-15199.78,98.5882,1.59,100.0,81.4
6596,-15189.68,202.1874,1.56,99.9,81.6
6597,-15210.83,322.251,1.48,100.0,81.7
6598,-15210.83,268.0449,1.6,99.2,81.9
6599,-15233.29,138.0163,1.56,98.1,82.0
6600,-15238.08,53.5732,1.47,100.0,82.1
6601,-15166.45,452.9305,1.46,100.0,82.2
6602,-15205.28,64.6725,1.47,100.0,82.2
6603,-15213.65,161.3731,1.77,96.3,82.2
6604,-15172.23,106.3428,1.53,100.0,82.4
6605,-15166.45,108.173,1.51,100.0,82.2
6606,-15192.24,91.5573,1.6,100.0,82.4
6607,-15182.49,57.6881,1.49,100.0,82.5
6608,-15182.49,32.7744,1.45,96.7,82.4
6609,-15182.49,11.288,1.41,100.0,82.3
6610,-15209.82,149.8615,1.44,100.0,82.4
6611,-15209.82,121.7012,1.43,100.0,82.5
6612,-15248.46,234.1768,1.51,100.0,82.5
6613,-15190.24,289.1858,1.57,99.9,82.7
6614,-15186.36,62.9231,1.6,91.3,82.9
6615,-15199.82,195.377,1.48,100.0,82.5
6616,-15239.21,395.2934,1.54,100.0,82.5
6617,-15239.21,248.7041,1.53,99.9,82.2
6618,-15221.96,110.661,1.48,100.0,82.1
6619,-15239.21,87.8457,1.42,100.0,82.2
6620,-15207.94,71.7367,1.42,100.0,82.1
6621,-15244.85,147.7933,1.44,100.0,82.2
6622,-15205.28,27.1676,1.44,100.0,82.1
6623,-15219.18,121.0424,1.48,100.0,82.1
6624,-15244.85,212.8259,1.6,99.0,82.0
6625,-15244.85,134.6947,1.62,99.8,82.0
6626,-15212.13,195.8441,1.47,100.0,82.1
6627,-15199.82,603.2837,1.54,98.3,82.0
6628,-15233.29,36.3131,1.52,98.5,82.2
6629,-15199.82,322.3177,1.48,100.0,82.3
6630,-15222.68,160.603,1.48,100.0,82.2
6631,-15152.01,377.5378,1.61,100.0,82.2
6632,-15212.13,98.521,1.75,91.8,82.6
6633,-15246.81,196.6151,1.6,99.9,82.5
6634,-15246.81,127.0079,1.47,100.0,82.5
6635,-15239.21,78.7054,1.52,100.0,82.5
6636,-15248.41,26.6325,1.48,100.0,82.6
6637,-15239.21,53.9221,1.51,96.1,82.6
6638,-15239.21,42.8828,1.57,100.0,82.6
6639,-15239.21,28.0778,1.58,100.0,82.7
6640,-15166.45,248.2288,1.58,100.0,82.8
6641,-15246.2,366.2667,1.43,100.0,82.8
6642,-15244.85,191.1923,1.46,100.0,82.7
6643,-15239.19,94.7363,1.47,100.0,82.7
6644,-15218.03,91.7794,1.49,100.0,82.8
6645,-15195.29,66.9283,1.48,100.0,82.9
6646,-15239.19,169.0499,1.51,100.0,83.3
6647,-15227.3,260.0956,1.64,98.4,83.2
6648,-15260.37,49.9633,1.53,100.0,82.9
6649,-15210.04,292.0797,1.55,100.0,82.9
6650,-15248.41,100.7133,1.59,99.6,83.0
6651,-15239.19,84.1499,1.45,99.8,82.7
6652,-15244.85,95.0298,1.46,100.0,82.7
6653,-15239.21,19.0946,1.52,100.0,82.7
6654,-15239.19,37.193,1.56,100.0,82.6
6655,-15152.01,665.6198,1.5,100.0,82.6
6656,-15239.19,75.9662,1.49,100.0,82.8
6657,-15239.21,62.7139,1.49,100.0,82.8
6658,-15210.04,140.2076,1.46,99.9,82.9
6659,-15221.96,228.4948,1.44,100.0,82.9
6660,-15199.34,95.7157,1.53,97.3,83.1
6661,-15196.74,233.2202,1.53,100.0,83.1
6662,-15158.43,67.0382,1.47,100.0,83.1
6663,-15157.75,245.6625,1.51,100.0,83.2
6664,-15187.52,215.137,1.64,100.0,83.2
6665,-15196.0,143.1811,1.65,94.7,83.4
6666,-15158.43,41.1636,1.49,100.0,83.3
6667,-15248.41,324.0646,1.51,100.0,83.4
6668,-15219.24,131.7673,1.52,100.0,83.3
6669,-15244.85,233.14,1.54,100.0,83.4
6670,-15212.13,193.3646,1.55,99.6,83.5
6671,-15212.13,61.0624,1.57,100.0,83.4
6672,-15212.13,45.2752,1.57,100.0,83.5
6673,-15229.61,121.6818,1.57,99.4,83.4
6674,-15212.13,70.6213,1.42,100.0,83.5
6675,-15239.19,97.7521,1.45,100.0,83.6
6676,-15212.13,100.1807,1.45,100.0,83.7
6677,-15152.91,526.9998,1.44,100.0,83.7
6678,-15158.43,142.556,1.46,100.0,83.7
6679,-15158.43,127.0746,1.65,100.0,83.8
6680,-15229.61,558.7089,1.55,99.0,83.6
6681,-15199.82,170.2306,1.56,100.0,83.8
6682,-15212.13,38.5671,1.53,100.0,83.7
6683,-15126.97,538.394,1.63,94.5,83.8
6684,-15172.58,246.1294,1.57,98.5,83.8
6685,-15179.83,214.6439,1.43,100.0,83.9
6686,-15187.34,171.257,1.49,100.0,83.9
6687,-15114.73,292.4478,1.56,100.0,84.0
6688,-15197.36,217.3578,1.71,92.6,84.1
6689,-15195.66,85.0783,1.56,99.9,84.0
6690,-15200.3,159.8469,1.48,100.0,84.0
6691,-15198.16,87.0225,1.54,100.0,84.2
6692,-15190.06,70.1805,1.49,100.0,84.2
6693,-15221.77,115.4762,1.49,96.9,84.4
6694,-15190.06,117.0939,1.43,100.0,85.0
6695,-15200.3,92.9945,1.45,100.0,85.0
6696,-15190.06,66.7003,1.51,100.0,85.1
6697,-15200.3,44.0782,1.46,100.0,85.1
6698,-15239.64,101.2564,1.53,100.0,85.0
6699,-15149.37,531.2894,1.56,90.9,84.5
6700,-15149.37,428.6726,1.56,100.0,84.5
6701,-15170.03,151.9612,1.44,100.0,84.7
6702,-15213.21,170.349,1.53,100.0,84.7
6703,-15208.08,158.6952,1.7,97.9,84.4
6704,-15211.26,298.37,1.66,99.1,84.5
6705,-15142.28,130.7071,1.5,100.0,84.4
6706,-15122.66,308.0312,1.56,100.0,84.5
6707,-15142.63,156.6221,1.48,100.0,84.6
6708,-15219.08,210.0909,1.42,98.0,84.6
6709,-15182.04,69.7089,1.45,100.0,84.6
6710,-15172.92,116.9744,1.46,100.0,84.7
6711,-15147.24,95.3628,1.44,100.0,84.6
6712,-15149.37,204.6477,1.52,100.0,84.7
6713,-15136.9,204.3673,1.61,98.4,84.6
6714,-15177.4,124.6525,1.58,93.9,84.8
6715,-15149.37,88.7692,1.55,100.0,84.7
6716,-15190.06,355.3471,1.51,100.0,84.7
6717,-15147.24,72.7498,1.5,99.1,84.2
6718,-15149.37,129.9204,1.51,100.0,84.1
6719,-15149.37,119.429,1.43,99.6,84.3
6720,-15149.37,76.5715,1.59,100.0,84.3
6721,-15138.39,63.5775,1.63,100.0,84.3
6722,-15201.38,555.3846,1.61,98.7,84.3
6723,-15149.37,51.9778,1.46,100.0,84.4
6724,-15196.08,220.7253,1.5,100.0,84.3
6725,-15135.41,247.5571,1.48,100.0,84.4
6726,-15201.38,238.3594,1.44,98.4,84.6
6727,-15190.37,321.2356,1.45,100.0,84.6
6728,-15205.13,230.7582,1.5,99.3,84.1
6729,-15168.23,90.6905,1.57,100.0,84.1
6730,-15190.37,135.4839,1.54,100.0,84.2
6731,-15190.37,79.1178,1.57,100.0,84.4
6732,-15096.16,978.638,1.62,88.1,84.5
6733,-15187.92,66.4049,1.52,100.0,84.5
6734,-15143.52,114.3361,1.48,100.0,84.6
6735,-15164.85,38.0328,1.48,100.0,84.6
6736,-15186.44,472.5086,1.53,100.0,84.6
6737,-15182.04,163.1149,1.79,97.1,84.3
6738,-15164.85,65.2127,1.5,100.0,84.7
6739,-15164.14,55.7545,1.57,100.0,84.5
6740,-15213.01,182.6153,1.58,99.8,84.7
6741,-15144.25,122.5601,1.46,100.0,83.5
6742,-15154.01,54.5651,1.45,100.0,83.6
6743,-15190.37,173.4106,1.48,100.0,83.6
6744,-15209.91,430.6736,1.55,100.0,83.6
6745,-15196.08,177.0143,1.68,100.0,83.6
6746,-15159.4,296.0398,1.5,100.0,83.5
6747,-15159.4,150.3092,1.54,100.0,83.5
6748,-15202.58,152.3434,1.55,100.0,83.6
6749,-15149.37,223.0944,1.48,100.0,83.6
6750,-15218.51,151.144,1.44,100.0,83.6
6751,-15267.36,353.9156,1.5,100.0,83.7
6752,-15232.17,407.6473,1.45,100.0,83.6
6753,-15188.84,554.4692,1.43,100.0,83.6
6754,-15188.84,283.0438,1.49,100.0,83.7
6755,-15159.21,226.1736,1.53,100.0,83.8
6756,-15223.19,832.3023,1.6,100.0,83.6
6757,-15215.3,415.1635,1.48,100.0,83.6
6758,-15206.3,238.7792,1.53,98.2,83.8
6759,-15290.36,660.2268,1.56,98.7,83.9
6760,-15180.46,386.2989,1.46,100.0,84.0
6761,-15206.74,210.9192,1.45,100.0,83.9
6762,-15245.71,284.1676,1.55,100.0,83.8
6763,-15218.28,147.0758,1.74,96.5,83.5
6764,-15206.74,151.4396,1.54,99.7,83.6
6765,-15190.97,288.3994,1.51,100.0,83.5
6766,-15159.21,139.7848,1.53,100.0,83.7
6767,-15198.92,142.5666,1.55,100.0,83.7
6768,-15220.73,171.817,1.4,100.0,83.7
6769,-15311.15,642.1686,1.45,100.0,83.7
6770,-15237.32,550.8386,1.45,100.0,83.7
6771,-15207.46,801.5901,1.46,100.0,83.7
6772,-15206.25,541.2012,1.46,100.0,83.8
6773,-15217.3,108.6861,1.59,100.0,83.8
6774,-15200.61,246.6313,1.61,98.7,84.1
6775,-15206.25,281.4678,1.49,100.0,83.9
6776,-15253.84,162.3965,1.52,100.0,83.9
6777,-15256.17,238.6523,1.58,99.8,84.0
6778,-15236.27,118.438,1.49,100.0,84.0
6779,-15245.93,162.6203,1.44,100.0,84.1
6780,-15248.2,90.4691,1.53,100.0,84.1
6781,-15282.87,132.2595,1.61,100.0,84.1
6782,-15222.9,238.4778,1.59,100.0,84.2
6783,-15274.08,103.3039,1.48,100.0,84.2
6784,-15246.96,166.3443,1.48,100.0,84.3
6785,-15190.43,266.2142,1.47,100.0,84.3
6786,-15272.87,190.1025,1.42,99.3,84.3
6787,-15234.96,51.4315,1.48,100.0,84.3
6788,-15219.52,107.0595,1.55,99.7,84.3
6789,-15212.63,44.8014,1.47,100.0,84.3
6790,-15213.14,27.6876,1.49,100.0,84.5
6791,-15224.17,77.362,1.54,100.0,84.6
6792,-15207.27,213.1256,1.63,94.5,84.7
6793,-15242.68,53.054,1.63,99.7,84.6
6794,-15248.95,132.6919,1.47,100.0,84.4
6795,-15239.7,75.0602,1.55,100.0,84.6
6796,-15149.77,526.0584,1.5,100.0,84.6
6797,-15186.15,209.8015,1.44,100.0,84.7
6798,-15217.21,253.1904,1.47,100.0,84.7
6799,-15220.91,376.0319,1.46,100.0,84.6
6800,-15149.37,515.6913,1.47,100.0,84.6
6801,-15131.37,356.1923,1.43,100.0,84.6
6802,-15201.38,177.2339,1.55,100.0,84.8
6803,-15159.4,219.0892,1.55,99.1,84.8
6804,-15195.43,66.4901,1.51,100.0,84.8
6805,-15196.08,68.1911,1.5,100.0,84.4
6806,-15195.75,363.6909,1.46,100.0,84.4
6807,-15137.87,122.7451,1.54,100.0,84.4
6808,-15196.08,336.5107,1.57,99.3,84.5
6809,-15231.05,446.8263,1.48,100.0,84.6
6810,-15165.37,171.3702,1.52,100.0,84.7
6811,-15176.65,167.9306,1.49,98.9,84.9
6812,-15171.58,127.8566,1.46,100.0,84.9
6813,-15135.42,109.8866,1.47,100.0,84.9
6814,-15155.67,89.7223,1.51,100.0,85.0
6815,-15187.13,64.2218,1.66,99.6,85.0
6816,-15135.42,147.7667,1.6,99.4,85.2
6817,-15154.37,52.6098,1.49,100.0,85.1
6818,-15147.52,79.6789,1.54,100.0,85.2
6819,-15192.31,203.6588,1.46,100.0,85.2
6820,-15239.15,357.7692,1.41,98.7,85.3
6821,-15226.91,376.9362,1.44,100.0,85.2
6822,-15265.5,219.977,1.49,100.0,85.4
6823,-15172.43,71.7695,1.49,100.0,85.4
6824,-15126.09,165.9803,1.49,100.0,85.5
6825,-15182.04,178.3029,1.52,100.0,85.5
6826,-15145.35,138.7658,1.59,98.0,85.5
6827,-15198.88,239.4812,1.57,100.0,85.5
6828,-15215.51,171.0014,1.52,100.0,85.6
6829,-15157.83,446.099,1.56,100.0,85.9
6830,-15238.47,219.9024,1.5,100.0,85.8
6831,-15154.6,79.3525,1.43,100.0,85.7
6832,-15165.37,95.0563,1.49,100.0,85.7
6833,-15236.95,538.5122,1.49,100.0,85.6
6834,-15203.31,287.1855,1.46,100.0,85.3
6835,-15159.4,188.0518,1.48,100.0,85.4
6836,-15201.38,100.8513,1.56,100.0,85.4
6837,-15228.84,216.0727,1.5,100.0,86.0
6838,-15169.41,418.4121,1.5,100.0,85.7
6839,-15209.82,74.8953,1.51,99.1,85.7
6840,-15193.17,64.1814,1.53,100.0,85.6
6841,-15195.43,47.2671,1.47,100.0,85.6
6842,-15195.43,34.0918,1.46,100.0,85.3
6843,-15201.38,87.8463,1.53,99.9,85.5
6844,-15190.43,134.0387,1.66,100.0,85.5
6845,-15209.82,78.4381,1.54,100.0,85.4
6846,-15149.77,389.0336,1.51,100.0,85.3
6847,-15190.37,270.3503,1.6,100.0,85.4
6848,-15126.01,267.7362,1.49,100.0,85.4
6849,-15148.39,91.5076,1.45,100.0,85.5
6850,-15186.74,286.6512,1.45,100.0,85.4
6851,-15181.25,84.3767,1.46,100.0,85.5
6852,-15149.37,225.1323,1.45,100.0,85.5
6853,-15149.37,149.2111,1.49,100.0,85.5
6854,-15237.53,472.9893,1.59,100.0,85.6
6855,-15187.92,243.0345,1.66,99.2,85.7
6856,-15156.18,62.7203,1.54,100.0,85.6
6857,-15149.37,129.2851,1.54,100.0,85.6
6858,-15202.58,282.7573,1.6,99.5,85.6
6859,-15246.91,477.4013,1.55,100.0,85.7
6860,-15196.08,91.8158,1.42,100.0,85.7
6861,-15149.37,400.7543,1.52,100.0,85.8
6862,-15164.14,472.1323,1.46,100.0,85.7
6863,-15190.37,195.4531,1.41,99.4,85.9
6864,-15130.12,78.2655,1.44,100.0,85.8
6865,-15138.39,86.3508,1.56,100.0,85.8
6866,-15141.89,148.3694,1.59,100.0,85.9
6867,-15138.39,41.3501,1.53,100.0,85.9
6868,-15149.37,108.0338,1.57,100.0,85.9
6869,-15186.77,142.6971,1.62,89.9,86.0
6870,-15130.12,174.6593,1.49,100.0,86.1
6871,-15138.42,101.6981,1.44,100.0,86.1
6872,-15190.06,283.2477,1.5,100.0,86.1
6873,-15149.37,102.9117,1.68,100.0,85.8
6874,-15202.19,94.8813,1.74,97.7,86.0
6875,-15202.19,74.8254,1.5,100.0,86.1
6876,-15192.22,258.4398,1.55,100.0,86.2
6877,-15188.02,180.7125,1.49,100.0,86.1
6878,-15190.37,262.1517,1.47,100.0,86.2
6879,-15149.37,133.0566,1.42,100.0,86.2
6880,-15201.38,183.8968,1.46,100.0,86.4
6881,-15201.38,106.0704,1.48,100.0,86.5
6882,-15156.28,117.7999,1.52,100.0,86.5
6883,-15205.15,34.713,1.52,100.0,86.5
6884,-15205.15,22.6567,1.6,95.0,86.6
6885,-15202.58,195.4441,1.56,99.9,86.8
6886,-15198.88,231.4883,1.45,100.0,86.9
6887,-15157.05,96.0265,1.5,100.0,86.9
6888,-15130.12,113.9367,1.5,100.0,86.8
6889,-15199.82,237.8158,1.47,100.0,86.8
6890,-15167.99,23.0459,1.5,100.0,86.8
6891,-15085.88,638.8166,1.55,100.0,86.8
6892,-15217.31,197.5948,1.62,100.0,86.9
6893,-15246.29,280.0746,1.42,100.0,86.8
6894,-15135.42,240.5797,1.46,100.0,86.9
6895,-15142.45,174.0425,1.48,99.8,87.2
6896,-15217.09,165.3358,1.48,100.0,87.3
6897,-15184.19,99.7126,1.44,100.0,87.1
6898,-15149.37,185.2896,1.53,99.5,87.3
6899,-15167.99,26.2208,1.51,98.6,87.4
6900,-15168.52,130.7106,1.55,100.0,87.4
6901,-15172.08,149.108,1.57,100.0,87.3
6902,-15167.99,13.9901,1.66,99.4,87.1
6903,-15184.52,125.1436,1.62,95.2,87.0
6904,-15154.37,17.9633,1.47,100.0,86.9
6905,-15126.09,198.229,1.48,100.0,87.1
6906,-15154.37,21.67,1.48,100.0,87.2
6907,-15241.11,290.2059,1.52,96.4,87.1
6908,-15267.36,331.3705,1.43,98.7,87.1
6909,-15191.1,216.1022,1.49,100.0,87.1
6910,-15183.27,192.3698,1.48,100.0,87.2
6911,-15202.94,177.6994,1.48,100.0,87.3
6912,-15180.37,84.1206,1.53,100.0,87.3
6913,-15193.4,50.2483,1.66,85.6,87.4
6914,-15248.54,125.6002,1.54,98.5,87.3
6915,-15224.43,206.1836,1.47,100.0,87.4
6916,-15201.62,161.5362,1.51,100.0,87.3
6917,-15198.58,306.5625,1.5,100.0,87.4
6918,-15209.99,233.8144,1.53,100.0,87.5
6919,-15224.33,75.3135,1.44,100.0,87.5
6920,-15154.47,396.4275,1.59,100.0,87.6
6921,-15261.61,195.1791,1.64,100.0,87.1
6922,-15187.16,136.1129,1.62,98.7,87.1
6923,-15206.75,137.296,1.48,100.0,87.2
6924,-15229.43,134.4027,1.53,100.0,87.3
6925,-15232.77,106.0429,1.46,100.0,87.4
6926,-15251.32,111.5204,1.42,98.6,87.4
6927,-15217.44,177.7691,1.47,100.0,87.4
6928,-15200.74,61.1666,1.52,98.5,87.6
6929,-15243.78,105.6403,1.45,100.0,87.4
6930,-15251.32,73.0546,1.45,100.0,87.4
6931,-15191.07,135.3947,1.48,100.0,86.8
6932,-15260.6,611.5912,1.63,100.0,86.4
6933,-15234.42,102.2137,1.53,100.0,86.5
6934,-15241.62,245.2237,1.46,100.0,86.6
6935,-15199.92,168.0994,1.49,100.0,86.7
6936,-15205.84,128.5345,1.66,100.0,86.7
6937,-15231.6,115.1555,1.5,100.0,86.7
6938,-15222.88,54.9324,1.47,100.0,86.7
6939,-15240.47,81.5295,1.45,100.0,86.7
6940,-15199.92,365.5508,1.45,100.0,86.7
6941,-15217.84,427.2984,1.39,97.8,86.8
6942,-15237.64,246.8874,1.48,100.0,86.8
6943,-15211.21,134.0034,1.51,100.0,86.9
6944,-15161.4,183.4684,1.51,100.0,86.9
6945,-15179.02,198.4994,1.55,100.0,86.8
6946,-15205.84,94.2611,1.62,97.0,87.0
6947,-15242.23,195.7155,1.62,93.5,87.1
6948,-15227.56,100.531,1.47,100.0,87.2
6949,-15239.06,20.2481,1.48,100.0,87.1
6950,-15217.84,70.6106,1.48,100.0,87.1
6951,-15197.02,134.542,1.44,98.4,87.2
6952,-15231.56,142.1574,1.42,100.0,87.1
6953,-15175.41,67.4696,1.44,100.0,87.2
6954,-15199.92,188.5387,1.49,100.0,87.3
6955,-15211.21,77.9524,1.43,100.0,87.2
6956,-15235.21,107.9487,1.54,100.0,87.2
6957,-15206.04,86.939,1.61,93.7,87.3
6958,-15243.98,102.5872,1.54,100.0,87.0
6959,-15169.07,171.807,1.47,100.0,86.9
6960,-15195.37,340.6826,1.53,100.0,87.1
6961,-15253.4,338.3705,1.53,98.3,87.1
6962,-15330.61,1091.4377,1.47,100.0,87.0
6963,-15229.76,57.433,1.47,100.0,87.1
6964,-15246.88,157.1575,1.59,100.0,87.1
6965,-15237.8,89.7005,1.63,98.8,87.4
6966,-15241.62,59.3081,1.65,100.0,87.3
6967,-15166.58,238.5537,1.46,100.0,87.3
6968,-15201.49,116.4912,1.47,100.0,87.2
6969,-15192.77,80.5075,1.47,100.0,87.2
6970,-15228.48,297.4526,1.38,99.6,87.4
6971,-15179.09,106.1709,1.51,98.4,87.5
6972,-15205.48,59.5961,1.54,100.0,87.5
6973,-15246.87,109.3364,1.47,100.0,87.6
6974,-15246.87,65.8918,1.49,100.0,87.6
6975,-15206.48,154.727,1.59,99.2,87.6
6976,-15210.55,242.9594,1.62,95.0,87.8
6977,-15212.04,65.2856,1.46,100.0,87.7
6978,-15205.48,76.151,1.51,100.0,87.8
6979,-15176.52,220.9255,1.55,100.0,87.7
6980,-15237.91,88.0223,1.57,100.0,87.8
6981,-15146.71,268.0364,1.41,100.0,87.7
6982,-15201.49,25.2829,1.5,100.0,87.8
6983,-15189.23,139.1441,1.51,100.0,87.8
6984,-15225.54,257.0244,1.44,100.0,87.9
6985,-15233.35,79.6673,1.47,100.0,87.9
6986,-15211.19,104.3864,1.5,100.0,88.1
6987,-15186.9,62.6039,1.62,100.0,88.0
6988,-15203.46,101.449,1.5,100.0,88.0
6989,-15157.75,447.0786,1.59,100.0,88.1
6990,-15193.92,143.2645,1.57,92.7,88.2
6991,-15157.75,272.3015,1.49,99.6,87.4
6992,-15196.08,77.4421,1.43,100.0,87.5
6993,-15148.39,328.721,1.45,100.0,87.5
6994,-15204.13,445.7015,1.48,100.0,87.4
6995,-15169.96,138.586,1.46,100.0,87.6
6996,-15226.73,365.7279,1.49,100.0,87.7
6997,-15168.23,197.4517,1.57,99.4,87.8
6998,-15183.14,72.4641,1.5,100.0,87.9
6999,-15183.14,47.2458,1.46,100.0,87.9
7000,-15192.73,101.1377,1.58,100.0,88.0
7001,-15200.91,174.3928,1.64,93.6,88.2
7002,-15208.1,92.6832,1.6,99.7,88.1
7003,-15208.08,225.7131,1.47,100.0,88.2
7004,-15260.39,273.429,1.51,100.0,88.2
7005,-15177.18,54.2478,1.51,100.0,88.3
7006,-15201.72,74.4933,1.41,100.0,88.2
7007,-15228.31,155.6172,1.46,100.0,88.2
7008,-15123.65,318.1825,1.53,100.0,88.3
7009,-15131.4,273.1968,1.47,100.0,88.3
7010,-15190.07,503.4903,1.45,100.0,88.4
7011,-15243.68,226.3495,1.57,100.0,88.4
7012,-15228.31,124.3489,1.69,96.2,88.3
7013,-15172.58,90.231,1.53,100.0,88.5
7014,-15154.6,78.0472,1.55,100.0,88.1
7015,-15203.53,261.5949,1.56,99.7,88.6
7016,-15177.18,32.0233,1.46,100.0,88.6
7017,-15228.31,138.2905,1.45,100.0,88.6
7018,-15177.18,66.0677,1.48,100.0,88.7
7019,-15177.18,32.1679,1.49,100.0,88.6
7020,-15165.37,120.2801,1.46,100.0,88.4
7021,-15165.37,97.0096,1.47,100.0,88.5
7022,-15128.79,232.0412,1.58,100.0,88.2
7023,-15149.37,279.2011,1.53,100.0,88.3
7024,-15201.38,254.9854,1.48,100.0,88.3
7025,-15149.37,203.4864,1.58,98.6,88.4
7026,-15201.38,145.5836,1.55,94.5,88.4
7027,-15147.04,91.0191,1.54,100.0,88.4
7028,-15149.37,130.5178,1.48,100.0,88.4
7029,-15149.37,94.0909,1.63,100.0,88.5
7030,-15237.53,536.0416,1.74,96.4,88.4
7031,-15196.08,155.7122,1.58,99.3,88.5
7032,-15207.17,239.9171,1.52,100.0,88.6
7033,-15215.63,340.2978,1.57,100.0,88.6
7034,-15137.87,407.106,1.53,100.0,88.6
7035,-15149.37,136.7844,1.46,100.0,88.4
7036,-15184.77,290.4193,1.46,100.0,88.5
7037,-15191.86,557.6923,1.45,100.0,88.6
7038,-15223.13,594.2208,1.44,100.0,88.6
7039,-15242.93,329.8684,1.45,100.0,88.7
7040,-15152.91,532.2194,1.54,100.0,88.6
7041,-15176.42,504.1989,1.56,100.0,88.7
7042,-15204.79,196.0066,1.59,100.0,88.7
7043,-15199.82,147.9818,1.48,100.0,88.7
7044,-15184.77,50.0221,1.61,98.3,88.8
7045,-15141.74,148.3447,1.54,98.1,88.9
7046,-15182.69,189.4009,1.45,100.0,88.9
7047,-15152.91,223.1617,1.55,100.0,89.4
7048,-15179.76,39.6514,1.46,100.0,89.5
7049,-15213.97,90.5225,1.44,100.0,89.4
7050,-15239.21,205.9665,1.43,99.3,89.0
7051,-15241.34,527.8849,1.49,99.8,88.5
7052,-15159.4,581.0073,1.57,100.0,88.4
7053,-15210.73,98.3482,1.5,100.0,88.6
7054,-15152.48,234.3421,1.46,100.0,88.5
7055,-15149.37,185.4253,1.49,100.0,88.3
7056,-15188.64,189.6288,1.53,99.2,88.2
7057,-15232.04,357.2058,1.49,100.0,88.2
7058,-15190.93,312.6917,1.47,100.0,88.3
7059,-15221.65,191.8221,1.48,100.0,88.2
7060,-15233.58,141.7935,1.52,100.0,88.3
7061,-15260.39,258.1904,1.45,100.0,88.3
7062,-15200.91,123.2527,1.53,100.0,88.4
7063,-15171.58,87.4152,1.65,99.8,88.5
7064,-15168.52,62.6202,1.57,99.8,88.3
7065,-15177.18,47.8629,1.45,100.0,88.2
7066,-15177.18,39.6869,1.5,100.0,88.2
7067,-15171.58,38.1193,1.47,100.0,88.2
7068,-15179.76,182.5624,1.38,99.8,88.2
7069,-15209.15,230.5082,1.53,99.7,88.1
7070,-15152.91,572.9644,1.53,92.0,88.1
7071,-15152.91,487.4962,1.51,100.0,88.1
7072,-15205.13,135.0756,1.45,100.0,88.1
7073,-15196.08,112.9078,1.53,100.0,88.2
7074,-15141.74,216.7515,1.75,97.8,88.0
7075,-15152.91,192.3403,1.64,97.7,87.9
7076,-15215.63,421.9978,1.5,100.0,88.0
7077,-15197.05,130.2482,1.54,100.0,88.1
7078,-15147.04,231.072,1.55,100.0,88.2
7079,-15167.7,214.845,1.43,100.0,88.2
7080,-15135.41,167.183,1.47,100.0,87.7
7081,-15157.81,135.6985,1.46,100.0,87.8
7082,-15147.04,90.147,1.46,100.0,87.9
7083,-15196.08,168.2283,1.45,100.0,88.0
7084,-15190.07,170.7086,1.52,100.0,88.0
7085,-15201.38,197.6271,1.57,99.2,87.7
7086,-15169.96,107.4383,1.57,99.9,87.7
7087,-15157.56,126.7591,1.49,100.0,87.7
7088,-15176.18,130.0981,1.55,100.0,87.7
7089,-15190.07,93.8428,1.54,98.2,87.9
7090,-15199.82,133.7273,1.48,100.0,87.8
7091,-15199.82,104.3263,1.48,100.0,87.9
7092,-15199.82,68.3076,1.55,100.0,87.8
7093,-15148.02,140.5104,1.7,98.0,87.9
7094,-15131.4,140.3815,1.47,100.0,87.9
7095,-15181.67,561.9632,1.55,100.0,87.9
7096,-15151.82,104.0322,1.59,100.0,88.0
7097,-15167.99,51.7584,1.54,100.0,87.9
7098,-15184.98,81.9713,1.4,99.9,87.9
7099,-15251.21,148.3458,1.45,100.0,88.0
7100,-15217.54,200.9585,1.48,100.0,88.1
7101,-15155.67,61.5373,1.46,100.0,88.2
7102,-15183.59,80.4715,1.5,100.0,88.2
7103,-15157.81,60.3788,1.51,99.7,88.2
7104,-15201.38,57.6265,1.54,100.0,88.2
7105,-15168.85,76.3889,1.48,100.0,88.3
7106,-15227.58,140.3068,1.57,100.0,88.2
7107,-15215.51,106.9602,1.64,97.3,88.3
7108,-15187.13,210.9468,1.61,96.8,88.4
7109,-15187.29,89.2242,1.45,100.0,88.4
7110,-15165.37,102.1093,1.52,100.0,88.3
7111,-15187.45,176.1665,1.5,100.0,88.4
7112,-15209.91,432.2553,1.49,97.5,88.6
7113,-15167.99,50.3019,1.36,99.4,88.5
7114,-15185.29,40.6162,1.45,99.8,88.5
7115,-15199.82,67.0064,1.49,100.0,88.6
7116,-15174.55,67.2651,1.48,100.0,88.6
7117,-15182.3,106.3332,1.54,100.0,88.6
7118,-15131.4,138.3288,1.62,94.4,88.6
7119,-15182.3,247.2709,1.62,100.0,88.7
7120,-15155.67,155.2821,1.51,100.0,88.8
7121,-15167.99,45.0922,1.59,100.0,88.8
7122,-15183.59,92.0771,1.59,96.2,88.8
7123,-15147.99,163.3182,1.47,100.0,88.9
7124,-15228.31,299.7377,1.5,100.0,88.8
7125,-15185.36,132.1681,1.47,100.0,88.8
7126,-15162.5,271.1655,1.42,99.4,88.9
7127,-15204.13,123.41,1.43,98.0,88.9
7128,-15130.12,246.2429,1.47,100.0,89.0
7129,-15242.3,204.4879,1.48,100.0,89.0
7130,-15177.18,55.3063,1.54,100.0,89.0
7131,-15198.88,65.1626,1.56,100.0,89.0
7132,-15177.18,36.2199,1.6,86.7,89.0
7133,-15201.46,258.7263,1.63,92.8,89.0
7134,-15198.88,31.7179,1.48,100.0,89.1
7135,-15202.58,216.2012,1.51,100.0,89.1
7136,-15145.0,175.7175,1.5,100.0,89.1
7137,-15185.3,243.0006,1.47,99.1,89.1
7138,-15149.37,386.0344,1.43,99.5,89.2
7139,-15149.37,303.0357,1.57,100.0,89.2
7140,-15219.62,238.7447,1.63,100.0,89.4
7141,-15173.58,319.7805,1.59,99.3,89.4
7142,-15171.58,110.3106,1.44,100.0,89.3
7143,-15201.72,142.3057,1.48,100.0,89.4
7144,-15193.35,124.1842,1.49,100.0,89.5
7145,-15185.29,58.2835,1.49,100.0,89.6
7146,-15132.59,421.843,1.52,100.0,89.6
7147,-15167.99,59.9051,1.52,91.8,89.1
7148,-15130.12,131.887,1.48,100.0,89.1
7149,-15168.23,223.4476,1.47,100.0,89.1
7150,-15170.57,132.8481,1.49,100.0,89.1
7151,-15140.65,281.7193,1.59,100.0,89.2
7152,-15169.96,144.4238,1.54,100.0,88.9
7153,-15199.82,146.1101,1.52,100.0,88.9
7154,-15201.38,93.5104,1.57,100.0,88.9
7155,-15199.82,77.8578,1.59,99.8,88.7
7156,-15196.08,63.4005,1.5,100.0,88.6
7157,-15135.41,350.761,1.48,100.0,88.8
7158,-15176.42,177.2971,1.45,100.0,88.7
7159,-15184.98,95.3734,1.45,100.0,88.7
7160,-15226.67,236.5642,1.43,100.0,88.5
7161,-15228.31,217.9769,1.57,98.6,88.1
7162,-15155.67,127.4684,1.49,98.2,86.6
7163,-15158.45,107.291,1.46,100.0,86.4
7164,-15194.73,258.8578,1.49,100.0,86.4
7165,-15228.31,246.2636,1.5,100.0,86.4
7166,-15184.98,51.9398,1.59,99.8,85.9
7167,-15162.01,161.0322,1.55,100.0,85.9
7168,-15154.6,56.8149,1.53,100.0,85.2
7169,-15247.73,282.8055,1.6,100.0,85.2
7170,-15159.03,118.4971,1.57,97.5,85.2
7171,-15182.04,75.6063,1.46,100.0,85.2
7172,-15207.05,395.4675,1.48,100.0,85.3
7173,-15162.29,94.4917,1.45,100.0,85.4
7174,-15193.92,157.9922,1.43,99.4,85.5
7175,-15201.38,96.3614,1.47,100.0,85.5
7176,-15162.01,206.2024,1.53,96.8,85.4
7177,-15149.37,316.6782,1.48,100.0,85.5
7178,-15204.13,162.9041,1.45,100.0,85.4
7179,-15206.34,118.2508,1.51,100.0,85.5
7180,-15172.58,104.4252,1.7,98.8,85.7
7181,-15152.91,234.9415,1.63,98.2,84.8
7182,-15222.23,202.4364,1.46,100.0,84.7
7183,-15157.75,283.3038,1.53,100.0,84.8
7184,-15287.25,664.091,1.57,100.0,84.9
7185,-15195.26,90.2202,1.53,100.0,84.9
7186,-15157.75,173.4305,1.44,100.0,84.9
7187,-15175.0,100.8613,1.54,100.0,84.8
7188,-15215.28,232.9204,1.61,100.0,84.9
7189,-15149.78,168.906,1.41,100.0,85.0
7190,-15190.18,72.099,1.47,100.0,85.1
7191,-15197.69,280.1088,1.51,100.0,85.4
7192,-15207.46,51.4025,1.52,100.0,85.2
7193,-15167.99,164.4913,1.46,100.0,85.2
7194,-15168.52,184.1012,1.51,100.0,85.2
7195,-15177.18,119.3611,1.59,98.7,85.5
7196,-15209.71,296.4152,1.48,100.0,85.6
7197,-15167.99,44.8759,1.49,100.0,85.6
7198,-15164.62,139.9034,1.55,100.0,85.2
7199,-15124.95,206.755,1.53,100.0,85.2
7200,-15188.64,171.3421,1.44,99.2,85.3
7201,-15140.65,54.5755,1.53,100.0,85.3
7202,-15145.17,516.8898,1.53,100.0,85.3
7203,-15218.16,368.2255,1.49,100.0,85.2
7204,-15236.74,271.5022,1.46,100.0,85.2
7205,-15275.14,624.7128,1.51,100.0,85.4
7206,-15238.07,302.1863,1.58,96.5,85.7
7207,-15173.18,449.8906,1.5,100.0,85.6
7208,-15289.89,231.0191,1.46,100.0,85.6
7209,-15243.29,172.2886,1.51,99.5,85.7
7210,-15259.91,196.2021,1.57,100.0,85.7
7211,-15222.78,157.9269,1.45,100.0,85.8
7212,-15255.06,120.9428,1.63,100.0,85.9
7213,-15191.71,217.0057,1.61,100.0,85.7
7214,-15197.04,189.9141,1.63,96.3,85.7
7215,-15191.63,37.007,1.47,100.0,85.7
7216,-15146.93,292.4232,1.51,100.0,85.9
7217,-15224.02,235.7753,1.48,100.0,85.9
7218,-15210.53,458.801,1.62,97.0,85.6
7219,-15207.9,367.0858,1.62,98.4,85.6
7220,-15248.84,416.7574,1.5,100.0,85.7
7221,-15212.54,143.4342,1.66,100.0,85.6
7222,-15231.82,209.5225,1.52,100.0,85.8
7223,-15233.53,85.9729,1.4,100.0,85.7
7224,-15179.56,215.3802,1.47,100.0,85.7
7225,-15176.17,225.0131,1.49,98.4,85.7
7226,-15207.9,310.5711,1.47,100.0,85.7
7227,-15245.78,584.4026,1.49,100.0,85.8
7228,-15188.61,267.665,1.49,100.0,85.8
7229,-15179.56,52.945,1.57,100.0,85.9
7230,-15192.94,93.7114,1.63,100.0,85.8
7231,-15191.71,121.9471,1.57,100.0,85.8
7232,-15192.94,59.5695,1.67,99.2,85.9
7233,-15192.94,34.3816,1.61,96.1,85.8
7234,-15275.35,634.7223,1.47,100.0,85.9
7235,-15250.4,178.8328,1.46,100.0,85.9
7236,-15268.81,77.7716,1.46,100.0,86.0
7237,-15216.51,181.3056,1.57,98.6,86.2
7238,-15108.77,742.6132,1.45,97.9,86.1
7239,-15172.26,305.995,1.54,100.0,86.2
7240,-15211.08,190.2779,1.52,100.0,86.3
7241,-15157.23,190.6421,1.53,100.0,86.2
7242,-15211.08,73.5184,1.37,99.9,86.3
7243,-15216.51,71.213,1.52,98.0,86.2
7244,-15216.51,45.7871,1.5,99.0,86.2
7245,-15216.51,26.8935,1.45,100.0,86.3
7246,-15137.08,317.2634,1.51,100.0,86.3
7247,-15216.51,61.6279,1.5,99.8,86.3
7248,-15129.55,291.705,1.46,100.0,86.3
7249,-15127.85,269.9271,1.43,100.0,86.2
7250,-15163.61,287.5563,1.51,100.0,86.3
7251,-15199.85,281.7093,1.52,100.0,86.3
7252,-15172.57,237.3215,1.48,97.7,86.3
7253,-15172.57,214.7304,1.46,100.0,86.4
7254,-15211.08,107.5904,1.59,100.0,86.4
7255,-15234.9,67.7681,1.64,96.5,85.6
7256,-15234.9,38.5605,1.47,100.0,85.7
7257,-15224.62,85.2329,1.5,100.0,85.6
7258,-15218.85,27.1862,1.51,99.1,85.7
7259,-15227.64,96.3604,1.47,100.0,85.9
7260,-15185.5,303.9719,1.43,100.0,85.8
7261,-15234.9,69.6426,1.51,100.0,85.8
7262,-15224.62,48.2446,1.71,99.7,85.9
7263,-15163.61,351.3474,1.67,97.4,86.1
7264,-15224.62,18.2985,1.48,99.9,86.0
7265,-15189.35,114.0263,1.5,100.0,86.1
7266,-15224.62,26.6163,1.56,100.0,86.0
7267,-15153.53,203.2514,1.48,100.0,86.1
7268,-15163.61,187.3603,1.39,99.4,86.0
7269,-15224.62,182.7474,1.47,99.0,86.1
7270,-15185.5,188.668,1.49,100.0,86.0
7271,-15224.62,33.334,1.45,100.0,85.5
7272,-15185.5,230.3775,1.44,100.0,85.6
7273,-15246.48,134.0091,1.56,100.0,85.7
7274,-15224.62,46.1094,1.65,90.8,85.8
7275,-15175.19,121.3364,1.51,100.0,85.7
7276,-15224.62,83.2791,1.46,100.0,85.8
7277,-15185.5,120.0544,1.52,98.5,85.7
7278,-15246.48,194.8741,1.51,100.0,85.8
7279,-15246.48,143.5994,1.43,100.0,85.8
7280,-15153.53,492.1809,1.53,100.0,85.9
7281,-15153.53,358.3075,1.73,100.0,85.9
7282,-15153.53,148.344,1.65,93.9,86.0
7283,-15197.7,321.0462,1.6,100.0,86.0
7284,-15224.62,302.9668,1.48,100.0,86.0
7285,-15201.87,168.4738,1.56,100.0,86.1
7286,-15153.53,195.949,1.48,100.0,86.1
7287,-15153.53,189.1995,1.41,100.0,86.2
7288,-15175.19,54.9313,1.46,100.0,86.3
7289,-15197.59,144.9552,1.47,100.0,86.3
7290,-15146.44,216.5819,1.48,100.0,86.3
7291,-15155.88,114.4121,1.5,100.0,86.2
7292,-15153.53,113.2441,1.6,100.0,86.3
7293,-15150.58,70.4136,1.61,98.1,86.4
7294,-15174.12,318.052,1.54,99.9,86.6
7295,-15246.48,251.327,1.59,100.0,86.4
7296,-15153.53,181.1417,1.62,98.2,86.4
7297,-15246.48,107.6946,1.58,99.0,86.4
7298,-15246.48,87.0192,1.47,100.0,86.4
7299,-15221.34,61.5035,1.47,100.0,86.5
7300,-15172.7,205.6486,1.48,100.0,86.6
7301,-15175.19,84.6781,1.46,96.1,86.6
7302,-15106.56,400.9361,1.45,99.4,86.5
7303,-15170.89,338.2447,1.49,100.0,86.5
7304,-15106.56,244.6987,1.53,100.0,86.5
7305,-15246.48,493.0382,1.48,100.0,86.5
7306,-15199.85,151.6484,1.55,100.0,86.6
7307,-15141.76,246.8047,1.64,89.9,86.8
7308,-15153.53,312.6057,1.57,99.1,86.7
7309,-15153.53,212.8537,1.45,100.0,86.8
7310,-15246.48,525.8421,1.48,100.0,86.8
7311,-15153.53,135.6681,1.5,100.0,87.1
7312,-15153.53,92.2366,1.42,100.0,87.0
7313,-15199.85,173.6061,1.44,100.0,86.9
7314,-15197.59,193.0324,1.45,100.0,87.0
7315,-15202.99,290.9189,1.43,100.0,87.0
7316,-15184.75,119.9782,1.45,100.0,87.1
7317,-15197.59,227.0383,1.5,100.0,87.2
7318,-15202.99,179.4899,1.57,100.0,87.2
7319,-15224.62,83.4131,1.6,100.0,87.2
7320,-15202.99,244.3955,1.56,100.0,87.2
7321,-15224.62,65.6113,1.62,98.8,87.5
7322,-15197.59,241.4763,1.63,92.1,87.1
7323,-15190.39,28.0684,1.47,100.0,87.1
7324,-15184.92,65.7473,1.54,100.0,86.8
7325,-15197.59,186.8978,1.51,100.0,87.0
7326,-15207.5,54.1137,1.46,100.0,87.1
7327,-15246.48,163.1918,1.41,99.8,87.0
7328,-15197.59,174.2698,1.48,100.0,87.0
7329,-15224.62,39.0899,1.46,100.0,86.9
7330,-15153.53,211.2442,1.44,100.0,87.0
7331,-15197.59,155.699,1.56,100.0,87.1
7332,-15201.87,168.7065,1.62,100.0,87.2
7333,-15186.19,135.1025,1.56,99.7,87.2
7334,-15120.55,229.72,1.5,100.0,87.2
7335,-15210.04,281.5402,1.58,100.0,87.0
7336,-15137.6,136.2281,1.58,96.7,87.1
7337,-15202.22,183.2184,1.5,100.0,87.1
7338,-15190.52,98.1852,1.45,100.0,87.1
7339,-15164.81,235.8964,1.46,100.0,87.2
7340,-15197.59,78.9121,1.51,99.8,87.1
7341,-15219.36,92.1561,1.46,97.5,87.1
7342,-15208.4,133.8534,1.5,100.0,87.2
7343,-15146.37,241.8662,1.51,100.0,87.1
7344,-15213.77,108.0533,1.48,100.0,87.2
7345,-15146.37,107.8789,1.44,100.0,87.1
7346,-15137.02,139.1832,1.54,98.5,87.2
7347,-15165.77,65.5194,1.56,98.0,87.3
7348,-15247.54,550.7569,1.46,100.0,87.3
7349,-15146.03,217.6535,1.51,100.0,87.4
7350,-15219.43,167.554,1.53,99.4,87.4
7351,-15147.46,302.7735,1.45,100.0,87.4
7352,-15186.19,166.8741,1.4,100.0,87.4
7353,-15129.83,555.8227,1.45,100.0,87.4
7354,-15127.35,357.8783,1.48,100.0,87.3
7355,-15161.02,251.5228,1.42,100.0,87.0
7356,-15147.46,204.68,1.52,100.0,87.1
7357,-15153.82,105.1603,1.56,100.0,87.1
7358,-15207.77,395.9623,1.55,100.0,87.2
7359,-15169.43,116.0215,1.52,100.0,87.2
7360,-15146.03,140.3313,1.61,94.6,87.4
7361,-15174.88,73.629,1.59,91.5,87.4
7362,-15135.78,302.4087,1.45,100.0,87.3
7363,-15165.77,108.7648,1.53,100.0,87.4
7364,-15147.46,56.1267,1.48,100.0,87.4
7365,-15146.03,95.6983,1.71,97.5,87.8
7366,-15190.3,109.2967,1.66,98.7,88.2
7367,-15220.39,312.9824,1.49,100.0,88.1
7368,-15212.01,259.4647,1.59,100.0,88.2
7369,-15146.03,148.0648,1.54,100.0,88.4
7370,-15207.77,216.676,1.45,100.0,88.5
7371,-15173.87,283.2725,1.46,100.0,88.6
7372,-15146.03,147.2969,1.44,100.0,88.7
7373,-15170.37,91.992,1.45,100.0,88.6
7374,-15146.03,74.6052,1.46,100.0,88.5
7375,-15174.87,176.2375,1.5,100.0,88.8
7376,-15200.85,221.8737,1.51,100.0,88.9
7377,-15170.91,145.1194,1.5,100.0,88.9
7378,-15182.34,90.86,1.58,100.0,88.7
7379,-15157.81,136.4878,1.64,96.8,88.5
7380,-15210.33,112.3702,1.67,94.6,88.2
7381,-15211.79,310.4609,1.47,100.0,88.4
7382,-15134.11,458.8637,1.51,100.0,88.6
7383,-15202.91,177.9663,1.51,100.0,87.9
7384,-15235.44,427.4899,1.47,100.0,87.9
7385,-15211.79,213.5344,1.51,100.0,88.0
7386,-15194.54,134.9107,1.53,100.0,87.9
7387,-15235.88,320.3106,1.54,100.0,88.0
7388,-15177.75,283.2158,1.46,100.0,88.0
7389,-15159.2,109.8321,1.47,100.0,88.1
7390,-15235.88,433.0309,1.57,99.0,88.1
7391,-15177.79,247.54,1.53,100.0,88.2
7392,-15197.79,77.5168,1.46,100.0,88.3
7393,-15159.2,204.379,1.58,100.0,88.3
7394,-15159.2,133.0529,1.51,100.0,88.6
7395,-15168.56,51.4147,1.47,100.0,88.5
7396,-15227.27,229.3132,1.45,100.0,88.5
7397,-15172.99,66.2087,1.6,100.0,88.6
7398,-15188.65,26.4158,1.85,99.2,89.0
7399,-15161.31,37.6429,1.57,100.0,89.1
7400,-15202.67,133.368,1.46,100.0,89.1
7401,-15211.79,338.1054,1.52,100.0,89.0
7402,-15165.77,66.8494,1.45,100.0,89.0
7403,-15154.12,114.7999,1.48,98.1,88.5
7404,-15145.99,258.9301,1.49,100.0,88.6
7405,-15197.28,277.8543,1.5,100.0,88.5
7406,-15190.81,126.7749,1.49,100.0,88.4
7407,-15177.7,292.551,1.47,100.0,88.5
7408,-15185.77,318.7253,1.61,100.0,88.7
7409,-15151.67,270.7289,1.58,92.2,88.4
7410,-15144.87,95.4146,1.54,100.0,88.4
7411,-15151.67,230.7818,1.46,100.0,88.3
7412,-15172.61,73.8726,1.54,100.0,88.2
7413,-15177.7,188.2559,1.62,100.0,88.4
7414,-15186.1,155.5908,1.58,99.1,88.4
7415,-15177.7,144.3843,1.49,100.0,88.5
7416,-15172.61,61.1445,1.58,100.0,88.6
7417,-15201.78,83.0317,1.59,99.7,88.6
7418,-15146.03,297.5094,1.53,100.0,88.5
7419,-15206.6,75.8005,1.45,100.0,88.6
7420,-15164.86,134.8502,1.44,100.0,88.7
7421,-15136.28,252.425,1.43,100.0,88.8
7422,-15165.96,93.6497,1.44,100.0,88.7
7423,-15168.56,78.8126,1.57,98.6,88.5
7424,-15165.96,31.8897,1.55,100.0,88.6
7425,-15168.56,37.95,1.51,100.0,88.6
7426,-15193.11,100.17,1.57,100.0,88.6
7427,-15242.29,145.4798,1.59,100.0,88.7
7428,-15140.69,375.5767,1.61,94.1,88.7
7429,-15201.78,74.3354,1.54,100.0,88.8
7430,-15170.36,317.3474,1.51,100.0,88.9
7431,-15170.36,160.1776,1.5,100.0,88.9
7432,-15201.78,217.657,1.47,100.0,89.0
7433,-15158.76,102.973,1.44,96.6,88.9
7434,-15168.56,79.1229,1.47,100.0,88.9
7435,-15184.92,120.5598,1.49,100.0,88.9
7436,-15165.77,71.0342,1.51,100.0,89.0
7437,-15206.6,93.0365,1.49,100.0,89.1
7438,-15221.58,160.9344,1.63,95.5,89.0
7439,-15184.92,116.2688,1.6,94.6,89.0
7440,-15201.78,91.5799,1.48,100.0,89.2
7441,-15172.61,84.4291,1.51,100.0,89.2
7442,-15194.56,358.7247,1.48,100.0,88.8
7443,-15172.61,46.0748,1.52,100.0,88.8
7444,-15201.78,65.3497,1.46,100.0,88.7
7445,-15259.11,203.0624,1.48,100.0,87.5
7446,-15158.76,227.5555,1.56,100.0,87.6
7447,-15165.96,169.217,1.52,100.0,87.8
7448,-15172.61,69.4115,1.48,100.0,87.8
7449,-15179.07,347.1019,1.46,100.0,87.8
7450,-15143.29,629.57,1.55,100.0,88.0
7451,-15193.44,360.4528,1.46,100.0,88.0
7452,-15143.29,484.1687,1.51,100.0,88.2
7453,-15167.29,129.1419,1.49,97.6,88.6
7454,-15246.51,187.9177,1.46,100.0,88.5
7455,-15159.51,427.5001,1.44,100.0,88.6
7456,-15170.19,308.2592,1.56,100.0,88.5
7457,-15129.08,267.976,1.71,100.0,88.6
7458,-15197.22,285.106,1.61,99.1,88.6
7459,-15188.65,82.2648,1.51,100.0,88.7
7460,-15148.75,292.5255,1.5,100.0,88.8
7461,-15136.4,75.1978,1.52,100.0,88.8
7462,-15172.71,48.2661,1.43,99.8,88.8
7463,-15197.22,305.0299,1.46,100.0,88.8
7464,-15240.55,196.9733,1.45,100.0,89.0
7465,-15195.2,146.3715,1.46,100.0,89.0
7466,-15240.55,150.6296,1.47,100.0,89.1
7467,-15201.29,102.5395,1.54,100.0,89.1
7468,-15157.28,124.5371,1.67,99.4,89.2
7469,-15184.57,304.577,1.59,100.0,89.2
7470,-15174.0,130.5487,1.53,100.0,89.2
7471,-15239.12,330.1932,1.62,100.0,89.3
7472,-15137.77,371.6485,1.58,99.5,89.2
7473,-15211.79,352.9049,1.48,100.0,89.2
7474,-15215.76,179.3015,1.45,100.0,89.3
7475,-15189.14,107.5339,1.44,100.0,88.7
7476,-15188.65,35.0923,1.44,99.1,88.2
7477,-15194.54,121.5577,1.48,100.0,88.3
7478,-15168.56,67.9057,1.52,100.0,88.3
7479,-15193.11,49.9901,1.58,100.0,88.3
7480,-15137.77,310.3705,1.5,100.0,88.3
7481,-15225.56,393.819,1.58,100.0,88.0
7482,-15181.97,61.3057,1.6,87.6,86.0
7483,-15210.61,222.4856,1.52,99.9,85.0
7484,-15205.52,48.5738,1.45,100.0,85.2
7485,-15172.99,162.3777,1.5,100.0,85.1
7486,-15136.28,128.2911,1.47,100.0,85.1
7487,-15211.79,442.5337,1.62,98.3,84.0
7488,-15174.57,99.579,1.45,100.0,84.1
7489,-15205.52,76.3412,1.55,100.0,84.0
7490,-15201.12,75.294,1.56,100.0,83.1
7491,-15136.28,381.5587,1.49,100.0,82.8
7492,-15136.28,210.876,1.52,100.0,82.8
7493,-15211.79,361.8519,1.44,100.0,82.8
7494,-15150.08,74.4778,1.52,100.0,82.8
7495,-15228.7,163.1797,1.52,100.0,82.8
7496,-15168.56,45.4806,1.51,100.0,82.9
7497,-15136.28,162.8426,1.44,100.0,82.8
7498,-15193.11,113.0786,1.51,100.0,82.9
7499,-15136.28,70.9708,1.48,99.6,82.8
7500,-15197.79,170.6754,1.45,100.0,82.9
7501,-15136.28,40.0381,1.46,100.0,82.9
7502,-15211.79,592.4835,1.52,99.8,82.9
7503,-15154.79,33.2203,1.5,100.0,82.8
7504,-15159.2,133.9325,1.43,100.0,83.0
7505,-15205.52,106.4513,1.59,100.0,82.9
7506,-15146.31,205.0327,1.64,99.7,83.0
7507,-15218.88,198.2042,1.57,99.5,83.1
7508,-15180.56,214.6673,1.48,100.0,83.0
7509,-15168.56,156.6965,1.54,100.0,83.1
7510,-15140.85,228.22,1.54,100.0,83.1
7511,-15198.9,138.61,1.41,100.0,83.1
7512,-15153.12,241.3284,1.38,99.8,82.7
7513,-15147.2,308.3725,1.51,98.4,82.9
7514,-15159.23,210.9284,1.5,100.0,82.8
7515,-15148.43,78.0743,1.48,100.0,82.8
7516,-15194.97,361.7464,1.51,100.0,82.7
7517,-15173.4,110.0895,1.62,100.0,82.7
7518,-15159.23,140.1887,1.64,94.9,82.8
7519,-15174.19,159.7573,1.52,100.0,82.8
7520,-15153.12,92.7382,1.52,100.0,82.8
7521,-15096.77,164.7987,1.54,100.0,82.7
7522,-15148.43,68.1937,1.5,100.0,82.8
7523,-15197.79,155.4177,1.44,100.0,82.8
7524,-15192.72,191.2385,1.49,100.0,82.9
7525,-15194.97,255.0155,1.51,100.0,83.0
7526,-15122.22,189.0241,1.49,100.0,83.0
7527,-15174.19,112.4255,1.45,100.0,82.9
7528,-15168.56,61.8794,1.55,100.0,82.9
7529,-15159.23,138.1684,1.58,98.0,83.0
7530,-15113.25,298.8145,1.52,100.0,83.1
7531,-15130.04,42.3017,1.5,100.0,83.1
7532,-15092.6,118.6189,1.54,99.3,83.2
7533,-15174.19,228.5595,1.53,100.0,83.2
7534,-15141.87,149.0543,1.48,100.0,83.2
7535,-15162.28,97.5007,1.48,100.0,83.3
7536,-15153.12,104.7969,1.72,100.0,83.3
7537,-15206.59,334.7605,1.64,93.0,83.3
7538,-15174.19,176.0574,1.54,100.0,83.4
7539,-15130.04,129.972,1.48,100.0,83.5
7540,-15153.01,98.8894,1.57,100.0,83.6
7541,-15206.59,404.6233,1.49,100.0,83.6
7542,-15174.19,118.8957,1.47,98.6,83.8
7543,-15153.12,67.644,1.46,100.0,83.8
7544,-15140.29,51.8287,1.46,100.0,83.9
7545,-15082.54,145.5197,1.44,100.0,83.9
7546,-15130.04,65.7976,1.48,100.0,83.9
7547,-15140.29,80.615,1.63,100.0,84.0
7548,-15174.19,112.9079,1.63,93.8,84.2
7549,-15111.47,241.982,1.52,100.0,84.3
7550,-15192.72,159.5419,1.47,100.0,84.3
7551,-15092.6,273.0491,1.56,100.0,84.4
7552,-15092.6,151.5219,1.49,100.0,84.4
7553,-15130.04,162.9389,1.46,100.0,84.4
7554,-15174.19,406.2553,1.47,100.0,84.1
7555,-15162.28,190.1683,1.6,100.0,84.3
7556,-15193.11,69.9811,1.61,99.0,84.3
7557,-15130.04,212.8569,1.58,100.0,84.5
7558,-15192.72,110.1098,1.52,100.0,84.3
7559,-15165.24,290.2495,1.57,100.0,84.5
7560,-15130.04,53.3955,1.56,98.5,84.5
7561,-15122.16,100.5018,1.43,100.0,84.5
7562,-15193.11,90.9957,1.45,100.0,84.5
7563,-15130.04,64.2897,1.45,100.0,84.4
7564,-15092.6,168.5034,1.44,100.0,84.5
7565,-15092.6,57.3899,1.44,100.0,84.5
7566,-15122.22,217.1771,1.5,99.6,84.6
7567,-15122.16,132.2516,1.52,100.0,84.6
7568,-15130.04,70.4471,1.48,100.0,84.5
7569,-15140.29,64.6846,1.53,100.0,84.5
7570,-15171.17,82.1959,1.64,99.8,84.6
7571,-15130.04,48.1601,1.61,93.4,84.9
7572,-15130.04,25.8749,1.54,100.0,85.1
7573,-15153.12,73.8483,1.52,100.0,85.2
7574,-15140.29,48.7434,1.5,100.0,85.0
7575,-15130.04,44.1497,1.45,100.0,85.0
7576,-15140.29,20.4689,1.39,97.9,84.5
7577,-15205.38,174.4745,1.47,99.9,84.5
7578,-15172.71,218.6771,1.54,99.9,84.6
7579,-15172.62,524.6726,1.46,100.0,84.6
7580,-15191.34,505.7479,1.5,100.0,84.5
7581,-15183.93,405.2047,1.54,100.0,84.6
7582,-15234.02,470.4831,1.69,98.5,84.4
7583,-15187.47,236.9299,1.55,100.0,84.5
7584,-15154.58,385.9558,1.51,100.0,84.4
7585,-15227.32,285.4673,1.58,100.0,84.5
7586,-15247.18,296.6786,1.59,97.0,84.5
7587,-15197.83,141.5646,1.47,100.0,84.5
7588,-15191.34,242.1981,1.45,100.0,84.6
7589,-15171.88,139.7518,1.45,100.0,84.7
7590,-15173.24,255.8922,1.44,100.0,84.6
7591,-15172.86,64.7436,1.42,100.0,84.6
7592,-15225.56,409.8707,1.49,100.0,84.7
7593,-15137.77,216.7981,1.51,100.0,84.6
7594,-15203.53,150.868,1.56,100.0,84.6
7595,-15191.17,118.2421,1.51,100.0,84.7
7596,-15187.33,108.7832,1.58,98.6,84.4
7597,-15141.47,217.0624,1.6,96.7,84.5
7598,-15215.35,225.6842,1.51,100.0,84.5
7599,-15154.03,255.5071,1.47,100.0,84.5
7600,-15170.51,267.5823,1.48,100.0,84.5
7601,-15154.03,130.2855,1.41,100.0,84.4
7602,-15118.0,237.2478,1.41,100.0,84.5
7603,-15165.18,147.7189,1.45,100.0,84.6
7604,-15191.46,195.9842,1.49,100.0,84.6
7605,-15179.7,91.1654,1.47,100.0,84.7
7606,-15279.55,448.6277,1.51,100.0,84.7
7607,-15193.44,58.9906,1.62,99.3,84.8
7608,-15177.0,153.947,1.63,98.2,84.9
7609,-15179.7,52.6571,1.5,100.0,84.8
7610,-15258.85,358.4531,1.56,100.0,84.9
7611,-15218.24,104.3512,1.53,100.0,84.9
7612,-15277.17,222.4868,1.52,100.0,84.9
7613,-15336.33,552.7998,1.49,100.0,84.9
7614,-15170.37,804.169,1.52,100.0,84.9
7615,-15210.44,484.9823,1.63,100.0,84.9
7616,-15193.44,255.2667,1.62,99.1,85.0
7617,-15193.44,92.8298,1.48,100.0,85.1
7618,-15179.7,56.0594,1.48,100.0,85.2
7619,-15177.57,159.6851,1.47,100.0,85.2
7620,-15225.01,144.8438,1.46,100.0,85.2
7621,-15195.51,75.2543,1.42,99.9,85.1
7622,-15169.33,144.6068,1.52,98.9,85.3
7623,-15151.96,269.717,1.52,100.0,85.3
7624,-15238.24,215.8797,1.48,100.0,85.4
7625,-15167.68,79.4089,1.51,100.0,85.4
7626,-15172.62,68.4264,1.67,100.0,85.3
7627,-15173.56,77.5278,1.62,92.1,85.5
7628,-15200.38,68.4219,1.55,100.0,85.6
7629,-15172.2,127.3005,1.48,100.0,85.7
7630,-15225.19,236.7249,1.54,100.0,85.7
7631,-15143.29,385.6357,1.47,100.0,85.5
7632,-15172.2,81.626,1.45,97.7,85.6
7633,-15143.29,203.0751,1.45,100.0,85.6
7634,-15162.07,135.5155,1.46,100.0,85.7
7635,-15174.64,425.303,1.49,100.0,85.8
7636,-15172.63,127.2279,1.5,100.0,85.8
7637,-15176.63,46.2237,1.6,100.0,85.9
7638,-15174.0,57.0481,1.61,90.8,85.9
7639,-15172.2,34.0962,1.53,100.0,86.0
7640,-15234.02,203.4831,1.46,100.0,86.1
7641,-15137.77,270.8317,1.52,100.0,86.0
7642,-15079.95,536.8948,1.5,100.0,86.0
7643,-15202.01,161.5167,1.44,100.0,86.1
7644,-15111.61,433.169,1.48,100.0,86.1
7645,-15159.98,63.3211,1.48,100.0,86.2
7646,-15159.2,204.9684,1.56,100.0,86.2
7647,-15122.16,256.2836,1.45,100.0,86.2
7648,-15155.42,123.8161,1.48,100.0,86.2
7649,-15145.79,360.0048,1.54,100.0,86.3
7650,-15162.28,163.4157,1.51,100.0,86.4
7651,-15140.11,146.333,1.48,100.0,86.5
7652,-15137.77,148.4347,1.59,98.8,86.4
7653,-15148.75,212.153,1.56,96.2,86.5
7654,-15136.28,93.8089,1.52,100.0,86.5
7655,-15133.57,91.9778,1.44,100.0,86.6
7656,-15159.2,243.5051,1.54,100.0,86.7
7657,-15072.14,209.3693,1.72,99.7,86.7
7658,-15113.94,134.9482,1.55,99.4,86.6
7659,-15126.22,71.4756,1.5,100.0,86.6
7660,-15085.49,105.056,1.57,100.0,86.7
7661,-15141.48,162.4186,1.56,100.0,86.9
7662,-15079.95,103.763,1.46,100.0,87.0
7663,-15079.95,64.3097,1.41,100.0,86.8
7664,-15085.49,49.0419,1.44,100.0,86.8
7665,-15174.0,283.7674,1.44,100.0,86.9
7666,-15111.61,110.6276,1.44,100.0,87.0
7667,-15133.57,93.8621,1.5,100.0,87.0
7668,-15162.18,356.3269,1.6,100.0,87.1
7669,-15113.94,130.4722,1.57,99.7,87.2
7670,-15133.57,132.1139,1.49,100.0,87.1
7671,-15157.91,157.0452,1.58,100.0,87.2
7672,-15113.94,113.2326,1.6,96.2,87.3
7673,-15201.12,112.1585,1.53,100.0,87.4
7674,-15168.3,180.6776,1.43,100.0,87.4
7675,-15196.37,68.8967,1.47,100.0,87.3
7676,-15153.12,127.483,1.52,100.0,87.4
7677,-15130.04,121.3581,1.45,97.6,87.4
7678,-15174.19,115.4176,1.52,100.0,87.6
7679,-15168.3,93.7006,1.5,100.0,87.7
7680,-15085.49,504.2481,1.49,100.0,87.6
7681,-15115.05,100.4905,1.45,100.0,87.6
7682,-15115.05,84.8984,1.49,100.0,87.6
7683,-15193.11,506.9317,1.59,93.1,87.8
7684,-15112.87,184.4863,1.56,100.0,87.7
7685,-15086.08,80.4802,1.46,100.0,87.8
7686,-15115.05,78.6959,1.53,100.0,87.7
7687,-15115.05,58.5155,1.51,100.0,87.8
7688,-15133.57,160.2102,1.53,99.3,87.8
7689,-15113.94,133.647,1.49,100.0,87.8
7690,-15137.77,225.1786,1.57,100.0,88.0
7691,-15193.13,266.1017,1.6,99.3,88.1
7692,-15115.05,71.8287,1.51,100.0,87.9
7693,-15210.29,204.9028,1.45,100.0,88.0
7694,-15137.77,111.6247,1.49,100.0,88.1
7695,-15231.69,282.2085,1.44,100.0,88.1
7696,-15181.97,69.7781,1.39,99.7,88.0
7697,-15123.91,204.7092,1.49,99.5,87.8
7698,-15137.77,67.2353,1.52,99.5,87.7
7699,-15189.34,479.43,1.51,100.0,87.8
7700,-15218.88,460.1416,1.5,100.0,87.9
7701,-15211.68,330.9479,1.63,100.0,88.0
7702,-15218.88,238.5243,1.62,89.7,87.7
7703,-15222.17,127.9735,1.52,100.0,87.6
7704,-15228.17,102.2651,1.51,100.0,87.7
7705,-15134.11,549.6826,1.55,100.0,87.7
7706,-15111.6,473.5611,1.57,100.0,87.8
7707,-15269.16,573.4725,1.62,98.5,87.9
7708,-15248.1,526.3344,1.49,100.0,87.8
7709,-15252.29,334.8858,1.56,100.0,87.9
7710,-15150.08,166.344,1.65,100.0,88.0
7711,-15197.75,122.7007,1.51,100.0,88.1
7712,-15271.11,96.3473,1.46,100.0,88.2
7713,-15220.26,160.4328,1.49,100.0,88.0
7714,-15181.96,175.0334,1.46,100.0,86.9
7715,-15184.73,114.1628,1.43,100.0,86.9
7716,-15171.46,212.7519,1.51,100.0,87.0
7717,-15185.87,99.1432,1.52,96.9,87.2
7718,-15184.73,57.4416,1.53,100.0,86.7
7719,-15229.56,125.584,1.51,100.0,86.8
7720,-15231.69,238.101,1.44,100.0,86.8
7721,-15197.85,120.4008,1.46,100.0,86.9
7722,-15204.87,163.0723,1.54,95.8,87.3
7723,-15171.88,140.8823,1.5,100.0,87.4
7724,-15106.78,483.443,1.45,100.0,87.4
7725,-15197.01,389.1663,1.52,100.0,87.4
7726,-15106.78,386.8859,1.57,100.0,87.4
7727,-15137.77,165.7008,1.71,97.9,87.4
7728,-15231.69,257.3983,1.5,100.0,87.4
7729,-15218.88,412.5128,1.52,100.0,87.5
7730,-15218.88,431.512,1.56,100.0,87.5
7731,-15215.94,135.1207,1.53,100.0,87.7
7732,-15235.04,53.8983,1.42,100.0,87.8
7733,-15252.29,109.3601,1.45,100.0,87.8
7734,-15239.11,101.9527,1.46,100.0,87.9
7735,-15210.61,211.8005,1.4,100.0,87.8
7736,-15276.38,183.8646,1.48,100.0,87.9
7737,-15276.92,199.5351,1.63,100.0,87.9
7738,-15276.38,134.5083,1.57,100.0,87.9
7739,-15184.72,312.0308,1.54,100.0,88.1
7740,-15182.41,164.6659,1.52,99.9,88.0
7741,-15269.16,233.3358,1.6,99.7,88.1
7742,-15204.93,252.8915,1.6,98.2,88.2
7743,-15220.26,82.6696,1.44,100.0,88.2
7744,-15220.26,69.761,1.47,100.0,88.3
7745,-15162.99,316.6726,1.51,100.0,88.4
7746,-15220.26,56.3267,1.75,97.8,88.4
7747,-15282.79,146.5901,1.62,100.0,88.5
7748,-15215.94,101.3021,1.48,100.0,88.4
7749,-15204.93,174.4334,1.49,100.0,89.4
7750,-15192.45,163.0452,1.45,100.0,89.4
7751,-15221.0,130.7126,1.4,100.0,89.4
7752,-15185.39,254.9327,1.56,98.4,88.5
7753,-15180.61,74.0786,1.58,96.3,88.1
7754,-15251.95,302.043,1.47,100.0,88.1
7755,-15220.26,127.6023,1.46,100.0,88.2
7756,-15220.26,81.6178,1.57,100.0,88.2
7757,-15219.39,138.5272,1.64,99.6,88.0
7758,-15256.22,177.1313,1.66,99.1,87.9
7759,-15220.26,108.9624,1.49,100.0,87.7
7760,-15220.26,83.2797,1.55,100.0,87.8
7761,-15166.76,100.7639,1.59,98.8,87.8
7762,-15220.26,165.3091,1.51,100.0,87.6
7763,-15166.76,57.4449,1.44,100.0,87.6
7764,-15220.26,69.0002,1.45,100.0,87.3
7765,-15181.97,190.7979,1.43,100.0,87.2
7766,-15230.5,301.4818,1.42,100.0,87.3
7767,-15213.33,109.5628,1.5,100.0,87.4
7768,-15226.08,204.1887,1.52,100.0,87.4
7769,-15272.09,299.6907,1.59,100.0,87.3
7770,-15168.85,384.2064,1.49,98.4,86.3
7771,-15204.41,76.1439,1.5,100.0,86.2
7772,-15262.34,158.1785,1.52,100.0,86.3
7773,-15194.75,44.3447,1.5,100.0,86.2
7774,-15220.26,154.1364,1.52,100.0,86.1
7775,-15160.56,105.0647,1.52,100.0,86.3
7776,-15146.39,332.6107,1.45,100.0,86.2
7777,-15167.93,71.0401,1.45,100.0,86.3
7778,-15168.67,157.4114,1.54,100.0,86.3
7779,-15135.41,127.6121,1.48,100.0,86.4
7780,-15210.29,370.9824,1.49,100.0,86.4
7781,-15218.88,601.647,1.52,100.0,86.4
7782,-15172.63,180.3444,1.54,100.0,86.5
7783,-15172.86,125.3998,1.49,100.0,86.5
7784,-15191.17,126.4876,1.46,100.0,86.6
7785,-15217.14,253.0009,1.5,100.0,86.6
7786,-15269.16,425.77,1.52,100.0,86.7
7787,-15160.56,102.9286,1.46,100.0,86.7
7788,-15269.16,239.3965,1.48,100.0,86.8
7789,-15160.56,158.1255,1.61,100.0,86.8
7790,-15215.94,77.9061,1.69,98.2,87.2
7791,-15218.93,74.0907,1.58,100.0,87.1
7792,-15234.29,174.0121,1.53,100.0,87.0
7793,-15211.26,113.0962,1.58,100.0,87.1
7794,-15194.75,197.7931,1.5,100.0,87.2
7795,-15211.26,115.3812,1.41,100.0,87.3
7796,-15210.44,115.3247,1.49,100.0,87.3
7797,-15211.26,64.8767,1.48,100.0,87.1
7798,-15194.75,98.9617,1.43,100.0,87.3
7799,-15211.26,54.2767,1.42,100.0,87.2
7800,-15181.12,234.6986,1.5,100.0,87.3
7801,-15192.59,117.8876,1.55,100.0,87.5
7802,-15197.62,130.1592,1.54,100.0,87.5
7803,-15211.26,150.6028,1.63,100.0,87.4
7804,-15208.03,361.7534,1.62,93.4,87.6
7805,-15146.24,274.4607,1.55,96.7,87.7
7806,-15182.13,77.6259,1.45,100.0,87.8
7807,-15173.16,64.6206,1.51,100.0,87.7
7808,-15146.24,116.9539,1.56,100.0,87.0
7809,-15189.58,23.8927,1.43,100.0,87.1
7810,-15190.32,57.7667,1.45,100.0,87.2
7811,-15225.56,567.095,1.5,100.0,87.2
7812,-15187.14,161.817,1.57,100.0,87.7
7813,-15204.2,24.6847,1.46,100.0,87.6
7814,-15217.74,145.1835,1.5,100.0,87.5
7815,-15138.67,803.2336,1.53,99.9,87.3
7816,-15148.46,415.5941,1.51,100.0,87.6
7817,-15238.78,494.223,1.45,100.0,87.5
7818,-15210.14,477.5736,1.54,97.9,87.4
7819,-15141.24,287.6678,1.54,96.5,87.4
7820,-15250.83,431.7471,1.45,100.0,87.4
7821,-15175.94,130.7789,1.48,100.0,87.5
7822,-15237.02,326.2808,1.48,100.0,87.5
7823,-15191.89,71.7953,1.61,96.2,87.5
7824,-15169.66,82.1769,1.57,99.8,87.4
7825,-15215.91,344.6944,1.57,100.0,87.4
7826,-15157.65,54.2796,1.58,100.0,87.5
7827,-15162.27,68.9974,1.61,100.0,87.6
7828,-15190.88,67.8589,1.47,100.0,87.7
7829,-15194.47,40.9534,1.47,100.0,87.5
7830,-15260.1,161.8417,1.44,100.0,87.6
7831,-15257.22,153.5803,1.42,100.0,87.5
7832,-15288.76,262.9386,1.44,100.0,87.7
7833,-15224.47,182.4515,1.51,98.6,87.8
7834,-15251.42,152.7282,1.53,100.0,87.8
7835,-15251.94,417.3732,1.44,100.0,87.9
7836,-15259.65,835.5323,1.61,100.0,87.8
7837,-15211.61,177.091,1.6,97.5,85.9
7838,-15281.42,251.6717,1.62,98.5,86.0
7839,-15217.4,233.9118,1.49,100.0,86.0
7840,-15222.32,338.9314,1.52,100.0,86.0
7841,-15212.99,141.2285,1.56,95.3,86.2
7842,-15213.85,144.6577,1.49,100.0,86.2
7843,-15242.87,139.7867,1.44,100.0,86.3
7844,-15242.87,108.6257,1.5,100.0,86.1
7845,-15282.38,257.972,1.63,100.0,86.2
7846,-15190.74,357.0072,1.66,97.7,86.3
7847,-15234.63,61.9773,1.49,100.0,86.3
7848,-15208.19,114.3574,1.52,100.0,86.3
7849,-15263.51,88.6129,1.51,100.0,85.9
7850,-15226.83,135.7454,1.41,100.0,86.0
7851,-15246.97,112.054,1.38,99.0,85.9
7852,-15241.71,129.378,1.47,98.3,86.1
7853,-15172.06,286.5877,1.49,100.0,86.2
7854,-15250.78,136.4836,1.46,100.0,86.1
7855,-15250.52,154.2187,1.54,100.0,86.2
7856,-15291.46,170.3536,1.64,97.2,86.3
7857,-15230.02,223.8624,1.63,97.7,86.3
7858,-15226.35,487.4188,1.5,100.0,86.3
7859,-15238.76,134.5409,1.58,100.0,86.4
7860,-15172.06,197.3911,1.57,97.7,86.5
7861,-15219.53,342.4033,1.47,100.0,86.5
7862,-15233.0,478.4602,1.45,99.8,86.4
7863,-15234.45,252.2991,1.5,100.0,86.5
7864,-15179.71,258.6536,1.43,100.0,86.5
7865,-15088.08,542.9968,1.43,100.0,86.6
7866,-15088.08,345.1307,1.45,100.0,86.6
7867,-15211.16,334.272,1.49,100.0,86.7
7868,-15207.17,532.8487,1.64,100.0,86.7
7869,-15121.8,106.2747,1.54,100.0,86.7
7870,-15182.39,213.6507,1.55,100.0,86.8
7871,-15253.16,386.3866,1.57,88.1,86.8
7872,-15230.46,172.3439,1.49,100.0,86.9
7873,-15194.95,370.631,1.45,100.0,86.9
7874,-15095.13,827.3697,1.48,100.0,87.0
7875,-15212.04,146.8757,1.54,100.0,87.0
7876,-15209.1,79.9431,1.71,97.5,87.0
7877,-15168.08,149.3815,1.46,100.0,87.1
7878,-15185.8,70.8321,1.58,100.0,87.2
7879,-15185.8,36.3519,1.62,100.0,87.2
7880,-15186.37,46.051,1.52,98.2,87.2
7881,-15188.81,92.8692,1.44,100.0,87.2
7882,-15214.3,88.965,1.47,100.0,87.2
7883,-15228.15,71.6262,1.46,100.0,87.3
7884,-15185.8,55.0336,1.43,99.3,87.3
7885,-15138.07,144.0051,1.47,100.0,87.4
7886,-15212.75,337.6536,1.52,96.7,88.0
7887,-15212.75,314.7818,1.55,100.0,88.0
7888,-15224.1,224.9003,1.45,100.0,87.9
7889,-15258.2,155.9118,1.53,100.0,88.1
7890,-15178.68,548.7992,1.71,96.2,88.2
7891,-15150.24,865.504,1.62,98.2,88.5
7892,-15279.22,238.8867,1.49,100.0,88.9
7893,-15190.1,196.5704,1.54,100.0,88.9
7894,-15269.58,240.3364,1.53,100.0,89.0
7895,-15278.9,188.4154,1.42,99.1,89.0
7896,-15209.19,254.3148,1.43,100.0,89.1
7897,-15153.24,375.333,1.44,100.0,89.2
7898,-15236.84,64.7961,1.48,100.0,89.3
7899,-15191.33,229.4119,1.48,100.0,89.3
7900,-15191.38,125.2962,1.56,100.0,89.3
7901,-15224.1,516.7909,1.63,98.6,89.6
7902,-15224.1,432.749,1.64,100.0,89.7
7903,-15180.72,145.9718,1.53,100.0,89.8
7904,-15165.67,135.8618,1.59,99.2,89.9
7905,-15230.46,152.5802,1.58,98.7,89.6
7906,-15211.67,101.3475,1.47,100.0,89.6
7907,-15180.68,135.0361,1.45,100.0,89.7
7908,-15180.68,93.2634,1.47,100.0,89.8
7909,-15208.96,287.9696,1.44,99.1,89.5
7910,-15224.1,197.3709,1.43,99.0,89.0
7911,-15224.1,156.6269,1.46,100.0,88.7
7912,-15180.68,176.6974,1.49,100.0,88.7
7913,-15180.68,64.1358,1.54,100.0,88.8
7914,-15180.68,31.867,1.55,100.0,88.9
7915,-15180.68,29.4716,1.65,92.6,88.8
7916,-15175.02,19.2375,1.63,94.2,88.0
7917,-15165.67,191.54,1.5,100.0,87.7
7918,-15178.02,72.7437,1.5,100.0,87.6
7919,-15180.68,24.8948,1.51,100.0,87.4
7920,-15208.96,113.4356,1.62,100.0,85.9
7921,-15180.68,61.4947,1.7,99.4,85.6
7922,-15208.96,70.7711,1.51,100.0,85.7
7923,-15208.96,36.8656,1.58,100.0,85.7
7924,-15205.02,27.83,1.62,98.4,85.8
7925,-15180.68,137.2439,1.42,100.0,85.9
7926,-15160.45,180.7359,1.49,100.0,85.7
7927,-15258.2,333.5569,1.46,100.0,85.8
7928,-15194.41,192.7762,1.42,100.0,85.8
7929,-15269.58,195.2436,1.4,99.8,85.9
7930,-15241.12,472.7912,1.57,96.3,86.1
7931,-15190.1,400.5365,1.48,100.0,86.1
7932,-15221.72,87.1774,1.44,100.0,86.1
7933,-15276.28,386.0163,1.6,100.0,86.1
7934,-15276.28,380.5156,1.69,95.2,86.2
7935,-15177.79,179.0798,1.59,96.6,86.2
7936,-15135.26,252.5348,1.47,100.0,86.2
7937,-15245.9,349.1488,1.54,100.0,86.3
7938,-15276.28,481.6676,1.51,100.0,86.4
7939,-15141.69,280.2557,1.49,97.2,86.3
7940,-15180.68,35.6721,1.44,99.7,86.3
7941,-15269.58,252.9114,1.47,100.0,86.4
7942,-15144.22,69.1361,1.47,100.0,86.4
7943,-15160.45,28.514,1.44,100.0,86.4
7944,-15138.07,32.2836,1.56,100.0,86.5
7945,-15205.02,391.7003,1.59,89.1,86.6
7946,-15205.02,200.1618,1.55,100.0,86.4
7947,-15217.97,201.3634,1.5,100.0,86.4
7948,-15205.02,179.947,1.58,100.0,86.5
7949,-15194.41,431.5645,1.57,98.4,86.3
7950,-15276.28,150.5076,1.45,100.0,86.2
7951,-15164.99,392.4856,1.44,100.0,86.2
7952,-15276.28,211.6454,1.5,100.0,86.3
7953,-15170.36,149.7575,1.43,99.7,86.4
7954,-15269.58,211.0158,1.4,99.3,86.3
7955,-15197.79,48.9516,1.48,100.0,86.5
7956,-15133.73,576.2384,1.5,100.0,85.8
7957,-15208.96,73.5922,1.53,100.0,86.0
7958,-15160.45,89.1661,1.65,96.5,86.0
7959,-15208.05,195.8733,1.45,100.0,86.0
7960,-15160.45,40.4031,1.56,100.0,86.0
7961,-15208.96,169.54,1.59,100.0,86.0
7962,-15208.96,113.5611,1.53,100.0,86.2
7963,-15208.96,51.2941,1.36,99.7,86.2
7964,-15205.02,48.3449,1.47,100.0,86.3
7965,-15205.02,29.4318,1.54,99.9,86.4
7966,-15212.68,119.9446,1.49,100.0,86.2
7967,-15222.55,332.623,1.49,100.0,86.2
7968,-15180.68,161.355,1.5,97.2,86.3
7969,-15208.96,52.2679,1.51,100.0,86.4
7970,-15208.96,41.139,1.45,100.0,86.5
7971,-15180.68,75.9434,1.57,100.0,86.4
7972,-15208.96,14.8876,1.68,99.8,86.5
7973,-15151.95,251.0599,1.63,98.0,86.6
7974,-15160.66,303.4079,1.5,100.0,86.6
7975,-15169.19,37.0064,1.51,100.0,86.7
7976,-15164.74,233.542,1.52,100.0,86.7
7977,-15160.66,172.4216,1.39,100.0,86.5
7978,-15205.02,125.2161,1.44,100.0,86.6
7979,-15157.32,130.7576,1.51,98.4,86.8
7980,-15155.88,54.6697,1.52,100.0,86.9
7981,-15245.82,171.9076,1.44,100.0,87.0
7982,-15133.74,351.229,1.54,100.0,87.0
7983,-15136.48,323.0311,1.6,100.0,86.9
7984,-15197.45,155.0748,1.66,98.6,86.9
7985,-15193.39,127.6475,1.53,100.0,87.0
7986,-15264.35,244.1605,1.54,100.0,87.0
7987,-15245.9,153.5459,1.56,100.0,87.2
7988,-15199.2,342.8908,1.55,100.0,87.1
7989,-15203.55,211.0652,1.43,100.0,86.0
7990,-15168.56,164.1035,1.49,100.0,85.9
7991,-15115.05,96.3915,1.48,100.0,86.0
7992,-15276.28,972.4119,1.43,100.0,86.0
7993,-15276.28,822.9815,1.45,100.0,86.0
7994,-15141.69,141.5861,1.53,100.0,86.2
7995,-15235.22,309.8815,1.6,99.9,86.2
7996,-15198.4,118.1461,1.49,100.0,86.3
7997,-15198.4,92.0133,1.5,100.0,86.3
7998,-15109.4,288.0049,1.51,96.6,78.3
7999,-15190.17,184.4869,1.48,99.8,78.8
8000,-15115.05,65.8464,1.44,100.0,78.8
8001,-15090.95,172.4008,1.48,100.0,78.8
8002,-15115.05,51.2298,1.51,100.0,78.9
8003,-15225.56,487.0822,1.51,99.2,79.1
8004,-15181.97,109.0772,1.43,100.0,79.2
8005,-15168.7,155.9607,1.45,100.0,79.1
8006,-15212.55,92.8494,1.42,100.0,79.1
8007,-15181.97,64.0503,1.39,100.0,79.3
8008,-15181.97,36.3892,1.44,100.0,79.4
8009,-15225.56,476.9311,1.48,97.5,79.6
8010,-15250.11,265.5716,1.51,100.0,79.5
8011,-15225.56,457.3122,1.43,100.0,78.5
8012,-15225.56,396.5506,1.49,100.0,78.6
8013,-15172.86,55.964,1.53,100.0,78.7
8014,-15229.93,161.2845,1.46,100.0,78.8
8015,-15183.7,187.0936,1.47,100.0,78.5
8016,-15229.93,172.7128,1.48,100.0,78.6
8017,-15212.55,58.4011,1.47,100.0,78.6
8018,-15197.95,132.5538,1.4,100.0,78.6
8019,-15212.55,47.0031,1.43,100.0,78.6
8020,-15171.69,89.752,1.47,100.0,78.7
8021,-15159.38,112.0674,1.46,100.0,78.8
8022,-15229.93,316.1849,1.44,100.0,78.7
8023,-15214.49,162.1281,1.45,100.0,78.7
8024,-15229.93,80.0344,1.5,100.0,78.8
8025,-15225.56,324.0861,1.42,100.0,79.0
8026,-15225.56,253.1598,1.47,100.0,78.9
8027,-15225.56,190.9519,1.48,100.0,79.4
8028,-15225.56,148.7507,1.5,100.0,79.2
8029,-15225.56,92.5909,1.47,100.0,79.2
8030,-15225.56,58.7442,1.46,100.0,79.2
8031,-15197.95,353.1261,1.5,100.0,79.0
8032,-15229.93,213.3562,1.52,100.0,79.2
8033,-15225.56,59.6773,1.45,100.0,79.2
8034,-15229.93,86.7336,1.45,100.0,79.3
8035,-15225.56,71.7827,1.44,100.0,79.3
8036,-15168.7,204.8056,1.42,100.0,79.3
8037,-15200.14,228.4786,1.44,100.0,79.4
8038,-15225.56,107.9979,1.45,100.0,79.4
8039,-15225.56,97.0235,1.48,100.0,79.4
8040,-15176.66,388.3475,1.46,100.0,79.3
8041,-15225.56,107.3736,1.44,100.0,79.3
8042,-15225.56,86.8242,1.5,100.0,79.4
8043,-15200.14,157.341,1.48,99.2,78.9
8044,-15243.43,45.2292,1.48,100.0,79.0
8045,-15190.0,86.9956,1.45,100.0,79.1
8046,-15127.51,318.9982,1.48,100.0,79.0
8047,-15198.95,354.275,1.46,100.0,79.1
8048,-15232.26,397.3381,1.49,100.0,79.1
8049,-15219.71,411.3952,1.43,100.0,79.1
8050,-15133.73,599.3323,1.44,100.0,79.1
8051,-15210.06,80.316,1.49,100.0,79.2
8052,-15250.11,168.5845,1.47,100.0,79.2
8053,-15253.5,191.6439,1.41,100.0,79.3
8054,-15210.06,173.2928,1.43,100.0,79.3
8055,-15210.06,158.9636,1.46,99.4,79.3
8056,-15210.06,48.7693,1.46,100.0,79.4
8057,-15168.7,101.6256,1.43,100.0,79.4
8058,-15250.11,433.6104,1.53,100.0,79.5
8059,-15168.7,81.6683,1.5,98.2,79.5
8060,-15250.11,151.8332,1.48,99.3,79.6
8061,-15143.36,493.8857,1.42,100.0,79.6
8062,-15188.65,301.8309,1.5,100.0,79.6
8063,-15212.55,73.2855,1.48,100.0,79.0
8064,-15137.77,168.6486,1.42,100.0,79.2
8065,-15188.65,147.4937,1.42,100.0,79.2
8066,-15225.56,554.9692,1.42,100.0,79.2
8067,-15157.81,35.7315,1.4,100.0,79.2
8068,-15179.78,278.2991,1.41,99.9,79.3
8069,-15226.67,264.5847,1.45,99.5,79.3
8070,-15181.01,181.5295,1.55,99.9,79.7
8071,-15233.99,354.2636,1.53,100.0,79.7
8072,-15233.21,192.5064,1.47,100.0,79.8
8073,-15233.21,153.0143,1.5,97.8,80.0
8074,-15161.52,394.1847,1.49,95.5,80.1
8075,-15208.65,217.3388,1.45,100.0,80.2
8076,-15208.65,172.3519,1.46,100.0,80.2
8077,-15172.83,133.2062,1.52,100.0,80.2
8078,-15161.68,162.1934,1.58,96.0,80.3
8079,-15184.12,194.9905,1.43,100.0,80.0
8080,-15271.55,410.2882,1.47,100.0,80.0
8081,-15154.63,199.3058,1.45,100.0,80.0
8082,-15225.09,124.423,1.45,100.0,80.0
8083,-15176.66,205.2732,1.39,98.7,80.0
8084,-15171.69,103.8419,1.48,97.4,79.9
8085,-15171.69,47.5993,1.46,100.0,79.9
8086,-15212.55,233.8729,1.45,100.0,80.0
8087,-15129.08,219.9107,1.57,100.0,79.9
8088,-15212.55,169.0451,1.49,99.2,79.9
8089,-15190.44,119.0074,1.51,94.7,79.9
8090,-15225.56,358.7707,1.47,100.0,79.9
8091,-15137.77,316.9283,1.49,100.0,80.0
8092,-15225.56,265.2196,1.49,100.0,80.1
8093,-15137.77,268.9306,1.46,100.0,79.9
8094,-15137.77,237.5712,1.41,100.0,80.0
8095,-15218.88,224.6114,1.45,100.0,80.0
8096,-15181.97,112.9951,1.44,100.0,80.0
8097,-15212.55,65.6837,1.42,100.0,80.1
8098,-15181.97,117.7927,1.44,100.0,80.1
8099,-15172.86,60.0416,1.5,99.3,80.2
8100,-15137.77,114.3192,1.54,95.4,80.2
8101,-15225.56,400.4216,1.43,100.0,80.2
8102,-15172.86,49.2227,1.54,100.0,80.8
8103,-15158.22,108.6252,1.52,98.6,80.4
8104,-15224.87,151.2787,1.45,99.2,80.6
8105,-15082.56,377.4629,1.43,100.0,80.7
8106,-15176.36,235.4823,1.5,100.0,80.6
8107,-15225.56,573.1806,1.5,100.0,80.7
8108,-15212.55,73.1975,1.46,100.0,80.5
8109,-15158.22,263.6991,1.41,100.0,80.5
8110,-15171.69,274.8099,1.48,100.0,80.6
8111,-15109.86,530.145,1.45,100.0,80.5
8112,-15191.05,152.4148,1.43,100.0,80.6
8113,-15160.71,152.3847,1.46,100.0,80.5
8114,-15181.0,184.5281,1.48,99.8,80.6
8115,-15208.65,159.3415,1.5,100.0,80.7
8116,-15197.95,26.6179,1.46,100.0,80.7
8117,-15197.95,16.54,1.45,100.0,80.7
8118,-15157.81,63.8021,1.51,98.7,80.5
8119,-15192.39,180.4478,1.53,99.7,80.5
8120,-15225.56,503.7104,1.43,100.0,80.6
8121,-15172.02,77.088,1.43,100.0,80.6
8122,-15197.95,19.0988,1.42,100.0,80.7
8123,-15181.0,224.1037,1.41,100.0,80.7
8124,-15184.12,140.4663,1.43,100.0,80.7
8125,-15109.86,212.0063,1.48,100.0,80.6
8126,-15211.11,463.5833,1.51,100.0,80.4
8127,-15157.81,146.6205,1.44,100.0,78.7
8128,-15189.93,120.2521,1.48,100.0,78.7
8129,-15157.81,154.6172,1.53,87.9,78.8
8130,-15171.28,120.6609,1.5,96.1,78.8
8131,-15209.57,204.4328,1.46,100.0,78.9
8132,-15157.81,40.8057,1.49,100.0,78.9
8133,-15178.23,45.9921,1.49,100.0,78.9
8134,-15137.77,122.6617,1.54,93.7,78.9
8135,-15212.55,87.8371,1.43,100.0,79.0
8136,-15197.95,109.6649,1.47,100.0,79.0
8137,-15171.01,302.151,1.49,100.0,78.7
8138,-15171.69,47.438,1.43,100.0,78.8
8139,-15198.86,229.7571,1.37,98.7,78.8
8140,-15211.11,209.7693,1.43,99.5,78.8
8141,-15197.95,25.1584,1.44,99.2,78.1
8142,-15211.11,98.3393,1.48,99.7,78.2
8143,-15184.12,245.8881,1.46,100.0,78.2
8144,-15184.12,157.2517,1.5,100.0,78.2
8145,-15214.85,238.7888,1.49,95.2,78.3
8146,-15168.67,86.393,1.48,100.0,78.4
8147,-15197.95,20.33,1.45,98.2,78.4
8148,-15204.2,22.1711,1.49,100.0,78.4
8149,-15224.32,171.247,1.46,100.0,78.4
8150,-15187.54,181.5545,1.36,100.0,78.5
8151,-15224.32,132.8601,1.42,100.0,78.5
8152,-15136.18,149.8453,1.42,100.0,78.5
8153,-15226.15,232.1223,1.5,100.0,78.5
8154,-15207.76,98.3871,1.49,100.0,78.5
8155,-15133.4,402.2903,1.5,100.0,78.4
8156,-15226.7,355.3849,1.53,94.7,78.5
8157,-15170.83,100.1575,1.53,97.2,78.6
8158,-15234.89,208.9604,1.44,99.7,78.7
8159,-15221.46,66.5907,1.44,100.0,78.6
8160,-15204.1,140.125,1.46,100.0,78.6
8161,-15213.66,40.1479,1.49,100.0,78.7
8162,-15165.49,184.4448,1.47,97.5,78.7
8163,-15207.34,219.7403,1.43,100.0,78.8
8164,-15191.47,83.3032,1.47,100.0,78.8
8165,-15226.51,271.4805,1.43,100.0,78.7
8166,-15213.66,31.0591,1.43,100.0,78.8
8167,-15234.89,114.5545,1.46,100.0,78.9
8168,-15213.66,22.813,1.49,93.3,79.0
8169,-15173.13,399.0455,1.47,100.0,79.1
8170,-15234.61,270.6676,1.43,100.0,79.0
8171,-15227.59,459.6483,1.53,100.0,79.0
8172,-15242.48,222.8824,1.55,89.4,79.1
8173,-15236.91,76.6624,1.5,99.7,79.2
8174,-15234.13,151.7049,1.45,100.0,79.2
8175,-15236.91,69.7255,1.49,100.0,79.2
8176,-15206.02,58.4461,1.46,99.9,79.3
8177,-15238.26,297.8314,1.47,96.7,79.1
8178,-15198.49,33.0285,1.41,100.0,78.9
8179,-15207.34,43.9058,1.4,100.0,78.9
8180,-15213.66,27.9028,1.45,100.0,79.0
8181,-15234.89,145.0315,1.44,100.0,79.0
8182,-15213.66,9.4187,1.51,100.0,79.1
8183,-15223.79,56.2555,1.48,93.8,79.3
8184,-15257.15,81.0038,1.5,100.0,79.3
8185,-15245.86,44.0464,1.45,97.5,79.4
8186,-15198.49,114.2732,1.45,100.0,79.3
8187,-15218.89,54.2738,1.46,100.0,79.3
8188,-15198.49,47.934,1.44,100.0,79.4
8189,-15221.46,19.6321,1.45,100.0,79.5
8190,-15207.34,62.4379,1.46,100.0,79.6
8191,-15207.34,44.78,1.48,100.0,78.8
8192,-15207.34,37.0179,1.54,98.6,78.9
8193,-15207.34,26.2898,1.47,100.0,78.9
8194,-15170.83,107.4205,1.48,100.0,79.0
8195,-15236.57,107.2798,1.51,100.0,79.0
8196,-15198.49,40.2214,1.43,100.0,79.0
8197,-15134.64,138.4621,1.34,100.0,78.9
8198,-15202.66,118.8155,1.43,100.0,79.0
8199,-15110.42,75.3404,1.43,100.0,79.1
8200,-15221.46,344.2049,1.43,100.0,79.2
8201,-15154.64,72.7338,1.46,100.0,79.1
8202,-15128.26,104.9031,1.53,96.9,79.2
8203,-15125.64,64.0797,1.51,99.4,79.2
8204,-15243.68,424.9511,1.43,100.0,79.2
8205,-15269.92,559.4904,1.52,100.0,79.3
8206,-15193.72,79.0301,1.51,95.9,79.4
8207,-15134.64,236.7504,1.44,100.0,79.4
8208,-15170.83,149.0586,1.39,100.0,79.4
8209,-15170.83,88.45,1.44,100.0,79.4
8210,-15213.66,104.6012,1.39,100.0,79.5
8211,-15248.54,248.1309,1.37,99.8,79.5
8212,-15232.75,93.3446,1.46,99.1,79.6
8213,-15170.83,171.321,1.52,100.0,79.5
8214,-15111.49,235.039,1.5,100.0,79.6
8215,-15207.58,269.3611,1.47,100.0,79.6
8216,-15159.11,177.275,1.53,97.4,79.8
8217,-15251.41,269.577,1.55,91.7,79.7
8218,-15235.7,78.1129,1.48,100.0,79.3
8219,-15207.58,296.3308,1.45,100.0,79.2
8220,-15175.5,349.2794,1.51,100.0,79.3
8221,-15170.83,155.582,1.43,100.0,79.4
8222,-15207.58,210.0775,1.44,96.3,79.5
8223,-15193.19,239.2407,1.45,100.0,79.5
8224,-15121.68,143.7262,1.44,100.0,79.5
8225,-15111.49,93.0314,1.43,100.0,79.4
8226,-15236.57,431.1523,1.48,100.0,79.5
8227,-15202.66,184.0744,1.57,84.7,79.5
8228,-15221.46,89.8474,1.5,93.6,79.5
8229,-15159.11,167.3571,1.42,100.0,79.7
8230,-15207.58,133.5839,1.48,100.0,79.6
8231,-15095.36,415.0624,1.51,100.0,79.7
8232,-15110.42,87.2272,1.54,94.1,79.7
8233,-15111.49,100.722,1.41,100.0,79.6
8234,-15207.34,359.4346,1.46,100.0,79.7
8235,-15156.01,217.8444,1.44,100.0,79.8
8236,-15238.61,329.5622,1.39,100.0,79.7
8237,-15189.22,215.1506,1.44,100.0,79.7
8238,-15170.83,477.1396,1.49,95.0,79.8
8239,-15170.83,295.8479,1.48,98.2,79.9
8240,-15170.83,100.134,1.46,100.0,79.8
8241,-15207.34,119.1524,1.46,100.0,79.8
8242,-15144.63,104.5799,1.53,100.0,80.1
8243,-15190.67,62.9987,1.57,94.6,80.4
8244,-15169.6,118.6384,1.43,100.0,80.5
8245,-15170.83,104.0037,1.47,100.0,80.6
8246,-15170.83,60.7885,1.48,100.0,80.7
8247,-15196.03,257.9655,1.4,100.0,80.7
8248,-15190.41,348.1089,1.41,100.0,80.8
8249,-15222.8,87.591,1.45,99.8,80.8
8250,-15164.18,299.9477,1.47,99.8,80.9
8251,-15227.21,87.555,1.44,100.0,80.9
8252,-15252.55,117.8214,1.5,100.0,81.0
8253,-15122.37,481.7967,1.56,100.0,81.2
8254,-15189.22,101.9869,1.52,96.1,81.1
8255,-15162.12,216.8913,1.46,100.0,81.4
8256,-15205.42,514.5238,1.49,100.0,81.5
8257,-15158.02,112.9421,1.47,100.0,81.0
8258,-15187.31,190.5907,1.42,100.0,81.0
8259,-15191.15,151.3238,1.43,100.0,80.5
8260,-15208.96,108.2438,1.48,100.0,80.5
8261,-15191.15,97.883,1.55,100.0,80.4
8262,-15167.91,205.7835,1.47,100.0,80.2
8263,-15126.8,398.4153,1.48,100.0,80.1
8264,-15197.93,442.3157,1.5,100.0,80.1
8265,-15183.93,81.7137,1.51,99.2,80.2
8266,-15158.02,80.3003,1.44,100.0,80.1
8267,-15145.92,115.0021,1.41,100.0,80.2
8268,-15287.48,538.8654,1.44,100.0,80.2
8269,-15175.97,442.3989,1.45,100.0,80.2
8270,-15216.57,242.5278,1.41,100.0,80.2
8271,-15185.92,198.0053,1.55,99.7,80.2
8272,-15224.29,55.7049,1.53,98.9,80.3
8273,-15137.96,185.4263,1.5,98.8,80.3
8274,-15208.96,169.2443,1.44,100.0,80.3
8275,-15208.96,141.1049,1.5,100.0,80.4
8276,-15218.74,55.9376,1.52,98.7,80.4
8277,-15178.92,232.0514,1.42,100.0,80.4
8278,-15185.92,264.4111,1.43,100.0,80.4
8279,-15132.3,207.5763,1.44,100.0,80.4
8280,-15208.96,192.6506,1.46,100.0,80.5
8281,-15132.62,127.7024,1.4,100.0,80.5
8282,-15137.41,65.4741,1.47,100.0,80.5
8283,-15225.55,492.2393,1.48,100.0,80.5
8284,-15180.68,72.5841,1.45,100.0,80.5
8285,-15097.34,486.7758,1.44,100.0,80.6
8286,-15137.41,119.2911,1.52,100.0,80.6
8287,-15235.1,377.8448,1.46,100.0,80.7
8288,-15149.33,109.4998,1.44,100.0,80.8
8289,-15142.17,48.3442,1.44,100.0,80.7
8290,-15218.74,275.9027,1.44,100.0,80.7
8291,-15108.53,180.159,1.46,100.0,80.5
8292,-15108.21,127.4791,1.43,100.0,80.6
8293,-15195.35,225.1208,1.55,100.0,80.7
8294,-15195.35,138.6653,1.51,99.0,80.8
8295,-15195.35,118.2666,1.5,98.7,80.8
8296,-15155.88,132.5888,1.42,100.0,80.7
8297,-15217.82,93.1162,1.47,100.0,80.8
8298,-15206.9,106.5744,1.46,100.0,80.8
8299,-15211.27,60.382,1.4,97.6,80.9
8300,-15195.35,83.4152,1.44,100.0,81.0
8301,-15176.3,42.0862,1.46,100.0,81.0
8302,-15176.3,39.3145,1.46,100.0,80.4
8303,-15155.88,116.2924,1.47,100.0,80.5
8304,-15126.81,131.275,1.51,99.2,80.6
8305,-15211.27,369.1884,1.51,90.5,80.7
8306,-15217.82,401.167,1.47,98.7,80.7
8307,-15169.58,44.2859,1.44,100.0,80.7
8308,-15217.82,53.6665,1.48,100.0,80.7
8309,-15195.35,97.9383,1.52,100.0,80.8
8310,-15180.11,62.4133,1.52,96.7,80.8
8311,-15155.88,97.794,1.45,100.0,80.8
8312,-15176.3,97.6073,1.47,100.0,80.8
8313,-15155.88,69.4482,1.43,100.0,80.9
8314,-15136.48,115.0846,1.41,100.0,80.9
8315,-15155.88,38.9617,1.46,100.0,80.9
8316,-15179.18,99.8022,1.47,98.1,81.1
8317,-15176.3,87.4611,1.48,100.0,81.0
8318,-15108.21,206.755,1.45,100.0,81.0
8319,-15176.3,77.962,1.49,100.0,81.0
8320,-15195.35,76.7708,1.55,94.9,81.1
8321,-15211.27,57.615,1.52,96.1,81.1
8322,-15108.53,641.5039,1.44,100.0,81.1
8323,-15179.18,154.2255,1.42,100.0,81.1
8324,-15075.24,312.1231,1.47,100.0,81.2
8325,-15155.88,217.9489,1.4,100.0,81.2
8326,-15079.75,140.7029,1.39,100.0,81.3
8327,-15108.21,253.4226,1.44,100.0,81.3
8328,-15176.3,317.1693,1.47,100.0,81.2
8329,-15149.46,60.4214,1.47,100.0,81.3
8330,-15108.53,274.6556,1.48,100.0,81.3
8331,-15108.53,250.9237,1.53,89.1,81.4
8332,-15108.53,130.2699,1.49,97.2,81.4
8333,-15108.53,101.5945,1.44,100.0,81.5
8334,-15136.48,112.6894,1.48,100.0,81.4
8335,-15187.98,191.2661,1.45,100.0,81.4
8336,-15155.88,98.9447,1.51,96.9,81.5
8337,-15179.18,68.5704,1.43,100.0,81.6
8338,-15197.45,167.1876,1.5,100.0,81.6
8339,-15197.45,138.3952,1.47,100.0,81.6
8340,-15170.72,122.1902,1.41,100.0,81.6
8341,-15108.53,201.218,1.46,100.0,81.6
8342,-15136.48,102.9943,1.46,97.5,82.1
8343,-15124.06,183.2568,1.46,100.0,82.2
8344,-15150.56,78.7774,1.45,100.0,82.2
8345,-15124.06,210.2157,1.48,100.0,82.2
8346,-15197.45,84.2757,1.52,99.4,82.4
8347,-15163.49,124.4587,1.48,99.8,82.5
8348,-15082.54,379.1435,1.44,100.0,82.4
8349,-15174.19,343.4453,1.52,100.0,82.4
8350,-15088.83,60.4811,1.55,100.0,82.4
8351,-15197.45,343.0723,1.44,100.0,82.6
8352,-15111.47,81.2615,1.43,100.0,82.6
8353,-15153.12,153.1963,1.44,100.0,82.6
8354,-15124.59,176.8488,1.43,100.0,82.7
8355,-15168.3,172.3293,1.43,100.0,82.7
8356,-15116.97,104.2631,1.46,100.0,82.7
8357,-15210.06,263.1753,1.52,98.4,82.9
8358,-15153.12,47.4916,1.51,100.0,83.2
8359,-15116.97,103.4693,1.52,100.0,82.9
8360,-15210.06,267.5724,1.48,100.0,82.8
8361,-15168.3,86.4084,1.55,98.4,82.8
8362,-15210.06,89.9556,1.47,100.0,83.0
8363,-15172.0,159.1887,1.4,100.0,82.9
8364,-15116.97,248.9371,1.45,100.0,83.1
8365,-15210.06,97.6293,1.43,100.0,82.9
8366,-15210.06,87.8991,1.43,100.0,82.8
8367,-15210.06,48.4868,1.46,100.0,82.9
8368,-15168.3,121.9713,1.5,97.9,83.0
8369,-15086.08,441.9244,1.51,98.1,83.1
8370,-15168.7,101.0385,1.45,100.0,83.2
8371,-15115.05,60.1291,1.48,100.0,82.7
8372,-15250.11,667.0572,1.52,94.8,82.6
8373,-15210.06,235.9448,1.52,98.0,82.7
8374,-15127.51,150.6527,1.43,100.0,82.8
8375,-15232.26,150.5777,1.47,100.0,82.9
8376,-15116.97,151.6806,1.44,100.0,82.9
8377,-15116.97,100.1516,1.38,98.9,82.6
8378,-15137.35,196.0895,1.4,100.0,82.4
8379,-15116.97,28.4803,1.48,98.3,82.5
8380,-15203.55,332.1738,1.48,100.0,82.6
8381,-15168.3,142.3051,1.49,100.0,82.6
8382,-15088.2,376.5079,1.54,100.0,82.8
8383,-15116.97,169.3551,1.51,86.1,82.7
8384,-15168.3,111.4643,1.49,96.4,82.8
8385,-15116.97,57.0766,1.43,100.0,82.8
8386,-15086.08,97.3221,1.47,100.0,82.8
8387,-15203.55,719.0934,1.49,100.0,82.8
8388,-15086.08,67.85,1.59,94.2,83.0
8389,-15198.95,321.3972,1.4,100.0,82.8
8390,-15127.51,130.5178,1.45,100.0,82.9
8391,-15210.06,104.8075,1.45,100.0,82.9
8392,-15225.56,431.685,1.43,100.0,82.9
8393,-15123.91,289.2303,1.43,100.0,83.0
8394,-15236.79,256.5405,1.5,93.3,82.9
8395,-15137.77,237.6356,1.48,98.2,83.1
8396,-15137.77,171.7381,1.44,100.0,83.1
8397,-15137.77,115.2408,1.49,100.0,83.2
8398,-15190.32,67.7183,1.55,100.0,83.2
8399,-15174.0,189.8458,1.55,93.4,83.3
8400,-15223.38,224.3425,1.43,100.0,83.2
8401,-15137.77,484.7339,1.5,100.0,83.2
8402,-15137.77,179.837,1.56,100.0,83.3
8403,-15085.49,288.4294,1.46,100.0,83.2
8404,-15137.77,76.792,1.41,98.8,83.3
8405,-15102.08,82.0899,1.46,100.0,83.4
8406,-15085.49,39.346,1.46,100.0,83.4
8407,-15190.44,488.793,1.46,100.0,83.4
8408,-15165.75,658.2366,1.44,100.0,83.5
8409,-15180.66,271.3526,1.5,100.0,83.6
8410,-15170.22,275.546,1.49,92.9,83.5
8411,-15173.49,341.6501,1.5,100.0,83.6
8412,-15178.66,222.7666,1.47,100.0,83.5
8413,-15205.5,342.8507,1.52,100.0,83.6
8414,-15173.49,283.4681,1.47,99.7,83.7
8415,-15178.66,211.2612,1.39,100.0,83.8
8416,-15171.14,150.7927,1.44,100.0,83.7
8417,-15173.49,195.6832,1.44,100.0,83.7
8418,-15173.49,141.5871,1.4,100.0,83.8
8419,-15224.3,205.5389,1.42,100.0,83.8
8420,-15238.7,93.1522,1.47,99.3,83.9
8421,-15216.09,173.8491,1.53,98.2,83.9
8422,-15213.33,134.0773,1.47,100.0,84.0
8423,-15216.37,92.1838,1.46,100.0,82.1
8424,-15217.31,80.1047,1.55,89.6,82.3
8425,-15219.59,90.0976,1.49,94.5,82.3
8426,-15204.39,138.8621,1.45,100.0,82.5
8427,-15142.47,117.9044,1.46,100.0,82.6
8428,-15232.15,376.5306,1.46,100.0,82.7
8429,-15211.73,230.6366,1.56,97.5,83.0
8430,-15198.96,107.1028,1.41,99.4,83.1
8431,-15267.09,106.0474,1.47,100.0,83.2
8432,-15184.29,457.4798,1.46,100.0,83.2
8433,-15200.3,336.2499,1.41,100.0,83.1
8434,-15212.6,166.9207,1.41,100.0,83.2
8435,-15212.6,149.3874,1.5,96.2,83.3
8436,-15210.44,167.8968,1.5,98.7,83.4
8437,-15210.44,107.1019,1.45,100.0,83.6
8438,-15210.44,70.5291,1.48,100.0,83.6
8439,-15142.47,286.1431,1.49,98.9,83.6
8440,-15224.0,111.881,1.56,95.7,83.8
8441,-15181.12,61.2465,1.44,100.0,83.7
8442,-15194.75,37.9793,1.51,100.0,83.6
8443,-15190.89,111.7465,1.51,100.0,83.6
8444,-15226.08,141.6219,1.44,100.0,83.7
8445,-15199.7,52.0599,1.41,97.0,83.8
8446,-15213.33,64.8754,1.43,100.0,83.8
8447,-15203.05,156.3507,1.45,100.0,83.9
8448,-15181.12,162.5823,1.46,100.0,83.3
8449,-15204.41,247.769,1.48,100.0,83.1
8450,-15187.18,199.1542,1.57,100.0,83.2
8451,-15146.28,591.0619,1.46,96.8,83.2
8452,-15196.72,129.5455,1.5,100.0,83.3
8453,-15168.11,82.0387,1.49,99.2,83.3
8454,-15097.49,205.4707,1.52,98.5,83.5
8455,-15156.04,137.8769,1.43,100.0,83.3
8456,-15220.81,241.9681,1.44,100.0,83.3
8457,-15117.0,247.7123,1.44,100.0,83.3
8458,-15170.51,186.8829,1.42,100.0,83.4
8459,-15210.44,128.5887,1.42,100.0,83.5
8460,-15210.44,98.2828,1.49,100.0,83.4
8461,-15175.41,196.721,1.51,99.7,83.4
8462,-15079.28,727.1663,1.53,97.7,83.6
8463,-15079.28,401.7887,1.47,100.0,83.6
8464,-15173.16,133.4278,1.48,100.0,83.3
8465,-15068.47,179.1631,1.53,100.0,84.1
8466,-15194.75,548.5539,1.44,100.0,84.1
8467,-15173.16,241.4365,1.35,99.0,84.2
8468,-15060.87,165.38,1.46,99.7,84.3
8469,-15156.7,246.0632,1.45,100.0,84.3
8470,-15173.16,32.6612,1.46,100.0,84.4
8471,-15146.24,131.4849,1.44,100.0,83.5
8472,-15095.36,344.3083,1.42,98.8,83.4
8473,-15191.43,126.6726,1.46,100.0,83.4
8474,-15091.72,157.747,1.46,100.0,83.5
8475,-15149.74,272.6986,1.45,100.0,83.7
8476,-15224.1,684.9693,1.45,100.0,83.5
8477,-15180.68,110.2569,1.51,98.9,83.5
8478,-15149.74,204.7532,1.52,95.0,83.4
8479,-15154.08,192.7514,1.48,99.0,83.8
8480,-15180.68,46.6495,1.46,100.0,83.8
8481,-15180.68,38.8565,1.45,100.0,83.9
8482,-15150.65,64.8591,1.43,100.0,83.8
8483,-15224.1,107.4126,1.47,98.0,84.1
8484,-15208.96,92.5077,1.42,100.0,84.2
8485,-15180.68,53.4461,1.45,100.0,84.4
8486,-15208.96,138.8403,1.49,100.0,84.3
8487,-15180.68,38.8973,1.46,100.0,84.2
8488,-15191.15,183.4101,1.52,97.9,83.8
8489,-15180.68,85.3419,1.53,89.5,84.0
8490,-15208.96,72.5284,1.47,100.0,84.1
8491,-15180.68,24.0836,1.44,100.0,84.2
8492,-15247.06,191.1438,1.45,100.0,84.2
8493,-15149.74,85.142,1.54,100.0,83.9
8494,-15165.7,25.812,1.51,95.7,83.5
8495,-15099.9,307.56,1.45,100.0,83.6
8496,-15149.74,49.8557,1.47,100.0,83.6
8497,-15049.9,585.2338,1.48,100.0,83.3
8498,-15090.81,157.4696,1.41,100.0,83.3
8499,-15190.32,265.7215,1.44,100.0,83.2
8500,-15049.9,166.2912,1.48,94.2,83.7
8501,-15276.05,1854.1761,1.48,100.0,83.7
8502,-15131.49,339.8506,1.44,100.0,83.8
8503,-15204.2,359.5399,1.5,100.0,83.9
8504,-15198.86,138.9532,1.57,96.9,84.2
8505,-15049.9,921.1155,1.47,97.4,83.2
8506,-15075.73,544.7928,1.47,100.0,83.3
8507,-15087.11,365.072,1.48,100.0,83.3
8508,-15124.7,222.8973,1.48,100.0,83.3
8509,-15215.94,469.3295,1.42,100.0,83.8
8510,-15137.77,105.0814,1.44,100.0,83.9
8511,-15131.49,187.7885,1.47,100.0,83.8
8512,-15137.77,82.3916,1.47,100.0,83.6
8513,-15218.88,496.0756,1.43,100.0,83.6
8514,-15158.75,185.0596,1.48,100.0,83.7
8515,-15181.97,96.4582,1.46,97.3,84.0
8516,-15137.77,82.1879,1.48,100.0,83.8
8517,-15212.55,134.7856,1.44,100.0,83.9
8518,-15190.32,43.4199,1.47,99.7,83.4
8519,-15190.32,28.1854,1.46,100.0,83.5
8520,-15075.73,341.647,1.43,100.0,83.5
8521,-15203.19,192.236,1.43,100.0,83.5
8522,-15215.94,163.9831,1.47,100.0,83.6
8523,-15124.7,365.7984,1.44,100.0,83.6
8524,-15141.25,184.1997,1.4,100.0,83.0
8525,-15090.81,187.5759,1.5,100.0,83.0
8526,-15191.84,438.7056,1.55,100.0,83.1
8527,-15169.49,409.772,1.43,100.0,83.2
8528,-15140.24,165.4722,1.46,100.0,83.2
8529,-15049.9,558.7437,1.47,100.0,83.3
8530,-15234.94,145.8954,1.45,100.0,83.3
8531,-15085.49,396.6222,1.39,99.9,83.1
8532,-15090.81,358.8622,1.46,100.0,83.2
8533,-15143.87,88.747,1.48,100.0,83.3
8534,-15137.77,43.6926,1.43,100.0,83.3
8535,-15070.71,279.1539,1.44,100.0,83.3
8536,-15225.09,287.0322,1.52,99.1,83.5
8537,-15190.32,77.7541,1.49,94.7,83.5
8538,-15094.31,295.423,1.49,100.0,83.5
8539,-15085.49,186.285,1.48,100.0,83.5
8540,-15212.05,167.4332,1.49,99.3,83.5
8541,-15090.71,86.4096,1.46,98.7,83.6
8542,-15198.52,287.6666,1.42,99.0,83.7
8543,-15206.49,368.2759,1.44,100.0,83.8
8544,-15244.85,293.5569,1.43,100.0,83.8
8545,-15113.31,500.4285,1.42,100.0,83.8
8546,-15092.79,857.0224,1.48,100.0,83.8
8547,-15196.86,355.5057,1.5,97.7,84.0
8548,-15203.27,89.4609,1.48,97.0,83.9
8549,-15062.73,329.3205,1.47,100.0,83.9
8550,-15068.76,139.5646,1.5,100.0,83.8
8551,-15222.51,1118.4541,1.52,97.5,83.8
8552,-15172.62,478.7363,1.44,100.0,83.8
8553,-15085.12,135.0041,1.4,100.0,83.8
8554,-15113.31,70.8516,1.45,100.0,83.9
8555,-15201.14,431.5247,1.41,100.0,83.8
8556,-15210.71,258.0276,1.41,100.0,83.9
8557,-15201.15,125.4482,1.46,100.0,83.9
8558,-15222.51,137.0323,1.51,100.0,83.9
8559,-15212.05,161.2138,1.53,100.0,83.9
8560,-15135.98,813.9446,1.44,100.0,83.9
8561,-15135.98,525.1538,1.52,100.0,84.0
8562,-15062.73,231.1554,1.55,96.1,84.2
8563,-15160.56,531.5911,1.43,100.0,84.1
8564,-15250.41,1529.3376,1.45,100.0,84.1
8565,-15217.77,827.2913,1.45,100.0,84.0
8566,-15115.0,193.3546,1.47,100.0,84.1
8567,-15131.52,151.5477,1.4,99.1,84.4
8568,-15126.22,73.0913,1.46,100.0,84.6
8569,-15097.28,37.842,1.51,100.0,84.7
8570,-15096.08,58.064,1.48,100.0,84.6
8571,-15133.57,216.3328,1.52,100.0,84.6
8572,-15139.23,183.2472,1.53,99.3,84.6
8573,-15068.76,540.9344,1.52,93.6,84.7
8574,-15100.27,181.8546,1.45,100.0,84.7
8575,-15075.73,97.5131,1.45,100.0,84.8
8576,-15075.73,57.7928,1.44,100.0,84.7
8577,-15143.87,522.3525,1.43,100.0,84.8
8578,-15106.77,245.4327,1.4,100.0,84.9
8579,-15139.23,162.6453,1.47,100.0,85.0
8580,-15062.39,492.7756,1.48,100.0,85.1
8581,-15133.57,67.7295,1.48,100.0,84.9
8582,-15110.43,78.291,1.45,100.0,84.9
8583,-15143.87,139.2494,1.49,100.0,84.9
8584,-15143.87,94.8178,1.48,100.0,85.0
8585,-15133.57,51.285,1.44,100.0,85.1
8586,-15133.57,37.9872,1.43,100.0,85.1
8587,-15134.15,80.0938,1.44,100.0,85.0
8588,-15133.57,25.1789,1.45,100.0,85.1
8589,-15119.51,144.9813,1.5,100.0,85.1
8590,-15052.52,296.0282,1.5,100.0,85.1
8591,-15139.23,131.1896,1.5,97.7,85.1
8592,-15139.23,108.7414,1.43,100.0,85.1
8593,-15139.23,90.5922,1.46,100.0,85.1
8594,-15139.23,68.5004,1.47,100.0,85.2
8595,-15123.28,36.105,1.41,100.0,85.2
8596,-15130.92,278.325,1.4,98.5,85.2
8597,-15186.5,201.6614,1.43,100.0,85.3
8598,-15113.31,477.0241,1.48,97.4,85.4
8599,-15135.57,233.2649,1.51,100.0,85.5
8600,-15134.15,121.0982,1.49,100.0,85.6
8601,-15123.28,80.438,1.52,100.0,85.7
8602,-15194.67,435.1727,1.49,93.1,85.6
8603,-15123.28,44.5831,1.46,99.5,85.1
8604,-15133.57,32.7283,1.45,100.0,85.1
8605,-15140.71,141.8005,1.45,100.0,85.1
8606,-15106.84,111.6438,1.4,100.0,85.2
8607,-15127.41,56.65,1.42,100.0,85.4
8608,-15193.13,308.7444,1.48,100.0,85.3
8609,-15128.76,190.0169,1.5,100.0,85.4
8610,-15093.67,428.6516,1.46,100.0,85.3
8611,-15123.28,86.1863,1.5,100.0,85.4
8612,-15154.91,122.337,1.52,93.3,85.6
8613,-15123.28,49.6788,1.53,97.6,85.6
8614,-15123.28,34.0,1.41,100.0,85.6
8615,-15182.92,139.5641,1.44,100.0,85.6
8616,-15100.18,368.3927,1.45,100.0,85.7
8617,-15075.73,290.8037,1.43,99.0,85.7
8618,-15123.28,42.7497,1.41,100.0,85.7
8619,-15049.9,344.8759,1.45,100.0,85.8
8620,-15075.73,78.7472,1.45,100.0,85.9
8621,-15075.73,50.6173,1.43,100.0,86.0
8622,-15123.28,91.8296,1.5,100.0,85.9
8623,-15093.5,182.179,1.5,94.7,86.0
8624,-15049.9,384.5738,1.49,100.0,86.0
8625,-15049.9,190.2103,1.44,100.0,85.9
8626,-15049.9,86.4756,1.46,100.0,86.1
8627,-15050.8,136.7037,1.43,100.0,86.1
8628,-15134.7,475.7579,1.39,100.0,86.0
8629,-15154.56,211.5586,1.47,100.0,86.1
8630,-15190.32,181.4395,1.49,100.0,86.1
8631,-15221.26,202.1992,1.47,100.0,86.0
8632,-15049.9,695.9563,1.42,100.0,86.0
8633,-15131.49,179.9137,1.45,100.0,86.1
8634,-15049.9,395.999,1.49,100.0,86.1
8635,-15049.9,210.7794,1.39,100.0,86.1
8636,-15075.73,98.0685,1.43,100.0,86.2
8637,-15109.43,204.3174,1.5,92.3,86.2
8638,-15049.9,98.2091,1.46,100.0,86.2
8639,-15157.61,437.055,1.43,100.0,86.3
8640,-15185.96,349.4792,1.46,100.0,86.3
8641,-15159.9,369.2526,1.54,100.0,86.3
8642,-15144.79,89.7849,1.53,98.6,86.5
8643,-15174.53,241.808,1.45,100.0,86.5
8644,-15155.9,244.8514,1.47,100.0,86.5
8645,-15159.9,197.5637,1.46,100.0,86.7
8646,-15204.94,275.8112,1.4,100.0,86.7
8647,-15152.69,255.6578,1.45,100.0,86.6
8648,-15228.99,178.3282,1.46,99.8,86.8
8649,-15203.49,232.4375,1.46,100.0,86.7
8650,-15203.49,179.7628,1.46,100.0,86.8
8651,-15218.67,221.2255,1.46,100.0,86.8
8652,-15214.64,150.2841,1.51,99.9,86.9
8653,-15204.69,120.1597,1.44,100.0,87.0
8654,-15244.89,140.6124,1.45,100.0,87.0
8655,-15244.89,78.5525,1.49,100.0,86.9
8656,-15156.52,392.4498,1.49,100.0,87.1
8657,-15165.48,317.9236,1.44,100.0,87.0
8658,-15184.22,214.0703,1.44,100.0,87.1
8659,-15244.44,402.9404,1.42,100.0,87.2
8660,-15264.04,211.207,1.42,100.0,87.2
8661,-15225.14,136.8329,1.43,100.0,87.3
8662,-15215.49,161.7627,1.45,100.0,87.3
8663,-15236.04,233.0638,1.44,100.0,87.3
8664,-15145.65,461.5112,1.45,100.0,87.2
8665,-15212.48,75.1575,1.49,100.0,87.3
8666,-15136.49,292.7948,1.51,98.4,87.7
8667,-15250.17,484.4597,1.46,95.8,87.6
8668,-15238.28,204.4779,1.47,100.0,87.6
8669,-15195.31,419.9757,1.43,100.0,87.5
8670,-15198.16,272.0959,1.46,100.0,87.6
8671,-15238.28,127.1742,1.44,100.0,87.7
8672,-15141.1,220.9541,1.44,100.0,87.8
8673,-15109.62,338.4609,1.44,100.0,87.8
8674,-15211.36,572.3732,1.43,100.0,87.7
8675,-15182.39,255.4127,1.45,100.0,87.6
8676,-15234.7,433.5709,1.49,95.2,87.6
8677,-15238.28,214.4455,1.49,99.4,87.6
8678,-15175.27,726.5195,1.46,99.1,87.7
8679,-15121.98,635.939,1.46,100.0,87.3
8680,-15180.83,298.9767,1.5,100.0,87.4
8681,-15280.64,495.2021,1.43,100.0,87.4
8682,-15194.19,184.6104,1.43,100.0,87.3
8683,-15153.26,201.2168,1.4,100.0,87.4
8684,-15187.58,169.4401,1.46,100.0,87.4
8685,-15238.28,337.2111,1.46,100.0,87.6
8686,-15238.28,187.6871,1.45,100.0,87.7
8687,-15223.8,134.6463,1.43,100.0,87.7
8688,-15204.69,135.0593,1.46,100.0,87.6
8689,-15212.59,587.3057,1.49,100.0,87.6
8690,-15270.31,310.2788,1.53,100.0,87.5
8691,-15243.8,332.0879,1.47,100.0,87.6
8692,-15161.61,372.9054,1.42,100.0,87.6
8693,-15140.38,350.5362,1.45,100.0,87.6
8694,-15195.03,213.9703,1.45,100.0,87.6
8695,-15285.17,758.7402,1.45,100.0,87.7
8696,-15263.44,242.6732,1.51,100.0,87.7
8697,-15160.33,349.9118,1.46,100.0,87.8
8698,-15241.29,175.177,1.44,99.0,87.8
8699,-15196.27,145.9111,1.43,100.0,87.8
8700,-15198.16,99.4818,1.45,100.0,87.8
8701,-15223.99,247.5158,1.46,100.0,87.9
8702,-15204.78,91.7301,1.43,100.0,87.9
8703,-15196.27,222.0623,1.5,96.8,88.1
8704,-15220.69,125.4774,1.5,90.5,87.9
8705,-15200.78,80.9863,1.45,100.0,88.0
8706,-15215.56,260.1897,1.43,100.0,88.1
8707,-15190.24,80.9461,1.55,100.0,88.0
8708,-15157.92,123.2951,1.55,92.4,88.1
8709,-15168.52,84.5813,1.45,99.2,88.1
8710,-15186.03,29.3878,1.44,100.0,88.1
8711,-15197.37,86.9047,1.48,100.0,88.2
8712,-15162.14,184.8716,1.44,100.0,88.3
8713,-15174.8,67.4475,1.4,99.7,88.1
8714,-15184.99,216.6831,1.49,96.7,88.1
8715,-15168.52,111.0545,1.5,98.7,88.3
8716,-15202.11,226.4988,1.45,100.0,88.3
8717,-15212.12,140.2532,1.47,100.0,88.3
8718,-15224.36,106.6055,1.48,100.0,88.4
8719,-15177.46,160.3366,1.52,98.9,88.5
8720,-15167.02,196.1057,1.41,100.0,88.2
8721,-15179.53,241.6842,1.47,100.0,86.5
8722,-15171.44,208.9559,1.46,100.0,86.4
8723,-15156.73,164.6166,1.49,100.0,86.5
8724,-15197.44,109.1488,1.43,100.0,86.6
8725,-15195.59,108.5597,1.45,100.0,86.7
8726,-15179.37,97.2646,1.48,100.0,86.7
8727,-15179.53,92.4094,1.45,100.0,86.7
8728,-15238.97,243.0582,1.46,100.0,86.7
8729,-15197.26,95.1413,1.54,100.0,86.8
8730,-15198.52,82.9836,1.51,99.7,86.8
8731,-15197.26,58.1159,1.46,100.0,86.9
8732,-15179.53,44.8676,1.48,100.0,86.9
8733,-15197.2,66.4203,1.5,98.2,86.9
8734,-15197.26,29.8537,1.43,100.0,86.9
8735,-15197.26,26.3202,1.42,100.0,86.9
8736,-15209.04,48.6232,1.5,100.0,87.0
8737,-15185.96,88.5581,1.52,100.0,87.1
8738,-15222.46,108.8615,1.44,100.0,87.2
8739,-15222.46,78.0081,1.45,100.0,87.1
8740,-15171.44,259.1954,1.46,100.0,87.0
8741,-15142.62,113.4306,1.44,100.0,87.1
8742,-15178.03,170.5042,1.43,100.0,87.3
8743,-15159.38,244.7528,1.41,100.0,87.3
8744,-15179.37,107.2986,1.44,100.0,87.2
8745,-15211.63,182.0686,1.43,100.0,87.3
8746,-15228.21,100.1999,1.49,100.0,87.3
8747,-15264.84,167.7817,1.47,100.0,87.3
8748,-15183.06,192.4098,1.46,100.0,87.4
8749,-15246.22,124.5577,1.47,100.0,87.5
8750,-15196.26,67.7072,1.47,100.0,87.6
8751,-15206.35,195.5047,1.49,99.8,87.5
8752,-15178.43,47.3081,1.42,100.0,87.5
8753,-15194.97,157.5297,1.43,100.0,87.6
8754,-15183.5,65.1677,1.46,100.0,87.5
8755,-15183.5,42.4561,1.48,99.1,87.6
8756,-15183.5,40.8093,1.47,100.0,87.7
8757,-15183.5,27.7659,1.45,95.2,87.7
8758,-15202.85,180.5896,1.46,100.0,87.8
8759,-15174.39,181.7403,1.44,100.0,87.7
8760,-15152.5,349.1665,1.49,100.0,87.7
8761,-15189.85,359.1882,1.44,100.0,87.8
8762,-15209.41,281.4055,1.44,100.0,87.9
8763,-15127.79,384.6794,1.44,100.0,87.9
8764,-15222.08,124.6225,1.42,100.0,87.9
8765,-15197.26,80.1079,1.48,100.0,87.9
8766,-15254.95,62.2128,1.48,100.0,87.9
8767,-15197.3,105.2643,1.48,100.0,88.0
8768,-15222.08,62.6475,1.45,98.8,88.1
8769,-15168.67,217.6108,1.44,100.0,87.5
8770,-15215.13,31.3793,1.41,100.0,87.5
8771,-15197.26,45.5483,1.41,100.0,87.5
8772,-15085.8,481.3406,1.44,99.9,87.6
8773,-15086.41,262.9428,1.45,100.0,87.7
8774,-15102.37,288.5133,1.42,100.0,87.7
8775,-15100.18,123.7012,1.52,100.0,87.7
8776,-15193.33,224.5104,1.53,99.9,87.0
8777,-15154.08,57.0796,1.46,100.0,87.0
8778,-15086.41,712.8187,1.46,100.0,87.0
8779,-15087.11,553.9639,1.47,99.7,87.1
8780,-15086.41,341.8112,1.46,100.0,87.1
8781,-15104.2,345.5958,1.42,100.0,87.2
8782,-15104.2,320.3435,1.47,100.0,87.2
8783,-15190.32,411.1701,1.48,100.0,86.9
8784,-15163.96,132.7532,1.46,99.2,86.1
8785,-15186.5,86.1022,1.46,100.0,86.0
8786,-15236.56,179.7841,1.44,100.0,86.1
8787,-15074.19,751.0917,1.41,100.0,86.2
8788,-15164.7,256.1422,1.42,100.0,86.2
8789,-15195.38,117.0714,1.55,97.9,86.3
8790,-15195.38,102.8461,1.5,85.5,86.3
8791,-15222.46,93.7285,1.53,100.0,86.3
8792,-15197.26,56.063,1.44,100.0,86.5
8793,-15197.26,40.4649,1.48,100.0,86.5
8794,-15228.24,102.8124,1.55,100.0,86.7
8795,-15034.51,874.7054,1.55,99.4,86.8
8796,-15175.62,49.9184,1.46,100.0,86.8
8797,-15190.32,70.0293,1.51,100.0,86.7
8798,-15214.33,59.3022,1.49,100.0,86.7
8799,-15187.4,56.2515,1.43,100.0,86.8
8800,-15200.19,19.0794,1.45,100.0,86.8
8801,-15203.01,24.3172,1.46,99.4,86.9
8802,-15214.33,35.8409,1.43,100.0,86.9
8803,-15287.31,425.4217,1.42,100.0,86.9
8804,-15276.05,353.836,1.46,100.0,86.9
8805,-15167.24,567.3142,1.51,100.0,86.9
8806,-15171.28,370.2161,1.45,100.0,87.0
8807,-15049.9,1105.23,1.45,100.0,87.0
8808,-15190.32,44.0234,1.49,100.0,87.0
8809,-15183.8,75.7169,1.5,99.1,87.1
8810,-15197.95,22.9038,1.45,100.0,87.1
8811,-15122.99,317.9791,1.46,100.0,87.1
8812,-15160.3,136.0367,1.47,100.0,87.2
8813,-15211.35,66.8699,1.43,100.0,87.2
8814,-15214.73,94.623,1.46,100.0,87.1
8815,-15217.4,49.0334,1.45,100.0,87.1
8816,-15197.95,14.6888,1.43,100.0,87.2
8817,-15171.01,159.9887,1.43,100.0,87.2
8818,-15214.73,109.3141,1.45,100.0,87.3
8819,-15194.8,255.3615,1.49,100.0,87.3
8820,-15175.62,25.5311,1.52,98.7,87.3
8821,-15175.94,109.226,1.46,100.0,87.2
8822,-15175.62,25.3709,1.44,100.0,87.3
8823,-15207.15,64.973,1.48,100.0,87.4
8824,-15207.15,45.8774,1.44,100.0,87.4
8825,-15172.02,39.6697,1.44,100.0,87.5
8826,-15211.52,116.8624,1.45,100.0,87.4
8827,-15180.26,124.5706,1.48,100.0,87.4
8828,-15177.74,239.7142,1.47,100.0,88.1
8829,-15133.64,392.2434,1.44,99.9,88.2
8830,-15207.62,270.8831,1.47,100.0,88.1
8831,-15232.72,415.6985,1.47,100.0,88.1
8832,-15167.95,160.6728,1.46,100.0,88.0
8833,-15199.27,220.9746,1.43,100.0,88.0
8834,-15202.77,228.5364,1.45,100.0,88.0
8835,-15233.21,200.2863,1.44,100.0,88.0
8836,-15148.68,175.6286,1.47,100.0,88.0
8837,-15216.37,233.0447,1.46,100.0,87.9
8838,-15192.18,176.1555,1.49,100.0,88.0
8839,-15179.18,218.8628,1.51,100.0,87.8
8840,-15199.09,154.2804,1.48,100.0,87.8
8841,-15199.27,231.4397,1.5,100.0,87.8
8842,-15200.51,129.7928,1.47,100.0,87.9
8843,-15223.75,103.5675,1.45,100.0,87.4
8844,-15163.64,301.9849,1.43,100.0,87.4
8845,-15201.76,617.3346,1.47,100.0,87.4
8846,-15179.18,59.5246,1.48,100.0,87.4
8847,-15196.31,77.0002,1.45,98.8,87.4
8848,-15154.3,183.9127,1.46,100.0,87.4
8849,-15182.26,87.527,1.47,100.0,87.5
8850,-15147.55,245.6456,1.46,100.0,87.4
8851,-15145.82,322.4508,1.49,100.0,87.5
8852,-15248.54,418.5299,1.46,100.0,87.4
8853,-15202.82,160.5079,1.45,100.0,87.4
8854,-15199.09,169.2337,1.45,100.0,87.4
8855,-15113.5,292.9748,1.47,100.0,87.4
8856,-15199.27,215.1896,1.46,100.0,87.4
8857,-15207.15,128.2531,1.43,100.0,87.3
8858,-15192.3,137.6398,1.47,100.0,87.3
8859,-15180.26,187.2946,1.4,100.0,87.2
8860,-15199.42,190.2103,1.45,100.0,87.3
8861,-15216.56,109.9089,1.45,100.0,87.4
8862,-15113.5,187.1073,1.45,100.0,87.4
8863,-15192.3,203.2172,1.45,100.0,87.4
8864,-15223.75,158.6019,1.54,100.0,87.5
8865,-15237.71,77.0986,1.53,83.4,87.5
8866,-15231.87,131.0848,1.52,100.0,87.6
8867,-15145.82,663.4556,1.43,100.0,87.5
8868,-15223.75,73.4356,1.47,100.0,87.6
8869,-15150.79,60.1576,1.48,100.0,87.7
8870,-15199.09,221.3987,1.43,95.2,87.7
8871,-15223.75,251.3141,1.44,100.0,87.6
8872,-15251.57,159.0551,1.49,100.0,87.7
8873,-15215.96,109.1848,1.45,100.0,87.7
8874,-15204.82,96.7748,1.43,100.0,87.7
8875,-15204.82,42.3748,1.49,98.4,87.9
8876,-15181.63,228.9914,1.5,96.2,87.9
8877,-15251.57,267.5585,1.43,100.0,87.8
8878,-15179.53,198.964,1.46,100.0,87.9
8879,-15205.13,173.9353,1.44,100.0,87.9
8880,-15233.93,110.2747,1.44,100.0,87.9
8881,-15178.07,604.944,1.41,100.0,88.0
8882,-15219.64,466.1197,1.49,100.0,88.2
8883,-15287.31,867.1324,1.51,100.0,88.0
8884,-15206.59,372.8179,1.44,100.0,88.0
8885,-15206.59,261.3066,1.45,100.0,88.0
8886,-15260.46,370.8127,1.48,100.0,88.1
8887,-15206.59,199.2187,1.42,100.0,88.1
8888,-15192.42,466.4796,1.38,98.3,88.2
8889,-15185.62,517.419,1.47,99.9,88.3
8890,-15141.97,450.7029,1.45,100.0,88.3
8891,-15219.3,264.4988,1.44,100.0,88.1
8892,-15230.51,277.1505,1.48,100.0,88.2
8893,-15192.1,250.5653,1.5,98.3,88.3
8894,-15139.15,570.759,1.55,91.7,88.4
8895,-15210.91,317.841,1.44,100.0,88.4
8896,-15240.08,214.7315,1.47,100.0,88.5
8897,-15245.58,223.7716,1.45,100.0,88.5
8898,-15213.01,397.1478,1.39,100.0,88.4
8899,-15143.47,924.4416,1.41,100.0,87.8
8900,-15180.05,389.1558,1.45,98.8,87.7
8901,-15205.31,132.6332,1.47,99.4,87.7
8902,-15222.42,177.9512,1.43,100.0,87.7
8903,-15205.24,244.3154,1.47,100.0,87.6
8904,-15210.44,243.7519,1.52,97.6,87.5
8905,-15211.47,107.5692,1.53,96.9,87.6
8906,-15211.47,74.7444,1.46,100.0,87.5
8907,-15203.4,109.358,1.45,100.0,87.6
8908,-15252.14,175.2601,1.45,100.0,87.6
8909,-15220.84,199.6402,1.42,100.0,87.6
8910,-15119.22,591.7933,1.41,100.0,87.6
8911,-15212.5,99.0924,1.46,99.3,87.7
8912,-15198.94,123.1888,1.47,100.0,88.0
8913,-15174.64,155.1539,1.45,100.0,88.1
8914,-15185.66,71.9505,1.47,100.0,87.9
8915,-15236.04,134.3925,1.49,100.0,88.0
8916,-15242.87,300.1126,1.49,99.8,88.2
8917,-15201.1,300.1302,1.47,100.0,88.4
8918,-15221.31,155.8665,1.45,100.0,88.3
8919,-15244.59,175.8623,1.45,100.0,88.5
8920,-15249.32,83.2473,1.42,100.0,88.5
8921,-15176.21,568.3024,1.43,100.0,88.4
8922,-15197.6,320.6627,1.45,100.0,88.5
8923,-15179.1,225.4023,1.46,100.0,88.5
8924,-15184.66,135.2953,1.43,100.0,88.5
8925,-15167.7,158.7771,1.43,100.0,88.6
8926,-15182.59,114.3988,1.48,100.0,88.7
8927,-15263.2,287.0959,1.48,100.0,88.7
8928,-15174.13,211.9433,1.45,100.0,88.7
8929,-15188.71,234.0018,1.45,100.0,88.7
8930,-15201.1,220.008,1.54,96.2,88.9
8931,-15182.59,48.3136,1.44,99.1,89.0
8932,-15247.91,376.8697,1.46,100.0,89.1
8933,-15139.63,210.0652,1.47,100.0,89.2
8934,-15183.23,512.7765,1.53,100.0,89.2
8935,-15221.07,1243.7361,1.44,99.5,89.1
8936,-15157.84,704.8917,1.46,100.0,89.3
8937,-15207.64,238.795,1.42,100.0,89.2
8938,-15194.96,718.6639,1.43,100.0,89.2
8939,-15224.84,456.2794,1.47,100.0,89.3
8940,-15155.88,642.9,1.49,98.4,89.4
8941,-15203.04,399.1773,1.54,97.8,88.7
8942,-15086.38,524.7036,1.45,98.3,88.2
8943,-15186.41,406.5226,1.45,100.0,88.3
8944,-15186.41,396.8191,1.46,100.0,88.2
8945,-15186.41,303.0829,1.41,100.0,88.3
8946,-15222.61,283.5208,1.53,100.0,88.2
8947,-15173.22,187.3433,1.44,100.0,88.2
8948,-15173.22,154.3036,1.43,100.0,88.3
8949,-15173.22,123.3929,1.44,100.0,88.3
8950,-15193.87,164.6293,1.52,100.0,88.4
8951,-15089.96,722.3824,1.44,100.0,88.4
8952,-15179.44,182.4827,1.45,99.5,88.4
8953,-15162.97,310.3974,1.47,100.0,88.4
8954,-15205.75,141.6997,1.46,100.0,88.4
8955,-15087.09,477.6893,1.41,100.0,88.5
8956,-15163.36,148.8443,1.46,100.0,88.5
8957,-15179.44,90.7936,1.48,100.0,88.6
8958,-15130.68,124.6728,1.44,100.0,88.7
8959,-15084.83,334.566,1.45,100.0,88.7
8960,-15190.29,193.448,1.5,100.0,88.7
8961,-15179.21,159.7312,1.5,96.1,88.7
8962,-15205.75,69.8427,1.45,100.0,88.8
8963,-15148.28,242.715,1.43,100.0,88.8
8964,-15131.69,128.1128,1.45,100.0,88.9
8965,-15131.69,103.204,1.43,100.0,88.9
8966,-15131.69,74.1246,1.42,100.0,88.9
8967,-15190.29,53.2369,1.46,100.0,88.8
8968,-15190.29,40.794,1.52,98.8,88.6
8969,-15131.69,95.1935,1.49,100.0,88.7
8970,-15154.48,155.1922,1.47,100.0,88.5
8971,-15131.69,79.8438,1.55,97.6,88.7
8972,-15230.95,211.4751,1.49,92.0,88.7
8973,-15207.56,146.2995,1.43,100.0,88.9
8974,-15210.08,191.1489,1.45,100.0,89.1
8975,-15148.28,364.1184,1.42,100.0,88.9
8976,-15153.25,379.001,1.41,100.0,89.1
8977,-15119.89,134.7842,1.43,100.0,89.4
8978,-15133.2,98.0301,1.48,100.0,89.4
8979,-15184.05,186.7899,1.5,97.4,89.4
8980,-15048.05,869.8847,1.49,99.9,89.4
8981,-15096.96,371.998,1.49,100.0,89.5
8982,-15096.96,264.2877,1.52,94.9,89.5
8983,-15092.95,187.6083,1.47,97.5,89.6
8984,-15115.67,37.3178,1.43,100.0,89.7
8985,-15115.67,32.7487,1.47,100.0,89.6
8986,-15244.11,326.9114,1.45,100.0,89.6
8987,-15217.78,194.0936,1.46,99.2,89.7
8988,-15178.94,212.2682,1.44,100.0,89.8
8989,-15287.41,371.6203,1.47,100.0,89.9
8990,-15287.41,272.3167,1.46,98.6,89.9
8991,-15224.36,224.0876,1.45,100.0,89.9
8992,-15282.29,169.9784,1.47,100.0,89.9
8993,-15224.36,131.2122,1.49,99.4,90.0
8994,-15189.93,116.633,1.48,100.0,90.1
8995,-15217.78,125.2976,1.43,100.0,90.1
8996,-15217.78,60.0071,1.47,100.0,90.2
8997,-15224.36,88.4017,1.44,100.0,90.2
8998,-15132.31,668.937,1.41,100.0,90.2
8999,-15135.98,427.1537,1.46,100.0,90.3
9000,-15155.6,122.1771,1.49,100.0,90.3
9001,-15147.84,100.66,1.53,99.9,89.8
9002,-15207.36,304.0745,1.46,100.0,89.8
9003,-15164.7,227.7405,1.5,100.0,89.9
9004,-15186.64,306.2629,1.45,100.0,89.9
9005,-15181.16,85.8742,1.46,100.0,89.8
9006,-15155.6,87.8253,1.41,99.8,89.8
9007,-15167.81,173.8125,1.46,99.5,89.8
9008,-15155.6,56.5818,1.48,98.3,89.7
9009,-15155.6,46.4058,1.45,99.9,89.6
9010,-15205.6,96.8855,1.46,100.0,89.6
9011,-15241.89,253.5512,1.47,99.7,89.7
9012,-15155.6,216.2084,1.59,95.5,89.9
9013,-15205.6,67.5648,1.48,100.0,89.9
9014,-15213.1,173.5031,1.46,100.0,89.9
9015,-15241.89,136.705,1.5,100.0,89.9
9016,-15227.22,130.9629,1.45,100.0,89.9
9017,-15214.35,461.0023,1.35,98.2,89.9
9018,-15231.43,98.7268,1.45,100.0,90.0
9019,-15083.51,847.5045,1.47,100.0,90.1
9020,-15164.9,340.295,1.43,100.0,90.0
9021,-15170.85,334.9707,1.48,100.0,90.0
9022,-15170.85,200.8236,1.53,100.0,90.0
9023,-15182.36,202.9813,1.52,93.8,90.1
9024,-15168.85,139.2633,1.44,100.0,90.1
9025,-15186.64,192.0367,1.48,100.0,90.1
9026,-15170.85,93.0823,1.51,100.0,90.1
9027,-15153.85,135.7773,1.42,100.0,90.2
9028,-15207.36,108.2864,1.41,100.0,90.3
9029,-15241.89,125.8996,1.46,100.0,90.2
9030,-15153.85,182.5775,1.43,100.0,90.2
9031,-15207.36,68.347,1.41,100.0,89.7
9032,-15167.81,253.0765,1.47,100.0,89.8
9033,-15153.85,72.978,1.48,100.0,89.8
9034,-15171.23,185.9022,1.54,100.0,89.9
9035,-15207.36,174.5054,1.48,100.0,89.8
9036,-15186.64,233.0648,1.48,100.0,89.8
9037,-15199.83,151.5458,1.45,98.1,89.9
9038,-15199.83,105.8233,1.44,100.0,90.0
9039,-15214.33,77.5184,1.45,100.0,90.0
9040,-15214.33,46.3116,1.49,100.0,90.1
9041,-15199.83,70.2296,1.51,100.0,90.1
9042,-15199.83,33.5421,1.45,100.0,90.2
9043,-15198.08,95.0526,1.46,100.0,90.1
9044,-15199.83,66.4761,1.47,100.0,90.2
9045,-15199.83,55.5089,1.43,100.0,89.6
9046,-15199.83,36.5418,1.43,100.0,89.7
9047,-15233.59,229.1236,1.45,100.0,89.8
9048,-15150.01,501.1368,1.46,100.0,89.8
9049,-15179.85,111.0155,1.45,100.0,89.7
9050,-15198.08,157.7551,1.46,98.8,89.9
9051,-15158.17,204.4687,1.49,97.3,90.2
9052,-15158.17,147.8886,1.45,100.0,90.4
9053,-15186.75,109.7143,1.47,100.0,90.5
9054,-15213.18,196.3505,1.5,100.0,90.5
9055,-15274.39,239.0088,1.44,99.9,90.6
9056,-15219.12,1135.2837,1.4,100.0,90.8
9057,-15198.89,342.4483,1.49,100.0,90.9
9058,-15269.68,226.4248,1.49,98.0,91.2
9059,-15259.08,171.6366,1.45,100.0,91.0
9060,-15183.22,88.4851,1.44,100.0,91.1
9061,-15210.71,211.725,1.51,99.1,91.0
9062,-15280.94,301.0411,1.46,96.5,91.1
9063,-15213.18,163.6136,1.43,100.0,91.5
9064,-15288.52,305.4514,1.51,100.0,91.5
9065,-15219.12,340.2442,1.52,100.0,91.7
9066,-15196.4,167.632,1.48,98.7,91.8
9067,-15262.88,240.1482,1.44,100.0,91.6
9068,-15196.4,96.4297,1.47,100.0,91.7
9069,-15190.72,61.9808,1.44,97.7,91.0
9070,-15191.83,41.4659,1.45,100.0,91.1
9071,-15196.4,41.9654,1.43,100.0,91.1
9072,-15196.4,18.453,1.46,100.0,91.1
9073,-15191.83,47.1707,1.45,99.4,90.0
9074,-15219.12,165.9828,1.43,100.0,88.5
9075,-15263.99,104.2291,1.51,100.0,88.6
9076,-15219.12,88.1889,1.43,100.0,88.7
9077,-15228.29,265.2783,1.49,100.0,88.7
9078,-15180.76,246.1165,1.54,94.9,88.7
9079,-15183.09,178.7493,1.48,100.0,88.6
9080,-15198.89,226.0891,1.45,100.0,88.6
9081,-15196.4,111.7494,1.46,100.0,88.2
9082,-15235.03,119.4122,1.42,100.0,88.3
9083,-15222.86,186.2166,1.37,99.8,88.3
9084,-15226.02,89.9793,1.46,99.5,88.4
9085,-15192.18,133.6673,1.48,99.2,88.5
9086,-15222.86,104.7958,1.46,100.0,88.6
9087,-15157.08,318.9632,1.49,100.0,88.6
9088,-15233.59,317.0258,1.54,100.0,89.1
9089,-15233.19,282.0793,1.58,93.5,89.3
9090,-15198.46,133.3823,1.46,99.0,89.5
9091,-15233.59,193.9251,1.46,100.0,89.6
9092,-15157.08,270.1046,1.46,100.0,89.6
9093,-15198.08,189.9585,1.42,100.0,89.6
9094,-15157.08,180.1838,1.37,99.6,89.4
9095,-15157.08,123.4145,1.48,98.7,89.7
9096,-15233.59,233.8461,1.49,100.0,89.7
9097,-15224.36,124.7271,1.46,100.0,89.7
9098,-15233.59,206.7484,1.51,100.0,89.7
9099,-15224.36,38.3637,1.47,99.3,88.6
9100,-15191.18,279.28,1.49,100.0,88.7
9101,-15198.08,152.3328,1.49,99.4,88.9
9102,-15214.33,229.5072,1.46,100.0,89.0
9103,-15048.38,905.8364,1.43,100.0,88.3
9104,-15214.33,131.2978,1.44,100.0,88.4
9105,-15224.36,41.836,1.44,100.0,88.4
9106,-15189.93,107.5519,1.45,100.0,88.5
9107,-15233.19,160.7688,1.48,100.0,88.5
9108,-15202.25,127.1614,1.53,100.0,88.3
9109,-15189.93,135.0056,1.51,100.0,88.3
9110,-15198.08,118.9875,1.44,100.0,88.3
9111,-15189.93,76.6321,1.47,100.0,88.2
9112,-15185.0,113.6741,1.47,100.0,88.1
9113,-15048.38,739.8132,1.43,100.0,88.1
9114,-15113.88,274.8662,1.43,100.0,88.1
9115,-15153.05,392.0035,1.46,99.8,88.1
9116,-15115.83,53.9799,1.44,100.0,88.1
9117,-15186.18,364.3999,1.41,100.0,88.0
9118,-15171.08,152.221,1.53,100.0,87.9
9119,-15171.08,140.8653,1.52,97.4,88.0
9120,-15231.43,262.7983,1.51,99.5,88.1
9121,-15185.0,153.0626,1.46,100.0,88.0
9122,-15241.89,185.9306,1.5,100.0,88.2
9123,-15155.6,125.54,1.52,95.3,88.1
9124,-15155.6,90.6321,1.42,100.0,88.1
9125,-15155.6,75.6399,1.42,100.0,88.0
9126,-15162.2,59.4273,1.42,100.0,88.1
9127,-15152.14,223.7089,1.4,100.0,88.1
9128,-15189.93,73.4094,1.38,99.3,88.2
9129,-15233.59,366.5439,1.48,96.0,88.2
9130,-15189.93,80.5563,1.49,98.0,88.1
9131,-15198.08,137.2227,1.42,100.0,88.2
9132,-15149.58,288.2526,1.51,100.0,87.9
9133,-15198.08,258.8833,1.51,97.0,87.8
9134,-15150.01,231.7296,1.52,96.8,87.9
9135,-15180.32,46.1264,1.43,100.0,87.9
9136,-15172.78,267.2841,1.47,100.0,87.9
9137,-15141.23,157.3158,1.44,100.0,88.1
9138,-15250.44,497.9597,1.45,97.9,88.3
9139,-15180.44,112.7664,1.38,99.6,88.4
9140,-15202.48,264.3563,1.49,99.5,88.5
9141,-15154.2,282.0885,1.45,100.0,88.6
9142,-15226.7,186.7546,1.44,100.0,88.5
9143,-15191.93,117.3564,1.5,100.0,88.6
9144,-15248.92,102.9925,1.54,98.2,88.7
9145,-15204.58,39.7423,1.46,99.9,88.7
9146,-15230.54,67.8163,1.44,100.0,88.8
9147,-15224.42,209.3509,1.48,100.0,88.8
9148,-15211.94,189.431,1.44,100.0,88.6
9149,-15173.38,159.5669,1.43,100.0,88.6
9150,-15173.38,104.025,1.47,100.0,88.6
9151,-15180.45,328.3628,1.48,100.0,88.7
9152,-15175.1,156.8256,1.47,100.0,88.7
9153,-15221.34,248.7054,1.42,100.0,88.7
9154,-15221.34,183.4933,1.45,100.0,88.3
9155,-15200.58,124.9543,1.44,100.0,88.3
9156,-15200.58,70.3222,1.42,100.0,88.7
9157,-15180.32,94.6398,1.44,100.0,88.8
9158,-15221.34,158.3265,1.57,98.4,89.1
9159,-15150.01,200.587,1.51,99.3,88.5
9160,-15180.32,44.9758,1.44,100.0,88.6
9161,-15213.61,185.084,1.5,100.0,88.6
9162,-15172.78,234.9316,1.49,98.0,88.6
9163,-15125.64,233.5689,1.43,100.0,88.5
9164,-15172.78,208.7683,1.44,100.0,88.5
9165,-15111.39,235.7597,1.46,100.0,88.6
9166,-15111.39,189.7994,1.44,100.0,88.5
9167,-15113.69,115.7933,1.4,100.0,88.5
9168,-15220.63,522.3841,1.48,100.0,88.6
9169,-15190.68,254.6433,1.48,95.9,88.6
9170,-15190.68,227.0969,1.51,100.0,88.7
9171,-15211.94,158.5414,1.42,100.0,88.6
9172,-15183.15,221.5887,1.49,100.0,88.6
9173,-15214.43,156.0581,1.46,99.0,88.6
9174,-15213.62,216.9824,1.42,100.0,88.6
9175,-15165.96,149.4624,1.43,100.0,88.6
9176,-15190.68,124.1707,1.51,100.0,88.7
9177,-15245.87,227.0196,1.47,99.0,88.8
9178,-15224.42,107.4689,1.47,100.0,88.8
9179,-15224.42,77.2694,1.51,100.0,88.6
9180,-15212.26,150.5992,1.47,97.6,88.6
9181,-15196.44,167.4727,1.4,100.0,88.7
9182,-15223.48,112.414,1.42,100.0,88.8
9183,-15185.87,42.782,1.44,100.0,88.7
9184,-15293.47,480.7181,1.42,100.0,88.8
9185,-15202.27,510.0415,1.43,100.0,88.8
9186,-15159.2,1156.5711,1.46,100.0,88.7
9187,-15257.13,400.2526,1.55,99.6,88.9
9188,-15155.56,439.0335,1.49,95.5,88.8
9189,-15214.96,401.2686,1.47,100.0,88.8
9190,-15251.14,440.3618,1.48,100.0,88.9
9191,-15162.48,277.7668,1.45,100.0,89.9
9192,-15259.85,246.0564,1.41,99.9,89.5
9193,-15249.59,309.945,1.42,100.0,89.5
9194,-15171.26,525.3056,1.49,100.0,89.4
9195,-15195.08,382.9118,1.45,100.0,89.4
9196,-15246.08,285.5333,1.5,100.0,89.5
9197,-15119.51,215.109,1.5,98.7,89.1
9198,-15230.98,447.4109,1.52,99.8,89.1
9199,-15177.32,166.5723,1.43,100.0,89.1
9200,-15115.24,136.9584,1.47,100.0,89.1
9201,-15094.69,209.462,1.5,100.0,89.1
9202,-15184.47,267.3763,1.47,100.0,89.0
9203,-15167.95,234.9742,1.42,100.0,89.0
9204,-15197.86,265.556,1.44,100.0,89.1
9205,-15249.18,133.2919,1.47,100.0,89.1
9206,-15204.35,535.6077,1.5,100.0,89.1
9207,-15261.74,271.0603,1.42,100.0,89.1
9208,-15221.35,172.8415,1.42,100.0,89.1
9209,-15210.58,94.0493,1.44,100.0,89.1
9210,-15166.81,193.6837,1.43,100.0,89.2
9211,-15166.81,154.6595,1.43,100.0,89.2
9212,-15266.34,762.4834,1.46,100.0,89.1
9213,-15268.82,508.359,1.49,100.0,89.2
9214,-15234.02,168.3713,1.47,100.0,89.3
9215,-15156.95,310.84,1.49,100.0,89.3
9216,-15261.74,188.2949,1.5,97.7,89.2
9217,-15337.27,895.652,1.42,100.0,89.2
9218,-15210.0,233.9128,1.44,100.0,89.0
9219,-15123.78,672.4681,1.44,100.0,89.1
9220,-15229.81,159.272,1.45,100.0,89.2
9221,-15258.97,207.0916,1.41,100.0,89.3
9222,-15256.23,162.3619,1.45,100.0,89.3
9223,-15240.1,126.2631,1.49,100.0,89.3
9224,-15220.4,51.1759,1.49,98.1,89.4
9225,-15256.23,220.7287,1.48,99.4,89.4
9226,-15279.97,175.0706,1.45,100.0,89.4
9227,-15204.35,359.2703,1.44,100.0,89.4
9228,-15166.81,556.2623,1.43,100.0,89.5
9229,-15204.35,149.7673,1.46,100.0,89.5
9230,-15115.24,272.7807,1.45,100.0,89.6
9231,-15123.78,223.9262,1.46,100.0,89.6
9232,-15217.98,460.9277,1.44,100.0,89.6
9233,-15236.21,421.8171,1.46,100.0,89.7
9234,-15263.18,747.7603,1.47,100.0,89.6
9235,-15204.41,515.4721,1.44,100.0,89.6
9236,-15255.66,243.7773,1.46,100.0,89.5
9237,-15293.91,246.685,1.44,100.0,89.5
9238,-15268.82,40.4478,1.45,100.0,89.6
9239,-15229.5,177.619,1.47,100.0,89.7
9240,-15229.5,125.4981,1.44,100.0,89.7
9241,-15263.18,480.2658,1.51,100.0,89.6
9242,-15293.47,784.722,1.46,100.0,88.7
9243,-15263.18,262.3756,1.47,100.0,88.7
9244,-15250.4,201.1395,1.44,100.0,88.8
9245,-15293.47,348.941,1.42,100.0,88.9
9246,-15292.15,212.1586,1.42,100.0,89.0
9247,-15291.8,113.2246,1.45,100.0,89.0
9248,-15237.41,92.1328,1.45,100.0,89.0
9249,-15293.47,367.0236,1.47,100.0,89.0
9250,-15293.47,212.0691,1.53,100.0,89.2
9251,-15250.9,415.7112,1.43,94.9,89.0
9252,-15255.66,103.8997,1.51,100.0,89.1
9253,-15289.39,285.5264,1.45,100.0,89.1
9254,-15255.66,67.6501,1.49,100.0,89.2
9255,-15293.47,89.1553,1.44,99.0,89.2
9256,-15250.4,374.8923,1.45,100.0,89.2
9257,-15331.34,275.3792,1.47,100.0,89.3
9258,-15255.66,226.7433,1.44,100.0,89.3
9259,-15255.66,94.138,1.42,100.0,89.3
9260,-15255.66,81.3114,1.49,99.2,89.4
9261,-15293.47,151.4913,1.48,99.8,89.5
9262,-15237.41,259.2441,1.46,100.0,89.6
9263,-15235.81,200.6111,1.45,100.0,89.5
9264,-15235.81,97.6405,1.51,100.0,89.6
9265,-15205.45,355.9419,1.51,95.8,89.6
9266,-15248.92,351.0988,1.42,100.0,89.6
9267,-15235.81,107.2953,1.43,100.0,89.6
9268,-15292.15,279.3962,1.46,100.0,89.6
9269,-15255.66,269.0371,1.51,100.0,89.9
9270,-15237.52,322.9018,1.43,100.0,89.9
9271,-15151.81,1020.0086,1.48,100.0,90.0
9272,-15291.8,242.1473,1.48,64.6,90.1
9273,-15293.47,433.06,1.48,59.4,90.5
9274,-15248.92,94.7264,1.36,56.0,90.5
9275,-15293.47,137.0299,1.44,55.4,90.4
9276,-15235.81,318.3735,1.46,54.6,90.5
9277,-15255.66,68.4333,1.4,56.5,90.6
9278,-15274.67,343.3305,1.37,55.8,90.5
9279,-15271.19,320.9506,1.46,56.3,90.9
9280,-15204.83,1273.0036,1.52,57.0,91.2
9281,-15263.91,316.3951,1.47,54.5,91.2
9282,-15203.92,653.4833,1.39,55.1,91.2
9283,-15183.68,329.6858,1.44,55.4,91.2
9284,-15217.16,220.3322,1.43,56.0,91.3
9285,-15222.02,213.7073,1.46,56.0,91.3
9286,-15166.81,200.4662,1.3,54.3,91.3
9287,-15231.83,410.7112,1.42,56.7,91.3
9288,-15188.37,317.4574,1.47,54.6,91.5
9289,-15280.96,451.5957,1.47,57.6,91.5
9290,-15184.08,157.0063,1.39,54.4,91.6
9291,-15204.35,158.3691,1.47,55.3,91.6
9292,-15204.35,95.3087,1.48,55.5,91.7
9293,-15235.79,155.954,1.37,54.2,91.4
9294,-15214.79,586.3712,1.37,54.5,91.3
9295,-15123.78,508.813,1.36,54.3,91.2
9296,-15239.64,173.7887,1.39,56.1,91.3
9297,-15207.32,216.6438,1.35,54.7,91.4
9298,-15220.53,98.1789,1.49,60.2,91.7
9299,-15220.53,77.2885,1.52,60.1,92.2
9300,-15223.56,472.272,1.5,55.9,92.1
9301,-15211.69,327.068,1.42,56.5,92.4
9302,-15230.72,513.1313,1.42,58.8,92.6
9303,-15255.32,239.903,1.42,55.4,92.7
9304,-15221.91,335.2609,1.48,56.3,92.8
9305,-15239.08,115.9922,1.39,56.6,92.9
9306,-15231.38,261.3523,1.43,56.3,92.8
9307,-15225.82,148.3548,1.4,54.7,92.8
9308,-15217.36,141.2803,1.39,55.7,92.8
9309,-15229.17,303.4675,1.4,55.1,92.9
9310,-15244.41,117.7252,1.4,57.1,93.0
9311,-15193.49,127.9084,1.45,57.2,93.0
9312,-15200.16,106.924,1.41,55.5,93.1
9313,-15237.93,352.4138,1.39,54.7,93.1
9314,-15260.91,232.9416,1.43,55.1,93.2
9315,-15230.44,102.5445,1.52,55.4,93.2
9316,-15240.69,59.0242,1.47,56.7,93.1
9317,-15237.35,89.9795,1.39,55.9,93.1
9318,-15240.69,20.9768,1.38,55.6,92.9
9319,-15200.72,526.9075,1.39,55.1,93.1
9320,-15234.43,418.1378,1.35,55.1,93.1
9321,-15242.95,362.2761,1.38,54.7,93.2
9322,-15242.73,168.2774,1.35,53.9,93.2
9323,-15226.94,273.2236,1.53,55.0,92.8
9324,-15250.96,277.5253,1.44,96.7,93.0
9325,-15266.51,328.1134,1.46,100.0,93.0
9326,-15210.45,337.2119,1.47,100.0,92.9
9327,-15227.02,197.6167,1.52,100.0,92.9
9328,-15181.43,283.3774,1.47,99.9,92.0
9329,-15244.47,313.2906,1.44,100.0,92.0
9330,-15224.75,213.5335,1.45,100.0,92.1
9331,-15258.04,137.4804,1.45,100.0,92.2
9332,-15218.86,200.1887,1.42,100.0,92.3
9333,-15206.76,230.2171,1.48,99.5,92.1
9334,-15231.07,121.0898,1.48,97.9,92.1
9335,-15227.79,123.5604,1.5,100.0,92.2
9336,-15203.05,129.0224,1.43,73.1,92.3
9337,-15156.38,312.3281,1.46,54.9,92.3
9338,-15219.64,34.3886,1.43,53.7,92.6
9339,-15175.17,161.141,1.4,53.4,92.7
9340,-15255.97,127.4386,1.35,54.9,92.7
9341,-15225.4,187.3829,1.4,54.0,92.6
9342,-15245.25,93.9262,1.37,54.4,92.6
9343,-15281.04,167.5747,1.35,53.5,92.7
9344,-15245.25,81.6315,1.38,53.6,92.7
9345,-15159.36,571.3441,1.48,55.2,92.7
9346,-15255.4,108.3798,1.46,54.6,92.9
9347,-15229.73,186.6899,1.41,54.3,92.9
9348,-15250.73,118.9181,1.47,55.2,93.1
9349,-15211.43,111.7119,1.47,54.5,93.0
9350,-15227.23,99.4436,1.42,54.5,93.1
9351,-15173.06,117.4283,1.35,54.3,93.2
9352,-15116.63,120.2694,1.34,55.4,93.2
9353,-15164.6,125.9239,1.39,55.1,93.3
9354,-15192.41,168.4372,1.31,53.6,93.4
9355,-15186.08,42.3676,1.35,53.2,93.2
9356,-15204.99,260.79,1.46,54.8,93.3
9357,-15256.15,384.8058,1.49,55.3,93.4
9358,-15227.02,99.3389,1.46,55.0,93.4
9359,-15224.75,192.7352,1.37,53.3,93.4
9360,-15282.25,366.205,1.38,54.1,93.4
9361,-15217.15,200.0243,1.43,54.3,93.5
9362,-15217.73,214.8186,1.26,52.3,93.4
9363,-15282.35,356.5343,1.44,54.6,93.5
9364,-15214.13,140.8584,1.38,55.0,93.6
9365,-15265.78,157.2025,1.37,55.1,93.6
9366,-15175.02,489.5436,1.37,54.9,93.6
9367,-15220.73,206.8332,1.43,54.4,93.7
9368,-15229.73,212.1693,1.52,53.9,93.8
9369,-15227.79,122.9077,1.39,53.7,93.8
9370,-15261.62,359.7698,1.37,54.3,93.8
9371,-15189.05,232.728,1.37,54.3,93.8
9372,-15198.92,174.9401,1.44,56.3,93.9
9373,-15243.06,309.0482,1.32,54.4,93.9
9374,-15250.2,203.2899,1.43,55.8,93.9
9375,-15223.38,108.4419,1.42,53.9,94.0
9376,-15218.02,225.0434,1.4,56.0,94.1
9377,-15217.36,89.1888,1.71,54.2,93.5
9378,-15244.46,98.7991,1.5,55.7,93.2
9379,-15284.19,212.1485,1.87,49.9,92.4
9380,-15213.09,150.5768,1.47,54.5,92.5
9381,-15194.38,191.8845,1.34,54.3,92.6
9382,-15173.69,143.5731,1.32,54.0,91.9
9383,-15224.7,200.9217,1.26,53.4,91.9
9384,-15117.21,306.0995,1.4,53.8,91.9
9385,-15244.47,465.0509,1.41,54.0,91.9
9386,-15256.15,265.6575,1.77,50.4,91.8
9387,-15256.15,159.7946,1.43,53.8,91.7
9388,-15265.97,639.0652,1.32,53.1,91.6
9389,-15213.24,337.0103,1.41,54.1,91.8
9390,-15237.32,176.6836,1.45,53.4,91.8
9391,-15187.69,379.4276,1.33,53.6,91.8
9392,-15212.92,156.6684,1.33,54.3,91.8
9393,-15160.45,202.1334,1.42,55.0,91.7
9394,-15186.85,245.979,1.42,53.5,91.8
9395,-15184.65,105.0252,1.38,54.1,91.9
9396,-15182.83,155.7063,1.44,53.9,91.9
9397,-15209.95,168.5935,1.46,54.2,91.9
9398,-15206.79,372.8334,1.47,56.5,92.0
9399,-15214.66,410.912,1.38,56.6,92.3
9400,-15219.4,125.3853,1.41,57.0,92.4
9401,-15229.22,163.0049,1.45,92.0,92.4
9402,-15178.04,135.6781,1.45,100.0,92.3
9403,-15185.31,108.8968,1.37,81.5,92.3
9404,-15225.68,211.9906,1.4,58.5,92.6
9405,-15230.82,338.7619,1.4,53.9,92.7
9406,-15162.78,89.322,1.39,54.8,92.7
9407,-15200.79,124.2572,1.35,53.4,92.7
9408,-15202.92,133.8515,1.38,54.8,92.7
9409,-15193.69,95.7372,1.4,55.0,92.8
9410,-15246.21,96.6919,1.31,53.5,92.4
9411,-15232.12,151.1983,1.28,54.5,92.3
9412,-15206.36,143.6504,1.31,54.5,92.4
9413,-15281.04,296.7025,1.71,47.8,88.6
9414,-15279.96,271.9459,1.44,54.7,88.7
9415,-15156.81,469.9849,1.3,54.5,88.7
9416,-15208.21,547.0661,1.39,54.7,88.6
9417,-15190.96,195.1811,1.46,54.7,88.6
9418,-15204.82,256.1041,1.41,54.2,88.7
9419,-15223.46,243.3447,1.28,54.3,88.8
9420,-15159.36,126.6698,1.36,53.8,89.0
9421,-15205.53,100.7209,1.34,54.9,89.0
9422,-15206.36,67.2706,1.32,54.6,88.8
9423,-15230.51,77.4235,1.33,54.0,88.8
9424,-15252.02,95.774,1.39,54.5,87.6
9425,-15239.8,126.3071,1.4,54.4,87.7
9426,-15210.73,71.9692,1.37,53.8,87.8
9427,-15176.07,133.8952,1.38,54.2,87.8
9428,-15147.09,144.1863,1.43,55.0,87.8
9429,-15256.15,660.6845,1.47,54.3,87.9
9430,-15212.28,125.4748,1.26,53.7,87.0
9431,-15256.15,171.0493,1.33,54.8,87.1
9432,-15256.15,148.5076,1.31,55.1,87.1
9433,-15247.13,281.4548,1.28,54.3,87.2
9434,-15205.29,67.0859,1.36,54.4,87.2
9435,-15181.43,161.2209,1.41,55.0,87.3
9436,-15249.28,222.5791,1.46,53.7,87.4
9437,-15205.53,72.6526,1.37,54.5,87.4
9438,-15210.73,35.436,1.4,54.2,87.3
9439,-15218.82,87.3739,1.44,54.8,87.3
9440,-15174.27,77.2298,1.37,54.3,87.4
9441,-15250.38,275.314,1.31,55.0,87.5
9442,-15242.42,321.7722,1.32,54.1,87.5
9443,-15210.45,83.3164,1.37,54.3,87.5
9444,-15281.04,162.899,1.37,54.0,87.6
9445,-15251.17,484.927,1.28,54.6,87.5
9446,-15167.91,344.3502,1.35,53.7,87.5
9447,-15278.52,235.9705,1.39,54.9,87.6
9448,-15255.4,95.9552,1.35,54.0,87.5
9449,-15210.45,112.2353,1.33,55.0,87.6
9450,-15174.4,251.6558,1.36,54.8,87.6
9451,-15248.85,506.3541,1.39,54.8,87.6
9452,-15248.28,59.0168,1.41,54.7,87.7
9453,-15176.07,190.7523,1.37,54.9,87.6
9454,-15175.15,181.3771,1.38,53.9,87.6
9455,-15189.77,168.4323,1.44,54.2,87.6
9456,-15285.2,822.9651,1.35,54.7,87.6
9457,-15242.81,229.8071,1.29,53.5,87.6
9458,-15285.2,263.2476,1.29,54.7,87.7
9459,-15251.22,290.5839,1.34,56.2,87.7
9460,-15251.46,254.0093,1.34,55.1,87.7
9461,-15251.22,153.1253,1.38,55.0,87.7
9462,-15196.94,161.3489,1.42,54.2,87.8
9463,-15266.96,340.0389,1.41,54.6,87.8
9464,-15217.05,222.7839,1.36,54.5,87.9
9465,-15233.38,48.9618,1.33,54.6,87.9
9466,-15257.21,86.0022,1.31,54.6,87.9
9467,-15174.66,405.3662,1.31,53.9,87.9
9468,-15240.05,33.3325,1.33,54.1,87.9
9469,-15189.77,69.3954,1.3,54.2,87.9
9470,-15240.05,175.1669,1.27,53.9,87.9
9471,-15274.13,276.579,1.31,53.6,88.0
9472,-15168.64,242.1214,1.31,53.6,88.0
9473,-15260.86,343.6704,1.27,54.2,88.0
9474,-15275.4,258.6922,1.33,54.9,88.0
9475,-15246.58,126.293,1.33,53.0,87.8
9476,-15240.05,68.3786,1.34,54.3,87.9
9477,-15235.97,53.9939,1.35,53.5,88.0
9478,-15209.15,108.4053,1.32,53.6,88.0
9479,-15196.3,44.9652,1.37,54.6,88.1
9480,-15209.9,70.4955,1.33,54.2,87.9
9481,-15214.62,66.8684,1.28,53.6,88.0
9482,-15214.62,58.7645,1.26,53.3,87.9
9483,-15285.2,367.0637,1.27,53.8,88.0
9484,-15296.95,299.8192,1.29,54.3,88.1
9485,-15259.03,229.9959,1.29,53.7,88.2
9486,-15215.98,440.09,1.35,54.8,88.0
9487,-15237.32,137.8158,1.35,49.8,87.8
9488,-15185.89,150.9404,1.32,48.9,87.7
9489,-15257.85,411.8132,1.35,53.8,87.8
9490,-15218.13,199.6537,7.96,53.5,87.9
9491,-15245.01,143.8758,1.31,53.8,87.9
9492,-15209.77,302.4939,1.35,54.1,88.0
9493,-15171.94,615.6485,1.28,53.0,87.7
9494,-15256.02,63.1762,1.3,53.5,86.3
9495,-15240.05,66.4819,1.26,54.6,86.4
9496,-15238.07,44.6461,1.29,54.5,86.4
9497,-15199.29,233.5161,1.32,54.6,86.4
9498,-15194.38,113.1038,1.36,55.0,86.4
9499,-15244.27,153.5332,1.35,54.0,86.4
9500,-15188.26,222.0206,1.31,54.3,86.5
9501,-15151.81,213.9795,1.39,54.4,86.6
9502,-15215.88,288.3018,1.34,53.4,86.3
9503,-15276.92,510.6751,1.28,53.7,86.3
9504,-15194.38,357.5715,1.25,54.0,86.2
9505,-15205.43,67.2399,1.31,54.3,86.3
9506,-15171.95,70.1169,1.27,53.8,86.3
9507,-15244.97,217.2665,1.26,54.2,86.4
9508,-15205.43,36.1238,1.34,53.5,86.4
9509,-15216.31,157.1796,1.44,52.5,86.4
9510,-15226.21,250.1199,1.42,52.1,86.4
9511,-15264.67,276.6731,1.32,54.8,86.5
9512,-15311.19,357.7911,1.36,54.3,86.5
9513,-15393.32,515.9885,1.38,54.2,86.0
9514,-15408.1,345.0237,1.44,55.6,86.0
9515,-15319.04,597.4797,1.42,52.8,86.0
9516,-15223.31,1357.5586,1.33,54.4,85.8
9517,-15334.12,210.3513,1.34,54.7,85.9
9518,-15241.48,203.8905,1.31,55.0,86.0
9519,-15217.21,129.9854,1.29,54.1,86.1
9520,-15272.03,301.8854,1.29,53.9,86.0
9521,-15295.2,224.5758,1.38,54.1,86.1
9522,-15233.64,150.07,1.43,54.6,86.1
9523,-15227.11,121.5797,1.4,55.3,86.1
9524,-15239.49,147.0545,1.35,53.7,86.0
9525,-15318.59,247.8926,1.44,54.9,86.2
9526,-15241.48,67.2115,1.43,54.9,86.1
9527,-15198.54,170.9084,1.31,54.6,86.2
9528,-15198.05,62.7098,1.28,54.2,86.1
9529,-15197.76,84.5424,1.33,55.6,86.2
9530,-15334.12,363.5395,1.33,54.9,86.1
9531,-15300.49,179.8275,1.33,54.3,86.1
9532,-15222.4,303.3303,1.36,55.3,86.2
9533,-15208.09,631.9404,1.37,53.6,86.2
9534,-15281.09,151.2472,1.43,52.1,85.9
9535,-15247.19,53.7602,1.4,53.8,85.8
9536,-15231.99,198.3217,1.36,55.1,85.8
9537,-15345.52,266.2136,1.3,54.2,85.9
9538,-15228.05,434.6098,1.34,54.9,85.9
9539,-15313.07,380.3987,1.36,54.5,85.9
9540,-15316.32,113.3218,1.32,54.4,85.9
9541,-15219.5,502.5383,1.33,55.2,85.9
9542,-15350.37,271.204,1.38,54.8,86.0
9543,-15337.55,138.9755,1.41,54.1,86.0
9544,-15274.85,91.0873,1.33,54.8,86.0
9545,-15239.69,136.1324,1.35,54.3,86.1
9546,-15357.24,545.3981,1.39,55.2,86.1
9547,-15215.15,180.9026,1.46,53.4,86.0
9548,-15192.46,349.0559,1.33,53.9,86.1
9549,-15222.31,101.9859,1.38,54.7,86.1
9550,-15214.92,159.7048,1.43,54.3,86.1
9551,-15253.82,148.3494,1.37,54.0,86.2
9552,-15236.89,148.1305,1.26,54.4,86.2
9553,-15257.63,102.384,1.32,54.1,86.1
9554,-15202.81,312.5561,1.36,55.0,86.1
9555,-15209.62,203.6563,1.4,54.4,86.2
9556,-15248.7,1052.3229,1.35,55.8,86.2
9557,-15192.95,84.1909,1.36,53.9,86.3
9558,-15248.7,816.6456,1.39,53.4,86.3
9559,-15242.54,128.0081,1.34,53.8,86.3
9560,-15199.54,234.5122,1.31,54.3,86.3
9561,-15232.62,238.9834,1.29,52.7,87.4
9562,-15303.45,129.8628,1.27,54.4,87.4
9563,-15236.89,139.2993,1.28,54.5,87.4
9564,-15301.78,154.9958,1.28,53.8,87.4
9565,-15284.85,71.1298,1.35,54.3,87.5
9566,-15175.19,429.6334,1.37,54.5,87.6
9567,-15186.81,167.747,1.43,52.6,87.6
9568,-15244.46,355.8854,1.35,54.6,87.5
9569,-15222.68,124.6424,1.38,54.5,87.5
9570,-15236.63,168.9084,1.44,54.9,87.6
9571,-15236.63,121.6353,1.37,54.1,87.6
9572,-15207.36,167.6574,1.28,54.1,87.7
9573,-15211.01,118.8397,1.29,55.3,87.6
9574,-15225.97,97.3239,1.33,54.8,87.6
9575,-15286.32,238.985,1.3,54.1,87.6
9576,-15229.04,322.8787,1.34,54.6,87.6
9577,-15177.78,458.8147,1.43,55.3,87.7
9578,-15267.96,311.9748,1.43,55.0,87.8
9579,-15187.19,156.039,1.39,53.6,87.7
9580,-15205.92,68.6765,1.36,54.5,87.6
9581,-15239.69,311.0654,1.4,54.3,87.7
9582,-15216.37,265.4088,1.44,55.0,87.8
9583,-15174.17,194.4859,1.35,54.1,87.8
9584,-15192.95,111.731,1.27,54.3,87.8
9585,-15214.21,59.7804,1.31,54.0,87.8
9586,-15268.33,380.7086,1.31,55.1,87.7
9587,-15198.33,255.4059,1.28,54.6,87.8
9588,-15272.24,319.6996,1.3,52.7,87.9
9589,-15242.54,100.4866,1.34,54.4,87.9
9590,-15192.95,149.5474,1.37,52.1,88.0
9591,-15222.86,39.8865,1.39,52.0,88.0
9592,-15187.19,81.6821,1.35,54.1,88.0
9593,-15201.05,54.6269,1.32,53.2,88.0
9594,-15192.95,28.2532,1.32,54.5,88.0
9595,-15192.67,77.735,1.3,54.5,88.0
9596,-15237.67,67.3919,1.28,53.5,88.0
9597,-15222.82,196.0787,1.26,53.6,88.0
9598,-15224.53,122.2549,1.27,54.2,88.0
9599,-15232.62,166.0575,1.33,53.5,88.0
9600,-15221.88,63.9817,1.32,54.8,88.2
9601,-15234.21,56.8909,1.33,53.6,88.2
9602,-15182.24,332.1421,1.46,54.7,88.1
9603,-15208.8,71.3665,1.43,53.1,87.8
9604,-15229.92,92.087,1.38,54.8,88.0
9605,-15222.51,38.8121,1.31,54.2,88.0
9606,-15262.74,78.5967,1.41,54.8,88.0
9607,-15275.14,51.6155,1.49,55.1,88.0
9608,-15242.7,322.116,1.44,52.6,88.0
9609,-15265.94,146.2702,1.33,54.3,88.1
9610,-15169.72,118.1144,1.38,54.4,88.2
9611,-15215.55,258.4958,1.39,54.2,88.3
9612,-15200.45,68.7907,1.34,54.9,88.0
9613,-15220.23,76.1003,1.27,54.7,88.1
9614,-15210.05,261.8211,1.36,55.8,88.1
9615,-15346.09,613.0067,1.38,53.9,88.2
9616,-15268.84,508.3572,1.37,54.5,88.2
9617,-15295.46,90.2689,1.35,54.2,88.3
9618,-15364.98,308.4986,1.44,55.3,88.2
9619,-15267.66,721.6843,1.46,52.6,88.0
9620,-15275.45,123.5871,1.48,54.6,88.1
9621,-15330.88,282.8726,1.32,54.0,88.0
9622,-15321.04,274.6367,1.35,53.9,88.1
9623,-15202.26,439.2619,1.34,54.9,88.2
9624,-15336.18,297.7752,1.29,54.0,88.1
9625,-15248.69,262.3554,1.27,54.2,88.2
9626,-15281.97,138.7575,1.35,55.0,88.3
9627,-15300.19,148.1572,1.39,54.5,88.3
9628,-15298.43,91.1767,1.37,54.1,88.3
9629,-15188.53,378.9188,1.38,53.2,88.2
9630,-15253.96,276.3542,1.44,54.9,88.3
9631,-15247.14,222.4291,1.46,53.0,88.3
9632,-15238.18,169.3129,1.37,54.5,88.4
9633,-15252.79,57.3919,1.31,54.0,88.4
9634,-15203.43,254.1772,1.36,55.0,88.4
9635,-15213.07,272.0316,1.4,54.5,88.3
9636,-15266.81,339.1843,1.33,54.6,88.4
9637,-15258.92,158.7188,1.29,54.6,88.4
9638,-15258.28,150.4838,1.37,55.4,88.5
9639,-15209.95,210.6554,1.38,54.2,88.7
9640,-15235.08,317.8199,1.37,54.6,88.7
9641,-15258.28,160.8594,1.36,55.0,88.8
9642,-15267.44,160.5452,1.39,54.3,88.8
9643,-15223.42,72.5678,1.38,54.4,88.8
9644,-15251.43,120.324,1.34,53.8,88.8
9645,-15195.87,178.9522,1.31,54.9,88.8
9646,-15263.85,247.1783,1.41,56.1,88.8
9647,-15249.98,208.4101,1.45,54.2,88.9
9648,-15266.44,126.7782,1.38,53.8,89.0
9649,-15257.77,122.7492,1.33,54.1,89.1
9650,-15262.59,76.3164,1.33,55.1,88.9
9651,-15224.22,57.3411,1.36,54.7,88.9
9652,-15257.77,56.6639,1.38,54.8,89.0
9653,-15276.58,57.4573,1.34,55.4,89.0
9654,-15224.22,117.3663,1.4,55.1,89.1
9655,-15209.62,446.8738,1.38,54.6,89.2
9656,-15179.54,256.1158,1.33,53.9,89.3
9657,-15263.53,426.4085,1.31,54.2,89.2
9658,-15244.58,511.0458,1.37,55.1,89.2
9659,-15179.54,142.361,1.37,54.9,89.2
9660,-15215.8,121.7083,1.28,55.2,89.4
9661,-15239.27,38.2683,1.3,54.0,89.4
9662,-15224.22,124.9708,1.36,54.4,89.4
9663,-15224.22,66.3533,1.42,53.5,89.4
9664,-15224.22,32.2555,1.38,53.8,89.5
9665,-15224.22,26.4332,1.34,54.9,89.4
9666,-15224.22,14.7138,1.38,54.8,89.5
9667,-15224.22,9.4208,1.38,55.3,89.6
9668,-15214.31,120.7785,1.45,53.4,89.6
9669,-15218.95,22.9855,1.34,54.4,89.5
9670,-15226.46,19.1455,1.3,54.5,89.6
9671,-15294.9,212.0504,1.28,53.9,89.7
9672,-15229.77,118.8845,1.5,49.2,89.8
9673,-15233.69,40.8405,1.46,53.7,89.8
9674,-15236.87,75.0437,1.31,54.3,89.8
9675,-15251.36,133.4872,1.33,54.3,89.8
9676,-15310.11,370.1605,1.39,55.1,89.8
9677,-15235.73,103.9829,1.43,53.9,90.0
9678,-15237.94,167.4334,1.25,54.4,89.9
9679,-15232.14,35.0024,1.34,54.4,90.0
9680,-15234.21,100.9664,1.37,54.3,89.3
9681,-15284.85,184.2673,1.35,54.6,89.3
9682,-15236.63,139.9782,1.42,54.8,89.3
9683,-15192.57,510.2123,1.44,53.3,89.3
9684,-15206.72,176.329,1.35,54.7,89.3
9685,-15260.99,234.9498,1.29,53.7,89.3
9686,-15238.94,94.8713,1.39,54.8,89.4
9687,-15213.58,88.4942,1.42,54.8,89.4
9688,-15276.24,164.0791,1.28,54.1,89.3
9689,-15207.87,399.4757,1.29,54.2,89.4
9690,-15209.24,162.4197,1.36,55.4,89.5
9691,-15228.73,25.8364,1.38,54.9,89.5
9692,-15231.89,111.1211,1.37,53.4,89.5
9693,-15225.21,24.8269,1.37,53.8,89.6
9694,-15229.77,83.6201,1.41,54.5,89.6
9695,-15232.85,44.1208,1.37,54.9,89.5
9696,-15234.88,46.4932,1.3,53.5,89.6
9697,-15237.07,135.9795,1.3,54.1,89.6
9698,-15253.6,50.5016,1.32,55.6,89.7
9699,-15249.76,26.0435,1.33,54.3,89.7
9700,-15253.15,121.7309,1.28,55.1,89.7
9701,-15255.73,337.6487,1.35,54.1,89.7
9702,-15269.62,264.0634,1.43,54.5,89.7
9703,-15209.62,267.8891,1.4,54.4,89.5
9704,-15241.16,176.8482,1.36,54.8,89.5
9705,-15248.06,131.9234,1.36,54.7,89.5
9706,-15248.17,94.59,1.35,54.8,89.6
9707,-15253.0,51.5321,1.39,53.6,89.7
9708,-15220.9,100.0949,1.3,54.5,89.6
9709,-15203.93,116.9185,1.25,53.4,89.7
9710,-15245.32,333.7581,1.29,54.5,89.6
9711,-15225.58,163.0685,1.34,54.5,89.6
9712,-15148.68,219.4583,1.32,53.6,89.7
9713,-15145.05,149.9312,1.31,53.7,89.7
9714,-15233.08,290.0115,1.37,54.0,89.7
9715,-15180.84,127.89,1.36,52.8,89.5
9716,-15204.21,144.6587,1.37,54.5,89.6
9717,-15215.44,48.6487,1.34,54.5,89.6
9718,-15216.38,194.809,1.43,54.3,89.7
9719,-15225.58,50.3967,1.33,54.8,89.7
9720,-15207.97,57.4659,1.38,54.9,89.8
9721,-15193.48,225.3811,1.35,54.0,89.7
9722,-15243.65,395.8082,1.37,54.4,89.8
9723,-15238.24,225.5117,1.32,54.1,89.9
9724,-15268.86,208.2773,1.36,53.8,89.9
9725,-15259.21,150.115,1.33,55.1,90.0
9726,-15266.61,106.4413,1.36,54.8,89.8
9727,-15245.28,128.1775,1.37,54.3,89.9
9728,-15284.42,141.4808,1.36,55.1,90.0
9729,-15278.93,143.6296,1.42,55.0,90.0
9730,-15259.26,281.0059,1.37,54.9,90.0
9731,-15266.61,62.3027,1.44,54.4,90.2
9732,-15226.9,49.3417,1.37,54.5,90.1
9733,-15273.33,200.3942,1.36,54.4,90.1
9734,-15227.71,62.3506,1.3,54.2,90.1
9735,-15245.49,86.9166,1.32,53.5,90.1
9736,-15259.73,68.8929,1.36,54.6,90.2
9737,-15226.9,83.6512,1.29,53.0,90.0
9738,-15263.17,59.464,1.36,55.0,89.6
9739,-15221.29,120.6914,1.34,53.6,89.7
9740,-15226.9,38.553,1.35,54.5,89.6
9741,-15234.51,120.2647,1.33,55.1,89.6
9742,-15226.9,39.3588,1.35,54.2,89.7
9743,-15226.9,28.8597,12.84,53.3,89.8
9744,-15224.39,47.955,1.28,53.0,89.7
9745,-15234.51,73.5657,1.26,53.2,89.8
9746,-15234.51,50.1609,1.25,53.9,89.8
9747,-15299.97,86.573,1.22,53.3,89.7
9748,-15266.5,162.7795,1.28,53.0,89.8
9749,-15273.33,82.9649,1.32,52.2,89.7
9750,-15224.39,85.4044,1.32,54.0,89.6
9751,-15205.89,332.8224,1.3,54.1,89.7
9752,-15224.39,102.1565,1.32,54.2,89.7
9753,-15268.16,151.9742,1.32,55.2,89.8
9754,-15224.39,61.3517,1.33,53.1,89.8
9755,-15245.94,58.7567,1.29,54.4,89.9
9756,-15224.39,70.9033,1.34,54.2,89.9
9757,-15226.9,45.3223,1.33,52.6,89.8
9758,-15263.17,205.3889,1.33,53.2,89.7
9759,-15290.48,193.7942,1.32,54.2,89.8
9760,-15263.17,96.9512,1.32,54.0,89.9
9761,-15224.39,110.9152,1.37,53.5,90.0
9762,-15190.2,138.8684,1.47,52.6,90.1
9763,-15224.39,90.2838,1.42,53.4,90.1
9764,-15233.59,283.0906,1.32,53.7,89.8
9765,-15224.39,35.4538,1.36,54.3,88.8
9766,-15209.18,76.8792,1.36,53.9,88.8
9767,-15209.18,49.9345,1.32,54.8,89.0
9768,-15265.31,184.7399,1.33,55.0,89.1
9769,-15233.59,116.1568,1.39,53.6,88.7
9770,-15242.01,64.8329,1.39,54.9,88.7
9771,-15268.37,116.0589,1.33,54.0,88.6
9772,-15257.65,194.8779,1.34,55.2,88.7
9773,-15251.68,236.196,1.39,55.3,88.8
9774,-15251.68,169.7433,1.39,53.8,88.8
9775,-15274.53,192.5101,1.29,54.0,88.8
9776,-15269.73,206.8283,1.31,54.0,88.9
9777,-15251.68,52.9558,1.39,55.5,88.8
9778,-15254.11,52.0694,1.39,53.0,88.9
9779,-15251.17,162.0039,1.36,55.1,88.9
9780,-15266.45,194.8167,1.35,55.0,88.9
9781,-15303.96,150.8095,1.42,54.8,89.0
9782,-15303.96,120.3226,1.33,54.5,89.0
9783,-15253.98,222.0006,1.32,54.2,89.0
9784,-15297.77,284.0463,1.3,54.7,89.1
9785,-15264.61,103.3499,1.32,53.9,89.0
9786,-15249.64,64.5712,1.34,54.4,88.9
9787,-15218.74,152.3849,1.31,54.1,89.0
9788,-15254.8,218.9663,1.31,54.5,89.1
9789,-15271.98,212.9194,1.34,54.3,89.1
9790,-15218.74,208.6407,1.36,54.2,89.1
9791,-15283.0,59.9494,1.31,53.6,89.1
9792,-15215.47,394.2676,1.28,54.4,89.2
9793,-15221.16,81.9431,1.31,54.3,89.1
9794,-15255.49,108.0332,1.29,54.1,89.1
9795,-15271.98,263.0959,1.25,53.1,89.1
9796,-15218.74,102.2921,40.84,53.1,89.3
9797,-15195.07,120.0016,1.22,53.5,89.3
9798,-15255.49,99.0646,1.25,53.5,89.3
9799,-15324.19,932.0248,1.31,51.6,89.4
9800,-15249.64,80.0998,1.28,53.8,89.3
9801,-15324.38,192.3811,1.28,54.4,89.4
9802,-15315.05,84.7911,1.33,54.9,89.4
9803,-15208.27,763.8444,1.32,54.3,89.4
9804,-15249.27,465.9214,1.29,54.5,89.4
9805,-15218.74,413.8961,1.26,52.8,89.5
9806,-15255.49,50.093,1.34,52.8,89.4
9807,-15218.74,165.2968,1.35,51.1,89.5
9808,-15218.74,129.6698,1.36,54.3,89.5
9809,-15261.56,72.755,1.31,53.8,89.5
9810,-15195.07,251.6558,1.35,53.7,89.6
9811,-15255.49,99.8957,1.34,53.6,89.6
9812,-15271.98,162.0647,1.34,53.0,89.8
9813,-15228.86,266.4707,1.3,53.0,89.8
9814,-15195.07,133.0636,1.28,54.0,89.6
9815,-15227.36,24.0537,1.3,54.5,89.7
9816,-15218.74,63.2875,1.31,53.6,89.7
9817,-15244.77,74.9195,1.27,54.2,89.8
9818,-15255.49,96.6544,1.34,54.7,89.8
9819,-15240.64,194.8228,1.38,53.3,89.7
9820,-15301.44,722.2129,1.38,54.4,89.8
9821,-15182.4,340.144,1.38,54.0,89.9
9822,-15194.74,158.215,1.33,54.6,89.9
9823,-15218.89,236.7366,1.41,54.6,90.0
9824,-15218.89,159.7393,1.46,54.9,90.0
9825,-15218.89,98.6559,1.44,52.8,89.9
9826,-15324.87,321.4033,1.31,54.1,89.8
9827,-15283.84,208.4802,1.37,53.9,89.9
9828,-15233.42,239.7237,1.33,54.3,89.9
9829,-15214.33,195.9626,1.3,54.1,90.0
9830,-15199.61,128.6416,1.28,54.1,89.9
9831,-15217.18,227.7707,1.34,54.6,90.0
9832,-15327.26,1079.9954,1.34,54.0,89.9
9833,-15233.34,195.0633,1.3,53.5,90.0
9834,-15241.36,481.3287,1.33,54.2,90.0
9835,-15241.36,411.6058,1.37,54.8,90.1
9836,-15193.88,214.4514,1.37,53.7,89.9
9837,-15238.31,247.8983,1.31,53.8,90.1
9838,-15209.83,129.0672,1.31,54.1,90.1
9839,-15270.63,91.3193,1.29,55.0,90.1
9840,-15205.34,172.2981,1.3,53.9,90.2
9841,-15205.34,172.8175,1.32,53.1,90.2
9842,-15186.29,225.7568,1.3,54.5,90.2
9843,-15241.16,165.3483,1.35,54.5,90.2
9844,-15199.95,122.7263,1.33,53.9,90.2
9845,-15211.11,91.8561,1.32,53.9,90.2
9846,-15215.73,159.9126,1.26,53.8,90.2
9847,-15190.77,219.407,1.3,52.1,90.1
9848,-15239.59,81.7974,1.26,53.7,90.2
9849,-15239.59,58.4118,1.25,52.7,90.2
9850,-15255.49,38.4302,1.27,53.5,90.2
9851,-15275.91,48.2948,1.31,53.0,90.2
9852,-15251.95,73.8216,1.28,52.5,90.2
9853,-15255.49,33.5997,1.27,53.7,90.2
9854,-15251.24,64.9277,8.01,52.4,90.0
9855,-15248.45,135.2614,1.27,52.9,89.9
9856,-15255.49,17.9445,1.33,55.2,90.0
9857,-15255.49,11.8391,1.35,53.4,89.9
9858,-15248.45,162.1776,1.34,54.0,90.1
9859,-15298.59,286.8663,1.27,54.7,90.0
9860,-15255.23,159.4069,1.42,52.8,89.9
9861,-15292.93,102.4142,1.44,50.9,89.8
9862,-15320.28,179.1249,1.43,52.7,89.8
9863,-15279.61,198.5352,1.33,53.4,89.8
9864,-15267.64,159.1226,1.39,54.6,89.9
9865,-15328.73,409.3541,1.38,54.6,89.9
9866,-15272.04,53.3898,1.3,54.1,89.8
9867,-15304.54,196.6538,1.28,54.4,89.9
9868,-15284.03,116.9999,1.35,54.7,89.9
9869,-15344.86,281.9604,1.37,54.9,90.1
9870,-15301.03,225.3864,1.33,54.7,90.1
9871,-15257.5,161.1107,1.36,55.3,90.2
9872,-15284.03,261.2086,1.45,54.2,90.1
9873,-15275.53,481.7927,1.44,54.2,90.2
9874,-15301.03,171.5207,1.38,53.5,90.3
9875,-15270.99,158.6479,1.31,54.5,90.3
9876,-15334.32,359.5956,1.35,54.9,90.3
9877,-15284.03,72.5608,1.34,55.0,90.3
9878,-15284.03,51.3078,1.28,54.5,90.4
9879,-15218.4,150.6356,1.32,54.0,90.4
9880,-15290.34,227.132,1.37,54.3,90.5
9881,-15252.17,159.468,1.37,54.5,89.3
9882,-15290.34,93.855,1.32,54.1,88.9
9883,-15306.19,46.8314,1.32,55.1,88.9
9884,-15248.9,260.406,1.38,55.0,89.0
9885,-15241.89,269.9984,1.37,54.3,89.1
9886,-15221.04,101.4303,1.31,55.6,89.2
9887,-15288.01,493.2871,1.33,53.5,89.2
9888,-15333.85,800.3462,1.38,54.5,89.1
9889,-15354.41,380.9313,1.42,55.0,89.1
9890,-15226.63,568.0321,1.35,54.6,89.2
9891,-15290.52,239.629,1.37,55.5,89.3
9892,-15304.52,71.2086,1.44,54.7,89.3
9893,-15296.1,71.3144,1.42,53.8,89.3
9894,-15317.37,361.1397,1.37,54.4,89.3
9895,-15296.1,37.7943,1.31,53.9,89.4
9896,-15158.7,704.718,1.33,54.7,89.3
9897,-15284.03,561.7567,1.3,54.5,89.4
9898,-15290.52,54.6318,1.28,54.0,89.5
9899,-15255.77,74.2845,1.35,53.9,89.3
9900,-15314.13,286.0114,1.41,56.3,89.5
9901,-15297.9,217.1703,1.44,54.8,89.5
9902,-15272.76,150.7757,1.38,54.7,89.6
9903,-15226.63,257.458,1.39,53.4,89.6
9904,-15314.13,270.9739,1.37,54.7,89.6
9905,-15242.64,415.0319,1.43,54.2,89.7
9906,-15334.5,227.2902,1.35,54.5,89.6
9907,-15296.1,191.9037,1.28,53.9,89.7
9908,-15233.76,298.1377,1.31,55.3,89.7
9909,-15220.84,156.8778,1.31,55.3,89.8
9910,-15351.23,713.4718,1.32,54.4,89.7
9911,-15275.74,174.8635,1.39,53.3,90.6
9912,-15302.4,297.2526,1.36,53.6,90.7
9913,-15246.61,306.3153,1.37,54.7,90.7
9914,-15306.19,57.931,1.34,50.9,90.4
9915,-15226.63,174.9063,1.35,53.1,90.5
9916,-15319.44,514.4896,1.32,53.7,90.5
9917,-15303.18,249.1281,1.37,54.1,90.6
9918,-15250.12,61.5443,1.3,53.9,90.6
9919,-15241.89,133.6172,1.25,52.9,90.5
9920,-15267.94,124.5023,1.29,54.0,90.6
9921,-15296.1,84.2252,1.31,52.1,90.3
9922,-15296.1,59.3434,1.33,53.9,90.4
9923,-15245.24,86.821,1.33,54.6,90.4
9924,-15192.8,125.8424,1.34,54.1,90.5
9925,-15170.25,83.5637,1.36,54.5,90.5
9926,-15243.63,191.716,1.41,52.5,90.5
9927,-15180.9,107.9391,1.43,54.3,90.5
9928,-15192.8,55.7224,1.29,54.5,90.5
9929,-15159.4,134.4295,1.35,54.1,90.6
9930,-15191.72,98.2546,1.36,55.1,90.7
9931,-15181.5,66.4609,1.28,53.5,90.8
9932,-15199.95,80.4435,1.27,55.0,90.6
9933,-15199.95,59.6964,1.37,54.7,90.7
9934,-15238.31,333.529,1.44,54.5,90.8
9935,-15179.22,93.3091,1.38,55.2,90.7
9936,-15248.17,204.8942,1.38,53.9,90.8
9937,-15240.39,131.1654,1.43,54.5,90.9
9938,-15199.95,248.8648,1.45,52.6,90.8
9939,-15199.95,230.3608,1.37,53.8,90.9
9940,-15243.34,101.6421,1.3,54.2,90.9
9941,-15177.99,102.526,1.32,53.5,90.9
9942,-15243.63,165.9903,1.33,54.3,90.9
9943,-15193.03,49.7959,1.28,54.3,91.0
9944,-15192.8,71.3419,1.32,54.6,91.0
9945,-15252.84,356.3918,1.41,54.8,91.1
9946,-15205.18,81.633,1.41,54.2,91.2
9947,-15189.48,60.6028,1.41,54.3,91.3
9948,-15189.48,40.8697,1.38,53.9,91.2
9949,-15189.48,23.1405,1.36,54.2,91.2
9950,-15285.54,158.0921,1.37,54.1,91.3
9951,-15290.52,127.9666,1.31,53.4,91.3
9952,-15288.01,247.1651,1.27,53.2,91.3
9953,-15294.49,557.8666,1.27,54.3,91.4
9954,-15228.65,238.6217,1.31,54.3,91.4
9955,-14545.17,38307.3623,1.25,54.1,91.4
9956,-14393.64,37852.8623,1.26,53.5,91.4
9957,-15201.75,1144.6092,1.31,54.0,91.4
9958,-14445.59,34177.2217,1.31,52.8,91.2
9959,-14470.76,31368.2612,1.32,55.4,91.3
9960,-14471.42,31274.0679,1.31,54.0,91.4
9961,-14393.64,27578.9619,1.29,54.6,91.5
9962,-14471.42,24291.917,1.32,54.6,91.4
9963,-15220.84,18653.2075,1.38,54.4,91.6
9964,-15276.77,16997.3511,1.28,53.5,91.4
9965,-15354.86,13142.8235,1.38,54.8,91.6
9966,-15317.37,10096.634,1.39,53.4,91.5
9967,-15317.37,6227.9392,1.41,54.3,91.5
9968,-15355.19,4836.3771,1.33,54.2,91.6
9969,-15384.33,3967.6648,1.36,55.4,91.7
9970,-14555.15,42564.1885,1.33,55.4,91.7
9971,-14518.52,39979.7256,1.31,54.0,91.6
9972,-14548.96,34999.6035,1.22,54.1,91.6
9973,-14485.02,36819.7676,1.28,54.7,91.7
9974,-14513.47,31652.5703,1.3,54.4,91.8
9975,-14425.86,29789.5518,1.29,53.7,91.9
9976,-14381.52,25873.2583,1.36,54.4,92.0
9977,-14471.42,26393.4424,1.39,53.8,91.0
9978,-15350.89,14411.0059,1.35,52.9,91.0
9979,-15302.4,13005.5305,1.29,55.1,91.0
9980,-15373.24,12384.1499,1.31,53.8,91.1
9981,-15314.13,8015.3362,1.3,54.2,91.1
9982,-15355.19,6904.2404,1.23,53.5,91.1
9983,-14572.38,27458.0151,1.25,53.2,91.2
9984,-15257.4,3025.926,1.32,53.6,91.2
9985,-14483.2,29861.9893,1.32,54.8,91.1
9986,-14507.03,28277.793,1.28,53.8,91.2
9987,-14521.89,26486.2964,1.31,52.7,91.3
9988,-15339.78,5215.4795,1.36,54.7,91.3
9989,-15363.42,4809.3209,1.42,53.0,91.3
9990,-15292.31,4312.9992,1.4,54.3,91.4
9991,-15394.62,3402.5789,1.28,54.1,91.4
9992,-14527.56,28274.3359,1.32,53.8,91.3
9993,-14520.16,31185.9268,1.32,53.6,91.4
9994,-14537.82,28127.4717,1.27,54.0,91.5
9995,-14522.33,26378.1582,1.32,54.5,91.5
9996,-15360.9,4718.5632,1.37,54.6,91.5
9997,-14542.44,25234.9014,1.34,53.6,91.6
9998,-14607.85,22190.8242,1.21,54.4,91.7
9999,-14523.15,20860.4692,1.28,54.6,91.6
10000,-15368.21,10813.7507,1.32,54.0,91.5
