<?xml version="1.0" encoding="UTF-8"?>
<osm version="0.6" generator="openstreetmap-cgimap 2.1.0 (1494300 spike-06.openstreetmap.org)" copyright="OpenStreetMap and contributors" attribution="http://www.openstreetmap.org/copyright" license="http://opendatacommons.org/licenses/odbl/1-0/">
 <bounds minlat="19.7780500" minlon="105.7716000" maxlat="19.8007500" maxlon="105.7817700"/>
 <node id="448864459" visible="true" version="4" changeset="142292390" timestamp="2023-10-08T06:53:23Z" user="vietnam321" uid="11196308" lat="19.7995159" lon="105.7687260"/>
 <node id="480669433" visible="true" version="2" changeset="166853480" timestamp="2025-05-28T05:55:42Z" user="ZioDragon" uid="13799024" lat="19.7648294" lon="105.7769732"/>
 <node id="480669435" visible="true" version="3" changeset="166853480" timestamp="2025-05-28T05:55:42Z" user="ZioDragon" uid="13799024" lat="19.7700636" lon="105.7760634"/>
 <node id="480669438" visible="true" version="2" changeset="104554289" timestamp="2021-05-12T07:39:14Z" user="ionut_radu" uid="10664319" lat="19.7724448" lon="105.7756891"/>
 <node id="480669440" visible="true" version="3" changeset="166853480" timestamp="2025-05-28T05:55:42Z" user="ZioDragon" uid="13799024" lat="19.7750668" lon="105.7753945"/>
 <node id="480669442" visible="true" version="5" changeset="166853480" timestamp="2025-05-28T05:55:42Z" user="ZioDragon" uid="13799024" lat="19.7876524" lon="105.7770650"/>
 <node id="480669447" visible="true" version="5" changeset="166853480" timestamp="2025-05-28T05:55:42Z" user="ZioDragon" uid="13799024" lat="19.7903941" lon="105.7771559"/>
 <node id="480669452" visible="true" version="2" changeset="166853480" timestamp="2025-05-28T05:55:42Z" user="ZioDragon" uid="13799024" lat="19.8028398" lon="105.7762864"/>
 <node id="619703509" visible="true" version="4" changeset="166853480" timestamp="2025-05-28T05:55:42Z" user="ZioDragon" uid="13799024" lat="19.8035451" lon="105.7762827"/>
 <node id="1683863378" visible="true" version="3" changeset="166853480" timestamp="2025-05-28T05:55:42Z" user="ZioDragon" uid="13799024" lat="19.7648072" lon="105.7768104"/>
 <node id="1683863381" visible="true" version="4" changeset="166853480" timestamp="2025-05-28T05:55:42Z" user="ZioDragon" uid="13799024" lat="19.7700277" lon="105.7759034"/>
 <node id="1683863384" visible="true" version="4" changeset="166853480" timestamp="2025-05-28T05:55:42Z" user="ZioDragon" uid="13799024" lat="19.7717825" lon="105.7756296"/>
 <node id="1683863388" visible="true" version="4" changeset="166853480" timestamp="2025-05-28T05:55:42Z" user="ZioDragon" uid="13799024" lat="19.7751750" lon="105.7752435"/>
 <node id="1683863413" visible="true" version="4" changeset="117845494" timestamp="2022-02-25T11:26:15Z" user="gojala_n" uid="13528338" lat="19.7820304" lon="105.7745906"/>
 <node id="1683863417" visible="true" version="3" changeset="117845494" timestamp="2022-02-25T11:26:15Z" user="gojala_n" uid="13528338" lat="19.7823726" lon="105.7749767"/>
 <node id="1683863430" visible="true" version="4" changeset="166853480" timestamp="2025-05-28T05:55:42Z" user="ZioDragon" uid="13799024" lat="19.7828172" lon="105.7764261"/>
 <node id="1683863434" visible="true" version="5" changeset="166853480" timestamp="2025-05-28T05:55:42Z" user="ZioDragon" uid="13799024" lat="19.7881154" lon="105.7769662"/>
 <node id="1683863437" visible="true" version="5" changeset="91242464" timestamp="2020-09-21T17:27:39Z" user="VLD155" uid="10456863" lat="19.7891259" lon="105.7770579"/>
 <node id="1683863439" visible="true" version="4" changeset="166853480" timestamp="2025-05-28T05:55:42Z" user="ZioDragon" uid="13799024" lat="19.7890715" lon="105.7772130"/>
 <node id="1683863442" visible="true" version="5" changeset="166853480" timestamp="2025-05-28T05:55:42Z" user="ZioDragon" uid="13799024" lat="19.7903863" lon="105.7769924"/>
 <node id="1683863457" visible="true" version="2" changeset="103423788" timestamp="2021-04-22T15:48:29Z" user="siddi_s" uid="11659604" lat="19.7985198" lon="105.7727998"/>
 <node id="1683863462" visible="true" version="1" changeset="11045718" timestamp="2012-03-20T21:07:04Z" user="tuannam_th" uid="630801" lat="19.7985500" lon="105.7772750"/>
 <node id="1683863513" visible="true" version="4" changeset="106447281" timestamp="2021-06-16T07:45:23Z" user="isha01" uid="11659048" lat="19.7995047" lon="105.7782149"/>
 <node id="1683863516" visible="true" version="2" changeset="53435031" timestamp="2017-11-01T20:59:43Z" user="okilimu" uid="212111" lat="19.7995558" lon="105.7773465"/>
 <node id="1683863519" visible="true" version="4" changeset="166853480" timestamp="2025-05-28T05:55:42Z" user="ZioDragon" uid="13799024" lat="19.7996184" lon="105.7764739"/>
 <node id="1683863522" visible="true" version="5" changeset="166853480" timestamp="2025-05-28T05:55:42Z" user="ZioDragon" uid="13799024" lat="19.7996098" lon="105.7763105"/>
 <node id="1683863588" visible="true" version="3" changeset="161511812" timestamp="2025-01-19T02:39:35Z" user="vietnam321" uid="11196308" lat="19.7999408" lon="105.7718715"/>
 <node id="1683863594" visible="true" version="5" changeset="161511812" timestamp="2025-01-19T02:39:35Z" user="vietnam321" uid="11196308" lat="19.8008463" lon="105.7709888"/>
 <node id="1683863613" visible="true" version="2" changeset="53435031" timestamp="2017-11-01T20:59:43Z" user="okilimu" uid="212111" lat="19.8012112" lon="105.7784789"/>
 <node id="1683863614" visible="true" version="2" changeset="58727161" timestamp="2018-05-06T11:02:49Z" user="Sal73x" uid="1293386" lat="19.8012596" lon="105.7775285"/>
 <node id="1683863615" visible="true" version="3" changeset="166853480" timestamp="2025-05-28T05:55:42Z" user="ZioDragon" uid="13799024" lat="19.8012674" lon="105.7763737"/>
 <node id="1683863616" visible="true" version="5" changeset="166853480" timestamp="2025-05-28T05:55:42Z" user="ZioDragon" uid="13799024" lat="19.8012566" lon="105.7762104"/>
 <node id="1683863632" visible="true" version="3" changeset="166853480" timestamp="2025-05-28T05:55:42Z" user="ZioDragon" uid="13799024" lat="19.8028374" lon="105.7761227"/>
 <node id="1683863642" visible="true" version="2" changeset="53435031" timestamp="2017-11-01T20:59:43Z" user="okilimu" uid="212111" lat="19.8034636" lon="105.7787898"/>
 <node id="1683863645" visible="true" version="2" changeset="53435031" timestamp="2017-11-01T20:59:43Z" user="okilimu" uid="212111" lat="19.8034947" lon="105.7777822"/>
 <node id="1683863666" visible="true" version="2" changeset="53435031" timestamp="2017-11-01T20:59:43Z" user="okilimu" uid="212111" lat="19.8040678" lon="105.7788872"/>
 <node id="1683863675" visible="true" version="2" changeset="53435031" timestamp="2017-11-01T20:59:43Z" user="okilimu" uid="212111" lat="19.8073224" lon="105.7793612"/>
 <node id="1683863695" visible="true" version="2" changeset="53435031" timestamp="2017-11-01T20:59:43Z" user="okilimu" uid="212111" lat="19.8074226" lon="105.7793710"/>
 <node id="1683863788" visible="true" version="3" changeset="114865864" timestamp="2021-12-13T04:21:36Z" user="vietnam321" uid="11196308" lat="19.8099733" lon="105.7795373"/>
 <node id="1683863952" visible="true" version="3" changeset="114865864" timestamp="2021-12-13T04:21:36Z" user="vietnam321" uid="11196308" lat="19.8129864" lon="105.7809758"/>
 <node id="1684712030" visible="true" version="3" changeset="53435031" timestamp="2017-11-01T20:59:44Z" user="okilimu" uid="212111" lat="19.7990413" lon="105.7793373"/>
 <node id="1684712046" visible="true" version="5" changeset="166853480" timestamp="2025-05-28T05:55:42Z" user="ZioDragon" uid="13799024" lat="19.7982541" lon="105.7763919"/>
 <node id="1684712054" visible="true" version="2" changeset="53435031" timestamp="2017-11-01T20:59:44Z" user="okilimu" uid="212111" lat="19.7982620" lon="105.7765553"/>
 <node id="1684712058" visible="true" version="2" changeset="53435031" timestamp="2017-11-01T20:59:44Z" user="okilimu" uid="212111" lat="19.7982924" lon="105.7754999"/>
 <node id="1684712066" visible="true" version="2" changeset="53435031" timestamp="2017-11-01T20:59:44Z" user="okilimu" uid="212111" lat="19.7984686" lon="105.7767472"/>
 <node id="1684712072" visible="true" version="3" changeset="103423788" timestamp="2021-04-22T15:48:29Z" user="siddi_s" uid="11659604" lat="19.7983891" lon="105.7747174"/>
 <node id="1684712081" visible="true" version="2" changeset="53435031" timestamp="2017-11-01T20:59:44Z" user="okilimu" uid="212111" lat="19.7985026" lon="105.7770076"/>
 <node id="1684712083" visible="true" version="3" changeset="117548108" timestamp="2022-02-18T06:26:43Z" user="vietnam321" uid="11196308" lat="19.7984703" lon="105.7735646"/>
 <node id="1684712089" visible="true" version="3" changeset="117548108" timestamp="2022-02-18T06:26:43Z" user="vietnam321" uid="11196308" lat="19.7986440" lon="105.7715976"/>
 <node id="1684712091" visible="true" version="1" changeset="11052546" timestamp="2012-03-21T14:11:28Z" user="tuannam_th" uid="630801" lat="19.7986269" lon="105.7774309"/>
 <node id="1684712093" visible="true" version="2" changeset="91237194" timestamp="2020-09-21T15:12:05Z" user="VLD155" uid="10456863" lat="19.7987268" lon="105.7705230"/>
 <node id="1684712094" visible="true" version="2" changeset="53435031" timestamp="2017-11-01T20:59:44Z" user="okilimu" uid="212111" lat="19.7988334" lon="105.7777716"/>
 <node id="1684712097" visible="true" version="3" changeset="142292390" timestamp="2023-10-08T06:53:23Z" user="vietnam321" uid="11196308" lat="19.7988931" lon="105.7695823"/>
 <node id="1684712101" visible="true" version="1" changeset="11052546" timestamp="2012-03-21T14:11:28Z" user="tuannam_th" uid="630801" lat="19.7990360" lon="105.7717810"/>
 <node id="1684712112" visible="true" version="2" changeset="53435031" timestamp="2017-11-01T20:59:44Z" user="okilimu" uid="212111" lat="19.7990697" lon="105.7780802"/>
 <node id="1684712114" visible="true" version="1" changeset="11052546" timestamp="2012-03-21T14:11:28Z" user="tuannam_th" uid="630801" lat="19.7991538" lon="105.7705856"/>
 <node id="1684712116" visible="true" version="3" changeset="106447281" timestamp="2021-06-16T07:45:23Z" user="isha01" uid="11659048" lat="19.7994375" lon="105.7781994"/>
 <node id="1684712124" visible="true" version="3" changeset="64085533" timestamp="2018-11-01T16:34:06Z" user="Sal73x" uid="1293386" lat="19.7997306" lon="105.7791582"/>
 <node id="1684712126" visible="true" version="4" changeset="161511812" timestamp="2025-01-19T02:39:35Z" user="vietnam321" uid="11196308" lat="19.7998270" lon="105.7736941"/>
 <node id="1684712128" visible="true" version="5" changeset="142292390" timestamp="2023-10-08T06:53:23Z" user="vietnam321" uid="11196308" lat="19.8004086" lon="105.7675010"/>
 <node id="1684712142" visible="true" version="3" changeset="161511812" timestamp="2025-01-19T02:39:35Z" user="vietnam321" uid="11196308" lat="19.8002305" lon="105.7718967"/>
 <node id="1684712172" visible="true" version="3" changeset="103447168" timestamp="2021-04-23T04:09:09Z" user="siddi_s" uid="11659604" lat="19.8011467" lon="105.7792464"/>
 <node id="1684712198" visible="true" version="3" changeset="117548108" timestamp="2022-02-18T06:26:43Z" user="vietnam321" uid="11196308" lat="19.8018796" lon="105.7785857"/>
 <node id="1684712203" visible="true" version="3" changeset="117548108" timestamp="2022-02-18T06:26:43Z" user="vietnam321" uid="11196308" lat="19.8019843" lon="105.7776535"/>
 <node id="1684712226" visible="true" version="2" changeset="53435031" timestamp="2017-11-01T20:59:44Z" user="okilimu" uid="212111" lat="19.8034433" lon="105.7793575"/>
 <node id="1684712236" visible="true" version="2" changeset="53435031" timestamp="2017-11-01T20:59:44Z" user="okilimu" uid="212111" lat="19.8039429" lon="105.7794102"/>
 <node id="1684712249" visible="true" version="2" changeset="53435031" timestamp="2017-11-01T20:59:45Z" user="okilimu" uid="212111" lat="19.8049272" lon="105.7789990"/>
 <node id="1684712276" visible="true" version="2" changeset="53435031" timestamp="2017-11-01T20:59:45Z" user="okilimu" uid="212111" lat="19.8062552" lon="105.7791851"/>
 <node id="1684712359" visible="true" version="2" changeset="58727161" timestamp="2018-05-06T11:02:49Z" user="Sal73x" uid="1293386" lat="19.8086874" lon="105.7794933"/>
 <node id="1684712814" visible="true" version="3" changeset="114865864" timestamp="2021-12-13T04:21:36Z" user="vietnam321" uid="11196308" lat="19.8125052" lon="105.7807452"/>
 <node id="1684712972" visible="true" version="3" changeset="114865864" timestamp="2021-12-13T04:21:36Z" user="vietnam321" uid="11196308" lat="19.8140356" lon="105.7811616"/>
 <node id="1725628353" visible="true" version="2" changeset="31248470" timestamp="2015-05-18T09:11:22Z" user="Kyle_White" uid="2143844" lat="19.7975041" lon="105.7762340">
  <tag k="name" v="Thanh Hoa Hotel"/>
  <tag k="tourism" v="hotel"/>
 </node>
 <node id="2507108120" visible="true" version="3" changeset="64085533" timestamp="2018-11-01T16:34:06Z" user="Sal73x" uid="1293386" lat="19.7999884" lon="105.7783093"/>
 <node id="2507108122" visible="true" version="2" changeset="53435031" timestamp="2017-11-01T20:59:46Z" user="okilimu" uid="212111" lat="19.7998872" lon="105.7790886"/>
 <node id="2507108124" visible="true" version="2" changeset="53435031" timestamp="2017-11-01T20:59:46Z" user="okilimu" uid="212111" lat="19.7994893" lon="105.7792623"/>
 <node id="2507108127" visible="true" version="2" changeset="53435031" timestamp="2017-11-01T20:59:46Z" user="okilimu" uid="212111" lat="19.7969996" lon="105.7795104"/>
 <node id="2507108129" visible="true" version="3" changeset="166853480" timestamp="2025-05-28T05:55:42Z" user="ZioDragon" uid="13799024" lat="19.7967766" lon="105.7766753"/>
 <node id="2507108131" visible="true" version="2" changeset="53435031" timestamp="2017-11-01T20:59:46Z" user="okilimu" uid="212111" lat="19.7995781" lon="105.7769998"/>
 <node id="2507179388" visible="true" version="2" changeset="46472647" timestamp="2017-02-28T17:06:30Z" user="katpatuka" uid="17497" lat="19.7773767" lon="105.7716354"/>
 <node id="3525248964" visible="true" version="1" changeset="31248470" timestamp="2015-05-18T09:15:12Z" user="Kyle_White" uid="2143844" lat="19.7825471" lon="105.7778439">
  <tag k="name" v="Muong Thanh Thanh Hoa Hotel"/>
  <tag k="tourism" v="hotel"/>
 </node>
 <node id="3777883128" visible="true" version="3" changeset="114865864" timestamp="2021-12-13T04:21:36Z" user="vietnam321" uid="11196308" lat="19.8117439" lon="105.7803745"/>
 <node id="4141152591" visible="true" version="3" changeset="147710593" timestamp="2024-02-20T22:23:38Z" user="Tommybara" uid="12198525" lat="19.7911179" lon="105.7719281">
  <tag k="ele" v="104"/>
  <tag k="name" v="Núi Mật Sơn"/>
  <tag k="natural" v="peak"/>
 </node>
 <node id="4486825289" visible="true" version="4" changeset="175832963" timestamp="2025-12-12T07:36:47Z" user="市川ゆり子" uid="388809" lat="19.7824223" lon="105.7752101">
  <tag k="addr:housenumber" v="52"/>
  <tag k="addr:postcode" v="45000"/>
  <tag k="addr:street" v="QL 45"/>
  <tag k="amenity" v="pharmacy"/>
  <tag k="email" v="minhlongnhathuoc@gmail.com"/>
  <tag k="name" v="nhà thuốc Minh Long"/>
  <tag k="name:en" v="Drugstore Minh Long"/>
  <tag k="name:ja-Kana" v="ドラッグストアミンロン"/>
  <tag k="name:th" v="ร้านขายยามินห์ยาว"/>
  <tag k="name:vi-Hani" v="家藥明隆"/>
  <tag k="name:zh-Hant" v="明隆藥店"/>
  <tag k="opening_hours" v="24/7"/>
  <tag k="operator" v="Phạm Văn Dương"/>
  <tag k="phone" v="84373758768"/>
  <tag k="website" v="https://nhathuocminhlong.wevina.vn/"/>
 </node>
 <node id="4500922489" visible="true" version="3" changeset="151135128" timestamp="2024-05-10T09:19:09Z" user="Lepuse" uid="9560399" lat="19.7785340" lon="105.7726419">
  <tag k="addr:housenumber" v="218"/>
  <tag k="addr:postcode" v="45000"/>
  <tag k="addr:street" v="QL 45"/>
  <tag k="amenity" v="pharmacy"/>
  <tag k="email" v="nhathuocminhlong6@gmail.com"/>
  <tag k="name" v="nhà thuốc Minh Long 6"/>
  <tag k="name:be" v="аптеки"/>
  <tag k="name:en" v="Pharmacy Minh Long 6"/>
  <tag k="name:fr" v="pharmacies"/>
  <tag k="name:ja" v="明隆薬局"/>
  <tag k="name:ko" v="명융약국"/>
  <tag k="name:th" v="ร้านขายยา"/>
  <tag k="name:vi" v="nhà thuốc Minh Long 6"/>
  <tag k="name:vi-Hani" v="家藥明隆"/>
  <tag k="name:zh-Hant" v="明隆藥店"/>
  <tag k="opening_hours" v="24/7"/>
  <tag k="operator" v="Phạm Văn Dương"/>
  <tag k="phone" v="84373855286"/>
 </node>
 <node id="4688418095" visible="true" version="1" changeset="46131818" timestamp="2017-02-16T09:37:52Z" user="Danni-Elle Wallace" uid="5108066" lat="19.7983317" lon="105.7761950">
  <tag k="internet_access" v="wlan"/>
  <tag k="name" v="Nha Nghi"/>
  <tag k="name:vi" v="Nha Nghi"/>
  <tag k="tourism" v="guest_house"/>
 </node>
 <node id="4710258798" visible="true" version="2" changeset="91247836" timestamp="2020-09-21T19:59:52Z" user="VLD155" uid="10456863" lat="19.7706214" lon="105.7673518"/>
 <node id="4710258852" visible="true" version="2" changeset="91247836" timestamp="2020-09-21T19:59:52Z" user="VLD155" uid="10456863" lat="19.7731140" lon="105.7684624"/>
 <node id="4710258861" visible="true" version="1" changeset="46472647" timestamp="2017-02-28T17:05:51Z" user="katpatuka" uid="17497" lat="19.7734029" lon="105.7686495"/>
 <node id="4710258868" visible="true" version="1" changeset="46472647" timestamp="2017-02-28T17:05:51Z" user="katpatuka" uid="17497" lat="19.7739755" lon="105.7691391"/>
 <node id="4710258872" visible="true" version="2" changeset="166853480" timestamp="2025-05-28T05:55:42Z" user="ZioDragon" uid="13799024" lat="19.7742148" lon="105.7754401"/>
 <node id="4710258878" visible="true" version="2" changeset="101988287" timestamp="2021-03-30T13:11:52Z" user="rat_lorand_grab" uid="10678755" lat="19.7750099" lon="105.7700265"/>
 <node id="4710258893" visible="true" version="1" changeset="46472647" timestamp="2017-02-28T17:05:51Z" user="katpatuka" uid="17497" lat="19.7799186" lon="105.7732376"/>
 <node id="4710258902" visible="true" version="2" changeset="117845494" timestamp="2022-02-25T11:26:15Z" user="gojala_n" uid="13528338" lat="19.7825408" lon="105.7755289"/>
 <node id="4710258927" visible="true" version="2" changeset="46499535" timestamp="2017-03-01T17:22:04Z" user="katpatuka" uid="17497" lat="19.7914401" lon="105.7553458"/>
 <node id="4712021607" visible="true" version="1" changeset="46499535" timestamp="2017-03-01T17:21:22Z" user="katpatuka" uid="17497" lat="19.7900016" lon="105.7700800"/>
 <node id="4712021609" visible="true" version="1" changeset="46499535" timestamp="2017-03-01T17:21:22Z" user="katpatuka" uid="17497" lat="19.7900542" lon="105.7833272"/>
 <node id="4712021613" visible="true" version="1" changeset="46499535" timestamp="2017-03-01T17:21:22Z" user="katpatuka" uid="17497" lat="19.7902978" lon="105.7702479"/>
 <node id="4712021619" visible="true" version="2" changeset="77546315" timestamp="2019-11-25T23:29:04Z" user="Sal73x" uid="1293386" lat="19.7902403" lon="105.7834796"/>
 <node id="4712021621" visible="true" version="1" changeset="46499535" timestamp="2017-03-01T17:21:22Z" user="katpatuka" uid="17497" lat="19.7909164" lon="105.7703318"/>
 <node id="4712021623" visible="true" version="1" changeset="46499535" timestamp="2017-03-01T17:21:22Z" user="katpatuka" uid="17497" lat="19.7911336" lon="105.7702199"/>
 <node id="4712021626" visible="true" version="1" changeset="46499535" timestamp="2017-03-01T17:21:22Z" user="katpatuka" uid="17497" lat="19.7913113" lon="105.7698422"/>
 <node id="4712021627" visible="true" version="1" changeset="46499535" timestamp="2017-03-01T17:21:22Z" user="katpatuka" uid="17497" lat="19.7913178" lon="105.7673453"/>
 <node id="4712021629" visible="true" version="1" changeset="46499535" timestamp="2017-03-01T17:21:22Z" user="katpatuka" uid="17497" lat="19.7914495" lon="105.7661283"/>
 <node id="4712021630" visible="true" version="1" changeset="46499535" timestamp="2017-03-01T17:21:22Z" user="katpatuka" uid="17497" lat="19.7914824" lon="105.7691848"/>
 <node id="4712021631" visible="true" version="1" changeset="46499535" timestamp="2017-03-01T17:21:22Z" user="katpatuka" uid="17497" lat="19.7914955" lon="105.7686462"/>
 <node id="4712021633" visible="true" version="1" changeset="46499535" timestamp="2017-03-01T17:21:22Z" user="katpatuka" uid="17497" lat="19.7915275" lon="105.7555494"/>
 <node id="4712021638" visible="true" version="1" changeset="46499535" timestamp="2017-03-01T17:21:22Z" user="katpatuka" uid="17497" lat="19.7916666" lon="105.7632396"/>
 <node id="4712021645" visible="true" version="1" changeset="46499535" timestamp="2017-03-01T17:21:23Z" user="katpatuka" uid="17497" lat="19.7918443" lon="105.7595397"/>
 <node id="4712021646" visible="true" version="1" changeset="46499535" timestamp="2017-03-01T17:21:23Z" user="katpatuka" uid="17497" lat="19.7919101" lon="105.7557907"/>
 <node id="4712021647" visible="true" version="1" changeset="46499535" timestamp="2017-03-01T17:21:23Z" user="katpatuka" uid="17497" lat="19.7919430" lon="105.7849919"/>
 <node id="4712021648" visible="true" version="1" changeset="46499535" timestamp="2017-03-01T17:21:23Z" user="katpatuka" uid="17497" lat="19.7920286" lon="105.7577142"/>
 <node id="4712021649" visible="true" version="1" changeset="46499535" timestamp="2017-03-01T17:21:23Z" user="katpatuka" uid="17497" lat="19.7921273" lon="105.7560775"/>
 <node id="4712021650" visible="true" version="1" changeset="46499535" timestamp="2017-03-01T17:21:23Z" user="katpatuka" uid="17497" lat="19.7921405" lon="105.7570707"/>
 <node id="4712021651" visible="true" version="1" changeset="46499535" timestamp="2017-03-01T17:21:23Z" user="katpatuka" uid="17497" lat="19.7922129" lon="105.7565461"/>
 <node id="4712021652" visible="true" version="1" changeset="46499535" timestamp="2017-03-01T17:21:23Z" user="katpatuka" uid="17497" lat="19.7923774" lon="105.7856353"/>
 <node id="4712021661" visible="true" version="1" changeset="46499535" timestamp="2017-03-01T17:21:23Z" user="katpatuka" uid="17497" lat="19.7929236" lon="105.7860480"/>
 <node id="4712021672" visible="true" version="1" changeset="46499535" timestamp="2017-03-01T17:21:23Z" user="katpatuka" uid="17497" lat="19.7935752" lon="105.7861809"/>
 <node id="4712021675" visible="true" version="1" changeset="46499535" timestamp="2017-03-01T17:21:23Z" user="katpatuka" uid="17497" lat="19.7938252" lon="105.7864257"/>
 <node id="4712021676" visible="true" version="1" changeset="46499535" timestamp="2017-03-01T17:21:23Z" user="katpatuka" uid="17497" lat="19.7940227" lon="105.7869363"/>
 <node id="4712021678" visible="true" version="1" changeset="46499535" timestamp="2017-03-01T17:21:23Z" user="katpatuka" uid="17497" lat="19.7943912" lon="105.7875937"/>
 <node id="4712021685" visible="true" version="1" changeset="46499535" timestamp="2017-03-01T17:21:23Z" user="katpatuka" uid="17497" lat="19.7948058" lon="105.7878595"/>
 <node id="4712021715" visible="true" version="1" changeset="46499535" timestamp="2017-03-01T17:21:20Z" user="katpatuka" uid="17497" lat="19.7857501" lon="105.7781654"/>
 <node id="4712021716" visible="true" version="1" changeset="46499535" timestamp="2017-03-01T17:21:20Z" user="katpatuka" uid="17497" lat="19.7857830" lon="105.7784522"/>
 <node id="4712021717" visible="true" version="1" changeset="46499535" timestamp="2017-03-01T17:21:20Z" user="katpatuka" uid="17497" lat="19.7858554" lon="105.7780186"/>
 <node id="4712021718" visible="true" version="1" changeset="46499535" timestamp="2017-03-01T17:21:20Z" user="katpatuka" uid="17497" lat="19.7860462" lon="105.7789068"/>
 <node id="4712021721" visible="true" version="1" changeset="46499535" timestamp="2017-03-01T17:21:20Z" user="katpatuka" uid="17497" lat="19.7862239" lon="105.7778647"/>
 <node id="4712021723" visible="true" version="4" changeset="166853480" timestamp="2025-05-28T05:55:42Z" user="ZioDragon" uid="13799024" lat="19.7861552" lon="105.7768641"/>
 <node id="4712021724" visible="true" version="3" changeset="166853480" timestamp="2025-05-28T05:55:42Z" user="ZioDragon" uid="13799024" lat="19.7861752" lon="105.7766988"/>
 <node id="4712021725" visible="true" version="1" changeset="46499535" timestamp="2017-03-01T17:21:20Z" user="katpatuka" uid="17497" lat="19.7864740" lon="105.7776409"/>
 <node id="4712021726" visible="true" version="1" changeset="46499535" timestamp="2017-03-01T17:21:20Z" user="katpatuka" uid="17497" lat="19.7865135" lon="105.7793545"/>
 <node id="4712021728" visible="true" version="1" changeset="46499535" timestamp="2017-03-01T17:21:20Z" user="katpatuka" uid="17497" lat="19.7866912" lon="105.7773121"/>
 <node id="4712021729" visible="true" version="1" changeset="46499535" timestamp="2017-03-01T17:21:20Z" user="katpatuka" uid="17497" lat="19.7867044" lon="105.7798511"/>
 <node id="4712021730" visible="true" version="1" changeset="46499535" timestamp="2017-03-01T17:21:20Z" user="katpatuka" uid="17497" lat="19.7867373" lon="105.7802707"/>
 <node id="4712021732" visible="true" version="4" changeset="166853480" timestamp="2025-05-28T05:55:42Z" user="ZioDragon" uid="13799024" lat="19.7866068" lon="105.7769237"/>
 <node id="4712021733" visible="true" version="4" changeset="166853480" timestamp="2025-05-28T05:55:42Z" user="ZioDragon" uid="13799024" lat="19.7866781" lon="105.7767684"/>
 <node id="4712021734" visible="true" version="4" changeset="166853480" timestamp="2025-05-28T05:55:42Z" user="ZioDragon" uid="13799024" lat="19.7870363" lon="105.7768157"/>
 <node id="4712021735" visible="true" version="5" changeset="166853480" timestamp="2025-05-28T05:55:42Z" user="ZioDragon" uid="13799024" lat="19.7869737" lon="105.7769720"/>
 <node id="4712021736" visible="true" version="1" changeset="46499535" timestamp="2017-03-01T17:21:20Z" user="katpatuka" uid="17497" lat="19.7871322" lon="105.7765428"/>
 <node id="4712021737" visible="true" version="1" changeset="46499535" timestamp="2017-03-01T17:21:20Z" user="katpatuka" uid="17497" lat="19.7873494" lon="105.7812569"/>
 <node id="4712021739" visible="true" version="3" changeset="166853480" timestamp="2025-05-28T05:55:42Z" user="ZioDragon" uid="13799024" lat="19.7876665" lon="105.7769021"/>
 <node id="4712021740" visible="true" version="1" changeset="46499535" timestamp="2017-03-01T17:21:20Z" user="katpatuka" uid="17497" lat="19.7874941" lon="105.7761651"/>
 <node id="4712021741" visible="true" version="1" changeset="46499535" timestamp="2017-03-01T17:21:20Z" user="katpatuka" uid="17497" lat="19.7878364" lon="105.7714160"/>
 <node id="4712021742" visible="true" version="1" changeset="46499535" timestamp="2017-03-01T17:21:20Z" user="katpatuka" uid="17497" lat="19.7878364" lon="105.7759552"/>
 <node id="4712021743" visible="true" version="1" changeset="46499535" timestamp="2017-03-01T17:21:20Z" user="katpatuka" uid="17497" lat="19.7878627" lon="105.7717377"/>
 <node id="4712021744" visible="true" version="1" changeset="46499535" timestamp="2017-03-01T17:21:20Z" user="katpatuka" uid="17497" lat="19.7879483" lon="105.7710872"/>
 <node id="4712021745" visible="true" version="1" changeset="46499535" timestamp="2017-03-01T17:21:20Z" user="katpatuka" uid="17497" lat="19.7880272" lon="105.7719265"/>
 <node id="4712021746" visible="true" version="1" changeset="46499535" timestamp="2017-03-01T17:21:20Z" user="katpatuka" uid="17497" lat="19.7882049" lon="105.7708844"/>
 <node id="4712021747" visible="true" version="1" changeset="46499535" timestamp="2017-03-01T17:21:20Z" user="katpatuka" uid="17497" lat="19.7883300" lon="105.7817885"/>
 <node id="4712021748" visible="true" version="2" changeset="91242464" timestamp="2020-09-21T17:27:39Z" user="VLD155" uid="10456863" lat="19.7883559" lon="105.7756842"/>
 <node id="4712021750" visible="true" version="1" changeset="46499535" timestamp="2017-03-01T17:21:21Z" user="katpatuka" uid="17497" lat="19.7884879" lon="105.7722273"/>
 <node id="4712021751" visible="true" version="1" changeset="46499535" timestamp="2017-03-01T17:21:21Z" user="katpatuka" uid="17497" lat="19.7885471" lon="105.7702199"/>
 <node id="4712021752" visible="true" version="2" changeset="91242464" timestamp="2020-09-21T17:27:39Z" user="VLD155" uid="10456863" lat="19.7886873" lon="105.7754084"/>
 <node id="4712021753" visible="true" version="1" changeset="46499535" timestamp="2017-03-01T17:21:21Z" user="katpatuka" uid="17497" lat="19.7888499" lon="105.7825159"/>
 <node id="4712021754" visible="true" version="1" changeset="46499535" timestamp="2017-03-01T17:21:21Z" user="katpatuka" uid="17497" lat="19.7888828" lon="105.7750600"/>
 <node id="4712021755" visible="true" version="1" changeset="46499535" timestamp="2017-03-01T17:21:21Z" user="katpatuka" uid="17497" lat="19.7889091" lon="105.7698283"/>
 <node id="4712021756" visible="true" version="1" changeset="46499535" timestamp="2017-03-01T17:21:21Z" user="katpatuka" uid="17497" lat="19.7889486" lon="105.7727868"/>
 <node id="4712021758" visible="true" version="1" changeset="46499535" timestamp="2017-03-01T17:21:21Z" user="katpatuka" uid="17497" lat="19.7890078" lon="105.7732485"/>
 <node id="4712021759" visible="true" version="1" changeset="46499535" timestamp="2017-03-01T17:21:21Z" user="katpatuka" uid="17497" lat="19.7890078" lon="105.7738570"/>
 <node id="4712021760" visible="true" version="1" changeset="46499535" timestamp="2017-03-01T17:21:21Z" user="katpatuka" uid="17497" lat="19.7890539" lon="105.7742626"/>
 <node id="4712021762" visible="true" version="1" changeset="46499535" timestamp="2017-03-01T17:21:21Z" user="katpatuka" uid="17497" lat="19.7893435" lon="105.7829006"/>
 <node id="4712021763" visible="true" version="1" changeset="46499535" timestamp="2017-03-01T17:21:21Z" user="katpatuka" uid="17497" lat="19.7894422" lon="105.7694855"/>
 <node id="4712021765" visible="true" version="1" changeset="46499535" timestamp="2017-03-01T17:21:21Z" user="katpatuka" uid="17497" lat="19.7896199" lon="105.7694855"/>
 <node id="4712021768" visible="true" version="1" changeset="46499535" timestamp="2017-03-01T17:21:21Z" user="katpatuka" uid="17497" lat="19.7897713" lon="105.7695555"/>
 <node id="4712021769" visible="true" version="1" changeset="46499535" timestamp="2017-03-01T17:21:21Z" user="katpatuka" uid="17497" lat="19.7899029" lon="105.7698492"/>
 <node id="4712021793" visible="true" version="1" changeset="46499535" timestamp="2017-03-01T17:21:23Z" user="katpatuka" uid="17497" lat="19.7953586" lon="105.7880134"/>
 <node id="4712021794" visible="true" version="1" changeset="46499535" timestamp="2017-03-01T17:21:23Z" user="katpatuka" uid="17497" lat="19.7957271" lon="105.7879225"/>
 <node id="4712021795" visible="true" version="1" changeset="46499535" timestamp="2017-03-01T17:21:23Z" user="katpatuka" uid="17497" lat="19.7960694" lon="105.7878875"/>
 <node id="4712021796" visible="true" version="2" changeset="62974193" timestamp="2018-09-27T11:22:47Z" user="Sal73x" uid="1293386" lat="19.7965246" lon="105.7881650"/>
 <node id="4712021797" visible="true" version="2" changeset="62974193" timestamp="2018-09-27T11:22:47Z" user="Sal73x" uid="1293386" lat="19.7966354" lon="105.7895027"/>
 <node id="4712021799" visible="true" version="2" changeset="62974193" timestamp="2018-09-27T11:22:47Z" user="Sal73x" uid="1293386" lat="19.7968080" lon="105.7885307"/>
 <node id="4712021800" visible="true" version="2" changeset="62974193" timestamp="2018-09-27T11:22:47Z" user="Sal73x" uid="1293386" lat="19.7969125" lon="105.7889337"/>
 <node id="4712021801" visible="true" version="2" changeset="62974193" timestamp="2018-09-27T11:22:47Z" user="Sal73x" uid="1293386" lat="19.7969079" lon="105.7887015"/>
 <node id="4744959726" visible="true" version="1" changeset="47011809" timestamp="2017-03-20T12:49:39Z" user="Nguyễn Thành Tâm" uid="5517030" lat="19.7954792" lon="105.7801057">
  <tag k="addr:housenumber" v="01"/>
  <tag k="addr:postcode" v="0237"/>
  <tag k="addr:street" v="Hồ Nguyên Trừng 2"/>
  <tag k="name" v="TamThuy's Home"/>
  <tag k="tourism" v="hotel"/>
 </node>
 <node id="4750818728" visible="true" version="1" changeset="47095764" timestamp="2017-03-23T12:39:07Z" user="amcgraw" uid="5542534" lat="19.8003551" lon="105.7761185">
  <tag k="addr:housenumber" v="434"/>
  <tag k="addr:street" v="Quốc lộ 1A"/>
  <tag k="amenity" v="cafe"/>
  <tag k="cuisine" v="tea"/>
  <tag k="internet_access" v="wlan"/>
  <tag k="name:en" v="Ding Tea"/>
 </node>
 <node id="5204960736" visible="true" version="2" changeset="58726385" timestamp="2018-05-06T10:19:57Z" user="Sal73x" uid="1293386" lat="19.7717965" lon="105.7896582"/>
 <node id="5204960737" visible="true" version="2" changeset="58726385" timestamp="2018-05-06T10:19:57Z" user="Sal73x" uid="1293386" lat="19.7716441" lon="105.7895026"/>
 <node id="5204960738" visible="true" version="2" changeset="58726385" timestamp="2018-05-06T10:19:56Z" user="Sal73x" uid="1293386" lat="19.7717793" lon="105.7893574"/>
 <node id="5204960739" visible="true" version="1" changeset="53435031" timestamp="2017-11-01T20:59:10Z" user="okilimu" uid="212111" lat="19.7721620" lon="105.7889427"/>
 <node id="5204960740" visible="true" version="3" changeset="166853480" timestamp="2025-05-28T05:55:42Z" user="ZioDragon" uid="13799024" lat="19.7740411" lon="105.7868195"/>
 <node id="5204960741" visible="true" version="3" changeset="166853480" timestamp="2025-05-28T05:55:42Z" user="ZioDragon" uid="13799024" lat="19.7761290" lon="105.7844600"/>
 <node id="5204960742" visible="true" version="2" changeset="166853480" timestamp="2025-05-28T05:55:42Z" user="ZioDragon" uid="13799024" lat="19.7777236" lon="105.7826581"/>
 <node id="5204960743" visible="true" version="2" changeset="166853480" timestamp="2025-05-28T05:55:42Z" user="ZioDragon" uid="13799024" lat="19.7795788" lon="105.7805616"/>
 <node id="5204960744" visible="true" version="2" changeset="166853480" timestamp="2025-05-28T05:55:42Z" user="ZioDragon" uid="13799024" lat="19.7814175" lon="105.7784838"/>
 <node id="5204960745" visible="true" version="2" changeset="166853480" timestamp="2025-05-28T05:55:42Z" user="ZioDragon" uid="13799024" lat="19.7822807" lon="105.7774924"/>
 <node id="5204960746" visible="true" version="2" changeset="166853480" timestamp="2025-05-28T05:55:42Z" user="ZioDragon" uid="13799024" lat="19.7824080" lon="105.7771713"/>
 <node id="5204960747" visible="true" version="2" changeset="166853480" timestamp="2025-05-28T05:55:42Z" user="ZioDragon" uid="13799024" lat="19.7824320" lon="105.7771104"/>
 <node id="5204960748" visible="true" version="2" changeset="166853480" timestamp="2025-05-28T05:55:42Z" user="ZioDragon" uid="13799024" lat="19.7825109" lon="105.7762168"/>
 <node id="5204960749" visible="true" version="3" changeset="166853480" timestamp="2025-05-28T05:55:42Z" user="ZioDragon" uid="13799024" lat="19.7826856" lon="105.7766095">
  <tag k="highway" v="traffic_signals"/>
  <tag k="traffic_signals" v="signal"/>
 </node>
 <node id="5204960750" visible="true" version="2" changeset="166853480" timestamp="2025-05-28T05:55:42Z" user="ZioDragon" uid="13799024" lat="19.7825761" lon="105.7760225"/>
 <node id="5204960751" visible="true" version="2" changeset="166853480" timestamp="2025-05-28T05:55:42Z" user="ZioDragon" uid="13799024" lat="19.7826184" lon="105.7771479"/>
 <node id="5204960752" visible="true" version="3" changeset="166853480" timestamp="2025-05-28T05:55:42Z" user="ZioDragon" uid="13799024" lat="19.7824871" lon="105.7774702"/>
 <node id="5204960753" visible="true" version="2" changeset="166853480" timestamp="2025-05-28T05:55:42Z" user="ZioDragon" uid="13799024" lat="19.7824267" lon="105.7776211"/>
 <node id="5204960754" visible="true" version="1" changeset="53435031" timestamp="2017-11-01T20:59:11Z" user="okilimu" uid="212111" lat="19.7815879" lon="105.7785827"/>
 <node id="5204960755" visible="true" version="3" changeset="166853480" timestamp="2025-05-28T05:55:42Z" user="ZioDragon" uid="13799024" lat="19.7797100" lon="105.7807076"/>
 <node id="5204960756" visible="true" version="2" changeset="166853480" timestamp="2025-05-28T05:55:42Z" user="ZioDragon" uid="13799024" lat="19.7780785" lon="105.7825513"/>
 <node id="5204960757" visible="true" version="2" changeset="166853480" timestamp="2025-05-28T05:55:42Z" user="ZioDragon" uid="13799024" lat="19.7778620" lon="105.7827977"/>
 <node id="5204960758" visible="true" version="2" changeset="166853480" timestamp="2025-05-28T05:55:42Z" user="ZioDragon" uid="13799024" lat="19.7741826" lon="105.7869538"/>
 <node id="5204960759" visible="true" version="2" changeset="58726385" timestamp="2018-05-06T10:19:57Z" user="Sal73x" uid="1293386" lat="19.7719335" lon="105.7895120"/>
 <node id="5204960760" visible="true" version="2" changeset="58726385" timestamp="2018-05-06T10:19:57Z" user="Sal73x" uid="1293386" lat="19.7724010" lon="105.7889652"/>
 <node id="5204960761" visible="true" version="2" changeset="166853480" timestamp="2025-05-28T05:55:42Z" user="ZioDragon" uid="13799024" lat="19.7848780" lon="105.7766997"/>
 <node id="5204960762" visible="true" version="2" changeset="166853480" timestamp="2025-05-28T05:55:42Z" user="ZioDragon" uid="13799024" lat="19.7839913" lon="105.7763969"/>
 <node id="5204960763" visible="true" version="2" changeset="166853480" timestamp="2025-05-28T05:55:42Z" user="ZioDragon" uid="13799024" lat="19.7888507" lon="105.7772068"/>
 <node id="5204960764" visible="true" version="2" changeset="166853480" timestamp="2025-05-28T05:55:42Z" user="ZioDragon" uid="13799024" lat="19.7894118" lon="105.7772227"/>
 <node id="5204960765" visible="true" version="2" changeset="166853480" timestamp="2025-05-28T05:55:42Z" user="ZioDragon" uid="13799024" lat="19.7894069" lon="105.7770591"/>
 <node id="5204960766" visible="true" version="2" changeset="91657315" timestamp="2020-09-28T16:59:42Z" user="VLD155" uid="10456863" lat="19.7975390" lon="105.7795121"/>
 <node id="5204960777" visible="true" version="2" changeset="114865864" timestamp="2021-12-13T04:21:36Z" user="vietnam321" uid="11196308" lat="19.8103921" lon="105.7796851"/>
 <node id="5268117721" visible="true" version="1" changeset="54404390" timestamp="2017-12-06T15:18:19Z" user="Tớ Là Khoai" uid="7156495" lat="19.7980837" lon="105.7787667">
  <tag k="addr:housenumber" v="39b"/>
  <tag k="addr:street" v="đường Ngô thị nhậm"/>
  <tag k="name" v="39b đường ngô thị nhậm"/>
  <tag k="tourism" v="apartment"/>
 </node>
 <node id="5407645522" visible="true" version="1" changeset="56299676" timestamp="2018-02-12T16:52:37Z" user="Russkii" uid="4180934" lat="19.7784630" lon="105.7780970">
  <tag k="name:en" v="F5 Motel"/>
  <tag k="tourism" v="motel"/>
 </node>
 <node id="5599914014" visible="true" version="2" changeset="91715231" timestamp="2020-09-29T14:53:11Z" user="VLD155" uid="10456863" lat="19.7691009" lon="105.7923186"/>
 <node id="5599914015" visible="true" version="2" changeset="146233881" timestamp="2024-01-14T05:10:39Z" user="vietnam321" uid="11196308" lat="19.7684903" lon="105.7929414"/>
 <node id="5599914016" visible="true" version="1" changeset="58726385" timestamp="2018-05-06T10:19:55Z" user="Sal73x" uid="1293386" lat="19.7652340" lon="105.7960797"/>
 <node id="5599914017" visible="true" version="1" changeset="58726385" timestamp="2018-05-06T10:19:55Z" user="Sal73x" uid="1293386" lat="19.7636553" lon="105.7977907"/>
 <node id="5599914018" visible="true" version="2" changeset="92070151" timestamp="2020-10-06T21:03:37Z" user="VLD154" uid="10422433" lat="19.7572805" lon="105.8051358"/>
 <node id="5599914019" visible="true" version="1" changeset="58726385" timestamp="2018-05-06T10:19:55Z" user="Sal73x" uid="1293386" lat="19.7329131" lon="105.8332141"/>
 <node id="5599914020" visible="true" version="1" changeset="58726385" timestamp="2018-05-06T10:19:55Z" user="Sal73x" uid="1293386" lat="19.7324914" lon="105.8337414"/>
 <node id="5599914321" visible="true" version="1" changeset="58726385" timestamp="2018-05-06T10:19:55Z" user="Sal73x" uid="1293386" lat="19.7321151" lon="105.8343368"/>
 <node id="5599914322" visible="true" version="1" changeset="58726385" timestamp="2018-05-06T10:19:55Z" user="Sal73x" uid="1293386" lat="19.7318750" lon="105.8348330"/>
 <node id="5599914323" visible="true" version="1" changeset="58726385" timestamp="2018-05-06T10:19:55Z" user="Sal73x" uid="1293386" lat="19.7316908" lon="105.8353404"/>
 <node id="5599914324" visible="true" version="1" changeset="58726385" timestamp="2018-05-06T10:19:55Z" user="Sal73x" uid="1293386" lat="19.7313813" lon="105.8363384"/>
 <node id="5599914325" visible="true" version="2" changeset="92070231" timestamp="2020-10-06T21:06:00Z" user="VLD154" uid="10422433" lat="19.7562728" lon="105.8062713"/>
 <node id="5599914329" visible="true" version="2" changeset="103385558" timestamp="2021-04-22T06:44:50Z" user="vavilala1" uid="11589182" lat="19.7692891" lon="105.7924206"/>
 <node id="5599914330" visible="true" version="2" changeset="146233881" timestamp="2024-01-14T05:10:39Z" user="vietnam321" uid="11196308" lat="19.7686145" lon="105.7930781"/>
 <node id="5599914331" visible="true" version="2" changeset="146233881" timestamp="2024-01-14T05:10:39Z" user="vietnam321" uid="11196308" lat="19.7653558" lon="105.7962476"/>
 <node id="5599914332" visible="true" version="1" changeset="58726385" timestamp="2018-05-06T10:19:55Z" user="Sal73x" uid="1293386" lat="19.7638765" lon="105.7978636"/>
 <node id="5599914333" visible="true" version="2" changeset="92070151" timestamp="2020-10-06T21:03:37Z" user="VLD154" uid="10422433" lat="19.7575001" lon="105.8052140"/>
 <node id="5599914334" visible="true" version="1" changeset="58726385" timestamp="2018-05-06T10:19:55Z" user="Sal73x" uid="1293386" lat="19.7330744" lon="105.8333760"/>
 <node id="5599914335" visible="true" version="1" changeset="58726385" timestamp="2018-05-06T10:19:55Z" user="Sal73x" uid="1293386" lat="19.7327912" lon="105.8337175"/>
 <node id="5599914336" visible="true" version="1" changeset="58726385" timestamp="2018-05-06T10:19:55Z" user="Sal73x" uid="1293386" lat="19.7325922" lon="105.8339798"/>
 <node id="5599914337" visible="true" version="1" changeset="58726385" timestamp="2018-05-06T10:19:55Z" user="Sal73x" uid="1293386" lat="19.7323951" lon="105.8342847"/>
 <node id="5599914338" visible="true" version="1" changeset="58726385" timestamp="2018-05-06T10:19:55Z" user="Sal73x" uid="1293386" lat="19.7322000" lon="105.8346465"/>
 <node id="5599914339" visible="true" version="1" changeset="58726385" timestamp="2018-05-06T10:19:55Z" user="Sal73x" uid="1293386" lat="19.7320565" lon="105.8349595"/>
 <node id="5599914340" visible="true" version="1" changeset="58726385" timestamp="2018-05-06T10:19:55Z" user="Sal73x" uid="1293386" lat="19.7319321" lon="105.8352848"/>
 <node id="5599914341" visible="true" version="1" changeset="58726385" timestamp="2018-05-06T10:19:55Z" user="Sal73x" uid="1293386" lat="19.7315964" lon="105.8363824"/>
 <node id="5599914342" visible="true" version="1" changeset="58726385" timestamp="2018-05-06T10:19:55Z" user="Sal73x" uid="1293386" lat="19.7448716" lon="105.8197722"/>
 <node id="5599914343" visible="true" version="1" changeset="58726385" timestamp="2018-05-06T10:19:55Z" user="Sal73x" uid="1293386" lat="19.7447145" lon="105.8196176"/>
 <node id="5599914344" visible="true" version="1" changeset="58726385" timestamp="2018-05-06T10:19:55Z" user="Sal73x" uid="1293386" lat="19.7469721" lon="105.8173500"/>
 <node id="5599914345" visible="true" version="1" changeset="58726385" timestamp="2018-05-06T10:19:55Z" user="Sal73x" uid="1293386" lat="19.7468139" lon="105.8171987"/>
 <node id="5599914346" visible="true" version="1" changeset="58726385" timestamp="2018-05-06T10:19:55Z" user="Sal73x" uid="1293386" lat="19.7531151" lon="105.8102657"/>
 <node id="5599914347" visible="true" version="1" changeset="58726385" timestamp="2018-05-06T10:19:55Z" user="Sal73x" uid="1293386" lat="19.7529579" lon="105.8101197"/>
 <node id="5599914353" visible="true" version="1" changeset="58726385" timestamp="2018-05-06T10:19:55Z" user="Sal73x" uid="1293386" lat="19.7611057" lon="105.8007297"/>
 <node id="5599914354" visible="true" version="1" changeset="58726385" timestamp="2018-05-06T10:19:55Z" user="Sal73x" uid="1293386" lat="19.7610420" lon="105.8011287"/>
 <node id="5599914371" visible="true" version="1" changeset="58726385" timestamp="2018-05-06T10:19:55Z" user="Sal73x" uid="1293386" lat="19.7711754" lon="105.7900240"/>
 <node id="5599914372" visible="true" version="1" changeset="58726385" timestamp="2018-05-06T10:19:55Z" user="Sal73x" uid="1293386" lat="19.7713292" lon="105.7901709"/>
 <node id="5599914386" visible="true" version="1" changeset="58726385" timestamp="2018-05-06T10:19:56Z" user="Sal73x" uid="1293386" lat="19.7722622" lon="105.7888282"/>
 <node id="5599949848" visible="true" version="3" changeset="166853480" timestamp="2025-05-28T05:55:42Z" user="ZioDragon" uid="13799024" lat="19.8035450" lon="105.7761190"/>
 <node id="5599989588" visible="true" version="2" changeset="166853480" timestamp="2025-05-28T05:55:42Z" user="ZioDragon" uid="13799024" lat="19.7779392" lon="105.7824145"/>
 <node id="5599989595" visible="true" version="2" changeset="166853480" timestamp="2025-05-28T05:55:42Z" user="ZioDragon" uid="13799024" lat="19.7740611" lon="105.7754588"/>
 <node id="5599989596" visible="true" version="2" changeset="166853480" timestamp="2025-05-28T05:55:42Z" user="ZioDragon" uid="13799024" lat="19.7740397" lon="105.7752959"/>
 <node id="5599989610" visible="true" version="1" changeset="58727696" timestamp="2018-05-06T11:32:31Z" user="Sal73x" uid="1293386" lat="19.7750907" lon="105.7701007"/>
 <node id="5599989611" visible="true" version="1" changeset="58727696" timestamp="2018-05-06T11:32:31Z" user="Sal73x" uid="1293386" lat="19.7752053" lon="105.7701776"/>
 <node id="5599989615" visible="true" version="2" changeset="166853480" timestamp="2025-05-28T05:55:42Z" user="ZioDragon" uid="13799024" lat="19.7739028" lon="105.7753126"/>
 <node id="5599989616" visible="true" version="2" changeset="166853480" timestamp="2025-05-28T05:55:42Z" user="ZioDragon" uid="13799024" lat="19.7737853" lon="105.7754924"/>
 <node id="5599998242" visible="true" version="3" changeset="132530013" timestamp="2023-02-14T10:33:06Z" user="vietnam321" uid="11196308" lat="19.7856411" lon="105.7807693"/>
 <node id="5599998243" visible="true" version="1" changeset="58727911" timestamp="2018-05-06T11:43:31Z" user="Sal73x" uid="1293386" lat="19.7829485" lon="105.7838678"/>
 <node id="5599998244" visible="true" version="2" changeset="91665855" timestamp="2020-09-28T20:45:01Z" user="VLD155" uid="10456863" lat="19.7831388" lon="105.7840657"/>
 <node id="5599998245" visible="true" version="1" changeset="58727911" timestamp="2018-05-06T11:43:31Z" user="Sal73x" uid="1293386" lat="19.7761834" lon="105.7773157"/>
 <node id="5599998246" visible="true" version="1" changeset="58727911" timestamp="2018-05-06T11:43:31Z" user="Sal73x" uid="1293386" lat="19.7761201" lon="105.7772095"/>
 <node id="5599998247" visible="true" version="1" changeset="58727911" timestamp="2018-05-06T11:43:31Z" user="Sal73x" uid="1293386" lat="19.7761035" lon="105.7771175"/>
 <node id="5599998248" visible="true" version="2" changeset="166853480" timestamp="2025-05-28T05:55:42Z" user="ZioDragon" uid="13799024" lat="19.7762833" lon="105.7755474"/>
 <node id="5599998249" visible="true" version="2" changeset="166853480" timestamp="2025-05-28T05:55:42Z" user="ZioDragon" uid="13799024" lat="19.7806671" lon="105.7761308"/>
 <node id="5599998250" visible="true" version="2" changeset="167636454" timestamp="2025-06-15T05:43:44Z" user="user_22995996" uid="22995996" lat="19.7804780" lon="105.7775561"/>
 <node id="5599998251" visible="true" version="1" changeset="58727911" timestamp="2018-05-06T11:43:31Z" user="Sal73x" uid="1293386" lat="19.7786723" lon="105.7797099"/>
 <node id="5599998252" visible="true" version="1" changeset="58727911" timestamp="2018-05-06T11:43:31Z" user="Sal73x" uid="1293386" lat="19.7849057" lon="105.7818708"/>
 <node id="5599998253" visible="true" version="2" changeset="107306922" timestamp="2021-07-02T11:08:05Z" user="KhanhPPA" uid="13685842" lat="19.7847846" lon="105.7817481"/>
 <node id="5599998254" visible="true" version="2" changeset="166853480" timestamp="2025-05-28T05:55:42Z" user="ZioDragon" uid="13799024" lat="19.7815530" lon="105.7786249"/>
 <node id="5599998256" visible="true" version="2" changeset="167636454" timestamp="2025-06-15T05:43:44Z" user="user_22995996" uid="22995996" lat="19.7772300" lon="105.7771398"/>
 <node id="5599998257" visible="true" version="1" changeset="58727911" timestamp="2018-05-06T11:43:31Z" user="Sal73x" uid="1293386" lat="19.7767063" lon="105.7778187"/>
 <node id="5599998258" visible="true" version="1" changeset="58727911" timestamp="2018-05-06T11:43:31Z" user="Sal73x" uid="1293386" lat="19.7770538" lon="105.7774124"/>
 <node id="5599998259" visible="true" version="1" changeset="58727911" timestamp="2018-05-06T11:43:31Z" user="Sal73x" uid="1293386" lat="19.7790123" lon="105.7793183"/>
 <node id="5599998260" visible="true" version="1" changeset="58727911" timestamp="2018-05-06T11:43:31Z" user="Sal73x" uid="1293386" lat="19.7795596" lon="105.7786878"/>
 <node id="5599998261" visible="true" version="2" changeset="167636454" timestamp="2025-06-15T05:43:44Z" user="user_22995996" uid="22995996" lat="19.7780447" lon="105.7772246"/>
 <node id="5599998262" visible="true" version="1" changeset="58727911" timestamp="2018-05-06T11:43:31Z" user="Sal73x" uid="1293386" lat="19.7818578" lon="105.7828040"/>
 <node id="5599998263" visible="true" version="1" changeset="58727911" timestamp="2018-05-06T11:43:31Z" user="Sal73x" uid="1293386" lat="19.7836947" lon="105.7806951"/>
 <node id="5599998264" visible="true" version="1" changeset="58727911" timestamp="2018-05-06T11:43:31Z" user="Sal73x" uid="1293386" lat="19.7845735" lon="105.7797130"/>
 <node id="5599998265" visible="true" version="3" changeset="166853480" timestamp="2025-05-28T05:55:42Z" user="ZioDragon" uid="13799024" lat="19.7825978" lon="105.7771984"/>
 <node id="5599998266" visible="true" version="2" changeset="91661197" timestamp="2020-09-28T18:20:02Z" user="VLD155" uid="10456863" lat="19.7949348" lon="105.7876451"/>
 <node id="5599998268" visible="true" version="4" changeset="166853480" timestamp="2025-05-28T05:55:42Z" user="ZioDragon" uid="13799024" lat="19.7951669" lon="105.7768064"/>
 <node id="5599998269" visible="true" version="2" changeset="161511812" timestamp="2025-01-19T02:39:35Z" user="vietnam321" uid="11196308" lat="19.7950624" lon="105.7876982"/>
 <node id="5599998270" visible="true" version="1" changeset="58727911" timestamp="2018-05-06T11:43:32Z" user="Sal73x" uid="1293386" lat="19.8001786" lon="105.7811053"/>
 <node id="5599998271" visible="true" version="2" changeset="91657172" timestamp="2020-09-28T16:56:29Z" user="VLD155" uid="10456863" lat="19.7989671" lon="105.7850267"/>
 <node id="5599998274" visible="true" version="1" changeset="58727911" timestamp="2018-05-06T11:43:32Z" user="Sal73x" uid="1293386" lat="19.7984325" lon="105.7857288"/>
 <node id="5599998279" visible="true" version="2" changeset="161511812" timestamp="2025-01-19T02:39:35Z" user="vietnam321" uid="11196308" lat="19.7950687" lon="105.7860826"/>
 <node id="5599998280" visible="true" version="1" changeset="58727911" timestamp="2018-05-06T11:43:32Z" user="Sal73x" uid="1293386" lat="19.7949478" lon="105.7860763"/>
 <node id="5599998285" visible="true" version="2" changeset="161511812" timestamp="2025-01-19T02:39:35Z" user="vietnam321" uid="11196308" lat="19.7949361" lon="105.7841708"/>
 <node id="5599998286" visible="true" version="2" changeset="161511812" timestamp="2025-01-19T02:39:35Z" user="vietnam321" uid="11196308" lat="19.7950772" lon="105.7841708"/>
 <node id="5599998287" visible="true" version="1" changeset="58727911" timestamp="2018-05-06T11:43:32Z" user="Sal73x" uid="1293386" lat="19.7992397" lon="105.7842132"/>
 <node id="5599998288" visible="true" version="3" changeset="127911464" timestamp="2022-10-22T07:38:33Z" user="vietnam321" uid="11196308" lat="19.7997137" lon="105.7826222"/>
 <node id="5599998289" visible="true" version="2" changeset="161511812" timestamp="2025-01-19T02:39:35Z" user="vietnam321" uid="11196308" lat="19.7950834" lon="105.7825581"/>
 <node id="5599998290" visible="true" version="3" changeset="161511812" timestamp="2025-01-19T02:39:35Z" user="vietnam321" uid="11196308" lat="19.7949334" lon="105.7825570"/>
 <node id="5599998291" visible="true" version="4" changeset="166853480" timestamp="2025-05-28T05:55:42Z" user="ZioDragon" uid="13799024" lat="19.7949753" lon="105.7768232"/>
 <node id="5599998292" visible="true" version="1" changeset="58727911" timestamp="2018-05-06T11:43:32Z" user="Sal73x" uid="1293386" lat="19.7978382" lon="105.7850580"/>
 <node id="5599998293" visible="true" version="1" changeset="58727911" timestamp="2018-05-06T11:43:32Z" user="Sal73x" uid="1293386" lat="19.7977449" lon="105.7849093"/>
 <node id="5599998294" visible="true" version="1" changeset="58727911" timestamp="2018-05-06T11:43:32Z" user="Sal73x" uid="1293386" lat="19.7977116" lon="105.7847890"/>
 <node id="5599998295" visible="true" version="1" changeset="58727911" timestamp="2018-05-06T11:43:32Z" user="Sal73x" uid="1293386" lat="19.7976883" lon="105.7846757"/>
 <node id="5599998296" visible="true" version="1" changeset="58727911" timestamp="2018-05-06T11:43:32Z" user="Sal73x" uid="1293386" lat="19.7976916" lon="105.7841972"/>
 <node id="5599998297" visible="true" version="1" changeset="58727911" timestamp="2018-05-06T11:43:32Z" user="Sal73x" uid="1293386" lat="19.7977016" lon="105.7825793"/>
 <node id="5599998298" visible="true" version="2" changeset="91657315" timestamp="2020-09-28T16:59:42Z" user="VLD155" uid="10456863" lat="19.7976840" lon="105.7818758"/>
 <node id="5599998299" visible="true" version="1" changeset="58727911" timestamp="2018-05-06T11:43:32Z" user="Sal73x" uid="1293386" lat="19.7981787" lon="105.7794326"/>
 <node id="5599998300" visible="true" version="1" changeset="58727911" timestamp="2018-05-06T11:43:32Z" user="Sal73x" uid="1293386" lat="19.7982278" lon="105.7825836"/>
 <node id="5599998301" visible="true" version="1" changeset="58727911" timestamp="2018-05-06T11:43:32Z" user="Sal73x" uid="1293386" lat="19.7982144" lon="105.7842026"/>
 <node id="5609359521" visible="true" version="1" changeset="58849247" timestamp="2018-05-10T12:31:39Z" user="Trọng Niên Hoàng" uid="6247103" lat="19.7792746" lon="105.7754854">
  <tag k="highway" v="bus_stop"/>
  <tag k="name" v="Bến xe phía Nam"/>
 </node>
 <node id="5815021228" visible="true" version="1" changeset="61436297" timestamp="2018-08-07T13:45:54Z" user="stadiaarcadia" uid="8570285" lat="19.7996986" lon="105.7724384"/>
 <node id="5815021229" visible="true" version="1" changeset="61436297" timestamp="2018-08-07T13:45:54Z" user="stadiaarcadia" uid="8570285" lat="19.7996582" lon="105.7730553"/>
 <node id="5815021230" visible="true" version="1" changeset="61436297" timestamp="2018-08-07T13:45:54Z" user="stadiaarcadia" uid="8570285" lat="19.7987750" lon="105.7729775"/>
 <node id="5815021231" visible="true" version="1" changeset="61436297" timestamp="2018-08-07T13:45:54Z" user="stadiaarcadia" uid="8570285" lat="19.7988229" lon="105.7723633"/>
 <node id="5815021232" visible="true" version="2" changeset="63203492" timestamp="2018-10-04T17:14:32Z" user="stadiaarcadia" uid="8570285" lat="19.7998816" lon="105.7721191"/>
 <node id="5815021233" visible="true" version="2" changeset="63203492" timestamp="2018-10-04T17:14:32Z" user="stadiaarcadia" uid="8570285" lat="19.7998640" lon="105.7723062"/>
 <node id="5815021234" visible="true" version="3" changeset="63338552" timestamp="2018-10-09T09:31:13Z" user="stadiaarcadia" uid="8570285" lat="19.7986879" lon="105.7721826"/>
 <node id="5815021235" visible="true" version="3" changeset="63338552" timestamp="2018-10-09T09:31:13Z" user="stadiaarcadia" uid="8570285" lat="19.7987026" lon="105.7720029"/>
 <node id="5815021236" visible="true" version="2" changeset="63203492" timestamp="2018-10-04T17:14:32Z" user="stadiaarcadia" uid="8570285" lat="19.7991815" lon="105.7720471"/>
 <node id="5815021237" visible="true" version="2" changeset="63203492" timestamp="2018-10-04T17:14:32Z" user="stadiaarcadia" uid="8570285" lat="19.7991875" lon="105.7719834"/>
 <node id="5815021238" visible="true" version="2" changeset="63203492" timestamp="2018-10-04T17:14:32Z" user="stadiaarcadia" uid="8570285" lat="19.7993648" lon="105.7720022"/>
 <node id="5815021239" visible="true" version="2" changeset="63203492" timestamp="2018-10-04T17:14:32Z" user="stadiaarcadia" uid="8570285" lat="19.7993591" lon="105.7720638"/>
 <node id="5815021240" visible="true" version="3" changeset="63203492" timestamp="2018-10-04T17:14:32Z" user="stadiaarcadia" uid="8570285" lat="19.7997848" lon="105.7732341"/>
 <node id="5815021241" visible="true" version="3" changeset="63203492" timestamp="2018-10-04T17:14:32Z" user="stadiaarcadia" uid="8570285" lat="19.7997690" lon="105.7734107"/>
 <node id="5815021242" visible="true" version="3" changeset="63203492" timestamp="2018-10-04T17:14:32Z" user="stadiaarcadia" uid="8570285" lat="19.7992559" lon="105.7733589"/>
 <node id="5815021243" visible="true" version="3" changeset="63203492" timestamp="2018-10-04T17:14:32Z" user="stadiaarcadia" uid="8570285" lat="19.7992495" lon="105.7734309"/>
 <node id="5815021244" visible="true" version="3" changeset="63203492" timestamp="2018-10-04T17:14:32Z" user="stadiaarcadia" uid="8570285" lat="19.7990603" lon="105.7734119"/>
 <node id="5815021245" visible="true" version="3" changeset="63203492" timestamp="2018-10-04T17:14:32Z" user="stadiaarcadia" uid="8570285" lat="19.7990660" lon="105.7733486"/>
 <node id="5815021246" visible="true" version="3" changeset="63203492" timestamp="2018-10-04T17:14:32Z" user="stadiaarcadia" uid="8570285" lat="19.7985916" lon="105.7733008"/>
 <node id="5815021247" visible="true" version="3" changeset="63203492" timestamp="2018-10-04T17:14:32Z" user="stadiaarcadia" uid="8570285" lat="19.7986081" lon="105.7731155"/>
 <node id="5933619298" visible="true" version="1" changeset="62969425" timestamp="2018-09-27T08:27:12Z" user="stadiaarcadia" uid="8570285" lat="19.7989216" lon="105.7733803"/>
 <node id="5933619299" visible="true" version="1" changeset="62969425" timestamp="2018-09-27T08:27:12Z" user="stadiaarcadia" uid="8570285" lat="19.7985813" lon="105.7733495"/>
 <node id="5933619300" visible="true" version="1" changeset="62969425" timestamp="2018-09-27T08:27:12Z" user="stadiaarcadia" uid="8570285" lat="19.7985662" lon="105.7735391"/>
 <node id="5933619301" visible="true" version="1" changeset="62969425" timestamp="2018-09-27T08:27:12Z" user="stadiaarcadia" uid="8570285" lat="19.7989064" lon="105.7735699"/>
 <node id="5933619302" visible="true" version="1" changeset="62969425" timestamp="2018-09-27T08:27:12Z" user="stadiaarcadia" uid="8570285" lat="19.7985176" lon="105.7719615"/>
 <node id="5933619303" visible="true" version="1" changeset="62969425" timestamp="2018-09-27T08:27:12Z" user="stadiaarcadia" uid="8570285" lat="19.7983401" lon="105.7719020"/>
 <node id="5933619304" visible="true" version="1" changeset="62969425" timestamp="2018-09-27T08:27:12Z" user="stadiaarcadia" uid="8570285" lat="19.7982461" lon="105.7722186"/>
 <node id="5933619305" visible="true" version="1" changeset="62969425" timestamp="2018-09-27T08:27:12Z" user="stadiaarcadia" uid="8570285" lat="19.7984236" lon="105.7722781"/>
 <node id="5933619306" visible="true" version="1" changeset="62969425" timestamp="2018-09-27T08:27:12Z" user="stadiaarcadia" uid="8570285" lat="19.7984423" lon="105.7731331"/>
 <node id="5933619307" visible="true" version="1" changeset="62969425" timestamp="2018-09-27T08:27:12Z" user="stadiaarcadia" uid="8570285" lat="19.7983498" lon="105.7731213"/>
 <node id="5933619308" visible="true" version="1" changeset="62969425" timestamp="2018-09-27T08:27:12Z" user="stadiaarcadia" uid="8570285" lat="19.7983256" lon="105.7733362"/>
 <node id="5933619309" visible="true" version="1" changeset="62969425" timestamp="2018-09-27T08:27:12Z" user="stadiaarcadia" uid="8570285" lat="19.7984181" lon="105.7733479"/>
 <node id="5933619310" visible="true" version="1" changeset="62969425" timestamp="2018-09-27T08:27:12Z" user="stadiaarcadia" uid="8570285" lat="19.7984708" lon="105.7727557"/>
 <node id="5933619311" visible="true" version="1" changeset="62969425" timestamp="2018-09-27T08:27:12Z" user="stadiaarcadia" uid="8570285" lat="19.7980549" lon="105.7726423"/>
 <node id="5933619312" visible="true" version="1" changeset="62969425" timestamp="2018-09-27T08:27:12Z" user="stadiaarcadia" uid="8570285" lat="19.7980127" lon="105.7728171"/>
 <node id="5933619313" visible="true" version="1" changeset="62969425" timestamp="2018-09-27T08:27:12Z" user="stadiaarcadia" uid="8570285" lat="19.7984286" lon="105.7729305"/>
 <node id="5933619314" visible="true" version="1" changeset="62969425" timestamp="2018-09-27T08:27:12Z" user="stadiaarcadia" uid="8570285" lat="19.7981119" lon="105.7722791"/>
 <node id="5933619315" visible="true" version="1" changeset="62969425" timestamp="2018-09-27T08:27:12Z" user="stadiaarcadia" uid="8570285" lat="19.7979960" lon="105.7722434"/>
 <node id="5933619316" visible="true" version="1" changeset="62969425" timestamp="2018-09-27T08:27:12Z" user="stadiaarcadia" uid="8570285" lat="19.7979287" lon="105.7724903"/>
 <node id="5933619317" visible="true" version="1" changeset="62969425" timestamp="2018-09-27T08:27:12Z" user="stadiaarcadia" uid="8570285" lat="19.7980445" lon="105.7725260"/>
 <node id="5933619318" visible="true" version="1" changeset="62969425" timestamp="2018-09-27T08:27:12Z" user="stadiaarcadia" uid="8570285" lat="19.7980330" lon="105.7725543"/>
 <node id="5933619319" visible="true" version="1" changeset="62969425" timestamp="2018-09-27T08:27:12Z" user="stadiaarcadia" uid="8570285" lat="19.7978927" lon="105.7725123"/>
 <node id="5933619320" visible="true" version="1" changeset="62969425" timestamp="2018-09-27T08:27:12Z" user="stadiaarcadia" uid="8570285" lat="19.7978224" lon="105.7727775"/>
 <node id="5933619321" visible="true" version="1" changeset="62969425" timestamp="2018-09-27T08:27:12Z" user="stadiaarcadia" uid="8570285" lat="19.7979627" lon="105.7728195"/>
 <node id="5933619322" visible="true" version="1" changeset="62969425" timestamp="2018-09-27T08:27:12Z" user="stadiaarcadia" uid="8570285" lat="19.7995441" lon="105.7737663"/>
 <node id="5933619323" visible="true" version="1" changeset="62969425" timestamp="2018-09-27T08:27:12Z" user="stadiaarcadia" uid="8570285" lat="19.7993907" lon="105.7737511"/>
 <node id="5933619324" visible="true" version="1" changeset="62969425" timestamp="2018-09-27T08:27:12Z" user="stadiaarcadia" uid="8570285" lat="19.7993825" lon="105.7738445"/>
 <node id="5933619325" visible="true" version="1" changeset="62969425" timestamp="2018-09-27T08:27:12Z" user="stadiaarcadia" uid="8570285" lat="19.7995359" lon="105.7738597"/>
 <node id="5933619326" visible="true" version="1" changeset="62969425" timestamp="2018-09-27T08:27:12Z" user="stadiaarcadia" uid="8570285" lat="19.7992447" lon="105.7737415"/>
 <node id="5933619327" visible="true" version="1" changeset="62969425" timestamp="2018-09-27T08:27:12Z" user="stadiaarcadia" uid="8570285" lat="19.7990936" lon="105.7737342"/>
 <node id="5933619328" visible="true" version="1" changeset="62969425" timestamp="2018-09-27T08:27:12Z" user="stadiaarcadia" uid="8570285" lat="19.7990912" lon="105.7737909"/>
 <node id="5933619329" visible="true" version="1" changeset="62969425" timestamp="2018-09-27T08:27:12Z" user="stadiaarcadia" uid="8570285" lat="19.7991338" lon="105.7737929"/>
 <node id="5933619330" visible="true" version="1" changeset="62969425" timestamp="2018-09-27T08:27:12Z" user="stadiaarcadia" uid="8570285" lat="19.7991310" lon="105.7738578"/>
 <node id="5933619331" visible="true" version="1" changeset="62969425" timestamp="2018-09-27T08:27:12Z" user="stadiaarcadia" uid="8570285" lat="19.7990858" lon="105.7738556"/>
 <node id="5933619332" visible="true" version="1" changeset="62969425" timestamp="2018-09-27T08:27:12Z" user="stadiaarcadia" uid="8570285" lat="19.7990839" lon="105.7739006"/>
 <node id="5933619333" visible="true" version="1" changeset="62969425" timestamp="2018-09-27T08:27:12Z" user="stadiaarcadia" uid="8570285" lat="19.7991282" lon="105.7739028"/>
 <node id="5933619334" visible="true" version="1" changeset="62969425" timestamp="2018-09-27T08:27:12Z" user="stadiaarcadia" uid="8570285" lat="19.7991258" lon="105.7739595"/>
 <node id="5933619335" visible="true" version="1" changeset="62969425" timestamp="2018-09-27T08:27:12Z" user="stadiaarcadia" uid="8570285" lat="19.7990807" lon="105.7739573"/>
 <node id="5933619336" visible="true" version="1" changeset="62969425" timestamp="2018-09-27T08:27:12Z" user="stadiaarcadia" uid="8570285" lat="19.7990782" lon="105.7740162"/>
 <node id="5933619337" visible="true" version="1" changeset="62969425" timestamp="2018-09-27T08:27:12Z" user="stadiaarcadia" uid="8570285" lat="19.7992326" lon="105.7740236"/>
 <node id="5933957241" visible="true" version="1" changeset="62974193" timestamp="2018-09-27T11:22:42Z" user="Sal73x" uid="1293386" lat="19.7966023" lon="105.7897340"/>
 <node id="5933957242" visible="true" version="1" changeset="62974193" timestamp="2018-09-27T11:22:42Z" user="Sal73x" uid="1293386" lat="19.7966269" lon="105.7899247"/>
 <node id="5933957243" visible="true" version="1" changeset="62974193" timestamp="2018-09-27T11:22:42Z" user="Sal73x" uid="1293386" lat="19.7967642" lon="105.7901342"/>
 <node id="5933957244" visible="true" version="1" changeset="62974193" timestamp="2018-09-27T11:22:42Z" user="Sal73x" uid="1293386" lat="19.7976160" lon="105.7910657"/>
 <node id="5933957245" visible="true" version="1" changeset="62974193" timestamp="2018-09-27T11:22:42Z" user="Sal73x" uid="1293386" lat="19.7977145" lon="105.7913725"/>
 <node id="5933957246" visible="true" version="1" changeset="62974193" timestamp="2018-09-27T11:22:42Z" user="Sal73x" uid="1293386" lat="19.7977251" lon="105.7916456"/>
 <node id="5933957247" visible="true" version="1" changeset="62974193" timestamp="2018-09-27T11:22:42Z" user="Sal73x" uid="1293386" lat="19.7975913" lon="105.7921432"/>
 <node id="5933957252" visible="true" version="1" changeset="62974193" timestamp="2018-09-27T11:22:42Z" user="Sal73x" uid="1293386" lat="19.7958279" lon="105.7962171"/>
 <node id="5933957254" visible="true" version="1" changeset="62974193" timestamp="2018-09-27T11:22:42Z" user="Sal73x" uid="1293386" lat="19.7941172" lon="105.8011365"/>
 <node id="5933957255" visible="true" version="1" changeset="62974193" timestamp="2018-09-27T11:22:42Z" user="Sal73x" uid="1293386" lat="19.7933815" lon="105.8038038"/>
 <node id="5933957256" visible="true" version="1" changeset="62974193" timestamp="2018-09-27T11:22:42Z" user="Sal73x" uid="1293386" lat="19.7930154" lon="105.8067704"/>
 <node id="5933957257" visible="true" version="1" changeset="62974193" timestamp="2018-09-27T11:22:42Z" user="Sal73x" uid="1293386" lat="19.7929450" lon="105.8070361"/>
 <node id="5933957258" visible="true" version="1" changeset="62974193" timestamp="2018-09-27T11:22:42Z" user="Sal73x" uid="1293386" lat="19.7928113" lon="105.8073241"/>
 <node id="5933957259" visible="true" version="1" changeset="62974193" timestamp="2018-09-27T11:22:42Z" user="Sal73x" uid="1293386" lat="19.7926740" lon="105.8075149"/>
 <node id="5933957260" visible="true" version="1" changeset="62974193" timestamp="2018-09-27T11:22:42Z" user="Sal73x" uid="1293386" lat="19.7906218" lon="105.8094191"/>
 <node id="5933957262" visible="true" version="1" changeset="62974193" timestamp="2018-09-27T11:22:42Z" user="Sal73x" uid="1293386" lat="19.7822439" lon="105.8163062"/>
 <node id="5933957263" visible="true" version="1" changeset="62974193" timestamp="2018-09-27T11:22:42Z" user="Sal73x" uid="1293386" lat="19.7716759" lon="105.8266912"/>
 <node id="5933957264" visible="true" version="1" changeset="62974193" timestamp="2018-09-27T11:22:42Z" user="Sal73x" uid="1293386" lat="19.7713977" lon="105.8270803"/>
 <node id="5933957265" visible="true" version="1" changeset="62974193" timestamp="2018-09-27T11:22:42Z" user="Sal73x" uid="1293386" lat="19.7711443" lon="105.8275404"/>
 <node id="5933957266" visible="true" version="1" changeset="62974193" timestamp="2018-09-27T11:22:42Z" user="Sal73x" uid="1293386" lat="19.7709436" lon="105.8280417"/>
 <node id="5933957269" visible="true" version="1" changeset="62974193" timestamp="2018-09-27T11:22:42Z" user="Sal73x" uid="1293386" lat="19.7689159" lon="105.8345275"/>
 <node id="5933957272" visible="true" version="1" changeset="62974193" timestamp="2018-09-27T11:22:42Z" user="Sal73x" uid="1293386" lat="19.7687946" lon="105.8350462"/>
 <node id="5933957273" visible="true" version="1" changeset="62974193" timestamp="2018-09-27T11:22:42Z" user="Sal73x" uid="1293386" lat="19.7687737" lon="105.8354136"/>
 <node id="5933957274" visible="true" version="1" changeset="62974193" timestamp="2018-09-27T11:22:42Z" user="Sal73x" uid="1293386" lat="19.7688884" lon="105.8372817"/>
 <node id="5933957275" visible="true" version="1" changeset="62974193" timestamp="2018-09-27T11:22:42Z" user="Sal73x" uid="1293386" lat="19.7689670" lon="105.8412106"/>
 <node id="5933957276" visible="true" version="1" changeset="62974193" timestamp="2018-09-27T11:22:42Z" user="Sal73x" uid="1293386" lat="19.7689080" lon="105.8416854"/>
 <node id="5933957279" visible="true" version="1" changeset="62974193" timestamp="2018-09-27T11:22:42Z" user="Sal73x" uid="1293386" lat="19.7662940" lon="105.8527132"/>
 <node id="5933957280" visible="true" version="1" changeset="62974193" timestamp="2018-09-27T11:22:42Z" user="Sal73x" uid="1293386" lat="19.7661954" lon="105.8532986"/>
 <node id="5933957281" visible="true" version="1" changeset="62974193" timestamp="2018-09-27T11:22:42Z" user="Sal73x" uid="1293386" lat="19.7661896" lon="105.8539456"/>
 <node id="5933957282" visible="true" version="1" changeset="62974193" timestamp="2018-09-27T11:22:42Z" user="Sal73x" uid="1293386" lat="19.7662882" lon="105.8636632"/>
 <node id="5933957385" visible="true" version="1" changeset="62974193" timestamp="2018-09-27T11:22:42Z" user="Sal73x" uid="1293386" lat="19.7662320" lon="105.8642217"/>
 <node id="5933957386" visible="true" version="1" changeset="62974193" timestamp="2018-09-27T11:22:42Z" user="Sal73x" uid="1293386" lat="19.7659281" lon="105.8654871"/>
 <node id="5933957392" visible="true" version="1" changeset="62974193" timestamp="2018-09-27T11:22:42Z" user="Sal73x" uid="1293386" lat="19.7658527" lon="105.8660417"/>
 <node id="5933957393" visible="true" version="1" changeset="62974193" timestamp="2018-09-27T11:22:42Z" user="Sal73x" uid="1293386" lat="19.7658411" lon="105.8683340"/>
 <node id="5933957394" visible="true" version="1" changeset="62974193" timestamp="2018-09-27T11:22:42Z" user="Sal73x" uid="1293386" lat="19.7657251" lon="105.8700840"/>
 <node id="5933957395" visible="true" version="1" changeset="62974193" timestamp="2018-09-27T11:22:42Z" user="Sal73x" uid="1293386" lat="19.7646697" lon="105.8800112"/>
 <node id="5933957396" visible="true" version="1" changeset="62974193" timestamp="2018-09-27T11:22:42Z" user="Sal73x" uid="1293386" lat="19.7646407" lon="105.8807137"/>
 <node id="5933957397" visible="true" version="1" changeset="62974193" timestamp="2018-09-27T11:22:42Z" user="Sal73x" uid="1293386" lat="19.7647277" lon="105.8812251"/>
 <node id="5933957398" visible="true" version="1" changeset="62974193" timestamp="2018-09-27T11:22:42Z" user="Sal73x" uid="1293386" lat="19.7649597" lon="105.8818660"/>
 <node id="5933957399" visible="true" version="1" changeset="62974193" timestamp="2018-09-27T11:22:42Z" user="Sal73x" uid="1293386" lat="19.7652380" lon="105.8823281"/>
 <node id="5933957400" visible="true" version="1" changeset="62974193" timestamp="2018-09-27T11:22:42Z" user="Sal73x" uid="1293386" lat="19.7656497" lon="105.8826609"/>
 <node id="5933957401" visible="true" version="2" changeset="173823789" timestamp="2025-10-27T07:23:55Z" user="Tewuzij" uid="16194143" lat="19.7682805" lon="105.8844133">
  <tag k="seamark:type" v="gate"/>
  <tag k="waterway" v="lock_gate"/>
 </node>
 <node id="5933957408" visible="true" version="2" changeset="101101121" timestamp="2021-03-16T07:55:50Z" user="MountStanley" uid="11187605" lat="19.7702475" lon="105.8857047"/>
 <node id="5933957409" visible="true" version="2" changeset="101101121" timestamp="2021-03-16T07:55:50Z" user="MountStanley" uid="11187605" lat="19.7713883" lon="105.8865523"/>
 <node id="5933957410" visible="true" version="2" changeset="101101121" timestamp="2021-03-16T07:55:50Z" user="MountStanley" uid="11187605" lat="19.7726201" lon="105.8875608"/>
 <node id="5934052911" visible="true" version="1" changeset="62975369" timestamp="2018-09-27T12:11:55Z" user="Sal73x" uid="1293386" lat="19.7859069" lon="105.7709449"/>
 <node id="5934052912" visible="true" version="2" changeset="91244176" timestamp="2020-09-21T18:16:15Z" user="VLD155" uid="10456863" lat="19.7858761" lon="105.7712361"/>
 <node id="5934052913" visible="true" version="2" changeset="91244176" timestamp="2020-09-21T18:16:15Z" user="VLD155" uid="10456863" lat="19.7859407" lon="105.7716226"/>
 <node id="5934052914" visible="true" version="1" changeset="62975369" timestamp="2018-09-27T12:11:55Z" user="Sal73x" uid="1293386" lat="19.7859173" lon="105.7718967"/>
 <node id="5934052915" visible="true" version="2" changeset="91244176" timestamp="2020-09-21T18:16:15Z" user="VLD155" uid="10456863" lat="19.7858315" lon="105.7724527"/>
 <node id="5934052916" visible="true" version="2" changeset="91244176" timestamp="2020-09-21T18:16:15Z" user="VLD155" uid="10456863" lat="19.7858618" lon="105.7725666"/>
 <node id="5934052917" visible="true" version="1" changeset="62975369" timestamp="2018-09-27T12:11:55Z" user="Sal73x" uid="1293386" lat="19.7860588" lon="105.7733115"/>
 <node id="5934052918" visible="true" version="2" changeset="91243981" timestamp="2020-09-21T18:10:31Z" user="VLD155" uid="10456863" lat="19.7860691" lon="105.7736285"/>
 <node id="5934052919" visible="true" version="2" changeset="91243981" timestamp="2020-09-21T18:10:31Z" user="VLD155" uid="10456863" lat="19.7860100" lon="105.7739140"/>
 <node id="5934052920" visible="true" version="2" changeset="166853480" timestamp="2025-05-28T05:55:42Z" user="ZioDragon" uid="13799024" lat="19.7852804" lon="105.7765751"/>
 <node id="5934052933" visible="true" version="3" changeset="117545352" timestamp="2022-02-18T04:17:18Z" user="vietnam321" uid="11196308" lat="19.7845844" lon="105.7661779"/>
 <node id="5934052934" visible="true" version="2" changeset="132530013" timestamp="2023-02-14T10:33:06Z" user="vietnam321" uid="11196308" lat="19.7828922" lon="105.7717634"/>
 <node id="5934052936" visible="true" version="1" changeset="62975369" timestamp="2018-09-27T12:11:56Z" user="Sal73x" uid="1293386" lat="19.7801050" lon="105.7697578"/>
 <node id="5934052937" visible="true" version="2" changeset="91246724" timestamp="2020-09-21T19:27:40Z" user="VLD155" uid="10456863" lat="19.7768659" lon="105.7678445"/>
 <node id="5934052938" visible="true" version="2" changeset="117845494" timestamp="2022-02-25T11:26:15Z" user="gojala_n" uid="13528338" lat="19.7816126" lon="105.7743100"/>
 <node id="5934052939" visible="true" version="1" changeset="62975369" timestamp="2018-09-27T12:11:56Z" user="Sal73x" uid="1293386" lat="19.7824147" lon="105.7727635"/>
 <node id="5934052940" visible="true" version="1" changeset="62975369" timestamp="2018-09-27T12:11:56Z" user="Sal73x" uid="1293386" lat="19.7795719" lon="105.7707158"/>
 <node id="5934052941" visible="true" version="2" changeset="91246724" timestamp="2020-09-21T19:27:40Z" user="VLD155" uid="10456863" lat="19.7762384" lon="105.7687172"/>
 <node id="5934052944" visible="true" version="1" changeset="62975369" timestamp="2018-09-27T12:11:56Z" user="Sal73x" uid="1293386" lat="19.7788574" lon="105.7690182"/>
 <node id="5934052945" visible="true" version="1" changeset="62975369" timestamp="2018-09-27T12:11:56Z" user="Sal73x" uid="1293386" lat="19.7783175" lon="105.7699732"/>
 <node id="5934052946" visible="true" version="1" changeset="62975369" timestamp="2018-09-27T12:11:56Z" user="Sal73x" uid="1293386" lat="19.7777470" lon="105.7709823"/>
 <node id="5934052947" visible="true" version="1" changeset="62975369" timestamp="2018-09-27T12:11:56Z" user="Sal73x" uid="1293386" lat="19.7804096" lon="105.7727515"/>
 <node id="5934052948" visible="true" version="2" changeset="91244571" timestamp="2020-09-21T18:27:51Z" user="VLD155" uid="10456863" lat="19.7818813" lon="105.7737408"/>
 <node id="5934052949" visible="true" version="1" changeset="62975369" timestamp="2018-09-27T12:11:56Z" user="Sal73x" uid="1293386" lat="19.7800707" lon="105.7733400"/>
 <node id="5934052950" visible="true" version="1" changeset="62975369" timestamp="2018-09-27T12:11:56Z" user="Sal73x" uid="1293386" lat="19.7809892" lon="105.7717367"/>
 <node id="5934052951" visible="true" version="1" changeset="62975369" timestamp="2018-09-27T12:11:56Z" user="Sal73x" uid="1293386" lat="19.7815411" lon="105.7707977"/>
 <node id="5934052952" visible="true" version="1" changeset="62975369" timestamp="2018-09-27T12:11:56Z" user="Sal73x" uid="1293386" lat="19.7786692" lon="105.7724501"/>
 <node id="5934052953" visible="true" version="1" changeset="62975369" timestamp="2018-09-27T12:11:56Z" user="Sal73x" uid="1293386" lat="19.7789866" lon="105.7718060"/>
 <node id="5934052954" visible="true" version="1" changeset="62975369" timestamp="2018-09-27T12:11:56Z" user="Sal73x" uid="1293386" lat="19.7805998" lon="105.7686873"/>
 <node id="5934052955" visible="true" version="2" changeset="132530013" timestamp="2023-02-14T10:33:06Z" user="vietnam321" uid="11196308" lat="19.7833751" lon="105.7701911"/>
 <node id="5934052986" visible="true" version="1" changeset="62975369" timestamp="2018-09-27T12:11:56Z" user="Sal73x" uid="1293386" lat="19.7865317" lon="105.7681834"/>
 <node id="5934052987" visible="true" version="1" changeset="62975369" timestamp="2018-09-27T12:11:56Z" user="Sal73x" uid="1293386" lat="19.7842239" lon="105.7673213"/>
 <node id="5934052988" visible="true" version="3" changeset="117545352" timestamp="2022-02-18T04:17:18Z" user="vietnam321" uid="11196308" lat="19.7867457" lon="105.7670388"/>
 <node id="5934052991" visible="true" version="3" changeset="91665402" timestamp="2020-09-28T20:29:07Z" user="VLD155" uid="10456863" lat="19.7885823" lon="105.7829427"/>
 <node id="5934052992" visible="true" version="1" changeset="62975369" timestamp="2018-09-27T12:11:56Z" user="Sal73x" uid="1293386" lat="19.7804985" lon="105.7814783"/>
 <node id="5934052993" visible="true" version="1" changeset="62975369" timestamp="2018-09-27T12:11:56Z" user="Sal73x" uid="1293386" lat="19.7823341" lon="105.7793806"/>
 <node id="5934052994" visible="true" version="1" changeset="62975369" timestamp="2018-09-27T12:11:56Z" user="Sal73x" uid="1293386" lat="19.7832571" lon="105.7783106"/>
 <node id="5934052995" visible="true" version="1" changeset="62975369" timestamp="2018-09-27T12:11:56Z" user="Sal73x" uid="1293386" lat="19.7836067" lon="105.7786830"/>
 <node id="5934052996" visible="true" version="1" changeset="62975369" timestamp="2018-09-27T12:11:56Z" user="Sal73x" uid="1293386" lat="19.7826955" lon="105.7797298"/>
 <node id="5934052997" visible="true" version="1" changeset="62975369" timestamp="2018-09-27T12:11:56Z" user="Sal73x" uid="1293386" lat="19.7808621" lon="105.7818329"/>
 <node id="5934052998" visible="true" version="2" changeset="107306922" timestamp="2021-07-02T11:08:05Z" user="KhanhPPA" uid="13685842" lat="19.7838249" lon="105.7828561"/>
 <node id="5934052999" visible="true" version="1" changeset="62975369" timestamp="2018-09-27T12:11:57Z" user="Sal73x" uid="1293386" lat="19.7827349" lon="105.7817971"/>
 <node id="5934053000" visible="true" version="1" changeset="62975369" timestamp="2018-09-27T12:11:57Z" user="Sal73x" uid="1293386" lat="19.7817379" lon="105.7808283"/>
 <node id="5934053001" visible="true" version="1" changeset="62975369" timestamp="2018-09-27T12:11:57Z" user="Sal73x" uid="1293386" lat="19.7813755" lon="105.7804761"/>
 <node id="5934053002" visible="true" version="1" changeset="62975369" timestamp="2018-09-27T12:11:57Z" user="Sal73x" uid="1293386" lat="19.7839257" lon="105.7829543"/>
 <node id="5934692844" visible="true" version="4" changeset="166853480" timestamp="2025-05-28T05:55:42Z" user="ZioDragon" uid="13799024" lat="19.7687963" lon="105.7762786"/>
 <node id="5934692858" visible="true" version="3" changeset="166853480" timestamp="2025-05-28T05:55:42Z" user="ZioDragon" uid="13799024" lat="19.7718081" lon="105.7757918"/>
 <node id="5934693803" visible="true" version="3" changeset="166853480" timestamp="2025-05-28T05:55:42Z" user="ZioDragon" uid="13799024" lat="19.7732443" lon="105.7877198"/>
 <node id="6030095648" visible="true" version="2" changeset="161511812" timestamp="2025-01-19T02:39:35Z" user="vietnam321" uid="11196308" lat="19.7999424" lon="105.7722940"/>
 <node id="6030095649" visible="true" version="1" changeset="64085533" timestamp="2018-11-01T16:34:05Z" user="Sal73x" uid="1293386" lat="19.8014058" lon="105.7724428"/>
 <node id="6030095651" visible="true" version="1" changeset="64085533" timestamp="2018-11-01T16:34:05Z" user="Sal73x" uid="1293386" lat="19.8013521" lon="105.7741864"/>
 <node id="6030095652" visible="true" version="2" changeset="161511812" timestamp="2025-01-19T02:39:35Z" user="vietnam321" uid="11196308" lat="19.7998021" lon="105.7740141"/>
 <node id="6030095653" visible="true" version="1" changeset="64085533" timestamp="2018-11-01T16:34:05Z" user="Sal73x" uid="1293386" lat="19.7986047" lon="105.7773859"/>
 <node id="6030095654" visible="true" version="1" changeset="64085533" timestamp="2018-11-01T16:34:05Z" user="Sal73x" uid="1293386" lat="19.7983806" lon="105.7774841"/>
 <node id="6030095655" visible="true" version="2" changeset="103424397" timestamp="2021-04-22T16:01:33Z" user="siddi_s" uid="11659604" lat="19.7974485" lon="105.7775185"/>
 <node id="6030095656" visible="true" version="1" changeset="64085533" timestamp="2018-11-01T16:34:05Z" user="Sal73x" uid="1293386" lat="19.7980368" lon="105.7774938"/>
 <node id="6030095657" visible="true" version="1" changeset="64085533" timestamp="2018-11-01T16:34:05Z" user="Sal73x" uid="1293386" lat="19.7981449" lon="105.7789085"/>
 <node id="6030095658" visible="true" version="1" changeset="64085533" timestamp="2018-11-01T16:34:05Z" user="Sal73x" uid="1293386" lat="19.7980799" lon="105.7780577"/>
 <node id="6030095659" visible="true" version="1" changeset="64085533" timestamp="2018-11-01T16:34:05Z" user="Sal73x" uid="1293386" lat="19.7968871" lon="105.7780964"/>
 <node id="6030095660" visible="true" version="1" changeset="64085533" timestamp="2018-11-01T16:34:05Z" user="Sal73x" uid="1293386" lat="19.7963579" lon="105.7781467"/>
 <node id="6030095661" visible="true" version="1" changeset="64085533" timestamp="2018-11-01T16:34:05Z" user="Sal73x" uid="1293386" lat="19.7969367" lon="105.7787203"/>
 <node id="6030095662" visible="true" version="1" changeset="64085533" timestamp="2018-11-01T16:34:05Z" user="Sal73x" uid="1293386" lat="19.7960241" lon="105.7787781"/>
 <node id="6030095663" visible="true" version="1" changeset="64085533" timestamp="2018-11-01T16:34:05Z" user="Sal73x" uid="1293386" lat="19.7963988" lon="105.7787544"/>
 <node id="6030095664" visible="true" version="2" changeset="166853480" timestamp="2025-05-28T05:55:42Z" user="ZioDragon" uid="13799024" lat="19.7963266" lon="105.7767116"/>
 <node id="6030095665" visible="true" version="2" changeset="161511812" timestamp="2025-01-19T02:39:35Z" user="vietnam321" uid="11196308" lat="19.7949573" lon="105.7808540"/>
 <node id="6030095666" visible="true" version="2" changeset="161511812" timestamp="2025-01-19T02:39:35Z" user="vietnam321" uid="11196308" lat="19.7950993" lon="105.7809521"/>
 <node id="6030095667" visible="true" version="2" changeset="91657172" timestamp="2020-09-28T16:56:29Z" user="VLD155" uid="10456863" lat="19.7965876" lon="105.7810428"/>
 <node id="6030095668" visible="true" version="1" changeset="64085533" timestamp="2018-11-01T16:34:05Z" user="Sal73x" uid="1293386" lat="19.7982033" lon="105.7810138"/>
 <node id="6030095669" visible="true" version="1" changeset="64085533" timestamp="2018-11-01T16:34:05Z" user="Sal73x" uid="1293386" lat="19.8002092" lon="105.7809480"/>
 <node id="6030095670" visible="true" version="1" changeset="64085533" timestamp="2018-11-01T16:34:05Z" user="Sal73x" uid="1293386" lat="19.8003461" lon="105.7803148"/>
 <node id="6030095671" visible="true" version="1" changeset="64085533" timestamp="2018-11-01T16:34:05Z" user="Sal73x" uid="1293386" lat="19.8003461" lon="105.7800820"/>
 <node id="6030095672" visible="true" version="1" changeset="64085533" timestamp="2018-11-01T16:34:05Z" user="Sal73x" uid="1293386" lat="19.8003050" lon="105.7799219"/>
 <node id="6030095673" visible="true" version="3" changeset="106447281" timestamp="2021-06-16T07:45:23Z" user="isha01" uid="11659048" lat="19.7992971" lon="105.7784760"/>
 <node id="6030095674" visible="true" version="3" changeset="106447281" timestamp="2021-06-16T07:45:23Z" user="isha01" uid="11659048" lat="19.7992829" lon="105.7784275"/>
 <node id="6030095675" visible="true" version="3" changeset="106447281" timestamp="2021-06-16T07:45:23Z" user="isha01" uid="11659048" lat="19.7992959" lon="105.7783799"/>
 <node id="6030095676" visible="true" version="1" changeset="64085533" timestamp="2018-11-01T16:34:05Z" user="Sal73x" uid="1293386" lat="19.7995676" lon="105.7782974"/>
 <node id="6030095677" visible="true" version="1" changeset="64085533" timestamp="2018-11-01T16:34:05Z" user="Sal73x" uid="1293386" lat="19.7994872" lon="105.7782942"/>
 <node id="6030095678" visible="true" version="1" changeset="64085533" timestamp="2018-11-01T16:34:05Z" user="Sal73x" uid="1293386" lat="19.7994335" lon="105.7783418"/>
 <node id="6030095679" visible="true" version="1" changeset="64085533" timestamp="2018-11-01T16:34:05Z" user="Sal73x" uid="1293386" lat="19.7994126" lon="105.7784051"/>
 <node id="6030095680" visible="true" version="1" changeset="64085533" timestamp="2018-11-01T16:34:05Z" user="Sal73x" uid="1293386" lat="19.7994156" lon="105.7785160"/>
 <node id="6030095681" visible="true" version="1" changeset="64085533" timestamp="2018-11-01T16:34:05Z" user="Sal73x" uid="1293386" lat="19.7997435" lon="105.7790798"/>
 <node id="6030095682" visible="true" version="1" changeset="64085533" timestamp="2018-11-01T16:34:05Z" user="Sal73x" uid="1293386" lat="19.7998537" lon="105.7790228"/>
 <node id="6030095683" visible="true" version="1" changeset="64085533" timestamp="2018-11-01T16:34:05Z" user="Sal73x" uid="1293386" lat="19.7999253" lon="105.7784621"/>
 <node id="6030095684" visible="true" version="1" changeset="64085533" timestamp="2018-11-01T16:34:05Z" user="Sal73x" uid="1293386" lat="19.7998835" lon="105.7783639"/>
 <node id="6070353231" visible="true" version="1" changeset="64616079" timestamp="2018-11-18T10:25:00Z" user="stadiaarcadia" uid="8570285" lat="19.7967917" lon="105.7753289"/>
 <node id="6070353232" visible="true" version="1" changeset="64616079" timestamp="2018-11-18T10:25:00Z" user="stadiaarcadia" uid="8570285" lat="19.7966430" lon="105.7753399"/>
 <node id="6070353233" visible="true" version="1" changeset="64616079" timestamp="2018-11-18T10:25:00Z" user="stadiaarcadia" uid="8570285" lat="19.7966875" lon="105.7760179"/>
 <node id="6070353234" visible="true" version="1" changeset="64616079" timestamp="2018-11-18T10:25:00Z" user="stadiaarcadia" uid="8570285" lat="19.7968362" lon="105.7760069"/>
 <node id="6070353235" visible="true" version="1" changeset="64616079" timestamp="2018-11-18T10:25:00Z" user="stadiaarcadia" uid="8570285" lat="19.7970544" lon="105.7753518"/>
 <node id="6070353236" visible="true" version="1" changeset="64616079" timestamp="2018-11-18T10:25:00Z" user="stadiaarcadia" uid="8570285" lat="19.7968840" lon="105.7753666"/>
 <node id="6070353237" visible="true" version="1" changeset="64616079" timestamp="2018-11-18T10:25:00Z" user="stadiaarcadia" uid="8570285" lat="19.7969080" lon="105.7756791"/>
 <node id="6070353238" visible="true" version="1" changeset="64616079" timestamp="2018-11-18T10:25:00Z" user="stadiaarcadia" uid="8570285" lat="19.7970783" lon="105.7756643"/>
 <node id="6070353239" visible="true" version="1" changeset="64616079" timestamp="2018-11-18T10:25:00Z" user="stadiaarcadia" uid="8570285" lat="19.7970664" lon="105.7757332"/>
 <node id="6070353240" visible="true" version="1" changeset="64616079" timestamp="2018-11-18T10:25:00Z" user="stadiaarcadia" uid="8570285" lat="19.7969977" lon="105.7757378"/>
 <node id="6070353241" visible="true" version="1" changeset="64616079" timestamp="2018-11-18T10:25:00Z" user="stadiaarcadia" uid="8570285" lat="19.7970155" lon="105.7760343"/>
 <node id="6070353242" visible="true" version="1" changeset="64616079" timestamp="2018-11-18T10:25:00Z" user="stadiaarcadia" uid="8570285" lat="19.7970841" lon="105.7760297"/>
 <node id="6070353243" visible="true" version="1" changeset="64616079" timestamp="2018-11-18T10:25:00Z" user="stadiaarcadia" uid="8570285" lat="19.7970105" lon="105.7761060"/>
 <node id="6070353244" visible="true" version="1" changeset="64616079" timestamp="2018-11-18T10:25:00Z" user="stadiaarcadia" uid="8570285" lat="19.7965077" lon="105.7761397"/>
 <node id="6070353245" visible="true" version="1" changeset="64616079" timestamp="2018-11-18T10:25:00Z" user="stadiaarcadia" uid="8570285" lat="19.7965132" lon="105.7762319"/>
 <node id="6070353246" visible="true" version="1" changeset="64616079" timestamp="2018-11-18T10:25:00Z" user="stadiaarcadia" uid="8570285" lat="19.7970159" lon="105.7761982"/>
 <node id="6070353247" visible="true" version="1" changeset="64616079" timestamp="2018-11-18T10:25:00Z" user="stadiaarcadia" uid="8570285" lat="19.7965318" lon="105.7757136"/>
 <node id="6070353248" visible="true" version="1" changeset="64616079" timestamp="2018-11-18T10:25:00Z" user="stadiaarcadia" uid="8570285" lat="19.7965048" lon="105.7753287"/>
 <node id="6070353249" visible="true" version="1" changeset="64616079" timestamp="2018-11-18T10:25:00Z" user="stadiaarcadia" uid="8570285" lat="19.7963256" lon="105.7753430"/>
 <node id="6070353250" visible="true" version="1" changeset="64616079" timestamp="2018-11-18T10:25:00Z" user="stadiaarcadia" uid="8570285" lat="19.7963526" lon="105.7757278"/>
 <node id="6070353251" visible="true" version="1" changeset="64616079" timestamp="2018-11-18T10:25:00Z" user="stadiaarcadia" uid="8570285" lat="19.7965269" lon="105.7757379"/>
 <node id="6070353252" visible="true" version="1" changeset="64616079" timestamp="2018-11-18T10:25:00Z" user="stadiaarcadia" uid="8570285" lat="19.7963509" lon="105.7757526"/>
 <node id="6070353253" visible="true" version="1" changeset="64616079" timestamp="2018-11-18T10:25:00Z" user="stadiaarcadia" uid="8570285" lat="19.7963723" lon="105.7760415"/>
 <node id="6070353254" visible="true" version="1" changeset="64616079" timestamp="2018-11-18T10:25:00Z" user="stadiaarcadia" uid="8570285" lat="19.7965483" lon="105.7760268"/>
 <node id="6070353255" visible="true" version="1" changeset="64616079" timestamp="2018-11-18T10:25:00Z" user="stadiaarcadia" uid="8570285" lat="19.7962088" lon="105.7753560"/>
 <node id="6070353256" visible="true" version="1" changeset="64616079" timestamp="2018-11-18T10:25:00Z" user="stadiaarcadia" uid="8570285" lat="19.7959877" lon="105.7753714"/>
 <node id="6070353257" visible="true" version="1" changeset="64616079" timestamp="2018-11-18T10:25:00Z" user="stadiaarcadia" uid="8570285" lat="19.7960111" lon="105.7757502"/>
 <node id="6070353258" visible="true" version="1" changeset="64616079" timestamp="2018-11-18T10:25:00Z" user="stadiaarcadia" uid="8570285" lat="19.7962321" lon="105.7757349"/>
 <node id="6070353259" visible="true" version="1" changeset="64616079" timestamp="2018-11-18T10:25:00Z" user="stadiaarcadia" uid="8570285" lat="19.7964546" lon="105.7761587"/>
 <node id="6070353260" visible="true" version="1" changeset="64616079" timestamp="2018-11-18T10:25:00Z" user="stadiaarcadia" uid="8570285" lat="19.7962906" lon="105.7761668"/>
 <node id="6070353261" visible="true" version="1" changeset="64616079" timestamp="2018-11-18T10:25:00Z" user="stadiaarcadia" uid="8570285" lat="19.7962943" lon="105.7762510"/>
 <node id="6070353262" visible="true" version="1" changeset="64616079" timestamp="2018-11-18T10:25:00Z" user="stadiaarcadia" uid="8570285" lat="19.7964582" lon="105.7762429"/>
 <node id="6070353263" visible="true" version="1" changeset="64616079" timestamp="2018-11-18T10:25:00Z" user="stadiaarcadia" uid="8570285" lat="19.7962633" lon="105.7761698"/>
 <node id="6070353264" visible="true" version="1" changeset="64616079" timestamp="2018-11-18T10:25:00Z" user="stadiaarcadia" uid="8570285" lat="19.7960993" lon="105.7761779"/>
 <node id="6070353265" visible="true" version="1" changeset="64616079" timestamp="2018-11-18T10:25:01Z" user="stadiaarcadia" uid="8570285" lat="19.7961030" lon="105.7762621"/>
 <node id="6070353266" visible="true" version="1" changeset="64616079" timestamp="2018-11-18T10:25:01Z" user="stadiaarcadia" uid="8570285" lat="19.7962670" lon="105.7762540"/>
 <node id="6330295490" visible="true" version="1" changeset="68012587" timestamp="2019-03-11T07:55:04Z" user="Sagioio" uid="9518277" lat="19.7879195" lon="105.7772506"/>
 <node id="6330295491" visible="true" version="1" changeset="68012587" timestamp="2019-03-11T07:55:04Z" user="Sagioio" uid="9518277" lat="19.7889717" lon="105.7773678"/>
 <node id="6330295492" visible="true" version="1" changeset="68012587" timestamp="2019-03-11T07:55:04Z" user="Sagioio" uid="9518277" lat="19.7889628" lon="105.7775768"/>
 <node id="6330295493" visible="true" version="1" changeset="68012587" timestamp="2019-03-11T07:55:04Z" user="Sagioio" uid="9518277" lat="19.7888823" lon="105.7779950"/>
 <node id="6330295494" visible="true" version="1" changeset="68012587" timestamp="2019-03-11T07:55:04Z" user="Sagioio" uid="9518277" lat="19.7887034" lon="105.7779855"/>
 <node id="6330295495" visible="true" version="1" changeset="68012587" timestamp="2019-03-11T07:55:04Z" user="Sagioio" uid="9518277" lat="19.7879136" lon="105.7777130"/>
 <node id="6330295496" visible="true" version="1" changeset="68012587" timestamp="2019-03-11T07:55:04Z" user="Sagioio" uid="9518277" lat="19.7878510" lon="105.7776022"/>
 <node id="6330295497" visible="true" version="1" changeset="68012587" timestamp="2019-03-11T07:55:04Z" user="Sagioio" uid="9518277" lat="19.7827402" lon="105.7802519"/>
 <node id="6330295498" visible="true" version="1" changeset="68012587" timestamp="2019-03-11T07:55:04Z" user="Sagioio" uid="9518277" lat="19.7826392" lon="105.7802244"/>
 <node id="6330295499" visible="true" version="1" changeset="68012587" timestamp="2019-03-11T07:55:04Z" user="Sagioio" uid="9518277" lat="19.7825693" lon="105.7803427"/>
 <node id="6330295500" visible="true" version="1" changeset="68012587" timestamp="2019-03-11T07:55:04Z" user="Sagioio" uid="9518277" lat="19.7824450" lon="105.7804115"/>
 <node id="6330295501" visible="true" version="1" changeset="68012587" timestamp="2019-03-11T07:55:04Z" user="Sagioio" uid="9518277" lat="19.7824191" lon="105.7805602"/>
 <node id="6330295502" visible="true" version="1" changeset="68012587" timestamp="2019-03-11T07:55:04Z" user="Sagioio" uid="9518277" lat="19.7825020" lon="105.7806372"/>
 <node id="6330295503" visible="true" version="1" changeset="68012587" timestamp="2019-03-11T07:55:04Z" user="Sagioio" uid="9518277" lat="19.7825589" lon="105.7807115"/>
 <node id="6330295504" visible="true" version="1" changeset="68012587" timestamp="2019-03-11T07:55:04Z" user="Sagioio" uid="9518277" lat="19.7825304" lon="105.7808161"/>
 <node id="6330295505" visible="true" version="1" changeset="68012587" timestamp="2019-03-11T07:55:04Z" user="Sagioio" uid="9518277" lat="19.7824605" lon="105.7809042"/>
 <node id="6330295506" visible="true" version="1" changeset="68012587" timestamp="2019-03-11T07:55:04Z" user="Sagioio" uid="9518277" lat="19.7824398" lon="105.7809868"/>
 <node id="6330295507" visible="true" version="1" changeset="68012587" timestamp="2019-03-11T07:55:04Z" user="Sagioio" uid="9518277" lat="19.7824761" lon="105.7810803"/>
 <node id="6330295508" visible="true" version="1" changeset="68012587" timestamp="2019-03-11T07:55:04Z" user="Sagioio" uid="9518277" lat="19.7825408" lon="105.7811299"/>
 <node id="6330295509" visible="true" version="1" changeset="68012587" timestamp="2019-03-11T07:55:04Z" user="Sagioio" uid="9518277" lat="19.7826004" lon="105.7812014"/>
 <node id="6330295510" visible="true" version="1" changeset="68012587" timestamp="2019-03-11T07:55:04Z" user="Sagioio" uid="9518277" lat="19.7826366" lon="105.7812950"/>
 <node id="6330295511" visible="true" version="1" changeset="68012587" timestamp="2019-03-11T07:55:04Z" user="Sagioio" uid="9518277" lat="19.7827014" lon="105.7813170"/>
 <node id="6330295512" visible="true" version="1" changeset="68012587" timestamp="2019-03-11T07:55:04Z" user="Sagioio" uid="9518277" lat="19.7827713" lon="105.7813005"/>
 <node id="6330295513" visible="true" version="1" changeset="68012587" timestamp="2019-03-11T07:55:04Z" user="Sagioio" uid="9518277" lat="19.7828361" lon="105.7812620"/>
 <node id="6330295514" visible="true" version="1" changeset="68012587" timestamp="2019-03-11T07:55:04Z" user="Sagioio" uid="9518277" lat="19.7829034" lon="105.7812069"/>
 <node id="6330295515" visible="true" version="1" changeset="68012587" timestamp="2019-03-11T07:55:04Z" user="Sagioio" uid="9518277" lat="19.7829500" lon="105.7811381"/>
 <node id="6330295516" visible="true" version="1" changeset="68012587" timestamp="2019-03-11T07:55:04Z" user="Sagioio" uid="9518277" lat="19.7829604" lon="105.7810501"/>
 <node id="6330295517" visible="true" version="1" changeset="68012587" timestamp="2019-03-11T07:55:04Z" user="Sagioio" uid="9518277" lat="19.7829163" lon="105.7809813"/>
 <node id="6330295518" visible="true" version="1" changeset="68012587" timestamp="2019-03-11T07:55:04Z" user="Sagioio" uid="9518277" lat="19.7828697" lon="105.7809207"/>
 <node id="6330295519" visible="true" version="1" changeset="68012587" timestamp="2019-03-11T07:55:04Z" user="Sagioio" uid="9518277" lat="19.7828386" lon="105.7808244"/>
 <node id="6330295520" visible="true" version="1" changeset="68012587" timestamp="2019-03-11T07:55:04Z" user="Sagioio" uid="9518277" lat="19.7828050" lon="105.7807831"/>
 <node id="6330295521" visible="true" version="1" changeset="68012587" timestamp="2019-03-11T07:55:04Z" user="Sagioio" uid="9518277" lat="19.7827506" lon="105.7807638"/>
 <node id="6330295522" visible="true" version="1" changeset="68012587" timestamp="2019-03-11T07:55:04Z" user="Sagioio" uid="9518277" lat="19.7826781" lon="105.7807391"/>
 <node id="6330295523" visible="true" version="1" changeset="68012587" timestamp="2019-03-11T07:55:04Z" user="Sagioio" uid="9518277" lat="19.7826470" lon="105.7806895"/>
 <node id="6330295524" visible="true" version="1" changeset="68012587" timestamp="2019-03-11T07:55:04Z" user="Sagioio" uid="9518277" lat="19.7826444" lon="105.7806207"/>
 <node id="6330295525" visible="true" version="1" changeset="68012587" timestamp="2019-03-11T07:55:04Z" user="Sagioio" uid="9518277" lat="19.7826729" lon="105.7805354"/>
 <node id="6330295526" visible="true" version="1" changeset="68012587" timestamp="2019-03-11T07:55:04Z" user="Sagioio" uid="9518277" lat="19.7826755" lon="105.7804418"/>
 <node id="6330295527" visible="true" version="1" changeset="68012587" timestamp="2019-03-11T07:55:04Z" user="Sagioio" uid="9518277" lat="19.7827480" lon="105.7803152"/>
 <node id="6330295529" visible="true" version="1" changeset="68012587" timestamp="2019-03-11T07:55:04Z" user="Sagioio" uid="9518277" lat="19.7892220" lon="105.7773875"/>
 <node id="6330295530" visible="true" version="1" changeset="68012587" timestamp="2019-03-11T07:55:04Z" user="Sagioio" uid="9518277" lat="19.7891728" lon="105.7774597"/>
 <node id="6330295531" visible="true" version="1" changeset="68012587" timestamp="2019-03-11T07:55:04Z" user="Sagioio" uid="9518277" lat="19.7891494" lon="105.7776066"/>
 <node id="6330295532" visible="true" version="1" changeset="68012587" timestamp="2019-03-11T07:55:04Z" user="Sagioio" uid="9518277" lat="19.7895289" lon="105.7776265"/>
 <node id="6330295533" visible="true" version="1" changeset="68012587" timestamp="2019-03-11T07:55:04Z" user="Sagioio" uid="9518277" lat="19.7899155" lon="105.7775992"/>
 <node id="6330295534" visible="true" version="1" changeset="68012587" timestamp="2019-03-11T07:55:04Z" user="Sagioio" uid="9518277" lat="19.7901123" lon="105.7775842"/>
 <node id="6330295535" visible="true" version="1" changeset="68012587" timestamp="2019-03-11T07:55:04Z" user="Sagioio" uid="9518277" lat="19.7901521" lon="105.7774049"/>
 <node id="6330295536" visible="true" version="1" changeset="68012587" timestamp="2019-03-11T07:55:04Z" user="Sagioio" uid="9518277" lat="19.7901053" lon="105.7773477"/>
 <node id="6330295537" visible="true" version="1" changeset="68012587" timestamp="2019-03-11T07:55:04Z" user="Sagioio" uid="9518277" lat="19.7898312" lon="105.7773601"/>
 <node id="6583137089" visible="true" version="1" changeset="71805941" timestamp="2019-07-02T03:56:21Z" user="Mister132" uid="9613909" lat="19.7862025" lon="105.7746958">
  <tag k="name:en" v="camelia hotel"/>
  <tag k="tourism" v="hotel"/>
 </node>
 <node id="6602734185" visible="true" version="2" changeset="72201254" timestamp="2019-07-13T02:04:43Z" user="Louti" uid="10141675" lat="19.7861527" lon="105.7748872">
  <tag k="internet_access" v="wlan"/>
  <tag k="name" v="Camellia Hostel"/>
  <tag k="tourism" v="hotel"/>
 </node>
 <node id="6743334486" visible="true" version="1" changeset="73708393" timestamp="2019-08-25T02:52:50Z" user="stadiaarcadia" uid="8570285" lat="19.7998885" lon="105.7715443"/>
 <node id="6743334487" visible="true" version="1" changeset="73708393" timestamp="2019-08-25T02:52:50Z" user="stadiaarcadia" uid="8570285" lat="19.7997078" lon="105.7715234"/>
 <node id="6743334488" visible="true" version="1" changeset="73708393" timestamp="2019-08-25T02:52:50Z" user="stadiaarcadia" uid="8570285" lat="19.7996973" lon="105.7716264"/>
 <node id="6743334489" visible="true" version="1" changeset="73708393" timestamp="2019-08-25T02:52:50Z" user="stadiaarcadia" uid="8570285" lat="19.7998779" lon="105.7716474"/>
 <node id="6743334490" visible="true" version="2" changeset="176774624" timestamp="2026-01-03T09:55:07Z" user="conradoos" uid="6549455" lat="19.8001781" lon="105.7717451"/>
 <node id="6743334491" visible="true" version="2" changeset="176774624" timestamp="2026-01-03T09:55:07Z" user="conradoos" uid="6549455" lat="19.7999714" lon="105.7717203"/>
 <node id="6743334492" visible="true" version="2" changeset="176774624" timestamp="2026-01-03T09:55:07Z" user="conradoos" uid="6549455" lat="19.7999633" lon="105.7717971"/>
 <node id="6743334493" visible="true" version="2" changeset="176774624" timestamp="2026-01-03T09:55:07Z" user="conradoos" uid="6549455" lat="19.8001700" lon="105.7718219"/>
 <node id="6743334494" visible="true" version="1" changeset="73708393" timestamp="2019-08-25T02:52:50Z" user="stadiaarcadia" uid="8570285" lat="19.8000571" lon="105.7737124"/>
 <node id="6743334495" visible="true" version="1" changeset="73708393" timestamp="2019-08-25T02:52:50Z" user="stadiaarcadia" uid="8570285" lat="19.7999866" lon="105.7737049"/>
 <node id="6743334496" visible="true" version="1" changeset="73708393" timestamp="2019-08-25T02:52:50Z" user="stadiaarcadia" uid="8570285" lat="19.7999747" lon="105.7738324"/>
 <node id="6743334497" visible="true" version="1" changeset="73708393" timestamp="2019-08-25T02:52:50Z" user="stadiaarcadia" uid="8570285" lat="19.8000452" lon="105.7738398"/>
 <node id="6743334498" visible="true" version="1" changeset="73708393" timestamp="2019-08-25T02:52:50Z" user="stadiaarcadia" uid="8570285" lat="19.8005622" lon="105.7731993"/>
 <node id="6743334499" visible="true" version="1" changeset="73708393" timestamp="2019-08-25T02:52:50Z" user="stadiaarcadia" uid="8570285" lat="19.8004524" lon="105.7731918"/>
 <node id="6743334500" visible="true" version="1" changeset="73708393" timestamp="2019-08-25T02:52:50Z" user="stadiaarcadia" uid="8570285" lat="19.8004482" lon="105.7732615"/>
 <node id="6743334501" visible="true" version="1" changeset="73708393" timestamp="2019-08-25T02:52:50Z" user="stadiaarcadia" uid="8570285" lat="19.8005580" lon="105.7732690"/>
 <node id="6743334502" visible="true" version="1" changeset="73708393" timestamp="2019-08-25T02:52:50Z" user="stadiaarcadia" uid="8570285" lat="19.8006380" lon="105.7732049"/>
 <node id="6743334503" visible="true" version="1" changeset="73708393" timestamp="2019-08-25T02:52:50Z" user="stadiaarcadia" uid="8570285" lat="19.8005857" lon="105.7732011"/>
 <node id="6743334504" visible="true" version="1" changeset="73708393" timestamp="2019-08-25T02:52:50Z" user="stadiaarcadia" uid="8570285" lat="19.8005780" lon="105.7733226"/>
 <node id="6743334505" visible="true" version="1" changeset="73708393" timestamp="2019-08-25T02:52:50Z" user="stadiaarcadia" uid="8570285" lat="19.8006303" lon="105.7733263"/>
 <node id="6743334506" visible="true" version="1" changeset="73708393" timestamp="2019-08-25T02:52:50Z" user="stadiaarcadia" uid="8570285" lat="19.8005862" lon="105.7738390"/>
 <node id="6743334507" visible="true" version="1" changeset="73708393" timestamp="2019-08-25T02:52:50Z" user="stadiaarcadia" uid="8570285" lat="19.8005327" lon="105.7738362"/>
 <node id="6743334508" visible="true" version="1" changeset="73708393" timestamp="2019-08-25T02:52:50Z" user="stadiaarcadia" uid="8570285" lat="19.8005266" lon="105.7739671"/>
 <node id="6743334509" visible="true" version="1" changeset="73708393" timestamp="2019-08-25T02:52:50Z" user="stadiaarcadia" uid="8570285" lat="19.8005802" lon="105.7739699"/>
 <node id="7010058065" visible="true" version="3" changeset="166853480" timestamp="2025-05-28T05:55:42Z" user="ZioDragon" uid="13799024" lat="19.7951538" lon="105.7787600"/>
 <node id="7010058066" visible="true" version="3" changeset="166853480" timestamp="2025-05-28T05:55:42Z" user="ZioDragon" uid="13799024" lat="19.7949642" lon="105.7787634"/>
 <node id="7010058067" visible="true" version="1" changeset="77546315" timestamp="2019-11-25T23:29:04Z" user="Sal73x" uid="1293386" lat="19.7923625" lon="105.7787533"/>
 <node id="7010058068" visible="true" version="1" changeset="77546315" timestamp="2019-11-25T23:29:04Z" user="Sal73x" uid="1293386" lat="19.7921573" lon="105.7787301"/>
 <node id="7010058069" visible="true" version="2" changeset="91246066" timestamp="2020-09-21T19:08:31Z" user="VLD155" uid="10456863" lat="19.7915060" lon="105.7786302"/>
 <node id="7010058070" visible="true" version="2" changeset="91246206" timestamp="2020-09-21T19:12:48Z" user="VLD155" uid="10456863" lat="19.7899662" lon="105.7783246"/>
 <node id="7010058071" visible="true" version="3" changeset="103409474" timestamp="2021-04-22T11:41:46Z" user="jonna_kuti" uid="10751844" lat="19.7875332" lon="105.7777155"/>
 <node id="7010058072" visible="true" version="3" changeset="103409648" timestamp="2021-04-22T11:43:58Z" user="jonna_kuti" uid="10751844" lat="19.7873916" lon="105.7783732"/>
 <node id="7010058074" visible="true" version="2" changeset="161511812" timestamp="2025-01-19T02:39:35Z" user="vietnam321" uid="11196308" lat="19.7949318" lon="105.7823852"/>
 <node id="7010058081" visible="true" version="1" changeset="77546315" timestamp="2019-11-25T23:29:04Z" user="Sal73x" uid="1293386" lat="19.7872195" lon="105.7802369"/>
 <node id="7010058082" visible="true" version="1" changeset="77546315" timestamp="2019-11-25T23:29:04Z" user="Sal73x" uid="1293386" lat="19.7870423" lon="105.7802929"/>
 <node id="7010058083" visible="true" version="1" changeset="77546315" timestamp="2019-11-25T23:29:04Z" user="Sal73x" uid="1293386" lat="19.7889362" lon="105.7781321"/>
 <node id="7010058084" visible="true" version="1" changeset="77546315" timestamp="2019-11-25T23:29:04Z" user="Sal73x" uid="1293386" lat="19.7888445" lon="105.7785744"/>
 <node id="7010062785" visible="true" version="1" changeset="77546315" timestamp="2019-11-25T23:29:04Z" user="Sal73x" uid="1293386" lat="19.7888231" lon="105.7800026"/>
 <node id="7010062786" visible="true" version="2" changeset="91662210" timestamp="2020-09-28T18:48:03Z" user="VLD155" uid="10456863" lat="19.7887694" lon="105.7809603"/>
 <node id="7077201387" visible="true" version="1" changeset="78731336" timestamp="2019-12-22T10:54:47Z" user="Mister132" uid="9613909" lat="19.7994793" lon="105.7761944">
  <tag k="amenity" v="restaurant"/>
  <tag k="name:en" v="JOLLIBEE"/>
 </node>
 <node id="7232616285" visible="true" version="1" changeset="81315131" timestamp="2020-02-21T11:26:17Z" user="James Owen" uid="10182032" lat="19.7861950" lon="105.7748195">
  <tag k="name:en" v="Camellia Hotel"/>
  <tag k="tourism" v="hotel"/>
 </node>
 <node id="7234548185" visible="true" version="1" changeset="81338468" timestamp="2020-02-22T04:44:30Z" user="James Owen" uid="10182032" lat="19.7916994" lon="105.7739005">
  <tag k="amenity" v="place_of_worship"/>
  <tag k="name:en" v="Chua Dai Bi"/>
 </node>
 <node id="7786664943" visible="true" version="2" changeset="114865864" timestamp="2021-12-13T04:21:36Z" user="vietnam321" uid="11196308" lat="19.8130173" lon="105.7809813"/>
 <node id="7786664944" visible="true" version="3" changeset="114865864" timestamp="2021-12-13T04:21:36Z" user="vietnam321" uid="11196308" lat="19.8119406" lon="105.7804758"/>
 <node id="7786664951" visible="true" version="2" changeset="114865864" timestamp="2021-12-13T04:21:36Z" user="vietnam321" uid="11196308" lat="19.8107751" lon="105.7798804"/>
 <node id="7839203276" visible="true" version="1" changeset="89842701" timestamp="2020-08-24T08:22:08Z" user="Vương Minh Lê" uid="11699765" lat="19.7963360" lon="105.7773522"/>
 <node id="7839203277" visible="true" version="3" changeset="166853480" timestamp="2025-05-28T05:55:42Z" user="ZioDragon" uid="13799024" lat="19.7951439" lon="105.7774566"/>
 <node id="7839203278" visible="true" version="1" changeset="89842701" timestamp="2020-08-24T08:22:08Z" user="Vương Minh Lê" uid="11699765" lat="19.7957822" lon="105.7774076"/>
 <node id="7839203279" visible="true" version="2" changeset="166853480" timestamp="2025-05-28T05:55:42Z" user="ZioDragon" uid="13799024" lat="19.7957287" lon="105.7767599"/>
 <node id="7917320521" visible="true" version="1" changeset="91053837" timestamp="2020-09-17T14:19:55Z" user="VLD155" uid="10456863" lat="19.8039991" lon="105.7420828"/>
 <node id="7917446802" visible="true" version="1" changeset="91056017" timestamp="2020-09-17T15:07:21Z" user="VLD155" uid="10456863" lat="19.7990936" lon="105.7510021"/>
 <node id="7928485565" visible="true" version="1" changeset="91236546" timestamp="2020-09-21T14:56:16Z" user="VLD155" uid="10456863" lat="19.7974766" lon="105.7786043"/>
 <node id="7928485566" visible="true" version="1" changeset="91236546" timestamp="2020-09-21T14:56:16Z" user="VLD155" uid="10456863" lat="19.7981133" lon="105.7785643"/>
 <node id="7928485567" visible="true" version="1" changeset="91236546" timestamp="2020-09-21T14:56:16Z" user="VLD155" uid="10456863" lat="19.7974491" lon="105.7780782"/>
 <node id="7928485569" visible="true" version="2" changeset="103424397" timestamp="2021-04-22T16:01:33Z" user="siddi_s" uid="11659604" lat="19.7974482" lon="105.7772122"/>
 <node id="7928544216" visible="true" version="1" changeset="91236686" timestamp="2020-09-21T14:59:50Z" user="VLD155" uid="10456863" lat="19.8004463" lon="105.7731454"/>
 <node id="7928544217" visible="true" version="1" changeset="91236686" timestamp="2020-09-21T14:59:50Z" user="VLD155" uid="10456863" lat="19.8013802" lon="105.7731843"/>
 <node id="7928544218" visible="true" version="4" changeset="162191341" timestamp="2025-02-06T04:26:36Z" user="GrabVN_QThoai" uid="15740602" lat="19.7996798" lon="105.7761754"/>
 <node id="7928544219" visible="true" version="2" changeset="103426683" timestamp="2021-04-22T16:55:16Z" user="siddi_s" uid="11659604" lat="19.7987216" lon="105.7753729"/>
 <node id="7928556371" visible="true" version="3" changeset="142292390" timestamp="2023-10-08T06:53:23Z" user="vietnam321" uid="11196308" lat="19.8009819" lon="105.7667292"/>
 <node id="7928567004" visible="true" version="1" changeset="91237194" timestamp="2020-09-21T15:12:05Z" user="VLD155" uid="10456863" lat="19.7986761" lon="105.7711816"/>
 <node id="7928567006" visible="true" version="2" changeset="117548108" timestamp="2022-02-18T06:26:43Z" user="vietnam321" uid="11196308" lat="19.7976072" lon="105.7712423"/>
 <node id="7928567007" visible="true" version="2" changeset="91237386" timestamp="2020-09-21T15:16:16Z" user="VLD155" uid="10456863" lat="19.7973953" lon="105.7718030"/>
 <node id="7928567008" visible="true" version="1" changeset="91237194" timestamp="2020-09-21T15:12:05Z" user="VLD155" uid="10456863" lat="19.7978772" lon="105.7719868"/>
 <node id="7928567009" visible="true" version="2" changeset="139731873" timestamp="2023-08-11T04:46:34Z" user="Grab_Cong" uid="18820325" lat="19.7980810" lon="105.7714047"/>
 <node id="7928567010" visible="true" version="2" changeset="91237386" timestamp="2020-09-21T15:16:16Z" user="VLD155" uid="10456863" lat="19.7970914" lon="105.7716922"/>
 <node id="7928569701" visible="true" version="1" changeset="91237386" timestamp="2020-09-21T15:16:16Z" user="VLD155" uid="10456863" lat="19.7967290" lon="105.7728622"/>
 <node id="7928569702" visible="true" version="2" changeset="103426857" timestamp="2021-04-22T16:59:07Z" user="siddi_s" uid="11659604" lat="19.7974552" lon="105.7731737"/>
 <node id="7928569703" visible="true" version="1" changeset="91237386" timestamp="2020-09-21T15:16:16Z" user="VLD155" uid="10456863" lat="19.7981139" lon="105.7734832"/>
 <node id="7928569704" visible="true" version="1" changeset="91237386" timestamp="2020-09-21T15:16:16Z" user="VLD155" uid="10456863" lat="19.7981964" lon="105.7735132"/>
 <node id="7928569705" visible="true" version="2" changeset="91246724" timestamp="2020-09-21T19:27:40Z" user="VLD155" uid="10456863" lat="19.7958442" lon="105.7723625"/>
 <node id="7928569706" visible="true" version="1" changeset="91237386" timestamp="2020-09-21T15:16:16Z" user="VLD155" uid="10456863" lat="19.7963276" lon="105.7726862"/>
 <node id="7928569707" visible="true" version="1" changeset="91237386" timestamp="2020-09-21T15:16:16Z" user="VLD155" uid="10456863" lat="19.7963908" lon="105.7727188"/>
 <node id="7928569708" visible="true" version="2" changeset="103424336" timestamp="2021-04-22T16:00:18Z" user="siddi_s" uid="11659604" lat="19.7960850" lon="105.7725290"/>
 <node id="7928569709" visible="true" version="3" changeset="142292390" timestamp="2023-10-08T06:53:23Z" user="vietnam321" uid="11196308" lat="19.7964906" lon="105.7716737"/>
 <node id="7928569712" visible="true" version="3" changeset="142292390" timestamp="2023-10-08T06:53:23Z" user="vietnam321" uid="11196308" lat="19.7965526" lon="105.7714397"/>
 <node id="7928585591" visible="true" version="2" changeset="103423788" timestamp="2021-04-22T15:48:29Z" user="siddi_s" uid="11659604" lat="19.7983446" lon="105.7750817"/>
 <node id="7928585592" visible="true" version="1" changeset="91237539" timestamp="2020-09-21T15:19:42Z" user="VLD155" uid="10456863" lat="19.7976579" lon="105.7750187"/>
 <node id="7928585593" visible="true" version="1" changeset="91237539" timestamp="2020-09-21T15:19:42Z" user="VLD155" uid="10456863" lat="19.7975476" lon="105.7750150"/>
 <node id="7928585594" visible="true" version="1" changeset="91237539" timestamp="2020-09-21T15:19:42Z" user="VLD155" uid="10456863" lat="19.7971775" lon="105.7750047"/>
 <node id="7928585595" visible="true" version="2" changeset="103410893" timestamp="2021-04-22T12:01:45Z" user="jonna_kuti" uid="10751844" lat="19.7959185" lon="105.7750676"/>
 <node id="7928585596" visible="true" version="1" changeset="91237539" timestamp="2020-09-21T15:19:42Z" user="VLD155" uid="10456863" lat="19.7971031" lon="105.7750077"/>
 <node id="7928585597" visible="true" version="1" changeset="91237539" timestamp="2020-09-21T15:19:42Z" user="VLD155" uid="10456863" lat="19.7970502" lon="105.7745443"/>
 <node id="7928585598" visible="true" version="1" changeset="91237539" timestamp="2020-09-21T15:19:42Z" user="VLD155" uid="10456863" lat="19.7977593" lon="105.7745575"/>
 <node id="7928585599" visible="true" version="1" changeset="91237539" timestamp="2020-09-21T15:19:42Z" user="VLD155" uid="10456863" lat="19.7978230" lon="105.7745629"/>
 <node id="7928585600" visible="true" version="1" changeset="91237539" timestamp="2020-09-21T15:19:42Z" user="VLD155" uid="10456863" lat="19.7979780" lon="105.7746072"/>
 <node id="7928585601" visible="true" version="1" changeset="91237539" timestamp="2020-09-21T15:19:42Z" user="VLD155" uid="10456863" lat="19.7980230" lon="105.7746196"/>
 <node id="7928585602" visible="true" version="1" changeset="91237539" timestamp="2020-09-21T15:19:42Z" user="VLD155" uid="10456863" lat="19.7970470" lon="105.7746277"/>
 <node id="7928585603" visible="true" version="1" changeset="91237539" timestamp="2020-09-21T15:19:42Z" user="VLD155" uid="10456863" lat="19.7967320" lon="105.7746044"/>
 <node id="7928585604" visible="true" version="2" changeset="103447900" timestamp="2021-04-23T04:24:03Z" user="siddi_s" uid="11659604" lat="19.7962613" lon="105.7745245"/>
 <node id="7928585605" visible="true" version="2" changeset="91237715" timestamp="2020-09-21T15:23:29Z" user="VLD155" uid="10456863" lat="19.7963244" lon="105.7740762"/>
 <node id="7928585606" visible="true" version="1" changeset="91237539" timestamp="2020-09-21T15:19:42Z" user="VLD155" uid="10456863" lat="19.7963601" lon="105.7740298"/>
 <node id="7928585607" visible="true" version="1" changeset="91237539" timestamp="2020-09-21T15:19:42Z" user="VLD155" uid="10456863" lat="19.7964794" lon="105.7737225"/>
 <node id="7928585608" visible="true" version="2" changeset="91237715" timestamp="2020-09-21T15:23:29Z" user="VLD155" uid="10456863" lat="19.7966500" lon="105.7734168"/>
 <node id="7928585609" visible="true" version="1" changeset="91237539" timestamp="2020-09-21T15:19:42Z" user="VLD155" uid="10456863" lat="19.7966811" lon="105.7745925"/>
 <node id="7928585610" visible="true" version="1" changeset="91237539" timestamp="2020-09-21T15:19:42Z" user="VLD155" uid="10456863" lat="19.7963778" lon="105.7739973"/>
 <node id="7928585611" visible="true" version="1" changeset="91237539" timestamp="2020-09-21T15:19:42Z" user="VLD155" uid="10456863" lat="19.7963128" lon="105.7741012"/>
 <node id="7928585612" visible="true" version="1" changeset="91237539" timestamp="2020-09-21T15:19:42Z" user="VLD155" uid="10456863" lat="19.7964982" lon="105.7736738"/>
 <node id="7928587228" visible="true" version="2" changeset="103428674" timestamp="2021-04-22T17:38:32Z" user="siddi_s" uid="11659604" lat="19.7970676" lon="105.7740991"/>
 <node id="7928587229" visible="true" version="1" changeset="91237715" timestamp="2020-09-21T15:23:29Z" user="VLD155" uid="10456863" lat="19.7967091" lon="105.7741012"/>
 <node id="7928587230" visible="true" version="1" changeset="91237715" timestamp="2020-09-21T15:23:29Z" user="VLD155" uid="10456863" lat="19.7965124" lon="105.7740909"/>
 <node id="7928587231" visible="true" version="1" changeset="91237715" timestamp="2020-09-21T15:23:29Z" user="VLD155" uid="10456863" lat="19.7977250" lon="105.7740950"/>
 <node id="7928587232" visible="true" version="2" changeset="180150855" timestamp="2026-03-20T10:13:08Z" user="Pham Thi Anh Thu" uid="22580488" lat="19.7963762" lon="105.7732836"/>
 <node id="7928587233" visible="true" version="2" changeset="103428674" timestamp="2021-04-22T17:38:32Z" user="siddi_s" uid="11659604" lat="19.7970680" lon="105.7736353"/>
 <node id="7928587234" visible="true" version="2" changeset="103428674" timestamp="2021-04-22T17:38:32Z" user="siddi_s" uid="11659604" lat="19.7970668" lon="105.7738674"/>
 <node id="7928587235" visible="true" version="2" changeset="103428674" timestamp="2021-04-22T17:38:32Z" user="siddi_s" uid="11659604" lat="19.7969918" lon="105.7736012"/>
 <node id="7928698384" visible="true" version="1" changeset="91241198" timestamp="2020-09-21T16:53:43Z" user="VLD155" uid="10456863" lat="19.7932380" lon="105.7735199"/>
 <node id="7928722056" visible="true" version="2" changeset="106445456" timestamp="2021-06-16T07:20:22Z" user="isha01" uid="11659048" lat="19.7947126" lon="105.7710166"/>
 <node id="7928722057" visible="true" version="2" changeset="106445456" timestamp="2021-06-16T07:20:22Z" user="isha01" uid="11659048" lat="19.7946598" lon="105.7712286"/>
 <node id="7928722058" visible="true" version="2" changeset="106445456" timestamp="2021-06-16T07:20:22Z" user="isha01" uid="11659048" lat="19.7946533" lon="105.7712906"/>
 <node id="7928722059" visible="true" version="2" changeset="106445456" timestamp="2021-06-16T07:20:22Z" user="isha01" uid="11659048" lat="19.7946514" lon="105.7713683"/>
 <node id="7928722060" visible="true" version="1" changeset="91240791" timestamp="2020-09-21T16:42:57Z" user="VLD155" uid="10456863" lat="19.7946549" lon="105.7718777"/>
 <node id="7928722061" visible="true" version="2" changeset="91241061" timestamp="2020-09-21T16:49:57Z" user="VLD155" uid="10456863" lat="19.7946271" lon="105.7721012"/>
 <node id="7928722062" visible="true" version="2" changeset="91241061" timestamp="2020-09-21T16:49:57Z" user="VLD155" uid="10456863" lat="19.7945867" lon="105.7722072"/>
 <node id="7928722063" visible="true" version="1" changeset="91240791" timestamp="2020-09-21T16:42:57Z" user="VLD155" uid="10456863" lat="19.7955359" lon="105.7722151"/>
 <node id="7928722064" visible="true" version="1" changeset="91240791" timestamp="2020-09-21T16:42:57Z" user="VLD155" uid="10456863" lat="19.7955933" lon="105.7718926"/>
 <node id="7928722065" visible="true" version="1" changeset="91240791" timestamp="2020-09-21T16:42:57Z" user="VLD155" uid="10456863" lat="19.7955303" lon="105.7716182"/>
 <node id="7928722066" visible="true" version="1" changeset="91240791" timestamp="2020-09-21T16:42:57Z" user="VLD155" uid="10456863" lat="19.7955274" lon="105.7715839"/>
 <node id="7928722067" visible="true" version="1" changeset="91240791" timestamp="2020-09-21T16:42:57Z" user="VLD155" uid="10456863" lat="19.7956280" lon="105.7713918"/>
 <node id="7928722068" visible="true" version="1" changeset="91240791" timestamp="2020-09-21T16:42:57Z" user="VLD155" uid="10456863" lat="19.7956353" lon="105.7713560"/>
 <node id="7928722069" visible="true" version="1" changeset="91240791" timestamp="2020-09-21T16:42:57Z" user="VLD155" uid="10456863" lat="19.7955368" lon="105.7715521"/>
 <node id="7928722070" visible="true" version="1" changeset="91240791" timestamp="2020-09-21T16:42:57Z" user="VLD155" uid="10456863" lat="19.7955815" lon="105.7718026"/>
 <node id="7928722071" visible="true" version="1" changeset="91240791" timestamp="2020-09-21T16:42:57Z" user="VLD155" uid="10456863" lat="19.7955849" lon="105.7719950"/>
 <node id="7928722072" visible="true" version="1" changeset="91240791" timestamp="2020-09-21T16:42:57Z" user="VLD155" uid="10456863" lat="19.7946470" lon="105.7719938"/>
 <node id="7928722073" visible="true" version="2" changeset="139731873" timestamp="2023-08-11T04:46:34Z" user="Grab_Cong" uid="18820325" lat="19.7950341" lon="105.7720448"/>
 <node id="7928722075" visible="true" version="3" changeset="142292390" timestamp="2023-10-08T06:53:23Z" user="vietnam321" uid="11196308" lat="19.7957661" lon="105.7722909"/>
 <node id="7928726592" visible="true" version="2" changeset="106445456" timestamp="2021-06-16T07:20:22Z" user="isha01" uid="11659048" lat="19.7947048" lon="105.7710553"/>
 <node id="7928726595" visible="true" version="1" changeset="91240649" timestamp="2020-09-21T16:39:38Z" user="VLD155" uid="10456863" lat="19.7956411" lon="105.7712817"/>
 <node id="7928737214" visible="true" version="1" changeset="91241061" timestamp="2020-09-21T16:49:57Z" user="VLD155" uid="10456863" lat="19.7942423" lon="105.7725519"/>
 <node id="7928737215" visible="true" version="1" changeset="91241061" timestamp="2020-09-21T16:49:57Z" user="VLD155" uid="10456863" lat="19.7944465" lon="105.7723642"/>
 <node id="7928737216" visible="true" version="1" changeset="91241061" timestamp="2020-09-21T16:49:57Z" user="VLD155" uid="10456863" lat="19.7958086" lon="105.7729047"/>
 <node id="7928737217" visible="true" version="1" changeset="91241061" timestamp="2020-09-21T16:49:57Z" user="VLD155" uid="10456863" lat="19.7949498" lon="105.7723980"/>
 <node id="7928737218" visible="true" version="1" changeset="91241061" timestamp="2020-09-21T16:49:57Z" user="VLD155" uid="10456863" lat="19.7931740" lon="105.7736907"/>
 <node id="7928737219" visible="true" version="3" changeset="139731873" timestamp="2023-08-11T04:46:34Z" user="Grab_Cong" uid="18820325" lat="19.7959103" lon="105.7748918"/>
 <node id="7928737220" visible="true" version="1" changeset="91241061" timestamp="2020-09-21T16:49:57Z" user="VLD155" uid="10456863" lat="19.7957029" lon="105.7748264"/>
 <node id="7928737221" visible="true" version="2" changeset="139731873" timestamp="2023-08-11T04:46:34Z" user="Grab_Cong" uid="18820325" lat="19.7957514" lon="105.7743685"/>
 <node id="7928737223" visible="true" version="1" changeset="91241061" timestamp="2020-09-21T16:49:57Z" user="VLD155" uid="10456863" lat="19.7957674" lon="105.7738765"/>
 <node id="7928737224" visible="true" version="1" changeset="91241061" timestamp="2020-09-21T16:49:57Z" user="VLD155" uid="10456863" lat="19.7957621" lon="105.7735664"/>
 <node id="7928737225" visible="true" version="1" changeset="91241061" timestamp="2020-09-21T16:49:57Z" user="VLD155" uid="10456863" lat="19.7957731" lon="105.7736235"/>
 <node id="7928737226" visible="true" version="1" changeset="91241061" timestamp="2020-09-21T16:49:57Z" user="VLD155" uid="10456863" lat="19.7957169" lon="105.7735260"/>
 <node id="7928737228" visible="true" version="2" changeset="139731873" timestamp="2023-08-11T04:46:34Z" user="Grab_Cong" uid="18820325" lat="19.7957607" lon="105.7741451"/>
 <node id="7928737232" visible="true" version="1" changeset="91241061" timestamp="2020-09-21T16:49:57Z" user="VLD155" uid="10456863" lat="19.7947906" lon="105.7731920"/>
 <node id="7928737233" visible="true" version="1" changeset="91241061" timestamp="2020-09-21T16:49:57Z" user="VLD155" uid="10456863" lat="19.7947319" lon="105.7741641"/>
 <node id="7928737234" visible="true" version="1" changeset="91241061" timestamp="2020-09-21T16:49:57Z" user="VLD155" uid="10456863" lat="19.7946946" lon="105.7743736"/>
 <node id="7928737235" visible="true" version="1" changeset="91241061" timestamp="2020-09-21T16:49:57Z" user="VLD155" uid="10456863" lat="19.7948049" lon="105.7731186"/>
 <node id="7928737236" visible="true" version="1" changeset="91241061" timestamp="2020-09-21T16:49:57Z" user="VLD155" uid="10456863" lat="19.7948733" lon="105.7729687"/>
 <node id="7928737237" visible="true" version="1" changeset="91241061" timestamp="2020-09-21T16:49:57Z" user="VLD155" uid="10456863" lat="19.7947239" lon="105.7742269"/>
 <node id="7928737238" visible="true" version="2" changeset="91241198" timestamp="2020-09-21T16:53:43Z" user="VLD155" uid="10456863" lat="19.7939023" lon="105.7728698"/>
 <node id="7928737239" visible="true" version="1" changeset="91241061" timestamp="2020-09-21T16:49:57Z" user="VLD155" uid="10456863" lat="19.7944004" lon="105.7732345"/>
 <node id="7928737240" visible="true" version="1" changeset="91241061" timestamp="2020-09-21T16:49:57Z" user="VLD155" uid="10456863" lat="19.7947752" lon="105.7734467"/>
 <node id="7928737241" visible="true" version="1" changeset="91241061" timestamp="2020-09-21T16:49:57Z" user="VLD155" uid="10456863" lat="19.7942516" lon="105.7735909"/>
 <node id="7928737242" visible="true" version="1" changeset="91241061" timestamp="2020-09-21T16:49:57Z" user="VLD155" uid="10456863" lat="19.7940511" lon="105.7740846"/>
 <node id="7928737243" visible="true" version="2" changeset="91241198" timestamp="2020-09-21T16:53:43Z" user="VLD155" uid="10456863" lat="19.7935144" lon="105.7732472"/>
 <node id="7928737244" visible="true" version="1" changeset="91241061" timestamp="2020-09-21T16:49:57Z" user="VLD155" uid="10456863" lat="19.7947534" lon="105.7738074"/>
 <node id="7928737245" visible="true" version="1" changeset="91241533" timestamp="2020-09-21T17:03:07Z" user="VLD155" uid="10456863" lat="19.7929714" lon="105.7753961"/>
 <node id="7928737246" visible="true" version="1" changeset="91241533" timestamp="2020-09-21T17:03:07Z" user="VLD155" uid="10456863" lat="19.7930067" lon="105.7756813"/>
 <node id="7928737247" visible="true" version="1" changeset="91241533" timestamp="2020-09-21T17:03:07Z" user="VLD155" uid="10456863" lat="19.7928688" lon="105.7758943"/>
 <node id="7928737248" visible="true" version="1" changeset="91241533" timestamp="2020-09-21T17:03:07Z" user="VLD155" uid="10456863" lat="19.7929065" lon="105.7756623"/>
 <node id="7928737249" visible="true" version="1" changeset="91241533" timestamp="2020-09-21T17:03:07Z" user="VLD155" uid="10456863" lat="19.7930496" lon="105.7758872"/>
 <node id="7928737250" visible="true" version="1" changeset="91241533" timestamp="2020-09-21T17:03:07Z" user="VLD155" uid="10456863" lat="19.7931245" lon="105.7760975"/>
 <node id="7928737251" visible="true" version="1" changeset="91241533" timestamp="2020-09-21T17:03:07Z" user="VLD155" uid="10456863" lat="19.7930933" lon="105.7762832"/>
 <node id="7928737252" visible="true" version="1" changeset="91241533" timestamp="2020-09-21T17:03:07Z" user="VLD155" uid="10456863" lat="19.7931002" lon="105.7760049"/>
 <node id="7928737253" visible="true" version="1" changeset="91241533" timestamp="2020-09-21T17:03:07Z" user="VLD155" uid="10456863" lat="19.7931198" lon="105.7761854"/>
 <node id="7928737254" visible="true" version="2" changeset="166853480" timestamp="2025-05-28T05:55:42Z" user="ZioDragon" uid="13799024" lat="19.7929946" lon="105.7767995"/>
 <node id="7928737255" visible="true" version="1" changeset="91241533" timestamp="2020-09-21T17:03:07Z" user="VLD155" uid="10456863" lat="19.7930210" lon="105.7766052"/>
 <node id="7928737256" visible="true" version="1" changeset="91241533" timestamp="2020-09-21T17:03:07Z" user="VLD155" uid="10456863" lat="19.7930350" lon="105.7765165"/>
 <node id="7928737257" visible="true" version="1" changeset="91241533" timestamp="2020-09-21T17:03:07Z" user="VLD155" uid="10456863" lat="19.7927226" lon="105.7761803"/>
 <node id="7928737258" visible="true" version="1" changeset="91241533" timestamp="2020-09-21T17:03:07Z" user="VLD155" uid="10456863" lat="19.7926659" lon="105.7762766"/>
 <node id="7928737259" visible="true" version="2" changeset="104553593" timestamp="2021-05-12T07:29:20Z" user="ionut_radu" uid="10664319" lat="19.7924346" lon="105.7766590"/>
 <node id="7928737260" visible="true" version="2" changeset="104553593" timestamp="2021-05-12T07:29:20Z" user="ionut_radu" uid="10664319" lat="19.7923958" lon="105.7767444"/>
 <node id="7928737261" visible="true" version="3" changeset="166853480" timestamp="2025-05-28T05:55:42Z" user="ZioDragon" uid="13799024" lat="19.7922659" lon="105.7768466"/>
 <node id="7928737262" visible="true" version="1" changeset="91241533" timestamp="2020-09-21T17:03:07Z" user="VLD155" uid="10456863" lat="19.7928324" lon="105.7759697"/>
 <node id="7928752285" visible="true" version="1" changeset="91241198" timestamp="2020-09-21T16:53:43Z" user="VLD155" uid="10456863" lat="19.7932120" lon="105.7735777"/>
 <node id="7928752286" visible="true" version="1" changeset="91241198" timestamp="2020-09-21T16:53:43Z" user="VLD155" uid="10456863" lat="19.7930928" lon="105.7739907"/>
 <node id="7928752287" visible="true" version="2" changeset="91243741" timestamp="2020-09-21T18:02:51Z" user="VLD155" uid="10456863" lat="19.7930696" lon="105.7741302"/>
 <node id="7928752288" visible="true" version="1" changeset="91241198" timestamp="2020-09-21T16:53:43Z" user="VLD155" uid="10456863" lat="19.7942148" lon="105.7725750"/>
 <node id="7928752289" visible="true" version="1" changeset="91241198" timestamp="2020-09-21T16:53:43Z" user="VLD155" uid="10456863" lat="19.7937284" lon="105.7725091"/>
 <node id="7928752290" visible="true" version="1" changeset="91241198" timestamp="2020-09-21T16:53:43Z" user="VLD155" uid="10456863" lat="19.7935876" lon="105.7729789"/>
 <node id="7928752291" visible="true" version="1" changeset="91241198" timestamp="2020-09-21T16:53:43Z" user="VLD155" uid="10456863" lat="19.7936701" lon="105.7730957"/>
 <node id="7928752292" visible="true" version="1" changeset="91241198" timestamp="2020-09-21T16:53:43Z" user="VLD155" uid="10456863" lat="19.7935919" lon="105.7729384"/>
 <node id="7928752293" visible="true" version="1" changeset="91241198" timestamp="2020-09-21T16:53:43Z" user="VLD155" uid="10456863" lat="19.7936032" lon="105.7730155"/>
 <node id="7928752294" visible="true" version="1" changeset="91241198" timestamp="2020-09-21T16:53:43Z" user="VLD155" uid="10456863" lat="19.7939538" lon="105.7716893"/>
 <node id="7928752295" visible="true" version="1" changeset="91241198" timestamp="2020-09-21T16:53:43Z" user="VLD155" uid="10456863" lat="19.7946475" lon="105.7717611"/>
 <node id="7928752296" visible="true" version="1" changeset="91241198" timestamp="2020-09-21T16:53:43Z" user="VLD155" uid="10456863" lat="19.7932314" lon="105.7734456"/>
 <node id="7928752297" visible="true" version="1" changeset="91241198" timestamp="2020-09-21T16:53:43Z" user="VLD155" uid="10456863" lat="19.7932349" lon="105.7733888"/>
 <node id="7928752298" visible="true" version="1" changeset="91241198" timestamp="2020-09-21T16:53:43Z" user="VLD155" uid="10456863" lat="19.7934678" lon="105.7724286"/>
 <node id="7928752299" visible="true" version="1" changeset="91241198" timestamp="2020-09-21T16:53:43Z" user="VLD155" uid="10456863" lat="19.7935213" lon="105.7719205"/>
 <node id="7928752300" visible="true" version="1" changeset="91241198" timestamp="2020-09-21T16:53:43Z" user="VLD155" uid="10456863" lat="19.7934464" lon="105.7725464"/>
 <node id="7928752301" visible="true" version="1" changeset="91241198" timestamp="2020-09-21T16:53:43Z" user="VLD155" uid="10456863" lat="19.7931939" lon="105.7736314"/>
 <node id="7928752302" visible="true" version="1" changeset="91241198" timestamp="2020-09-21T16:53:43Z" user="VLD155" uid="10456863" lat="19.7930601" lon="105.7735846"/>
 <node id="7928752303" visible="true" version="1" changeset="91241198" timestamp="2020-09-21T16:53:43Z" user="VLD155" uid="10456863" lat="19.7930237" lon="105.7735510"/>
 <node id="7928752304" visible="true" version="1" changeset="91241198" timestamp="2020-09-21T16:53:43Z" user="VLD155" uid="10456863" lat="19.7929713" lon="105.7733278"/>
 <node id="7928752305" visible="true" version="1" changeset="91241198" timestamp="2020-09-21T16:53:43Z" user="VLD155" uid="10456863" lat="19.7927424" lon="105.7729540"/>
 <node id="7928752306" visible="true" version="1" changeset="91241198" timestamp="2020-09-21T16:53:43Z" user="VLD155" uid="10456863" lat="19.7930121" lon="105.7735023"/>
 <node id="7928752307" visible="true" version="1" changeset="91241198" timestamp="2020-09-21T16:53:43Z" user="VLD155" uid="10456863" lat="19.7929911" lon="105.7733766"/>
 <node id="7928757441" visible="true" version="4" changeset="166853480" timestamp="2025-05-28T05:55:42Z" user="ZioDragon" uid="13799024" lat="19.7952587" lon="105.7752477"/>
 <node id="7928757442" visible="true" version="1" changeset="91241388" timestamp="2020-09-21T16:59:04Z" user="VLD155" uid="10456863" lat="19.7958192" lon="105.7753962"/>
 <node id="7928757444" visible="true" version="3" changeset="166853480" timestamp="2025-05-28T05:55:42Z" user="ZioDragon" uid="13799024" lat="19.7949803" lon="105.7766585"/>
 <node id="7928757449" visible="true" version="1" changeset="91241388" timestamp="2020-09-21T16:59:04Z" user="VLD155" uid="10456863" lat="19.7940694" lon="105.7745186"/>
 <node id="7928757450" visible="true" version="1" changeset="91241388" timestamp="2020-09-21T16:59:04Z" user="VLD155" uid="10456863" lat="19.7947670" lon="105.7747977"/>
 <node id="7928757451" visible="true" version="1" changeset="91241388" timestamp="2020-09-21T16:59:04Z" user="VLD155" uid="10456863" lat="19.7948785" lon="105.7744562"/>
 <node id="7928876755" visible="true" version="2" changeset="166853480" timestamp="2025-05-28T05:55:42Z" user="ZioDragon" uid="13799024" lat="19.7918215" lon="105.7768811"/>
 <node id="7928876756" visible="true" version="1" changeset="91242133" timestamp="2020-09-21T17:19:04Z" user="VLD155" uid="10456863" lat="19.7919150" lon="105.7761435"/>
 <node id="7928876757" visible="true" version="2" changeset="103411762" timestamp="2021-04-22T12:13:22Z" user="jonna_kuti" uid="10751844" lat="19.7920842" lon="105.7758600"/>
 <node id="7928876758" visible="true" version="2" changeset="103411762" timestamp="2021-04-22T12:13:22Z" user="jonna_kuti" uid="10751844" lat="19.7920310" lon="105.7759764"/>
 <node id="7928876759" visible="true" version="2" changeset="103411762" timestamp="2021-04-22T12:13:22Z" user="jonna_kuti" uid="10751844" lat="19.7919829" lon="105.7760671"/>
 <node id="7928876760" visible="true" version="1" changeset="91242133" timestamp="2020-09-21T17:19:04Z" user="VLD155" uid="10456863" lat="19.7918586" lon="105.7765531"/>
 <node id="7928876761" visible="true" version="1" changeset="91242133" timestamp="2020-09-21T17:19:04Z" user="VLD155" uid="10456863" lat="19.7919001" lon="105.7761929"/>
 <node id="7928876762" visible="true" version="1" changeset="91242133" timestamp="2020-09-21T17:19:04Z" user="VLD155" uid="10456863" lat="19.7914941" lon="105.7749783"/>
 <node id="7928876763" visible="true" version="1" changeset="91242133" timestamp="2020-09-21T17:19:04Z" user="VLD155" uid="10456863" lat="19.7919939" lon="105.7749097"/>
 <node id="7928876764" visible="true" version="1" changeset="91242133" timestamp="2020-09-21T17:19:04Z" user="VLD155" uid="10456863" lat="19.7921470" lon="105.7745436"/>
 <node id="7928876765" visible="true" version="2" changeset="91243741" timestamp="2020-09-21T18:02:51Z" user="VLD155" uid="10456863" lat="19.7921772" lon="105.7741846"/>
 <node id="7928876766" visible="true" version="1" changeset="91242133" timestamp="2020-09-21T17:19:04Z" user="VLD155" uid="10456863" lat="19.7921124" lon="105.7746789"/>
 <node id="7928876767" visible="true" version="1" changeset="91242133" timestamp="2020-09-21T17:19:04Z" user="VLD155" uid="10456863" lat="19.7920479" lon="105.7748517"/>
 <node id="7928876768" visible="true" version="1" changeset="91242133" timestamp="2020-09-21T17:19:04Z" user="VLD155" uid="10456863" lat="19.7919106" lon="105.7749368"/>
 <node id="7928876769" visible="true" version="1" changeset="91242133" timestamp="2020-09-21T17:19:04Z" user="VLD155" uid="10456863" lat="19.7915474" lon="105.7749784"/>
 <node id="7928876770" visible="true" version="2" changeset="91242464" timestamp="2020-09-21T17:27:39Z" user="VLD155" uid="10456863" lat="19.7903382" lon="105.7761382"/>
 <node id="7928876771" visible="true" version="1" changeset="91242133" timestamp="2020-09-21T17:19:04Z" user="VLD155" uid="10456863" lat="19.7904439" lon="105.7759303"/>
 <node id="7928876772" visible="true" version="1" changeset="91242133" timestamp="2020-09-21T17:19:04Z" user="VLD155" uid="10456863" lat="19.7904763" lon="105.7758324"/>
 <node id="7928876773" visible="true" version="1" changeset="91242133" timestamp="2020-09-21T17:19:04Z" user="VLD155" uid="10456863" lat="19.7905128" lon="105.7749617"/>
 <node id="7928876774" visible="true" version="1" changeset="91242133" timestamp="2020-09-21T17:19:04Z" user="VLD155" uid="10456863" lat="19.7905508" lon="105.7745783"/>
 <node id="7928876775" visible="true" version="2" changeset="91243741" timestamp="2020-09-21T18:02:51Z" user="VLD155" uid="10456863" lat="19.7906404" lon="105.7741030"/>
 <node id="7928876776" visible="true" version="1" changeset="91242133" timestamp="2020-09-21T17:19:04Z" user="VLD155" uid="10456863" lat="19.7904942" lon="105.7757083"/>
 <node id="7928876777" visible="true" version="1" changeset="91242133" timestamp="2020-09-21T17:19:04Z" user="VLD155" uid="10456863" lat="19.7903153" lon="105.7762179"/>
 <node id="7928876778" visible="true" version="1" changeset="91242133" timestamp="2020-09-21T17:19:04Z" user="VLD155" uid="10456863" lat="19.7903084" lon="105.7762958"/>
 <node id="7928876779" visible="true" version="1" changeset="91242133" timestamp="2020-09-21T17:19:04Z" user="VLD155" uid="10456863" lat="19.7903734" lon="105.7760673"/>
 <node id="7928876780" visible="true" version="2" changeset="166853480" timestamp="2025-05-28T05:55:42Z" user="ZioDragon" uid="13799024" lat="19.7912265" lon="105.7769272"/>
 <node id="7928876781" visible="true" version="1" changeset="91242133" timestamp="2020-09-21T17:19:04Z" user="VLD155" uid="10456863" lat="19.7916202" lon="105.7756547"/>
 <node id="7928876782" visible="true" version="1" changeset="91242133" timestamp="2020-09-21T17:19:04Z" user="VLD155" uid="10456863" lat="19.7915065" lon="105.7757006"/>
 <node id="7928876783" visible="true" version="1" changeset="91242133" timestamp="2020-09-21T17:19:04Z" user="VLD155" uid="10456863" lat="19.7914771" lon="105.7757214"/>
 <node id="7928876784" visible="true" version="2" changeset="103411805" timestamp="2021-04-22T12:13:51Z" user="jonna_kuti" uid="10751844" lat="19.7913180" lon="105.7758402"/>
 <node id="7928876833" visible="true" version="1" changeset="91242464" timestamp="2020-09-21T17:27:39Z" user="VLD155" uid="10456863" lat="19.7891163" lon="105.7760968"/>
 <node id="7928876834" visible="true" version="1" changeset="91242464" timestamp="2020-09-21T17:27:39Z" user="VLD155" uid="10456863" lat="19.7891015" lon="105.7764516"/>
 <node id="7928876835" visible="true" version="1" changeset="91242464" timestamp="2020-09-21T17:27:39Z" user="VLD155" uid="10456863" lat="19.7889328" lon="105.7751899"/>
 <node id="7928876836" visible="true" version="1" changeset="91242464" timestamp="2020-09-21T17:27:39Z" user="VLD155" uid="10456863" lat="19.7893293" lon="105.7755213"/>
 <node id="7928876837" visible="true" version="1" changeset="91242464" timestamp="2020-09-21T17:27:39Z" user="VLD155" uid="10456863" lat="19.7894452" lon="105.7756113"/>
 <node id="7928876838" visible="true" version="1" changeset="91242464" timestamp="2020-09-21T17:27:39Z" user="VLD155" uid="10456863" lat="19.7898662" lon="105.7758859"/>
 <node id="7928876839" visible="true" version="1" changeset="91242464" timestamp="2020-09-21T17:27:39Z" user="VLD155" uid="10456863" lat="19.7901602" lon="105.7760492"/>
 <node id="7928876840" visible="true" version="1" changeset="91242464" timestamp="2020-09-21T17:27:39Z" user="VLD155" uid="10456863" lat="19.7888549" lon="105.7752988"/>
 <node id="7928876841" visible="true" version="2" changeset="175583841" timestamp="2025-12-06T12:31:17Z" user="MountainAsh" uid="425891" lat="19.7888613" lon="105.7753583"/>
 <node id="7928876846" visible="true" version="1" changeset="91242464" timestamp="2020-09-21T17:27:39Z" user="VLD155" uid="10456863" lat="19.7877745" lon="105.7760753"/>
 <node id="7928876847" visible="true" version="1" changeset="91242464" timestamp="2020-09-21T17:27:39Z" user="VLD155" uid="10456863" lat="19.7873379" lon="105.7764446"/>
 <node id="7928876848" visible="true" version="1" changeset="91242464" timestamp="2020-09-21T17:27:39Z" user="VLD155" uid="10456863" lat="19.7871864" lon="105.7766103"/>
 <node id="7928876849" visible="true" version="1" changeset="91242464" timestamp="2020-09-21T17:27:39Z" user="VLD155" uid="10456863" lat="19.7871530" lon="105.7766600"/>
 <node id="7928876850" visible="true" version="2" changeset="166853480" timestamp="2025-05-28T05:55:42Z" user="ZioDragon" uid="13799024" lat="19.7871350" lon="105.7768287"/>
 <node id="7928876851" visible="true" version="1" changeset="91242464" timestamp="2020-09-21T17:27:39Z" user="VLD155" uid="10456863" lat="19.7871422" lon="105.7767287"/>
 <node id="7928905585" visible="true" version="1" changeset="91242133" timestamp="2020-09-21T17:19:04Z" user="VLD155" uid="10456863" lat="19.7912183" lon="105.7758589"/>
 <node id="7928905586" visible="true" version="1" changeset="91242133" timestamp="2020-09-21T17:19:04Z" user="VLD155" uid="10456863" lat="19.7910556" lon="105.7758902"/>
 <node id="7928905587" visible="true" version="1" changeset="91242133" timestamp="2020-09-21T17:19:04Z" user="VLD155" uid="10456863" lat="19.7909262" lon="105.7759381"/>
 <node id="7928905588" visible="true" version="1" changeset="91242133" timestamp="2020-09-21T17:19:04Z" user="VLD155" uid="10456863" lat="19.7908752" lon="105.7759652"/>
 <node id="7928905589" visible="true" version="1" changeset="91242133" timestamp="2020-09-21T17:19:04Z" user="VLD155" uid="10456863" lat="19.7907419" lon="105.7760673"/>
 <node id="7928905590" visible="true" version="1" changeset="91242133" timestamp="2020-09-21T17:19:04Z" user="VLD155" uid="10456863" lat="19.7905522" lon="105.7762481"/>
 <node id="7928973083" visible="true" version="1" changeset="91243981" timestamp="2020-09-21T18:10:31Z" user="VLD155" uid="10456863" lat="19.7863488" lon="105.7746987"/>
 <node id="7928973084" visible="true" version="1" changeset="91243981" timestamp="2020-09-21T18:10:31Z" user="VLD155" uid="10456863" lat="19.7865598" lon="105.7739215"/>
 <node id="7928979371" visible="true" version="1" changeset="91243813" timestamp="2020-09-21T18:05:13Z" user="VLD155" uid="10456863" lat="19.7902357" lon="105.7706858"/>
 <node id="7928979374" visible="true" version="1" changeset="91243813" timestamp="2020-09-21T18:05:13Z" user="VLD155" uid="10456863" lat="19.7869844" lon="105.7659056"/>
 <node id="7928983511" visible="true" version="1" changeset="91243741" timestamp="2020-09-21T18:02:51Z" user="VLD155" uid="10456863" lat="19.7893091" lon="105.7740278"/>
 <node id="7928983512" visible="true" version="1" changeset="91243741" timestamp="2020-09-21T18:02:51Z" user="VLD155" uid="10456863" lat="19.7893775" lon="105.7740909"/>
 <node id="7928983513" visible="true" version="1" changeset="91243741" timestamp="2020-09-21T18:02:51Z" user="VLD155" uid="10456863" lat="19.7894570" lon="105.7741256"/>
 <node id="7928983514" visible="true" version="1" changeset="91243741" timestamp="2020-09-21T18:02:51Z" user="VLD155" uid="10456863" lat="19.7896678" lon="105.7741467"/>
 <node id="7928983515" visible="true" version="1" changeset="91243741" timestamp="2020-09-21T18:02:51Z" user="VLD155" uid="10456863" lat="19.7897477" lon="105.7741410"/>
 <node id="7928983516" visible="true" version="1" changeset="91243741" timestamp="2020-09-21T18:02:51Z" user="VLD155" uid="10456863" lat="19.7900621" lon="105.7739594"/>
 <node id="7928983517" visible="true" version="1" changeset="91243741" timestamp="2020-09-21T18:02:51Z" user="VLD155" uid="10456863" lat="19.7901867" lon="105.7739396"/>
 <node id="7928983518" visible="true" version="1" changeset="91243741" timestamp="2020-09-21T18:02:51Z" user="VLD155" uid="10456863" lat="19.7902600" lon="105.7739496"/>
 <node id="7928983519" visible="true" version="1" changeset="91243741" timestamp="2020-09-21T18:02:51Z" user="VLD155" uid="10456863" lat="19.7903304" lon="105.7739947"/>
 <node id="7928983520" visible="true" version="1" changeset="91243741" timestamp="2020-09-21T18:02:51Z" user="VLD155" uid="10456863" lat="19.7904209" lon="105.7741077"/>
 <node id="7928983521" visible="true" version="1" changeset="91243741" timestamp="2020-09-21T18:02:51Z" user="VLD155" uid="10456863" lat="19.7909237" lon="105.7740781"/>
 <node id="7928983522" visible="true" version="1" changeset="91243741" timestamp="2020-09-21T18:02:51Z" user="VLD155" uid="10456863" lat="19.7917443" lon="105.7741639"/>
 <node id="7928983523" visible="true" version="1" changeset="91243741" timestamp="2020-09-21T18:02:51Z" user="VLD155" uid="10456863" lat="19.7908012" lon="105.7740779"/>
 <node id="7928983524" visible="true" version="1" changeset="91243741" timestamp="2020-09-21T18:02:51Z" user="VLD155" uid="10456863" lat="19.7904671" lon="105.7741136"/>
 <node id="7928983525" visible="true" version="1" changeset="91243741" timestamp="2020-09-21T18:02:51Z" user="VLD155" uid="10456863" lat="19.7903911" lon="105.7740752"/>
 <node id="7928983526" visible="true" version="1" changeset="91243741" timestamp="2020-09-21T18:02:51Z" user="VLD155" uid="10456863" lat="19.7899984" lon="105.7739853"/>
 <node id="7928983527" visible="true" version="1" changeset="91243741" timestamp="2020-09-21T18:02:51Z" user="VLD155" uid="10456863" lat="19.7898286" lon="105.7741080"/>
 <node id="7928983528" visible="true" version="1" changeset="91243741" timestamp="2020-09-21T18:02:51Z" user="VLD155" uid="10456863" lat="19.7891525" lon="105.7738424"/>
 <node id="7928983529" visible="true" version="1" changeset="91243741" timestamp="2020-09-21T18:02:51Z" user="VLD155" uid="10456863" lat="19.7891149" lon="105.7737324"/>
 <node id="7928983530" visible="true" version="1" changeset="91243741" timestamp="2020-09-21T18:02:51Z" user="VLD155" uid="10456863" lat="19.7891008" lon="105.7735800"/>
 <node id="7928983531" visible="true" version="1" changeset="91243741" timestamp="2020-09-21T18:02:51Z" user="VLD155" uid="10456863" lat="19.7899849" lon="105.7707989"/>
 <node id="7928983532" visible="true" version="1" changeset="91243741" timestamp="2020-09-21T18:02:51Z" user="VLD155" uid="10456863" lat="19.7894907" lon="105.7716707"/>
 <node id="7928983533" visible="true" version="2" changeset="106432056" timestamp="2021-06-16T04:00:12Z" user="isha01" uid="11659048" lat="19.7892959" lon="105.7719260"/>
 <node id="7928983534" visible="true" version="2" changeset="106432056" timestamp="2021-06-16T04:00:12Z" user="isha01" uid="11659048" lat="19.7892727" lon="105.7723727"/>
 <node id="7928983535" visible="true" version="2" changeset="106432056" timestamp="2021-06-16T04:00:12Z" user="isha01" uid="11659048" lat="19.7892524" lon="105.7725830"/>
 <node id="7928983536" visible="true" version="2" changeset="106432056" timestamp="2021-06-16T04:00:12Z" user="isha01" uid="11659048" lat="19.7892360" lon="105.7727831"/>
 <node id="7928983537" visible="true" version="2" changeset="106432056" timestamp="2021-06-16T04:00:12Z" user="isha01" uid="11659048" lat="19.7892855" lon="105.7722615"/>
 <node id="7928983538" visible="true" version="2" changeset="106432056" timestamp="2021-06-16T04:00:12Z" user="isha01" uid="11659048" lat="19.7893089" lon="105.7718729"/>
 <node id="7928983539" visible="true" version="2" changeset="106432056" timestamp="2021-06-16T04:00:12Z" user="isha01" uid="11659048" lat="19.7893492" lon="105.7718372"/>
 <node id="7928983540" visible="true" version="1" changeset="91243741" timestamp="2020-09-21T18:02:51Z" user="VLD155" uid="10456863" lat="19.7895524" lon="105.7716085"/>
 <node id="7928983541" visible="true" version="1" changeset="91243741" timestamp="2020-09-21T18:02:51Z" user="VLD155" uid="10456863" lat="19.7896083" lon="105.7715267"/>
 <node id="7928983542" visible="true" version="1" changeset="91243741" timestamp="2020-09-21T18:02:51Z" user="VLD155" uid="10456863" lat="19.7900667" lon="105.7707161"/>
 <node id="7928983543" visible="true" version="1" changeset="91243741" timestamp="2020-09-21T18:02:51Z" user="VLD155" uid="10456863" lat="19.7901344" lon="105.7706921"/>
 <node id="7928983544" visible="true" version="1" changeset="91243741" timestamp="2020-09-21T18:02:51Z" user="VLD155" uid="10456863" lat="19.7904701" lon="105.7706711"/>
 <node id="7928983545" visible="true" version="1" changeset="91243741" timestamp="2020-09-21T18:02:51Z" user="VLD155" uid="10456863" lat="19.7905576" lon="105.7706561"/>
 <node id="7928983546" visible="true" version="1" changeset="91243741" timestamp="2020-09-21T18:02:51Z" user="VLD155" uid="10456863" lat="19.7906817" lon="105.7706022"/>
 <node id="7928983547" visible="true" version="2" changeset="106432056" timestamp="2021-06-16T04:00:12Z" user="isha01" uid="11659048" lat="19.7908586" lon="105.7704639"/>
 <node id="7928983548" visible="true" version="1" changeset="91243741" timestamp="2020-09-21T18:02:51Z" user="VLD155" uid="10456863" lat="19.7909131" lon="105.7704372"/>
 <node id="7928983549" visible="true" version="1" changeset="91243741" timestamp="2020-09-21T18:02:51Z" user="VLD155" uid="10456863" lat="19.7911078" lon="105.7703653"/>
 <node id="7928983550" visible="true" version="1" changeset="91243741" timestamp="2020-09-21T18:02:51Z" user="VLD155" uid="10456863" lat="19.7911783" lon="105.7702933"/>
 <node id="7928983551" visible="true" version="1" changeset="91243741" timestamp="2020-09-21T18:02:51Z" user="VLD155" uid="10456863" lat="19.7912347" lon="105.7702004"/>
 <node id="7928983552" visible="true" version="1" changeset="91243741" timestamp="2020-09-21T18:02:51Z" user="VLD155" uid="10456863" lat="19.7913956" lon="105.7698225"/>
 <node id="7928983553" visible="true" version="1" changeset="91243741" timestamp="2020-09-21T18:02:51Z" user="VLD155" uid="10456863" lat="19.7914379" lon="105.7697476"/>
 <node id="7928983554" visible="true" version="2" changeset="103411422" timestamp="2021-04-22T12:08:29Z" user="jonna_kuti" uid="10751844" lat="19.7915267" lon="105.7696554"/>
 <node id="7928983555" visible="true" version="2" changeset="103411422" timestamp="2021-04-22T12:08:29Z" user="jonna_kuti" uid="10751844" lat="19.7916016" lon="105.7695255"/>
 <node id="7928983556" visible="true" version="2" changeset="103411422" timestamp="2021-04-22T12:08:29Z" user="jonna_kuti" uid="10751844" lat="19.7916435" lon="105.7694611"/>
 <node id="7929045054" visible="true" version="1" changeset="91244571" timestamp="2020-09-21T18:27:51Z" user="VLD155" uid="10456863" lat="19.7827341" lon="105.7728699"/>
 <node id="7929045055" visible="true" version="1" changeset="91244571" timestamp="2020-09-21T18:27:51Z" user="VLD155" uid="10456863" lat="19.7831281" lon="105.7729989"/>
 <node id="7929045056" visible="true" version="2" changeset="91244650" timestamp="2020-09-21T18:29:59Z" user="VLD155" uid="10456863" lat="19.7835410" lon="105.7731278"/>
 <node id="7929045057" visible="true" version="1" changeset="91244571" timestamp="2020-09-21T18:27:51Z" user="VLD155" uid="10456863" lat="19.7840059" lon="105.7732777"/>
 <node id="7929045058" visible="true" version="2" changeset="91244650" timestamp="2020-09-21T18:29:59Z" user="VLD155" uid="10456863" lat="19.7845465" lon="105.7734439"/>
 <node id="7929045059" visible="true" version="1" changeset="91244571" timestamp="2020-09-21T18:27:51Z" user="VLD155" uid="10456863" lat="19.7854429" lon="105.7737083"/>
 <node id="7929045060" visible="true" version="2" changeset="91244650" timestamp="2020-09-21T18:29:59Z" user="VLD155" uid="10456863" lat="19.7824446" lon="105.7739156"/>
 <node id="7929045061" visible="true" version="1" changeset="91244571" timestamp="2020-09-21T18:27:51Z" user="VLD155" uid="10456863" lat="19.7828475" lon="105.7740410"/>
 <node id="7929045062" visible="true" version="2" changeset="91244650" timestamp="2020-09-21T18:29:59Z" user="VLD155" uid="10456863" lat="19.7832711" lon="105.7741468"/>
 <node id="7929045063" visible="true" version="2" changeset="91244650" timestamp="2020-09-21T18:29:59Z" user="VLD155" uid="10456863" lat="19.7842776" lon="105.7744440"/>
 <node id="7929045064" visible="true" version="1" changeset="91244571" timestamp="2020-09-21T18:27:51Z" user="VLD155" uid="10456863" lat="19.7847397" lon="105.7745784"/>
 <node id="7929045065" visible="true" version="1" changeset="91244571" timestamp="2020-09-21T18:27:51Z" user="VLD155" uid="10456863" lat="19.7826777" lon="105.7746040"/>
 <node id="7929045066" visible="true" version="1" changeset="91244571" timestamp="2020-09-21T18:27:51Z" user="VLD155" uid="10456863" lat="19.7837456" lon="105.7742884"/>
 <node id="7929045067" visible="true" version="2" changeset="91244650" timestamp="2020-09-21T18:29:59Z" user="VLD155" uid="10456863" lat="19.7834580" lon="105.7754018"/>
 <node id="7929045068" visible="true" version="2" changeset="91244650" timestamp="2020-09-21T18:29:59Z" user="VLD155" uid="10456863" lat="19.7844451" lon="105.7756786"/>
 <node id="7929045069" visible="true" version="1" changeset="91244571" timestamp="2020-09-21T18:27:51Z" user="VLD155" uid="10456863" lat="19.7849819" lon="105.7735744"/>
 <node id="7929045070" visible="true" version="1" changeset="91244571" timestamp="2020-09-21T18:27:51Z" user="VLD155" uid="10456863" lat="19.7851833" lon="105.7747181"/>
 <node id="7929045071" visible="true" version="1" changeset="91244571" timestamp="2020-09-21T18:27:51Z" user="VLD155" uid="10456863" lat="19.7849779" lon="105.7755136"/>
 <node id="7929045072" visible="true" version="2" changeset="91244650" timestamp="2020-09-21T18:29:59Z" user="VLD155" uid="10456863" lat="19.7850572" lon="105.7752372"/>
 <node id="7929045696" visible="true" version="2" changeset="103387452" timestamp="2021-04-22T07:07:41Z" user="jonna_kuti" uid="10751844" lat="19.7876292" lon="105.7712912"/>
 <node id="7929045697" visible="true" version="1" changeset="91244176" timestamp="2020-09-21T18:16:15Z" user="VLD155" uid="10456863" lat="19.7876036" lon="105.7717562"/>
 <node id="7929045698" visible="true" version="1" changeset="91244176" timestamp="2020-09-21T18:16:15Z" user="VLD155" uid="10456863" lat="19.7876884" lon="105.7720344"/>
 <node id="7929045699" visible="true" version="1" changeset="91244176" timestamp="2020-09-21T18:16:15Z" user="VLD155" uid="10456863" lat="19.7877152" lon="105.7722212"/>
 <node id="7929045700" visible="true" version="1" changeset="91244176" timestamp="2020-09-21T18:16:15Z" user="VLD155" uid="10456863" lat="19.7876901" lon="105.7728552"/>
 <node id="7929045701" visible="true" version="1" changeset="91244176" timestamp="2020-09-21T18:16:15Z" user="VLD155" uid="10456863" lat="19.7876867" lon="105.7729273"/>
 <node id="7929045702" visible="true" version="1" changeset="91244176" timestamp="2020-09-21T18:16:15Z" user="VLD155" uid="10456863" lat="19.7875935" lon="105.7716785"/>
 <node id="7929045703" visible="true" version="1" changeset="91244176" timestamp="2020-09-21T18:16:15Z" user="VLD155" uid="10456863" lat="19.7859202" lon="105.7727413"/>
 <node id="7929045704" visible="true" version="1" changeset="91244176" timestamp="2020-09-21T18:16:15Z" user="VLD155" uid="10456863" lat="19.7866848" lon="105.7726788"/>
 <node id="7929045705" visible="true" version="1" changeset="91244176" timestamp="2020-09-21T18:16:15Z" user="VLD155" uid="10456863" lat="19.7873541" lon="105.7727217"/>
 <node id="7929045706" visible="true" version="1" changeset="91244176" timestamp="2020-09-21T18:16:15Z" user="VLD155" uid="10456863" lat="19.7876793" lon="105.7727066"/>
 <node id="7929045707" visible="true" version="1" changeset="91244176" timestamp="2020-09-21T18:16:15Z" user="VLD155" uid="10456863" lat="19.7874118" lon="105.7727227"/>
 <node id="7929045708" visible="true" version="1" changeset="91244176" timestamp="2020-09-21T18:16:15Z" user="VLD155" uid="10456863" lat="19.7867310" lon="105.7726789"/>
 <node id="7929045709" visible="true" version="2" changeset="119011062" timestamp="2022-03-28T08:52:10Z" user="yoga_1" uid="11659051" lat="19.7868722" lon="105.7720194"/>
 <node id="7929045710" visible="true" version="1" changeset="91244176" timestamp="2020-09-21T18:16:15Z" user="VLD155" uid="10456863" lat="19.7869143" lon="105.7712125"/>
 <node id="7929045711" visible="true" version="1" changeset="91244176" timestamp="2020-09-21T18:16:15Z" user="VLD155" uid="10456863" lat="19.7877131" lon="105.7721437"/>
 <node id="7929045712" visible="true" version="1" changeset="91244176" timestamp="2020-09-21T18:16:15Z" user="VLD155" uid="10456863" lat="19.7876082" lon="105.7721416"/>
 <node id="7929045713" visible="true" version="1" changeset="91244176" timestamp="2020-09-21T18:16:15Z" user="VLD155" uid="10456863" lat="19.7875555" lon="105.7721356"/>
 <node id="7929045714" visible="true" version="1" changeset="91244176" timestamp="2020-09-21T18:16:15Z" user="VLD155" uid="10456863" lat="19.7863080" lon="105.7718641"/>
 <node id="7929045715" visible="true" version="1" changeset="91244176" timestamp="2020-09-21T18:16:15Z" user="VLD155" uid="10456863" lat="19.7864993" lon="105.7716992"/>
 <node id="7929045716" visible="true" version="1" changeset="91244176" timestamp="2020-09-21T18:16:15Z" user="VLD155" uid="10456863" lat="19.7863506" lon="105.7717417"/>
 <node id="7929045717" visible="true" version="1" changeset="91244176" timestamp="2020-09-21T18:16:15Z" user="VLD155" uid="10456863" lat="19.7862133" lon="105.7721287"/>
 <node id="7929045718" visible="true" version="1" changeset="91244176" timestamp="2020-09-21T18:16:15Z" user="VLD155" uid="10456863" lat="19.7861618" lon="105.7722138"/>
 <node id="7929045719" visible="true" version="1" changeset="91244176" timestamp="2020-09-21T18:16:15Z" user="VLD155" uid="10456863" lat="19.7860932" lon="105.7722705"/>
 <node id="7929045720" visible="true" version="1" changeset="91244176" timestamp="2020-09-21T18:16:15Z" user="VLD155" uid="10456863" lat="19.7858265" lon="105.7723916"/>
 <node id="7929045721" visible="true" version="1" changeset="91244176" timestamp="2020-09-21T18:16:15Z" user="VLD155" uid="10456863" lat="19.7863810" lon="105.7717273"/>
 <node id="7929045722" visible="true" version="1" changeset="91244176" timestamp="2020-09-21T18:16:15Z" user="VLD155" uid="10456863" lat="19.7863329" lon="105.7717747"/>
 <node id="7929045723" visible="true" version="1" changeset="91244176" timestamp="2020-09-21T18:16:15Z" user="VLD155" uid="10456863" lat="19.7858775" lon="105.7710951"/>
 <node id="7929046085" visible="true" version="2" changeset="103386583" timestamp="2021-04-22T06:57:10Z" user="jonna_kuti" uid="10751844" lat="19.7867293" lon="105.7734787"/>
 <node id="7929046086" visible="true" version="1" changeset="91243981" timestamp="2020-09-21T18:10:31Z" user="VLD155" uid="10456863" lat="19.7879169" lon="105.7751808"/>
 <node id="7929046087" visible="true" version="1" changeset="91243981" timestamp="2020-09-21T18:10:31Z" user="VLD155" uid="10456863" lat="19.7858254" lon="105.7745284"/>
 <node id="7929046088" visible="true" version="1" changeset="91243981" timestamp="2020-09-21T18:10:31Z" user="VLD155" uid="10456863" lat="19.7868967" lon="105.7748666"/>
 <node id="7929046089" visible="true" version="1" changeset="91243981" timestamp="2020-09-21T18:10:31Z" user="VLD155" uid="10456863" lat="19.7871159" lon="105.7740900"/>
 <node id="7929046090" visible="true" version="1" changeset="91243981" timestamp="2020-09-21T18:10:31Z" user="VLD155" uid="10456863" lat="19.7855985" lon="105.7753986"/>
 <node id="7929046091" visible="true" version="1" changeset="91243981" timestamp="2020-09-21T18:10:31Z" user="VLD155" uid="10456863" lat="19.7860931" lon="105.7756428"/>
 <node id="7929046092" visible="true" version="1" changeset="91243981" timestamp="2020-09-21T18:10:31Z" user="VLD155" uid="10456863" lat="19.7860481" lon="105.7737650"/>
 <node id="7929046093" visible="true" version="1" changeset="91243981" timestamp="2020-09-21T18:10:31Z" user="VLD155" uid="10456863" lat="19.7876469" lon="105.7742414"/>
 <node id="7929046094" visible="true" version="3" changeset="166853480" timestamp="2025-05-28T05:55:42Z" user="ZioDragon" uid="13799024" lat="19.7865190" lon="105.7767474"/>
 <node id="7929046095" visible="true" version="1" changeset="91243981" timestamp="2020-09-21T18:10:31Z" user="VLD155" uid="10456863" lat="19.7865967" lon="105.7766638"/>
 <node id="7929046096" visible="true" version="1" changeset="91243981" timestamp="2020-09-21T18:10:31Z" user="VLD155" uid="10456863" lat="19.7870693" lon="105.7761820"/>
 <node id="7929046097" visible="true" version="1" changeset="91243981" timestamp="2020-09-21T18:10:31Z" user="VLD155" uid="10456863" lat="19.7878770" lon="105.7752756"/>
 <node id="7929046098" visible="true" version="1" changeset="91243981" timestamp="2020-09-21T18:10:31Z" user="VLD155" uid="10456863" lat="19.7880179" lon="105.7748715"/>
 <node id="7929046099" visible="true" version="1" changeset="91243981" timestamp="2020-09-21T18:10:31Z" user="VLD155" uid="10456863" lat="19.7880295" lon="105.7745761"/>
 <node id="7929046100" visible="true" version="1" changeset="91243981" timestamp="2020-09-21T18:10:31Z" user="VLD155" uid="10456863" lat="19.7878249" lon="105.7743669"/>
 <node id="7929046101" visible="true" version="1" changeset="91243981" timestamp="2020-09-21T18:10:31Z" user="VLD155" uid="10456863" lat="19.7878334" lon="105.7753378"/>
 <node id="7929046102" visible="true" version="1" changeset="91243981" timestamp="2020-09-21T18:10:31Z" user="VLD155" uid="10456863" lat="19.7880440" lon="105.7746530"/>
 <node id="7929046103" visible="true" version="1" changeset="91243981" timestamp="2020-09-21T18:10:31Z" user="VLD155" uid="10456863" lat="19.7879897" lon="105.7745161"/>
 <node id="7929046104" visible="true" version="1" changeset="91243981" timestamp="2020-09-21T18:10:31Z" user="VLD155" uid="10456863" lat="19.7874462" lon="105.7750358"/>
 <node id="7929046105" visible="true" version="1" changeset="91243981" timestamp="2020-09-21T18:10:31Z" user="VLD155" uid="10456863" lat="19.7876891" lon="105.7742780"/>
 <node id="7929046106" visible="true" version="2" changeset="91244176" timestamp="2020-09-21T18:16:15Z" user="VLD155" uid="10456863" lat="19.7876086" lon="105.7741415"/>
 <node id="7929046107" visible="true" version="2" changeset="91244176" timestamp="2020-09-21T18:16:15Z" user="VLD155" uid="10456863" lat="19.7875906" lon="105.7739592"/>
 <node id="7929046108" visible="true" version="3" changeset="93512517" timestamp="2020-11-04T04:23:01Z" user="GrabVNTommy" uid="8421597" lat="19.7876190" lon="105.7734822"/>
 <node id="7929054321" visible="true" version="1" changeset="91244453" timestamp="2020-09-21T18:24:49Z" user="VLD155" uid="10456863" lat="19.7848456" lon="105.7708901"/>
 <node id="7929054326" visible="true" version="1" changeset="91244453" timestamp="2020-09-21T18:24:49Z" user="VLD155" uid="10456863" lat="19.7844482" lon="105.7717412"/>
 <node id="7929054327" visible="true" version="1" changeset="91244453" timestamp="2020-09-21T18:24:49Z" user="VLD155" uid="10456863" lat="19.7842390" lon="105.7723140"/>
 <node id="7929054328" visible="true" version="1" changeset="91244453" timestamp="2020-09-21T18:24:49Z" user="VLD155" uid="10456863" lat="19.7842584" lon="105.7722587"/>
 <node id="7929054330" visible="true" version="1" changeset="91244453" timestamp="2020-09-21T18:24:49Z" user="VLD155" uid="10456863" lat="19.7836798" lon="105.7714759"/>
 <node id="7929054331" visible="true" version="1" changeset="91244453" timestamp="2020-09-21T18:24:49Z" user="VLD155" uid="10456863" lat="19.7849254" lon="105.7718962"/>
 <node id="7929054332" visible="true" version="1" changeset="91244453" timestamp="2020-09-21T18:24:49Z" user="VLD155" uid="10456863" lat="19.7851517" lon="105.7719271"/>
 <node id="7929054333" visible="true" version="2" changeset="103385852" timestamp="2021-04-22T06:48:27Z" user="jonna_kuti" uid="10751844" lat="19.7854504" lon="105.7719907"/>
 <node id="7929054334" visible="true" version="1" changeset="91244453" timestamp="2020-09-21T18:24:49Z" user="VLD155" uid="10456863" lat="19.7848597" lon="105.7718817"/>
 <node id="7929054335" visible="true" version="2" changeset="132530013" timestamp="2023-02-14T10:33:06Z" user="vietnam321" uid="11196308" lat="19.7830560" lon="105.7712555"/>
 <node id="7929054336" visible="true" version="2" changeset="103385852" timestamp="2021-04-22T06:48:27Z" user="jonna_kuti" uid="10751844" lat="19.7854737" lon="105.7722226"/>
 <node id="7929054337" visible="true" version="3" changeset="162200705" timestamp="2025-02-06T10:05:56Z" user="GrabVN_QThoai" uid="15740602" lat="19.7854303" lon="105.7715621"/>
 <node id="7929054338" visible="true" version="1" changeset="91244453" timestamp="2020-09-21T18:24:49Z" user="VLD155" uid="10456863" lat="19.7851967" lon="105.7726250"/>
 <node id="7929054339" visible="true" version="2" changeset="103386006" timestamp="2021-04-22T06:50:05Z" user="jonna_kuti" uid="10751844" lat="19.7847888" lon="105.7727255"/>
 <node id="7929054340" visible="true" version="1" changeset="91244453" timestamp="2020-09-21T18:24:49Z" user="VLD155" uid="10456863" lat="19.7845974" lon="105.7726850"/>
 <node id="7929054341" visible="true" version="1" changeset="91244453" timestamp="2020-09-21T18:24:49Z" user="VLD155" uid="10456863" lat="19.7841663" lon="105.7724570"/>
 <node id="7929054342" visible="true" version="1" changeset="91244453" timestamp="2020-09-21T18:24:49Z" user="VLD155" uid="10456863" lat="19.7849830" lon="105.7727163"/>
 <node id="7929054343" visible="true" version="1" changeset="91244453" timestamp="2020-09-21T18:24:49Z" user="VLD155" uid="10456863" lat="19.7852369" lon="105.7726106"/>
 <node id="7929054344" visible="true" version="2" changeset="180147584" timestamp="2026-03-20T08:47:48Z" user="Pham Thi Anh Thu" uid="22580488" lat="19.7850565" lon="105.7726949"/>
 <node id="7929054345" visible="true" version="1" changeset="91244453" timestamp="2020-09-21T18:24:49Z" user="VLD155" uid="10456863" lat="19.7849020" lon="105.7727296"/>
 <node id="7929054346" visible="true" version="1" changeset="91244453" timestamp="2020-09-21T18:24:49Z" user="VLD155" uid="10456863" lat="19.7844428" lon="105.7726331"/>
 <node id="7929054347" visible="true" version="1" changeset="91244453" timestamp="2020-09-21T18:24:49Z" user="VLD155" uid="10456863" lat="19.7843263" lon="105.7725731"/>
 <node id="7929054348" visible="true" version="1" changeset="91244453" timestamp="2020-09-21T18:24:49Z" user="VLD155" uid="10456863" lat="19.7840112" lon="105.7723571"/>
 <node id="7929054349" visible="true" version="1" changeset="91244453" timestamp="2020-09-21T18:24:49Z" user="VLD155" uid="10456863" lat="19.7837662" lon="105.7722884"/>
 <node id="7929054350" visible="true" version="1" changeset="91244453" timestamp="2020-09-21T18:24:49Z" user="VLD155" uid="10456863" lat="19.7838152" lon="105.7723064"/>
 <node id="7929054351" visible="true" version="1" changeset="91244453" timestamp="2020-09-21T18:24:49Z" user="VLD155" uid="10456863" lat="19.7839690" lon="105.7723421"/>
 <node id="7929056116" visible="true" version="1" changeset="91244312" timestamp="2020-09-21T18:20:52Z" user="VLD155" uid="10456863" lat="19.7840648" lon="105.7678000"/>
 <node id="7929056121" visible="true" version="1" changeset="91244312" timestamp="2020-09-21T18:20:52Z" user="VLD155" uid="10456863" lat="19.7863009" lon="105.7692034"/>
 <node id="7929056124" visible="true" version="1" changeset="91244312" timestamp="2020-09-21T18:20:52Z" user="VLD155" uid="10456863" lat="19.7860716" lon="105.7701774"/>
 <node id="7929056127" visible="true" version="2" changeset="106463249" timestamp="2021-06-16T11:30:22Z" user="saka_1" uid="11660552" lat="19.7834977" lon="105.7697743"/>
 <node id="7929078002" visible="true" version="1" changeset="91244650" timestamp="2020-09-21T18:29:59Z" user="VLD155" uid="10456863" lat="19.7829887" lon="105.7752354"/>
 <node id="7929078003" visible="true" version="1" changeset="91244650" timestamp="2020-09-21T18:29:59Z" user="VLD155" uid="10456863" lat="19.7829850" lon="105.7751685"/>
 <node id="7929078004" visible="true" version="1" changeset="91244650" timestamp="2020-09-21T18:29:59Z" user="VLD155" uid="10456863" lat="19.7830386" lon="105.7752755"/>
 <node id="7929078005" visible="true" version="1" changeset="91244650" timestamp="2020-09-21T18:29:59Z" user="VLD155" uid="10456863" lat="19.7839690" lon="105.7755455"/>
 <node id="7929078006" visible="true" version="1" changeset="91244650" timestamp="2020-09-21T18:29:59Z" user="VLD155" uid="10456863" lat="19.7839474" lon="105.7756531"/>
 <node id="7929078008" visible="true" version="1" changeset="91244650" timestamp="2020-09-21T18:29:59Z" user="VLD155" uid="10456863" lat="19.7839419" lon="105.7757289"/>
 <node id="7929090022" visible="true" version="1" changeset="91246066" timestamp="2020-09-21T19:08:31Z" user="VLD155" uid="10456863" lat="19.7939442" lon="105.7787582"/>
 <node id="7929090023" visible="true" version="1" changeset="91246066" timestamp="2020-09-21T19:08:31Z" user="VLD155" uid="10456863" lat="19.7934603" lon="105.7787566"/>
 <node id="7929090025" visible="true" version="1" changeset="91246066" timestamp="2020-09-21T19:08:31Z" user="VLD155" uid="10456863" lat="19.7923842" lon="105.7781716"/>
 <node id="7929090026" visible="true" version="1" changeset="91246066" timestamp="2020-09-21T19:08:31Z" user="VLD155" uid="10456863" lat="19.7924150" lon="105.7787584"/>
 <node id="7929090027" visible="true" version="1" changeset="91246066" timestamp="2020-09-21T19:08:31Z" user="VLD155" uid="10456863" lat="19.7924316" lon="105.7791393"/>
 <node id="7929090028" visible="true" version="2" changeset="91666359" timestamp="2020-09-28T21:04:12Z" user="VLD155" uid="10456863" lat="19.7924284" lon="105.7792052"/>
 <node id="7929090029" visible="true" version="2" changeset="91666359" timestamp="2020-09-28T21:04:12Z" user="VLD155" uid="10456863" lat="19.7915921" lon="105.7792454"/>
 <node id="7929090030" visible="true" version="1" changeset="91246066" timestamp="2020-09-21T19:08:31Z" user="VLD155" uid="10456863" lat="19.7916236" lon="105.7790073"/>
 <node id="7929090031" visible="true" version="1" changeset="91246066" timestamp="2020-09-21T19:08:31Z" user="VLD155" uid="10456863" lat="19.7916371" lon="105.7786556"/>
 <node id="7929090032" visible="true" version="1" changeset="91246066" timestamp="2020-09-21T19:08:31Z" user="VLD155" uid="10456863" lat="19.7916319" lon="105.7789090"/>
 <node id="7929090033" visible="true" version="1" changeset="91246066" timestamp="2020-09-21T19:08:31Z" user="VLD155" uid="10456863" lat="19.7920612" lon="105.7776794"/>
 <node id="7929090034" visible="true" version="1" changeset="91246066" timestamp="2020-09-21T19:08:31Z" user="VLD155" uid="10456863" lat="19.7916710" lon="105.7776024"/>
 <node id="7929090035" visible="true" version="1" changeset="91246066" timestamp="2020-09-21T19:08:31Z" user="VLD155" uid="10456863" lat="19.7915075" lon="105.7775776"/>
 <node id="7929090036" visible="true" version="1" changeset="91246066" timestamp="2020-09-21T19:08:31Z" user="VLD155" uid="10456863" lat="19.7913182" lon="105.7775651"/>
 <node id="7929090037" visible="true" version="1" changeset="91246066" timestamp="2020-09-21T19:08:31Z" user="VLD155" uid="10456863" lat="19.7910098" lon="105.7775651"/>
 <node id="7929090038" visible="true" version="1" changeset="91246066" timestamp="2020-09-21T19:08:31Z" user="VLD155" uid="10456863" lat="19.7915051" lon="105.7779427"/>
 <node id="7929090039" visible="true" version="1" changeset="91246066" timestamp="2020-09-21T19:08:31Z" user="VLD155" uid="10456863" lat="19.7919421" lon="105.7779467"/>
 <node id="7929090040" visible="true" version="1" changeset="91246066" timestamp="2020-09-21T19:08:31Z" user="VLD155" uid="10456863" lat="19.7919841" lon="105.7786949"/>
 <node id="7929090041" visible="true" version="1" changeset="91246066" timestamp="2020-09-21T19:08:31Z" user="VLD155" uid="10456863" lat="19.7910232" lon="105.7779401"/>
 <node id="7929090042" visible="true" version="1" changeset="91246066" timestamp="2020-09-21T19:08:31Z" user="VLD155" uid="10456863" lat="19.7910283" lon="105.7785301"/>
 <node id="7929090043" visible="true" version="2" changeset="166853480" timestamp="2025-05-28T05:55:42Z" user="ZioDragon" uid="13799024" lat="19.7909989" lon="105.7771090"/>
 <node id="7929090045" visible="true" version="1" changeset="91246066" timestamp="2020-09-21T19:08:31Z" user="VLD155" uid="10456863" lat="19.7908995" lon="105.7792472"/>
 <node id="7929090047" visible="true" version="1" changeset="91246066" timestamp="2020-09-21T19:08:31Z" user="VLD155" uid="10456863" lat="19.7909543" lon="105.7792420"/>
 <node id="7929090048" visible="true" version="1" changeset="91246066" timestamp="2020-09-21T19:08:31Z" user="VLD155" uid="10456863" lat="19.7910106" lon="105.7792474"/>
 <node id="7929091467" visible="true" version="1" changeset="91245148" timestamp="2020-09-21T18:42:38Z" user="VLD155" uid="10456863" lat="19.7811782" lon="105.7705349"/>
 <node id="7929091468" visible="true" version="1" changeset="91245148" timestamp="2020-09-21T18:42:38Z" user="VLD155" uid="10456863" lat="19.7806136" lon="105.7714643"/>
 <node id="7929091469" visible="true" version="1" changeset="91245148" timestamp="2020-09-21T18:42:38Z" user="VLD155" uid="10456863" lat="19.7800332" lon="105.7724990"/>
 <node id="7929091470" visible="true" version="1" changeset="91245148" timestamp="2020-09-21T18:42:38Z" user="VLD155" uid="10456863" lat="19.7796801" lon="105.7722592"/>
 <node id="7929091471" visible="true" version="1" changeset="91245148" timestamp="2020-09-21T18:42:38Z" user="VLD155" uid="10456863" lat="19.7802629" lon="105.7712085"/>
 <node id="7929091472" visible="true" version="1" changeset="91245148" timestamp="2020-09-21T18:42:38Z" user="VLD155" uid="10456863" lat="19.7807987" lon="105.7702601"/>
 <node id="7929091473" visible="true" version="1" changeset="91245148" timestamp="2020-09-21T18:42:38Z" user="VLD155" uid="10456863" lat="19.7793116" lon="105.7720210"/>
 <node id="7929091474" visible="true" version="1" changeset="91245148" timestamp="2020-09-21T18:42:38Z" user="VLD155" uid="10456863" lat="19.7799148" lon="105.7709583"/>
 <node id="7929091475" visible="true" version="1" changeset="91245148" timestamp="2020-09-21T18:42:38Z" user="VLD155" uid="10456863" lat="19.7804493" lon="105.7699981"/>
 <node id="7929091477" visible="true" version="1" changeset="91245148" timestamp="2020-09-21T18:42:38Z" user="VLD155" uid="10456863" lat="19.7766461" lon="105.7689951"/>
 <node id="7929091479" visible="true" version="1" changeset="91245148" timestamp="2020-09-21T18:42:38Z" user="VLD155" uid="10456863" lat="19.7771745" lon="105.7680402"/>
 <node id="7929091480" visible="true" version="1" changeset="91245148" timestamp="2020-09-21T18:42:38Z" user="VLD155" uid="10456863" lat="19.7757927" lon="105.7705719"/>
 <node id="7929091481" visible="true" version="1" changeset="91245148" timestamp="2020-09-21T18:42:38Z" user="VLD155" uid="10456863" lat="19.7774096" lon="105.7694419"/>
 <node id="7929092083" visible="true" version="1" changeset="91245049" timestamp="2020-09-21T18:40:37Z" user="VLD155" uid="10456863" lat="19.7806252" lon="105.7701345"/>
 <node id="7929094937" visible="true" version="1" changeset="91245307" timestamp="2020-09-21T18:47:00Z" user="VLD155" uid="10456863" lat="19.7798286" lon="105.7702545"/>
 <node id="7929094942" visible="true" version="1" changeset="91245307" timestamp="2020-09-21T18:47:00Z" user="VLD155" uid="10456863" lat="19.7803585" lon="105.7752080"/>
 <node id="7929094943" visible="true" version="1" changeset="91245307" timestamp="2020-09-21T18:47:00Z" user="VLD155" uid="10456863" lat="19.7807590" lon="105.7748166"/>
 <node id="7929094944" visible="true" version="1" changeset="91245307" timestamp="2020-09-21T18:47:00Z" user="VLD155" uid="10456863" lat="19.7811372" lon="105.7743490"/>
 <node id="7929094945" visible="true" version="1" changeset="91245307" timestamp="2020-09-21T18:47:00Z" user="VLD155" uid="10456863" lat="19.7812743" lon="105.7741500"/>
 <node id="7929094946" visible="true" version="2" changeset="91245407" timestamp="2020-09-21T18:49:48Z" user="VLD155" uid="10456863" lat="19.7794728" lon="105.7743593"/>
 <node id="7929094947" visible="true" version="1" changeset="91245307" timestamp="2020-09-21T18:47:00Z" user="VLD155" uid="10456863" lat="19.7804780" lon="105.7750274"/>
 <node id="7929094948" visible="true" version="1" changeset="91245307" timestamp="2020-09-21T18:47:00Z" user="VLD155" uid="10456863" lat="19.7806626" lon="105.7747483"/>
 <node id="7929094949" visible="true" version="1" changeset="91245307" timestamp="2020-09-21T18:47:00Z" user="VLD155" uid="10456863" lat="19.7794633" lon="105.7739222"/>
 <node id="7929094954" visible="true" version="1" changeset="91245407" timestamp="2020-09-21T18:49:48Z" user="VLD155" uid="10456863" lat="19.7805669" lon="105.7744411"/>
 <node id="7929094955" visible="true" version="1" changeset="91245407" timestamp="2020-09-21T18:49:48Z" user="VLD155" uid="10456863" lat="19.7807162" lon="105.7741918"/>
 <node id="7929094956" visible="true" version="1" changeset="91245407" timestamp="2020-09-21T18:49:48Z" user="VLD155" uid="10456863" lat="19.7802591" lon="105.7742350"/>
 <node id="7929094957" visible="true" version="1" changeset="91245407" timestamp="2020-09-21T18:49:48Z" user="VLD155" uid="10456863" lat="19.7804424" lon="105.7739330"/>
 <node id="7929094958" visible="true" version="1" changeset="91245407" timestamp="2020-09-21T18:49:48Z" user="VLD155" uid="10456863" lat="19.7794730" lon="105.7737037"/>
 <node id="7929094959" visible="true" version="1" changeset="91245407" timestamp="2020-09-21T18:49:48Z" user="VLD155" uid="10456863" lat="19.7794982" lon="105.7733842"/>
 <node id="7929094960" visible="true" version="1" changeset="91245407" timestamp="2020-09-21T18:49:48Z" user="VLD155" uid="10456863" lat="19.7796105" lon="105.7730434"/>
 <node id="7929094961" visible="true" version="1" changeset="91245407" timestamp="2020-09-21T18:49:48Z" user="VLD155" uid="10456863" lat="19.7794919" lon="105.7734366"/>
 <node id="7929094962" visible="true" version="1" changeset="91245407" timestamp="2020-09-21T18:49:48Z" user="VLD155" uid="10456863" lat="19.7794794" lon="105.7748234"/>
 <node id="7929094963" visible="true" version="2" changeset="91245562" timestamp="2020-09-21T18:53:32Z" user="VLD155" uid="10456863" lat="19.7787773" lon="105.7745439"/>
 <node id="7929094964" visible="true" version="1" changeset="91245407" timestamp="2020-09-21T18:49:48Z" user="VLD155" uid="10456863" lat="19.7789413" lon="105.7745629"/>
 <node id="7929094965" visible="true" version="1" changeset="91245407" timestamp="2020-09-21T18:49:48Z" user="VLD155" uid="10456863" lat="19.7790486" lon="105.7745978"/>
 <node id="7929094966" visible="true" version="1" changeset="91245407" timestamp="2020-09-21T18:49:48Z" user="VLD155" uid="10456863" lat="19.7798445" lon="105.7750634"/>
 <node id="7929094967" visible="true" version="1" changeset="91245407" timestamp="2020-09-21T18:49:48Z" user="VLD155" uid="10456863" lat="19.7798862" lon="105.7751141"/>
 <node id="7929094968" visible="true" version="1" changeset="91245407" timestamp="2020-09-21T18:49:48Z" user="VLD155" uid="10456863" lat="19.7798922" lon="105.7751806"/>
 <node id="7929094969" visible="true" version="2" changeset="166853480" timestamp="2025-05-28T05:55:42Z" user="ZioDragon" uid="13799024" lat="19.7798011" lon="105.7758475"/>
 <node id="7929094970" visible="true" version="3" changeset="110661749" timestamp="2021-09-03T08:22:27Z" user="vietnam321" uid="11196308" lat="19.7786202" lon="105.7735595"/>
 <node id="7929094971" visible="true" version="1" changeset="91245407" timestamp="2020-09-21T18:49:48Z" user="VLD155" uid="10456863" lat="19.7789554" lon="105.7737901"/>
 <node id="7929094972" visible="true" version="1" changeset="91245407" timestamp="2020-09-21T18:49:48Z" user="VLD155" uid="10456863" lat="19.7792353" lon="105.7734895"/>
 <node id="7929094973" visible="true" version="3" changeset="110661749" timestamp="2021-09-03T08:22:27Z" user="vietnam321" uid="11196308" lat="19.7788313" lon="105.7732098"/>
 <node id="7929104385" visible="true" version="1" changeset="91245049" timestamp="2020-09-21T18:40:37Z" user="VLD155" uid="10456863" lat="19.7803155" lon="105.7698894"/>
 <node id="7929104387" visible="true" version="2" changeset="103385652" timestamp="2021-04-22T06:46:03Z" user="jonna_kuti" uid="10751844" lat="19.7808668" lon="105.7730803"/>
 <node id="7929104388" visible="true" version="2" changeset="103385652" timestamp="2021-04-22T06:46:03Z" user="jonna_kuti" uid="10751844" lat="19.7814440" lon="105.7720828"/>
 <node id="7929104389" visible="true" version="2" changeset="103385652" timestamp="2021-04-22T06:46:03Z" user="jonna_kuti" uid="10751844" lat="19.7819892" lon="105.7711278"/>
 <node id="7929104390" visible="true" version="2" changeset="103385652" timestamp="2021-04-22T06:46:03Z" user="jonna_kuti" uid="10751844" lat="19.7811548" lon="105.7725825"/>
 <node id="7929104391" visible="true" version="1" changeset="91245049" timestamp="2020-09-21T18:40:37Z" user="VLD155" uid="10456863" lat="19.7821342" lon="105.7732548"/>
 <node id="7929113075" visible="true" version="2" changeset="91246724" timestamp="2020-09-21T19:27:40Z" user="VLD155" uid="10456863" lat="19.7963643" lon="105.7782338"/>
 <node id="7929113076" visible="true" version="3" changeset="166853480" timestamp="2025-05-28T05:55:42Z" user="ZioDragon" uid="13799024" lat="19.7951502" lon="105.7782854"/>
 <node id="7929113077" visible="true" version="1" changeset="91245923" timestamp="2020-09-21T19:04:04Z" user="VLD155" uid="10456863" lat="19.7946697" lon="105.7781573"/>
 <node id="7929113078" visible="true" version="1" changeset="91245923" timestamp="2020-09-21T19:04:04Z" user="VLD155" uid="10456863" lat="19.7946380" lon="105.7772748"/>
 <node id="7929113079" visible="true" version="3" changeset="166853480" timestamp="2025-05-28T05:55:42Z" user="ZioDragon" uid="13799024" lat="19.7949530" lon="105.7772728"/>
 <node id="7929113081" visible="true" version="1" changeset="91245923" timestamp="2020-09-21T19:04:04Z" user="VLD155" uid="10456863" lat="19.7944101" lon="105.7787598"/>
 <node id="7929113082" visible="true" version="2" changeset="166853480" timestamp="2025-05-28T05:55:42Z" user="ZioDragon" uid="13799024" lat="19.7940005" lon="105.7768943"/>
 <node id="7929113083" visible="true" version="1" changeset="91245923" timestamp="2020-09-21T19:04:04Z" user="VLD155" uid="10456863" lat="19.7940965" lon="105.7787588"/>
 <node id="7929124085" visible="true" version="2" changeset="110661749" timestamp="2021-09-03T08:22:27Z" user="vietnam321" uid="11196308" lat="19.7781776" lon="105.7745363"/>
 <node id="7929124086" visible="true" version="2" changeset="110661749" timestamp="2021-09-03T08:22:27Z" user="vietnam321" uid="11196308" lat="19.7782150" lon="105.7743023"/>
 <node id="7929124087" visible="true" version="2" changeset="110661749" timestamp="2021-09-03T08:22:27Z" user="vietnam321" uid="11196308" lat="19.7782676" lon="105.7741415"/>
 <node id="7929124088" visible="true" version="2" changeset="110661749" timestamp="2021-09-03T08:22:27Z" user="vietnam321" uid="11196308" lat="19.7791193" lon="105.7727338"/>
 <node id="7929124089" visible="true" version="3" changeset="166853480" timestamp="2025-05-28T05:55:42Z" user="ZioDragon" uid="13799024" lat="19.7780097" lon="105.7756098"/>
 <node id="7929124090" visible="true" version="1" changeset="91245562" timestamp="2020-09-21T18:53:32Z" user="VLD155" uid="10456863" lat="19.7787608" lon="105.7747423"/>
 <node id="7929124091" visible="true" version="1" changeset="91245562" timestamp="2020-09-21T18:53:32Z" user="VLD155" uid="10456863" lat="19.7784202" lon="105.7742512"/>
 <node id="7929124092" visible="true" version="1" changeset="91245562" timestamp="2020-09-21T18:53:32Z" user="VLD155" uid="10456863" lat="19.7787294" lon="105.7744787"/>
 <node id="7929124093" visible="true" version="1" changeset="91245562" timestamp="2020-09-21T18:53:32Z" user="VLD155" uid="10456863" lat="19.7787800" lon="105.7746208"/>
 <node id="7929124094" visible="true" version="2" changeset="166853480" timestamp="2025-05-28T05:55:42Z" user="ZioDragon" uid="13799024" lat="19.7784406" lon="105.7756667"/>
 <node id="7929133772" visible="true" version="2" changeset="91666359" timestamp="2020-09-28T21:04:12Z" user="VLD155" uid="10456863" lat="19.7896544" lon="105.7793545"/>
 <node id="7929133773" visible="true" version="1" changeset="91246206" timestamp="2020-09-21T19:12:48Z" user="VLD155" uid="10456863" lat="19.7898588" lon="105.7787077"/>
 <node id="7929133774" visible="true" version="1" changeset="91246206" timestamp="2020-09-21T19:12:48Z" user="VLD155" uid="10456863" lat="19.7893087" lon="105.7782396"/>
 <node id="7929133775" visible="true" version="1" changeset="91246206" timestamp="2020-09-21T19:12:48Z" user="VLD155" uid="10456863" lat="19.7891506" lon="105.7787961"/>
 <node id="7929133776" visible="true" version="1" changeset="91246206" timestamp="2020-09-21T19:12:48Z" user="VLD155" uid="10456863" lat="19.7892412" lon="105.7785105"/>
 <node id="7929133777" visible="true" version="1" changeset="91246206" timestamp="2020-09-21T19:12:48Z" user="VLD155" uid="10456863" lat="19.7887477" lon="105.7790230"/>
 <node id="7929133778" visible="true" version="1" changeset="91246206" timestamp="2020-09-21T19:12:48Z" user="VLD155" uid="10456863" lat="19.7884146" lon="105.7789894"/>
 <node id="7929133779" visible="true" version="1" changeset="91246206" timestamp="2020-09-21T19:12:48Z" user="VLD155" uid="10456863" lat="19.7880201" lon="105.7789935"/>
 <node id="7929133780" visible="true" version="1" changeset="91246206" timestamp="2020-09-21T19:12:48Z" user="VLD155" uid="10456863" lat="19.7882515" lon="105.7789833"/>
 <node id="7929133781" visible="true" version="1" changeset="91246206" timestamp="2020-09-21T19:12:48Z" user="VLD155" uid="10456863" lat="19.7868089" lon="105.7783907"/>
 <node id="7929133782" visible="true" version="1" changeset="91246206" timestamp="2020-09-21T19:12:48Z" user="VLD155" uid="10456863" lat="19.7868442" lon="105.7778421"/>
 <node id="7929133783" visible="true" version="1" changeset="91246206" timestamp="2020-09-21T19:12:48Z" user="VLD155" uid="10456863" lat="19.7874209" lon="105.7780547"/>
 <node id="7929143445" visible="true" version="1" changeset="91246282" timestamp="2020-09-21T19:15:30Z" user="VLD155" uid="10456863" lat="19.7852669" lon="105.7787597"/>
 <node id="7929143446" visible="true" version="1" changeset="91246282" timestamp="2020-09-21T19:15:30Z" user="VLD155" uid="10456863" lat="19.7836706" lon="105.7787511"/>
 <node id="7929143447" visible="true" version="1" changeset="91246282" timestamp="2020-09-21T19:15:30Z" user="VLD155" uid="10456863" lat="19.7846564" lon="105.7777834"/>
 <node id="7929143448" visible="true" version="1" changeset="91246282" timestamp="2020-09-21T19:15:30Z" user="VLD155" uid="10456863" lat="19.7847144" lon="105.7777432"/>
 <node id="7929143449" visible="true" version="1" changeset="91246282" timestamp="2020-09-21T19:15:30Z" user="VLD155" uid="10456863" lat="19.7848559" lon="105.7791456"/>
 <node id="7929143450" visible="true" version="1" changeset="91246282" timestamp="2020-09-21T19:15:30Z" user="VLD155" uid="10456863" lat="19.7840933" lon="105.7783148"/>
 <node id="7929143452" visible="true" version="1" changeset="91246282" timestamp="2020-09-21T19:15:30Z" user="VLD155" uid="10456863" lat="19.7837303" lon="105.7779202"/>
 <node id="7929143453" visible="true" version="1" changeset="91246282" timestamp="2020-09-21T19:15:30Z" user="VLD155" uid="10456863" lat="19.7833111" lon="105.7783681"/>
 <node id="7929143454" visible="true" version="1" changeset="91246282" timestamp="2020-09-21T19:15:30Z" user="VLD155" uid="10456863" lat="19.7842631" lon="105.7774182"/>
 <node id="7929143456" visible="true" version="1" changeset="91246282" timestamp="2020-09-21T19:15:30Z" user="VLD155" uid="10456863" lat="19.7810933" lon="105.7781761"/>
 <node id="7929143457" visible="true" version="1" changeset="91246282" timestamp="2020-09-21T19:15:30Z" user="VLD155" uid="10456863" lat="19.7799716" lon="105.7791251"/>
 <node id="7929143460" visible="true" version="2" changeset="91666359" timestamp="2020-09-28T21:04:12Z" user="VLD155" uid="10456863" lat="19.7793559" lon="105.7789201"/>
 <node id="7929157385" visible="true" version="1" changeset="91246206" timestamp="2020-09-21T19:12:48Z" user="VLD155" uid="10456863" lat="19.7848905" lon="105.7768328"/>
 <node id="7929157386" visible="true" version="1" changeset="91246206" timestamp="2020-09-21T19:12:48Z" user="VLD155" uid="10456863" lat="19.7848600" lon="105.7772036"/>
 <node id="7929157387" visible="true" version="1" changeset="91246206" timestamp="2020-09-21T19:12:48Z" user="VLD155" uid="10456863" lat="19.7848147" lon="105.7774742"/>
 <node id="7929157388" visible="true" version="1" changeset="91246206" timestamp="2020-09-21T19:12:48Z" user="VLD155" uid="10456863" lat="19.7847842" lon="105.7777212"/>
 <node id="7929157389" visible="true" version="1" changeset="91246206" timestamp="2020-09-21T19:12:48Z" user="VLD155" uid="10456863" lat="19.7847924" lon="105.7779138"/>
 <node id="7929157390" visible="true" version="1" changeset="91246206" timestamp="2020-09-21T19:12:48Z" user="VLD155" uid="10456863" lat="19.7848222" lon="105.7781204"/>
 <node id="7929157391" visible="true" version="2" changeset="103385004" timestamp="2021-04-22T06:37:59Z" user="jonna_kuti" uid="10751844" lat="19.7848697" lon="105.7782479"/>
 <node id="7929157392" visible="true" version="1" changeset="91246206" timestamp="2020-09-21T19:12:48Z" user="VLD155" uid="10456863" lat="19.7849356" lon="105.7783782"/>
 <node id="7929157394" visible="true" version="1" changeset="91246206" timestamp="2020-09-21T19:12:48Z" user="VLD155" uid="10456863" lat="19.7848829" lon="105.7770290"/>
 <node id="7929164325" visible="true" version="1" changeset="91246370" timestamp="2020-09-21T19:17:58Z" user="VLD155" uid="10456863" lat="19.7792172" lon="105.7783630"/>
 <node id="7929164326" visible="true" version="1" changeset="91246370" timestamp="2020-09-21T19:17:58Z" user="VLD155" uid="10456863" lat="19.7786770" lon="105.7789855"/>
 <node id="7929164327" visible="true" version="1" changeset="91246370" timestamp="2020-09-21T19:17:58Z" user="VLD155" uid="10456863" lat="19.7788890" lon="105.7780453"/>
 <node id="7929164328" visible="true" version="1" changeset="91246370" timestamp="2020-09-21T19:17:58Z" user="VLD155" uid="10456863" lat="19.7783451" lon="105.7786609"/>
 <node id="7929164329" visible="true" version="2" changeset="167636454" timestamp="2025-06-15T05:43:44Z" user="user_22995996" uid="22995996" lat="19.7782057" lon="105.7774162"/>
 <node id="7929164330" visible="true" version="1" changeset="91246370" timestamp="2020-09-21T19:17:58Z" user="VLD155" uid="10456863" lat="19.7777008" lon="105.7780290"/>
 <node id="7929164331" visible="true" version="2" changeset="167636454" timestamp="2025-06-15T05:43:44Z" user="user_22995996" uid="22995996" lat="19.7800261" lon="105.7774979"/>
 <node id="7929164332" visible="true" version="1" changeset="91246370" timestamp="2020-09-21T19:17:58Z" user="VLD155" uid="10456863" lat="19.7800768" lon="105.7770427"/>
 <node id="7929164333" visible="true" version="1" changeset="91246370" timestamp="2020-09-21T19:17:58Z" user="VLD155" uid="10456863" lat="19.7788978" lon="105.7768983"/>
 <node id="7929164334" visible="true" version="1" changeset="91246370" timestamp="2020-09-21T19:17:58Z" user="VLD155" uid="10456863" lat="19.7777534" lon="105.7767431"/>
 <node id="7929164335" visible="true" version="2" changeset="167636454" timestamp="2025-06-15T05:43:44Z" user="user_22995996" uid="22995996" lat="19.7788437" lon="105.7773386"/>
 <node id="7929164336" visible="true" version="1" changeset="91246370" timestamp="2020-09-21T19:17:58Z" user="VLD155" uid="10456863" lat="19.7789427" lon="105.7764251"/>
 <node id="7929164337" visible="true" version="1" changeset="91246370" timestamp="2020-09-21T19:17:58Z" user="VLD155" uid="10456863" lat="19.7801223" lon="105.7765782"/>
 <node id="7929164338" visible="true" version="1" changeset="91246370" timestamp="2020-09-21T19:17:58Z" user="VLD155" uid="10456863" lat="19.7806026" lon="105.7766380"/>
 <node id="7929164339" visible="true" version="2" changeset="91246469" timestamp="2020-09-21T19:20:42Z" user="VLD155" uid="10456863" lat="19.7778084" lon="105.7762815"/>
 <node id="7929169379" visible="true" version="2" changeset="166853480" timestamp="2025-05-28T05:55:42Z" user="ZioDragon" uid="13799024" lat="19.7778683" lon="105.7757568"/>
 <node id="7929169380" visible="true" version="2" changeset="167636454" timestamp="2025-06-15T05:43:44Z" user="user_22995996" uid="22995996" lat="19.7777109" lon="105.7771643"/>
 <node id="7929169383" visible="true" version="1" changeset="91246469" timestamp="2020-09-21T19:20:42Z" user="VLD155" uid="10456863" lat="19.7776599" lon="105.7787368"/>
 <node id="7929169384" visible="true" version="1" changeset="91246469" timestamp="2020-09-21T19:20:42Z" user="VLD155" uid="10456863" lat="19.7780083" lon="105.7783364"/>
 <node id="7929174685" visible="true" version="2" changeset="167636454" timestamp="2025-06-15T05:43:44Z" user="user_22995996" uid="22995996" lat="19.7785507" lon="105.7777233"/>
 <node id="7929260396" visible="true" version="1" changeset="91247836" timestamp="2020-09-21T19:59:52Z" user="VLD155" uid="10456863" lat="19.7745429" lon="105.7696164"/>
 <node id="7929260424" visible="true" version="1" changeset="91247836" timestamp="2020-09-21T19:59:52Z" user="VLD155" uid="10456863" lat="19.7706773" lon="105.7673696"/>
 <node id="7929395556" visible="true" version="1" changeset="91250080" timestamp="2020-09-21T21:10:57Z" user="VLD155" uid="10456863" lat="19.7733570" lon="105.7686156"/>
 <node id="7929395569" visible="true" version="2" changeset="178929835" timestamp="2026-02-23T07:39:16Z" user="GrabVN_Dang" uid="21825913" lat="19.7707231" lon="105.7673928"/>
 <node id="7931642220" visible="true" version="2" changeset="166853480" timestamp="2025-05-28T05:55:42Z" user="ZioDragon" uid="13799024" lat="19.7653491" lon="105.7768786"/>
 <node id="7931656207" visible="true" version="2" changeset="166853480" timestamp="2025-05-28T05:55:42Z" user="ZioDragon" uid="13799024" lat="19.7636341" lon="105.7771569"/>
 <node id="7951474807" visible="true" version="1" changeset="91648144" timestamp="2020-09-28T14:22:04Z" user="VLD155" uid="10456863" lat="19.8089572" lon="105.7795049"/>
 <node id="7952067439" visible="true" version="1" changeset="91656625" timestamp="2020-09-28T16:45:04Z" user="VLD155" uid="10456863" lat="19.7982190" lon="105.7831937"/>
 <node id="7952067440" visible="true" version="1" changeset="91656625" timestamp="2020-09-28T16:45:04Z" user="VLD155" uid="10456863" lat="19.7995480" lon="105.7831926"/>
 <node id="7952071759" visible="true" version="1" changeset="91657519" timestamp="2020-09-28T17:03:36Z" user="VLD155" uid="10456863" lat="19.7997419" lon="105.7825508"/>
 <node id="7952071761" visible="true" version="1" changeset="91657519" timestamp="2020-09-28T17:03:36Z" user="VLD155" uid="10456863" lat="19.8000780" lon="105.7814382"/>
 <node id="7952071762" visible="true" version="3" changeset="103446771" timestamp="2021-04-23T04:00:49Z" user="siddi_s" uid="11659604" lat="19.8009930" lon="105.7817340"/>
 <node id="7952071763" visible="true" version="1" changeset="91657519" timestamp="2020-09-28T17:03:36Z" user="VLD155" uid="10456863" lat="19.8002905" lon="105.7825226"/>
 <node id="7952071764" visible="true" version="1" changeset="91657519" timestamp="2020-09-28T17:03:36Z" user="VLD155" uid="10456863" lat="19.8005279" lon="105.7815891"/>
 <node id="7952071766" visible="true" version="1" changeset="91657519" timestamp="2020-09-28T17:03:36Z" user="VLD155" uid="10456863" lat="19.7995773" lon="105.7830865"/>
 <node id="7952071767" visible="true" version="1" changeset="91657519" timestamp="2020-09-28T17:03:36Z" user="VLD155" uid="10456863" lat="19.8003803" lon="105.7810128"/>
 <node id="7952071768" visible="true" version="1" changeset="91657519" timestamp="2020-09-28T17:03:36Z" user="VLD155" uid="10456863" lat="19.8011372" lon="105.7811398"/>
 <node id="7952071769" visible="true" version="1" changeset="91657519" timestamp="2020-09-28T17:03:36Z" user="VLD155" uid="10456863" lat="19.8007800" lon="105.7810950"/>
 <node id="7952071773" visible="true" version="2" changeset="117548108" timestamp="2022-02-18T06:26:43Z" user="vietnam321" uid="11196308" lat="19.8017589" lon="105.7798003"/>
 <node id="7952071774" visible="true" version="2" changeset="103447168" timestamp="2021-04-23T04:09:09Z" user="siddi_s" uid="11659604" lat="19.8011238" lon="105.7797686"/>
 <node id="7952071775" visible="true" version="1" changeset="91657519" timestamp="2020-09-28T17:03:36Z" user="VLD155" uid="10456863" lat="19.8007681" lon="105.7797489"/>
 <node id="7952071776" visible="true" version="2" changeset="103447089" timestamp="2021-04-23T04:07:52Z" user="siddi_s" uid="11659604" lat="19.8007574" lon="105.7807002"/>
 <node id="7952071777" visible="true" version="1" changeset="91657519" timestamp="2020-09-28T17:03:36Z" user="VLD155" uid="10456863" lat="19.8004679" lon="105.7797172"/>
 <node id="7952071778" visible="true" version="2" changeset="91658383" timestamp="2020-09-28T17:20:07Z" user="VLD155" uid="10456863" lat="19.8004797" lon="105.7791643"/>
 <node id="7952083118" visible="true" version="1" changeset="91657315" timestamp="2020-09-28T16:59:42Z" user="VLD155" uid="10456863" lat="19.7976221" lon="105.7810173"/>
 <node id="7952083119" visible="true" version="2" changeset="103422304" timestamp="2021-04-22T15:19:21Z" user="siddi_s" uid="11659604" lat="19.7990161" lon="105.7803271"/>
 <node id="7952083120" visible="true" version="2" changeset="103422304" timestamp="2021-04-22T15:19:21Z" user="siddi_s" uid="11659604" lat="19.7993384" lon="105.7803529"/>
 <node id="7952083121" visible="true" version="1" changeset="91657315" timestamp="2020-09-28T16:59:42Z" user="VLD155" uid="10456863" lat="19.7998508" lon="105.7804307"/>
 <node id="7952083122" visible="true" version="1" changeset="91657315" timestamp="2020-09-28T16:59:42Z" user="VLD155" uid="10456863" lat="19.8003205" lon="105.7804334"/>
 <node id="7952083123" visible="true" version="1" changeset="91657315" timestamp="2020-09-28T16:59:42Z" user="VLD155" uid="10456863" lat="19.7999037" lon="105.7804359"/>
 <node id="7952083125" visible="true" version="1" changeset="91657315" timestamp="2020-09-28T16:59:42Z" user="VLD155" uid="10456863" lat="19.7998984" lon="105.7820326"/>
 <node id="7952083127" visible="true" version="1" changeset="91657315" timestamp="2020-09-28T16:59:42Z" user="VLD155" uid="10456863" lat="19.7982156" lon="105.7818013"/>
 <node id="7952083130" visible="true" version="1" changeset="91657315" timestamp="2020-09-28T16:59:42Z" user="VLD155" uid="10456863" lat="19.7986738" lon="105.7818074"/>
 <node id="7952083131" visible="true" version="1" changeset="91657315" timestamp="2020-09-28T16:59:42Z" user="VLD155" uid="10456863" lat="19.7986893" lon="105.7815015"/>
 <node id="7952083132" visible="true" version="1" changeset="91657315" timestamp="2020-09-28T16:59:42Z" user="VLD155" uid="10456863" lat="19.7987254" lon="105.7814139"/>
 <node id="7952083133" visible="true" version="1" changeset="91657315" timestamp="2020-09-28T16:59:42Z" user="VLD155" uid="10456863" lat="19.7988155" lon="105.7813756"/>
 <node id="7952083134" visible="true" version="1" changeset="91657315" timestamp="2020-09-28T16:59:42Z" user="VLD155" uid="10456863" lat="19.7991836" lon="105.7813811"/>
 <node id="7952083135" visible="true" version="1" changeset="91657315" timestamp="2020-09-28T16:59:42Z" user="VLD155" uid="10456863" lat="19.7992763" lon="105.7813975"/>
 <node id="7952083136" visible="true" version="1" changeset="91657315" timestamp="2020-09-28T16:59:42Z" user="VLD155" uid="10456863" lat="19.8000210" lon="105.7816268"/>
 <node id="7952093677" visible="true" version="1" changeset="91657172" timestamp="2020-09-28T16:56:29Z" user="VLD155" uid="10456863" lat="19.7960950" lon="105.7810214"/>
 <node id="7952093678" visible="true" version="2" changeset="132530013" timestamp="2023-02-14T10:33:06Z" user="vietnam321" uid="11196308" lat="19.7961228" lon="105.7825662"/>
 <node id="7952093679" visible="true" version="1" changeset="91657172" timestamp="2020-09-28T16:56:29Z" user="VLD155" uid="10456863" lat="19.7966022" lon="105.7825702"/>
 <node id="7952093680" visible="true" version="3" changeset="106430887" timestamp="2021-06-16T03:33:11Z" user="isha01" uid="11659048" lat="19.7962719" lon="105.7793943"/>
 <node id="7952093682" visible="true" version="2" changeset="103426955" timestamp="2021-04-22T17:01:37Z" user="siddi_s" uid="11659604" lat="19.7963897" lon="105.7794067"/>
 <node id="7952093683" visible="true" version="1" changeset="91657172" timestamp="2020-09-28T16:56:29Z" user="VLD155" uid="10456863" lat="19.7969420" lon="105.7795073"/>
 <node id="7952093684" visible="true" version="1" changeset="91657172" timestamp="2020-09-28T16:56:29Z" user="VLD155" uid="10456863" lat="19.7970393" lon="105.7810282"/>
 <node id="7952094353" visible="true" version="3" changeset="117548108" timestamp="2022-02-18T06:26:43Z" user="vietnam321" uid="11196308" lat="19.8018129" lon="105.7792976"/>
 <node id="7952094367" visible="true" version="2" changeset="103447089" timestamp="2021-04-23T04:07:52Z" user="siddi_s" uid="11659604" lat="19.8013092" lon="105.7806837"/>
 <node id="7952095785" visible="true" version="1" changeset="91657172" timestamp="2020-09-28T16:56:29Z" user="VLD155" uid="10456863" lat="19.7970943" lon="105.7825743"/>
 <node id="7952243568" visible="true" version="1" changeset="91660541" timestamp="2020-09-28T18:05:09Z" user="VLD155" uid="10456863" lat="19.7957643" lon="105.7810027"/>
 <node id="7952243569" visible="true" version="1" changeset="91660541" timestamp="2020-09-28T18:05:09Z" user="VLD155" uid="10456863" lat="19.7957532" lon="105.7806220"/>
 <node id="7952243570" visible="true" version="1" changeset="91660541" timestamp="2020-09-28T18:05:09Z" user="VLD155" uid="10456863" lat="19.7957615" lon="105.7807453"/>
 <node id="7952243571" visible="true" version="2" changeset="161511812" timestamp="2025-01-19T02:39:35Z" user="vietnam321" uid="11196308" lat="19.7951055" lon="105.7801270"/>
 <node id="7952243572" visible="true" version="1" changeset="91660541" timestamp="2020-09-28T18:05:09Z" user="VLD155" uid="10456863" lat="19.7956577" lon="105.7801152"/>
 <node id="7952243573" visible="true" version="3" changeset="103426955" timestamp="2021-04-22T17:01:37Z" user="siddi_s" uid="11659604" lat="19.7963939" lon="105.7800434"/>
 <node id="7952243574" visible="true" version="1" changeset="91660541" timestamp="2020-09-28T18:05:09Z" user="VLD155" uid="10456863" lat="19.7955976" lon="105.7809937"/>
 <node id="7952243575" visible="true" version="1" changeset="91660541" timestamp="2020-09-28T18:05:09Z" user="VLD155" uid="10456863" lat="19.7955885" lon="105.7825617"/>
 <node id="7952243576" visible="true" version="1" changeset="91660541" timestamp="2020-09-28T18:05:09Z" user="VLD155" uid="10456863" lat="19.7955839" lon="105.7841753"/>
 <node id="7952243577" visible="true" version="1" changeset="91660541" timestamp="2020-09-28T18:05:09Z" user="VLD155" uid="10456863" lat="19.7955816" lon="105.7860881"/>
 <node id="7952243578" visible="true" version="2" changeset="132530013" timestamp="2023-02-14T10:33:06Z" user="vietnam321" uid="11196308" lat="19.7955669" lon="105.7870472"/>
 <node id="7952243580" visible="true" version="2" changeset="161511812" timestamp="2025-01-19T02:39:35Z" user="vietnam321" uid="11196308" lat="19.7950778" lon="105.7870301"/>
 <node id="7952243581" visible="true" version="1" changeset="91660541" timestamp="2020-09-28T18:05:09Z" user="VLD155" uid="10456863" lat="19.7949386" lon="105.7870300"/>
 <node id="7952281271" visible="true" version="1" changeset="91661433" timestamp="2020-09-28T18:25:28Z" user="VLD155" uid="10456863" lat="19.7944120" lon="105.7806020"/>
 <node id="7952281272" visible="true" version="1" changeset="91661433" timestamp="2020-09-28T18:25:28Z" user="VLD155" uid="10456863" lat="19.7944051" lon="105.7797724"/>
 <node id="7952281274" visible="true" version="1" changeset="91661433" timestamp="2020-09-28T18:25:28Z" user="VLD155" uid="10456863" lat="19.7943985" lon="105.7808772"/>
 <node id="7952281275" visible="true" version="1" changeset="91661433" timestamp="2020-09-28T18:25:28Z" user="VLD155" uid="10456863" lat="19.7943911" lon="105.7809270"/>
 <node id="7952281276" visible="true" version="1" changeset="91661433" timestamp="2020-09-28T18:25:28Z" user="VLD155" uid="10456863" lat="19.7940954" lon="105.7815241"/>
 <node id="7952281277" visible="true" version="1" changeset="91661433" timestamp="2020-09-28T18:25:28Z" user="VLD155" uid="10456863" lat="19.7939206" lon="105.7803669"/>
 <node id="7952281278" visible="true" version="1" changeset="91661433" timestamp="2020-09-28T18:25:28Z" user="VLD155" uid="10456863" lat="19.7939380" lon="105.7797714"/>
 <node id="7952281280" visible="true" version="1" changeset="91661433" timestamp="2020-09-28T18:25:28Z" user="VLD155" uid="10456863" lat="19.7934460" lon="105.7797782"/>
 <node id="7952281282" visible="true" version="1" changeset="91661433" timestamp="2020-09-28T18:25:28Z" user="VLD155" uid="10456863" lat="19.7923760" lon="105.7795411"/>
 <node id="7952288141" visible="true" version="2" changeset="161511812" timestamp="2025-01-19T02:39:35Z" user="vietnam321" uid="11196308" lat="19.7950586" lon="105.7877744"/>
 <node id="7952288146" visible="true" version="1" changeset="91661197" timestamp="2020-09-28T18:20:02Z" user="VLD155" uid="10456863" lat="19.7949322" lon="105.7877421"/>
 <node id="7952293528" visible="true" version="2" changeset="179729498" timestamp="2026-03-12T03:16:10Z" user="GrabVN_HHanh" uid="21825758" lat="19.7908766" lon="105.7824878"/>
 <node id="7952293529" visible="true" version="1" changeset="91661969" timestamp="2020-09-28T18:40:23Z" user="VLD155" uid="10456863" lat="19.7911040" lon="105.7822807"/>
 <node id="7952293530" visible="true" version="1" changeset="91661969" timestamp="2020-09-28T18:40:23Z" user="VLD155" uid="10456863" lat="19.7914165" lon="105.7817010"/>
 <node id="7952293531" visible="true" version="1" changeset="91661969" timestamp="2020-09-28T18:40:23Z" user="VLD155" uid="10456863" lat="19.7914201" lon="105.7811686"/>
 <node id="7952293532" visible="true" version="1" changeset="91661969" timestamp="2020-09-28T18:40:23Z" user="VLD155" uid="10456863" lat="19.7914419" lon="105.7813494"/>
 <node id="7952293533" visible="true" version="1" changeset="91661969" timestamp="2020-09-28T18:40:23Z" user="VLD155" uid="10456863" lat="19.7913727" lon="105.7818335"/>
 <node id="7952293534" visible="true" version="1" changeset="91661969" timestamp="2020-09-28T18:40:23Z" user="VLD155" uid="10456863" lat="19.7911936" lon="105.7821692"/>
 <node id="7952293542" visible="true" version="2" changeset="91662080" timestamp="2020-09-28T18:43:12Z" user="VLD155" uid="10456863" lat="19.7899265" lon="105.7802479"/>
 <node id="7952293543" visible="true" version="1" changeset="91661969" timestamp="2020-09-28T18:40:23Z" user="VLD155" uid="10456863" lat="19.7904413" lon="105.7803114"/>
 <node id="7952293544" visible="true" version="1" changeset="91661969" timestamp="2020-09-28T18:40:23Z" user="VLD155" uid="10456863" lat="19.7906052" lon="105.7803458"/>
 <node id="7952293545" visible="true" version="1" changeset="91661969" timestamp="2020-09-28T18:40:23Z" user="VLD155" uid="10456863" lat="19.7909243" lon="105.7804771"/>
 <node id="7952293546" visible="true" version="1" changeset="91661969" timestamp="2020-09-28T18:40:23Z" user="VLD155" uid="10456863" lat="19.7907627" lon="105.7803960"/>
 <node id="7952293547" visible="true" version="1" changeset="91661969" timestamp="2020-09-28T18:40:23Z" user="VLD155" uid="10456863" lat="19.7909638" lon="105.7804908"/>
 <node id="7952293548" visible="true" version="2" changeset="91662080" timestamp="2020-09-28T18:43:12Z" user="VLD155" uid="10456863" lat="19.7898832" lon="105.7798847"/>
 <node id="7952293549" visible="true" version="1" changeset="91661969" timestamp="2020-09-28T18:40:23Z" user="VLD155" uid="10456863" lat="19.7902677" lon="105.7797498"/>
 <node id="7952293550" visible="true" version="1" changeset="91661969" timestamp="2020-09-28T18:40:23Z" user="VLD155" uid="10456863" lat="19.7904364" lon="105.7795973"/>
 <node id="7952293551" visible="true" version="1" changeset="91661969" timestamp="2020-09-28T18:40:23Z" user="VLD155" uid="10456863" lat="19.7904631" lon="105.7795460"/>
 <node id="7952293552" visible="true" version="1" changeset="91661969" timestamp="2020-09-28T18:40:23Z" user="VLD155" uid="10456863" lat="19.7905084" lon="105.7793549"/>
 <node id="7952293554" visible="true" version="1" changeset="91661969" timestamp="2020-09-28T18:40:23Z" user="VLD155" uid="10456863" lat="19.7905393" lon="105.7793372"/>
 <node id="7952293555" visible="true" version="1" changeset="91661969" timestamp="2020-09-28T18:40:23Z" user="VLD155" uid="10456863" lat="19.7904975" lon="105.7793902"/>
 <node id="7952293556" visible="true" version="1" changeset="91661969" timestamp="2020-09-28T18:40:23Z" user="VLD155" uid="10456863" lat="19.7902249" lon="105.7797732"/>
 <node id="7952293557" visible="true" version="1" changeset="91662080" timestamp="2020-09-28T18:43:12Z" user="VLD155" uid="10456863" lat="19.7904256" lon="105.7824282"/>
 <node id="7952293558" visible="true" version="1" changeset="91662080" timestamp="2020-09-28T18:43:12Z" user="VLD155" uid="10456863" lat="19.7901133" lon="105.7821797"/>
 <node id="7952293559" visible="true" version="1" changeset="91662080" timestamp="2020-09-28T18:43:12Z" user="VLD155" uid="10456863" lat="19.7900989" lon="105.7821170"/>
 <node id="7952293560" visible="true" version="1" changeset="91662080" timestamp="2020-09-28T18:43:12Z" user="VLD155" uid="10456863" lat="19.7900996" lon="105.7810247"/>
 <node id="7952293561" visible="true" version="1" changeset="91662080" timestamp="2020-09-28T18:43:12Z" user="VLD155" uid="10456863" lat="19.7900709" lon="105.7809189"/>
 <node id="7952293562" visible="true" version="1" changeset="91662080" timestamp="2020-09-28T18:43:12Z" user="VLD155" uid="10456863" lat="19.7899200" lon="105.7805222"/>
 <node id="7952293563" visible="true" version="1" changeset="91662080" timestamp="2020-09-28T18:43:12Z" user="VLD155" uid="10456863" lat="19.7898934" lon="105.7799452"/>
 <node id="7952293564" visible="true" version="1" changeset="91662080" timestamp="2020-09-28T18:43:12Z" user="VLD155" uid="10456863" lat="19.7896648" lon="105.7798789"/>
 <node id="7952293565" visible="true" version="1" changeset="91662080" timestamp="2020-09-28T18:43:12Z" user="VLD155" uid="10456863" lat="19.7899295" lon="105.7805822"/>
 <node id="7952293566" visible="true" version="1" changeset="91662080" timestamp="2020-09-28T18:43:12Z" user="VLD155" uid="10456863" lat="19.7901066" lon="105.7811273"/>
 <node id="7952293567" visible="true" version="1" changeset="91662080" timestamp="2020-09-28T18:43:12Z" user="VLD155" uid="10456863" lat="19.7901557" lon="105.7822247"/>
 <node id="7952293569" visible="true" version="1" changeset="91662080" timestamp="2020-09-28T18:43:12Z" user="VLD155" uid="10456863" lat="19.7896364" lon="105.7796562"/>
 <node id="7952293570" visible="true" version="1" changeset="91662080" timestamp="2020-09-28T18:43:12Z" user="VLD155" uid="10456863" lat="19.7896345" lon="105.7795912"/>
 <node id="7952293571" visible="true" version="2" changeset="91666359" timestamp="2020-09-28T21:04:12Z" user="VLD155" uid="10456863" lat="19.7896418" lon="105.7794293"/>
 <node id="7952295185" visible="true" version="1" changeset="91661433" timestamp="2020-09-28T18:25:28Z" user="VLD155" uid="10456863" lat="19.7934414" lon="105.7801251"/>
 <node id="7952295186" visible="true" version="1" changeset="91661433" timestamp="2020-09-28T18:25:28Z" user="VLD155" uid="10456863" lat="19.7925265" lon="105.7796780"/>
 <node id="7952295187" visible="true" version="1" changeset="91661433" timestamp="2020-09-28T18:25:28Z" user="VLD155" uid="10456863" lat="19.7924475" lon="105.7795979"/>
 <node id="7952295188" visible="true" version="1" changeset="91661433" timestamp="2020-09-28T18:25:28Z" user="VLD155" uid="10456863" lat="19.7925829" lon="105.7797218"/>
 <node id="7952295189" visible="true" version="1" changeset="91661433" timestamp="2020-09-28T18:25:28Z" user="VLD155" uid="10456863" lat="19.7922811" lon="105.7795130"/>
 <node id="7952295190" visible="true" version="2" changeset="91661807" timestamp="2020-09-28T18:35:25Z" user="VLD155" uid="10456863" lat="19.7915361" lon="105.7793911"/>
 <node id="7952295206" visible="true" version="1" changeset="91661578" timestamp="2020-09-28T18:29:05Z" user="VLD155" uid="10456863" lat="19.7914289" lon="105.7793177"/>
 <node id="7952295207" visible="true" version="2" changeset="92973181" timestamp="2020-10-23T22:05:56Z" user="VLD036" uid="7291959" lat="19.7915453" lon="105.7793595"/>
 <node id="7952295208" visible="true" version="1" changeset="91661578" timestamp="2020-09-28T18:29:05Z" user="VLD155" uid="10456863" lat="19.7920033" lon="105.7800888"/>
 <node id="7952295209" visible="true" version="1" changeset="91661578" timestamp="2020-09-28T18:29:05Z" user="VLD155" uid="10456863" lat="19.7920757" lon="105.7794803"/>
 <node id="7952295210" visible="true" version="1" changeset="91661578" timestamp="2020-09-28T18:29:05Z" user="VLD155" uid="10456863" lat="19.7921206" lon="105.7801935"/>
 <node id="7952295211" visible="true" version="1" changeset="91661578" timestamp="2020-09-28T18:29:05Z" user="VLD155" uid="10456863" lat="19.7923926" lon="105.7798396"/>
 <node id="7952295212" visible="true" version="1" changeset="91661578" timestamp="2020-09-28T18:29:05Z" user="VLD155" uid="10456863" lat="19.7924889" lon="105.7796399"/>
 <node id="7952295213" visible="true" version="1" changeset="91661578" timestamp="2020-09-28T18:29:05Z" user="VLD155" uid="10456863" lat="19.7920315" lon="105.7805922"/>
 <node id="7952295214" visible="true" version="1" changeset="91661578" timestamp="2020-09-28T18:29:05Z" user="VLD155" uid="10456863" lat="19.7918064" lon="105.7805598"/>
 <node id="7952295215" visible="true" version="1" changeset="91661578" timestamp="2020-09-28T18:29:05Z" user="VLD155" uid="10456863" lat="19.7916516" lon="105.7805499"/>
 <node id="7952295216" visible="true" version="3" changeset="91661969" timestamp="2020-09-28T18:40:23Z" user="VLD155" uid="10456863" lat="19.7913350" lon="105.7805404"/>
 <node id="7952295218" visible="true" version="1" changeset="91661578" timestamp="2020-09-28T18:29:05Z" user="VLD155" uid="10456863" lat="19.7941606" lon="105.7820551"/>
 <node id="7952295219" visible="true" version="3" changeset="162345039" timestamp="2025-02-10T10:48:55Z" user="GrabVN_QThoai" uid="15740602" lat="19.7943064" lon="105.7815651"/>
 <node id="7952295222" visible="true" version="1" changeset="91661578" timestamp="2020-09-28T18:29:05Z" user="VLD155" uid="10456863" lat="19.7929080" lon="105.7810794"/>
 <node id="7952295223" visible="true" version="1" changeset="91661578" timestamp="2020-09-28T18:29:05Z" user="VLD155" uid="10456863" lat="19.7933634" lon="105.7811860"/>
 <node id="7952295224" visible="true" version="1" changeset="91661578" timestamp="2020-09-28T18:29:05Z" user="VLD155" uid="10456863" lat="19.7935023" lon="105.7812352"/>
 <node id="7952295225" visible="true" version="1" changeset="91661578" timestamp="2020-09-28T18:29:05Z" user="VLD155" uid="10456863" lat="19.7937493" lon="105.7813474"/>
 <node id="7952295226" visible="true" version="1" changeset="91661578" timestamp="2020-09-28T18:29:05Z" user="VLD155" uid="10456863" lat="19.7938780" lon="105.7814239"/>
 <node id="7952298892" visible="true" version="1" changeset="91661807" timestamp="2020-09-28T18:35:25Z" user="VLD155" uid="10456863" lat="19.7920940" lon="105.7814336"/>
 <node id="7952298893" visible="true" version="2" changeset="179729498" timestamp="2026-03-12T03:16:10Z" user="GrabVN_HHanh" uid="21825758" lat="19.7911617" lon="105.7825150"/>
 <node id="7952298894" visible="true" version="1" changeset="91661807" timestamp="2020-09-28T18:35:25Z" user="VLD155" uid="10456863" lat="19.7913746" lon="105.7809492"/>
 <node id="7952298895" visible="true" version="1" changeset="91661807" timestamp="2020-09-28T18:35:25Z" user="VLD155" uid="10456863" lat="19.7914777" lon="105.7809674"/>
 <node id="7952298896" visible="true" version="1" changeset="91661807" timestamp="2020-09-28T18:35:25Z" user="VLD155" uid="10456863" lat="19.7915484" lon="105.7809995"/>
 <node id="7952298897" visible="true" version="2" changeset="106431296" timestamp="2021-06-16T03:44:16Z" user="isha01" uid="11659048" lat="19.7923628" lon="105.7816867"/>
 <node id="7952298898" visible="true" version="1" changeset="91661807" timestamp="2020-09-28T18:35:25Z" user="VLD155" uid="10456863" lat="19.7913543" lon="105.7808473"/>
 <node id="7952298899" visible="true" version="1" changeset="91661807" timestamp="2020-09-28T18:35:25Z" user="VLD155" uid="10456863" lat="19.7914942" lon="105.7795057"/>
 <node id="7952298900" visible="true" version="1" changeset="91661807" timestamp="2020-09-28T18:35:25Z" user="VLD155" uid="10456863" lat="19.7915094" lon="105.7794501"/>
 <node id="7952298901" visible="true" version="1" changeset="91661807" timestamp="2020-09-28T18:35:25Z" user="VLD155" uid="10456863" lat="19.7913370" lon="105.7804661"/>
 <node id="7952318982" visible="true" version="1" changeset="91662210" timestamp="2020-09-28T18:48:03Z" user="VLD155" uid="10456863" lat="19.7877069" lon="105.7801657"/>
 <node id="7952318983" visible="true" version="2" changeset="103409834" timestamp="2021-04-22T11:46:02Z" user="jonna_kuti" uid="10751844" lat="19.7875859" lon="105.7793711"/>
 <node id="7952318984" visible="true" version="1" changeset="91662210" timestamp="2020-09-28T18:48:03Z" user="VLD155" uid="10456863" lat="19.7876060" lon="105.7801804"/>
 <node id="7952332485" visible="true" version="1" changeset="91662210" timestamp="2020-09-28T18:48:03Z" user="VLD155" uid="10456863" lat="19.7878143" lon="105.7807972"/>
 <node id="7952332486" visible="true" version="1" changeset="91662210" timestamp="2020-09-28T18:48:03Z" user="VLD155" uid="10456863" lat="19.7888585" lon="105.7810448"/>
 <node id="7952332487" visible="true" version="1" changeset="91662210" timestamp="2020-09-28T18:48:03Z" user="VLD155" uid="10456863" lat="19.7885686" lon="105.7810484"/>
 <node id="7952332488" visible="true" version="1" changeset="91662210" timestamp="2020-09-28T18:48:03Z" user="VLD155" uid="10456863" lat="19.7881024" lon="105.7814130"/>
 <node id="7952332489" visible="true" version="1" changeset="91662210" timestamp="2020-09-28T18:48:03Z" user="VLD155" uid="10456863" lat="19.7884785" lon="105.7811023"/>
 <node id="7952332490" visible="true" version="1" changeset="91662210" timestamp="2020-09-28T18:48:03Z" user="VLD155" uid="10456863" lat="19.7892375" lon="105.7809874"/>
 <node id="7952332491" visible="true" version="1" changeset="91662210" timestamp="2020-09-28T18:48:03Z" user="VLD155" uid="10456863" lat="19.7895575" lon="105.7809737"/>
 <node id="7952332492" visible="true" version="1" changeset="91662210" timestamp="2020-09-28T18:48:03Z" user="VLD155" uid="10456863" lat="19.7897665" lon="105.7809270"/>
 <node id="7952332493" visible="true" version="1" changeset="91662210" timestamp="2020-09-28T18:48:03Z" user="VLD155" uid="10456863" lat="19.7898491" lon="105.7809161"/>
 <node id="7952332494" visible="true" version="1" changeset="91662210" timestamp="2020-09-28T18:48:03Z" user="VLD155" uid="10456863" lat="19.7896125" lon="105.7809658"/>
 <node id="7952332495" visible="true" version="1" changeset="91662210" timestamp="2020-09-28T18:48:03Z" user="VLD155" uid="10456863" lat="19.7892811" lon="105.7809838"/>
 <node id="7952332496" visible="true" version="1" changeset="91662210" timestamp="2020-09-28T18:48:03Z" user="VLD155" uid="10456863" lat="19.7889047" lon="105.7810487"/>
 <node id="7952332497" visible="true" version="1" changeset="91662210" timestamp="2020-09-28T18:48:03Z" user="VLD155" uid="10456863" lat="19.7888204" lon="105.7810135"/>
 <node id="7952531934" visible="true" version="1" changeset="91666030" timestamp="2020-09-28T20:51:16Z" user="VLD155" uid="10456863" lat="19.7855658" lon="105.7799086"/>
 <node id="7952531936" visible="true" version="2" changeset="91666359" timestamp="2020-09-28T21:04:12Z" user="VLD155" uid="10456863" lat="19.7844356" lon="105.7795662"/>
 <node id="7952531938" visible="true" version="1" changeset="91666030" timestamp="2020-09-28T20:51:16Z" user="VLD155" uid="10456863" lat="19.7869059" lon="105.7803403"/>
 <node id="7952531939" visible="true" version="1" changeset="91666030" timestamp="2020-09-28T20:51:16Z" user="VLD155" uid="10456863" lat="19.7861343" lon="105.7809141"/>
 <node id="7952531940" visible="true" version="1" changeset="91666030" timestamp="2020-09-28T20:51:16Z" user="VLD155" uid="10456863" lat="19.7859565" lon="105.7810989"/>
 <node id="7952531941" visible="true" version="1" changeset="91666030" timestamp="2020-09-28T20:51:16Z" user="VLD155" uid="10456863" lat="19.7867681" lon="105.7804198"/>
 <node id="7952531942" visible="true" version="1" changeset="91666030" timestamp="2020-09-28T20:51:16Z" user="VLD155" uid="10456863" lat="19.7876791" lon="105.7829229"/>
 <node id="7952531943" visible="true" version="2" changeset="91666359" timestamp="2020-09-28T21:04:12Z" user="VLD155" uid="10456863" lat="19.7862619" lon="105.7802228"/>
 <node id="7952675248" visible="true" version="1" changeset="91665537" timestamp="2020-09-28T20:33:36Z" user="VLD155" uid="10456863" lat="19.7884143" lon="105.7827967"/>
 <node id="7952675249" visible="true" version="1" changeset="91665537" timestamp="2020-09-28T20:33:36Z" user="VLD155" uid="10456863" lat="19.7880494" lon="105.7832725"/>
 <node id="7952675250" visible="true" version="2" changeset="91665855" timestamp="2020-09-28T20:45:01Z" user="VLD155" uid="10456863" lat="19.7873295" lon="105.7842146"/>
 <node id="7952675252" visible="true" version="2" changeset="91665855" timestamp="2020-09-28T20:45:01Z" user="VLD155" uid="10456863" lat="19.7864315" lon="105.7853805"/>
 <node id="7952675253" visible="true" version="2" changeset="162236309" timestamp="2025-02-07T09:02:42Z" user="GrabVN_QThoai" uid="15740602" lat="19.7855580" lon="105.7864789"/>
 <node id="7952675608" visible="true" version="2" changeset="91666030" timestamp="2020-09-28T20:51:16Z" user="VLD155" uid="10456863" lat="19.7864513" lon="105.7806215"/>
 <node id="7952675609" visible="true" version="1" changeset="91665402" timestamp="2020-09-28T20:29:07Z" user="VLD155" uid="10456863" lat="19.7871592" lon="105.7816878"/>
 <node id="7952675610" visible="true" version="1" changeset="91665402" timestamp="2020-09-28T20:29:07Z" user="VLD155" uid="10456863" lat="19.7875048" lon="105.7820607"/>
 <node id="7952675611" visible="true" version="1" changeset="91665402" timestamp="2020-09-28T20:29:07Z" user="VLD155" uid="10456863" lat="19.7878532" lon="105.7823966"/>
 <node id="7952675612" visible="true" version="2" changeset="91666030" timestamp="2020-09-28T20:51:16Z" user="VLD155" uid="10456863" lat="19.7880628" lon="105.7825484"/>
 <node id="7952675613" visible="true" version="1" changeset="91665402" timestamp="2020-09-28T20:29:07Z" user="VLD155" uid="10456863" lat="19.7882059" lon="105.7826369"/>
 <node id="7952675614" visible="true" version="1" changeset="91665402" timestamp="2020-09-28T20:29:07Z" user="VLD155" uid="10456863" lat="19.7882760" lon="105.7826764"/>
 <node id="7952675615" visible="true" version="2" changeset="103389724" timestamp="2021-04-22T07:33:22Z" user="jonna_kuti" uid="10751844" lat="19.7887618" lon="105.7830434"/>
 <node id="7952675616" visible="true" version="1" changeset="91665402" timestamp="2020-09-28T20:29:07Z" user="VLD155" uid="10456863" lat="19.7896961" lon="105.7837686"/>
 <node id="7952675618" visible="true" version="1" changeset="91665402" timestamp="2020-09-28T20:29:07Z" user="VLD155" uid="10456863" lat="19.7887020" lon="105.7830020"/>
 <node id="7952675619" visible="true" version="2" changeset="106464745" timestamp="2021-06-16T11:50:12Z" user="saka_1" uid="11660552" lat="19.7868758" lon="105.7813256"/>
 <node id="7952675620" visible="true" version="1" changeset="91665402" timestamp="2020-09-28T20:29:07Z" user="VLD155" uid="10456863" lat="19.7866502" lon="105.7809873"/>
 <node id="7952675621" visible="true" version="1" changeset="91665402" timestamp="2020-09-28T20:29:07Z" user="VLD155" uid="10456863" lat="19.7860021" lon="105.7796698"/>
 <node id="7952675622" visible="true" version="1" changeset="91665402" timestamp="2020-09-28T20:29:07Z" user="VLD155" uid="10456863" lat="19.7859340" lon="105.7795546"/>
 <node id="7952675623" visible="true" version="1" changeset="91665402" timestamp="2020-09-28T20:29:07Z" user="VLD155" uid="10456863" lat="19.7858721" lon="105.7794625"/>
 <node id="7952698822" visible="true" version="1" changeset="91665855" timestamp="2020-09-28T20:45:01Z" user="VLD155" uid="10456863" lat="19.7857061" lon="105.7826507"/>
 <node id="7952698823" visible="true" version="1" changeset="91665855" timestamp="2020-09-28T20:45:01Z" user="VLD155" uid="10456863" lat="19.7865802" lon="105.7834989"/>
 <node id="7952698824" visible="true" version="1" changeset="91665855" timestamp="2020-09-28T20:45:01Z" user="VLD155" uid="10456863" lat="19.7869413" lon="105.7838382"/>
 <node id="7952698825" visible="true" version="1" changeset="91665855" timestamp="2020-09-28T20:45:01Z" user="VLD155" uid="10456863" lat="19.7856930" lon="105.7846579"/>
 <node id="7952698826" visible="true" version="2" changeset="91665945" timestamp="2020-09-28T20:47:43Z" user="VLD155" uid="10456863" lat="19.7860488" lon="105.7850012"/>
 <node id="7952698827" visible="true" version="2" changeset="91665945" timestamp="2020-09-28T20:47:43Z" user="VLD155" uid="10456863" lat="19.7847596" lon="105.7837572"/>
 <node id="7952698828" visible="true" version="2" changeset="91665945" timestamp="2020-09-28T20:47:43Z" user="VLD155" uid="10456863" lat="19.7851772" lon="105.7861070"/>
 <node id="7952698829" visible="true" version="2" changeset="91665945" timestamp="2020-09-28T20:47:43Z" user="VLD155" uid="10456863" lat="19.7848214" lon="105.7857603"/>
 <node id="7952698831" visible="true" version="1" changeset="91665855" timestamp="2020-09-28T20:45:01Z" user="VLD155" uid="10456863" lat="19.7834050" lon="105.7833408"/>
 <node id="7952698834" visible="true" version="1" changeset="91665855" timestamp="2020-09-28T20:45:01Z" user="VLD155" uid="10456863" lat="19.7841360" lon="105.7824969"/>
 <node id="7952698837" visible="true" version="1" changeset="91665855" timestamp="2020-09-28T20:45:01Z" user="VLD155" uid="10456863" lat="19.7844442" lon="105.7821431"/>
 <node id="7952711216" visible="true" version="1" changeset="91666105" timestamp="2020-09-28T20:54:07Z" user="VLD155" uid="10456863" lat="19.7842172" lon="105.7793292"/>
 <node id="7952711217" visible="true" version="1" changeset="91666105" timestamp="2020-09-28T20:54:07Z" user="VLD155" uid="10456863" lat="19.7833235" lon="105.7803330"/>
 <node id="7952711218" visible="true" version="2" changeset="132530013" timestamp="2023-02-14T10:33:06Z" user="vietnam321" uid="11196308" lat="19.7852759" lon="105.7804114"/>
 <node id="7952711219" visible="true" version="1" changeset="91666105" timestamp="2020-09-28T20:54:07Z" user="VLD155" uid="10456863" lat="19.7844065" lon="105.7813674"/>
 <node id="7952711220" visible="true" version="1" changeset="91666105" timestamp="2020-09-28T20:54:07Z" user="VLD155" uid="10456863" lat="19.7834475" lon="105.7824867"/>
 <node id="7952711221" visible="true" version="1" changeset="91666105" timestamp="2020-09-28T20:54:07Z" user="VLD155" uid="10456863" lat="19.7825565" lon="105.7834855"/>
 <node id="7952711222" visible="true" version="1" changeset="91666105" timestamp="2020-09-28T20:54:07Z" user="VLD155" uid="10456863" lat="19.7821925" lon="105.7831305"/>
 <node id="7952711223" visible="true" version="1" changeset="91666105" timestamp="2020-09-28T20:54:07Z" user="VLD155" uid="10456863" lat="19.7830801" lon="105.7821379"/>
 <node id="7952711224" visible="true" version="1" changeset="91666105" timestamp="2020-09-28T20:54:07Z" user="VLD155" uid="10456863" lat="19.7840477" lon="105.7810298"/>
 <node id="7952711225" visible="true" version="2" changeset="132530013" timestamp="2023-02-14T10:33:06Z" user="vietnam321" uid="11196308" lat="19.7849070" lon="105.7800472"/>
 <node id="7952711226" visible="true" version="1" changeset="91666105" timestamp="2020-09-28T20:54:07Z" user="VLD155" uid="10456863" lat="19.7813301" lon="105.7812977"/>
 <node id="7952711227" visible="true" version="1" changeset="91666105" timestamp="2020-09-28T20:54:07Z" user="VLD155" uid="10456863" lat="19.7823158" lon="105.7822721"/>
 <node id="7952711228" visible="true" version="1" changeset="91666105" timestamp="2020-09-28T20:54:07Z" user="VLD155" uid="10456863" lat="19.7812076" lon="105.7814366"/>
 <node id="7952711229" visible="true" version="1" changeset="91666105" timestamp="2020-09-28T20:54:07Z" user="VLD155" uid="10456863" lat="19.7822078" lon="105.7824022"/>
 <node id="7952724812" visible="true" version="2" changeset="166853480" timestamp="2025-05-28T05:55:42Z" user="ZioDragon" uid="13799024" lat="19.7802336" lon="105.7798217"/>
 <node id="7952724814" visible="true" version="1" changeset="91666188" timestamp="2020-09-28T20:57:09Z" user="VLD155" uid="10456863" lat="19.7790887" lon="105.7801141"/>
 <node id="7952724815" visible="true" version="1" changeset="91666188" timestamp="2020-09-28T20:57:09Z" user="VLD155" uid="10456863" lat="19.7797703" lon="105.7793436"/>
 <node id="7952724816" visible="true" version="1" changeset="91666188" timestamp="2020-09-28T20:57:09Z" user="VLD155" uid="10456863" lat="19.7792423" lon="105.7802614"/>
 <node id="7952724817" visible="true" version="1" changeset="91666188" timestamp="2020-09-28T20:57:09Z" user="VLD155" uid="10456863" lat="19.7799286" lon="105.7794995"/>
 <node id="7952739715" visible="true" version="1" changeset="91666359" timestamp="2020-09-28T21:04:12Z" user="VLD155" uid="10456863" lat="19.7860775" lon="105.7803717"/>
 <node id="7954758205" visible="true" version="1" changeset="91713294" timestamp="2020-09-29T14:13:59Z" user="VLD155" uid="10456863" lat="19.7638119" lon="105.7979421"/>
 <node id="7954952015" visible="true" version="1" changeset="91715384" timestamp="2020-09-29T14:56:12Z" user="VLD155" uid="10456863" lat="19.7636050" lon="105.7978533"/>
 <node id="7955569852" visible="true" version="1" changeset="91719570" timestamp="2020-09-29T16:34:38Z" user="VLD155" uid="10456863" lat="19.7605456" lon="105.8013689"/>
 <node id="7955569862" visible="true" version="2" changeset="92118920" timestamp="2020-10-07T14:31:13Z" user="VLD154" uid="10422433" lat="19.7599829" lon="105.8020065"/>
 <node id="7967244859" visible="true" version="1" changeset="91883916" timestamp="2020-10-02T21:03:03Z" user="VLD154" uid="10422433" lat="19.7444398" lon="105.8199341"/>
 <node id="7967271376" visible="true" version="1" changeset="91884645" timestamp="2020-10-02T21:30:59Z" user="VLD154" uid="10422433" lat="19.7441228" lon="105.8206259"/>
 <node id="7967301788" visible="true" version="1" changeset="91884645" timestamp="2020-10-02T21:30:59Z" user="VLD154" uid="10422433" lat="19.7463867" lon="105.8180251"/>
 <node id="7981603361" visible="true" version="1" changeset="92055434" timestamp="2020-10-06T14:20:13Z" user="VLD154" uid="10422433" lat="19.7500901" lon="105.8137454"/>
 <node id="7982790309" visible="true" version="1" changeset="92070231" timestamp="2020-10-06T21:06:00Z" user="VLD154" uid="10422433" lat="19.7581975" lon="105.8044070"/>
 <node id="7982790314" visible="true" version="1" changeset="92070231" timestamp="2020-10-06T21:06:00Z" user="VLD154" uid="10422433" lat="19.7582597" lon="105.8039736"/>
 <node id="7982877099" visible="true" version="1" changeset="92070151" timestamp="2020-10-06T21:03:37Z" user="VLD154" uid="10422433" lat="19.7585057" lon="105.8040503"/>
 <node id="7982917770" visible="true" version="1" changeset="92070348" timestamp="2020-10-06T21:10:00Z" user="VLD154" uid="10422433" lat="19.7585603" lon="105.8036285"/>
 <node id="7982917777" visible="true" version="1" changeset="92070348" timestamp="2020-10-06T21:10:00Z" user="VLD154" uid="10422433" lat="19.7590958" lon="105.8030132"/>
 <node id="7982990799" visible="true" version="1" changeset="92070790" timestamp="2020-10-06T21:28:20Z" user="VLD154" uid="10422433" lat="19.7549295" lon="105.8078243"/>
 <node id="8061891538" visible="true" version="3" changeset="166853480" timestamp="2025-05-28T05:55:42Z" user="ZioDragon" uid="13799024" lat="19.7687688" lon="105.7761168"/>
 <node id="8061891540" visible="true" version="2" changeset="166853480" timestamp="2025-05-28T05:55:42Z" user="ZioDragon" uid="13799024" lat="19.7661570" lon="105.7765649"/>
 <node id="8061891541" visible="true" version="2" changeset="166853480" timestamp="2025-05-28T05:55:42Z" user="ZioDragon" uid="13799024" lat="19.7661858" lon="105.7767264"/>
 <node id="8079823082" visible="true" version="1" changeset="93512517" timestamp="2020-11-04T04:23:01Z" user="GrabVNTommy" uid="8421597" lat="19.7885618" lon="105.7732926"/>
 <node id="8079823083" visible="true" version="1" changeset="93512517" timestamp="2020-11-04T04:23:01Z" user="GrabVNTommy" uid="8421597" lat="19.7885273" lon="105.7734552"/>
 <node id="8079823084" visible="true" version="1" changeset="93512517" timestamp="2020-11-04T04:23:01Z" user="GrabVNTommy" uid="8421597" lat="19.7884967" lon="105.7735162"/>
 <node id="8079823085" visible="true" version="1" changeset="93512517" timestamp="2020-11-04T04:23:01Z" user="GrabVNTommy" uid="8421597" lat="19.7881218" lon="105.7735162"/>
 <node id="8079823086" visible="true" version="1" changeset="93512517" timestamp="2020-11-04T04:23:01Z" user="GrabVNTommy" uid="8421597" lat="19.7879000" lon="105.7742805"/>
 <node id="8079823087" visible="true" version="1" changeset="93512517" timestamp="2020-11-04T04:23:01Z" user="GrabVNTommy" uid="8421597" lat="19.7880377" lon="105.7742114"/>
 <node id="8079823088" visible="true" version="1" changeset="93512517" timestamp="2020-11-04T04:23:01Z" user="GrabVNTommy" uid="8421597" lat="19.7882290" lon="105.7741057"/>
 <node id="8079823089" visible="true" version="1" changeset="93512517" timestamp="2020-11-04T04:23:01Z" user="GrabVNTommy" uid="8421597" lat="19.7883705" lon="105.7740691"/>
 <node id="8079823090" visible="true" version="1" changeset="93512517" timestamp="2020-11-04T04:23:01Z" user="GrabVNTommy" uid="8421597" lat="19.7885809" lon="105.7740122"/>
 <node id="8079823091" visible="true" version="1" changeset="93512517" timestamp="2020-11-04T04:23:01Z" user="GrabVNTommy" uid="8421597" lat="19.7883667" lon="105.7744147"/>
 <node id="8079823092" visible="true" version="1" changeset="93512517" timestamp="2020-11-04T04:23:01Z" user="GrabVNTommy" uid="8421597" lat="19.7882978" lon="105.7747765"/>
 <node id="8079823093" visible="true" version="1" changeset="93512517" timestamp="2020-11-04T04:23:01Z" user="GrabVNTommy" uid="8421597" lat="19.7881907" lon="105.7750977"/>
 <node id="8256211490" visible="true" version="3" changeset="166853480" timestamp="2025-05-28T05:55:42Z" user="ZioDragon" uid="13799024" lat="19.7761395" lon="105.7753627"/>
 <node id="8256317987" visible="true" version="1" changeset="96356623" timestamp="2020-12-24T04:20:32Z" user="vydn" uid="11990153" lat="19.7729542" lon="105.7756159"/>
 <node id="8276712095" visible="true" version="1" changeset="96699059" timestamp="2020-12-31T03:03:57Z" user="Liu Uyên" uid="12413001" lat="19.8006410" lon="105.7817069">
  <tag k="addr:city" v="TP Thanh Hóa"/>
  <tag k="addr:district" v="TP Thanh Hóa"/>
  <tag k="addr:housenumber" v="Lô 06 MBQH 04"/>
  <tag k="addr:postcode" v="40000"/>
  <tag k="addr:province" v="Thanh Hóa"/>
  <tag k="addr:street" v="Hàng Nan"/>
  <tag k="addr:subdistrict" v="Lam Sơn"/>
  <tag k="name" v="Bà Hoa Shop"/>
  <tag k="opening_hours" v="24/7"/>
  <tag k="operator" v="Bà Hoa"/>
  <tag k="payment:cash" v="yes"/>
  <tag k="phone" v="+84387785912"/>
  <tag k="shop" v="supermarket"/>
  <tag k="website" v="https://www.facebook.com/Ba.Hoa.Shop"/>
 </node>
 <node id="8574249256" visible="true" version="1" changeset="101965524" timestamp="2021-03-30T08:04:09Z" user="danut_grab" uid="10683734" lat="19.7761783" lon="105.7708308"/>
 <node id="8574276553" visible="true" version="2" changeset="166853480" timestamp="2025-05-28T05:55:42Z" user="ZioDragon" uid="13799024" lat="19.7769454" lon="105.7756349"/>
 <node id="8574279935" visible="true" version="4" changeset="144330648" timestamp="2023-11-22T15:19:13Z" user="vietnam321" uid="11196308" lat="19.7742216" lon="105.7693579"/>
 <node id="8574389660" visible="true" version="3" changeset="111921588" timestamp="2021-09-30T14:50:26Z" user="ionut_radu" uid="10664319" lat="19.7781136" lon="105.7741517">
  <tag k="noexit" v="yes"/>
 </node>
 <node id="8574389661" visible="true" version="2" changeset="110661749" timestamp="2021-09-03T08:22:27Z" user="vietnam321" uid="11196308" lat="19.7779892" lon="105.7751440"/>
 <node id="8574389662" visible="true" version="2" changeset="110661749" timestamp="2021-09-03T08:22:27Z" user="vietnam321" uid="11196308" lat="19.7779670" lon="105.7753212"/>
 <node id="8574389663" visible="true" version="1" changeset="101968549" timestamp="2021-03-30T08:45:58Z" user="szilardk_grab" uid="10143877" lat="19.7779155" lon="105.7753640"/>
 <node id="8574389669" visible="true" version="2" changeset="110661749" timestamp="2021-09-03T08:22:27Z" user="vietnam321" uid="11196308" lat="19.7775600" lon="105.7753037"/>
 <node id="8574389681" visible="true" version="2" changeset="166853480" timestamp="2025-05-28T05:55:42Z" user="ZioDragon" uid="13799024" lat="19.7775312" lon="105.7755466"/>
 <node id="8574391015" visible="true" version="3" changeset="110661749" timestamp="2021-09-03T08:22:27Z" user="vietnam321" uid="11196308" lat="19.7771813" lon="105.7733844"/>
 <node id="8574397220" visible="true" version="1" changeset="101968445" timestamp="2021-03-30T08:44:50Z" user="rat_lorand_grab" uid="10678755" lat="19.7782689" lon="105.7736930"/>
 <node id="8574397221" visible="true" version="1" changeset="101968445" timestamp="2021-03-30T08:44:50Z" user="rat_lorand_grab" uid="10678755" lat="19.7782954" lon="105.7736957"/>
 <node id="8574397223" visible="true" version="1" changeset="101968445" timestamp="2021-03-30T08:44:50Z" user="rat_lorand_grab" uid="10678755" lat="19.7784052" lon="105.7734865"/>
 <node id="8574397224" visible="true" version="1" changeset="101968445" timestamp="2021-03-30T08:44:50Z" user="rat_lorand_grab" uid="10678755" lat="19.7784102" lon="105.7734369"/>
 <node id="8574397225" visible="true" version="2" changeset="110661749" timestamp="2021-09-03T08:22:27Z" user="vietnam321" uid="11196308" lat="19.7776878" lon="105.7725859"/>
 <node id="8574397227" visible="true" version="2" changeset="110661749" timestamp="2021-09-03T08:22:27Z" user="vietnam321" uid="11196308" lat="19.7780278" lon="105.7731727"/>
 <node id="8574397228" visible="true" version="2" changeset="110661749" timestamp="2021-09-03T08:22:27Z" user="vietnam321" uid="11196308" lat="19.7781524" lon="105.7732588"/>
 <node id="8574397229" visible="true" version="2" changeset="110661749" timestamp="2021-09-03T08:22:27Z" user="vietnam321" uid="11196308" lat="19.7781889" lon="105.7729085"/>
 <node id="8574397230" visible="true" version="1" changeset="101968445" timestamp="2021-03-30T08:44:50Z" user="rat_lorand_grab" uid="10678755" lat="19.7782764" lon="105.7729715"/>
 <node id="8574397231" visible="true" version="1" changeset="101968445" timestamp="2021-03-30T08:44:50Z" user="rat_lorand_grab" uid="10678755" lat="19.7782979" lon="105.7730104"/>
 <node id="8574397232" visible="true" version="2" changeset="110661749" timestamp="2021-09-03T08:22:27Z" user="vietnam321" uid="11196308" lat="19.7779847" lon="105.7735453"/>
 <node id="8574397233" visible="true" version="4" changeset="110661749" timestamp="2021-09-03T08:22:27Z" user="vietnam321" uid="11196308" lat="19.7777554" lon="105.7737781"/>
 <node id="8574397235" visible="true" version="2" changeset="110661749" timestamp="2021-09-03T08:22:27Z" user="vietnam321" uid="11196308" lat="19.7779224" lon="105.7735042"/>
 <node id="8574397236" visible="true" version="2" changeset="110661749" timestamp="2021-09-03T08:22:27Z" user="vietnam321" uid="11196308" lat="19.7778544" lon="105.7734573"/>
 <node id="8574397237" visible="true" version="1" changeset="101968445" timestamp="2021-03-30T08:44:50Z" user="rat_lorand_grab" uid="10678755" lat="19.7785240" lon="105.7723586"/>
 <node id="8574455139" visible="true" version="1" changeset="101969928" timestamp="2021-03-30T09:04:07Z" user="szilardk_grab" uid="10143877" lat="19.7765944" lon="105.7711102"/>
 <node id="8574638080" visible="true" version="1" changeset="101974239" timestamp="2021-03-30T09:57:42Z" user="szilardk_grab" uid="10143877" lat="19.7749768" lon="105.7798282"/>
 <node id="8574638088" visible="true" version="1" changeset="101974239" timestamp="2021-03-30T09:57:42Z" user="szilardk_grab" uid="10143877" lat="19.7773386" lon="105.7791292"/>
 <node id="8574638089" visible="true" version="1" changeset="101974239" timestamp="2021-03-30T09:57:42Z" user="szilardk_grab" uid="10143877" lat="19.7776808" lon="105.7808511"/>
 <node id="8574638091" visible="true" version="1" changeset="101974239" timestamp="2021-03-30T09:57:42Z" user="szilardk_grab" uid="10143877" lat="19.7757330" lon="105.7789860"/>
 <node id="8574638092" visible="true" version="1" changeset="101974239" timestamp="2021-03-30T09:57:42Z" user="szilardk_grab" uid="10143877" lat="19.7751522" lon="105.7796336"/>
 <node id="8574638093" visible="true" version="1" changeset="101974239" timestamp="2021-03-30T09:57:42Z" user="szilardk_grab" uid="10143877" lat="19.7763969" lon="105.7782092"/>
 <node id="8574638094" visible="true" version="1" changeset="101974239" timestamp="2021-03-30T09:57:42Z" user="szilardk_grab" uid="10143877" lat="19.7754268" lon="105.7772030"/>
 <node id="8574638095" visible="true" version="1" changeset="101974239" timestamp="2021-03-30T09:57:42Z" user="szilardk_grab" uid="10143877" lat="19.7755026" lon="105.7773516"/>
 <node id="8574638096" visible="true" version="1" changeset="101974239" timestamp="2021-03-30T09:57:42Z" user="szilardk_grab" uid="10143877" lat="19.7783477" lon="105.7800799"/>
 <node id="8574638097" visible="true" version="1" changeset="101974239" timestamp="2021-03-30T09:57:42Z" user="szilardk_grab" uid="10143877" lat="19.7770674" lon="105.7815710"/>
 <node id="8574638098" visible="true" version="1" changeset="101974239" timestamp="2021-03-30T09:57:42Z" user="szilardk_grab" uid="10143877" lat="19.7780139" lon="105.7804602"/>
 <node id="8574638100" visible="true" version="1" changeset="101974239" timestamp="2021-03-30T09:57:42Z" user="szilardk_grab" uid="10143877" lat="19.7760755" lon="105.7786041"/>
 <node id="8574638103" visible="true" version="2" changeset="166853480" timestamp="2025-05-28T05:55:42Z" user="ZioDragon" uid="13799024" lat="19.7749519" lon="105.7754008"/>
 <node id="8574903860" visible="true" version="1" changeset="101980320" timestamp="2021-03-30T11:13:10Z" user="ionut_radu" uid="10664319" lat="19.7762208" lon="105.7761428"/>
 <node id="8654304807" visible="true" version="2" changeset="166853480" timestamp="2025-05-28T05:55:42Z" user="ZioDragon" uid="13799024" lat="19.7727521" lon="105.7885703"/>
 <node id="8654310789" visible="true" version="1" changeset="103384384" timestamp="2021-04-22T06:30:05Z" user="jonna_kuti" uid="10751844" lat="19.7795523" lon="105.7755820"/>
 <node id="8654310790" visible="true" version="1" changeset="103384384" timestamp="2021-04-22T06:30:05Z" user="jonna_kuti" uid="10751844" lat="19.7790955" lon="105.7755129"/>
 <node id="8654310791" visible="true" version="1" changeset="103384384" timestamp="2021-04-22T06:30:05Z" user="jonna_kuti" uid="10751844" lat="19.7795208" lon="105.7755639"/>
 <node id="8654310792" visible="true" version="1" changeset="103384384" timestamp="2021-04-22T06:30:05Z" user="jonna_kuti" uid="10751844" lat="19.7795687" lon="105.7756188"/>
 <node id="8654310793" visible="true" version="2" changeset="166853480" timestamp="2025-05-28T05:55:42Z" user="ZioDragon" uid="13799024" lat="19.7795127" lon="105.7758083"/>
 <node id="8654310794" visible="true" version="2" changeset="166853480" timestamp="2025-05-28T05:55:42Z" user="ZioDragon" uid="13799024" lat="19.7794964" lon="105.7759719"/>
 <node id="8654310795" visible="true" version="1" changeset="103384384" timestamp="2021-04-22T06:30:05Z" user="jonna_kuti" uid="10751844" lat="19.7794898" lon="105.7764961"/>
 <node id="8654312163" visible="true" version="1" changeset="103384018" timestamp="2021-04-22T06:25:22Z" user="jonna_kuti" uid="10751844" lat="19.7780594" lon="105.7807875"/>
 <node id="8654312164" visible="true" version="2" changeset="166853480" timestamp="2025-05-28T05:55:42Z" user="ZioDragon" uid="13799024" lat="19.7787583" lon="105.7814888"/>
 <node id="8654312165" visible="true" version="1" changeset="103384018" timestamp="2021-04-22T06:25:22Z" user="jonna_kuti" uid="10751844" lat="19.7784708" lon="105.7811925"/>
 <node id="8654312166" visible="true" version="1" changeset="103384018" timestamp="2021-04-22T06:25:22Z" user="jonna_kuti" uid="10751844" lat="19.7789634" lon="105.7806267"/>
 <node id="8654312167" visible="true" version="2" changeset="166853480" timestamp="2025-05-28T05:55:42Z" user="ZioDragon" uid="13799024" lat="19.7792716" lon="105.7809088"/>
 <node id="8654312168" visible="true" version="1" changeset="103384018" timestamp="2021-04-22T06:25:22Z" user="jonna_kuti" uid="10751844" lat="19.7785137" lon="105.7802108"/>
 <node id="8654320303" visible="true" version="1" changeset="103384772" timestamp="2021-04-22T06:35:12Z" user="jonna_kuti" uid="10751844" lat="19.7830581" lon="105.7772912"/>
 <node id="8654320546" visible="true" version="1" changeset="103384180" timestamp="2021-04-22T06:27:29Z" user="jonna_kuti" uid="10751844" lat="19.7802040" lon="105.7791866"/>
 <node id="8654320547" visible="true" version="1" changeset="103384180" timestamp="2021-04-22T06:27:29Z" user="jonna_kuti" uid="10751844" lat="19.7801328" lon="105.7790937"/>
 <node id="8654320548" visible="true" version="1" changeset="103384180" timestamp="2021-04-22T06:27:29Z" user="jonna_kuti" uid="10751844" lat="19.7801265" lon="105.7790507"/>
 <node id="8654320549" visible="true" version="1" changeset="103384180" timestamp="2021-04-22T06:27:29Z" user="jonna_kuti" uid="10751844" lat="19.7801303" lon="105.7790132"/>
 <node id="8654320550" visible="true" version="1" changeset="103384180" timestamp="2021-04-22T06:27:29Z" user="jonna_kuti" uid="10751844" lat="19.7801442" lon="105.7789770"/>
 <node id="8654320551" visible="true" version="1" changeset="103384180" timestamp="2021-04-22T06:27:29Z" user="jonna_kuti" uid="10751844" lat="19.7804559" lon="105.7786202"/>
 <node id="8654320552" visible="true" version="1" changeset="103384180" timestamp="2021-04-22T06:27:29Z" user="jonna_kuti" uid="10751844" lat="19.7809558" lon="105.7780472"/>
 <node id="8654329066" visible="true" version="1" changeset="103384555" timestamp="2021-04-22T06:32:22Z" user="jonna_kuti" uid="10751844" lat="19.7822523" lon="105.7759722"/>
 <node id="8654329067" visible="true" version="1" changeset="103384555" timestamp="2021-04-22T06:32:22Z" user="jonna_kuti" uid="10751844" lat="19.7821558" lon="105.7756879"/>
 <node id="8654329068" visible="true" version="1" changeset="103384555" timestamp="2021-04-22T06:32:22Z" user="jonna_kuti" uid="10751844" lat="19.7814620" lon="105.7754294"/>
 <node id="8654329069" visible="true" version="1" changeset="103384555" timestamp="2021-04-22T06:32:22Z" user="jonna_kuti" uid="10751844" lat="19.7814210" lon="105.7754365"/>
 <node id="8654329070" visible="true" version="1" changeset="103384555" timestamp="2021-04-22T06:32:22Z" user="jonna_kuti" uid="10751844" lat="19.7816813" lon="105.7752752"/>
 <node id="8654329071" visible="true" version="1" changeset="103384555" timestamp="2021-04-22T06:32:22Z" user="jonna_kuti" uid="10751844" lat="19.7816525" lon="105.7752728"/>
 <node id="8654329072" visible="true" version="1" changeset="103384555" timestamp="2021-04-22T06:32:22Z" user="jonna_kuti" uid="10751844" lat="19.7812825" lon="105.7753627"/>
 <node id="8654329073" visible="true" version="1" changeset="103384555" timestamp="2021-04-22T06:32:22Z" user="jonna_kuti" uid="10751844" lat="19.7813771" lon="105.7754217"/>
 <node id="8654329074" visible="true" version="1" changeset="103384555" timestamp="2021-04-22T06:32:22Z" user="jonna_kuti" uid="10751844" lat="19.7814049" lon="105.7754351"/>
 <node id="8654329075" visible="true" version="1" changeset="103384555" timestamp="2021-04-22T06:32:22Z" user="jonna_kuti" uid="10751844" lat="19.7814390" lon="105.7754338"/>
 <node id="8654329076" visible="true" version="1" changeset="103384555" timestamp="2021-04-22T06:32:22Z" user="jonna_kuti" uid="10751844" lat="19.7814856" lon="105.7754190"/>
 <node id="8654329077" visible="true" version="1" changeset="103384555" timestamp="2021-04-22T06:32:22Z" user="jonna_kuti" uid="10751844" lat="19.7815475" lon="105.7753620"/>
 <node id="8654329078" visible="true" version="1" changeset="103384555" timestamp="2021-04-22T06:32:22Z" user="jonna_kuti" uid="10751844" lat="19.7816358" lon="105.7752796"/>
 <node id="8654329079" visible="true" version="1" changeset="103384555" timestamp="2021-04-22T06:32:22Z" user="jonna_kuti" uid="10751844" lat="19.7816674" lon="105.7752742"/>
 <node id="8654329080" visible="true" version="1" changeset="103384555" timestamp="2021-04-22T06:32:22Z" user="jonna_kuti" uid="10751844" lat="19.7816939" lon="105.7752822"/>
 <node id="8654329081" visible="true" version="1" changeset="103384555" timestamp="2021-04-22T06:32:22Z" user="jonna_kuti" uid="10751844" lat="19.7821267" lon="105.7756564"/>
 <node id="8654329082" visible="true" version="1" changeset="103384555" timestamp="2021-04-22T06:32:22Z" user="jonna_kuti" uid="10751844" lat="19.7821835" lon="105.7757328"/>
 <node id="8654329083" visible="true" version="1" changeset="103384555" timestamp="2021-04-22T06:32:22Z" user="jonna_kuti" uid="10751844" lat="19.7822138" lon="105.7757965"/>
 <node id="8654329084" visible="true" version="1" changeset="103384555" timestamp="2021-04-22T06:32:22Z" user="jonna_kuti" uid="10751844" lat="19.7822403" lon="105.7758777"/>
 <node id="8654329085" visible="true" version="1" changeset="103384555" timestamp="2021-04-22T06:32:22Z" user="jonna_kuti" uid="10751844" lat="19.7822504" lon="105.7759300"/>
 <node id="8654329086" visible="true" version="2" changeset="166853480" timestamp="2025-05-28T05:55:42Z" user="ZioDragon" uid="13799024" lat="19.7822326" lon="105.7761777"/>
 <node id="8654335990" visible="true" version="1" changeset="103384911" timestamp="2021-04-22T06:36:56Z" user="jonna_kuti" uid="10751844" lat="19.7825621" lon="105.7786953"/>
 <node id="8654335991" visible="true" version="1" changeset="103384911" timestamp="2021-04-22T06:36:56Z" user="jonna_kuti" uid="10751844" lat="19.7830770" lon="105.7781053"/>
 <node id="8654335992" visible="true" version="1" changeset="103384911" timestamp="2021-04-22T06:36:56Z" user="jonna_kuti" uid="10751844" lat="19.7829281" lon="105.7782608"/>
 <node id="8654335993" visible="true" version="1" changeset="103384911" timestamp="2021-04-22T06:36:56Z" user="jonna_kuti" uid="10751844" lat="19.7826075" lon="105.7779175"/>
 <node id="8654335994" visible="true" version="1" changeset="103384911" timestamp="2021-04-22T06:36:56Z" user="jonna_kuti" uid="10751844" lat="19.7825495" lon="105.7779068"/>
 <node id="8654335995" visible="true" version="1" changeset="103384911" timestamp="2021-04-22T06:36:56Z" user="jonna_kuti" uid="10751844" lat="19.7825041" lon="105.7779390"/>
 <node id="8654335996" visible="true" version="1" changeset="103384911" timestamp="2021-04-22T06:36:56Z" user="jonna_kuti" uid="10751844" lat="19.7820472" lon="105.7784083"/>
 <node id="8654336701" visible="true" version="1" changeset="103385485" timestamp="2021-04-22T06:44:09Z" user="jonna_kuti" uid="10751844" lat="19.7793073" lon="105.7711992"/>
 <node id="8654347144" visible="true" version="1" changeset="103385004" timestamp="2021-04-22T06:37:59Z" user="jonna_kuti" uid="10751844" lat="19.7852866" lon="105.7780355"/>
 <node id="8654364733" visible="true" version="1" changeset="103385652" timestamp="2021-04-22T06:46:03Z" user="jonna_kuti" uid="10751844" lat="19.7810768" lon="105.7704615"/>
 <node id="8654374516" visible="true" version="1" changeset="103386006" timestamp="2021-04-22T06:50:05Z" user="jonna_kuti" uid="10751844" lat="19.7850544" lon="105.7730687"/>
 <node id="8654376225" visible="true" version="1" changeset="103385852" timestamp="2021-04-22T06:48:27Z" user="jonna_kuti" uid="10751844" lat="19.7855322" lon="105.7725322"/>
 <node id="8654382617" visible="true" version="1" changeset="103386006" timestamp="2021-04-22T06:50:05Z" user="jonna_kuti" uid="10751844" lat="19.7854846" lon="105.7730520"/>
 <node id="8654382618" visible="true" version="1" changeset="103386006" timestamp="2021-04-22T06:50:05Z" user="jonna_kuti" uid="10751844" lat="19.7854781" lon="105.7731026"/>
 <node id="8654382619" visible="true" version="1" changeset="103386006" timestamp="2021-04-22T06:50:05Z" user="jonna_kuti" uid="10751844" lat="19.7854668" lon="105.7731539"/>
 <node id="8654382620" visible="true" version="1" changeset="103386006" timestamp="2021-04-22T06:50:05Z" user="jonna_kuti" uid="10751844" lat="19.7854109" lon="105.7733182"/>
 <node id="8654382621" visible="true" version="1" changeset="103386006" timestamp="2021-04-22T06:50:05Z" user="jonna_kuti" uid="10751844" lat="19.7854204" lon="105.7732820"/>
 <node id="8654382622" visible="true" version="1" changeset="103386006" timestamp="2021-04-22T06:50:05Z" user="jonna_kuti" uid="10751844" lat="19.7853617" lon="105.7735120"/>
 <node id="8654382623" visible="true" version="1" changeset="103386006" timestamp="2021-04-22T06:50:05Z" user="jonna_kuti" uid="10751844" lat="19.7854015" lon="105.7733537"/>
 <node id="8654382624" visible="true" version="1" changeset="103386006" timestamp="2021-04-22T06:50:05Z" user="jonna_kuti" uid="10751844" lat="19.7854393" lon="105.7732303"/>
 <node id="8654382625" visible="true" version="1" changeset="103386006" timestamp="2021-04-22T06:50:05Z" user="jonna_kuti" uid="10751844" lat="19.7854583" lon="105.7731821"/>
 <node id="8654382626" visible="true" version="1" changeset="103386006" timestamp="2021-04-22T06:50:05Z" user="jonna_kuti" uid="10751844" lat="19.7854731" lon="105.7731274"/>
 <node id="8654382627" visible="true" version="1" changeset="103386006" timestamp="2021-04-22T06:50:05Z" user="jonna_kuti" uid="10751844" lat="19.7854829" lon="105.7730754"/>
 <node id="8654382628" visible="true" version="1" changeset="103386006" timestamp="2021-04-22T06:50:05Z" user="jonna_kuti" uid="10751844" lat="19.7854841" lon="105.7730309"/>
 <node id="8654382629" visible="true" version="1" changeset="103386006" timestamp="2021-04-22T06:50:05Z" user="jonna_kuti" uid="10751844" lat="19.7854327" lon="105.7725586"/>
 <node id="8654401966" visible="true" version="1" changeset="103386583" timestamp="2021-04-22T06:57:10Z" user="jonna_kuti" uid="10751844" lat="19.7881304" lon="105.7729762"/>
 <node id="8654401967" visible="true" version="1" changeset="103386583" timestamp="2021-04-22T06:57:10Z" user="jonna_kuti" uid="10751844" lat="19.7884717" lon="105.7729366"/>
 <node id="8654401968" visible="true" version="1" changeset="103386583" timestamp="2021-04-22T06:57:10Z" user="jonna_kuti" uid="10751844" lat="19.7881638" lon="105.7729742"/>
 <node id="8654401969" visible="true" version="1" changeset="103386583" timestamp="2021-04-22T06:57:10Z" user="jonna_kuti" uid="10751844" lat="19.7880970" lon="105.7729769"/>
 <node id="8654401970" visible="true" version="1" changeset="103386583" timestamp="2021-04-22T06:57:10Z" user="jonna_kuti" uid="10751844" lat="19.7886370" lon="105.7744400"/>
 <node id="8654401971" visible="true" version="1" changeset="103386583" timestamp="2021-04-22T06:57:10Z" user="jonna_kuti" uid="10751844" lat="19.7879217" lon="105.7744546"/>
 <node id="8654401972" visible="true" version="1" changeset="103386583" timestamp="2021-04-22T06:57:10Z" user="jonna_kuti" uid="10751844" lat="19.7886244" lon="105.7744373"/>
 <node id="8654401973" visible="true" version="1" changeset="103386583" timestamp="2021-04-22T06:57:10Z" user="jonna_kuti" uid="10751844" lat="19.7886446" lon="105.7744507"/>
 <node id="8654401974" visible="true" version="1" changeset="103386583" timestamp="2021-04-22T06:57:10Z" user="jonna_kuti" uid="10751844" lat="19.7886307" lon="105.7746854"/>
 <node id="8654401975" visible="true" version="1" changeset="103386583" timestamp="2021-04-22T06:57:10Z" user="jonna_kuti" uid="10751844" lat="19.7870530" lon="105.7736789"/>
 <node id="8654401976" visible="true" version="1" changeset="103386583" timestamp="2021-04-22T06:57:10Z" user="jonna_kuti" uid="10751844" lat="19.7870761" lon="105.7736900"/>
 <node id="8654401977" visible="true" version="1" changeset="103386583" timestamp="2021-04-22T06:57:10Z" user="jonna_kuti" uid="10751844" lat="19.7874357" lon="105.7736354"/>
 <node id="8654401978" visible="true" version="1" changeset="103386583" timestamp="2021-04-22T06:57:10Z" user="jonna_kuti" uid="10751844" lat="19.7873146" lon="105.7736354"/>
 <node id="8654401979" visible="true" version="1" changeset="103386583" timestamp="2021-04-22T06:57:10Z" user="jonna_kuti" uid="10751844" lat="19.7872313" lon="105.7736354"/>
 <node id="8654401980" visible="true" version="1" changeset="103386583" timestamp="2021-04-22T06:57:10Z" user="jonna_kuti" uid="10751844" lat="19.7871959" lon="105.7736421"/>
 <node id="8654401981" visible="true" version="1" changeset="103386583" timestamp="2021-04-22T06:57:10Z" user="jonna_kuti" uid="10751844" lat="19.7870912" lon="105.7736890"/>
 <node id="8654401982" visible="true" version="1" changeset="103386583" timestamp="2021-04-22T06:57:10Z" user="jonna_kuti" uid="10751844" lat="19.7870634" lon="105.7736877"/>
 <node id="8654401983" visible="true" version="1" changeset="103386583" timestamp="2021-04-22T06:57:10Z" user="jonna_kuti" uid="10751844" lat="19.7868426" lon="105.7734919"/>
 <node id="8654401984" visible="true" version="1" changeset="103386583" timestamp="2021-04-22T06:57:10Z" user="jonna_kuti" uid="10751844" lat="19.7863719" lon="105.7734624"/>
 <node id="8654401985" visible="true" version="1" changeset="103386583" timestamp="2021-04-22T06:57:10Z" user="jonna_kuti" uid="10751844" lat="19.7868022" lon="105.7734825"/>
 <node id="8654401986" visible="true" version="1" changeset="103386583" timestamp="2021-04-22T06:57:10Z" user="jonna_kuti" uid="10751844" lat="19.7868817" lon="105.7735173"/>
 <node id="8654401987" visible="true" version="1" changeset="103386583" timestamp="2021-04-22T06:57:10Z" user="jonna_kuti" uid="10751844" lat="19.7870407" lon="105.7736675"/>
 <node id="8654403562" visible="true" version="1" changeset="103386757" timestamp="2021-04-22T06:59:16Z" user="jonna_kuti" uid="10751844" lat="19.7845956" lon="105.7751167"/>
 <node id="8654411217" visible="true" version="1" changeset="103386834" timestamp="2021-04-22T07:00:19Z" user="jonna_kuti" uid="10751844" lat="19.7838923" lon="105.7715493"/>
 <node id="8654411218" visible="true" version="1" changeset="103386834" timestamp="2021-04-22T07:00:19Z" user="jonna_kuti" uid="10751844" lat="19.7836520" lon="105.7722222"/>
 <node id="8654422281" visible="true" version="1" changeset="103387240" timestamp="2021-04-22T07:07:57Z" user="vavilala1" uid="11589182" lat="19.7672177" lon="105.7941671"/>
 <node id="8654428212" visible="true" version="1" changeset="103387452" timestamp="2021-04-22T07:07:41Z" user="jonna_kuti" uid="10751844" lat="19.7878231" lon="105.7709277"/>
 <node id="8654428213" visible="true" version="1" changeset="103387452" timestamp="2021-04-22T07:07:41Z" user="jonna_kuti" uid="10751844" lat="19.7877436" lon="105.7710269"/>
 <node id="8654428214" visible="true" version="1" changeset="103387452" timestamp="2021-04-22T07:07:41Z" user="jonna_kuti" uid="10751844" lat="19.7886497" lon="105.7698695"/>
 <node id="8654428215" visible="true" version="1" changeset="103387452" timestamp="2021-04-22T07:07:41Z" user="jonna_kuti" uid="10751844" lat="19.7892301" lon="105.7694404"/>
 <node id="8654428216" visible="true" version="1" changeset="103387452" timestamp="2021-04-22T07:07:41Z" user="jonna_kuti" uid="10751844" lat="19.7901286" lon="105.7692862"/>
 <node id="8654430717" visible="true" version="1" changeset="103387452" timestamp="2021-04-22T07:07:41Z" user="jonna_kuti" uid="10751844" lat="19.7896365" lon="105.7692593"/>
 <node id="8654430718" visible="true" version="1" changeset="103387452" timestamp="2021-04-22T07:07:41Z" user="jonna_kuti" uid="10751844" lat="19.7905299" lon="105.7690474"/>
 <node id="8654430719" visible="true" version="1" changeset="103387452" timestamp="2021-04-22T07:07:41Z" user="jonna_kuti" uid="10751844" lat="19.7901917" lon="105.7692647"/>
 <node id="8654430720" visible="true" version="1" changeset="103387452" timestamp="2021-04-22T07:07:41Z" user="jonna_kuti" uid="10751844" lat="19.7900605" lon="105.7693022"/>
 <node id="8654430721" visible="true" version="1" changeset="103387452" timestamp="2021-04-22T07:07:41Z" user="jonna_kuti" uid="10751844" lat="19.7899507" lon="105.7692996"/>
 <node id="8654430722" visible="true" version="1" changeset="103387452" timestamp="2021-04-22T07:07:41Z" user="jonna_kuti" uid="10751844" lat="19.7898611" lon="105.7692862"/>
 <node id="8654430723" visible="true" version="1" changeset="103387452" timestamp="2021-04-22T07:07:41Z" user="jonna_kuti" uid="10751844" lat="19.7896996" lon="105.7692593"/>
 <node id="8654430724" visible="true" version="1" changeset="103387452" timestamp="2021-04-22T07:07:41Z" user="jonna_kuti" uid="10751844" lat="19.7895709" lon="105.7692741"/>
 <node id="8654430725" visible="true" version="1" changeset="103387452" timestamp="2021-04-22T07:07:41Z" user="jonna_kuti" uid="10751844" lat="19.7891494" lon="105.7694940"/>
 <node id="8654430726" visible="true" version="1" changeset="103387452" timestamp="2021-04-22T07:07:41Z" user="jonna_kuti" uid="10751844" lat="19.7887115" lon="105.7698199"/>
 <node id="8654430727" visible="true" version="1" changeset="103387452" timestamp="2021-04-22T07:07:41Z" user="jonna_kuti" uid="10751844" lat="19.7885941" lon="105.7699379"/>
 <node id="8654430728" visible="true" version="1" changeset="103387452" timestamp="2021-04-22T07:07:41Z" user="jonna_kuti" uid="10751844" lat="19.7884667" lon="105.7701203"/>
 <node id="8654430729" visible="true" version="1" changeset="103387452" timestamp="2021-04-22T07:07:41Z" user="jonna_kuti" uid="10751844" lat="19.7882635" lon="105.7704113"/>
 <node id="8654430730" visible="true" version="1" changeset="103387452" timestamp="2021-04-22T07:07:41Z" user="jonna_kuti" uid="10751844" lat="19.7881323" lon="105.7705964"/>
 <node id="8654430731" visible="true" version="1" changeset="103387452" timestamp="2021-04-22T07:07:41Z" user="jonna_kuti" uid="10751844" lat="19.7879682" lon="105.7707855"/>
 <node id="8654430732" visible="true" version="1" changeset="103387452" timestamp="2021-04-22T07:07:41Z" user="jonna_kuti" uid="10751844" lat="19.7877815" lon="105.7709786"/>
 <node id="8654430733" visible="true" version="1" changeset="103387452" timestamp="2021-04-22T07:07:41Z" user="jonna_kuti" uid="10751844" lat="19.7877121" lon="105.7710886"/>
 <node id="8654502921" visible="true" version="1" changeset="103389630" timestamp="2021-04-22T07:32:05Z" user="jonna_kuti" uid="10751844" lat="19.7918953" lon="105.7821769"/>
 <node id="8654502922" visible="true" version="1" changeset="103389630" timestamp="2021-04-22T07:32:05Z" user="jonna_kuti" uid="10751844" lat="19.7917035" lon="105.7824773"/>
 <node id="8654502923" visible="true" version="2" changeset="179729498" timestamp="2026-03-12T03:16:10Z" user="GrabVN_HHanh" uid="21825758" lat="19.7913381" lon="105.7825205"/>
 <node id="8654502925" visible="true" version="1" changeset="103389630" timestamp="2021-04-22T07:32:05Z" user="jonna_kuti" uid="10751844" lat="19.7917489" lon="105.7824317"/>
 <node id="8654502926" visible="true" version="2" changeset="106431296" timestamp="2021-06-16T03:44:16Z" user="isha01" uid="11659048" lat="19.7922903" lon="105.7815859"/>
 <node id="8654502927" visible="true" version="1" changeset="103389630" timestamp="2021-04-22T07:32:05Z" user="jonna_kuti" uid="10751844" lat="19.7918599" lon="105.7822345"/>
 <node id="8654502928" visible="true" version="1" changeset="103389630" timestamp="2021-04-22T07:32:05Z" user="jonna_kuti" uid="10751844" lat="19.7917893" lon="105.7823539"/>
 <node id="8654502929" visible="true" version="1" changeset="103389630" timestamp="2021-04-22T07:32:05Z" user="jonna_kuti" uid="10751844" lat="19.7916366" lon="105.7825090"/>
 <node id="8654518670" visible="true" version="2" changeset="103429128" timestamp="2021-04-22T17:47:10Z" user="siddi_s" uid="11659604" lat="19.7991443" lon="105.7845020"/>
 <node id="8654810357" visible="true" version="3" changeset="166853480" timestamp="2025-05-28T05:55:42Z" user="ZioDragon" uid="13799024" lat="19.7714502" lon="105.7756815"/>
 <node id="8654917729" visible="true" version="2" changeset="166853480" timestamp="2025-05-28T05:55:42Z" user="ZioDragon" uid="13799024" lat="19.7759814" lon="105.7846268"/>
 <node id="8655303387" visible="true" version="2" changeset="178929515" timestamp="2026-02-23T07:27:19Z" user="GrabVN_Dang" uid="21825913" lat="19.7875518" lon="105.7793407"/>
 <node id="8655303388" visible="true" version="2" changeset="178929515" timestamp="2026-02-23T07:27:19Z" user="GrabVN_Dang" uid="21825913" lat="19.7867264" lon="105.7793102"/>
 <node id="8655303389" visible="true" version="1" changeset="103409834" timestamp="2021-04-22T11:46:02Z" user="jonna_kuti" uid="10751844" lat="19.7875395" lon="105.7793498"/>
 <node id="8655303390" visible="true" version="1" changeset="103409834" timestamp="2021-04-22T11:46:02Z" user="jonna_kuti" uid="10751844" lat="19.7875758" lon="105.7793592"/>
 <node id="8655303391" visible="true" version="1" changeset="103409834" timestamp="2021-04-22T11:46:02Z" user="jonna_kuti" uid="10751844" lat="19.7867745" lon="105.7788469"/>
 <node id="8655303392" visible="true" version="1" changeset="103409834" timestamp="2021-04-22T11:46:02Z" user="jonna_kuti" uid="10751844" lat="19.7867555" lon="105.7784365"/>
 <node id="8655303393" visible="true" version="1" changeset="103409834" timestamp="2021-04-22T11:46:02Z" user="jonna_kuti" uid="10751844" lat="19.7867631" lon="105.7784003"/>
 <node id="8655303394" visible="true" version="1" changeset="103409834" timestamp="2021-04-22T11:46:02Z" user="jonna_kuti" uid="10751844" lat="19.7867770" lon="105.7783909"/>
 <node id="8655324939" visible="true" version="1" changeset="103409648" timestamp="2021-04-22T11:43:58Z" user="jonna_kuti" uid="10751844" lat="19.7875808" lon="105.7784459"/>
 <node id="8655326524" visible="true" version="1" changeset="103409474" timestamp="2021-04-22T11:41:46Z" user="jonna_kuti" uid="10751844" lat="19.7875193" lon="105.7777649"/>
 <node id="8655326525" visible="true" version="1" changeset="103409474" timestamp="2021-04-22T11:41:46Z" user="jonna_kuti" uid="10751844" lat="19.7868981" lon="105.7775111"/>
 <node id="8655327186" visible="true" version="1" changeset="103409970" timestamp="2021-04-22T11:47:55Z" user="jonna_kuti" uid="10751844" lat="19.7874180" lon="105.7807606"/>
 <node id="8655327187" visible="true" version="1" changeset="103409970" timestamp="2021-04-22T11:47:55Z" user="jonna_kuti" uid="10751844" lat="19.7873790" lon="105.7802125"/>
 <node id="8655327188" visible="true" version="1" changeset="103410203" timestamp="2021-04-22T11:51:29Z" user="jonna_kuti" uid="10751844" lat="19.7933242" lon="105.7806029"/>
 <node id="8655327189" visible="true" version="1" changeset="103410203" timestamp="2021-04-22T11:51:29Z" user="jonna_kuti" uid="10751844" lat="19.7933963" lon="105.7806453"/>
 <node id="8655327190" visible="true" version="1" changeset="103410203" timestamp="2021-04-22T11:51:29Z" user="jonna_kuti" uid="10751844" lat="19.7933895" lon="105.7801007"/>
 <node id="8655327191" visible="true" version="1" changeset="103410203" timestamp="2021-04-22T11:51:29Z" user="jonna_kuti" uid="10751844" lat="19.7933256" lon="105.7805353"/>
 <node id="8655327192" visible="true" version="1" changeset="103410203" timestamp="2021-04-22T11:51:29Z" user="jonna_kuti" uid="10751844" lat="19.7933225" lon="105.7805930"/>
 <node id="8655327193" visible="true" version="1" changeset="103410203" timestamp="2021-04-22T11:51:29Z" user="jonna_kuti" uid="10751844" lat="19.7933288" lon="105.7806118"/>
 <node id="8655327194" visible="true" version="1" changeset="103410203" timestamp="2021-04-22T11:51:29Z" user="jonna_kuti" uid="10751844" lat="19.7933378" lon="105.7806166"/>
 <node id="8655327195" visible="true" version="1" changeset="103410203" timestamp="2021-04-22T11:51:29Z" user="jonna_kuti" uid="10751844" lat="19.7934108" lon="105.7806547"/>
 <node id="8655327196" visible="true" version="1" changeset="103410203" timestamp="2021-04-22T11:51:29Z" user="jonna_kuti" uid="10751844" lat="19.7936190" lon="105.7808532"/>
 <node id="8655327996" visible="true" version="1" changeset="103409909" timestamp="2021-04-22T11:47:05Z" user="jonna_kuti" uid="10751844" lat="19.7870795" lon="105.7787537"/>
 <node id="8655327997" visible="true" version="1" changeset="103409909" timestamp="2021-04-22T11:47:05Z" user="jonna_kuti" uid="10751844" lat="19.7870057" lon="105.7788229"/>
 <node id="8655327998" visible="true" version="1" changeset="103409909" timestamp="2021-04-22T11:47:05Z" user="jonna_kuti" uid="10751844" lat="19.7870101" lon="105.7788167"/>
 <node id="8655327999" visible="true" version="1" changeset="103409909" timestamp="2021-04-22T11:47:05Z" user="jonna_kuti" uid="10751844" lat="19.7870067" lon="105.7790266"/>
 <node id="8655328000" visible="true" version="1" changeset="103409909" timestamp="2021-04-22T11:47:05Z" user="jonna_kuti" uid="10751844" lat="19.7870003" lon="105.7789662"/>
 <node id="8655328001" visible="true" version="2" changeset="178929515" timestamp="2026-02-23T07:27:19Z" user="GrabVN_Dang" uid="21825913" lat="19.7871346" lon="105.7794926"/>
 <node id="8655328002" visible="true" version="1" changeset="103409909" timestamp="2021-04-22T11:47:05Z" user="jonna_kuti" uid="10751844" lat="19.7870231" lon="105.7791124"/>
 <node id="8655328003" visible="true" version="1" changeset="103409909" timestamp="2021-04-22T11:47:05Z" user="jonna_kuti" uid="10751844" lat="19.7870003" lon="105.7788657"/>
 <node id="8655328004" visible="true" version="1" changeset="103409909" timestamp="2021-04-22T11:47:05Z" user="jonna_kuti" uid="10751844" lat="19.7870029" lon="105.7788321"/>
 <node id="8655328005" visible="true" version="1" changeset="103409909" timestamp="2021-04-22T11:47:05Z" user="jonna_kuti" uid="10751844" lat="19.7870193" lon="105.7788107"/>
 <node id="8655328006" visible="true" version="1" changeset="103409909" timestamp="2021-04-22T11:47:05Z" user="jonna_kuti" uid="10751844" lat="19.7870357" lon="105.7787986"/>
 <node id="8655328007" visible="true" version="1" changeset="103409909" timestamp="2021-04-22T11:47:05Z" user="jonna_kuti" uid="10751844" lat="19.7870571" lon="105.7787825"/>
 <node id="8655328008" visible="true" version="1" changeset="103409909" timestamp="2021-04-22T11:47:05Z" user="jonna_kuti" uid="10751844" lat="19.7870723" lon="105.7787637"/>
 <node id="8655328009" visible="true" version="1" changeset="103409909" timestamp="2021-04-22T11:47:05Z" user="jonna_kuti" uid="10751844" lat="19.7870836" lon="105.7787423"/>
 <node id="8655328010" visible="true" version="1" changeset="103409909" timestamp="2021-04-22T11:47:05Z" user="jonna_kuti" uid="10751844" lat="19.7871112" lon="105.7783816"/>
 <node id="8655337969" visible="true" version="2" changeset="103426955" timestamp="2021-04-22T17:01:37Z" user="siddi_s" uid="11659604" lat="19.7960142" lon="105.7800837"/>
 <node id="8655340628" visible="true" version="2" changeset="162345039" timestamp="2025-02-10T10:48:55Z" user="GrabVN_QThoai" uid="15740602" lat="19.7933495" lon="105.7816687"/>
 <node id="8655346308" visible="true" version="1" changeset="103410743" timestamp="2021-04-22T11:59:28Z" user="p_raj" uid="11589169" lat="19.7727386" lon="105.7682941"/>
 <node id="8655352355" visible="true" version="1" changeset="103410558" timestamp="2021-04-22T11:56:45Z" user="jonna_kuti" uid="10751844" lat="19.7933572" lon="105.7771167"/>
 <node id="8655352356" visible="true" version="1" changeset="103410558" timestamp="2021-04-22T11:56:45Z" user="jonna_kuti" uid="10751844" lat="19.7940120" lon="105.7770780"/>
 <node id="8655352357" visible="true" version="1" changeset="103410558" timestamp="2021-04-22T11:56:45Z" user="jonna_kuti" uid="10751844" lat="19.7942954" lon="105.7770592"/>
 <node id="8655352358" visible="true" version="2" changeset="106453065" timestamp="2021-06-16T09:10:17Z" user="isha01" uid="11659048" lat="19.7933824" lon="105.7775420"/>
 <node id="8655352359" visible="true" version="2" changeset="106453065" timestamp="2021-06-16T09:10:17Z" user="isha01" uid="11659048" lat="19.7937402" lon="105.7776030"/>
 <node id="8655352360" visible="true" version="1" changeset="103410558" timestamp="2021-04-22T11:56:45Z" user="jonna_kuti" uid="10751844" lat="19.7937502" lon="105.7787576"/>
 <node id="8655352361" visible="true" version="2" changeset="106453065" timestamp="2021-06-16T09:10:17Z" user="isha01" uid="11659048" lat="19.7937490" lon="105.7776305"/>
 <node id="8655352362" visible="true" version="2" changeset="106453065" timestamp="2021-06-16T09:10:17Z" user="isha01" uid="11659048" lat="19.7937212" lon="105.7775849"/>
 <node id="8655352363" visible="true" version="2" changeset="106453065" timestamp="2021-06-16T09:10:17Z" user="isha01" uid="11659048" lat="19.7933856" lon="105.7775970"/>
 <node id="8655352364" visible="true" version="2" changeset="106453065" timestamp="2021-06-16T09:10:17Z" user="isha01" uid="11659048" lat="19.7933754" lon="105.7774763"/>
 <node id="8655352365" visible="true" version="3" changeset="166853480" timestamp="2025-05-28T05:55:42Z" user="ZioDragon" uid="13799024" lat="19.7932215" lon="105.7769485"/>
 <node id="8655352366" visible="true" version="2" changeset="166853480" timestamp="2025-05-28T05:55:42Z" user="ZioDragon" uid="13799024" lat="19.7932218" lon="105.7767848"/>
 <node id="8655356012" visible="true" version="1" changeset="103410785" timestamp="2021-04-22T12:00:03Z" user="p_raj" uid="11589169" lat="19.7716781" lon="105.7678184"/>
 <node id="8655363152" visible="true" version="1" changeset="103411135" timestamp="2021-04-22T12:04:52Z" user="p_raj" uid="11589169" lat="19.7771417" lon="105.7833688"/>
 <node id="8655364576" visible="true" version="1" changeset="103412020" timestamp="2021-04-22T12:16:46Z" user="jonna_kuti" uid="10751844" lat="19.7930395" lon="105.7745188"/>
 <node id="8655364577" visible="true" version="1" changeset="103412020" timestamp="2021-04-22T12:16:46Z" user="jonna_kuti" uid="10751844" lat="19.7939496" lon="105.7747981"/>
 <node id="8655364843" visible="true" version="1" changeset="103410893" timestamp="2021-04-22T12:01:45Z" user="jonna_kuti" uid="10751844" lat="19.7958749" lon="105.7750754"/>
 <node id="8655364844" visible="true" version="1" changeset="103410893" timestamp="2021-04-22T12:01:45Z" user="jonna_kuti" uid="10751844" lat="19.7957492" lon="105.7753740"/>
 <node id="8655364847" visible="true" version="1" changeset="103410893" timestamp="2021-04-22T12:01:45Z" user="jonna_kuti" uid="10751844" lat="19.7958973" lon="105.7750700"/>
 <node id="8655366322" visible="true" version="1" changeset="103410732" timestamp="2021-04-22T11:59:18Z" user="jonna_kuti" uid="10751844" lat="19.7957834" lon="105.7778917"/>
 <node id="8655366323" visible="true" version="1" changeset="103410732" timestamp="2021-04-22T11:59:18Z" user="jonna_kuti" uid="10751844" lat="19.7958020" lon="105.7778645"/>
 <node id="8655366324" visible="true" version="1" changeset="103410732" timestamp="2021-04-22T11:59:18Z" user="jonna_kuti" uid="10751844" lat="19.7958045" lon="105.7778451"/>
 <node id="8655366325" visible="true" version="1" changeset="103410732" timestamp="2021-04-22T11:59:18Z" user="jonna_kuti" uid="10751844" lat="19.7957944" lon="105.7778813"/>
 <node id="8655366326" visible="true" version="1" changeset="103410732" timestamp="2021-04-22T11:59:18Z" user="jonna_kuti" uid="10751844" lat="19.7957717" lon="105.7778974"/>
 <node id="8655366327" visible="true" version="3" changeset="166853480" timestamp="2025-05-28T05:55:42Z" user="ZioDragon" uid="13799024" lat="19.7951477" lon="105.7779455"/>
 <node id="8655374228" visible="true" version="1" changeset="103411036" timestamp="2021-04-22T12:03:40Z" user="jonna_kuti" uid="10751844" lat="19.7951608" lon="105.7731551"/>
 <node id="8655374229" visible="true" version="2" changeset="142292390" timestamp="2023-10-08T06:53:23Z" user="vietnam321" uid="11196308" lat="19.7953892" lon="105.7726519"/>
 <node id="8655374230" visible="true" version="2" changeset="142292390" timestamp="2023-10-08T06:53:23Z" user="vietnam321" uid="11196308" lat="19.7956034" lon="105.7722489"/>
 <node id="8655374319" visible="true" version="1" changeset="103410785" timestamp="2021-04-22T12:00:03Z" user="p_raj" uid="11589169" lat="19.7719125" lon="105.7679235"/>
 <node id="8655374344" visible="true" version="1" changeset="103411610" timestamp="2021-04-22T12:11:09Z" user="jonna_kuti" uid="10751844" lat="19.7925578" lon="105.7785317"/>
 <node id="8655374345" visible="true" version="1" changeset="103411610" timestamp="2021-04-22T12:11:09Z" user="jonna_kuti" uid="10751844" lat="19.7924871" lon="105.7779255"/>
 <node id="8655374346" visible="true" version="3" changeset="166853480" timestamp="2025-05-28T05:55:42Z" user="ZioDragon" uid="13799024" lat="19.7922756" lon="105.7770100"/>
 <node id="8655385540" visible="true" version="1" changeset="103411214" timestamp="2021-04-22T12:05:59Z" user="jonna_kuti" uid="10751844" lat="19.7942206" lon="105.7720921"/>
 <node id="8655385541" visible="true" version="1" changeset="103411214" timestamp="2021-04-22T12:05:59Z" user="jonna_kuti" uid="10751844" lat="19.7939042" lon="105.7720689"/>
 <node id="8655385542" visible="true" version="1" changeset="103411214" timestamp="2021-04-22T12:05:59Z" user="jonna_kuti" uid="10751844" lat="19.7942070" lon="105.7720958"/>
 <node id="8655385543" visible="true" version="1" changeset="103411214" timestamp="2021-04-22T12:05:59Z" user="jonna_kuti" uid="10751844" lat="19.7942335" lon="105.7720837"/>
 <node id="8655385544" visible="true" version="1" changeset="103411214" timestamp="2021-04-22T12:05:59Z" user="jonna_kuti" uid="10751844" lat="19.7942449" lon="105.7720676"/>
 <node id="8655385545" visible="true" version="1" changeset="103411214" timestamp="2021-04-22T12:05:59Z" user="jonna_kuti" uid="10751844" lat="19.7942931" lon="105.7717244"/>
 <node id="8655385616" visible="true" version="1" changeset="103411933" timestamp="2021-04-22T12:15:40Z" user="jonna_kuti" uid="10751844" lat="19.7913495" lon="105.7740139"/>
 <node id="8655401600" visible="true" version="1" changeset="103411805" timestamp="2021-04-22T12:13:51Z" user="jonna_kuti" uid="10751844" lat="19.7913905" lon="105.7761915"/>
 <node id="8655416901" visible="true" version="1" changeset="103411762" timestamp="2021-04-22T12:13:22Z" user="jonna_kuti" uid="10751844" lat="19.7920864" lon="105.7758473"/>
 <node id="8655416902" visible="true" version="1" changeset="103411762" timestamp="2021-04-22T12:13:22Z" user="jonna_kuti" uid="10751844" lat="19.7919763" lon="105.7756946"/>
 <node id="8655416903" visible="true" version="1" changeset="103411762" timestamp="2021-04-22T12:13:22Z" user="jonna_kuti" uid="10751844" lat="19.7920439" lon="105.7752061"/>
 <node id="8655416904" visible="true" version="1" changeset="103411762" timestamp="2021-04-22T12:13:22Z" user="jonna_kuti" uid="10751844" lat="19.7921615" lon="105.7753376"/>
 <node id="8655416905" visible="true" version="1" changeset="103411762" timestamp="2021-04-22T12:13:22Z" user="jonna_kuti" uid="10751844" lat="19.7920795" lon="105.7758217"/>
 <node id="8655416906" visible="true" version="1" changeset="103411762" timestamp="2021-04-22T12:13:22Z" user="jonna_kuti" uid="10751844" lat="19.7919432" lon="105.7757644"/>
 <node id="8655416907" visible="true" version="1" changeset="103411762" timestamp="2021-04-22T12:13:22Z" user="jonna_kuti" uid="10751844" lat="19.7920978" lon="105.7756507"/>
 <node id="8655416908" visible="true" version="1" changeset="103411762" timestamp="2021-04-22T12:13:22Z" user="jonna_kuti" uid="10751844" lat="19.7920290" lon="105.7751441"/>
 <node id="8655416909" visible="true" version="1" changeset="103411762" timestamp="2021-04-22T12:13:22Z" user="jonna_kuti" uid="10751844" lat="19.7920366" lon="105.7751897"/>
 <node id="8655416910" visible="true" version="1" changeset="103411762" timestamp="2021-04-22T12:13:22Z" user="jonna_kuti" uid="10751844" lat="19.7920543" lon="105.7752205"/>
 <node id="8655416911" visible="true" version="1" changeset="103411762" timestamp="2021-04-22T12:13:22Z" user="jonna_kuti" uid="10751844" lat="19.7920833" lon="105.7752487"/>
 <node id="8655416912" visible="true" version="1" changeset="103411762" timestamp="2021-04-22T12:13:22Z" user="jonna_kuti" uid="10751844" lat="19.7921275" lon="105.7752876"/>
 <node id="8655416913" visible="true" version="1" changeset="103411762" timestamp="2021-04-22T12:13:22Z" user="jonna_kuti" uid="10751844" lat="19.7921514" lon="105.7753198"/>
 <node id="8655416914" visible="true" version="1" changeset="103411762" timestamp="2021-04-22T12:13:22Z" user="jonna_kuti" uid="10751844" lat="19.7921691" lon="105.7753640"/>
 <node id="8655416915" visible="true" version="1" changeset="103411762" timestamp="2021-04-22T12:13:22Z" user="jonna_kuti" uid="10751844" lat="19.7921716" lon="105.7753976"/>
 <node id="8655416916" visible="true" version="1" changeset="103411762" timestamp="2021-04-22T12:13:22Z" user="jonna_kuti" uid="10751844" lat="19.7921640" lon="105.7754512"/>
 <node id="8655416917" visible="true" version="1" changeset="103411762" timestamp="2021-04-22T12:13:22Z" user="jonna_kuti" uid="10751844" lat="19.7921312" lon="105.7755451"/>
 <node id="8655416918" visible="true" version="1" changeset="103411762" timestamp="2021-04-22T12:13:22Z" user="jonna_kuti" uid="10751844" lat="19.7921073" lon="105.7756390"/>
 <node id="8655416919" visible="true" version="1" changeset="103411762" timestamp="2021-04-22T12:13:22Z" user="jonna_kuti" uid="10751844" lat="19.7920864" lon="105.7756584"/>
 <node id="8655416920" visible="true" version="1" changeset="103411762" timestamp="2021-04-22T12:13:22Z" user="jonna_kuti" uid="10751844" lat="19.7920454" lon="105.7756685"/>
 <node id="8655416921" visible="true" version="1" changeset="103411762" timestamp="2021-04-22T12:13:22Z" user="jonna_kuti" uid="10751844" lat="19.7919823" lon="105.7756886"/>
 <node id="8655416922" visible="true" version="1" changeset="103411762" timestamp="2021-04-22T12:13:22Z" user="jonna_kuti" uid="10751844" lat="19.7919710" lon="105.7757027"/>
 <node id="8655416923" visible="true" version="1" changeset="103411762" timestamp="2021-04-22T12:13:22Z" user="jonna_kuti" uid="10751844" lat="19.7919445" lon="105.7757530"/>
 <node id="8655416924" visible="true" version="1" changeset="103411762" timestamp="2021-04-22T12:13:22Z" user="jonna_kuti" uid="10751844" lat="19.7919457" lon="105.7757744"/>
 <node id="8655416925" visible="true" version="1" changeset="103411762" timestamp="2021-04-22T12:13:22Z" user="jonna_kuti" uid="10751844" lat="19.7920681" lon="105.7758160"/>
 <node id="8655416926" visible="true" version="1" changeset="103411762" timestamp="2021-04-22T12:13:22Z" user="jonna_kuti" uid="10751844" lat="19.7920845" lon="105.7758334"/>
 <node id="8655430317" visible="true" version="1" changeset="103411933" timestamp="2021-04-22T12:15:40Z" user="jonna_kuti" uid="10751844" lat="19.7919281" lon="105.7740149"/>
 <node id="8655430318" visible="true" version="1" changeset="103411933" timestamp="2021-04-22T12:15:40Z" user="jonna_kuti" uid="10751844" lat="19.7913590" lon="105.7740082"/>
 <node id="8655430319" visible="true" version="1" changeset="103411933" timestamp="2021-04-22T12:15:40Z" user="jonna_kuti" uid="10751844" lat="19.7913438" lon="105.7740270"/>
 <node id="8655430320" visible="true" version="1" changeset="103411933" timestamp="2021-04-22T12:15:40Z" user="jonna_kuti" uid="10751844" lat="19.7913340" lon="105.7741210"/>
 <node id="8655430321" visible="true" version="1" changeset="103411933" timestamp="2021-04-22T12:15:40Z" user="jonna_kuti" uid="10751844" lat="19.7929338" lon="105.7740353"/>
 <node id="8655430322" visible="true" version="1" changeset="103411933" timestamp="2021-04-22T12:15:40Z" user="jonna_kuti" uid="10751844" lat="19.7923420" lon="105.7740417"/>
 <node id="8655430323" visible="true" version="1" changeset="103411933" timestamp="2021-04-22T12:15:40Z" user="jonna_kuti" uid="10751844" lat="19.7928619" lon="105.7740216"/>
 <node id="8655430324" visible="true" version="1" changeset="103411933" timestamp="2021-04-22T12:15:40Z" user="jonna_kuti" uid="10751844" lat="19.7929123" lon="105.7740229"/>
 <node id="8655430325" visible="true" version="1" changeset="103411933" timestamp="2021-04-22T12:15:40Z" user="jonna_kuti" uid="10751844" lat="19.7929464" lon="105.7740578"/>
 <node id="8655430326" visible="true" version="1" changeset="103411933" timestamp="2021-04-22T12:15:40Z" user="jonna_kuti" uid="10751844" lat="19.7929882" lon="105.7741352"/>
 <node id="8655432535" visible="true" version="1" changeset="103412451" timestamp="2021-04-22T12:22:10Z" user="jonna_kuti" uid="10751844" lat="19.7893791" lon="105.7748068"/>
 <node id="8655432536" visible="true" version="1" changeset="103412451" timestamp="2021-04-22T12:22:10Z" user="jonna_kuti" uid="10751844" lat="19.7891107" lon="105.7753386"/>
 <node id="8655432537" visible="true" version="1" changeset="103412451" timestamp="2021-04-22T12:22:10Z" user="jonna_kuti" uid="10751844" lat="19.7891734" lon="105.7749134"/>
 <node id="8655432538" visible="true" version="1" changeset="103412451" timestamp="2021-04-22T12:22:10Z" user="jonna_kuti" uid="10751844" lat="19.7896163" lon="105.7753399"/>
 <node id="8655432539" visible="true" version="1" changeset="103412451" timestamp="2021-04-22T12:22:10Z" user="jonna_kuti" uid="10751844" lat="19.7891443" lon="105.7747740"/>
 <node id="8655432540" visible="true" version="1" changeset="103412451" timestamp="2021-04-22T12:22:10Z" user="jonna_kuti" uid="10751844" lat="19.7893526" lon="105.7748008"/>
 <node id="8655432541" visible="true" version="1" changeset="103412451" timestamp="2021-04-22T12:22:10Z" user="jonna_kuti" uid="10751844" lat="19.7894093" lon="105.7748169"/>
 <node id="8655432542" visible="true" version="1" changeset="103412451" timestamp="2021-04-22T12:22:10Z" user="jonna_kuti" uid="10751844" lat="19.7894573" lon="105.7748303"/>
 <node id="8655432543" visible="true" version="1" changeset="103412451" timestamp="2021-04-22T12:22:10Z" user="jonna_kuti" uid="10751844" lat="19.7895052" lon="105.7748517"/>
 <node id="8655432544" visible="true" version="1" changeset="103412451" timestamp="2021-04-22T12:22:10Z" user="jonna_kuti" uid="10751844" lat="19.7895702" lon="105.7748879"/>
 <node id="8655432545" visible="true" version="1" changeset="103412451" timestamp="2021-04-22T12:22:10Z" user="jonna_kuti" uid="10751844" lat="19.7896365" lon="105.7749134"/>
 <node id="8655432546" visible="true" version="1" changeset="103412451" timestamp="2021-04-22T12:22:10Z" user="jonna_kuti" uid="10751844" lat="19.7896895" lon="105.7749268"/>
 <node id="8655432547" visible="true" version="1" changeset="103412451" timestamp="2021-04-22T12:22:10Z" user="jonna_kuti" uid="10751844" lat="19.7905108" lon="105.7750423"/>
 <node id="8655975630" visible="true" version="1" changeset="103422304" timestamp="2021-04-22T15:19:21Z" user="siddi_s" uid="11659604" lat="19.7981903" lon="105.7801762"/>
 <node id="8655975631" visible="true" version="1" changeset="103422304" timestamp="2021-04-22T15:19:21Z" user="siddi_s" uid="11659604" lat="19.7989314" lon="105.7801907"/>
 <node id="8655975632" visible="true" version="1" changeset="103422304" timestamp="2021-04-22T15:19:21Z" user="siddi_s" uid="11659604" lat="19.7989528" lon="105.7801987"/>
 <node id="8655975633" visible="true" version="1" changeset="103422304" timestamp="2021-04-22T15:19:21Z" user="siddi_s" uid="11659604" lat="19.7989667" lon="105.7802229"/>
 <node id="8655975634" visible="true" version="1" changeset="103422304" timestamp="2021-04-22T15:19:21Z" user="siddi_s" uid="11659604" lat="19.7989686" lon="105.7802953"/>
 <node id="8655975635" visible="true" version="1" changeset="103422304" timestamp="2021-04-22T15:19:21Z" user="siddi_s" uid="11659604" lat="19.7989781" lon="105.7803127"/>
 <node id="8655975636" visible="true" version="1" changeset="103422304" timestamp="2021-04-22T15:19:21Z" user="siddi_s" uid="11659604" lat="19.7989938" lon="105.7803208"/>
 <node id="8656186980" visible="true" version="1" changeset="103426250" timestamp="2021-04-22T16:45:01Z" user="siddi_s" uid="11659604" lat="19.7982683" lon="105.7762740"/>
 <node id="8656186981" visible="true" version="1" changeset="103426250" timestamp="2021-04-22T16:45:01Z" user="siddi_s" uid="11659604" lat="19.7975825" lon="105.7751656"/>
 <node id="8656186982" visible="true" version="2" changeset="106453348" timestamp="2021-06-16T09:14:22Z" user="isha01" uid="11659048" lat="19.7975964" lon="105.7759554"/>
 <node id="8656186983" visible="true" version="2" changeset="106453348" timestamp="2021-06-16T09:14:22Z" user="isha01" uid="11659048" lat="19.7976103" lon="105.7763229"/>
 <node id="8656186984" visible="true" version="3" changeset="166853480" timestamp="2025-05-28T05:55:42Z" user="ZioDragon" uid="13799024" lat="19.7976189" lon="105.7764432"/>
 <node id="8656249736" visible="true" version="1" changeset="103426722" timestamp="2021-04-22T16:56:17Z" user="siddi_s" uid="11659604" lat="19.8005087" lon="105.7755786"/>
 <node id="8656249737" visible="true" version="1" changeset="103426722" timestamp="2021-04-22T16:56:17Z" user="siddi_s" uid="11659604" lat="19.8012947" lon="105.7755631"/>
 <node id="8656256341" visible="true" version="1" changeset="103426857" timestamp="2021-04-22T16:59:07Z" user="siddi_s" uid="11659604" lat="19.7976847" lon="105.7723573"/>
 <node id="8656259278" visible="true" version="1" changeset="103426955" timestamp="2021-04-22T17:01:37Z" user="siddi_s" uid="11659604" lat="19.7964376" lon="105.7810363"/>
 <node id="8656265857" visible="true" version="1" changeset="103426979" timestamp="2021-04-22T17:02:16Z" user="siddi_s" uid="11659604" lat="19.7968251" lon="105.7773172"/>
 <node id="8656272735" visible="true" version="2" changeset="139731873" timestamp="2023-08-11T04:46:34Z" user="Grab_Cong" uid="18820325" lat="19.7987190" lon="105.7695592"/>
 <node id="8656371030" visible="true" version="1" changeset="103428674" timestamp="2021-04-22T17:38:32Z" user="siddi_s" uid="11659604" lat="19.7971017" lon="105.7735240"/>
 <node id="8656371031" visible="true" version="1" changeset="103428674" timestamp="2021-04-22T17:38:32Z" user="siddi_s" uid="11659604" lat="19.7973085" lon="105.7731108"/>
 <node id="8656371032" visible="true" version="1" changeset="103428674" timestamp="2021-04-22T17:38:32Z" user="siddi_s" uid="11659604" lat="19.7972128" lon="105.7732880"/>
 <node id="8656371033" visible="true" version="1" changeset="103428674" timestamp="2021-04-22T17:38:32Z" user="siddi_s" uid="11659604" lat="19.7971484" lon="105.7734114"/>
 <node id="8656375119" visible="true" version="1" changeset="103428819" timestamp="2021-04-22T17:41:23Z" user="siddi_s" uid="11659604" lat="19.7997188" lon="105.7800432"/>
 <node id="8656375120" visible="true" version="1" changeset="103428819" timestamp="2021-04-22T17:41:23Z" user="siddi_s" uid="11659604" lat="19.7997503" lon="105.7798272"/>
 <node id="8656375121" visible="true" version="1" changeset="103428819" timestamp="2021-04-22T17:41:23Z" user="siddi_s" uid="11659604" lat="19.7997654" lon="105.7797749"/>
 <node id="8656375122" visible="true" version="1" changeset="103428819" timestamp="2021-04-22T17:41:23Z" user="siddi_s" uid="11659604" lat="19.7997818" lon="105.7797401"/>
 <node id="8656375123" visible="true" version="1" changeset="103428819" timestamp="2021-04-22T17:41:23Z" user="siddi_s" uid="11659604" lat="19.7998058" lon="105.7797079"/>
 <node id="8656375124" visible="true" version="1" changeset="103428819" timestamp="2021-04-22T17:41:23Z" user="siddi_s" uid="11659604" lat="19.7999928" lon="105.7795068"/>
 <node id="8657606713" visible="true" version="1" changeset="103446697" timestamp="2021-04-23T03:59:15Z" user="siddi_s" uid="11659604" lat="19.7995623" lon="105.7712817"/>
 <node id="8657606714" visible="true" version="1" changeset="103446697" timestamp="2021-04-23T03:59:15Z" user="siddi_s" uid="11659604" lat="19.7994858" lon="105.7718243"/>
 <node id="8657607244" visible="true" version="2" changeset="166853480" timestamp="2025-05-28T05:55:42Z" user="ZioDragon" uid="13799024" lat="19.8020287" lon="105.7763314"/>
 <node id="8657617068" visible="true" version="1" changeset="103447089" timestamp="2021-04-23T04:07:52Z" user="siddi_s" uid="11659604" lat="19.8010323" lon="105.7807043"/>
 <node id="8657617069" visible="true" version="1" changeset="103447089" timestamp="2021-04-23T04:07:52Z" user="siddi_s" uid="11659604" lat="19.8005566" lon="105.7806990"/>
 <node id="8657617070" visible="true" version="1" changeset="103447089" timestamp="2021-04-23T04:07:52Z" user="siddi_s" uid="11659604" lat="19.8009768" lon="105.7807097"/>
 <node id="8657617071" visible="true" version="1" changeset="103447089" timestamp="2021-04-23T04:07:52Z" user="siddi_s" uid="11659604" lat="19.8010815" lon="105.7806949"/>
 <node id="8657617072" visible="true" version="1" changeset="103447089" timestamp="2021-04-23T04:07:52Z" user="siddi_s" uid="11659604" lat="19.8011345" lon="105.7806829"/>
 <node id="8657617073" visible="true" version="1" changeset="103447089" timestamp="2021-04-23T04:07:52Z" user="siddi_s" uid="11659604" lat="19.8011774" lon="105.7806788"/>
 <node id="8657649214" visible="true" version="1" changeset="103447900" timestamp="2021-04-23T04:24:03Z" user="siddi_s" uid="11659604" lat="19.7962246" lon="105.7750521"/>
 <node id="8724182423" visible="true" version="2" changeset="166853480" timestamp="2025-05-28T05:55:42Z" user="ZioDragon" uid="13799024" lat="19.7848873" lon="105.7765210"/>
 <node id="8724185133" visible="true" version="2" changeset="166853480" timestamp="2025-05-28T05:55:42Z" user="ZioDragon" uid="13799024" lat="19.7759033" lon="105.7754972"/>
 <node id="8724185134" visible="true" version="2" changeset="166853480" timestamp="2025-05-28T05:55:42Z" user="ZioDragon" uid="13799024" lat="19.7759196" lon="105.7753337"/>
 <node id="8743069075" visible="true" version="1" changeset="104904460" timestamp="2021-05-18T16:51:31Z" user="Sal73x" uid="1293386" lat="19.8193084" lon="105.7669011"/>
 <node id="8743069076" visible="true" version="1" changeset="104904460" timestamp="2021-05-18T16:51:31Z" user="Sal73x" uid="1293386" lat="19.8258689" lon="105.7677165"/>
 <node id="8743069077" visible="true" version="1" changeset="104904460" timestamp="2021-05-18T16:51:31Z" user="Sal73x" uid="1293386" lat="19.8263130" lon="105.7683173"/>
 <node id="8743069078" visible="true" version="1" changeset="104904460" timestamp="2021-05-18T16:51:31Z" user="Sal73x" uid="1293386" lat="19.8262928" lon="105.7687036"/>
 <node id="8743069079" visible="true" version="1" changeset="104904460" timestamp="2021-05-18T16:51:31Z" user="Sal73x" uid="1293386" lat="19.8336201" lon="105.7693902"/>
 <node id="8743069080" visible="true" version="1" changeset="104904460" timestamp="2021-05-18T16:51:31Z" user="Sal73x" uid="1293386" lat="19.8336605" lon="105.7697121"/>
 <node id="8743069081" visible="true" version="1" changeset="104904460" timestamp="2021-05-18T16:51:31Z" user="Sal73x" uid="1293386" lat="19.8376368" lon="105.7706133"/>
 <node id="8743069082" visible="true" version="1" changeset="104904460" timestamp="2021-05-18T16:51:31Z" user="Sal73x" uid="1293386" lat="19.8406241" lon="105.7699481"/>
 <node id="8743069083" visible="true" version="1" changeset="104904460" timestamp="2021-05-18T16:51:31Z" user="Sal73x" uid="1293386" lat="19.8409470" lon="105.7713858"/>
 <node id="8743069084" visible="true" version="1" changeset="104904460" timestamp="2021-05-18T16:51:31Z" user="Sal73x" uid="1293386" lat="19.8401800" lon="105.7720295"/>
 <node id="8743069085" visible="true" version="1" changeset="104904460" timestamp="2021-05-18T16:51:31Z" user="Sal73x" uid="1293386" lat="19.8392314" lon="105.7723728"/>
 <node id="8743069086" visible="true" version="1" changeset="104904460" timestamp="2021-05-18T16:51:31Z" user="Sal73x" uid="1293386" lat="19.8361230" lon="105.7734243"/>
 <node id="8743069087" visible="true" version="1" changeset="104904460" timestamp="2021-05-18T16:51:31Z" user="Sal73x" uid="1293386" lat="19.8343669" lon="105.7754627"/>
 <node id="8743069088" visible="true" version="1" changeset="104904460" timestamp="2021-05-18T16:51:31Z" user="Sal73x" uid="1293386" lat="19.8335999" lon="105.7761923"/>
 <node id="8743069089" visible="true" version="1" changeset="104904460" timestamp="2021-05-18T16:51:31Z" user="Sal73x" uid="1293386" lat="19.8316622" lon="105.7750336"/>
 <node id="8743069090" visible="true" version="1" changeset="104904460" timestamp="2021-05-18T16:51:31Z" user="Sal73x" uid="1293386" lat="19.8316823" lon="105.7741109"/>
 <node id="8743069091" visible="true" version="1" changeset="104904460" timestamp="2021-05-18T16:51:31Z" user="Sal73x" uid="1293386" lat="19.8296235" lon="105.7751409"/>
 <node id="8743069092" visible="true" version="1" changeset="104904460" timestamp="2021-05-18T16:51:31Z" user="Sal73x" uid="1293386" lat="19.8280894" lon="105.7772437"/>
 <node id="8743069093" visible="true" version="1" changeset="104904460" timestamp="2021-05-18T16:51:31Z" user="Sal73x" uid="1293386" lat="19.8305318" lon="105.7805911"/>
 <node id="8743069094" visible="true" version="1" changeset="104904460" timestamp="2021-05-18T16:51:31Z" user="Sal73x" uid="1293386" lat="19.8308951" lon="105.7799474"/>
 <node id="8743069095" visible="true" version="1" changeset="104904460" timestamp="2021-05-18T16:51:31Z" user="Sal73x" uid="1293386" lat="19.8310768" lon="105.7778016"/>
 <node id="8743069096" visible="true" version="1" changeset="104904460" timestamp="2021-05-18T16:51:31Z" user="Sal73x" uid="1293386" lat="19.8313796" lon="105.7761708"/>
 <node id="8743069097" visible="true" version="1" changeset="104904460" timestamp="2021-05-18T16:51:31Z" user="Sal73x" uid="1293386" lat="19.8316420" lon="105.7756988"/>
 <node id="8743069098" visible="true" version="1" changeset="104904460" timestamp="2021-05-18T16:51:31Z" user="Sal73x" uid="1293386" lat="19.8333577" lon="105.7766644"/>
 <node id="8743069099" visible="true" version="1" changeset="104904460" timestamp="2021-05-18T16:51:31Z" user="Sal73x" uid="1293386" lat="19.8325705" lon="105.7789389"/>
 <node id="8743069100" visible="true" version="1" changeset="104904460" timestamp="2021-05-18T16:51:31Z" user="Sal73x" uid="1293386" lat="19.8340844" lon="105.7817069"/>
 <node id="8743069101" visible="true" version="1" changeset="104904460" timestamp="2021-05-18T16:51:31Z" user="Sal73x" uid="1293386" lat="19.8349119" lon="105.7859555"/>
 <node id="8743069102" visible="true" version="1" changeset="104904460" timestamp="2021-05-18T16:51:31Z" user="Sal73x" uid="1293386" lat="19.8349321" lon="105.7882730"/>
 <node id="8743069103" visible="true" version="1" changeset="104904460" timestamp="2021-05-18T16:51:31Z" user="Sal73x" uid="1293386" lat="19.8355982" lon="105.7905904"/>
 <node id="8743069104" visible="true" version="1" changeset="104904460" timestamp="2021-05-18T16:51:31Z" user="Sal73x" uid="1293386" lat="19.8331357" lon="105.7925860"/>
 <node id="8743069105" visible="true" version="1" changeset="104904460" timestamp="2021-05-18T16:51:31Z" user="Sal73x" uid="1293386" lat="19.8307336" lon="105.7888952"/>
 <node id="8743069106" visible="true" version="1" changeset="104904460" timestamp="2021-05-18T16:51:31Z" user="Sal73x" uid="1293386" lat="19.8311575" lon="105.7883803"/>
 <node id="8743069107" visible="true" version="1" changeset="104904460" timestamp="2021-05-18T16:51:31Z" user="Sal73x" uid="1293386" lat="19.8294014" lon="105.7858483"/>
 <node id="8743069108" visible="true" version="1" changeset="104904460" timestamp="2021-05-18T16:51:31Z" user="Sal73x" uid="1293386" lat="19.8281903" lon="105.7853547"/>
 <node id="8743069109" visible="true" version="1" changeset="104904460" timestamp="2021-05-18T16:51:31Z" user="Sal73x" uid="1293386" lat="19.8275242" lon="105.7842604"/>
 <node id="8743069110" visible="true" version="1" changeset="104904460" timestamp="2021-05-18T16:51:31Z" user="Sal73x" uid="1293386" lat="19.8257478" lon="105.7849041"/>
 <node id="8743069111" visible="true" version="1" changeset="104904460" timestamp="2021-05-18T16:51:31Z" user="Sal73x" uid="1293386" lat="19.8246376" lon="105.7840458"/>
 <node id="8743069112" visible="true" version="1" changeset="104904460" timestamp="2021-05-18T16:51:31Z" user="Sal73x" uid="1293386" lat="19.8238100" lon="105.7849041"/>
 <node id="8743069113" visible="true" version="1" changeset="104904460" timestamp="2021-05-18T16:51:31Z" user="Sal73x" uid="1293386" lat="19.8250615" lon="105.7868568"/>
 <node id="8743069114" visible="true" version="1" changeset="104904460" timestamp="2021-05-18T16:51:31Z" user="Sal73x" uid="1293386" lat="19.8224373" lon="105.7894531"/>
 <node id="8743069115" visible="true" version="1" changeset="104904460" timestamp="2021-05-18T16:51:31Z" user="Sal73x" uid="1293386" lat="19.8228410" lon="105.7898823"/>
 <node id="8743069116" visible="true" version="1" changeset="104904460" timestamp="2021-05-18T16:51:31Z" user="Sal73x" uid="1293386" lat="19.8225988" lon="105.7902042"/>
 <node id="8743071417" visible="true" version="1" changeset="104904460" timestamp="2021-05-18T16:51:31Z" user="Sal73x" uid="1293386" lat="19.8239916" lon="105.7921997"/>
 <node id="8743071418" visible="true" version="1" changeset="104904460" timestamp="2021-05-18T16:51:31Z" user="Sal73x" uid="1293386" lat="19.8260102" lon="105.7903329"/>
 <node id="8743071419" visible="true" version="1" changeset="104904460" timestamp="2021-05-18T16:51:31Z" user="Sal73x" uid="1293386" lat="19.8271608" lon="105.7915131"/>
 <node id="8743071420" visible="true" version="1" changeset="104904460" timestamp="2021-05-18T16:51:31Z" user="Sal73x" uid="1293386" lat="19.8277058" lon="105.7912770"/>
 <node id="8743071421" visible="true" version="1" changeset="104904460" timestamp="2021-05-18T16:51:31Z" user="Sal73x" uid="1293386" lat="19.8285536" lon="105.7921139"/>
 <node id="8743071422" visible="true" version="1" changeset="104904460" timestamp="2021-05-18T16:51:31Z" user="Sal73x" uid="1293386" lat="19.8295427" lon="105.7917277"/>
 <node id="8743071423" visible="true" version="1" changeset="104904460" timestamp="2021-05-18T16:51:31Z" user="Sal73x" uid="1293386" lat="19.8304309" lon="105.7929722"/>
 <node id="8743071424" visible="true" version="1" changeset="104904460" timestamp="2021-05-18T16:51:31Z" user="Sal73x" uid="1293386" lat="19.8286344" lon="105.7947532"/>
 <node id="8743071425" visible="true" version="1" changeset="104904460" timestamp="2021-05-18T16:51:31Z" user="Sal73x" uid="1293386" lat="19.8291390" lon="105.7954398"/>
 <node id="8743071426" visible="true" version="1" changeset="104904460" timestamp="2021-05-18T16:51:31Z" user="Sal73x" uid="1293386" lat="19.8265149" lon="105.7988301"/>
 <node id="8743071427" visible="true" version="1" changeset="104904460" timestamp="2021-05-18T16:51:31Z" user="Sal73x" uid="1293386" lat="19.8260304" lon="105.7985941"/>
 <node id="8743071428" visible="true" version="1" changeset="104904460" timestamp="2021-05-18T16:51:31Z" user="Sal73x" uid="1293386" lat="19.8255056" lon="105.7990018"/>
 <node id="8743071429" visible="true" version="1" changeset="104904460" timestamp="2021-05-18T16:51:31Z" user="Sal73x" uid="1293386" lat="19.8241733" lon="105.7977358"/>
 <node id="8743071430" visible="true" version="1" changeset="104904460" timestamp="2021-05-18T16:51:31Z" user="Sal73x" uid="1293386" lat="19.8236283" lon="105.7979504"/>
 <node id="8743071431" visible="true" version="1" changeset="104904460" timestamp="2021-05-18T16:51:31Z" user="Sal73x" uid="1293386" lat="19.8231034" lon="105.7975212"/>
 <node id="8743071432" visible="true" version="1" changeset="104904460" timestamp="2021-05-18T16:51:31Z" user="Sal73x" uid="1293386" lat="19.8225382" lon="105.7982937"/>
 <node id="8743071433" visible="true" version="1" changeset="104904460" timestamp="2021-05-18T16:51:31Z" user="Sal73x" uid="1293386" lat="19.8211858" lon="105.7985083"/>
 <node id="8743071434" visible="true" version="1" changeset="104904460" timestamp="2021-05-18T16:51:31Z" user="Sal73x" uid="1293386" lat="19.8229621" lon="105.8032933"/>
 <node id="8743071435" visible="true" version="1" changeset="104904460" timestamp="2021-05-18T16:51:31Z" user="Sal73x" uid="1293386" lat="19.8185009" lon="105.8068339"/>
 <node id="8743071436" visible="true" version="1" changeset="104904460" timestamp="2021-05-18T16:51:31Z" user="Sal73x" uid="1293386" lat="19.8173301" lon="105.8072416"/>
 <node id="8743071437" visible="true" version="1" changeset="104904460" timestamp="2021-05-18T16:51:31Z" user="Sal73x" uid="1293386" lat="19.8145847" lon="105.8099881"/>
 <node id="8743071438" visible="true" version="1" changeset="104904460" timestamp="2021-05-18T16:51:31Z" user="Sal73x" uid="1293386" lat="19.8109711" lon="105.8116833"/>
 <node id="8743071439" visible="true" version="1" changeset="104904460" timestamp="2021-05-18T16:51:31Z" user="Sal73x" uid="1293386" lat="19.8100021" lon="105.8112971"/>
 <node id="8743071440" visible="true" version="1" changeset="104904460" timestamp="2021-05-18T16:51:31Z" user="Sal73x" uid="1293386" lat="19.7973842" lon="105.8115545"/>
 <node id="8743071441" visible="true" version="1" changeset="104904460" timestamp="2021-05-18T16:51:31Z" user="Sal73x" uid="1293386" lat="19.7953450" lon="105.8116189"/>
 <node id="8743071442" visible="true" version="1" changeset="104904460" timestamp="2021-05-18T16:51:31Z" user="Sal73x" uid="1293386" lat="19.7951028" lon="105.8105460"/>
 <node id="8743071443" visible="true" version="1" changeset="104904460" timestamp="2021-05-18T16:51:31Z" user="Sal73x" uid="1293386" lat="19.7951431" lon="105.8081857"/>
 <node id="8743071444" visible="true" version="1" changeset="104904460" timestamp="2021-05-18T16:51:31Z" user="Sal73x" uid="1293386" lat="19.7927002" lon="105.8052031"/>
 <node id="8743071445" visible="true" version="1" changeset="104904460" timestamp="2021-05-18T16:51:31Z" user="Sal73x" uid="1293386" lat="19.7892529" lon="105.8054234"/>
 <node id="8743071446" visible="true" version="1" changeset="104904460" timestamp="2021-05-18T16:51:31Z" user="Sal73x" uid="1293386" lat="19.7876324" lon="105.8043233"/>
 <node id="8743071447" visible="true" version="1" changeset="104904460" timestamp="2021-05-18T16:51:31Z" user="Sal73x" uid="1293386" lat="19.7831500" lon="105.8001820"/>
 <node id="8743071448" visible="true" version="1" changeset="104904460" timestamp="2021-05-18T16:51:31Z" user="Sal73x" uid="1293386" lat="19.7848258" lon="105.7979075"/>
 <node id="8743071449" visible="true" version="1" changeset="104904460" timestamp="2021-05-18T16:51:31Z" user="Sal73x" uid="1293386" lat="19.7798184" lon="105.7933155"/>
 <node id="8743071450" visible="true" version="1" changeset="104904460" timestamp="2021-05-18T16:51:31Z" user="Sal73x" uid="1293386" lat="19.7803838" lon="105.7922212"/>
 <node id="8743071451" visible="true" version="1" changeset="104904460" timestamp="2021-05-18T16:51:31Z" user="Sal73x" uid="1293386" lat="19.7817972" lon="105.7910196"/>
 <node id="8743071452" visible="true" version="1" changeset="104904460" timestamp="2021-05-18T16:51:31Z" user="Sal73x" uid="1293386" lat="19.7820193" lon="105.7911268"/>
 <node id="8743071453" visible="true" version="1" changeset="104904460" timestamp="2021-05-18T16:51:31Z" user="Sal73x" uid="1293386" lat="19.7836346" lon="105.7890884"/>
 <node id="8743071454" visible="true" version="1" changeset="104904460" timestamp="2021-05-18T16:51:31Z" user="Sal73x" uid="1293386" lat="19.7782031" lon="105.7835523"/>
 <node id="8743071455" visible="true" version="1" changeset="104904460" timestamp="2021-05-18T16:51:31Z" user="Sal73x" uid="1293386" lat="19.7774560" lon="105.7845608"/>
 <node id="8743071456" visible="true" version="1" changeset="104904460" timestamp="2021-05-18T16:51:31Z" user="Sal73x" uid="1293386" lat="19.7771531" lon="105.7844535"/>
 <node id="8743071457" visible="true" version="1" changeset="104904460" timestamp="2021-05-18T16:51:31Z" user="Sal73x" uid="1293386" lat="19.7732762" lon="105.7885519"/>
 <node id="8743071458" visible="true" version="1" changeset="104904460" timestamp="2021-05-18T16:51:31Z" user="Sal73x" uid="1293386" lat="19.7723675" lon="105.7882944"/>
 <node id="8743071459" visible="true" version="1" changeset="104904460" timestamp="2021-05-18T16:51:31Z" user="Sal73x" uid="1293386" lat="19.7699847" lon="105.7859555"/>
 <node id="8743071460" visible="true" version="1" changeset="104904460" timestamp="2021-05-18T16:51:31Z" user="Sal73x" uid="1293386" lat="19.7694193" lon="105.7867709"/>
 <node id="8743071461" visible="true" version="1" changeset="104904460" timestamp="2021-05-18T16:51:31Z" user="Sal73x" uid="1293386" lat="19.7666933" lon="105.7844750"/>
 <node id="8743071462" visible="true" version="1" changeset="104904460" timestamp="2021-05-18T16:51:31Z" user="Sal73x" uid="1293386" lat="19.7670164" lon="105.7838742"/>
 <node id="8743071463" visible="true" version="1" changeset="104904460" timestamp="2021-05-18T16:51:31Z" user="Sal73x" uid="1293386" lat="19.7650778" lon="105.7826725"/>
 <node id="8743071464" visible="true" version="1" changeset="104904460" timestamp="2021-05-18T16:51:31Z" user="Sal73x" uid="1293386" lat="19.7649364" lon="105.7808057"/>
 <node id="8743071465" visible="true" version="1" changeset="104904460" timestamp="2021-05-18T16:51:31Z" user="Sal73x" uid="1293386" lat="19.7626747" lon="105.7783810"/>
 <node id="8743071466" visible="true" version="1" changeset="104904460" timestamp="2021-05-18T16:51:31Z" user="Sal73x" uid="1293386" lat="19.7661077" lon="105.7728234"/>
 <node id="8743071467" visible="true" version="1" changeset="104904460" timestamp="2021-05-18T16:51:31Z" user="Sal73x" uid="1293386" lat="19.7672183" lon="105.7737676"/>
 <node id="8743071468" visible="true" version="1" changeset="104904460" timestamp="2021-05-18T16:51:31Z" user="Sal73x" uid="1293386" lat="19.7718829" lon="105.7736174"/>
 <node id="8743071469" visible="true" version="1" changeset="104904460" timestamp="2021-05-18T16:51:31Z" user="Sal73x" uid="1293386" lat="19.7728521" lon="105.7726518"/>
 <node id="8743071470" visible="true" version="1" changeset="104904460" timestamp="2021-05-18T16:51:31Z" user="Sal73x" uid="1293386" lat="19.7729733" lon="105.7709352"/>
 <node id="8743071471" visible="true" version="1" changeset="104904460" timestamp="2021-05-18T16:51:31Z" user="Sal73x" uid="1293386" lat="19.7707925" lon="105.7692186"/>
 <node id="8743071472" visible="true" version="1" changeset="104904460" timestamp="2021-05-18T16:51:31Z" user="Sal73x" uid="1293386" lat="19.7699646" lon="105.7681457"/>
 <node id="8743071473" visible="true" version="1" changeset="104904460" timestamp="2021-05-18T16:51:31Z" user="Sal73x" uid="1293386" lat="19.7723069" lon="105.7666651"/>
 <node id="8743071474" visible="true" version="1" changeset="104904460" timestamp="2021-05-18T16:51:31Z" user="Sal73x" uid="1293386" lat="19.7739021" lon="105.7679740"/>
 <node id="8743071475" visible="true" version="1" changeset="104904460" timestamp="2021-05-18T16:51:31Z" user="Sal73x" uid="1293386" lat="19.7753964" lon="105.7680598"/>
 <node id="8743071476" visible="true" version="1" changeset="104904460" timestamp="2021-05-18T16:51:31Z" user="Sal73x" uid="1293386" lat="19.7764060" lon="105.7673088"/>
 <node id="8743071477" visible="true" version="1" changeset="104904460" timestamp="2021-05-18T16:51:31Z" user="Sal73x" uid="1293386" lat="19.7789703" lon="105.7688323"/>
 <node id="8743071478" visible="true" version="1" changeset="104904460" timestamp="2021-05-18T16:51:31Z" user="Sal73x" uid="1293386" lat="19.7801213" lon="105.7679311"/>
 <node id="8743071479" visible="true" version="1" changeset="104904460" timestamp="2021-05-18T16:51:31Z" user="Sal73x" uid="1293386" lat="19.7831904" lon="105.7697550"/>
 <node id="8743071480" visible="true" version="1" changeset="104904460" timestamp="2021-05-18T16:51:31Z" user="Sal73x" uid="1293386" lat="19.7850278" lon="105.7635967"/>
 <node id="8743071481" visible="true" version="1" changeset="104904460" timestamp="2021-05-18T16:51:31Z" user="Sal73x" uid="1293386" lat="19.7877535" lon="105.7647768"/>
 <node id="8743071482" visible="true" version="1" changeset="104904460" timestamp="2021-05-18T16:51:31Z" user="Sal73x" uid="1293386" lat="19.7877535" lon="105.7653133"/>
 <node id="8743071483" visible="true" version="1" changeset="104904460" timestamp="2021-05-18T16:51:31Z" user="Sal73x" uid="1293386" lat="19.7887429" lon="105.7656351"/>
 <node id="8743071484" visible="true" version="1" changeset="104904460" timestamp="2021-05-18T16:51:31Z" user="Sal73x" uid="1293386" lat="19.7884400" lon="105.7667724"/>
 <node id="8743071485" visible="true" version="1" changeset="104904460" timestamp="2021-05-18T16:51:31Z" user="Sal73x" uid="1293386" lat="19.7879150" lon="105.7666436"/>
 <node id="8743071486" visible="true" version="1" changeset="104904460" timestamp="2021-05-18T16:51:31Z" user="Sal73x" uid="1293386" lat="19.7874910" lon="105.7675234"/>
 <node id="8743071487" visible="true" version="1" changeset="104904460" timestamp="2021-05-18T16:51:31Z" user="Sal73x" uid="1293386" lat="19.7869257" lon="105.7676092"/>
 <node id="8743071488" visible="true" version="1" changeset="104904460" timestamp="2021-05-18T16:51:31Z" user="Sal73x" uid="1293386" lat="19.7861988" lon="105.7708493"/>
 <node id="8743071489" visible="true" version="1" changeset="104904460" timestamp="2021-05-18T16:51:31Z" user="Sal73x" uid="1293386" lat="19.7874103" lon="105.7710425"/>
 <node id="8743071490" visible="true" version="1" changeset="104904460" timestamp="2021-05-18T16:51:31Z" user="Sal73x" uid="1293386" lat="19.7884400" lon="105.7697335"/>
 <node id="8743071491" visible="true" version="1" changeset="104904460" timestamp="2021-05-18T16:51:31Z" user="Sal73x" uid="1293386" lat="19.7909638" lon="105.7708064"/>
 <node id="8743071492" visible="true" version="1" changeset="104904460" timestamp="2021-05-18T16:51:31Z" user="Sal73x" uid="1293386" lat="19.7898331" lon="105.7719866"/>
 <node id="8743071493" visible="true" version="1" changeset="104904460" timestamp="2021-05-18T16:51:31Z" user="Sal73x" uid="1293386" lat="19.7894899" lon="105.7735959"/>
 <node id="8743071494" visible="true" version="1" changeset="104904460" timestamp="2021-05-18T16:51:31Z" user="Sal73x" uid="1293386" lat="19.7914888" lon="105.7732955"/>
 <node id="8743071495" visible="true" version="1" changeset="104904460" timestamp="2021-05-18T16:51:31Z" user="Sal73x" uid="1293386" lat="19.7924983" lon="105.7722012"/>
 <node id="8743071496" visible="true" version="1" changeset="104904460" timestamp="2021-05-18T16:51:31Z" user="Sal73x" uid="1293386" lat="19.7941135" lon="105.7684890"/>
 <node id="8743071497" visible="true" version="1" changeset="104904460" timestamp="2021-05-18T16:51:31Z" user="Sal73x" uid="1293386" lat="19.7971621" lon="105.7701627"/>
 <node id="8743071498" visible="true" version="1" changeset="104904460" timestamp="2021-05-18T16:51:31Z" user="Sal73x" uid="1293386" lat="19.7988984" lon="105.7679096"/>
 <node id="8743071499" visible="true" version="1" changeset="104904460" timestamp="2021-05-18T16:51:31Z" user="Sal73x" uid="1293386" lat="19.7952037" lon="105.7648197"/>
 <node id="8743071500" visible="true" version="1" changeset="104904460" timestamp="2021-05-18T16:51:31Z" user="Sal73x" uid="1293386" lat="19.7912061" lon="105.7642404"/>
 <node id="8743071501" visible="true" version="1" changeset="104904460" timestamp="2021-05-18T16:51:31Z" user="Sal73x" uid="1293386" lat="19.7915695" lon="105.7570521"/>
 <node id="8743071502" visible="true" version="1" changeset="104904460" timestamp="2021-05-18T16:51:31Z" user="Sal73x" uid="1293386" lat="19.7904389" lon="105.7559792"/>
 <node id="8743071503" visible="true" version="1" changeset="104904460" timestamp="2021-05-18T16:51:31Z" user="Sal73x" uid="1293386" lat="19.7898331" lon="105.7560865"/>
 <node id="8743071504" visible="true" version="1" changeset="104904460" timestamp="2021-05-18T16:51:31Z" user="Sal73x" uid="1293386" lat="19.7880160" lon="105.7631246"/>
 <node id="8743071505" visible="true" version="1" changeset="104904460" timestamp="2021-05-18T16:51:31Z" user="Sal73x" uid="1293386" lat="19.7816962" lon="105.7604638"/>
 <node id="8743071506" visible="true" version="1" changeset="104904460" timestamp="2021-05-18T16:51:31Z" user="Sal73x" uid="1293386" lat="19.7812924" lon="105.7582108"/>
 <node id="8743071507" visible="true" version="1" changeset="104904460" timestamp="2021-05-18T16:51:31Z" user="Sal73x" uid="1293386" lat="19.7812722" lon="105.7576529"/>
 <node id="8743071508" visible="true" version="1" changeset="104904460" timestamp="2021-05-18T16:51:31Z" user="Sal73x" uid="1293386" lat="19.7821808" lon="105.7535974"/>
 <node id="8743071509" visible="true" version="1" changeset="104904460" timestamp="2021-05-18T16:51:31Z" user="Sal73x" uid="1293386" lat="19.7845836" lon="105.7527605"/>
 <node id="8743071510" visible="true" version="1" changeset="104904460" timestamp="2021-05-18T16:51:31Z" user="Sal73x" uid="1293386" lat="19.7883391" lon="105.7517735"/>
 <node id="8743071511" visible="true" version="1" changeset="104904460" timestamp="2021-05-18T16:51:31Z" user="Sal73x" uid="1293386" lat="19.7882785" lon="105.7497565"/>
 <node id="8743071512" visible="true" version="1" changeset="104904460" timestamp="2021-05-18T16:51:31Z" user="Sal73x" uid="1293386" lat="19.7890457" lon="105.7486836"/>
 <node id="8743071513" visible="true" version="1" changeset="104904460" timestamp="2021-05-18T16:51:31Z" user="Sal73x" uid="1293386" lat="19.7907215" lon="105.7497565"/>
 <node id="8743071514" visible="true" version="1" changeset="104904460" timestamp="2021-05-18T16:51:31Z" user="Sal73x" uid="1293386" lat="19.7918118" lon="105.7501427"/>
 <node id="8743071515" visible="true" version="1" changeset="104904460" timestamp="2021-05-18T16:51:31Z" user="Sal73x" uid="1293386" lat="19.7937702" lon="105.7528464"/>
 <node id="8743071516" visible="true" version="1" changeset="104904460" timestamp="2021-05-18T16:51:31Z" user="Sal73x" uid="1293386" lat="19.7967785" lon="105.7522241"/>
 <node id="8743071517" visible="true" version="1" changeset="104904460" timestamp="2021-05-18T16:51:31Z" user="Sal73x" uid="1293386" lat="19.7976466" lon="105.7520953"/>
 <node id="8743071518" visible="true" version="1" changeset="104904460" timestamp="2021-05-18T16:51:31Z" user="Sal73x" uid="1293386" lat="19.7985350" lon="105.7493273"/>
 <node id="8743071519" visible="true" version="1" changeset="104904460" timestamp="2021-05-18T16:51:31Z" user="Sal73x" uid="1293386" lat="19.7980504" lon="105.7491556"/>
 <node id="8743071520" visible="true" version="1" changeset="104904460" timestamp="2021-05-18T16:51:31Z" user="Sal73x" uid="1293386" lat="19.7962334" lon="105.7499710"/>
 <node id="8743071521" visible="true" version="1" changeset="104904460" timestamp="2021-05-18T16:51:31Z" user="Sal73x" uid="1293386" lat="19.7959507" lon="105.7483617"/>
 <node id="8743071522" visible="true" version="1" changeset="104904460" timestamp="2021-05-18T16:51:31Z" user="Sal73x" uid="1293386" lat="19.7988176" lon="105.7457224"/>
 <node id="8743071523" visible="true" version="1" changeset="104904460" timestamp="2021-05-18T16:51:31Z" user="Sal73x" uid="1293386" lat="19.8013009" lon="105.7460443"/>
 <node id="8743071524" visible="true" version="1" changeset="104904460" timestamp="2021-05-18T16:51:31Z" user="Sal73x" uid="1293386" lat="19.8031784" lon="105.7449070"/>
 <node id="8743071525" visible="true" version="1" changeset="104904460" timestamp="2021-05-18T16:51:31Z" user="Sal73x" uid="1293386" lat="19.8022296" lon="105.7404009"/>
 <node id="8743071526" visible="true" version="1" changeset="104904460" timestamp="2021-05-18T16:51:31Z" user="Sal73x" uid="1293386" lat="19.8040264" lon="105.7387701"/>
 <node id="8743071527" visible="true" version="1" changeset="104904460" timestamp="2021-05-18T16:51:31Z" user="Sal73x" uid="1293386" lat="19.8090532" lon="105.7415596"/>
 <node id="8743071528" visible="true" version="1" changeset="104904460" timestamp="2021-05-18T16:51:31Z" user="Sal73x" uid="1293386" lat="19.8099213" lon="105.7424394"/>
 <node id="8743071529" visible="true" version="1" changeset="104904460" timestamp="2021-05-18T16:51:31Z" user="Sal73x" uid="1293386" lat="19.8071152" lon="105.7460014"/>
 <node id="8743071530" visible="true" version="1" changeset="104904460" timestamp="2021-05-18T16:51:31Z" user="Sal73x" uid="1293386" lat="19.8061058" lon="105.7478682"/>
 <node id="8743071531" visible="true" version="1" changeset="104904460" timestamp="2021-05-18T16:51:31Z" user="Sal73x" uid="1293386" lat="19.8078622" lon="105.7523314"/>
 <node id="8743071532" visible="true" version="1" changeset="104904460" timestamp="2021-05-18T16:51:31Z" user="Sal73x" uid="1293386" lat="19.8084678" lon="105.7525030"/>
 <node id="8743071533" visible="true" version="1" changeset="104904460" timestamp="2021-05-18T16:51:31Z" user="Sal73x" uid="1293386" lat="19.8093157" lon="105.7531468"/>
 <node id="8743071534" visible="true" version="1" changeset="104904460" timestamp="2021-05-18T16:51:31Z" user="Sal73x" uid="1293386" lat="19.8109509" lon="105.7517306"/>
 <node id="8743071535" visible="true" version="1" changeset="104904460" timestamp="2021-05-18T16:51:31Z" user="Sal73x" uid="1293386" lat="19.8125457" lon="105.7523314"/>
 <node id="8743071536" visible="true" version="1" changeset="104904460" timestamp="2021-05-18T16:51:31Z" user="Sal73x" uid="1293386" lat="19.8127476" lon="105.7505933"/>
 <node id="8743071537" visible="true" version="1" changeset="104904460" timestamp="2021-05-18T16:51:31Z" user="Sal73x" uid="1293386" lat="19.8145645" lon="105.7512799"/>
 <node id="8743071538" visible="true" version="1" changeset="104904460" timestamp="2021-05-18T16:51:31Z" user="Sal73x" uid="1293386" lat="19.8148067" lon="105.7543269"/>
 <node id="8743071539" visible="true" version="1" changeset="104904460" timestamp="2021-05-18T16:51:31Z" user="Sal73x" uid="1293386" lat="19.8164621" lon="105.7547132"/>
 <node id="8743071540" visible="true" version="1" changeset="104904460" timestamp="2021-05-18T16:51:31Z" user="Sal73x" uid="1293386" lat="19.8165024" lon="105.7566014"/>
 <node id="8743071541" visible="true" version="1" changeset="104904460" timestamp="2021-05-18T16:51:31Z" user="Sal73x" uid="1293386" lat="19.8176329" lon="105.7569448"/>
 <node id="8743071542" visible="true" version="1" changeset="104904460" timestamp="2021-05-18T16:51:31Z" user="Sal73x" uid="1293386" lat="19.8175723" lon="105.7614938"/>
 <node id="8743071543" visible="true" version="1" changeset="104904460" timestamp="2021-05-18T16:51:31Z" user="Sal73x" uid="1293386" lat="19.8188441" lon="105.7629315"/>
 <node id="8743071544" visible="true" version="1" changeset="104904460" timestamp="2021-05-18T16:51:31Z" user="Sal73x" uid="1293386" lat="19.8184807" lon="105.7639829"/>
 <node id="8743071545" visible="true" version="1" changeset="104904460" timestamp="2021-05-18T16:51:31Z" user="Sal73x" uid="1293386" lat="19.8188239" lon="105.7648841"/>
 <node id="8837367979" visible="true" version="1" changeset="106432056" timestamp="2021-06-16T04:00:12Z" user="isha01" uid="11659048" lat="19.7907709" lon="105.7704154"/>
 <node id="8837367980" visible="true" version="1" changeset="106432056" timestamp="2021-06-16T04:00:12Z" user="isha01" uid="11659048" lat="19.7905715" lon="105.7703443"/>
 <node id="8837367981" visible="true" version="1" changeset="106432056" timestamp="2021-06-16T04:00:12Z" user="isha01" uid="11659048" lat="19.7899822" lon="105.7702464"/>
 <node id="8837367982" visible="true" version="1" changeset="106432056" timestamp="2021-06-16T04:00:12Z" user="isha01" uid="11659048" lat="19.7898396" lon="105.7700841"/>
 <node id="8837367983" visible="true" version="1" changeset="106432056" timestamp="2021-06-16T04:00:12Z" user="isha01" uid="11659048" lat="19.7896690" lon="105.7695809"/>
 <node id="8837367984" visible="true" version="1" changeset="106432056" timestamp="2021-06-16T04:00:12Z" user="isha01" uid="11659048" lat="19.7896106" lon="105.7695517"/>
 <node id="8837367985" visible="true" version="1" changeset="106432056" timestamp="2021-06-16T04:00:12Z" user="isha01" uid="11659048" lat="19.7890421" lon="105.7699715"/>
 <node id="8837367986" visible="true" version="1" changeset="106432056" timestamp="2021-06-16T04:00:12Z" user="isha01" uid="11659048" lat="19.7889121" lon="105.7701096"/>
 <node id="8837367987" visible="true" version="1" changeset="106432056" timestamp="2021-06-16T04:00:12Z" user="isha01" uid="11659048" lat="19.7885525" lon="105.7706004"/>
 <node id="8837367988" visible="true" version="1" changeset="106432056" timestamp="2021-06-16T04:00:12Z" user="isha01" uid="11659048" lat="19.7880200" lon="105.7713287"/>
 <node id="8837367989" visible="true" version="1" changeset="106432056" timestamp="2021-06-16T04:00:12Z" user="isha01" uid="11659048" lat="19.7879973" lon="105.7714802"/>
 <node id="8837367990" visible="true" version="1" changeset="106432056" timestamp="2021-06-16T04:00:12Z" user="isha01" uid="11659048" lat="19.7880427" lon="105.7716840"/>
 <node id="8837367991" visible="true" version="1" changeset="106432056" timestamp="2021-06-16T04:00:12Z" user="isha01" uid="11659048" lat="19.7881298" lon="105.7718141"/>
 <node id="8837367992" visible="true" version="1" changeset="106432056" timestamp="2021-06-16T04:00:12Z" user="isha01" uid="11659048" lat="19.7881777" lon="105.7718503"/>
 <node id="8837367993" visible="true" version="1" changeset="106432056" timestamp="2021-06-16T04:00:12Z" user="isha01" uid="11659048" lat="19.7884175" lon="105.7719818"/>
 <node id="8837367994" visible="true" version="1" changeset="106432056" timestamp="2021-06-16T04:00:12Z" user="isha01" uid="11659048" lat="19.7891271" lon="105.7725905"/>
 <node id="8837367995" visible="true" version="1" changeset="106432056" timestamp="2021-06-16T04:00:12Z" user="isha01" uid="11659048" lat="19.7891570" lon="105.7725940"/>
 <node id="8837367996" visible="true" version="1" changeset="106432056" timestamp="2021-06-16T04:00:12Z" user="isha01" uid="11659048" lat="19.7891014" lon="105.7725799"/>
 <node id="8837367997" visible="true" version="1" changeset="106432056" timestamp="2021-06-16T04:00:12Z" user="isha01" uid="11659048" lat="19.7884730" lon="105.7720180"/>
 <node id="8837367998" visible="true" version="1" changeset="106432056" timestamp="2021-06-16T04:00:12Z" user="isha01" uid="11659048" lat="19.7883569" lon="105.7719550"/>
 <node id="8837367999" visible="true" version="1" changeset="106432056" timestamp="2021-06-16T04:00:12Z" user="isha01" uid="11659048" lat="19.7880818" lon="105.7717591"/>
 <node id="8837368000" visible="true" version="1" changeset="106432056" timestamp="2021-06-16T04:00:12Z" user="isha01" uid="11659048" lat="19.7880086" lon="105.7715902"/>
 <node id="8837368001" visible="true" version="1" changeset="106432056" timestamp="2021-06-16T04:00:12Z" user="isha01" uid="11659048" lat="19.7880048" lon="105.7714024"/>
 <node id="8837368002" visible="true" version="1" changeset="106432056" timestamp="2021-06-16T04:00:12Z" user="isha01" uid="11659048" lat="19.7880540" lon="105.7712603"/>
 <node id="8837368003" visible="true" version="1" changeset="106432056" timestamp="2021-06-16T04:00:12Z" user="isha01" uid="11659048" lat="19.7884503" lon="105.7707694"/>
 <node id="8837368004" visible="true" version="1" changeset="106432056" timestamp="2021-06-16T04:00:12Z" user="isha01" uid="11659048" lat="19.7887292" lon="105.7703349"/>
 <node id="8837368005" visible="true" version="1" changeset="106432056" timestamp="2021-06-16T04:00:12Z" user="isha01" uid="11659048" lat="19.7891683" lon="105.7698575"/>
 <node id="8837368006" visible="true" version="1" changeset="106432056" timestamp="2021-06-16T04:00:12Z" user="isha01" uid="11659048" lat="19.7895709" lon="105.7695584"/>
 <node id="8837368007" visible="true" version="1" changeset="106432056" timestamp="2021-06-16T04:00:12Z" user="isha01" uid="11659048" lat="19.7896466" lon="105.7695624"/>
 <node id="8837368008" visible="true" version="1" changeset="106432056" timestamp="2021-06-16T04:00:12Z" user="isha01" uid="11659048" lat="19.7896857" lon="105.7696094"/>
 <node id="8837368009" visible="true" version="1" changeset="106432056" timestamp="2021-06-16T04:00:12Z" user="isha01" uid="11659048" lat="19.7898056" lon="105.7699969"/>
 <node id="8837368010" visible="true" version="1" changeset="106432056" timestamp="2021-06-16T04:00:12Z" user="isha01" uid="11659048" lat="19.7898863" lon="105.7701606"/>
 <node id="8837368011" visible="true" version="1" changeset="106432056" timestamp="2021-06-16T04:00:12Z" user="isha01" uid="11659048" lat="19.7899368" lon="105.7702142"/>
 <node id="8837368012" visible="true" version="1" changeset="106432056" timestamp="2021-06-16T04:00:12Z" user="isha01" uid="11659048" lat="19.7900453" lon="105.7702705"/>
 <node id="8837368013" visible="true" version="1" changeset="106432056" timestamp="2021-06-16T04:00:12Z" user="isha01" uid="11659048" lat="19.7904264" lon="105.7703215"/>
 <node id="8837368014" visible="true" version="1" changeset="106432056" timestamp="2021-06-16T04:00:12Z" user="isha01" uid="11659048" lat="19.7907091" lon="105.7703859"/>
 <node id="8837394352" visible="true" version="1" changeset="106431296" timestamp="2021-06-16T03:44:16Z" user="isha01" uid="11659048" lat="19.7923230" lon="105.7816230"/>
 <node id="8837394353" visible="true" version="1" changeset="106431296" timestamp="2021-06-16T03:44:16Z" user="isha01" uid="11659048" lat="19.7923360" lon="105.7817021"/>
 <node id="8837394354" visible="true" version="1" changeset="106431296" timestamp="2021-06-16T03:44:16Z" user="isha01" uid="11659048" lat="19.7929653" lon="105.7817423"/>
 <node id="8837394355" visible="true" version="1" changeset="106431296" timestamp="2021-06-16T03:44:16Z" user="isha01" uid="11659048" lat="19.7923918" lon="105.7816860"/>
 <node id="8837394356" visible="true" version="1" changeset="106431296" timestamp="2021-06-16T03:44:16Z" user="isha01" uid="11659048" lat="19.7923105" lon="105.7817214"/>
 <node id="8837535147" visible="true" version="1" changeset="106435320" timestamp="2021-06-16T05:00:50Z" user="isha01" uid="11659048" lat="19.7956963" lon="105.7785230"/>
 <node id="8837535148" visible="true" version="1" changeset="106435320" timestamp="2021-06-16T05:00:50Z" user="isha01" uid="11659048" lat="19.7956796" lon="105.7785170"/>
 <node id="8837535149" visible="true" version="1" changeset="106435320" timestamp="2021-06-16T05:00:50Z" user="isha01" uid="11659048" lat="19.7954941" lon="105.7785398"/>
 <node id="8837535150" visible="true" version="1" changeset="106435320" timestamp="2021-06-16T05:00:50Z" user="isha01" uid="11659048" lat="19.7955137" lon="105.7788710"/>
 <node id="8837535151" visible="true" version="1" changeset="106435320" timestamp="2021-06-16T05:00:50Z" user="isha01" uid="11659048" lat="19.7955222" lon="105.7788499"/>
 <node id="8837535152" visible="true" version="1" changeset="106435320" timestamp="2021-06-16T05:00:50Z" user="isha01" uid="11659048" lat="19.7955118" lon="105.7788938"/>
 <node id="8837535153" visible="true" version="1" changeset="106435320" timestamp="2021-06-16T05:00:50Z" user="isha01" uid="11659048" lat="19.7958635" lon="105.7798463"/>
 <node id="8837535154" visible="true" version="1" changeset="106435320" timestamp="2021-06-16T05:00:50Z" user="isha01" uid="11659048" lat="19.7957074" lon="105.7785398"/>
 <node id="8837535155" visible="true" version="1" changeset="106435320" timestamp="2021-06-16T05:00:50Z" user="isha01" uid="11659048" lat="19.7957320" lon="105.7788067"/>
 <node id="8837535156" visible="true" version="2" changeset="161511812" timestamp="2025-01-19T02:39:35Z" user="vietnam321" uid="11196308" lat="19.7951068" lon="105.7799070"/>
 <node id="8837535157" visible="true" version="1" changeset="106435320" timestamp="2021-06-16T05:00:50Z" user="isha01" uid="11659048" lat="19.7961225" lon="105.7798192"/>
 <node id="8837535158" visible="true" version="1" changeset="106435320" timestamp="2021-06-16T05:00:50Z" user="isha01" uid="11659048" lat="19.7956361" lon="105.7798661"/>
 <node id="8837535159" visible="true" version="1" changeset="106435320" timestamp="2021-06-16T05:00:50Z" user="isha01" uid="11659048" lat="19.7955389" lon="105.7788321"/>
 <node id="8837535160" visible="true" version="1" changeset="106435320" timestamp="2021-06-16T05:00:50Z" user="isha01" uid="11659048" lat="19.7955389" lon="105.7791071"/>
 <node id="8837535161" visible="true" version="2" changeset="161511812" timestamp="2025-01-19T02:39:35Z" user="vietnam321" uid="11196308" lat="19.7951155" lon="105.7791389"/>
 <node id="8837866962" visible="true" version="1" changeset="106444720" timestamp="2021-06-16T07:10:40Z" user="isha01" uid="11659048" lat="19.7980695" lon="105.7853432"/>
 <node id="8837918970" visible="true" version="2" changeset="106447281" timestamp="2021-06-16T07:45:23Z" user="isha01" uid="11659048" lat="19.7991729" lon="105.7784498"/>
 <node id="8837918971" visible="true" version="1" changeset="106445728" timestamp="2021-06-16T07:23:51Z" user="isha01" uid="11659048" lat="19.7988774" lon="105.7786135"/>
 <node id="8837918972" visible="true" version="1" changeset="106445728" timestamp="2021-06-16T07:23:51Z" user="isha01" uid="11659048" lat="19.7988203" lon="105.7786350"/>
 <node id="8837918973" visible="true" version="1" changeset="106445728" timestamp="2021-06-16T07:23:51Z" user="isha01" uid="11659048" lat="19.7985364" lon="105.7787362"/>
 <node id="8837918974" visible="true" version="1" changeset="106445728" timestamp="2021-06-16T07:23:51Z" user="isha01" uid="11659048" lat="19.7985087" lon="105.7787758"/>
 <node id="8837918975" visible="true" version="1" changeset="106445728" timestamp="2021-06-16T07:23:51Z" user="isha01" uid="11659048" lat="19.7984165" lon="105.7789300"/>
 <node id="8837918976" visible="true" version="1" changeset="106445728" timestamp="2021-06-16T07:23:51Z" user="isha01" uid="11659048" lat="19.7985818" lon="105.7787088"/>
 <node id="8837918977" visible="true" version="1" changeset="106445728" timestamp="2021-06-16T07:23:51Z" user="isha01" uid="11659048" lat="19.7989352" lon="105.7785881"/>
 <node id="8837918978" visible="true" version="2" changeset="106447281" timestamp="2021-06-16T07:45:23Z" user="isha01" uid="11659048" lat="19.7991471" lon="105.7784620"/>
 <node id="8837918979" visible="true" version="2" changeset="106447281" timestamp="2021-06-16T07:45:23Z" user="isha01" uid="11659048" lat="19.7992011" lon="105.7784412"/>
 <node id="8838010865" visible="true" version="1" changeset="106448048" timestamp="2021-06-16T07:56:54Z" user="isha01" uid="11659048" lat="19.7958072" lon="105.7794009"/>
 <node id="8838010866" visible="true" version="1" changeset="106448048" timestamp="2021-06-16T07:56:54Z" user="isha01" uid="11659048" lat="19.7955787" lon="105.7794343"/>
 <node id="8838027765" visible="true" version="2" changeset="106448931" timestamp="2021-06-16T08:10:12Z" user="adi_ch" uid="11667991" lat="19.7401237" lon="105.8252604"/>
 <node id="8838121838" visible="true" version="1" changeset="106451581" timestamp="2021-06-16T08:48:40Z" user="adi_ch" uid="11667991" lat="19.7336592" lon="105.8327028"/>
 <node id="8838186630" visible="true" version="1" changeset="106453065" timestamp="2021-06-16T09:10:17Z" user="isha01" uid="11659048" lat="19.7930568" lon="105.7776231"/>
 <node id="8838186631" visible="true" version="1" changeset="106453065" timestamp="2021-06-16T09:10:17Z" user="isha01" uid="11659048" lat="19.7930713" lon="105.7786511"/>
 <node id="8838186632" visible="true" version="1" changeset="106453065" timestamp="2021-06-16T09:10:17Z" user="isha01" uid="11659048" lat="19.7930474" lon="105.7776439"/>
 <node id="8838186633" visible="true" version="1" changeset="106453065" timestamp="2021-06-16T09:10:17Z" user="isha01" uid="11659048" lat="19.7930701" lon="105.7776104"/>
 <node id="8838481463" visible="true" version="1" changeset="106463249" timestamp="2021-06-16T11:30:22Z" user="saka_1" uid="11660552" lat="19.7848652" lon="105.7652763"/>
 <node id="8838579870" visible="true" version="1" changeset="106464745" timestamp="2021-06-16T11:50:12Z" user="saka_1" uid="11660552" lat="19.7865165" lon="105.7816919"/>
 <node id="8838643586" visible="true" version="1" changeset="106465893" timestamp="2021-06-16T12:06:12Z" user="prashan_ti" uid="11516269" lat="19.7431127" lon="105.8214631"/>
 <node id="8838648430" visible="true" version="2" changeset="110661749" timestamp="2021-09-03T08:22:27Z" user="vietnam321" uid="11196308" lat="19.7769044" lon="105.7732051"/>
 <node id="8838648431" visible="true" version="3" changeset="110661749" timestamp="2021-09-03T08:22:27Z" user="vietnam321" uid="11196308" lat="19.7767013" lon="105.7730720"/>
 <node id="8838648432" visible="true" version="2" changeset="110661749" timestamp="2021-09-03T08:22:27Z" user="vietnam321" uid="11196308" lat="19.7775339" lon="105.7736243"/>
 <node id="8838648433" visible="true" version="3" changeset="111921588" timestamp="2021-09-30T14:50:26Z" user="ionut_radu" uid="10664319" lat="19.7781384" lon="105.7740440">
  <tag k="noexit" v="yes"/>
 </node>
 <node id="8838679967" visible="true" version="1" changeset="106467071" timestamp="2021-06-16T12:21:46Z" user="prashan_ti" uid="11516269" lat="19.7429270" lon="105.8220199"/>
 <node id="8838684552" visible="true" version="1" changeset="106467397" timestamp="2021-06-16T12:26:32Z" user="prashan_ti" uid="11516269" lat="19.7441829" lon="105.8202301"/>
 <node id="8838693239" visible="true" version="2" changeset="166853480" timestamp="2025-05-28T05:55:42Z" user="ZioDragon" uid="13799024" lat="19.7728209" lon="105.7881983"/>
 <node id="8838711375" visible="true" version="1" changeset="106467384" timestamp="2021-06-16T12:26:20Z" user="prashan_ti" uid="11516269" lat="19.7436190" lon="105.8208797"/>
 <node id="8838772795" visible="true" version="2" changeset="166853480" timestamp="2025-05-28T05:55:42Z" user="ZioDragon" uid="13799024" lat="19.7637356" lon="105.7769751"/>
 <node id="8840699579" visible="true" version="1" changeset="106499129" timestamp="2021-06-17T04:27:33Z" user="m_rak" uid="11585587" lat="19.7576870" lon="105.8046149"/>
 <node id="8840783890" visible="true" version="1" changeset="106500249" timestamp="2021-06-17T04:49:59Z" user="m_rak" uid="11585587" lat="19.7562673" lon="105.8066342"/>
 <node id="8840803621" visible="true" version="1" changeset="106500387" timestamp="2021-06-17T04:52:44Z" user="m_rak" uid="11585587" lat="19.7672526" lon="105.7944045"/>
 <node id="8841089898" visible="true" version="1" changeset="106508820" timestamp="2021-06-17T07:06:34Z" user="prashan_ti" uid="11516269" lat="19.7461444" lon="105.8179701"/>
 <node id="8887502709" visible="true" version="1" changeset="107306922" timestamp="2021-07-02T11:08:05Z" user="KhanhPPA" uid="13685842" lat="19.7840225" lon="105.7826280"/>
 <node id="9057568167" visible="true" version="2" changeset="110661749" timestamp="2021-09-03T08:22:27Z" user="vietnam321" uid="11196308" lat="19.7766398" lon="105.7730624"/>
 <node id="9057568183" visible="true" version="1" changeset="110646018" timestamp="2021-09-03T03:02:42Z" user="vietnam321" uid="11196308" lat="19.7774433" lon="105.7717663"/>
 <node id="9058154575" visible="true" version="1" changeset="110661749" timestamp="2021-09-03T08:22:27Z" user="vietnam321" uid="11196308" lat="19.7766218" lon="105.7735391"/>
 <node id="9058154576" visible="true" version="1" changeset="110661749" timestamp="2021-09-03T08:22:27Z" user="vietnam321" uid="11196308" lat="19.7765828" lon="105.7737075"/>
 <node id="9058154577" visible="true" version="1" changeset="110661749" timestamp="2021-09-03T08:22:27Z" user="vietnam321" uid="11196308" lat="19.7764216" lon="105.7752320"/>
 <node id="9058154578" visible="true" version="1" changeset="110661749" timestamp="2021-09-03T08:22:27Z" user="vietnam321" uid="11196308" lat="19.7764967" lon="105.7753177"/>
 <node id="9058154579" visible="true" version="2" changeset="168302772" timestamp="2025-06-30T10:25:48Z" user="Grab_Cong" uid="18820325" lat="19.7775425" lon="105.7754541">
  <tag k="access" v="no"/>
  <tag k="barrier" v="gate"/>
 </node>
 <node id="9058154580" visible="true" version="1" changeset="110661749" timestamp="2021-09-03T08:22:27Z" user="vietnam321" uid="11196308" lat="19.7779590" lon="105.7755068"/>
 <node id="9058154581" visible="true" version="1" changeset="110661749" timestamp="2021-09-03T08:22:27Z" user="vietnam321" uid="11196308" lat="19.7780146" lon="105.7754418"/>
 <node id="9058154582" visible="true" version="1" changeset="110661749" timestamp="2021-09-03T08:22:27Z" user="vietnam321" uid="11196308" lat="19.7781675" lon="105.7742600"/>
 <node id="9058154583" visible="true" version="1" changeset="110661749" timestamp="2021-09-03T08:22:27Z" user="vietnam321" uid="11196308" lat="19.7782092" lon="105.7741241"/>
 <node id="9058154584" visible="true" version="1" changeset="110661749" timestamp="2021-09-03T08:22:27Z" user="vietnam321" uid="11196308" lat="19.7777477" lon="105.7738257"/>
 <node id="9058154585" visible="true" version="1" changeset="110661749" timestamp="2021-09-03T08:22:27Z" user="vietnam321" uid="11196308" lat="19.7767997" lon="105.7731787"/>
 <node id="9058154590" visible="true" version="1" changeset="110661749" timestamp="2021-09-03T08:22:27Z" user="vietnam321" uid="11196308" lat="19.7790466" lon="105.7727569"/>
 <node id="9058154658" visible="true" version="1" changeset="110661749" timestamp="2021-09-03T08:22:27Z" user="vietnam321" uid="11196308" lat="19.7779628" lon="105.7736271"/>
 <node id="9058154659" visible="true" version="1" changeset="110661749" timestamp="2021-09-03T08:22:27Z" user="vietnam321" uid="11196308" lat="19.7782687" lon="105.7738392"/>
 <node id="9058154660" visible="true" version="1" changeset="110661749" timestamp="2021-09-03T08:22:27Z" user="vietnam321" uid="11196308" lat="19.7782035" lon="105.7739452"/>
 <node id="9058154661" visible="true" version="1" changeset="110661749" timestamp="2021-09-03T08:22:27Z" user="vietnam321" uid="11196308" lat="19.7778977" lon="105.7737332"/>
 <node id="9058154662" visible="true" version="1" changeset="110661749" timestamp="2021-09-03T08:22:27Z" user="vietnam321" uid="11196308" lat="19.7782615" lon="105.7731623"/>
 <node id="9058154663" visible="true" version="1" changeset="110661749" timestamp="2021-09-03T08:22:27Z" user="vietnam321" uid="11196308" lat="19.7786158" lon="105.7734068"/>
 <node id="9058154664" visible="true" version="1" changeset="110661749" timestamp="2021-09-03T08:22:27Z" user="vietnam321" uid="11196308" lat="19.7787361" lon="105.7732101"/>
 <node id="9058154665" visible="true" version="1" changeset="110661749" timestamp="2021-09-03T08:22:27Z" user="vietnam321" uid="11196308" lat="19.7783818" lon="105.7729655"/>
 <node id="9058154666" visible="true" version="1" changeset="110661749" timestamp="2021-09-03T08:22:27Z" user="vietnam321" uid="11196308" lat="19.7784629" lon="105.7734880"/>
 <node id="9058154667" visible="true" version="1" changeset="110661749" timestamp="2021-09-03T08:22:27Z" user="vietnam321" uid="11196308" lat="19.7783357" lon="105.7736989"/>
 <node id="9058154668" visible="true" version="1" changeset="110661749" timestamp="2021-09-03T08:22:27Z" user="vietnam321" uid="11196308" lat="19.7784054" lon="105.7737463"/>
 <node id="9058154669" visible="true" version="1" changeset="110661749" timestamp="2021-09-03T08:22:27Z" user="vietnam321" uid="11196308" lat="19.7785326" lon="105.7735355"/>
 <node id="9058154670" visible="true" version="1" changeset="110661749" timestamp="2021-09-03T08:22:27Z" user="vietnam321" uid="11196308" lat="19.7784859" lon="105.7726189"/>
 <node id="9058154671" visible="true" version="1" changeset="110661749" timestamp="2021-09-03T08:22:27Z" user="vietnam321" uid="11196308" lat="19.7787441" lon="105.7728036"/>
 <node id="9058154672" visible="true" version="1" changeset="110661749" timestamp="2021-09-03T08:22:27Z" user="vietnam321" uid="11196308" lat="19.7786741" lon="105.7729142"/>
 <node id="9058154673" visible="true" version="1" changeset="110661749" timestamp="2021-09-03T08:22:27Z" user="vietnam321" uid="11196308" lat="19.7784158" lon="105.7727295"/>
 <node id="9058154674" visible="true" version="1" changeset="110661749" timestamp="2021-09-03T08:22:27Z" user="vietnam321" uid="11196308" lat="19.7774261" lon="105.7718730"/>
 <node id="9058154675" visible="true" version="1" changeset="110661749" timestamp="2021-09-03T08:22:27Z" user="vietnam321" uid="11196308" lat="19.7782380" lon="105.7723865"/>
 <node id="9058154676" visible="true" version="1" changeset="110661749" timestamp="2021-09-03T08:22:27Z" user="vietnam321" uid="11196308" lat="19.7782759" lon="105.7723189"/>
 <node id="9058154677" visible="true" version="1" changeset="110661749" timestamp="2021-09-03T08:22:27Z" user="vietnam321" uid="11196308" lat="19.7774639" lon="105.7718056"/>
 <node id="9323588912" visible="true" version="4" changeset="166853480" timestamp="2025-05-28T05:55:42Z" user="ZioDragon" uid="13799024" lat="19.7951778" lon="105.7766413"/>
 <node id="9323588914" visible="true" version="3" changeset="166853480" timestamp="2025-05-28T05:55:42Z" user="ZioDragon" uid="13799024" lat="19.7953097" lon="105.7746072"/>
 <node id="9323588915" visible="true" version="2" changeset="142292390" timestamp="2023-10-08T06:53:23Z" user="vietnam321" uid="11196308" lat="19.7953613" lon="105.7733043"/>
 <node id="9323588916" visible="true" version="2" changeset="142292390" timestamp="2023-10-08T06:53:23Z" user="vietnam321" uid="11196308" lat="19.7952329" lon="105.7732030"/>
 <node id="9323611717" visible="true" version="2" changeset="142292390" timestamp="2023-10-08T06:53:23Z" user="vietnam321" uid="11196308" lat="19.7951884" lon="105.7737428"/>
 <node id="9323611718" visible="true" version="3" changeset="166853480" timestamp="2025-05-28T05:55:42Z" user="ZioDragon" uid="13799024" lat="19.7951203" lon="105.7745959"/>
 <node id="9337835746" visible="true" version="1" changeset="114929850" timestamp="2021-12-14T15:46:11Z" user="GrabVN_Ánh Linh Lê" uid="13749044" lat="19.7717092" lon="105.7678323"/>
 <node id="9534427646" visible="true" version="1" changeset="117845494" timestamp="2022-02-25T11:26:15Z" user="gojala_n" uid="13528338" lat="19.7824914" lon="105.7752836"/>
 <node id="9534427647" visible="true" version="1" changeset="117845494" timestamp="2022-02-25T11:26:15Z" user="gojala_n" uid="13528338" lat="19.7822062" lon="105.7747632"/>
 <node id="9534427648" visible="true" version="1" changeset="117845494" timestamp="2022-02-25T11:26:15Z" user="gojala_n" uid="13528338" lat="19.7824397" lon="105.7751226"/>
 <node id="9534427649" visible="true" version="1" changeset="117845494" timestamp="2022-02-25T11:26:15Z" user="gojala_n" uid="13528338" lat="19.7825722" lon="105.7758361"/>
 <node id="9612554075" visible="true" version="1" changeset="119011062" timestamp="2022-03-28T08:52:10Z" user="yoga_1" uid="11659051" lat="19.7868198" lon="105.7722754"/>
 <node id="9706799499" visible="true" version="1" changeset="120414671" timestamp="2022-05-01T10:47:48Z" user="vietnam321" uid="11196308" lat="19.8344956" lon="105.7699014"/>
 <node id="9820662729" visible="true" version="3" changeset="147714595" timestamp="2024-02-21T02:20:32Z" user="Tommybara" uid="12198525" lat="19.7901373" lon="105.7781927">
  <tag k="name" v="Đông Vệ"/>
  <tag k="official_name" v="Phường Đông Vệ"/>
  <tag k="official_name:en" v="Đông Vệ Ward"/>
  <tag k="place" v="suburb"/>
  <tag k="population" v="16107"/>
  <tag k="wikidata" v="Q10840893"/>
  <tag k="wikipedia" v="vi:Đông Vệ"/>
 </node>
 <node id="9820662734" visible="true" version="2" changeset="147714595" timestamp="2024-02-21T02:20:32Z" user="Tommybara" uid="12198525" lat="19.7954223" lon="105.7760135">
  <tag k="name" v="Ngọc Trạo"/>
  <tag k="official_name" v="Phường Ngọc Trạo"/>
  <tag k="official_name:en" v="Ngọc Trạo Ward"/>
  <tag k="place" v="suburb"/>
  <tag k="population" v="11183"/>
  <tag k="wikidata" v="Q10800694"/>
  <tag k="wikipedia" v="vi:Ngọc Trạo, thành phố Thanh Hóa"/>
 </node>
 <node id="10120337762" visible="true" version="1" changeset="127911464" timestamp="2022-10-22T07:38:33Z" user="vietnam321" uid="11196308" lat="19.7788770" lon="105.7833876"/>
 <node id="10120337763" visible="true" version="1" changeset="127911464" timestamp="2022-10-22T07:38:33Z" user="vietnam321" uid="11196308" lat="19.7804770" lon="105.7816067"/>
 <node id="10120337764" visible="true" version="1" changeset="127911464" timestamp="2022-10-22T07:38:33Z" user="vietnam321" uid="11196308" lat="19.7790434" lon="105.7833287"/>
 <node id="10120337765" visible="true" version="1" changeset="127911464" timestamp="2022-10-22T07:38:33Z" user="vietnam321" uid="11196308" lat="19.7833410" lon="105.7875750"/>
 <node id="10120337766" visible="true" version="1" changeset="127911464" timestamp="2022-10-22T07:38:33Z" user="vietnam321" uid="11196308" lat="19.7847341" lon="105.7857780"/>
 <node id="10120337767" visible="true" version="1" changeset="127911464" timestamp="2022-10-22T07:38:33Z" user="vietnam321" uid="11196308" lat="19.7826954" lon="105.7798330"/>
 <node id="10120337768" visible="true" version="1" changeset="127911464" timestamp="2022-10-22T07:38:33Z" user="vietnam321" uid="11196308" lat="19.7819129" lon="105.7807611"/>
 <node id="10120337769" visible="true" version="1" changeset="127911464" timestamp="2022-10-22T07:38:33Z" user="vietnam321" uid="11196308" lat="19.7819281" lon="105.7808737"/>
 <node id="10120337770" visible="true" version="1" changeset="127911464" timestamp="2022-10-22T07:38:33Z" user="vietnam321" uid="11196308" lat="19.7826903" lon="105.7816248"/>
 <node id="10120337771" visible="true" version="1" changeset="127911464" timestamp="2022-10-22T07:38:33Z" user="vietnam321" uid="11196308" lat="19.7827963" lon="105.7816087"/>
 <node id="10120337772" visible="true" version="1" changeset="127911464" timestamp="2022-10-22T07:38:33Z" user="vietnam321" uid="11196308" lat="19.7835535" lon="105.7807396"/>
 <node id="10120337773" visible="true" version="1" changeset="127911464" timestamp="2022-10-22T07:38:33Z" user="vietnam321" uid="11196308" lat="19.7835484" lon="105.7806699"/>
 <node id="10120337774" visible="true" version="1" changeset="127911464" timestamp="2022-10-22T07:38:33Z" user="vietnam321" uid="11196308" lat="19.7827559" lon="105.7798384"/>
 <node id="10120337775" visible="true" version="1" changeset="127911464" timestamp="2022-10-22T07:38:33Z" user="vietnam321" uid="11196308" lat="19.7802623" lon="105.7777412"/>
 <node id="10120337776" visible="true" version="1" changeset="127911464" timestamp="2022-10-22T07:38:33Z" user="vietnam321" uid="11196308" lat="19.7795859" lon="105.7785405"/>
 <node id="10120337777" visible="true" version="1" changeset="127911464" timestamp="2022-10-22T07:38:33Z" user="vietnam321" uid="11196308" lat="19.7795177" lon="105.7785432"/>
 <node id="10120337778" visible="true" version="1" changeset="127911464" timestamp="2022-10-22T07:38:33Z" user="vietnam321" uid="11196308" lat="19.7786974" lon="105.7777600"/>
 <node id="10120337779" visible="true" version="1" changeset="127911464" timestamp="2022-10-22T07:38:33Z" user="vietnam321" uid="11196308" lat="19.7786974" lon="105.7776849"/>
 <node id="10120337780" visible="true" version="1" changeset="127911464" timestamp="2022-10-22T07:38:33Z" user="vietnam321" uid="11196308" lat="19.7788135" lon="105.7775400"/>
 <node id="10120337781" visible="true" version="1" changeset="127911464" timestamp="2022-10-22T07:38:33Z" user="vietnam321" uid="11196308" lat="19.7789423" lon="105.7774864"/>
 <node id="10120337782" visible="true" version="1" changeset="127911464" timestamp="2022-10-22T07:38:33Z" user="vietnam321" uid="11196308" lat="19.7802270" lon="105.7776232"/>
 <node id="10120337806" visible="true" version="2" changeset="142292390" timestamp="2023-10-08T06:53:23Z" user="vietnam321" uid="11196308" lat="19.7954199" lon="105.7730215"/>
 <node id="10120337807" visible="true" version="2" changeset="142292390" timestamp="2023-10-08T06:53:23Z" user="vietnam321" uid="11196308" lat="19.7955176" lon="105.7727407"/>
 <node id="10120337809" visible="true" version="2" changeset="142292390" timestamp="2023-10-08T06:53:23Z" user="vietnam321" uid="11196308" lat="19.7959554" lon="105.7720624"/>
 <node id="10120337810" visible="true" version="2" changeset="142292390" timestamp="2023-10-08T06:53:23Z" user="vietnam321" uid="11196308" lat="19.7962128" lon="105.7718478"/>
 <node id="10120337812" visible="true" version="2" changeset="142292390" timestamp="2023-10-08T06:53:23Z" user="vietnam321" uid="11196308" lat="19.7971869" lon="105.7712952"/>
 <node id="10120337813" visible="true" version="2" changeset="142292390" timestamp="2023-10-08T06:53:23Z" user="vietnam321" uid="11196308" lat="19.7953094" lon="105.7729045"/>
 <node id="10120337816" visible="true" version="2" changeset="142292390" timestamp="2023-10-08T06:53:23Z" user="vietnam321" uid="11196308" lat="19.7958595" lon="105.7719497"/>
 <node id="10120345517" visible="true" version="2" changeset="142292390" timestamp="2023-10-08T06:53:23Z" user="vietnam321" uid="11196308" lat="19.7961018" lon="105.7717244"/>
 <node id="10120345518" visible="true" version="2" changeset="142292390" timestamp="2023-10-08T06:53:23Z" user="vietnam321" uid="11196308" lat="19.7963238" lon="105.7715796"/>
 <node id="10120345520" visible="true" version="2" changeset="142292390" timestamp="2023-10-08T06:53:23Z" user="vietnam321" uid="11196308" lat="19.7972526" lon="105.7710753"/>
 <node id="10120345521" visible="true" version="1" changeset="127911464" timestamp="2022-10-22T07:38:33Z" user="vietnam321" uid="11196308" lat="19.7976009" lon="105.7708768"/>
 <node id="10120345522" visible="true" version="2" changeset="142292390" timestamp="2023-10-08T06:53:23Z" user="vietnam321" uid="11196308" lat="19.7980400" lon="105.7704584"/>
 <node id="10120345523" visible="true" version="2" changeset="142292390" timestamp="2023-10-08T06:53:23Z" user="vietnam321" uid="11196308" lat="19.7982221" lon="105.7702183"/>
 <node id="10120345525" visible="true" version="2" changeset="142292390" timestamp="2023-10-08T06:53:23Z" user="vietnam321" uid="11196308" lat="19.8024033" lon="105.7645328"/>
 <node id="10120345526" visible="true" version="1" changeset="127911464" timestamp="2022-10-22T07:38:33Z" user="vietnam321" uid="11196308" lat="19.7978884" lon="105.7708627"/>
 <node id="10120345527" visible="true" version="2" changeset="142292390" timestamp="2023-10-08T06:53:23Z" user="vietnam321" uid="11196308" lat="19.7983102" lon="105.7703488"/>
 <node id="10120345529" visible="true" version="1" changeset="127911464" timestamp="2022-10-22T07:38:33Z" user="vietnam321" uid="11196308" lat="19.8025064" lon="105.7646411"/>
 <node id="10161498594" visible="true" version="1" changeset="128549432" timestamp="2022-11-06T10:34:39Z" user="vietnam321" uid="11196308" lat="19.7943348" lon="105.7773120"/>
 <node id="10657408704" visible="true" version="1" changeset="132530013" timestamp="2023-02-14T10:33:06Z" user="vietnam321" uid="11196308" lat="19.7850821" lon="105.7814046"/>
 <node id="10657414505" visible="true" version="1" changeset="132530013" timestamp="2023-02-14T10:33:06Z" user="vietnam321" uid="11196308" lat="19.7852876" lon="105.7811710"/>
 <node id="10657414506" visible="true" version="1" changeset="132530013" timestamp="2023-02-14T10:33:06Z" user="vietnam321" uid="11196308" lat="19.7830278" lon="105.7793480"/>
 <node id="10657414507" visible="true" version="2" changeset="167636454" timestamp="2025-06-15T05:43:44Z" user="user_22995996" uid="22995996" lat="19.7803239" lon="105.7777679"/>
 <node id="10657414508" visible="true" version="1" changeset="132530013" timestamp="2023-02-14T10:33:06Z" user="vietnam321" uid="11196308" lat="19.7829075" lon="105.7819675"/>
 <node id="10657414509" visible="true" version="1" changeset="132530013" timestamp="2023-02-14T10:33:06Z" user="vietnam321" uid="11196308" lat="19.7836362" lon="105.7826714"/>
 <node id="10657414527" visible="true" version="1" changeset="132530013" timestamp="2023-02-14T10:33:06Z" user="vietnam321" uid="11196308" lat="19.7869956" lon="105.7658468"/>
 <node id="10913575450" visible="true" version="1" changeset="136321810" timestamp="2023-05-20T04:32:40Z" user="vietnam321" uid="11196308" lat="19.7334403" lon="105.8326067"/>
 <node id="10913575452" visible="true" version="1" changeset="136321810" timestamp="2023-05-20T04:32:40Z" user="vietnam321" uid="11196308" lat="19.7372105" lon="105.8282631"/>
 <node id="11104559832" visible="true" version="1" changeset="139702103" timestamp="2023-08-10T11:30:16Z" user="Oksana18_18" uid="19153593" lat="19.7810793" lon="105.7752353"/>
 <node id="11104559833" visible="true" version="1" changeset="139702103" timestamp="2023-08-10T11:30:16Z" user="Oksana18_18" uid="19153593" lat="19.7809809" lon="105.7751495"/>
 <node id="11104559834" visible="true" version="1" changeset="139702103" timestamp="2023-08-10T11:30:16Z" user="Oksana18_18" uid="19153593" lat="19.7809077" lon="105.7751092"/>
 <node id="11104559835" visible="true" version="1" changeset="139702103" timestamp="2023-08-10T11:30:16Z" user="Oksana18_18" uid="19153593" lat="19.7807890" lon="105.7750154"/>
 <node id="11104579413" visible="true" version="1" changeset="139702286" timestamp="2023-08-10T11:34:23Z" user="Oksana18_18" uid="19153593" lat="19.7901013" lon="105.7818120"/>
 <node id="11104673067" visible="true" version="1" changeset="139704254" timestamp="2023-08-10T12:15:54Z" user="Oksana18_18" uid="19153593" lat="19.7817393" lon="105.7769278"/>
 <node id="11104673068" visible="true" version="1" changeset="139704254" timestamp="2023-08-10T12:15:54Z" user="Oksana18_18" uid="19153593" lat="19.7815500" lon="105.7768473"/>
 <node id="11106825325" visible="true" version="1" changeset="139729744" timestamp="2023-08-11T02:43:15Z" user="Oksana18_18" uid="19153593" lat="19.7876377" lon="105.7771984"/>
 <node id="11106825326" visible="true" version="1" changeset="139729744" timestamp="2023-08-11T02:43:15Z" user="Oksana18_18" uid="19153593" lat="19.7875404" lon="105.7772335"/>
 <node id="11106825327" visible="true" version="1" changeset="139729744" timestamp="2023-08-11T02:43:15Z" user="Oksana18_18" uid="19153593" lat="19.7874925" lon="105.7772148"/>
 <node id="11106825328" visible="true" version="1" changeset="139729744" timestamp="2023-08-11T02:43:15Z" user="Oksana18_18" uid="19153593" lat="19.7874016" lon="105.7771987"/>
 <node id="11106825329" visible="true" version="1" changeset="139729744" timestamp="2023-08-11T02:43:15Z" user="Oksana18_18" uid="19153593" lat="19.7873158" lon="105.7772228"/>
 <node id="11106928616" visible="true" version="1" changeset="139730516" timestamp="2023-08-11T03:31:00Z" user="Oksana18_18" uid="19153593" lat="19.8004481" lon="105.7740808"/>
 <node id="11106928617" visible="true" version="1" changeset="139730516" timestamp="2023-08-11T03:31:00Z" user="Oksana18_18" uid="19153593" lat="19.8004001" lon="105.7747351"/>
 <node id="11106937826" visible="true" version="1" changeset="139730808" timestamp="2023-08-11T03:47:56Z" user="Oksana18_18" uid="19153593" lat="19.7878885" lon="105.7801392"/>
 <node id="11106937827" visible="true" version="1" changeset="139730808" timestamp="2023-08-11T03:47:56Z" user="Oksana18_18" uid="19153593" lat="19.7879241" lon="105.7802269"/>
 <node id="11106937828" visible="true" version="1" changeset="139730808" timestamp="2023-08-11T03:47:56Z" user="Oksana18_18" uid="19153593" lat="19.7879973" lon="105.7802483"/>
 <node id="11106937829" visible="true" version="1" changeset="139730808" timestamp="2023-08-11T03:47:56Z" user="Oksana18_18" uid="19153593" lat="19.7881537" lon="105.7807016"/>
 <node id="11106980572" visible="true" version="1" changeset="139731873" timestamp="2023-08-11T04:46:34Z" user="Grab_Cong" uid="18820325" lat="19.8015489" lon="105.7659692"/>
 <node id="11106980573" visible="true" version="2" changeset="142292390" timestamp="2023-10-08T06:53:23Z" user="vietnam321" uid="11196308" lat="19.8008703" lon="105.7666413"/>
 <node id="11106980574" visible="true" version="2" changeset="142292390" timestamp="2023-10-08T06:53:23Z" user="vietnam321" uid="11196308" lat="19.8006495" lon="105.7671832"/>
 <node id="11106980581" visible="true" version="2" changeset="142292390" timestamp="2023-10-08T06:53:23Z" user="vietnam321" uid="11196308" lat="19.7975327" lon="105.7711029"/>
 <node id="11106980582" visible="true" version="2" changeset="142292390" timestamp="2023-10-08T06:53:23Z" user="vietnam321" uid="11196308" lat="19.7968709" lon="105.7712638"/>
 <node id="11106980583" visible="true" version="2" changeset="142292390" timestamp="2023-10-08T06:53:23Z" user="vietnam321" uid="11196308" lat="19.7969394" lon="105.7714171"/>
 <node id="11106980584" visible="true" version="1" changeset="139731873" timestamp="2023-08-11T04:46:34Z" user="Grab_Cong" uid="18820325" lat="19.7953499" lon="105.7721623"/>
 <node id="11106980585" visible="true" version="2" changeset="142292390" timestamp="2023-10-08T06:53:23Z" user="vietnam321" uid="11196308" lat="19.7993849" lon="105.7686196"/>
 <node id="11106980586" visible="true" version="1" changeset="139731873" timestamp="2023-08-11T04:46:34Z" user="Grab_Cong" uid="18820325" lat="19.8025922" lon="105.7645309"/>
 <node id="11106980587" visible="true" version="2" changeset="142292390" timestamp="2023-10-08T06:53:23Z" user="vietnam321" uid="11196308" lat="19.8024902" lon="105.7644343"/>
 <node id="11107056845" visible="true" version="1" changeset="139734744" timestamp="2023-08-11T06:26:32Z" user="Oksana18_18" uid="19153593" lat="19.7954134" lon="105.7801187"/>
 <node id="11107056846" visible="true" version="1" changeset="139734744" timestamp="2023-08-11T06:26:32Z" user="Oksana18_18" uid="19153593" lat="19.7954083" lon="105.7806976"/>
 <node id="11107057370" visible="true" version="2" changeset="166853480" timestamp="2025-05-28T05:55:42Z" user="ZioDragon" uid="13799024" lat="19.7912992" lon="105.7769216"/>
 <node id="11107057371" visible="true" version="1" changeset="139734656" timestamp="2023-08-11T06:25:24Z" user="Oksana18_18" uid="19153593" lat="19.7913198" lon="105.7767414"/>
 <node id="11107057372" visible="true" version="1" changeset="139734656" timestamp="2023-08-11T06:25:24Z" user="Oksana18_18" uid="19153593" lat="19.7913754" lon="105.7766367"/>
 <node id="11107057373" visible="true" version="1" changeset="139734656" timestamp="2023-08-11T06:25:24Z" user="Oksana18_18" uid="19153593" lat="19.7914183" lon="105.7765456"/>
 <node id="11107057374" visible="true" version="1" changeset="139734656" timestamp="2023-08-11T06:25:24Z" user="Oksana18_18" uid="19153593" lat="19.7914359" lon="105.7764919"/>
 <node id="11107195047" visible="true" version="1" changeset="139738941" timestamp="2023-08-11T08:22:11Z" user="Oksana18_18" uid="19153593" lat="19.7999913" lon="105.7713421"/>
 <node id="11107195048" visible="true" version="1" changeset="139738941" timestamp="2023-08-11T08:22:11Z" user="Oksana18_18" uid="19153593" lat="19.7998777" lon="105.7713340"/>
 <node id="11107195049" visible="true" version="1" changeset="139738941" timestamp="2023-08-11T08:22:11Z" user="Oksana18_18" uid="19153593" lat="19.7997516" lon="105.7712965"/>
 <node id="11107195050" visible="true" version="1" changeset="139738941" timestamp="2023-08-11T08:22:11Z" user="Oksana18_18" uid="19153593" lat="19.7996960" lon="105.7712428"/>
 <node id="11107353593" visible="true" version="1" changeset="139744052" timestamp="2023-08-11T10:22:35Z" user="Oksana18_18" uid="19153593" lat="19.7996393" lon="105.7804897"/>
 <node id="11107353594" visible="true" version="1" changeset="139744052" timestamp="2023-08-11T10:22:35Z" user="Oksana18_18" uid="19153593" lat="19.7996294" lon="105.7809670"/>
 <node id="11107370329" visible="true" version="1" changeset="139744404" timestamp="2023-08-11T10:31:59Z" user="Oksana18_18" uid="19153593" lat="19.7879739" lon="105.7750063"/>
 <node id="11107370330" visible="true" version="1" changeset="139744404" timestamp="2023-08-11T10:31:59Z" user="Oksana18_18" uid="19153593" lat="19.7882566" lon="105.7751146"/>
 <node id="11107370331" visible="true" version="1" changeset="139744404" timestamp="2023-08-11T10:31:59Z" user="Oksana18_18" uid="19153593" lat="19.7883853" lon="105.7750664"/>
 <node id="11107385863" visible="true" version="1" changeset="139744104" timestamp="2023-08-11T10:24:07Z" user="Oksana18_18" uid="19153593" lat="19.7891158" lon="105.7761083"/>
 <node id="11107385864" visible="true" version="1" changeset="139744104" timestamp="2023-08-11T10:24:07Z" user="Oksana18_18" uid="19153593" lat="19.7889988" lon="105.7760615"/>
 <node id="11107385865" visible="true" version="1" changeset="139744104" timestamp="2023-08-11T10:24:07Z" user="Oksana18_18" uid="19153593" lat="19.7890010" lon="105.7759962"/>
 <node id="11107385866" visible="true" version="1" changeset="139744104" timestamp="2023-08-11T10:24:07Z" user="Oksana18_18" uid="19153593" lat="19.7889197" lon="105.7759751"/>
 <node id="11107385867" visible="true" version="1" changeset="139744104" timestamp="2023-08-11T10:24:07Z" user="Oksana18_18" uid="19153593" lat="19.7888834" lon="105.7759354"/>
 <node id="11107390519" visible="true" version="1" changeset="139744030" timestamp="2023-08-11T10:21:58Z" user="Oksana18_18" uid="19153593" lat="19.7996668" lon="105.7804028"/>
 <node id="11107467579" visible="true" version="1" changeset="139746783" timestamp="2023-08-11T11:36:46Z" user="Oksana18_18" uid="19153593" lat="19.7896531" lon="105.7809556"/>
 <node id="11107467580" visible="true" version="1" changeset="139746783" timestamp="2023-08-11T11:36:46Z" user="Oksana18_18" uid="19153593" lat="19.7896844" lon="105.7810758"/>
 <node id="11107467581" visible="true" version="1" changeset="139746783" timestamp="2023-08-11T11:36:46Z" user="Oksana18_18" uid="19153593" lat="19.7896895" lon="105.7811804"/>
 <node id="11107467582" visible="true" version="1" changeset="139746783" timestamp="2023-08-11T11:36:46Z" user="Oksana18_18" uid="19153593" lat="19.7896617" lon="105.7813682"/>
 <node id="11107467583" visible="true" version="1" changeset="139746783" timestamp="2023-08-11T11:36:46Z" user="Oksana18_18" uid="19153593" lat="19.7896693" lon="105.7814486"/>
 <node id="11107467584" visible="true" version="1" changeset="139746783" timestamp="2023-08-11T11:36:46Z" user="Oksana18_18" uid="19153593" lat="19.7897450" lon="105.7814486"/>
 <node id="11107467585" visible="true" version="1" changeset="139746783" timestamp="2023-08-11T11:36:46Z" user="Oksana18_18" uid="19153593" lat="19.7897576" lon="105.7815318"/>
 <node id="11107467586" visible="true" version="1" changeset="139746783" timestamp="2023-08-11T11:36:46Z" user="Oksana18_18" uid="19153593" lat="19.7898081" lon="105.7816122"/>
 <node id="11107467587" visible="true" version="1" changeset="139746783" timestamp="2023-08-11T11:36:46Z" user="Oksana18_18" uid="19153593" lat="19.7898409" lon="105.7816686"/>
 <node id="11107467588" visible="true" version="1" changeset="139746783" timestamp="2023-08-11T11:36:46Z" user="Oksana18_18" uid="19153593" lat="19.7899166" lon="105.7816713"/>
 <node id="11107467589" visible="true" version="1" changeset="139746783" timestamp="2023-08-11T11:36:46Z" user="Oksana18_18" uid="19153593" lat="19.7901023" lon="105.7816847"/>
 <node id="11247311680" visible="true" version="1" changeset="142288644" timestamp="2023-10-08T02:20:09Z" user="vietnam321" uid="11196308" lat="19.7826418" lon="105.7837072"/>
 <node id="11247311681" visible="true" version="1" changeset="142288644" timestamp="2023-10-08T02:20:09Z" user="vietnam321" uid="11196308" lat="19.7830822" lon="105.7841431"/>
 <node id="11247311682" visible="true" version="1" changeset="142288644" timestamp="2023-10-08T02:20:09Z" user="vietnam321" uid="11196308" lat="19.7825566" lon="105.7838259"/>
 <node id="11247311683" visible="true" version="1" changeset="142288644" timestamp="2023-10-08T02:20:09Z" user="vietnam321" uid="11196308" lat="19.7829809" lon="105.7842447"/>
 <node id="11247499711" visible="true" version="1" changeset="142292390" timestamp="2023-10-08T06:53:23Z" user="vietnam321" uid="11196308" lat="19.7954786" lon="105.7724558"/>
 <node id="11247499712" visible="true" version="1" changeset="142292390" timestamp="2023-10-08T06:53:23Z" user="vietnam321" uid="11196308" lat="19.7978280" lon="105.7706998"/>
 <node id="11247499713" visible="true" version="1" changeset="142292390" timestamp="2023-10-08T06:53:23Z" user="vietnam321" uid="11196308" lat="19.7956267" lon="105.7725158"/>
 <node id="11247499714" visible="true" version="1" changeset="142292390" timestamp="2023-10-08T06:53:23Z" user="vietnam321" uid="11196308" lat="19.7981346" lon="105.7705950"/>
 <node id="11247499715" visible="true" version="1" changeset="142292390" timestamp="2023-10-08T06:53:23Z" user="vietnam321" uid="11196308" lat="19.7980216" lon="105.7707289"/>
 <node id="11247499716" visible="true" version="1" changeset="142292390" timestamp="2023-10-08T06:53:23Z" user="vietnam321" uid="11196308" lat="19.8020135" lon="105.7653465"/>
 <node id="11337299628" visible="true" version="2" changeset="161511812" timestamp="2025-01-19T02:39:35Z" user="vietnam321" uid="11196308" lat="19.7949757" lon="105.7797401"/>
 <node id="11337299629" visible="true" version="1" changeset="143849302" timestamp="2023-11-10T06:45:03Z" user="Grab_Cong" uid="18820325" lat="19.7944053" lon="105.7797377"/>
 <node id="11515558167" visible="true" version="1" changeset="146233881" timestamp="2024-01-14T05:10:39Z" user="vietnam321" uid="11196308" lat="19.7502500" lon="105.8132397"/>
 <node id="11515572872" visible="true" version="1" changeset="146233881" timestamp="2024-01-14T05:10:39Z" user="vietnam321" uid="11196308" lat="19.7417167" lon="105.8230714"/>
 <node id="11515572875" visible="true" version="2" changeset="166853480" timestamp="2025-05-28T05:55:42Z" user="ZioDragon" uid="13799024" lat="19.7762605" lon="105.7846057"/>
 <node id="11515572882" visible="true" version="1" changeset="146233881" timestamp="2024-01-14T05:10:39Z" user="vietnam321" uid="11196308" lat="19.7418772" lon="105.8232335"/>
 <node id="11515572884" visible="true" version="1" changeset="146233881" timestamp="2024-01-14T05:10:39Z" user="vietnam321" uid="11196308" lat="19.7386164" lon="105.8266434"/>
 <node id="11515572885" visible="true" version="1" changeset="146233881" timestamp="2024-01-14T05:10:39Z" user="vietnam321" uid="11196308" lat="19.7387757" lon="105.8268123"/>
 <node id="11515572887" visible="true" version="1" changeset="146233881" timestamp="2024-01-14T05:10:39Z" user="vietnam321" uid="11196308" lat="19.7351841" lon="105.8309472"/>
 <node id="11515572891" visible="true" version="1" changeset="146233881" timestamp="2024-01-14T05:10:39Z" user="vietnam321" uid="11196308" lat="19.7350276" lon="105.8307780"/>
 <node id="11515572892" visible="true" version="1" changeset="146233881" timestamp="2024-01-14T05:10:39Z" user="vietnam321" uid="11196308" lat="19.7503932" lon="105.8133967"/>
 <node id="11644964218" visible="true" version="2" changeset="147708070" timestamp="2024-02-20T20:53:20Z" user="Tommybara" uid="12198525" lat="19.7917224" lon="105.7623647"/>
 <node id="11646975292" visible="true" version="1" changeset="147710037" timestamp="2024-02-20T22:00:56Z" user="Tommybara" uid="12198525" lat="19.7965844" lon="105.7870534"/>
 <node id="11646975293" visible="true" version="1" changeset="147710037" timestamp="2024-02-20T22:00:56Z" user="Tommybara" uid="12198525" lat="19.7967105" lon="105.7867125"/>
 <node id="11646975294" visible="true" version="1" changeset="147710037" timestamp="2024-02-20T22:00:56Z" user="Tommybara" uid="12198525" lat="19.7970280" lon="105.7864570"/>
 <node id="11646975295" visible="true" version="1" changeset="147710037" timestamp="2024-02-20T22:00:56Z" user="Tommybara" uid="12198525" lat="19.7972475" lon="105.7864035"/>
 <node id="11646975296" visible="true" version="1" changeset="147710037" timestamp="2024-02-20T22:00:56Z" user="Tommybara" uid="12198525" lat="19.7969326" lon="105.7864872"/>
 <node id="11646975297" visible="true" version="1" changeset="147710037" timestamp="2024-02-20T22:00:56Z" user="Tommybara" uid="12198525" lat="19.7971244" lon="105.7864308"/>
 <node id="11646975298" visible="true" version="1" changeset="147710037" timestamp="2024-02-20T22:00:56Z" user="Tommybara" uid="12198525" lat="19.7973717" lon="105.7863826"/>
 <node id="11646975299" visible="true" version="1" changeset="147710037" timestamp="2024-02-20T22:00:56Z" user="Tommybara" uid="12198525" lat="19.7977239" lon="105.7863561"/>
 <node id="11646975300" visible="true" version="1" changeset="147710037" timestamp="2024-02-20T22:00:56Z" user="Tommybara" uid="12198525" lat="19.7978495" lon="105.7863392"/>
 <node id="11646975301" visible="true" version="1" changeset="147710037" timestamp="2024-02-20T22:00:56Z" user="Tommybara" uid="12198525" lat="19.7976620" lon="105.7863571"/>
 <node id="11646975302" visible="true" version="1" changeset="147710037" timestamp="2024-02-20T22:00:56Z" user="Tommybara" uid="12198525" lat="19.7977856" lon="105.7863504"/>
 <node id="11646975303" visible="true" version="1" changeset="147710037" timestamp="2024-02-20T22:00:56Z" user="Tommybara" uid="12198525" lat="19.7979124" lon="105.7863229"/>
 <node id="11646975304" visible="true" version="1" changeset="147710037" timestamp="2024-02-20T22:00:56Z" user="Tommybara" uid="12198525" lat="19.7979150" lon="105.7861043"/>
 <node id="11646975305" visible="true" version="1" changeset="147710037" timestamp="2024-02-20T22:00:56Z" user="Tommybara" uid="12198525" lat="19.7979762" lon="105.7861056"/>
 <node id="11646975306" visible="true" version="1" changeset="147710037" timestamp="2024-02-20T22:00:56Z" user="Tommybara" uid="12198525" lat="19.7979774" lon="105.7861774"/>
 <node id="11646975307" visible="true" version="1" changeset="147710037" timestamp="2024-02-20T22:00:56Z" user="Tommybara" uid="12198525" lat="19.7982702" lon="105.7861707"/>
 <node id="11646975308" visible="true" version="1" changeset="147710037" timestamp="2024-02-20T22:00:56Z" user="Tommybara" uid="12198525" lat="19.7982947" lon="105.7858393"/>
 <node id="11646975309" visible="true" version="1" changeset="147710037" timestamp="2024-02-20T22:00:56Z" user="Tommybara" uid="12198525" lat="19.7983076" lon="105.7857758"/>
 <node id="11646975310" visible="true" version="1" changeset="147710037" timestamp="2024-02-20T22:00:56Z" user="Tommybara" uid="12198525" lat="19.7983485" lon="105.7856592"/>
 <node id="11646975311" visible="true" version="1" changeset="147710037" timestamp="2024-02-20T22:00:56Z" user="Tommybara" uid="12198525" lat="19.7983753" lon="105.7856068"/>
 <node id="11646975312" visible="true" version="1" changeset="147710037" timestamp="2024-02-20T22:00:56Z" user="Tommybara" uid="12198525" lat="19.7982878" lon="105.7859038"/>
 <node id="11646975313" visible="true" version="1" changeset="147710037" timestamp="2024-02-20T22:00:56Z" user="Tommybara" uid="12198525" lat="19.7983263" lon="105.7857140"/>
 <node id="11646975314" visible="true" version="1" changeset="147710037" timestamp="2024-02-20T22:00:56Z" user="Tommybara" uid="12198525" lat="19.7984065" lon="105.7855571"/>
 <node id="11646975315" visible="true" version="1" changeset="147710037" timestamp="2024-02-20T22:00:56Z" user="Tommybara" uid="12198525" lat="19.7987610" lon="105.7850106"/>
 <node id="11646975316" visible="true" version="1" changeset="147710037" timestamp="2024-02-20T22:00:56Z" user="Tommybara" uid="12198525" lat="19.7981591" lon="105.7846043"/>
 <node id="11646975317" visible="true" version="1" changeset="147710037" timestamp="2024-02-20T22:00:56Z" user="Tommybara" uid="12198525" lat="19.7979667" lon="105.7844722"/>
 <node id="11646975318" visible="true" version="1" changeset="147710037" timestamp="2024-02-20T22:00:56Z" user="Tommybara" uid="12198525" lat="19.7981339" lon="105.7841489"/>
 <node id="11646975319" visible="true" version="1" changeset="147710037" timestamp="2024-02-20T22:00:56Z" user="Tommybara" uid="12198525" lat="19.7982702" lon="105.7839498"/>
 <node id="11646975320" visible="true" version="1" changeset="147710037" timestamp="2024-02-20T22:00:56Z" user="Tommybara" uid="12198525" lat="19.7985528" lon="105.7834992"/>
 <node id="11646975321" visible="true" version="1" changeset="147710037" timestamp="2024-02-20T22:00:56Z" user="Tommybara" uid="12198525" lat="19.7985882" lon="105.7832229"/>
 <node id="11646975322" visible="true" version="1" changeset="147710037" timestamp="2024-02-20T22:00:56Z" user="Tommybara" uid="12198525" lat="19.7980279" lon="105.7832926"/>
 <node id="11646975323" visible="true" version="1" changeset="147710037" timestamp="2024-02-20T22:00:56Z" user="Tommybara" uid="12198525" lat="19.7982929" lon="105.7824022"/>
 <node id="11646975324" visible="true" version="1" changeset="147710037" timestamp="2024-02-20T22:00:56Z" user="Tommybara" uid="12198525" lat="19.7984835" lon="105.7825406"/>
 <node id="11646975325" visible="true" version="1" changeset="147710037" timestamp="2024-02-20T22:00:56Z" user="Tommybara" uid="12198525" lat="19.7986117" lon="105.7825812"/>
 <node id="11646975326" visible="true" version="1" changeset="147710037" timestamp="2024-02-20T22:00:56Z" user="Tommybara" uid="12198525" lat="19.7984266" lon="105.7825121"/>
 <node id="11646975327" visible="true" version="1" changeset="147710037" timestamp="2024-02-20T22:00:56Z" user="Tommybara" uid="12198525" lat="19.7985427" lon="105.7825631"/>
 <node id="11646975328" visible="true" version="1" changeset="147710037" timestamp="2024-02-20T22:00:56Z" user="Tommybara" uid="12198525" lat="19.7986822" lon="105.7825913"/>
 <node id="11646975329" visible="true" version="1" changeset="147710037" timestamp="2024-02-20T22:00:56Z" user="Tommybara" uid="12198525" lat="19.7991863" lon="105.7826382"/>
 <node id="11646975330" visible="true" version="1" changeset="147710037" timestamp="2024-02-20T22:00:56Z" user="Tommybara" uid="12198525" lat="19.7993806" lon="105.7826892"/>
 <node id="11646975331" visible="true" version="1" changeset="147710037" timestamp="2024-02-20T22:00:56Z" user="Tommybara" uid="12198525" lat="19.7996683" lon="105.7827374"/>
 <node id="11646975332" visible="true" version="1" changeset="147710037" timestamp="2024-02-20T22:00:56Z" user="Tommybara" uid="12198525" lat="19.8061576" lon="105.7746217"/>
 <node id="11646975333" visible="true" version="1" changeset="147710037" timestamp="2024-02-20T22:00:56Z" user="Tommybara" uid="12198525" lat="19.8063621" lon="105.7743166"/>
 <node id="11646975334" visible="true" version="1" changeset="147710037" timestamp="2024-02-20T22:00:56Z" user="Tommybara" uid="12198525" lat="19.8065337" lon="105.7741772"/>
 <node id="11646975335" visible="true" version="1" changeset="147710037" timestamp="2024-02-20T22:00:56Z" user="Tommybara" uid="12198525" lat="19.8065663" lon="105.7741345"/>
 <node id="11646975336" visible="true" version="1" changeset="147710037" timestamp="2024-02-20T22:00:56Z" user="Tommybara" uid="12198525" lat="19.8066117" lon="105.7740414"/>
 <node id="11646975337" visible="true" version="1" changeset="147710037" timestamp="2024-02-20T22:00:56Z" user="Tommybara" uid="12198525" lat="19.8066248" lon="105.7739933"/>
 <node id="11646975338" visible="true" version="1" changeset="147710037" timestamp="2024-02-20T22:00:56Z" user="Tommybara" uid="12198525" lat="19.8064959" lon="105.7742147"/>
 <node id="11646975339" visible="true" version="1" changeset="147710037" timestamp="2024-02-20T22:00:56Z" user="Tommybara" uid="12198525" lat="19.8065930" lon="105.7740873"/>
 <node id="11646975340" visible="true" version="1" changeset="147710037" timestamp="2024-02-20T22:00:56Z" user="Tommybara" uid="12198525" lat="19.8066321" lon="105.7739438"/>
 <node id="11646975341" visible="true" version="1" changeset="147710037" timestamp="2024-02-20T22:00:56Z" user="Tommybara" uid="12198525" lat="19.8068037" lon="105.7729085"/>
 <node id="11646975342" visible="true" version="1" changeset="147710037" timestamp="2024-02-20T22:00:56Z" user="Tommybara" uid="12198525" lat="19.8068807" lon="105.7724002"/>
 <node id="11646975343" visible="true" version="1" changeset="147710037" timestamp="2024-02-20T22:00:56Z" user="Tommybara" uid="12198525" lat="19.8073236" lon="105.7724538"/>
 <node id="11646975344" visible="true" version="1" changeset="147710037" timestamp="2024-02-20T22:00:56Z" user="Tommybara" uid="12198525" lat="19.8073795" lon="105.7719959"/>
 <node id="11646975345" visible="true" version="1" changeset="147710037" timestamp="2024-02-20T22:00:56Z" user="Tommybara" uid="12198525" lat="19.8054448" lon="105.7756416"/>
 <node id="11646975346" visible="true" version="1" changeset="147710037" timestamp="2024-02-20T22:00:56Z" user="Tommybara" uid="12198525" lat="19.8055066" lon="105.7754680"/>
 <node id="11646975347" visible="true" version="1" changeset="147710037" timestamp="2024-02-20T22:00:56Z" user="Tommybara" uid="12198525" lat="19.8058220" lon="105.7755757"/>
 <node id="11646975348" visible="true" version="1" changeset="147710037" timestamp="2024-02-20T22:00:56Z" user="Tommybara" uid="12198525" lat="19.8040745" lon="105.7788841"/>
 <node id="11646975349" visible="true" version="1" changeset="147710037" timestamp="2024-02-20T22:00:56Z" user="Tommybara" uid="12198525" lat="19.8043285" lon="105.7778581"/>
 <node id="11646975350" visible="true" version="1" changeset="147710037" timestamp="2024-02-20T22:00:56Z" user="Tommybara" uid="12198525" lat="19.8044928" lon="105.7778665"/>
 <node id="11646975351" visible="true" version="1" changeset="147710037" timestamp="2024-02-20T22:00:56Z" user="Tommybara" uid="12198525" lat="19.8045193" lon="105.7776848"/>
 <node id="11646975352" visible="true" version="1" changeset="147710037" timestamp="2024-02-20T22:00:56Z" user="Tommybara" uid="12198525" lat="19.8046209" lon="105.7776835"/>
 <node id="11646975353" visible="true" version="1" changeset="147710037" timestamp="2024-02-20T22:00:56Z" user="Tommybara" uid="12198525" lat="19.8046429" lon="105.7775715"/>
 <node id="11646975354" visible="true" version="1" changeset="147710037" timestamp="2024-02-20T22:00:56Z" user="Tommybara" uid="12198525" lat="19.8047697" lon="105.7775742"/>
 <node id="11646975355" visible="true" version="1" changeset="147710037" timestamp="2024-02-20T22:00:56Z" user="Tommybara" uid="12198525" lat="19.8047742" lon="105.7775319"/>
 <node id="11646975356" visible="true" version="1" changeset="147710037" timestamp="2024-02-20T22:00:56Z" user="Tommybara" uid="12198525" lat="19.8048379" lon="105.7775306"/>
 <node id="11646975357" visible="true" version="1" changeset="147710037" timestamp="2024-02-20T22:00:56Z" user="Tommybara" uid="12198525" lat="19.8048436" lon="105.7774924"/>
 <node id="11646975358" visible="true" version="1" changeset="147710037" timestamp="2024-02-20T22:00:56Z" user="Tommybara" uid="12198525" lat="19.8048972" lon="105.7774910"/>
 <node id="11646975359" visible="true" version="1" changeset="147710037" timestamp="2024-02-20T22:00:56Z" user="Tommybara" uid="12198525" lat="19.8049161" lon="105.7773904"/>
 <node id="11646975360" visible="true" version="1" changeset="147710037" timestamp="2024-02-20T22:00:56Z" user="Tommybara" uid="12198525" lat="19.8048417" lon="105.7773717"/>
 <node id="11646975361" visible="true" version="1" changeset="147710037" timestamp="2024-02-20T22:00:56Z" user="Tommybara" uid="12198525" lat="19.8048530" lon="105.7772376"/>
 <node id="11646975362" visible="true" version="1" changeset="147710037" timestamp="2024-02-20T22:00:56Z" user="Tommybara" uid="12198525" lat="19.8048921" lon="105.7770592"/>
 <node id="11646975363" visible="true" version="1" changeset="147710037" timestamp="2024-02-20T22:00:56Z" user="Tommybara" uid="12198525" lat="19.8049376" lon="105.7770686"/>
 <node id="11646975364" visible="true" version="1" changeset="147710037" timestamp="2024-02-20T22:00:56Z" user="Tommybara" uid="12198525" lat="19.8049776" lon="105.7768730"/>
 <node id="11646975365" visible="true" version="1" changeset="147710037" timestamp="2024-02-20T22:00:56Z" user="Tommybara" uid="12198525" lat="19.8049789" lon="105.7767653"/>
 <node id="11646975366" visible="true" version="1" changeset="147710037" timestamp="2024-02-20T22:00:56Z" user="Tommybara" uid="12198525" lat="19.8049704" lon="105.7769264"/>
 <node id="11646975367" visible="true" version="1" changeset="147710037" timestamp="2024-02-20T22:00:56Z" user="Tommybara" uid="12198525" lat="19.8049805" lon="105.7768191"/>
 <node id="11646975368" visible="true" version="1" changeset="147710037" timestamp="2024-02-20T22:00:56Z" user="Tommybara" uid="12198525" lat="19.8049729" lon="105.7767119"/>
 <node id="11646975369" visible="true" version="1" changeset="147710037" timestamp="2024-02-20T22:00:56Z" user="Tommybara" uid="12198525" lat="19.8049830" lon="105.7766455"/>
 <node id="11646975370" visible="true" version="1" changeset="147710037" timestamp="2024-02-20T22:00:56Z" user="Tommybara" uid="12198525" lat="19.8048833" lon="105.7766233"/>
 <node id="11646975371" visible="true" version="1" changeset="147710037" timestamp="2024-02-20T22:00:56Z" user="Tommybara" uid="12198525" lat="19.8048921" lon="105.7765489"/>
 <node id="11646975372" visible="true" version="1" changeset="147710037" timestamp="2024-02-20T22:00:56Z" user="Tommybara" uid="12198525" lat="19.8048448" lon="105.7765395"/>
 <node id="11646975373" visible="true" version="1" changeset="147710037" timestamp="2024-02-20T22:00:56Z" user="Tommybara" uid="12198525" lat="19.8048732" lon="105.7763437"/>
 <node id="11646975374" visible="true" version="1" changeset="147710037" timestamp="2024-02-20T22:00:56Z" user="Tommybara" uid="12198525" lat="19.8047824" lon="105.7763290"/>
 <node id="11646975375" visible="true" version="1" changeset="147710037" timestamp="2024-02-20T22:00:56Z" user="Tommybara" uid="12198525" lat="19.8049098" lon="105.7757248"/>
 <node id="11646975376" visible="true" version="1" changeset="147710037" timestamp="2024-02-20T22:00:56Z" user="Tommybara" uid="12198525" lat="19.8050801" lon="105.7757784"/>
 <node id="11646975377" visible="true" version="1" changeset="147710037" timestamp="2024-02-20T22:00:56Z" user="Tommybara" uid="12198525" lat="19.8053275" lon="105.7757972"/>
 <node id="11646975378" visible="true" version="1" changeset="147710037" timestamp="2024-02-20T22:00:56Z" user="Tommybara" uid="12198525" lat="19.8026809" lon="105.7797810"/>
 <node id="11646975379" visible="true" version="1" changeset="147710037" timestamp="2024-02-20T22:00:56Z" user="Tommybara" uid="12198525" lat="19.8027648" lon="105.7797857"/>
 <node id="11646975380" visible="true" version="1" changeset="147710037" timestamp="2024-02-20T22:00:56Z" user="Tommybara" uid="12198525" lat="19.8027698" lon="105.7797548"/>
 <node id="11646975381" visible="true" version="1" changeset="147710037" timestamp="2024-02-20T22:00:56Z" user="Tommybara" uid="12198525" lat="19.8029528" lon="105.7797776"/>
 <node id="11646975382" visible="true" version="1" changeset="147710037" timestamp="2024-02-20T22:00:56Z" user="Tommybara" uid="12198525" lat="19.8029465" lon="105.7798178"/>
 <node id="11646975383" visible="true" version="1" changeset="147710037" timestamp="2024-02-20T22:00:56Z" user="Tommybara" uid="12198525" lat="19.8030575" lon="105.7798688"/>
 <node id="11646975384" visible="true" version="1" changeset="147710037" timestamp="2024-02-20T22:00:56Z" user="Tommybara" uid="12198525" lat="19.8030474" lon="105.7799640"/>
 <node id="11646975385" visible="true" version="1" changeset="147710037" timestamp="2024-02-20T22:00:56Z" user="Tommybara" uid="12198525" lat="19.8032998" lon="105.7800391"/>
 <node id="11646975386" visible="true" version="1" changeset="147710037" timestamp="2024-02-20T22:00:56Z" user="Tommybara" uid="12198525" lat="19.8033915" lon="105.7799883"/>
 <node id="11646975387" visible="true" version="1" changeset="147710037" timestamp="2024-02-20T22:00:56Z" user="Tommybara" uid="12198525" lat="19.8034224" lon="105.7798748"/>
 <node id="11646975388" visible="true" version="1" changeset="147710037" timestamp="2024-02-20T22:00:56Z" user="Tommybara" uid="12198525" lat="19.8033856" lon="105.7800445"/>
 <node id="11646975389" visible="true" version="1" changeset="147710037" timestamp="2024-02-20T22:00:56Z" user="Tommybara" uid="12198525" lat="19.8034032" lon="105.7799332"/>
 <node id="11646975390" visible="true" version="1" changeset="147710037" timestamp="2024-02-20T22:00:56Z" user="Tommybara" uid="12198525" lat="19.8034480" lon="105.7798192"/>
 <node id="11646975391" visible="true" version="1" changeset="147710037" timestamp="2024-02-20T22:00:56Z" user="Tommybara" uid="12198525" lat="19.8035111" lon="105.7798266"/>
 <node id="11646975392" visible="true" version="1" changeset="147710037" timestamp="2024-02-20T22:00:56Z" user="Tommybara" uid="12198525" lat="19.8035591" lon="105.7797085"/>
 <node id="11646975393" visible="true" version="1" changeset="147710037" timestamp="2024-02-20T22:00:56Z" user="Tommybara" uid="12198525" lat="19.8036234" lon="105.7793676"/>
 <node id="11646975394" visible="true" version="1" changeset="147710037" timestamp="2024-02-20T22:00:56Z" user="Tommybara" uid="12198525" lat="19.8039543" lon="105.7793931"/>
 <node id="11646975395" visible="true" version="1" changeset="147710037" timestamp="2024-02-20T22:00:56Z" user="Tommybara" uid="12198525" lat="19.8026386" lon="105.7798621"/>
 <node id="11646975396" visible="true" version="1" changeset="147710037" timestamp="2024-02-20T22:00:56Z" user="Tommybara" uid="12198525" lat="19.8023395" lon="105.7798474"/>
 <node id="11646975397" visible="true" version="1" changeset="147710037" timestamp="2024-02-20T22:00:56Z" user="Tommybara" uid="12198525" lat="19.8023358" lon="105.7798849"/>
 <node id="11646975398" visible="true" version="1" changeset="147710037" timestamp="2024-02-20T22:00:56Z" user="Tommybara" uid="12198525" lat="19.8024140" lon="105.7799157"/>
 <node id="11646975399" visible="true" version="1" changeset="147710037" timestamp="2024-02-20T22:00:56Z" user="Tommybara" uid="12198525" lat="19.8023787" lon="105.7801156"/>
 <node id="11646975400" visible="true" version="1" changeset="147710037" timestamp="2024-02-20T22:00:56Z" user="Tommybara" uid="12198525" lat="19.8021970" lon="105.7800753"/>
 <node id="11646975401" visible="true" version="1" changeset="147710037" timestamp="2024-02-20T22:00:56Z" user="Tommybara" uid="12198525" lat="19.8021970" lon="105.7799412"/>
 <node id="11646975402" visible="true" version="1" changeset="147710037" timestamp="2024-02-20T22:00:56Z" user="Tommybara" uid="12198525" lat="19.8017742" lon="105.7799198"/>
 <node id="11646975403" visible="true" version="1" changeset="147710037" timestamp="2024-02-20T22:00:56Z" user="Tommybara" uid="12198525" lat="19.8017395" lon="105.7807063"/>
 <node id="11646975404" visible="true" version="1" changeset="147710037" timestamp="2024-02-20T22:00:56Z" user="Tommybara" uid="12198525" lat="19.8013275" lon="105.7806922"/>
 <node id="11646975405" visible="true" version="1" changeset="147710037" timestamp="2024-02-20T22:00:56Z" user="Tommybara" uid="12198525" lat="19.8010801" lon="105.7807063"/>
 <node id="11646975406" visible="true" version="1" changeset="147710037" timestamp="2024-02-20T22:00:56Z" user="Tommybara" uid="12198525" lat="19.8014424" lon="105.7806906"/>
 <node id="11646975407" visible="true" version="1" changeset="147710037" timestamp="2024-02-20T22:00:56Z" user="Tommybara" uid="12198525" lat="19.8012127" lon="105.7806969"/>
 <node id="11646975408" visible="true" version="1" changeset="147710037" timestamp="2024-02-20T22:00:56Z" user="Tommybara" uid="12198525" lat="19.8009478" lon="105.7807197"/>
 <node id="11646975409" visible="true" version="1" changeset="147710037" timestamp="2024-02-20T22:00:56Z" user="Tommybara" uid="12198525" lat="19.8009389" lon="105.7807774"/>
 <node id="11646975410" visible="true" version="1" changeset="147710037" timestamp="2024-02-20T22:00:56Z" user="Tommybara" uid="12198525" lat="19.8007982" lon="105.7807580"/>
 <node id="11646975411" visible="true" version="1" changeset="147710037" timestamp="2024-02-20T22:00:56Z" user="Tommybara" uid="12198525" lat="19.8007963" lon="105.7807767"/>
 <node id="11646975412" visible="true" version="1" changeset="147710037" timestamp="2024-02-20T22:00:56Z" user="Tommybara" uid="12198525" lat="19.8005566" lon="105.7807513"/>
 <node id="11646975413" visible="true" version="1" changeset="147710037" timestamp="2024-02-20T22:00:56Z" user="Tommybara" uid="12198525" lat="19.8005591" lon="105.7801826"/>
 <node id="11646975414" visible="true" version="1" changeset="147710037" timestamp="2024-02-20T22:00:56Z" user="Tommybara" uid="12198525" lat="19.8005074" lon="105.7801799"/>
 <node id="11646975415" visible="true" version="1" changeset="147710037" timestamp="2024-02-20T22:00:56Z" user="Tommybara" uid="12198525" lat="19.8005011" lon="105.7800968"/>
 <node id="11646975416" visible="true" version="1" changeset="147710037" timestamp="2024-02-20T22:00:56Z" user="Tommybara" uid="12198525" lat="19.8003192" lon="105.7801064"/>
 <node id="11646975417" visible="true" version="1" changeset="147710037" timestamp="2024-02-20T22:00:56Z" user="Tommybara" uid="12198525" lat="19.8003147" lon="105.7804195"/>
 <node id="11646975418" visible="true" version="1" changeset="147710037" timestamp="2024-02-20T22:00:56Z" user="Tommybara" uid="12198525" lat="19.8003309" lon="105.7802739"/>
 <node id="11646975419" visible="true" version="1" changeset="147710037" timestamp="2024-02-20T22:00:56Z" user="Tommybara" uid="12198525" lat="19.8002948" lon="105.7805025"/>
 <node id="11646975420" visible="true" version="1" changeset="147710037" timestamp="2024-02-20T22:00:56Z" user="Tommybara" uid="12198525" lat="19.8003269" lon="105.7803348"/>
 <node id="11646975421" visible="true" version="1" changeset="147710037" timestamp="2024-02-20T22:00:56Z" user="Tommybara" uid="12198525" lat="19.8003249" lon="105.7801422"/>
 <node id="11646975422" visible="true" version="1" changeset="147710037" timestamp="2024-02-20T22:00:56Z" user="Tommybara" uid="12198525" lat="19.8003138" lon="105.7800723"/>
 <node id="11646975423" visible="true" version="1" changeset="147710037" timestamp="2024-02-20T22:00:56Z" user="Tommybara" uid="12198525" lat="19.8002690" lon="105.7799188"/>
 <node id="11646975424" visible="true" version="1" changeset="147710037" timestamp="2024-02-20T22:00:56Z" user="Tommybara" uid="12198525" lat="19.8003307" lon="105.7802128"/>
 <node id="11646975425" visible="true" version="1" changeset="147710037" timestamp="2024-02-20T22:00:56Z" user="Tommybara" uid="12198525" lat="19.8002973" lon="105.7800036"/>
 <node id="11646975426" visible="true" version="1" changeset="147710037" timestamp="2024-02-20T22:00:56Z" user="Tommybara" uid="12198525" lat="19.8002326" lon="105.7798376"/>
 <node id="11646975427" visible="true" version="1" changeset="147710037" timestamp="2024-02-20T22:00:56Z" user="Tommybara" uid="12198525" lat="19.7997355" lon="105.7791517"/>
 <node id="11646975428" visible="true" version="1" changeset="147710037" timestamp="2024-02-20T22:00:56Z" user="Tommybara" uid="12198525" lat="19.7991736" lon="105.7783762"/>
 <node id="11646975429" visible="true" version="1" changeset="147710037" timestamp="2024-02-20T22:00:56Z" user="Tommybara" uid="12198525" lat="19.7986352" lon="105.7776372"/>
 <node id="11646975430" visible="true" version="1" changeset="147710037" timestamp="2024-02-20T22:00:56Z" user="Tommybara" uid="12198525" lat="19.7985851" lon="105.7775381"/>
 <node id="11646975431" visible="true" version="1" changeset="147710037" timestamp="2024-02-20T22:00:56Z" user="Tommybara" uid="12198525" lat="19.7985416" lon="105.7774356"/>
 <node id="11646975432" visible="true" version="1" changeset="147710037" timestamp="2024-02-20T22:00:56Z" user="Tommybara" uid="12198525" lat="19.7984750" lon="105.7772219"/>
 <node id="11646975433" visible="true" version="1" changeset="147710037" timestamp="2024-02-20T22:00:56Z" user="Tommybara" uid="12198525" lat="19.7984523" lon="105.7771117"/>
 <node id="11646975434" visible="true" version="1" changeset="147710037" timestamp="2024-02-20T22:00:56Z" user="Tommybara" uid="12198525" lat="19.7986916" lon="105.7777324"/>
 <node id="11646975435" visible="true" version="1" changeset="147710037" timestamp="2024-02-20T22:00:56Z" user="Tommybara" uid="12198525" lat="19.7985049" lon="105.7773301"/>
 <node id="11646975436" visible="true" version="1" changeset="147710037" timestamp="2024-02-20T22:00:56Z" user="Tommybara" uid="12198525" lat="19.7984367" lon="105.7770002"/>
 <node id="11646975437" visible="true" version="1" changeset="147710037" timestamp="2024-02-20T22:00:56Z" user="Tommybara" uid="12198525" lat="19.7983837" lon="105.7766166"/>
 <node id="11646975438" visible="true" version="1" changeset="147710037" timestamp="2024-02-20T22:00:56Z" user="Tommybara" uid="12198525" lat="19.7982721" lon="105.7764751"/>
 <node id="11646975439" visible="true" version="1" changeset="147710037" timestamp="2024-02-20T22:00:56Z" user="Tommybara" uid="12198525" lat="19.7984771" lon="105.7735777"/>
 <node id="11646975440" visible="true" version="1" changeset="147710037" timestamp="2024-02-20T22:00:56Z" user="Tommybara" uid="12198525" lat="19.7999809" lon="105.7816086"/>
 <node id="11646975441" visible="true" version="1" changeset="147710037" timestamp="2024-02-20T22:00:56Z" user="Tommybara" uid="12198525" lat="19.7992304" lon="105.7813776"/>
 <node id="11646975442" visible="true" version="1" changeset="147710037" timestamp="2024-02-20T22:00:56Z" user="Tommybara" uid="12198525" lat="19.7988084" lon="105.7813487"/>
 <node id="11646975443" visible="true" version="1" changeset="147710037" timestamp="2024-02-20T22:00:56Z" user="Tommybara" uid="12198525" lat="19.7987756" lon="105.7813552"/>
 <node id="11646975444" visible="true" version="1" changeset="147710037" timestamp="2024-02-20T22:00:56Z" user="Tommybara" uid="12198525" lat="19.7987446" lon="105.7813686"/>
 <node id="11646975445" visible="true" version="1" changeset="147710037" timestamp="2024-02-20T22:00:56Z" user="Tommybara" uid="12198525" lat="19.7986931" lon="105.7814140"/>
 <node id="11646975446" visible="true" version="1" changeset="147710037" timestamp="2024-02-20T22:00:56Z" user="Tommybara" uid="12198525" lat="19.7986747" lon="105.7814444"/>
 <node id="11646975447" visible="true" version="1" changeset="147710037" timestamp="2024-02-20T22:00:56Z" user="Tommybara" uid="12198525" lat="19.7988418" lon="105.7813494"/>
 <node id="11646975448" visible="true" version="1" changeset="147710037" timestamp="2024-02-20T22:00:56Z" user="Tommybara" uid="12198525" lat="19.7987169" lon="105.7813883"/>
 <node id="11646975449" visible="true" version="1" changeset="147710037" timestamp="2024-02-20T22:00:56Z" user="Tommybara" uid="12198525" lat="19.7986626" lon="105.7814781"/>
 <node id="11646975450" visible="true" version="1" changeset="147710037" timestamp="2024-02-20T22:00:56Z" user="Tommybara" uid="12198525" lat="19.7985419" lon="105.7817128"/>
 <node id="11646975451" visible="true" version="1" changeset="147710037" timestamp="2024-02-20T22:00:56Z" user="Tommybara" uid="12198525" lat="19.7983709" lon="105.7817095"/>
 <node id="11646975452" visible="true" version="1" changeset="147710037" timestamp="2024-02-20T22:00:56Z" user="Tommybara" uid="12198525" lat="19.7982953" lon="105.7817171"/>
 <node id="11646975453" visible="true" version="1" changeset="147710037" timestamp="2024-02-20T22:00:56Z" user="Tommybara" uid="12198525" lat="19.7986361" lon="105.7817269"/>
 <node id="11646975454" visible="true" version="1" changeset="147710037" timestamp="2024-02-20T22:00:56Z" user="Tommybara" uid="12198525" lat="19.7984468" lon="105.7817075"/>
 <node id="11646975455" visible="true" version="1" changeset="147710037" timestamp="2024-02-20T22:00:56Z" user="Tommybara" uid="12198525" lat="19.7982203" lon="105.7817303"/>
 <node id="11646975456" visible="true" version="1" changeset="147710037" timestamp="2024-02-20T22:00:56Z" user="Tommybara" uid="12198525" lat="19.7976875" lon="105.7818617"/>
 <node id="11646975457" visible="true" version="1" changeset="147710037" timestamp="2024-02-20T22:00:56Z" user="Tommybara" uid="12198525" lat="19.7969352" lon="105.7819542"/>
 <node id="11646975458" visible="true" version="1" changeset="147710037" timestamp="2024-02-20T22:00:56Z" user="Tommybara" uid="12198525" lat="19.7969175" lon="105.7818764"/>
 <node id="11646975459" visible="true" version="1" changeset="147710037" timestamp="2024-02-20T22:00:56Z" user="Tommybara" uid="12198525" lat="19.7968165" lon="105.7814231"/>
 <node id="11646975460" visible="true" version="1" changeset="147710037" timestamp="2024-02-20T22:00:56Z" user="Tommybara" uid="12198525" lat="19.7968317" lon="105.7812394"/>
 <node id="11646975461" visible="true" version="1" changeset="147710037" timestamp="2024-02-20T22:00:56Z" user="Tommybara" uid="12198525" lat="19.7968241" lon="105.7810262"/>
 <node id="11646975462" visible="true" version="1" changeset="147710037" timestamp="2024-02-20T22:00:56Z" user="Tommybara" uid="12198525" lat="19.7966235" lon="105.7810289"/>
 <node id="11646975463" visible="true" version="1" changeset="147710037" timestamp="2024-02-20T22:00:56Z" user="Tommybara" uid="12198525" lat="19.7966210" lon="105.7808056"/>
 <node id="11646975464" visible="true" version="1" changeset="147710037" timestamp="2024-02-20T22:00:56Z" user="Tommybara" uid="12198525" lat="19.7965364" lon="105.7808009"/>
 <node id="11646975465" visible="true" version="1" changeset="147710037" timestamp="2024-02-20T22:00:56Z" user="Tommybara" uid="12198525" lat="19.7963288" lon="105.7805266"/>
 <node id="11646975466" visible="true" version="1" changeset="147710037" timestamp="2024-02-20T22:00:56Z" user="Tommybara" uid="12198525" lat="19.7961825" lon="105.7805689"/>
 <node id="11646975467" visible="true" version="1" changeset="147710037" timestamp="2024-02-20T22:00:56Z" user="Tommybara" uid="12198525" lat="19.7960853" lon="105.7804757"/>
 <node id="11646975468" visible="true" version="1" changeset="147710037" timestamp="2024-02-20T22:00:56Z" user="Tommybara" uid="12198525" lat="19.7956127" lon="105.7806158"/>
 <node id="11646975469" visible="true" version="1" changeset="147710037" timestamp="2024-02-20T22:00:56Z" user="Tommybara" uid="12198525" lat="19.7954563" lon="105.7800740"/>
 <node id="11646975470" visible="true" version="1" changeset="147710037" timestamp="2024-02-20T22:00:56Z" user="Tommybara" uid="12198525" lat="19.7951307" lon="105.7800794"/>
 <node id="11646975471" visible="true" version="1" changeset="147710037" timestamp="2024-02-20T22:00:56Z" user="Tommybara" uid="12198525" lat="19.7950853" lon="105.7784915"/>
 <node id="11646975472" visible="true" version="1" changeset="147710037" timestamp="2024-02-20T22:00:56Z" user="Tommybara" uid="12198525" lat="19.7925060" lon="105.7787061"/>
 <node id="11646975473" visible="true" version="1" changeset="147710037" timestamp="2024-02-20T22:00:56Z" user="Tommybara" uid="12198525" lat="19.7924524" lon="105.7780717"/>
 <node id="11646975474" visible="true" version="1" changeset="147710037" timestamp="2024-02-20T22:00:56Z" user="Tommybara" uid="12198525" lat="19.7921729" lon="105.7780704"/>
 <node id="11646975475" visible="true" version="1" changeset="147710037" timestamp="2024-02-20T22:00:56Z" user="Tommybara" uid="12198525" lat="19.7921653" lon="105.7779738"/>
 <node id="11646975476" visible="true" version="1" changeset="147710037" timestamp="2024-02-20T22:00:56Z" user="Tommybara" uid="12198525" lat="19.7919634" lon="105.7779121"/>
 <node id="11646975477" visible="true" version="1" changeset="147710037" timestamp="2024-02-20T22:00:56Z" user="Tommybara" uid="12198525" lat="19.7918298" lon="105.7776162"/>
 <node id="11646975478" visible="true" version="1" changeset="147710037" timestamp="2024-02-20T22:00:56Z" user="Tommybara" uid="12198525" lat="19.7914934" lon="105.7775664"/>
 <node id="11646975479" visible="true" version="1" changeset="147710037" timestamp="2024-02-20T22:00:56Z" user="Tommybara" uid="12198525" lat="19.7920271" lon="105.7776567"/>
 <node id="11646975480" visible="true" version="1" changeset="147710037" timestamp="2024-02-20T22:00:56Z" user="Tommybara" uid="12198525" lat="19.7916312" lon="105.7775839"/>
 <node id="11646975481" visible="true" version="1" changeset="147710037" timestamp="2024-02-20T22:00:56Z" user="Tommybara" uid="12198525" lat="19.7913552" lon="105.7775527"/>
 <node id="11646975482" visible="true" version="1" changeset="147710037" timestamp="2024-02-20T22:00:56Z" user="Tommybara" uid="12198525" lat="19.7913678" lon="105.7774360"/>
 <node id="11646975483" visible="true" version="1" changeset="147710037" timestamp="2024-02-20T22:00:56Z" user="Tommybara" uid="12198525" lat="19.7911987" lon="105.7774307"/>
 <node id="11646975484" visible="true" version="1" changeset="147710037" timestamp="2024-02-20T22:00:56Z" user="Tommybara" uid="12198525" lat="19.7912252" lon="105.7773408"/>
 <node id="11646975485" visible="true" version="1" changeset="147710037" timestamp="2024-02-20T22:00:56Z" user="Tommybara" uid="12198525" lat="19.7912328" lon="105.7770967"/>
 <node id="11646975486" visible="true" version="1" changeset="147710037" timestamp="2024-02-20T22:00:56Z" user="Tommybara" uid="12198525" lat="19.7918644" lon="105.7770438"/>
 <node id="11646975487" visible="true" version="1" changeset="147710037" timestamp="2024-02-20T22:00:56Z" user="Tommybara" uid="12198525" lat="19.7918650" lon="105.7767380"/>
 <node id="11646975488" visible="true" version="1" changeset="147710037" timestamp="2024-02-20T22:00:56Z" user="Tommybara" uid="12198525" lat="19.7919861" lon="105.7767574"/>
 <node id="11646975489" visible="true" version="1" changeset="147710037" timestamp="2024-02-20T22:00:56Z" user="Tommybara" uid="12198525" lat="19.7920776" lon="105.7767990"/>
 <node id="11646975490" visible="true" version="1" changeset="147710037" timestamp="2024-02-20T22:00:56Z" user="Tommybara" uid="12198525" lat="19.7921066" lon="105.7767353"/>
 <node id="11646975491" visible="true" version="1" changeset="147710037" timestamp="2024-02-20T22:00:56Z" user="Tommybara" uid="12198525" lat="19.7921331" lon="105.7766140"/>
 <node id="11646975492" visible="true" version="1" changeset="147710037" timestamp="2024-02-20T22:00:56Z" user="Tommybara" uid="12198525" lat="19.7922347" lon="105.7766743"/>
 <node id="11646975493" visible="true" version="1" changeset="147710037" timestamp="2024-02-20T22:00:56Z" user="Tommybara" uid="12198525" lat="19.7923394" lon="105.7765442"/>
 <node id="11646975494" visible="true" version="1" changeset="147710037" timestamp="2024-02-20T22:00:56Z" user="Tommybara" uid="12198525" lat="19.7925633" lon="105.7764133"/>
 <node id="11646975495" visible="true" version="1" changeset="147710037" timestamp="2024-02-20T22:00:56Z" user="Tommybara" uid="12198525" lat="19.7926834" lon="105.7762090"/>
 <node id="11646975496" visible="true" version="1" changeset="147710037" timestamp="2024-02-20T22:00:56Z" user="Tommybara" uid="12198525" lat="19.7924360" lon="105.7766126"/>
 <node id="11646975497" visible="true" version="1" changeset="147710037" timestamp="2024-02-20T22:00:56Z" user="Tommybara" uid="12198525" lat="19.7928310" lon="105.7759318"/>
 <node id="11646975498" visible="true" version="1" changeset="147710037" timestamp="2024-02-20T22:00:56Z" user="Tommybara" uid="12198525" lat="19.7928617" lon="105.7758614"/>
 <node id="11646975499" visible="true" version="1" changeset="147710037" timestamp="2024-02-20T22:00:56Z" user="Tommybara" uid="12198525" lat="19.7929116" lon="105.7757121"/>
 <node id="11646975500" visible="true" version="1" changeset="147710037" timestamp="2024-02-20T22:00:56Z" user="Tommybara" uid="12198525" lat="19.7929302" lon="105.7756335"/>
 <node id="11646975501" visible="true" version="1" changeset="147710037" timestamp="2024-02-20T22:00:56Z" user="Tommybara" uid="12198525" lat="19.7929440" lon="105.7755539"/>
 <node id="11646975502" visible="true" version="1" changeset="147710037" timestamp="2024-02-20T22:00:56Z" user="Tommybara" uid="12198525" lat="19.7927962" lon="105.7760001"/>
 <node id="11646975503" visible="true" version="1" changeset="147710037" timestamp="2024-02-20T22:00:56Z" user="Tommybara" uid="12198525" lat="19.7928884" lon="105.7757892"/>
 <node id="11646975504" visible="true" version="1" changeset="147710037" timestamp="2024-02-20T22:00:56Z" user="Tommybara" uid="12198525" lat="19.7930547" lon="105.7744451"/>
 <node id="11646975505" visible="true" version="1" changeset="147710037" timestamp="2024-02-20T22:00:56Z" user="Tommybara" uid="12198525" lat="19.7930850" lon="105.7742432"/>
 <node id="11646975506" visible="true" version="1" changeset="147710037" timestamp="2024-02-20T22:00:56Z" user="Tommybara" uid="12198525" lat="19.7930442" lon="105.7745513"/>
 <node id="11646975507" visible="true" version="1" changeset="147710037" timestamp="2024-02-20T22:00:56Z" user="Tommybara" uid="12198525" lat="19.7930688" lon="105.7743394"/>
 <node id="11646975508" visible="true" version="1" changeset="147710037" timestamp="2024-02-20T22:00:56Z" user="Tommybara" uid="12198525" lat="19.7931041" lon="105.7741477"/>
 <node id="11646975509" visible="true" version="1" changeset="147710037" timestamp="2024-02-20T22:00:56Z" user="Tommybara" uid="12198525" lat="19.7931874" lon="105.7738137"/>
 <node id="11646975510" visible="true" version="1" changeset="147710037" timestamp="2024-02-20T22:00:56Z" user="Tommybara" uid="12198525" lat="19.7941208" lon="105.7742206"/>
 <node id="11646975511" visible="true" version="1" changeset="147710037" timestamp="2024-02-20T22:00:56Z" user="Tommybara" uid="12198525" lat="19.7941420" lon="105.7742537"/>
 <node id="11646975512" visible="true" version="1" changeset="147710037" timestamp="2024-02-20T22:00:56Z" user="Tommybara" uid="12198525" lat="19.7941054" lon="105.7742093"/>
 <node id="11646975513" visible="true" version="1" changeset="147710037" timestamp="2024-02-20T22:00:56Z" user="Tommybara" uid="12198525" lat="19.7941332" lon="105.7742355"/>
 <node id="11646975514" visible="true" version="1" changeset="147710037" timestamp="2024-02-20T22:00:56Z" user="Tommybara" uid="12198525" lat="19.7941461" lon="105.7742737"/>
 <node id="11646975515" visible="true" version="1" changeset="147710037" timestamp="2024-02-20T22:00:56Z" user="Tommybara" uid="12198525" lat="19.7940632" lon="105.7745218"/>
 <node id="11646975516" visible="true" version="1" changeset="147710037" timestamp="2024-02-20T22:00:56Z" user="Tommybara" uid="12198525" lat="19.7947484" lon="105.7747978"/>
 <node id="11646975517" visible="true" version="1" changeset="147710037" timestamp="2024-02-20T22:00:56Z" user="Tommybara" uid="12198525" lat="19.7947657" lon="105.7749825"/>
 <node id="11646975518" visible="true" version="1" changeset="147710037" timestamp="2024-02-20T22:00:56Z" user="Tommybara" uid="12198525" lat="19.7947821" lon="105.7749837"/>
 <node id="11646975519" visible="true" version="1" changeset="147710037" timestamp="2024-02-20T22:00:56Z" user="Tommybara" uid="12198525" lat="19.7948118" lon="105.7749719"/>
 <node id="11646975520" visible="true" version="1" changeset="147710037" timestamp="2024-02-20T22:00:56Z" user="Tommybara" uid="12198525" lat="19.7947503" lon="105.7749765"/>
 <node id="11646975521" visible="true" version="1" changeset="147710037" timestamp="2024-02-20T22:00:56Z" user="Tommybara" uid="12198525" lat="19.7947982" lon="105.7749798"/>
 <node id="11646975522" visible="true" version="1" changeset="147710037" timestamp="2024-02-20T22:00:56Z" user="Tommybara" uid="12198525" lat="19.7948228" lon="105.7749604"/>
 <node id="11646975523" visible="true" version="1" changeset="147710037" timestamp="2024-02-20T22:00:56Z" user="Tommybara" uid="12198525" lat="19.7951238" lon="105.7749825"/>
 <node id="11646975524" visible="true" version="1" changeset="147710037" timestamp="2024-02-20T22:00:56Z" user="Tommybara" uid="12198525" lat="19.7951446" lon="105.7748732"/>
 <node id="11646975525" visible="true" version="1" changeset="147710037" timestamp="2024-02-20T22:00:56Z" user="Tommybara" uid="12198525" lat="19.7954106" lon="105.7749333"/>
 <node id="11646975526" visible="true" version="1" changeset="147710037" timestamp="2024-02-20T22:00:56Z" user="Tommybara" uid="12198525" lat="19.7954322" lon="105.7749349"/>
 <node id="11646975527" visible="true" version="1" changeset="147710037" timestamp="2024-02-20T22:00:56Z" user="Tommybara" uid="12198525" lat="19.7954535" lon="105.7749309"/>
 <node id="11646975528" visible="true" version="1" changeset="147710037" timestamp="2024-02-20T22:00:56Z" user="Tommybara" uid="12198525" lat="19.7954931" lon="105.7749040"/>
 <node id="11646975529" visible="true" version="1" changeset="147710037" timestamp="2024-02-20T22:00:56Z" user="Tommybara" uid="12198525" lat="19.7953900" lon="105.7749262"/>
 <node id="11646975530" visible="true" version="1" changeset="147710037" timestamp="2024-02-20T22:00:56Z" user="Tommybara" uid="12198525" lat="19.7954733" lon="105.7749215"/>
 <node id="11646975531" visible="true" version="1" changeset="147710037" timestamp="2024-02-20T22:00:56Z" user="Tommybara" uid="12198525" lat="19.7955218" lon="105.7748600"/>
 <node id="11646975532" visible="true" version="1" changeset="147710037" timestamp="2024-02-20T22:00:56Z" user="Tommybara" uid="12198525" lat="19.7955618" lon="105.7748386"/>
 <node id="11646975533" visible="true" version="1" changeset="147710037" timestamp="2024-02-20T22:00:56Z" user="Tommybara" uid="12198525" lat="19.7955074" lon="105.7748812"/>
 <node id="11646975534" visible="true" version="1" changeset="147710037" timestamp="2024-02-20T22:00:56Z" user="Tommybara" uid="12198525" lat="19.7955421" lon="105.7748450"/>
 <node id="11646975535" visible="true" version="1" changeset="147710037" timestamp="2024-02-20T22:00:56Z" user="Tommybara" uid="12198525" lat="19.7955824" lon="105.7748383"/>
 <node id="11646975536" visible="true" version="1" changeset="147710037" timestamp="2024-02-20T22:00:56Z" user="Tommybara" uid="12198525" lat="19.7958727" lon="105.7749456"/>
 <node id="11646975537" visible="true" version="1" changeset="147710037" timestamp="2024-02-20T22:00:56Z" user="Tommybara" uid="12198525" lat="19.7960172" lon="105.7742871"/>
 <node id="11646975538" visible="true" version="1" changeset="147710037" timestamp="2024-02-20T22:00:56Z" user="Tommybara" uid="12198525" lat="19.7961844" lon="105.7736461"/>
 <node id="11646975539" visible="true" version="1" changeset="147710037" timestamp="2024-02-20T22:00:56Z" user="Tommybara" uid="12198525" lat="19.7961646" lon="105.7735110"/>
 <node id="11646975540" visible="true" version="1" changeset="147710037" timestamp="2024-02-20T22:00:56Z" user="Tommybara" uid="12198525" lat="19.7962131" lon="105.7733396"/>
 <node id="11646975541" visible="true" version="1" changeset="147710037" timestamp="2024-02-20T22:00:56Z" user="Tommybara" uid="12198525" lat="19.7961238" lon="105.7736112"/>
 <node id="11646975542" visible="true" version="1" changeset="147710037" timestamp="2024-02-20T22:00:56Z" user="Tommybara" uid="12198525" lat="19.7961970" lon="105.7734074"/>
 <node id="11646975543" visible="true" version="1" changeset="147710037" timestamp="2024-02-20T22:00:56Z" user="Tommybara" uid="12198525" lat="19.7962253" lon="105.7732570"/>
 <node id="11646975544" visible="true" version="1" changeset="147710037" timestamp="2024-02-20T22:00:56Z" user="Tommybara" uid="12198525" lat="19.7962118" lon="105.7732366"/>
 <node id="11646975545" visible="true" version="1" changeset="147710037" timestamp="2024-02-20T22:00:56Z" user="Tommybara" uid="12198525" lat="19.7962257" lon="105.7732709"/>
 <node id="11646975546" visible="true" version="1" changeset="147710037" timestamp="2024-02-20T22:00:56Z" user="Tommybara" uid="12198525" lat="19.7962197" lon="105.7732444"/>
 <node id="11646975547" visible="true" version="1" changeset="147710037" timestamp="2024-02-20T22:00:56Z" user="Tommybara" uid="12198525" lat="19.7962020" lon="105.7732320"/>
 <node id="11646975548" visible="true" version="1" changeset="147710037" timestamp="2024-02-20T22:00:56Z" user="Tommybara" uid="12198525" lat="19.7961547" lon="105.7732162"/>
 <node id="11646975549" visible="true" version="1" changeset="147710037" timestamp="2024-02-20T22:00:56Z" user="Tommybara" uid="12198525" lat="19.7961452" lon="105.7732067"/>
 <node id="11646975550" visible="true" version="1" changeset="147710037" timestamp="2024-02-20T22:00:56Z" user="Tommybara" uid="12198525" lat="19.7961375" lon="105.7731841"/>
 <node id="11646975551" visible="true" version="1" changeset="147710037" timestamp="2024-02-20T22:00:56Z" user="Tommybara" uid="12198525" lat="19.7961667" lon="105.7732216"/>
 <node id="11646975552" visible="true" version="1" changeset="147710037" timestamp="2024-02-20T22:00:56Z" user="Tommybara" uid="12198525" lat="19.7961392" lon="105.7731945"/>
 <node id="11646975553" visible="true" version="1" changeset="147710037" timestamp="2024-02-20T22:00:56Z" user="Tommybara" uid="12198525" lat="19.7961461" lon="105.7731670"/>
 <node id="11646975554" visible="true" version="1" changeset="147710037" timestamp="2024-02-20T22:00:56Z" user="Tommybara" uid="12198525" lat="19.7961684" lon="105.7731619"/>
 <node id="11646975555" visible="true" version="1" changeset="147710037" timestamp="2024-02-20T22:00:56Z" user="Tommybara" uid="12198525" lat="19.7961383" lon="105.7731737"/>
 <node id="11646975556" visible="true" version="1" changeset="147710037" timestamp="2024-02-20T22:00:56Z" user="Tommybara" uid="12198525" lat="19.7961553" lon="105.7731630"/>
 <node id="11646975557" visible="true" version="1" changeset="147710037" timestamp="2024-02-20T22:00:56Z" user="Tommybara" uid="12198525" lat="19.7961809" lon="105.7731660"/>
 <node id="11646975558" visible="true" version="1" changeset="147710037" timestamp="2024-02-20T22:00:56Z" user="Tommybara" uid="12198525" lat="19.7962112" lon="105.7731794"/>
 <node id="11646975559" visible="true" version="1" changeset="147710037" timestamp="2024-02-20T22:00:56Z" user="Tommybara" uid="12198525" lat="19.7962411" lon="105.7731847"/>
 <node id="11646975560" visible="true" version="1" changeset="147710037" timestamp="2024-02-20T22:00:56Z" user="Tommybara" uid="12198525" lat="19.7963206" lon="105.7730064"/>
 <node id="11646975561" visible="true" version="1" changeset="147710037" timestamp="2024-02-20T22:00:56Z" user="Tommybara" uid="12198525" lat="19.7959496" lon="105.7728213"/>
 <node id="11646975562" visible="true" version="1" changeset="147710037" timestamp="2024-02-20T22:00:56Z" user="Tommybara" uid="12198525" lat="19.7959850" lon="105.7727247"/>
 <node id="11646975563" visible="true" version="1" changeset="147710037" timestamp="2024-02-20T22:00:56Z" user="Tommybara" uid="12198525" lat="19.7953309" lon="105.7723588"/>
 <node id="11646975564" visible="true" version="1" changeset="147710037" timestamp="2024-02-20T22:00:56Z" user="Tommybara" uid="12198525" lat="19.7953212" lon="105.7724002"/>
 <node id="11646975565" visible="true" version="1" changeset="147710037" timestamp="2024-02-20T22:00:56Z" user="Tommybara" uid="12198525" lat="19.7953561" lon="105.7722883"/>
 <node id="11646975566" visible="true" version="1" changeset="147710037" timestamp="2024-02-20T22:00:56Z" user="Tommybara" uid="12198525" lat="19.7953674" lon="105.7722313"/>
 <node id="11646975567" visible="true" version="1" changeset="147710037" timestamp="2024-02-20T22:00:56Z" user="Tommybara" uid="12198525" lat="19.7953440" lon="105.7723184"/>
 <node id="11646975568" visible="true" version="1" changeset="147710037" timestamp="2024-02-20T22:00:56Z" user="Tommybara" uid="12198525" lat="19.7953641" lon="105.7722567"/>
 <node id="11646975569" visible="true" version="1" changeset="147710037" timestamp="2024-02-20T22:00:56Z" user="Tommybara" uid="12198525" lat="19.7953679" lon="105.7722057"/>
 <node id="11646975570" visible="true" version="1" changeset="147710037" timestamp="2024-02-20T22:00:56Z" user="Tommybara" uid="12198525" lat="19.7953023" lon="105.7721937"/>
 <node id="11646975571" visible="true" version="1" changeset="147710037" timestamp="2024-02-20T22:00:56Z" user="Tommybara" uid="12198525" lat="19.7953036" lon="105.7720958"/>
 <node id="11646975572" visible="true" version="1" changeset="147710037" timestamp="2024-02-20T22:00:56Z" user="Tommybara" uid="12198525" lat="19.7952405" lon="105.7720877"/>
 <node id="11646975573" visible="true" version="1" changeset="147710037" timestamp="2024-02-20T22:00:56Z" user="Tommybara" uid="12198525" lat="19.7952506" lon="105.7719147"/>
 <node id="11646975574" visible="true" version="1" changeset="147710037" timestamp="2024-02-20T22:00:56Z" user="Tommybara" uid="12198525" lat="19.7952203" lon="105.7719080"/>
 <node id="11646975575" visible="true" version="1" changeset="147710037" timestamp="2024-02-20T22:00:56Z" user="Tommybara" uid="12198525" lat="19.7952367" lon="105.7716854"/>
 <node id="11646975576" visible="true" version="1" changeset="147710037" timestamp="2024-02-20T22:00:56Z" user="Tommybara" uid="12198525" lat="19.7953465" lon="105.7717136"/>
 <node id="11646975577" visible="true" version="1" changeset="147710037" timestamp="2024-02-20T22:00:56Z" user="Tommybara" uid="12198525" lat="19.7953389" lon="105.7718047"/>
 <node id="11646975578" visible="true" version="1" changeset="147710037" timestamp="2024-02-20T22:00:56Z" user="Tommybara" uid="12198525" lat="19.7954588" lon="105.7718436"/>
 <node id="11646975579" visible="true" version="1" changeset="147710037" timestamp="2024-02-20T22:00:56Z" user="Tommybara" uid="12198525" lat="19.7955645" lon="105.7717887"/>
 <node id="11646975580" visible="true" version="1" changeset="147710037" timestamp="2024-02-20T22:00:56Z" user="Tommybara" uid="12198525" lat="19.7956014" lon="105.7718611"/>
 <node id="11646975581" visible="true" version="1" changeset="147710037" timestamp="2024-02-20T22:00:56Z" user="Tommybara" uid="12198525" lat="19.7959534" lon="105.7719476"/>
 <node id="11646975582" visible="true" version="1" changeset="147710037" timestamp="2024-02-20T22:00:56Z" user="Tommybara" uid="12198525" lat="19.7959560" lon="105.7719972"/>
 <node id="11646975583" visible="true" version="1" changeset="147710037" timestamp="2024-02-20T22:00:56Z" user="Tommybara" uid="12198525" lat="19.7960222" lon="105.7720026"/>
 <node id="11646975584" visible="true" version="1" changeset="147710037" timestamp="2024-02-20T22:00:56Z" user="Tommybara" uid="12198525" lat="19.7962484" lon="105.7721357"/>
 <node id="11646975585" visible="true" version="1" changeset="147710037" timestamp="2024-02-20T22:00:56Z" user="Tommybara" uid="12198525" lat="19.7961538" lon="105.7723120"/>
 <node id="11646975586" visible="true" version="1" changeset="147710037" timestamp="2024-02-20T22:00:56Z" user="Tommybara" uid="12198525" lat="19.7962992" lon="105.7723908"/>
 <node id="11646975587" visible="true" version="1" changeset="147710037" timestamp="2024-02-20T22:00:56Z" user="Tommybara" uid="12198525" lat="19.7963648" lon="105.7722527"/>
 <node id="11646975588" visible="true" version="1" changeset="147710037" timestamp="2024-02-20T22:00:56Z" user="Tommybara" uid="12198525" lat="19.7964746" lon="105.7723117"/>
 <node id="11646975589" visible="true" version="1" changeset="147710037" timestamp="2024-02-20T22:00:56Z" user="Tommybara" uid="12198525" lat="19.7964986" lon="105.7722701"/>
 <node id="11646975590" visible="true" version="1" changeset="147710037" timestamp="2024-02-20T22:00:56Z" user="Tommybara" uid="12198525" lat="19.7965465" lon="105.7722875"/>
 <node id="11646975591" visible="true" version="1" changeset="147710037" timestamp="2024-02-20T22:00:56Z" user="Tommybara" uid="12198525" lat="19.7965881" lon="105.7721843"/>
 <node id="11646975592" visible="true" version="1" changeset="147710037" timestamp="2024-02-20T22:00:56Z" user="Tommybara" uid="12198525" lat="19.7966260" lon="105.7721937"/>
 <node id="11646975593" visible="true" version="1" changeset="147710037" timestamp="2024-02-20T22:00:56Z" user="Tommybara" uid="12198525" lat="19.7966765" lon="105.7720971"/>
 <node id="11646975594" visible="true" version="1" changeset="147710037" timestamp="2024-02-20T22:00:56Z" user="Tommybara" uid="12198525" lat="19.7968077" lon="105.7721534"/>
 <node id="11646975595" visible="true" version="1" changeset="147710037" timestamp="2024-02-20T22:00:56Z" user="Tommybara" uid="12198525" lat="19.7969421" lon="105.7718490"/>
 <node id="11646975596" visible="true" version="1" changeset="147710037" timestamp="2024-02-20T22:00:56Z" user="Tommybara" uid="12198525" lat="19.7969017" lon="105.7718175"/>
 <node id="11646975597" visible="true" version="1" changeset="147710037" timestamp="2024-02-20T22:00:56Z" user="Tommybara" uid="12198525" lat="19.7968620" lon="105.7717773"/>
 <node id="11646975598" visible="true" version="1" changeset="147710037" timestamp="2024-02-20T22:00:56Z" user="Tommybara" uid="12198525" lat="19.7970053" lon="105.7716210"/>
 <node id="11646975599" visible="true" version="1" changeset="147710037" timestamp="2024-02-20T22:00:56Z" user="Tommybara" uid="12198525" lat="19.7971425" lon="105.7716730"/>
 <node id="11646975600" visible="true" version="1" changeset="147710037" timestamp="2024-02-20T22:00:56Z" user="Tommybara" uid="12198525" lat="19.7969389" lon="105.7715821"/>
 <node id="11646975601" visible="true" version="1" changeset="147710037" timestamp="2024-02-20T22:00:56Z" user="Tommybara" uid="12198525" lat="19.7970752" lon="105.7716519"/>
 <node id="11646975602" visible="true" version="1" changeset="147710037" timestamp="2024-02-20T22:00:56Z" user="Tommybara" uid="12198525" lat="19.7972115" lon="105.7716867"/>
 <node id="11646975603" visible="true" version="1" changeset="147710037" timestamp="2024-02-20T22:00:56Z" user="Tommybara" uid="12198525" lat="19.7973528" lon="105.7713622"/>
 <node id="11646975604" visible="true" version="1" changeset="147710037" timestamp="2024-02-20T22:00:56Z" user="Tommybara" uid="12198525" lat="19.7973352" lon="105.7713541"/>
 <node id="11646975605" visible="true" version="1" changeset="147710037" timestamp="2024-02-20T22:00:56Z" user="Tommybara" uid="12198525" lat="19.7974014" lon="105.7711939"/>
 <node id="11646975606" visible="true" version="1" changeset="147710037" timestamp="2024-02-20T22:00:56Z" user="Tommybara" uid="12198525" lat="19.7972953" lon="105.7711323"/>
 <node id="11646975607" visible="true" version="1" changeset="147710037" timestamp="2024-02-20T22:00:56Z" user="Tommybara" uid="12198525" lat="19.7972199" lon="105.7710584"/>
 <node id="11646975608" visible="true" version="1" changeset="147710037" timestamp="2024-02-20T22:00:56Z" user="Tommybara" uid="12198525" lat="19.7971891" lon="105.7710173"/>
 <node id="11646975609" visible="true" version="1" changeset="147710037" timestamp="2024-02-20T22:00:56Z" user="Tommybara" uid="12198525" lat="19.7973396" lon="105.7711637"/>
 <node id="11646975610" visible="true" version="1" changeset="147710037" timestamp="2024-02-20T22:00:56Z" user="Tommybara" uid="12198525" lat="19.7972544" lon="105.7710960"/>
 <node id="11646975611" visible="true" version="1" changeset="147710037" timestamp="2024-02-20T22:00:56Z" user="Tommybara" uid="12198525" lat="19.7972935" lon="105.7708985"/>
 <node id="11646975612" visible="true" version="1" changeset="147710037" timestamp="2024-02-20T22:00:56Z" user="Tommybara" uid="12198525" lat="19.7974207" lon="105.7708162"/>
 <node id="11646975613" visible="true" version="1" changeset="147710037" timestamp="2024-02-20T22:00:56Z" user="Tommybara" uid="12198525" lat="19.7976411" lon="105.7706471"/>
 <node id="11646975614" visible="true" version="1" changeset="147710037" timestamp="2024-02-20T22:00:56Z" user="Tommybara" uid="12198525" lat="19.7977354" lon="105.7705629"/>
 <node id="11646975615" visible="true" version="1" changeset="147710037" timestamp="2024-02-20T22:00:56Z" user="Tommybara" uid="12198525" lat="19.7971623" lon="105.7709733"/>
 <node id="11646975616" visible="true" version="1" changeset="147710037" timestamp="2024-02-20T22:00:56Z" user="Tommybara" uid="12198525" lat="19.7975434" lon="105.7707265"/>
 <node id="11646975617" visible="true" version="1" changeset="147710037" timestamp="2024-02-20T22:00:56Z" user="Tommybara" uid="12198525" lat="19.7978260" lon="105.7704744"/>
 <node id="11646975618" visible="true" version="1" changeset="147710037" timestamp="2024-02-20T22:00:56Z" user="Tommybara" uid="12198525" lat="19.7980664" lon="105.7701919"/>
 <node id="11646975645" visible="true" version="1" changeset="147710037" timestamp="2024-02-20T22:00:56Z" user="Tommybara" uid="12198525" lat="19.7987295" lon="105.7705156"/>
 <node id="11647407390" visible="true" version="1" changeset="147713769" timestamp="2024-02-21T01:23:06Z" user="Tommybara" uid="12198525" lat="19.7767482" lon="105.7711979"/>
 <node id="11647407391" visible="true" version="1" changeset="147713769" timestamp="2024-02-21T01:23:06Z" user="Tommybara" uid="12198525" lat="19.7770460" lon="105.7707258"/>
 <node id="11647407392" visible="true" version="1" changeset="147713769" timestamp="2024-02-21T01:23:06Z" user="Tommybara" uid="12198525" lat="19.7771634" lon="105.7708150"/>
 <node id="11647407393" visible="true" version="1" changeset="147713769" timestamp="2024-02-21T01:23:06Z" user="Tommybara" uid="12198525" lat="19.7744801" lon="105.7716255"/>
 <node id="11647407394" visible="true" version="1" changeset="147713769" timestamp="2024-02-21T01:23:06Z" user="Tommybara" uid="12198525" lat="19.7746507" lon="105.7713072"/>
 <node id="11647407395" visible="true" version="1" changeset="147713769" timestamp="2024-02-21T01:23:06Z" user="Tommybara" uid="12198525" lat="19.7743693" lon="105.7710591"/>
 <node id="11647407396" visible="true" version="1" changeset="147713769" timestamp="2024-02-21T01:23:06Z" user="Tommybara" uid="12198525" lat="19.7750487" lon="105.7700655"/>
 <node id="11647407397" visible="true" version="1" changeset="147713769" timestamp="2024-02-21T01:23:06Z" user="Tommybara" uid="12198525" lat="19.7809999" lon="105.7735515"/>
 <node id="11647407398" visible="true" version="1" changeset="147713769" timestamp="2024-02-21T01:23:06Z" user="Tommybara" uid="12198525" lat="19.7809886" lon="105.7735182"/>
 <node id="11647407399" visible="true" version="1" changeset="147713769" timestamp="2024-02-21T01:23:06Z" user="Tommybara" uid="12198525" lat="19.7810111" lon="105.7735643"/>
 <node id="11647407400" visible="true" version="1" changeset="147713769" timestamp="2024-02-21T01:23:06Z" user="Tommybara" uid="12198525" lat="19.7809922" lon="105.7735361"/>
 <node id="11647407401" visible="true" version="1" changeset="147713769" timestamp="2024-02-21T01:23:06Z" user="Tommybara" uid="12198525" lat="19.7809897" lon="105.7734999"/>
 <node id="11647407402" visible="true" version="1" changeset="147713769" timestamp="2024-02-21T01:23:06Z" user="Tommybara" uid="12198525" lat="19.7810175" lon="105.7734530"/>
 <node id="11647407403" visible="true" version="1" changeset="147713769" timestamp="2024-02-21T01:23:06Z" user="Tommybara" uid="12198525" lat="19.7809733" lon="105.7734235"/>
 <node id="11647407404" visible="true" version="1" changeset="147713769" timestamp="2024-02-21T01:23:06Z" user="Tommybara" uid="12198525" lat="19.7808560" lon="105.7733157"/>
 <node id="11647407405" visible="true" version="1" changeset="147713769" timestamp="2024-02-21T01:23:06Z" user="Tommybara" uid="12198525" lat="19.7809127" lon="105.7733242"/>
 <node id="11647407406" visible="true" version="1" changeset="147713769" timestamp="2024-02-21T01:23:06Z" user="Tommybara" uid="12198525" lat="19.7807679" lon="105.7732901"/>
 <node id="11647407407" visible="true" version="1" changeset="147713769" timestamp="2024-02-21T01:23:06Z" user="Tommybara" uid="12198525" lat="19.7807376" lon="105.7732733"/>
 <node id="11647407408" visible="true" version="1" changeset="147713769" timestamp="2024-02-21T01:23:06Z" user="Tommybara" uid="12198525" lat="19.7807103" lon="105.7732514"/>
 <node id="11647407409" visible="true" version="1" changeset="147713769" timestamp="2024-02-21T01:23:06Z" user="Tommybara" uid="12198525" lat="19.7806700" lon="105.7731989"/>
 <node id="11647407410" visible="true" version="1" changeset="147713769" timestamp="2024-02-21T01:23:06Z" user="Tommybara" uid="12198525" lat="19.7806569" lon="105.7731706"/>
 <node id="11647407411" visible="true" version="1" changeset="147713769" timestamp="2024-02-21T01:23:06Z" user="Tommybara" uid="12198525" lat="19.7808004" lon="105.7733014"/>
 <node id="11647407412" visible="true" version="1" changeset="147713769" timestamp="2024-02-21T01:23:06Z" user="Tommybara" uid="12198525" lat="19.7806868" lon="105.7732250"/>
 <node id="11647407413" visible="true" version="1" changeset="147713769" timestamp="2024-02-21T01:23:06Z" user="Tommybara" uid="12198525" lat="19.7806477" lon="105.7731405"/>
 <node id="11647407414" visible="true" version="1" changeset="147713769" timestamp="2024-02-21T01:23:06Z" user="Tommybara" uid="12198525" lat="19.7806490" lon="105.7729316"/>
 <node id="11647407415" visible="true" version="1" changeset="147713769" timestamp="2024-02-21T01:23:06Z" user="Tommybara" uid="12198525" lat="19.7803928" lon="105.7728682"/>
 <node id="11647407416" visible="true" version="1" changeset="147713769" timestamp="2024-02-21T01:23:06Z" user="Tommybara" uid="12198525" lat="19.7802684" lon="105.7729535"/>
 <node id="11647407417" visible="true" version="1" changeset="147713769" timestamp="2024-02-21T01:23:06Z" user="Tommybara" uid="12198525" lat="19.7803404" lon="105.7729963"/>
 <node id="11647407418" visible="true" version="1" changeset="147713769" timestamp="2024-02-21T01:23:06Z" user="Tommybara" uid="12198525" lat="19.7802931" lon="105.7729708"/>
 <node id="11647407419" visible="true" version="1" changeset="147713769" timestamp="2024-02-21T01:23:06Z" user="Tommybara" uid="12198525" lat="19.7802451" lon="105.7729340"/>
 <node id="11647407420" visible="true" version="1" changeset="147713769" timestamp="2024-02-21T01:23:06Z" user="Tommybara" uid="12198525" lat="19.7802641" lon="105.7728830"/>
 <node id="11647407421" visible="true" version="1" changeset="147713769" timestamp="2024-02-21T01:23:06Z" user="Tommybara" uid="12198525" lat="19.7802653" lon="105.7728133"/>
 <node id="11647407422" visible="true" version="1" changeset="147713769" timestamp="2024-02-21T01:23:06Z" user="Tommybara" uid="12198525" lat="19.7801019" lon="105.7727522"/>
 <node id="11647407423" visible="true" version="1" changeset="147713769" timestamp="2024-02-21T01:23:06Z" user="Tommybara" uid="12198525" lat="19.7799460" lon="105.7726470"/>
 <node id="11647407424" visible="true" version="1" changeset="147713769" timestamp="2024-02-21T01:23:06Z" user="Tommybara" uid="12198525" lat="19.7799372" lon="105.7726617"/>
 <node id="11647407425" visible="true" version="1" changeset="147713769" timestamp="2024-02-21T01:23:06Z" user="Tommybara" uid="12198525" lat="19.7797340" lon="105.7725745"/>
 <node id="11647407426" visible="true" version="1" changeset="147713769" timestamp="2024-02-21T01:23:06Z" user="Tommybara" uid="12198525" lat="19.7796924" lon="105.7726282"/>
 <node id="11647407427" visible="true" version="1" changeset="147713769" timestamp="2024-02-21T01:23:06Z" user="Tommybara" uid="12198525" lat="19.7795107" lon="105.7725370"/>
 <node id="11647407428" visible="true" version="1" changeset="147713769" timestamp="2024-02-21T01:23:06Z" user="Tommybara" uid="12198525" lat="19.7794248" lon="105.7724673"/>
 <node id="11647407429" visible="true" version="1" changeset="147713769" timestamp="2024-02-21T01:23:06Z" user="Tommybara" uid="12198525" lat="19.7792213" lon="105.7723107"/>
 <node id="11647407430" visible="true" version="1" changeset="147713769" timestamp="2024-02-21T01:23:06Z" user="Tommybara" uid="12198525" lat="19.7792595" lon="105.7723828"/>
 <node id="11647407431" visible="true" version="1" changeset="147713769" timestamp="2024-02-21T01:23:06Z" user="Tommybara" uid="12198525" lat="19.7791654" lon="105.7722174"/>
 <node id="11647407432" visible="true" version="1" changeset="147713769" timestamp="2024-02-21T01:23:06Z" user="Tommybara" uid="12198525" lat="19.7791456" lon="105.7721991"/>
 <node id="11647407433" visible="true" version="1" changeset="147713769" timestamp="2024-02-21T01:23:06Z" user="Tommybara" uid="12198525" lat="19.7791800" lon="105.7722406"/>
 <node id="11647407434" visible="true" version="1" changeset="147713769" timestamp="2024-02-21T01:23:06Z" user="Tommybara" uid="12198525" lat="19.7791220" lon="105.7721870"/>
 <node id="11647407435" visible="true" version="1" changeset="147713769" timestamp="2024-02-21T01:23:06Z" user="Tommybara" uid="12198525" lat="19.7790917" lon="105.7721816"/>
 <node id="11647407436" visible="true" version="1" changeset="147713769" timestamp="2024-02-21T01:23:06Z" user="Tommybara" uid="12198525" lat="19.7790715" lon="105.7722332"/>
 <node id="11647407437" visible="true" version="1" changeset="147713769" timestamp="2024-02-21T01:23:06Z" user="Tommybara" uid="12198525" lat="19.7790387" lon="105.7722245"/>
 <node id="11647407438" visible="true" version="1" changeset="147713769" timestamp="2024-02-21T01:23:06Z" user="Tommybara" uid="12198525" lat="19.7790450" lon="105.7721950"/>
 <node id="11647407439" visible="true" version="1" changeset="147713769" timestamp="2024-02-21T01:23:06Z" user="Tommybara" uid="12198525" lat="19.7789402" lon="105.7721212"/>
 <node id="11647407440" visible="true" version="1" changeset="147713769" timestamp="2024-02-21T01:23:06Z" user="Tommybara" uid="12198525" lat="19.7788929" lon="105.7721977"/>
 <node id="11647407441" visible="true" version="1" changeset="147713769" timestamp="2024-02-21T01:23:06Z" user="Tommybara" uid="12198525" lat="19.7787995" lon="105.7721414"/>
 <node id="11647407442" visible="true" version="1" changeset="147713769" timestamp="2024-02-21T01:23:06Z" user="Tommybara" uid="12198525" lat="19.7788317" lon="105.7720783"/>
 <node id="11647407443" visible="true" version="1" changeset="147713769" timestamp="2024-02-21T01:23:06Z" user="Tommybara" uid="12198525" lat="19.7786853" lon="105.7719845"/>
 <node id="11647407444" visible="true" version="1" changeset="147713769" timestamp="2024-02-21T01:23:06Z" user="Tommybara" uid="12198525" lat="19.7786472" lon="105.7718396"/>
 <node id="11647407445" visible="true" version="1" changeset="147713769" timestamp="2024-02-21T01:23:06Z" user="Tommybara" uid="12198525" lat="19.7785656" lon="105.7718005"/>
 <node id="11647407446" visible="true" version="1" changeset="147713769" timestamp="2024-02-21T01:23:06Z" user="Tommybara" uid="12198525" lat="19.7784814" lon="105.7717683"/>
 <node id="11647407447" visible="true" version="1" changeset="147713769" timestamp="2024-02-21T01:23:06Z" user="Tommybara" uid="12198525" lat="19.7783022" lon="105.7717242"/>
 <node id="11647407448" visible="true" version="1" changeset="147713769" timestamp="2024-02-21T01:23:06Z" user="Tommybara" uid="12198525" lat="19.7787257" lon="105.7718852"/>
 <node id="11647407449" visible="true" version="1" changeset="147713769" timestamp="2024-02-21T01:23:06Z" user="Tommybara" uid="12198525" lat="19.7783951" lon="105.7717431"/>
 <node id="11647407450" visible="true" version="1" changeset="147713769" timestamp="2024-02-21T01:23:06Z" user="Tommybara" uid="12198525" lat="19.7782083" lon="105.7717136"/>
 <node id="11647407451" visible="true" version="1" changeset="147713769" timestamp="2024-02-21T01:23:06Z" user="Tommybara" uid="12198525" lat="19.7781048" lon="105.7716613"/>
 <node id="11647407452" visible="true" version="1" changeset="147713769" timestamp="2024-02-21T01:23:06Z" user="Tommybara" uid="12198525" lat="19.7780430" lon="105.7716317"/>
 <node id="11647407453" visible="true" version="1" changeset="147713769" timestamp="2024-02-21T01:23:06Z" user="Tommybara" uid="12198525" lat="19.7779773" lon="105.7716103"/>
 <node id="11647407454" visible="true" version="1" changeset="147713769" timestamp="2024-02-21T01:23:06Z" user="Tommybara" uid="12198525" lat="19.7779572" lon="105.7716385"/>
 <node id="11647407455" visible="true" version="1" changeset="147713769" timestamp="2024-02-21T01:23:06Z" user="Tommybara" uid="12198525" lat="19.7778966" lon="105.7716009"/>
 <node id="11647407456" visible="true" version="1" changeset="147713769" timestamp="2024-02-21T01:23:06Z" user="Tommybara" uid="12198525" lat="19.7779344" lon="105.7713971"/>
 <node id="11647407457" visible="true" version="1" changeset="147713769" timestamp="2024-02-21T01:23:06Z" user="Tommybara" uid="12198525" lat="19.7778524" lon="105.7713421"/>
 <node id="11647407458" visible="true" version="1" changeset="147713769" timestamp="2024-02-21T01:23:06Z" user="Tommybara" uid="12198525" lat="19.7779420" lon="105.7711905"/>
 <node id="11647407459" visible="true" version="1" changeset="147713769" timestamp="2024-02-21T01:23:06Z" user="Tommybara" uid="12198525" lat="19.7777275" lon="105.7710417"/>
 <node id="11647407460" visible="true" version="1" changeset="147713769" timestamp="2024-02-21T01:23:06Z" user="Tommybara" uid="12198525" lat="19.7777079" lon="105.7710718"/>
 <node id="11647407461" visible="true" version="1" changeset="147713769" timestamp="2024-02-21T01:23:06Z" user="Tommybara" uid="12198525" lat="19.7775521" lon="105.7709813"/>
 <node id="11647407462" visible="true" version="1" changeset="147713769" timestamp="2024-02-21T01:23:06Z" user="Tommybara" uid="12198525" lat="19.7772283" lon="105.7707131"/>
 <node id="11647407463" visible="true" version="1" changeset="147713769" timestamp="2024-02-21T01:23:06Z" user="Tommybara" uid="12198525" lat="19.7810414" lon="105.7735844"/>
 <node id="11647407464" visible="true" version="1" changeset="147713769" timestamp="2024-02-21T01:23:06Z" user="Tommybara" uid="12198525" lat="19.7808875" lon="105.7738405"/>
 <node id="11647407465" visible="true" version="1" changeset="147713769" timestamp="2024-02-21T01:23:06Z" user="Tommybara" uid="12198525" lat="19.7814453" lon="105.7741986"/>
 <node id="11647407466" visible="true" version="1" changeset="147713769" timestamp="2024-02-21T01:23:06Z" user="Tommybara" uid="12198525" lat="19.7815563" lon="105.7739706"/>
 <node id="11647407467" visible="true" version="1" changeset="147713769" timestamp="2024-02-21T01:23:06Z" user="Tommybara" uid="12198525" lat="19.7816762" lon="105.7740404"/>
 <node id="11647407468" visible="true" version="1" changeset="147713769" timestamp="2024-02-21T01:23:06Z" user="Tommybara" uid="12198525" lat="19.7817818" lon="105.7741322"/>
 <node id="11647412769" visible="true" version="1" changeset="147713769" timestamp="2024-02-21T01:23:06Z" user="Tommybara" uid="12198525" lat="19.7818512" lon="105.7741579"/>
 <node id="11647412770" visible="true" version="1" changeset="147713769" timestamp="2024-02-21T01:23:06Z" user="Tommybara" uid="12198525" lat="19.7817494" lon="105.7741088"/>
 <node id="11647412771" visible="true" version="1" changeset="147713769" timestamp="2024-02-21T01:23:06Z" user="Tommybara" uid="12198525" lat="19.7818175" lon="105.7741490"/>
 <node id="11647412772" visible="true" version="1" changeset="147713769" timestamp="2024-02-21T01:23:06Z" user="Tommybara" uid="12198525" lat="19.7818857" lon="105.7741611"/>
 <node id="11647412773" visible="true" version="1" changeset="147713769" timestamp="2024-02-21T01:23:06Z" user="Tommybara" uid="12198525" lat="19.7819866" lon="105.7741597"/>
 <node id="11647412774" visible="true" version="1" changeset="147713769" timestamp="2024-02-21T01:23:06Z" user="Tommybara" uid="12198525" lat="19.7820068" lon="105.7741168"/>
 <node id="11647412775" visible="true" version="1" changeset="147713769" timestamp="2024-02-21T01:23:06Z" user="Tommybara" uid="12198525" lat="19.7823940" lon="105.7743058"/>
 <node id="11647412776" visible="true" version="1" changeset="147713769" timestamp="2024-02-21T01:23:06Z" user="Tommybara" uid="12198525" lat="19.7824715" lon="105.7743721"/>
 <node id="11647412777" visible="true" version="1" changeset="147713769" timestamp="2024-02-21T01:23:06Z" user="Tommybara" uid="12198525" lat="19.7826085" lon="105.7745167"/>
 <node id="11647412778" visible="true" version="1" changeset="147713769" timestamp="2024-02-21T01:23:06Z" user="Tommybara" uid="12198525" lat="19.7826679" lon="105.7745937"/>
 <node id="11647412779" visible="true" version="1" changeset="147713769" timestamp="2024-02-21T01:23:06Z" user="Tommybara" uid="12198525" lat="19.7823122" lon="105.7742456"/>
 <node id="11647412780" visible="true" version="1" changeset="147713769" timestamp="2024-02-21T01:23:06Z" user="Tommybara" uid="12198525" lat="19.7825444" lon="105.7744440"/>
 <node id="11647412781" visible="true" version="1" changeset="147713769" timestamp="2024-02-21T01:23:06Z" user="Tommybara" uid="12198525" lat="19.7827224" lon="105.7746747"/>
 <node id="11647412782" visible="true" version="1" changeset="147713769" timestamp="2024-02-21T01:23:06Z" user="Tommybara" uid="12198525" lat="19.7827845" lon="105.7748040"/>
 <node id="11647412783" visible="true" version="1" changeset="147713769" timestamp="2024-02-21T01:23:06Z" user="Tommybara" uid="12198525" lat="19.7829104" lon="105.7748880"/>
 <node id="11647412784" visible="true" version="1" changeset="147713769" timestamp="2024-02-21T01:23:06Z" user="Tommybara" uid="12198525" lat="19.7827236" lon="105.7747498"/>
 <node id="11647412785" visible="true" version="1" changeset="147713769" timestamp="2024-02-21T01:23:06Z" user="Tommybara" uid="12198525" lat="19.7828498" lon="105.7748517"/>
 <node id="11647412786" visible="true" version="1" changeset="147713769" timestamp="2024-02-21T01:23:06Z" user="Tommybara" uid="12198525" lat="19.7829735" lon="105.7749188"/>
 <node id="11647412787" visible="true" version="1" changeset="147713769" timestamp="2024-02-21T01:23:06Z" user="Tommybara" uid="12198525" lat="19.7834303" lon="105.7750878"/>
 <node id="11647412788" visible="true" version="1" changeset="147713769" timestamp="2024-02-21T01:23:06Z" user="Tommybara" uid="12198525" lat="19.7837887" lon="105.7752476"/>
 <node id="11647412789" visible="true" version="1" changeset="147713769" timestamp="2024-02-21T01:23:06Z" user="Tommybara" uid="12198525" lat="19.7840518" lon="105.7753620"/>
 <node id="11647412790" visible="true" version="1" changeset="147713769" timestamp="2024-02-21T01:23:06Z" user="Tommybara" uid="12198525" lat="19.7836474" lon="105.7751763"/>
 <node id="11647412791" visible="true" version="1" changeset="147713769" timestamp="2024-02-21T01:23:06Z" user="Tommybara" uid="12198525" lat="19.7839326" lon="105.7753131"/>
 <node id="11647412792" visible="true" version="1" changeset="147713769" timestamp="2024-02-21T01:23:06Z" user="Tommybara" uid="12198525" lat="19.7841724" lon="105.7754070"/>
 <node id="11647412793" visible="true" version="1" changeset="147713769" timestamp="2024-02-21T01:23:06Z" user="Tommybara" uid="12198525" lat="19.7848084" lon="105.7756644"/>
 <node id="11647412794" visible="true" version="1" changeset="147713769" timestamp="2024-02-21T01:23:06Z" user="Tommybara" uid="12198525" lat="19.7851104" lon="105.7757275"/>
 <node id="11647412795" visible="true" version="1" changeset="147713769" timestamp="2024-02-21T01:23:06Z" user="Tommybara" uid="12198525" lat="19.7851643" lon="105.7757727"/>
 <node id="11647412796" visible="true" version="1" changeset="147713769" timestamp="2024-02-21T01:23:06Z" user="Tommybara" uid="12198525" lat="19.7850885" lon="105.7756980"/>
 <node id="11647412797" visible="true" version="1" changeset="147713769" timestamp="2024-02-21T01:23:06Z" user="Tommybara" uid="12198525" lat="19.7851365" lon="105.7757530"/>
 <node id="11647412798" visible="true" version="1" changeset="147713769" timestamp="2024-02-21T01:23:06Z" user="Tommybara" uid="12198525" lat="19.7855208" lon="105.7759118"/>
 <node id="11647412799" visible="true" version="1" changeset="147713769" timestamp="2024-02-21T01:23:06Z" user="Tommybara" uid="12198525" lat="19.7851945" lon="105.7757878"/>
 <node id="11647412800" visible="true" version="1" changeset="147713769" timestamp="2024-02-21T01:23:06Z" user="Tommybara" uid="12198525" lat="19.7853712" lon="105.7758576"/>
 <node id="11647412801" visible="true" version="1" changeset="147713769" timestamp="2024-02-21T01:23:06Z" user="Tommybara" uid="12198525" lat="19.7856715" lon="105.7759622"/>
 <node id="11647412802" visible="true" version="1" changeset="147713769" timestamp="2024-02-21T01:23:06Z" user="Tommybara" uid="12198525" lat="19.7860476" lon="105.7761043"/>
 <node id="11647412803" visible="true" version="1" changeset="147713769" timestamp="2024-02-21T01:23:06Z" user="Tommybara" uid="12198525" lat="19.7863265" lon="105.7762143"/>
 <node id="11647412804" visible="true" version="1" changeset="147713769" timestamp="2024-02-21T01:23:06Z" user="Tommybara" uid="12198525" lat="19.7863719" lon="105.7761794"/>
 <node id="11647412805" visible="true" version="1" changeset="147713769" timestamp="2024-02-21T01:23:06Z" user="Tommybara" uid="12198525" lat="19.7865608" lon="105.7761465"/>
 <node id="11647412806" visible="true" version="1" changeset="147713769" timestamp="2024-02-21T01:23:06Z" user="Tommybara" uid="12198525" lat="19.7865736" lon="105.7761509"/>
 <node id="11647412807" visible="true" version="1" changeset="147713769" timestamp="2024-02-21T01:23:06Z" user="Tommybara" uid="12198525" lat="19.7865926" lon="105.7761711"/>
 <node id="11647412808" visible="true" version="1" changeset="147713769" timestamp="2024-02-21T01:23:06Z" user="Tommybara" uid="12198525" lat="19.7865967" lon="105.7761850"/>
 <node id="11647412809" visible="true" version="1" changeset="147713769" timestamp="2024-02-21T01:23:06Z" user="Tommybara" uid="12198525" lat="19.7865473" lon="105.7761466"/>
 <node id="11647412810" visible="true" version="1" changeset="147713769" timestamp="2024-02-21T01:23:06Z" user="Tommybara" uid="12198525" lat="19.7865845" lon="105.7761593"/>
 <node id="11647412811" visible="true" version="1" changeset="147713769" timestamp="2024-02-21T01:23:06Z" user="Tommybara" uid="12198525" lat="19.7865965" lon="105.7761995"/>
 <node id="11647412812" visible="true" version="1" changeset="147713769" timestamp="2024-02-21T01:23:06Z" user="Tommybara" uid="12198525" lat="19.7866836" lon="105.7763162"/>
 <node id="11647412813" visible="true" version="1" changeset="147713769" timestamp="2024-02-21T01:23:06Z" user="Tommybara" uid="12198525" lat="19.7868148" lon="105.7762009"/>
 <node id="11647412814" visible="true" version="1" changeset="147713769" timestamp="2024-02-21T01:23:06Z" user="Tommybara" uid="12198525" lat="19.7869524" lon="105.7760453"/>
 <node id="11647412815" visible="true" version="1" changeset="147713769" timestamp="2024-02-21T01:23:06Z" user="Tommybara" uid="12198525" lat="19.7873557" lon="105.7762440"/>
 <node id="11647412816" visible="true" version="1" changeset="147713769" timestamp="2024-02-21T01:23:06Z" user="Tommybara" uid="12198525" lat="19.7874713" lon="105.7761487"/>
 <node id="11647412817" visible="true" version="1" changeset="147713769" timestamp="2024-02-21T01:23:06Z" user="Tommybara" uid="12198525" lat="19.7875915" lon="105.7760602"/>
 <node id="11647412818" visible="true" version="1" changeset="147713769" timestamp="2024-02-21T01:23:06Z" user="Tommybara" uid="12198525" lat="19.7877161" lon="105.7759787"/>
 <node id="11647412819" visible="true" version="1" changeset="147713769" timestamp="2024-02-21T01:23:06Z" user="Tommybara" uid="12198525" lat="19.7879543" lon="105.7758484"/>
 <node id="11647412820" visible="true" version="1" changeset="147713769" timestamp="2024-02-21T01:23:06Z" user="Tommybara" uid="12198525" lat="19.7880662" lon="105.7757977"/>
 <node id="11647412821" visible="true" version="1" changeset="147713769" timestamp="2024-02-21T01:23:06Z" user="Tommybara" uid="12198525" lat="19.7872452" lon="105.7763457"/>
 <node id="11647412822" visible="true" version="1" changeset="147713769" timestamp="2024-02-21T01:23:06Z" user="Tommybara" uid="12198525" lat="19.7878446" lon="105.7759045"/>
 <node id="11647412823" visible="true" version="1" changeset="147713769" timestamp="2024-02-21T01:23:06Z" user="Tommybara" uid="12198525" lat="19.7882598" lon="105.7757160"/>
 <node id="11647412824" visible="true" version="1" changeset="147713769" timestamp="2024-02-21T01:23:06Z" user="Tommybara" uid="12198525" lat="19.7883364" lon="105.7756732"/>
 <node id="11647412825" visible="true" version="1" changeset="147713769" timestamp="2024-02-21T01:23:06Z" user="Tommybara" uid="12198525" lat="19.7884096" lon="105.7756242"/>
 <node id="11647412826" visible="true" version="1" changeset="147713769" timestamp="2024-02-21T01:23:06Z" user="Tommybara" uid="12198525" lat="19.7884791" lon="105.7755693"/>
 <node id="11647412827" visible="true" version="1" changeset="147713769" timestamp="2024-02-21T01:23:06Z" user="Tommybara" uid="12198525" lat="19.7886039" lon="105.7754444"/>
 <node id="11647412828" visible="true" version="1" changeset="147713769" timestamp="2024-02-21T01:23:06Z" user="Tommybara" uid="12198525" lat="19.7886586" lon="105.7753753"/>
 <node id="11647412829" visible="true" version="1" changeset="147713769" timestamp="2024-02-21T01:23:06Z" user="Tommybara" uid="12198525" lat="19.7887083" lon="105.7753019"/>
 <node id="11647412830" visible="true" version="1" changeset="147713769" timestamp="2024-02-21T01:23:06Z" user="Tommybara" uid="12198525" lat="19.7887525" lon="105.7752247"/>
 <node id="11647412831" visible="true" version="1" changeset="147713769" timestamp="2024-02-21T01:23:06Z" user="Tommybara" uid="12198525" lat="19.7881802" lon="105.7757523"/>
 <node id="11647412832" visible="true" version="1" changeset="147713769" timestamp="2024-02-21T01:23:06Z" user="Tommybara" uid="12198525" lat="19.7885443" lon="105.7755089"/>
 <node id="11647412833" visible="true" version="1" changeset="147713769" timestamp="2024-02-21T01:23:06Z" user="Tommybara" uid="12198525" lat="19.7887910" lon="105.7751441"/>
 <node id="11647412834" visible="true" version="1" changeset="147713769" timestamp="2024-02-21T01:23:06Z" user="Tommybara" uid="12198525" lat="19.7889502" lon="105.7746868"/>
 <node id="11647412835" visible="true" version="1" changeset="147713769" timestamp="2024-02-21T01:23:06Z" user="Tommybara" uid="12198525" lat="19.7889739" lon="105.7745733"/>
 <node id="11647412836" visible="true" version="1" changeset="147713769" timestamp="2024-02-21T01:23:06Z" user="Tommybara" uid="12198525" lat="19.7889894" lon="105.7744582"/>
 <node id="11647412837" visible="true" version="1" changeset="147713769" timestamp="2024-02-21T01:23:06Z" user="Tommybara" uid="12198525" lat="19.7889962" lon="105.7742380"/>
 <node id="11647412838" visible="true" version="1" changeset="147713769" timestamp="2024-02-21T01:23:06Z" user="Tommybara" uid="12198525" lat="19.7889890" lon="105.7741341"/>
 <node id="11647412839" visible="true" version="1" changeset="147713769" timestamp="2024-02-21T01:23:06Z" user="Tommybara" uid="12198525" lat="19.7889185" lon="105.7747981"/>
 <node id="11647412840" visible="true" version="1" changeset="147713769" timestamp="2024-02-21T01:23:06Z" user="Tommybara" uid="12198525" lat="19.7889967" lon="105.7743421"/>
 <node id="11647412841" visible="true" version="1" changeset="147713769" timestamp="2024-02-21T01:23:06Z" user="Tommybara" uid="12198525" lat="19.7889488" lon="105.7738736"/>
 <node id="11647412842" visible="true" version="1" changeset="147713769" timestamp="2024-02-21T01:23:06Z" user="Tommybara" uid="12198525" lat="19.7889312" lon="105.7737148"/>
 <node id="11647412843" visible="true" version="1" changeset="147713769" timestamp="2024-02-21T01:23:06Z" user="Tommybara" uid="12198525" lat="19.7889223" lon="105.7735552"/>
 <node id="11647412844" visible="true" version="1" changeset="147713769" timestamp="2024-02-21T01:23:06Z" user="Tommybara" uid="12198525" lat="19.7889311" lon="105.7732353"/>
 <node id="11647412845" visible="true" version="1" changeset="147713769" timestamp="2024-02-21T01:23:06Z" user="Tommybara" uid="12198525" lat="19.7889752" lon="105.7740310"/>
 <node id="11647412846" visible="true" version="1" changeset="147713769" timestamp="2024-02-21T01:23:06Z" user="Tommybara" uid="12198525" lat="19.7889222" lon="105.7733953"/>
 <node id="11647412847" visible="true" version="1" changeset="147713769" timestamp="2024-02-21T01:23:06Z" user="Tommybara" uid="12198525" lat="19.7889529" lon="105.7730191"/>
 <node id="11647412848" visible="true" version="1" changeset="147713769" timestamp="2024-02-21T01:23:06Z" user="Tommybara" uid="12198525" lat="19.7889515" lon="105.7729619"/>
 <node id="11647412849" visible="true" version="1" changeset="147713769" timestamp="2024-02-21T01:23:06Z" user="Tommybara" uid="12198525" lat="19.7889447" lon="105.7729052"/>
 <node id="11647412850" visible="true" version="1" changeset="147713769" timestamp="2024-02-21T01:23:06Z" user="Tommybara" uid="12198525" lat="19.7889115" lon="105.7727871"/>
 <node id="11647412851" visible="true" version="1" changeset="147713769" timestamp="2024-02-21T01:23:06Z" user="Tommybara" uid="12198525" lat="19.7888838" lon="105.7727278"/>
 <node id="11647412852" visible="true" version="1" changeset="147713769" timestamp="2024-02-21T01:23:06Z" user="Tommybara" uid="12198525" lat="19.7889487" lon="105.7730761"/>
 <node id="11647412853" visible="true" version="1" changeset="147713769" timestamp="2024-02-21T01:23:06Z" user="Tommybara" uid="12198525" lat="19.7889323" lon="105.7728495"/>
 <node id="11647412854" visible="true" version="1" changeset="147713769" timestamp="2024-02-21T01:23:06Z" user="Tommybara" uid="12198525" lat="19.7888497" lon="105.7726724"/>
 <node id="11647412855" visible="true" version="1" changeset="147713769" timestamp="2024-02-21T01:23:06Z" user="Tommybara" uid="12198525" lat="19.7884763" lon="105.7722686"/>
 <node id="11647412856" visible="true" version="1" changeset="147713769" timestamp="2024-02-21T01:23:06Z" user="Tommybara" uid="12198525" lat="19.7882314" lon="105.7720808"/>
 <node id="11647412857" visible="true" version="1" changeset="147713769" timestamp="2024-02-21T01:23:06Z" user="Tommybara" uid="12198525" lat="19.7885897" lon="105.7723740"/>
 <node id="11647412858" visible="true" version="1" changeset="147713769" timestamp="2024-02-21T01:23:06Z" user="Tommybara" uid="12198525" lat="19.7883569" lon="105.7721709"/>
 <node id="11647412859" visible="true" version="1" changeset="147713769" timestamp="2024-02-21T01:23:06Z" user="Tommybara" uid="12198525" lat="19.7880504" lon="105.7719737"/>
 <node id="11647412860" visible="true" version="1" changeset="147713769" timestamp="2024-02-21T01:23:06Z" user="Tommybara" uid="12198525" lat="19.7880028" lon="105.7719428"/>
 <node id="11647412861" visible="true" version="1" changeset="147713769" timestamp="2024-02-21T01:23:06Z" user="Tommybara" uid="12198525" lat="19.7879584" lon="105.7719070"/>
 <node id="11647412862" visible="true" version="1" changeset="147713769" timestamp="2024-02-21T01:23:06Z" user="Tommybara" uid="12198525" lat="19.7881007" lon="105.7719992"/>
 <node id="11647412863" visible="true" version="1" changeset="147713769" timestamp="2024-02-21T01:23:06Z" user="Tommybara" uid="12198525" lat="19.7878730" lon="105.7718102"/>
 <node id="11647412864" visible="true" version="1" changeset="147713769" timestamp="2024-02-21T01:23:06Z" user="Tommybara" uid="12198525" lat="19.7878355" lon="105.7717482"/>
 <node id="11647412865" visible="true" version="1" changeset="147713769" timestamp="2024-02-21T01:23:06Z" user="Tommybara" uid="12198525" lat="19.7878061" lon="105.7716815"/>
 <node id="11647412866" visible="true" version="1" changeset="147713769" timestamp="2024-02-21T01:23:06Z" user="Tommybara" uid="12198525" lat="19.7877852" lon="105.7716112"/>
 <node id="11647412867" visible="true" version="1" changeset="147713769" timestamp="2024-02-21T01:23:06Z" user="Tommybara" uid="12198525" lat="19.7877732" lon="105.7715387"/>
 <node id="11647412868" visible="true" version="1" changeset="147713769" timestamp="2024-02-21T01:23:06Z" user="Tommybara" uid="12198525" lat="19.7877702" lon="105.7714651"/>
 <node id="11647412869" visible="true" version="1" changeset="147713769" timestamp="2024-02-21T01:23:06Z" user="Tommybara" uid="12198525" lat="19.7877891" lon="105.7713294"/>
 <node id="11647412870" visible="true" version="1" changeset="147713769" timestamp="2024-02-21T01:23:06Z" user="Tommybara" uid="12198525" lat="19.7878083" lon="105.7712691"/>
 <node id="11647412871" visible="true" version="1" changeset="147713769" timestamp="2024-02-21T01:23:06Z" user="Tommybara" uid="12198525" lat="19.7878339" lon="105.7712115"/>
 <node id="11647412872" visible="true" version="1" changeset="147713769" timestamp="2024-02-21T01:23:06Z" user="Tommybara" uid="12198525" lat="19.7878654" lon="105.7711573"/>
 <node id="11647412873" visible="true" version="1" changeset="147713769" timestamp="2024-02-21T01:23:06Z" user="Tommybara" uid="12198525" lat="19.7879178" lon="105.7718664"/>
 <node id="11647412874" visible="true" version="1" changeset="147713769" timestamp="2024-02-21T01:23:06Z" user="Tommybara" uid="12198525" lat="19.7877764" lon="105.7713917"/>
 <node id="11647412875" visible="true" version="1" changeset="147713769" timestamp="2024-02-21T01:23:06Z" user="Tommybara" uid="12198525" lat="19.7879864" lon="105.7710265"/>
 <node id="11647412876" visible="true" version="1" changeset="147713769" timestamp="2024-02-21T01:23:06Z" user="Tommybara" uid="12198525" lat="19.7880658" lon="105.7709409"/>
 <node id="11647412877" visible="true" version="1" changeset="147713769" timestamp="2024-02-21T01:23:06Z" user="Tommybara" uid="12198525" lat="19.7881406" lon="105.7708506"/>
 <node id="11647412878" visible="true" version="1" changeset="147713769" timestamp="2024-02-21T01:23:06Z" user="Tommybara" uid="12198525" lat="19.7882808" lon="105.7706485"/>
 <node id="11647412879" visible="true" version="1" changeset="147713769" timestamp="2024-02-21T01:23:06Z" user="Tommybara" uid="12198525" lat="19.7883449" lon="105.7705366"/>
 <node id="11647412880" visible="true" version="1" changeset="147713769" timestamp="2024-02-21T01:23:06Z" user="Tommybara" uid="12198525" lat="19.7879026" lon="105.7711074"/>
 <node id="11647412881" visible="true" version="1" changeset="147713769" timestamp="2024-02-21T01:23:06Z" user="Tommybara" uid="12198525" lat="19.7882105" lon="105.7707560"/>
 <node id="11647412882" visible="true" version="1" changeset="147713769" timestamp="2024-02-21T01:23:06Z" user="Tommybara" uid="12198525" lat="19.7884543" lon="105.7703247"/>
 <node id="11647412883" visible="true" version="1" changeset="147713769" timestamp="2024-02-21T01:23:06Z" user="Tommybara" uid="12198525" lat="19.7885116" lon="105.7702321"/>
 <node id="11647412884" visible="true" version="1" changeset="147713769" timestamp="2024-02-21T01:23:06Z" user="Tommybara" uid="12198525" lat="19.7885739" lon="105.7701433"/>
 <node id="11647412885" visible="true" version="1" changeset="147713769" timestamp="2024-02-21T01:23:06Z" user="Tommybara" uid="12198525" lat="19.7886410" lon="105.7700586"/>
 <node id="11647412886" visible="true" version="1" changeset="147713769" timestamp="2024-02-21T01:23:06Z" user="Tommybara" uid="12198525" lat="19.7887967" lon="105.7698951"/>
 <node id="11647412887" visible="true" version="1" changeset="147713769" timestamp="2024-02-21T01:23:06Z" user="Tommybara" uid="12198525" lat="19.7888854" lon="105.7698181"/>
 <node id="11647412888" visible="true" version="1" changeset="147713769" timestamp="2024-02-21T01:23:06Z" user="Tommybara" uid="12198525" lat="19.7889788" lon="105.7697473"/>
 <node id="11647412889" visible="true" version="1" changeset="147713769" timestamp="2024-02-21T01:23:06Z" user="Tommybara" uid="12198525" lat="19.7884023" lon="105.7704207"/>
 <node id="11647412890" visible="true" version="1" changeset="147713769" timestamp="2024-02-21T01:23:06Z" user="Tommybara" uid="12198525" lat="19.7887128" lon="105.7699782"/>
 <node id="11647412891" visible="true" version="1" changeset="147713769" timestamp="2024-02-21T01:23:06Z" user="Tommybara" uid="12198525" lat="19.7890762" lon="105.7696831"/>
 <node id="11647412892" visible="true" version="1" changeset="147713769" timestamp="2024-02-21T01:23:06Z" user="Tommybara" uid="12198525" lat="19.7894797" lon="105.7694311"/>
 <node id="11647412893" visible="true" version="1" changeset="147713769" timestamp="2024-02-21T01:23:06Z" user="Tommybara" uid="12198525" lat="19.7895169" lon="105.7694221"/>
 <node id="11647412894" visible="true" version="1" changeset="147713769" timestamp="2024-02-21T01:23:06Z" user="Tommybara" uid="12198525" lat="19.7895550" lon="105.7694204"/>
 <node id="11647412895" visible="true" version="1" changeset="147713769" timestamp="2024-02-21T01:23:06Z" user="Tommybara" uid="12198525" lat="19.7895928" lon="105.7694261"/>
 <node id="11647412896" visible="true" version="1" changeset="147713769" timestamp="2024-02-21T01:23:06Z" user="Tommybara" uid="12198525" lat="19.7896614" lon="105.7694581"/>
 <node id="11647412897" visible="true" version="1" changeset="147713769" timestamp="2024-02-21T01:23:06Z" user="Tommybara" uid="12198525" lat="19.7896902" lon="105.7694830"/>
 <node id="11647412898" visible="true" version="1" changeset="147713769" timestamp="2024-02-21T01:23:06Z" user="Tommybara" uid="12198525" lat="19.7897145" lon="105.7695129"/>
 <node id="11647412899" visible="true" version="1" changeset="147713769" timestamp="2024-02-21T01:23:06Z" user="Tommybara" uid="12198525" lat="19.7897333" lon="105.7695469"/>
 <node id="11647412900" visible="true" version="1" changeset="147713769" timestamp="2024-02-21T01:23:06Z" user="Tommybara" uid="12198525" lat="19.7894447" lon="105.7694471"/>
 <node id="11647412901" visible="true" version="1" changeset="147713769" timestamp="2024-02-21T01:23:06Z" user="Tommybara" uid="12198525" lat="19.7896289" lon="105.7694390"/>
 <node id="11647412902" visible="true" version="1" changeset="147713769" timestamp="2024-02-21T01:23:06Z" user="Tommybara" uid="12198525" lat="19.7897463" lon="105.7695839"/>
 <node id="11647412903" visible="true" version="1" changeset="147713769" timestamp="2024-02-21T01:23:06Z" user="Tommybara" uid="12198525" lat="19.7898735" lon="105.7699771"/>
 <node id="11647412904" visible="true" version="1" changeset="147713769" timestamp="2024-02-21T01:23:06Z" user="Tommybara" uid="12198525" lat="19.7899029" lon="105.7700257"/>
 <node id="11647412905" visible="true" version="1" changeset="147713769" timestamp="2024-02-21T01:23:06Z" user="Tommybara" uid="12198525" lat="19.7899385" lon="105.7700692"/>
 <node id="11647412906" visible="true" version="1" changeset="147713769" timestamp="2024-02-21T01:23:06Z" user="Tommybara" uid="12198525" lat="19.7900286" lon="105.7701396"/>
 <node id="11647412907" visible="true" version="1" changeset="147713769" timestamp="2024-02-21T01:23:06Z" user="Tommybara" uid="12198525" lat="19.7900816" lon="105.7701639"/>
 <node id="11647412908" visible="true" version="1" changeset="147713769" timestamp="2024-02-21T01:23:06Z" user="Tommybara" uid="12198525" lat="19.7898510" lon="105.7699245"/>
 <node id="11647412909" visible="true" version="1" changeset="147713769" timestamp="2024-02-21T01:23:06Z" user="Tommybara" uid="12198525" lat="19.7899797" lon="105.7701069"/>
 <node id="11647412910" visible="true" version="1" changeset="147713769" timestamp="2024-02-21T01:23:06Z" user="Tommybara" uid="12198525" lat="19.7901375" lon="105.7701793"/>
 <node id="11647412911" visible="true" version="1" changeset="147713769" timestamp="2024-02-21T01:23:06Z" user="Tommybara" uid="12198525" lat="19.7907787" lon="105.7702704"/>
 <node id="11647412912" visible="true" version="1" changeset="147713769" timestamp="2024-02-21T01:23:06Z" user="Tommybara" uid="12198525" lat="19.7908283" lon="105.7702684"/>
 <node id="11647412913" visible="true" version="1" changeset="147713769" timestamp="2024-02-21T01:23:06Z" user="Tommybara" uid="12198525" lat="19.7908772" lon="105.7702591"/>
 <node id="11647412914" visible="true" version="1" changeset="147713769" timestamp="2024-02-21T01:23:06Z" user="Tommybara" uid="12198525" lat="19.7909244" lon="105.7702427"/>
 <node id="11647412915" visible="true" version="1" changeset="147713769" timestamp="2024-02-21T01:23:06Z" user="Tommybara" uid="12198525" lat="19.7910112" lon="105.7701893"/>
 <node id="11647412916" visible="true" version="1" changeset="147713769" timestamp="2024-02-21T01:23:06Z" user="Tommybara" uid="12198525" lat="19.7910488" lon="105.7701530"/>
 <node id="11647412917" visible="true" version="1" changeset="147713769" timestamp="2024-02-21T01:23:06Z" user="Tommybara" uid="12198525" lat="19.7910813" lon="105.7701114"/>
 <node id="11647412918" visible="true" version="1" changeset="147713769" timestamp="2024-02-21T01:23:06Z" user="Tommybara" uid="12198525" lat="19.7911079" lon="105.7700653"/>
 <node id="11647412919" visible="true" version="1" changeset="147713769" timestamp="2024-02-21T01:23:06Z" user="Tommybara" uid="12198525" lat="19.7907293" lon="105.7702652"/>
 <node id="11647412920" visible="true" version="1" changeset="147713769" timestamp="2024-02-21T01:23:06Z" user="Tommybara" uid="12198525" lat="19.7909690" lon="105.7702196"/>
 <node id="11647412921" visible="true" version="1" changeset="147713769" timestamp="2024-02-21T01:23:06Z" user="Tommybara" uid="12198525" lat="19.7911280" lon="105.7700157"/>
 <node id="11647412922" visible="true" version="1" changeset="147713769" timestamp="2024-02-21T01:23:06Z" user="Tommybara" uid="12198525" lat="19.7913327" lon="105.7694989"/>
 <node id="11647412923" visible="true" version="1" changeset="147713769" timestamp="2024-02-21T01:23:06Z" user="Tommybara" uid="12198525" lat="19.7913654" lon="105.7693660"/>
 <node id="11647412924" visible="true" version="1" changeset="147713769" timestamp="2024-02-21T01:23:06Z" user="Tommybara" uid="12198525" lat="19.7913903" lon="105.7692310"/>
 <node id="11647412925" visible="true" version="1" changeset="147713769" timestamp="2024-02-21T01:23:06Z" user="Tommybara" uid="12198525" lat="19.7914071" lon="105.7690947"/>
 <node id="11647412926" visible="true" version="1" changeset="147713769" timestamp="2024-02-21T01:23:06Z" user="Tommybara" uid="12198525" lat="19.7914167" lon="105.7688367"/>
 <node id="11647412927" visible="true" version="1" changeset="147713769" timestamp="2024-02-21T01:23:06Z" user="Tommybara" uid="12198525" lat="19.7914113" lon="105.7687159"/>
 <node id="11647412928" visible="true" version="1" changeset="147713769" timestamp="2024-02-21T01:23:06Z" user="Tommybara" uid="12198525" lat="19.7913997" lon="105.7685957"/>
 <node id="11647412929" visible="true" version="1" changeset="147713769" timestamp="2024-02-21T01:23:06Z" user="Tommybara" uid="12198525" lat="19.7913818" lon="105.7684763"/>
 <node id="11647412930" visible="true" version="1" changeset="147713769" timestamp="2024-02-21T01:23:06Z" user="Tommybara" uid="12198525" lat="19.7912921" lon="105.7696295"/>
 <node id="11647412931" visible="true" version="1" changeset="147713769" timestamp="2024-02-21T01:23:06Z" user="Tommybara" uid="12198525" lat="19.7914158" lon="105.7689576"/>
 <node id="11647412932" visible="true" version="1" changeset="147713769" timestamp="2024-02-21T01:23:06Z" user="Tommybara" uid="12198525" lat="19.7913278" lon="105.7681410"/>
 <node id="11647412933" visible="true" version="1" changeset="147713769" timestamp="2024-02-21T01:23:06Z" user="Tommybara" uid="12198525" lat="19.7913068" lon="105.7679227"/>
 <node id="11647412934" visible="true" version="1" changeset="147713769" timestamp="2024-02-21T01:23:06Z" user="Tommybara" uid="12198525" lat="19.7912913" lon="105.7674907"/>
 <node id="11647412935" visible="true" version="1" changeset="147713769" timestamp="2024-02-21T01:23:06Z" user="Tommybara" uid="12198525" lat="19.7912963" lon="105.7672778"/>
 <node id="11647412936" visible="true" version="1" changeset="147713769" timestamp="2024-02-21T01:23:06Z" user="Tommybara" uid="12198525" lat="19.7913577" lon="105.7683581"/>
 <node id="11647412937" visible="true" version="1" changeset="147713769" timestamp="2024-02-21T01:23:06Z" user="Tommybara" uid="12198525" lat="19.7912946" lon="105.7677036"/>
 <node id="11647412938" visible="true" version="1" changeset="147713769" timestamp="2024-02-21T01:23:06Z" user="Tommybara" uid="12198525" lat="19.7913098" lon="105.7670653"/>
 <node id="11647412939" visible="true" version="1" changeset="147713769" timestamp="2024-02-21T01:23:06Z" user="Tommybara" uid="12198525" lat="19.7914281" lon="105.7661330"/>
 <node id="11647412940" visible="true" version="1" changeset="147713769" timestamp="2024-02-21T01:23:06Z" user="Tommybara" uid="12198525" lat="19.7914566" lon="105.7658704"/>
 <node id="11647412941" visible="true" version="1" changeset="147713769" timestamp="2024-02-21T01:23:06Z" user="Tommybara" uid="12198525" lat="19.7914786" lon="105.7656071"/>
 <node id="11647412942" visible="true" version="1" changeset="147713769" timestamp="2024-02-21T01:23:06Z" user="Tommybara" uid="12198525" lat="19.7914940" lon="105.7653433"/>
 <node id="11647412943" visible="true" version="1" changeset="147713769" timestamp="2024-02-21T01:23:06Z" user="Tommybara" uid="12198525" lat="19.7913930" lon="105.7663947"/>
 <node id="11647412944" visible="true" version="1" changeset="147713769" timestamp="2024-02-21T01:23:06Z" user="Tommybara" uid="12198525" lat="19.7915052" lon="105.7648416"/>
 <node id="11647412945" visible="true" version="1" changeset="147713769" timestamp="2024-02-21T01:23:06Z" user="Tommybara" uid="12198525" lat="19.7915123" lon="105.7646042"/>
 <node id="11647412946" visible="true" version="1" changeset="147713769" timestamp="2024-02-21T01:23:06Z" user="Tommybara" uid="12198525" lat="19.7915412" lon="105.7641278"/>
 <node id="11647412947" visible="true" version="1" changeset="147713769" timestamp="2024-02-21T01:23:06Z" user="Tommybara" uid="12198525" lat="19.7915631" lon="105.7638890"/>
 <node id="11647412948" visible="true" version="1" changeset="147713769" timestamp="2024-02-21T01:23:06Z" user="Tommybara" uid="12198525" lat="19.7915028" lon="105.7650791"/>
 <node id="11647412949" visible="true" version="1" changeset="147713769" timestamp="2024-02-21T01:23:06Z" user="Tommybara" uid="12198525" lat="19.7915243" lon="105.7643670"/>
 <node id="11647412950" visible="true" version="1" changeset="147713769" timestamp="2024-02-21T01:23:06Z" user="Tommybara" uid="12198525" lat="19.7915899" lon="105.7636508"/>
 <node id="11647412989" visible="true" version="2" changeset="167600678" timestamp="2025-06-14T06:43:13Z" user="user_22995996" uid="22995996" lat="19.7832216" lon="105.7886675"/>
 <node id="11647412991" visible="true" version="2" changeset="167600678" timestamp="2025-06-14T06:43:13Z" user="user_22995996" uid="22995996" lat="19.7818890" lon="105.7873092"/>
 <node id="11647412993" visible="true" version="2" changeset="167600678" timestamp="2025-06-14T06:43:13Z" user="user_22995996" uid="22995996" lat="19.7816965" lon="105.7871130"/>
 <node id="11647412996" visible="true" version="2" changeset="167600678" timestamp="2025-06-14T06:43:13Z" user="user_22995996" uid="22995996" lat="19.7808141" lon="105.7862135"/>
 <node id="11647412997" visible="true" version="2" changeset="167600678" timestamp="2025-06-14T06:43:13Z" user="user_22995996" uid="22995996" lat="19.7813449" lon="105.7856027"/>
 <node id="11647412998" visible="true" version="2" changeset="167600678" timestamp="2025-06-14T06:43:13Z" user="user_22995996" uid="22995996" lat="19.7803701" lon="105.7846396"/>
 <node id="11647412999" visible="true" version="2" changeset="167600678" timestamp="2025-06-14T06:43:13Z" user="user_22995996" uid="22995996" lat="19.7800031" lon="105.7842769"/>
 <node id="11647413001" visible="true" version="2" changeset="167600678" timestamp="2025-06-14T06:43:13Z" user="user_22995996" uid="22995996" lat="19.7796391" lon="105.7839172"/>
 <node id="11647413002" visible="true" version="2" changeset="167600678" timestamp="2025-06-14T06:43:13Z" user="user_22995996" uid="22995996" lat="19.7791123" lon="105.7833968"/>
 <node id="11647413004" visible="true" version="2" changeset="167600678" timestamp="2025-06-14T06:43:13Z" user="user_22995996" uid="22995996" lat="19.7785350" lon="105.7838906"/>
 <node id="11647413011" visible="true" version="2" changeset="167600678" timestamp="2025-06-14T06:43:13Z" user="user_22995996" uid="22995996" lat="19.7780057" lon="105.7838187"/>
 <node id="11647413013" visible="true" version="2" changeset="167600678" timestamp="2025-06-14T06:43:13Z" user="user_22995996" uid="22995996" lat="19.7777713" lon="105.7841352"/>
 <node id="11647413020" visible="true" version="2" changeset="167600678" timestamp="2025-06-14T06:43:13Z" user="user_22995996" uid="22995996" lat="19.7768517" lon="105.7839383"/>
 <node id="11647413021" visible="true" version="2" changeset="167600678" timestamp="2025-06-14T06:43:13Z" user="user_22995996" uid="22995996" lat="19.7771447" lon="105.7836075"/>
 <node id="11760575240" visible="true" version="1" changeset="149122236" timestamp="2024-03-25T09:49:57Z" user="eton-tech" uid="20033217" lat="19.7850362" lon="105.7736393">
  <tag k="addr:district" v="Thành phố Thanh Hóa"/>
  <tag k="addr:province" v="Tỉnh Thanh Hóa"/>
  <tag k="addr:street" v="17/158 Ngô Thuyền,"/>
  <tag k="addr:subdistrict" v="Phường Quảng Thắng"/>
  <tag k="name" v="17/158 Ngô Thuyền,"/>
 </node>
 <node id="12395090769" visible="true" version="1" changeset="159903070" timestamp="2024-12-04T03:34:07Z" user="8lue" uid="20577363" lat="19.7975026" lon="105.7789827"/>
 <node id="12395090770" visible="true" version="1" changeset="159903070" timestamp="2024-12-04T03:34:07Z" user="8lue" uid="20577363" lat="19.7979888" lon="105.7789636"/>
 <node id="12395216314" visible="true" version="2" changeset="162191341" timestamp="2025-02-06T04:26:36Z" user="GrabVN_QThoai" uid="15740602" lat="19.7999790" lon="105.7755747"/>
 <node id="12395216315" visible="true" version="2" changeset="162191341" timestamp="2025-02-06T04:26:36Z" user="GrabVN_QThoai" uid="15740602" lat="19.7999666" lon="105.7758063"/>
 <node id="12395221583" visible="true" version="1" changeset="159903354" timestamp="2024-12-04T03:56:16Z" user="8lue" uid="20577363" lat="19.7838923" lon="105.7723243"/>
 <node id="12395221584" visible="true" version="1" changeset="159903354" timestamp="2024-12-04T03:56:16Z" user="8lue" uid="20577363" lat="19.7837735" lon="105.7727543"/>
 <node id="12395425718" visible="true" version="1" changeset="159907413" timestamp="2024-12-04T07:46:22Z" user="8lue" uid="20577363" lat="19.8023296" lon="105.7793166"/>
 <node id="12395481918" visible="true" version="1" changeset="159907950" timestamp="2024-12-04T08:04:40Z" user="8lue" uid="20577363" lat="19.7900328" lon="105.7808282"/>
 <node id="12395481919" visible="true" version="1" changeset="159907950" timestamp="2024-12-04T08:04:40Z" user="8lue" uid="20577363" lat="19.7901905" lon="105.7807848"/>
 <node id="12395481920" visible="true" version="1" changeset="159907950" timestamp="2024-12-04T08:04:40Z" user="8lue" uid="20577363" lat="19.7905614" lon="105.7807392"/>
 <node id="12513288735" visible="true" version="2" changeset="166853480" timestamp="2025-05-28T05:55:42Z" user="ZioDragon" uid="13799024" lat="19.8032613" lon="105.7762842">
  <tag k="highway" v="traffic_signals"/>
  <tag k="traffic_signals" v="signal"/>
 </node>
 <node id="12513288744" visible="true" version="2" changeset="166853480" timestamp="2025-05-28T05:55:42Z" user="ZioDragon" uid="13799024" lat="19.7828335" lon="105.7762626">
  <tag k="highway" v="traffic_signals"/>
  <tag k="traffic_signals" v="signal"/>
 </node>
 <node id="12513288745" visible="true" version="2" changeset="166853480" timestamp="2025-05-28T05:55:42Z" user="ZioDragon" uid="13799024" lat="19.7822650" lon="105.7763478">
  <tag k="highway" v="traffic_signals"/>
  <tag k="traffic_signals" v="signal"/>
 </node>
 <node id="12513288746" visible="true" version="1" changeset="161511812" timestamp="2025-01-19T02:39:35Z" user="vietnam321" uid="11196308" lat="19.7825747" lon="105.7759688">
  <tag k="highway" v="traffic_signals"/>
  <tag k="traffic_signals" v="signal"/>
  <tag k="traffic_signals:direction" v="backward"/>
 </node>
 <node id="12513288757" visible="true" version="2" changeset="166853480" timestamp="2025-05-28T05:55:42Z" user="ZioDragon" uid="13799024" lat="19.7741980" lon="105.7752766">
  <tag k="highway" v="traffic_signals"/>
  <tag k="traffic_signals" v="signal"/>
 </node>
 <node id="12513288759" visible="true" version="2" changeset="166853480" timestamp="2025-05-28T05:55:42Z" user="ZioDragon" uid="13799024" lat="19.7736194" lon="105.7755126">
  <tag k="highway" v="traffic_signals"/>
  <tag k="traffic_signals" v="signal"/>
 </node>
 <node id="12513288760" visible="true" version="1" changeset="161511812" timestamp="2025-01-19T02:39:35Z" user="vietnam321" uid="11196308" lat="19.8076508" lon="105.7793931">
  <tag k="highway" v="traffic_signals"/>
  <tag k="traffic_signals" v="signal"/>
  <tag k="traffic_signals:direction" v="forward"/>
 </node>
 <node id="12513288761" visible="true" version="1" changeset="161511812" timestamp="2025-01-19T02:39:35Z" user="vietnam321" uid="11196308" lat="19.8071535" lon="105.7793314">
  <tag k="highway" v="traffic_signals"/>
  <tag k="traffic_signals" v="signal"/>
  <tag k="traffic_signals:direction" v="backward"/>
 </node>
 <node id="12513288776" visible="true" version="2" changeset="166853480" timestamp="2025-05-28T05:55:42Z" user="ZioDragon" uid="13799024" lat="19.7997838" lon="105.7762999">
  <tag k="highway" v="traffic_signals"/>
  <tag k="traffic_signals" v="signal"/>
 </node>
 <node id="12513288777" visible="true" version="2" changeset="162191341" timestamp="2025-02-06T04:26:36Z" user="GrabVN_QThoai" uid="15740602" lat="19.7996297" lon="105.7762263">
  <tag k="highway" v="traffic_signals"/>
  <tag k="traffic_signals" v="signal"/>
  <tag k="traffic_signals:direction" v="forward"/>
 </node>
 <node id="12513288778" visible="true" version="1" changeset="161511812" timestamp="2025-01-19T02:39:35Z" user="vietnam321" uid="11196308" lat="19.7996037" lon="105.7766066">
  <tag k="highway" v="traffic_signals"/>
  <tag k="traffic_signals" v="signal"/>
  <tag k="traffic_signals:direction" v="forward"/>
 </node>
 <node id="12513288779" visible="true" version="1" changeset="161511812" timestamp="2025-01-19T02:39:35Z" user="vietnam321" uid="11196308" lat="19.7994271" lon="105.7764854">
  <tag k="highway" v="traffic_signals"/>
  <tag k="traffic_signals" v="signal"/>
 </node>
 <node id="12513288780" visible="true" version="2" changeset="166853480" timestamp="2025-05-28T05:55:42Z" user="ZioDragon" uid="13799024" lat="19.7953255" lon="105.7766284">
  <tag k="highway" v="traffic_signals"/>
  <tag k="traffic_signals" v="signal"/>
 </node>
 <node id="12513288781" visible="true" version="2" changeset="166853480" timestamp="2025-05-28T05:55:42Z" user="ZioDragon" uid="13799024" lat="19.7951572" lon="105.7769590">
  <tag k="highway" v="traffic_signals"/>
  <tag k="traffic_signals" v="signal"/>
 </node>
 <node id="12513288782" visible="true" version="2" changeset="166853480" timestamp="2025-05-28T05:55:42Z" user="ZioDragon" uid="13799024" lat="19.7947957" lon="105.7768389">
  <tag k="highway" v="traffic_signals"/>
  <tag k="traffic_signals" v="signal"/>
 </node>
 <node id="12513288783" visible="true" version="2" changeset="166853480" timestamp="2025-05-28T05:55:42Z" user="ZioDragon" uid="13799024" lat="19.7950000" lon="105.7763871">
  <tag k="highway" v="traffic_signals"/>
  <tag k="traffic_signals" v="signal"/>
 </node>
 <node id="12560501752" visible="true" version="1" changeset="162191341" timestamp="2025-02-06T04:26:36Z" user="GrabVN_QThoai" uid="15740602" lat="19.7997937" lon="105.7741071"/>
 <node id="12560501753" visible="true" version="1" changeset="162191341" timestamp="2025-02-06T04:26:36Z" user="GrabVN_QThoai" uid="15740602" lat="19.7998358" lon="105.7741679"/>
 <node id="12560501754" visible="true" version="1" changeset="162191341" timestamp="2025-02-06T04:26:36Z" user="GrabVN_QThoai" uid="15740602" lat="19.7997266" lon="105.7755728"/>
 <node id="12560501755" visible="true" version="1" changeset="162191341" timestamp="2025-02-06T04:26:36Z" user="GrabVN_QThoai" uid="15740602" lat="19.7996340" lon="105.7755589"/>
 <node id="12560501756" visible="true" version="1" changeset="162191341" timestamp="2025-02-06T04:26:36Z" user="GrabVN_QThoai" uid="15740602" lat="19.7997117" lon="105.7757869"/>
 <node id="12560501757" visible="true" version="1" changeset="162191341" timestamp="2025-02-06T04:26:36Z" user="GrabVN_QThoai" uid="15740602" lat="19.7995862" lon="105.7761645"/>
 <node id="12560501758" visible="true" version="1" changeset="162191341" timestamp="2025-02-06T04:26:36Z" user="GrabVN_QThoai" uid="15740602" lat="19.7997447" lon="105.7741572"/>
 <node id="12561003629" visible="true" version="1" changeset="162200705" timestamp="2025-02-06T10:05:56Z" user="GrabVN_QThoai" uid="15740602" lat="19.7854027" lon="105.7715196"/>
 <node id="12561003630" visible="true" version="1" changeset="162200705" timestamp="2025-02-06T10:05:56Z" user="GrabVN_QThoai" uid="15740602" lat="19.7853347" lon="105.7715152"/>
 <node id="12561003631" visible="true" version="1" changeset="162200705" timestamp="2025-02-06T10:05:56Z" user="GrabVN_QThoai" uid="15740602" lat="19.7852852" lon="105.7714824"/>
 <node id="12561003632" visible="true" version="1" changeset="162200705" timestamp="2025-02-06T10:05:56Z" user="GrabVN_QThoai" uid="15740602" lat="19.7853120" lon="105.7713137"/>
 <node id="12561003633" visible="true" version="1" changeset="162200705" timestamp="2025-02-06T10:05:56Z" user="GrabVN_QThoai" uid="15740602" lat="19.7852831" lon="105.7712393"/>
 <node id="12561003634" visible="true" version="1" changeset="162200705" timestamp="2025-02-06T10:05:56Z" user="GrabVN_QThoai" uid="15740602" lat="19.7852584" lon="105.7711823"/>
 <node id="12561003635" visible="true" version="1" changeset="162200705" timestamp="2025-02-06T10:05:56Z" user="GrabVN_QThoai" uid="15740602" lat="19.7852877" lon="105.7710143"/>
 <node id="12573804952" visible="true" version="1" changeset="162345039" timestamp="2025-02-10T10:48:55Z" user="GrabVN_QThoai" uid="15740602" lat="19.7942916" lon="105.7814691"/>
 <node id="12573804953" visible="true" version="1" changeset="162345039" timestamp="2025-02-10T10:48:55Z" user="GrabVN_QThoai" uid="15740602" lat="19.7941916" lon="105.7814418"/>
 <node id="12573804954" visible="true" version="1" changeset="162345039" timestamp="2025-02-10T10:48:55Z" user="GrabVN_QThoai" uid="15740602" lat="19.7941414" lon="105.7814312"/>
 <node id="12573804955" visible="true" version="1" changeset="162345039" timestamp="2025-02-10T10:48:55Z" user="GrabVN_QThoai" uid="15740602" lat="19.7943136" lon="105.7816391"/>
 <node id="12573804956" visible="true" version="1" changeset="162345039" timestamp="2025-02-10T10:48:55Z" user="GrabVN_QThoai" uid="15740602" lat="19.7943098" lon="105.7813790"/>
 <node id="12573804957" visible="true" version="1" changeset="162345039" timestamp="2025-02-10T10:48:55Z" user="GrabVN_QThoai" uid="15740602" lat="19.7942961" lon="105.7813259"/>
 <node id="12573804958" visible="true" version="1" changeset="162345039" timestamp="2025-02-10T10:48:55Z" user="GrabVN_QThoai" uid="15740602" lat="19.7942219" lon="105.7812686"/>
 <node id="12573804959" visible="true" version="1" changeset="162345039" timestamp="2025-02-10T10:48:55Z" user="GrabVN_QThoai" uid="15740602" lat="19.7942605" lon="105.7812892"/>
 <node id="12573804960" visible="true" version="1" changeset="162345039" timestamp="2025-02-10T10:48:55Z" user="GrabVN_QThoai" uid="15740602" lat="19.7935492" lon="105.7817638"/>
 <node id="12573804961" visible="true" version="1" changeset="162345039" timestamp="2025-02-10T10:48:55Z" user="GrabVN_QThoai" uid="15740602" lat="19.7936407" lon="105.7815693"/>
 <node id="12578175663" visible="true" version="1" changeset="162376215" timestamp="2025-02-11T05:23:43Z" user="GrabVN_QThoai" uid="15740602" lat="19.7929673" lon="105.7740965">
  <tag k="access" v="permissive"/>
  <tag k="barrier" v="gate"/>
 </node>
 <node id="12578175664" visible="true" version="1" changeset="162376215" timestamp="2025-02-11T05:23:43Z" user="GrabVN_QThoai" uid="15740602" lat="19.7913396" lon="105.7740670">
  <tag k="access" v="no"/>
  <tag k="barrier" v="gate"/>
 </node>
 <node id="12683833142" visible="true" version="1" changeset="163849245" timestamp="2025-03-20T07:56:47Z" user="GrabVN_HHanh" uid="21825758" lat="19.7862204" lon="105.7757131"/>
 <node id="12683833143" visible="true" version="1" changeset="163849245" timestamp="2025-03-20T07:56:47Z" user="GrabVN_HHanh" uid="21825758" lat="19.7860533" lon="105.7762389"/>
 <node id="12724743909" visible="true" version="1" changeset="164446011" timestamp="2025-04-03T04:21:17Z" user="eton-tech" uid="20033217" lat="19.7814885" lon="105.7767387">
  <tag k="addr:district" v="Thành phố Thanh Hóa"/>
  <tag k="addr:province" v="Tỉnh Thanh Hóa"/>
  <tag k="addr:street" v="Trường Đại Học Văn Hóa Thể Thao Và Du Lịch Thanh Hóa Đường Quang Trung,"/>
  <tag k="addr:subdistrict" v="Phường Đông Vệ"/>
  <tag k="name" v="Trường Đại Học Văn Hóa Thể Thao Và Du Lịch Thanh Hóa Đường Quang Trung"/>
 </node>
 <node id="12854581933" visible="true" version="1" changeset="166591938" timestamp="2025-05-22T03:11:46Z" user="Pham Thi Anh Thu" uid="22580488" lat="19.8033929" lon="105.7793556"/>
 <node id="12854607026" visible="true" version="1" changeset="166592148" timestamp="2025-05-22T03:22:34Z" user="Pham Thi Anh Thu" uid="22580488" lat="19.7996208" lon="105.7757258"/>
 <node id="12854607027" visible="true" version="1" changeset="166592148" timestamp="2025-05-22T03:22:34Z" user="Pham Thi Anh Thu" uid="22580488" lat="19.7986639" lon="105.7756017"/>
 <node id="12854607028" visible="true" version="1" changeset="166592148" timestamp="2025-05-22T03:22:34Z" user="Pham Thi Anh Thu" uid="22580488" lat="19.7989136" lon="105.7756341"/>
 <node id="12854607029" visible="true" version="1" changeset="166592148" timestamp="2025-05-22T03:22:34Z" user="Pham Thi Anh Thu" uid="22580488" lat="19.7988772" lon="105.7759674"/>
 <node id="12854607030" visible="true" version="1" changeset="166592148" timestamp="2025-05-22T03:22:34Z" user="Pham Thi Anh Thu" uid="22580488" lat="19.7993042" lon="105.7756848"/>
 <node id="12854607031" visible="true" version="1" changeset="166592148" timestamp="2025-05-22T03:22:34Z" user="Pham Thi Anh Thu" uid="22580488" lat="19.7992695" lon="105.7760503"/>
 <node id="12870044110" visible="true" version="1" changeset="166853480" timestamp="2025-05-28T05:55:42Z" user="ZioDragon" uid="13799024" lat="19.7985047" lon="105.7763796"/>
 <node id="12870044111" visible="true" version="1" changeset="166853480" timestamp="2025-05-28T05:55:42Z" user="ZioDragon" uid="13799024" lat="19.7985147" lon="105.7765430"/>
 <node id="12870044113" visible="true" version="1" changeset="166853480" timestamp="2025-05-28T05:55:42Z" user="ZioDragon" uid="13799024" lat="19.7947860" lon="105.7766755"/>
 <node id="12870044114" visible="true" version="1" changeset="166853480" timestamp="2025-05-28T05:55:42Z" user="ZioDragon" uid="13799024" lat="19.7953352" lon="105.7767917"/>
 <node id="12870044115" visible="true" version="1" changeset="166853480" timestamp="2025-05-28T05:55:42Z" user="ZioDragon" uid="13799024" lat="19.7888683" lon="105.7770442"/>
 <node id="12870044116" visible="true" version="1" changeset="166853480" timestamp="2025-05-28T05:55:42Z" user="ZioDragon" uid="13799024" lat="19.7880960" lon="105.7771286"/>
 <node id="12870044117" visible="true" version="1" changeset="166853480" timestamp="2025-05-28T05:55:42Z" user="ZioDragon" uid="13799024" lat="19.7873669" lon="105.7768593"/>
 <node id="12870044118" visible="true" version="1" changeset="166853480" timestamp="2025-05-28T05:55:42Z" user="ZioDragon" uid="13799024" lat="19.7873370" lon="105.7770199"/>
 <node id="12870044119" visible="true" version="1" changeset="166853480" timestamp="2025-05-28T05:55:42Z" user="ZioDragon" uid="13799024" lat="19.7950522" lon="105.7754516"/>
 <node id="12870044120" visible="true" version="1" changeset="166853480" timestamp="2025-05-28T05:55:42Z" user="ZioDragon" uid="13799024" lat="19.7952416" lon="105.7754629"/>
 <node id="12870044121" visible="true" version="1" changeset="166853480" timestamp="2025-05-28T05:55:42Z" user="ZioDragon" uid="13799024" lat="19.7951896" lon="105.7763936"/>
 <node id="12870044122" visible="true" version="1" changeset="166853480" timestamp="2025-05-28T05:55:42Z" user="ZioDragon" uid="13799024" lat="19.7949527" lon="105.7772320"/>
 <node id="12870044123" visible="true" version="1" changeset="166853480" timestamp="2025-05-28T05:55:42Z" user="ZioDragon" uid="13799024" lat="19.7951422" lon="105.7772227"/>
 <node id="12870044124" visible="true" version="1" changeset="166853480" timestamp="2025-05-28T05:55:42Z" user="ZioDragon" uid="13799024" lat="19.7924042" lon="105.7770016"/>
 <node id="12870044125" visible="true" version="1" changeset="166853480" timestamp="2025-05-28T05:55:42Z" user="ZioDragon" uid="13799024" lat="19.7822813" lon="105.7761843"/>
 <node id="12870044126" visible="true" version="1" changeset="166853480" timestamp="2025-05-28T05:55:42Z" user="ZioDragon" uid="13799024" lat="19.7826897" lon="105.7762422"/>
 <node id="12870044127" visible="true" version="1" changeset="166853480" timestamp="2025-05-28T05:55:42Z" user="ZioDragon" uid="13799024" lat="19.7824967" lon="105.7765904"/>
 <node id="12870044128" visible="true" version="1" changeset="166853480" timestamp="2025-05-28T05:55:42Z" user="ZioDragon" uid="13799024" lat="19.7825058" lon="105.7763820"/>
 <node id="12870044129" visible="true" version="1" changeset="166853480" timestamp="2025-05-28T05:55:42Z" user="ZioDragon" uid="13799024" lat="19.7826895" lon="105.7764052"/>
 <node id="12870044130" visible="true" version="1" changeset="166853480" timestamp="2025-05-28T05:55:42Z" user="ZioDragon" uid="13799024" lat="19.7750689" lon="105.7752301"/>
 <node id="12870044131" visible="true" version="1" changeset="166853480" timestamp="2025-05-28T05:55:42Z" user="ZioDragon" uid="13799024" lat="19.7736003" lon="105.7753494"/>
 <node id="12913946203" visible="true" version="1" changeset="167600585" timestamp="2025-06-14T06:38:15Z" user="user_22995996" uid="22995996" lat="19.7786181" lon="105.7774258"/>
 <node id="12913946204" visible="true" version="1" changeset="167600585" timestamp="2025-06-14T06:38:15Z" user="user_22995996" uid="22995996" lat="19.7783494" lon="105.7773970"/>
 <node id="12913946205" visible="true" version="1" changeset="167600585" timestamp="2025-06-14T06:38:15Z" user="user_22995996" uid="22995996" lat="19.7783442" lon="105.7774522"/>
 <node id="12913946206" visible="true" version="1" changeset="167600585" timestamp="2025-06-14T06:38:15Z" user="user_22995996" uid="22995996" lat="19.7784960" lon="105.7775766"/>
 <node id="12913946207" visible="true" version="1" changeset="167600585" timestamp="2025-06-14T06:38:15Z" user="user_22995996" uid="22995996" lat="19.7785583" lon="105.7775766"/>
 <node id="12913946208" visible="true" version="1" changeset="167600585" timestamp="2025-06-14T06:38:15Z" user="user_22995996" uid="22995996" lat="19.7786408" lon="105.7774695"/>
 <node id="12913946209" visible="true" version="2" changeset="167636454" timestamp="2025-06-15T05:43:44Z" user="user_22995996" uid="22995996" lat="19.7785009" lon="105.7772013"/>
 <node id="12913946210" visible="true" version="2" changeset="167636454" timestamp="2025-06-15T05:43:44Z" user="user_22995996" uid="22995996" lat="19.7785234" lon="105.7770539"/>
 <node id="12913946211" visible="true" version="1" changeset="167600585" timestamp="2025-06-14T06:38:15Z" user="user_22995996" uid="22995996" lat="19.7784531" lon="105.7770422"/>
 <node id="12913946212" visible="true" version="1" changeset="167600585" timestamp="2025-06-14T06:38:15Z" user="user_22995996" uid="22995996" lat="19.7784278" lon="105.7771880"/>
 <node id="12913946217" visible="true" version="1" changeset="167600585" timestamp="2025-06-14T06:38:15Z" user="user_22995996" uid="22995996" lat="19.7783741" lon="105.7780456"/>
 <node id="12913946218" visible="true" version="1" changeset="167600585" timestamp="2025-06-14T06:38:15Z" user="user_22995996" uid="22995996" lat="19.7784603" lon="105.7781377"/>
 <node id="12913946219" visible="true" version="1" changeset="167600585" timestamp="2025-06-14T06:38:15Z" user="user_22995996" uid="22995996" lat="19.7785148" lon="105.7780801"/>
 <node id="12913946220" visible="true" version="1" changeset="167600585" timestamp="2025-06-14T06:38:15Z" user="user_22995996" uid="22995996" lat="19.7784938" lon="105.7780577"/>
 <node id="12913946221" visible="true" version="1" changeset="167600585" timestamp="2025-06-14T06:38:15Z" user="user_22995996" uid="22995996" lat="19.7784765" lon="105.7780759"/>
 <node id="12913946222" visible="true" version="1" changeset="167600585" timestamp="2025-06-14T06:38:15Z" user="user_22995996" uid="22995996" lat="19.7784114" lon="105.7780062"/>
 <node id="12916815185" visible="true" version="1" changeset="167636454" timestamp="2025-06-15T05:43:44Z" user="user_22995996" uid="22995996" lat="19.7786243" lon="105.7772277"/>
 <node id="12916815186" visible="true" version="1" changeset="167636454" timestamp="2025-06-15T05:43:44Z" user="user_22995996" uid="22995996" lat="19.7786356" lon="105.7770866"/>
 <node id="12916815187" visible="true" version="1" changeset="167636454" timestamp="2025-06-15T05:43:44Z" user="user_22995996" uid="22995996" lat="19.7786749" lon="105.7770901"/>
 <node id="12916815188" visible="true" version="1" changeset="167636454" timestamp="2025-06-15T05:43:44Z" user="user_22995996" uid="22995996" lat="19.7786636" lon="105.7772312"/>
 <node id="12916815189" visible="true" version="1" changeset="167636454" timestamp="2025-06-15T05:43:44Z" user="user_22995996" uid="22995996" lat="19.7785602" lon="105.7770602"/>
 <node id="12916815190" visible="true" version="1" changeset="167636454" timestamp="2025-06-15T05:43:44Z" user="user_22995996" uid="22995996" lat="19.7785378" lon="105.7772076"/>
 <node id="12964097492" visible="true" version="1" changeset="168302772" timestamp="2025-06-30T10:25:48Z" user="Grab_Cong" uid="18820325" lat="19.7784276" lon="105.7725169">
  <tag k="access" v="no"/>
  <tag k="barrier" v="gate"/>
 </node>
 <node id="13105404644" visible="true" version="1" changeset="171172025" timestamp="2025-08-29T08:54:49Z" user="GrabVN_Ngaan" uid="14519322" lat="19.7962216" lon="105.7726175"/>
 <node id="13105404645" visible="true" version="1" changeset="171172025" timestamp="2025-08-29T08:54:49Z" user="GrabVN_Ngaan" uid="14519322" lat="19.7963743" lon="105.7722487"/>
 <node id="13279984163" visible="true" version="1" changeset="174195174" timestamp="2025-11-04T13:55:27Z" user="Trần Xuân" uid="23012452" lat="19.7637307" lon="105.7769759"/>
 <node id="13279984164" visible="true" version="1" changeset="174195174" timestamp="2025-11-04T13:55:27Z" user="Trần Xuân" uid="23012452" lat="19.7636292" lon="105.7771577"/>
 <node id="13360863725" visible="true" version="1" changeset="175650175" timestamp="2025-12-08T06:32:28Z" user="Nguyen Quang 12178" uid="23581291" lat="19.7988529" lon="105.7740797"/>
 <node id="13360863726" visible="true" version="1" changeset="175650175" timestamp="2025-12-08T06:32:28Z" user="Nguyen Quang 12178" uid="23581291" lat="19.7995797" lon="105.7741183"/>
 <node id="13360863727" visible="true" version="1" changeset="175650175" timestamp="2025-12-08T06:32:28Z" user="Nguyen Quang 12178" uid="23581291" lat="19.7995736" lon="105.7742191"/>
 <node id="13360863728" visible="true" version="1" changeset="175650175" timestamp="2025-12-08T06:32:28Z" user="Nguyen Quang 12178" uid="23581291" lat="19.7995332" lon="105.7742127"/>
 <node id="13360863729" visible="true" version="1" changeset="175650175" timestamp="2025-12-08T06:32:28Z" user="Nguyen Quang 12178" uid="23581291" lat="19.7994868" lon="105.7746290"/>
 <node id="13360863730" visible="true" version="1" changeset="175650175" timestamp="2025-12-08T06:32:28Z" user="Nguyen Quang 12178" uid="23581291" lat="19.7995454" lon="105.7746247"/>
 <node id="13360863731" visible="true" version="1" changeset="175650175" timestamp="2025-12-08T06:32:28Z" user="Nguyen Quang 12178" uid="23581291" lat="19.7995272" lon="105.7748221"/>
 <node id="13360863732" visible="true" version="1" changeset="175650175" timestamp="2025-12-08T06:32:28Z" user="Nguyen Quang 12178" uid="23581291" lat="19.7994807" lon="105.7748199"/>
 <node id="13360863733" visible="true" version="1" changeset="175650175" timestamp="2025-12-08T06:32:28Z" user="Nguyen Quang 12178" uid="23581291" lat="19.7994606" lon="105.7750023"/>
 <node id="13360863734" visible="true" version="1" changeset="175650175" timestamp="2025-12-08T06:32:28Z" user="Nguyen Quang 12178" uid="23581291" lat="19.7993596" lon="105.7750002"/>
 <node id="13360863735" visible="true" version="1" changeset="175650175" timestamp="2025-12-08T06:32:28Z" user="Nguyen Quang 12178" uid="23581291" lat="19.7993758" lon="105.7748865"/>
 <node id="13360863736" visible="true" version="1" changeset="175650175" timestamp="2025-12-08T06:32:28Z" user="Nguyen Quang 12178" uid="23581291" lat="19.7988024" lon="105.7748371"/>
 <node id="13360863737" visible="true" version="1" changeset="175650175" timestamp="2025-12-08T06:32:28Z" user="Nguyen Quang 12178" uid="23581291" lat="19.7988084" lon="105.7747341"/>
 <node id="13360863738" visible="true" version="1" changeset="175650175" timestamp="2025-12-08T06:32:28Z" user="Nguyen Quang 12178" uid="23581291" lat="19.7993455" lon="105.7747684"/>
 <node id="13360863739" visible="true" version="1" changeset="175650175" timestamp="2025-12-08T06:32:28Z" user="Nguyen Quang 12178" uid="23581291" lat="19.7994081" lon="105.7741934"/>
 <node id="13360863740" visible="true" version="1" changeset="175650175" timestamp="2025-12-08T06:32:28Z" user="Nguyen Quang 12178" uid="23581291" lat="19.7988408" lon="105.7741676"/>
 <node id="13360865451" visible="true" version="1" changeset="175650112" timestamp="2025-12-08T06:29:13Z" user="Nguyen Quang 12178" uid="23581291" lat="19.8004894" lon="105.7710183"/>
 <node id="13360865452" visible="true" version="1" changeset="175650112" timestamp="2025-12-08T06:29:13Z" user="Nguyen Quang 12178" uid="23581291" lat="19.8004269" lon="105.7710054"/>
 <node id="13360865453" visible="true" version="1" changeset="175650112" timestamp="2025-12-08T06:29:13Z" user="Nguyen Quang 12178" uid="23581291" lat="19.8004188" lon="105.7710548"/>
 <node id="13360865454" visible="true" version="1" changeset="175650112" timestamp="2025-12-08T06:29:13Z" user="Nguyen Quang 12178" uid="23581291" lat="19.8002270" lon="105.7710376"/>
 <node id="13360865455" visible="true" version="2" changeset="176774624" timestamp="2026-01-03T09:55:07Z" user="conradoos" uid="6549455" lat="19.8001310" lon="105.7717394"/>
 <node id="13360865456" visible="true" version="2" changeset="176774624" timestamp="2026-01-03T09:55:07Z" user="conradoos" uid="6549455" lat="19.8002347" lon="105.7717537"/>
 <node id="13360865457" visible="true" version="1" changeset="175650112" timestamp="2025-12-08T06:29:13Z" user="Nguyen Quang 12178" uid="23581291" lat="19.8002694" lon="105.7715290"/>
 <node id="13360865458" visible="true" version="1" changeset="175650112" timestamp="2025-12-08T06:29:13Z" user="Nguyen Quang 12178" uid="23581291" lat="19.8002472" lon="105.7715204"/>
 <node id="13360865459" visible="true" version="1" changeset="175650112" timestamp="2025-12-08T06:29:13Z" user="Nguyen Quang 12178" uid="23581291" lat="19.8002896" lon="105.7711449"/>
 <node id="13360865460" visible="true" version="1" changeset="175650112" timestamp="2025-12-08T06:29:13Z" user="Nguyen Quang 12178" uid="23581291" lat="19.8003966" lon="105.7711664"/>
 <node id="13360865461" visible="true" version="1" changeset="175650112" timestamp="2025-12-08T06:29:13Z" user="Nguyen Quang 12178" uid="23581291" lat="19.8004026" lon="105.7712350"/>
 <node id="13360865462" visible="true" version="1" changeset="175650112" timestamp="2025-12-08T06:29:13Z" user="Nguyen Quang 12178" uid="23581291" lat="19.8004773" lon="105.7712350"/>
 <node id="13369760126" visible="true" version="1" changeset="175807239" timestamp="2025-12-11T14:57:18Z" user="ninh9322" uid="23591645" lat="19.8009330" lon="105.7769050"/>
 <node id="13369760127" visible="true" version="1" changeset="175807239" timestamp="2025-12-11T14:57:18Z" user="ninh9322" uid="23591645" lat="19.8006478" lon="105.7768607"/>
 <node id="13369760128" visible="true" version="1" changeset="175807239" timestamp="2025-12-11T14:57:18Z" user="ninh9322" uid="23591645" lat="19.8006327" lon="105.7769600"/>
 <node id="13369760129" visible="true" version="1" changeset="175807239" timestamp="2025-12-11T14:57:18Z" user="ninh9322" uid="23591645" lat="19.8009355" lon="105.7770002"/>
 <node id="13369760130" visible="true" version="1" changeset="175807239" timestamp="2025-12-11T14:57:18Z" user="ninh9322" uid="23591645" lat="19.8006162" lon="105.7769157"/>
 <node id="13369760131" visible="true" version="1" changeset="175807239" timestamp="2025-12-11T14:57:18Z" user="ninh9322" uid="23591645" lat="19.8005797" lon="105.7773127"/>
 <node id="13369760132" visible="true" version="1" changeset="175807239" timestamp="2025-12-11T14:57:18Z" user="ninh9322" uid="23591645" lat="19.8005077" lon="105.7773127"/>
 <node id="13369760133" visible="true" version="1" changeset="175807239" timestamp="2025-12-11T14:57:18Z" user="ninh9322" uid="23591645" lat="19.8005418" lon="105.7769036"/>
 <node id="13369760134" visible="true" version="1" changeset="175807239" timestamp="2025-12-11T14:57:18Z" user="ninh9322" uid="23591645" lat="19.8009292" lon="105.7767561"/>
 <node id="13369760135" visible="true" version="1" changeset="175807239" timestamp="2025-12-11T14:57:18Z" user="ninh9322" uid="23591645" lat="19.8006667" lon="105.7767279"/>
 <node id="13369760136" visible="true" version="1" changeset="175807239" timestamp="2025-12-11T14:57:18Z" user="ninh9322" uid="23591645" lat="19.8006604" lon="105.7768124"/>
 <node id="13369760137" visible="true" version="1" changeset="175807239" timestamp="2025-12-11T14:57:18Z" user="ninh9322" uid="23591645" lat="19.8009342" lon="105.7768379"/>
 <node id="13369761222" visible="true" version="1" changeset="175807269" timestamp="2025-12-11T14:58:05Z" user="ninh9322" uid="23591645" lat="19.7973975" lon="105.7780560"/>
 <node id="13369761223" visible="true" version="1" changeset="175807269" timestamp="2025-12-11T14:58:05Z" user="ninh9322" uid="23591645" lat="19.7973912" lon="105.7779607"/>
 <node id="13369761224" visible="true" version="1" changeset="175807269" timestamp="2025-12-11T14:58:05Z" user="ninh9322" uid="23591645" lat="19.7974190" lon="105.7779527"/>
 <node id="13369761225" visible="true" version="1" changeset="175807269" timestamp="2025-12-11T14:58:05Z" user="ninh9322" uid="23591645" lat="19.7973875" lon="105.7775302"/>
 <node id="13369761226" visible="true" version="1" changeset="175807269" timestamp="2025-12-11T14:58:05Z" user="ninh9322" uid="23591645" lat="19.7968941" lon="105.7775356"/>
 <node id="13369761227" visible="true" version="1" changeset="175807269" timestamp="2025-12-11T14:58:05Z" user="ninh9322" uid="23591645" lat="19.7969294" lon="105.7780600"/>
 <node id="13369761228" visible="true" version="1" changeset="175807269" timestamp="2025-12-11T14:58:05Z" user="ninh9322" uid="23591645" lat="19.7969963" lon="105.7780627"/>
 <node id="13369761229" visible="true" version="1" changeset="175807269" timestamp="2025-12-11T14:58:05Z" user="ninh9322" uid="23591645" lat="19.7969875" lon="105.7776550"/>
 <node id="13369761230" visible="true" version="1" changeset="175807269" timestamp="2025-12-11T14:58:05Z" user="ninh9322" uid="23591645" lat="19.7973080" lon="105.7776308"/>
 <node id="13369761231" visible="true" version="1" changeset="175807269" timestamp="2025-12-11T14:58:05Z" user="ninh9322" uid="23591645" lat="19.7973269" lon="105.7779728"/>
 <node id="13369761232" visible="true" version="1" changeset="175807269" timestamp="2025-12-11T14:58:05Z" user="ninh9322" uid="23591645" lat="19.7970316" lon="105.7779902"/>
 <node id="13369761233" visible="true" version="1" changeset="175807269" timestamp="2025-12-11T14:58:05Z" user="ninh9322" uid="23591645" lat="19.7970470" lon="105.7780912"/>
 <node id="13369765044" visible="true" version="1" changeset="175807336" timestamp="2025-12-11T14:59:38Z" user="ninh9322" uid="23591645" lat="19.7919769" lon="105.7796185"/>
 <node id="13369765045" visible="true" version="1" changeset="175807336" timestamp="2025-12-11T14:59:38Z" user="ninh9322" uid="23591645" lat="19.7919099" lon="105.7802045"/>
 <node id="13369765046" visible="true" version="1" changeset="175807336" timestamp="2025-12-11T14:59:38Z" user="ninh9322" uid="23591645" lat="19.7919846" lon="105.7802115"/>
 <node id="13369765047" visible="true" version="1" changeset="175807336" timestamp="2025-12-11T14:59:38Z" user="ninh9322" uid="23591645" lat="19.7920577" lon="105.7796312"/>
 <node id="13369765048" visible="true" version="1" changeset="175807336" timestamp="2025-12-11T14:59:38Z" user="ninh9322" uid="23591645" lat="19.7916803" lon="105.7796208"/>
 <node id="13369765049" visible="true" version="1" changeset="175807336" timestamp="2025-12-11T14:59:38Z" user="ninh9322" uid="23591645" lat="19.7915869" lon="105.7796115"/>
 <node id="13369765050" visible="true" version="1" changeset="175807336" timestamp="2025-12-11T14:59:38Z" user="ninh9322" uid="23591645" lat="19.7915287" lon="105.7800166"/>
 <node id="13369765051" visible="true" version="1" changeset="175807336" timestamp="2025-12-11T14:59:38Z" user="ninh9322" uid="23591645" lat="19.7916089" lon="105.7800212"/>
 <node id="13369778751" visible="true" version="1" changeset="175807399" timestamp="2025-12-11T15:00:51Z" user="ninh9322" uid="23591645" lat="19.7840249" lon="105.7793766"/>
 <node id="13369778752" visible="true" version="1" changeset="175807399" timestamp="2025-12-11T15:00:51Z" user="ninh9322" uid="23591645" lat="19.7836816" lon="105.7790374"/>
 <node id="13369778753" visible="true" version="1" changeset="175807399" timestamp="2025-12-11T15:00:51Z" user="ninh9322" uid="23591645" lat="19.7836160" lon="105.7791165"/>
 <node id="13369778754" visible="true" version="1" changeset="175807399" timestamp="2025-12-11T15:00:51Z" user="ninh9322" uid="23591645" lat="19.7839012" lon="105.7794075"/>
 <node id="13369778755" visible="true" version="1" changeset="175807399" timestamp="2025-12-11T15:00:51Z" user="ninh9322" uid="23591645" lat="19.7837574" lon="105.7795912"/>
 <node id="13369778756" visible="true" version="1" changeset="175807399" timestamp="2025-12-11T15:00:51Z" user="ninh9322" uid="23591645" lat="19.7838192" lon="105.7796623"/>
 <node id="13369778757" visible="true" version="1" changeset="175807399" timestamp="2025-12-11T15:00:51Z" user="ninh9322" uid="23591645" lat="19.7839744" lon="105.7794933"/>
 <node id="13369778758" visible="true" version="1" changeset="175807399" timestamp="2025-12-11T15:00:51Z" user="ninh9322" uid="23591645" lat="19.7839492" lon="105.7794652"/>
 <node id="13369778759" visible="true" version="1" changeset="175807399" timestamp="2025-12-11T15:00:51Z" user="ninh9322" uid="23591645" lat="19.7837826" lon="105.7797039"/>
 <node id="13369778760" visible="true" version="1" changeset="175807399" timestamp="2025-12-11T15:00:51Z" user="ninh9322" uid="23591645" lat="19.7836425" lon="105.7795859"/>
 <node id="13369778761" visible="true" version="1" changeset="175807399" timestamp="2025-12-11T15:00:51Z" user="ninh9322" uid="23591645" lat="19.7836122" lon="105.7796113"/>
 <node id="13369778762" visible="true" version="1" changeset="175807399" timestamp="2025-12-11T15:00:51Z" user="ninh9322" uid="23591645" lat="19.7834192" lon="105.7794196"/>
 <node id="13369778763" visible="true" version="1" changeset="175807399" timestamp="2025-12-11T15:00:51Z" user="ninh9322" uid="23591645" lat="19.7834835" lon="105.7792922"/>
 <node id="13369778764" visible="true" version="1" changeset="175807399" timestamp="2025-12-11T15:00:51Z" user="ninh9322" uid="23591645" lat="19.7833460" lon="105.7791607"/>
 <node id="13369778765" visible="true" version="1" changeset="175807399" timestamp="2025-12-11T15:00:51Z" user="ninh9322" uid="23591645" lat="19.7831807" lon="105.7793471"/>
 <node id="13369778766" visible="true" version="1" changeset="175807399" timestamp="2025-12-11T15:00:51Z" user="ninh9322" uid="23591645" lat="19.7833195" lon="105.7794973"/>
 <node id="13369778767" visible="true" version="1" changeset="175807399" timestamp="2025-12-11T15:00:51Z" user="ninh9322" uid="23591645" lat="19.7833333" lon="105.7794759"/>
 <node id="13369778768" visible="true" version="1" changeset="175807399" timestamp="2025-12-11T15:00:51Z" user="ninh9322" uid="23591645" lat="19.7835479" lon="105.7796851"/>
 <node id="13369778769" visible="true" version="1" changeset="175807399" timestamp="2025-12-11T15:00:51Z" user="ninh9322" uid="23591645" lat="19.7835719" lon="105.7796556"/>
 <node id="13369778770" visible="true" version="1" changeset="175807399" timestamp="2025-12-11T15:00:51Z" user="ninh9322" uid="23591645" lat="19.7837283" lon="105.7797857"/>
 <node id="13397020968" visible="true" version="1" changeset="176293553" timestamp="2025-12-23T06:49:21Z" user="Grab_Cong" uid="18820325" lat="19.7976268" lon="105.7766066"/>
 <node id="13592087701" visible="true" version="1" changeset="178929515" timestamp="2026-02-23T07:27:19Z" user="GrabVN_Dang" uid="21825913" lat="19.7878717" lon="105.7788085"/>
 <node id="13592087702" visible="true" version="1" changeset="178929515" timestamp="2026-02-23T07:27:19Z" user="GrabVN_Dang" uid="21825913" lat="19.7879191" lon="105.7786395"/>
 <node id="13592087703" visible="true" version="1" changeset="178929515" timestamp="2026-02-23T07:27:19Z" user="GrabVN_Dang" uid="21825913" lat="19.7868453" lon="105.7795891"/>
 <node id="13594723301" visible="true" version="1" changeset="178974859" timestamp="2026-02-24T07:49:12Z" user="Lis Mind" uid="14773761" lat="19.7792307" lon="105.7760483">
  <tag k="highway" v="bus_stop"/>
 </node>
 <node id="13657430888" visible="true" version="1" changeset="180035365" timestamp="2026-03-18T03:27:38Z" user="GrabVN_HHanh" uid="21825758" lat="19.7964074" lon="105.7803491"/>
 <node id="13657430889" visible="true" version="1" changeset="180035365" timestamp="2026-03-18T03:27:38Z" user="GrabVN_HHanh" uid="21825758" lat="19.7964193" lon="105.7806200"/>
 <node id="13663872084" visible="true" version="1" changeset="180137057" timestamp="2026-03-20T04:02:08Z" user="Pham Thi Anh Thu" uid="22580488" lat="19.7848368" lon="105.7773420"/>
 <node id="13663872085" visible="true" version="1" changeset="180137057" timestamp="2026-03-20T04:02:08Z" user="Pham Thi Anh Thu" uid="22580488" lat="19.7852038" lon="105.7773647"/>
 <node id="13663872086" visible="true" version="1" changeset="180137057" timestamp="2026-03-20T04:02:08Z" user="Pham Thi Anh Thu" uid="22580488" lat="19.7853575" lon="105.7774720"/>
 <node id="13663872087" visible="true" version="1" changeset="180137057" timestamp="2026-03-20T04:02:08Z" user="Pham Thi Anh Thu" uid="22580488" lat="19.7854814" lon="105.7775427"/>
 <node id="13663872088" visible="true" version="1" changeset="180137057" timestamp="2026-03-20T04:02:08Z" user="Pham Thi Anh Thu" uid="22580488" lat="19.7856352" lon="105.7776061"/>
 <node id="13663872089" visible="true" version="1" changeset="180137057" timestamp="2026-03-20T04:02:08Z" user="Pham Thi Anh Thu" uid="22580488" lat="19.7858072" lon="105.7776134"/>
 <node id="13663872090" visible="true" version="1" changeset="180137057" timestamp="2026-03-20T04:02:08Z" user="Pham Thi Anh Thu" uid="22580488" lat="19.7859495" lon="105.7775671"/>
 <node id="13663872091" visible="true" version="1" changeset="180137057" timestamp="2026-03-20T04:02:08Z" user="Pham Thi Anh Thu" uid="22580488" lat="19.7860665" lon="105.7774549"/>
 <node id="13663872092" visible="true" version="1" changeset="180137057" timestamp="2026-03-20T04:02:08Z" user="Pham Thi Anh Thu" uid="22580488" lat="19.7862501" lon="105.7772501"/>
 <node id="13663872093" visible="true" version="1" changeset="180137057" timestamp="2026-03-20T04:02:08Z" user="Pham Thi Anh Thu" uid="22580488" lat="19.7864249" lon="105.7768997"/>
 <node id="13664090661" visible="true" version="1" changeset="180144301" timestamp="2026-03-20T07:16:12Z" user="Pham Thi Anh Thu" uid="22580488" lat="19.7891094" lon="105.7766469"/>
 <node id="13664090662" visible="true" version="1" changeset="180144301" timestamp="2026-03-20T07:16:12Z" user="Pham Thi Anh Thu" uid="22580488" lat="19.7886656" lon="105.7763982"/>
 <node id="13664090663" visible="true" version="1" changeset="180144301" timestamp="2026-03-20T07:16:12Z" user="Pham Thi Anh Thu" uid="22580488" lat="19.7884591" lon="105.7760739"/>
 <node id="13664090664" visible="true" version="1" changeset="180144301" timestamp="2026-03-20T07:16:12Z" user="Pham Thi Anh Thu" uid="22580488" lat="19.7888590" lon="105.7764992"/>
 <node id="13664090665" visible="true" version="1" changeset="180144301" timestamp="2026-03-20T07:16:12Z" user="Pham Thi Anh Thu" uid="22580488" lat="19.7888882" lon="105.7762519"/>
 <node id="13664090666" visible="true" version="1" changeset="180144301" timestamp="2026-03-20T07:16:12Z" user="Pham Thi Anh Thu" uid="22580488" lat="19.7885738" lon="105.7759788"/>
 <node id="13664090667" visible="true" version="1" changeset="180144301" timestamp="2026-03-20T07:16:12Z" user="Pham Thi Anh Thu" uid="22580488" lat="19.7884132" lon="105.7756813"/>
 <node id="13664149799" visible="true" version="1" changeset="180147380" timestamp="2026-03-20T08:43:17Z" user="Pham Thi Anh Thu" uid="22580488" lat="19.7924123" lon="105.7806698"/>
 <node id="13664149800" visible="true" version="1" changeset="180147380" timestamp="2026-03-20T08:43:17Z" user="Pham Thi Anh Thu" uid="22580488" lat="19.7923985" lon="105.7807771"/>
 <node id="13664260055" visible="true" version="1" changeset="180147584" timestamp="2026-03-20T08:47:48Z" user="Pham Thi Anh Thu" uid="22580488" lat="19.7850982" lon="105.7723389"/>
 <node id="13664265769" visible="true" version="1" changeset="180146759" timestamp="2026-03-20T08:28:04Z" user="Pham Thi Anh Thu" uid="22580488" lat="19.7929815" lon="105.7752662"/>
 <node id="13664265770" visible="true" version="1" changeset="180146759" timestamp="2026-03-20T08:28:04Z" user="Pham Thi Anh Thu" uid="22580488" lat="19.7927273" lon="105.7752838"/>
 <node id="13664265771" visible="true" version="1" changeset="180146759" timestamp="2026-03-20T08:28:04Z" user="Pham Thi Anh Thu" uid="22580488" lat="19.7925185" lon="105.7752765"/>
 <node id="13664297401" visible="true" version="1" changeset="180147380" timestamp="2026-03-20T08:43:17Z" user="Pham Thi Anh Thu" uid="22580488" lat="19.7928918" lon="105.7808405"/>
 <node id="13664297402" visible="true" version="1" changeset="180147380" timestamp="2026-03-20T08:43:17Z" user="Pham Thi Anh Thu" uid="22580488" lat="19.7928344" lon="105.7810746"/>
 <node id="13664305930" visible="true" version="1" changeset="180148428" timestamp="2026-03-20T09:07:51Z" user="Pham Thi Anh Thu" uid="22580488" lat="19.7839730" lon="105.7681195"/>
 <node id="13664433730" visible="true" version="1" changeset="180150997" timestamp="2026-03-20T10:16:50Z" user="Pham Thi Anh Thu" uid="22580488" lat="19.7877772" lon="105.7823233"/>
 <node id="13664433731" visible="true" version="1" changeset="180150997" timestamp="2026-03-20T10:16:50Z" user="Pham Thi Anh Thu" uid="22580488" lat="19.7877554" lon="105.7823023"/>
 <node id="13664433732" visible="true" version="1" changeset="180150997" timestamp="2026-03-20T10:16:50Z" user="Pham Thi Anh Thu" uid="22580488" lat="19.7873991" lon="105.7826264"/>
 <node id="13670586851" visible="true" version="1" changeset="180279557" timestamp="2026-03-23T03:38:36Z" user="Pham Thi Anh Thu" uid="22580488" lat="19.7928504" lon="105.7759324"/>
 <node id="13670586852" visible="true" version="1" changeset="180279557" timestamp="2026-03-23T03:38:36Z" user="Pham Thi Anh Thu" uid="22580488" lat="19.7925859" lon="105.7757828"/>
 <way id="156084437" visible="true" version="42" changeset="180137057" timestamp="2026-03-20T04:02:08Z" user="Pham Thi Anh Thu" uid="22580488">
  <nd ref="13279984164"/>
  <nd ref="7931656207"/>
  <nd ref="480669433"/>
  <nd ref="7931642220"/>
  <nd ref="8061891541"/>
  <nd ref="5934692844"/>
  <nd ref="480669435"/>
  <nd ref="5934692858"/>
  <nd ref="480669438"/>
  <nd ref="8256317987"/>
  <nd ref="12513288759"/>
  <nd ref="5599989616"/>
  <nd ref="5599989595"/>
  <nd ref="4710258872"/>
  <nd ref="8574638103"/>
  <nd ref="480669440"/>
  <nd ref="8724185133"/>
  <nd ref="5599998248"/>
  <nd ref="8574276553"/>
  <nd ref="7929169379"/>
  <nd ref="8654310794"/>
  <nd ref="5599998249"/>
  <nd ref="12513288745"/>
  <nd ref="12870044128"/>
  <nd ref="12870044129"/>
  <nd ref="1683863430"/>
  <nd ref="5204960761"/>
  <nd ref="4712021723"/>
  <nd ref="13663872093"/>
  <nd ref="4712021732"/>
  <tag k="bicycle" v="yes"/>
  <tag k="cycleway" v="no"/>
  <tag k="foot" v="yes"/>
  <tag k="highway" v="trunk"/>
  <tag k="int_name" v="National Route 1"/>
  <tag k="lanes" v="2"/>
  <tag k="lit" v="yes"/>
  <tag k="maxspeed" v="60"/>
  <tag k="name" v="Đường Quang Trung"/>
  <tag k="name:en" v="Quang Trung Road"/>
  <tag k="oneway" v="yes"/>
  <tag k="ref" v="QL.1;QL.10"/>
  <tag k="source" v="GPS"/>
  <tag k="surface" v="asphalt"/>
  <tag k="wikidata" v="Q1372266"/>
  <tag k="wikipedia" v="vi:Quốc lộ 1"/>
 </way>
 <way id="156084447" visible="true" version="44" changeset="174195174" timestamp="2025-11-04T13:55:27Z" user="Trần Xuân" uid="23012452">
  <nd ref="4712021733"/>
  <nd ref="7929046094"/>
  <nd ref="4712021724"/>
  <nd ref="5934052920"/>
  <nd ref="8724182423"/>
  <nd ref="5204960762"/>
  <nd ref="12513288744"/>
  <nd ref="12870044126"/>
  <nd ref="5204960748"/>
  <nd ref="12870044125"/>
  <nd ref="8654329086"/>
  <nd ref="7929094969"/>
  <nd ref="8654310793"/>
  <nd ref="7929124094"/>
  <nd ref="7929124089"/>
  <nd ref="8574389681"/>
  <nd ref="8256211490"/>
  <nd ref="8724185134"/>
  <nd ref="1683863388"/>
  <nd ref="12870044130"/>
  <nd ref="12513288757"/>
  <nd ref="5599989596"/>
  <nd ref="5599989615"/>
  <nd ref="12870044131"/>
  <nd ref="1683863384"/>
  <nd ref="8654810357"/>
  <nd ref="1683863381"/>
  <nd ref="8061891538"/>
  <nd ref="8061891540"/>
  <nd ref="1683863378"/>
  <nd ref="8838772795"/>
  <nd ref="13279984163"/>
  <tag k="bicycle" v="yes"/>
  <tag k="cycleway" v="no"/>
  <tag k="foot" v="yes"/>
  <tag k="highway" v="trunk"/>
  <tag k="int_name" v="National Route 1"/>
  <tag k="lanes" v="2"/>
  <tag k="lit" v="yes"/>
  <tag k="maxspeed" v="60"/>
  <tag k="name" v="Đường Quang Trung"/>
  <tag k="name:en" v="Quang Trung Road"/>
  <tag k="oneway" v="yes"/>
  <tag k="ref" v="QL.1;QL.10"/>
  <tag k="source" v="GPS"/>
  <tag k="surface" v="asphalt"/>
  <tag k="wikidata" v="Q1372266"/>
  <tag k="wikipedia" v="vi:Quốc lộ 1"/>
 </way>
 <way id="156084495" visible="true" version="16" changeset="166853480" timestamp="2025-05-28T05:55:42Z" user="ZioDragon" uid="13799024">
  <nd ref="1684712972"/>
  <nd ref="7786664943"/>
  <nd ref="1683863952"/>
  <nd ref="1684712814"/>
  <nd ref="7786664944"/>
  <nd ref="3777883128"/>
  <nd ref="7786664951"/>
  <nd ref="5204960777"/>
  <nd ref="1683863788"/>
  <nd ref="7951474807"/>
  <nd ref="1684712359"/>
  <nd ref="12513288760"/>
  <nd ref="1683863695"/>
  <nd ref="1683863675"/>
  <nd ref="12513288761"/>
  <nd ref="1684712276"/>
  <nd ref="1684712249"/>
  <nd ref="1683863666"/>
  <nd ref="1683863642"/>
  <nd ref="1684712198"/>
  <nd ref="1683863613"/>
  <nd ref="2507108120"/>
  <nd ref="1683863513"/>
  <nd ref="1684712116"/>
  <nd ref="1684712112"/>
  <nd ref="1684712094"/>
  <nd ref="1684712091"/>
  <nd ref="6030095653"/>
  <nd ref="1683863462"/>
  <nd ref="1684712081"/>
  <nd ref="1684712066"/>
  <nd ref="12870044111"/>
  <tag k="highway" v="tertiary"/>
  <tag k="lit" v="yes"/>
  <tag k="name" v="Đường Lê Hoàn"/>
  <tag k="surface" v="asphalt"/>
 </way>
 <way id="156084497" visible="true" version="14" changeset="162889213" timestamp="2025-02-24T12:25:45Z" user="Tewuzij" uid="16194143">
  <nd ref="12513288777"/>
  <nd ref="7928544218"/>
  <nd ref="12560501756"/>
  <nd ref="12560501754"/>
  <nd ref="12560501753"/>
  <nd ref="12560501752"/>
  <tag k="highway" v="tertiary"/>
  <tag k="name" v="Lê Quý Đôn"/>
  <tag k="oneway" v="yes"/>
  <tag k="surface" v="asphalt"/>
 </way>
 <way id="156084498" visible="true" version="3" changeset="12966492" timestamp="2012-09-03T12:10:34Z" user="Dymo12" uid="509465">
  <nd ref="1683863462"/>
  <nd ref="1683863516"/>
  <nd ref="1683863614"/>
  <nd ref="1684712203"/>
  <nd ref="1683863645"/>
  <tag k="highway" v="residential"/>
  <tag k="name" v="Đinh Công Tráng"/>
 </way>
 <way id="156084515" visible="true" version="31" changeset="166853480" timestamp="2025-05-28T05:55:42Z" user="ZioDragon" uid="13799024">
  <nd ref="5204960750"/>
  <nd ref="12513288746"/>
  <nd ref="9534427649"/>
  <nd ref="4710258902"/>
  <nd ref="9534427646"/>
  <nd ref="9534427648"/>
  <nd ref="1683863417"/>
  <nd ref="9534427647"/>
  <nd ref="1683863413"/>
  <nd ref="5934052938"/>
  <nd ref="7929094945"/>
  <nd ref="5934052949"/>
  <nd ref="4710258893"/>
  <nd ref="7929094960"/>
  <nd ref="7929124088"/>
  <nd ref="5934052952"/>
  <nd ref="8574397237"/>
  <nd ref="2507179388"/>
  <nd ref="8574455139"/>
  <nd ref="8574249256"/>
  <nd ref="7929091480"/>
  <nd ref="5599989611"/>
  <nd ref="5599989610"/>
  <nd ref="4710258878"/>
  <nd ref="7929260396"/>
  <nd ref="8574279935"/>
  <nd ref="4710258868"/>
  <nd ref="4710258861"/>
  <nd ref="7929395556"/>
  <nd ref="4710258852"/>
  <nd ref="8655346308"/>
  <nd ref="8655374319"/>
  <nd ref="9337835746"/>
  <nd ref="8655356012"/>
  <nd ref="7929395569"/>
  <nd ref="7929260424"/>
  <nd ref="4710258798"/>
  <tag k="highway" v="secondary"/>
  <tag k="lit" v="yes"/>
  <tag k="name" v="Đường Hải Thượng Lãn Ông"/>
  <tag k="source" v="mapbox"/>
  <tag k="surface" v="asphalt"/>
 </way>
 <way id="156190644" visible="true" version="3" changeset="127450308" timestamp="2022-10-13T06:57:06Z" user="FlorinCiolac" uid="16012423">
  <nd ref="1684712101"/>
  <nd ref="1684712114"/>
  <tag k="highway" v="residential"/>
  <tag k="name" v="Đướng Trương Định"/>
 </way>
 <way id="156190645" visible="true" version="8" changeset="161511812" timestamp="2025-01-19T02:39:35Z" user="vietnam321" uid="11196308">
  <nd ref="7928567006"/>
  <nd ref="7928567009"/>
  <nd ref="1684712089"/>
  <nd ref="1684712101"/>
  <nd ref="8657606714"/>
  <nd ref="1683863588"/>
  <nd ref="1684712142"/>
  <tag k="highway" v="residential"/>
  <tag k="name" v="Phạm Bành"/>
  <tag k="source" v="maxar"/>
 </way>
 <way id="156190673" visible="true" version="7" changeset="166591938" timestamp="2025-05-22T03:11:46Z" user="Pham Thi Anh Thu" uid="22580488">
  <nd ref="1684712236"/>
  <nd ref="1684712226"/>
  <nd ref="12854581933"/>
  <nd ref="12395425718"/>
  <nd ref="7952094353"/>
  <nd ref="1684712172"/>
  <nd ref="7952071778"/>
  <nd ref="2507108122"/>
  <nd ref="1684712124"/>
  <tag k="highway" v="residential"/>
  <tag k="name" v="Đào Duy Từ"/>
 </way>
 <way id="156190676" visible="true" version="8" changeset="162889213" timestamp="2025-02-24T12:26:26Z" user="Tewuzij" uid="16194143">
  <nd ref="1684712093"/>
  <nd ref="7928567004"/>
  <nd ref="1684712089"/>
  <nd ref="1683863457"/>
  <nd ref="1684712083"/>
  <nd ref="1684712072"/>
  <nd ref="7928585591"/>
  <nd ref="1684712058"/>
  <nd ref="8656186980"/>
  <nd ref="1684712046"/>
  <tag k="highway" v="residential"/>
  <tag k="name" v="Tịch Điền"/>
  <tag k="surface" v="asphalt"/>
 </way>
 <way id="243281325" visible="true" version="1" changeset="18518044" timestamp="2013-10-24T11:16:26Z" user="AnhLongVN" uid="1768803">
  <nd ref="2507108120"/>
  <nd ref="2507108122"/>
  <tag k="highway" v="residential"/>
 </way>
 <way id="243281326" visible="true" version="4" changeset="117548108" timestamp="2022-02-18T06:26:43Z" user="vietnam321" uid="11196308">
  <nd ref="1684712124"/>
  <nd ref="2507108124"/>
  <nd ref="1684712030"/>
  <nd ref="5599998299"/>
  <nd ref="5204960766"/>
  <nd ref="2507108127"/>
  <tag k="highway" v="residential"/>
  <tag k="name" v="Tân An 1"/>
 </way>
 <way id="243281327" visible="true" version="3" changeset="103426979" timestamp="2021-04-22T17:02:16Z" user="siddi_s" uid="11659604">
  <nd ref="2507108129"/>
  <nd ref="8656265857"/>
  <nd ref="6030095659"/>
  <nd ref="6030095661"/>
  <nd ref="2507108127"/>
  <tag k="highway" v="residential"/>
 </way>
 <way id="477721609" visible="true" version="4" changeset="77546315" timestamp="2019-11-25T23:29:04Z" user="Sal73x" uid="1293386">
  <nd ref="4710258927"/>
  <nd ref="4712021633"/>
  <nd ref="4712021646"/>
  <nd ref="4712021649"/>
  <nd ref="4712021651"/>
  <nd ref="4712021650"/>
  <nd ref="4712021648"/>
  <nd ref="4712021645"/>
  <nd ref="4712021638"/>
  <nd ref="4712021629"/>
  <nd ref="4712021627"/>
  <nd ref="4712021631"/>
  <nd ref="4712021630"/>
  <nd ref="4712021626"/>
  <nd ref="4712021623"/>
  <nd ref="4712021621"/>
  <nd ref="4712021613"/>
  <nd ref="4712021607"/>
  <nd ref="4712021769"/>
  <nd ref="4712021768"/>
  <nd ref="4712021765"/>
  <nd ref="4712021763"/>
  <nd ref="4712021755"/>
  <nd ref="4712021751"/>
  <nd ref="4712021746"/>
  <nd ref="4712021744"/>
  <nd ref="4712021741"/>
  <nd ref="4712021743"/>
  <nd ref="4712021745"/>
  <nd ref="4712021750"/>
  <nd ref="4712021756"/>
  <nd ref="4712021758"/>
  <nd ref="4712021759"/>
  <nd ref="4712021760"/>
  <nd ref="4712021754"/>
  <nd ref="4712021752"/>
  <nd ref="4712021748"/>
  <nd ref="4712021742"/>
  <nd ref="4712021740"/>
  <nd ref="4712021736"/>
  <nd ref="4712021728"/>
  <nd ref="4712021725"/>
  <nd ref="4712021721"/>
  <nd ref="4712021717"/>
  <nd ref="4712021715"/>
  <nd ref="4712021716"/>
  <nd ref="4712021718"/>
  <nd ref="4712021726"/>
  <nd ref="4712021729"/>
  <nd ref="4712021730"/>
  <nd ref="4712021737"/>
  <nd ref="4712021747"/>
  <nd ref="4712021753"/>
  <nd ref="4712021762"/>
  <nd ref="4712021609"/>
  <nd ref="4712021619"/>
  <nd ref="4712021647"/>
  <nd ref="4712021652"/>
  <nd ref="4712021661"/>
  <nd ref="4712021672"/>
  <nd ref="4712021675"/>
  <nd ref="4712021676"/>
  <nd ref="4712021678"/>
  <nd ref="4712021685"/>
  <nd ref="4712021793"/>
  <nd ref="4712021794"/>
  <nd ref="4712021795"/>
  <nd ref="4712021796"/>
  <nd ref="4712021799"/>
  <nd ref="4712021801"/>
  <nd ref="4712021800"/>
  <nd ref="4712021797"/>
  <nd ref="5933957241"/>
  <nd ref="5933957242"/>
  <nd ref="5933957243"/>
  <nd ref="5933957244"/>
  <nd ref="5933957245"/>
  <nd ref="5933957246"/>
  <nd ref="5933957247"/>
  <nd ref="5933957252"/>
  <nd ref="5933957254"/>
  <nd ref="5933957255"/>
  <nd ref="5933957256"/>
  <nd ref="5933957257"/>
  <nd ref="5933957258"/>
  <nd ref="5933957259"/>
  <nd ref="5933957260"/>
  <nd ref="5933957262"/>
  <nd ref="5933957263"/>
  <nd ref="5933957264"/>
  <nd ref="5933957265"/>
  <nd ref="5933957266"/>
  <nd ref="5933957269"/>
  <nd ref="5933957272"/>
  <nd ref="5933957273"/>
  <nd ref="5933957274"/>
  <nd ref="5933957275"/>
  <nd ref="5933957276"/>
  <nd ref="5933957279"/>
  <nd ref="5933957280"/>
  <nd ref="5933957281"/>
  <nd ref="5933957282"/>
  <nd ref="5933957385"/>
  <nd ref="5933957386"/>
  <nd ref="5933957392"/>
  <nd ref="5933957393"/>
  <nd ref="5933957394"/>
  <nd ref="5933957395"/>
  <nd ref="5933957396"/>
  <nd ref="5933957397"/>
  <nd ref="5933957398"/>
  <nd ref="5933957399"/>
  <nd ref="5933957400"/>
  <nd ref="5933957401"/>
  <nd ref="5933957408"/>
  <nd ref="5933957409"/>
  <nd ref="5933957410"/>
  <tag k="source" v="mapbox"/>
  <tag k="waterway" v="river"/>
 </way>
 <way id="477913070" visible="true" version="9" changeset="166853480" timestamp="2025-05-28T05:55:42Z" user="ZioDragon" uid="13799024">
  <nd ref="4712021732"/>
  <nd ref="4712021735"/>
  <tag k="bicycle" v="yes"/>
  <tag k="bridge" v="yes"/>
  <tag k="cycleway" v="no"/>
  <tag k="foot" v="yes"/>
  <tag k="highway" v="trunk"/>
  <tag k="int_name" v="National Route 1"/>
  <tag k="lanes" v="2"/>
  <tag k="layer" v="2"/>
  <tag k="lit" v="yes"/>
  <tag k="maxspeed" v="60"/>
  <tag k="name" v="Cầu Bố"/>
  <tag k="name:en" v="Bo Bridge"/>
  <tag k="oneway" v="yes"/>
  <tag k="ref" v="QL.1;QL.10"/>
  <tag k="source" v="GPS"/>
  <tag k="surface" v="asphalt"/>
  <tag k="wikidata" v="Q1372266"/>
  <tag k="wikipedia" v="vi:Quốc lộ 1"/>
 </way>
 <way id="477913071" visible="true" version="10" changeset="166853480" timestamp="2025-05-28T05:55:42Z" user="ZioDragon" uid="13799024">
  <nd ref="4712021734"/>
  <nd ref="4712021733"/>
  <tag k="bicycle" v="yes"/>
  <tag k="bridge" v="yes"/>
  <tag k="cycleway" v="no"/>
  <tag k="foot" v="yes"/>
  <tag k="highway" v="trunk"/>
  <tag k="int_name" v="National Route 1"/>
  <tag k="lanes" v="2"/>
  <tag k="layer" v="2"/>
  <tag k="lit" v="yes"/>
  <tag k="maxspeed" v="60"/>
  <tag k="name" v="Cầu Bố"/>
  <tag k="name:en" v="Bo Bridge"/>
  <tag k="oneway" v="yes"/>
  <tag k="ref" v="QL.1;QL.10"/>
  <tag k="source" v="GPS"/>
  <tag k="surface" v="asphalt"/>
  <tag k="wikidata" v="Q1372266"/>
  <tag k="wikipedia" v="vi:Quốc lộ 1"/>
 </way>
 <way id="477913073" visible="true" version="26" changeset="176293553" timestamp="2025-12-23T06:49:21Z" user="Grab_Cong" uid="18820325">
  <nd ref="4712021735"/>
  <nd ref="12870044118"/>
  <nd ref="480669442"/>
  <nd ref="12870044116"/>
  <nd ref="5204960763"/>
  <nd ref="1683863439"/>
  <nd ref="5204960764"/>
  <nd ref="480669447"/>
  <nd ref="7929090043"/>
  <nd ref="8655374346"/>
  <nd ref="12870044124"/>
  <nd ref="8655352365"/>
  <nd ref="7929113082"/>
  <nd ref="12513288782"/>
  <nd ref="5599998291"/>
  <nd ref="5599998268"/>
  <nd ref="12870044114"/>
  <nd ref="7839203279"/>
  <nd ref="6030095664"/>
  <nd ref="2507108129"/>
  <nd ref="13397020968"/>
  <nd ref="1684712054"/>
  <tag k="bicycle" v="yes"/>
  <tag k="cycleway" v="no"/>
  <tag k="foot" v="yes"/>
  <tag k="highway" v="trunk"/>
  <tag k="int_name" v="National Route 1"/>
  <tag k="lanes" v="2"/>
  <tag k="lit" v="yes"/>
  <tag k="maxspeed" v="60"/>
  <tag k="name" v="Đường Quang Trung"/>
  <tag k="name:en" v="Quang Trung Road"/>
  <tag k="oneway" v="yes"/>
  <tag k="ref" v="QL.1;QL.10"/>
  <tag k="source" v="GPS"/>
  <tag k="surface" v="asphalt"/>
  <tag k="wikidata" v="Q1372266"/>
  <tag k="wikipedia" v="vi:Quốc lộ 1"/>
 </way>
 <way id="537517149" visible="true" version="33" changeset="166853480" timestamp="2025-05-28T05:55:42Z" user="ZioDragon" uid="13799024">
  <nd ref="5204960748"/>
  <nd ref="12870044128"/>
  <nd ref="12870044127"/>
  <nd ref="5204960747"/>
  <nd ref="5204960746"/>
  <nd ref="5204960745"/>
  <nd ref="5204960744"/>
  <nd ref="7952724812"/>
  <nd ref="5204960743"/>
  <nd ref="8654312167"/>
  <nd ref="8654312164"/>
  <nd ref="5599989588"/>
  <nd ref="5204960742"/>
  <nd ref="8655363152"/>
  <nd ref="5204960741"/>
  <nd ref="8654917729"/>
  <nd ref="5204960740"/>
  <nd ref="5934693803"/>
  <nd ref="8838693239"/>
  <nd ref="5599914386"/>
  <nd ref="5204960739"/>
  <nd ref="5204960738"/>
  <nd ref="5204960737"/>
  <nd ref="5599914371"/>
  <nd ref="5599914014"/>
  <nd ref="5599914015"/>
  <nd ref="8654422281"/>
  <nd ref="5599914016"/>
  <nd ref="5599914017"/>
  <nd ref="7954952015"/>
  <nd ref="5599914353"/>
  <nd ref="7955569852"/>
  <nd ref="7955569862"/>
  <nd ref="7982917777"/>
  <nd ref="7982917770"/>
  <nd ref="7982790314"/>
  <nd ref="8840699579"/>
  <nd ref="5599914018"/>
  <nd ref="5599914325"/>
  <nd ref="7982990799"/>
  <nd ref="5599914347"/>
  <nd ref="11515558167"/>
  <nd ref="5599914345"/>
  <nd ref="8841089898"/>
  <nd ref="5599914343"/>
  <nd ref="7967244859"/>
  <nd ref="8838684552"/>
  <nd ref="8838711375"/>
  <nd ref="8838643586"/>
  <nd ref="11515572872"/>
  <nd ref="11515572884"/>
  <nd ref="10913575452"/>
  <nd ref="11515572891"/>
  <nd ref="10913575450"/>
  <nd ref="5599914019"/>
  <nd ref="5599914020"/>
  <nd ref="5599914321"/>
  <nd ref="5599914322"/>
  <nd ref="5599914323"/>
  <nd ref="5599914324"/>
  <tag k="highway" v="secondary"/>
  <tag k="lit" v="yes"/>
  <tag k="name" v="Đường Võ Nguyên Giáp"/>
  <tag k="oneway" v="yes"/>
  <tag k="smoothness" v="excellent"/>
  <tag k="source" v="Mapbox"/>
  <tag k="surface" v="asphalt"/>
 </way>
 <way id="537517150" visible="true" version="24" changeset="167600678" timestamp="2025-06-14T06:43:13Z" user="user_22995996" uid="22995996">
  <nd ref="5599914341"/>
  <nd ref="5599914340"/>
  <nd ref="5599914339"/>
  <nd ref="5599914338"/>
  <nd ref="5599914337"/>
  <nd ref="5599914336"/>
  <nd ref="5599914335"/>
  <nd ref="5599914334"/>
  <nd ref="8838121838"/>
  <nd ref="11515572887"/>
  <nd ref="11515572885"/>
  <nd ref="8838027765"/>
  <nd ref="11515572882"/>
  <nd ref="8838679967"/>
  <nd ref="7967271376"/>
  <nd ref="5599914342"/>
  <nd ref="7967301788"/>
  <nd ref="5599914344"/>
  <nd ref="7981603361"/>
  <nd ref="11515572892"/>
  <nd ref="5599914346"/>
  <nd ref="8840783890"/>
  <nd ref="5599914333"/>
  <nd ref="7982790309"/>
  <nd ref="7982877099"/>
  <nd ref="5599914354"/>
  <nd ref="7954758205"/>
  <nd ref="5599914332"/>
  <nd ref="5599914331"/>
  <nd ref="8840803621"/>
  <nd ref="5599914330"/>
  <nd ref="5599914329"/>
  <nd ref="5599914372"/>
  <nd ref="5204960736"/>
  <nd ref="5204960759"/>
  <nd ref="5204960760"/>
  <nd ref="8654304807"/>
  <nd ref="5204960758"/>
  <nd ref="11515572875"/>
  <nd ref="11647413020"/>
  <nd ref="11647413021"/>
  <nd ref="5204960757"/>
  <nd ref="5204960756"/>
  <nd ref="5204960755"/>
  <nd ref="5599998254"/>
  <nd ref="5204960754"/>
  <nd ref="5204960753"/>
  <nd ref="5204960752"/>
  <nd ref="5599998265"/>
  <nd ref="5204960751"/>
  <nd ref="5204960749"/>
  <nd ref="12870044129"/>
  <nd ref="12870044126"/>
  <tag k="highway" v="secondary"/>
  <tag k="lit" v="yes"/>
  <tag k="name" v="Đường Võ Nguyên Giáp"/>
  <tag k="oneway" v="yes"/>
  <tag k="smoothness" v="excellent"/>
  <tag k="source" v="Mapbox"/>
  <tag k="surface" v="asphalt"/>
 </way>
 <way id="586051823" visible="true" version="11" changeset="180150997" timestamp="2026-03-20T10:16:50Z" user="Pham Thi Anh Thu" uid="22580488">
  <nd ref="5204960752"/>
  <nd ref="8654335991"/>
  <nd ref="5934052994"/>
  <nd ref="7929143453"/>
  <nd ref="5934052995"/>
  <nd ref="7929143446"/>
  <nd ref="7952711216"/>
  <nd ref="7952531936"/>
  <nd ref="5599998264"/>
  <nd ref="7952711225"/>
  <nd ref="7952711218"/>
  <nd ref="5599998242"/>
  <nd ref="7952531940"/>
  <nd ref="8838579870"/>
  <nd ref="13664433732"/>
  <nd ref="7952531942"/>
  <nd ref="7952675249"/>
  <tag k="highway" v="residential"/>
  <tag k="source" v="maxar"/>
 </way>
 <way id="586051825" visible="true" version="10" changeset="166853480" timestamp="2025-05-28T05:55:42Z" user="ZioDragon" uid="13799024">
  <nd ref="7952675253"/>
  <nd ref="7952698828"/>
  <nd ref="7952698829"/>
  <nd ref="5599998244"/>
  <nd ref="5599998243"/>
  <nd ref="7952711221"/>
  <nd ref="7952711222"/>
  <nd ref="5599998262"/>
  <nd ref="5934052997"/>
  <nd ref="5934052992"/>
  <nd ref="5204960755"/>
  <tag k="highway" v="residential"/>
  <tag k="name" v="Đường Lê Hiến Tông"/>
  <tag k="source" v="maxar"/>
 </way>
 <way id="586051827" visible="true" version="4" changeset="132530013" timestamp="2023-02-14T10:33:06Z" user="vietnam321" uid="11196308">
  <nd ref="5599998249"/>
  <nd ref="7929164338"/>
  <nd ref="5599998250"/>
  <nd ref="10657414507"/>
  <nd ref="5599998260"/>
  <nd ref="7929143460"/>
  <nd ref="5599998259"/>
  <nd ref="5599998251"/>
  <nd ref="8574638096"/>
  <nd ref="8574638098"/>
  <nd ref="8574638089"/>
  <nd ref="8574638097"/>
  <tag k="highway" v="residential"/>
  <tag k="name" v="Phố Lê Trung Giang"/>
 </way>
 <way id="586051828" visible="true" version="12" changeset="166853480" timestamp="2025-05-28T05:55:42Z" user="ZioDragon" uid="13799024">
  <nd ref="5599998254"/>
  <nd ref="5934052993"/>
  <nd ref="5934052996"/>
  <nd ref="7952711217"/>
  <nd ref="5599998263"/>
  <nd ref="7952711224"/>
  <nd ref="7952711219"/>
  <nd ref="5599998253"/>
  <nd ref="5599998252"/>
  <nd ref="7952698822"/>
  <nd ref="7952698823"/>
  <nd ref="7952698824"/>
  <nd ref="7952675250"/>
  <tag k="highway" v="residential"/>
  <tag k="name" v="Đường Lê Dụ Tông"/>
  <tag k="source" v="maxar"/>
  <tag k="surface" v="asphalt"/>
 </way>
 <way id="586051829" visible="true" version="3" changeset="91246469" timestamp="2020-09-21T19:20:42Z" user="VLD155" uid="10456863">
  <nd ref="5599998258"/>
  <nd ref="7929164330"/>
  <nd ref="7929169384"/>
  <nd ref="7929164328"/>
  <nd ref="7929164326"/>
  <nd ref="5599998259"/>
  <tag k="highway" v="residential"/>
 </way>
 <way id="586051830" visible="true" version="3" changeset="91246469" timestamp="2020-09-21T19:20:42Z" user="VLD155" uid="10456863">
  <nd ref="5599998260"/>
  <nd ref="7929164325"/>
  <nd ref="7929164327"/>
  <nd ref="7929174685"/>
  <nd ref="7929164329"/>
  <nd ref="5599998261"/>
  <tag k="highway" v="residential"/>
 </way>
 <way id="586051831" visible="true" version="5" changeset="162889213" timestamp="2025-02-24T12:28:19Z" user="Tewuzij" uid="16194143">
  <nd ref="5599998262"/>
  <nd ref="7952711229"/>
  <nd ref="7952711227"/>
  <nd ref="5934052999"/>
  <nd ref="5599998263"/>
  <nd ref="5599998264"/>
  <tag k="highway" v="residential"/>
  <tag k="name" v="Phố Lê Lâm"/>
  <tag k="surface" v="asphalt"/>
 </way>
 <way id="586051832" visible="true" version="14" changeset="166853480" timestamp="2025-05-28T05:55:42Z" user="ZioDragon" uid="13799024">
  <nd ref="5599998291"/>
  <nd ref="12870044122"/>
  <nd ref="7929113079"/>
  <nd ref="7010058066"/>
  <nd ref="11337299628"/>
  <nd ref="6030095665"/>
  <nd ref="7010058074"/>
  <nd ref="5599998290"/>
  <nd ref="5599998285"/>
  <nd ref="5599998280"/>
  <nd ref="7952243581"/>
  <nd ref="5599998266"/>
  <nd ref="7952288146"/>
  <tag k="highway" v="tertiary"/>
  <tag k="lit" v="yes"/>
  <tag k="name" v="Đường Lạc Long Quân"/>
  <tag k="oneway" v="yes"/>
  <tag k="source" v="maxar"/>
  <tag k="surface" v="asphalt"/>
 </way>
 <way id="586051833" visible="true" version="15" changeset="162889213" timestamp="2025-02-24T12:06:03Z" user="Tewuzij" uid="16194143">
  <nd ref="7952288141"/>
  <nd ref="5599998269"/>
  <nd ref="7952243580"/>
  <nd ref="5599998279"/>
  <nd ref="5599998286"/>
  <nd ref="5599998289"/>
  <nd ref="6030095666"/>
  <tag k="highway" v="tertiary"/>
  <tag k="lit" v="yes"/>
  <tag k="name" v="Đường Lạc Long Quân"/>
  <tag k="oneway" v="yes"/>
  <tag k="source" v="maxar"/>
  <tag k="surface" v="asphalt"/>
 </way>
 <way id="586051834" visible="true" version="14" changeset="163036302" timestamp="2025-02-28T05:38:16Z" user="Tewuzij" uid="16194143">
  <nd ref="1684712116"/>
  <nd ref="6030095675"/>
  <nd ref="6030095674"/>
  <nd ref="6030095673"/>
  <nd ref="1684712124"/>
  <nd ref="8656375124"/>
  <nd ref="6030095672"/>
  <nd ref="6030095671"/>
  <nd ref="6030095670"/>
  <nd ref="7952083122"/>
  <nd ref="6030095669"/>
  <nd ref="5599998270"/>
  <nd ref="7952071761"/>
  <nd ref="7952083136"/>
  <nd ref="7952083125"/>
  <nd ref="7952071759"/>
  <nd ref="5599998288"/>
  <nd ref="7952071766"/>
  <nd ref="7952067440"/>
  <nd ref="5599998287"/>
  <nd ref="8654518670"/>
  <nd ref="5599998271"/>
  <tag k="highway" v="residential"/>
  <tag k="lit" v="yes"/>
  <tag k="name" v="Phố Nguyễn Huy Tự"/>
 </way>
 <way id="586051838" visible="true" version="5" changeset="162889213" timestamp="2025-02-24T12:26:09Z" user="Tewuzij" uid="16194143">
  <nd ref="7928485569"/>
  <nd ref="6030095655"/>
  <nd ref="7928485567"/>
  <nd ref="7928485565"/>
  <nd ref="12395090769"/>
  <nd ref="5204960766"/>
  <nd ref="7952083118"/>
  <nd ref="5599998298"/>
  <nd ref="5599998297"/>
  <nd ref="5599998296"/>
  <nd ref="5599998295"/>
  <nd ref="5599998294"/>
  <nd ref="5599998293"/>
  <nd ref="5599998292"/>
  <nd ref="8837866962"/>
  <nd ref="5599998274"/>
  <tag k="highway" v="residential"/>
  <tag k="name" v="Phố Thôi Hữu"/>
  <tag k="source" v="maxar"/>
  <tag k="surface" v="asphalt"/>
 </way>
 <way id="586051839" visible="true" version="7" changeset="162889213" timestamp="2025-02-24T12:26:12Z" user="Tewuzij" uid="16194143">
  <nd ref="5599998299"/>
  <nd ref="8655975630"/>
  <nd ref="6030095668"/>
  <nd ref="7952083127"/>
  <nd ref="5599998300"/>
  <nd ref="7952067439"/>
  <nd ref="5599998301"/>
  <tag k="highway" v="residential"/>
  <tag k="name" v="Phố Ngô Thì Nhậm"/>
  <tag k="surface" v="asphalt"/>
 </way>
 <way id="614827029" visible="true" version="2" changeset="63338552" timestamp="2018-10-09T09:31:13Z" user="stadiaarcadia" uid="8570285">
  <nd ref="5815021228"/>
  <nd ref="5815021229"/>
  <nd ref="5815021230"/>
  <nd ref="5815021231"/>
  <nd ref="5815021228"/>
  <tag k="leisure" v="pitch"/>
  <tag k="sport" v="soccer"/>
 </way>
 <way id="614827030" visible="true" version="2" changeset="63203492" timestamp="2018-10-04T17:14:32Z" user="stadiaarcadia" uid="8570285">
  <nd ref="5815021232"/>
  <nd ref="5815021233"/>
  <nd ref="5815021234"/>
  <nd ref="5815021235"/>
  <nd ref="5815021236"/>
  <nd ref="5815021237"/>
  <nd ref="5815021238"/>
  <nd ref="5815021239"/>
  <nd ref="5815021232"/>
  <tag k="building" v="stadium"/>
 </way>
 <way id="614827031" visible="true" version="2" changeset="63203492" timestamp="2018-10-04T17:14:32Z" user="stadiaarcadia" uid="8570285">
  <nd ref="5815021240"/>
  <nd ref="5815021241"/>
  <nd ref="5815021242"/>
  <nd ref="5815021243"/>
  <nd ref="5815021244"/>
  <nd ref="5815021245"/>
  <nd ref="5815021246"/>
  <nd ref="5815021247"/>
  <nd ref="5815021240"/>
  <tag k="building" v="stadium"/>
 </way>
 <way id="628511913" visible="true" version="1" changeset="62969425" timestamp="2018-09-27T08:27:12Z" user="stadiaarcadia" uid="8570285">
  <nd ref="5933619298"/>
  <nd ref="5933619299"/>
  <nd ref="5933619300"/>
  <nd ref="5933619301"/>
  <nd ref="5933619298"/>
  <tag k="building" v="yes"/>
 </way>
 <way id="628511915" visible="true" version="1" changeset="62969425" timestamp="2018-09-27T08:27:12Z" user="stadiaarcadia" uid="8570285">
  <nd ref="5933619302"/>
  <nd ref="5933619303"/>
  <nd ref="5933619304"/>
  <nd ref="5933619305"/>
  <nd ref="5933619302"/>
  <tag k="building" v="yes"/>
 </way>
 <way id="628511917" visible="true" version="1" changeset="62969425" timestamp="2018-09-27T08:27:12Z" user="stadiaarcadia" uid="8570285">
  <nd ref="5933619306"/>
  <nd ref="5933619307"/>
  <nd ref="5933619308"/>
  <nd ref="5933619309"/>
  <nd ref="5933619306"/>
  <tag k="building" v="yes"/>
 </way>
 <way id="628511918" visible="true" version="1" changeset="62969425" timestamp="2018-09-27T08:27:12Z" user="stadiaarcadia" uid="8570285">
  <nd ref="5933619310"/>
  <nd ref="5933619311"/>
  <nd ref="5933619312"/>
  <nd ref="5933619313"/>
  <nd ref="5933619310"/>
  <tag k="leisure" v="swimming_pool"/>
 </way>
 <way id="628511920" visible="true" version="1" changeset="62969425" timestamp="2018-09-27T08:27:12Z" user="stadiaarcadia" uid="8570285">
  <nd ref="5933619314"/>
  <nd ref="5933619315"/>
  <nd ref="5933619316"/>
  <nd ref="5933619317"/>
  <nd ref="5933619314"/>
  <tag k="building" v="yes"/>
 </way>
 <way id="628511922" visible="true" version="1" changeset="62969425" timestamp="2018-09-27T08:27:12Z" user="stadiaarcadia" uid="8570285">
  <nd ref="5933619318"/>
  <nd ref="5933619319"/>
  <nd ref="5933619320"/>
  <nd ref="5933619321"/>
  <nd ref="5933619318"/>
  <tag k="building" v="yes"/>
 </way>
 <way id="628511923" visible="true" version="1" changeset="62969425" timestamp="2018-09-27T08:27:13Z" user="stadiaarcadia" uid="8570285">
  <nd ref="5933619322"/>
  <nd ref="5933619323"/>
  <nd ref="5933619324"/>
  <nd ref="5933619325"/>
  <nd ref="5933619322"/>
  <tag k="building" v="yes"/>
 </way>
 <way id="628511925" visible="true" version="1" changeset="62969425" timestamp="2018-09-27T08:27:13Z" user="stadiaarcadia" uid="8570285">
  <nd ref="5933619326"/>
  <nd ref="5933619327"/>
  <nd ref="5933619328"/>
  <nd ref="5933619329"/>
  <nd ref="5933619330"/>
  <nd ref="5933619331"/>
  <nd ref="5933619332"/>
  <nd ref="5933619333"/>
  <nd ref="5933619334"/>
  <nd ref="5933619335"/>
  <nd ref="5933619336"/>
  <nd ref="5933619337"/>
  <nd ref="5933619326"/>
  <tag k="building" v="yes"/>
 </way>
 <way id="628553090" visible="true" version="7" changeset="163036302" timestamp="2025-02-28T05:36:13Z" user="Tewuzij" uid="16194143">
  <nd ref="10657414527"/>
  <nd ref="7928979374"/>
  <nd ref="5934052988"/>
  <nd ref="5934052986"/>
  <nd ref="7929056121"/>
  <nd ref="7929056124"/>
  <nd ref="5934052911"/>
  <nd ref="7929045723"/>
  <nd ref="5934052912"/>
  <nd ref="5934052913"/>
  <nd ref="5934052914"/>
  <nd ref="7929045720"/>
  <nd ref="5934052915"/>
  <nd ref="5934052916"/>
  <nd ref="7929045703"/>
  <nd ref="5934052917"/>
  <nd ref="5934052918"/>
  <nd ref="7929046092"/>
  <nd ref="5934052919"/>
  <nd ref="7929046087"/>
  <nd ref="7929046090"/>
  <nd ref="5934052920"/>
  <tag k="highway" v="tertiary"/>
  <tag k="lit" v="yes"/>
  <tag k="name" v="Đường Nguyễn Phục"/>
  <tag k="surface" v="asphalt"/>
 </way>
 <way id="628553092" visible="true" version="5" changeset="180148428" timestamp="2026-03-20T09:07:51Z" user="Pham Thi Anh Thu" uid="22580488">
  <nd ref="8838481463"/>
  <nd ref="5934052933"/>
  <nd ref="5934052987"/>
  <nd ref="7929056116"/>
  <nd ref="13664305930"/>
  <nd ref="7929056127"/>
  <nd ref="5934052955"/>
  <nd ref="7929054335"/>
  <nd ref="5934052934"/>
  <tag k="highway" v="residential"/>
  <tag k="name" v="Phố Yên Yên Trường"/>
 </way>
 <way id="628553093" visible="true" version="8" changeset="162889213" timestamp="2025-02-24T12:27:49Z" user="Tewuzij" uid="16194143">
  <nd ref="5934052915"/>
  <nd ref="8654376225"/>
  <nd ref="8654382629"/>
  <nd ref="7929054343"/>
  <nd ref="7929054338"/>
  <nd ref="7929054344"/>
  <nd ref="7929054342"/>
  <nd ref="7929054345"/>
  <nd ref="7929054339"/>
  <nd ref="7929054340"/>
  <nd ref="7929054346"/>
  <nd ref="7929054347"/>
  <nd ref="7929054341"/>
  <nd ref="7929054348"/>
  <nd ref="7929054351"/>
  <nd ref="12395221583"/>
  <nd ref="7929054350"/>
  <nd ref="7929054349"/>
  <nd ref="8654411218"/>
  <nd ref="5934052934"/>
  <nd ref="7929104389"/>
  <nd ref="5934052951"/>
  <nd ref="7929091467"/>
  <nd ref="8654364733"/>
  <nd ref="7929091472"/>
  <nd ref="7929092083"/>
  <nd ref="7929091475"/>
  <nd ref="7929104385"/>
  <nd ref="5934052936"/>
  <nd ref="5934052944"/>
  <nd ref="7929091479"/>
  <nd ref="5934052937"/>
  <tag k="highway" v="residential"/>
  <tag k="name" v="Đường Đỗ Đại"/>
  <tag k="source" v="maxar"/>
  <tag k="surface" v="asphalt"/>
 </way>
 <way id="628553094" visible="true" version="5" changeset="162889213" timestamp="2025-02-24T12:27:51Z" user="Tewuzij" uid="16194143">
  <nd ref="5934052934"/>
  <nd ref="5934052939"/>
  <nd ref="7929104391"/>
  <nd ref="5934052948"/>
  <nd ref="5934052938"/>
  <tag k="highway" v="residential"/>
  <tag k="name" v="Phố Yên Yên Trường"/>
  <tag k="surface" v="asphalt"/>
 </way>
 <way id="628553095" visible="true" version="6" changeset="162889213" timestamp="2025-02-24T12:27:42Z" user="Tewuzij" uid="16194143">
  <nd ref="5934052941"/>
  <nd ref="7929091477"/>
  <nd ref="7929091481"/>
  <nd ref="5934052945"/>
  <nd ref="5934052940"/>
  <nd ref="7929091474"/>
  <nd ref="7929091471"/>
  <nd ref="7929091468"/>
  <nd ref="5934052950"/>
  <nd ref="7929104388"/>
  <nd ref="5934052939"/>
  <nd ref="7929045054"/>
  <nd ref="7929045055"/>
  <nd ref="7929045056"/>
  <nd ref="7929045057"/>
  <nd ref="7929045058"/>
  <nd ref="7929045069"/>
  <nd ref="7929045059"/>
  <tag k="highway" v="residential"/>
  <tag k="name" v="Đường Ngô Thuyền"/>
  <tag k="source" v="maxar"/>
  <tag k="surface" v="asphalt"/>
 </way>
 <way id="628553098" visible="true" version="6" changeset="162889213" timestamp="2025-02-24T12:27:44Z" user="Tewuzij" uid="16194143">
  <nd ref="5934052946"/>
  <nd ref="5934052953"/>
  <nd ref="7929091473"/>
  <nd ref="7929091470"/>
  <nd ref="7929091469"/>
  <nd ref="5934052947"/>
  <nd ref="7929104387"/>
  <nd ref="5934052948"/>
  <nd ref="7929045060"/>
  <nd ref="7929045061"/>
  <nd ref="7929045062"/>
  <nd ref="7929045066"/>
  <nd ref="7929045063"/>
  <nd ref="7929045064"/>
  <nd ref="7929045070"/>
  <tag k="highway" v="residential"/>
  <tag k="name" v="Phố Lê Huy Toán"/>
  <tag k="source" v="maxar"/>
  <tag k="surface" v="asphalt"/>
 </way>
 <way id="628553099" visible="true" version="1" changeset="62975369" timestamp="2018-09-27T12:11:58Z" user="Sal73x" uid="1293386">
  <nd ref="5934052949"/>
  <nd ref="5934052947"/>
  <nd ref="5934052950"/>
  <nd ref="5934052951"/>
  <tag k="highway" v="residential"/>
 </way>
 <way id="628553100" visible="true" version="3" changeset="103385485" timestamp="2021-04-22T06:44:09Z" user="jonna_kuti" uid="10751844">
  <nd ref="5934052952"/>
  <nd ref="5934052953"/>
  <nd ref="8654336701"/>
  <nd ref="5934052940"/>
  <nd ref="7929094937"/>
  <nd ref="5934052936"/>
  <nd ref="5934052954"/>
  <tag k="highway" v="residential"/>
 </way>
 <way id="628553106" visible="true" version="3" changeset="132530013" timestamp="2023-02-14T10:33:06Z" user="vietnam321" uid="11196308">
  <nd ref="10120337762"/>
  <nd ref="5934052992"/>
  <nd ref="5934053001"/>
  <nd ref="5934052993"/>
  <nd ref="5934052994"/>
  <tag k="highway" v="residential"/>
  <tag k="name" v="Phố Phạm Đức Kỳ"/>
 </way>
 <way id="628553107" visible="true" version="5" changeset="162889213" timestamp="2025-02-24T12:28:23Z" user="Tewuzij" uid="16194143">
  <nd ref="5934052995"/>
  <nd ref="10657414506"/>
  <nd ref="5934052996"/>
  <nd ref="5934053000"/>
  <nd ref="7952711226"/>
  <nd ref="7952711228"/>
  <nd ref="5934052997"/>
  <tag k="highway" v="residential"/>
  <tag k="name" v="Phố Lê Duy Mật"/>
  <tag k="surface" v="asphalt"/>
 </way>
 <way id="628553108" visible="true" version="4" changeset="162889213" timestamp="2025-02-24T12:28:17Z" user="Tewuzij" uid="16194143">
  <nd ref="7952675252"/>
  <nd ref="7952698826"/>
  <nd ref="7952698825"/>
  <nd ref="7952698827"/>
  <nd ref="5934053002"/>
  <nd ref="5934052998"/>
  <nd ref="10657414509"/>
  <nd ref="7952711220"/>
  <nd ref="7952711223"/>
  <nd ref="10657414508"/>
  <nd ref="5934052999"/>
  <nd ref="5934053000"/>
  <nd ref="5934053001"/>
  <tag k="highway" v="residential"/>
  <tag k="name" v="Phố Nguyễn Nhữ Lãm"/>
  <tag k="source" v="maxar"/>
  <tag k="surface" v="asphalt"/>
 </way>
 <way id="632119459" visible="true" version="3" changeset="78861209" timestamp="2019-12-26T03:08:55Z" user="camelCaseNick" uid="9563645">
  <nd ref="5815021232"/>
  <nd ref="5815021233"/>
  <nd ref="5815021240"/>
  <nd ref="5815021241"/>
  <nd ref="5815021242"/>
  <nd ref="5815021243"/>
  <nd ref="5815021244"/>
  <nd ref="5815021245"/>
  <nd ref="5815021246"/>
  <nd ref="5815021247"/>
  <nd ref="5815021234"/>
  <nd ref="5815021235"/>
  <nd ref="5815021236"/>
  <nd ref="5815021237"/>
  <nd ref="5815021238"/>
  <nd ref="5815021239"/>
  <nd ref="5815021232"/>
  <tag k="leisure" v="stadium"/>
  <tag k="name" v="Sân vận động Thanh Hoá"/>
  <tag k="wikidata" v="Q7710351"/>
 </way>
 <way id="640070005" visible="true" version="7" changeset="163036302" timestamp="2025-02-28T05:31:35Z" user="Tewuzij" uid="16194143">
  <nd ref="6030095648"/>
  <nd ref="1684712142"/>
  <nd ref="1683863594"/>
  <tag k="highway" v="tertiary"/>
  <tag k="lit" v="yes"/>
  <tag k="name" v="Lê Quý Đôn"/>
  <tag k="surface" v="asphalt"/>
 </way>
 <way id="640070006" visible="true" version="3" changeset="161511812" timestamp="2025-01-19T02:39:35Z" user="vietnam321" uid="11196308">
  <nd ref="6030095649"/>
  <nd ref="6030095648"/>
  <tag k="highway" v="residential"/>
  <tag k="name" v="Lương Thế Vinh"/>
 </way>
 <way id="640070007" visible="true" version="4" changeset="162889213" timestamp="2025-02-24T12:25:49Z" user="Tewuzij" uid="16194143">
  <nd ref="6030095651"/>
  <nd ref="11106928616"/>
  <nd ref="6030095652"/>
  <tag k="highway" v="residential"/>
  <tag k="name" v="Nguyễn Bỉnh Khiêm"/>
  <tag k="surface" v="asphalt"/>
 </way>
 <way id="640070008" visible="true" version="1" changeset="64085533" timestamp="2018-11-01T16:34:06Z" user="Sal73x" uid="1293386">
  <nd ref="6030095653"/>
  <nd ref="6030095654"/>
  <nd ref="6030095656"/>
  <nd ref="6030095655"/>
  <tag k="highway" v="residential"/>
 </way>
 <way id="640070009" visible="true" version="3" changeset="132530013" timestamp="2023-02-14T10:33:06Z" user="vietnam321" uid="11196308">
  <nd ref="6030095656"/>
  <nd ref="6030095658"/>
  <nd ref="7928485566"/>
  <nd ref="6030095657"/>
  <tag k="highway" v="residential"/>
  <tag k="name" v="Phố Ngô Thì Nhậm"/>
 </way>
 <way id="640070010" visible="true" version="3" changeset="175807269" timestamp="2025-12-11T14:58:05Z" user="ninh9322" uid="23591645">
  <nd ref="6030095658"/>
  <nd ref="7928485567"/>
  <nd ref="13369761233"/>
  <nd ref="6030095659"/>
  <nd ref="6030095660"/>
  <tag k="highway" v="residential"/>
 </way>
 <way id="640070011" visible="true" version="1" changeset="64085533" timestamp="2018-11-01T16:34:06Z" user="Sal73x" uid="1293386">
  <nd ref="6030095661"/>
  <nd ref="6030095663"/>
  <nd ref="6030095662"/>
  <tag k="highway" v="residential"/>
 </way>
 <way id="640070012" visible="true" version="4" changeset="178928256" timestamp="2026-02-23T06:42:22Z" user="GrabVN_Dang" uid="21825913">
  <nd ref="6030095663"/>
  <nd ref="7929113075"/>
  <nd ref="6030095660"/>
  <nd ref="7839203276"/>
  <tag k="highway" v="residential"/>
 </way>
 <way id="640070013" visible="true" version="10" changeset="163036302" timestamp="2025-02-28T05:38:09Z" user="Tewuzij" uid="16194143">
  <nd ref="6030095669"/>
  <nd ref="11107353594"/>
  <nd ref="6030095668"/>
  <nd ref="7952083118"/>
  <nd ref="7952093684"/>
  <nd ref="6030095667"/>
  <nd ref="8656259278"/>
  <nd ref="7952093677"/>
  <nd ref="7952243568"/>
  <nd ref="7952243574"/>
  <nd ref="6030095666"/>
  <nd ref="6030095665"/>
  <nd ref="7952281271"/>
  <nd ref="7952281277"/>
  <nd ref="7952295185"/>
  <nd ref="8655327190"/>
  <nd ref="7952295188"/>
  <nd ref="7952295186"/>
  <nd ref="7952295212"/>
  <nd ref="7952295187"/>
  <nd ref="7952281282"/>
  <nd ref="7952295189"/>
  <nd ref="7952295209"/>
  <nd ref="7952295190"/>
  <tag k="highway" v="residential"/>
  <tag k="lit" v="yes"/>
  <tag k="name" v="Đường Trịnh Khả"/>
  <tag k="source" v="maxar"/>
  <tag k="surface" v="asphalt"/>
 </way>
 <way id="640070014" visible="true" version="2" changeset="79100180" timestamp="2020-01-02T05:48:10Z" user="Nimia Lee" uid="10611972">
  <nd ref="6030095676"/>
  <nd ref="6030095677"/>
  <nd ref="6030095678"/>
  <nd ref="6030095679"/>
  <nd ref="6030095680"/>
  <nd ref="6030095681"/>
  <nd ref="6030095682"/>
  <nd ref="6030095683"/>
  <nd ref="6030095684"/>
  <nd ref="6030095676"/>
  <tag k="leisure" v="park"/>
 </way>
 <way id="645916478" visible="true" version="1" changeset="64616079" timestamp="2018-11-18T10:25:01Z" user="stadiaarcadia" uid="8570285">
  <nd ref="6070353231"/>
  <nd ref="6070353232"/>
  <nd ref="6070353233"/>
  <nd ref="6070353234"/>
  <nd ref="6070353231"/>
  <tag k="building" v="yes"/>
 </way>
 <way id="645916479" visible="true" version="1" changeset="64616079" timestamp="2018-11-18T10:25:01Z" user="stadiaarcadia" uid="8570285">
  <nd ref="6070353235"/>
  <nd ref="6070353236"/>
  <nd ref="6070353237"/>
  <nd ref="6070353238"/>
  <nd ref="6070353235"/>
  <tag k="building" v="yes"/>
 </way>
 <way id="645916480" visible="true" version="1" changeset="64616079" timestamp="2018-11-18T10:25:01Z" user="stadiaarcadia" uid="8570285">
  <nd ref="6070353239"/>
  <nd ref="6070353240"/>
  <nd ref="6070353241"/>
  <nd ref="6070353242"/>
  <nd ref="6070353239"/>
  <tag k="building" v="yes"/>
 </way>
 <way id="645916481" visible="true" version="1" changeset="64616079" timestamp="2018-11-18T10:25:01Z" user="stadiaarcadia" uid="8570285">
  <nd ref="6070353243"/>
  <nd ref="6070353244"/>
  <nd ref="6070353245"/>
  <nd ref="6070353246"/>
  <nd ref="6070353243"/>
  <tag k="building" v="yes"/>
 </way>
 <way id="645916482" visible="true" version="1" changeset="64616079" timestamp="2018-11-18T10:25:01Z" user="stadiaarcadia" uid="8570285">
  <nd ref="6070353247"/>
  <nd ref="6070353248"/>
  <nd ref="6070353249"/>
  <nd ref="6070353250"/>
  <nd ref="6070353247"/>
  <tag k="building" v="yes"/>
 </way>
 <way id="645916483" visible="true" version="1" changeset="64616079" timestamp="2018-11-18T10:25:01Z" user="stadiaarcadia" uid="8570285">
  <nd ref="6070353251"/>
  <nd ref="6070353252"/>
  <nd ref="6070353253"/>
  <nd ref="6070353254"/>
  <nd ref="6070353251"/>
  <tag k="building" v="yes"/>
 </way>
 <way id="645916484" visible="true" version="1" changeset="64616079" timestamp="2018-11-18T10:25:01Z" user="stadiaarcadia" uid="8570285">
  <nd ref="6070353255"/>
  <nd ref="6070353256"/>
  <nd ref="6070353257"/>
  <nd ref="6070353258"/>
  <nd ref="6070353255"/>
  <tag k="building" v="yes"/>
 </way>
 <way id="645916485" visible="true" version="1" changeset="64616079" timestamp="2018-11-18T10:25:01Z" user="stadiaarcadia" uid="8570285">
  <nd ref="6070353259"/>
  <nd ref="6070353260"/>
  <nd ref="6070353261"/>
  <nd ref="6070353262"/>
  <nd ref="6070353259"/>
  <tag k="building" v="yes"/>
 </way>
 <way id="645916486" visible="true" version="1" changeset="64616079" timestamp="2018-11-18T10:25:02Z" user="stadiaarcadia" uid="8570285">
  <nd ref="6070353263"/>
  <nd ref="6070353264"/>
  <nd ref="6070353265"/>
  <nd ref="6070353266"/>
  <nd ref="6070353263"/>
  <tag k="building" v="yes"/>
 </way>
 <way id="675943296" visible="true" version="1" changeset="68012587" timestamp="2019-03-11T07:55:04Z" user="Sagioio" uid="9518277">
  <nd ref="6330295490"/>
  <nd ref="6330295491"/>
  <nd ref="6330295492"/>
  <nd ref="6330295493"/>
  <nd ref="6330295494"/>
  <nd ref="6330295495"/>
  <nd ref="6330295496"/>
  <nd ref="6330295490"/>
  <tag k="natural" v="water"/>
  <tag k="water" v="pond"/>
 </way>
 <way id="675943297" visible="true" version="1" changeset="68012587" timestamp="2019-03-11T07:55:04Z" user="Sagioio" uid="9518277">
  <nd ref="6330295497"/>
  <nd ref="6330295498"/>
  <nd ref="6330295499"/>
  <nd ref="6330295500"/>
  <nd ref="6330295501"/>
  <nd ref="6330295502"/>
  <nd ref="6330295503"/>
  <nd ref="6330295504"/>
  <nd ref="6330295505"/>
  <nd ref="6330295506"/>
  <nd ref="6330295507"/>
  <nd ref="6330295508"/>
  <nd ref="6330295509"/>
  <nd ref="6330295510"/>
  <nd ref="6330295511"/>
  <nd ref="6330295512"/>
  <nd ref="6330295513"/>
  <nd ref="6330295514"/>
  <nd ref="6330295515"/>
  <nd ref="6330295516"/>
  <nd ref="6330295517"/>
  <nd ref="6330295518"/>
  <nd ref="6330295519"/>
  <nd ref="6330295520"/>
  <nd ref="6330295521"/>
  <nd ref="6330295522"/>
  <nd ref="6330295523"/>
  <nd ref="6330295524"/>
  <nd ref="6330295525"/>
  <nd ref="6330295526"/>
  <nd ref="6330295527"/>
  <nd ref="6330295497"/>
  <tag k="natural" v="water"/>
  <tag k="water" v="pond"/>
 </way>
 <way id="675943298" visible="true" version="1" changeset="68012587" timestamp="2019-03-11T07:55:05Z" user="Sagioio" uid="9518277">
  <nd ref="6330295529"/>
  <nd ref="6330295530"/>
  <nd ref="6330295531"/>
  <nd ref="6330295532"/>
  <nd ref="6330295533"/>
  <nd ref="6330295534"/>
  <nd ref="6330295535"/>
  <nd ref="6330295536"/>
  <nd ref="6330295537"/>
  <nd ref="6330295529"/>
  <tag k="natural" v="water"/>
  <tag k="water" v="pond"/>
 </way>
 <way id="718034934" visible="true" version="1" changeset="73708393" timestamp="2019-08-25T02:52:50Z" user="stadiaarcadia" uid="8570285">
  <nd ref="6743334486"/>
  <nd ref="6743334487"/>
  <nd ref="6743334488"/>
  <nd ref="6743334489"/>
  <nd ref="6743334486"/>
  <tag k="building" v="yes"/>
 </way>
 <way id="718034935" visible="true" version="2" changeset="176774624" timestamp="2026-01-03T09:55:07Z" user="conradoos" uid="6549455">
  <nd ref="6743334490"/>
  <nd ref="13360865455"/>
  <nd ref="6743334491"/>
  <nd ref="6743334492"/>
  <nd ref="6743334493"/>
  <nd ref="6743334490"/>
  <tag k="building" v="yes"/>
 </way>
 <way id="718034936" visible="true" version="1" changeset="73708393" timestamp="2019-08-25T02:52:50Z" user="stadiaarcadia" uid="8570285">
  <nd ref="6743334494"/>
  <nd ref="6743334495"/>
  <nd ref="6743334496"/>
  <nd ref="6743334497"/>
  <nd ref="6743334494"/>
  <tag k="building" v="yes"/>
 </way>
 <way id="718034937" visible="true" version="1" changeset="73708393" timestamp="2019-08-25T02:52:50Z" user="stadiaarcadia" uid="8570285">
  <nd ref="6743334498"/>
  <nd ref="6743334499"/>
  <nd ref="6743334500"/>
  <nd ref="6743334501"/>
  <nd ref="6743334498"/>
  <tag k="building" v="yes"/>
 </way>
 <way id="718034938" visible="true" version="1" changeset="73708393" timestamp="2019-08-25T02:52:50Z" user="stadiaarcadia" uid="8570285">
  <nd ref="6743334502"/>
  <nd ref="6743334503"/>
  <nd ref="6743334504"/>
  <nd ref="6743334505"/>
  <nd ref="6743334502"/>
  <tag k="building" v="yes"/>
 </way>
 <way id="718034939" visible="true" version="1" changeset="73708393" timestamp="2019-08-25T02:52:50Z" user="stadiaarcadia" uid="8570285">
  <nd ref="6743334506"/>
  <nd ref="6743334507"/>
  <nd ref="6743334508"/>
  <nd ref="6743334509"/>
  <nd ref="6743334506"/>
  <tag k="building" v="yes"/>
 </way>
 <way id="749637655" visible="true" version="8" changeset="166853480" timestamp="2025-05-28T05:55:42Z" user="ZioDragon" uid="13799024">
  <nd ref="7010058066"/>
  <nd ref="7929113081"/>
  <nd ref="7929113083"/>
  <nd ref="7929090022"/>
  <nd ref="8655352360"/>
  <nd ref="7929090023"/>
  <nd ref="7929090026"/>
  <nd ref="7010058067"/>
  <nd ref="7010058068"/>
  <nd ref="7929090040"/>
  <nd ref="7929090031"/>
  <nd ref="7010058069"/>
  <nd ref="7929090042"/>
  <nd ref="7010058070"/>
  <nd ref="7929133774"/>
  <nd ref="7010058083"/>
  <nd ref="7010058071"/>
  <tag k="highway" v="residential"/>
  <tag k="lit" v="yes"/>
  <tag k="name" v="Phố Nguyễn Sơn"/>
 </way>
 <way id="749637656" visible="true" version="4" changeset="139729744" timestamp="2023-08-11T02:43:15Z" user="Oksana18_18" uid="19153593">
  <nd ref="480669442"/>
  <nd ref="11106825325"/>
  <nd ref="7010058071"/>
  <nd ref="8655326524"/>
  <nd ref="7929133783"/>
  <nd ref="7010058072"/>
  <tag k="highway" v="residential"/>
 </way>
 <way id="749637661" visible="true" version="6" changeset="139730808" timestamp="2023-08-11T03:47:56Z" user="Oksana18_18" uid="19153593">
  <nd ref="7952293548"/>
  <nd ref="7952293564"/>
  <nd ref="7010062785"/>
  <nd ref="11106937826"/>
  <nd ref="7952318982"/>
  <nd ref="7952318984"/>
  <nd ref="8655327187"/>
  <nd ref="7010058081"/>
  <nd ref="7010058082"/>
  <tag k="highway" v="residential"/>
  <tag k="name" v="Đường Trịnh Khả"/>
 </way>
 <way id="749637662" visible="true" version="2" changeset="91246206" timestamp="2020-09-21T19:12:48Z" user="VLD155" uid="10456863">
  <nd ref="1683863439"/>
  <nd ref="7010058083"/>
  <nd ref="7010058084"/>
  <nd ref="7929133777"/>
  <nd ref="7010062785"/>
  <nd ref="7010062786"/>
  <tag k="highway" v="residential"/>
 </way>
 <way id="833772151" visible="true" version="19" changeset="166853480" timestamp="2025-05-28T05:55:42Z" user="ZioDragon" uid="13799024">
  <nd ref="1684712046"/>
  <nd ref="8656186984"/>
  <nd ref="12513288780"/>
  <nd ref="9323588912"/>
  <nd ref="7928757444"/>
  <nd ref="12870044113"/>
  <nd ref="8655352366"/>
  <nd ref="7928737254"/>
  <nd ref="7928737261"/>
  <nd ref="7928876755"/>
  <nd ref="11107057370"/>
  <nd ref="7928876780"/>
  <nd ref="1683863442"/>
  <nd ref="5204960765"/>
  <nd ref="1683863437"/>
  <nd ref="12870044115"/>
  <nd ref="1683863434"/>
  <nd ref="4712021739"/>
  <nd ref="12870044117"/>
  <nd ref="7928876850"/>
  <nd ref="4712021734"/>
  <tag k="bicycle" v="yes"/>
  <tag k="cycleway" v="no"/>
  <tag k="foot" v="yes"/>
  <tag k="highway" v="trunk"/>
  <tag k="int_name" v="National Route 1"/>
  <tag k="lanes" v="2"/>
  <tag k="lit" v="yes"/>
  <tag k="maxspeed" v="60"/>
  <tag k="name" v="Đường Quang Trung"/>
  <tag k="name:en" v="Quang Trung Road"/>
  <tag k="oneway" v="yes"/>
  <tag k="ref" v="QL.1;QL.10"/>
  <tag k="source" v="GPS"/>
  <tag k="surface" v="asphalt"/>
  <tag k="wikidata" v="Q1372266"/>
  <tag k="wikipedia" v="vi:Quốc lộ 1"/>
 </way>
 <way id="840082088" visible="true" version="1" changeset="89842701" timestamp="2020-08-24T08:22:08Z" user="Vương Minh Lê" uid="11699765">
  <nd ref="7839203276"/>
  <nd ref="7839203278"/>
  <nd ref="7839203277"/>
  <tag k="highway" v="unclassified"/>
  <tag k="name" v="01 Nguyễn Văn Trỗi"/>
 </way>
 <way id="840082089" visible="true" version="1" changeset="89842701" timestamp="2020-08-24T08:22:08Z" user="Vương Minh Lê" uid="11699765">
  <nd ref="7839203278"/>
  <nd ref="7839203279"/>
  <tag k="bicycle" v="yes"/>
  <tag k="foot" v="yes"/>
  <tag k="highway" v="living_street"/>
  <tag k="lanes" v="1"/>
  <tag k="motor_vehicle" v="yes"/>
  <tag k="name" v="Đường Tuệ Tĩnh"/>
 </way>
 <way id="849819698" visible="true" version="1" changeset="91236546" timestamp="2020-09-21T14:56:16Z" user="VLD155" uid="10456863">
  <nd ref="7928485565"/>
  <nd ref="7928485566"/>
  <tag k="highway" v="residential"/>
  <tag k="source" v="maxar"/>
 </way>
 <way id="849820323" visible="true" version="2" changeset="117548108" timestamp="2022-02-18T06:26:43Z" user="vietnam321" uid="11196308">
  <nd ref="7928544216"/>
  <nd ref="7928544217"/>
  <tag k="highway" v="residential"/>
  <tag k="name" v="Ngõ Đồng Lực"/>
  <tag k="source" v="maxar"/>
 </way>
 <way id="849820324" visible="true" version="2" changeset="162191341" timestamp="2025-02-06T04:26:36Z" user="GrabVN_QThoai" uid="15740602">
  <nd ref="12560501755"/>
  <nd ref="7928544219"/>
  <tag k="highway" v="residential"/>
  <tag k="source" v="maxar"/>
 </way>
 <way id="849823323" visible="true" version="1" changeset="91237194" timestamp="2020-09-21T15:12:05Z" user="VLD155" uid="10456863">
  <nd ref="7928567006"/>
  <nd ref="7928567007"/>
  <tag k="highway" v="residential"/>
  <tag k="source" v="maxar"/>
 </way>
 <way id="849823324" visible="true" version="1" changeset="91237194" timestamp="2020-09-21T15:12:05Z" user="VLD155" uid="10456863">
  <nd ref="7928567010"/>
  <nd ref="7928567007"/>
  <nd ref="7928567008"/>
  <tag k="highway" v="residential"/>
  <tag k="source" v="maxar"/>
 </way>
 <way id="849823325" visible="true" version="1" changeset="91237194" timestamp="2020-09-21T15:12:05Z" user="VLD155" uid="10456863">
  <nd ref="7928567008"/>
  <nd ref="7928567009"/>
  <tag k="highway" v="residential"/>
  <tag k="source" v="maxar"/>
 </way>
 <way id="849824151" visible="true" version="1" changeset="91237386" timestamp="2020-09-21T15:16:16Z" user="VLD155" uid="10456863">
  <nd ref="7928569701"/>
  <nd ref="7928567010"/>
  <tag k="highway" v="residential"/>
  <tag k="source" v="maxar"/>
 </way>
 <way id="849824152" visible="true" version="9" changeset="171172025" timestamp="2025-08-29T08:54:49Z" user="GrabVN_Ngaan" uid="14519322">
  <nd ref="7928722075"/>
  <nd ref="7928569705"/>
  <nd ref="7928569708"/>
  <nd ref="13105404644"/>
  <nd ref="7928569706"/>
  <nd ref="7928569707"/>
  <nd ref="7928569701"/>
  <nd ref="8656371031"/>
  <nd ref="7928569702"/>
  <nd ref="7928569703"/>
  <nd ref="7928569704"/>
  <nd ref="1684712083"/>
  <nd ref="1684712126"/>
  <tag k="highway" v="residential"/>
  <tag k="name" v="Hoàng Văn Thụ"/>
  <tag k="source" v="maxar"/>
 </way>
 <way id="849824153" visible="true" version="3" changeset="139731873" timestamp="2023-08-11T04:46:34Z" user="Grab_Cong" uid="18820325">
  <nd ref="7928569708"/>
  <nd ref="7928569709"/>
  <tag k="highway" v="residential"/>
  <tag k="source" v="maxar"/>
 </way>
 <way id="849825777" visible="true" version="5" changeset="137226299" timestamp="2023-06-12T04:26:57Z" user="kanumuru_siri" uid="12625727">
  <nd ref="7928585591"/>
  <nd ref="7928585592"/>
  <nd ref="7928585593"/>
  <nd ref="7928585594"/>
  <nd ref="7928585596"/>
  <nd ref="8657649214"/>
  <nd ref="7928585595"/>
  <nd ref="8655364847"/>
  <nd ref="8655364843"/>
  <tag k="highway" v="residential"/>
  <tag k="name" v="Đường Lê Ngọc Hân"/>
  <tag k="source" v="maxar"/>
 </way>
 <way id="849825778" visible="true" version="1" changeset="91237539" timestamp="2020-09-21T15:19:42Z" user="VLD155" uid="10456863">
  <nd ref="7928585597"/>
  <nd ref="7928585598"/>
  <nd ref="7928585599"/>
  <nd ref="7928585600"/>
  <nd ref="7928585601"/>
  <nd ref="1684712072"/>
  <tag k="highway" v="residential"/>
  <tag k="source" v="maxar"/>
 </way>
 <way id="849825779" visible="true" version="2" changeset="91237715" timestamp="2020-09-21T15:23:29Z" user="VLD155" uid="10456863">
  <nd ref="7928587233"/>
  <nd ref="7928587234"/>
  <nd ref="7928587228"/>
  <nd ref="7928585597"/>
  <nd ref="7928585602"/>
  <tag k="highway" v="residential"/>
  <tag k="source" v="maxar"/>
 </way>
 <way id="849825780" visible="true" version="1" changeset="91237539" timestamp="2020-09-21T15:19:42Z" user="VLD155" uid="10456863">
  <nd ref="7928585602"/>
  <nd ref="7928585603"/>
  <nd ref="7928585609"/>
  <nd ref="7928585604"/>
  <tag k="highway" v="residential"/>
  <tag k="source" v="maxar"/>
 </way>
 <way id="849825781" visible="true" version="1" changeset="91237539" timestamp="2020-09-21T15:19:42Z" user="VLD155" uid="10456863">
  <nd ref="7928585604"/>
  <nd ref="7928585611"/>
  <nd ref="7928585605"/>
  <nd ref="7928585606"/>
  <nd ref="7928585610"/>
  <nd ref="7928585607"/>
  <nd ref="7928585612"/>
  <nd ref="7928585608"/>
  <tag k="highway" v="residential"/>
  <tag k="source" v="maxar"/>
 </way>
 <way id="849826821" visible="true" version="1" changeset="91237715" timestamp="2020-09-21T15:23:29Z" user="VLD155" uid="10456863">
  <nd ref="7928587231"/>
  <nd ref="7928587228"/>
  <nd ref="7928587229"/>
  <nd ref="7928587230"/>
  <nd ref="7928585605"/>
  <tag k="highway" v="residential"/>
  <tag k="source" v="maxar"/>
 </way>
 <way id="849826822" visible="true" version="1" changeset="91237715" timestamp="2020-09-21T15:23:29Z" user="VLD155" uid="10456863">
  <nd ref="7928587232"/>
  <nd ref="7928585608"/>
  <nd ref="7928587235"/>
  <nd ref="7928587233"/>
  <tag k="highway" v="residential"/>
  <tag k="source" v="maxar"/>
 </way>
 <way id="849845479" visible="true" version="6" changeset="180279557" timestamp="2026-03-23T03:38:36Z" user="Pham Thi Anh Thu" uid="22580488">
  <nd ref="7928722056"/>
  <nd ref="7928726592"/>
  <nd ref="7928722057"/>
  <nd ref="7928722058"/>
  <nd ref="7928722059"/>
  <nd ref="7928752295"/>
  <nd ref="7928722060"/>
  <nd ref="7928722072"/>
  <nd ref="7928722061"/>
  <nd ref="7928722062"/>
  <nd ref="7928737215"/>
  <nd ref="7928737214"/>
  <nd ref="7928752288"/>
  <nd ref="7928737238"/>
  <nd ref="7928752291"/>
  <nd ref="7928737243"/>
  <nd ref="7928698384"/>
  <nd ref="7928752285"/>
  <nd ref="7928752301"/>
  <nd ref="7928737218"/>
  <nd ref="7928752286"/>
  <nd ref="7928752287"/>
  <nd ref="8655364576"/>
  <nd ref="13664265769"/>
  <nd ref="7928737245"/>
  <nd ref="7928737248"/>
  <nd ref="7928737247"/>
  <nd ref="13670586851"/>
  <nd ref="7928737262"/>
  <nd ref="7928737257"/>
  <nd ref="7928737258"/>
  <nd ref="7928737259"/>
  <nd ref="7928737260"/>
  <nd ref="7928737261"/>
  <tag k="highway" v="residential"/>
  <tag k="name" v="Đường Mật Sơn"/>
  <tag k="source" v="maxar"/>
 </way>
 <way id="849845481" visible="true" version="2" changeset="139731873" timestamp="2023-08-11T04:46:34Z" user="Grab_Cong" uid="18820325">
  <nd ref="7928722063"/>
  <nd ref="7928722071"/>
  <nd ref="7928722064"/>
  <nd ref="7928722070"/>
  <nd ref="7928722065"/>
  <nd ref="7928722066"/>
  <nd ref="7928722069"/>
  <nd ref="7928722067"/>
  <nd ref="7928722068"/>
  <nd ref="7928726595"/>
  <tag k="highway" v="service"/>
  <tag k="name" v="Ngõ 90 Hoàng Văn Thụ"/>
 </way>
 <way id="849847014" visible="true" version="5" changeset="142292390" timestamp="2023-10-08T06:53:23Z" user="vietnam321" uid="11196308">
  <nd ref="7928722062"/>
  <nd ref="7928737217"/>
  <nd ref="8655374229"/>
  <tag k="highway" v="residential"/>
  <tag k="source" v="maxar"/>
 </way>
 <way id="849847015" visible="true" version="6" changeset="139731873" timestamp="2023-08-11T04:46:34Z" user="Grab_Cong" uid="18820325">
  <nd ref="7928737218"/>
  <nd ref="7928737242"/>
  <nd ref="7928737234"/>
  <nd ref="7928757451"/>
  <nd ref="9323611718"/>
  <tag k="highway" v="residential"/>
  <tag k="name" v="Phố Kim Đồng"/>
  <tag k="source" v="maxar"/>
 </way>
 <way id="849847016" visible="true" version="2" changeset="139731873" timestamp="2023-08-11T04:46:34Z" user="Grab_Cong" uid="18820325">
  <nd ref="7928737220"/>
  <nd ref="7928737221"/>
  <nd ref="7928737228"/>
  <nd ref="7928737223"/>
  <nd ref="7928737225"/>
  <nd ref="7928737224"/>
  <tag k="highway" v="residential"/>
  <tag k="source" v="maxar"/>
 </way>
 <way id="849847017" visible="true" version="4" changeset="139731873" timestamp="2023-08-11T04:46:34Z" user="Grab_Cong" uid="18820325">
  <nd ref="9323588916"/>
  <nd ref="8655374228"/>
  <nd ref="7928737236"/>
  <nd ref="7928737214"/>
  <tag k="highway" v="residential"/>
  <tag k="source" v="maxar"/>
 </way>
 <way id="849847018" visible="true" version="1" changeset="91241061" timestamp="2020-09-21T16:49:57Z" user="VLD155" uid="10456863">
  <nd ref="7928737236"/>
  <nd ref="7928737235"/>
  <nd ref="7928737232"/>
  <nd ref="7928737240"/>
  <nd ref="7928737244"/>
  <nd ref="7928737233"/>
  <nd ref="7928737237"/>
  <nd ref="7928737234"/>
  <tag k="highway" v="residential"/>
  <tag k="source" v="maxar"/>
 </way>
 <way id="849847019" visible="true" version="1" changeset="91241061" timestamp="2020-09-21T16:49:57Z" user="VLD155" uid="10456863">
  <nd ref="7928737238"/>
  <nd ref="7928737239"/>
  <nd ref="7928737240"/>
  <tag k="highway" v="residential"/>
  <tag k="source" v="maxar"/>
 </way>
 <way id="849847020" visible="true" version="1" changeset="91241061" timestamp="2020-09-21T16:49:57Z" user="VLD155" uid="10456863">
  <nd ref="7928737239"/>
  <nd ref="7928737241"/>
  <nd ref="7928737242"/>
  <tag k="highway" v="residential"/>
  <tag k="source" v="maxar"/>
 </way>
 <way id="849847021" visible="true" version="1" changeset="91241061" timestamp="2020-09-21T16:49:57Z" user="VLD155" uid="10456863">
  <nd ref="7928737243"/>
  <nd ref="7928737241"/>
  <nd ref="7928737244"/>
  <tag k="highway" v="residential"/>
  <tag k="source" v="maxar"/>
 </way>
 <way id="849847716" visible="true" version="1" changeset="91241198" timestamp="2020-09-21T16:53:43Z" user="VLD155" uid="10456863">
  <nd ref="7928752288"/>
  <nd ref="7928752289"/>
  <tag k="highway" v="residential"/>
  <tag k="source" v="maxar"/>
 </way>
 <way id="849847717" visible="true" version="1" changeset="91241198" timestamp="2020-09-21T16:53:43Z" user="VLD155" uid="10456863">
  <nd ref="7928752289"/>
  <nd ref="7928752292"/>
  <nd ref="7928752290"/>
  <nd ref="7928752293"/>
  <nd ref="7928752291"/>
  <tag k="highway" v="residential"/>
  <tag k="source" v="maxar"/>
 </way>
 <way id="849847718" visible="true" version="2" changeset="103411214" timestamp="2021-04-22T12:05:59Z" user="jonna_kuti" uid="10751844">
  <nd ref="7928752294"/>
  <nd ref="8655385545"/>
  <nd ref="7928752295"/>
  <tag k="highway" v="residential"/>
  <tag k="source" v="maxar"/>
 </way>
 <way id="849847719" visible="true" version="1" changeset="91241198" timestamp="2020-09-21T16:53:43Z" user="VLD155" uid="10456863">
  <nd ref="7928698384"/>
  <nd ref="7928752296"/>
  <nd ref="7928752297"/>
  <nd ref="7928752300"/>
  <nd ref="7928752298"/>
  <nd ref="7928752299"/>
  <tag k="highway" v="residential"/>
  <tag k="source" v="maxar"/>
 </way>
 <way id="849847720" visible="true" version="1" changeset="91241198" timestamp="2020-09-21T16:53:43Z" user="VLD155" uid="10456863">
  <nd ref="7928752301"/>
  <nd ref="7928752302"/>
  <nd ref="7928752303"/>
  <nd ref="7928752306"/>
  <nd ref="7928752307"/>
  <nd ref="7928752304"/>
  <nd ref="7928752305"/>
  <tag k="highway" v="residential"/>
  <tag k="source" v="maxar"/>
 </way>
 <way id="849854440" visible="true" version="2" changeset="103410893" timestamp="2021-04-22T12:01:45Z" user="jonna_kuti" uid="10751844">
  <nd ref="7928757441"/>
  <nd ref="8655364844"/>
  <nd ref="7928757442"/>
  <tag k="highway" v="residential"/>
  <tag k="source" v="maxar"/>
 </way>
 <way id="849854443" visible="true" version="1" changeset="91241388" timestamp="2020-09-21T16:59:04Z" user="VLD155" uid="10456863">
  <nd ref="7928757449"/>
  <nd ref="7928757450"/>
  <tag k="highway" v="residential"/>
  <tag k="source" v="maxar"/>
 </way>
 <way id="849854444" visible="true" version="1" changeset="91241388" timestamp="2020-09-21T16:59:04Z" user="VLD155" uid="10456863">
  <nd ref="7928757450"/>
  <nd ref="7928757451"/>
  <tag k="highway" v="residential"/>
  <tag k="source" v="maxar"/>
 </way>
 <way id="849861833" visible="true" version="1" changeset="91241533" timestamp="2020-09-21T17:03:07Z" user="VLD155" uid="10456863">
  <nd ref="7928737247"/>
  <nd ref="7928737249"/>
  <tag k="highway" v="residential"/>
  <tag k="source" v="maxar"/>
 </way>
 <way id="849861834" visible="true" version="1" changeset="91241533" timestamp="2020-09-21T17:03:07Z" user="VLD155" uid="10456863">
  <nd ref="7928737254"/>
  <nd ref="7928737255"/>
  <nd ref="7928737256"/>
  <nd ref="7928737251"/>
  <nd ref="7928737253"/>
  <nd ref="7928737250"/>
  <nd ref="7928737252"/>
  <nd ref="7928737249"/>
  <nd ref="7928737246"/>
  <nd ref="7928737245"/>
  <tag k="highway" v="residential"/>
  <tag k="source" v="maxar"/>
 </way>
 <way id="849866077" visible="true" version="3" changeset="139733112" timestamp="2023-08-11T05:35:37Z" user="Oksana18_18" uid="19153593">
  <nd ref="7928876755"/>
  <nd ref="7928876760"/>
  <nd ref="7928876761"/>
  <nd ref="7928876756"/>
  <nd ref="7928876759"/>
  <nd ref="7928876758"/>
  <nd ref="7928876757"/>
  <nd ref="8655416901"/>
  <nd ref="8655416926"/>
  <nd ref="8655416905"/>
  <nd ref="8655416925"/>
  <nd ref="8655416924"/>
  <nd ref="8655416906"/>
  <nd ref="8655416923"/>
  <tag k="highway" v="residential"/>
  <tag k="source" v="maxar"/>
 </way>
 <way id="849866078" visible="true" version="1" changeset="91242133" timestamp="2020-09-21T17:19:04Z" user="VLD155" uid="10456863">
  <nd ref="7928876773"/>
  <nd ref="7928876762"/>
  <nd ref="7928876769"/>
  <nd ref="7928876768"/>
  <nd ref="7928876763"/>
  <tag k="highway" v="residential"/>
  <tag k="source" v="maxar"/>
 </way>
 <way id="849866079" visible="true" version="1" changeset="91242133" timestamp="2020-09-21T17:19:04Z" user="VLD155" uid="10456863">
  <nd ref="7928876763"/>
  <nd ref="7928876767"/>
  <nd ref="7928876766"/>
  <nd ref="7928876764"/>
  <nd ref="7928876765"/>
  <tag k="highway" v="residential"/>
  <tag k="source" v="maxar"/>
 </way>
 <way id="849866080" visible="true" version="2" changeset="103412451" timestamp="2021-04-22T12:22:10Z" user="jonna_kuti" uid="10751844">
  <nd ref="1683863442"/>
  <nd ref="7928876778"/>
  <nd ref="7928876777"/>
  <nd ref="7928876770"/>
  <nd ref="7928876779"/>
  <nd ref="7928876771"/>
  <nd ref="7928876772"/>
  <nd ref="7928876776"/>
  <nd ref="8655432547"/>
  <nd ref="7928876773"/>
  <nd ref="7928876774"/>
  <nd ref="7928876775"/>
  <tag k="highway" v="residential"/>
  <tag k="source" v="maxar"/>
 </way>
 <way id="849866081" visible="true" version="1" changeset="91242133" timestamp="2020-09-21T17:19:04Z" user="VLD155" uid="10456863">
  <nd ref="7928876779"/>
  <nd ref="7928905590"/>
  <nd ref="7928876780"/>
  <tag k="highway" v="residential"/>
  <tag k="source" v="maxar"/>
 </way>
 <way id="849866082" visible="true" version="1" changeset="91242133" timestamp="2020-09-21T17:19:04Z" user="VLD155" uid="10456863">
  <nd ref="7928876781"/>
  <nd ref="7928876782"/>
  <nd ref="7928876783"/>
  <nd ref="7928876784"/>
  <nd ref="7928905585"/>
  <nd ref="7928905586"/>
  <nd ref="7928905587"/>
  <nd ref="7928905588"/>
  <nd ref="7928905589"/>
  <nd ref="7928905590"/>
  <tag k="highway" v="residential"/>
  <tag k="source" v="maxar"/>
 </way>
 <way id="849869055" visible="true" version="3" changeset="180144301" timestamp="2026-03-20T07:16:12Z" user="Pham Thi Anh Thu" uid="22580488">
  <nd ref="7928876833"/>
  <nd ref="11107385863"/>
  <nd ref="7928876834"/>
  <nd ref="13664090661"/>
  <nd ref="1683863437"/>
  <tag k="highway" v="residential"/>
  <tag k="source" v="maxar"/>
 </way>
 <way id="849869056" visible="true" version="2" changeset="175583841" timestamp="2025-12-06T12:31:17Z" user="MountainAsh" uid="425891">
  <nd ref="7928876850"/>
  <nd ref="7928876851"/>
  <nd ref="7928876849"/>
  <nd ref="7928876848"/>
  <nd ref="7928876847"/>
  <nd ref="7928876846"/>
  <tag k="highway" v="residential"/>
  <tag k="source" v="maxar"/>
 </way>
 <way id="849869057" visible="true" version="2" changeset="103412451" timestamp="2021-04-22T12:22:10Z" user="jonna_kuti" uid="10751844">
  <nd ref="7928876835"/>
  <nd ref="8655432536"/>
  <nd ref="7928876836"/>
  <nd ref="7928876837"/>
  <nd ref="7928876838"/>
  <nd ref="7928876839"/>
  <nd ref="7928876770"/>
  <tag k="highway" v="residential"/>
  <tag k="source" v="maxar"/>
 </way>
 <way id="849884233" visible="true" version="3" changeset="128549432" timestamp="2022-11-06T10:34:39Z" user="vietnam321" uid="11196308">
  <nd ref="7928983529"/>
  <nd ref="7928983528"/>
  <nd ref="7928983511"/>
  <nd ref="7928983512"/>
  <nd ref="7928983513"/>
  <nd ref="7928983514"/>
  <nd ref="7928983515"/>
  <nd ref="7928983527"/>
  <nd ref="7928983526"/>
  <nd ref="7928983516"/>
  <nd ref="7928983517"/>
  <nd ref="7928983518"/>
  <nd ref="7928983519"/>
  <nd ref="7928983525"/>
  <nd ref="7928983520"/>
  <nd ref="7928983524"/>
  <nd ref="7928876775"/>
  <nd ref="7928983523"/>
  <nd ref="7928983521"/>
  <nd ref="8655430320"/>
  <nd ref="7928983522"/>
  <nd ref="7928876765"/>
  <nd ref="8655430326"/>
  <nd ref="7928752287"/>
  <tag k="highway" v="residential"/>
  <tag k="name" v="Phố Chùa Đại Bi"/>
  <tag k="source" v="maxar"/>
 </way>
 <way id="849884234" visible="true" version="1" changeset="91243741" timestamp="2020-09-21T18:02:51Z" user="VLD155" uid="10456863">
  <nd ref="7928983538"/>
  <nd ref="7928983533"/>
  <nd ref="7928983537"/>
  <nd ref="7928983534"/>
  <nd ref="7928983535"/>
  <nd ref="7928983536"/>
  <nd ref="7928983530"/>
  <nd ref="7928983529"/>
  <tag k="highway" v="residential"/>
  <tag k="source" v="maxar"/>
 </way>
 <way id="849884235" visible="true" version="2" changeset="91243813" timestamp="2020-09-21T18:05:13Z" user="VLD155" uid="10456863">
  <nd ref="7928983556"/>
  <nd ref="7928983555"/>
  <nd ref="7928983554"/>
  <nd ref="7928983553"/>
  <nd ref="7928983552"/>
  <nd ref="7928983551"/>
  <nd ref="7928983550"/>
  <nd ref="7928983549"/>
  <nd ref="7928983548"/>
  <nd ref="7928983547"/>
  <nd ref="7928983546"/>
  <nd ref="7928983545"/>
  <nd ref="7928983544"/>
  <nd ref="7928979371"/>
  <nd ref="7928983543"/>
  <nd ref="7928983542"/>
  <nd ref="7928983531"/>
  <nd ref="7928983541"/>
  <nd ref="7928983540"/>
  <nd ref="7928983532"/>
  <nd ref="7928983539"/>
  <nd ref="7928983538"/>
  <tag k="highway" v="residential"/>
  <tag k="source" v="maxar"/>
 </way>
 <way id="849890127" visible="true" version="1" changeset="91243981" timestamp="2020-09-21T18:10:31Z" user="VLD155" uid="10456863">
  <nd ref="7929046091"/>
  <nd ref="7928973083"/>
  <nd ref="7928973084"/>
  <nd ref="7929046085"/>
  <tag k="highway" v="residential"/>
  <tag k="source" v="maxar"/>
 </way>
 <way id="849890128" visible="true" version="1" changeset="91243981" timestamp="2020-09-21T18:10:31Z" user="VLD155" uid="10456863">
  <nd ref="7929046086"/>
  <nd ref="7929046104"/>
  <nd ref="7929046088"/>
  <nd ref="7928973083"/>
  <nd ref="7929046087"/>
  <tag k="highway" v="residential"/>
  <tag k="source" v="maxar"/>
 </way>
 <way id="849890129" visible="true" version="1" changeset="91243981" timestamp="2020-09-21T18:10:31Z" user="VLD155" uid="10456863">
  <nd ref="7929046088"/>
  <nd ref="7929046089"/>
  <tag k="highway" v="residential"/>
  <tag k="source" v="maxar"/>
 </way>
 <way id="849890130" visible="true" version="2" changeset="163849245" timestamp="2025-03-20T07:56:47Z" user="GrabVN_HHanh" uid="21825758">
  <nd ref="7929046090"/>
  <nd ref="7929046091"/>
  <nd ref="12683833142"/>
  <nd ref="7929046096"/>
  <tag k="highway" v="residential"/>
  <tag k="source" v="maxar"/>
 </way>
 <way id="849890131" visible="true" version="1" changeset="91243981" timestamp="2020-09-21T18:10:31Z" user="VLD155" uid="10456863">
  <nd ref="7929046093"/>
  <nd ref="7929046089"/>
  <nd ref="7928973084"/>
  <nd ref="7929046092"/>
  <tag k="highway" v="residential"/>
  <tag k="source" v="maxar"/>
 </way>
 <way id="849890132" visible="true" version="5" changeset="146235380" timestamp="2024-01-14T07:34:53Z" user="vietnam321" uid="11196308">
  <nd ref="7929046094"/>
  <nd ref="7929046095"/>
  <nd ref="7929046096"/>
  <nd ref="7929046101"/>
  <nd ref="7929046097"/>
  <nd ref="7929046086"/>
  <nd ref="11107370329"/>
  <nd ref="7929046098"/>
  <nd ref="7929046102"/>
  <nd ref="7929046099"/>
  <nd ref="7929046103"/>
  <nd ref="8654401971"/>
  <nd ref="7929046100"/>
  <nd ref="7929046105"/>
  <nd ref="7929046093"/>
  <nd ref="7929046106"/>
  <nd ref="7929046107"/>
  <nd ref="7929046108"/>
  <nd ref="7929045701"/>
  <nd ref="7929045700"/>
  <nd ref="7929045706"/>
  <nd ref="7929045699"/>
  <nd ref="7929045711"/>
  <nd ref="7929045698"/>
  <nd ref="7929045697"/>
  <nd ref="7929045702"/>
  <nd ref="7929045696"/>
  <nd ref="8654430733"/>
  <nd ref="8654428213"/>
  <nd ref="8654430732"/>
  <nd ref="8654428212"/>
  <nd ref="8654430731"/>
  <nd ref="8654430730"/>
  <nd ref="8654430729"/>
  <nd ref="8654430728"/>
  <nd ref="8654430727"/>
  <nd ref="8654428214"/>
  <nd ref="8654430726"/>
  <nd ref="8654430725"/>
  <nd ref="8654428215"/>
  <nd ref="8654430724"/>
  <nd ref="8654430717"/>
  <nd ref="8654430723"/>
  <nd ref="8654430722"/>
  <nd ref="8654430721"/>
  <nd ref="8654430720"/>
  <nd ref="8654428216"/>
  <nd ref="8654430719"/>
  <nd ref="8654430718"/>
  <tag k="highway" v="residential"/>
  <tag k="name" v="Đường Vệ Đà"/>
  <tag k="source" v="maxar"/>
 </way>
 <way id="849890133" visible="true" version="1" changeset="91243981" timestamp="2020-09-21T18:10:31Z" user="VLD155" uid="10456863">
  <nd ref="7929046104"/>
  <nd ref="7929046093"/>
  <tag k="highway" v="residential"/>
  <tag k="source" v="maxar"/>
 </way>
 <way id="849892692" visible="true" version="2" changeset="117545352" timestamp="2022-02-18T04:17:18Z" user="vietnam321" uid="11196308">
  <nd ref="7929045703"/>
  <nd ref="7929045704"/>
  <nd ref="7929045708"/>
  <nd ref="7929045705"/>
  <nd ref="7929045707"/>
  <nd ref="7929045706"/>
  <tag k="highway" v="residential"/>
  <tag k="name" v="Đường Đỗ Đại"/>
  <tag k="source" v="maxar"/>
 </way>
 <way id="849892693" visible="true" version="1" changeset="91244176" timestamp="2020-09-21T18:16:15Z" user="VLD155" uid="10456863">
  <nd ref="7929045709"/>
  <nd ref="7929045710"/>
  <tag k="highway" v="residential"/>
  <tag k="source" v="maxar"/>
 </way>
 <way id="849892694" visible="true" version="1" changeset="91244176" timestamp="2020-09-21T18:16:15Z" user="VLD155" uid="10456863">
  <nd ref="7929045714"/>
  <nd ref="7929045709"/>
  <nd ref="7929045713"/>
  <nd ref="7929045712"/>
  <nd ref="7929045711"/>
  <tag k="highway" v="residential"/>
  <tag k="source" v="maxar"/>
 </way>
 <way id="849892695" visible="true" version="1" changeset="91244176" timestamp="2020-09-21T18:16:15Z" user="VLD155" uid="10456863">
  <nd ref="7929045715"/>
  <nd ref="7929045721"/>
  <nd ref="7929045716"/>
  <nd ref="7929045722"/>
  <nd ref="7929045714"/>
  <nd ref="7929045717"/>
  <nd ref="7929045718"/>
  <nd ref="7929045719"/>
  <nd ref="7929045720"/>
  <tag k="highway" v="residential"/>
  <tag k="source" v="maxar"/>
 </way>
 <way id="849895182" visible="true" version="1" changeset="91244453" timestamp="2020-09-21T18:24:49Z" user="VLD155" uid="10456863">
  <nd ref="7929054341"/>
  <nd ref="7929054327"/>
  <nd ref="7929054328"/>
  <nd ref="7929054326"/>
  <nd ref="7929054321"/>
  <tag k="highway" v="residential"/>
  <tag k="source" v="maxar"/>
 </way>
 <way id="849895184" visible="true" version="3" changeset="162375389" timestamp="2025-02-11T04:22:11Z" user="GrabVN_QThoai" uid="15740602">
  <nd ref="7929054335"/>
  <nd ref="7929054330"/>
  <nd ref="8654411217"/>
  <nd ref="7929054326"/>
  <nd ref="7929054334"/>
  <nd ref="7929054331"/>
  <nd ref="7929054332"/>
  <nd ref="7929054333"/>
  <tag k="highway" v="residential"/>
  <tag k="motorcar" v="destination"/>
 </way>
 <way id="849895185" visible="true" version="4" changeset="167252665" timestamp="2025-06-06T07:13:30Z" user="GrabVN_QTrung" uid="22922997">
  <nd ref="8654376225"/>
  <nd ref="7929054336"/>
  <nd ref="7929054333"/>
  <nd ref="7929054337"/>
  <nd ref="12561003629"/>
  <nd ref="12561003630"/>
  <nd ref="12561003631"/>
  <nd ref="12561003632"/>
  <nd ref="12561003633"/>
  <nd ref="12561003634"/>
  <nd ref="12561003635"/>
  <tag k="highway" v="residential"/>
  <tag k="name" v="Ngõ 48 Đỗ Đại"/>
  <tag k="source" v="maxar"/>
 </way>
 <way id="849895942" visible="true" version="1" changeset="91244571" timestamp="2020-09-21T18:27:51Z" user="VLD155" uid="10456863">
  <nd ref="7929045060"/>
  <nd ref="7929045054"/>
  <tag k="highway" v="residential"/>
  <tag k="source" v="maxar"/>
 </way>
 <way id="849895943" visible="true" version="1" changeset="91244571" timestamp="2020-09-21T18:27:51Z" user="VLD155" uid="10456863">
  <nd ref="7929045055"/>
  <nd ref="7929045061"/>
  <nd ref="7929045065"/>
  <tag k="highway" v="residential"/>
  <tag k="source" v="maxar"/>
 </way>
 <way id="849895944" visible="true" version="1" changeset="91244571" timestamp="2020-09-21T18:27:51Z" user="VLD155" uid="10456863">
  <nd ref="7929045057"/>
  <nd ref="7929045066"/>
  <nd ref="7929045067"/>
  <tag k="highway" v="residential"/>
  <tag k="source" v="maxar"/>
 </way>
 <way id="849895945" visible="true" version="2" changeset="103386757" timestamp="2021-04-22T06:59:16Z" user="jonna_kuti" uid="10751844">
  <nd ref="7929045068"/>
  <nd ref="8654403562"/>
  <nd ref="7929045064"/>
  <nd ref="7929045069"/>
  <tag k="highway" v="residential"/>
  <tag k="source" v="maxar"/>
 </way>
 <way id="849895946" visible="true" version="1" changeset="91244571" timestamp="2020-09-21T18:27:51Z" user="VLD155" uid="10456863">
  <nd ref="7929045071"/>
  <nd ref="7929045072"/>
  <nd ref="7929045070"/>
  <nd ref="7929045059"/>
  <tag k="highway" v="residential"/>
  <tag k="source" v="maxar"/>
 </way>
 <way id="849895947" visible="true" version="1" changeset="91244571" timestamp="2020-09-21T18:27:51Z" user="VLD155" uid="10456863">
  <nd ref="7929045072"/>
  <nd ref="7929046090"/>
  <tag k="highway" v="residential"/>
  <tag k="source" v="maxar"/>
 </way>
 <way id="849896355" visible="true" version="1" changeset="91244650" timestamp="2020-09-21T18:29:59Z" user="VLD155" uid="10456863">
  <nd ref="7929045068"/>
  <nd ref="7929078005"/>
  <nd ref="7929045067"/>
  <nd ref="7929078004"/>
  <nd ref="7929078002"/>
  <tag k="highway" v="residential"/>
  <tag k="source" v="maxar"/>
 </way>
 <way id="849896356" visible="true" version="1" changeset="91244650" timestamp="2020-09-21T18:29:59Z" user="VLD155" uid="10456863">
  <nd ref="7929078002"/>
  <nd ref="7929078003"/>
  <nd ref="7929045062"/>
  <nd ref="7929045056"/>
  <tag k="highway" v="residential"/>
  <tag k="source" v="maxar"/>
 </way>
 <way id="849896357" visible="true" version="2" changeset="166853480" timestamp="2025-05-28T05:55:42Z" user="ZioDragon" uid="13799024">
  <nd ref="7929045058"/>
  <nd ref="7929045063"/>
  <nd ref="7929078005"/>
  <nd ref="7929078006"/>
  <nd ref="7929078008"/>
  <nd ref="5204960762"/>
  <tag k="highway" v="residential"/>
  <tag k="source" v="maxar"/>
 </way>
 <way id="849898227" visible="true" version="1" changeset="91245049" timestamp="2020-09-21T18:40:37Z" user="VLD155" uid="10456863">
  <nd ref="7929104387"/>
  <nd ref="7929104390"/>
  <nd ref="7929104388"/>
  <nd ref="7929104389"/>
  <tag k="highway" v="residential"/>
  <tag k="source" v="maxar"/>
 </way>
 <way id="849898228" visible="true" version="1" changeset="91245049" timestamp="2020-09-21T18:40:37Z" user="VLD155" uid="10456863">
  <nd ref="7929104390"/>
  <nd ref="7929104391"/>
  <tag k="highway" v="residential"/>
  <tag k="source" v="maxar"/>
 </way>
 <way id="849898809" visible="true" version="1" changeset="91245148" timestamp="2020-09-21T18:42:38Z" user="VLD155" uid="10456863">
  <nd ref="7929091467"/>
  <nd ref="7929091468"/>
  <nd ref="7929091469"/>
  <tag k="highway" v="residential"/>
  <tag k="source" v="maxar"/>
 </way>
 <way id="849898810" visible="true" version="1" changeset="91245148" timestamp="2020-09-21T18:42:38Z" user="VLD155" uid="10456863">
  <nd ref="7929091470"/>
  <nd ref="7929091471"/>
  <nd ref="7929091472"/>
  <tag k="highway" v="residential"/>
  <tag k="source" v="maxar"/>
 </way>
 <way id="849898811" visible="true" version="1" changeset="91245148" timestamp="2020-09-21T18:42:38Z" user="VLD155" uid="10456863">
  <nd ref="7929091473"/>
  <nd ref="7929091474"/>
  <nd ref="7929091475"/>
  <tag k="highway" v="residential"/>
  <tag k="source" v="maxar"/>
 </way>
 <way id="849899682" visible="true" version="1" changeset="91245307" timestamp="2020-09-21T18:47:00Z" user="VLD155" uid="10456863">
  <nd ref="7929094942"/>
  <nd ref="7929094947"/>
  <nd ref="7929094948"/>
  <tag k="highway" v="residential"/>
  <tag k="source" v="maxar"/>
 </way>
 <way id="849899683" visible="true" version="2" changeset="115278059" timestamp="2021-12-23T03:02:53Z" user="Vikram_R" uid="12664112">
  <nd ref="7929094943"/>
  <nd ref="7929094944"/>
  <nd ref="7929094945"/>
  <tag k="highway" v="residential"/>
  <tag k="name" v="Ngõ 77 Hải Thượng Lãn Ông"/>
  <tag k="source" v="maxar"/>
 </way>
 <way id="849899684" visible="true" version="1" changeset="91245307" timestamp="2020-09-21T18:47:00Z" user="VLD155" uid="10456863">
  <nd ref="7929094946"/>
  <nd ref="7929094947"/>
  <tag k="highway" v="residential"/>
  <tag k="source" v="maxar"/>
 </way>
 <way id="849899685" visible="true" version="1" changeset="91245307" timestamp="2020-09-21T18:47:00Z" user="VLD155" uid="10456863">
  <nd ref="7929094943"/>
  <nd ref="7929094948"/>
  <nd ref="7929094949"/>
  <tag k="highway" v="residential"/>
  <tag k="source" v="maxar"/>
 </way>
 <way id="849899902" visible="true" version="1" changeset="91245407" timestamp="2020-09-21T18:49:48Z" user="VLD155" uid="10456863">
  <nd ref="7929094955"/>
  <nd ref="7929094954"/>
  <tag k="highway" v="residential"/>
  <tag k="source" v="maxar"/>
 </way>
 <way id="849899903" visible="true" version="1" changeset="91245407" timestamp="2020-09-21T18:49:48Z" user="VLD155" uid="10456863">
  <nd ref="7929094954"/>
  <nd ref="7929094956"/>
  <nd ref="7929094958"/>
  <tag k="highway" v="residential"/>
  <tag k="source" v="maxar"/>
 </way>
 <way id="849899904" visible="true" version="1" changeset="91245407" timestamp="2020-09-21T18:49:48Z" user="VLD155" uid="10456863">
  <nd ref="7929094956"/>
  <nd ref="7929094957"/>
  <tag k="highway" v="residential"/>
  <tag k="source" v="maxar"/>
 </way>
 <way id="849899905" visible="true" version="1" changeset="91245407" timestamp="2020-09-21T18:49:48Z" user="VLD155" uid="10456863">
  <nd ref="7929094962"/>
  <nd ref="7929094946"/>
  <nd ref="7929094949"/>
  <nd ref="7929094958"/>
  <nd ref="7929094961"/>
  <nd ref="7929094959"/>
  <nd ref="7929094960"/>
  <tag k="highway" v="residential"/>
  <tag k="source" v="maxar"/>
 </way>
 <way id="849899906" visible="true" version="1" changeset="91245407" timestamp="2020-09-21T18:49:48Z" user="VLD155" uid="10456863">
  <nd ref="7929094963"/>
  <nd ref="7929094964"/>
  <nd ref="7929094965"/>
  <nd ref="7929094962"/>
  <nd ref="7929094966"/>
  <nd ref="7929094967"/>
  <tag k="highway" v="residential"/>
  <tag k="source" v="maxar"/>
 </way>
 <way id="849899907" visible="true" version="1" changeset="91245407" timestamp="2020-09-21T18:49:48Z" user="VLD155" uid="10456863">
  <nd ref="7929094967"/>
  <nd ref="7929094968"/>
  <nd ref="7929094969"/>
  <tag k="highway" v="residential"/>
  <tag k="source" v="maxar"/>
 </way>
 <way id="849899908" visible="true" version="1" changeset="91245407" timestamp="2020-09-21T18:49:48Z" user="VLD155" uid="10456863">
  <nd ref="7929094970"/>
  <nd ref="7929094971"/>
  <tag k="highway" v="residential"/>
  <tag k="source" v="maxar"/>
 </way>
 <way id="849899909" visible="true" version="1" changeset="91245407" timestamp="2020-09-21T18:49:48Z" user="VLD155" uid="10456863">
  <nd ref="7929094972"/>
  <nd ref="7929094973"/>
  <tag k="highway" v="residential"/>
  <tag k="source" v="maxar"/>
 </way>
 <way id="849900584" visible="true" version="1" changeset="91245562" timestamp="2020-09-21T18:53:32Z" user="VLD155" uid="10456863">
  <nd ref="7929124089"/>
  <nd ref="7929124085"/>
  <nd ref="7929124086"/>
  <nd ref="7929124087"/>
  <nd ref="7929094970"/>
  <nd ref="7929094973"/>
  <nd ref="7929124088"/>
  <tag k="highway" v="residential"/>
  <tag k="source" v="maxar"/>
 </way>
 <way id="849900585" visible="true" version="1" changeset="91245562" timestamp="2020-09-21T18:53:32Z" user="VLD155" uid="10456863">
  <nd ref="7929124090"/>
  <nd ref="7929124085"/>
  <tag k="highway" v="residential"/>
  <tag k="source" v="maxar"/>
 </way>
 <way id="849900586" visible="true" version="1" changeset="91245562" timestamp="2020-09-21T18:53:32Z" user="VLD155" uid="10456863">
  <nd ref="7929124087"/>
  <nd ref="7929124091"/>
  <nd ref="7929124092"/>
  <nd ref="7929094963"/>
  <tag k="highway" v="residential"/>
  <tag k="source" v="maxar"/>
 </way>
 <way id="849900587" visible="true" version="1" changeset="91245562" timestamp="2020-09-21T18:53:32Z" user="VLD155" uid="10456863">
  <nd ref="7929094963"/>
  <nd ref="7929124093"/>
  <nd ref="7929124090"/>
  <nd ref="7929124094"/>
  <tag k="highway" v="residential"/>
  <tag k="source" v="maxar"/>
 </way>
 <way id="849903108" visible="true" version="1" changeset="91245923" timestamp="2020-09-21T19:04:04Z" user="VLD155" uid="10456863">
  <nd ref="7929113075"/>
  <nd ref="7929113076"/>
  <tag k="highway" v="residential"/>
  <tag k="source" v="maxar"/>
 </way>
 <way id="849903109" visible="true" version="1" changeset="91245923" timestamp="2020-09-21T19:04:04Z" user="VLD155" uid="10456863">
  <nd ref="7929113077"/>
  <nd ref="7929113078"/>
  <tag k="highway" v="residential"/>
  <tag k="source" v="maxar"/>
 </way>
 <way id="849903110" visible="true" version="1" changeset="91245923" timestamp="2020-09-21T19:04:04Z" user="VLD155" uid="10456863">
  <nd ref="7929113078"/>
  <nd ref="7929113079"/>
  <tag k="highway" v="residential"/>
  <tag k="source" v="maxar"/>
 </way>
 <way id="849903112" visible="true" version="3" changeset="166853480" timestamp="2025-05-28T05:55:42Z" user="ZioDragon" uid="13799024">
  <nd ref="7929113083"/>
  <nd ref="8655352356"/>
  <nd ref="7929113082"/>
  <tag k="highway" v="residential"/>
  <tag k="source" v="maxar"/>
 </way>
 <way id="849903629" visible="true" version="1" changeset="91246066" timestamp="2020-09-21T19:08:31Z" user="VLD155" uid="10456863">
  <nd ref="7929090033"/>
  <nd ref="7929090034"/>
  <nd ref="7929090035"/>
  <nd ref="7929090036"/>
  <nd ref="7929090037"/>
  <tag k="highway" v="residential"/>
  <tag k="source" v="maxar"/>
 </way>
 <way id="849903630" visible="true" version="1" changeset="91246066" timestamp="2020-09-21T19:08:31Z" user="VLD155" uid="10456863">
  <nd ref="7929090038"/>
  <nd ref="7010058069"/>
  <tag k="highway" v="residential"/>
  <tag k="source" v="maxar"/>
 </way>
 <way id="849903631" visible="true" version="1" changeset="91246066" timestamp="2020-09-21T19:08:31Z" user="VLD155" uid="10456863">
  <nd ref="7929090041"/>
  <nd ref="7929090038"/>
  <nd ref="7929090039"/>
  <tag k="highway" v="residential"/>
  <tag k="source" v="maxar"/>
 </way>
 <way id="849903632" visible="true" version="1" changeset="91246066" timestamp="2020-09-21T19:08:31Z" user="VLD155" uid="10456863">
  <nd ref="7929090039"/>
  <nd ref="7929090040"/>
  <tag k="highway" v="residential"/>
  <tag k="source" v="maxar"/>
 </way>
 <way id="849903633" visible="true" version="1" changeset="91246066" timestamp="2020-09-21T19:08:31Z" user="VLD155" uid="10456863">
  <nd ref="7929090042"/>
  <nd ref="7929090041"/>
  <nd ref="7929090037"/>
  <nd ref="7929090043"/>
  <tag k="highway" v="residential"/>
  <tag k="source" v="maxar"/>
 </way>
 <way id="849905093" visible="true" version="1" changeset="91246206" timestamp="2020-09-21T19:12:48Z" user="VLD155" uid="10456863">
  <nd ref="7929133774"/>
  <nd ref="7929133776"/>
  <nd ref="7929133775"/>
  <tag k="highway" v="residential"/>
  <tag k="source" v="maxar"/>
 </way>
 <way id="849905094" visible="true" version="1" changeset="91246206" timestamp="2020-09-21T19:12:48Z" user="VLD155" uid="10456863">
  <nd ref="7929133777"/>
  <nd ref="7929133778"/>
  <nd ref="7929133780"/>
  <nd ref="7929133779"/>
  <tag k="highway" v="residential"/>
  <tag k="source" v="maxar"/>
 </way>
 <way id="849905095" visible="true" version="3" changeset="103409909" timestamp="2021-04-22T11:47:05Z" user="jonna_kuti" uid="10751844">
  <nd ref="7010058072"/>
  <nd ref="8655328010"/>
  <nd ref="7929133781"/>
  <nd ref="8655303394"/>
  <nd ref="8655303393"/>
  <nd ref="8655303392"/>
  <nd ref="8655303391"/>
  <tag k="highway" v="residential"/>
  <tag k="source" v="maxar"/>
 </way>
 <way id="849905096" visible="true" version="1" changeset="91246206" timestamp="2020-09-21T19:12:48Z" user="VLD155" uid="10456863">
  <nd ref="7929133782"/>
  <nd ref="7929133783"/>
  <tag k="highway" v="residential"/>
  <tag k="source" v="maxar"/>
 </way>
 <way id="849905466" visible="true" version="1" changeset="91246282" timestamp="2020-09-21T19:15:30Z" user="VLD155" uid="10456863">
  <nd ref="7929143446"/>
  <nd ref="7929143450"/>
  <nd ref="7929143447"/>
  <nd ref="7929143448"/>
  <nd ref="7929157388"/>
  <tag k="highway" v="residential"/>
  <tag k="source" v="maxar"/>
 </way>
 <way id="849905468" visible="true" version="1" changeset="91246282" timestamp="2020-09-21T19:15:30Z" user="VLD155" uid="10456863">
  <nd ref="7929143454"/>
  <nd ref="7929143452"/>
  <nd ref="7929143453"/>
  <tag k="highway" v="residential"/>
  <tag k="source" v="maxar"/>
 </way>
 <way id="849905470" visible="true" version="2" changeset="91666359" timestamp="2020-09-28T21:04:12Z" user="VLD155" uid="10456863">
  <nd ref="7952724814"/>
  <nd ref="7952724815"/>
  <nd ref="7929143457"/>
  <tag k="highway" v="residential"/>
  <tag k="source" v="maxar"/>
 </way>
 <way id="849905471" visible="true" version="1" changeset="91246282" timestamp="2020-09-21T19:15:30Z" user="VLD155" uid="10456863">
  <nd ref="7929143457"/>
  <nd ref="5599998260"/>
  <tag k="highway" v="residential"/>
  <tag k="source" v="maxar"/>
 </way>
 <way id="849905987" visible="true" version="1" changeset="91246370" timestamp="2020-09-21T19:17:58Z" user="VLD155" uid="10456863">
  <nd ref="7929164325"/>
  <nd ref="7929164326"/>
  <tag k="highway" v="residential"/>
  <tag k="source" v="maxar"/>
 </way>
 <way id="849905988" visible="true" version="1" changeset="91246370" timestamp="2020-09-21T19:17:58Z" user="VLD155" uid="10456863">
  <nd ref="7929164327"/>
  <nd ref="7929164328"/>
  <tag k="highway" v="residential"/>
  <tag k="source" v="maxar"/>
 </way>
 <way id="849905989" visible="true" version="1" changeset="91246370" timestamp="2020-09-21T19:17:58Z" user="VLD155" uid="10456863">
  <nd ref="7929164329"/>
  <nd ref="7929164330"/>
  <tag k="highway" v="residential"/>
  <tag k="source" v="maxar"/>
 </way>
 <way id="849905990" visible="true" version="1" changeset="91246370" timestamp="2020-09-21T19:17:58Z" user="VLD155" uid="10456863">
  <nd ref="7929164337"/>
  <nd ref="7929164332"/>
  <nd ref="7929164331"/>
  <tag k="highway" v="residential"/>
  <tag k="source" v="maxar"/>
 </way>
 <way id="849905991" visible="true" version="1" changeset="91246370" timestamp="2020-09-21T19:17:58Z" user="VLD155" uid="10456863">
  <nd ref="7929164332"/>
  <nd ref="7929164333"/>
  <nd ref="7929164334"/>
  <tag k="highway" v="residential"/>
  <tag k="source" v="maxar"/>
 </way>
 <way id="849905992" visible="true" version="1" changeset="91246370" timestamp="2020-09-21T19:17:58Z" user="VLD155" uid="10456863">
  <nd ref="7929164336"/>
  <nd ref="7929164333"/>
  <nd ref="7929164335"/>
  <tag k="highway" v="residential"/>
  <tag k="source" v="maxar"/>
 </way>
 <way id="849905993" visible="true" version="2" changeset="103384384" timestamp="2021-04-22T06:30:05Z" user="jonna_kuti" uid="10751844">
  <nd ref="7929164339"/>
  <nd ref="7929164336"/>
  <nd ref="8654310795"/>
  <nd ref="7929164337"/>
  <nd ref="7929164338"/>
  <tag k="highway" v="residential"/>
  <tag k="source" v="maxar"/>
 </way>
 <way id="849907427" visible="true" version="2" changeset="167636454" timestamp="2025-06-15T05:43:44Z" user="user_22995996" uid="22995996">
  <nd ref="7929169383"/>
  <nd ref="7929169384"/>
  <nd ref="7929174685"/>
  <nd ref="7929164335"/>
  <tag k="highway" v="residential"/>
  <tag k="source" v="maxar"/>
 </way>
 <way id="852476720" visible="true" version="1" changeset="91657172" timestamp="2020-09-28T16:56:29Z" user="VLD155" uid="10456863">
  <nd ref="6030095667"/>
  <nd ref="7952093679"/>
  <tag k="highway" v="residential"/>
  <tag k="source" v="maxar"/>
 </way>
 <way id="852476721" visible="true" version="2" changeset="91666359" timestamp="2020-09-28T21:04:12Z" user="VLD155" uid="10456863">
  <nd ref="7952093680"/>
  <nd ref="7952093682"/>
  <nd ref="7952093683"/>
  <nd ref="2507108127"/>
  <tag k="highway" v="residential"/>
  <tag k="source" v="maxar"/>
 </way>
 <way id="852476722" visible="true" version="1" changeset="91657172" timestamp="2020-09-28T16:56:29Z" user="VLD155" uid="10456863">
  <nd ref="7952093683"/>
  <nd ref="7952093684"/>
  <nd ref="7952095785"/>
  <tag k="highway" v="residential"/>
  <tag k="source" v="maxar"/>
 </way>
 <way id="852477234" visible="true" version="3" changeset="139744030" timestamp="2023-08-11T10:21:58Z" user="Oksana18_18" uid="19153593">
  <nd ref="8655975630"/>
  <nd ref="8655975631"/>
  <nd ref="8655975632"/>
  <nd ref="8655975633"/>
  <nd ref="8655975634"/>
  <nd ref="8655975635"/>
  <nd ref="8655975636"/>
  <nd ref="7952083119"/>
  <nd ref="7952083120"/>
  <nd ref="11107390519"/>
  <tag k="highway" v="residential"/>
  <tag k="source" v="maxar"/>
 </way>
 <way id="852477237" visible="true" version="1" changeset="91657315" timestamp="2020-09-28T16:59:42Z" user="VLD155" uid="10456863">
  <nd ref="7952083130"/>
  <nd ref="7952083131"/>
  <nd ref="7952083132"/>
  <nd ref="7952083133"/>
  <nd ref="7952083134"/>
  <nd ref="7952083135"/>
  <nd ref="7952083136"/>
  <tag k="highway" v="residential"/>
  <tag k="source" v="maxar"/>
 </way>
 <way id="852479051" visible="true" version="1" changeset="91657519" timestamp="2020-09-28T17:03:36Z" user="VLD155" uid="10456863">
  <nd ref="7952071761"/>
  <nd ref="7952071764"/>
  <nd ref="7952071762"/>
  <tag k="highway" v="residential"/>
  <tag k="source" v="maxar"/>
 </way>
 <way id="852479052" visible="true" version="1" changeset="91657519" timestamp="2020-09-28T17:03:36Z" user="VLD155" uid="10456863">
  <nd ref="7952071763"/>
  <nd ref="7952071764"/>
  <tag k="highway" v="residential"/>
  <tag k="source" v="maxar"/>
 </way>
 <way id="852479054" visible="true" version="1" changeset="91657519" timestamp="2020-09-28T17:03:36Z" user="VLD155" uid="10456863">
  <nd ref="7952071767"/>
  <nd ref="7952071769"/>
  <nd ref="7952071768"/>
  <tag k="highway" v="residential"/>
  <tag k="source" v="maxar"/>
 </way>
 <way id="852479056" visible="true" version="2" changeset="132530013" timestamp="2023-02-14T10:33:06Z" user="vietnam321" uid="11196308">
  <nd ref="7952071773"/>
  <nd ref="7952071774"/>
  <nd ref="7952071775"/>
  <nd ref="7952071777"/>
  <nd ref="7952071778"/>
  <tag k="highway" v="residential"/>
  <tag k="name" v="Phố Nguyễn Văn Huyên"/>
  <tag k="source" v="maxar"/>
 </way>
 <way id="852496915" visible="true" version="1" changeset="91660541" timestamp="2020-09-28T18:05:09Z" user="VLD155" uid="10456863">
  <nd ref="7952243568"/>
  <nd ref="7952243570"/>
  <nd ref="7952243569"/>
  <nd ref="7952243572"/>
  <tag k="highway" v="residential"/>
  <tag k="source" v="maxar"/>
 </way>
 <way id="852496916" visible="true" version="3" changeset="139734744" timestamp="2023-08-11T06:26:32Z" user="Oksana18_18" uid="19153593">
  <nd ref="7952243571"/>
  <nd ref="11107056845"/>
  <nd ref="7952243572"/>
  <nd ref="8655337969"/>
  <nd ref="7952243573"/>
  <tag k="highway" v="residential"/>
  <tag k="source" v="maxar"/>
 </way>
 <way id="852496917" visible="true" version="1" changeset="91660541" timestamp="2020-09-28T18:05:09Z" user="VLD155" uid="10456863">
  <nd ref="7952243574"/>
  <nd ref="7952243575"/>
  <nd ref="7952243576"/>
  <nd ref="7952243577"/>
  <nd ref="7952243578"/>
  <tag k="highway" v="residential"/>
  <tag k="source" v="maxar"/>
 </way>
 <way id="852501485" visible="true" version="5" changeset="162345039" timestamp="2025-02-10T10:48:55Z" user="GrabVN_QThoai" uid="15740602">
  <nd ref="7952281276"/>
  <nd ref="12573804954"/>
  <nd ref="12573804958"/>
  <nd ref="7952281275"/>
  <nd ref="7952281274"/>
  <nd ref="7952281271"/>
  <nd ref="7952281272"/>
  <nd ref="11337299629"/>
  <nd ref="7929113081"/>
  <nd ref="10161498594"/>
  <tag k="highway" v="residential"/>
  <tag k="source" v="maxar"/>
 </way>
 <way id="852501486" visible="true" version="2" changeset="91666359" timestamp="2020-09-28T21:04:12Z" user="VLD155" uid="10456863">
  <nd ref="7952281277"/>
  <nd ref="7952281278"/>
  <nd ref="7929090022"/>
  <tag k="highway" v="residential"/>
  <tag k="source" v="maxar"/>
 </way>
 <way id="852501487" visible="true" version="3" changeset="128549432" timestamp="2022-11-06T10:34:39Z" user="vietnam321" uid="11196308">
  <nd ref="7952295185"/>
  <nd ref="7952281280"/>
  <nd ref="7929090023"/>
  <tag k="highway" v="residential"/>
  <tag k="name" v="Phố Lê Bá Giác"/>
  <tag k="source" v="maxar"/>
 </way>
 <way id="852501488" visible="true" version="1" changeset="91661433" timestamp="2020-09-28T18:25:28Z" user="VLD155" uid="10456863">
  <nd ref="7952281280"/>
  <nd ref="7952281278"/>
  <nd ref="7952281272"/>
  <tag k="highway" v="residential"/>
  <tag k="source" v="maxar"/>
 </way>
 <way id="852501489" visible="true" version="2" changeset="91666359" timestamp="2020-09-28T21:04:12Z" user="VLD155" uid="10456863">
  <nd ref="7952281282"/>
  <nd ref="7929090028"/>
  <nd ref="7929090027"/>
  <nd ref="7929090026"/>
  <nd ref="7929090025"/>
  <tag k="highway" v="residential"/>
  <tag k="source" v="maxar"/>
 </way>
 <way id="852501491" visible="true" version="6" changeset="179729498" timestamp="2026-03-12T03:16:10Z" user="GrabVN_HHanh" uid="21825758">
  <nd ref="7952293528"/>
  <nd ref="7952293529"/>
  <nd ref="7952293534"/>
  <nd ref="7952293533"/>
  <nd ref="7952293530"/>
  <nd ref="7952293532"/>
  <nd ref="7952293531"/>
  <nd ref="7952298894"/>
  <nd ref="7952298898"/>
  <nd ref="7952295216"/>
  <nd ref="7952298901"/>
  <nd ref="7952298899"/>
  <nd ref="7952298900"/>
  <nd ref="7952295190"/>
  <nd ref="7952295207"/>
  <nd ref="7929090029"/>
  <nd ref="7929090030"/>
  <nd ref="7929090032"/>
  <nd ref="7929090031"/>
  <tag k="highway" v="residential"/>
  <tag k="source" v="maxar"/>
 </way>
 <way id="852502060" visible="true" version="5" changeset="116238936" timestamp="2022-01-17T06:31:43Z" user="vietnam321" uid="11196308">
  <nd ref="7952293548"/>
  <nd ref="7952293556"/>
  <nd ref="7952293549"/>
  <nd ref="7952293550"/>
  <nd ref="7952293551"/>
  <nd ref="7952293555"/>
  <nd ref="7952293552"/>
  <nd ref="7952293554"/>
  <nd ref="7929090045"/>
  <nd ref="7929090047"/>
  <nd ref="7929090048"/>
  <nd ref="7952295206"/>
  <nd ref="7952295207"/>
  <tag k="highway" v="service"/>
  <tag k="name" v="Đường Trịnh Khả"/>
  <tag k="service" v="alley"/>
  <tag k="source" v="maxar"/>
 </way>
 <way id="852502061" visible="true" version="2" changeset="175807336" timestamp="2025-12-11T14:59:38Z" user="ninh9322" uid="23591645">
  <nd ref="7952295208"/>
  <nd ref="13369765047"/>
  <nd ref="7952295209"/>
  <tag k="highway" v="residential"/>
  <tag k="source" v="maxar"/>
 </way>
 <way id="852502062" visible="true" version="1" changeset="91661578" timestamp="2020-09-28T18:29:05Z" user="VLD155" uid="10456863">
  <nd ref="7952295210"/>
  <nd ref="7952295211"/>
  <nd ref="7952295212"/>
  <tag k="highway" v="residential"/>
  <tag k="source" v="maxar"/>
 </way>
 <way id="852502063" visible="true" version="1" changeset="91661578" timestamp="2020-09-28T18:29:05Z" user="VLD155" uid="10456863">
  <nd ref="7952295213"/>
  <nd ref="7952295214"/>
  <nd ref="7952295215"/>
  <nd ref="7952295216"/>
  <tag k="highway" v="service"/>
  <tag k="service" v="alley"/>
  <tag k="source" v="maxar"/>
 </way>
 <way id="852502064" visible="true" version="3" changeset="162345039" timestamp="2025-02-10T10:48:55Z" user="GrabVN_QThoai" uid="15740602">
  <nd ref="8655340628"/>
  <nd ref="12573804960"/>
  <nd ref="7952295218"/>
  <tag k="highway" v="residential"/>
  <tag k="source" v="maxar"/>
 </way>
 <way id="852502065" visible="true" version="2" changeset="162345039" timestamp="2025-02-10T10:48:55Z" user="GrabVN_QThoai" uid="15740602">
  <nd ref="12573804954"/>
  <nd ref="12573804953"/>
  <nd ref="12573804952"/>
  <nd ref="7952295219"/>
  <nd ref="12573804955"/>
  <nd ref="7952295218"/>
  <tag k="highway" v="residential"/>
  <tag k="source" v="maxar"/>
 </way>
 <way id="852502066" visible="true" version="1" changeset="91661578" timestamp="2020-09-28T18:29:05Z" user="VLD155" uid="10456863">
  <nd ref="7952295222"/>
  <nd ref="7952295223"/>
  <nd ref="7952295224"/>
  <nd ref="7952295225"/>
  <nd ref="7952295226"/>
  <nd ref="7952281276"/>
  <tag k="highway" v="service"/>
  <tag k="service" v="alley"/>
  <tag k="source" v="maxar"/>
 </way>
 <way id="852503454" visible="true" version="1" changeset="91661807" timestamp="2020-09-28T18:35:25Z" user="VLD155" uid="10456863">
  <nd ref="7952298892"/>
  <nd ref="7952298893"/>
  <tag k="highway" v="residential"/>
  <tag k="source" v="maxar"/>
 </way>
 <way id="852503455" visible="true" version="3" changeset="106431296" timestamp="2021-06-16T03:44:16Z" user="isha01" uid="11659048">
  <nd ref="7952298894"/>
  <nd ref="7952298895"/>
  <nd ref="7952298896"/>
  <nd ref="7952298892"/>
  <nd ref="8654502926"/>
  <nd ref="8837394352"/>
  <nd ref="7952298897"/>
  <tag k="highway" v="residential"/>
  <tag k="source" v="maxar"/>
 </way>
 <way id="852504660" visible="true" version="1" changeset="91661969" timestamp="2020-09-28T18:40:23Z" user="VLD155" uid="10456863">
  <nd ref="7952293542"/>
  <nd ref="7952293543"/>
  <nd ref="7952293544"/>
  <nd ref="7952293546"/>
  <nd ref="7952293545"/>
  <nd ref="7952293547"/>
  <nd ref="7952295216"/>
  <tag k="highway" v="service"/>
  <tag k="service" v="alley"/>
  <tag k="source" v="maxar"/>
 </way>
 <way id="852505222" visible="true" version="5" changeset="179729498" timestamp="2026-03-12T03:16:10Z" user="GrabVN_HHanh" uid="21825758">
  <nd ref="7952293557"/>
  <nd ref="7952293567"/>
  <nd ref="7952293558"/>
  <nd ref="7952293559"/>
  <nd ref="11104579413"/>
  <nd ref="11107467589"/>
  <nd ref="7952293566"/>
  <nd ref="7952293560"/>
  <nd ref="7952293561"/>
  <nd ref="12395481918"/>
  <nd ref="7952293565"/>
  <nd ref="7952293562"/>
  <nd ref="7952293542"/>
  <nd ref="7952293563"/>
  <nd ref="7952293548"/>
  <tag k="highway" v="residential"/>
  <tag k="source" v="maxar"/>
 </way>
 <way id="852505223" visible="true" version="3" changeset="124813773" timestamp="2022-08-12T11:11:20Z" user="satya_bhavani" uid="12625843">
  <nd ref="7952293564"/>
  <nd ref="7952293569"/>
  <nd ref="7952293570"/>
  <nd ref="7952293571"/>
  <nd ref="7929133772"/>
  <nd ref="7929133773"/>
  <nd ref="7010058070"/>
  <nd ref="480669447"/>
  <tag k="highway" v="residential"/>
  <tag k="name" v="Đường Lê Thần Tông"/>
  <tag k="source" v="maxar"/>
 </way>
 <way id="852506125" visible="true" version="3" changeset="178929515" timestamp="2026-02-23T07:27:19Z" user="GrabVN_Dang" uid="21825913">
  <nd ref="7952318982"/>
  <nd ref="7952318983"/>
  <nd ref="8655303390"/>
  <nd ref="8655303387"/>
  <tag k="highway" v="residential"/>
  <tag k="source" v="maxar"/>
 </way>
 <way id="852506126" visible="true" version="1" changeset="91662210" timestamp="2020-09-28T18:48:03Z" user="VLD155" uid="10456863">
  <nd ref="7952318984"/>
  <nd ref="7952332485"/>
  <tag k="highway" v="residential"/>
  <tag k="source" v="maxar"/>
 </way>
 <way id="852506127" visible="true" version="2" changeset="139746783" timestamp="2023-08-11T11:36:46Z" user="Oksana18_18" uid="19153593">
  <nd ref="7952332493"/>
  <nd ref="7952332492"/>
  <nd ref="11107467579"/>
  <nd ref="7952332494"/>
  <nd ref="7952332491"/>
  <nd ref="7952332495"/>
  <nd ref="7952332490"/>
  <nd ref="7952332496"/>
  <nd ref="7952332486"/>
  <nd ref="7952332497"/>
  <nd ref="7010062786"/>
  <tag k="highway" v="service"/>
  <tag k="service" v="alley"/>
  <tag k="source" v="maxar"/>
 </way>
 <way id="852506128" visible="true" version="1" changeset="91662210" timestamp="2020-09-28T18:48:03Z" user="VLD155" uid="10456863">
  <nd ref="7010062786"/>
  <nd ref="7952332487"/>
  <nd ref="7952332489"/>
  <nd ref="7952332488"/>
  <tag k="highway" v="service"/>
  <tag k="service" v="alley"/>
  <tag k="source" v="maxar"/>
 </way>
 <way id="852528308" visible="true" version="13" changeset="180150997" timestamp="2026-03-20T10:16:50Z" user="Pham Thi Anh Thu" uid="22580488">
  <nd ref="5204960761"/>
  <nd ref="7929157385"/>
  <nd ref="7929157394"/>
  <nd ref="7929157386"/>
  <nd ref="13663872084"/>
  <nd ref="7929157387"/>
  <nd ref="7929157388"/>
  <nd ref="7929157389"/>
  <nd ref="7929157390"/>
  <nd ref="7929157391"/>
  <nd ref="7929157392"/>
  <nd ref="7929143445"/>
  <nd ref="7952675623"/>
  <nd ref="7952675622"/>
  <nd ref="7952675621"/>
  <nd ref="7952531943"/>
  <nd ref="7952675608"/>
  <nd ref="7952675620"/>
  <nd ref="7952675619"/>
  <nd ref="7952675609"/>
  <nd ref="7952675610"/>
  <nd ref="13664433731"/>
  <nd ref="13664433730"/>
  <nd ref="7952675611"/>
  <nd ref="7952675612"/>
  <nd ref="7952675613"/>
  <nd ref="7952675614"/>
  <nd ref="7952675248"/>
  <nd ref="5934052991"/>
  <nd ref="7952675618"/>
  <nd ref="7952675615"/>
  <nd ref="7952675616"/>
  <tag k="highway" v="residential"/>
  <tag k="name" v="Lê Thánh Tông"/>
 </way>
 <way id="852532442" visible="true" version="2" changeset="91666359" timestamp="2020-09-28T21:04:12Z" user="VLD155" uid="10456863">
  <nd ref="7952531934"/>
  <nd ref="7929143449"/>
  <nd ref="7929143450"/>
  <nd ref="7929143452"/>
  <tag k="highway" v="residential"/>
  <tag k="source" v="maxar"/>
 </way>
 <way id="852532443" visible="true" version="2" changeset="91666359" timestamp="2020-09-28T21:04:12Z" user="VLD155" uid="10456863">
  <nd ref="7952531936"/>
  <nd ref="7929143449"/>
  <nd ref="7929143445"/>
  <tag k="highway" v="residential"/>
  <tag k="source" v="maxar"/>
 </way>
 <way id="852532444" visible="true" version="1" changeset="91666030" timestamp="2020-09-28T20:51:16Z" user="VLD155" uid="10456863">
  <nd ref="7010058082"/>
  <nd ref="7952531938"/>
  <tag k="highway" v="residential"/>
  <tag k="source" v="maxar"/>
 </way>
 <way id="852532445" visible="true" version="1" changeset="91666030" timestamp="2020-09-28T20:51:16Z" user="VLD155" uid="10456863">
  <nd ref="7952531938"/>
  <nd ref="7952531941"/>
  <tag k="bridge" v="yes"/>
  <tag k="highway" v="residential"/>
  <tag k="layer" v="1"/>
  <tag k="source" v="maxar"/>
 </way>
 <way id="852532446" visible="true" version="2" changeset="116238936" timestamp="2022-01-17T06:31:43Z" user="vietnam321" uid="11196308">
  <nd ref="7952531941"/>
  <nd ref="7952675608"/>
  <nd ref="7952531939"/>
  <nd ref="7952531940"/>
  <tag k="highway" v="residential"/>
  <tag k="name" v="Đường Trịnh Khả"/>
  <tag k="source" v="maxar"/>
 </way>
 <way id="852532448" visible="true" version="3" changeset="132530013" timestamp="2023-02-14T10:33:06Z" user="vietnam321" uid="11196308">
  <nd ref="7952531943"/>
  <nd ref="7952739715"/>
  <nd ref="5599998242"/>
  <tag k="highway" v="residential"/>
  <tag k="source" v="maxar"/>
 </way>
 <way id="852533009" visible="true" version="1" changeset="91666105" timestamp="2020-09-28T20:54:07Z" user="VLD155" uid="10456863">
  <nd ref="7952711216"/>
  <nd ref="7952711217"/>
  <tag k="highway" v="residential"/>
  <tag k="source" v="maxar"/>
 </way>
 <way id="852533010" visible="true" version="2" changeset="115288978" timestamp="2021-12-23T09:32:54Z" user="kalva_ravi" uid="12625841">
  <nd ref="7952711218"/>
  <nd ref="7952711219"/>
  <nd ref="7952711220"/>
  <nd ref="7952711221"/>
  <tag k="highway" v="residential"/>
  <tag k="name" v="Phố Nguyễn Công Duẩn"/>
  <tag k="source" v="maxar"/>
 </way>
 <way id="852533011" visible="true" version="3" changeset="162889213" timestamp="2025-02-24T12:28:21Z" user="Tewuzij" uid="16194143">
  <nd ref="7952711222"/>
  <nd ref="7952711223"/>
  <nd ref="7952711224"/>
  <nd ref="7952711225"/>
  <tag k="highway" v="residential"/>
  <tag k="name" v="Phố Phạm Đốc"/>
  <tag k="source" v="maxar"/>
  <tag k="surface" v="asphalt"/>
 </way>
 <way id="852533012" visible="true" version="1" changeset="91666105" timestamp="2020-09-28T20:54:07Z" user="VLD155" uid="10456863">
  <nd ref="7952711226"/>
  <nd ref="7952711227"/>
  <tag k="highway" v="residential"/>
  <tag k="source" v="maxar"/>
 </way>
 <way id="852533013" visible="true" version="1" changeset="91666105" timestamp="2020-09-28T20:54:07Z" user="VLD155" uid="10456863">
  <nd ref="7952711228"/>
  <nd ref="7952711229"/>
  <tag k="highway" v="residential"/>
  <tag k="source" v="maxar"/>
 </way>
 <way id="852533752" visible="true" version="2" changeset="91666359" timestamp="2020-09-28T21:04:12Z" user="VLD155" uid="10456863">
  <nd ref="7929143460"/>
  <nd ref="7952724815"/>
  <nd ref="7952724817"/>
  <nd ref="7952724812"/>
  <tag k="highway" v="residential"/>
  <tag k="source" v="maxar"/>
 </way>
 <way id="852533754" visible="true" version="3" changeset="103384180" timestamp="2021-04-22T06:27:29Z" user="jonna_kuti" uid="10751844">
  <nd ref="7952724816"/>
  <nd ref="7952724817"/>
  <nd ref="8654320546"/>
  <nd ref="7929143456"/>
  <tag k="highway" v="residential"/>
  <tag k="source" v="maxar"/>
 </way>
 <way id="855260389" visible="true" version="3" changeset="166853480" timestamp="2025-05-28T05:55:42Z" user="ZioDragon" uid="13799024">
  <nd ref="1683863442"/>
  <nd ref="480669447"/>
  <tag k="highway" v="trunk_link"/>
 </way>
 <way id="866845422" visible="true" version="1" changeset="93512517" timestamp="2020-11-04T04:23:01Z" user="GrabVNTommy" uid="8421597">
  <nd ref="8079823082"/>
  <nd ref="8079823083"/>
  <nd ref="8079823084"/>
  <nd ref="8079823085"/>
  <nd ref="7929046108"/>
  <tag k="highway" v="residential"/>
  <tag k="motorcar" v="no"/>
  <tag k="motorcycle" v="yes"/>
 </way>
 <way id="866845423" visible="true" version="1" changeset="93512517" timestamp="2020-11-04T04:23:01Z" user="GrabVNTommy" uid="8421597">
  <nd ref="7929046100"/>
  <nd ref="8079823086"/>
  <nd ref="8079823087"/>
  <nd ref="8079823088"/>
  <nd ref="8079823089"/>
  <nd ref="8079823090"/>
  <tag k="highway" v="residential"/>
  <tag k="motorcar" v="no"/>
  <tag k="motorcycle" v="yes"/>
 </way>
 <way id="866845424" visible="true" version="1" changeset="93512517" timestamp="2020-11-04T04:23:01Z" user="GrabVNTommy" uid="8421597">
  <nd ref="8079823089"/>
  <nd ref="8079823091"/>
  <nd ref="8079823092"/>
  <nd ref="8079823093"/>
  <tag k="highway" v="residential"/>
  <tag k="motorcar" v="no"/>
  <tag k="motorcycle" v="yes"/>
 </way>
 <way id="923698430" visible="true" version="2" changeset="110661749" timestamp="2021-09-03T08:22:27Z" user="vietnam321" uid="11196308">
  <nd ref="8574397232"/>
  <nd ref="8574397220"/>
  <nd ref="8574397221"/>
  <nd ref="8574397223"/>
  <nd ref="8574397224"/>
  <nd ref="8574397228"/>
  <nd ref="8574397227"/>
  <tag k="highway" v="service"/>
 </way>
 <way id="923698431" visible="true" version="2" changeset="110661749" timestamp="2021-09-03T08:22:27Z" user="vietnam321" uid="11196308">
  <nd ref="8574397235"/>
  <nd ref="8574397232"/>
  <nd ref="8574397228"/>
  <nd ref="8574397231"/>
  <nd ref="8574397230"/>
  <nd ref="8574397229"/>
  <nd ref="8574397225"/>
  <nd ref="8574391015"/>
  <tag k="highway" v="service"/>
 </way>
 <way id="923698432" visible="true" version="3" changeset="168302772" timestamp="2025-06-30T10:25:48Z" user="Grab_Cong" uid="18820325">
  <nd ref="8574397237"/>
  <nd ref="12964097492"/>
  <nd ref="8574397229"/>
  <nd ref="8574397227"/>
  <nd ref="8574397236"/>
  <nd ref="8574397235"/>
  <nd ref="8574397233"/>
  <tag k="highway" v="service"/>
 </way>
 <way id="923698745" visible="true" version="1" changeset="101968549" timestamp="2021-03-30T08:45:58Z" user="szilardk_grab" uid="10143877">
  <nd ref="8574389669"/>
  <nd ref="8574389663"/>
  <nd ref="8574389662"/>
  <nd ref="8574389661"/>
  <nd ref="8574389660"/>
  <tag k="highway" v="service"/>
 </way>
 <way id="923727535" visible="true" version="1" changeset="101974239" timestamp="2021-03-30T09:57:42Z" user="szilardk_grab" uid="10143877">
  <nd ref="8574638096"/>
  <nd ref="8574638088"/>
  <nd ref="8574638093"/>
  <nd ref="8574638095"/>
  <nd ref="8574638094"/>
  <tag k="highway" v="residential"/>
 </way>
 <way id="933733661" visible="true" version="1" changeset="103384018" timestamp="2021-04-22T06:25:22Z" user="jonna_kuti" uid="10751844">
  <nd ref="8654312164"/>
  <nd ref="8654312165"/>
  <nd ref="8654312163"/>
  <tag k="highway" v="residential"/>
 </way>
 <way id="933733662" visible="true" version="1" changeset="103384018" timestamp="2021-04-22T06:25:22Z" user="jonna_kuti" uid="10751844">
  <nd ref="8654312166"/>
  <nd ref="8654312165"/>
  <tag k="highway" v="residential"/>
 </way>
 <way id="933733663" visible="true" version="1" changeset="103384018" timestamp="2021-04-22T06:25:22Z" user="jonna_kuti" uid="10751844">
  <nd ref="8654312168"/>
  <nd ref="8654312166"/>
  <nd ref="8654312167"/>
  <tag k="highway" v="residential"/>
 </way>
 <way id="933734163" visible="true" version="1" changeset="103384180" timestamp="2021-04-22T06:27:29Z" user="jonna_kuti" uid="10751844">
  <nd ref="8654320552"/>
  <nd ref="8654320551"/>
  <nd ref="8654320550"/>
  <nd ref="8654320549"/>
  <nd ref="8654320548"/>
  <nd ref="8654320547"/>
  <nd ref="8654320546"/>
  <tag k="highway" v="residential"/>
 </way>
 <way id="933734834" visible="true" version="1" changeset="103384384" timestamp="2021-04-22T06:30:05Z" user="jonna_kuti" uid="10751844">
  <nd ref="8654310790"/>
  <nd ref="8654310791"/>
  <nd ref="8654310789"/>
  <nd ref="8654310792"/>
  <nd ref="8654310793"/>
  <tag k="highway" v="service"/>
 </way>
 <way id="933734835" visible="true" version="2" changeset="166853480" timestamp="2025-05-28T05:55:42Z" user="ZioDragon" uid="13799024">
  <nd ref="8654310795"/>
  <nd ref="8654310794"/>
  <tag k="highway" v="residential"/>
 </way>
 <way id="933735563" visible="true" version="2" changeset="113988549" timestamp="2021-11-19T12:14:03Z" user="GrabVN_Ánh Linh Lê" uid="13749044">
  <nd ref="8654329086"/>
  <nd ref="8654329066"/>
  <nd ref="8654329085"/>
  <nd ref="8654329084"/>
  <nd ref="8654329083"/>
  <nd ref="8654329082"/>
  <nd ref="8654329067"/>
  <nd ref="8654329081"/>
  <nd ref="8654329080"/>
  <nd ref="8654329070"/>
  <nd ref="8654329079"/>
  <nd ref="8654329071"/>
  <nd ref="8654329078"/>
  <nd ref="8654329077"/>
  <nd ref="8654329076"/>
  <nd ref="8654329068"/>
  <nd ref="8654329075"/>
  <nd ref="8654329069"/>
  <nd ref="8654329074"/>
  <nd ref="8654329073"/>
  <nd ref="8654329072"/>
  <tag k="highway" v="service"/>
  <tag k="name" v="Ngõ 628 Quang Trung"/>
 </way>
 <way id="933736421" visible="true" version="1" changeset="103384772" timestamp="2021-04-22T06:35:12Z" user="jonna_kuti" uid="10751844">
  <nd ref="8654320303"/>
  <nd ref="5599998265"/>
  <tag k="highway" v="residential"/>
 </way>
 <way id="933736878" visible="true" version="1" changeset="103384911" timestamp="2021-04-22T06:36:56Z" user="jonna_kuti" uid="10751844">
  <nd ref="8654335991"/>
  <nd ref="8654335992"/>
  <nd ref="8654335990"/>
  <tag k="highway" v="residential"/>
 </way>
 <way id="933736879" visible="true" version="1" changeset="103384911" timestamp="2021-04-22T06:36:56Z" user="jonna_kuti" uid="10751844">
  <nd ref="8654335996"/>
  <nd ref="8654335995"/>
  <nd ref="8654335994"/>
  <nd ref="8654335993"/>
  <nd ref="8654335992"/>
  <tag k="highway" v="residential"/>
 </way>
 <way id="933737244" visible="true" version="1" changeset="103385004" timestamp="2021-04-22T06:37:59Z" user="jonna_kuti" uid="10751844">
  <nd ref="8654347144"/>
  <nd ref="7929157391"/>
  <tag k="highway" v="residential"/>
 </way>
 <way id="933741305" visible="true" version="2" changeset="151396339" timestamp="2024-05-16T08:48:48Z" user="Grab_Cong" uid="18820325">
  <nd ref="7929045058"/>
  <nd ref="7929054339"/>
  <tag k="highway" v="service"/>
  <tag k="motorcar" v="destination"/>
  <tag k="service" v="alley"/>
 </way>
 <way id="933741306" visible="true" version="1" changeset="103386006" timestamp="2021-04-22T06:50:05Z" user="jonna_kuti" uid="10751844">
  <nd ref="8654374516"/>
  <nd ref="7929054344"/>
  <tag k="highway" v="residential"/>
 </way>
 <way id="933741307" visible="true" version="1" changeset="103386006" timestamp="2021-04-22T06:50:05Z" user="jonna_kuti" uid="10751844">
  <nd ref="8654382629"/>
  <nd ref="8654382628"/>
  <nd ref="8654382617"/>
  <nd ref="8654382627"/>
  <nd ref="8654382618"/>
  <nd ref="8654382626"/>
  <nd ref="8654382619"/>
  <nd ref="8654382625"/>
  <nd ref="8654382624"/>
  <nd ref="8654382621"/>
  <nd ref="8654382620"/>
  <nd ref="8654382623"/>
  <nd ref="8654382622"/>
  <tag k="highway" v="residential"/>
 </way>
 <way id="933743211" visible="true" version="1" changeset="103386583" timestamp="2021-04-22T06:57:10Z" user="jonna_kuti" uid="10751844">
  <nd ref="7929045701"/>
  <nd ref="8654401969"/>
  <nd ref="8654401966"/>
  <nd ref="8654401968"/>
  <nd ref="8654401967"/>
  <tag k="highway" v="residential"/>
 </way>
 <way id="933743212" visible="true" version="1" changeset="103386583" timestamp="2021-04-22T06:57:10Z" user="jonna_kuti" uid="10751844">
  <nd ref="8079823091"/>
  <nd ref="8654401971"/>
  <tag k="highway" v="residential"/>
 </way>
 <way id="933743213" visible="true" version="1" changeset="103386583" timestamp="2021-04-22T06:57:10Z" user="jonna_kuti" uid="10751844">
  <nd ref="8654401974"/>
  <nd ref="8654401973"/>
  <nd ref="8654401970"/>
  <nd ref="8654401972"/>
  <nd ref="8079823091"/>
  <tag k="highway" v="residential"/>
 </way>
 <way id="933743214" visible="true" version="1" changeset="103386583" timestamp="2021-04-22T06:57:10Z" user="jonna_kuti" uid="10751844">
  <nd ref="8654401977"/>
  <nd ref="8654401978"/>
  <nd ref="8654401979"/>
  <nd ref="8654401980"/>
  <nd ref="8654401981"/>
  <nd ref="8654401976"/>
  <nd ref="8654401982"/>
  <nd ref="8654401975"/>
  <nd ref="8654401987"/>
  <nd ref="8654401986"/>
  <nd ref="8654401983"/>
  <nd ref="8654401985"/>
  <nd ref="7929046085"/>
  <nd ref="8654401984"/>
  <tag k="highway" v="residential"/>
 </way>
 <way id="933743793" visible="true" version="1" changeset="103386757" timestamp="2021-04-22T06:59:16Z" user="jonna_kuti" uid="10751844">
  <nd ref="8654403562"/>
  <nd ref="7929045072"/>
  <tag k="highway" v="residential"/>
 </way>
 <way id="933744038" visible="true" version="2" changeset="162375389" timestamp="2025-02-11T04:22:11Z" user="GrabVN_QThoai" uid="15740602">
  <nd ref="8654411218"/>
  <nd ref="8654411217"/>
  <tag k="highway" v="residential"/>
  <tag k="motorcar" v="destination"/>
 </way>
 <way id="933754442" visible="true" version="3" changeset="179729498" timestamp="2026-03-12T03:16:10Z" user="GrabVN_HHanh" uid="21825758">
  <nd ref="8654502923"/>
  <nd ref="8654502929"/>
  <nd ref="8654502922"/>
  <nd ref="8654502925"/>
  <nd ref="8654502928"/>
  <nd ref="8654502927"/>
  <nd ref="8654502921"/>
  <nd ref="8837394356"/>
  <nd ref="8837394353"/>
  <nd ref="7952298897"/>
  <nd ref="8837394355"/>
  <nd ref="8837394354"/>
  <tag k="highway" v="residential"/>
 </way>
 <way id="933845322" visible="true" version="1" changeset="103409474" timestamp="2021-04-22T11:41:46Z" user="jonna_kuti" uid="10751844">
  <nd ref="8655326525"/>
  <nd ref="8655326524"/>
  <tag k="highway" v="residential"/>
 </way>
 <way id="933845820" visible="true" version="2" changeset="178929515" timestamp="2026-02-23T07:27:19Z" user="GrabVN_Dang" uid="21825913">
  <nd ref="7929133779"/>
  <nd ref="13592087701"/>
  <nd ref="13592087702"/>
  <nd ref="8655324939"/>
  <nd ref="7010058072"/>
  <tag k="highway" v="residential"/>
 </way>
 <way id="933847060" visible="true" version="1" changeset="103409909" timestamp="2021-04-22T11:47:05Z" user="jonna_kuti" uid="10751844">
  <nd ref="8655328010"/>
  <nd ref="8655328009"/>
  <nd ref="8655327996"/>
  <nd ref="8655328008"/>
  <nd ref="8655328007"/>
  <nd ref="8655328006"/>
  <nd ref="8655328005"/>
  <nd ref="8655327998"/>
  <nd ref="8655327997"/>
  <nd ref="8655328004"/>
  <nd ref="8655328003"/>
  <nd ref="8655328000"/>
  <nd ref="8655327999"/>
  <nd ref="8655328002"/>
  <nd ref="8655328001"/>
  <tag k="highway" v="residential"/>
 </way>
 <way id="933847313" visible="true" version="1" changeset="103409970" timestamp="2021-04-22T11:47:55Z" user="jonna_kuti" uid="10751844">
  <nd ref="8655327187"/>
  <nd ref="8655327186"/>
  <tag k="highway" v="residential"/>
 </way>
 <way id="933847788" visible="true" version="1" changeset="103410203" timestamp="2021-04-22T11:51:29Z" user="jonna_kuti" uid="10751844">
  <nd ref="8655327196"/>
  <nd ref="8655327195"/>
  <nd ref="8655327189"/>
  <nd ref="8655327194"/>
  <nd ref="8655327193"/>
  <nd ref="8655327188"/>
  <nd ref="8655327192"/>
  <nd ref="8655327191"/>
  <nd ref="8655327190"/>
  <tag k="highway" v="residential"/>
 </way>
 <way id="933849274" visible="true" version="1" changeset="103410558" timestamp="2021-04-22T11:56:45Z" user="jonna_kuti" uid="10751844">
  <nd ref="8655352357"/>
  <nd ref="8655352356"/>
  <nd ref="8655352355"/>
  <tag k="highway" v="service"/>
 </way>
 <way id="933849275" visible="true" version="2" changeset="162377475" timestamp="2025-02-11T06:38:16Z" user="GrabVN_QThoai" uid="15740602">
  <nd ref="8655352365"/>
  <nd ref="8655352355"/>
  <nd ref="8655352364"/>
  <nd ref="8655352358"/>
  <nd ref="8655352363"/>
  <nd ref="8655352362"/>
  <nd ref="8655352359"/>
  <nd ref="8655352361"/>
  <nd ref="8655352360"/>
  <tag k="highway" v="service"/>
 </way>
 <way id="933849667" visible="true" version="1" changeset="103410687" timestamp="2021-04-22T11:58:41Z" user="jonna_kuti" uid="10751844">
  <nd ref="8655337969"/>
  <nd ref="7952093677"/>
  <tag k="highway" v="residential"/>
 </way>
 <way id="933849846" visible="true" version="1" changeset="103410732" timestamp="2021-04-22T11:59:18Z" user="jonna_kuti" uid="10751844">
  <nd ref="8655366327"/>
  <nd ref="8655366326"/>
  <nd ref="8655366322"/>
  <nd ref="8655366325"/>
  <nd ref="8655366323"/>
  <nd ref="8655366324"/>
  <nd ref="7839203278"/>
  <tag k="highway" v="residential"/>
 </way>
 <way id="933853129" visible="true" version="1" changeset="103411214" timestamp="2021-04-22T12:05:59Z" user="jonna_kuti" uid="10751844">
  <nd ref="8655385545"/>
  <nd ref="8655385544"/>
  <nd ref="8655385543"/>
  <nd ref="8655385540"/>
  <nd ref="8655385542"/>
  <nd ref="8655385541"/>
  <tag k="highway" v="residential"/>
 </way>
 <way id="933855269" visible="true" version="4" changeset="166853480" timestamp="2025-05-28T05:55:42Z" user="ZioDragon" uid="13799024">
  <nd ref="12870044124"/>
  <nd ref="8655374345"/>
  <nd ref="8655374344"/>
  <tag k="highway" v="residential"/>
 </way>
 <way id="933856201" visible="true" version="1" changeset="103411805" timestamp="2021-04-22T12:13:51Z" user="jonna_kuti" uid="10751844">
  <nd ref="7928876784"/>
  <nd ref="8655401600"/>
  <tag k="highway" v="residential"/>
 </way>
 <way id="933857250" visible="true" version="2" changeset="162376215" timestamp="2025-02-11T05:23:43Z" user="GrabVN_QThoai" uid="15740602">
  <nd ref="8655430320"/>
  <nd ref="12578175664"/>
  <nd ref="8655430319"/>
  <nd ref="8655385616"/>
  <nd ref="8655430318"/>
  <nd ref="8655430317"/>
  <tag k="highway" v="service"/>
 </way>
 <way id="933857251" visible="true" version="2" changeset="162376215" timestamp="2025-02-11T05:23:43Z" user="GrabVN_QThoai" uid="15740602">
  <nd ref="8655430326"/>
  <nd ref="12578175663"/>
  <nd ref="8655430325"/>
  <nd ref="8655430321"/>
  <nd ref="8655430324"/>
  <nd ref="8655430323"/>
  <nd ref="8655430322"/>
  <tag k="highway" v="service"/>
 </way>
 <way id="933857589" visible="true" version="1" changeset="103412020" timestamp="2021-04-22T12:16:46Z" user="jonna_kuti" uid="10751844">
  <nd ref="8655364577"/>
  <nd ref="8655364576"/>
  <tag k="highway" v="residential"/>
 </way>
 <way id="933859849" visible="true" version="1" changeset="103412451" timestamp="2021-04-22T12:22:10Z" user="jonna_kuti" uid="10751844">
  <nd ref="8655432537"/>
  <nd ref="8655432536"/>
  <tag k="highway" v="residential"/>
 </way>
 <way id="933859850" visible="true" version="1" changeset="103412451" timestamp="2021-04-22T12:22:10Z" user="jonna_kuti" uid="10751844">
  <nd ref="8655432538"/>
  <nd ref="8655432546"/>
  <tag k="highway" v="residential"/>
 </way>
 <way id="933859851" visible="true" version="1" changeset="103412451" timestamp="2021-04-22T12:22:10Z" user="jonna_kuti" uid="10751844">
  <nd ref="8655432547"/>
  <nd ref="8655432546"/>
  <nd ref="8655432545"/>
  <nd ref="8655432544"/>
  <nd ref="8655432543"/>
  <nd ref="8655432542"/>
  <nd ref="8655432541"/>
  <nd ref="8655432535"/>
  <nd ref="8655432540"/>
  <nd ref="8655432539"/>
  <tag k="highway" v="residential"/>
 </way>
 <way id="933949368" visible="true" version="1" changeset="103426250" timestamp="2021-04-22T16:45:01Z" user="siddi_s" uid="11659604">
  <nd ref="8656186980"/>
  <nd ref="8656186983"/>
  <tag k="highway" v="service"/>
 </way>
 <way id="933949369" visible="true" version="1" changeset="103426250" timestamp="2021-04-22T16:45:01Z" user="siddi_s" uid="11659604">
  <nd ref="8656186984"/>
  <nd ref="8656186983"/>
  <nd ref="8656186982"/>
  <nd ref="8656186981"/>
  <tag k="highway" v="residential"/>
 </way>
 <way id="933951852" visible="true" version="3" changeset="162191341" timestamp="2025-02-06T04:26:36Z" user="GrabVN_QThoai" uid="15740602">
  <nd ref="8656249737"/>
  <nd ref="8656249736"/>
  <nd ref="12395216314"/>
  <nd ref="12560501754"/>
  <tag k="highway" v="residential"/>
 </way>
 <way id="933952652" visible="true" version="1" changeset="103426857" timestamp="2021-04-22T16:59:07Z" user="siddi_s" uid="11659604">
  <nd ref="7928569702"/>
  <nd ref="8656256341"/>
  <tag k="highway" v="service"/>
 </way>
 <way id="933952962" visible="true" version="2" changeset="180035365" timestamp="2026-03-18T03:27:38Z" user="GrabVN_HHanh" uid="21825758">
  <nd ref="7952093682"/>
  <nd ref="7952243573"/>
  <nd ref="13657430888"/>
  <tag k="highway" v="residential"/>
 </way>
 <way id="933953119" visible="true" version="1" changeset="103426979" timestamp="2021-04-22T17:02:16Z" user="siddi_s" uid="11659604">
  <nd ref="8656265857"/>
  <nd ref="7839203276"/>
  <tag k="highway" v="residential"/>
 </way>
 <way id="933968114" visible="true" version="1" changeset="103428674" timestamp="2021-04-22T17:38:32Z" user="siddi_s" uid="11659604">
  <nd ref="7928587233"/>
  <nd ref="8656371030"/>
  <nd ref="8656371033"/>
  <nd ref="8656371032"/>
  <nd ref="8656371031"/>
  <tag k="highway" v="residential"/>
 </way>
 <way id="933968875" visible="true" version="1" changeset="103428819" timestamp="2021-04-22T17:41:23Z" user="siddi_s" uid="11659604">
  <nd ref="8656375124"/>
  <nd ref="8656375123"/>
  <nd ref="8656375122"/>
  <nd ref="8656375121"/>
  <nd ref="8656375120"/>
  <nd ref="8656375119"/>
  <tag k="highway" v="residential"/>
 </way>
 <way id="934125636" visible="true" version="1" changeset="103446697" timestamp="2021-04-23T03:59:15Z" user="siddi_s" uid="11659604">
  <nd ref="8657606714"/>
  <nd ref="8657606713"/>
  <tag k="highway" v="residential"/>
 </way>
 <way id="934127162" visible="true" version="1" changeset="103447089" timestamp="2021-04-23T04:07:52Z" user="siddi_s" uid="11659604">
  <nd ref="7952094367"/>
  <nd ref="8657617073"/>
  <nd ref="8657617072"/>
  <nd ref="8657617071"/>
  <nd ref="8657617068"/>
  <nd ref="8657617070"/>
  <nd ref="7952071776"/>
  <nd ref="8657617069"/>
  <tag k="highway" v="residential"/>
 </way>
 <way id="934132506" visible="true" version="1" changeset="103447900" timestamp="2021-04-23T04:24:03Z" user="siddi_s" uid="11659604">
  <nd ref="7928585604"/>
  <nd ref="8657649214"/>
  <tag k="highway" v="residential"/>
 </way>
 <way id="944329619" visible="true" version="3" changeset="167600678" timestamp="2025-06-14T06:43:13Z" user="user_22995996" uid="22995996">
  <nd ref="8743069075"/>
  <nd ref="8743069076"/>
  <nd ref="8743069077"/>
  <nd ref="8743069078"/>
  <nd ref="8743069079"/>
  <nd ref="8743069080"/>
  <nd ref="9706799499"/>
  <nd ref="8743069081"/>
  <nd ref="8743069082"/>
  <nd ref="8743069083"/>
  <nd ref="8743069084"/>
  <nd ref="8743069085"/>
  <nd ref="8743069086"/>
  <nd ref="8743069087"/>
  <nd ref="8743069088"/>
  <nd ref="8743069089"/>
  <nd ref="8743069090"/>
  <nd ref="8743069091"/>
  <nd ref="8743069092"/>
  <nd ref="8743069093"/>
  <nd ref="8743069094"/>
  <nd ref="8743069095"/>
  <nd ref="8743069096"/>
  <nd ref="8743069097"/>
  <nd ref="8743069098"/>
  <nd ref="8743069099"/>
  <nd ref="8743069100"/>
  <nd ref="8743069101"/>
  <nd ref="8743069102"/>
  <nd ref="8743069103"/>
  <nd ref="8743069104"/>
  <nd ref="8743069105"/>
  <nd ref="8743069106"/>
  <nd ref="8743069107"/>
  <nd ref="8743069108"/>
  <nd ref="8743069109"/>
  <nd ref="8743069110"/>
  <nd ref="8743069111"/>
  <nd ref="8743069112"/>
  <nd ref="8743069113"/>
  <nd ref="8743069114"/>
  <nd ref="8743069115"/>
  <nd ref="8743069116"/>
  <nd ref="8743071417"/>
  <nd ref="8743071418"/>
  <nd ref="8743071419"/>
  <nd ref="8743071420"/>
  <nd ref="8743071421"/>
  <nd ref="8743071422"/>
  <nd ref="8743071423"/>
  <nd ref="8743071424"/>
  <nd ref="8743071425"/>
  <nd ref="8743071426"/>
  <nd ref="8743071427"/>
  <nd ref="8743071428"/>
  <nd ref="8743071429"/>
  <nd ref="8743071430"/>
  <nd ref="8743071431"/>
  <nd ref="8743071432"/>
  <nd ref="8743071433"/>
  <nd ref="8743071434"/>
  <nd ref="8743071435"/>
  <nd ref="8743071436"/>
  <nd ref="8743071437"/>
  <nd ref="8743071438"/>
  <nd ref="8743071439"/>
  <nd ref="8743071440"/>
  <nd ref="8743071441"/>
  <nd ref="8743071442"/>
  <nd ref="8743071443"/>
  <nd ref="8743071444"/>
  <nd ref="8743071445"/>
  <nd ref="8743071446"/>
  <nd ref="8743071447"/>
  <nd ref="8743071448"/>
  <nd ref="8743071449"/>
  <nd ref="8743071450"/>
  <nd ref="8743071451"/>
  <nd ref="8743071452"/>
  <nd ref="8743071453"/>
  <nd ref="11647412989"/>
  <nd ref="11647412991"/>
  <nd ref="11647412993"/>
  <nd ref="11647412996"/>
  <nd ref="11647413004"/>
  <nd ref="8743071454"/>
  <nd ref="11647413011"/>
  <nd ref="11647413013"/>
  <nd ref="8743071455"/>
  <nd ref="8743071456"/>
  <nd ref="8743071457"/>
  <nd ref="8743071458"/>
  <nd ref="8743071459"/>
  <nd ref="8743071460"/>
  <nd ref="8743071461"/>
  <nd ref="8743071462"/>
  <nd ref="8743071463"/>
  <nd ref="8743071464"/>
  <nd ref="8743071465"/>
  <nd ref="8743071466"/>
  <nd ref="8743071467"/>
  <nd ref="8743071468"/>
  <nd ref="8743071469"/>
  <nd ref="8743071470"/>
  <nd ref="8743071471"/>
  <nd ref="8743071472"/>
  <nd ref="8743071473"/>
  <nd ref="8743071474"/>
  <nd ref="8743071475"/>
  <nd ref="8743071476"/>
  <nd ref="8743071477"/>
  <nd ref="8743071478"/>
  <nd ref="8743071479"/>
  <nd ref="8743071480"/>
  <nd ref="8743071481"/>
  <nd ref="8743071482"/>
  <nd ref="8743071483"/>
  <nd ref="8743071484"/>
  <nd ref="8743071485"/>
  <nd ref="8743071486"/>
  <nd ref="8743071487"/>
  <nd ref="8743071488"/>
  <nd ref="8743071489"/>
  <nd ref="8743071490"/>
  <nd ref="8743071491"/>
  <nd ref="8743071492"/>
  <nd ref="8743071493"/>
  <nd ref="8743071494"/>
  <nd ref="8743071495"/>
  <nd ref="8743071496"/>
  <nd ref="8743071497"/>
  <nd ref="8743071498"/>
  <nd ref="8743071499"/>
  <nd ref="8743071500"/>
  <nd ref="8743071501"/>
  <nd ref="8743071502"/>
  <nd ref="8743071503"/>
  <nd ref="8743071504"/>
  <nd ref="8743071505"/>
  <nd ref="8743071506"/>
  <nd ref="8743071507"/>
  <nd ref="8743071508"/>
  <nd ref="8743071509"/>
  <nd ref="8743071510"/>
  <nd ref="8743071511"/>
  <nd ref="8743071512"/>
  <nd ref="8743071513"/>
  <nd ref="8743071514"/>
  <nd ref="8743071515"/>
  <nd ref="8743071516"/>
  <nd ref="8743071517"/>
  <nd ref="7917446802"/>
  <nd ref="8743071518"/>
  <nd ref="8743071519"/>
  <nd ref="8743071520"/>
  <nd ref="8743071521"/>
  <nd ref="8743071522"/>
  <nd ref="8743071523"/>
  <nd ref="8743071524"/>
  <nd ref="7917320521"/>
  <nd ref="8743071525"/>
  <nd ref="8743071526"/>
  <nd ref="8743071527"/>
  <nd ref="8743071528"/>
  <nd ref="8743071529"/>
  <nd ref="8743071530"/>
  <nd ref="8743071531"/>
  <nd ref="8743071532"/>
  <nd ref="8743071533"/>
  <nd ref="8743071534"/>
  <nd ref="8743071535"/>
  <nd ref="8743071536"/>
  <nd ref="8743071537"/>
  <nd ref="8743071538"/>
  <nd ref="8743071539"/>
  <nd ref="8743071540"/>
  <nd ref="8743071541"/>
  <nd ref="8743071542"/>
  <nd ref="8743071543"/>
  <nd ref="8743071544"/>
  <nd ref="8743071545"/>
  <nd ref="8743069075"/>
  <tag k="landuse" v="residential"/>
 </way>
 <way id="954793416" visible="true" version="1" changeset="106432056" timestamp="2021-06-16T04:00:12Z" user="isha01" uid="11659048">
  <nd ref="7928983547"/>
  <nd ref="8837367979"/>
  <nd ref="8837368014"/>
  <nd ref="8837367980"/>
  <nd ref="8837368013"/>
  <nd ref="8837368012"/>
  <nd ref="8837367981"/>
  <nd ref="8837368011"/>
  <nd ref="8837368010"/>
  <nd ref="8837367982"/>
  <nd ref="8837368009"/>
  <nd ref="8837368008"/>
  <nd ref="8837367983"/>
  <nd ref="8837368007"/>
  <nd ref="8837367984"/>
  <nd ref="8837368006"/>
  <nd ref="8837368005"/>
  <nd ref="8837367985"/>
  <nd ref="8837367986"/>
  <nd ref="8837368004"/>
  <nd ref="8837367987"/>
  <nd ref="8837368003"/>
  <nd ref="8837368002"/>
  <nd ref="8837367988"/>
  <nd ref="8837368001"/>
  <nd ref="8837367989"/>
  <nd ref="8837368000"/>
  <nd ref="8837367990"/>
  <nd ref="8837367999"/>
  <nd ref="8837367991"/>
  <nd ref="8837367992"/>
  <nd ref="8837367998"/>
  <nd ref="8837367993"/>
  <nd ref="8837367997"/>
  <nd ref="8837367996"/>
  <nd ref="8837367994"/>
  <nd ref="8837367995"/>
  <nd ref="7928983535"/>
  <tag k="highway" v="residential"/>
 </way>
 <way id="954803861" visible="true" version="2" changeset="106448048" timestamp="2021-06-16T07:56:54Z" user="isha01" uid="11659048">
  <nd ref="8837535149"/>
  <nd ref="8837535148"/>
  <nd ref="8837535147"/>
  <nd ref="8837535154"/>
  <nd ref="8837535155"/>
  <nd ref="8838010865"/>
  <nd ref="8837535153"/>
  <tag k="highway" v="service"/>
 </way>
 <way id="954803862" visible="true" version="1" changeset="106435320" timestamp="2021-06-16T05:00:50Z" user="isha01" uid="11659048">
  <nd ref="8837535157"/>
  <nd ref="8837535153"/>
  <nd ref="8837535158"/>
  <nd ref="8837535156"/>
  <tag k="highway" v="service"/>
 </way>
 <way id="954803863" visible="true" version="2" changeset="106448048" timestamp="2021-06-16T07:56:54Z" user="isha01" uid="11659048">
  <nd ref="8837535155"/>
  <nd ref="8837535159"/>
  <nd ref="8837535151"/>
  <nd ref="8837535150"/>
  <nd ref="8837535152"/>
  <nd ref="8837535160"/>
  <nd ref="8838010866"/>
  <nd ref="8837535158"/>
  <tag k="highway" v="service"/>
 </way>
 <way id="954803864" visible="true" version="1" changeset="106435320" timestamp="2021-06-16T05:00:50Z" user="isha01" uid="11659048">
  <nd ref="8837535161"/>
  <nd ref="8837535160"/>
  <tag k="highway" v="service"/>
 </way>
 <way id="954843062" visible="true" version="1" changeset="106445728" timestamp="2021-06-16T07:23:51Z" user="isha01" uid="11659048">
  <nd ref="6030095674"/>
  <nd ref="8837918979"/>
  <nd ref="8837918970"/>
  <nd ref="8837918978"/>
  <nd ref="8837918977"/>
  <nd ref="8837918971"/>
  <nd ref="8837918972"/>
  <nd ref="8837918976"/>
  <nd ref="8837918973"/>
  <nd ref="8837918974"/>
  <nd ref="8837918975"/>
  <tag k="highway" v="service"/>
 </way>
 <way id="954851692" visible="true" version="1" changeset="106448048" timestamp="2021-06-16T07:56:54Z" user="isha01" uid="11659048">
  <nd ref="8838010866"/>
  <nd ref="8838010865"/>
  <tag k="highway" v="service"/>
 </way>
 <way id="954869499" visible="true" version="1" changeset="106453065" timestamp="2021-06-16T09:10:17Z" user="isha01" uid="11659048">
  <nd ref="8655352363"/>
  <nd ref="8838186633"/>
  <nd ref="8838186630"/>
  <nd ref="8838186632"/>
  <nd ref="8838186631"/>
  <tag k="highway" v="service"/>
 </way>
 <way id="954917377" visible="true" version="1" changeset="106464745" timestamp="2021-06-16T11:50:12Z" user="saka_1" uid="11660552">
  <nd ref="7952675619"/>
  <nd ref="8838579870"/>
  <tag k="highway" v="residential"/>
 </way>
 <way id="954923821" visible="true" version="2" changeset="110661749" timestamp="2021-09-03T08:22:27Z" user="vietnam321" uid="11196308">
  <nd ref="8838648433"/>
  <nd ref="8574397233"/>
  <nd ref="8838648432"/>
  <nd ref="8574391015"/>
  <nd ref="8838648430"/>
  <nd ref="8838648431"/>
  <tag k="highway" v="service"/>
 </way>
 <way id="978958851" visible="true" version="1" changeset="110661749" timestamp="2021-09-03T08:22:27Z" user="vietnam321" uid="11196308">
  <nd ref="9058154585"/>
  <nd ref="9058154575"/>
  <nd ref="9058154576"/>
  <nd ref="9058154577"/>
  <nd ref="9058154578"/>
  <nd ref="9058154579"/>
  <nd ref="9058154580"/>
  <nd ref="9058154581"/>
  <nd ref="9058154582"/>
  <nd ref="9058154583"/>
  <nd ref="9058154584"/>
  <nd ref="9058154585"/>
  <tag k="amenity" v="university"/>
  <tag k="name" v="Phân hiệu Trường Đại học Y Hà Nội tại Thanh Hoá"/>
 </way>
 <way id="978958854" visible="true" version="1" changeset="110661749" timestamp="2021-09-03T08:22:27Z" user="vietnam321" uid="11196308">
  <nd ref="9057568167"/>
  <nd ref="9058154585"/>
  <nd ref="9058154583"/>
  <nd ref="9058154590"/>
  <nd ref="9057568183"/>
  <nd ref="9057568167"/>
  <tag k="amenity" v="college"/>
  <tag k="name" v="Trường Cao đẳng Y tế Thanh Hoá"/>
 </way>
 <way id="978958868" visible="true" version="1" changeset="110661749" timestamp="2021-09-03T08:22:27Z" user="vietnam321" uid="11196308">
  <nd ref="9058154658"/>
  <nd ref="9058154659"/>
  <nd ref="9058154660"/>
  <nd ref="9058154661"/>
  <nd ref="9058154658"/>
  <tag k="building" v="college"/>
 </way>
 <way id="978958869" visible="true" version="1" changeset="110661749" timestamp="2021-09-03T08:22:27Z" user="vietnam321" uid="11196308">
  <nd ref="9058154662"/>
  <nd ref="9058154663"/>
  <nd ref="9058154664"/>
  <nd ref="9058154665"/>
  <nd ref="9058154662"/>
  <tag k="building" v="college"/>
 </way>
 <way id="978958870" visible="true" version="1" changeset="110661749" timestamp="2021-09-03T08:22:27Z" user="vietnam321" uid="11196308">
  <nd ref="9058154666"/>
  <nd ref="9058154667"/>
  <nd ref="9058154668"/>
  <nd ref="9058154669"/>
  <nd ref="9058154666"/>
  <tag k="building" v="college"/>
 </way>
 <way id="978958871" visible="true" version="1" changeset="110661749" timestamp="2021-09-03T08:22:27Z" user="vietnam321" uid="11196308">
  <nd ref="9058154670"/>
  <nd ref="9058154671"/>
  <nd ref="9058154672"/>
  <nd ref="9058154673"/>
  <nd ref="9058154670"/>
  <tag k="building" v="college"/>
 </way>
 <way id="978958872" visible="true" version="1" changeset="110661749" timestamp="2021-09-03T08:22:27Z" user="vietnam321" uid="11196308">
  <nd ref="9058154674"/>
  <nd ref="9058154675"/>
  <nd ref="9058154676"/>
  <nd ref="9058154677"/>
  <nd ref="9058154674"/>
  <tag k="building" v="college"/>
 </way>
 <way id="1010526552" visible="true" version="7" changeset="166853480" timestamp="2025-05-28T05:55:42Z" user="ZioDragon" uid="13799024">
  <nd ref="9323588912"/>
  <nd ref="12870044121"/>
  <nd ref="12870044120"/>
  <nd ref="7928757441"/>
  <nd ref="9323588914"/>
  <nd ref="9323588915"/>
  <nd ref="10120337806"/>
  <nd ref="10120337807"/>
  <nd ref="11247499713"/>
  <nd ref="7928722075"/>
  <nd ref="10120337809"/>
  <nd ref="10120337810"/>
  <nd ref="7928569709"/>
  <nd ref="11106980583"/>
  <nd ref="10120337812"/>
  <nd ref="11106980581"/>
  <nd ref="10120345526"/>
  <nd ref="11247499715"/>
  <nd ref="11247499714"/>
  <nd ref="10120345527"/>
  <nd ref="1684712097"/>
  <nd ref="448864459"/>
  <nd ref="1684712128"/>
  <nd ref="11106980574"/>
  <nd ref="7928556371"/>
  <nd ref="11106980572"/>
  <nd ref="11247499716"/>
  <nd ref="10120345529"/>
  <nd ref="11106980586"/>
  <tag k="highway" v="tertiary"/>
  <tag k="lit" v="yes"/>
  <tag k="name" v="Đường Nguyễn Thiếp"/>
  <tag k="oneway" v="yes"/>
  <tag k="surface" v="asphalt"/>
 </way>
 <way id="1010526553" visible="true" version="9" changeset="166853480" timestamp="2025-05-28T05:55:42Z" user="ZioDragon" uid="13799024">
  <nd ref="11106980587"/>
  <nd ref="10120345525"/>
  <nd ref="11106980573"/>
  <nd ref="11106980585"/>
  <nd ref="8656272735"/>
  <nd ref="10120345523"/>
  <nd ref="10120345522"/>
  <nd ref="11247499712"/>
  <nd ref="10120345521"/>
  <nd ref="10120345520"/>
  <nd ref="11106980582"/>
  <nd ref="7928569712"/>
  <nd ref="10120345518"/>
  <nd ref="10120345517"/>
  <nd ref="10120337816"/>
  <nd ref="8655374230"/>
  <nd ref="11247499711"/>
  <nd ref="8655374229"/>
  <nd ref="10120337813"/>
  <nd ref="9323588916"/>
  <nd ref="9323611717"/>
  <nd ref="9323611718"/>
  <nd ref="12870044119"/>
  <nd ref="12513288783"/>
  <nd ref="7928757444"/>
  <tag k="highway" v="tertiary"/>
  <tag k="lanes" v="2"/>
  <tag k="lit" v="yes"/>
  <tag k="maxspeed" v="60"/>
  <tag k="name" v="Đường Nguyễn Thiếp"/>
  <tag k="oneway" v="yes"/>
  <tag k="surface" v="asphalt"/>
 </way>
 <way id="1044691646" visible="true" version="1" changeset="119011062" timestamp="2022-03-28T08:52:10Z" user="yoga_1" uid="11659051">
  <nd ref="9612554075"/>
  <nd ref="7929045709"/>
  <tag k="highway" v="residential"/>
 </way>
 <way id="1105978776" visible="true" version="3" changeset="167600678" timestamp="2025-06-14T06:43:13Z" user="user_22995996" uid="22995996">
  <nd ref="10120337763"/>
  <nd ref="10120337764"/>
  <nd ref="11647413002"/>
  <nd ref="11647413001"/>
  <nd ref="11647412999"/>
  <nd ref="11647412998"/>
  <nd ref="11647412997"/>
  <nd ref="10120337765"/>
  <nd ref="10120337766"/>
  <nd ref="11247311681"/>
  <nd ref="11247311683"/>
  <nd ref="11247311682"/>
  <nd ref="11247311680"/>
  <nd ref="10120337763"/>
  <tag k="leisure" v="park"/>
  <tag k="name" v="Công viên Bố Vệ"/>
 </way>
 <way id="1105978777" visible="true" version="1" changeset="127911464" timestamp="2022-10-22T07:38:33Z" user="vietnam321" uid="11196308">
  <nd ref="10120337767"/>
  <nd ref="10120337768"/>
  <nd ref="10120337769"/>
  <nd ref="10120337770"/>
  <nd ref="10120337771"/>
  <nd ref="10120337772"/>
  <nd ref="10120337773"/>
  <nd ref="10120337774"/>
  <nd ref="10120337767"/>
  <tag k="leisure" v="park"/>
  <tag k="name" v="Công viên Quảng Xá"/>
 </way>
 <way id="1105978778" visible="true" version="1" changeset="127911464" timestamp="2022-10-22T07:38:33Z" user="vietnam321" uid="11196308">
  <nd ref="10120337775"/>
  <nd ref="10120337776"/>
  <nd ref="10120337777"/>
  <nd ref="10120337778"/>
  <nd ref="10120337779"/>
  <nd ref="10120337780"/>
  <nd ref="10120337781"/>
  <nd ref="10120337782"/>
  <nd ref="10120337775"/>
  <tag k="leisure" v="park"/>
 </way>
 <way id="1145089211" visible="true" version="1" changeset="132530013" timestamp="2023-02-14T10:33:06Z" user="vietnam321" uid="11196308">
  <nd ref="7952093677"/>
  <nd ref="7952093678"/>
  <tag k="highway" v="residential"/>
  <tag k="source" v="maxar"/>
 </way>
 <way id="1145089214" visible="true" version="1" changeset="132530013" timestamp="2023-02-14T10:33:06Z" user="vietnam321" uid="11196308">
  <nd ref="5599998242"/>
  <nd ref="10657414505"/>
  <nd ref="10657408704"/>
  <nd ref="5599998253"/>
  <nd ref="7952698837"/>
  <nd ref="7952698834"/>
  <nd ref="8887502709"/>
  <nd ref="5934052998"/>
  <nd ref="7952698831"/>
  <nd ref="5599998243"/>
  <tag k="highway" v="residential"/>
  <tag k="name" v="Phố Lê Thiếu Dĩnh"/>
 </way>
 <way id="1196759199" visible="true" version="1" changeset="139702103" timestamp="2023-08-10T11:30:16Z" user="Oksana18_18" uid="19153593">
  <nd ref="8654329072"/>
  <nd ref="11104559832"/>
  <nd ref="11104559833"/>
  <nd ref="11104559834"/>
  <nd ref="11104559835"/>
  <tag k="highway" v="residential"/>
 </way>
 <way id="1196774244" visible="true" version="2" changeset="166853480" timestamp="2025-05-28T05:55:42Z" user="ZioDragon" uid="13799024">
  <nd ref="5204960746"/>
  <nd ref="11104673067"/>
  <nd ref="11104673068"/>
  <tag k="highway" v="residential"/>
 </way>
 <way id="1196978523" visible="true" version="1" changeset="139729744" timestamp="2023-08-11T02:43:15Z" user="Oksana18_18" uid="19153593">
  <nd ref="11106825325"/>
  <nd ref="11106825326"/>
  <nd ref="11106825327"/>
  <nd ref="11106825328"/>
  <nd ref="11106825329"/>
  <tag k="highway" v="residential"/>
 </way>
 <way id="1196982700" visible="true" version="1" changeset="139730516" timestamp="2023-08-11T03:31:00Z" user="Oksana18_18" uid="19153593">
  <nd ref="11106928616"/>
  <nd ref="11106928617"/>
  <tag k="highway" v="residential"/>
 </way>
 <way id="1196984212" visible="true" version="1" changeset="139730808" timestamp="2023-08-11T03:47:56Z" user="Oksana18_18" uid="19153593">
  <nd ref="11106937826"/>
  <nd ref="11106937827"/>
  <nd ref="11106937828"/>
  <nd ref="11106937829"/>
  <tag k="highway" v="residential"/>
 </way>
 <way id="1196988967" visible="true" version="1" changeset="139731873" timestamp="2023-08-11T04:46:34Z" user="Grab_Cong" uid="18820325">
  <nd ref="7928722072"/>
  <nd ref="7928722073"/>
  <tag k="highway" v="residential"/>
  <tag k="source" v="maxar"/>
 </way>
 <way id="1196988968" visible="true" version="1" changeset="139731873" timestamp="2023-08-11T04:46:34Z" user="Grab_Cong" uid="18820325">
  <nd ref="10120337807"/>
  <nd ref="7928737216"/>
  <tag k="highway" v="residential"/>
  <tag k="source" v="maxar"/>
 </way>
 <way id="1196988969" visible="true" version="1" changeset="139731873" timestamp="2023-08-11T04:46:34Z" user="Grab_Cong" uid="18820325">
  <nd ref="7928737224"/>
  <nd ref="7928737226"/>
  <nd ref="9323588915"/>
  <tag k="highway" v="residential"/>
  <tag k="source" v="maxar"/>
 </way>
 <way id="1196988970" visible="true" version="2" changeset="142292390" timestamp="2023-10-08T06:53:23Z" user="vietnam321" uid="11196308">
  <nd ref="7928722063"/>
  <nd ref="8655374230"/>
  <tag k="highway" v="residential"/>
  <tag k="name" v="Hoàng Văn Thụ"/>
  <tag k="source" v="maxar"/>
 </way>
 <way id="1196988971" visible="true" version="1" changeset="139731873" timestamp="2023-08-11T04:46:34Z" user="Grab_Cong" uid="18820325">
  <nd ref="7928722063"/>
  <nd ref="11106980584"/>
  <tag k="highway" v="residential"/>
 </way>
 <way id="1196988973" visible="true" version="1" changeset="139731873" timestamp="2023-08-11T04:46:34Z" user="Grab_Cong" uid="18820325">
  <nd ref="9323588914"/>
  <nd ref="7928737220"/>
  <nd ref="7928737219"/>
  <nd ref="8655364843"/>
  <tag k="highway" v="residential"/>
  <tag k="name" v="Phố Kim Đồng"/>
  <tag k="source" v="maxar"/>
 </way>
 <way id="1196994545" visible="true" version="1" changeset="139733112" timestamp="2023-08-11T05:35:37Z" user="Oksana18_18" uid="19153593">
  <nd ref="8655416923"/>
  <nd ref="8655416922"/>
  <nd ref="8655416902"/>
  <nd ref="8655416921"/>
  <nd ref="8655416920"/>
  <nd ref="8655416919"/>
  <nd ref="8655416907"/>
  <nd ref="8655416918"/>
  <nd ref="8655416917"/>
  <nd ref="8655416916"/>
  <nd ref="8655416915"/>
  <nd ref="8655416914"/>
  <nd ref="8655416904"/>
  <nd ref="8655416913"/>
  <nd ref="8655416912"/>
  <nd ref="8655416911"/>
  <nd ref="8655416910"/>
  <nd ref="8655416903"/>
  <nd ref="8655416909"/>
  <nd ref="8655416908"/>
  <nd ref="7928876763"/>
  <tag k="highway" v="residential"/>
  <tag k="source" v="maxar"/>
 </way>
 <way id="1197000044" visible="true" version="1" changeset="139734656" timestamp="2023-08-11T06:25:24Z" user="Oksana18_18" uid="19153593">
  <nd ref="11107057370"/>
  <nd ref="11107057371"/>
  <nd ref="11107057372"/>
  <nd ref="11107057373"/>
  <nd ref="11107057374"/>
  <tag k="highway" v="residential"/>
 </way>
 <way id="1197000197" visible="true" version="1" changeset="139734744" timestamp="2023-08-11T06:26:32Z" user="Oksana18_18" uid="19153593">
  <nd ref="11107056845"/>
  <nd ref="11107056846"/>
  <tag k="highway" v="residential"/>
 </way>
 <way id="1197013053" visible="true" version="2" changeset="161511812" timestamp="2025-01-19T02:39:35Z" user="vietnam321" uid="11196308">
  <nd ref="1683863588"/>
  <nd ref="11107195047"/>
  <nd ref="11107195048"/>
  <nd ref="11107195049"/>
  <nd ref="11107195050"/>
  <tag k="highway" v="residential"/>
 </way>
 <way id="1197036947" visible="true" version="1" changeset="139744030" timestamp="2023-08-11T10:21:58Z" user="Oksana18_18" uid="19153593">
  <nd ref="11107390519"/>
  <nd ref="7952083121"/>
  <nd ref="7952083123"/>
  <nd ref="7952083122"/>
  <tag k="highway" v="residential"/>
  <tag k="source" v="maxar"/>
 </way>
 <way id="1197037050" visible="true" version="1" changeset="139744052" timestamp="2023-08-11T10:22:35Z" user="Oksana18_18" uid="19153593">
  <nd ref="11107390519"/>
  <nd ref="11107353593"/>
  <nd ref="11107353594"/>
  <tag k="highway" v="residential"/>
 </way>
 <way id="1197037189" visible="true" version="1" changeset="139744104" timestamp="2023-08-11T10:24:07Z" user="Oksana18_18" uid="19153593">
  <nd ref="11107385863"/>
  <nd ref="11107385864"/>
  <nd ref="11107385865"/>
  <nd ref="11107385866"/>
  <nd ref="11107385867"/>
  <tag k="highway" v="residential"/>
 </way>
 <way id="1197038647" visible="true" version="1" changeset="139744404" timestamp="2023-08-11T10:31:59Z" user="Oksana18_18" uid="19153593">
  <nd ref="11107370329"/>
  <nd ref="8079823093"/>
  <nd ref="11107370330"/>
  <nd ref="11107370331"/>
  <tag k="highway" v="residential"/>
 </way>
 <way id="1197048007" visible="true" version="1" changeset="139746783" timestamp="2023-08-11T11:36:46Z" user="Oksana18_18" uid="19153593">
  <nd ref="11107467579"/>
  <nd ref="11107467580"/>
  <nd ref="11107467581"/>
  <nd ref="11107467582"/>
  <nd ref="11107467583"/>
  <nd ref="11107467584"/>
  <nd ref="11107467585"/>
  <nd ref="11107467586"/>
  <nd ref="11107467587"/>
  <nd ref="11107467588"/>
  <nd ref="11107467589"/>
  <tag k="highway" v="residential"/>
 </way>
 <way id="1213995346" visible="true" version="2" changeset="163036302" timestamp="2025-02-28T05:38:02Z" user="Tewuzij" uid="16194143">
  <nd ref="5599998268"/>
  <nd ref="9323588912"/>
  <tag k="highway" v="tertiary"/>
  <tag k="lit" v="yes"/>
  <tag k="oneway" v="yes"/>
 </way>
 <way id="1213995347" visible="true" version="2" changeset="163036302" timestamp="2025-02-28T05:38:01Z" user="Tewuzij" uid="16194143">
  <nd ref="7928757444"/>
  <nd ref="5599998291"/>
  <tag k="highway" v="tertiary"/>
  <tag k="lit" v="yes"/>
  <tag k="oneway" v="yes"/>
 </way>
 <way id="1222413636" visible="true" version="1" changeset="143849302" timestamp="2023-11-10T06:45:03Z" user="Grab_Cong" uid="18820325">
  <nd ref="11337299628"/>
  <nd ref="11337299629"/>
  <tag k="highway" v="residential"/>
 </way>
 <way id="1253012001" visible="true" version="2" changeset="147830340" timestamp="2024-02-23T18:44:02Z" user="Bùi Lê Việt Cường" uid="15514566">
  <nd ref="11646975416"/>
  <nd ref="11646975415"/>
  <nd ref="11646975414"/>
  <nd ref="11646975413"/>
  <nd ref="11646975412"/>
  <nd ref="11646975411"/>
  <nd ref="11646975410"/>
  <nd ref="11646975409"/>
  <nd ref="11646975408"/>
  <nd ref="11646975405"/>
  <nd ref="11646975407"/>
  <nd ref="11646975404"/>
  <nd ref="11646975406"/>
  <nd ref="11646975403"/>
  <nd ref="11646975402"/>
  <nd ref="11646975401"/>
  <nd ref="11646975400"/>
  <nd ref="11646975399"/>
  <nd ref="11646975398"/>
  <nd ref="11646975397"/>
  <nd ref="11646975396"/>
  <nd ref="11646975395"/>
  <nd ref="11646975378"/>
  <nd ref="11646975379"/>
  <nd ref="11646975380"/>
  <nd ref="11646975381"/>
  <nd ref="11646975382"/>
  <nd ref="11646975383"/>
  <nd ref="11646975384"/>
  <nd ref="11646975385"/>
  <nd ref="11646975388"/>
  <nd ref="11646975386"/>
  <nd ref="11646975389"/>
  <nd ref="11646975387"/>
  <nd ref="11646975390"/>
  <nd ref="11646975391"/>
  <nd ref="11646975392"/>
  <nd ref="11646975393"/>
  <nd ref="11646975394"/>
  <nd ref="11646975348"/>
  <nd ref="11646975349"/>
  <nd ref="11646975350"/>
  <nd ref="11646975351"/>
  <nd ref="11646975352"/>
  <nd ref="11646975353"/>
  <nd ref="11646975354"/>
  <nd ref="11646975355"/>
  <nd ref="11646975356"/>
  <nd ref="11646975357"/>
  <nd ref="11646975358"/>
  <nd ref="11646975359"/>
  <nd ref="11646975360"/>
  <nd ref="11646975361"/>
  <nd ref="11646975362"/>
  <nd ref="11646975363"/>
  <nd ref="11646975366"/>
  <nd ref="11646975364"/>
  <nd ref="11646975367"/>
  <nd ref="11646975365"/>
  <nd ref="11646975368"/>
  <nd ref="11646975369"/>
  <nd ref="11646975370"/>
  <nd ref="11646975371"/>
  <nd ref="11646975372"/>
  <nd ref="11646975373"/>
  <nd ref="11646975374"/>
  <nd ref="11646975375"/>
  <nd ref="11646975376"/>
  <nd ref="11646975377"/>
  <nd ref="11646975345"/>
  <nd ref="11646975346"/>
  <nd ref="11646975347"/>
  <nd ref="11646975332"/>
  <nd ref="11646975333"/>
  <nd ref="11646975338"/>
  <nd ref="11646975334"/>
  <nd ref="11646975335"/>
  <nd ref="11646975339"/>
  <nd ref="11646975336"/>
  <nd ref="11646975337"/>
  <nd ref="11646975340"/>
  <nd ref="11646975341"/>
  <nd ref="11646975342"/>
  <nd ref="11646975343"/>
  <nd ref="11646975344"/>
  <tag k="admin_level" v="8"/>
  <tag k="boundary" v="administrative"/>
 </way>
 <way id="1253012002" visible="true" version="2" changeset="147830340" timestamp="2024-02-23T18:44:02Z" user="Bùi Lê Việt Cường" uid="15514566">
  <nd ref="11646975416"/>
  <nd ref="11646975421"/>
  <nd ref="11646975424"/>
  <nd ref="11646975418"/>
  <nd ref="11646975420"/>
  <nd ref="11646975417"/>
  <nd ref="11646975419"/>
  <nd ref="11646975440"/>
  <tag k="admin_level" v="8"/>
  <tag k="boundary" v="administrative"/>
 </way>
 <way id="1253012004" visible="true" version="2" changeset="147830340" timestamp="2024-02-23T18:44:02Z" user="Bùi Lê Việt Cường" uid="15514566">
  <nd ref="11646975645"/>
  <nd ref="11646975439"/>
  <nd ref="11646975438"/>
  <nd ref="11646975437"/>
  <nd ref="11646975436"/>
  <nd ref="11646975433"/>
  <nd ref="11646975432"/>
  <nd ref="11646975435"/>
  <nd ref="11646975431"/>
  <nd ref="11646975430"/>
  <nd ref="11646975429"/>
  <nd ref="11646975434"/>
  <nd ref="11646975428"/>
  <nd ref="11646975427"/>
  <nd ref="11646975426"/>
  <nd ref="11646975423"/>
  <nd ref="11646975425"/>
  <nd ref="11646975422"/>
  <nd ref="11646975416"/>
  <tag k="admin_level" v="8"/>
  <tag k="boundary" v="administrative"/>
 </way>
 <way id="1253012006" visible="true" version="3" changeset="180146759" timestamp="2026-03-20T08:28:04Z" user="Pham Thi Anh Thu" uid="22580488">
  <nd ref="11646975618"/>
  <nd ref="11646975617"/>
  <nd ref="11646975614"/>
  <nd ref="11646975613"/>
  <nd ref="11646975616"/>
  <nd ref="11646975612"/>
  <nd ref="11646975611"/>
  <nd ref="11646975615"/>
  <nd ref="11646975608"/>
  <nd ref="11646975607"/>
  <nd ref="11646975610"/>
  <nd ref="11646975606"/>
  <nd ref="11646975609"/>
  <nd ref="11646975605"/>
  <nd ref="11646975604"/>
  <nd ref="11646975603"/>
  <nd ref="11646975602"/>
  <nd ref="11646975599"/>
  <nd ref="11646975601"/>
  <nd ref="11646975598"/>
  <nd ref="11646975600"/>
  <nd ref="11646975597"/>
  <nd ref="11646975596"/>
  <nd ref="11646975595"/>
  <nd ref="11646975594"/>
  <nd ref="11646975593"/>
  <nd ref="11646975592"/>
  <nd ref="11646975591"/>
  <nd ref="11646975590"/>
  <nd ref="11646975589"/>
  <nd ref="11646975588"/>
  <nd ref="11646975587"/>
  <nd ref="11646975586"/>
  <nd ref="11646975585"/>
  <nd ref="11646975584"/>
  <nd ref="11646975583"/>
  <nd ref="11646975582"/>
  <nd ref="11646975581"/>
  <nd ref="11646975580"/>
  <nd ref="11646975579"/>
  <nd ref="11646975578"/>
  <nd ref="11646975577"/>
  <nd ref="11646975576"/>
  <nd ref="11646975575"/>
  <nd ref="11646975574"/>
  <nd ref="11646975573"/>
  <nd ref="11646975572"/>
  <nd ref="11646975571"/>
  <nd ref="11646975570"/>
  <nd ref="11646975569"/>
  <nd ref="11646975566"/>
  <nd ref="11646975568"/>
  <nd ref="11646975565"/>
  <nd ref="11646975567"/>
  <nd ref="11646975563"/>
  <nd ref="11646975564"/>
  <nd ref="11646975562"/>
  <nd ref="11646975561"/>
  <nd ref="11646975560"/>
  <nd ref="11646975559"/>
  <nd ref="11646975558"/>
  <nd ref="11646975557"/>
  <nd ref="11646975554"/>
  <nd ref="11646975556"/>
  <nd ref="11646975553"/>
  <nd ref="11646975555"/>
  <nd ref="11646975550"/>
  <nd ref="11646975552"/>
  <nd ref="11646975549"/>
  <nd ref="11646975548"/>
  <nd ref="11646975551"/>
  <nd ref="11646975547"/>
  <nd ref="11646975544"/>
  <nd ref="11646975546"/>
  <nd ref="11646975543"/>
  <nd ref="11646975545"/>
  <nd ref="11646975540"/>
  <nd ref="11646975542"/>
  <nd ref="11646975539"/>
  <nd ref="11646975541"/>
  <nd ref="11646975538"/>
  <nd ref="11646975537"/>
  <nd ref="11646975536"/>
  <nd ref="11646975535"/>
  <nd ref="11646975532"/>
  <nd ref="11646975534"/>
  <nd ref="11646975531"/>
  <nd ref="11646975533"/>
  <nd ref="11646975528"/>
  <nd ref="11646975530"/>
  <nd ref="11646975527"/>
  <nd ref="11646975526"/>
  <nd ref="11646975525"/>
  <nd ref="11646975529"/>
  <nd ref="11646975524"/>
  <nd ref="11646975523"/>
  <nd ref="11646975522"/>
  <nd ref="11646975519"/>
  <nd ref="11646975521"/>
  <nd ref="11646975518"/>
  <nd ref="11646975517"/>
  <nd ref="11646975520"/>
  <nd ref="11646975516"/>
  <nd ref="11646975515"/>
  <nd ref="11646975514"/>
  <nd ref="11646975511"/>
  <nd ref="11646975513"/>
  <nd ref="11646975510"/>
  <nd ref="11646975512"/>
  <nd ref="11646975509"/>
  <nd ref="11646975508"/>
  <nd ref="11646975505"/>
  <nd ref="11646975507"/>
  <nd ref="11646975504"/>
  <nd ref="11646975506"/>
  <nd ref="13664265769"/>
  <nd ref="11646975501"/>
  <nd ref="11646975500"/>
  <nd ref="11646975499"/>
  <nd ref="11646975503"/>
  <nd ref="11646975498"/>
  <nd ref="11646975497"/>
  <nd ref="11646975502"/>
  <nd ref="11646975495"/>
  <nd ref="11646975494"/>
  <nd ref="11646975496"/>
  <nd ref="11646975493"/>
  <nd ref="11646975492"/>
  <nd ref="11646975491"/>
  <nd ref="11646975490"/>
  <nd ref="11646975489"/>
  <nd ref="11646975488"/>
  <nd ref="11646975487"/>
  <nd ref="11646975486"/>
  <nd ref="11646975485"/>
  <nd ref="11646975484"/>
  <nd ref="11646975483"/>
  <nd ref="11646975482"/>
  <nd ref="11646975481"/>
  <nd ref="11646975478"/>
  <nd ref="11646975480"/>
  <nd ref="11646975477"/>
  <nd ref="11646975479"/>
  <nd ref="11646975476"/>
  <nd ref="11646975475"/>
  <nd ref="11646975474"/>
  <nd ref="11646975473"/>
  <nd ref="11646975472"/>
  <nd ref="11646975471"/>
  <nd ref="11646975470"/>
  <nd ref="11646975469"/>
  <nd ref="11646975468"/>
  <nd ref="11646975467"/>
  <nd ref="11646975466"/>
  <nd ref="11646975465"/>
  <nd ref="11646975464"/>
  <nd ref="11646975463"/>
  <nd ref="11646975462"/>
  <nd ref="11646975461"/>
  <nd ref="11646975460"/>
  <nd ref="11646975459"/>
  <nd ref="11646975458"/>
  <nd ref="11646975457"/>
  <nd ref="11646975456"/>
  <nd ref="11646975455"/>
  <nd ref="11646975452"/>
  <nd ref="11646975451"/>
  <nd ref="11646975454"/>
  <nd ref="11646975450"/>
  <nd ref="11646975453"/>
  <nd ref="11646975449"/>
  <nd ref="11646975446"/>
  <nd ref="11646975445"/>
  <nd ref="11646975448"/>
  <nd ref="11646975444"/>
  <nd ref="11646975443"/>
  <nd ref="11646975442"/>
  <nd ref="11646975447"/>
  <nd ref="11646975441"/>
  <nd ref="11646975440"/>
  <tag k="admin_level" v="8"/>
  <tag k="boundary" v="administrative"/>
 </way>
 <way id="1253098018" visible="true" version="2" changeset="147830340" timestamp="2024-02-23T18:44:02Z" user="Bùi Lê Việt Cường" uid="15514566">
  <nd ref="11644964218"/>
  <nd ref="11647412950"/>
  <nd ref="11647412947"/>
  <nd ref="11647412946"/>
  <nd ref="11647412949"/>
  <nd ref="11647412945"/>
  <nd ref="11647412944"/>
  <nd ref="11647412948"/>
  <nd ref="11647412942"/>
  <nd ref="11647412941"/>
  <nd ref="11647412940"/>
  <nd ref="11647412939"/>
  <nd ref="11647412943"/>
  <nd ref="11647412938"/>
  <nd ref="11647412935"/>
  <nd ref="11647412934"/>
  <nd ref="11647412937"/>
  <nd ref="11647412933"/>
  <nd ref="11647412932"/>
  <nd ref="11647412936"/>
  <nd ref="11647412929"/>
  <nd ref="11647412928"/>
  <nd ref="11647412927"/>
  <nd ref="11647412926"/>
  <nd ref="11647412931"/>
  <nd ref="11647412925"/>
  <nd ref="11647412924"/>
  <nd ref="11647412923"/>
  <nd ref="11647412922"/>
  <nd ref="11647412930"/>
  <nd ref="11647412921"/>
  <nd ref="11647412918"/>
  <nd ref="11647412917"/>
  <nd ref="11647412916"/>
  <nd ref="11647412915"/>
  <nd ref="11647412920"/>
  <nd ref="11647412914"/>
  <nd ref="11647412913"/>
  <nd ref="11647412912"/>
  <nd ref="11647412911"/>
  <nd ref="11647412919"/>
  <nd ref="11647412910"/>
  <nd ref="11647412907"/>
  <nd ref="11647412906"/>
  <nd ref="11647412909"/>
  <nd ref="11647412905"/>
  <nd ref="11647412904"/>
  <nd ref="11647412903"/>
  <nd ref="11647412908"/>
  <nd ref="11647412902"/>
  <nd ref="11647412899"/>
  <nd ref="11647412898"/>
  <nd ref="11647412897"/>
  <nd ref="11647412896"/>
  <nd ref="11647412901"/>
  <nd ref="11647412895"/>
  <nd ref="11647412894"/>
  <nd ref="11647412893"/>
  <nd ref="11647412892"/>
  <nd ref="11647412900"/>
  <nd ref="11647412891"/>
  <nd ref="11647412888"/>
  <nd ref="11647412887"/>
  <nd ref="11647412886"/>
  <nd ref="11647412890"/>
  <nd ref="11647412885"/>
  <nd ref="11647412884"/>
  <nd ref="11647412883"/>
  <nd ref="11647412882"/>
  <nd ref="11647412889"/>
  <nd ref="11647412879"/>
  <nd ref="11647412878"/>
  <nd ref="11647412881"/>
  <nd ref="11647412877"/>
  <nd ref="11647412876"/>
  <nd ref="11647412875"/>
  <nd ref="11647412880"/>
  <nd ref="11647412872"/>
  <nd ref="11647412871"/>
  <nd ref="11647412870"/>
  <nd ref="11647412869"/>
  <nd ref="11647412874"/>
  <nd ref="11647412868"/>
  <nd ref="11647412867"/>
  <nd ref="11647412866"/>
  <nd ref="11647412865"/>
  <nd ref="11647412864"/>
  <nd ref="11647412863"/>
  <nd ref="11647412873"/>
  <nd ref="11647412861"/>
  <nd ref="11647412860"/>
  <nd ref="11647412859"/>
  <nd ref="11647412862"/>
  <nd ref="11647412856"/>
  <nd ref="11647412858"/>
  <nd ref="11647412855"/>
  <nd ref="11647412857"/>
  <nd ref="11647412854"/>
  <nd ref="11647412851"/>
  <nd ref="11647412850"/>
  <nd ref="11647412853"/>
  <nd ref="11647412849"/>
  <nd ref="11647412848"/>
  <nd ref="11647412847"/>
  <nd ref="11647412852"/>
  <nd ref="11647412844"/>
  <nd ref="11647412846"/>
  <nd ref="11647412843"/>
  <nd ref="11647412842"/>
  <nd ref="11647412841"/>
  <nd ref="11647412845"/>
  <nd ref="11647412838"/>
  <nd ref="11647412837"/>
  <nd ref="11647412840"/>
  <nd ref="11647412836"/>
  <nd ref="11647412835"/>
  <nd ref="11647412834"/>
  <nd ref="11647412839"/>
  <nd ref="11647412833"/>
  <nd ref="11647412830"/>
  <nd ref="11647412829"/>
  <nd ref="11647412828"/>
  <nd ref="11647412827"/>
  <nd ref="11647412832"/>
  <nd ref="11647412826"/>
  <nd ref="11647412825"/>
  <nd ref="11647412824"/>
  <nd ref="11647412823"/>
  <nd ref="11647412831"/>
  <nd ref="11647412820"/>
  <nd ref="11647412819"/>
  <nd ref="11647412822"/>
  <nd ref="11647412818"/>
  <nd ref="11647412817"/>
  <nd ref="11647412816"/>
  <nd ref="11647412815"/>
  <nd ref="11647412821"/>
  <nd ref="11647412814"/>
  <nd ref="11647412813"/>
  <nd ref="11647412812"/>
  <nd ref="11647412811"/>
  <nd ref="11647412808"/>
  <nd ref="11647412807"/>
  <nd ref="11647412810"/>
  <nd ref="11647412806"/>
  <nd ref="11647412805"/>
  <nd ref="11647412809"/>
  <nd ref="11647412804"/>
  <nd ref="11647412803"/>
  <nd ref="11647412802"/>
  <nd ref="11647412801"/>
  <nd ref="11647412798"/>
  <nd ref="11647412800"/>
  <nd ref="11647412799"/>
  <nd ref="11647412795"/>
  <nd ref="11647412797"/>
  <nd ref="11647412794"/>
  <nd ref="11647412796"/>
  <nd ref="11647412793"/>
  <nd ref="11647412792"/>
  <nd ref="11647412789"/>
  <nd ref="11647412791"/>
  <nd ref="11647412788"/>
  <nd ref="11647412790"/>
  <nd ref="11647412787"/>
  <nd ref="11647412786"/>
  <nd ref="11647412783"/>
  <nd ref="11647412785"/>
  <nd ref="11647412782"/>
  <nd ref="11647412784"/>
  <nd ref="11647412781"/>
  <nd ref="11647412778"/>
  <nd ref="11647412777"/>
  <nd ref="11647412780"/>
  <nd ref="11647412776"/>
  <nd ref="11647412775"/>
  <nd ref="11647412779"/>
  <nd ref="11647412774"/>
  <nd ref="11647412773"/>
  <nd ref="11647412772"/>
  <nd ref="11647412769"/>
  <nd ref="11647412771"/>
  <nd ref="11647407468"/>
  <nd ref="11647412770"/>
  <nd ref="11647407467"/>
  <nd ref="11647407466"/>
  <nd ref="11647407465"/>
  <nd ref="11647407464"/>
  <nd ref="11647407463"/>
  <nd ref="11647407399"/>
  <nd ref="11647407397"/>
  <nd ref="11647407400"/>
  <nd ref="11647407398"/>
  <nd ref="11647407401"/>
  <nd ref="11647407402"/>
  <nd ref="11647407403"/>
  <nd ref="11647407405"/>
  <nd ref="11647407404"/>
  <nd ref="11647407411"/>
  <nd ref="11647407406"/>
  <nd ref="11647407407"/>
  <nd ref="11647407408"/>
  <nd ref="11647407412"/>
  <nd ref="11647407409"/>
  <nd ref="11647407410"/>
  <nd ref="11647407413"/>
  <nd ref="11647407414"/>
  <nd ref="11647407415"/>
  <nd ref="11647407417"/>
  <nd ref="11647407418"/>
  <nd ref="11647407416"/>
  <nd ref="11647407419"/>
  <nd ref="11647407420"/>
  <nd ref="11647407421"/>
  <nd ref="11647407422"/>
  <nd ref="11647407423"/>
  <nd ref="11647407424"/>
  <nd ref="11647407425"/>
  <nd ref="11647407426"/>
  <nd ref="11647407427"/>
  <nd ref="11647407428"/>
  <nd ref="11647407430"/>
  <nd ref="11647407429"/>
  <nd ref="11647407433"/>
  <nd ref="11647407431"/>
  <nd ref="11647407432"/>
  <nd ref="11647407434"/>
  <nd ref="11647407435"/>
  <nd ref="11647407436"/>
  <nd ref="11647407437"/>
  <nd ref="11647407438"/>
  <nd ref="11647407439"/>
  <nd ref="11647407440"/>
  <nd ref="11647407441"/>
  <nd ref="11647407442"/>
  <nd ref="11647407443"/>
  <nd ref="11647407448"/>
  <nd ref="11647407444"/>
  <nd ref="11647407445"/>
  <nd ref="11647407446"/>
  <nd ref="11647407449"/>
  <nd ref="11647407447"/>
  <nd ref="11647407450"/>
  <nd ref="11647407451"/>
  <nd ref="11647407452"/>
  <nd ref="11647407453"/>
  <nd ref="11647407454"/>
  <nd ref="11647407455"/>
  <nd ref="11647407456"/>
  <nd ref="11647407457"/>
  <nd ref="11647407458"/>
  <nd ref="11647407459"/>
  <nd ref="11647407460"/>
  <nd ref="11647407461"/>
  <nd ref="11647407462"/>
  <nd ref="11647407392"/>
  <nd ref="11647407391"/>
  <nd ref="11647407390"/>
  <nd ref="11647407396"/>
  <nd ref="11647407395"/>
  <nd ref="11647407394"/>
  <nd ref="11647407393"/>
  <tag k="admin_level" v="8"/>
  <tag k="boundary" v="administrative"/>
 </way>
 <way id="1253098032" visible="true" version="2" changeset="147830340" timestamp="2024-02-23T18:44:02Z" user="Bùi Lê Việt Cường" uid="15514566">
  <nd ref="11646975440"/>
  <nd ref="11646975331"/>
  <nd ref="11646975330"/>
  <nd ref="11646975329"/>
  <nd ref="11646975328"/>
  <nd ref="11646975325"/>
  <nd ref="11646975327"/>
  <nd ref="11646975324"/>
  <nd ref="11646975326"/>
  <nd ref="11646975323"/>
  <nd ref="11646975322"/>
  <nd ref="11646975321"/>
  <nd ref="11646975320"/>
  <nd ref="11646975319"/>
  <nd ref="11646975318"/>
  <nd ref="11646975317"/>
  <nd ref="11646975316"/>
  <nd ref="11646975315"/>
  <nd ref="11646975314"/>
  <nd ref="11646975311"/>
  <nd ref="11646975310"/>
  <nd ref="11646975313"/>
  <nd ref="11646975309"/>
  <nd ref="11646975308"/>
  <nd ref="11646975312"/>
  <nd ref="11646975307"/>
  <nd ref="11646975306"/>
  <nd ref="11646975305"/>
  <nd ref="11646975304"/>
  <nd ref="11646975303"/>
  <nd ref="11646975300"/>
  <nd ref="11646975302"/>
  <nd ref="11646975299"/>
  <nd ref="11646975301"/>
  <nd ref="11646975298"/>
  <nd ref="11646975295"/>
  <nd ref="11646975297"/>
  <nd ref="11646975294"/>
  <nd ref="11646975296"/>
  <nd ref="11646975293"/>
  <nd ref="11646975292"/>
  <tag k="admin_level" v="8"/>
  <tag k="boundary" v="administrative"/>
 </way>
 <way id="1254749625" visible="true" version="5" changeset="166853480" timestamp="2025-05-28T05:55:42Z" user="ZioDragon" uid="13799024">
  <nd ref="1684712054"/>
  <nd ref="12870044111"/>
  <nd ref="12513288779"/>
  <nd ref="1683863519"/>
  <nd ref="1683863615"/>
  <nd ref="8657607244"/>
  <nd ref="480669452"/>
  <nd ref="12513288735"/>
  <nd ref="619703509"/>
  <tag k="bicycle" v="yes"/>
  <tag k="cycleway" v="no"/>
  <tag k="foot" v="yes"/>
  <tag k="highway" v="trunk"/>
  <tag k="int_name" v="National Route 1"/>
  <tag k="lanes" v="2"/>
  <tag k="lit" v="yes"/>
  <tag k="maxspeed" v="60"/>
  <tag k="name" v="Đường Trần Phú"/>
  <tag k="name:en" v="Tran Phu Road"/>
  <tag k="oneway" v="yes"/>
  <tag k="ref" v="QL.1;QL.10"/>
  <tag k="source" v="GPS"/>
  <tag k="surface" v="asphalt"/>
  <tag k="wikidata" v="Q1372266"/>
  <tag k="wikipedia" v="vi:Quốc lộ 1"/>
 </way>
 <way id="1254749626" visible="true" version="5" changeset="166853480" timestamp="2025-05-28T05:55:42Z" user="ZioDragon" uid="13799024">
  <nd ref="5599949848"/>
  <nd ref="1683863632"/>
  <nd ref="1683863616"/>
  <nd ref="12513288776"/>
  <nd ref="1683863522"/>
  <nd ref="12870044110"/>
  <nd ref="1684712046"/>
  <tag k="bicycle" v="yes"/>
  <tag k="cycleway" v="no"/>
  <tag k="foot" v="yes"/>
  <tag k="highway" v="trunk"/>
  <tag k="int_name" v="National Route 1"/>
  <tag k="lanes" v="2"/>
  <tag k="lit" v="yes"/>
  <tag k="maxspeed" v="60"/>
  <tag k="name" v="Đường Trần Phú"/>
  <tag k="name:en" v="Tran Phu Road"/>
  <tag k="oneway" v="yes"/>
  <tag k="ref" v="QL.1;QL.10"/>
  <tag k="source" v="GPS"/>
  <tag k="surface" v="asphalt"/>
  <tag k="wikidata" v="Q1372266"/>
  <tag k="wikipedia" v="vi:Quốc lộ 1"/>
 </way>
 <way id="1339973887" visible="true" version="1" changeset="159903070" timestamp="2024-12-04T03:34:07Z" user="8lue" uid="20577363">
  <nd ref="12395090769"/>
  <nd ref="12395090770"/>
  <tag k="highway" v="residential"/>
 </way>
 <way id="1339986042" visible="true" version="2" changeset="162191341" timestamp="2025-02-06T04:26:36Z" user="GrabVN_QThoai" uid="15740602">
  <nd ref="12395216314"/>
  <nd ref="12395216315"/>
  <nd ref="12560501756"/>
  <tag k="highway" v="residential"/>
 </way>
 <way id="1339991282" visible="true" version="1" changeset="159903354" timestamp="2024-12-04T03:56:16Z" user="8lue" uid="20577363">
  <nd ref="12395221583"/>
  <nd ref="12395221584"/>
  <tag k="highway" v="residential"/>
 </way>
 <way id="1340017353" visible="true" version="1" changeset="159907950" timestamp="2024-12-04T08:04:40Z" user="8lue" uid="20577363">
  <nd ref="12395481918"/>
  <nd ref="12395481919"/>
  <nd ref="12395481920"/>
  <tag k="highway" v="residential"/>
 </way>
 <way id="1352445160" visible="true" version="1" changeset="161511812" timestamp="2025-01-19T02:39:35Z" user="vietnam321" uid="11196308">
  <nd ref="6030095648"/>
  <nd ref="1683863588"/>
  <tag k="highway" v="residential"/>
  <tag k="name" v="Lê Quý Đôn"/>
 </way>
 <way id="1352445161" visible="true" version="4" changeset="166853480" timestamp="2025-05-28T05:55:42Z" user="ZioDragon" uid="13799024">
  <nd ref="6030095666"/>
  <nd ref="7952243571"/>
  <nd ref="8837535156"/>
  <nd ref="8837535161"/>
  <nd ref="7010058065"/>
  <nd ref="7929113076"/>
  <nd ref="8655366327"/>
  <nd ref="7839203277"/>
  <nd ref="12870044123"/>
  <nd ref="12513288781"/>
  <nd ref="5599998268"/>
  <tag k="highway" v="tertiary"/>
  <tag k="lit" v="yes"/>
  <tag k="name" v="Đường Lạc Long Quân"/>
  <tag k="oneway" v="yes"/>
  <tag k="source" v="maxar"/>
  <tag k="surface" v="asphalt"/>
 </way>
 <way id="1357115564" visible="true" version="2" changeset="162889213" timestamp="2025-02-24T12:25:40Z" user="Tewuzij" uid="16194143">
  <nd ref="12560501752"/>
  <nd ref="6030095652"/>
  <nd ref="1684712126"/>
  <nd ref="6030095648"/>
  <tag k="highway" v="tertiary"/>
  <tag k="name" v="Lê Quý Đôn"/>
  <tag k="surface" v="asphalt"/>
 </way>
 <way id="1357115565" visible="true" version="3" changeset="166853480" timestamp="2025-05-28T05:55:42Z" user="ZioDragon" uid="13799024">
  <nd ref="1683863513"/>
  <nd ref="1683863516"/>
  <nd ref="2507108131"/>
  <nd ref="12513288778"/>
  <nd ref="1683863519"/>
  <tag k="highway" v="tertiary"/>
  <tag k="name" v="Lê Quý Đôn"/>
  <tag k="surface" v="asphalt"/>
 </way>
 <way id="1357115566" visible="true" version="3" changeset="166592148" timestamp="2025-05-22T03:22:34Z" user="Pham Thi Anh Thu" uid="22580488">
  <nd ref="12560501752"/>
  <nd ref="12560501758"/>
  <nd ref="12560501755"/>
  <nd ref="12854607026"/>
  <nd ref="12560501757"/>
  <nd ref="12513288777"/>
  <tag k="highway" v="tertiary"/>
  <tag k="name" v="Lê Quý Đôn"/>
  <tag k="oneway" v="yes"/>
  <tag k="surface" v="asphalt"/>
 </way>
 <way id="1358563356" visible="true" version="1" changeset="162345039" timestamp="2025-02-10T10:48:55Z" user="GrabVN_QThoai" uid="15740602">
  <nd ref="7952281276"/>
  <nd ref="12573804955"/>
  <tag k="highway" v="residential"/>
 </way>
 <way id="1358563357" visible="true" version="1" changeset="162345039" timestamp="2025-02-10T10:48:55Z" user="GrabVN_QThoai" uid="15740602">
  <nd ref="12573804952"/>
  <nd ref="12573804956"/>
  <nd ref="12573804957"/>
  <nd ref="12573804959"/>
  <nd ref="12573804958"/>
  <tag k="highway" v="residential"/>
 </way>
 <way id="1358563358" visible="true" version="1" changeset="162345039" timestamp="2025-02-10T10:48:55Z" user="GrabVN_QThoai" uid="15740602">
  <nd ref="12573804960"/>
  <nd ref="12573804961"/>
  <tag k="highway" v="residential"/>
 </way>
 <way id="1358566164" visible="true" version="2" changeset="166853480" timestamp="2025-05-28T05:55:42Z" user="ZioDragon" uid="13799024">
  <nd ref="8724182423"/>
  <nd ref="5204960761"/>
  <tag k="highway" v="trunk_link"/>
  <tag k="source" v="maxar"/>
 </way>
 <way id="1358974662" visible="true" version="1" changeset="162377475" timestamp="2025-02-11T06:38:16Z" user="GrabVN_QThoai" uid="15740602">
  <nd ref="8655352366"/>
  <nd ref="8655352365"/>
  <tag k="highway" v="trunk_link"/>
 </way>
 <way id="1358974663" visible="true" version="1" changeset="162377475" timestamp="2025-02-11T06:38:16Z" user="GrabVN_QThoai" uid="15740602">
  <nd ref="7928737261"/>
  <nd ref="8655374346"/>
  <tag k="highway" v="trunk_link"/>
 </way>
 <way id="1369539335" visible="true" version="2" changeset="163849329" timestamp="2025-03-20T07:59:04Z" user="GrabVN_HHanh" uid="21825758">
  <nd ref="12683833142"/>
  <nd ref="12683833143"/>
  <tag k="highway" v="service"/>
  <tag k="motorcar" v="destination"/>
  <tag k="name" v="Ngách 8 Ngõ 30 Nguyễn Phục"/>
  <tag k="service" v="alley"/>
 </way>
 <way id="1388686792" visible="true" version="1" changeset="166592148" timestamp="2025-05-22T03:22:34Z" user="Pham Thi Anh Thu" uid="22580488">
  <nd ref="12854607026"/>
  <nd ref="12854607030"/>
  <nd ref="12854607028"/>
  <nd ref="12854607027"/>
  <tag k="highway" v="residential"/>
  <tag k="name" v="Đường Lý Tự Trọng"/>
 </way>
 <way id="1388686793" visible="true" version="1" changeset="166592148" timestamp="2025-05-22T03:22:34Z" user="Pham Thi Anh Thu" uid="22580488">
  <nd ref="12854607028"/>
  <nd ref="12854607029"/>
  <tag k="highway" v="residential"/>
 </way>
 <way id="1388686794" visible="true" version="1" changeset="166592148" timestamp="2025-05-22T03:22:34Z" user="Pham Thi Anh Thu" uid="22580488">
  <nd ref="12854607030"/>
  <nd ref="12854607031"/>
  <tag k="highway" v="residential"/>
 </way>
 <way id="1390299088" visible="true" version="1" changeset="166853480" timestamp="2025-05-28T05:55:42Z" user="ZioDragon" uid="13799024">
  <nd ref="1683863522"/>
  <nd ref="1683863519"/>
  <tag k="highway" v="trunk"/>
 </way>
 <way id="1390299091" visible="true" version="1" changeset="166853480" timestamp="2025-05-28T05:55:42Z" user="ZioDragon" uid="13799024">
  <nd ref="1683863522"/>
  <nd ref="12513288777"/>
  <tag k="highway" v="tertiary"/>
 </way>
 <way id="1390299092" visible="true" version="1" changeset="166853480" timestamp="2025-05-28T05:55:42Z" user="ZioDragon" uid="13799024">
  <nd ref="12870044117"/>
  <nd ref="12870044118"/>
  <tag k="highway" v="trunk_link"/>
 </way>
 <way id="1390299093" visible="true" version="1" changeset="166853480" timestamp="2025-05-28T05:55:42Z" user="ZioDragon" uid="13799024">
  <nd ref="4712021724"/>
  <nd ref="4712021723"/>
  <tag k="highway" v="trunk_link"/>
 </way>
 <way id="1390299094" visible="true" version="1" changeset="166853480" timestamp="2025-05-28T05:55:42Z" user="ZioDragon" uid="13799024">
  <nd ref="9323611718"/>
  <nd ref="9323588914"/>
  <tag k="highway" v="tertiary_link"/>
 </way>
 <way id="1390299095" visible="true" version="1" changeset="166853480" timestamp="2025-05-28T05:55:42Z" user="ZioDragon" uid="13799024">
  <nd ref="12870044126"/>
  <nd ref="5204960750"/>
  <tag k="highway" v="secondary"/>
  <tag k="oneway" v="yes"/>
 </way>
 <way id="1390299096" visible="true" version="1" changeset="166853480" timestamp="2025-05-28T05:55:42Z" user="ZioDragon" uid="13799024">
  <nd ref="5204960750"/>
  <nd ref="5204960748"/>
  <tag k="highway" v="secondary"/>
  <tag k="oneway" v="yes"/>
 </way>
 <way id="1390299097" visible="true" version="1" changeset="166853480" timestamp="2025-05-28T05:55:42Z" user="ZioDragon" uid="13799024">
  <nd ref="5204960744"/>
  <nd ref="5599998254"/>
  <tag k="highway" v="secondary_link"/>
 </way>
 <way id="1390299098" visible="true" version="2" changeset="167636454" timestamp="2025-06-15T05:43:44Z" user="user_22995996" uid="22995996">
  <nd ref="8574638080"/>
  <nd ref="8574638092"/>
  <nd ref="8574638091"/>
  <nd ref="8574638100"/>
  <nd ref="8574638093"/>
  <nd ref="5599998257"/>
  <nd ref="5599998258"/>
  <nd ref="5599998256"/>
  <nd ref="7929169380"/>
  <nd ref="5599998261"/>
  <nd ref="7929164335"/>
  <nd ref="7929164331"/>
  <nd ref="5599998250"/>
  <nd ref="8654320552"/>
  <nd ref="7929143456"/>
  <nd ref="5204960744"/>
  <tag k="highway" v="residential"/>
  <tag k="name" v="Đường Lê Dụ Tông"/>
  <tag k="source" v="maxar"/>
  <tag k="surface" v="asphalt"/>
 </way>
 <way id="1390299099" visible="true" version="1" changeset="166853480" timestamp="2025-05-28T05:55:42Z" user="ZioDragon" uid="13799024">
  <nd ref="5204960743"/>
  <nd ref="7952724816"/>
  <nd ref="7952724814"/>
  <nd ref="5599998251"/>
  <nd ref="7929169383"/>
  <nd ref="5599998257"/>
  <nd ref="5599998245"/>
  <nd ref="5599998246"/>
  <nd ref="5599998247"/>
  <nd ref="8574903860"/>
  <nd ref="5599998248"/>
  <tag k="highway" v="residential"/>
  <tag k="name" v="Đường Lê Hiến Tông"/>
  <tag k="source" v="maxar"/>
 </way>
 <way id="1390299100" visible="true" version="1" changeset="166853480" timestamp="2025-05-28T05:55:42Z" user="ZioDragon" uid="13799024">
  <nd ref="5204960755"/>
  <nd ref="5204960743"/>
  <tag k="highway" v="secondary_link"/>
  <tag k="source" v="maxar"/>
 </way>
 <way id="1390299102" visible="true" version="1" changeset="166853480" timestamp="2025-05-28T05:55:42Z" user="ZioDragon" uid="13799024">
  <nd ref="8654310794"/>
  <nd ref="8654310793"/>
  <tag k="highway" v="trunk_link"/>
 </way>
 <way id="1395140541" visible="true" version="1" changeset="167600585" timestamp="2025-06-14T06:38:15Z" user="user_22995996" uid="22995996">
  <nd ref="12913946203"/>
  <nd ref="12913946204"/>
  <nd ref="12913946205"/>
  <nd ref="12913946206"/>
  <nd ref="12913946207"/>
  <nd ref="12913946208"/>
  <nd ref="12913946203"/>
  <tag k="leisure" v="park"/>
 </way>
 <way id="1395140542" visible="true" version="1" changeset="167600585" timestamp="2025-06-14T06:38:15Z" user="user_22995996" uid="22995996">
  <nd ref="12913946209"/>
  <nd ref="12913946210"/>
  <nd ref="12913946211"/>
  <nd ref="12913946212"/>
  <nd ref="12913946209"/>
  <tag k="building" v="yes"/>
 </way>
 <way id="1395140544" visible="true" version="1" changeset="167600585" timestamp="2025-06-14T06:38:15Z" user="user_22995996" uid="22995996">
  <nd ref="12913946217"/>
  <nd ref="12913946218"/>
  <nd ref="12913946219"/>
  <nd ref="12913946220"/>
  <nd ref="12913946221"/>
  <nd ref="12913946222"/>
  <nd ref="12913946217"/>
  <tag k="building" v="yes"/>
  <tag k="tourism" v="hotel"/>
 </way>
 <way id="1395428427" visible="true" version="1" changeset="167636454" timestamp="2025-06-15T05:43:44Z" user="user_22995996" uid="22995996">
  <nd ref="12916815185"/>
  <nd ref="12916815186"/>
  <nd ref="12916815187"/>
  <nd ref="12916815188"/>
  <nd ref="12916815185"/>
  <tag k="building" v="yes"/>
 </way>
 <way id="1395428428" visible="true" version="1" changeset="167636454" timestamp="2025-06-15T05:43:44Z" user="user_22995996" uid="22995996">
  <nd ref="12913946209"/>
  <nd ref="12913946210"/>
  <nd ref="12916815189"/>
  <nd ref="12916815190"/>
  <nd ref="12913946209"/>
  <tag k="building" v="yes"/>
 </way>
 <way id="1425761430" visible="true" version="1" changeset="171172025" timestamp="2025-08-29T08:54:49Z" user="GrabVN_Ngaan" uid="14519322">
  <nd ref="13105404644"/>
  <nd ref="13105404645"/>
  <tag k="highway" v="service"/>
  <tag k="service" v="alley"/>
 </way>
 <way id="1456475045" visible="true" version="1" changeset="175583841" timestamp="2025-12-06T12:31:17Z" user="MountainAsh" uid="425891">
  <nd ref="7928876841"/>
  <nd ref="7928876840"/>
  <nd ref="7928876835"/>
  <tag k="highway" v="residential"/>
  <tag k="source" v="maxar"/>
 </way>
 <way id="1456828801" visible="true" version="2" changeset="176774624" timestamp="2026-01-03T09:55:07Z" user="conradoos" uid="6549455">
  <nd ref="13360865451"/>
  <nd ref="13360865452"/>
  <nd ref="13360865453"/>
  <nd ref="13360865454"/>
  <nd ref="13360865455"/>
  <nd ref="6743334490"/>
  <nd ref="13360865456"/>
  <nd ref="13360865457"/>
  <nd ref="13360865458"/>
  <nd ref="13360865459"/>
  <nd ref="13360865460"/>
  <nd ref="13360865461"/>
  <nd ref="13360865462"/>
  <nd ref="13360865451"/>
  <tag k="building" v="school"/>
  <tag k="name" v="school-QuangTrung stories 3"/>
 </way>
 <way id="1456829135" visible="true" version="1" changeset="175650175" timestamp="2025-12-08T06:32:28Z" user="Nguyen Quang 12178" uid="23581291">
  <nd ref="13360863725"/>
  <nd ref="13360863726"/>
  <nd ref="13360863727"/>
  <nd ref="13360863728"/>
  <nd ref="13360863729"/>
  <nd ref="13360863730"/>
  <nd ref="13360863731"/>
  <nd ref="13360863732"/>
  <nd ref="13360863733"/>
  <nd ref="13360863734"/>
  <nd ref="13360863735"/>
  <nd ref="13360863736"/>
  <nd ref="13360863737"/>
  <nd ref="13360863738"/>
  <nd ref="13360863739"/>
  <nd ref="13360863740"/>
  <nd ref="13360863725"/>
  <tag k="building" v="school"/>
  <tag k="name" v="school-DaoDuyTu stories 4"/>
 </way>
 <way id="1457807664" visible="true" version="1" changeset="175807239" timestamp="2025-12-11T14:57:18Z" user="ninh9322" uid="23591645">
  <nd ref="13369760126"/>
  <nd ref="13369760127"/>
  <nd ref="13369760128"/>
  <nd ref="13369760129"/>
  <nd ref="13369760126"/>
  <tag k="building" v="yes"/>
 </way>
 <way id="1457807665" visible="true" version="1" changeset="175807239" timestamp="2025-12-11T14:57:18Z" user="ninh9322" uid="23591645">
  <nd ref="13369760130"/>
  <nd ref="13369760131"/>
  <nd ref="13369760132"/>
  <nd ref="13369760133"/>
  <nd ref="13369760130"/>
  <tag k="building" v="yes"/>
 </way>
 <way id="1457807666" visible="true" version="1" changeset="175807239" timestamp="2025-12-11T14:57:18Z" user="ninh9322" uid="23591645">
  <nd ref="13369760134"/>
  <nd ref="13369760135"/>
  <nd ref="13369760136"/>
  <nd ref="13369760137"/>
  <nd ref="13369760134"/>
  <tag k="building" v="yes"/>
 </way>
 <way id="1457807739" visible="true" version="1" changeset="175807269" timestamp="2025-12-11T14:58:05Z" user="ninh9322" uid="23591645">
  <nd ref="13369761222"/>
  <nd ref="13369761223"/>
  <nd ref="13369761224"/>
  <nd ref="13369761225"/>
  <nd ref="13369761226"/>
  <nd ref="13369761227"/>
  <nd ref="13369761228"/>
  <nd ref="13369761229"/>
  <nd ref="13369761230"/>
  <nd ref="13369761231"/>
  <nd ref="13369761232"/>
  <nd ref="13369761233"/>
  <nd ref="13369761222"/>
  <tag k="building" v="yes"/>
 </way>
 <way id="1457808327" visible="true" version="1" changeset="175807336" timestamp="2025-12-11T14:59:38Z" user="ninh9322" uid="23591645">
  <nd ref="13369765044"/>
  <nd ref="13369765045"/>
  <nd ref="13369765046"/>
  <nd ref="13369765047"/>
  <nd ref="13369765044"/>
  <tag k="building" v="yes"/>
 </way>
 <way id="1457808328" visible="true" version="1" changeset="175807336" timestamp="2025-12-11T14:59:38Z" user="ninh9322" uid="23591645">
  <nd ref="13369765048"/>
  <nd ref="13369765049"/>
  <nd ref="13369765050"/>
  <nd ref="13369765051"/>
  <nd ref="13369765048"/>
  <tag k="building" v="yes"/>
 </way>
 <way id="1457808644" visible="true" version="1" changeset="175807399" timestamp="2025-12-11T15:00:51Z" user="ninh9322" uid="23591645">
  <nd ref="13369778751"/>
  <nd ref="13369778752"/>
  <nd ref="13369778753"/>
  <nd ref="13369778754"/>
  <nd ref="13369778755"/>
  <nd ref="13369778756"/>
  <nd ref="13369778757"/>
  <nd ref="13369778758"/>
  <nd ref="13369778751"/>
  <tag k="building" v="yes"/>
 </way>
 <way id="1457808645" visible="true" version="1" changeset="175807399" timestamp="2025-12-11T15:00:51Z" user="ninh9322" uid="23591645">
  <nd ref="13369778759"/>
  <nd ref="13369778760"/>
  <nd ref="13369778761"/>
  <nd ref="13369778762"/>
  <nd ref="13369778763"/>
  <nd ref="13369778764"/>
  <nd ref="13369778765"/>
  <nd ref="13369778766"/>
  <nd ref="13369778767"/>
  <nd ref="13369778768"/>
  <nd ref="13369778769"/>
  <nd ref="13369778770"/>
  <nd ref="13369778759"/>
  <tag k="building" v="yes"/>
 </way>
 <way id="1460681415" visible="true" version="1" changeset="176293553" timestamp="2025-12-23T06:49:21Z" user="Grab_Cong" uid="18820325">
  <nd ref="8656186984"/>
  <nd ref="13397020968"/>
  <tag k="highway" v="trunk"/>
 </way>
 <way id="1480012867" visible="true" version="1" changeset="178715873" timestamp="2026-02-18T09:28:11Z" user="jayasree_c" uid="20463004">
  <nd ref="7010058066"/>
  <nd ref="7010058065"/>
  <tag k="highway" v="tertiary_link"/>
 </way>
 <way id="1482123263" visible="true" version="1" changeset="178929515" timestamp="2026-02-23T07:27:19Z" user="GrabVN_Dang" uid="21825913">
  <nd ref="7929133779"/>
  <nd ref="8655303387"/>
  <nd ref="8655303389"/>
  <nd ref="8655328001"/>
  <nd ref="13592087703"/>
  <nd ref="8655303388"/>
  <tag k="highway" v="residential"/>
  <tag k="source" v="maxar"/>
 </way>
 <way id="1490017362" visible="true" version="1" changeset="180035365" timestamp="2026-03-18T03:27:38Z" user="GrabVN_HHanh" uid="21825758">
  <nd ref="13657430889"/>
  <nd ref="8656259278"/>
  <tag k="highway" v="residential"/>
 </way>
 <way id="1490890026" visible="true" version="1" changeset="180137057" timestamp="2026-03-20T04:02:08Z" user="Pham Thi Anh Thu" uid="22580488">
  <nd ref="13663872084"/>
  <nd ref="13663872085"/>
  <tag k="highway" v="residential"/>
 </way>
 <way id="1490890027" visible="true" version="1" changeset="180137057" timestamp="2026-03-20T04:02:08Z" user="Pham Thi Anh Thu" uid="22580488">
  <nd ref="13663872085"/>
  <nd ref="13663872086"/>
  <nd ref="13663872087"/>
  <nd ref="13663872088"/>
  <nd ref="13663872089"/>
  <nd ref="13663872090"/>
  <nd ref="13663872091"/>
  <nd ref="13663872092"/>
  <nd ref="13663872093"/>
  <tag k="highway" v="residential"/>
 </way>
 <way id="1490916964" visible="true" version="1" changeset="180144301" timestamp="2026-03-20T07:16:12Z" user="Pham Thi Anh Thu" uid="22580488">
  <nd ref="13664090661"/>
  <nd ref="13664090664"/>
  <nd ref="13664090662"/>
  <nd ref="13664090663"/>
  <tag k="highway" v="residential"/>
 </way>
 <way id="1490916965" visible="true" version="1" changeset="180144301" timestamp="2026-03-20T07:16:12Z" user="Pham Thi Anh Thu" uid="22580488">
  <nd ref="13664090664"/>
  <nd ref="13664090665"/>
  <nd ref="13664090666"/>
  <nd ref="13664090667"/>
  <tag k="highway" v="residential"/>
 </way>
 <way id="1490916966" visible="true" version="1" changeset="180144301" timestamp="2026-03-20T07:16:12Z" user="Pham Thi Anh Thu" uid="22580488">
  <nd ref="7928876846"/>
  <nd ref="13664090667"/>
  <tag k="highway" v="residential"/>
 </way>
 <way id="1490937039" visible="true" version="1" changeset="180146759" timestamp="2026-03-20T08:28:04Z" user="Pham Thi Anh Thu" uid="22580488">
  <nd ref="13664265769"/>
  <nd ref="13664265770"/>
  <nd ref="13664265771"/>
  <tag k="highway" v="residential"/>
 </way>
 <way id="1490939684" visible="true" version="1" changeset="180147380" timestamp="2026-03-20T08:43:17Z" user="Pham Thi Anh Thu" uid="22580488">
  <nd ref="7952295213"/>
  <nd ref="13664149799"/>
  <nd ref="13664149800"/>
  <tag k="highway" v="service"/>
  <tag k="service" v="alley"/>
 </way>
 <way id="1490939685" visible="true" version="1" changeset="180147380" timestamp="2026-03-20T08:43:17Z" user="Pham Thi Anh Thu" uid="22580488">
  <nd ref="13664149800"/>
  <nd ref="13664297401"/>
  <nd ref="13664297402"/>
  <nd ref="7952295222"/>
  <tag k="highway" v="service"/>
  <tag k="service" v="alley"/>
 </way>
 <way id="1490940473" visible="true" version="1" changeset="180147584" timestamp="2026-03-20T08:47:48Z" user="Pham Thi Anh Thu" uid="22580488">
  <nd ref="7929054344"/>
  <nd ref="13664260055"/>
  <tag k="highway" v="residential"/>
 </way>
 <way id="1491692291" visible="true" version="1" changeset="180279557" timestamp="2026-03-23T03:38:36Z" user="Pham Thi Anh Thu" uid="22580488">
  <nd ref="13670586851"/>
  <nd ref="13670586852"/>
  <tag k="highway" v="residential"/>
 </way>
 <relation id="1898590" visible="true" version="92" changeset="176797698" timestamp="2026-01-03T20:50:33Z" user="EvanSiroky" uid="144525">
  <member type="node" ref="1536369577" role="label"/>
  <member type="node" ref="13142490083" role="admin_centre"/>
  <member type="way" ref="284917956" role="outer"/>
  <member type="way" ref="139515780" role="outer"/>
  <member type="way" ref="1106757640" role="outer"/>
  <member type="way" ref="1106757643" role="outer"/>
  <member type="way" ref="1422682822" role="outer"/>
  <member type="way" ref="1422682821" role="outer"/>
  <member type="way" ref="358047373" role="outer"/>
  <member type="way" ref="1106757647" role="outer"/>
  <member type="way" ref="478295006" role="outer"/>
  <member type="way" ref="477809476" role="outer"/>
  <member type="way" ref="1422682823" role="outer"/>
  <member type="way" ref="1422682824" role="outer"/>
  <member type="way" ref="471695609" role="outer"/>
  <member type="way" ref="1422682826" role="outer"/>
  <member type="way" ref="1422682825" role="outer"/>
  <member type="way" ref="477730224" role="outer"/>
  <member type="way" ref="1422682828" role="outer"/>
  <member type="way" ref="1424620919" role="outer"/>
  <member type="way" ref="1424620918" role="outer"/>
  <member type="way" ref="1422682827" role="outer"/>
  <member type="way" ref="471695607" role="outer"/>
  <member type="way" ref="1424620917" role="outer"/>
  <member type="way" ref="1424620916" role="outer"/>
  <member type="way" ref="1422682830" role="outer"/>
  <member type="way" ref="1422682829" role="outer"/>
  <member type="way" ref="477629123" role="outer"/>
  <member type="way" ref="1254741959" role="outer"/>
  <member type="way" ref="1424620914" role="outer"/>
  <member type="way" ref="1424620915" role="outer"/>
  <member type="way" ref="1424620912" role="outer"/>
  <member type="way" ref="1424620913" role="outer"/>
  <member type="way" ref="471695608" role="outer"/>
  <member type="way" ref="1254741958" role="outer"/>
  <member type="way" ref="471507585" role="outer"/>
  <member type="way" ref="471378090" role="outer"/>
  <member type="way" ref="1424620910" role="outer"/>
  <member type="way" ref="1424620911" role="outer"/>
  <member type="way" ref="472642426" role="outer"/>
  <member type="way" ref="389875619" role="outer"/>
  <member type="way" ref="1424620908" role="outer"/>
  <member type="way" ref="1424620906" role="outer"/>
  <member type="way" ref="1424620907" role="outer"/>
  <member type="way" ref="1424620909" role="outer"/>
  <member type="way" ref="472642425" role="outer"/>
  <member type="way" ref="1424620904" role="outer"/>
  <member type="way" ref="1424620905" role="outer"/>
  <member type="way" ref="139515793" role="outer"/>
  <member type="way" ref="1424620902" role="outer"/>
  <member type="way" ref="1424620903" role="outer"/>
  <member type="way" ref="471369823" role="outer"/>
  <member type="way" ref="1424620900" role="outer"/>
  <member type="way" ref="1424620901" role="outer"/>
  <member type="way" ref="1424620898" role="outer"/>
  <member type="way" ref="1424620899" role="outer"/>
  <member type="way" ref="471416306" role="outer"/>
  <member type="way" ref="1424620896" role="outer"/>
  <member type="way" ref="1424620897" role="outer"/>
  <member type="way" ref="471416300" role="outer"/>
  <member type="way" ref="118908856" role="outer"/>
  <member type="way" ref="1379017452" role="outer"/>
  <member type="way" ref="389894099" role="outer"/>
  <member type="way" ref="1379017451" role="outer"/>
  <member type="way" ref="1424620894" role="outer"/>
  <member type="way" ref="1424620895" role="outer"/>
  <member type="way" ref="139519903" role="outer"/>
  <member type="way" ref="471369822" role="outer"/>
  <member type="way" ref="1424620892" role="outer"/>
  <member type="way" ref="1424620893" role="outer"/>
  <member type="way" ref="1426035558" role="outer"/>
  <member type="way" ref="1426035559" role="outer"/>
  <member type="way" ref="1424620890" role="outer"/>
  <member type="way" ref="1424620891" role="outer"/>
  <member type="way" ref="471402051" role="outer"/>
  <member type="way" ref="1426035560" role="outer"/>
  <member type="way" ref="1426035561" role="outer"/>
  <member type="way" ref="892216633" role="outer"/>
  <member type="way" ref="1426035566" role="outer"/>
  <member type="way" ref="1426035567" role="outer"/>
  <member type="way" ref="483625941" role="outer"/>
  <member type="way" ref="483626680" role="outer"/>
  <member type="way" ref="884938087" role="outer"/>
  <member type="way" ref="1424620888" role="outer"/>
  <member type="way" ref="1424620889" role="outer"/>
  <member type="way" ref="484163192" role="outer"/>
  <member type="way" ref="1426035568" role="outer"/>
  <member type="way" ref="1426035569" role="outer"/>
  <member type="way" ref="139640867" role="outer"/>
  <member type="way" ref="1424620886" role="outer"/>
  <member type="way" ref="1424620887" role="outer"/>
  <member type="way" ref="484220188" role="outer"/>
  <member type="way" ref="1425805918" role="outer"/>
  <member type="way" ref="1425805919" role="outer"/>
  <member type="way" ref="1424620884" role="outer"/>
  <member type="way" ref="1424620885" role="outer"/>
  <member type="way" ref="484164131" role="outer"/>
  <member type="way" ref="484170425" role="outer"/>
  <member type="way" ref="1425805920" role="outer"/>
  <member type="way" ref="1425805921" role="outer"/>
  <member type="way" ref="1424620883" role="outer"/>
  <member type="way" ref="484217812" role="outer"/>
  <member type="way" ref="1424620881" role="outer"/>
  <member type="way" ref="1424620882" role="outer"/>
  <member type="way" ref="484170427" role="outer"/>
  <member type="way" ref="895394001" role="outer"/>
  <member type="way" ref="1424620879" role="outer"/>
  <member type="way" ref="1424620880" role="outer"/>
  <member type="way" ref="1425805922" role="outer"/>
  <member type="way" ref="1425805923" role="outer"/>
  <member type="way" ref="160790252" role="outer"/>
  <member type="way" ref="160790188" role="outer"/>
  <member type="way" ref="160790088" role="outer"/>
  <member type="way" ref="160850951" role="outer"/>
  <member type="way" ref="160915263" role="outer"/>
  <member type="way" ref="140226381" role="outer"/>
  <member type="way" ref="1424620878" role="outer"/>
  <member type="way" ref="1424620877" role="outer"/>
  <member type="way" ref="160915255" role="outer"/>
  <member type="way" ref="160915245" role="outer"/>
  <member type="way" ref="160915250" role="outer"/>
  <member type="way" ref="160915260" role="outer"/>
  <member type="way" ref="284143508" role="outer"/>
  <member type="relation" ref="19260479" role="subarea"/>
  <member type="relation" ref="19260478" role="subarea"/>
  <member type="relation" ref="19260477" role="subarea"/>
  <member type="relation" ref="19428617" role="subarea"/>
  <member type="relation" ref="19428618" role="subarea"/>
  <member type="relation" ref="19428619" role="subarea"/>
  <member type="relation" ref="19428620" role="subarea"/>
  <member type="relation" ref="19428621" role="subarea"/>
  <member type="relation" ref="19428622" role="subarea"/>
  <member type="relation" ref="19428623" role="subarea"/>
  <member type="relation" ref="19428624" role="subarea"/>
  <member type="relation" ref="19428625" role="subarea"/>
  <member type="relation" ref="19428626" role="subarea"/>
  <member type="relation" ref="19428627" role="subarea"/>
  <member type="relation" ref="19428628" role="subarea"/>
  <member type="relation" ref="19428629" role="subarea"/>
  <member type="relation" ref="19428630" role="subarea"/>
  <member type="relation" ref="19428631" role="subarea"/>
  <member type="relation" ref="19521183" role="subarea"/>
  <member type="relation" ref="19521182" role="subarea"/>
  <member type="relation" ref="19521181" role="subarea"/>
  <member type="relation" ref="19521180" role="subarea"/>
  <member type="relation" ref="19521179" role="subarea"/>
  <member type="relation" ref="19521178" role="subarea"/>
  <member type="relation" ref="19521177" role="subarea"/>
  <member type="relation" ref="19521176" role="subarea"/>
  <member type="relation" ref="19521175" role="subarea"/>
  <member type="relation" ref="19521174" role="subarea"/>
  <member type="relation" ref="19521173" role="subarea"/>
  <member type="relation" ref="19521172" role="subarea"/>
  <member type="relation" ref="19521171" role="subarea"/>
  <member type="relation" ref="19521170" role="subarea"/>
  <member type="relation" ref="19521169" role="subarea"/>
  <member type="relation" ref="19521168" role="subarea"/>
  <member type="relation" ref="19521167" role="subarea"/>
  <member type="relation" ref="19521166" role="subarea"/>
  <member type="relation" ref="19521165" role="subarea"/>
  <member type="relation" ref="19521164" role="subarea"/>
  <member type="relation" ref="19521163" role="subarea"/>
  <member type="relation" ref="19521162" role="subarea"/>
  <member type="relation" ref="19521161" role="subarea"/>
  <member type="relation" ref="19521160" role="subarea"/>
  <member type="relation" ref="19521159" role="subarea"/>
  <member type="relation" ref="19521157" role="subarea"/>
  <member type="relation" ref="19521155" role="subarea"/>
  <member type="relation" ref="19521154" role="subarea"/>
  <member type="relation" ref="19521153" role="subarea"/>
  <member type="relation" ref="19521152" role="subarea"/>
  <member type="relation" ref="19521151" role="subarea"/>
  <member type="relation" ref="19521150" role="subarea"/>
  <member type="relation" ref="19521149" role="subarea"/>
  <member type="relation" ref="19521148" role="subarea"/>
  <member type="relation" ref="19521156" role="subarea"/>
  <member type="relation" ref="19521147" role="subarea"/>
  <member type="relation" ref="19521146" role="subarea"/>
  <member type="relation" ref="19521145" role="subarea"/>
  <member type="relation" ref="19521158" role="subarea"/>
  <member type="relation" ref="19521144" role="subarea"/>
  <member type="relation" ref="19521143" role="subarea"/>
  <member type="relation" ref="19521142" role="subarea"/>
  <member type="relation" ref="19521141" role="subarea"/>
  <member type="relation" ref="19521140" role="subarea"/>
  <member type="relation" ref="19521139" role="subarea"/>
  <member type="relation" ref="19521138" role="subarea"/>
  <member type="relation" ref="19521137" role="subarea"/>
  <member type="relation" ref="19521136" role="subarea"/>
  <member type="relation" ref="19521135" role="subarea"/>
  <member type="relation" ref="19521134" role="subarea"/>
  <member type="relation" ref="19521133" role="subarea"/>
  <member type="relation" ref="19521132" role="subarea"/>
  <member type="relation" ref="19521131" role="subarea"/>
  <member type="relation" ref="19521130" role="subarea"/>
  <member type="relation" ref="19521129" role="subarea"/>
  <member type="relation" ref="19521128" role="subarea"/>
  <member type="relation" ref="19521127" role="subarea"/>
  <member type="relation" ref="19521126" role="subarea"/>
  <member type="relation" ref="19521125" role="subarea"/>
  <member type="relation" ref="19521124" role="subarea"/>
  <member type="relation" ref="19521123" role="subarea"/>
  <member type="relation" ref="19521122" role="subarea"/>
  <member type="relation" ref="19521121" role="subarea"/>
  <member type="relation" ref="19521120" role="subarea"/>
  <member type="relation" ref="19521119" role="subarea"/>
  <member type="relation" ref="19521118" role="subarea"/>
  <member type="relation" ref="19521117" role="subarea"/>
  <member type="relation" ref="19521116" role="subarea"/>
  <member type="relation" ref="19521115" role="subarea"/>
  <member type="relation" ref="19521114" role="subarea"/>
  <member type="relation" ref="19521113" role="subarea"/>
  <member type="relation" ref="19521111" role="subarea"/>
  <member type="relation" ref="19521110" role="subarea"/>
  <member type="relation" ref="19521109" role="subarea"/>
  <member type="relation" ref="19521108" role="subarea"/>
  <member type="relation" ref="19521107" role="subarea"/>
  <member type="relation" ref="19521106" role="subarea"/>
  <member type="relation" ref="19521105" role="subarea"/>
  <member type="relation" ref="19521112" role="subarea"/>
  <member type="relation" ref="19521104" role="subarea"/>
  <member type="relation" ref="19521103" role="subarea"/>
  <member type="relation" ref="19521102" role="subarea"/>
  <member type="relation" ref="19521101" role="subarea"/>
  <member type="relation" ref="19521100" role="subarea"/>
  <member type="relation" ref="19521099" role="subarea"/>
  <member type="relation" ref="19521098" role="subarea"/>
  <member type="relation" ref="19521097" role="subarea"/>
  <member type="relation" ref="19521096" role="subarea"/>
  <member type="relation" ref="19521095" role="subarea"/>
  <member type="relation" ref="19521094" role="subarea"/>
  <member type="relation" ref="19521093" role="subarea"/>
  <member type="relation" ref="19521092" role="subarea"/>
  <member type="relation" ref="19521091" role="subarea"/>
  <member type="relation" ref="19521090" role="subarea"/>
  <member type="relation" ref="19521089" role="subarea"/>
  <member type="relation" ref="19521088" role="subarea"/>
  <member type="relation" ref="19521087" role="subarea"/>
  <member type="relation" ref="19521086" role="subarea"/>
  <member type="relation" ref="19521085" role="subarea"/>
  <member type="relation" ref="19521084" role="subarea"/>
  <member type="relation" ref="19521083" role="subarea"/>
  <member type="relation" ref="19521082" role="subarea"/>
  <member type="relation" ref="19521081" role="subarea"/>
  <member type="relation" ref="19521080" role="subarea"/>
  <member type="relation" ref="19521079" role="subarea"/>
  <member type="relation" ref="19521078" role="subarea"/>
  <member type="relation" ref="19521077" role="subarea"/>
  <member type="relation" ref="19521076" role="subarea"/>
  <member type="relation" ref="19521075" role="subarea"/>
  <member type="relation" ref="19521074" role="subarea"/>
  <member type="relation" ref="19521073" role="subarea"/>
  <member type="relation" ref="19521072" role="subarea"/>
  <member type="relation" ref="19521071" role="subarea"/>
  <member type="relation" ref="19521070" role="subarea"/>
  <member type="relation" ref="19521069" role="subarea"/>
  <member type="relation" ref="19521068" role="subarea"/>
  <member type="relation" ref="19521067" role="subarea"/>
  <member type="relation" ref="19521066" role="subarea"/>
  <member type="relation" ref="19521065" role="subarea"/>
  <member type="relation" ref="19521064" role="subarea"/>
  <member type="relation" ref="19521063" role="subarea"/>
  <member type="relation" ref="19521062" role="subarea"/>
  <member type="relation" ref="19521061" role="subarea"/>
  <member type="relation" ref="19521060" role="subarea"/>
  <member type="relation" ref="19521059" role="subarea"/>
  <member type="relation" ref="19521058" role="subarea"/>
  <member type="relation" ref="19521057" role="subarea"/>
  <member type="relation" ref="19521056" role="subarea"/>
  <member type="relation" ref="19521055" role="subarea"/>
  <member type="relation" ref="19521054" role="subarea"/>
  <member type="relation" ref="19521053" role="subarea"/>
  <member type="relation" ref="19521052" role="subarea"/>
  <member type="relation" ref="19521051" role="subarea"/>
  <member type="relation" ref="19521050" role="subarea"/>
  <member type="relation" ref="19521049" role="subarea"/>
  <member type="relation" ref="19521048" role="subarea"/>
  <member type="relation" ref="19521047" role="subarea"/>
  <member type="relation" ref="19521046" role="subarea"/>
  <member type="relation" ref="19521045" role="subarea"/>
  <member type="relation" ref="19521044" role="subarea"/>
  <member type="relation" ref="19521043" role="subarea"/>
  <member type="relation" ref="19521042" role="subarea"/>
  <member type="relation" ref="19521041" role="subarea"/>
  <member type="relation" ref="19521040" role="subarea"/>
  <member type="relation" ref="19521039" role="subarea"/>
  <member type="relation" ref="19521038" role="subarea"/>
  <member type="relation" ref="19521037" role="subarea"/>
  <member type="relation" ref="19521036" role="subarea"/>
  <tag k="admin_level" v="4"/>
  <tag k="alt_name" v="Thanh Hóa"/>
  <tag k="boundary" v="administrative"/>
  <tag k="is_in:country_code" v="VN"/>
  <tag k="ISO3166-2" v="VN-21"/>
  <tag k="name" v="Tỉnh Thanh Hóa"/>
  <tag k="name:bg" v="Провинция Тан Хоа"/>
  <tag k="name:en" v="Thanh Hóa Province"/>
  <tag k="name:ja" v="タインホア"/>
  <tag k="name:ko" v="타인호아성"/>
  <tag k="name:ru" v="Тханьхоа"/>
  <tag k="name:vi" v="Tỉnh Thanh Hóa"/>
  <tag k="name:zh" v="清化省"/>
  <tag k="population" v="3412600"/>
  <tag k="timezone" v="Asia/Bangkok"/>
  <tag k="type" v="boundary"/>
  <tag k="wikidata" v="Q36512"/>
  <tag k="wikipedia" v="vi:Thanh Hóa"/>
 </relation>
 <relation id="7124593" visible="true" version="32" changeset="178609617" timestamp="2026-02-16T04:58:00Z" user="Trần Thanh Tuấn" uid="16014056">
  <member type="node" ref="369469617" role="label"/>
  <member type="way" ref="1252752142" role="outer"/>
  <member type="way" ref="1252752138" role="outer"/>
  <member type="way" ref="1252753624" role="outer"/>
  <member type="way" ref="1252753623" role="outer"/>
  <member type="way" ref="889380326" role="outer"/>
  <member type="way" ref="1252752141" role="outer"/>
  <member type="way" ref="1252752136" role="outer"/>
  <member type="way" ref="1252753622" role="outer"/>
  <member type="way" ref="1252752129" role="outer"/>
  <member type="way" ref="1252753621" role="outer"/>
  <member type="way" ref="1252752130" role="outer"/>
  <member type="way" ref="889381556" role="outer"/>
  <member type="way" ref="1252753620" role="outer"/>
  <member type="way" ref="889385826" role="outer"/>
  <member type="way" ref="478022679" role="outer"/>
  <member type="way" ref="1253425477" role="outer"/>
  <member type="way" ref="1253425482" role="outer"/>
  <member type="way" ref="1253425480" role="outer"/>
  <member type="way" ref="1253425484" role="outer"/>
  <member type="way" ref="1424620864" role="outer"/>
  <member type="way" ref="1424620865" role="outer"/>
  <member type="way" ref="1253425473" role="outer"/>
  <member type="way" ref="478022663" role="outer"/>
  <member type="way" ref="1424620866" role="outer"/>
  <member type="way" ref="1424620867" role="outer"/>
  <member type="way" ref="1253425472" role="outer"/>
  <member type="way" ref="1253398769" role="outer"/>
  <member type="way" ref="1253398767" role="outer"/>
  <member type="way" ref="1424620869" role="outer"/>
  <member type="way" ref="1424620868" role="outer"/>
  <member type="way" ref="478022650" role="outer"/>
  <member type="way" ref="1252786733" role="outer"/>
  <member type="way" ref="1072977528" role="outer"/>
  <member type="way" ref="1073712609" role="outer"/>
  <member type="way" ref="1252786737" role="outer"/>
  <member type="way" ref="1252786734" role="outer"/>
  <member type="way" ref="889385828" role="outer"/>
  <member type="way" ref="1252786735" role="outer"/>
  <member type="way" ref="1252786741" role="outer"/>
  <member type="way" ref="1252736049" role="outer"/>
  <member type="way" ref="1252786739" role="outer"/>
  <member type="way" ref="1252736059" role="outer"/>
  <member type="way" ref="1068922206" role="outer"/>
  <member type="way" ref="1068922207" role="outer"/>
  <member type="way" ref="1068922208" role="outer"/>
  <member type="way" ref="1252736055" role="outer"/>
  <member type="way" ref="1252736058" role="outer"/>
  <member type="way" ref="1252736054" role="outer"/>
  <member type="way" ref="1252736053" role="outer"/>
  <member type="way" ref="1252736056" role="outer"/>
  <member type="way" ref="1252736052" role="outer"/>
  <member type="way" ref="1252736051" role="outer"/>
  <member type="way" ref="889389368" role="outer"/>
  <member type="way" ref="1252736050" role="outer"/>
  <member type="way" ref="1252752137" role="outer"/>
  <member type="way" ref="1252736057" role="outer"/>
  <member type="relation" ref="14302983" role="subarea"/>
  <member type="relation" ref="17245452" role="subarea"/>
  <member type="relation" ref="17245218" role="subarea"/>
  <member type="relation" ref="17241143" role="subarea"/>
  <member type="relation" ref="17241142" role="subarea"/>
  <member type="relation" ref="17245451" role="subarea"/>
  <member type="relation" ref="17241144" role="subarea"/>
  <member type="relation" ref="17245217" role="subarea"/>
  <member type="relation" ref="17245453" role="subarea"/>
  <member type="relation" ref="14301020" role="subarea"/>
  <member type="relation" ref="17241257" role="subarea"/>
  <member type="relation" ref="17245940" role="subarea"/>
  <member type="relation" ref="17241255" role="subarea"/>
  <member type="relation" ref="17241256" role="subarea"/>
  <member type="relation" ref="17245937" role="subarea"/>
  <member type="relation" ref="17245939" role="subarea"/>
  <member type="relation" ref="17241253" role="subarea"/>
  <member type="relation" ref="17241254" role="subarea"/>
  <member type="relation" ref="14279079" role="subarea"/>
  <member type="relation" ref="14243667" role="subarea"/>
  <member type="relation" ref="17241542" role="subarea"/>
  <member type="relation" ref="17241543" role="subarea"/>
  <member type="relation" ref="17245449" role="subarea"/>
  <member type="relation" ref="17245450" role="subarea"/>
  <member type="relation" ref="14301022" role="subarea"/>
  <member type="relation" ref="17245941" role="subarea"/>
  <member type="relation" ref="17245942" role="subarea"/>
  <member type="relation" ref="14279080" role="subarea"/>
  <member type="relation" ref="17245943" role="subarea"/>
  <member type="relation" ref="14279081" role="subarea"/>
  <member type="relation" ref="14286497" role="subarea"/>
  <member type="relation" ref="14301021" role="subarea"/>
  <member type="relation" ref="17245938" role="subarea"/>
  <member type="relation" ref="17241541" role="subarea"/>
  <member type="relation" ref="17250290" role="subarea"/>
  <member type="relation" ref="17250288" role="subarea"/>
  <member type="relation" ref="14286498" role="subarea"/>
  <member type="relation" ref="14391449" role="subarea"/>
  <member type="relation" ref="17250158" role="subarea"/>
  <member type="relation" ref="17250289" role="subarea"/>
  <member type="relation" ref="17250156" role="subarea"/>
  <member type="relation" ref="17250157" role="subarea"/>
  <member type="relation" ref="14289286" role="subarea"/>
  <member type="relation" ref="14286499" role="subarea"/>
  <member type="relation" ref="14391448" role="subarea"/>
  <member type="relation" ref="17241413" role="subarea"/>
  <member type="relation" ref="14391447" role="subarea"/>
  <member type="relation" ref="19280417" role="subarea"/>
  <tag k="boundary" v="historic"/>
  <tag k="end_date" v="2025-06-30"/>
  <tag k="name" v="Thành phố Thanh Hóa"/>
  <tag k="name:be" v="Горад Тханьхаа"/>
  <tag k="name:bg" v="Тхан Хоа"/>
  <tag k="name:en" v="Thanh Hóa"/>
  <tag k="name:fa" v="تان هوا"/>
  <tag k="name:ja" v="タインホア"/>
  <tag k="name:ko" v="타인호아성"/>
  <tag k="name:lt" v="Tanhoa"/>
  <tag k="name:lv" v="Thaņhoa"/>
  <tag k="name:ru" v="Тханьхоа"/>
  <tag k="name:sr" v="Тањ Хоа"/>
  <tag k="name:tg" v="Тан Ноа"/>
  <tag k="name:th" v="ทัญฮว้า"/>
  <tag k="name:uk" v="Тханхоа"/>
  <tag k="name:ur" v="تھان ہوا"/>
  <tag k="name:vi" v="Thành phố Thanh Hóa"/>
  <tag k="name:zh" v="清化市"/>
  <tag k="type" v="boundary"/>
  <tag k="was:admin_level" v="6"/>
  <tag k="was:boundary" v="administrative"/>
  <tag k="wikidata" v="Q36175"/>
  <tag k="wikipedia" v="vi:Thanh Hóa (thành phố)"/>
 </relation>
 <relation id="12115396" visible="true" version="1" changeset="96699059" timestamp="2020-12-31T03:03:57Z" user="Liu Uyên" uid="12413001">
  <member type="node" ref="8276712095" role=""/>
  <tag k="route" v="bicycle"/>
  <tag k="type" v="route"/>
 </relation>
 <relation id="15683339" visible="true" version="495" changeset="180150597" timestamp="2026-03-20T10:06:58Z" user="Heo Tham An" uid="23305067">
  <member type="way" ref="1309570639" role=""/>
  <member type="way" ref="1309570638" role=""/>
  <member type="way" ref="1309570637" role=""/>
  <member type="way" ref="1309552019" role=""/>
  <member type="way" ref="1309552017" role=""/>
  <member type="way" ref="1309552023" role=""/>
  <member type="way" ref="1309552021" role=""/>
  <member type="way" ref="1309552022" role=""/>
  <member type="way" ref="1309552024" role=""/>
  <member type="way" ref="1309552018" role=""/>
  <member type="way" ref="1309552020" role=""/>
  <member type="way" ref="524670317" role=""/>
  <member type="way" ref="816208153" role=""/>
  <member type="way" ref="1155420553" role=""/>
  <member type="way" ref="524670321" role=""/>
  <member type="way" ref="524670313" role=""/>
  <member type="way" ref="524670314" role=""/>
  <member type="way" ref="503893459" role=""/>
  <member type="way" ref="503893458" role=""/>
  <member type="way" ref="1281201647" role=""/>
  <member type="way" ref="1489684624" role=""/>
  <member type="way" ref="157425440" role=""/>
  <member type="way" ref="1167327978" role=""/>
  <member type="way" ref="1159704111" role=""/>
  <member type="way" ref="1159704113" role=""/>
  <member type="way" ref="1159704115" role=""/>
  <member type="way" ref="482621665" role=""/>
  <member type="way" ref="1167327976" role=""/>
  <member type="way" ref="320512167" role=""/>
  <member type="way" ref="1167327972" role=""/>
  <member type="way" ref="1167327973" role=""/>
  <member type="way" ref="1167327966" role=""/>
  <member type="way" ref="1167327965" role=""/>
  <member type="way" ref="909896137" role=""/>
  <member type="way" ref="633582108" role=""/>
  <member type="way" ref="910306311" role=""/>
  <member type="way" ref="910306312" role=""/>
  <member type="way" ref="910306313" role=""/>
  <member type="way" ref="1376935287" role=""/>
  <member type="way" ref="1376935288" role=""/>
  <member type="way" ref="908346260" role=""/>
  <member type="way" ref="908346261" role=""/>
  <member type="way" ref="908347509" role=""/>
  <member type="way" ref="907927417" role=""/>
  <member type="way" ref="320510299" role=""/>
  <member type="way" ref="1190196215" role=""/>
  <member type="way" ref="1167327964" role=""/>
  <member type="way" ref="905280436" role=""/>
  <member type="way" ref="627731000" role=""/>
  <member type="way" ref="905638826" role=""/>
  <member type="way" ref="905638827" role=""/>
  <member type="way" ref="729943100" role=""/>
  <member type="way" ref="1167327959" role=""/>
  <member type="way" ref="729943101" role=""/>
  <member type="way" ref="627730999" role=""/>
  <member type="way" ref="633581880" role=""/>
  <member type="way" ref="1167327958" role=""/>
  <member type="way" ref="1167327957" role=""/>
  <member type="way" ref="908621532" role=""/>
  <member type="way" ref="1167327956" role=""/>
  <member type="way" ref="1167327955" role=""/>
  <member type="way" ref="275585970" role=""/>
  <member type="way" ref="275585969" role=""/>
  <member type="way" ref="51252811" role=""/>
  <member type="way" ref="1115899194" role=""/>
  <member type="way" ref="1160730600" role=""/>
  <member type="way" ref="1115899193" role=""/>
  <member type="way" ref="275585949" role=""/>
  <member type="way" ref="469671785" role=""/>
  <member type="way" ref="469671782" role=""/>
  <member type="way" ref="469671787" role=""/>
  <member type="way" ref="469671784" role=""/>
  <member type="way" ref="1235471320" role=""/>
  <member type="way" ref="275585950" role=""/>
  <member type="way" ref="275585959" role=""/>
  <member type="way" ref="627737837" role=""/>
  <member type="way" ref="627737848" role=""/>
  <member type="way" ref="1235471321" role=""/>
  <member type="way" ref="1318327289" role=""/>
  <member type="way" ref="627744526" role=""/>
  <member type="way" ref="1234560799" role=""/>
  <member type="way" ref="805176582" role=""/>
  <member type="way" ref="941182401" role=""/>
  <member type="way" ref="636815097" role=""/>
  <member type="way" ref="1235471312" role=""/>
  <member type="way" ref="1118183686" role=""/>
  <member type="way" ref="873057531" role=""/>
  <member type="way" ref="729943300" role=""/>
  <member type="way" ref="628673742" role=""/>
  <member type="way" ref="1423914774" role=""/>
  <member type="way" ref="1181053972" role=""/>
  <member type="way" ref="275585937" role=""/>
  <member type="way" ref="1376935289" role=""/>
  <member type="way" ref="1423914775" role=""/>
  <member type="way" ref="1098284146" role=""/>
  <member type="way" ref="1318327290" role=""/>
  <member type="way" ref="1180921180" role=""/>
  <member type="way" ref="37606174" role=""/>
  <member type="way" ref="806896237" role=""/>
  <member type="way" ref="1243361306" role=""/>
  <member type="way" ref="1353987832" role=""/>
  <member type="way" ref="1353987830" role=""/>
  <member type="way" ref="806896238" role=""/>
  <member type="way" ref="1353987828" role=""/>
  <member type="way" ref="1353987826" role=""/>
  <member type="way" ref="1332419325" role=""/>
  <member type="way" ref="1442413680" role=""/>
  <member type="way" ref="449458324" role=""/>
  <member type="way" ref="1297657060" role=""/>
  <member type="way" ref="1362810631" role=""/>
  <member type="way" ref="1362810633" role=""/>
  <member type="way" ref="1362810630" role=""/>
  <member type="way" ref="449458321" role=""/>
  <member type="way" ref="1162485677" role=""/>
  <member type="way" ref="1362810642" role=""/>
  <member type="way" ref="1376935295" role=""/>
  <member type="way" ref="1376935296" role=""/>
  <member type="way" ref="180131819" role=""/>
  <member type="way" ref="1362810647" role=""/>
  <member type="way" ref="1362810646" role=""/>
  <member type="way" ref="1362810645" role=""/>
  <member type="way" ref="1485412240" role=""/>
  <member type="way" ref="1361397030" role=""/>
  <member type="way" ref="1326088862" role=""/>
  <member type="way" ref="1485412239" role=""/>
  <member type="way" ref="1348666458" role=""/>
  <member type="way" ref="28379270" role=""/>
  <member type="way" ref="1163238944" role=""/>
  <member type="way" ref="1136868871" role=""/>
  <member type="way" ref="1227766743" role=""/>
  <member type="way" ref="336485920" role=""/>
  <member type="way" ref="85620799" role=""/>
  <member type="way" ref="1422681918" role=""/>
  <member type="way" ref="85620768" role=""/>
  <member type="way" ref="28379266" role=""/>
  <member type="way" ref="129928715" role=""/>
  <member type="way" ref="125837697" role=""/>
  <member type="way" ref="125837698" role=""/>
  <member type="way" ref="1362810658" role=""/>
  <member type="way" ref="125837699" role=""/>
  <member type="way" ref="874581228" role=""/>
  <member type="way" ref="1433777539" role=""/>
  <member type="way" ref="883672294" role=""/>
  <member type="way" ref="874581229" role=""/>
  <member type="way" ref="1326062348" role=""/>
  <member type="way" ref="1124785542" role=""/>
  <member type="way" ref="1459747352" role=""/>
  <member type="way" ref="858032383" role=""/>
  <member type="way" ref="480686476" role=""/>
  <member type="way" ref="480686477" role=""/>
  <member type="way" ref="703229406" role=""/>
  <member type="way" ref="706479590" role=""/>
  <member type="way" ref="706479589" role=""/>
  <member type="way" ref="106135903" role=""/>
  <member type="way" ref="706803274" role=""/>
  <member type="way" ref="469660048" role=""/>
  <member type="way" ref="615769343" role=""/>
  <member type="way" ref="643248180" role=""/>
  <member type="way" ref="703497528" role=""/>
  <member type="way" ref="704703885" role=""/>
  <member type="way" ref="965717545" role=""/>
  <member type="way" ref="706803272" role=""/>
  <member type="way" ref="601968255" role=""/>
  <member type="way" ref="1347934993" role=""/>
  <member type="way" ref="617329685" role=""/>
  <member type="way" ref="617329684" role=""/>
  <member type="way" ref="1326204792" role=""/>
  <member type="way" ref="705790380" role=""/>
  <member type="way" ref="1002926354" role=""/>
  <member type="way" ref="1002926355" role=""/>
  <member type="way" ref="1002926356" role=""/>
  <member type="way" ref="251790827" role=""/>
  <member type="way" ref="1352274605" role=""/>
  <member type="way" ref="705801772" role=""/>
  <member type="way" ref="705801768" role=""/>
  <member type="way" ref="705801770" role=""/>
  <member type="way" ref="705801765" role=""/>
  <member type="way" ref="1468504519" role=""/>
  <member type="way" ref="503891234" role=""/>
  <member type="way" ref="817491882" role=""/>
  <member type="way" ref="817491881" role=""/>
  <member type="way" ref="944100701" role=""/>
  <member type="way" ref="1239562749" role=""/>
  <member type="way" ref="956489652" role=""/>
  <member type="way" ref="817492126" role=""/>
  <member type="way" ref="1264729486" role=""/>
  <member type="way" ref="37371463" role=""/>
  <member type="way" ref="1240365572" role=""/>
  <member type="way" ref="37371464" role=""/>
  <member type="way" ref="817484211" role=""/>
  <member type="way" ref="601421678" role=""/>
  <member type="way" ref="601421677" role=""/>
  <member type="way" ref="1346588895" role=""/>
  <member type="way" ref="956690105" role=""/>
  <member type="way" ref="1304254912" role=""/>
  <member type="way" ref="1160164336" role=""/>
  <member type="way" ref="1160164340" role=""/>
  <member type="way" ref="1160164339" role=""/>
  <member type="way" ref="599221461" role=""/>
  <member type="way" ref="976037652" role=""/>
  <member type="way" ref="1241683318" role=""/>
  <member type="way" ref="599221460" role=""/>
  <member type="way" ref="1241275769" role=""/>
  <member type="way" ref="1241275768" role=""/>
  <member type="way" ref="1241275767" role=""/>
  <member type="way" ref="37371695" role=""/>
  <member type="way" ref="1256457626" role=""/>
  <member type="way" ref="975167784" role=""/>
  <member type="way" ref="1242250707" role=""/>
  <member type="way" ref="821695105" role=""/>
  <member type="way" ref="975167785" role=""/>
  <member type="way" ref="1242250708" role=""/>
  <member type="way" ref="821695107" role=""/>
  <member type="way" ref="1160164346" role=""/>
  <member type="way" ref="1160164343" role=""/>
  <member type="way" ref="435317445" role=""/>
  <member type="way" ref="975167787" role=""/>
  <member type="way" ref="834593647" role=""/>
  <member type="way" ref="964873392" role=""/>
  <member type="way" ref="223803812" role=""/>
  <member type="way" ref="223803810" role=""/>
  <member type="way" ref="1241911704" role=""/>
  <member type="way" ref="1047161107" role=""/>
  <member type="way" ref="1182205261" role=""/>
  <member type="way" ref="1182205267" role=""/>
  <member type="way" ref="1182205266" role=""/>
  <member type="way" ref="1182205269" role=""/>
  <member type="way" ref="1377578138" role=""/>
  <member type="way" ref="1348457981" role=""/>
  <member type="way" ref="1326204703" role=""/>
  <member type="way" ref="321872767" role=""/>
  <member type="way" ref="1359595558" role=""/>
  <member type="way" ref="1377578140" role=""/>
  <member type="way" ref="1377578142" role=""/>
  <member type="way" ref="1330580733" role=""/>
  <member type="way" ref="1011954975" role=""/>
  <member type="way" ref="1377578153" role=""/>
  <member type="way" ref="1360030730" role=""/>
  <member type="way" ref="321872768" role=""/>
  <member type="way" ref="628377684" role=""/>
  <member type="way" ref="1377578158" role=""/>
  <member type="way" ref="1377578162" role=""/>
  <member type="way" ref="1377578161" role=""/>
  <member type="way" ref="1420705464" role=""/>
  <member type="way" ref="1377578163" role=""/>
  <member type="way" ref="1420705463" role=""/>
  <member type="way" ref="1377578157" role=""/>
  <member type="way" ref="321872749" role=""/>
  <member type="way" ref="321872742" role=""/>
  <member type="way" ref="1360030727" role=""/>
  <member type="way" ref="1377578152" role=""/>
  <member type="way" ref="1011954976" role=""/>
  <member type="way" ref="1330580732" role=""/>
  <member type="way" ref="1377578141" role=""/>
  <member type="way" ref="1377578139" role=""/>
  <member type="way" ref="1047161106" role=""/>
  <member type="way" ref="631148502" role=""/>
  <member type="way" ref="1182205264" role=""/>
  <member type="way" ref="1182205270" role=""/>
  <member type="way" ref="1182205265" role=""/>
  <member type="way" ref="1377578137" role=""/>
  <member type="way" ref="1326204692" role=""/>
  <member type="way" ref="1241911703" role=""/>
  <member type="way" ref="631148499" role=""/>
  <member type="way" ref="631147763" role=""/>
  <member type="way" ref="167101302" role=""/>
  <member type="way" ref="631147739" role=""/>
  <member type="way" ref="631147766" role=""/>
  <member type="way" ref="123740392" role=""/>
  <member type="way" ref="1118183687" role=""/>
  <member type="way" ref="1160150961" role=""/>
  <member type="way" ref="729943299" role=""/>
  <member type="way" ref="1098284144" role=""/>
  <member type="way" ref="1423845444" role=""/>
  <member type="way" ref="1353710072" role=""/>
  <member type="way" ref="1423845443" role=""/>
  <member type="way" ref="1318327294" role=""/>
  <member type="way" ref="1180921178" role=""/>
  <member type="way" ref="1075634580" role=""/>
  <member type="way" ref="1075634582" role=""/>
  <member type="way" ref="1075634581" role=""/>
  <member type="way" ref="705801766" role=""/>
  <member type="way" ref="1468504518" role=""/>
  <member type="way" ref="10236954" role=""/>
  <member type="way" ref="518534337" role=""/>
  <member type="way" ref="1002926352" role=""/>
  <member type="way" ref="1002926353" role=""/>
  <member type="way" ref="707849273" role=""/>
  <member type="way" ref="1326204767" role=""/>
  <member type="way" ref="705793159" role=""/>
  <member type="way" ref="617329683" role=""/>
  <member type="way" ref="617329682" role=""/>
  <member type="way" ref="251790826" role=""/>
  <member type="way" ref="708968978" role=""/>
  <member type="way" ref="703498352" role=""/>
  <member type="way" ref="703497526" role=""/>
  <member type="way" ref="1240471400" role=""/>
  <member type="way" ref="643248181" role=""/>
  <member type="way" ref="708951604" role=""/>
  <member type="way" ref="615769347" role=""/>
  <member type="way" ref="703166764" role=""/>
  <member type="way" ref="703166765" role=""/>
  <member type="way" ref="1459747357" role=""/>
  <member type="way" ref="1134824196" role=""/>
  <member type="way" ref="1197260287" role=""/>
  <member type="way" ref="1324973321" role=""/>
  <member type="way" ref="858032386" role=""/>
  <member type="way" ref="1459747353" role=""/>
  <member type="way" ref="1459747351" role=""/>
  <member type="way" ref="1124785544" role=""/>
  <member type="way" ref="1009060046" role=""/>
  <member type="way" ref="881946997" role=""/>
  <member type="way" ref="883672296" role=""/>
  <member type="way" ref="1433777538" role=""/>
  <member type="way" ref="125837433" role=""/>
  <member type="way" ref="125837701" role=""/>
  <member type="way" ref="125837700" role=""/>
  <member type="way" ref="1176275150" role=""/>
  <member type="way" ref="125837696" role=""/>
  <member type="way" ref="129928707" role=""/>
  <member type="way" ref="125838214" role=""/>
  <member type="way" ref="894916675" role=""/>
  <member type="way" ref="62343779" role=""/>
  <member type="way" ref="1422681917" role=""/>
  <member type="way" ref="336489144" role=""/>
  <member type="way" ref="336489148" role=""/>
  <member type="way" ref="1362810649" role=""/>
  <member type="way" ref="882328397" role=""/>
  <member type="way" ref="1303530041" role=""/>
  <member type="way" ref="1485412241" role=""/>
  <member type="way" ref="1330192138" role=""/>
  <member type="way" ref="1485412243" role=""/>
  <member type="way" ref="1485412242" role=""/>
  <member type="way" ref="1362810643" role=""/>
  <member type="way" ref="1362810644" role=""/>
  <member type="way" ref="1362810648" role=""/>
  <member type="way" ref="28379483" role=""/>
  <member type="way" ref="1376935294" role=""/>
  <member type="way" ref="1376935293" role=""/>
  <member type="way" ref="1362810641" role=""/>
  <member type="way" ref="1362810640" role=""/>
  <member type="way" ref="1362810635" role=""/>
  <member type="way" ref="1362810634" role=""/>
  <member type="way" ref="449458322" role=""/>
  <member type="way" ref="1162485675" role=""/>
  <member type="way" ref="1362810632" role=""/>
  <member type="way" ref="1362810629" role=""/>
  <member type="way" ref="449458323" role=""/>
  <member type="way" ref="1297657064" role=""/>
  <member type="way" ref="1431234362" role=""/>
  <member type="way" ref="1353987825" role=""/>
  <member type="way" ref="1353987827" role=""/>
  <member type="way" ref="1353987829" role=""/>
  <member type="way" ref="180131818" role=""/>
  <member type="way" ref="1353987831" role=""/>
  <member type="way" ref="1353987833" role=""/>
  <member type="way" ref="705808093" role=""/>
  <member type="way" ref="705808095" role=""/>
  <member type="way" ref="817491884" role=""/>
  <member type="way" ref="944100702" role=""/>
  <member type="way" ref="944100703" role=""/>
  <member type="way" ref="956129604" role=""/>
  <member type="way" ref="503891233" role=""/>
  <member type="way" ref="37371465" role=""/>
  <member type="way" ref="1240355965" role=""/>
  <member type="way" ref="817484210" role=""/>
  <member type="way" ref="1181095169" role=""/>
  <member type="way" ref="37371467" role=""/>
  <member type="way" ref="1298100816" role=""/>
  <member type="way" ref="1346588894" role=""/>
  <member type="way" ref="772700725" role=""/>
  <member type="way" ref="1304254913" role=""/>
  <member type="way" ref="1160164335" role=""/>
  <member type="way" ref="1160164341" role=""/>
  <member type="way" ref="1160164342" role=""/>
  <member type="way" ref="751292792" role=""/>
  <member type="way" ref="751292794" role=""/>
  <member type="way" ref="842064121" role=""/>
  <member type="way" ref="842064122" role=""/>
  <member type="way" ref="1377862165" role=""/>
  <member type="way" ref="1377862168" role=""/>
  <member type="way" ref="821768298" role=""/>
  <member type="way" ref="1183571978" role=""/>
  <member type="way" ref="630410357" role=""/>
  <member type="way" ref="975167786" role=""/>
  <member type="way" ref="1160164344" role=""/>
  <member type="way" ref="748619649" role=""/>
  <member type="way" ref="748619650" role=""/>
  <member type="way" ref="793330956" role=""/>
  <member type="way" ref="793330954" role=""/>
  <member type="way" ref="793330953" role=""/>
  <member type="way" ref="793330940" role=""/>
  <member type="way" ref="793330951" role=""/>
  <member type="way" ref="793330952" role=""/>
  <member type="way" ref="793330955" role=""/>
  <member type="way" ref="793330944" role=""/>
  <member type="way" ref="793330941" role=""/>
  <member type="way" ref="793330945" role=""/>
  <member type="way" ref="793330948" role=""/>
  <member type="way" ref="793330950" role=""/>
  <member type="way" ref="558034129" role=""/>
  <member type="way" ref="793330947" role=""/>
  <member type="way" ref="793330946" role=""/>
  <member type="way" ref="793330942" role=""/>
  <member type="way" ref="793330943" role=""/>
  <member type="way" ref="793330939" role=""/>
  <member type="way" ref="793330938" role=""/>
  <member type="way" ref="665998321" role=""/>
  <member type="way" ref="665998322" role=""/>
  <member type="way" ref="537517237" role=""/>
  <member type="way" ref="537517233" role=""/>
  <member type="way" ref="1261373408" role=""/>
  <member type="way" ref="537517231" role=""/>
  <member type="way" ref="537517229" role=""/>
  <member type="way" ref="537517221" role=""/>
  <member type="way" ref="156084468" role=""/>
  <member type="way" ref="537517224" role=""/>
  <member type="way" ref="537517225" role=""/>
  <member type="way" ref="1105978793" role=""/>
  <member type="way" ref="537517228" role=""/>
  <member type="way" ref="1057862472" role=""/>
  <member type="way" ref="537517147" role=""/>
  <member type="way" ref="1125121859" role=""/>
  <member type="way" ref="1450020468" role=""/>
  <member type="way" ref="1450020467" role=""/>
  <member type="way" ref="61492928" role=""/>
  <member type="way" ref="1447413578" role=""/>
  <member type="way" ref="1447413577" role=""/>
  <member type="way" ref="965431678" role=""/>
  <member type="way" ref="965431679" role=""/>
  <member type="way" ref="965436275" role=""/>
  <member type="way" ref="1145599142" role=""/>
  <member type="way" ref="965436276" role=""/>
  <member type="way" ref="965436266" role=""/>
  <member type="way" ref="965436267" role=""/>
  <member type="way" ref="1181766406" role=""/>
  <member type="way" ref="1181766407" role=""/>
  <member type="way" ref="1099775469" role=""/>
  <member type="way" ref="993394789" role=""/>
  <member type="way" ref="993394790" role=""/>
  <member type="way" ref="993394791" role=""/>
  <member type="way" ref="993394792" role=""/>
  <member type="way" ref="1099775486" role=""/>
  <member type="way" ref="993394798" role=""/>
  <member type="way" ref="993394797" role=""/>
  <member type="way" ref="1145619736" role=""/>
  <member type="way" ref="993394805" role=""/>
  <member type="way" ref="993394806" role=""/>
  <member type="way" ref="993394809" role=""/>
  <member type="way" ref="1145619739" role=""/>
  <member type="way" ref="1145619740" role=""/>
  <member type="way" ref="1145619743" role=""/>
  <member type="way" ref="993394808" role=""/>
  <member type="way" ref="1183845329" role=""/>
  <member type="way" ref="1183845011" role=""/>
  <member type="way" ref="1183845012" role=""/>
  <member type="way" ref="1183845328" role=""/>
  <member type="way" ref="1117722881" role=""/>
  <member type="way" ref="993394816" role=""/>
  <member type="way" ref="478122739" role=""/>
  <member type="way" ref="478122738" role=""/>
  <member type="way" ref="1117722882" role=""/>
  <member type="way" ref="1023940082" role=""/>
  <member type="way" ref="1023940083" role=""/>
  <member type="way" ref="1023940088" role=""/>
  <member type="way" ref="1023940089" role=""/>
  <member type="way" ref="478314049" role=""/>
  <member type="way" ref="1337614491" role=""/>
  <member type="way" ref="1337614490" role=""/>
  <member type="way" ref="1023940079" role=""/>
  <member type="way" ref="1023940080" role=""/>
  <member type="way" ref="1002174002" role=""/>
  <member type="way" ref="1002174001" role=""/>
  <member type="way" ref="1002174000" role=""/>
  <member type="way" ref="1002173999" role=""/>
  <member type="way" ref="1002173998" role=""/>
  <member type="way" ref="1002173997" role=""/>
  <member type="way" ref="1209823126" role=""/>
  <member type="way" ref="868995466" role=""/>
  <member type="way" ref="934251952" role=""/>
  <member type="way" ref="478314047" role=""/>
  <member type="way" ref="1132213653" role=""/>
  <member type="way" ref="934251953" role=""/>
  <member type="way" ref="1132213650" role=""/>
  <member type="way" ref="260633589" role=""/>
  <member type="way" ref="1160204656" role=""/>
  <member type="way" ref="1160204655" role=""/>
  <member type="way" ref="1306992223" role=""/>
  <member type="way" ref="1306992225" role=""/>
  <member type="way" ref="427764850" role=""/>
  <member type="way" ref="428480351" role=""/>
  <member type="way" ref="428480357" role=""/>
  <member type="way" ref="427764847" role=""/>
  <member type="way" ref="427764848" role=""/>
  <member type="way" ref="427764846" role=""/>
  <member type="way" ref="427764852" role=""/>
  <member type="way" ref="427764845" role=""/>
  <member type="way" ref="427764844" role=""/>
  <member type="way" ref="934247290" role=""/>
  <member type="way" ref="1275737045" role=""/>
  <member type="way" ref="934247292" role=""/>
  <member type="way" ref="427764849" role=""/>
  <member type="way" ref="208938041" role=""/>
  <member type="way" ref="1306732979" role=""/>
  <member type="way" ref="427764851" role=""/>
  <member type="way" ref="426084592" role=""/>
  <member type="way" ref="426084594" role=""/>
  <member type="way" ref="426084593" role=""/>
  <member type="way" ref="428165567" role=""/>
  <member type="way" ref="428165571" role=""/>
  <member type="way" ref="428165566" role=""/>
  <member type="way" ref="428165570" role=""/>
  <member type="way" ref="885788772" role=""/>
  <member type="way" ref="885788771" role=""/>
  <member type="way" ref="428165563" role=""/>
  <member type="way" ref="639537848" role=""/>
  <member type="way" ref="639537849" role=""/>
  <member type="way" ref="639537855" role=""/>
  <member type="way" ref="964953840" role=""/>
  <member type="way" ref="639537858" role=""/>
  <member type="way" ref="1313046907" role=""/>
  <member type="way" ref="860576899" role=""/>
  <member type="way" ref="1160204657" role=""/>
  <member type="way" ref="631360514" role=""/>
  <member type="way" ref="631360518" role=""/>
  <member type="way" ref="631360531" role=""/>
  <member type="way" ref="631360528" role=""/>
  <member type="way" ref="367402976" role=""/>
  <member type="way" ref="902582284" role=""/>
  <member type="way" ref="1320017673" role=""/>
  <member type="way" ref="367402982" role=""/>
  <member type="way" ref="1320017675" role=""/>
  <member type="way" ref="715426595" role=""/>
  <member type="way" ref="1307648009" role=""/>
  <member type="way" ref="1307648006" role=""/>
  <member type="way" ref="1307648008" role=""/>
  <member type="way" ref="1282093041" role=""/>
  <member type="way" ref="429517040" role=""/>
  <member type="way" ref="429517028" role=""/>
  <member type="way" ref="1227299544" role=""/>
  <member type="way" ref="1227299541" role=""/>
  <member type="way" ref="429829034" role=""/>
  <member type="way" ref="429829036" role=""/>
  <member type="way" ref="585675653" role=""/>
  <member type="way" ref="715421648" role=""/>
  <member type="way" ref="1227299542" role=""/>
  <member type="way" ref="1227299543" role=""/>
  <member type="way" ref="715426593" role=""/>
  <member type="way" ref="715426594" role=""/>
  <member type="way" ref="1282093042" role=""/>
  <member type="way" ref="715426596" role=""/>
  <member type="way" ref="52664475" role=""/>
  <member type="way" ref="52737698" role=""/>
  <member type="way" ref="1307648007" role=""/>
  <member type="way" ref="715426598" role=""/>
  <member type="way" ref="715426599" role=""/>
  <member type="way" ref="715426601" role=""/>
  <member type="way" ref="296422011" role=""/>
  <member type="way" ref="429829035" role=""/>
  <member type="way" ref="311683980" role=""/>
  <member type="way" ref="1282093040" role=""/>
  <member type="way" ref="311683982" role=""/>
  <member type="way" ref="52649675" role=""/>
  <member type="way" ref="715436575" role=""/>
  <member type="way" ref="296422014" role=""/>
  <member type="way" ref="296422003" role=""/>
  <member type="way" ref="296422008" role=""/>
  <member type="way" ref="1161369643" role=""/>
  <member type="way" ref="81206716" role=""/>
  <member type="way" ref="81206721" role=""/>
  <member type="way" ref="81206736" role=""/>
  <member type="way" ref="81206670" role=""/>
  <member type="way" ref="81232833" role=""/>
  <member type="way" ref="1320017676" role=""/>
  <member type="way" ref="955315835" role=""/>
  <member type="way" ref="1320017674" role=""/>
  <member type="way" ref="955315834" role=""/>
  <member type="way" ref="955315833" role=""/>
  <member type="way" ref="955319866" role=""/>
  <member type="way" ref="955319865" role=""/>
  <member type="way" ref="907241981" role=""/>
  <member type="way" ref="907241984" role=""/>
  <member type="way" ref="1306992224" role=""/>
  <member type="way" ref="1132213674" role=""/>
  <member type="way" ref="156084447" role=""/>
  <member type="way" ref="1447413581" role=""/>
  <member type="way" ref="1447413580" role=""/>
  <member type="way" ref="477913071" role=""/>
  <member type="way" ref="833772151" role=""/>
  <member type="way" ref="1254749626" role=""/>
  <member type="way" ref="1254749624" role=""/>
  <member type="way" ref="477913072" role=""/>
  <member type="way" ref="638976612" role=""/>
  <member type="way" ref="638976613" role=""/>
  <member type="way" ref="368004529" role=""/>
  <member type="way" ref="367402966" role=""/>
  <member type="way" ref="793330933" role=""/>
  <member type="way" ref="793330934" role=""/>
  <member type="way" ref="793330931" role=""/>
  <member type="way" ref="965717537" role=""/>
  <member type="way" ref="934144599" role=""/>
  <member type="way" ref="1075044810" role=""/>
  <member type="way" ref="992719532" role=""/>
  <member type="way" ref="992719531" role=""/>
  <member type="way" ref="474466648" role=""/>
  <member type="way" ref="1347546872" role=""/>
  <member type="way" ref="1347546873" role=""/>
  <member type="way" ref="992590891" role=""/>
  <member type="way" ref="993606945" role=""/>
  <member type="way" ref="993606946" role=""/>
  <member type="way" ref="992590890" role=""/>
  <member type="way" ref="1306550401" role=""/>
  <member type="way" ref="992590888" role=""/>
  <member type="way" ref="1306550399" role=""/>
  <member type="way" ref="992590874" role=""/>
  <member type="way" ref="992590872" role=""/>
  <member type="way" ref="992590870" role=""/>
  <member type="way" ref="992590869" role=""/>
  <member type="way" ref="991970346" role=""/>
  <member type="way" ref="1218677449" role=""/>
  <member type="way" ref="1218677447" role=""/>
  <member type="way" ref="991970345" role=""/>
  <member type="way" ref="991970344" role=""/>
  <member type="way" ref="991970343" role=""/>
  <member type="way" ref="934129949" role=""/>
  <member type="way" ref="1389884990" role=""/>
  <member type="way" ref="934129951" role=""/>
  <member type="way" ref="944457690" role=""/>
  <member type="way" ref="1010526557" role=""/>
  <member type="way" ref="537517250" role=""/>
  <member type="way" ref="537517247" role=""/>
  <member type="way" ref="537517253" role=""/>
  <member type="way" ref="537517244" role=""/>
  <member type="way" ref="537517242" role=""/>
  <member type="way" ref="1254749627" role=""/>
  <member type="way" ref="52597405" role=""/>
  <member type="way" ref="537517271" role=""/>
  <member type="way" ref="1389884995" role=""/>
  <member type="way" ref="537517270" role=""/>
  <member type="way" ref="156084451" role=""/>
  <member type="way" ref="704155815" role=""/>
  <member type="way" ref="156084422" role=""/>
  <member type="way" ref="537517177" role=""/>
  <member type="way" ref="966430384" role=""/>
  <member type="way" ref="749598069" role=""/>
  <member type="way" ref="749598067" role=""/>
  <member type="way" ref="213431957" role=""/>
  <member type="way" ref="213431958" role=""/>
  <member type="way" ref="966430392" role=""/>
  <member type="way" ref="86839172" role=""/>
  <member type="way" ref="86839182" role=""/>
  <member type="way" ref="86934693" role=""/>
  <member type="way" ref="1373632087" role=""/>
  <member type="way" ref="1373632085" role=""/>
  <member type="way" ref="1079064061" role=""/>
  <member type="way" ref="1079053675" role=""/>
  <member type="way" ref="86934707" role=""/>
  <member type="way" ref="319395922" role=""/>
  <member type="way" ref="1350745416" role=""/>
  <member type="way" ref="631360510" role=""/>
  <member type="way" ref="907241986" role=""/>
  <member type="way" ref="563474850" role=""/>
  <member type="way" ref="563474848" role=""/>
  <member type="way" ref="478549257" role=""/>
  <member type="way" ref="478549271" role=""/>
  <member type="way" ref="638995932" role=""/>
  <member type="way" ref="1160204663" role=""/>
  <member type="way" ref="1160204660" role=""/>
  <member type="way" ref="478636061" role=""/>
  <member type="way" ref="1307048977" role=""/>
  <member type="way" ref="854094724" role=""/>
  <member type="way" ref="1307048976" role=""/>
  <member type="way" ref="631360524" role=""/>
  <member type="way" ref="631360527" role=""/>
  <member type="way" ref="907241990" role=""/>
  <member type="way" ref="907241991" role=""/>
  <member type="way" ref="367402965" role=""/>
  <member type="way" ref="367403019" role=""/>
  <member type="way" ref="907468916" role=""/>
  <member type="way" ref="907468913" role=""/>
  <member type="way" ref="907468912" role=""/>
  <member type="way" ref="907468915" role=""/>
  <member type="way" ref="934144598" role=""/>
  <member type="way" ref="821838690" role=""/>
  <member type="way" ref="821838689" role=""/>
  <member type="way" ref="793330960" role=""/>
  <member type="way" ref="637376860" role=""/>
  <member type="way" ref="175162309" role=""/>
  <member type="way" ref="821778539" role=""/>
  <member type="way" ref="821778536" role=""/>
  <member type="way" ref="1080255681" role=""/>
  <member type="way" ref="236982613" role=""/>
  <member type="way" ref="1411094526" role=""/>
  <member type="way" ref="80351451" role=""/>
  <member type="way" ref="1411094527" role=""/>
  <member type="way" ref="1047605030" role=""/>
  <member type="way" ref="748619647" role=""/>
  <member type="way" ref="1080255654" role=""/>
  <member type="way" ref="1047605034" role=""/>
  <member type="way" ref="727036981" role=""/>
  <member type="way" ref="1160179147" role=""/>
  <member type="way" ref="727036978" role=""/>
  <member type="way" ref="727036956" role=""/>
  <member type="way" ref="727036950" role=""/>
  <member type="way" ref="727036949" role=""/>
  <member type="way" ref="1067841477" role=""/>
  <member type="way" ref="322107909" role=""/>
  <member type="way" ref="1377578174" role=""/>
  <member type="way" ref="322107914" role=""/>
  <member type="way" ref="481822471" role=""/>
  <member type="way" ref="637353717" role=""/>
  <member type="way" ref="126858704" role=""/>
  <member type="way" ref="631391490" role=""/>
  <member type="way" ref="28369851" role=""/>
  <member type="way" ref="727036977" role=""/>
  <member type="way" ref="28369853" role=""/>
  <member type="way" ref="727036982" role=""/>
  <member type="way" ref="1047605035" role=""/>
  <member type="way" ref="1080255651" role=""/>
  <member type="way" ref="748619645" role=""/>
  <member type="way" ref="1047605029" role=""/>
  <member type="way" ref="1411094541" role=""/>
  <member type="way" ref="236981068" role=""/>
  <member type="way" ref="237370573" role=""/>
  <member type="way" ref="1080255682" role=""/>
  <member type="way" ref="237068454" role=""/>
  <member type="way" ref="908659290" role=""/>
  <member type="way" ref="934254983" role=""/>
  <member type="way" ref="934254985" role=""/>
  <member type="way" ref="934254986" role=""/>
  <member type="way" ref="934254987" role=""/>
  <member type="way" ref="934254989" role=""/>
  <member type="way" ref="965717536" role=""/>
  <member type="way" ref="934144597" role=""/>
  <member type="way" ref="1075044809" role=""/>
  <member type="way" ref="647206975" role=""/>
  <member type="way" ref="647206972" role=""/>
  <member type="way" ref="474466676" role=""/>
  <member type="way" ref="243277437" role=""/>
  <member type="way" ref="637431580" role=""/>
  <member type="way" ref="1054292140" role=""/>
  <member type="way" ref="1054292139" role=""/>
  <member type="way" ref="954880628" role=""/>
  <member type="way" ref="1306550402" role=""/>
  <member type="way" ref="978490946" role=""/>
  <member type="way" ref="1306550398" role=""/>
  <member type="way" ref="1021845932" role=""/>
  <member type="way" ref="992590871" role=""/>
  <member type="way" ref="992590873" role=""/>
  <member type="way" ref="647681839" role=""/>
  <member type="way" ref="52597371" role=""/>
  <member type="way" ref="1218677448" role=""/>
  <member type="way" ref="1218677446" role=""/>
  <member type="way" ref="52597358" role=""/>
  <member type="way" ref="631391487" role=""/>
  <member type="way" ref="631391482" role=""/>
  <member type="way" ref="637681867" role=""/>
  <member type="way" ref="965431683" role=""/>
  <member type="way" ref="537517180" role=""/>
  <member type="way" ref="537517184" role=""/>
  <member type="way" ref="537517185" role=""/>
  <member type="way" ref="537517190" role=""/>
  <member type="way" ref="497039683" role=""/>
  <member type="way" ref="1010526556" role=""/>
  <member type="way" ref="1414833315" role=""/>
  <member type="way" ref="537517208" role=""/>
  <member type="way" ref="1390307058" role=""/>
  <member type="way" ref="243285297" role=""/>
  <member type="way" ref="966430385" role=""/>
  <member type="way" ref="1227077301" role=""/>
  <member type="way" ref="1227077302" role=""/>
  <member type="way" ref="1177192471" role=""/>
  <member type="way" ref="213395317" role=""/>
  <member type="way" ref="210992721" role=""/>
  <member type="way" ref="1381212052" role=""/>
  <member type="way" ref="402841326" role=""/>
  <member type="way" ref="907634266" role=""/>
  <member type="way" ref="907634268" role=""/>
  <member type="way" ref="907634265" role=""/>
  <member type="way" ref="907634263" role=""/>
  <member type="way" ref="907634264" role=""/>
  <member type="way" ref="907634267" role=""/>
  <member type="way" ref="705594020" role=""/>
  <member type="way" ref="695041114" role=""/>
  <member type="way" ref="1132213651" role=""/>
  <member type="way" ref="1132213652" role=""/>
  <member type="way" ref="934251955" role=""/>
  <member type="way" ref="934251954" role=""/>
  <member type="way" ref="934251956" role=""/>
  <member type="way" ref="478314048" role=""/>
  <member type="way" ref="1209823125" role=""/>
  <member type="way" ref="329603898" role=""/>
  <member type="way" ref="329603899" role=""/>
  <member type="way" ref="329604651" role=""/>
  <member type="way" ref="329604652" role=""/>
  <member type="way" ref="478314045" role=""/>
  <member type="way" ref="478314044" role=""/>
  <member type="way" ref="478314046" role=""/>
  <member type="way" ref="1023940081" role=""/>
  <member type="way" ref="1337614492" role=""/>
  <member type="way" ref="1337614493" role=""/>
  <member type="way" ref="1023940084" role=""/>
  <member type="way" ref="1023940091" role=""/>
  <member type="way" ref="1023940090" role=""/>
  <member type="way" ref="318670390" role=""/>
  <member type="way" ref="1160433402" role=""/>
  <member type="way" ref="1160433400" role=""/>
  <member type="way" ref="1160433380" role=""/>
  <member type="way" ref="1160433379" role=""/>
  <member type="way" ref="1160433378" role=""/>
  <member type="way" ref="1160433370" role=""/>
  <member type="way" ref="1160433371" role=""/>
  <member type="way" ref="1235461592" role=""/>
  <member type="way" ref="88171515" role=""/>
  <member type="way" ref="1061353039" role=""/>
  <member type="way" ref="1061353038" role=""/>
  <member type="way" ref="1061353037" role=""/>
  <member type="way" ref="1061267147" role=""/>
  <member type="way" ref="1061267146" role=""/>
  <member type="way" ref="1061267144" role=""/>
  <member type="way" ref="1061267145" role=""/>
  <member type="way" ref="1061267141" role=""/>
  <member type="way" ref="1061267140" role=""/>
  <member type="way" ref="1061267139" role=""/>
  <member type="way" ref="1061267138" role=""/>
  <member type="way" ref="88171525" role=""/>
  <member type="way" ref="88171467" role=""/>
  <member type="way" ref="88171489" role=""/>
  <member type="way" ref="35976616" role=""/>
  <member type="way" ref="87834795" role=""/>
  <member type="way" ref="87834850" role=""/>
  <member type="way" ref="718069922" role=""/>
  <member type="way" ref="1368989672" role=""/>
  <member type="way" ref="1148763627" role=""/>
  <member type="way" ref="718069940" role=""/>
  <member type="way" ref="87834831" role=""/>
  <member type="way" ref="1147623730" role=""/>
  <member type="way" ref="718097637" role=""/>
  <member type="way" ref="1147623732" role=""/>
  <member type="way" ref="87834860" role=""/>
  <member type="way" ref="48852676" role=""/>
  <member type="way" ref="87834801" role=""/>
  <member type="way" ref="718100368" role=""/>
  <member type="way" ref="87834866" role=""/>
  <member type="way" ref="87834805" role=""/>
  <member type="way" ref="87834815" role=""/>
  <member type="way" ref="1369809971" role=""/>
  <member type="way" ref="87834798" role=""/>
  <member type="way" ref="87834864" role=""/>
  <member type="way" ref="87834828" role=""/>
  <member type="way" ref="35976617" role=""/>
  <member type="way" ref="87834807" role=""/>
  <member type="way" ref="87834840" role=""/>
  <member type="way" ref="718128265" role=""/>
  <member type="way" ref="718128275" role=""/>
  <member type="way" ref="718128276" role=""/>
  <member type="way" ref="718128278" role=""/>
  <member type="way" ref="718131949" role=""/>
  <member type="way" ref="1147550137" role=""/>
  <member type="way" ref="1147550154" role=""/>
  <member type="way" ref="1147550151" role=""/>
  <member type="way" ref="1147550147" role=""/>
  <member type="way" ref="718131952" role=""/>
  <member type="way" ref="718131958" role=""/>
  <member type="way" ref="718131961" role=""/>
  <member type="way" ref="718131969" role=""/>
  <member type="way" ref="718131970" role=""/>
  <member type="way" ref="718133138" role=""/>
  <member type="way" ref="718133139" role=""/>
  <member type="way" ref="718133146" role=""/>
  <member type="way" ref="718133151" role=""/>
  <member type="way" ref="718329800" role=""/>
  <member type="way" ref="718329809" role=""/>
  <member type="way" ref="718329818" role=""/>
  <member type="way" ref="718329824" role=""/>
  <member type="way" ref="718329816" role=""/>
  <member type="way" ref="718329807" role=""/>
  <member type="way" ref="718133157" role=""/>
  <member type="way" ref="87628807" role=""/>
  <member type="way" ref="718133140" role=""/>
  <member type="way" ref="718133137" role=""/>
  <member type="way" ref="718133136" role=""/>
  <member type="way" ref="479124626" role=""/>
  <member type="way" ref="87628847" role=""/>
  <member type="way" ref="718131956" role=""/>
  <member type="way" ref="718131957" role=""/>
  <member type="way" ref="1147550146" role=""/>
  <member type="way" ref="1147550152" role=""/>
  <member type="way" ref="1147550153" role=""/>
  <member type="way" ref="1147550136" role=""/>
  <member type="way" ref="87628813" role=""/>
  <member type="way" ref="87628789" role=""/>
  <member type="way" ref="87628833" role=""/>
  <member type="way" ref="87628866" role=""/>
  <member type="way" ref="718128270" role=""/>
  <member type="way" ref="318668805" role=""/>
  <member type="way" ref="318668799" role=""/>
  <member type="way" ref="718114138" role=""/>
  <member type="way" ref="318668800" role=""/>
  <member type="way" ref="318668803" role=""/>
  <member type="way" ref="479251140" role=""/>
  <member type="way" ref="718100381" role=""/>
  <member type="way" ref="1369809970" role=""/>
  <member type="way" ref="718100375" role=""/>
  <member type="way" ref="718100374" role=""/>
  <member type="way" ref="718100373" role=""/>
  <member type="way" ref="718097643" role=""/>
  <member type="way" ref="718097642" role=""/>
  <member type="way" ref="718097640" role=""/>
  <member type="way" ref="1147623733" role=""/>
  <member type="way" ref="87834802" role=""/>
  <member type="way" ref="1147623731" role=""/>
  <member type="way" ref="718097635" role=""/>
  <member type="way" ref="718097626" role=""/>
  <member type="way" ref="718069923" role=""/>
  <member type="way" ref="1368989673" role=""/>
  <member type="way" ref="718069920" role=""/>
  <member type="way" ref="718069917" role=""/>
  <member type="way" ref="907675923" role=""/>
  <member type="way" ref="907675924" role=""/>
  <member type="way" ref="907675925" role=""/>
  <member type="way" ref="88171472" role=""/>
  <member type="way" ref="88171477" role=""/>
  <member type="way" ref="88171496" role=""/>
  <member type="way" ref="88171458" role=""/>
  <member type="way" ref="88171465" role=""/>
  <member type="way" ref="1061267142" role=""/>
  <member type="way" ref="1061267143" role=""/>
  <member type="way" ref="88171487" role=""/>
  <member type="way" ref="88171424" role=""/>
  <member type="way" ref="88171493" role=""/>
  <member type="way" ref="88171432" role=""/>
  <member type="way" ref="88171532" role=""/>
  <member type="way" ref="88171463" role=""/>
  <member type="way" ref="88171481" role=""/>
  <member type="way" ref="1235461593" role=""/>
  <member type="way" ref="1160433373" role=""/>
  <member type="way" ref="1160433372" role=""/>
  <member type="way" ref="1160433376" role=""/>
  <member type="way" ref="1160433381" role=""/>
  <member type="way" ref="1160433382" role=""/>
  <member type="way" ref="1160433399" role=""/>
  <member type="way" ref="1160433403" role=""/>
  <member type="way" ref="1160433401" role=""/>
  <member type="way" ref="318670387" role=""/>
  <member type="way" ref="1110315251" role=""/>
  <member type="way" ref="1110315248" role=""/>
  <member type="way" ref="693423791" role=""/>
  <member type="way" ref="693551836" role=""/>
  <member type="way" ref="693551837" role=""/>
  <member type="way" ref="693423787" role=""/>
  <member type="way" ref="693423788" role=""/>
  <member type="way" ref="693423789" role=""/>
  <member type="way" ref="693423790" role=""/>
  <member type="way" ref="303633679" role=""/>
  <member type="way" ref="694347640" role=""/>
  <member type="way" ref="694347641" role=""/>
  <member type="way" ref="1185229026" role=""/>
  <member type="way" ref="303620849" role=""/>
  <member type="way" ref="1279880693" role=""/>
  <member type="way" ref="694324287" role=""/>
  <member type="way" ref="1281158264" role=""/>
  <member type="way" ref="1280614526" role=""/>
  <member type="way" ref="694544551" role=""/>
  <member type="way" ref="694324285" role=""/>
  <member type="way" ref="694324286" role=""/>
  <member type="way" ref="1280614525" role=""/>
  <member type="way" ref="694550810" role=""/>
  <member type="way" ref="694340255" role=""/>
  <member type="way" ref="694340252" role=""/>
  <member type="way" ref="694340249" role=""/>
  <member type="way" ref="372563427" role=""/>
  <member type="way" ref="537517178" role=""/>
  <member type="way" ref="907241987" role=""/>
  <member type="way" ref="907241993" role=""/>
  <member type="way" ref="907241994" role=""/>
  <member type="way" ref="907241996" role=""/>
  <member type="way" ref="1381219763" role=""/>
  <member type="way" ref="1484489678" role=""/>
  <member type="way" ref="1484489679" role=""/>
  <member type="way" ref="1305889918" role=""/>
  <member type="way" ref="1314303056" role=""/>
  <member type="way" ref="1147794908" role=""/>
  <member type="way" ref="1147794906" role=""/>
  <member type="way" ref="907242003" role=""/>
  <member type="way" ref="907242004" role=""/>
  <member type="way" ref="907242005" role=""/>
  <member type="way" ref="907351356" role=""/>
  <member type="way" ref="907351357" role=""/>
  <member type="way" ref="907351358" role=""/>
  <member type="way" ref="907351359" role=""/>
  <member type="way" ref="907351362" role=""/>
  <member type="way" ref="907351366" role=""/>
  <member type="way" ref="907351367" role=""/>
  <member type="way" ref="907351368" role=""/>
  <member type="way" ref="907351371" role=""/>
  <member type="way" ref="907351375" role=""/>
  <member type="way" ref="907351376" role=""/>
  <member type="way" ref="907351377" role=""/>
  <member type="way" ref="630782162" role=""/>
  <member type="way" ref="965025591" role=""/>
  <member type="way" ref="1355316092" role=""/>
  <member type="way" ref="1386901779" role=""/>
  <member type="way" ref="1386901778" role=""/>
  <member type="way" ref="1355316093" role=""/>
  <member type="way" ref="883606214" role=""/>
  <member type="way" ref="883606215" role=""/>
  <member type="way" ref="638988225" role=""/>
  <member type="way" ref="1355316081" role=""/>
  <member type="way" ref="630782168" role=""/>
  <member type="way" ref="883606222" role=""/>
  <member type="way" ref="883606223" role=""/>
  <member type="way" ref="630791050" role=""/>
  <member type="way" ref="1101455470" role=""/>
  <member type="way" ref="630791049" role=""/>
  <member type="way" ref="883438204" role=""/>
  <member type="way" ref="1056381301" role=""/>
  <member type="way" ref="883438205" role=""/>
  <member type="way" ref="1387002585" role=""/>
  <member type="way" ref="1056381300" role=""/>
  <member type="way" ref="630782169" role=""/>
  <member type="way" ref="998771188" role=""/>
  <member type="way" ref="998771187" role=""/>
  <member type="way" ref="1101455471" role=""/>
  <member type="way" ref="998771186" role=""/>
  <member type="way" ref="884168523" role=""/>
  <member type="way" ref="1056381299" role=""/>
  <member type="way" ref="883438197" role=""/>
  <member type="way" ref="883438196" role=""/>
  <member type="way" ref="720460739" role=""/>
  <member type="way" ref="720460741" role=""/>
  <member type="way" ref="1350745422" role=""/>
  <member type="way" ref="907381671" role=""/>
  <member type="way" ref="1123587347" role=""/>
  <member type="way" ref="1351769455" role=""/>
  <member type="way" ref="1091855116" role=""/>
  <member type="way" ref="1091855113" role=""/>
  <member type="way" ref="1091855112" role=""/>
  <member type="way" ref="1091855111" role=""/>
  <member type="way" ref="749598077" role=""/>
  <member type="way" ref="749598074" role=""/>
  <member type="way" ref="61979781" role=""/>
  <member type="way" ref="749598073" role=""/>
  <member type="way" ref="87628828" role=""/>
  <member type="way" ref="87628871" role=""/>
  <member type="way" ref="87628812" role=""/>
  <member type="way" ref="87429675" role=""/>
  <member type="way" ref="87429760" role=""/>
  <member type="way" ref="88171492" role=""/>
  <member type="way" ref="88171444" role=""/>
  <member type="way" ref="87429726" role=""/>
  <member type="way" ref="87429769" role=""/>
  <member type="way" ref="88171484" role=""/>
  <member type="way" ref="87628854" role=""/>
  <member type="way" ref="1398894795" role=""/>
  <member type="way" ref="87308493" role=""/>
  <member type="way" ref="907634269" role=""/>
  <member type="way" ref="87308490" role=""/>
  <member type="way" ref="87308495" role=""/>
  <member type="way" ref="1079053671" role=""/>
  <member type="way" ref="87308488" role=""/>
  <member type="way" ref="87308491" role=""/>
  <member type="way" ref="87308478" role=""/>
  <member type="way" ref="87308506" role=""/>
  <member type="way" ref="87308476" role=""/>
  <member type="way" ref="52672825" role=""/>
  <member type="way" ref="972178427" role=""/>
  <member type="way" ref="87308487" role=""/>
  <member type="way" ref="87308498" role=""/>
  <member type="way" ref="87308503" role=""/>
  <member type="way" ref="87308499" role=""/>
  <member type="way" ref="87200708" role=""/>
  <member type="way" ref="1381212051" role=""/>
  <member type="way" ref="1381212050" role=""/>
  <member type="way" ref="850354129" role=""/>
  <member type="way" ref="61979756" role=""/>
  <member type="way" ref="1175282466" role=""/>
  <member type="way" ref="1351995499" role=""/>
  <member type="way" ref="1356725386" role=""/>
  <member type="way" ref="1236323244" role=""/>
  <member type="way" ref="907468906" role=""/>
  <member type="way" ref="1472728070" role=""/>
  <member type="way" ref="907468898" role=""/>
  <member type="way" ref="213399470" role=""/>
  <member type="way" ref="1472728071" role=""/>
  <member type="way" ref="907468905" role=""/>
  <member type="way" ref="61979787" role=""/>
  <member type="way" ref="907468909" role=""/>
  <member type="way" ref="1351995502" role=""/>
  <member type="way" ref="907468911" role=""/>
  <member type="way" ref="1351995497" role=""/>
  <member type="way" ref="213399474" role=""/>
  <member type="way" ref="213398861" role=""/>
  <member type="way" ref="213398864" role=""/>
  <member type="way" ref="213398350" role=""/>
  <member type="way" ref="1002664838" role=""/>
  <member type="way" ref="1002664837" role=""/>
  <member type="way" ref="966760664" role=""/>
  <member type="way" ref="966760663" role=""/>
  <member type="way" ref="966760662" role=""/>
  <member type="way" ref="213395308" role=""/>
  <member type="way" ref="1147550128" role=""/>
  <member type="way" ref="88171435" role=""/>
  <member type="way" ref="1147550129" role=""/>
  <member type="way" ref="319580705" role=""/>
  <member type="way" ref="705594015" role=""/>
  <member type="way" ref="705594017" role=""/>
  <member type="way" ref="35975140" role=""/>
  <member type="way" ref="87429800" role=""/>
  <member type="way" ref="87429756" role=""/>
  <member type="way" ref="87628865" role=""/>
  <member type="way" ref="87628823" role=""/>
  <member type="way" ref="87628840" role=""/>
  <member type="way" ref="979538355" role=""/>
  <member type="way" ref="979538356" role=""/>
  <member type="way" ref="934227550" role=""/>
  <member type="way" ref="934227551" role=""/>
  <member type="way" ref="86947076" role=""/>
  <member type="way" ref="1079064059" role=""/>
  <member type="way" ref="969759027" role=""/>
  <member type="way" ref="87200682" role=""/>
  <member type="way" ref="87200827" role=""/>
  <member type="way" ref="87200822" role=""/>
  <member type="way" ref="821768300" role=""/>
  <member type="way" ref="1183571977" role=""/>
  <member type="way" ref="841384759" role=""/>
  <member type="way" ref="1377862167" role=""/>
  <member type="way" ref="1377862166" role=""/>
  <member type="way" ref="841384760" role=""/>
  <member type="way" ref="751292793" role=""/>
  <member type="way" ref="751292791" role=""/>
  <member type="way" ref="630410360" role=""/>
  <member type="way" ref="1320021794" role=""/>
  <member type="way" ref="733251034" role=""/>
  <member type="way" ref="478648007" role=""/>
  <member type="way" ref="733251031" role=""/>
  <member type="way" ref="733251030" role=""/>
  <member type="way" ref="478666919" role=""/>
  <member type="way" ref="1118833334" role=""/>
  <member type="way" ref="1118833337" role=""/>
  <member type="way" ref="733348606" role=""/>
  <member type="way" ref="1160204658" role=""/>
  <member type="way" ref="35976486" role=""/>
  <member type="way" ref="428165564" role=""/>
  <member type="way" ref="241133281" role=""/>
  <member type="way" ref="1056375346" role=""/>
  <member type="way" ref="858351347" role=""/>
  <member type="way" ref="1034695093" role=""/>
  <member type="way" ref="639545405" role=""/>
  <member type="way" ref="1034695095" role=""/>
  <member type="way" ref="964953839" role=""/>
  <member type="way" ref="639537857" role=""/>
  <member type="way" ref="1034695100" role=""/>
  <member type="way" ref="1034695097" role=""/>
  <member type="way" ref="1034695099" role=""/>
  <member type="way" ref="469665427" role=""/>
  <member type="way" ref="1314764266" role=""/>
  <member type="way" ref="1180367774" role=""/>
  <member type="way" ref="1314764267" role=""/>
  <member type="way" ref="639545399" role=""/>
  <member type="way" ref="1036710336" role=""/>
  <member type="way" ref="208938042" role=""/>
  <member type="way" ref="1313046909" role=""/>
  <member type="way" ref="860583426" role=""/>
  <member type="way" ref="1313046908" role=""/>
  <member type="way" ref="639537859" role=""/>
  <member type="way" ref="966248854" role=""/>
  <member type="way" ref="833772149" role=""/>
  <member type="way" ref="1254749623" role=""/>
  <member type="way" ref="1254749625" role=""/>
  <member type="way" ref="477913073" role=""/>
  <member type="way" ref="477913070" role=""/>
  <member type="way" ref="156084437" role=""/>
  <member type="way" ref="1447413583" role=""/>
  <member type="way" ref="1447413582" role=""/>
  <member type="way" ref="1105978794" role=""/>
  <member type="way" ref="537517227" role=""/>
  <member type="way" ref="1057862473" role=""/>
  <member type="way" ref="537517148" role=""/>
  <member type="way" ref="1125121860" role=""/>
  <member type="way" ref="1450020466" role=""/>
  <member type="way" ref="1450020465" role=""/>
  <member type="way" ref="965431680" role=""/>
  <member type="way" ref="1447413576" role=""/>
  <member type="way" ref="1447413575" role=""/>
  <member type="way" ref="477913069" role=""/>
  <member type="way" ref="477913067" role=""/>
  <member type="way" ref="477913068" role=""/>
  <member type="way" ref="1145599143" role=""/>
  <member type="way" ref="637792084" role=""/>
  <member type="way" ref="965436268" role=""/>
  <member type="way" ref="1099775475" role=""/>
  <member type="way" ref="1181766404" role=""/>
  <member type="way" ref="1181766405" role=""/>
  <member type="way" ref="637792073" role=""/>
  <member type="way" ref="647881527" role=""/>
  <member type="way" ref="647881526" role=""/>
  <member type="way" ref="647882113" role=""/>
  <member type="way" ref="1099775485" role=""/>
  <member type="way" ref="647882106" role=""/>
  <member type="way" ref="993394800" role=""/>
  <member type="way" ref="993394799" role=""/>
  <member type="way" ref="1145619737" role=""/>
  <member type="way" ref="478122737" role=""/>
  <member type="way" ref="978624063" role=""/>
  <member type="way" ref="978624062" role=""/>
  <member type="way" ref="1145619741" role=""/>
  <member type="way" ref="1145619742" role=""/>
  <member type="way" ref="1145619744" role=""/>
  <member type="way" ref="1183845331" role=""/>
  <member type="way" ref="1183845009" role=""/>
  <member type="way" ref="1183845010" role=""/>
  <member type="way" ref="1183845332" role=""/>
  <member type="way" ref="478122740" role=""/>
  <member type="way" ref="1117722884" role=""/>
  <member type="way" ref="52597481" role=""/>
  <member type="way" ref="1023940086" role=""/>
  <member type="way" ref="1023940087" role=""/>
  <member type="way" ref="1117722883" role=""/>
  <member type="way" ref="1011380900" role=""/>
  <member type="way" ref="717049369" role=""/>
  <member type="way" ref="717049372" role=""/>
  <member type="way" ref="717049367" role=""/>
  <member type="way" ref="1368744402" role=""/>
  <member type="way" ref="1275737041" role=""/>
  <member type="way" ref="1275737043" role=""/>
  <member type="way" ref="934247291" role=""/>
  <member type="way" ref="694332722" role=""/>
  <member type="way" ref="694323004" role=""/>
  <member type="way" ref="694323005" role=""/>
  <member type="way" ref="641099998" role=""/>
  <member type="way" ref="694319376" role=""/>
  <member type="way" ref="343469113" role=""/>
  <member type="way" ref="1281158253" role=""/>
  <member type="way" ref="583538129" role=""/>
  <member type="way" ref="1092626410" role=""/>
  <member type="way" ref="641099995" role=""/>
  <member type="way" ref="694323007" role=""/>
  <member type="way" ref="694323006" role=""/>
  <member type="way" ref="319574368" role=""/>
  <member type="way" ref="1281158249" role=""/>
  <member type="way" ref="303620853" role=""/>
  <member type="way" ref="694340253" role=""/>
  <member type="way" ref="1280614501" role=""/>
  <member type="way" ref="694550809" role=""/>
  <member type="way" ref="1280614509" role=""/>
  <member type="way" ref="694545387" role=""/>
  <member type="way" ref="303620850" role=""/>
  <member type="way" ref="694550811" role=""/>
  <member type="way" ref="1280614508" role=""/>
  <member type="way" ref="694544552" role=""/>
  <member type="way" ref="1279880655" role=""/>
  <member type="way" ref="699674195" role=""/>
  <member type="way" ref="656408387" role=""/>
  <member type="way" ref="699674196" role=""/>
  <member type="way" ref="699674197" role=""/>
  <member type="way" ref="694341489" role=""/>
  <member type="way" ref="694348588" role=""/>
  <member type="way" ref="694348589" role=""/>
  <member type="way" ref="1279880653" role=""/>
  <member type="way" ref="656408388" role=""/>
  <member type="way" ref="694333992" role=""/>
  <member type="way" ref="694333991" role=""/>
  <member type="way" ref="694309723" role=""/>
  <member type="way" ref="694309724" role=""/>
  <member type="way" ref="694309720" role=""/>
  <member type="way" ref="694309721" role=""/>
  <member type="way" ref="696978169" role=""/>
  <member type="way" ref="696978168" role=""/>
  <member type="way" ref="303633663" role=""/>
  <member type="way" ref="693551832" role=""/>
  <member type="way" ref="693551833" role=""/>
  <member type="way" ref="693555246" role=""/>
  <member type="way" ref="693555248" role=""/>
  <member type="way" ref="693625794" role=""/>
  <member type="way" ref="693625795" role=""/>
  <member type="way" ref="1160165449" role=""/>
  <member type="way" ref="1057525304" role=""/>
  <member type="way" ref="893915964" role=""/>
  <member type="way" ref="1364686219" role=""/>
  <member type="way" ref="1364686218" role=""/>
  <member type="way" ref="894791359" role=""/>
  <member type="way" ref="893915966" role=""/>
  <member type="way" ref="894791358" role=""/>
  <member type="way" ref="893915968" role=""/>
  <member type="way" ref="894791357" role=""/>
  <member type="way" ref="893915970" role=""/>
  <member type="way" ref="894791356" role=""/>
  <member type="way" ref="893915972" role=""/>
  <member type="way" ref="894791355" role=""/>
  <member type="way" ref="893915974" role=""/>
  <member type="way" ref="894791353" role=""/>
  <member type="way" ref="893915975" role=""/>
  <member type="way" ref="894791354" role=""/>
  <member type="way" ref="893915976" role=""/>
  <member type="way" ref="1115131022" role=""/>
  <member type="way" ref="303136205" role=""/>
  <member type="way" ref="893912220" role=""/>
  <member type="way" ref="893912218" role=""/>
  <member type="way" ref="732600902" role=""/>
  <member type="way" ref="732600901" role=""/>
  <member type="way" ref="716723614" role=""/>
  <member type="way" ref="1281556710" role=""/>
  <member type="way" ref="716723636" role=""/>
  <member type="way" ref="716723641" role=""/>
  <member type="way" ref="716723642" role=""/>
  <member type="way" ref="563474851" role=""/>
  <member type="way" ref="718329825" role=""/>
  <member type="way" ref="964873394" role=""/>
  <member type="way" ref="672490288" role=""/>
  <member type="way" ref="1368744403" role=""/>
  <member type="way" ref="1110315247" role=""/>
  <member type="way" ref="1110315250" role=""/>
  <member type="way" ref="585675661" role=""/>
  <member type="way" ref="813591002" role=""/>
  <member type="way" ref="429517266" role=""/>
  <member type="way" ref="429517856" role=""/>
  <member type="way" ref="715421640" role=""/>
  <member type="way" ref="715421641" role=""/>
  <member type="way" ref="717550076" role=""/>
  <member type="way" ref="717550074" role=""/>
  <member type="way" ref="717550072" role=""/>
  <member type="way" ref="626405689" role=""/>
  <member type="way" ref="717527555" role=""/>
  <member type="way" ref="717527553" role=""/>
  <member type="way" ref="717527546" role=""/>
  <member type="way" ref="717519843" role=""/>
  <member type="way" ref="717519842" role=""/>
  <member type="way" ref="717519836" role=""/>
  <member type="way" ref="717519834" role=""/>
  <member type="way" ref="717519824" role=""/>
  <member type="way" ref="717519823" role=""/>
  <member type="way" ref="717519818" role=""/>
  <member type="way" ref="717519815" role=""/>
  <member type="way" ref="717519812" role=""/>
  <member type="way" ref="717519811" role=""/>
  <member type="way" ref="717519803" role=""/>
  <member type="way" ref="717519802" role=""/>
  <member type="way" ref="717519801" role=""/>
  <member type="way" ref="717519800" role=""/>
  <member type="way" ref="717519791" role=""/>
  <member type="way" ref="717497460" role=""/>
  <member type="way" ref="717497459" role=""/>
  <member type="way" ref="1446220800" role=""/>
  <member type="way" ref="632186506" role=""/>
  <member type="way" ref="632186503" role=""/>
  <member type="way" ref="632186504" role=""/>
  <member type="way" ref="632186514" role=""/>
  <member type="way" ref="632186501" role=""/>
  <member type="way" ref="632186512" role=""/>
  <member type="way" ref="633664965" role=""/>
  <member type="way" ref="1224436334" role=""/>
  <member type="way" ref="1224436330" role=""/>
  <member type="way" ref="427218869" role=""/>
  <member type="way" ref="482375198" role=""/>
  <member type="way" ref="770833339" role=""/>
  <member type="way" ref="770833340" role=""/>
  <member type="way" ref="895045160" role=""/>
  <member type="way" ref="895045161" role=""/>
  <member type="way" ref="895045162" role=""/>
  <member type="way" ref="895045163" role=""/>
  <member type="way" ref="895045164" role=""/>
  <member type="way" ref="895045165" role=""/>
  <member type="way" ref="895045166" role=""/>
  <member type="way" ref="717096041" role=""/>
  <member type="way" ref="717096037" role=""/>
  <member type="way" ref="717096023" role=""/>
  <member type="way" ref="717096021" role=""/>
  <member type="way" ref="717050937" role=""/>
  <member type="way" ref="672490285" role=""/>
  <member type="way" ref="717050941" role=""/>
  <member type="way" ref="213992721" role=""/>
  <member type="way" ref="213992719" role=""/>
  <member type="way" ref="160605585" role=""/>
  <member type="way" ref="160605588" role=""/>
  <member type="way" ref="656408181" role=""/>
  <member type="way" ref="656408182" role=""/>
  <member type="way" ref="717122141" role=""/>
  <member type="way" ref="717122142" role=""/>
  <member type="way" ref="633664960" role=""/>
  <member type="way" ref="1281158296" role=""/>
  <member type="way" ref="303615121" role=""/>
  <member type="way" ref="1281158263" role=""/>
  <member type="way" ref="1281158250" role=""/>
  <member type="way" ref="1281158297" role=""/>
  <member type="way" ref="1281158252" role=""/>
  <member type="way" ref="343474513" role=""/>
  <member type="way" ref="694357202" role=""/>
  <member type="way" ref="694357199" role=""/>
  <member type="way" ref="1280614518" role=""/>
  <member type="way" ref="1280614519" role=""/>
  <member type="way" ref="699786577" role=""/>
  <member type="way" ref="469775422" role=""/>
  <member type="way" ref="48673527" role=""/>
  <member type="way" ref="699706390" role=""/>
  <member type="way" ref="1282340728" role=""/>
  <member type="way" ref="1147846801" role=""/>
  <member type="way" ref="626404265" role=""/>
  <member type="way" ref="966026253" role=""/>
  <member type="way" ref="944457689" role=""/>
  <member type="way" ref="537517182" role=""/>
  <member type="way" ref="537517193" role=""/>
  <member type="way" ref="537517194" role=""/>
  <member type="way" ref="537517211" role=""/>
  <member type="way" ref="1010526554" role=""/>
  <member type="way" ref="1414833314" role=""/>
  <member type="way" ref="537517207" role=""/>
  <member type="way" ref="1262081168" role=""/>
  <member type="way" ref="537517213" role=""/>
  <member type="way" ref="537517232" role=""/>
  <member type="way" ref="537517230" role=""/>
  <member type="way" ref="243285306" role=""/>
  <member type="way" ref="537517220" role=""/>
  <member type="way" ref="537517223" role=""/>
  <member type="way" ref="537517222" role=""/>
  <member type="way" ref="537517226" role=""/>
  <member type="way" ref="894890071" role=""/>
  <member type="way" ref="894890070" role=""/>
  <member type="way" ref="894894732" role=""/>
  <member type="way" ref="908659291" role=""/>
  <member type="way" ref="894890068" role=""/>
  <member type="way" ref="894890067" role=""/>
  <member type="way" ref="52577769" role=""/>
  <member type="way" ref="894894733" role=""/>
  <member type="way" ref="196896055" role=""/>
  <member type="way" ref="196896053" role=""/>
  <member type="way" ref="147532606" role=""/>
  <member type="way" ref="196896056" role=""/>
  <member type="way" ref="1382927449" role=""/>
  <member type="way" ref="196896052" role=""/>
  <member type="way" ref="196896054" role=""/>
  <member type="way" ref="626404262" role=""/>
  <member type="way" ref="717550075" role=""/>
  <member type="way" ref="626404269" role=""/>
  <member type="way" ref="626404267" role=""/>
  <member type="way" ref="626404266" role=""/>
  <member type="way" ref="213716651" role=""/>
  <member type="way" ref="626405687" role=""/>
  <member type="way" ref="626405686" role=""/>
  <member type="way" ref="88310267" role=""/>
  <member type="way" ref="88310284" role=""/>
  <member type="way" ref="717527544" role=""/>
  <member type="way" ref="88310282" role=""/>
  <member type="way" ref="88310273" role=""/>
  <member type="way" ref="88310268" role=""/>
  <member type="way" ref="88310283" role=""/>
  <member type="way" ref="88310286" role=""/>
  <member type="way" ref="88310285" role=""/>
  <member type="way" ref="89366102" role=""/>
  <member type="way" ref="89366126" role=""/>
  <member type="way" ref="89366101" role=""/>
  <member type="way" ref="89366128" role=""/>
  <member type="way" ref="89366116" role=""/>
  <member type="way" ref="89366111" role=""/>
  <member type="way" ref="89366119" role=""/>
  <member type="way" ref="89366124" role=""/>
  <member type="way" ref="52656432" role=""/>
  <member type="way" ref="89366117" role=""/>
  <member type="way" ref="1446220799" role=""/>
  <member type="way" ref="213983561" role=""/>
  <member type="way" ref="213987211" role=""/>
  <member type="way" ref="213987212" role=""/>
  <member type="way" ref="89366115" role=""/>
  <member type="way" ref="632186516" role=""/>
  <member type="way" ref="632186513" role=""/>
  <member type="way" ref="89366108" role=""/>
  <member type="way" ref="717122143" role=""/>
  <member type="way" ref="52656431" role=""/>
  <member type="way" ref="213990071" role=""/>
  <member type="way" ref="213990070" role=""/>
  <member type="way" ref="895045168" role=""/>
  <member type="way" ref="895045169" role=""/>
  <member type="way" ref="966248851" role=""/>
  <member type="way" ref="639537860" role=""/>
  <member type="way" ref="715436576" role=""/>
  <member type="way" ref="715436578" role=""/>
  <member type="way" ref="715436579" role=""/>
  <member type="way" ref="715436590" role=""/>
  <member type="way" ref="1161369644" role=""/>
  <member type="way" ref="717049371" role=""/>
  <member type="way" ref="717049373" role=""/>
  <member type="way" ref="716723640" role=""/>
  <member type="way" ref="126575313" role=""/>
  <member type="way" ref="126575309" role=""/>
  <member type="way" ref="126575311" role=""/>
  <member type="way" ref="52646221" role=""/>
  <member type="way" ref="52646220" role=""/>
  <member type="way" ref="709675014" role=""/>
  <member type="way" ref="709675015" role=""/>
  <member type="way" ref="709677605" role=""/>
  <member type="way" ref="709677607" role=""/>
  <member type="way" ref="829082506" role=""/>
  <member type="way" ref="833832604" role=""/>
  <member type="way" ref="709915138" role=""/>
  <member type="way" ref="52646223" role=""/>
  <member type="way" ref="710054357" role=""/>
  <member type="way" ref="475501675" role=""/>
  <member type="way" ref="475501674" role=""/>
  <member type="way" ref="148286466" role=""/>
  <member type="way" ref="148286464" role=""/>
  <member type="way" ref="709926532" role=""/>
  <member type="way" ref="1097682340" role=""/>
  <member type="way" ref="1097682341" role=""/>
  <member type="way" ref="1350830274" role=""/>
  <member type="way" ref="1097989051" role=""/>
  <member type="way" ref="828344966" role=""/>
  <member type="way" ref="1306079031" role=""/>
  <member type="way" ref="1306079030" role=""/>
  <member type="way" ref="828347237" role=""/>
  <member type="way" ref="833497168" role=""/>
  <member type="way" ref="1350830273" role=""/>
  <member type="way" ref="1097682339" role=""/>
  <member type="way" ref="1097682338" role=""/>
  <member type="way" ref="633510481" role=""/>
  <member type="way" ref="126609318" role=""/>
  <member type="way" ref="1097992581" role=""/>
  <member type="way" ref="1098275394" role=""/>
  <member type="way" ref="1098275393" role=""/>
  <member type="way" ref="234070521" role=""/>
  <member type="way" ref="828037888" role=""/>
  <member type="way" ref="828037889" role=""/>
  <member type="way" ref="715436595" role=""/>
  <member type="way" ref="715436593" role=""/>
  <member type="way" ref="584775718" role=""/>
  <member type="way" ref="584775723" role=""/>
  <member type="way" ref="715661581" role=""/>
  <member type="way" ref="1274171153" role=""/>
  <member type="way" ref="1279915913" role=""/>
  <member type="way" ref="52649665" role=""/>
  <member type="way" ref="1282093031" role=""/>
  <member type="way" ref="656632915" role=""/>
  <member type="way" ref="52649682" role=""/>
  <member type="way" ref="1279915912" role=""/>
  <member type="way" ref="52649680" role=""/>
  <member type="way" ref="699706389" role=""/>
  <member type="way" ref="1281158251" role=""/>
  <member type="way" ref="214138443" role=""/>
  <member type="way" ref="1274171152" role=""/>
  <member type="way" ref="214138445" role=""/>
  <member type="way" ref="214190321" role=""/>
  <member type="way" ref="428995015" role=""/>
  <member type="way" ref="428995014" role=""/>
  <member type="way" ref="214190320" role=""/>
  <member type="way" ref="713405938" role=""/>
  <member type="way" ref="713404915" role=""/>
  <member type="way" ref="713404905" role=""/>
  <member type="way" ref="713404904" role=""/>
  <member type="way" ref="713404903" role=""/>
  <member type="way" ref="907969503" role=""/>
  <member type="way" ref="907969504" role=""/>
  <member type="way" ref="713393259" role=""/>
  <member type="way" ref="713393258" role=""/>
  <member type="way" ref="713384198" role=""/>
  <member type="way" ref="1420311338" role=""/>
  <member type="way" ref="713384197" role=""/>
  <member type="way" ref="713384194" role=""/>
  <member type="way" ref="1308382607" role=""/>
  <member type="way" ref="1190302267" role=""/>
  <member type="way" ref="521222120" role=""/>
  <member type="way" ref="424764650" role=""/>
  <member type="way" ref="1308382615" role=""/>
  <member type="way" ref="713318828" role=""/>
  <member type="way" ref="713014816" role=""/>
  <member type="way" ref="921576177" role=""/>
  <member type="way" ref="713013380" role=""/>
  <member type="way" ref="714360174" role=""/>
  <member type="way" ref="714381329" role=""/>
  <member type="way" ref="214238680" role=""/>
  <member type="way" ref="214238681" role=""/>
  <member type="way" ref="714385232" role=""/>
  <member type="way" ref="714385235" role=""/>
  <member type="way" ref="714385251" role=""/>
  <member type="way" ref="714385254" role=""/>
  <member type="way" ref="714385259" role=""/>
  <member type="way" ref="714385258" role=""/>
  <member type="way" ref="52649566" role=""/>
  <member type="way" ref="52649686" role=""/>
  <member type="way" ref="479723827" role=""/>
  <member type="way" ref="714388060" role=""/>
  <member type="way" ref="715351965" role=""/>
  <member type="way" ref="813567462" role=""/>
  <member type="way" ref="813567463" role=""/>
  <member type="way" ref="715351968" role=""/>
  <member type="way" ref="1282093034" role=""/>
  <member type="way" ref="813567448" role=""/>
  <member type="way" ref="813567440" role=""/>
  <member type="way" ref="813567441" role=""/>
  <member type="way" ref="813563174" role=""/>
  <member type="way" ref="813563175" role=""/>
  <member type="way" ref="813563161" role=""/>
  <member type="way" ref="813563162" role=""/>
  <member type="way" ref="813563163" role=""/>
  <member type="way" ref="813415680" role=""/>
  <member type="way" ref="813415681" role=""/>
  <member type="way" ref="813412532" role=""/>
  <member type="way" ref="813412533" role=""/>
  <member type="way" ref="813412523" role=""/>
  <member type="way" ref="813412524" role=""/>
  <member type="way" ref="813406679" role=""/>
  <member type="way" ref="813406680" role=""/>
  <member type="way" ref="813406667" role=""/>
  <member type="way" ref="813406669" role=""/>
  <member type="way" ref="813402316" role=""/>
  <member type="way" ref="813402317" role=""/>
  <member type="way" ref="813402309" role=""/>
  <member type="way" ref="813584492" role=""/>
  <member type="way" ref="1448114700" role=""/>
  <member type="way" ref="1448114699" role=""/>
  <member type="way" ref="813587301" role=""/>
  <member type="way" ref="1130861075" role=""/>
  <member type="way" ref="1104090626" role=""/>
  <member type="way" ref="813587304" role=""/>
  <member type="way" ref="420054264" role=""/>
  <member type="way" ref="813591001" role=""/>
  <member type="way" ref="1104090624" role=""/>
  <member type="way" ref="715359082" role=""/>
  <member type="way" ref="715380247" role=""/>
  <member type="way" ref="715380258" role=""/>
  <member type="way" ref="715421631" role=""/>
  <member type="way" ref="429517851" role=""/>
  <member type="way" ref="813591005" role=""/>
  <member type="way" ref="715421639" role=""/>
  <member type="way" ref="429517037" role=""/>
  <member type="way" ref="214220352" role=""/>
  <member type="way" ref="715359084" role=""/>
  <member type="way" ref="1104090623" role=""/>
  <member type="way" ref="715359062" role=""/>
  <member type="way" ref="1282093032" role=""/>
  <member type="way" ref="813587305" role=""/>
  <member type="way" ref="813587306" role=""/>
  <member type="way" ref="1282093033" role=""/>
  <member type="way" ref="1104090625" role=""/>
  <member type="way" ref="813587300" role=""/>
  <member type="way" ref="1448114701" role=""/>
  <member type="way" ref="1448114702" role=""/>
  <member type="way" ref="321071013" role=""/>
  <member type="way" ref="813402305" role=""/>
  <member type="way" ref="214230184" role=""/>
  <member type="way" ref="214230187" role=""/>
  <member type="way" ref="214231991" role=""/>
  <member type="way" ref="214231993" role=""/>
  <member type="way" ref="214232719" role=""/>
  <member type="way" ref="214232722" role=""/>
  <member type="way" ref="214233842" role=""/>
  <member type="way" ref="214233840" role=""/>
  <member type="way" ref="214234505" role=""/>
  <member type="way" ref="214234504" role=""/>
  <member type="way" ref="214236433" role=""/>
  <member type="way" ref="214236432" role=""/>
  <member type="way" ref="813415694" role=""/>
  <member type="way" ref="479723822" role=""/>
  <member type="way" ref="479723824" role=""/>
  <member type="way" ref="479723825" role=""/>
  <member type="way" ref="479723826" role=""/>
  <member type="way" ref="479723823" role=""/>
  <member type="way" ref="479723828" role=""/>
  <member type="way" ref="1387120871" role=""/>
  <member type="way" ref="214220351" role=""/>
  <member type="way" ref="214220636" role=""/>
  <member type="way" ref="214219629" role=""/>
  <member type="way" ref="214219628" role=""/>
  <member type="way" ref="715421642" role=""/>
  <member type="way" ref="1161369654" role=""/>
  <member type="way" ref="835926000" role=""/>
  <member type="way" ref="835925999" role=""/>
  <member type="way" ref="1099342863" role=""/>
  <member type="way" ref="1099342859" role=""/>
  <member type="way" ref="1099342860" role=""/>
  <member type="way" ref="1099342861" role=""/>
  <member type="way" ref="1099342862" role=""/>
  <member type="way" ref="630782164" role=""/>
  <member type="way" ref="630756354" role=""/>
  <member type="way" ref="477675491" role=""/>
  <member type="way" ref="1444755626" role=""/>
  <member type="way" ref="1444755627" role=""/>
  <member type="way" ref="477675876" role=""/>
  <member type="way" ref="477674428" role=""/>
  <member type="way" ref="477674436" role=""/>
  <member type="way" ref="477674430" role=""/>
  <member type="way" ref="1417986265" role=""/>
  <member type="way" ref="1417986264" role=""/>
  <member type="way" ref="711007636" role=""/>
  <member type="way" ref="711008403" role=""/>
  <member type="way" ref="1467191866" role=""/>
  <member type="way" ref="1417986363" role=""/>
  <member type="way" ref="1417986361" role=""/>
  <member type="way" ref="1417986362" role=""/>
  <member type="way" ref="1417986360" role=""/>
  <member type="way" ref="771775775" role=""/>
  <member type="way" ref="711029917" role=""/>
  <member type="way" ref="711029921" role=""/>
  <member type="way" ref="711031290" role=""/>
  <member type="way" ref="1481704479" role=""/>
  <member type="way" ref="711031293" role=""/>
  <member type="way" ref="711033952" role=""/>
  <member type="way" ref="711035768" role=""/>
  <member type="way" ref="711035769" role=""/>
  <member type="way" ref="711039313" role=""/>
  <member type="way" ref="711039316" role=""/>
  <member type="way" ref="711042938" role=""/>
  <member type="way" ref="711042940" role=""/>
  <member type="way" ref="711042943" role=""/>
  <member type="way" ref="711044546" role=""/>
  <member type="way" ref="711044551" role=""/>
  <member type="way" ref="406609797" role=""/>
  <member type="way" ref="406608037" role=""/>
  <member type="way" ref="1217226095" role=""/>
  <member type="way" ref="1190200944" role=""/>
  <member type="way" ref="711045614" role=""/>
  <member type="way" ref="711045615" role=""/>
  <member type="way" ref="584460782" role=""/>
  <member type="way" ref="584460780" role=""/>
  <member type="way" ref="584460787" role=""/>
  <member type="way" ref="584460785" role=""/>
  <member type="way" ref="406608040" role=""/>
  <member type="way" ref="406608038" role=""/>
  <member type="way" ref="1097274886" role=""/>
  <member type="way" ref="1097274885" role=""/>
  <member type="way" ref="1097274888" role=""/>
  <member type="way" ref="1097274882" role=""/>
  <member type="way" ref="1097274884" role=""/>
  <member type="way" ref="1097274883" role=""/>
  <member type="way" ref="1097274889" role=""/>
  <member type="way" ref="1097274891" role=""/>
  <member type="way" ref="1227754838" role=""/>
  <member type="way" ref="776933190" role=""/>
  <member type="way" ref="1227754839" role=""/>
  <member type="way" ref="1104336066" role=""/>
  <member type="way" ref="1104336068" role=""/>
  <member type="way" ref="1190290458" role=""/>
  <member type="way" ref="830629078" role=""/>
  <member type="way" ref="1227754841" role=""/>
  <member type="way" ref="1104336070" role=""/>
  <member type="way" ref="705594018" role=""/>
  <member type="way" ref="705594006" role=""/>
  <member type="way" ref="705594014" role=""/>
  <member type="way" ref="844877535" role=""/>
  <member type="way" ref="844877534" role=""/>
  <member type="way" ref="705594012" role=""/>
  <member type="way" ref="705594010" role=""/>
  <member type="way" ref="705594009" role=""/>
  <member type="way" ref="705594008" role=""/>
  <member type="way" ref="705594007" role=""/>
  <member type="way" ref="1110436454" role=""/>
  <member type="way" ref="1110436453" role=""/>
  <member type="way" ref="718329831" role=""/>
  <member type="way" ref="718329820" role=""/>
  <member type="way" ref="718329829" role=""/>
  <member type="way" ref="718329821" role=""/>
  <member type="way" ref="1104336067" role=""/>
  <member type="way" ref="1189835285" role=""/>
  <member type="way" ref="1189835284" role=""/>
  <member type="way" ref="218020187" role=""/>
  <member type="way" ref="771861669" role=""/>
  <member type="way" ref="718329832" role=""/>
  <member type="way" ref="718329822" role=""/>
  <member type="way" ref="638994120" role=""/>
  <member type="way" ref="885788729" role=""/>
  <member type="way" ref="885788730" role=""/>
  <member type="way" ref="638994119" role=""/>
  <member type="way" ref="39964829" role=""/>
  <member type="way" ref="638933129" role=""/>
  <member type="way" ref="638933130" role=""/>
  <member type="way" ref="966248852" role=""/>
  <member type="way" ref="1010385983" role=""/>
  <member type="way" ref="1184579311" role=""/>
  <member type="way" ref="695780494" role=""/>
  <member type="way" ref="1160204659" role=""/>
  <member type="way" ref="478666917" role=""/>
  <member type="way" ref="733251028" role=""/>
  <member type="way" ref="1118833332" role=""/>
  <member type="way" ref="1118833336" role=""/>
  <member type="way" ref="478648008" role=""/>
  <member type="way" ref="478648005" role=""/>
  <member type="way" ref="733251032" role=""/>
  <member type="way" ref="733251033" role=""/>
  <member type="way" ref="1320021793" role=""/>
  <member type="way" ref="156084425" role=""/>
  <member type="way" ref="156084428" role=""/>
  <member type="way" ref="156084453" role=""/>
  <member type="way" ref="156084441" role=""/>
  <member type="way" ref="537517261" role=""/>
  <member type="way" ref="1308382613" role=""/>
  <member type="way" ref="584406171" role=""/>
  <member type="way" ref="713013378" role=""/>
  <member type="way" ref="921576175" role=""/>
  <member type="way" ref="584406168" role=""/>
  <member type="way" ref="213716649" role=""/>
  <member type="way" ref="213720997" role=""/>
  <member type="way" ref="213721000" role=""/>
  <member type="way" ref="493391665" role=""/>
  <member type="way" ref="493391666" role=""/>
  <member type="way" ref="148723756" role=""/>
  <member type="way" ref="148723818" role=""/>
  <member type="way" ref="1356608285" role=""/>
  <member type="way" ref="1083993046" role=""/>
  <member type="way" ref="126786887" role=""/>
  <member type="way" ref="126786886" role=""/>
  <member type="way" ref="251373402" role=""/>
  <member type="way" ref="251373403" role=""/>
  <member type="way" ref="1095912578" role=""/>
  <member type="way" ref="126787134" role=""/>
  <member type="way" ref="1083993097" role=""/>
  <member type="way" ref="1095912579" role=""/>
  <member type="way" ref="1190527820" role=""/>
  <member type="way" ref="1075708775" role=""/>
  <member type="way" ref="816244174" role=""/>
  <member type="way" ref="243040053" role=""/>
  <member type="way" ref="1105412212" role=""/>
  <member type="way" ref="1105412211" role=""/>
  <member type="way" ref="243040049" role=""/>
  <member type="way" ref="541568059" role=""/>
  <member type="way" ref="1083993080" role=""/>
  <member type="way" ref="541568058" role=""/>
  <member type="way" ref="717870013" role=""/>
  <member type="way" ref="717870012" role=""/>
  <member type="way" ref="318670398" role=""/>
  <member type="way" ref="964873393" role=""/>
  <member type="way" ref="213708267" role=""/>
  <member type="way" ref="656753587" role=""/>
  <member type="way" ref="656744277" role=""/>
  <member type="way" ref="656740783" role=""/>
  <member type="way" ref="656740784" role=""/>
  <member type="way" ref="175045175" role=""/>
  <member type="way" ref="1140848098" role=""/>
  <member type="way" ref="1471514916" role=""/>
  <member type="way" ref="1281556715" role=""/>
  <member type="way" ref="567067669" role=""/>
  <member type="way" ref="567067664" role=""/>
  <member type="way" ref="1160448443" role=""/>
  <member type="way" ref="632173227" role=""/>
  <member type="way" ref="323776339" role=""/>
  <member type="way" ref="711263831" role=""/>
  <member type="way" ref="711263834" role=""/>
  <member type="way" ref="711263828" role=""/>
  <member type="way" ref="1481422987" role=""/>
  <member type="way" ref="1481422986" role=""/>
  <member type="way" ref="1226808496" role=""/>
  <member type="way" ref="52640014" role=""/>
  <member type="way" ref="1147268559" role=""/>
  <member type="way" ref="1417139080" role=""/>
  <member type="way" ref="711236950" role=""/>
  <member type="way" ref="1147286599" role=""/>
  <member type="way" ref="1147286600" role=""/>
  <member type="way" ref="773905546" role=""/>
  <member type="way" ref="481050691" role=""/>
  <member type="way" ref="481050690" role=""/>
  <member type="way" ref="1154170804" role=""/>
  <member type="way" ref="1154170803" role=""/>
  <member type="way" ref="711243198" role=""/>
  <member type="way" ref="1226811781" role=""/>
  <member type="way" ref="1226811785" role=""/>
  <member type="way" ref="773107035" role=""/>
  <member type="way" ref="1040772662" role=""/>
  <member type="way" ref="1040772661" role=""/>
  <member type="way" ref="585720913" role=""/>
  <member type="way" ref="894890061" role=""/>
  <member type="way" ref="1481422983" role=""/>
  <member type="way" ref="894894072" role=""/>
  <member type="way" ref="894894074" role=""/>
  <member type="way" ref="894894073" role=""/>
  <member type="way" ref="894894076" role=""/>
  <member type="way" ref="1228023356" role=""/>
  <member type="way" ref="1228023357" role=""/>
  <member type="way" ref="894894075" role=""/>
  <member type="way" ref="894894078" role=""/>
  <member type="way" ref="1382927454" role=""/>
  <member type="way" ref="894894077" role=""/>
  <member type="way" ref="894894079" role=""/>
  <member type="way" ref="1481422982" role=""/>
  <member type="way" ref="585720914" role=""/>
  <member type="way" ref="585720915" role=""/>
  <member type="way" ref="585720906" role=""/>
  <member type="way" ref="1040772664" role=""/>
  <member type="way" ref="1226811784" role=""/>
  <member type="way" ref="1226811780" role=""/>
  <member type="way" ref="711243197" role=""/>
  <member type="way" ref="711243196" role=""/>
  <member type="way" ref="1154170802" role=""/>
  <member type="way" ref="1154170805" role=""/>
  <member type="way" ref="780451279" role=""/>
  <member type="way" ref="833397811" role=""/>
  <member type="way" ref="833397813" role=""/>
  <member type="way" ref="1147286602" role=""/>
  <member type="way" ref="1147286601" role=""/>
  <member type="way" ref="324237752" role=""/>
  <member type="way" ref="477684681" role=""/>
  <member type="way" ref="709926529" role=""/>
  <member type="way" ref="709926536" role=""/>
  <member type="way" ref="710060654" role=""/>
  <member type="way" ref="710060651" role=""/>
  <member type="way" ref="710054363" role=""/>
  <member type="way" ref="710054355" role=""/>
  <member type="way" ref="710051906" role=""/>
  <member type="way" ref="709903068" role=""/>
  <member type="way" ref="833832606" role=""/>
  <member type="way" ref="709898237" role=""/>
  <member type="way" ref="709677606" role=""/>
  <member type="way" ref="709675018" role=""/>
  <member type="way" ref="709675013" role=""/>
  <member type="way" ref="709673476" role=""/>
  <member type="way" ref="709864090" role=""/>
  <member type="way" ref="709868552" role=""/>
  <member type="way" ref="709868551" role=""/>
  <member type="way" ref="126575314" role=""/>
  <member type="way" ref="828037887" role=""/>
  <member type="way" ref="828037886" role=""/>
  <member type="way" ref="1098275397" role=""/>
  <member type="way" ref="1429551344" role=""/>
  <member type="way" ref="1098275392" role=""/>
  <member type="way" ref="234070522" role=""/>
  <member type="way" ref="633510483" role=""/>
  <member type="way" ref="633510482" role=""/>
  <member type="way" ref="53493740" role=""/>
  <member type="way" ref="1099342864" role=""/>
  <member type="way" ref="905833273" role=""/>
  <member type="way" ref="1387727660" role=""/>
  <member type="way" ref="729048233" role=""/>
  <member type="way" ref="1309570636" role=""/>
  <member type="way" ref="1307181505" role=""/>
  <member type="way" ref="1307181503" role=""/>
  <member type="way" ref="1307181504" role=""/>
  <member type="way" ref="775875487" role=""/>
  <member type="way" ref="973205513" role=""/>
  <member type="way" ref="196556429" role=""/>
  <member type="way" ref="832479107" role=""/>
  <member type="way" ref="832479106" role=""/>
  <member type="way" ref="775875486" role=""/>
  <member type="way" ref="688157120" role=""/>
  <member type="way" ref="306005623" role=""/>
  <member type="way" ref="218020269" role=""/>
  <member type="way" ref="688157113" role=""/>
  <member type="way" ref="688157108" role=""/>
  <member type="way" ref="779495049" role=""/>
  <member type="way" ref="1189835274" role=""/>
  <member type="way" ref="1189835273" role=""/>
  <member type="way" ref="1189835275" role=""/>
  <member type="way" ref="1189835276" role=""/>
  <member type="way" ref="832482813" role=""/>
  <member type="way" ref="832482815" role=""/>
  <member type="way" ref="832484859" role=""/>
  <member type="way" ref="832484858" role=""/>
  <member type="way" ref="832473224" role=""/>
  <member type="way" ref="832473226" role=""/>
  <member type="way" ref="218020268" role=""/>
  <member type="way" ref="1096990174" role=""/>
  <member type="way" ref="1096990172" role=""/>
  <member type="way" ref="688412283" role=""/>
  <member type="way" ref="1307181506" role=""/>
  <member type="way" ref="1119283862" role=""/>
  <member type="way" ref="1134466767" role=""/>
  <member type="way" ref="1160785018" role=""/>
  <member type="way" ref="1119283861" role=""/>
  <member type="way" ref="1387543215" role=""/>
  <member type="way" ref="1387540486" role=""/>
  <member type="way" ref="1387540485" role=""/>
  <member type="way" ref="846271406" role=""/>
  <member type="way" ref="1307690314" role=""/>
  <member type="way" ref="1307690315" role=""/>
  <member type="way" ref="979303964" role=""/>
  <member type="way" ref="846271405" role=""/>
  <member type="way" ref="840807074" role=""/>
  <member type="way" ref="840807073" role=""/>
  <member type="way" ref="218023186" role=""/>
  <member type="way" ref="1297207377" role=""/>
  <member type="way" ref="1297207376" role=""/>
  <member type="way" ref="1351541285" role=""/>
  <member type="way" ref="218023187" role=""/>
  <member type="way" ref="1099344899" role=""/>
  <member type="way" ref="972748186" role=""/>
  <member type="way" ref="218023882" role=""/>
  <member type="way" ref="1226444062" role=""/>
  <member type="way" ref="972748182" role=""/>
  <member type="way" ref="1226444063" role=""/>
  <member type="way" ref="1010228329" role=""/>
  <member type="way" ref="1099344897" role=""/>
  <member type="way" ref="838401072" role=""/>
  <member type="way" ref="1351541286" role=""/>
  <member type="way" ref="1351541283" role=""/>
  <member type="way" ref="218023185" role=""/>
  <member type="way" ref="838022730" role=""/>
  <member type="way" ref="1189835277" role=""/>
  <member type="way" ref="1189835278" role=""/>
  <member type="way" ref="832482814" role=""/>
  <member type="way" ref="832473225" role=""/>
  <member type="way" ref="1160785017" role=""/>
  <member type="way" ref="1160785016" role=""/>
  <member type="way" ref="900308150" role=""/>
  <member type="way" ref="895045167" role=""/>
  <member type="way" ref="974866194" role=""/>
  <member type="way" ref="1226711147" role=""/>
  <member type="way" ref="1226711145" role=""/>
  <member type="way" ref="974866193" role=""/>
  <member type="way" ref="611091594" role=""/>
  <member type="way" ref="1100851710" role=""/>
  <member type="way" ref="1100851711" role=""/>
  <member type="way" ref="1100851709" role=""/>
  <member type="way" ref="1013614416" role=""/>
  <member type="way" ref="970341387" role=""/>
  <member type="way" ref="995982662" role=""/>
  <member type="way" ref="53498029" role=""/>
  <member type="way" ref="993847382" role=""/>
  <member type="way" ref="563863323" role=""/>
  <member type="way" ref="1100618200" role=""/>
  <member type="way" ref="151820480" role=""/>
  <member type="way" ref="1317878364" role=""/>
  <member type="way" ref="1317878365" role=""/>
  <member type="way" ref="976890595" role=""/>
  <member type="way" ref="976890594" role=""/>
  <member type="way" ref="1092334762" role=""/>
  <member type="way" ref="1092334765" role=""/>
  <member type="way" ref="709192608" role=""/>
  <member type="way" ref="1188236939" role=""/>
  <member type="way" ref="566602262" role=""/>
  <member type="way" ref="1159792915" role=""/>
  <member type="way" ref="1159792914" role=""/>
  <member type="way" ref="1279652548" role=""/>
  <member type="way" ref="1021004407" role=""/>
  <member type="way" ref="1314290485" role=""/>
  <member type="way" ref="1489836762" role=""/>
  <member type="way" ref="1022126893" role=""/>
  <member type="way" ref="1022126892" role=""/>
  <member type="way" ref="974384421" role=""/>
  <member type="way" ref="974366902" role=""/>
  <member type="way" ref="1489838296" role=""/>
  <member type="way" ref="972594776" role=""/>
  <member type="way" ref="1192581775" role=""/>
  <member type="way" ref="53496674" role=""/>
  <member type="way" ref="717560271" role=""/>
  <member type="way" ref="717560273" role=""/>
  <member type="way" ref="717560269" role=""/>
  <member type="way" ref="1019699034" role=""/>
  <member type="way" ref="1190290456" role=""/>
  <member type="way" ref="631546765" role=""/>
  <member type="way" ref="1010228324" role=""/>
  <member type="way" ref="1010228325" role=""/>
  <member type="way" ref="972748179" role=""/>
  <member type="way" ref="972748188" role=""/>
  <member type="way" ref="1161979837" role=""/>
  <member type="way" ref="1161979838" role=""/>
  <member type="way" ref="714064295" role=""/>
  <member type="way" ref="1010228323" role=""/>
  <member type="way" ref="565053328" role=""/>
  <member type="way" ref="1190290457" role=""/>
  <member type="way" ref="973228298" role=""/>
  <member type="way" ref="1279562159" role=""/>
  <member type="way" ref="717560270" role=""/>
  <member type="way" ref="1034780029" role=""/>
  <member type="way" ref="1279562160" role=""/>
  <member type="way" ref="565049983" role=""/>
  <member type="way" ref="1281556711" role=""/>
  <member type="way" ref="52656434" role=""/>
  <member type="way" ref="214004185" role=""/>
  <member type="way" ref="1364686241" role=""/>
  <member type="way" ref="214000840" role=""/>
  <member type="way" ref="303148366" role=""/>
  <member type="way" ref="130002722" role=""/>
  <member type="way" ref="303148364" role=""/>
  <member type="way" ref="1115131021" role=""/>
  <member type="way" ref="693411731" role=""/>
  <member type="way" ref="893915962" role=""/>
  <member type="way" ref="675906815" role=""/>
  <member type="way" ref="675906812" role=""/>
  <member type="way" ref="695711933" role=""/>
  <member type="way" ref="695711934" role=""/>
  <member type="way" ref="675906814" role=""/>
  <member type="way" ref="675906813" role=""/>
  <member type="way" ref="675905570" role=""/>
  <member type="way" ref="675905567" role=""/>
  <member type="way" ref="675905114" role=""/>
  <member type="way" ref="675905112" role=""/>
  <member type="way" ref="675905113" role=""/>
  <member type="way" ref="675905111" role=""/>
  <member type="way" ref="303136206" role=""/>
  <member type="way" ref="1364686231" role=""/>
  <member type="way" ref="1364686230" role=""/>
  <member type="way" ref="696280889" role=""/>
  <member type="way" ref="1160165450" role=""/>
  <member type="way" ref="35976671" role=""/>
  <member type="way" ref="732600904" role=""/>
  <member type="way" ref="1364686240" role=""/>
  <member type="way" ref="732600903" role=""/>
  <member type="way" ref="89366121" role=""/>
  <member type="way" ref="89366130" role=""/>
  <member type="way" ref="89366133" role=""/>
  <member type="way" ref="89366125" role=""/>
  <member type="way" ref="1454681889" role=""/>
  <member type="way" ref="1454681888" role=""/>
  <member type="way" ref="1454681903" role=""/>
  <member type="way" ref="1454681902" role=""/>
  <member type="way" ref="303148361" role=""/>
  <member type="way" ref="303615116" role=""/>
  <member type="way" ref="146957705" role=""/>
  <member type="way" ref="146957702" role=""/>
  <member type="way" ref="583747728" role=""/>
  <member type="way" ref="583747727" role=""/>
  <member type="way" ref="697852361" role=""/>
  <member type="way" ref="693561422" role=""/>
  <member type="way" ref="693560850" role=""/>
  <member type="way" ref="693560851" role=""/>
  <member type="way" ref="583747721" role=""/>
  <member type="way" ref="693557234" role=""/>
  <member type="way" ref="160628066" role=""/>
  <member type="way" ref="214074959" role=""/>
  <member type="way" ref="427213695" role=""/>
  <member type="way" ref="427213697" role=""/>
  <member type="way" ref="427213696" role=""/>
  <member type="way" ref="907634262" role=""/>
  <member type="way" ref="1398894796" role=""/>
  <member type="way" ref="907634275" role=""/>
  <member type="way" ref="907634277" role=""/>
  <member type="way" ref="907634278" role=""/>
  <member type="way" ref="907634281" role=""/>
  <member type="way" ref="907634282" role=""/>
  <member type="way" ref="907634286" role=""/>
  <member type="way" ref="907634287" role=""/>
  <member type="way" ref="907634289" role=""/>
  <member type="way" ref="907634290" role=""/>
  <member type="way" ref="907634294" role=""/>
  <member type="way" ref="907634295" role=""/>
  <member type="way" ref="1147550126" role=""/>
  <member type="way" ref="319580706" role=""/>
  <member type="way" ref="1147550131" role=""/>
  <member type="way" ref="907634305" role=""/>
  <member type="way" ref="705594016" role=""/>
  <member type="way" ref="1368973197" role=""/>
  <member type="way" ref="705594019" role=""/>
  <member type="way" ref="714388058" role=""/>
  <member type="way" ref="715351961" role=""/>
  <member type="way" ref="813567464" role=""/>
  <member type="way" ref="813567465" role=""/>
  <member type="way" ref="715351967" role=""/>
  <member type="way" ref="52579607" role=""/>
  <member type="way" ref="630782167" role=""/>
  <member type="way" ref="720460868" role=""/>
  <member type="way" ref="886512475" role=""/>
  <member type="way" ref="886512476" role=""/>
  <member type="way" ref="630782161" role=""/>
  <member type="way" ref="895681677" role=""/>
  <member type="way" ref="895681678" role=""/>
  <member type="way" ref="35976487" role=""/>
  <member type="way" ref="638986337" role=""/>
  <member type="way" ref="638986338" role=""/>
  <member type="way" ref="638976512" role=""/>
  <member type="way" ref="478549252" role=""/>
  <member type="way" ref="478549249" role=""/>
  <member type="way" ref="638976511" role=""/>
  <member type="way" ref="638975648" role=""/>
  <member type="way" ref="478549251" role=""/>
  <member type="way" ref="1147794905" role=""/>
  <member type="way" ref="1147794907" role=""/>
  <member type="way" ref="1305889917" role=""/>
  <member type="way" ref="1484489677" role=""/>
  <member type="way" ref="1484489676" role=""/>
  <member type="way" ref="1381219762" role=""/>
  <member type="way" ref="478549248" role=""/>
  <member type="way" ref="478549250" role=""/>
  <member type="way" ref="478549253" role=""/>
  <member type="way" ref="907241985" role=""/>
  <member type="way" ref="714360176" role=""/>
  <member type="way" ref="214238683" role=""/>
  <member type="way" ref="214238687" role=""/>
  <member type="way" ref="214238686" role=""/>
  <member type="way" ref="214238678" role=""/>
  <member type="way" ref="714385234" role=""/>
  <member type="way" ref="714385250" role=""/>
  <member type="way" ref="714385255" role=""/>
  <member type="way" ref="713642461" role=""/>
  <member type="way" ref="1468577886" role=""/>
  <member type="way" ref="907969501" role=""/>
  <member type="way" ref="713632357" role=""/>
  <member type="way" ref="713632356" role=""/>
  <member type="way" ref="713632355" role=""/>
  <member type="way" ref="909513602" role=""/>
  <member type="way" ref="1468577884" role=""/>
  <member type="way" ref="1190302266" role=""/>
  <member type="way" ref="1190302265" role=""/>
  <member type="way" ref="713630882" role=""/>
  <member type="way" ref="713630876" role=""/>
  <member type="way" ref="1468577881" role=""/>
  <member type="way" ref="713630871" role=""/>
  <member type="way" ref="713630872" role=""/>
  <member type="way" ref="1308382608" role=""/>
  <member type="way" ref="713384196" role=""/>
  <member type="way" ref="713384195" role=""/>
  <member type="way" ref="1420311337" role=""/>
  <member type="way" ref="713384200" role=""/>
  <member type="way" ref="713393255" role=""/>
  <member type="way" ref="481151458" role=""/>
  <member type="way" ref="907969502" role=""/>
  <member type="way" ref="713403082" role=""/>
  <member type="way" ref="713404907" role=""/>
  <member type="way" ref="713404908" role=""/>
  <member type="way" ref="713404909" role=""/>
  <member type="way" ref="713404916" role=""/>
  <member type="way" ref="584188212" role=""/>
  <member type="way" ref="584188210" role=""/>
  <member type="way" ref="923630127" role=""/>
  <member type="way" ref="1355328881" role=""/>
  <member type="way" ref="713010755" role=""/>
  <member type="way" ref="584406170" role=""/>
  <member type="way" ref="214520477" role=""/>
  <member type="way" ref="214520475" role=""/>
  <member type="way" ref="1190302270" role=""/>
  <member type="way" ref="155392331" role=""/>
  <member type="way" ref="155392328" role=""/>
  <member type="way" ref="155392333" role=""/>
  <member type="way" ref="155392329" role=""/>
  <member type="way" ref="713002377" role=""/>
  <member type="way" ref="713003421" role=""/>
  <member type="way" ref="713003422" role=""/>
  <member type="way" ref="713004034" role=""/>
  <member type="way" ref="713004035" role=""/>
  <member type="way" ref="713006249" role=""/>
  <member type="way" ref="1190302268" role=""/>
  <member type="way" ref="713006250" role=""/>
  <member type="way" ref="713010754" role=""/>
  <member type="way" ref="713010756" role=""/>
  <member type="way" ref="584406169" role=""/>
  <member type="way" ref="111625648" role=""/>
  <member type="way" ref="111625647" role=""/>
  <member type="way" ref="1468577880" role=""/>
  <member type="way" ref="713630877" role=""/>
  <member type="way" ref="52649653" role=""/>
  <member type="way" ref="1190302263" role=""/>
  <member type="way" ref="1190302264" role=""/>
  <member type="way" ref="1468577882" role=""/>
  <member type="way" ref="909513600" role=""/>
  <member type="way" ref="111625650" role=""/>
  <member type="way" ref="111625649" role=""/>
  <member type="way" ref="907969499" role=""/>
  <member type="way" ref="1361349849" role=""/>
  <member type="way" ref="713632358" role=""/>
  <member type="way" ref="1468577885" role=""/>
  <member type="way" ref="52649655" role=""/>
  <member type="way" ref="713642475" role=""/>
  <member type="way" ref="1468577888" role=""/>
  <member type="way" ref="1481140122" role=""/>
  <member type="way" ref="141715212" role=""/>
  <member type="way" ref="261854066" role=""/>
  <member type="way" ref="477672939" role=""/>
  <member type="way" ref="711005955" role=""/>
  <member type="way" ref="711005956" role=""/>
  <member type="way" ref="477674427" role=""/>
  <member type="way" ref="1417986268" role=""/>
  <member type="way" ref="1417986267" role=""/>
  <member type="way" ref="1417986269" role=""/>
  <member type="way" ref="1417986266" role=""/>
  <member type="way" ref="261759449" role=""/>
  <member type="way" ref="711028656" role=""/>
  <member type="way" ref="1467191865" role=""/>
  <member type="way" ref="1417986364" role=""/>
  <member type="way" ref="1417986359" role=""/>
  <member type="way" ref="1417986365" role=""/>
  <member type="way" ref="1417986358" role=""/>
  <member type="way" ref="771775774" role=""/>
  <member type="way" ref="711028658" role=""/>
  <member type="way" ref="711029923" role=""/>
  <member type="way" ref="711029922" role=""/>
  <member type="way" ref="1481704478" role=""/>
  <member type="way" ref="481202807" role=""/>
  <member type="way" ref="481202804" role=""/>
  <member type="way" ref="481202802" role=""/>
  <member type="way" ref="481202803" role=""/>
  <member type="way" ref="481202801" role=""/>
  <member type="way" ref="481202805" role=""/>
  <member type="way" ref="481202808" role=""/>
  <member type="way" ref="481202806" role=""/>
  <member type="way" ref="711044544" role=""/>
  <member type="way" ref="711044545" role=""/>
  <member type="way" ref="406609846" role=""/>
  <member type="way" ref="406608035" role=""/>
  <member type="way" ref="711045612" role=""/>
  <member type="way" ref="1190200943" role=""/>
  <member type="way" ref="711045616" role=""/>
  <member type="way" ref="584460781" role=""/>
  <member type="way" ref="584460779" role=""/>
  <member type="way" ref="584460783" role=""/>
  <member type="way" ref="584460784" role=""/>
  <member type="way" ref="323782507" role=""/>
  <member type="way" ref="323782508" role=""/>
  <member type="way" ref="53629363" role=""/>
  <member type="way" ref="1145005349" role=""/>
  <member type="way" ref="477679002" role=""/>
  <member type="way" ref="477678997" role=""/>
  <member type="way" ref="477678983" role=""/>
  <member type="way" ref="477678993" role=""/>
  <member type="way" ref="477679612" role=""/>
  <member type="way" ref="710621477" role=""/>
  <member type="way" ref="710621476" role=""/>
  <member type="way" ref="774525403" role=""/>
  <member type="way" ref="710621474" role=""/>
  <member type="way" ref="477682440" role=""/>
  <member type="way" ref="710612234" role=""/>
  <member type="way" ref="905692698" role=""/>
  <member type="way" ref="905692699" role=""/>
  <member type="way" ref="905692700" role=""/>
  <member type="way" ref="1447355417" role=""/>
  <member type="way" ref="1447355418" role=""/>
  <member type="way" ref="833410045" role=""/>
  <member type="way" ref="833410044" role=""/>
  <member type="way" ref="834105101" role=""/>
  <member type="way" ref="905692716" role=""/>
  <member type="way" ref="710607604" role=""/>
  <member type="way" ref="710607596" role=""/>
  <member type="way" ref="710607589" role=""/>
  <member type="way" ref="1190205811" role=""/>
  <member type="way" ref="830549124" role=""/>
  <member type="way" ref="830549121" role=""/>
  <member type="way" ref="830549120" role=""/>
  <member type="way" ref="710479341" role=""/>
  <member type="way" ref="710478786" role=""/>
  <member type="way" ref="710476556" role=""/>
  <member type="way" ref="53629571" role=""/>
  <member type="way" ref="52511530" role=""/>
  <member type="way" ref="52511531" role=""/>
  <member type="way" ref="150294680" role=""/>
  <member type="way" ref="150294679" role=""/>
  <member type="way" ref="261854068" role=""/>
  <member type="way" ref="774525405" role=""/>
  <member type="way" ref="774525404" role=""/>
  <member type="way" ref="261854064" role=""/>
  <member type="way" ref="261746158" role=""/>
  <member type="way" ref="261746157" role=""/>
  <member type="way" ref="864505621" role=""/>
  <member type="way" ref="864505622" role=""/>
  <member type="way" ref="864505629" role=""/>
  <member type="way" ref="1447355419" role=""/>
  <member type="way" ref="1447355420" role=""/>
  <member type="way" ref="905692705" role=""/>
  <member type="way" ref="905692708" role=""/>
  <member type="way" ref="732661586" role=""/>
  <member type="way" ref="905692714" role=""/>
  <member type="way" ref="710607603" role=""/>
  <member type="way" ref="710607593" role=""/>
  <member type="way" ref="710607594" role=""/>
  <member type="way" ref="1190205810" role=""/>
  <member type="way" ref="830549125" role=""/>
  <member type="way" ref="830549123" role=""/>
  <member type="way" ref="830549122" role=""/>
  <member type="way" ref="830549127" role=""/>
  <member type="way" ref="829652814" role=""/>
  <member type="way" ref="243472719" role=""/>
  <member type="way" ref="895042105" role=""/>
  <member type="way" ref="720460737" role=""/>
  <member type="way" ref="720460740" role=""/>
  <member type="way" ref="1091855120" role=""/>
  <member type="way" ref="1091855131" role=""/>
  <member type="way" ref="1091855132" role=""/>
  <member type="way" ref="1091855133" role=""/>
  <member type="way" ref="61979783" role=""/>
  <member type="way" ref="61979770" role=""/>
  <member type="way" ref="213394433" role=""/>
  <member type="way" ref="213394434" role=""/>
  <member type="way" ref="1056381297" role=""/>
  <member type="way" ref="720460744" role=""/>
  <member type="way" ref="720460735" role=""/>
  <member type="way" ref="1056381298" role=""/>
  <member type="way" ref="883438198" role=""/>
  <member type="way" ref="883438199" role=""/>
  <member type="way" ref="630782172" role=""/>
  <member type="way" ref="998771156" role=""/>
  <member type="way" ref="998771155" role=""/>
  <member type="way" ref="998771154" role=""/>
  <member type="way" ref="998771153" role=""/>
  <member type="way" ref="998771152" role=""/>
  <member type="way" ref="998771151" role=""/>
  <member type="way" ref="1364274755" role=""/>
  <member type="way" ref="972549258" role=""/>
  <member type="way" ref="983612188" role=""/>
  <member type="way" ref="1355316074" role=""/>
  <member type="way" ref="883438200" role=""/>
  <member type="way" ref="630791052" role=""/>
  <member type="way" ref="638988222" role=""/>
  <member type="way" ref="1355316078" role=""/>
  <member type="way" ref="720460745" role=""/>
  <member type="way" ref="631278387" role=""/>
  <member type="way" ref="139849571" role=""/>
  <member type="way" ref="52672834" role=""/>
  <member type="way" ref="1236323251" role=""/>
  <member type="way" ref="1236323252" role=""/>
  <member type="way" ref="720460730" role=""/>
  <member type="way" ref="720460725" role=""/>
  <member type="way" ref="631278386" role=""/>
  <member type="way" ref="1463636639" role=""/>
  <member type="way" ref="1463636641" role=""/>
  <member type="way" ref="1463636640" role=""/>
  <member type="way" ref="1236323249" role=""/>
  <member type="way" ref="1463636636" role=""/>
  <member type="way" ref="1463636637" role=""/>
  <member type="way" ref="1463636638" role=""/>
  <member type="way" ref="985409800" role=""/>
  <member type="way" ref="985409799" role=""/>
  <member type="way" ref="61973136" role=""/>
  <member type="way" ref="52672835" role=""/>
  <member type="way" ref="1350851828" role=""/>
  <member type="way" ref="888690740" role=""/>
  <member type="way" ref="888690739" role=""/>
  <member type="way" ref="720460690" role=""/>
  <member type="way" ref="720460689" role=""/>
  <member type="way" ref="720460671" role=""/>
  <member type="way" ref="720460703" role=""/>
  <member type="way" ref="1351628472" role=""/>
  <member type="way" ref="1351628474" role=""/>
  <member type="way" ref="720460702" role=""/>
  <member type="way" ref="720460701" role=""/>
  <member type="way" ref="1079064068" role=""/>
  <member type="way" ref="1079064070" role=""/>
  <member type="way" ref="720460700" role=""/>
  <member type="way" ref="1353710063" role=""/>
  <member type="way" ref="61979773" role=""/>
  <member type="way" ref="61979760" role=""/>
  <member type="way" ref="1350745438" role=""/>
  <member type="way" ref="52672828" role=""/>
  <member type="way" ref="888727238" role=""/>
  <member type="way" ref="888727237" role=""/>
  <member type="way" ref="1350745425" role=""/>
  <member type="way" ref="1183852175" role=""/>
  <member type="way" ref="61979794" role=""/>
  <member type="way" ref="1350745423" role=""/>
  <member type="way" ref="749598080" role=""/>
  <member type="way" ref="1123587346" role=""/>
  <member type="way" ref="1351769454" role=""/>
  <member type="way" ref="907381656" role=""/>
  <member type="way" ref="1350745437" role=""/>
  <member type="way" ref="907381657" role=""/>
  <member type="way" ref="907381663" role=""/>
  <member type="way" ref="907381664" role=""/>
  <member type="way" ref="1350745426" role=""/>
  <member type="way" ref="1183852176" role=""/>
  <member type="way" ref="907381670" role=""/>
  <member type="way" ref="985409802" role=""/>
  <member type="way" ref="985409801" role=""/>
  <member type="way" ref="720460693" role=""/>
  <member type="way" ref="720460694" role=""/>
  <member type="way" ref="1350851827" role=""/>
  <member type="way" ref="888690742" role=""/>
  <member type="way" ref="888690741" role=""/>
  <member type="way" ref="720460691" role=""/>
  <member type="way" ref="720460692" role=""/>
  <member type="way" ref="720460670" role=""/>
  <member type="way" ref="720460695" role=""/>
  <member type="way" ref="1351628475" role=""/>
  <member type="way" ref="1351628476" role=""/>
  <member type="way" ref="720460696" role=""/>
  <member type="way" ref="720460697" role=""/>
  <member type="way" ref="1079064069" role=""/>
  <member type="way" ref="720460698" role=""/>
  <member type="way" ref="61979775" role=""/>
  <member type="way" ref="1381212072" role=""/>
  <member type="way" ref="907381651" role=""/>
  <member type="way" ref="712608313" role=""/>
  <member type="way" ref="712608314" role=""/>
  <member type="way" ref="693841942" role=""/>
  <member type="way" ref="693841943" role=""/>
  <member type="way" ref="626103996" role=""/>
  <member type="way" ref="246749766" role=""/>
  <member type="way" ref="246749585" role=""/>
  <member type="way" ref="246749584" role=""/>
  <member type="way" ref="712608317" role=""/>
  <member type="way" ref="186170259" role=""/>
  <member type="way" ref="186170246" role=""/>
  <member type="way" ref="832431997" role=""/>
  <member type="way" ref="712609574" role=""/>
  <member type="way" ref="186170241" role=""/>
  <member type="way" ref="186170251" role=""/>
  <member type="way" ref="712611476" role=""/>
  <member type="way" ref="908087385" role=""/>
  <member type="way" ref="186170249" role=""/>
  <member type="way" ref="186170245" role=""/>
  <member type="way" ref="712612315" role=""/>
  <member type="way" ref="712612314" role=""/>
  <member type="way" ref="712611477" role=""/>
  <member type="way" ref="712611479" role=""/>
  <member type="way" ref="908087384" role=""/>
  <member type="way" ref="712611473" role=""/>
  <member type="way" ref="712610038" role=""/>
  <member type="way" ref="712610037" role=""/>
  <member type="way" ref="712609572" role=""/>
  <member type="way" ref="712609571" role=""/>
  <member type="way" ref="712609570" role=""/>
  <member type="way" ref="712608844" role=""/>
  <member type="way" ref="712608843" role=""/>
  <member type="way" ref="712608310" role=""/>
  <member type="way" ref="712606639" role=""/>
  <member type="way" ref="712606638" role=""/>
  <member type="way" ref="712606637" role=""/>
  <member type="way" ref="712606636" role=""/>
  <member type="way" ref="712606634" role=""/>
  <member type="way" ref="829107183" role=""/>
  <member type="way" ref="829107182" role=""/>
  <member type="way" ref="712606633" role=""/>
  <member type="way" ref="712450663" role=""/>
  <member type="way" ref="712450544" role=""/>
  <member type="way" ref="1323349749" role=""/>
  <member type="way" ref="712450543" role=""/>
  <member type="way" ref="712450542" role=""/>
  <member type="way" ref="712620101" role=""/>
  <member type="way" ref="712620105" role=""/>
  <member type="way" ref="712621106" role=""/>
  <member type="way" ref="712621109" role=""/>
  <member type="way" ref="712634518" role=""/>
  <member type="way" ref="712647175" role=""/>
  <member type="way" ref="712647178" role=""/>
  <member type="way" ref="712653140" role=""/>
  <member type="way" ref="712653147" role=""/>
  <member type="way" ref="712653160" role=""/>
  <member type="way" ref="673272813" role=""/>
  <member type="way" ref="734824804" role=""/>
  <member type="way" ref="712653138" role=""/>
  <member type="way" ref="712647180" role=""/>
  <member type="way" ref="712647176" role=""/>
  <member type="way" ref="712647177" role=""/>
  <member type="way" ref="52649569" role=""/>
  <member type="way" ref="186170257" role=""/>
  <member type="way" ref="186170252" role=""/>
  <member type="way" ref="186170258" role=""/>
  <member type="way" ref="186170250" role=""/>
  <member type="way" ref="186170242" role=""/>
  <member type="way" ref="712619083" role=""/>
  <member type="way" ref="712619084" role=""/>
  <member type="way" ref="734824803" role=""/>
  <member type="way" ref="712653158" role=""/>
  <member type="way" ref="712653148" role=""/>
  <member type="way" ref="712996489" role=""/>
  <member type="way" ref="712996490" role=""/>
  <member type="way" ref="712996672" role=""/>
  <member type="way" ref="712996673" role=""/>
  <member type="way" ref="712996675" role=""/>
  <member type="way" ref="712996674" role=""/>
  <member type="way" ref="712996676" role=""/>
  <member type="way" ref="712996677" role=""/>
  <member type="way" ref="712996678" role=""/>
  <member type="way" ref="712996679" role=""/>
  <member type="way" ref="712999916" role=""/>
  <member type="way" ref="712999917" role=""/>
  <member type="way" ref="1372585326" role=""/>
  <member type="way" ref="713000286" role=""/>
  <member type="way" ref="713000287" role=""/>
  <member type="way" ref="713000290" role=""/>
  <member type="way" ref="713000289" role=""/>
  <member type="way" ref="713002375" role=""/>
  <member type="way" ref="713002376" role=""/>
  <member type="way" ref="713000292" role=""/>
  <member type="way" ref="713000291" role=""/>
  <member type="way" ref="713000288" role=""/>
  <member type="way" ref="713000285" role=""/>
  <member type="way" ref="52649620" role=""/>
  <member type="way" ref="52649627" role=""/>
  <member type="way" ref="52649630" role=""/>
  <member type="way" ref="712654618" role=""/>
  <member type="way" ref="712654622" role=""/>
  <member type="way" ref="712996479" role=""/>
  <member type="way" ref="926530864" role=""/>
  <member type="way" ref="712996480" role=""/>
  <member type="way" ref="712996481" role=""/>
  <member type="way" ref="712996484" role=""/>
  <member type="way" ref="712654620" role=""/>
  <member type="way" ref="712654624" role=""/>
  <member type="way" ref="712996488" role=""/>
  <member type="way" ref="712996487" role=""/>
  <member type="way" ref="712996486" role=""/>
  <member type="way" ref="712996485" role=""/>
  <member type="way" ref="712996483" role=""/>
  <member type="way" ref="441934883" role=""/>
  <member type="way" ref="712613940" role=""/>
  <member type="way" ref="712612632" role=""/>
  <member type="way" ref="712612631" role=""/>
  <member type="way" ref="712618694" role=""/>
  <member type="way" ref="441934882" role=""/>
  <member type="way" ref="712612324" role=""/>
  <member type="way" ref="712612323" role=""/>
  <member type="way" ref="584969893" role=""/>
  <member type="way" ref="584969894" role=""/>
  <member type="way" ref="539660060" role=""/>
  <member type="way" ref="539660059" role=""/>
  <member type="way" ref="712612322" role=""/>
  <member type="way" ref="712612321" role=""/>
  <member type="way" ref="712612320" role=""/>
  <member type="way" ref="712612319" role=""/>
  <member type="way" ref="712612317" role=""/>
  <member type="way" ref="712612316" role=""/>
  <member type="way" ref="712615881" role=""/>
  <member type="way" ref="712615878" role=""/>
  <member type="way" ref="712615876" role=""/>
  <member type="way" ref="712615877" role=""/>
  <member type="way" ref="712613941" role=""/>
  <member type="way" ref="712613938" role=""/>
  <member type="way" ref="712613939" role=""/>
  <member type="way" ref="712612633" role=""/>
  <member type="way" ref="712615874" role=""/>
  <member type="way" ref="693841946" role=""/>
  <member type="way" ref="693841947" role=""/>
  <member type="way" ref="732614362" role=""/>
  <member type="way" ref="732614363" role=""/>
  <member type="way" ref="832500643" role=""/>
  <member type="way" ref="832500642" role=""/>
  <member type="way" ref="693841944" role=""/>
  <member type="way" ref="693841948" role=""/>
  <member type="way" ref="693841945" role=""/>
  <member type="way" ref="236808156" role=""/>
  <member type="way" ref="833741416" role=""/>
  <member type="way" ref="631410075" role=""/>
  <member type="way" ref="829035202" role=""/>
  <member type="way" ref="832471312" role=""/>
  <member type="way" ref="832471311" role=""/>
  <member type="way" ref="829035201" role=""/>
  <member type="way" ref="831041281" role=""/>
  <member type="way" ref="831041282" role=""/>
  <member type="way" ref="829035204" role=""/>
  <member type="way" ref="829035203" role=""/>
  <member type="way" ref="1135137516" role=""/>
  <member type="way" ref="1135137515" role=""/>
  <member type="way" ref="829515983" role=""/>
  <member type="way" ref="829515981" role=""/>
  <member type="way" ref="829515982" role=""/>
  <member type="way" ref="829515984" role=""/>
  <member type="way" ref="908323344" role=""/>
  <member type="way" ref="908323347" role=""/>
  <member type="way" ref="1135137511" role=""/>
  <member type="way" ref="1135137512" role=""/>
  <member type="way" ref="1135137507" role=""/>
  <member type="way" ref="1135137510" role=""/>
  <member type="way" ref="1135137509" role=""/>
  <member type="way" ref="1135137508" role=""/>
  <member type="way" ref="1135137513" role=""/>
  <member type="way" ref="1135137514" role=""/>
  <member type="way" ref="148928473" role=""/>
  <member type="way" ref="1173054993" role=""/>
  <member type="way" ref="1306326969" role=""/>
  <member type="way" ref="1306326968" role=""/>
  <member type="way" ref="1306326967" role=""/>
  <member type="way" ref="712426578" role=""/>
  <member type="way" ref="1480748629" role=""/>
  <member type="way" ref="1480748633" role=""/>
  <member type="way" ref="1480748630" role=""/>
  <member type="way" ref="1480748627" role=""/>
  <member type="way" ref="712417559" role=""/>
  <member type="way" ref="1480748618" role=""/>
  <member type="way" ref="1480748607" role=""/>
  <member type="way" ref="712415278" role=""/>
  <member type="way" ref="1480748603" role=""/>
  <member type="way" ref="712415038" role=""/>
  <member type="way" ref="1480748582" role=""/>
  <member type="way" ref="1480748576" role=""/>
  <member type="way" ref="1480748578" role=""/>
  <member type="way" ref="874524312" role=""/>
  <member type="way" ref="1215972379" role=""/>
  <member type="way" ref="1215972378" role=""/>
  <member type="way" ref="1173054992" role=""/>
  <member type="way" ref="204007690" role=""/>
  <member type="way" ref="1372243773" role=""/>
  <member type="way" ref="712429320" role=""/>
  <member type="way" ref="712429613" role=""/>
  <member type="way" ref="908323351" role=""/>
  <member type="way" ref="908323352" role=""/>
  <member type="way" ref="141829521" role=""/>
  <member type="way" ref="712449909" role=""/>
  <member type="way" ref="712449908" role=""/>
  <member type="way" ref="712449906" role=""/>
  <member type="way" ref="712449907" role=""/>
  <member type="way" ref="908323323" role=""/>
  <member type="way" ref="908323324" role=""/>
  <member type="way" ref="712449903" role=""/>
  <member type="way" ref="52649557" role=""/>
  <member type="way" ref="1057749565" role=""/>
  <member type="way" ref="908323339" role=""/>
  <member type="way" ref="830647046" role=""/>
  <member type="way" ref="830647045" role=""/>
  <member type="way" ref="712449901" role=""/>
  <member type="way" ref="712449900" role=""/>
  <member type="way" ref="712449899" role=""/>
  <member type="way" ref="826836804" role=""/>
  <member type="way" ref="826836803" role=""/>
  <member type="way" ref="826838838" role=""/>
  <member type="way" ref="826838837" role=""/>
  <member type="way" ref="828090307" role=""/>
  <member type="way" ref="828090306" role=""/>
  <member type="way" ref="908323345" role=""/>
  <member type="way" ref="908323350" role=""/>
  <member type="way" ref="712449898" role=""/>
  <member type="way" ref="828382781" role=""/>
  <member type="way" ref="712446432" role=""/>
  <member type="way" ref="712444220" role=""/>
  <member type="way" ref="712444219" role=""/>
  <member type="way" ref="712431060" role=""/>
  <member type="way" ref="712431059" role=""/>
  <member type="way" ref="257353758" role=""/>
  <member type="way" ref="257353754" role=""/>
  <member type="way" ref="257353759" role=""/>
  <member type="way" ref="257353760" role=""/>
  <member type="way" ref="712430767" role=""/>
  <member type="way" ref="712430766" role=""/>
  <member type="way" ref="257353756" role=""/>
  <member type="way" ref="257353761" role=""/>
  <member type="way" ref="257353757" role=""/>
  <member type="way" ref="712430606" role=""/>
  <member type="way" ref="712430604" role=""/>
  <member type="way" ref="712430610" role=""/>
  <member type="way" ref="712430761" role=""/>
  <member type="way" ref="712430762" role=""/>
  <member type="way" ref="712430765" role=""/>
  <member type="way" ref="712430768" role=""/>
  <member type="way" ref="712430769" role=""/>
  <member type="way" ref="908340821" role=""/>
  <member type="way" ref="712431052" role=""/>
  <member type="way" ref="712431057" role=""/>
  <member type="way" ref="712431058" role=""/>
  <member type="way" ref="712431061" role=""/>
  <member type="way" ref="712444217" role=""/>
  <member type="way" ref="712444218" role=""/>
  <member type="way" ref="712446431" role=""/>
  <member type="way" ref="908323356" role=""/>
  <member type="way" ref="908323349" role=""/>
  <member type="way" ref="908323346" role=""/>
  <member type="way" ref="1135682891" role=""/>
  <member type="way" ref="1148422043" role=""/>
  <member type="way" ref="1135682890" role=""/>
  <member type="way" ref="541208313" role=""/>
  <member type="way" ref="908323315" role=""/>
  <member type="way" ref="908323316" role=""/>
  <member type="way" ref="908323320" role=""/>
  <member type="way" ref="908323321" role=""/>
  <member type="way" ref="712449904" role=""/>
  <member type="way" ref="712449905" role=""/>
  <member type="way" ref="908323333" role=""/>
  <member type="way" ref="908323334" role=""/>
  <member type="way" ref="1057749564" role=""/>
  <member type="way" ref="908323340" role=""/>
  <member type="way" ref="1148422044" role=""/>
  <member type="way" ref="908087392" role=""/>
  <member type="way" ref="141829517" role=""/>
  <member type="way" ref="819659295" role=""/>
  <member type="way" ref="819659294" role=""/>
  <member type="way" ref="1459777020" role=""/>
  <member type="way" ref="712449910" role=""/>
  <member type="way" ref="712449911" role=""/>
  <member type="way" ref="908087391" role=""/>
  <member type="way" ref="712428175" role=""/>
  <member type="way" ref="712428178" role=""/>
  <member type="way" ref="291703973" role=""/>
  <member type="way" ref="291703977" role=""/>
  <member type="way" ref="712428333" role=""/>
  <member type="way" ref="712428334" role=""/>
  <member type="way" ref="1202245929" role=""/>
  <member type="way" ref="712428585" role=""/>
  <member type="way" ref="712428586" role=""/>
  <member type="way" ref="204131482" role=""/>
  <member type="way" ref="204131481" role=""/>
  <member type="way" ref="712429225" role=""/>
  <member type="way" ref="712428590" role=""/>
  <member type="way" ref="712428589" role=""/>
  <member type="way" ref="712428588" role=""/>
  <member type="way" ref="712428587" role=""/>
  <member type="way" ref="712428584" role=""/>
  <member type="way" ref="1202245930" role=""/>
  <member type="way" ref="712428335" role=""/>
  <member type="way" ref="712428332" role=""/>
  <member type="way" ref="712428331" role=""/>
  <member type="way" ref="712428330" role=""/>
  <member type="way" ref="712428179" role=""/>
  <member type="way" ref="712428176" role=""/>
  <member type="way" ref="1202245931" role=""/>
  <member type="way" ref="1202245932" role=""/>
  <member type="way" ref="827238685" role=""/>
  <member type="way" ref="291703976" role=""/>
  <member type="way" ref="237188588" role=""/>
  <member type="way" ref="291704020" role=""/>
  <member type="way" ref="291704022" role=""/>
  <member type="way" ref="291704021" role=""/>
  <member type="way" ref="291704019" role=""/>
  <member type="way" ref="291704032" role=""/>
  <member type="way" ref="291704033" role=""/>
  <member type="way" ref="291704098" role=""/>
  <member type="way" ref="291704101" role=""/>
  <member type="way" ref="291704099" role=""/>
  <member type="way" ref="291704100" role=""/>
  <member type="way" ref="291704139" role=""/>
  <member type="way" ref="908340822" role=""/>
  <member type="way" ref="237191271" role=""/>
  <member type="way" ref="1173054999" role=""/>
  <member type="way" ref="1173054995" role=""/>
  <member type="way" ref="1173054996" role=""/>
  <member type="way" ref="712429226" role=""/>
  <member type="way" ref="712429227" role=""/>
  <member type="way" ref="52649558" role=""/>
  <member type="way" ref="908323348" role=""/>
  <member type="way" ref="712427517" role=""/>
  <member type="way" ref="712427516" role=""/>
  <member type="way" ref="712427514" role=""/>
  <member type="way" ref="712427515" role=""/>
  <member type="way" ref="712427513" role=""/>
  <member type="way" ref="712427512" role=""/>
  <member type="way" ref="712427509" role=""/>
  <member type="way" ref="712427510" role=""/>
  <member type="way" ref="742386604" role=""/>
  <member type="way" ref="742386603" role=""/>
  <member type="way" ref="1482401642" role=""/>
  <member type="way" ref="1482401643" role=""/>
  <member type="way" ref="1226807669" role=""/>
  <member type="way" ref="639660468" role=""/>
  <member type="way" ref="1320010880" role=""/>
  <member type="way" ref="1320010882" role=""/>
  <member type="way" ref="231685534" role=""/>
  <member type="way" ref="830679773" role=""/>
  <member type="way" ref="141829527" role=""/>
  <member type="way" ref="637549004" role=""/>
  <member type="way" ref="35976856" role=""/>
  <member type="way" ref="1173054998" role=""/>
  <member type="way" ref="712041196" role=""/>
  <member type="way" ref="1290850867" role=""/>
  <member type="way" ref="1290850869" role=""/>
  <member type="way" ref="712165865" role=""/>
  <member type="way" ref="712165870" role=""/>
  <member type="way" ref="1290850868" role=""/>
  <member type="way" ref="1290850866" role=""/>
  <member type="way" ref="712041198" role=""/>
  <member type="way" ref="712041195" role=""/>
  <member type="way" ref="712040244" role=""/>
  <member type="way" ref="1481641257" role=""/>
  <member type="way" ref="712040243" role=""/>
  <member type="way" ref="52562960" role=""/>
  <member type="way" ref="734822680" role=""/>
  <member type="way" ref="151570030" role=""/>
  <member type="way" ref="1037977549" role=""/>
  <member type="way" ref="1037977547" role=""/>
  <member type="way" ref="1360572981" role=""/>
  <member type="way" ref="954755907" role=""/>
  <member type="way" ref="147845293" role=""/>
  <member type="way" ref="232401692" role=""/>
  <member type="way" ref="1418587645" role=""/>
  <member type="way" ref="711566376" role=""/>
  <member type="way" ref="711567238" role=""/>
  <member type="way" ref="711567241" role=""/>
  <member type="way" ref="711567242" role=""/>
  <member type="way" ref="711567245" role=""/>
  <member type="way" ref="711585540" role=""/>
  <member type="way" ref="711629315" role=""/>
  <member type="way" ref="711629317" role=""/>
  <member type="way" ref="711637111" role=""/>
  <member type="way" ref="711637112" role=""/>
  <member type="way" ref="711637114" role=""/>
  <member type="way" ref="711655643" role=""/>
  <member type="way" ref="711656849" role=""/>
  <member type="way" ref="1290854486" role=""/>
  <member type="way" ref="1290854487" role=""/>
  <member type="way" ref="711985215" role=""/>
  <member type="way" ref="711985216" role=""/>
  <member type="way" ref="711985217" role=""/>
  <member type="way" ref="711985220" role=""/>
  <member type="way" ref="711987591" role=""/>
  <member type="way" ref="711987592" role=""/>
  <member type="way" ref="711987605" role=""/>
  <member type="way" ref="1481641255" role=""/>
  <member type="way" ref="1481641256" role=""/>
  <member type="way" ref="711987604" role=""/>
  <member type="way" ref="148594687" role=""/>
  <member type="way" ref="148594706" role=""/>
  <member type="way" ref="711985218" role=""/>
  <member type="way" ref="711985219" role=""/>
  <member type="way" ref="799608145" role=""/>
  <member type="way" ref="160184177" role=""/>
  <member type="way" ref="1290854488" role=""/>
  <member type="way" ref="1290854485" role=""/>
  <member type="way" ref="52562953" role=""/>
  <member type="way" ref="711655642" role=""/>
  <member type="way" ref="711655641" role=""/>
  <member type="way" ref="52578357" role=""/>
  <member type="way" ref="52578356" role=""/>
  <member type="way" ref="711634241" role=""/>
  <member type="way" ref="711629316" role=""/>
  <member type="way" ref="711585542" role=""/>
  <member type="way" ref="711567244" role=""/>
  <member type="way" ref="711567243" role=""/>
  <member type="way" ref="711567240" role=""/>
  <member type="way" ref="711567239" role=""/>
  <member type="way" ref="711566377" role=""/>
  <member type="way" ref="232401698" role=""/>
  <member type="way" ref="151570033" role=""/>
  <member type="way" ref="711634244" role=""/>
  <member type="way" ref="711634242" role=""/>
  <member type="way" ref="711634240" role=""/>
  <member type="way" ref="711634238" role=""/>
  <member type="way" ref="711634236" role=""/>
  <member type="way" ref="711634234" role=""/>
  <member type="way" ref="711629322" role=""/>
  <member type="way" ref="711629328" role=""/>
  <member type="way" ref="711629326" role=""/>
  <member type="way" ref="711629312" role=""/>
  <member type="way" ref="908623069" role=""/>
  <member type="way" ref="566697702" role=""/>
  <member type="way" ref="566697701" role=""/>
  <member type="way" ref="52577538" role=""/>
  <member type="way" ref="148598694" role=""/>
  <member type="way" ref="711992052" role=""/>
  <member type="way" ref="151570034" role=""/>
  <member type="way" ref="148594688" role=""/>
  <member type="way" ref="148594707" role=""/>
  <member type="way" ref="1309995029" role=""/>
  <member type="way" ref="1309995030" role=""/>
  <member type="way" ref="148594694" role=""/>
  <member type="way" ref="148594695" role=""/>
  <member type="way" ref="148594691" role=""/>
  <member type="way" ref="711987603" role=""/>
  <member type="way" ref="711987602" role=""/>
  <member type="way" ref="711987601" role=""/>
  <member type="way" ref="711987594" role=""/>
  <member type="way" ref="1215972376" role=""/>
  <member type="way" ref="1215972374" role=""/>
  <member type="way" ref="1215972375" role=""/>
  <member type="way" ref="703024220" role=""/>
  <member type="way" ref="703024219" role=""/>
  <member type="way" ref="703024221" role=""/>
  <member type="way" ref="908340823" role=""/>
  <member type="way" ref="1292757223" role=""/>
  <member type="way" ref="832431844" role=""/>
  <member type="way" ref="832431843" role=""/>
  <member type="way" ref="318667766" role=""/>
  <member type="way" ref="712167967" role=""/>
  <member type="way" ref="712167966" role=""/>
  <member type="way" ref="712167665" role=""/>
  <member type="way" ref="712167666" role=""/>
  <member type="way" ref="151688160" role=""/>
  <member type="way" ref="643179707" role=""/>
  <member type="way" ref="1363080239" role=""/>
  <member type="way" ref="480830668" role=""/>
  <member type="way" ref="53646974" role=""/>
  <member type="way" ref="711272185" role=""/>
  <member type="way" ref="711270093" role=""/>
  <member type="way" ref="905464158" role=""/>
  <member type="way" ref="905527191" role=""/>
  <member type="way" ref="905527202" role=""/>
  <member type="way" ref="905527203" role=""/>
  <member type="way" ref="905527204" role=""/>
  <member type="way" ref="732651810" role=""/>
  <member type="way" ref="905527206" role=""/>
  <member type="way" ref="1487073062" role=""/>
  <member type="way" ref="1487073066" role=""/>
  <member type="way" ref="1487073065" role=""/>
  <member type="way" ref="1487073061" role=""/>
  <member type="way" ref="147532620" role=""/>
  <member type="way" ref="147532627" role=""/>
  <member type="way" ref="147532611" role=""/>
  <member type="way" ref="1385082376" role=""/>
  <member type="way" ref="777645750" role=""/>
  <member type="way" ref="1385082379" role=""/>
  <member type="way" ref="1385082378" role=""/>
  <member type="way" ref="1385082380" role=""/>
  <member type="way" ref="1331251257" role=""/>
  <member type="way" ref="786422789" role=""/>
  <member type="way" ref="1331250466" role=""/>
  <member type="way" ref="771796726" role=""/>
  <member type="way" ref="1408764943" role=""/>
  <member type="way" ref="780078889" role=""/>
  <member type="way" ref="774523640" role=""/>
  <member type="way" ref="780078891" role=""/>
  <member type="way" ref="1382927456" role=""/>
  <member type="way" ref="1347901768" role=""/>
  <member type="way" ref="368584789" role=""/>
  <member type="way" ref="196896057" role=""/>
  <member type="way" ref="53647019" role=""/>
  <member type="way" ref="711274647" role=""/>
  <member type="way" ref="739787538" role=""/>
  <member type="way" ref="739787540" role=""/>
  <member type="way" ref="711276136" role=""/>
  <member type="way" ref="711276141" role=""/>
  <member type="way" ref="711276142" role=""/>
  <member type="way" ref="1378913319" role=""/>
  <member type="way" ref="932682986" role=""/>
  <member type="way" ref="1409182523" role=""/>
  <member type="way" ref="1480615650" role=""/>
  <member type="way" ref="693587582" role=""/>
  <member type="way" ref="52560806" role=""/>
  <member type="way" ref="1346323230" role=""/>
  <member type="way" ref="933082418" role=""/>
  <member type="way" ref="933082417" role=""/>
  <member type="way" ref="739794450" role=""/>
  <member type="way" ref="52562955" role=""/>
  <member type="way" ref="1374157740" role=""/>
  <member type="way" ref="1120325489" role=""/>
  <member type="way" ref="711284956" role=""/>
  <member type="way" ref="933086748" role=""/>
  <member type="way" ref="933086747" role=""/>
  <member type="way" ref="711284957" role=""/>
  <member type="way" ref="151966527" role=""/>
  <member type="way" ref="151966529" role=""/>
  <member type="way" ref="693587602" role=""/>
  <member type="way" ref="693587603" role=""/>
  <member type="way" ref="711291310" role=""/>
  <member type="way" ref="703042263" role=""/>
  <member type="way" ref="712446437" role=""/>
  <member type="way" ref="712446438" role=""/>
  <member type="way" ref="693587579" role=""/>
  <member type="way" ref="693587575" role=""/>
  <member type="way" ref="693587576" role=""/>
  <member type="way" ref="829236530" role=""/>
  <member type="way" ref="829236529" role=""/>
  <member type="way" ref="693587596" role=""/>
  <member type="way" ref="1296348872" role=""/>
  <member type="way" ref="693587597" role=""/>
  <member type="way" ref="693587598" role=""/>
  <member type="way" ref="693587599" role=""/>
  <member type="way" ref="693587600" role=""/>
  <member type="way" ref="703039719" role=""/>
  <member type="way" ref="703039718" role=""/>
  <member type="way" ref="732649942" role=""/>
  <member type="way" ref="732649943" role=""/>
  <member type="way" ref="1220179986" role=""/>
  <member type="way" ref="1220179989" role=""/>
  <member type="way" ref="1296348868" role=""/>
  <member type="way" ref="1296348869" role=""/>
  <member type="way" ref="1296348865" role=""/>
  <member type="way" ref="1296348866" role=""/>
  <member type="way" ref="1296348867" role=""/>
  <member type="way" ref="711286899" role=""/>
  <member type="way" ref="711286902" role=""/>
  <member type="way" ref="711286905" role=""/>
  <member type="way" ref="711289149" role=""/>
  <member type="way" ref="711291306" role=""/>
  <member type="way" ref="711291307" role=""/>
  <member type="way" ref="711289148" role=""/>
  <member type="way" ref="711286906" role=""/>
  <member type="way" ref="711286901" role=""/>
  <member type="way" ref="711286900" role=""/>
  <member type="way" ref="1296348861" role=""/>
  <member type="way" ref="1296348862" role=""/>
  <member type="way" ref="1296348863" role=""/>
  <member type="way" ref="1296348864" role=""/>
  <member type="way" ref="1296348859" role=""/>
  <member type="way" ref="1296348860" role=""/>
  <member type="way" ref="1220179988" role=""/>
  <member type="way" ref="1220179987" role=""/>
  <member type="way" ref="732649941" role=""/>
  <member type="way" ref="732649940" role=""/>
  <member type="way" ref="703039717" role=""/>
  <member type="way" ref="693587601" role=""/>
  <member type="way" ref="693587593" role=""/>
  <member type="way" ref="693587592" role=""/>
  <member type="way" ref="693587591" role=""/>
  <member type="way" ref="1296348873" role=""/>
  <member type="way" ref="693587590" role=""/>
  <member type="way" ref="693587589" role=""/>
  <member type="way" ref="905464143" role=""/>
  <member type="way" ref="905464144" role=""/>
  <member type="way" ref="693587577" role=""/>
  <member type="way" ref="693587580" role=""/>
  <member type="way" ref="693587584" role=""/>
  <member type="way" ref="712446440" role=""/>
  <member type="way" ref="712446439" role=""/>
  <member type="way" ref="231991935" role=""/>
  <member type="way" ref="605830164" role=""/>
  <member type="way" ref="1218400777" role=""/>
  <member type="way" ref="1218400782" role=""/>
  <member type="way" ref="231991932" role=""/>
  <member type="way" ref="1218400781" role=""/>
  <member type="way" ref="147845297" role=""/>
  <member type="way" ref="1037977545" role=""/>
  <member type="way" ref="147845290" role=""/>
  <member type="way" ref="231992514" role=""/>
  <member type="way" ref="1218400793" role=""/>
  <member type="way" ref="151966528" role=""/>
  <member type="way" ref="954755909" role=""/>
  <member type="way" ref="954755908" role=""/>
  <member type="way" ref="954755910" role=""/>
  <member type="way" ref="1218400786" role=""/>
  <member type="way" ref="1218400778" role=""/>
  <member type="way" ref="1218400774" role=""/>
  <member type="way" ref="1218400790" role=""/>
  <member type="way" ref="1218400780" role=""/>
  <member type="way" ref="1115240679" role=""/>
  <member type="way" ref="152170935" role=""/>
  <member type="way" ref="152170939" role=""/>
  <member type="way" ref="711565007" role=""/>
  <member type="way" ref="711565008" role=""/>
  <member type="way" ref="711565011" role=""/>
  <member type="way" ref="711565012" role=""/>
  <member type="way" ref="637557238" role=""/>
  <member type="way" ref="1115240678" role=""/>
  <member type="way" ref="151688170" role=""/>
  <member type="way" ref="711274639" role=""/>
  <member type="way" ref="137992957" role=""/>
  <member type="way" ref="711272182" role=""/>
  <member type="way" ref="160319125" role=""/>
  <member type="way" ref="693591448" role=""/>
  <member type="way" ref="219020347" role=""/>
  <member type="way" ref="219020346" role=""/>
  <member type="way" ref="160319126" role=""/>
  <member type="way" ref="732651809" role=""/>
  <member type="way" ref="905527205" role=""/>
  <member type="way" ref="1487073058" role=""/>
  <member type="way" ref="1487073064" role=""/>
  <member type="way" ref="1487073063" role=""/>
  <member type="way" ref="1487073060" role=""/>
  <member type="way" ref="776901304" role=""/>
  <member type="way" ref="776901300" role=""/>
  <member type="way" ref="776901301" role=""/>
  <member type="way" ref="147532609" role=""/>
  <member type="way" ref="1385082381" role=""/>
  <member type="way" ref="1331251259" role=""/>
  <member type="way" ref="1385082377" role=""/>
  <member type="way" ref="566917224" role=""/>
  <member type="way" ref="1331250467" role=""/>
  <member type="way" ref="1027024935" role=""/>
  <member type="way" ref="1408764946" role=""/>
  <member type="way" ref="1487075304" role=""/>
  <member type="way" ref="1408764944" role=""/>
  <member type="way" ref="147532624" role=""/>
  <member type="way" ref="147532616" role=""/>
  <member type="way" ref="147532623" role=""/>
  <member type="way" ref="1382927455" role=""/>
  <member type="way" ref="1354421635" role=""/>
  <member type="way" ref="52646227" role=""/>
  <member type="way" ref="894890066" role=""/>
  <member type="way" ref="151688177" role=""/>
  <member type="way" ref="711274649" role=""/>
  <member type="way" ref="739787539" role=""/>
  <member type="way" ref="469658628" role=""/>
  <member type="way" ref="711274648" role=""/>
  <member type="way" ref="711276139" role=""/>
  <member type="way" ref="711276140" role=""/>
  <member type="way" ref="932682983" role=""/>
  <member type="way" ref="1378913321" role=""/>
  <member type="way" ref="932682984" role=""/>
  <member type="way" ref="1355922101" role=""/>
  <member type="way" ref="1480615649" role=""/>
  <member type="way" ref="711291309" role=""/>
  <member type="way" ref="480830679" role=""/>
  <member type="way" ref="711562153" role=""/>
  <member type="way" ref="480825559" role=""/>
  <member type="way" ref="480825558" role=""/>
  <member type="way" ref="231991934" role=""/>
  <member type="way" ref="231991933" role=""/>
  <member type="way" ref="151688168" role=""/>
  <member type="way" ref="933090628" role=""/>
  <member type="way" ref="711563594" role=""/>
  <member type="way" ref="711563971" role=""/>
  <member type="way" ref="782033077" role=""/>
  <member type="way" ref="782033078" role=""/>
  <member type="way" ref="528871820" role=""/>
  <member type="way" ref="528866642" role=""/>
  <member type="way" ref="52578355" role=""/>
  <member type="way" ref="528866640" role=""/>
  <member type="way" ref="232094099" role=""/>
  <member type="way" ref="1115240680" role=""/>
  <member type="way" ref="1115240677" role=""/>
  <member type="way" ref="1115240681" role=""/>
  <member type="way" ref="973216065" role=""/>
  <member type="way" ref="1421677468" role=""/>
  <member type="way" ref="1296929384" role=""/>
  <member type="way" ref="1270566014" role=""/>
  <member type="way" ref="1296929383" role=""/>
  <member type="way" ref="1063602345" role=""/>
  <member type="way" ref="53496289" role=""/>
  <member type="way" ref="1192581774" role=""/>
  <member type="way" ref="1065058494" role=""/>
  <member type="way" ref="972594768" role=""/>
  <member type="way" ref="974366904" role=""/>
  <member type="way" ref="1319184207" role=""/>
  <member type="way" ref="1489837861" role=""/>
  <member type="way" ref="1022126890" role=""/>
  <member type="way" ref="1022126891" role=""/>
  <member type="way" ref="1489836763" role=""/>
  <member type="way" ref="611091592" role=""/>
  <member type="way" ref="1222679816" role=""/>
  <member type="way" ref="1314290484" role=""/>
  <member type="way" ref="1159792920" role=""/>
  <member type="way" ref="1159792916" role=""/>
  <member type="way" ref="974869696" role=""/>
  <member type="way" ref="1107079642" role=""/>
  <member type="way" ref="974869695" role=""/>
  <member type="way" ref="1107079643" role=""/>
  <member type="way" ref="1382964926" role=""/>
  <member type="way" ref="1226711144" role=""/>
  <member type="way" ref="1226711146" role=""/>
  <member type="way" ref="53498208" role=""/>
  <member type="way" ref="976890596" role=""/>
  <member type="way" ref="976890597" role=""/>
  <member type="way" ref="563820441" role=""/>
  <member type="way" ref="1100851708" role=""/>
  <member type="way" ref="1100851712" role=""/>
  <member type="way" ref="1193928742" role=""/>
  <member type="way" ref="922225749" role=""/>
  <member type="way" ref="1095291758" role=""/>
  <member type="way" ref="1218968896" role=""/>
  <member type="way" ref="151820476" role=""/>
  <member type="way" ref="1022123311" role=""/>
  <member type="way" ref="1100618199" role=""/>
  <member type="way" ref="1225145338" role=""/>
  <member type="way" ref="563863328" role=""/>
  <member type="way" ref="972594774" role=""/>
  <member type="way" ref="972594774" role=""/>
  <member type="way" ref="1450070056" role=""/>
  <member type="way" ref="1234495055" role=""/>
  <member type="way" ref="563863321" role=""/>
  <member type="way" ref="970262429" role=""/>
  <member type="way" ref="563863315" role=""/>
  <member type="way" ref="972594775" role=""/>
  <member type="way" ref="1234495054" role=""/>
  <member type="way" ref="1450070057" role=""/>
  <member type="way" ref="717560272" role=""/>
  <member type="way" ref="717560274" role=""/>
  <member type="way" ref="1063602344" role=""/>
  <member type="way" ref="722590544" role=""/>
  <member type="way" ref="563824360" role=""/>
  <member type="way" ref="1022444212" role=""/>
  <member type="way" ref="1221478837" role=""/>
  <member type="way" ref="1221478836" role=""/>
  <member type="way" ref="1229237834" role=""/>
  <member type="way" ref="563824356" role=""/>
  <member type="way" ref="1178005532" role=""/>
  <member type="way" ref="1021816296" role=""/>
  <member type="way" ref="1181280268" role=""/>
  <member type="way" ref="1021816304" role=""/>
  <member type="way" ref="1220551146" role=""/>
  <member type="way" ref="1220551147" role=""/>
  <member type="way" ref="1223386454" role=""/>
  <member type="way" ref="1223386455" role=""/>
  <member type="way" ref="1021816292" role=""/>
  <member type="way" ref="972534502" role=""/>
  <member type="way" ref="1099661256" role=""/>
  <member type="way" ref="1099661254" role=""/>
  <member type="way" ref="294020650" role=""/>
  <member type="way" ref="970089769" role=""/>
  <member type="way" ref="721724313" role=""/>
  <member type="way" ref="721724309" role=""/>
  <member type="way" ref="53499663" role=""/>
  <member type="way" ref="721724906" role=""/>
  <member type="way" ref="977346751" role=""/>
  <member type="way" ref="721724907" role=""/>
  <member type="way" ref="721724307" role=""/>
  <member type="way" ref="53499683" role=""/>
  <member type="way" ref="977346750" role=""/>
  <member type="way" ref="722352801" role=""/>
  <member type="way" ref="981281212" role=""/>
  <member type="way" ref="722605887" role=""/>
  <member type="way" ref="722605889" role=""/>
  <member type="way" ref="722605922" role=""/>
  <member type="way" ref="722605890" role=""/>
  <member type="way" ref="722605891" role=""/>
  <member type="way" ref="53499631" role=""/>
  <member type="way" ref="1319183834" role=""/>
  <member type="way" ref="1319183832" role=""/>
  <member type="way" ref="606543187" role=""/>
  <member type="way" ref="722559570" role=""/>
  <member type="way" ref="722594803" role=""/>
  <member type="way" ref="722590542" role=""/>
  <member type="way" ref="1360096416" role=""/>
  <member type="way" ref="922837572" role=""/>
  <member type="way" ref="1278431087" role=""/>
  <member type="way" ref="1278431086" role=""/>
  <member type="way" ref="1269264078" role=""/>
  <member type="way" ref="977346746" role=""/>
  <member type="way" ref="1059687561" role=""/>
  <member type="way" ref="1059687560" role=""/>
  <member type="way" ref="1059687559" role=""/>
  <member type="way" ref="1059687558" role=""/>
  <member type="way" ref="1059687557" role=""/>
  <member type="way" ref="1059687556" role=""/>
  <member type="way" ref="1308831111" role=""/>
  <member type="way" ref="722547633" role=""/>
  <member type="way" ref="1215703868" role=""/>
  <member type="way" ref="977346747" role=""/>
  <member type="way" ref="635485850" role=""/>
  <member type="way" ref="1307192291" role=""/>
  <member type="way" ref="1307192290" role=""/>
  <member type="way" ref="1221477951" role=""/>
  <member type="way" ref="1221477950" role=""/>
  <member type="way" ref="330532351" role=""/>
  <member type="way" ref="722541343" role=""/>
  <member type="way" ref="1021845069" role=""/>
  <member type="way" ref="722541344" role=""/>
  <member type="way" ref="1221478830" role=""/>
  <member type="way" ref="1221478834" role=""/>
  <member type="way" ref="290403929" role=""/>
  <member type="way" ref="1059661073" role=""/>
  <member type="way" ref="1059661074" role=""/>
  <member type="way" ref="1007227878" role=""/>
  <member type="way" ref="566555201" role=""/>
  <member type="way" ref="977346744" role=""/>
  <member type="way" ref="722544493" role=""/>
  <member type="way" ref="1360096415" role=""/>
  <member type="way" ref="1012315234" role=""/>
  <member type="way" ref="566551498" role=""/>
  <member type="way" ref="744368761" role=""/>
  <member type="way" ref="744368763" role=""/>
  <member type="way" ref="1012316328" role=""/>
  <member type="way" ref="1271931191" role=""/>
  <member type="way" ref="1411102034" role=""/>
  <member type="way" ref="1012315235" role=""/>
  <member type="way" ref="1021065774" role=""/>
  <member type="way" ref="1021065772" role=""/>
  <member type="way" ref="1012315232" role=""/>
  <member type="way" ref="1265525421" role=""/>
  <member type="way" ref="1160102613" role=""/>
  <member type="way" ref="1160102616" role=""/>
  <member type="way" ref="1160102615" role=""/>
  <member type="way" ref="1059687555" role=""/>
  <member type="way" ref="1099661260" role=""/>
  <member type="way" ref="721724308" role=""/>
  <member type="way" ref="721724311" role=""/>
  <member type="way" ref="1029473893" role=""/>
  <member type="way" ref="682348418" role=""/>
  <member type="way" ref="1219999103" role=""/>
  <member type="way" ref="1019925661" role=""/>
  <member type="way" ref="1376683145" role=""/>
  <member type="way" ref="1376678931" role=""/>
  <member type="way" ref="1376678927" role=""/>
  <member type="way" ref="604424398" role=""/>
  <member type="way" ref="604502184" role=""/>
  <member type="way" ref="604502185" role=""/>
  <member type="way" ref="1264074519" role=""/>
  <member type="way" ref="404679177" role=""/>
  <member type="way" ref="715903170" role=""/>
  <member type="way" ref="715893555" role=""/>
  <member type="way" ref="1173577406" role=""/>
  <member type="way" ref="312371748" role=""/>
  <member type="way" ref="404679181" role=""/>
  <member type="way" ref="1173577405" role=""/>
  <member type="way" ref="58368129" role=""/>
  <member type="way" ref="705428415" role=""/>
  <member type="way" ref="1173578150" role=""/>
  <member type="way" ref="1376678932" role=""/>
  <member type="way" ref="1376678928" role=""/>
  <member type="way" ref="1173578151" role=""/>
  <member type="way" ref="1219999107" role=""/>
  <member type="way" ref="705428414" role=""/>
  <member type="way" ref="740114293" role=""/>
  <member type="way" ref="1219999105" role=""/>
  <member type="way" ref="1335866194" role=""/>
  <member type="way" ref="1335866188" role=""/>
  <member type="way" ref="1335866186" role=""/>
  <member type="way" ref="1335866187" role=""/>
  <member type="way" ref="504139799" role=""/>
  <member type="way" ref="1090659719" role=""/>
  <member type="way" ref="33285459" role=""/>
  <member type="way" ref="1227951471" role=""/>
  <member type="way" ref="1318066756" role=""/>
  <member type="way" ref="33285456" role=""/>
  <member type="way" ref="977793637" role=""/>
  <member type="way" ref="1262431384" role=""/>
  <member type="way" ref="1262431495" role=""/>
  <member type="way" ref="977793638" role=""/>
  <member type="way" ref="605169164" role=""/>
  <member type="way" ref="977793639" role=""/>
  <member type="way" ref="975991770" role=""/>
  <member type="way" ref="32643894" role=""/>
  <member type="way" ref="964883209" role=""/>
  <member type="way" ref="1228547715" role=""/>
  <member type="way" ref="1228547717" role=""/>
  <member type="way" ref="404674693" role=""/>
  <member type="way" ref="404673967" role=""/>
  <member type="way" ref="1222652192" role=""/>
  <member type="way" ref="1270628970" role=""/>
  <member type="way" ref="1222652194" role=""/>
  <member type="way" ref="1267835531" role=""/>
  <member type="way" ref="1147797166" role=""/>
  <member type="way" ref="1269082107" role=""/>
  <member type="way" ref="978419859" role=""/>
  <member type="way" ref="1269264056" role=""/>
  <member type="way" ref="1061265028" role=""/>
  <member type="way" ref="1178717246" role=""/>
  <member type="way" ref="1183329374" role=""/>
  <member type="way" ref="1344368372" role=""/>
  <member type="way" ref="1228548600" role=""/>
  <member type="way" ref="1344368367" role=""/>
  <member type="way" ref="1390471288" role=""/>
  <member type="way" ref="1228548598" role=""/>
  <member type="way" ref="1269082105" role=""/>
  <member type="way" ref="999344017" role=""/>
  <member type="way" ref="1234494508" role=""/>
  <member type="way" ref="1174713473" role=""/>
  <member type="way" ref="609452979" role=""/>
  <member type="way" ref="1174713470" role=""/>
  <member type="way" ref="1174713469" role=""/>
  <member type="way" ref="1080678537" role=""/>
  <member type="way" ref="1219114722" role=""/>
  <member type="way" ref="1370334724" role=""/>
  <member type="way" ref="185313587" role=""/>
  <member type="way" ref="609452984" role=""/>
  <member type="way" ref="1219478122" role=""/>
  <member type="way" ref="1228563207" role=""/>
  <member type="way" ref="1219478128" role=""/>
  <member type="way" ref="609426505" role=""/>
  <member type="way" ref="1270595433" role=""/>
  <member type="way" ref="478832763" role=""/>
  <member type="way" ref="1265405857" role=""/>
  <member type="way" ref="1485905684" role=""/>
  <member type="way" ref="722605888" role=""/>
  <member type="way" ref="722605923" role=""/>
  <member type="way" ref="1165400860" role=""/>
  <member type="way" ref="1269264045" role=""/>
  <member type="way" ref="1165400858" role=""/>
  <member type="way" ref="185313601" role=""/>
  <member type="way" ref="1344344461" role=""/>
  <member type="way" ref="1059661076" role=""/>
  <member type="way" ref="1059661075" role=""/>
  <member type="way" ref="1228808019" role=""/>
  <member type="way" ref="1221477948" role=""/>
  <member type="way" ref="1221477947" role=""/>
  <member type="way" ref="1315050998" role=""/>
  <member type="way" ref="1265525438" role=""/>
  <member type="way" ref="631720521" role=""/>
  <member type="way" ref="1220778649" role=""/>
  <member type="way" ref="1220778650" role=""/>
  <member type="way" ref="977523905" role=""/>
  <member type="way" ref="1007185448" role=""/>
  <member type="way" ref="1227570135" role=""/>
  <member type="way" ref="1227570133" role=""/>
  <member type="way" ref="1220778648" role=""/>
  <member type="way" ref="1021065766" role=""/>
  <member type="way" ref="488651400" role=""/>
  <member type="way" ref="488651399" role=""/>
  <member type="way" ref="488651399" role=""/>
  <member type="way" ref="488651400" role=""/>
  <member type="way" ref="1021065766" role=""/>
  <member type="way" ref="1419976076" role=""/>
  <member type="way" ref="1018935902" role=""/>
  <member type="way" ref="743232316" role=""/>
  <member type="way" ref="723228212" role=""/>
  <member type="way" ref="723228214" role=""/>
  <member type="way" ref="1153121501" role=""/>
  <member type="way" ref="563802782" role=""/>
  <member type="way" ref="1164408889" role=""/>
  <member type="way" ref="723228215" role=""/>
  <member type="way" ref="32643896" role=""/>
  <member type="way" ref="723227125" role=""/>
  <member type="way" ref="32899365" role=""/>
  <member type="way" ref="721712897" role=""/>
  <member type="way" ref="721712898" role=""/>
  <member type="way" ref="563806995" role=""/>
  <member type="way" ref="834624815" role=""/>
  <member type="way" ref="721712899" role=""/>
  <member type="way" ref="721712900" role=""/>
  <member type="way" ref="294020649" role=""/>
  <member type="way" ref="1099661255" role=""/>
  <member type="way" ref="1099661253" role=""/>
  <member type="way" ref="1178005533" role=""/>
  <member type="way" ref="1021816295" role=""/>
  <member type="way" ref="1181280269" role=""/>
  <member type="way" ref="1021816297" role=""/>
  <member type="way" ref="1220551148" role=""/>
  <member type="way" ref="1220420753" role=""/>
  <member type="way" ref="563824358" role=""/>
  <member type="way" ref="1162975018" role=""/>
  <member type="way" ref="1029473892" role=""/>
  <member type="way" ref="721712895" role=""/>
  <member type="way" ref="1419189313" role=""/>
  <member type="way" ref="563806821" role=""/>
  <member type="way" ref="1220464844" role=""/>
  <member type="way" ref="563808710" role=""/>
  <member type="way" ref="1137195276" role=""/>
  <member type="way" ref="614617537" role=""/>
  <member type="way" ref="1022440112" role=""/>
  <member type="way" ref="709192610" role=""/>
  <member type="way" ref="1270566016" role=""/>
  <member type="way" ref="1220817437" role=""/>
  <member type="way" ref="1018935902" role=""/>
  <member type="way" ref="1419976076" role=""/>
  <member type="way" ref="1265525422" role=""/>
  <member type="way" ref="1220817439" role=""/>
  <member type="way" ref="1102615858" role=""/>
  <member type="way" ref="1102615856" role=""/>
  <member type="way" ref="1102615853" role=""/>
  <member type="way" ref="744368760" role=""/>
  <member type="way" ref="563804462" role=""/>
  <member type="way" ref="1322906348" role=""/>
  <member type="way" ref="721712894" role=""/>
  <member type="way" ref="1099661261" role=""/>
  <member type="way" ref="682348417" role=""/>
  <member type="way" ref="721712896" role=""/>
  <member type="way" ref="1411102033" role=""/>
  <member type="way" ref="1102615852" role=""/>
  <member type="way" ref="1102615854" role=""/>
  <member type="way" ref="1162975019" role=""/>
  <member type="way" ref="704548892" role=""/>
  <member type="way" ref="1419976077" role=""/>
  <member type="way" ref="566561285" role=""/>
  <member type="way" ref="1172326537" role=""/>
  <member type="way" ref="977346749" role=""/>
  <member type="way" ref="731807334" role=""/>
  <member type="way" ref="1465774689" role=""/>
  <member type="way" ref="976232593" role=""/>
  <member type="way" ref="1110166574" role=""/>
  <member type="way" ref="1007188426" role=""/>
  <member type="way" ref="1110166575" role=""/>
  <member type="way" ref="1018999649" role=""/>
  <member type="way" ref="1007186191" role=""/>
  <member type="way" ref="1008772741" role=""/>
  <member type="way" ref="1178717248" role=""/>
  <member type="way" ref="1344368355" role=""/>
  <member type="way" ref="1173573028" role=""/>
  <member type="way" ref="1344368366" role=""/>
  <member type="way" ref="1463428420" role=""/>
  <member type="way" ref="1183329376" role=""/>
  <member type="way" ref="1344368365" role=""/>
  <member type="way" ref="1463428403" role=""/>
  <member type="way" ref="1061265023" role=""/>
  <member type="way" ref="1061265030" role=""/>
  <member type="way" ref="1007227884" role=""/>
  <member type="way" ref="1269264055" role=""/>
  <member type="way" ref="978419860" role=""/>
  <member type="way" ref="1269264051" role=""/>
  <member type="way" ref="1061265031" role=""/>
  <member type="way" ref="1061265025" role=""/>
  <member type="way" ref="1390471285" role=""/>
  <member type="way" ref="1183329375" role=""/>
  <member type="way" ref="1390471286" role=""/>
  <member type="way" ref="1173573029" role=""/>
  <member type="way" ref="326770992" role=""/>
  <member type="way" ref="1080678535" role=""/>
  <member type="way" ref="609452977" role=""/>
  <member type="way" ref="1234494507" role=""/>
  <member type="way" ref="1080678534" role=""/>
  <member type="way" ref="1174713472" role=""/>
  <member type="way" ref="1174713474" role=""/>
  <member type="way" ref="1322846099" role=""/>
  <member type="way" ref="330378033" role=""/>
  <member type="way" ref="185313562" role=""/>
  <member type="way" ref="214584690" role=""/>
  <member type="way" ref="1219478123" role=""/>
  <member type="way" ref="1219478124" role=""/>
  <member type="way" ref="1015714684" role=""/>
  <member type="way" ref="723527397" role=""/>
  <member type="way" ref="723527396" role=""/>
  <member type="way" ref="723527398" role=""/>
  <member type="way" ref="223663125" role=""/>
  <member type="way" ref="330532319" role=""/>
  <member type="way" ref="326770995" role=""/>
  <member type="way" ref="1165400859" role=""/>
  <member type="way" ref="1265471305" role=""/>
  <member type="way" ref="1278431093" role=""/>
  <member type="way" ref="808497694" role=""/>
  <member type="way" ref="975924612" role=""/>
  <member type="way" ref="220423007" role=""/>
  <member type="way" ref="964883217" role=""/>
  <member type="way" ref="185313588" role=""/>
  <member type="way" ref="1146056722" role=""/>
  <member type="way" ref="1146056721" role=""/>
  <member type="way" ref="33285465" role=""/>
  <member type="way" ref="152067208" role=""/>
  <member type="way" ref="1173576243" role=""/>
  <member type="way" ref="717600763" role=""/>
  <member type="way" ref="1265700893" role=""/>
  <member type="way" ref="717596068" role=""/>
  <member type="way" ref="719435436" role=""/>
  <member type="way" ref="607624744" role=""/>
  <member type="way" ref="607624745" role=""/>
  <member type="way" ref="717585244" role=""/>
  <member type="way" ref="717585242" role=""/>
  <member type="way" ref="1116129783" role=""/>
  <member type="way" ref="714104145" role=""/>
  <member type="way" ref="715565631" role=""/>
  <member type="way" ref="1116129782" role=""/>
  <member type="way" ref="1231789679" role=""/>
  <member type="way" ref="136700458" role=""/>
  <member type="way" ref="1265700899" role=""/>
  <member type="way" ref="136700450" role=""/>
  <member type="way" ref="1265700898" role=""/>
  <member type="way" ref="136700451" role=""/>
  <member type="way" ref="1272139968" role=""/>
  <member type="way" ref="1459514153" role=""/>
  <member type="way" ref="1265700894" role=""/>
  <member type="way" ref="1008072832" role=""/>
  <member type="way" ref="1353113765" role=""/>
  <member type="way" ref="1223380512" role=""/>
  <member type="way" ref="1470831870" role=""/>
  <member type="way" ref="298026960" role=""/>
  <member type="way" ref="126169069" role=""/>
  <member type="way" ref="1150123233" role=""/>
  <member type="way" ref="1150124777" role=""/>
  <member type="way" ref="126169063" role=""/>
  <member type="way" ref="147635580" role=""/>
  <member type="way" ref="1150123230" role=""/>
  <member type="way" ref="1150123227" role=""/>
  <member type="way" ref="683718897" role=""/>
  <member type="way" ref="683718899" role=""/>
  <member type="way" ref="824113423" role=""/>
  <member type="way" ref="1271747055" role=""/>
  <member type="way" ref="683718893" role=""/>
  <member type="way" ref="683718891" role=""/>
  <member type="way" ref="1150123226" role=""/>
  <member type="way" ref="683718895" role=""/>
  <member type="way" ref="1150123228" role=""/>
  <member type="way" ref="147635571" role=""/>
  <member type="way" ref="151581278" role=""/>
  <member type="way" ref="1270907358" role=""/>
  <member type="way" ref="126169071" role=""/>
  <member type="way" ref="1150124778" role=""/>
  <member type="way" ref="1150124780" role=""/>
  <member type="way" ref="126169066" role=""/>
  <member type="way" ref="1470831869" role=""/>
  <member type="way" ref="360256616" role=""/>
  <member type="way" ref="1353113764" role=""/>
  <member type="way" ref="1314134665" role=""/>
  <member type="way" ref="1265700903" role=""/>
  <member type="way" ref="1459514152" role=""/>
  <member type="way" ref="1272139951" role=""/>
  <member type="way" ref="1272139952" role=""/>
  <member type="way" ref="1008072829" role=""/>
  <member type="way" ref="1265700904" role=""/>
  <member type="way" ref="136700457" role=""/>
  <member type="way" ref="1265700906" role=""/>
  <member type="way" ref="211221896" role=""/>
  <member type="way" ref="1203399168" role=""/>
  <member type="way" ref="1203399169" role=""/>
  <member type="way" ref="211221909" role=""/>
  <member type="way" ref="211221983" role=""/>
  <member type="way" ref="1213254532" role=""/>
  <member type="way" ref="1276098365" role=""/>
  <member type="way" ref="136737364" role=""/>
  <member type="way" ref="1267836604" role=""/>
  <member type="way" ref="975924621" role=""/>
  <member type="way" ref="136700459" role=""/>
  <member type="way" ref="1203399171" role=""/>
  <member type="way" ref="1203399173" role=""/>
  <member type="way" ref="1203399170" role=""/>
  <member type="way" ref="1203399175" role=""/>
  <member type="way" ref="151581275" role=""/>
  <member type="way" ref="151581276" role=""/>
  <member type="way" ref="220421449" role=""/>
  <member type="way" ref="1213254529" role=""/>
  <member type="way" ref="1213254531" role=""/>
  <member type="way" ref="1213254530" role=""/>
  <member type="way" ref="1299938877" role=""/>
  <member type="way" ref="1276098355" role=""/>
  <member type="way" ref="1299938876" role=""/>
  <member type="way" ref="1173576242" role=""/>
  <member type="way" ref="975991763" role=""/>
  <member type="way" ref="977793635" role=""/>
  <member type="way" ref="607624747" role=""/>
  <member type="way" ref="607624746" role=""/>
  <member type="way" ref="1116129781" role=""/>
  <member type="way" ref="1228549075" role=""/>
  <member type="way" ref="1273751937" role=""/>
  <member type="way" ref="1228549237" role=""/>
  <member type="way" ref="607624742" role=""/>
  <member type="way" ref="1116129780" role=""/>
  <member type="way" ref="714507152" role=""/>
  <member type="way" ref="43243988" role=""/>
  <member type="way" ref="31096786" role=""/>
  <member type="way" ref="714465312" role=""/>
  <member type="way" ref="714467944" role=""/>
  <member type="way" ref="607624740" role=""/>
  <member type="way" ref="714465313" role=""/>
  <member type="way" ref="720029843" role=""/>
  <member type="way" ref="720029846" role=""/>
  <member type="way" ref="714476617" role=""/>
  <member type="way" ref="211233556" role=""/>
  <member type="way" ref="1215211659" role=""/>
  <member type="way" ref="714476616" role=""/>
  <member type="way" ref="1215211592" role=""/>
  <member type="way" ref="211233555" role=""/>
  <member type="way" ref="715875462" role=""/>
  <member type="way" ref="715875461" role=""/>
  <member type="way" ref="715875459" role=""/>
  <member type="way" ref="977793636" role=""/>
  <member type="way" ref="1173576802" role=""/>
  <member type="way" ref="1229601934" role=""/>
  <member type="way" ref="397354319" role=""/>
  <member type="way" ref="397354320" role=""/>
  <member type="way" ref="717181359" role=""/>
  <member type="way" ref="607624733" role=""/>
  <member type="way" ref="1307193277" role=""/>
  <member type="way" ref="1307190816" role=""/>
  <member type="way" ref="1099661258" role=""/>
  <member type="way" ref="1099661257" role=""/>
  <member type="way" ref="721724310" role=""/>
  <member type="way" ref="1099661259" role=""/>
  <member type="way" ref="1022440116" role=""/>
  <member type="way" ref="53498063" role=""/>
  <member type="way" ref="1370334731" role=""/>
  <member type="way" ref="709192609" role=""/>
  <member type="way" ref="1092334759" role=""/>
  <member type="way" ref="1092334756" role=""/>
  <member type="way" ref="1174713475" role=""/>
  <member type="way" ref="185313565" role=""/>
  <member type="way" ref="1173573030" role=""/>
  <member type="way" ref="1183329373" role=""/>
  <member type="way" ref="1344368354" role=""/>
  <member type="way" ref="185313571" role=""/>
  <member type="way" ref="1061265027" role=""/>
  <member type="way" ref="326770994" role=""/>
  <member type="way" ref="1269082108" role=""/>
  <member type="way" ref="223663130" role=""/>
  <member type="way" ref="53500785" role=""/>
  <member type="way" ref="1019925664" role=""/>
  <member type="way" ref="1215221390" role=""/>
  <member type="way" ref="604424399" role=""/>
  <member type="way" ref="1101469040" role=""/>
  <member type="way" ref="1101469038" role=""/>
  <member type="way" ref="1305932542" role=""/>
  <member type="way" ref="1305932541" role=""/>
  <member type="way" ref="975924616" role=""/>
  <member type="way" ref="1009632603" role=""/>
  <member type="way" ref="1318066762" role=""/>
  <member type="way" ref="1335866183" role=""/>
  <member type="way" ref="1318066764" role=""/>
  <member type="way" ref="975924614" role=""/>
  <member type="way" ref="604878801" role=""/>
  <member type="way" ref="604878802" role=""/>
  <member type="way" ref="409106289" role=""/>
  <member type="way" ref="211234322" role=""/>
  <member type="way" ref="604424397" role=""/>
  <member type="way" ref="1318066754" role=""/>
  <member type="way" ref="1318066760" role=""/>
  <member type="way" ref="1009632599" role=""/>
  <member type="way" ref="1090659720" role=""/>
  <member type="way" ref="211232455" role=""/>
  <member type="way" ref="1335866185" role=""/>
  <member type="way" ref="705428417" role=""/>
  <member type="way" ref="705428416" role=""/>
  <member type="way" ref="1173578148" role=""/>
  <member type="way" ref="1157829610" role=""/>
  <member type="way" ref="1173578149" role=""/>
  <member type="way" ref="1157829611" role=""/>
  <member type="way" ref="211233731" role=""/>
  <member type="way" ref="404679768" role=""/>
  <member type="way" ref="1173577410" role=""/>
  <member type="way" ref="312371747" role=""/>
  <member type="way" ref="404679767" role=""/>
  <member type="way" ref="1173577409" role=""/>
  <member type="way" ref="1484782305" role=""/>
  <member type="way" ref="211232411" role=""/>
  <member type="way" ref="717739874" role=""/>
  <member type="way" ref="1229642400" role=""/>
  <member type="way" ref="718462047" role=""/>
  <member type="way" ref="1272139965" role=""/>
  <member type="way" ref="1267006191" role=""/>
  <member type="way" ref="610935038" role=""/>
  <member type="way" ref="975924620" role=""/>
  <member type="way" ref="1289022514" role=""/>
  <member type="way" ref="1423019440" role=""/>
  <member type="way" ref="1313669651" role=""/>
  <member type="way" ref="217067357" role=""/>
  <member type="way" ref="1313669650" role=""/>
  <member type="way" ref="404679179" role=""/>
  <member type="way" ref="604502182" role=""/>
  <member type="way" ref="604502183" role=""/>
  <member type="way" ref="1174713471" role=""/>
  <member type="way" ref="609426501" role=""/>
  <member type="way" ref="1219114723" role=""/>
  <member type="way" ref="609452986" role=""/>
  <member type="way" ref="609426506" role=""/>
  <member type="way" ref="1219478126" role=""/>
  <member type="way" ref="1219478125" role=""/>
  <member type="way" ref="478832764" role=""/>
  <member type="way" ref="1228548620" role=""/>
  <member type="way" ref="1267138255" role=""/>
  <member type="way" ref="1222918384" role=""/>
  <member type="way" ref="1222918386" role=""/>
  <member type="way" ref="1485905683" role=""/>
  <member type="way" ref="1179762996" role=""/>
  <member type="way" ref="147991453" role=""/>
  <member type="way" ref="568405271" role=""/>
  <member type="way" ref="1222652198" role=""/>
  <member type="way" ref="1222652197" role=""/>
  <member type="way" ref="211062084" role=""/>
  <member type="way" ref="1147797173" role=""/>
  <member type="way" ref="1147797167" role=""/>
  <member type="way" ref="211079561" role=""/>
  <member type="way" ref="211079964" role=""/>
  <member type="way" ref="975924609" role=""/>
  <member type="way" ref="215350718" role=""/>
  <member type="way" ref="975924608" role=""/>
  <member type="way" ref="215350714" role=""/>
  <member type="way" ref="211080003" role=""/>
  <member type="way" ref="214588127" role=""/>
  <member type="way" ref="214588129" role=""/>
  <member type="way" ref="214587020" role=""/>
  <member type="way" ref="1156511712" role=""/>
  <member type="way" ref="214587018" role=""/>
  <member type="way" ref="223649487" role=""/>
  <member type="way" ref="977544297" role=""/>
  <member type="way" ref="1161991470" role=""/>
  <member type="way" ref="1486306990" role=""/>
  <member type="way" ref="1270140015" role=""/>
  <member type="way" ref="223649483" role=""/>
  <member type="way" ref="238522294" role=""/>
  <member type="way" ref="977544296" role=""/>
  <member type="way" ref="238522293" role=""/>
  <member type="way" ref="238522291" role=""/>
  <member type="way" ref="608833647" role=""/>
  <member type="way" ref="723589728" role=""/>
  <member type="way" ref="723584369" role=""/>
  <member type="way" ref="723584368" role=""/>
  <member type="way" ref="723580005" role=""/>
  <member type="way" ref="723580004" role=""/>
  <member type="way" ref="723580003" role=""/>
  <member type="way" ref="214583954" role=""/>
  <member type="way" ref="214584695" role=""/>
  <member type="way" ref="214584691" role=""/>
  <member type="way" ref="1222918385" role=""/>
  <member type="way" ref="238522292" role=""/>
  <member type="way" ref="723527401" role=""/>
  <member type="way" ref="1476358379" role=""/>
  <member type="way" ref="723527399" role=""/>
  <member type="way" ref="723527400" role=""/>
  <member type="way" ref="723584367" role=""/>
  <member type="way" ref="723589729" role=""/>
  <member type="way" ref="592538096" role=""/>
  <member type="way" ref="592538093" role=""/>
  <member type="way" ref="404671140" role=""/>
  <member type="way" ref="1156511702" role=""/>
  <member type="way" ref="608793323" role=""/>
  <member type="way" ref="608793322" role=""/>
  <member type="way" ref="404671142" role=""/>
  <member type="way" ref="404671143" role=""/>
  <member type="way" ref="1278390652" role=""/>
  <member type="way" ref="215350717" role=""/>
  <member type="way" ref="1277704609" role=""/>
  <member type="way" ref="1270907341" role=""/>
  <member type="way" ref="1009093741" role=""/>
  <member type="way" ref="1009093740" role=""/>
  <member type="way" ref="1009093739" role=""/>
  <member type="way" ref="1009093736" role=""/>
  <member type="way" ref="1009093737" role=""/>
  <member type="way" ref="1009093738" role=""/>
  <member type="way" ref="717755342" role=""/>
  <member type="way" ref="1266792727" role=""/>
  <member type="way" ref="610935035" role=""/>
  <member type="way" ref="718926129" role=""/>
  <member type="way" ref="715875464" role=""/>
  <member type="way" ref="715875463" role=""/>
  <member type="way" ref="1146056720" role=""/>
  <member type="way" ref="1231789678" role=""/>
  <member type="way" ref="1231789680" role=""/>
  <member type="way" ref="136700455" role=""/>
  <member type="way" ref="147991454" role=""/>
  <member type="way" ref="606213769" role=""/>
  <member type="way" ref="336325180" role=""/>
  <member type="way" ref="880536407" role=""/>
  <member type="way" ref="1222652196" role=""/>
  <member type="way" ref="1222652191" role=""/>
  <member type="way" ref="1169011692" role=""/>
  <member type="way" ref="1147797165" role=""/>
  <member type="way" ref="977793640" role=""/>
  <member type="way" ref="975991772" role=""/>
  <member type="way" ref="215350715" role=""/>
  <member type="way" ref="975991774" role=""/>
  <member type="way" ref="977793641" role=""/>
  <member type="way" ref="1167298511" role=""/>
  <member type="way" ref="1278390660" role=""/>
  <member type="way" ref="977793642" role=""/>
  <member type="way" ref="1167298510" role=""/>
  <member type="way" ref="215350720" role=""/>
  <member type="way" ref="32928912" role=""/>
  <member type="way" ref="57765829" role=""/>
  <member type="way" ref="32928910" role=""/>
  <member type="way" ref="817075556" role=""/>
  <member type="way" ref="1193706736" role=""/>
  <member type="way" ref="32928906" role=""/>
  <member type="way" ref="977793643" role=""/>
  <member type="way" ref="1267694046" role=""/>
  <member type="way" ref="32928907" role=""/>
  <member type="way" ref="977793644" role=""/>
  <member type="way" ref="32928908" role=""/>
  <member type="way" ref="57765828" role=""/>
  <member type="way" ref="32928914" role=""/>
  <member type="way" ref="608833650" role=""/>
  <member type="way" ref="723820278" role=""/>
  <member type="way" ref="723820275" role=""/>
  <member type="way" ref="723820274" role=""/>
  <member type="way" ref="57765827" role=""/>
  <member type="way" ref="722054939" role=""/>
  <member type="way" ref="722054943" role=""/>
  <member type="way" ref="723813239" role=""/>
  <member type="way" ref="214584694" role=""/>
  <member type="way" ref="32902793" role=""/>
  <member type="way" ref="1270628971" role=""/>
  <member type="way" ref="1277704608" role=""/>
  <member type="way" ref="215350716" role=""/>
  <member type="way" ref="1167298512" role=""/>
  <member type="way" ref="404676248" role=""/>
  <member type="way" ref="223649485" role=""/>
  <member type="way" ref="223649481" role=""/>
  <member type="way" ref="238812968" role=""/>
  <member type="way" ref="1278390651" role=""/>
  <member type="way" ref="817075551" role=""/>
  <member type="way" ref="1167308664" role=""/>
  <member type="way" ref="238812966" role=""/>
  <member type="way" ref="238812967" role=""/>
  <member type="way" ref="592572088" role=""/>
  <member type="way" ref="592572085" role=""/>
  <member type="way" ref="592572080" role=""/>
  <member type="way" ref="592572078" role=""/>
  <member type="way" ref="608833679" role=""/>
  <member type="way" ref="609381693" role=""/>
  <member type="way" ref="722054938" role=""/>
  <member type="way" ref="214583956" role=""/>
  <member type="way" ref="214583953" role=""/>
  <member type="way" ref="722054936" role=""/>
  <member type="way" ref="1476358380" role=""/>
  <member type="way" ref="32902797" role=""/>
  <member type="way" ref="971861280" role=""/>
  <member type="way" ref="330374300" role=""/>
  <member type="way" ref="1219478127" role=""/>
  <member type="way" ref="1219478121" role=""/>
  <member type="way" ref="147072272" role=""/>
  <member type="way" ref="1015714676" role=""/>
  <member type="way" ref="1322846100" role=""/>
  <member type="way" ref="1080678536" role=""/>
  <member type="way" ref="1219999106" role=""/>
  <member type="way" ref="1335866196" role=""/>
  <member type="way" ref="1335866190" role=""/>
  <member type="way" ref="1335866193" role=""/>
  <member type="way" ref="1335866192" role=""/>
  <member type="way" ref="1228007446" role=""/>
  <member type="way" ref="975991769" role=""/>
  <member type="way" ref="1305932543" role=""/>
  <member type="way" ref="1305932538" role=""/>
  <member type="way" ref="1305932540" role=""/>
  <member type="way" ref="604884145" role=""/>
  <member type="way" ref="1009632605" role=""/>
  <member type="way" ref="1318066758" role=""/>
  <member type="way" ref="1227951473" role=""/>
  <member type="way" ref="1318066757" role=""/>
  <member type="way" ref="604884144" role=""/>
  <member type="way" ref="604424396" role=""/>
  <member type="way" ref="608833641" role=""/>
  <member type="way" ref="1359273897" role=""/>
  <member type="way" ref="592572075" role=""/>
  <member type="way" ref="592572073" role=""/>
  <member type="way" ref="605169163" role=""/>
  <member type="way" ref="228021173" role=""/>
  <member type="way" ref="977544300" role=""/>
  <member type="way" ref="1173576803" role=""/>
  <member type="way" ref="607624737" role=""/>
  <member type="way" ref="977544303" role=""/>
  <member type="way" ref="607624736" role=""/>
  <member type="way" ref="234901532" role=""/>
  <member type="way" ref="1259262046" role=""/>
  <member type="way" ref="720029845" role=""/>
  <member type="way" ref="714466495" role=""/>
  <member type="way" ref="714466493" role=""/>
  <member type="way" ref="607624741" role=""/>
  <member type="way" ref="211232402" role=""/>
  <member type="way" ref="714466494" role=""/>
  <member type="way" ref="717585243" role=""/>
  <member type="way" ref="211232372" role=""/>
  <member type="way" ref="211232330" role=""/>
  <member type="way" ref="1222652195" role=""/>
  <member type="way" ref="1266792695" role=""/>
  <member type="way" ref="1222652193" role=""/>
  <member type="way" ref="404694339" role=""/>
  <member type="way" ref="1269264072" role=""/>
  <member type="way" ref="1147797171" role=""/>
  <member type="way" ref="1147797169" role=""/>
  <member type="way" ref="1147797172" role=""/>
  <member type="way" ref="404694341" role=""/>
  <member type="way" ref="1219999104" role=""/>
  <member type="way" ref="228021174" role=""/>
  <member type="way" ref="1216446350" role=""/>
  <member type="way" ref="1216446353" role=""/>
  <member type="way" ref="1216446352" role=""/>
  <member type="way" ref="1216446351" role=""/>
  <member type="way" ref="977544302" role=""/>
  <member type="way" ref="1263992527" role=""/>
  <member type="way" ref="977544301" role=""/>
  <member type="way" ref="723820276" role=""/>
  <member type="way" ref="722054944" role=""/>
  <member type="way" ref="233471358" role=""/>
  <member type="way" ref="233471359" role=""/>
  <member type="way" ref="330374290" role=""/>
  <member type="way" ref="1270628952" role=""/>
  <member type="way" ref="566532006" role=""/>
  <member type="way" ref="1150122112" role=""/>
  <member type="way" ref="996075561" role=""/>
  <member type="way" ref="996075563" role=""/>
  <member type="way" ref="1150121691" role=""/>
  <member type="way" ref="1271747052" role=""/>
  <member type="way" ref="898446371" role=""/>
  <member type="way" ref="1169666266" role=""/>
  <member type="way" ref="1150120411" role=""/>
  <member type="way" ref="566531812" role=""/>
  <member type="way" ref="1271747101" role=""/>
  <member type="way" ref="1352842781" role=""/>
  <member type="way" ref="1011250649" role=""/>
  <member type="way" ref="1392153946" role=""/>
  <member type="way" ref="1225097589" role=""/>
  <member type="way" ref="1225097586" role=""/>
  <member type="way" ref="898446564" role=""/>
  <member type="way" ref="908733822" role=""/>
  <member type="way" ref="1271747066" role=""/>
  <member type="way" ref="1271081395" role=""/>
  <member type="way" ref="1271747100" role=""/>
  <member type="way" ref="1123121464" role=""/>
  <member type="way" ref="1169666267" role=""/>
  <member type="way" ref="566529161" role=""/>
  <member type="way" ref="1173002893" role=""/>
  <member type="way" ref="612432709" role=""/>
  <member type="way" ref="612432705" role=""/>
  <member type="way" ref="712504661" role=""/>
  <member type="way" ref="1384339305" role=""/>
  <member type="way" ref="1169668382" role=""/>
  <member type="way" ref="1169668376" role=""/>
  <member type="way" ref="1169668378" role=""/>
  <member type="way" ref="611470613" role=""/>
  <member type="way" ref="611470614" role=""/>
  <member type="way" ref="1169668384" role=""/>
  <member type="way" ref="51199780" role=""/>
  <member type="way" ref="714024312" role=""/>
  <member type="way" ref="111978670" role=""/>
  <member type="way" ref="714024309" role=""/>
  <member type="way" ref="397374836" role=""/>
  <member type="way" ref="896434908" role=""/>
  <member type="way" ref="111978654" role=""/>
  <member type="way" ref="1154653433" role=""/>
  <member type="way" ref="714024310" role=""/>
  <member type="way" ref="111978659" role=""/>
  <member type="way" ref="1196674776" role=""/>
  <member type="way" ref="707604575" role=""/>
  <member type="way" ref="1196674777" role=""/>
  <member type="way" ref="707997479" role=""/>
  <member type="way" ref="707996427" role=""/>
  <member type="way" ref="707996426" role=""/>
  <member type="way" ref="707996425" role=""/>
  <member type="way" ref="1225571950" role=""/>
  <member type="way" ref="1225571952" role=""/>
  <member type="way" ref="1225571953" role=""/>
  <member type="way" ref="1225571958" role=""/>
  <member type="way" ref="1225571959" role=""/>
  <member type="way" ref="1225571949" role=""/>
  <member type="way" ref="1225571957" role=""/>
  <member type="way" ref="1225571955" role=""/>
  <member type="way" ref="1265700907" role=""/>
  <member type="way" ref="152067205" role=""/>
  <member type="way" ref="975991764" role=""/>
  <member type="way" ref="1271747098" role=""/>
  <member type="way" ref="541618675" role=""/>
  <member type="way" ref="1169668381" role=""/>
  <member type="way" ref="541618674" role=""/>
  <member type="way" ref="611470612" role=""/>
  <member type="way" ref="1169668383" role=""/>
  <member type="way" ref="712504662" role=""/>
  <member type="way" ref="528948099" role=""/>
  <member type="way" ref="528948098" role=""/>
  <member type="way" ref="566529158" role=""/>
  <member type="way" ref="612432718" role=""/>
  <member type="way" ref="1150120412" role=""/>
  <member type="way" ref="493602640" role=""/>
  <member type="way" ref="1271081397" role=""/>
  <member type="way" ref="493602641" role=""/>
  <member type="way" ref="475319922" role=""/>
  <member type="way" ref="1271747067" role=""/>
  <member type="way" ref="136700456" role=""/>
  <member type="way" ref="1265997681" role=""/>
  <member type="way" ref="894823922" role=""/>
  <member type="way" ref="894823921" role=""/>
  <member type="way" ref="397374834" role=""/>
  <member type="way" ref="566339489" role=""/>
  <member type="way" ref="714024311" role=""/>
  <member type="way" ref="896434907" role=""/>
  <member type="way" ref="894863156" role=""/>
  <member type="way" ref="895452289" role=""/>
  <member type="way" ref="707604576" role=""/>
  <member type="way" ref="1231789682" role=""/>
  <member type="way" ref="1271081396" role=""/>
  <member type="way" ref="1169668379" role=""/>
  <member type="way" ref="1271747082" role=""/>
  <member type="way" ref="1169668377" role=""/>
  <member type="way" ref="1169668385" role=""/>
  <member type="way" ref="1169668380" role=""/>
  <member type="way" ref="1173002892" role=""/>
  <member type="way" ref="1150117633" role=""/>
  <member type="way" ref="1011250644" role=""/>
  <member type="way" ref="1271747069" role=""/>
  <member type="way" ref="1225097587" role=""/>
  <member type="way" ref="1225097588" role=""/>
  <member type="way" ref="1150120409" role=""/>
  <member type="way" ref="463204892" role=""/>
  <member type="way" ref="475319984" role=""/>
  <member type="way" ref="1173002891" role=""/>
  <member type="way" ref="566515180" role=""/>
  <member type="way" ref="1121702837" role=""/>
  <member type="way" ref="1476061534" role=""/>
  <member type="way" ref="1188225166" role=""/>
  <member type="way" ref="1021412524" role=""/>
  <member type="way" ref="486124075" role=""/>
  <member type="way" ref="566312924" role=""/>
  <member type="way" ref="566312569" role=""/>
  <member type="way" ref="566312568" role=""/>
  <member type="way" ref="566312567" role=""/>
  <member type="way" ref="689224276" role=""/>
  <member type="way" ref="111978666" role=""/>
  <member type="way" ref="1021412523" role=""/>
  <member type="way" ref="1021412516" role=""/>
  <member type="way" ref="1226954216" role=""/>
  <member type="way" ref="689224270" role=""/>
  <member type="way" ref="689224267" role=""/>
  <member type="way" ref="112004487" role=""/>
  <member type="way" ref="896837750" role=""/>
  <member type="way" ref="896837751" role=""/>
  <member type="way" ref="112004480" role=""/>
  <member type="way" ref="708002873" role=""/>
  <member type="way" ref="111978691" role=""/>
  <member type="way" ref="111978669" role=""/>
  <member type="way" ref="1021328241" role=""/>
  <member type="way" ref="1021328239" role=""/>
  <member type="way" ref="1021328240" role=""/>
  <member type="way" ref="1306571072" role=""/>
  <member type="way" ref="1306571071" role=""/>
  <member type="way" ref="712521168" role=""/>
  <member type="way" ref="708002876" role=""/>
  <member type="way" ref="896837752" role=""/>
  <member type="way" ref="896837753" role=""/>
  <member type="way" ref="689224268" role=""/>
  <member type="way" ref="111978658" role=""/>
  <member type="way" ref="1021412519" role=""/>
  <member type="way" ref="1226954217" role=""/>
  <member type="way" ref="1021412522" role=""/>
  <member type="way" ref="689224269" role=""/>
  <member type="way" ref="689224275" role=""/>
  <member type="way" ref="708003042" role=""/>
  <member type="way" ref="566312570" role=""/>
  <member type="way" ref="566312925" role=""/>
  <member type="way" ref="566312926" role=""/>
  <member type="way" ref="566312571" role=""/>
  <member type="way" ref="31096566" role=""/>
  <member type="way" ref="112188219" role=""/>
  <member type="way" ref="1476061533" role=""/>
  <member type="way" ref="732103637" role=""/>
  <member type="way" ref="648540107" role=""/>
  <member type="way" ref="111978686" role=""/>
  <member type="way" ref="111978677" role=""/>
  <member type="way" ref="708001508" role=""/>
  <member type="way" ref="111978695" role=""/>
  <member type="way" ref="111978672" role=""/>
  <member type="way" ref="111978678" role=""/>
  <member type="way" ref="111978650" role=""/>
  <member type="way" ref="111978664" role=""/>
  <member type="way" ref="111978660" role=""/>
  <member type="way" ref="708001499" role=""/>
  <member type="way" ref="1476073742" role=""/>
  <member type="way" ref="112004486" role=""/>
  <member type="way" ref="1107959657" role=""/>
  <member type="way" ref="1107959658" role=""/>
  <member type="way" ref="708000032" role=""/>
  <member type="way" ref="111978675" role=""/>
  <member type="way" ref="111978693" role=""/>
  <member type="way" ref="708000030" role=""/>
  <member type="way" ref="708000028" role=""/>
  <member type="way" ref="111978687" role=""/>
  <member type="way" ref="111978661" role=""/>
  <member type="way" ref="708000025" role=""/>
  <member type="way" ref="708000024" role=""/>
  <member type="way" ref="111978676" role=""/>
  <member type="way" ref="111978694" role=""/>
  <member type="way" ref="566320512" role=""/>
  <member type="way" ref="708000022" role=""/>
  <member type="way" ref="1024132205" role=""/>
  <member type="way" ref="111978655" role=""/>
  <member type="way" ref="111978665" role=""/>
  <member type="way" ref="1164417651" role=""/>
  <member type="way" ref="1164417645" role=""/>
  <member type="way" ref="1164417650" role=""/>
  <member type="way" ref="1164417644" role=""/>
  <member type="way" ref="1219655393" role=""/>
  <member type="way" ref="733443506" role=""/>
  <member type="way" ref="111978679" role=""/>
  <member type="way" ref="111978681" role=""/>
  <member type="way" ref="730754736" role=""/>
  <member type="way" ref="730754735" role=""/>
  <member type="way" ref="896837430" role=""/>
  <member type="way" ref="566324074" role=""/>
  <member type="way" ref="566324073" role=""/>
  <member type="way" ref="707994961" role=""/>
  <member type="way" ref="707994962" role=""/>
  <member type="way" ref="707994963" role=""/>
  <member type="way" ref="1219655392" role=""/>
  <member type="way" ref="1219655397" role=""/>
  <member type="way" ref="1219655396" role=""/>
  <member type="way" ref="707994965" role=""/>
  <member type="way" ref="1219655395" role=""/>
  <member type="way" ref="1196674779" role=""/>
  <member type="way" ref="1219655394" role=""/>
  <member type="way" ref="111978688" role=""/>
  <member type="way" ref="167989652" role=""/>
  <member type="way" ref="167989650" role=""/>
  <member type="way" ref="707608905" role=""/>
  <member type="way" ref="896837432" role=""/>
  <member type="way" ref="896837433" role=""/>
  <member type="way" ref="111978673" role=""/>
  <member type="way" ref="1471027393" role=""/>
  <member type="way" ref="707604579" role=""/>
  <member type="way" ref="566146591" role=""/>
  <member type="way" ref="566146592" role=""/>
  <member type="way" ref="566146586" role=""/>
  <member type="way" ref="566146587" role=""/>
  <member type="way" ref="566144362" role=""/>
  <member type="way" ref="1225556182" role=""/>
  <member type="way" ref="1225556178" role=""/>
  <member type="way" ref="1149817566" role=""/>
  <member type="way" ref="566144361" role=""/>
  <member type="way" ref="1225556183" role=""/>
  <member type="way" ref="1225556177" role=""/>
  <member type="way" ref="689419730" role=""/>
  <member type="way" ref="689419729" role=""/>
  <member type="way" ref="566142551" role=""/>
  <member type="way" ref="566142550" role=""/>
  <member type="way" ref="566139884" role=""/>
  <member type="way" ref="566139885" role=""/>
  <member type="way" ref="566139882" role=""/>
  <member type="way" ref="566139881" role=""/>
  <member type="way" ref="1232310870" role=""/>
  <member type="way" ref="1478618430" role=""/>
  <member type="way" ref="1233692279" role=""/>
  <member type="way" ref="75378577" role=""/>
  <member type="way" ref="1211721267" role=""/>
  <member type="way" ref="144958697" role=""/>
  <member type="way" ref="1478741651" role=""/>
  <member type="way" ref="1478741655" role=""/>
  <member type="way" ref="126635937" role=""/>
  <member type="way" ref="566232482" role=""/>
  <member type="way" ref="166552096" role=""/>
  <member type="way" ref="1315828419" role=""/>
  <member type="way" ref="254017928" role=""/>
  <member type="way" ref="254017926" role=""/>
  <member type="way" ref="166441800" role=""/>
  <member type="way" ref="449246324" role=""/>
  <member type="way" ref="225085124" role=""/>
  <member type="way" ref="1306889716" role=""/>
  <member type="way" ref="449246323" role=""/>
  <member type="way" ref="1192235226" role=""/>
  <member type="way" ref="708000026" role=""/>
  <member type="way" ref="708000031" role=""/>
  <member type="way" ref="708001509" role=""/>
  <member type="way" ref="708001510" role=""/>
  <member type="way" ref="708001511" role=""/>
  <member type="way" ref="708001512" role=""/>
  <member type="way" ref="708001513" role=""/>
  <member type="way" ref="708001506" role=""/>
  <member type="way" ref="708001503" role=""/>
  <member type="way" ref="1476073741" role=""/>
  <member type="way" ref="708000034" role=""/>
  <member type="way" ref="1107959659" role=""/>
  <member type="way" ref="1107959660" role=""/>
  <member type="way" ref="708000035" role=""/>
  <member type="way" ref="566147099" role=""/>
  <member type="way" ref="1481456006" role=""/>
  <member type="way" ref="1481456007" role=""/>
  <member type="way" ref="1481456003" role=""/>
  <member type="way" ref="255363576" role=""/>
  <member type="way" ref="565302893" role=""/>
  <member type="way" ref="565302892" role=""/>
  <member type="way" ref="565302891" role=""/>
  <member type="way" ref="565302890" role=""/>
  <member type="way" ref="1481455988" role=""/>
  <member type="way" ref="1481455989" role=""/>
  <member type="way" ref="1481455985" role=""/>
  <member type="way" ref="1481455995" role=""/>
  <member type="way" ref="1481455994" role=""/>
  <member type="way" ref="566146593" role=""/>
  <member type="way" ref="689419726" role=""/>
  <member type="way" ref="566146588" role=""/>
  <member type="way" ref="1149816985" role=""/>
  <member type="way" ref="566146589" role=""/>
  <member type="way" ref="1225556179" role=""/>
  <member type="way" ref="1225556181" role=""/>
  <member type="way" ref="566144363" role=""/>
  <member type="way" ref="566144364" role=""/>
  <member type="way" ref="1225556180" role=""/>
  <member type="way" ref="1413781494" role=""/>
  <member type="way" ref="689419727" role=""/>
  <member type="way" ref="689419728" role=""/>
  <member type="way" ref="566142552" role=""/>
  <member type="way" ref="566142553" role=""/>
  <member type="way" ref="566142548" role=""/>
  <member type="way" ref="566139886" role=""/>
  <member type="way" ref="566142545" role=""/>
  <member type="way" ref="1231391441" role=""/>
  <member type="way" ref="1231391452" role=""/>
  <member type="way" ref="1273631362" role=""/>
  <member type="way" ref="1124880030" role=""/>
  <member type="way" ref="1232310871" role=""/>
  <member type="way" ref="566136715" role=""/>
  <member type="way" ref="566136716" role=""/>
  <member type="way" ref="566136717" role=""/>
  <member type="way" ref="1478741652" role=""/>
  <member type="way" ref="1478741654" role=""/>
  <member type="way" ref="566126966" role=""/>
  <member type="way" ref="566132767" role=""/>
  <member type="way" ref="566126248" role=""/>
  <member type="way" ref="1164417647" role=""/>
  <member type="way" ref="708000021" role=""/>
  <member type="way" ref="708000019" role=""/>
  <member type="way" ref="566320515" role=""/>
  <member type="way" ref="1164417649" role=""/>
  <member type="way" ref="1164417642" role=""/>
  <member type="way" ref="1164417646" role=""/>
  <member type="way" ref="1164417643" role=""/>
  <member type="way" ref="1196674778" role=""/>
  <member type="way" ref="733443505" role=""/>
  <member type="way" ref="680594146" role=""/>
  <member type="way" ref="530234459" role=""/>
  <member type="way" ref="707996419" role=""/>
  <member type="way" ref="707996420" role=""/>
  <member type="way" ref="1182388548" role=""/>
  <member type="way" ref="1182388547" role=""/>
  <member type="way" ref="1182388546" role=""/>
  <member type="way" ref="1182388545" role=""/>
  <member type="way" ref="1165938493" role=""/>
  <member type="way" ref="707996421" role=""/>
  <member type="way" ref="896966055" role=""/>
  <member type="way" ref="896966054" role=""/>
  <member type="way" ref="896374156" role=""/>
  <member type="way" ref="896374155" role=""/>
  <member type="way" ref="707996422" role=""/>
  <member type="way" ref="707996423" role=""/>
  <member type="way" ref="707996424" role=""/>
  <member type="way" ref="1225571954" role=""/>
  <member type="way" ref="1164417648" role=""/>
  <member type="way" ref="541655046" role=""/>
  <member type="way" ref="554925946" role=""/>
  <member type="way" ref="935860137" role=""/>
  <member type="way" ref="935860135" role=""/>
  <member type="way" ref="126764334" role=""/>
  <member type="way" ref="126764333" role=""/>
  <member type="way" ref="566256241" role=""/>
  <member type="way" ref="566256244" role=""/>
  <member type="way" ref="566256243" role=""/>
  <member type="way" ref="566256251" role=""/>
  <member type="way" ref="931942971" role=""/>
  <member type="way" ref="669499505" role=""/>
  <member type="way" ref="631613864" role=""/>
  <member type="way" ref="1022883076" role=""/>
  <member type="way" ref="587247662" role=""/>
  <member type="way" ref="587247663" role=""/>
  <member type="way" ref="587247664" role=""/>
  <member type="way" ref="587247665" role=""/>
  <member type="way" ref="1124665868" role=""/>
  <member type="way" ref="587247667" role=""/>
  <member type="way" ref="1017498916" role=""/>
  <member type="way" ref="1017498917" role=""/>
  <member type="way" ref="587247668" role=""/>
  <member type="way" ref="587247669" role=""/>
  <member type="way" ref="587247670" role=""/>
  <member type="way" ref="1383099341" role=""/>
  <member type="way" ref="1383099338" role=""/>
  <member type="way" ref="587249255" role=""/>
  <member type="way" ref="126808645" role=""/>
  <member type="way" ref="126808649" role=""/>
  <member type="way" ref="488888906" role=""/>
  <member type="way" ref="488888905" role=""/>
  <member type="way" ref="126808647" role=""/>
  <member type="way" ref="566237426" role=""/>
  <member type="way" ref="126807882" role=""/>
  <member type="way" ref="126807879" role=""/>
  <member type="way" ref="126807880" role=""/>
  <member type="way" ref="126807875" role=""/>
  <member type="way" ref="126807877" role=""/>
  <member type="way" ref="823521695" role=""/>
  <member type="way" ref="823521696" role=""/>
  <member type="way" ref="835863643" role=""/>
  <member type="way" ref="835863642" role=""/>
  <member type="way" ref="449237306" role=""/>
  <member type="way" ref="126764335" role=""/>
  <member type="way" ref="1293599038" role=""/>
  <member type="way" ref="1293599037" role=""/>
  <member type="way" ref="1034374245" role=""/>
  <member type="way" ref="566258586" role=""/>
  <member type="way" ref="855250873" role=""/>
  <member type="way" ref="855250872" role=""/>
  <member type="way" ref="566258588" role=""/>
  <member type="way" ref="566258582" role=""/>
  <member type="way" ref="856632120" role=""/>
  <member type="way" ref="856632119" role=""/>
  <member type="way" ref="566258578" role=""/>
  <member type="way" ref="856225685" role=""/>
  <member type="way" ref="856225686" role=""/>
  <member type="way" ref="856594000" role=""/>
  <member type="way" ref="856594001" role=""/>
  <member type="way" ref="566503462" role=""/>
  <member type="way" ref="566503463" role=""/>
  <member type="way" ref="566503464" role=""/>
  <member type="way" ref="566503465" role=""/>
  <member type="way" ref="855250871" role=""/>
  <member type="way" ref="631613863" role=""/>
  <member type="way" ref="852221813" role=""/>
  <member type="way" ref="1433502172" role=""/>
  <member type="way" ref="1433502173" role=""/>
  <member type="way" ref="397376279" role=""/>
  <member type="way" ref="397489622" role=""/>
  <member type="way" ref="1490956516" role=""/>
  <member type="way" ref="1490956517" role=""/>
  <member type="way" ref="566236268" role=""/>
  <member type="way" ref="1490956505" role=""/>
  <member type="way" ref="1490956504" role=""/>
  <member type="way" ref="1490956503" role=""/>
  <member type="way" ref="1490956502" role=""/>
  <member type="way" ref="1490956497" role=""/>
  <member type="way" ref="1490956496" role=""/>
  <member type="way" ref="169082720" role=""/>
  <member type="way" ref="169082716" role=""/>
  <member type="way" ref="566236267" role=""/>
  <member type="way" ref="318779801" role=""/>
  <member type="way" ref="318779802" role=""/>
  <member type="way" ref="318779799" role=""/>
  <member type="way" ref="318779800" role=""/>
  <member type="way" ref="304061600" role=""/>
  <member type="way" ref="304061599" role=""/>
  <member type="way" ref="304061601" role=""/>
  <member type="way" ref="397376283" role=""/>
  <member type="way" ref="397376283" role=""/>
  <member type="way" ref="304061601" role=""/>
  <member type="way" ref="304061599" role=""/>
  <member type="way" ref="304061600" role=""/>
  <member type="way" ref="318779800" role=""/>
  <member type="way" ref="318779799" role=""/>
  <member type="way" ref="318779802" role=""/>
  <member type="way" ref="318779801" role=""/>
  <member type="way" ref="169517165" role=""/>
  <member type="way" ref="169517170" role=""/>
  <member type="way" ref="908969665" role=""/>
  <member type="way" ref="1050211430" role=""/>
  <member type="way" ref="566235770" role=""/>
  <member type="way" ref="1346118959" role=""/>
  <member type="way" ref="152846505" role=""/>
  <member type="way" ref="152846507" role=""/>
  <member type="way" ref="566235764" role=""/>
  <member type="way" ref="1363520641" role=""/>
  <member type="way" ref="1284590353" role=""/>
  <member type="way" ref="566235765" role=""/>
  <member type="way" ref="1284590354" role=""/>
  <member type="way" ref="152952275" role=""/>
  <member type="way" ref="566039669" role=""/>
  <member type="way" ref="566039671" role=""/>
  <member type="way" ref="543818035" role=""/>
  <member type="way" ref="543818034" role=""/>
  <member type="way" ref="152952269" role=""/>
  <member type="way" ref="935852787" role=""/>
  <member type="way" ref="633624233" role=""/>
  <member type="way" ref="586329583" role=""/>
  <member type="way" ref="566256238" role=""/>
  <member type="way" ref="141176928" role=""/>
  <member type="way" ref="141176929" role=""/>
  <member type="way" ref="566237927" role=""/>
  <member type="way" ref="586329581" role=""/>
  <member type="way" ref="566237928" role=""/>
  <member type="way" ref="586327546" role=""/>
  <member type="way" ref="586327545" role=""/>
  <member type="way" ref="318778560" role=""/>
  <member type="way" ref="857956049" role=""/>
  <member type="way" ref="857956048" role=""/>
  <member type="way" ref="318778559" role=""/>
  <member type="way" ref="855467687" role=""/>
  <member type="way" ref="855467686" role=""/>
  <member type="way" ref="318778562" role=""/>
  <member type="way" ref="318778561" role=""/>
  <member type="way" ref="485393343" role=""/>
  <member type="way" ref="485393344" role=""/>
  <member type="way" ref="318778564" role=""/>
  <member type="way" ref="318778563" role=""/>
  <member type="way" ref="318778566" role=""/>
  <member type="way" ref="318778565" role=""/>
  <member type="way" ref="852618513" role=""/>
  <member type="way" ref="853598615" role=""/>
  <member type="way" ref="853598614" role=""/>
  <member type="way" ref="853598616" role=""/>
  <member type="way" ref="1177119150" role=""/>
  <member type="way" ref="1177119144" role=""/>
  <member type="way" ref="1177119143" role=""/>
  <member type="way" ref="1177119149" role=""/>
  <member type="way" ref="1177119146" role=""/>
  <member type="way" ref="1177119145" role=""/>
  <member type="way" ref="1177119142" role=""/>
  <member type="way" ref="1177119141" role=""/>
  <member type="way" ref="1177119148" role=""/>
  <member type="way" ref="1177119147" role=""/>
  <member type="way" ref="1177119140" role=""/>
  <member type="way" ref="1177119139" role=""/>
  <member type="way" ref="1177119138" role=""/>
  <member type="way" ref="1177119134" role=""/>
  <member type="way" ref="1177119133" role=""/>
  <member type="way" ref="1237217646" role=""/>
  <member type="way" ref="1237217648" role=""/>
  <member type="way" ref="1237217649" role=""/>
  <member type="way" ref="1237217647" role=""/>
  <member type="way" ref="1237217650" role=""/>
  <member type="way" ref="1237217651" role=""/>
  <member type="way" ref="1177119137" role=""/>
  <member type="way" ref="1177119135" role=""/>
  <member type="way" ref="1177119136" role=""/>
  <member type="way" ref="1237217653" role=""/>
  <member type="way" ref="1237221170" role=""/>
  <member type="way" ref="1293599036" role=""/>
  <member type="way" ref="142473515" role=""/>
  <member type="way" ref="142473523" role=""/>
  <member type="way" ref="126761750" role=""/>
  <member type="way" ref="126762529" role=""/>
  <member type="way" ref="126761748" role=""/>
  <member type="way" ref="126761753" role=""/>
  <member type="way" ref="126761747" role=""/>
  <member type="way" ref="633624232" role=""/>
  <member type="way" ref="935860138" role=""/>
  <member type="way" ref="935860142" role=""/>
  <member type="way" ref="935860141" role=""/>
  <member type="way" ref="151825262" role=""/>
  <member type="way" ref="1022883077" role=""/>
  <member type="way" ref="1022883081" role=""/>
  <member type="way" ref="936275941" role=""/>
  <member type="way" ref="130061060" role=""/>
  <member type="way" ref="130061067" role=""/>
  <member type="way" ref="1489465800" role=""/>
  <member type="way" ref="1489465804" role=""/>
  <member type="way" ref="1489465805" role=""/>
  <member type="way" ref="936275944" role=""/>
  <member type="way" ref="318779797" role=""/>
  <member type="way" ref="10417532" role=""/>
  <member type="way" ref="936285760" role=""/>
  <member type="way" ref="68731919" role=""/>
  <member type="way" ref="587643475" role=""/>
  <member type="way" ref="931942972" role=""/>
  <member type="way" ref="908969680" role=""/>
  <member type="way" ref="908969679" role=""/>
  <member type="way" ref="908969671" role=""/>
  <member type="way" ref="908969670" role=""/>
  <member type="way" ref="1050211429" role=""/>
  <member type="way" ref="566235771" role=""/>
  <member type="way" ref="1346118958" role=""/>
  <member type="way" ref="566235762" role=""/>
  <member type="way" ref="566235763" role=""/>
  <member type="way" ref="1363520642" role=""/>
  <member type="way" ref="566235766" role=""/>
  <member type="way" ref="566039672" role=""/>
  <member type="way" ref="1284655441" role=""/>
  <member type="way" ref="566040516" role=""/>
  <member type="way" ref="566040517" role=""/>
  <member type="way" ref="566040518" role=""/>
  <member type="way" ref="566040519" role=""/>
  <member type="way" ref="566040521" role=""/>
  <member type="way" ref="1192235228" role=""/>
  <member type="way" ref="946523846" role=""/>
  <member type="way" ref="299845522" role=""/>
  <member type="way" ref="299845476" role=""/>
  <member type="way" ref="126669992" role=""/>
  <member type="way" ref="126669990" role=""/>
  <member type="way" ref="299845477" role=""/>
  <member type="way" ref="946523854" role=""/>
  <member type="way" ref="1240947756" role=""/>
  <member type="way" ref="946523849" role=""/>
  <member type="way" ref="566236677" role=""/>
  <member type="way" ref="566236678" role=""/>
  <member type="way" ref="935863305" role=""/>
  <member type="way" ref="126808648" role=""/>
  <member type="way" ref="566237559" role=""/>
  <member type="way" ref="566344057" role=""/>
  <member type="way" ref="318778567" role=""/>
  <member type="way" ref="318778568" role=""/>
  <member type="way" ref="853583790" role=""/>
  <member type="way" ref="853583791" role=""/>
  <member type="way" ref="852618512" role=""/>
  <member type="way" ref="566237561" role=""/>
  <member type="way" ref="566355423" role=""/>
  <member type="way" ref="566355422" role=""/>
  <member type="way" ref="485395826" role=""/>
  <member type="way" ref="485395825" role=""/>
  <member type="way" ref="225395569" role=""/>
  <member type="way" ref="860904019" role=""/>
  <member type="way" ref="566237562" role=""/>
  <member type="way" ref="566237563" role=""/>
  <member type="way" ref="566344060" role=""/>
  <member type="way" ref="488342019" role=""/>
  <member type="way" ref="758202771" role=""/>
  <member type="way" ref="758202772" role=""/>
  <member type="way" ref="587643474" role=""/>
  <member type="way" ref="936285763" role=""/>
  <member type="way" ref="936296658" role=""/>
  <member type="way" ref="566256249" role=""/>
  <member type="way" ref="566237932" role=""/>
  <member type="way" ref="636681085" role=""/>
  <member type="way" ref="566237933" role=""/>
  <member type="way" ref="566237929" role=""/>
  <member type="way" ref="852610929" role=""/>
  <member type="way" ref="1124031364" role=""/>
  <member type="way" ref="636681082" role=""/>
  <member type="way" ref="566237930" role=""/>
  <member type="way" ref="636681081" role=""/>
  <member type="way" ref="566501201" role=""/>
  <member type="way" ref="566501198" role=""/>
  <member type="way" ref="130061055" role=""/>
  <member type="way" ref="488891318" role=""/>
  <member type="way" ref="488891321" role=""/>
  <member type="way" ref="488891323" role=""/>
  <member type="way" ref="488891319" role=""/>
  <member type="way" ref="488891320" role=""/>
  <member type="way" ref="1383099342" role=""/>
  <member type="way" ref="1383099340" role=""/>
  <member type="way" ref="488342463" role=""/>
  <member type="way" ref="497140362" role=""/>
  <member type="way" ref="1059477704" role=""/>
  <member type="way" ref="856719957" role=""/>
  <member type="way" ref="243478113" role=""/>
  <member type="way" ref="243478110" role=""/>
  <member type="way" ref="243478115" role=""/>
  <member type="way" ref="243478116" role=""/>
  <member type="way" ref="243478112" role=""/>
  <member type="way" ref="855737063" role=""/>
  <member type="way" ref="855737062" role=""/>
  <member type="way" ref="243478108" role=""/>
  <member type="way" ref="243478114" role=""/>
  <member type="way" ref="243478111" role=""/>
  <member type="way" ref="855688340" role=""/>
  <member type="way" ref="855688339" role=""/>
  <member type="way" ref="141070954" role=""/>
  <member type="way" ref="141070936" role=""/>
  <member type="way" ref="485178605" role=""/>
  <member type="way" ref="485178600" role=""/>
  <member type="way" ref="856776421" role=""/>
  <member type="way" ref="856776422" role=""/>
  <member type="way" ref="855246834" role=""/>
  <member type="way" ref="855246833" role=""/>
  <member type="way" ref="302585940" role=""/>
  <member type="way" ref="302585946" role=""/>
  <member type="way" ref="485178604" role=""/>
  <member type="way" ref="485178602" role=""/>
  <member type="way" ref="859132991" role=""/>
  <member type="way" ref="859132990" role=""/>
  <member type="way" ref="302585941" role=""/>
  <member type="way" ref="302585943" role=""/>
  <member type="way" ref="856199814" role=""/>
  <member type="way" ref="857256176" role=""/>
  <member type="way" ref="857256175" role=""/>
  <member type="way" ref="856199815" role=""/>
  <member type="way" ref="566499846" role=""/>
  <member type="way" ref="566499847" role=""/>
  <member type="way" ref="126762528" role=""/>
  <member type="way" ref="856657430" role=""/>
  <member type="way" ref="142473513" role=""/>
  <member type="way" ref="142473526" role=""/>
  <member type="way" ref="852332915" role=""/>
  <member type="way" ref="852332916" role=""/>
  <member type="way" ref="852322686" role=""/>
  <member type="way" ref="142473521" role=""/>
  <member type="way" ref="142473520" role=""/>
  <member type="way" ref="142473527" role=""/>
  <member type="way" ref="1177119151" role=""/>
  <member type="way" ref="1059477715" role=""/>
  <member type="way" ref="934193169" role=""/>
  <member type="way" ref="1292979110" role=""/>
  <member type="way" ref="1377691929" role=""/>
  <member type="way" ref="1377691928" role=""/>
  <member type="way" ref="1292979112" role=""/>
  <member type="way" ref="934193171" role=""/>
  <member type="way" ref="934193168" role=""/>
  <member type="way" ref="934193175" role=""/>
  <member type="way" ref="251790804" role=""/>
  <member type="way" ref="1377691930" role=""/>
  <member type="way" ref="630722934" role=""/>
  <member type="way" ref="630722933" role=""/>
  <member type="way" ref="1377691931" role=""/>
  <member type="way" ref="1201834463" role=""/>
  <member type="way" ref="1330580746" role=""/>
  <member type="way" ref="1330580751" role=""/>
  <member type="way" ref="693636266" role=""/>
  <member type="way" ref="693636265" role=""/>
  <member type="way" ref="693636263" role=""/>
  <member type="way" ref="1330580749" role=""/>
  <member type="way" ref="1330580748" role=""/>
  <member type="way" ref="1012040326" role=""/>
  <member type="way" ref="1091130069" role=""/>
  <member type="way" ref="1091130070" role=""/>
  <member type="way" ref="823245160" role=""/>
  <member type="way" ref="628374860" role=""/>
  <member type="way" ref="628374859" role=""/>
  <member type="way" ref="1091130071" role=""/>
  <member type="way" ref="497536393" role=""/>
  <member type="way" ref="934194266" role=""/>
  <member type="way" ref="934194265" role=""/>
  <member type="way" ref="934193174" role=""/>
  <member type="way" ref="630722928" role=""/>
  <member type="way" ref="1306986783" role=""/>
  <member type="way" ref="695041117" role=""/>
  <member type="way" ref="742657426" role=""/>
  <member type="way" ref="742657430" role=""/>
  <member type="way" ref="450186586" role=""/>
  <member type="way" ref="926069390" role=""/>
  <member type="way" ref="1306986785" role=""/>
  <member type="way" ref="742657427" role=""/>
  <member type="way" ref="742657431" role=""/>
  <member type="way" ref="695041116" role=""/>
  <member type="way" ref="126819073" role=""/>
  <member type="way" ref="37940072" role=""/>
  <member type="way" ref="926069389" role=""/>
  <member type="way" ref="450186580" role=""/>
  <member type="way" ref="1371027030" role=""/>
  <member type="way" ref="450186570" role=""/>
  <member type="way" ref="1371050291" role=""/>
  <member type="way" ref="1371050288" role=""/>
  <member type="way" ref="450186579" role=""/>
  <member type="way" ref="446763433" role=""/>
  <member type="way" ref="241805287" role=""/>
  <member type="way" ref="1371027029" role=""/>
  <member type="way" ref="241805285" role=""/>
  <member type="way" ref="1371050290" role=""/>
  <member type="way" ref="1371050289" role=""/>
  <member type="way" ref="241805284" role=""/>
  <member type="way" ref="446809563" role=""/>
  <member type="way" ref="585994683" role=""/>
  <member type="way" ref="639537856" role=""/>
  <member type="way" ref="175776485" role=""/>
  <member type="way" ref="1314764268" role=""/>
  <member type="way" ref="164026131" role=""/>
  <member type="way" ref="1036710339" role=""/>
  <member type="way" ref="639545407" role=""/>
  <member type="way" ref="966430379" role=""/>
  <member type="way" ref="966430387" role=""/>
  <member type="way" ref="966430388" role=""/>
  <member type="way" ref="1392283604" role=""/>
  <member type="way" ref="86839179" role=""/>
  <member type="way" ref="86839176" role=""/>
  <member type="way" ref="1104085608" role=""/>
  <member type="way" ref="86839171" role=""/>
  <member type="way" ref="1373632084" role=""/>
  <member type="way" ref="1079053674" role=""/>
  <member type="way" ref="86934704" role=""/>
  <member type="way" ref="86934706" role=""/>
  <member type="way" ref="1350745417" role=""/>
  <member type="way" ref="935027844" role=""/>
  <member type="way" ref="87086263" role=""/>
  <member type="way" ref="841651904" role=""/>
  <member type="way" ref="87075219" role=""/>
  <member type="way" ref="87200847" role=""/>
  <member type="way" ref="1079064060" role=""/>
  <member type="way" ref="969759026" role=""/>
  <member type="way" ref="87200775" role=""/>
  <member type="way" ref="87200800" role=""/>
  <member type="way" ref="319395933" role=""/>
  <member type="way" ref="1359642908" role=""/>
  <member type="way" ref="1108863738" role=""/>
  <member type="way" ref="1359642909" role=""/>
  <member type="way" ref="1359642907" role=""/>
  <member type="way" ref="1359642911" role=""/>
  <member type="way" ref="1359642910" role=""/>
  <member type="way" ref="566124313" role=""/>
  <member type="way" ref="1315828418" role=""/>
  <member type="way" ref="566124312" role=""/>
  <member type="way" ref="566124311" role=""/>
  <member type="way" ref="748882410" role=""/>
  <member type="way" ref="566053368" role=""/>
  <member type="way" ref="1306889724" role=""/>
  <member type="way" ref="566048816" role=""/>
  <member type="way" ref="566048813" role=""/>
  <member type="way" ref="583538114" role=""/>
  <member type="way" ref="694357201" role=""/>
  <member type="way" ref="694760364" role=""/>
  <member type="way" ref="1280614522" role=""/>
  <member type="way" ref="1280614521" role=""/>
  <member type="way" ref="699783028" role=""/>
  <member type="way" ref="699783027" role=""/>
  <member type="way" ref="214114857" role=""/>
  <member type="way" ref="214114855" role=""/>
  <member type="way" ref="699706392" role=""/>
  <member type="way" ref="699751383" role=""/>
  <member type="way" ref="699780850" role=""/>
  <member type="way" ref="1147846799" role=""/>
  <member type="way" ref="699751384" role=""/>
  <member type="way" ref="699706391" role=""/>
  <member type="way" ref="1147846797" role=""/>
  <member type="way" ref="214138446" role=""/>
  <member type="way" ref="699673887" role=""/>
  <member type="way" ref="699669044" role=""/>
  <member type="way" ref="699669045" role=""/>
  <member type="way" ref="699669046" role=""/>
  <member type="way" ref="699669047" role=""/>
  <member type="way" ref="697816556" role=""/>
  <member type="way" ref="214138441" role=""/>
  <member type="way" ref="656632914" role=""/>
  <member type="way" ref="1282093035" role=""/>
  <member type="way" ref="1282093036" role=""/>
  <member type="way" ref="1282715047" role=""/>
  <member type="way" ref="567075914" role=""/>
  <member type="way" ref="697852359" role=""/>
  <member type="way" ref="697852360" role=""/>
  <member type="way" ref="1160165448" role=""/>
  <member type="way" ref="1287643275" role=""/>
  <member type="way" ref="469775431" role=""/>
  <member type="way" ref="88171491" role=""/>
  <member type="way" ref="816473584" role=""/>
  <member type="way" ref="816473585" role=""/>
  <member type="way" ref="816473733" role=""/>
  <member type="way" ref="816473734" role=""/>
  <member type="way" ref="1160433433" role=""/>
  <member type="way" ref="39453426" role=""/>
  <member type="way" ref="1466656206" role=""/>
  <member type="way" ref="39420504" role=""/>
  <member type="way" ref="88171538" role=""/>
  <member type="way" ref="88171451" role=""/>
  <member type="way" ref="88171517" role=""/>
  <member type="way" ref="88171443" role=""/>
  <member type="way" ref="1055652811" role=""/>
  <member type="way" ref="1160433426" role=""/>
  <member type="way" ref="126748346" role=""/>
  <member type="way" ref="626388840" role=""/>
  <member type="way" ref="1111678112" role=""/>
  <member type="way" ref="1111678111" role=""/>
  <member type="way" ref="88171428" role=""/>
  <member type="way" ref="656704033" role=""/>
  <member type="way" ref="1160433439" role=""/>
  <member type="way" ref="656704034" role=""/>
  <member type="way" ref="1111678113" role=""/>
  <member type="way" ref="1111678114" role=""/>
  <member type="way" ref="39411480" role=""/>
  <member type="way" ref="88171522" role=""/>
  <member type="way" ref="39421953" role=""/>
  <member type="way" ref="39416928" role=""/>
  <member type="way" ref="1160433436" role=""/>
  <member type="way" ref="1160433434" role=""/>
  <member type="way" ref="1490418851" role=""/>
  <member type="way" ref="1160433440" role=""/>
  <member type="way" ref="39453301" role=""/>
  <member type="way" ref="39419121" role=""/>
  <member type="way" ref="39420686" role=""/>
  <member type="way" ref="39419741" role=""/>
  <member type="way" ref="373192514" role=""/>
  <member type="way" ref="1160433441" role=""/>
  <member type="way" ref="1490418852" role=""/>
  <member type="way" ref="1169319983" role=""/>
  <member type="way" ref="1169292364" role=""/>
  <member type="way" ref="626381259" role=""/>
  <member type="way" ref="626381258" role=""/>
  <member type="way" ref="1160448444" role=""/>
  <member type="way" ref="52656433" role=""/>
  <member type="way" ref="567067667" role=""/>
  <member type="way" ref="1281556713" role=""/>
  <member type="way" ref="1140848100" role=""/>
  <member type="way" ref="1182437567" role=""/>
  <member type="way" ref="88310279" role=""/>
  <member type="way" ref="656740782" role=""/>
  <member type="way" ref="656740786" role=""/>
  <member type="way" ref="213705396" role=""/>
  <member type="way" ref="656744278" role=""/>
  <member type="way" ref="213706922" role=""/>
  <member type="way" ref="1323349750" role=""/>
  <member type="way" ref="712450545" role=""/>
  <member type="way" ref="712450661" role=""/>
  <member type="way" ref="167101314" role=""/>
  <member type="way" ref="1011954978" role=""/>
  <member type="way" ref="39998149" role=""/>
  <member type="way" ref="1011954979" role=""/>
  <member type="way" ref="1348457979" role=""/>
  <member type="way" ref="1348457980" role=""/>
  <member type="way" ref="1182205268" role=""/>
  <member type="way" ref="630723422" role=""/>
  <member type="way" ref="934193170" role=""/>
  <member type="way" ref="1330580752" role=""/>
  <member type="way" ref="1330580747" role=""/>
  <member type="way" ref="1108863750" role=""/>
  <member type="way" ref="1350745414" role=""/>
  <member type="way" ref="52672830" role=""/>
  <member type="way" ref="1068825157" role=""/>
  <member type="way" ref="907468897" role=""/>
  <member type="way" ref="1108863749" role=""/>
  <member type="way" ref="1359642906" role=""/>
  <member type="way" ref="1362759697" role=""/>
  <member type="way" ref="1355316076" role=""/>
  <member type="way" ref="1355316077" role=""/>
  <member type="way" ref="1355316082" role=""/>
  <member type="way" ref="1368976322" role=""/>
  <member type="way" ref="213451218" role=""/>
  <member type="way" ref="1368976323" role=""/>
  <member type="way" ref="833052655" role=""/>
  <member type="way" ref="884648760" role=""/>
  <member type="way" ref="884648759" role=""/>
  <member type="way" ref="829535080" role=""/>
  <member type="way" ref="833053484" role=""/>
  <member type="way" ref="306995813" role=""/>
  <member type="way" ref="829535040" role=""/>
  <member type="way" ref="830630723" role=""/>
  <member type="way" ref="830630743" role=""/>
  <member type="way" ref="830630744" role=""/>
  <member type="way" ref="1110436463" role=""/>
  <member type="way" ref="1110436464" role=""/>
  <member type="way" ref="1148763628" role=""/>
  <member type="way" ref="1338566399" role=""/>
  <member type="way" ref="1338566400" role=""/>
  <member type="way" ref="1372254019" role=""/>
  <member type="way" ref="1377578160" role=""/>
  <member type="way" ref="53646992" role=""/>
  <member type="way" ref="1382964927" role=""/>
  <member type="way" ref="1382964928" role=""/>
  <member type="way" ref="1383099344" role=""/>
  <member type="way" ref="1383099339" role=""/>
  <member type="way" ref="1387540489" role=""/>
  <member type="way" ref="1387542016" role=""/>
  <member type="way" ref="1387540488" role=""/>
  <member type="way" ref="1387542015" role=""/>
  <member type="way" ref="1390299086" role=""/>
  <member type="way" ref="1390307057" role=""/>
  <member type="way" ref="1392507346" role=""/>
  <member type="way" ref="974384422" role=""/>
  <member type="way" ref="1412959974" role=""/>
  <member type="way" ref="306393032" role=""/>
  <member type="way" ref="995068421" role=""/>
  <member type="way" ref="1159593145" role=""/>
  <member type="way" ref="1159593144" role=""/>
  <member type="way" ref="976596759" role=""/>
  <member type="way" ref="1409120952" role=""/>
  <member type="way" ref="974384423" role=""/>
  <member type="way" ref="1159589456" role=""/>
  <member type="way" ref="1159589461" role=""/>
  <member type="way" ref="1159589458" role=""/>
  <member type="way" ref="1159587203" role=""/>
  <member type="way" ref="1159587201" role=""/>
  <member type="way" ref="994892374" role=""/>
  <member type="way" ref="1159587202" role=""/>
  <member type="way" ref="1168419474" role=""/>
  <member type="way" ref="1106843001" role=""/>
  <member type="way" ref="1106843002" role=""/>
  <member type="way" ref="974366899" role=""/>
  <member type="way" ref="1168419475" role=""/>
  <member type="way" ref="1307645921" role=""/>
  <member type="way" ref="1409120955" role=""/>
  <member type="way" ref="1409120964" role=""/>
  <member type="way" ref="1307645920" role=""/>
  <member type="way" ref="1159589457" role=""/>
  <member type="way" ref="1409120951" role=""/>
  <member type="way" ref="1159589460" role=""/>
  <member type="way" ref="1159589459" role=""/>
  <member type="way" ref="995068423" role=""/>
  <member type="way" ref="1409120950" role=""/>
  <member type="way" ref="1159587198" role=""/>
  <member type="way" ref="1159587199" role=""/>
  <member type="way" ref="1159587200" role=""/>
  <member type="way" ref="1409120953" role=""/>
  <member type="way" ref="1168419477" role=""/>
  <member type="way" ref="1409120954" role=""/>
  <member type="way" ref="1106842994" role=""/>
  <member type="way" ref="994892376" role=""/>
  <member type="way" ref="1106842999" role=""/>
  <member type="way" ref="1168419476" role=""/>
  <member type="way" ref="1307645915" role=""/>
  <member type="way" ref="1307645916" role=""/>
  <member type="way" ref="974366901" role=""/>
  <member type="way" ref="1409120956" role=""/>
  <member type="way" ref="1409120966" role=""/>
  <member type="way" ref="585325020" role=""/>
  <member type="way" ref="994892379" role=""/>
  <member type="way" ref="1307159042" role=""/>
  <member type="way" ref="1319142698" role=""/>
  <member type="way" ref="834909204" role=""/>
  <member type="way" ref="585325019" role=""/>
  <member type="way" ref="1216671719" role=""/>
  <member type="way" ref="1031546854" role=""/>
  <member type="way" ref="1008257008" role=""/>
  <member type="way" ref="1008257004" role=""/>
  <member type="way" ref="1323330582" role=""/>
  <member type="way" ref="1323330581" role=""/>
  <member type="way" ref="1159593148" role=""/>
  <member type="way" ref="1038298441" role=""/>
  <member type="way" ref="995068425" role=""/>
  <member type="way" ref="1159593147" role=""/>
  <member type="way" ref="602643363" role=""/>
  <member type="way" ref="709867628" role=""/>
  <member type="way" ref="652049281" role=""/>
  <member type="way" ref="1305930423" role=""/>
  <member type="way" ref="1359489394" role=""/>
  <member type="way" ref="1008257005" role=""/>
  <member type="way" ref="158636492" role=""/>
  <member type="way" ref="986515990" role=""/>
  <member type="way" ref="1008256343" role=""/>
  <member type="way" ref="1409120944" role=""/>
  <member type="way" ref="1409120943" role=""/>
  <member type="way" ref="939740721" role=""/>
  <member type="way" ref="1022440115" role=""/>
  <member type="way" ref="897888712" role=""/>
  <member type="way" ref="613732353" role=""/>
  <member type="way" ref="1008282355" role=""/>
  <member type="way" ref="563806827" role=""/>
  <member type="way" ref="568387700" role=""/>
  <member type="way" ref="568387699" role=""/>
  <member type="way" ref="1008282354" role=""/>
  <member type="way" ref="1168965153" role=""/>
  <member type="way" ref="1168965155" role=""/>
  <member type="way" ref="1168965154" role=""/>
  <member type="way" ref="563808706" role=""/>
  <member type="way" ref="834909205" role=""/>
  <member type="way" ref="1281556709" role=""/>
  <member type="way" ref="1431620846" role=""/>
  <member type="way" ref="1442849907" role=""/>
  <member type="way" ref="1431620850" role=""/>
  <member type="way" ref="1442849908" role=""/>
  <member type="way" ref="1446220798" role=""/>
  <member type="way" ref="1446220796" role=""/>
  <member type="way" ref="1462489275" role=""/>
  <member type="way" ref="1462489276" role=""/>
  <member type="way" ref="1464088042" role=""/>
  <member type="way" ref="1464088041" role=""/>
  <member type="way" ref="1464088044" role=""/>
  <member type="way" ref="1464088043" role=""/>
  <member type="way" ref="1299939242" role=""/>
  <member type="way" ref="1299939241" role=""/>
  <member type="way" ref="1466572593" role=""/>
  <member type="way" ref="1157624116" role=""/>
  <member type="way" ref="1466572588" role=""/>
  <member type="way" ref="1466572590" role=""/>
  <member type="way" ref="1157624115" role=""/>
  <member type="way" ref="1466572586" role=""/>
  <member type="way" ref="1466572591" role=""/>
  <member type="way" ref="1466572587" role=""/>
  <member type="way" ref="1466572592" role=""/>
  <member type="way" ref="1466572589" role=""/>
  <member type="way" ref="1022267913" role=""/>
  <member type="way" ref="1234495054" role=""/>
  <member type="way" ref="970251639" role=""/>
  <member type="way" ref="970251639" role=""/>
  <member type="way" ref="563863316" role=""/>
  <member type="way" ref="972594769" role=""/>
  <member type="way" ref="563863320" role=""/>
  <member type="way" ref="1173926558" role=""/>
  <member type="way" ref="996283268" role=""/>
  <member type="way" ref="1022440103" role=""/>
  <member type="way" ref="972594770" role=""/>
  <member type="way" ref="970251638" role=""/>
  <member type="way" ref="563863317" role=""/>
  <member type="way" ref="563863315" role=""/>
  <member type="way" ref="972594775" role=""/>
  <member type="way" ref="972594770" role=""/>
  <member type="way" ref="1022440103" role=""/>
  <member type="way" ref="996283268" role=""/>
  <member type="way" ref="1173926558" role=""/>
  <member type="way" ref="563863320" role=""/>
  <member type="way" ref="1095291759" role=""/>
  <member type="way" ref="151820479" role=""/>
  <member type="way" ref="972594769" role=""/>
  <member type="way" ref="1472728063" role=""/>
  <member type="way" ref="1472728068" role=""/>
  <member type="way" ref="1472728069" role=""/>
  <member type="way" ref="1476061532" role=""/>
  <member type="way" ref="1478618431" role=""/>
  <member type="way" ref="932682980" role=""/>
  <member type="way" ref="932682979" role=""/>
  <member type="way" ref="711282400" role=""/>
  <member type="way" ref="1409182522" role=""/>
  <member type="way" ref="711280413" role=""/>
  <member type="way" ref="711282402" role=""/>
  <member type="way" ref="711282409" role=""/>
  <member type="way" ref="1375800189" role=""/>
  <member type="way" ref="1375800188" role=""/>
  <member type="way" ref="693587586" role=""/>
  <member type="way" ref="905464150" role=""/>
  <member type="way" ref="693587583" role=""/>
  <member type="way" ref="1480615651" role=""/>
  <member type="way" ref="1480615642" role=""/>
  <member type="way" ref="1480615652" role=""/>
  <member type="way" ref="1480615643" role=""/>
  <member type="way" ref="1480748579" role=""/>
  <member type="way" ref="1480748577" role=""/>
  <member type="way" ref="1480748575" role=""/>
  <member type="way" ref="1480748581" role=""/>
  <member type="way" ref="141813286" role=""/>
  <member type="way" ref="1480748604" role=""/>
  <member type="way" ref="194613420" role=""/>
  <member type="way" ref="1480748608" role=""/>
  <member type="way" ref="1480748617" role=""/>
  <member type="way" ref="52649559" role=""/>
  <member type="way" ref="1480748628" role=""/>
  <member type="way" ref="1480748632" role=""/>
  <member type="way" ref="1480748634" role=""/>
  <member type="way" ref="1480748631" role=""/>
  <member type="way" ref="712426579" role=""/>
  <member type="way" ref="291705076" role=""/>
  <member type="way" ref="291705078" role=""/>
  <member type="way" ref="1226807668" role=""/>
  <member type="way" ref="291704920" role=""/>
  <member type="way" ref="1173054994" role=""/>
  <member type="way" ref="1480748580" role=""/>
  <member type="way" ref="802839209" role=""/>
  <member type="way" ref="712167973" role=""/>
  <member type="way" ref="712167972" role=""/>
  <member type="way" ref="1273595665" role=""/>
  <member type="way" ref="1252765553" role=""/>
  <member type="way" ref="318667765" role=""/>
  <member type="way" ref="158627361" role=""/>
  <member type="way" ref="712167969" role=""/>
  <member type="way" ref="832431846" role=""/>
  <member type="way" ref="832431849" role=""/>
  <member type="way" ref="908340824" role=""/>
  <member type="way" ref="832431848" role=""/>
  <member type="way" ref="712167968" role=""/>
  <member type="way" ref="1481140119" role=""/>
  <member type="way" ref="713928802" role=""/>
  <member type="way" ref="713942281" role=""/>
  <member type="way" ref="1481140118" role=""/>
  <member type="way" ref="160663185" role=""/>
  <member type="way" ref="713942283" role=""/>
  <member type="way" ref="1481140123" role=""/>
  <member type="way" ref="1468577887" role=""/>
  <member type="way" ref="713912299" role=""/>
  <member type="way" ref="1481140124" role=""/>
  <member type="way" ref="1481140128" role=""/>
  <member type="way" ref="1481140126" role=""/>
  <member type="way" ref="1481140129" role=""/>
  <member type="way" ref="1481140125" role=""/>
  <member type="way" ref="1481140127" role=""/>
  <member type="way" ref="1481140132" role=""/>
  <member type="way" ref="1481140130" role=""/>
  <member type="way" ref="1481140131" role=""/>
  <member type="way" ref="1481140133" role=""/>
  <member type="way" ref="1481455982" role=""/>
  <member type="way" ref="1481455984" role=""/>
  <member type="way" ref="1481455983" role=""/>
  <member type="way" ref="1481456005" role=""/>
  <member type="way" ref="1481456008" role=""/>
  <member type="way" ref="1481456002" role=""/>
  <member type="way" ref="908825455" role=""/>
  <member type="way" ref="908825454" role=""/>
  <member type="way" ref="908825453" role=""/>
  <member type="way" ref="908825452" role=""/>
  <member type="way" ref="908825451" role=""/>
  <member type="way" ref="1481455990" role=""/>
  <member type="way" ref="1481455991" role=""/>
  <member type="way" ref="1481455986" role=""/>
  <member type="way" ref="1481455993" role=""/>
  <member type="way" ref="1481455992" role=""/>
  <member type="way" ref="1481456009" role=""/>
  <member type="way" ref="1481686242" role=""/>
  <member type="way" ref="1481686245" role=""/>
  <member type="way" ref="1481686259" role=""/>
  <member type="way" ref="1481686263" role=""/>
  <member type="way" ref="1481686264" role=""/>
  <member type="way" ref="1481686266" role=""/>
  <member type="way" ref="1481686269" role=""/>
  <member type="way" ref="1481686258" role=""/>
  <member type="way" ref="1481686260" role=""/>
  <member type="way" ref="1481686268" role=""/>
  <member type="way" ref="1481686267" role=""/>
  <member type="way" ref="1481686265" role=""/>
  <member type="way" ref="1481686262" role=""/>
  <member type="way" ref="1481686261" role=""/>
  <member type="way" ref="1481686244" role=""/>
  <member type="way" ref="1481686280" role=""/>
  <member type="way" ref="1481686281" role=""/>
  <member type="way" ref="1481686247" role=""/>
  <member type="way" ref="1481686246" role=""/>
  <member type="way" ref="1481686283" role=""/>
  <member type="way" ref="1481686282" role=""/>
  <member type="way" ref="1481704480" role=""/>
  <member type="way" ref="1160448449" role=""/>
  <member type="way" ref="1487075305" role=""/>
  <member type="way" ref="1408764947" role=""/>
  <member type="way" ref="1485282180" role=""/>
  <member type="way" ref="1485282179" role=""/>
  <member type="way" ref="1489465798" role=""/>
  <member type="way" ref="1489465799" role=""/>
  <member type="way" ref="1489465806" role=""/>
  <member type="way" ref="1489465807" role=""/>
  <member type="way" ref="946523845" role=""/>
  <member type="way" ref="318779798" role=""/>
  <member type="way" ref="936285749" role=""/>
  <member type="way" ref="936285748" role=""/>
  <member type="way" ref="946523855" role=""/>
  <member type="way" ref="1059976733" role=""/>
  <member type="way" ref="1059976731" role=""/>
  <member type="way" ref="1489465797" role=""/>
  <tag k="distance" v="2482 km"/>
  <tag k="from" v="Cửa Khẩu Hữu Nghị, Lạng Sơn"/>
  <tag k="name" v="Quốc lộ 1"/>
  <tag k="name:en" v="National Route 1"/>
  <tag k="name:fr" v="Route nationale 1"/>
  <tag k="name:ja" v="国道1号線"/>
  <tag k="name:ko" v="국도 제1호선"/>
  <tag k="name:zh" v="國道1號"/>
  <tag k="network" v="VN:national"/>
  <tag k="note:vi" v="Quốc lộ 1 là tên chính thức của con đường này, theo Quyết định số 1454/QĐ-TTg ngày 1 tháng 9 năm 2021 của Thủ tướng Chính phủ Việt Nam. Đề nghị không sửa tên thành &quot;Quốc lộ 1A&quot;."/>
  <tag k="ref" v="QL.1"/>
  <tag k="route" v="road"/>
  <tag k="source" v="Vietbando;GPS"/>
  <tag k="symbol" v="https://vi.wikipedia.org/wiki/AH1#/media/T%E1%BA%ADp_tin:Tabliczka_AH1.svg"/>
  <tag k="to" v="Đất Mũi, Cà Mau"/>
  <tag k="type" v="route"/>
  <tag k="wikidata" v="Q1372266"/>
  <tag k="wikipedia" v="vi:Quốc lộ 1"/>
 </relation>
 <relation id="17245451" visible="true" version="4" changeset="168006936" timestamp="2025-06-23T14:34:40Z" user="Tewuzij" uid="16194143">
  <member type="node" ref="9820662731" role="label"/>
  <member type="way" ref="1253011995" role="outer"/>
  <member type="way" ref="1253011998" role="outer"/>
  <member type="way" ref="1253098028" role="outer"/>
  <member type="way" ref="1253011999" role="outer"/>
  <member type="way" ref="1253098032" role="outer"/>
  <member type="way" ref="1253012002" role="outer"/>
  <member type="way" ref="1253012001" role="outer"/>
  <member type="way" ref="1253011996" role="outer"/>
  <tag k="admin_level" v="8"/>
  <tag k="boundary" v="historic"/>
  <tag k="name" v="Phường Lam Sơn"/>
  <tag k="type" v="boundary"/>
  <tag k="wikidata" v="Q10784257"/>
  <tag k="wikipedia" v="vi:Lam Sơn, thành phố Thanh Hóa"/>
 </relation>
 <relation id="17245452" visible="true" version="3" changeset="168006936" timestamp="2025-06-23T14:34:40Z" user="Tewuzij" uid="16194143">
  <member type="node" ref="9820662720" role="label"/>
  <member type="way" ref="1253012004" role="outer"/>
  <member type="way" ref="1253012001" role="outer"/>
  <member type="way" ref="1253012009" role="outer"/>
  <tag k="admin_level" v="8"/>
  <tag k="boundary" v="historic"/>
  <tag k="name" v="Phường Ba Đình"/>
  <tag k="type" v="boundary"/>
  <tag k="wikidata" v="Q10736962"/>
  <tag k="wikipedia" v="vi:Ba Đình, thành phố Thanh Hóa"/>
 </relation>
 <relation id="17245453" visible="true" version="3" changeset="168006936" timestamp="2025-06-23T14:34:40Z" user="Tewuzij" uid="16194143">
  <member type="node" ref="9820662734" role="label"/>
  <member type="way" ref="1253012003" role="outer"/>
  <member type="way" ref="1253012006" role="outer"/>
  <member type="way" ref="1253012002" role="outer"/>
  <member type="way" ref="1253012004" role="outer"/>
  <tag k="admin_level" v="8"/>
  <tag k="boundary" v="historic"/>
  <tag k="name" v="Phường Ngọc Trạo"/>
  <tag k="type" v="boundary"/>
  <tag k="wikidata" v="Q10800694"/>
  <tag k="wikipedia" v="vi:Ngọc Trạo, thành phố Thanh Hóa"/>
 </relation>
 <relation id="17245937" visible="true" version="3" changeset="168006936" timestamp="2025-06-23T14:34:40Z" user="Tewuzij" uid="16194143">
  <member type="node" ref="9820662742" role="label"/>
  <member type="way" ref="1252772830" role="outer"/>
  <member type="way" ref="1253098018" role="outer"/>
  <member type="way" ref="1253098017" role="outer"/>
  <member type="way" ref="1252772833" role="outer"/>
  <tag k="admin_level" v="8"/>
  <tag k="boundary" v="historic"/>
  <tag k="name" v="Phường Quảng Thắng"/>
  <tag k="type" v="boundary"/>
  <tag k="wikidata" v="Q10810484"/>
  <tag k="wikipedia" v="vi:Quảng Thắng"/>
 </relation>
 <relation id="17245938" visible="true" version="3" changeset="168006936" timestamp="2025-06-23T14:34:40Z" user="Tewuzij" uid="16194143">
  <member type="node" ref="9820662729" role="label"/>
  <member type="way" ref="1253098020" role="outer"/>
  <member type="way" ref="1252772832" role="outer"/>
  <member type="way" ref="1253098018" role="outer"/>
  <member type="way" ref="1252772829" role="outer"/>
  <member type="way" ref="1253012005" role="outer"/>
  <member type="way" ref="1253012006" role="outer"/>
  <member type="way" ref="1253098032" role="outer"/>
  <member type="way" ref="1253098031" role="outer"/>
  <tag k="admin_level" v="8"/>
  <tag k="boundary" v="historic"/>
  <tag k="name" v="Phường Đông Vệ"/>
  <tag k="type" v="boundary"/>
  <tag k="wikidata" v="Q10840893"/>
  <tag k="wikipedia" v="vi:Đông Vệ"/>
 </relation>
 <relation id="19428619" visible="true" version="5" changeset="172205810" timestamp="2025-09-20T13:29:29Z" user="user_5359" uid="5359">
  <member type="node" ref="9833977852" role="label"/>
  <member type="way" ref="1252998636" role="outer"/>
  <member type="way" ref="1253012008" role="outer"/>
  <member type="way" ref="1252772829" role="outer"/>
  <member type="way" ref="1253098018" role="outer"/>
  <member type="way" ref="1253098017" role="outer"/>
  <member type="way" ref="1252752131" role="outer"/>
  <member type="way" ref="889381556" role="outer"/>
  <member type="way" ref="1252753620" role="outer"/>
  <member type="way" ref="889385826" role="outer"/>
  <member type="way" ref="478022679" role="outer"/>
  <member type="way" ref="1253425477" role="outer"/>
  <member type="way" ref="1253425482" role="outer"/>
  <member type="way" ref="1253425480" role="outer"/>
  <member type="way" ref="1253425484" role="outer"/>
  <member type="way" ref="1253441076" role="outer"/>
  <member type="way" ref="1253425483" role="outer"/>
  <member type="way" ref="1081722943" role="outer"/>
  <member type="way" ref="1081722941" role="outer"/>
  <member type="way" ref="1252772828" role="outer"/>
  <member type="way" ref="1074117453" role="outer"/>
  <tag k="admin_level" v="6"/>
  <tag k="boundary" v="administrative"/>
  <tag k="name" v="Phường Đông Quang"/>
  <tag k="name:de" v="Stadtviertel Đông Quang"/>
  <tag k="name:en" v="Đông Quang Ward"/>
  <tag k="name:vi" v="Phường Đông Quang"/>
  <tag k="place" v="city"/>
  <tag k="population" v="61214"/>
  <tag k="population:date" v="2025-07-01"/>
  <tag k="source:population" v="gis.vn"/>
  <tag k="type" v="boundary"/>
 </relation>
 <relation id="19428631" visible="true" version="5" changeset="172205810" timestamp="2025-09-20T13:29:29Z" user="user_5359" uid="5359">
  <member type="way" ref="1252998638" role="outer"/>
  <member type="way" ref="1252998633" role="outer"/>
  <member type="way" ref="1252998637" role="outer"/>
  <member type="way" ref="1253011994" role="outer"/>
  <member type="way" ref="1253012007" role="outer"/>
  <member type="way" ref="1252998634" role="outer"/>
  <member type="way" ref="1073919899" role="outer"/>
  <member type="way" ref="1074117452" role="outer"/>
  <member type="way" ref="1252998636" role="outer"/>
  <member type="way" ref="1253012008" role="outer"/>
  <member type="way" ref="1252772829" role="outer"/>
  <member type="way" ref="1253098018" role="outer"/>
  <member type="way" ref="1252772832" role="outer"/>
  <member type="way" ref="1253098020" role="outer"/>
  <member type="way" ref="1253098030" role="outer"/>
  <member type="way" ref="1253098023" role="outer"/>
  <member type="way" ref="1253098024" role="outer"/>
  <member type="way" ref="1252736046" role="outer"/>
  <member type="way" ref="1252998631" role="outer"/>
  <member type="way" ref="1252736048" role="outer"/>
  <member type="node" ref="13142490083" role="label"/>
  <tag k="admin_level" v="6"/>
  <tag k="boundary" v="administrative"/>
  <tag k="name" v="Phường Hạc Thành"/>
  <tag k="name:de" v="Stadtviertel Hạc Thành"/>
  <tag k="name:en" v="Hạc Thành Ward"/>
  <tag k="name:vi" v="Phường Hạc Thành"/>
  <tag k="place" v="city"/>
  <tag k="population" v="197142"/>
  <tag k="population:date" v="2025-07-01"/>
  <tag k="source:population" v="gis.vn"/>
  <tag k="type" v="boundary"/>
 </relation>
</osm>