Episode,Reward,Critic_Loss,Time_Sec,CPU_Percent,RAM_Percent
1,-8112.42,2138888.75,1.81,95.2,49.3
2,-10132.51,2878720.3125,1.81,99.7,49.3
3,-9116.62,2124800.4375,1.95,96.6,49.4
4,-8845.69,2437251.9375,1.78,78.4,49.4
5,-7807.48,1755623.8438,1.81,98.9,49.4
6,-9815.87,2754139.6875,1.84,95.1,49.3
7,-7888.16,1728634.0625,1.88,100.0,49.4
8,-5808.41,861176.8125,1.82,92.9,49.4
9,-11102.99,3514385.5,1.82,94.2,49.5
10,-8660.64,2103359.5,1.78,100.0,49.3
11,-6798.96,1481373.4375,1.88,98.2,48.9
12,-9662.68,2700705.75,1.87,95.1,48.9
13,-7239.29,1524255.4375,1.91,99.0,49.0
14,-8969.04,2638422.1875,1.9,94.3,48.9
15,-8238.31,1893178.0938,1.89,91.0,49.0
16,-9047.5,2242124.75,1.81,90.7,49.1
17,-7311.24,1499618.25,1.83,100.0,49.1
18,-10252.85,2895474.9375,1.86,100.0,49.0
19,-11353.74,3902845.5625,1.85,93.4,49.1
20,-7571.68,1491228.625,1.89,100.0,49.1
21,-8407.09,1894746.0,1.85,95.3,49.7
22,-8878.27,2189725.625,1.93,94.0,49.3
23,-6632.74,1292159.5,1.75,81.3,49.2
24,-8232.9,1992125.8438,1.8,97.1,49.2
25,-7799.54,1832329.7812,1.89,99.4,49.2
26,-6606.19,1039345.2656,1.86,100.0,49.3
27,-8940.86,2124318.5,1.86,96.6,49.6
28,-9262.3,2486282.75,1.79,94.4,49.9
29,-7192.21,1397578.75,1.82,98.9,50.0
30,-9259.02,2233558.6875,1.86,98.2,50.3
31,-10902.78,3439429.625,1.87,91.7,50.0
32,-8823.31,2362772.25,1.9,100.0,50.0
33,-9997.22,2815658.875,1.89,88.4,49.1
34,-8973.72,2124629.0,1.88,93.9,48.6
35,-7873.63,1622836.9688,1.84,86.9,48.7
36,-7538.22,1746760.1562,1.82,98.5,48.6
37,-10097.91,2987146.5,1.88,100.0,48.6
38,-9393.07,2666820.0,1.85,98.1,48.6
39,-9956.38,2672630.8125,1.83,96.7,48.7
40,-8770.28,2336678.0,1.82,91.8,48.5
41,-8900.77,2380032.875,1.99,94.9,48.6
42,-7970.27,1782719.1562,1.83,88.5,48.7
43,-9807.33,2689626.25,1.85,97.1,48.7
44,-8447.45,1959837.6875,1.81,98.9,48.8
45,-8000.09,1777861.3438,1.81,100.0,48.6
46,-10254.96,2844501.125,1.86,100.0,48.7
47,-7650.22,1480610.5938,1.76,86.4,48.8
48,-8806.97,1947155.1875,1.95,88.7,48.8
49,-10350.46,2891410.6875,1.86,97.5,48.6
50,-7123.78,1198479.5625,1.82,100.0,48.6
51,-8094.69,1783438.0938,1.81,92.8,48.7
52,-6909.56,1258527.3438,1.79,97.4,48.8
53,-9207.21,2689978.875,1.94,96.0,48.7
54,-7290.39,1458626.125,1.94,89.0,48.7
55,-7038.93,1297127.875,1.8,93.3,48.8
56,-8154.15,1908160.0,1.83,99.6,48.9
57,-7035.12,1366060.3438,1.8,98.9,48.9
58,-7675.82,1718514.7188,1.85,96.6,48.8
59,-7593.24,1698488.5312,1.81,93.3,48.9
60,-8890.17,1966263.0625,1.78,98.2,48.9
61,-8818.73,2131018.75,1.9,99.5,48.9
62,-7474.72,1511121.1562,1.8,94.7,48.0
63,-6825.92,1266085.875,1.82,99.9,48.0
64,-7536.98,1697317.125,1.85,90.5,48.1
65,-7810.65,1827532.6562,1.91,95.4,48.2
66,-9421.7,2483775.75,1.84,95.3,48.1
67,-8881.91,1982974.7812,1.86,95.7,48.2
68,-6097.05,1037403.75,1.91,98.0,48.2
69,-6674.5,1212745.4375,1.85,100.0,48.2
70,-8166.28,1813285.0625,1.9,99.9,47.8
71,-7755.74,1860660.3438,1.81,85.2,47.9
72,-8511.1,1923732.75,1.95,88.7,47.7
73,-9201.91,2223221.1875,1.82,97.8,47.8
74,-9014.54,2173028.3125,1.87,97.5,47.9
75,-7678.52,1642909.125,1.81,95.8,47.9
76,-7393.37,1477634.625,1.89,100.0,48.3
77,-6847.98,1375989.4062,1.85,100.0,48.7
78,-6664.49,1101968.3438,1.87,95.1,48.8
79,-8401.41,1832673.6562,1.91,93.9,48.9
80,-8914.74,2065973.6875,1.93,100.0,48.9
81,-7110.46,1334196.0,1.92,96.1,49.0
82,-7839.99,1698597.5938,1.92,100.0,49.1
83,-6273.39,1076582.1562,1.86,98.7,49.0
84,-7554.29,1448010.4062,1.89,100.0,49.1
85,-7230.01,1382956.9688,1.92,100.0,49.1
86,-7533.54,1475828.1562,1.85,100.0,48.9
87,-6899.89,1249877.4062,1.89,100.0,48.8
88,-7725.26,1765118.0625,1.86,99.2,48.8
89,-7140.18,1533050.5625,1.94,97.7,49.0
90,-9908.78,2891588.3125,1.94,91.9,49.1
91,-7910.5,1723539.0,1.88,93.4,49.5
92,-7933.27,1635241.4688,1.94,100.0,49.7
93,-7699.36,1824350.1562,1.96,100.0,49.8
94,-6736.64,1159411.3125,1.93,95.1,49.9
95,-6792.57,1061027.7188,1.94,100.0,50.0
96,-7764.84,1577879.75,1.94,100.0,50.0
97,-7926.16,1682644.375,1.95,100.0,50.0
98,-7695.31,1644134.3438,1.9,99.3,50.1
99,-7744.98,1670041.8438,1.96,100.0,50.0
100,-6736.38,1045842.0312,1.94,100.0,50.0
101,-7027.28,1389326.625,2.06,99.6,50.3
102,-9025.33,2386377.375,2.01,100.0,50.3
103,-8623.62,2047570.6875,1.89,97.0,50.3
104,-6390.92,1018648.6562,1.89,100.0,50.3
105,-6905.41,1396312.0,2.05,100.0,50.3
106,-7155.9,1498182.5938,1.91,100.0,50.4
107,-7892.01,1522098.0,1.95,100.0,50.5
108,-8038.7,1738807.7812,1.92,100.0,51.0
109,-7062.67,1234433.3438,2.02,99.8,50.9
110,-8392.73,1926401.375,2.0,100.0,51.5
111,-9664.7,2563162.4375,2.02,100.0,51.8
112,-8156.89,1801016.2188,1.93,100.0,51.9
113,-8217.36,1953043.6875,2.1,100.0,51.9
114,-6391.2,978492.4688,2.04,100.0,51.9
115,-8497.48,1929721.2188,2.0,100.0,52.1
116,-6703.58,1111955.8438,1.93,100.0,52.1
117,-6559.41,1012906.5,2.12,100.0,52.1
118,-7020.94,1418494.9062,1.94,99.9,52.1
119,-6555.81,1251651.9688,2.03,100.0,52.5
120,-6282.0,1008320.3594,2.02,100.0,52.6
121,-8587.32,1882588.0938,1.98,100.0,52.6
122,-7958.56,1759524.1875,2.06,100.0,52.4
123,-10112.52,2608804.125,2.0,100.0,52.5
124,-7686.46,1586509.4688,1.94,100.0,52.6
125,-6967.84,1177863.4375,2.22,100.0,52.7
126,-6248.35,1050497.9375,1.98,98.6,52.6
127,-7642.24,1724911.9062,1.98,100.0,52.7
128,-6719.89,1228284.75,1.99,100.0,52.7
129,-6218.52,969183.2344,2.12,100.0,52.8
130,-8539.9,1928744.0938,2.1,100.0,52.8
131,-9368.98,2312364.0625,1.93,100.0,52.9
132,-9175.28,2314448.875,2.07,100.0,53.0
133,-7537.88,1439910.0,2.0,100.0,53.1
134,-7324.12,1470457.4688,2.07,100.0,53.2
135,-7628.89,1657587.9688,1.92,100.0,53.0
136,-6919.89,1211329.3125,1.94,100.0,53.1
137,-9676.06,2639484.5,2.02,100.0,53.0
138,-7185.93,1423042.4062,1.95,100.0,53.1
139,-6859.46,1123744.375,1.95,100.0,53.1
140,-9051.22,2098477.25,2.05,100.0,53.1
141,-6590.65,1142109.7812,1.96,100.0,53.1
142,-7944.8,1643055.5,2.15,100.0,53.2
143,-7396.42,1368965.3438,2.02,98.9,53.0
144,-8619.79,2000761.4688,2.03,100.0,53.1
145,-8131.73,1778911.375,2.05,100.0,53.2
146,-8175.18,1768405.375,2.04,100.0,53.2
147,-6949.42,1403926.6562,2.0,100.0,53.2
148,-7220.99,1453894.5625,2.02,100.0,53.2
149,-9094.89,2116808.375,1.97,100.0,53.2
150,-7773.71,1690348.6875,2.14,100.0,53.2
151,-6802.3,1014605.9219,1.95,100.0,53.3
152,-7226.26,1251730.6562,2.03,100.0,53.3
153,-8701.96,1759655.0,2.14,100.0,53.4
154,-8322.77,1892772.3438,2.06,100.0,53.3
155,-9152.85,2284714.625,2.04,100.0,53.4
156,-6680.91,1209537.4062,2.09,100.0,53.3
157,-7113.21,1226088.1562,2.07,100.0,53.4
158,-7133.17,1341645.5625,1.99,98.2,53.5
159,-8568.43,1847194.4062,2.04,100.0,53.6
160,-8364.62,1842646.7188,2.17,100.0,54.4
161,-8677.2,1995818.4375,2.01,100.0,54.4
162,-7777.02,1533217.9375,1.95,99.5,54.2
163,-7996.01,1648667.5312,1.97,100.0,54.3
164,-6922.86,1114611.8125,2.07,100.0,54.2
165,-8580.24,1768731.375,2.01,100.0,54.0
166,-7845.87,1431168.25,1.99,98.3,54.1
167,-7906.69,1663037.375,1.98,100.0,54.2
168,-9027.12,1999047.2188,2.1,100.0,54.2
169,-6744.05,1189946.0312,2.01,100.0,53.7
170,-7570.54,1470297.0625,2.05,100.0,53.7
171,-7858.94,1553054.25,1.97,100.0,53.7
172,-8125.53,1706201.25,2.15,100.0,53.8
173,-8819.18,1919287.0938,2.04,100.0,53.7
174,-6664.72,989530.25,2.08,100.0,53.8
175,-7897.37,1526571.375,2.08,100.0,53.9
176,-8241.38,1852088.875,2.06,100.0,53.9
177,-6109.66,789476.5781,2.12,100.0,53.9
178,-6965.54,997533.9688,2.1,100.0,53.9
179,-7279.49,1392143.7812,2.02,100.0,53.9
180,-8113.37,1451662.9062,2.06,100.0,54.0
181,-7867.86,1671579.7812,2.03,100.0,54.0
182,-9458.83,2497313.125,2.0,100.0,53.9
183,-6284.36,931599.0312,2.13,100.0,53.9
184,-6660.36,908106.1719,1.99,100.0,54.0
185,-7626.61,1392028.5,1.95,100.0,54.0
186,-7403.21,1372743.125,2.07,100.0,53.8
187,-8304.43,1565524.9688,1.96,100.0,53.9
188,-7202.89,1460067.5,1.94,100.0,54.0
189,-7646.63,1436518.625,2.03,100.0,53.9
190,-8422.42,1876289.0312,2.1,100.0,54.0
191,-5730.0,695916.8906,2.06,100.0,54.0
192,-8331.99,1773990.375,2.02,100.0,54.0
193,-6539.11,891559.1094,2.01,100.0,53.9
194,-8151.36,1513653.0312,2.01,100.0,54.0
195,-7386.88,1143583.8438,2.08,100.0,54.1
196,-7197.7,1278993.2812,1.96,100.0,54.1
197,-8155.4,1499286.5938,2.02,100.0,54.2
198,-8266.25,1577813.75,1.97,100.0,54.1
199,-7970.61,1559997.2188,2.0,100.0,54.1
200,-6600.34,1017549.3125,1.96,100.0,54.3
201,-8422.57,1779415.9688,2.03,100.0,54.3
202,-8143.73,1567102.7812,2.12,100.0,54.3
203,-9266.39,1959062.75,2.01,100.0,54.3
204,-7306.68,1290103.125,2.08,100.0,53.9
205,-8281.4,1570245.9062,1.96,97.7,54.2
206,-9539.18,2342841.0,2.22,100.0,54.2
207,-9311.18,1908275.375,2.06,99.2,54.4
208,-7671.88,1408549.4062,1.99,100.0,54.4
209,-7214.21,1108443.375,2.1,100.0,54.5
210,-6637.44,841607.625,2.07,100.0,54.4
211,-6895.1,938073.1562,2.09,100.0,54.4
212,-7534.48,1169426.7812,1.98,100.0,54.5
213,-8771.69,1554677.8438,2.21,100.0,54.5
214,-7799.27,1601582.6562,2.04,100.0,54.4
215,-6681.19,997465.7969,2.05,100.0,54.4
216,-7073.72,1040388.4844,2.02,100.0,54.2
217,-6353.95,817275.9375,2.02,100.0,54.3
218,-5889.98,671545.3594,1.94,100.0,54.4
219,-6565.43,874077.0312,2.01,100.0,54.4
220,-7913.59,1358323.9375,2.14,100.0,54.4
221,-9087.01,1887594.5,1.98,100.0,54.3
222,-6339.73,788041.0469,2.11,99.2,54.5
223,-7703.88,1192961.0,2.05,100.0,54.2
224,-7311.09,1102927.25,2.06,100.0,54.2
225,-6482.02,892827.4219,1.98,99.3,54.2
226,-6500.39,796232.4531,1.94,100.0,54.0
227,-6393.4,936106.0156,2.19,100.0,54.0
228,-6109.41,753097.2031,2.04,100.0,54.0
229,-8929.65,1823545.4062,2.08,100.0,53.9
230,-6322.5,732059.3594,2.03,100.0,54.0
231,-7445.09,1280135.0,2.01,100.0,53.9
232,-8210.6,1340080.0312,2.22,100.0,53.5
233,-8539.81,1639126.9688,1.93,98.6,53.6
234,-8147.39,1515158.1875,2.05,100.0,53.7
235,-5932.27,671921.4531,2.01,100.0,53.6
236,-8815.2,1574935.4375,2.04,100.0,53.5
237,-6918.67,1008485.2969,2.0,100.0,53.6
238,-7952.38,1489504.6562,2.0,100.0,53.6
239,-6850.36,1019469.5,2.0,100.0,53.6
240,-8032.86,1431674.4688,2.1,100.0,53.7
241,-7002.44,1226230.8125,2.09,100.0,53.7
242,-8112.01,1291341.5938,2.04,100.0,53.6
243,-7349.11,1226909.6562,2.14,100.0,53.7
244,-7120.61,1051501.6875,2.07,99.6,53.7
245,-6757.37,814213.4688,2.09,100.0,53.7
246,-9520.4,2138540.5,2.08,100.0,53.7
247,-6557.83,984887.5,1.96,100.0,53.7
248,-8982.71,1733109.4688,2.07,100.0,53.7
249,-7334.99,1054176.5312,2.07,100.0,53.9
250,-8573.07,1784446.5938,2.11,100.0,53.9
251,-8314.76,1576477.5,2.1,100.0,54.1
252,-7649.66,1180869.75,1.98,100.0,53.9
253,-8237.59,1544799.25,2.1,100.0,53.8
254,-8835.56,1689790.1562,2.11,100.0,53.8
255,-6252.35,696069.375,1.97,100.0,53.9
256,-8465.03,1451718.5312,2.11,100.0,53.9
257,-6590.6,759339.8281,2.09,100.0,53.8
258,-7425.49,1068630.2812,2.09,100.0,53.9
259,-6115.64,727500.1094,1.96,100.0,53.7
260,-7159.82,945633.0156,2.02,100.0,53.8
261,-6060.78,537318.0312,2.11,100.0,53.7
262,-6757.78,915427.6094,2.04,100.0,53.7
263,-6353.23,771435.3594,1.94,99.6,53.7
264,-6410.21,718173.0625,1.96,99.1,53.6
265,-6889.85,755510.5938,2.04,100.0,53.6
266,-8272.55,1509734.6562,2.11,100.0,53.7
267,-7246.91,876721.0938,1.98,100.0,53.9
268,-7277.11,841452.625,2.12,100.0,53.8
269,-6756.51,847279.5312,1.99,100.0,53.7
270,-7823.18,1333457.5625,2.1,100.0,53.9
271,-8212.02,1332725.4688,2.04,100.0,54.1
272,-7107.24,1019620.0781,2.08,100.0,54.1
273,-9139.53,1610730.2188,2.03,100.0,54.1
274,-7194.51,845666.5938,1.98,100.0,54.1
275,-9198.7,1760357.2812,2.15,100.0,54.2
276,-8404.85,1368930.1875,2.06,100.0,54.2
277,-8170.24,1337491.0625,2.04,100.0,54.2
278,-7611.52,1002824.2344,1.87,99.2,53.8
279,-6751.67,913377.4062,1.96,99.6,53.8
280,-7409.73,1075066.9688,2.1,100.0,53.9
281,-7102.64,797933.0469,2.14,100.0,53.8
282,-5932.3,651844.375,2.01,100.0,53.8
283,-7303.18,998451.3906,1.99,100.0,53.9
284,-6191.74,502983.3203,2.11,100.0,53.9
285,-7076.02,837188.0781,2.06,100.0,54.0
286,-8975.37,1452486.125,1.99,100.0,54.0
287,-6857.81,871351.5,2.01,100.0,54.1
288,-5869.94,502746.5547,2.07,100.0,54.1
289,-8837.44,1534445.2812,2.12,99.7,54.3
290,-6903.33,746568.8906,1.99,99.9,54.4
291,-8885.5,1346232.125,2.07,100.0,54.3
292,-5552.05,398047.0938,2.07,100.0,54.4
293,-8244.53,1244466.5312,2.05,100.0,54.4
294,-7410.35,970930.5781,2.08,100.0,54.4
295,-7395.15,978867.7812,1.96,100.0,54.5
296,-6843.41,769771.9375,2.0,100.0,54.5
297,-7786.56,1046148.9688,1.94,100.0,54.6
298,-5837.91,440851.3047,2.07,100.0,54.7
299,-7026.62,695875.75,2.17,100.0,54.6
300,-6354.32,604292.2344,2.1,99.9,54.1
301,-8612.92,1278797.5625,1.99,99.5,54.0
302,-6987.91,790922.0781,2.13,100.0,54.1
303,-7334.28,770918.2969,2.16,100.0,53.9
304,-7167.09,869978.4375,2.05,97.6,53.7
305,-6580.97,642825.9688,2.17,100.0,53.8
306,-7593.3,833364.4062,1.98,100.0,53.9
307,-6873.0,685526.5938,2.05,100.0,53.8
308,-6871.98,582126.1875,2.06,99.9,53.9
309,-7216.79,858998.2969,2.09,100.0,53.9
310,-9408.0,1573510.2188,2.01,100.0,54.1
311,-5639.85,363920.1562,2.07,100.0,53.9
312,-8444.58,1073302.8125,2.05,100.0,53.8
313,-7886.73,962269.5,2.04,100.0,53.9
314,-6271.7,592491.6094,2.08,100.0,54.0
315,-6438.56,492143.9062,1.95,100.0,54.0
316,-5483.74,275023.2812,2.09,100.0,53.4
317,-7782.44,985495.4844,1.98,100.0,53.4
318,-7490.33,783390.0469,2.08,100.0,53.6
319,-7669.3,988231.9062,2.07,100.0,53.7
320,-6273.84,455802.8438,2.12,100.0,53.6
321,-8287.83,1003394.0,2.05,100.0,53.6
322,-6119.9,399941.5391,2.02,100.0,53.8
323,-6385.13,431708.9531,2.14,100.0,53.9
324,-6090.9,339050.3984,2.07,100.0,53.8
325,-8559.27,1212732.5312,2.06,100.0,53.8
326,-7272.34,588643.2812,2.04,100.0,53.8
327,-6287.48,391251.1484,2.22,100.0,53.9
328,-7646.41,693028.5625,2.03,99.8,53.9
329,-6030.67,399108.8906,2.04,100.0,54.0
330,-6732.36,592179.2188,2.04,100.0,53.6
331,-7429.34,544961.8594,2.33,100.0,53.7
332,-7047.25,598541.5,2.11,100.0,53.8
333,-6205.99,445376.5156,2.07,100.0,53.9
334,-8858.07,1252201.375,2.0,100.0,53.9
335,-8518.34,1150695.8438,2.26,100.0,53.9
336,-6987.29,431151.4141,2.09,100.0,53.9
337,-7318.07,606120.7031,2.01,100.0,53.9
338,-6089.55,462089.2734,2.16,100.0,54.0
339,-7337.35,678353.125,2.11,100.0,54.1
340,-5734.51,208341.9219,2.13,100.0,54.1
341,-7326.61,543055.5938,2.0,100.0,54.3
342,-7344.67,635706.9375,2.07,100.0,54.3
343,-6853.07,454141.4297,1.97,100.0,54.3
344,-7580.37,661115.6094,2.02,100.0,54.3
345,-7494.03,588771.1875,1.99,100.0,54.2
346,-5882.03,240301.918,2.06,100.0,54.0
347,-6765.57,398218.5234,2.01,100.0,54.1
348,-5892.79,221172.9805,2.1,100.0,54.0
349,-6483.62,399955.8047,2.14,100.0,54.1
350,-6378.27,336754.2344,2.01,92.0,54.1
351,-7316.62,562799.6406,2.07,100.0,54.2
352,-8794.35,1135858.0625,2.11,100.0,54.1
353,-7709.02,848878.8125,2.04,99.1,54.1
354,-9072.59,1224359.25,2.05,100.0,54.1
355,-8362.44,703522.7969,1.98,100.0,54.2
356,-6413.74,358092.8516,2.17,100.0,54.4
357,-6886.43,457317.1172,1.99,99.8,54.1
358,-6952.77,442256.2422,2.08,100.0,54.2
359,-5935.12,235337.4688,1.99,100.0,54.2
360,-7328.41,522389.5781,2.22,100.0,54.3
361,-7796.98,589822.8438,1.98,100.0,54.2
362,-8608.88,747280.1875,1.99,100.0,54.2
363,-7491.09,524945.8203,2.04,100.0,54.3
364,-7276.32,429594.5469,2.02,100.0,54.4
365,-8567.24,778788.8438,1.95,100.0,54.4
366,-7188.35,505005.3516,2.07,100.0,54.3
367,-6295.24,294341.1016,1.98,100.0,54.4
368,-7734.38,642489.2812,2.05,100.0,54.5
369,-7229.8,372523.0156,1.95,100.0,54.5
370,-6723.96,323748.1016,2.18,100.0,54.5
371,-7074.75,512401.2891,1.95,100.0,54.5
372,-8394.2,612729.1562,2.16,100.0,54.6
373,-6352.0,250330.2461,2.0,100.0,54.6
374,-6959.1,314343.6406,2.21,100.0,54.6
375,-7002.79,383743.9844,2.1,100.0,54.7
376,-5700.61,214561.5156,2.0,98.9,54.9
377,-6852.21,277098.7969,2.16,100.0,54.9
378,-7435.81,351956.6172,1.97,100.0,54.8
379,-7892.34,665016.875,2.04,100.0,54.8
380,-10153.51,1074711.0312,2.0,100.0,54.8
381,-8382.26,555305.8438,2.24,100.0,54.9
382,-7228.57,436688.2734,2.06,100.0,54.9
383,-7165.81,429567.4219,2.01,100.0,54.9
384,-8440.22,576609.9062,2.09,100.0,55.0
385,-5479.82,74929.0605,1.96,100.0,55.0
386,-7283.5,365664.4609,2.07,100.0,55.1
387,-8738.88,667345.0312,2.04,100.0,55.1
388,-7411.99,408092.6719,2.13,100.0,55.1
389,-6417.62,189722.9688,2.02,99.8,55.2
390,-6552.16,185687.5078,2.0,100.0,55.2
391,-6290.24,120032.2324,2.12,100.0,55.3
392,-6520.08,191278.6094,2.11,100.0,55.3
393,-5131.64,72385.3203,2.02,99.3,55.3
394,-8497.7,511110.0469,2.06,100.0,55.3
395,-6288.16,203540.6562,2.13,100.0,55.4
396,-5843.05,82603.3047,2.04,100.0,55.5
397,-7787.91,307134.0625,2.07,100.0,55.5
398,-8244.83,491633.7109,2.04,100.0,55.4
399,-8077.49,345040.3203,2.17,100.0,54.9
400,-7035.48,212884.3047,2.06,100.0,54.9
401,-7486.85,447693.5312,2.01,100.0,55.0
402,-9253.44,1021661.6875,2.08,100.0,55.2
403,-7066.87,223396.1875,1.96,100.0,55.1
404,-6954.77,232732.4766,2.06,100.0,55.1
405,-7720.78,248237.4766,2.0,100.0,55.2
406,-6903.64,129894.9629,2.06,100.0,55.2
407,-5541.44,75413.8828,2.05,100.0,55.2
408,-8493.15,413564.75,2.06,100.0,55.2
409,-7736.08,233826.5977,1.96,100.0,55.3
410,-6463.18,140745.5898,2.06,100.0,55.3
411,-7249.38,259131.4531,2.15,100.0,55.3
412,-5908.08,64291.3701,1.92,98.6,55.5
413,-5322.67,92161.0801,2.24,99.9,55.6
414,-5778.13,59435.1416,2.04,100.0,55.4
415,-8848.52,425231.7188,2.12,100.0,55.4
416,-8368.45,358097.8047,2.02,100.0,55.4
417,-8156.55,329112.5859,2.06,100.0,55.5
418,-8063.32,528415.125,2.23,100.0,55.6
419,-7408.06,265627.5234,2.07,100.0,55.7
420,-7363.66,183316.7109,2.02,100.0,55.6
421,-5851.01,42063.5869,2.07,100.0,55.7
422,-8185.32,212570.7148,2.2,100.0,55.5
423,-6196.55,89635.0781,1.91,100.0,55.5
424,-5436.16,94988.3066,2.14,100.0,55.5
425,-5590.35,87082.2129,2.07,100.0,55.6
426,-6830.22,124971.0898,2.06,100.0,55.6
427,-8023.25,236782.2148,1.98,100.0,55.6
428,-5060.23,100533.457,2.05,100.0,55.6
429,-6102.77,84970.0684,2.17,100.0,55.7
430,-6850.18,99204.4199,1.98,100.0,55.8
431,-4953.09,59642.5977,2.09,100.0,55.9
432,-5971.26,51588.9121,1.97,100.0,55.8
433,-7437.64,221893.4375,2.11,100.0,56.0
434,-5062.31,56561.3633,1.93,100.0,56.0
435,-5839.27,74740.3496,2.54,100.0,56.8
436,-6086.19,74426.3828,2.06,90.4,56.4
437,-6188.33,109233.1445,2.04,100.0,56.5
438,-6938.87,89241.6406,2.07,100.0,56.5
439,-5204.23,88544.2773,2.16,100.0,56.3
440,-6347.9,74457.3945,2.05,100.0,56.3
441,-7214.28,211481.4766,2.04,100.0,56.4
442,-6060.45,51390.4482,2.0,100.0,56.5
443,-7643.32,291151.2656,2.13,100.0,56.5
444,-7952.03,473778.4688,2.08,100.0,56.5
445,-6981.6,95852.1797,2.02,100.0,56.5
446,-5193.66,93788.7969,2.23,100.0,56.6
447,-7687.59,219692.6875,1.94,100.0,56.6
448,-7671.66,155120.75,2.01,100.0,56.6
449,-7158.65,164866.2227,2.0,100.0,56.6
450,-6032.17,46561.1562,2.11,100.0,56.6
451,-6935.51,135699.6641,2.02,100.0,56.5
452,-5370.03,94450.3203,2.27,100.0,56.5
453,-6466.77,100102.4316,2.13,100.0,56.6
454,-5676.05,75419.1484,2.04,99.8,56.5
455,-6065.14,102321.8359,2.15,100.0,56.6
456,-6070.42,110341.3965,2.04,100.0,56.5
457,-6657.8,72944.3184,2.02,100.0,56.3
458,-7474.73,157871.5352,2.0,100.0,56.1
459,-6174.81,59883.707,2.13,100.0,56.2
460,-5625.24,59262.4033,2.06,100.0,56.2
461,-5055.76,84280.459,2.07,100.0,56.2
462,-6811.43,87070.043,1.93,100.0,56.2
463,-6707.45,133204.2734,2.18,100.0,56.2
464,-5844.7,88977.6191,2.03,100.0,56.2
465,-5454.3,72988.0039,2.17,100.0,56.3
466,-5058.83,91103.8262,2.07,100.0,56.3
467,-5067.03,88002.0703,2.13,100.0,56.4
468,-5477.5,47510.4102,2.07,100.0,56.3
469,-6144.33,26728.0527,2.14,100.0,56.3
470,-4814.41,101917.7852,2.12,100.0,56.4
471,-5374.81,80744.4121,2.01,100.0,56.4
472,-5485.78,82329.543,2.1,100.0,56.4
473,-6543.92,43874.9668,2.22,100.0,56.4
474,-5260.77,85773.7188,2.09,98.6,56.2
475,-4770.43,78630.1074,2.05,98.7,56.2
476,-5546.56,35780.25,2.02,100.0,56.3
477,-5014.14,78418.0527,2.06,100.0,56.2
478,-5712.02,95437.541,2.11,100.0,56.4
479,-5463.08,111680.6934,2.07,100.0,56.5
480,-4665.35,64959.2842,2.14,100.0,56.4
481,-5541.57,56151.3789,2.14,100.0,56.4
482,-4746.75,61296.4072,2.11,100.0,56.5
483,-5134.58,60638.9688,2.04,100.0,56.7
484,-5241.75,64422.3447,2.25,100.0,56.8
485,-5568.97,63680.7656,2.02,95.0,56.5
486,-5554.38,70207.5566,2.17,99.1,56.6
487,-4938.43,46127.9434,2.06,100.0,56.7
488,-4896.77,18223.1558,2.01,100.0,56.7
489,-5668.81,62038.5527,2.0,100.0,56.8
490,-5635.06,34669.2295,2.02,100.0,56.7
491,-4933.45,50948.9463,2.06,100.0,56.7
492,-5310.72,69249.418,2.05,100.0,56.8
493,-4313.45,60575.5078,2.29,100.0,56.9
494,-4685.39,44509.4385,2.04,100.0,56.7
495,-4953.37,41455.1738,2.04,100.0,56.8
496,-4928.61,37667.8096,2.09,100.0,56.8
497,-4745.48,40509.4297,2.18,100.0,56.8
498,-4846.89,35713.9014,2.1,100.0,56.5
499,-5263.32,41212.9756,1.94,98.2,55.8
500,-4976.13,19484.6572,2.09,100.0,56.0
501,-6863.05,179171.0977,2.06,100.0,55.9
502,-5300.95,57382.2178,2.15,100.0,55.6
503,-4939.35,35199.1748,2.07,99.6,55.9
504,-4935.39,20913.6597,2.08,100.0,56.0
505,-5491.72,72954.8516,2.11,100.0,56.0
506,-5880.0,133913.3086,2.12,100.0,56.0
507,-4269.9,51448.6123,2.11,100.0,56.0
508,-7912.94,299524.6562,1.94,100.0,56.1
509,-5161.83,45961.2373,2.24,98.0,56.3
510,-4688.43,37853.7432,2.07,100.0,56.3
511,-4944.72,36369.8193,2.12,100.0,56.3
512,-4736.19,39006.3887,2.15,100.0,56.4
513,-4810.66,15739.2646,2.03,100.0,56.5
514,-5289.24,56568.75,2.08,100.0,56.4
515,-4747.16,38925.1279,2.16,100.0,56.4
516,-5408.95,56853.7656,2.2,99.9,56.7
517,-4843.4,34736.2549,2.09,100.0,56.7
518,-4979.25,28774.2231,2.1,100.0,56.6
519,-4736.35,41814.6143,2.18,100.0,56.7
520,-5219.94,48983.2266,1.98,100.0,56.8
521,-4652.6,28629.1567,2.19,100.0,56.9
522,-4931.93,16856.3965,2.02,100.0,56.8
523,-5165.2,53161.1152,2.02,99.9,57.0
524,-4602.85,28472.4009,2.31,99.8,57.1
525,-5288.5,58608.5615,1.98,99.8,57.1
526,-4522.06,27132.6226,2.1,100.0,56.8
527,-4607.21,26023.0356,2.07,100.0,56.9
528,-4675.15,25184.1621,2.13,100.0,57.1
529,-5219.77,44899.4443,2.03,100.0,57.1
530,-4685.64,30912.1206,1.97,99.8,56.5
531,-4690.23,22915.8569,2.23,99.0,56.8
532,-4305.94,25821.813,2.13,100.0,56.9
533,-4848.7,38131.126,2.14,100.0,56.6
534,-4637.03,23096.7417,2.07,99.5,56.9
535,-5164.84,49770.2363,2.13,100.0,57.0
536,-4726.26,18849.5938,2.15,100.0,57.1
537,-4426.23,20869.4316,2.12,100.0,57.1
538,-5263.48,87446.7598,2.03,100.0,57.1
539,-4606.83,18270.895,2.12,100.0,57.2
540,-4551.52,23689.8657,2.19,100.0,57.2
541,-4617.05,18949.9604,2.09,100.0,57.3
542,-4932.69,31224.4141,2.15,100.0,57.5
543,-4494.8,20260.5815,2.13,100.0,57.4
544,-4559.15,18980.3228,2.08,100.0,57.6
545,-4666.46,17122.3955,2.12,100.0,57.6
546,-4419.44,14005.7771,2.12,100.0,57.5
547,-4303.11,14956.446,2.09,100.0,57.7
548,-4590.31,18102.5264,2.21,100.0,57.6
549,-4459.72,15487.8967,2.02,100.0,57.8
550,-4604.63,20169.3467,2.18,100.0,57.9
551,-4560.15,16260.74,2.15,100.0,57.8
552,-4321.88,12910.345,2.13,100.0,57.9
553,-4461.42,16955.541,2.05,100.0,57.9
554,-4603.91,22161.2666,2.15,100.0,58.0
555,-4463.02,14518.1807,2.25,100.0,58.1
556,-4422.99,11708.0491,2.11,99.8,58.2
557,-4336.38,12633.677,2.16,100.0,58.2
558,-4745.35,21178.3452,2.08,100.0,58.2
559,-4478.22,13598.2957,2.12,100.0,58.4
560,-4739.2,21905.5488,2.13,100.0,58.4
561,-4399.39,13712.7004,2.11,100.0,58.5
562,-4475.71,13929.5195,2.2,100.0,58.6
563,-4377.78,14607.3926,2.08,100.0,58.8
564,-4330.69,12119.5291,2.12,100.0,58.7
565,-4554.44,17619.8462,2.18,100.0,58.5
566,-5013.47,74112.6836,2.03,100.0,58.1
567,-4251.54,10400.2712,2.14,100.0,58.1
568,-4265.32,11418.6299,2.19,100.0,58.0
569,-4365.07,11071.7637,2.08,100.0,58.1
570,-4494.79,15089.7786,2.18,100.0,58.2
571,-4285.85,8368.5879,2.18,100.0,57.7
572,-4334.25,14102.2629,2.18,100.0,57.8
573,-4239.52,8474.0613,2.09,100.0,57.8
574,-4487.34,13386.2366,2.23,100.0,57.9
575,-4451.21,11148.9836,2.06,100.0,57.8
576,-4293.48,9205.0693,2.14,100.0,57.9
577,-4288.79,8127.4718,2.07,100.0,57.9
578,-4271.76,7741.8556,2.07,100.0,57.8
579,-4430.93,11333.3635,2.06,100.0,57.8
580,-4399.95,8947.0662,2.17,100.0,58.0
581,-4229.18,7636.9817,2.11,100.0,58.1
582,-4346.98,8049.5798,2.09,100.0,57.7
583,-4355.99,13885.6042,2.08,100.0,57.8
584,-4198.64,8037.5632,2.24,100.0,57.9
585,-4236.94,6756.6685,2.17,99.9,58.1
586,-4443.1,17050.6602,2.09,93.7,58.1
587,-4505.31,11105.907,2.2,100.0,58.1
588,-4127.37,8102.3662,2.17,100.0,58.2
589,-4240.75,5887.7904,2.08,99.0,58.4
590,-4220.99,5518.2024,2.22,100.0,58.4
591,-4383.71,8820.9868,2.1,100.0,58.3
592,-4217.91,5123.3815,2.17,100.0,58.4
593,-4306.51,4994.0648,2.07,100.0,58.6
594,-4367.28,7296.4744,2.12,100.0,58.6
595,-4497.09,19477.8418,2.16,100.0,58.5
596,-4315.59,6058.4602,2.08,99.8,58.6
597,-4164.96,7704.4672,2.16,100.0,58.6
598,-4373.23,5803.7568,2.25,100.0,58.7
599,-4132.03,6407.501,2.08,100.0,58.7
600,-4233.68,4106.0991,2.16,100.0,58.8
601,-4243.35,3773.6306,2.07,100.0,58.7
602,-4201.87,4140.7729,2.19,100.0,58.8
603,-4406.38,6373.4205,2.13,100.0,58.9
604,-4220.36,3782.0776,2.2,100.0,58.9
605,-4180.51,3942.1411,2.1,100.0,58.6
606,-4280.27,4459.035,2.15,100.0,58.7
607,-4791.58,59779.4941,2.15,99.9,58.8
608,-4156.54,3839.6404,2.1,100.0,58.7
609,-4115.32,4475.5158,2.14,100.0,58.5
610,-4134.61,3385.3029,2.31,100.0,58.7
611,-4381.55,18905.2686,2.09,99.1,58.4
612,-4180.25,3285.0253,2.26,100.0,58.4
613,-4133.39,3874.9289,2.14,100.0,58.4
614,-4183.59,3155.5538,2.16,100.0,58.5
615,-4414.56,19960.4302,2.13,100.0,58.6
616,-4413.25,4828.1963,2.07,100.0,58.5
617,-4126.8,3698.5835,2.11,100.0,58.6
618,-4197.03,3164.8716,2.24,100.0,58.7
619,-5192.14,139728.2031,2.01,100.0,58.7
620,-4180.35,2708.6213,2.14,100.0,58.7
621,-4286.37,5631.0416,2.14,100.0,58.8
622,-4153.72,2741.0488,2.27,98.2,59.0
623,-4234.4,3059.994,2.09,99.0,58.8
624,-4331.21,15961.3535,2.18,100.0,58.9
625,-4166.78,4641.7823,2.21,100.0,58.8
626,-4151.95,4098.916,2.12,100.0,58.9
627,-4180.45,2651.788,2.2,100.0,58.6
628,-4293.75,6517.6691,2.12,100.0,58.7
629,-4373.69,16396.4312,2.15,100.0,58.8
630,-4221.93,2193.0881,2.09,100.0,58.9
631,-4157.97,2588.6658,2.26,100.0,58.8
632,-4164.99,2295.6426,2.1,100.0,58.9
633,-4150.78,1825.0039,2.19,100.0,59.0
634,-4127.37,2117.5677,2.06,100.0,59.1
635,-4168.3,1681.0865,2.18,100.0,59.0
636,-4230.21,1693.5319,2.11,100.0,59.2
637,-4176.49,1473.2444,2.13,100.0,59.1
638,-4288.33,4062.8755,2.09,100.0,59.1
639,-4664.46,25589.1851,2.03,100.0,58.7
640,-4795.56,44273.6387,2.09,100.0,58.8
641,-4581.08,27271.8438,2.04,100.0,58.9
642,-4162.05,19478.8833,2.09,100.0,58.8
643,-4460.88,11304.0649,2.54,97.8,59.3
644,-4202.61,9277.0286,2.12,99.0,59.5
645,-5215.67,85684.4785,1.98,100.0,59.6
646,-4172.55,12457.4536,2.13,100.0,59.6
647,-4157.32,9577.6847,2.18,100.0,59.6
648,-4111.41,5846.1885,2.08,100.0,59.8
649,-4251.68,3078.1961,2.11,100.0,59.9
650,-4170.58,3240.583,2.09,100.0,60.0
651,-4205.46,1606.3232,2.1,100.0,60.5
652,-4211.6,1439.3837,2.17,100.0,60.6
653,-4778.26,37120.4551,2.0,99.3,61.4
654,-4125.81,2388.8553,2.16,100.0,61.5
655,-4393.91,12540.8,2.19,100.0,61.5
656,-4119.4,2049.1639,2.21,100.0,61.7
657,-4385.31,14535.3257,2.12,99.7,61.6
658,-4152.02,1696.4229,2.12,100.0,61.6
659,-4386.86,13322.6299,2.19,100.0,61.0
660,-4668.73,28558.6655,2.07,100.0,61.2
661,-4258.44,3167.4539,2.07,100.0,61.1
662,-4363.43,7915.7217,2.3,100.0,61.2
663,-4514.58,9378.4055,2.07,97.4,61.2
664,-4090.9,11023.5493,2.23,100.0,61.1
665,-4160.7,6274.4716,2.1,100.0,61.1
666,-4465.95,6486.1293,2.2,100.0,60.9
667,-4219.48,1864.5529,2.12,100.0,60.8
668,-4477.48,6097.1699,2.14,100.0,61.0
669,-4262.78,1816.8597,2.18,100.0,61.1
670,-4343.69,1493.7303,2.15,100.0,61.1
671,-4233.77,1440.0691,2.12,100.0,61.3
672,-4508.04,7554.5472,2.24,100.0,61.6
673,-4165.61,6080.682,2.14,100.0,61.7
674,-4191.67,4772.7583,2.17,100.0,61.4
675,-4407.07,6599.4174,2.16,100.0,61.5
676,-4168.71,2780.1687,2.11,100.0,61.6
677,-4861.47,39553.8271,2.16,100.0,61.7
678,-4187.54,1664.7921,2.12,100.0,61.9
679,-4123.36,2126.5841,2.11,100.0,61.7
680,-4182.53,2032.0992,2.16,100.0,61.9
681,-4150.69,1733.591,2.2,100.0,61.6
682,-4223.67,1742.6351,2.07,99.8,61.3
683,-4718.38,32878.5171,2.06,100.0,60.8
684,-4649.15,28603.9355,2.0,100.0,60.8
685,-4453.01,7344.2281,2.16,100.0,60.7
686,-4123.95,6068.0468,2.05,100.0,60.6
687,-4176.71,5073.2687,2.22,100.0,60.6
688,-4177.25,2288.2097,2.15,100.0,60.7
689,-4383.87,7228.6246,2.17,100.0,60.8
690,-4209.94,1298.9155,2.11,100.0,59.7
691,-4275.17,3247.5666,2.11,100.0,59.7
692,-4239.16,2799.5944,2.19,100.0,59.8
693,-4339.9,4452.1285,2.26,100.0,59.9
694,-4143.77,3063.2702,2.08,100.0,59.9
695,-4167.03,2637.8992,2.14,100.0,59.9
696,-4222.33,1416.8259,2.31,100.0,59.9
697,-4344.69,6356.938,2.05,97.3,60.1
698,-4175.09,1019.211,2.25,100.0,60.1
699,-4161.09,1841.4719,2.1,100.0,60.1
700,-4517.91,20810.1421,2.11,100.0,60.2
701,-4175.8,1396.4254,2.29,100.0,60.7
702,-4142.3,1692.5529,2.15,100.0,60.7
703,-4214.24,1290.0833,2.12,100.0,60.7
704,-4414.73,12318.2583,2.11,100.0,60.8
705,-4142.86,1160.1777,2.09,100.0,60.8
706,-4255.98,1121.5357,2.07,100.0,60.9
707,-4152.43,1864.7148,2.12,100.0,60.9
708,-4216.79,1484.95,2.14,100.0,60.9
709,-4215.36,1575.5972,1.98,99.8,60.6
710,-4365.99,9022.5159,2.34,100.0,60.3
711,-4218.71,1134.156,2.12,99.6,60.3
712,-4173.57,1866.8842,2.15,98.7,60.2
713,-4156.33,1150.6749,2.13,100.0,60.4
714,-4259.51,1806.543,2.19,100.0,60.2
715,-4180.74,1151.5163,2.11,100.0,60.2
716,-4157.26,1277.6023,2.11,100.0,60.2
717,-4218.96,847.7992,2.28,100.0,60.3
718,-4295.13,1689.866,2.1,99.7,60.2
719,-4411.47,5568.368,2.19,100.0,60.2
720,-4160.42,4779.9166,2.24,100.0,60.3
721,-4204.96,1644.1052,2.11,100.0,60.4
722,-4644.64,20106.1211,2.31,100.0,60.3
723,-4176.58,1342.2202,2.08,98.4,60.4
724,-4156.74,2369.9047,2.24,100.0,60.5
725,-4148.71,1914.9013,2.16,100.0,60.1
726,-4129.24,1378.6487,2.11,100.0,59.9
727,-4207.04,1375.7154,2.13,100.0,60.0
728,-4203.61,1211.8104,2.23,100.0,60.0
729,-4159.48,937.4423,2.16,98.6,60.2
730,-4157.32,984.7716,2.09,99.6,60.3
731,-4194.61,1078.0607,2.2,100.0,60.3
732,-4199.84,802.2808,2.17,100.0,60.2
733,-4393.19,3579.9016,2.08,100.0,60.4
734,-4414.49,4140.0936,2.2,100.0,60.4
735,-4157.5,3595.6044,2.19,100.0,60.4
736,-4227.32,2326.6538,2.12,100.0,60.4
737,-4148.64,1805.9152,2.13,100.0,60.5
738,-4149.44,1121.7994,2.31,100.0,60.6
739,-4146.17,1110.477,2.07,98.9,60.8
740,-4170.04,934.5719,2.23,100.0,60.9
741,-4157.87,792.5669,2.09,98.9,61.1
742,-4119.93,1059.3772,2.24,100.0,61.1
743,-4166.25,727.0415,2.16,100.0,61.2
744,-4131.8,1029.4021,2.07,99.5,61.2
745,-4188.69,663.0909,2.11,100.0,61.3
746,-4330.09,2519.6115,2.14,100.0,61.3
747,-4285.97,1923.6737,2.16,100.0,60.8
748,-4226.83,1773.3916,2.12,100.0,60.9
749,-4230.54,1773.4523,2.11,100.0,61.0
750,-4310.51,1437.0984,2.29,100.0,61.2
751,-4145.35,1157.9938,2.06,99.2,61.4
752,-4119.27,826.483,2.16,100.0,61.1
753,-4229.87,1090.9218,2.13,100.0,61.2
754,-4212.07,811.2973,2.19,100.0,61.3
755,-4138.63,857.0199,2.12,100.0,61.2
756,-4211.39,509.9041,2.19,100.0,61.3
757,-4142.8,538.026,2.22,100.0,61.1
758,-4126.17,536.0395,2.07,99.0,61.3
759,-4152.19,458.6266,2.15,100.0,61.4
760,-4180.97,579.3258,2.23,100.0,61.3
761,-4173.88,805.1188,2.1,100.0,61.4
762,-4131.8,638.4184,2.13,100.0,61.4
763,-4139.98,489.9155,2.18,100.0,61.5
764,-4191.81,1123.6357,2.17,100.0,61.5
765,-4232.89,700.9056,2.17,100.0,61.3
766,-4149.73,615.8617,2.16,100.0,61.3
767,-4481.14,19680.9062,2.18,100.0,61.5
768,-4212.21,617.7708,2.24,100.0,61.5
769,-4128.07,608.7827,2.05,98.8,61.0
770,-4116.2,594.4185,2.24,100.0,60.9
771,-4137.55,491.6793,2.1,100.0,61.1
772,-4141.79,531.9671,2.11,100.0,61.1
773,-4101.35,727.3645,2.21,100.0,60.7
774,-4177.71,484.7589,2.1,100.0,60.7
775,-4254.73,586.2906,2.16,100.0,60.8
776,-4164.99,444.7675,2.03,100.0,60.8
777,-4177.62,431.0599,2.06,100.0,60.9
778,-4318.02,2209.7996,2.1,100.0,60.9
779,-4371.17,9882.074,2.1,100.0,61.1
780,-4161.23,2490.3688,2.18,100.0,61.2
781,-4152.43,2156.0621,2.09,100.0,61.3
782,-4145.63,893.754,2.22,100.0,61.3
783,-4207.52,1126.2466,2.11,100.0,61.3
784,-4156.01,394.6739,2.17,100.0,61.4
785,-4166.39,401.9243,2.18,100.0,61.4
786,-4137.63,604.9486,2.05,100.0,61.6
787,-4347.15,5469.9917,2.14,100.0,61.5
788,-4157.9,452.8349,2.04,100.0,61.6
789,-4157.5,414.8629,2.23,100.0,61.7
790,-4168.57,394.0806,2.1,100.0,61.6
791,-4168.33,405.0593,2.09,100.0,61.7
792,-4150.46,276.1708,2.21,100.0,61.7
793,-4141.15,301.674,2.14,100.0,61.7
794,-4155.72,328.1933,2.09,100.0,61.2
795,-4153.64,238.377,2.33,100.0,61.4
796,-4141.15,290.6277,2.1,99.8,61.5
797,-4169.86,221.0506,2.17,99.9,61.7
798,-4176.09,183.8861,2.07,100.0,61.6
799,-4155.72,256.4263,2.26,100.0,61.6
800,-4325.39,3817.1888,2.1,99.5,61.6
801,-4356.99,2499.8094,2.23,100.0,61.7
802,-4161.26,1915.5536,2.19,100.0,61.5
803,-4130.8,2112.7018,2.18,100.0,61.7
804,-4211.85,477.3445,2.14,100.0,61.7
805,-4207.07,713.8574,2.26,100.0,61.8
806,-4145.63,479.6941,2.11,100.0,61.9
807,-4190.55,277.315,2.12,100.0,62.0
808,-4181.45,201.5824,2.14,100.0,61.9
809,-4145.63,192.6607,2.13,100.0,61.9
810,-4222.13,207.3133,2.14,100.0,61.9
811,-4157.9,156.1207,2.17,100.0,61.5
812,-4195.14,132.8841,2.07,100.0,61.5
813,-4181.0,191.1864,2.15,100.0,61.7
814,-4293.2,2474.0668,2.12,100.0,61.6
815,-4219.94,306.5356,2.2,100.0,61.8
816,-4164.5,302.3126,2.11,100.0,61.8
817,-4139.68,199.7504,2.28,100.0,61.9
818,-4215.47,511.095,2.09,99.8,62.1
819,-4319.79,2930.1229,2.24,100.0,62.1
820,-4202.46,876.1749,2.22,100.0,62.2
821,-4316.79,1079.9297,2.07,99.7,62.3
822,-4351.64,1003.285,2.33,100.0,62.4
823,-4377.87,808.4133,2.14,100.0,62.5
824,-4181.34,2879.8337,2.12,100.0,62.5
825,-4269.9,901.8509,2.22,100.0,62.5
826,-4188.5,1245.1339,2.16,100.0,62.6
827,-4224.0,910.9238,2.14,100.0,62.6
828,-4184.39,631.8948,2.12,100.0,62.7
829,-4148.19,363.8279,2.21,100.0,62.8
830,-4220.07,369.4718,2.11,100.0,62.8
831,-4133.32,420.3757,2.11,100.0,62.9
832,-4147.27,256.5442,2.18,100.0,62.8
833,-4208.79,426.5915,2.15,100.0,62.9
834,-4495.9,17317.9346,2.18,100.0,62.9
835,-4410.08,9995.0625,2.1,100.0,63.1
836,-4196.11,2251.3007,2.17,100.0,63.1
837,-4397.29,4962.318,2.14,100.0,63.1
838,-4227.04,1272.1551,2.14,100.0,62.7
839,-4214.27,1685.4652,2.09,100.0,62.9
840,-4137.34,1047.5371,2.21,100.0,62.9
841,-4130.62,1000.9914,2.17,99.7,62.3
842,-4155.28,624.422,2.08,99.6,62.3
843,-4177.26,396.5268,2.23,100.0,62.4
844,-4313.94,2113.4319,2.2,100.0,62.3
845,-4354.72,5367.9829,2.14,100.0,61.9
846,-4474.42,4684.2129,2.07,100.0,61.9
847,-4251.64,2643.8842,2.2,100.0,62.0
848,-4155.5,4360.9359,2.18,99.5,62.1
849,-4387.25,2195.8438,2.07,98.6,62.0
850,-4329.18,686.1628,2.15,100.0,62.1
851,-4164.96,1684.1776,2.14,100.0,62.2
852,-4128.93,976.058,2.21,100.0,62.3
853,-4146.11,1294.0651,2.08,100.0,62.2
854,-4189.38,849.0898,2.26,100.0,62.3
855,-4156.28,425.471,2.08,100.0,62.3
856,-4247.77,853.7468,2.15,100.0,62.1
857,-4215.65,197.1595,2.19,100.0,62.1
858,-4188.08,153.9923,2.16,99.7,62.2
859,-4153.73,434.3454,2.07,99.9,62.1
860,-4144.24,467.8563,2.13,100.0,61.9
861,-4139.31,266.7909,2.15,100.0,61.9
862,-4349.12,2393.4888,2.09,100.0,62.0
863,-4191.69,461.564,2.16,100.0,62.1
864,-4147.64,613.6161,2.14,100.0,62.1
865,-4145.84,228.011,2.11,100.0,62.1
866,-4149.71,133.8374,2.25,100.0,62.1
867,-4388.0,7796.8081,2.15,100.0,62.2
868,-4131.36,532.714,2.08,100.0,62.3
869,-4136.67,264.9024,2.45,98.1,62.5
870,-4166.25,167.9811,2.1,98.6,62.4
871,-4159.64,207.0036,2.1,100.0,62.5
872,-4273.28,2229.5797,2.16,100.0,62.6
873,-4150.46,412.2286,2.12,100.0,62.5
874,-4118.89,329.5683,2.12,100.0,62.1
875,-4134.37,159.9284,2.11,100.0,62.2
876,-4141.43,207.6266,2.21,100.0,62.3
877,-4174.23,203.0356,2.1,100.0,62.2
878,-4148.64,293.8595,2.12,100.0,62.3
879,-4156.86,157.4235,2.15,100.0,62.4
880,-4140.11,119.5026,2.1,100.0,62.5
881,-4130.97,178.0469,2.2,100.0,62.5
882,-4310.5,2355.2639,2.06,100.0,62.5
883,-4157.97,257.8444,2.22,100.0,62.6
884,-4117.62,154.975,2.05,100.0,62.6
885,-4156.01,310.2831,2.1,100.0,62.7
886,-4151.85,145.5387,2.11,100.0,62.7
887,-4145.63,136.0792,2.11,100.0,62.7
888,-4117.14,257.3574,2.2,100.0,62.8
889,-4141.15,343.1639,2.11,100.0,62.8
890,-4141.15,160.5553,2.13,100.0,62.8
891,-4157.5,92.3197,2.2,100.0,62.9
892,-4147.6,92.2395,2.16,100.0,63.0
893,-4138.84,131.7082,2.12,98.3,63.0
894,-4141.15,72.6436,2.14,100.0,63.0
895,-4161.52,74.9667,2.25,100.0,63.1
896,-4147.21,190.9876,2.11,99.4,63.2
897,-4134.37,110.2678,2.21,100.0,63.2
898,-4153.0,356.5448,2.16,100.0,63.2
899,-4384.15,10998.5942,2.13,97.6,63.2
900,-4127.38,698.9396,2.15,100.0,63.3
901,-4184.7,259.8508,2.16,100.0,63.3
902,-4128.23,162.7582,2.15,100.0,63.3
903,-4294.2,3303.9283,2.13,100.0,63.3
904,-4488.49,24356.9863,2.29,100.0,63.1
905,-4239.58,449.8498,2.11,100.0,63.1
906,-4135.28,1046.6846,2.08,100.0,63.1
907,-4173.33,650.6225,2.3,100.0,63.3
908,-4370.97,4291.9734,2.11,96.2,63.2
909,-4153.98,271.7618,2.21,100.0,63.3
910,-4118.18,182.9818,2.12,100.0,63.3
911,-4156.86,449.3217,2.2,100.0,63.4
912,-4144.16,122.1571,2.19,100.0,63.4
913,-4153.22,165.3314,2.19,100.0,63.5
914,-4378.15,3010.415,2.14,100.0,63.4
915,-4118.89,234.549,2.2,100.0,63.5
916,-4152.08,78.6651,2.15,100.0,63.5
917,-4156.01,192.407,2.12,100.0,63.6
918,-4157.9,75.0234,2.1,100.0,63.8
919,-4124.4,84.9173,2.2,100.0,63.7
920,-4147.6,95.5307,2.1,100.0,63.7
921,-4166.25,59.4183,2.19,100.0,63.8
922,-4148.64,57.2422,2.12,100.0,63.9
923,-4156.86,70.8771,2.17,100.0,63.9
924,-4167.03,47.1158,2.03,100.0,63.9
925,-4157.74,47.5672,2.36,100.0,64.0
926,-4131.8,114.4596,2.19,97.2,64.0
927,-4141.15,81.7647,2.12,99.8,64.0
928,-4157.9,59.5807,2.08,100.0,64.2
929,-4149.24,57.7254,2.18,100.0,64.2
930,-4141.15,125.2872,2.09,99.8,64.2
931,-4162.37,82.2864,2.14,100.0,64.3
932,-4153.12,128.4996,2.18,100.0,63.8
933,-4145.24,114.011,2.12,100.0,63.8
934,-4178.25,261.5944,2.1,100.0,63.8
935,-4131.36,65.8048,2.36,98.4,63.9
936,-4154.93,106.1149,2.12,100.0,63.4
937,-4118.89,77.7524,2.21,100.0,63.6
938,-4150.46,32.1375,2.07,100.0,63.6
939,-4153.12,56.6771,2.14,100.0,63.7
940,-4182.34,204.2003,2.11,100.0,63.6
941,-4148.64,82.8912,2.05,100.0,63.6
942,-4133.92,75.8122,2.12,100.0,63.8
943,-4145.63,75.8785,2.18,100.0,63.9
944,-4156.42,106.6226,2.08,100.0,63.8
945,-4153.03,103.0854,2.12,98.3,63.9
946,-4145.24,92.5894,2.22,100.0,64.0
947,-4163.94,64.745,2.17,100.0,64.0
948,-4150.46,28.1939,2.12,100.0,64.1
949,-4140.11,57.8132,2.11,100.0,64.3
950,-4157.9,51.2504,2.17,100.0,64.4
951,-4148.64,48.5288,2.13,100.0,63.9
952,-4141.15,38.172,2.11,99.9,63.6
953,-4145.63,32.431,2.22,100.0,63.7
954,-4141.15,30.999,2.14,100.0,63.7
955,-4141.15,24.8372,2.13,100.0,63.7
956,-4157.9,48.9394,2.16,100.0,63.7
957,-4141.15,37.652,2.21,100.0,63.8
958,-4141.15,27.5011,2.14,100.0,63.9
959,-4141.15,26.0003,2.1,99.9,64.1
960,-4149.6,19.685,2.21,100.0,64.0
961,-4141.15,19.8673,2.07,100.0,64.1
962,-4141.15,16.7078,2.12,100.0,64.2
963,-4238.28,602.404,2.36,100.0,64.7
964,-4162.37,170.7633,2.15,100.0,64.6
965,-4144.59,181.3394,2.09,100.0,64.8
966,-4156.42,140.4008,2.25,100.0,64.8
967,-4141.15,184.551,2.17,100.0,64.6
968,-4170.33,106.1218,2.12,100.0,64.5
969,-4153.03,63.7163,2.23,100.0,64.7
970,-4157.9,29.8967,2.11,99.9,64.8
971,-4187.79,60.3708,2.19,100.0,64.8
972,-4133.92,235.4792,2.06,100.0,64.7
973,-4161.8,128.2938,2.28,100.0,64.8
974,-4127.42,65.8918,2.12,100.0,64.8
975,-4240.62,641.4965,2.19,100.0,64.8
976,-4160.82,308.1529,2.16,100.0,64.9
977,-4180.5,179.7514,2.09,100.0,64.9
978,-4148.64,82.1917,2.19,100.0,64.9
979,-4157.9,56.2199,2.11,100.0,64.4
980,-4145.63,43.8661,2.15,100.0,64.6
981,-4145.63,26.3692,2.2,100.0,64.7
982,-4123.36,58.3868,2.11,100.0,64.6
983,-4141.15,46.1809,2.15,100.0,64.7
984,-4160.51,40.4584,2.11,100.0,64.8
985,-4141.15,56.2681,2.25,100.0,64.8
986,-4150.46,24.1174,2.08,100.0,64.9
987,-4141.15,16.3235,2.24,100.0,65.2
988,-4149.65,22.3695,2.18,99.8,65.3
989,-4131.89,85.6333,2.13,99.9,65.4
990,-4140.11,32.448,2.15,100.0,65.3
991,-4178.24,38.848,2.22,100.0,65.4
992,-4141.15,43.4361,2.14,100.0,65.4
993,-4141.15,26.9348,2.17,100.0,65.4
994,-4182.81,29.9234,2.22,100.0,65.5
995,-4126.52,164.7853,2.18,99.9,65.5
996,-4188.98,573.671,2.06,99.2,65.7
997,-4161.52,229.327,2.19,100.0,65.9
998,-4114.23,190.7772,2.15,100.0,65.8
999,-4151.99,92.621,2.12,100.0,65.8
1000,-4148.64,46.0342,2.12,100.0,65.9
1001,-4164.99,26.6304,2.25,100.0,66.0
1002,-4388.63,11545.9219,2.1,100.0,66.0
1003,-4147.97,74.3063,2.17,99.4,66.1
1004,-4130.97,120.3069,2.15,100.0,66.2
1005,-4132.55,56.3853,2.17,100.0,66.3
1006,-4184.64,202.2972,2.14,100.0,66.1
1007,-4160.49,94.321,2.15,100.0,66.2
1008,-4157.9,161.9412,2.22,100.0,66.3
1009,-4145.63,119.5268,2.1,100.0,66.3
1010,-4162.24,98.5966,2.1,100.0,66.3
1011,-4178.32,35.0723,2.26,100.0,66.2
1012,-4149.24,65.7108,2.07,100.0,66.4
1013,-4131.8,82.4677,2.21,100.0,66.4
1014,-4145.63,54.8941,2.1,100.0,66.4
1015,-4141.15,34.1906,2.18,100.0,66.6
1016,-4162.37,50.6415,2.1,100.0,66.6
1017,-4145.63,39.9422,2.16,100.0,66.6
1018,-4181.82,64.9255,2.18,100.0,66.6
1019,-4325.61,2091.0657,2.09,100.0,66.1
1020,-4165.82,840.5829,2.13,100.0,66.1
1021,-4143.77,629.3421,2.1,100.0,66.2
1022,-4157.97,225.5824,2.12,100.0,65.7
1023,-4157.5,239.3646,2.15,100.0,65.7
1024,-4147.6,130.5798,2.07,100.0,65.6
1025,-4141.15,49.2349,2.29,100.0,65.6
1026,-4154.93,36.491,2.1,99.7,65.6
1027,-4170.73,73.2722,2.21,99.9,65.8
1028,-4153.03,45.743,2.14,100.0,65.7
1029,-4141.43,104.0466,2.12,100.0,65.7
1030,-4168.82,154.2,2.13,100.0,65.7
1031,-4153.12,69.3106,2.12,100.0,65.8
1032,-4157.32,90.5604,2.16,100.0,65.9
1033,-4168.09,52.6178,2.13,100.0,65.7
1034,-4156.86,61.3953,2.2,100.0,65.3
1035,-4132.7,112.5732,2.13,100.0,65.4
1036,-4113.57,77.9637,2.14,100.0,65.6
1037,-4162.45,259.0353,2.17,100.0,65.5
1038,-4145.63,101.2517,2.08,100.0,65.7
1039,-4161.23,112.7899,2.19,100.0,65.7
1040,-4131.89,53.6283,2.17,100.0,66.0
1041,-4157.9,105.2386,2.15,99.7,65.8
1042,-4148.95,92.4787,2.1,100.0,65.8
1043,-4157.5,63.4181,2.2,100.0,65.9
1044,-4148.64,39.4976,2.18,100.0,65.8
1045,-4150.46,19.2285,2.13,98.5,65.5
1046,-4128.15,127.8669,2.12,100.0,65.2
1047,-4159.48,129.0647,2.21,100.0,65.2
1048,-4144.59,77.4636,2.12,100.0,65.2
1049,-4140.0,85.9875,2.23,100.0,65.2
1050,-4205.46,209.0874,2.1,100.0,65.3
1051,-4141.79,69.2736,2.16,100.0,65.4
1052,-4128.23,149.031,2.2,100.0,65.4
1053,-4134.87,204.7237,2.13,100.0,65.3
1054,-4151.62,89.4252,2.12,100.0,65.3
1055,-4154.93,112.8399,2.16,100.0,65.4
1056,-4165.52,52.0783,2.27,100.0,65.4
1057,-4137.94,19.2331,2.1,98.3,65.5
1058,-4227.2,577.0286,2.08,100.0,65.5
1059,-4140.85,288.684,2.24,100.0,65.5
1060,-4182.81,66.8109,2.13,99.5,65.5
1061,-4140.11,117.3197,2.11,100.0,65.6
1062,-4141.15,62.8719,2.35,100.0,65.7
1063,-4170.01,91.3266,2.1,99.9,65.9
1064,-4181.72,46.0057,2.15,100.0,66.1
1065,-4128.42,144.4013,2.09,100.0,65.9
1066,-4136.72,89.7217,2.32,100.0,66.3
1067,-4156.01,251.6558,2.08,99.7,66.5
1068,-4162.45,71.5576,2.29,100.0,66.8
1069,-4127.22,288.0531,2.2,100.0,66.7
1070,-4148.64,59.1644,2.13,100.0,66.7
1071,-4156.46,42.9508,2.13,100.0,66.7
1072,-4196.74,199.085,2.23,100.0,66.8
1073,-4169.75,77.4638,2.12,100.0,67.0
1074,-4141.54,145.3533,2.12,100.0,67.0
1075,-4141.15,138.4444,2.12,100.0,67.1
1076,-4148.64,104.3009,2.26,100.0,67.0
1077,-4150.46,79.7368,2.07,100.0,67.2
1078,-4124.4,40.3117,2.21,100.0,67.3
1079,-4145.63,55.2185,2.13,100.0,67.3
1080,-4153.03,46.0404,2.13,100.0,67.4
1081,-4148.64,36.274,2.17,100.0,67.3
1082,-4141.88,68.6278,2.12,100.0,67.5
1083,-4136.67,62.383,2.18,100.0,67.4
1084,-4157.23,39.7092,2.14,100.0,67.5
1085,-4172.38,31.3964,2.12,100.0,67.5
1086,-4177.12,65.0023,2.27,100.0,67.6
1087,-4160.76,128.9618,2.09,100.0,67.5
1088,-4154.64,55.8,2.18,100.0,67.6
1089,-4145.63,47.6367,2.1,100.0,67.6
1090,-4162.37,40.6911,2.11,100.0,67.7
1091,-4136.96,136.9452,2.14,100.0,67.9
1092,-4157.68,92.3401,2.19,100.0,67.9
1093,-4177.03,38.673,2.16,100.0,67.4
1094,-4158.95,73.779,2.24,100.0,67.5
1095,-4148.61,61.842,2.16,100.0,67.5
1096,-4135.63,45.9365,2.16,100.0,67.6
1097,-4189.09,226.0453,2.14,100.0,67.6
1098,-4148.64,43.6258,2.18,100.0,67.6
1099,-4324.4,2185.525,2.1,100.0,67.7
1100,-4133.98,131.1346,2.14,100.0,67.8
1101,-4166.72,127.4866,2.21,100.0,67.8
1102,-4194.82,321.1548,2.14,100.0,67.8
1103,-4142.58,38.9611,2.07,99.5,68.1
1104,-4304.22,2322.3004,2.24,100.0,68.3
1105,-4173.33,82.9741,2.16,100.0,68.2
1106,-4133.92,40.3808,2.12,100.0,67.5
1107,-4177.38,362.9393,2.12,100.0,67.6
1108,-4143.32,84.3247,2.19,100.0,67.7
1109,-4187.85,116.8652,2.16,100.0,67.7
1110,-4140.11,64.5291,2.05,100.0,67.7
1111,-4157.23,30.0274,2.15,99.5,68.0
1112,-4147.6,104.801,2.15,100.0,68.0
1113,-4151.81,18.106,2.08,100.0,68.0
1114,-4161.23,28.6089,2.1,100.0,68.0
1115,-4178.24,28.9525,2.12,100.0,68.0
1116,-4119.93,80.4362,2.14,100.0,67.6
1117,-4204.23,272.6397,2.11,100.0,67.8
1118,-4161.34,29.6024,2.16,100.0,67.9
1119,-4182.26,27.8867,2.22,100.0,67.8
1120,-4124.4,69.1659,2.13,100.0,67.9
1121,-4164.99,47.0597,2.13,100.0,68.0
1122,-4143.77,34.6777,2.19,100.0,68.0
1123,-4157.97,19.5852,2.17,100.0,68.1
1124,-4170.73,45.6149,2.16,100.0,68.2
1125,-4141.15,35.7237,2.19,100.0,68.3
1126,-4126.38,27.3628,2.16,100.0,68.2
1127,-4166.25,23.8448,2.11,100.0,67.9
1128,-4141.15,25.6723,2.2,100.0,68.0
1129,-4140.11,12.6204,2.15,99.8,68.4
1130,-4178.83,88.1264,2.17,100.0,68.3
1131,-4130.85,83.5311,2.09,100.0,68.3
1132,-4162.37,89.4457,2.21,100.0,68.3
1133,-4165.82,19.3653,2.06,100.0,68.3
1134,-4157.5,44.0646,2.18,100.0,68.3
1135,-4169.86,39.1873,2.17,100.0,68.4
1136,-4118.89,121.1163,2.13,100.0,68.5
1137,-4138.84,42.9595,2.19,100.0,68.4
1138,-4108.71,48.1994,2.19,100.0,68.4
1139,-4153.12,78.1128,2.08,100.0,68.0
1140,-4118.89,67.4548,2.27,100.0,68.4
1141,-4145.63,70.7489,2.09,100.0,68.1
1142,-4322.56,2514.0515,2.16,100.0,68.1
1143,-4136.67,209.9668,2.1,100.0,68.0
1144,-4107.87,509.6282,2.21,100.0,67.7
1145,-4114.1,98.8953,2.13,100.0,67.7
1146,-4145.17,318.3557,2.04,99.8,67.8
1147,-4282.21,2610.6405,2.13,100.0,67.8
1148,-4131.89,103.3913,2.17,100.0,67.7
1149,-4166.47,105.6042,2.07,100.0,67.7
1150,-4237.97,345.282,2.14,100.0,67.8
1151,-4148.61,50.9624,2.14,100.0,67.8
1152,-4156.46,19.1891,2.07,100.0,68.0
1153,-4164.71,144.3303,2.09,100.0,67.9
1154,-4145.37,85.9833,2.13,100.0,68.0
1155,-4137.94,75.5457,2.11,100.0,68.0
1156,-4303.23,1876.0517,2.14,100.0,68.1
1157,-4168.09,368.1122,2.15,100.0,68.0
1158,-4374.99,5430.4401,2.2,100.0,68.1
1159,-4174.73,377.0487,2.12,100.0,68.3
1160,-4160.06,296.6928,2.12,100.0,68.3
1161,-4398.56,3256.3244,2.17,100.0,68.2
1162,-4189.38,217.6864,2.15,100.0,68.3
1163,-4152.66,170.5426,2.16,100.0,67.9
1164,-4194.34,122.0727,2.14,100.0,68.0
1165,-4136.67,40.3045,2.16,100.0,68.0
1166,-4129.44,21.7317,2.15,100.0,68.1
1167,-4146.59,42.8299,2.14,100.0,68.4
1168,-4140.29,34.7227,2.19,100.0,68.4
1169,-4162.52,26.8845,2.07,100.0,68.4
1170,-4165.51,49.5989,2.36,100.0,68.6
1171,-4170.07,83.7656,2.11,91.2,68.9
1172,-4326.47,7224.6576,2.13,100.0,69.0
1173,-4149.24,63.531,2.22,100.0,69.0
1174,-4185.85,128.6346,2.14,99.7,69.2
1175,-4182.26,45.4018,2.09,100.0,69.2
1176,-4249.63,417.3952,2.09,100.0,69.2
1177,-4146.22,338.6631,2.24,100.0,69.3
1178,-4131.89,286.0436,2.1,99.3,69.4
1179,-4131.41,105.943,2.18,100.0,69.4
1180,-4173.59,369.8139,2.28,100.0,69.4
1181,-4124.4,91.3451,2.1,98.1,69.5
1182,-4175.8,100.9785,2.24,100.0,69.6
1183,-4141.43,366.5511,2.14,100.0,69.6
1184,-4144.59,53.6206,2.18,100.0,69.5
1185,-4124.4,38.7515,2.15,100.0,69.6
1186,-4155.47,17.5004,2.19,100.0,69.7
1187,-4102.81,71.5843,2.19,100.0,69.9
1188,-4157.5,172.169,2.15,98.7,69.9
1189,-4182.81,48.8232,2.19,100.0,70.0
1190,-4152.15,156.331,2.22,100.0,69.6
1191,-4185.79,38.2595,2.09,99.7,69.9
1192,-4168.66,126.1586,2.15,100.0,69.4
1193,-4210.18,309.2664,2.15,100.0,69.5
1194,-4148.64,77.1147,2.22,100.0,69.6
1195,-4141.84,69.5783,2.08,99.2,69.9
1196,-4132.45,282.6961,2.15,100.0,69.7
1197,-4164.59,92.3266,2.25,100.0,69.8
1198,-4161.79,56.8879,2.1,98.4,69.7
1199,-4145.63,114.9871,2.16,100.0,69.8
1200,-4121.72,41.6712,2.13,100.0,69.1
1201,-4152.32,19.4707,2.21,100.0,69.2
1202,-4170.29,88.5106,2.13,100.0,69.3
1203,-4137.86,54.9148,2.16,100.0,69.4
1204,-4133.01,49.7288,2.25,100.0,69.4
1205,-4163.08,80.058,2.09,100.0,69.5
1206,-4152.75,17.9434,2.21,100.0,69.6
1207,-4172.06,123.4325,2.17,100.0,69.7
1208,-4184.61,205.4609,2.16,100.0,69.7
1209,-4145.17,84.9353,2.11,99.8,69.7
1210,-4147.31,106.0535,2.2,100.0,69.8
1211,-4262.06,1960.8024,2.15,100.0,69.8
1212,-4187.3,866.4988,2.13,100.0,69.9
1213,-4212.57,334.2001,2.14,100.0,70.0
1214,-4126.94,206.246,2.02,100.0,69.9
1215,-4186.29,345.7471,2.29,98.7,70.0
1216,-4165.39,247.9733,2.15,100.0,70.0
1217,-4162.37,119.6879,2.2,100.0,70.0
1218,-4220.2,102.428,2.06,100.0,70.1
1219,-4186.44,69.8206,2.22,100.0,70.3
1220,-4162.45,210.5405,2.26,100.0,69.7
1221,-4173.53,76.8341,2.05,97.4,69.6
1222,-4149.34,112.8093,2.29,100.0,69.7
1223,-4130.76,76.4716,2.1,100.0,69.8
1224,-4161.08,42.8625,2.16,100.0,69.8
1225,-4247.62,578.9995,2.3,100.0,69.8
1226,-4161.23,280.2315,2.22,100.0,69.9
1227,-4173.83,329.1968,2.15,100.0,69.9
1228,-4165.35,199.4089,2.18,100.0,69.9
1229,-4314.98,2089.56,2.19,100.0,70.0
1230,-4154.93,313.1383,2.11,99.3,70.0
1231,-4141.15,234.9061,2.26,100.0,69.9
1232,-4169.51,62.6777,2.13,100.0,70.0
1233,-4153.12,74.5151,2.21,100.0,70.1
1234,-4133.92,117.9538,2.12,100.0,70.1
1235,-4197.37,119.8691,2.22,100.0,70.1
1236,-4170.07,58.9608,2.12,100.0,70.0
1237,-4154.93,29.1436,2.08,100.0,69.5
1238,-4156.29,74.3123,2.24,100.0,69.5
1239,-4129.44,78.5924,2.19,100.0,69.5
1240,-4157.9,32.9589,2.13,100.0,69.6
1241,-4169.01,33.8878,2.17,100.0,69.7
1242,-4273.24,1729.2401,2.15,100.0,69.7
1243,-4162.56,175.1837,2.18,100.0,69.6
1244,-4145.24,151.9685,2.09,100.0,69.8
1245,-4114.23,75.999,2.28,100.0,69.8
1246,-4153.03,238.3348,2.08,100.0,69.9
1247,-4169.51,48.9685,2.17,100.0,69.9
1248,-4111.4,150.4712,2.11,100.0,70.0
1249,-4145.63,54.9614,2.24,100.0,70.0
1250,-4149.65,30.657,2.14,99.4,69.7
1251,-4145.63,17.7914,2.18,100.0,69.8
1252,-4119.93,51.8599,2.13,100.0,69.8
1253,-4145.63,23.5063,2.14,100.0,69.9
1254,-4141.15,17.9977,2.18,100.0,69.9
1255,-4118.89,24.5177,2.09,100.0,69.9
1256,-4124.4,20.1586,2.11,100.0,70.0
1257,-4141.15,22.4792,2.24,100.0,70.0
1258,-4153.12,12.2691,2.11,99.8,69.7
1259,-4149.24,34.1617,2.24,100.0,69.8
1260,-4162.56,58.4343,2.13,100.0,70.1
1261,-4140.11,23.6589,2.25,100.0,70.1
1262,-4131.8,48.4087,2.05,100.0,70.1
1263,-4141.15,23.0582,2.37,100.0,70.2
1264,-4141.15,17.9618,2.15,99.4,70.4
1265,-4157.9,30.7018,2.12,100.0,70.4
1266,-4141.15,24.4724,2.2,100.0,70.5
1267,-4141.15,15.8734,2.11,100.0,70.5
1268,-4141.15,9.2083,2.13,100.0,70.5
1269,-4141.15,5.9118,2.09,100.0,70.6
1270,-4145.63,3.9352,2.22,100.0,70.7
1271,-4165.34,19.743,2.12,100.0,70.8
1272,-4178.07,110.4774,2.06,100.0,70.5
1273,-4214.61,133.2849,2.4,98.7,70.2
1274,-4194.79,91.7447,2.09,100.0,70.2
1275,-4141.15,53.8815,2.18,100.0,69.8
1276,-4189.29,72.2529,2.07,100.0,69.9
1277,-4196.5,67.9556,2.28,100.0,69.9
1278,-4145.13,56.4709,2.17,100.0,69.9
1279,-4119.93,87.4165,2.23,99.6,69.9
1280,-4163.9,86.0861,2.12,100.0,69.9
1281,-4178.76,79.8476,2.2,100.0,70.0
1282,-4189.29,117.7642,2.11,100.0,69.4
1283,-4174.9,94.0944,2.31,100.0,69.5
1284,-4176.98,160.7408,2.12,98.5,70.1
1285,-4172.9,67.6632,2.12,100.0,70.1
1286,-4150.46,20.1455,2.2,100.0,70.1
1287,-4161.11,81.3309,2.13,100.0,70.0
1288,-4258.98,1452.4759,2.14,100.0,70.0
1289,-4214.89,282.8953,2.08,100.0,70.0
1290,-4170.95,155.3731,2.19,100.0,70.0
1291,-4152.62,62.9046,2.17,100.0,70.1
1292,-4161.74,45.8614,2.07,100.0,70.6
1293,-4133.46,173.0799,2.25,100.0,70.5
1294,-4134.39,104.2627,2.07,98.0,70.0
1295,-4183.45,77.7854,2.2,100.0,70.0
1296,-4165.04,32.9259,2.1,100.0,70.1
1297,-4180.6,29.9218,2.17,100.0,70.2
1298,-4156.42,162.5609,2.12,100.0,70.2
1299,-4150.46,57.7102,2.14,100.0,70.2
1300,-4141.15,63.09,2.14,100.0,70.2
1301,-4141.15,33.8899,2.13,100.0,70.3
1302,-4141.15,21.2756,2.09,100.0,70.3
1303,-4141.15,18.7737,2.18,100.0,70.2
1304,-4155.72,113.2416,2.14,100.0,70.4
1305,-4185.56,221.307,2.15,100.0,70.4
1306,-4163.74,37.5786,2.1,100.0,70.4
1307,-4150.46,87.5118,2.21,100.0,70.4
1308,-4141.15,41.7671,2.05,100.0,70.4
1309,-4141.15,37.9884,2.31,100.0,70.5
1310,-4141.15,13.9485,2.11,98.5,70.0
1311,-4171.17,86.4473,2.17,100.0,70.2
1312,-4141.15,24.0963,2.16,100.0,70.2
1313,-4183.1,81.4524,2.12,100.0,70.2
1314,-4141.15,15.5973,2.13,100.0,69.3
1315,-4159.26,29.1408,2.1,100.0,69.4
1316,-4141.15,39.1099,2.23,100.0,69.6
1317,-4141.15,30.3435,2.09,99.6,69.9
1318,-4154.93,13.237,2.25,100.0,70.0
1319,-4150.46,8.5826,2.22,100.0,70.0
1320,-4141.15,13.4534,2.07,99.4,70.2
1321,-4145.63,10.4723,2.24,100.0,70.1
1322,-4140.11,7.6423,2.16,100.0,70.2
1323,-4149.24,13.7616,2.12,99.6,70.2
1324,-4127.42,36.3133,2.08,100.0,70.4
1325,-4148.18,144.0325,2.3,100.0,70.3
1326,-4355.56,6562.1482,2.13,99.3,70.4
1327,-4145.63,126.0652,2.21,100.0,70.5
1328,-4148.64,73.9061,2.23,100.0,70.7
1329,-4168.36,73.8156,2.17,100.0,70.7
1330,-4117.85,126.7914,2.23,100.0,70.3
1331,-4143.86,32.2176,2.09,100.0,70.4
1332,-4118.04,96.5784,2.22,100.0,70.5
1333,-4267.58,2565.9683,2.1,100.0,70.6
1334,-4140.11,68.6799,2.19,100.0,70.6
1335,-4179.41,32.035,2.12,99.8,70.7
1336,-4128.68,250.975,2.15,100.0,70.8
1337,-4121.56,106.7017,2.21,100.0,71.0
1338,-4162.56,74.4379,2.12,100.0,71.1
1339,-4144.59,64.3262,2.07,100.0,71.2
1340,-4354.15,3170.5324,2.23,100.0,71.3
1341,-4152.43,328.2954,2.15,99.3,71.2
1342,-4156.32,121.6427,2.12,100.0,71.2
1343,-4156.86,52.5539,2.31,100.0,71.3
1344,-4185.73,72.7684,2.16,100.0,71.3
1345,-4143.77,104.7023,2.13,100.0,71.3
1346,-4152.18,61.937,2.25,100.0,71.2
1347,-4170.07,47.3894,2.13,99.9,71.5
1348,-4195.7,245.4409,2.2,100.0,71.6
1349,-4142.14,362.4914,2.15,100.0,71.6
1350,-4241.33,351.1648,2.23,100.0,71.6
1351,-4118.89,164.9499,2.17,100.0,71.6
1352,-4143.92,174.6689,2.06,99.2,71.5
1353,-4157.97,336.6225,2.32,100.0,71.6
1354,-4146.74,176.6657,2.1,99.5,71.7
1355,-4148.64,163.7275,2.12,100.0,71.8
1356,-4128.42,114.1759,2.14,100.0,71.7
1357,-4175.22,72.3226,2.19,100.0,71.8
1358,-4119.93,18.1221,2.15,100.0,71.8
1359,-4141.15,35.3958,2.15,100.0,72.0
1360,-4130.95,35.6053,2.2,100.0,72.0
1361,-4140.11,38.9772,2.14,99.6,72.2
1362,-4148.64,23.5342,2.08,99.5,72.2
1363,-4145.17,60.1703,2.23,100.0,72.3
1364,-4141.15,9.8236,2.18,100.0,72.3
1365,-4157.9,13.3696,2.13,100.0,72.4
1366,-4106.67,155.9784,2.14,99.6,72.5
1367,-4141.15,88.8573,2.2,100.0,72.5
1368,-4134.37,76.488,2.1,100.0,72.5
1369,-4150.46,32.9764,2.19,99.2,72.7
1370,-4165.39,33.5069,2.22,100.0,72.7
1371,-4141.15,63.249,2.16,100.0,72.4
1372,-4166.25,34.0888,2.1,98.4,72.4
1373,-4145.63,25.0475,2.21,100.0,72.4
1374,-4121.62,95.8351,2.21,100.0,72.5
1375,-4196.88,119.6503,2.08,100.0,72.5
1376,-4173.72,97.1679,2.24,100.0,72.6
1377,-4141.15,32.4323,2.2,100.0,72.6
1378,-4141.15,23.5695,2.08,96.7,72.7
1379,-4154.93,14.0762,2.19,100.0,72.2
1380,-4156.42,73.6815,2.13,100.0,72.3
1381,-4141.15,22.7078,2.21,100.0,72.3
1382,-4148.64,21.4326,2.07,98.4,72.3
1383,-4119.93,36.6298,2.21,100.0,72.4
1384,-4150.46,18.7563,2.17,100.0,72.3
1385,-4162.37,45.4454,2.11,97.7,72.3
1386,-4149.6,38.1436,2.12,100.0,72.4
1387,-4154.48,21.464,2.2,100.0,72.6
1388,-4141.15,28.1361,2.1,100.0,72.5
1389,-4181.23,41.5371,2.15,99.4,72.4
1390,-4138.04,129.8993,2.16,100.0,72.5
1391,-4149.6,39.2565,2.2,100.0,72.2
1392,-4141.15,28.3245,2.09,99.5,72.2
1393,-4119.93,40.3384,2.25,100.0,72.2
1394,-4155.62,30.096,2.13,100.0,72.3
1395,-4141.15,9.9071,2.13,100.0,72.6
1396,-4141.15,5.3992,2.13,100.0,72.4
1397,-4141.15,3.103,2.26,100.0,72.6
1398,-4141.15,2.8243,2.12,99.6,72.4
1399,-4141.15,2.2408,2.16,100.0,72.5
1400,-4145.63,2.9872,2.15,100.0,72.5
1401,-4150.46,21.8507,2.13,99.8,72.6
1402,-4119.93,31.0421,2.13,100.0,72.7
1403,-4128.42,13.8826,2.16,100.0,72.6
1404,-4141.15,38.885,2.2,100.0,72.8
1405,-4169.96,35.8347,2.13,100.0,72.7
1406,-4140.11,25.1291,2.08,100.0,72.9
1407,-4148.64,35.023,2.33,100.0,72.8
1408,-4165.39,37.328,2.1,97.3,72.9
1409,-4145.63,43.3914,2.16,100.0,72.9
1410,-4148.64,30.6193,2.12,100.0,72.8
1411,-4124.4,18.4493,2.08,100.0,72.2
1412,-4138.84,62.2612,2.12,100.0,72.2
1413,-4145.63,66.7287,2.19,100.0,72.3
1414,-4100.56,281.6414,2.1,100.0,72.3
1415,-4156.1,46.336,2.12,99.3,72.6
1416,-4141.15,23.2606,2.17,100.0,72.7
1417,-4154.93,16.1748,2.17,100.0,72.2
1418,-4154.64,91.5362,2.13,100.0,72.2
1419,-4141.15,31.689,2.13,100.0,72.3
1420,-4141.43,131.3864,2.19,100.0,72.4
1421,-4157.9,15.8084,2.18,100.0,72.5
1422,-4124.4,68.5123,2.11,100.0,72.5
1423,-4131.8,40.9727,2.32,100.0,72.5
1424,-4164.72,84.8542,2.1,98.2,72.9
1425,-4119.93,15.4263,2.22,100.0,72.9
1426,-4179.85,85.6046,2.14,100.0,72.8
1427,-4113.19,259.3182,2.18,100.0,72.8
1428,-4142.51,66.7571,2.17,100.0,72.8
1429,-4395.11,5679.2972,2.14,100.0,72.9
1430,-4156.03,55.4681,2.15,100.0,72.6
1431,-4153.22,109.7516,2.11,99.4,72.5
1432,-4152.52,52.3046,2.18,100.0,72.6
1433,-4126.38,45.0453,2.2,100.0,72.6
1434,-4146.08,28.4343,2.11,100.0,72.5
1435,-4168.71,48.6388,2.17,100.0,72.6
1436,-4153.12,72.1119,2.24,100.0,72.7
1437,-4153.03,29.4071,2.12,100.0,72.7
1438,-4168.09,57.3579,2.13,100.0,72.7
1439,-4162.45,25.5917,2.25,100.0,72.7
1440,-4161.99,13.374,2.11,100.0,72.8
1441,-4157.97,9.6698,2.19,99.7,73.1
1442,-4227.69,291.7849,2.17,100.0,73.0
1443,-4133.92,371.0395,2.23,100.0,73.1
1444,-4145.63,146.4178,2.09,100.0,73.1
1445,-4117.62,60.9647,2.2,100.0,73.3
1446,-4141.15,162.0915,2.2,100.0,73.2
1447,-4145.63,50.6356,2.1,98.2,73.5
1448,-4141.15,45.4927,2.21,100.0,73.5
1449,-4170.73,26.8403,2.19,100.0,73.6
1450,-4150.46,5.9455,2.14,100.0,73.5
1451,-4141.15,24.9226,2.16,100.0,73.4
1452,-4161.52,25.5273,2.21,100.0,73.4
1453,-4149.24,39.272,2.16,100.0,73.5
1454,-4118.89,43.6375,2.08,98.8,73.1
1455,-4154.93,15.9239,2.16,100.0,73.2
1456,-4119.93,46.6062,2.25,100.0,73.4
1457,-4111.92,54.5982,2.11,94.6,73.5
1458,-4141.15,90.9381,2.22,100.0,73.4
1459,-4124.4,25.1239,2.16,100.0,73.3
1460,-4141.15,25.0306,2.13,100.0,73.3
1461,-4143.32,11.811,2.11,100.0,73.4
1462,-4127.42,62.0278,2.25,100.0,73.5
1463,-4119.93,36.6947,2.07,97.6,73.6
1464,-4145.24,40.8032,2.17,100.0,73.6
1465,-4167.03,71.9204,2.15,100.0,73.6
1466,-4179.35,62.6883,2.2,100.0,73.7
1467,-4141.15,64.1481,2.11,99.4,73.7
1468,-4157.97,11.6293,2.18,100.0,73.7
1469,-4125.63,180.7389,2.19,100.0,73.7
1470,-4133.92,49.0069,2.05,96.1,73.8
1471,-4119.16,80.6919,2.25,100.0,73.9
1472,-4157.74,38.8398,2.18,100.0,74.0
1473,-4150.1,32.9713,2.13,99.9,73.5
1474,-4140.61,193.6172,2.1,100.0,73.4
1475,-4176.94,275.2196,2.26,100.0,73.6
1476,-4177.12,43.8513,2.2,99.8,73.8
1477,-4133.92,112.1274,2.08,98.5,73.6
1478,-4114.64,116.543,2.2,100.0,73.7
1479,-4130.97,45.8505,2.15,100.0,73.8
1480,-4162.56,59.002,2.14,100.0,74.0
1481,-4128.45,110.5921,2.14,100.0,74.0
1482,-4136.67,47.2535,2.16,100.0,74.0
1483,-4129.16,51.0994,2.15,99.9,74.3
1484,-4206.33,308.3054,2.08,100.0,74.3
1485,-4169.51,85.6567,2.28,100.0,74.2
1486,-4188.95,140.6757,2.25,99.9,74.8
1487,-4145.63,96.1015,2.15,100.0,74.9
1488,-4152.18,54.6941,2.13,100.0,75.0
1489,-4159.29,162.9543,2.18,100.0,74.8
1490,-4145.24,122.1043,2.08,99.4,74.4
1491,-4179.73,133.8791,2.12,100.0,74.6
1492,-4176.2,48.1885,2.2,100.0,74.6
1493,-4119.93,209.2718,2.11,99.5,74.5
1494,-4129.44,154.5488,2.14,100.0,74.6
1495,-4117.76,80.6254,2.35,100.0,74.7
1496,-4159.06,204.4808,2.11,98.5,74.5
1497,-4112.56,168.7236,2.2,100.0,74.5
1498,-4162.45,30.8655,2.14,100.0,74.6
1499,-4142.73,16.0023,2.22,100.0,74.9
1500,-4138.93,26.1737,2.08,100.0,74.8
1501,-4148.12,75.2572,2.19,100.0,74.8
1502,-4150.94,72.3132,2.25,98.5,74.8
1503,-4145.63,55.8223,2.11,98.4,74.8
1504,-4099.46,216.3638,2.23,100.0,74.9
1505,-4180.92,117.1683,2.17,100.0,74.8
1506,-4153.72,27.7808,2.08,100.0,75.0
1507,-4118.05,119.0311,2.23,100.0,75.0
1508,-4145.24,54.1145,2.17,100.0,75.0
1509,-4140.22,29.0547,2.14,100.0,74.5
1510,-4131.8,26.3441,2.11,100.0,74.6
1511,-4137.86,94.807,2.42,100.0,74.7
1512,-4129.44,16.1438,2.11,93.4,74.9
1513,-4124.4,49.0209,2.14,99.8,74.6
1514,-4157.5,72.6419,2.18,100.0,74.7
1515,-4145.63,85.5237,2.17,100.0,74.7
1516,-4120.93,139.2599,2.15,100.0,74.7
1517,-4139.54,156.0299,2.14,100.0,74.8
1518,-4145.63,95.5474,2.23,99.7,74.9
1519,-4111.4,110.2603,2.05,97.0,75.1
1520,-4149.93,117.3103,2.23,100.0,75.1
1521,-4141.15,87.0649,2.23,100.0,75.1
1522,-4154.93,28.4323,2.07,99.4,75.0
1523,-4140.29,12.0835,2.26,100.0,75.1
1524,-4162.56,14.3639,2.15,100.0,74.3
1525,-4141.15,28.4036,2.16,100.0,74.3
1526,-4119.93,33.8481,2.06,100.0,73.8
1527,-4141.15,23.0041,2.21,100.0,74.0
1528,-4167.03,26.4323,2.22,100.0,73.9
1529,-4153.03,6.0379,2.03,97.4,74.1
1530,-4145.63,14.2544,2.33,100.0,74.2
1531,-4141.15,6.7109,2.09,99.3,73.9
1532,-4141.15,4.5777,2.16,100.0,74.0
1533,-4150.46,28.526,2.1,100.0,73.9
1534,-4145.63,8.3271,2.25,100.0,74.1
1535,-4141.15,3.0129,2.13,98.6,73.9
1536,-4141.15,2.5501,2.09,100.0,74.0
1537,-4141.15,1.935,2.26,100.0,74.1
1538,-4145.63,2.9801,2.16,99.5,74.2
1539,-4141.15,0.9387,2.1,100.0,74.2
1540,-4157.5,11.8472,2.26,100.0,74.1
1541,-4167.03,33.8135,2.22,100.0,74.3
1542,-4141.15,15.1766,2.11,98.6,74.4
1543,-4124.4,18.3234,2.26,100.0,74.7
1544,-4133.15,54.1821,2.19,100.0,74.5
1545,-4141.15,60.4301,2.14,99.4,74.5
1546,-4173.09,48.1669,2.46,100.0,74.4
1547,-4145.63,112.9076,2.16,100.0,74.8
1548,-4133.92,99.6334,2.09,100.0,75.4
1549,-4165.5,155.4951,2.3,100.0,74.6
1550,-4150.03,69.0197,2.18,100.0,74.7
1551,-4140.67,87.8871,2.17,100.0,74.7
1552,-4130.04,55.744,2.12,99.1,74.6
1553,-4172.55,133.8422,2.23,100.0,74.8
1554,-4145.63,92.3218,2.11,96.8,74.8
1555,-4133.92,92.8114,2.22,100.0,74.9
1556,-4181.59,35.833,2.16,100.0,74.9
1557,-4133.15,85.2519,2.11,100.0,75.0
1558,-4166.72,62.0385,2.13,100.0,74.9
1559,-4136.28,30.5987,2.29,100.0,75.0
1560,-4118.89,46.825,2.12,99.9,75.1
1561,-4133.92,25.0961,2.22,98.8,75.3
1562,-4145.63,103.2281,2.17,100.0,75.3
1563,-4151.96,46.9718,2.13,100.0,75.4
1564,-4145.63,74.2534,2.18,100.0,75.6
1565,-4128.43,65.2066,2.15,100.0,75.5
1566,-4128.42,95.7725,2.18,100.0,75.6
1567,-4129.44,13.8893,2.11,99.6,75.7
1568,-4135.06,40.4363,2.22,100.0,75.7
1569,-4178.33,93.9929,2.23,100.0,75.7
1570,-4128.42,44.7262,2.06,100.0,75.0
1571,-4132.7,21.8846,2.28,100.0,75.2
1572,-4117.28,107.4713,2.13,100.0,75.2
1573,-4169.01,86.415,2.19,100.0,75.3
1574,-4166.39,79.9675,2.17,100.0,75.4
1575,-4153.12,72.0468,2.21,100.0,75.5
1576,-4153.73,54.2229,2.17,100.0,75.4
1577,-4190.32,165.3094,2.16,96.2,75.7
1578,-4143.12,37.3734,2.21,100.0,75.8
1579,-4162.37,26.9988,2.16,100.0,75.7
1580,-4114.23,46.7204,2.12,100.0,75.8
1581,-4150.46,59.2393,2.19,100.0,75.8
1582,-4124.4,18.9946,2.24,100.0,75.9
1583,-4149.65,20.6998,2.1,96.0,75.8
1584,-4118.89,25.1832,2.29,100.0,75.7
1585,-4146.02,60.6562,2.2,100.0,75.8
1586,-4129.44,26.1448,2.11,100.0,75.9
1587,-4149.65,118.592,2.25,100.0,75.9
1588,-4145.63,60.8784,2.2,100.0,75.9
1589,-4119.27,163.6768,2.07,100.0,76.1
1590,-4136.67,31.0756,2.27,100.0,76.3
1591,-4138.84,58.2294,2.21,100.0,76.3
1592,-4119.93,28.545,2.11,100.0,76.3
1593,-4186.03,92.7436,2.3,100.0,76.5
1594,-4150.46,79.5104,2.1,100.0,76.6
1595,-4129.44,62.7359,2.17,100.0,76.6
1596,-4124.4,51.2151,2.12,99.8,76.7
1597,-4141.15,47.6399,2.29,100.0,76.8
1598,-4144.59,32.3131,2.14,99.1,76.7
1599,-4145.63,18.7091,2.17,100.0,76.6
1600,-4141.15,13.6163,2.19,100.0,76.6
1601,-4127.42,47.754,2.17,98.6,76.8
1602,-4119.93,18.3342,2.1,100.0,76.8
1603,-4145.63,29.2242,2.24,100.0,76.8
1604,-4119.93,25.6702,2.1,100.0,76.9
1605,-4149.04,128.6737,2.15,100.0,77.0
1606,-4136.28,97.4674,2.14,100.0,76.9
1607,-4148.5,57.4623,2.13,100.0,77.0
1608,-4124.4,26.4486,2.22,100.0,77.2
1609,-4119.93,15.7504,2.11,100.0,77.1
1610,-4153.12,30.7756,2.12,100.0,77.1
1611,-4158.95,55.9619,2.26,100.0,76.9
1612,-4133.84,142.2023,2.13,100.0,77.0
1613,-4144.59,138.2216,2.14,100.0,77.2
1614,-4133.92,23.34,2.22,100.0,77.1
1615,-4150.46,16.9538,2.21,100.0,77.2
1616,-4139.07,45.1578,2.11,94.2,77.0
1617,-4180.3,119.2644,2.2,100.0,77.2
1618,-4132.7,35.9075,2.15,100.0,77.1
1619,-4164.83,66.1338,2.11,99.5,77.2
1620,-4135.24,23.9466,2.17,100.0,77.2
1621,-4129.46,74.2877,2.28,100.0,77.3
1622,-4153.73,78.8381,2.12,99.8,77.4
1623,-4150.46,59.1921,2.18,100.0,77.6
1624,-4116.83,125.2689,2.17,100.0,77.0
1625,-4122.53,35.8374,2.12,99.3,76.7
1626,-4117.36,32.6822,2.17,100.0,76.9
1627,-4114.06,66.0728,2.21,100.0,76.9
1628,-4145.24,41.4842,2.14,100.0,77.0
1629,-4118.04,55.4959,2.07,100.0,76.5
1630,-4154.66,73.6672,2.39,100.0,76.5
1631,-4309.61,2460.5845,2.2,98.3,76.6
1632,-4141.15,117.4219,2.21,100.0,76.4
1633,-4159.48,130.9547,2.22,100.0,76.4
1634,-4130.04,69.1089,2.17,100.0,76.5
1635,-4319.39,2990.0479,2.11,100.0,76.5
1636,-4168.09,73.723,2.28,100.0,76.6
1637,-4158.74,64.6059,2.21,99.5,76.9
1638,-4336.48,4503.3339,2.08,97.0,76.9
1639,-4289.73,1473.3851,2.23,100.0,76.9
1640,-4150.93,885.0998,2.17,100.0,76.8
1641,-4144.64,780.3325,2.11,100.0,76.9
1642,-4140.38,430.7216,2.18,100.0,77.0
1643,-4289.7,1923.3328,2.25,100.0,77.1
1644,-4149.93,57.1736,2.12,99.9,76.8
1645,-4392.85,5834.048,2.11,100.0,76.8
1646,-4129.69,462.284,2.38,100.0,77.0
1647,-4130.85,238.0472,2.12,94.1,77.1
1648,-4142.34,77.4019,2.27,100.0,77.3
1649,-4183.22,248.8693,2.15,100.0,77.2
1650,-4311.87,2483.3312,2.15,100.0,77.3
1651,-4280.53,1521.6124,2.17,100.0,77.3
1652,-4201.13,295.2607,2.13,100.0,77.2
1653,-4170.63,750.7401,2.17,100.0,77.1
1654,-4185.9,263.9874,2.08,98.1,77.3
1655,-4202.87,173.8519,2.27,100.0,77.3
1656,-4132.23,30.5338,2.15,99.5,77.4
1657,-4257.81,1943.8221,2.09,100.0,77.5
1658,-4126.09,97.1451,2.21,100.0,77.5
1659,-4170.8,151.6948,2.18,100.0,77.6
1660,-4173.01,182.2435,2.15,100.0,77.6
1661,-4153.28,54.8968,2.11,100.0,77.7
1662,-4131.33,34.9438,2.21,100.0,77.7
1663,-4148.61,308.3236,2.12,99.1,77.8
1664,-4130.85,85.0691,2.16,99.7,77.9
1665,-4140.63,113.0937,2.22,100.0,78.1
1666,-4152.22,41.6332,2.21,100.0,78.1
1667,-4170.73,73.7008,2.07,100.0,78.0
1668,-4140.46,37.5031,2.19,100.0,78.1
1669,-4170.73,63.9901,2.17,100.0,77.9
1670,-4151.72,62.958,2.07,100.0,77.8
1671,-4157.23,7.4029,2.58,100.0,77.6
1672,-4161.03,37.9611,2.18,100.0,77.8
1673,-4121.82,55.676,2.09,100.0,77.9
1674,-4137.83,28.28,2.25,100.0,77.8
1675,-4140.29,52.4306,2.16,100.0,78.0
1676,-4173.88,42.3958,2.12,97.2,77.4
1677,-4166.04,154.0111,2.13,100.0,77.5
1678,-4123.74,66.762,2.16,100.0,77.5
1679,-4123.36,118.8067,2.17,100.0,77.5
1680,-4150.46,64.1901,2.09,100.0,77.5
1681,-4112.63,165.5594,2.27,100.0,77.6
1682,-4140.53,63.1217,2.14,98.5,77.7
1683,-4148.53,86.8441,2.13,98.9,77.6
1684,-4140.26,44.7881,2.18,100.0,77.5
1685,-4157.47,58.0835,2.16,100.0,77.6
1686,-4229.3,990.728,2.13,100.0,77.6
1687,-4141.15,84.9126,2.13,100.0,77.7
1688,-4137.57,121.4674,2.23,100.0,77.7
1689,-4154.93,119.221,2.09,99.5,77.7
1690,-4167.03,104.3525,2.19,100.0,77.8
1691,-4136.96,38.8125,2.22,100.0,77.9
1692,-4157.92,52.4831,2.1,100.0,77.6
1693,-4150.46,48.0262,2.19,100.0,77.5
1694,-4124.45,33.3207,2.13,100.0,77.6
1695,-4112.71,62.1449,2.17,100.0,77.7
1696,-4194.44,431.6268,2.12,100.0,77.6
1697,-4132.7,30.6724,2.2,100.0,77.7
1698,-4127.42,49.6175,2.2,100.0,77.7
1699,-4164.59,36.4735,2.07,98.7,77.9
1700,-4173.19,53.7751,2.2,100.0,77.5
1701,-4141.35,182.2422,2.14,100.0,77.5
1702,-4158.23,56.1015,2.15,100.0,77.6
1703,-4117.76,91.861,2.18,100.0,77.8
1704,-4157.24,116.9077,2.24,100.0,77.7
1705,-4132.7,24.1235,2.12,100.0,77.9
1706,-4157.97,42.4693,2.14,100.0,77.9
1707,-4155.81,66.9559,2.21,100.0,78.0
1708,-4154.33,45.5364,2.12,99.9,77.9
1709,-4133.95,65.3174,2.14,100.0,78.1
1710,-4162.52,96.4145,2.16,100.0,78.3
1711,-4119.93,34.8613,2.18,100.0,78.2
1712,-4138.84,37.7944,2.16,100.0,78.2
1713,-4156.74,41.03,2.24,100.0,78.3
1714,-4146.02,39.6706,2.19,100.0,78.7
1715,-4151.96,50.2803,2.07,97.8,79.0
1716,-4145.63,65.4188,2.38,100.0,79.0
1717,-4119.87,130.3378,2.14,98.9,79.1
1718,-4109.75,48.9772,2.14,100.0,79.2
1719,-4307.7,2428.7963,2.23,100.0,79.3
1720,-4140.29,26.5804,2.16,100.0,79.3
1721,-4127.42,24.2311,2.15,100.0,79.1
1722,-4124.4,16.434,2.07,100.0,79.0
1723,-4149.65,50.5976,2.31,100.0,79.1
1724,-4129.11,66.7135,2.11,94.5,79.1
1725,-4167.03,28.057,2.24,100.0,79.0
1726,-4182.81,35.9482,2.2,100.0,79.1
1727,-4113.19,102.7772,2.12,100.0,79.6
1728,-4145.63,52.3732,2.17,100.0,79.7
1729,-4133.92,38.0625,2.25,100.0,79.7
1730,-4156.76,47.4765,2.1,100.0,79.7
1731,-4109.62,86.7714,2.14,100.0,79.5
1732,-4137.94,15.5073,2.18,100.0,78.8
1733,-4141.15,41.7759,2.1,100.0,78.8
1734,-4126.54,135.4573,2.12,100.0,79.0
1735,-4141.54,33.5672,2.18,100.0,79.1
1736,-4157.97,34.7933,2.14,100.0,79.2
1737,-4140.11,44.2699,2.11,100.0,79.2
1738,-4129.44,63.1295,2.11,100.0,79.2
1739,-4119.27,42.3758,2.28,100.0,79.3
1740,-4119.93,94.9725,2.11,97.3,78.6
1741,-4150.46,33.3393,2.3,100.0,78.8
1742,-4145.63,32.1223,2.13,100.0,78.7
1743,-4128.42,18.2554,2.11,100.0,78.7
1744,-4114.52,116.8077,2.14,100.0,78.9
1745,-4146.69,89.4214,2.25,100.0,79.6
1746,-4185.85,99.0483,2.13,100.0,79.7
1747,-4294.64,1677.3958,2.13,100.0,79.6
1748,-4182.25,440.9934,2.13,100.0,79.2
1749,-4140.11,726.0634,2.2,100.0,79.4
1750,-4122.04,831.9032,2.05,100.0,79.4
1751,-4180.49,121.7243,2.4,99.6,79.2
1752,-4141.54,61.9353,2.1,100.0,79.2
1753,-4141.44,56.9318,2.17,100.0,79.3
1754,-4135.2,67.843,2.22,100.0,79.0
1755,-4170.07,35.0033,2.11,100.0,78.9
1756,-4137.83,83.3994,2.1,100.0,79.0
1757,-4121.75,77.2149,2.18,100.0,79.0
1758,-4136.96,19.9463,2.15,100.0,79.1
1759,-4171.1,73.535,2.17,100.0,79.2
1760,-4154.93,18.9405,2.07,100.0,79.2
1761,-4139.82,116.6488,2.38,99.5,79.2
1762,-4170.32,124.8146,2.1,95.4,79.1
1763,-4144.43,127.5193,2.23,100.0,79.2
1764,-4202.0,133.9598,2.12,100.0,79.2
1765,-4162.85,54.0794,2.13,100.0,79.0
1766,-4250.49,324.2622,2.13,100.0,79.1
1767,-4193.45,79.9581,2.31,100.0,79.1
1768,-4161.56,150.8623,2.13,97.1,79.1
1769,-4193.12,43.4364,2.11,99.7,78.6
1770,-4225.0,135.7399,2.21,100.0,78.6
1771,-4264.57,238.4754,2.17,100.0,78.8
1772,-4127.32,738.2127,2.11,100.0,78.8
1773,-4182.89,322.4072,2.12,100.0,78.8
1774,-4166.33,101.3783,2.29,100.0,78.9
1775,-4159.56,115.3627,2.09,98.1,79.3
1776,-4267.91,466.719,2.2,100.0,79.5
1777,-4162.94,170.214,2.19,100.0,79.5
1778,-4189.64,206.7651,2.13,100.0,79.5
1779,-4362.19,3984.6326,2.13,100.0,79.6
1780,-4194.64,24.6784,2.14,100.0,79.6
1781,-4161.7,199.0977,2.15,100.0,79.6
1782,-4160.56,134.7684,2.15,100.0,79.7
1783,-4200.99,104.4546,2.07,100.0,79.8
1784,-4211.02,86.4118,2.21,100.0,79.8
1785,-4181.19,53.6182,2.11,100.0,79.9
1786,-4138.84,56.8031,2.17,100.0,80.0
1787,-4230.36,369.1201,2.14,100.0,80.0
1788,-4164.59,186.994,2.14,100.0,80.0
1789,-4176.76,55.0087,2.11,100.0,80.0
1790,-4139.43,128.8889,2.18,100.0,80.2
1791,-4154.83,48.8826,2.15,100.0,80.0
1792,-4151.57,63.9953,2.12,100.0,79.6
1793,-4363.18,5011.5083,2.05,100.0,79.7
1794,-4216.64,103.7594,2.29,100.0,79.7
1795,-4127.81,559.2232,2.11,95.9,79.7
1796,-4170.7,206.2673,2.15,100.0,80.2
1797,-4370.42,5100.3427,2.18,100.0,80.3
1798,-4166.49,53.2378,2.15,100.0,80.3
1799,-4338.2,4363.0676,2.08,100.0,79.9
1800,-4222.52,103.2396,2.13,100.0,79.9
1801,-4160.42,369.963,2.25,100.0,80.0
1802,-4116.11,347.8004,2.1,96.7,79.9
1803,-4169.18,65.8475,2.15,100.0,79.4
1804,-4170.22,71.2711,2.19,100.0,79.5
1805,-4166.73,27.4265,2.11,100.0,79.5
1806,-4149.57,56.5569,2.16,100.0,79.6
1807,-4130.76,66.255,2.13,100.0,79.6
1808,-4146.02,13.3831,2.25,100.0,79.7
1809,-4125.73,50.4664,2.08,97.5,79.8
1810,-4265.79,1945.2713,2.27,100.0,79.8
1811,-4173.77,112.7383,2.17,100.0,79.9
1812,-4289.73,1475.2749,2.1,99.2,79.9
1813,-4127.94,521.7356,2.23,100.0,80.0
1814,-4156.46,169.561,2.14,100.0,79.8
1815,-4130.85,62.737,2.12,100.0,79.9
1816,-4181.59,149.7692,2.11,100.0,80.0
1817,-4118.89,29.0336,2.3,100.0,80.1
1818,-4113.02,76.8004,2.07,98.0,79.3
1819,-4140.33,37.2184,2.31,99.0,79.0
1820,-4176.61,130.6586,2.18,100.0,78.6
1821,-4153.98,42.8694,2.14,96.7,78.3
1822,-4141.15,23.4901,2.2,100.0,78.3
1823,-4161.33,41.4851,2.19,100.0,78.3
1824,-4120.78,100.7781,2.09,100.0,78.3
1825,-4147.19,107.2666,2.15,100.0,78.3
1826,-4113.57,35.6868,2.32,100.0,78.4
1827,-4149.24,54.6982,2.11,99.1,77.7
1828,-4145.17,28.7181,2.26,100.0,77.8
1829,-4129.84,101.2605,2.17,100.0,77.8
1830,-4129.44,11.1461,2.17,100.0,77.6
1831,-4105.01,48.7342,2.12,98.6,77.6
1832,-4141.54,16.8697,2.23,100.0,77.7
1833,-4165.39,84.6057,2.19,100.0,77.6
1834,-4150.84,190.3976,2.08,96.9,77.0
1835,-4145.63,93.1164,2.2,100.0,77.2
1836,-4199.16,245.2368,2.18,100.0,77.3
1837,-4111.56,139.9633,2.07,100.0,77.3
1838,-4135.24,23.0683,2.22,100.0,77.3
1839,-4127.76,47.2167,2.15,100.0,77.4
1840,-4143.51,37.8398,2.11,98.8,77.5
1841,-4106.92,37.6515,2.15,100.0,77.4
1842,-4154.93,35.695,2.23,100.0,77.5
1843,-4127.42,13.5601,2.14,99.4,77.5
1844,-4112.35,65.2518,2.22,100.0,77.5
1845,-4123.27,116.3786,2.14,100.0,77.4
1846,-4142.94,81.693,2.2,100.0,77.5
1847,-4124.4,14.9128,2.07,100.0,77.6
1848,-4132.95,36.7318,2.38,100.0,77.7
1849,-4118.89,20.262,2.16,94.8,77.9
1850,-4153.53,31.1731,2.13,98.5,78.4
1851,-4149.14,49.6721,2.17,100.0,78.3
1852,-4131.99,28.7589,2.15,100.0,78.5
1853,-4157.14,46.1544,2.13,100.0,78.7
1854,-4149.32,123.6268,2.16,100.0,78.6
1855,-4164.44,23.1232,2.25,100.0,78.5
1856,-4141.15,80.1341,2.09,99.4,78.7
1857,-4132.7,129.4505,2.3,100.0,78.9
1858,-4109.75,126.4903,2.15,100.0,79.0
1859,-4141.15,90.3778,2.13,100.0,79.0
1860,-4124.4,26.7604,2.17,100.0,78.9
1861,-4149.65,28.3913,2.16,100.0,78.7
1862,-4141.15,17.8381,2.11,99.3,78.9
1863,-4150.46,18.2502,2.15,100.0,79.0
1864,-4129.44,49.8561,2.24,100.0,79.0
1865,-4162.52,39.7971,2.11,97.2,78.9
1866,-4141.15,16.8578,2.19,98.3,79.4
1867,-4136.67,36.7549,2.21,100.0,79.5
1868,-4166.72,50.7441,2.13,98.7,79.5
1869,-4153.03,43.4305,2.15,100.0,79.5
1870,-4119.93,79.0495,2.2,100.0,79.6
1871,-4145.63,48.716,2.17,100.0,79.1
1872,-4113.36,108.5213,2.06,100.0,79.1
1873,-4131.8,117.9642,2.31,100.0,79.2
1874,-4119.27,34.1496,2.11,98.8,79.4
1875,-4128.23,6.9984,2.12,100.0,79.4
1876,-4170.73,47.0134,2.26,100.0,79.3
1877,-4129.36,104.1826,2.17,99.5,79.3
1878,-4141.65,66.1042,2.12,99.8,79.4
1879,-4175.14,152.7324,2.22,100.0,79.6
1880,-4129.44,9.74,2.17,100.0,79.5
1881,-4138.84,23.9187,2.08,100.0,79.5
1882,-4119.93,23.6801,2.11,100.0,79.5
1883,-4136.28,17.8145,2.28,99.9,79.0
1884,-4141.15,43.6013,2.11,96.6,79.2
1885,-4119.93,19.5412,2.29,100.0,79.3
1886,-4157.97,30.4785,2.1,100.0,79.4
1887,-4119.93,11.1752,2.18,100.0,79.4
1888,-4158.95,24.6536,2.17,100.0,79.4
1889,-4186.8,84.668,2.16,100.0,79.6
1890,-4153.53,228.0762,2.16,100.0,79.4
1891,-4141.15,100.128,2.07,99.8,79.5
1892,-4111.34,206.3573,2.25,100.0,79.6
1893,-4109.75,149.2933,2.18,100.0,79.6
1894,-4139.29,241.3269,2.08,99.1,79.5
1895,-4122.12,51.2292,2.18,100.0,79.5
1896,-4165.74,64.891,2.17,100.0,79.7
1897,-4124.4,19.0654,2.12,99.8,79.7
1898,-4156.45,47.9032,2.14,100.0,79.7
1899,-4129.9,96.3713,2.2,100.0,79.7
1900,-4164.83,60.6297,2.18,99.8,79.8
1901,-4131.33,81.5096,2.1,100.0,79.9
1902,-4136.67,21.1307,2.15,100.0,79.9
1903,-4145.14,56.8481,2.27,100.0,79.5
1904,-4170.73,49.2644,2.06,97.3,79.4
1905,-4156.35,69.7112,2.18,100.0,79.6
1906,-4134.37,116.2149,2.17,100.0,79.4
1907,-4120.71,179.1489,2.1,100.0,79.3
1908,-4119.84,242.8546,2.16,100.0,79.2
1909,-4127.42,51.4431,2.2,100.0,79.3
1910,-4123.33,244.1231,2.16,100.0,79.5
1911,-4124.11,99.0569,2.07,100.0,79.7
1912,-4136.44,87.1853,2.31,100.0,79.7
1913,-4186.05,342.7809,2.12,99.2,79.9
1914,-4144.59,75.3405,2.14,100.0,80.0
1915,-4111.4,107.589,2.1,100.0,79.5
1916,-4265.79,2144.6815,2.23,100.0,79.6
1917,-4141.15,31.188,2.1,98.6,79.8
1918,-4246.35,803.7272,2.21,100.0,79.9
1919,-4131.33,256.1959,2.28,100.0,79.9
1920,-4128.42,53.3992,2.02,95.6,80.0
1921,-4126.2,122.815,2.23,100.0,80.0
1922,-4164.83,105.4401,2.17,100.0,80.0
1923,-4143.96,105.1468,2.1,100.0,80.0
1924,-4166.39,51.6801,2.25,100.0,80.2
1925,-4106.65,324.2483,2.16,100.0,80.2
1926,-4135.43,51.6612,2.13,99.6,80.1
1927,-4363.99,5378.2106,2.13,100.0,80.4
1928,-4169.38,74.0188,2.27,100.0,80.6
1929,-4157.9,44.6315,2.15,99.2,80.4
1930,-4182.81,37.1888,2.16,100.0,80.5
1931,-4125.72,100.5818,2.25,100.0,80.5
1932,-4161.52,275.4992,2.1,100.0,81.0
1933,-4141.43,53.9992,2.13,100.0,81.0
1934,-4124.4,39.3451,2.18,100.0,81.0
1935,-4131.8,26.0783,2.17,100.0,80.5
1936,-4133.92,14.6796,2.07,100.0,80.5
1937,-4102.2,52.872,2.4,100.0,80.6
1938,-4130.04,20.3278,2.19,94.7,80.6
1939,-4148.64,99.3915,2.13,99.1,80.6
1940,-4143.36,33.8756,2.17,100.0,80.7
1941,-4124.4,29.5865,2.17,100.0,80.7
1942,-4130.32,58.4613,2.09,100.0,80.5
1943,-4107.19,26.2214,2.17,100.0,80.5
1944,-4146.47,150.3043,2.28,100.0,80.4
1945,-4152.75,31.8384,2.02,97.6,80.8
1946,-4246.43,354.5387,2.25,100.0,81.0
1947,-4156.53,534.6198,2.12,100.0,80.9
1948,-4139.31,469.0728,2.14,100.0,81.0
1949,-4136.96,175.8086,2.1,100.0,80.6
1950,-4148.61,253.0437,2.18,100.0,80.6
1951,-4117.84,27.3521,2.18,100.0,80.6
1952,-4283.23,2446.5171,1.99,100.0,80.2
1953,-4141.43,118.6679,2.42,99.5,80.3
1954,-4120.25,211.6361,2.13,100.0,80.5
1955,-4140.33,28.0774,2.12,100.0,80.6
1956,-4123.74,6.5595,2.22,100.0,80.3
1957,-4123.95,9.7013,2.09,100.0,80.5
1958,-4181.59,101.2032,2.1,100.0,80.5
1959,-4148.95,122.1378,2.2,100.0,80.6
1960,-4147.6,104.1662,2.18,99.6,80.6
1961,-4147.97,23.7004,2.07,99.5,80.6
1962,-4356.66,4433.4567,2.17,100.0,80.7
1963,-4138.25,299.894,2.13,100.0,80.8
1964,-4124.48,626.4457,2.11,100.0,80.8
1965,-4149.11,203.1766,2.15,100.0,80.9
1966,-4108.12,251.506,2.18,100.0,80.7
1967,-4167.03,367.2588,2.11,99.9,80.5
1968,-4223.36,860.7084,2.1,100.0,80.5
1969,-4150.28,118.074,2.25,100.0,80.6
1970,-4109.24,229.4022,2.15,97.4,80.6
1971,-4165.01,71.2514,2.1,99.2,80.7
1972,-4144.55,34.1635,2.23,100.0,80.7
1973,-4144.16,20.1853,2.13,99.7,80.7
1974,-4149.71,14.541,2.1,100.0,80.7
1975,-4152.08,99.6447,2.24,100.0,80.6
1976,-4140.58,31.7585,2.18,100.0,80.4
1977,-4148.5,39.2832,2.08,100.0,80.4
1978,-4142.21,32.8344,2.23,100.0,80.5
1979,-4108.32,40.9774,2.22,100.0,80.4
1980,-4137.94,20.7854,2.07,99.9,80.4
1981,-4133.15,53.9855,2.41,100.0,80.7
1982,-4157.14,80.5992,2.15,97.0,81.0
1983,-4132.07,216.4842,2.22,100.0,81.0
1984,-4140.22,62.3773,2.21,100.0,81.1
1985,-4153.12,93.6288,2.16,100.0,81.2
1986,-4157.79,96.3554,2.08,100.0,81.1
1987,-4128.42,21.6175,2.13,100.0,81.2
1988,-4152.66,36.1971,2.22,99.5,81.4
1989,-4118.03,81.9699,2.06,99.8,81.5
1990,-4137.86,38.1429,2.25,100.0,81.5
1991,-4162.45,82.4932,2.17,100.0,81.5
1992,-4149.71,17.5243,2.09,99.2,81.7
1993,-4127.05,60.848,2.22,100.0,81.6
1994,-4161.79,116.7439,2.21,100.0,81.7
1995,-4141.65,47.801,2.14,99.3,81.8
1996,-4126.8,65.4582,2.1,100.0,81.8
1997,-4171.05,76.4709,2.23,100.0,81.8
1998,-4121.86,34.8211,2.1,100.0,81.9
1999,-4136.43,75.4231,2.11,100.0,81.9
2000,-4101.28,44.2114,2.2,100.0,81.9
2001,-4121.72,102.9635,2.23,100.0,82.0
2002,-4144.8,44.4179,2.07,100.0,82.1
2003,-4133.92,37.0308,2.32,100.0,82.0
2004,-4143.34,47.8683,2.17,99.7,82.2
2005,-4152.77,45.4804,2.21,100.0,82.8
2006,-4142.42,80.1587,2.18,100.0,83.0
2007,-4125.42,38.9921,2.2,100.0,83.0
2008,-4158.95,154.058,2.12,100.0,82.9
2009,-4114.83,31.8989,2.21,100.0,82.9
2010,-4134.16,15.54,2.22,100.0,83.0
2011,-4167.03,66.8997,2.1,100.0,83.0
2012,-4118.89,69.1066,2.15,100.0,83.1
2013,-4141.15,97.1268,2.37,99.4,83.2
2014,-4133.92,32.4684,2.1,98.8,82.4
2015,-4131.89,52.2246,2.18,100.0,82.5
2016,-4133.92,15.9908,2.13,100.0,82.5
2017,-4145.63,94.4618,2.28,100.0,82.2
2018,-4140.11,54.1185,2.12,100.0,81.7
2019,-4129.44,64.4891,2.3,100.0,80.8
2020,-4150.46,24.3727,2.12,99.9,80.5
2021,-4131.99,28.7514,2.02,99.9,80.5
2022,-4128.42,19.5645,2.2,100.0,80.8
2023,-4140.11,26.0108,2.11,100.0,80.9
2024,-4153.12,17.7494,2.1,100.0,80.9
2025,-4110.05,246.3216,2.18,99.7,80.8
2026,-4124.4,33.1083,2.18,100.0,80.8
2027,-4133.15,32.7808,2.18,100.0,80.9
2028,-4141.43,28.8641,2.06,99.0,81.0
2029,-4145.63,53.438,2.39,100.0,81.0
2030,-4151.62,80.0618,2.13,99.8,81.1
2031,-4116.44,42.973,2.12,99.7,81.1
2032,-4131.8,134.3062,2.2,100.0,81.2
2033,-4137.94,19.9941,2.15,100.0,81.4
2034,-4162.56,26.4537,2.13,100.0,80.9
2035,-4152.32,25.6986,2.13,99.6,81.0
2036,-4156.46,61.4588,2.28,100.0,81.0
2037,-4145.63,41.065,2.15,99.9,81.3
2038,-4121.82,55.7628,2.16,100.0,81.2
2039,-4116.74,60.414,2.21,100.0,81.3
2040,-4154.93,31.6744,2.13,100.0,81.3
2041,-4156.01,52.0918,2.09,100.0,81.4
2042,-4133.92,180.4741,2.34,100.0,81.4
2043,-4161.52,44.6227,2.1,99.9,81.7
2044,-4111.6,74.1817,2.18,100.0,81.8
2045,-4137.94,38.3016,2.17,100.0,81.8
2046,-4118.04,33.0054,2.21,100.0,81.8
2047,-4157.23,33.9694,2.1,100.0,81.8
2048,-4130.76,32.5431,2.13,100.0,81.9
2049,-4145.63,74.4434,2.26,100.0,81.8
2050,-4150.46,25.7203,2.1,100.0,82.0
2051,-4135.84,49.7417,2.13,100.0,82.0
2052,-4150.46,19.6518,2.19,100.0,82.0
2053,-4133.92,29.9574,2.11,100.0,82.1
2054,-4124.4,18.4088,2.21,100.0,82.2
2055,-4116.44,61.4703,2.18,100.0,82.4
2056,-4124.4,16.6998,2.13,100.0,82.2
2057,-4105.04,118.1096,2.2,100.0,82.3
2058,-4173.53,54.1647,2.16,100.0,82.4
2059,-4167.03,24.8136,2.14,100.0,82.5
2060,-4103.2,223.1961,2.21,100.0,82.5
2061,-4138.19,60.8836,2.14,100.0,82.5
2062,-4124.4,33.1754,2.09,100.0,82.6
2063,-4131.26,109.9475,2.24,100.0,82.7
2064,-4146.02,12.1389,2.15,100.0,82.6
2065,-4133.92,4.3763,2.12,100.0,82.4
2066,-4126.78,16.6193,2.13,100.0,82.5
2067,-4136.28,31.8782,2.41,99.1,82.5
2068,-4109.48,29.4163,2.14,97.8,82.5
2069,-4123.74,49.9843,2.1,100.0,82.5
2070,-4133.92,44.1993,2.18,100.0,82.6
2071,-4124.34,28.8021,2.16,100.0,82.7
2072,-4161.23,87.682,2.09,100.0,82.8
2073,-4144.8,20.515,2.09,100.0,82.8
2074,-4103.39,83.372,2.16,100.0,82.8
2075,-4105.04,37.4996,2.1,100.0,83.0
2076,-4133.92,84.6768,2.08,100.0,82.8
2077,-4129.44,21.6176,2.1,97.7,82.7
2078,-4146.02,8.4693,2.24,100.0,82.8
2079,-4129.44,9.3469,2.12,97.7,82.9
2080,-4121.72,42.4112,2.2,100.0,83.0
2081,-4108.4,93.3986,2.19,100.0,83.0
2082,-4145.63,73.526,2.17,100.0,83.0
2083,-4153.72,38.7231,2.1,100.0,82.4
2084,-4118.24,27.5291,2.23,99.4,82.4
2085,-4124.4,16.5879,2.17,99.7,82.5
2086,-4107.87,130.2717,2.09,99.5,82.6
2087,-4137.94,9.2127,2.16,100.0,82.7
2088,-4156.01,33.0555,2.21,100.0,82.6
2089,-4127.55,98.753,2.11,99.3,82.8
2090,-4099.35,72.4517,2.23,100.0,82.4
2091,-4129.46,112.3823,2.1,100.0,82.4
2092,-4123.36,149.937,2.2,100.0,82.5
2093,-4137.63,65.9925,2.09,100.0,82.6
2094,-4127.38,45.8131,2.12,100.0,82.6
2095,-4117.64,46.3867,2.23,100.0,82.7
2096,-4130.5,102.3717,2.19,100.0,82.9
2097,-4123.74,18.052,2.1,100.0,83.0
2098,-4140.22,6.5335,2.19,100.0,83.1
2099,-4173.77,63.6747,2.11,100.0,82.9
2100,-4125.63,93.3247,2.2,100.0,82.9
2101,-4120.84,54.2494,2.15,100.0,83.1
2102,-4107.87,32.2465,2.18,100.0,83.2
2103,-4116.28,37.713,2.19,100.0,83.0
2104,-4137.63,59.0422,2.12,100.0,83.1
2105,-4133.92,21.4479,2.13,100.0,83.2
2106,-4165.25,54.2753,2.21,100.0,83.4
2107,-4130.85,25.7685,2.12,100.0,83.2
2108,-4120.84,84.0555,2.19,100.0,83.2
2109,-4116.83,35.942,2.16,100.0,83.2
2110,-4115.54,32.9618,2.18,100.0,83.3
2111,-4146.02,25.8416,2.08,100.0,83.4
2112,-4134.62,65.5145,2.2,100.0,83.3
2113,-4157.23,10.6866,2.23,100.0,83.6
2114,-4133.92,14.9628,2.12,100.0,83.7
2115,-4123.36,45.1099,2.17,100.0,83.8
2116,-4133.92,6.2268,2.24,100.0,83.7
2117,-4161.23,44.7504,2.1,100.0,83.8
2118,-4140.29,9.3092,2.13,100.0,83.9
2119,-4123.74,20.0252,2.1,100.0,83.3
2120,-4145.63,114.2356,2.3,100.0,83.0
2121,-4124.4,25.683,2.06,99.3,83.2
2122,-4133.92,8.8391,2.31,100.0,83.1
2123,-4162.45,80.7497,2.13,100.0,83.3
2124,-4133.92,6.3375,2.19,100.0,82.7
2125,-4124.4,12.3416,2.09,100.0,82.9
2126,-4123.74,25.7345,2.16,100.0,82.8
2127,-4111.4,36.5034,2.24,99.4,83.1
2128,-4150.46,33.6643,2.11,99.0,83.3
2129,-4133.92,35.6155,2.23,100.0,83.2
2130,-4107.87,64.7147,2.22,100.0,83.3
2131,-4129.44,82.8328,2.06,100.0,83.4
2132,-4133.92,39.7331,2.27,100.0,83.4
2133,-4133.92,14.3323,2.14,100.0,83.4
2134,-4133.92,7.7074,2.16,100.0,83.3
2135,-4125.56,22.6155,2.06,100.0,83.4
2136,-4126.54,8.2357,2.29,100.0,83.4
2137,-4121.38,15.1881,2.15,100.0,83.6
2138,-4112.01,18.9622,2.08,99.7,83.6
2139,-4150.4,66.7589,2.25,100.0,83.7
2140,-4148.41,62.0561,2.16,100.0,83.8
2141,-4315.92,2317.2469,2.07,100.0,83.8
2142,-4146.8,112.3338,2.16,100.0,84.0
2143,-4136.22,83.7706,2.16,100.0,83.9
2144,-4159.29,55.9106,2.11,100.0,83.8
2145,-4130.42,29.7815,2.09,100.0,83.9
2146,-4123.19,42.5067,2.13,100.0,84.0
2147,-4122.96,36.8367,2.1,100.0,83.9
2148,-4156.01,76.9034,2.13,100.0,84.0
2149,-4155.22,33.3678,2.12,100.0,84.0
2150,-4155.42,29.4605,2.1,100.0,84.0
2151,-4128.89,42.3355,2.17,100.0,84.1
2152,-4143.42,81.483,2.13,100.0,83.5
2153,-4149.86,27.9968,2.35,100.0,83.7
2154,-4114.17,59.4491,2.13,100.0,83.8
2155,-4124.06,30.3975,2.21,99.9,83.8
2156,-4117.84,29.6208,2.25,100.0,83.8
2157,-4113.53,23.4635,2.13,100.0,83.9
2158,-4105.12,22.1125,2.18,100.0,83.9
2159,-4130.14,32.3062,2.06,98.7,84.0
2160,-4133.92,33.7008,2.31,100.0,84.0
2161,-4140.29,25.7,2.11,99.7,84.1
2162,-4144.8,16.5544,2.15,100.0,84.1
2163,-4140.01,49.103,2.18,100.0,84.1
2164,-4128.36,25.4406,2.15,100.0,84.2
2165,-4133.01,36.1661,2.14,100.0,84.1
2166,-4139.93,34.9297,2.02,100.0,84.1
2167,-4146.02,11.7723,2.32,99.6,84.1
2168,-4107.87,62.9462,2.09,100.0,84.2
2169,-4129.44,23.1699,2.12,100.0,84.3
2170,-4133.92,14.7353,2.18,100.0,84.2
2171,-4133.92,8.8271,2.21,100.0,84.3
2172,-4133.92,5.3562,2.12,100.0,84.4
2173,-4129.44,6.035,2.15,100.0,84.7
2174,-4133.92,1.8654,2.27,100.0,84.7
2175,-4150.46,33.8363,2.12,100.0,84.5
2176,-4133.92,16.6656,2.13,100.0,84.6
2177,-4133.92,6.2079,2.16,100.0,84.7
2178,-4154.93,28.5404,2.18,100.0,84.8
2179,-4119.27,76.2452,2.11,100.0,84.7
2180,-4129.44,13.5881,2.19,100.0,84.7
2181,-4118.58,19.7137,2.09,100.0,84.7
2182,-4119.93,46.7109,2.05,100.0,84.4
2183,-4154.93,37.7683,2.14,87.7,85.1
2184,-4128.76,77.5453,2.31,100.0,86.1
2185,-4128.54,47.8069,2.48,100.0,84.4
2186,-4113.57,12.0126,2.18,96.6,84.6
2187,-4109.75,46.8613,2.48,100.0,84.8
2188,-4147.95,52.886,2.36,100.0,84.6
2189,-4112.35,68.8545,2.14,96.4,84.7
2190,-4136.72,13.047,2.36,100.0,84.7
2191,-4113.19,23.4003,2.23,100.0,84.9
2192,-4123.72,22.6903,2.09,99.5,84.9
2193,-4119.42,24.9074,2.21,100.0,84.9
2194,-4100.75,26.4909,2.16,100.0,85.0
2195,-4150.94,140.4825,2.18,100.0,85.0
2196,-4131.18,27.9718,2.09,100.0,85.1
2197,-4140.22,36.8947,2.22,100.0,85.2
2198,-4113.28,51.9697,2.2,100.0,85.2
2199,-4115.38,19.5582,2.11,99.4,85.5
2200,-4132.94,44.2303,2.03,100.0,85.5
2201,-4133.92,24.8031,2.22,100.0,85.7
2202,-4124.99,39.7596,2.14,99.6,85.8
2203,-4136.96,29.7429,2.11,100.0,85.5
2204,-4109.38,19.9598,2.13,100.0,85.6
2205,-4124.88,26.352,2.3,100.0,85.3
2206,-4160.58,58.6223,2.07,98.7,85.3
2207,-4143.33,67.8529,2.31,100.0,85.5
2208,-4101.87,247.0945,2.13,100.0,85.6
2209,-4116.28,26.4934,2.14,100.0,85.4
2210,-4123.74,54.1076,2.13,100.0,85.3
2211,-4108.38,8.1739,2.21,100.0,85.4
2212,-4161.17,86.3943,2.23,99.0,85.4
2213,-4119.82,78.8469,2.08,98.5,85.4
2214,-4144.8,14.8936,2.29,100.0,85.5
2215,-4148.82,7.1899,2.16,100.0,85.4
2216,-4274.83,1933.0705,2.14,100.0,85.4
2217,-4135.69,112.2528,2.2,100.0,85.4
2218,-4128.93,72.4714,2.23,100.0,85.4
2219,-4283.23,2236.724,2.08,98.6,85.4
2220,-4175.68,67.5624,2.2,100.0,85.5
2221,-4126.8,138.2929,2.11,100.0,85.5
2222,-4169.76,114.5378,2.19,100.0,85.6
2223,-4119.27,31.0018,2.11,100.0,85.2
2224,-4107.76,36.0284,2.25,100.0,85.3
2225,-4123.74,26.1213,2.16,99.6,85.3
2226,-4137.66,11.9459,2.11,100.0,85.6
2227,-4138.64,11.303,2.15,100.0,85.6
2228,-4106.77,54.9736,2.18,100.0,85.6
2229,-4128.93,21.5422,2.14,98.9,85.9
2230,-4122.89,21.4046,2.1,100.0,85.8
2231,-4104.36,12.9286,2.28,100.0,86.0
2232,-4134.37,132.5571,2.2,99.7,86.2
2233,-4140.22,36.2421,2.12,99.5,85.5
2234,-4140.22,43.9537,2.2,100.0,85.6
2235,-4148.44,54.518,2.2,100.0,85.7
2236,-4123.44,19.5469,2.05,99.8,85.8
2237,-4132.92,38.4822,2.23,100.0,85.8
2238,-4121.79,27.9467,2.16,100.0,85.7
2239,-4135.03,18.1563,2.16,100.0,85.8
2240,-4121.75,24.1921,2.14,100.0,85.8
2241,-4134.6,95.3238,2.13,100.0,85.2
2242,-4129.44,32.507,2.16,100.0,85.2
2243,-4132.7,24.1902,2.11,100.0,85.4
2244,-4107.87,18.2681,2.13,100.0,85.4
2245,-4140.14,85.4689,2.18,100.0,85.5
2246,-4123.74,16.1762,2.13,100.0,85.6
2247,-4132.7,9.7381,2.19,100.0,85.6
2248,-4140.67,36.0372,2.09,100.0,85.7
2249,-4128.23,10.758,2.13,100.0,85.9
2250,-4123.72,16.0159,2.14,100.0,85.8
2251,-4133.92,9.8438,2.11,100.0,85.1
2252,-4118.58,29.22,2.12,100.0,85.2
2253,-4118.58,18.7031,2.27,100.0,85.3
2254,-4106.1,8.31,2.17,100.0,85.3
2255,-4127.76,34.8902,2.13,100.0,85.4
2256,-4119.7,23.8588,2.19,100.0,85.3
2257,-4107.87,20.3196,2.2,100.0,85.4
2258,-4125.67,78.8132,2.11,99.1,85.3
2259,-4126.54,32.3867,2.26,100.0,85.4
2260,-4110.02,57.4332,2.06,100.0,85.4
2261,-4130.04,9.6878,2.18,100.0,85.4
2262,-4119.7,6.5614,2.04,100.0,85.5
2263,-4110.07,33.9091,2.3,100.0,85.6
2264,-4134.39,39.4534,2.18,99.9,85.7
2265,-4140.67,27.7413,2.19,100.0,86.6
2266,-4266.7,1776.5933,2.24,100.0,86.7
2267,-4264.65,1328.5467,2.17,100.0,86.6
2268,-4305.84,1541.048,2.17,100.0,86.3
2269,-4155.09,1723.6402,2.18,100.0,86.4
2270,-4324.32,754.3792,2.18,100.0,86.5
2271,-4191.47,767.6912,2.23,100.0,86.5
2272,-4145.99,450.7887,2.05,99.0,86.3
2273,-4135.82,194.5586,2.29,100.0,86.4
2274,-4114.63,147.4504,2.11,99.9,86.1
2275,-4143.33,87.1111,2.14,100.0,86.0
2276,-4125.72,46.4018,2.14,100.0,86.0
2277,-4117.67,28.2389,2.2,100.0,86.3
2278,-4118.37,25.3331,2.11,100.0,86.3
2279,-4129.41,45.0809,2.09,100.0,86.3
2280,-4146.02,29.1407,2.26,100.0,86.1
2281,-4132.7,54.3373,2.14,98.6,85.9
2282,-4119.32,27.6867,2.17,100.0,85.9
2283,-4104.4,17.238,2.21,100.0,86.0
2284,-4107.19,6.1196,2.14,100.0,86.0
2285,-4135.63,48.9229,2.17,100.0,86.0
2286,-4123.83,21.9504,2.13,100.0,86.0
2287,-4118.52,15.534,2.16,100.0,85.8
2288,-4150.03,80.7584,2.08,100.0,85.9
2289,-4130.04,22.9655,2.11,100.0,85.8
2290,-4112.23,31.1935,2.28,100.0,85.7
2291,-4140.14,97.0854,2.08,97.7,86.1
2292,-4126.52,35.1603,2.24,100.0,86.1
2293,-4110.67,49.574,2.16,100.0,86.1
2294,-4135.06,26.7353,2.17,100.0,86.2
2295,-4118.04,26.0601,2.17,100.0,86.3
2296,-4146.02,69.5384,2.14,100.0,86.3
2297,-4112.63,17.5776,2.24,100.0,86.4
2298,-4116.83,17.3472,2.09,99.0,86.6
2299,-4137.94,22.1733,2.29,100.0,86.7
2300,-4123.74,43.0725,2.12,100.0,86.6
2301,-4131.26,19.0501,2.14,100.0,86.7
2302,-4154.93,72.3686,2.17,100.0,86.8
2303,-4133.92,12.017,2.17,100.0,86.8
2304,-4129.44,8.5889,2.13,100.0,86.4
2305,-4123.74,4.935,2.07,100.0,86.6
2306,-4147.54,28.0841,2.25,100.0,86.5
2307,-4116.83,39.3711,2.16,100.0,86.2
2308,-4124.4,54.4866,2.09,100.0,86.3
2309,-4131.78,10.5551,2.21,100.0,86.4
2310,-4112.35,14.7775,2.1,100.0,86.3
2311,-4115.92,16.2344,2.18,100.0,86.4
2312,-4145.8,75.0667,2.09,100.0,86.1
2313,-4143.85,60.5891,2.31,100.0,86.0
2314,-4142.42,21.2722,2.09,99.4,86.3
2315,-4146.51,99.5748,2.15,100.0,86.5
2316,-4152.76,16.7893,2.2,100.0,86.5
2317,-4175.77,77.5711,2.14,100.0,86.5
2318,-4180.42,49.6361,2.12,100.0,86.6
2319,-4173.46,98.286,2.08,100.0,86.7
2320,-4152.51,44.9111,2.26,100.0,86.6
2321,-4162.81,42.8251,2.15,100.0,86.7
2322,-4115.92,33.8975,2.08,100.0,86.7
2323,-4133.92,53.231,2.29,100.0,86.8
2324,-4147.73,76.0479,2.11,100.0,86.8
2325,-4136.16,83.0931,2.17,100.0,86.8
2326,-4118.04,33.0872,2.1,100.0,87.0
2327,-4150.82,98.758,2.36,99.7,86.7
2328,-4133.92,24.7301,2.12,99.6,86.5
2329,-4101.96,85.8842,2.2,100.0,86.5
2330,-4116.83,13.8074,2.17,100.0,86.5
2331,-4119.74,31.826,2.21,100.0,86.7
2332,-4157.79,40.0958,2.08,100.0,86.7
2333,-4143.47,48.9783,2.24,100.0,86.8
2334,-4133.92,42.6496,2.22,100.0,86.8
2335,-4152.21,50.978,2.06,99.9,87.0
2336,-4132.13,86.9738,2.28,100.0,87.1
2337,-4098.81,87.4765,2.13,100.0,87.0
2338,-4120.56,45.8701,2.14,100.0,87.0
2339,-4125.48,21.5658,2.35,100.0,87.2
2340,-4167.62,87.2668,2.12,99.8,86.7
2341,-4279.55,1265.4723,2.18,100.0,86.7
2342,-4139.81,480.9784,2.12,100.0,86.9
2343,-4299.25,1158.7102,2.2,100.0,87.0
2344,-4170.09,632.3656,2.15,100.0,87.1
2345,-4324.3,1204.197,2.08,100.0,87.3
2346,-4160.52,729.3177,2.36,100.0,87.3
2347,-4311.77,671.922,2.12,100.0,87.1
2348,-4365.69,991.3923,2.16,100.0,87.2
2349,-4411.31,1618.9087,2.25,100.0,87.3
2350,-4379.72,1292.9075,2.16,99.9,87.3
2351,-4403.83,1234.6518,2.1,100.0,87.3
2352,-4445.23,1077.0095,2.13,100.0,87.3
2353,-4472.95,2053.8008,2.15,100.0,87.4
2354,-4427.73,1758.6418,2.13,100.0,87.4
2355,-4357.76,1264.7199,2.14,100.0,87.4
2356,-4411.38,927.0742,2.18,100.0,87.6
2357,-4328.01,863.9096,2.11,100.0,87.6
2358,-4373.36,1369.655,2.17,100.0,87.7
2359,-4386.29,757.9639,2.07,100.0,87.9
2360,-4373.32,737.0382,2.27,100.0,88.0
2361,-4537.08,13033.6033,2.1,98.5,88.1
2362,-4431.65,757.5477,2.2,100.0,88.2
2363,-4384.9,556.4402,2.2,100.0,88.2
2364,-4370.73,339.2239,2.14,100.0,88.0
2365,-4184.3,1825.4807,2.11,100.0,88.1
2366,-4379.34,1480.0107,2.25,100.0,88.2
2367,-4327.15,494.6302,2.12,100.0,88.2
2368,-4353.74,690.174,2.14,100.0,88.2
2369,-4444.5,740.1495,2.09,100.0,88.4
2370,-4344.08,272.1921,2.3,100.0,88.4
2371,-4205.19,1885.1821,2.13,99.3,87.4
2372,-4365.07,1391.64,2.12,100.0,87.5
2373,-4286.54,470.3174,2.17,100.0,87.5
2374,-4280.1,194.2538,2.24,100.0,87.6
2375,-4321.35,196.8243,2.09,98.6,87.8
2376,-4137.99,2657.9825,2.23,100.0,87.9
2377,-4328.84,585.3874,2.17,100.0,87.9
2378,-4369.27,841.5504,2.14,100.0,88.0
2379,-4327.32,170.8529,2.17,100.0,88.0
2380,-4298.39,252.3374,2.14,100.0,88.1
2381,-4360.97,734.5506,2.28,100.0,88.0
2382,-4293.09,184.7289,2.1,100.0,87.5
2383,-4344.9,506.0976,2.23,100.0,87.5
2384,-4390.97,1124.3311,2.2,100.0,87.7
2385,-4276.33,690.8859,2.09,98.1,88.0
2386,-4368.49,594.1985,2.25,100.0,88.0
2387,-4271.35,177.4749,2.12,100.0,87.9
2388,-4258.67,245.7695,2.18,100.0,87.9
2389,-4370.32,549.6885,2.16,100.0,87.9
2390,-4319.16,333.2358,2.2,100.0,88.0
2391,-4137.38,2717.8074,2.11,100.0,88.2
2392,-4318.43,466.7512,2.15,100.0,88.2
2393,-4224.29,3225.0927,2.18,100.0,88.3
2394,-4393.26,1707.7025,2.14,100.0,88.3
2395,-4348.39,430.9002,2.18,100.0,88.3
2396,-4157.73,3002.6649,2.12,100.0,88.3
2397,-4345.85,404.3174,2.2,100.0,88.4
2398,-4135.18,2153.664,2.12,100.0,88.4
2399,-4097.24,1881.3052,2.12,100.0,88.1
2400,-4260.83,1296.1682,2.29,100.0,88.1
2401,-4117.54,1455.5114,2.12,100.0,88.4
2402,-4357.03,2763.1047,2.16,100.0,88.3
2403,-4251.74,325.5897,2.26,100.0,88.2
2404,-4318.43,635.0763,2.12,99.4,87.5
2405,-4360.92,592.8847,2.14,100.0,87.6
2406,-4259.09,724.8441,2.18,100.0,87.6
2407,-4439.6,1919.968,2.15,100.0,87.5
2408,-4111.48,3773.0104,2.14,100.0,87.5
2409,-4308.18,344.4967,2.17,100.0,87.6
2410,-4342.04,470.1701,2.19,100.0,87.7
2411,-4151.25,2348.6292,2.11,100.0,87.8
2412,-4136.57,1968.6924,2.15,100.0,87.7
2413,-4333.17,1480.7614,2.13,100.0,87.9
2414,-4279.1,555.8724,2.22,100.0,87.9
2415,-4368.96,1234.6023,2.1,100.0,88.1
2416,-4260.28,329.1645,2.16,100.0,88.1
2417,-4265.39,291.5853,2.22,100.0,88.1
2418,-4326.19,415.1111,2.12,100.0,88.2
2419,-4120.93,2158.6913,2.2,100.0,88.1
2420,-4263.81,93.7101,2.15,100.0,88.2
2421,-4157.92,1635.1624,2.15,100.0,88.3
2422,-4122.33,1487.2168,2.21,100.0,88.2
2423,-4132.23,895.924,2.09,100.0,88.4
2424,-4142.74,731.8729,2.22,100.0,88.3
2425,-4123.97,485.7396,2.09,99.6,88.3
2426,-4117.05,354.6513,2.21,100.0,88.3
2427,-4115.3,242.5827,2.16,100.0,88.4
2428,-4120.45,168.1902,2.13,100.0,88.5
2429,-4116.46,116.8668,2.27,100.0,88.5
2430,-4356.61,3963.7696,2.12,99.5,88.7
2431,-4140.46,96.7632,2.11,100.0,89.1
2432,-4146.99,50.5135,2.32,100.0,88.8
2433,-4126.26,42.6613,2.14,94.9,88.8
2434,-4127.48,32.9411,2.13,100.0,89.1
2435,-4136.75,26.453,2.18,100.0,89.1
2436,-4115.76,31.7238,2.16,100.0,89.1
2437,-4153.72,254.7583,2.09,100.0,89.2
2438,-4133.8,22.3628,2.21,100.0,89.2
2439,-4112.88,67.6455,2.11,100.0,89.2
2440,-4141.89,74.9048,2.12,100.0,89.3
2441,-4142.04,28.506,2.15,100.0,89.3
2442,-4136.98,18.972,2.18,100.0,89.3
2443,-4145.21,27.4674,2.14,100.0,89.4
2444,-4116.83,48.3192,2.09,100.0,89.5
2445,-4266.94,2169.4863,2.21,100.0,89.5
2446,-4127.99,39.9558,2.21,100.0,89.6
2447,-4131.97,20.374,2.1,100.0,89.5
2448,-4126.8,18.2309,2.19,100.0,89.6
2449,-4120.92,51.9795,2.15,99.8,89.4
2450,-4111.56,8.7819,2.13,100.0,89.4
2451,-4142.04,17.6147,2.26,100.0,89.5
2452,-4124.25,59.3123,2.12,100.0,89.5
2453,-4119.29,23.4153,2.19,100.0,89.6
2454,-4120.4,51.1294,2.1,100.0,89.5
2455,-4107.32,29.092,2.25,100.0,89.5
2456,-4144.8,59.081,2.21,100.0,89.7
2457,-4102.17,49.4644,2.09,99.0,89.8
2458,-4144.8,35.0422,2.24,100.0,89.7
2459,-4103.82,66.3574,2.18,100.0,89.6
2460,-4127.32,21.8913,2.1,98.8,88.7
2461,-4128.93,5.9537,2.15,100.0,88.8
2462,-4111.73,28.4224,2.24,100.0,88.8
2463,-4131.33,46.1958,2.11,100.0,88.9
2464,-4111.88,19.7278,2.07,100.0,88.8
2465,-4142.14,36.1271,2.28,100.0,88.9
2466,-4141.49,28.5624,2.11,100.0,88.8
2467,-4121.9,28.186,2.17,100.0,88.9
2468,-4130.51,51.182,2.1,100.0,88.8
2469,-4136.98,30.1129,2.12,100.0,88.6
2470,-4135.63,32.443,2.11,100.0,88.8
2471,-4128.93,8.4808,2.2,100.0,88.9
2472,-4122.77,14.1483,2.17,100.0,88.9
2473,-4116.83,17.9272,2.1,100.0,88.5
2474,-4118.75,8.5432,2.12,100.0,88.6
2475,-4103.82,11.7037,2.25,100.0,88.5
2476,-4134.62,56.3638,2.09,99.1,88.3
2477,-4116.83,25.2373,2.17,100.0,88.1
2478,-4133.01,18.5872,2.12,100.0,88.1
2479,-4118.04,15.4945,2.21,100.0,88.1
2480,-4111.01,26.8212,2.14,100.0,88.1
2481,-4123.16,12.6371,2.11,100.0,88.3
2482,-4137.36,17.1484,2.25,100.0,88.2
2483,-4129.74,15.8144,2.1,99.5,88.2
2484,-4142.14,14.9969,2.19,100.0,88.2
2485,-4105.37,95.0519,2.12,100.0,88.2
2486,-4144.8,26.8318,2.18,100.0,88.4
2487,-4152.22,27.9123,2.08,99.6,87.6
2488,-4127.99,42.8457,2.31,100.0,87.6
2489,-4139.71,20.1631,2.12,100.0,87.7
2490,-4115.89,15.7342,2.1,100.0,87.9
2491,-4101.96,9.1062,2.13,100.0,87.8
2492,-4106.1,11.2306,2.12,100.0,87.8
2493,-4108.78,23.0995,2.2,100.0,87.8
2494,-4132.7,58.1834,2.17,100.0,87.9
2495,-4125.3,31.8881,2.15,100.0,87.9
2496,-4128.12,25.6968,2.33,100.0,87.4
2497,-4110.23,13.1736,2.03,89.1,87.7
2498,-4118.75,8.0902,2.14,99.6,87.9
2499,-4101.1,12.2208,2.2,100.0,87.8
2500,-4134.62,68.4295,2.15,100.0,87.9
2501,-4123.44,12.7674,2.14,100.0,87.9
2502,-4115.86,18.9431,2.16,100.0,87.9
2503,-4106.65,16.5764,2.2,100.0,88.0
2504,-4133.01,65.3339,2.1,100.0,88.1
2505,-4137.94,46.5716,2.19,100.0,88.1
2506,-4132.7,38.2956,2.13,100.0,88.1
2507,-4119.29,30.9138,2.13,100.0,87.9
2508,-4123.54,62.6552,2.24,100.0,87.8
2509,-4118.04,21.7306,2.1,100.0,87.9
2510,-4104.01,37.3672,2.25,100.0,88.0
2511,-4119.29,29.1123,2.18,100.0,88.1
2512,-4118.04,28.7989,2.15,100.0,88.0
2513,-4107.32,32.239,2.13,100.0,88.0
2514,-4122.53,16.9671,2.15,100.0,88.1
2515,-4133.92,18.2199,2.22,100.0,87.5
2516,-4106.65,107.7173,2.08,100.0,87.7
2517,-4137.86,30.7459,2.23,100.0,87.8
2518,-4105.02,62.6924,2.31,100.0,87.9
2519,-4126.26,69.8946,2.11,92.5,88.3
2520,-4139.86,29.1167,2.24,99.9,88.3
2521,-4121.06,94.4652,2.19,100.0,88.3
2522,-4123.9,22.167,2.14,98.7,88.4
2523,-4124.14,13.9163,2.13,100.0,88.4
2524,-4108.98,22.3364,2.2,100.0,88.5
2525,-4115.92,7.4896,2.31,100.0,89.6
2526,-4113.28,5.3944,2.12,100.0,89.5
2527,-4112.9,34.7187,2.17,100.0,89.6
2528,-4115.92,4.6191,2.2,100.0,89.7
2529,-4131.8,16.8576,2.11,100.0,89.2
2530,-4270.95,1731.5177,2.06,100.0,89.2
2531,-4120.9,255.2621,2.21,100.0,88.3
2532,-4141.49,142.711,2.37,100.0,87.6
2533,-4115.37,54.1377,2.13,99.6,87.7
2534,-4098.24,46.2184,2.37,100.0,87.7
2535,-4117.8,59.1673,2.15,100.0,88.0
2536,-4127.22,41.4713,2.09,100.0,87.8
2537,-4130.28,34.4707,2.25,100.0,87.8
2538,-4104.36,22.0518,2.18,100.0,87.9
2539,-4112.85,38.5874,2.15,100.0,87.4
2540,-4126.28,24.2309,2.23,100.0,87.4
2541,-4124.34,26.659,2.12,100.0,87.9
2542,-4105.22,18.4883,2.18,100.0,87.9
2543,-4106.65,13.1935,2.11,100.0,87.6
2544,-4097.97,13.6165,2.23,100.0,87.7
2545,-4104.36,2.9832,2.38,100.0,87.6
2546,-4106.65,1.9257,2.08,99.9,87.5
2547,-4120.92,23.0963,2.3,100.0,87.7
2548,-4167.03,61.8339,2.15,99.5,87.4
2549,-4102.5,322.5858,2.18,100.0,87.5
2550,-4118.58,102.8048,2.1,100.0,87.6
2551,-4107.19,41.7374,2.2,100.0,87.7
2552,-4132.7,173.2469,2.18,100.0,87.6
2553,-4117.5,42.2107,2.12,100.0,87.6
2554,-4096.08,128.727,2.16,100.0,87.8
2555,-4120.92,16.232,2.21,99.8,87.9
2556,-4082.94,47.0321,2.12,97.7,87.8
2557,-4136.24,122.0793,2.2,100.0,87.8
2558,-4111.69,16.023,2.39,100.0,87.9
2559,-4144.8,65.3083,2.12,91.8,88.1
2560,-4127.32,33.6711,2.22,100.0,88.2
2561,-4114.64,31.8965,2.2,100.0,88.1
2562,-4266.39,2289.4993,2.1,100.0,87.7
2563,-4126.8,11.8698,2.09,100.0,87.8
2564,-4126.8,7.4479,2.19,100.0,87.9
2565,-4114.83,11.419,2.11,100.0,88.0
2566,-4124.84,10.1839,2.11,100.0,87.9
2567,-4100.49,43.4373,2.18,100.0,88.0
2568,-4122.77,38.5841,2.28,100.0,88.0
2569,-4110.4,11.7094,2.13,99.5,88.1
2570,-4114.63,7.6968,2.15,100.0,88.2
2571,-4116.11,4.6637,2.38,100.0,88.2
2572,-4115.92,1.6729,2.1,100.0,88.3
2573,-4115.92,1.0359,2.09,100.0,88.3
2574,-4101.28,14.8741,2.21,100.0,88.4
2575,-4136.72,95.235,2.19,100.0,88.3
2576,-4134.62,21.2311,2.06,99.3,88.5
2577,-4100.56,82.0045,2.25,100.0,88.6
2578,-4133.01,14.6502,2.13,100.0,88.8
2579,-4100.75,51.5559,2.17,100.0,88.7
2580,-4104.49,17.2455,2.16,100.0,88.8
2581,-4117.36,51.6951,2.16,100.0,88.9
2582,-4122.06,28.9341,2.2,100.0,89.1
2583,-4105.22,52.4942,2.17,100.0,89.3
2584,-4106.1,14.1506,2.35,100.0,89.3
2585,-4118.04,57.8965,2.26,100.0,89.1
2586,-4107.87,10.1506,2.04,91.6,89.4
2587,-4118.05,16.337,2.23,100.0,89.5
2588,-4133.92,16.3801,2.2,100.0,89.6
2589,-4102.17,66.1311,2.09,99.8,89.5
2590,-4104.01,42.9614,2.11,100.0,89.5
2591,-4096.27,34.8746,2.26,100.0,89.6
2592,-4120.92,18.1632,2.11,98.5,89.7
2593,-4141.51,27.4538,2.16,100.0,89.8
2594,-4133.92,8.2318,2.12,100.0,89.6
2595,-4097.97,100.5197,2.22,100.0,89.8
2596,-4106.65,32.921,2.15,100.0,89.9
2597,-4132.7,78.3064,2.12,100.0,89.9
2598,-4118.2,35.2908,2.34,100.0,90.0
2599,-4101.96,24.9971,2.09,97.1,90.0
2600,-4103.82,13.4336,2.16,100.0,90.1
2601,-4109.59,11.1619,2.18,100.0,90.0
2602,-4119.96,7.6085,2.2,100.0,90.0
2603,-4111.88,6.5599,2.1,100.0,90.4
2604,-4125.67,31.1431,2.27,100.0,90.6
2605,-4118.04,33.9694,2.1,100.0,90.5
2606,-4118.04,17.3317,2.1,100.0,90.3
2607,-4123.74,23.6431,2.13,100.0,90.4
2608,-4119.27,16.1668,2.29,100.0,90.4
2609,-4129.44,9.5726,2.1,100.0,90.4
2610,-4133.92,3.7619,2.35,100.0,90.4
2611,-4107.87,38.9439,2.18,100.0,90.5
2612,-4103.82,30.0667,2.15,99.6,90.9
2613,-4110.67,19.1403,2.07,99.9,90.3
2614,-4096.27,28.732,2.2,100.0,90.4
2615,-4118.04,33.1032,2.17,100.0,90.3
2616,-4130.11,25.7825,2.11,99.7,90.1
2617,-4108.4,39.5642,2.1,100.0,89.9
2618,-4106.94,47.118,2.31,100.0,90.1
2619,-4111.69,29.4043,2.12,98.7,90.1
2620,-4118.75,10.1663,2.16,100.0,89.8
2621,-4093.32,24.7718,2.17,100.0,89.7
2622,-4130.01,56.3852,2.36,100.0,89.6
2623,-4107.19,17.7007,2.16,100.0,89.6
2624,-4106.65,8.6534,2.1,100.0,89.6
2625,-4103.82,4.4986,2.32,100.0,89.7
2626,-4120.92,28.6633,2.11,97.6,90.1
2627,-4103.39,19.2082,2.16,100.0,90.4
2628,-4118.05,12.5072,2.11,100.0,90.3
2629,-4108.4,18.4429,2.2,100.0,90.4
2630,-4120.92,13.4175,2.11,99.0,90.1
2631,-4118.58,10.202,2.26,100.0,90.1
2632,-4100.67,19.8712,2.15,100.0,90.0
2633,-4104.77,15.8757,2.09,100.0,90.3
2634,-4114.76,24.3862,2.2,100.0,90.4
2635,-4106.1,27.1784,2.39,100.0,90.6
2636,-4119.29,20.6682,2.22,98.8,90.7
2637,-4105.98,18.0292,2.16,100.0,91.0
2638,-4098.91,10.7202,2.24,100.0,91.1
2639,-4117.67,16.3159,2.16,100.0,91.2
2640,-4097.43,31.3107,2.1,99.0,91.3
2641,-4117.36,21.9704,2.14,100.0,91.2
2642,-4103.28,13.0738,2.26,100.0,91.3
2643,-4118.75,16.1404,2.08,98.1,91.3
2644,-4104.36,8.2739,2.23,100.0,91.5
2645,-4119.7,26.5169,2.19,100.0,91.2
2646,-4100.75,9.3462,2.1,100.0,91.2
2647,-4108.4,4.0454,2.12,100.0,90.6
2648,-4107.19,2.5363,2.4,100.0,90.7
2649,-4102.4,3.137,2.15,99.5,90.7
2650,-4122.53,20.3871,2.13,100.0,90.8
2651,-4115.37,22.701,2.24,100.0,90.7
2652,-4099.84,32.9011,2.12,99.7,90.8
2653,-4100.75,8.2226,2.08,98.1,90.9
2654,-4108.4,11.3696,2.22,100.0,90.9
2655,-4111.69,15.7323,2.18,100.0,90.7
2656,-4354.66,6046.3372,2.08,99.2,90.8
2657,-4094.33,118.1199,2.19,100.0,90.9
2658,-4114.08,16.4903,2.22,100.0,91.1
2659,-4094.79,32.8218,2.13,99.0,90.9
2660,-4110.91,10.4256,2.18,100.0,90.9
2661,-4104.36,31.2832,2.17,100.0,90.9
2662,-4111.67,14.6268,2.4,100.0,90.9
2663,-4125.62,8.7228,2.1,99.2,90.8
2664,-4137.05,15.5748,2.19,100.0,91.0
2665,-4116.54,49.1223,2.24,100.0,91.0
2666,-4104.69,19.1279,2.09,96.8,90.9
2667,-4115.37,25.4454,2.23,100.0,91.0
2668,-4100.75,27.3313,2.14,100.0,91.0
2669,-4100.67,12.7905,2.12,100.0,91.1
2670,-4110.12,28.088,2.09,100.0,91.0
2671,-4107.19,11.313,2.22,100.0,91.1
2672,-4111.88,6.454,2.11,100.0,91.1
2673,-4107.87,3.0526,2.12,100.0,91.1
2674,-4096.24,21.2228,2.19,100.0,91.1
2675,-4097.43,5.0527,2.25,100.0,91.3
2676,-4105.58,6.3212,2.11,100.0,91.3
2677,-4107.21,12.6938,2.18,100.0,91.1
2678,-4077.62,45.328,2.18,100.0,90.7
2679,-4114.18,100.9206,2.16,100.0,90.7
2680,-4105.58,33.8786,2.06,100.0,90.9
2681,-4116.28,34.9726,2.35,100.0,90.8
2682,-4101.18,16.3136,2.15,98.2,90.0
2683,-4094.51,29.8127,2.07,100.0,90.1
2684,-4104.01,9.078,2.32,100.0,90.2
2685,-4103.28,6.3928,2.12,99.2,90.1
2686,-4100.67,2.6325,2.15,100.0,90.1
2687,-4106.65,5.2245,2.2,100.0,90.3
2688,-4090.04,67.1701,2.29,100.0,90.3
2689,-4106.56,10.1153,2.13,100.0,90.2
2690,-4093.04,15.488,2.12,100.0,90.3
2691,-4132.7,132.5467,2.28,100.0,90.3
2692,-4114.97,15.2903,2.11,100.0,90.6
2693,-4113.38,8.4639,2.13,100.0,90.5
2694,-4112.22,6.998,2.09,100.0,90.5
2695,-4101.18,12.2891,2.23,100.0,90.6
2696,-4067.27,90.4765,2.1,99.7,90.9
2697,-4104.22,32.974,2.19,100.0,90.9
2698,-4122.22,32.8056,2.19,100.0,90.8
2699,-4083.04,100.3691,2.08,100.0,91.0
2700,-4119.25,17.9069,2.25,100.0,91.1
2701,-4114.08,5.8059,2.19,100.0,91.1
2702,-4096.88,13.639,2.17,100.0,91.0
2703,-4112.55,18.6712,2.3,100.0,91.1
2704,-4116.91,31.6242,2.11,98.7,91.4
2705,-4112.77,16.8557,2.18,100.0,91.4
2706,-4109.04,12.0245,2.13,100.0,91.5
2707,-4104.69,6.6048,2.15,100.0,91.5
2708,-4117.33,32.2497,2.12,100.0,91.6
2709,-4083.47,61.6349,2.07,100.0,91.7
2710,-4098.91,7.7021,2.17,100.0,91.7
2711,-4108.34,11.453,2.19,100.0,91.8
2712,-4104.36,5.3908,2.09,98.1,91.9
2713,-4107.84,3.8984,2.35,100.0,92.0
2714,-4102.71,6.0168,2.39,99.0,92.2
2715,-4117.84,20.5353,2.11,97.1,92.2
2716,-4096.88,43.6266,2.18,100.0,92.2
2717,-4107.19,7.9544,2.18,100.0,92.2
2718,-4111.2,9.266,2.13,100.0,91.8
2719,-4108.38,4.7003,2.17,100.0,91.8
2720,-4112.35,18.3575,2.17,100.0,91.7
2721,-4133.92,21.9547,2.15,100.0,91.7
2722,-4102.71,104.5152,2.15,100.0,91.7
2723,-4107.32,30.6459,2.1,100.0,91.8
2724,-4097.43,24.9395,2.29,100.0,91.7
2725,-4108.38,6.5339,2.12,96.1,91.8
2726,-4107.87,3.48,2.41,100.0,92.0
2727,-4101.28,2.1725,2.32,100.0,91.9
2728,-4098.8,1.6967,2.09,95.5,92.1
2729,-4099.35,1.1408,2.26,100.0,92.2
2730,-4103.82,2.2554,2.22,100.0,92.2
2731,-4101.98,3.0646,2.13,100.0,92.2
2732,-4106.1,1.8338,2.19,100.0,92.3
2733,-4104.01,1.7793,2.13,100.0,92.3
2734,-4107.32,1.8793,2.16,100.0,92.0
2735,-4107.19,1.3863,2.14,99.7,92.1
2736,-4103.82,1.6826,2.12,100.0,92.2
2737,-4135.82,30.3445,2.25,100.0,92.2
2738,-4100.13,75.1961,2.1,100.0,92.4
2739,-4110.2,25.88,2.32,100.0,92.4
2740,-4093.42,21.8463,2.26,100.0,92.5
2741,-4101.18,6.2993,2.16,100.0,92.5
2742,-4100.8,39.8898,2.08,100.0,92.1
2743,-4100.2,7.0524,2.21,100.0,92.2
2744,-4110.12,11.3521,2.19,100.0,92.3
2745,-4075.0,75.0056,2.14,99.7,92.5
2746,-4102.93,26.2063,2.13,100.0,92.2
2747,-4104.05,13.7454,2.12,100.0,92.2
2748,-4102.54,11.4051,2.24,100.0,92.2
2749,-4100.67,6.763,2.07,99.9,92.3
2750,-4102.72,7.4983,2.26,100.0,92.4
2751,-4111.69,13.0717,2.25,100.0,92.3
2752,-4089.5,39.2709,2.14,95.1,92.6
2753,-4090.31,7.8718,2.21,100.0,92.7
2754,-4097.25,11.4724,2.17,100.0,92.5
2755,-4105.89,18.2493,2.17,100.0,92.6
2756,-4099.46,16.4311,2.08,99.8,92.6
2757,-4114.08,22.2029,2.25,100.0,92.7
2758,-4089.86,17.3971,2.16,100.0,92.7
2759,-4208.02,1295.7538,2.2,100.0,92.7
2760,-4098.91,9.5298,2.07,99.1,92.9
2761,-4086.51,27.762,2.27,100.0,92.8
2762,-4096.97,8.5406,2.19,100.0,92.8
2763,-4106.89,10.4439,2.12,93.0,92.6
2764,-4104.36,15.5022,2.27,100.0,92.7
2765,-4099.71,12.9933,2.25,100.0,92.5
2766,-4101.18,2.7439,2.2,100.0,92.7
2767,-4105.69,3.0177,2.13,98.7,92.8
2768,-4094.6,10.6682,2.18,100.0,92.9
2769,-4096.88,5.6837,2.14,100.0,92.8
2770,-4105.04,11.9105,2.12,100.0,92.7
2771,-4100.2,5.4815,2.2,100.0,92.8
2772,-4094.79,2.7417,2.26,100.0,92.9
2773,-4097.97,2.1186,2.12,99.6,92.3
2774,-4090.67,6.3171,2.09,100.0,92.5
2775,-4112.85,19.6097,2.25,100.0,92.5
2776,-4099.91,38.2264,2.13,100.0,92.4
2777,-4100.2,14.4743,2.08,93.9,92.7
2778,-4107.19,27.9098,2.46,100.0,92.6
2779,-4108.38,8.5943,2.17,99.9,92.8
2780,-4090.48,43.9174,2.12,100.0,92.8
2781,-4100.67,7.8792,2.17,100.0,92.8
2782,-4107.22,5.6078,2.12,100.0,92.7
2783,-4099.88,9.97,2.11,100.0,92.9
2784,-4103.82,3.0407,2.14,100.0,93.0
2785,-4101.42,2.4927,2.17,100.0,93.2
2786,-4101.96,3.6715,2.17,100.0,93.2
2787,-4107.19,5.0636,2.07,100.0,93.2
2788,-4096.52,16.8631,2.16,99.5,93.4
2789,-4097.43,4.8056,2.2,100.0,93.1
2790,-4103.28,2.4068,2.12,99.3,92.7
2791,-4095.59,2.084,2.11,100.0,92.7
2792,-4214.71,1245.933,2.48,100.0,92.7
2793,-4094.79,81.1423,2.13,97.4,92.7
2794,-4096.44,36.4374,2.13,99.1,92.1
2795,-4098.3,9.5651,2.23,100.0,92.1
2796,-4093.04,6.943,2.16,100.0,92.2
2797,-4098.11,2.9189,2.14,100.0,92.2
2798,-4114.18,37.5732,2.12,100.0,92.2
2799,-4099.59,20.1634,2.16,100.0,92.2
2800,-4105.64,26.3912,2.16,100.0,92.1
2801,-4101.18,2.4204,2.18,100.0,92.1
2802,-4116.11,12.3013,2.21,100.0,92.2
2803,-4104.82,14.5063,2.13,100.0,92.1
2804,-4091.04,31.9502,2.13,99.2,92.2
2805,-4349.32,6611.2094,2.25,100.0,92.2
2806,-4100.98,35.2606,2.16,100.0,92.2
2807,-4103.28,9.5617,2.09,98.9,92.2
2808,-4098.11,1.5265,2.11,100.0,92.3
2809,-4079.15,33.2191,2.29,100.0,92.4
2810,-4093.32,11.9917,2.1,100.0,92.5
2811,-4101.98,13.0702,2.17,100.0,92.4
2812,-4102.59,15.4562,2.1,100.0,92.5
2813,-4093.43,23.7784,2.29,100.0,92.6
2814,-4100.7,24.0227,2.09,100.0,92.7
2815,-4095.59,9.1447,2.15,100.0,92.6
2816,-4095.59,3.1458,2.24,100.0,92.7
2817,-4086.03,13.432,2.17,100.0,92.8
2818,-4104.36,20.1351,2.2,100.0,92.8
2819,-4087.8,27.7174,2.19,100.0,92.7
2820,-4085.73,19.8224,2.16,100.0,92.8
2821,-4098.91,11.2314,2.18,98.5,93.0
2822,-4100.49,15.4765,2.15,100.0,93.0
2823,-4075.0,22.1627,2.17,100.0,92.9
2824,-4180.78,1297.0261,2.14,100.0,93.1
2825,-4060.14,126.2628,2.15,100.0,93.1
2826,-4092.04,28.8184,2.1,100.0,92.9
2827,-4201.37,1283.1954,2.13,100.0,92.9
2828,-4091.42,70.3066,2.04,100.0,92.9
2829,-4235.12,1146.667,2.06,100.0,93.0
2830,-4088.26,102.8835,2.28,100.0,93.0
2831,-4227.2,1028.3115,2.22,100.0,92.9
2832,-4078.36,200.7722,2.08,100.0,93.1
2833,-4090.68,82.2319,2.11,99.9,93.1
2834,-4183.68,1088.1054,2.22,100.0,93.1
2835,-4093.75,48.6548,2.17,100.0,93.0
2836,-4220.77,1156.7574,2.1,97.0,92.7
2837,-4094.7,119.334,2.07,100.0,92.8
2838,-4218.35,1068.8199,2.33,100.0,92.9
2839,-4091.1,170.0895,2.14,95.5,92.9
2840,-4089.68,103.4134,2.12,98.2,92.9
2841,-4086.16,72.5763,2.17,100.0,93.0
2842,-4021.27,434.6435,2.17,100.0,93.0
2843,-4096.82,53.1659,2.13,99.4,93.0
2844,-4098.32,49.0617,2.39,100.0,93.1
2845,-4086.97,16.7552,2.13,100.0,93.1
2846,-4099.21,32.7906,2.13,100.0,93.1
2847,-4227.62,1202.3593,2.22,100.0,93.1
2848,-4114.78,106.3507,2.11,100.0,93.2
2849,-4104.05,108.187,2.15,100.0,93.3
2850,-4089.05,49.021,2.08,99.6,93.6
2851,-4085.7,78.6753,2.24,100.0,93.6
2852,-4096.41,35.0792,2.19,100.0,93.5
2853,-4097.8,19.3067,2.09,98.3,93.9
2854,-4100.45,22.6269,2.24,100.0,94.1
2855,-4084.83,12.514,2.15,100.0,94.0
2856,-4091.12,19.6759,2.23,100.0,94.0
2857,-4109.91,11.8699,2.13,99.5,94.1
2858,-4106.89,7.2368,2.24,100.0,94.3
2859,-4250.69,1221.6483,2.09,100.0,94.2
2860,-4093.15,130.2324,2.14,100.0,94.2
2861,-4099.12,77.5786,2.12,100.0,94.3
2862,-4089.38,54.1661,2.12,100.0,94.5
2863,-4082.09,33.3471,2.08,100.0,94.2
2864,-4089.98,22.8913,2.23,100.0,94.1
2865,-4329.26,7066.4039,2.14,100.0,94.3
2866,-4214.61,1031.168,2.12,99.4,94.4
2867,-4105.42,368.1245,2.16,100.0,94.5
2868,-4112.93,240.2196,2.11,100.0,94.3
2869,-4084.61,159.2763,2.11,99.9,94.3
2870,-4111.48,45.2892,2.25,100.0,94.4
2871,-4104.22,30.3227,2.19,100.0,94.5
2872,-4118.4,35.4084,2.1,100.0,94.7
2873,-4093.21,88.6386,2.15,100.0,94.8
2874,-4115.71,20.7324,2.07,100.0,94.3
2875,-4215.87,1197.8832,2.31,100.0,93.8
2876,-4066.67,168.5599,2.14,98.8,93.2
2877,-4087.63,61.9582,2.1,97.4,93.7
2878,-4069.1,46.9352,2.18,100.0,93.8
2879,-4092.33,38.8172,2.16,100.0,93.8
2880,-4091.82,15.3528,2.12,99.8,93.8
2881,-4232.17,1338.2318,2.08,100.0,93.8
2882,-4075.25,196.9591,2.28,100.0,93.8
2883,-4099.69,63.4068,2.16,100.0,93.8
2884,-4330.76,6136.8278,2.19,99.9,93.9
2885,-4171.58,950.8068,2.19,100.0,93.9
2886,-4202.56,760.0879,2.13,100.0,93.9
2887,-4104.71,427.0342,2.09,100.0,94.0
2888,-4100.49,356.941,2.15,100.0,94.1
2889,-4096.92,195.1082,2.25,100.0,94.2
2890,-4104.14,124.6896,2.1,100.0,94.2
2891,-4344.73,6496.5065,2.11,100.0,94.4
2892,-4072.32,86.0096,2.18,100.0,94.3
2893,-4086.16,21.9038,2.14,100.0,94.3
2894,-4086.51,5.8349,2.12,98.2,94.6
2895,-4094.6,9.9295,2.12,100.0,94.6
2896,-4214.86,1286.882,2.37,100.0,94.6
2897,-4094.36,75.9395,2.13,94.7,94.8
2898,-4089.5,39.9595,2.2,99.8,94.9
2899,-4204.58,1288.104,2.14,100.0,94.8
2900,-4106.01,26.5022,2.15,100.0,94.9
2901,-4057.64,156.727,2.08,99.6,95.3
2902,-4097.8,32.4002,2.26,100.0,95.4
2903,-4088.26,5.3543,2.16,100.0,94.3
2904,-4082.09,8.5542,2.18,100.0,94.4
2905,-4088.4,7.1719,2.1,100.0,94.4
2906,-4096.88,15.6221,2.22,100.0,94.4
2907,-4104.51,10.9514,2.16,100.0,94.4
2908,-4096.03,9.8593,2.09,100.0,94.0
2909,-4093.79,4.6952,2.52,100.0,94.4
2910,-4080.85,13.4501,2.13,98.9,93.8
2911,-4206.3,1270.6819,2.14,99.8,93.9
2912,-4103.73,18.1631,2.18,100.0,93.9
2913,-4094.79,7.2192,2.15,100.0,94.0
2914,-4097.49,6.3807,2.1,98.7,93.9
2915,-4100.05,4.6615,2.21,100.0,93.7
2916,-4066.26,57.7534,2.13,100.0,93.8
2917,-4100.2,42.7361,2.1,100.0,94.0
2918,-4088.4,6.3184,2.12,100.0,93.9
2919,-4100.67,7.6623,2.19,100.0,94.0
2920,-4093.2,8.7774,2.1,100.0,94.1
2921,-4090.81,15.8939,2.1,99.7,94.2
2922,-4104.81,21.375,2.25,100.0,94.0
2923,-4098.91,12.0243,2.26,100.0,94.1
2924,-4105.89,22.3977,2.09,97.8,94.2
2925,-4090.49,15.2166,2.13,98.2,94.3
2926,-4080.01,24.5709,2.19,100.0,94.3
2927,-4205.6,1401.9184,2.13,100.0,94.3
2928,-4096.03,12.278,2.13,99.3,94.4
2929,-4096.35,6.9449,2.17,100.0,94.5
2930,-4085.56,3.7306,2.16,100.0,94.4
2931,-4197.35,1226.1117,2.11,98.4,94.3
2932,-4096.24,23.9831,2.22,100.0,94.4
2933,-4096.2,11.0496,2.09,100.0,94.4
2934,-4101.18,9.3615,2.1,99.8,94.5
2935,-4194.61,974.6037,2.25,100.0,94.5
2936,-4096.88,83.6302,2.16,100.0,94.6
2937,-4098.11,37.7467,2.16,100.0,94.6
2938,-4101.98,16.6906,2.04,100.0,94.6
2939,-4089.5,19.1815,2.23,100.0,94.7
2940,-4087.02,10.5225,2.15,100.0,94.8
2941,-4094.79,6.4061,2.17,100.0,94.8
2942,-4095.59,6.92,2.03,100.0,94.9
2943,-4102.32,5.8223,2.3,100.0,94.9
2944,-4089.86,7.4674,2.15,100.0,95.0
2945,-4049.25,152.5897,2.09,98.9,94.9
2946,-4099.91,27.1992,2.27,100.0,94.9
2947,-4104.23,18.4127,2.07,100.0,95.0
2948,-4210.59,1167.5215,2.18,100.0,95.0
2949,-4097.66,156.7194,2.17,100.0,95.1
2950,-4182.09,845.5913,2.24,100.0,95.1
2951,-4210.72,899.2445,2.07,98.4,95.1
2952,-4073.71,725.2214,2.13,100.0,95.2
2953,-4094.89,426.0237,2.22,100.0,95.2
2954,-4081.56,215.6663,2.17,100.0,95.1
2955,-4362.23,6186.8182,2.09,100.0,94.9
2956,-4190.24,1064.7485,2.14,100.0,94.9
2957,-4222.24,772.3934,2.23,100.0,95.0
2958,-4086.59,440.776,2.05,99.5,95.1
2959,-4094.51,406.0348,2.1,100.0,95.2
2960,-4085.12,213.3997,2.17,100.0,95.1
2961,-4093.51,88.1288,2.3,100.0,95.2
2962,-4096.88,75.7035,2.15,94.0,95.3
2963,-4093.04,24.4706,2.31,100.0,95.0
2964,-4192.03,901.0211,2.19,100.0,94.8
2965,-4095.97,206.2592,2.08,96.6,94.9
2966,-4093.79,170.1054,2.24,100.0,95.0
2967,-4114.08,29.4426,2.24,100.0,95.1
2968,-4099.59,10.8478,2.09,100.0,95.2
2969,-4068.59,54.2135,2.23,97.9,95.5
2970,-4084.24,7.8275,2.15,100.0,95.7
2971,-4075.75,5.8886,2.13,99.9,95.8
2972,-4093.31,19.477,2.11,100.0,95.8
2973,-4094.74,24.0903,2.16,100.0,95.8
2974,-4091.91,16.5769,2.23,100.0,95.9
2975,-4219.81,1119.5963,2.17,100.0,96.1
2976,-4110.14,58.2104,2.18,100.0,96.0
2977,-4022.56,587.1492,2.13,100.0,96.0
2978,-3981.66,1096.6643,2.14,100.0,96.2
2979,-4102.63,148.4581,2.03,100.0,96.2
2980,-4194.17,1544.1782,2.28,100.0,96.0
2981,-4099.5,69.4304,2.11,100.0,96.2
2982,-4113.64,48.9703,2.1,97.6,96.3
2983,-4127.55,71.6601,2.16,100.0,96.4
2984,-4215.88,907.3164,2.2,100.0,96.5
2985,-4111.52,221.6071,2.04,99.4,96.4
2986,-4211.34,758.0309,2.12,100.0,96.5
2987,-4050.74,891.0591,2.33,100.0,96.3
2988,-4090.11,262.1717,2.22,100.0,96.2
2989,-4223.38,971.9081,2.09,97.3,96.5
2990,-4243.74,1047.139,2.22,100.0,96.6
2991,-4361.86,4863.4219,2.2,100.0,96.6
2992,-4073.61,729.0188,2.08,100.0,96.3
2993,-4111.55,509.6411,2.24,100.0,96.3
2994,-4461.78,13102.6357,2.12,100.0,96.4
2995,-4128.76,283.5094,2.14,99.4,96.3
2996,-4087.25,398.9868,2.17,100.0,96.4
2997,-4211.3,936.5026,2.18,100.0,95.8
2998,-4063.75,256.7274,2.24,100.0,95.8
2999,-4220.82,1067.58,2.06,98.4,95.9
3000,-4200.29,954.4851,2.27,97.5,96.2
3001,-4543.15,16342.3699,2.31,100.0,96.1
3002,-4338.47,4463.3486,2.1,99.7,96.2
3003,-4076.89,2288.7349,2.08,100.0,96.2
3004,-4100.22,2285.6326,2.21,100.0,96.2
3005,-4193.62,942.7311,2.12,100.0,96.2
3006,-4245.99,576.2468,2.08,100.0,96.3
3007,-4217.28,496.1582,2.32,100.0,96.4
3008,-4241.61,410.199,2.1,100.0,96.4
3009,-4152.01,513.7097,2.14,99.5,96.4
3010,-4198.14,372.8159,2.18,100.0,96.5
3011,-4357.52,4285.8693,2.13,100.0,96.5
3012,-4354.71,3494.6461,2.16,100.0,96.4
3013,-4146.1,1242.9997,2.13,100.0,96.3
3014,-4243.97,232.1983,2.29,100.0,96.4
3015,-4101.5,950.0439,2.16,100.0,96.5
3016,-4437.62,11396.6433,2.09,98.4,96.5
3017,-4096.72,471.1716,2.13,100.0,96.4
3018,-4141.58,1086.0087,2.23,100.0,96.4
3019,-4226.03,477.7691,2.11,100.0,96.5
3020,-4105.14,511.4747,2.13,100.0,96.1
3021,-4065.39,890.3506,2.19,100.0,96.1
3022,-4098.13,300.3352,2.11,100.0,96.1
3023,-4316.46,5068.5309,2.21,100.0,95.7
3024,-4354.55,5778.694,2.05,100.0,95.9
3025,-4101.18,97.4209,2.35,100.0,96.1
3026,-4069.39,218.7191,2.22,99.6,96.2
3027,-4217.6,1065.4235,2.95,99.5,96.2
3028,-4085.22,40.9419,2.16,100.0,96.4
3029,-4089.05,59.9745,2.07,100.0,96.3
3030,-4096.88,22.8203,2.13,100.0,96.3
3031,-4208.02,1218.1393,2.09,100.0,96.3
3032,-4080.81,111.5835,2.11,100.0,96.2
3033,-4084.28,54.2081,2.06,100.0,96.4
3034,-4336.92,6400.4729,2.13,100.0,96.4
3035,-4103.14,34.6236,2.14,100.0,96.5
3036,-4104.01,21.4465,2.11,100.0,96.4
3037,-4093.88,11.4173,1.98,97.3,96.0
3038,-4069.43,37.0089,2.31,99.9,96.2
3039,-4089.73,22.1066,2.24,100.0,96.3
3040,-4084.74,16.8996,2.15,98.8,96.1
3041,-4099.91,25.4389,2.19,100.0,96.2
3042,-4087.93,16.4171,2.18,100.0,96.1
3043,-4097.21,16.3317,2.13,100.0,96.0
3044,-4092.41,8.7098,2.1,100.0,96.3
3045,-4197.39,1367.8343,2.19,100.0,96.3
3046,-4223.4,1073.523,2.13,100.0,96.1
3047,-4366.08,5766.8221,2.08,100.0,95.4
3048,-4233.27,800.5637,2.19,100.0,95.4
3049,-4058.89,1498.7496,2.25,100.0,95.4
3050,-4160.01,948.045,2.08,98.5,95.1
3051,-4218.0,580.62,2.1,99.9,95.0
3052,-4198.98,551.6035,2.28,100.0,95.0
3053,-4025.5,1363.8863,2.27,100.0,95.1
3054,-4405.7,4509.8926,2.1,99.2,94.8
3055,-4334.65,3646.058,2.23,100.0,94.9
3056,-4213.57,613.9687,2.19,100.0,95.0
3057,-4337.07,3604.1166,2.15,93.2,95.2
3058,-4206.69,741.3875,2.24,100.0,95.2
3059,-4261.27,2685.549,2.12,100.0,95.0
3060,-4085.59,1804.0903,2.11,100.0,95.0
3061,-4081.1,944.9209,2.13,99.8,95.1
3062,-4222.12,613.8348,2.16,100.0,95.1
3063,-4092.58,331.3482,2.2,100.0,95.0
3064,-4359.14,5507.9418,2.08,91.9,94.6
3065,-4223.9,617.1897,2.39,100.0,94.7
3066,-4227.78,458.2563,2.29,100.0,94.7
3067,-4206.67,484.3072,2.09,100.0,94.9
3068,-4210.13,322.217,2.27,100.0,95.0
3069,-4241.49,3422.1779,2.14,100.0,95.0
3070,-4130.78,591.8022,2.12,100.0,95.2
3071,-4065.69,680.9967,2.16,100.0,95.2
3072,-4114.91,651.4331,2.17,100.0,95.3
3073,-4053.6,632.8366,2.23,100.0,95.4
3074,-4221.1,887.4412,2.1,95.5,95.7
3075,-4199.13,594.6709,2.33,100.0,95.7
3076,-4215.9,610.0935,2.14,100.0,95.7
3077,-4211.55,482.6685,2.13,100.0,95.8
3078,-4098.27,757.6503,2.17,100.0,95.9
3079,-4380.12,4483.3429,2.35,100.0,95.8
3080,-4384.52,4178.7586,2.16,99.8,95.9
3081,-4400.29,4310.1432,2.18,100.0,96.0
3082,-4514.36,8666.5557,2.16,100.0,96.0
3083,-4247.73,1137.9876,2.19,100.0,95.9
3084,-4661.93,8641.6978,2.11,97.6,96.3
3085,-4376.62,2144.1257,2.17,100.0,96.3
3086,-4330.33,5191.6284,2.22,100.0,96.4
3087,-4357.07,2716.6725,2.09,97.2,96.2
3088,-4109.73,3150.2226,2.21,100.0,96.3
3089,-4303.91,3158.6852,2.18,100.0,96.5
3090,-4098.15,1759.3494,2.12,100.0,96.6
3091,-4401.0,4786.5629,2.17,99.3,96.6
3092,-4107.28,800.1291,2.28,100.0,96.6
3093,-4111.61,523.0185,2.2,100.0,96.8
3094,-4206.88,1204.778,2.11,100.0,96.8
3095,-4203.84,570.0691,2.1,99.9,97.0
3096,-4347.24,3982.7272,2.2,100.0,97.1
3097,-4181.92,5189.6932,2.21,100.0,96.9
3098,-4113.35,1794.6997,2.1,91.8,96.7
3099,-4532.81,9231.5752,2.28,100.0,96.9
3100,-4226.25,3211.1011,2.15,100.0,96.6
3101,-3995.95,4990.7413,2.09,100.0,96.7
3102,-4404.34,3216.6299,2.18,100.0,96.8
3103,-4141.39,1103.651,2.15,100.0,96.9
3104,-4477.34,4433.0875,2.24,100.0,96.8
3105,-4338.57,2557.1846,2.19,100.0,97.0
3106,-4193.47,597.1768,2.15,100.0,97.0
3107,-4555.65,10571.7344,2.28,100.0,97.0
3108,-4226.51,666.3612,2.11,100.0,97.1
3109,-4341.87,3022.2224,2.17,99.3,97.2
3110,-4470.41,2792.3842,2.18,100.0,97.2
3111,-4320.39,2227.2108,2.1,97.8,96.7
3112,-4584.69,9476.3083,2.11,100.0,96.8
3113,-4101.35,6475.855,2.18,100.0,96.8
3114,-3994.59,8182.8765,2.14,99.8,96.9
3115,-4355.2,1860.0808,2.09,100.0,97.1
3116,-4194.77,562.2436,2.28,100.0,97.2
3117,-4601.49,14963.6318,2.21,100.0,97.4
3118,-4338.32,1903.6835,2.18,99.6,96.0
3119,-4096.88,2784.6854,2.17,100.0,90.3
3120,-4344.92,2609.8298,2.2,100.0,89.4
3121,-4528.05,3105.4512,2.13,99.8,89.8
3122,-4231.69,1142.7955,2.25,100.0,89.4
3123,-4226.13,1130.1822,2.11,100.0,89.4
3124,-4238.81,506.5228,2.1,100.0,89.4
3125,-4497.64,8628.9854,2.1,98.6,89.6
3126,-4350.72,1859.9773,2.08,100.0,89.5
3127,-4501.62,8874.8572,2.12,100.0,89.5
3128,-4202.28,1101.56,2.04,97.4,88.6
3129,-4349.89,7860.4607,2.07,100.0,88.6
3130,-4278.45,2530.759,2.24,100.0,88.7
3131,-4040.62,5519.6417,2.11,99.1,88.6
3132,-4369.83,1640.5415,2.06,100.0,88.6
3133,-4193.45,550.8313,2.1,100.0,89.1
3134,-4575.41,11280.2712,2.16,100.0,89.0
3135,-4300.18,2365.9129,2.09,99.8,88.9
3136,-4103.26,3439.0882,2.04,100.0,89.3
3137,-4144.04,2984.8437,2.18,100.0,89.3
3138,-4032.02,3131.5651,2.08,92.9,89.0
3139,-4495.23,9436.1709,2.09,100.0,89.0
3140,-4316.31,2322.4015,2.18,100.0,89.1
3141,-4219.68,91.1089,2.07,98.6,89.3
3142,-4441.95,6874.4387,2.07,100.0,89.1
3143,-4215.9,375.7486,2.09,100.0,89.2
3144,-4102.64,2571.7047,2.17,100.0,89.1
3145,-4105.08,1874.672,2.08,99.5,89.1
3146,-4100.19,1242.8351,2.04,100.0,89.1
3147,-4069.8,896.4738,2.18,100.0,89.2
3148,-4163.62,1189.641,2.04,92.0,89.2
3149,-4082.38,411.9884,2.09,100.0,89.4
3150,-4223.4,844.2632,2.16,100.0,89.3
3151,-4093.61,578.1631,2.05,95.2,89.4
3152,-4200.42,444.6582,2.11,100.0,89.4
3153,-4194.6,234.1216,2.08,100.0,89.5
3154,-4193.23,148.4863,2.09,100.0,89.6
3155,-4494.93,9408.3926,2.06,99.8,89.4
3156,-4212.67,77.6062,2.04,100.0,89.5
3157,-4062.95,1636.263,2.2,100.0,89.7
3158,-4072.17,1196.2707,2.05,95.4,89.8
3159,-4095.98,745.5266,2.04,100.0,89.5
3160,-4212.04,1187.2255,2.23,100.0,89.6
3161,-4047.42,666.1758,2.07,94.9,89.7
3162,-4174.79,535.0161,2.06,99.2,89.8
3163,-4091.91,414.2935,2.09,100.0,89.8
3164,-4092.46,365.8859,2.09,100.0,89.7
3165,-4098.3,210.7152,2.07,98.9,89.8
3166,-4200.56,974.7257,2.15,100.0,89.8
3167,-4103.61,165.6769,2.06,100.0,89.1
3168,-4075.0,214.422,2.1,100.0,89.1
3169,-4208.65,1324.9811,2.11,98.4,88.6
3170,-4103.18,105.3907,2.1,100.0,88.7
3171,-4088.35,78.027,2.12,100.0,88.4
3172,-4344.56,5544.756,2.04,100.0,88.5
3173,-4089.86,83.7112,2.13,100.0,88.4
3174,-4108.26,57.7542,2.04,99.1,88.5
3175,-4098.91,57.1713,2.09,100.0,88.6
3176,-4106.1,56.1533,2.15,100.0,88.7
3177,-4109.59,34.3731,2.03,92.9,88.3
3178,-4101.63,39.0462,2.07,100.0,88.4
3179,-4101.96,16.8547,2.09,100.0,88.5
3180,-4107.32,19.1063,2.07,99.0,88.3
3181,-4101.28,6.2423,2.1,100.0,88.2
3182,-4093.04,9.9219,2.09,100.0,88.3
3183,-4105.58,21.6319,2.12,100.0,88.4
3184,-4108.38,10.9161,2.04,98.4,88.5
3185,-4106.65,5.3362,2.07,100.0,88.5
3186,-4105.22,6.3956,2.19,100.0,88.5
3187,-4098.11,2.923,2.08,91.9,88.6
3188,-4103.82,4.1785,2.07,99.5,88.7
3189,-4091.96,17.5891,2.09,100.0,88.6
3190,-4104.01,13.6953,2.09,99.8,88.6
3191,-4102.4,5.8551,2.07,100.0,88.6
3192,-4094.79,6.4119,2.06,100.0,88.6
3193,-4100.75,7.8821,2.09,100.0,88.6
3194,-4104.81,4.694,2.04,99.7,88.8
3195,-4095.59,6.1808,2.11,100.0,88.6
3196,-4096.88,2.6733,2.06,100.0,88.7
3197,-4101.51,4.4669,2.1,100.0,88.7
3198,-4099.35,3.9152,2.09,100.0,88.9
3199,-4103.28,1.9653,2.05,100.0,88.9
3200,-4203.14,1029.76,2.13,100.0,88.9
3201,-4094.6,82.0466,1.99,100.0,88.5
3202,-4098.02,16.9284,2.12,100.0,88.6
3203,-4098.07,16.2255,2.12,100.0,88.6
3204,-4093.49,4.623,2.07,100.0,88.8
3205,-4100.14,3.4162,2.13,100.0,89.0
3206,-4103.28,2.0748,2.01,100.0,89.2
3207,-4105.58,1.5294,2.12,100.0,89.2
3208,-4090.12,21.0495,2.12,100.0,89.3
3209,-4095.66,10.8515,2.06,100.0,89.4
3210,-4097.97,4.5524,2.08,100.0,89.4
3211,-4107.87,6.1276,2.06,100.0,89.4
3212,-4087.72,37.3598,2.1,100.0,89.5
3213,-4103.28,11.098,2.13,100.0,89.5
3214,-4103.28,5.5009,2.04,100.0,89.5
3215,-4096.64,6.7378,2.19,100.0,89.6
3216,-4097.97,2.8063,2.12,93.7,90.0
3217,-4102.54,4.7718,2.03,100.0,89.8
3218,-4096.88,5.4503,2.15,100.0,89.8
3219,-4101.18,2.5356,2.12,98.9,89.9
3220,-4084.08,18.8939,2.06,99.8,90.3
3221,-4059.79,80.0702,2.07,100.0,90.4
3222,-4106.69,58.4347,2.07,100.0,90.2
3223,-4097.62,73.5574,2.08,98.9,90.2
3224,-4103.11,46.3215,2.07,100.0,90.2
3225,-4087.02,8.0553,2.14,100.0,90.1
3226,-4102.32,11.1288,2.13,99.0,90.3
3227,-4106.45,22.4224,2.04,97.5,90.1
3228,-4183.68,1165.398,2.04,100.0,90.2
3229,-4106.01,17.8038,2.19,100.0,90.2
3230,-4214.11,1210.306,2.08,99.4,90.4
3231,-4090.83,71.953,2.05,100.0,90.3
3232,-4111.82,7.8116,2.13,100.0,90.4
3233,-4105.17,7.3283,2.04,98.7,90.2
3234,-4097.8,9.5645,2.07,100.0,90.2
3235,-4096.03,17.0908,2.15,100.0,90.3
3236,-4084.29,13.5642,2.08,97.4,90.3
3237,-4208.19,1345.4576,2.11,98.4,90.4
3238,-4208.19,979.3906,2.15,100.0,90.5
3239,-4075.53,501.3183,2.07,100.0,90.4
3240,-4039.67,839.069,2.08,97.8,90.3
3241,-4097.49,110.08,2.08,100.0,90.4
3242,-4100.7,39.6679,2.12,100.0,90.5
3243,-4077.66,58.1505,2.07,98.6,90.6
3244,-4101.98,18.7292,2.09,100.0,90.6
3245,-4097.43,14.0077,2.12,100.0,90.6
3246,-4098.3,7.8438,2.05,100.0,90.8
3247,-4087.8,5.7315,2.1,100.0,90.8
3248,-4104.81,29.0596,2.03,99.3,90.8
3249,-4097.01,8.8351,2.08,100.0,91.0
3250,-4116.62,49.7536,2.11,99.5,91.0
3251,-4087.4,38.7903,2.1,100.0,91.0
3252,-4206.4,1099.9531,2.13,100.0,91.0
3253,-4096.64,17.2024,2.06,100.0,91.0
3254,-4213.92,1188.1917,2.15,100.0,90.9
3255,-4094.74,28.0237,2.03,91.2,91.1
3256,-4196.4,1008.5032,2.13,100.0,91.1
3257,-4209.0,794.6118,2.17,100.0,91.2
3258,-4176.1,603.4835,2.06,92.9,91.2
3259,-4201.37,424.9275,2.12,100.0,91.1
3260,-4069.0,1066.5443,2.06,100.0,91.1
3261,-4200.56,396.3867,2.09,100.0,90.9
3262,-4121.07,569.0637,2.04,98.1,90.8
3263,-4202.46,443.0368,2.14,100.0,90.8
3264,-4197.21,290.0736,2.11,100.0,90.9
3265,-4105.89,813.1375,2.08,99.4,90.9
3266,-4097.52,821.5407,2.1,100.0,91.0
3267,-4106.01,332.5077,2.07,100.0,91.1
3268,-4040.67,613.804,2.16,99.7,91.1
3269,-4110.36,335.7835,2.01,98.4,91.0
3270,-4099.2,258.553,2.12,100.0,91.1
3271,-4162.22,846.7999,2.15,100.0,91.2
3272,-4052.09,542.5082,2.02,96.7,91.4
3273,-4088.1,357.9929,2.07,100.0,91.3
3274,-4095.89,99.2634,2.06,100.0,91.3
3275,-4097.81,62.1983,2.11,100.0,91.4
3276,-4102.63,78.397,2.09,100.0,90.8
3277,-4087.4,61.6711,2.03,100.0,90.7
3278,-4084.08,46.4327,2.23,100.0,90.9
3279,-4089.05,34.4641,2.1,96.3,90.9
3280,-4072.77,20.8135,2.06,100.0,90.9
3281,-4075.75,8.9383,2.16,100.0,91.1
3282,-4082.14,6.3304,2.13,98.0,91.2
3283,-4087.4,33.4469,2.05,99.2,91.4
3284,-4204.49,1330.2104,2.08,100.0,91.4
3285,-4197.35,866.6542,2.08,100.0,91.4
3286,-4084.28,376.8454,2.07,100.0,91.4
3287,-4348.71,4625.1121,2.06,100.0,91.6
3288,-4059.79,980.9944,2.13,100.0,91.6
3289,-4208.65,540.1539,2.11,98.9,91.6
3290,-4198.77,399.5457,2.03,100.0,91.5
3291,-4101.83,760.9274,2.09,99.3,91.2
3292,-4105.98,554.5133,2.15,98.7,91.3
3293,-4147.44,999.6387,2.04,97.9,91.2
3294,-4026.28,936.4904,2.03,100.0,91.3
3295,-4343.71,5073.0175,2.12,100.0,91.3
3296,-4464.06,12137.1458,2.05,100.0,91.3
3297,-4198.09,395.0173,2.03,100.0,91.5
3298,-4214.38,247.8526,2.09,100.0,91.4
3299,-4341.79,2947.8178,2.15,100.0,91.2
3300,-4359.53,2146.1086,2.04,100.0,90.8
3301,-4065.36,5343.2721,2.01,100.0,90.8
3302,-4095.44,4504.6787,2.06,100.0,90.9
3303,-4172.9,826.314,2.07,100.0,90.8
3304,-4075.63,2085.882,1.96,96.0,90.8
3305,-4221.1,449.8846,2.07,100.0,90.9
3306,-4350.58,3409.0757,2.13,100.0,91.0
3307,-4337.42,3083.5452,2.04,100.0,90.9
3308,-4415.18,8459.7562,2.1,99.4,91.0
3309,-4197.54,774.435,2.17,100.0,91.8
3310,-4185.53,1059.23,2.14,100.0,91.8
3311,-4347.28,1792.4237,2.08,98.7,91.2
3312,-4081.44,3073.7597,2.03,99.7,91.2
3313,-4205.26,342.1939,2.2,100.0,91.1
3314,-4056.56,1732.4929,2.07,96.8,90.9
3315,-4072.78,1038.1052,2.04,98.2,90.8
3316,-4203.58,1187.9279,2.1,100.0,90.8
3317,-4167.01,1026.3511,2.07,100.0,90.7
3318,-4026.87,811.8554,2.1,98.1,90.8
3319,-4085.74,250.1146,2.1,100.0,90.8
3320,-4194.06,938.4777,2.1,100.0,90.8
3321,-4098.25,114.0365,2.07,98.6,90.8
3322,-4101.99,68.615,2.05,100.0,91.0
3323,-4058.6,120.23,2.2,100.0,91.1
3324,-4085.35,22.8577,2.13,95.1,91.2
3325,-4101.98,70.905,2.07,99.4,91.1
3326,-4212.71,1084.9794,2.09,100.0,91.2
3327,-4090.34,198.534,2.12,100.0,91.2
3328,-4079.54,178.1143,2.11,98.8,91.1
3329,-4089.86,52.4855,2.08,100.0,91.2
3330,-4483.04,15190.3022,2.09,100.0,91.1
3331,-4084.69,36.1945,2.07,97.9,91.2
3332,-4082.55,47.7145,2.09,100.0,91.2
3333,-4093.42,42.2791,2.12,100.0,91.2
3334,-4090.31,19.4122,2.12,99.6,91.3
3335,-4090.66,11.7804,2.04,97.9,91.5
3336,-4097.41,15.9162,2.05,100.0,90.8
3337,-4083.35,20.505,2.13,100.0,90.9
3338,-4093.42,32.0752,2.01,100.0,90.9
3339,-4100.2,9.9512,2.12,100.0,90.8
3340,-4082.09,34.1483,2.07,100.0,90.9
3341,-4094.79,10.9968,2.04,100.0,91.0
3342,-4105.58,16.0478,2.11,100.0,91.0
3343,-4106.1,14.5782,2.02,100.0,90.9
3344,-4094.79,12.3245,2.12,100.0,91.0
3345,-4106.1,15.2299,2.08,100.0,91.1
3346,-4089.73,48.6384,2.08,100.0,91.1
3347,-4098.11,6.2547,2.1,100.0,91.0
3348,-4079.92,26.4197,2.04,100.0,91.1
3349,-4099.72,20.9266,2.17,100.0,91.2
3350,-4209.0,1091.608,2.07,100.0,91.2
3351,-4085.71,140.0705,2.03,100.0,91.3
3352,-4097.83,84.162,2.2,98.4,90.9
3353,-4336.85,6406.5388,2.03,98.8,90.9
3354,-4090.46,17.5483,2.05,100.0,91.1
3355,-4094.68,7.3475,2.09,100.0,91.2
3356,-4076.74,19.0899,2.14,100.0,91.5
3357,-4080.05,5.3146,2.05,99.9,91.5
3358,-4211.97,1534.0059,2.09,100.0,91.4
3359,-4215.37,1132.432,2.08,100.0,91.5
3360,-4103.79,376.0694,2.07,100.0,91.7
3361,-4192.03,635.0412,2.03,100.0,91.7
3362,-4355.51,4058.0908,2.2,98.3,91.7
3363,-4332.55,3527.6277,2.08,99.5,91.8
3364,-4090.53,2323.874,2.02,99.0,91.9
3365,-4064.82,2855.8825,2.12,100.0,92.0
3366,-4463.31,8817.218,2.13,100.0,92.0
3367,-4477.4,10517.3862,1.94,98.6,92.1
3368,-4040.64,3702.4785,2.01,100.0,92.3
3369,-4352.73,2520.6763,2.06,100.0,92.4
3370,-4102.5,2496.1024,2.08,100.0,92.4
3371,-4310.31,2291.8223,2.04,100.0,92.0
3372,-4187.78,680.3695,2.06,99.5,92.7
3373,-4082.57,2521.2725,2.12,100.0,92.1
3374,-4042.08,2159.7971,2.07,97.5,92.1
3375,-4099.5,934.2312,2.03,97.1,92.1
3376,-4176.92,1086.3922,2.11,100.0,92.2
3377,-4085.67,544.2682,2.14,100.0,92.2
3378,-4167.56,604.2133,2.06,95.8,92.2
3379,-4086.68,340.8589,2.09,100.0,92.2
3380,-4043.4,481.9645,2.1,100.0,92.3
3381,-3984.76,845.4857,2.06,97.1,92.3
3382,-4172.53,1628.208,2.09,100.0,92.5
3383,-4206.35,1802.7472,2.09,100.0,92.5
3384,-4063.82,114.4856,2.13,99.0,92.4
3385,-4347.1,6127.9667,2.06,92.4,92.5
3386,-4061.11,283.3462,2.11,100.0,92.6
3387,-4278.88,4661.1383,2.13,100.0,92.7
3388,-4074.58,412.6078,2.03,92.4,92.6
3389,-4072.28,324.9957,2.07,100.0,92.6
3390,-4097.33,83.8134,2.15,100.0,92.8
3391,-4105.51,146.4512,2.07,97.9,93.0
3392,-4099.9,41.1496,2.07,100.0,93.0
3393,-4136.56,790.0277,2.05,100.0,93.0
3394,-4049.36,562.9553,2.11,100.0,93.0
3395,-4162.05,510.6166,2.06,99.9,93.1
3396,-4187.3,435.6495,2.08,100.0,93.1
3397,-4144.73,574.5075,2.18,97.5,93.3
3398,-3991.17,2105.2366,2.05,96.0,93.4
3399,-4058.63,761.073,2.07,100.0,93.3
3400,-4326.61,4960.3597,2.13,100.0,93.3
3401,-4330.67,5344.9767,2.07,100.0,93.4
3402,-4216.7,647.3338,2.05,100.0,93.5
3403,-4393.29,9785.5183,2.09,100.0,93.6
3404,-4059.06,2214.1185,2.13,100.0,93.6
3405,-4543.11,11837.1462,2.03,100.0,93.2
3406,-4378.47,3004.6891,2.11,100.0,93.1
3407,-4030.89,5427.2759,2.06,100.0,93.2
3408,-4206.77,984.7961,2.06,100.0,93.4
3409,-4209.9,468.6384,2.07,100.0,93.4
3410,-4130.88,840.3229,2.05,100.0,93.4
3411,-4153.33,539.2798,2.13,100.0,93.3
3412,-4209.83,332.4131,2.03,97.9,93.4
3413,-4508.88,12223.5693,2.04,100.0,93.4
3414,-4180.59,302.7042,2.1,100.0,93.6
3415,-4168.82,392.5098,2.02,100.0,93.6
3416,-4129.96,970.4719,2.04,100.0,93.6
3417,-4182.89,371.7445,2.07,100.0,93.7
3418,-4058.23,595.5793,2.1,100.0,93.9
3419,-4203.9,594.1121,2.09,99.9,94.0
3420,-4309.3,4397.5686,2.08,100.0,94.2
3421,-4162.33,258.8499,2.15,100.0,94.1
3422,-4388.59,3534.6609,2.07,97.7,94.2
3423,-4064.92,2521.5092,2.07,98.5,94.2
3424,-4149.76,708.9201,2.11,100.0,94.4
3425,-4111.03,1455.2487,2.11,98.8,94.3
3426,-4171.61,201.8971,2.1,97.3,94.3
3427,-4332.14,3260.5191,2.1,100.0,94.5
3428,-4079.97,980.8344,2.11,100.0,94.5
3429,-4213.22,218.9364,2.06,99.2,94.5
3430,-4192.01,130.5674,2.08,100.0,94.6
3431,-4088.71,1313.1859,2.1,100.0,94.6
3432,-4211.28,78.1334,2.09,99.5,94.7
3433,-4355.35,2343.0145,2.05,99.3,94.8
3434,-4220.17,183.7111,2.03,100.0,94.0
3435,-4157.55,577.2143,2.15,99.9,94.1
3436,-4087.45,1519.4152,2.0,100.0,92.7
3437,-4090.81,776.127,2.13,100.0,92.8
3438,-4176.56,870.4296,2.12,99.7,92.8
3439,-4455.74,13945.5156,2.04,100.0,92.8
3440,-4189.36,528.5101,2.09,100.0,92.8
3441,-4362.23,3100.3832,2.06,100.0,92.9
3442,-4198.77,213.656,2.1,100.0,92.8
3443,-4071.44,2209.7838,2.04,97.9,92.9
3444,-4051.25,2032.1308,2.11,100.0,93.0
3445,-4134.27,449.8937,2.12,100.0,93.0
3446,-4107.69,412.0981,2.03,99.5,93.1
3447,-4087.37,405.1686,2.11,100.0,93.0
3448,-4188.45,1015.3512,2.08,100.0,93.1
3449,-4185.64,867.5315,2.08,100.0,93.0
3450,-4038.59,460.0049,2.1,100.0,93.0
3451,-4037.1,423.3518,2.04,100.0,93.0
3452,-4075.64,180.7171,2.08,100.0,93.1
3453,-4100.05,224.2418,2.0,99.9,93.1
3454,-4078.83,96.6672,2.04,100.0,93.2
3455,-4079.15,136.28,2.1,100.0,93.2
3456,-4086.03,106.2129,2.04,99.2,93.2
3457,-4205.79,1160.2785,2.07,96.3,93.3
3458,-4072.66,136.5655,2.11,100.0,93.2
3459,-4083.31,123.2982,2.12,100.0,93.2
3460,-4099.72,70.2751,2.05,97.8,93.3
3461,-4198.77,1200.4208,2.11,100.0,93.3
3462,-4086.51,37.3128,2.13,100.0,93.4
3463,-4070.56,48.5724,2.06,97.1,93.4
3464,-4091.96,37.2145,2.14,100.0,93.4
3465,-4100.67,40.6975,2.14,100.0,93.3
3466,-4208.23,977.4085,2.06,98.6,93.6
3467,-4099.72,224.4333,2.05,99.8,93.6
3468,-4187.78,479.1497,2.08,100.0,93.5
3469,-4205.6,418.5154,2.14,99.0,93.0
3470,-4184.51,373.4501,2.02,97.0,93.1
3471,-4153.95,494.8123,2.09,100.0,93.2
3472,-4090.66,642.7648,2.11,100.0,93.2
3473,-4089.73,372.5559,2.02,100.0,93.2
3474,-4347.41,5676.3683,2.05,100.0,93.2
3475,-4071.78,262.1033,2.04,100.0,93.3
3476,-4078.25,128.4803,2.07,100.0,93.2
3477,-4081.1,60.8958,2.03,100.0,93.4
3478,-4076.33,32.607,2.04,100.0,93.4
3479,-4054.13,28.987,2.13,100.0,93.4
3480,-4087.4,123.724,2.06,97.4,93.4
3481,-4203.91,1507.0085,2.03,97.5,93.4
3482,-4085.71,140.7393,2.11,100.0,93.5
3483,-4097.97,123.3223,2.09,100.0,93.5
3484,-4098.3,66.3851,2.05,92.6,93.6
3485,-4096.03,45.7907,2.13,100.0,93.6
3486,-4085.86,44.3225,2.1,100.0,93.7
3487,-4096.88,13.9034,2.04,96.4,93.6
3488,-4098.61,13.7342,2.1,99.9,93.8
3489,-4086.11,37.9597,2.09,100.0,93.9
3490,-4098.91,17.4589,2.11,99.3,94.0
3491,-4054.7,118.3543,2.09,100.0,93.8
3492,-4098.91,11.0094,2.09,100.0,93.9
3493,-4344.56,5841.7686,2.15,100.0,94.0
3494,-4064.98,278.3078,2.04,92.6,94.1
3495,-4357.2,5663.7378,2.14,100.0,94.1
3496,-4053.09,572.6225,2.22,100.0,94.1
3497,-4098.21,212.5755,2.01,91.6,94.1
3498,-4108.15,45.3213,2.08,100.0,94.2
3499,-4090.34,32.5076,2.08,100.0,94.3
3500,-4081.1,15.8799,2.07,100.0,94.3
3501,-4108.03,22.8371,2.07,100.0,94.3
3502,-4084.08,33.8482,2.13,100.0,94.3
3503,-4088.88,11.8495,2.11,100.0,94.4
3504,-4206.81,1356.8116,2.05,99.4,94.5
3505,-4193.2,870.9521,2.08,100.0,94.5
3506,-4096.49,304.0384,2.15,100.0,94.5
3507,-4194.24,618.3389,2.05,91.2,94.6
3508,-4332.73,4114.121,2.07,99.0,94.6
3509,-4194.61,505.9335,2.07,100.0,94.6
3510,-4497.9,10048.3242,2.09,99.9,94.6
3511,-4073.61,2271.9596,2.04,97.7,94.7
3512,-4206.36,409.9909,2.12,100.0,94.7
3513,-4141.63,651.377,2.08,100.0,94.7
3514,-4092.22,549.4222,2.02,100.0,94.7
3515,-4325.01,5419.2255,2.15,100.0,94.9
3516,-4071.52,205.729,2.07,100.0,94.9
3517,-4034.39,547.8832,2.13,99.5,95.0
3518,-4110.68,111.2909,2.03,97.8,95.0
3519,-4085.56,56.692,2.13,100.0,95.1
3520,-4179.36,1042.5872,2.13,100.0,95.2
3521,-4054.66,283.3452,2.02,97.3,95.2
3522,-4172.99,732.3338,2.1,100.0,95.2
3523,-4192.84,599.5236,2.07,100.0,95.3
3524,-4190.99,475.7328,2.07,100.0,95.3
3525,-4352.45,4074.8297,2.06,100.0,95.4
3526,-4078.21,2641.5673,2.05,100.0,95.5
3527,-4202.31,515.5083,2.13,100.0,95.5
3528,-4368.17,3146.6359,2.05,100.0,95.5
3529,-4439.0,9223.135,2.09,100.0,95.6
3530,-4089.48,3267.03,2.18,100.0,95.6
3531,-4062.75,3375.0867,2.01,95.8,95.7
3532,-4176.75,457.8086,2.04,98.1,95.7
3533,-4333.72,3062.8206,2.06,100.0,95.7
3534,-4212.57,182.8751,2.07,100.0,95.7
3535,-4118.37,839.0903,2.02,98.8,95.8
3536,-4102.91,975.6275,2.09,100.0,95.9
3537,-4345.81,3601.3835,2.05,100.0,95.9
3538,-4232.06,283.7276,2.08,100.0,95.9
3539,-4195.39,175.5364,2.08,97.6,96.0
3540,-4082.53,1427.7354,2.07,100.0,96.0
3541,-4202.73,198.9362,2.14,100.0,96.1
3542,-4206.72,111.9994,2.04,90.2,96.1
3543,-4087.35,1331.2461,2.11,100.0,96.1
3544,-4101.4,854.8976,2.15,100.0,96.2
3545,-4066.48,725.0612,2.05,91.1,96.5
3546,-4097.52,480.0196,2.08,100.0,96.6
3547,-4069.59,324.7836,2.11,100.0,96.6
3548,-4211.36,1119.5457,2.12,100.0,96.5
3549,-4194.24,529.6813,2.11,99.7,96.0
3550,-4082.14,881.1193,2.07,98.6,95.9
3551,-4080.67,1060.0282,2.09,100.0,95.7
3552,-4088.4,564.8156,2.04,100.0,95.8
3553,-4089.73,168.7296,2.09,100.0,95.7
3554,-4089.72,117.5928,2.08,100.0,95.9
3555,-4100.13,190.1678,2.11,100.0,95.9
3556,-4199.98,1240.0689,2.09,100.0,96.0
3557,-4082.14,111.0295,2.05,100.0,96.2
3558,-4026.44,401.4053,2.2,100.0,96.6
3559,-4100.67,55.9372,2.11,99.5,97.2
3560,-4081.41,45.205,2.23,100.0,97.8
3561,-4098.91,48.131,2.17,100.0,97.8
3562,-4206.81,1061.8428,2.04,100.0,97.9
3563,-4103.21,138.752,2.09,100.0,97.9
3564,-4098.19,87.8888,2.08,100.0,98.0
3565,-4202.5,1006.5164,2.09,100.0,98.0
3566,-4198.57,881.7226,2.1,100.0,97.9
3567,-4090.48,193.2672,2.07,100.0,97.9
3568,-4095.01,106.1521,2.1,100.0,98.0
3569,-4093.32,34.0086,1.95,98.2,97.8
3570,-4093.2,40.2807,2.02,99.6,97.9
3571,-4203.5,1163.3679,2.06,100.0,98.0
3572,-4088.62,129.5573,2.12,100.0,98.0
3573,-4099.18,58.5613,2.04,92.7,97.8
3574,-4095.01,21.9528,2.18,100.0,97.8
3575,-4199.66,1476.2926,2.1,100.0,97.9
3576,-4065.41,58.1824,2.14,97.8,97.5
3577,-4107.66,60.2703,2.41,99.6,97.4
3578,-4094.6,10.2011,2.07,100.0,97.4
3579,-4093.54,10.6581,2.07,99.5,96.7
3580,-4208.23,1156.0434,2.06,100.0,96.7
3581,-4098.91,99.0028,2.1,100.0,96.7
3582,-4098.3,85.3813,2.1,99.5,96.4
3583,-4189.0,953.1731,2.03,99.9,96.4
3584,-4204.8,1019.9202,2.18,100.0,96.2
3585,-4080.29,193.6612,2.1,96.6,96.2
3586,-4202.5,620.6781,2.06,99.7,96.4
3587,-4091.25,326.8907,2.14,100.0,96.3
3588,-4202.6,594.105,2.16,99.5,96.3
3589,-4094.6,292.9185,2.14,99.7,96.1
3590,-4076.86,245.9688,2.08,100.0,96.2
3591,-4079.87,77.644,2.08,100.0,96.2
3592,-4081.23,49.4343,2.16,100.0,95.6
3593,-4095.59,38.7149,2.05,99.4,95.7
3594,-4099.59,23.7532,2.13,100.0,95.7
3595,-4096.88,32.7375,2.15,99.4,95.7
3596,-4208.23,1266.3102,2.06,99.8,95.6
3597,-4206.2,1028.2334,2.06,100.0,95.7
3598,-4096.64,90.3813,2.14,99.1,95.8
3599,-4070.31,176.4456,2.11,100.0,95.8
3600,-4193.25,986.0769,2.03,100.0,95.8
3601,-4118.71,33.609,2.12,100.0,95.9
3602,-4491.79,15427.7539,2.07,100.0,95.9
3603,-4093.79,112.4197,2.05,100.0,95.9
3604,-4077.59,135.7854,2.09,100.0,96.1
3605,-4060.87,88.978,2.1,100.0,96.0
3606,-4091.04,86.9321,2.08,99.8,96.1
3607,-4085.71,31.9154,2.12,93.7,96.0
3608,-4082.09,23.4803,2.12,99.8,96.1
3609,-4081.1,6.6237,2.02,99.8,96.0
3610,-4110.68,75.5619,2.02,100.0,96.1
3611,-4210.02,1313.505,2.07,100.0,96.3
3612,-4098.3,76.3892,2.03,100.0,96.2
3613,-4062.8,175.1587,2.13,100.0,96.3
3614,-4085.56,21.0338,2.04,100.0,96.2
3615,-4110.69,67.8679,2.17,100.0,96.3
3616,-4081.41,8.9942,2.09,100.0,96.3
3617,-4323.0,6143.8402,2.05,94.6,96.4
3618,-4101.51,32.9847,2.06,100.0,96.5
3619,-4096.97,11.6376,2.17,100.0,96.4
3620,-4077.94,15.5539,2.05,92.6,96.4
3621,-4085.71,6.3856,2.05,100.0,96.4
3622,-4062.81,109.7024,2.16,100.0,96.5
3623,-4089.73,19.5453,2.07,99.2,96.5
3624,-4065.13,26.2665,2.06,100.0,96.5
3625,-4193.03,1492.6815,2.07,100.0,96.5
3626,-4094.38,35.8921,2.11,100.0,96.6
3627,-4095.99,9.3583,2.11,99.7,96.5
3628,-4085.43,6.1038,2.03,100.0,96.7
3629,-4046.42,83.0494,2.22,97.1,96.8
3630,-4045.68,53.1515,2.09,98.8,96.6
3631,-4194.26,1606.5586,2.04,100.0,96.8
3632,-4315.32,5799.0753,2.1,100.0,96.6
3633,-4081.88,439.9725,2.08,100.0,96.8
3634,-4049.4,596.5574,2.04,100.0,96.8
3635,-4457.99,15290.4819,2.06,100.0,96.9
3636,-4172.86,644.5967,2.09,100.0,96.4
3637,-4225.09,538.4176,2.05,100.0,96.4
3638,-4184.52,527.2645,2.03,100.0,96.5
3639,-4099.8,998.632,2.08,100.0,96.6
3640,-4235.26,461.1009,2.12,100.0,96.6
3641,-4145.26,735.6816,2.05,90.3,96.6
3642,-4425.87,10338.2236,2.11,100.0,96.7
3643,-4670.45,13445.5444,2.13,100.0,96.7
3644,-4229.45,347.723,2.04,93.5,96.6
3645,-4219.56,333.7116,2.1,100.0,96.6
3646,-4697.27,14080.354,2.09,100.0,96.4
3647,-4076.67,1877.0372,2.04,97.9,96.6
3648,-4456.02,4310.551,2.12,100.0,96.4
3649,-4161.92,681.1566,2.12,100.0,96.5
3650,-4415.0,4907.6041,2.03,100.0,96.3
3651,-4513.36,11264.4331,2.14,99.1,96.4
3652,-4704.38,12248.5059,2.08,100.0,96.3
3653,-4713.03,12397.3943,2.08,95.7,96.2
3654,-4551.43,4375.5963,2.02,98.7,96.3
3655,-4839.42,8616.4148,2.15,100.0,96.3
3656,-4705.42,17621.5627,2.07,99.6,96.4
3657,-4444.22,7168.5393,2.01,99.3,96.4
3658,-4833.46,8062.5599,2.15,100.0,96.4
3659,-4713.54,4879.519,2.04,100.0,96.6
3660,-4839.69,6860.1704,2.1,100.0,96.6
3661,-4964.86,14586.0181,2.03,100.0,96.7
3662,-4835.52,6312.1565,2.08,100.0,96.9
3663,-4942.92,6450.1705,2.13,100.0,97.1
3664,-4981.43,7935.8077,2.03,99.7,97.0
3665,-5106.08,8584.809,2.21,97.4,96.8
3666,-4669.24,7319.7799,2.08,100.0,96.7
3667,-4577.73,10324.6887,2.05,100.0,97.0
3668,-4661.42,6488.3755,2.11,98.6,97.1
3669,-4935.22,7284.7872,2.13,100.0,97.1
3670,-4741.75,1860.0351,2.06,100.0,97.2
3671,-4717.44,4153.2011,1.99,100.0,97.3
3672,-4625.93,7465.1875,2.08,100.0,97.3
3673,-4520.99,5041.8986,2.03,100.0,97.3
3674,-4707.25,1714.2079,2.07,100.0,97.4
3675,-4757.56,4556.621,1.98,99.1,97.4
3676,-4595.55,920.5262,2.17,100.0,97.5
3677,-4593.92,5190.1211,2.13,100.0,97.7
3678,-4962.8,10152.5701,2.06,94.1,97.5
3679,-4547.49,1205.3342,2.16,100.0,97.6
3680,-4784.08,5598.3905,2.07,100.0,97.3
3681,-4575.56,1517.0156,2.13,99.6,97.6
3682,-4602.23,1833.2714,2.09,100.0,97.6
3683,-4394.38,1328.4271,2.09,100.0,97.8
3684,-4752.37,5845.9376,2.15,100.0,97.8
3685,-4742.48,10164.2036,2.02,98.3,97.6
3686,-4515.2,4642.0747,2.14,100.0,97.8
3687,-4683.69,2480.7054,2.16,100.0,97.8
3688,-4678.06,1158.9356,2.03,99.1,97.8
3689,-4822.76,17159.9238,2.12,100.0,97.9
3690,-4907.87,12194.2341,2.08,99.7,98.0
3691,-4549.69,1939.5884,2.11,99.8,97.8
3692,-4853.04,6501.9843,2.01,100.0,97.9
3693,-4621.77,1457.8412,2.08,100.0,97.9
3694,-4765.68,5112.7876,2.12,100.0,98.0
3695,-4659.01,849.5704,2.04,99.8,97.5
3696,-4537.78,2608.8863,2.09,98.5,97.6
3697,-4644.44,1699.4293,2.07,100.0,97.6
3698,-4664.42,1438.4287,2.09,100.0,97.7
3699,-4629.47,1238.0975,2.04,97.0,97.8
3700,-4501.34,2862.8608,2.11,100.0,97.9
3701,-4524.08,1271.9576,2.06,100.0,97.6
3702,-4685.19,2322.6361,1.97,98.3,97.3
3703,-4507.81,9313.0281,2.0,96.2,97.5
3704,-4948.28,9907.3284,2.1,100.0,97.6
3705,-4767.43,2087.5977,2.1,100.0,97.5
3706,-4560.6,4033.8067,2.03,98.7,97.4
3707,-4536.92,4661.1733,2.13,100.0,97.5
3708,-4826.0,1763.6868,2.1,100.0,97.6
3709,-4735.33,1012.5236,2.13,100.0,97.5
3710,-4459.77,12909.7991,2.07,98.0,96.7
3711,-4537.97,2961.0726,2.11,100.0,96.9
3712,-4531.82,6119.2502,2.15,100.0,96.6
3713,-4768.21,5024.1913,2.03,91.0,95.8
3714,-4726.09,6951.594,2.06,100.0,95.9
3715,-4605.56,2072.9892,2.12,100.0,96.0
3716,-4394.52,3093.4588,2.08,99.7,96.0
3717,-4354.87,2782.8055,2.06,100.0,95.2
3718,-4264.67,5557.9276,2.09,100.0,95.3
3719,-4376.85,899.5495,2.08,100.0,95.3
3720,-4071.14,4877.051,2.09,100.0,95.3
3721,-4319.02,4492.8071,2.05,100.0,95.2
3722,-4092.18,1721.8845,2.12,100.0,95.3
3723,-4150.05,1201.2029,2.16,99.7,95.1
3724,-4090.85,927.5408,2.03,100.0,95.1
3725,-4361.57,6098.6663,2.17,100.0,95.5
3726,-4488.01,6552.8315,2.06,99.9,95.5
3727,-4095.0,1512.0731,2.05,100.0,95.4
3728,-4030.08,1976.4111,2.15,100.0,95.5
3729,-4094.86,689.4345,2.04,100.0,95.2
3730,-4128.93,639.7959,2.08,100.0,95.3
3731,-4132.65,636.5755,2.05,100.0,95.4
3732,-4098.99,362.9168,2.11,100.0,95.3
3733,-4088.45,315.4513,2.07,100.0,95.3
3734,-4235.84,1797.5338,2.02,99.9,95.0
3735,-4109.47,238.8425,2.15,99.5,94.8
3736,-4072.64,246.9162,2.07,100.0,94.8
3737,-4120.27,246.1081,2.04,100.0,94.8
3738,-4109.59,114.5071,2.04,100.0,94.8
3739,-4099.5,172.0551,2.09,100.0,94.9
3740,-4100.9,52.0742,2.06,100.0,95.0
3741,-4128.98,127.3276,2.03,100.0,94.9
3742,-4125.17,50.7565,2.06,100.0,94.9
3743,-4127.4,33.4117,2.05,100.0,95.1
3744,-4110.35,30.1566,2.08,100.0,95.1
3745,-4118.51,37.9452,1.95,99.6,95.2
3746,-4087.8,45.3561,2.16,100.0,95.2
3747,-4097.06,13.437,2.08,99.9,95.2
3748,-4110.2,23.6596,2.02,95.2,95.2
3749,-4118.0,28.0111,2.11,100.0,94.4
3750,-4103.2,12.1479,2.05,100.0,93.7
3751,-4114.52,190.512,2.13,100.0,93.8
3752,-4087.8,63.0659,2.1,99.0,93.3
3753,-4097.65,22.8297,2.07,96.6,91.5
3754,-4118.54,67.8235,2.06,100.0,91.4
3755,-4101.96,17.1373,2.11,100.0,91.4
3756,-4101.89,13.2801,2.05,96.7,91.5
3757,-4117.84,38.091,2.1,100.0,91.6
3758,-4108.94,55.5816,2.12,100.0,91.5
3759,-4112.26,55.1491,2.09,100.0,91.2
3760,-4115.3,59.461,2.05,100.0,91.2
3761,-4105.04,42.9963,2.04,100.0,91.3
3762,-4113.73,39.1553,2.13,100.0,91.3
3763,-4102.67,25.9083,2.02,99.2,91.3
3764,-4116.92,29.016,2.09,100.0,91.4
3765,-4103.82,30.8082,2.14,100.0,91.4
3766,-4111.88,11.8216,2.04,99.5,91.3
3767,-4110.29,61.5455,2.07,99.4,91.4
3768,-4117.4,14.4246,2.08,100.0,91.5
3769,-4098.65,25.9942,2.08,100.0,91.6
3770,-4101.96,21.9153,2.03,100.0,91.5
3771,-4098.11,7.6134,2.14,100.0,91.5
3772,-4101.28,1.8977,2.11,100.0,91.6
3773,-4101.96,2.5341,2.05,100.0,91.6
3774,-4108.4,4.0396,2.03,100.0,91.6
3775,-4111.34,2.7467,2.09,100.0,91.6
3776,-4111.61,26.9717,2.12,100.0,91.7
3777,-4101.45,28.5509,1.98,94.8,91.7
3778,-4127.12,20.5203,2.1,100.0,91.8
3779,-4108.98,28.7293,2.03,100.0,91.9
3780,-4124.61,8.84,2.04,100.0,91.7
3781,-4122.58,20.3208,2.0,100.0,91.8
3782,-4064.16,200.8208,2.09,100.0,91.9
3783,-4116.14,176.0311,2.12,100.0,92.0
3784,-4143.33,323.9425,2.04,100.0,91.9
3785,-4123.51,113.5941,2.04,98.4,92.0
3786,-4112.85,70.5218,2.1,100.0,92.1
3787,-4074.25,151.7866,2.12,100.0,92.1
3788,-4118.76,155.1491,1.96,88.6,92.1
3789,-4124.3,68.7886,2.08,100.0,92.2
3790,-4105.14,80.084,2.08,100.0,92.2
3791,-4261.64,1550.1876,2.08,98.4,92.2
3792,-4126.91,140.5979,2.01,99.6,92.3
3793,-4099.35,150.0843,2.12,100.0,92.3
3794,-4136.44,211.948,2.14,100.0,92.5
3795,-4123.09,49.8718,2.05,100.0,92.4
3796,-4058.16,326.3519,2.1,100.0,92.5
3797,-4125.17,6.4209,2.08,100.0,92.6
3798,-4110.71,13.6047,2.09,99.1,93.0
3799,-4099.98,10.4979,1.93,98.9,93.0
3800,-4135.15,43.7272,2.21,100.0,93.2
3801,-4109.31,104.823,2.09,99.6,93.4
3802,-4099.18,33.3605,2.03,100.0,93.3
3803,-4091.82,11.9967,2.12,100.0,93.3
3804,-4120.48,22.9198,2.04,100.0,93.3
3805,-4086.16,139.5107,2.1,100.0,93.5
3806,-4095.01,23.7746,2.04,100.0,93.5
3807,-4095.94,36.4062,2.08,100.0,93.6
3808,-4109.83,20.3011,2.14,100.0,93.7
3809,-4085.3,64.5676,2.04,98.4,94.4
3810,-4113.0,35.4292,2.12,100.0,93.8
3811,-4029.09,270.8816,2.12,100.0,94.1
3812,-4106.35,77.0032,2.03,100.0,94.1
3813,-4128.12,67.7801,2.07,100.0,94.0
3814,-4116.59,60.6057,2.04,100.0,93.6
3815,-4127.4,28.8477,2.09,100.0,93.6
3816,-4101.25,25.4011,1.99,100.0,93.7
3817,-4119.2,27.5605,2.03,100.0,93.6
3818,-4114.22,33.134,2.06,100.0,93.8
3819,-4103.45,20.3179,2.06,99.8,93.7
3820,-4056.65,91.3946,2.03,95.0,94.0
3821,-4115.25,91.836,2.1,100.0,94.0
3822,-4115.38,41.3031,2.15,100.0,94.1
3823,-4127.42,45.2568,2.02,99.3,94.0
3824,-4107.29,22.0659,2.11,99.1,94.0
3825,-4085.12,45.3922,2.07,100.0,94.0
3826,-4097.83,24.7926,2.12,100.0,94.2
3827,-4100.42,13.1106,2.08,98.1,94.3
3828,-4097.76,29.5174,2.06,100.0,94.2
3829,-4116.32,60.4058,2.15,100.0,94.2
3830,-4112.65,18.6858,2.07,96.5,94.3
3831,-4084.19,28.8908,2.09,100.0,94.4
3832,-4173.69,2669.7621,2.09,100.0,94.5
3833,-4363.04,6582.5187,2.09,99.2,94.5
3834,-4101.85,230.9296,2.05,98.7,94.6
3835,-4110.63,126.6459,2.13,100.0,94.6
3836,-4122.99,56.3653,2.1,100.0,94.6
3837,-4137.79,104.9628,2.04,98.6,94.7
3838,-4123.02,20.2712,2.11,100.0,94.7
3839,-4126.11,11.0572,2.08,100.0,94.8
3840,-4114.69,9.2722,2.1,99.6,94.8
3841,-4124.17,13.9629,2.04,98.5,94.8
3842,-4255.57,1608.6818,2.14,100.0,94.8
3843,-4117.36,307.6815,2.13,100.0,95.0
3844,-4103.6,322.9277,2.0,97.7,94.9
3845,-4265.59,1468.673,2.11,100.0,95.0
3846,-4137.26,110.6444,2.05,100.0,96.2
3847,-4099.96,65.9684,2.1,100.0,96.1
3848,-4102.99,43.5991,2.04,100.0,95.8
3849,-4131.21,57.9559,2.1,100.0,95.4
3850,-4221.87,758.3208,2.1,100.0,95.4
3851,-4116.93,488.4209,2.02,100.0,95.2
3852,-4105.04,488.7138,2.13,100.0,95.1
3853,-4205.26,456.0042,2.06,100.0,95.1
3854,-4069.77,490.6011,2.04,99.1,94.8
3855,-4547.4,15232.438,2.1,100.0,95.0
3856,-4115.96,134.9465,2.12,99.3,93.5
3857,-4132.03,96.1559,2.02,98.7,93.3
3858,-4182.14,657.7608,2.12,100.0,93.4
3859,-4133.2,143.0016,2.12,100.0,93.5
3860,-4231.11,855.9913,2.03,97.3,93.4
3861,-4059.62,667.7317,2.04,100.0,93.6
3862,-4098.39,145.3476,2.11,100.0,93.7
3863,-4270.76,5927.4955,2.1,99.5,93.4
3864,-4280.78,7157.0183,2.05,100.0,93.4
3865,-4248.97,2039.0178,2.04,100.0,93.5
3866,-4123.65,328.4839,2.15,100.0,93.7
3867,-4216.95,575.993,2.06,98.7,93.6
3868,-4128.0,761.9783,2.08,100.0,93.6
3869,-4377.06,4423.0897,2.15,100.0,93.7
3870,-4309.32,3989.1742,2.08,95.4,93.8
3871,-4490.22,11339.3621,2.05,98.1,93.9
3872,-4114.17,4550.5352,2.09,100.0,94.0
3873,-4493.11,7901.5607,2.08,100.0,94.0
3874,-4315.26,3148.6747,2.04,99.8,94.0
3875,-4083.43,4355.2743,2.11,100.0,94.0
3876,-4201.07,653.9753,2.08,100.0,94.0
3877,-4288.05,2252.5509,2.09,99.9,94.1
3878,-4122.09,1070.1597,2.06,100.0,94.1
3879,-4248.22,555.7856,2.09,100.0,94.2
3880,-4236.9,2404.4485,2.12,99.1,94.2
3881,-4108.28,933.7066,2.03,96.7,94.2
3882,-4118.99,384.2961,2.06,100.0,94.4
3883,-4115.6,155.7852,2.12,99.6,94.3
3884,-4120.06,204.3052,2.03,98.9,94.3
3885,-4114.81,76.2202,2.05,100.0,94.3
3886,-4160.69,1111.6232,2.08,100.0,94.4
3887,-4020.26,835.7741,2.13,100.0,94.6
3888,-4101.71,136.2778,2.06,100.0,94.5
3889,-4203.09,1167.0495,2.05,100.0,94.6
3890,-4225.83,1372.2475,2.12,100.0,94.6
3891,-4218.79,828.1857,2.01,96.6,94.8
3892,-4442.74,11528.5994,2.0,100.0,94.8
3893,-4113.12,1664.2572,2.04,100.0,94.8
3894,-4152.49,1033.6859,2.08,100.0,94.9
3895,-4359.76,3965.4355,2.04,98.5,95.0
3896,-4083.7,1763.914,2.07,100.0,95.1
3897,-4064.2,1495.9539,2.11,100.0,95.2
3898,-4093.13,539.3157,2.1,100.0,95.3
3899,-4045.0,508.9834,2.08,100.0,95.4
3900,-4075.63,319.2376,2.09,100.0,95.5
3901,-4123.35,356.3137,2.12,100.0,95.4
3902,-4100.99,124.6647,2.07,95.5,95.2
3903,-4102.76,89.2319,2.05,99.2,95.0
3904,-4116.5,68.8774,2.15,100.0,95.1
3905,-4052.5,212.7551,2.04,99.8,94.7
3906,-4134.86,124.5413,2.07,100.0,94.6
3907,-4085.14,92.7089,2.13,100.0,94.8
3908,-4211.63,1345.4301,2.08,100.0,94.9
3909,-4120.97,37.563,2.11,100.0,94.9
3910,-4099.48,27.1882,2.03,97.7,95.1
3911,-4097.8,11.2431,2.17,100.0,95.2
3912,-4217.08,1160.2099,2.09,98.3,95.2
3913,-4117.58,82.7891,2.02,99.9,95.1
3914,-4032.35,642.837,2.2,100.0,95.2
3915,-4352.81,7004.2361,2.05,99.2,95.2
3916,-4109.91,20.1686,2.06,100.0,95.3
3917,-4385.73,7422.7572,2.04,100.0,95.4
3918,-4218.9,830.8168,2.08,100.0,95.4
3919,-4072.71,749.9473,2.12,99.6,95.3
3920,-4248.73,1552.615,2.05,98.6,95.4
3921,-4064.85,1157.4531,2.15,100.0,95.5
3922,-4117.11,388.1006,2.09,98.1,95.6
3923,-4496.52,13745.0847,2.06,97.8,95.5
3924,-4358.49,5449.7792,2.07,100.0,95.5
3925,-4244.43,578.0143,2.14,100.0,95.6
3926,-4206.77,444.9856,2.08,99.2,95.7
3927,-4379.18,3694.116,2.04,100.0,95.8
3928,-4086.88,2385.4665,2.09,100.0,95.9
3929,-4104.73,2005.168,2.08,98.9,95.8
3930,-4335.45,1852.9896,2.08,100.0,95.9
3931,-4244.2,177.4553,2.05,100.0,95.9
3932,-4179.76,398.7159,2.12,100.0,96.0
3933,-4101.79,783.5698,2.07,99.9,96.0
3934,-4203.84,2564.9976,2.04,100.0,96.0
3935,-4113.13,173.1448,2.15,99.7,96.1
3936,-4510.94,15558.1243,2.07,96.0,96.2
3937,-4089.68,170.2227,2.07,100.0,96.2
3938,-4362.93,6773.6793,2.13,100.0,96.3
3939,-4082.68,162.1422,2.09,99.4,96.3
3940,-4120.51,1146.8353,2.11,100.0,96.4
3941,-4240.72,1169.0537,2.09,100.0,96.4
3942,-4108.82,278.591,2.1,100.0,96.4
3943,-4098.89,309.3621,2.05,100.0,96.5
3944,-4107.06,138.9098,2.07,100.0,95.8
3945,-4219.81,1642.4885,2.11,100.0,95.7
3946,-4330.67,6502.3531,2.06,100.0,95.8
3947,-4164.46,652.5406,2.12,100.0,95.9
3948,-4110.28,374.0865,2.05,100.0,96.0
3949,-4348.64,3837.502,2.07,100.0,95.8
3950,-4095.53,952.1917,2.08,100.0,96.0
3951,-4059.79,1147.5982,2.15,98.6,96.1
3952,-4113.71,270.4041,2.06,99.5,96.2
3953,-4084.24,130.8734,2.0,100.0,96.2
3954,-4121.6,253.8943,2.19,100.0,96.5
3955,-4127.86,128.3215,2.11,100.0,96.6
3956,-4109.95,84.4889,2.06,100.0,96.6
3957,-4216.2,718.8957,2.06,100.0,96.8
3958,-4099.72,387.368,2.19,99.0,96.9
3959,-4208.21,508.3823,2.08,99.8,96.5
3960,-4119.2,268.0989,2.03,100.0,96.4
3961,-4106.64,165.7349,2.22,99.0,96.1
3962,-4080.15,135.4807,2.08,98.2,95.7
3963,-4104.34,145.2893,2.05,100.0,95.7
3964,-4095.81,43.7315,2.1,100.0,95.6
3965,-4104.81,59.606,2.13,100.0,95.7
3966,-4103.73,47.0655,2.05,100.0,95.7
3967,-4131.47,38.3684,1.98,98.3,95.4
3968,-4125.9,54.2494,2.19,99.1,95.3
3969,-4220.58,1076.9377,2.07,100.0,95.2
3970,-4090.04,216.7,2.02,100.0,95.1
3971,-4096.88,61.4565,2.01,100.0,95.0
3972,-4101.66,60.5445,2.09,100.0,95.1
3973,-4194.56,1279.4905,2.03,100.0,95.2
3974,-4093.04,84.6824,2.06,100.0,95.0
3975,-4112.12,28.2722,2.05,100.0,95.1
3976,-4213.09,1213.4959,2.09,100.0,95.0
3977,-4119.07,16.2055,2.11,100.0,95.1
3978,-4084.74,115.9136,2.01,91.4,94.7
3979,-4126.3,66.0984,2.16,100.0,94.8
3980,-4083.33,73.318,2.12,100.0,94.8
3981,-4217.52,1112.3488,2.06,100.0,94.9
3982,-4113.8,87.6513,2.13,99.0,94.9
3983,-4113.5,19.2626,2.06,100.0,95.0
3984,-4232.59,1135.9998,2.11,99.2,95.0
3985,-4110.14,46.4837,2.03,99.9,95.0
3986,-4071.53,131.0575,2.03,100.0,95.1
3987,-4098.89,34.0061,2.1,100.0,95.1
3988,-4205.71,1423.5282,2.1,100.0,95.2
3989,-4132.77,84.4324,2.02,99.8,94.8
3990,-4122.22,85.3948,2.17,99.8,94.8
3991,-4097.74,18.5991,2.06,100.0,95.0
3992,-4101.99,20.1316,2.03,100.0,95.0
3993,-4108.16,29.7947,2.16,100.0,95.1
3994,-4209.61,1022.4026,2.06,100.0,95.1
3995,-4094.49,125.0112,2.09,100.0,94.6
3996,-4221.99,925.9826,2.09,100.0,94.7
3997,-4186.21,636.9482,2.06,100.0,94.8
3998,-4073.57,704.4666,2.1,100.0,94.9
3999,-4194.15,500.6448,2.02,100.0,94.7
4000,-4093.32,550.3167,2.19,99.6,94.7
4001,-4194.43,373.1533,2.08,100.0,94.7
4002,-4110.2,374.9209,2.07,100.0,94.7
4003,-4076.33,407.1565,2.16,99.0,93.9
4004,-4206.81,863.4266,2.08,100.0,94.0
4005,-4107.91,138.1754,2.05,100.0,94.0
4006,-4207.62,714.2469,2.15,100.0,94.1
4007,-4099.51,245.632,2.03,100.0,94.1
4008,-4105.58,259.5212,2.06,100.0,94.2
4009,-4093.38,57.395,1.95,99.0,94.3
4010,-4100.81,52.6727,2.07,100.0,94.1
4011,-4083.6,24.2801,2.11,100.0,94.1
4012,-4068.59,36.2521,2.02,97.4,94.2
4013,-4100.81,53.3647,2.07,96.4,94.3
4014,-4097.1,25.3803,2.1,100.0,94.3
4015,-4093.17,9.8593,2.11,100.0,94.3
4016,-4095.01,10.382,2.08,95.9,94.6
4017,-4095.59,8.2424,2.15,100.0,94.6
4018,-4102.5,6.9929,2.1,100.0,94.7
4019,-4101.55,12.9702,2.08,96.3,94.7
4020,-4101.89,4.9577,2.07,100.0,94.6
4021,-4100.75,7.8588,2.14,100.0,95.0
4022,-4098.02,1.9335,2.21,98.4,95.5
4023,-4118.58,36.0583,2.09,90.2,95.8
4024,-4103.39,8.3441,2.19,100.0,95.9
4025,-4120.92,17.7385,2.17,100.0,95.5
4026,-4117.98,30.4628,2.08,92.6,95.8
4027,-4111.77,20.2418,2.17,100.0,96.0
4028,-4117.98,15.5046,2.14,100.0,95.9
4029,-4139.46,47.2371,2.06,96.2,96.1
4030,-4105.04,61.6127,2.1,100.0,96.0
4031,-4129.44,54.2527,2.08,100.0,95.9
4032,-4100.56,46.6932,2.17,100.0,96.0
4033,-4121.6,21.5262,2.05,96.3,96.0
4034,-4119.96,16.697,2.13,100.0,96.8
4035,-4113.57,14.4568,2.25,100.0,96.6
4036,-4119.4,37.8396,2.13,92.0,96.6
4037,-4117.98,18.2445,2.24,100.0,96.7
4038,-4100.56,39.3625,2.27,100.0,96.3
4039,-4100.56,24.1074,2.06,99.1,95.6
4040,-4113.57,23.8712,2.26,100.0,95.7
4041,-4119.27,22.7366,2.13,100.0,95.6
4042,-4114.1,13.8653,2.2,100.0,95.4
4043,-4113.36,17.4285,2.1,99.9,95.0
4044,-4098.02,23.9853,2.18,100.0,95.1
4045,-4096.88,12.8275,2.29,100.0,95.1
4046,-4094.17,5.6833,2.1,93.0,95.0
4047,-4102.5,8.585,2.31,99.9,94.6
4048,-4103.93,7.2703,2.14,100.0,94.3
4049,-4115.16,18.5071,2.14,100.0,93.7
4050,-4103.39,21.9097,2.11,100.0,93.7
4051,-4101.1,18.2725,2.22,100.0,93.7
4052,-4097.49,5.8089,2.2,100.0,93.2
4053,-4107.87,18.4354,2.21,100.0,92.8
4054,-4100.02,7.6003,2.1,99.2,92.9
4055,-4098.02,2.8736,2.08,93.6,93.1
4056,-4101.1,1.653,2.24,100.0,93.2
4057,-4101.55,3.4239,2.21,100.0,93.1
4058,-4103.93,1.7451,2.1,100.0,93.0
4059,-4099.18,7.6859,2.23,100.0,92.4
4060,-4100.13,3.1075,2.08,100.0,92.6
4061,-4098.02,3.2019,2.27,100.0,92.5
4062,-4093.62,3.4145,2.1,99.7,92.6
4063,-4102.4,5.7002,2.2,100.0,92.8
4064,-4093.62,3.1042,2.25,100.0,92.9
4065,-4098.02,1.6061,2.1,99.8,93.0
4066,-4098.02,1.131,2.26,97.1,92.9
4067,-4100.02,1.9438,2.23,100.0,92.8
4068,-4100.13,4.2836,2.15,100.0,92.9
4069,-4101.96,1.9738,2.08,100.0,93.0
4070,-4101.1,1.8055,2.21,100.0,92.9
4071,-4097.92,3.7107,2.15,100.0,93.0
4072,-4092.63,5.1026,2.13,100.0,92.9
4073,-4096.81,5.341,2.07,98.4,93.0
4074,-4088.62,17.4601,2.29,100.0,93.1
4075,-4102.84,17.393,2.14,97.4,93.1
4076,-4101.42,7.1483,2.11,100.0,93.2
4077,-4096.01,6.1749,2.37,100.0,93.2
4078,-4098.71,3.9288,2.16,99.6,93.4
4079,-4099.18,3.0087,2.13,99.8,93.3
4080,-4088.24,17.3638,2.15,100.0,93.3
4081,-4102.5,8.1211,2.24,100.0,93.4
4082,-4195.37,1069.577,2.08,96.8,93.4
4083,-4053.52,407.2903,2.21,99.9,93.5
4084,-4095.01,131.7368,2.14,100.0,93.5
4085,-4098.91,17.8859,2.15,100.0,93.8
4086,-4095.19,61.1574,2.08,100.0,93.8
4087,-4078.25,18.7931,2.33,100.0,93.8
4088,-4071.84,17.9814,2.1,98.4,94.1
4089,-4094.72,25.5609,2.16,100.0,94.1
4090,-4074.06,28.2062,2.16,100.0,94.0
4091,-4179.27,1201.582,2.23,100.0,94.0
4092,-4079.3,43.0262,2.1,98.1,94.1
4093,-4081.41,19.136,2.1,100.0,94.1
4094,-4092.33,28.9399,2.27,100.0,94.2
4095,-4091.71,12.0406,2.18,92.4,94.2
4096,-4089.14,26.5826,2.11,99.5,94.4
4097,-4081.41,3.1977,2.21,100.0,94.4
4098,-4195.37,1378.1287,2.2,100.0,94.5
4099,-4084.63,63.5267,2.1,99.0,94.6
4100,-4185.65,997.5911,2.27,100.0,94.6
4101,-4099.2,99.3601,2.04,100.0,94.5
4102,-4204.94,1070.4347,2.23,100.0,94.6
4103,-4183.38,790.3469,2.07,99.3,94.7
4104,-4204.98,605.9296,2.3,100.0,94.7
4105,-4107.11,752.8939,2.21,99.2,94.6
4106,-4191.46,399.7957,2.1,100.0,94.8
4107,-4099.9,590.7644,2.32,100.0,94.9
4108,-4098.89,399.1188,2.21,98.3,94.7
4109,-4074.89,372.3528,2.1,99.3,94.9
4110,-4088.09,206.0753,2.18,100.0,95.7
4111,-4091.25,112.8985,2.14,100.0,95.4
4112,-4098.89,80.9619,2.19,100.0,95.0
4113,-4096.34,29.419,2.1,100.0,94.5
4114,-4090.93,15.1076,2.17,100.0,94.6
4115,-4101.59,18.3775,2.32,100.0,94.4
4116,-4097.66,7.9744,2.1,97.3,93.9
4117,-4099.12,10.2905,2.26,99.9,93.6
4118,-4064.4,81.3897,2.21,99.2,93.4
4119,-4098.77,52.3501,2.11,99.9,93.0
4120,-4112.02,34.058,2.07,100.0,93.1
4121,-4076.04,68.5182,2.37,100.0,93.1
4122,-4070.56,52.0043,2.16,95.3,92.6
4123,-4082.73,16.9049,2.2,100.0,92.7
4124,-4200.92,1492.7047,2.16,100.0,92.5
4125,-4199.34,1146.571,2.21,100.0,92.5
4126,-4101.83,208.4975,2.08,99.2,91.8
4127,-4221.11,808.6367,2.13,100.0,91.8
4128,-4091.97,511.1626,2.31,100.0,91.9
4129,-4180.88,551.2466,2.13,91.8,91.2
4130,-4203.53,480.1101,2.28,99.9,90.8
4131,-4048.58,1685.6916,2.14,99.9,90.6
4132,-4082.73,978.8855,2.17,100.0,90.7
4133,-4203.97,498.3104,2.05,100.0,90.8
4134,-4069.74,692.217,2.34,100.0,90.9
4135,-4062.62,442.7773,2.1,99.2,91.1
4136,-4083.88,176.353,2.14,100.0,91.1
4137,-4207.74,1659.7454,2.13,100.0,91.2
4138,-4101.71,73.7812,2.28,100.0,91.2
4139,-4163.69,854.6653,2.14,99.6,91.5
4140,-4088.09,356.7426,2.13,100.0,91.0
4141,-4081.41,428.961,2.23,100.0,91.0
4142,-4089.5,170.3775,2.2,99.5,91.1
4143,-4195.83,1216.9887,2.14,99.4,91.3
4144,-4104.43,16.2283,2.23,100.0,91.3
4145,-4079.15,48.032,2.23,100.0,91.4
4146,-4082.39,9.5922,2.13,97.8,91.7
4147,-4079.2,52.1169,2.31,100.0,91.0
4148,-4086.03,16.4708,2.18,99.0,91.6
4149,-4057.64,30.9347,2.26,100.0,91.7
4150,-4210.84,1988.9162,2.32,100.0,91.9
4151,-4076.33,14.5439,2.27,97.4,91.6
4152,-4076.92,19.1853,2.09,100.0,90.9
4153,-4102.76,24.5475,2.2,100.0,90.9
4154,-4166.64,1105.3916,2.13,100.0,91.0
4155,-4059.86,247.901,2.12,100.0,91.2
4156,-4208.28,1038.5077,2.11,100.0,91.1
4157,-4074.89,331.8946,2.24,100.0,91.0
4158,-4090.53,172.1876,2.17,99.4,91.1
4159,-4078.91,75.7285,2.08,99.7,91.1
4160,-4066.81,32.4917,2.21,100.0,91.1
4161,-4169.64,1397.6344,2.22,100.0,91.1
4162,-4201.28,1363.6637,2.08,99.2,91.2
4163,-4188.53,967.4299,2.29,100.0,91.1
4164,-4177.32,745.9384,2.11,100.0,91.3
4165,-4206.51,509.7557,2.15,100.0,91.3
4166,-4079.15,1198.4878,2.08,100.0,91.2
4167,-4085.67,752.8329,2.18,100.0,91.3
4168,-4096.34,308.884,2.23,100.0,91.3
4169,-4196.33,1194.4655,2.09,98.9,91.4
4170,-4082.73,177.6333,2.22,100.0,91.4
4171,-4190.04,966.6833,2.19,99.6,91.4
4172,-4062.68,261.7799,2.18,99.7,91.3
4173,-4203.91,892.7255,2.08,100.0,91.3
4174,-4092.11,239.1994,2.36,100.0,91.5
4175,-4202.5,784.3562,2.12,97.7,91.3
4176,-4073.12,361.3878,2.13,100.0,91.2
4177,-4179.55,635.1736,2.17,100.0,91.3
4178,-4072.97,334.9614,2.19,100.0,91.3
4179,-4086.03,157.1943,2.15,100.0,90.8
4180,-4011.46,632.7129,2.11,100.0,90.7
4181,-4099.2,221.3116,2.37,98.5,90.2
4182,-4056.32,90.7446,2.11,98.0,90.3
4183,-4085.56,36.9192,2.13,100.0,90.5
4184,-4184.51,1027.8417,2.12,100.0,90.3
4185,-4093.32,210.0588,2.18,100.0,90.4
4186,-4191.46,678.5407,2.06,99.7,90.6
4187,-4077.59,507.7514,2.24,100.0,90.7
4188,-4086.33,290.1476,2.18,100.0,90.7
4189,-4043.85,263.2417,2.15,100.0,90.8
4190,-4189.92,1496.2051,2.17,100.0,90.9
4191,-4212.21,1764.5622,2.17,100.0,91.0
4192,-4168.51,1056.9641,2.26,100.0,91.0
4193,-4094.19,129.9739,2.08,96.2,91.3
4194,-4205.71,740.3892,2.26,100.0,91.3
4195,-4094.41,291.0009,2.24,100.0,91.2
4196,-4078.72,293.5274,2.11,99.9,91.1
4197,-4356.66,6375.974,2.3,82.0,91.4
4198,-4206.7,841.5877,2.28,59.9,91.8
4199,-4084.54,290.5239,2.09,56.4,91.8
4200,-4073.57,276.2102,2.09,54.4,91.8
4201,-4046.42,226.3764,2.29,56.9,91.9
4202,-4091.25,118.2864,2.09,55.8,92.0
4203,-4089.69,89.3912,1.97,56.0,91.8
4204,-4071.37,20.3305,2.05,56.5,92.0
4205,-4208.93,1306.8518,2.26,56.5,92.1
4206,-4190.04,879.3792,2.07,54.8,92.0
4207,-4198.57,674.8814,1.92,56.6,92.0
4208,-4072.99,1018.9332,2.07,53.9,92.1
4209,-4095.27,868.1194,2.05,54.5,92.1
4210,-4078.36,601.0995,2.16,54.0,92.0
4211,-4064.82,275.1215,2.07,57.0,92.6
4212,-4187.04,1119.2333,2.02,54.6,92.6
4213,-4195.29,1411.7012,2.07,57.4,92.8
4214,-4167.28,892.7587,2.15,74.7,92.7
4215,-4089.14,135.432,2.09,98.4,92.4
4216,-4102.63,87.0843,2.17,100.0,92.3
4217,-4195.29,924.4986,2.18,100.0,92.4
4218,-4195.73,897.5814,2.19,100.0,92.3
4219,-4074.82,310.6502,2.16,98.6,91.2
4220,-4084.3,207.0352,2.16,100.0,91.3
4221,-4074.06,75.6807,2.19,99.6,90.7
4222,-4081.96,58.0575,2.24,100.0,90.7
4223,-4090.94,70.4312,2.14,99.4,90.0
4224,-4147.58,938.186,2.12,100.0,89.8
4225,-4055.36,242.0254,2.31,100.0,89.9
4226,-4086.11,143.0031,2.1,100.0,89.7
4227,-4203.81,1103.9059,2.16,99.9,89.5
4228,-4087.24,44.7828,2.18,100.0,89.6
4229,-4062.8,44.6164,2.24,100.0,89.5
4230,-4190.04,1440.0621,2.19,99.9,89.5
4231,-4189.92,1451.0938,2.17,99.9,88.8
4232,-4081.08,43.8217,2.16,100.0,89.0
4233,-4077.55,16.8579,2.22,100.0,89.0
4234,-4072.58,13.4443,2.14,99.8,88.8
4235,-4193.02,1402.2974,2.29,100.0,88.8
4236,-4346.23,6527.9954,2.18,100.0,88.5
4237,-4087.35,127.6705,2.15,100.0,88.2
4238,-4202.5,801.7039,2.14,100.0,88.1
4239,-4376.24,6314.6569,2.13,100.0,88.1
4240,-4086.75,819.8367,2.24,100.0,88.1
4241,-4187.04,482.6362,2.09,99.7,86.9
4242,-4163.46,448.4652,2.21,99.9,86.5
4243,-4062.53,730.6206,2.19,100.0,86.2
4244,-4200.33,659.4651,2.16,99.8,85.9
4245,-4212.58,569.1964,2.09,55.5,86.0
4246,-4187.9,346.9681,2.25,56.7,86.1
4247,-4200.43,298.357,2.08,53.8,86.1
4248,-4209.41,239.7362,2.09,54.5,86.1
4249,-4197.27,161.4776,1.97,55.1,86.1
4250,-4199.3,119.5658,2.25,56.0,86.2
4251,-4336.93,1780.0776,2.16,54.8,86.2
4252,-4194.41,1415.2767,1.92,54.2,86.1
4253,-4066.26,2825.1176,2.08,56.0,86.1
4254,-4086.33,1318.6346,2.05,55.2,86.2
4255,-4099.51,664.3821,2.07,55.3,86.2
4256,-4092.33,450.5844,1.93,55.1,86.3
4257,-4088.26,268.907,2.18,56.4,86.4
4258,-4191.46,1201.3636,1.98,54.6,86.3
4259,-4077.62,216.4785,2.16,58.3,86.5
4260,-4211.45,1152.9039,1.99,54.9,86.7
4261,-4207.62,816.9634,2.05,54.6,86.7
4262,-4078.8,661.879,2.04,54.3,86.7
4263,-4087.72,463.5901,2.05,55.2,86.7
4264,-4093.2,232.6233,1.92,54.9,86.8
4265,-4179.27,927.9075,2.08,56.1,86.8
4266,-4082.09,131.6804,2.1,54.7,86.9
4267,-4075.0,90.4075,1.99,55.3,87.0
4268,-4179.27,1150.3358,2.01,54.9,87.0
4269,-4082.14,32.5497,1.97,54.7,87.0
4270,-4081.41,30.9503,2.17,56.3,87.1
4271,-4086.79,46.1684,2.05,54.8,87.1
4272,-4081.96,18.578,2.09,87.4,87.2
4273,-4195.29,1467.3434,2.11,100.0,87.6
4274,-4089.14,23.2171,2.2,100.0,87.4
4275,-4092.33,17.6441,2.14,95.2,87.4
4276,-4075.0,14.2914,2.1,56.4,87.4
4277,-4089.73,20.8962,2.04,54.7,87.4
4278,-4087.02,11.1643,2.08,55.9,87.5
4279,-4071.23,18.0989,1.95,56.3,87.3
4280,-4075.0,9.7942,2.22,55.8,87.3
4281,-4079.87,7.7912,1.98,56.0,87.5
4282,-4191.46,1347.0956,2.09,56.7,87.7
4283,-4097.25,23.8906,1.99,56.0,87.7
4284,-4202.5,1097.1801,2.08,55.0,87.8
4285,-4094.3,60.0165,2.11,54.7,87.8
4286,-4046.79,193.6608,1.98,55.0,87.9
4287,-4064.82,49.4664,1.94,54.1,87.9
4288,-4332.77,7067.832,1.95,67.9,88.0
4289,-4080.94,38.176,2.2,100.0,88.0
4290,-4084.31,21.7575,2.05,99.5,87.8
4291,-4098.91,43.9472,2.12,100.0,87.8
4292,-4077.04,9.7263,2.13,100.0,87.8
4293,-4195.83,1347.7061,2.18,100.0,87.8
4294,-4187.78,1022.5185,2.09,99.7,87.3
4295,-4089.73,123.2736,2.23,100.0,87.4
4296,-4199.66,807.7186,2.21,100.0,87.3
4297,-4189.48,617.7763,2.16,62.1,87.4
4298,-4190.42,455.6489,1.93,53.3,87.1
4299,-4061.29,1263.0016,2.08,55.5,87.2
4300,-4083.09,837.3546,2.01,56.9,86.8
4301,-4200.1,517.9597,2.24,100.0,86.8
4302,-4042.95,819.0588,2.1,97.8,86.0
4303,-4184.51,627.8756,2.09,99.8,85.2
4304,-4174.11,439.5543,2.23,100.0,85.1
4305,-4043.85,1001.044,2.15,100.0,85.4
4306,-4085.56,501.1331,2.13,100.0,85.4
4307,-4090.71,217.3464,2.29,100.0,85.4
4308,-4050.58,246.6002,2.12,100.0,85.6
4309,-4093.43,203.0803,2.19,100.0,85.7
4310,-4168.78,1378.0489,2.2,100.0,85.3
4311,-4202.5,1244.7339,2.07,100.0,85.3
4312,-4075.0,195.637,2.08,100.0,85.2
4313,-4086.78,146.3213,2.13,100.0,85.3
4314,-4202.5,967.4729,2.22,100.0,85.4
4315,-4189.0,750.4071,2.07,98.7,85.2
4316,-4082.09,251.7438,2.11,99.3,85.2
4317,-4091.88,143.9846,2.13,100.0,85.4
4318,-4091.88,44.4934,2.17,100.0,85.4
4319,-4075.28,44.7708,2.11,99.0,85.1
4320,-4190.04,1209.7274,2.24,100.0,85.2
4321,-4088.24,37.2897,2.1,100.0,85.7
4322,-4083.31,29.0489,2.23,100.0,85.7
4323,-4072.58,15.1292,2.07,99.1,85.2
4324,-4082.14,4.7613,2.3,100.0,85.3
4325,-4099.51,22.8536,2.19,100.0,85.4
4326,-4091.71,13.8565,2.1,100.0,85.2
4327,-4086.51,3.7543,2.15,99.2,84.9
4328,-4087.72,2.2497,2.28,100.0,84.9
4329,-4202.5,1244.9128,2.15,99.6,84.8
4330,-4084.24,20.6817,2.11,100.0,84.9
4331,-4189.0,1012.3701,2.27,100.0,84.8
4332,-4191.46,870.9096,2.14,100.0,84.9
4333,-4164.68,612.402,2.16,100.0,84.9
4334,-4076.0,753.8475,2.08,99.9,84.8
4335,-4095.89,560.1445,2.33,100.0,84.8
4336,-4086.79,397.0383,2.11,99.9,84.9
4337,-4059.86,245.7326,2.12,99.7,84.7
4338,-4201.1,1405.0119,2.15,100.0,84.9
4339,-4074.89,162.0368,2.21,100.0,84.8
4340,-4067.76,47.7556,2.09,98.4,84.4
4341,-4070.63,33.1708,2.27,100.0,84.5
4342,-4076.0,16.6129,2.16,100.0,84.5
4343,-4168.78,1147.9675,2.18,100.0,84.6
4344,-4084.63,43.0226,2.18,99.8,84.5
4345,-4086.79,47.8418,2.16,100.0,84.6
4346,-4079.16,13.6716,2.26,100.0,84.5
4347,-4069.59,8.0058,2.09,91.8,84.2
4348,-4090.04,18.0099,2.3,100.0,84.4
4349,-4073.57,14.9667,2.15,100.0,84.5
4350,-4204.8,1520.0586,2.13,100.0,84.4
4351,-4073.57,15.4913,2.08,100.0,84.4
4352,-4184.23,1237.8239,2.25,100.0,84.5
4353,-4195.83,1176.1729,2.12,100.0,84.5
4354,-4089.73,106.9928,2.14,100.0,84.6
4355,-4090.71,76.0105,2.13,100.0,84.6
4356,-4075.0,36.2182,2.26,100.0,84.6
4357,-4190.42,1467.1128,2.11,99.5,83.1
4358,-4079.15,15.2668,2.14,100.0,83.2
4359,-4077.04,6.0434,2.23,100.0,82.6
4360,-4087.24,7.8041,2.12,99.7,82.6
4361,-4194.41,1120.4604,2.19,100.0,82.7
4362,-4081.41,92.3384,2.13,100.0,82.7
4363,-4055.92,195.8897,2.22,100.0,82.8
4364,-4071.23,36.7961,2.13,99.9,82.8
4365,-4191.46,1496.7484,2.17,100.0,82.7
4366,-4184.23,1309.665,2.23,100.0,82.8
4367,-4179.27,986.3111,2.33,99.0,82.7
4368,-4077.55,202.7621,2.09,94.8,82.4
4369,-4085.3,191.5055,2.3,100.0,82.4
4370,-4199.98,888.7535,2.36,100.0,82.8
4371,-4194.41,738.81,2.06,96.6,82.3
4372,-4187.44,593.3245,2.25,99.8,81.9
4373,-4180.68,472.3278,2.18,100.0,81.9
4374,-4179.27,394.5776,2.15,100.0,81.9
4375,-4081.41,784.1729,2.07,100.0,81.9
4376,-4079.15,472.7765,2.23,100.0,81.7
4377,-4087.72,190.0519,2.2,99.0,81.5
4378,-4068.98,173.8554,2.13,100.0,81.6
4379,-4083.31,73.0963,2.06,100.0,81.6
4380,-4083.31,51.0208,2.37,100.0,81.5
4381,-4050.47,86.4608,2.14,92.9,81.4
4382,-4198.57,1763.2671,2.11,100.0,81.4
4383,-4057.64,22.5661,2.15,100.0,81.4
4384,-4191.46,1445.8924,2.19,100.0,81.5
4385,-4184.23,1082.8391,2.1,98.6,80.9
4386,-4190.04,810.7986,2.2,100.0,81.0
4387,-4185.65,603.2557,2.11,100.0,81.0
4388,-4069.1,1232.4003,2.26,100.0,81.0
4389,-4069.1,1164.2322,2.11,99.9,81.1
4390,-4084.24,616.4215,2.24,100.0,81.0
4391,-4198.57,583.8062,2.24,100.0,81.0
4392,-4087.72,164.0301,2.08,98.9,80.8
4393,-4185.65,789.9252,2.37,100.0,80.1
4394,-4190.04,698.8188,2.14,99.2,79.9
4395,-4088.24,227.4645,2.11,100.0,79.7
4396,-4090.71,183.1957,2.16,100.0,79.9
4397,-4087.72,55.7357,2.21,100.0,79.8
4398,-4190.04,1194.6347,2.08,99.5,79.9
4399,-4090.71,29.3005,2.28,100.0,80.0
4400,-4079.16,34.3371,2.11,99.7,80.0
4401,-4093.54,10.3376,2.22,100.0,80.0
4402,-4083.31,13.6381,2.08,100.0,80.0
4403,-4083.31,6.9142,2.32,100.0,80.1
4404,-4090.71,9.6864,2.16,99.8,80.2
4405,-4067.76,28.6627,2.08,100.0,80.1
4406,-4203.91,1540.6863,2.16,100.0,80.2
4407,-4179.27,1148.6399,2.24,100.0,80.3
4408,-4077.94,86.9452,2.1,95.8,79.0
4409,-4179.27,818.5141,2.26,100.0,79.1
4410,-4187.44,730.9605,2.26,100.0,79.0
4411,-4197.54,644.3881,2.1,99.1,78.8
4412,-4054.28,1355.4152,2.2,99.0,78.9
4413,-4066.81,1227.6672,2.19,100.0,78.9
4414,-4190.04,376.8789,2.16,99.9,78.9
4415,-4196.22,370.0216,2.09,100.0,78.8
4416,-4188.25,308.6798,2.24,100.0,78.9
4417,-4185.65,275.9435,2.15,99.9,79.0
4418,-4069.59,953.9418,2.17,100.0,78.9
4419,-4191.46,337.3748,2.06,100.0,78.8
4420,-4074.82,632.9167,2.37,100.0,78.8
4421,-4089.61,256.645,2.1,94.1,78.7
4422,-4081.41,189.7334,2.11,100.0,78.6
4423,-4079.16,122.4214,2.14,100.0,78.7
4424,-4090.71,74.8156,2.17,100.0,78.8
4425,-4080.04,43.2859,2.06,99.4,78.7
4426,-4084.3,46.1628,2.29,100.0,78.8
4427,-4084.3,31.5615,2.12,100.0,78.7
4428,-4086.03,15.9382,2.16,100.0,78.9
4429,-4079.16,10.3607,2.16,100.0,78.8
4430,-4083.31,5.2967,2.16,100.0,79.0
4431,-4194.41,1362.6212,2.25,100.0,78.9
4432,-4089.61,17.2896,2.09,96.1,78.5
4433,-4097.25,11.7581,2.29,100.0,78.5
4434,-4089.61,2.3364,2.13,100.0,78.7
4435,-4195.83,1218.3639,2.18,100.0,78.7
4436,-4089.73,70.4711,2.08,100.0,78.7
4437,-4202.5,951.3965,2.27,100.0,78.8
4438,-4078.25,169.4894,2.14,100.0,78.9
4439,-4074.78,113.1329,2.12,100.0,78.9
4440,-4076.22,40.5597,2.09,100.0,78.9
4441,-4080.37,40.3064,2.26,100.0,78.9
4442,-4074.78,16.0362,2.11,98.5,78.8
4443,-4077.21,7.6181,2.18,100.0,78.7
4444,-4079.16,4.65,2.25,100.0,78.8
4445,-4079.16,2.9834,2.23,99.4,78.5
4446,-4077.94,1.1448,2.11,98.5,78.6
4447,-4054.7,37.3006,2.24,100.0,78.6
4448,-4201.77,1795.0422,2.21,100.0,78.7
4449,-4199.98,1464.7492,2.07,99.6,78.7
4450,-4072.53,104.9975,2.2,100.0,78.7
4451,-4184.96,1084.0835,2.22,100.0,77.9
4452,-4194.41,781.8913,2.17,99.3,77.7
4453,-4163.27,600.0685,2.06,99.9,77.8
4454,-4162.63,534.8006,2.36,100.0,78.0
4455,-4088.64,903.2901,2.2,98.1,77.6
4456,-4077.59,694.9821,2.19,98.3,77.1
4457,-4179.27,676.7793,2.13,100.0,77.2
4458,-4090.04,338.5996,2.26,100.0,77.2
4459,-4170.19,808.0125,2.08,95.7,76.3
4460,-4059.86,279.1601,2.14,99.9,76.5
4461,-4199.3,915.3614,2.15,100.0,76.3
4462,-4194.69,778.0649,2.29,100.0,75.9
4463,-4183.29,424.0333,2.06,97.1,75.8
4464,-4050.26,1304.1395,2.3,100.0,75.8
4465,-4179.27,328.8389,2.15,100.0,75.9
4466,-4077.04,759.3279,2.12,100.0,75.8
4467,-4179.27,369.909,2.21,100.0,75.9
4468,-4064.4,648.1932,2.14,100.0,75.9
4469,-4196.22,600.3212,2.2,100.0,75.9
4470,-4179.27,408.0702,2.06,100.0,76.0
4471,-4191.46,275.3978,2.24,100.0,76.1
4472,-4193.25,250.8469,2.15,99.6,76.2
4473,-4190.42,221.5825,2.12,100.0,76.2
4474,-4049.36,1507.1142,2.17,100.0,76.3
4475,-4049.36,873.9117,2.34,100.0,76.4
4476,-4192.21,843.6683,2.12,93.0,76.5
4477,-4187.44,894.7033,2.19,100.0,76.5
4478,-4188.53,626.1694,2.25,100.0,76.6
4479,-4195.29,319.6049,2.2,100.0,76.6
4480,-4184.23,209.2437,2.14,99.4,76.6
4481,-4180.68,239.8955,2.12,100.0,76.6
4482,-4184.23,145.1734,2.39,100.0,76.6
4483,-4078.25,908.8207,2.13,88.1,76.8
4484,-4076.22,556.6993,2.11,99.2,76.9
4485,-4172.79,945.2234,2.2,100.0,77.0
4486,-4076.22,271.4651,2.19,100.0,76.9
4487,-4080.37,157.1521,2.08,97.0,76.9
4488,-4072.45,73.7482,2.19,100.0,77.0
4489,-4077.04,56.275,2.13,100.0,77.0
4490,-4203.91,1524.138,2.26,100.0,77.1
4491,-4198.57,1050.7498,2.09,99.0,77.1
4492,-4094.41,304.0332,2.21,100.0,77.1
4493,-4190.04,590.4511,2.18,100.0,77.1
4494,-4090.94,568.8315,2.13,99.1,77.1
4495,-4071.84,572.1335,2.07,99.4,77.0
4496,-4086.92,186.5774,2.29,100.0,77.1
4497,-4089.61,75.4596,2.15,100.0,76.9
4498,-4086.78,65.8567,2.18,100.0,76.9
4499,-4091.71,40.7139,2.14,100.0,77.0
4500,-4191.46,1000.3657,2.19,100.0,77.0
4501,-4090.71,233.1812,2.24,100.0,77.2
4502,-4083.31,289.9256,2.08,97.8,76.8
4503,-4083.35,105.1483,2.32,100.0,76.8
4504,-4086.78,28.0435,2.2,99.7,76.8
4505,-4075.28,32.8289,2.14,99.3,76.9
4506,-4087.24,26.9557,2.14,100.0,77.1
4507,-4090.71,15.5592,2.24,100.0,77.0
4508,-4085.46,5.9647,2.17,100.0,77.0
4509,-4198.57,1324.9109,2.16,100.0,77.0
4510,-4086.78,16.4494,2.1,100.0,77.0
4511,-4095.81,7.0633,2.32,100.0,77.1
4512,-4096.33,9.4048,2.11,90.9,77.1
4513,-4090.06,11.6998,2.15,99.9,77.2
4514,-4091.53,4.5108,2.18,100.0,77.3
4515,-4097.25,7.9071,2.23,100.0,77.3
4516,-4094.23,3.524,2.12,98.9,77.3
4517,-4092.33,2.3485,2.13,100.0,77.4
4518,-4095.02,5.4759,2.14,100.0,77.4
4519,-4095.81,1.9167,2.26,100.0,77.3
4520,-4093.54,1.8292,2.09,93.3,77.6
4521,-4097.86,4.4692,2.26,100.0,77.6
4522,-4096.01,2.2358,2.14,100.0,77.6
4523,-4098.71,1.7518,2.16,100.0,77.6
4524,-4092.33,3.4213,2.17,100.0,77.6
4525,-4093.62,1.7449,2.14,100.0,77.7
4526,-4091.53,1.199,2.3,100.0,77.8
4527,-4098.71,5.0643,2.08,95.6,77.8
4528,-4091.53,2.6714,2.18,99.9,77.9
4529,-4095.65,1.9038,2.17,100.0,77.9
4530,-4094.23,1.7768,2.18,100.0,78.0
4531,-4087.23,2.8096,2.08,100.0,78.1
4532,-4098.1,9.0184,2.29,100.0,78.2
4533,-4081.09,20.2534,2.15,99.9,77.8
4534,-4086.47,6.0293,2.16,100.0,77.9
4535,-4096.81,8.39,2.07,100.0,78.0
4536,-4203.5,1094.1167,2.21,100.0,78.1
4537,-4198.57,709.1739,2.18,100.0,78.2
4538,-4083.31,618.1643,2.08,98.1,78.2
4539,-4090.94,602.509,2.16,100.0,78.2
4540,-4094.54,317.3427,2.19,100.0,78.3
4541,-4076.61,150.2597,2.13,98.6,78.3
4542,-4086.78,53.5833,2.19,100.0,78.4
4543,-4071.74,62.3511,2.1,100.0,78.4
4544,-4086.78,19.2465,2.32,100.0,78.5
4545,-4084.3,20.5995,2.12,94.5,78.6
4546,-4184.23,1123.5564,2.27,100.0,78.6
4547,-4095.81,14.2754,2.13,100.0,78.6
4548,-4087.23,6.3302,2.17,100.0,78.7
4549,-4091.34,4.6316,2.08,100.0,78.7
4550,-4086.92,8.0608,2.25,100.0,78.8
4551,-4090.71,4.5869,2.14,100.0,78.8
4552,-4089.94,4.2347,2.22,100.0,78.9
4553,-4088.0,11.1538,2.1,99.8,78.9
4554,-4098.71,9.4504,2.27,100.0,79.0
4555,-4083.31,5.8153,2.18,100.0,79.1
4556,-4094.41,7.1771,2.07,100.0,79.0
4557,-4093.54,2.6106,2.27,100.0,79.1
4558,-4203.91,1235.8272,2.14,98.2,79.1
4559,-4185.65,893.787,2.17,100.0,79.2
4560,-4089.61,226.0672,2.1,100.0,79.2
4561,-4083.09,282.1736,2.21,100.0,79.2
4562,-4071.84,181.5989,2.17,100.0,79.3
4563,-4191.46,1139.5311,2.1,100.0,78.7
4564,-4187.44,1154.4684,2.1,100.0,78.8
4565,-4075.0,81.0114,2.26,100.0,78.8
4566,-4073.57,53.7488,2.12,100.0,78.8
4567,-4082.09,14.2773,2.1,100.0,78.8
4568,-4077.21,9.8113,2.29,100.0,78.9
4569,-4071.84,9.1193,2.11,100.0,79.1
4570,-4192.21,1505.9831,2.23,100.0,79.1
4571,-4078.83,6.2168,2.03,100.0,78.3
4572,-4082.73,15.451,2.26,100.0,78.4
4573,-4193.25,1377.0506,2.15,99.9,78.5
4574,-4184.23,1050.5386,2.13,100.0,78.5
4575,-4071.23,355.5858,2.07,100.0,78.4
4576,-4204.26,1056.7053,2.29,100.0,78.6
4577,-4066.04,580.2861,2.11,100.0,78.7
4578,-4079.15,378.1867,2.22,100.0,78.7
4579,-4076.22,150.3915,2.08,100.0,78.6
4580,-4197.62,1312.1325,2.23,100.0,78.7
4581,-4064.82,42.3939,2.16,100.0,78.8
4582,-4077.04,9.287,2.13,100.0,78.8
4583,-4087.56,13.0125,2.28,100.0,78.8
4584,-4084.3,20.2533,2.11,97.9,78.6
4585,-4070.63,6.021,2.13,100.0,78.7
4586,-4080.37,14.7971,2.15,100.0,78.6
4587,-4190.04,1233.9443,2.08,100.0,78.6
4588,-4080.37,96.0656,2.22,100.0,78.8
4589,-4071.23,122.6769,2.11,100.0,78.7
4590,-4072.53,31.8815,2.2,100.0,78.7
4591,-4184.23,1463.9928,2.07,98.1,78.8
4592,-4191.46,1571.0312,2.29,99.9,78.8
4593,-4180.68,1195.8125,2.14,100.0,78.9
4594,-4070.8,109.6439,2.13,99.7,78.9
4595,-4179.27,801.2554,2.12,100.0,78.9
4596,-4204.94,841.2544,2.29,100.0,79.0
4597,-4193.25,603.3201,2.12,100.0,79.1
4598,-4197.62,471.087,2.17,100.0,79.1
4599,-4085.46,1187.0217,2.09,100.0,79.0
4600,-4085.56,999.8501,2.25,100.0,79.0
4601,-4189.0,379.5992,2.12,98.2,79.1
4602,-4070.63,690.0449,2.17,100.0,79.1
4603,-4087.24,324.3423,2.18,100.0,78.5
4604,-4066.04,243.2333,2.08,96.8,77.2
4605,-4074.78,118.939,2.36,100.0,77.3
4606,-4180.68,1414.4939,2.14,99.4,77.5
4607,-4190.04,1161.1986,2.09,100.0,77.5
4608,-4079.16,133.9188,2.17,100.0,77.6
4609,-4083.31,123.3369,2.21,100.0,77.5
4610,-4079.16,55.9032,2.15,100.0,77.6
4611,-4076.22,37.1125,2.09,100.0,77.7
4612,-4089.61,24.8583,2.19,100.0,77.7
4613,-4070.8,27.1022,2.18,100.0,77.7
4614,-4203.91,1330.8188,2.17,100.0,77.7
4615,-4088.0,34.3165,2.07,100.0,77.8
4616,-4083.31,12.9833,2.37,100.0,77.9
4617,-4079.16,5.6767,2.12,93.3,78.0
4618,-4077.21,3.8208,2.16,100.0,77.9
4619,-4198.57,1379.8595,2.12,100.0,78.0
4620,-4073.74,15.8658,2.26,100.0,77.9
4621,-4194.41,1263.2346,2.07,97.6,78.1
4622,-4067.76,36.1067,2.18,100.0,77.7
4623,-4069.59,15.3003,2.27,100.0,77.6
4624,-4175.53,1452.4619,2.14,97.7,77.6
4625,-4075.0,6.0319,2.11,99.9,77.8
4626,-4201.77,1394.8859,2.25,100.0,77.8
4627,-4193.25,1050.7607,2.17,100.0,77.8
4628,-4071.84,310.7118,2.18,99.4,78.6
4629,-4062.8,383.3675,2.28,100.0,78.5
4630,-4177.32,784.8448,2.1,100.0,78.6
4631,-4050.58,335.0967,2.21,100.0,78.7
4632,-4076.0,85.7742,2.02,98.9,78.1
4633,-4191.46,1192.9618,2.31,100.0,78.1
4634,-4197.62,1251.4715,2.17,100.0,78.1
4635,-4066.04,84.3692,2.09,100.0,78.1
4636,-4185.65,940.4711,2.33,100.0,78.2
4637,-4075.0,96.6443,2.12,99.4,78.0
4638,-4072.53,57.543,2.15,100.0,78.0
4639,-4184.23,1147.7833,2.08,100.0,78.1
4640,-4190.04,1147.8809,2.23,100.0,78.1
4641,-4078.25,30.263,2.17,98.7,77.9
4642,-4074.78,28.1517,2.13,100.0,77.8
4643,-4203.81,1463.571,2.11,100.0,78.1
4644,-4069.59,16.6614,2.27,99.5,77.9
4645,-4194.41,1343.9067,2.08,97.9,77.8
4646,-4084.24,10.3384,2.17,100.0,77.7
4647,-4089.61,5.9151,2.3,100.0,77.7
4648,-4070.8,29.642,2.13,98.9,77.8
4649,-4190.04,1166.6222,2.12,99.6,77.8
4650,-4076.33,19.2576,2.23,100.0,77.9
4651,-4054.7,55.6655,2.19,100.0,77.9
4652,-4070.8,22.8003,2.12,99.6,77.7
4653,-4073.57,12.3007,2.12,100.0,77.8
4654,-4076.22,9.7598,2.18,100.0,77.8
4655,-4192.21,1371.222,2.25,100.0,77.9
4656,-4078.25,11.764,2.11,96.6,78.0
4657,-4174.11,1082.5385,2.36,100.0,78.0
4658,-4188.83,990.5403,2.19,99.5,77.8
4659,-4084.63,152.8549,2.13,100.0,77.8
4660,-4059.86,248.551,2.15,100.0,77.9
4661,-4059.86,113.3597,2.16,100.0,77.9
4662,-4190.6,1396.0162,2.18,99.9,77.9
4663,-4084.63,39.6221,2.08,100.0,78.0
4664,-4079.16,8.0409,2.22,100.0,78.2
4665,-4074.78,5.4585,2.26,98.9,78.1
4666,-4095.01,36.5762,2.08,97.3,78.1
4667,-4080.37,9.1378,2.21,100.0,78.2
4668,-4078.15,4.1017,2.32,100.0,78.3
4669,-4191.46,1282.3606,2.06,94.2,78.2
4670,-4071.74,28.3784,2.13,99.8,78.4
4671,-4090.94,17.4924,2.24,100.0,78.3
4672,-4082.62,1.2476,2.2,100.0,78.4
4673,-4202.5,1321.9653,2.08,99.8,78.5
4674,-4202.5,1140.0764,2.22,100.0,78.4
4675,-4071.74,192.6815,2.19,100.0,78.5
4676,-4189.94,834.6071,2.15,100.0,78.6
4677,-4082.3,262.0014,2.01,100.0,78.6
4678,-4082.3,187.3781,2.38,100.0,78.7
4679,-4073.78,85.6624,2.13,95.8,78.7
4680,-4091.34,36.5336,2.11,100.0,78.7
4681,-4087.4,25.8819,2.16,100.0,78.6
4682,-4095.81,7.4542,2.26,100.0,78.7
4683,-4096.94,11.0972,2.09,96.1,78.7
4684,-4095.04,4.2278,2.16,100.0,78.8
4685,-4094.85,5.4485,2.13,100.0,78.8
4686,-4086.6,8.2316,2.23,100.0,78.9
4687,-4083.25,8.2967,2.1,98.4,79.0
4688,-4092.33,10.7192,2.13,100.0,78.9
4689,-4086.78,14.0751,2.28,100.0,79.0
4690,-4095.81,5.1915,2.14,92.6,79.2
4691,-4079.83,14.9378,2.11,99.2,79.4
4692,-4091.88,5.1749,2.21,100.0,79.3
4693,-4093.54,2.5701,2.19,100.0,79.1
4694,-4082.77,7.8807,2.11,100.0,79.3
4695,-4082.62,3.8299,2.28,100.0,79.3
4696,-4086.24,3.8548,2.1,100.0,79.4
4697,-4082.62,2.8255,2.22,100.0,79.3
4698,-4086.78,1.9865,2.04,95.4,79.5
4699,-4067.48,27.4753,2.32,100.0,79.6
4700,-4079.16,2.0644,2.16,100.0,79.8
4701,-4070.8,4.8249,2.12,100.0,79.8
4702,-4086.78,17.8988,2.18,100.0,80.0
4703,-4085.46,9.5499,2.22,100.0,80.0
4704,-4082.62,4.5918,2.14,100.0,80.3
4705,-4094.41,18.1002,2.18,100.0,80.3
4706,-4207.62,1302.9856,2.17,100.0,80.4
4707,-4050.47,222.8982,2.21,100.0,80.4
4708,-4083.31,55.9665,2.12,100.0,80.6
4709,-4198.57,1116.2379,2.13,100.0,80.6
4710,-4080.04,17.165,2.38,100.0,80.7
4711,-4058.86,51.2832,2.13,89.3,80.8
4712,-4068.98,20.1508,2.21,100.0,80.9
4713,-4044.16,52.6071,2.15,100.0,80.8
4714,-4184.23,1508.1132,2.21,100.0,80.9
4715,-4194.41,1475.7308,2.08,98.1,81.0
4716,-4198.57,1222.4434,2.25,100.0,81.0
4717,-4187.44,895.9819,2.09,100.0,81.1
4718,-4189.48,737.326,2.19,100.0,81.2
4719,-4336.85,3924.9953,2.06,99.8,81.2
4720,-4166.47,865.8918,2.26,100.0,81.2
4721,-4184.96,656.1677,2.19,100.0,81.2
4722,-4018.68,2199.894,2.04,99.6,81.3
4723,-4040.01,1130.0687,2.2,99.9,81.6
4724,-4195.83,661.1233,2.21,100.0,81.5
4725,-4069.1,277.2424,2.15,98.6,81.4
4726,-4063.84,191.5943,2.1,100.0,81.6
4727,-4184.23,1281.563,2.28,100.0,81.6
4728,-4332.77,6323.7124,2.15,99.0,81.7
4729,-4180.68,898.9148,2.15,100.0,81.8
4730,-4054.7,364.2102,2.08,100.0,81.9
4731,-4066.04,309.9825,2.43,100.0,82.0
4732,-4189.0,724.7204,2.15,91.9,82.0
4733,-4171.98,672.5963,2.13,100.0,82.2
4734,-4050.58,546.8895,2.14,100.0,82.2
4735,-4055.77,435.3556,2.22,100.0,82.2
4736,-4182.47,666.8197,2.05,97.1,82.4
4737,-4327.96,4910.861,2.25,100.0,82.5
4738,-4170.19,461.9174,2.14,100.0,82.5
4739,-4175.53,376.176,2.19,100.0,82.4
4740,-4062.8,1229.0067,2.13,100.0,82.1
4741,-4331.38,3233.065,2.21,100.0,82.2
4742,-4185.65,204.3349,2.31,100.0,82.3
4743,-4042.95,1832.9303,2.06,88.5,82.4
4744,-4049.36,1301.8842,2.21,100.0,81.6
4745,-4197.27,504.1031,2.1,99.9,81.5
4746,-4059.86,574.5944,2.22,100.0,81.7
4747,-4169.64,800.9921,2.15,100.0,81.8
4748,-4199.85,658.6401,2.15,100.0,81.8
4749,-4189.92,395.5801,2.4,100.0,81.6
4750,-4184.51,230.9179,2.2,96.6,81.8
4751,-4167.28,303.9511,2.11,99.3,81.8
4752,-4168.7,231.4894,2.19,100.0,81.8
4753,-4312.47,2638.3952,2.27,100.0,81.9
4754,-4204.26,129.4051,2.1,91.8,82.1
4755,-4193.5,145.5372,2.22,99.9,82.0
4756,-4174.11,141.8449,2.12,100.0,82.0
4757,-4307.14,2471.4492,2.21,100.0,82.0
4758,-4185.64,101.8581,2.04,99.0,82.0
4759,-4190.42,51.0662,2.24,100.0,82.0
4760,-4199.98,27.3723,2.26,100.0,81.1
4761,-4195.37,31.2752,2.14,96.3,81.2
4762,-4170.19,64.4369,2.1,99.6,81.4
4763,-4185.65,19.228,2.27,100.0,81.1
4764,-4064.82,2016.0338,2.2,100.0,81.2
4765,-4059.86,1356.1116,2.08,100.0,81.4
4766,-4195.83,555.0015,2.3,100.0,81.5
4767,-4190.04,476.1777,2.1,97.9,81.5
4768,-4205.71,237.3784,2.15,100.0,81.4
4769,-4199.98,94.7741,2.23,100.0,81.5
4770,-4076.22,2359.269,2.24,100.0,81.6
4771,-4179.27,41.4052,2.15,99.2,81.6
4772,-4026.17,1507.6208,2.07,100.0,81.6
4773,-4179.36,440.6722,2.43,100.0,81.1
4774,-4023.23,895.5979,2.18,92.0,81.1
4775,-4194.41,855.9356,2.11,100.0,81.2
4776,-4184.23,597.5393,2.19,100.0,81.2
4777,-4058.86,579.3621,2.2,99.4,81.1
4778,-4078.25,376.5845,2.1,97.3,81.3
4779,-4084.3,288.669,2.27,100.0,81.3
4780,-4064.01,165.4177,2.18,100.0,81.2
4781,-4075.28,94.4769,2.13,98.6,81.3
4782,-4068.98,77.3478,2.3,100.0,81.3
4783,-4091.88,94.4646,2.08,100.0,81.4
4784,-4095.01,72.0403,2.24,100.0,81.4
4785,-4094.54,51.4253,2.07,100.0,81.4
4786,-4083.35,16.6038,2.26,100.0,81.5
4787,-4097.1,26.0731,2.17,100.0,81.5
4788,-4093.54,21.2207,2.11,99.0,81.5
4789,-4093.17,6.0003,2.23,100.0,81.5
4790,-4086.92,7.1544,2.25,100.0,81.6
4791,-4097.1,8.2082,2.17,98.5,81.2
4792,-4099.18,6.2166,2.08,100.0,81.1
4793,-4091.88,9.2227,2.23,99.9,81.2
4794,-4081.09,9.5123,2.23,99.4,81.2
4795,-4094.25,11.0918,2.15,95.2,81.2
4796,-4083.35,16.0319,2.11,100.0,81.3
4797,-4064.01,24.2673,2.35,100.0,81.3
4798,-4097.1,136.0654,2.11,97.0,81.4
4799,-4100.81,55.1154,2.16,99.6,81.4
4800,-4072.45,67.0895,2.15,100.0,81.4
4801,-4059.94,112.2658,2.24,100.0,81.4
4802,-4080.04,15.0552,2.07,97.8,81.3
4803,-4089.61,24.275,2.14,100.0,81.4
4804,-4082.55,6.6215,2.17,100.0,81.5
4805,-4076.22,16.192,2.24,100.0,81.4
4806,-4077.55,11.0274,2.07,95.5,81.1
4807,-4093.17,15.7671,2.32,100.0,81.1
4808,-4091.88,10.5477,2.13,97.6,81.4
4809,-4074.78,19.9066,2.18,100.0,81.2
4810,-4073.74,13.5112,2.08,100.0,81.1
4811,-4098.71,32.5054,2.21,100.0,81.3
4812,-4075.28,41.7918,2.21,100.0,81.3
4813,-4086.78,10.0446,2.08,100.0,81.4
4814,-4066.62,22.5448,2.24,99.9,81.8
4815,-4079.16,5.4522,2.25,99.4,81.9
4816,-4038.32,115.6731,2.1,98.6,82.0
4817,-4075.28,8.9427,2.2,100.0,82.1
4818,-4082.31,6.8442,2.34,100.0,82.1
4819,-4159.42,951.6296,2.11,96.6,82.2
4820,-4068.98,113.5465,2.13,100.0,82.3
4821,-4200.1,1002.2489,2.15,100.0,82.5
4822,-4023.23,518.8495,2.23,100.0,82.4
4823,-4051.93,178.7772,2.06,97.6,82.3
4824,-4180.48,1129.2635,2.2,100.0,82.5
4825,-4196.41,1188.6568,2.17,100.0,82.6
4826,-4191.46,778.2072,2.18,99.9,82.6
4827,-4195.37,571.5436,2.1,93.1,82.5
4828,-4064.01,1198.6792,2.28,100.0,82.5
4829,-4053.52,1422.5143,2.11,99.9,82.2
4830,-4087.24,726.4425,2.13,100.0,82.2
4831,-4190.42,398.0839,2.08,100.0,82.1
4832,-4179.27,342.6524,2.15,100.0,82.2
4833,-4079.16,611.0962,2.29,100.0,82.1
4834,-4068.98,605.1384,2.07,99.2,82.1
4835,-4184.51,471.2909,2.33,99.9,82.1
4836,-4076.22,321.6296,2.21,98.8,82.0
4837,-4047.63,334.9563,2.09,98.9,82.1
4838,-4085.46,68.342,2.17,100.0,82.3
4839,-4082.62,51.8066,2.33,100.0,82.2
4840,-4073.74,43.2288,2.07,92.6,82.5
4841,-4078.25,18.9838,2.13,100.0,82.5
4842,-4091.34,31.1963,2.16,100.0,82.5
4843,-4070.8,50.5851,2.23,100.0,82.5
4844,-4064.01,34.6141,2.09,97.0,82.6
4845,-4067.48,13.5101,2.26,100.0,82.7
4846,-4089.61,38.3824,2.11,100.0,82.7
4847,-4075.28,19.0545,2.16,100.0,82.7
4848,-4061.07,22.6944,2.07,100.0,82.8
4849,-4068.98,12.7044,2.27,100.0,82.9
4850,-4168.78,1352.6597,2.25,100.0,83.4
4851,-4187.44,1150.647,2.07,98.7,82.8
4852,-4198.57,774.6194,2.31,100.0,82.9
4853,-4327.17,4858.9796,2.13,99.7,83.0
4854,-4075.0,1687.7391,2.13,99.9,82.7
4855,-4289.18,3296.2688,2.12,100.0,82.7
4856,-4243.82,3011.6857,2.08,100.0,82.6
4857,-4196.22,650.8265,2.15,100.0,82.7
4858,-4305.79,2582.4064,2.1,100.0,82.9
4859,-4146.86,1002.2422,2.2,100.0,82.9
4860,-4157.28,679.3518,2.08,98.0,83.1
4861,-4136.25,623.2706,2.2,100.0,83.1
4862,-4179.55,275.2121,2.18,100.0,83.2
4863,-4189.66,258.2786,2.14,100.0,83.3
4864,-4327.96,2913.5335,2.11,95.7,83.4
4865,-4170.19,270.8784,2.19,100.0,83.4
4866,-4163.44,314.2295,2.18,100.0,83.4
4867,-4176.0,153.2948,2.08,100.0,83.5
4868,-4190.6,139.1313,2.28,99.7,83.4
4869,-4169.64,137.4298,2.13,100.0,83.5
4870,-4303.81,2276.6918,2.19,99.5,83.5
4871,-4327.01,1572.625,2.06,100.0,83.6
4872,-4183.38,1119.7584,2.21,100.0,83.7
4873,-4301.8,1152.6234,2.16,100.0,83.8
4874,-4316.52,1025.1832,2.19,100.0,83.6
4875,-4160.8,1025.8815,2.04,99.2,83.7
4876,-4336.75,1098.0971,2.36,100.0,83.8
4877,-4151.59,984.406,2.14,95.7,83.9
4878,-4187.44,338.0234,2.14,98.8,83.8
4879,-4322.71,1841.5635,2.16,100.0,83.9
4880,-4174.21,195.7576,2.24,100.0,84.0
4881,-4084.06,1892.8421,2.03,93.2,84.0
4882,-4178.04,221.6851,2.18,100.0,84.0
4883,-4199.39,183.2646,2.12,100.0,84.2
4884,-4323.0,2073.776,2.2,100.0,84.3
4885,-4188.98,245.3467,2.19,97.8,85.0
4886,-4166.47,359.9874,2.13,100.0,85.0
4887,-4197.62,47.546,2.21,100.0,85.1
4888,-4160.84,82.9661,2.22,100.0,84.8
4889,-4178.04,70.5235,2.09,92.9,84.5
4890,-4177.22,46.8737,2.23,100.0,84.6
4891,-4179.17,29.4677,2.22,100.0,84.7
4892,-4317.82,2618.6863,2.08,98.3,84.4
4893,-4187.44,20.552,2.15,99.3,84.4
4894,-4323.0,1738.0434,2.22,100.0,84.5
4895,-4297.56,1416.9144,2.26,100.0,84.6
4896,-4450.57,5159.8298,2.05,98.5,84.6
4897,-4273.6,1313.3586,2.23,100.0,84.7
4898,-4392.62,3190.9557,2.2,100.0,84.7
4899,-4243.46,1987.9115,2.13,98.8,84.6
4900,-4265.11,868.5099,2.07,95.2,84.7
4901,-4473.78,6973.8566,2.27,100.0,84.7
4902,-4251.19,897.4294,2.15,99.3,84.1
4903,-4442.74,3442.9396,2.08,100.0,84.2
4904,-3997.81,12036.1213,2.23,99.7,84.3
4905,-4529.36,5958.7074,2.18,100.0,84.3
4906,-4300.19,834.4113,2.09,99.0,84.4
4907,-4281.1,594.5987,2.11,100.0,84.4
4908,-4323.41,382.3206,2.21,100.0,84.4
4909,-4341.96,2766.6714,2.19,99.0,84.6
4910,-4487.43,3498.0628,2.1,99.5,84.2
4911,-4321.87,796.7695,2.05,100.0,84.2
4912,-4332.39,604.4901,2.37,100.0,84.3
4913,-4287.38,423.8515,2.12,90.8,84.5
4914,-4267.49,341.4931,2.13,100.0,84.6
4915,-4430.22,3460.7905,2.13,100.0,84.6
4916,-4144.57,1379.1857,2.19,100.0,84.6
4917,-4439.67,3570.686,2.09,97.3,84.3
4918,-4430.22,2967.803,2.31,100.0,84.5
4919,-4272.21,651.1551,2.15,99.8,84.7
4920,-4303.76,192.4256,2.17,100.0,83.6
4921,-4415.4,1853.673,2.13,100.0,83.5
4922,-4252.69,441.0107,2.19,100.0,83.7
4923,-4316.38,116.1455,2.09,100.0,83.5
4924,-4129.46,2283.4786,2.29,100.0,83.5
4925,-4329.25,257.302,2.12,100.0,83.6
4926,-4247.17,191.8106,2.16,100.0,83.7
4927,-4495.26,4111.413,2.13,100.0,83.7
4928,-4297.62,48.3971,2.19,100.0,83.6
4929,-4207.13,1686.0155,2.19,100.0,83.7
4930,-4271.8,59.5018,2.06,100.0,83.6
4931,-4332.39,225.1327,2.23,100.0,83.7
4932,-4288.27,114.1518,2.2,98.8,83.8
4933,-4307.38,39.7207,2.09,99.0,83.9
4934,-4302.65,18.4661,2.17,100.0,84.0
4935,-4302.02,5.9306,2.28,100.0,83.8
4936,-4325.69,96.6004,2.1,97.0,83.5
4937,-4452.06,1659.6605,2.14,99.8,83.6
4938,-4160.85,4392.0976,2.2,100.0,83.7
4939,-4341.39,424.9585,2.18,100.0,83.8
4940,-4434.53,998.6356,2.1,100.0,83.7
4941,-4334.02,94.123,2.16,100.0,83.7
4942,-4264.78,290.8173,2.18,100.0,83.8
4943,-4324.89,345.3259,2.2,100.0,83.9
4944,-4109.19,2175.4598,2.05,98.9,83.9
4945,-4396.19,2932.4884,2.32,100.0,83.9
4946,-4291.34,195.9283,2.11,99.8,84.0
4947,-4153.82,2171.5926,2.16,100.0,84.1
4948,-4277.17,61.014,2.23,100.0,84.1
4949,-4340.58,325.9161,2.17,100.0,84.1
4950,-4161.53,2003.5935,2.14,100.0,84.2
4951,-4358.51,1850.5556,2.15,100.0,84.3
4952,-4136.26,2547.7915,2.17,100.0,84.3
4953,-4467.84,2596.0812,2.2,99.5,84.4
4954,-4316.52,68.7627,2.07,99.8,84.3
4955,-4323.07,27.7391,2.25,100.0,84.5
4956,-4327.01,28.622,2.29,100.0,84.6
4957,-4285.66,145.4041,2.09,95.6,84.6
4958,-4447.19,2386.6167,2.16,99.8,84.4
4959,-4267.88,284.482,2.2,100.0,84.6
4960,-4478.19,3524.5223,2.19,100.0,84.6
4961,-4474.63,1940.8021,2.08,100.0,84.6
4962,-4307.38,382.7356,2.26,100.0,84.7
4963,-4458.94,1127.5042,2.2,100.0,84.7
4964,-4465.55,1546.4185,2.14,100.0,84.8
4965,-4344.45,902.7842,2.09,99.3,84.8
4966,-4144.53,6071.9907,2.18,100.0,84.3
4967,-4218.57,1267.6206,2.21,100.0,84.5
4968,-4220.95,867.3842,2.16,100.0,84.4
4969,-4343.71,1312.9503,2.11,99.4,84.7
4970,-4290.51,293.4341,2.31,100.0,84.7
4971,-4126.29,2832.4778,2.12,99.2,84.9
4972,-4447.62,2398.0605,2.11,100.0,84.9
4973,-4164.37,2953.731,2.25,100.0,85.0
4974,-4278.48,210.054,2.13,99.7,85.0
4975,-4319.56,222.9411,2.15,99.5,85.1
4976,-4328.58,188.8104,2.15,100.0,85.2
4977,-4440.17,1314.5637,2.21,100.0,85.2
4978,-4295.37,983.0159,2.17,99.1,85.2
4979,-4440.17,784.4948,2.07,100.0,85.4
4980,-4286.47,933.4474,2.26,100.0,85.5
4981,-4166.89,3856.8382,2.26,100.0,85.5
4982,-4325.4,546.4045,2.09,98.4,85.4
4983,-4153.82,2144.0002,2.29,100.0,85.5
4984,-4145.87,1587.6213,2.16,100.0,85.8
4985,-4159.01,922.6628,2.16,100.0,85.8
4986,-4335.5,2491.4215,2.14,100.0,85.7
4987,-4345.23,1959.7532,2.19,100.0,85.6
4988,-4178.04,815.7573,2.16,100.0,85.4
4989,-4304.89,804.6049,2.12,100.0,85.4
4990,-4063.87,6856.5016,2.11,100.0,85.7
4991,-4202.28,594.1995,2.24,99.4,85.7
4992,-4156.58,519.8902,2.09,100.0,85.6
4993,-4188.25,417.4199,2.14,100.0,85.2
4994,-4072.99,1603.1764,2.3,99.9,85.5
4995,-4036.34,1095.1308,2.11,100.0,85.5
4996,-4197.27,1503.6722,2.21,100.0,85.3
4997,-4197.27,1445.6415,2.17,100.0,85.4
4998,-4087.33,491.5304,2.19,100.0,85.5
4999,-4090.21,350.8328,2.08,100.0,85.4
5000,-4077.76,246.9595,2.14,100.0,85.5
5001,-4098.3,244.2607,2.17,100.0,85.5
5002,-4080.76,91.4607,2.23,100.0,85.6
5003,-4090.94,65.8308,2.11,99.3,85.6
5004,-4089.02,31.7498,2.29,100.0,85.6
5005,-4085.73,11.1307,2.16,99.6,85.6
5006,-4098.19,12.8254,2.16,100.0,85.7
5007,-4101.42,7.6543,2.08,100.0,85.8
5008,-4099.51,5.9805,2.22,100.0,85.8
5009,-4082.86,26.5278,2.15,99.6,85.9
5010,-4101.89,61.0843,2.18,100.0,85.8
5011,-4094.12,29.0226,2.05,100.0,85.9
5012,-4074.33,83.4069,2.37,100.0,86.0
5013,-4079.44,56.0511,2.15,92.3,86.1
5014,-4089.21,42.7065,2.13,100.0,86.1
5015,-4047.67,221.705,2.14,100.0,86.1
5016,-4000.53,526.2746,2.27,100.0,85.7
5017,-4091.19,214.3444,2.12,98.0,86.1
5018,-4097.19,216.1692,2.21,100.0,86.2
5019,-4088.92,33.1531,2.14,100.0,86.1
5020,-4195.68,982.6119,2.21,100.0,86.2
5021,-4142.82,670.5052,2.08,100.0,86.4
5022,-4272.21,4205.3822,2.12,100.0,86.5
5023,-4325.01,2713.0299,2.28,100.0,86.5
5024,-4271.78,2078.5233,2.15,96.2,86.5
5025,-4166.79,3334.8847,2.08,99.9,86.8
5026,-4145.26,1640.3943,2.25,100.0,86.9
5027,-4358.83,4764.5376,2.18,100.0,86.8
5028,-4436.21,5634.0682,2.08,100.0,86.8
5029,-4362.76,4304.6732,2.29,100.0,86.8
5030,-4291.84,1185.7584,2.15,100.0,86.7
5031,-4291.59,1233.5843,2.19,100.0,86.8
5032,-4076.63,5070.7866,2.08,99.9,87.2
5033,-4254.54,697.2727,2.29,100.0,87.2
5034,-4332.06,3877.5386,2.18,99.6,87.3
5035,-4117.6,1478.8317,2.07,99.0,87.3
5036,-4510.51,8910.5374,2.26,100.0,87.4
5037,-4292.14,722.254,2.34,99.6,87.1
5038,-4281.1,296.1165,2.09,96.1,87.1
5039,-4292.9,368.1371,2.2,100.0,87.1
5040,-4111.3,2598.4949,2.22,100.0,87.2
5041,-4490.64,6009.5042,2.16,97.4,87.1
5042,-4145.87,1531.9731,2.16,99.0,87.1
5043,-4240.46,705.0691,2.11,100.0,87.3
5044,-4374.3,3146.8447,2.32,100.0,87.3
5045,-4266.81,162.5472,2.11,88.5,87.4
5046,-4307.41,100.5635,2.05,98.8,87.3
5047,-4363.01,281.1008,2.24,100.0,87.3
5048,-4340.42,68.6196,2.2,100.0,87.4
5049,-4282.2,260.1248,2.09,100.0,87.5
5050,-4115.57,2501.1207,2.28,100.0,87.6
5051,-4442.37,4753.1687,2.18,100.0,87.1
5052,-4171.56,975.1581,2.12,99.0,87.2
5053,-4204.12,566.5646,2.15,100.0,87.3
5054,-4157.28,389.503,2.2,100.0,87.5
5055,-4168.68,165.257,2.17,99.0,87.4
5056,-4067.44,2108.0517,2.08,98.9,87.5
5057,-4198.26,563.5607,2.17,100.0,87.4
5058,-4327.36,3834.7523,2.14,100.0,86.6
5059,-4068.84,1600.8875,2.12,100.0,86.4
5060,-4185.64,190.1084,2.14,100.0,86.6
5061,-4164.85,81.0627,2.31,100.0,86.7
5062,-4164.85,44.3363,2.1,100.0,86.8
5063,-4315.65,2276.788,2.14,100.0,86.7
5064,-4065.09,2781.4543,2.13,100.0,86.7
5065,-3998.19,3788.1596,2.22,100.0,86.7
5066,-4184.91,93.575,2.11,98.5,86.8
5067,-4154.8,68.5443,2.11,100.0,86.9
5068,-4057.54,1558.3221,2.17,100.0,86.9
5069,-4186.49,188.4081,2.27,97.8,87.0
5070,-4152.23,81.9632,2.09,94.7,87.2
5071,-4138.69,103.2657,2.26,100.0,87.1
5072,-4330.88,3356.1927,2.21,100.0,87.1
5073,-3963.97,3456.8056,2.14,98.9,87.1
5074,-4459.0,9524.8438,2.17,100.0,87.2
5075,-4161.73,79.058,2.14,100.0,87.3
5076,-4373.03,6850.9404,2.25,100.0,87.2
5077,-4371.19,5609.9283,2.06,94.9,86.9
5078,-4267.28,855.0418,2.14,100.0,87.1
5079,-4424.81,3227.7313,2.22,100.0,87.1
5080,-4269.21,1007.0545,2.16,98.8,87.0
5081,-4459.33,1857.6029,2.09,100.0,87.0
5082,-4115.56,5378.4978,2.34,100.0,87.1
5083,-4260.2,1095.6185,2.12,99.0,87.4
5084,-4319.85,289.6135,2.18,100.0,87.3
5085,-4506.19,5916.6958,2.17,100.0,87.3
5086,-4260.16,426.7536,2.31,100.0,87.3
5087,-4298.83,92.0506,2.12,98.5,87.4
5088,-4132.16,2536.2865,2.12,100.0,87.5
5089,-4317.99,115.4065,2.21,100.0,87.6
5090,-4142.95,1887.3931,2.22,99.4,87.6
5091,-4299.52,108.4169,2.07,96.0,87.7
5092,-4420.37,2210.0359,2.25,100.0,87.7
5093,-4183.12,2471.5433,2.15,100.0,87.7
5094,-4295.95,112.2697,2.11,100.0,87.9
5095,-4337.89,135.1344,2.15,100.0,87.8
5096,-4294.95,9.1917,2.16,100.0,87.9
5097,-4392.62,1292.2462,2.17,100.0,88.0
5098,-4134.86,3217.2609,2.13,100.0,88.0
5099,-4020.61,10327.8796,2.1,100.0,88.0
5100,-4430.22,2680.4659,2.33,100.0,88.1
5101,-4275.3,113.1928,2.13,94.6,88.2
5102,-4278.97,37.8761,2.2,99.7,87.5
5103,-4323.07,57.6757,2.07,100.0,87.5
5104,-4172.27,2353.2119,2.22,100.0,87.5
5105,-4135.13,2183.433,2.19,100.0,87.7
5106,-4160.85,895.6265,2.14,99.6,87.8
5107,-4145.45,652.7858,2.11,100.0,87.9
5108,-4142.14,361.6584,2.35,100.0,88.0
5109,-4315.65,2374.4185,2.15,95.0,88.1
5110,-4183.29,164.7477,2.14,99.8,88.1
5111,-4172.25,128.37,2.24,100.0,88.2
5112,-4301.8,1932.9239,2.21,100.0,88.3
5113,-4154.8,64.6325,2.16,100.0,88.2
5114,-4149.02,54.1667,2.15,100.0,88.3
5115,-4170.85,52.1769,2.18,100.0,88.3
5116,-4176.0,42.8446,2.24,100.0,88.4
5117,-4200.43,53.924,2.12,97.0,88.4
5118,-4166.41,78.0956,2.14,100.0,88.1
5119,-4146.39,162.5949,2.1,99.8,88.7
5120,-4260.11,2006.8196,2.11,100.0,88.6
5121,-4343.95,2771.4174,2.27,100.0,88.7
5122,-4361.54,2272.2852,2.12,100.0,88.7
5123,-4310.51,1022.5278,2.17,100.0,88.5
5124,-4270.48,914.5889,2.07,100.0,88.2
5125,-4258.27,877.9837,2.39,100.0,88.3
5126,-4275.78,615.7879,2.18,98.9,88.3
5127,-4269.21,347.2534,2.12,95.9,88.4
5128,-4477.42,3729.2183,2.19,100.0,88.4
5129,-4427.08,1522.0204,2.27,100.0,88.4
5130,-4277.89,1199.8239,2.08,96.9,88.5
5131,-4283.11,1325.7315,2.2,99.4,88.6
5132,-4235.58,1213.7604,2.17,100.0,88.5
5133,-4392.8,1403.0697,2.17,100.0,88.5
5134,-4253.04,270.3291,2.09,100.0,88.5
5135,-4283.75,80.0741,2.23,100.0,88.6
5136,-4256.51,103.3782,2.19,100.0,88.7
5137,-4444.9,3494.3787,2.19,100.0,88.6
5138,-4440.53,2590.7623,2.0,100.0,88.7
5139,-4333.11,274.6797,2.33,100.0,88.8
5140,-4304.99,203.049,2.14,98.7,88.8
5141,-4173.38,2208.5108,2.11,98.5,88.8
5142,-4255.33,161.7083,2.26,100.0,89.5
5143,-4323.41,612.3645,2.22,100.0,89.5
5144,-4268.4,62.1793,2.15,100.0,89.3
5145,-4135.12,2314.5745,2.14,99.3,88.5
5146,-4039.02,9455.3003,2.13,100.0,88.4
5147,-4283.81,158.6666,2.28,100.0,88.6
5148,-4294.95,180.0779,2.1,100.0,88.3
5149,-4233.31,180.8331,2.17,99.4,88.3
5150,-4489.0,3889.7086,2.22,100.0,88.3
5151,-4430.76,2189.7048,2.18,100.0,88.2
5152,-4271.44,577.5835,2.13,100.0,88.3
5153,-4295.88,449.6515,2.23,100.0,88.4
5154,-4323.89,98.8287,2.19,99.9,88.3
5155,-4216.39,458.8247,2.18,99.8,88.2
5156,-4264.36,260.9412,2.17,100.0,88.2
5157,-4440.53,3247.0209,2.24,100.0,88.2
5158,-4251.08,54.4149,2.21,99.7,88.1
5159,-4420.64,2038.4802,2.1,94.0,88.0
5160,-4413.82,1785.3349,2.24,100.0,88.1
5161,-4288.79,817.4263,2.28,100.0,88.2
5162,-4178.54,4393.0866,2.09,98.1,87.9
5163,-4429.36,979.6174,2.14,98.2,88.0
5164,-4385.42,435.3955,2.21,100.0,88.1
5165,-4454.05,624.1724,2.17,100.0,88.2
5166,-4466.87,708.4967,2.13,100.0,88.1
5167,-4240.42,2849.936,2.11,100.0,87.8
5168,-4487.91,626.6602,2.2,100.0,87.9
5169,-4478.21,348.842,2.16,100.0,88.0
5170,-4332.68,2060.8038,2.1,99.4,87.7
5171,-4326.55,1162.7616,2.24,100.0,87.7
5172,-4474.72,619.4245,2.17,100.0,87.7
5173,-4298.07,824.152,2.12,98.6,87.9
5174,-4399.32,343.4292,2.12,100.0,87.8
5175,-4218.57,1540.3934,2.31,100.0,87.8
5176,-4397.39,512.0604,2.13,98.3,87.9
5177,-4211.46,1533.3703,2.19,100.0,87.9
5178,-4326.55,200.6028,2.19,100.0,88.0
5179,-4444.02,1025.0566,2.2,100.0,87.9
5180,-4297.17,339.7763,2.08,99.9,88.0
5181,-4268.4,342.521,2.14,100.0,88.1
5182,-4213.11,637.3307,2.26,100.0,88.2
5183,-4286.01,307.1396,2.16,99.8,88.2
5184,-4302.27,409.3426,2.08,100.0,88.2
5185,-4303.17,124.0579,2.36,100.0,88.2
5186,-4148.58,3671.7841,2.21,97.9,88.3
5187,-4297.68,120.7204,2.14,97.4,88.4
5188,-4311.27,82.3834,2.22,100.0,88.3
5189,-4291.84,26.9087,2.22,100.0,88.4
5190,-4427.73,1685.9944,2.11,98.1,88.6
5191,-4412.81,857.1287,2.1,99.4,88.6
5192,-4410.04,687.8275,2.22,100.0,88.6
5193,-4371.14,754.4771,2.25,100.0,88.6
5194,-4259.91,1528.9699,2.11,95.5,88.7
5195,-4228.13,1510.1826,2.23,100.0,88.8
5196,-4423.73,1338.5721,2.25,100.0,88.8
5197,-4218.93,976.4298,2.14,97.1,88.8
5198,-4142.27,2350.8533,2.1,100.0,88.9
5199,-4462.72,5557.4949,2.23,100.0,88.8
5200,-4366.17,2347.6885,2.17,99.6,88.8
5201,-4288.79,123.5121,2.12,98.5,89.0
5202,-4271.1,160.3371,2.2,100.0,89.0
5203,-4267.49,221.6978,2.36,100.0,89.0
5204,-4144.53,2228.9525,2.16,90.0,89.0
5205,-4410.04,2990.8006,2.07,94.2,89.0
5206,-4292.13,367.8645,2.26,100.0,89.1
5207,-4281.17,37.9733,2.21,100.0,89.1
5208,-4220.56,395.3287,2.12,99.3,89.2
5209,-4427.06,1956.975,2.24,99.7,89.2
5210,-4509.63,3880.4711,2.12,100.0,89.3
5211,-4237.13,885.3351,2.16,99.4,89.3
5212,-4306.24,250.5886,2.11,100.0,89.3
5213,-4319.13,1007.8383,2.11,100.0,89.5
5214,-4418.09,1655.0276,2.28,100.0,89.6
5215,-4126.99,5032.2385,2.08,93.9,89.1
5216,-4237.46,641.9118,2.12,100.0,89.1
5217,-4436.06,1457.4743,2.13,100.0,89.1
5218,-4442.95,1852.8613,2.19,100.0,89.3
5219,-4487.92,1821.2275,2.06,100.0,88.9
5220,-4291.38,1276.2338,2.27,100.0,88.9
5221,-4261.44,1961.0755,2.13,99.9,88.8
5222,-4297.77,791.9998,2.18,100.0,88.7
5223,-4305.4,200.9542,2.08,100.0,88.8
5224,-4303.17,116.2545,2.3,100.0,88.5
5225,-4323.25,104.8698,2.22,99.0,88.1
5226,-4315.59,52.6272,2.09,98.7,86.4
5227,-4296.37,121.2995,2.31,100.0,86.4
5228,-4265.11,89.152,2.19,100.0,86.4
5229,-4200.87,621.857,2.09,99.8,85.9
5230,-4434.3,3617.2858,2.16,100.0,85.2
5231,-4242.99,101.155,2.24,100.0,85.2
5232,-4412.53,2113.4335,2.14,98.1,85.2
5233,-4513.89,3055.1037,2.13,100.0,85.3
5234,-4271.93,1480.5914,2.23,100.0,85.5
5235,-4265.21,1788.566,2.26,99.6,85.5
5236,-4289.86,829.6388,2.07,97.6,85.4
5237,-4397.21,931.6564,2.23,100.0,85.5
5238,-4165.21,3455.9166,2.17,100.0,85.5
5239,-4373.45,924.9727,2.17,99.0,85.6
5240,-4380.68,796.7332,2.11,98.6,84.7
5241,-3969.23,16395.1377,2.21,100.0,84.8
5242,-4260.16,280.7708,2.16,100.0,85.0
5243,-4427.06,1377.1309,2.11,100.0,84.9
5244,-4279.77,218.1145,2.23,100.0,84.8
5245,-4400.34,1420.4713,2.13,100.0,84.9
5246,-4278.48,70.6395,2.26,100.0,85.1
5247,-4482.38,2979.5463,2.07,100.0,85.3
5248,-4386.02,989.4466,2.29,100.0,85.3
5249,-4427.06,806.5652,2.21,100.0,85.2
5250,-4387.28,1233.4393,2.1,99.0,85.6
5251,-4254.54,2115.8968,2.23,100.0,85.7
5252,-4269.99,1230.036,2.24,100.0,85.1
5253,-4276.98,1210.0482,2.17,100.0,85.2
5254,-4420.97,1677.1162,2.09,99.4,85.4
5255,-4453.38,1646.8917,2.22,100.0,85.2
5256,-4296.37,664.0816,2.18,100.0,85.3
5257,-4138.28,4593.5664,2.15,100.0,85.4
5258,-4202.51,573.7463,2.08,97.2,85.6
5259,-4354.31,1296.9449,2.3,100.0,85.6
5260,-4292.53,187.0122,2.15,99.7,85.7
5261,-4460.04,2563.3062,2.11,100.0,85.7
5262,-4386.1,710.2516,2.3,100.0,85.9
5263,-4330.04,819.7495,2.26,100.0,85.6
5264,-4208.09,2604.1569,2.1,97.0,85.7
5265,-4415.61,286.6054,2.19,100.0,85.8
5266,-4460.04,725.5848,2.23,100.0,85.9
5267,-4464.94,394.7721,2.12,97.6,85.6
5268,-4136.26,9294.7019,2.16,98.6,85.6
5269,-4095.03,10121.396,2.22,100.0,85.7
5270,-4416.42,866.915,2.27,100.0,85.8
5271,-4268.88,1245.2117,2.08,100.0,85.7
5272,-4373.75,320.0596,2.15,98.9,85.7
5273,-4457.9,796.247,2.19,100.0,85.8
5274,-4299.61,773.7061,2.17,100.0,85.8
5275,-4067.14,8427.844,2.06,100.0,85.8
5276,-4307.57,417.0027,2.36,100.0,85.8
5277,-4081.58,4479.4946,2.15,99.4,85.9
5278,-4423.74,3536.9956,2.11,96.9,85.8
5279,-4239.69,571.0293,2.17,100.0,85.9
5280,-4353.74,1923.8036,2.27,100.0,86.0
5281,-4261.4,188.9892,2.14,98.9,86.2
5282,-4382.29,847.397,2.18,98.5,86.2
5283,-4441.01,1180.9266,2.17,100.0,86.2
5284,-4213.57,1833.3701,2.31,100.0,86.3
5285,-4392.42,195.6675,2.12,98.5,86.2
5286,-4255.79,1047.7749,2.25,99.3,86.3
5287,-4294.84,483.5892,2.14,100.0,86.3
5288,-4231.75,613.0916,2.14,99.9,86.3
5289,-4315.58,517.4535,2.09,100.0,86.2
5290,-4257.45,136.1412,2.31,100.0,86.3
5291,-4431.63,1835.3282,2.16,100.0,86.3
5292,-4285.91,315.7882,2.15,98.3,86.4
5293,-4084.23,5057.3369,2.11,100.0,86.0
5294,-4288.04,97.1675,2.05,97.0,85.7
5295,-4452.31,3172.5942,2.29,100.0,85.7
5296,-4187.55,513.858,2.14,99.3,85.8
5297,-4274.54,117.0248,2.12,100.0,85.8
5298,-4235.55,124.8821,2.29,100.0,85.8
5299,-4463.66,4370.521,2.15,99.8,85.9
5300,-4267.58,42.8612,2.1,97.8,86.0
5301,-4299.6,123.0327,2.21,100.0,86.1
5302,-4200.87,559.3786,2.16,100.0,86.0
5303,-4206.32,341.266,2.2,100.0,86.0
5304,-4406.88,2125.1562,2.06,98.9,86.0
5305,-4456.37,3798.4294,2.18,100.0,85.5
5306,-4260.2,89.6809,2.16,100.0,85.6
5307,-4086.35,3365.4691,2.23,100.0,85.6
5308,-4327.02,344.2735,2.07,92.5,85.7
5309,-4368.1,1363.091,2.33,100.0,85.8
5310,-4402.08,2016.1049,2.15,98.9,85.7
5311,-4270.29,520.0666,2.13,100.0,85.8
5312,-4290.97,453.7385,2.1,100.0,85.9
5313,-4118.03,2412.6902,2.32,100.0,85.8
5314,-4235.6,173.5255,2.14,95.2,86.0
5315,-4368.05,2339.4568,2.16,100.0,86.1
5316,-4356.87,2373.6259,2.15,100.0,86.0
5317,-4193.38,344.3818,2.21,100.0,86.1
5318,-4213.22,68.5746,2.06,100.0,86.3
5319,-4447.6,4040.2967,2.13,100.0,86.2
5320,-4494.18,5780.624,2.18,100.0,86.3
5321,-4200.86,222.298,2.25,100.0,86.3
5322,-4396.05,2266.7214,2.07,98.5,86.4
5323,-4281.66,475.3716,2.31,100.0,86.4
5324,-4458.3,2624.075,2.21,98.6,86.4
5325,-4344.66,453.2483,2.1,99.2,86.4
5326,-4378.42,430.8869,2.13,100.0,86.4
5327,-4394.06,655.2767,2.3,100.0,86.5
5328,-4563.98,1926.043,2.16,97.2,86.6
5329,-4422.56,906.2993,2.13,99.5,86.5
5330,-4127.81,9958.9141,2.14,100.0,86.6
5331,-4260.2,2058.687,2.31,100.0,86.6
5332,-4371.19,362.4207,2.12,92.0,86.7
5333,-4303.46,957.7446,2.1,99.3,86.7
5334,-4219.54,942.8683,2.27,100.0,86.8
5335,-4317.73,361.9614,2.2,100.0,87.1
5336,-4511.56,4266.725,2.14,100.0,87.0
5337,-4327.31,327.7752,2.11,100.0,87.0
5338,-4296.47,315.2352,2.24,100.0,87.0
5339,-4433.51,1274.2369,2.16,100.0,87.3
5340,-4362.26,991.6824,2.12,100.0,87.2
5341,-4437.79,346.6075,2.34,100.0,87.3
5342,-4045.95,10667.6892,2.23,99.1,87.4
5343,-4299.61,1427.7805,2.11,93.5,87.2
5344,-4264.15,1714.8326,2.31,100.0,86.8
5345,-4153.51,2034.9326,2.13,100.0,87.0
5346,-4319.59,1269.1081,2.18,100.0,87.1
5347,-4408.23,3571.4446,2.13,99.9,87.0
5348,-4228.32,519.5541,2.17,100.0,87.0
5349,-4402.83,1622.8178,2.22,100.0,87.1
5350,-4428.87,856.8622,2.14,100.0,87.2
5351,-4459.84,1086.1605,2.13,99.8,87.3
5352,-4432.46,562.8659,2.27,100.0,87.0
5353,-4316.83,1861.0463,2.1,97.4,87.1
5354,-4312.97,1341.8103,2.18,100.0,87.0
5355,-4445.5,1177.5605,2.26,100.0,87.2
5356,-4111.3,6156.6492,2.19,99.8,87.1
5357,-4248.54,794.3631,2.14,98.1,87.2
5358,-4452.6,2578.012,2.21,100.0,87.1
5359,-4211.46,624.8343,2.26,100.0,87.2
5360,-4408.82,1964.1314,2.14,98.9,87.2
5361,-4455.44,2908.666,2.15,98.5,87.3
5362,-4305.4,115.1791,2.31,100.0,87.3
5363,-4264.36,1142.0172,2.17,99.6,87.4
5364,-4323.41,117.3947,2.11,100.0,87.4
5365,-4319.83,544.596,2.21,100.0,87.4
5366,-4425.39,1327.3221,2.17,100.0,87.3
5367,-4299.61,738.1662,2.2,100.0,87.1
5368,-4281.48,1061.5621,2.11,100.0,87.1
5369,-4290.99,553.3956,2.34,100.0,87.2
5370,-4373.89,527.9763,2.21,96.1,87.4
5371,-4073.11,5261.6924,2.11,93.4,87.5
5372,-4423.68,2126.7294,2.27,100.0,87.4
5373,-4242.99,198.4542,2.21,100.0,87.4
5374,-4342.01,966.8365,2.08,97.9,87.8
5375,-4149.08,1472.8333,2.12,98.9,88.2
5376,-4208.34,300.6062,2.23,100.0,88.2
5377,-4358.83,1600.5934,2.19,100.0,88.4
5378,-4268.31,198.1624,2.11,100.0,88.6
5379,-4312.11,844.7728,2.17,100.0,88.7
5380,-4198.94,771.1093,2.27,100.0,88.5
5381,-4549.0,4756.6987,2.14,100.0,88.8
5382,-4478.83,1428.5151,2.14,100.0,88.9
5383,-4293.72,1911.5824,2.33,100.0,88.8
5384,-4213.11,2462.4854,2.2,97.5,88.5
5385,-4304.27,836.7818,2.1,95.4,88.4
5386,-4043.62,6718.8595,2.22,100.0,88.5
5387,-4157.35,837.9268,2.04,100.0,87.9
5388,-4315.79,1590.9444,2.18,100.0,88.0
5389,-4285.34,1267.1747,2.1,100.0,87.9
5390,-4309.64,1824.8795,2.14,100.0,88.1
5391,-4312.87,392.5485,2.09,100.0,88.1
5392,-4267.38,188.9947,2.03,99.2,88.1
5393,-4475.38,2585.2615,2.29,100.0,88.3
5394,-4205.1,1711.8857,2.16,100.0,88.3
5395,-4410.68,881.3999,2.13,100.0,88.5
5396,-4264.67,782.3019,2.13,100.0,88.5
5397,-4220.99,1038.8504,2.27,100.0,88.6
5398,-4135.13,3693.967,2.27,99.3,89.1
5399,-4249.87,274.1651,2.17,100.0,89.1
5400,-4420.97,3336.394,2.17,100.0,89.0
5401,-4292.14,192.1725,2.22,100.0,89.0
5402,-4105.69,3512.207,2.1,98.6,88.6
5403,-4203.77,542.699,2.16,100.0,88.4
5404,-4393.26,1754.0981,2.21,100.0,88.5
5405,-4390.69,1518.6032,2.17,100.0,88.7
5406,-4368.93,760.6487,2.08,93.8,88.4
5407,-4257.03,847.4386,2.23,100.0,88.4
5408,-4430.43,644.9166,2.19,100.0,88.3
5409,-4086.01,7694.2913,2.17,100.0,88.4
5410,-4277.28,890.9522,2.13,99.3,88.5
5411,-4240.47,815.9225,2.21,100.0,88.5
5412,-4332.81,767.8907,2.14,99.8,88.6
5413,-4410.94,1656.121,2.11,100.0,88.6
5414,-4445.5,1572.0682,2.13,100.0,88.7
5415,-4242.71,897.9267,2.23,100.0,88.7
5416,-4407.53,433.6469,2.17,99.0,88.5
5417,-4338.88,490.0546,2.09,100.0,88.5
5418,-4271.8,1044.3507,2.15,100.0,88.7
5419,-4078.8,5828.0333,2.23,100.0,88.6
5420,-4527.15,5008.623,2.09,95.3,88.7
5421,-4452.15,2430.5965,2.22,100.0,88.8
5422,-4067.84,5105.2994,2.19,100.0,88.9
5423,-4407.96,1189.1041,2.19,100.0,88.9
5424,-4430.38,1171.3544,2.11,97.5,88.9
5425,-4253.35,800.5187,2.15,100.0,88.9
5426,-4102.18,6064.2767,2.3,100.0,89.1
5427,-4067.14,5932.5071,2.16,96.4,89.0
5428,-4029.21,5030.4159,2.09,95.8,89.1
5429,-4339.07,1526.3371,2.26,100.0,89.2
5430,-4431.91,4602.0585,2.19,100.0,88.8
5431,-4260.5,243.6773,2.16,100.0,88.7
5432,-4264.74,71.5328,2.11,100.0,87.5
5433,-4161.53,2803.9189,2.16,100.0,87.7
5434,-4095.03,3605.4325,2.14,100.0,87.8
5435,-4293.54,141.7772,2.16,100.0,87.9
5436,-4285.05,71.4587,2.09,100.0,87.9
5437,-4338.59,243.3633,2.25,100.0,88.2
5438,-4414.33,1068.2695,2.11,98.3,88.5
5439,-4287.77,726.788,2.15,100.0,88.5
5440,-4271.78,916.3721,2.24,100.0,88.5
5441,-4273.6,505.5205,2.18,100.0,88.6
5442,-4240.84,420.8884,2.08,99.3,88.7
5443,-4112.43,2178.8139,2.23,100.0,88.8
5444,-4304.89,1128.6559,2.15,100.0,88.8
5445,-4048.81,3007.9998,2.25,99.9,88.9
5446,-4121.63,577.3241,2.11,100.0,89.1
5447,-4164.21,267.056,2.26,100.0,89.1
5448,-4328.1,2542.689,2.27,100.0,89.1
5449,-4336.79,1971.9632,2.07,99.5,89.1
5450,-4197.07,553.5852,2.22,100.0,89.3
5451,-4294.84,1176.2023,2.21,100.0,89.2
5452,-4144.41,1174.0814,2.13,99.6,89.1
5453,-4421.03,4419.0017,2.11,100.0,89.3
5454,-4321.83,584.8744,2.37,100.0,88.6
5455,-4254.7,304.8016,2.15,99.4,88.4
5456,-4261.65,114.1645,2.17,100.0,88.2
5457,-4315.83,252.6692,2.06,100.0,88.3
5458,-4107.8,2608.2853,2.4,100.0,88.0
5459,-4268.7,179.8678,2.15,90.5,86.1
5460,-4271.44,70.852,2.11,100.0,85.2
5461,-4176.37,2048.2878,2.23,100.0,85.1
5462,-4253.8,55.6207,2.22,100.0,85.1
5463,-4251.08,18.953,2.08,98.6,84.1
5464,-4145.54,1492.9286,2.27,100.0,84.0
5465,-4150.43,1233.7237,2.09,100.0,83.1
5466,-4089.48,1060.2153,2.27,100.0,82.7
5467,-4115.17,431.1883,2.11,100.0,82.8
5468,-3990.07,2154.4923,2.21,100.0,82.9
5469,-4235.12,3271.5264,2.09,100.0,82.8
5470,-4317.84,5200.7625,2.32,100.0,82.8
5471,-4169.64,487.3699,2.11,100.0,82.9
5472,-4163.96,166.828,2.16,99.7,82.9
5473,-4317.82,2175.8988,2.16,100.0,82.9
5474,-4421.68,4825.8489,2.14,99.9,82.8
5475,-4285.16,625.9117,2.1,100.0,82.9
5476,-4455.32,3127.6958,2.31,100.0,82.8
5477,-4282.9,540.8569,2.13,99.7,83.0
5478,-4157.28,3095.7361,2.13,99.6,83.1
5479,-4137.86,2826.6624,2.18,100.0,83.1
5480,-4007.93,7029.4686,2.16,100.0,83.1
5481,-4331.38,1388.3694,2.13,100.0,83.1
5482,-4306.99,1227.0186,2.09,98.7,82.9
5483,-4103.9,1371.5705,2.23,100.0,82.8
5484,-4176.0,506.8289,2.18,100.0,82.7
5485,-4145.54,301.3094,2.11,100.0,82.6
5486,-4307.17,1868.1871,2.11,95.8,82.8
5487,-4156.84,41.344,2.3,100.0,82.8
5488,-4055.5,1346.0613,2.16,100.0,82.8
5489,-4159.95,136.7027,2.11,100.0,82.8
5490,-4051.75,801.4737,2.13,100.0,83.0
5491,-4189.0,491.444,2.13,100.0,83.0
5492,-4179.8,337.346,2.17,100.0,82.9
5493,-4202.0,218.8881,2.1,100.0,82.9
5494,-4105.69,534.4838,2.1,98.4,83.1
5495,-4166.64,80.8045,2.27,100.0,83.1
5496,-4153.01,31.5174,2.12,99.5,83.2
5497,-4191.46,186.9457,2.12,100.0,83.1
5498,-4168.68,21.4504,2.17,100.0,83.3
5499,-4048.81,2055.5104,2.27,100.0,83.2
5500,-4011.68,2199.9625,2.09,94.3,83.3
5501,-4174.21,71.9156,2.24,100.0,83.5
5502,-4154.8,32.1811,2.12,100.0,83.6
5503,-4141.52,50.3852,2.19,100.0,83.6
5504,-4189.48,72.7438,2.08,99.0,83.8
5505,-4285.05,1658.7102,2.18,100.0,83.9
5506,-4156.78,246.2124,2.16,100.0,84.0
5507,-4169.64,148.7663,2.16,100.0,83.9
5508,-4157.28,62.3412,2.07,94.9,84.2
5509,-4291.3,2004.9216,2.28,100.0,84.3
5510,-4191.46,94.4891,2.14,100.0,84.4
5511,-4299.83,1731.8533,2.15,100.0,84.3
5512,-4302.17,1059.3978,2.17,100.0,84.2
5513,-4168.78,1124.3732,2.16,100.0,84.3
5514,-4170.19,1137.1498,2.08,99.2,84.4
5515,-4290.03,516.4958,2.27,100.0,84.4
5516,-4139.17,1047.3979,2.15,100.0,84.4
5517,-4257.52,324.0693,2.17,98.9,84.4
5518,-4144.64,727.2087,2.11,100.0,84.5
5519,-4158.82,452.4034,2.16,100.0,84.5
5520,-4293.65,1334.6789,2.2,100.0,84.6
5521,-4322.71,1532.9243,2.1,99.7,84.6
5522,-4307.14,729.3305,2.15,100.0,84.6
5523,-4174.47,644.858,2.25,100.0,84.5
5524,-4270.79,222.2586,2.15,99.9,84.5
5525,-4316.52,241.7998,2.08,94.6,85.1
5526,-4038.32,7280.4672,2.23,100.0,85.1
5527,-4035.38,7017.5295,2.13,100.0,85.0
5528,-4104.84,1882.9394,2.21,100.0,84.9
5529,-4141.52,796.4471,2.04,98.4,84.6
5530,-4131.55,536.9816,2.2,100.0,84.6
5531,-4185.65,405.3888,2.14,100.0,84.5
5532,-4120.58,172.5199,2.19,100.0,84.6
5533,-4189.48,105.2404,2.05,98.8,84.4
5534,-4174.47,65.4909,2.34,100.0,84.4
5535,-4186.49,55.7445,2.09,100.0,84.5
5536,-4184.96,27.27,2.1,97.7,84.5
5537,-4153.95,78.9434,2.11,100.0,84.6
5538,-4157.59,63.5218,2.26,100.0,84.6
5539,-4168.51,39.2541,2.18,100.0,84.7
5540,-4056.99,1353.5215,2.1,100.0,84.6
5541,-4160.84,18.798,2.11,100.0,84.6
5542,-4148.66,36.4345,2.29,100.0,84.7
5543,-4000.58,1699.6261,2.12,98.9,84.4
5544,-4168.96,226.011,2.11,97.4,84.5
5545,-4156.78,113.6388,2.18,100.0,84.5
5546,-3993.67,1799.5286,2.21,100.0,84.3
5547,-4164.67,33.4579,2.16,100.0,84.5
5548,-4142.85,27.6118,2.15,100.0,84.6
5549,-4119.17,76.0223,2.15,100.0,84.6
5550,-4249.19,2336.6057,2.29,100.0,84.7
5551,-4302.17,2650.061,2.0,99.2,84.7
5552,-4266.91,1488.0383,2.18,98.8,84.9
5553,-4297.56,1267.4185,2.24,100.0,84.8
5554,-4233.77,694.8354,2.1,100.0,84.9
5555,-4222.34,735.0965,2.1,100.0,84.9
5556,-4202.75,558.1173,2.21,100.0,84.9
5557,-4243.28,336.5363,2.13,100.0,84.9
5558,-4371.72,2780.8026,2.13,99.3,85.1
5559,-4459.71,3711.3256,2.13,100.0,85.1
5560,-4278.97,229.2208,2.2,100.0,85.2
5561,-4443.87,1659.3825,2.26,100.0,85.1
5562,-4286.47,598.9061,2.08,99.2,85.3
5563,-4450.77,1196.8938,2.15,100.0,85.3
5564,-4428.38,568.8402,2.15,100.0,85.3
5565,-4137.86,6823.4014,2.21,100.0,85.3
5566,-4446.31,502.7162,2.11,93.7,85.6
5567,-4321.65,1153.4971,2.25,100.0,85.7
5568,-4094.62,7602.2334,2.14,100.0,85.6
5569,-4151.82,4519.1355,2.21,100.0,85.5
5570,-4249.19,551.6554,2.07,98.3,85.6
5571,-4290.03,450.2356,2.15,100.0,85.8
5572,-4395.4,1974.2405,2.17,100.0,85.8
5573,-4260.11,123.1843,2.14,100.0,85.9
5574,-4225.61,311.0733,2.08,92.6,86.0
5575,-4138.12,1485.1681,2.27,100.0,86.1
5576,-4144.86,748.0849,2.19,100.0,86.0
5577,-4210.98,829.4488,2.13,100.0,86.0
5578,-4250.75,1458.7696,2.13,100.0,86.1
5579,-4158.82,278.2005,2.18,100.0,86.2
5580,-4296.17,1217.0287,2.12,100.0,86.2
5581,-4264.98,550.7794,2.12,100.0,86.2
5582,-4282.09,552.4629,2.05,100.0,86.3
5583,-4436.28,3106.1904,2.37,100.0,86.5
5584,-4240.84,902.2044,2.17,99.1,86.4
5585,-4295.58,320.508,2.09,97.0,86.5
5586,-4202.75,907.9204,2.22,100.0,86.6
5587,-4454.42,2870.716,2.24,100.0,86.6
5588,-4414.27,2219.1426,2.09,99.7,86.6
5589,-4386.56,1029.4346,2.11,99.6,86.6
5590,-4225.95,926.8356,2.21,100.0,86.7
5591,-4411.38,489.9542,2.16,100.0,86.9
5592,-4305.64,773.6973,2.17,100.0,86.8
5593,-4425.25,388.7851,2.12,100.0,86.8
5594,-4129.06,6321.7284,2.21,100.0,87.0
5595,-4422.64,378.2457,2.16,100.0,87.0
5596,-4162.45,2996.9061,2.08,99.9,87.1
5597,-4392.62,169.8156,2.24,99.9,87.1
5598,-4097.08,6775.9213,2.2,100.0,87.2
5599,-4271.73,604.8926,2.1,96.9,87.4
5600,-4338.14,416.5934,2.23,100.0,87.4
5601,-4284.25,128.1366,2.16,100.0,87.4
5602,-4285.43,42.0849,2.15,100.0,87.4
5603,-4271.38,42.409,2.1,98.1,87.6
5604,-4407.11,2553.7648,2.18,100.0,87.6
5605,-4064.71,3765.3173,2.16,100.0,87.6
5606,-4169.13,1335.9767,2.14,100.0,87.6
5607,-4288.27,280.0489,2.08,94.5,87.8
5608,-4101.78,1658.0546,2.31,100.0,87.8
5609,-4153.01,733.1434,2.17,100.0,87.7
5610,-4254.7,745.1602,2.12,100.0,87.8
5611,-4219.38,422.0835,2.13,99.4,87.9
5612,-4291.38,643.3718,2.25,100.0,88.0
5613,-4253.8,195.2224,2.11,99.4,88.0
5614,-4052.83,3955.6343,2.14,100.0,88.0
5615,-4115.17,2256.0376,2.22,100.0,88.1
5616,-4240.84,26.6934,2.23,100.0,88.1
5617,-4342.63,1834.3712,2.11,99.5,87.8
5618,-4321.31,389.3453,2.12,99.7,87.7
5619,-4271.38,39.4085,2.21,100.0,87.9
5620,-4289.18,67.7985,2.22,100.0,88.0
5621,-4256.09,21.7091,2.11,91.6,87.6
5622,-4077.01,2505.2197,2.28,100.0,87.7
5623,-4108.18,1100.8592,2.18,100.0,87.7
5624,-4242.63,1019.8192,2.12,100.0,87.8
5625,-4089.48,610.6487,2.07,98.8,87.8
5626,-4332.99,3228.673,2.27,100.0,87.9
5627,-4087.44,357.6918,2.12,100.0,88.1
5628,-4260.96,1759.3083,2.14,100.0,88.2
5629,-4141.69,50.5093,2.14,100.0,88.1
5630,-4131.29,34.7103,2.23,100.0,86.9
5631,-4317.82,3377.757,2.17,100.0,87.0
5632,-4299.83,2809.7702,2.11,97.7,87.2
5633,-4159.27,52.4946,2.17,100.0,86.7
5634,-4243.82,1216.8877,2.15,100.0,86.8
5635,-3876.13,7458.2898,2.18,100.0,86.9
5636,-4336.85,1972.8396,2.08,96.8,87.3
5637,-4138.8,212.4165,2.24,100.0,87.4
5638,-3998.19,3297.1745,2.18,100.0,87.4
5639,-4122.07,126.4288,2.19,100.0,87.3
5640,-4317.82,3156.6474,2.06,98.2,87.4
5641,-4173.65,73.5642,2.23,100.0,87.5
5642,-4154.99,47.825,2.09,100.0,87.5
5643,-4239.13,1410.5143,2.13,100.0,87.7
5644,-4146.86,142.1189,2.1,100.0,87.8
5645,-4399.42,6002.7037,2.21,100.0,87.8
5646,-4383.69,5514.9065,2.15,100.0,87.9
5647,-4301.32,796.4234,2.14,100.0,87.9
5648,-4464.31,4970.5181,2.09,100.0,88.1
5649,-4397.21,2414.9306,2.29,100.0,88.1
5650,-4317.89,2078.9373,2.09,99.7,88.1
5651,-4411.1,1169.7898,2.13,98.6,88.2
5652,-4264.67,2516.1563,2.17,100.0,88.3
5653,-4227.97,1457.0344,2.2,100.0,88.4
5654,-4318.21,1570.6891,2.09,98.1,88.3
5655,-4411.17,1751.1325,2.15,100.0,88.4
5656,-4187.61,1552.8735,2.21,100.0,89.4
5657,-4373.01,741.0369,2.26,100.0,89.4
5658,-4386.56,403.0032,2.13,98.8,88.4
5659,-4142.82,6556.886,2.08,97.0,88.1
5660,-4226.61,1995.8788,2.28,100.0,88.2
5661,-4287.77,663.5521,2.21,100.0,88.3
5662,-4295.58,131.6798,2.07,99.7,87.9
5663,-4323.3,305.2617,2.11,99.2,87.7
5664,-4296.47,29.8741,2.3,100.0,87.9
5665,-4246.21,258.7845,2.13,99.1,87.9
5666,-4268.6,36.2891,2.14,100.0,87.6
5667,-4444.64,3064.0409,2.18,100.0,87.2
5668,-4089.84,3019.3717,2.05,100.0,87.3
5669,-4392.62,1858.274,2.14,100.0,87.4
5670,-4117.8,2296.3655,2.27,100.0,87.4
5671,-4269.58,26.1987,2.07,98.8,86.3
5672,-4413.64,2121.9769,2.26,100.0,86.2
5673,-4316.37,839.6249,2.14,100.0,86.2
5674,-4117.8,4851.2809,2.08,100.0,86.2
5675,-4151.82,3728.7255,2.1,100.0,86.2
5676,-4347.11,999.8972,2.22,100.0,86.3
5677,-4473.69,2274.6046,2.05,100.0,86.3
5678,-4050.79,6927.8727,2.09,100.0,86.4
5679,-4206.41,1013.4052,2.18,100.0,86.4
5680,-4451.29,2001.6595,2.11,100.0,86.5
5681,-4103.9,4295.1776,2.14,100.0,86.5
5682,-4198.94,484.2868,2.08,100.0,86.7
5683,-4305.79,569.4854,2.14,100.0,86.7
5684,-4076.09,2571.2505,2.12,100.0,86.8
5685,-4243.82,171.0751,2.14,100.0,86.9
5686,-4125.54,1244.4111,2.09,98.5,87.1
5687,-4291.93,632.5641,2.26,100.0,87.1
5688,-4325.52,951.5059,2.12,100.0,87.1
5689,-4285.16,159.5639,2.18,100.0,87.2
5690,-4253.95,179.1904,2.11,100.0,87.3
5691,-4247.62,97.8009,2.22,100.0,87.2
5692,-4078.42,2790.149,2.13,100.0,87.3
5693,-4379.4,3160.6108,2.1,100.0,87.3
5694,-4193.36,316.1424,2.06,100.0,87.5
5695,-4440.3,4035.543,2.34,100.0,87.5
5696,-4135.57,1904.8543,2.15,95.0,87.7
5697,-4415.4,1945.0553,2.1,97.4,87.8
5698,-4198.53,493.5194,2.25,100.0,87.8
5699,-4294.68,60.9845,2.21,100.0,87.0
5700,-4404.39,1294.2852,2.09,100.0,87.2
5701,-4451.29,1646.4692,2.27,100.0,87.2
5702,-4101.78,6391.3232,2.09,100.0,87.6
5703,-4366.45,920.4771,2.23,100.0,87.6
5704,-4386.64,918.5682,2.07,100.0,87.3
5705,-4228.65,1496.0712,2.18,100.0,87.4
5706,-4428.34,640.308,2.28,98.6,87.3
5707,-4250.72,1519.914,2.11,97.3,87.4
5708,-4247.62,1086.0923,2.21,100.0,87.5
5709,-4198.53,943.939,2.22,100.0,87.6
5710,-4373.03,1382.7057,2.09,97.0,87.4
5711,-4098.61,3156.4793,2.22,99.8,87.4
5712,-4390.0,2702.7589,2.21,100.0,87.5
5713,-4169.81,1466.8983,2.15,100.0,87.6
5714,-4434.78,4095.75,2.14,100.0,87.5
5715,-4136.56,1518.1161,2.15,100.0,87.6
5716,-4288.62,325.5654,2.23,100.0,87.7
5717,-4173.65,954.3229,2.12,99.0,87.7
5718,-4131.1,1143.1488,2.14,100.0,87.9
5719,-4171.98,408.226,2.26,100.0,87.8
5720,-4055.36,2386.5449,2.14,98.1,86.0
5721,-4194.41,785.0984,2.11,98.8,86.1
5722,-4058.61,993.569,2.26,100.0,86.0
5723,-4165.11,699.4857,2.11,96.4,86.1
5724,-4163.27,438.7898,2.12,100.0,86.2
5725,-4075.28,944.2995,2.14,100.0,86.1
5726,-4204.94,455.1653,2.21,100.0,86.2
5727,-4167.28,71.8022,2.17,98.1,86.3
5728,-4196.41,107.2815,2.18,100.0,86.3
5729,-4169.64,47.3388,2.14,100.0,85.9
5730,-4301.62,1573.972,2.23,100.0,86.0
5731,-4085.65,704.9949,2.09,98.1,86.2
5732,-4174.47,56.9329,2.2,100.0,86.2
5733,-4023.36,2261.402,2.2,100.0,86.2
5734,-4164.68,9.1395,2.16,97.8,86.3
5735,-4163.27,7.2105,2.13,98.1,86.4
5736,-4159.42,3.6875,2.31,100.0,86.4
5737,-4148.99,13.8888,2.1,98.2,86.5
5738,-4153.95,11.0195,2.14,100.0,86.5
5739,-4108.67,170.1662,2.14,99.9,86.5
5740,-4320.99,2803.5782,2.19,100.0,86.5
5741,-4254.06,1687.2296,2.17,100.0,86.6
5742,-4439.67,6295.4324,2.14,100.0,86.7
5743,-4281.58,985.2816,2.18,100.0,86.8
5744,-4218.32,942.3811,2.24,100.0,86.8
5745,-4129.55,1904.8264,2.1,90.9,86.8
5746,-4183.87,724.5771,2.15,100.0,87.0
5747,-4385.27,4058.9214,2.14,100.0,87.0
5748,-4170.33,648.2755,2.21,100.0,86.9
5749,-4446.22,5318.332,2.05,97.8,87.0
5750,-4147.54,698.4154,2.26,100.0,87.2
5751,-4207.62,140.7209,2.15,100.0,87.1
5752,-4434.18,3905.7922,2.18,98.7,87.1
5753,-4462.02,3759.7169,2.05,100.0,87.2
5754,-4193.36,920.9518,2.21,100.0,87.4
5755,-4291.38,378.6516,2.24,99.5,87.4
5756,-4308.89,232.6983,2.12,97.6,88.0
5757,-4288.27,97.4684,2.08,100.0,88.0
5758,-4144.86,2133.5932,2.26,100.0,88.1
5759,-4055.0,3417.7651,2.2,97.0,88.2
5760,-4047.58,2494.218,2.1,98.5,88.8
5761,-4140.84,516.3593,2.24,100.0,88.9
5762,-4140.39,347.2513,2.18,100.0,88.9
5763,-4044.16,1382.0938,2.17,99.4,89.0
5764,-4190.6,465.519,2.07,100.0,89.2
5765,-4332.42,3222.1375,2.24,100.0,89.3
5766,-4179.27,127.5829,2.35,100.0,89.3
5767,-4047.63,2104.9496,2.12,98.9,89.6
5768,-4050.47,1599.6672,2.28,100.0,89.9
5769,-4157.59,35.2317,2.28,99.4,89.9
5770,-4066.04,1002.2613,2.11,98.9,89.7
5771,-4070.31,595.1339,2.17,100.0,89.7
5772,-4205.71,1117.9758,2.24,100.0,89.8
5773,-4087.24,458.8903,2.18,99.4,89.5
5774,-4195.83,885.9622,2.12,99.2,88.7
5775,-4332.73,4370.7452,2.13,100.0,88.7
5776,-4190.6,277.8657,2.34,100.0,88.9
5777,-4204.91,245.6052,2.16,94.1,88.7
5778,-4194.41,134.3505,2.14,95.5,87.7
5779,-4156.78,59.6273,2.23,100.0,87.6
5780,-4307.14,2359.4504,2.21,100.0,87.4
5781,-4180.48,81.0263,2.08,100.0,85.8
5782,-4075.28,1637.7469,2.23,99.5,85.7
5783,-4070.8,1690.1332,2.22,100.0,85.7
5784,-4164.68,35.5328,2.14,98.8,85.8
5785,-4162.63,15.0637,2.11,100.0,85.7
5786,-4044.62,1563.695,2.2,100.0,85.8
5787,-4165.79,18.4754,2.21,100.0,85.9
5788,-4154.99,7.2222,2.09,97.1,86.1
5789,-4132.43,41.0875,2.15,100.0,86.1
5790,-4168.96,66.9193,2.33,100.0,86.1
5791,-4154.99,5.6782,2.18,96.2,86.2
5792,-4168.68,5.2579,2.11,97.3,86.2
5793,-3931.18,3820.8879,2.25,100.0,86.3
5794,-4481.01,10132.8962,2.17,100.0,86.4
5795,-4016.95,1755.74,2.17,98.0,86.3
5796,-4179.8,139.5992,2.15,99.8,86.4
5797,-4175.53,53.2526,2.18,100.0,86.4
5798,-4187.44,38.6626,2.28,100.0,86.5
5799,-4301.62,1420.9969,2.1,91.5,86.5
5800,-4059.82,2476.3506,2.21,100.0,86.5
5801,-4076.22,2197.1911,2.26,100.0,86.5
5802,-4159.95,45.6197,2.14,98.8,86.3
5803,-4159.42,19.7484,2.1,100.0,86.2
5804,-4180.68,41.1171,2.25,100.0,86.3
5805,-4170.19,10.5787,2.18,99.8,86.3
5806,-4066.04,1416.5995,2.15,99.5,86.4
5807,-4064.01,991.9554,2.18,100.0,85.8
5808,-4164.67,319.5974,2.25,100.0,86.0
5809,-4085.46,452.2256,2.1,97.1,86.0
5810,-4170.19,446.7102,2.15,100.0,86.0
5811,-4073.74,399.5849,2.19,100.0,86.1
5812,-4195.83,603.2173,2.24,100.0,86.2
5813,-4077.21,346.9447,2.09,99.8,86.3
5814,-4211.89,809.0708,2.11,100.0,86.3
5815,-4083.35,272.5118,2.29,100.0,86.2
5816,-4089.61,203.7993,2.13,98.0,86.4
5817,-4086.92,124.9142,2.13,100.0,86.4
5818,-4083.35,83.1704,2.14,100.0,86.5
5819,-4093.62,94.7593,2.25,99.8,86.5
5820,-4097.1,78.1191,2.08,98.4,86.7
5821,-4082.45,40.5836,2.14,100.0,86.7
5822,-4099.18,68.1307,2.16,100.0,86.7
5823,-4084.65,23.4067,2.24,100.0,86.6
5824,-4093.72,16.1088,2.07,98.8,86.8
5825,-4101.89,26.3386,2.08,100.0,86.9
5826,-4095.01,16.0337,2.17,100.0,87.0
5827,-4089.56,8.8838,2.23,100.0,86.9
5828,-4085.73,11.7305,2.06,98.8,86.9
5829,-4090.1,10.9209,2.27,100.0,87.0
5830,-4101.89,15.6679,2.13,100.0,87.2
5831,-4089.02,15.5643,2.12,100.0,86.8
5832,-4099.18,16.5065,2.07,100.0,85.9
5833,-4094.25,3.793,2.29,100.0,86.0
5834,-4098.19,3.3579,2.19,100.0,86.0
5835,-4093.72,1.5712,2.17,100.0,86.2
5836,-4074.96,21.3973,2.04,99.9,86.2
5837,-4079.92,16.1252,2.37,100.0,86.4
5838,-4089.56,10.6155,2.11,97.5,78.4
5839,-4084.06,41.3937,2.06,99.8,78.7
5840,-4190.42,1140.0954,2.1,100.0,78.8
5841,-4051.48,99.3461,2.14,100.0,78.9
5842,-4076.74,12.8691,2.12,99.4,79.1
5843,-4097.1,32.5744,2.06,100.0,79.1
5844,-4072.58,62.2136,2.11,100.0,79.2
5845,-4086.78,13.0,2.12,100.0,79.3
5846,-4081.51,3.7178,2.09,98.2,79.6
5847,-4057.87,60.0314,2.04,100.0,79.2
5848,-4088.66,11.7574,2.15,100.0,78.6
5849,-4081.51,1.1149,2.05,100.0,78.7
5850,-4086.92,10.0655,2.19,100.0,78.5
5851,-4061.29,40.4957,2.11,100.0,78.6
5852,-4065.16,14.106,2.06,100.0,78.7
5853,-4089.56,74.3568,2.06,100.0,78.6
5854,-4094.25,26.1041,2.08,100.0,78.6
5855,-4061.29,90.1006,2.05,100.0,78.8
5856,-4067.43,31.4995,2.08,100.0,78.7
5857,-4081.09,32.7592,2.08,100.0,78.9
5858,-4065.16,7.9424,2.1,100.0,79.0
5859,-4084.15,22.0548,2.09,100.0,79.4
5860,-4072.58,13.0287,2.06,100.0,79.2
5861,-4095.01,39.9084,2.04,100.0,79.2
5862,-4174.11,909.6356,2.16,100.0,79.0
5863,-4000.97,670.0772,2.03,100.0,79.2
5864,-3970.32,1076.227,2.08,100.0,79.3
5865,-4165.79,931.1423,2.06,100.0,79.3
5866,-4186.49,884.1029,2.08,100.0,79.3
5867,-4303.15,4582.7881,2.06,100.0,79.4
5868,-4305.79,4106.7847,2.08,100.0,79.4
5869,-4035.88,2244.8937,2.04,100.0,79.3
5870,-4052.83,1895.1318,2.17,100.0,79.3
5871,-4236.83,2740.8596,2.04,99.4,78.9
5872,-4323.82,8100.7668,1.99,100.0,79.0
5873,-4360.87,7930.5763,2.06,100.0,79.0
5874,-4034.09,2650.4123,2.1,100.0,79.0
5875,-3868.75,9422.0005,2.04,100.0,79.0
5876,-4224.72,2082.401,2.06,100.0,79.1
5877,-4407.21,6703.4387,1.99,100.0,79.2
5878,-4375.38,4908.463,2.09,100.0,79.3
5879,-4217.42,981.9355,2.03,100.0,79.2
5880,-4306.4,2413.6496,2.04,99.6,79.3
5881,-4375.49,1757.6597,2.08,100.0,79.3
5882,-4202.75,2132.7731,2.12,100.0,79.4
5883,-4265.27,1211.0243,2.01,98.4,79.5
5884,-4246.21,946.6013,2.11,99.7,79.6
5885,-4306.51,1188.8948,2.11,100.0,79.5
5886,-3996.48,9814.0203,2.09,100.0,79.1
5887,-4353.53,1579.8643,2.06,100.0,79.2
5888,-4108.67,2746.539,2.1,100.0,79.2
5889,-4311.01,461.1388,2.13,100.0,79.2
5890,-4449.03,3009.2556,2.13,99.7,79.4
5891,-4193.36,835.7727,2.04,99.9,79.6
5892,-4291.93,72.5369,2.24,100.0,79.8
5893,-4475.86,3518.9266,2.1,98.4,80.0
5894,-4147.8,2236.535,2.04,96.5,80.2
5895,-4113.78,2705.2426,2.09,100.0,80.2
5896,-4022.96,4264.9346,2.13,100.0,80.3
5897,-4229.75,312.2196,2.09,96.9,79.8
5898,-4213.45,395.7472,2.11,100.0,79.9
5899,-4196.18,386.7746,2.08,100.0,80.0
5900,-3914.48,9747.8823,2.17,100.0,80.0
5901,-4136.51,887.0579,2.07,97.2,79.9
5902,-4429.59,5534.7579,2.06,100.0,80.0
5903,-4017.71,2551.8533,2.06,100.0,80.0
5904,-4432.8,6111.0289,2.15,99.4,80.0
5905,-4247.07,464.4826,2.0,95.8,79.9
5906,-4217.47,72.7311,2.12,100.0,80.0
5907,-4010.24,4144.3788,2.11,100.0,80.0
5908,-4084.23,2154.6398,2.08,100.0,79.9
5909,-4429.81,4468.1892,2.03,100.0,80.0
5910,-4306.99,860.532,2.1,100.0,80.1
5911,-4058.86,4971.5978,2.08,100.0,80.1
5912,-4311.97,597.2463,2.13,99.5,80.1
5913,-4071.14,2641.8683,1.99,96.3,80.2
5914,-4094.59,1853.1916,2.38,100.0,80.7
5915,-4290.83,607.3557,2.09,98.9,80.4
5916,-4305.79,776.2105,2.05,99.4,80.6
5917,-4232.83,66.3281,2.04,100.0,80.6
5918,-4297.3,206.5526,2.11,100.0,80.7
5919,-4222.59,281.5427,2.08,100.0,80.5
5920,-4093.49,3329.4839,2.05,100.0,80.6
5921,-4465.44,3614.9361,2.02,100.0,80.6
5922,-4115.57,2241.4044,2.13,100.0,80.5
5923,-4256.86,90.1412,2.1,99.8,80.6
5924,-4047.58,3126.9193,2.05,100.0,80.7
5925,-4007.38,5644.8209,2.07,100.0,80.6
5926,-4356.96,2161.1433,2.17,99.1,80.5
5927,-3965.77,5134.9077,2.07,99.8,80.5
5928,-3958.81,4238.38,2.05,100.0,80.6
5929,-4168.96,433.1753,2.12,100.0,80.6
5930,-4164.67,301.6637,2.12,100.0,80.7
5931,-4044.16,1564.5624,2.07,100.0,80.6
5932,-4174.02,122.5897,2.03,100.0,80.5
5933,-4174.02,65.9543,2.19,100.0,78.7
5934,-4059.94,1799.856,2.16,91.3,78.8
5935,-4159.95,17.3684,2.03,97.0,78.8
5936,-4132.43,26.8816,2.12,100.0,79.0
5937,-4026.17,1178.314,2.13,100.0,78.9
5938,-4065.3,474.7981,2.05,95.1,79.0
5939,-4053.52,339.8493,2.05,100.0,79.0
5940,-4157.28,1171.3415,2.1,100.0,78.7
5941,-4076.22,231.4122,2.14,100.0,78.8
5942,-4184.96,984.2356,2.06,98.7,78.9
5943,-4336.45,5034.8857,2.03,99.2,78.1
5944,-4083.31,923.0489,2.08,100.0,78.3
5945,-4064.01,1220.9541,2.14,100.0,78.3
5946,-4091.88,608.8979,2.01,96.3,78.3
5947,-4055.92,446.7142,2.09,98.7,78.5
5948,-4195.83,1019.2817,2.1,100.0,78.3
5949,-4206.2,1222.708,2.13,100.0,78.4
5950,-4297.78,4505.1986,2.02,100.0,78.5
5951,-4185.65,374.763,2.02,100.0,78.5
5952,-4332.73,3293.6361,2.08,100.0,78.4
5953,-4150.78,512.9771,2.16,100.0,78.3
5954,-4048.18,2440.7866,1.94,95.3,78.5
5955,-4199.98,171.9806,2.04,97.7,78.7
5956,-4174.02,85.3009,2.07,100.0,78.5
5957,-4190.04,99.9891,2.07,100.0,78.6
5958,-4062.33,1120.2267,2.06,100.0,78.8
5959,-4127.27,145.8007,2.07,98.2,78.8
5960,-4279.79,2270.6536,2.07,100.0,78.7
5961,-4336.36,3162.3978,2.13,100.0,78.8
5962,-4297.3,1567.4944,2.05,100.0,78.9
5963,-3990.98,4513.0249,2.04,94.8,79.0
5964,-4129.06,881.7267,2.15,100.0,78.9
5965,-3998.19,4140.4288,2.16,100.0,79.0
5966,-4064.26,1033.0264,2.06,91.8,79.1
5967,-4132.23,68.7492,2.1,99.7,79.2
5968,-4222.59,2096.868,2.11,100.0,79.2
5969,-4266.91,2235.7608,2.11,99.9,79.3
5970,-4156.78,21.928,2.07,98.3,78.9
5971,-4402.09,6092.7506,2.12,100.0,78.9
5972,-4141.43,332.5643,2.03,100.0,79.0
5973,-3947.13,5011.3153,2.19,95.6,79.3
5974,-4353.24,5026.6169,2.15,100.0,79.3
5975,-3983.62,3380.9239,2.04,98.2,79.3
5976,-4101.67,282.4481,2.01,100.0,79.3
5977,-4193.36,1420.5716,2.11,100.0,79.4
5978,-4015.48,1205.5966,2.03,100.0,79.5
5979,-4268.19,3103.5499,2.03,100.0,78.9
5980,-4217.47,1703.6195,1.98,99.8,78.9
5981,-4103.78,2032.6848,1.99,99.0,78.9
5982,-4172.49,937.9681,2.13,100.0,79.0
5983,-3924.88,6924.3326,2.05,100.0,78.9
5984,-4399.42,3414.3137,2.11,100.0,78.9
5985,-4275.3,280.6611,2.07,100.0,79.0
5986,-4173.79,581.1922,2.15,100.0,79.2
5987,-4313.84,290.9679,2.09,100.0,79.1
5988,-4039.04,4701.7855,2.04,97.5,79.2
5989,-4281.42,54.7798,2.07,99.6,79.2
5990,-4122.92,1491.2291,2.13,100.0,79.3
5991,-3975.19,5215.4186,2.06,97.0,79.3
5992,-4196.18,253.7407,2.07,100.0,79.3
5993,-4034.09,2162.3707,2.13,100.0,79.5
5994,-4395.4,4602.5629,2.12,100.0,79.6
5995,-4198.73,278.3754,2.09,99.3,79.5
5996,-4215.37,77.4988,2.0,100.0,79.6
5997,-3946.05,7922.4951,2.16,100.0,79.6
5998,-4015.93,3323.2757,2.1,98.1,79.8
5999,-4193.36,48.523,2.01,93.3,79.3
6000,-4479.84,6799.7135,2.1,100.0,79.2
6001,-4133.69,388.0628,2.11,100.0,79.3
6002,-4141.13,225.4445,2.13,100.0,79.5
6003,-4206.11,178.5861,2.07,97.3,79.5
6004,-3957.93,3064.0175,2.08,100.0,79.3
6005,-4372.59,3859.4683,2.19,100.0,79.5
6006,-4175.15,1351.5693,2.15,88.9,79.5
6007,-3995.33,2210.9605,2.04,95.1,79.6
6008,-4469.84,8744.5164,2.09,100.0,79.6
6009,-4321.64,4484.8643,2.13,100.0,79.7
6010,-4282.09,925.3547,2.06,95.5,79.7
6011,-4104.84,2047.2787,2.06,100.0,79.7
6012,-4072.93,2468.0712,2.05,100.0,79.7
6013,-4119.17,1498.7506,2.13,100.0,79.7
6014,-4395.4,4418.4316,2.09,96.5,79.8
6015,-4138.12,637.71,2.03,98.6,79.9
6016,-3989.51,3207.3467,2.11,100.0,79.8
6017,-4007.66,2000.3163,2.16,100.0,80.1
6018,-4312.5,4727.2781,2.05,95.8,80.5
6019,-4149.47,669.0666,2.08,100.0,80.6
6020,-3970.32,1398.3492,2.1,100.0,80.7
6021,-4251.62,2798.1947,2.12,100.0,80.7
6022,-4040.89,751.7874,2.06,99.9,80.8
6023,-4048.18,692.9121,2.09,99.9,80.9
6024,-4164.68,676.9409,2.09,100.0,81.0
6025,-4044.62,350.3683,2.19,100.0,81.1
6026,-4066.04,383.2083,2.04,97.0,81.2
6027,-4190.04,1297.6631,2.1,100.0,81.5
6028,-4204.91,1316.0041,2.09,100.0,81.0
6029,-4087.72,443.334,2.05,100.0,80.6
6030,-4189.0,618.1923,2.09,100.0,80.5
6031,-4099.51,419.0906,2.09,100.0,80.4
6032,-4207.62,630.0836,2.03,100.0,80.1
6033,-4191.46,335.6233,2.12,100.0,80.1
6034,-4190.42,213.0079,2.09,99.4,80.2
6035,-4081.09,1143.3864,2.11,100.0,80.2
6036,-4072.58,1004.7579,2.05,100.0,80.2
6037,-4069.4,628.7491,2.11,100.0,80.1
6038,-4095.81,433.8925,2.08,99.7,80.2
6039,-4096.33,331.113,2.08,99.2,80.3
6040,-4095.02,232.3862,2.04,99.1,80.3
6041,-4085.3,213.0251,2.16,100.0,80.4
6042,-4086.24,144.0598,2.05,99.0,80.4
6043,-4074.78,90.5104,2.06,100.0,80.4
6044,-4090.55,115.7266,2.04,100.0,80.4
6045,-4087.4,65.1584,2.08,100.0,80.5
6046,-4096.81,56.3573,2.09,100.0,80.6
6047,-4067.48,57.7607,2.11,100.0,80.6
6048,-4083.31,49.6313,2.06,100.0,80.6
6049,-4086.6,27.8949,2.14,100.0,80.7
6050,-4085.46,14.6195,2.04,100.0,80.7
6051,-4199.66,1363.8595,2.14,100.0,80.7
6052,-4083.35,10.2287,2.07,100.0,80.7
6053,-4095.01,14.3247,2.08,100.0,80.6
6054,-4077.55,23.7885,2.12,100.0,80.7
6055,-4091.08,5.6558,2.09,99.2,80.7
6056,-4087.72,2.5055,2.05,98.9,80.7
6057,-4093.17,3.0672,2.09,100.0,80.8
6058,-4032.32,241.6297,2.09,100.0,80.8
6059,-4094.25,21.621,2.07,98.2,80.9
6060,-4089.61,7.0036,2.07,100.0,81.0
6061,-4062.33,59.8013,2.03,100.0,80.5
6062,-4078.84,8.7254,2.18,99.4,80.6
6063,-4095.01,23.9148,2.09,93.1,80.6
6064,-4077.21,30.7489,2.03,99.0,80.6
6065,-4081.09,7.6921,2.09,100.0,80.7
6066,-4094.41,27.5798,2.12,100.0,80.8
6067,-4081.09,1.9612,2.07,97.5,80.8
6068,-4168.78,1001.3107,2.06,100.0,80.8
6069,-4105.69,1082.3496,2.05,100.0,80.9
6070,-4272.21,5685.0037,2.11,100.0,80.9
6071,-4498.48,14922.6304,2.07,98.6,81.1
6072,-4364.34,10636.4763,2.01,100.0,80.9
6073,-4546.57,14887.7261,2.11,100.0,81.1
6074,-4388.89,11716.3293,2.18,96.4,81.1
6075,-4426.43,9535.8521,2.03,97.0,81.1
6076,-4251.95,9966.0261,2.07,100.0,81.1
6077,-4161.66,4691.7235,2.1,100.0,81.2
6078,-4485.8,13117.3296,2.1,100.0,81.3
6079,-4279.86,4948.24,2.06,100.0,81.3
6080,-4538.53,10679.0935,2.07,100.0,81.2
6081,-4275.71,2571.4083,2.18,100.0,81.2
6082,-4269.57,2771.5789,2.12,92.0,81.4
6083,-4168.76,2378.4771,2.04,97.9,81.5
6084,-4515.97,6297.111,2.19,100.0,81.4
6085,-4143.24,1936.6469,2.08,100.0,81.4
6086,-4198.93,799.1533,2.06,97.6,81.6
6087,-4260.88,486.7358,2.08,100.0,81.6
6088,-4268.04,1241.7412,2.05,100.0,81.7
6089,-4187.61,583.5394,2.16,100.0,81.7
6090,-4146.81,609.7225,2.05,98.1,82.1
6091,-4236.85,369.5823,2.05,100.0,82.2
6092,-4239.44,368.3097,2.08,100.0,82.3
6093,-3928.17,9338.1807,2.1,99.6,82.4
6094,-3933.83,6003.1149,2.03,99.9,82.5
6095,-4276.16,917.0109,2.14,100.0,82.4
6096,-4214.6,128.0509,2.06,100.0,82.4
6097,-4254.7,146.8727,2.13,100.0,82.6
6098,-4093.49,3109.2192,2.03,100.0,82.6
6099,-4191.31,338.6652,2.06,100.0,82.8
6100,-3991.28,6536.0128,2.11,100.0,82.7
6101,-3928.9,6405.3702,2.12,98.8,83.0
6102,-4076.09,496.7244,2.0,100.0,82.9
6103,-4000.97,963.6844,2.16,100.0,82.8
6104,-4408.66,13706.2844,2.1,98.8,82.9
6105,-4278.07,6029.7979,2.11,100.0,83.0
6106,-4438.73,14269.9314,2.03,100.0,83.1
6107,-4285.16,3663.6285,2.09,100.0,82.9
6108,-4454.25,11190.0151,2.09,100.0,82.9
6109,-4372.59,5390.6187,2.1,98.5,83.0
6110,-3936.81,9397.9265,2.0,98.5,83.2
6111,-4250.68,1113.3781,2.16,100.0,82.8
6112,-3951.15,9090.2834,2.17,96.3,82.7
6113,-4295.95,615.5277,2.06,98.4,82.8
6114,-4463.93,5745.77,2.05,100.0,82.9
6115,-4254.06,118.9729,2.09,100.0,82.9
6116,-4206.11,255.8046,2.11,99.2,82.6
6117,-4236.25,2214.6696,2.07,98.8,82.5
6118,-4110.76,1459.7354,2.02,100.0,82.6
6119,-4272.62,3134.8909,2.27,100.0,82.7
6120,-4289.0,1919.6737,2.13,89.6,82.8
6121,-4312.26,1404.9616,2.05,97.3,82.8
6122,-4359.05,762.6814,2.11,100.0,82.8
6123,-4286.65,714.6596,2.09,100.0,82.8
6124,-4103.49,4308.3843,2.06,95.4,82.8
6125,-4264.36,498.6721,2.07,100.0,82.9
6126,-4093.03,2378.4348,2.05,100.0,82.9
6127,-4418.71,3620.6157,2.16,100.0,83.0
6128,-4340.52,1616.1226,2.1,95.2,83.0
6129,-4215.82,588.0388,2.04,98.6,83.1
6130,-4330.18,592.0123,2.13,100.0,83.2
6131,-4293.92,197.9698,2.12,100.0,83.2
6132,-4134.99,2558.8392,2.0,94.9,83.2
6133,-4185.29,1354.1995,2.06,100.0,83.3
6134,-4242.53,178.8175,2.1,100.0,83.3
6135,-4295.51,602.3769,2.1,100.0,83.3
6136,-4285.42,546.3193,2.05,99.2,83.3
6137,-4499.34,4578.6947,2.06,100.0,83.4
6138,-4333.41,181.2175,2.09,100.0,83.4
6139,-4458.11,1331.6999,2.1,100.0,83.6
6140,-3816.44,27393.2788,2.04,94.7,83.5
6141,-4264.47,725.8711,2.09,100.0,83.6
6142,-3872.52,22308.543,2.11,100.0,83.6
6143,-4432.03,1693.521,2.08,99.8,83.8
6144,-4009.29,8726.7776,2.05,100.0,83.7
6145,-4257.45,233.4354,2.07,100.0,83.7
6146,-4279.4,668.285,2.11,100.0,83.8
6147,-4192.47,1289.8321,2.1,99.5,84.0
6148,-4053.42,6122.5366,1.97,98.6,84.0
6149,-4115.58,1546.7046,2.1,100.0,83.3
6150,-4266.0,866.6117,2.14,92.2,82.3
6151,-4427.48,5468.181,2.03,95.8,82.5
6152,-3956.81,6506.9419,2.1,100.0,82.5
6153,-4339.64,1886.7543,2.17,100.0,82.7
6154,-3978.64,6180.108,2.07,98.1,82.8
6155,-4251.15,359.0722,2.05,99.6,83.2
6156,-4283.02,330.2742,2.1,100.0,83.3
6157,-4331.41,382.0194,2.17,100.0,83.1
6158,-4005.04,9403.1375,2.09,97.2,83.4
6159,-4086.11,3683.1275,2.03,99.0,83.5
6160,-4243.28,884.266,2.21,100.0,83.6
6161,-4213.11,638.4975,2.15,99.2,83.6
6162,-4236.81,421.1517,2.03,96.6,83.6
6163,-4235.71,269.6394,2.05,100.0,83.7
6164,-4034.46,3690.6706,2.07,100.0,83.7
6165,-3998.3,4150.2542,2.15,100.0,83.7
6166,-4050.53,1525.8575,2.04,97.9,83.8
6167,-4170.33,754.695,2.09,100.0,84.0
6168,-4448.09,11151.0049,2.07,100.0,83.2
6169,-4014.45,1727.5713,2.16,100.0,83.2
6170,-4202.51,1059.0239,2.0,97.6,83.3
6171,-4228.74,1093.026,2.18,99.4,83.3
6172,-4162.45,277.7672,2.08,98.9,83.5
6173,-4261.54,346.2762,2.14,100.0,83.3
6174,-3964.4,6347.7954,2.03,100.0,83.4
6175,-3940.92,6899.0068,2.09,100.0,83.4
6176,-3815.79,13204.6995,2.06,100.0,83.5
6177,-4359.58,2804.5485,2.14,99.8,83.5
6178,-4453.01,6604.0612,1.98,98.2,83.6
6179,-4360.97,2776.3018,2.14,100.0,83.4
6180,-4435.91,3933.1485,2.11,100.0,84.1
6181,-4204.11,1727.6853,2.11,100.0,84.0
6182,-3971.99,8562.7197,2.05,99.1,84.2
6183,-4362.59,1000.4548,2.02,100.0,84.3
6184,-4385.27,774.3554,2.04,100.0,83.6
6185,-4139.15,2423.9745,2.07,100.0,83.5
6186,-4231.81,676.7699,2.1,99.1,83.4
6187,-4307.05,780.9382,2.03,100.0,83.5
6188,-4268.38,120.2086,2.04,100.0,83.6
6189,-4282.55,41.7009,2.19,99.2,83.5
6190,-4286.3,49.5547,2.08,96.2,83.4
6191,-4305.4,1315.3896,2.06,99.3,83.8
6192,-4448.74,1910.1676,2.09,100.0,83.9
6193,-3912.78,18714.7412,2.09,100.0,83.8
6194,-4032.42,8577.6045,2.1,98.5,84.2
6195,-4347.61,557.4508,2.06,100.0,84.3
6196,-4239.42,673.1411,2.07,100.0,84.2
6197,-4329.14,1021.025,2.16,98.4,83.8
6198,-3985.78,8416.0537,2.06,92.0,84.0
6199,-4408.89,2052.6601,2.07,100.0,84.2
6200,-4185.94,929.1315,2.09,100.0,84.2
6201,-4008.61,6440.9199,2.08,100.0,83.9
6202,-4097.76,1973.1075,2.06,96.7,83.6
6203,-4414.11,6229.8711,2.1,100.0,83.6
6204,-3986.49,3786.3976,2.05,100.0,83.3
6205,-4165.19,763.9955,2.14,100.0,83.3
6206,-4089.92,546.5417,2.05,95.9,83.7
6207,-3833.25,9754.7314,2.1,100.0,83.7
6208,-4305.97,4631.9722,2.13,100.0,83.9
6209,-4115.17,160.5465,2.14,97.7,84.1
6210,-4219.38,1159.1707,2.12,98.0,83.2
6211,-4274.45,1304.4399,2.14,100.0,83.3
6212,-4222.34,538.9475,2.07,100.0,83.3
6213,-4119.17,2006.8219,2.07,100.0,83.9
6214,-4414.74,3563.391,2.1,100.0,83.8
6215,-4115.85,2296.342,2.11,100.0,83.6
6216,-4040.14,3730.6114,2.08,100.0,83.7
6217,-4502.19,8013.6642,2.05,98.1,84.0
6218,-4198.9,78.7893,2.11,100.0,83.9
6219,-4153.97,250.5988,2.07,99.8,83.4
6220,-4144.15,258.3981,2.05,100.0,83.5
6221,-4485.36,10070.9019,2.06,100.0,83.5
6222,-4319.6,2864.616,2.17,100.0,83.6
6223,-4602.19,12796.3223,2.07,100.0,83.1
6224,-4313.34,712.6555,2.13,100.0,83.0
6225,-4467.63,2109.5381,2.06,100.0,83.1
6226,-4388.81,917.061,2.12,100.0,83.2
6227,-4250.27,3635.0048,2.1,100.0,83.3
6228,-4357.48,440.6515,2.13,100.0,83.2
6229,-4088.83,4048.2706,2.07,99.9,83.2
6230,-4396.19,1133.2086,2.05,100.0,83.3
6231,-3889.93,16624.2,2.12,100.0,83.3
6232,-4398.56,2723.9078,2.16,99.3,83.5
6233,-4355.55,1050.0784,2.03,96.1,83.4
6234,-4198.66,945.875,2.12,100.0,83.5
6235,-4129.44,1584.3992,2.13,99.5,83.5
6236,-4325.31,1109.2906,2.11,99.1,83.6
6237,-3945.91,7948.9786,2.05,99.2,83.8
6238,-4064.26,3970.313,2.11,100.0,83.8
6239,-4463.66,5760.8992,2.1,100.0,83.8
6240,-4135.65,342.7466,2.13,98.4,83.9
6241,-4440.96,6544.969,2.03,97.7,83.8
6242,-4148.6,172.7997,2.16,100.0,83.8
6243,-4054.81,1948.1025,2.03,98.1,83.8
6244,-4009.14,1616.2262,2.13,100.0,83.7
6245,-4185.94,1006.3986,2.04,100.0,83.9
6246,-4449.98,11949.2463,2.11,100.0,83.9
6247,-3954.47,2822.2244,2.07,100.0,83.9
6248,-3951.72,1764.0793,2.08,100.0,83.9
6249,-4063.8,161.2737,2.01,100.0,83.9
6250,-4044.16,68.8438,2.22,100.0,84.0
6251,-4247.84,3243.0543,2.12,97.1,84.2
6252,-4068.08,101.2594,2.1,100.0,84.1
6253,-4099.88,132.5616,2.04,100.0,84.0
6254,-4239.44,2756.7364,2.14,100.0,84.2
6255,-4277.17,2116.3458,2.11,99.4,84.7
6256,-4423.29,7557.1526,2.13,100.0,84.6
6257,-4233.19,433.2919,2.04,100.0,84.6
6258,-4212.1,316.1022,2.17,99.5,84.6
6259,-4206.41,166.9211,2.03,95.5,84.7
6260,-3986.91,3635.1256,2.1,100.0,84.8
6261,-4196.32,232.0272,2.06,100.0,84.7
6262,-4144.1,320.5706,2.1,100.0,84.9
6263,-4079.89,833.5647,2.06,100.0,84.9
6264,-4385.32,5118.0931,2.12,100.0,84.9
6265,-4198.73,97.3266,2.08,100.0,85.0
6266,-4235.99,144.2345,2.13,100.0,84.9
6267,-4010.0,4342.4584,2.05,100.0,85.0
6268,-4299.66,1930.7864,2.12,100.0,85.1
6269,-4377.88,1943.2426,2.05,100.0,85.0
6270,-3971.99,7051.2712,2.06,100.0,85.1
6271,-4157.74,859.5351,2.14,100.0,85.1
6272,-4126.27,825.72,2.14,98.4,85.2
6273,-3995.5,3875.061,2.07,100.0,85.1
6274,-4440.41,8061.5909,2.06,100.0,85.2
6275,-4387.43,5393.4502,2.08,100.0,85.2
6276,-4299.03,2298.3727,2.12,99.0,85.3
6277,-4377.06,3416.3795,2.06,98.0,85.4
6278,-4228.74,119.0991,2.04,100.0,85.5
6279,-4309.77,980.2664,2.17,100.0,85.7
6280,-4377.87,1031.024,2.12,95.1,85.7
6281,-4228.37,1395.4134,2.04,99.8,85.0
6282,-4154.18,2073.4447,2.06,100.0,85.2
6283,-4324.68,371.1051,2.05,100.0,85.4
6284,-3829.74,18396.4692,2.05,100.0,85.3
6285,-4052.83,5854.828,2.06,100.0,85.3
6286,-3968.42,6053.9888,2.13,100.0,85.4
6287,-4072.77,3144.1738,2.08,95.0,85.6
6288,-4193.36,1218.4971,2.09,98.2,85.6
6289,-4454.01,9912.1602,2.08,100.0,85.6
6290,-4155.13,496.0148,2.16,100.0,85.7
6291,-4080.11,1671.4825,2.07,99.3,85.8
6292,-3978.9,3056.8694,2.07,100.0,85.8
6293,-4083.38,854.3205,2.09,100.0,86.0
6294,-4057.29,540.0415,2.13,100.0,85.9
6295,-4253.64,3253.5364,2.05,96.0,86.0
6296,-4121.8,1303.6668,2.1,100.0,86.0
6297,-4233.77,1867.1245,2.11,100.0,86.1
6298,-4171.03,530.6026,2.07,100.0,86.0
6299,-3977.21,4385.0292,2.09,100.0,86.1
6300,-3902.75,6858.3535,2.08,100.0,86.1
6301,-4110.71,444.8628,2.04,100.0,86.0
6302,-3958.81,2882.6678,2.07,100.0,86.1
6303,-4087.44,91.3297,2.06,100.0,86.1
6304,-4117.61,256.9917,2.15,100.0,86.2
6305,-4176.0,719.869,2.07,94.3,86.2
6306,-4336.85,4283.1052,2.03,100.0,86.2
6307,-4052.73,1532.6723,2.08,100.0,86.3
6308,-4185.65,391.5626,2.12,100.0,86.3
6309,-4171.98,191.2344,2.05,98.9,86.5
6310,-4179.8,146.538,2.06,100.0,86.5
6311,-4393.57,6238.5425,2.07,100.0,86.6
6312,-3961.75,4667.198,2.15,100.0,86.7
6313,-4152.82,174.3672,2.06,99.8,86.8
6314,-4054.31,1571.8351,2.08,100.0,86.7
6315,-4157.96,135.4352,2.07,100.0,86.8
6316,-4233.24,1933.7052,2.18,99.9,87.0
6317,-4138.12,43.9669,2.04,100.0,87.0
6318,-4131.55,44.8479,2.11,100.0,86.9
6319,-4267.76,1924.4666,2.03,100.0,87.0
6320,-4411.23,7710.1674,2.12,100.0,87.0
6321,-4125.54,172.1211,2.05,100.0,87.2
6322,-4483.22,9379.656,2.11,100.0,87.2
6323,-4056.85,1368.5452,2.06,100.0,87.3
6324,-3977.21,3846.3104,2.06,100.0,87.3
6325,-4060.25,582.5367,2.08,100.0,87.4
6326,-4293.54,3258.809,2.19,98.9,87.6
6327,-4257.66,2651.6102,2.03,96.9,87.6
6328,-4291.3,2565.1345,2.03,100.0,87.5
6329,-3977.21,3112.3054,2.16,100.0,87.6
6330,-4163.44,101.8,2.09,100.0,87.7
6331,-4165.79,48.3436,2.07,100.0,87.8
6332,-4120.58,120.149,2.05,100.0,87.6
6333,-4122.07,74.8992,2.22,96.7,87.5
6334,-4329.53,3966.6309,2.1,99.6,87.7
6335,-4433.61,10042.4075,2.04,99.3,87.3
6336,-4118.74,109.1421,2.17,100.0,87.4
6337,-4372.18,6886.1497,2.07,100.0,87.4
6338,-3920.26,4947.788,2.12,100.0,87.4
6339,-4398.67,7341.7996,2.05,100.0,87.4
6340,-4135.12,97.8951,2.04,100.0,87.7
6341,-4260.11,1171.1885,2.05,100.0,87.7
6342,-4415.89,6780.7631,2.09,100.0,87.6
6343,-4131.55,386.2805,1.96,100.0,87.5
6344,-4114.73,618.6552,2.09,100.0,87.6
6345,-4089.84,596.0063,2.04,100.0,87.6
6346,-3963.03,2674.1448,2.05,100.0,87.6
6347,-4111.15,202.3368,2.05,100.0,87.7
6348,-4117.61,230.3433,2.13,100.0,87.7
6349,-4246.48,2871.1222,2.05,100.0,87.7
6350,-4225.61,1610.376,2.1,99.3,87.8
6351,-4137.68,126.0642,2.07,100.0,87.8
6352,-4082.25,603.9907,2.17,100.0,87.9
6353,-4084.23,349.947,2.1,97.7,88.0
6354,-4302.15,3132.9547,2.1,92.8,87.9
6355,-4078.42,137.7936,2.11,100.0,88.1
6356,-4033.4,942.0359,2.15,100.0,88.0
6357,-4146.68,524.328,2.06,94.2,88.1
6358,-4342.63,6184.2305,2.07,99.4,88.1
6359,-4049.0,233.6081,2.06,100.0,88.3
6360,-4436.9,11706.3508,2.14,100.0,88.3
6361,-4106.88,10.6944,2.09,97.5,88.2
6362,-4115.17,9.1879,2.06,99.1,88.2
6363,-4089.48,41.0304,2.12,100.0,88.3
6364,-4136.56,111.1098,2.19,100.0,88.4
6365,-4360.87,7666.8528,2.03,99.2,88.4
6366,-3979.6,2354.1277,2.07,100.0,86.5
6367,-4133.85,37.4868,2.08,100.0,86.4
6368,-4060.44,297.0335,2.14,100.0,86.6
6369,-4138.8,181.6763,2.06,100.0,86.7
6370,-4024.94,654.5664,2.08,100.0,86.7
6371,-4196.22,1015.5953,2.06,100.0,86.6
6372,-4132.23,192.9284,2.13,100.0,86.8
6373,-4292.13,3384.5859,2.05,99.8,86.8
6374,-3930.0,3754.4704,2.09,100.0,87.0
6375,-4287.36,2267.4664,2.08,98.6,86.9
6376,-4153.95,190.65,2.08,100.0,86.9
6377,-3970.32,3139.348,2.12,100.0,87.0
6378,-4037.92,849.2114,2.06,100.0,87.1
6379,-4236.83,1990.6755,2.08,100.0,87.2
6380,-4314.58,3470.6167,2.08,100.0,87.0
6381,-4085.65,103.8026,2.05,100.0,87.2
6382,-4007.66,1395.4881,2.09,100.0,87.3
6383,-4105.46,50.284,2.04,100.0,87.2
6384,-4291.93,3299.7607,2.05,100.0,87.4
6385,-4052.03,920.6795,2.08,100.0,87.4
6386,-4099.88,18.4219,2.11,100.0,87.5
6387,-4250.68,2724.3412,2.03,100.0,87.6
6388,-4515.27,14715.0686,2.11,99.8,87.5
6389,-4153.27,97.9864,2.04,100.0,87.5
6390,-4089.48,307.4527,2.17,100.0,87.6
6391,-4246.85,1484.1383,2.04,99.3,87.6
6392,-4319.46,5226.6028,2.18,96.5,87.8
6393,-4379.67,4303.0203,2.08,100.0,87.8
6394,-4260.88,353.5387,2.08,100.0,87.7
6395,-4090.93,3088.9034,2.03,100.0,87.8
6396,-3899.63,11910.3667,2.16,100.0,87.9
6397,-4426.65,2868.3631,2.08,100.0,88.0
6398,-3989.17,5203.75,2.12,100.0,88.0
6399,-4388.92,3603.9723,1.95,100.0,88.0
6400,-4122.92,975.5899,2.04,99.1,88.1
6401,-4145.15,456.9634,2.03,100.0,87.4
6402,-3947.22,4234.3684,2.05,100.0,87.5
6403,-4298.55,4217.8741,2.07,100.0,87.5
6404,-3919.49,4321.2849,2.02,100.0,87.6
6405,-4107.8,904.2146,2.09,100.0,87.5
6406,-4363.05,10154.3096,2.18,100.0,87.7
6407,-4146.31,325.0636,2.06,99.9,87.0
6408,-4299.9,1643.2225,2.14,100.0,87.0
6409,-4400.72,2426.6599,2.06,99.8,87.1
6410,-4383.69,1254.6193,2.1,100.0,87.1
6411,-4095.9,3873.2033,2.09,100.0,87.2
6412,-4274.44,1645.4847,2.09,100.0,86.3
6413,-4261.74,733.0169,2.08,99.4,86.0
6414,-4278.44,1016.7748,2.09,100.0,86.1
6415,-4310.42,382.1471,2.07,100.0,86.2
6416,-4189.96,791.2111,2.16,98.5,86.4
6417,-4278.35,662.4694,2.03,89.3,86.2
6418,-4328.25,1166.9378,2.03,100.0,86.4
6419,-4300.35,1537.6644,2.08,100.0,86.5
6420,-4169.07,966.1167,2.12,100.0,86.7
6421,-3954.88,8738.886,2.06,99.5,86.8
6422,-4055.0,4834.7471,2.08,100.0,86.7
6423,-4090.13,1281.0588,2.07,100.0,86.7
6424,-4254.92,1765.6383,2.12,100.0,86.8
6425,-4183.98,185.1133,2.08,99.6,86.9
6426,-3954.88,4729.248,2.07,100.0,86.8
6427,-4253.88,1311.9591,2.06,100.0,86.9
6428,-3912.01,5751.9265,2.1,100.0,86.9
6429,-4228.12,335.7797,2.08,100.0,87.0
6430,-4129.14,225.7361,2.14,100.0,87.0
6431,-3940.72,4432.8042,2.03,99.3,87.1
6432,-4157.74,95.6212,2.07,100.0,87.1
6433,-4375.31,5376.7482,2.05,100.0,87.2
6434,-4211.23,185.5836,2.1,100.0,87.1
6435,-3950.79,5101.6213,2.04,100.0,87.1
6436,-3792.92,13423.7761,2.07,100.0,87.2
6437,-4374.08,4370.6429,2.04,100.0,87.2
6438,-3855.32,11126.6511,2.16,100.0,87.3
6439,-4045.38,2238.9931,2.05,99.0,87.3
6440,-4247.5,1932.8416,2.08,100.0,87.3
6441,-4002.55,2120.0297,2.11,100.0,87.4
6442,-4093.55,412.7957,2.1,100.0,87.4
6443,-4369.96,6271.9692,2.05,100.0,87.4
6444,-4444.42,8750.7643,2.11,100.0,87.4
6445,-4351.57,3115.4446,2.03,100.0,88.2
6446,-4459.84,4189.187,2.15,100.0,88.1
6447,-4024.08,6208.7924,2.07,100.0,88.0
6448,-4264.47,1039.0688,2.19,100.0,88.0
6449,-4166.42,1263.9852,2.07,100.0,88.0
6450,-3982.92,5824.3055,2.04,100.0,88.1
6451,-4339.51,1565.454,2.15,100.0,88.0
6452,-3975.34,4770.7274,2.18,100.0,88.0
6453,-4323.9,3217.1152,2.05,100.0,87.8
6454,-4323.61,4202.3231,2.07,100.0,87.8
6455,-4269.59,1896.974,2.1,100.0,87.5
6456,-4406.19,1868.6396,2.13,100.0,87.4
6457,-4111.25,1686.6393,2.08,100.0,87.4
6458,-4132.45,1636.8505,2.02,99.1,87.4
6459,-4218.71,465.7139,2.12,100.0,87.5
6460,-3951.72,7057.9384,2.05,100.0,87.4
6461,-4168.41,548.6711,2.03,100.0,87.4
6462,-4348.0,3312.3806,2.02,100.0,87.4
6463,-3947.9,4102.2391,2.08,100.0,87.4
6464,-4275.58,2014.913,2.04,100.0,87.4
6465,-4168.36,193.3491,2.07,100.0,87.4
6466,-4466.83,7075.5883,2.1,100.0,87.3
6467,-4253.8,563.2983,2.1,100.0,87.2
6468,-3976.72,6392.0023,2.07,100.0,87.3
6469,-3880.07,12723.7803,2.07,100.0,87.4
6470,-4257.33,1268.6941,2.1,100.0,87.5
6471,-4173.79,190.0669,2.18,100.0,87.4
6472,-4498.53,7098.569,2.03,86.9,87.5
6473,-4316.45,1254.5816,2.14,100.0,87.6
6474,-4253.46,451.2101,2.08,100.0,87.6
6475,-4376.83,1052.904,2.16,100.0,87.6
6476,-4310.8,513.4444,2.06,96.4,87.6
6477,-4085.26,3543.5356,2.05,100.0,87.6
6478,-4233.77,1952.0276,2.14,100.0,87.7
6479,-4083.46,2615.2255,2.13,98.9,87.9
6480,-4057.29,5368.7067,2.05,97.2,87.8
6481,-4439.49,5983.3285,2.1,100.0,87.8
6482,-3934.64,6188.4252,2.11,100.0,87.9
6483,-4110.88,797.7993,2.08,100.0,88.0
6484,-4440.17,7641.8977,2.13,100.0,88.2
6485,-4133.86,341.2559,2.04,100.0,88.0
6486,-4318.57,3021.6135,2.13,100.0,88.0
6487,-4067.82,2618.2075,2.06,100.0,88.1
6488,-3842.68,11763.1467,2.17,100.0,88.1
6489,-4320.36,2379.4859,2.08,98.7,88.3
6490,-3916.29,4671.6831,2.05,100.0,88.3
6491,-4013.57,2314.7149,2.1,100.0,88.2
6492,-4373.82,6389.6915,2.14,98.8,88.3
6493,-4340.22,4207.2628,2.05,93.6,88.4
6494,-3891.53,7170.2168,2.03,100.0,88.4
6495,-3906.47,6380.4266,2.07,100.0,88.5
6496,-4290.96,3975.226,2.1,100.0,88.4
6497,-3967.53,2100.3432,2.07,99.2,87.7
6498,-3988.18,1785.432,2.04,99.6,87.7
6499,-4286.3,5734.9814,2.07,100.0,87.6
6500,-3949.74,1189.0572,2.2,98.3,87.5
6501,-3972.67,729.8777,2.05,97.7,87.6
6502,-4260.74,7836.6844,2.06,100.0,87.6
6503,-4131.25,1818.9623,2.07,100.0,87.6
6504,-4124.98,1510.7827,2.11,100.0,87.6
6505,-3882.88,3682.8082,2.08,99.5,87.7
6506,-4245.31,2031.8083,2.05,100.0,88.1
6507,-3890.95,4617.6996,2.05,100.0,87.9
6508,-3962.73,1263.8909,2.13,100.0,88.0
6509,-4169.03,1066.0809,2.03,99.9,88.3
6510,-4455.32,11449.3413,2.11,100.0,88.4
6511,-4213.7,1164.2707,2.06,100.0,88.5
6512,-3855.76,6587.1979,2.09,100.0,88.5
6513,-4019.24,1392.0714,2.04,100.0,88.4
6514,-4265.11,1656.5228,2.13,100.0,88.5
6515,-3929.08,2330.3908,2.05,100.0,88.6
6516,-4035.58,612.7072,2.1,100.0,88.7
6517,-4100.16,731.0738,2.03,100.0,88.7
6518,-3986.49,568.1085,2.17,100.0,88.8
6519,-4075.66,366.6901,2.07,97.2,88.9
6520,-4274.78,3901.1306,2.04,99.3,89.0
6521,-4067.84,161.7758,2.09,100.0,89.2
6522,-4379.67,8458.594,2.14,100.0,89.2
6523,-3880.07,3831.0286,2.07,99.6,89.2
6524,-4282.9,2838.2217,2.05,100.0,89.2
6525,-4083.38,187.1409,2.04,100.0,89.2
6526,-3904.97,3007.9419,2.21,98.8,89.4
6527,-3961.75,1457.8059,2.15,98.4,88.7
6528,-4412.98,10950.53,2.03,98.8,88.3
6529,-4026.17,671.1066,2.06,100.0,88.2
6530,-3958.81,546.7961,2.14,100.0,88.3
6531,-4153.57,1727.1191,2.09,100.0,88.2
6532,-3958.81,250.7089,2.07,100.0,88.3
6533,-4110.9,1154.6463,2.02,100.0,88.3
6534,-4482.72,19017.8975,2.12,100.0,88.4
6535,-4436.37,14740.4109,2.05,99.7,88.4
6536,-4348.99,6583.5259,2.06,100.0,88.4
6537,-4045.91,1712.5364,2.03,100.0,88.4
6538,-4066.4,884.453,2.12,100.0,88.5
6539,-4047.58,549.7251,2.01,100.0,88.7
6540,-4103.68,85.8455,2.09,100.0,88.8
6541,-4095.41,107.7672,2.0,100.0,88.7
6542,-4098.47,84.0411,2.07,97.0,88.7
6543,-4184.11,500.9518,2.09,100.0,88.8
6544,-4076.09,188.454,2.11,100.0,88.9
6545,-4080.11,192.6438,2.14,100.0,88.9
6546,-3987.27,1760.1201,2.11,100.0,88.8
6547,-3939.81,1545.8426,2.03,99.0,88.6
6548,-4266.91,4429.3929,2.18,100.0,88.6
6549,-4281.42,5646.1597,2.09,98.2,88.7
6550,-4020.64,440.8333,2.07,94.1,88.7
6551,-3997.97,360.7179,2.03,100.0,89.0
6552,-4271.73,5812.8643,2.14,100.0,89.0
6553,-4285.93,5323.7728,2.1,100.0,89.3
6554,-4321.66,5855.3348,2.12,100.0,89.4
6555,-4326.33,4652.615,2.03,98.0,89.4
6556,-4343.84,4121.3713,2.17,99.9,89.4
6557,-4007.93,3407.4722,2.1,96.3,89.5
6558,-3972.44,4237.9338,2.09,98.2,89.7
6559,-3993.67,3332.6053,2.06,100.0,89.6
6560,-4270.71,2487.0698,2.1,100.0,89.6
6561,-3963.03,2609.2426,2.08,99.4,89.8
6562,-4256.86,2245.9435,2.15,100.0,89.8
6563,-3999.43,1803.8065,2.03,98.9,89.9
6564,-4014.07,1284.5357,2.16,100.0,90.0
6565,-3921.94,1869.9328,2.08,99.6,90.0
6566,-4194.43,1392.3048,2.13,100.0,90.2
6567,-4085.46,570.5885,2.04,100.0,90.1
6568,-4129.37,452.2062,2.11,100.0,90.1
6569,-4353.95,5927.4984,2.05,100.0,90.2
6570,-4454.42,10731.6758,2.17,100.0,90.4
6571,-4168.63,2594.1512,2.07,100.0,89.8
6572,-3998.19,3963.9496,2.07,100.0,89.9
6573,-4111.15,829.6941,2.13,100.0,89.9
6574,-4302.52,1714.6138,2.15,100.0,89.8
6575,-4023.48,2941.9614,2.1,99.6,89.8
6576,-4164.85,233.758,2.02,98.7,89.7
6577,-4337.66,3021.4378,2.17,100.0,89.6
6578,-4105.46,127.1254,2.17,99.8,89.7
6579,-4083.31,979.9427,2.04,96.3,89.8
6580,-4187.44,561.8666,2.06,100.0,89.9
6581,-4060.25,270.8384,2.12,100.0,89.9
6582,-4038.32,682.9891,2.1,100.0,89.9
6583,-4105.46,114.6094,2.1,98.8,90.1
6584,-4147.12,351.6996,2.06,100.0,90.0
6585,-4233.77,2242.9095,2.14,100.0,90.0
6586,-3980.27,2073.932,2.15,100.0,90.0
6587,-4041.55,647.4415,2.09,95.2,90.2
6588,-4279.79,2459.5721,2.1,100.0,90.1
6589,-4089.67,99.9949,2.11,100.0,90.2
6590,-4400.37,8553.2495,2.08,100.0,90.3
6591,-4108.18,12.8216,2.06,100.0,90.3
6592,-4077.01,54.5667,2.07,100.0,90.2
6593,-3940.9,1537.948,2.09,100.0,89.7
6594,-3961.75,842.9948,2.11,100.0,89.9
6595,-4017.17,470.7778,2.05,100.0,89.9
6596,-4012.7,322.6309,2.16,100.0,89.9
6597,-4154.99,1656.4721,2.07,98.6,90.0
6598,-4131.55,987.8524,2.09,100.0,90.0
6599,-4050.58,375.3586,2.07,100.0,90.1
6600,-4339.36,6814.6412,2.08,100.0,90.2
6601,-4360.27,6598.097,2.06,100.0,90.1
6602,-4302.17,3882.8273,2.08,100.0,90.2
6603,-4020.64,2128.3737,2.01,100.0,89.7
6604,-4356.66,4113.1784,2.04,100.0,89.8
6605,-4067.43,2132.2594,2.11,100.0,89.7
6606,-4094.41,1694.6617,2.07,99.2,89.8
6607,-4192.21,372.9051,2.04,98.0,90.3
6608,-4322.59,2986.9155,2.06,100.0,90.4
6609,-4163.27,85.5965,2.13,100.0,90.4
6610,-4080.98,929.5006,2.09,99.9,90.6
6611,-4066.62,858.2158,2.09,100.0,90.9
6612,-4083.31,653.4063,2.06,98.5,91.0
6613,-4136.96,380.5381,2.15,100.0,91.1
6614,-4067.97,351.1441,2.09,99.3,91.0
6615,-4182.96,699.2554,2.06,97.5,91.1
6616,-4185.45,587.2079,2.1,100.0,91.5
6617,-4061.07,627.9523,2.11,100.0,91.7
6618,-4158.79,232.9051,2.07,99.1,91.7
6619,-4092.33,385.994,2.1,100.0,91.7
6620,-4097.41,255.7323,2.06,98.3,91.0
6621,-4062.15,235.3494,2.14,100.0,91.1
6622,-4086.6,212.1108,2.11,100.0,91.1
6623,-4073.78,149.0478,2.11,99.3,90.0
6624,-4053.39,79.5279,2.08,100.0,88.5
6625,-4078.15,63.1748,2.08,100.0,88.6
6626,-4094.71,87.4397,2.12,100.0,88.7
6627,-4098.19,60.227,2.07,96.1,88.7
6628,-4199.44,967.5597,2.11,100.0,88.6
6629,-4078.88,91.483,2.07,100.0,88.2
6630,-4078.15,77.2207,2.08,100.0,88.3
6631,-4072.74,44.5289,2.12,99.6,88.4
6632,-4094.71,97.8875,2.05,99.4,88.6
6633,-4098.02,68.9959,2.11,100.0,88.5
6634,-4094.41,63.3507,2.26,100.0,89.1
6635,-4078.88,32.0661,2.07,95.0,89.4
6636,-4133.85,894.4248,2.07,99.3,89.6
6637,-4086.24,38.8112,2.08,100.0,89.6
6638,-4063.0,67.9192,2.05,100.0,89.7
6639,-4013.89,293.8105,2.11,98.8,89.7
6640,-4070.8,31.9407,2.08,100.0,89.6
6641,-4074.36,32.4395,2.07,100.0,89.7
6642,-4030.27,134.1113,2.1,99.5,88.7
6643,-4090.06,43.6302,2.05,100.0,88.7
6644,-4038.32,138.3305,2.11,99.6,89.0
6645,-4179.27,978.9239,2.03,100.0,88.3
6646,-3979.42,680.4354,2.05,100.0,88.4
6647,-4174.02,989.7307,2.03,100.0,88.4
6648,-3985.73,575.7411,2.09,100.0,88.5
6649,-4082.25,1083.8074,2.02,100.0,88.5
6650,-3907.84,1881.1619,2.07,100.0,88.3
6651,-4305.79,6201.913,2.12,100.0,88.2
6652,-4125.86,612.1608,2.1,100.0,88.1
6653,-4035.79,262.9893,2.1,100.0,88.1
6654,-4227.96,4091.152,2.07,99.8,88.1
6655,-4046.51,955.2798,2.14,100.0,88.1
6656,-3928.35,1806.2827,2.12,100.0,87.9
6657,-4101.67,358.6212,2.03,98.0,88.0
6658,-3860.53,3025.9439,2.16,99.6,88.0
6659,-4044.62,259.0417,2.16,100.0,88.2
6660,-4596.31,28358.0464,2.04,96.5,88.1
6661,-4551.19,23263.4971,2.06,100.0,88.0
6662,-4212.83,4175.0465,2.14,100.0,88.1
6663,-4105.46,215.2688,2.14,100.0,88.2
6664,-3950.6,2047.8889,2.1,96.7,88.1
6665,-4417.01,10497.4231,2.06,98.4,88.1
6666,-4003.18,1186.0407,2.21,100.0,87.9
6667,-4422.79,11191.3821,2.09,97.8,87.8
6668,-4263.24,3057.65,2.07,97.5,87.9
6669,-4177.41,1862.1806,2.07,100.0,87.9
6670,-4381.7,5853.718,2.09,100.0,88.1
6671,-4253.8,1016.1495,2.08,98.5,88.4
6672,-4011.65,3717.0643,2.08,99.4,88.4
6673,-4097.76,1983.7665,2.06,100.0,88.6
6674,-3907.84,7809.1881,2.15,100.0,88.6
6675,-3818.98,9717.4834,2.04,98.7,88.7
6676,-4075.41,562.8302,2.1,99.9,88.8
6677,-4221.94,1724.8717,2.09,100.0,88.8
6678,-3947.13,2400.0815,2.11,100.0,88.5
6679,-4058.38,360.9824,2.06,100.0,88.6
6680,-4043.34,240.567,2.13,100.0,88.8
6681,-4022.56,685.9126,2.05,100.0,88.7
6682,-4101.67,119.8223,2.07,100.0,88.3
6683,-3914.03,1712.8132,2.09,100.0,88.3
6684,-3843.26,3761.8591,2.15,100.0,88.9
6685,-4120.58,508.0597,2.12,98.8,88.9
6686,-4019.06,412.1656,2.02,99.4,88.6
6687,-3967.14,1025.1331,2.16,100.0,88.6
6688,-3923.88,429.3234,2.08,98.6,88.7
6689,-4003.54,730.8387,2.1,100.0,88.5
6690,-4164.3,2759.5369,2.12,100.0,88.6
6691,-4149.47,1868.4501,2.08,100.0,88.5
6692,-3838.13,2331.4431,2.11,100.0,88.5
6693,-3993.67,410.8598,2.03,96.9,88.6
6694,-4217.46,4661.3378,2.07,100.0,88.6
6695,-4118.06,696.4286,2.17,100.0,88.6
6696,-4025.93,262.9543,2.14,99.3,88.5
6697,-4112.38,205.7441,2.08,100.0,88.6
6698,-4021.7,698.7141,2.1,100.0,88.7
6699,-4154.94,610.5173,2.05,99.2,88.8
6700,-4282.89,3744.5728,2.08,100.0,88.7
6701,-3933.8,2796.2275,2.07,98.3,88.6
6702,-3993.16,1143.2275,2.07,100.0,88.7
6703,-4340.86,4713.9802,2.05,100.0,88.7
6704,-3922.56,2498.6472,2.07,100.0,88.8
6705,-4062.09,726.1645,2.09,100.0,88.9
6706,-4009.59,675.0145,2.14,99.7,88.8
6707,-4024.08,362.664,2.0,96.5,88.8
6708,-4256.09,4605.0914,2.13,100.0,88.9
6709,-4019.13,246.1393,2.07,100.0,89.9
6710,-4321.85,5853.5055,2.14,100.0,89.5
6711,-4079.76,47.9964,2.08,100.0,89.4
6712,-4169.99,654.4348,2.03,100.0,89.4
6713,-4159.08,1068.9021,2.26,99.1,89.1
6714,-4033.44,876.1234,2.1,99.8,89.0
6715,-4082.31,1682.618,2.06,100.0,89.0
6716,-3875.14,4863.5099,2.04,100.0,89.1
6717,-4005.88,1836.5202,2.13,100.0,89.0
6718,-4026.36,789.8774,2.06,100.0,89.1
6719,-3905.46,1493.6452,2.12,100.0,89.1
6720,-4154.34,2120.4921,2.02,100.0,89.1
6721,-4124.86,1523.3952,2.11,100.0,89.2
6722,-4601.28,30452.502,2.05,100.0,89.2
6723,-3998.78,269.9024,2.11,100.0,89.2
6724,-4211.89,2057.6025,2.12,100.0,89.1
6725,-4089.94,472.0799,2.06,100.0,89.2
6726,-4031.57,682.6,2.12,100.0,89.3
6727,-4121.38,248.423,2.14,98.4,89.2
6728,-4073.95,243.8359,2.09,100.0,89.0
6729,-3956.29,1188.7984,2.02,100.0,89.0
6730,-4133.2,321.4554,2.11,100.0,89.2
6731,-4146.31,379.089,2.05,100.0,89.3
6732,-4023.99,639.1353,2.15,100.0,89.3
6733,-4033.84,633.8743,1.99,98.5,89.4
6734,-3901.45,1955.0499,2.1,99.6,89.4
6735,-4266.31,4454.0233,2.07,100.0,89.4
6736,-3898.27,1492.1277,2.1,100.0,89.5
6737,-3901.45,1203.7677,2.06,100.0,89.6
6738,-3989.2,344.1736,2.09,100.0,89.5
6739,-4072.45,778.4885,2.11,100.0,89.7
6740,-4135.92,1325.2729,2.13,100.0,89.6
6741,-3982.2,209.3007,2.11,100.0,89.6
6742,-4013.24,635.7327,2.06,100.0,89.5
6743,-4489.17,17565.2119,2.15,100.0,89.6
6744,-3978.74,503.9109,2.03,100.0,89.8
6745,-4057.85,373.0709,2.14,100.0,89.6
6746,-3993.5,189.1724,2.03,100.0,88.7
6747,-3910.0,684.4625,2.08,100.0,88.8
6748,-4132.09,1848.4926,2.05,100.0,88.9
6749,-3972.27,146.4931,2.09,100.0,89.0
6750,-3871.65,995.2232,2.16,100.0,89.0
6751,-4293.3,8102.2485,2.04,100.0,89.0
6752,-3994.3,43.9919,2.13,96.4,89.1
6753,-4265.11,6239.6329,2.09,100.0,89.1
6754,-4352.19,8385.8318,2.1,100.0,89.2
6755,-3928.97,1377.0088,2.02,99.3,89.3
6756,-3963.58,963.0349,2.07,100.0,89.2
6757,-4185.0,1192.4546,2.03,100.0,89.3
6758,-3981.52,589.6702,2.11,100.0,89.3
6759,-3911.03,1399.1587,2.07,99.4,89.4
6760,-3893.97,1170.3209,2.04,99.8,89.6
6761,-4055.77,880.6714,2.05,100.0,89.5
6762,-4447.38,18833.1367,2.12,100.0,89.5
6763,-4225.27,5259.2064,2.06,96.7,89.5
6764,-4143.33,935.6855,2.09,100.0,89.6
6765,-4013.89,340.5633,2.11,100.0,89.7
6766,-4196.27,3269.7399,2.11,100.0,89.9
6767,-4434.25,12055.5801,2.13,100.0,90.0
6768,-4046.51,779.985,2.06,63.4,90.3
6769,-4235.51,2706.1875,2.1,57.1,90.4
6770,-3905.75,3475.9191,1.99,54.7,90.4
6771,-4246.25,2106.5458,2.06,55.6,90.6
6772,-3934.15,3029.8975,1.96,57.0,90.6
6773,-4070.31,1221.964,2.07,55.4,91.1
6774,-4069.27,794.392,1.87,56.6,91.1
6775,-4190.22,882.4519,2.0,54.9,91.2
6776,-3864.27,2966.1736,2.07,54.8,91.3
6777,-3908.39,1559.1163,1.97,55.1,91.3
6778,-4385.98,13268.7549,1.91,56.2,91.3
6779,-4200.43,2087.6935,2.01,56.2,91.3
6780,-3826.35,3236.3757,1.89,55.7,91.5
6781,-4058.86,464.8052,2.08,55.5,91.5
6782,-4040.89,244.701,2.06,55.2,91.6
6783,-3887.56,1594.1138,1.94,55.5,91.8
6784,-3996.1,161.0677,1.93,54.0,91.2
6785,-3961.56,228.3485,1.99,54.6,91.2
6786,-4005.73,120.3058,1.97,55.4,91.4
6787,-4047.0,321.1088,2.18,58.8,91.7
6788,-3913.23,565.9928,2.01,59.5,92.2
6789,-4043.53,226.6892,1.93,56.2,92.4
6790,-4040.14,140.2344,2.1,57.8,92.5
6791,-4180.04,1639.2469,2.04,55.5,92.7
6792,-3997.94,256.7066,1.97,56.6,92.8
6793,-4331.89,6963.7948,1.97,56.9,92.8
6794,-4307.16,5607.795,2.02,54.6,92.8
6795,-3953.46,1329.5421,2.06,55.4,92.9
6796,-3994.3,785.5705,2.03,56.2,93.1
6797,-4137.04,514.2399,1.97,56.7,93.1
6798,-4158.79,474.9106,1.95,55.1,93.1
6799,-4057.85,479.1255,2.13,54.9,93.2
6800,-4069.4,327.8036,1.99,56.0,93.3
6801,-4037.7,234.8044,1.99,56.4,93.0
6802,-4068.11,155.9248,1.96,55.8,93.0
6803,-3930.81,923.8896,2.0,54.7,93.1
6804,-4347.62,8004.5775,2.02,55.2,93.2
6805,-4039.69,94.0731,1.84,54.2,93.2
6806,-3993.5,194.6399,1.98,70.5,93.0
6807,-4047.45,31.3256,2.06,100.0,93.0
6808,-4188.77,1438.6854,2.06,100.0,92.9
6809,-4070.31,91.4399,2.07,100.0,92.9
6810,-4079.13,54.1841,2.08,100.0,92.0
6811,-4130.67,809.3937,2.08,100.0,92.1
6812,-4067.3,35.7021,2.17,100.0,92.3
6813,-4095.04,53.449,2.1,99.6,92.2
6814,-4047.0,116.5137,2.09,98.5,92.1
6815,-4196.31,1220.3438,2.19,85.7,92.3
6816,-4037.31,173.6334,2.08,54.1,92.4
6817,-4007.2,352.5465,1.94,53.8,92.6
6818,-4060.68,49.3605,2.0,54.4,92.6
6819,-4087.72,77.0963,1.96,54.3,92.6
6820,-4082.45,18.355,2.1,54.1,92.6
6821,-4091.88,24.8814,2.0,53.3,92.7
6822,-4050.1,70.9051,1.93,55.0,92.8
6823,-4035.38,105.3734,1.97,54.4,92.9
6824,-4000.4,287.2495,2.08,55.3,93.1
6825,-4081.51,187.1137,1.9,54.0,93.0
6826,-3964.33,616.2862,1.95,54.4,93.1
6827,-3993.67,186.3726,2.01,55.4,93.2
6828,-4311.63,8371.0413,2.0,54.6,93.3
6829,-4132.09,1403.6021,1.97,53.6,93.3
6830,-4013.44,1772.6556,1.95,54.3,93.3
6831,-4323.82,14312.9517,1.87,55.2,93.4
6832,-4200.74,4379.0801,2.01,54.5,93.3
6833,-4264.58,4475.3678,1.98,53.8,93.4
6834,-4185.0,4096.812,1.95,53.6,93.5
6835,-4381.25,10592.9844,2.5,53.9,93.5
6836,-4050.93,2667.6594,1.93,55.1,93.5
6837,-4409.4,8366.7838,1.98,55.3,93.6
6838,-4381.44,8100.4392,1.97,54.0,93.7
6839,-4369.66,7072.4095,1.9,53.3,93.8
6840,-3924.74,10587.8828,1.98,55.0,93.7
6841,-4292.14,1509.2007,2.0,54.6,93.8
6842,-4279.84,3594.002,2.06,55.3,93.9
6843,-4118.89,2329.4974,2.01,55.4,93.9
6844,-3994.85,6484.3118,1.92,54.6,94.1
6845,-3951.92,6329.1315,1.82,54.4,93.6
6846,-4330.04,3018.3431,3.44,55.5,93.2
6847,-3994.59,3409.8755,2.03,50.3,92.4
6848,-3995.86,2451.1112,2.01,54.9,92.6
6849,-3861.73,4932.6924,1.99,53.4,91.9
6850,-4448.85,15151.7136,2.07,54.2,91.9
6851,-4174.19,2087.9235,1.99,53.2,91.8
6852,-4101.49,790.7088,1.89,53.8,91.9
6853,-4069.77,396.8276,1.9,50.9,91.8
6854,-4114.62,100.2331,2.01,53.3,91.7
6855,-4246.48,2469.4061,2.03,54.4,91.8
6856,-4142.27,184.9427,2.0,52.8,91.8
6857,-4305.45,5314.6697,1.95,54.3,91.8
6858,-4119.59,359.8766,1.93,54.3,91.7
6859,-4060.44,749.224,1.91,54.2,91.9
6860,-4072.09,269.8107,2.14,53.9,91.9
6861,-4235.12,2092.9763,1.92,54.3,92.0
6862,-4201.09,1769.4145,1.97,57.0,92.1
6863,-4034.9,434.8379,1.99,56.8,92.4
6864,-4157.28,317.8137,2.1,93.1,92.4
6865,-3887.53,4581.0909,2.2,92.8,92.4
6866,-4194.92,1875.7522,1.91,57.2,92.6
6867,-4115.17,43.0688,1.84,53.5,92.7
6868,-4057.29,211.8816,2.02,54.7,92.7
6869,-3905.93,2730.8657,1.93,54.4,92.7
6870,-4243.82,3175.6304,1.89,54.2,92.7
6871,-4290.83,4735.2963,1.85,54.8,92.3
6872,-3917.42,1947.6281,1.8,53.4,92.4
6873,-4257.66,3666.8756,1.91,48.9,88.6
6874,-4244.0,2650.0248,1.92,54.5,88.7
6875,-4140.84,117.9188,2.0,55.0,88.6
6876,-3958.81,2948.9829,1.98,54.6,88.7
6877,-4302.17,2211.9155,1.92,54.4,88.8
6878,-3925.96,4340.3914,1.96,53.9,88.9
6879,-4165.79,150.0616,1.91,55.1,88.9
6880,-4439.04,9082.5107,2.01,54.1,88.8
6881,-4257.52,1287.8619,1.92,53.9,87.6
6882,-4011.65,1763.6822,1.84,54.1,87.7
6883,-4317.82,1832.6626,1.92,54.7,87.8
6884,-3834.84,8861.4998,1.97,54.8,87.8
6885,-4006.97,2988.1273,1.93,53.7,87.8
6886,-3884.44,5210.6851,1.92,54.9,87.1
6887,-4447.09,8639.9802,1.95,54.7,87.1
6888,-4079.43,215.9357,2.0,54.8,87.2
6889,-4082.25,119.0652,1.97,53.9,87.3
6890,-4140.13,2161.9432,1.87,54.1,87.4
6891,-4235.12,1814.357,2.02,54.9,87.3
6892,-3991.12,1460.3622,1.98,54.0,87.3
6893,-4101.67,188.2343,1.91,54.8,87.4
6894,-4068.98,1300.1115,1.88,54.5,87.4
6895,-3981.95,761.4457,1.99,54.4,87.5
6896,-4427.45,15767.6558,1.91,54.1,87.6
6897,-4102.49,349.6662,1.92,53.9,87.5
6898,-4464.74,13669.4536,1.82,54.3,87.6
6899,-3969.13,938.5964,1.99,54.8,87.6
6900,-4239.13,2206.4228,1.94,54.4,87.6
6901,-4019.13,384.1474,1.86,55.0,87.6
6902,-4108.86,61.4652,1.85,55.0,87.6
6903,-3920.88,2396.8738,1.99,54.2,87.6
6904,-4294.68,3806.6112,1.88,54.2,87.6
6905,-3965.08,1193.4474,1.9,54.4,87.6
6906,-4072.93,22.1408,1.87,54.3,87.7
6907,-4037.92,132.0921,1.94,56.0,87.8
6908,-4052.83,31.2556,2.01,55.1,87.7
6909,-3865.72,2534.9945,1.86,53.7,87.7
6910,-3968.42,491.5742,1.79,54.9,87.8
6911,-4283.98,9820.5835,46.36,53.6,87.9
6912,-4073.74,435.4826,1.87,53.8,88.0
6913,-4341.53,13116.7837,1.89,53.6,87.9
6914,-4258.08,3131.6827,1.86,53.3,86.3
6915,-4083.24,1680.1902,1.86,54.6,86.4
6916,-3978.64,1603.4434,1.88,54.8,86.4
6917,-4254.74,1494.3461,1.9,54.9,86.4
6918,-4062.38,1059.1437,1.81,53.9,86.5
6919,-3999.35,1389.3954,1.93,54.3,86.5
6920,-3980.43,1063.2878,1.87,53.6,86.3
6921,-4102.44,790.0971,1.92,54.3,86.2
6922,-4386.81,10868.0232,1.87,53.6,86.3
6923,-4015.48,397.6638,1.82,54.2,86.3
6924,-4321.64,7383.0645,1.84,54.0,86.4
6925,-3917.28,3403.8527,1.94,52.1,86.2
6926,-4345.9,7071.3268,1.88,52.8,86.5
6927,-3865.44,4372.7523,1.99,54.7,86.5
6928,-4066.21,836.3449,2.05,54.7,86.0
6929,-4231.81,3857.8404,1.94,53.7,85.8
6930,-4001.7,925.3131,1.94,54.6,85.9
6931,-3957.93,1489.7104,1.92,55.0,86.1
6932,-4331.29,6269.2638,2.05,54.0,86.1
6933,-4148.6,486.3269,1.97,53.5,86.0
6934,-4267.76,2095.5813,1.88,54.7,86.1
6935,-3965.55,5593.771,1.98,54.4,86.0
6936,-4046.51,1425.8025,2.0,54.6,86.1
6937,-4173.99,1253.5231,1.9,55.2,86.2
6938,-4400.23,7956.6091,1.86,54.7,86.1
6939,-4233.24,901.6146,1.93,54.8,86.2
6940,-4274.78,1091.8369,1.89,54.7,86.1
6941,-3852.02,9885.7644,1.99,55.3,86.2
6942,-3837.31,11414.8608,2.82,52.8,85.9
6943,-4422.79,4989.3516,1.98,53.4,85.8
6944,-3942.75,4367.2257,1.93,55.2,85.9
6945,-4023.4,1927.5574,1.93,54.7,85.9
6946,-4019.24,1485.7042,1.99,54.9,85.9
6947,-4520.01,13799.6399,2.01,54.2,85.9
6948,-4005.98,746.2813,1.93,55.1,85.9
6949,-4023.15,418.401,1.86,54.2,85.9
6950,-4373.03,9130.7798,2.07,54.5,86.1
6951,-3963.03,1465.138,2.02,54.7,86.1
6952,-3912.01,1397.2278,1.86,54.0,86.0
6953,-4282.09,5800.0326,1.97,54.1,86.1
6954,-4059.02,271.1098,1.96,54.6,86.2
6955,-3989.33,157.5185,1.98,54.3,86.2
6956,-4133.85,854.5529,1.87,54.2,86.2
6957,-3930.2,1042.6443,1.88,54.6,86.1
6958,-4060.44,75.0506,1.96,55.6,86.2
6959,-4147.72,2059.2728,1.88,53.9,87.5
6960,-4185.0,1869.4825,2.01,54.7,87.5
6961,-4001.7,515.0373,1.9,53.9,87.6
6962,-4111.57,949.8158,1.9,55.1,87.7
6963,-3905.58,2431.2997,1.88,55.0,87.6
6964,-4045.83,272.1809,1.94,54.8,87.6
6965,-4111.57,714.3476,1.95,54.0,87.6
6966,-4308.54,6555.4948,1.94,54.8,87.7
6967,-4239.99,1711.2826,1.83,54.7,87.7
6968,-4208.08,594.0135,1.97,54.4,87.6
6969,-4200.74,285.2681,1.96,54.3,87.8
6970,-3884.58,9399.6831,1.87,54.5,87.8
6971,-3902.47,8584.0635,1.89,54.3,87.8
6972,-4246.73,427.4407,1.9,54.3,87.8
6973,-4018.48,2199.3743,25.17,53.8,88.1
6974,-3914.48,6471.4501,1.96,53.4,87.8
6975,-4012.48,3346.4044,1.92,55.3,88.0
6976,-3993.61,837.345,1.95,54.2,87.9
6977,-4067.63,468.2523,2.05,54.8,88.0
6978,-4009.14,313.1038,1.9,52.8,88.0
6979,-4200.74,2360.4323,1.98,55.0,88.2
6980,-3911.03,2000.7644,1.95,54.6,88.2
6981,-3928.35,1657.7462,2.02,54.6,88.1
6982,-4181.47,2405.5615,1.92,55.0,88.1
6983,-4262.89,3818.693,1.88,54.4,88.2
6984,-4198.73,2064.5614,1.98,54.3,88.3
6985,-3899.52,3260.7183,2.03,54.7,88.3
6986,-3923.72,2714.8116,1.87,52.6,88.0
6987,-3882.52,2888.1805,1.89,54.9,88.0
6988,-3893.82,1927.9019,1.95,54.0,88.1
6989,-3961.92,449.2977,1.95,54.8,88.1
6990,-4019.13,304.3944,1.9,54.1,88.2
6991,-3812.04,2059.9199,1.89,54.9,88.3
6992,-4118.14,3940.2088,1.84,54.1,88.3
6993,-3961.92,280.1644,1.98,54.1,88.2
6994,-4260.96,5808.5885,1.94,53.9,88.3
6995,-3932.03,532.4281,1.85,53.3,88.3
6996,-3805.2,2791.8882,1.94,54.3,88.4
6997,-4183.98,3343.1,1.96,54.8,88.4
6998,-4107.8,2218.7035,1.94,54.6,88.4
6999,-4196.18,2391.6794,1.86,55.2,88.4
7000,-4176.51,1652.0933,1.9,54.5,88.6
7001,-4067.84,891.1688,1.86,54.6,88.6
7002,-3881.23,4996.2889,1.98,55.5,88.7
7003,-4125.42,758.855,1.91,53.4,88.8
7004,-4408.89,7592.7267,1.83,54.6,88.7
7005,-4200.74,607.5788,1.87,54.4,88.8
7006,-3925.29,6237.6051,1.99,55.5,88.8
7007,-4161.17,183.7952,1.92,54.3,89.0
7008,-4051.6,1930.1205,1.86,54.1,89.1
7009,-4353.24,3552.6978,1.89,54.4,88.8
7010,-4267.71,1134.333,1.88,54.7,88.9
7011,-4162.63,1935.989,1.97,56.1,89.0
7012,-4020.46,5390.3243,1.93,54.1,89.1
7013,-3951.53,5884.0951,1.83,54.5,89.3
7014,-4023.36,3297.359,1.85,54.4,89.2
7015,-4078.9,477.3605,1.97,54.8,89.2
7016,-3930.27,2171.1396,1.91,55.0,89.3
7017,-3917.7,1654.6788,1.89,54.5,89.4
7018,-3868.89,1644.7048,1.86,53.9,89.3
7019,-4264.58,8214.3914,1.84,54.1,89.4
7020,-4508.03,25991.9819,1.96,54.1,89.4
7021,-4112.36,1775.3651,1.95,54.6,89.6
7022,-4082.7,810.9193,1.87,54.7,89.6
7023,-3950.69,683.28,1.85,53.9,89.5
7024,-3938.74,921.455,5.09,52.8,89.7
7025,-4220.74,3731.3524,1.91,54.0,89.7
7026,-4135.92,680.1635,1.94,54.2,89.8
7027,-3935.27,1338.1307,2.05,54.8,89.9
7028,-4307.49,4808.0847,1.99,54.0,90.0
7029,-4030.27,822.3233,1.95,54.5,90.0
7030,-4000.4,829.3797,1.89,54.0,89.3
7031,-4018.76,689.7673,2.05,55.2,89.4
7032,-4002.49,323.6138,2.01,54.0,89.3
7033,-3911.76,591.4683,1.87,53.9,89.3
7034,-4317.18,9884.531,1.91,53.9,89.2
7035,-4188.77,3638.9242,2.01,54.9,89.4
7036,-4179.76,2722.0104,1.95,54.4,89.3
7037,-4016.17,165.0708,1.89,54.8,89.4
7038,-4072.74,377.9501,1.88,54.7,89.4
7039,-4091.34,363.767,1.86,54.6,89.5
7040,-4078.15,225.9958,2.01,53.8,89.6
7041,-4201.23,1298.4865,1.87,54.1,89.5
7042,-4099.32,172.7032,1.84,54.2,89.5
7043,-4093.71,110.5408,1.85,54.3,89.6
7044,-4096.33,90.8829,1.97,54.9,89.7
7045,-4077.03,59.429,1.91,55.0,89.7
7046,-4097.92,70.8731,1.91,54.4,89.7
7047,-4087.23,47.5791,1.82,54.1,89.7
7048,-4094.54,29.3282,1.85,54.4,89.5
7049,-4083.76,33.3334,1.98,55.2,89.6
7050,-4321.04,6710.0098,1.91,54.3,89.6
7051,-4086.47,28.0896,12.26,53.8,89.5
7052,-4185.45,1173.7766,1.96,54.4,89.6
7053,-4360.27,7166.4532,1.97,54.1,89.6
7054,-4061.07,245.1608,1.9,54.7,89.8
7055,-4179.76,667.7138,1.86,54.9,89.8
7056,-4150.51,570.6379,1.94,54.2,89.8
7057,-4006.12,1212.476,1.97,54.8,89.9
7058,-4346.63,4878.0719,1.96,53.6,89.9
7059,-4204.93,463.2053,1.89,55.0,90.0
7060,-4185.45,376.0069,2.01,54.5,89.9
7061,-4047.0,1314.6153,2.02,55.3,90.0
7062,-4175.53,235.7664,1.88,54.5,90.0
7063,-4047.63,1001.691,1.98,54.6,90.2
7064,-4174.47,256.2571,1.99,55.0,90.1
7065,-4092.16,630.0484,1.98,54.4,90.1
7066,-4327.87,3648.0706,1.94,53.1,90.2
7067,-3912.94,3389.2139,1.92,54.9,90.2
7068,-4040.14,1072.4414,2.01,53.4,89.6
7069,-4208.92,3664.7927,1.94,54.5,89.6
7070,-4110.71,272.6951,46.08,53.6,90.0
7071,-4249.19,2499.9615,1.93,53.7,90.0
7072,-4398.64,13754.2905,1.94,53.8,88.8
7073,-4436.16,9264.6924,1.85,54.3,88.9
7074,-4089.92,2825.5209,2.04,54.9,89.0
7075,-4192.35,2582.2383,2.0,53.9,88.6
7076,-4088.22,4311.3391,1.89,54.6,88.6
7077,-3866.52,7335.6187,1.9,55.0,88.7
7078,-4253.64,1746.6701,2.02,54.8,88.8
7079,-4064.5,3108.7924,1.94,54.1,88.8
7080,-4092.87,2978.5323,1.9,53.9,88.9
7081,-3871.58,5938.9667,1.83,55.0,88.8
7082,-4067.56,1929.3998,1.86,54.0,88.9
7083,-3787.99,7920.2509,2.02,55.1,88.9
7084,-3842.61,5804.6403,24.51,54.0,89.0
7085,-3785.96,6253.5087,1.84,53.4,89.1
7086,-4068.98,2077.158,1.87,53.4,89.1
7087,-4232.83,4519.1597,1.8,53.2,89.0
7088,-3995.33,625.1942,1.77,53.1,89.0
7089,-4233.47,8322.8193,1.8,53.7,89.2
7090,-4141.13,922.3883,1.83,53.9,89.2
7091,-4198.36,4659.6777,1.84,53.8,89.2
7092,-4119.59,1103.0255,1.75,52.7,89.1
7093,-4056.42,1341.0423,1.76,53.5,89.1
7094,-4210.98,610.8501,1.74,52.8,89.2
7095,-3921.94,5301.2201,1.77,53.3,89.2
7096,-4053.95,697.4671,1.79,53.1,89.2
7097,-3995.33,990.2525,1.79,52.8,89.3
7098,-3839.78,4508.1913,1.75,53.0,89.2
7099,-4372.81,13274.4709,1.74,53.1,89.3
7100,-3835.3,2647.3043,1.77,52.9,89.3
7101,-4108.3,3097.8262,41.91,53.4,89.7
7102,-3943.2,764.8078,1.94,53.7,89.8
7103,-3958.71,434.8396,1.91,54.8,89.9
7104,-4154.99,2966.3556,2.01,54.5,90.0
7105,-4011.01,114.7249,2.02,54.3,90.0
7106,-4049.0,116.4988,1.92,52.9,89.8
7107,-4020.4,230.0657,1.96,54.7,89.9
7108,-4049.0,95.7278,1.97,54.2,89.9
7109,-3830.31,4009.2532,1.92,54.4,89.9
7110,-4350.93,10649.3235,1.91,53.9,90.0
7111,-4206.85,5757.0007,1.86,54.0,89.9
7112,-3836.72,4727.6599,1.92,54.1,90.0
7113,-4009.14,264.1468,1.88,54.2,90.1
7114,-3933.83,963.2533,1.92,53.9,90.0
7115,-4039.04,134.5516,1.9,54.2,90.1
7116,-4143.93,2403.0315,27.2,53.3,90.2
7117,-3901.07,1218.8737,1.87,54.4,90.2
7118,-4147.54,2109.7256,1.89,51.3,90.0
7119,-3954.77,449.826,1.92,54.3,90.0
7120,-4055.51,1132.075,1.85,53.8,90.0
7121,-3969.13,323.3048,1.84,54.3,90.1
7122,-3828.52,3327.8361,2.04,52.9,90.0
7123,-3792.4,3164.4968,1.9,51.4,89.7
7124,-4343.98,16072.1167,1.91,52.9,89.8
7125,-4064.9,2740.4117,1.99,54.7,89.9
7126,-4254.41,9940.0325,1.98,54.5,89.9
7127,-4589.09,29345.4541,1.9,54.2,89.9
7128,-4075.87,786.4193,1.9,54.6,90.0
7129,-3943.45,1395.5115,1.87,55.1,90.0
7130,-3965.93,1291.1506,1.99,54.8,90.1
7131,-4060.69,496.3864,1.92,54.4,90.1
7132,-3792.37,4723.0658,1.83,53.9,90.2
7133,-4097.57,1815.0011,1.92,53.9,90.3
7134,-3812.04,3160.8562,1.96,54.8,90.3
7135,-3913.8,477.3345,1.94,54.9,90.3
7136,-3808.2,1862.7978,1.85,54.1,90.5
7137,-4433.83,21959.0342,1.9,54.3,90.5
7138,-3795.34,1185.9336,1.85,54.2,88.8
7139,-4271.56,15588.5972,1.93,55.3,88.9
7140,-4233.24,10032.2134,1.85,54.7,89.1
7141,-4297.68,11844.7358,1.92,55.3,89.2
7142,-4249.44,10444.4424,1.92,53.5,89.2
7143,-3978.45,125.9119,1.9,54.4,89.1
7144,-4328.79,9463.446,1.86,55.2,89.2
7145,-3814.88,3748.3657,1.96,55.3,89.2
7146,-4002.92,310.7309,1.96,54.3,89.3
7147,-4129.87,1233.8455,1.84,54.2,89.3
7148,-3975.8,1897.3985,1.91,54.4,89.4
7149,-3871.58,1944.0654,1.91,54.2,89.4
7150,-3940.9,797.8601,1.93,54.5,89.5
7151,-4056.22,927.0836,1.93,53.9,89.3
7152,-3878.04,486.401,1.85,55.7,89.5
7153,-3913.23,214.2048,1.8,54.2,89.5
7154,-3811.76,893.957,1.94,54.7,89.6
7155,-3913.23,128.8911,1.93,54.2,89.6
7156,-3825.54,396.2966,1.88,54.4,89.6
7157,-3883.04,63.1088,1.88,54.4,89.7
7158,-3958.56,509.143,1.82,54.9,89.7
7159,-4040.91,1727.743,1.92,55.1,89.8
7160,-3876.75,338.9963,2.07,53.7,90.6
7161,-3957.27,372.8983,23.18,53.5,90.4
7162,-3951.53,235.9055,1.94,54.6,90.5
7163,-3896.81,35.9556,1.9,54.6,90.6
7164,-4048.8,2124.2378,2.0,54.5,90.8
7165,-4021.7,1062.0866,1.98,54.1,90.7
7166,-4395.87,20624.5303,1.97,54.2,90.7
7167,-3949.99,104.665,1.87,54.7,90.7
7168,-3899.52,327.6446,2.02,55.1,90.8
7169,-3908.93,114.3778,1.97,53.7,90.7
7170,-3883.54,169.0445,1.85,52.8,90.8
7171,-3800.72,938.3313,1.88,54.4,90.8
7172,-3935.86,1958.9275,1.92,53.7,90.9
7173,-4072.93,3577.8795,1.94,54.1,91.0
7174,-4011.65,1809.5181,1.88,54.8,91.0
7175,-4040.14,1420.6671,1.89,54.1,91.1
7176,-3924.77,222.8924,1.81,54.6,91.2
7177,-3816.34,1409.3044,1.93,54.6,91.3
7178,-4026.61,682.0031,1.92,53.6,91.2
7179,-4273.15,13959.3918,12.68,53.8,91.3
7180,-4205.98,5131.0309,2.03,54.5,91.3
7181,-3958.81,943.7274,1.91,54.4,91.4
7182,-4014.26,232.3896,1.98,54.6,91.4
7183,-4350.93,11369.8853,1.97,54.0,91.6
7184,-4010.24,96.0066,2.05,54.5,91.6
7185,-3980.43,187.1334,1.88,53.4,91.5
7186,-4177.41,3389.9979,1.9,54.6,91.6
7187,-3792.37,2861.4088,2.03,54.8,91.7
7188,-4213.88,4576.8118,1.96,54.9,91.6
7189,-4217.42,4009.8396,1.92,53.9,91.6
7190,-4015.48,48.3226,1.94,54.9,91.7
7191,-3829.74,3135.8336,1.92,54.0,91.8
7192,-3915.84,855.5749,2.0,54.5,92.0
7193,-3788.9,2680.0015,1.84,53.6,91.0
7194,-4081.24,3089.1251,19.3,53.8,91.3
7195,-3973.21,164.3528,1.97,53.8,91.5
7196,-4384.9,15977.1895,1.96,54.2,91.3
7197,-3810.83,2340.4345,1.95,54.0,91.4
7198,-4046.51,201.4305,2.01,54.5,91.5
7199,-3900.51,1219.0224,1.93,54.0,91.5
7200,-4388.18,15342.6882,1.91,53.9,91.6
7201,-3909.85,812.0786,1.92,54.4,91.6
7202,-3964.4,180.8349,1.89,54.0,90.2
7203,-3939.88,201.5158,1.95,55.0,86.5
7204,-4128.34,3271.9918,1.88,53.2,85.4
7205,-4355.58,13612.3196,1.84,52.8,85.6
7206,-4264.15,8456.6686,1.92,53.0,86.0
7207,-4273.15,8315.4821,1.91,53.2,86.2
7208,-3812.22,4079.3745,1.99,52.8,86.7
7209,-4005.98,617.9767,1.86,50.9,85.0
7210,-4082.23,1326.1391,1.84,54.0,85.1
7211,-4081.68,596.0314,1.87,53.9,85.2
7212,-3974.93,988.642,1.93,53.5,85.2
7213,-3957.49,1000.5758,1.85,55.1,85.2
7214,-4387.41,9473.2332,1.84,54.4,85.3
7215,-4104.29,430.2695,1.89,54.5,85.3
7216,-3905.7,4451.818,1.91,54.4,85.4
7217,-4181.43,943.6655,1.88,53.9,85.4
7218,-3823.33,5954.9888,1.79,53.2,85.4
7219,-4118.14,361.8897,1.88,54.0,84.7
7220,-3963.96,1263.0147,1.92,54.2,84.8
7221,-3952.08,1292.6428,1.91,53.4,84.8
7222,-3901.88,1245.5802,1.84,53.8,84.9
7223,-3786.07,3595.0128,1.94,54.6,85.0
7224,-4310.82,11186.0803,1.93,54.6,84.9
7225,-4368.05,12048.7686,1.92,53.9,85.0
7226,-3906.16,531.1424,1.86,53.7,85.0
7227,-4410.25,13867.094,1.97,54.3,85.1
7228,-3776.45,3045.2288,1.96,54.2,85.2
7229,-3803.91,2422.581,1.88,54.1,85.2
7230,-4080.02,1727.2106,1.87,54.3,85.1
7231,-3914.55,174.6411,1.89,54.9,85.2
7232,-4077.13,2856.2897,1.89,54.0,85.3
7233,-4112.76,2181.4536,1.88,54.4,85.4
7234,-4359.11,13088.6206,1.84,53.5,85.5
7235,-3823.33,4292.9727,1.85,54.0,85.3
7236,-3790.37,3944.3465,18.79,53.8,85.1
7237,-4183.87,2048.0228,1.91,54.4,85.0
7238,-3870.54,3629.537,1.84,54.0,85.2
7239,-4394.77,12022.6045,1.88,54.4,85.3
7240,-3797.47,3480.5772,1.94,54.2,85.5
7241,-3914.81,444.8786,1.96,53.5,85.2
7242,-4250.28,8931.4463,1.91,51.2,86.0
7243,-3796.42,2752.9748,1.91,54.0,86.0
7244,-3914.96,132.8083,1.97,54.2,86.1
7245,-4389.09,18402.5791,1.94,52.5,86.1
7246,-3799.36,1674.2377,1.88,50.7,85.7
7247,-3909.32,180.3238,1.88,54.4,85.7
7248,-4349.51,13233.1475,1.93,53.6,85.8
7249,-4058.9,2855.1208,1.94,53.9,85.8
7250,-3784.22,2532.6298,1.87,52.1,85.7
7251,-3871.44,3161.27,1.83,54.3,85.7
7252,-4343.59,10156.3684,1.85,53.5,85.7
7253,-3819.31,2880.3571,1.92,53.3,85.9
7254,-4136.51,2167.1718,1.86,53.8,85.9
7255,-3961.58,164.6918,1.86,54.4,85.9
7256,-3971.62,197.7091,1.79,53.5,85.9
7257,-3856.04,1612.5889,1.89,54.6,86.0
7258,-4040.24,3030.7526,1.87,53.9,86.1
7259,-3786.07,1244.3013,1.86,54.2,86.2
7260,-4031.46,1001.3722,1.8,53.8,86.1
7261,-4256.86,6928.1266,1.85,54.3,86.1
7262,-3836.59,1085.6972,1.88,53.6,86.2
7263,-4125.82,3059.0612,1.86,53.6,86.3
7264,-3930.62,129.3349,1.83,54.0,86.2
7265,-3890.98,1382.4283,1.79,52.1,84.7
7266,-3936.31,77.0552,1.85,54.3,84.8
7267,-3798.96,1410.289,1.87,53.9,84.8
7268,-3843.79,1001.3923,1.91,54.1,84.8
7269,-3809.22,561.428,1.77,53.4,84.9
7270,-3792.37,398.3179,1.82,53.9,84.9
7271,-3902.89,1438.2252,1.92,53.8,84.3
7272,-3926.42,1364.1113,1.94,53.8,84.2
7273,-3965.93,1074.2794,1.87,51.5,84.0
7274,-3960.1,661.2405,1.87,53.6,84.1
7275,-3956.72,1390.8693,1.86,54.3,84.2
7276,-3800.68,1275.8694,1.93,54.7,84.1
7277,-4095.9,4342.0664,1.85,52.6,84.1
7278,-3797.47,1141.561,1.82,54.2,84.1
7279,-3796.67,904.6415,1.8,54.0,84.1
7280,-3895.28,497.3435,1.92,54.2,84.2
7281,-3880.42,276.3425,1.88,53.8,84.2
7282,-3913.41,430.2403,1.83,53.5,83.8
7283,-3896.09,121.9781,1.8,54.1,83.9
7284,-3893.82,66.2001,1.89,54.2,83.9
7285,-3799.85,788.7574,1.9,53.9,84.0
7286,-3853.32,111.7624,1.84,53.2,84.0
7287,-4129.12,7659.0883,1.83,54.2,83.7
7288,-3840.4,77.1507,1.82,55.1,83.7
7289,-3914.81,1223.6079,1.91,53.7,83.8
7290,-3790.88,513.3682,1.83,53.2,83.9
7291,-3808.2,199.4152,1.81,53.2,83.9
7292,-3835.54,61.2479,1.84,53.7,83.9
7293,-3818.89,46.9731,1.89,54.1,83.9
7294,-3810.83,21.5897,1.85,54.4,84.0
7295,-3839.3,77.6473,1.83,55.0,84.0
7296,-3960.7,1786.2433,1.83,55.3,83.9
7297,-3986.23,1750.1332,1.88,54.2,84.0
7298,-4029.21,1604.3555,1.9,53.0,84.0
7299,-3795.37,1552.9711,1.81,53.3,83.9
7300,-3971.62,640.7566,1.85,54.0,83.9
7301,-3823.93,1281.1162,1.85,54.6,83.8
7302,-4088.26,1877.5496,1.9,53.7,83.9
7303,-3809.22,985.935,1.79,54.1,83.9
7304,-3830.02,664.6351,1.85,53.5,83.9
7305,-3878.96,392.4676,1.82,54.4,83.9
7306,-4123.05,6152.8223,1.91,53.9,83.9
7307,-4005.72,1318.2653,1.82,53.6,84.0
7308,-4012.55,1695.3098,1.82,54.4,84.0
7309,-3895.28,338.4838,1.82,53.6,84.0
7310,-3986.7,404.5563,1.91,54.4,83.9
7311,-4022.26,1365.6734,2.99,52.8,83.7
7312,-3835.54,1125.9379,1.9,52.8,83.6
7313,-3829.24,1088.1561,1.88,53.9,83.7
7314,-3992.03,694.5552,1.85,54.2,83.6
7315,-4078.22,1539.4991,1.92,53.9,83.6
7316,-3833.2,903.8717,1.95,52.8,83.0
7317,-3867.81,427.5917,1.87,53.6,83.0
7318,-3803.1,978.2151,1.91,53.6,83.0
7319,-3876.75,94.1003,1.96,53.6,83.2
7320,-3858.44,88.6384,1.9,51.7,83.0
7321,-3971.17,1310.1261,1.9,54.0,83.0
7322,-3911.76,131.0024,1.92,54.4,83.0
7323,-3860.02,148.8413,1.92,54.1,83.0
7324,-3809.66,496.4691,1.85,52.2,82.9
7325,-3840.4,73.1568,1.88,54.6,82.8
7326,-3825.72,104.8586,1.92,53.9,82.8
7327,-3826.3,51.3332,1.9,54.0,82.7
7328,-3791.18,278.138,1.84,51.9,82.6
7329,-3961.51,1581.6103,1.87,54.0,82.7
7330,-3929.4,1116.6882,1.88,54.6,82.8
7331,-3799.47,266.2778,1.93,54.1,82.6
7332,-3794.12,268.9572,1.82,54.0,82.7
7333,-3783.58,155.9584,1.84,53.8,82.8
7334,-3904.54,1668.5847,1.83,54.2,82.9
7335,-3898.89,788.1381,1.91,54.1,83.0
7336,-3814.85,78.0312,1.85,53.3,82.8
7337,-4208.78,11191.8408,1.85,53.8,82.8
7338,-3997.32,1634.24,1.81,53.9,82.9
7339,-3942.24,680.6541,1.9,54.2,83.0
7340,-3850.53,926.0665,1.9,53.7,83.0
7341,-3793.55,1017.0591,1.84,53.3,82.9
7342,-3783.58,835.5476,1.82,54.2,83.0
7343,-3774.21,535.6559,1.89,54.3,83.0
7344,-3949.74,1005.0084,1.92,53.7,83.1
7345,-3949.01,1150.8864,1.85,53.1,83.1
7346,-3791.18,247.5914,1.85,53.6,83.3
7347,-3905.91,972.2439,1.83,54.7,83.1
7348,-3838.56,226.5655,1.92,54.5,83.2
7349,-4102.56,6353.6448,1.85,54.0,83.2
7350,-3930.82,568.7229,1.83,53.2,83.3
7351,-3839.8,359.802,1.8,54.7,83.4
7352,-3808.57,489.8326,1.9,54.6,83.3
7353,-4112.46,5242.208,1.87,53.5,83.4
7354,-3855.76,270.9357,1.85,54.2,83.4
7355,-3836.72,176.3477,1.82,53.8,83.5
7356,-3792.47,155.8538,1.86,53.3,83.5
7357,-4071.71,4476.9658,1.9,54.4,83.6
7358,-4030.07,7365.8829,1.85,53.2,83.6
7359,-4327.93,21944.5244,1.84,53.6,83.5
7360,-3816.84,132.2838,1.83,54.4,83.6
7361,-3791.18,250.4897,1.9,54.7,83.6
7362,-3773.31,221.4716,1.86,54.3,83.8
7363,-3823.93,56.4884,1.85,53.6,83.7
7364,-3902.08,1461.5843,1.79,53.3,83.7
7365,-3801.61,26.2546,1.9,54.4,83.7
7366,-3912.21,1396.2954,6.68,53.1,84.1
7367,-3776.6,125.8557,1.91,53.5,84.2
7368,-3793.99,15.2252,1.86,53.8,84.2
7369,-4234.47,19135.063,1.86,53.9,84.3
7370,-3811.38,66.3112,1.92,54.7,84.3
7371,-3815.22,61.3815,1.89,51.6,84.4
7372,-4209.41,18371.2026,1.86,54.7,84.5
7373,-3809.08,47.4891,1.85,54.3,84.4
7374,-3908.68,1580.9733,1.94,54.0,84.4
7375,-3872.64,222.9604,1.92,52.5,84.0
7376,-4091.42,5818.6478,1.89,54.8,84.1
7377,-3811.0,442.8312,1.89,54.5,84.1
7378,-4120.59,5370.8152,1.95,54.2,84.1
7379,-3899.39,846.7876,1.9,50.8,83.6
7380,-3932.61,248.2357,1.88,53.6,83.7
7381,-3905.75,405.0368,1.85,53.9,83.8
7382,-3817.22,1171.121,1.96,53.9,83.8
7383,-3791.48,1102.4417,1.94,51.0,82.0
7384,-3791.25,891.9319,1.84,50.0,81.9
7385,-3926.33,825.3288,1.9,53.9,82.1
7386,-3914.81,724.2552,1.91,54.1,82.1
7387,-4082.21,5241.5426,1.93,54.4,82.2
7388,-3890.49,152.1591,1.81,51.6,82.1
7389,-3935.45,40.1926,1.85,54.7,82.1
7390,-3969.51,159.1979,1.87,53.4,82.1
7391,-3914.62,96.1169,1.91,54.0,82.3
7392,-3843.32,1634.5977,1.82,53.7,82.3
7393,-3958.91,150.5465,1.84,54.4,82.4
7394,-3803.91,1029.7935,1.89,55.0,82.4
7395,-3808.45,770.6356,1.92,54.3,82.4
7396,-3839.3,527.5087,1.87,53.6,82.5
7397,-3817.14,283.5247,1.81,53.1,82.5
7398,-3864.5,263.5744,1.87,54.4,82.5
7399,-3775.24,285.7632,1.89,53.5,82.5
7400,-3786.66,154.0095,1.9,53.6,82.6
7401,-3787.46,77.9503,1.8,53.8,82.7
7402,-3952.54,2104.8278,1.84,54.5,82.6
7403,-3788.77,70.2041,1.87,54.5,82.7
7404,-3776.47,63.3682,1.92,53.9,82.7
7405,-3786.38,32.2013,1.84,52.5,82.9
7406,-4046.97,9025.2661,1.86,54.9,82.9
7407,-3792.93,12.3822,1.85,54.0,82.9
7408,-3768.98,41.4746,1.91,54.0,83.0
7409,-4046.67,7925.2965,1.83,54.1,83.0
7410,-3955.78,2167.0204,1.84,53.2,83.0
7411,-4055.97,6735.147,1.85,55.0,83.1
7412,-3885.51,709.5782,1.9,53.7,83.0
7413,-4311.46,16964.2397,1.91,53.5,83.2
7414,-3820.45,1480.1992,1.81,52.1,83.5
7415,-3786.66,1788.1446,1.87,54.0,83.5
7416,-3778.0,1548.4727,1.89,54.2,83.6
7417,-3796.26,916.0441,1.93,54.0,83.5
7418,-3891.91,276.502,1.84,53.7,83.6
7419,-3893.7,292.2823,1.82,54.2,83.7
7420,-3778.22,560.0798,1.85,54.2,83.6
7421,-3848.72,605.1855,1.93,53.7,83.7
7422,-4159.95,7864.6396,1.87,53.3,83.8
7423,-3781.54,386.8332,1.85,53.6,83.7
7424,-3858.02,372.3664,1.82,53.8,83.8
7425,-4042.75,5772.3304,1.9,54.4,83.8
7426,-3900.67,478.0349,1.9,54.1,83.9
7427,-3895.74,426.4571,1.83,53.1,83.8
7428,-3781.39,1159.31,1.85,53.8,83.7
7429,-3795.27,960.6884,1.85,53.7,83.6
7430,-3788.75,681.5827,1.84,54.4,81.2
7431,-3787.82,429.7921,1.8,53.3,81.3
7432,-4123.05,7583.8904,1.9,54.4,81.4
7433,-3777.77,167.5533,1.87,54.1,81.5
7434,-3829.61,178.417,1.89,54.7,81.6
7435,-3768.98,141.8615,1.81,53.5,81.5
7436,-4081.62,7992.0255,1.88,54.0,81.5
7437,-3781.18,75.609,1.88,54.0,81.6
7438,-4190.62,17609.0186,1.86,54.1,81.7
7439,-3782.36,34.8955,1.81,54.6,81.8
7440,-3896.16,1474.5191,1.89,55.2,81.7
7441,-3767.9,48.8517,1.89,54.1,81.8
7442,-4034.56,6963.5458,1.86,53.8,81.9
7443,-3899.23,1190.0509,1.81,54.2,81.9
7444,-3778.63,164.0043,1.86,53.9,82.0
7445,-4013.52,2706.1172,1.89,54.2,82.0
7446,-3916.6,573.5513,1.88,53.9,82.1
7447,-3792.78,553.9758,1.81,54.1,82.0
7448,-4190.36,14614.8113,1.84,54.9,82.1
7449,-4200.35,7494.623,1.95,53.6,82.2
7450,-4275.17,12667.4634,1.85,53.1,82.2
7451,-4054.12,2898.8186,1.83,54.5,82.3
7452,-3798.63,3647.4252,11.62,53.2,81.4
7453,-3799.92,3891.795,1.93,54.5,81.5
7454,-3793.17,3496.7091,1.92,54.0,81.6
7455,-3900.67,417.1349,1.85,53.8,81.7
7456,-3943.88,167.4416,1.91,54.3,81.6
7457,-3936.29,121.2331,1.91,53.3,81.7
7458,-4482.61,24541.7759,1.91,53.9,81.8
7459,-3900.67,64.1908,1.86,54.5,81.8
7460,-3786.38,1319.7225,1.96,53.6,81.9
7461,-4162.55,5225.5676,1.93,52.4,81.9
7462,-3910.79,22.7654,1.9,52.6,82.0
7463,-4075.86,2142.9644,1.86,53.6,81.9
7464,-3897.84,325.0573,1.96,54.4,82.1
7465,-3787.46,2184.7241,1.91,53.8,82.2
7466,-3798.19,1788.8528,1.84,52.6,82.0
7467,-4470.85,21207.7632,1.82,53.7,82.0
7468,-3778.89,1414.3065,1.89,54.4,82.2
7469,-3788.28,804.381,3.34,53.1,82.1
7470,-3794.63,647.0978,1.97,52.9,82.1
7471,-4295.93,17460.0068,1.86,51.7,82.2
7472,-3905.71,791.2482,1.89,53.7,82.3
7473,-3773.95,464.7656,1.94,54.3,82.4
7474,-4218.44,8555.6729,1.97,53.3,82.4
7475,-4062.4,4440.068,1.85,53.0,82.5
7476,-3924.6,251.4975,1.86,53.8,82.4
7477,-3782.35,1050.0661,1.91,54.3,82.6
7478,-3789.11,1092.7564,1.93,53.4,82.5
7479,-4130.98,4012.7034,1.85,55.0,82.6
7480,-3945.91,2323.7264,1.81,54.6,82.7
7481,-3784.26,647.7221,1.9,54.1,82.8
7482,-3906.91,213.1461,1.87,53.8,82.7
7483,-3789.96,554.7428,1.89,53.4,82.7
7484,-3809.25,447.9399,1.79,53.7,82.6
7485,-3794.25,212.4016,1.86,53.5,82.7
7486,-3767.9,159.5569,1.84,54.2,82.7
7487,-4321.79,23215.0615,1.91,54.5,82.7
7488,-4235.3,22670.0972,1.81,53.4,82.8
7489,-3789.3,58.9226,1.82,54.5,82.9
7490,-3781.08,62.906,1.86,54.4,82.9
7491,-3828.8,224.5062,1.91,53.9,83.0
7492,-3778.89,11.6587,1.86,53.1,83.0
7493,-3854.83,341.9229,1.79,53.4,83.0
7494,-3819.98,28.9105,1.81,53.8,83.0
7495,-3889.77,566.705,1.85,54.7,83.2
7496,-3781.84,228.873,1.92,54.3,83.2
7497,-3849.46,101.2707,1.8,53.2,82.4
7498,-3857.2,41.0551,1.86,54.4,81.9
7499,-3781.17,420.9813,1.83,53.9,82.0
7500,-3924.88,523.404,1.83,53.5,82.0
7501,-3857.14,14.7296,1.86,53.8,82.1
7502,-3911.03,167.7897,1.86,54.5,82.1
7503,-4049.04,2276.9127,1.8,54.3,82.1
7504,-4083.25,2444.9231,1.84,54.4,82.1
7505,-4014.69,795.1668,1.88,54.6,82.2
7506,-4048.73,866.7092,1.88,54.2,82.2
7507,-3938.26,436.2508,1.79,53.7,82.2
7508,-3931.75,326.6398,1.78,53.8,82.2
7509,-4067.64,773.2663,1.88,54.0,82.3
7510,-4054.38,777.2433,1.85,53.6,82.4
7511,-4257.52,6566.6321,4.62,52.3,82.5
7512,-4021.7,306.4263,1.93,54.1,82.5
7513,-4094.54,742.1339,1.9,54.4,82.5
7514,-4083.62,464.3059,1.87,54.2,82.5
7515,-4208.03,1963.7475,1.95,54.6,82.6
7516,-4003.04,466.735,1.92,51.8,82.6
7517,-4095.81,373.0317,1.89,54.1,82.5
7518,-4062.15,162.0912,1.94,54.2,82.5
7519,-4021.01,80.3775,1.97,53.9,82.7
7520,-4051.93,112.8018,1.9,52.0,82.8
7521,-4002.9,52.3018,1.91,53.9,82.9
7522,-4049.55,103.2633,1.96,54.2,83.0
7523,-4070.48,159.3808,1.9,54.6,82.9
7524,-4097.49,293.4618,1.83,51.3,83.1
7525,-4057.61,199.1158,1.9,53.6,83.1
7526,-4064.24,134.9456,1.92,54.2,83.2
7527,-4078.88,123.3883,1.9,54.0,83.2
7528,-4069.4,64.0372,1.82,51.7,82.9
7529,-4349.14,6899.9048,1.89,54.4,83.0
7530,-4078.15,134.2914,1.88,54.3,82.4
7531,-4213.09,1254.0856,1.86,53.8,82.4
7532,-3989.69,836.1586,1.84,53.9,82.4
7533,-4080.17,96.8404,1.81,54.9,82.5
7534,-4070.8,50.4737,1.89,54.4,82.6
7535,-4050.63,31.3082,1.88,54.1,82.6
7536,-3930.27,1096.0258,1.87,53.3,82.5
7537,-4039.69,20.284,1.81,54.5,82.7
7538,-3946.21,689.3964,1.88,54.2,82.7
7539,-4067.3,131.042,1.86,53.4,82.7
7540,-4023.99,24.9815,1.86,53.8,82.7
7541,-4080.98,180.1508,1.82,54.2,82.8
7542,-4092.63,191.1075,1.84,53.7,82.8
7543,-4082.77,141.1402,1.9,54.5,82.8
7544,-3995.59,419.3872,1.86,53.8,82.8
7545,-4203.75,1457.2088,1.85,53.6,82.9
7546,-4024.9,165.5823,1.8,54.3,82.9
7547,-4003.04,229.0084,1.88,54.2,82.9
7548,-4179.8,1634.0409,1.85,54.0,83.0
7549,-4094.71,245.8818,1.85,54.0,83.0
7550,-4155.47,1100.8919,1.79,53.9,83.0
7551,-3995.59,442.9751,1.89,53.8,83.1
7552,-3893.98,2311.8958,1.89,54.1,83.1
7553,-3985.73,393.9777,1.84,54.1,83.2
7554,-3938.74,747.5438,1.8,54.3,83.1
7555,-4185.94,2212.4062,1.86,54.4,83.1
7556,-4059.32,1523.7644,1.9,53.8,83.2
7557,-4291.1,8315.0894,1.86,54.1,83.3
7558,-4574.69,25493.1421,1.84,54.0,83.3
7559,-4162.63,799.7338,1.83,54.4,83.3
7560,-4086.91,596.8481,1.91,54.0,83.3
7561,-3925.18,2480.1476,1.86,54.6,83.4
7562,-3886.01,3172.4902,1.85,54.1,83.5
7563,-4068.11,282.0794,1.79,53.8,83.4
7564,-4078.07,209.16,1.9,54.2,83.5
7565,-4020.46,127.8366,1.84,53.6,83.5
7566,-3910.0,1065.3005,44.52,53.2,84.0
7567,-4057.61,201.7917,1.86,52.0,84.1
7568,-4557.88,26587.9619,1.85,53.7,84.1
7569,-4256.63,7845.6329,1.85,53.7,84.1
7570,-4423.13,15124.0034,1.83,54.6,84.1
7571,-4179.27,938.8429,1.69,52.8,84.1
7572,-4470.42,13479.7412,1.77,54.2,84.1
7573,-3939.22,2903.2717,1.81,53.3,84.3
7574,-3992.03,2070.4976,1.86,53.3,84.3
7575,-3856.6,5298.8834,1.77,53.8,84.4
7576,-4062.09,577.9745,1.75,54.3,84.2
7577,-3919.24,1799.167,1.79,52.8,84.3
7578,-4040.14,111.2952,1.84,54.0,84.4
7579,-3846.92,2561.6004,1.9,54.4,84.5
7580,-4122.8,1575.3317,1.84,52.9,84.4
7581,-3828.23,2484.2715,1.81,54.3,84.4
7582,-4005.76,1884.0187,1.83,53.7,84.5
7583,-3834.62,2074.3699,1.86,54.3,84.6
7584,-4156.07,6653.5791,4.38,53.3,84.6
7585,-4090.12,1613.1234,1.87,53.9,84.7
7586,-3967.97,109.7683,1.94,53.8,84.7
7587,-4066.33,497.7289,1.84,53.2,84.7
7588,-3924.91,620.0971,1.86,55.3,84.9
7589,-4144.51,1170.6422,1.87,54.8,84.8
7590,-4150.78,1042.2184,1.94,53.7,84.9
7591,-3977.96,612.1732,1.87,53.8,84.8
7592,-3892.9,1817.2299,1.87,54.3,85.0
7593,-3900.37,1325.8721,1.78,53.4,85.0
7594,-4156.06,1114.9333,1.88,54.4,85.0
7595,-4039.04,783.4365,1.9,53.5,85.0
7596,-4363.15,12311.1758,1.95,54.4,85.1
7597,-4041.61,283.2079,1.84,52.5,85.2
7598,-4017.07,289.4419,1.85,53.7,85.2
7599,-3916.79,1016.5806,1.93,54.0,85.3
7600,-4002.49,108.535,1.97,54.2,85.4
7601,-4053.39,336.8693,1.85,50.5,85.6
7602,-4189.77,2344.668,1.87,52.7,85.2
7603,-4056.6,269.7188,1.93,54.5,85.3
7604,-4158.79,1018.0565,1.98,53.8,85.4
7605,-4017.07,317.8242,1.87,49.2,85.4
7606,-3989.68,514.3575,1.89,52.3,85.5
7607,-4014.69,212.3531,1.89,53.9,85.5
7608,-4086.6,257.64,1.96,53.8,85.5
7609,-4066.33,181.44,1.89,52.8,85.6
7610,-4091.53,218.6069,1.85,52.1,85.5
7611,-3915.87,1495.4609,1.88,54.2,85.7
7612,-4286.83,5359.3069,1.94,54.3,85.7
7613,-3959.85,897.5973,1.86,53.6,85.7
7614,-3950.42,943.962,1.81,51.8,85.9
7615,-3975.44,423.1047,1.85,54.0,85.9
7616,-3985.73,201.6209,1.87,54.4,85.9
7617,-4056.81,227.7101,1.91,52.5,86.0
7618,-4183.37,1902.2906,1.84,52.5,86.1
7619,-3868.96,1850.8568,1.86,54.1,86.1
7620,-3928.17,605.9809,1.85,54.4,86.2
7621,-4413.18,20337.644,1.91,54.3,86.2
7622,-4006.37,67.1296,1.82,53.2,86.3
7623,-3847.55,2055.4786,1.84,54.0,86.3
7624,-3920.71,528.7128,1.85,53.8,86.4
7625,-3995.59,24.6746,1.94,53.6,83.0
7626,-3975.12,23.6227,1.91,53.4,79.9
7627,-4097.2,1455.6071,1.91,54.2,80.0
7628,-3872.54,1038.8272,1.88,51.9,80.4
7629,-3953.6,60.8573,1.94,54.3,80.8
7630,-3917.92,178.5465,1.9,52.5,81.0
7631,-4147.8,3075.2684,1.84,53.1,81.3
7632,-3859.78,538.8584,1.83,54.2,78.5
7633,-3893.97,138.6671,1.84,53.8,78.4
7634,-4060.69,2002.4032,1.83,53.7,78.5
7635,-3794.29,1300.3958,1.8,53.1,78.6
7636,-3888.72,65.8468,1.77,51.0,78.6
7637,-3787.87,984.1669,1.84,53.7,78.7
7638,-4347.11,23333.5879,1.8,54.4,78.6
7639,-4049.85,7326.6565,1.85,53.0,78.6
7640,-4066.34,6250.1725,1.79,52.1,79.1
7641,-4087.01,4989.2566,1.8,53.5,79.1
7642,-4090.36,3504.0225,1.83,53.5,79.2
7643,-4034.08,3734.4766,1.86,53.9,79.3
7644,-3844.07,2762.4697,1.81,52.7,79.1
7645,-3794.39,3567.5393,1.8,54.0,79.1
7646,-4030.63,462.3096,1.77,53.2,79.1
7647,-3829.68,2598.0578,1.84,53.6,79.2
7648,-4145.59,3632.3759,1.84,54.1,79.3
7649,-3931.06,180.7197,1.85,54.4,79.0
7650,-3931.03,182.2368,1.77,54.4,79.0
7651,-3897.38,505.1695,1.82,53.1,79.0
7652,-3894.31,402.2718,1.85,54.4,79.1
7653,-3785.19,1092.8285,1.84,53.1,79.2
7654,-3847.25,861.4872,1.78,53.5,79.0
7655,-3921.67,461.3791,1.76,51.8,78.9
7656,-4191.86,13037.7676,1.83,54.9,79.0
7657,-3806.98,899.4677,1.82,54.7,79.0
7658,-3782.36,736.209,1.84,53.4,79.1
7659,-4253.24,15161.75,1.75,51.4,78.8
7660,-3881.32,426.8633,1.83,54.1,78.8
7661,-3791.18,847.9512,1.82,53.4,78.9
7662,-3787.69,638.206,1.87,53.5,78.9
7663,-3900.52,436.5907,1.77,51.3,78.8
7664,-3918.64,367.0085,1.81,53.7,78.7
7665,-3897.86,141.4622,1.81,54.2,78.7
7666,-3811.21,1285.6821,1.84,53.7,78.8
7667,-3895.36,77.4485,1.8,53.7,78.8
7668,-3791.71,1297.7115,1.79,53.2,78.4
7669,-3771.37,846.7369,1.81,53.7,78.6
7670,-3887.18,443.9005,1.84,53.6,78.6
7671,-3807.67,599.4,1.83,53.2,78.6
7672,-3787.19,316.6656,1.8,51.7,78.4
7673,-3777.33,219.106,1.83,53.6,78.5
7674,-3884.09,1240.0395,1.82,53.6,78.4
7675,-4047.78,6772.2432,1.86,53.0,78.5
7676,-3777.16,171.8748,1.8,52.8,78.4
7677,-4113.61,7215.147,1.81,53.0,79.1
7678,-4074.83,6566.4161,1.78,54.6,79.1
7679,-3778.7,494.2556,1.87,53.0,79.1
7680,-3966.11,609.8983,1.76,53.7,79.2
7681,-3781.08,658.3075,1.82,54.2,79.2
7682,-3839.78,496.6498,1.78,53.1,79.0
7683,-3776.89,308.2456,1.79,53.9,78.4
7684,-3775.24,169.6157,1.88,53.2,77.6
7685,-3782.75,105.8974,1.8,53.3,77.5
7686,-3780.8,81.8688,1.83,53.9,77.5
7687,-4040.79,8642.7651,1.84,53.8,77.5
7688,-3898.06,1118.9891,1.87,53.7,77.5
7689,-3774.39,252.1981,1.83,49.7,77.1
7690,-3788.75,173.8114,1.83,53.4,77.2
7691,-4171.28,9939.8967,1.85,54.0,77.2
7692,-3785.1,127.8874,1.86,53.1,77.2
7693,-4294.46,22909.4902,1.87,48.1,76.4
7694,-3778.0,118.9145,1.84,53.3,76.4
7695,-3892.59,900.7647,1.85,54.0,76.4
7696,-4043.96,5761.0023,1.93,53.6,76.5
7697,-3791.48,247.1239,1.85,46.7,75.8
7698,-3774.21,235.0197,1.85,53.5,75.8
7699,-3896.16,668.2327,1.82,53.0,75.8
7700,-3888.59,710.3883,1.88,53.8,75.9
7701,-4110.76,5594.0197,1.79,50.0,75.8
7702,-3782.3,629.1993,1.85,53.4,75.8
7703,-3976.01,630.7337,1.79,53.0,75.5
7704,-3782.98,1006.4097,1.81,52.9,74.0
7705,-3791.05,818.4089,1.77,51.3,73.9
7706,-3897.86,133.0366,1.83,54.4,74.1
7707,-3779.62,628.5171,1.83,54.1,74.0
7708,-3789.97,405.7906,1.86,51.3,73.5
7709,-3777.17,404.9289,1.77,53.9,73.5
7710,-3781.39,307.1548,1.78,54.1,73.6
7711,-3821.25,313.7846,1.85,54.1,73.6
7712,-3776.47,82.2426,1.8,53.5,73.7
7713,-3781.88,36.9301,1.81,54.5,73.6
7714,-4375.02,27433.5493,1.77,53.7,73.5
7715,-4141.42,8609.007,1.85,54.3,73.5
7716,-3767.9,213.7411,1.81,54.2,73.6
7717,-4234.25,17195.7026,1.8,53.8,73.6
7718,-3890.38,1001.5255,1.79,54.1,73.6
7719,-3902.08,456.9697,1.83,53.2,73.5
7720,-3778.22,868.9456,1.83,53.0,73.6
7721,-3893.22,185.219,1.81,52.6,73.6
7722,-3776.48,686.7642,1.8,53.3,73.7
7723,-4186.35,13837.6431,1.83,53.9,73.7
7724,-3768.97,653.7369,1.82,53.4,73.6
7725,-3796.85,1149.4359,1.77,51.4,73.8
7726,-4184.94,12736.9868,1.83,53.9,73.9
7727,-4368.61,21600.4292,1.82,53.9,73.9
7728,-4051.72,5104.9883,1.86,53.7,73.9
7729,-3904.54,68.9368,1.75,52.9,73.9
7730,-4252.24,15591.0779,1.83,53.2,74.0
7731,-4203.1,6467.1927,1.77,53.3,74.0
7732,-4108.42,1028.6286,1.84,53.7,74.0
7733,-3893.88,2242.723,1.77,51.7,74.1
7734,-4068.21,644.0178,1.79,53.2,74.1
7735,-4248.6,6081.2053,1.8,53.6,74.0
7736,-4117.34,445.3485,1.82,53.0,74.1
7737,-4039.5,635.0068,1.84,53.2,74.2
7738,-4044.76,392.2639,1.79,52.7,74.2
7739,-4167.02,2961.2855,1.81,53.2,74.0
7740,-4058.41,217.1642,1.82,53.4,74.1
7741,-4106.93,282.7365,1.87,53.3,74.1
7742,-3900.25,3078.1161,1.75,52.8,74.2
7743,-3776.31,9679.5112,1.8,53.4,74.2
7744,-4179.84,1992.804,1.8,53.3,74.2
7745,-4029.76,92.8741,1.87,53.4,74.1
7746,-3800.68,7157.4218,1.79,52.9,74.2
7747,-3893.55,1483.0557,1.79,53.8,74.2
7748,-4078.84,764.9539,1.78,53.5,74.3
7749,-3932.61,1090.1113,1.83,53.3,74.2
7750,-4181.14,5116.4717,1.78,53.0,74.2
7751,-3902.21,1049.3453,1.77,52.3,74.3
7752,-3898.0,520.6849,1.83,53.9,74.3
7753,-3787.1,2459.3266,1.81,53.4,74.4
7754,-3917.71,308.5905,1.83,52.6,74.5
7755,-3856.93,1478.0601,1.73,52.8,74.4
7756,-4064.97,3997.9542,1.79,52.6,74.4
7757,-3891.42,276.0559,1.82,53.0,74.5
7758,-3803.89,1305.6926,1.85,53.2,74.6
7759,-3816.71,1379.7023,1.77,52.5,74.6
7760,-3827.26,655.7469,1.81,53.0,74.7
7761,-3823.22,338.6009,1.82,53.5,74.7
7762,-3805.14,185.3208,1.84,53.7,74.9
7763,-3973.0,2402.3511,1.82,53.4,74.9
7764,-4124.52,6956.521,1.77,52.0,75.0
7765,-3966.72,909.685,1.83,54.4,75.1
7766,-3845.13,290.4794,1.81,53.2,75.0
7767,-3841.16,265.9913,1.86,53.9,75.0
7768,-3852.1,94.6938,1.77,52.5,75.2
7769,-4072.7,3371.7882,1.82,53.9,75.2
7770,-3918.96,207.7835,1.81,53.5,75.3
7771,-3832.68,162.3299,1.85,53.4,75.2
7772,-3881.99,49.4769,1.79,52.5,75.1
7773,-3878.05,23.5756,1.85,52.2,75.3
7774,-3990.27,943.8787,1.83,52.3,75.4
7775,-3860.26,62.7969,1.84,53.3,75.3
7776,-4074.81,2204.1978,1.8,53.6,75.2
7777,-4092.9,1843.8601,1.81,51.6,75.3
7778,-3966.82,103.6122,1.84,54.1,75.4
7779,-4298.69,7600.0731,1.82,53.6,75.4
7780,-4119.18,1035.4126,1.86,53.8,75.5
7781,-4047.3,744.5802,1.77,51.5,75.6
7782,-4119.05,716.487,1.81,53.6,75.5
7783,-4348.29,6523.3357,1.81,53.3,75.6
7784,-3881.07,2934.0821,1.88,54.3,75.6
7785,-4018.64,766.4418,1.78,51.4,75.5
7786,-3908.33,1416.0619,1.82,53.7,75.5
7787,-4465.0,17323.9805,1.79,53.0,75.4
7788,-4379.21,15985.2356,1.86,53.7,75.5
7789,-4165.15,4792.2896,1.82,52.0,75.6
7790,-4564.06,21635.499,1.82,53.4,75.6
7791,-4000.35,1441.8578,1.79,53.5,75.7
7792,-3912.82,2675.5557,1.84,53.6,75.6
7793,-3812.84,4714.5177,1.81,53.5,73.1
7794,-3845.12,3156.1232,1.82,51.6,69.3
7795,-4335.09,6719.4026,1.81,53.6,69.4
7796,-4113.67,3926.7652,1.76,51.0,69.7
7797,-3942.91,726.181,1.81,53.1,70.0
7798,-3911.8,775.2815,1.79,50.6,70.3
7799,-4072.96,620.6236,1.86,54.2,67.9
7800,-4164.51,1684.4755,1.75,51.8,67.8
7801,-3837.26,2079.4342,1.79,53.4,67.9
7802,-3876.48,1033.1791,1.78,50.5,68.0
7803,-3901.28,484.7401,1.79,53.0,68.0
7804,-3819.27,1086.0688,1.78,49.6,67.7
7805,-3810.62,706.3509,1.79,52.0,67.7
7806,-3999.65,2124.9499,1.78,52.8,67.7
7807,-4068.53,6864.9972,1.77,50.2,67.5
7808,-3819.27,386.969,1.8,53.0,67.5
7809,-3796.26,432.8882,1.78,47.3,66.8
7810,-3783.0,391.1709,1.8,52.6,66.9
7811,-3801.4,130.4794,1.76,47.9,66.2
7812,-3769.56,140.4831,1.81,53.1,66.3
7813,-3821.32,229.0076,1.77,47.4,65.5
7814,-3820.78,86.1111,1.82,52.4,65.5
7815,-3893.82,1326.0779,1.75,46.8,65.1
7816,-4082.06,5469.4163,1.8,53.1,65.1
7817,-4038.83,4446.7703,1.75,47.5,65.3
7818,-3886.39,753.5062,1.77,53.2,65.4
7819,-4211.82,12406.7795,1.73,49.4,65.3
7820,-4119.06,2132.6109,1.78,51.5,65.4
7821,-4295.52,8166.3761,1.75,49.9,65.4
7822,-4054.12,1751.0641,1.79,50.1,65.5
7823,-4211.55,7202.7865,1.78,51.7,65.5
7824,-3778.36,8333.6234,1.79,47.0,65.5
7825,-4071.86,1103.8932,1.82,53.3,65.4
7826,-3930.59,2359.9199,1.76,47.7,65.5
7827,-4054.18,489.7507,1.8,52.8,65.5
7828,-3924.05,1241.7072,1.77,45.9,65.6
7829,-4055.59,852.9996,1.79,53.1,65.5
7830,-4054.22,1005.5618,1.78,46.5,65.6
7831,-3884.3,879.0663,1.8,53.5,65.6
7832,-3804.03,4646.0835,1.77,46.7,65.6
7833,-3787.46,3929.6351,1.79,53.0,65.7
7834,-3898.08,629.1283,1.74,48.6,65.7
7835,-3916.2,543.6281,1.77,53.0,65.7
7836,-3773.51,2024.6061,1.78,49.8,65.7
7837,-4040.18,3214.6827,1.79,51.4,65.8
7838,-4059.51,4304.8053,1.79,50.6,65.9
7839,-3762.67,1414.771,1.75,50.5,65.2
7840,-3895.92,101.6406,1.78,49.7,65.2
7841,-4035.05,2469.0667,1.8,50.4,65.2
7842,-3887.43,54.8288,1.82,50.3,65.3
7843,-3792.93,1668.358,1.8,51.4,65.3
7844,-3789.84,1215.6473,1.78,47.2,65.2
7845,-3888.41,151.6261,1.78,53.0,65.2
7846,-3773.51,1037.8549,1.76,46.9,65.3
7847,-3781.88,571.3554,1.8,53.1,65.2
7848,-3777.82,329.9293,1.77,45.6,65.3
7849,-4109.66,9089.1672,1.79,53.4,65.3
7850,-3786.41,101.8708,1.78,47.3,65.3
7851,-3790.86,39.0085,1.82,53.1,65.3
7852,-3790.52,38.1831,1.79,45.0,65.4
7853,-3780.9,22.2965,1.8,53.4,65.4
7854,-4042.0,9090.1455,1.76,46.2,65.5
7855,-3771.37,6.9301,1.79,53.1,65.4
7856,-3937.51,2079.1013,1.75,46.1,65.4
7857,-3837.88,224.1787,1.8,52.6,65.5
7858,-3821.62,56.443,1.76,46.9,65.6
7859,-3787.4,137.347,1.79,53.6,65.6
7860,-3812.84,15.6314,1.78,49.4,65.4
7861,-4168.01,11676.1292,1.79,52.2,65.4
7862,-3790.52,41.8593,1.79,49.4,65.3
7863,-4016.61,3230.3525,1.81,50.1,65.4
7864,-3859.78,199.9029,1.79,50.5,65.4
7865,-3846.17,42.8432,1.78,49.6,65.5
7866,-3851.22,32.4296,1.77,52.4,65.4
7867,-3947.13,803.4028,1.82,47.3,65.5
7868,-4016.95,1815.6853,1.82,52.7,65.5
7869,-4082.25,2203.2583,1.8,46.5,65.5
7870,-4055.77,1218.2066,1.81,52.9,65.5
7871,-4062.15,1064.9727,1.75,46.7,65.6
7872,-4010.38,672.5558,1.78,53.6,65.6
7873,-4096.53,968.0075,1.77,44.5,65.7
7874,-4173.23,1538.799,1.8,53.3,65.6
7875,-4084.13,650.471,1.8,46.7,65.6
7876,-4171.99,1069.8426,1.83,52.5,65.6
7877,-4266.9,4231.8445,1.77,46.0,65.7
7878,-4063.0,752.8996,1.78,52.9,65.7
7879,-3881.23,3318.7454,1.75,46.4,65.7
7880,-4288.11,4442.0178,1.79,53.2,65.8
7881,-4499.03,16558.469,1.79,49.0,65.9
7882,-3796.34,6212.933,1.82,52.6,65.8
7883,-3947.13,2073.1352,1.75,49.0,65.8
7884,-3805.19,4794.2468,1.8,51.2,65.8
7885,-4135.65,3344.6571,1.75,50.5,65.9
7886,-3855.01,2372.6639,1.8,49.9,66.0
7887,-3883.07,1219.3509,1.78,52.6,65.9
7888,-3798.77,2046.8378,1.76,47.6,65.9
7889,-3865.28,476.2426,1.8,53.6,65.9
7890,-3818.65,615.571,1.76,48.0,65.8
7891,-3799.85,716.9341,1.77,52.6,65.9
7892,-3817.15,538.4089,1.77,46.5,65.9
7893,-3777.82,429.0079,1.82,52.6,66.0
7894,-4163.58,9453.8699,1.76,46.3,65.9
7895,-4028.4,2799.1136,1.79,53.5,66.0
7896,-4289.47,17093.5811,1.77,47.2,66.0
7897,-3802.73,459.8752,1.79,53.1,66.1
7898,-3802.82,590.2832,1.79,48.1,66.0
7899,-3784.94,472.3561,1.83,51.0,66.1
7900,-4015.93,1985.9634,1.79,48.6,66.2
7901,-3778.98,233.2497,1.79,52.1,66.2
7902,-3805.66,65.8546,1.79,51.0,66.3
7903,-3781.08,60.9027,1.81,49.8,66.2
7904,-4095.29,8576.7441,1.79,51.0,66.2
7905,-3940.02,1723.3656,1.8,50.0,66.2
7906,-3922.84,1293.3102,1.79,51.7,66.2
7907,-3785.9,319.7619,1.78,47.6,66.3
7908,-3841.39,327.1634,1.8,53.0,66.3
7909,-3818.65,157.6461,1.77,46.3,66.3
7910,-3786.04,57.8035,1.8,53.7,66.3
7911,-3810.47,45.941,1.77,46.4,66.4
7912,-3940.72,1900.2034,1.79,53.4,66.4
7913,-3785.96,27.2649,1.76,46.5,66.5
7914,-3936.99,1622.9787,1.78,53.5,66.4
7915,-3801.81,16.9596,1.77,46.0,66.4
7916,-3790.37,26.1134,1.79,52.9,66.5
7917,-3779.74,16.48,1.76,46.6,66.6
7918,-3792.87,121.5829,1.79,53.0,66.5
7919,-4032.3,8089.8944,1.77,46.8,66.6
7920,-4101.22,8428.7385,1.75,53.0,65.7
7921,-3775.24,96.7329,1.73,53.1,65.8
7922,-3799.36,66.8165,1.73,52.9,65.8
7923,-4316.81,26709.3345,1.77,51.8,65.9
7924,-4048.18,7758.3953,1.77,53.1,65.8
7925,-3795.21,89.3671,1.75,52.8,65.8
7926,-3778.0,131.2206,1.73,53.8,65.8
7927,-3798.81,35.3279,1.78,52.4,65.8
7928,-4042.15,8994.1587,1.72,53.1,65.9
7929,-3798.64,9.8359,1.76,52.2,65.9
7930,-3875.14,481.5524,1.76,52.4,65.9
7931,-3787.4,67.5512,1.79,52.6,66.0
7932,-3780.08,157.5548,1.73,49.9,66.1
7933,-3766.18,59.3577,1.78,53.9,66.1
7934,-3791.11,44.2163,1.76,46.8,66.1
7935,-3777.77,59.8203,1.78,53.4,66.1
7936,-3766.9,17.9281,1.8,45.3,66.1
7937,-3776.78,5.4044,1.81,53.0,66.2
7938,-3789.51,41.1292,1.77,45.8,66.2
7939,-3901.05,1621.6571,1.78,51.9,66.2
7940,-4043.96,6951.8073,1.79,46.3,66.1
7941,-3775.42,299.165,1.82,51.4,66.1
7942,-3806.98,265.5153,1.8,46.0,66.1
7943,-3780.83,181.2445,1.81,48.3,66.2
7944,-3879.9,948.873,1.83,47.5,65.6
7945,-3769.12,79.4182,1.77,49.3,65.6
7946,-3784.2,22.5745,1.79,47.1,65.6
7947,-3762.88,19.2041,1.81,52.1,65.6
7948,-3772.59,4.9568,1.79,46.6,65.7
7949,-4032.97,8205.7993,1.81,52.4,65.6
7950,-3887.58,1272.856,1.78,46.1,65.7
7951,-3763.43,348.1855,1.79,52.8,65.7
7952,-4036.59,6266.149,1.76,46.0,65.8
7953,-3772.59,580.7562,1.79,52.5,65.7
7954,-4167.94,13093.928,1.77,45.7,65.7
7955,-3879.14,357.7031,1.79,53.0,65.7
7956,-4073.88,5107.0854,1.74,46.5,65.8
7957,-3777.69,1208.3041,1.81,53.3,65.8
7958,-3772.59,1309.6585,1.78,47.5,65.7
7959,-3772.0,888.5102,1.8,52.8,65.8
7960,-3763.88,570.5777,1.75,49.5,65.8
7961,-4035.38,5808.6664,1.78,51.9,65.8
7962,-3771.19,261.9698,1.76,50.3,65.9
7963,-3785.47,154.7409,1.8,49.4,65.9
7964,-4054.1,8113.7351,1.76,52.5,65.9
7965,-3885.31,804.0108,1.79,50.0,65.8
7966,-3767.11,381.5728,1.81,53.3,65.9
7967,-3777.82,277.7939,1.75,48.7,65.9
7968,-3879.9,788.3652,1.76,52.5,65.9
7969,-3776.89,180.1768,1.73,48.2,65.9
7970,-3772.41,86.7654,1.78,53.2,66.0
7971,-3891.2,1111.0546,1.75,47.8,66.0
7972,-3879.9,1065.8543,1.8,53.1,66.1
7973,-3772.41,55.1342,1.72,50.5,66.0
7974,-3777.82,45.6581,1.75,53.4,66.1
7975,-3801.37,134.2414,1.7,52.3,66.1
7976,-3805.99,78.2754,1.78,48.9,66.2
7977,-3803.91,23.3,1.88,52.7,66.8
7978,-3781.84,74.8289,1.78,46.7,66.4
7979,-3813.96,19.7408,1.81,53.0,66.5
7980,-3789.31,58.7456,1.77,48.6,66.4
7981,-3805.19,9.0979,1.79,52.8,66.4
7982,-3772.41,85.0401,1.78,48.2,66.4
7983,-3910.59,1359.2014,1.81,53.9,66.4
7984,-3784.2,12.1816,1.74,49.1,66.5
7985,-3783.4,6.6408,1.77,52.5,66.4
7986,-3885.79,1362.5952,1.76,50.7,66.4
7987,-3773.52,29.7831,1.79,51.8,66.4
7988,-3762.88,32.4337,1.74,52.2,66.5
7989,-3772.0,11.4029,1.75,49.9,66.5
7990,-4052.54,8749.6714,1.78,52.7,66.5
7991,-3775.95,46.6554,1.79,47.3,66.6
7992,-4038.27,7551.9095,1.82,52.5,66.6
7993,-3901.73,1187.3077,1.73,47.1,66.5
7994,-4042.77,6654.8235,1.79,52.3,66.6
7995,-3783.63,616.4139,1.74,48.2,66.7
7996,-3782.98,618.608,1.78,53.9,66.6
7997,-3778.28,468.058,1.77,46.6,66.6
7998,-3763.43,275.4681,1.79,53.2,66.6
7999,-3878.68,913.2348,1.77,50.1,66.7
8000,-3770.19,47.7397,1.8,52.5,66.8
8001,-3883.16,1163.7151,1.77,50.6,66.7
8002,-3781.88,19.7284,1.79,45.3,66.1
8003,-3777.69,4.1231,1.8,49.1,66.1
8004,-3770.37,9.3702,1.75,52.7,66.1
8005,-3776.47,25.6072,1.77,48.3,66.1
8006,-4048.86,8546.6733,1.8,52.8,66.1
8007,-3789.18,119.998,1.76,47.5,66.1
8008,-3888.9,1426.1454,1.77,52.6,66.1
8009,-4017.5,4904.889,1.78,47.7,66.1
8010,-3888.41,805.9421,1.81,52.8,66.2
8011,-3886.37,544.0734,1.77,46.6,66.2
8012,-3900.14,279.2262,1.83,52.6,66.2
8013,-3897.12,203.4571,1.74,48.3,66.1
8014,-4221.88,12215.9934,1.75,53.2,66.2
8015,-4241.72,10472.699,1.77,48.9,66.3
8016,-4036.16,1481.9708,1.81,52.1,66.3
8017,-3896.2,522.4079,1.76,50.0,66.3
8018,-4046.97,1205.3295,1.81,50.6,66.3
8019,-3883.16,948.0394,1.78,50.9,66.3
8020,-3763.68,4598.1752,1.8,50.7,66.4
8021,-4204.99,8472.1143,1.8,51.8,66.4
8022,-4041.56,1171.9624,1.79,48.7,66.4
8023,-4021.57,552.5416,1.78,52.2,66.4
8024,-4038.3,618.0444,1.79,47.7,66.4
8025,-4070.35,280.9973,1.82,52.9,66.4
8026,-3776.47,7824.2341,1.76,46.7,66.4
8027,-3796.17,7884.8959,1.8,52.6,66.4
8028,-3788.19,7481.0657,1.77,45.5,66.4
8029,-3886.37,1433.9828,1.79,53.4,66.4
8030,-4060.38,874.8922,1.79,46.5,66.4
8031,-3936.65,1152.842,1.81,53.1,66.5
8032,-3773.31,3835.5942,1.76,46.6,66.4
8033,-4069.86,2631.8707,1.78,52.8,66.4
8034,-3787.69,2251.7652,1.76,46.4,66.4
8035,-3780.48,2273.4626,1.77,53.1,66.5
8036,-3881.13,270.4642,1.77,47.1,66.5
8037,-4062.48,3765.748,1.81,53.3,66.6
8038,-4032.97,2888.3575,1.75,49.9,66.5
8039,-3894.5,170.743,1.78,52.5,66.5
8040,-3778.91,2582.3981,1.79,47.8,66.6
8041,-3763.43,1843.9511,1.83,51.3,66.6
8042,-4195.46,10777.1599,1.78,49.6,66.7
8043,-3890.1,48.5834,1.8,50.5,66.6
8044,-4200.37,9320.5879,1.79,50.8,66.6
8045,-3904.08,62.8118,1.79,50.3,66.6
8046,-4050.15,1629.6412,1.8,50.9,66.7
8047,-3895.25,216.1814,1.79,49.0,66.7
8048,-3923.16,139.6366,1.79,52.5,66.6
8049,-4229.55,10947.6982,1.77,47.7,66.7
8050,-4210.56,7889.9478,1.79,53.2,66.7
8051,-3942.09,117.4253,1.77,47.1,66.8
8052,-3900.39,571.3585,1.82,53.1,66.8
8053,-3900.59,75.5283,1.78,47.3,66.7
8054,-3901.63,23.5582,1.8,52.8,66.8
8055,-4243.57,13707.5757,1.77,47.3,66.9
8056,-4228.41,11629.0864,1.82,53.4,66.9
8057,-4080.74,2506.122,1.77,46.9,66.8
8058,-4250.76,10339.2571,1.76,52.5,66.9
8059,-4230.57,7879.5269,1.78,48.2,66.8
8060,-3892.93,2164.2116,1.82,52.6,66.8
8061,-4092.98,1205.7946,1.77,49.0,66.9
8062,-4066.42,771.5621,1.8,52.4,66.9
8063,-4159.43,3191.3026,1.77,50.9,66.9
8064,-4045.58,221.4474,1.76,50.5,66.9
8065,-4047.32,87.9106,1.78,52.2,66.9
8066,-4045.58,138.656,1.78,48.6,67.0
8067,-3909.78,2097.8076,1.78,53.3,67.0
8068,-4050.42,65.9509,1.78,47.9,67.0
8069,-3992.58,1958.5075,1.81,52.2,67.0
8070,-4062.97,32.0231,1.76,47.6,67.1
8071,-3813.06,6629.713,1.79,52.8,67.1
8072,-3940.78,1898.3598,1.77,46.5,67.1
8073,-3888.06,3837.886,1.82,53.6,67.4
8074,-3920.84,530.7326,1.75,49.0,67.4
8075,-3785.51,3436.2045,1.8,53.2,67.5
8076,-3781.74,2281.7264,1.78,47.5,67.5
8077,-3795.05,911.0961,1.82,54.0,67.5
8078,-3805.91,717.5967,1.78,48.1,67.5
8079,-3802.11,665.5327,1.81,53.2,67.6
8080,-3796.35,254.3971,1.76,49.5,67.5
8081,-3806.21,290.2032,1.81,51.1,67.6
8082,-3945.44,1970.5558,1.78,50.5,67.7
8083,-3797.64,331.1393,1.79,50.7,67.7
8084,-4023.45,2022.9905,1.77,52.0,67.7
8085,-3802.62,395.8961,1.75,49.1,67.6
8086,-3795.13,516.9411,1.77,53.2,67.7
8087,-3770.94,254.8093,1.76,46.5,67.8
8088,-3790.81,79.8239,1.78,52.8,67.7
8089,-3761.7,48.3057,1.78,46.6,67.8
8090,-3770.35,91.1085,1.79,53.6,67.8
8091,-3824.26,232.3415,1.76,46.8,67.8
8092,-3802.15,55.0445,1.79,53.2,67.8
8093,-3779.91,55.4667,1.75,46.3,67.9
8094,-3775.59,48.388,1.8,52.7,67.9
8095,-3774.5,22.2065,1.77,47.4,68.0
8096,-3791.11,40.6015,1.8,52.8,68.0
8097,-3772.41,5.8556,1.79,48.5,68.0
8098,-3779.1,4.8162,1.8,52.9,68.0
8099,-3770.35,13.4967,1.77,49.6,68.1
8100,-3782.3,7.8583,1.8,51.3,68.1
8101,-3789.37,76.398,1.77,52.6,68.1
8102,-3767.17,8.7359,1.78,48.3,68.2
8103,-3881.13,1277.8194,1.75,53.4,68.3
8104,-4026.88,6594.1393,1.75,47.2,68.2
8105,-4046.63,7872.3511,1.79,52.5,68.2
8106,-3774.2,276.9101,1.75,47.1,68.3
8107,-3764.96,398.9472,1.8,54.0,68.3
8108,-3879.14,469.8491,1.76,45.2,68.3
8109,-4056.06,6493.0553,1.8,52.7,68.3
8110,-3778.22,484.0378,1.77,46.9,68.3
8111,-3884.38,309.3396,1.8,53.0,68.4
8112,-3902.59,273.0174,1.79,47.3,68.4
8113,-3890.75,121.048,1.8,51.5,68.4
8114,-3895.03,39.0782,1.79,50.0,68.4
8115,-4249.44,14470.676,1.79,52.2,68.5
8116,-3897.21,123.7044,1.75,51.5,68.5
8117,-4045.58,1872.9373,1.82,49.4,68.6
8118,-4222.26,9724.3054,1.79,51.8,68.5
8119,-3770.19,3221.4985,1.8,49.5,68.6
8120,-4164.41,5398.3018,1.79,52.9,68.6
8121,-3759.73,4263.1705,1.76,47.6,68.7
8122,-3889.53,625.1823,1.79,53.3,68.7
8123,-3884.57,399.3736,1.77,46.9,68.7
8124,-4186.12,8194.1761,1.78,52.5,68.7
8125,-4021.65,1177.8114,1.75,46.6,68.7
8126,-4038.89,1308.7227,1.79,53.1,68.7
8127,-4021.65,537.6583,1.78,45.9,68.8
8128,-4278.5,8272.412,1.81,53.1,68.7
8129,-4040.18,461.9607,1.79,46.3,68.8
8130,-3768.97,6906.6244,1.8,54.4,68.8
8131,-4030.14,231.9488,1.78,48.4,69.0
8132,-3760.49,7139.5345,1.8,51.9,68.9
8133,-4154.2,2786.0138,1.77,50.2,68.9
8134,-4223.66,6195.886,1.78,50.4,68.9
8135,-3770.16,5235.9448,1.74,52.9,69.0
8136,-4163.19,2843.2665,1.77,48.3,69.0
8137,-4036.59,181.3027,1.8,52.7,69.0
8138,-4163.19,1945.4071,1.81,46.6,69.0
8139,-4021.57,177.9108,1.81,53.4,69.1
8140,-3892.42,3253.1746,1.76,47.4,69.0
8141,-3881.13,2513.5323,1.81,53.9,69.1
8142,-4179.55,2785.4486,1.76,48.0,69.2
8143,-3892.42,1721.5232,1.8,52.3,69.2
8144,-3883.16,1931.9821,1.77,46.3,69.2
8145,-4037.54,441.4773,1.79,52.9,69.2
8146,-4196.83,4635.3887,1.77,49.7,69.3
8147,-4040.18,285.2911,1.81,52.2,69.3
8148,-4026.89,35.7887,1.77,50.1,69.3
8149,-4199.04,3060.7568,1.81,51.3,69.3
8150,-4021.65,270.6276,1.75,50.6,69.4
8151,-4197.65,2324.2455,1.82,50.4,69.5
8152,-4196.83,1687.666,1.79,50.9,69.5
8153,-4184.91,955.8847,1.76,48.4,69.5
8154,-4030.14,1080.9919,1.76,52.8,69.5
8155,-3883.17,5963.8695,1.72,45.6,68.7
8156,-4169.12,406.3936,1.77,53.0,68.7
8157,-4031.36,813.4273,1.72,52.4,68.8
8158,-3879.14,5230.135,1.74,52.5,68.7
8159,-4254.85,3081.9231,1.75,52.3,68.8
8160,-4355.96,6678.0753,1.78,53.1,68.8
8161,-4044.76,666.3358,1.75,53.5,68.8
8162,-3883.36,4460.1224,1.76,52.8,68.9
8163,-4205.41,1639.2865,1.77,53.0,68.9
8164,-4236.74,2392.4551,1.77,52.8,68.9
8165,-4207.26,1354.3619,1.78,52.2,68.8
8166,-4184.91,506.2137,1.76,52.5,68.9
8167,-4016.33,1654.7964,1.77,52.3,69.0
8168,-4192.95,131.3546,1.76,52.5,68.2
8169,-3790.86,17692.5269,1.79,52.5,68.3
8170,-3772.45,14239.6738,1.81,51.2,68.4
8171,-3876.08,6587.7112,1.77,52.2,68.4
8172,-3770.05,14389.3181,1.8,53.2,68.4
8173,-3892.99,5497.7216,1.76,48.2,68.4
8174,-4176.46,2696.877,1.78,53.1,68.5
8175,-4039.49,1047.68,1.77,44.8,68.4
8176,-4059.51,578.2478,1.77,52.3,68.4
8177,-3789.07,8972.1519,1.78,44.5,68.4
8178,-3759.41,8098.0591,1.77,54.1,68.4
8179,-3768.11,8240.9127,1.78,43.6,68.5
8180,-3770.05,6892.9253,1.82,52.6,68.5
8181,-4114.42,2618.3152,1.8,45.8,68.5
8182,-3779.91,4335.8476,1.79,51.0,68.5
8183,-3775.05,3489.3066,1.78,45.4,68.5
8184,-3800.72,1857.2523,1.79,50.9,68.4
8185,-3859.78,1370.8743,1.8,47.3,68.5
8186,-3828.72,765.1042,1.79,49.2,68.6
8187,-3853.96,571.2653,1.78,49.0,68.6
8188,-3795.37,509.4989,1.81,48.1,68.5
8189,-3775.05,753.6157,1.81,48.9,68.5
8190,-3785.9,334.9901,1.8,48.9,68.6
8191,-3798.63,207.519,1.81,52.3,68.6
8192,-3781.0,170.524,1.78,46.6,68.6
8193,-3785.9,93.1953,1.79,53.9,68.7
8194,-3838.98,271.8832,1.75,47.4,68.6
8195,-3788.54,77.4132,1.8,53.3,68.7
8196,-3777.82,153.7572,1.77,47.1,68.7
8197,-3819.46,83.4065,1.79,53.1,68.8
8198,-3768.11,92.4809,1.76,45.9,68.8
8199,-3779.91,20.7934,1.77,53.3,68.8
8200,-3927.56,2224.5263,1.75,48.7,68.7
8201,-3787.26,49.002,1.78,52.9,68.7
8202,-3815.03,88.6089,1.74,49.4,68.8
8203,-3790.7,28.6513,1.76,50.9,68.9
8204,-3778.13,34.8154,1.81,50.9,68.8
8205,-3784.2,18.0452,1.77,48.5,68.9
8206,-3890.44,1391.4044,1.76,52.8,68.8
8207,-3772.41,85.5711,1.77,47.2,68.9
8208,-3785.59,130.6914,1.79,53.2,68.9
8209,-3785.02,37.4105,1.73,48.4,69.0
8210,-3780.44,47.1834,1.78,53.2,69.0
8211,-3768.11,18.0605,1.77,49.0,68.9
8212,-3770.94,18.7823,1.79,53.1,68.9
8213,-3781.74,15.4533,1.77,49.7,69.0
8214,-3811.86,134.2354,1.79,52.7,69.0
8215,-3768.11,46.0364,1.75,53.3,69.1
8216,-3787.99,17.0264,1.79,49.4,69.1
8217,-3772.41,10.8292,1.78,53.2,69.2
8218,-3772.41,5.2052,1.74,50.1,69.1
8219,-4049.62,9128.7612,1.78,53.0,69.1
8220,-4222.12,19673.9658,1.72,48.3,69.2
8221,-4025.67,4649.9271,1.77,53.8,69.3
8222,-4036.31,4769.7599,1.75,49.3,69.3
8223,-3877.87,585.342,1.74,52.4,69.3
8224,-3764.49,2215.6544,1.76,50.7,69.2
8225,-4161.1,9822.98,1.8,51.7,69.2
8226,-3764.96,2568.2192,1.78,53.1,69.2
8227,-3759.41,1968.3195,1.75,48.7,69.3
8228,-4011.85,1874.598,1.78,52.7,69.2
8229,-3881.32,28.3775,1.75,49.1,69.3
8230,-4013.02,1766.6833,1.79,53.3,69.3
8231,-4029.04,2048.1117,1.74,49.7,69.3
8232,-3769.14,2136.5379,1.78,52.5,69.3
8233,-3885.14,139.2085,1.77,50.2,69.2
8234,-3775.22,2105.9474,1.76,52.2,69.3
8235,-3881.32,56.1961,1.77,53.1,69.3
8236,-3760.49,1577.7048,1.76,50.0,69.3
8237,-3755.25,941.4453,1.79,53.3,69.3
8238,-3756.47,554.2965,1.78,47.8,69.3
8239,-3760.37,257.1065,1.8,53.9,69.3
8240,-4013.02,5723.9761,1.75,47.5,69.4
8241,-3767.98,65.9282,1.81,53.4,69.4
8242,-3761.66,41.437,1.76,49.7,69.4
8243,-3768.84,19.0032,1.8,53.3,69.5
8244,-3774.57,23.6385,1.78,49.5,69.5
8245,-3883.93,1946.2183,1.8,51.8,69.5
8246,-4044.39,7769.1631,1.77,52.2,69.5
8247,-4022.41,6960.2645,1.79,51.7,69.5
8248,-3769.14,633.8313,1.78,53.3,69.4
8249,-3766.77,716.0473,1.77,48.6,69.4
8250,-3769.14,466.8764,1.8,52.4,69.5
8251,-3772.0,169.9504,1.76,49.1,69.6
8252,-3758.19,51.7745,1.79,52.9,69.5
8253,-3765.96,65.9775,1.75,49.7,69.6
8254,-3764.49,56.275,1.78,53.4,69.5
8255,-3776.6,29.8367,1.75,50.1,69.6
8256,-3876.08,1004.0175,1.8,52.9,69.5
8257,-3775.14,169.4312,1.77,51.7,69.6
8258,-3777.69,181.0367,1.76,52.1,69.6
8259,-3878.68,922.6558,1.77,52.7,69.7
8260,-3770.94,120.7691,1.78,50.2,69.7
8261,-3773.21,44.6036,1.81,52.7,69.7
8262,-3769.73,17.3247,1.77,48.8,69.8
8263,-3879.9,1574.5206,1.8,52.6,69.7
8264,-3773.21,8.4506,1.77,50.6,69.7
8265,-3769.27,7.3728,1.78,53.6,69.7
8266,-3777.82,3.4922,1.75,50.9,69.7
8267,-3775.05,2.5471,1.78,53.4,69.8
8268,-3773.29,1.812,1.77,50.6,69.8
8269,-3759.73,21.8153,1.75,50.3,69.8
8270,-4018.39,6507.2477,1.76,53.0,69.9
8271,-3772.31,9.0002,1.77,49.8,69.9
8272,-4018.26,7181.7886,1.8,53.4,69.8
8273,-3885.59,1259.3701,1.77,48.5,69.9
8274,-3770.44,292.6194,1.78,53.2,70.0
8275,-3773.21,267.1084,1.76,49.2,70.0
8276,-3773.21,138.5528,1.8,53.1,70.0
8277,-3771.19,30.7616,1.75,49.2,70.0
8278,-3767.98,27.4427,1.76,53.8,70.0
8279,-3765.71,17.4901,1.77,51.0,70.1
8280,-3880.1,1398.9129,1.77,51.2,70.0
8281,-3765.96,72.0163,1.77,53.2,70.1
8282,-3758.19,102.4103,1.75,51.2,70.1
8283,-3760.49,34.9706,1.77,53.4,70.2
8284,-3759.41,11.1268,1.76,50.6,70.1
8285,-3876.66,1484.736,1.79,54.0,70.1
8286,-3758.19,3.4824,1.76,49.0,70.2
8287,-4021.57,7696.5837,1.77,53.1,70.2
8288,-4221.49,19128.6768,1.74,50.6,70.3
8289,-4046.36,6412.6747,1.76,53.1,70.3
8290,-3888.31,657.2135,1.75,53.0,70.3
8291,-4047.65,4661.8231,1.78,50.8,70.3
8292,-3878.7,523.1197,1.76,53.4,70.3
8293,-3768.97,1674.2039,1.76,50.7,70.3
8294,-4031.36,2745.0855,1.78,53.0,70.4
8295,-3884.3,186.806,1.72,51.0,70.5
8296,-3883.66,84.0857,1.79,54.2,70.4
8297,-4179.72,8973.7759,1.76,48.7,70.4
8298,-4273.72,14317.0457,1.79,53.3,70.5
8299,-3757.0,2131.2206,1.78,50.9,70.5
8300,-3876.64,104.4945,1.77,52.9,70.5
8301,-4192.41,8500.7417,1.77,53.1,70.6
8302,-4044.2,2058.7573,1.77,49.7,70.5
8303,-4154.2,5595.1201,1.78,52.4,70.6
8304,-3881.89,344.1402,1.73,50.6,69.8
8305,-3883.66,339.738,1.73,53.3,69.9
8306,-4041.56,1468.7971,1.76,53.4,70.0
8307,-3758.19,3083.9951,1.74,53.4,69.9
8308,-3767.9,3177.2499,1.76,53.4,70.0
8309,-3884.3,104.7572,1.74,52.3,70.0
8310,-4027.74,1810.5483,1.78,53.9,70.0
8311,-3881.04,21.9954,1.74,52.4,70.0
8312,-4173.14,7571.1232,1.77,53.2,70.1
8313,-4188.4,7964.902,1.78,53.1,70.5
8314,-3879.34,331.299,1.76,51.6,70.6
8315,-4027.74,1213.0673,1.75,52.9,70.7
8316,-3766.14,3271.2689,1.74,52.8,70.7
8317,-3771.65,2899.0471,1.79,53.0,70.8
8318,-3768.97,2424.4253,1.75,50.7,70.8
8319,-3771.24,1681.7777,1.77,53.7,70.8
8320,-3884.3,72.1427,1.74,49.9,70.8
8321,-4011.85,2138.8893,1.79,53.4,70.8
8322,-3759.73,1296.7456,1.74,51.9,70.9
8323,-4154.2,7906.218,1.76,51.9,70.9
8324,-3881.13,21.551,1.78,52.7,71.0
8325,-3881.13,10.302,1.73,49.7,70.9
8326,-3766.14,1395.8253,1.8,53.3,70.9
8327,-4051.67,3002.8045,1.74,49.4,70.9
8328,-3877.93,2.8899,1.8,52.9,71.0
8329,-4208.25,10169.4473,1.76,47.9,71.1
8330,-3905.85,72.0068,1.78,53.2,71.1
8331,-4025.24,1769.2776,1.76,49.9,71.0
8332,-3876.64,78.3353,1.8,51.9,71.0
8333,-4027.41,1673.1266,1.77,50.4,71.1
8334,-4225.36,9703.7886,1.8,51.0,71.1
8335,-3883.66,212.9331,1.77,52.3,71.1
8336,-4015.09,728.5678,1.77,48.2,71.2
8337,-3888.31,385.3827,1.76,52.5,71.1
8338,-3770.44,2903.6669,1.76,46.7,71.2
8339,-3887.66,188.557,1.79,52.8,71.1
8340,-4163.45,7348.6238,1.79,47.4,70.5
8341,-3876.64,127.4535,1.75,48.1,70.5
8342,-3880.63,47.3012,1.79,53.3,70.6
8343,-4038.89,2525.8417,1.75,50.1,70.5
8344,-4015.09,1758.8026,1.79,53.3,70.5
8345,-4154.2,6534.8745,1.76,50.6,70.5
8346,-3877.95,365.6347,1.79,51.3,70.6
8347,-3884.3,379.4278,1.8,53.0,70.6
8348,-4047.65,1899.9615,1.76,49.2,70.6
8349,-4030.14,1280.1077,1.78,53.5,70.6
8350,-3873.45,543.0905,1.79,49.7,70.2
8351,-4016.33,615.3119,1.82,54.2,70.2
8352,-3888.41,575.4818,1.78,48.2,70.1
8353,-3768.97,3385.5919,1.82,52.6,70.1
8354,-3758.19,3095.3917,1.76,49.1,69.9
8355,-3762.67,2448.3914,1.8,53.5,69.8
8356,-3884.58,279.5011,1.79,49.2,69.5
8357,-4021.57,2405.9311,1.81,52.6,69.5
8358,-3768.97,1413.5112,1.77,49.1,69.2
8359,-4169.12,8469.3945,1.8,54.2,69.2
8360,-4026.52,2071.1393,1.74,50.9,69.1
8361,-3884.3,32.9389,1.77,53.0,69.1
8362,-3889.57,86.0755,1.74,52.0,69.2
8363,-4034.49,2285.3792,1.79,51.1,68.9
8364,-4157.93,6789.8167,1.78,52.9,69.0
8365,-4157.93,6084.7073,1.75,48.9,68.8
8366,-4040.36,987.9995,1.79,52.4,68.8
8367,-4015.09,641.1998,1.73,50.7,68.4
8368,-3774.21,5290.8909,1.79,53.7,68.5
8369,-3758.19,4942.3907,1.77,47.8,68.5
8370,-4021.65,296.6521,1.79,52.4,68.6
8371,-3881.87,1015.8961,1.77,48.5,68.6
8372,-3768.97,3821.4161,1.79,53.4,68.6
8373,-3888.9,511.9948,1.78,50.0,68.6
8374,-4016.33,925.0662,1.81,52.1,68.6
8375,-4021.65,1048.871,1.8,50.9,68.6
8376,-3883.17,310.3147,1.77,48.9,68.7
8377,-4185.34,7525.515,1.76,52.3,68.7
8378,-3767.68,2663.7291,1.77,47.9,68.7
8379,-3770.44,2370.4015,1.8,52.9,68.7
8380,-4015.09,1028.9743,1.8,47.2,68.7
8381,-4152.96,5512.5927,1.84,53.0,68.7
8382,-3762.67,2576.6865,1.78,47.3,68.7
8383,-3877.93,196.9651,1.77,52.6,68.7
8384,-4022.41,1634.4968,1.74,48.6,68.7
8385,-3759.73,2201.464,1.76,53.1,68.7
8386,-3884.3,55.4505,1.78,50.0,68.7
8387,-3888.41,26.1096,1.81,51.1,68.7
8388,-3883.17,11.8997,1.75,52.2,68.7
8389,-3753.97,1387.8604,1.77,49.5,68.8
8390,-3758.44,981.3656,1.75,53.2,68.8
8391,-3883.01,252.0261,1.78,49.0,68.8
8392,-4044.92,4559.4138,1.82,53.2,68.8
8393,-3758.44,632.4282,1.73,47.8,68.9
8394,-3879.99,241.257,1.76,53.4,68.8
8395,-3882.32,231.2304,1.76,49.8,68.9
8396,-3878.4,66.4235,1.79,53.8,69.0
8397,-3761.76,1163.3547,1.76,51.0,69.1
8398,-3872.16,14.6667,1.79,53.2,69.0
8399,-3771.24,922.7483,1.79,51.5,69.2
8400,-3768.97,791.1077,1.8,51.4,69.2
8401,-3879.19,410.1496,1.77,52.3,69.2
8402,-3764.67,525.9011,1.8,49.4,69.3
8403,-3879.84,485.0658,1.79,53.2,69.3
8404,-4159.93,13594.4785,1.79,48.4,69.1
8405,-3766.9,568.3237,1.77,51.9,69.0
8406,-3877.4,215.323,1.74,49.6,69.0
8407,-3758.19,639.8647,1.76,52.6,69.1
8408,-3874.86,156.5049,1.76,47.4,69.2
8409,-3896.58,251.4511,1.81,53.0,69.1
8410,-3765.71,913.9416,1.79,47.3,69.1
8411,-3765.96,878.0189,1.78,52.6,69.2
8412,-3767.17,641.5205,1.78,50.4,69.2
8413,-3761.66,464.8376,1.76,52.1,69.2
8414,-3766.9,363.7858,1.76,53.3,69.2
8415,-3878.7,1075.8004,1.78,48.2,69.3
8416,-3760.49,207.2514,1.83,53.1,69.3
8417,-3878.68,1164.9306,1.76,47.0,69.3
8418,-3879.34,751.3735,1.8,53.4,69.3
8419,-3764.67,215.0797,1.77,47.9,69.4
8420,-3757.76,321.5778,1.8,52.9,69.4
8421,-3776.08,191.2142,1.75,48.9,69.3
8422,-3775.15,35.7383,1.8,52.5,69.3
8423,-3880.1,1618.2532,1.75,50.9,69.4
8424,-3769.73,23.1718,1.74,52.3,69.4
8425,-3763.21,20.3826,1.76,53.4,69.4
8426,-3753.97,26.8713,1.77,48.1,69.5
8427,-3780.56,45.7183,1.79,53.5,69.5
8428,-3755.25,5.8591,1.75,47.3,69.5
8429,-3878.7,1409.4426,1.78,53.1,69.4
8430,-4011.85,5836.0228,1.74,48.3,69.4
8431,-3878.53,950.4361,1.75,53.1,69.5
8432,-3776.08,538.4666,1.77,49.0,69.6
8433,-3768.6,497.676,1.79,52.9,69.6
8434,-3768.11,308.4255,1.75,49.4,69.6
8435,-3779.26,152.5695,1.79,51.9,69.7
8436,-3776.47,53.1373,1.76,52.1,69.7
8437,-3892.25,1473.5054,1.78,48.7,69.6
8438,-3762.14,25.4352,1.8,52.6,69.7
8439,-3759.2,14.2145,1.74,48.3,69.7
8440,-3764.49,5.9254,1.77,53.3,69.6
8441,-3763.43,5.502,1.76,47.5,69.7
8442,-3772.0,8.486,1.79,52.9,69.7
8443,-3769.73,5.4108,1.77,49.3,69.8
8444,-3764.49,5.2879,1.78,53.3,69.9
8445,-3873.45,1151.9211,1.74,52.1,69.8
8446,-3764.49,8.3915,1.78,48.7,69.9
8447,-3769.73,4.5586,1.78,52.8,69.9
8448,-3873.45,1136.0326,1.76,48.1,69.9
8449,-3772.41,3.5464,1.79,52.2,69.9
8450,-3775.59,2.2911,1.74,47.5,70.0
8451,-3773.29,1.7011,1.77,53.2,70.0
8452,-3786.41,22.7373,1.72,41.6,69.0
8453,-3769.27,13.9553,1.74,54.0,69.0
8454,-3779.91,10.3771,1.71,52.7,69.0
8455,-3772.41,4.1587,1.7,53.2,69.1
8456,-3775.59,2.7841,1.74,52.9,69.1
8457,-3769.82,2.9186,1.73,52.9,69.1
8458,-3785.23,34.3735,1.75,52.2,69.1
8459,-3775.59,2.3538,1.73,52.9,69.2
8460,-3769.27,7.8194,1.74,53.6,69.2
8461,-3770.35,3.635,1.72,52.9,69.3
8462,-3767.17,1.3085,1.74,52.8,69.3
8463,-3773.29,6.0638,1.76,52.8,69.3
8464,-3771.19,2.6365,1.76,53.0,69.2
8465,-3771.19,2.1938,1.81,53.1,69.3
8466,-3773.29,2.3922,1.76,53.3,69.4
8467,-3766.76,5.1538,1.79,53.7,69.3
8468,-3770.35,3.8493,1.77,52.4,69.4
8469,-3768.05,1.8261,1.79,52.7,69.3
8470,-3755.25,19.5239,1.76,51.5,69.3
8471,-3762.88,8.2353,1.8,52.9,69.3
8472,-3768.05,7.903,1.82,49.1,69.3
8473,-3769.73,3.9774,1.79,53.4,69.4
8474,-3880.1,1405.0761,1.77,44.7,69.4
8475,-3765.96,9.1081,1.77,53.7,69.4
8476,-3755.25,24.8067,1.77,45.0,69.4
8477,-3764.49,13.0102,1.77,52.8,69.5
8478,-3755.25,6.1867,1.82,46.6,69.6
8479,-3758.19,1.1146,1.79,51.9,69.6
8480,-3761.66,3.8351,1.81,47.2,69.5
8481,-3879.82,1353.4013,1.77,48.6,69.5
8482,-4017.18,5710.96,1.84,47.8,69.6
8483,-3874.86,685.592,1.77,47.6,69.5
8484,-3760.37,566.6656,1.82,51.2,69.6
8485,-3787.1,687.6307,1.78,44.3,69.7
8486,-3875.37,416.8844,1.8,52.8,69.6
8487,-3761.66,457.9028,1.78,45.8,69.5
8488,-3765.96,280.169,1.81,53.4,69.5
8489,-3766.76,162.0953,1.78,45.3,69.6
8490,-4025.67,5762.5807,1.79,53.4,69.7
8491,-3878.7,964.3036,1.78,46.0,69.7
8492,-3873.45,652.634,1.8,53.0,69.7
8493,-3874.86,414.5097,1.78,49.8,69.7
8494,-3772.0,458.1516,1.79,52.6,69.7
8495,-3874.67,195.4926,1.77,52.7,69.8
8496,-3765.96,688.0848,1.8,49.1,69.8
8497,-3769.14,554.9531,1.79,53.5,69.8
8498,-3766.76,418.195,1.74,48.4,69.8
8499,-3765.71,285.3264,1.77,53.4,69.8
8500,-3767.98,186.3798,1.78,47.0,69.8
8501,-3878.7,1027.9358,1.79,53.0,69.9
8502,-3873.45,801.9549,1.8,47.8,70.0
8503,-3755.25,148.5565,1.78,52.6,69.9
8504,-3755.25,131.2044,1.78,52.3,70.0
8505,-4017.18,5428.5029,1.76,52.8,69.9
8506,-3878.7,860.5284,1.77,52.7,69.9
8507,-3879.82,697.3994,1.8,50.1,69.3
8508,-3765.96,296.6306,1.76,51.1,69.4
8509,-3773.92,393.5248,1.78,53.1,69.4
8510,-3775.18,253.0498,1.73,52.8,69.3
8511,-3758.19,122.2349,1.78,53.6,69.3
8512,-3765.96,47.0073,1.72,52.2,69.4
8513,-3771.19,49.0623,1.76,51.7,69.4
8514,-3773.29,15.9175,1.75,53.2,69.4
8515,-3782.61,31.6219,1.75,51.5,69.5
8516,-3780.56,27.6574,1.78,53.7,69.5
8517,-3767.98,14.6224,1.73,52.9,69.5
8518,-3766.76,11.139,1.78,53.4,69.5
8519,-3766.76,3.8644,1.74,51.6,69.6
8520,-3873.45,1028.5341,1.78,52.5,69.6
8521,-3761.66,48.9312,1.75,52.7,69.6
8522,-3760.37,42.0241,1.76,53.2,69.6
8523,-3768.05,8.2113,1.74,52.7,69.6
8524,-3761.66,7.5693,1.76,51.8,69.6
8525,-3873.45,1100.7159,1.79,53.4,69.6
8526,-3767.17,22.1732,1.74,51.7,69.6
8527,-3760.49,21.4203,1.77,52.9,69.8
8528,-3768.05,11.3316,1.77,52.3,69.8
8529,-3755.25,3.908,1.78,53.5,69.7
8530,-3764.49,6.3619,1.78,51.2,69.8
8531,-3755.25,5.5367,1.76,53.0,69.7
8532,-3883.93,1849.3634,1.73,52.5,69.8
8533,-3768.05,7.0214,1.76,53.4,69.8
8534,-3755.25,16.5581,1.78,53.1,69.8
8535,-3874.86,1242.5572,1.76,51.7,69.9
8536,-3766.76,4.7679,1.76,53.2,69.9
8537,-3879.91,1065.4041,1.76,50.4,69.9
8538,-3775.59,37.3629,1.78,52.4,69.9
8539,-3770.05,75.044,1.74,51.6,69.8
8540,-3759.41,31.9192,1.79,53.5,69.8
8541,-3876.08,1275.4977,1.73,51.2,69.8
8542,-3769.27,20.8571,1.79,52.8,69.9
8543,-3755.25,14.8824,1.74,51.1,69.9
8544,-3758.19,3.2882,1.77,52.5,69.9
8545,-3766.77,12.4034,1.77,52.9,69.9
8546,-3762.14,6.2238,1.75,50.9,69.8
8547,-3877.95,1386.6843,1.78,52.9,69.8
8548,-4150.9,14072.6492,1.73,48.5,69.9
8549,-3879.19,959.5192,1.76,53.2,69.8
8550,-4020.76,4785.7427,1.75,49.9,69.9
8551,-4022.05,4091.8421,1.78,53.4,69.9
8552,-3753.97,1648.4782,1.75,50.1,70.0
8553,-3879.82,699.247,1.77,53.2,70.0
8554,-3758.19,1541.6309,1.75,51.8,70.0
8555,-3765.96,962.5715,1.75,50.0,70.1
8556,-4017.18,3347.1732,1.76,53.2,70.1
8557,-3765.71,516.2063,1.75,49.4,70.1
8558,-3878.7,283.371,1.8,52.6,70.2
8559,-3764.49,418.839,1.75,47.8,70.2
8560,-3762.88,361.4919,1.76,53.7,70.1
8561,-3881.04,575.2569,1.77,49.1,70.2
8562,-3759.41,262.8101,1.79,53.3,70.2
8563,-3755.25,207.5223,1.74,51.7,70.3
8564,-4035.7,6533.3179,1.74,50.8,70.2
8565,-4011.85,5277.1725,1.77,53.4,70.2
8566,-4022.05,5295.3785,1.77,47.2,70.2
8567,-4017.18,4428.7538,1.79,53.1,70.2
8568,-4017.18,3781.8138,1.75,47.6,70.2
8569,-3755.25,1337.098,1.8,52.8,70.3
8570,-4031.85,3519.1143,1.75,48.1,70.4
8571,-3874.86,576.6785,1.79,52.8,70.4
8572,-3765.71,1668.5467,1.77,49.0,70.3
8573,-3878.7,259.9433,1.8,53.1,70.3
8574,-3879.91,119.0609,1.77,50.9,70.4
8575,-3762.88,761.1303,1.76,50.8,70.5
8576,-3756.47,701.6597,1.77,52.3,70.5
8577,-3756.47,562.282,1.77,47.9,70.4
8578,-3764.64,468.1918,1.79,53.1,70.4
8579,-3878.7,1105.571,1.75,48.8,70.5
8580,-3876.66,923.9788,1.79,53.3,70.5
8581,-3762.88,116.6827,1.76,48.2,70.5
8582,-3762.88,84.0992,1.8,52.8,70.6
8583,-3767.98,23.6995,1.75,49.3,70.5
8584,-3880.36,1325.3484,1.75,52.9,70.5
8585,-3767.17,6.6234,1.76,51.7,70.6
8586,-3765.71,2.7041,1.86,51.0,71.5
8587,-3877.87,1224.4919,1.75,52.5,71.5
8588,-3764.64,17.9645,1.77,49.2,71.3
8589,-3769.73,9.9417,1.8,53.5,71.2
8590,-3759.41,11.441,1.75,51.5,70.8
8591,-3765.71,3.623,1.8,52.8,70.8
8592,-3874.86,1159.0868,1.75,51.2,70.8
8593,-4017.18,5636.902,1.77,53.6,70.8
8594,-4011.85,4712.6876,1.73,52.4,70.8
8595,-3876.66,675.0073,1.76,52.8,70.7
8596,-3873.45,536.8991,1.76,53.4,70.8
8597,-3761.66,923.2255,1.75,51.3,70.6
8598,-3874.86,272.7807,1.8,52.8,70.7
8599,-3765.71,518.8989,1.75,50.3,70.5
8600,-3759.41,467.0809,1.79,52.9,70.6
8601,-3878.7,509.4566,1.75,50.8,70.6
8602,-3758.19,360.9864,1.76,53.0,70.6
8603,-3761.66,254.9481,1.75,50.3,70.7
8604,-3761.66,145.2159,1.75,52.5,70.7
8605,-3755.25,78.3909,1.77,53.3,70.8
8606,-3767.98,13.017,1.76,49.8,70.8
8607,-3886.27,1617.6462,1.77,53.0,70.7
8608,-3761.66,87.3878,1.74,50.1,70.8
8609,-3767.17,71.7591,1.79,53.3,70.8
8610,-3767.98,30.5522,1.75,51.2,70.9
8611,-3767.98,21.7998,1.76,53.3,70.9
8612,-3765.71,5.9091,1.75,52.3,70.9
8613,-3769.27,3.8392,1.76,52.9,70.9
8614,-3766.9,23.1741,1.75,52.3,70.9
8615,-3767.98,6.3266,1.74,52.1,71.0
8616,-3764.49,3.3602,1.78,53.3,71.0
8617,-3885.59,1686.9506,1.72,49.7,71.1
8618,-3759.41,14.4076,1.78,53.0,71.1
8619,-3758.19,6.466,1.76,50.5,71.1
8620,-3759.41,5.6245,1.76,52.8,71.1
8621,-3770.94,8.2091,1.75,51.4,71.2
8622,-3766.76,10.6111,1.78,50.2,71.2
8623,-3766.76,4.0995,1.75,52.8,71.2
8624,-3878.7,1318.2592,1.77,48.8,71.2
8625,-3762.88,5.6717,1.79,53.1,71.2
8626,-3761.66,4.0434,1.75,46.6,71.2
8627,-3765.71,1.5262,1.79,53.6,71.3
8628,-3761.66,2.2854,1.76,46.3,71.4
8629,-3769.73,6.3224,1.76,53.9,71.4
8630,-3765.96,2.3107,1.75,49.1,71.4
8631,-3874.86,1147.2662,1.75,52.9,71.4
8632,-4017.18,5708.58,1.77,53.1,71.5
8633,-3876.66,736.6587,1.78,49.9,71.5
8634,-3883.93,671.8157,1.82,52.7,71.5
8635,-3874.86,437.5588,1.77,48.0,71.5
8636,-3755.25,1147.7258,1.78,53.2,71.6
8637,-3874.67,230.8496,1.75,49.6,71.6
8638,-3756.47,796.704,1.8,53.6,71.6
8639,-3765.71,438.0511,1.76,48.7,71.6
8640,-3761.66,334.1213,1.79,53.3,71.6
8641,-3888.53,945.0714,1.77,51.0,71.7
8642,-3874.86,945.276,1.78,53.1,71.8
8643,-4183.92,14633.6946,1.78,53.0,71.9
8644,-3873.45,423.1434,1.76,50.5,71.9
8645,-4025.67,3834.265,1.79,53.5,72.0
8646,-3878.7,133.4839,1.76,46.9,72.0
8647,-3758.19,1425.498,1.8,52.8,72.0
8648,-3758.19,1422.567,1.77,49.5,72.2
8649,-3761.66,1074.941,1.79,53.3,72.1
8650,-3765.71,670.9867,1.76,49.4,72.2
8651,-3876.66,272.3426,1.81,53.5,72.3
8652,-3876.66,320.8387,1.74,51.4,72.0
8653,-3764.49,439.0014,1.78,52.0,72.0
8654,-3873.45,248.7717,1.78,53.2,72.1
8655,-3755.25,544.8553,1.74,48.2,72.1
8656,-3761.66,373.441,1.8,52.5,72.2
8657,-3873.45,436.7191,1.76,46.2,72.1
8658,-3878.7,498.9036,1.8,54.1,72.2
8659,-4011.85,3651.8735,1.75,49.1,72.3
8660,-3878.7,201.5753,1.77,53.5,72.3
8661,-3764.49,882.1404,1.77,48.8,72.2
8662,-3765.96,926.4183,1.81,52.6,72.3
8663,-3765.96,754.7813,1.79,49.8,72.3
8664,-3767.98,477.891,1.77,52.2,72.3
8665,-3768.05,261.4277,1.78,53.9,72.4
8666,-3766.76,188.8231,1.74,48.2,72.4
8667,-3755.25,187.8651,1.77,52.9,72.5
8668,-4011.85,5551.0082,1.74,47.9,72.5
8669,-3876.66,929.267,1.76,53.5,72.4
8670,-3879.19,788.3461,1.77,48.3,72.5
8671,-4017.18,4283.2802,1.78,53.2,72.5
8672,-3755.25,898.5128,1.76,50.6,72.6
8673,-3761.66,931.6505,1.74,52.4,71.8
8674,-3761.66,763.4249,1.78,45.7,71.8
8675,-3755.25,543.6049,1.79,52.3,71.8
8676,-3874.86,491.1806,1.74,48.0,71.8
8677,-3877.87,530.9569,1.79,52.9,71.8
8678,-3769.73,263.2534,1.78,46.7,71.9
8679,-3761.66,209.6304,1.8,53.4,71.9
8680,-3767.98,85.9272,1.77,46.8,72.0
8681,-3756.47,107.2969,1.78,53.1,71.9
8682,-3764.49,51.4836,1.73,50.0,72.0
8683,-3873.45,1119.3464,1.76,51.7,72.1
8684,-3876.66,994.5753,1.77,52.8,72.2
8685,-3876.66,764.0135,1.79,48.3,72.2
8686,-3755.25,486.459,1.8,53.8,72.1
8687,-3874.86,548.7054,1.8,47.8,72.2
8688,-3873.45,413.2012,1.81,53.1,72.2
8689,-3764.49,590.0933,1.76,46.4,72.2
8690,-3759.41,535.4143,1.79,53.0,72.3
8691,-3766.9,387.8072,1.79,47.5,72.3
8692,-3767.98,181.6875,1.78,53.2,72.3
8693,-3759.41,198.184,1.75,48.1,72.3
8694,-3762.88,116.6187,1.77,53.2,72.3
8695,-3873.45,881.1319,1.78,49.2,72.4
8696,-3765.71,52.7834,1.79,52.5,72.4
8697,-3873.45,733.8154,1.79,52.5,72.4
8698,-3879.82,760.5701,1.77,48.5,72.4
8699,-3880.1,742.4324,1.8,52.5,72.4
8700,-3879.19,537.7584,1.77,49.0,72.4
8701,-3878.7,388.9248,1.82,54.1,72.6
8702,-3772.0,918.2401,1.77,48.9,72.6
8703,-3766.76,695.55,1.78,52.6,72.5
8704,-3768.11,550.5904,1.74,48.9,72.6
8705,-3770.94,302.3503,1.79,53.2,72.6
8706,-3766.76,174.395,1.76,49.1,72.7
8707,-3759.41,179.8637,1.78,53.6,72.8
8708,-3759.41,107.6933,1.77,51.7,72.8
8709,-3767.17,26.4924,1.77,50.4,72.7
8710,-3767.17,10.7554,1.78,52.5,72.8
8711,-3772.41,33.4569,1.75,48.6,72.7
8712,-3774.5,28.8698,1.77,52.8,72.7
8713,-3772.41,9.9205,1.75,46.8,72.8
8714,-3767.17,4.022,1.79,52.8,73.0
8715,-3762.88,4.4682,1.75,47.6,72.8
8716,-3759.41,4.8247,1.8,53.1,72.8
8717,-3764.49,2.0412,1.75,48.3,72.9
8718,-3761.66,1.0414,1.78,52.4,72.9
8719,-3755.25,2.5286,1.78,51.4,73.0
8720,-3873.58,1341.9201,1.76,51.0,72.9
8721,-3873.45,1105.9298,1.76,52.6,72.9
8722,-3879.19,1026.7032,1.75,49.6,72.9
8723,-3755.25,444.4974,1.8,52.9,72.9
8724,-3764.49,434.4083,1.74,49.3,72.9
8725,-3878.7,702.3346,1.78,52.7,73.0
8726,-3766.76,332.9025,1.76,48.2,73.1
8727,-3769.27,198.0856,1.76,53.5,72.9
8728,-3769.27,63.1543,1.74,49.7,73.0
8729,-3770.35,13.1723,1.74,52.8,73.1
8730,-3766.76,19.9958,1.75,52.4,73.1
8731,-3764.49,9.1657,1.75,48.7,73.2
8732,-3769.27,0.9027,1.74,53.0,73.2
8733,-3767.98,0.4358,1.78,48.4,73.1
8734,-3775.59,9.8222,1.82,53.0,73.1
8735,-3775.05,2.8954,1.76,47.6,73.1
8736,-3770.35,4.9329,1.78,52.9,73.2
8737,-3762.88,6.5708,1.77,46.2,73.3
8738,-3772.41,22.0367,1.77,51.3,72.4
8739,-3769.27,4.5582,1.74,52.6,72.5
8740,-3769.82,1.94,1.77,53.2,72.5
8741,-3769.82,0.6124,1.77,52.9,72.5
8742,-3772.41,5.6237,1.75,52.8,72.6
8743,-3767.17,4.4694,1.75,52.4,72.6
8744,-3773.21,4.3564,1.73,52.9,72.6
8745,-3770.35,1.3207,1.77,53.3,72.6
8746,-3774.5,2.0083,1.73,52.5,72.6
8747,-3767.17,4.1061,1.78,52.6,72.7
8748,-3769.27,3.3747,1.74,54.0,72.7
8749,-3772.41,2.4004,1.78,53.2,72.7
8750,-3759.41,17.4938,1.74,53.4,72.7
8751,-3767.98,1.9403,1.77,53.1,72.7
8752,-3874.67,1169.1269,1.78,52.7,72.7
8753,-3874.67,979.9832,1.75,53.0,72.8
8754,-3874.67,745.1013,1.81,52.9,72.8
8755,-3874.67,572.0003,1.77,53.1,72.9
8756,-3765.71,720.2648,1.76,51.5,72.0
8757,-3762.88,810.8083,1.81,43.9,71.8
8758,-3762.88,626.2181,1.84,53.7,71.8
8759,-3767.98,306.7699,1.79,43.5,71.9
8760,-3767.98,105.3786,1.77,53.2,71.8
8761,-3876.08,952.328,1.78,47.1,71.9
8762,-3879.91,1129.4926,1.8,52.1,71.9
8763,-3759.41,74.6644,1.77,49.3,72.0
8764,-3767.98,20.969,1.78,50.5,71.9
8765,-3765.71,6.9829,1.75,53.2,72.0
8766,-3765.71,2.9705,1.74,49.1,71.8
8767,-3879.82,1403.9779,1.77,53.1,71.9
8768,-3755.25,21.4254,1.71,49.3,71.8
8769,-3879.82,1357.6344,1.76,53.4,71.9
8770,-3874.86,1111.1051,1.74,48.2,72.0
8771,-3873.45,873.3173,1.74,52.9,72.0
8772,-3755.25,393.6872,1.77,50.9,72.0
8773,-3755.25,431.2679,1.78,51.0,72.0
8774,-3874.86,708.644,1.8,52.2,72.0
8775,-3755.25,347.1619,1.76,47.1,72.0
8776,-3874.86,650.4037,1.8,53.6,72.1
8777,-3756.47,292.4829,1.71,49.1,72.1
8778,-3765.71,149.8856,1.76,53.6,72.1
8779,-3759.41,85.1389,1.71,50.8,72.1
8780,-3874.86,1100.3995,1.73,52.4,72.0
8781,-3762.88,40.1717,1.74,53.0,72.1
8782,-3879.91,1097.2619,1.75,49.4,72.1
8783,-3764.49,50.2645,1.77,52.9,72.1
8784,-3765.71,42.2315,1.68,48.9,72.2
8785,-3877.87,994.1313,1.76,53.0,72.2
8786,-3879.91,971.976,1.77,48.8,72.2
8787,-3756.47,119.764,1.8,53.7,72.3
8788,-3876.08,746.34,1.76,48.7,72.2
8789,-3756.47,177.2673,1.8,52.6,72.2
8790,-3762.88,98.8736,1.76,51.8,72.3
8791,-3877.87,885.535,1.77,50.2,72.3
8792,-3767.17,22.162,1.78,52.7,72.2
8793,-3876.08,968.3054,1.75,48.9,72.3
8794,-3765.71,18.7714,1.77,52.7,72.3
8795,-3759.41,26.2703,1.73,49.9,72.3
8796,-3767.98,6.4512,1.78,53.1,72.4
8797,-3756.47,12.6762,1.76,51.0,72.4
8798,-3767.98,4.838,1.76,53.2,72.4
8799,-3767.98,2.6405,1.74,52.9,72.4
8800,-3765.71,1.0787,1.76,49.4,72.3
8801,-3876.08,1107.0558,1.77,52.9,72.4
8802,-3877.87,920.1309,1.77,51.6,72.5
8803,-3756.47,222.0717,1.79,52.9,72.5
8804,-3756.47,244.8978,1.76,52.2,72.4
8805,-3756.47,154.1755,1.79,53.3,72.5
8806,-3762.88,34.3336,1.75,51.2,72.5
8807,-3762.88,23.3871,1.74,53.3,72.5
8808,-3879.91,1392.6732,1.78,52.3,72.5
8809,-3762.88,5.6146,1.78,51.4,72.5
8810,-3773.21,5.3178,1.78,53.2,72.4
8811,-3767.17,2.1148,1.71,49.4,72.4
8812,-3756.47,9.0248,1.78,53.5,72.5
8813,-3874.67,1267.955,1.75,50.2,72.5
8814,-3876.08,1147.4482,1.77,52.7,72.6
8815,-3755.25,105.5884,1.76,51.6,72.6
8816,-3758.19,100.1438,1.76,53.3,72.6
8817,-3874.86,998.0618,1.75,53.0,72.6
8818,-3874.86,924.7004,1.77,52.1,72.6
8819,-3759.41,149.3734,1.78,53.1,72.6
8820,-3762.88,113.4339,1.71,52.4,72.7
8821,-3879.19,995.7841,1.77,53.3,72.7
8822,-3765.71,42.7531,1.75,50.8,72.7
8823,-3759.41,34.7653,1.76,53.7,72.6
8824,-3874.67,1141.8974,1.75,52.4,72.6
8825,-3874.67,1129.8183,1.78,52.3,72.8
8826,-3767.98,6.9955,1.79,52.8,72.7
8827,-3759.41,25.3878,1.75,52.9,72.8
8828,-3767.17,2.1753,1.75,52.8,72.7
8829,-3767.98,0.9652,1.71,53.1,72.8
8830,-3765.71,1.3621,1.75,52.6,72.8
8831,-3767.98,1.3372,1.72,52.5,72.8
8832,-3764.64,14.7619,1.74,53.3,72.9
8833,-3770.94,1.5514,1.74,52.8,72.9
8834,-3874.67,1093.5787,1.71,52.6,72.8
8835,-3762.88,49.513,1.74,53.4,72.8
8836,-3767.17,30.6232,1.71,52.5,72.9
8837,-3762.88,9.0743,1.74,53.5,73.0
8838,-3765.71,11.5602,1.71,51.9,73.0
8839,-3767.17,6.8411,1.76,52.1,72.4
8840,-3765.71,5.3818,1.71,52.1,72.3
8841,-3756.47,15.2395,1.74,52.9,72.4
8842,-3877.87,1326.3204,1.72,52.4,72.4
8843,-3765.71,1.7348,1.75,53.8,72.4
8844,-3762.88,3.1373,1.71,51.4,72.5
8845,-3767.98,1.2426,1.74,53.6,72.6
8846,-3876.08,1110.6696,1.72,53.0,72.4
8847,-3765.71,35.3777,1.72,51.1,72.5
8848,-3756.47,60.4458,1.76,52.6,72.6
8849,-3759.41,15.0081,1.73,51.0,72.5
8850,-3767.98,12.9083,1.76,53.2,72.5
8851,-3765.71,5.1374,1.73,49.6,72.5
8852,-3756.47,14.3086,1.77,53.1,72.5
8853,-3881.04,1273.9901,1.76,49.9,72.5
8854,-3876.08,1036.6681,1.78,53.7,72.5
8855,-3876.66,879.8603,1.74,51.1,72.5
8856,-4022.05,4968.1635,1.78,52.6,72.6
8857,-3874.67,637.7477,1.75,52.2,72.5
8858,-3762.88,899.2754,1.74,52.2,72.5
8859,-3767.98,706.4538,1.78,52.6,72.5
8860,-3876.08,415.2827,1.73,49.1,72.4
8861,-3759.41,469.3803,1.76,52.7,72.4
8862,-3767.17,239.1897,1.76,48.0,72.4
8863,-3767.17,132.4337,1.77,52.9,72.4
8864,-3765.71,114.4045,1.76,49.0,72.4
8865,-3759.41,109.215,1.79,53.3,72.4
8866,-3756.47,72.91,1.78,51.2,72.4
8867,-3759.41,26.1572,1.76,50.7,72.5
8868,-3876.08,1237.5,1.79,52.9,72.5
8869,-3762.88,7.9912,1.77,50.2,72.4
8870,-3879.91,1420.1516,1.77,52.7,72.4
8871,-3767.98,7.6649,1.74,49.1,72.4
8872,-3876.08,1200.3862,1.76,53.3,72.5
8873,-3756.47,26.8514,1.75,48.0,72.5
8874,-3759.41,11.6919,1.75,52.8,72.5
8875,-3756.47,10.7185,1.77,49.6,72.5
8876,-3762.88,3.4961,1.77,53.6,72.5
8877,-3759.41,4.6868,1.78,51.1,72.4
8878,-3767.98,5.8599,1.77,52.5,72.5
8879,-3767.98,2.3091,1.77,52.8,72.6
8880,-3762.88,2.8708,1.75,49.6,72.6
8881,-3769.27,2.6768,1.78,53.5,72.5
8882,-3765.71,5.4383,1.76,49.6,72.5
8883,-3769.27,0.9076,1.8,53.1,72.6
8884,-3767.17,0.6937,1.75,49.2,72.7
8885,-3769.27,0.2201,1.76,52.8,72.7
8886,-3767.17,0.4549,1.76,48.3,72.7
8887,-3767.98,0.2686,1.79,53.1,72.7
8888,-3773.21,15.0429,1.75,51.0,72.7
8889,-3769.27,2.8515,1.78,52.9,72.7
8890,-3772.41,1.1859,1.92,52.9,73.2
8891,-3767.98,2.7689,1.78,52.8,73.2
8892,-3767.17,1.1246,1.74,52.3,73.2
8893,-3759.41,7.8833,1.75,53.0,73.2
8894,-3762.88,1.4628,1.77,52.7,73.2
8895,-3877.87,1279.6239,1.76,52.7,73.2
8896,-3767.98,14.3917,1.79,53.2,73.2
8897,-3765.71,10.1142,1.74,53.4,73.2
8898,-3767.98,3.9908,1.8,53.5,73.2
8899,-3772.41,12.1016,1.76,52.9,73.3
8900,-3768.11,11.0937,1.78,53.7,73.2
8901,-3765.71,3.0257,1.76,52.4,73.3
8902,-3759.41,3.2606,1.78,52.4,73.2
8903,-3768.11,5.7365,1.76,53.1,73.2
8904,-3876.08,1137.0881,1.73,52.7,73.2
8905,-3759.41,81.7152,1.77,51.8,73.2
8906,-3879.91,996.802,1.75,52.2,73.2
8907,-3877.87,847.5099,1.79,52.9,73.2
8908,-3756.47,383.2111,1.76,51.4,73.3
8909,-3876.08,643.6258,1.77,53.3,73.3
8910,-3768.11,427.7002,1.72,52.1,73.3
8911,-3762.88,382.0402,1.78,53.2,73.4
8912,-3762.88,214.4697,1.76,53.0,73.3
8913,-3765.71,62.8929,1.75,51.7,73.4
8914,-3759.41,53.6032,1.77,53.3,73.4
8915,-3765.71,55.5767,1.77,51.5,73.4
8916,-3876.08,1289.5891,1.8,53.4,73.5
8917,-3762.88,12.6564,1.75,52.8,73.6
8918,-3879.9,1253.5249,1.77,53.1,73.5
8919,-3762.88,52.4782,1.76,51.2,73.4
8920,-3765.71,31.8788,1.72,51.4,73.4
8921,-3756.47,20.5097,1.73,53.2,73.5
8922,-3876.08,1386.3867,1.75,50.7,73.5
8923,-3762.88,9.6719,1.78,52.7,73.6
8924,-3756.47,6.5058,1.75,51.7,73.6
8925,-3762.88,0.6439,1.77,52.9,73.7
8926,-3874.67,1191.3587,1.75,51.3,73.6
8927,-3762.88,24.9879,1.78,53.6,73.6
8928,-3762.88,18.5329,1.75,52.7,73.6
8929,-3762.88,3.1794,1.74,51.3,73.7
8930,-3759.41,4.9837,1.76,52.6,73.7
8931,-3756.47,3.1833,1.73,48.8,73.7
8932,-3756.47,1.1124,1.76,52.5,73.7
8933,-3767.98,14.8482,1.76,50.3,73.7
8934,-3765.71,7.8708,1.78,53.7,73.8
8935,-3762.88,2.1063,1.75,51.3,73.8
8936,-3756.47,2.4519,1.76,51.3,73.8
8937,-3756.47,1.2565,1.77,53.1,73.8
8938,-3874.67,1392.9371,1.76,49.5,73.9
8939,-3873.45,1285.2221,1.79,52.8,73.9
8940,-3755.25,51.9301,1.74,50.3,73.9
8941,-3758.19,42.2901,1.8,53.2,74.0
8942,-3879.82,1390.0617,1.74,49.9,74.1
8943,-3873.45,1150.3344,1.76,52.5,74.0
8944,-3874.67,974.3456,1.78,51.8,74.1
8945,-3874.67,779.0278,1.76,50.7,74.0
8946,-3765.71,453.7117,1.79,53.5,74.1
8947,-3764.64,529.334,1.78,50.0,74.1
8948,-3765.71,374.3926,1.78,52.7,74.1
8949,-3767.98,167.507,1.71,46.8,74.1
8950,-3767.98,35.2654,1.76,53.4,74.2
8951,-3759.41,32.5235,1.77,48.9,74.2
8952,-3767.98,54.6692,1.79,53.6,74.3
8953,-3759.41,25.4864,1.78,50.3,74.4
8954,-3756.47,13.5255,1.75,52.4,74.3
8955,-3874.67,1098.7879,1.76,52.8,74.3
8956,-3874.67,962.0555,1.77,50.1,74.3
8957,-3759.41,179.8641,1.79,52.7,74.4
8958,-3877.87,838.9249,1.7,48.8,74.4
8959,-3876.08,712.2059,1.78,52.7,74.4
8960,-3762.88,519.6922,1.76,47.7,74.4
8961,-3762.88,506.7338,1.78,53.8,74.5
8962,-3762.88,342.0774,1.76,50.1,74.4
8963,-3759.41,176.5654,1.77,52.3,74.5
8964,-3762.88,43.1782,1.74,53.0,74.6
8965,-3765.71,37.9108,1.76,49.9,74.7
8966,-3874.67,1257.9411,1.77,51.9,74.5
8967,-3767.98,10.9523,1.74,47.9,74.5
8968,-3765.71,10.4218,1.77,53.0,74.6
8969,-3756.47,24.237,1.75,48.3,74.7
8970,-3762.88,5.3969,1.77,53.3,74.7
8971,-3756.47,5.8658,1.78,48.6,74.8
8972,-3874.67,1281.3028,1.77,50.9,74.7
8973,-3759.41,10.38,1.76,51.7,74.8
8974,-3762.88,5.9822,1.78,50.6,74.8
8975,-3874.67,1366.2211,1.78,53.2,74.9
8976,-3874.67,1230.6468,1.75,49.0,74.9
8977,-4018.39,5905.8182,1.75,52.5,74.9
8978,-3874.67,777.1369,1.78,49.1,74.8
8979,-3762.88,447.259,1.8,53.2,74.9
8980,-3756.47,577.8305,1.73,49.1,75.0
8981,-3759.41,426.1504,1.76,53.2,75.0
8982,-3756.47,249.0154,1.77,49.2,75.1
8983,-3759.41,71.4413,1.75,50.6,75.1
8984,-3765.71,21.3314,1.76,54.0,75.1
8985,-3759.41,32.8771,1.74,50.2,75.1
8986,-3765.71,13.9882,1.78,52.7,75.0
8987,-3756.47,15.4876,1.76,46.8,75.1
8988,-3767.98,1.4512,1.81,53.2,75.2
8989,-3765.71,0.2148,1.75,48.0,75.3
8990,-3762.88,0.9768,1.73,53.6,75.1
8991,-3767.17,1.4943,1.76,49.4,75.3
8992,-3759.41,4.486,1.76,52.6,75.3
8993,-3756.47,5.3782,1.78,52.6,75.3
8994,-3881.04,1529.7985,1.78,48.9,75.4
8995,-4018.39,6384.7852,1.78,53.2,75.4
8996,-3876.08,1006.4927,1.77,50.6,75.3
8997,-3874.86,807.1699,1.8,52.4,75.4
8998,-3881.04,748.1109,1.77,51.0,75.4
8999,-3879.91,594.5407,1.78,53.1,75.4
9000,-3877.87,440.9511,1.75,52.3,75.5
9001,-4033.06,3904.0253,1.77,54.0,75.5
9002,-3877.87,207.1769,1.73,52.5,75.5
9003,-3876.08,115.719,1.76,50.3,75.6
9004,-3876.08,57.3748,1.79,53.3,75.7
9005,-3762.88,1340.8372,1.76,51.0,75.6
9006,-3759.41,1371.7105,1.8,52.3,75.6
9007,-3756.47,1190.5258,1.75,51.2,75.7
9008,-3762.88,804.9271,1.8,53.6,75.7
9009,-3874.67,616.8219,1.71,49.5,75.7
9010,-3762.88,517.5968,1.74,53.4,75.8
9011,-3874.67,664.0367,1.74,51.9,76.0
9012,-3756.47,363.3008,1.76,49.2,76.0
9013,-3762.88,211.0918,1.79,52.4,76.0
9014,-3877.87,953.8936,1.8,50.6,75.2
9015,-3874.67,760.0674,1.78,48.4,75.3
9016,-3759.41,172.9947,1.79,52.9,75.3
9017,-3756.47,169.6951,1.75,51.3,75.3
9018,-3881.32,1163.724,1.76,52.7,75.3
9019,-3876.08,806.8357,1.76,52.3,75.4
9020,-3756.47,168.9317,1.77,51.2,75.4
9021,-3761.7,134.6932,1.78,53.1,75.4
9022,-3756.47,93.8649,1.77,49.4,75.4
9023,-3874.67,1155.7214,1.78,52.7,75.4
9024,-3761.7,62.5865,1.73,50.6,75.5
9025,-3874.67,1015.8676,1.76,53.4,75.5
9026,-3876.08,805.7929,1.76,50.1,75.4
9027,-3885.14,919.4943,1.77,53.0,75.5
9028,-3767.98,525.6247,1.78,51.0,75.5
9029,-3767.98,602.7822,1.76,50.7,75.5
9030,-3765.71,495.2889,1.77,53.2,75.6
9031,-3770.35,232.0545,1.76,51.3,75.6
9032,-3767.98,85.1401,1.79,53.1,75.5
9033,-3765.71,35.6314,1.75,48.8,75.6
9034,-3767.98,48.8779,1.81,53.7,75.6
9035,-3756.47,45.9898,1.73,48.7,75.6
9036,-3759.41,19.5181,1.75,53.5,75.6
9037,-3762.88,7.101,1.74,50.5,75.7
9038,-3759.41,5.2956,1.77,52.6,75.7
9039,-3761.7,11.8513,1.76,53.6,75.7
9040,-3762.88,3.3116,1.76,50.0,75.7
9041,-3879.91,1378.5038,1.79,52.9,75.8
9042,-3879.91,1217.6942,1.72,50.7,75.8
9043,-3883.11,1190.8416,1.76,52.9,75.8
9044,-3759.41,289.7404,1.73,49.4,75.8
9045,-3762.88,296.6419,1.78,53.5,75.9
9046,-3765.71,176.7592,1.77,49.6,75.9
9047,-3767.98,50.2667,1.77,53.6,75.9
9048,-3762.88,17.7724,1.79,53.3,75.9
9049,-3759.41,27.3785,1.76,50.5,76.0
9050,-3765.71,17.4316,1.79,53.7,76.0
9051,-3764.64,9.781,1.75,48.7,75.9
9052,-3767.98,5.8114,1.78,52.6,75.9
9053,-3773.21,8.6666,1.7,49.8,76.0
9054,-3764.64,1.9424,1.76,53.4,76.0
9055,-3765.71,1.3977,1.76,49.1,76.1
9056,-3885.14,1611.0749,1.78,52.9,76.1
9057,-3762.88,29.183,1.78,52.2,76.1
9058,-3767.98,14.2193,1.76,50.0,76.1
9059,-3772.41,5.0312,1.76,52.8,76.1
9060,-3770.94,1.8213,1.77,50.4,76.1
9061,-3759.41,16.0675,1.8,52.7,76.2
9062,-3762.88,5.54,1.72,51.2,76.1
9063,-3759.41,2.5891,1.75,53.3,76.2
9064,-3762.88,1.9022,1.75,50.0,76.2
9065,-3881.04,1393.244,1.78,53.0,76.3
9066,-4011.85,5824.5493,1.75,52.8,76.2
9067,-4011.85,5269.4824,1.76,49.5,76.4
9068,-3878.7,762.323,1.79,52.7,76.4
9069,-3880.36,691.2439,1.74,45.4,75.2
9070,-3767.98,916.694,1.79,52.8,75.2
9071,-3770.35,827.4261,1.75,53.3,75.3
9072,-3769.82,589.9311,1.79,53.8,75.3
9073,-3769.82,320.9161,1.75,53.4,75.3
9074,-3769.82,125.6843,1.77,53.0,75.4
9075,-3770.35,62.7545,1.75,53.0,75.3
9076,-3769.27,65.671,1.75,52.7,75.3
9077,-3765.71,43.9935,1.77,53.4,75.3
9078,-3756.47,48.0216,1.76,53.5,75.4
9079,-3874.67,1024.401,1.82,53.5,75.4
9080,-3756.47,45.4722,1.74,52.8,75.5
9081,-3879.91,1137.7052,1.79,53.2,75.4
9082,-4018.39,5717.2924,1.79,52.1,75.5
9083,-3877.87,820.4949,1.8,52.9,75.4
9084,-3876.08,628.886,1.78,51.6,75.5
9085,-3756.47,758.099,1.78,52.7,75.5
9086,-3877.87,495.9091,1.8,47.2,75.5
9087,-3879.91,391.4765,1.8,53.3,75.4
9088,-3874.67,216.792,1.8,46.2,75.5
9089,-3759.41,941.0089,1.81,52.2,75.5
9090,-3876.08,88.6804,1.79,48.6,75.6
9091,-3768.11,1188.9882,1.79,49.9,75.6
9092,-3762.88,932.6131,1.83,48.4,75.5
9093,-3876.08,158.7907,1.8,46.0,75.5
9094,-3762.88,745.2888,1.82,51.0,75.6
9095,-3765.71,576.1718,1.78,46.5,75.6
9096,-3762.88,465.4976,1.83,52.9,75.6
9097,-3874.67,737.0488,1.77,44.0,75.7
9098,-3762.88,267.2995,1.8,52.7,75.6
9099,-3762.88,168.8318,1.77,45.1,75.5
9100,-3880.36,970.5436,1.78,52.7,75.6
9101,-3759.41,96.7776,1.78,47.9,75.7
9102,-3877.87,926.4763,1.8,52.5,75.8
9103,-3759.41,91.8229,1.76,50.2,75.7
9104,-3876.08,895.8374,1.79,50.5,75.7
9105,-3881.32,1106.7882,1.79,52.9,75.8
9106,-3765.71,161.9211,1.8,47.8,75.8
9107,-3762.88,167.9637,1.8,52.9,75.8
9108,-3762.88,88.5592,1.77,48.9,75.9
9109,-3767.98,20.0691,1.8,53.1,75.9
9110,-3767.98,23.7129,1.76,50.5,75.8
9111,-3767.98,13.3103,1.76,53.3,75.8
9112,-3767.98,7.227,1.74,52.7,75.9
9113,-3767.98,3.3218,1.8,49.9,76.0
9114,-3767.98,1.6315,1.8,52.9,76.0
9115,-3767.98,0.6773,1.75,48.2,76.0
9116,-3767.17,0.531,1.79,52.9,76.0
9117,-3775.59,11.2084,1.75,49.3,75.9
9118,-3775.05,4.5161,1.78,53.0,76.0
9119,-3775.59,1.7046,1.75,49.3,76.1
9120,-3775.05,1.876,1.8,52.5,76.1
9121,-3774.5,0.7556,1.75,52.5,76.2
9122,-3767.17,1.5327,1.76,51.3,76.1
9123,-3772.41,4.9,1.78,52.7,76.1
9124,-3767.98,4.2204,1.76,49.4,76.2
9125,-3769.27,1.4924,1.8,53.1,76.2
9126,-3770.35,2.0914,1.73,49.9,76.2
9127,-3774.5,2.8437,1.78,53.3,76.2
9128,-3769.27,5.6636,1.77,52.1,76.2
9129,-3767.17,3.2671,1.75,53.4,76.3
9130,-3767.17,2.7505,1.79,53.2,76.4
9131,-3767.17,0.8937,1.73,50.7,76.5
9132,-3765.71,0.9193,1.78,52.2,76.5
9133,-3765.71,0.6946,1.73,51.5,76.4
9134,-3762.88,1.3804,1.77,52.8,76.4
9135,-3876.08,1332.4913,1.71,50.0,76.5
9136,-3762.88,0.7179,1.76,52.1,76.6
9137,-3767.98,1.0529,1.8,53.0,76.6
9138,-3767.98,0.3135,1.77,48.8,76.5
9139,-3765.71,1.2312,1.8,52.2,76.6
9140,-3874.67,1169.1966,1.71,51.0,76.6
9141,-3874.67,1024.1598,1.76,53.5,76.6
9142,-3759.41,87.9438,1.75,49.4,76.6
9143,-3756.47,101.555,1.77,52.7,76.6
9144,-3759.41,35.578,1.77,52.1,76.7
9145,-3762.88,8.5985,1.77,51.9,76.9
9146,-3874.67,1367.3286,1.75,53.1,76.9
9147,-3876.08,1277.5714,1.75,48.8,76.8
9148,-3759.41,20.5974,1.77,52.7,76.8
9149,-3877.87,1061.007,1.7,49.2,76.7
9150,-3762.88,44.0568,1.75,52.9,76.7
9151,-3767.17,17.2043,1.72,51.6,76.8
9152,-3767.98,2.6542,1.73,52.7,76.7
9153,-3756.47,11.6403,1.76,52.9,76.8
9154,-3765.71,3.1993,1.77,49.5,76.9
9155,-3759.41,5.1907,1.77,52.9,76.9
9156,-3876.08,1332.5816,1.74,51.3,76.9
9157,-3756.47,5.6985,1.77,53.1,77.0
9158,-3759.41,0.7212,1.75,51.2,76.9
9159,-3876.08,1357.9542,1.76,53.9,76.9
9160,-3769.27,7.6043,1.77,52.5,77.0
9161,-3756.47,14.6432,1.75,50.1,76.9
9162,-3759.41,5.2902,1.77,53.1,76.9
9163,-3756.47,5.8008,1.69,50.8,77.0
9164,-3885.06,1755.6469,1.75,53.7,76.9
9165,-3881.04,1207.3242,1.73,47.4,77.0
9166,-3758.19,170.0562,1.74,52.7,77.0
9167,-3874.67,827.5969,1.75,51.6,77.1
9168,-3891.28,855.02,1.74,50.0,77.1
9169,-3769.27,451.8267,1.76,52.1,77.2
9170,-3769.27,447.1696,1.77,50.0,77.1
9171,-3767.17,316.6459,1.82,52.3,77.1
9172,-3769.27,124.0377,1.74,48.0,77.1
9173,-3767.17,22.9827,1.77,52.8,77.2
9174,-3780.25,43.1737,1.76,50.1,77.2
9175,-3780.25,38.5679,1.79,52.6,77.2
9176,-3765.71,6.3784,1.77,52.9,77.2
9177,-3772.41,5.0599,1.78,49.8,77.3
9178,-3767.98,1.4937,1.78,53.4,77.3
9179,-3765.71,0.2533,1.77,50.4,77.3
9180,-3775.1,18.1833,1.78,52.9,77.3
9181,-3767.98,13.0135,1.75,49.2,77.4
9182,-3765.71,9.6959,1.78,53.5,77.3
9183,-3762.88,1.9602,1.77,48.2,77.4
9184,-3765.71,3.1362,1.74,53.0,77.4
9185,-3765.71,2.0478,1.77,51.1,77.5
9186,-3777.65,18.0567,1.77,50.9,77.5
9187,-3765.71,9.2077,1.76,53.2,77.5
9188,-3767.98,9.0375,1.77,49.6,77.4
9189,-3776.4,8.7355,1.82,53.3,77.4
9190,-3770.94,16.7319,1.8,45.4,75.9
9191,-3765.71,6.368,1.81,49.4,76.0
9192,-3767.17,3.1688,1.82,48.2,76.0
9193,-3765.71,1.0185,1.94,48.0,75.9
9194,-3874.67,1129.3152,1.81,46.0,75.9
9195,-3762.88,11.5467,1.83,49.4,75.9
9196,-3762.88,6.0629,1.81,48.9,75.8
9197,-3762.88,3.2361,1.82,47.8,75.9
9198,-3762.88,1.015,1.82,51.8,75.8
9199,-3765.71,0.7048,1.8,48.0,75.5
9200,-3759.41,2.4427,1.95,52.0,75.5
9201,-3759.41,1.3851,1.77,48.4,75.5
9202,-3765.71,2.3738,1.77,53.5,75.5
9203,-3762.88,1.1297,1.75,47.5,75.4
9204,-3765.71,2.2068,1.8,53.7,75.4
9205,-3876.08,1177.5529,1.79,46.0,75.5
9206,-3756.47,61.9285,1.77,53.4,75.4
9207,-3877.87,964.7318,1.74,48.0,75.5
9208,-3759.41,113.6465,1.79,51.7,75.5
9209,-3762.88,73.5236,1.78,52.3,75.6
9210,-3877.87,1007.5093,1.79,49.5,75.5
9211,-3759.41,35.5887,1.82,52.4,75.6
9212,-3756.47,24.8106,1.75,48.4,75.5
9213,-3879.91,1416.1699,1.78,53.0,75.6
9214,-3771.92,35.0842,1.77,49.0,75.6
9215,-3767.98,2.1634,1.8,52.9,75.7
9216,-3874.67,1061.2318,1.75,47.8,75.7
9217,-3759.41,46.7808,1.76,53.5,75.7
9218,-3876.08,997.0677,1.77,48.2,75.6
9219,-3876.08,890.4001,1.77,52.4,75.7
9220,-3762.88,174.6751,1.78,51.9,75.8
9221,-3876.08,713.6381,1.78,50.2,75.8
9222,-3762.88,273.6481,1.81,52.9,75.7
9223,-3767.98,194.8434,1.75,47.0,75.7
9224,-3762.88,115.9246,1.79,53.0,75.8
9225,-3762.88,30.5262,1.78,47.8,75.8
9226,-3771.92,51.7038,1.81,53.4,75.9
9227,-3885.94,1257.6759,1.76,49.8,75.9
9228,-3762.88,7.2054,1.77,52.8,75.9
9229,-3762.88,4.3318,1.76,52.1,75.8
9230,-3771.92,17.2904,1.78,50.5,75.8
9231,-3767.98,8.3775,1.77,53.6,75.9
9232,-3762.88,6.0631,1.76,49.3,75.9
9233,-3876.08,1274.3163,1.78,53.0,75.9
9234,-3874.67,1112.9277,1.72,50.0,75.9
9235,-3756.47,73.5918,1.77,53.0,75.9
9236,-3759.41,59.2244,1.74,49.7,75.9
9237,-3765.71,10.075,1.74,53.3,75.9
9238,-3756.47,10.7228,1.77,52.4,76.0
9239,-3756.47,11.7353,1.79,50.2,76.1
9240,-3765.71,4.6638,1.75,53.2,76.0
9241,-3876.08,1146.6105,1.77,49.1,75.9
9242,-3877.87,980.3012,1.77,53.1,76.0
9243,-3756.47,276.2671,1.78,47.8,76.1
9244,-3762.88,270.7979,1.8,52.9,76.1
9245,-3874.67,723.9288,1.76,49.1,76.2
9246,-3762.88,223.0169,1.78,52.6,76.1
9247,-3874.67,670.7613,1.75,50.7,76.2
9248,-3756.47,245.2401,1.77,52.0,76.1
9249,-3762.88,139.9268,1.77,52.3,76.2
9250,-3756.47,86.0528,1.75,50.3,76.1
9251,-3762.88,23.9975,1.8,53.7,76.2
9252,-3756.47,34.9452,1.72,51.0,76.1
9253,-3767.98,10.5521,1.8,53.8,76.1
9254,-3762.88,6.8697,1.73,50.0,76.2
9255,-3759.41,8.116,1.76,53.2,76.2
9256,-3762.88,3.594,1.75,53.1,76.3
9257,-3762.88,1.8995,1.73,50.0,76.3
9258,-3762.88,1.5271,1.76,52.5,76.3
9259,-3756.47,3.0418,1.74,50.1,76.2
9260,-3759.41,2.6903,1.76,53.0,76.3
9261,-3765.71,4.1791,1.73,48.8,76.3
9262,-3878.61,1554.2039,1.78,53.3,76.4
9263,-3879.91,1050.3769,1.76,49.4,76.4
9264,-3876.08,790.1548,1.76,52.7,76.3
9265,-3759.41,486.5775,1.76,52.7,76.4
9266,-3761.7,564.3757,1.76,48.0,76.4
9267,-3756.47,457.587,1.78,52.8,76.4
9268,-3759.41,238.4107,1.73,48.2,76.5
9269,-3762.88,63.3072,1.75,53.4,76.5
9270,-3876.08,1155.6034,1.71,50.8,76.4
9271,-3756.47,25.4556,1.76,52.9,76.4
9272,-3887.64,1143.327,1.75,50.9,76.5
9273,-3887.64,947.5048,1.76,49.9,76.6
9274,-3765.71,103.4181,1.73,53.4,76.5
9275,-3765.71,118.9331,1.73,49.2,76.6
9276,-3762.88,71.3886,1.79,52.4,76.5
9277,-3765.71,8.645,1.76,48.2,76.6
9278,-3759.41,10.5439,1.78,52.5,76.6
9279,-3771.92,31.8975,1.77,47.8,76.6
9280,-3784.2,18.9066,1.75,51.8,76.6
9281,-3767.98,21.2929,1.74,51.8,76.6
9282,-3765.71,18.7881,1.74,48.8,76.6
9283,-3775.1,7.282,1.81,53.4,76.7
9284,-3769.23,9.6911,1.74,47.4,76.7
9285,-3765.71,13.3287,1.78,52.6,76.8
9286,-3892.03,1244.7216,1.74,46.9,76.7
9287,-3876.08,1074.5944,1.79,52.8,76.9
9288,-3762.88,143.0668,1.76,51.8,76.8
9289,-3762.88,152.5075,1.8,51.4,76.7
9290,-3765.71,74.7444,1.8,52.6,76.8
9291,-3878.61,1427.4997,1.76,46.9,76.9
9292,-3756.47,23.5186,1.76,52.8,76.9
9293,-3786.89,24.1545,1.74,49.4,76.9
9294,-3887.64,1087.0782,1.75,52.6,76.9
9295,-3762.88,28.6321,1.78,46.9,77.0
9296,-3762.88,22.779,1.77,53.2,77.0
9297,-3769.23,26.6999,1.75,50.3,77.0
9298,-3766.6,21.3624,1.77,52.0,77.1
9299,-3877.87,1372.238,1.76,53.1,77.1
9300,-3771.92,11.4662,1.77,50.0,77.0
9301,-3887.64,1112.8096,1.81,52.8,77.0
9302,-3756.47,41.7509,1.75,47.4,77.1
9303,-3896.0,1453.9014,1.76,52.9,77.1
9304,-3762.88,33.3291,1.75,48.7,77.1
9305,-3762.88,15.7706,1.75,53.4,77.2
9306,-3769.43,12.8855,1.74,51.4,77.2
9307,-3762.88,3.1263,1.77,50.5,77.2
9308,-3765.71,0.8831,1.78,53.4,77.3
9309,-3874.67,1161.4023,1.77,49.1,77.2
9310,-3759.41,11.5989,1.78,53.2,77.2
9311,-3769.23,36.1254,1.77,50.8,77.3
9312,-3766.6,7.1563,1.78,52.7,77.3
9313,-3784.2,14.6743,1.79,50.0,77.3
9314,-3797.01,39.1751,1.81,52.6,77.4
9315,-3874.67,938.5288,1.77,50.9,77.3
9316,-3880.36,969.275,1.77,52.1,77.4
9317,-3770.06,379.157,1.77,53.3,77.4
9318,-3780.86,411.9165,1.74,50.1,77.4
9319,-3805.88,207.4459,1.81,52.7,77.4
9320,-3777.65,169.1038,1.75,48.5,77.4
9321,-3786.89,28.7927,1.79,52.8,77.5
9322,-3769.43,10.4562,1.78,49.6,77.5
9323,-3777.26,26.7554,1.8,53.1,77.5
9324,-3771.69,11.4611,1.76,51.2,77.5
9325,-3807.13,24.4838,1.79,51.7,77.6
9326,-3804.3,12.2919,1.73,52.6,77.6
9327,-3769.43,36.3274,1.76,49.5,77.6
9328,-3762.88,18.1146,1.8,53.5,77.6
9329,-3759.41,12.1344,1.71,49.3,77.7
9330,-3756.47,10.8211,1.78,52.6,77.7
9331,-3759.41,3.0124,1.75,46.9,77.6
9332,-3785.14,24.1663,1.75,52.8,77.6
9333,-3775.1,27.1619,1.73,51.2,77.7
9334,-3756.47,23.9311,1.78,49.9,77.7
9335,-3770.06,8.6049,1.8,53.1,77.8
9336,-3759.41,2.5787,1.74,48.4,77.8
9337,-3756.47,2.1024,1.75,53.0,77.8
9338,-3759.41,1.7132,1.73,48.8,77.8
9339,-3759.41,1.7093,1.79,53.3,77.9
9340,-3881.04,1476.3528,1.77,50.9,77.9
9341,-3879.91,1235.0973,1.79,50.1,77.9
9342,-3874.67,902.2404,1.8,52.6,77.9
9343,-3762.88,286.6534,1.76,47.9,77.9
9344,-3889.71,695.5039,1.79,53.3,77.9
9345,-3874.67,586.7551,1.73,49.1,78.0
9346,-3759.41,694.073,1.79,53.7,78.0
9347,-3759.41,622.2268,1.77,50.5,78.1
9348,-3762.88,392.0026,1.75,52.2,78.1
9349,-3759.41,235.5477,1.74,53.3,78.0
9350,-3879.91,843.9845,1.75,50.3,78.0
9351,-3765.71,82.8198,1.79,52.9,78.0
9352,-3762.88,62.3412,1.72,48.9,78.1
9353,-3756.47,43.9828,1.76,53.0,78.2
9354,-3876.08,1307.0808,1.77,48.9,78.2
9355,-3874.67,1199.3145,1.77,53.0,78.2
9356,-3876.08,1069.7389,1.76,51.3,78.2
9357,-3874.67,865.6853,1.79,51.1,78.2
9358,-3759.41,449.604,1.78,52.9,78.3
9359,-3759.41,508.8279,1.75,50.3,78.4
9360,-3762.88,372.6716,1.78,52.8,78.3
9361,-3874.67,782.2876,1.76,49.5,78.3
9362,-3874.67,747.0624,1.76,53.4,78.3
9363,-3874.67,647.9463,1.72,50.2,78.4
9364,-3765.71,454.5939,1.73,52.8,78.5
9365,-3756.47,537.0149,1.75,52.3,78.5
9366,-3765.71,307.3483,1.73,49.9,78.4
9367,-3765.71,140.7126,1.77,53.2,78.5
9368,-3762.88,46.2718,1.74,48.0,78.5
9369,-3765.71,28.7392,1.77,53.2,78.6
9370,-3771.92,74.8464,1.75,51.0,78.6
9371,-3765.71,13.3719,1.77,52.5,78.7
9372,-3767.98,4.667,1.76,52.2,78.5
9373,-3765.71,4.9347,1.79,47.2,77.8
9374,-3759.41,5.7698,1.77,47.5,77.9
9375,-3765.71,7.3257,1.79,53.0,78.0
9376,-3762.88,1.8265,1.74,49.0,78.0
9377,-3756.47,4.4086,1.76,50.8,78.1
9378,-3769.43,18.5372,1.75,52.6,78.0
9379,-3905.74,1978.2338,1.77,50.0,78.0
9380,-3877.87,1215.131,1.79,53.3,77.9
9381,-3880.03,1212.3995,1.73,49.7,78.0
9382,-3910.11,1070.4159,1.77,53.7,78.1
9383,-3874.67,643.0345,1.72,48.1,78.1
9384,-3922.97,621.9708,1.75,52.9,78.1
9385,-3771.69,1097.7051,1.73,41.8,77.0
9386,-3915.22,338.183,1.72,53.5,77.1
9387,-3921.01,362.0301,1.73,52.8,77.1
9388,-3783.33,869.4957,1.71,52.9,77.2
9389,-3896.0,276.8301,1.73,52.8,77.2
9390,-3778.09,878.6725,1.68,52.6,77.2
9391,-3784.2,862.979,1.73,53.8,77.1
9392,-3775.1,693.4947,1.71,52.7,77.2
9393,-3809.25,461.467,1.71,53.0,77.2
9394,-3786.89,261.8944,1.74,53.1,77.3
9395,-3789.02,177.4546,1.7,52.5,77.2
9396,-3771.69,86.4417,1.75,53.1,77.3
9397,-3831.21,192.044,1.72,52.8,77.3
9398,-3789.02,30.3592,1.74,53.6,77.3
9399,-3788.01,28.379,1.7,53.3,77.3
9400,-3771.69,29.0379,1.7,52.8,77.3
9401,-3811.91,66.8212,1.72,52.8,77.4
9402,-3777.65,18.7883,1.71,52.7,77.4
9403,-3805.17,138.1246,1.73,52.8,77.3
9404,-3784.2,7.1429,1.71,52.3,77.4
9405,-3765.71,21.5872,1.72,53.0,77.4
9406,-3805.23,51.0212,1.73,52.9,77.4
9407,-3767.17,13.9615,1.72,52.8,77.4
9408,-3770.35,8.7118,1.73,52.8,77.4
9409,-3769.82,4.5322,1.73,53.2,77.4
9410,-3781.41,209.1233,1.78,52.6,77.4
9411,-3790.93,46.8391,1.72,52.4,77.5
9412,-3785.69,19.7616,1.75,53.1,77.5
9413,-3785.69,13.7976,1.73,53.0,77.5
9414,-3769.82,22.1578,1.78,53.6,77.6
9415,-3767.17,20.4396,1.76,52.7,77.4
9416,-3767.98,10.7234,1.74,53.0,77.5
9417,-3762.88,12.9143,1.74,53.1,77.5
9418,-3767.17,3.3475,1.74,53.0,77.5
9419,-3767.98,2.0466,1.77,51.4,77.6
9420,-3772.41,3.008,1.75,53.4,77.6
9421,-3767.98,3.3395,1.79,49.1,77.7
9422,-3767.98,2.2235,1.76,53.6,77.7
9423,-3767.98,1.1429,1.83,50.7,77.7
9424,-3759.41,5.2802,1.8,49.5,77.6
9425,-3765.71,3.0847,1.84,51.2,77.7
9426,-3759.41,3.3434,1.76,45.9,77.7
9427,-3777.65,19.8462,1.79,53.0,77.6
9428,-3780.86,12.6446,1.76,43.9,77.7
9429,-3759.41,21.5429,1.79,53.0,77.6
9430,-3762.88,16.9396,1.79,42.0,77.7
9431,-3765.71,14.6906,1.8,52.9,77.7
9432,-3767.17,8.8586,1.8,46.4,77.5
9433,-3765.71,5.4934,1.82,50.7,77.6
9434,-3765.71,2.3677,1.8,46.4,77.7
9435,-3769.27,3.4174,1.81,50.1,77.6
9436,-3759.41,11.5527,1.79,50.9,77.6
9437,-3767.98,0.9591,1.76,49.5,77.7
9438,-3762.88,2.9163,1.76,52.7,77.7
9439,-3874.67,1220.8865,1.76,47.3,77.7
9440,-3879.91,1230.1031,1.8,53.2,77.7
9441,-3876.08,940.8662,1.77,46.9,77.6
9442,-3759.41,216.3508,1.79,53.5,77.7
9443,-3879.91,768.4553,1.72,48.6,77.7
9444,-3881.04,707.5472,1.76,53.2,77.6
9445,-3765.71,585.752,1.75,48.1,77.7
9446,-3765.71,594.5163,1.74,52.5,77.8
9447,-3756.47,528.4921,1.73,51.5,77.7
9448,-3876.08,569.502,1.77,48.0,77.8
9449,-3759.41,271.3062,1.77,53.1,77.8
9450,-3876.08,622.1523,1.77,49.2,77.9
9451,-3759.41,199.8063,1.8,53.0,77.9
9452,-3762.88,117.8526,1.77,47.9,77.8
9453,-3762.88,51.6062,1.78,53.3,77.9
9454,-3762.88,34.0661,1.75,50.5,77.9
9455,-3879.91,1371.6442,1.77,53.4,77.9
9456,-3759.41,22.4776,1.74,52.3,77.8
9457,-3756.47,22.0206,1.76,49.6,77.9
9458,-3876.08,1255.8376,1.76,52.9,78.0
9459,-3876.08,1194.8952,1.73,52.7,78.0
9460,-3879.91,1090.5197,1.79,53.2,77.9
9461,-3880.36,950.8492,1.72,52.5,78.0
9462,-3874.67,647.5356,1.77,53.3,78.0
9463,-3877.87,603.5498,1.73,50.7,78.1
9464,-3876.08,487.5808,1.77,53.2,78.0
9465,-3756.47,993.4327,1.73,52.2,78.1
9466,-3874.67,283.6086,1.75,53.2,78.2
9467,-3759.41,711.6614,1.76,52.8,78.2
9468,-3876.08,236.7341,1.76,53.0,78.1
9469,-3756.47,672.9506,1.78,52.7,78.1
9470,-3879.91,265.7933,1.74,53.2,78.1
9471,-3877.87,199.5151,1.77,53.8,78.2
9472,-3874.67,104.6027,1.76,52.3,78.1
9473,-3756.47,1341.3639,1.75,53.2,78.2
9474,-4013.02,2183.6987,1.77,53.2,78.2
9475,-3879.91,100.6857,1.75,50.4,78.3
9476,-3877.87,74.188,1.74,52.3,78.2
9477,-4023.26,2265.9734,1.72,51.1,78.3
9478,-3881.04,27.0192,1.8,53.7,78.3
9479,-4176.41,8512.2175,1.77,51.7,78.4
9480,-4223.29,10496.5894,1.79,53.6,78.4
9481,-4231.79,9299.9688,1.71,50.3,78.3
9482,-4304.68,12369.4336,1.76,53.2,78.3
9483,-4257.72,8377.2203,1.75,53.1,78.4
9484,-4240.03,5702.86,1.77,51.3,78.5
9485,-4278.5,5979.537,1.79,52.5,78.4
9486,-4262.17,4171.8846,1.75,51.7,78.4
9487,-4205.59,2214.1696,1.8,52.7,78.4
9488,-4248.22,2230.6481,1.75,52.0,78.5
9489,-4255.47,1642.3261,1.77,53.3,78.5
9490,-4244.33,987.0529,1.77,52.1,78.6
9491,-4202.02,436.2554,1.77,53.5,78.6
9492,-4224.9,415.353,1.75,54.0,78.8
9493,-4261.73,631.2981,1.82,58.1,78.7
9494,-4244.2,434.8599,1.73,54.3,78.8
9495,-4227.93,242.6202,1.76,52.6,78.8
9496,-4198.0,106.2156,1.76,52.8,78.9
9497,-4227.77,163.6161,1.76,51.7,78.8
9498,-4202.02,163.0716,1.78,52.1,79.2
9499,-4231.79,81.7355,1.73,50.4,79.2
9500,-4205.59,54.3548,1.77,52.8,79.2
9501,-4209.43,29.4393,1.76,52.5,79.1
9502,-4251.79,118.3392,1.76,51.5,78.9
9503,-4193.58,282.7456,1.79,52.3,79.0
9504,-4255.47,86.7833,1.75,49.4,78.8
9505,-4259.04,53.4003,1.78,53.1,78.8
9506,-4251.79,23.761,1.72,50.7,78.8
9507,-4209.43,133.1229,1.8,52.9,78.8
9508,-4198.0,148.1974,1.76,50.6,78.8
9509,-4227.77,98.2943,1.78,52.8,78.8
9510,-4214.18,36.2952,1.75,52.8,78.7
9511,-4160.35,338.0576,1.78,52.0,78.7
9512,-4048.98,2427.1521,1.76,53.2,78.8
9513,-4048.98,1774.9465,1.73,51.0,78.8
9514,-4204.94,499.5296,1.78,53.1,78.8
9515,-4270.49,1563.155,1.73,49.1,78.8
9516,-4035.37,1347.7244,1.79,53.7,78.8
9517,-4037.54,1033.9545,1.7,48.8,78.9
9518,-4180.89,501.9425,1.73,52.6,78.8
9519,-4155.37,240.6476,1.75,53.4,78.9
9520,-4155.37,127.6539,1.74,49.3,79.0
9521,-4180.89,126.6423,1.75,53.3,78.9
9522,-4041.39,1755.8712,1.76,48.1,78.8
9523,-4041.39,1772.1366,1.79,52.8,78.8
9524,-4045.41,1470.6562,1.75,49.1,78.9
9525,-4164.36,92.7378,1.76,52.9,78.9
9526,-4174.31,127.973,1.76,49.0,78.9
9527,-4184.91,76.2673,1.78,53.2,78.8
9528,-4180.89,29.4914,1.74,50.6,79.0
9529,-4045.41,1899.5697,1.76,51.6,79.0
9530,-4184.91,10.9348,1.78,52.7,79.0
9531,-4197.55,58.3285,1.73,49.9,79.0
9532,-4202.02,33.044,1.76,52.8,79.0
9533,-4160.35,119.4836,1.74,49.9,78.9
9534,-4164.36,73.1884,1.81,52.8,79.0
9535,-4045.41,1686.9829,1.74,49.7,79.0
9536,-4234.63,589.302,1.74,53.2,79.1
9537,-4164.36,119.9308,1.72,51.4,79.1
9538,-4155.37,46.5956,1.74,53.6,79.1
9539,-4205.41,140.1453,1.72,53.0,79.1
9540,-4027.74,2442.0138,1.73,50.2,79.1
9541,-4048.86,1809.8547,1.76,53.1,79.2
9542,-4041.39,1640.5567,1.76,47.4,79.2
9543,-4193.58,110.3777,1.79,52.4,79.1
9544,-4027.74,1510.2596,1.73,49.9,79.2
9545,-4041.55,1020.844,1.8,53.2,79.1
9546,-4031.76,879.5329,1.74,49.2,79.2
9547,-4048.86,352.5348,1.75,53.6,79.2
9548,-4013.02,424.4554,1.73,52.7,79.2
9549,-4048.86,164.6243,1.76,50.7,79.3
9550,-4026.88,119.8939,1.76,53.1,79.3
9551,-3880.36,2083.4607,1.74,51.2,79.2
9552,-3879.91,1468.3703,1.77,53.4,79.2
9553,-3767.98,3389.0674,1.74,48.7,79.3
9554,-3775.05,2297.938,1.75,53.2,79.3
9555,-3867.11,871.9142,1.73,49.9,79.3
9556,-4651.47,67530.1504,1.78,52.2,79.3
9557,-3868.18,562.973,1.77,52.3,79.4
9558,-3790.93,975.6759,1.79,50.7,79.5
9559,-3790.93,797.4731,1.78,52.3,79.3
9560,-3796.34,420.2444,1.75,49.9,79.4
9561,-3823.7,193.7245,1.79,53.3,79.5
9562,-4151.6,12890.3008,1.76,49.8,79.5
9563,-3849.92,216.7149,1.81,53.2,79.6
9564,-3801.91,224.1391,1.78,48.2,79.5
9565,-3796.34,244.5684,1.78,52.7,79.5
9566,-3796.34,123.091,1.75,48.1,79.5
9567,-3810.71,97.4127,1.79,53.1,79.6
9568,-3788.74,89.696,1.76,52.2,79.5
9569,-3810.71,38.9266,1.79,50.2,79.6
9570,-3796.34,63.6361,1.75,53.0,79.6
9571,-3790.93,36.8942,1.79,49.6,79.6
9572,-3798.26,37.5834,1.78,53.8,79.6
9573,-3801.91,17.8975,1.75,48.2,79.6
9574,-3790.93,23.3693,1.77,53.3,79.6
9575,-3790.93,12.2886,1.76,46.0,79.7
9576,-3796.34,7.8749,1.75,53.6,79.6
9577,-3775.05,43.3973,1.76,48.1,79.7
9578,-3796.34,5.2366,1.79,53.0,79.7
9579,-3796.34,3.2689,1.76,50.3,79.8
9580,-3790.93,7.3576,1.79,52.7,79.7
9581,-3790.93,2.8527,1.74,52.9,79.7
9582,-3775.05,33.9768,1.74,50.5,79.7
9583,-3781.0,21.7165,1.78,52.1,79.8
9584,-3782.38,16.769,1.76,48.2,79.9
9585,-3786.04,8.7141,1.8,53.3,79.9
9586,-3796.34,15.7905,1.77,47.7,80.0
9587,-3775.05,39.4509,1.79,53.6,80.0
9588,-3785.69,11.4979,1.77,47.8,79.9
9589,-3775.05,12.6437,1.82,53.1,80.0
9590,-3785.69,12.5473,1.75,51.2,80.0
9591,-3790.93,12.2958,1.77,51.9,80.1
9592,-3769.82,57.0181,1.76,53.0,80.0
9593,-3775.05,19.1044,1.75,49.1,80.0
9594,-3775.05,10.3177,1.77,53.2,80.1
9595,-3790.93,50.7264,1.75,48.1,80.1
9596,-3785.69,13.705,1.8,52.6,80.2
9597,-3769.82,42.9142,1.77,47.8,80.2
9598,-3775.59,16.0534,1.79,53.0,80.2
9599,-3769.27,8.6787,1.73,49.2,80.2
9600,-3775.05,15.728,1.79,53.1,80.3
9601,-3775.59,5.1337,1.75,51.2,80.3
9602,-3775.59,6.1686,1.77,48.9,80.3
9603,-3769.82,3.5743,1.74,52.9,80.2
9604,-3773.0,27.783,1.77,48.5,80.3
9605,-3775.59,3.0983,1.8,53.1,80.3
9606,-3775.59,1.9491,1.73,49.3,80.4
9607,-3791.45,18.9157,1.76,53.2,80.4
9608,-3774.5,1.0121,1.78,47.4,80.5
9609,-3767.17,2.6974,1.78,53.1,80.4
9610,-3767.17,1.3241,1.77,51.5,80.3
9611,-3775.59,7.6361,1.78,53.1,80.4
9612,-3769.27,8.841,1.74,52.6,80.4
9613,-3767.17,5.8403,1.75,50.7,80.4
9614,-3774.5,9.4488,1.78,53.7,80.4
9615,-3770.35,1.7716,1.75,52.1,80.5
9616,-3767.98,2.8942,1.78,53.0,80.5
9617,-3764.64,10.6917,1.77,50.0,80.5
9618,-3767.17,7.3281,1.78,53.2,80.6
9619,-3767.17,5.0477,1.76,50.2,80.6
9620,-3770.35,2.4023,1.77,52.8,80.6
9621,-3767.98,4.1925,1.75,52.7,80.6
9622,-3765.71,5.2015,1.78,49.6,80.6
9623,-3767.98,1.2461,1.78,52.9,80.7
9624,-3767.17,1.2663,1.76,49.6,80.7
9625,-3767.17,0.4348,1.79,52.2,80.7
9626,-3767.98,0.4644,1.69,50.6,80.8
9627,-3767.17,0.2638,1.75,54.0,80.7
9628,-3767.98,0.3748,1.77,48.8,80.7
9629,-3769.27,0.5699,1.8,53.8,80.8
9630,-3768.11,4.7102,1.75,49.6,80.7
9631,-3759.41,7.6858,1.77,49.2,80.8
9632,-3769.27,15.198,1.74,52.2,80.8
9633,-3765.71,4.8151,1.77,49.7,80.8
9634,-3759.41,5.8008,1.8,53.4,80.8
9635,-3876.08,1456.9855,1.72,47.5,80.9
9636,-3876.08,1310.4635,1.77,52.8,80.9
9637,-3874.67,949.0798,1.73,49.3,80.9
9638,-3876.08,661.5345,1.78,53.2,80.8
9639,-4154.7,11433.1023,1.79,50.7,80.9
9640,-4185.09,11620.9397,1.79,51.7,81.0
9641,-4193.53,10518.168,1.79,52.2,81.0
9642,-4246.98,11988.9536,1.75,49.5,80.9
9643,-4232.26,9032.0913,1.77,52.8,81.0
9644,-4253.24,8135.6477,1.74,50.5,81.0
9645,-4176.41,3881.0463,1.79,51.8,81.0
9646,-4260.07,5122.6442,1.71,49.8,81.0
9647,-4232.26,3487.5081,1.74,52.9,81.0
9648,-4437.69,9151.2883,1.84,48.0,80.2
9649,-4362.17,4607.7411,1.77,42.6,80.1
9650,-4388.55,5011.0597,1.83,52.2,80.2
9651,-4428.88,5599.063,1.79,41.3,80.2
9652,-4401.37,3924.8348,1.79,52.4,80.3
9653,-4435.08,3967.7965,1.76,42.9,80.3
9654,-4438.21,3323.0306,1.79,52.9,80.2
9655,-4443.99,2711.1437,1.78,45.5,80.2
9656,-4443.53,2335.632,1.79,52.2,80.2
9657,-4561.51,6343.5114,1.77,46.3,80.2
9658,-4460.08,1655.6904,1.81,50.7,80.2
9659,-4368.85,780.8551,1.77,49.5,80.3
9660,-4406.53,774.309,1.79,51.0,80.3
9661,-4447.24,1164.9607,1.78,49.8,80.3
9662,-4442.79,872.0091,1.78,48.2,80.3
9663,-4562.95,3843.2162,1.78,53.0,80.4
9664,-4453.26,1241.4563,1.74,47.5,80.4
9665,-4424.6,455.2254,1.78,52.7,80.3
9666,-4404.4,277.868,1.75,49.5,80.3
9667,-4380.3,211.9848,1.8,53.0,80.4
9668,-4448.99,528.9027,1.77,47.9,80.5
9669,-4385.25,137.4363,1.77,52.7,80.4
9670,-4392.04,86.2214,1.75,51.7,80.5
9671,-4445.27,479.0977,1.78,51.2,80.5
9672,-4417.57,160.0977,1.77,53.1,80.5
9673,-4450.92,209.9559,1.76,47.8,80.4
9674,-4393.97,142.1088,1.76,52.6,80.4
9675,-4442.32,82.9343,1.73,49.4,80.5
9676,-4448.06,67.355,1.76,53.2,80.5
9677,-4422.93,55.3434,1.71,49.7,80.4
9678,-4376.85,386.0306,1.8,53.6,80.5
9679,-4365.43,301.096,1.76,49.2,80.5
9680,-4361.96,283.3039,1.77,51.8,80.6
9681,-4446.93,400.9469,1.75,52.0,80.5
9682,-4408.2,83.5319,1.78,49.1,80.6
9683,-4442.97,198.4482,1.77,52.6,80.6
9684,-4392.97,73.1317,1.76,47.2,80.6
9685,-4392.04,65.7189,1.76,52.8,80.6
9686,-4460.08,252.3731,1.73,48.4,80.6
9687,-4416.87,143.7474,1.8,52.9,80.6
9688,-4416.87,81.0645,1.78,47.0,80.7
9689,-4418.85,81.8559,1.8,52.6,80.7
9690,-4394.39,64.0496,1.76,47.0,80.7
9691,-4399.68,275.9141,1.77,51.4,80.7
9692,-4453.44,368.4942,1.75,50.1,80.8
9693,-4422.17,72.3282,1.79,51.3,80.8
9694,-4392.64,376.0013,1.77,52.3,80.8
9695,-4415.91,71.4656,1.79,47.9,80.7
9696,-4395.67,30.6654,1.78,52.2,80.7
9697,-4379.41,36.9356,1.77,47.3,80.8
9698,-4384.58,305.9791,1.77,53.1,80.7
9699,-4432.83,316.2338,1.73,46.9,80.8
9700,-4327.92,451.2665,1.78,53.5,80.9
9701,-4365.43,140.4405,1.77,47.2,80.9
9702,-4343.97,99.979,1.81,53.4,80.8
9703,-4441.7,863.451,1.76,48.9,80.8
9704,-4376.0,70.6529,1.79,52.8,80.9
9705,-4339.83,118.7893,1.76,49.9,80.9
9706,-4314.49,190.2264,1.79,51.0,80.9
9707,-4391.05,586.9789,1.73,52.6,80.8
9708,-4386.27,526.8962,1.75,48.6,80.9
9709,-4353.36,14.84,1.78,52.6,80.9
9710,-4357.38,20.8474,1.75,47.4,80.9
9711,-4275.21,509.9465,1.79,53.8,81.1
9712,-4362.17,168.1669,1.76,47.9,81.1
9713,-4318.51,62.6359,1.78,53.0,81.1
9714,-4235.57,866.2296,1.74,42.5,80.0
9715,-4362.17,190.8829,1.76,53.4,80.1
9716,-4358.15,173.2706,1.74,52.2,80.1
9717,-4270.92,434.3749,1.74,52.5,80.2
9718,-4354.71,81.0137,1.76,52.6,80.2
9719,-4360.95,32.1075,1.73,52.7,80.1
9720,-4307.04,238.7617,1.79,53.8,80.2
9721,-4362.17,42.852,1.74,51.6,80.2
9722,-4313.21,190.3715,1.76,53.5,80.3
9723,-4441.7,915.4245,1.74,53.2,80.2
9724,-4422.11,393.5942,1.77,53.4,80.2
9725,-4389.84,174.9045,1.76,53.1,80.2
9726,-4343.97,270.3868,1.74,53.6,80.2
9727,-4343.97,155.6077,1.81,52.8,80.2
9728,-4356.6,116.6912,1.77,52.9,80.2
9729,-4360.95,71.1478,1.78,52.9,80.2
9730,-4354.71,30.2855,1.76,53.1,80.3
9731,-4335.81,84.9137,1.78,53.1,80.2
9732,-4235.57,1168.0854,1.78,52.9,80.2
9733,-4365.74,164.2281,1.78,52.6,80.3
9734,-4340.4,40.2158,1.77,52.6,80.3
9735,-4315.71,40.3112,1.78,52.8,80.2
9736,-4422.11,814.4774,1.8,49.5,80.1
9737,-4251.45,716.9427,1.8,53.0,80.2
9738,-4336.39,11.6461,1.8,47.7,80.2
9739,-4284.31,153.1734,1.82,52.6,80.2
9740,-4314.49,31.6201,1.83,42.9,80.2
9741,-4284.31,75.1929,1.81,52.9,80.2
9742,-4353.36,218.8298,1.8,43.4,80.1
9743,-4422.11,1156.5062,1.82,52.6,80.1
9744,-4250.24,569.0132,1.79,45.8,80.2
9745,-4310.02,76.7331,1.83,49.8,80.2
9746,-4376.0,343.146,1.79,48.3,80.1
9747,-4354.71,119.013,1.79,51.3,80.1
9748,-4348.88,40.2969,1.82,48.8,80.1
9749,-4354.71,16.0626,1.8,49.0,80.1
9750,-4335.81,65.7422,1.81,49.8,80.2
9751,-4335.81,73.1881,1.76,49.0,80.1
9752,-4353.36,22.7109,1.77,52.7,80.2
9753,-4382.25,230.9436,1.75,47.3,80.2
9754,-4299.45,555.9533,1.81,52.1,80.2
9755,-4422.11,361.6242,1.74,46.6,80.1
9756,-4263.33,1192.4646,1.79,52.6,80.2
9757,-4358.15,16.3923,1.72,47.0,80.2
9758,-4354.71,14.7131,1.77,53.0,80.3
9759,-4362.17,6.9385,1.72,49.2,80.1
9760,-4357.38,45.6672,1.81,51.0,80.2
9761,-4339.83,68.5052,1.76,51.3,80.3
9762,-4335.81,41.1855,1.74,50.6,80.3
9763,-4336.39,19.1395,1.76,52.7,80.3
9764,-4284.31,284.9795,1.7,49.5,80.2
9765,-4299.45,95.8555,1.78,52.9,80.3
9766,-4354.71,160.9826,1.74,47.7,80.3
9767,-4269.7,137.5796,1.78,53.2,80.3
9768,-4348.88,250.2815,1.73,48.0,80.3
9769,-4296.19,10.785,1.79,53.3,80.3
9770,-4348.88,153.3969,1.76,52.0,80.3
9771,-4279.83,140.363,1.79,52.7,80.4
9772,-4348.88,90.2737,1.75,53.3,80.4
9773,-4331.33,12.8345,1.73,49.6,80.4
9774,-4310.02,35.1161,1.75,52.8,80.4
9775,-4271.95,201.7994,1.71,50.7,80.4
9776,-4299.45,64.067,1.76,53.0,80.3
9777,-4266.44,121.2859,1.76,48.9,80.3
9778,-4281.04,23.8027,1.78,52.9,80.4
9779,-4353.68,435.12,1.77,52.1,80.4
9780,-4348.88,256.9054,1.78,53.2,80.4
9781,-4279.83,216.9026,1.78,53.0,80.4
9782,-4252.02,393.4206,1.74,52.6,80.4
9783,-4263.33,164.2537,1.77,53.2,80.4
9784,-4265.22,67.929,1.76,51.8,80.4
9785,-4331.91,474.712,1.78,53.0,80.5
9786,-4372.74,889.5877,1.74,52.7,80.5
9787,-4270.74,19.3545,1.79,53.7,80.6
9788,-4294.97,22.3271,1.76,52.5,80.5
9789,-4310.02,33.2797,1.77,53.2,80.5
9790,-4245.76,306.4093,1.75,52.7,80.5
9791,-4265.22,132.2836,1.77,53.7,80.6
9792,-4271.95,75.3939,1.76,52.8,80.6
9793,-4353.68,501.5276,1.75,52.6,80.6
9794,-4351.45,290.5053,1.77,52.6,80.6
9795,-4183.92,1457.3451,1.74,53.5,80.6
9796,-4239.73,458.3385,1.77,53.0,80.6
9797,-4265.22,79.2547,1.76,52.5,80.6
9798,-4311.23,133.6179,1.77,53.3,80.7
9799,-4331.33,271.1691,1.87,52.9,81.3
9800,-4231.09,232.4523,1.77,53.5,81.3
9801,-4266.44,18.2939,1.74,52.0,81.2
9802,-4238.51,79.675,1.76,53.9,81.2
9803,-4183.92,419.3109,1.74,52.2,81.2
9804,-4279.83,352.6656,1.74,53.2,81.3
9805,-4219.43,68.7061,1.76,53.2,81.2
9806,-4279.83,263.2762,1.73,53.2,81.2
9807,-4238.51,45.1654,1.78,53.1,81.3
9808,-4193.53,275.6289,1.73,52.2,81.4
9809,-4260.07,70.0361,1.76,52.8,81.3
9810,-4246.98,8.801,1.72,52.5,81.4
9811,-4260.07,12.3311,1.75,53.1,81.4
9812,-4231.09,98.7875,1.73,52.2,81.4
9813,-4296.19,84.0557,1.73,53.4,81.3
9814,-4246.98,66.3096,1.76,52.9,81.4
9815,-4265.22,4.4086,1.73,52.4,81.4
9816,-4219.43,235.6889,1.76,53.3,81.5
9817,-4219.43,148.1439,1.7,52.3,81.3
9818,-4246.98,37.3273,1.77,53.3,81.4
9819,-4260.07,69.5379,1.73,52.8,81.4
9820,-4332.55,583.4764,1.75,53.2,81.5
9821,-4266.44,73.714,1.74,52.7,81.5
9822,-4281.04,75.2938,5.35,50.0,81.2
9823,-4281.04,29.1588,1.79,52.2,81.2
9824,-4246.98,72.8181,1.74,53.2,81.2
9825,-4232.26,156.3688,1.77,50.7,81.1
9826,-4223.29,159.9046,1.77,52.8,81.2
9827,-4260.07,92.2824,1.74,51.2,81.1
9828,-4239.73,21.611,1.79,52.9,81.1
9829,-4350.1,800.4188,1.76,51.2,81.0
9830,-4209.71,251.292,1.79,53.0,81.1
9831,-4246.98,36.3385,1.74,50.9,81.1
9832,-4165.82,435.0769,1.77,52.5,81.1
9833,-4222.12,45.133,1.75,53.0,81.1
9834,-4260.07,268.0887,1.78,49.8,81.1
9835,-4219.43,13.8576,1.77,52.7,81.2
9836,-4271.95,194.9715,1.73,50.8,81.2
9837,-4192.36,290.147,1.74,53.6,81.1
9838,-4311.23,443.2108,1.78,52.2,81.1
9839,-4271.95,114.64,1.76,48.7,80.9
9840,-4209.71,213.7105,1.79,53.0,80.9
9841,-4260.07,24.1356,1.73,51.1,80.9
9842,-4223.29,74.1971,1.77,52.9,81.0
9843,-4176.41,439.8217,1.74,51.2,81.1
9844,-4200.93,132.5252,1.79,52.0,81.1
9845,-4165.82,242.7368,1.76,51.4,81.0
9846,-4200.93,84.1549,1.74,49.8,81.0
9847,-4239.73,237.8231,1.74,52.9,81.0
9848,-4200.93,27.5523,1.76,50.0,81.1
9849,-4232.26,76.6194,1.8,53.2,81.1
9850,-4239.73,72.206,1.77,50.8,81.0
9851,-4185.09,218.2965,1.79,52.4,81.1
9852,-4271.95,194.2393,1.75,49.9,81.1
9853,-4200.93,139.5743,1.78,53.4,81.2
9854,-4219.43,40.8828,1.75,51.8,81.1
9855,-4246.98,66.8239,1.78,50.9,81.1
9856,-4239.73,17.9746,1.77,52.6,81.1
9857,-4253.24,33.607,1.78,51.4,81.1
9858,-4219.43,105.9081,1.76,51.9,81.1
9859,-4150.9,808.1554,1.76,49.6,81.2
9860,-4185.09,198.0402,1.8,53.2,81.2
9861,-4185.09,155.2168,1.78,49.3,81.3
9862,-4193.53,79.2173,1.79,53.6,81.1
9863,-4185.09,51.08,1.77,51.7,81.2
9864,-4200.93,14.2152,1.79,53.7,81.2
9865,-4036.92,2366.337,1.76,52.3,81.3
9866,-4200.93,29.3853,1.77,53.3,81.3
9867,-4176.41,18.4847,1.77,53.0,81.3
9868,-4044.39,1642.3357,1.77,52.7,81.3
9869,-4155.87,15.6932,1.76,53.0,81.4
9870,-4036.92,1239.0814,1.72,49.6,81.4
9871,-4193.53,306.8129,1.75,52.8,81.4
9872,-4176.41,133.2026,1.78,49.9,81.4
9873,-4033.06,1352.4214,1.78,53.0,81.4
9874,-4033.06,1255.4109,1.73,50.6,81.3
9875,-4193.53,335.7264,1.79,52.3,81.4
9876,-4165.82,91.7886,1.73,49.4,81.5
9877,-4026.88,1428.5306,1.8,50.9,81.5
9878,-4033.06,1239.2414,1.76,53.3,81.4
9879,-4176.41,163.4252,1.72,50.7,81.4
9880,-4013.02,1415.1999,1.75,53.1,81.5
9881,-4044.39,571.6366,1.79,48.0,81.6
9882,-4018.39,676.4715,1.8,53.1,81.6
9883,-4200.93,1882.1254,1.76,48.8,81.6
9884,-4013.02,293.7153,1.79,53.5,81.6
9885,-3879.91,2366.4639,1.73,50.6,81.6
9886,-3765.71,5101.4609,1.75,53.4,81.7
9887,-3775.59,2964.2513,1.75,49.5,81.7
9888,-3785.49,1097.6976,1.77,49.0,81.7
9889,-4263.2,24570.5015,1.75,52.6,81.7
9890,-3919.36,2483.2772,1.77,49.4,81.8
9891,-3814.84,641.9303,1.77,53.0,81.8
9892,-3953.46,1572.8589,1.74,48.5,81.7
9893,-3780.46,1448.054,1.78,52.7,81.8
9894,-3780.46,1436.0539,1.73,47.1,81.8
9895,-3788.54,811.7515,1.78,52.6,81.8
9896,-3780.46,590.0946,1.71,49.2,81.9
9897,-3786.04,262.4021,1.73,52.5,81.9
9898,-3808.36,371.2176,1.75,51.2,81.9
9899,-3821.29,450.7575,1.78,49.3,81.9
9900,-3847.55,419.7466,1.76,52.8,81.9
9901,-3872.66,365.2916,1.77,49.0,81.9
9902,-3999.71,1555.8469,1.8,53.1,82.0
9903,-3835.17,711.5009,1.74,49.9,81.9
9904,-3823.7,1032.9231,1.78,52.7,81.9
9905,-3857.14,440.9648,1.72,48.6,82.0
9906,-3794.84,683.3009,1.76,53.3,82.0
9907,-3804.41,293.5599,1.72,50.3,82.0
9908,-3798.26,160.9577,1.75,52.5,82.1
9909,-3796.34,92.7926,1.74,53.3,82.1
9910,-3780.46,62.226,1.76,48.3,82.1
9911,-3796.34,29.4419,1.76,52.5,82.0
9912,-3798.26,20.432,1.73,50.2,82.1
9913,-3796.34,24.3891,1.8,53.1,82.1
9914,-3798.26,10.969,1.73,50.1,82.2
9915,-3798.26,7.0204,1.79,52.8,82.3
9916,-3798.26,3.8065,1.77,49.7,82.2
9917,-3780.46,48.9393,1.77,53.4,82.3
9918,-3796.34,9.5214,1.74,53.1,82.4
9919,-3801.91,8.3245,1.76,51.6,82.3
9920,-3786.04,51.3062,1.78,53.7,82.2
9921,-3801.91,2.362,1.75,47.5,82.4
9922,-3786.04,19.0405,1.77,53.3,82.4
9923,-3801.91,20.7984,1.75,50.9,82.6
9924,-3786.04,6.2469,1.76,53.2,82.6
9925,-3801.91,26.0414,1.73,50.6,82.6
9926,-3798.26,17.6603,1.77,52.5,82.6
9927,-3790.93,25.1305,1.74,52.3,82.6
9928,-3775.05,42.6106,1.76,51.6,82.6
9929,-3775.05,15.5835,1.78,53.5,82.7
9930,-3796.34,67.1778,1.76,50.7,82.7
9931,-3804.41,68.822,1.79,52.3,82.8
9932,-3804.41,28.1927,1.77,50.8,82.7
9933,-3788.54,50.4137,1.78,53.3,82.7
9934,-3780.46,52.44,1.74,52.1,82.7
9935,-3780.46,21.4953,1.76,53.5,82.7
9936,-3796.34,68.5066,1.75,52.4,82.8
9937,-3788.54,13.743,1.75,52.4,82.9
9938,-3782.38,17.3656,1.75,53.0,82.8
9939,-3801.91,8.1084,1.74,51.5,82.9
9940,-3796.34,5.6282,1.78,52.6,82.9
9941,-3775.05,32.6422,1.73,51.8,82.9
9942,-3775.05,17.3109,1.77,52.8,83.0
9943,-3782.92,20.1088,1.72,50.8,83.1
9944,-3780.46,10.4215,1.76,53.4,83.1
9945,-3786.04,4.0714,1.76,52.9,83.0
9946,-3780.46,3.7661,1.75,51.9,83.1
9947,-3786.04,2.0783,1.76,52.8,83.1
9948,-3794.84,5.7208,1.73,51.0,83.2
9949,-3786.04,13.2102,1.79,52.7,83.1
9950,-3786.04,4.9681,1.74,52.9,83.1
9951,-3786.58,3.6378,1.77,53.4,83.2
9952,-3782.92,2.7163,1.75,52.2,83.2
9953,-3796.34,14.0528,1.76,53.7,83.2
9954,-3775.05,30.488,1.72,53.3,83.3
9955,-3780.46,15.9732,1.78,50.5,83.1
9956,-3780.46,5.2821,1.77,53.1,83.2
9957,-3780.46,3.3498,1.71,49.8,83.2
9958,-3796.34,22.2584,1.77,52.9,83.2
9959,-3780.46,16.9372,1.73,48.5,83.3
9960,-3775.59,15.5133,1.77,52.8,83.3
9961,-3775.59,6.3433,1.75,49.7,83.3
9962,-3781.0,5.5435,1.79,53.0,83.3
9963,-3780.46,2.3047,1.77,50.4,83.4
9964,-3782.38,3.296,1.8,50.4,83.4
9965,-3780.46,1.3387,1.79,53.5,83.4
9966,-3796.34,30.5424,1.75,47.5,83.3
9967,-3782.92,2.0346,1.78,53.3,83.2
9968,-3782.38,0.4818,1.75,48.1,83.3
9969,-3798.26,18.9569,1.78,53.1,83.3
9970,-3796.34,11.7439,1.77,47.7,83.3
9971,-3796.34,5.239,1.78,50.8,78.8
9972,-3780.46,16.9224,1.72,46.5,75.1
9973,-3782.38,8.3302,1.79,50.1,75.1
9974,-3786.04,5.7382,1.73,42.1,75.5
9975,-3794.84,3.0536,1.75,51.5,75.8
9976,-3782.38,15.8229,1.75,45.4,74.4
9977,-3781.0,8.8458,1.69,51.8,72.4
9978,-3786.04,12.9399,1.71,45.1,72.0
9979,-3786.04,4.9345,1.72,48.9,71.8
9980,-3780.46,9.9972,1.72,46.7,71.2
9981,-3780.46,2.8767,1.7,46.8,70.8
9982,-3786.04,8.9199,1.74,47.1,70.3
9983,-3786.04,3.3148,1.74,45.8,69.9
9984,-3782.92,4.2268,1.72,49.3,69.9
9985,-3780.46,1.3449,1.7,42.8,69.9
9986,-3796.34,18.623,1.7,51.6,69.9
9987,-3775.05,37.2709,1.7,42.5,70.0
9988,-3781.0,29.4802,1.71,50.0,69.9
9989,-3781.0,9.8703,1.72,42.9,69.9
9990,-3775.05,4.9496,1.72,49.5,69.9
9991,-3775.59,3.9802,1.73,44.8,69.9
9992,-3772.41,3.282,1.69,45.5,69.9
9993,-3781.0,7.7538,1.74,45.9,70.0
9994,-3775.59,3.8075,1.68,45.7,69.9
9995,-3775.59,1.5568,1.7,51.5,70.0
9996,-3773.21,1.674,1.7,40.1,70.0
9997,-3774.5,0.5786,1.73,51.8,70.1
9998,-3772.41,1.1179,1.71,42.2,70.0
9999,-3772.41,0.4085,1.71,47.7,70.0
10000,-3774.5,1.5696,1.75,44.0,70.0
