Episode,Reward,Critic_Loss,Time_Sec,CPU_Percent,RAM_Percent
1,-1619.55,69870.7734,2.2,68.5,38.9
2,-1707.55,75267.7734,2.24,83.1,39.0
3,-1749.82,90712.0508,2.14,90.9,39.2
4,-1630.6,75746.1152,2.2,85.0,39.2
5,-1774.09,90537.4707,2.22,81.3,39.3
6,-1844.81,97384.8105,2.29,82.8,39.3
7,-1771.21,92890.1582,2.25,85.3,39.4
8,-1553.87,62437.1592,2.23,84.2,39.5
9,-1758.63,81609.7773,2.23,82.9,39.6
10,-1793.5,87121.7812,2.16,90.3,39.6
11,-1746.33,83242.9609,2.21,84.7,39.6
12,-1619.14,74147.3379,2.13,79.1,39.7
13,-1719.57,85975.0293,2.2,80.9,39.7
14,-1774.88,87506.9473,2.32,83.7,40.0
15,-1921.0,100587.3926,2.38,85.3,40.0
16,-1801.59,96120.125,2.09,88.8,40.1
17,-2004.78,116586.4043,2.21,83.6,40.2
18,-1561.91,70287.5,2.22,80.6,40.2
19,-1693.34,83839.4746,2.15,83.4,40.2
20,-1747.72,89817.9609,2.2,84.1,40.3
21,-1958.55,104263.832,2.34,84.5,40.3
22,-1831.94,100321.5098,2.1,89.0,40.3
23,-1654.63,73715.4102,2.28,86.7,40.3
24,-1872.32,93529.9141,2.3,80.0,40.3
25,-1418.81,55788.1289,2.21,83.1,40.3
26,-1568.79,68330.0449,2.21,83.1,40.3
27,-1682.03,87192.082,2.22,84.0,40.4
28,-1668.54,74989.3203,2.17,82.5,40.4
29,-1659.59,69525.8359,2.21,90.6,40.4
30,-1921.8,102825.9766,2.2,84.1,40.4
31,-1742.69,82221.5488,2.26,82.1,40.4
32,-1739.25,81460.7227,2.28,86.6,40.4
33,-1645.04,70253.1523,2.2,82.3,40.4
34,-1742.8,88905.0586,2.21,83.1,40.4
35,-1953.02,89632.9609,2.23,85.0,40.4
36,-1773.6,91146.1426,2.18,90.0,40.4
37,-1721.43,76975.6992,2.15,80.5,40.4
38,-1922.64,101698.7559,2.24,82.7,40.5
39,-1924.13,92876.6719,2.32,85.5,40.5
40,-1695.69,76527.4512,2.21,82.0,40.5
41,-1647.41,75055.1875,2.25,82.8,40.4
42,-1909.58,104658.125,2.14,87.3,40.4
43,-1551.78,63019.9424,2.15,85.9,40.5
44,-1910.49,95251.6465,2.2,79.4,40.4
45,-1549.41,61550.1738,2.21,82.3,40.5
46,-1671.06,73657.748,2.24,82.9,40.4
47,-1867.6,93877.0977,2.32,83.6,40.5
48,-1802.94,94068.1445,2.25,83.2,40.5
49,-1620.28,78025.4727,2.11,89.7,40.5
50,-1538.3,62027.1045,2.18,85.1,40.5
51,-1731.37,75763.8496,2.24,82.4,40.5
52,-1556.43,67006.7754,2.23,84.5,40.5
53,-1966.53,106341.1543,2.31,83.4,40.5
54,-1479.56,62735.9668,2.18,83.2,40.5
55,-1682.42,75474.0176,2.12,87.0,40.5
56,-1588.76,61103.2412,2.18,86.0,40.6
57,-1714.87,77607.2363,2.23,81.5,40.6
58,-1552.95,73927.2617,2.16,84.5,40.6
59,-1662.65,66925.416,2.26,83.9,40.6
60,-1922.03,95983.8633,2.32,84.4,40.6
61,-1728.23,77279.9824,2.25,84.8,40.6
62,-1891.28,100385.9746,2.2,90.1,40.6
63,-1860.55,99378.6777,2.24,81.0,40.6
64,-1458.55,54821.9355,2.18,81.9,40.6
65,-1910.52,103132.1387,2.29,85.1,40.6
66,-1796.68,88287.4199,2.23,83.7,40.6
67,-1756.85,82788.0684,2.12,82.2,40.6
68,-1768.37,90832.1875,2.2,90.8,40.7
69,-1511.89,59550.4736,2.12,79.8,40.7
70,-1710.76,75656.8398,2.25,83.5,40.7
71,-1817.12,86274.8164,2.25,84.8,40.7
72,-1803.62,80050.0117,2.33,84.7,40.7
73,-1939.22,94875.5234,2.32,83.4,40.7
74,-1612.73,73967.0,2.15,85.5,40.7
75,-1784.22,84376.957,2.17,84.0,40.8
76,-1578.25,73083.4824,2.13,79.4,40.8
77,-1726.58,72603.7109,2.28,85.7,40.8
78,-1573.76,64949.6836,2.15,80.6,40.8
79,-1697.6,76375.9297,2.27,83.0,40.8
80,-1502.21,61598.2305,2.06,88.9,40.8
81,-1552.55,66717.5879,2.18,83.5,40.8
82,-1504.15,56424.7402,2.2,80.5,40.9
83,-1550.88,64022.7773,2.25,84.7,41.0
84,-1602.85,71344.1035,2.15,82.1,40.9
85,-1502.33,62552.751,2.16,82.7,40.9
86,-1765.02,86849.6152,2.12,89.1,41.0
87,-1838.44,80177.8242,2.22,85.9,41.0
88,-1692.46,72789.8555,2.16,77.5,40.9
89,-1803.1,87406.9727,2.26,83.9,40.9
90,-1636.31,69013.9609,2.22,86.7,40.9
91,-1758.48,74900.6055,2.28,82.6,40.9
92,-1597.75,62147.4961,2.15,86.8,40.9
93,-1916.28,94093.9102,2.25,88.7,40.9
94,-1793.84,78762.0977,2.23,79.5,40.9
95,-1844.65,97644.875,2.19,81.9,41.0
96,-1944.47,94012.8359,2.29,83.9,40.9
97,-1533.23,57686.5947,2.17,82.9,40.9
98,-1518.07,57877.8174,2.11,84.2,40.9
99,-1614.01,60335.5674,2.2,90.0,40.9
100,-1581.69,60343.3301,2.2,79.6,40.9
101,-1907.07,81088.043,2.33,82.6,41.0
102,-1512.94,58689.6572,2.24,84.5,41.0
103,-1523.38,58172.6426,2.2,83.0,41.0
104,-1677.06,64643.8145,2.18,83.6,41.1
105,-1573.62,57675.8701,2.17,92.3,40.5
106,-1540.28,52463.4453,2.17,79.5,40.5
107,-1789.21,77623.3262,2.27,83.8,40.5
108,-1792.86,82816.5234,2.24,84.7,40.5
109,-1853.7,84349.7207,2.34,84.0,40.5
110,-1762.33,78536.2422,2.24,83.0,40.4
111,-1592.46,61584.7959,2.16,89.9,40.4
112,-1874.99,79378.6523,2.28,84.4,40.4
113,-1666.58,69730.3203,2.16,78.1,40.4
114,-1573.95,64160.3945,2.12,83.4,40.5
115,-1684.31,65515.4697,2.26,83.3,40.4
116,-1468.46,53104.8926,2.2,82.6,40.4
117,-1747.34,67922.8398,2.18,85.5,40.4
118,-1845.21,84066.6836,2.2,89.2,40.4
119,-1797.64,73486.2793,2.22,80.3,40.5
120,-1716.36,66401.7305,2.19,82.2,40.4
121,-1711.35,78712.6699,2.28,83.7,40.5
122,-1479.74,55523.9814,2.18,81.9,40.5
123,-1645.32,54787.2637,2.21,83.4,40.4
124,-1639.85,63622.7578,2.12,89.7,40.5
125,-1727.51,70628.6504,2.17,83.7,40.5
126,-1660.04,57925.9082,2.26,81.8,40.5
127,-1730.54,61222.0527,2.34,84.4,40.5
128,-1594.66,55464.624,2.21,83.6,40.5
129,-1475.56,47447.0781,2.18,82.5,40.5
130,-1620.71,57850.6387,2.26,84.7,40.5
131,-1781.19,70760.3574,2.18,90.0,40.5
132,-1606.17,65129.9053,2.1,82.8,40.5
133,-1741.67,58754.8535,2.3,82.2,40.7
134,-1553.59,48664.5498,2.21,84.1,40.7
135,-1465.15,50657.6709,2.17,82.7,40.7
136,-1539.87,49944.8037,2.26,82.3,40.7
137,-1733.73,65508.377,2.1,88.2,40.7
138,-1723.41,61546.0498,2.2,84.8,40.7
139,-1721.86,67047.9062,2.19,79.5,40.8
140,-1517.41,49595.791,2.22,84.2,40.8
141,-1593.88,44357.6104,2.26,82.1,40.8
142,-1629.87,45395.3672,2.23,83.8,40.8
143,-1758.18,77831.3926,2.07,89.5,40.8
144,-1714.35,54615.0391,2.22,82.3,40.8
145,-1772.18,60850.5566,2.28,82.2,40.8
146,-1755.38,68124.5938,2.24,84.5,40.9
147,-1614.71,50361.6045,2.14,82.8,40.8
148,-1483.6,44848.0762,2.17,83.0,40.9
149,-1910.17,80609.2891,2.19,87.2,40.9
150,-1642.28,50866.9141,2.26,86.2,40.9
151,-1794.42,63398.4756,2.21,80.4,40.9
152,-1705.47,58045.5342,2.19,81.0,40.9
153,-1900.23,71282.9238,2.31,84.0,40.9
154,-1772.19,65457.4453,2.25,81.9,40.9
155,-1595.08,53013.876,2.24,81.9,40.9
156,-1659.38,66766.4277,2.11,85.6,41.0
157,-1442.69,32788.0654,2.17,87.9,41.0
158,-1765.5,55798.958,2.19,78.3,41.0
159,-1694.24,56982.2959,2.24,81.8,41.0
160,-1587.65,42315.3535,2.21,82.5,41.0
161,-1503.75,40991.918,2.18,81.0,41.0
162,-1555.42,41600.9414,2.08,88.8,41.0
163,-1686.53,42647.0771,2.27,84.9,41.0
164,-1643.18,53461.5859,2.22,80.1,41.1
165,-1676.12,50856.2461,2.26,84.3,41.0
166,-1644.52,44622.9854,2.2,83.7,41.1
167,-1723.15,48754.0293,2.24,82.9,41.0
168,-1901.09,61712.2969,2.2,85.2,41.1
169,-1734.5,54492.4297,2.17,91.0,41.0
170,-1570.75,45924.5996,2.14,80.2,41.1
171,-1463.13,36055.083,2.16,81.3,41.2
172,-1492.89,34203.3271,2.22,83.9,41.1
173,-1798.24,51280.2158,2.23,83.0,41.2
174,-1729.3,49026.5146,2.32,83.0,41.1
175,-1759.4,52447.4668,2.15,88.1,41.2
176,-1576.98,39941.2139,2.19,84.8,41.1
177,-1815.87,56411.3467,2.21,79.4,41.1
178,-1715.67,47227.0518,2.19,84.9,41.1
179,-1598.45,52985.1406,2.16,82.3,41.1
180,-1732.01,44975.0273,2.19,84.2,41.2
181,-1642.05,43552.7246,2.14,89.1,41.1
182,-1609.47,37517.0771,2.18,80.4,41.1
183,-1538.34,34585.373,2.24,82.0,41.1
184,-1570.71,28441.7148,2.21,83.5,41.2
185,-1690.13,42373.0479,2.24,83.0,41.2
186,-1725.95,38685.0566,2.16,84.2,41.3
187,-1407.85,29653.7153,2.09,89.4,41.2
188,-1964.68,62274.4531,2.27,80.6,41.2
189,-1527.35,31960.4282,2.23,82.6,41.2
190,-1920.54,59949.2061,2.27,84.9,41.2
191,-1712.67,38405.665,2.24,82.6,41.2
192,-1505.0,27980.7207,2.16,82.2,41.3
193,-1674.73,34130.5771,2.23,87.6,41.3
194,-1595.0,24465.9873,2.2,85.9,41.3
195,-1585.11,31182.186,2.25,79.7,41.3
196,-1598.13,34717.5029,2.19,83.5,41.3
197,-1780.87,38265.8711,2.24,81.8,41.2
198,-1674.64,35592.9707,2.13,83.1,41.3
199,-1568.5,35948.2139,2.11,88.8,41.3
200,-1649.02,35473.9746,2.15,81.3,41.3
201,-1555.36,30734.979,2.23,81.7,41.4
202,-1651.62,28974.4014,2.22,83.1,41.5
203,-1830.93,41499.5479,2.27,82.6,41.4
204,-1622.57,27733.6582,2.22,83.6,41.5
205,-1909.76,43990.4824,2.16,87.4,41.5
206,-1471.95,21665.7715,2.13,83.0,41.5
207,-1757.57,46289.6963,2.27,82.5,41.4
208,-1592.6,25847.8169,2.21,84.8,41.4
209,-1532.39,24002.9131,2.24,83.0,41.5
210,-1600.08,25212.3979,2.14,82.2,41.5
211,-1745.09,33209.2988,2.11,89.7,41.5
212,-1826.04,33933.9355,2.18,82.4,41.5
213,-1651.62,28405.3398,2.22,81.2,41.4
214,-1412.65,15824.8257,2.16,84.0,41.5
215,-1765.98,34364.8457,2.19,82.1,41.5
216,-1608.9,19476.9927,2.25,84.5,41.5
217,-1862.15,28084.3345,2.26,85.4,41.5
218,-1750.5,30433.5205,2.21,89.2,41.5
219,-1386.94,11479.6711,2.15,78.7,41.5
220,-1707.03,26397.5366,2.22,83.6,41.5
221,-1774.47,27731.9204,2.28,84.4,41.5
222,-1735.57,32920.6538,2.28,83.9,41.6
223,-1699.88,33998.749,2.05,85.7,41.5
224,-1724.86,20808.0195,2.21,90.1,41.6
225,-1411.79,11043.176,2.15,78.9,41.6
226,-1684.04,19287.3511,2.26,83.8,41.6
227,-1487.39,14476.9456,2.2,84.1,41.6
228,-1667.11,17253.4771,2.25,83.1,41.6
229,-1563.31,19143.4619,2.18,83.2,41.6
230,-1540.32,15137.7112,2.14,90.3,41.6
231,-1505.2,12340.8867,2.15,79.7,41.6
232,-1683.6,20609.2759,2.21,82.2,41.6
233,-1841.06,19692.9414,2.29,84.1,41.6
234,-1568.2,13993.5298,2.23,82.8,41.7
235,-1695.92,16755.4453,2.15,81.6,41.7
236,-1753.72,17195.9609,2.15,90.4,41.7
237,-1673.86,12435.4973,2.25,81.9,41.7
238,-1353.23,8458.2808,2.2,81.0,41.7
239,-1330.46,8686.032,2.16,83.9,41.7
240,-1543.54,15981.5979,2.19,82.1,41.7
241,-1683.97,16711.3589,2.13,82.4,41.7
242,-1553.93,11735.2747,2.15,90.3,41.7
243,-1830.02,23036.8853,2.24,83.0,41.7
244,-1369.26,8212.163,2.18,81.5,41.7
245,-1513.96,10127.1414,2.21,84.7,41.8
246,-1853.17,14538.1472,2.32,83.5,41.8
247,-1516.03,9765.1194,2.19,82.1,41.7
248,-1550.43,11369.1296,2.11,85.8,41.8
249,-1803.1,15174.8069,2.27,90.6,41.8
250,-1747.98,12982.5442,2.18,79.3,41.9
251,-1639.13,6075.9467,2.32,82.2,41.9
252,-1802.32,12626.3584,2.3,84.1,41.9
253,-1645.58,14913.8672,2.23,81.7,41.9
254,-1726.24,13116.6326,2.19,84.7,41.8
255,-1599.85,9678.064,2.13,90.4,41.8
256,-1662.45,10221.6809,2.21,80.4,41.8
257,-1700.56,11119.0564,2.31,82.6,41.8
258,-1325.09,4241.4535,2.22,84.5,41.9
259,-1678.47,10485.3601,2.22,82.3,41.7
260,-1527.7,6445.124,2.24,82.9,41.7
261,-1683.77,10148.0215,2.23,82.4,41.8
262,-1810.21,9114.2856,2.19,89.6,41.8
263,-1718.96,7061.7845,2.26,85.5,41.8
264,-1616.79,6448.9612,2.27,80.9,41.8
265,-1501.79,8749.8452,2.21,84.9,41.8
266,-1888.38,14397.8726,2.26,82.5,41.8
267,-1759.05,13639.7869,2.2,82.4,41.8
268,-1656.88,11655.062,2.16,85.2,41.8
269,-1609.57,7506.4199,2.13,89.5,41.8
270,-1721.15,9331.5615,2.23,81.4,41.8
271,-1545.19,5307.882,2.24,82.5,41.9
272,-1481.85,9856.7302,2.25,84.1,41.9
273,-1662.5,9957.8391,2.24,85.5,42.0
274,-1456.31,6866.9404,2.14,87.3,42.1
275,-1767.01,8513.0061,2.11,90.3,42.0
276,-1654.03,11007.2229,2.2,80.5,42.1
277,-1488.67,8810.4548,2.22,83.8,42.1
278,-1596.51,7305.5084,2.18,82.8,42.1
279,-1465.13,5467.7743,2.21,82.4,42.1
280,-1668.07,4250.0289,2.16,86.8,42.1
281,-1670.15,12641.4363,2.16,89.0,42.0
282,-1518.19,6031.443,2.21,79.8,42.1
283,-1547.96,7666.0126,2.24,84.9,42.2
284,-1536.73,6669.0961,2.23,85.1,42.2
285,-1693.47,8598.427,2.19,81.6,42.2
286,-1504.04,4570.2123,2.14,83.2,42.2
287,-1636.29,7243.2285,2.2,90.7,42.1
288,-1598.16,3768.2841,2.23,81.2,42.2
289,-1562.63,5005.8474,2.21,82.6,42.2
290,-2048.59,9371.5271,2.36,83.3,42.2
291,-1479.81,5305.9666,2.26,81.7,42.2
292,-1898.06,6696.4751,2.24,84.8,42.2
293,-1633.12,2657.3724,2.2,89.8,42.1
294,-1572.76,5885.7906,2.16,82.0,42.2
295,-1572.43,9687.1777,2.18,82.5,42.2
296,-1828.32,7096.0228,2.28,85.4,42.2
297,-1755.35,13049.5339,2.2,82.4,42.2
298,-1764.1,15692.1025,2.21,84.3,42.2
299,-1863.13,10264.9956,2.19,87.3,42.2
300,-1494.93,4665.1447,2.14,88.7,42.1
301,-1476.35,10220.5906,2.14,80.0,42.2
302,-1783.63,4221.8047,2.29,84.5,42.2
303,-1459.02,6172.3774,2.19,82.9,42.2
304,-1742.61,3812.3539,2.27,83.0,42.2
305,-1723.9,5288.7804,2.24,86.4,42.2
306,-1497.41,3722.3747,2.25,89.1,42.2
307,-1620.98,5049.4166,2.18,79.1,42.2
308,-1489.42,7214.4915,2.17,83.5,42.2
309,-1530.32,5991.3219,2.22,83.1,42.3
310,-1620.05,3196.7447,2.28,83.7,42.4
311,-1896.3,5483.7504,2.07,60.4,40.7
312,-1653.56,5774.8728,1.98,53.9,40.4
313,-1916.47,5980.104,2.09,44.2,40.2
314,-1712.12,7140.1313,2.07,43.4,40.2
315,-1641.15,6993.4861,1.98,48.2,40.3
316,-1491.15,5353.7587,1.92,52.4,40.3
317,-1589.77,7796.8059,1.93,52.2,40.3
318,-1577.9,8225.5221,1.88,52.7,40.3
319,-1673.8,7396.2024,1.96,52.0,40.2
320,-1637.68,3273.0975,2.02,46.1,40.2
321,-1731.03,9699.4634,1.98,44.0,40.2
322,-1659.83,6257.6506,1.95,49.1,40.2
323,-1720.38,9775.0371,1.93,52.2,40.3
324,-1590.08,2660.6806,1.98,52.5,40.2
325,-1480.94,7777.3143,1.9,52.0,40.2
326,-1525.0,2015.0052,1.93,52.3,40.2
327,-1569.8,7758.0443,2.0,50.9,40.2
328,-1681.67,10928.4302,1.99,44.5,40.2
329,-1742.82,10085.4998,1.93,44.8,40.2
330,-1809.47,4254.8649,2.01,52.7,40.2
331,-1627.2,9419.0972,1.92,52.6,40.2
332,-1720.11,5700.8416,1.97,52.1,40.2
333,-1557.62,5882.1852,1.92,52.6,40.2
334,-1520.91,4475.0352,1.94,46.7,40.2
335,-1285.29,3446.2136,1.93,44.5,40.3
336,-1682.07,5220.9512,1.97,50.9,40.3
337,-1396.68,6467.4008,1.92,52.5,40.3
338,-1712.56,5172.5778,1.98,52.3,40.2
339,-1679.35,5981.7644,1.95,52.7,40.3
340,-1474.21,3932.2858,1.94,50.3,40.3
341,-1719.94,6977.1354,2.0,45.0,40.3
342,-1749.7,6512.6666,2.0,44.4,40.3
343,-1639.4,3420.816,1.97,50.1,40.3
344,-1507.82,4258.4575,1.92,51.5,40.3
345,-1702.94,7834.9789,2.06,51.2,40.4
346,-1992.23,7524.7816,2.03,51.9,40.4
347,-1375.29,4772.9338,1.94,52.4,40.4
348,-1435.71,3608.4664,1.95,49.3,40.3
349,-1733.37,4532.0251,2.01,42.5,40.3
350,-1364.47,4619.5192,1.95,48.7,40.3
351,-1615.89,8510.8257,1.95,51.9,40.4
352,-1490.51,8423.1367,1.94,52.4,40.2
353,-1645.36,5392.2645,1.98,51.9,40.3
354,-1379.99,8009.9993,1.92,52.1,40.3
355,-1644.77,4874.231,1.97,52.7,40.3
356,-1526.28,5052.1074,1.98,46.8,40.2
357,-1444.54,3951.8739,1.97,43.9,40.3
358,-1547.72,5638.934,1.93,50.2,40.3
359,-1755.48,6892.1595,1.98,52.7,40.3
360,-1565.54,3537.6692,2.02,52.1,40.3
361,-1494.82,5261.0747,1.96,52.2,40.3
362,-1539.57,1816.1555,1.93,52.8,40.3
363,-1535.5,5492.8518,1.94,48.9,40.3
364,-1619.64,3416.3898,1.95,42.5,40.3
365,-1610.99,3607.8405,1.97,47.8,40.3
366,-1875.12,9637.6396,1.97,52.6,40.4
367,-1546.92,3933.7718,1.91,51.9,40.4
368,-1539.62,4432.1351,1.88,52.0,40.4
369,-1552.56,5038.79,1.9,53.2,40.4
370,-1525.89,4383.4254,1.96,50.1,40.4
371,-1476.03,3060.9955,1.98,42.2,40.4
372,-1475.08,2942.0944,1.97,46.5,40.4
373,-1470.12,4800.5189,1.91,52.3,40.4
374,-1560.78,6555.0607,1.93,51.6,40.4
375,-1381.32,3263.0423,1.9,51.5,40.4
376,-1600.56,5108.139,1.97,52.5,40.4
377,-1403.71,4976.3513,1.95,48.0,40.4
378,-1473.59,3317.2343,1.96,42.5,40.5
379,-1335.15,3209.9604,1.96,49.5,40.5
380,-1550.75,7296.1433,1.95,52.6,40.5
381,-1348.28,3799.6614,1.96,52.2,40.5
382,-1567.45,7531.0372,1.92,52.5,40.5
383,-1460.67,3276.8071,1.95,52.4,40.5
384,-1406.72,3630.451,1.96,48.2,40.5
385,-1489.05,3575.2717,1.97,43.2,40.5
386,-1446.5,4298.8326,1.95,48.0,40.5
387,-1484.55,1049.6655,2.01,52.2,40.5
388,-1635.43,12373.5813,1.95,52.6,40.5
389,-1502.59,5844.7067,1.92,52.1,40.5
390,-1411.94,2210.5928,1.98,52.3,40.5
391,-1504.73,7435.8269,1.96,50.3,40.5
392,-1562.74,4351.9404,1.99,44.1,40.5
393,-1471.65,4594.0358,2.03,46.9,40.5
394,-1429.85,3010.5384,1.94,49.4,40.5
395,-1467.55,2241.417,1.95,52.4,40.6
396,-1416.78,3566.5024,1.95,52.0,40.6
397,-1473.4,3447.7944,1.94,52.2,40.5
398,-1525.94,4949.9176,1.98,51.2,40.6
399,-1527.78,4301.4703,1.99,44.0,40.6
400,-1402.38,2611.8471,1.97,44.3,40.6
401,-1427.31,4050.094,1.95,50.1,40.6
402,-1349.16,2283.3207,1.92,52.5,40.6
403,-1417.29,6237.7866,1.93,51.8,40.6
404,-1646.58,7632.389,1.9,52.6,40.6
405,-1503.95,2767.4856,2.01,49.2,40.7
406,-1272.99,3911.4308,1.95,44.5,40.6
407,-1541.68,2860.8859,1.99,47.0,40.6
408,-1397.07,4106.7135,1.97,52.5,40.7
409,-1465.86,3336.3085,1.94,51.8,40.7
410,-1567.37,3107.7206,1.95,52.3,40.8
411,-1574.03,6370.9977,1.98,52.6,40.7
412,-1319.15,4858.674,1.95,52.9,40.7
413,-1338.79,5215.4982,1.99,46.8,40.7
414,-1440.71,3440.5838,2.03,44.1,40.8
415,-1453.27,6442.3674,1.99,50.0,40.8
416,-1333.44,4482.1685,1.94,52.4,40.8
417,-1353.71,1348.3269,1.97,51.9,40.8
418,-1433.14,6188.9657,1.94,52.5,40.8
419,-1336.03,3488.1365,1.95,53.0,40.8
420,-1454.65,5189.2106,1.94,45.9,40.9
421,-1376.16,6198.5319,1.93,44.7,40.9
422,-1428.83,1933.5777,1.96,49.3,40.7
423,-1422.75,2282.0932,1.9,52.5,40.7
424,-1345.02,3083.8098,1.94,51.8,40.7
425,-1339.42,3958.7584,1.87,52.7,40.8
426,-1363.91,4122.2263,1.9,52.2,40.7
427,-1344.01,3061.0306,1.98,48.0,40.7
428,-1328.14,3523.6835,1.93,43.9,40.8
429,-1331.94,4735.1749,1.93,49.9,40.8
430,-1364.08,3431.2057,1.94,52.1,40.8
431,-1315.08,2560.1429,1.91,52.0,40.8
432,-1451.95,3665.8646,1.96,52.5,40.9
433,-1278.61,2786.7757,1.93,52.9,40.8
434,-1313.76,1915.2363,2.0,48.1,40.8
435,-1436.13,3699.0802,1.95,42.8,40.8
436,-1509.35,3484.6965,2.02,50.1,40.8
437,-1286.06,1791.9392,1.96,52.4,40.8
438,-1291.99,2486.3767,1.96,52.1,40.9
439,-1363.13,5687.7894,1.93,52.2,40.9
440,-1209.88,2954.6057,1.95,52.1,40.9
441,-1272.06,1451.3667,1.96,46.4,40.9
442,-1377.63,2152.605,1.97,45.0,40.9
443,-1533.21,4618.6158,1.99,49.8,40.9
444,-1314.52,1360.6158,1.95,52.1,40.9
445,-1306.86,3222.3933,1.91,52.5,40.8
446,-1295.2,1392.1944,1.93,51.8,40.9
447,-1296.07,4464.2848,1.92,52.2,40.8
448,-1194.36,6252.8511,1.9,50.6,40.8
449,-1326.67,2875.3419,1.93,43.5,40.8
450,-1294.02,1964.203,1.99,46.4,40.8
451,-1316.55,1378.9023,1.99,52.3,40.8
452,-1274.72,3580.548,1.96,52.5,40.8
453,-1194.89,2326.7655,1.94,52.3,40.8
454,-1329.57,3446.698,1.95,52.4,40.8
455,-1281.78,1701.8875,1.99,51.4,40.9
456,-1315.1,3039.5207,1.92,44.6,40.9
457,-1310.34,873.623,2.01,48.2,40.8
458,-1215.44,2440.9872,1.95,52.5,40.9
459,-1331.15,3484.6314,1.93,52.2,40.9
460,-1358.96,2073.5838,1.91,52.8,41.0
461,-1272.68,2861.9324,1.94,52.3,40.9
462,-1366.41,3762.7985,1.93,46.0,40.9
463,-1300.76,1766.0312,1.97,46.4,40.9
464,-1283.35,2422.2358,1.92,51.9,40.9
465,-1333.15,1671.4362,1.93,52.4,41.0
466,-1342.63,3737.8841,1.89,52.0,40.9
467,-1260.89,4411.3071,1.9,52.7,41.0
468,-1183.38,2292.4949,1.95,49.1,40.9
469,-1285.17,1761.8793,2.0,43.0,41.0
470,-1202.02,2034.6767,1.94,49.9,41.0
471,-1238.28,2260.1572,1.91,52.7,41.0
472,-1236.13,2120.2255,2.0,52.1,41.1
473,-1198.59,4226.4159,1.93,52.3,41.1
474,-1276.73,1511.6689,1.97,52.8,41.1
475,-1261.61,1325.4919,1.99,46.6,41.1
476,-1339.76,2859.4944,2.01,43.7,41.1
477,-1340.45,2163.4476,1.99,50.2,41.1
478,-1368.94,6031.687,1.96,51.7,41.1
479,-1319.43,1888.0775,1.95,52.1,41.1
480,-1280.15,1640.7884,1.92,52.3,41.2
481,-1263.62,2208.6683,1.94,52.4,41.1
482,-1142.94,1705.6862,1.94,47.1,41.1
483,-1255.15,2261.5762,1.96,43.6,41.1
484,-1267.07,2837.5424,1.94,48.7,41.2
485,-1269.51,1919.5666,1.92,51.5,41.1
486,-1239.56,1845.4866,1.89,51.9,41.2
487,-1357.6,1961.7926,1.94,52.4,41.2
488,-1214.79,1823.0957,1.98,52.3,41.2
489,-1198.79,1827.9771,1.92,44.7,41.2
490,-1259.66,2460.8809,1.99,46.7,41.2
491,-1221.46,1560.7719,1.97,51.5,41.2
492,-1312.16,2559.5411,1.94,52.2,41.3
493,-1317.04,1652.5982,2.01,51.6,41.2
494,-1233.48,1922.3033,1.93,52.0,41.2
495,-1313.7,1310.3462,1.97,53.3,41.2
496,-1215.69,2792.5675,1.98,47.9,41.3
497,-1198.29,1043.9294,1.99,42.9,41.2
498,-1333.1,1009.9953,1.98,46.7,41.3
499,-1472.5,2262.304,1.96,52.0,41.2
500,-1287.82,1784.1035,1.92,52.2,41.2
501,-1395.16,3866.4744,1.92,52.2,41.3
502,-1278.69,1454.8546,1.94,52.8,41.3
503,-1413.59,3290.1569,1.94,49.8,41.3
504,-1270.9,1803.2532,2.0,43.1,41.3
505,-1184.67,2779.9872,1.91,48.1,41.3
506,-1459.71,5043.0692,2.03,52.4,41.3
507,-1197.47,2885.946,1.94,51.7,41.3
508,-1269.13,1626.594,1.91,52.4,41.4
509,-1490.54,1923.815,1.97,52.6,41.4
510,-1286.39,1012.3983,2.01,47.4,41.4
511,-1249.42,2033.9019,1.99,41.9,41.3
512,-1303.14,1744.1812,1.97,48.5,41.4
513,-1190.38,1989.1855,1.94,51.8,41.4
514,-1343.84,4363.6914,1.98,52.4,41.4
515,-1236.73,1457.0612,1.92,51.8,41.4
516,-1165.41,2900.638,1.94,52.5,41.4
517,-1231.64,1354.7668,1.98,48.6,41.4
518,-1221.51,1723.8821,1.97,41.5,41.4
519,-1318.96,2579.778,1.95,48.4,41.4
520,-1278.4,1252.5275,1.96,52.4,41.5
521,-1284.85,2706.8313,1.93,52.8,41.5
522,-1301.33,2278.244,1.94,52.2,41.5
523,-1356.3,4551.7925,1.93,52.4,41.5
524,-1254.88,1861.5133,1.99,50.1,41.5
525,-1346.28,5016.0417,2.0,44.7,41.5
526,-1302.86,1952.2277,1.97,45.9,41.5
527,-1352.2,2391.6668,1.97,52.3,41.5
528,-1241.95,1147.3321,1.96,52.3,41.6
529,-1299.25,1719.0323,1.97,52.4,41.6
530,-1265.15,2204.0102,1.94,53.2,41.4
531,-1403.11,5262.4819,1.98,49.1,41.4
532,-1230.75,1809.6617,2.0,43.0,41.5
533,-1263.51,1839.6469,2.01,48.8,41.5
534,-1318.06,2656.8624,1.95,52.3,41.5
535,-1247.57,3327.0319,1.97,52.4,41.5
536,-1371.27,3244.9567,1.98,52.0,41.5
537,-1326.48,1735.8766,1.98,52.8,41.5
538,-1226.15,1877.7627,1.98,52.2,41.5
539,-1207.03,1330.4311,1.95,45.7,41.5
540,-1246.35,3296.4974,1.96,46.0,41.5
541,-1209.36,1063.0673,1.95,50.6,41.5
542,-1333.6,1434.901,1.98,53.1,41.5
543,-1210.0,2466.43,1.92,52.6,41.5
544,-1237.63,1014.5899,1.96,52.8,41.5
545,-1245.26,904.1223,1.98,52.5,41.5
546,-1352.96,1457.3646,1.97,45.4,41.5
547,-1360.43,1478.7285,1.97,43.7,41.5
548,-1213.53,1752.1412,1.94,50.0,41.5
549,-1257.87,1147.8252,1.94,51.8,41.6
550,-1333.2,1062.8651,1.97,52.3,41.6
551,-1230.16,1356.2591,1.97,52.8,41.6
552,-1246.63,1531.9491,1.95,52.3,41.6
553,-1339.14,927.7572,2.0,45.9,41.6
554,-1305.39,2662.9713,2.02,45.0,41.6
555,-1244.0,1512.3741,1.95,49.8,41.6
556,-1310.04,2808.6443,1.95,52.9,41.6
557,-1384.02,671.1903,2.02,52.1,41.7
558,-1423.56,2518.3585,1.94,52.4,41.7
559,-1235.78,1317.3593,1.97,53.1,41.7
560,-1316.1,721.0817,1.99,48.2,41.5
561,-1224.88,1185.4934,1.99,46.0,41.5
562,-1281.13,1360.6696,2.01,44.6,41.5
563,-1333.32,1048.5077,2.0,49.4,41.6
564,-1192.66,1119.1365,1.94,51.6,41.6
565,-1240.42,878.7585,1.96,51.9,41.6
566,-1340.03,2309.4949,1.95,52.3,41.6
567,-1238.52,1233.7146,1.94,52.9,41.5
568,-1185.82,2074.1711,1.96,46.8,41.5
569,-1223.37,1433.3906,1.99,45.9,41.6
570,-1274.28,1413.0924,1.94,51.7,41.6
571,-1228.65,829.7955,1.94,52.1,41.6
572,-1341.08,6036.8396,1.9,52.0,41.6
573,-1235.33,1256.6575,1.92,52.8,41.6
574,-1184.49,1126.0941,1.96,52.2,41.6
575,-1440.41,1204.2858,1.97,43.7,41.6
576,-1202.78,1868.3041,1.97,45.4,41.7
577,-1287.04,1022.0824,1.99,51.3,41.6
578,-1334.5,1448.0602,2.01,51.9,41.7
579,-1210.55,1184.1666,1.93,51.8,41.7
580,-1226.41,1067.6673,1.93,52.3,41.6
581,-1286.57,2216.8868,1.94,53.1,41.7
582,-1244.45,1691.4084,1.96,45.5,41.7
583,-1170.81,1641.3177,1.94,43.8,41.7
584,-1166.44,1151.426,1.94,50.4,41.7
585,-1265.56,785.4751,1.98,51.9,41.8
586,-1211.53,1166.3326,1.93,52.3,41.7
587,-1242.88,713.957,1.95,51.9,41.8
588,-1289.08,1560.8909,1.97,51.8,41.8
589,-1238.53,921.7715,1.96,45.5,41.7
590,-1178.94,1122.7269,1.98,44.4,41.8
591,-1210.0,1194.3147,1.96,51.6,41.8
592,-1231.89,1111.7126,1.94,52.2,41.9
593,-1182.65,824.72,1.95,51.8,41.8
594,-1290.43,1583.812,1.93,52.1,41.8
595,-1252.07,1663.0457,1.98,53.4,41.8
596,-1176.03,1269.5338,1.95,46.7,41.8
597,-1332.22,1244.1941,1.96,44.7,41.9
598,-1171.95,1185.8988,1.92,49.7,41.9
599,-1224.02,1262.2928,1.9,52.0,41.9
600,-1179.4,922.7545,1.88,52.5,41.9
601,-1228.39,696.7937,1.94,52.3,41.9
602,-1194.17,707.4627,1.93,53.2,41.9
603,-1194.97,1013.0558,1.99,47.9,41.9
604,-1244.85,1534.0513,1.95,42.0,42.0
605,-1316.32,1368.0048,1.95,49.7,42.0
606,-1229.87,798.3638,1.92,52.8,41.9
607,-1314.96,787.7876,1.94,52.2,42.0
608,-1257.62,1329.9791,1.96,51.5,42.0
609,-1204.84,1018.7689,1.9,52.3,42.0
610,-1251.26,660.592,1.99,50.1,42.0
611,-1235.21,1378.69,1.94,45.3,42.0
612,-1234.56,724.3595,1.94,46.8,42.0
613,-1264.66,544.5004,1.96,52.0,42.0
614,-1246.0,786.2358,1.92,52.4,42.1
615,-1250.92,579.9765,1.91,52.4,42.1
616,-1308.74,1560.051,1.89,53.0,42.1
617,-1166.93,706.716,1.95,49.8,42.1
618,-1375.44,1380.3575,1.96,43.1,42.1
619,-1232.68,847.0638,1.96,46.8,42.1
620,-1186.68,1540.9344,1.92,52.7,42.1
621,-1246.93,724.8014,1.95,51.9,42.1
622,-1211.64,970.2832,1.91,52.5,42.2
623,-1262.2,453.3933,1.96,52.5,42.2
624,-1192.38,1002.107,1.97,49.6,42.2
625,-1208.72,803.6659,1.92,43.5,42.1
626,-1151.71,1204.3521,1.98,46.5,42.1
627,-1201.58,663.8313,2.05,52.6,42.2
628,-1310.34,1174.1945,1.97,52.5,42.2
629,-1231.22,716.4983,1.97,52.8,42.2
630,-1171.13,1106.4908,1.89,52.9,42.2
631,-1222.55,665.9757,1.95,49.0,42.2
632,-1235.42,1247.7271,1.96,42.6,42.2
633,-1201.88,490.8744,1.95,48.6,42.2
634,-1294.28,701.1521,1.98,51.7,42.3
635,-1206.29,607.5703,1.96,52.3,42.2
636,-1252.78,788.5336,1.94,52.0,42.3
637,-1228.02,938.2439,1.97,52.3,42.3
638,-1271.37,1283.6793,1.97,52.4,42.2
639,-1216.28,960.1669,1.98,44.8,42.3
640,-1232.32,1088.6196,1.99,44.1,42.3
641,-1262.47,751.4764,1.95,50.0,42.3
642,-1168.96,428.2928,1.9,51.6,42.3
643,-1182.83,679.8811,1.96,51.7,42.4
644,-1246.28,432.2479,1.98,52.9,42.2
645,-1258.94,671.4768,1.98,49.4,42.2
646,-1240.43,810.7524,1.96,43.3,42.2
647,-1320.88,1409.6673,1.99,47.2,42.2
648,-1240.59,949.3457,1.97,52.4,42.2
649,-1228.07,2427.5955,1.93,52.3,42.2
650,-1242.73,2549.1558,1.9,51.9,42.3
651,-1249.18,2460.5438,1.93,52.5,42.3
652,-1300.25,1069.9365,2.02,49.3,42.3
653,-1214.54,659.4112,2.03,43.8,42.2
654,-1213.62,638.0134,1.95,47.4,42.3
655,-1186.27,1877.8505,1.9,52.5,42.3
656,-1228.28,1749.2403,1.95,52.0,42.3
657,-1179.85,1560.1529,1.94,52.5,42.3
658,-1185.87,903.3222,1.96,53.0,42.3
659,-1198.72,1082.6998,1.96,46.7,42.3
660,-1354.45,1768.9396,2.02,43.7,42.3
661,-1282.67,972.1668,1.99,48.6,42.3
662,-1198.17,1022.5553,1.95,51.4,42.3
663,-1195.54,790.7277,1.95,52.1,42.3
664,-1319.34,643.0486,1.95,52.3,42.4
665,-1251.77,1486.4538,1.93,52.7,42.4
666,-1233.54,1365.2349,1.97,51.1,42.4
667,-1246.21,1093.0336,1.98,45.3,42.4
668,-1416.36,2195.4598,1.97,46.0,42.4
669,-1170.53,1387.1225,1.95,50.4,42.4
670,-1211.27,1388.5344,1.92,52.2,42.4
671,-1293.34,1152.6216,1.92,52.1,42.4
672,-1217.17,917.3394,1.93,53.6,42.5
673,-1219.2,1450.8919,2.01,50.9,42.5
674,-1186.47,1111.4238,1.97,45.5,42.5
675,-1225.76,949.4213,1.98,46.5,42.5
676,-1200.32,1021.3714,1.99,51.6,42.5
677,-1245.39,1031.1917,1.97,51.3,42.4
678,-1196.4,1515.2398,1.91,51.5,42.4
679,-1219.72,1435.7417,1.91,52.2,42.4
680,-1274.94,821.7093,1.95,52.8,42.4
681,-1178.74,800.0024,1.95,49.8,42.4
682,-1187.69,1034.2025,1.96,40.7,42.4
683,-1233.07,934.9079,1.97,48.1,42.4
684,-1264.58,835.6295,1.98,51.8,42.4
685,-1227.18,881.3688,1.96,52.4,42.4
686,-1278.84,1017.2262,1.94,52.1,42.4
687,-1198.9,1773.5716,1.91,52.3,42.4
688,-1189.61,1059.1862,1.96,52.0,42.4
689,-1153.73,984.3884,1.92,46.9,42.4
690,-1136.76,1125.9857,1.99,44.2,42.5
691,-1180.77,1142.8142,1.95,52.1,42.5
692,-1185.26,554.8063,1.97,51.7,42.5
693,-1202.16,696.9082,1.94,52.7,42.4
694,-1305.4,1841.7939,1.97,52.9,42.5
695,-1165.72,615.9297,1.96,51.8,42.5
696,-1155.13,2018.8573,1.93,45.4,42.5
697,-1250.3,1844.9528,1.98,44.8,42.5
698,-1213.89,402.6445,1.96,49.8,42.5
699,-1223.25,828.1012,1.91,51.5,42.5
700,-1220.26,852.2312,1.96,52.0,42.5
701,-1250.03,1222.9375,1.94,52.0,42.5
702,-1240.79,1499.6852,1.96,53.2,42.6
703,-1221.52,606.6709,2.01,48.8,42.6
704,-1252.72,1242.9423,1.99,43.0,42.5
705,-1261.76,830.9244,1.98,45.4,42.5
706,-1258.26,808.7611,1.95,50.5,42.6
707,-1204.36,823.2043,1.93,52.2,42.6
708,-1265.24,776.8657,1.92,52.2,42.6
709,-1232.4,1250.721,1.93,51.9,42.6
710,-1247.97,832.2641,1.98,52.7,42.6
711,-1167.57,991.0647,1.98,48.5,42.6
712,-1167.54,747.8291,2.0,41.5,42.6
713,-1235.15,1079.5679,1.98,47.4,42.6
714,-1233.57,632.3282,1.94,52.2,42.7
715,-1183.46,985.9456,1.91,51.7,42.6
716,-1172.68,602.7728,1.88,52.1,42.7
717,-1205.18,767.7845,1.91,53.0,42.7
718,-1236.76,880.9579,1.97,50.3,42.7
719,-1198.78,652.1358,1.95,44.4,42.7
720,-1226.97,918.9768,2.02,47.1,42.7
721,-1180.53,607.6614,1.94,51.2,42.7
722,-1186.85,815.219,1.93,52.1,42.7
723,-1230.63,728.2021,1.99,51.4,42.7
724,-1260.26,548.3966,1.94,52.4,42.8
725,-1218.09,552.6842,1.96,52.8,42.8
726,-1215.66,792.7209,2.0,48.2,42.8
727,-1165.93,1099.9069,1.94,42.8,42.8
728,-1251.03,659.8768,1.99,47.6,42.8
729,-1219.43,807.3132,1.96,52.5,42.8
730,-1276.7,509.0573,1.95,51.5,42.8
731,-1199.35,867.4404,1.94,51.1,42.9
732,-1261.35,2348.6645,1.97,52.5,42.8
733,-1233.86,1073.507,1.96,51.9,42.8
734,-1213.79,515.5225,2.0,46.1,42.9
735,-1193.29,661.6588,1.96,43.3,42.9
736,-1307.71,926.4443,1.96,50.9,42.9
737,-1196.91,386.4156,1.96,52.2,43.0
738,-1208.43,892.0964,1.96,50.9,43.0
739,-1213.63,1023.5361,1.92,52.7,43.0
740,-1180.46,935.6936,1.97,52.4,43.0
741,-1245.39,1056.7579,1.96,48.4,43.0
742,-1202.7,725.772,2.01,43.7,43.0
743,-1240.65,1344.8433,1.96,46.0,43.0
744,-1223.59,889.0944,1.96,50.8,43.0
745,-1143.48,668.8695,1.94,52.5,43.1
746,-1244.34,900.8026,1.98,51.3,43.0
747,-1219.75,496.7641,1.96,53.3,43.1
748,-1359.01,1496.5677,1.95,52.5,43.1
749,-1194.27,1087.4902,1.97,48.7,43.1
750,-1224.42,499.1874,2.01,44.3,43.1
751,-1292.22,906.06,2.0,48.0,43.1
752,-1210.24,870.7031,1.97,52.7,43.1
753,-1287.39,1107.7812,1.97,51.2,43.1
754,-1242.72,398.7734,1.95,52.6,43.1
755,-1130.8,1785.2957,1.94,52.8,43.1
756,-1221.82,750.6312,2.0,50.1,43.1
757,-1232.6,827.8304,1.97,43.7,43.2
758,-1186.95,740.7585,1.93,46.5,43.2
759,-1219.94,1051.3775,1.97,52.1,43.2
760,-1217.56,757.1625,1.94,51.6,43.1
761,-1185.17,1182.4927,1.9,51.8,43.2
762,-1197.07,987.7892,1.93,52.8,43.1
763,-1237.89,900.4071,1.97,50.0,43.2
764,-1189.58,658.4849,1.97,44.8,43.2
765,-1211.5,919.6559,1.99,44.5,43.0
766,-1246.28,493.7976,1.96,51.6,43.1
767,-1207.41,715.8702,1.94,52.2,43.0
768,-1223.33,549.8693,1.94,51.7,43.1
769,-1317.32,1048.4485,2.0,52.6,43.1
770,-1201.71,501.5511,1.97,51.7,43.1
771,-1216.37,494.2465,1.98,44.7,43.0
772,-1216.15,302.3912,1.95,45.6,43.1
773,-1201.72,650.017,1.92,50.6,43.1
774,-1155.61,1188.0436,1.9,52.7,43.1
775,-1192.44,413.5068,1.92,51.9,43.1
776,-1171.9,667.7709,1.86,52.2,43.1
777,-1157.14,659.9403,1.91,52.6,43.1
778,-1243.0,852.9949,1.96,47.4,43.1
779,-1280.07,675.1591,1.96,44.8,43.1
780,-1215.66,654.5027,2.0,47.9,43.2
781,-1240.37,698.4877,1.95,52.1,43.2
782,-1259.76,617.1993,1.95,52.3,43.1
783,-1222.65,776.2453,1.94,52.2,43.1
784,-1251.68,480.8876,1.95,52.7,43.2
785,-1229.08,526.5557,1.98,49.5,43.2
786,-1241.72,578.6495,1.97,43.8,43.2
787,-1202.78,864.2651,1.96,46.7,43.2
788,-1168.17,545.7868,1.96,47.5,43.0
789,-1215.55,801.7763,1.96,51.9,43.1
790,-1245.96,836.193,1.94,52.2,43.1
791,-1182.7,984.6828,1.94,52.5,43.1
792,-1231.9,468.7971,1.96,52.3,43.1
793,-1159.77,670.6285,1.94,50.6,43.1
794,-1256.97,470.7059,1.97,44.3,43.1
795,-1232.8,1089.8057,1.96,45.9,43.1
796,-1238.21,815.1479,1.94,51.4,43.1
797,-1163.79,1395.0959,1.9,52.5,43.2
798,-1278.82,333.7637,1.97,52.2,43.1
799,-1203.28,927.0767,1.91,52.4,43.1
800,-1167.66,511.8185,1.98,52.4,43.1
801,-1284.16,1526.6567,1.98,46.1,43.1
802,-1246.31,451.8125,2.01,45.1,43.2
803,-1270.07,877.1516,1.98,49.6,43.1
804,-1256.39,792.457,2.0,51.6,43.2
805,-1201.92,792.5065,1.9,51.8,43.1
806,-1215.66,575.1453,1.93,51.3,43.2
807,-1266.71,1117.167,1.95,52.2,43.2
808,-1225.6,403.7373,1.99,49.1,43.2
809,-1255.72,760.0636,1.96,43.3,43.2
810,-1283.27,827.6616,2.0,46.9,43.2
811,-1180.0,637.8595,1.9,52.8,43.2
812,-1251.33,774.0613,1.89,51.8,43.3
813,-1182.14,518.5359,1.95,51.6,43.3
814,-1187.99,330.8948,1.95,53.2,43.3
815,-1213.36,360.2537,1.97,51.1,43.3
816,-1159.72,1473.0588,1.94,43.4,43.3
817,-1277.01,381.5092,1.99,46.5,43.3
818,-1190.1,164.7819,1.95,51.9,43.3
819,-1301.6,1293.8278,1.94,52.3,43.3
820,-1216.04,476.6724,1.94,52.1,43.3
821,-1237.16,777.1376,1.93,51.9,43.4
822,-1184.05,417.3895,1.95,52.2,43.3
823,-1226.55,280.6153,2.0,46.1,43.4
824,-1305.83,995.1288,2.0,43.4,43.3
825,-1220.94,423.1656,1.97,49.5,43.3
826,-1183.62,401.5278,1.92,51.9,43.3
827,-1208.61,270.7098,1.99,50.8,43.4
828,-1260.29,495.0001,1.96,52.3,43.3
829,-1206.28,587.1457,1.95,52.3,43.4
830,-1226.89,931.2222,1.96,48.7,43.3
831,-1201.37,579.9084,2.04,41.2,43.4
832,-1218.98,346.4327,1.98,47.1,43.4
833,-1140.66,578.568,1.92,52.1,43.4
834,-1216.56,1179.1857,1.9,51.5,43.4
835,-1274.02,1291.773,1.93,51.5,43.4
836,-1189.41,462.315,1.9,52.1,43.5
837,-1227.93,463.935,1.95,50.3,43.4
838,-1199.22,609.4655,1.98,43.7,43.5
839,-1227.47,832.4247,1.93,45.2,43.5
840,-1209.39,1028.678,1.96,51.3,43.5
841,-1237.69,530.2114,1.97,51.9,43.5
842,-1205.95,372.9414,1.95,52.2,43.5
843,-1153.2,740.0699,1.92,51.7,43.5
844,-1226.28,699.7729,1.98,50.5,43.7
845,-1205.39,592.9905,1.99,44.5,43.6
846,-1210.86,347.6702,1.96,45.0,43.7
847,-1182.34,706.9565,1.91,50.3,43.7
848,-1345.36,1209.7245,1.93,51.3,43.7
849,-1200.47,352.5339,1.96,51.7,43.7
850,-1216.62,358.2344,1.93,52.5,43.8
851,-1198.74,543.3448,1.97,52.5,43.8
852,-1192.79,591.2516,1.96,46.1,43.9
853,-1234.7,166.9422,1.99,45.8,43.9
854,-1191.69,429.2331,1.97,49.4,44.0
855,-1210.56,168.0465,1.94,52.6,44.0
856,-1208.23,276.772,1.96,52.1,43.9
857,-1207.0,978.9182,1.92,52.2,43.9
858,-1185.26,191.3096,1.96,52.7,43.9
859,-1169.09,332.4635,1.97,50.0,43.9
860,-1192.85,589.3152,1.97,44.5,43.9
861,-1194.57,322.3026,1.98,46.7,43.9
862,-1193.29,556.209,1.95,51.5,43.9
863,-1186.27,524.3554,1.93,52.3,43.9
864,-1189.39,462.8695,1.92,52.0,43.9
865,-1225.75,1004.592,1.92,52.9,44.0
866,-1192.73,428.2155,1.95,52.5,44.0
867,-1229.22,128.7658,1.97,47.0,43.9
868,-1212.76,515.916,1.96,43.9,43.9
869,-1200.78,283.8557,1.95,50.2,43.9
870,-1182.32,444.9035,1.91,52.7,44.0
871,-1192.6,409.9331,1.95,51.4,44.0
872,-1169.06,507.1708,1.96,52.4,44.1
873,-1265.19,855.2655,1.96,52.9,44.0
874,-1220.2,509.7799,1.99,48.2,44.0
875,-1264.67,894.4482,2.0,41.9,43.8
876,-1221.86,496.2382,1.97,50.9,43.9
877,-1173.26,440.764,1.92,52.7,43.9
878,-1165.91,363.8684,1.94,52.2,43.9
879,-1160.02,1007.5532,1.93,52.5,43.8
880,-1225.67,526.8941,1.99,52.1,43.9
881,-1198.25,406.1239,2.01,47.2,43.9
882,-1194.82,568.3264,1.96,43.1,43.9
883,-1196.8,322.1424,1.96,49.5,43.9
884,-1211.33,203.9125,1.97,52.2,43.9
885,-1242.49,401.2451,1.99,51.5,43.9
886,-1423.96,861.2575,1.96,51.9,43.9
887,-1206.08,565.7888,1.96,52.9,43.9
888,-1151.86,725.9276,1.96,51.8,43.9
889,-1182.69,494.4857,2.0,45.6,44.0
890,-1222.99,608.6869,1.96,45.0,44.0
891,-1197.28,569.0706,1.97,50.1,43.9
892,-1279.75,411.3731,1.97,51.9,44.0
893,-1185.62,986.6286,1.94,52.4,44.0
894,-1246.83,458.5504,1.97,52.5,44.0
895,-1130.54,824.7381,1.95,52.8,44.0
896,-1222.97,825.6973,2.02,47.5,44.0
897,-1199.61,244.4341,1.98,42.8,43.9
898,-1198.51,330.8207,1.96,46.2,43.9
899,-1176.42,403.2064,1.94,52.6,44.0
900,-1217.58,160.8619,1.94,50.9,44.0
901,-1242.77,405.2365,1.92,51.9,44.0
902,-1257.48,535.8478,1.94,53.2,44.0
903,-1208.38,788.0806,1.98,49.4,44.0
904,-1202.67,285.6192,1.97,44.9,44.0
905,-1178.19,331.3433,1.98,47.4,44.0
906,-1217.2,385.1753,2.0,51.1,44.1
907,-1216.01,443.6722,1.94,52.1,44.1
908,-1192.76,141.4958,2.12,51.1,44.1
909,-1184.17,337.7292,2.17,51.8,43.9
910,-1239.7,393.1515,1.92,51.9,43.9
911,-1303.86,848.1836,1.97,52.8,43.9
912,-1164.03,177.8007,1.96,48.1,43.9
913,-1218.62,420.4277,1.98,42.4,43.9
914,-1216.43,552.8814,2.0,47.8,43.9
915,-1215.02,220.4239,1.95,51.2,43.9
916,-1193.27,393.6015,1.91,51.5,43.9
917,-1220.1,286.0538,1.91,51.5,43.9
918,-1289.62,606.7374,1.95,52.6,43.9
919,-1232.64,588.6604,1.93,49.0,43.9
920,-1228.86,175.3329,1.99,42.3,43.9
921,-1213.28,447.1282,1.96,46.4,43.9
922,-1159.44,737.108,1.94,51.1,43.9
923,-1185.14,340.4022,1.93,51.1,44.0
924,-1203.96,561.7707,1.93,52.8,43.9
925,-1248.17,889.576,1.94,52.2,44.0
926,-1257.13,302.7933,1.97,51.9,44.0
927,-1187.61,348.3962,1.97,45.8,44.0
928,-1151.81,580.4335,1.93,43.6,44.0
929,-1287.13,376.5101,1.95,49.7,44.0
930,-1213.36,356.8224,1.93,52.5,44.0
931,-1261.31,661.2543,1.94,50.1,44.0
932,-1202.2,225.2354,1.91,52.4,44.1
933,-1214.5,171.4279,1.94,52.2,44.0
934,-1225.26,341.1796,1.98,47.8,44.1
935,-1275.82,629.0647,1.98,42.0,44.1
936,-1192.17,705.089,1.98,48.0,44.1
937,-1262.1,824.4781,1.98,51.6,44.1
938,-1215.6,554.8135,1.94,51.5,44.2
939,-1214.95,462.9242,1.92,51.8,44.2
940,-1128.08,842.835,1.91,51.6,44.1
941,-1188.74,307.694,1.93,49.8,44.1
942,-1201.81,368.9962,1.94,43.1,44.1
943,-1232.72,231.0066,1.98,45.9,44.2
944,-1245.83,285.0669,1.96,50.7,44.2
945,-1168.46,499.7363,1.92,51.3,44.2
946,-1216.98,397.6224,1.92,51.9,44.2
947,-1269.1,537.2378,1.89,52.1,44.2
948,-1247.47,125.97,1.99,51.2,44.2
949,-1374.66,1490.1559,1.96,44.7,44.2
950,-1196.12,415.9497,1.96,45.4,44.3
951,-1199.65,677.5298,1.93,50.2,44.2
952,-1208.55,402.7956,1.95,51.8,44.3
953,-1192.11,432.8713,1.93,51.9,44.3
954,-1250.75,355.1843,1.95,51.8,44.3
955,-1224.5,119.6781,1.94,52.8,44.3
956,-1134.02,884.9547,1.93,47.0,44.3
957,-1173.53,310.2924,1.97,43.9,44.3
958,-1208.12,114.2782,1.96,49.6,44.3
959,-1239.92,297.4451,1.94,51.6,44.3
960,-1143.72,215.4001,1.93,50.7,44.4
961,-1189.79,530.9858,1.89,52.4,44.4
962,-1271.05,925.5941,1.98,52.1,44.4
963,-1193.2,489.4088,1.96,48.6,44.4
964,-1363.44,2498.3845,1.96,42.1,44.4
965,-1305.51,486.6675,2.0,47.2,44.4
966,-1204.02,386.6282,1.96,51.8,44.4
967,-1249.77,683.8629,1.98,50.9,44.4
968,-1251.5,664.7673,1.92,52.3,44.5
969,-1223.03,1898.6957,1.9,52.5,44.4
970,-1231.62,428.9305,2.0,48.9,44.4
971,-1181.52,539.3291,1.93,42.5,44.4
972,-1182.79,164.936,2.01,46.2,44.5
973,-1259.89,538.409,1.94,51.1,44.5
974,-1183.73,381.1979,1.99,52.0,44.5
975,-1241.89,394.5791,1.94,51.9,44.5
976,-1289.1,234.0281,1.94,51.7,44.5
977,-1177.34,204.3435,1.92,50.5,44.5
978,-1271.66,186.3052,2.0,44.7,44.5
979,-1172.18,448.0277,1.98,46.3,44.5
980,-1253.9,611.7558,1.98,51.8,44.6
981,-1262.14,466.1265,1.96,51.9,44.5
982,-1233.51,262.9724,1.93,52.1,44.6
983,-1241.8,319.9081,1.94,51.5,44.4
984,-1274.48,999.0263,1.96,48.6,44.4
985,-1367.09,2977.3136,2.05,42.6,44.4
986,-1224.62,376.1159,1.98,46.8,44.4
987,-1213.94,603.643,1.95,50.6,44.4
988,-1224.91,237.1935,1.95,52.2,44.5
989,-1281.84,620.2288,1.93,51.6,44.4
990,-1199.8,244.485,1.95,52.1,44.5
991,-1374.18,2388.3315,1.96,52.4,44.5
992,-1225.48,449.5262,2.01,47.6,44.5
993,-1210.89,327.6404,2.0,43.6,44.5
994,-1198.95,358.1281,2.01,47.7,44.5
995,-1268.59,435.3519,1.96,51.9,44.5
996,-1222.63,259.8689,1.99,51.9,44.5
997,-1207.6,562.2937,1.96,51.9,44.6
998,-1240.54,321.1647,1.94,52.5,44.6
999,-1214.24,131.3092,1.97,52.2,44.5
1000,-1285.69,995.9548,1.97,48.2,44.5
1001,-1216.6,202.064,2.01,42.4,44.5
1002,-1259.72,992.1026,1.97,48.3,44.6
1003,-1243.49,1075.2195,1.94,51.7,44.6
1004,-1117.99,1381.7438,1.9,51.1,44.6
1005,-1230.08,1307.2023,1.92,52.3,44.7
1006,-1208.27,355.882,1.95,52.6,44.6
1007,-1224.61,227.6647,1.97,50.6,44.6
1008,-1241.65,364.6677,1.95,43.9,44.6
1009,-1252.21,687.8552,1.96,44.5,44.7
1010,-1192.48,269.6427,1.98,50.7,44.7
1011,-1265.68,329.5696,1.95,52.0,44.7
1012,-1206.8,225.0764,1.92,52.1,44.7
1013,-1209.25,330.789,1.93,52.2,44.7
1014,-1214.27,328.0285,1.97,52.9,44.7
1015,-1295.21,1303.829,1.98,47.3,44.7
1016,-1134.46,646.9288,1.98,43.0,44.7
1017,-1206.08,179.144,1.96,46.8,44.7
1018,-1197.77,516.0781,1.9,51.7,44.7
1019,-1224.05,325.5761,1.93,51.0,44.7
1020,-1177.76,405.3543,1.91,52.2,44.8
1021,-1224.85,462.2201,1.95,51.9,44.8
1022,-1169.68,312.5085,1.96,49.5,44.8
1023,-1262.1,102.8294,1.95,42.9,44.8
1024,-1239.68,515.3383,2.0,47.3,44.8
1025,-1170.79,276.1178,1.94,51.3,44.9
1026,-1214.71,606.3619,1.94,51.5,44.8
1027,-1200.19,757.7572,1.92,52.1,44.9
1028,-1233.84,186.9865,1.96,52.6,44.9
1029,-1163.53,223.2683,1.98,50.6,44.9
1030,-1221.29,221.8795,1.95,43.9,44.9
1031,-1219.27,486.2058,2.02,45.7,44.9
1032,-1287.42,892.5967,1.94,49.9,44.9
1033,-1218.36,573.7726,1.93,51.1,44.9
1034,-1282.49,1328.4706,1.89,51.1,45.0
1035,-1185.99,336.5958,1.95,51.7,44.9
1036,-1208.4,502.9669,1.95,52.9,45.0
1037,-1223.81,460.8962,1.98,48.0,45.0
1038,-1142.49,384.9686,2.01,43.3,45.0
1039,-1255.76,996.3207,1.99,49.3,45.0
1040,-1172.74,178.0043,1.96,51.4,45.0
1041,-1243.63,501.058,1.96,51.7,45.0
1042,-1251.1,526.3519,1.93,50.9,44.8
1043,-1211.31,218.762,1.94,51.5,44.9
1044,-1148.44,250.7868,1.92,52.7,44.8
1045,-1304.19,1339.7304,1.99,48.5,44.8
1046,-1246.55,758.9426,1.99,41.5,44.8
1047,-1148.64,563.0587,1.93,47.4,44.8
1048,-1194.52,260.024,1.96,52.0,44.9
1049,-1220.97,279.7165,1.94,52.1,44.9
1050,-1229.76,326.419,1.93,51.9,44.9
1051,-1216.53,160.9141,1.94,52.3,44.9
1052,-1178.41,181.563,2.01,49.9,44.9
1053,-1162.62,208.5883,1.96,44.6,44.9
1054,-1202.15,315.7731,1.94,46.3,44.9
1055,-1184.13,93.8136,1.93,52.2,44.9
1056,-1225.93,448.1756,1.92,51.9,44.9
1057,-1249.28,924.9283,1.98,52.0,44.9
1058,-1224.17,742.0086,1.94,52.6,45.0
1059,-1256.86,1259.04,1.95,51.9,44.9
1060,-1209.93,764.0251,1.99,45.5,45.0
1061,-1215.1,207.1646,2.01,45.8,45.0
1062,-1172.26,717.383,1.97,49.3,45.0
1063,-1167.13,219.5585,1.93,52.5,45.0
1064,-1188.53,137.8666,1.95,52.0,45.0
1065,-1212.62,216.7192,1.94,53.0,45.0
1066,-1215.28,164.4248,1.97,52.5,45.0
1067,-1244.96,642.9667,1.95,48.0,45.0
1068,-1213.07,288.8914,2.02,42.0,45.0
1069,-1201.01,398.1775,1.97,47.0,45.0
1070,-1195.36,113.6992,1.96,51.9,45.1
1071,-1160.03,362.2839,1.92,51.6,45.0
1072,-1189.21,386.8392,1.98,52.1,45.1
1073,-1195.85,585.6655,1.91,52.1,45.1
1074,-1224.2,335.7506,1.95,53.0,45.1
1075,-1241.73,454.1451,1.98,45.2,45.1
1076,-1171.84,175.9518,1.99,43.7,45.1
1077,-1154.56,269.612,1.91,49.6,45.1
1078,-1178.44,195.3982,1.92,51.5,45.1
1079,-1286.33,494.6847,1.97,51.7,45.1
1080,-1211.94,184.6895,1.94,52.5,45.2
1081,-1180.4,765.1283,1.96,53.1,45.2
1082,-1252.94,206.6103,1.98,47.8,45.2
1083,-1166.42,534.33,1.98,41.6,45.2
1084,-1156.44,368.5007,1.95,48.4,45.1
1085,-1239.92,614.0267,1.95,51.8,45.2
1086,-1174.44,418.2127,1.91,51.8,45.2
1087,-1266.35,460.7102,1.95,51.7,45.3
1088,-1198.8,383.6065,1.94,52.3,45.2
1089,-1205.84,587.6095,1.96,46.8,45.2
1090,-1196.71,416.2249,1.98,42.8,45.2
1091,-1212.17,121.4958,1.96,46.8,45.3
1092,-1198.82,424.2721,1.96,51.4,45.3
1093,-1175.24,255.5948,1.94,51.5,45.3
1094,-1191.67,360.1271,1.92,51.7,45.3
1095,-1226.84,308.9005,1.94,52.2,45.3
1096,-1221.62,155.0072,1.99,50.6,45.3
1097,-1231.05,382.7591,1.97,44.2,45.3
1098,-1259.42,894.2153,1.98,46.8,45.4
1099,-1169.98,242.6719,1.93,52.0,45.4
1100,-1194.77,170.1306,1.9,51.6,45.5
1101,-1208.45,528.8797,1.9,51.7,45.4
1102,-1178.36,319.2999,1.89,52.6,45.4
1103,-1202.27,189.3106,1.96,52.6,45.4
1104,-1226.88,411.3056,2.0,45.1,45.4
1105,-1182.26,133.0974,1.97,43.9,45.4
1106,-1293.77,404.4868,1.98,49.9,45.5
1107,-1158.46,369.5315,1.93,51.5,45.4
1108,-1253.58,390.7113,1.92,51.4,45.5
1109,-1263.46,607.3479,1.95,51.5,45.4
1110,-1218.83,171.4415,1.94,52.8,45.4
1111,-1222.59,148.4421,1.95,46.3,45.5
1112,-1191.19,227.0512,1.98,43.1,45.5
1113,-1191.71,1029.6343,1.95,48.7,45.5
1114,-1162.78,198.572,1.98,51.5,45.5
1115,-1153.65,210.4187,1.91,51.2,45.5
1116,-1176.7,122.0296,1.91,52.7,45.5
1117,-1187.88,135.6961,1.94,52.8,45.6
1118,-1206.43,81.8277,1.95,49.2,45.6
1119,-1212.85,203.359,1.98,42.8,45.6
1120,-1210.04,148.4579,1.91,46.5,45.4
1121,-1237.2,370.6414,1.95,52.2,45.4
1122,-1252.44,363.0952,1.94,51.4,45.4
1123,-1144.47,861.3461,1.93,52.3,45.5
1124,-1145.55,239.9908,1.94,52.8,45.4
1125,-1185.13,406.0068,1.96,47.4,45.4
1126,-1175.62,289.6961,1.95,42.5,45.4
1127,-1230.05,700.0305,1.98,48.8,45.5
1128,-1291.95,1271.881,1.96,51.5,45.5
1129,-1242.4,379.9048,1.95,52.0,45.5
1130,-1219.04,678.0471,1.91,52.0,45.5
1131,-1191.71,842.1186,1.92,52.2,45.5
1132,-1222.14,243.2821,1.94,50.5,45.5
1133,-1193.75,185.6188,1.95,43.4,45.5
1134,-1171.34,214.1115,2.01,45.5,45.5
1135,-1221.97,357.175,1.95,51.5,45.5
1136,-1230.41,392.1375,1.93,52.2,45.6
1137,-1180.69,468.5627,1.89,51.1,45.5
1138,-1207.31,525.5089,1.94,53.0,45.9
1139,-1248.06,270.2846,2.02,51.4,45.9
1140,-1211.38,280.8357,1.96,44.6,45.8
1141,-1171.08,159.6783,1.96,46.8,45.8
1142,-1167.87,420.7063,1.94,50.7,45.9
1143,-1188.75,698.8799,1.95,51.8,45.8
1144,-1169.33,318.1479,1.91,51.3,45.8
1145,-1207.16,303.2229,1.94,52.4,45.8
1146,-1154.9,206.9211,1.96,51.0,45.8
1147,-1229.46,173.183,1.99,45.1,45.8
1148,-1137.06,76.2445,1.97,44.3,45.9
1149,-1165.18,329.21,1.91,49.8,45.8
1150,-1210.91,320.2847,1.98,52.0,45.8
1151,-1230.3,257.1093,1.95,51.5,45.8
1152,-1218.57,300.1153,1.92,52.3,45.9
1153,-1244.95,1047.3943,1.95,52.7,45.9
1154,-1189.09,1344.2177,2.0,47.8,45.9
1155,-1212.51,179.0037,2.0,41.5,45.8
1156,-1164.29,229.2206,1.94,47.7,45.9
1157,-1190.63,385.4041,1.96,51.5,45.9
1158,-1280.88,909.5834,1.96,52.0,45.9
1159,-1116.5,232.6346,1.91,51.7,46.0
1160,-1163.71,91.765,1.93,52.1,45.9
1161,-1164.08,389.0136,1.96,49.7,45.9
1162,-1187.16,245.0632,1.95,43.5,45.9
1163,-1161.12,315.5544,1.96,45.0,46.0
1164,-1142.07,235.1777,1.93,52.1,46.0
1165,-1248.3,307.8411,1.97,51.6,46.1
1166,-1184.94,110.6439,1.95,52.3,46.1
1167,-1220.36,182.0489,1.93,52.1,46.0
1168,-1153.63,565.0867,1.94,52.8,46.0
1169,-1174.01,407.0857,1.94,47.2,46.1
1170,-1169.11,151.8985,1.96,44.3,46.1
1171,-1202.81,241.5415,1.97,50.3,46.1
1172,-1185.97,96.1922,1.96,51.4,46.1
1173,-1253.21,914.9607,1.92,52.2,45.9
1174,-1247.98,410.7727,1.96,51.9,45.9
1175,-1198.06,162.1474,1.94,52.7,45.9
1176,-1167.63,77.7488,1.95,53.1,46.0
1177,-1219.14,142.9412,1.98,48.0,46.0
1178,-1177.29,111.5214,1.96,43.0,46.0
1179,-1177.0,330.4497,1.97,48.2,46.0
1180,-1199.48,110.6084,1.91,51.9,46.0
1181,-1125.5,277.948,1.91,50.7,46.0
1182,-1166.51,103.9766,1.91,51.9,46.0
1183,-1214.12,577.6124,1.94,52.6,46.0
1184,-1171.62,158.9038,1.95,48.5,46.0
1185,-1200.9,390.6873,1.92,42.6,46.0
1186,-1236.6,406.7584,1.98,47.5,46.0
1187,-1214.58,404.6996,1.99,51.4,46.1
1188,-1178.77,234.9861,1.94,52.1,46.1
1189,-1203.77,161.2457,1.96,51.9,46.1
1190,-1210.26,131.2892,1.97,52.5,46.0
1191,-1171.44,305.9824,1.95,51.7,46.0
1192,-1209.77,327.3121,1.99,46.2,46.1
1193,-1191.67,285.99,2.02,43.8,46.1
1194,-1216.46,110.7724,1.97,49.2,46.1
1195,-1241.59,287.6286,1.96,52.1,46.1
1196,-1219.84,36.1103,1.95,51.8,46.1
1197,-1205.97,217.7246,1.91,52.4,46.1
1198,-1205.26,227.4266,1.92,52.5,46.1
1199,-1156.92,294.932,1.98,50.8,46.1
1200,-1183.09,391.1077,1.96,44.6,46.1
1201,-1207.53,243.0298,2.01,45.4,46.1
1202,-1223.89,196.9168,1.97,50.7,46.1
1203,-1201.3,266.9206,1.95,51.4,46.1
1204,-1198.67,327.2691,1.95,52.0,46.1
1205,-1212.11,163.5211,1.94,51.8,46.1
1206,-1210.79,119.2242,1.95,53.0,46.2
1207,-1176.38,323.0251,2.0,49.0,46.2
1208,-1214.06,104.2218,1.96,44.5,45.7
1209,-1157.8,516.8571,1.93,46.9,45.7
1210,-1203.85,207.1764,1.96,52.1,45.7
1211,-1201.35,184.7737,1.96,51.4,45.8
1212,-1217.65,92.006,1.96,51.6,45.8
1213,-1188.06,264.3439,1.92,52.3,45.8
1214,-1209.29,104.0327,1.99,51.3,45.8
1215,-1163.13,89.1767,1.92,46.9,45.8
1216,-1168.33,151.2971,1.98,44.8,45.8
1217,-1167.2,67.8874,1.92,50.4,45.8
1218,-1160.33,290.3988,1.92,51.9,45.9
1219,-1171.01,368.0117,1.95,52.3,45.9
1220,-1161.1,165.5395,1.9,52.9,45.9
1221,-1192.42,202.953,1.97,51.0,45.9
1222,-1148.79,264.3977,1.95,45.8,45.9
1223,-1139.67,143.1097,1.94,46.3,45.9
1224,-1174.83,117.0455,1.93,51.3,46.0
1225,-1218.78,400.6661,1.96,51.5,46.0
1226,-1175.53,196.5223,1.92,51.4,46.0
1227,-1183.7,172.6966,1.95,51.9,46.0
1228,-1195.09,119.9342,1.94,52.2,46.0
1229,-1134.34,202.5585,1.95,48.5,46.0
1230,-1156.75,98.3022,1.95,41.9,46.0
1231,-1128.41,164.3264,1.96,48.5,46.0
1232,-1228.84,322.7914,1.98,51.1,46.1
1233,-1169.79,100.582,1.95,51.2,46.0
1234,-1232.08,129.2367,1.94,52.0,46.1
1235,-1155.99,217.2446,1.91,51.6,46.1
1236,-1171.06,486.7341,1.97,53.1,46.1
1237,-1167.1,175.2412,1.93,46.0,46.0
1238,-1211.04,330.2517,1.94,44.2,46.1
1239,-1220.99,358.071,1.96,48.9,46.1
1240,-1177.77,184.4007,1.96,51.4,46.1
1241,-1183.82,211.9892,1.95,51.5,46.1
1242,-1199.61,85.5046,1.91,52.1,46.1
1243,-1187.91,79.3363,1.95,52.3,46.2
1244,-1198.9,238.2034,1.94,48.5,46.2
1245,-1186.82,66.9309,2.0,42.4,46.2
1246,-1210.26,98.6854,1.99,47.1,46.2
1247,-1169.71,107.5008,1.94,52.3,46.2
1248,-1179.14,195.3292,1.93,52.1,46.2
1249,-1199.7,100.0589,1.95,51.8,46.2
1250,-1215.8,301.6596,1.97,52.0,46.2
1251,-1177.21,107.2011,1.96,51.6,46.2
1252,-1189.42,169.1671,1.98,43.2,46.1
1253,-1204.34,133.751,1.97,48.3,46.1
1254,-1194.11,304.5715,1.95,51.9,46.1
1255,-1153.96,132.8451,1.93,51.4,46.1
1256,-1192.26,131.7532,1.92,51.4,46.1
1257,-1186.73,117.3393,1.92,52.4,46.1
1258,-1193.85,143.2186,1.95,49.2,46.1
1259,-1175.29,59.5167,1.94,43.5,46.1
1260,-1149.94,201.3875,1.96,46.0,46.1
1261,-1162.96,140.511,1.92,51.6,46.1
1262,-1183.02,281.7415,1.96,52.2,46.2
1263,-1190.2,243.642,1.94,51.6,46.1
1264,-1174.69,265.9384,1.92,51.2,46.1
1265,-1159.18,471.8606,1.94,51.0,46.2
1266,-1189.07,238.0167,1.92,43.3,46.1
1267,-1202.28,87.6182,1.97,46.7,46.2
1268,-1178.69,178.4244,1.95,51.2,46.2
1269,-1151.47,183.3673,1.92,51.4,46.1
1270,-1195.01,149.6265,1.93,51.4,46.2
1271,-1178.78,119.9066,1.95,52.5,46.2
1272,-1195.47,347.7288,2.0,50.5,46.2
1273,-1219.37,202.6835,1.96,45.7,46.2
1274,-1148.51,231.8869,2.0,44.4,46.2
1275,-1170.31,71.6145,1.93,49.9,46.2
1276,-1181.67,88.254,1.94,51.6,46.2
1277,-1205.75,34.0412,1.95,51.5,46.3
1278,-1164.57,207.1003,1.91,52.2,46.2
1279,-1151.49,185.3415,1.93,51.9,46.2
1280,-1167.15,119.9263,1.96,47.7,46.2
1281,-1203.79,200.6692,1.99,43.2,46.2
1282,-1161.22,93.6877,1.92,49.5,46.2
1283,-1197.96,157.9123,1.96,51.4,46.3
1284,-1190.26,116.6452,1.93,51.5,46.3
1285,-1146.62,150.0426,1.94,52.0,46.2
1286,-1165.67,464.1437,1.94,52.3,46.2
1287,-1212.22,718.3904,1.94,47.2,46.3
1288,-1208.06,133.0725,2.02,43.8,46.3
1289,-1197.93,294.8884,1.91,48.6,46.3
1290,-1183.37,179.8348,1.96,51.8,46.3
1291,-1173.38,65.2286,1.93,51.5,46.3
1292,-1153.49,130.8406,1.93,52.4,46.3
1293,-1168.37,166.6332,1.94,52.5,46.4
1294,-1167.37,138.7592,1.97,47.7,46.4
1295,-1141.96,157.3988,1.96,43.4,46.4
1296,-1147.93,177.2591,1.93,49.4,46.4
1297,-1165.83,116.1583,1.93,51.4,46.4
1298,-1147.52,127.9268,1.92,51.8,46.5
1299,-1211.06,280.6208,1.91,53.0,46.5
1300,-1176.34,78.0085,1.96,52.1,46.5
1301,-1216.07,440.8222,1.93,44.7,46.5
1302,-1198.95,223.0145,1.94,44.8,46.5
1303,-1168.67,52.7253,1.95,50.5,46.5
1304,-1175.67,71.0881,1.93,50.6,46.5
1305,-1185.7,99.9577,1.94,51.6,46.5
1306,-1198.12,126.3055,1.94,51.7,46.6
1307,-1204.57,62.3674,1.95,53.4,46.5
1308,-1171.15,44.1538,1.95,47.4,46.4
1309,-1193.13,51.5892,1.96,45.3,46.4
1310,-1170.88,161.5546,1.99,47.1,46.5
1311,-1181.64,75.5025,1.94,51.4,46.6
1312,-1176.39,553.0664,1.92,52.1,46.6
1313,-1162.42,268.2806,1.92,52.5,46.6
1314,-1170.1,156.2535,1.9,52.8,46.5
1315,-1180.62,192.3255,1.97,51.9,46.6
1316,-1167.68,57.7614,1.94,44.8,46.6
1317,-1156.83,151.1237,1.98,46.3,46.6
1318,-1172.05,315.6423,1.96,50.6,46.6
1319,-1155.21,85.3445,1.94,51.8,46.5
1320,-1200.89,258.4807,1.91,51.2,46.6
1321,-1222.59,164.744,1.93,52.0,46.6
1322,-1181.23,218.5594,1.95,51.7,46.6
1323,-1157.78,361.6295,1.96,45.2,46.6
1324,-1203.76,94.5014,2.01,44.7,46.5
1325,-1173.68,116.1903,1.94,50.7,46.6
1326,-1174.54,92.5322,1.92,52.1,46.6
1327,-1169.95,49.1411,1.93,52.1,46.6
1328,-1210.38,143.2011,1.95,51.8,46.6
1329,-1205.45,231.6864,1.95,52.6,46.6
1330,-1182.61,215.8966,1.93,45.6,46.6
1331,-1180.65,186.1711,1.96,44.3,46.6
1332,-1154.67,65.4479,1.94,49.7,46.7
1333,-1174.85,185.7064,1.96,50.4,46.7
1334,-1159.29,148.669,1.91,51.5,46.7
1335,-1179.13,177.8419,1.91,52.3,46.6
1336,-1165.85,54.6079,1.96,51.6,46.6
1337,-1174.87,156.9991,1.95,46.0,46.6
1338,-1182.29,99.2368,1.97,43.5,46.6
1339,-1125.36,82.9893,1.93,49.5,46.6
1340,-1138.4,52.1272,1.93,51.1,46.7
1341,-1174.81,140.0514,1.9,51.4,46.6
1342,-1152.22,71.8981,1.92,51.9,46.6
1343,-1167.74,50.6444,1.96,51.8,46.7
1344,-1179.02,163.1755,1.92,44.3,46.7
1345,-1175.86,78.2474,1.97,45.7,46.7
1346,-1184.44,58.568,1.93,49.6,46.8
1347,-1187.78,239.6768,1.94,51.1,46.7
1348,-1149.6,169.5795,1.92,52.2,46.7
1349,-1136.97,165.081,1.9,52.5,46.7
1350,-1176.56,227.0234,2.0,51.6,46.8
1351,-1223.97,460.6262,1.99,46.3,46.8
1352,-1156.72,57.229,1.99,44.8,46.8
1353,-1196.16,145.2326,1.95,50.5,46.8
1354,-1177.54,136.8122,1.93,52.6,46.8
1355,-1157.04,193.3581,1.91,51.3,46.8
1356,-1138.26,60.7606,1.94,51.8,46.9
1357,-1220.09,179.4049,1.97,52.7,46.9
1358,-1183.21,116.3084,1.96,47.3,46.8
1359,-1167.87,172.2545,1.97,42.6,46.8
1360,-1186.92,86.1156,2.0,49.0,46.8
1361,-1162.02,93.5061,1.92,51.5,46.8
1362,-1175.73,405.3074,1.93,51.0,46.9
1363,-1163.08,120.8588,1.95,52.2,46.9
1364,-1166.72,76.9064,1.93,53.1,46.9
1365,-1131.16,104.8494,1.98,48.3,46.9
1366,-1127.37,299.7766,1.99,42.7,46.9
1367,-1137.84,97.6876,1.97,48.0,46.9
1368,-1160.23,53.3711,1.93,51.8,46.9
1369,-1153.63,53.5649,1.92,51.2,46.9
1370,-1176.04,139.3743,1.9,52.3,46.9
1371,-1156.37,158.1046,1.94,52.4,46.9
1372,-1179.8,113.2126,1.97,48.2,47.0
1373,-1176.54,324.5823,1.94,42.5,47.0
1374,-1143.03,119.2974,1.96,48.8,47.0
1375,-1156.67,79.2936,1.92,51.4,47.0
1376,-1139.24,111.8695,1.91,51.6,47.0
1377,-1183.55,149.501,1.9,51.8,47.0
1378,-1145.86,56.2226,1.93,53.2,47.0
1379,-1178.11,94.7477,1.97,47.1,47.1
1380,-1148.6,282.5802,1.99,43.1,47.1
1381,-1163.84,98.8696,1.93,48.6,47.1
1382,-1176.47,95.7447,1.91,51.5,47.1
1383,-1144.05,126.9124,1.89,51.0,47.2
1384,-1196.6,88.8504,1.91,52.8,47.1
1385,-1160.3,94.6509,1.9,52.9,47.2
1386,-1193.21,123.095,1.97,46.8,47.1
1387,-1145.28,165.7076,1.93,43.4,47.2
1388,-1192.34,147.168,1.93,48.6,47.0
1389,-1167.93,133.1658,1.89,52.4,47.0
1390,-1181.35,113.7454,1.91,52.0,47.0
1391,-1141.54,97.4927,1.98,53.0,47.1
1392,-1169.8,166.2534,1.95,48.5,47.0
1393,-1145.9,73.9639,1.96,42.3,47.1
1394,-1171.19,48.4517,1.95,46.5,47.0
1395,-1143.91,344.3085,1.95,52.2,47.1
1396,-1155.64,94.0985,1.96,52.0,47.2
1397,-1147.66,84.3136,1.93,52.6,47.1
1398,-1170.31,146.1746,1.96,52.6,47.1
1399,-1176.49,118.9581,1.98,49.5,47.1
1400,-1150.15,52.4199,1.97,44.5,47.1
1401,-1180.77,166.0297,1.96,45.5,47.2
1402,-1155.74,65.7511,1.95,50.8,47.2
1403,-1154.69,50.7353,1.94,51.3,47.2
1404,-1183.65,123.2464,1.92,51.8,47.1
1405,-1171.68,37.9421,1.94,52.1,47.2
1406,-1189.99,104.6416,1.97,52.2,47.2
1407,-1163.76,99.9145,1.98,46.1,47.2
1408,-1156.35,86.3718,1.97,44.1,47.2
1409,-1186.91,305.4188,1.93,51.1,47.2
1410,-1179.57,56.0433,1.93,51.8,47.2
1411,-1149.11,75.5682,1.93,51.8,47.2
1412,-1171.13,49.6749,1.91,52.3,47.2
1413,-1148.25,38.7767,1.97,51.3,47.2
1414,-1186.69,118.5395,2.02,45.3,47.2
1415,-1115.21,139.4143,2.0,44.2,47.2
1416,-1156.04,59.3783,1.96,50.3,47.2
1417,-1162.32,101.7883,1.93,51.5,47.3
1418,-1153.91,53.9225,1.92,51.7,47.3
1419,-1178.52,52.163,1.93,52.0,47.3
1420,-1196.22,124.8443,1.95,52.8,47.3
1421,-1181.52,92.8733,1.98,46.6,47.3
1422,-1163.96,170.1263,1.94,43.6,47.3
1423,-1190.88,71.8037,1.93,49.8,47.3
1424,-1160.92,78.1372,1.92,51.5,47.3
1425,-1179.19,92.8465,1.94,51.4,47.4
1426,-1161.47,96.1858,1.92,52.0,47.4
1427,-1151.22,73.3449,1.94,51.9,47.3
1428,-1167.82,207.8924,1.96,47.8,47.3
1429,-1168.38,77.2411,1.97,40.5,47.4
1430,-1151.47,121.3165,1.94,47.4,47.4
1431,-1171.78,67.8838,1.95,51.3,47.4
1432,-1206.25,42.6529,1.93,51.3,47.4
1433,-1156.72,126.6329,1.89,52.0,47.4
1434,-1189.2,78.7511,1.95,51.9,47.4
1435,-1163.48,79.7398,1.97,50.5,47.5
1436,-1171.38,117.5509,1.95,42.5,47.5
1437,-1189.87,81.7381,1.93,46.9,47.5
1438,-1179.99,84.764,1.94,52.2,47.5
1439,-1193.47,38.2255,1.95,50.9,47.5
1440,-1208.18,142.292,1.9,51.6,47.5
1441,-1162.91,67.5599,1.93,52.5,47.5
1442,-1185.78,43.3369,2.0,49.7,47.6
1443,-1193.93,139.4328,1.96,43.7,47.6
1444,-1168.26,85.7634,1.94,45.9,47.6
1445,-1161.08,102.4271,1.94,51.4,47.5
1446,-1175.56,49.8461,1.93,51.7,47.6
1447,-1150.15,156.2793,1.93,51.5,47.6
1448,-1190.15,194.6765,1.9,51.9,47.6
1449,-1175.99,27.5869,1.92,51.6,47.4
1450,-1175.19,48.1603,1.94,52.8,47.4
1451,-1178.37,70.8626,1.93,46.3,47.4
1452,-1161.85,55.9809,1.94,44.2,47.4
1453,-1128.67,226.4563,1.94,49.5,47.4
1454,-1152.01,48.1736,1.91,52.2,47.4
1455,-1138.28,97.9362,1.93,52.2,47.5
1456,-1165.63,127.2528,1.91,51.7,47.5
1457,-1161.77,52.6622,1.93,52.6,47.4
1458,-1166.52,38.562,1.93,47.7,47.5
1459,-1180.6,91.9324,1.97,43.5,47.5
1460,-1149.18,81.4758,1.92,49.6,47.5
1461,-1146.36,46.1378,1.9,51.3,47.5
1462,-1169.36,33.2091,1.93,51.3,47.5
1463,-1188.6,141.6968,1.94,52.2,47.5
1464,-1181.07,81.0871,1.95,52.5,47.6
1465,-1160.86,33.9183,1.96,46.9,47.5
1466,-1166.06,65.867,1.97,44.7,47.5
1467,-1216.22,69.124,1.95,49.1,47.6
1468,-1186.49,53.4548,1.94,52.0,47.5
1469,-1189.33,116.0393,1.94,51.0,47.6
1470,-1179.19,76.7886,1.91,51.9,47.5
1471,-1172.06,88.6739,1.92,52.7,47.6
1472,-1209.4,28.3703,1.99,47.5,47.6
1473,-1208.97,108.8084,2.06,42.8,47.9
1474,-1201.44,86.0713,1.93,48.3,47.7
1475,-1179.46,68.5818,1.95,51.5,47.8
1476,-1187.3,51.0299,1.93,52.1,47.7
1477,-1161.35,102.5252,1.96,52.0,47.7
1478,-1172.29,59.1831,1.94,52.3,47.7
1479,-1176.35,60.2305,1.99,49.4,47.7
1480,-1169.74,59.3603,1.98,42.0,47.7
1481,-1192.15,93.3859,2.01,48.3,47.7
1482,-1186.33,112.6237,1.92,52.0,47.8
1483,-1165.11,71.9127,1.92,52.6,47.8
1484,-1183.62,40.9475,1.89,51.5,47.8
1485,-1174.82,66.9548,1.94,52.4,47.8
1486,-1156.7,40.1892,1.95,49.1,47.8
1487,-1192.49,74.4854,1.95,42.9,47.8
1488,-1187.34,86.0857,1.95,46.8,47.8
1489,-1158.7,53.5136,1.92,50.7,47.9
1490,-1181.76,74.8273,1.92,52.1,47.9
1491,-1170.57,54.5702,1.91,52.5,47.9
1492,-1165.85,69.8442,1.94,53.0,47.9
1493,-1179.12,41.0211,1.95,49.0,47.9
1494,-1154.96,50.0948,1.95,42.4,47.9
1495,-1200.53,104.5523,2.01,48.4,47.9
1496,-1206.05,97.2361,1.94,51.7,47.9
1497,-1195.26,179.8998,1.91,50.8,48.0
1498,-1161.93,42.154,1.89,52.5,47.9
1499,-1139.85,102.4288,1.91,52.4,48.0
1500,-1160.71,89.5495,1.97,49.2,48.0
1501,-1161.61,61.2911,1.98,42.6,48.0
1502,-1178.37,54.6445,1.97,47.2,48.0
1503,-1138.74,135.942,1.92,51.6,48.0
1504,-1167.77,305.0913,1.89,51.8,48.0
1505,-1152.84,94.756,1.91,52.8,48.0
1506,-1164.1,105.6648,1.92,52.5,48.0
1507,-1188.58,151.9524,1.97,48.5,48.1
1508,-1154.66,115.9144,1.97,42.5,48.1
1509,-1179.12,63.8704,1.96,47.9,48.0
1510,-1171.78,109.0265,1.92,50.9,48.1
1511,-1152.84,84.2772,1.93,50.5,48.1
1512,-1190.5,63.5445,1.88,52.1,48.1
1513,-1153.19,37.795,1.93,52.0,48.1
1514,-1166.4,64.5375,1.93,46.3,48.2
1515,-1177.42,57.7568,1.98,42.7,48.2
1516,-1159.46,74.3801,1.89,49.1,48.0
1517,-1186.91,40.8329,1.92,51.0,48.0
1518,-1184.44,161.69,1.9,51.9,48.0
1519,-1178.18,41.9315,1.93,52.4,48.0
1520,-1177.34,39.1944,1.96,48.3,48.1
1521,-1154.12,82.5376,1.97,41.4,48.0
1522,-1197.0,209.8683,2.01,47.8,48.0
1523,-1142.96,75.1307,1.94,51.1,48.1
1524,-1200.3,153.9585,1.94,51.0,48.1
1525,-1174.66,104.538,1.91,51.7,48.1
1526,-1151.67,58.4879,1.94,52.7,48.0
1527,-1186.57,97.7846,1.97,49.4,48.1
1528,-1138.11,49.3768,1.95,42.5,48.1
1529,-1166.07,72.5355,1.96,47.1,48.1
1530,-1164.22,54.3542,1.94,50.8,48.1
1531,-1199.74,84.2618,1.98,51.6,48.2
1532,-1213.16,125.1055,1.97,52.4,48.2
1533,-1185.89,186.7878,1.93,52.4,48.1
1534,-1173.62,46.3721,1.95,52.3,48.2
1535,-1208.15,137.8376,2.01,45.9,48.2
1536,-1176.64,73.5299,1.93,43.7,48.2
1537,-1173.24,95.9826,1.95,48.7,48.2
1538,-1175.34,35.0612,1.95,51.7,48.2
1539,-1143.49,99.3087,1.93,51.3,48.2
1540,-1190.91,157.4916,1.95,52.9,48.2
1541,-1210.66,188.8201,1.98,52.9,48.3
1542,-1189.96,86.6408,1.97,48.2,48.3
1543,-1167.44,167.2187,1.98,41.9,48.3
1544,-1154.07,131.2932,1.93,47.1,48.3
1545,-1208.67,139.7738,1.92,51.6,48.3
1546,-1172.46,72.7754,1.95,50.8,48.4
1547,-1191.73,56.1305,1.91,52.1,48.4
1548,-1152.69,89.9665,1.93,52.5,48.4
1549,-1163.64,113.4094,1.97,48.5,48.4
1550,-1218.83,161.9083,2.01,42.9,48.3
1551,-1177.69,45.7919,1.96,47.5,48.4
1552,-1204.6,91.4453,1.96,52.1,48.4
1553,-1174.33,55.2635,1.92,51.3,48.4
1554,-1170.87,64.798,1.94,51.6,48.4
1555,-1166.91,78.6965,1.92,52.1,48.4
1556,-1156.12,69.1114,1.95,51.8,48.4
1557,-1176.98,166.9802,1.95,44.3,48.4
1558,-1140.82,42.7688,1.99,45.0,48.5
1559,-1154.14,36.0724,1.92,49.4,48.5
1560,-1179.87,76.3664,1.93,51.3,48.5
1561,-1154.78,50.3344,1.94,51.8,48.5
1562,-1169.88,62.5398,1.93,52.4,48.5
1563,-1154.17,51.4147,1.91,52.0,48.5
1564,-1158.68,29.1264,1.98,47.3,48.5
1565,-1182.3,46.845,1.97,41.6,48.6
1566,-1182.15,45.5756,2.0,47.5,48.6
1567,-1183.6,77.4996,1.94,51.2,48.5
1568,-1183.73,59.1077,1.93,51.4,48.6
1569,-1159.9,134.9771,1.91,52.0,48.6
1570,-1144.72,133.9287,1.91,53.1,48.6
1571,-1168.76,25.9841,1.96,49.3,48.6
1572,-1176.59,52.3322,1.95,42.5,48.6
1573,-1165.02,39.9438,1.98,47.0,48.6
1574,-1185.2,65.2245,1.92,52.2,48.6
1575,-1186.24,100.1738,1.92,51.4,48.6
1576,-1174.12,58.8752,1.9,51.8,48.7
1577,-1190.37,21.2346,1.92,52.3,48.6
1578,-1169.59,74.5668,1.97,49.4,48.7
1579,-1150.49,59.1283,1.96,42.6,48.7
1580,-1172.35,63.463,1.95,48.8,48.7
1581,-1165.46,26.8941,1.94,51.8,48.7
1582,-1159.86,65.1362,1.9,50.8,48.7
1583,-1167.59,54.3535,1.88,51.8,48.7
1584,-1163.19,37.8313,1.9,53.0,48.7
1585,-1162.35,32.481,1.97,46.9,48.7
1586,-1186.88,43.0136,1.95,42.6,48.7
1587,-1151.64,40.5754,1.99,44.3,48.6
1588,-1169.76,23.6596,1.96,48.0,48.6
1589,-1164.59,41.0931,1.94,52.1,48.6
1590,-1166.11,39.4361,1.95,52.3,48.7
1591,-1176.47,101.9538,1.91,52.4,48.7
1592,-1152.14,57.1363,1.93,52.7,48.7
1593,-1170.91,37.8202,1.92,48.3,48.8
1594,-1154.73,60.6457,1.95,42.0,48.7
1595,-1166.83,102.9628,1.96,47.3,48.7
1596,-1161.42,32.5442,1.95,51.2,48.8
1597,-1160.2,56.17,1.93,51.1,48.7
1598,-1176.84,50.0351,1.92,52.1,48.8
1599,-1151.22,41.8282,1.94,52.6,48.8
1600,-1182.07,41.1527,1.92,48.6,48.8
1601,-1137.1,123.2912,1.97,42.1,48.8
1602,-1177.35,28.5987,1.93,48.2,48.8
1603,-1179.16,41.9123,1.94,50.5,48.8
1604,-1195.12,54.1654,1.92,51.5,48.8
1605,-1173.31,52.2515,1.9,52.1,48.8
1606,-1155.11,91.7891,1.94,53.0,48.8
1607,-1160.52,55.232,1.93,46.0,48.8
1608,-1167.9,50.9263,1.98,43.6,48.8
1609,-1177.02,79.5848,1.94,48.7,48.8
1610,-1200.16,62.4712,1.96,50.7,48.8
1611,-1149.9,162.0028,1.93,51.7,48.8
1612,-1142.59,40.0057,1.9,52.4,48.8
1613,-1182.35,116.8941,1.93,52.7,48.8
1614,-1161.02,62.3781,1.93,48.2,48.8
1615,-1183.21,57.6096,1.96,42.2,48.8
1616,-1171.26,24.1892,1.96,49.2,48.9
1617,-1196.61,153.5098,1.96,51.3,48.9
1618,-1167.97,24.4121,1.91,50.6,48.9
1619,-1151.47,36.2499,1.92,52.2,48.9
1620,-1182.02,173.4751,1.92,53.0,48.9
1621,-1155.66,52.9125,1.96,47.0,48.9
1622,-1184.05,95.0979,1.94,42.7,49.0
1623,-1200.57,42.2279,1.98,48.9,49.0
1624,-1190.16,26.265,1.94,51.8,48.9
1625,-1164.92,20.6617,1.93,51.8,48.9
1626,-1196.64,133.9008,1.94,52.0,49.0
1627,-1194.21,118.4241,1.95,52.7,49.0
1628,-1163.59,55.6265,1.97,48.2,49.0
1629,-1168.67,43.5291,1.99,41.4,49.0
1630,-1180.87,21.0194,1.96,47.6,49.0
1631,-1161.37,34.0098,1.95,51.5,49.0
1632,-1177.64,19.7553,1.93,51.5,49.0
1633,-1154.56,37.9072,1.91,52.0,49.0
1634,-1163.86,24.1152,1.94,52.8,49.0
1635,-1190.32,112.7586,1.94,47.9,49.0
1636,-1196.04,136.1698,1.96,41.9,49.0
1637,-1166.64,45.148,1.94,48.6,49.1
1638,-1201.3,111.1004,1.95,50.9,49.1
1639,-1193.59,142.5231,1.95,51.8,49.1
1640,-1156.44,100.5056,1.9,51.7,49.1
1641,-1152.01,94.0803,1.93,52.6,49.1
1642,-1172.43,32.5431,1.98,48.2,49.1
1643,-1159.6,28.6137,1.97,42.4,49.1
1644,-1162.15,94.4967,1.96,48.0,49.2
1645,-1167.0,31.3485,1.92,51.6,49.1
1646,-1176.12,32.2962,1.9,52.0,49.1
1647,-1189.82,41.8365,1.94,51.7,49.1
1648,-1160.6,79.583,1.94,52.5,49.2
1649,-1179.22,38.161,1.98,48.0,49.2
1650,-1167.47,42.0167,1.97,42.1,49.3
1651,-1161.19,59.7021,1.94,47.9,49.0
1652,-1185.86,60.0741,1.94,51.9,49.0
1653,-1184.73,80.0749,1.94,51.7,49.1
1654,-1182.99,38.2616,1.93,52.2,49.1
1655,-1185.53,39.5412,1.97,50.8,49.1
1656,-1183.92,27.9666,1.95,43.7,49.1
1657,-1150.14,78.5747,1.98,46.0,49.1
1658,-1161.05,42.9128,1.96,50.7,49.1
1659,-1204.84,49.3748,1.95,51.5,49.1
1660,-1201.62,48.5712,1.96,51.5,49.1
1661,-1168.26,73.5689,1.93,52.4,49.1
1662,-1197.76,108.1336,1.94,52.6,49.2
1663,-1175.27,77.8685,1.98,46.1,49.1
1664,-1185.37,60.6135,1.96,43.3,49.1
1665,-1206.22,147.6426,1.96,49.4,49.2
1666,-1192.84,40.2414,1.95,50.9,49.1
1667,-1205.68,48.2274,1.94,51.0,49.2
1668,-1198.13,32.1652,1.93,51.6,49.2
1669,-1207.4,76.9686,1.93,53.0,49.2
1670,-1212.16,28.8677,1.96,48.6,49.2
1671,-1212.08,67.2887,1.95,42.9,49.2
1672,-1197.11,42.9786,1.98,48.8,49.2
1673,-1189.25,88.9571,1.94,51.5,49.2
1674,-1196.74,22.9559,1.94,50.9,49.2
1675,-1176.64,56.8801,1.91,52.1,49.3
1676,-1187.41,16.7761,1.92,52.9,49.2
1677,-1216.02,177.3071,1.97,48.5,49.3
1678,-1183.94,98.5575,1.98,42.1,49.4
1679,-1190.86,48.9645,1.94,48.2,49.3
1680,-1183.47,25.9155,1.95,52.0,49.3
1681,-1180.59,43.6021,1.95,51.3,49.3
1682,-1169.42,72.6729,1.93,51.3,49.4
1683,-1186.96,24.4048,1.93,53.1,49.3
1684,-1211.54,55.9225,1.99,49.2,49.3
1685,-1173.6,51.7912,1.97,43.0,49.3
1686,-1207.14,94.707,1.97,47.0,49.3
1687,-1188.94,21.5296,1.95,51.1,49.3
1688,-1163.43,30.9076,1.95,51.5,49.3
1689,-1189.71,61.4726,1.92,51.7,49.3
1690,-1180.81,18.171,1.95,52.7,49.3
1691,-1183.53,69.3472,2.0,50.7,49.3
1692,-1183.29,27.7637,1.93,45.3,49.3
1693,-1154.66,79.6893,1.94,45.8,49.3
1694,-1155.82,68.429,1.93,50.8,49.3
1695,-1151.65,35.2111,1.93,51.8,49.3
1696,-1175.82,80.2721,1.94,51.9,49.3
1697,-1205.32,92.3053,1.93,51.8,49.2
1698,-1137.29,80.4389,1.95,52.8,49.2
1699,-1139.13,47.8587,1.98,47.0,49.1
1700,-1149.63,58.6431,1.98,44.0,49.0
1701,-1164.78,73.7503,1.96,48.4,49.0
1702,-1168.69,40.4763,1.94,51.5,49.0
1703,-1168.27,64.4488,1.92,51.1,49.0
1704,-1157.7,34.534,1.9,52.5,49.0
1705,-1163.29,45.3054,1.96,52.5,49.0
1706,-1210.48,83.448,1.96,46.2,49.0
1707,-1146.87,143.1014,2.0,44.0,49.0
1708,-1178.59,23.3853,1.95,49.4,49.1
1709,-1138.99,46.6464,1.91,50.8,49.0
1710,-1186.49,90.833,1.94,51.4,49.0
1711,-1203.16,181.1117,1.91,51.8,49.1
1712,-1176.39,19.2524,1.96,52.2,49.1
1713,-1176.33,50.5693,1.97,45.8,49.1
1714,-1158.98,50.3034,1.99,43.5,49.1
1715,-1159.63,17.3118,1.93,49.6,49.1
1716,-1168.54,15.8623,1.92,52.0,49.1
1717,-1178.69,15.0592,1.93,51.2,49.2
1718,-1149.7,72.3529,1.91,51.9,49.2
1719,-1172.97,64.4521,1.95,52.4,49.2
1720,-1155.26,33.1637,1.98,45.9,49.1
1721,-1143.52,46.2184,1.98,42.6,49.2
1722,-1162.94,46.2303,1.97,49.4,49.2
1723,-1191.23,121.6473,1.99,51.8,49.2
1724,-1185.94,74.7118,1.93,52.0,49.2
1725,-1155.42,89.4734,1.92,52.2,49.2
1726,-1162.72,26.15,1.9,52.6,49.2
1727,-1182.91,39.0949,1.97,48.8,49.2
1728,-1184.09,34.745,2.01,41.4,49.3
1729,-1170.03,30.7214,1.92,48.5,49.3
1730,-1148.33,43.3918,1.93,51.4,49.3
1731,-1162.3,36.7,1.93,51.8,49.3
1732,-1138.61,40.6166,1.92,51.1,49.1
1733,-1218.53,210.0561,1.92,52.2,49.1
1734,-1164.34,94.5004,2.05,58.2,49.4
1735,-1201.24,139.8596,1.97,48.3,49.4
1736,-1155.58,88.5392,1.99,43.4,49.4
1737,-1183.4,60.6693,1.95,49.0,49.4
1738,-1185.47,86.7124,1.97,51.7,49.4
1739,-1197.85,109.4992,1.95,52.1,49.4
1740,-1149.82,88.1095,1.93,52.5,49.4
1741,-1170.66,81.5497,1.93,52.7,49.4
1742,-1171.77,20.8738,1.93,46.6,49.4
1743,-1212.62,98.7027,2.0,43.4,49.4
1744,-1196.88,66.9344,2.01,48.1,49.5
1745,-1178.21,430.4332,1.92,52.1,49.5
1746,-1165.48,122.6014,1.92,52.0,49.5
1747,-1151.44,139.7056,1.89,52.0,49.5
1748,-1169.15,84.5039,1.91,52.8,49.5
1749,-1159.66,64.6893,1.95,48.0,49.5
1750,-1245.44,257.0199,1.98,41.5,49.5
1751,-1159.09,66.9674,1.96,48.3,49.6
1752,-1159.65,64.975,1.93,51.1,49.5
1753,-1201.1,74.598,1.93,50.8,49.5
1754,-1147.12,47.6102,1.92,51.9,49.5
1755,-1177.92,16.5241,1.94,52.1,49.5
1756,-1159.21,45.4246,1.95,52.1,50.4
1757,-1154.3,26.8745,1.94,44.4,50.0
1758,-1169.85,32.5211,1.95,45.4,50.0
1759,-1157.99,104.8718,1.97,50.8,49.9
1760,-1158.37,54.4844,1.92,51.7,50.0
1761,-1179.96,48.1114,1.95,52.0,50.0
1762,-1178.02,28.0095,1.94,51.3,50.0
1763,-1162.58,31.2725,1.98,51.8,50.0
1764,-1194.03,166.6821,1.98,45.4,50.0
1765,-1160.36,47.6071,1.93,44.3,50.0
1766,-1179.15,38.251,1.94,51.5,50.0
1767,-1163.24,37.9156,1.92,52.0,50.0
1768,-1129.58,30.4131,1.93,51.4,50.0
1769,-1133.68,36.073,1.91,52.6,50.1
1770,-1146.7,158.3279,1.98,50.7,50.0
1771,-1179.13,110.8996,1.96,44.2,50.0
1772,-1158.13,38.8555,1.96,46.7,50.1
1773,-1133.83,59.483,1.95,50.8,50.0
1774,-1207.1,220.0052,1.97,52.2,50.1
1775,-1164.22,55.321,1.93,51.3,50.0
1776,-1175.56,50.9299,1.93,52.5,50.0
1777,-1182.68,19.1335,1.96,51.5,50.1
1778,-1166.51,22.9209,1.98,45.8,50.1
1779,-1150.99,124.9406,1.94,45.0,50.1
1780,-1207.33,182.0871,1.99,51.0,50.1
1781,-1159.31,57.0209,1.92,52.2,50.1
1782,-1144.69,36.8705,1.93,51.1,50.1
1783,-1159.25,40.8542,1.89,52.2,50.1
1784,-1170.64,106.1548,1.93,52.3,50.1
1785,-1148.76,29.2569,1.99,45.8,50.2
1786,-1183.12,79.3036,1.93,43.7,50.0
1787,-1229.69,188.0342,1.96,52.0,50.0
1788,-1162.27,229.6991,1.93,51.7,50.0
1789,-1227.2,184.2473,1.93,51.7,50.0
1790,-1160.14,168.3712,1.92,52.6,50.0
1791,-1155.65,141.0326,1.94,46.4,50.1
1792,-1192.51,138.5289,1.98,42.1,50.0
1793,-1198.62,116.4693,1.98,47.4,50.1
1794,-1168.65,47.3696,1.92,51.6,50.1
1795,-1152.32,81.5611,1.92,51.7,50.1
1796,-1196.86,67.0961,1.9,52.1,50.1
1797,-1155.71,55.0942,1.94,52.6,50.1
1798,-1160.94,19.1539,1.94,46.9,50.1
1799,-1166.28,30.9942,1.97,42.1,50.1
1800,-1178.89,16.8181,1.93,49.0,50.1
1801,-1149.75,20.1682,1.94,51.4,50.1
1802,-1195.19,96.4789,1.98,51.1,50.1
1803,-1178.8,26.9548,1.91,51.6,50.1
1804,-1203.52,100.0656,1.96,52.9,50.1
1805,-1160.08,89.9667,1.94,49.5,50.2
1806,-1177.3,100.7767,1.95,41.9,50.2
1807,-1165.39,23.4495,1.95,48.3,50.2
1808,-1187.04,139.2696,1.93,52.3,50.2
1809,-1192.3,150.9137,1.97,51.7,50.2
1810,-1169.49,61.2486,1.93,52.4,50.2
1811,-1164.22,32.2132,1.93,52.4,50.2
1812,-1171.3,15.1797,1.97,47.8,50.2
1813,-1159.59,17.5974,1.94,42.1,50.2
1814,-1203.98,117.9037,2.01,47.9,50.2
1815,-1124.58,158.3183,1.92,51.6,50.2
1816,-1130.9,133.8923,1.91,51.6,50.3
1817,-1170.03,109.4695,1.93,51.4,50.2
1818,-1199.86,56.4161,1.98,52.4,50.2
1819,-1188.1,46.839,1.96,50.4,50.3
1820,-1201.96,96.706,2.0,45.3,50.2
1821,-1172.52,100.4583,1.92,45.2,50.3
1822,-1144.02,79.0966,1.95,50.5,50.3
1823,-1154.59,54.0331,1.93,51.2,50.3
1824,-1154.46,42.9863,1.92,51.3,50.3
1825,-1147.58,35.8993,1.93,52.8,50.4
1826,-1153.9,20.7015,1.94,52.4,50.3
1827,-1152.28,22.5553,1.96,45.2,50.3
1828,-1195.13,143.5472,1.98,44.8,50.3
1829,-1187.26,151.2299,1.99,50.7,50.4
1830,-1198.71,74.1488,1.94,51.5,50.4
1831,-1191.5,231.3706,1.91,50.9,50.4
1832,-1208.82,53.4721,1.94,51.5,50.4
1833,-1138.68,210.2685,1.94,52.2,50.4
1834,-1169.23,85.8661,2.02,46.6,50.4
1835,-1172.12,80.7352,1.97,43.0,50.4
1836,-1206.98,99.5523,1.99,50.0,50.4
1837,-1177.74,48.4346,1.95,51.7,50.4
1838,-1147.16,245.7183,1.92,51.1,50.5
1839,-1146.79,120.6817,1.92,52.8,50.5
1840,-1163.89,32.3526,1.95,52.3,50.5
1841,-1158.71,25.7241,1.96,48.8,50.5
1842,-1175.4,96.6028,1.97,42.6,50.5
1843,-1156.0,32.2263,1.97,47.6,50.5
1844,-1168.17,75.3793,1.95,51.2,50.6
1845,-1160.0,17.3955,1.94,51.2,50.6
1846,-1166.07,14.0398,1.89,52.1,50.6
1847,-1185.23,19.7452,1.95,52.7,50.6
1848,-1170.95,30.4582,1.99,48.4,50.6
1849,-1168.02,60.8466,1.95,41.9,50.6
1850,-1169.25,24.6726,1.97,47.8,50.7
1851,-1160.98,60.6018,1.93,52.2,50.7
1852,-1189.24,29.7784,1.93,52.2,50.7
1853,-1194.72,64.4585,1.9,51.5,50.7
1854,-1147.63,89.4677,1.96,52.4,50.7
1855,-1129.85,190.2036,1.97,49.3,50.7
1856,-1167.5,33.4693,1.99,41.8,50.7
1857,-1167.28,30.1655,1.97,47.0,50.7
1858,-1179.73,28.2352,1.96,51.1,50.8
1859,-1175.01,27.0457,1.92,51.6,50.8
1860,-1158.2,30.9984,1.94,51.4,50.8
1861,-1194.77,50.9006,1.92,52.0,50.8
1862,-1203.28,38.6067,1.94,49.7,50.8
1863,-1150.4,101.2919,1.96,44.6,50.8
1864,-1174.46,18.5896,1.96,46.2,50.8
1865,-1132.91,51.1097,1.97,50.4,50.8
1866,-1170.89,50.3927,1.93,51.6,50.9
1867,-1148.82,106.2506,1.91,52.2,50.9
1868,-1174.64,63.5434,1.93,52.6,50.9
1869,-1173.14,22.1674,1.95,52.1,50.9
1870,-1192.81,95.8839,1.94,45.1,50.9
1871,-1170.26,22.1918,1.96,44.6,50.9
1872,-1149.58,166.3429,1.9,50.8,50.9
1873,-1180.81,40.0155,1.93,51.1,51.0
1874,-1203.2,148.1387,1.94,51.4,51.0
1875,-1190.87,49.5907,1.92,52.4,50.9
1876,-1165.89,95.2094,1.93,52.4,50.9
1877,-1174.04,30.3502,1.98,47.4,50.9
1878,-1178.6,16.6795,2.0,42.7,51.0
1879,-1173.22,38.8685,1.95,49.6,51.2
1880,-1166.13,17.8778,1.93,51.2,51.2
1881,-1184.02,73.5994,1.93,51.6,51.2
1882,-1172.23,11.8781,1.9,52.0,51.2
1883,-1154.99,28.3072,1.92,51.8,51.1
1884,-1197.46,153.4239,1.95,53.0,51.0
1885,-1217.93,326.4582,2.0,47.4,51.0
1886,-1202.26,125.8259,2.0,41.8,51.0
1887,-1199.37,275.9168,2.01,46.3,51.1
1888,-1138.53,423.0484,1.91,51.5,51.1
1889,-1198.63,61.4971,1.95,51.8,51.1
1890,-1178.06,282.7733,1.92,52.0,51.1
1891,-1193.51,71.3731,1.93,51.9,51.1
1892,-1218.47,148.0305,2.0,52.4,51.1
1893,-1211.19,32.7001,2.0,45.4,51.1
1894,-1149.8,512.9981,1.96,43.5,51.1
1895,-1148.52,195.202,1.95,48.7,51.2
1896,-1152.69,190.1282,1.96,51.7,51.1
1897,-1179.64,174.3057,1.93,51.7,51.2
1898,-1141.71,69.4127,1.88,52.2,51.2
1899,-1210.95,130.4756,1.95,52.3,51.2
1900,-1197.46,82.6367,1.99,48.9,51.2
1901,-1228.84,131.9192,1.99,42.5,51.2
1902,-1221.96,31.0084,2.0,48.3,51.2
1903,-1166.14,220.6967,1.97,51.1,51.2
1904,-1214.9,113.9838,1.93,50.9,51.2
1905,-1156.86,66.948,1.93,51.8,51.2
1906,-1192.02,63.9574,1.94,51.7,51.3
1907,-1190.78,33.3413,1.95,49.2,51.3
1908,-1156.19,132.1425,1.97,43.6,51.2
1909,-1183.66,106.8482,1.95,47.7,51.2
1910,-1167.85,43.4378,2.0,50.2,51.3
1911,-1209.33,128.4739,1.93,51.5,51.3
1912,-1165.32,39.1587,1.95,51.6,51.3
1913,-1139.69,195.2271,1.91,52.1,51.1
1914,-1206.36,126.3083,1.99,47.3,51.1
1915,-1204.15,218.1641,1.98,43.5,51.1
1916,-1149.62,145.7614,1.99,46.6,51.1
1917,-1181.48,57.7774,1.95,51.1,51.1
1918,-1144.41,85.4809,1.91,51.6,51.1
1919,-1149.95,79.3422,1.9,52.2,51.2
1920,-1166.17,281.2979,1.92,53.0,51.1
1921,-1183.13,159.6224,1.94,51.5,51.1
1922,-1143.99,91.4962,1.97,46.2,51.2
1923,-1187.32,73.6895,1.98,44.1,51.2
1924,-1186.45,191.0407,1.95,47.8,51.2
1925,-1154.76,33.0606,1.94,51.4,51.2
1926,-1157.84,25.9336,1.92,51.0,51.2
1927,-1139.18,112.8323,1.93,52.0,51.2
1928,-1216.19,279.9104,1.94,52.9,51.2
1929,-1176.52,77.133,1.97,49.7,51.2
1930,-1182.31,121.0767,1.94,42.2,51.2
1931,-1154.22,54.7814,1.97,47.5,51.2
1932,-1175.67,37.4352,1.92,51.8,51.2
1933,-1169.27,22.3686,1.92,51.8,51.2
1934,-1175.18,36.2562,1.89,52.1,51.2
1935,-1186.13,24.503,1.93,52.8,51.2
1936,-1158.98,41.7528,1.94,48.6,51.2
1937,-1159.71,178.5223,2.0,42.3,51.3
1938,-1187.51,103.8437,1.95,46.3,51.3
1939,-1163.77,52.9672,1.94,51.7,51.3
1940,-1144.66,65.4425,1.91,51.4,51.3
1941,-1158.21,34.6078,1.89,51.8,51.3
1942,-1159.24,70.521,1.94,52.0,51.3
1943,-1158.32,9.7984,1.99,50.1,51.3
1944,-1182.92,44.1434,1.93,44.2,51.3
1945,-1140.04,50.7657,1.97,46.5,51.3
1946,-1147.41,42.8308,1.95,50.8,51.4
1947,-1160.01,649.6649,1.91,51.6,51.3
1948,-1143.82,39.7264,1.93,52.0,51.4
1949,-1177.5,277.8458,1.94,51.4,51.4
1950,-1180.72,172.467,1.92,52.7,51.4
1951,-1175.43,34.7156,1.94,46.2,51.4
1952,-1154.07,41.3385,1.97,43.4,51.4
1953,-1170.3,239.1329,1.96,47.4,51.4
1954,-1178.04,90.7347,1.92,51.3,51.4
1955,-1173.41,181.1703,1.93,50.4,51.4
1956,-1168.84,59.0605,1.92,51.6,51.5
1957,-1143.96,94.0075,1.93,52.7,51.5
1958,-1140.05,76.504,1.93,48.5,51.5
1959,-1169.22,28.3933,1.95,41.7,51.5
1960,-1162.88,76.3279,1.95,47.4,51.5
1961,-1171.36,30.4125,1.93,51.9,51.5
1962,-1173.68,49.4475,1.92,51.4,51.5
1963,-1162.7,53.8763,1.91,51.6,51.6
1964,-1131.38,150.2017,1.93,52.5,51.5
1965,-1158.47,22.3561,1.95,48.8,51.6
1966,-1155.42,14.9457,1.96,43.6,51.6
1967,-1141.78,50.9174,1.94,47.0,51.6
1968,-1176.73,65.9717,1.91,50.9,51.6
1969,-1180.62,40.0649,1.92,52.2,51.6
1970,-1175.02,33.3455,1.92,51.5,51.6
1971,-1131.08,125.6877,1.92,52.0,51.6
1972,-1149.57,56.7627,1.96,51.3,51.7
1973,-1151.52,30.8402,1.93,44.5,51.7
1974,-1146.61,16.0013,2.0,45.0,51.8
1975,-1142.11,213.7201,1.95,49.5,51.7
1976,-1146.45,26.5508,1.93,51.5,51.7
1977,-1193.21,137.6967,1.92,52.3,51.7
1978,-1177.02,56.0953,1.95,51.8,51.8
1979,-1180.36,45.5652,1.96,51.7,51.7
1980,-1167.02,51.7721,1.99,47.7,51.7
1981,-1178.25,69.5627,1.95,43.2,51.7
1982,-1165.4,60.0763,1.95,49.8,51.7
1983,-1153.71,34.1936,1.93,51.4,51.8
1984,-1181.55,38.4085,1.92,52.6,51.8
1985,-1148.64,95.5732,1.93,51.8,51.8
1986,-1187.65,51.9595,1.94,52.2,51.8
1987,-1186.47,25.4727,1.96,47.2,51.8
1988,-1193.69,18.577,1.95,44.5,51.8
1989,-1189.85,33.1774,1.97,49.5,52.0
1990,-1159.01,32.2577,1.94,50.3,52.0
1991,-1169.18,30.7807,1.94,51.3,52.0
1992,-1169.88,56.9007,1.91,51.2,52.0
1993,-1173.64,31.5083,1.95,52.6,52.0
1994,-1168.84,34.0617,1.93,47.3,52.0
1995,-1163.0,40.2996,1.99,42.0,52.1
1996,-1178.46,82.1349,1.96,47.2,52.1
1997,-1165.67,51.9494,1.95,51.2,51.9
1998,-1175.03,37.1756,1.92,51.4,51.9
1999,-1185.0,74.6886,1.92,51.8,51.9
2000,-1167.26,31.6478,1.91,51.6,51.9
2001,-1138.02,68.1544,1.97,50.4,51.9
2002,-1168.29,83.791,1.99,44.5,51.9
2003,-1168.84,47.5889,1.97,44.4,51.9
2004,-1181.59,110.6362,1.94,50.9,51.9
2005,-1179.22,69.0127,1.91,51.8,52.0
2006,-1200.35,87.2306,1.98,51.2,52.0
2007,-1183.4,86.6975,1.91,52.2,52.0
2008,-1182.06,33.9872,1.94,52.6,51.9
2009,-1128.23,119.1877,1.98,46.9,52.0
2010,-1169.36,44.2566,1.98,43.0,52.0
2011,-1159.82,70.3782,1.96,49.3,52.0
2012,-1154.75,33.6722,1.93,51.7,52.1
2013,-1154.78,15.5868,1.94,50.5,52.1
2014,-1176.59,58.3926,1.9,52.0,52.0
2015,-1152.9,11.5622,1.96,52.9,52.0
2016,-1174.54,26.7955,1.97,46.6,52.0
2017,-1196.01,24.8827,1.95,42.6,52.1
2018,-1142.44,138.1909,1.95,46.4,52.1
2019,-1169.56,43.2192,1.93,51.2,52.1
2020,-1141.12,147.8873,1.94,51.8,52.1
2021,-1156.5,88.7373,1.92,51.4,52.1
2022,-1173.51,87.166,1.96,52.6,52.2
2023,-1161.96,23.5855,1.96,50.4,52.2
2024,-1160.96,48.237,1.95,43.1,52.2
2025,-1153.87,74.9197,1.97,46.6,52.2
2026,-1158.55,36.3289,1.95,51.5,52.2
2027,-1167.83,52.7668,1.94,51.3,52.2
2028,-1176.71,24.8,1.92,52.1,52.3
2029,-1160.15,29.5237,1.91,52.7,52.2
2030,-1169.25,11.8823,1.94,50.6,52.0
2031,-1156.64,36.3002,1.97,51.3,52.0
2032,-1165.5,27.6346,1.96,45.9,52.1
2033,-1186.53,39.9156,1.98,45.3,52.1
2034,-1157.29,26.9519,1.93,51.3,52.1
2035,-1183.16,38.1595,1.92,51.3,52.1
2036,-1156.57,78.8328,1.92,52.1,52.1
2037,-1167.3,26.8636,1.91,52.6,52.1
2038,-1140.98,27.9552,1.99,51.7,52.0
2039,-1174.49,61.302,1.96,43.9,52.0
2040,-1166.4,28.3903,1.99,45.6,51.9
2041,-1156.81,9.0959,1.96,50.3,52.0
2042,-1169.67,43.309,1.95,51.6,52.0
2043,-1166.21,26.4258,1.92,51.8,52.0
2044,-1152.72,28.3663,1.94,51.8,52.0
2045,-1170.07,33.537,1.95,52.4,52.0
2046,-1194.39,103.409,1.94,46.8,52.0
2047,-1192.58,124.5934,1.96,42.9,52.0
2048,-1169.26,54.6235,1.97,48.9,52.0
2049,-1160.78,55.2678,1.94,51.7,52.1
2050,-1172.34,46.5388,1.92,50.9,52.1
2051,-1164.09,44.5143,1.89,51.9,52.1
2052,-1136.48,96.7962,1.92,53.2,52.1
2053,-1163.26,64.3485,1.94,46.4,52.1
2054,-1162.43,42.2876,1.99,44.4,52.1
2055,-1163.12,34.631,1.91,49.6,52.1
2056,-1134.92,86.7306,1.93,52.1,52.1
2057,-1164.33,28.0877,1.93,51.4,52.1
2058,-1173.6,151.9098,1.91,52.1,52.1
2059,-1194.98,119.883,1.96,52.9,52.1
2060,-1148.77,94.6733,1.96,45.7,52.1
2061,-1153.57,74.3575,1.94,43.8,52.1
2062,-1173.24,33.9752,1.94,50.7,52.2
2063,-1199.18,114.2468,1.92,51.0,52.1
2064,-1141.46,95.2534,1.9,51.6,52.2
2065,-1172.74,45.8993,1.91,52.3,52.0
2066,-1169.5,20.4853,1.95,44.5,52.0
2067,-1150.1,41.5801,2.0,44.5,52.0
2068,-1167.45,48.1843,1.94,50.6,52.0
2069,-1167.56,23.9879,1.96,51.3,52.0
2070,-1162.98,11.7171,1.93,51.8,52.0
2071,-1158.66,15.5441,1.94,51.8,52.0
2072,-1188.59,142.5723,1.97,52.3,52.0
2073,-1167.28,85.5834,1.97,48.9,52.0
2074,-1175.31,35.0758,1.96,41.8,52.0
2075,-1160.14,31.3612,1.95,46.5,52.0
2076,-1163.19,11.7384,1.93,51.7,52.0
2077,-1171.11,33.1985,1.92,51.8,52.1
2078,-1161.29,21.7186,1.92,52.0,52.1
2079,-1165.61,28.582,1.93,52.9,52.1
2080,-1158.69,21.4631,1.95,49.0,52.1
2081,-1235.23,196.9002,1.97,44.8,52.1
2082,-1165.55,38.2706,1.96,46.4,52.0
2083,-1152.94,34.4344,1.93,52.2,52.1
2084,-1148.68,63.6155,1.94,52.2,52.1
2085,-1154.87,50.9975,1.93,52.2,52.1
2086,-1159.74,15.1252,1.94,52.7,52.1
2087,-1147.4,36.3339,1.98,49.6,52.1
2088,-1148.35,35.7951,1.93,43.9,52.1
2089,-1164.21,49.4373,1.96,46.8,52.1
2090,-1221.36,329.9666,1.93,50.5,52.1
2091,-1166.1,27.8301,1.89,52.1,52.1
2092,-1142.09,77.707,1.88,52.0,52.1
2093,-1160.63,43.7454,1.89,53.1,52.1
2094,-1152.99,57.3339,1.93,50.6,52.0
2095,-1190.93,137.8387,1.96,43.9,51.6
2096,-1157.04,21.6587,1.96,46.6,51.5
2097,-1146.69,29.9022,1.93,51.9,51.5
2098,-1165.72,36.5261,1.93,51.9,51.5
2099,-1144.12,37.5093,1.9,51.8,51.5
2100,-1152.71,12.2214,1.95,52.5,51.5
2101,-1205.91,93.8008,1.99,49.4,51.6
2102,-1137.49,74.444,1.96,42.7,51.5
2103,-1203.58,99.7726,2.01,47.3,51.6
2104,-1162.89,64.2196,1.92,50.8,51.6
2105,-1178.63,88.8539,1.97,51.5,51.5
2106,-1178.47,48.4975,1.93,51.5,51.6
2107,-1137.59,40.5327,1.93,52.1,51.6
2108,-1147.9,20.7109,1.94,52.3,51.6
2109,-1178.4,54.9785,1.97,46.9,51.6
2110,-1180.28,54.6238,1.97,42.5,51.6
2111,-1127.37,119.0445,1.95,47.5,51.6
2112,-1179.02,32.1999,1.93,51.8,51.7
2113,-1165.63,37.1025,1.91,50.8,51.7
2114,-1173.23,34.4767,1.92,51.9,51.7
2115,-1156.73,10.1357,1.93,53.4,51.7
2116,-1174.38,15.5493,1.93,47.6,51.7
2117,-1159.71,121.1402,1.96,42.1,51.7
2118,-1154.04,18.5985,1.95,47.9,51.7
2119,-1147.49,26.423,1.93,51.6,51.8
2120,-1162.08,39.1929,1.94,50.9,51.8
2121,-1211.54,177.3769,1.95,52.7,51.8
2122,-1173.54,49.5616,1.95,52.1,51.8
2123,-1176.99,63.3687,1.98,49.3,51.8
2124,-1178.87,37.0219,1.93,42.1,51.8
2125,-1152.63,67.5235,1.93,47.5,51.8
2126,-1185.94,49.2628,1.93,52.1,51.8
2127,-1190.13,108.0404,1.96,51.3,51.9
2128,-1138.1,73.9988,1.9,52.2,51.9
2129,-1166.11,84.6448,1.92,52.3,51.9
2130,-1148.86,47.3472,1.93,47.9,51.9
2131,-1145.75,11.6425,1.97,42.5,51.9
2132,-1154.4,17.2708,1.95,47.7,51.9
2133,-1164.27,68.3832,1.92,52.3,51.9
2134,-1154.21,69.6528,1.94,51.9,52.0
2135,-1147.11,42.4532,1.93,52.6,52.0
2136,-1147.74,18.6949,1.94,52.2,52.0
2137,-1186.54,169.4732,1.98,48.3,52.0
2138,-1172.78,58.9233,1.93,43.3,52.0
2139,-1138.89,61.4026,1.96,49.1,52.0
2140,-1188.37,104.4757,1.93,52.2,52.0
2141,-1159.63,39.4598,1.93,51.3,52.0
2142,-1164.96,66.4345,1.94,52.0,52.1
2143,-1160.6,64.0269,1.93,52.4,52.0
2144,-1156.96,28.0483,1.94,47.7,52.0
2145,-1201.26,110.996,1.95,42.5,52.1
2146,-1158.89,36.8551,1.95,47.6,52.1
2147,-1172.19,25.2552,1.93,51.5,52.1
2148,-1158.49,13.8653,1.92,51.4,52.1
2149,-1154.47,34.0504,1.91,52.2,52.1
2150,-1163.88,17.6999,1.93,52.6,52.2
2151,-1183.83,32.5268,1.94,48.0,52.1
2152,-1133.31,94.5777,1.95,40.7,52.2
2153,-1144.32,43.8744,1.97,47.0,52.2
2154,-1174.33,34.9017,1.94,52.1,52.2
2155,-1196.01,168.8659,1.98,51.6,52.2
2156,-1213.91,126.3755,1.94,52.2,52.2
2157,-1151.61,70.3917,1.93,52.4,52.2
2158,-1185.71,89.0804,1.98,49.0,52.3
2159,-1167.08,37.3902,1.93,44.1,52.2
2160,-1166.4,14.1558,1.94,45.7,52.3
2161,-1177.9,185.9545,1.92,51.5,52.3
2162,-1188.43,32.2709,1.93,51.2,52.3
2163,-1167.71,7.0615,1.92,51.4,52.3
2164,-1151.89,44.7629,1.93,52.5,52.4
2165,-1211.73,242.9608,2.0,51.2,52.4
2166,-1128.49,93.1254,1.96,44.2,52.4
2167,-1205.66,142.9632,2.0,45.9,52.4
2168,-1183.45,77.9874,1.96,51.3,52.4
2169,-1148.13,41.1643,1.95,51.1,52.5
2170,-1174.46,39.3041,1.94,52.1,52.5
2171,-1196.12,118.7388,1.91,52.5,52.4
2172,-1170.08,14.5171,1.94,51.6,52.4
2173,-1145.74,50.6553,1.92,46.0,52.4
2174,-1204.01,133.9349,1.97,44.5,52.4
2175,-1176.99,44.3439,1.94,50.2,52.4
2176,-1189.41,81.0575,1.94,51.5,52.4
2177,-1139.7,94.9938,1.93,50.7,52.4
2178,-1166.41,127.6162,1.93,51.8,52.4
2179,-1155.52,69.8605,1.94,52.6,52.4
2180,-1172.71,55.4553,1.97,46.6,52.4
2181,-1159.66,17.0905,1.99,43.1,52.5
2182,-1216.83,136.6178,1.98,48.6,52.5
2183,-1127.68,205.5401,1.93,51.9,52.5
2184,-1159.72,68.1904,1.92,51.1,52.5
2185,-1198.3,65.9176,1.94,51.6,52.6
2186,-1159.16,47.7297,1.92,52.6,52.5
2187,-1179.06,168.8871,1.96,48.1,52.5
2188,-1178.35,70.2553,1.95,42.4,52.5
2189,-1182.37,69.0644,1.96,47.6,52.5
2190,-1144.64,72.807,1.92,50.8,52.5
2191,-1154.07,28.0847,1.94,51.6,52.6
2192,-1145.72,81.0223,1.91,51.4,52.6
2193,-1189.75,97.0991,1.93,52.5,52.6
2194,-1131.61,83.8991,1.93,47.9,52.6
2195,-1146.48,29.8808,1.95,42.4,52.6
2196,-1169.56,91.9591,1.96,48.0,52.6
2197,-1176.75,78.713,1.93,51.3,52.7
2198,-1146.87,22.4327,1.96,52.0,52.7
2199,-1159.43,10.3926,1.9,52.2,52.7
2200,-1150.36,113.7382,1.95,53.0,52.7
2201,-1179.58,76.7735,1.95,46.8,52.7
2202,-1163.9,39.6887,1.97,43.1,52.7
2203,-1167.4,30.7549,1.96,47.6,52.8
2204,-1168.61,52.2696,1.95,51.1,52.8
2205,-1158.33,76.0559,1.94,51.8,52.8
2206,-1129.59,131.6384,1.91,52.2,52.8
2207,-1147.95,26.3958,1.92,51.6,52.6
2208,-1145.66,31.915,1.91,52.7,52.6
2209,-1152.22,36.5225,1.95,48.5,52.6
2210,-1183.9,130.9483,1.97,41.7,52.6
2211,-1166.63,95.7696,1.95,48.6,52.6
2212,-1166.85,117.255,1.91,51.7,52.6
2213,-1198.82,88.7521,1.94,51.0,52.6
2214,-1185.65,75.5049,1.94,51.8,52.7
2215,-1166.65,57.6411,1.94,52.7,52.7
2216,-1205.39,136.463,1.97,50.0,52.6
2217,-1178.42,16.5847,1.94,41.6,52.5
2218,-1171.67,33.6355,1.92,51.9,52.5
2219,-1154.54,100.6326,1.93,51.1,52.5
2220,-1146.26,81.4044,1.89,52.9,52.5
2221,-1159.85,97.0422,1.94,52.2,52.5
2222,-1157.9,745.8503,1.96,49.1,52.5
2223,-1199.79,125.9348,1.92,44.1,52.5
2224,-1219.96,155.3386,2.04,47.2,52.5
2225,-1121.76,307.8362,1.95,50.0,52.5
2226,-1168.97,275.1008,1.93,51.9,52.5
2227,-1183.31,167.929,1.92,51.9,52.5
2228,-1176.8,35.9277,1.93,51.6,52.5
2229,-1157.26,50.7452,1.95,50.0,52.5
2230,-1159.09,128.248,1.94,43.4,52.6
2231,-1145.07,68.3488,1.94,45.9,52.5
2232,-1146.86,59.072,1.92,51.1,52.5
2233,-1141.81,48.9315,1.93,51.9,52.5
2234,-1170.63,53.8425,1.91,52.2,52.6
2235,-1169.08,108.5725,1.94,51.8,52.6
2236,-1161.12,33.4902,1.98,50.7,52.6
2237,-1164.79,32.3188,1.95,44.0,52.6
2238,-1155.58,29.409,1.96,45.9,52.6
2239,-1174.13,585.635,1.98,50.6,52.6
2240,-1169.26,51.9793,1.92,51.3,52.6
2241,-1153.36,37.2652,1.92,51.8,52.6
2242,-1179.32,25.0611,1.91,52.1,52.7
2243,-1158.03,55.5046,1.94,52.1,52.6
2244,-1161.61,61.4279,1.98,46.2,52.6
2245,-1150.1,39.7563,1.96,43.8,52.6
2246,-1159.57,25.453,1.9,49.2,52.6
2247,-1170.61,45.157,1.92,52.1,52.6
2248,-1170.43,20.8394,1.93,51.5,52.7
2249,-1172.92,21.3933,1.91,52.4,52.6
2250,-1150.77,72.6945,1.96,52.8,52.6
2251,-1159.78,52.7443,1.92,46.2,52.6
2252,-1173.07,39.1027,1.99,44.0,52.6
2253,-1163.58,34.7724,1.93,49.1,52.6
2254,-1198.13,80.7759,1.92,51.8,52.7
2255,-1166.25,19.3188,1.94,51.9,52.6
2256,-1146.57,91.9305,1.9,51.8,52.6
2257,-1159.32,15.5396,1.95,52.9,52.6
2258,-1159.17,28.2335,1.97,46.8,52.7
2259,-1153.57,16.3197,1.99,43.0,52.7
2260,-1176.16,78.4701,1.97,48.9,52.7
2261,-1256.43,558.2078,1.98,51.9,52.7
2262,-1161.75,113.6342,1.93,51.1,52.7
2263,-1196.35,94.0348,1.92,51.7,52.7
2264,-1155.66,61.3436,1.95,52.0,52.7
2265,-1196.52,252.9122,1.97,48.6,52.7
2266,-1189.86,106.7931,2.0,42.2,52.7
2267,-1165.04,37.824,1.98,47.0,52.7
2268,-1149.37,41.2269,1.93,51.9,52.7
2269,-1209.58,124.2669,1.97,51.1,52.7
2270,-1148.03,29.4694,1.94,51.9,52.8
2271,-1183.76,60.3497,1.93,52.3,52.8
2272,-1229.46,181.1112,1.98,49.1,52.8
2273,-1155.71,112.0737,1.93,42.7,52.8
2274,-1143.46,191.0158,1.97,47.3,52.8
2275,-1200.57,95.1032,2.03,52.9,52.9
2276,-1156.94,60.7463,1.91,51.3,52.9
2277,-1116.68,188.7359,1.91,51.1,52.9
2278,-1161.89,64.908,1.92,52.2,52.9
2279,-1164.25,70.1699,1.95,49.7,52.9
2280,-1204.88,137.0016,1.99,43.4,52.9
2281,-1163.53,95.6686,1.98,47.2,52.9
2282,-1131.69,169.3625,1.92,51.6,53.0
2283,-1140.96,47.2228,1.91,51.5,53.0
2284,-1155.87,12.533,1.92,52.2,53.0
2285,-1130.86,32.6879,1.93,52.4,53.0
2286,-1163.91,75.672,1.95,50.1,53.0
2287,-1158.06,39.5018,1.92,44.4,53.0
2288,-1172.45,32.6902,1.94,46.5,53.0
2289,-1144.67,57.1304,1.92,51.4,53.1
2290,-1146.82,41.5887,1.91,51.4,53.1
2291,-1150.41,19.0425,1.91,52.0,53.1
2292,-1173.52,60.8979,1.92,52.2,53.2
2293,-1153.09,19.3075,1.97,51.7,53.1
2294,-1181.78,31.0369,1.93,44.7,53.1
2295,-1182.55,24.2498,1.94,46.5,53.2
2296,-1161.01,23.3951,1.93,51.1,53.2
2297,-1152.16,50.4315,1.91,51.7,53.2
2298,-1200.23,162.9771,1.96,51.2,53.2
2299,-1160.69,22.4883,1.91,52.7,53.2
2300,-1201.31,66.5762,1.95,50.3,53.2
2301,-1134.32,72.8171,1.96,43.7,53.2
2302,-1158.97,23.043,1.93,45.8,53.3
2303,-1186.91,42.4835,1.97,50.2,53.3
2304,-1179.88,17.8588,1.93,51.2,53.3
2305,-1173.68,13.0863,1.92,52.0,53.3
2306,-1185.1,26.343,1.92,52.7,53.3
2307,-1199.84,115.8177,1.98,52.4,53.3
2308,-1163.1,58.686,1.97,47.5,53.3
2309,-1173.12,30.4248,1.94,43.7,53.4
2310,-1166.66,20.3504,1.93,50.5,53.3
2311,-1183.33,35.2005,1.94,51.7,53.4
2312,-1176.63,21.0287,1.91,51.5,53.4
2313,-1176.96,18.8579,1.91,52.7,53.4
2314,-1159.59,21.7664,1.94,52.3,53.4
2315,-1182.23,24.8513,1.92,45.8,53.4
2316,-1165.12,39.0492,1.99,43.5,53.4
2317,-1196.78,37.2455,1.95,50.1,53.4
2318,-1207.55,31.3703,1.91,51.5,53.4
2319,-1134.87,161.2978,1.92,51.6,53.5
2320,-1162.94,164.1447,1.92,52.0,53.6
2321,-1160.81,67.4,1.99,52.6,54.4
2322,-1182.68,95.8192,1.97,46.0,53.8
2323,-1180.36,35.4932,1.94,43.3,53.8
2324,-1148.67,38.1868,1.95,49.8,53.9
2325,-1143.11,45.8204,1.94,51.4,53.9
2326,-1168.56,42.4456,1.93,51.7,54.0
2327,-1141.53,20.603,1.92,51.9,53.9
2328,-1176.9,105.7372,1.96,52.7,53.9
2329,-1145.28,23.1862,1.95,49.1,53.9
2330,-1134.53,89.98,1.99,42.9,54.0
2331,-1148.61,34.2011,1.95,47.6,54.0
2332,-1144.97,24.4013,1.94,51.5,54.1
2333,-1178.06,143.9659,1.94,51.0,54.0
2334,-1160.14,38.8992,1.92,52.3,54.0
2335,-1170.14,44.9232,1.94,53.3,54.0
2336,-1163.88,37.6313,1.94,45.7,54.0
2337,-1168.58,26.0425,1.98,44.1,54.1
2338,-1138.24,79.5303,1.95,49.6,54.1
2339,-1160.15,30.4225,1.94,51.8,54.1
2340,-1161.28,107.4787,1.92,50.8,54.1
2341,-1175.74,60.6899,1.93,52.0,54.1
2342,-1155.05,25.5164,1.94,52.9,54.2
2343,-1165.8,13.3979,1.98,47.9,54.2
2344,-1153.16,70.4496,1.99,41.3,54.2
2345,-1158.08,31.8509,1.97,47.2,54.2
2346,-1150.65,6.5528,1.93,51.3,54.2
2347,-1151.82,12.3123,1.93,51.3,54.2
2348,-1177.96,60.5114,1.93,51.6,54.2
2349,-1145.77,22.0265,1.92,53.2,54.2
2350,-1186.01,80.8307,1.93,48.4,54.2
2351,-1196.37,70.2919,1.99,41.8,54.2
2352,-1160.63,71.3957,1.97,47.9,54.2
2353,-1165.15,12.7053,1.94,52.1,54.2
2354,-1194.99,117.2761,1.99,51.2,54.3
2355,-1149.01,40.6142,1.95,52.3,54.1
2356,-1165.04,38.164,1.97,49.6,54.1
2357,-1217.46,216.9674,1.96,42.8,54.1
2358,-1198.98,98.4855,1.98,46.2,54.1
2359,-1143.21,294.018,1.94,51.1,54.1
2360,-1157.33,119.7066,1.91,51.4,54.2
2361,-1204.92,53.9786,1.95,51.6,54.1
2362,-1146.09,76.996,1.91,52.1,54.1
2363,-1150.55,57.4513,1.95,50.1,54.1
2364,-1174.31,76.6626,1.96,44.9,54.1
2365,-1163.64,50.2871,1.94,45.2,54.1
2366,-1173.14,22.3484,1.99,50.5,54.1
2367,-1147.89,86.1089,1.94,52.2,54.2
2368,-1168.56,28.052,1.93,51.5,54.2
2369,-1166.7,23.7434,1.94,52.1,54.2
2370,-1160.99,37.7171,1.98,51.4,54.2
2371,-1181.23,27.7711,1.95,45.0,54.2
2372,-1149.11,61.8914,1.95,46.0,54.2
2373,-1157.65,70.0047,1.97,50.3,54.2
2374,-1159.64,48.8508,1.93,51.5,54.3
2375,-1205.33,148.8725,1.95,51.7,54.2
2376,-1183.05,37.9686,1.93,53.2,54.3
2377,-1129.14,130.4192,1.98,51.4,54.3
2378,-1146.83,69.1053,1.95,45.4,54.3
2379,-1162.75,16.4735,1.98,46.0,54.3
2380,-1161.71,70.6672,1.93,50.6,54.3
2381,-1146.06,8.6623,1.93,51.2,54.3
2382,-1138.95,42.3665,1.94,52.1,54.3
2383,-1142.17,42.4553,1.92,51.6,54.3
2384,-1163.2,75.0076,1.98,52.8,54.4
2385,-1191.63,98.1542,2.02,45.9,54.4
2386,-1164.5,45.8953,1.99,42.6,54.5
2387,-1130.94,81.4538,1.94,48.2,54.5
2388,-1148.58,40.7674,1.94,51.2,54.5
2389,-1154.23,26.0824,1.93,51.6,54.4
2390,-1158.53,33.2464,1.92,52.4,54.5
2391,-1161.46,21.9479,1.92,52.1,54.5
2392,-1143.62,66.5624,1.96,49.4,54.5
2393,-1154.32,41.5542,1.94,42.9,54.5
2394,-1165.8,12.7162,1.93,44.4,54.3
2395,-1143.83,20.4277,1.94,45.7,54.3
2396,-1177.04,70.8616,1.94,51.9,54.3
2397,-1164.3,49.4507,1.94,51.3,54.3
2398,-1211.09,142.1535,1.96,51.5,54.3
2399,-1169.6,58.2039,1.92,52.4,54.3
2400,-1149.7,70.7426,1.95,52.8,54.3
2401,-1185.7,107.2173,2.01,45.7,54.3
2402,-1222.37,135.2277,1.98,43.6,54.3
2403,-1136.35,65.8572,1.96,48.2,54.3
2404,-1175.47,35.5306,1.95,51.2,54.4
2405,-1155.72,20.9208,1.93,51.3,54.3
2406,-1152.09,16.1839,1.9,51.4,54.3
2407,-1153.46,81.4396,1.92,52.8,54.3
2408,-1167.62,20.8463,1.97,48.4,54.3
2409,-1146.88,26.3093,1.97,41.5,54.3
2410,-1139.7,17.6891,1.94,48.6,54.4
2411,-1168.27,68.7566,1.93,51.2,54.4
2412,-1142.07,31.4906,1.92,51.4,54.3
2413,-1159.42,62.2124,1.9,50.9,54.3
2414,-1138.01,28.9344,1.92,53.0,54.3
2415,-1151.27,15.9645,1.95,50.4,54.4
2416,-1147.91,22.1454,1.93,43.5,54.4
2417,-1174.53,98.0347,2.02,45.3,54.3
2418,-1164.3,36.0496,1.91,50.4,54.4
2419,-1150.44,35.6598,1.92,51.5,54.4
2420,-1162.31,13.1183,1.92,51.7,54.4
2421,-1167.28,95.1124,1.99,52.7,54.4
2422,-1192.31,93.0464,1.99,52.5,54.4
2423,-1173.36,104.3306,2.03,49.5,54.4
2424,-1165.82,156.5402,1.97,44.7,54.4
2425,-1163.83,134.0609,1.93,46.0,54.4
2426,-1171.03,179.0878,1.99,50.8,54.4
2427,-1164.1,86.1905,1.95,52.8,54.5
2428,-1152.85,25.8715,1.95,52.4,54.5
2429,-1155.34,46.6322,1.92,52.3,54.5
2430,-1159.72,101.2436,1.95,52.4,54.6
2431,-1133.79,91.5603,1.97,46.6,54.6
2432,-1160.17,33.2163,1.94,43.4,54.6
2433,-1155.59,31.5294,2.08,52.4,55.2
2434,-1190.84,46.5849,1.94,51.5,55.2
2435,-1179.48,59.2986,2.1,54.7,56.0
2436,-1162.78,38.8783,1.93,52.8,56.3
2437,-1149.33,239.062,1.96,53.4,56.3
2438,-1160.29,765.883,1.94,48.1,56.4
2439,-1170.78,38.1829,1.96,45.8,56.3
2440,-1156.76,23.2432,1.97,49.7,56.4
2441,-1150.94,25.1963,1.94,52.8,56.4
2442,-1173.41,57.8118,1.95,52.5,56.3
2443,-1181.88,86.7689,1.91,52.4,56.3
2444,-1229.49,167.2999,1.98,52.6,56.3
2445,-1182.69,28.2371,1.92,47.4,56.3
2446,-1188.92,46.5447,1.97,43.7,56.4
2447,-1152.29,170.4911,1.96,49.2,56.5
2448,-1163.55,48.8891,1.93,51.7,56.5
2449,-1170.43,38.278,1.95,51.4,56.3
2450,-1181.94,64.6535,1.93,52.2,56.3
2451,-1189.19,696.4724,1.96,52.9,56.3
2452,-1147.46,50.0254,1.96,48.1,56.3
2453,-1182.35,18.2388,1.98,43.4,56.4
2454,-1152.48,47.4916,1.94,49.3,56.4
2455,-1143.89,57.0559,1.94,51.8,56.4
2456,-1157.87,27.0695,1.94,52.4,56.5
2457,-1139.14,35.69,1.91,52.3,56.4
2458,-1147.23,29.5776,1.95,52.7,56.4
2459,-1155.75,59.3519,1.95,47.2,56.4
2460,-1158.16,25.4156,1.93,42.5,56.4
2461,-1141.4,29.478,1.95,48.8,56.5
2462,-1168.64,39.6546,1.94,52.4,56.5
2463,-1183.02,123.0182,1.97,52.7,56.5
2464,-1192.67,91.9901,1.95,52.3,56.5
2465,-1183.71,43.2955,1.94,52.3,56.4
2466,-1149.94,99.9646,1.97,47.7,56.5
2467,-1147.73,75.0746,1.96,42.7,56.5
2468,-1134.85,58.5871,1.99,48.4,56.5
2469,-1172.16,87.1102,1.9,52.4,56.5
2470,-1170.06,103.0639,1.92,52.2,56.5
2471,-1150.36,44.6257,1.94,52.2,56.6
2472,-1151.06,39.8767,1.96,52.8,56.5
2473,-1167.6,53.7929,1.96,47.5,56.5
2474,-1157.28,49.9612,1.96,41.6,56.6
2475,-1163.87,28.0067,1.94,47.9,56.6
2476,-1159.57,53.7381,1.93,51.8,56.6
2477,-1170.98,32.8234,1.94,51.3,56.6
2478,-1146.54,19.1883,1.87,52.4,56.6
2479,-1174.52,82.4388,1.91,52.8,56.6
2480,-1167.82,44.5237,1.94,47.9,56.6
2481,-1170.14,32.4804,1.95,42.0,56.7
2482,-1155.68,30.6358,1.99,48.4,56.7
2483,-1198.22,135.27,1.96,53.1,56.7
2484,-1159.93,32.156,1.94,51.7,56.7
2485,-1182.06,14.5039,1.93,52.8,56.7
2486,-1167.28,45.6947,1.95,52.3,56.7
2487,-1160.08,27.8893,1.97,48.8,56.7
2488,-1179.33,36.9515,1.94,41.5,56.8
2489,-1193.09,31.6056,1.97,47.7,56.7
2490,-1179.9,14.8588,1.94,53.1,56.7
2491,-1164.61,35.4224,1.94,52.1,56.8
2492,-1171.93,11.702,1.9,52.4,56.8
2493,-1143.41,46.5645,1.93,52.0,56.8
2494,-1164.55,21.6068,1.96,47.2,56.8
2495,-1153.99,10.9097,1.99,42.7,56.8
2496,-1159.98,11.1053,1.92,48.7,56.8
2497,-1158.67,25.9753,1.91,52.3,56.8
2498,-1169.13,14.073,1.92,52.0,56.9
2499,-1170.48,16.1776,1.91,52.1,56.9
2500,-1162.92,40.5597,1.95,52.7,56.9
2501,-1191.39,76.7515,1.96,48.0,56.9
2502,-1148.79,59.1445,1.99,43.5,56.9
2503,-1166.55,38.5342,1.93,49.3,56.9
2504,-1170.22,11.9085,1.92,52.4,56.9
2505,-1152.7,36.5909,1.9,52.2,57.0
2506,-1157.25,87.5677,1.91,52.7,57.0
2507,-1176.25,39.4019,1.98,53.1,57.1
2508,-1199.81,71.6345,2.03,48.3,57.1
2509,-1161.6,94.4865,2.02,43.1,57.2
2510,-1163.67,21.2461,1.97,50.2,57.2
2511,-1144.49,48.2392,2.01,53.2,57.3
2512,-1158.15,16.9388,1.94,53.1,57.4
2513,-1161.99,23.0391,1.92,52.7,57.3
2514,-1162.8,12.4268,1.94,52.8,57.3
2515,-1167.5,25.872,1.97,49.3,57.0
2516,-1169.35,15.1364,2.01,41.3,57.0
2517,-1122.57,144.7629,1.97,47.6,57.1
2518,-1184.19,84.5854,1.96,52.0,57.2
2519,-1179.59,37.6683,1.95,51.9,57.1
2520,-1158.57,23.4506,1.92,51.9,57.1
2521,-1171.87,15.4868,1.98,52.9,57.1
2522,-1169.73,20.1928,1.94,48.9,57.1
2523,-1181.84,8.3673,1.98,42.9,57.1
2524,-1160.47,51.2047,1.98,47.3,57.1
2525,-1172.27,9.3283,1.96,51.9,57.1
2526,-1172.73,75.0198,1.93,52.4,57.1
2527,-1175.38,18.4223,1.95,52.0,57.1
2528,-1166.56,66.8174,1.94,52.7,57.1
2529,-1159.03,26.6249,1.98,51.0,57.1
2530,-1150.75,9.4225,1.98,44.4,57.2
2531,-1158.81,16.6528,2.0,46.0,57.2
2532,-1172.27,59.7026,1.98,51.5,57.2
2533,-1157.12,41.7389,1.95,52.3,57.2
2534,-1180.74,26.664,1.94,52.2,57.2
2535,-1143.68,36.359,1.96,52.7,57.2
2536,-1195.14,88.4761,2.01,51.3,57.3
2537,-1177.84,59.8454,1.96,45.5,57.2
2538,-1182.2,20.5432,1.98,44.5,57.3
2539,-1169.96,26.8144,1.98,50.1,57.3
2540,-1162.24,39.9435,1.96,52.8,57.3
2541,-1176.82,19.4858,1.94,52.4,57.1
2542,-1175.01,21.0304,1.95,51.6,57.2
2543,-1198.42,70.1705,2.0,45.2,57.2
2544,-1188.57,17.8292,1.98,44.9,57.3
2545,-1150.8,122.8178,1.97,49.4,57.2
2546,-1168.7,12.3518,1.95,52.7,57.2
2547,-1169.75,14.2556,1.96,51.7,57.2
2548,-1193.54,72.2024,1.96,52.5,57.2
2549,-1155.07,18.7892,1.97,52.7,57.2
2550,-1176.29,24.1071,1.98,48.7,57.2
2551,-1174.95,8.9783,2.0,41.6,57.3
2552,-1151.89,47.3306,1.99,47.5,57.3
2553,-1157.01,23.8109,1.96,51.5,57.2
2554,-1153.76,57.7145,1.96,52.7,57.3
2555,-1191.41,93.3802,1.94,52.0,57.2
2556,-1142.03,35.4432,1.97,52.6,57.2
2557,-1180.96,65.519,1.99,50.3,57.3
2558,-1190.6,123.459,1.96,44.6,57.2
2559,-1167.28,50.5331,1.98,46.3,57.2
2560,-1146.55,41.6618,1.95,52.6,57.3
2561,-1167.67,39.3275,1.96,52.3,57.2
2562,-1168.06,24.8836,1.94,52.6,57.2
2563,-1160.95,16.903,1.94,52.5,57.3
2564,-1185.75,26.3185,2.01,50.7,57.2
2565,-1170.5,13.6474,2.0,43.5,57.3
2566,-1167.18,35.591,2.0,46.0,57.3
2567,-1154.53,23.222,1.95,52.0,57.3
2568,-1159.66,29.6464,1.95,52.8,57.3
2569,-1188.54,86.0052,1.96,53.2,57.3
2570,-1162.98,33.0431,1.97,53.5,57.3
2571,-1156.55,9.8331,1.99,49.4,57.3
2572,-1202.26,140.0518,2.0,44.9,57.3
2573,-1179.72,25.5104,1.97,46.8,57.3
2574,-1160.28,16.8517,1.91,51.6,57.3
2575,-1159.48,18.1132,1.91,52.2,57.4
2576,-1158.12,38.0389,1.94,52.8,57.4
2577,-1164.26,28.1486,1.93,52.0,57.3
2578,-1189.6,68.4344,1.98,51.0,57.4
2579,-1158.36,43.6261,1.96,43.8,57.3
2580,-1191.49,59.3123,2.0,43.5,57.1
2581,-1165.97,33.6959,1.99,43.8,57.2
2582,-1146.94,69.7984,1.93,49.9,57.2
2583,-1175.51,21.5538,1.92,52.3,57.2
2584,-1161.4,19.6546,1.94,51.8,57.2
2585,-1173.89,26.355,1.91,52.5,57.2
2586,-1142.08,73.247,1.95,52.6,57.2
2587,-1184.63,97.4178,2.01,47.1,57.3
2588,-1186.75,26.8292,1.96,42.7,57.3
2589,-1161.3,69.1168,1.96,47.9,57.3
2590,-1195.01,36.9779,1.93,51.8,57.3
2591,-1171.32,69.2893,1.93,51.7,57.2
2592,-1157.65,49.3418,1.95,52.4,57.3
2593,-1159.81,14.3116,1.91,52.5,57.3
2594,-1187.65,20.9049,1.98,50.2,57.0
2595,-1153.22,47.0689,1.98,44.8,57.0
2596,-1165.97,91.5804,1.98,45.8,57.0
2597,-1173.05,14.3275,1.94,51.9,56.9
2598,-1143.16,36.6975,1.95,52.5,57.0
2599,-1173.15,14.0828,1.93,51.8,57.0
2600,-1164.96,27.3123,1.95,52.6,57.0
2601,-1150.5,122.5565,1.96,50.0,57.0
2602,-1184.82,12.3819,1.98,46.1,57.1
2603,-1158.95,26.8618,1.95,47.8,57.1
2604,-1185.98,22.7396,1.93,51.2,57.1
2605,-1181.51,24.9342,1.92,52.0,57.1
2606,-1137.95,44.4341,1.9,52.4,57.1
2607,-1141.54,45.624,1.95,51.9,57.1
2608,-1151.77,27.5656,1.93,49.6,57.2
2609,-1131.23,40.2941,1.97,41.7,57.1
2610,-1152.81,50.6362,1.98,47.9,57.1
2611,-1142.04,9.5517,1.96,52.2,57.1
2612,-1205.07,189.1059,1.91,51.7,57.1
2613,-1170.69,18.2211,1.92,51.6,57.2
2614,-1184.03,11.3765,1.97,52.3,57.1
2615,-1174.04,12.0167,1.95,52.3,57.1
2616,-1143.12,34.3603,1.94,46.7,57.1
2617,-1150.08,16.4228,1.99,44.2,57.1
2618,-1150.7,28.1429,1.95,49.3,57.2
2619,-1175.67,38.9478,1.94,51.9,57.2
2620,-1144.81,18.6662,1.92,51.4,57.1
2621,-1165.48,25.94,1.91,51.8,57.1
2622,-1151.08,10.0506,1.94,53.0,57.1
2623,-1176.12,43.7235,1.98,48.6,56.9
2624,-1183.09,88.0849,1.95,42.7,56.9
2625,-1140.91,69.3209,1.98,46.7,56.9
2626,-1168.92,11.6827,1.94,51.7,56.9
2627,-1189.15,35.1972,1.92,50.7,56.9
2628,-1135.77,139.5869,1.91,52.2,56.9
2629,-1182.58,14.1648,1.95,53.2,56.9
2630,-1140.6,132.7615,1.96,48.2,56.9
2631,-1144.35,64.3012,1.98,44.0,57.0
2632,-1161.37,57.3551,2.0,48.8,57.0
2633,-1143.08,47.7154,1.97,51.2,57.0
2634,-1180.07,115.7266,1.95,51.6,56.9
2635,-1147.8,45.3196,1.94,52.2,57.0
2636,-1177.36,31.0326,1.96,52.7,57.0
2637,-1166.72,17.8813,1.97,53.0,57.0
2638,-1164.54,35.5856,1.95,45.7,57.1
2639,-1179.03,25.7748,1.95,43.0,57.0
2640,-1170.12,32.1094,1.93,49.3,57.0
2641,-1185.63,38.9681,1.96,52.0,57.0
2642,-1142.05,76.4442,1.92,51.1,57.1
2643,-1174.47,16.1572,1.93,52.5,57.1
2644,-1178.13,39.5165,1.93,52.8,57.1
2645,-1167.93,30.1,1.95,50.2,57.1
2646,-1168.3,44.5905,1.94,42.8,57.1
2647,-1142.13,45.1018,1.94,46.9,57.1
2648,-1163.59,18.5487,1.97,50.9,57.1
2649,-1172.84,43.2804,1.95,51.8,57.1
2650,-1144.69,35.2561,1.93,51.6,57.1
2651,-1179.93,9.6816,1.91,52.5,57.1
2652,-1175.09,41.6342,1.94,52.4,57.1
2653,-1167.34,23.4389,1.94,45.4,57.1
2654,-1174.53,7.6333,1.98,43.3,57.1
2655,-1188.64,27.6769,1.92,48.9,57.1
2656,-1146.17,61.3527,1.95,51.8,57.2
2657,-1166.43,32.5801,1.93,50.6,57.2
2658,-1170.02,63.5412,1.93,51.7,57.2
2659,-1146.78,24.3101,1.94,52.6,57.2
2660,-1160.92,92.2873,1.96,48.5,57.2
2661,-1177.03,64.5307,1.98,43.5,57.2
2662,-1160.84,28.6935,1.97,47.4,57.3
2663,-1191.03,84.1788,1.97,51.3,57.3
2664,-1165.6,24.8083,1.93,51.1,57.3
2665,-1176.3,147.5561,1.95,51.4,57.3
2666,-1173.77,10.6826,1.96,52.2,57.3
2667,-1188.28,192.9937,1.96,51.9,57.3
2668,-1146.7,106.936,1.94,47.3,57.3
2669,-1160.01,100.3493,2.01,43.4,57.3
2670,-1187.49,36.2415,1.96,48.1,57.3
2671,-1167.3,29.3568,1.96,51.1,57.3
2672,-1172.99,9.7829,1.94,51.8,57.4
2673,-1152.52,19.8956,1.92,52.3,57.4
2674,-1189.17,52.3035,1.95,52.1,57.4
2675,-1153.79,22.4603,1.97,49.6,57.4
2676,-1153.61,32.5411,1.95,44.3,57.4
2677,-1146.85,27.5065,1.96,43.9,57.5
2678,-1157.36,37.9331,1.95,49.4,57.5
2679,-1166.57,49.8596,1.95,51.7,57.5
2680,-1185.12,71.8659,1.93,51.2,57.5
2681,-1159.25,58.6525,1.93,52.5,57.5
2682,-1179.46,36.6681,1.92,52.7,57.5
2683,-1179.04,23.6836,1.99,49.9,57.5
2684,-1155.2,58.3624,1.94,43.7,57.5
2685,-1152.33,14.7835,2.0,46.1,57.5
2686,-1172.05,14.3191,1.94,49.8,57.6
2687,-1170.47,126.1736,1.94,51.0,57.6
2688,-1141.97,40.5552,1.97,51.0,57.6
2689,-1162.31,32.1885,1.94,52.1,57.6
2690,-1128.67,10.0247,1.93,51.6,57.6
2691,-1174.66,115.9723,1.96,49.7,57.6
2692,-1160.79,26.2314,1.96,43.2,57.7
2693,-1153.16,22.8656,1.97,46.6,57.7
2694,-1179.25,18.8154,1.97,51.3,57.7
2695,-1166.93,37.005,1.95,51.3,57.7
2696,-1166.35,35.4073,1.96,52.0,57.6
2697,-1161.36,21.1528,1.91,52.1,57.6
2698,-1181.24,22.6686,1.94,52.5,57.6
2699,-1172.94,510.2327,1.97,47.7,57.6
2700,-1171.48,29.8286,1.97,42.3,57.7
2701,-1164.42,41.4892,1.98,46.9,57.7
2702,-1162.72,86.0147,1.95,51.6,57.7
2703,-1158.1,19.5411,1.92,51.0,57.7
2704,-1152.29,12.6537,1.94,51.0,57.7
2705,-1163.19,67.0337,1.92,51.7,57.7
2706,-1141.06,23.4246,1.97,52.9,57.7
2707,-1180.35,150.3195,1.96,46.2,57.8
2708,-1166.96,26.3854,1.98,44.0,57.8
2709,-1167.39,31.7933,1.97,48.5,57.8
2710,-1184.23,160.0415,1.92,51.1,57.8
2711,-1168.89,19.7818,1.94,51.2,57.8
2712,-1174.33,24.8409,1.92,52.6,57.8
2713,-1168.24,80.9751,1.95,52.6,57.8
2714,-1190.64,163.9874,1.95,48.4,57.9
2715,-1159.84,229.6133,1.99,42.3,57.9
2716,-1166.84,84.2055,1.97,46.8,57.9
2717,-1134.23,117.9649,1.94,51.2,57.9
2718,-1150.65,37.9677,1.94,51.2,57.9
2719,-1179.0,26.6784,1.94,52.6,57.9
2720,-1153.57,14.6128,1.93,52.7,58.0
2721,-1176.06,462.0754,1.96,51.5,58.0
2722,-1172.04,42.0843,1.94,46.1,58.0
2723,-1141.72,25.1971,1.98,44.0,58.0
2724,-1185.71,136.5502,1.95,49.9,58.0
2725,-1163.02,28.6936,1.94,51.9,58.0
2726,-1172.1,41.4884,1.95,51.7,58.0
2727,-1163.11,43.8109,1.93,52.5,58.0
2728,-1161.31,39.3028,1.95,52.1,58.1
2729,-1173.7,32.2839,2.0,41.5,57.8
2730,-1200.71,735.6049,1.97,50.8,57.8
2731,-1160.97,13.093,1.94,51.8,57.9
2732,-1191.36,66.1862,1.93,52.1,57.9
2733,-1149.35,52.6386,1.92,52.0,57.9
2734,-1173.66,17.4259,1.96,52.5,57.9
2735,-1146.82,28.3689,1.97,50.4,57.9
2736,-1175.4,61.2639,1.98,44.5,57.8
2737,-1160.88,16.7313,1.99,45.6,57.9
2738,-1161.53,23.8544,1.91,50.2,57.9
2739,-1172.36,59.0458,1.94,51.4,57.9
2740,-1148.3,12.7828,1.93,52.5,57.9
2741,-1152.44,17.7162,1.91,52.7,57.9
2742,-1185.34,32.1839,1.93,52.5,57.9
2743,-1156.95,37.3848,1.98,46.2,57.9
2744,-1179.49,121.9376,1.98,44.2,57.9
2745,-1139.34,50.9698,1.95,49.4,58.0
2746,-1172.49,88.3581,1.93,51.2,58.0
2747,-1159.75,59.3701,1.94,51.3,57.9
2748,-1138.32,69.1613,1.92,51.9,58.0
2749,-1146.31,100.1056,1.93,52.3,57.9
2750,-1141.44,26.3494,1.99,49.4,58.0
2751,-1184.11,396.5091,1.97,43.9,58.0
2752,-1143.3,22.3366,1.98,46.6,58.0
2753,-1186.95,86.2933,1.95,51.2,58.0
2754,-1193.84,123.2661,1.93,51.5,58.0
2755,-1158.09,34.2739,1.93,52.5,58.0
2756,-1179.07,26.0244,1.94,52.9,58.0
2757,-1163.7,20.9105,1.97,52.1,58.0
2758,-1162.32,17.7301,1.98,47.0,58.0
2759,-1168.01,82.9907,2.01,42.1,58.0
2760,-1139.48,52.6889,1.98,47.6,58.0
2761,-1161.14,19.091,1.95,51.5,58.0
2762,-1161.83,20.8109,1.92,51.9,58.0
2763,-1191.24,173.4545,1.96,51.7,58.1
2764,-1110.14,163.946,1.94,52.5,58.1
2765,-1180.68,48.2403,1.98,50.0,58.1
2766,-1165.02,35.9764,1.99,45.6,58.1
2767,-1168.24,9.5693,1.99,43.4,58.1
2768,-1155.04,19.0427,1.96,48.1,58.1
2769,-1176.86,11.9577,1.93,51.8,58.1
2770,-1188.21,17.4745,1.94,52.0,58.2
2771,-1133.18,128.7075,1.94,52.9,58.1
2772,-1161.45,15.2464,1.96,52.3,58.1
2773,-1149.55,25.532,1.98,50.4,58.2
2774,-1182.54,73.1086,1.99,44.4,58.2
2775,-1184.54,56.7625,1.96,43.6,58.2
2776,-1158.1,15.9613,1.95,49.6,58.2
2777,-1187.13,39.4423,1.93,51.5,58.2
2778,-1143.8,53.4269,1.94,51.6,57.9
2779,-1142.28,38.0283,1.9,51.7,57.9
2780,-1165.63,12.6691,1.92,52.8,57.9
2781,-1175.74,29.0904,1.92,52.8,58.0
2782,-1168.34,49.8287,1.96,51.2,58.0
2783,-1149.84,45.0974,1.98,44.3,57.9
2784,-1163.01,13.2958,1.97,45.8,58.0
2785,-1177.92,19.6868,1.98,50.8,58.0
2786,-1132.5,193.0133,1.93,51.2,58.1
2787,-1133.82,86.7346,1.94,51.3,58.0
2788,-1171.34,25.3068,1.93,52.4,58.0
2789,-1160.1,56.4743,1.95,52.7,58.0
2790,-1198.94,90.5658,1.96,47.3,58.0
2791,-1220.12,316.2358,1.99,41.0,58.0
2792,-1150.24,88.1208,1.95,47.4,58.1
2793,-1154.04,72.9023,1.95,51.6,58.1
2794,-1183.01,21.5181,1.92,51.3,58.1
2795,-1178.25,31.6043,1.92,51.8,58.1
2796,-1157.71,25.8295,1.92,52.3,58.1
2797,-1158.17,40.7135,1.98,50.1,58.1
2798,-1170.39,27.0671,1.93,43.5,58.1
2799,-1147.66,70.3284,2.0,46.5,58.1
2800,-1152.27,391.894,1.97,51.0,58.1
2801,-1180.97,74.8724,1.95,51.8,58.1
2802,-1184.26,170.6486,1.95,51.3,58.1
2803,-1181.53,53.8002,1.92,52.5,58.1
2804,-1159.6,50.479,1.96,52.6,58.1
2805,-1176.23,24.8654,1.98,46.8,58.2
2806,-1126.77,120.2924,1.96,43.7,58.2
2807,-1139.17,80.464,1.93,49.8,58.2
2808,-1154.09,32.6384,1.91,52.2,58.2
2809,-1166.78,14.2939,1.91,51.6,58.2
2810,-1133.34,76.2283,1.86,52.4,58.2
2811,-1120.47,39.2143,1.92,52.3,58.2
2812,-1181.43,114.4438,1.95,50.0,58.2
2813,-1156.68,21.2158,1.95,43.4,58.2
2814,-1171.76,19.51,1.97,45.7,58.2
2815,-1172.77,126.9897,1.93,51.3,58.2
2816,-1173.67,38.4295,1.93,51.6,58.2
2817,-1136.17,186.2949,1.89,52.3,58.3
2818,-1186.64,70.2754,1.92,52.9,58.3
2819,-1177.3,35.2984,1.95,51.5,58.2
2820,-1152.83,21.8899,1.93,44.6,58.3
2821,-1151.2,19.3344,1.94,45.6,58.3
2822,-1153.34,10.0716,1.92,50.7,58.3
2823,-1158.83,41.207,1.91,51.6,58.3
2824,-1150.52,19.9,1.91,52.1,58.3
2825,-1164.03,36.8266,1.92,52.4,58.3
2826,-1164.51,13.9646,1.95,52.2,58.3
2827,-1146.8,96.773,1.95,46.7,58.3
2828,-1143.94,60.3769,1.97,44.6,58.3
2829,-1174.01,140.7086,1.93,49.1,58.4
2830,-1161.14,76.9941,1.93,51.7,58.4
2831,-1171.86,40.8335,1.92,52.4,58.4
2832,-1151.79,22.8832,1.89,52.6,58.4
2833,-1146.82,105.7337,1.98,52.1,58.4
2834,-1142.64,52.1437,1.93,46.9,58.4
2835,-1165.53,218.0715,1.98,42.5,58.4
2836,-1153.43,27.8168,1.97,49.5,58.7
2837,-1171.28,426.1005,1.95,52.4,58.6
2838,-1168.89,19.2751,1.93,50.9,58.6
2839,-1172.54,41.8629,1.91,52.0,58.6
2840,-1162.85,61.6682,1.94,52.6,58.7
2841,-1180.79,644.3552,1.97,48.6,58.7
2842,-1166.03,15.0511,1.94,42.1,58.7
2843,-1159.6,145.6912,1.95,47.6,58.6
2844,-1160.88,28.5729,1.92,51.6,58.7
2845,-1162.61,393.284,1.92,51.1,58.7
2846,-1154.95,197.2016,1.93,52.3,58.7
2847,-1139.98,66.3629,1.95,52.9,58.7
2848,-1172.14,115.4222,1.98,48.5,58.7
2849,-1166.2,117.696,1.93,43.6,58.7
2850,-1154.9,17.1578,1.98,46.3,58.7
2851,-1162.31,23.2978,1.95,51.7,58.8
2852,-1143.97,51.3947,1.92,51.1,58.8
2853,-1127.87,27.0599,1.91,51.3,58.8
2854,-1148.81,36.0608,1.93,52.4,58.8
2855,-1122.06,328.5817,1.91,51.7,58.8
2856,-1191.77,227.8882,1.95,45.9,58.8
2857,-1204.03,309.5639,1.97,43.6,58.8
2858,-1166.93,103.656,1.94,49.8,58.8
2859,-1152.13,21.4425,1.92,51.9,58.8
2860,-1194.08,687.934,1.94,52.1,58.9
2861,-1152.4,61.3595,1.91,52.0,58.9
2862,-1131.86,81.8256,1.95,52.2,58.9
2863,-1172.72,37.0926,1.96,48.7,58.9
2864,-1167.75,43.3939,1.92,42.2,58.9
2865,-1147.47,16.6163,1.96,47.2,58.9
2866,-1151.97,29.979,1.93,51.9,59.0
2867,-1140.96,33.2104,1.93,51.9,59.0
2868,-1137.14,8.4442,1.91,51.7,59.0
2869,-1160.59,187.7722,1.95,52.5,58.9
2870,-1189.21,100.5761,1.94,50.2,58.9
2871,-1175.08,107.5581,1.96,44.2,58.9
2872,-1158.43,41.2367,1.96,46.9,58.7
2873,-1186.23,13.9051,1.94,51.2,58.5
2874,-1158.05,66.1398,1.92,52.5,58.5
2875,-1131.22,38.8858,1.92,52.4,58.5
2876,-1157.89,52.2391,1.91,53.3,58.6
2877,-1169.47,52.8205,1.97,51.4,58.5
2878,-1206.6,118.4999,1.98,46.1,58.6
2879,-1178.1,10.9067,1.97,43.3,58.5
2880,-1150.27,61.983,1.94,49.7,58.5
2881,-1184.24,8.3262,1.94,51.6,58.6
2882,-1175.47,3.6039,1.96,51.6,58.6
2883,-1138.59,70.3335,2.04,51.9,59.5
2884,-1168.85,42.6441,1.95,52.8,59.4
2885,-1160.45,33.3028,1.97,50.3,59.1
2886,-1168.05,18.3831,1.99,44.8,58.8
2887,-1163.37,11.1711,1.96,45.8,58.4
2888,-1173.65,14.3193,1.94,50.8,58.4
2889,-1144.97,57.535,1.93,51.9,58.4
2890,-1184.49,36.4516,1.94,52.8,58.4
2891,-1152.62,9.1212,1.94,52.2,58.4
2892,-1173.2,25.4302,1.95,53.4,58.4
2893,-1151.82,15.8802,1.97,46.7,58.4
2894,-1147.2,31.662,1.98,42.8,58.4
2895,-1179.39,76.9135,1.94,47.4,58.5
2896,-1158.14,16.7158,1.93,52.4,58.5
2897,-1160.21,39.3511,1.94,51.3,58.5
2898,-1131.63,409.9656,1.92,52.2,58.5
2899,-1145.01,72.2287,1.92,52.8,58.5
2900,-1160.56,136.3957,1.98,49.2,58.5
2901,-1176.03,40.1932,1.95,43.3,58.6
2902,-1181.18,26.0004,1.99,47.1,58.6
2903,-1194.79,47.716,1.92,51.9,58.6
2904,-1161.09,92.0898,1.93,51.6,58.6
2905,-1168.16,36.2918,1.9,51.9,58.6
2906,-1164.73,22.625,1.93,53.1,58.7
2907,-1176.88,78.0516,1.97,49.2,58.7
2908,-1163.02,19.8836,1.96,44.3,58.7
2909,-1169.72,7.0375,1.98,46.0,58.7
2910,-1154.56,13.293,1.94,51.5,58.7
2911,-1180.41,15.9757,1.93,51.9,58.8
2912,-1176.51,36.9331,1.92,52.1,58.8
2913,-1228.31,138.9765,2.0,52.2,58.8
2914,-1159.24,61.8418,1.95,52.6,58.8
2915,-1179.1,106.2749,2.01,47.4,58.8
2916,-1206.52,56.492,2.01,43.2,58.8
2917,-1136.31,215.2946,1.97,47.2,58.8
2918,-1186.35,41.7951,1.98,51.9,58.9
2919,-1161.91,112.6395,1.94,51.8,58.9
2920,-1142.84,44.7081,1.95,51.8,58.9
2921,-1193.51,196.8584,1.94,52.7,58.6
2922,-1204.8,112.3793,2.02,43.6,58.6
2923,-1168.51,76.4927,1.97,46.1,58.7
2924,-1155.78,21.5145,1.94,50.8,58.7
2925,-1185.96,60.2477,1.97,51.6,58.7
2926,-1152.11,11.5512,1.93,52.0,58.7
2927,-1173.63,24.0251,1.91,52.5,58.7
2928,-1156.38,19.4142,1.94,52.2,58.7
2929,-1137.49,66.1476,1.94,48.2,58.7
2930,-1168.55,31.2352,2.0,40.9,58.7
2931,-1140.82,70.6968,1.97,47.4,58.8
2932,-1153.27,27.7697,1.94,52.1,58.8
2933,-1162.75,23.7393,1.94,51.7,58.7
2934,-1172.53,21.736,1.97,51.3,58.7
2935,-1171.31,192.6689,1.93,52.1,58.8
2936,-1177.4,29.7543,1.97,52.2,58.8
2937,-1173.92,38.5012,1.97,46.3,58.8
2938,-1148.91,61.8067,1.98,43.3,58.8
2939,-1160.12,20.7584,1.94,47.9,58.8
2940,-1131.22,26.3285,1.93,52.6,58.8
2941,-1155.82,255.601,1.92,52.0,58.8
2942,-1151.96,58.2306,1.87,52.0,58.9
2943,-1131.43,22.736,1.9,52.7,58.9
2944,-1177.06,164.0015,1.98,48.7,58.8
2945,-1145.41,9.3136,1.96,41.3,58.8
2946,-1183.68,59.7971,1.94,47.5,58.9
2947,-1135.82,34.2687,1.95,51.8,58.9
2948,-1153.26,12.3282,1.92,52.2,58.9
2949,-1143.56,48.1802,1.91,51.9,58.9
2950,-1146.64,6.94,1.91,52.9,58.9
2951,-1151.84,14.5092,1.96,50.6,58.9
2952,-1126.92,26.4706,1.95,44.5,58.9
2953,-1161.06,23.1579,1.93,46.0,58.9
2954,-1151.65,19.2957,1.94,49.9,58.9
2955,-1153.81,9.7012,1.93,51.0,59.0
2956,-1159.02,11.0893,1.93,51.7,59.0
2957,-1176.4,44.6222,1.91,52.9,59.0
2958,-1135.9,26.2336,1.96,52.3,59.0
2959,-1153.34,5.701,1.93,46.0,59.0
2960,-1158.42,10.3343,1.98,44.5,59.0
2961,-1179.65,23.4209,1.96,49.3,59.1
2962,-1158.22,36.6375,1.94,51.0,59.1
2963,-1179.15,22.6484,1.92,50.9,59.1
2964,-1155.39,53.1375,1.93,52.6,59.1
2965,-1157.37,23.5162,1.97,52.5,59.1
2966,-1157.16,30.1576,1.97,48.8,59.1
2967,-1143.0,33.3185,1.95,43.4,59.1
2968,-1135.7,21.2865,1.94,45.7,59.1
2969,-1148.4,28.6062,1.92,51.1,59.1
2970,-1172.83,76.8263,1.91,51.3,59.2
2971,-1151.25,10.9748,1.93,51.8,59.2
2972,-1152.86,15.7628,1.92,52.5,59.2
2973,-1158.48,9.0737,1.94,51.9,59.2
2974,-1168.47,12.6924,1.94,45.4,59.2
2975,-1173.21,22.3651,1.95,45.0,59.2
2976,-1162.66,15.634,1.98,50.7,59.2
2977,-1157.21,21.0545,1.94,51.3,59.3
2978,-1166.52,24.2629,1.93,51.9,59.3
2979,-1159.42,25.7266,1.92,52.0,59.3
2980,-1179.29,18.4628,1.94,51.8,59.0
2981,-1169.82,83.3054,1.91,51.9,59.0
2982,-1149.39,61.5244,1.94,52.4,59.0
2983,-1158.18,24.8041,1.92,47.8,58.9
2984,-1147.7,23.3247,1.98,43.4,59.0
2985,-1174.65,59.4216,1.97,48.4,59.0
2986,-1159.75,41.6296,1.92,51.9,59.0
2987,-1165.96,23.4377,1.96,51.5,59.0
2988,-1148.48,39.5241,1.93,52.0,59.0
2989,-1169.08,11.9616,1.95,52.3,59.1
2990,-1156.57,25.4451,1.98,49.9,59.1
2991,-1173.01,5.7714,1.93,43.9,59.0
2992,-1143.84,48.3701,1.97,45.3,59.1
2993,-1152.4,40.1209,1.94,50.0,59.0
2994,-1131.23,25.4794,1.94,51.7,59.1
2995,-1145.54,29.8231,1.93,51.7,59.1
2996,-1145.32,9.0357,1.92,52.3,59.1
2997,-1192.18,119.834,1.94,52.8,59.1
2998,-1148.79,16.2009,1.98,50.5,59.1
2999,-1168.58,10.2794,1.98,44.1,59.1
3000,-1164.2,37.1698,1.96,45.0,59.1
3001,-1170.93,39.097,1.97,49.5,59.1
3002,-1155.91,80.0447,1.93,51.7,59.2
3003,-1178.2,21.2518,1.91,51.5,59.2
3004,-1172.52,14.7272,1.93,52.9,59.2
3005,-1174.03,16.4187,1.92,52.4,59.2
3006,-1160.47,17.1135,1.97,47.6,59.2
3007,-1139.91,46.587,2.0,42.2,59.2
3008,-1160.99,49.2833,1.96,47.7,59.3
3009,-1163.35,42.5363,1.93,51.6,59.2
3010,-1177.36,55.8805,1.94,51.4,59.2
3011,-1142.87,13.4264,1.92,51.9,59.2
3012,-1177.43,27.818,1.94,52.8,59.2
3013,-1173.58,10.1487,1.95,49.0,59.3
3014,-1145.36,69.4929,1.96,42.6,59.3
3015,-1173.72,8.5244,1.97,47.2,59.3
3016,-1172.08,8.7935,1.96,50.9,59.3
3017,-1175.56,37.8091,1.92,51.7,59.3
3018,-1169.86,85.5369,1.91,52.2,59.3
3019,-1169.71,16.3651,1.92,52.3,59.3
3020,-1147.65,36.7656,1.98,49.8,59.3
3021,-1147.87,54.927,1.95,44.3,59.3
3022,-1137.43,10.0384,1.97,45.2,59.3
3023,-1162.68,28.806,1.94,50.6,59.3
3024,-1157.97,23.3361,1.94,51.4,59.3
3025,-1156.19,11.134,1.92,51.9,59.3
3026,-1127.41,46.9249,1.92,52.6,59.3
3027,-1179.85,54.8214,1.96,52.5,59.3
3028,-1165.33,17.5273,1.94,46.7,59.4
3029,-1157.45,39.1293,1.99,43.3,59.3
3030,-1134.07,47.3287,1.95,48.6,59.3
3031,-1176.67,30.4058,1.93,52.1,59.3
3032,-1186.41,71.7245,1.93,52.1,59.3
3033,-1160.74,45.5054,1.92,51.7,59.4
3034,-1171.68,30.696,1.95,52.8,59.3
3035,-1142.73,80.581,1.98,47.2,59.3
3036,-1172.65,86.9636,1.99,42.6,59.4
3037,-1193.33,126.1301,1.94,46.3,59.4
3038,-1148.58,46.1352,1.96,50.9,59.4
3039,-1123.74,97.9194,1.91,51.7,59.4
3040,-1160.63,17.9719,1.91,51.1,59.4
3041,-1164.15,14.5831,1.92,52.3,59.4
3042,-1164.1,22.5259,1.94,50.8,59.5
3043,-1153.01,27.8353,1.96,44.3,59.4
3044,-1164.99,17.3722,1.98,43.8,59.4
3045,-1171.91,9.1161,1.96,48.5,59.5
3046,-1132.11,45.5062,1.94,51.4,59.5
3047,-1159.63,43.5438,1.93,51.8,59.4
3048,-1170.97,26.8831,1.9,52.6,59.5
3049,-1152.73,11.0387,1.93,51.9,59.5
3050,-1137.73,49.5312,1.98,48.5,59.5
3051,-1144.78,146.5405,1.97,42.2,59.5
3052,-1163.73,41.4806,1.97,48.6,59.5
3053,-1198.31,146.1598,1.94,52.0,59.5
3054,-1159.73,25.7484,1.96,51.5,59.6
3055,-1160.45,20.3948,1.91,51.8,59.5
3056,-1183.28,32.3109,1.93,52.2,59.6
3057,-1183.31,107.0657,2.01,50.2,59.6
3058,-1152.78,19.9246,1.98,45.9,59.6
3059,-1155.06,36.6257,2.0,45.2,59.6
3060,-1152.15,15.7677,1.94,49.9,59.6
3061,-1161.57,82.3725,1.93,51.9,59.6
3062,-1184.72,63.6387,1.92,52.3,59.6
3063,-1159.29,35.5752,1.92,52.0,59.7
3064,-1171.78,41.89,1.94,52.9,59.6
3065,-1146.04,89.8349,1.94,47.7,59.7
3066,-1147.44,24.1867,1.95,42.3,59.7
3067,-1147.44,12.7037,1.97,48.0,59.7
3068,-1178.8,98.0877,1.94,52.4,59.7
3069,-1171.84,38.9372,1.92,51.5,59.7
3070,-1173.51,19.4694,1.98,52.0,59.8
3071,-1126.72,193.6395,1.92,52.2,59.7
3072,-1179.92,9.5479,2.0,50.1,59.7
3073,-1156.94,39.0786,1.98,46.1,59.8
3074,-1166.8,20.8784,2.01,43.0,59.8
3075,-1144.66,30.6292,1.95,48.6,59.8
3076,-1170.45,28.9588,1.94,51.7,59.8
3077,-1160.87,12.7057,1.91,50.7,59.9
3078,-1187.69,18.3951,1.92,51.4,59.8
3079,-1159.46,69.6092,1.95,53.2,59.8
3080,-1152.76,46.8328,1.98,49.3,59.9
3081,-1177.78,6.8678,1.98,43.0,59.9
3082,-1168.75,30.0384,1.98,46.8,59.9
3083,-1163.88,29.7329,1.91,51.5,59.9
3084,-1148.21,13.6016,1.94,51.7,59.9
3085,-1149.08,21.8723,1.94,52.3,59.9
3086,-1140.02,17.0993,1.93,52.4,59.9
3087,-1143.39,19.9656,1.93,53.1,60.0
3088,-1145.91,10.1711,1.99,45.8,60.0
3089,-1158.91,12.8544,1.99,44.0,60.0
3090,-1167.78,33.5863,1.96,47.9,60.0
3091,-1162.88,19.7233,1.94,51.9,60.0
3092,-1164.62,9.9777,1.94,51.2,60.0
3093,-1176.6,31.2584,1.91,52.4,60.0
3094,-1175.86,19.7595,1.94,53.4,60.1
3095,-1158.02,27.1746,1.95,47.7,60.1
3096,-1155.32,58.0337,1.97,41.0,60.1
3097,-1146.92,24.7297,1.96,46.8,60.1
3098,-1145.18,13.3482,1.91,51.8,60.1
3099,-1162.49,11.0522,1.92,51.7,60.1
3100,-1171.19,14.269,1.91,51.8,60.2
3101,-1135.61,63.6881,1.94,52.3,60.1
3102,-1161.57,47.1298,1.98,49.5,60.1
3103,-1161.63,10.9991,1.98,43.7,60.2
3104,-1179.25,111.55,1.97,46.4,60.2
3105,-1157.11,28.8512,1.96,50.6,60.2
3106,-1143.15,38.9935,1.93,51.5,60.2
3107,-1130.37,49.8639,1.93,51.8,60.2
3108,-1184.88,193.1385,1.91,51.6,60.2
3109,-1152.06,16.9907,1.94,52.3,60.2
3110,-1162.18,11.3281,1.98,46.1,60.2
3111,-1204.85,113.5007,1.97,43.8,60.3
3112,-1182.8,125.9908,1.93,47.7,60.3
3113,-1152.97,87.8223,1.94,52.0,60.3
3114,-1172.24,13.4146,1.9,50.9,60.0
3115,-1161.06,104.257,1.96,53.0,60.0
3116,-1126.4,59.3548,1.95,48.3,60.0
3117,-1155.59,60.6369,1.95,42.3,60.0
3118,-1153.03,55.2081,2.0,47.0,60.1
3119,-1147.03,22.8154,1.97,51.7,60.1
3120,-1197.1,126.2749,1.91,51.1,60.1
3121,-1147.26,17.4353,1.93,51.5,60.1
3122,-1166.82,17.5154,1.91,52.1,60.1
3123,-1166.57,14.9743,1.95,52.5,60.2
3124,-1160.17,12.9694,1.94,46.2,60.2
3125,-1148.11,25.4079,1.97,42.5,60.1
3126,-1148.78,17.504,1.97,47.8,60.1
3127,-1137.4,21.0163,1.95,51.5,60.2
3128,-1149.16,20.9656,1.93,52.1,60.2
3129,-1154.21,102.319,1.91,51.6,60.2
3130,-1192.16,171.4516,1.95,51.9,60.2
3131,-1156.96,45.4173,1.97,51.9,60.2
3132,-1171.41,57.2179,2.0,44.5,60.2
3133,-1166.09,25.9992,1.96,45.6,60.2
3134,-1208.73,126.1524,1.99,50.5,60.2
3135,-1156.67,31.0331,1.94,51.5,60.3
3136,-1180.28,20.9797,1.92,51.9,60.3
3137,-1160.86,38.0928,1.93,51.7,60.2
3138,-1149.09,29.5218,1.95,52.0,60.2
3139,-1149.48,25.3755,1.94,49.9,60.3
3140,-1129.74,21.8126,1.92,42.6,60.2
3141,-1152.4,39.0695,1.93,47.1,60.3
3142,-1145.32,34.4057,1.95,51.2,60.3
3143,-1163.87,64.4105,1.92,51.5,60.3
3144,-1126.29,45.4312,1.94,52.8,60.3
3145,-1155.34,43.3346,1.93,52.2,60.3
3146,-1170.63,31.0531,1.95,52.1,60.3
3147,-1148.66,76.9095,1.93,46.2,60.3
3148,-1137.85,45.3367,1.95,44.7,60.4
3149,-1164.48,13.6599,1.94,48.2,60.3
3150,-1149.18,13.1607,1.92,52.0,60.4
3151,-1165.33,24.0776,1.96,51.3,60.4
3152,-1136.52,27.1358,1.91,51.2,60.4
3153,-1149.78,11.3075,1.93,52.1,60.4
3154,-1189.76,36.783,1.98,48.0,60.4
3155,-1168.32,24.8204,1.93,41.7,60.4
3156,-1131.81,82.9322,1.94,47.2,60.4
3157,-1158.44,5.7423,1.93,52.0,60.4
3158,-1141.16,18.3299,1.93,52.0,60.4
3159,-1203.97,142.5514,1.96,51.7,60.5
3160,-1148.33,7.684,1.93,53.3,60.5
3161,-1144.54,27.8252,1.94,50.8,60.3
3162,-1184.28,11.2673,1.93,45.0,60.1
3163,-1162.7,54.7543,1.98,45.2,60.1
3164,-1157.35,47.7605,2.15,50.4,61.1
3165,-1144.78,46.1074,1.97,51.3,61.1
3166,-1138.18,43.6866,1.94,51.6,61.1
3167,-1136.04,36.1799,1.89,51.8,61.0
3168,-1139.21,15.8702,1.92,52.6,61.0
3169,-1124.38,36.8359,1.97,49.9,60.7
3170,-1145.54,36.0009,1.98,43.5,60.7
3171,-1163.22,27.2678,1.98,46.0,60.8
3172,-1164.25,27.2619,1.98,50.3,60.8
3173,-1158.19,17.8536,1.94,52.0,60.7
3174,-1171.56,8.7814,1.96,51.2,60.7
3175,-1152.92,24.5733,1.9,52.1,60.7
3176,-1178.53,61.9218,1.95,52.1,60.8
3177,-1178.35,11.3647,1.99,46.8,60.8
3178,-1197.56,110.9845,1.99,42.4,60.9
3179,-1158.9,20.4986,1.98,47.4,60.8
3180,-1190.42,27.3399,1.94,51.6,60.8
3181,-1171.36,11.6253,1.92,51.3,60.8
3182,-1150.24,77.453,1.92,52.0,60.9
3183,-1161.28,16.1618,1.94,52.4,60.9
3184,-1142.33,14.0586,1.98,51.7,60.8
3185,-1155.65,24.6504,2.01,45.9,60.5
3186,-1168.59,83.7415,1.95,44.8,60.5
3187,-1170.04,40.9227,1.97,50.6,60.5
3188,-1161.43,46.4161,1.93,51.4,60.5
3189,-1163.06,7.1527,1.91,51.9,60.6
3190,-1156.86,13.8355,1.92,52.6,60.5
3191,-1149.04,5.4548,1.91,52.7,60.3
3192,-1163.04,19.2087,1.91,52.6,60.2
3193,-1177.76,17.4218,1.97,50.8,60.3
3194,-1166.19,9.7668,1.98,46.0,60.3
3195,-1145.06,79.8012,1.98,43.9,60.3
3196,-1135.85,39.6473,1.93,49.0,60.3
3197,-1172.41,51.1792,1.93,51.8,60.3
3198,-1173.72,20.8211,1.92,52.0,60.3
3199,-1156.81,17.9567,1.93,52.2,60.4
3200,-1167.2,7.6454,1.96,53.1,60.4
3201,-1162.98,65.3559,2.02,45.9,60.4
3202,-1164.55,18.0314,1.99,42.5,60.4
3203,-1160.87,37.6512,2.0,49.0,60.4
3204,-1231.32,261.5783,1.98,52.1,60.4
3205,-1173.56,88.8889,1.97,51.4,60.4
3206,-1165.05,30.4731,1.93,51.2,60.4
3207,-1147.5,31.4721,1.92,52.8,60.4
3208,-1154.41,45.6807,1.98,51.5,60.4
3209,-1148.02,10.4614,1.96,45.5,60.4
3210,-1160.19,29.1578,1.98,43.1,60.4
3211,-1194.32,137.9578,1.97,49.2,60.5
3212,-1206.58,113.6621,1.97,51.6,60.5
3213,-1142.52,82.693,1.95,51.5,60.5
3214,-1156.22,57.3927,1.92,51.9,60.5
3215,-1136.33,32.2253,1.92,52.5,60.4
3216,-1148.23,22.4176,1.95,50.3,60.5
3217,-1146.38,40.2229,1.96,45.4,60.4
3218,-1174.44,57.4998,2.0,46.0,60.5
3219,-1190.41,62.2091,1.93,50.3,60.4
3220,-1160.13,36.5812,1.92,52.1,60.4
3221,-1179.07,41.6806,1.94,51.6,60.4
3222,-1139.31,89.2419,1.92,52.0,60.4
3223,-1158.95,12.4952,1.93,52.7,60.5
3224,-1166.83,18.9465,1.95,46.2,60.5
3225,-1162.59,10.7214,1.97,43.0,60.5
3226,-1166.42,11.7221,1.99,47.3,60.5
3227,-1171.75,15.1444,1.93,51.5,60.5
3228,-1206.52,98.3866,1.97,51.7,60.5
3229,-1155.65,40.632,1.92,52.9,60.5
3230,-1162.42,49.2959,1.95,52.2,60.6
3231,-1157.08,14.6673,1.98,50.6,60.5
3232,-1189.8,140.1034,1.99,45.2,60.6
3233,-1155.47,11.4892,2.0,44.7,60.6
3234,-1158.31,7.7852,1.93,49.7,60.6
3235,-1144.85,16.7823,1.95,51.9,60.6
3236,-1181.3,57.5104,1.94,51.8,60.6
3237,-1167.78,14.2451,1.9,51.9,60.7
3238,-1147.96,19.2243,1.95,52.8,60.7
3239,-1163.49,8.316,1.95,47.4,60.7
3240,-1153.17,12.7548,2.0,41.6,60.7
3241,-1135.49,8.3395,1.93,47.3,60.7
3242,-1150.03,29.8785,1.96,51.6,60.7
3243,-1149.64,17.4431,1.93,52.0,60.7
3244,-1152.84,23.4559,1.94,51.4,60.7
3245,-1138.44,36.6821,1.93,53.0,60.7
3246,-1165.93,39.2041,1.96,52.3,60.8
3247,-1153.18,52.4714,1.99,47.0,60.8
3248,-1153.14,24.5513,1.97,41.7,60.8
3249,-1183.16,71.0346,1.97,48.4,60.8
3250,-1167.85,37.1587,1.92,50.8,60.8
3251,-1125.41,72.8003,1.92,51.7,60.8
3252,-1161.58,15.4131,1.94,51.8,60.8
3253,-1159.17,9.8534,1.93,51.8,60.8
3254,-1176.1,36.9486,1.98,50.7,60.9
3255,-1161.63,14.9436,1.97,44.2,60.9
3256,-1144.71,24.7387,1.94,45.1,60.9
3257,-1160.51,7.7224,1.98,50.9,60.9
3258,-1155.04,6.2348,1.93,51.5,60.9
3259,-1139.57,27.6308,1.96,51.3,60.9
3260,-1148.7,17.0457,1.92,52.1,60.9
3261,-1173.02,73.788,1.95,52.9,60.9
3262,-1168.46,20.2039,1.98,46.8,61.0
3263,-1171.15,37.2623,1.98,43.3,61.0
3264,-1169.28,31.1136,1.91,49.9,61.0
3265,-1161.83,15.6375,1.93,51.6,61.0
3266,-1163.17,29.4296,1.94,52.0,61.0
3267,-1216.76,207.466,1.95,52.3,61.1
3268,-1176.58,73.5919,1.92,52.6,61.0
3269,-1155.92,28.7107,1.94,48.4,61.0
3270,-1148.13,24.7669,2.0,40.2,61.0
3271,-1162.45,11.1185,1.95,48.1,61.1
3272,-1165.15,20.8628,1.93,51.2,61.1
3273,-1151.27,27.2348,1.92,51.8,61.1
3274,-1126.16,65.0878,1.91,51.8,61.1
3275,-1143.64,13.0907,1.92,52.1,61.1
3276,-1226.37,293.0657,2.01,48.9,61.1
3277,-1197.95,143.9233,2.01,42.9,61.1
3278,-1145.24,69.9973,1.98,46.6,61.1
3279,-1144.53,18.4487,1.94,51.6,61.2
3280,-1140.08,22.1306,1.91,52.2,61.2
3281,-1211.34,161.8073,1.97,51.6,61.2
3282,-1189.17,169.4866,1.95,52.0,61.2
3283,-1151.85,12.8918,1.96,51.6,61.2
3284,-1175.75,16.8387,1.95,46.5,61.2
3285,-1171.45,97.1361,1.99,44.3,61.2
3286,-1173.9,34.1061,1.95,49.4,61.3
3287,-1144.84,46.3156,1.95,51.7,61.3
3288,-1171.34,40.9938,1.93,52.5,61.3
3289,-1210.55,133.3222,1.94,52.0,61.2
3290,-1157.96,66.1624,1.94,52.8,61.3
3291,-1161.27,26.5046,1.93,47.2,61.3
3292,-1140.25,44.9182,1.97,42.1,61.4
3293,-1142.55,49.3338,1.92,47.2,61.4
3294,-1166.91,85.8166,1.93,51.2,61.4
3295,-1152.93,72.9155,1.92,51.4,61.4
3296,-1175.0,80.6075,1.94,51.4,61.4
3297,-1156.61,42.6331,1.95,52.4,61.4
3298,-1146.27,48.0356,1.96,50.2,61.4
3299,-1151.08,32.9302,1.94,44.1,61.5
3300,-1200.64,125.3156,2.01,46.2,61.5
3301,-1181.72,65.542,1.93,49.6,61.5
3302,-1165.81,15.6686,1.95,51.4,61.5
3303,-1168.14,12.3984,1.92,52.1,61.5
3304,-1147.21,38.873,1.91,51.4,61.6
3305,-1133.35,66.2112,1.93,52.3,61.5
3306,-1152.43,35.5779,1.95,47.4,61.6
3307,-1158.94,41.1687,1.95,43.0,61.6
3308,-1159.4,37.1903,1.96,47.2,61.6
3309,-1130.67,34.6674,1.94,51.6,61.6
3310,-1159.82,44.769,1.9,50.9,61.6
3311,-1152.95,9.1998,1.9,51.6,61.6
3312,-1208.72,798.0363,1.98,53.0,61.7
3313,-1156.02,32.2016,1.96,50.2,61.7
3314,-1195.36,127.6543,1.97,45.5,61.7
3315,-1166.46,35.2888,2.0,44.3,61.7
3316,-1133.52,48.414,1.93,47.9,61.7
3317,-1141.39,16.8179,1.94,51.0,61.7
3318,-1172.33,32.0743,1.94,49.9,61.5
3319,-1172.72,53.1775,1.95,52.6,61.4
3320,-1148.82,32.58,1.94,47.0,61.4
3321,-1131.53,46.5603,1.97,42.9,61.5
3322,-1135.75,42.0178,1.96,48.9,61.5
3323,-1168.52,50.6583,1.93,52.1,61.5
3324,-1164.03,20.4056,1.95,50.7,61.6
3325,-1169.86,12.0372,1.91,51.7,61.5
3326,-1166.71,10.3712,1.91,52.6,61.5
3327,-1148.66,43.7379,1.96,49.8,61.6
3328,-1165.65,22.1408,1.98,43.6,61.6
3329,-1158.42,4.5522,1.99,45.2,61.6
3330,-1167.09,9.1725,1.95,50.2,61.6
3331,-1146.72,28.2507,1.96,51.6,61.6
3332,-1164.04,11.7091,1.94,51.3,61.6
3333,-1171.64,109.6654,1.92,51.4,61.6
3334,-1173.31,16.4104,1.92,52.5,61.6
3335,-1132.65,62.5983,1.95,47.9,61.6
3336,-1158.45,12.5264,1.96,42.7,61.6
3337,-1155.55,3.1635,1.95,49.3,61.6
3338,-1179.7,60.6926,1.94,51.6,61.7
3339,-1159.57,13.8355,1.94,51.1,61.7
3340,-1150.19,33.8912,1.96,51.9,61.6
3341,-1150.49,19.9228,1.94,52.5,61.7
3342,-1190.99,172.3452,1.94,49.2,61.7
3343,-1138.87,59.9433,1.96,44.6,61.7
3344,-1168.14,22.1285,1.94,46.1,61.7
3345,-1170.18,17.3639,1.92,52.7,61.8
3346,-1113.41,125.0867,1.93,51.6,61.8
3347,-1146.78,7.4909,1.94,52.3,61.8
3348,-1156.92,16.8189,1.92,52.5,61.8
3349,-1157.58,22.9182,1.97,53.3,61.8
3350,-1175.21,36.4461,1.96,46.1,61.8
3351,-1168.56,9.528,1.98,42.6,61.8
3352,-1184.27,36.8692,1.97,48.9,61.8
3353,-1159.83,21.3556,1.94,50.3,61.8
3354,-1159.24,25.1516,1.92,52.3,61.8
3355,-1156.62,17.7208,1.92,52.1,61.8
3356,-1155.5,49.5185,1.92,52.0,61.8
3357,-1153.1,12.4581,1.98,49.0,61.9
3358,-1148.05,6.3794,1.99,42.4,61.9
3359,-1148.15,17.8163,1.97,46.3,61.9
3360,-1183.78,68.4212,1.97,51.0,61.9
3361,-1201.03,101.2536,1.95,51.7,61.9
3362,-1209.18,101.175,1.93,51.7,61.9
3363,-1160.32,41.6807,1.92,51.7,61.9
3364,-1224.38,196.3995,1.99,52.4,61.9
3365,-1186.52,7.9871,1.94,49.3,61.9
3366,-1158.41,194.3246,1.98,44.4,61.9
3367,-1161.72,27.5819,2.0,45.5,61.9
3368,-1181.06,86.0672,1.97,49.7,62.0
3369,-1148.48,58.2321,1.93,51.8,62.0
3370,-1156.42,53.8625,1.91,52.2,61.9
3371,-1163.48,43.4012,1.93,52.5,62.0
3372,-1153.98,9.9743,1.92,52.9,62.0
3373,-1159.99,9.1306,1.93,46.6,62.0
3374,-1166.31,13.2448,1.98,42.1,62.0
3375,-1149.57,17.1908,1.9,48.6,62.0
3376,-1143.7,69.3764,1.93,50.9,62.0
3377,-1143.46,32.9996,1.91,51.3,62.0
3378,-1150.28,18.8156,1.93,52.3,62.0
3379,-1133.8,13.2037,1.94,52.0,62.0
3380,-1186.55,100.2967,1.95,50.5,62.1
3381,-1147.6,19.568,1.98,44.6,62.1
3382,-1164.39,16.0988,1.99,45.0,62.1
3383,-1151.69,8.481,1.92,49.5,62.2
3384,-1169.73,16.5116,1.93,51.7,62.2
3385,-1157.52,7.4595,1.93,52.5,62.3
3386,-1161.11,15.0637,1.91,51.4,62.2
3387,-1165.3,10.97,1.93,53.0,62.2
3388,-1187.39,83.4551,1.97,46.9,62.2
3389,-1176.64,10.9734,2.01,43.5,62.3
3390,-1164.53,38.3092,1.96,48.1,62.3
3391,-1166.81,14.649,1.92,51.6,62.3
3392,-1156.75,119.347,1.95,51.6,62.3
3393,-1152.9,14.3995,1.91,51.8,62.2
3394,-1131.88,20.4629,1.96,52.9,62.3
3395,-1191.81,141.6523,1.95,48.9,62.3
3396,-1184.29,86.1451,1.97,43.5,62.3
3397,-1169.49,32.5839,1.96,46.7,62.3
3398,-1128.75,59.6715,1.92,50.3,62.3
3399,-1171.68,32.7664,1.92,51.3,62.3
3400,-1165.27,27.3762,1.91,51.6,62.3
3401,-1144.18,35.1353,1.91,51.8,62.4
3402,-1179.49,100.9922,1.93,50.9,62.4
3403,-1159.78,13.8728,1.96,44.2,62.4
3404,-1157.67,7.8203,2.58,45.2,62.1
3405,-1173.3,22.4401,1.94,44.5,62.0
3406,-1161.82,28.1748,2.0,45.6,62.1
3407,-1184.69,114.2111,1.99,49.7,62.1
3408,-1176.6,36.2629,1.94,51.6,61.8
3409,-1163.94,21.5384,1.95,51.3,61.7
3410,-1161.92,7.8945,1.94,51.9,61.7
3411,-1159.62,8.2905,1.94,52.7,61.8
3412,-1178.87,41.814,1.92,46.5,61.8
3413,-1199.82,129.6436,1.97,42.5,61.8
3414,-1151.3,23.6726,1.97,48.2,61.8
3415,-1165.07,18.0488,1.95,51.9,61.8
3416,-1152.54,78.8848,1.95,52.4,61.9
3417,-1176.87,16.9118,1.93,52.3,61.9
3418,-1159.94,24.2392,1.93,52.5,61.9
3419,-1171.25,106.5801,2.01,52.4,62.1
3420,-1194.28,97.4044,1.98,46.2,62.0
3421,-1156.27,16.6162,1.94,43.2,62.1
3422,-1154.17,52.7645,1.92,50.2,62.0
3423,-1132.34,40.8901,1.9,51.4,62.1
3424,-1148.44,27.7565,1.92,51.7,62.1
3425,-1142.6,15.3189,1.91,52.1,62.1
3426,-1160.06,57.2914,1.95,52.4,62.1
3427,-1126.11,50.2491,1.96,46.4,62.1
3428,-1159.54,17.5824,1.98,44.6,62.1
3429,-1160.34,11.2321,1.95,49.1,62.1
3430,-1184.75,95.4413,1.94,51.6,62.2
3431,-1157.84,34.2975,1.96,51.6,62.1
3432,-1134.35,59.4397,1.9,52.5,62.0
3433,-1141.25,21.2664,1.93,52.4,62.1
3434,-1144.81,13.071,1.98,49.3,62.1
3435,-1202.12,175.2998,1.96,43.4,62.1
3436,-1130.21,44.19,1.95,45.7,62.1
3437,-1141.27,9.0913,1.93,50.9,62.1
3438,-1156.91,41.2675,1.91,51.6,62.1
3439,-1154.33,25.6337,1.91,51.7,62.1
3440,-1155.27,19.8319,1.94,51.9,62.1
3441,-1170.24,99.0101,1.99,52.6,62.2
3442,-1143.2,50.6383,1.95,46.7,62.2
3443,-1162.85,12.4812,1.99,42.1,62.2
3444,-1167.38,13.3117,1.98,47.8,62.1
3445,-1173.36,12.5504,1.94,52.5,62.6
3446,-1148.47,83.4702,1.95,52.0,62.6
3447,-1164.71,25.6116,1.93,52.5,62.5
3448,-1173.13,14.387,1.94,53.2,62.5
3449,-1145.61,19.6574,1.95,49.8,62.2
3450,-1164.41,19.988,1.96,43.1,62.0
3451,-1149.96,38.6318,1.95,47.5,62.0
3452,-1170.1,13.103,1.93,51.0,62.0
3453,-1157.27,23.5797,1.93,50.7,62.0
3454,-1157.74,20.5307,1.91,51.4,62.0
3455,-1137.3,84.8132,1.9,52.3,62.0
3456,-1152.15,14.7738,1.97,50.6,62.0
3457,-1162.51,21.7654,1.99,44.7,62.0
3458,-1149.69,11.9114,1.98,44.1,62.0
3459,-1155.13,12.3119,1.93,50.4,62.0
3460,-1174.04,27.1147,1.92,51.4,62.0
3461,-1149.52,63.449,1.93,51.9,62.0
3462,-1131.3,159.4613,1.91,51.9,62.0
3463,-1160.74,54.9114,1.93,53.2,62.0
3464,-1198.86,131.0337,2.01,45.7,62.1
3465,-1174.83,10.8037,1.97,41.6,62.1
3466,-1172.62,35.6129,1.97,47.0,62.1
3467,-1177.48,113.7868,1.98,51.2,62.2
3468,-1143.66,92.1966,1.92,51.3,62.2
3469,-1180.11,40.1671,1.94,52.5,62.2
3470,-1148.65,10.9672,1.92,52.4,62.3
3471,-1217.53,146.9541,2.0,50.9,62.3
3472,-1163.68,15.9171,1.94,45.5,62.3
3473,-1141.38,18.4679,1.96,43.9,62.3
3474,-1196.11,119.3802,1.98,49.8,62.3
3475,-1158.27,17.8237,1.94,51.1,62.3
3476,-1152.53,8.0957,1.92,51.2,62.3
3477,-1166.37,17.7035,1.9,52.5,62.3
3478,-1149.82,22.178,1.93,52.4,62.3
3479,-1161.56,5.547,1.95,48.2,62.4
3480,-1162.39,29.563,1.96,42.0,62.4
3481,-1178.87,23.6691,1.97,47.2,62.4
3482,-1133.34,108.993,1.94,51.4,62.4
3483,-1141.16,59.3185,1.92,51.3,62.4
3484,-1167.38,7.7474,1.92,51.7,62.4
3485,-1145.49,10.9524,1.92,52.6,62.4
3486,-1185.22,156.0076,2.0,51.3,62.5
3487,-1181.48,137.9054,1.92,45.1,62.4
3488,-1147.74,8.5723,2.0,43.5,62.5
3489,-1153.47,15.6647,1.94,49.0,62.5
3490,-1158.18,10.531,1.94,51.3,62.5
3491,-1140.39,14.2592,1.93,51.3,62.5
3492,-1159.0,25.7963,1.91,51.9,62.5
3493,-1168.1,35.4753,1.92,53.1,62.5
3494,-1164.31,15.9941,1.94,46.8,62.5
3495,-1162.62,113.0409,2.04,42.0,62.6
3496,-1161.25,145.3244,1.97,47.1,62.6
3497,-1177.23,57.4666,1.98,50.9,62.6
3498,-1192.64,190.7263,1.97,51.3,62.6
3499,-1168.58,70.6894,1.92,51.5,62.6
3500,-1192.42,68.671,1.94,51.3,62.6
3501,-1139.2,26.697,1.95,52.6,62.7
3502,-1142.45,18.152,1.97,41.7,62.4
3503,-1190.3,122.296,1.93,52.0,62.4
3504,-1164.44,21.6739,1.92,51.3,62.3
3505,-1192.49,147.8341,1.96,52.0,62.4
3506,-1170.27,76.5539,1.94,52.4,62.4
3507,-1173.38,25.5496,1.96,52.1,62.4
3508,-1161.29,40.9679,1.92,45.0,62.4
3509,-1156.43,40.2754,1.99,44.4,62.5
3510,-1162.84,52.2002,1.97,49.1,62.4
3511,-1147.63,55.3687,1.93,51.3,62.5
3512,-1182.91,105.4209,1.93,51.7,62.5
3513,-1129.53,69.6751,1.91,51.5,62.5
3514,-1170.06,20.7329,1.94,53.0,62.5
3515,-1145.1,21.8577,1.97,50.2,62.6
3516,-1165.84,10.9147,1.94,43.4,62.5
3517,-1159.82,32.4587,1.97,46.0,62.5
3518,-1156.25,16.4487,1.98,50.8,62.5
3519,-1157.99,11.6332,1.94,51.8,62.5
3520,-1174.61,51.6476,1.92,51.6,62.6
3521,-1185.0,73.721,1.91,52.3,62.5
3522,-1151.71,30.4882,1.96,52.4,62.5
3523,-1170.46,7.3149,1.97,46.0,62.6
3524,-1192.8,51.7586,1.98,44.3,62.6
3525,-1154.96,47.9948,1.96,49.9,62.6
3526,-1201.81,102.9205,1.97,51.6,62.6
3527,-1153.35,46.9883,1.94,51.1,62.6
3528,-1158.44,14.9625,1.9,52.3,62.6
3529,-1163.26,9.6323,1.95,52.6,62.6
3530,-1134.0,31.7819,1.96,48.0,62.6
3531,-1154.62,11.2828,1.95,41.5,62.7
3532,-1163.04,25.24,2.03,47.3,62.7
3533,-1172.11,61.0408,1.95,50.5,62.7
3534,-1161.12,18.5636,1.94,51.6,62.7
3535,-1169.76,23.2322,1.9,51.7,62.7
3536,-1184.02,134.1941,1.95,52.8,62.7
3537,-1205.56,85.6094,1.99,51.4,62.7
3538,-1151.12,81.4727,1.95,45.2,62.7
3539,-1157.39,26.1564,1.98,44.6,62.7
3540,-1139.1,46.6373,1.94,49.4,62.7
3541,-1168.78,16.8552,1.94,51.5,62.7
3542,-1173.72,65.2254,1.94,51.5,62.7
3543,-1124.69,87.6149,1.92,52.2,62.8
3544,-1178.64,41.2312,1.94,52.3,62.7
3545,-1163.55,12.777,1.96,47.6,62.7
3546,-1185.25,12.6354,2.01,42.0,62.7
3547,-1151.19,88.9716,1.98,46.4,62.8
3548,-1176.06,32.1767,1.95,51.4,62.8
3549,-1153.12,20.6622,1.92,51.4,62.8
3550,-1159.46,7.8034,1.93,51.9,62.8
3551,-1158.13,39.3991,1.93,53.0,62.8
3552,-1173.84,61.0107,1.99,51.3,62.9
3553,-1169.21,71.7338,1.98,46.2,62.9
3554,-1150.91,23.8863,1.98,43.7,62.9
3555,-1145.59,35.4485,1.94,48.7,62.9
3556,-1164.28,30.2036,1.91,51.9,62.9
3557,-1155.66,19.3707,1.9,51.8,62.9
3558,-1171.83,27.83,1.89,51.9,62.9
3559,-1162.78,14.6653,1.93,51.8,62.9
3560,-1144.57,42.6918,1.96,47.2,62.9
3561,-1146.11,35.7866,1.93,43.7,62.9
3562,-1179.38,54.9406,1.96,48.1,62.9
3563,-1154.54,14.1494,1.93,51.7,62.9
3564,-1178.15,104.9771,1.94,51.5,63.0
3565,-1192.12,26.2472,1.9,51.6,62.9
3566,-1133.67,187.9046,1.93,52.3,63.0
3567,-1179.44,21.1382,1.97,50.8,63.3
3568,-1159.11,88.2317,1.93,43.3,63.2
3569,-1156.39,12.6809,1.96,45.9,63.2
3570,-1138.53,18.6018,1.95,49.5,63.2
3571,-1147.87,5.6396,1.94,51.2,63.3
3572,-1136.67,19.9191,1.92,52.0,63.2
3573,-1148.96,23.5263,1.92,52.7,63.3
3574,-1167.26,54.73,1.96,52.8,63.2
3575,-1152.11,16.3955,1.97,46.6,63.3
3576,-1150.42,82.6084,1.98,42.8,63.3
3577,-1115.56,155.6661,1.95,48.6,63.3
3578,-1139.79,55.3252,1.94,51.9,63.3
3579,-1167.52,58.7785,1.93,51.2,63.3
3580,-1146.79,7.0386,1.92,51.9,63.3
3581,-1118.85,46.8723,1.93,51.6,63.3
3582,-1140.2,24.3795,1.96,48.7,63.3
3583,-1135.65,8.4652,1.99,40.5,63.3
3584,-1155.97,20.7827,2.0,47.5,63.3
3585,-1141.4,14.9933,1.93,51.4,63.3
3586,-1150.41,20.0174,1.93,52.2,63.4
3587,-1144.36,29.0311,1.94,51.0,63.4
3588,-1161.55,39.2609,1.94,52.5,63.4
3589,-1146.58,13.7938,1.96,50.0,63.4
3590,-1149.46,23.7724,1.95,44.9,63.4
3591,-1160.3,17.3671,1.98,44.9,63.4
3592,-1145.82,5.7867,1.95,50.0,63.4
3593,-1144.31,29.1101,1.95,51.8,63.5
3594,-1132.81,14.2713,1.97,51.3,63.5
3595,-1157.06,6.8363,1.93,52.1,63.5
3596,-1176.98,35.3613,1.95,52.2,63.5
3597,-1146.65,12.781,1.98,46.8,63.5
3598,-1163.6,15.8466,1.94,42.1,63.5
3599,-1155.52,7.3449,1.94,47.4,63.6
3600,-1147.37,5.5654,1.9,51.2,63.5
3601,-1163.94,41.8998,1.91,51.9,63.6
3602,-1153.54,4.2865,1.91,51.3,63.6
3603,-1150.56,9.7221,1.93,52.4,63.6
3604,-1165.13,14.2962,1.92,49.8,63.6
3605,-1157.73,11.1364,1.97,43.2,63.7
3606,-1171.59,19.1634,1.94,45.6,63.6
3607,-1171.22,10.3835,1.96,50.3,63.7
3608,-1156.75,29.354,1.97,51.7,63.7
3609,-1155.88,31.5246,1.94,52.0,63.7
3610,-1152.96,34.6018,1.93,52.1,63.7
3611,-1162.33,12.9671,1.94,52.1,63.7
3612,-1134.03,40.1693,1.95,46.2,63.7
3613,-1140.26,10.7587,2.0,41.6,63.7
3614,-1187.23,125.9852,1.93,48.8,63.7
3615,-1148.16,19.3242,1.94,51.5,63.8
3616,-1139.23,14.6997,1.93,51.7,63.8
3617,-1182.35,114.5162,1.94,51.5,63.8
3618,-1171.2,55.9024,1.9,52.5,63.8
3619,-1139.1,13.3852,1.97,50.9,63.8
3620,-1145.36,6.5612,1.98,44.4,63.8
3621,-1152.03,26.6188,1.97,44.9,63.9
3622,-1151.34,10.1146,1.97,49.5,64.0
3623,-1169.45,42.8829,2.0,47.1,63.6
3624,-1164.1,15.1651,2.01,50.1,63.7
3625,-1148.89,30.127,1.98,51.8,63.8
3626,-1161.68,18.567,1.97,50.4,64.3
3627,-1132.38,14.2878,1.93,52.0,64.2
3628,-1153.05,35.6895,1.98,51.6,63.8
3629,-1145.35,43.5104,2.0,50.1,63.8
3630,-1139.59,13.6363,1.95,43.7,63.8
3631,-1152.26,9.463,1.93,47.6,63.8
3632,-1179.99,194.5806,1.91,51.6,63.9
3633,-1152.85,138.604,1.91,51.6,63.9
3634,-1140.02,54.8954,1.86,53.2,63.8
3635,-1159.33,9.0142,1.9,52.0,63.9
3636,-1137.32,54.7677,1.99,49.4,63.9
3637,-1169.12,31.9207,1.95,43.4,63.9
3638,-1152.13,7.6588,1.97,46.5,63.9
3639,-1155.58,9.0729,1.95,50.7,63.9
3640,-1173.69,12.8469,1.93,52.1,63.9
3641,-1126.91,95.2743,1.91,51.7,63.9
3642,-1144.05,43.1746,1.92,52.4,64.0
3643,-1153.03,12.5571,2.0,51.7,64.0
3644,-1140.33,12.1164,1.98,45.2,64.0
3645,-1166.8,59.767,1.96,44.2,64.0
3646,-1146.72,12.5375,1.95,49.0,64.0
3647,-1152.39,12.8218,1.96,53.0,64.2
3648,-1146.17,8.1545,1.94,51.9,64.2
3649,-1135.93,12.6182,1.92,52.5,64.2
3650,-1135.15,19.2787,1.95,52.5,64.2
3651,-1159.52,10.8505,2.02,48.1,64.3
3652,-1139.07,39.1496,1.98,44.1,64.3
3653,-1157.17,25.1539,1.96,48.0,64.3
3654,-1141.88,5.5074,1.94,51.5,64.3
3655,-1147.2,11.1193,1.96,51.8,64.3
3656,-1172.35,56.667,1.91,52.2,64.3
3657,-1135.49,27.6854,1.94,51.9,64.2
3658,-1164.66,37.8538,1.96,50.9,64.3
3659,-1156.72,63.0675,1.99,44.2,64.3
3660,-1166.54,58.4607,1.99,46.6,64.4
3661,-1150.6,43.9266,1.98,50.4,64.4
3662,-1157.11,35.513,1.94,51.5,64.4
3663,-1165.94,20.7456,1.94,51.9,64.4
3664,-1151.7,16.6596,1.93,52.1,64.3
3665,-1152.76,29.5618,1.91,52.6,64.4
3666,-1162.46,80.5999,1.94,46.6,64.4
3667,-1141.32,10.7726,1.95,42.8,64.4
3668,-1164.02,52.3908,1.96,48.2,64.4
3669,-1133.56,20.7411,1.95,51.1,64.4
3670,-1147.5,6.8169,1.91,51.4,64.4
3671,-1167.44,32.3455,1.93,51.9,64.4
3672,-1167.13,13.3397,1.92,52.5,64.4
3673,-1113.25,195.4764,1.96,52.3,64.4
3674,-1199.26,111.4606,1.98,45.9,64.4
3675,-1150.96,17.9708,1.98,44.2,64.4
3676,-1170.67,29.5808,1.95,48.4,64.4
3677,-1142.97,41.045,1.93,51.4,64.4
3678,-1171.48,34.8136,1.94,51.7,64.4
3679,-1162.62,15.4713,1.9,52.4,64.4
3680,-1143.69,25.8795,1.92,52.6,64.4
3681,-1152.25,32.3103,1.94,48.2,64.4
3682,-1174.16,28.0558,1.94,43.3,64.4
3683,-1144.35,15.2364,1.94,47.0,64.5
3684,-1170.37,27.8964,1.97,51.3,64.5
3685,-1166.5,19.7117,1.93,51.7,64.5
3686,-1154.68,35.0225,1.95,52.2,64.5
3687,-1153.81,11.241,1.96,52.3,64.4
3688,-1161.01,30.6891,1.97,53.0,64.4
3689,-1159.31,12.6771,1.96,45.6,64.4
3690,-1168.72,11.7362,1.96,42.3,64.5
3691,-1178.62,39.4056,1.96,47.6,64.5
3692,-1176.89,28.9984,1.93,51.8,64.5
3693,-1151.28,130.6635,1.93,51.9,64.5
3694,-1136.37,52.55,1.95,51.3,64.5
3695,-1161.39,23.6301,1.93,52.1,64.4
3696,-1135.9,38.7155,2.0,50.5,64.5
3697,-1158.56,18.206,1.98,45.9,64.5
3698,-1151.95,8.9648,1.94,42.2,64.1
3699,-1156.1,7.9548,1.93,52.5,64.2
3700,-1134.44,30.8167,1.91,52.0,64.2
3701,-1155.87,16.1984,1.95,52.1,64.1
3702,-1146.01,4.6741,1.97,50.9,64.2
3703,-1149.07,7.9357,1.95,45.0,64.2
3704,-1154.97,32.7003,1.95,45.2,64.2
3705,-1168.86,26.9452,1.95,50.6,64.2
3706,-1145.7,55.0611,1.92,52.2,64.2
3707,-1131.14,71.3396,1.93,52.0,64.2
3708,-1182.25,30.8435,1.92,52.6,64.3
3709,-1175.96,15.3453,1.93,52.4,64.3
3710,-1141.93,43.3316,1.95,46.9,64.3
3711,-1138.36,52.5665,2.0,43.8,64.3
3712,-1148.52,27.5132,1.97,48.3,64.3
3713,-1142.88,22.7953,1.94,51.1,64.3
3714,-1158.98,24.3289,1.95,52.5,64.3
3715,-1162.43,31.7789,1.91,51.5,64.3
3716,-1133.76,17.7196,1.95,52.2,64.4
3717,-1172.68,38.9057,1.99,50.5,64.4
3718,-1140.8,15.1041,1.99,43.2,64.4
3719,-1155.48,8.6182,1.98,45.1,64.4
3720,-1193.45,129.174,2.01,50.5,64.4
3721,-1145.96,18.4376,1.95,51.8,64.4
3722,-1195.4,124.5679,1.98,51.4,64.4
3723,-1206.93,125.2063,2.01,52.1,64.4
3724,-1164.14,18.5333,1.93,52.8,64.4
3725,-1158.79,8.7699,2.0,50.9,64.5
3726,-1131.63,57.8275,1.95,44.1,64.4
3727,-1148.52,19.9201,2.01,45.6,64.4
3728,-1142.38,21.5824,1.95,50.6,64.3
3729,-1162.83,27.748,1.95,52.3,64.2
3730,-1195.1,100.5368,1.99,52.1,64.2
3731,-1157.42,79.0264,1.95,52.5,64.2
3732,-1197.86,131.2711,1.95,53.0,64.1
3733,-1148.13,50.5039,1.99,48.9,63.8
3734,-1186.02,58.9728,1.99,42.6,63.8
3735,-1128.55,86.8988,1.93,46.2,63.8
3736,-1168.81,28.5766,1.93,50.2,63.8
3737,-1139.32,11.0718,1.91,51.4,63.9
3738,-1142.37,7.8327,1.89,51.6,63.9
3739,-1152.06,26.286,1.9,52.8,63.9
3740,-1163.54,18.5508,1.92,52.4,63.9
3741,-1143.08,16.5228,1.98,47.0,63.9
3742,-1207.5,131.8745,2.01,43.3,63.9
3743,-1168.62,23.5502,1.94,47.3,63.9
3744,-1157.37,11.9821,1.94,51.7,63.9
3745,-1165.55,20.1703,1.92,51.2,64.0
3746,-1182.37,18.9819,1.92,52.5,64.0
3747,-1173.98,7.182,1.95,52.8,64.0
3748,-1164.76,15.5994,1.96,51.6,64.0
3749,-1170.89,10.5569,1.92,45.0,63.9
3750,-1143.22,21.9768,1.97,45.6,64.1
3751,-1184.12,126.3288,1.98,50.6,64.0
3752,-1158.19,35.5074,1.92,51.5,64.1
3753,-1213.08,156.5372,1.96,51.7,64.1
3754,-1174.75,45.1609,1.93,52.1,64.1
3755,-1198.46,78.2526,1.93,52.8,64.1
3756,-1166.71,27.3803,1.96,48.8,64.1
3757,-1129.4,127.1654,1.95,42.0,64.0
3758,-1130.34,45.1208,1.99,46.9,64.1
3759,-1169.54,42.6619,1.93,52.3,64.1
3760,-1167.17,44.7121,1.93,52.0,64.1
3761,-1159.02,6.7231,1.91,51.8,64.1
3762,-1162.69,18.0456,1.93,51.8,64.1
3763,-1167.8,24.2445,1.93,50.1,64.1
3764,-1144.9,52.9015,1.96,44.5,64.1
3765,-1150.82,36.3565,1.95,46.0,64.1
3766,-1124.36,55.8104,1.92,50.5,64.2
3767,-1182.71,186.2753,1.94,52.2,64.2
3768,-1159.42,36.9164,1.93,50.6,64.2
3769,-1139.51,17.3286,1.92,52.3,64.2
3770,-1164.61,18.3377,1.93,51.9,64.2
3771,-1153.4,7.8374,1.94,47.8,64.2
3772,-1148.04,12.8816,1.97,42.2,64.2
3773,-1156.66,15.0493,1.95,50.1,64.2
3774,-1165.68,7.8014,1.94,52.1,64.2
3775,-1138.72,15.952,1.93,51.1,64.2
3776,-1162.23,4.6107,1.91,51.7,64.3
3777,-1143.43,22.3744,1.93,52.9,64.3
3778,-1156.62,12.8553,1.97,49.4,64.3
3779,-1138.11,28.7948,2.01,42.1,64.3
3780,-1174.39,54.1908,1.98,46.5,64.3
3781,-1159.14,24.8793,1.93,51.6,64.3
3782,-1166.1,32.0703,1.91,51.1,64.4
3783,-1161.08,61.3322,1.93,52.1,64.4
3784,-1164.63,41.0837,1.92,51.7,64.4
3785,-1162.48,30.9198,1.97,51.2,64.4
3786,-1168.84,13.1643,1.94,45.1,64.4
3787,-1140.29,39.5093,1.95,44.7,64.4
3788,-1161.24,5.6248,1.94,49.4,64.4
3789,-1164.52,4.3004,1.94,52.0,64.4
3790,-1153.48,25.7402,1.92,51.3,64.4
3791,-1158.62,13.2815,1.94,52.0,64.4
3792,-1169.62,16.8523,1.94,52.6,64.4
3793,-1142.76,33.6922,1.97,48.0,64.4
3794,-1155.01,29.7541,1.95,42.9,64.4
3795,-1167.59,18.6588,1.96,47.0,64.4
3796,-1176.36,11.2044,1.93,52.0,64.5
3797,-1167.79,22.8993,1.96,51.2,64.5
3798,-1163.78,17.8416,1.95,51.7,64.5
3799,-1155.73,223.3165,1.95,52.0,64.5
3800,-1146.93,180.4157,1.95,52.5,64.5
3801,-1170.0,50.3,1.95,46.7,64.5
3802,-1147.86,116.0011,1.99,42.8,64.5
3803,-1164.19,87.845,1.95,48.5,64.5
3804,-1157.93,26.1414,1.91,51.2,64.5
3805,-1150.61,18.2815,1.93,50.7,64.5
3806,-1158.31,17.2476,1.95,52.6,64.6
3807,-1154.84,81.8226,1.93,52.3,64.5
3808,-1152.54,29.3974,1.96,51.0,64.5
3809,-1198.19,106.6568,1.95,44.3,64.6
3810,-1169.61,44.3556,1.97,44.9,64.6
3811,-1174.98,8.5724,1.95,49.9,64.6
3812,-1137.32,71.5133,1.92,51.4,64.6
3813,-1175.93,54.7378,1.95,51.0,64.6
3814,-1162.61,54.405,1.93,52.2,64.6
3815,-1170.76,32.4385,1.95,52.3,64.6
3816,-1123.87,139.9135,1.99,49.1,64.6
3817,-1153.49,59.2349,1.98,43.1,64.7
3818,-1179.74,83.6705,1.94,46.8,64.7
3819,-1153.29,20.6693,2.0,51.6,64.7
3820,-1167.59,76.1015,1.95,51.4,64.7
3821,-1174.54,27.5621,1.94,51.9,64.7
3822,-1164.12,48.0484,1.9,52.4,64.7
3823,-1172.51,10.3861,1.93,52.6,64.7
3824,-1184.47,12.6508,1.95,48.3,64.7
3825,-1169.56,23.165,1.97,42.4,64.7
3826,-1164.49,8.971,1.96,46.8,64.8
3827,-1180.29,17.5106,1.92,51.1,64.8
3828,-1155.93,13.5724,1.92,51.2,64.8
3829,-1143.99,14.3838,1.93,51.3,64.8
3830,-1167.3,44.4183,1.94,52.2,64.8
3831,-1158.17,35.3848,1.93,51.7,64.8
3832,-1179.71,44.7946,1.97,46.6,64.8
3833,-1166.1,16.4113,1.96,43.5,64.8
3834,-1151.33,40.6461,1.97,48.1,64.9
3835,-1176.61,21.4605,1.93,51.3,64.9
3836,-1175.22,24.0863,1.92,51.5,64.8
3837,-1151.95,33.0871,1.94,51.6,64.9
3838,-1152.17,28.4873,1.94,51.7,64.9
3839,-1143.57,14.9776,1.99,50.7,64.9
3840,-1148.57,10.547,1.94,44.6,64.9
3841,-1154.0,15.279,1.98,43.9,64.9
3842,-1156.59,58.6022,1.93,49.8,64.9
3843,-1164.33,15.7317,1.91,51.6,64.9
3844,-1184.24,22.6449,1.95,51.5,65.0
3845,-1120.19,197.7129,1.94,52.5,65.0
3846,-1171.36,20.3052,1.99,53.0,65.0
3847,-1179.01,24.9946,1.91,48.0,64.6
3848,-1168.26,13.9137,1.95,52.6,64.6
3849,-1163.96,25.351,1.98,47.9,64.6
3850,-1169.33,31.8938,2.01,40.4,64.6
3851,-1158.95,13.9564,2.02,48.1,64.7
3852,-1165.56,33.3819,1.93,51.0,64.6
3853,-1146.48,40.3965,1.92,51.9,64.6
3854,-1187.09,66.8722,1.92,51.8,64.7
3855,-1144.6,10.9622,1.92,52.0,64.7
3856,-1186.17,81.7867,1.96,51.6,64.7
3857,-1164.58,90.039,2.02,45.7,64.7
3858,-1145.05,121.4151,1.99,42.7,64.7
3859,-1194.85,187.8261,1.98,48.6,64.7
3860,-1137.03,66.5813,1.93,52.2,64.7
3861,-1159.36,23.2828,1.93,50.5,64.8
3862,-1126.29,60.3649,1.91,51.6,64.8
3863,-1191.25,205.205,1.94,51.8,64.7
3864,-1175.08,154.5225,2.02,51.1,64.8
3865,-1155.49,28.8629,1.99,45.2,64.7
3866,-1167.94,43.3171,1.99,44.2,64.7
3867,-1186.5,20.9918,1.94,49.3,64.8
3868,-1168.52,46.0775,1.94,51.5,64.8
3869,-1161.28,32.8638,1.95,50.8,64.8
3870,-1163.01,26.593,1.93,51.9,64.7
3871,-1194.94,169.5657,2.0,52.4,64.8
3872,-1177.02,79.6018,1.96,49.3,64.8
3873,-1168.31,20.2572,1.95,42.5,64.8
3874,-1147.36,40.6135,1.93,47.5,64.8
3875,-1155.36,14.0183,1.92,51.4,64.8
3876,-1140.53,37.8365,1.94,52.0,64.8
3877,-1137.47,29.684,1.94,52.1,64.9
3878,-1153.44,24.4606,1.93,52.9,64.8
3879,-1154.11,38.2799,1.96,49.9,64.9
3880,-1166.96,25.0168,1.97,43.2,64.8
3881,-1173.04,15.5707,1.94,46.2,64.8
3882,-1176.3,15.4282,1.96,51.7,64.9
3883,-1184.78,15.2709,1.92,51.2,64.9
3884,-1165.68,25.8594,1.94,51.1,64.9
3885,-1150.26,62.2053,1.92,52.3,64.9
3886,-1181.18,58.2052,1.98,51.6,64.9
3887,-1159.9,16.892,1.94,45.6,64.9
3888,-1144.66,29.7288,1.99,44.4,64.9
3889,-1190.52,33.195,1.98,48.6,64.9
3890,-1152.72,13.8335,1.93,51.8,65.0
3891,-1153.74,23.4754,1.94,51.1,65.0
3892,-1141.51,16.3078,1.93,52.0,64.9
3893,-1163.19,19.2614,1.95,52.7,64.9
3894,-1135.47,49.441,1.97,46.8,64.9
3895,-1156.25,33.987,1.95,41.6,65.0
3896,-1169.32,25.9637,1.99,46.5,65.0
3897,-1154.18,10.089,1.93,51.3,65.0
3898,-1130.99,133.2805,1.94,51.4,65.0
3899,-1173.8,23.2626,1.92,51.4,65.0
3900,-1179.67,18.6045,1.94,52.3,65.0
3901,-1162.14,13.5735,1.93,50.5,65.0
3902,-1146.04,28.4784,1.93,44.4,65.0
3903,-1156.95,15.6581,1.99,45.2,65.0
3904,-1161.26,12.5957,1.94,50.4,65.0
3905,-1177.41,26.1869,1.92,51.9,65.0
3906,-1160.23,29.132,1.94,52.5,65.0
3907,-1173.45,35.9651,1.93,52.3,65.0
3908,-1161.94,25.1958,1.93,52.5,65.0
3909,-1162.74,29.0358,1.98,47.0,65.0
3910,-1155.85,20.9825,2.03,42.2,65.0
3911,-1172.46,26.1109,1.98,47.4,65.0
3912,-1165.93,11.5814,1.91,51.2,65.0
3913,-1168.7,26.1318,1.95,51.9,65.0
3914,-1181.11,50.8454,1.92,50.7,65.0
3915,-1157.34,77.7777,1.95,53.6,65.0
3916,-1173.75,16.155,1.98,50.8,65.1
3917,-1161.6,26.1414,1.95,45.2,65.1
3918,-1172.99,25.8608,1.98,44.0,65.1
3919,-1141.47,26.4137,1.94,50.2,65.1
3920,-1149.45,11.5713,1.93,51.0,65.1
3921,-1160.88,31.5093,1.93,52.1,65.1
3922,-1137.24,25.0604,1.9,51.6,65.1
3923,-1148.57,28.2727,1.98,52.7,65.2
3924,-1155.31,29.1362,1.94,48.5,65.1
3925,-1176.56,60.9877,1.99,41.5,65.2
3926,-1165.14,11.9245,1.97,47.2,65.2
3927,-1155.68,15.5907,1.94,51.9,65.1
3928,-1156.5,60.8528,1.91,52.2,65.2
3929,-1154.92,5.2701,1.92,51.1,65.2
3930,-1175.99,51.2355,1.94,52.2,65.2
3931,-1168.44,26.3172,1.99,50.6,65.2
3932,-1164.37,13.7541,2.0,44.2,65.2
3933,-1172.06,26.7819,1.98,45.6,65.2
3934,-1153.01,60.9858,1.97,49.7,65.2
3935,-1148.81,50.3581,1.95,51.8,65.3
3936,-1148.47,39.4393,1.92,51.1,65.3
3937,-1151.47,23.1901,1.92,51.7,65.3
3938,-1158.78,23.6069,1.94,52.1,65.3
3939,-1160.28,39.2768,1.98,49.3,65.3
3940,-1174.62,23.0008,1.94,43.5,65.3
3941,-1166.19,29.6621,1.98,46.3,65.3
3942,-1152.63,44.7243,1.96,51.6,65.3
3943,-1190.82,33.0103,1.96,51.4,65.3
3944,-1128.05,213.4915,1.92,51.5,65.4
3945,-1150.95,38.0524,1.93,52.0,65.3
3946,-1163.5,30.6765,1.96,52.6,65.4
3947,-1141.01,38.9693,1.98,46.2,65.4
3948,-1161.61,36.5352,1.98,43.5,65.5
3949,-1130.57,22.9088,1.97,48.4,65.4
3950,-1168.44,22.0104,1.95,52.1,65.5
3951,-1177.74,56.7396,1.93,51.8,65.5
3952,-1156.65,12.564,1.93,51.6,65.5
3953,-1159.1,20.4878,1.95,52.5,65.5
3954,-1164.13,15.8085,1.95,50.7,65.5
3955,-1166.01,6.9,1.93,43.4,65.5
3956,-1145.11,60.484,1.96,45.6,65.5
3957,-1127.71,75.0409,1.96,50.6,65.5
3958,-1131.16,52.6177,1.95,51.6,65.6
3959,-1166.76,61.0947,1.95,51.1,65.6
3960,-1151.82,34.7983,1.93,52.8,65.6
3961,-1136.0,35.4573,1.94,52.7,65.6
3962,-1158.02,27.8928,1.94,47.8,65.6
3963,-1163.8,25.2655,2.01,41.9,65.6
3964,-1177.59,29.4204,1.98,46.7,65.7
3965,-1167.75,15.1761,1.95,51.1,65.7
3966,-1140.94,93.8452,1.92,51.2,65.7
3967,-1133.84,82.3557,1.93,51.6,65.7
3968,-1152.98,14.2405,1.92,51.8,65.7
3969,-1153.39,17.2763,1.96,52.2,65.8
3970,-1140.15,20.1978,1.96,45.8,65.8
3971,-1147.28,14.6334,1.98,43.6,65.8
3972,-1150.8,19.9804,1.93,50.2,65.8
3973,-1157.19,10.8034,1.95,51.3,65.8
3974,-1140.19,17.2216,1.96,50.8,65.8
3975,-1145.6,32.561,1.93,52.3,65.9
3976,-1160.18,23.4324,1.93,52.8,65.8
3977,-1169.39,69.5699,1.95,48.1,65.8
3978,-1169.67,23.6367,1.99,42.3,65.9
3979,-1151.72,29.7581,1.96,47.3,65.9
3980,-1180.54,6.9536,1.91,51.0,65.9
3981,-1142.16,56.3013,1.88,51.9,66.0
3982,-1146.35,39.9226,1.88,51.4,65.9
3983,-1133.67,40.0309,1.88,53.2,65.9
3984,-1169.5,70.849,1.95,48.8,65.9
3985,-1161.96,37.9174,1.98,44.3,66.0
3986,-1171.73,30.0056,1.95,44.9,66.0
3987,-1136.88,28.9817,1.97,49.0,66.0
3988,-1167.34,8.2772,1.95,51.3,66.0
3989,-1171.11,14.6036,1.93,51.3,66.0
3990,-1181.73,32.964,1.92,52.4,66.0
3991,-1146.3,59.4015,1.95,52.5,66.1
3992,-1180.85,18.3854,2.01,47.3,66.1
3993,-1152.51,76.2152,1.96,42.2,66.1
3994,-1168.06,8.4708,1.96,47.7,66.1
3995,-1147.37,31.5755,1.94,50.9,66.2
3996,-1108.24,149.8261,1.93,52.0,66.2
3997,-1158.48,58.9001,1.91,51.9,66.2
3998,-1156.31,54.5838,1.92,53.2,66.1
3999,-1177.27,75.8639,1.97,50.4,66.2
4000,-1160.93,18.7272,1.96,41.2,66.0
4001,-1150.55,19.1161,1.94,51.2,66.0
4002,-1137.65,46.3093,1.97,51.6,66.0
4003,-1146.99,12.7736,1.92,51.3,66.0
4004,-1162.47,48.685,1.93,51.9,66.0
4005,-1156.95,19.9225,1.99,52.6,66.4
4006,-1135.28,10.8404,1.93,46.8,66.3
4007,-1177.2,121.2532,1.95,43.9,66.3
4008,-1161.72,8.1238,1.93,51.5,66.2
4009,-1128.84,98.5617,1.95,52.1,66.1
4010,-1172.65,86.9798,1.92,52.4,66.0
4011,-1167.26,39.8472,1.96,53.4,66.0
4012,-1207.31,109.1615,1.99,52.0,66.0
4013,-1170.9,40.6927,1.97,45.4,65.9
4014,-1173.23,136.0433,2.0,45.2,65.9
4015,-1148.1,80.9734,1.95,50.8,65.9
4016,-1157.53,68.0856,1.97,51.6,65.9
4017,-1176.74,25.8898,1.93,51.7,65.9
4018,-1202.39,138.1629,1.96,52.5,65.9
4019,-1154.5,15.7934,1.95,52.3,66.0
4020,-1170.46,17.3766,1.99,45.7,66.0
4021,-1156.77,20.405,1.96,43.7,66.0
4022,-1154.12,34.0864,1.95,49.3,66.0
4023,-1148.48,12.4049,1.95,50.7,66.0
4024,-1126.0,43.0622,1.94,51.5,66.0
4025,-1166.32,61.7747,1.93,52.0,66.0
4026,-1136.9,9.1906,1.96,52.4,66.0
4027,-1157.64,27.1106,1.94,45.1,66.0
4028,-1130.66,15.0709,1.98,45.4,66.0
4029,-1151.72,19.4497,1.95,50.6,66.1
4030,-1134.7,2.831,1.92,51.3,66.1
4031,-1194.61,186.6456,1.98,51.9,66.1
4032,-1107.1,240.8813,1.95,52.0,66.1
4033,-1181.17,32.1195,1.98,51.3,66.1
4034,-1169.8,12.8017,1.96,44.9,66.1
4035,-1170.34,9.9993,1.98,45.6,66.2
4036,-1166.19,19.7231,1.95,49.8,66.2
4037,-1147.6,24.325,1.94,52.1,66.2
4038,-1173.31,16.3593,1.94,51.1,66.2
4039,-1181.17,20.054,1.94,52.2,66.2
4040,-1172.55,6.4682,1.95,51.8,66.2
4041,-1148.72,45.7225,1.95,43.9,66.3
4042,-1165.13,18.462,1.97,44.9,66.3
4043,-1151.53,11.265,1.96,50.9,66.3
4044,-1155.34,6.8133,1.91,51.3,66.3
4045,-1157.55,15.0023,1.91,51.2,66.3
4046,-1132.02,48.5666,1.94,53.6,66.3
4047,-1161.17,7.6326,1.96,51.0,66.3
4048,-1161.99,15.8995,1.96,44.6,66.3
4049,-1155.3,20.8673,2.02,45.6,66.4
4050,-1151.13,23.3208,1.97,51.2,66.4
4051,-1138.36,32.2483,1.92,50.7,66.4
4052,-1184.95,93.6928,1.95,51.8,66.4
4053,-1143.26,16.336,1.94,52.0,66.4
4054,-1137.62,7.0367,1.93,51.2,66.4
4055,-1165.05,33.2801,1.99,44.7,66.4
4056,-1139.36,64.6079,1.98,43.9,66.4
4057,-1166.33,33.247,1.99,50.3,66.5
4058,-1135.74,35.9267,1.91,51.7,66.4
4059,-1145.36,15.0365,1.92,50.6,66.5
4060,-1155.8,21.6165,1.94,51.6,66.4
4061,-1142.19,5.0625,1.96,52.6,66.5
4062,-1136.28,15.0945,1.98,47.0,66.5
4063,-1177.85,134.8206,1.95,43.9,66.5
4064,-1147.47,27.3065,1.95,49.7,66.5
4065,-1175.34,38.6715,1.93,51.3,66.5
4066,-1153.71,23.1511,1.94,51.2,66.5
4067,-1160.78,16.1016,1.92,52.2,66.6
4068,-1181.28,73.0507,1.94,53.0,66.7
4069,-1158.19,13.9362,1.99,48.9,66.6
4070,-1172.27,129.5291,1.99,43.8,66.6
4071,-1151.8,125.5313,2.01,45.2,66.7
4072,-1136.48,38.9683,1.94,50.1,66.7
4073,-1161.73,186.3453,1.94,51.1,66.7
4074,-1123.16,24.4258,1.92,51.5,66.7
4075,-1145.07,48.5826,1.91,51.7,66.3
4076,-1196.17,192.4176,1.97,51.6,66.4
4077,-1170.19,105.3058,1.9,52.0,66.4
4078,-1148.85,22.8148,1.93,52.9,66.3
4079,-1118.95,80.0666,1.95,51.0,66.3
4080,-1213.8,171.1934,2.02,44.7,66.3
4081,-1156.61,6.8358,1.99,43.3,66.3
4082,-1180.17,41.7912,1.94,48.6,66.3
4083,-1159.42,4.5803,1.93,51.3,66.3
4084,-1144.73,19.273,1.93,51.1,66.3
4085,-1153.76,13.0576,1.91,51.7,66.3
4086,-1152.54,9.2517,1.96,52.7,66.4
4087,-1178.39,94.555,2.03,49.0,66.4
4088,-1116.65,127.2842,1.97,45.2,66.4
4089,-1152.89,18.3341,2.0,45.0,66.4
4090,-1167.41,26.339,1.95,50.0,66.4
4091,-1163.77,7.2048,1.92,51.5,66.4
4092,-1143.68,27.2817,1.94,51.1,66.4
4093,-1144.24,9.8377,1.94,52.4,66.4
4094,-1141.61,10.5953,1.95,53.5,66.4
4095,-1142.23,6.7755,1.96,46.7,66.4
4096,-1162.68,18.6145,1.98,43.9,66.4
4097,-1139.91,19.367,1.95,48.2,66.4
4098,-1119.43,49.5235,1.95,50.8,66.5
4099,-1154.46,10.1222,1.92,51.5,66.4
4100,-1151.05,12.7004,1.92,52.3,66.5
4101,-1154.7,7.0454,1.94,52.5,66.5
4102,-1117.25,77.4798,2.0,48.8,66.5
4103,-1149.44,19.8381,1.99,43.8,66.5
4104,-1144.8,19.4673,1.98,44.6,66.5
4105,-1175.5,51.4066,1.94,49.9,66.5
4106,-1138.45,22.9051,1.95,51.2,66.5
4107,-1145.27,20.3845,1.96,51.1,66.6
4108,-1143.63,6.831,1.92,51.4,66.5
4109,-1175.61,59.5879,1.95,52.5,66.6
4110,-1160.01,12.7455,2.0,49.4,66.6
4111,-1122.95,97.2246,2.02,42.8,66.6
4112,-1148.41,7.8338,1.99,46.9,66.6
4113,-1155.33,10.0656,1.92,51.1,66.6
4114,-1151.16,8.0605,1.88,51.4,66.6
4115,-1161.79,3.2727,1.91,51.7,66.6
4116,-1161.2,20.9848,1.93,52.1,66.6
4117,-1148.34,49.9641,1.97,50.3,66.7
4118,-1141.77,16.8572,2.0,44.9,66.7
4119,-1158.97,29.5472,1.97,44.4,66.7
4120,-1140.43,9.9692,1.93,48.3,66.7
4121,-1133.64,11.7009,1.94,51.7,66.7
4122,-1146.25,19.0388,1.93,51.2,66.7
4123,-1169.67,65.2939,1.91,51.7,66.7
4124,-1127.44,21.631,1.93,52.0,66.7
4125,-1155.67,10.1664,1.97,47.4,66.7
4126,-1160.06,24.021,1.95,40.8,66.7
4127,-1163.99,26.3905,1.94,48.7,66.6
4128,-1135.11,79.2043,1.97,51.5,66.7
4129,-1172.89,35.9046,1.93,51.8,66.6
4130,-1146.71,68.133,1.92,52.1,66.7
4131,-1160.69,22.7901,1.92,52.6,66.7
4132,-1146.37,23.8881,1.99,49.6,66.7
4133,-1160.37,25.2988,1.94,44.6,66.7
4134,-1144.35,17.1511,1.99,44.3,66.7
4135,-1160.61,19.0089,1.9,50.1,66.8
4136,-1147.34,17.4528,1.93,52.1,66.8
4137,-1181.53,90.8727,1.93,51.4,66.8
4138,-1160.52,17.7754,1.92,51.8,66.8
4139,-1137.75,73.2659,1.94,52.6,66.7
4140,-1154.83,16.4205,1.94,47.3,66.8
4141,-1137.75,37.0286,2.0,42.2,66.8
4142,-1157.47,22.6088,1.94,47.3,66.8
4143,-1136.51,21.7348,1.94,51.8,66.9
4144,-1170.71,98.6645,1.92,51.4,66.8
4145,-1183.39,97.6612,1.92,51.3,66.8
4146,-1149.52,6.1149,1.93,52.0,66.9
4147,-1171.53,14.8005,1.96,52.2,66.9
4148,-1139.26,41.2637,1.96,44.9,66.9
4149,-1141.17,30.4168,1.95,44.1,66.9
4150,-1144.86,12.2159,1.92,49.9,66.9
4151,-1176.1,106.9972,1.97,52.1,66.9
4152,-1155.48,9.5682,1.97,50.3,66.9
4153,-1160.69,14.5817,1.9,51.8,67.0
4154,-1172.57,51.2779,1.94,52.6,67.0
4155,-1175.28,19.6935,1.95,47.7,67.0
4156,-1146.72,67.4906,1.93,41.8,67.0
4157,-1167.13,19.5495,1.95,47.1,67.0
4158,-1126.97,118.4746,1.94,51.2,67.0
4159,-1138.74,35.3631,1.93,51.9,67.0
4160,-1153.53,15.3189,1.93,51.7,67.1
4161,-1142.8,36.9141,1.94,52.1,67.1
4162,-1171.48,53.4874,1.97,51.8,67.1
4163,-1169.93,66.3179,1.94,45.9,67.1
4164,-1169.87,32.1543,1.98,42.3,67.1
4165,-1147.37,44.5612,2.0,48.5,67.1
4166,-1187.39,22.3696,1.95,51.0,67.1
4167,-1131.77,143.2206,1.9,51.2,67.1
4168,-1187.39,10.5154,1.93,51.8,67.1
4169,-1179.29,12.8251,1.93,52.8,67.1
4170,-1147.37,54.8191,2.0,50.5,67.2
4171,-1167.45,9.9992,1.93,44.3,67.2
4172,-1156.57,36.4619,1.99,44.6,67.2
4173,-1161.41,18.2214,1.93,50.0,67.2
4174,-1141.63,15.4258,1.95,51.2,67.2
4175,-1136.48,19.6548,1.95,50.5,67.2
4176,-1149.32,28.9082,1.92,52.0,67.3
4177,-1159.81,27.3637,1.93,52.8,67.3
4178,-1157.24,12.0272,1.96,46.9,67.3
4179,-1169.45,24.8497,1.96,42.6,67.3
4180,-1151.54,54.1452,1.96,47.1,67.3
4181,-1171.77,29.1146,1.96,51.3,67.3
4182,-1160.99,10.2563,1.91,51.7,67.4
4183,-1133.72,40.9447,1.95,52.1,67.4
4184,-1159.99,29.7933,1.92,53.0,67.4
4185,-1153.53,17.8708,1.98,50.0,67.4
4186,-1145.89,7.8086,2.0,44.8,67.4
4187,-1123.37,36.3837,1.98,44.7,67.4
4188,-1186.71,110.3275,1.93,49.9,67.4
4189,-1179.87,29.4723,1.91,51.5,67.4
4190,-1146.83,53.8056,1.93,52.0,67.4
4191,-1166.83,20.8182,1.92,52.6,67.5
4192,-1171.13,6.7526,1.94,52.3,67.5
4193,-1146.04,25.8208,1.97,47.9,67.5
4194,-1143.13,19.8042,1.98,41.4,67.5
4195,-1136.24,17.207,1.96,47.6,67.5
4196,-1167.76,73.1693,1.96,51.1,67.5
4197,-1158.41,37.0765,1.94,52.1,67.6
4198,-1163.02,39.3959,1.92,51.7,67.6
4199,-1161.52,9.17,1.93,51.7,67.6
4200,-1168.2,16.5912,1.97,52.4,67.6
4201,-1176.06,54.4275,1.94,44.9,67.6
4202,-1134.42,117.7574,1.99,44.5,67.6
4203,-1162.02,5.4775,1.92,49.9,67.7
4204,-1152.68,26.3059,1.95,52.0,67.6
4205,-1167.9,50.5866,1.91,51.6,67.7
4206,-1132.02,40.0017,1.91,52.0,67.7
4207,-1135.09,5.7867,1.93,52.2,67.7
4208,-1139.95,18.0178,1.97,46.8,67.7
4209,-1168.57,78.784,1.92,43.3,67.7
4210,-1162.08,37.8598,1.9,49.0,67.7
4211,-1122.53,27.6183,1.93,51.7,67.7
4212,-1143.32,6.5489,1.92,51.2,67.7
4213,-1148.09,4.7902,1.92,52.5,67.7
4214,-1136.92,7.8184,1.94,52.3,67.8
4215,-1133.61,4.8247,1.97,47.2,67.9
4216,-1166.09,41.568,1.93,41.1,67.8
4217,-1163.66,29.9882,1.96,47.2,67.8
4218,-1134.34,49.6553,1.92,50.3,67.5
4219,-1150.7,11.4603,1.95,52.8,67.5
4220,-1118.62,47.8807,1.94,51.1,67.6
4221,-1142.63,7.4856,1.96,44.9,67.6
4222,-1119.72,12.5259,1.97,43.5,67.7
4223,-1167.59,100.4061,1.92,49.0,67.6
4224,-1154.54,51.7463,1.93,51.6,67.7
4225,-1144.17,45.6566,1.92,50.9,67.7
4226,-1148.63,21.833,1.97,53.1,67.8
4227,-1141.45,38.5909,1.94,53.0,67.8
4228,-1160.06,10.3051,1.96,47.5,67.9
4229,-1159.81,24.8712,1.95,42.2,67.9
4230,-1159.59,6.4441,1.98,48.4,67.9
4231,-1184.78,51.8441,1.94,51.4,68.0
4232,-1144.05,21.0326,1.94,52.2,68.0
4233,-1143.03,14.9649,1.91,51.8,68.0
4234,-1173.79,53.1911,1.93,52.3,67.9
4235,-1146.13,10.847,1.95,50.2,67.8
4236,-1130.33,61.5777,2.0,45.1,67.9
4237,-1154.92,35.9187,1.96,44.1,67.9
4238,-1148.33,14.8931,1.92,49.2,67.9
4239,-1144.48,12.5103,1.9,51.6,67.9
4240,-1155.64,6.8366,1.9,52.2,67.9
4241,-1138.67,27.9745,1.88,52.2,67.9
4242,-1141.8,16.3848,1.9,52.7,67.9
4243,-1169.09,40.9244,1.97,47.8,67.9
4244,-1146.65,15.5874,1.94,42.3,68.0
4245,-1153.42,9.7807,1.96,46.4,68.0
4246,-1151.49,12.9696,1.95,51.8,68.0
4247,-1135.46,19.3729,1.92,51.8,68.0
4248,-1153.96,12.1908,1.92,50.8,68.0
4249,-1162.1,21.0377,1.94,52.4,67.9
4250,-1151.56,3.0785,1.96,51.5,67.9
4251,-1179.57,56.9455,1.98,44.5,67.9
4252,-1164.86,32.4771,1.97,44.7,67.9
4253,-1158.43,8.3111,1.95,49.4,67.9
4254,-1134.91,22.932,1.93,51.9,68.0
4255,-1142.28,10.7856,1.92,51.0,67.9
4256,-1146.84,15.0806,1.91,52.2,67.9
4257,-1146.44,7.5333,1.94,52.5,67.9
4258,-1145.5,56.78,2.01,47.6,67.9
4259,-1151.3,13.4454,1.94,42.6,67.9
4260,-1152.67,5.7711,1.94,47.2,68.0
4261,-1139.85,22.7599,1.95,51.3,68.0
4262,-1141.25,17.4333,1.93,51.5,68.0
4263,-1167.21,46.7629,1.91,51.8,68.0
4264,-1133.0,44.831,1.92,51.7,68.0
4265,-1175.48,145.7051,1.91,52.7,68.0
4266,-1167.49,49.5107,1.95,45.5,68.0
4267,-1142.42,16.5773,1.97,42.9,68.0
4268,-1155.03,13.4908,1.97,48.2,68.0
4269,-1164.71,28.9244,1.95,51.6,68.1
4270,-1135.54,70.5568,1.91,51.7,68.1
4271,-1174.68,29.1213,1.92,51.8,68.3
4272,-1144.99,44.8969,1.92,53.2,68.2
4273,-1166.0,36.4693,1.95,50.1,68.1
4274,-1151.7,28.3159,1.94,43.4,68.1
4275,-1146.66,25.4577,2.0,46.1,68.2
4276,-1179.83,45.5624,1.95,50.3,68.2
4277,-1195.88,70.8071,1.94,51.3,68.2
4278,-1145.7,15.3217,1.94,51.7,68.2
4279,-1153.59,42.1527,1.9,52.2,68.2
4280,-1155.85,19.8118,1.94,52.9,68.2
4281,-1152.87,28.1252,1.95,47.4,68.2
4282,-1149.08,32.7223,1.96,42.4,68.2
4283,-1172.39,54.9175,1.97,46.6,68.2
4284,-1143.53,23.388,1.94,51.3,68.2
4285,-1143.64,19.3661,1.92,51.1,68.3
4286,-1156.02,25.4479,1.91,52.2,68.4
4287,-1149.25,44.3261,1.95,52.3,68.4
4288,-1140.22,9.7141,1.97,49.7,68.2
4289,-1158.05,14.0836,1.96,43.3,68.0
4290,-1188.7,90.1284,1.93,47.2,68.0
4291,-1129.74,176.1966,1.94,52.0,68.0
4292,-1150.26,20.5276,1.92,51.5,68.0
4293,-1153.19,32.4658,1.9,51.6,68.0
4294,-1153.5,14.8184,1.92,52.5,68.0
4295,-1143.93,16.4547,1.98,49.2,68.0
4296,-1143.25,33.5511,1.94,42.6,68.0
4297,-1146.38,10.1916,1.96,47.6,68.0
4298,-1145.5,24.6741,1.94,51.7,68.0
4299,-1157.37,16.9533,1.92,50.5,68.1
4300,-1151.66,14.644,1.89,51.9,68.1
4301,-1126.22,73.8206,1.92,52.7,68.1
4302,-1157.31,15.2849,1.94,50.8,68.1
4303,-1154.4,18.4314,1.96,44.0,68.1
4304,-1163.71,9.6688,1.95,45.3,68.1
4305,-1147.76,14.5106,1.97,49.8,68.2
4306,-1141.88,16.6331,1.92,51.8,68.2
4307,-1155.57,75.185,1.93,51.3,68.2
4308,-1161.13,48.8839,1.9,52.6,68.2
4309,-1144.58,11.7863,1.95,52.3,68.3
4310,-1183.0,62.922,1.98,47.3,68.3
4311,-1147.2,32.8552,1.99,42.1,68.4
4312,-1147.85,18.587,1.98,47.4,68.3
4313,-1134.04,34.8913,1.95,51.9,68.4
4314,-1163.4,28.111,1.96,51.6,68.4
4315,-1148.6,11.3592,1.92,51.8,68.4
4316,-1165.06,12.2745,1.92,53.0,68.4
4317,-1142.98,17.9015,1.94,52.5,68.4
4318,-1134.97,35.9198,1.96,46.3,68.4
4319,-1152.83,6.5993,1.95,42.8,68.4
4320,-1159.6,17.2288,1.93,48.5,68.4
4321,-1164.08,21.2107,1.91,51.7,68.5
4322,-1132.67,46.8923,1.9,51.9,68.5
4323,-1149.98,15.0157,1.87,52.5,68.5
4324,-1126.49,33.1707,1.9,52.6,68.5
4325,-1133.54,14.2128,1.94,47.9,68.5
4326,-1143.58,12.125,1.95,42.2,68.5
4327,-1157.96,28.5501,1.97,47.1,68.6
4328,-1159.69,17.5477,1.92,52.0,68.6
4329,-1148.95,20.4113,1.93,51.6,68.6
4330,-1148.74,10.6225,1.93,51.6,68.6
4331,-1155.29,12.9,1.94,52.4,68.6
4332,-1132.67,23.1156,1.99,50.3,68.6
4333,-1150.21,17.1813,1.95,45.0,68.6
4334,-1160.75,53.0133,1.97,43.7,68.6
4335,-1149.16,9.2459,1.93,49.6,68.7
4336,-1147.19,31.4387,1.93,44.5,68.2
4337,-1158.58,3.5903,1.96,47.3,68.2
4338,-1146.4,10.8471,1.94,51.3,68.3
4339,-1160.81,15.6809,1.97,52.2,68.3
4340,-1179.63,49.0579,1.92,52.7,68.3
4341,-1157.35,48.4736,1.95,52.2,68.3
4342,-1141.52,29.3693,1.95,51.7,68.3
4343,-1141.22,20.372,1.97,45.2,68.3
4344,-1157.19,14.1639,1.97,44.7,68.3
4345,-1154.69,17.1104,1.95,50.1,68.4
4346,-1174.28,29.6615,1.97,51.3,68.5
4347,-1140.64,36.4236,1.95,50.8,68.5
4348,-1178.89,14.289,1.94,51.7,68.5
4349,-1147.4,32.2535,1.95,52.6,68.5
4350,-1144.17,30.9841,1.96,48.0,68.5
4351,-1140.55,34.1373,1.99,41.9,68.5
4352,-1138.35,23.2239,1.94,47.8,68.5
4353,-1176.61,94.2759,1.92,51.7,68.5
4354,-1168.58,40.5871,1.92,51.3,68.5
4355,-1173.84,72.5514,1.93,52.4,68.5
4356,-1164.29,18.0782,1.94,52.7,68.4
4357,-1131.4,61.736,1.98,51.0,68.5
4358,-1163.63,10.6275,1.93,44.9,68.5
4359,-1171.89,49.5614,1.98,45.3,68.5
4360,-1139.28,13.5624,1.93,49.8,68.5
4361,-1140.25,26.8922,1.93,51.7,68.5
4362,-1172.06,86.221,1.92,51.8,68.5
4363,-1163.27,30.183,1.9,52.2,68.5
4364,-1155.1,8.5473,1.94,52.2,68.6
4365,-1150.42,16.4143,1.99,47.5,68.6
4366,-1138.87,13.2122,1.96,42.0,68.6
4367,-1161.45,59.0238,1.94,47.4,68.6
4368,-1161.96,82.5953,1.95,51.6,68.6
4369,-1173.78,38.5685,1.92,51.9,68.6
4370,-1170.53,30.9711,1.92,52.9,68.6
4371,-1149.01,113.4948,1.92,52.5,68.6
4372,-1127.98,150.9863,1.96,49.1,68.6
4373,-1131.88,95.6436,1.96,42.8,68.6
4374,-1157.24,11.3511,1.99,46.5,68.6
4375,-1154.29,7.1299,1.95,51.9,68.7
4376,-1172.97,32.1038,1.96,51.9,68.7
4377,-1138.9,30.3027,1.93,52.0,68.7
4378,-1158.53,7.028,1.93,51.9,68.7
4379,-1155.36,12.392,1.93,51.4,68.6
4380,-1140.25,12.023,1.94,43.3,68.7
4381,-1154.45,5.8964,1.98,46.2,68.7
4382,-1147.85,5.492,1.96,51.0,68.7
4383,-1163.9,33.0783,1.93,52.2,68.7
4384,-1149.7,52.8175,1.94,52.0,68.7
4385,-1147.56,22.6051,1.94,52.2,68.7
4386,-1181.87,40.6796,1.95,52.8,68.7
4387,-1143.4,34.6747,1.97,46.6,68.7
4388,-1120.98,118.2435,1.98,42.1,68.8
4389,-1144.02,22.5999,1.96,48.0,68.8
4390,-1144.98,16.8793,1.95,51.6,68.8
4391,-1140.75,14.0637,1.96,52.0,68.8
4392,-1173.25,75.1117,1.91,51.8,68.8
4393,-1160.63,20.0756,1.93,51.8,68.8
4394,-1141.33,23.0531,1.96,49.8,68.8
4395,-1145.44,23.8841,1.96,43.4,68.8
4396,-1143.25,13.179,1.96,47.1,68.8
4397,-1126.75,9.3433,1.95,51.9,68.8
4398,-1144.98,28.5726,1.96,51.9,68.9
4399,-1133.73,6.7049,1.93,51.5,68.8
4400,-1149.27,106.6965,1.93,52.2,68.9
4401,-1170.67,130.0404,2.01,48.0,68.9
4402,-1145.77,8.7437,1.94,42.7,68.9
4403,-1158.34,53.5681,1.98,46.0,68.9
4404,-1124.57,86.0779,1.94,51.4,68.9
4405,-1166.89,86.3757,2.0,52.1,69.0
4406,-1166.17,34.908,1.93,52.8,68.9
4407,-1154.45,11.3175,1.94,52.5,68.9
4408,-1147.51,14.8726,1.92,50.5,68.9
4409,-1155.43,11.556,1.97,43.8,68.9
4410,-1152.48,13.3355,1.95,46.7,69.0
4411,-1157.02,9.043,1.95,51.0,69.0
4412,-1175.44,47.3166,1.91,51.5,69.0
4413,-1160.63,36.6629,1.89,51.9,69.1
4414,-1155.84,11.7841,1.91,52.0,69.0
4415,-1157.5,13.0578,1.98,51.9,69.1
4416,-1102.97,142.6858,2.01,46.2,69.0
4417,-1149.8,15.5713,2.0,43.3,69.1
4418,-1144.84,19.7985,1.94,49.0,69.1
4419,-1161.62,38.1926,1.93,52.1,69.1
4420,-1132.85,24.7886,1.93,52.1,69.1
4421,-1167.65,41.3709,1.92,51.7,69.1
4422,-1124.4,40.0085,1.95,52.4,69.1
4423,-1123.81,24.8268,1.99,48.7,69.1
4424,-1138.91,14.7643,1.95,43.0,69.1
4425,-1145.72,42.9469,1.99,46.8,69.1
4426,-1130.36,52.3126,1.94,51.6,69.1
4427,-1114.46,21.2005,1.95,51.7,69.1
4428,-1136.3,10.4685,1.94,51.4,69.1
4429,-1124.42,16.5038,1.93,51.8,69.1
4430,-1162.01,81.0428,1.99,41.9,68.8
4431,-1155.67,31.0317,1.96,49.3,68.8
4432,-1146.65,15.3688,1.95,51.4,68.8
4433,-1145.62,24.3774,1.94,51.4,68.8
4434,-1139.2,16.9864,1.9,52.4,68.8
4435,-1154.02,22.193,1.93,52.3,68.8
4436,-1154.66,18.1958,2.0,49.3,68.9
4437,-1142.39,7.452,1.94,43.0,68.9
4438,-1145.27,9.5082,1.94,46.0,68.9
4439,-1138.39,5.8949,1.94,49.7,68.9
4440,-1183.11,153.5637,1.93,51.8,68.9
4441,-1142.04,9.4816,1.94,52.0,68.9
4442,-1150.32,5.8412,1.9,52.3,68.9
4443,-1144.81,8.5991,1.96,52.6,69.0
4444,-1145.29,14.7885,1.99,44.9,68.9
4445,-1142.78,8.4682,1.96,43.5,68.9
4446,-1135.98,11.9997,1.98,49.2,68.9
4447,-1152.46,48.574,1.94,51.8,69.0
4448,-1156.72,32.8411,1.93,50.7,69.0
4449,-1155.94,13.0599,1.93,51.8,69.1
4450,-1168.13,18.1033,1.93,53.1,69.0
4451,-1140.55,70.2402,1.99,47.7,69.0
4452,-1137.84,74.7897,2.0,41.8,69.0
4453,-1136.47,62.0141,1.98,46.7,69.0
4454,-1127.95,31.7735,1.97,51.2,69.1
4455,-1172.47,140.302,1.93,52.0,69.1
4456,-1146.47,28.1399,1.9,51.8,69.1
4457,-1137.84,17.4466,1.92,52.4,69.1
4458,-1135.8,44.5551,1.99,50.1,69.0
4459,-1145.4,8.5517,1.94,43.0,69.1
4460,-1127.49,17.1486,1.94,46.7,69.1
4461,-1136.91,14.737,1.92,52.5,69.1
4462,-1151.41,22.7161,1.94,51.8,69.1
4463,-1147.11,33.3234,1.94,52.4,69.1
4464,-1176.0,47.8422,1.94,52.9,69.1
4465,-1155.44,27.6978,1.95,50.3,69.1
4466,-1133.95,60.9584,1.96,44.4,69.1
4467,-1156.6,44.5449,1.96,45.7,69.1
4468,-1163.66,54.1213,2.0,50.5,69.1
4469,-1149.3,11.1323,1.94,52.0,69.1
4470,-1161.35,27.8852,1.94,51.6,69.2
4471,-1147.82,20.3686,1.94,52.6,69.1
4472,-1141.34,11.3738,1.95,52.3,69.1
4473,-1111.72,52.7181,1.97,47.7,69.2
4474,-1145.11,49.7425,1.96,40.8,69.2
4475,-1118.98,104.8401,1.97,47.3,69.2
4476,-1137.04,12.4069,1.93,51.8,69.2
4477,-1118.6,31.0167,1.94,52.1,69.2
4478,-1151.3,28.7985,1.93,52.5,69.2
4479,-1163.82,64.4355,1.96,52.4,69.2
4480,-1153.36,20.0171,1.95,49.9,69.3
4481,-1183.45,39.989,1.96,44.3,69.3
4482,-1162.02,25.7009,1.94,46.5,69.3
4483,-1158.2,35.9254,1.97,51.4,69.3
4484,-1131.46,115.436,1.93,51.6,69.3
4485,-1152.34,11.816,1.91,51.6,69.3
4486,-1156.58,53.3946,1.91,52.2,69.3
4487,-1149.71,30.5828,1.98,51.6,69.4
4488,-1190.69,141.5523,1.96,44.7,69.3
4489,-1166.82,47.8566,1.96,44.4,69.4
4490,-1145.95,45.8736,1.94,49.9,69.4
4491,-1149.59,37.9488,1.95,51.5,69.4
4492,-1141.82,42.2473,1.92,51.8,69.4
4493,-1141.69,30.2248,1.93,53.1,69.4
4494,-1127.95,28.5124,1.99,52.1,69.4
4495,-1162.26,30.9858,1.96,48.7,69.4
4496,-1160.56,66.01,1.99,41.9,69.4
4497,-1177.33,54.4053,1.98,46.7,69.5
4498,-1153.18,9.1474,1.94,51.2,69.5
4499,-1134.66,52.0102,1.91,51.9,69.5
4500,-1128.49,49.8926,1.9,51.8,69.5
4501,-1157.74,6.8544,1.89,52.4,69.5
4502,-1156.57,11.2425,1.92,52.5,69.5
4503,-1172.72,54.9188,1.93,45.3,69.5
4504,-1185.52,98.5385,1.99,42.9,69.5
4505,-1124.8,191.1966,1.97,49.1,69.6
4506,-1174.35,215.8985,1.93,51.7,69.5
4507,-1161.76,43.1731,1.92,51.8,69.6
4508,-1133.32,52.6526,1.9,52.6,69.6
4509,-1177.84,157.4165,1.93,52.4,69.6
4510,-1147.15,3.1781,1.96,49.3,69.6
4511,-1140.38,9.9224,1.93,41.6,69.6
4512,-1155.83,24.3921,1.96,47.6,69.6
4513,-1130.57,8.314,1.95,52.2,69.7
4514,-1126.96,51.3639,1.93,51.2,69.7
4515,-1144.32,7.6056,1.93,52.2,69.7
4516,-1127.65,38.3377,1.95,52.2,69.7
4517,-1167.23,108.3882,1.96,50.8,69.7
4518,-1167.52,42.5725,1.95,43.5,69.7
4519,-1150.21,30.6665,1.98,45.7,69.7
4520,-1131.1,63.5954,1.98,50.1,69.8
4521,-1145.88,33.8472,1.91,51.9,69.8
4522,-1165.09,29.5709,1.95,51.9,70.1
4523,-1130.41,66.709,1.97,53.1,70.1
4524,-1171.91,23.5456,1.99,52.9,70.2
4525,-1163.82,9.0516,1.98,45.1,70.0
4526,-1132.77,63.0559,1.99,45.0,70.1
4527,-1150.47,23.5911,1.93,49.7,70.1
4528,-1156.22,19.2496,1.94,52.2,70.1
4529,-1144.12,21.3839,1.93,51.5,70.0
4530,-1138.65,28.6529,1.91,52.3,70.0
4531,-1134.9,16.5463,1.94,52.4,70.1
4532,-1146.73,33.7636,1.96,47.7,70.1
4533,-1162.66,59.2884,1.96,42.0,70.1
4534,-1139.54,5.7739,1.98,46.6,70.1
4535,-1146.84,48.4186,1.92,52.0,70.1
4536,-1171.33,23.6046,1.92,51.6,70.1
4537,-1158.36,7.1452,1.94,52.5,70.1
4538,-1158.36,20.601,1.93,52.5,70.2
4539,-1144.95,46.4283,1.98,48.3,70.2
4540,-1143.04,34.6308,1.97,42.2,70.2
4541,-1152.66,20.9985,1.96,46.2,70.2
4542,-1144.41,9.9699,1.96,51.6,70.2
4543,-1135.45,5.0259,1.93,51.5,70.2
4544,-1178.27,50.9586,1.93,52.0,70.3
4545,-1142.97,155.9128,1.91,52.5,70.2
4546,-1148.98,5.1402,1.99,49.5,70.2
4547,-1162.97,15.9636,1.99,44.5,70.3
4548,-1170.54,67.6118,2.0,44.9,70.3
4549,-1159.8,15.2502,1.96,49.7,70.3
4550,-1137.31,26.9968,1.96,52.5,70.3
4551,-1153.88,15.111,1.95,52.0,70.4
4552,-1125.48,69.3771,1.9,52.1,70.4
4553,-1160.62,19.208,1.93,52.3,70.3
4554,-1176.4,86.2764,1.96,47.1,70.4
4555,-1130.9,93.0141,2.0,41.8,70.4
4556,-1132.03,31.9039,1.95,47.5,70.4
4557,-1137.49,38.7397,1.94,51.9,70.5
4558,-1147.21,7.6037,1.93,52.1,70.4
4559,-1139.06,5.0852,1.92,51.5,70.5
4560,-1144.13,4.942,1.92,52.5,70.5
4561,-1147.32,4.4774,2.0,49.9,70.5
4562,-1166.3,11.9743,1.96,43.8,70.5
4563,-1129.44,103.9485,1.96,46.3,70.5
4564,-1148.66,22.9196,1.94,49.9,70.5
4565,-1150.84,8.7563,2.06,51.5,71.0
4566,-1148.38,8.3139,1.94,51.5,71.0
4567,-1144.83,10.0817,1.91,52.2,71.0
4568,-1135.66,15.4323,1.94,52.3,71.1
4569,-1154.51,25.1343,1.97,50.0,70.8
4570,-1137.74,2.8281,1.95,44.8,70.3
4571,-1155.34,38.1098,1.99,44.5,70.3
4572,-1142.32,16.2054,1.94,49.4,70.3
4573,-1145.92,3.5453,1.9,52.3,70.3
4574,-1161.51,14.8071,1.9,51.9,70.3
4575,-1150.47,10.4637,1.88,52.4,70.4
4576,-1165.58,29.4023,1.9,52.9,70.4
4577,-1179.43,13.5194,1.99,46.7,70.4
4578,-1134.2,82.3387,1.94,42.1,70.4
4579,-1158.16,22.3652,1.98,47.4,70.4
4580,-1157.63,18.8899,1.94,51.5,70.5
4581,-1151.95,14.1048,1.94,51.4,70.5
4582,-1131.05,28.4017,1.93,52.2,70.5
4583,-1180.93,81.5964,1.95,52.4,70.5
4584,-1177.62,86.0486,1.97,48.0,70.5
4585,-1134.15,11.3509,1.94,41.7,70.5
4586,-1175.63,33.2892,2.0,46.5,70.6
4587,-1144.8,30.8508,1.94,51.4,70.6
4588,-1176.65,75.3685,1.95,51.1,70.6
4589,-1180.31,21.584,1.94,52.4,70.6
4590,-1152.29,22.6971,1.96,51.8,70.7
4591,-1150.65,20.3381,1.97,51.3,70.7
4592,-1144.81,27.6138,1.95,45.1,70.7
4593,-1146.49,12.4537,1.96,44.4,70.8
4594,-1166.6,17.4783,1.98,48.3,70.8
4595,-1154.65,9.6381,1.93,51.3,70.7
4596,-1171.94,44.9725,1.96,51.7,70.8
4597,-1129.82,162.3464,1.94,51.9,70.8
4598,-1170.94,37.9632,1.93,52.4,70.8
4599,-1131.83,43.4771,1.98,48.1,70.8
4600,-1132.43,42.7275,1.96,41.9,70.8
4601,-1154.36,20.7755,1.99,46.0,70.8
4602,-1177.55,37.7666,1.94,52.4,70.8
4603,-1173.76,77.597,1.93,52.1,70.8
4604,-1164.8,6.8024,1.94,52.2,70.8
4605,-1160.28,20.2537,1.93,52.5,70.9
4606,-1149.56,14.7829,1.96,50.7,70.8
4607,-1125.05,76.4885,1.97,45.0,70.8
4608,-1141.01,31.4919,1.98,43.7,70.9
4609,-1144.86,20.5208,1.94,49.8,70.9
4610,-1173.19,56.3493,1.94,51.7,70.9
4611,-1127.86,34.5067,1.94,51.9,71.0
4612,-1122.26,76.1121,1.94,51.8,71.0
4613,-1143.27,20.4412,1.97,51.7,70.5
4614,-1130.83,16.1762,1.94,51.5,70.5
4615,-1164.84,79.3048,1.92,52.2,70.6
4616,-1124.56,42.6337,1.95,53.4,70.5
4617,-1189.68,121.4713,1.98,47.4,70.5
4618,-1166.2,73.1794,1.99,41.2,70.5
4619,-1167.35,20.3687,1.99,47.1,70.5
4620,-1140.41,65.3416,1.93,51.3,70.5
4621,-1167.23,26.8652,1.96,51.5,70.6
4622,-1151.94,30.7953,1.92,51.6,70.6
4623,-1193.84,85.631,1.95,52.6,70.6
4624,-1164.53,7.3875,1.96,52.6,70.6
4625,-1142.12,29.8059,2.02,46.8,70.6
4626,-1184.38,63.9003,1.99,42.8,70.6
4627,-1181.53,34.3751,1.95,47.8,70.6
4628,-1162.36,13.0507,1.96,51.5,70.6
4629,-1171.46,15.9154,1.94,52.0,70.7
4630,-1184.35,23.6694,1.96,52.2,70.7
4631,-1172.23,21.6551,1.97,52.3,70.7
4632,-1154.07,64.0192,1.98,51.2,70.7
4633,-1167.99,13.5267,1.97,43.7,70.7
4634,-1148.87,15.4217,1.92,43.5,70.3
4635,-1151.33,19.7062,1.96,52.0,70.3
4636,-1161.99,30.6197,1.95,52.2,70.4
4637,-1172.58,44.9274,1.95,52.6,70.3
4638,-1152.88,21.4306,2.0,47.8,70.3
4639,-1178.59,51.1708,1.97,42.5,70.3
4640,-1170.75,28.823,1.97,46.6,70.4
4641,-1161.21,52.3659,1.98,50.1,70.4
4642,-1129.07,50.2376,1.97,51.6,70.4
4643,-1178.3,51.8503,1.94,50.9,70.4
4644,-1183.25,42.7432,1.95,52.4,70.4
4645,-1236.0,235.8588,1.97,52.6,70.4
4646,-1160.14,16.067,1.97,49.3,70.4
4647,-1153.71,34.3128,1.95,42.8,70.4
4648,-1166.22,45.8886,1.96,46.0,70.5
4649,-1172.29,20.9092,1.94,51.0,70.4
4650,-1156.05,7.727,1.94,50.8,70.4
4651,-1177.3,44.9669,1.97,51.3,70.4
4652,-1161.01,22.5608,1.94,51.7,70.5
4653,-1165.5,20.3912,1.94,52.3,70.4
4654,-1147.47,76.3876,1.98,47.5,70.5
4655,-1142.7,47.253,1.99,41.4,70.4
4656,-1173.54,20.8527,1.97,46.9,70.4
4657,-1143.91,32.8704,1.94,51.6,70.5
4658,-1179.73,614.8958,1.92,52.1,70.5
4659,-1164.75,29.2486,1.91,52.9,70.5
4660,-1138.75,21.3646,1.9,52.1,70.5
4661,-1184.3,69.9922,1.95,52.6,70.4
4662,-1162.24,12.2854,1.95,46.7,70.4
4663,-1172.68,13.5119,1.98,41.5,70.4
4664,-1149.87,8.1899,1.94,47.0,70.5
4665,-1133.9,18.0354,1.94,51.9,70.5
4666,-1156.61,32.8811,1.94,51.7,70.4
4667,-1149.6,17.5735,1.94,52.4,70.4
4668,-1155.75,16.9281,1.95,52.4,70.4
4669,-1153.27,36.3498,1.98,51.8,70.5
4670,-1151.2,31.9012,1.98,45.8,70.4
4671,-1162.04,6.5683,2.01,45.2,70.5
4672,-1144.27,15.282,1.96,50.6,70.4
4673,-1183.5,51.7195,1.94,51.8,70.4
4674,-1150.51,6.2189,1.94,51.1,70.5
4675,-1118.2,47.4552,1.93,52.3,70.5
4676,-1150.63,28.5601,1.96,53.1,70.5
4677,-1151.58,16.7859,2.0,48.9,70.5
4678,-1187.07,61.9305,1.97,41.8,70.5
4679,-1146.48,18.7162,1.95,47.5,70.5
4680,-1147.35,18.2321,1.95,51.8,70.5
4681,-1150.56,16.0485,1.93,51.3,70.5
4682,-1152.24,16.7151,1.98,52.2,70.6
4683,-1160.12,9.5212,1.94,52.2,70.6
4684,-1174.44,30.1795,1.99,52.6,70.6
4685,-1120.49,83.6656,1.98,46.7,70.6
4686,-1142.39,17.0464,2.01,41.9,70.6
4687,-1141.57,20.3646,1.99,46.7,70.7
4688,-1153.32,19.1954,1.95,51.8,70.6
4689,-1147.72,13.7944,1.95,51.8,70.7
4690,-1171.4,37.122,1.96,51.9,70.7
4691,-1162.01,16.7168,1.93,53.0,70.7
4692,-1178.28,18.0792,1.98,51.9,70.7
4693,-1158.69,30.46,1.97,45.8,70.7
4694,-1162.04,14.8881,2.0,42.9,70.7
4695,-1204.85,75.2033,1.97,48.5,70.7
4696,-1185.08,19.022,1.94,51.9,70.7
4697,-1140.72,50.9164,1.94,51.8,70.7
4698,-1158.83,33.6118,1.93,52.2,70.7
4699,-1154.04,11.7547,1.97,52.9,70.7
4700,-1157.21,5.5434,1.96,49.5,70.7
4701,-1183.99,56.9482,1.99,44.1,70.7
4702,-1158.64,12.5134,2.01,45.4,70.7
4703,-1153.56,13.5687,1.95,49.4,70.7
4704,-1153.3,8.395,1.97,51.3,70.8
4705,-1152.85,15.5957,1.95,51.1,70.7
4706,-1164.72,24.7466,1.92,52.2,70.8
4707,-1185.48,104.0256,1.97,52.1,70.8
4708,-1166.51,30.3567,1.99,46.6,70.8
4709,-1166.9,30.4432,1.96,43.3,70.8
4710,-1156.47,33.9708,1.98,47.1,70.8
4711,-1150.91,29.0734,1.96,51.4,70.8
4712,-1175.42,41.3737,1.95,51.6,70.8
4713,-1153.84,20.6643,1.93,52.0,70.9
4714,-1135.75,40.4463,1.97,52.1,70.9
4715,-1143.55,28.5035,1.97,51.5,70.9
4716,-1164.63,90.1049,1.97,43.8,70.9
4717,-1163.83,32.3593,1.98,45.2,70.9
4718,-1177.19,122.8874,1.99,50.2,70.9
4719,-1161.84,11.5243,1.94,51.9,71.0
4720,-1167.72,18.6085,1.97,52.0,71.0
4721,-1158.36,69.3029,1.93,52.4,70.9
4722,-1154.91,25.1295,1.93,51.6,70.9
4723,-1168.72,43.0599,1.95,48.4,71.0
4724,-1161.59,34.5901,1.99,42.0,71.0
4725,-1171.1,26.9326,1.95,46.2,71.0
4726,-1156.16,19.4835,1.94,51.6,71.1
4727,-1173.67,52.9418,1.94,51.3,71.0
4728,-1137.69,90.3662,1.91,51.7,71.1
4729,-1160.35,16.114,1.9,52.2,71.1
4730,-1188.61,55.5441,1.96,51.6,71.1
4731,-1154.69,15.6327,1.94,46.3,71.1
4732,-1156.4,10.6669,1.97,43.1,71.1
4733,-1164.67,27.1793,1.97,48.8,71.1
4734,-1179.37,40.3039,1.93,51.8,71.1
4735,-1158.24,46.9535,1.95,51.1,71.1
4736,-1174.68,8.2545,1.93,51.4,71.2
4737,-1181.3,12.9974,1.95,52.9,71.2
4738,-1171.24,11.077,1.96,48.3,71.2
4739,-1164.54,59.1943,1.99,42.3,71.2
4740,-1152.19,24.6875,2.0,45.7,71.2
4741,-1152.17,14.0179,1.96,51.4,71.2
4742,-1141.0,10.2854,1.92,52.0,71.2
4743,-1142.4,11.2719,1.93,51.3,71.2
4744,-1180.11,66.1323,1.94,52.2,71.3
4745,-1156.48,13.9118,1.95,52.4,71.3
4746,-1128.43,85.3162,1.96,47.5,71.3
4747,-1169.57,50.3885,2.01,41.6,71.3
4748,-1151.78,40.0866,1.98,46.7,71.3
4749,-1174.41,99.663,1.97,52.0,71.4
4750,-1171.99,21.0998,1.94,52.0,71.4
4751,-1157.23,24.9424,1.94,52.2,71.4
4752,-1156.2,26.8658,1.92,52.6,71.4
4753,-1154.33,19.6731,1.96,52.1,71.4
4754,-1172.85,47.5733,1.97,46.8,71.4
4755,-1167.93,42.2785,2.01,42.7,71.4
4756,-1158.55,23.7869,1.97,47.1,71.4
4757,-1148.38,13.4241,1.93,51.7,71.4
4758,-1147.06,35.7406,1.94,51.6,71.5
4759,-1134.79,12.596,1.94,51.8,71.5
4760,-1135.21,17.5065,1.93,53.1,71.5
4761,-1171.59,72.2442,1.96,51.8,71.5
4762,-1167.46,44.1555,1.97,47.0,71.5
4763,-1176.25,12.808,1.95,42.2,71.5
4764,-1179.29,28.7273,1.99,47.7,71.5
4765,-1145.26,95.5855,1.95,51.9,71.6
4766,-1161.76,15.9328,1.91,51.6,71.6
4767,-1139.03,40.759,1.94,52.1,71.6
4768,-1155.79,12.8613,1.94,51.8,71.6
4769,-1180.14,66.7239,1.94,51.6,71.6
4770,-1152.18,25.4115,1.96,46.6,71.6
4771,-1164.63,12.3614,2.0,42.1,71.6
4772,-1167.74,32.0664,1.96,48.3,71.6
4773,-1168.05,7.7483,1.96,52.2,71.6
4774,-1132.49,117.3886,1.93,51.3,71.6
4775,-1141.15,58.7316,1.93,51.6,71.6
4776,-1162.69,69.47,1.92,52.5,71.6
4777,-1142.42,7.7776,1.96,51.3,71.7
4778,-1172.06,61.7471,1.98,44.1,71.7
4779,-1150.38,4.4507,1.99,44.7,71.7
4780,-1171.45,30.0063,1.95,49.8,71.7
4781,-1149.07,19.8378,1.94,51.8,71.7
4782,-1179.6,22.4373,1.96,51.5,71.7
4783,-1177.55,19.5525,1.93,52.5,71.7
4784,-1111.63,179.2701,1.95,52.2,71.7
4785,-1149.86,42.1602,1.98,49.9,71.7
4786,-1150.27,11.3209,1.94,43.6,71.8
4787,-1137.97,15.6774,2.0,45.8,71.7
4788,-1175.87,60.3913,1.95,49.6,71.7
4789,-1191.3,189.4142,1.94,51.7,71.8
4790,-1182.18,68.7841,1.94,51.7,71.8
4791,-1164.27,9.1926,1.93,52.0,71.8
4792,-1164.1,18.9718,1.94,52.9,71.9
4793,-1165.91,9.8334,1.97,49.6,71.8
4794,-1156.52,23.0725,1.95,43.6,71.8
4795,-1139.02,41.4233,1.98,45.4,71.8
4796,-1152.74,8.7646,1.94,49.9,71.9
4797,-1158.48,49.322,1.93,52.5,71.9
4798,-1166.33,41.084,1.96,52.2,72.0
4799,-1159.74,9.6823,1.93,52.4,71.9
4800,-1151.54,19.6823,1.96,52.6,71.9
4801,-1166.16,12.9334,1.97,47.6,71.9
4802,-1152.72,19.2543,1.97,43.4,72.0
4803,-1158.44,9.5962,1.96,48.0,72.1
4804,-1146.84,10.7792,1.92,52.1,72.1
4805,-1151.14,9.6884,1.99,51.7,72.1
4806,-1152.77,10.199,1.94,51.4,72.1
4807,-1188.9,94.9051,1.95,52.2,72.1
4808,-1188.08,65.132,1.95,52.1,72.1
4809,-1149.22,44.1595,2.01,46.3,72.1
4810,-1151.87,39.2371,1.98,42.9,72.1
4811,-1173.11,33.5573,2.0,47.6,72.1
4812,-1173.34,16.2587,1.96,52.0,72.1
4813,-1157.33,31.6694,1.96,51.9,72.2
4814,-1143.66,47.9215,1.92,51.7,72.1
4815,-1156.42,29.3863,1.97,52.1,72.2
4816,-1156.11,52.4007,1.94,51.4,72.2
4817,-1173.59,30.5414,2.0,45.7,72.2
4818,-1161.92,6.3999,1.99,43.6,72.2
4819,-1181.59,16.625,1.93,49.3,72.2
4820,-1124.5,116.7211,1.93,51.6,72.2
4821,-1158.11,21.9511,1.95,51.1,72.2
4822,-1147.25,40.6025,1.92,52.0,72.3
4823,-1167.91,31.2256,1.93,52.8,72.3
4824,-1170.57,25.9501,1.98,50.0,72.2
4825,-1155.52,14.1377,1.94,43.9,72.3
4826,-1165.16,12.4922,1.95,45.5,72.3
4827,-1165.68,8.9147,1.94,50.4,72.3
4828,-1154.36,53.041,1.93,51.5,72.3
4829,-1169.13,9.4077,1.95,52.2,72.3
4830,-1144.23,27.8891,1.95,51.9,72.3
4831,-1173.69,75.6197,1.94,53.3,72.3
4832,-1172.0,17.8373,1.98,49.5,72.1
4833,-1146.55,19.7187,1.98,43.4,72.1
4834,-1142.48,18.9546,1.94,46.3,72.1
4835,-1154.32,26.1893,1.97,50.6,72.1
4836,-1153.16,6.6569,1.93,51.3,72.2
4837,-1149.06,19.5264,1.92,51.2,72.2
4838,-1165.13,41.9197,1.91,52.4,72.2
4839,-1165.92,25.9433,1.94,52.8,72.2
4840,-1153.51,39.4766,1.98,46.8,72.2
4841,-1153.53,11.9638,1.96,43.3,72.2
4842,-1169.39,37.0564,1.93,47.5,72.2
4843,-1162.9,14.142,1.94,51.8,72.3
4844,-1172.33,31.7863,2.0,51.3,73.1
4845,-1141.54,64.1678,1.91,52.9,73.1
4846,-1174.71,4.1634,1.94,53.0,73.2
4847,-1188.68,13.0107,1.99,49.8,72.7
4848,-1171.89,22.1654,1.97,46.0,72.3
4849,-1182.02,32.3612,1.97,45.8,72.3
4850,-1167.67,29.1203,1.93,49.7,72.4
4851,-1170.67,15.1719,1.94,52.3,72.4
4852,-1174.66,31.3282,1.95,51.4,72.4
4853,-1160.97,111.2871,1.92,52.2,72.4
4854,-1157.67,40.0479,1.94,52.5,72.5
4855,-1157.57,27.8023,2.01,47.3,72.5
4856,-1170.34,38.4014,1.97,41.9,72.5
4857,-1131.17,81.904,1.95,46.6,72.5
4858,-1162.59,26.741,1.95,51.7,72.5
4859,-1186.52,105.7019,1.95,50.9,72.5
4860,-1143.17,14.8874,1.94,51.5,72.6
4861,-1174.43,85.4744,1.91,52.1,72.6
4862,-1138.53,30.4324,1.96,52.9,72.5
4863,-1128.94,59.0056,1.98,45.5,72.6
4864,-1161.5,53.8448,1.99,41.4,72.6
4865,-1180.04,47.8435,1.95,46.5,72.6
4866,-1149.05,11.6346,1.92,51.8,72.6
4867,-1152.18,16.8486,1.95,51.7,72.7
4868,-1170.57,69.9175,1.94,51.4,72.6
4869,-1152.45,8.3191,1.93,52.7,72.7
4870,-1161.98,21.6556,1.99,41.6,72.4
4871,-1164.63,26.6196,1.98,51.3,72.3
4872,-1158.6,17.3826,1.94,51.3,72.3
4873,-1168.32,4.906,1.97,51.5,72.3
4874,-1162.79,21.7611,1.93,51.9,72.4
4875,-1169.24,15.9496,1.95,52.6,72.4
4876,-1188.28,99.0732,1.97,48.7,72.4
4877,-1150.5,93.0805,1.95,41.9,72.4
4878,-1134.15,94.2503,1.93,46.1,72.4
4879,-1157.48,69.8769,1.96,51.2,72.4
4880,-1146.09,46.7557,1.96,51.7,72.5
4881,-1151.87,48.0454,1.94,51.8,72.4
4882,-1181.26,97.4195,1.92,51.8,72.5
4883,-1157.54,60.426,1.96,53.0,72.4
4884,-1188.1,51.1447,1.95,48.3,72.5
4885,-1147.39,62.0512,2.0,43.0,72.5
4886,-1164.43,18.589,1.98,46.9,72.5
4887,-1182.44,7.3269,1.95,51.8,72.5
4888,-1171.3,4.0292,1.93,51.8,72.5
4889,-1152.16,36.995,1.94,51.7,72.5
4890,-1143.42,64.1163,1.94,52.4,72.5
4891,-1187.24,112.676,1.95,53.2,72.5
4892,-1162.16,11.1341,1.99,46.1,72.6
4893,-1161.05,18.3795,2.0,42.6,72.6
4894,-1170.77,24.1625,1.96,49.0,72.6
4895,-1161.49,25.8947,1.94,51.7,72.6
4896,-1155.36,15.0652,1.93,51.7,72.6
4897,-1158.26,6.9948,1.92,51.9,72.6
4898,-1149.51,9.9456,1.93,52.5,72.7
4899,-1163.23,27.3901,1.99,50.2,72.6
4900,-1158.02,9.6243,1.98,44.3,72.7
4901,-1141.75,71.3357,1.93,45.0,72.1
4902,-1152.22,28.4015,1.96,52.1,72.2
4903,-1168.82,15.7098,1.98,45.5,72.2
4904,-1145.64,15.5953,1.99,42.6,72.2
4905,-1189.42,122.7816,1.92,48.3,72.2
4906,-1145.8,12.5196,1.95,51.6,72.2
4907,-1153.83,9.4713,1.92,51.8,72.2
4908,-1146.76,4.7309,1.92,52.1,72.2
4909,-1151.98,11.4143,1.93,52.8,72.3
4910,-1167.06,27.9647,1.98,49.7,72.2
4911,-1163.94,45.6218,1.95,44.4,72.2
4912,-1134.3,51.7612,1.96,45.7,72.3
4913,-1150.28,18.31,1.98,50.8,72.3
4914,-1156.67,4.5984,1.94,51.8,72.3
4915,-1149.12,34.0255,1.97,51.6,72.3
4916,-1156.27,44.0797,1.91,52.2,72.4
4917,-1150.28,6.5877,1.92,52.9,72.3
4918,-1151.81,2.4852,2.0,48.0,72.3
4919,-1161.52,10.749,1.97,43.0,72.3
4920,-1165.38,25.4138,1.94,46.4,72.4
4921,-1151.74,34.5948,1.94,51.5,72.4
4922,-1169.45,12.9949,1.93,52.1,72.4
4923,-1154.56,15.1168,1.95,52.2,72.4
4924,-1159.23,6.9435,1.94,52.4,72.4
4925,-1167.78,8.5389,1.96,51.8,72.3
4926,-1173.66,13.7453,1.97,46.6,72.4
4927,-1161.4,23.2475,1.98,42.3,72.4
4928,-1185.54,38.9519,1.95,47.9,72.4
4929,-1172.73,10.046,1.92,51.3,72.4
4930,-1184.49,36.8992,1.95,51.1,72.5
4931,-1139.31,135.7377,1.93,51.7,72.4
4932,-1167.87,5.9375,1.93,52.0,72.4
4933,-1145.4,38.385,1.95,50.6,72.4
4934,-1167.96,16.2674,1.98,45.3,72.5
4935,-1143.21,14.5899,2.0,44.0,72.5
4936,-1158.01,7.3324,1.94,49.3,72.5
4937,-1157.43,29.6612,1.92,51.6,72.4
4938,-1163.08,8.0899,1.94,51.8,72.5
4939,-1157.13,25.0206,1.92,51.8,72.4
4940,-1151.7,9.866,1.93,52.7,72.5
4941,-1151.65,5.029,1.97,48.9,72.5
4942,-1146.26,3.4781,1.94,43.2,72.4
4943,-1161.43,27.5065,1.94,47.0,72.3
4944,-1162.7,46.3307,1.96,51.9,72.4
4945,-1162.28,19.2697,1.94,51.4,72.4
4946,-1134.78,48.9866,1.91,52.2,72.4
4947,-1165.56,35.9245,1.89,52.3,72.4
4948,-1148.14,39.1396,1.91,52.9,72.4
4949,-1168.63,17.0674,1.99,46.5,72.4
4950,-1164.58,25.8593,2.03,41.1,72.4
4951,-1140.64,33.3886,1.95,47.1,72.4
4952,-1172.86,19.3964,1.91,52.1,72.4
4953,-1134.4,48.8515,1.94,51.0,72.5
4954,-1192.1,40.9928,1.94,51.4,72.5
4955,-1165.15,23.3625,1.89,51.8,72.4
4956,-1130.17,31.7555,1.95,52.1,72.4
4957,-1161.15,20.0599,1.94,45.6,72.5
4958,-1176.93,32.8374,1.98,44.2,72.5
4959,-1161.01,7.2856,1.94,48.8,72.5
4960,-1177.38,29.7357,1.94,52.3,72.6
4961,-1155.46,35.3237,1.95,52.3,72.5
4962,-1179.12,8.6749,1.92,52.6,72.5
4963,-1130.95,69.7708,1.95,52.3,72.6
4964,-1133.83,47.9865,1.99,48.7,72.5
4965,-1173.88,23.3613,1.95,43.0,72.6
4966,-1147.27,36.7029,1.95,47.0,72.6
4967,-1184.86,44.1693,1.96,49.6,72.5
4968,-1149.27,16.6542,1.94,51.7,72.6
4969,-1159.43,33.9114,1.94,52.2,72.6
4970,-1157.71,6.0268,1.94,52.0,72.6
4971,-1171.08,14.2414,1.93,52.6,72.6
4972,-1138.11,63.9084,1.97,47.3,72.7
4973,-1190.44,63.6369,1.96,40.7,72.6
4974,-1146.57,47.6124,1.99,47.1,72.7
4975,-1126.61,62.7427,1.93,51.8,72.6
4976,-1171.91,21.027,1.94,51.6,72.7
4977,-1152.54,4.023,1.92,51.3,72.7
4978,-1176.56,40.6234,1.96,52.0,72.7
4979,-1162.3,9.125,1.94,50.7,72.7
4980,-1183.45,27.895,1.95,44.6,72.7
4981,-1147.07,41.8417,1.95,44.3,72.7
4982,-1171.2,8.0649,1.95,49.2,72.7
4983,-1169.02,3.9955,1.93,51.6,72.7
4984,-1154.89,12.4814,1.93,51.5,72.8
4985,-1152.26,12.9851,1.95,50.9,72.7
4986,-1168.82,40.069,1.96,52.4,72.7
4987,-1195.57,155.6268,1.95,49.5,72.7
4988,-1152.72,9.9832,1.92,44.0,72.7
4989,-1153.08,7.5383,1.98,45.5,72.8
4990,-1187.91,95.1301,1.96,49.5,72.8
4991,-1151.22,19.5422,1.97,52.3,72.8
4992,-1137.11,16.2688,1.95,51.2,72.8
4993,-1175.02,60.0373,1.92,52.2,72.8
4994,-1141.01,6.6661,1.97,52.6,72.8
4995,-1178.21,72.022,1.98,50.3,72.8
4996,-1165.8,19.023,1.99,43.5,72.8
4997,-1174.13,10.8271,1.95,44.4,72.8
4998,-1159.61,11.3843,1.95,49.9,72.8
4999,-1172.26,9.0809,1.94,51.7,72.9
5000,-1174.35,12.4928,1.95,50.9,72.9
5001,-1136.27,127.3604,1.92,52.2,72.9
5002,-1150.62,36.0798,1.94,52.3,73.0
5003,-1146.08,14.0525,1.94,48.0,72.9
5004,-1183.99,86.8159,1.99,43.2,73.0
5005,-1153.13,45.4655,1.96,46.0,72.9
5006,-1150.7,20.9085,1.97,50.0,73.0
5007,-1134.8,24.5774,1.92,51.0,73.0
5008,-1171.09,62.9334,1.95,51.4,73.1
5009,-1164.88,47.4355,1.91,52.2,73.0
5010,-1164.83,15.1143,1.92,53.2,73.0
5011,-1157.43,18.4578,1.97,47.1,73.0
5012,-1158.45,6.2764,1.96,42.4,73.0
5013,-1164.06,23.5397,1.92,46.6,73.1
5014,-1154.93,41.6956,1.95,51.1,73.1
5015,-1180.89,22.6355,1.94,51.4,73.1
5016,-1171.97,19.1488,1.94,52.2,73.1
5017,-1119.69,101.0997,1.9,52.1,73.1
5018,-1171.84,9.479,1.94,52.5,73.1
5019,-1145.23,14.4498,1.97,47.3,73.1
5020,-1165.66,20.2104,1.98,42.4,73.2
5021,-1142.04,5.8461,1.93,47.7,73.2
5022,-1137.27,6.8683,1.95,51.2,73.2
5023,-1157.53,39.3036,1.92,51.6,73.2
5024,-1173.88,102.5102,1.93,52.3,73.2
5025,-1157.49,33.723,1.94,52.2,73.2
5026,-1134.99,15.304,1.93,50.3,73.3
5027,-1174.57,39.6581,1.96,43.4,73.3
5028,-1168.73,31.6456,1.95,45.5,73.3
5029,-1163.93,20.3624,1.95,50.6,73.3
5030,-1155.94,21.797,1.92,51.3,73.3
5031,-1165.65,4.7619,1.95,51.9,73.3
5032,-1155.77,13.5996,1.92,52.1,73.3
5033,-1175.75,37.0318,1.95,53.0,73.3
5034,-1162.91,13.498,1.99,47.5,73.3
5035,-1135.98,60.6912,1.94,41.9,73.3
5036,-1150.17,32.3789,1.98,46.9,73.3
5037,-1172.39,19.7214,1.95,51.0,73.3
5038,-1158.2,7.1242,1.91,52.0,73.4
5039,-1162.53,7.2515,1.93,51.5,73.3
5040,-1172.76,34.0498,1.93,52.5,73.4
5041,-1172.29,17.544,1.95,51.4,73.4
5042,-1174.67,18.7312,1.97,45.7,73.4
5043,-1133.75,83.6231,1.98,44.6,73.4
5044,-1152.34,30.9288,1.9,49.6,73.4
5045,-1175.88,29.8384,1.94,51.7,73.4
5046,-1181.61,19.5125,1.96,50.2,73.4
5047,-1147.26,29.067,1.92,51.7,73.5
5048,-1159.9,19.3863,1.92,52.6,73.4
5049,-1136.49,41.762,1.95,48.4,73.5
5050,-1192.65,119.8252,1.95,42.9,73.5
5051,-1153.76,10.2146,1.94,47.8,73.5
5052,-1156.37,33.9104,1.95,51.3,73.4
5053,-1163.63,16.389,1.92,51.2,73.5
5054,-1142.59,45.7947,1.92,51.8,73.4
5055,-1199.1,160.5627,1.92,52.2,73.5
5056,-1157.16,30.1431,1.94,50.7,73.5
5057,-1163.41,43.0374,1.96,44.6,73.5
5058,-1169.59,33.2357,1.98,43.6,73.5
5059,-1169.29,24.2274,1.93,49.0,73.5
5060,-1151.43,53.5471,1.92,51.5,73.5
5061,-1168.19,18.9954,1.94,51.0,73.6
5062,-1136.08,128.4413,1.92,52.4,73.6
5063,-1154.57,9.6263,1.94,52.6,73.6
5064,-1174.08,21.0905,1.98,49.2,73.7
5065,-1176.17,33.0807,1.94,42.9,73.7
5066,-1137.99,33.9416,1.98,46.3,73.7
5067,-1171.37,4.3604,1.96,50.7,73.7
5068,-1151.5,12.6142,1.93,51.5,73.8
5069,-1172.68,13.6477,1.96,51.6,73.7
5070,-1159.8,6.0204,1.92,52.3,73.8
5071,-1180.25,86.2576,1.96,52.1,73.7
5072,-1141.64,66.1779,1.97,48.1,73.8
5073,-1141.64,62.8323,1.98,42.2,73.8
5074,-1158.85,7.634,1.94,47.3,73.8
5075,-1168.55,19.9618,1.93,51.3,73.8
5076,-1162.9,23.1309,1.92,51.5,73.9
5077,-1173.91,24.337,1.92,51.2,73.9
5078,-1172.9,16.2655,1.92,52.0,73.9
5079,-1169.41,22.9006,1.92,51.8,73.9
5080,-1162.8,71.3756,2.0,47.1,74.0
5081,-1156.57,40.48,1.94,41.8,73.9
5082,-1153.31,28.5045,1.96,46.5,74.0
5083,-1178.41,48.8526,1.96,52.3,74.0
5084,-1169.88,23.036,1.95,51.6,74.0
5085,-1168.34,4.6476,1.95,51.1,74.1
5086,-1170.79,7.0034,1.92,51.5,74.1
5087,-1168.77,12.1475,1.94,52.2,74.0
5088,-1175.92,13.9335,1.96,47.1,74.0
5089,-1185.21,5.6208,1.99,42.2,74.0
5090,-1176.75,11.1816,1.97,47.8,74.1
5091,-1168.27,19.2694,1.94,51.4,74.1
5092,-1159.12,35.4679,1.93,51.8,74.1
5093,-1159.81,14.5226,1.92,51.5,74.1
5094,-1173.62,19.0485,1.94,52.0,74.1
5095,-1180.41,107.5145,1.98,51.8,74.1
5096,-1158.3,4.502,1.98,44.8,74.1
5097,-1161.78,35.065,1.99,44.3,74.2
5098,-1172.44,10.2548,1.93,50.7,74.2
5099,-1157.91,34.6954,1.94,51.5,74.2
5100,-1168.28,33.8814,1.94,51.2,74.2
5101,-1160.68,2.609,1.91,51.7,74.2
5102,-1170.21,50.7201,1.97,52.7,74.2
5103,-1158.87,12.5894,1.96,48.8,74.2
5104,-1163.1,16.1578,1.95,42.9,74.3
5105,-1162.18,14.9151,1.98,45.5,74.2
5106,-1158.57,11.8118,1.94,49.6,74.2
5107,-1165.72,8.9681,1.95,52.0,74.3
5108,-1172.14,8.6272,1.96,52.1,74.3
5109,-1158.93,11.1153,1.92,52.5,74.3
5110,-1186.72,96.62,1.95,52.5,74.3
5111,-1167.2,7.3112,1.98,48.3,74.0
5112,-1171.74,39.3186,1.97,43.0,74.0
5113,-1164.93,6.3824,1.99,46.9,74.0
5114,-1152.25,14.3314,1.95,51.1,74.0
5115,-1157.09,12.3087,1.92,50.6,74.1
5116,-1176.95,36.2785,1.92,51.5,74.1
5117,-1182.37,35.3633,1.93,51.5,74.1
5118,-1174.06,25.8604,1.97,52.3,74.1
5119,-1160.94,19.9114,2.01,45.9,74.1
5120,-1160.2,12.672,1.97,42.4,74.1
5121,-1201.99,82.7558,1.96,48.8,74.2
5122,-1150.58,42.6414,1.94,51.3,74.2
5123,-1145.28,35.0839,2.04,51.0,75.0
5124,-1170.16,21.939,1.93,52.6,75.0
5125,-1171.02,24.299,1.94,52.9,75.0
5126,-1181.88,54.6284,1.99,47.8,74.4
5127,-1181.65,11.2816,1.95,43.4,74.2
5128,-1148.45,73.1171,1.94,48.9,74.2
5129,-1161.33,58.1284,1.94,51.5,74.2
5130,-1161.21,50.2812,1.95,51.0,74.2
5131,-1152.55,53.7881,1.94,51.6,74.2
5132,-1152.55,24.7729,1.94,52.2,74.2
5133,-1157.26,15.6936,1.98,50.0,74.3
5134,-1149.6,32.617,1.95,44.4,74.3
5135,-1179.15,80.5376,1.95,43.2,74.3
5136,-1168.46,17.807,1.93,49.2,74.3
5137,-1168.78,31.795,1.94,51.1,74.3
5138,-1163.75,18.1776,1.94,51.2,74.4
5139,-1139.7,98.7415,1.92,51.8,74.4
5140,-1152.91,11.4083,1.97,52.8,74.4
5141,-1186.34,81.4269,1.98,49.2,74.4
5142,-1158.37,16.539,1.95,43.6,74.4
5143,-1157.52,4.5403,1.91,44.1,74.0
5144,-1183.19,18.9867,1.89,52.3,74.1
5145,-1175.51,24.1584,1.89,52.9,74.1
5146,-1173.26,28.7956,1.96,47.7,74.1
5147,-1175.69,27.1268,1.97,41.2,74.1
5148,-1152.36,42.7756,1.99,47.8,74.2
5149,-1171.54,15.5908,1.96,50.8,74.1
5150,-1140.92,25.3504,1.93,51.7,74.1
5151,-1153.86,30.6855,1.95,51.4,74.2
5152,-1165.48,38.1334,1.94,52.2,74.2
5153,-1148.41,29.9623,1.94,53.3,74.2
5154,-1137.72,19.9796,1.95,47.7,74.2
5155,-1158.03,8.8983,1.96,42.1,74.2
5156,-1144.81,15.4754,1.98,46.7,74.2
5157,-1165.26,17.1194,1.95,51.5,74.2
5158,-1167.13,12.8472,1.94,52.3,74.3
5159,-1170.43,8.8997,1.92,50.9,74.2
5160,-1131.89,68.2025,1.93,52.8,74.3
5161,-1166.92,13.0327,1.95,52.3,74.2
5162,-1160.51,11.4565,1.97,46.5,74.2
5163,-1176.72,18.7974,1.95,44.5,74.3
5164,-1132.69,63.1011,1.99,47.7,74.3
5165,-1133.95,78.2628,1.96,52.1,74.3
5166,-1147.95,8.1642,1.94,51.5,74.3
5167,-1155.33,14.9042,1.95,52.0,74.3
5168,-1125.3,43.3938,1.92,52.5,74.3
5169,-1149.23,19.428,1.99,51.2,74.3
5170,-1167.14,49.7758,1.95,45.4,74.4
5171,-1144.62,56.638,1.96,42.5,74.4
5172,-1147.74,9.2507,1.95,48.2,74.4
5173,-1146.54,10.064,1.96,51.1,74.4
5174,-1150.19,19.4831,1.91,51.4,74.4
5175,-1161.34,26.676,1.94,51.9,74.4
5176,-1152.51,7.6812,1.92,52.8,74.4
5177,-1147.82,54.5789,1.97,51.6,74.4
5178,-1134.45,15.2786,1.92,45.3,74.5
5179,-1175.13,67.7076,1.98,43.5,74.5
5180,-1136.21,23.3882,1.94,50.3,74.4
5181,-1159.21,22.2378,1.95,51.7,74.5
5182,-1153.03,11.8572,1.93,51.2,74.5
5183,-1164.78,11.9374,1.91,51.9,74.5
5184,-1131.69,96.3548,1.93,52.7,74.5
5185,-1160.56,15.6165,1.98,49.0,74.5
5186,-1138.73,18.6991,1.98,43.6,74.5
5187,-1136.45,15.2637,1.99,46.6,74.5
5188,-1172.15,20.4545,1.97,50.4,74.5
5189,-1167.32,78.7377,1.95,50.9,74.5
5190,-1171.48,62.0203,1.95,50.9,74.5
5191,-1152.39,75.5626,1.92,52.6,74.6
5192,-1212.36,92.8964,1.95,52.9,74.5
5193,-1157.01,53.7195,1.99,48.1,74.6
5194,-1138.27,21.733,1.96,41.9,74.6
5195,-1160.36,35.7964,1.94,45.0,74.1
5196,-1154.02,9.9108,1.99,50.2,74.1
5197,-1142.79,32.0808,1.95,44.7,74.1
5198,-1150.0,23.9372,1.98,44.6,74.1
5199,-1149.44,10.556,1.92,50.0,74.1
5200,-1151.82,37.3379,1.93,51.5,74.1
5201,-1154.59,6.743,1.94,51.4,74.1
5202,-1146.26,41.5646,1.93,51.9,74.1
5203,-1148.06,43.6017,1.93,52.6,74.1
5204,-1150.77,7.719,1.99,47.5,74.1
5205,-1170.3,16.1841,1.98,41.7,74.1
5206,-1162.96,13.6926,1.98,47.7,74.2
5207,-1201.02,60.9973,1.99,50.9,74.1
5208,-1150.67,18.4667,1.95,50.8,74.1
5209,-1148.06,19.4708,1.92,51.8,74.1
5210,-1150.35,10.9316,1.93,52.1,74.1
5211,-1138.87,18.0557,1.95,52.8,74.2
5212,-1124.0,33.036,1.96,47.2,74.2
5213,-1138.07,30.0628,1.99,41.6,74.2
5214,-1163.96,58.8438,1.97,47.5,74.2
5215,-1157.1,63.2671,1.97,51.1,74.2
5216,-1185.47,105.6263,1.91,51.3,74.2
5217,-1155.4,12.6226,1.93,51.5,74.2
5218,-1175.82,39.2243,1.94,52.9,74.2
5219,-1153.22,20.3318,1.98,50.0,74.2
5220,-1175.17,23.5382,1.94,44.1,74.2
5221,-1160.69,20.0028,1.98,45.2,74.2
5222,-1148.56,66.0811,1.95,50.8,74.2
5223,-1165.78,29.1205,1.96,51.6,74.2
5224,-1140.11,24.9183,1.97,51.5,74.3
5225,-1162.94,41.1313,1.93,51.1,74.2
5226,-1170.1,67.0056,1.93,52.9,74.3
5227,-1153.93,10.3409,1.96,48.9,74.3
5228,-1162.61,4.6535,1.98,42.7,74.3
5229,-1165.39,10.5389,1.99,45.8,74.3
5230,-1172.28,21.1767,1.95,51.2,74.3
5231,-1150.27,38.7968,1.94,51.2,74.3
5232,-1152.99,20.5357,1.94,51.4,74.3
5233,-1142.59,15.9221,1.94,52.7,74.3
5234,-1177.6,46.0653,1.92,52.1,74.3
5235,-1180.83,60.4947,1.99,47.7,74.3
5236,-1184.01,127.5994,1.96,42.1,74.4
5237,-1158.19,13.0651,2.0,46.0,74.3
5238,-1178.22,11.6577,1.95,49.6,74.4
5239,-1146.38,46.663,1.95,51.6,74.4
5240,-1147.87,29.0368,1.95,52.0,74.4
5241,-1144.62,31.1864,1.92,52.2,74.3
5242,-1181.61,171.3886,1.95,52.7,74.4
5243,-1148.17,13.5347,1.96,46.4,74.8
5244,-1167.52,45.0259,1.96,42.6,74.6
5245,-1161.98,21.0404,1.94,47.6,74.7
5246,-1161.19,4.4487,1.95,51.7,74.7
5247,-1167.91,27.8434,1.91,51.1,74.7
5248,-1169.73,16.6232,1.95,52.0,74.7
5249,-1158.61,20.6889,1.92,52.0,74.7
5250,-1188.03,15.2923,1.97,52.7,74.7
5251,-1158.8,33.3359,1.95,46.2,74.7
5252,-1164.97,14.0652,2.0,41.8,74.8
5253,-1147.53,7.5757,1.98,47.6,74.7
5254,-1157.47,20.8637,1.93,50.9,74.8
5255,-1148.02,33.7916,1.96,51.2,74.7
5256,-1149.74,4.4745,1.93,51.7,74.8
5257,-1159.43,21.0034,1.97,52.4,74.8
5258,-1155.43,7.5263,1.94,46.8,74.8
5259,-1152.91,27.991,1.99,42.2,74.8
5260,-1159.93,8.0917,1.98,48.3,74.8
5261,-1156.87,10.4385,1.95,51.9,74.8
5262,-1164.16,25.8418,1.94,51.1,74.9
5263,-1170.46,9.2566,1.92,52.2,74.8
5264,-1171.38,8.5861,1.95,52.0,74.8
5265,-1161.68,8.8615,1.98,47.9,74.9
5266,-1150.3,42.9902,1.95,43.4,74.9
5267,-1145.73,14.26,1.91,48.5,74.9
5268,-1147.16,23.1938,1.94,51.4,74.9
5269,-1161.48,29.5111,1.96,50.9,74.9
5270,-1131.43,3.0114,1.92,52.1,74.9
5271,-1171.52,95.0765,1.97,52.4,74.9
5272,-1134.03,15.3122,1.95,47.4,75.0
5273,-1155.93,85.072,2.0,43.2,74.9
5274,-1174.36,58.5046,1.97,49.1,74.9
5275,-1180.49,51.0461,1.94,51.7,75.0
5276,-1141.18,30.0161,2.11,56.9,75.3
5277,-1154.97,30.2713,1.93,52.9,75.2
5278,-1169.51,20.7171,1.97,52.3,75.2
5279,-1163.95,4.0645,2.0,47.1,75.2
5280,-1185.5,15.5011,2.01,42.1,75.2
5281,-1141.68,33.0019,2.0,47.2,75.2
5282,-1154.96,19.3578,1.95,51.7,75.3
5283,-1183.52,52.1573,1.93,51.3,75.2
5284,-1177.24,36.579,1.93,52.3,75.3
5285,-1163.21,24.1401,1.94,51.9,75.2
5286,-1143.46,29.6732,1.98,48.5,75.2
5287,-1152.25,11.9656,1.99,42.3,75.2
5288,-1156.79,5.8999,1.98,47.0,75.2
5289,-1159.77,7.5309,1.95,51.7,75.2
5290,-1167.42,35.4774,1.96,51.2,75.3
5291,-1161.57,4.5286,1.93,52.3,75.2
5292,-1151.53,23.16,1.93,52.9,75.2
5293,-1147.63,10.6962,1.95,48.6,75.3
5294,-1144.7,13.2234,1.99,42.4,75.3
5295,-1123.37,100.7191,1.99,47.6,75.3
5296,-1169.78,55.7239,1.94,51.2,75.3
5297,-1139.13,25.4843,1.94,51.4,75.3
5298,-1179.6,105.35,1.92,51.8,75.3
5299,-1168.69,39.2859,1.95,51.9,75.3
5300,-1186.2,19.8386,1.95,48.6,75.4
5301,-1143.89,54.037,1.98,41.5,75.4
5302,-1129.31,147.4148,1.94,47.7,75.4
5303,-1148.76,50.0144,1.93,51.4,75.4
5304,-1157.32,31.7559,1.93,51.3,75.4
5305,-1178.7,91.773,1.93,52.0,75.3
5306,-1176.36,60.6043,1.96,52.1,75.4
5307,-1174.33,30.7387,1.95,47.9,75.4
5308,-1155.57,7.0441,1.99,43.2,75.4
5309,-1173.16,18.3291,1.99,47.1,75.4
5310,-1189.03,25.5497,1.97,51.4,75.4
5311,-1150.21,49.6545,1.92,51.3,75.4
5312,-1160.97,24.0402,1.91,50.6,75.4
5313,-1155.5,12.4655,1.92,52.7,75.4
5314,-1169.84,23.6998,1.96,47.5,75.4
5315,-1178.83,25.9393,1.96,41.5,75.4
5316,-1143.4,24.7513,1.99,47.2,75.5
5317,-1171.26,24.5861,1.94,51.0,75.4
5318,-1156.87,26.6828,1.94,51.3,75.4
5319,-1166.37,11.6948,1.93,52.5,75.5
5320,-1155.2,20.0708,1.94,52.4,75.5
5321,-1163.23,10.8388,2.0,47.4,75.5
5322,-1165.18,14.1035,1.97,42.7,75.5
5323,-1169.44,8.3061,1.94,47.5,75.5
5324,-1179.56,11.0679,1.94,51.9,75.5
5325,-1179.25,9.3932,1.93,51.4,75.5
5326,-1152.38,33.135,1.9,52.6,75.6
5327,-1144.56,76.3937,1.92,52.4,75.6
5328,-1158.48,11.4924,1.95,47.9,75.6
5329,-1146.55,26.5803,1.95,42.4,75.6
5330,-1152.38,14.2999,1.93,48.1,75.6
5331,-1172.51,17.7779,1.95,51.5,75.6
5332,-1173.37,22.1515,1.96,51.6,75.7
5333,-1174.95,11.7768,1.93,52.4,75.7
5334,-1158.61,28.2922,1.93,52.4,75.7
5335,-1154.33,27.3849,1.95,48.0,75.7
5336,-1140.08,55.2846,1.95,42.7,75.7
5337,-1150.73,10.0818,1.98,48.0,75.8
5338,-1144.2,10.3202,1.96,51.1,75.8
5339,-1170.65,49.6423,1.95,51.4,75.8
5340,-1152.47,14.7915,1.95,52.1,75.8
5341,-1143.35,6.9529,1.96,52.6,75.8
5342,-1126.9,45.5691,1.97,49.5,75.8
5343,-1169.31,58.789,1.98,42.6,75.8
5344,-1165.83,42.3317,1.98,47.2,75.9
5345,-1173.22,64.1276,1.95,51.8,75.8
5346,-1128.9,70.8127,1.93,51.6,75.9
5347,-1140.28,48.4308,1.92,52.0,75.9
5348,-1190.13,38.809,1.96,52.4,75.9
5349,-1174.57,15.7389,1.95,49.1,75.9
5350,-1142.7,40.5672,1.94,41.8,75.9
5351,-1127.83,59.3587,1.98,46.8,75.9
5352,-1158.87,3.8749,1.94,51.5,76.0
5353,-1160.13,11.2484,1.96,52.2,76.0
5354,-1160.92,9.9316,1.93,51.7,76.2
5355,-1145.74,52.7858,1.91,52.7,76.1
5356,-1185.02,33.4101,1.99,47.8,76.2
5357,-1140.89,28.8767,1.98,42.1,76.1
5358,-1164.09,47.0131,1.98,47.7,76.1
5359,-1155.17,15.4223,1.93,51.1,76.2
5360,-1146.86,8.2563,1.95,50.8,76.2
5361,-1146.89,14.1212,1.92,51.6,76.2
5362,-1156.97,16.0407,1.95,53.0,76.1
5363,-1141.57,40.1312,1.95,46.3,76.1
5364,-1163.79,11.8104,1.98,43.0,76.1
5365,-1143.79,62.0938,1.97,48.0,76.1
5366,-1137.41,23.8804,1.94,51.7,76.2
5367,-1151.86,17.2363,1.94,51.9,76.2
5368,-1173.97,53.5693,1.91,52.1,76.2
5369,-1139.23,20.8343,1.94,52.6,76.2
5370,-1150.25,6.8872,1.98,49.7,76.2
5371,-1165.96,10.062,1.93,43.5,76.2
5372,-1155.17,30.8,1.96,45.9,76.2
5373,-1169.77,12.2218,1.97,50.2,76.3
5374,-1166.96,22.5039,1.91,51.6,76.3
5375,-1166.17,22.0711,1.94,51.7,76.2
5376,-1182.11,28.301,1.93,52.2,76.3
5377,-1165.36,26.1875,1.97,52.2,76.3
5378,-1155.32,26.4747,1.99,47.2,76.3
5379,-1140.2,41.2895,1.98,42.1,76.4
5380,-1152.04,9.2324,1.98,46.6,76.4
5381,-1182.99,80.6112,1.92,52.1,76.4
5382,-1169.68,74.6456,1.91,51.5,76.4
5383,-1146.71,19.8121,1.92,52.1,76.4
5384,-1139.94,23.0201,1.94,51.2,76.4
5385,-1167.74,37.2401,1.94,50.8,76.4
5386,-1166.21,3.8431,1.97,45.2,76.5
5387,-1156.01,27.295,1.99,43.5,76.4
5388,-1146.62,11.4728,1.92,49.5,76.4
5389,-1155.58,12.529,1.96,51.5,76.5
5390,-1134.17,21.1314,1.92,51.8,76.5
5391,-1169.16,89.0539,1.94,51.6,76.5
5392,-1127.14,8.3373,1.92,52.0,76.5
5393,-1175.85,79.5595,1.98,49.1,76.6
5394,-1168.01,109.5638,1.96,44.5,76.5
5395,-1143.93,13.578,1.99,44.8,76.5
5396,-1152.7,8.7721,1.95,49.9,76.6
5397,-1160.07,15.743,1.92,51.6,76.6
5398,-1160.4,51.9736,1.93,51.4,76.6
5399,-1140.12,58.2314,1.94,51.7,76.5
5400,-1152.44,27.7698,1.95,52.9,76.6
5401,-1140.17,24.6526,2.1,49.2,76.8
5402,-1126.69,6.7924,1.98,44.3,76.7
5403,-1170.51,54.0547,1.98,44.9,76.7
5404,-1173.33,47.8382,1.95,50.3,76.8
5405,-1185.32,89.7111,1.93,51.3,76.7
5406,-1147.61,14.742,1.93,51.9,76.6
5407,-1167.96,13.4408,1.92,52.1,76.6
5408,-1150.74,28.1001,1.95,52.9,76.6
5409,-1174.56,19.0714,1.98,48.0,76.5
5410,-1171.23,35.3369,1.97,41.7,76.3
5411,-1180.05,15.9791,1.95,47.0,76.3
5412,-1163.64,74.5342,1.95,51.0,76.3
5413,-1137.93,71.1242,1.91,51.4,76.3
5414,-1183.76,8.7946,1.94,51.6,76.4
5415,-1143.32,9.9654,1.91,52.1,76.3
5416,-1167.84,41.6337,1.98,52.0,76.3
5417,-1168.2,21.9738,1.99,46.8,76.3
5418,-1182.14,18.1523,1.98,42.2,76.3
5419,-1158.21,35.734,1.97,48.3,76.3
5420,-1188.86,26.6388,1.96,51.4,76.3
5421,-1163.05,69.7113,1.93,51.5,76.4
5422,-1159.62,35.2654,1.95,51.3,76.5
5423,-1171.35,44.1521,1.92,52.4,76.4
5424,-1163.31,12.7163,1.95,52.4,76.4
5425,-1171.84,32.3914,2.02,45.7,76.4
5426,-1188.56,79.9592,1.95,43.2,76.5
5427,-1142.9,37.0228,2.0,48.2,76.5
5428,-1162.19,10.6265,1.95,51.7,76.6
5429,-1180.9,27.8399,1.94,51.7,76.5
5430,-1173.43,9.6003,1.94,52.1,76.6
5431,-1152.74,26.5864,1.92,52.1,76.6
5432,-1138.28,45.3244,1.99,50.4,76.6
5433,-1161.51,25.4552,1.96,45.6,76.6
5434,-1163.89,13.8213,1.99,43.7,76.7
5435,-1189.05,28.53,1.97,48.0,76.6
5436,-1160.59,17.8683,1.96,52.1,76.7
5437,-1157.56,15.946,1.91,51.3,76.2
5438,-1157.28,17.3005,1.97,45.6,76.3
5439,-1180.95,20.8683,1.98,44.4,76.2
5440,-1149.24,7.6929,1.95,49.7,76.3
5441,-1163.88,8.9981,1.95,52.1,76.3
5442,-1154.91,24.5104,1.92,51.9,76.4
5443,-1166.27,17.4959,1.91,52.4,76.4
5444,-1153.56,24.1932,1.93,53.7,76.4
5445,-1165.43,29.986,1.95,50.2,76.5
5446,-1165.76,9.837,1.97,44.8,76.5
5447,-1135.62,86.1598,2.0,43.9,76.5
5448,-1172.94,16.2129,1.93,49.2,76.5
5449,-1143.68,25.8942,1.93,52.1,76.5
5450,-1154.39,4.4942,1.96,51.6,76.5
5451,-1166.23,26.5566,1.93,52.1,76.6
5452,-1156.28,12.4593,1.94,52.4,76.6
5453,-1156.66,8.931,1.98,49.6,76.5
5454,-1155.39,3.1102,1.98,45.1,76.6
5455,-1175.72,27.6755,1.99,43.7,76.6
5456,-1184.77,26.956,1.95,49.5,76.6
5457,-1140.08,63.5535,1.95,51.2,76.6
5458,-1164.12,34.8222,1.96,51.5,76.6
5459,-1139.78,90.1815,1.93,51.9,76.5
5460,-1143.09,52.3611,1.93,52.7,76.5
5461,-1121.21,76.109,1.98,49.8,76.5
5462,-1146.42,37.5808,1.94,43.7,76.5
5463,-1133.06,8.1073,1.96,45.5,76.6
5464,-1181.91,99.0108,1.95,50.0,76.6
5465,-1147.31,13.3808,1.94,51.9,76.6
5466,-1157.74,14.3145,1.95,51.6,76.6
5467,-1131.64,66.5209,1.94,52.0,76.6
5468,-1174.8,15.7099,1.94,52.8,76.6
5469,-1173.59,40.28,1.93,47.6,76.6
5470,-1164.53,11.0656,1.96,41.4,76.7
5471,-1143.02,55.2088,1.94,46.9,76.6
5472,-1174.01,27.5815,2.03,50.8,76.6
5473,-1140.52,23.0543,1.95,51.2,76.6
5474,-1146.39,13.7702,1.96,52.1,76.6
5475,-1130.13,21.0949,1.93,52.3,76.7
5476,-1155.77,30.2529,1.95,52.0,76.7
5477,-1150.74,20.3914,1.95,47.0,76.7
5478,-1148.22,8.2397,1.96,43.0,76.7
5479,-1161.37,19.3736,1.96,46.7,76.7
5480,-1154.24,14.1561,1.97,50.5,76.7
5481,-1173.63,8.6067,1.92,51.2,76.7
5482,-1158.07,5.5327,1.94,51.2,76.7
5483,-1168.52,20.3614,1.94,52.3,76.7
5484,-1122.19,70.7478,1.97,51.3,76.7
5485,-1145.25,15.4378,1.94,46.5,76.7
5486,-1140.33,14.8669,1.95,42.1,76.7
5487,-1161.61,29.0981,1.97,48.9,76.8
5488,-1152.85,13.1488,1.97,51.7,76.8
5489,-1142.92,8.4823,1.95,51.3,76.8
5490,-1171.94,55.7212,1.93,52.0,76.8
5491,-1152.25,11.7849,1.92,52.1,76.8
5492,-1134.66,42.9737,1.95,51.5,76.8
5493,-1131.28,32.4348,1.94,42.9,76.8
5494,-1167.57,46.601,1.94,45.5,76.8
5495,-1163.76,98.03,1.95,49.1,76.9
5496,-1131.09,12.464,1.94,51.5,76.9
5497,-1146.35,10.8794,1.96,51.0,76.9
5498,-1142.54,13.6795,1.93,51.9,76.9
5499,-1140.91,9.7356,1.92,52.9,76.8
5500,-1159.57,13.2135,1.94,47.3,76.9
5501,-1130.99,29.0017,1.94,44.9,76.4
5502,-1138.15,53.5728,1.92,51.9,76.4
5503,-1155.28,22.8436,1.98,52.3,76.3
5504,-1135.97,6.7231,1.98,45.9,76.3
5505,-1150.39,23.5578,1.93,43.8,76.4
5506,-1152.5,5.805,1.96,48.7,76.4
5507,-1172.76,23.7777,1.95,51.3,76.4
5508,-1163.43,11.5185,1.97,50.9,76.4
5509,-1162.92,41.4012,1.95,51.4,76.4
5510,-1149.9,43.8843,1.93,52.6,76.4
5511,-1153.08,30.8773,1.98,50.1,76.4
5512,-1153.37,23.1324,1.95,45.6,76.4
5513,-1144.02,26.7914,1.98,43.6,76.4
5514,-1168.9,95.7275,1.96,49.1,76.4
5515,-1139.86,48.6704,1.95,50.8,76.4
5516,-1133.65,14.8897,1.95,51.6,76.4
5517,-1138.66,15.3698,1.93,51.7,76.4
5518,-1155.6,38.4571,1.95,52.6,76.4
5519,-1161.28,37.7835,1.95,49.2,76.4
5520,-1140.48,44.3697,1.97,43.0,76.5
5521,-1180.09,63.225,1.94,46.6,76.5
5522,-1164.8,16.7585,1.93,51.4,76.5
5523,-1195.98,102.5809,1.96,51.3,76.5
5524,-1195.95,36.1443,1.94,52.4,76.6
5525,-1153.35,87.7007,1.95,51.5,76.5
5526,-1157.87,94.1127,1.97,50.5,76.5
5527,-1128.2,224.8398,1.95,46.5,76.5
5528,-1157.1,17.0722,1.98,43.8,76.6
5529,-1141.64,42.3597,1.96,51.1,76.5
5530,-1185.92,103.9081,1.98,51.1,76.5
5531,-1159.69,74.9057,1.95,50.9,76.5
5532,-1162.71,33.2287,1.95,51.7,76.5
5533,-1158.89,36.9967,1.95,52.5,76.6
5534,-1139.04,40.6108,1.98,50.6,76.5
5535,-1174.45,21.969,1.98,43.2,76.6
5536,-1170.93,17.2266,1.99,46.0,76.6
5537,-1175.82,24.4934,1.95,49.4,76.6
5538,-1144.83,14.4546,1.94,50.9,76.6
5539,-1165.65,11.1301,1.97,51.6,76.6
5540,-1147.71,19.4117,1.92,51.8,76.6
5541,-1144.27,13.6535,1.96,52.4,76.6
5542,-1165.44,22.8088,1.97,47.2,76.6
5543,-1188.6,67.6872,1.99,41.0,76.6
5544,-1179.32,21.9393,1.97,46.8,76.6
5545,-1175.23,31.5705,1.94,51.7,76.6
5546,-1179.61,20.1525,1.93,51.3,76.6
5547,-1157.35,46.4462,1.94,51.8,76.7
5548,-1158.54,44.1354,1.96,52.4,76.7
5549,-1175.15,16.4517,1.97,50.4,76.6
5550,-1176.42,13.0923,1.95,45.5,76.7
5551,-1168.19,12.7783,1.95,43.8,76.7
5552,-1182.97,36.9105,1.95,50.0,76.7
5553,-1170.64,15.2534,1.96,52.0,76.7
5554,-1186.68,25.2609,1.96,51.4,76.7
5555,-1176.63,9.6483,1.92,52.2,76.7
5556,-1146.62,92.2091,1.94,52.3,76.7
5557,-1172.07,12.1492,1.94,48.9,76.7
5558,-1159.08,36.3943,1.94,44.9,76.7
5559,-1190.09,35.6149,1.99,47.2,76.8
5560,-1159.25,23.3483,1.98,50.5,76.7
5561,-1187.76,35.1921,1.95,51.7,76.7
5562,-1192.96,35.376,1.94,51.5,76.7
5563,-1183.69,54.6647,1.93,51.1,76.8
5564,-1152.48,33.944,1.94,52.4,76.7
5565,-1167.64,13.7937,1.99,48.5,76.8
5566,-1160.08,22.4446,1.93,42.3,76.8
5567,-1168.61,28.22,1.97,46.8,76.8
5568,-1154.96,4.2727,2.02,49.8,76.8
5569,-1156.84,5.0685,1.92,51.7,76.8
5570,-1165.78,73.5515,1.94,51.4,76.8
5571,-1163.18,7.7418,1.94,51.9,76.8
5572,-1181.84,6.5758,1.96,53.1,76.8
5573,-1183.69,16.3185,1.98,48.3,76.8
5574,-1170.76,11.2244,1.96,43.7,76.8
5575,-1132.92,71.1251,1.98,46.6,76.8
5576,-1175.97,19.9953,1.95,50.9,76.9
5577,-1155.51,15.3251,1.94,51.3,76.8
5578,-1155.78,17.8375,1.93,52.3,76.9
5579,-1161.36,15.3151,1.93,52.3,76.9
5580,-1197.52,105.1999,1.94,52.8,76.9
5581,-1162.62,15.1493,1.99,47.9,76.9
5582,-1170.65,9.0332,1.99,40.8,76.9
5583,-1161.47,5.7866,1.99,47.2,76.9
5584,-1196.38,79.1695,1.93,51.1,77.0
5585,-1148.55,35.3677,1.94,52.2,77.0
5586,-1163.05,6.833,1.93,51.8,77.0
5587,-1191.09,93.254,1.94,51.8,77.0
5588,-1151.3,44.7699,1.98,52.5,77.0
5589,-1159.11,12.6619,1.94,45.4,77.0
5590,-1175.99,28.5503,2.0,43.4,77.0
5591,-1184.64,32.4239,1.98,47.6,77.0
5592,-1176.87,16.5243,1.94,52.0,77.0
5593,-1156.39,28.236,1.94,51.5,77.1
5594,-1153.26,37.6226,1.93,52.4,77.1
5595,-1155.92,13.7201,1.92,52.8,77.0
5596,-1164.71,33.9974,1.96,47.6,77.1
5597,-1156.6,8.1884,1.97,42.7,77.1
5598,-1161.07,13.0548,1.98,46.8,77.1
5599,-1177.12,25.802,1.94,51.2,77.1
5600,-1153.84,22.6658,1.92,51.1,77.1
5601,-1153.98,11.857,1.93,51.9,77.1
5602,-1148.08,29.0163,1.92,52.4,77.1
5603,-1162.72,26.2098,1.93,50.3,77.1
5604,-1140.13,13.8095,1.94,45.6,77.1
5605,-1168.56,144.0265,1.99,44.0,77.2
5606,-1147.08,12.6354,1.94,48.9,77.2
5607,-1162.43,35.0548,1.93,52.2,77.2
5608,-1131.03,36.6158,1.94,51.5,77.2
5609,-1159.68,17.7635,1.94,52.2,77.1
5610,-1152.64,8.6476,1.94,52.4,77.2
5611,-1167.69,10.4109,1.99,48.7,77.2
5612,-1198.16,275.1018,1.96,42.9,77.2
5613,-1173.24,5.1341,1.98,46.3,77.2
5614,-1131.96,86.8047,1.95,51.5,77.3
5615,-1178.21,16.3228,1.93,51.5,77.3
5616,-1166.83,16.8507,1.93,51.5,77.3
5617,-1141.75,26.1264,1.94,52.1,77.3
5618,-1182.88,61.261,1.95,52.4,77.3
5619,-1168.08,35.9374,1.97,45.9,77.3
5620,-1177.6,30.7934,1.98,44.0,77.3
5621,-1174.05,12.3463,1.98,48.0,77.3
5622,-1168.48,8.637,1.93,52.0,77.4
5623,-1145.96,40.5137,1.92,51.0,77.4
5624,-1128.52,81.6147,1.94,52.0,77.4
5625,-1152.45,10.941,1.94,52.8,77.4
5626,-1153.93,14.5172,1.98,50.5,77.4
5627,-1176.59,54.3151,1.94,44.9,77.4
5628,-1159.96,16.1795,1.99,43.8,77.4
5629,-1145.76,33.2076,1.96,48.7,77.4
5630,-1145.99,24.6122,1.93,51.5,77.4
5631,-1151.43,37.2187,1.94,52.0,77.5
5632,-1161.83,19.1478,1.92,52.1,77.4
5633,-1178.45,39.6529,1.94,52.3,77.4
5634,-1155.12,15.8748,1.98,50.5,77.5
5635,-1194.47,47.1138,1.94,43.1,77.5
5636,-1151.87,41.6245,1.98,45.8,77.5
5637,-1178.31,18.0198,1.94,50.3,77.5
5638,-1156.82,49.1871,1.92,51.6,77.6
5639,-1158.66,21.2445,1.94,52.1,77.5
5640,-1154.08,28.7184,1.92,52.1,77.5
5641,-1178.44,43.6082,1.96,51.8,77.5
5642,-1162.52,53.0984,1.96,47.5,77.6
5643,-1175.44,56.2303,1.97,43.0,77.6
5644,-1134.22,69.346,1.96,49.3,77.6
5645,-1186.33,19.295,1.94,51.3,77.6
5646,-1161.58,17.8132,1.93,50.9,77.6
5647,-1154.64,24.9649,1.91,51.7,77.6
5648,-1152.23,7.1832,1.96,52.8,77.6
5649,-1167.66,29.2251,1.94,49.5,77.7
5650,-1150.96,10.2331,1.93,42.6,77.7
5651,-1150.36,22.316,1.98,45.4,77.7
5652,-1141.16,29.8157,1.94,49.5,77.7
5653,-1149.89,14.6364,1.92,51.1,77.7
5654,-1150.13,7.2888,1.94,51.5,77.7
5655,-1123.61,38.1546,1.92,52.1,77.8
5656,-1156.98,24.2628,1.94,52.4,77.8
5657,-1153.66,12.6319,1.97,45.9,77.8
5658,-1158.16,25.1376,1.94,42.8,77.8
5659,-1152.66,7.3906,1.98,47.4,77.8
5660,-1175.14,39.583,1.94,52.0,77.9
5661,-1173.06,25.2191,1.92,50.9,77.9
5662,-1159.44,42.451,1.91,52.1,77.9
5663,-1121.94,98.8289,1.95,53.2,77.9
5664,-1159.89,10.5636,1.96,50.7,77.9
5665,-1172.94,28.4166,1.99,43.4,77.9
5666,-1148.97,13.2299,1.94,44.7,78.0
5667,-1173.27,45.0097,1.98,50.8,78.0
5668,-1167.7,32.8972,1.96,51.2,78.0
5669,-1144.65,18.5545,1.94,51.2,78.0
5670,-1153.49,7.4156,1.91,51.9,78.0
5671,-1168.41,18.9111,1.96,52.3,78.0
5672,-1182.14,39.6332,1.99,49.3,78.1
5673,-1160.24,18.8859,1.97,42.1,78.1
5674,-1150.75,8.0995,1.95,46.8,78.1
5675,-1163.99,13.8826,1.95,50.0,78.1
5676,-1166.11,48.2844,1.92,51.3,78.1
5677,-1175.48,27.6922,1.95,52.5,78.1
5678,-1165.92,15.2851,1.91,51.9,78.2
5679,-1177.06,24.1747,2.02,52.0,78.7
5680,-1164.56,15.7871,1.94,47.2,78.5
5681,-1159.11,16.6642,1.97,41.5,78.5
5682,-1160.76,27.5741,1.94,48.0,78.2
5683,-1151.01,25.7214,1.95,51.6,78.2
5684,-1157.14,32.252,1.92,51.6,78.2
5685,-1168.17,25.4695,1.93,51.8,78.1
5686,-1148.26,13.7229,1.92,51.8,78.2
5687,-1145.7,23.6129,1.97,49.6,78.0
5688,-1166.5,15.9241,1.94,43.6,78.0
5689,-1174.34,43.0592,1.96,46.8,78.1
5690,-1180.16,19.7332,1.99,49.7,78.1
5691,-1142.93,107.3233,1.91,51.3,78.2
5692,-1155.39,40.0545,1.92,52.1,78.2
5693,-1161.56,38.0887,1.96,52.0,78.1
5694,-1169.86,7.7154,1.98,50.8,78.2
5695,-1152.45,11.7586,1.98,44.9,78.2
5696,-1151.52,19.4677,1.99,44.6,78.2
5697,-1158.37,9.6506,1.97,50.3,78.3
5698,-1177.43,52.4422,1.94,50.8,78.3
5699,-1152.0,3.9643,1.93,51.5,78.3
5700,-1151.41,17.0494,1.92,52.1,78.3
5701,-1166.3,12.0412,1.94,52.7,78.3
5702,-1149.9,8.2807,1.95,48.2,78.4
5703,-1194.87,192.9209,1.98,42.8,78.3
5704,-1151.77,3.3013,1.98,46.8,78.4
5705,-1144.07,11.3914,1.98,50.1,78.4
5706,-1185.42,138.3708,1.94,51.3,78.4
5707,-1155.39,38.1268,1.93,52.3,78.5
5708,-1164.39,16.6698,1.93,51.5,78.5
5709,-1165.32,16.52,1.94,53.4,78.5
5710,-1168.56,4.9077,2.0,46.3,78.5
5711,-1154.33,47.4811,1.98,40.8,78.5
5712,-1146.4,71.2895,1.99,47.4,78.5
5713,-1173.01,53.741,1.99,50.6,78.5
5714,-1164.95,7.2222,1.93,51.5,78.6
5715,-1151.7,6.075,1.93,51.5,78.6
5716,-1155.38,8.7273,1.91,51.9,78.6
5717,-1148.84,3.9967,1.94,52.2,78.5
5718,-1146.78,37.8463,1.98,46.9,78.6
5719,-1153.42,5.7931,1.99,42.5,78.6
5720,-1171.87,22.0508,1.95,47.6,78.6
5721,-1163.5,12.9985,1.93,51.9,78.7
5722,-1177.91,7.0726,1.91,51.6,78.2
5723,-1145.67,40.206,1.98,46.1,78.2
5724,-1196.64,25.3997,1.95,42.1,78.2
5725,-1156.3,13.6767,1.93,47.7,78.2
5726,-1145.77,59.9251,1.93,50.7,78.3
5727,-1161.44,20.2074,1.91,51.4,78.3
5728,-1159.16,20.6281,1.89,52.1,78.3
5729,-1135.88,101.1895,1.9,52.2,78.2
5730,-1164.39,9.3172,1.94,52.5,78.2
5731,-1157.73,11.156,1.99,46.2,78.2
5732,-1159.7,21.9223,1.98,42.5,78.3
5733,-1185.54,124.3309,1.96,48.5,78.3
5734,-1157.56,9.4922,1.91,50.9,78.3
5735,-1185.72,35.4459,1.96,50.4,78.3
5736,-1154.23,36.8068,1.92,52.2,78.3
5737,-1158.12,51.3334,1.97,52.4,78.3
5738,-1167.08,9.6813,1.97,46.2,78.3
5739,-1180.35,13.5818,1.98,44.2,78.4
5740,-1160.23,11.305,1.92,50.1,78.3
5741,-1144.15,45.8579,1.97,52.4,78.4
5742,-1183.69,35.1544,1.94,51.1,78.4
5743,-1166.94,18.5471,1.92,51.5,78.4
5744,-1136.27,42.6832,1.93,52.3,78.4
5745,-1139.92,18.6585,1.94,48.0,78.4
5746,-1194.15,193.3211,1.99,43.8,78.4
5747,-1181.87,112.7123,2.01,47.0,78.4
5748,-1153.6,6.6494,1.94,51.5,78.4
5749,-1174.29,37.4103,1.94,51.3,78.5
5750,-1179.05,14.6426,1.94,51.8,78.5
5751,-1145.93,35.9853,1.94,51.5,78.5
5752,-1149.6,24.5066,1.93,51.8,78.4
5753,-1179.78,18.9851,1.95,45.5,78.4
5754,-1182.76,87.5433,2.01,42.6,78.5
5755,-1170.19,15.8537,1.99,48.0,78.5
5756,-1142.72,18.1959,1.97,51.3,78.6
5757,-1145.88,29.1372,1.92,51.0,78.6
5758,-1175.62,43.6602,1.94,51.8,78.5
5759,-1175.34,36.202,1.94,51.9,78.5
5760,-1173.14,13.7348,1.97,52.4,78.6
5761,-1140.68,93.8675,1.95,47.5,78.6
5762,-1170.47,7.3316,1.98,42.9,78.6
5763,-1182.21,12.4497,1.97,48.7,78.6
5764,-1146.49,996.0286,1.96,51.2,78.6
5765,-1152.75,82.2164,1.91,51.1,78.6
5766,-1195.86,30.1155,1.93,51.6,78.6
5767,-1139.08,122.5863,1.94,52.3,78.6
5768,-1155.5,24.0524,1.94,49.0,78.6
5769,-1155.57,15.2484,1.97,41.9,78.7
5770,-1162.7,45.1407,1.98,46.3,78.6
5771,-1164.9,11.83,1.95,50.2,78.7
5772,-1147.6,28.5697,1.95,51.7,78.7
5773,-1166.12,13.399,1.92,51.1,78.7
5774,-1172.42,33.7071,1.93,51.9,78.7
5775,-1151.8,26.0362,1.94,52.2,78.7
5776,-1157.25,33.4644,1.99,46.9,78.7
5777,-1170.62,14.2356,1.99,43.6,78.7
5778,-1166.15,5.9081,2.0,46.7,78.7
5779,-1164.93,82.3443,1.96,50.8,78.8
5780,-1191.82,102.1536,1.96,51.1,78.8
5781,-1207.1,57.9363,1.97,52.3,78.9
5782,-1195.67,61.6027,1.94,52.0,78.8
5783,-1163.24,185.5588,1.94,51.4,78.8
5784,-1196.55,57.7244,2.04,46.7,78.9
5785,-1147.11,70.593,1.99,42.4,78.9
5786,-1174.25,49.8277,1.96,48.8,78.9
5787,-1124.64,108.741,1.95,50.5,78.9
5788,-1158.14,47.577,1.93,51.4,78.9
5789,-1151.16,20.7355,1.9,51.3,78.9
5790,-1161.54,21.9527,1.92,52.1,78.9
5791,-1151.48,12.838,1.94,49.8,78.9
5792,-1155.41,7.5565,1.95,43.6,79.0
5793,-1127.03,44.4938,1.97,47.3,79.0
5794,-1147.53,26.5365,1.95,51.0,78.9
5795,-1137.85,10.0083,1.92,51.5,78.9
5796,-1156.07,10.6181,1.93,51.7,78.9
5797,-1152.2,699.5038,1.94,51.7,79.0
5798,-1154.76,10.276,1.94,52.3,79.0
5799,-1151.83,12.2926,1.95,46.2,79.0
5800,-1138.03,32.9886,1.98,41.1,79.0
5801,-1149.88,5.4357,1.95,47.0,79.0
5802,-1160.66,8.324,1.93,51.1,79.0
5803,-1165.78,8.8711,1.95,52.2,79.0
5804,-1156.01,5.2613,1.92,51.9,79.0
5805,-1156.34,37.3998,1.95,52.1,79.1
5806,-1157.21,4.3655,1.95,52.6,79.0
5807,-1156.49,28.7537,1.94,45.8,79.1
5808,-1163.63,42.3382,2.0,42.1,79.1
5809,-1172.03,12.1528,1.99,46.2,79.1
5810,-1123.93,166.0376,1.96,51.1,79.2
5811,-1188.71,15.8375,1.94,50.9,79.2
5812,-1185.64,6.7067,1.93,51.8,79.1
5813,-1138.72,108.3769,1.92,51.7,79.1
5814,-1146.68,54.5601,1.94,52.8,79.1
5815,-1169.52,39.007,1.95,47.0,79.1
5816,-1149.2,43.6732,2.0,42.1,79.2
5817,-1178.16,44.286,1.94,46.8,79.1
5818,-1141.53,16.4011,1.88,44.7,78.5
5819,-1157.6,21.4787,1.95,47.2,78.5
5820,-1162.17,16.5972,1.96,42.1,78.6
5821,-1157.02,8.9959,1.98,47.6,78.6
5822,-1167.07,4.2509,1.91,51.5,78.6
5823,-1156.53,30.5242,1.93,51.2,78.6
5824,-1144.93,21.9762,1.9,51.4,78.6
5825,-1165.57,9.1403,1.92,52.4,78.6
5826,-1165.11,4.2421,1.96,50.6,78.6
5827,-1140.33,40.7618,1.92,44.5,78.6
5828,-1149.8,48.4935,1.95,45.4,78.6
5829,-1154.14,13.3592,1.9,49.0,78.6
5830,-1185.86,50.2882,1.92,52.0,78.6
5831,-1151.62,4.7537,1.93,51.4,78.7
5832,-1158.04,6.9905,1.93,52.0,78.7
5833,-1166.13,14.4795,1.95,51.9,78.7
5834,-1154.81,7.2036,1.98,47.8,78.7
5835,-1134.56,25.7008,1.94,42.5,78.6
5836,-1177.24,41.192,1.97,46.3,78.7
5837,-1146.31,2.5765,1.98,50.6,78.7
5838,-1190.07,58.112,1.95,51.7,78.7
5839,-1162.86,5.8289,1.95,51.7,78.8
5840,-1158.4,4.7042,1.91,52.5,78.7
5841,-1164.71,6.3211,1.94,52.3,78.7
5842,-1182.12,21.1197,1.95,46.9,78.7
5843,-1174.84,36.67,1.98,41.7,78.8
5844,-1158.21,47.6678,2.0,46.8,78.8
5845,-1152.68,53.8336,1.98,50.7,78.8
5846,-1174.34,16.536,1.97,51.3,78.7
5847,-1146.07,40.4032,1.95,51.4,78.8
5848,-1161.35,21.2534,1.94,52.1,78.8
5849,-1172.83,37.2192,1.94,52.3,78.8
5850,-1163.0,20.9996,1.96,48.9,78.9
5851,-1160.97,9.2935,1.97,44.6,78.9
5852,-1158.59,17.3636,1.99,44.8,78.8
5853,-1163.28,42.5716,1.94,50.0,78.8
5854,-1169.78,16.6516,1.96,51.8,78.9
5855,-1186.53,27.5872,1.94,51.1,78.9
5856,-1159.87,26.1417,1.92,52.2,78.9
5857,-1160.97,5.075,1.97,52.2,78.9
5858,-1145.21,22.4052,1.96,49.0,78.9
5859,-1168.4,43.9461,1.96,42.5,78.9
5860,-1158.15,7.2506,1.97,45.8,78.9
5861,-1160.12,24.2767,1.95,50.6,78.9
5862,-1154.01,8.5799,1.95,51.4,79.0
5863,-1141.24,49.4174,1.94,50.8,78.9
5864,-1188.02,18.077,1.94,51.8,78.9
5865,-1159.88,8.8787,1.95,52.5,78.9
5866,-1159.82,4.9301,2.0,49.0,79.0
5867,-1163.49,49.4348,1.97,43.3,79.0
5868,-1163.89,7.9878,2.01,46.4,79.0
5869,-1149.73,29.0727,1.97,49.3,79.0
5870,-1145.9,16.0859,1.95,52.1,79.0
5871,-1159.95,5.7012,1.96,50.4,79.0
5872,-1151.04,10.1653,1.92,51.6,79.0
5873,-1157.09,4.7273,1.96,52.6,79.1
5874,-1154.07,11.4822,1.96,48.5,79.0
5875,-1142.73,23.2931,1.99,42.2,79.1
5876,-1142.32,15.861,1.94,45.6,79.0
5877,-1171.83,144.5207,1.96,50.2,79.0
5878,-1157.08,15.4529,1.96,51.6,79.0
5879,-1169.89,19.8382,1.97,51.0,79.0
5880,-1169.42,7.0186,1.95,52.3,79.1
5881,-1149.78,38.6131,1.95,51.8,79.0
5882,-1154.7,23.9295,1.99,48.3,79.0
5883,-1159.3,4.6154,1.94,42.8,79.0
5884,-1145.87,13.8271,1.96,45.8,79.1
5885,-1162.58,11.4094,2.0,51.5,79.1
5886,-1150.06,18.744,1.95,51.5,79.1
5887,-1177.56,13.709,1.98,51.1,79.1
5888,-1168.09,15.0064,1.93,52.2,79.1
5889,-1177.27,7.6119,1.96,52.3,79.1
5890,-1173.59,27.2156,1.95,48.2,79.1
5891,-1135.98,76.2101,1.99,42.1,79.1
5892,-1158.62,14.897,1.98,46.1,79.2
5893,-1158.69,23.3596,1.98,50.5,79.5
5894,-1164.46,15.373,1.98,51.9,79.5
5895,-1153.58,8.2612,1.96,51.7,79.5
5896,-1159.73,20.8276,1.94,52.2,79.5
5897,-1163.96,25.1483,1.96,52.6,79.5
5898,-1125.33,40.99,2.0,48.3,79.5
5899,-1171.13,43.1616,1.95,44.0,79.6
5900,-1179.56,77.6915,1.97,45.8,79.6
5901,-1165.87,60.2764,2.0,50.8,79.7
5902,-1178.16,19.2266,1.97,51.5,79.7
5903,-1183.53,521.7076,1.95,51.2,79.7
5904,-1155.21,46.3862,1.94,52.8,79.7
5905,-1152.43,69.7571,1.96,52.5,79.6
5906,-1178.78,17.988,1.98,48.9,79.6
5907,-1179.35,9.8681,1.96,43.3,79.6
5908,-1194.2,35.3071,1.96,45.4,79.6
5909,-1206.09,44.5054,1.94,49.3,79.6
5910,-1179.0,38.2375,1.95,51.1,79.7
5911,-1160.05,76.974,1.96,50.6,79.6
5912,-1183.74,15.8556,1.93,51.4,79.6
5913,-1168.03,43.0108,1.95,53.1,79.6
5914,-1159.37,26.4559,1.97,50.4,79.6
5915,-1181.24,66.8216,1.98,45.3,79.7
5916,-1162.47,14.5671,1.99,44.0,79.7
5917,-1167.56,11.3785,2.02,47.8,79.7
5918,-1182.46,38.5074,1.95,50.7,79.7
5919,-1157.1,42.1763,1.96,52.1,79.7
5920,-1191.94,25.1497,1.98,52.2,79.7
5921,-1191.96,8.3015,1.97,51.7,79.7
5922,-1197.1,19.9144,1.97,52.2,79.7
5923,-1156.7,103.6044,2.01,48.5,79.7
5924,-1196.73,22.5673,1.96,43.3,79.7
5925,-1201.11,34.4689,1.96,46.1,79.7
5926,-1170.32,33.2128,1.95,49.8,79.7
5927,-1164.96,27.5554,1.95,50.9,79.8
5928,-1166.39,14.1953,1.94,51.1,79.7
5929,-1165.83,22.3915,1.92,51.7,79.7
5930,-1190.8,68.2658,1.96,52.5,79.8
5931,-1184.58,28.727,1.99,47.4,79.8
5932,-1179.32,8.6461,1.99,42.2,79.8
5933,-1182.18,23.444,1.98,46.9,79.9
5934,-1185.55,35.9508,1.94,50.1,79.8
5935,-1188.73,41.4367,1.97,51.4,79.9
5936,-1174.48,11.6066,1.96,51.3,79.9
5937,-1183.42,9.2115,1.95,52.2,79.9
5938,-1177.31,21.284,1.93,52.2,79.9
5939,-1153.48,32.3814,1.98,48.6,80.0
5940,-1201.21,62.7934,1.97,44.4,79.9
5941,-1191.79,55.7354,2.01,44.5,80.0
5942,-1178.63,12.2856,1.97,47.9,80.0
5943,-1161.35,30.346,1.94,50.9,80.0
5944,-1211.72,46.8648,2.0,50.7,80.0
5945,-1166.74,30.476,1.92,51.6,80.0
5946,-1193.87,7.8322,1.95,52.1,80.0
5947,-1169.3,12.0411,1.97,50.9,80.1
5948,-1186.88,13.3294,1.99,44.6,80.0
5949,-1194.19,16.4339,2.0,43.8,80.0
5950,-1143.17,140.2061,1.93,50.1,80.1
5951,-1174.81,47.7927,1.95,51.8,80.1
5952,-1182.03,584.4512,1.93,50.7,80.1
5953,-1177.88,44.919,1.92,52.0,80.1
5954,-1187.72,24.9515,1.94,52.3,80.1
5955,-1174.93,33.6799,1.99,48.1,80.1
5956,-1171.06,7.6962,2.09,42.6,80.4
5957,-1198.97,39.0036,1.99,45.9,80.4
5958,-1157.27,20.7134,1.94,50.0,80.4
5959,-1203.53,72.7606,1.96,51.5,80.3
5960,-1179.58,12.6227,1.97,51.2,80.2
5961,-1207.03,41.3834,1.94,52.5,80.2
5962,-1175.97,9.0937,1.95,53.1,80.2
5963,-1167.48,27.3528,1.97,49.9,80.1
5964,-1195.12,14.0597,2.0,44.4,79.8
5965,-1196.71,156.2531,1.97,44.0,79.9
5966,-1172.31,14.3621,1.93,49.7,79.9
5967,-1190.62,9.5285,1.98,51.7,79.9
5968,-1123.09,194.7643,1.96,50.8,79.9
5969,-1165.6,15.5168,1.94,51.8,80.0
5970,-1193.09,20.7934,1.94,52.3,80.0
5971,-1178.87,29.0208,1.96,49.5,80.0
5972,-1170.82,48.2825,1.98,45.2,80.2
5973,-1190.6,14.993,2.03,44.0,80.1
5974,-1190.3,32.7278,1.93,50.1,80.2
5975,-1166.28,27.9037,1.94,51.2,80.2
5976,-1162.32,19.8132,1.95,50.7,80.2
5977,-1181.71,18.6268,1.95,51.7,80.2
5978,-1155.07,44.2319,1.95,52.5,80.2
5979,-1173.4,21.3518,1.95,49.7,80.3
5980,-1157.12,10.3999,1.96,44.3,80.3
5981,-1185.42,35.8559,1.98,44.3,80.3
5982,-1147.81,45.1267,1.94,48.5,80.3
5983,-1173.2,6.2659,1.95,52.0,80.4
5984,-1172.04,17.3633,1.95,50.8,80.4
5985,-1165.98,12.8461,1.93,51.6,80.4
5986,-1164.91,10.7921,1.96,52.4,80.4
5987,-1167.32,28.524,1.98,49.5,80.4
5988,-1165.78,5.2933,1.96,45.0,80.4
5989,-1130.03,31.8017,1.98,43.1,80.4
5990,-1164.14,17.2463,1.93,49.9,80.5
5991,-1166.89,31.7887,1.96,50.9,80.5
5992,-1169.28,12.131,1.93,51.0,80.5
5993,-1142.29,32.4485,1.92,52.5,80.5
5994,-1169.06,9.0756,1.94,52.4,80.5
5995,-1157.0,31.403,1.95,48.5,80.5
5996,-1169.76,8.5755,1.97,41.2,80.5
5997,-1177.06,28.9382,1.98,47.1,80.5
5998,-1146.83,12.2971,1.94,51.1,80.6
5999,-1160.57,15.701,1.92,51.8,80.6
6000,-1169.46,10.7855,1.95,51.8,80.6
6001,-1202.49,115.2346,1.92,52.2,80.6
6002,-1164.38,69.6779,1.96,51.8,80.6
6003,-1188.21,15.9617,1.95,46.6,80.6
6004,-1136.42,140.1381,1.95,43.6,80.7
6005,-1176.24,22.5181,1.96,46.3,80.7
6006,-1159.61,65.7792,1.98,51.0,80.7
6007,-1180.04,18.5566,1.93,51.3,80.7
6008,-1161.18,20.4511,1.93,50.2,80.7
6009,-1186.48,22.115,1.94,52.1,80.8
6010,-1139.39,80.1802,1.94,52.8,80.8
6011,-1176.42,9.1755,2.0,48.4,80.8
6012,-1173.07,16.2943,1.93,43.0,80.8
6013,-1171.57,7.3654,2.0,45.9,80.9
6014,-1174.18,6.5112,1.93,49.1,80.4
6015,-1161.09,11.8563,1.98,52.0,80.4
6016,-1140.63,20.3578,1.95,46.3,80.4
6017,-1169.82,30.2119,2.01,42.4,80.4
6018,-1169.23,22.9303,1.98,47.1,80.4
6019,-1149.37,7.5309,1.95,51.9,80.4
6020,-1180.28,23.5148,1.94,51.0,80.4
6021,-1168.58,60.7879,1.93,52.2,80.5
6022,-1168.68,7.2418,1.92,52.4,80.5
6023,-1159.4,16.2551,1.97,51.9,80.4
6024,-1141.05,60.3514,1.96,46.5,80.4
6025,-1156.92,13.4598,2.01,40.9,80.5
6026,-1154.24,39.8179,1.95,47.3,80.5
6027,-1155.52,50.6806,1.97,51.5,80.5
6028,-1159.37,18.6026,1.93,51.8,80.5
6029,-1174.65,45.2168,1.96,51.4,80.5
6030,-1136.35,74.3389,1.94,51.9,80.5
6031,-1166.48,18.8168,1.95,52.7,80.5
6032,-1156.94,25.5481,1.96,48.2,80.5
6033,-1139.96,27.373,1.95,42.7,80.5
6034,-1127.29,16.9441,1.99,46.4,80.6
6035,-1163.94,69.8671,1.97,50.4,80.6
6036,-1174.78,100.9261,1.94,51.8,80.6
6037,-1155.42,48.4179,1.95,50.8,80.6
6038,-1127.33,13.3654,1.96,52.2,80.6
6039,-1159.43,36.5798,1.94,53.2,80.6
6040,-1153.75,58.2739,2.06,48.1,80.7
6041,-1157.19,11.7066,1.98,43.9,80.7
6042,-1139.55,26.8616,2.01,46.4,80.7
6043,-1157.91,10.459,1.98,50.2,80.7
6044,-1169.24,35.0801,1.97,51.2,80.7
6045,-1158.72,46.9085,1.96,50.9,80.7
6046,-1149.16,39.1702,1.91,52.5,80.7
6047,-1144.67,30.0846,1.93,52.0,80.7
6048,-1145.93,26.7792,1.96,49.5,80.7
6049,-1167.95,20.3693,1.97,44.8,80.7
6050,-1161.58,19.5422,2.02,45.6,80.7
6051,-1162.59,15.0525,1.94,50.4,80.8
6052,-1165.04,19.5837,1.95,51.1,80.7
6053,-1168.56,21.5166,1.95,51.6,80.8
6054,-1180.65,23.7313,1.93,52.6,80.8
6055,-1148.94,56.657,1.93,52.2,80.8
6056,-1171.19,8.3429,1.99,48.3,80.8
6057,-1136.46,38.5036,1.98,42.8,80.8
6058,-1142.74,27.9073,2.0,46.6,80.8
6059,-1173.09,33.0018,1.95,49.6,80.8
6060,-1188.82,131.5842,1.96,51.2,80.8
6061,-1152.99,17.4794,1.95,50.3,80.8
6062,-1151.48,13.0244,1.9,52.5,80.8
6063,-1166.92,10.0034,1.94,52.3,80.8
6064,-1164.86,7.538,1.99,49.3,80.8
6065,-1165.56,7.2016,1.99,43.9,80.9
6066,-1149.18,17.1176,2.0,44.1,80.9
6067,-1128.19,89.5225,1.98,49.2,80.9
6068,-1149.51,58.7889,1.93,51.4,80.9
6069,-1179.34,65.9442,1.97,51.5,80.9
6070,-1159.07,33.1697,1.92,52.2,80.9
6071,-1173.49,55.7748,1.95,52.2,80.9
6072,-1153.32,20.3814,1.96,49.8,80.9
6073,-1145.31,81.9387,1.98,44.3,80.9
6074,-1156.72,5.2687,1.97,44.6,80.9
6075,-1154.34,9.8174,1.96,49.6,81.0
6076,-1137.03,19.1709,1.94,51.6,81.0
6077,-1161.48,46.8514,1.94,51.8,81.0
6078,-1150.5,18.2591,1.93,51.2,81.0
6079,-1180.66,61.7963,1.93,52.3,81.0
6080,-1172.53,23.7222,1.95,50.1,81.0
6081,-1148.84,45.9128,1.95,45.2,81.1
6082,-1155.83,34.604,2.0,42.9,81.1
6083,-1174.8,10.0727,1.99,48.5,81.1
6084,-1157.93,15.2031,1.95,51.5,81.1
6085,-1145.29,29.8541,1.94,51.1,81.1
6086,-1158.14,21.9155,1.96,51.9,81.1
6087,-1153.91,19.2382,1.94,51.1,81.1
6088,-1146.93,23.1091,1.95,52.1,81.1
6089,-1152.0,59.7485,1.96,47.3,81.1
6090,-1139.26,36.2273,2.01,40.6,81.2
6091,-1179.56,76.5966,1.98,47.8,81.2
6092,-1159.16,18.4799,1.94,50.7,81.2
6093,-1145.4,39.0,1.93,51.5,81.2
6094,-1176.62,39.1378,1.92,51.3,81.2
6095,-1184.33,26.0811,1.95,52.3,81.2
6096,-1143.6,35.4763,1.95,52.1,81.2
6097,-1152.54,28.1839,1.99,45.5,81.2
6098,-1146.31,32.2738,1.99,44.4,81.2
6099,-1158.23,14.5633,1.97,48.7,81.3
6100,-1142.66,23.5319,1.97,51.4,81.2
6101,-1174.03,66.7773,1.93,51.2,81.3
6102,-1161.79,28.1544,1.93,51.7,81.3
6103,-1171.46,24.5357,1.94,51.6,81.3
6104,-1166.99,25.5492,1.96,52.5,81.3
6105,-1154.61,36.0015,1.96,45.9,81.3
6106,-1151.23,37.7482,1.94,42.7,81.3
6107,-1176.7,17.6811,2.0,46.7,81.3
6108,-1170.48,14.0122,1.96,51.2,81.3
6109,-1123.48,80.2638,1.95,51.5,81.3
6110,-1167.62,64.1902,1.94,51.1,81.4
6111,-1188.93,78.2378,1.93,52.0,81.3
6112,-1171.28,15.8832,1.94,52.9,81.3
6113,-1142.53,52.6792,1.95,47.4,81.3
6114,-1176.49,8.1965,2.01,41.7,81.4
6115,-1149.65,23.0431,1.96,47.2,81.4
6116,-1146.52,25.3574,1.94,51.6,81.4
6117,-1135.06,24.2093,1.94,51.9,81.4
6118,-1153.51,22.3427,1.94,51.2,81.4
6119,-1165.41,33.7439,1.93,52.6,81.4
6120,-1157.52,29.5963,1.96,52.9,81.4
6121,-1185.98,49.2766,1.99,47.4,81.4
6122,-1152.67,44.7622,1.99,42.7,81.5
6123,-1152.42,33.506,2.0,45.6,81.4
6124,-1135.55,43.4482,1.97,50.4,81.5
6125,-1161.06,8.0005,1.94,51.9,81.5
6126,-1159.23,9.2269,1.95,50.8,81.5
6127,-1174.46,21.9947,1.94,52.0,81.5
6128,-1131.6,49.2517,1.94,52.3,81.5
6129,-1143.27,21.1493,1.95,48.0,81.5
6130,-1173.54,39.1767,1.96,44.1,81.5
6131,-1162.55,5.378,1.98,45.8,81.5
6132,-1162.7,16.5518,1.97,50.4,81.5
6133,-1184.3,24.4232,1.95,51.1,81.5
6134,-1179.95,20.0697,1.97,50.7,81.6
6135,-1158.72,76.3865,1.94,51.7,81.5
6136,-1177.89,14.179,1.92,48.6,81.0
6137,-1163.75,23.4674,1.89,51.5,81.0
6138,-1126.21,180.5864,1.93,51.5,81.0
6139,-1150.11,30.4035,1.9,51.9,81.0
6140,-1164.39,23.1836,1.93,52.6,81.1
6141,-1176.96,27.0198,1.96,49.5,81.0
6142,-1155.58,18.3772,1.93,44.0,81.0
6143,-1153.84,28.8652,1.96,44.8,81.0
6144,-1134.34,22.5735,1.97,49.5,81.1
6145,-1160.42,16.2196,1.93,51.6,81.1
6146,-1146.76,12.5379,1.91,51.1,81.1
6147,-1154.02,13.6198,1.89,51.7,81.1
6148,-1149.67,25.5582,1.94,52.7,81.1
6149,-1164.99,21.1316,2.02,47.4,81.1
6150,-1167.07,23.4955,1.98,41.9,81.1
6151,-1152.03,17.3435,2.02,47.4,81.1
6152,-1154.32,12.0755,1.97,50.8,81.1
6153,-1154.86,19.9392,1.94,51.7,81.2
6154,-1157.22,14.0786,1.94,51.6,81.2
6155,-1152.26,16.2232,1.93,52.4,81.2
6156,-1173.54,62.4243,1.96,53.5,81.2
6157,-1159.9,15.9675,1.96,48.0,81.2
6158,-1139.11,46.5352,1.93,42.4,81.2
6159,-1171.44,36.004,1.97,45.8,81.2
6160,-1167.01,5.0086,1.96,50.1,81.2
6161,-1168.3,9.5587,1.96,51.0,81.2
6162,-1156.11,9.973,1.96,51.6,81.3
6163,-1139.04,62.5812,1.95,51.8,81.3
6164,-1171.67,12.0983,1.97,52.9,81.2
6165,-1152.13,19.1198,2.0,49.2,81.3
6166,-1166.22,26.7198,1.95,44.3,81.3
6167,-1172.31,27.8519,1.98,43.6,81.3
6168,-1198.76,561.2937,1.98,49.6,81.3
6169,-1134.54,74.1849,1.97,51.8,81.3
6170,-1162.07,10.342,1.95,51.3,81.3
6171,-1168.09,34.2136,1.93,51.9,81.3
6172,-1174.21,13.0238,1.97,52.1,81.3
6173,-1168.19,13.3499,1.97,52.1,81.3
6174,-1175.08,22.1742,2.0,45.2,81.3
6175,-1158.79,14.0492,1.96,43.8,81.4
6176,-1178.3,22.0881,1.98,48.2,81.3
6177,-1167.62,7.8058,1.97,51.4,81.4
6178,-1158.89,18.6365,1.96,51.6,81.4
6179,-1168.9,30.2801,1.93,51.5,81.4
6180,-1123.83,106.5829,2.0,53.1,81.4
6181,-1153.3,6.0215,1.96,51.3,81.4
6182,-1161.72,7.1497,1.97,46.2,81.4
6183,-1168.85,27.1804,1.99,42.5,81.4
6184,-1173.35,10.322,1.97,47.3,81.5
6185,-1162.7,7.789,1.95,51.7,81.5
6186,-1170.16,4.692,1.97,51.4,81.4
6187,-1157.62,13.0695,1.94,51.8,81.4
6188,-1140.98,12.9656,1.94,52.2,81.5
6189,-1143.6,11.2418,1.97,52.1,81.5
6190,-1166.07,36.5596,1.99,46.0,81.5
6191,-1175.16,50.7549,2.01,42.5,81.5
6192,-1151.18,5.9515,1.96,48.2,81.5
6193,-1172.84,6.6153,1.98,51.1,81.4
6194,-1170.1,8.5347,1.94,51.4,81.5
6195,-1165.79,9.7067,1.96,53.0,81.8
6196,-1153.61,24.5418,1.95,53.3,81.8
6197,-1154.3,28.7165,1.98,52.4,81.8
6198,-1146.04,18.6122,1.96,43.2,81.8
6199,-1155.64,12.4362,1.99,44.8,81.8
6200,-1152.32,11.958,1.97,50.0,81.8
6201,-1164.16,8.697,1.96,51.0,81.8
6202,-1171.82,30.7822,1.96,51.3,81.8
6203,-1174.17,23.0966,1.94,51.9,81.8
6204,-1175.21,8.2654,1.99,52.2,81.8
6205,-1168.67,20.4542,2.02,50.8,81.8
6206,-1170.07,17.158,1.99,45.5,81.8
6207,-1159.13,12.4179,2.01,43.7,81.8
6208,-1170.62,7.0459,1.98,48.2,81.8
6209,-1177.86,12.1041,1.95,51.5,81.8
6210,-1164.57,11.0872,1.96,51.3,81.9
6211,-1149.65,17.8814,1.94,52.0,81.9
6212,-1159.78,23.7395,1.96,52.6,81.8
6213,-1156.21,5.6903,1.98,51.3,81.9
6214,-1150.82,8.8536,1.98,46.2,81.9
6215,-1177.74,30.2201,1.99,43.2,81.7
6216,-1172.69,13.0662,1.99,48.6,81.7
6217,-1154.25,49.426,1.95,51.4,81.7
6218,-1154.41,31.9398,1.96,51.3,81.8
6219,-1181.7,40.3957,1.96,51.8,81.8
6220,-1164.35,5.9933,1.93,51.6,81.8
6221,-1164.22,7.2189,1.98,52.5,81.8
6222,-1143.52,46.1343,2.01,46.6,81.8
6223,-1197.99,74.2315,2.0,42.2,81.8
6224,-1153.73,22.8103,1.98,47.0,81.8
6225,-1158.47,9.9543,2.01,51.1,81.9
6226,-1151.56,18.4962,1.95,51.9,81.9
6227,-1167.27,7.8549,1.97,51.8,81.9
6228,-1150.4,15.3728,1.94,51.5,81.9
6229,-1167.42,14.8589,1.96,52.3,81.8
6230,-1155.38,8.4379,1.97,48.8,81.8
6231,-1149.63,10.9585,1.97,42.6,81.9
6232,-1163.48,18.4176,2.09,45.9,82.8
6233,-1185.82,49.2636,1.97,50.3,82.8
6234,-1184.99,25.6287,1.95,51.8,82.6
6235,-1152.85,19.4457,1.96,51.2,82.4
6236,-1152.96,45.2576,1.94,52.6,82.4
6237,-1143.35,40.58,1.97,52.9,82.4
6238,-1166.8,6.8311,2.0,50.8,82.2
6239,-1178.09,21.8574,1.99,45.9,81.9
6240,-1179.82,42.0415,1.99,43.4,81.7
6241,-1161.76,13.322,1.97,48.8,81.7
6242,-1164.14,35.5023,1.96,51.4,81.8
6243,-1169.38,26.0857,1.94,51.2,81.9
6244,-1165.08,7.0412,1.94,51.8,81.9
6245,-1137.22,70.6981,1.92,52.4,81.9
6246,-1156.1,18.2454,1.96,50.1,81.9
6247,-1164.18,57.5233,1.94,45.0,81.9
6248,-1145.98,30.0793,1.97,45.3,81.9
6249,-1173.17,28.1444,1.95,49.9,81.9
6250,-1118.72,121.5842,1.95,51.2,82.0
6251,-1158.72,15.6082,1.95,51.1,82.0
6252,-1157.05,22.4257,1.94,52.4,81.9
6253,-1172.12,19.6799,1.94,53.2,82.0
6254,-1169.71,33.5905,2.0,49.3,82.0
6255,-1145.78,50.599,1.99,44.6,82.1
6256,-1147.92,57.5195,1.99,44.4,82.1
6257,-1166.88,18.6727,1.96,50.7,82.2
6258,-1149.9,15.9305,1.96,51.8,82.2
6259,-1189.62,78.974,1.94,51.7,82.2
6260,-1197.89,49.9307,1.94,52.2,82.2
6261,-1172.76,14.8265,1.93,52.7,82.2
6262,-1157.52,96.5831,1.99,50.1,82.3
6263,-1163.74,60.3292,1.97,43.2,82.3
6264,-1172.77,33.8174,1.94,46.4,82.3
6265,-1178.51,13.2471,1.93,49.9,82.3
6266,-1163.81,8.4285,1.94,51.7,82.3
6267,-1159.73,6.4374,1.93,51.6,82.4
6268,-1151.67,6.8758,1.93,52.4,82.4
6269,-1143.49,30.0494,1.93,52.7,82.4
6270,-1148.71,19.4425,1.94,45.8,82.4
6271,-1142.8,12.0044,2.0,42.4,82.4
6272,-1164.04,35.6683,1.97,47.0,82.4
6273,-1170.84,28.3419,1.94,51.0,82.5
6274,-1142.98,34.8908,1.93,51.3,82.5
6275,-1157.14,27.785,1.94,51.3,82.4
6276,-1183.02,18.6038,1.94,52.7,82.4
6277,-1161.54,11.9974,1.96,50.6,82.5
6278,-1179.1,15.2655,1.94,44.5,82.5
6279,-1173.84,22.4859,1.97,44.7,82.5
6280,-1150.06,32.5105,1.99,48.3,82.5
6281,-1145.87,22.1045,1.96,51.7,82.5
6282,-1141.39,8.491,1.94,50.8,82.5
6283,-1169.71,65.125,1.95,51.9,82.5
6284,-1149.8,18.0839,1.94,52.0,82.5
6285,-1186.19,83.6944,1.98,50.6,82.6
6286,-1167.54,14.7791,1.99,45.7,82.6
6287,-1174.45,9.4073,2.02,42.9,82.6
6288,-1169.03,14.3369,1.98,48.4,82.6
6289,-1158.4,18.8899,1.96,51.5,82.6
6290,-1154.79,18.8813,1.94,51.6,82.6
6291,-1154.39,5.5267,1.94,51.9,82.7
6292,-1155.44,8.7057,1.94,52.0,82.7
6293,-1127.8,41.268,1.95,50.8,82.7
6294,-1172.91,55.0059,1.94,44.0,82.7
6295,-1160.59,28.735,1.98,45.1,82.7
6296,-1151.23,2.6994,1.96,49.4,82.7
6297,-1170.4,16.4556,1.95,51.7,82.8
6298,-1162.91,47.9296,1.96,51.2,82.8
6299,-1161.59,43.088,1.92,51.6,82.8
6300,-1147.82,32.8295,1.95,52.5,82.7
6301,-1150.54,19.8854,1.97,48.4,82.7
6302,-1127.45,30.66,1.97,42.4,82.8
6303,-1145.97,14.6318,1.98,47.5,82.8
6304,-1170.49,172.8631,1.95,50.9,82.8
6305,-1155.85,36.4491,1.91,51.5,82.8
6306,-1146.11,18.6897,1.91,52.0,82.8
6307,-1151.19,32.2551,1.93,52.8,82.8
6308,-1167.06,7.4235,1.99,49.3,82.8
6309,-1181.75,32.0803,1.95,44.2,82.9
6310,-1172.36,54.6378,1.95,45.5,82.9
6311,-1160.26,41.236,1.93,50.7,82.9
6312,-1175.45,39.6224,1.97,51.2,82.9
6313,-1141.57,75.0583,1.96,51.0,82.9
6314,-1164.76,10.993,1.93,52.2,82.9
6315,-1177.4,27.4507,1.95,53.4,83.0
6316,-1151.19,35.8665,1.95,48.6,83.0
6317,-1159.72,12.8223,1.97,42.9,83.0
6318,-1142.42,71.474,1.96,47.1,83.0
6319,-1171.39,31.543,2.0,50.4,83.0
6320,-1172.73,59.9556,1.93,51.5,83.0
6321,-1178.3,45.4623,1.96,51.4,83.1
6322,-1145.83,65.1382,1.91,51.7,83.1
6323,-1169.59,16.5435,1.92,51.9,83.0
6324,-1168.89,26.9319,1.95,47.7,83.0
6325,-1141.13,37.9807,1.98,40.3,83.1
6326,-1172.0,38.8096,1.94,47.1,83.1
6327,-1149.85,51.8393,1.96,51.3,83.1
6328,-1134.11,54.056,1.94,52.0,83.2
6329,-1168.9,23.8411,1.93,51.6,83.1
6330,-1138.06,40.899,1.93,52.4,83.1
6331,-1156.82,13.0351,1.95,52.5,83.1
6332,-1165.72,14.0553,1.93,46.7,83.1
6333,-1139.33,44.5233,1.97,42.5,83.1
6334,-1194.02,88.1452,1.95,46.3,83.1
6335,-1160.53,19.9758,1.93,50.9,83.1
6336,-1149.93,19.4786,1.91,51.2,82.6
6337,-1160.75,9.0166,1.94,44.2,82.6
6338,-1130.1,70.4604,1.99,45.3,82.7
6339,-1156.04,11.064,1.95,50.0,82.7
6340,-1168.51,24.4862,1.93,51.5,82.7
6341,-1109.48,124.3338,1.95,51.2,82.7
6342,-1161.76,30.6519,1.92,52.3,82.7
6343,-1134.07,31.0955,1.98,52.1,82.7
6344,-1136.26,44.8014,1.96,49.8,82.8
6345,-1160.31,25.6588,1.95,44.1,82.7
6346,-1169.98,40.9417,1.97,43.9,82.7
6347,-1155.25,14.6851,1.95,49.3,82.8
6348,-1168.41,18.9513,1.98,51.7,82.8
6349,-1138.79,27.084,1.94,51.2,82.8
6350,-1151.53,30.8317,1.93,51.9,82.9
6351,-1148.35,38.7549,1.95,52.5,82.9
6352,-1151.5,14.7683,1.98,48.5,82.9
6353,-1140.8,27.5598,1.93,44.6,82.9
6354,-1162.05,31.4607,1.99,44.2,82.9
6355,-1173.01,42.8602,1.97,49.5,82.9
6356,-1155.0,19.5226,1.95,51.4,82.9
6357,-1166.75,32.9509,1.94,51.8,83.0
6358,-1115.08,130.9203,1.92,51.7,83.0
6359,-1166.25,9.8774,1.95,52.4,82.9
6360,-1156.15,15.4556,1.99,47.2,82.9
6361,-1159.25,11.4912,1.97,42.3,83.0
6362,-1120.41,81.6339,1.99,46.5,83.0
6363,-1161.31,58.4344,1.93,51.4,83.0
6364,-1146.69,35.0267,1.93,52.2,83.0
6365,-1135.9,11.8774,1.94,51.8,83.0
6366,-1176.98,53.9346,1.94,52.4,83.0
6367,-1149.75,17.8754,1.96,51.6,83.0
6368,-1127.22,138.0883,1.96,47.2,83.0
6369,-1131.33,16.7434,1.98,42.3,83.1
6370,-1173.07,57.2719,1.94,46.1,83.1
6371,-1172.23,35.1978,1.93,50.9,83.0
6372,-1172.82,728.8241,1.91,51.9,83.1
6373,-1149.84,27.9987,1.91,52.1,83.1
6374,-1139.67,22.1656,1.92,52.1,83.1
6375,-1142.19,100.5696,1.97,50.5,83.1
6376,-1135.89,22.7546,1.93,44.8,83.1
6377,-1148.71,56.4633,1.98,43.7,83.1
6378,-1174.11,196.6937,1.93,49.8,83.1
6379,-1147.65,12.9884,1.94,52.1,83.1
6380,-1135.7,16.6498,1.92,51.1,83.1
6381,-1145.71,12.1909,1.91,52.3,83.1
6382,-1174.67,71.4978,1.92,53.0,83.1
6383,-1154.4,17.1488,1.98,47.4,83.1
6384,-1158.29,26.7333,2.01,41.2,83.1
6385,-1152.83,16.1132,1.97,47.1,83.1
6386,-1156.4,30.6608,1.97,51.1,83.2
6387,-1142.97,29.1323,1.92,51.6,83.2
6388,-1148.91,13.2725,1.92,51.7,83.1
6389,-1163.14,13.346,1.91,52.8,83.2
6390,-1143.61,17.6396,1.94,52.6,83.2
6391,-1152.64,11.6363,1.99,46.4,83.2
6392,-1155.43,11.7067,2.0,41.1,83.3
6393,-1161.84,44.0678,1.93,47.1,83.3
6394,-1142.8,24.4516,1.95,51.4,83.2
6395,-1162.47,29.4936,1.96,51.5,83.2
6396,-1154.79,5.6527,1.92,52.3,83.2
6397,-1144.52,12.6448,1.94,52.4,83.3
6398,-1171.52,64.696,1.96,51.9,83.2
6399,-1159.79,38.7448,1.96,45.2,83.3
6400,-1160.6,28.8774,2.0,42.5,83.3
6401,-1146.98,653.7533,1.95,47.7,83.3
6402,-1163.5,21.8726,1.93,51.7,83.3
6403,-1190.8,30.4012,1.92,51.4,83.3
6404,-1184.69,335.1033,1.92,51.9,83.3
6405,-1143.41,46.5261,1.99,52.1,83.3
6406,-1169.91,7.2396,1.97,49.2,83.3
6407,-1172.93,9.7923,1.99,42.1,83.3
6408,-1156.96,35.7097,1.94,45.4,83.4
6409,-1128.53,46.4133,1.98,51.1,83.4
6410,-1166.81,44.4877,1.94,51.6,83.4
6411,-1149.88,10.082,1.92,51.6,83.4
6412,-1142.53,29.8514,1.91,51.6,83.4
6413,-1168.65,37.5924,1.95,52.7,83.4
6414,-1165.44,27.7549,1.99,46.4,83.4
6415,-1149.7,25.4431,1.99,43.1,83.4
6416,-1158.06,11.3607,1.96,47.4,83.5
6417,-1142.41,21.8864,1.95,51.8,83.5
6418,-1155.5,54.4147,1.94,51.7,83.5
6419,-1158.07,12.1744,1.92,51.5,83.5
6420,-1171.45,13.8806,1.94,52.5,83.5
6421,-1144.73,34.0086,1.94,51.5,83.5
6422,-1157.94,92.0285,1.95,45.2,83.5
6423,-1155.18,34.2408,1.98,43.1,83.5
6424,-1181.0,96.5842,1.9,49.1,83.5
6425,-1161.21,8.7138,1.95,51.4,83.6
6426,-1140.24,61.9794,1.94,50.9,83.5
6427,-1154.57,13.8781,1.94,51.9,83.6
6428,-1154.0,31.4682,1.94,52.7,83.6
6429,-1159.23,26.6712,2.0,48.1,83.6
6430,-1157.2,42.5166,1.96,43.6,83.6
6431,-1149.56,21.3517,1.96,46.6,83.7
6432,-1143.25,20.1836,1.95,50.7,83.6
6433,-1139.5,33.8187,1.93,51.7,83.7
6434,-1156.58,13.5478,1.94,51.4,83.7
6435,-1159.86,74.0818,1.93,52.1,83.7
6436,-1161.26,15.8532,1.93,52.6,83.7
6437,-1158.34,31.106,1.98,47.5,83.7
6438,-1158.25,6.5647,1.97,41.6,83.7
6439,-1190.94,52.6089,1.95,46.5,83.8
6440,-1145.79,41.0896,1.9,51.5,83.8
6441,-1161.44,42.7591,1.92,51.5,83.8
6442,-1146.31,40.791,1.95,52.0,83.7
6443,-1156.08,151.6267,1.95,51.1,83.8
6444,-1161.25,21.2885,1.96,51.5,83.8
6445,-1195.19,139.7305,1.95,46.6,83.8
6446,-1164.2,37.8435,1.97,42.5,83.9
6447,-1171.78,17.5884,1.99,47.0,83.8
6448,-1206.64,63.4322,1.93,50.8,83.8
6449,-1162.57,42.5331,1.95,52.2,83.8
6450,-1180.41,11.9673,1.91,52.1,83.9
6451,-1158.27,63.2842,1.96,52.1,83.8
6452,-1127.14,169.7223,1.93,47.9,83.9
6453,-1173.32,74.4078,1.97,42.8,83.9
6454,-1158.87,15.0533,1.95,46.4,83.7
6455,-1155.63,26.4339,1.94,50.8,83.7
6456,-1150.59,43.7152,1.96,51.2,83.7
6457,-1148.57,34.5225,1.92,52.2,83.8
6458,-1147.65,44.3676,1.92,51.6,83.8
6459,-1186.68,81.6533,1.95,52.6,83.7
6460,-1134.79,15.2203,1.95,46.6,83.8
6461,-1155.6,27.3517,1.96,42.0,83.8
6462,-1153.49,14.6781,1.97,47.8,83.9
6463,-1139.26,9.6264,1.92,51.8,83.8
6464,-1178.12,33.9812,1.94,51.1,83.9
6465,-1145.33,13.456,1.93,44.9,83.2
6466,-1127.38,20.3878,1.97,44.9,83.2
6467,-1140.28,16.4975,1.94,50.6,83.2
6468,-1139.25,10.522,1.92,51.7,83.3
6469,-1158.1,20.2999,1.9,52.0,83.4
6470,-1183.69,119.4888,1.9,52.3,83.3
6471,-1144.83,43.3848,1.92,52.4,83.3
6472,-1162.17,9.3701,1.95,46.2,83.3
6473,-1157.14,10.128,1.99,42.1,83.3
6474,-1158.33,13.9709,1.95,48.6,83.3
6475,-1165.64,16.6229,1.95,51.2,83.3
6476,-1148.23,18.3559,1.93,51.4,83.3
6477,-1149.37,26.9488,1.93,52.0,83.3
6478,-1149.09,12.2363,1.92,52.4,83.3
6479,-1144.1,21.1271,1.94,48.5,83.3
6480,-1176.24,37.9302,1.93,41.8,83.3
6481,-1147.77,21.5214,1.98,47.4,83.3
6482,-1162.73,32.6772,1.94,51.0,83.3
6483,-1149.06,20.1984,1.93,51.8,83.3
6484,-1165.24,19.3063,1.93,52.4,83.3
6485,-1131.58,84.759,1.92,51.9,83.3
6486,-1139.67,32.469,1.97,52.3,83.4
6487,-1163.22,12.1302,2.01,46.0,83.4
6488,-1141.32,30.7436,1.98,41.7,83.4
6489,-1154.43,24.9832,1.92,47.2,83.4
6490,-1144.5,9.606,1.92,50.7,83.4
6491,-1173.9,34.7562,1.91,51.6,83.4
6492,-1181.66,48.1602,1.95,52.4,83.4
6493,-1130.34,115.3227,1.97,52.9,83.4
6494,-1167.27,11.4196,1.99,49.3,83.4
6495,-1172.56,5.075,1.95,44.5,83.5
6496,-1144.1,56.7286,1.99,46.7,83.5
6497,-1150.82,35.6918,1.97,50.6,83.5
6498,-1166.92,11.9036,1.93,51.7,83.5
6499,-1162.86,28.5437,1.95,51.8,83.5
6500,-1146.9,40.185,1.92,52.2,83.5
6501,-1149.54,17.7072,1.96,53.2,83.6
6502,-1152.92,8.3615,2.0,45.9,83.6
6503,-1182.78,48.3984,1.96,42.5,83.6
6504,-1163.13,14.5792,1.95,50.0,83.6
6505,-1150.58,21.2214,1.93,51.8,83.5
6506,-1146.55,88.8917,1.95,51.2,83.6
6507,-1162.96,8.6647,1.91,52.3,83.6
6508,-1140.9,16.6452,2.13,51.9,84.5
6509,-1156.02,26.9653,1.99,52.1,84.4
6510,-1142.48,10.7985,1.94,45.8,84.1
6511,-1173.51,37.4098,1.99,43.4,84.0
6512,-1142.89,28.8876,1.94,50.3,83.8
6513,-1162.69,18.6814,1.96,51.7,83.8
6514,-1145.37,22.344,1.94,51.6,83.8
6515,-1160.08,27.8056,1.93,52.0,83.8
6516,-1199.0,55.8613,1.98,52.7,83.8
6517,-1159.61,18.8348,1.98,49.8,83.7
6518,-1164.95,11.9416,2.0,44.0,83.6
6519,-1170.14,27.8072,1.96,44.4,83.7
6520,-1155.36,21.2912,1.96,49.5,83.7
6521,-1148.95,29.5202,1.93,51.1,83.7
6522,-1182.88,63.3474,1.96,51.6,83.7
6523,-1155.53,19.334,1.91,52.3,83.7
6524,-1148.24,18.4537,1.93,52.6,83.7
6525,-1165.02,12.8287,1.99,47.1,83.8
6526,-1137.44,14.1701,1.96,42.9,83.8
6527,-1159.44,89.5583,1.95,47.1,83.8
6528,-1175.05,63.5403,1.93,51.9,83.8
6529,-1166.62,70.2526,1.94,51.9,83.8
6530,-1129.7,36.4227,1.95,51.6,83.8
6531,-1141.83,80.7424,1.95,52.3,83.8
6532,-1136.45,25.8779,1.97,51.5,83.9
6533,-1130.8,16.0388,1.93,43.6,83.9
6534,-1140.37,16.3108,1.98,45.0,83.9
6535,-1187.53,138.2028,1.95,49.9,83.9
6536,-1173.66,33.8407,1.93,51.3,83.9
6537,-1165.47,17.5462,1.95,51.7,84.0
6538,-1172.7,20.7739,1.91,52.0,83.9
6539,-1170.38,16.2574,1.96,52.0,84.0
6540,-1149.67,33.2472,1.95,45.3,83.9
6541,-1176.08,27.3943,1.98,42.8,84.0
6542,-1148.35,6.1935,1.97,48.4,84.0
6543,-1153.55,11.4631,1.96,51.1,84.0
6544,-1156.01,13.3902,1.94,51.3,84.0
6545,-1148.6,28.772,1.92,52.6,84.0
6546,-1186.37,84.2524,1.94,52.4,84.0
6547,-1144.06,14.2122,1.99,49.1,84.0
6548,-1178.16,64.6377,1.96,43.4,84.0
6549,-1162.57,7.9824,1.97,46.3,84.1
6550,-1158.86,15.5825,1.95,51.1,84.1
6551,-1128.79,86.5921,1.93,51.0,84.1
6552,-1164.63,4.8312,1.94,52.3,84.1
6553,-1157.23,10.7438,1.92,52.6,84.1
6554,-1161.41,6.9164,1.98,51.3,84.1
6555,-1123.51,87.8037,1.96,45.7,84.1
6556,-1147.93,16.2492,1.95,44.4,84.1
6557,-1165.21,40.6695,1.94,50.0,84.2
6558,-1171.09,13.8872,1.95,51.1,84.2
6559,-1145.17,59.7756,1.94,51.0,84.2
6560,-1150.72,21.1096,1.91,51.2,84.2
6561,-1155.79,12.1587,1.97,52.3,84.3
6562,-1163.1,22.6764,1.95,48.6,84.3
6563,-1152.99,40.3721,1.97,41.4,84.3
6564,-1114.62,62.8232,1.93,45.4,84.3
6565,-1142.37,7.7231,2.02,50.7,84.3
6566,-1167.85,42.9137,1.94,51.6,84.4
6567,-1146.19,18.5477,1.95,51.7,84.4
6568,-1154.67,11.0899,1.92,52.3,84.3
6569,-1191.86,25.4638,1.95,52.5,84.4
6570,-1154.59,40.2465,1.96,47.5,84.4
6571,-1151.78,46.5749,2.0,41.1,84.4
6572,-1140.08,114.2368,1.98,46.4,84.4
6573,-1152.59,40.1227,1.96,51.6,84.4
6574,-1174.55,55.5031,1.94,51.5,84.5
6575,-1170.72,26.1436,1.93,51.5,84.5
6576,-1155.94,8.5358,1.94,51.5,84.5
6577,-1180.98,14.0087,1.97,51.8,84.6
6578,-1150.47,51.3484,1.94,44.4,84.5
6579,-1156.95,29.7915,2.0,44.5,84.6
6580,-1139.53,37.2169,1.96,48.9,84.6
6581,-1163.64,14.5316,1.92,51.0,84.6
6582,-1189.51,58.8698,1.92,51.5,84.6
6583,-1139.53,21.8573,1.95,50.9,84.6
6584,-1131.08,32.2326,1.93,52.8,84.6
6585,-1140.62,16.3554,1.98,49.6,84.6
6586,-1163.18,68.7816,1.99,43.8,84.7
6587,-1152.01,37.3632,1.96,44.7,84.7
6588,-1166.74,26.5059,1.97,49.2,84.7
6589,-1128.19,25.4142,1.94,51.1,84.7
6590,-1169.92,89.0794,1.95,50.9,84.7
6591,-1166.98,20.2683,1.93,52.2,84.8
6592,-1132.98,50.0883,1.96,52.2,84.8
6593,-1158.5,29.1145,1.94,47.2,84.7
6594,-1167.71,86.3488,1.98,44.1,84.8
6595,-1158.75,39.2917,2.0,45.7,84.7
6596,-1148.2,29.8899,1.97,50.2,84.8
6597,-1164.95,35.6095,1.96,51.8,84.8
6598,-1154.06,10.4132,1.94,51.4,84.9
6599,-1141.82,19.5391,1.94,51.6,84.8
6600,-1145.39,49.1096,1.95,52.6,84.8
6601,-1164.0,11.9561,2.0,49.0,84.9
6602,-1157.08,13.4183,1.94,43.2,84.9
6603,-1173.24,22.843,1.94,46.0,84.9
6604,-1159.22,20.0188,1.95,50.2,85.0
6605,-1155.76,20.2721,1.91,51.4,84.9
6606,-1142.05,24.7342,1.93,51.5,84.9
6607,-1161.13,28.7036,1.92,51.6,84.9
6608,-1158.05,27.5336,1.96,51.8,84.9
6609,-1139.67,638.7421,1.97,47.1,85.0
6610,-1149.33,22.1734,2.0,42.9,85.1
6611,-1148.25,13.7065,2.0,46.5,85.0
6612,-1174.39,46.3104,1.93,51.7,85.0
6613,-1165.67,43.0317,1.94,51.2,85.0
6614,-1107.57,130.703,1.92,52.5,85.0
6615,-1152.33,30.8386,1.96,51.8,85.1
6616,-1166.7,44.1485,1.98,51.7,85.1
6617,-1176.82,53.3091,1.97,44.6,85.1
6618,-1158.16,20.9197,2.0,44.4,85.1
6619,-1140.46,34.8397,1.95,49.0,85.1
6620,-1157.39,10.0093,1.97,51.3,85.2
6621,-1154.01,17.0497,1.95,51.8,85.2
6622,-1199.89,140.8377,1.93,51.9,85.2
6623,-1181.54,141.6154,1.99,52.5,85.2
6624,-1180.22,33.3365,1.94,48.6,85.2
6625,-1150.89,61.1073,1.97,42.6,85.2
6626,-1160.25,15.5058,1.98,46.6,85.3
6627,-1144.05,14.1263,1.94,50.9,85.4
6628,-1136.89,19.8276,1.96,51.4,85.4
6629,-1149.87,30.7494,1.94,52.0,85.4
6630,-1169.0,86.9682,1.94,52.3,85.3
6631,-1168.38,57.8516,1.95,51.4,85.4
6632,-1155.49,6.7051,1.96,45.8,85.4
6633,-1157.44,20.9679,1.96,43.4,85.5
6634,-1147.1,21.8626,2.03,48.6,85.4
6635,-1139.91,10.0483,1.93,52.1,85.5
6636,-1148.74,32.2733,1.93,50.9,85.5
6637,-1128.04,22.0628,1.93,52.3,85.5
6638,-1175.18,153.3671,1.93,52.1,85.5
6639,-1132.12,39.0788,1.98,50.0,85.6
6640,-1152.01,28.3754,1.95,39.0,85.0
6641,-1162.55,42.9482,1.93,52.7,85.0
6642,-1161.46,22.6431,1.94,52.5,85.1
6643,-1187.87,57.0163,1.96,50.0,85.0
6644,-1152.25,58.0,1.96,44.2,85.0
6645,-1151.69,86.4534,2.01,44.7,85.1
6646,-1160.56,67.2965,1.91,49.9,85.0
6647,-1188.16,24.2308,1.94,52.1,85.1
6648,-1190.5,141.3111,1.97,51.5,85.0
6649,-1176.78,10.9868,1.91,52.1,85.1
6650,-1177.43,28.9527,1.95,52.7,85.1
6651,-1156.8,33.6414,2.0,48.6,85.1
6652,-1157.27,39.2501,1.93,41.9,85.1
6653,-1192.0,57.9864,2.02,46.2,85.1
6654,-1133.6,93.0582,1.97,50.2,85.1
6655,-1164.44,10.1133,1.96,51.7,85.1
6656,-1149.82,47.7198,1.93,51.5,85.2
6657,-1155.77,8.2413,1.92,52.0,85.2
6658,-1160.66,12.5915,1.94,52.2,85.1
6659,-1169.12,17.4038,1.97,46.4,85.1
6660,-1167.48,13.0819,1.98,43.0,85.1
6661,-1162.9,10.2886,1.95,48.2,85.1
6662,-1179.11,28.6175,1.93,51.8,85.2
6663,-1130.74,74.1114,1.93,52.1,85.2
6664,-1170.99,13.3798,1.93,52.3,85.1
6665,-1147.61,22.6126,1.94,52.5,85.2
6666,-1166.37,13.3884,1.94,48.1,85.2
6667,-1165.95,26.8167,1.94,42.1,85.2
6668,-1140.31,38.7414,1.95,46.3,85.3
6669,-1163.13,15.954,1.92,51.4,85.3
6670,-1147.51,12.4499,1.92,51.0,85.2
6671,-1141.69,4.3742,1.91,52.3,85.3
6672,-1167.61,41.7812,1.94,51.7,85.3
6673,-1209.53,174.9975,2.03,50.0,85.3
6674,-1202.65,89.6273,2.0,45.6,85.3
6675,-1212.82,83.9605,2.06,45.3,85.3
6676,-1164.33,124.6269,1.96,49.1,85.3
6677,-1128.48,201.3354,1.93,51.3,85.3
6678,-1164.87,68.574,1.95,51.7,85.3
6679,-1123.47,163.1501,1.89,51.7,85.3
6680,-1194.33,68.822,1.96,52.5,85.3
6681,-1184.35,110.7177,1.98,46.1,85.3
6682,-1135.86,56.9537,2.0,42.2,85.3
6683,-1161.28,25.9167,1.98,47.3,85.4
6684,-1142.72,21.2577,1.93,51.0,85.4
6685,-1155.13,43.1809,1.93,51.2,85.4
6686,-1207.68,147.616,1.97,52.0,85.4
6687,-1142.28,28.0952,1.9,52.5,85.4
6688,-1213.9,345.6045,2.0,52.6,85.4
6689,-1153.98,19.1393,1.97,46.2,85.4
6690,-1165.75,37.4069,1.98,42.5,85.4
6691,-1132.58,44.5664,1.95,48.0,85.5
6692,-1131.73,39.5584,1.92,52.6,85.4
6693,-1131.06,32.0698,1.94,51.1,85.4
6694,-1167.25,90.8683,1.91,51.5,85.5
6695,-1159.83,59.6561,1.93,52.7,85.5
6696,-1167.91,42.4616,1.98,50.6,85.5
6697,-1176.36,53.4875,1.98,44.0,85.6
6698,-1135.74,47.8743,2.01,45.1,85.5
6699,-1160.43,37.5322,1.94,49.6,85.5
6700,-1127.03,83.4128,1.93,52.0,85.5
6701,-1134.33,41.999,1.93,51.0,85.6
6702,-1132.18,35.2845,1.93,51.8,85.5
6703,-1131.73,17.3337,1.93,51.8,85.5
6704,-1155.3,69.5164,2.01,46.1,85.5
6705,-1122.33,21.7924,1.98,41.7,85.6
6706,-1165.65,86.6804,1.97,47.5,85.6
6707,-1149.03,41.5106,1.96,51.5,85.6
6708,-1169.1,85.2173,1.92,52.2,85.6
6709,-1174.81,99.8354,1.94,51.6,85.6
6710,-1142.53,45.7379,1.91,51.9,85.6
6711,-1149.88,47.9659,1.99,50.0,85.6
6712,-1147.86,17.6683,1.96,44.0,85.6
6713,-1160.82,6.7223,1.99,44.7,85.7
6714,-1134.38,36.0538,1.96,50.2,85.6
6715,-1140.34,25.9653,1.92,51.5,85.6
6716,-1149.93,21.825,1.95,51.4,85.6
6717,-1156.13,24.7499,1.93,52.1,85.6
6718,-1187.25,116.9261,1.98,52.5,85.6
6719,-1168.25,28.085,1.99,47.1,85.7
6720,-1173.58,105.6928,2.01,42.1,85.7
6721,-1210.01,86.2061,2.02,45.8,85.6
6722,-1182.84,47.1982,1.95,51.9,85.7
6723,-1215.2,96.7129,1.98,51.8,85.7
6724,-1208.1,93.1052,1.97,52.2,85.7
6725,-1212.31,118.5582,1.98,51.9,85.8
6726,-1191.13,54.3697,1.96,52.4,85.8
6727,-1184.08,38.7574,2.03,48.5,85.8
6728,-1206.71,52.1467,2.0,43.6,85.7
6729,-1176.49,36.3021,2.01,46.3,85.7
6730,-1195.59,46.3515,1.99,49.1,85.8
6731,-1174.11,25.9782,1.97,51.6,85.8
6732,-1212.42,83.096,1.98,50.9,85.7
6733,-1193.41,11.6952,1.95,51.6,85.7
6734,-1205.37,39.2863,1.97,52.1,85.7
6735,-1210.02,59.1913,2.0,50.1,85.8
6736,-1203.53,19.0262,2.04,45.9,85.8
6737,-1225.99,42.3523,2.04,43.0,85.8
6738,-1212.18,74.6669,1.97,46.3,85.8
6739,-1207.2,76.3026,1.95,51.3,85.8
6740,-1207.55,69.0693,1.94,51.3,85.8
6741,-1183.02,105.8621,1.9,52.0,85.8
6742,-1142.23,121.8034,1.88,52.4,85.8
6743,-1164.76,64.6039,1.91,52.0,85.8
6744,-1155.24,35.3488,1.98,45.2,85.8
6745,-1156.75,15.0491,1.98,43.6,85.8
6746,-1147.99,12.7136,1.96,49.0,85.9
6747,-1155.63,17.8399,1.94,52.0,85.9
6748,-1165.82,27.6828,1.93,51.3,85.9
6749,-1153.46,8.1171,1.92,51.8,85.9
6750,-1138.76,61.7821,1.94,53.3,85.9
6751,-1164.51,9.1803,1.98,49.8,85.9
6752,-1206.21,139.9344,2.01,44.1,85.9
6753,-1194.68,98.0232,2.02,45.3,86.0
6754,-1171.42,24.2827,1.93,50.2,86.0
6755,-1179.58,21.4839,1.96,51.3,86.0
6756,-1199.95,39.5899,1.91,51.1,86.0
6757,-1175.32,131.9041,1.97,52.4,86.0
6758,-1173.44,22.4856,1.93,51.4,86.0
6759,-1164.6,16.5497,2.0,47.3,86.1
6760,-1155.62,13.4223,1.96,41.6,86.1
6761,-1138.74,40.0042,1.97,46.8,86.1
6762,-1177.69,101.5686,1.93,51.7,86.1
6763,-1143.67,49.9575,1.94,51.3,86.1
6764,-1168.81,52.377,1.91,51.6,86.2
6765,-1132.66,60.3667,1.93,52.1,86.2
6766,-1132.29,53.1696,2.0,49.3,86.2
6767,-1166.31,15.8544,1.94,44.4,86.2
6768,-1167.7,17.5686,1.99,44.7,86.2
6769,-1187.09,39.3877,1.96,49.1,86.2
6770,-1121.39,141.1695,1.95,51.5,86.3
6771,-1130.58,163.4373,2.0,51.4,86.3
6772,-1175.93,8.0404,1.92,51.4,86.3
6773,-1156.92,14.3983,1.92,53.0,86.3
6774,-1135.05,29.7178,1.94,48.7,86.3
6775,-1151.46,16.6236,1.96,42.5,86.3
6776,-1165.11,85.7496,1.99,45.4,86.4
6777,-1149.88,49.3731,1.95,49.9,86.4
6778,-1134.52,36.003,1.93,50.9,86.4
6779,-1146.12,12.6954,1.92,52.7,86.4
6780,-1147.57,27.5136,1.92,51.8,86.4
6781,-1148.32,16.7121,1.95,52.8,86.4
6782,-1162.43,12.4289,1.98,47.0,86.5
6783,-1159.3,10.4726,1.98,41.3,86.4
6784,-1154.6,9.0997,2.2,46.9,87.0
6785,-1179.72,45.2728,1.96,49.3,86.8
6786,-1173.53,33.8271,1.95,51.7,86.9
6787,-1182.06,37.7102,1.93,52.0,86.9
6788,-1151.47,24.9551,1.91,52.8,86.8
6789,-1167.55,14.5621,1.93,52.0,86.8
6790,-1183.49,18.7408,1.95,47.0,86.6
6791,-1163.98,14.4757,2.0,42.1,86.3
6792,-1140.81,36.0018,1.97,47.0,86.3
6793,-1154.4,15.6025,1.95,50.9,86.4
6794,-1180.93,75.3119,1.95,51.4,86.4
6795,-1158.15,51.9733,1.93,51.7,86.3
6796,-1163.17,17.1612,1.91,52.5,86.4
6797,-1157.35,24.2637,1.98,51.6,86.4
6798,-1173.9,22.4695,1.95,43.8,86.4
6799,-1165.9,174.8147,1.98,44.1,86.4
6800,-1153.93,18.8563,1.97,48.3,86.4
6801,-1168.38,5.1585,1.93,51.3,86.4
6802,-1136.09,39.8589,1.94,51.5,86.4
6803,-1165.33,24.7712,1.92,52.2,86.5
6804,-1150.24,35.971,1.95,52.1,86.5
6805,-1151.06,38.0826,1.96,49.4,86.5
6806,-1173.36,25.4898,1.95,44.5,86.5
6807,-1176.47,49.1021,1.97,44.3,86.5
6808,-1151.58,9.7559,1.94,50.1,86.6
6809,-1161.83,23.7405,1.94,51.2,86.6
6810,-1140.71,28.4866,1.93,52.6,86.7
6811,-1156.7,11.9965,3.53,51.8,86.1
6812,-1147.33,31.2036,1.98,44.2,86.1
6813,-1181.85,31.9025,1.91,49.8,86.1
6814,-1170.92,20.1668,1.94,51.4,86.1
6815,-1147.02,12.8152,1.92,52.7,86.1
6816,-1170.23,28.6806,2.02,51.9,86.2
6817,-1156.24,25.1107,1.94,52.8,86.1
6818,-1145.05,20.6433,1.94,46.6,86.1
6819,-1162.3,7.1358,1.95,43.1,86.1
6820,-1159.08,12.8216,1.92,48.8,86.1
6821,-1160.07,13.3315,1.93,51.9,86.1
6822,-1152.67,10.7475,1.92,51.4,86.1
6823,-1146.17,8.4059,1.92,52.0,86.1
6824,-1159.08,17.541,1.92,52.2,86.1
6825,-1130.56,32.7602,1.95,47.1,86.1
6826,-1154.4,18.3155,1.99,40.6,86.2
6827,-1161.19,8.3317,1.95,46.1,86.2
6828,-1162.37,13.4394,1.98,49.9,86.2
6829,-1172.2,14.9201,1.95,51.7,86.2
6830,-1173.14,25.3333,1.99,51.7,86.2
6831,-1161.05,7.4278,1.93,52.1,86.3
6832,-1147.23,21.6608,1.94,52.8,86.3
6833,-1164.46,27.2896,1.93,47.7,86.2
6834,-1134.11,26.6325,1.99,42.4,86.2
6835,-1132.33,47.9673,2.01,47.3,86.3
6836,-1145.79,34.2082,1.93,51.7,86.3
6837,-1155.67,75.207,1.92,51.9,86.3
6838,-1130.34,7.5006,1.99,52.0,86.3
6839,-1158.76,48.9182,1.94,52.6,86.3
6840,-1153.54,41.7869,2.01,49.4,86.3
6841,-1187.23,99.3128,2.1,49.2,86.7
6842,-1130.94,113.6568,1.98,48.4,86.6
6843,-1150.44,42.3096,1.96,51.7,86.6
6844,-1160.85,9.725,1.93,51.8,86.6
6845,-1143.87,7.2352,1.93,52.0,86.6
6846,-1165.4,13.7698,1.95,52.2,86.6
6847,-1178.57,81.8907,1.95,51.4,86.7
6848,-1165.85,5.8469,1.94,44.8,86.7
6849,-1169.41,34.8191,2.0,44.8,86.7
6850,-1176.13,13.9971,1.95,49.1,86.7
6851,-1158.66,7.9505,1.94,51.7,86.7
6852,-1164.43,35.8124,1.92,51.5,86.7
6853,-1172.99,20.0921,1.93,51.8,86.7
6854,-1152.71,25.248,1.92,52.5,86.7
6855,-1138.89,41.2242,1.99,46.1,86.7
6856,-1158.3,7.511,2.0,42.5,86.7
6857,-1145.56,3.2009,1.96,47.1,86.7
6858,-1162.45,7.6319,1.92,51.3,86.8
6859,-1181.93,28.1782,1.93,51.6,86.8
6860,-1161.77,19.6829,1.91,52.7,86.8
6861,-1167.68,15.7968,1.96,52.4,86.8
6862,-1136.79,83.1546,1.95,48.3,86.8
6863,-1179.34,33.4123,1.99,42.3,86.8
6864,-1153.4,187.8198,1.96,48.3,86.8
6865,-1160.17,20.7327,1.96,51.9,86.9
6866,-1162.4,53.227,1.93,51.0,86.8
6867,-1152.12,33.0935,1.93,51.6,86.8
6868,-1193.15,78.6638,1.97,52.7,86.8
6869,-1175.58,26.3329,2.01,49.4,86.8
6870,-1170.91,21.509,1.98,43.9,86.8
6871,-1146.35,120.3387,1.99,45.6,86.9
6872,-1156.25,19.5604,1.94,48.5,86.9
6873,-1191.66,50.7854,1.98,52.4,86.9
6874,-1162.59,21.0079,1.93,50.8,86.9
6875,-1152.85,15.8784,1.92,52.3,86.9
6876,-1163.0,17.9781,1.94,52.4,86.9
6877,-1160.8,15.4299,1.97,47.4,86.9
6878,-1143.7,98.3224,1.95,41.1,86.9
6879,-1140.24,19.0515,1.96,46.8,86.9
6880,-1195.6,128.5076,1.98,51.1,86.9
6881,-1153.79,70.4597,1.93,51.2,86.9
6882,-1142.67,25.3858,1.93,52.0,87.0
6883,-1189.08,88.7371,1.95,52.4,86.9
6884,-1144.15,27.6189,1.97,52.3,86.9
6885,-1145.78,14.0677,1.95,45.4,86.9
6886,-1149.95,37.6861,1.99,42.5,87.0
6887,-1173.58,45.8165,1.94,48.9,87.0
6888,-1172.57,37.9936,1.95,51.3,86.9
6889,-1150.75,11.8586,1.97,52.0,86.9
6890,-1152.04,11.1312,1.92,51.4,86.9
6891,-1169.7,6.6263,1.94,52.0,87.0
6892,-1178.25,9.065,1.93,50.8,87.0
6893,-1141.4,61.6327,1.97,43.5,87.0
6894,-1139.59,51.8537,1.99,45.4,87.1
6895,-1139.17,44.631,1.92,49.0,87.1
6896,-1130.61,27.3377,1.95,51.2,87.1
6897,-1151.62,15.7091,1.91,51.9,87.1
6898,-1150.08,12.4673,1.9,51.7,87.1
6899,-1160.47,14.7911,1.93,52.7,87.1
6900,-1169.89,35.6919,1.98,48.6,87.2
6901,-1169.25,13.5428,1.95,42.9,87.2
6902,-1157.62,6.8097,2.02,46.7,87.2
6903,-1137.87,52.2782,1.95,51.6,87.9
6904,-1160.69,42.1568,1.95,51.0,88.1
6905,-1147.7,30.3453,1.94,51.6,88.1
6906,-1165.1,41.8244,1.93,52.0,88.1
6907,-1198.16,100.1091,1.97,52.4,88.1
6908,-1167.42,10.7568,1.99,46.8,87.9
6909,-1165.48,8.7144,1.95,43.0,87.9
6910,-1162.7,17.1451,1.96,48.0,87.8
6911,-1164.11,61.0302,2.04,51.6,87.8
6912,-1169.06,68.5454,1.92,51.5,87.8
6913,-1150.27,22.9247,1.93,51.6,87.9
6914,-1132.92,34.2885,1.93,52.3,87.9
6915,-1156.58,24.0343,1.96,51.7,87.9
6916,-1157.91,50.9228,1.99,45.6,87.9
6917,-1150.18,9.8386,2.01,43.2,87.8
6918,-1152.81,10.7882,1.98,47.8,87.8
6919,-1160.43,16.2787,1.97,52.2,87.9
6920,-1161.22,9.8205,1.95,51.1,87.9
6921,-1172.81,16.4139,1.94,52.2,87.9
6922,-1152.05,13.4897,1.93,52.2,88.0
6923,-1138.39,53.1002,1.97,51.2,87.9
6924,-1188.2,106.8357,1.98,45.7,87.9
6925,-1145.66,53.6073,1.99,43.1,88.0
6926,-1134.04,24.6855,1.97,48.8,88.0
6927,-1198.35,89.1821,1.91,51.0,87.4
6928,-1172.31,68.4142,1.95,44.9,87.3
6929,-1148.25,19.8231,1.99,44.4,87.3
6930,-1171.69,24.3757,1.96,47.4,87.4
6931,-1167.32,28.1285,1.91,51.3,87.4
6932,-1143.31,34.2272,1.95,52.3,87.5
6933,-1192.96,53.5262,1.97,51.0,87.4
6934,-1151.03,19.542,1.91,52.0,87.4
6935,-1147.98,26.5553,1.98,52.5,87.4
6936,-1147.98,10.5751,1.95,48.3,87.4
6937,-1196.43,83.418,1.95,41.7,87.4
6938,-1125.2,31.3676,1.98,46.3,87.5
6939,-1173.05,37.0026,1.95,51.0,87.5
6940,-1163.72,25.2527,1.94,52.0,87.4
6941,-1149.03,11.3174,1.93,51.0,87.5
6942,-1152.87,26.1478,1.93,52.3,87.5
6943,-1180.62,39.101,1.97,52.5,87.5
6944,-1194.38,105.9518,1.98,46.4,87.5
6945,-1168.82,32.8783,1.94,42.1,87.4
6946,-1181.9,12.7674,1.97,46.6,87.5
6947,-1192.57,19.956,1.95,51.4,87.5
6948,-1165.87,38.1559,1.94,51.8,87.5
6949,-1146.41,60.909,1.93,51.2,87.6
6950,-1156.71,23.1372,1.94,52.2,87.6
6951,-1121.06,82.1274,1.95,52.3,87.5
6952,-1160.38,21.2807,1.96,47.9,87.5
6953,-1154.49,12.1414,2.03,43.1,87.6
6954,-1182.54,37.1021,1.99,47.8,87.6
6955,-1181.54,28.0341,1.96,51.1,87.6
6956,-1166.75,6.7948,1.95,51.1,87.6
6957,-1161.56,31.734,1.94,52.2,87.6
6958,-1185.32,8.9611,1.94,52.2,87.6
6959,-1173.56,9.8931,1.98,51.2,87.6
6960,-1167.88,2.391,1.96,46.1,87.7
6961,-1161.7,12.7055,2.0,42.7,87.7
6962,-1160.13,17.9022,1.94,45.7,87.6
6963,-1160.55,7.2425,1.95,50.8,87.7
6964,-1152.27,83.9975,1.94,51.3,87.7
6965,-1158.38,15.3795,1.93,51.4,87.7
6966,-1147.35,31.697,1.94,51.9,87.8
6967,-1176.7,60.0779,1.98,51.2,87.8
6968,-1147.96,25.5868,1.97,45.7,87.7
6969,-1175.54,42.6074,1.96,42.8,87.7
6970,-1178.52,21.0312,1.94,48.4,87.8
6971,-1189.87,9.8554,1.96,52.6,87.8
6972,-1146.1,146.5291,1.93,51.3,87.8
6973,-1164.39,49.7146,1.94,51.8,87.8
6974,-1154.7,30.6557,1.94,52.8,87.8
6975,-1160.15,7.2093,1.97,50.9,87.8
6976,-1159.71,24.8841,2.0,43.4,87.8
6977,-1182.12,99.095,2.01,45.4,87.9
6978,-1143.98,63.3187,1.97,50.0,87.9
6979,-1139.01,53.2966,1.95,51.5,87.9
6980,-1151.83,27.1635,1.95,51.6,87.9
6981,-1174.98,51.1761,1.93,52.0,87.9
6982,-1151.98,8.7562,1.97,52.8,88.0
6983,-1185.56,121.5215,1.96,47.6,87.9
6984,-1166.56,22.4846,1.97,41.5,88.0
6985,-1156.95,10.8414,1.94,46.4,87.9
6986,-1126.49,103.0656,1.93,51.7,88.0
6987,-1140.8,40.2056,1.93,52.0,88.0
6988,-1164.37,17.9637,1.91,51.6,88.0
6989,-1149.65,29.209,1.9,52.0,88.0
6990,-1169.18,24.0666,1.98,50.1,88.0
6991,-1162.98,46.9428,1.98,44.8,87.9
6992,-1153.1,16.7472,1.95,44.9,88.0
6993,-1151.18,46.2904,1.95,49.2,88.0
6994,-1160.05,17.9568,1.96,51.4,88.0
6995,-1172.48,27.7026,1.96,52.1,88.1
6996,-1173.12,43.0358,1.93,51.8,88.0
6997,-1157.88,54.7445,1.96,52.3,88.0
6998,-1166.02,49.4957,2.01,47.5,88.0
6999,-1147.38,69.9736,1.99,41.5,88.1
7000,-1158.2,5.7328,1.97,47.3,88.1
7001,-1152.22,54.6899,1.97,51.4,88.1
7002,-1160.76,12.0013,1.93,51.4,88.0
7003,-1167.31,33.443,1.93,51.9,88.1
7004,-1178.56,57.2002,1.94,51.6,88.1
7005,-1183.21,14.8769,1.95,52.1,88.1
7006,-1153.95,39.338,1.98,45.7,88.1
7007,-1128.42,112.8903,2.05,44.2,88.1
7008,-1173.12,6.2709,1.93,48.9,88.1
7009,-1156.82,59.4198,1.95,51.7,88.1
7010,-1148.36,45.9891,1.96,50.9,88.1
7011,-1139.33,9.2343,1.93,52.3,88.1
7012,-1145.32,29.0733,1.93,53.5,88.2
7013,-1153.77,30.3286,1.98,47.8,88.1
7014,-1183.07,76.1422,1.98,42.9,88.1
7015,-1146.78,5.2067,1.99,46.4,88.1
7016,-1182.32,47.3926,1.93,51.6,88.2
7017,-1178.03,7.5946,1.93,51.8,88.2
7018,-1162.24,8.9974,1.9,51.0,88.2
7019,-1140.69,94.4443,1.92,52.8,88.2
7020,-1177.22,37.8521,1.99,51.2,88.2
7021,-1172.19,16.6063,2.01,45.2,88.2
7022,-1153.39,43.9703,2.01,42.0,88.3
7023,-1172.04,12.1333,1.98,47.8,88.3
7024,-1163.4,15.8153,1.92,51.2,88.3
7025,-1163.01,26.0956,1.94,51.6,88.2
7026,-1151.6,7.7842,1.92,52.3,88.3
7027,-1130.26,7.6479,1.97,52.4,88.3
7028,-1141.84,9.9583,2.02,49.6,88.3
7029,-1159.72,33.8326,1.95,43.3,88.3
7030,-1189.21,52.318,1.97,43.6,88.3
7031,-1167.67,20.1938,1.97,48.8,88.3
7032,-1157.91,17.3976,1.94,51.2,88.3
7033,-1164.55,15.2939,1.93,51.6,88.4
7034,-1178.02,30.4626,1.92,51.1,88.4
7035,-1148.81,21.919,1.97,52.1,88.4
7036,-1177.31,126.7018,1.99,49.2,88.3
7037,-1159.53,13.1248,1.98,43.0,88.4
7038,-1180.33,28.7391,2.0,44.6,88.4
7039,-1141.9,96.1735,1.96,50.0,88.4
7040,-1157.32,20.1141,1.92,51.5,88.4
7041,-1169.09,35.06,1.96,50.7,88.4
7042,-1161.21,19.6809,1.91,52.2,88.4
7043,-1154.43,7.0804,1.94,52.3,88.4
7044,-1162.41,45.4973,1.98,48.1,88.4
7045,-1181.16,81.5507,1.94,41.9,88.5
7046,-1164.47,5.66,1.98,47.8,88.5
7047,-1164.36,11.6417,1.98,50.8,88.5
7048,-1180.48,23.7966,1.94,51.8,88.5
7049,-1133.49,71.1153,1.95,52.2,88.5
7050,-1168.72,23.5873,1.93,51.8,88.6
7051,-1171.2,24.6564,1.94,52.5,88.6
7052,-1154.69,73.2765,1.95,46.1,88.7
7053,-1143.2,20.7753,1.97,43.4,88.7
7054,-1154.2,22.4365,1.96,47.6,88.7
7055,-1142.41,7.3139,1.95,51.4,88.7
7056,-1174.47,12.4703,1.98,52.0,88.7
7057,-1164.18,14.5217,1.93,51.8,88.8
7058,-1150.32,9.3076,1.95,51.8,88.7
7059,-1150.38,33.5934,2.16,51.3,89.1
7060,-1136.59,29.4184,1.96,42.9,88.9
7061,-1158.43,17.6865,1.96,45.0,89.0
7062,-1138.83,10.5821,1.94,50.3,88.7
7063,-1159.81,25.4418,1.93,52.4,88.7
7064,-1153.92,20.0104,1.91,51.4,88.7
7065,-1175.9,65.6742,1.9,52.6,88.7
7066,-1169.67,95.9326,1.92,52.7,88.7
7067,-1179.31,39.5737,1.95,50.0,88.5
7068,-1145.48,63.6863,1.97,42.7,88.3
7069,-1174.3,5.4814,1.96,46.1,88.3
7070,-1159.82,32.0641,1.95,49.8,88.3
7071,-1154.68,16.131,1.95,51.2,88.4
7072,-1155.25,16.1168,1.93,52.1,88.4
7073,-1175.28,31.5316,1.95,52.7,88.4
7074,-1155.37,11.461,1.98,52.6,88.4
7075,-1150.24,5.2936,1.96,47.7,88.4
7076,-1149.46,21.6753,2.0,41.9,88.3
7077,-1142.94,25.3438,1.96,47.5,88.4
7078,-1151.16,31.8547,1.94,51.7,88.4
7079,-1160.79,30.414,1.92,51.6,88.4
7080,-1160.3,53.716,1.93,52.7,88.4
7081,-1193.7,65.0259,1.98,52.4,88.4
7082,-1146.26,51.4154,2.0,48.8,88.5
7083,-1174.49,55.2001,1.97,42.4,88.5
7084,-1151.26,33.0018,1.98,45.8,88.5
7085,-1163.93,21.6219,1.98,51.6,88.6
7086,-1136.13,45.3707,1.95,51.8,88.6
7087,-1168.68,40.6412,1.97,51.7,88.7
7088,-1152.76,16.8804,1.95,52.1,88.6
7089,-1145.26,10.7603,1.98,52.0,88.6
7090,-1172.31,15.9021,1.96,45.8,88.6
7091,-1167.18,38.0362,1.97,43.3,88.7
7092,-1136.61,40.3357,1.96,47.8,88.7
7093,-1151.75,6.3043,1.94,51.7,88.7
7094,-1172.07,17.3013,1.93,51.3,88.7
7095,-1162.91,6.3869,1.93,52.2,88.8
7096,-1172.99,5.9085,1.94,52.3,88.7
7097,-1150.4,30.4575,2.0,47.8,88.8
7098,-1149.63,25.0661,1.98,40.7,88.8
7099,-1160.6,9.2838,2.0,46.1,88.8
7100,-1174.39,56.0252,1.97,51.4,88.8
7101,-1160.21,7.3046,1.95,51.8,88.8
7102,-1152.34,12.5609,1.92,52.2,88.9
7103,-1177.53,132.7267,2.03,52.0,88.8
7104,-1158.41,20.0747,1.98,50.7,88.9
7105,-1154.79,11.222,1.99,45.5,88.9
7106,-1157.5,8.1263,2.01,44.6,88.9
7107,-1160.7,15.3016,1.97,50.1,88.9
7108,-1166.33,20.2391,1.93,51.9,89.0
7109,-1136.59,60.0039,1.94,52.5,89.0
7110,-1156.44,19.4412,1.93,52.2,89.0
7111,-1176.57,48.4585,1.96,52.1,88.9
7112,-1153.56,15.069,1.98,46.5,88.9
7113,-1161.9,10.2231,2.01,42.6,89.0
7114,-1149.27,7.6242,1.98,46.7,89.0
7115,-1159.87,16.9589,1.95,51.7,89.0
7116,-1146.99,40.4196,1.94,51.0,89.1
7117,-1152.27,7.4696,1.94,50.4,89.1
7118,-1147.58,22.4289,1.94,52.0,89.1
7119,-1172.68,29.4198,1.98,49.9,89.1
7120,-1134.24,45.7022,1.98,44.0,89.1
7121,-1164.74,27.7375,1.97,44.1,89.1
7122,-1193.52,88.5058,1.91,49.6,89.2
7123,-1125.74,90.7738,1.94,51.7,89.2
7124,-1181.33,21.1573,1.94,51.1,89.2
7125,-1166.05,14.0667,1.93,52.7,89.2
7126,-1176.94,10.6999,1.96,51.3,89.2
7127,-1140.14,35.039,1.99,45.4,89.2
7128,-1147.23,21.6816,2.0,42.9,89.3
7129,-1130.57,84.0959,1.91,47.9,89.3
7130,-1123.84,19.5109,1.94,51.1,89.3
7131,-1143.12,18.9467,1.94,51.5,89.4
7132,-1158.15,35.6215,1.94,51.8,89.4
7133,-1136.02,20.2855,1.97,52.8,89.3
7134,-1151.99,26.0058,1.95,45.5,89.4
7135,-1181.15,67.1829,2.0,42.6,89.4
7136,-1153.63,17.0434,1.96,49.2,89.4
7137,-1154.62,11.1473,1.93,51.9,89.4
7138,-1148.71,8.4547,1.96,51.1,89.4
7139,-1128.3,46.1255,1.93,52.2,89.4
7140,-1167.79,136.7204,1.95,51.8,89.4
7141,-1166.28,37.1485,1.96,48.2,89.5
7142,-1186.17,49.8571,2.0,41.6,89.6
7143,-1139.17,40.0053,1.98,46.3,89.5
7144,-1152.03,20.3798,1.97,51.0,89.5
7145,-1139.53,18.6382,1.94,51.6,89.5
7146,-1157.45,9.1289,1.91,51.7,89.5
7147,-1143.26,9.7149,1.92,52.5,89.5
7148,-1161.2,14.6838,1.97,49.1,89.6
7149,-1130.61,27.0782,1.94,44.0,89.6
7150,-1165.05,14.2503,1.96,44.5,89.6
7151,-1144.53,27.3117,1.96,50.6,89.6
7152,-1143.38,8.0106,1.95,52.0,89.6
7153,-1144.59,10.1349,1.96,51.9,89.6
7154,-1155.09,13.3915,1.94,51.6,89.6
7155,-1166.56,33.9174,1.94,52.2,89.6
7156,-1159.6,17.0634,1.99,48.3,89.7
7157,-1140.45,43.9971,1.93,41.8,89.7
7158,-1159.02,3.7759,1.99,45.2,89.7
7159,-1180.29,34.6644,1.93,51.1,89.7
7160,-1160.25,4.6771,1.95,51.7,89.7
7161,-1134.0,54.1408,1.9,52.4,89.8
7162,-1141.93,23.6673,1.93,52.4,89.8
7163,-1126.13,55.1078,1.99,51.3,89.8
7164,-1179.42,104.2963,1.98,45.4,89.8
7165,-1164.22,40.0947,1.95,42.2,89.8
7166,-1168.95,39.8399,1.94,45.4,89.1
7167,-1153.0,5.4781,1.93,51.7,89.2
7168,-1162.21,10.3412,1.93,52.8,89.1
7169,-1149.35,27.6851,1.96,48.5,89.1
7170,-1147.94,47.7307,1.94,43.1,89.1
7171,-1137.12,17.833,1.97,45.9,89.1
7172,-1150.81,10.549,1.98,49.5,89.2
7173,-1166.81,31.2577,1.94,50.7,89.2
7174,-1164.98,17.0324,1.94,51.4,89.2
7175,-1147.08,16.6256,1.94,52.9,89.2
7176,-1153.92,6.2455,1.96,52.5,89.3
7177,-1140.09,39.4685,1.99,47.2,89.2
7178,-1165.11,22.3792,1.97,43.9,89.3
7179,-1157.84,24.0414,2.0,45.8,89.3
7180,-1145.35,7.5985,1.99,50.7,89.3
7181,-1146.4,22.4793,1.94,51.7,89.3
7182,-1161.34,8.1901,1.93,51.9,89.3
7183,-1171.02,15.4593,1.95,52.3,89.4
7184,-1173.26,10.9447,1.98,53.2,89.4
7185,-1168.1,15.7964,1.96,48.1,89.4
7186,-1161.17,5.5193,1.99,41.7,89.4
7187,-1172.26,31.5697,1.97,46.7,89.4
7188,-1171.87,19.0172,1.98,50.9,89.4
7189,-1151.02,8.2206,1.95,51.4,89.4
7190,-1164.49,3.4227,1.95,51.6,89.5
7191,-1167.8,12.2716,1.92,52.2,89.4
7192,-1151.84,41.9148,1.99,53.1,89.5
7193,-1158.69,29.7463,1.96,46.0,89.4
7194,-1180.64,50.1922,2.01,41.5,89.5
7195,-1154.94,18.6988,1.95,46.9,89.5
7196,-1132.87,34.9042,1.97,51.4,89.5
7197,-1179.11,63.6126,1.94,50.9,89.5
7198,-1168.33,9.3869,1.94,51.0,89.5
7199,-1161.74,20.4528,1.96,51.9,89.5
7200,-1153.54,23.6156,1.97,48.6,89.5
7201,-1163.27,8.3216,1.99,41.9,89.6
7202,-1145.01,14.2585,1.99,46.7,89.6
7203,-1157.31,10.1713,1.96,51.3,89.6
7204,-1160.05,8.5557,2.0,52.2,89.5
7205,-1144.48,7.7881,1.91,52.2,89.6
7206,-1176.85,35.5933,1.95,53.1,89.6
7207,-1158.01,26.4396,1.99,49.3,89.6
7208,-1153.31,6.3139,1.96,44.2,89.6
7209,-1154.64,3.9314,1.97,46.0,89.6
7210,-1173.27,37.0543,1.95,50.4,89.6
7211,-1168.32,27.9862,1.94,51.1,89.6
7212,-1156.71,12.7363,1.97,52.0,89.6
7213,-1150.1,8.9262,1.93,51.8,89.7
7214,-1178.36,35.5298,1.97,52.4,89.7
7215,-1163.37,9.9775,1.96,46.4,89.7
7216,-1157.17,26.877,1.99,42.6,89.7
7217,-1162.06,14.1709,1.97,47.7,89.7
7218,-1161.07,4.4677,1.96,52.5,89.7
7219,-1176.46,14.4134,1.94,51.4,89.7
7220,-1143.28,81.3537,1.93,51.5,89.7
7221,-1156.09,16.6938,1.94,51.8,89.7
7222,-1161.44,13.6848,1.96,52.1,89.7
7223,-1153.8,9.5018,1.99,45.4,89.7
7224,-1169.44,25.3667,1.96,42.5,89.7
7225,-1151.01,11.5991,1.94,49.2,89.8
7226,-1154.75,18.1776,1.9,50.6,89.3
7227,-1148.62,12.835,1.95,43.5,89.1
7228,-1160.06,6.7463,1.99,44.7,87.5
7229,-1166.15,10.0924,1.94,49.7,86.8
7230,-1164.82,4.5009,1.93,51.7,86.4
7231,-1153.23,16.9127,1.92,51.3,85.5
7232,-1150.73,7.6741,1.96,52.3,85.4
7233,-1177.31,66.9398,1.9,52.4,85.4
7234,-1145.67,4.6676,1.99,47.9,84.8
7235,-1158.38,10.4785,1.95,42.4,84.9
7236,-1169.05,42.5437,1.97,45.7,84.9
7237,-1145.23,13.2504,1.96,50.7,84.9
7238,-1168.49,7.1403,1.93,51.7,84.8
7239,-1114.91,111.2283,1.94,51.7,84.8
7240,-1161.99,8.3003,1.91,51.5,84.9
7241,-1171.24,8.3327,1.93,52.1,84.9
7242,-1129.38,93.4196,1.97,47.2,84.9
7243,-1149.38,12.7283,2.01,40.9,84.9
7244,-1150.05,29.3172,1.94,46.5,84.8
7245,-1175.78,86.5361,1.95,52.2,84.9
7246,-1200.74,170.7747,1.95,52.2,84.9
7247,-1136.1,15.7726,1.88,51.7,84.9
7248,-1157.39,31.8659,1.9,53.0,85.0
7249,-1158.79,19.8502,1.92,51.8,84.9
7250,-1159.55,13.491,2.03,45.5,84.9
7251,-1144.76,37.7361,1.99,42.7,84.9
7252,-1153.26,37.8328,1.96,46.8,84.9
7253,-1155.58,6.9996,1.95,52.3,85.0
7254,-1178.95,58.3877,1.93,51.2,85.0
7255,-1164.05,11.6186,1.91,51.7,84.9
7256,-1200.69,90.4854,1.96,52.3,84.9
7257,-1156.19,34.0887,1.98,50.9,85.0
7258,-1130.66,97.5864,1.97,46.2,85.0
7259,-1155.63,12.595,2.0,44.3,85.0
7260,-1151.85,3.3463,1.95,49.3,85.0
7261,-1166.62,53.39,1.95,51.1,85.0
7262,-1162.01,14.9031,1.95,51.8,85.0
7263,-1143.19,10.0496,1.92,51.6,85.0
7264,-1171.08,18.3249,1.97,52.4,85.0
7265,-1154.85,21.6148,1.98,48.7,85.0
7266,-1188.09,30.6436,2.0,44.4,85.0
7267,-1131.76,92.6744,1.99,44.3,85.0
7268,-1165.15,1.7633,1.94,49.4,85.0
7269,-1166.16,3.0313,1.92,52.0,85.1
7270,-1131.25,66.9609,1.93,50.8,85.1
7271,-1178.03,20.172,1.92,52.1,85.1
7272,-1118.46,103.7498,1.92,52.5,85.0
7273,-1136.64,15.7303,1.97,47.8,85.0
7274,-1152.47,26.7438,1.95,41.7,85.1
7275,-1113.47,48.9028,1.97,46.7,85.1
7276,-1141.05,4.269,1.95,51.2,85.1
7277,-1137.43,13.7774,1.94,51.9,85.2
7278,-1173.83,50.8251,1.93,50.1,85.1
7279,-1145.47,9.5916,1.92,52.3,85.1
7280,-1157.38,16.9377,1.93,51.6,85.1
7281,-1173.21,32.7747,1.99,47.1,85.1
7282,-1188.96,79.9549,2.0,41.0,85.1
7283,-1146.95,36.3225,1.95,45.5,85.2
7284,-1161.24,21.4895,1.97,49.7,85.1
7285,-1141.16,19.8116,1.93,50.9,85.1
7286,-1183.98,66.6172,1.96,51.9,85.1
7287,-1174.66,40.8793,1.94,52.1,85.2
7288,-1187.46,103.7617,2.0,52.5,85.1
7289,-1164.87,19.005,1.97,47.7,85.1
7290,-1139.02,50.6224,1.95,41.5,85.1
7291,-1157.0,17.2943,1.94,47.1,85.1
7292,-1152.36,8.2144,1.9,50.6,85.1
7293,-1167.12,19.0505,1.95,51.0,85.2
7294,-1146.75,28.0586,1.93,50.8,85.2
7295,-1129.91,18.6366,1.92,51.8,85.1
7296,-1144.87,27.4708,1.96,52.4,85.1
7297,-1169.14,59.9962,2.0,47.3,85.1
7298,-1141.91,2.7156,1.93,41.9,85.2
7299,-1164.32,22.0439,1.98,46.3,85.2
7300,-1148.68,18.0048,1.96,50.1,85.2
7301,-1175.26,98.4857,1.95,51.5,85.2
7302,-1151.84,8.8701,1.94,52.1,85.2
7303,-1152.23,13.3939,1.96,51.9,85.3
7304,-1175.47,66.7048,1.96,52.1,85.3
7305,-1165.9,12.4612,1.96,46.3,85.3
7306,-1161.43,5.0699,2.01,40.7,85.3
7307,-1137.61,25.605,1.94,46.7,85.3
7308,-1135.34,23.2291,1.97,51.6,85.3
7309,-1159.33,21.5061,1.94,51.7,85.3
7310,-1161.88,26.2203,1.93,51.4,85.4
7311,-1141.19,15.5381,1.99,51.8,85.4
7312,-1160.36,15.7321,1.96,52.4,85.3
7313,-1149.12,2.3003,1.95,45.2,85.3
7314,-1134.19,27.7027,1.96,46.0,85.4
7315,-1161.44,19.882,1.96,50.0,85.5
7316,-1143.54,2.3269,1.95,51.5,85.5
7317,-1133.24,12.3936,1.95,51.0,85.5
7318,-1138.83,7.1582,1.91,52.2,85.5
7319,-1190.08,152.9927,1.96,52.4,85.4
7320,-1153.43,31.1399,2.0,49.0,85.5
7321,-1214.92,274.859,1.98,43.6,85.5
7322,-1150.69,26.8858,1.97,44.9,85.6
7323,-1171.57,65.3781,1.98,49.7,85.6
7324,-1210.1,73.7986,1.98,50.6,85.6
7325,-1193.09,47.5475,1.98,51.1,85.6
7326,-1142.15,55.7518,1.94,52.0,85.6
7327,-1193.03,77.0127,1.97,52.7,85.7
7328,-1213.54,69.7587,2.03,49.8,85.6
7329,-1143.06,121.0118,1.94,45.1,85.7
7330,-1162.74,79.9556,1.97,43.3,85.6
7331,-1149.71,63.5428,1.97,48.5,85.7
7332,-1163.14,49.0541,1.97,51.6,85.7
7333,-1165.54,28.9181,1.96,50.7,85.8
7334,-1127.71,58.9694,1.93,50.7,86.9
7335,-1169.2,30.3201,1.94,52.2,86.9
7336,-1146.49,12.1377,1.95,49.1,86.3
7337,-1152.2,3.1074,1.97,42.6,85.9
7338,-1154.19,25.296,1.94,47.8,85.9
7339,-1150.04,4.9009,1.96,51.9,85.9
7340,-1138.02,33.1409,1.95,51.4,85.9
7341,-1161.65,26.5277,1.96,51.2,85.9
7342,-1153.53,6.4277,1.91,52.4,86.0
7343,-1155.93,10.98,1.97,53.2,86.0
7344,-1150.21,4.2074,1.96,47.5,86.0
7345,-1137.58,14.3781,1.97,40.8,86.0
7346,-1153.43,25.6918,1.98,46.6,86.0
7347,-1174.28,54.4125,1.94,52.3,86.0
7348,-1148.48,13.4862,1.94,51.5,86.1
7349,-1162.9,4.5831,1.89,51.7,86.1
7350,-1141.34,12.4616,1.94,52.3,86.1
7351,-1165.44,2.7725,1.99,48.9,86.1
7352,-1166.44,4.5357,1.95,44.5,86.1
7353,-1152.56,29.7753,1.97,45.6,86.1
7354,-1140.65,15.5675,1.98,51.0,86.1
7355,-1155.23,5.3457,1.94,51.4,86.2
7356,-1154.14,9.7955,1.92,51.1,86.2
7357,-1175.51,50.7786,1.94,51.8,86.2
7358,-1174.8,20.9609,1.94,52.5,86.2
7359,-1185.76,94.7866,2.04,47.1,86.3
7360,-1162.06,15.6832,2.03,40.9,86.3
7361,-1167.21,9.7413,1.96,47.0,86.3
7362,-1141.48,29.6079,1.94,51.5,86.3
7363,-1154.04,12.9078,1.92,51.8,86.3
7364,-1160.08,3.9783,1.95,51.7,86.4
7365,-1162.0,20.4794,1.95,52.5,86.4
7366,-1165.66,20.0391,1.95,51.7,86.4
7367,-1138.75,72.7132,1.95,45.7,86.4
7368,-1137.25,31.0345,1.98,43.8,86.4
7369,-1192.91,59.0023,1.99,47.6,86.4
7370,-1160.51,12.3078,1.94,51.2,86.4
7371,-1173.0,8.1089,1.93,50.5,86.5
7372,-1178.14,11.6281,1.9,52.1,86.5
7373,-1163.28,44.6295,1.96,51.6,86.5
7374,-1174.03,44.355,1.96,50.5,86.5
7375,-1129.8,159.7692,1.98,44.8,86.5
7376,-1139.31,83.807,2.02,42.7,86.5
7377,-1183.13,37.093,1.97,48.0,86.5
7378,-1178.22,26.8945,1.94,51.4,86.6
7379,-1172.13,12.8386,1.94,51.6,86.6
7380,-1147.97,70.2749,1.93,51.4,86.6
7381,-1173.01,20.065,1.95,51.8,86.6
7382,-1131.52,89.9278,1.98,50.2,86.6
7383,-1162.01,26.8389,1.97,44.7,86.7
7384,-1166.34,14.6778,1.98,45.7,86.7
7385,-1180.97,64.5189,1.95,48.7,86.7
7386,-1136.88,49.8047,1.95,51.4,86.7
7387,-1185.19,24.2064,1.95,51.8,86.7
7388,-1167.3,16.753,1.91,52.4,86.7
7389,-1173.36,20.8263,1.95,52.4,86.7
7390,-1163.91,27.339,1.97,46.9,86.8
7391,-1146.04,34.7827,1.96,40.9,86.8
7392,-1140.5,24.2045,1.98,47.6,86.8
7393,-1152.89,12.1373,1.96,51.1,86.8
7394,-1155.33,14.852,1.95,51.2,86.8
7395,-1158.87,6.6409,1.91,52.1,86.9
7396,-1167.48,7.5993,1.92,52.5,86.9
7397,-1133.47,93.4982,1.98,52.0,86.9
7398,-1150.19,29.5205,1.97,46.7,86.9
7399,-1161.84,16.4853,1.95,40.9,86.9
7400,-1167.61,8.3153,1.94,47.8,87.0
7401,-1171.2,16.5081,1.95,51.7,87.0
7402,-1131.74,150.552,1.93,51.4,87.0
7403,-1191.8,33.4892,1.96,51.8,87.0
7404,-1153.97,40.173,1.94,51.7,87.0
7405,-1154.24,36.2244,1.98,52.3,87.0
7406,-1165.7,7.4949,1.98,45.8,87.0
7407,-1176.51,17.1414,2.1,42.3,87.1
7408,-1152.54,23.1194,1.99,47.0,87.1
7409,-1158.47,8.1612,1.97,52.0,87.1
7410,-1170.53,25.8042,1.91,51.0,87.1
7411,-1159.46,4.8979,1.94,52.4,87.1
7412,-1142.37,32.9545,1.93,53.2,87.1
7413,-1168.14,6.3982,2.0,49.7,87.2
7414,-1182.7,56.7579,2.03,45.1,87.1
7415,-1182.07,10.1794,1.97,44.3,87.2
7416,-1166.32,27.458,1.97,49.5,87.2
7417,-1172.59,38.5173,1.94,51.2,87.2
7418,-1149.52,62.0298,1.93,51.9,87.3
7419,-1169.36,8.4119,1.94,52.0,87.3
7420,-1171.82,15.6296,1.95,51.6,87.2
7421,-1167.75,12.3634,1.98,47.8,87.3
7422,-1164.22,34.4053,2.0,41.5,87.3
7423,-1165.87,90.1429,1.98,46.2,87.3
7424,-1165.01,8.3417,1.95,51.4,87.3
7425,-1144.94,45.2548,1.96,51.7,87.3
7426,-1139.22,27.7361,1.94,52.2,87.4
7427,-1160.61,30.7877,1.93,52.1,87.4
7428,-1158.52,36.2801,1.96,52.4,87.4
7429,-1175.42,42.2814,1.93,45.2,87.4
7430,-1137.17,54.7568,1.95,41.5,87.4
7431,-1146.74,12.4801,1.95,47.6,87.4
7432,-1155.44,11.5688,1.93,51.8,87.5
7433,-1145.24,21.1915,1.91,52.2,87.5
7434,-1156.27,22.1158,1.89,51.5,87.5
7435,-1146.33,7.3769,1.9,53.1,87.5
7436,-1175.92,59.7488,1.96,49.9,87.5
7437,-1147.09,15.8865,1.99,44.2,87.5
7438,-1155.66,23.6211,1.99,43.8,87.6
7439,-1199.65,134.2605,1.95,48.3,87.6
7440,-1179.52,14.015,1.93,51.3,87.7
7441,-1158.45,21.7067,1.94,51.3,87.6
7442,-1162.36,32.5235,1.91,52.1,87.7
7443,-1174.41,17.0076,1.92,52.9,87.7
7444,-1204.04,123.5271,2.0,47.9,87.7
7445,-1186.35,22.8112,1.99,42.5,87.7
7446,-1140.81,79.7349,1.99,47.3,87.8
7447,-1177.07,60.5509,1.98,49.7,87.8
7448,-1147.59,70.957,1.94,51.9,87.7
7449,-1151.03,7.5403,1.96,51.8,87.8
7450,-1130.98,73.9612,1.92,51.7,87.7
7451,-1159.8,26.3266,1.97,52.3,87.8
7452,-1165.75,43.923,2.0,45.8,87.8
7453,-1163.74,13.0251,1.99,41.7,87.8
7454,-1152.57,81.1822,1.96,48.0,87.8
7455,-1166.08,22.603,1.93,51.3,87.9
7456,-1177.89,11.1542,1.92,51.3,87.8
7457,-1171.74,6.7004,1.94,52.2,88.0
7458,-1159.65,32.9453,1.93,52.5,87.9
7459,-1156.5,24.3737,1.99,49.8,87.9
7460,-1177.56,52.9511,1.99,44.6,88.0
7461,-1159.83,42.3065,1.96,43.9,88.0
7462,-1142.6,15.3819,1.94,48.3,88.0
7463,-1177.3,28.8414,1.93,52.0,88.1
7464,-1153.37,13.372,1.94,50.9,88.0
7465,-1140.46,33.0095,1.93,51.1,88.0
7466,-1161.5,7.5381,1.94,52.5,88.0
7467,-1168.62,9.6965,1.97,49.8,88.1
7468,-1159.59,25.9805,1.94,42.2,88.1
7469,-1146.87,24.8883,1.96,45.6,88.1
7470,-1156.57,16.6574,1.98,50.3,88.1
7471,-1138.37,23.0116,1.94,51.5,88.1
7472,-1169.38,9.9762,1.94,51.6,88.1
7473,-1149.05,25.8007,1.95,52.6,88.2
7474,-1150.99,24.5153,1.98,52.3,88.2
7475,-1162.3,11.8276,1.95,47.0,88.2
7476,-1166.83,6.5046,1.96,40.9,88.2
7477,-1165.86,62.1871,1.99,46.9,88.2
7478,-1163.39,20.6745,1.93,51.4,88.3
7479,-1172.24,17.1138,1.94,51.8,88.3
7480,-1150.71,49.7403,1.93,51.6,88.3
7481,-1169.56,4.669,1.91,52.3,88.3
7482,-1173.96,3.6679,1.98,50.4,88.3
7483,-1118.69,146.6326,1.94,43.8,88.3
7484,-1146.19,31.2978,1.95,44.5,88.3
7485,-1159.41,19.4764,1.92,48.7,88.3
7486,-1154.19,8.9399,1.9,51.6,88.4
7487,-1135.61,16.1346,1.92,51.4,88.3
7488,-1162.37,20.7976,1.92,52.0,88.4
7489,-1154.56,72.2415,1.96,52.0,88.4
7490,-1191.36,53.059,1.99,48.5,88.4
7491,-1180.49,16.0342,1.98,40.6,88.4
7492,-1174.14,7.7159,1.95,46.1,88.4
7493,-1164.19,33.5284,1.98,50.0,88.4
7494,-1142.38,49.3753,1.94,51.8,88.5
7495,-1170.87,6.8317,1.95,51.8,88.5
7496,-1163.51,8.1737,1.94,52.3,88.6
7497,-1165.18,4.5315,1.94,51.5,88.5
7498,-1159.82,30.7513,1.95,49.1,88.5
7499,-1184.74,25.1145,1.94,43.6,88.5
7500,-1188.47,15.1584,1.96,45.0,88.5
7501,-1183.92,9.2186,1.94,49.0,88.5
7502,-1167.64,26.0069,1.94,51.4,88.6
7503,-1177.25,28.2222,2.03,51.7,88.5
7504,-1186.57,21.8924,1.94,52.1,88.6
7505,-1166.89,41.2355,1.94,52.3,88.6
7506,-1198.8,52.0947,2.0,47.3,88.5
7507,-1211.84,62.3532,1.99,42.7,88.6
7508,-1200.62,19.6794,1.98,45.2,88.6
7509,-1157.24,70.4269,1.98,49.8,88.6
7510,-1167.76,39.0277,1.96,51.5,88.6
7511,-1179.69,7.7278,1.95,51.7,88.6
7512,-1162.72,25.3519,1.93,52.6,88.7
7513,-1170.57,10.4092,1.94,52.2,88.6
7514,-1171.07,18.3866,1.96,46.6,88.7
7515,-1171.02,18.3378,1.95,42.2,88.7
7516,-1169.7,18.9475,1.97,46.5,88.7
7517,-1176.08,34.6918,2.0,50.9,88.7
7518,-1193.9,25.3843,1.93,51.7,88.8
7519,-1176.71,35.2961,1.95,51.9,88.7
7520,-1211.16,46.7022,1.92,51.5,88.7
7521,-1182.68,18.4539,1.94,52.8,88.7
7522,-1189.6,38.5431,1.98,46.2,88.7
7523,-1160.24,37.929,2.01,42.6,88.8
7524,-1180.57,16.9753,1.96,47.4,88.8
7525,-1207.55,36.2374,1.95,52.1,88.8
7526,-1178.86,6.3828,1.95,51.4,88.8
7527,-1210.79,116.2798,1.93,52.0,88.8
7528,-1170.17,28.9736,1.92,51.9,88.9
7529,-1202.14,18.2772,1.98,51.0,88.9
7530,-1188.6,22.7246,2.0,44.6,88.9
7531,-1184.88,10.0888,1.87,42.0,88.3
7532,-1207.91,30.2121,1.97,44.9,87.6
7533,-1180.89,11.0751,1.96,47.1,87.6
7534,-1161.4,21.6181,1.95,51.9,87.6
7535,-1177.27,30.7807,1.94,51.4,87.6
7536,-1156.87,25.4863,1.91,52.0,87.6
7537,-1180.96,50.7576,1.93,52.6,87.6
7538,-1193.32,38.9409,1.94,52.0,87.6
7539,-1143.42,32.3683,1.97,46.6,87.6
7540,-1186.97,27.6872,1.98,42.4,87.6
7541,-1179.24,6.5596,1.98,47.1,87.7
7542,-1191.83,16.7825,1.95,52.0,87.6
7543,-1157.89,76.4476,1.94,51.7,87.6
7544,-1179.55,18.2573,1.91,51.0,87.6
7545,-1180.79,12.2801,1.93,52.3,87.7
7546,-1167.24,24.8718,1.94,53.0,87.7
7547,-1152.01,14.8778,1.97,47.7,87.7
7548,-1180.49,37.6514,1.95,42.2,87.7
7549,-1149.81,50.7104,1.98,46.2,87.8
7550,-1167.19,21.2669,1.99,50.8,87.9
7551,-1179.01,67.1723,1.96,52.2,88.0
7552,-1175.84,15.4062,1.94,51.0,88.1
7553,-1174.22,18.7612,1.94,52.3,88.1
7554,-1156.88,27.97,1.94,52.0,88.0
7555,-1174.14,11.1009,1.97,46.8,87.9
7556,-1173.06,25.435,1.99,41.7,88.0
7557,-1154.48,12.8439,1.99,46.7,88.0
7558,-1144.33,23.482,1.94,51.4,88.0
7559,-1145.8,14.5326,1.94,51.1,87.9
7560,-1135.65,15.4798,1.93,52.0,88.0
7561,-1159.71,48.1424,1.93,51.5,88.0
7562,-1143.63,13.5516,1.95,52.0,88.0
7563,-1177.9,115.0951,1.99,46.6,88.0
7564,-1126.33,12.1857,2.0,40.5,88.0
7565,-1180.46,60.5406,2.0,45.5,87.9
7566,-1183.34,52.4704,1.97,50.7,88.0
7567,-1150.4,53.3454,1.95,51.7,88.0
7568,-1156.51,20.2727,1.94,51.3,88.0
7569,-1164.51,5.0358,1.94,52.0,88.0
7570,-1160.9,17.2329,2.01,52.5,88.0
7571,-1148.79,11.855,1.96,49.6,87.9
7572,-1171.32,13.8682,1.95,41.1,88.0
7573,-1184.39,44.5001,1.96,46.6,88.0
7574,-1156.81,12.7794,1.93,51.9,88.1
7575,-1144.63,29.3857,1.9,51.3,88.1
7576,-1155.73,26.3405,1.91,51.2,88.0
7577,-1202.27,107.0457,1.96,52.7,88.0
7578,-1207.79,126.0956,2.01,50.1,88.0
7579,-1150.49,30.9895,1.95,43.7,88.0
7580,-1170.53,12.4439,2.0,44.1,88.0
7581,-1159.2,19.7571,1.95,50.4,88.1
7582,-1169.12,17.6023,1.93,51.4,88.0
7583,-1136.75,73.2456,1.95,51.3,88.0
7584,-1163.01,17.8136,1.94,51.9,88.1
7585,-1162.65,11.5897,1.97,52.0,88.1
7586,-1163.08,23.102,1.96,45.1,88.1
7587,-1150.64,15.1498,1.99,43.7,88.1
7588,-1183.62,44.0777,1.94,48.5,88.1
7589,-1153.47,13.7247,1.94,52.0,88.1
7590,-1151.5,5.794,1.95,50.6,88.1
7591,-1193.16,48.71,1.94,51.4,88.1
7592,-1163.86,7.5399,1.97,51.4,88.1
7593,-1170.77,81.2469,1.95,51.9,88.1
7594,-1184.12,16.6411,2.0,45.8,88.3
7595,-1166.58,18.397,2.0,43.6,88.2
7596,-1182.41,7.0579,1.96,49.0,88.3
7597,-1193.71,17.4749,1.97,50.8,88.3
7598,-1173.92,11.5702,2.03,51.9,88.3
7599,-1173.18,11.6794,1.91,51.8,88.3
7600,-1180.19,3.1801,1.95,52.5,88.3
7601,-1145.8,18.1095,1.97,50.2,88.3
7602,-1165.08,16.218,1.97,45.3,88.3
7603,-1178.05,7.6391,2.02,43.2,88.4
7604,-1141.16,77.5832,1.97,46.9,88.3
7605,-1149.3,47.8002,1.95,50.3,88.3
7606,-1184.54,13.7949,1.95,51.9,88.3
7607,-1139.74,68.9954,1.96,52.5,88.4
7608,-1163.77,8.5075,1.93,51.6,88.7
7609,-1164.94,2.1208,2.01,50.7,88.6
7610,-1174.79,18.5004,1.96,46.3,88.5
7611,-1164.62,38.7541,2.0,43.9,87.9
7612,-1156.04,22.6982,1.99,48.7,87.9
7613,-1170.6,9.5118,1.93,51.4,87.9
7614,-1161.81,16.3953,1.94,50.9,88.0
7615,-1140.81,34.4027,1.93,51.4,88.0
7616,-1186.29,72.6982,1.94,52.4,87.9
7617,-1175.12,20.3794,1.99,50.4,88.0
7618,-1183.72,20.5694,1.96,43.9,88.0
7619,-1143.08,126.6141,1.95,43.9,88.0
7620,-1163.8,13.9105,1.96,49.9,88.0
7621,-1159.05,32.3924,1.94,51.7,88.0
7622,-1175.43,71.7058,1.95,51.3,88.0
7623,-1155.56,10.0226,1.92,51.3,88.0
7624,-1158.2,17.7319,1.93,52.8,88.0
7625,-1169.89,26.9266,1.98,49.3,88.0
7626,-1165.87,20.6672,2.03,43.1,88.0
7627,-1170.7,9.3856,1.96,44.6,88.1
7628,-1163.54,10.2414,1.95,50.7,88.1
7629,-1192.17,25.4613,1.95,50.4,88.1
7630,-1179.48,4.7798,1.92,51.3,88.1
7631,-1139.57,70.6872,1.93,51.8,88.1
7632,-1151.92,43.129,1.98,52.4,88.1
7633,-1171.3,6.334,1.98,47.1,88.1
7634,-1132.59,47.2547,1.97,41.3,88.1
7635,-1155.55,3.5163,1.95,47.7,88.2
7636,-1183.95,39.451,1.96,51.6,88.2
7637,-1153.02,7.8668,1.92,51.5,88.2
7638,-1158.88,14.4504,1.94,51.7,88.2
7639,-1178.15,11.4337,1.92,52.2,88.2
7640,-1142.79,63.2173,1.95,50.2,88.2
7641,-1186.89,32.0924,1.98,44.8,88.2
7642,-1144.45,33.9171,1.94,44.9,88.2
7643,-1178.84,20.0058,1.97,48.5,88.2
7644,-1166.92,5.6118,1.93,52.0,88.2
7645,-1153.65,32.471,1.94,50.5,88.2
7646,-1161.7,5.0117,1.92,52.0,88.2
7647,-1149.37,25.9269,1.95,52.0,88.2
7648,-1150.92,35.0999,1.97,46.9,88.2
7649,-1155.57,13.5719,1.96,41.9,88.2
7650,-1144.7,13.6474,1.99,46.9,88.2
7651,-1151.57,6.2469,1.97,50.5,88.2
7652,-1173.18,67.9557,1.93,51.1,88.2
7653,-1139.51,5.661,1.94,51.2,88.3
7654,-1157.31,26.6032,1.95,51.8,88.3
7655,-1174.87,48.6677,1.97,52.4,88.3
7656,-1146.95,12.6424,1.99,46.5,88.3
7657,-1178.35,31.0341,2.0,40.5,88.3
7658,-1173.6,10.0008,1.95,47.3,88.3
7659,-1160.96,27.3424,1.94,51.3,88.3
7660,-1152.59,17.4446,1.95,51.4,88.3
7661,-1138.44,30.068,1.95,50.9,88.3
7662,-1139.66,47.1989,1.95,50.9,88.3
7663,-1183.92,110.4627,1.96,52.5,88.4
7664,-1170.89,61.091,1.94,46.6,88.4
7665,-1158.82,15.5964,1.98,41.4,88.3
7666,-1148.2,6.6152,1.97,45.6,88.4
7667,-1141.18,19.6123,1.94,51.0,88.4
7668,-1146.6,18.9325,1.96,51.4,88.4
7669,-1196.79,172.7387,1.95,51.8,88.4
7670,-1177.91,59.4886,1.94,51.2,88.4
7671,-1156.58,3.6689,1.94,52.8,88.4
7672,-1157.32,4.1778,1.98,47.1,88.4
7673,-1143.95,29.6912,1.95,41.6,88.5
7674,-1149.43,23.302,1.95,45.9,88.5
7675,-1158.86,14.648,1.96,51.2,88.5
7676,-1171.14,37.0781,1.93,51.6,88.5
7677,-1158.72,21.0352,1.94,51.5,88.5
7678,-1170.91,47.585,1.91,51.2,88.5
7679,-1173.96,16.444,1.96,52.1,88.5
7680,-1169.21,9.7485,1.98,45.2,88.5
7681,-1142.76,60.3134,2.01,43.5,88.5
7682,-1165.28,21.8693,1.97,48.1,88.5
7683,-1150.43,42.4539,1.95,51.9,88.6
7684,-1159.01,11.3516,1.95,51.5,88.6
7685,-1171.1,22.3324,1.92,51.3,88.6
7686,-1167.49,22.1988,2.03,52.4,88.6
7687,-1223.55,1098.3811,1.98,50.1,88.6
7688,-1167.63,11.7179,1.98,45.7,88.6
7689,-1180.69,10.3293,1.97,42.9,88.7
7690,-1158.1,18.1619,1.98,48.0,88.7
7691,-1157.12,33.5847,1.96,50.8,88.7
7692,-1160.94,11.171,1.93,51.3,88.7
7693,-1159.97,33.8957,1.91,50.9,88.7
7694,-1157.48,21.9252,1.91,52.5,88.7
7695,-1142.74,13.3171,1.96,51.6,88.7
7696,-1163.54,13.4685,1.95,46.4,88.8
7697,-1175.65,43.8349,1.99,42.2,88.7
7698,-1166.7,7.0397,1.99,48.1,88.7
7699,-1167.02,18.3044,1.97,51.7,88.8
7700,-1174.52,17.0334,1.94,51.2,88.8
7701,-1165.67,20.7082,1.92,51.0,88.9
7702,-1197.85,56.2948,1.95,51.9,88.8
7703,-1168.14,11.0756,1.98,49.5,88.8
7704,-1171.59,14.0477,1.97,44.9,88.9
7705,-1177.5,34.0594,1.99,44.5,88.9
7706,-1148.68,36.598,1.97,48.8,88.9
7707,-1193.41,27.35,1.97,51.7,89.0
7708,-1167.02,15.942,1.95,50.7,88.9
7709,-1200.36,81.2931,1.93,51.2,89.0
7710,-1166.25,17.4695,1.95,52.4,88.9
7711,-1174.31,17.106,2.01,46.5,89.0
7712,-1155.8,62.4071,2.01,41.7,89.0
7713,-1212.19,54.9846,2.0,46.7,89.1
7714,-1166.02,55.7585,1.94,51.5,89.0
7715,-1192.81,6.8564,1.96,51.4,89.0
7716,-1193.32,24.2211,1.93,51.7,89.0
7717,-1210.33,11.636,1.97,51.6,89.1
7718,-1134.66,163.4324,2.0,52.1,89.1
7719,-1184.5,15.7528,1.96,45.6,89.1
7720,-1190.89,21.0233,2.03,40.9,89.1
7721,-1160.09,39.1672,1.98,47.5,89.1
7722,-1163.04,10.8188,1.97,50.3,89.1
7723,-1203.17,71.1472,1.91,52.0,89.1
7724,-1160.0,12.6354,1.97,51.9,89.2
7725,-1169.72,11.0438,1.92,52.0,89.2
7726,-1181.84,19.0277,1.96,52.3,89.2
7727,-1150.73,52.1693,1.97,48.1,89.2
7728,-1159.52,47.2322,1.98,41.4,89.2
7729,-1184.68,11.7434,1.99,46.7,89.3
7730,-1190.28,26.1245,1.96,51.6,89.2
7731,-1203.67,24.8999,1.92,51.6,89.2
7732,-1209.82,32.5832,1.92,51.7,89.3
7733,-1176.76,29.6658,1.93,52.7,89.3
7734,-1153.94,117.4905,1.98,49.6,89.4
7735,-1162.66,88.0781,1.95,44.0,89.4
7736,-1191.89,9.4862,2.01,43.9,89.4
7737,-1204.0,44.836,1.97,49.2,89.4
7738,-1172.49,9.4401,1.93,50.6,89.4
7739,-1174.0,9.9466,1.96,51.1,89.4
7740,-1166.89,28.0252,1.94,51.7,89.5
7741,-1175.4,32.7005,1.94,52.2,89.4
7742,-1196.08,41.0554,1.98,49.1,89.5
7743,-1165.01,21.6374,1.99,41.7,89.5
7744,-1203.56,57.4659,1.98,45.2,89.5
7745,-1206.92,152.1446,1.97,50.0,89.5
7746,-1174.06,27.7402,2.01,51.4,89.5
7747,-1198.6,13.0305,1.95,51.2,89.5
7748,-1186.68,20.2353,1.93,51.1,89.6
7749,-1165.87,37.5002,1.94,52.8,89.6
7750,-1226.1,275.4836,1.99,47.4,89.6
7751,-1181.62,24.9505,1.95,41.7,89.6
7752,-1160.3,41.7088,1.96,44.9,89.6
7753,-1194.2,49.7248,1.94,49.9,89.6
7754,-1177.8,24.1565,1.95,50.9,89.6
7755,-1172.28,9.937,1.92,50.9,89.7
7756,-1156.81,13.456,1.95,51.8,89.7
7757,-1177.71,6.1646,1.95,52.8,89.7
7758,-1156.28,17.7621,1.98,47.2,89.7
7759,-1159.78,8.9742,1.97,42.4,89.7
7760,-1148.58,22.9965,1.98,48.5,89.7
7761,-1189.32,71.5806,1.97,51.2,89.8
7762,-1153.18,26.0436,1.95,51.0,89.8
7763,-1147.56,557.6129,1.92,51.4,89.8
7764,-1189.7,127.8146,1.94,52.4,89.8
7765,-1176.56,54.0092,1.97,47.6,89.8
7766,-1165.67,12.0837,1.98,43.4,89.8
7767,-1144.56,51.841,1.99,46.6,89.8
7768,-1177.75,22.3819,1.98,48.8,89.9
7769,-1160.88,21.7756,1.95,50.9,89.8
7770,-1165.31,23.3773,1.96,50.2,89.8
7771,-1140.64,37.4067,1.94,52.2,89.9
7772,-1163.27,127.3658,1.97,52.5,89.9
7773,-1137.32,60.8402,2.0,47.4,89.9
7774,-1156.39,9.905,1.95,41.4,89.9
7775,-1152.65,17.9057,2.0,45.1,89.9
7776,-1165.05,7.9733,2.02,49.9,90.0
7777,-1146.49,8.0639,1.96,51.5,90.0
7778,-1191.29,98.0826,1.94,50.7,90.0
7779,-1179.55,169.7257,1.93,51.5,90.0
7780,-1170.7,24.7389,1.92,51.8,90.0
7781,-1171.89,15.0987,1.97,50.1,90.0
7782,-1162.79,7.9345,1.98,44.3,90.1
7783,-1149.64,32.1674,2.01,43.1,90.1
7784,-1160.96,9.9861,1.93,48.4,90.1
7785,-1147.6,33.707,1.97,52.1,90.1
7786,-1150.71,8.5754,1.93,51.4,90.2
7787,-1143.62,23.05,1.92,51.2,90.2
7788,-1213.39,335.4024,1.94,51.9,90.1
7789,-1134.99,14.0038,1.97,51.9,90.2
7790,-1144.22,10.5469,1.97,44.4,90.2
7791,-1164.53,43.9834,1.96,43.5,90.2
7792,-1175.6,32.3146,1.94,48.8,90.2
7793,-1163.13,9.9936,1.95,51.1,90.3
7794,-1144.62,48.4817,1.94,51.2,90.3
7795,-1183.34,17.7001,1.93,51.9,90.3
7796,-1198.97,197.7349,1.92,52.2,90.3
7797,-1169.97,23.2369,1.98,49.6,90.3
7798,-1139.0,74.0958,1.97,43.0,90.3
7799,-1152.97,14.5464,1.97,46.6,90.3
7800,-1148.98,41.8146,1.96,50.4,90.4
7801,-1154.98,11.9615,1.95,51.2,90.4
7802,-1174.78,101.6174,1.94,51.1,90.4
7803,-1144.55,3.0074,1.95,52.3,90.4
7804,-1148.44,9.6821,1.97,52.1,90.5
7805,-1154.66,6.893,1.99,46.8,90.3
7806,-1167.66,7.7773,2.05,43.6,90.3
7807,-1173.28,864.4612,1.97,46.7,90.4
7808,-1150.61,20.3767,1.97,50.9,90.4
7809,-1150.07,8.2044,1.94,51.4,90.4
7810,-1123.69,77.9702,1.93,51.3,90.4
7811,-1150.0,26.6758,1.93,51.7,90.4
7812,-1182.36,113.2529,1.93,51.2,90.4
7813,-1149.71,15.7186,1.95,45.2,90.4
7814,-1135.67,24.9897,1.96,44.0,90.4
7815,-1123.32,54.1856,1.97,49.0,90.4
7816,-1160.78,32.5619,1.95,50.8,90.5
7817,-1161.42,42.451,1.95,50.8,90.5
7818,-1158.62,17.7461,1.9,51.8,90.5
7819,-1187.46,90.4411,1.94,52.8,90.5
7820,-1168.07,9.4562,1.98,47.7,90.5
7821,-1176.74,8.1413,1.95,42.5,90.5
7822,-1179.27,570.4174,1.99,46.3,90.6
7823,-1191.4,68.623,1.95,49.7,90.6
7824,-1173.2,7.5533,1.94,51.4,90.6
7825,-1167.16,23.7313,1.92,51.3,90.6
7826,-1184.65,19.7717,1.92,51.7,90.6
7827,-1167.63,9.1667,1.93,52.8,90.6
7828,-1151.52,48.4523,1.98,46.3,90.6
7829,-1169.78,8.2824,1.96,41.3,90.7
7830,-1203.55,101.1277,1.98,46.1,90.7
7831,-1213.53,117.1123,1.97,50.1,90.7
7832,-1180.08,141.3828,1.94,51.1,90.7
7833,-1183.53,103.9591,1.94,51.7,90.8
7834,-1201.56,56.967,1.94,52.3,90.8
7835,-1197.04,79.5027,1.97,52.6,90.8
7836,-1208.65,31.2735,1.99,47.2,90.8
7837,-1219.53,42.7221,1.98,41.1,90.8
7838,-1219.45,39.1634,1.98,46.0,90.8
7839,-1201.66,46.1926,1.99,49.4,90.8
7840,-1195.65,34.6596,1.96,51.7,90.8
7841,-1200.15,29.6862,1.95,50.9,90.9
7842,-1220.45,54.0348,1.95,52.0,90.9
7843,-1210.37,26.7745,1.97,52.2,90.9
7844,-1187.74,43.2148,2.02,50.0,91.0
7845,-1197.08,21.8693,2.02,44.2,91.0
7846,-1176.35,49.1467,2.03,42.9,91.0
7847,-1205.27,26.2387,2.02,48.3,91.0
7848,-1219.91,156.2226,1.98,51.7,91.0
7849,-1179.92,17.4759,2.02,52.2,91.7
7850,-1193.5,18.5243,2.04,52.4,91.9
7851,-1246.68,171.563,1.95,52.5,91.9
7852,-1176.24,58.0489,1.99,52.1,91.9
7853,-1176.24,42.6963,2.03,47.2,91.6
7854,-1197.03,45.6707,1.92,41.5,91.0
7855,-1201.7,24.1276,1.97,51.2,91.0
7856,-1211.2,168.1648,2.01,46.2,90.9
7857,-1166.72,76.5808,2.02,41.8,91.0
7858,-1205.78,121.0495,2.01,46.8,91.0
7859,-1168.54,127.5496,1.95,49.5,91.0
7860,-1244.18,214.9573,1.96,51.7,91.0
7861,-1190.7,38.396,1.98,51.0,91.0
7862,-1214.69,45.3874,1.94,51.7,91.0
7863,-1221.4,68.8279,1.98,52.3,90.9
7864,-1258.27,456.4051,1.98,49.4,91.0
7865,-1215.65,22.5451,2.0,44.2,91.0
7866,-1197.6,61.5691,2.11,45.1,91.0
7867,-1269.14,149.0176,2.0,49.3,91.0
7868,-1211.35,85.6183,1.99,51.5,91.0
7869,-1205.82,22.1685,1.95,51.2,91.0
7870,-1238.92,76.7608,1.97,51.7,91.1
7871,-1204.21,18.5442,1.96,51.5,91.0
7872,-1197.6,14.4643,1.98,52.2,91.1
7873,-1208.0,46.2205,1.98,47.4,91.0
7874,-1209.32,22.5978,2.01,42.8,91.1
7875,-1199.14,128.8918,2.0,45.6,91.1
7876,-1191.73,67.4395,1.98,50.6,91.1
7877,-1221.6,27.694,1.96,51.0,91.1
7878,-1212.91,27.1202,1.94,51.6,91.1
7879,-1214.13,29.3699,1.97,51.3,91.1
7880,-1216.49,22.3503,1.97,52.4,91.1
7881,-1207.16,69.4501,2.02,46.9,92.0
7882,-1224.86,13.8612,2.02,43.8,91.7
7883,-1216.26,71.6925,2.0,48.5,91.6
7884,-1211.15,42.6528,1.97,51.6,91.6
7885,-1211.27,27.529,1.97,51.4,91.5
7886,-1214.08,60.1251,1.96,51.5,91.4
7887,-1214.62,42.2225,1.97,52.6,91.5
7888,-1204.47,33.7087,2.02,50.0,91.3
7889,-1215.62,28.991,2.04,46.4,91.1
7890,-1220.61,56.0896,2.03,43.2,91.0
7891,-1219.74,63.2394,2.01,46.8,91.1
7892,-1220.87,22.098,1.98,51.8,91.1
7893,-1186.85,125.9431,1.97,51.2,91.1
7894,-1219.27,30.6561,1.97,50.9,91.1
7895,-1241.76,136.4239,1.95,50.7,91.0
7896,-1195.92,18.5312,1.97,51.9,91.1
7897,-1168.42,60.3432,1.96,48.7,91.0
7898,-1196.0,45.9922,2.04,41.8,91.0
7899,-1216.87,75.6759,2.01,45.4,91.0
7900,-1181.35,26.9917,1.96,48.8,91.0
7901,-1214.86,111.699,1.97,51.2,91.1
7902,-1198.83,24.2746,1.94,50.5,91.2
7903,-1192.63,22.1999,1.93,51.7,91.2
7904,-1185.6,47.19,1.98,53.5,91.2
7905,-1175.54,53.2715,1.98,44.0,90.4
7906,-1229.71,143.9236,1.97,44.4,90.5
7907,-1195.06,16.0145,2.0,48.3,90.5
7908,-1184.97,15.0381,1.97,51.2,90.5
7909,-1178.65,35.0127,1.96,51.3,90.5
7910,-1202.46,17.3385,1.93,51.4,90.5
7911,-1185.43,28.6927,1.96,52.2,90.5
7912,-1187.12,18.0431,2.0,51.1,90.5
7913,-1191.56,38.7801,1.99,45.0,90.5
7914,-1199.81,24.9755,2.02,43.4,90.5
7915,-1197.96,22.6208,1.99,47.8,90.5
7916,-1229.11,66.7738,2.03,49.4,90.6
7917,-1215.54,16.3238,1.96,50.8,90.6
7918,-1190.98,32.4141,1.98,50.3,90.6
7919,-1193.44,24.1389,1.96,51.2,90.6
7920,-1200.22,9.1841,2.07,51.5,90.5
7921,-1195.89,9.3028,1.98,50.1,90.6
7922,-1197.45,6.1772,2.03,45.5,90.5
7923,-1212.93,27.3081,2.04,41.8,90.6
7924,-1193.26,20.9343,1.98,46.4,90.6
7925,-1220.33,7.0741,1.95,51.4,90.6
7926,-1217.32,4.5914,1.94,50.6,90.6
7927,-1207.32,12.2365,1.95,51.7,90.6
7928,-1216.25,27.4867,1.95,52.0,90.6
7929,-1184.76,37.3959,1.97,52.2,90.6
7930,-1187.69,18.6969,2.02,45.9,90.6
7931,-1184.28,44.2377,2.03,42.3,90.6
7932,-1195.37,13.7361,1.99,46.2,90.6
7933,-1185.68,18.0128,2.0,51.0,90.7
7934,-1238.7,178.5843,1.99,51.3,90.7
7935,-1195.93,27.2926,1.97,51.8,90.7
7936,-1216.16,97.7101,2.01,52.5,90.6
7937,-1212.99,28.3455,1.99,52.4,90.7
7938,-1188.83,189.9632,2.01,50.0,90.7
7939,-1204.74,13.3055,1.99,45.2,90.7
7940,-1208.12,16.1608,2.0,42.7,90.8
7941,-1182.45,47.5673,2.01,48.0,90.8
7942,-1190.9,37.3917,1.98,51.1,90.7
7943,-1192.42,26.2582,1.99,51.3,90.8
7944,-1205.12,20.1752,1.98,51.2,90.8
7945,-1193.17,8.1274,1.97,51.5,90.7
7946,-1216.95,52.0908,1.98,52.6,90.8
7947,-1209.78,8.2633,2.02,48.6,90.8
7948,-1180.35,21.498,2.01,46.0,90.8
7949,-1209.49,14.8154,2.0,43.3,90.8
7950,-1219.83,45.7743,2.01,48.4,90.9
7951,-1188.78,24.4581,1.97,51.2,90.8
7952,-1200.53,14.6477,2.05,51.3,90.8
7953,-1186.75,16.5224,1.97,51.8,90.8
7954,-1201.56,54.5236,1.98,51.7,90.8
7955,-1220.89,67.1842,2.0,51.2,90.9
7956,-1199.96,22.423,2.0,46.7,90.9
7957,-1200.35,15.8153,2.01,41.7,90.9
7958,-1207.23,8.6913,1.99,46.5,90.8
7959,-1194.17,23.3963,1.97,49.5,90.9
7960,-1194.54,18.6681,2.0,51.3,90.9
7961,-1229.99,53.8857,1.97,50.6,90.9
7962,-1213.5,4.6626,1.96,51.9,90.9
7963,-1232.88,16.4742,1.98,52.6,90.8
7964,-1205.91,25.016,2.03,48.5,90.9
7965,-1205.66,79.1784,2.03,44.6,90.9
7966,-1244.91,58.9815,2.04,44.5,90.9
7967,-1201.77,16.0619,2.0,49.6,90.9
7968,-1222.08,12.7881,1.98,50.7,90.9
7969,-1173.37,170.083,1.94,51.0,90.9
7970,-1176.54,137.9965,1.91,51.1,90.9
7971,-1205.34,13.75,1.99,52.0,90.9
7972,-1133.13,240.4295,1.98,49.3,90.9
7973,-1153.99,111.0952,1.97,42.8,90.9
7974,-1169.7,56.1054,1.94,45.4,90.9
7975,-1154.52,63.4227,1.96,49.6,90.9
7976,-1176.92,64.0869,1.93,50.5,90.9
7977,-1153.53,21.1097,1.93,50.6,90.9
7978,-1166.01,20.287,1.93,51.4,90.9
7979,-1170.82,26.6824,1.98,51.4,90.9
7980,-1157.55,17.663,1.97,45.5,90.9
7981,-1133.38,72.7593,2.0,41.2,90.9
7982,-1172.29,12.06,1.98,47.0,91.0
7983,-1187.86,79.0853,1.95,50.8,90.9
7984,-1172.89,11.7133,1.92,51.2,90.9
7985,-1156.98,19.3008,1.91,51.7,90.9
7986,-1180.14,113.7157,2.0,52.2,90.9
7987,-1167.55,32.2168,1.99,50.3,90.9
7988,-1170.52,6.8909,1.97,42.6,90.9
7989,-1164.37,20.6386,1.95,45.7,91.0
7990,-1178.77,14.6602,1.93,50.5,90.9
7991,-1164.06,10.9157,1.92,51.0,90.9
7992,-1191.02,28.6857,1.93,51.3,90.9
7993,-1162.15,31.1874,1.92,52.2,91.0
7994,-1165.62,28.5895,1.98,51.0,91.1
7995,-1174.88,16.5872,1.98,44.3,91.1
7996,-1171.4,14.0948,2.0,43.9,91.0
7997,-1141.3,33.7604,1.95,49.3,91.0
7998,-1145.77,25.5609,1.96,51.2,91.0
7999,-1180.61,70.7178,1.97,51.4,91.1
8000,-1203.22,237.6398,1.96,51.9,91.1
8001,-1153.92,24.1206,2.04,52.8,91.0
8002,-1155.31,18.7385,2.02,48.1,91.2
8003,-1156.04,140.5727,1.98,41.4,91.2
8004,-1137.92,46.5206,1.96,46.2,91.2
8005,-1162.84,32.155,1.93,51.2,91.2
8006,-1174.24,69.6687,1.93,51.0,91.3
8007,-1170.79,53.3838,1.94,51.1,91.2
8008,-1182.21,43.3124,1.93,51.8,91.2
8009,-1182.87,18.8588,1.97,50.6,91.2
8010,-1164.58,65.0305,1.97,43.1,91.3
8011,-1179.35,17.0171,1.97,46.6,91.3
8012,-1182.21,19.9892,1.94,49.8,91.3
8013,-1161.91,37.1047,1.94,51.1,91.3
8014,-1141.86,54.7322,1.92,51.0,91.3
8015,-1158.67,24.9068,1.93,51.9,91.3
8016,-1211.52,187.8494,2.01,51.3,91.4
8017,-1169.29,88.5608,1.98,44.9,91.4
8018,-1157.42,15.1985,1.97,41.0,91.3
8019,-1171.69,29.383,1.97,47.0,91.3
8020,-1170.95,17.5987,1.95,51.2,91.3
8021,-1207.61,59.0763,1.98,51.7,91.3
8022,-1214.66,58.4163,1.96,51.2,91.4
8023,-1154.91,123.7696,1.93,52.0,91.3
8024,-1191.76,56.0047,2.01,50.6,91.3
8025,-1170.06,207.2525,2.01,44.5,91.3
8026,-1218.21,145.7528,2.03,43.6,91.3
8027,-1162.96,56.0392,1.95,48.5,91.4
8028,-1187.86,138.07,1.94,50.9,91.4
8029,-1146.79,60.311,1.92,50.6,91.3
8030,-1156.94,50.5376,1.91,52.3,91.3
8031,-1182.2,78.4384,1.95,52.3,91.4
8032,-1149.27,45.6676,1.97,47.7,91.4
8033,-1150.9,27.0225,1.99,43.2,91.4
8034,-1173.31,53.1402,1.93,45.4,91.4
8035,-1175.7,45.0758,1.98,49.5,91.4
8036,-1163.44,19.3503,1.95,50.7,91.4
8037,-1162.47,29.1233,1.93,51.0,91.5
8038,-1148.7,27.3074,1.94,52.0,91.5
8039,-1167.81,42.6324,1.96,52.5,91.5
8040,-1168.27,69.0506,2.01,46.4,91.5
8041,-1172.09,20.5697,1.98,41.5,91.5
8042,-1152.09,18.2065,1.99,47.9,91.5
8043,-1198.24,158.4637,1.95,50.8,91.5
8044,-1164.05,25.5185,1.93,51.2,91.5
8045,-1180.57,337.2839,1.95,51.6,91.6
8046,-1174.97,39.7474,1.93,52.3,91.5
8047,-1166.33,9.2676,1.95,51.5,91.5
8048,-1160.74,13.3311,1.96,45.0,91.6
8049,-1186.19,63.9294,1.99,43.1,91.6
8050,-1180.34,11.1741,1.95,49.0,91.6
8051,-1181.09,5.7574,1.96,51.6,91.6
8052,-1169.86,13.368,1.94,51.2,91.6
8053,-1168.45,10.8608,1.92,51.4,91.6
8054,-1156.33,58.8319,1.94,52.4,91.7
8055,-1155.68,11.6434,1.98,47.0,91.7
8056,-1166.56,17.5414,1.98,41.8,91.7
8057,-1178.95,65.9744,1.95,46.8,91.7
8058,-1164.58,15.178,1.95,51.9,91.7
8059,-1171.46,22.5116,1.93,51.6,91.7
8060,-1151.81,23.1706,1.92,50.8,91.7
8061,-1160.71,3.7824,2.02,53.0,91.8
8062,-1165.36,8.9152,1.99,49.4,91.7
8063,-1173.93,18.8487,1.94,43.8,91.8
8064,-1169.99,4.6186,1.98,46.1,91.8
8065,-1168.51,6.7498,1.95,50.2,91.8
8066,-1173.93,13.7554,1.95,50.9,91.9
8067,-1141.4,62.4578,1.94,50.4,91.9
8068,-1168.01,17.8731,1.91,51.4,91.9
8069,-1186.41,112.83,1.98,52.1,91.8
8070,-1168.02,13.9884,1.97,48.8,91.9
8071,-1172.09,10.2238,1.98,41.3,92.0
8072,-1164.32,225.309,1.98,45.6,91.9
8073,-1168.34,6.4332,2.01,50.1,91.9
8074,-1166.3,13.0834,1.94,51.0,91.9
8075,-1187.34,13.3302,1.93,51.7,92.0
8076,-1155.17,59.1499,1.92,52.2,92.0
8077,-1167.03,11.4379,1.96,52.0,92.1
8078,-1192.25,33.0088,1.97,45.1,92.0
8079,-1165.58,94.9988,2.01,43.9,92.1
8080,-1163.92,11.7357,1.95,46.8,92.0
8081,-1167.82,7.4218,1.94,51.0,92.1
8082,-1150.7,11.9936,1.92,51.3,92.1
8083,-1143.4,12.2733,1.9,51.6,92.1
8084,-1152.78,8.1389,1.94,51.8,92.1
8085,-1160.11,28.9227,1.94,49.0,92.1
8086,-1176.27,28.8355,1.94,42.3,92.1
8087,-1171.23,10.3332,1.97,46.1,92.2
8088,-1199.78,135.9906,1.97,50.6,92.2
8089,-1146.6,65.3437,1.96,51.4,92.2
8090,-1165.39,28.4743,1.95,50.6,92.2
8091,-1218.23,200.5725,1.95,51.6,92.2
8092,-1166.81,17.5006,1.92,52.3,92.2
8093,-1198.19,82.6742,2.01,46.3,92.2
8094,-1188.48,64.9822,1.99,41.0,92.2
8095,-1203.95,50.8484,2.03,46.1,92.3
8096,-1186.67,55.6271,1.99,49.2,92.3
8097,-1216.49,33.0893,1.96,51.0,92.3
8098,-1148.75,128.1196,1.91,50.9,92.3
8099,-1161.11,99.8962,1.92,51.9,92.3
8100,-1145.27,92.5806,1.93,52.5,92.3
8101,-1162.75,63.6967,1.95,46.5,92.3
8102,-1165.33,51.7671,1.94,41.3,92.3
8103,-1166.81,38.3738,1.98,48.0,92.3
8104,-1163.19,26.2323,1.93,51.5,92.4
8105,-1152.04,36.9951,1.92,50.7,92.3
8106,-1175.78,34.6002,1.93,50.5,92.4
8107,-1188.88,39.8636,1.95,51.8,92.3
8108,-1167.62,618.9063,1.95,49.9,92.4
8109,-1174.11,15.4374,1.95,44.3,92.4
8110,-1170.4,27.0299,1.98,44.7,92.4
8111,-1167.41,14.8633,1.94,48.2,92.4
8112,-1183.1,39.1433,1.94,51.5,92.4
8113,-1161.36,8.2119,1.95,51.1,92.4
8114,-1164.96,33.1832,1.92,52.4,92.4
8115,-1176.76,7.102,1.95,52.1,92.4
8116,-1161.46,8.9931,1.99,46.8,92.4
8117,-1164.5,22.9135,1.94,42.4,92.4
8118,-1145.99,31.8922,1.96,46.9,92.4
8119,-1177.3,58.4935,1.93,51.1,92.4
8120,-1180.6,66.5353,1.95,50.8,92.4
8121,-1146.8,25.3386,2.02,51.7,92.4
8122,-1174.34,23.872,1.92,52.7,92.4
8123,-1134.27,36.4639,1.97,50.7,92.5
8124,-1172.1,26.3565,1.98,44.6,92.5
8125,-1148.91,17.1963,1.97,43.6,92.4
8126,-1168.26,10.3159,1.97,50.0,92.5
8127,-1166.01,7.1646,1.96,51.0,92.4
8128,-1133.21,74.325,1.96,50.8,92.4
8129,-1166.25,10.9464,1.91,51.2,92.4
8130,-1182.51,21.018,1.92,51.8,92.4
8131,-1156.67,12.9669,1.97,47.2,92.4
8132,-1171.87,47.4731,1.96,41.6,92.5
8133,-1172.98,52.3394,1.98,46.7,92.5
8134,-1206.21,120.3184,2.01,51.1,92.5
8135,-1203.49,65.36,1.96,51.3,92.5
8136,-1171.47,42.019,1.94,51.2,92.5
8137,-1176.38,115.1996,1.91,51.4,92.5
8138,-1165.0,12.2244,1.93,51.2,92.5
8139,-1166.32,85.5688,1.97,45.3,92.5
8140,-1151.23,57.2335,1.99,42.5,92.5
8141,-1139.56,48.4822,1.96,47.6,92.6
8142,-1164.72,14.8456,1.95,51.1,92.6
8143,-1165.13,34.4012,1.95,51.2,92.6
8144,-1156.81,20.8706,1.91,52.0,92.6
8145,-1156.4,14.5398,1.94,52.6,92.6
8146,-1173.84,17.6951,1.98,49.0,92.6
8147,-1164.19,18.9842,1.95,43.5,92.7
8148,-1167.2,10.0694,1.98,46.4,92.7
8149,-1172.97,19.7432,1.96,49.5,92.7
8150,-1180.83,4.0258,1.96,51.4,92.7
8151,-1159.8,33.6786,1.93,51.1,92.7
8152,-1152.27,19.8251,2.07,51.6,93.6
8153,-1176.63,30.4087,1.95,52.1,93.7
8154,-1162.67,5.0386,1.94,45.7,93.1
8155,-1152.96,17.572,1.94,43.2,93.1
8156,-1181.5,7.4724,1.95,49.0,92.9
8157,-1162.21,25.885,1.97,51.6,92.9
8158,-1132.87,51.3776,1.92,51.0,92.9
8159,-1153.32,51.8929,1.94,52.6,92.9
8160,-1149.47,35.714,1.92,52.6,92.9
8161,-1145.26,17.5888,1.98,48.8,92.7
8162,-1146.87,21.2551,1.96,43.2,92.7
8163,-1165.09,20.6996,1.99,45.3,92.7
8164,-1139.88,13.3521,1.93,50.1,92.8
8165,-1146.1,16.5209,1.92,51.1,92.8
8166,-1149.06,15.32,1.95,51.2,92.8
8167,-1174.62,74.5044,1.95,51.6,92.8
8168,-1158.22,12.6067,1.97,51.9,92.9
8169,-1149.98,14.5298,1.98,47.4,92.8
8170,-1132.42,22.4032,2.01,42.0,92.8
8171,-1127.37,28.9384,1.99,46.4,92.8
8172,-1145.78,42.3133,1.95,51.6,92.8
8173,-1166.86,55.8239,1.93,51.1,92.9
8174,-1156.35,13.3311,1.94,51.4,92.9
8175,-1156.32,10.7272,1.91,52.3,92.9
8176,-1161.74,19.656,1.98,49.3,92.9
8177,-1170.3,14.7167,1.99,43.1,92.9
8178,-1138.84,32.6359,1.97,45.7,93.0
8179,-1147.42,28.6554,1.98,49.7,93.0
8180,-1170.33,38.5968,1.92,51.6,93.1
8181,-1148.37,16.3948,2.02,51.2,93.0
8182,-1160.44,24.6143,1.92,51.6,93.0
8183,-1174.64,31.9049,1.97,51.6,93.1
8184,-1142.79,49.932,2.0,46.1,93.1
8185,-1157.57,5.6103,1.99,41.5,93.1
8186,-1157.51,38.5778,1.95,46.9,93.2
8187,-1161.3,25.7664,1.98,50.2,93.1
8188,-1170.65,39.5201,1.92,51.1,93.1
8189,-1154.34,12.8462,1.92,51.7,93.2
8190,-1162.79,85.4614,1.95,52.3,93.2
8191,-1150.74,24.3043,1.97,52.1,93.2
8192,-1175.88,38.9788,1.97,45.8,93.2
8193,-1166.19,40.1765,1.89,42.1,92.5
8194,-1185.44,68.2951,1.96,47.0,92.5
8195,-1139.63,36.8192,1.96,41.6,92.6
8196,-1157.38,60.7561,1.97,47.9,92.6
8197,-1152.04,4.9289,1.95,52.0,92.6
8198,-1147.01,197.089,1.92,51.5,92.6
8199,-1156.0,17.4634,1.93,51.5,92.6
8200,-1155.03,493.1051,1.92,52.4,92.6
8201,-1162.72,21.533,1.98,51.3,92.6
8202,-1182.17,390.59,1.97,46.3,92.6
8203,-1180.01,20.4081,1.97,41.8,92.7
8204,-1149.98,20.7357,1.98,47.2,92.7
8205,-1185.33,52.2936,1.92,51.8,92.7
8206,-1152.6,24.5517,1.92,52.4,92.7
8207,-1138.49,71.5337,1.9,51.3,92.7
8208,-1147.78,33.6983,1.95,52.5,92.7
8209,-1162.36,18.867,1.99,50.9,92.7
8210,-1164.95,30.6444,1.96,43.4,92.7
8211,-1151.59,7.3909,1.98,44.5,92.7
8212,-1145.79,10.3261,1.94,48.7,92.8
8213,-1162.48,19.8586,1.94,51.3,92.8
8214,-1158.78,18.5746,1.94,51.0,92.9
8215,-1156.88,8.4962,1.92,51.4,92.8
8216,-1146.76,19.0244,1.95,52.5,92.8
8217,-1158.96,153.7524,2.0,46.8,92.8
8218,-1151.76,26.2339,1.98,41.6,92.9
8219,-1142.68,13.934,1.96,46.1,93.0
8220,-1172.29,46.5889,1.93,51.4,93.0
8221,-1146.46,11.5202,1.94,50.9,93.0
8222,-1159.98,412.4316,1.91,51.6,93.0
8223,-1160.96,11.2202,1.95,52.1,93.0
8224,-1155.7,22.344,1.98,51.3,93.0
8225,-1142.99,7.6878,1.96,44.2,93.0
8226,-1170.89,47.8721,2.0,44.8,93.0
8227,-1163.39,27.6641,1.94,49.7,93.1
8228,-1157.0,11.8319,1.93,51.1,93.1
8229,-1206.54,93.0484,1.96,50.3,93.1
8230,-1148.74,99.7904,1.92,51.6,93.1
8231,-1123.71,159.3151,1.93,52.2,93.1
8232,-1149.7,42.4566,1.95,47.2,93.1
8233,-1159.93,7.6985,2.0,40.8,93.1
8234,-1167.67,26.5339,1.96,48.0,93.1
8235,-1165.44,67.5619,1.97,51.2,93.1
8236,-1148.65,9.8236,1.92,51.0,93.1
8237,-1186.35,65.2715,1.93,51.5,93.2
8238,-1134.96,28.4856,1.92,52.2,93.1
8239,-1177.91,28.2537,1.99,49.7,93.2
8240,-1156.45,7.1436,1.95,44.0,93.2
8241,-1140.6,18.4335,1.98,43.6,93.2
8242,-1169.55,25.3343,1.96,48.8,93.2
8243,-1151.92,8.314,1.93,51.1,93.2
8244,-1155.45,4.6875,1.95,51.4,93.2
8245,-1164.81,27.0789,1.94,51.7,93.2
8246,-1172.75,28.758,1.94,52.1,93.2
8247,-1183.05,41.9235,1.95,47.8,93.2
8248,-1140.84,55.1285,1.96,43.2,93.3
8249,-1152.06,26.197,1.98,44.3,93.2
8250,-1159.98,12.4451,1.95,50.8,93.3
8251,-1159.88,7.5723,1.93,51.3,93.3
8252,-1194.91,78.5448,1.99,51.6,93.4
8253,-1140.83,24.1211,1.93,51.7,93.3
8254,-1175.29,29.8598,1.94,52.6,93.3
8255,-1140.59,26.483,1.95,47.1,93.3
8256,-1172.0,29.7495,1.98,42.0,93.3
8257,-1203.04,142.202,2.01,46.2,93.3
8258,-1186.15,56.4444,1.99,50.5,93.4
8259,-1136.36,65.5548,1.95,50.7,93.3
8260,-1133.29,44.2532,1.94,51.4,93.4
8261,-1172.0,30.67,1.92,52.1,93.4
8262,-1129.54,37.2699,1.94,52.7,93.4
8263,-1165.76,51.9093,1.95,46.9,93.4
8264,-1123.91,40.5417,2.0,42.0,93.5
8265,-1136.91,12.1267,1.96,45.3,93.4
8266,-1151.8,53.5414,1.94,50.8,93.4
8267,-1164.58,48.1544,1.96,51.1,93.4
8268,-1220.31,218.7698,1.95,51.4,93.5
8269,-1162.9,10.3633,1.94,51.6,93.5
8270,-1147.3,26.9965,1.96,51.6,93.5
8271,-1152.82,13.3905,1.94,44.6,93.5
8272,-1172.0,7.8054,1.93,41.7,93.5
8273,-1174.71,21.1423,1.94,47.3,93.5
8274,-1136.9,44.4918,1.95,51.3,93.5
8275,-1219.17,162.9623,1.95,51.4,93.6
8276,-1218.42,157.5377,1.97,51.7,93.6
8277,-1131.68,115.7716,1.91,51.9,93.6
8278,-1164.1,19.8911,1.94,52.2,93.6
8279,-1178.83,16.2215,1.95,46.3,93.6
8280,-1196.27,128.3423,2.06,42.7,93.7
8281,-1196.01,94.6247,2.02,46.4,93.7
8282,-1140.96,26.4286,1.95,51.9,93.7
8283,-1178.64,45.4156,1.92,50.7,93.7
8284,-1150.13,10.618,1.9,51.3,93.6
8285,-1157.21,19.7577,1.92,52.2,93.7
8286,-1179.27,110.6333,1.99,52.3,93.7
8287,-1165.28,27.6572,1.95,46.3,93.7
8288,-1167.94,6.5149,1.96,42.4,93.8
8289,-1161.83,7.8959,1.99,45.9,93.7
8290,-1148.21,34.0085,1.98,50.3,93.8
8291,-1209.47,103.7646,1.98,51.2,93.8
8292,-1210.49,94.3904,1.97,50.5,93.8
8293,-1147.36,47.5665,1.93,52.0,93.8
8294,-1151.04,38.3779,1.97,52.1,93.8
8295,-1186.17,101.6444,2.02,49.5,93.8
8296,-1160.53,6.4276,1.95,46.0,93.9
8297,-1160.68,31.4062,2.0,42.4,93.9
8298,-1156.75,15.6537,1.91,46.7,93.9
8299,-1154.63,21.8452,1.94,50.6,93.9
8300,-1201.2,108.5409,1.96,51.0,93.9
8301,-1174.58,18.8423,1.93,52.0,93.9
8302,-1163.68,9.2502,1.92,46.1,93.1
8303,-1168.38,16.0918,1.97,49.0,93.1
8304,-1160.7,8.9145,1.96,44.3,93.1
8305,-1149.4,17.5518,1.91,45.2,93.1
8306,-1160.66,3.0512,1.95,49.5,93.2
8307,-1146.07,13.4475,1.93,51.1,93.2
8308,-1127.87,35.7503,1.91,50.2,93.1
8309,-1156.6,28.3957,1.93,52.0,93.1
8310,-1143.67,21.0096,1.96,52.0,93.2
8311,-1180.07,67.1079,2.0,49.0,93.2
8312,-1153.15,15.277,1.95,42.0,93.2
8313,-1159.54,9.5255,1.98,45.5,93.2
8314,-1174.39,10.7053,1.94,49.4,93.2
8315,-1147.65,74.7562,1.92,51.8,93.2
8316,-1135.35,108.8852,1.95,51.4,93.2
8317,-1125.07,140.4896,1.92,51.9,93.2
8318,-1175.74,43.8396,1.96,51.7,93.2
8319,-1145.35,27.0036,2.0,44.9,93.2
8320,-1156.0,12.7355,1.97,43.1,93.1
8321,-1124.22,42.3299,1.97,46.1,93.2
8322,-1181.92,72.2285,1.95,50.8,93.2
8323,-1154.77,16.6782,1.94,51.8,93.2
8324,-1139.68,42.7192,1.91,50.8,93.2
8325,-1158.09,24.1105,1.96,52.4,93.3
8326,-1160.73,17.6101,1.95,51.8,93.2
8327,-1160.32,14.8405,2.0,47.1,93.2
8328,-1145.6,50.36,2.0,41.5,93.2
8329,-1167.26,46.7364,1.97,46.4,93.3
8330,-1174.73,18.7145,1.96,51.2,93.3
8331,-1192.54,33.9704,1.93,51.1,93.3
8332,-1113.87,182.1933,1.94,52.1,93.2
8333,-1174.29,35.1471,1.92,51.9,93.3
8334,-1174.54,29.1422,1.96,52.5,93.3
8335,-1154.68,49.6553,2.0,46.8,93.3
8336,-1167.62,19.0754,2.01,41.4,93.3
8337,-1155.08,24.5845,2.01,46.7,93.3
8338,-1173.81,36.023,1.98,49.6,93.3
8339,-1180.15,25.2782,1.94,51.2,93.3
8340,-1142.32,11.1411,1.95,51.7,93.4
8341,-1180.19,51.4709,1.94,52.1,93.3
8342,-1142.11,49.6438,1.98,51.8,93.4
8343,-1151.93,12.9639,1.98,46.7,93.4
8344,-1141.86,12.0388,1.98,41.4,93.4
8345,-1168.47,47.0784,2.0,46.1,93.4
8346,-1157.71,11.5524,1.96,48.8,93.5
8347,-1172.61,111.4728,1.96,51.6,93.4
8348,-1138.85,25.609,1.92,50.8,93.5
8349,-1130.23,98.7323,1.94,51.2,93.5
8350,-1159.54,8.7443,1.95,52.3,93.5
8351,-1161.93,15.3583,2.0,47.8,93.5
8352,-1182.08,22.5814,1.99,42.5,93.5
8353,-1152.09,31.8131,1.99,46.6,93.5
8354,-1166.98,6.9047,1.96,51.3,93.5
8355,-1165.92,15.9007,1.98,51.0,93.5
8356,-1165.0,20.238,1.92,51.3,93.5
8357,-1173.66,7.5508,1.95,52.2,93.5
8358,-1223.04,109.1636,1.97,52.6,93.5
8359,-1167.54,6.6097,1.98,45.9,93.5
8360,-1149.34,74.9518,2.03,41.8,93.5
8361,-1172.89,21.4894,1.98,47.1,93.5
8362,-1173.57,21.2516,1.99,50.6,93.5
8363,-1259.84,872.413,1.95,51.7,93.5
8364,-1171.86,7.6586,1.95,51.6,93.5
8365,-1168.65,31.8608,1.96,52.3,93.6
8366,-1144.74,45.9818,1.98,52.4,93.6
8367,-1158.52,19.332,1.98,47.5,93.5
8368,-1147.8,34.1116,2.0,42.2,93.5
8369,-1155.65,40.7391,2.0,44.3,93.5
8370,-1144.8,16.3209,2.0,50.2,93.6
8371,-1167.7,26.5308,1.94,51.5,93.6
8372,-1158.06,41.7282,1.93,51.3,93.7
8373,-1147.7,33.8276,1.95,51.9,93.7
8374,-1174.41,17.6684,1.92,52.2,93.6
8375,-1165.82,10.1585,2.0,48.8,93.6
8376,-1170.11,7.3437,1.96,41.8,93.6
8377,-1139.27,22.0724,2.0,46.7,93.7
8378,-1159.89,12.2242,1.95,51.1,93.7
8379,-1162.92,13.7496,1.94,51.3,93.8
8380,-1134.72,49.4369,1.94,51.7,93.7
8381,-1169.95,6.4076,1.94,51.5,93.7
8382,-1153.71,20.4358,1.96,52.1,93.7
8383,-1148.81,9.9621,1.98,46.6,93.7
8384,-1170.58,43.7681,2.01,42.5,93.7
8385,-1157.95,19.9561,1.97,46.9,93.8
8386,-1172.7,20.6233,1.97,49.4,93.7
8387,-1144.41,37.7393,1.97,51.0,93.7
8388,-1153.75,28.4206,1.95,50.9,93.8
8389,-1177.09,45.8177,1.94,52.0,93.8
8390,-1173.44,22.9116,1.98,53.0,93.8
8391,-1166.24,12.0479,2.03,45.6,93.8
8392,-1169.5,7.5218,1.99,41.8,93.7
8393,-1176.87,7.1785,1.96,48.6,93.8
8394,-1204.14,157.5414,1.98,51.2,93.8
8395,-1142.73,92.4359,1.97,51.0,93.9
8396,-1158.49,25.7965,1.93,51.9,93.9
8397,-1187.96,61.7838,1.96,52.5,93.8
8398,-1148.91,23.6856,2.0,46.6,93.8
8399,-1192.56,103.5026,2.0,42.1,93.9
8400,-1137.46,41.6231,2.0,45.7,93.9
8401,-1170.43,13.0348,1.96,50.3,93.9
8402,-1183.38,42.4995,1.95,51.1,93.9
8403,-1176.59,18.7434,1.95,51.6,93.9
8404,-1186.98,20.8952,1.92,51.3,93.9
8405,-1164.51,33.3385,1.97,52.5,93.9
8406,-1178.25,20.3285,2.01,46.4,93.9
8407,-1181.56,7.3644,1.98,41.8,93.9
8408,-1200.79,54.244,2.0,45.7,93.9
8409,-1132.81,137.4222,1.96,51.4,94.0
8410,-1129.52,89.7596,1.96,51.6,93.9
8411,-1155.07,58.3946,1.96,51.4,94.0
8412,-1158.42,43.4482,1.95,50.6,94.0
8413,-1166.06,385.3571,1.97,52.6,94.0
8414,-1166.67,270.052,1.98,46.3,94.0
8415,-1208.5,273.1176,2.0,41.6,94.1
8416,-1169.54,44.3755,1.99,45.4,94.0
8417,-1154.84,18.2651,1.96,49.7,94.1
8418,-1150.88,11.7623,1.96,51.6,94.1
8419,-1171.23,17.7705,1.97,50.2,94.1
8420,-1123.79,89.4422,1.96,51.7,94.1
8421,-1130.38,64.621,1.94,52.4,94.1
8422,-1174.94,34.1541,2.02,47.5,94.1
8423,-1142.64,14.7052,2.0,44.7,94.1
8424,-1154.26,11.4387,2.12,43.3,95.0
8425,-1174.27,39.8893,1.96,48.9,94.6
8426,-1164.91,9.6082,1.93,51.1,94.6
8427,-1177.64,15.0245,1.96,51.0,94.6
8428,-1157.83,35.8777,1.93,52.0,94.5
8429,-1160.45,21.5127,1.93,51.9,94.5
8430,-1169.02,5.8451,1.97,51.2,94.4
8431,-1171.3,13.5398,2.0,44.7,94.0
8432,-1159.2,8.4553,1.95,44.7,94.0
8433,-1162.91,5.8972,1.98,48.9,94.0
8434,-1181.76,16.1661,1.98,51.0,94.0
8435,-1173.94,6.0307,1.95,51.5,94.1
8436,-1172.74,12.4289,1.92,50.3,94.1
8437,-1181.07,10.3777,1.94,52.1,94.1
8438,-1144.44,59.9323,1.97,50.3,94.1
8439,-1159.87,27.7588,2.0,45.4,94.1
8440,-1178.68,13.1568,1.99,41.2,94.1
8441,-1151.73,32.3112,1.96,47.1,94.0
8442,-1149.99,13.9422,1.97,51.0,94.0
8443,-1174.74,49.9955,1.96,50.6,94.1
8444,-1158.22,20.9328,1.94,51.4,94.1
8445,-1168.51,31.2217,1.93,51.8,94.1
8446,-1166.9,14.5395,1.93,52.3,94.1
8447,-1195.09,84.4584,1.98,47.4,94.2
8448,-1177.98,4.2385,1.96,42.7,94.2
8449,-1178.71,13.1543,1.97,45.2,94.2
8450,-1183.18,239.5413,1.97,50.0,94.3
8451,-1166.51,29.2743,1.95,51.2,94.3
8452,-1179.61,29.2943,1.94,50.3,94.3
8453,-1163.78,9.4324,1.93,51.2,94.3
8454,-1165.81,24.1433,1.96,52.5,94.3
8455,-1174.13,20.1046,1.96,49.8,94.3
8456,-1164.08,32.8364,1.96,44.4,94.3
8457,-1159.39,24.4121,1.98,44.3,94.4
8458,-1169.5,22.47,2.03,46.7,94.4
8459,-1155.87,5.4779,1.96,50.8,94.4
8460,-1162.04,4.768,1.95,50.7,94.4
8461,-1147.06,26.7733,1.94,51.4,94.4
8462,-1133.91,44.6031,1.94,51.8,94.5
8463,-1154.09,19.0514,1.97,52.3,94.4
8464,-1146.01,14.7774,1.98,45.4,94.4
8465,-1160.23,30.1368,1.97,41.8,94.4
8466,-1137.02,5.7721,1.94,45.9,94.5
8467,-1147.09,6.0756,1.99,50.2,94.5
8468,-1159.05,22.6471,1.95,50.8,94.6
8469,-1130.2,21.1856,1.93,51.5,94.6
8470,-1141.72,8.1503,1.92,52.5,94.6
8471,-1155.75,57.256,1.95,51.8,94.6
8472,-1145.17,5.1163,1.99,48.4,94.6
8473,-1140.07,15.0533,2.0,43.6,94.7
8474,-1148.58,28.1861,1.95,46.1,94.7
8475,-1149.31,15.7279,1.97,50.2,94.7
8476,-1159.94,18.9385,1.96,51.4,94.7
8477,-1182.98,55.9753,1.94,50.9,94.7
8478,-1158.46,26.7187,1.94,51.7,94.8
8479,-1153.34,23.3845,1.96,52.0,94.7
8480,-1164.79,17.0707,1.99,49.2,94.8
8481,-1153.09,26.22,1.98,43.1,94.8
8482,-1152.93,25.2595,2.0,44.7,94.8
8483,-1185.42,54.3788,1.97,48.6,94.8
8484,-1211.69,133.4361,1.94,50.8,94.8
8485,-1175.83,20.2471,1.93,50.6,94.8
8486,-1165.92,30.7749,1.94,51.5,94.9
8487,-1173.01,6.8962,1.97,52.5,94.9
8488,-1181.95,33.8204,1.96,49.2,94.9
8489,-1170.16,10.3726,2.01,46.4,94.9
8490,-1185.1,36.7632,1.98,44.8,94.9
8491,-1165.65,12.0014,1.98,47.5,95.0
8492,-1155.79,25.3414,1.94,51.3,95.0
8493,-1177.94,41.3752,1.93,51.3,95.0
8494,-1161.3,14.3363,1.93,50.9,95.0
8495,-1178.86,36.2537,1.95,51.9,95.0
8496,-1184.58,6.9752,1.99,51.8,95.0
8497,-1172.95,26.5469,2.01,45.5,95.0
8498,-1182.37,221.6836,2.01,43.6,95.0
8499,-1170.64,30.4057,1.99,48.2,95.1
8500,-1191.41,34.1226,1.96,50.8,95.1
8501,-1164.95,66.2697,1.96,50.6,95.1
8502,-1144.78,73.7651,1.97,51.4,95.1
8503,-1177.08,15.6952,1.96,51.3,95.1
8504,-1196.59,43.2788,1.96,52.6,95.2
8505,-1135.21,107.2067,2.02,48.6,95.2
8506,-1176.48,37.2672,2.02,43.3,95.2
8507,-1170.49,30.5495,2.02,45.2,95.2
8508,-1164.39,27.8575,1.99,49.2,95.2
8509,-1173.09,37.8284,1.98,51.2,95.3
8510,-1171.94,36.8253,1.96,50.8,95.3
8511,-1181.89,58.6115,1.94,51.5,95.3
8512,-1174.8,44.9466,1.96,51.2,95.3
8513,-1170.74,39.0424,1.96,52.6,95.3
8514,-1168.57,27.1419,2.02,46.9,95.3
8515,-1179.46,42.2043,2.02,43.2,95.3
8516,-1213.55,143.9884,1.96,48.9,95.4
8517,-1178.2,31.1511,1.97,51.6,95.4
8518,-1159.29,37.0299,1.95,50.9,95.4
8519,-1128.78,65.6013,1.93,51.4,95.4
8520,-1158.89,25.0405,1.96,52.1,95.4
8521,-1179.2,38.3349,1.99,49.8,95.4
8522,-1169.12,21.0825,1.99,45.4,95.4
8523,-1189.05,64.8278,2.01,44.5,95.5
8524,-1174.51,29.3851,2.0,47.8,95.5
8525,-1175.32,22.0747,1.98,51.3,95.5
8526,-1169.45,19.6497,1.96,51.2,95.5
8527,-1206.55,165.9631,2.0,51.5,95.5
8528,-1172.23,27.1771,1.93,52.3,95.6
8529,-1200.16,73.3748,1.97,52.9,95.6
8530,-1183.58,24.7929,1.99,48.2,95.6
8531,-1187.56,28.8471,2.0,45.7,95.6
8532,-1183.69,19.3409,2.02,44.0,95.6
8533,-1176.47,65.8778,1.97,49.5,95.6
8534,-1182.03,18.8322,1.97,52.0,95.7
8535,-1190.85,19.5395,1.96,50.7,95.7
8536,-1189.88,63.5131,1.98,51.9,95.6
8537,-1200.67,25.5031,1.97,52.6,95.7
8538,-1185.02,39.4575,1.99,51.3,95.7
8539,-1183.61,13.4187,1.99,45.8,95.7
8540,-1177.17,20.1546,2.0,44.1,95.8
8541,-1153.9,36.5697,1.96,50.2,95.9
8542,-1184.57,26.2596,2.01,41.7,95.4
8543,-1209.95,46.0857,2.01,46.7,95.4
8544,-1180.08,60.5719,2.0,47.0,95.5
8545,-1171.2,48.8885,1.98,50.5,95.5
8546,-1191.06,32.0858,1.96,51.8,95.5
8547,-1198.91,35.4128,1.96,51.9,95.5
8548,-1184.28,18.6706,1.95,51.9,95.4
8549,-1175.04,31.8479,1.98,52.5,95.5
8550,-1169.21,41.358,2.03,50.3,95.5
8551,-1163.27,22.8703,2.02,45.5,95.5
8552,-1176.24,13.1801,2.01,44.1,95.6
8553,-1184.49,9.7115,1.98,47.8,95.6
8554,-1211.89,33.0507,2.0,51.4,95.5
8555,-1169.65,34.9539,1.98,51.8,95.5
8556,-1160.32,40.5563,1.95,51.3,95.5
8557,-1176.23,10.2063,1.95,52.1,95.6
8558,-1166.99,12.801,1.98,52.6,95.6
8559,-1205.82,42.6211,2.0,48.4,95.6
8560,-1200.27,16.9992,2.02,42.5,95.6
8561,-1178.79,17.7125,2.01,45.4,95.6
8562,-1174.6,61.7126,2.01,49.4,95.7
8563,-1190.85,16.3917,1.97,51.5,95.7
8564,-1158.4,38.667,1.96,50.7,95.7
8565,-1189.99,22.3406,1.93,52.2,95.7
8566,-1198.94,36.7005,1.95,53.2,95.7
8567,-1173.1,11.3565,2.13,56.3,96.0
8568,-1205.14,16.0531,2.02,46.1,95.0
8569,-1189.49,21.8915,2.01,44.6,94.7
8570,-1178.15,66.3282,1.99,49.8,94.7
8571,-1195.98,6.1053,1.97,52.0,94.8
8572,-1187.25,41.0353,1.95,51.8,94.8
8573,-1199.6,16.9305,1.97,51.4,94.8
8574,-1194.94,13.2245,1.95,52.0,94.8
8575,-1204.99,9.0061,1.97,52.2,94.8
8576,-1181.8,22.1212,1.97,47.1,94.8
8577,-1214.31,20.7796,1.97,42.7,94.9
8578,-1188.37,15.0327,2.0,44.0,94.8
8579,-1203.81,31.7952,1.99,48.7,94.9
8580,-1185.36,51.5374,1.98,52.0,94.9
8581,-1170.44,39.815,1.97,51.4,94.9
8582,-1184.06,5.5821,1.96,51.7,94.9
8583,-1204.75,38.5524,1.95,52.3,95.0
8584,-1213.96,48.5007,1.97,52.0,95.0
8585,-1201.72,46.8697,2.0,47.8,95.0
8586,-1210.68,23.5158,2.01,42.8,95.0
8587,-1190.59,45.0426,1.99,46.5,95.0
8588,-1182.87,43.3653,1.97,50.4,95.0
8589,-1199.23,31.9217,1.97,51.0,95.1
8590,-1178.38,13.589,1.95,50.9,95.1
8591,-1194.77,23.967,1.95,51.7,95.1
8592,-1184.27,25.8015,1.98,52.5,95.1
8593,-1180.85,12.2459,2.02,51.0,95.1
8594,-1172.8,19.3586,2.0,47.1,95.1
8595,-1172.75,17.2786,2.02,44.9,95.1
8596,-1165.63,11.8457,2.0,46.6,95.1
8597,-1139.4,18.9558,1.99,51.7,95.1
8598,-1197.12,138.6693,1.98,50.9,95.1
8599,-1164.88,33.5661,1.97,50.8,95.1
8600,-1165.75,39.061,1.94,52.1,95.1
8601,-1185.52,38.6534,1.97,52.6,95.1
8602,-1174.61,9.516,2.01,46.8,95.1
8603,-1193.93,18.4647,1.98,42.9,95.2
8604,-1161.54,50.0748,2.0,45.2,95.1
8605,-1182.25,33.7651,2.0,49.8,95.2
8606,-1193.2,34.2786,1.98,51.4,95.2
8607,-1165.0,16.4958,1.96,51.2,95.3
8608,-1193.3,30.5027,1.94,51.9,95.2
8609,-1200.25,55.7159,1.96,51.7,95.2
8610,-1190.04,36.6873,1.98,52.6,95.2
8611,-1202.54,14.1466,1.97,47.8,95.2
8612,-1205.65,10.8982,1.99,42.5,95.3
8613,-1219.39,6.1839,1.99,48.7,95.3
8614,-1196.35,33.4189,1.97,50.3,95.2
8615,-1215.21,6.7036,1.97,51.8,95.2
8616,-1178.74,37.1585,1.95,51.3,95.3
8617,-1190.41,14.6567,1.97,51.7,95.3
8618,-1186.03,24.1309,2.01,51.5,95.3
8619,-1160.49,8.4518,2.02,47.0,95.3
8620,-1184.29,31.1995,2.0,43.6,95.3
8621,-1186.47,25.7006,1.98,47.3,95.3
8622,-1174.08,7.8103,1.99,52.1,95.3
8623,-1202.02,27.1414,1.97,51.3,95.3
8624,-1162.94,74.1015,1.96,51.6,95.4
8625,-1188.21,27.4359,1.98,53.2,95.4
8626,-1161.58,28.7913,2.0,50.6,95.3
8627,-1167.37,20.1151,2.03,46.0,95.3
8628,-1190.75,84.1004,1.99,43.3,95.4
8629,-1172.65,35.4355,1.99,47.5,95.4
8630,-1198.66,49.6071,1.99,50.5,95.4
8631,-1179.64,14.303,2.01,51.4,95.5
8632,-1207.77,58.7029,1.97,52.2,95.4
8633,-1184.08,60.8965,1.94,52.0,95.4
8634,-1149.41,80.8229,1.95,52.3,95.4
8635,-1180.96,14.379,2.04,47.3,95.5
8636,-1178.94,9.2611,2.0,42.0,95.5
8637,-1174.37,28.6527,2.0,47.9,95.5
8638,-1191.82,23.0958,1.95,50.1,95.5
8639,-1177.66,7.4839,1.97,51.5,95.5
8640,-1181.84,35.7544,1.95,51.1,95.4
8641,-1204.84,27.7622,1.94,51.9,95.4
8642,-1189.69,33.5845,1.99,52.3,95.5
8643,-1183.84,6.855,1.99,47.8,95.6
8644,-1169.76,14.989,2.0,40.7,95.5
8645,-1183.37,33.6527,1.99,47.3,95.5
8646,-1163.08,20.7279,1.98,51.6,95.5
8647,-1188.24,23.7072,1.97,51.1,95.6
8648,-1204.54,50.6242,1.95,51.6,95.6
8649,-1197.03,16.3954,1.97,53.2,95.6
8650,-1163.72,39.0619,1.97,50.6,95.6
8651,-1184.81,32.9406,2.01,45.6,95.6
8652,-1178.78,13.9474,2.02,44.5,95.7
8653,-1201.85,47.457,2.01,49.4,95.7
8654,-1163.65,27.4428,2.04,51.2,95.6
8655,-1194.43,15.6106,2.0,50.9,95.7
8656,-1184.84,15.2023,1.97,51.4,95.5
8657,-1178.66,17.3073,2.0,51.8,95.5
8658,-1193.02,44.8099,2.03,50.2,95.5
8659,-1185.34,12.586,2.04,45.1,95.5
8660,-1157.38,23.5594,2.05,44.6,95.4
8661,-1183.71,21.4598,2.01,48.4,95.5
8662,-1176.39,13.589,1.99,50.7,95.5
8663,-1191.19,32.5944,2.02,50.9,95.5
8664,-1188.83,29.1168,1.96,51.0,95.5
8665,-1181.12,41.1017,2.01,52.1,95.5
8666,-1194.19,52.1585,2.01,50.1,95.5
8667,-1174.11,19.3153,2.03,44.3,95.6
8668,-1185.81,15.9404,1.97,44.3,95.5
8669,-1197.53,37.8693,1.98,50.9,95.6
8670,-1199.5,9.4605,1.97,51.1,95.5
8671,-1193.57,8.1017,1.96,50.6,95.6
8672,-1160.36,55.2842,1.95,51.9,95.6
8673,-1194.0,8.4696,1.99,52.4,95.6
8674,-1211.87,16.6006,2.0,47.8,95.6
8675,-1187.1,19.7775,1.99,44.7,95.6
8676,-1193.02,22.5855,2.0,45.5,95.6
8677,-1181.37,24.7513,1.99,50.4,95.6
8678,-1194.36,18.8158,1.98,50.6,95.6
8679,-1182.4,16.8124,1.99,50.8,95.6
8680,-1179.18,13.1362,1.95,52.1,95.6
8681,-1198.11,23.3597,2.0,52.9,95.6
8682,-1200.19,46.2687,2.04,47.0,95.7
8683,-1210.23,31.5306,1.98,43.1,95.7
8684,-1192.22,12.0586,1.99,48.0,95.7
8685,-1189.77,10.6566,1.99,51.2,95.8
8686,-1178.22,29.8119,2.0,51.7,95.8
8687,-1191.38,8.7535,1.97,52.0,95.7
8688,-1196.65,29.7546,1.95,51.8,95.7
8689,-1162.49,43.5225,2.0,52.3,95.7
8690,-1161.8,38.5559,2.05,47.1,95.8
8691,-1167.09,24.9336,2.02,42.1,95.8
8692,-1164.13,17.96,2.01,46.6,95.8
8693,-1160.3,11.7786,1.96,50.5,95.8
8694,-1163.23,18.4034,2.03,51.5,96.3
8695,-1161.07,7.3174,1.94,52.4,96.3
8696,-1166.66,15.4142,1.97,52.4,96.3
8697,-1171.17,6.9052,2.0,51.5,96.1
8698,-1159.56,20.0203,2.01,46.7,95.7
8699,-1192.2,40.518,2.03,42.0,95.4
8700,-1175.29,24.7988,2.0,46.3,95.5
8701,-1159.56,15.6409,1.99,51.0,95.4
8702,-1173.6,5.3225,1.98,51.2,95.5
8703,-1179.94,6.2303,1.98,50.7,95.5
8704,-1178.39,8.5816,1.99,51.1,95.4
8705,-1155.39,48.112,2.03,52.1,95.4
8706,-1167.31,3.9271,2.04,48.7,95.4
8707,-1179.49,16.9315,1.99,44.4,95.4
8708,-1170.0,5.3239,2.0,46.2,95.4
8709,-1172.77,9.8738,1.97,49.8,95.5
8710,-1173.74,8.118,1.98,51.7,95.5
8711,-1170.31,11.5108,1.98,50.7,95.5
8712,-1170.69,5.7649,1.95,51.2,95.4
8713,-1176.4,5.6997,1.97,52.4,95.4
8714,-1167.67,4.8678,2.0,50.1,95.4
8715,-1159.77,10.0208,2.02,45.8,95.5
8716,-1150.83,10.5048,2.04,43.0,95.5
8717,-1164.55,21.2729,1.99,47.3,95.5
8718,-1166.52,15.5973,1.98,50.9,95.5
8719,-1169.34,25.2348,1.97,51.2,95.6
8720,-1162.74,4.4279,1.92,51.7,95.6
8721,-1161.12,8.3263,1.91,52.4,95.7
8722,-1160.37,11.022,1.91,52.4,95.6
8723,-1155.05,15.0784,2.02,47.5,95.6
8724,-1174.1,28.1371,2.01,42.0,95.6
8725,-1199.7,37.699,2.01,47.2,95.7
8726,-1179.01,14.9642,1.96,51.7,95.7
8727,-1175.22,3.8309,1.95,51.8,95.8
8728,-1167.84,7.723,1.93,52.2,95.7
8729,-1160.58,14.3688,1.96,51.9,95.7
8730,-1149.64,16.4369,1.99,51.2,95.8
8731,-1157.29,9.1965,2.03,45.8,95.7
8732,-1193.21,91.9308,2.01,45.0,95.8
8733,-1172.01,22.4681,2.01,50.4,95.8
8734,-1156.88,8.1748,1.98,50.9,95.8
8735,-1180.14,4.8841,1.97,52.2,95.8
8736,-1184.72,15.8101,1.94,51.2,95.8
8737,-1205.51,9.3992,1.96,52.1,95.9
8738,-1148.16,118.9552,2.01,49.6,95.9
8739,-1185.48,18.0409,2.01,44.1,96.0
8740,-1161.21,45.3325,2.01,44.7,95.9
8741,-1180.98,9.8201,1.99,49.6,95.9
8742,-1189.72,9.7407,1.96,51.1,96.0
8743,-1178.12,5.2186,1.98,50.4,96.0
8744,-1186.97,10.5005,1.96,51.5,96.1
8745,-1171.83,8.97,2.0,51.8,96.0
8746,-1174.93,4.9832,1.92,45.5,95.1
8747,-1160.19,7.8286,1.95,52.5,95.1
8748,-1158.63,6.0548,1.98,49.2,95.1
8749,-1182.98,21.1387,1.98,44.5,95.2
8750,-1149.55,5.1194,1.94,47.0,95.1
8751,-1188.73,68.1296,1.95,51.8,95.2
8752,-1175.61,16.1574,1.94,51.0,95.1
8753,-1182.74,14.4159,1.96,50.9,95.2
8754,-1169.33,11.4924,1.94,51.6,95.2
8755,-1175.79,5.9202,1.99,52.6,95.2
8756,-1142.24,41.2265,2.02,46.7,95.2
8757,-1174.73,10.2548,2.02,43.6,95.2
8758,-1163.59,4.5349,2.01,46.2,95.2
8759,-1173.22,6.298,1.99,50.1,95.2
8760,-1169.34,13.2345,1.96,50.8,95.3
8761,-1171.44,5.1756,1.93,52.0,95.3
8762,-1159.69,5.712,1.95,52.4,95.3
8763,-1143.81,11.8668,2.0,50.0,95.3
8764,-1167.93,18.4174,1.99,44.8,95.3
8765,-1170.08,23.9641,1.97,42.1,95.3
8766,-1180.06,26.899,2.02,46.2,95.3
8767,-1156.89,16.6178,1.96,51.2,95.3
8768,-1178.48,9.1131,1.97,50.7,95.3
8769,-1199.22,23.9697,1.97,51.8,95.4
8770,-1178.04,11.4506,1.98,51.5,95.3
8771,-1178.51,14.9859,2.03,50.4,95.3
8772,-1150.21,63.7248,2.02,45.1,95.3
8773,-1157.46,24.6065,1.99,45.3,95.4
8774,-1159.78,18.4901,1.98,49.5,95.4
8775,-1167.97,15.2218,1.97,51.3,95.4
8776,-1153.38,7.4447,1.95,51.1,95.4
8777,-1147.01,10.0956,1.96,52.0,95.4
8778,-1181.53,33.8031,1.99,52.7,95.4
8779,-1176.95,30.1901,2.01,46.9,95.4
8780,-1164.21,14.4473,1.99,43.4,95.4
8781,-1166.32,42.2653,1.97,47.8,95.4
8782,-1188.01,20.5203,1.99,51.0,95.4
8783,-1152.27,27.0207,1.99,50.6,95.4
8784,-1190.72,13.3279,1.97,51.0,95.4
8785,-1183.98,5.8353,1.99,52.2,95.4
8786,-1152.27,42.0467,1.99,49.8,95.5
8787,-1162.42,45.924,1.98,43.1,95.5
8788,-1170.88,14.2233,2.0,44.9,95.5
8789,-1172.63,17.3053,1.98,50.1,95.5
8790,-1164.61,25.3748,1.97,50.8,95.5
8791,-1169.26,13.0171,1.97,52.3,95.6
8792,-1174.62,9.6574,2.0,52.5,95.6
8793,-1161.64,23.2765,1.99,52.7,95.6
8794,-1157.15,19.5877,2.02,45.9,95.6
8795,-1175.37,6.8959,2.01,42.8,95.6
8796,-1161.11,27.9459,2.0,49.0,95.6
8797,-1180.02,24.6565,1.99,50.8,95.6
8798,-1174.82,32.9417,2.02,50.9,95.6
8799,-1174.15,16.1686,1.96,52.1,95.6
8800,-1157.75,18.5825,1.95,52.7,95.6
8801,-1173.59,17.5329,2.0,49.5,95.6
8802,-1175.64,23.7134,2.0,43.3,95.6
8803,-1197.53,62.367,2.01,45.7,95.7
8804,-1167.72,16.6418,1.95,52.0,95.7
8805,-1167.93,8.029,1.97,51.0,95.7
8806,-1154.25,27.8411,1.95,51.6,95.6
8807,-1182.57,21.332,1.97,52.4,95.6
8808,-1180.86,24.9147,2.02,51.0,95.7
8809,-1168.9,18.1208,2.02,45.1,95.7
8810,-1175.92,14.5408,2.04,45.4,95.7
8811,-1161.38,14.472,1.99,49.1,95.7
8812,-1161.83,32.1839,2.0,51.3,95.7
8813,-1178.24,14.3294,1.99,51.3,95.7
8814,-1150.34,10.6701,1.95,52.7,95.8
8815,-1186.08,50.6704,1.96,52.4,95.9
8816,-1158.2,19.8922,2.01,47.7,95.9
8817,-1181.37,16.5142,1.99,41.7,95.9
8818,-1163.46,15.8532,1.99,47.2,95.8
8819,-1184.02,7.481,1.98,51.9,95.9
8820,-1164.34,14.2893,1.94,51.9,95.9
8821,-1143.13,40.2724,1.95,51.1,95.9
8822,-1173.97,14.852,1.95,52.6,95.9
8823,-1158.17,4.8468,2.04,49.0,95.9
8824,-1160.38,3.341,1.99,45.1,95.9
8825,-1151.3,24.6125,2.03,44.9,95.9
8826,-1152.8,17.3883,1.98,49.9,96.0
8827,-1179.5,46.941,1.96,51.6,96.0
8828,-1161.19,14.0411,1.91,52.3,96.0
8829,-1156.7,4.6015,1.91,52.2,96.0
8830,-1172.28,10.1045,1.97,52.3,96.0
8831,-1161.71,7.7296,2.02,48.9,96.0
8832,-1174.35,13.2344,2.0,42.1,96.1
8833,-1174.35,9.878,2.0,46.5,96.0
8834,-1187.03,15.0073,1.97,50.9,96.1
8835,-1147.31,68.8848,1.96,51.0,96.1
8836,-1160.59,38.8133,1.96,51.7,96.1
8837,-1166.87,16.393,2.02,51.6,96.1
8838,-1154.59,17.489,2.0,52.3,96.1
8839,-1175.8,39.5928,2.02,45.9,96.1
8840,-1191.72,94.7994,2.01,45.3,96.2
8841,-1176.92,22.6456,1.96,49.6,96.2
8842,-1147.99,29.5593,1.98,51.8,96.1
8843,-1151.36,31.7072,1.97,51.2,96.2
8844,-1179.72,9.4103,1.95,52.1,96.2
8845,-1170.18,3.1304,1.97,53.4,96.2
8846,-1173.16,3.6879,1.99,48.7,96.2
8847,-1161.65,15.5807,2.03,41.9,96.2
8848,-1181.44,10.1763,2.02,45.9,96.2
8849,-1155.63,15.7003,1.98,50.3,96.2
8850,-1167.57,11.0731,1.97,51.0,96.2
8851,-1169.29,9.0326,1.98,51.2,96.3
8852,-1161.14,7.3761,1.99,51.9,96.3
8853,-1162.88,9.6512,2.02,50.4,96.3
8854,-1156.15,18.0899,1.99,46.3,96.3
8855,-1186.29,27.7185,2.0,42.6,96.3
8856,-1186.41,18.5015,1.98,48.5,96.3
8857,-1168.72,7.1956,1.96,52.4,96.3
8858,-1176.92,5.7299,1.98,50.8,96.4
8859,-1166.77,7.9597,1.95,52.0,96.4
8860,-1192.04,26.7882,1.97,52.2,96.3
8861,-1160.67,10.6892,2.03,48.7,96.4
8862,-1169.29,5.7239,2.01,44.2,96.4
8863,-1152.23,23.4716,2.02,45.4,96.4
8864,-1184.42,21.454,2.0,50.1,96.5
8865,-1146.97,47.6139,2.0,51.3,96.5
8866,-1162.08,4.0164,1.98,50.6,96.4
8867,-1146.2,37.5474,1.95,51.6,96.4
8868,-1152.6,9.8368,1.98,52.2,96.4
8869,-1176.36,47.3886,2.02,47.5,96.4
8870,-1180.57,35.1791,2.01,42.9,96.5
8871,-1164.9,11.5201,1.99,47.4,96.5
8872,-1168.6,11.0868,1.99,50.7,96.4
8873,-1158.02,16.3593,1.98,51.7,96.5
8874,-1191.54,35.5121,1.96,52.0,96.5
8875,-1196.68,51.2046,1.96,51.9,96.5
8876,-1163.91,20.9047,2.02,51.1,96.5
8877,-1148.45,37.4893,2.03,45.1,96.6
8878,-1188.37,30.8307,2.04,42.8,96.5
8879,-1180.25,6.1643,1.98,47.3,96.5
8880,-1172.38,6.4612,1.96,51.0,96.5
8881,-1173.27,3.9632,1.95,51.3,96.5
8882,-1176.59,7.4938,1.91,51.2,96.5
8883,-1175.44,5.8478,1.94,51.5,96.6
8884,-1174.09,11.0225,1.97,40.9,95.8
8885,-1158.89,27.6394,2.0,52.5,96.0
8886,-1163.14,7.1635,2.03,47.8,95.9
8887,-1174.94,12.749,2.02,43.0,96.0
8888,-1187.32,24.4826,2.02,46.7,96.0
8889,-1161.14,17.8773,1.99,50.1,96.0
8890,-1181.99,15.0819,1.95,51.4,96.0
8891,-1183.08,8.6932,1.97,51.4,96.0
8892,-1196.08,5.1002,1.96,52.5,96.0
8893,-1178.49,30.5459,1.97,52.4,96.0
8894,-1165.37,62.2742,2.0,47.9,96.0
8895,-1151.2,69.2921,2.02,42.6,96.0
8896,-1182.54,8.956,2.0,47.6,96.0
8897,-1175.75,5.4602,1.97,51.4,96.0
8898,-1173.55,4.4899,1.96,51.3,96.0
8899,-1184.21,26.8925,1.97,51.3,96.0
8900,-1192.65,18.7103,1.97,52.2,96.0
8901,-1161.18,41.7335,2.01,51.5,96.1
8902,-1167.07,17.6229,2.03,46.6,96.0
8903,-1183.29,7.1323,2.04,42.4,96.0
8904,-1171.25,13.1001,2.02,46.2,96.1
8905,-1164.25,23.6023,1.98,50.5,96.0
8906,-1161.98,22.6432,1.97,51.8,96.1
8907,-1164.62,6.5069,1.96,51.4,96.1
8908,-1161.65,3.4552,1.96,51.8,96.1
8909,-1164.49,5.1274,1.97,53.0,96.1
8910,-1168.74,13.1991,2.01,48.3,96.1
8911,-1149.12,27.3043,1.98,42.3,96.1
8912,-1163.38,12.7239,2.0,46.7,96.2
8913,-1169.99,30.8974,1.97,49.9,96.1
8914,-1168.26,4.6588,1.98,51.4,96.1
8915,-1184.86,15.6509,1.99,50.3,96.1
8916,-1176.41,3.7346,1.97,51.2,96.1
8917,-1163.57,21.7152,1.98,51.6,96.1
8918,-1149.11,32.8377,2.01,51.0,96.2
8919,-1169.02,7.7188,2.03,46.6,96.2
8920,-1168.5,17.5662,1.97,43.6,96.2
8921,-1152.76,13.9197,2.0,46.9,96.2
8922,-1178.15,19.0665,1.98,49.5,96.2
8923,-1170.28,25.3877,1.98,52.2,96.2
8924,-1178.52,8.2185,1.96,51.9,96.2
8925,-1168.85,8.1596,1.95,51.4,96.3
8926,-1168.78,9.5368,1.98,52.5,96.2
8927,-1217.92,161.4104,1.99,51.5,96.2
8928,-1174.28,8.6792,2.04,45.9,96.3
8929,-1149.65,30.0337,2.03,42.0,96.2
8930,-1154.34,28.7362,2.01,46.6,96.3
8931,-1158.59,10.6241,2.02,51.0,96.3
8932,-1168.6,10.7259,1.96,51.1,96.3
8933,-1158.67,5.0623,1.98,51.2,96.3
8934,-1169.97,9.5506,1.95,52.4,96.3
8935,-1165.81,6.0539,1.97,52.3,96.3
8936,-1147.45,11.9861,1.98,52.4,96.4
8937,-1185.36,29.3075,2.01,46.2,96.4
8938,-1163.87,13.1694,1.98,42.5,96.4
8939,-1172.68,8.9892,2.0,47.8,96.4
8940,-1182.97,6.1495,2.02,51.4,96.4
8941,-1147.68,50.7486,1.98,50.9,96.4
8942,-1164.11,27.5511,2.01,50.7,96.5
8943,-1169.39,9.8793,2.01,51.7,96.5
8944,-1143.78,31.1313,1.96,52.3,96.4
8945,-1168.61,16.5808,2.01,49.3,96.4
8946,-1167.67,13.8647,2.03,44.6,96.5
8947,-1157.25,5.8838,2.04,43.4,96.5
8948,-1184.37,26.5961,1.98,47.7,96.6
8949,-1169.23,8.3682,1.96,51.1,96.6
8950,-1168.91,7.3576,1.96,51.7,96.5
8951,-1170.64,16.0468,1.97,51.6,96.6
8952,-1168.9,8.9366,1.94,51.5,96.6
8953,-1171.82,6.7493,1.96,52.1,96.6
8954,-1148.4,11.2177,2.02,48.0,96.6
8955,-1164.89,10.0553,2.03,42.8,96.6
8956,-1172.08,4.956,2.0,44.7,96.5
8957,-1165.26,4.6386,2.0,48.3,96.6
8958,-1182.51,5.7365,2.0,51.7,96.6
8959,-1165.04,8.8576,1.96,50.9,96.6
8960,-1164.61,11.3655,1.96,51.9,96.6
8961,-1161.29,4.6232,1.95,52.5,96.7
8962,-1160.68,4.0273,2.07,50.5,97.1
8963,-1151.95,9.9342,2.01,47.3,96.6
8964,-1145.32,22.9162,1.97,44.1,96.5
8965,-1146.51,6.8519,1.93,49.6,96.0
8966,-1165.37,31.0023,1.94,51.9,96.0
8967,-1178.8,45.4477,1.95,51.2,96.0
8968,-1161.14,7.9034,1.93,50.8,96.0
8969,-1174.57,9.6649,1.92,51.7,96.0
8970,-1161.24,16.5034,1.96,52.2,96.0
8971,-1180.46,9.3924,2.0,47.3,95.9
8972,-1150.87,53.4182,2.03,41.0,96.0
8973,-1179.5,3.7685,2.01,46.0,96.0
8974,-1183.76,8.0731,1.98,49.1,96.0
8975,-1156.4,34.531,1.95,51.3,96.1
8976,-1181.51,1.2978,2.01,51.7,96.1
8977,-1146.05,54.4915,1.94,51.6,96.1
8978,-1184.6,6.108,1.96,52.5,96.1
8979,-1144.0,32.76,2.0,51.0,96.1
8980,-1170.25,4.0147,1.98,46.9,96.0
8981,-1177.85,9.0162,1.99,42.7,96.0
8982,-1159.08,9.3343,1.97,48.6,96.0
8983,-1156.21,9.8745,1.99,51.0,96.1
8984,-1156.21,6.4608,1.96,51.0,96.1
8985,-1157.62,10.6182,1.96,51.1,96.2
8986,-1175.38,18.5749,1.95,51.8,96.1
8987,-1166.99,4.2797,1.97,52.2,96.2
8988,-1151.2,16.8102,1.97,47.2,96.2
8989,-1146.22,34.7396,1.99,43.1,96.2
8990,-1165.36,24.2719,2.03,47.2,96.2
8991,-1160.69,10.9086,1.96,49.7,96.3
8992,-1170.25,7.4559,1.96,51.5,96.2
8993,-1148.03,31.7767,1.95,51.3,96.3
8994,-1131.95,46.0381,1.93,51.4,96.3
8995,-1164.29,3.717,1.96,52.2,96.3
8996,-1145.15,12.1753,2.02,48.8,96.3
8997,-1166.57,6.4244,2.03,43.3,96.4
8998,-1182.87,36.5812,2.01,45.3,96.3
8999,-1182.24,16.4276,1.94,49.7,96.3
9000,-1143.49,35.5665,1.96,51.8,96.4
9001,-1165.62,10.7455,1.97,51.1,96.3
9002,-1158.19,9.2623,1.93,51.8,96.4
9003,-1181.86,17.4729,1.98,52.9,96.4
9004,-1166.79,7.151,2.01,47.1,96.4
9005,-1167.25,4.5907,2.01,44.4,96.4
9006,-1144.45,37.9231,2.0,44.7,96.4
9007,-1158.42,12.1599,2.0,50.0,96.5
9008,-1145.79,27.2156,2.01,50.8,96.5
9009,-1168.58,15.5418,1.96,50.5,96.5
9010,-1164.24,15.4567,1.98,51.2,96.4
9011,-1190.22,53.2105,1.97,52.1,96.4
9012,-1157.05,3.3188,2.01,50.2,96.4
9013,-1166.96,2.8111,2.01,45.9,96.5
9014,-1153.54,6.3161,2.02,43.3,96.5
9015,-1178.75,12.872,1.95,49.5,96.5
9016,-1194.59,34.916,1.97,51.2,96.5
9017,-1172.08,2.2087,1.98,51.5,96.5
9018,-1153.42,27.5785,1.97,52.0,96.5
9019,-1165.82,6.2173,1.98,51.5,96.5
9020,-1155.95,11.0488,1.97,53.2,96.5
9021,-1161.99,8.1031,2.01,47.6,96.6
9022,-1179.6,34.7748,2.03,43.5,96.6
9023,-1174.34,11.6104,1.99,44.9,96.7
9024,-1151.34,11.82,2.01,48.1,96.7
9025,-1148.53,13.6657,1.96,50.6,96.7
9026,-1158.43,7.5706,1.99,50.8,96.7
9027,-1175.57,24.3144,1.96,51.5,96.7
9028,-1158.0,4.4168,1.97,51.4,96.7
9029,-1194.16,57.1678,1.96,52.9,96.7
9030,-1186.8,32.8843,2.04,48.4,96.6
9031,-1151.06,32.5136,1.99,41.4,96.6
9032,-1183.27,3.7212,1.99,47.3,96.6
9033,-1166.73,7.1274,2.01,51.9,96.7
9034,-1173.2,6.171,1.98,51.2,96.6
9035,-1166.73,2.6867,2.0,50.3,96.6
9036,-1173.2,6.547,1.96,51.4,96.7
9037,-1164.62,6.9758,1.99,52.2,96.7
9038,-1147.8,21.0604,2.03,47.5,96.7
9039,-1176.08,15.8709,2.02,44.4,96.8
9040,-1152.85,7.8024,2.05,45.4,96.8
9041,-1175.42,20.3119,1.99,48.0,96.8
9042,-1145.02,15.6775,1.96,51.8,96.8
9043,-1178.57,28.7239,1.97,50.9,96.8
9044,-1173.61,12.6229,1.96,51.1,96.9
9045,-1157.49,17.6156,1.96,52.7,96.9
9046,-1146.01,16.5252,1.97,50.2,96.9
9047,-1160.3,3.3262,2.02,45.4,96.9
9048,-1142.95,11.3702,2.01,45.1,96.9
9049,-1159.38,10.018,2.01,48.6,96.9
9050,-1180.88,36.521,2.0,51.2,96.9
9051,-1183.63,42.6188,2.01,50.8,96.9
9052,-1170.01,66.1263,1.98,52.0,96.9
9053,-1178.97,4.1314,1.96,51.7,97.0
9054,-1188.09,5.7946,2.0,52.4,96.9
9055,-1184.99,11.5269,1.99,47.0,96.9
9056,-1171.47,14.1757,2.01,43.2,97.0
9057,-1150.27,46.7816,1.97,47.8,97.1
9058,-1146.98,43.9928,1.97,50.1,97.0
9059,-1161.29,15.0174,1.96,51.4,97.1
9060,-1148.94,11.6709,1.98,50.7,97.1
9061,-1185.28,63.1004,1.94,52.5,97.1
9062,-1169.19,12.2004,1.99,52.4,97.1
9063,-1190.67,28.1327,2.05,46.2,97.1
9064,-1169.47,11.6667,2.03,44.4,97.2
9065,-1192.51,21.3056,2.01,46.7,97.3
9066,-1181.48,15.2282,1.98,50.3,97.3
9067,-1184.16,5.9153,1.99,51.5,97.3
9068,-1148.65,45.5068,1.97,50.6,97.3
9069,-1179.41,8.1547,1.97,52.4,97.4
9070,-1159.97,8.7678,1.95,52.2,97.3
9071,-1161.94,10.6802,2.02,49.0,97.3
9072,-1150.98,8.7865,2.02,44.0,97.4
9073,-1169.03,38.0944,2.01,44.7,97.4
9074,-1156.58,10.5675,1.96,50.4,97.5
9075,-1161.53,5.3241,1.95,52.1,97.5
9076,-1163.66,4.432,1.98,51.5,97.4
9077,-1180.51,17.4412,1.95,51.7,97.4
9078,-1197.03,31.2581,1.99,52.1,97.4
9079,-1169.32,16.1614,2.02,48.5,97.5
9080,-1140.97,76.7414,2.0,42.7,97.5
9081,-1169.52,26.3545,1.98,45.9,97.5
9082,-1151.09,22.6249,1.98,49.4,97.5
9083,-1158.96,7.6147,2.01,51.6,97.6
9084,-1169.45,18.7566,1.95,51.7,97.6
9085,-1165.97,30.1453,1.96,51.6,97.6
9086,-1160.86,7.0596,1.98,52.5,97.6
9087,-1151.71,13.2629,2.02,49.5,97.6
9088,-1149.92,13.6787,2.01,43.8,97.6
9089,-1169.32,13.2583,2.03,43.6,97.6
9090,-1167.77,17.588,2.03,48.0,97.7
9091,-1187.41,51.6314,2.01,50.4,97.6
9092,-1197.82,39.2234,1.97,52.0,97.6
9093,-1185.76,26.1707,1.94,51.6,97.6
9094,-1193.64,5.713,1.97,51.9,97.6
9095,-1149.79,88.5727,1.99,52.1,97.6
9096,-1186.53,6.0777,2.03,45.6,97.6
9097,-1173.26,34.8217,2.03,41.8,97.6
9098,-1150.76,51.0692,2.0,47.8,97.7
9099,-1145.36,38.4218,1.97,51.3,97.7
9100,-1173.88,23.9447,1.96,51.4,97.7
9101,-1163.23,25.9674,1.96,50.5,97.7
9102,-1139.48,14.5253,1.96,52.1,97.7
9103,-1145.36,15.5168,1.99,52.1,97.7
9104,-1141.0,15.7571,2.01,48.4,97.8
9105,-1135.49,7.8091,2.02,44.3,97.8
9106,-1198.18,150.5011,1.98,46.0,97.3
9107,-1167.58,26.7156,1.99,48.6,97.3
9108,-1156.97,8.9528,1.96,51.1,97.3
9109,-1179.75,34.6514,1.97,51.1,97.4
9110,-1203.37,35.676,1.97,51.3,97.4
9111,-1159.69,37.7199,1.98,52.4,97.4
9112,-1167.16,20.9639,1.98,51.4,97.4
9113,-1195.54,17.2485,1.95,46.6,97.4
9114,-1198.18,18.429,1.97,42.8,97.4
9115,-1165.33,29.2407,1.98,47.9,97.4
9116,-1156.3,41.0738,2.0,51.1,97.5
9117,-1199.42,18.9682,1.95,51.4,97.5
9118,-1197.11,10.6845,1.97,51.9,97.5
9119,-1160.4,55.3687,1.97,51.9,97.5
9120,-1175.58,20.1419,1.99,52.6,97.6
9121,-1164.37,15.1029,1.99,47.8,97.6
9122,-1199.51,33.1229,1.96,43.2,97.6
9123,-1173.45,6.8378,2.0,46.1,97.6
9124,-1166.86,3.7218,1.98,49.4,97.6
9125,-1164.18,7.5434,1.97,51.0,97.6
9126,-1158.27,5.5297,1.99,51.1,97.6
9127,-1187.3,45.4996,1.96,51.5,97.7
9128,-1163.06,18.6482,1.98,52.0,97.7
9129,-1196.27,56.2876,1.99,50.2,97.7
9130,-1156.21,12.5942,2.01,45.8,97.7
9131,-1191.0,44.6039,2.03,42.7,97.7
9132,-1179.86,26.3628,2.03,47.6,97.7
9133,-1179.83,13.9313,2.03,51.9,97.0
9134,-1173.2,12.939,1.97,50.6,96.8
9135,-1168.23,23.2854,1.97,51.0,96.9
9136,-1184.38,29.2123,1.95,51.3,96.8
9137,-1169.76,14.4781,1.99,51.5,96.8
9138,-1174.71,16.2058,2.03,49.4,96.5
9139,-1179.42,4.653,2.01,44.8,96.3
9140,-1163.43,18.8598,2.01,45.2,96.3
9141,-1154.89,19.0479,1.99,50.0,96.4
9142,-1182.54,23.1566,1.96,50.4,96.4
9143,-1174.59,8.1475,1.98,50.0,96.4
9144,-1155.51,8.3136,1.97,50.7,96.4
9145,-1183.54,21.4515,1.97,51.5,96.5
9146,-1169.38,7.8703,2.01,49.8,96.5
9147,-1161.78,20.2183,2.0,45.5,96.5
9148,-1169.63,16.6006,2.01,42.2,96.5
9149,-1179.3,16.5931,2.01,46.8,96.6
9150,-1179.37,13.1887,1.98,51.0,96.6
9151,-1160.55,17.1086,1.97,50.9,96.6
9152,-1173.54,12.5535,1.95,51.8,96.6
9153,-1174.15,9.4181,1.97,52.1,96.6
9154,-1164.55,2.0804,1.97,52.7,96.6
9155,-1163.42,1.4095,2.02,49.1,96.6
9156,-1163.42,0.9605,2.0,43.8,96.6
9157,-1191.0,38.9142,2.0,47.0,96.6
9158,-1176.82,15.7541,2.06,50.2,96.7
9159,-1170.53,15.5159,2.0,50.4,96.8
9160,-1178.89,21.2555,1.99,50.6,96.7
9161,-1169.62,5.6493,1.98,51.7,96.7
9162,-1195.56,26.054,1.99,52.6,96.6
9163,-1180.8,9.9029,1.99,49.0,96.3
9164,-1180.89,20.4963,1.98,43.9,95.8
9165,-1173.54,14.1354,2.01,45.3,95.9
9166,-1195.58,20.7809,2.0,48.4,95.9
9167,-1194.03,15.8219,1.95,51.2,95.9
9168,-1172.63,29.5731,1.98,52.2,95.9
9169,-1173.26,26.9895,1.97,51.4,96.0
9170,-1175.43,4.995,1.98,51.9,96.1
9171,-1164.29,5.8079,1.99,46.7,96.1
9172,-1186.26,29.3247,1.98,40.3,96.1
9173,-1165.75,15.1208,2.03,45.8,96.1
9174,-1176.49,6.8885,2.04,51.3,96.4
9175,-1177.63,16.5269,1.98,51.7,96.5
9176,-1209.65,41.0768,1.99,52.1,96.6
9177,-1189.42,8.0659,1.98,52.6,96.6
9178,-1183.46,17.8315,1.98,52.5,96.6
9179,-1185.95,18.879,1.99,49.7,96.6
9180,-1170.89,11.0579,2.0,44.5,96.5
9181,-1192.49,19.324,2.03,44.8,96.6
9182,-1170.33,3.4569,1.99,49.2,96.6
9183,-1181.41,4.4369,1.97,51.0,96.6
9184,-1185.44,14.6599,1.97,50.8,96.6
9185,-1179.36,12.8748,1.98,51.3,96.6
9186,-1191.09,7.0635,1.97,51.3,96.6
9187,-1172.57,16.5987,1.99,50.7,96.7
9188,-1156.35,25.5332,2.0,44.6,96.7
9189,-1160.59,10.9351,2.01,43.2,96.7
9190,-1185.7,41.5815,2.0,48.0,96.7
9191,-1189.48,54.312,1.98,50.9,96.7
9192,-1185.21,32.291,1.97,51.4,96.7
9193,-1169.6,11.1672,1.95,51.1,96.8
9194,-1170.42,13.7881,1.98,51.6,96.8
9195,-1156.01,13.6322,1.98,52.3,96.8
9196,-1167.84,2.9608,2.04,46.9,96.8
9197,-1155.93,5.3991,2.01,42.2,96.8
9198,-1173.61,14.8255,2.04,45.2,96.8
9199,-1183.6,37.5059,2.03,48.9,96.8
9200,-1155.98,7.9422,2.0,50.6,96.8
9201,-1155.98,7.073,1.99,50.2,96.9
9202,-1160.79,10.4803,1.99,51.4,96.9
9203,-1166.06,25.8525,1.98,46.1,96.0
9204,-1202.88,87.8146,1.97,50.8,95.9
9205,-1162.64,15.6481,1.95,51.4,96.0
9206,-1175.15,13.592,1.96,52.8,96.0
9207,-1170.5,13.9698,2.02,49.3,96.1
9208,-1189.44,31.8816,1.97,44.9,96.1
9209,-1176.2,11.0286,1.95,39.2,95.3
9210,-1197.63,54.066,2.01,41.4,92.5
9211,-1172.93,15.9173,2.01,46.2,92.6
9212,-1166.13,9.0992,2.0,50.4,92.6
9213,-1189.03,13.4862,1.97,51.1,92.6
9214,-1166.13,8.7661,1.98,51.2,92.7
9215,-1154.2,39.2187,1.98,51.3,92.5
9216,-1183.6,24.6513,1.99,52.5,92.6
9217,-1171.03,5.2098,2.02,50.3,92.6
9218,-1198.77,23.4354,2.04,45.8,92.6
9219,-1169.52,12.0182,2.0,42.0,92.6
9220,-1161.11,31.9183,1.99,47.6,92.6
9221,-1189.1,16.6453,2.02,51.2,92.5
9222,-1190.29,20.6786,1.97,50.6,92.5
9223,-1167.08,17.7758,1.98,51.2,92.6
9224,-1196.02,11.1546,1.95,51.3,92.6
9225,-1196.02,6.3334,2.01,52.0,92.6
9226,-1190.29,9.0812,2.02,45.3,92.6
9227,-1162.61,47.4259,2.01,41.2,92.5
9228,-1196.02,4.3074,2.23,46.3,93.7
9229,-1176.74,10.072,1.98,50.4,93.7
9230,-1162.61,22.8239,1.99,51.6,93.6
9231,-1183.87,11.774,1.97,50.9,93.2
9232,-1174.93,2.1096,1.96,51.8,93.3
9233,-1165.06,8.0359,1.96,52.7,93.2
9234,-1181.6,11.9788,2.03,50.2,93.1
9235,-1190.66,18.7129,2.01,45.3,92.9
9236,-1175.15,11.1575,1.99,44.1,92.8
9237,-1196.02,22.2511,2.03,49.3,92.8
9238,-1190.29,17.2462,2.0,51.1,92.8
9239,-1176.69,11.081,2.0,50.5,92.8
9240,-1196.02,5.8177,1.97,50.7,92.8
9241,-1196.02,2.2805,1.98,52.4,92.8
9242,-1176.63,35.6512,2.01,49.6,92.8
9243,-1175.51,38.8023,2.01,45.8,92.8
9244,-1164.5,31.3874,2.03,41.9,92.9
9245,-1180.86,24.7147,2.01,45.6,92.7
9246,-1193.91,40.2177,1.97,49.1,92.7
9247,-1178.72,7.7286,1.97,51.1,92.7
9248,-1186.96,4.9751,1.98,50.9,92.8
9249,-1193.1,3.818,1.97,51.3,92.9
9250,-1175.34,19.5725,1.97,52.0,92.9
9251,-1162.61,45.8946,2.0,50.3,92.8
9252,-1177.51,5.3752,2.04,46.5,92.9
9253,-1181.5,8.2418,2.01,41.4,93.0
9254,-1169.0,4.98,2.02,47.4,93.0
9255,-1161.45,12.1699,1.99,51.0,93.0
9256,-1178.71,7.412,1.97,51.2,93.0
9257,-1173.71,8.9049,1.98,51.2,93.0
9258,-1171.46,6.4205,1.95,52.1,93.0
9259,-1173.71,3.4277,1.99,52.2,93.0
9260,-1174.36,7.8893,2.02,49.0,93.0
9261,-1174.66,1.5799,2.03,43.9,93.1
9262,-1193.64,13.7877,1.99,43.9,93.1
9263,-1180.54,8.9928,1.96,48.0,93.0
9264,-1173.24,27.4134,1.99,50.7,93.0
9265,-1192.76,10.062,1.95,50.9,93.0
9266,-1188.44,3.7777,1.95,50.9,93.1
9267,-1192.56,2.4464,1.95,51.4,93.1
9268,-1187.03,3.0242,1.96,52.0,93.1
9269,-1175.17,5.9958,2.04,47.1,93.1
9270,-1161.47,29.6036,1.99,43.0,93.1
9271,-1165.78,5.8153,2.01,45.2,93.1
9272,-1171.2,23.6817,1.96,49.5,93.2
9273,-1166.13,13.5751,1.95,50.7,93.2
9274,-1171.2,14.2846,1.98,50.4,93.2
9275,-1130.49,62.2144,1.94,51.9,93.2
9276,-1134.46,26.3835,1.95,52.7,93.2
9277,-1147.89,68.9602,2.02,48.8,93.2
9278,-1168.75,44.2471,2.02,44.4,93.2
9279,-1162.72,11.27,2.0,42.6,93.3
9280,-1160.59,9.9237,2.0,47.4,93.3
9281,-1168.28,13.7087,1.98,50.2,93.2
9282,-1134.46,66.4869,1.98,51.5,93.3
9283,-1147.71,37.7255,1.99,51.1,93.2
9284,-1177.7,24.0443,1.97,51.9,93.3
9285,-1147.06,34.3581,1.98,52.4,93.2
9286,-1177.7,23.921,2.02,46.1,93.2
9287,-1149.42,8.256,1.96,41.3,93.2
9288,-1167.62,10.4873,2.01,45.0,93.2
9289,-1148.44,20.3397,1.97,49.6,93.2
9290,-1153.19,10.8619,1.97,51.7,93.3
9291,-1149.33,3.159,1.95,51.3,93.2
9292,-1149.68,13.8705,2.02,51.5,93.3
9293,-1162.27,28.0784,1.98,51.7,93.2
9294,-1147.94,43.2442,2.02,46.9,93.2
9295,-1148.77,2.7049,1.99,41.5,93.3
9296,-1147.61,4.6356,2.01,46.2,93.3
9297,-1162.27,17.2299,2.0,51.6,93.3
9298,-1145.1,4.0844,1.98,50.0,93.3
9299,-1146.18,4.7373,1.96,50.7,93.3
9300,-1157.09,19.925,1.96,51.8,93.3
9301,-1154.12,13.2397,1.98,51.6,93.3
9302,-1168.87,19.395,2.0,45.1,93.3
9303,-1168.87,15.3651,2.0,43.4,93.3
9304,-1159.84,5.8648,1.99,48.0,93.4
9305,-1174.89,5.6237,1.98,50.7,93.3
9306,-1182.74,4.1551,1.98,50.7,93.4
9307,-1148.14,32.5442,1.96,51.0,93.3
9308,-1147.46,42.2637,1.98,52.2,93.4
9309,-1164.06,15.4956,1.99,50.6,93.4
9310,-1143.97,14.0635,2.02,44.1,93.4
9311,-1176.34,34.3639,1.99,42.5,93.4
9312,-1164.67,19.8929,2.0,47.1,93.4
9313,-1142.2,14.1622,1.98,51.3,93.4
9314,-1154.23,8.024,1.99,50.6,93.4
9315,-1167.58,9.4574,1.96,52.0,93.4
9316,-1180.43,14.74,1.97,52.3,93.4
9317,-1187.95,17.9525,2.01,46.7,93.5
9318,-1180.57,6.6681,2.01,42.3,93.4
9319,-1167.35,30.9851,2.0,46.4,93.4
9320,-1167.58,21.4274,1.96,50.5,93.4
9321,-1179.65,2.4558,1.97,50.6,93.5
9322,-1165.68,3.3591,1.94,52.5,93.5
9323,-1150.41,7.8438,1.95,51.7,93.4
9324,-1178.85,39.5265,2.02,49.3,93.5
9325,-1180.68,24.2871,2.0,42.1,93.5
9326,-1157.87,8.8165,1.99,45.9,93.5
9327,-1158.18,5.6957,1.99,51.2,93.5
9328,-1160.65,8.6615,1.98,50.6,93.5
9329,-1171.17,11.0818,1.96,50.8,93.5
9330,-1179.93,19.4629,1.98,52.2,93.5
9331,-1168.53,2.7706,2.02,50.8,93.5
9332,-1159.88,11.8056,2.03,44.6,93.6
9333,-1163.01,5.3257,2.02,42.9,93.6
9334,-1159.81,11.5375,1.99,48.7,93.6
9335,-1189.3,51.9627,1.99,51.1,93.6
9336,-1155.28,7.9448,1.98,51.3,93.6
9337,-1166.38,17.4867,1.94,51.0,93.6
9338,-1155.28,7.0807,1.95,52.1,93.6
9339,-1192.65,41.1716,1.99,51.0,93.6
9340,-1167.53,4.1764,2.02,45.1,93.7
9341,-1184.32,8.3314,1.97,40.2,93.6
9342,-1196.24,9.5664,1.99,46.0,93.6
9343,-1164.59,41.1533,2.01,51.1,93.6
9344,-1181.69,19.7917,1.98,51.2,93.7
9345,-1156.25,53.2182,1.97,51.5,93.7
9346,-1145.7,55.3088,1.96,50.4,93.7
9347,-1145.7,28.5799,1.96,52.3,93.6
9348,-1168.74,11.8232,1.98,49.3,93.6
9349,-1171.44,17.2787,2.02,43.7,93.7
9350,-1179.17,36.4406,2.03,44.1,93.7
9351,-1185.66,69.2098,1.98,48.5,93.7
9352,-1180.88,4.3647,1.96,51.9,93.7
9353,-1181.92,4.2221,1.95,50.5,93.7
9354,-1183.31,16.1292,1.96,51.5,93.7
9355,-1179.93,17.5974,1.96,51.9,93.8
9356,-1175.34,4.8288,2.0,51.5,93.7
9357,-1183.31,14.3096,2.0,44.2,93.7
9358,-1170.34,5.4602,2.02,43.1,93.8
9359,-1194.89,24.7193,2.03,46.2,93.8
9360,-1174.24,9.1905,1.99,49.7,93.6
9361,-1184.08,7.9649,2.0,51.4,93.6
9362,-1153.27,28.925,1.98,51.2,93.5
9363,-1172.38,9.8985,1.94,51.3,93.5
9364,-1162.14,7.8202,1.99,52.0,93.5
9365,-1177.93,17.7808,1.98,51.4,93.4
9366,-1177.23,12.6495,1.97,47.0,93.1
9367,-1180.81,8.7788,1.96,42.6,93.1
9368,-1198.84,20.6946,1.97,45.4,93.1
9369,-1166.95,34.4051,1.99,51.0,93.2
9370,-1178.98,27.046,1.95,50.9,93.2
9371,-1179.93,21.9371,2.0,51.1,93.2
9372,-1179.88,6.3716,1.96,51.1,93.2
9373,-1192.35,8.5831,1.97,51.5,93.1
9374,-1181.01,16.9191,1.99,49.2,93.2
9375,-1180.81,3.8261,2.01,43.8,93.2
9376,-1185.66,4.9927,2.02,43.0,93.2
9377,-1146.59,112.2118,2.0,46.3,93.2
9378,-1159.4,30.8035,2.0,50.5,93.2
9379,-1168.54,18.7165,1.97,51.2,93.2
9380,-1183.23,21.3195,1.96,51.4,93.3
9381,-1178.48,16.876,1.95,51.8,93.3
9382,-1159.52,4.4631,1.96,51.9,93.3
9383,-1152.26,11.2829,2.01,47.5,93.3
9384,-1159.84,11.9674,2.0,43.4,93.3
9385,-1159.84,9.0742,2.01,44.3,93.3
9386,-1171.95,18.5322,1.96,48.3,93.3
9387,-1151.38,7.2263,1.95,51.2,93.4
9388,-1176.09,18.0422,1.93,51.1,93.4
9389,-1176.76,15.514,1.92,50.7,93.3
9390,-1192.73,20.5828,1.95,51.2,93.3
9391,-1151.19,36.8115,1.97,52.5,93.3
9392,-1188.92,5.7551,1.98,46.4,93.4
9393,-1170.26,19.9078,2.01,41.0,93.4
9394,-1167.58,27.7148,2.01,45.7,93.5
9395,-1179.61,10.5927,2.0,49.6,93.5
9396,-1174.54,12.1463,1.97,51.0,93.5
9397,-1151.02,36.1775,1.98,51.3,93.5
9398,-1169.34,5.8126,1.95,51.4,93.6
9399,-1181.56,15.0437,1.98,51.9,93.6
9400,-1169.31,5.7878,2.03,48.5,93.6
9401,-1157.45,10.0726,1.99,41.6,93.6
9402,-1132.17,38.8033,1.99,44.1,93.6
9403,-1169.31,11.5859,1.95,49.4,93.6
9404,-1184.65,50.6873,1.99,51.0,93.6
9405,-1191.38,51.2132,1.95,51.3,93.6
9406,-1151.29,20.429,1.94,51.9,93.7
9407,-1193.0,21.1558,1.94,52.4,93.7
9408,-1194.51,22.8609,1.97,49.9,93.7
9409,-1193.78,10.2565,2.02,45.4,93.7
9410,-1192.65,13.145,1.99,42.7,93.7
9411,-1184.84,7.3405,2.0,46.9,93.7
9412,-1163.19,40.8592,1.99,51.2,93.7
9413,-1172.06,14.1363,1.98,51.6,93.7
9414,-1173.85,6.0593,1.96,51.0,93.7
9415,-1167.16,6.1988,1.95,51.3,93.8
9416,-1173.59,4.5709,1.95,52.4,93.7
9417,-1198.09,19.0644,2.03,47.6,93.8
9418,-1176.43,7.6979,1.99,42.4,93.9
9419,-1178.11,7.8669,1.98,44.0,93.8
9420,-1192.75,7.8685,1.99,49.2,93.9
9421,-1170.34,10.3816,2.0,52.0,93.9
9422,-1178.48,9.6485,1.99,51.4,93.9
9423,-1190.78,17.4886,1.95,51.6,93.9
9424,-1175.08,20.5524,1.97,52.2,93.9
9425,-1146.4,70.0657,2.03,48.6,93.8
9426,-1195.65,43.9903,2.03,46.9,93.4
9427,-1194.21,37.3958,1.97,41.5,93.3
9428,-1197.02,24.9322,2.0,45.4,93.3
9429,-1149.89,53.9911,1.99,51.2,93.4
9430,-1176.91,5.9776,1.95,50.9,93.4
9431,-1151.29,45.5784,1.95,50.6,93.4
9432,-1175.19,4.697,1.95,51.4,93.4
9433,-1190.78,31.7066,1.97,52.8,93.4
9434,-1180.45,6.729,1.96,48.7,93.4
9435,-1191.71,11.8682,1.96,43.9,93.5
9436,-1180.65,14.1787,2.01,45.5,93.5
9437,-1181.0,8.3684,1.98,47.1,93.5
9438,-1178.03,8.3042,1.99,51.0,93.5
9439,-1197.52,26.7827,1.98,50.5,93.5
9440,-1190.78,11.606,1.95,50.6,93.5
9441,-1189.46,5.863,1.98,52.1,93.4
9442,-1184.29,6.2174,2.0,51.8,93.5
9443,-1174.75,14.822,1.99,45.4,93.5
9444,-1183.44,10.3966,1.99,42.2,93.5
9445,-1184.01,5.3578,2.02,45.9,93.6
9446,-1173.86,6.3317,1.97,51.1,93.5
9447,-1173.59,2.8522,1.95,52.1,93.6
9448,-1182.93,6.6508,1.96,51.2,93.6
9449,-1143.52,64.0048,1.97,51.8,93.6
9450,-1179.29,7.516,1.98,52.6,93.6
9451,-1191.84,13.2446,1.99,46.8,93.6
9452,-1184.62,5.6148,2.02,40.7,93.6
9453,-1203.61,12.684,1.99,45.4,93.6
9454,-1171.35,19.9946,2.0,50.8,93.8
9455,-1182.83,14.3193,1.97,51.5,93.8
9456,-1199.44,23.4874,1.98,51.3,93.8
9457,-1168.44,17.3704,1.95,51.5,93.8
9458,-1157.92,18.8284,1.95,52.0,93.7
9459,-1196.07,48.6244,2.02,51.3,94.2
9460,-1149.92,17.2049,2.04,46.1,94.3
9461,-1184.5,38.2726,2.01,42.2,93.6
9462,-1162.91,12.8152,2.01,47.0,93.8
9463,-1162.05,6.5186,2.0,50.4,93.8
9464,-1168.46,9.8896,1.96,50.8,93.8
9465,-1169.42,3.4949,1.98,51.3,93.6
9466,-1151.15,13.3806,1.99,52.7,94.0
9467,-1165.4,4.0345,1.98,53.4,94.1
9468,-1167.35,6.6427,2.02,50.7,94.1
9469,-1155.03,13.7821,2.01,46.3,94.1
9470,-1165.79,9.0084,2.04,39.3,94.1
9471,-1157.97,12.4808,1.98,46.9,94.1
9472,-1172.73,16.7139,1.96,51.2,94.2
9473,-1173.84,13.1675,1.95,51.9,94.1
9474,-1146.23,23.6118,1.96,50.4,94.1
9475,-1179.25,5.5652,1.96,51.9,94.2
9476,-1149.2,31.3638,1.96,52.1,94.1
9477,-1146.64,31.5323,1.97,49.3,94.2
9478,-1160.16,6.3373,1.99,43.6,94.2
9479,-1180.37,30.2689,2.03,41.6,94.2
9480,-1172.33,9.8398,1.98,46.3,94.2
9481,-1134.41,46.566,2.0,49.8,94.2
9482,-1164.71,20.8771,1.95,51.4,94.2
9483,-1163.59,9.7457,1.95,51.9,94.2
9484,-1166.08,9.3348,1.96,51.7,94.2
9485,-1153.72,16.9101,1.96,52.2,94.1
9486,-1178.12,13.8095,2.03,50.1,94.0
9487,-1155.12,13.8678,1.99,46.7,94.1
9488,-1166.18,5.5999,2.02,42.3,94.1
9489,-1152.2,12.6535,1.98,46.9,94.1
9490,-1157.12,4.6983,1.97,50.7,94.1
9491,-1164.19,8.2666,1.96,51.2,94.1
9492,-1146.07,18.9518,1.97,51.6,94.1
9493,-1180.1,31.5769,1.98,51.7,94.2
9494,-1175.44,38.1252,1.99,52.6,94.1
9495,-1194.72,63.3473,1.98,45.7,94.2
9496,-1160.82,8.6647,2.12,42.1,94.5
9497,-1186.45,19.6982,1.98,44.9,94.4
9498,-1182.41,29.5155,1.99,49.5,94.4
9499,-1158.59,26.7378,1.98,51.4,94.3
9500,-1167.57,14.5043,1.96,51.6,94.3
9501,-1167.35,23.3916,1.95,51.8,94.3
9502,-1193.04,29.6061,1.99,52.9,94.3
9503,-1154.52,26.6543,2.0,48.8,94.1
9504,-1156.83,7.9149,2.0,45.1,93.8
9505,-1188.37,41.6293,2.04,44.4,93.8
9506,-1163.34,11.9014,1.96,49.0,93.8
9507,-1155.06,24.0414,1.97,51.2,93.9
9508,-1178.5,8.3651,1.97,50.7,93.9
9509,-1174.15,5.3435,1.97,51.3,93.9
9510,-1161.24,21.7586,1.96,52.3,93.9
9511,-1170.15,25.4058,2.03,49.4,93.9
9512,-1159.37,22.5063,2.01,44.7,94.0
9513,-1167.77,24.5013,2.01,43.9,93.9
9514,-1163.61,9.2055,2.01,48.1,93.9
9515,-1180.38,14.3808,1.98,51.7,93.9
9516,-1152.48,22.6505,1.97,50.8,93.9
9517,-1165.6,14.8784,1.98,51.8,94.0
9518,-1164.17,9.0807,1.98,51.9,94.0
9519,-1150.4,4.6499,2.01,50.9,94.3
9520,-1164.68,18.6531,2.01,41.6,94.3
9521,-1166.9,32.9913,2.05,44.2,94.3
9522,-1186.43,37.699,1.99,49.4,94.4
9523,-1165.52,8.4884,1.97,50.7,94.4
9524,-1191.66,58.0994,1.95,50.4,94.5
9525,-1166.28,20.8833,1.95,51.3,94.4
9526,-1164.63,25.703,1.98,52.1,94.4
9527,-1170.13,7.3748,1.99,45.3,94.4
9528,-1170.97,4.8078,1.99,42.6,94.4
9529,-1158.39,8.322,2.0,45.6,94.4
9530,-1187.81,29.9504,2.0,50.5,94.4
9531,-1156.99,10.8705,1.98,50.6,94.5
9532,-1154.59,16.3215,1.97,52.3,94.5
9533,-1173.0,26.2423,1.96,51.9,94.5
9534,-1162.3,3.1485,1.96,52.3,94.4
9535,-1166.78,13.0326,2.0,46.7,94.5
9536,-1150.8,14.4156,2.0,42.4,94.5
9537,-1163.48,10.7768,2.03,47.5,94.6
9538,-1163.99,13.3525,1.98,50.8,94.6
9539,-1179.9,28.3682,1.97,51.2,94.5
9540,-1162.9,10.2188,1.97,50.7,94.6
9541,-1149.38,39.9975,1.96,51.7,94.6
9542,-1139.83,51.4394,1.98,52.6,94.6
9543,-1175.25,29.0154,1.98,46.9,94.7
9544,-1166.97,12.5322,2.03,41.3,94.7
9545,-1172.67,5.8224,2.03,44.1,94.7
9546,-1156.3,20.1761,1.98,50.0,94.7
9547,-1145.17,16.1209,1.96,51.3,94.7
9548,-1132.95,27.1541,1.97,50.8,94.8
9549,-1177.83,41.6596,1.97,51.9,94.8
9550,-1186.01,88.5601,1.98,51.4,94.8
9551,-1165.0,14.4486,1.99,49.7,94.7
9552,-1164.8,10.1517,1.98,46.4,94.8
9553,-1157.63,9.6391,2.04,40.3,94.8
9554,-1127.92,24.9829,2.01,44.8,94.8
9555,-1142.48,29.4995,1.97,49.2,94.9
9556,-1138.97,19.6324,1.98,51.7,95.0
9557,-1143.7,9.1727,1.96,51.5,94.9
9558,-1171.03,87.1826,1.97,51.3,94.9
9559,-1142.87,10.3739,1.97,51.8,94.9
9560,-1152.45,7.4425,2.02,51.4,94.9
9561,-1142.15,7.9374,2.03,44.8,94.9
9562,-1171.13,41.0817,1.97,44.1,95.0
9563,-1132.79,39.1512,1.99,46.8,94.9
9564,-1127.94,26.7356,1.98,51.4,95.0
9565,-1142.58,21.2964,1.99,51.3,95.0
9566,-1175.67,111.826,1.99,50.6,95.0
9567,-1134.5,2.9852,1.97,51.5,95.1
9568,-1149.69,87.6761,1.99,52.3,95.1
9569,-1168.18,52.7271,2.03,48.4,94.8
9570,-1164.09,26.4407,1.96,42.5,94.4
9571,-1150.96,29.8853,2.03,45.4,94.4
9572,-1174.22,17.3762,1.97,48.4,94.5
9573,-1156.52,52.1731,1.95,51.2,94.5
9574,-1166.53,4.5506,1.94,50.7,94.6
9575,-1172.73,3.8523,1.94,51.7,94.5
9576,-1148.31,20.2312,1.96,52.6,94.5
9577,-1170.03,8.6777,1.98,46.9,94.6
9578,-1170.36,50.4896,2.0,41.5,94.6
9579,-1152.45,11.5409,1.99,46.9,94.6
9580,-1152.45,8.6579,1.98,51.3,94.7
9581,-1141.02,17.9242,1.98,50.9,94.7
9582,-1185.76,104.4169,1.94,50.3,94.6
9583,-1161.76,43.964,1.9,39.1,93.8
9584,-1155.09,7.6009,1.93,52.1,93.8
9585,-1171.09,28.7487,1.98,51.1,93.9
9586,-1155.57,17.6158,2.01,46.2,93.9
9587,-1135.3,70.5914,1.97,41.5,93.9
9588,-1179.94,37.2753,1.99,45.6,93.9
9589,-1160.15,12.9482,1.97,49.6,93.9
9590,-1163.98,3.889,1.98,51.4,93.9
9591,-1172.49,21.5489,1.99,50.2,93.9
9592,-1182.34,27.9042,1.96,51.1,94.0
9593,-1184.34,18.3838,1.96,51.8,94.0
9594,-1172.85,10.398,1.99,51.4,94.0
9595,-1153.85,40.8516,1.99,44.5,93.9
9596,-1137.92,84.5654,1.99,42.9,94.0
9597,-1174.05,6.8428,2.0,46.6,94.0
9598,-1157.37,8.0171,1.96,50.2,94.0
9599,-1179.94,35.5003,1.95,50.7,94.0
9600,-1150.26,12.403,1.96,51.3,94.0
9601,-1165.03,9.9419,1.94,51.5,93.9
9602,-1170.2,26.3681,1.94,51.9,94.0
9603,-1126.69,114.11,2.01,49.3,94.0
9604,-1176.5,12.5851,1.99,43.5,94.1
9605,-1170.2,14.2982,2.01,44.1,94.0
9606,-1158.96,21.571,2.03,47.1,94.0
9607,-1173.24,17.3197,2.0,49.8,94.0
9608,-1174.5,3.5026,1.96,51.4,94.1
9609,-1171.86,10.533,1.99,51.9,94.2
9610,-1154.2,69.9053,1.97,52.1,94.2
9611,-1153.03,25.747,1.97,53.1,94.2
9612,-1209.44,78.5274,2.03,49.4,94.2
9613,-1181.71,21.9942,1.99,44.3,94.2
9614,-1166.6,5.647,2.02,43.4,94.2
9615,-1183.42,16.1251,2.0,48.1,94.2
9616,-1164.37,15.9467,2.0,50.5,94.3
9617,-1168.75,7.1442,1.97,51.5,94.3
9618,-1148.16,16.2388,2.0,50.9,94.3
9619,-1153.29,8.6248,1.97,51.8,94.3
9620,-1153.82,7.7829,1.96,52.1,94.3
9621,-1161.74,16.1169,2.02,48.6,94.3
9622,-1148.84,9.2375,1.98,44.1,94.3
9623,-1171.91,32.2576,2.03,42.3,94.3
9624,-1166.0,22.3244,2.02,46.7,94.3
9625,-1185.46,79.9092,1.98,50.8,94.3
9626,-1201.45,65.6772,1.96,50.4,94.3
9627,-1171.67,13.256,1.97,51.2,94.4
9628,-1175.98,13.4211,1.96,51.9,94.4
9629,-1142.51,89.1559,1.97,51.5,94.4
9630,-1168.73,15.5854,2.01,50.2,94.4
9631,-1182.91,20.3327,2.02,44.4,94.4
9632,-1174.21,9.8869,2.01,43.8,94.4
9633,-1171.97,8.5081,1.98,47.7,94.4
9634,-1155.07,22.8973,1.97,51.1,94.5
9635,-1170.63,8.3945,1.97,52.1,94.4
9636,-1161.57,8.5558,1.99,50.6,94.4
9637,-1148.74,35.9136,1.96,51.3,94.4
9638,-1163.56,5.8828,1.97,52.4,94.4
9639,-1147.42,18.6234,2.01,48.5,94.5
9640,-1154.16,5.9294,1.98,43.7,94.5
9641,-1167.52,24.0381,2.02,42.0,94.4
9642,-1139.12,26.2761,2.01,46.2,94.5
9643,-1171.14,48.6464,2.0,50.5,94.4
9644,-1179.52,34.1849,1.95,51.0,94.5
9645,-1174.86,12.5699,1.97,51.6,94.5
9646,-1175.34,19.8502,1.97,51.6,94.5
9647,-1175.34,16.6755,1.96,51.2,94.5
9648,-1143.52,69.1494,2.01,50.6,94.5
9649,-1174.55,6.2631,1.98,45.6,94.5
9650,-1170.46,23.2021,2.02,44.5,94.5
9651,-1164.67,15.4025,2.01,47.5,94.6
9652,-1176.66,8.4217,1.99,51.3,94.6
9653,-1180.99,25.2378,1.97,51.4,94.6
9654,-1148.68,91.9521,1.95,50.5,94.6
9655,-1170.59,5.2082,1.96,52.1,94.6
9656,-1171.69,7.5318,1.97,52.8,94.6
9657,-1168.07,19.8012,1.98,47.7,94.6
9658,-1166.51,15.4052,2.02,41.5,94.7
9659,-1165.41,6.5782,2.02,44.0,94.7
9660,-1163.08,11.6645,2.01,46.7,94.7
9661,-1174.37,23.6345,1.98,51.0,94.7
9662,-1146.79,9.703,1.98,51.4,94.7
9663,-1172.79,17.3413,1.93,51.2,94.7
9664,-1176.2,7.8151,1.96,51.9,94.8
9665,-1189.97,52.0005,1.98,51.6,94.7
9666,-1172.03,19.8258,2.0,48.9,94.8
9667,-1154.63,38.2866,2.02,44.6,94.8
9668,-1166.74,23.588,2.02,43.2,94.8
9669,-1168.32,7.2565,1.97,49.7,94.8
9670,-1192.27,38.0553,1.98,51.0,94.8
9671,-1173.73,25.6883,1.98,50.5,94.8
9672,-1147.17,71.6792,1.95,50.9,94.8
9673,-1180.59,5.7661,1.96,52.0,94.8
9674,-1148.02,58.1155,1.99,52.1,94.8
9675,-1176.15,8.6254,2.03,46.0,94.9
9676,-1162.42,9.8806,2.02,42.3,94.9
9677,-1170.59,9.0699,1.95,43.5,93.9
9678,-1150.02,5.9316,1.96,52.2,93.8
9679,-1147.93,6.1846,1.98,51.0,93.9
9680,-1166.91,27.053,2.0,44.8,93.9
9681,-1163.93,25.711,1.98,43.1,93.9
9682,-1151.08,15.5616,1.96,47.8,94.0
9683,-1170.9,12.636,1.95,48.8,93.9
9684,-1150.96,31.8619,1.94,51.0,93.9
9685,-1173.08,15.7122,1.96,51.2,93.9
9686,-1169.62,16.6337,1.94,50.8,94.0
9687,-1140.4,17.2775,1.97,52.5,94.0
9688,-1179.04,29.3738,2.01,49.2,94.0
9689,-1195.55,81.3889,2.0,45.2,93.9
9690,-1160.69,18.3775,1.99,40.3,93.9
9691,-1169.92,19.1354,2.01,47.2,93.9
9692,-1151.53,20.7785,1.95,51.2,94.0
9693,-1161.04,7.497,1.93,51.4,94.0
9694,-1152.56,20.4892,1.96,51.7,94.0
9695,-1151.97,8.4954,1.93,52.1,94.0
9696,-1175.64,31.9688,1.94,52.3,93.9
9697,-1173.48,57.6791,2.0,49.9,94.0
9698,-1145.17,8.0422,1.99,46.0,94.0
9699,-1188.94,60.924,2.03,43.0,94.1
9700,-1177.57,36.02,1.99,47.2,94.0
9701,-1162.43,21.7232,1.96,49.7,94.0
9702,-1185.5,8.8416,1.97,51.1,94.0
9703,-1179.75,9.3572,1.95,50.3,94.0
9704,-1172.75,14.5288,1.94,52.0,94.1
9705,-1173.72,6.2723,1.99,51.6,94.0
9706,-1170.58,36.7149,1.98,46.1,94.1
9707,-1152.29,23.4726,2.0,41.3,94.1
9708,-1160.36,9.3642,1.98,45.3,94.1
9709,-1171.71,12.9938,1.99,49.3,94.1
9710,-1158.45,14.0632,2.0,51.5,94.1
9711,-1181.22,23.0393,1.96,51.1,94.1
9712,-1188.28,23.2147,1.98,52.0,94.2
9713,-1190.29,12.3471,1.98,51.4,94.1
9714,-1165.29,78.7257,2.0,47.7,94.1
9715,-1166.73,28.5477,2.0,40.8,94.1
9716,-1189.63,18.8323,2.0,46.8,94.1
9717,-1164.63,37.6029,1.96,51.1,94.1
9718,-1164.71,23.1774,1.97,51.3,94.2
9719,-1174.41,10.9607,1.95,51.3,94.1
9720,-1178.7,9.1697,1.95,51.5,94.1
9721,-1166.74,4.5932,1.96,52.2,94.1
9722,-1167.77,13.255,1.97,46.1,94.2
9723,-1161.24,23.1449,2.03,43.2,94.2
9724,-1155.95,18.8918,2.0,47.7,94.2
9725,-1179.36,26.2829,1.99,50.8,94.2
9726,-1160.37,12.926,1.97,51.1,94.3
9727,-1184.34,16.4303,1.96,51.3,94.1
9728,-1162.1,12.5531,1.95,52.0,94.2
9729,-1153.46,12.9664,1.97,52.6,94.2
9730,-1164.83,8.5813,2.03,48.2,94.2
9731,-1174.52,12.9374,1.99,43.1,94.1
9732,-1184.93,34.0142,2.03,43.8,94.1
9733,-1152.62,15.3265,1.96,48.9,94.2
9734,-1171.97,6.1399,2.0,50.7,94.1
9735,-1163.3,19.3452,1.99,50.9,94.1
9736,-1186.15,19.06,1.95,52.3,94.1
9737,-1178.32,6.1277,1.96,52.4,94.1
9738,-1168.47,12.7932,1.99,52.9,94.1
9739,-1183.89,8.7626,1.98,47.8,94.1
9740,-1181.07,5.3926,2.03,41.1,94.1
9741,-1165.87,17.6045,2.01,46.2,94.1
9742,-1166.11,13.2917,1.96,50.6,94.1
9743,-1163.53,8.3612,1.99,51.0,94.1
9744,-1165.87,5.6703,1.96,50.8,94.1
9745,-1169.54,35.7382,1.94,51.2,94.2
9746,-1193.29,41.6217,2.0,52.5,94.1
9747,-1150.66,16.0223,2.02,48.9,94.1
9748,-1170.28,8.7791,2.03,44.4,94.2
9749,-1185.03,20.3021,2.01,41.7,94.1
9750,-1196.31,13.5351,2.02,46.1,94.2
9751,-1190.8,19.2878,1.96,49.9,94.2
9752,-1166.26,53.2271,1.96,51.2,94.1
9753,-1183.75,17.6038,1.96,51.1,94.2
9754,-1175.63,12.5857,1.94,51.8,94.2
9755,-1183.59,32.4261,1.99,52.1,94.2
9756,-1161.5,6.7043,2.02,49.5,94.2
9757,-1155.17,7.1361,2.01,44.9,94.2
9758,-1165.28,14.4793,2.01,43.3,94.2
9759,-1157.44,16.1501,1.97,48.6,94.2
9760,-1172.66,9.122,1.97,51.6,94.2
9761,-1162.28,11.1577,1.95,50.6,94.2
9762,-1173.85,29.2142,2.01,50.6,95.1
9763,-1138.26,26.9296,1.96,52.5,95.1
9764,-1183.61,47.303,2.0,50.0,94.9
9765,-1182.94,44.9061,2.01,43.6,94.2
9766,-1192.77,44.7934,2.0,45.0,94.1
9767,-1148.53,62.9244,1.97,48.0,94.0
9768,-1165.34,8.8712,1.98,51.9,94.1
9769,-1183.75,16.0938,1.98,51.5,94.1
9770,-1151.19,42.491,1.95,51.8,94.1
9771,-1158.87,26.225,1.98,52.7,94.1
9772,-1207.24,103.6228,2.01,50.0,94.2
9773,-1191.46,33.7704,2.0,44.7,94.2
9774,-1160.47,11.6534,2.01,41.8,94.2
9775,-1160.98,9.6672,1.98,46.1,94.2
9776,-1192.15,58.6115,1.99,50.5,94.3
9777,-1189.58,47.9113,1.97,50.8,94.3
9778,-1169.92,17.5232,1.95,51.7,94.3
9779,-1169.05,33.6467,1.95,51.7,94.3
9780,-1176.34,28.358,1.99,52.1,94.3
9781,-1179.92,15.6724,2.0,49.8,94.2
9782,-1155.32,13.0555,1.97,44.0,94.3
9783,-1167.32,9.0412,2.02,44.2,94.3
9784,-1159.86,14.1523,1.98,49.3,94.3
9785,-1162.08,12.6354,1.96,51.3,94.3
9786,-1148.06,9.5882,1.97,50.6,94.3
9787,-1161.61,3.3158,1.93,51.7,94.4
9788,-1166.56,10.8669,1.95,52.1,94.4
9789,-1160.52,26.3698,2.0,52.1,94.4
9790,-1169.22,7.2977,2.01,44.8,94.4
9791,-1170.01,8.2202,2.02,42.5,94.4
9792,-1159.62,250.6684,2.02,46.3,94.4
9793,-1157.36,36.3031,1.98,50.5,94.5
9794,-1163.22,27.4159,1.97,51.0,94.5
9795,-1190.02,22.2044,1.96,51.9,94.5
9796,-1155.3,12.9164,1.96,51.3,94.5
9797,-1178.85,7.0115,1.94,52.3,94.5
9798,-1180.23,17.1106,2.0,48.6,94.5
9799,-1181.6,11.7015,1.98,44.5,94.5
9800,-1167.84,30.249,2.03,43.3,94.6
9801,-1164.7,21.2133,2.0,47.9,94.6
9802,-1173.23,8.2489,1.99,50.6,94.6
9803,-1178.48,10.1489,1.96,51.7,94.6
9804,-1175.57,20.2388,1.95,51.6,94.6
9805,-1171.62,3.7678,1.96,51.5,94.6
9806,-1170.0,17.6992,1.97,51.9,94.6
9807,-1177.0,10.9196,2.01,47.5,94.7
9808,-1166.88,19.4069,1.99,40.6,94.7
9809,-1168.32,6.6725,2.03,43.9,94.6
9810,-1178.0,17.9356,1.98,48.8,94.7
9811,-1165.86,6.0709,1.98,51.0,94.7
9812,-1177.17,13.0662,1.96,50.5,94.7
9813,-1177.38,7.582,1.97,51.3,94.7
9814,-1172.85,7.7922,1.99,51.8,94.7
9815,-1177.17,3.521,1.97,50.8,94.7
9816,-1152.4,45.2744,2.03,46.2,94.7
9817,-1170.9,4.6452,2.02,40.9,94.7
9818,-1168.83,9.4099,2.04,46.1,94.8
9819,-1180.02,7.639,2.0,49.8,94.8
9820,-1172.54,2.9353,1.96,51.2,94.8
9821,-1168.12,4.7372,1.99,50.8,94.8
9822,-1173.82,9.6983,1.93,51.2,94.8
9823,-1174.11,36.7226,2.0,51.9,94.8
9824,-1177.86,4.9694,2.0,50.2,94.8
9825,-1161.51,16.0631,2.03,45.9,94.8
9826,-1172.54,1.8116,2.04,41.3,94.8
9827,-1164.78,2.9921,2.02,45.1,94.8
9828,-1154.12,11.0542,2.0,49.1,95.0
9829,-1176.36,38.5934,1.98,50.8,95.0
9830,-1183.35,33.2587,1.96,51.4,95.0
9831,-1165.39,11.6172,1.95,51.0,95.1
9832,-1198.96,54.4844,1.97,51.9,95.0
9833,-1199.44,38.3578,1.99,50.4,95.0
9834,-1183.35,7.9966,2.0,47.2,95.0
9835,-1164.16,24.5059,2.02,43.1,95.0
9836,-1183.33,5.1359,2.04,44.4,95.0
9837,-1155.27,39.4641,2.01,48.3,95.1
9838,-1170.82,8.1149,1.98,51.1,95.1
9839,-1178.48,10.9348,1.97,50.9,95.0
9840,-1132.8,75.7238,1.94,51.3,95.1
9841,-1150.19,21.7615,1.95,51.9,95.1
9842,-1133.02,33.6206,1.98,52.4,95.1
9843,-1150.54,10.0167,1.99,47.7,95.1
9844,-1169.12,35.4902,1.99,43.4,95.2
9845,-1182.45,47.9687,2.02,42.1,95.1
9846,-1159.87,6.5419,2.02,47.0,95.1
9847,-1159.87,5.9314,1.96,50.6,95.2
9848,-1185.39,35.4851,1.96,50.8,95.2
9849,-1164.05,12.1293,1.94,50.7,95.2
9850,-1182.72,7.4075,1.95,52.0,95.2
9851,-1159.47,9.3405,1.96,51.7,95.2
9852,-1166.25,15.2148,1.98,48.5,95.2
9853,-1181.14,11.3278,2.03,43.9,95.2
9854,-1150.64,34.9879,2.02,42.5,95.2
9855,-1188.15,22.226,1.98,46.4,95.3
9856,-1182.49,11.5296,1.96,51.1,95.3
9857,-1204.13,23.9969,1.96,51.3,95.2
9858,-1169.12,22.0199,1.96,50.7,95.3
9859,-1182.47,5.5136,1.95,51.7,95.3
9860,-1171.88,7.0077,1.99,52.2,95.3
9861,-1184.32,7.9969,2.02,48.7,95.3
9862,-1165.52,8.7054,2.01,44.3,95.3
9863,-1168.67,4.7593,1.97,40.6,95.3
9864,-1131.99,42.6465,1.99,46.7,95.3
9865,-1155.11,5.6036,2.0,50.4,95.3
9866,-1155.48,5.0577,1.97,51.1,95.4
9867,-1169.08,21.4369,1.96,50.6,95.4
9868,-1156.22,7.122,1.95,50.8,95.5
9869,-1165.16,4.2248,1.96,51.7,95.4
9870,-1164.01,7.2312,1.99,51.5,95.4
9871,-1171.5,8.8952,2.02,47.1,95.4
9872,-1153.94,7.0614,1.96,41.8,95.4
9873,-1171.03,3.7776,2.0,44.9,95.5
9874,-1129.15,49.7532,1.98,48.9,95.5
9875,-1157.53,3.3274,1.97,50.7,95.4
9876,-1167.5,17.722,1.97,51.6,95.5
9877,-1170.45,15.4584,1.95,51.2,95.5
9878,-1129.08,56.7333,1.94,51.2,95.5
9879,-1155.78,19.289,1.98,52.0,95.5
9880,-1167.5,9.6357,1.99,47.9,95.5
9881,-1167.39,7.3158,2.0,43.4,95.5
9882,-1185.98,17.4844,1.98,45.0,95.6
9883,-1190.71,21.8859,1.99,49.4,95.6
9884,-1155.82,63.6406,1.97,51.3,95.6
9885,-1159.42,53.3099,1.96,50.7,95.7
9886,-1153.17,54.1108,1.93,51.4,95.7
9887,-1163.24,12.653,1.94,51.7,95.6
9888,-1181.44,10.8198,1.97,49.9,95.7
9889,-1183.56,34.9286,2.03,46.0,95.7
9890,-1163.53,9.6417,2.0,43.3,95.7
9891,-1154.25,29.4303,1.98,48.5,95.7
9892,-1147.81,6.4504,1.98,50.4,95.8
9893,-1134.24,6.3762,1.96,51.3,95.7
9894,-1163.42,23.884,1.96,51.0,95.8
9895,-1159.69,27.8681,1.96,52.2,95.7
9896,-1163.53,15.3143,1.98,51.9,95.8
9897,-1181.24,20.1546,2.02,48.7,95.8
9898,-1181.44,7.262,2.03,44.4,95.8
9899,-1168.88,15.4331,2.01,43.5,95.8
9900,-1156.22,26.8379,1.96,45.5,95.8
9901,-1168.88,8.2475,1.95,51.2,95.8
9902,-1167.52,7.2301,1.96,50.9,95.9
9903,-1140.08,39.1659,1.96,51.9,95.9
9904,-1144.89,17.4038,1.95,52.3,95.9
9905,-1142.44,8.6296,1.99,50.2,95.9
9906,-1146.15,12.4131,1.98,46.2,95.9
9907,-1163.32,36.8632,2.03,41.0,95.9
9908,-1183.56,76.8596,2.0,45.8,95.9
9909,-1171.16,12.9428,1.99,50.6,96.0
9910,-1183.0,12.6131,1.97,51.3,96.0
9911,-1185.77,13.3953,1.97,50.4,96.0
9912,-1185.98,9.8271,1.95,50.6,95.9
9913,-1154.97,51.1168,1.97,52.5,96.0
9914,-1179.71,11.9041,2.0,48.7,96.0
9915,-1158.12,25.368,1.97,43.0,96.0
9916,-1181.0,19.0748,2.0,44.9,96.1
9917,-1177.65,6.4519,1.97,46.8,96.1
9918,-1177.78,5.8317,1.99,49.9,96.1
9919,-1169.71,16.3867,1.97,50.5,96.1
9920,-1181.88,18.0238,1.96,51.0,96.1
9921,-1181.81,9.3192,1.97,51.9,96.1
9922,-1180.14,16.4647,1.95,52.0,96.2
9923,-1171.04,20.7192,2.02,47.7,96.2
9924,-1179.61,7.2325,2.0,45.3,96.2
9925,-1175.4,5.4339,2.01,41.9,96.2
9926,-1174.06,3.1966,1.99,48.0,96.2
9927,-1183.09,5.1562,1.95,51.1,96.3
9928,-1162.69,14.0299,1.95,51.7,96.3
9929,-1160.16,27.9402,1.97,51.9,96.2
9930,-1188.02,15.2091,1.94,52.6,96.1
9931,-1163.61,5.9327,1.96,52.8,96.1
9932,-1151.28,46.0814,1.98,47.8,95.8
9933,-1202.58,87.3346,1.99,41.4,95.9
9934,-1175.83,14.8648,1.97,46.3,95.9
9935,-1186.99,17.2379,1.98,48.0,95.9
9936,-1163.46,13.5416,1.97,51.0,95.9
9937,-1165.47,21.0198,1.97,50.1,95.9
9938,-1187.26,10.3912,1.94,51.0,95.9
9939,-1171.29,3.5499,1.95,52.4,96.0
9940,-1142.12,40.5717,2.0,47.9,96.0
9941,-1171.15,6.8513,2.0,41.0,96.0
9942,-1177.34,18.1908,2.05,44.5,96.0
9943,-1176.49,14.2061,1.98,47.5,96.0
9944,-1192.82,8.7487,1.99,51.8,96.0
9945,-1170.91,21.0892,1.97,50.7,96.0
9946,-1190.1,10.7154,1.94,51.2,96.1
9947,-1190.83,1.9818,1.97,51.3,96.1
9948,-1177.33,6.3619,1.98,52.3,96.1
9949,-1204.57,39.2847,1.97,48.7,96.1
9950,-1176.64,3.2555,2.04,41.5,96.1
9951,-1192.15,29.3472,2.02,46.1,96.2
9952,-1170.91,7.3616,1.99,49.9,96.2
9953,-1175.94,2.8493,1.97,50.6,96.2
9954,-1170.91,1.7831,2.0,50.5,96.2
9955,-1183.43,11.6551,1.95,52.0,96.2
9956,-1152.34,33.5468,1.98,52.4,96.2
9957,-1185.07,14.4196,1.98,51.3,96.2
9958,-1172.51,16.8694,2.03,44.6,96.3
9959,-1177.63,6.5459,1.98,41.9,96.3
9960,-1177.77,15.6163,2.02,45.1,96.3
9961,-1172.41,10.1569,1.97,49.8,96.3
9962,-1173.28,12.4251,2.0,50.8,96.2
9963,-1157.83,17.146,1.98,50.2,96.2
9964,-1206.6,112.9762,1.94,52.1,96.3
9965,-1162.97,9.4992,1.97,51.8,96.3
9966,-1175.53,20.0645,2.0,51.4,96.3
9967,-1178.19,30.5173,2.02,46.5,96.4
9968,-1189.24,19.5034,2.02,41.0,96.3
9969,-1167.36,27.5457,2.0,48.5,96.4
9970,-1160.64,40.3119,1.97,51.8,96.4
9971,-1193.99,22.1856,1.99,51.7,96.4
9972,-1166.63,12.143,2.01,51.6,96.5
9973,-1189.34,15.1848,1.96,52.5,96.5
9974,-1181.21,5.2663,1.97,52.5,96.5
9975,-1166.25,33.0412,1.99,47.9,96.5
9976,-1194.6,16.9237,2.01,42.4,96.7
9977,-1185.77,9.0249,2.0,42.6,96.6
9978,-1189.05,6.2289,2.01,47.2,96.6
9979,-1178.42,6.7185,2.0,49.8,96.7
9980,-1165.85,22.6681,1.96,51.1,96.7
9981,-1182.58,6.164,1.96,51.6,96.7
9982,-1184.71,9.3348,1.96,52.1,96.7
9983,-1183.47,6.9871,1.96,52.0,96.7
9984,-1168.68,16.8275,1.99,48.6,96.7
9985,-1191.01,11.6354,2.03,43.9,96.7
9986,-1150.89,58.2901,1.99,42.1,96.7
9987,-1191.01,10.4707,2.01,47.4,96.8
9988,-1191.22,8.0363,1.97,51.7,96.8
9989,-1170.83,21.3725,1.96,51.5,96.8
9990,-1173.04,24.3507,2.02,51.4,96.9
9991,-1172.96,16.4772,1.93,51.7,96.9
9992,-1172.15,4.1481,1.98,52.2,96.9
9993,-1144.91,25.4545,2.01,49.8,97.0
9994,-1150.4,25.4121,2.06,44.3,97.0
9995,-1150.26,15.3066,2.03,41.9,96.9
9996,-1160.2,35.7579,2.03,45.2,97.0
9997,-1174.13,46.3342,1.97,49.3,97.0
9998,-1184.38,40.1791,1.97,51.2,97.0
9999,-1191.22,32.9818,1.95,51.0,97.1
10000,-1156.68,27.7752,1.96,50.9,97.1
