Episode,Reward,Critic_Loss,Time_Sec,CPU_Percent,RAM_Percent
1,-682.12,12552.5273,4.76,30.5,57.3
2,-684.9,9583.2097,5.03,34.8,56.9
3,-580.33,7973.8824,4.91,34.6,56.9
4,-635.84,9210.8608,4.89,40.6,58.7
5,-536.57,7480.2406,4.72,45.5,58.0
6,-614.28,8596.2434,6.93,63.6,58.6
7,-619.83,8477.2156,5.66,63.8,58.2
8,-639.64,9747.4871,4.76,51.1,58.0
9,-657.68,8596.9622,5.12,48.9,59.6
10,-592.61,7758.9648,4.99,49.2,58.8
11,-581.45,7969.6333,4.86,50.7,58.1
12,-623.53,9788.1003,4.77,48.9,57.9
13,-671.47,10688.1465,7.02,63.2,57.9
14,-561.01,8054.2296,5.09,48.3,58.3
15,-594.18,8355.1587,5.03,49.4,59.5
16,-642.68,10035.0601,4.82,48.2,58.4
17,-643.32,9006.2896,5.27,56.3,58.1
18,-576.85,7598.7407,4.79,49.1,58.0
19,-652.84,8943.5596,5.77,57.5,59.8
20,-605.94,9498.7842,4.66,46.3,58.6
21,-631.29,9631.1084,5.34,57.8,57.9
22,-620.38,9706.5852,5.18,64.9,57.9
23,-648.64,10075.7319,5.87,62.8,60.3
24,-623.89,9301.573,4.89,60.6,59.0
25,-652.19,9376.6233,10.82,80.8,58.5
26,-740.99,12227.6702,5.37,60.3,60.6
27,-606.75,8406.6001,5.23,59.6,59.3
28,-668.81,10311.0647,5.2,51.0,58.8
29,-679.34,11641.3611,4.87,49.8,58.6
30,-715.04,12487.4941,6.77,62.6,58.6
31,-613.41,8455.8076,4.81,45.6,60.6
32,-634.92,9322.136,4.59,47.6,58.6
33,-621.53,9186.8594,4.94,50.5,58.1
34,-660.88,9886.3257,5.21,54.2,57.9
35,-673.8,10136.186,4.95,54.1,59.2
36,-581.03,7017.3007,4.88,49.0,59.4
37,-624.1,8471.8037,4.81,50.9,59.1
38,-661.51,9275.8025,5.12,48.8,58.7
39,-649.72,9109.7788,5.07,53.9,59.3
40,-615.99,7727.8951,5.17,52.6,59.3
41,-645.91,10040.8242,5.0,55.5,59.1
42,-639.28,9409.751,4.94,49.9,58.7
43,-606.0,8374.0054,5.96,81.2,59.4
44,-632.81,9246.6934,4.92,57.6,55.3
45,-631.62,8622.4082,5.1,55.8,40.7
46,-684.02,10626.1799,5.04,41.8,40.6
47,-599.39,7465.4868,4.87,48.2,40.9
48,-634.26,8712.687,5.07,47.4,40.6
49,-577.18,6948.8374,5.1,47.2,42.7
50,-580.21,7234.1769,5.35,54.0,41.7
51,-572.56,6864.3698,4.91,54.9,42.1
52,-643.64,8291.6091,6.04,59.5,43.4
53,-624.25,8826.2625,4.88,45.8,44.5
54,-593.72,8400.0925,5.19,49.1,47.5
55,-570.72,7800.313,5.13,52.1,47.6
56,-616.68,6997.5635,7.19,63.5,48.5
57,-634.5,8891.0361,4.83,50.0,50.4
58,-611.07,7518.5532,4.83,47.2,51.4
59,-572.09,7068.3394,4.65,43.2,51.3
60,-564.87,6614.6082,4.81,43.6,50.4
61,-629.48,7720.3937,5.41,47.7,50.6
62,-671.81,10867.4695,6.03,51.2,51.1
63,-566.73,6014.5886,4.76,40.1,52.7
64,-613.52,7668.928,4.51,41.6,52.0
65,-606.67,7486.2784,5.07,43.3,52.3
66,-604.04,7070.5597,4.61,40.4,53.6
67,-563.86,6814.4286,4.72,44.6,54.1
68,-626.45,8642.0171,5.14,47.4,55.4
69,-577.96,6026.9244,4.69,45.2,55.1
70,-594.03,6977.5831,5.02,46.2,57.0
71,-645.81,8643.1917,5.1,50.6,61.1
72,-659.11,9434.9741,4.77,48.0,61.9
73,-671.3,10683.1399,4.82,43.3,60.9
74,-709.31,9968.3623,4.96,45.7,61.2
75,-550.34,5826.7069,4.72,49.1,59.3
76,-649.31,7184.2108,5.18,48.8,57.9
77,-629.58,7366.4784,5.37,51.9,57.4
78,-590.52,6599.4824,8.94,72.5,58.7
79,-592.54,6660.2505,4.76,50.6,58.5
80,-593.3,7033.472,4.59,50.0,57.5
81,-616.74,7137.2667,5.0,49.1,57.3
82,-592.27,5510.1473,5.23,50.7,58.8
83,-588.75,6049.1334,5.04,49.7,58.9
84,-649.61,8194.5249,9.69,77.9,57.6
85,-606.8,6400.9578,4.73,48.0,59.4
86,-667.96,6406.443,5.08,46.3,59.0
87,-624.9,5415.9668,5.17,47.6,58.1
88,-678.29,7407.72,5.05,47.0,57.6
89,-582.32,5175.9307,4.69,50.7,57.6
90,-621.32,6252.4493,4.78,45.2,59.5
91,-647.62,6201.5115,4.78,51.4,58.3
92,-715.77,7571.21,5.63,61.8,57.8
93,-624.44,6115.2578,5.14,51.1,57.6
94,-636.86,6798.9408,5.34,54.8,58.2
95,-630.75,6711.2845,4.52,45.3,58.7
96,-662.18,7689.3606,4.94,46.5,58.0
97,-653.42,6767.7642,4.87,48.1,57.8
98,-640.81,6179.6998,4.9,48.4,57.8
99,-633.03,6295.0221,6.89,64.4,57.8
100,-604.22,4760.8964,4.73,45.8,59.2
101,-640.67,5044.5773,5.44,53.5,58.3
102,-579.87,5257.0542,4.57,50.8,58.0
103,-656.3,5949.9133,4.98,49.0,58.8
104,-716.92,7761.6151,6.87,63.6,58.2
105,-690.42,7018.1888,5.0,46.5,59.4
106,-596.53,4538.3657,4.69,47.7,58.1
107,-625.27,4563.6716,5.24,50.5,57.8
108,-607.67,4543.8232,4.87,47.2,57.8
109,-603.85,4808.9148,7.1,64.1,57.9
110,-677.91,5588.9855,4.81,47.8,59.6
111,-669.67,6111.3278,4.67,44.8,58.5
112,-661.27,5425.9811,5.03,51.3,57.9
113,-578.59,4022.7993,4.94,50.3,57.8
114,-675.8,5781.2522,4.94,50.3,59.3
115,-548.15,3437.3204,5.13,52.2,59.6
116,-618.75,4788.2612,4.81,48.4,58.6
117,-642.84,4458.2209,4.7,48.0,57.9
118,-609.77,3965.172,4.65,46.8,57.9
119,-640.09,4262.2496,5.02,48.7,60.1
120,-613.9,3897.701,5.16,48.9,58.7
121,-664.33,4784.969,5.07,49.7,58.0
122,-620.85,3602.1176,4.88,47.5,57.9
123,-633.89,3728.5242,5.33,50.7,59.7
124,-699.97,4737.6626,4.89,47.9,59.0
125,-680.2,4321.7284,5.01,50.6,58.3
126,-670.55,4345.8887,5.62,54.9,58.1
127,-614.43,3130.6823,4.94,47.4,57.9
128,-633.43,3774.7441,4.68,48.2,59.6
129,-583.17,2696.0175,4.87,48.2,59.4
130,-653.87,3476.1566,4.77,47.6,58.3
131,-666.67,3904.5578,5.03,48.6,57.9
132,-672.35,3627.3365,6.9,64.9,57.9
133,-677.2,4325.4862,4.81,45.8,58.7
134,-613.66,3919.1711,4.61,44.9,59.5
135,-607.44,2605.7144,5.05,48.8,58.2
136,-616.46,2997.5843,4.92,50.4,58.0
137,-583.32,1747.765,6.16,57.9,57.9
138,-519.59,1631.8742,4.87,50.3,59.7
139,-622.51,2538.8073,4.58,46.4,58.9
140,-597.81,2601.4283,4.48,47.1,58.1
141,-591.33,1928.4545,5.14,50.7,58.0
142,-711.58,3333.3958,4.99,48.3,59.3
143,-675.28,2809.0312,5.88,61.1,59.4
144,-571.76,1628.1733,4.6,48.2,58.3
145,-633.16,2332.7383,4.65,49.6,58.0
146,-607.37,1756.251,5.3,51.2,58.9
147,-675.81,2318.7622,4.83,49.4,59.3
148,-617.43,1657.8886,4.93,54.4,58.2
149,-616.26,1743.5728,4.73,51.0,57.9
150,-679.45,2585.1235,7.47,64.8,58.0
151,-594.44,1370.4553,5.13,57.3,59.8
152,-626.08,1735.9193,4.58,43.9,59.2
153,-679.7,2344.6201,5.12,49.6,58.4
154,-647.55,1311.9591,5.2,51.2,58.2
155,-599.51,1668.0086,6.33,60.1,58.1
156,-604.53,1233.2683,4.82,47.8,60.4
157,-582.37,1205.1978,4.45,47.7,58.7
158,-598.48,1136.9269,4.91,50.3,58.1
159,-621.22,1743.2634,4.8,48.8,58.1
160,-664.84,1894.6213,4.77,47.3,60.2
161,-644.84,1351.5247,4.69,47.1,58.7
162,-570.0,826.0039,5.37,55.7,58.3
163,-636.28,1866.9004,4.76,49.2,58.1
164,-616.52,1131.8739,4.69,47.7,59.9
165,-617.02,797.8566,4.74,47.1,58.8
166,-630.44,957.8605,4.95,51.4,58.1
167,-637.14,1462.4061,5.04,50.1,58.8
168,-625.58,415.5879,5.26,50.3,59.8
169,-631.58,801.8035,4.86,48.6,59.0
170,-628.94,1576.7035,4.51,49.8,58.1
171,-596.07,714.635,4.77,46.9,58.1
172,-612.19,898.4996,4.92,49.2,59.1
173,-640.06,1011.0235,4.97,47.5,58.2
174,-665.88,1274.7412,4.78,50.2,57.8
175,-631.42,732.1218,4.81,47.4,57.7
176,-634.62,813.704,6.38,62.5,57.6
177,-680.44,1326.5837,5.01,48.4,57.8
178,-658.76,1277.6159,4.59,44.8,59.7
179,-699.19,1584.6558,5.02,50.4,59.1
180,-648.44,982.1272,5.04,52.7,58.9
181,-587.08,720.2116,4.93,52.0,58.6
182,-621.04,818.5337,5.25,53.3,58.3
183,-589.3,1068.4328,4.76,48.3,57.9
184,-633.21,1844.9948,5.09,49.2,57.8
185,-616.86,969.1487,5.02,53.6,57.5
186,-638.83,630.4467,5.08,50.3,57.6
187,-679.89,877.2161,7.09,72.5,59.3
188,-692.79,1691.0739,4.57,53.0,59.0
189,-632.6,747.1105,4.87,47.8,52.2
190,-730.55,1408.0653,4.93,45.3,41.6
191,-605.04,996.9857,4.62,40.3,43.6
192,-643.17,546.517,4.85,48.8,42.3
193,-664.68,1074.1059,4.86,51.9,42.5
194,-615.13,783.599,4.96,53.1,43.9
195,-639.04,901.97,5.6,57.8,43.3
196,-595.68,847.9945,4.89,53.2,42.9
197,-713.52,1501.2266,4.97,47.7,45.7
198,-609.3,686.9226,4.83,52.0,44.4
199,-686.27,2017.1616,6.73,61.0,45.4
200,-654.47,1257.8216,4.52,39.6,46.3
201,-569.68,835.1759,4.73,51.3,47.4
202,-674.24,1033.9897,4.5,42.6,48.1
203,-607.45,798.3256,4.89,53.0,48.2
204,-681.44,781.9261,5.06,48.9,51.1
205,-641.46,598.7815,4.68,47.9,49.4
206,-637.57,525.79,4.84,49.2,51.9
207,-655.16,1025.7693,4.88,51.2,52.5
208,-732.88,1472.2581,4.84,44.9,51.7
209,-666.16,421.7167,5.01,53.9,51.4
210,-618.98,832.0018,5.18,51.5,53.2
211,-696.26,870.8596,4.48,40.2,51.7
212,-601.53,589.6591,4.65,46.3,53.1
213,-665.05,1107.6952,4.43,47.3,51.8
214,-674.49,1060.1591,4.95,51.8,51.7
215,-678.21,584.6331,4.94,47.2,52.0
216,-612.92,419.4837,4.6,42.2,52.2
217,-712.99,1554.9282,5.01,47.6,53.6
218,-649.62,908.5041,4.56,45.1,52.3
219,-670.27,736.0862,4.63,41.4,52.5
220,-630.78,1498.4686,4.78,43.2,52.7
221,-630.32,631.8585,5.78,56.5,52.5
222,-561.3,592.1797,4.23,36.7,53.1
223,-707.79,1573.5124,5.24,49.9,52.7
224,-643.74,773.2619,4.57,38.0,53.3
225,-608.75,687.113,4.81,47.8,52.9
226,-561.89,586.1668,5.17,48.1,52.9
227,-611.1,755.9565,4.95,46.9,53.2
228,-592.59,603.6708,4.68,44.0,54.5
229,-572.35,690.4572,4.42,42.5,53.2
230,-696.44,1298.9826,4.63,46.5,53.1
231,-589.51,680.5273,5.14,48.4,54.0
232,-649.81,1111.2805,4.9,46.4,53.3
233,-632.63,677.419,4.45,41.7,53.7
234,-593.42,522.5501,5.32,54.3,55.0
235,-666.37,1848.2707,4.66,44.5,53.9
236,-682.88,1032.0299,4.66,47.1,53.8
237,-603.8,763.4361,5.35,62.7,56.5
238,-635.89,908.4249,5.52,63.4,55.1
239,-604.9,549.9424,5.28,73.4,54.9
240,-660.44,918.7549,5.35,67.3,57.3
241,-630.0,517.4378,5.39,60.7,55.6
242,-639.38,528.1967,4.73,46.4,57.2
243,-652.93,1347.1415,4.4,43.0,55.5
244,-587.99,631.9207,4.87,48.6,57.7
245,-714.55,1097.1973,4.64,49.9,55.6
246,-636.1,500.3183,6.55,59.1,55.8
247,-662.26,576.4524,7.47,72.3,56.6
248,-641.53,582.6716,4.82,50.7,57.5
249,-660.33,1625.882,5.52,67.1,57.0
250,-644.73,841.3845,5.8,64.7,58.4
251,-613.99,914.0258,4.46,51.1,57.1
252,-629.4,792.5393,4.93,52.5,56.5
253,-595.83,462.8021,4.7,46.4,56.8
254,-596.88,975.4053,5.12,51.3,56.6
255,-595.18,543.7444,4.98,52.3,60.7
256,-553.83,381.0876,4.85,50.9,60.7
257,-668.48,633.5356,5.7,59.2,62.0
258,-634.75,495.6829,5.13,51.4,63.5
259,-710.52,903.4921,4.88,47.2,62.5
260,-643.83,790.1079,4.89,47.0,62.2
261,-684.8,483.0025,4.73,38.6,62.9
262,-610.55,418.6109,4.83,51.6,62.4
263,-632.13,328.4871,4.9,45.7,64.0
264,-620.09,576.1034,4.78,48.0,62.9
265,-602.55,271.1782,4.7,48.1,62.7
266,-701.31,497.8691,4.72,46.3,59.5
267,-599.21,690.5336,4.69,55.8,58.8
268,-620.25,607.7699,4.7,52.8,60.6
269,-676.72,528.517,5.25,54.2,58.9
270,-625.42,386.4553,5.63,62.4,58.9
271,-639.92,1003.8761,6.0,66.6,60.6
272,-595.58,616.7589,4.8,52.4,59.2
273,-690.6,511.519,5.16,55.8,60.6
274,-645.42,604.4027,4.59,50.3,59.2
275,-658.17,558.63,5.5,57.9,59.0
276,-678.85,939.3027,4.65,51.3,59.4
277,-669.92,976.1646,5.72,70.1,59.1
278,-635.81,1019.8439,5.3,57.0,61.0
279,-654.22,899.8689,5.42,57.8,59.4
280,-656.51,452.7136,6.83,66.9,59.2
281,-623.1,950.8896,4.26,45.4,59.4
282,-634.71,859.1677,5.18,56.7,59.1
283,-662.78,473.5078,5.77,60.6,60.6
284,-625.67,568.533,5.0,56.7,59.5
285,-653.33,560.1525,4.97,54.9,60.6
286,-653.58,684.6648,9.89,75.7,59.1
287,-667.56,982.9778,4.57,44.7,59.9
288,-584.49,775.3597,5.13,70.1,59.3
289,-591.77,362.7425,4.72,50.8,59.2
290,-600.25,243.9457,4.83,45.9,59.6
291,-608.77,565.9935,5.06,62.8,59.2
292,-613.12,631.0939,5.34,58.9,60.6
293,-644.48,426.9393,5.05,55.3,60.4
294,-699.8,548.9368,6.11,65.9,59.6
295,-616.49,339.6009,4.32,44.9,59.7
296,-530.14,998.6044,4.74,52.8,60.4
297,-680.53,596.6981,4.63,56.1,60.1
298,-660.5,585.1171,5.36,61.6,59.7
299,-672.81,1007.8405,5.3,58.1,60.2
300,-613.66,611.8604,4.75,49.8,60.0
301,-707.76,613.346,5.74,61.8,59.7
302,-606.14,291.2325,4.71,48.0,60.8
303,-596.71,830.5881,4.87,54.7,59.9
304,-644.25,714.0219,4.96,55.7,59.9
305,-662.53,300.2098,4.82,52.6,60.6
306,-661.91,1210.8882,5.03,57.7,59.9
307,-631.59,413.7017,5.09,56.0,60.4
308,-726.55,446.6711,4.91,59.8,60.9
309,-583.11,774.3165,9.63,78.3,62.2
310,-602.73,609.2203,4.95,55.1,60.7
311,-652.58,342.7797,4.9,58.1,60.2
312,-626.36,419.7214,4.77,47.9,61.2
313,-638.87,603.0213,5.38,67.6,60.4
314,-651.36,583.1828,5.34,58.3,60.4
315,-587.65,376.2868,5.37,57.4,61.8
316,-578.97,649.563,5.2,55.7,60.9
317,-591.77,1081.3071,6.58,68.9,58.9
318,-579.82,773.2278,4.65,54.2,61.2
319,-635.18,391.1035,5.1,56.7,61.0
320,-596.89,351.6657,4.88,58.3,60.6
321,-620.02,325.8197,5.24,59.1,60.8
322,-688.84,395.1627,5.38,59.7,63.6
323,-636.43,433.6164,8.83,77.2,61.8
324,-637.21,452.0402,4.83,54.8,64.1
325,-626.65,565.1935,4.77,53.2,63.3
326,-570.23,663.5058,5.02,68.0,63.2
327,-613.09,373.2025,4.55,49.4,65.0
328,-665.22,675.9096,6.24,68.6,65.0
329,-672.3,428.3482,6.21,81.9,64.7
330,-624.77,343.5957,5.53,74.4,56.9
331,-611.02,429.4892,5.07,61.2,59.6
332,-640.39,583.3236,6.44,82.4,60.1
333,-606.32,289.6572,5.31,58.3,59.1
334,-739.08,748.7278,4.95,50.8,58.5
335,-639.46,576.1345,4.98,56.5,58.4
336,-660.99,526.9732,4.7,49.4,59.5
337,-644.13,572.6813,4.68,49.6,58.4
338,-669.5,423.5461,4.95,55.2,57.9
339,-675.55,460.4893,4.73,45.1,59.3
340,-721.66,1174.1928,6.09,62.2,58.9
341,-594.62,660.7604,4.67,46.9,58.0
342,-601.11,608.5948,4.61,46.9,58.2
343,-647.74,752.9299,4.72,53.9,58.5
344,-698.22,718.7549,5.08,57.4,58.2
345,-596.73,272.8611,5.12,55.0,58.1
346,-669.19,615.5229,4.93,49.0,60.4
347,-639.93,429.6961,8.4,74.2,58.8
348,-642.72,342.2404,4.81,51.2,61.0
349,-620.43,425.2645,4.87,50.7,60.7
350,-541.31,491.426,5.12,55.8,60.2
351,-635.42,473.5264,4.92,54.4,60.3
352,-641.36,322.4621,4.88,53.1,60.3
353,-672.19,549.9684,5.39,58.2,60.5
354,-710.1,939.5586,5.03,58.1,60.5
355,-668.66,397.7793,5.01,51.8,61.2
356,-627.54,571.7764,5.22,53.0,63.1
357,-625.29,722.0285,4.93,52.7,62.0
358,-656.99,451.9832,4.93,55.6,61.6
359,-631.56,293.3277,9.09,76.2,63.6
360,-629.35,706.6417,5.07,61.1,63.8
361,-681.67,626.276,5.35,58.0,63.8
362,-610.77,789.5898,5.17,61.9,63.4
363,-577.63,618.6319,5.73,62.7,63.7
364,-625.06,302.1365,5.02,56.7,65.8
365,-634.8,221.1781,7.59,72.1,66.1
366,-648.08,215.7098,4.75,49.4,65.4
367,-640.63,284.4427,5.22,56.3,64.9
368,-649.63,575.0704,5.39,56.9,64.9
369,-616.8,379.567,5.31,55.6,67.6
370,-619.3,298.5831,8.54,73.6,65.7
371,-599.24,520.4748,4.54,50.9,67.4
372,-585.94,285.052,4.67,56.4,66.8
373,-649.73,355.8903,5.34,62.2,66.5
374,-616.15,489.6126,5.3,61.5,66.0
375,-648.82,948.402,5.2,58.0,60.1
376,-622.49,500.4564,7.38,67.9,60.6
377,-706.04,867.5578,4.76,51.7,59.0
378,-571.66,586.6231,4.69,54.5,58.9
379,-618.21,574.9167,5.02,57.6,58.8
380,-638.03,323.1041,4.75,49.5,58.2
381,-624.42,377.8837,5.02,50.1,58.1
382,-591.32,244.8872,4.83,50.3,60.1
383,-594.91,380.0706,6.22,62.1,59.2
384,-673.0,660.4544,4.78,47.4,58.2
385,-651.56,276.7588,5.36,50.6,58.0
386,-655.7,381.8907,4.83,49.1,58.0
387,-571.41,532.0331,4.69,47.7,59.6
388,-617.91,839.6317,6.64,64.9,59.8
389,-593.04,400.6806,4.57,54.0,59.0
390,-647.43,415.6897,5.0,57.3,59.2
391,-648.6,310.3674,5.97,64.4,60.8
392,-570.15,321.6002,5.32,60.1,63.6
393,-608.81,205.1613,9.0,75.9,64.7
394,-670.89,1450.6033,4.96,56.9,66.9
395,-638.93,597.5306,4.81,53.4,67.9
396,-652.91,583.2539,5.14,53.9,67.1
397,-659.59,638.6861,5.44,55.5,67.4
398,-757.97,603.58,5.45,59.7,69.7
399,-670.77,765.8226,9.07,76.1,68.7
400,-642.24,894.6936,4.66,48.0,70.2
401,-621.37,262.4274,4.86,54.4,69.5
402,-615.54,331.5445,5.26,58.5,71.1
403,-751.13,1471.7627,5.42,70.3,73.9
404,-646.6,484.5219,6.08,62.2,73.5
405,-683.78,356.561,5.07,57.0,70.3
406,-635.61,303.0547,4.79,52.1,70.7
407,-648.04,590.1925,5.26,56.3,73.4
408,-647.9,411.0918,6.2,68.4,75.2
409,-631.32,373.7358,19.35,97.0,82.8
410,-663.23,350.6456,21.3,94.8,78.5
411,-625.51,237.8869,14.49,93.0,79.8
412,-616.95,272.2427,21.72,97.9,78.2
413,-645.75,237.0879,11.65,96.0,76.1
414,-567.5,243.9479,22.62,96.1,74.9
415,-579.27,110.2057,21.38,93.0,78.6
416,-645.74,490.0725,17.12,93.4,78.9
417,-647.85,321.377,6.06,81.0,75.2
418,-598.15,309.2972,14.85,96.7,81.5
419,-589.38,315.229,5.7,74.6,75.4
420,-626.09,280.5139,15.74,95.7,79.5
421,-607.27,195.0243,5.65,83.1,76.7
422,-568.18,341.3649,17.86,97.4,79.9
423,-621.86,261.2185,9.01,85.6,79.4
424,-598.67,177.3276,11.88,97.8,79.2
425,-632.96,320.0304,8.41,86.7,78.6
426,-649.68,541.4095,11.66,98.4,79.8
427,-727.88,625.5383,5.38,74.6,74.7
428,-601.48,191.0064,12.6,86.3,74.8
429,-578.09,555.4861,4.79,62.8,75.1
430,-621.93,423.6653,4.62,55.8,77.1
431,-641.21,191.5906,4.69,54.5,75.3
432,-583.13,199.0587,5.13,58.4,75.2
433,-615.14,350.863,5.13,59.4,76.7
434,-668.94,622.2654,5.55,58.9,76.6
435,-665.73,347.5474,9.59,78.1,74.7
436,-593.62,303.2046,4.76,56.1,76.3
437,-586.85,589.6204,5.02,58.1,75.6
438,-557.0,598.659,5.1,59.6,74.7
439,-565.42,521.2339,5.0,58.2,74.9
440,-589.63,193.2872,5.56,62.3,68.8
441,-635.64,261.8687,4.59,52.6,59.7
442,-619.64,222.4967,4.64,47.5,59.1
443,-659.83,320.8623,5.1,49.5,60.0
444,-636.34,349.838,5.17,55.6,60.6
445,-591.58,304.4261,4.78,49.0,59.3
446,-602.96,242.5179,5.33,65.7,59.3
447,-566.05,287.5481,4.7,49.3,60.4
448,-593.81,180.8235,6.81,65.9,60.8
449,-628.34,412.2158,4.53,48.2,60.5
450,-597.45,492.7513,4.59,46.7,59.5
451,-577.75,348.1522,4.72,49.8,59.2
452,-620.33,126.7915,4.89,49.8,60.8
453,-600.95,149.2152,5.15,55.6,60.6
454,-626.38,322.1709,6.56,66.1,60.5
455,-658.72,894.0343,4.62,51.3,59.7
456,-702.6,611.0603,4.65,47.0,59.5
457,-594.77,182.0433,5.15,51.7,60.9
458,-600.43,379.112,4.63,48.7,60.4
459,-596.04,394.5646,4.84,52.9,59.5
460,-645.14,656.9011,4.71,49.2,59.4
461,-705.64,587.3706,6.44,65.2,59.5
462,-697.75,477.554,4.87,48.2,61.0
463,-646.1,462.752,4.45,47.6,60.2
464,-648.55,338.8023,5.24,53.1,59.0
465,-659.26,291.9131,4.77,49.1,59.0
466,-558.5,382.2882,4.37,47.6,59.4
467,-502.19,290.3745,4.66,48.0,59.0
468,-626.06,444.2273,6.31,61.4,59.0
469,-624.71,468.7671,4.96,47.2,59.6
470,-585.71,309.3138,4.9,52.3,60.8
471,-649.03,269.441,5.02,52.1,61.1
472,-637.79,298.3806,4.74,50.4,60.4
473,-577.83,190.3453,4.6,46.7,59.9
474,-680.85,460.9761,4.87,52.3,59.6
475,-607.59,288.6627,4.74,53.1,59.5
476,-611.42,116.2274,4.78,48.5,59.3
477,-556.26,515.2671,4.78,50.1,59.3
478,-634.34,660.0334,4.76,48.5,61.0
479,-601.84,267.3676,4.74,47.5,60.7
480,-551.05,532.0559,6.45,62.8,59.9
481,-600.2,187.7943,4.54,49.6,62.3
482,-599.26,558.5218,4.45,47.2,61.0
483,-629.82,137.2713,4.72,48.8,60.8
484,-587.45,352.1775,4.92,50.7,60.2
485,-654.23,175.2187,5.01,49.7,60.2
486,-632.6,255.1625,5.71,57.5,60.2
487,-614.66,235.9769,4.83,52.6,60.2
488,-611.49,104.8524,4.78,48.4,60.2
489,-637.07,501.0172,4.77,51.4,61.8
490,-648.32,235.0291,4.76,48.8,61.1
491,-631.9,213.0629,4.88,51.1,61.0
492,-648.74,109.5157,5.69,56.9,60.9
493,-652.95,192.4326,4.7,47.4,60.1
494,-578.01,318.9332,4.92,47.9,61.5
495,-618.38,303.9569,4.66,47.7,61.1
496,-620.81,236.1405,4.61,47.2,60.2
497,-641.65,267.6902,4.88,49.3,60.2
498,-643.31,430.4537,7.15,66.4,60.5
499,-616.27,192.9547,4.96,48.8,60.2
500,-652.19,719.4174,5.17,49.2,60.2
501,-632.02,231.9708,5.01,50.7,60.4
502,-595.57,263.0436,4.76,48.9,62.1
503,-593.3,250.6147,6.92,67.2,60.2
504,-610.23,250.3925,4.94,50.5,60.2
505,-587.23,288.789,5.47,49.8,62.5
506,-579.99,225.111,4.82,49.2,62.2
507,-637.17,172.4709,4.94,47.9,60.8
508,-558.09,175.0097,5.54,59.8,60.6
509,-571.96,328.57,4.78,51.0,60.2
510,-601.15,299.8273,4.59,51.8,60.7
511,-609.92,201.3506,4.62,47.0,61.2
512,-603.48,239.0029,4.72,47.9,60.4
513,-558.16,246.8083,5.16,56.4,60.2
514,-572.58,300.7651,4.84,49.0,62.0
515,-635.48,317.8421,4.6,46.7,61.0
516,-646.57,366.055,5.53,57.3,60.8
517,-569.21,119.9167,4.8,50.8,60.3
518,-560.76,112.5038,4.65,44.7,61.7
519,-659.29,260.5496,4.82,52.6,60.8
520,-630.82,217.4884,5.0,53.1,60.3
521,-586.04,809.1076,5.41,57.0,60.3
522,-651.52,237.8582,11.31,79.1,62.1
523,-627.84,310.044,4.81,57.2,61.8
524,-548.64,257.0431,4.84,53.6,60.6
525,-586.72,157.5733,4.96,55.7,60.3
526,-631.54,227.9608,4.84,56.3,60.3
527,-604.87,545.8028,4.92,59.7,62.2
528,-586.8,165.5257,5.07,58.2,62.0
529,-605.96,269.2685,6.48,63.1,61.7
530,-573.71,249.378,4.71,46.6,61.3
531,-589.05,130.6381,4.8,51.2,60.5
532,-640.02,810.1188,4.94,49.8,60.2
533,-556.34,77.5665,4.78,50.8,60.8
534,-595.15,254.426,5.13,51.2,62.1
535,-575.64,173.7598,5.98,60.6,61.4
536,-547.75,113.6161,4.73,48.6,60.6
537,-563.45,473.1845,4.57,49.8,60.2
538,-590.94,396.3809,4.46,46.4,62.6
539,-665.62,254.5458,4.9,48.3,61.3
540,-538.08,144.4019,4.6,48.6,60.4
541,-605.97,110.1587,5.06,52.0,60.3
542,-542.7,194.4346,6.35,62.1,60.3
543,-574.77,179.8084,4.69,50.6,62.1
544,-586.82,289.434,4.6,48.9,60.7
545,-619.17,320.302,4.69,49.2,60.3
546,-545.75,229.3503,4.96,49.6,61.8
547,-610.01,179.7726,4.74,52.2,61.5
548,-604.14,237.3532,5.12,53.9,60.6
549,-616.05,340.3624,4.96,54.7,60.4
550,-636.71,176.3509,5.01,53.0,60.9
551,-597.14,577.3385,4.55,48.7,61.5
552,-610.39,308.0619,4.46,49.4,60.5
553,-524.95,165.4451,5.12,53.3,60.0
554,-565.71,386.7283,4.77,48.7,61.5
555,-588.02,228.3993,4.79,49.6,61.0
556,-588.27,215.8361,5.01,56.0,60.3
557,-592.1,292.6834,4.51,47.8,60.0
558,-572.18,205.1125,4.92,49.9,61.6
559,-581.11,87.4784,5.09,50.3,61.0
560,-543.33,88.4163,4.92,49.4,60.3
561,-563.67,72.5352,5.11,54.8,60.1
562,-612.35,311.2526,5.13,53.4,61.0
563,-544.46,191.8823,4.53,48.9,61.3
564,-536.22,137.3828,4.83,48.5,60.5
565,-606.33,277.3136,5.0,51.1,60.1
566,-583.29,241.693,4.87,53.5,62.5
567,-621.23,66.6832,5.04,55.4,62.0
568,-543.56,169.6191,4.75,51.9,61.0
569,-559.01,125.6166,4.55,50.5,60.2
570,-617.41,257.8248,4.78,48.6,60.8
571,-562.09,162.6064,4.69,49.9,61.7
572,-563.0,341.1882,4.75,50.3,60.5
573,-594.12,240.017,5.25,53.9,60.2
574,-585.47,80.5285,4.87,49.2,60.7
575,-591.71,159.6168,5.64,59.1,61.8
576,-603.6,257.3921,4.65,54.0,60.6
577,-562.56,185.0076,4.67,52.8,60.2
578,-573.87,162.778,4.78,50.3,61.9
579,-579.79,124.3916,4.97,52.9,60.6
580,-607.64,295.4484,4.71,52.0,60.2
581,-605.09,60.0219,7.05,63.0,60.2
582,-599.03,127.7531,4.67,51.1,60.2
583,-555.78,82.3039,4.62,48.6,61.9
584,-536.87,184.9318,4.45,48.3,60.7
585,-588.96,507.052,4.84,52.4,60.2
586,-552.5,124.3513,4.97,50.4,60.2
587,-530.18,60.5551,4.56,49.3,61.6
588,-545.04,635.5481,4.71,50.0,60.3
589,-549.58,178.8391,6.67,65.2,60.1
590,-532.88,138.0895,4.6,50.2,60.3
591,-544.99,92.0502,4.79,47.7,61.6
592,-604.84,574.9093,4.83,50.9,60.4
593,-532.44,215.2324,4.92,51.1,60.2
594,-539.23,113.5516,4.76,48.2,62.6
595,-541.73,181.1207,6.35,61.4,62.4
596,-520.18,80.5012,4.49,46.7,60.7
597,-551.9,288.1775,4.71,48.8,60.3
598,-570.2,279.5399,4.89,47.2,61.0
599,-581.45,294.5563,4.72,49.2,61.9
600,-562.67,216.0549,4.81,49.2,60.9
601,-561.85,273.8298,5.93,57.9,60.3
602,-580.2,406.4424,4.71,49.2,60.2
603,-540.66,168.0041,4.65,45.0,62.6
604,-555.82,111.3634,4.96,48.5,60.9
605,-540.51,352.9113,4.95,50.6,59.9
606,-577.63,478.9353,4.93,48.3,59.7
607,-573.73,241.8813,6.5,62.7,59.8
608,-588.35,272.7384,4.62,45.6,62.0
609,-561.55,129.655,4.64,44.9,61.2
610,-575.52,179.6449,4.75,48.3,60.5
611,-550.21,96.1173,4.57,48.7,60.1
612,-558.23,116.1803,4.7,49.9,59.7
613,-563.78,132.7416,4.86,48.7,59.7
614,-608.58,287.1842,5.71,55.8,59.8
615,-585.5,530.1375,4.53,45.2,59.7
616,-537.77,123.6576,4.74,47.1,61.7
617,-532.16,115.7502,4.85,47.8,61.8
618,-562.99,222.3658,4.79,47.2,61.2
619,-546.07,145.4478,5.0,48.7,60.7
620,-544.52,189.5764,6.66,62.3,60.6
621,-544.22,151.4157,4.61,47.4,61.2
622,-570.99,179.3014,4.85,47.0,60.5
623,-593.23,198.1493,5.02,48.6,60.4
624,-557.89,170.8773,4.85,47.8,62.1
625,-544.16,145.4015,4.76,48.3,61.8
626,-553.24,116.0488,6.25,61.3,61.8
627,-573.33,91.5709,4.61,48.9,62.4
628,-625.5,178.1169,4.64,45.4,61.1
629,-530.5,66.8136,4.58,48.2,60.3
630,-567.15,244.3537,4.81,47.8,60.3
631,-561.63,390.2873,4.91,51.0,60.6
632,-582.26,181.9429,4.69,47.8,61.9
633,-579.32,206.8838,6.36,61.8,60.3
634,-524.48,150.1195,4.74,50.1,60.3
635,-586.77,283.4501,4.88,46.9,60.2
636,-569.72,188.8894,4.74,46.2,61.9
637,-543.73,136.3447,4.81,47.4,60.7
638,-551.06,162.0644,5.11,52.2,60.4
639,-572.13,184.1207,5.4,53.8,60.3
640,-560.89,69.5675,4.78,48.2,61.7
641,-571.39,122.899,4.56,43.6,61.0
642,-554.15,95.729,4.77,47.3,60.4
643,-545.14,183.0248,5.16,50.8,60.3
644,-534.12,107.8547,4.86,48.8,61.1
645,-566.1,169.2402,6.41,62.1,60.3
646,-559.4,119.7537,4.55,46.8,62.0
647,-532.26,113.5956,4.49,46.3,60.4
648,-564.53,518.5887,4.97,47.8,60.4
649,-577.82,209.0869,5.19,49.6,61.3
650,-546.85,90.7839,4.63,46.5,61.9
651,-567.07,136.6551,6.56,63.8,61.9
652,-542.61,109.8068,4.49,45.7,61.4
653,-544.81,177.8663,4.84,45.2,60.7
654,-543.27,41.7281,4.78,48.5,60.4
655,-536.89,60.6132,4.67,47.5,62.0
656,-544.69,261.886,4.8,47.4,61.5
657,-573.86,95.3207,5.14,53.8,60.7
658,-568.68,108.0864,4.66,47.0,60.4
659,-568.58,59.3564,4.93,47.8,61.9
660,-553.78,71.7455,4.97,48.4,61.1
661,-578.36,56.5008,4.97,51.9,61.2
662,-546.66,40.7868,5.0,50.6,60.5
663,-539.38,66.818,6.02,57.9,60.9
664,-538.88,53.9639,4.62,46.9,60.4
665,-548.05,44.8301,4.45,44.7,61.1
666,-578.25,74.9592,4.59,44.3,61.8
667,-581.65,50.1298,4.6,47.0,60.8
668,-543.69,54.3524,5.01,50.8,60.5
669,-526.79,48.617,4.97,51.4,60.4
670,-541.27,69.2252,4.62,46.1,61.9
671,-567.69,36.7019,4.99,51.1,61.9
672,-519.68,67.2694,5.03,54.3,60.7
673,-533.58,29.5076,4.5,45.8,60.3
674,-556.54,65.4541,4.45,47.1,62.1
675,-560.82,64.492,4.88,48.1,61.2
676,-569.88,74.8372,5.02,50.9,60.5
677,-559.4,41.4791,4.81,47.3,60.5
678,-550.37,81.8564,7.06,65.4,60.5
679,-575.77,105.0237,4.65,45.9,61.8
680,-566.38,72.8608,4.55,43.0,61.2
681,-583.95,159.4023,4.75,48.9,60.6
682,-593.23,62.0471,4.99,49.0,60.4
683,-561.66,85.6612,4.93,49.0,62.1
684,-573.83,54.5418,4.59,46.8,60.9
685,-628.28,165.5829,5.18,54.5,60.6
686,-631.34,194.4836,4.72,44.7,60.4
687,-526.0,226.7301,4.38,45.9,62.3
688,-598.02,105.8253,4.66,48.1,62.1
689,-635.8,156.5726,4.65,47.7,61.2
690,-577.75,82.0854,4.71,46.5,60.6
691,-628.26,181.7297,5.7,58.2,60.5
692,-574.31,75.0441,4.67,46.8,61.5
693,-573.61,171.772,4.86,47.8,61.9
694,-576.72,98.5955,4.85,49.2,60.8
695,-591.04,53.3892,5.18,51.0,60.5
696,-571.18,62.5225,6.92,63.7,60.5
697,-591.93,205.508,4.77,46.2,60.6
698,-540.59,107.4787,4.81,47.4,62.5
699,-570.26,44.4698,4.71,47.1,61.1
700,-571.22,133.0781,4.68,49.1,60.6
701,-588.27,169.7443,4.78,48.8,60.5
702,-575.39,63.9797,4.49,45.9,61.8
703,-575.92,88.1752,4.48,47.3,60.9
704,-584.98,72.7105,4.73,48.8,60.6
705,-590.71,50.3232,4.48,45.2,62.1
706,-548.22,77.2677,4.62,47.3,61.9
707,-584.59,64.894,4.79,47.5,60.8
708,-572.64,78.4417,4.71,46.8,60.6
709,-573.22,70.9274,5.74,56.7,60.6
710,-559.47,62.8359,4.72,47.4,62.4
711,-571.57,58.0813,5.02,46.5,61.3
712,-530.06,62.5326,4.78,46.6,60.7
713,-636.72,319.0263,4.91,47.1,60.6
714,-561.29,246.5843,5.7,58.1,61.5
715,-592.87,71.137,4.46,44.3,62.1
716,-580.44,148.5201,4.68,46.1,60.9
717,-520.97,104.8733,4.75,48.9,60.6
718,-573.13,56.4827,4.8,49.3,61.5
719,-585.34,38.5283,5.11,49.9,62.4
720,-565.29,62.947,5.38,55.6,61.4
721,-557.82,26.9864,4.55,49.3,60.4
722,-560.43,41.8615,4.72,45.4,61.5
723,-559.42,24.193,4.81,48.3,62.3
724,-527.04,64.9797,4.98,51.0,62.2
725,-586.04,200.284,5.38,52.8,61.5
726,-558.14,48.9776,4.89,52.6,60.7
727,-528.72,123.2764,4.57,48.0,60.6
728,-596.13,129.8424,4.76,46.0,61.6
729,-557.6,80.2088,4.69,47.6,60.8
730,-607.59,186.0365,4.76,47.3,60.6
731,-574.98,67.308,5.59,53.2,60.6
732,-596.11,83.4599,4.51,47.3,62.2
733,-563.5,92.16,4.52,45.5,60.5
734,-539.77,53.7075,4.86,46.3,61.4
735,-543.88,55.473,4.78,47.9,61.8
736,-586.11,72.9676,4.92,50.1,61.8
737,-571.1,88.1572,5.14,52.8,61.5
738,-516.67,122.6965,4.55,48.7,60.8
739,-558.75,53.2429,4.51,46.2,60.6
740,-550.48,69.426,4.96,47.5,62.0
741,-584.91,167.905,5.08,49.5,61.5
742,-549.35,40.1106,4.72,49.7,60.7
743,-586.08,48.4124,5.83,58.3,60.6
744,-571.13,53.6238,4.7,46.0,61.6
745,-580.71,87.8839,4.67,44.8,62.1
746,-562.14,58.9931,4.77,49.2,60.8
747,-559.95,316.9134,4.78,49.5,61.6
748,-573.69,155.2128,5.14,50.8,61.9
749,-530.56,40.1273,5.97,59.2,60.8
750,-544.23,42.9176,4.66,49.1,60.6
751,-532.68,32.8596,4.91,48.2,61.1
752,-562.84,44.0202,5.04,49.0,61.2
753,-603.74,62.5665,4.7,46.8,61.0
754,-589.56,77.9647,4.71,46.6,60.5
755,-539.55,140.5203,4.94,52.4,60.5
756,-531.97,114.3877,4.69,47.2,60.8
757,-575.38,757.1618,5.05,49.0,61.0
758,-578.56,260.1846,4.9,49.8,60.7
759,-571.14,51.4189,4.69,47.2,60.7
760,-586.87,79.4594,4.56,46.6,60.9
761,-571.37,147.6768,7.38,65.7,60.8
762,-546.51,32.409,4.55,46.6,60.8
763,-546.46,149.3914,4.77,47.5,61.6
764,-551.44,75.0507,4.7,46.9,62.4
765,-554.19,40.0305,4.56,46.8,61.4
766,-551.25,191.0942,4.83,51.9,60.8
767,-555.44,52.0658,4.69,43.9,60.8
768,-580.53,114.7005,6.87,66.3,60.8
769,-549.05,91.3453,4.59,49.5,60.7
770,-540.54,102.9857,4.67,45.1,62.1
771,-573.17,47.3252,4.66,48.1,62.3
772,-558.91,46.6656,4.87,49.0,61.4
773,-547.01,67.4733,4.81,52.3,60.8
774,-576.66,99.6386,4.72,48.4,60.7
775,-577.62,66.6407,6.6,63.0,60.7
776,-557.15,43.8373,4.86,47.3,60.7
777,-564.17,38.2156,4.92,47.7,62.9
778,-568.91,63.4363,4.98,51.2,62.7
779,-535.0,100.1047,4.97,50.6,62.8
780,-590.15,53.8167,4.63,44.0,61.5
781,-565.42,73.6045,4.59,50.0,60.8
782,-563.16,61.1321,4.79,45.5,60.8
783,-561.01,42.2716,4.58,44.9,62.4
784,-548.85,19.7994,4.84,49.2,62.3
785,-547.47,21.7605,4.68,47.0,61.0
786,-584.42,213.9984,4.63,46.9,60.8
787,-573.38,83.8959,6.56,63.1,60.8
788,-528.72,120.6449,4.65,48.3,60.8
789,-548.51,147.6579,4.78,46.3,60.8
790,-569.93,104.2105,4.76,47.9,62.6
791,-543.92,31.0289,4.83,48.9,61.4
792,-542.7,48.6352,4.91,50.5,60.9
793,-602.5,152.5921,6.6,60.8,60.8
794,-542.17,31.1164,4.6,46.9,60.8
795,-564.54,27.1799,4.83,51.4,61.6
796,-574.31,38.1525,4.74,47.8,62.2
797,-557.73,30.1757,4.77,52.1,61.2
798,-559.2,243.1171,4.59,48.1,60.7
799,-529.93,47.6357,6.37,60.0,60.7
800,-526.12,34.6484,4.51,48.0,62.2
801,-540.09,21.9702,4.43,44.4,61.9
802,-567.0,67.8102,4.98,46.7,61.0
803,-562.25,26.8317,4.84,48.9,60.6
804,-554.69,54.5196,4.84,47.6,62.1
805,-545.07,59.9383,6.21,59.7,62.6
806,-515.77,36.542,4.36,47.1,61.2
807,-561.54,43.8764,4.73,45.9,60.7
808,-529.89,51.3031,4.79,46.4,62.6
809,-520.69,22.4067,4.64,46.1,61.9
810,-572.02,62.045,4.58,46.4,61.2
811,-529.54,18.5774,5.23,55.5,60.8
812,-563.03,18.8216,4.66,45.9,60.7
813,-541.65,60.0058,5.03,49.0,61.4
814,-566.79,40.5234,4.68,47.7,62.2
815,-572.38,51.2519,5.03,48.4,61.5
816,-557.02,46.3304,4.67,47.6,60.8
817,-554.17,44.2501,5.66,56.6,60.7
818,-557.23,62.6015,4.65,45.3,62.2
819,-538.09,65.3315,4.89,48.1,61.0
820,-542.42,32.3256,4.81,50.0,60.7
821,-573.64,93.0761,5.06,48.8,60.7
822,-558.89,159.7476,6.29,59.9,60.7
823,-566.18,38.8563,4.68,49.8,62.2
824,-565.14,188.9023,4.54,44.9,61.5
825,-555.19,36.1059,4.39,45.4,60.9
826,-504.19,131.2415,4.9,49.9,60.7
827,-510.59,28.4316,4.54,45.0,62.2
828,-564.79,92.4453,4.97,48.4,62.3
829,-531.38,79.9834,6.5,62.7,63.1
830,-550.24,36.4227,4.58,47.2,61.7
831,-554.64,29.2512,4.56,48.0,61.0
832,-529.41,71.8069,4.54,46.7,60.8
833,-567.27,45.3019,4.62,44.8,62.5
834,-539.29,60.8636,4.57,46.0,61.1
835,-575.61,35.7841,5.0,51.9,60.8
836,-535.47,26.4765,5.81,57.1,60.8
837,-577.65,96.1242,4.48,47.0,62.5
838,-557.89,31.8521,4.57,44.6,62.3
839,-547.44,107.5351,4.41,46.7,61.1
840,-545.6,124.7579,4.85,49.8,60.8
841,-527.56,86.9593,4.72,49.1,60.8
842,-555.65,47.3732,4.79,48.4,62.8
843,-545.01,37.8178,7.06,63.9,63.1
844,-541.59,27.1875,4.37,45.9,61.6
845,-546.68,49.4577,4.5,47.0,60.7
846,-534.54,36.5301,4.38,43.8,62.2
847,-536.15,48.9872,4.58,47.7,61.6
848,-535.34,51.9701,4.57,47.0,60.9
849,-556.37,168.0003,5.06,48.9,60.8
850,-532.03,52.8625,4.52,45.0,62.3
851,-541.92,25.493,4.57,49.2,61.2
852,-599.94,176.1332,4.82,48.6,60.8
853,-539.12,77.7639,4.86,46.6,61.4
854,-536.81,45.9605,4.65,46.4,61.7
855,-580.52,77.7028,4.85,51.0,60.9
856,-569.38,62.0932,5.74,56.0,60.8
857,-550.14,63.6358,4.45,47.2,62.2
858,-541.59,22.0352,4.66,47.3,62.0
859,-538.58,54.0635,4.77,46.8,61.1
860,-559.6,34.2885,5.02,50.8,60.8
861,-534.87,47.9827,4.91,48.5,62.0
862,-532.17,55.6386,4.56,45.4,62.2
863,-558.86,101.2063,4.89,52.1,61.3
864,-563.77,79.1594,4.6,48.1,60.8
865,-548.84,56.0524,4.67,46.9,61.4
866,-574.74,27.879,4.87,46.8,62.4
867,-525.74,23.5982,4.45,49.3,60.9
868,-551.89,59.6372,4.6,47.2,61.5
869,-550.01,33.168,4.66,46.5,62.2
870,-530.37,24.0502,4.65,49.2,61.2
871,-559.97,83.9243,4.55,44.9,61.1
872,-577.53,41.5601,4.42,44.6,62.4
873,-521.8,176.2229,4.73,48.9,62.0
874,-535.31,99.3916,4.72,48.0,61.2
875,-556.74,31.174,4.82,49.3,61.1
876,-525.82,20.4449,4.71,48.1,61.9
877,-549.98,25.4583,7.45,67.3,61.0
878,-569.92,21.7959,4.64,46.3,63.0
879,-559.86,29.7759,4.53,44.2,61.8
880,-546.06,49.5707,4.7,48.2,61.1
881,-549.48,65.6931,4.82,47.1,62.0
882,-554.96,38.2786,4.6,45.9,62.7
883,-519.16,66.7649,6.93,64.3,62.7
884,-533.8,36.0638,4.18,45.1,60.7
885,-546.55,20.5424,4.64,43.9,60.5
886,-574.44,38.3855,4.83,48.0,61.5
887,-559.42,28.5102,4.58,45.5,62.1
888,-555.43,70.788,4.72,46.7,61.4
889,-558.9,175.4331,5.77,56.6,61.7
890,-566.03,46.9331,4.76,47.2,61.7
891,-549.85,132.1955,5.07,46.4,61.4
892,-602.36,104.9386,4.83,48.6,61.0
893,-549.23,49.8017,4.86,48.7,60.8
894,-584.96,104.0448,5.65,56.4,60.9
895,-548.48,45.0248,4.69,44.9,60.7
896,-539.04,28.6246,4.73,45.9,60.5
897,-549.48,21.4037,4.85,48.2,62.4
898,-557.75,128.8708,4.62,45.7,62.2
899,-595.89,188.2439,4.76,49.6,62.6
900,-576.83,68.039,5.92,59.4,61.9
901,-571.67,30.9168,4.67,47.7,62.3
902,-548.0,76.4449,4.51,47.3,61.2
903,-596.44,341.2237,5.0,47.5,61.0
904,-546.26,85.52,4.76,47.7,62.5
905,-546.26,32.6034,4.75,49.8,63.4
906,-545.86,28.1753,4.61,45.9,61.6
907,-541.61,54.7949,5.3,55.7,61.1
908,-533.32,73.0736,4.64,45.6,61.0
909,-573.98,218.5399,4.79,46.2,62.9
910,-542.75,50.4147,4.64,47.9,61.7
911,-545.59,198.9795,4.73,48.5,61.1
912,-566.37,133.2723,4.93,48.0,61.1
913,-545.27,82.5256,6.81,63.6,61.1
914,-524.64,72.5294,4.63,46.9,62.6
915,-524.4,106.1014,4.68,45.1,61.5
916,-573.27,24.6891,4.75,49.6,61.1
917,-535.96,53.0904,4.75,45.8,61.6
918,-525.16,23.1431,4.78,50.6,62.6
919,-514.03,48.9752,9.56,79.9,63.9
920,-543.73,92.8277,4.75,59.7,64.5
921,-548.24,34.1956,4.77,56.9,63.2
922,-540.97,69.4324,5.29,62.2,63.4
923,-548.81,27.2483,4.83,49.5,63.1
924,-520.41,20.1846,4.87,50.3,64.5
925,-544.87,41.3759,6.64,63.9,64.0
926,-520.91,46.9292,4.78,52.1,63.1
927,-540.37,45.7732,4.83,46.7,62.9
928,-531.48,28.8892,4.47,44.7,64.9
929,-565.18,33.4652,4.92,49.4,63.6
930,-522.24,50.8944,4.77,49.3,62.7
931,-529.6,17.4413,4.72,48.9,63.5
932,-555.46,68.005,4.65,46.8,64.0
933,-549.46,47.1078,5.12,53.1,63.0
934,-570.35,94.1559,4.61,46.7,62.7
935,-554.76,43.8526,4.86,47.3,64.2
936,-564.65,145.2492,5.02,49.0,63.8
937,-545.72,70.3083,4.89,51.1,62.8
938,-581.37,64.016,4.67,48.3,64.2
939,-554.94,26.39,7.09,64.7,63.5
940,-564.77,35.369,4.56,44.1,63.9
941,-532.77,72.5959,4.71,46.7,63.1
942,-565.58,32.2898,4.78,49.5,62.9
943,-537.87,30.9167,4.64,49.6,62.8
944,-554.31,91.4673,5.02,52.0,62.9
945,-543.67,46.4557,7.43,66.6,62.9
946,-520.93,75.1767,4.46,48.1,62.8
947,-546.4,124.5579,4.68,48.3,62.8
948,-510.92,69.0785,4.73,47.7,64.4
949,-521.75,173.0326,4.79,48.9,63.0
950,-580.38,314.6381,4.86,48.9,62.9
951,-520.95,28.8078,5.71,54.8,63.7
952,-589.42,166.8343,4.7,50.8,63.8
953,-533.3,45.2648,4.46,44.8,61.6
954,-552.95,53.7296,4.86,48.4,61.1
955,-524.11,26.5149,4.75,49.0,61.6
956,-565.5,231.0459,5.17,48.3,63.3
957,-518.9,60.0224,7.52,66.0,62.1
958,-498.89,44.6513,4.46,46.6,62.7
959,-525.54,55.6863,4.73,45.0,62.0
960,-502.42,61.6466,4.92,51.2,61.2
961,-539.61,32.3894,4.55,44.2,62.7
962,-521.86,78.894,4.7,46.4,61.5
963,-555.85,33.3605,5.92,57.8,61.5
964,-567.69,92.5549,5.35,55.1,61.2
965,-561.67,35.3477,4.63,45.7,61.3
966,-534.09,39.9469,4.77,46.0,63.1
967,-555.41,88.3012,4.57,47.7,61.6
968,-537.5,61.3506,4.73,50.0,61.2
969,-548.57,34.1478,4.8,49.2,61.2
970,-525.32,20.8099,6.12,61.0,61.6
971,-529.68,25.2161,4.45,47.7,61.2
972,-549.68,69.2789,4.86,47.8,63.1
973,-519.38,78.9714,4.94,49.2,62.0
974,-536.96,41.9244,4.98,50.5,57.4
975,-548.15,40.726,4.89,49.5,57.4
976,-548.66,40.0563,5.16,51.1,58.8
977,-546.04,101.5398,5.73,58.4,58.8
978,-568.12,38.703,4.55,45.9,58.3
979,-508.82,72.777,4.54,45.0,57.5
980,-546.99,50.0938,4.89,48.1,57.4
981,-500.79,83.4373,4.56,45.3,59.0
982,-544.78,97.5489,4.33,45.2,57.7
983,-531.01,32.8227,5.83,59.0,57.5
984,-520.03,115.8558,4.49,45.1,58.4
985,-537.33,19.2816,4.54,45.8,57.9
986,-514.35,16.9095,4.88,50.6,57.5
987,-523.65,80.0657,5.01,49.3,57.5
988,-526.97,43.7684,4.81,48.0,58.9
989,-529.45,16.0297,6.51,62.5,58.9
990,-511.28,28.5111,4.2,44.9,57.8
991,-536.73,25.1363,4.52,48.4,57.4
992,-523.65,48.5237,4.73,45.9,59.6
993,-557.68,107.9924,4.73,47.6,59.3
994,-567.61,56.1549,4.57,46.9,58.0
995,-560.36,37.8891,4.8,47.9,57.5
996,-540.23,16.039,6.36,60.3,57.6
997,-550.54,18.9951,4.67,43.8,57.4
998,-542.88,26.2803,4.92,44.3,59.5
999,-524.7,45.5878,4.73,45.9,58.3
1000,-531.68,35.8084,4.62,45.3,57.6
1001,-533.07,43.5144,6.9,63.0,58.6
1002,-527.61,13.3873,4.52,44.9,57.6
1003,-520.65,45.1085,4.67,43.0,57.5
1004,-529.0,36.0694,4.82,47.3,59.0
1005,-522.4,57.5454,4.57,45.1,58.5
1006,-543.36,32.211,4.73,45.3,57.7
1007,-536.66,18.9946,5.71,57.6,57.8
1008,-542.0,21.8984,4.59,43.4,57.5
1009,-531.69,16.8464,4.92,45.2,58.0
1010,-548.41,51.2216,4.83,47.2,58.1
1011,-535.54,25.4206,4.74,46.5,57.6
1012,-500.67,96.8702,4.55,44.7,57.4
1013,-523.88,17.3292,4.77,49.3,59.7
1014,-520.09,28.6297,4.47,43.8,58.3
1015,-533.7,31.0807,5.02,46.8,57.6
1016,-512.35,21.732,4.69,47.6,57.5
1017,-530.96,238.7628,4.63,44.9,59.7
1018,-536.51,30.1866,4.62,45.4,58.2
1019,-533.63,18.0501,5.27,53.6,57.7
1020,-529.71,43.0397,4.48,45.1,57.5
1021,-523.6,45.7572,4.51,44.5,59.5
1022,-520.77,24.2942,4.63,45.8,57.7
1023,-552.36,19.9896,4.65,45.8,57.5
1024,-523.22,32.8513,4.57,44.3,59.4
1025,-545.57,102.7401,4.78,45.4,58.3
1026,-552.19,67.0751,5.32,52.9,57.1
1027,-538.46,59.0278,4.55,45.3,56.9
1028,-537.81,45.0547,4.53,42.0,59.2
1029,-513.83,69.3501,4.8,43.2,57.8
1030,-539.91,163.8222,4.68,45.2,57.4
1031,-538.55,217.842,4.6,44.3,57.1
1032,-538.68,112.77,4.98,49.3,57.0
1033,-546.76,68.6146,4.59,45.2,57.6
1034,-507.54,41.0686,4.48,41.6,58.7
1035,-533.42,152.8591,4.63,43.3,58.2
1036,-527.55,23.3524,4.86,49.1,57.7
1037,-557.28,24.1162,4.62,43.3,57.3
1038,-536.43,58.1068,4.77,45.4,57.2
1039,-526.25,51.3097,5.52,55.3,57.2
1040,-510.02,36.7238,4.51,44.5,57.0
1041,-533.95,66.6682,4.67,43.2,59.1
1042,-545.68,103.2837,4.95,47.3,58.6
1043,-520.7,25.5059,4.72,47.0,58.4
1044,-539.61,24.8224,4.61,46.7,57.6
1045,-508.92,45.2113,4.52,44.2,57.4
1046,-548.05,20.8485,4.63,47.5,58.3
1047,-531.91,37.9401,4.59,44.4,59.0
1048,-526.59,33.1673,5.09,48.9,58.2
1049,-513.18,22.9488,4.71,48.0,57.5
1050,-547.07,49.7111,5.33,49.4,57.5
1051,-537.32,21.2323,6.41,59.6,57.9
1052,-515.99,25.6364,4.42,43.2,57.5
1053,-538.42,87.4625,4.83,44.9,58.2
1054,-538.75,49.2662,4.66,47.0,59.0
1055,-528.07,23.1087,4.77,46.0,58.5
1056,-526.75,21.1074,4.74,45.8,58.5
1057,-537.88,26.8933,4.61,43.7,58.1
1058,-536.56,454.76,5.39,55.7,58.3
1059,-550.39,46.4228,4.47,44.3,57.7
1060,-526.81,32.1418,4.78,43.3,58.7
1061,-520.57,19.6592,4.92,48.8,58.2
1062,-538.69,48.9336,4.69,47.5,59.3
1063,-539.38,41.1602,5.8,55.9,59.3
1064,-535.59,82.6196,4.58,44.2,58.0
1065,-540.47,30.6115,4.89,46.4,57.7
1066,-517.19,18.7668,4.89,46.6,57.7
1067,-512.46,21.2438,4.58,45.4,57.6
1068,-535.33,95.3839,4.61,43.3,59.4
1069,-569.23,243.9119,6.21,59.3,59.7
1070,-574.21,566.2179,4.32,43.3,58.3
1071,-555.52,65.9645,4.41,44.8,57.3
1072,-543.36,48.2907,5.02,44.6,59.0
1073,-554.33,86.0856,4.74,45.4,58.6
1074,-544.97,59.2358,4.74,46.4,57.6
1075,-558.97,39.6708,5.59,54.7,57.4
1076,-545.95,25.4175,4.59,44.9,57.3
1077,-544.77,27.8699,4.43,42.9,59.0
1078,-537.78,25.7899,4.65,44.6,58.1
1079,-565.87,60.373,4.83,47.9,57.3
1080,-533.81,22.5288,4.8,46.2,57.3
1081,-513.25,53.0425,4.57,43.5,58.4
1082,-549.63,16.8432,4.62,46.5,57.5
1083,-531.36,103.9848,4.72,45.0,57.3
1084,-532.07,15.6576,5.0,45.7,58.7
1085,-548.48,39.844,4.68,46.5,59.4
1086,-525.19,24.9611,4.71,45.5,57.9
1087,-526.87,13.4415,6.43,62.2,59.0
1088,-545.1,44.3117,4.52,44.3,58.3
1089,-528.48,29.9378,4.42,44.5,57.5
1090,-541.34,10.7493,4.73,44.0,57.3
1091,-522.7,21.8698,4.79,46.5,57.3
1092,-518.88,9.5541,4.71,46.3,59.4
1093,-538.23,19.0179,6.18,60.1,58.9
1094,-563.35,40.6115,4.55,44.9,59.6
1095,-547.51,146.322,4.6,42.1,58.7
1096,-517.76,60.6011,4.53,43.8,57.7
1097,-535.77,62.318,4.69,46.9,57.5
1098,-526.81,125.0734,4.77,46.9,58.1
1099,-515.97,42.5307,4.67,46.8,58.9
1100,-566.88,82.2274,7.56,65.8,59.1
1101,-540.73,17.8275,4.59,44.6,58.4
1102,-517.03,16.4528,4.6,44.3,57.6
1103,-520.54,33.4703,4.64,44.2,57.5
1104,-506.45,26.8508,4.69,45.5,59.3
1105,-526.82,31.6914,4.7,46.1,57.9
1106,-549.06,42.3763,4.67,45.8,57.6
1107,-523.17,14.3713,6.29,59.9,57.6
1108,-526.66,34.0091,4.41,42.4,59.9
1109,-538.24,62.7841,4.46,43.2,58.3
1110,-527.7,26.261,4.81,46.5,57.9
1111,-529.2,10.312,4.8,48.9,57.6
1112,-524.07,16.6008,4.9,47.9,58.6
1113,-535.96,47.6841,7.21,62.8,57.7
1114,-532.78,66.0237,4.63,43.6,59.2
1115,-528.54,17.3849,4.57,42.2,58.3
1116,-530.74,11.8302,4.62,47.3,57.6
1117,-558.2,33.2509,4.91,46.9,57.7
1118,-525.89,58.0633,4.56,44.5,59.7
1119,-522.85,36.2473,4.35,43.9,58.0
1120,-546.89,33.548,4.98,52.6,57.7
1121,-538.18,24.9419,4.6,43.2,59.4
1122,-550.1,18.7416,4.77,46.5,59.1
1123,-523.58,39.2598,4.45,45.8,58.0
1124,-529.2,32.7336,4.58,45.5,57.7
1125,-541.49,17.9216,4.98,46.1,57.7
1126,-541.28,56.3181,5.91,57.8,59.4
1127,-518.86,32.7035,4.55,44.7,58.7
1128,-537.23,71.1913,4.47,43.8,58.0
1129,-529.11,22.1221,5.02,47.9,57.8
1130,-551.1,22.521,5.01,46.1,57.7
1131,-543.51,19.1312,4.72,44.4,60.2
1132,-530.39,29.4029,5.28,52.4,59.3
1133,-530.24,59.8968,4.61,44.4,58.1
1134,-522.62,25.9446,4.37,43.0,57.9
1135,-539.47,28.8016,4.65,46.0,59.9
1136,-523.39,19.242,4.66,45.7,58.6
1137,-544.85,54.9817,4.88,47.9,57.9
1138,-521.16,31.0673,4.68,42.4,57.9
1139,-544.16,12.6506,6.83,64.1,57.9
1140,-520.34,83.252,4.33,43.3,59.5
1141,-569.72,82.2503,4.67,45.0,59.2
1142,-546.41,96.0372,4.73,46.8,58.2
1143,-528.68,28.0158,4.83,47.6,57.9
1144,-543.69,33.4309,4.77,45.6,59.7
1145,-535.29,82.5319,4.36,43.4,58.2
1146,-520.83,163.0477,5.58,56.2,58.0
1147,-559.79,72.4537,4.51,43.2,57.8
1148,-531.63,53.298,4.48,42.4,59.7
1149,-539.79,33.1123,4.72,45.6,58.7
1150,-518.42,36.1626,4.71,46.2,58.0
1151,-548.22,50.3504,5.01,48.2,57.9
1152,-538.86,12.9857,6.13,57.3,58.5
1153,-530.17,24.7022,4.41,44.8,59.3
1154,-549.15,18.4055,4.63,44.4,58.2
1155,-541.58,13.9095,4.71,45.2,58.0
1156,-539.62,40.0327,4.64,45.0,58.5
1157,-541.27,40.017,4.58,45.1,59.2
1158,-533.14,41.352,4.88,50.8,58.3
1159,-522.07,18.3877,4.64,46.0,57.9
1160,-539.46,14.4662,4.76,43.2,58.5
1161,-531.25,34.321,4.61,44.4,59.3
1162,-525.19,19.9733,4.63,45.9,58.2
1163,-523.8,23.2049,5.07,48.3,57.9
1164,-546.91,65.0897,5.72,54.8,57.9
1165,-530.25,22.916,4.5,45.5,59.5
1166,-535.18,41.6129,4.47,42.7,58.9
1167,-546.1,35.5698,4.49,43.2,57.6
1168,-517.3,54.8951,4.73,46.1,57.5
1169,-535.14,22.544,4.88,45.9,59.7
1170,-536.92,23.5984,4.75,45.0,58.2
1171,-534.67,33.8853,4.74,44.9,57.9
1172,-517.72,35.764,4.68,47.3,57.7
1173,-523.48,22.558,4.51,43.7,57.5
1174,-519.76,18.4364,4.6,41.7,59.4
1175,-517.58,19.2225,4.56,43.6,59.6
1176,-523.02,15.0791,4.68,44.4,59.1
1177,-547.01,22.8717,4.65,44.8,59.1
1178,-545.4,21.7307,6.78,62.8,59.0
1179,-553.18,29.2149,4.63,42.2,59.1
1180,-517.19,15.5182,4.71,44.6,59.5
1181,-526.84,32.5646,4.6,45.3,59.1
1182,-522.72,18.6682,4.7,46.1,59.3
1183,-523.36,19.6227,4.76,49.3,59.5
1184,-537.2,10.5452,4.64,44.9,58.6
1185,-542.65,10.4126,4.87,51.9,58.1
1186,-518.35,26.3716,4.85,44.8,58.0
1187,-520.92,9.1045,4.53,43.3,59.9
1188,-525.91,26.1119,4.73,48.3,59.0
1189,-529.91,23.4405,4.61,45.4,58.2
1190,-506.36,20.3053,4.59,45.4,57.9
1191,-544.32,63.7732,7.25,64.4,57.9
1192,-529.05,16.3724,4.64,46.2,59.4
1193,-512.71,18.9384,4.66,46.5,60.2
1194,-494.31,13.8388,4.79,45.5,58.8
1195,-508.16,27.6412,4.66,46.4,58.7
1196,-539.51,20.6195,4.82,46.8,58.1
1197,-524.84,58.8765,5.98,55.6,58.0
1198,-524.62,35.686,4.56,44.3,59.5
1199,-543.77,23.3471,4.77,45.2,59.3
1200,-526.03,23.4215,4.69,46.2,58.6
1201,-506.41,23.2524,4.87,47.8,58.1
1202,-535.22,64.9375,4.66,43.3,58.1
1203,-492.69,23.4345,5.95,58.7,58.9
1204,-504.41,33.1763,4.52,43.6,58.6
1205,-510.65,21.1835,4.76,46.8,58.0
1206,-505.42,16.861,4.73,46.5,58.0
1207,-525.74,23.8884,4.68,44.7,58.8
1208,-516.89,26.64,4.46,43.9,59.0
1209,-519.46,50.6559,4.66,47.1,58.3
1210,-513.63,27.0397,4.83,45.0,58.1
1211,-528.31,10.2976,4.73,47.1,58.7
1212,-517.28,25.292,4.9,46.7,59.6
1213,-519.0,21.628,4.64,45.4,58.5
1214,-540.63,39.1424,4.9,47.7,58.3
1215,-532.53,21.8982,5.3,54.0,58.2
1216,-562.17,46.3647,4.65,45.9,58.1
1217,-535.53,8.0348,4.52,43.9,59.6
1218,-525.08,21.4094,4.84,46.0,58.9
1219,-504.92,38.181,4.66,45.7,58.3
1220,-516.78,27.357,4.63,48.4,58.1
1221,-523.84,16.4959,4.79,45.4,58.2
1222,-544.66,27.7435,5.16,53.3,60.5
1223,-525.61,41.5819,4.37,42.0,58.8
1224,-528.02,26.4911,4.79,45.3,58.2
1225,-487.36,19.7093,4.65,45.7,58.1
1226,-520.35,25.7345,4.66,43.7,59.5
1227,-520.7,12.6337,4.44,43.9,58.9
1228,-526.46,22.128,5.37,53.5,58.3
1229,-524.05,12.8586,4.59,44.0,58.1
1230,-520.61,22.8411,4.64,45.4,60.4
1231,-522.05,21.9773,4.86,46.7,59.1
1232,-520.07,60.6135,4.85,47.6,58.7
1233,-487.55,33.0393,4.77,48.8,58.1
1234,-535.81,139.5268,5.4,53.1,58.1
1235,-496.23,40.0314,4.47,45.5,59.5
1236,-533.08,43.5291,4.47,45.1,60.0
1237,-536.1,74.2693,4.55,45.1,58.7
1238,-504.62,146.3564,4.66,46.8,58.3
1239,-500.38,74.6045,4.84,48.3,58.1
1240,-513.32,125.5114,4.88,47.4,59.9
1241,-513.83,31.3135,5.19,51.9,59.8
1242,-517.68,13.6531,4.46,47.2,58.2
1243,-526.7,7.2271,4.5,43.7,58.1
1244,-542.05,15.0803,4.58,41.9,60.0
1245,-537.75,31.0169,4.64,47.8,59.5
1246,-505.71,49.1461,4.77,46.5,58.5
1247,-514.39,30.3834,4.87,47.4,58.2
1248,-516.66,25.8793,6.16,57.7,58.1
1249,-525.04,8.4078,4.58,44.5,60.2
1250,-500.85,41.7209,4.53,44.3,58.9
1251,-531.99,18.3277,4.83,46.2,58.3
1252,-524.24,15.9088,4.88,46.6,58.2
1253,-505.31,49.6705,4.96,46.3,60.0
1254,-519.84,21.0722,4.54,44.0,59.4
1255,-499.81,13.0779,5.63,56.9,59.1
1256,-519.81,80.9639,4.46,43.9,58.3
1257,-523.29,18.9536,4.78,46.6,58.2
1258,-506.74,35.7514,4.95,46.6,59.9
1259,-525.07,51.1668,4.71,45.1,59.4
1260,-481.25,28.4333,4.49,44.0,58.4
1261,-528.66,226.929,5.88,56.0,58.6
1262,-507.53,127.3012,4.34,46.2,58.1
1263,-514.16,22.827,4.5,44.2,60.4
1264,-522.01,21.2393,4.63,43.9,58.9
1265,-482.24,68.3169,4.72,48.3,58.4
1266,-512.87,15.4399,4.57,42.8,58.2
1267,-527.85,148.2594,4.59,43.3,59.7
1268,-514.39,57.6407,5.96,56.9,59.7
1269,-513.92,14.4352,4.3,43.9,58.5
1270,-518.09,22.9193,4.6,43.6,58.2
1271,-506.28,20.0217,4.74,46.9,59.8
1272,-509.37,25.2418,4.56,44.8,59.5
1273,-494.07,22.5261,4.56,46.9,58.5
1274,-515.46,17.6726,4.5,44.8,58.3
1275,-507.79,30.7168,4.55,45.3,60.0
1276,-505.63,9.3819,4.55,44.9,58.9
1277,-511.54,28.9269,4.6,44.7,58.4
1278,-496.12,28.7304,4.65,46.0,58.3
1279,-509.59,37.4919,4.6,43.2,59.6
1280,-533.38,235.5868,4.75,48.1,58.3
1281,-522.07,31.2091,5.61,54.9,58.3
1282,-528.11,13.7881,4.44,44.1,59.8
1283,-521.46,17.2008,4.55,43.3,59.5
1284,-510.48,12.2504,4.75,46.5,58.9
1285,-501.15,8.9307,4.61,44.9,58.3
1286,-498.54,11.6145,4.74,46.5,58.3
1287,-516.2,11.3301,6.47,60.8,58.3
1288,-492.12,12.4477,4.26,44.2,60.1
1289,-504.34,24.0077,4.57,44.5,59.0
1290,-498.05,13.5965,4.51,46.1,58.2
1291,-483.09,18.2616,4.62,44.3,59.7
1292,-523.97,46.4871,4.81,43.3,59.2
1293,-515.26,12.5505,4.51,45.9,58.5
1294,-508.94,34.1633,6.05,58.3,58.4
1295,-530.85,12.1834,4.41,44.7,60.2
1296,-507.72,32.2563,4.77,45.8,59.9
1297,-507.12,9.6402,4.54,42.9,59.2
1298,-502.23,15.9385,4.85,49.4,58.6
1299,-496.14,9.2366,4.64,45.7,58.4
1300,-496.37,18.1042,4.71,44.6,60.0
1301,-503.78,16.7732,6.51,62.1,59.9
1302,-507.43,22.029,5.93,43.4,60.0
1303,-521.75,23.7673,4.57,45.0,58.7
1304,-516.22,9.9411,5.19,50.9,58.4
1305,-502.49,10.8492,5.57,53.2,60.0
1306,-490.98,22.2558,4.44,45.6,59.0
1307,-502.66,15.2727,4.5,44.3,58.4
1308,-511.69,15.7054,5.0,46.7,58.4
1309,-528.35,10.9419,4.64,46.0,60.2
1310,-516.1,29.6492,4.62,46.4,58.2
1311,-503.14,109.5149,4.52,44.7,57.9
1312,-519.03,51.0719,4.6,46.8,58.6
1313,-514.32,60.0961,4.72,42.6,59.4
1314,-507.23,30.6365,4.35,43.5,58.7
1315,-493.78,47.6468,4.67,47.3,58.2
1316,-503.42,13.5273,4.61,45.1,57.9
1317,-501.14,11.1095,4.94,47.2,57.9
1318,-492.76,12.4788,5.44,53.8,58.0
1319,-499.66,11.1597,4.45,43.4,57.9
1320,-523.32,27.1102,4.63,42.9,58.8
1321,-495.63,14.7248,4.77,46.6,59.4
1322,-499.79,6.3768,4.7,44.3,59.6
1323,-508.84,3.8775,4.58,45.5,58.7
1324,-499.79,24.1323,4.47,44.4,58.1
1325,-509.25,40.1634,5.15,52.7,58.1
1326,-483.1,8.8993,4.5,43.7,58.4
1327,-477.73,37.361,4.5,42.5,59.9
1328,-497.73,9.9309,4.87,48.3,59.0
1329,-527.94,17.5477,4.63,48.1,58.4
1330,-510.5,20.4383,4.9,46.8,58.5
1331,-490.76,28.686,4.48,43.7,60.2
1332,-523.44,74.4805,5.36,56.3,60.6
1333,-506.93,46.2461,4.47,43.3,59.1
1334,-509.51,39.6574,4.23,44.6,58.4
1335,-518.76,36.7211,4.91,46.8,58.5
1336,-513.07,13.4945,4.75,45.5,60.2
1337,-530.87,50.1007,4.85,47.2,60.0
1338,-497.34,18.2881,6.72,61.5,60.3
1339,-519.26,46.1503,4.36,43.4,59.5
1340,-501.44,12.5021,4.78,45.1,58.5
1341,-502.76,6.6138,4.88,46.4,58.5
1342,-486.32,13.5073,4.91,49.6,58.5
1343,-483.75,5.9001,4.91,46.9,58.5
1344,-495.56,58.2339,6.06,57.7,60.1
1345,-490.72,8.1076,4.45,45.8,59.2
1346,-498.26,7.5316,4.67,46.0,58.7
1347,-490.76,18.3259,4.4,43.1,58.4
1348,-490.14,6.521,4.61,44.7,60.3
1349,-499.77,4.4745,4.55,44.9,59.0
1350,-489.75,11.4341,4.66,45.5,58.6
1351,-489.68,8.1223,6.19,59.1,58.5
1352,-477.83,5.2521,4.45,43.7,60.0
1353,-488.0,8.0609,4.41,41.0,59.1
1354,-485.09,5.0924,4.7,48.2,59.0
1355,-503.34,18.6903,4.83,47.8,58.6
1356,-475.99,27.4285,4.79,47.2,58.6
1357,-513.06,29.155,4.62,44.9,60.4
1358,-535.86,82.918,6.17,60.8,60.0
1359,-493.6,8.3986,4.37,43.2,59.2
1360,-500.46,28.1729,4.67,45.9,59.4
1361,-506.4,13.8308,4.61,44.3,58.6
1362,-499.55,7.6434,4.91,46.9,58.5
1363,-482.43,16.098,4.77,46.3,60.7
1364,-491.45,62.843,5.06,51.4,59.3
1365,-503.97,76.7366,4.58,46.3,58.6
1366,-484.24,12.4459,4.69,43.5,58.5
1367,-498.29,15.7977,4.8,45.9,60.9
1368,-491.85,10.5733,4.69,47.8,60.2
1369,-497.66,16.0559,4.88,49.0,59.2
1370,-505.27,25.7169,5.4,52.9,58.9
1371,-487.59,70.5319,4.52,44.3,58.6
1372,-500.63,14.9106,4.56,44.1,58.6
1373,-485.37,4.7709,4.81,44.9,60.4
1374,-507.92,24.9061,4.61,45.4,59.0
1375,-491.29,7.1291,4.55,43.0,58.6
1376,-489.91,37.1777,4.76,48.4,58.6
1377,-488.66,35.9668,6.83,62.3,58.5
1378,-494.02,73.3617,4.47,43.2,60.2
1379,-509.74,97.0792,4.57,42.9,59.5
1380,-501.04,42.0399,4.66,48.5,58.6
1381,-495.36,16.4648,4.76,45.9,58.6
1382,-481.49,32.9616,4.74,46.7,60.8
1383,-497.7,32.8703,5.87,56.3,60.8
1384,-496.07,26.6717,4.45,43.6,59.1
1385,-490.38,7.7302,4.36,45.5,58.6
1386,-487.43,14.4795,4.59,42.5,60.6
1387,-518.2,31.3285,4.61,45.4,59.4
1388,-492.21,11.0111,4.72,47.5,58.7
1389,-487.6,12.5551,4.79,47.5,58.6
1390,-471.93,10.5764,5.57,54.5,60.3
1391,-490.68,18.3136,4.41,44.4,59.6
1392,-486.06,12.9194,4.52,45.5,58.8
1393,-472.08,16.1294,4.67,47.9,58.6
1394,-488.4,33.5431,5.03,47.9,60.1
1395,-501.06,39.5504,4.9,47.6,60.0
1396,-491.29,57.6624,4.68,46.1,59.0
1397,-483.16,6.4062,4.66,47.3,58.6
1398,-493.31,16.5121,4.67,43.5,59.4
1399,-470.72,24.8846,4.37,43.9,59.8
1400,-484.41,19.4223,4.61,45.7,58.9
1401,-505.87,79.7824,4.72,46.6,58.7
1402,-482.04,22.7135,4.91,47.4,59.6
1403,-520.69,68.3472,6.55,60.0,60.6
1404,-506.32,9.1813,4.42,43.9,59.3
1405,-482.77,51.9507,4.57,45.9,58.7
1406,-500.07,8.7688,5.02,48.8,58.7
1407,-466.1,18.3908,4.65,46.1,60.4
1408,-476.89,36.6969,4.59,46.2,59.1
1409,-495.81,73.6626,4.8,48.2,58.7
1410,-493.46,11.0608,6.66,58.2,58.8
1411,-481.43,44.1942,4.79,49.5,59.5
1412,-498.21,9.6652,4.59,44.7,60.2
1413,-481.4,6.743,4.56,42.8,59.0
1414,-498.87,31.7292,4.93,48.1,58.8
1415,-479.9,3.5927,4.76,47.5,60.6
1416,-494.03,5.1529,4.58,44.3,59.4
1417,-496.7,11.0317,5.64,56.1,59.1
1418,-514.11,24.1452,4.5,45.1,58.8
1419,-490.52,17.2813,4.41,41.8,60.9
1420,-484.47,9.3856,4.62,43.8,59.3
1421,-484.36,26.7622,4.75,49.3,58.8
1422,-521.03,155.4735,4.87,46.3,59.3
1423,-491.96,7.9435,6.78,62.7,59.7
1424,-500.05,16.3329,4.48,44.3,60.2
1425,-490.55,6.7781,4.49,43.9,59.0
1426,-502.11,8.6757,4.91,47.9,58.8
1427,-497.03,8.7886,4.9,47.5,59.6
1428,-494.94,23.0849,4.83,46.8,60.1
1429,-496.23,12.9374,5.35,53.2,59.1
1430,-479.56,8.8542,4.34,45.0,58.8
1431,-505.24,52.4071,4.65,44.3,60.7
1432,-496.32,32.9176,4.54,44.6,59.4
1433,-486.43,20.3965,4.6,46.7,58.9
1434,-469.69,31.7689,4.51,44.8,58.8
1435,-498.29,31.1571,4.58,45.5,60.1
1436,-505.83,39.1561,5.98,59.3,61.1
1437,-496.29,6.3396,4.41,42.3,59.3
1438,-496.63,10.9785,4.59,45.9,58.9
1439,-503.64,16.7319,5.22,49.4,59.4
1440,-492.12,9.052,4.93,47.6,59.8
1441,-503.08,30.6784,5.43,52.8,59.5
1442,-498.0,22.1154,4.49,45.8,58.7
1443,-479.23,16.2499,4.63,45.1,59.4
1444,-494.53,38.7127,4.73,45.7,60.9
1445,-500.2,9.4306,4.87,48.1,59.5
1446,-502.44,6.9352,4.84,48.5,59.0
1447,-471.47,51.6718,4.71,46.7,58.8
1448,-481.28,11.3088,7.24,65.7,58.8
1449,-499.71,40.6921,5.14,52.1,58.8
1450,-479.33,6.5312,4.44,44.6,60.5
1451,-490.54,5.7913,4.57,44.5,59.5
1452,-501.83,7.9625,4.65,45.9,58.9
1453,-490.49,11.0945,4.54,42.7,59.4
1454,-483.72,19.2411,4.73,47.4,59.4
1455,-489.43,22.044,5.16,49.5,58.8
1456,-487.64,14.5497,4.42,45.7,58.4
1457,-498.66,15.6306,4.6,44.6,58.9
1458,-495.8,15.4605,4.87,45.1,60.7
1459,-504.59,38.4312,5.0,48.2,59.9
1460,-493.51,15.7525,4.73,45.3,60.2
1461,-490.79,5.1458,5.5,54.0,60.3
1462,-489.09,7.0508,5.1,53.5,60.0
1463,-492.94,11.9593,4.47,43.9,59.1
1464,-473.15,41.6158,4.4,42.4,58.6
1465,-482.77,9.3664,4.61,45.6,58.5
1466,-484.92,12.3515,4.53,44.3,58.4
1467,-494.86,11.5679,4.7,44.5,59.8
1468,-482.85,10.1183,5.17,51.7,60.2
1469,-494.37,13.1349,4.62,46.3,60.1
1470,-481.51,7.269,4.49,44.2,59.3
1471,-478.15,5.9107,4.81,48.4,58.9
1472,-475.1,3.5494,4.67,45.7,58.8
1473,-495.7,7.4863,4.56,43.7,60.8
1474,-485.82,15.258,5.36,55.9,59.2
1475,-479.61,26.1324,4.77,50.2,58.9
1476,-483.96,15.4561,4.69,44.8,58.9
1477,-477.74,7.8291,4.75,45.8,60.4
1478,-498.19,20.6392,4.53,44.9,61.0
1479,-509.35,13.3231,4.51,43.7,59.5
1480,-473.01,72.4853,5.52,55.9,59.1
1481,-470.05,61.1327,4.67,50.3,58.8
1482,-493.34,8.4072,4.54,41.8,61.2
1483,-495.89,36.3652,4.55,42.9,59.5
1484,-480.13,12.5452,4.46,47.2,59.0
1485,-481.23,8.6999,4.61,47.1,59.0
1486,-474.02,3.5972,4.59,45.1,61.3
1487,-488.19,9.4416,6.4,60.6,61.0
1488,-473.72,25.2853,4.45,45.5,59.5
1489,-484.11,12.9203,4.22,45.2,59.0
1490,-497.03,17.0605,4.42,42.4,60.4
1491,-480.91,27.9596,4.45,43.1,60.5
1492,-491.72,18.2145,4.75,48.4,60.3
1493,-477.18,5.0736,4.65,46.3,59.3
1494,-500.87,31.819,4.73,46.5,59.0
1495,-483.03,5.0427,6.05,58.3,59.4
1496,-490.16,9.9131,4.59,46.8,59.0
1497,-497.25,32.8917,4.57,43.6,59.8
1498,-497.12,11.7098,4.7,46.0,60.2
1499,-482.33,4.2963,4.51,45.0,59.2
1500,-469.02,5.1857,4.58,47.6,59.0
1501,-491.45,47.5818,4.66,45.2,60.0
1502,-509.61,59.9375,6.2,59.1,60.5
1503,-503.59,11.5439,4.45,42.5,59.6
1504,-478.08,31.6217,4.46,44.6,59.1
1505,-500.43,24.4253,4.89,47.8,59.0
1506,-497.7,16.4831,4.74,45.3,60.6
1507,-495.26,17.5939,4.56,43.0,59.7
1508,-502.55,8.9104,4.85,47.6,59.6
1509,-484.24,10.5625,4.58,47.3,58.9
1510,-486.92,22.8352,6.56,62.4,59.6
1511,-500.18,38.9078,4.89,50.7,59.1
1512,-489.22,10.0136,4.59,44.4,59.0
1513,-504.52,28.7587,4.57,44.2,60.6
1514,-491.5,12.5534,4.58,46.3,61.2
1515,-508.36,13.7386,4.97,50.5,59.9
1516,-505.56,4.9111,4.72,46.7,59.2
1517,-505.42,5.6158,5.64,55.8,59.1
1518,-510.41,15.3135,4.59,43.8,59.7
1519,-491.72,8.445,4.6,45.0,60.5
1520,-510.69,10.3241,4.72,45.4,60.1
1521,-490.92,22.6375,4.82,47.8,59.3
1522,-498.99,15.065,4.7,47.2,59.0
1523,-502.08,3.8799,6.55,61.3,59.1
1524,-495.04,9.4363,4.61,43.9,59.6
1525,-502.56,17.426,4.65,44.9,60.8
1526,-477.59,33.3424,4.78,46.8,59.8
1527,-476.05,7.9047,4.65,48.4,59.1
1528,-474.62,32.0701,4.76,45.0,59.0
1529,-473.76,4.4269,6.21,59.1,59.9
1530,-495.75,17.4586,4.42,42.8,59.8
1531,-490.53,14.8166,4.61,43.7,59.3
1532,-507.39,45.1486,4.84,48.1,59.1
1533,-479.87,32.7268,4.55,43.6,61.2
1534,-501.4,15.5189,4.7,46.2,59.8
1535,-504.27,21.1622,4.58,47.7,59.3
1536,-486.52,18.6354,4.49,46.4,59.1
1537,-487.35,8.2981,4.48,43.0,60.6
1538,-512.28,10.4214,4.74,45.3,59.5
1539,-480.71,25.6965,4.72,47.8,59.2
1540,-492.13,3.2757,4.69,46.2,59.8
1541,-496.32,7.1706,4.93,47.9,60.8
1542,-485.74,14.0276,6.49,61.8,61.0
1543,-512.99,23.9278,4.45,43.2,59.5
1544,-476.67,17.6941,4.49,46.4,59.2
1545,-482.92,5.6585,4.86,45.1,60.1
1546,-500.76,7.8752,4.64,45.4,60.6
1547,-477.53,25.4868,4.7,47.7,59.5
1548,-514.63,23.9556,5.09,50.5,59.2
1549,-488.86,8.5039,4.66,45.7,59.1
1550,-501.45,12.7647,4.68,44.2,60.5
1551,-512.26,13.4598,4.72,46.1,59.5
1552,-476.67,41.9255,4.65,49.0,59.1
1553,-483.99,8.6179,4.6,44.5,60.9
1554,-495.51,16.7255,5.52,54.5,60.8
1555,-511.98,14.8638,4.41,44.0,59.4
1556,-474.86,61.6875,4.67,44.8,59.1
1557,-484.3,20.8444,4.67,46.7,61.4
1558,-495.18,10.2271,4.54,45.7,59.5
1559,-485.56,3.7516,4.93,49.6,59.1
1560,-475.73,6.837,5.98,56.4,59.1
1561,-483.51,19.2164,4.62,45.8,61.3
1562,-482.46,32.8649,4.44,44.0,59.5
1563,-481.52,11.0267,4.4,43.7,59.1
1564,-475.03,18.7445,4.91,50.2,59.2
1565,-476.26,12.9363,4.59,45.5,60.6
1566,-483.93,13.8857,4.68,46.7,59.8
1567,-491.16,12.4457,4.85,51.6,59.2
1568,-509.63,29.5894,4.56,46.9,59.1
1569,-465.33,78.0734,4.58,43.6,61.0
1570,-500.77,68.0055,5.03,49.2,59.8
1571,-493.88,19.5625,4.63,45.4,59.2
1572,-492.43,11.3308,4.66,48.1,59.2
1573,-503.29,15.766,5.4,51.2,60.6
1574,-492.61,7.4284,4.39,46.5,59.4
1575,-497.97,5.5237,4.59,43.7,59.2
1576,-483.92,11.0359,4.45,43.3,61.1
1577,-486.12,6.2192,4.51,45.9,59.8
1578,-492.59,8.2624,4.71,49.0,59.2
1579,-477.33,15.5166,4.69,45.8,60.6
1580,-515.77,56.2163,5.26,52.6,60.9
1581,-491.42,7.8167,4.99,52.9,59.8
1582,-490.51,6.9174,4.47,46.0,59.2
1583,-501.01,25.292,4.75,43.9,59.3
1584,-491.02,9.3481,4.63,45.2,60.8
1585,-503.99,25.5404,4.64,45.8,59.7
1586,-503.27,15.2415,4.8,46.8,59.3
1587,-495.61,7.371,6.12,58.2,59.3
1588,-503.56,11.226,4.41,43.3,60.8
1589,-501.52,37.7094,4.6,42.5,60.3
1590,-502.37,9.7617,4.76,47.4,59.6
1591,-505.3,12.1824,4.78,47.8,59.2
1592,-507.75,12.4742,5.13,49.7,59.8
1593,-501.21,8.4088,6.97,63.5,59.3
1594,-502.76,8.0791,4.36,42.9,60.8
1595,-507.44,124.6626,4.46,44.5,59.7
1596,-505.97,31.6738,4.73,46.1,59.3
1597,-483.4,58.5734,4.86,47.9,59.4
1598,-506.99,14.2121,4.53,44.5,60.2
1599,-499.06,19.0357,4.68,45.6,59.0
1600,-488.56,3.5976,4.68,47.1,58.9
1601,-511.34,13.4091,4.42,44.3,58.8
1602,-498.76,4.9851,4.64,42.6,60.3
1603,-507.28,10.4999,4.79,48.0,60.7
1604,-509.27,7.6723,4.57,45.1,59.9
1605,-496.91,4.0023,4.61,43.5,59.4
1606,-505.13,4.9902,5.45,55.2,59.4
1607,-493.25,8.4776,4.44,44.0,59.0
1608,-513.99,23.2277,4.57,42.6,58.9
1609,-491.65,2.8646,4.65,45.2,58.8
1610,-505.43,39.5641,4.79,47.0,60.4
1611,-489.42,33.2153,4.92,47.7,60.7
1612,-507.39,26.8104,4.44,42.0,59.7
1613,-495.51,6.5344,6.36,62.0,60.9
1614,-495.08,6.2927,4.34,42.7,59.9
1615,-487.91,6.2845,4.73,47.9,59.4
1616,-501.4,47.0764,4.8,46.0,59.8
1617,-493.53,20.387,4.74,46.7,61.0
1618,-497.47,12.0197,4.56,43.6,60.4
1619,-490.17,17.6143,4.57,48.0,59.4
1620,-495.75,11.4524,4.61,44.7,59.3
1621,-483.5,10.0121,4.65,43.4,61.2
1622,-490.34,5.6551,4.55,47.0,59.6
1623,-486.78,4.0087,4.5,46.0,59.4
1624,-482.24,11.1668,4.65,45.2,60.8
1625,-494.47,11.1626,4.49,45.2,60.2
1626,-492.43,4.4624,5.32,55.4,60.2
1627,-500.43,22.2662,4.63,44.0,59.5
1628,-481.49,28.4314,4.87,46.6,59.5
1629,-495.33,11.7343,4.72,45.0,61.0
1630,-473.32,51.8762,4.46,43.9,60.0
1631,-490.09,17.6115,4.73,47.2,59.4
1632,-473.08,4.8635,6.92,63.7,59.5
1633,-477.31,4.2995,5.0,51.9,59.5
1634,-494.88,19.1945,4.47,42.0,59.9
1635,-481.41,20.0929,4.47,44.1,59.5
1636,-469.77,32.7707,4.58,42.5,60.9
1637,-490.99,12.3513,4.73,46.0,60.3
1638,-481.36,5.0522,4.71,47.8,59.6
1639,-474.7,14.4087,4.7,46.4,59.4
1640,-468.63,9.4026,4.54,44.9,59.5
1641,-484.65,32.6102,6.59,61.9,59.5
1642,-491.93,33.6081,4.38,42.8,60.9
1643,-473.75,14.0305,4.5,43.4,60.2
1644,-477.34,6.0261,4.63,46.4,59.5
1645,-479.71,13.6266,4.74,46.8,59.4
1646,-468.99,4.1695,4.64,45.7,60.7
1647,-487.41,7.0054,6.0,59.1,61.4
1648,-469.33,25.062,4.24,44.8,59.8
1649,-474.6,5.7208,4.37,46.0,59.5
1650,-482.3,10.207,4.64,45.7,60.0
1651,-483.7,7.1538,4.8,45.0,60.8
1652,-484.15,8.0545,4.56,45.4,60.4
1653,-461.58,31.0768,4.64,45.0,59.7
1654,-487.09,8.0382,6.06,58.9,59.6
1655,-478.88,5.9076,4.66,44.9,59.5
1656,-482.28,3.858,4.64,43.4,61.5
1657,-484.35,7.6292,4.72,47.4,60.3
1658,-487.17,6.1359,4.55,45.1,59.6
1659,-461.39,18.9861,4.76,48.2,59.4
1660,-473.58,31.1698,6.98,63.2,59.4
1661,-504.95,155.6897,5.3,54.5,61.6
1662,-481.67,9.0206,4.52,44.3,60.8
1663,-483.97,4.8176,4.55,45.5,59.7
1664,-480.63,14.9141,4.42,44.7,59.4
1665,-470.53,6.3946,4.75,46.5,61.8
1666,-469.62,11.2705,4.89,47.5,60.2
1667,-464.84,27.7151,4.66,45.7,59.6
1668,-484.76,5.7155,5.68,55.4,59.5
1669,-487.35,6.5162,4.68,44.2,60.0
1670,-475.03,2.4425,4.61,43.0,60.9
1671,-482.11,6.5664,4.7,47.5,59.6
1672,-467.85,14.9882,4.89,47.6,59.5
1673,-493.38,10.1149,4.63,46.4,61.2
1674,-474.92,11.3883,6.02,59.1,61.7
1675,-462.83,8.151,4.41,45.8,60.2
1676,-467.53,4.5678,4.65,47.7,59.6
1677,-486.27,37.8303,4.48,42.7,59.5
1678,-480.55,5.9668,4.58,46.1,61.4
1679,-477.16,9.0625,4.8,49.2,61.0
1680,-476.72,10.4263,4.89,46.7,60.0
1681,-483.7,13.9737,5.77,57.5,59.7
1682,-494.61,21.6397,4.53,44.9,59.5
1683,-479.99,6.6482,4.52,42.5,61.2
1684,-487.53,1.8015,4.57,45.8,59.8
1685,-473.39,5.051,4.92,48.0,59.6
1686,-486.32,12.3234,4.71,46.8,59.5
1687,-490.26,12.1789,4.84,46.3,61.8
1688,-472.02,33.4367,4.5,43.4,60.4
1689,-483.08,12.7771,5.07,52.7,59.7
1690,-478.01,7.6849,4.68,42.6,59.6
1691,-483.43,5.2397,4.8,46.6,61.0
1692,-473.44,7.7367,4.51,45.0,60.2
1693,-477.85,3.5829,4.77,47.4,59.7
1694,-475.01,4.4886,5.81,56.9,59.6
1695,-476.86,5.3667,5.14,51.4,60.5
1696,-483.72,2.3736,4.51,43.1,59.8
1697,-485.52,6.5758,4.79,46.1,59.6
1698,-456.21,33.7189,4.44,44.5,61.0
1699,-470.17,10.195,4.7,45.4,60.7
1700,-470.65,12.9351,4.53,45.3,59.8
1701,-474.72,5.1151,5.81,57.0,59.6
1702,-474.27,9.2805,4.53,44.4,59.5
1703,-474.97,3.3996,4.48,42.8,61.8
1704,-489.11,6.9995,4.73,46.0,60.3
1705,-486.83,5.3864,4.6,46.1,59.7
1706,-489.68,7.9374,4.73,41.9,60.5
1707,-479.32,5.8216,5.08,50.7,61.5
1708,-478.36,5.8058,4.44,45.2,60.4
1709,-490.45,7.6339,4.71,45.0,59.6
1710,-479.47,5.6726,4.62,44.3,59.6
1711,-477.31,2.8786,4.53,43.7,60.8
1712,-482.26,7.2415,4.8,47.5,59.9
1713,-471.75,6.5022,5.86,55.1,59.8
1714,-480.28,2.4666,4.57,43.9,59.7
1715,-487.92,8.7691,4.69,43.3,61.8
1716,-483.39,6.3798,4.59,44.9,60.4
1717,-483.85,5.0353,4.63,45.5,59.8
1718,-496.95,22.6927,4.71,44.3,59.7
1719,-491.16,7.7113,5.58,54.2,61.9
1720,-483.57,3.0372,5.68,55.8,60.8
1721,-502.29,7.7637,4.35,45.3,59.6
1722,-505.39,16.907,4.56,43.6,59.7
1723,-492.33,11.1117,4.81,44.7,61.2
1724,-483.25,9.1146,4.65,45.1,60.0
1725,-490.44,24.1193,4.57,47.7,59.7
1726,-491.62,18.8389,4.63,44.2,61.5
1727,-493.62,8.4608,5.96,59.0,59.9
1728,-481.0,32.9978,4.4,41.9,61.1
1729,-475.07,22.0721,4.46,44.7,60.0
1730,-474.92,11.9252,4.72,45.4,59.6
1731,-490.59,105.6989,5.22,49.7,59.7
1732,-495.25,30.2171,4.63,46.2,61.2
1733,-476.11,17.9839,4.55,44.6,60.1
1734,-470.6,17.367,5.08,52.7,59.7
1735,-494.65,19.3123,4.48,43.6,60.6
1736,-474.97,5.1699,4.5,41.0,61.1
1737,-478.19,3.2422,4.63,46.7,59.9
1738,-477.88,5.9821,4.83,47.9,59.7
1739,-485.69,8.4112,4.88,46.5,61.9
1740,-501.93,12.3413,5.73,57.7,61.2
1741,-509.36,14.2105,4.49,44.5,60.0
1742,-480.09,24.577,4.68,48.4,59.6
1743,-499.39,21.1578,4.8,46.6,61.0
1744,-490.85,66.5302,4.89,48.0,59.8
1745,-483.5,14.2502,4.44,42.8,59.5
1746,-478.03,15.4797,4.93,51.0,58.9
1747,-475.88,16.4459,4.66,43.3,59.4
1748,-482.39,18.7829,4.49,42.4,60.7
1749,-490.47,8.503,4.8,47.9,60.2
1750,-476.01,32.8016,4.6,43.9,59.6
1751,-472.3,18.1266,4.57,44.5,59.0
1752,-497.69,13.4515,4.9,49.9,59.0
1753,-479.85,6.1229,4.43,43.8,58.8
1754,-472.71,18.5257,4.54,42.4,60.5
1755,-483.09,12.4261,4.82,46.0,60.8
1756,-477.94,6.7993,4.69,46.5,60.0
1757,-489.88,12.5288,4.86,48.5,59.6
1758,-470.64,20.9874,4.95,48.7,59.3
1759,-470.02,9.0835,4.53,47.9,59.0
1760,-487.62,3.5345,4.65,38.9,59.4
1761,-489.51,12.5223,4.5,38.0,59.4
1762,-491.29,57.8048,4.48,37.5,60.9
1763,-490.18,8.4209,4.54,40.3,60.5
1764,-493.42,11.0047,4.59,37.3,59.7
1765,-498.07,10.3973,4.8,43.9,59.5
1766,-485.38,5.5036,4.58,41.5,61.2
1767,-505.84,9.7521,4.62,39.4,61.0
1768,-491.48,3.6816,4.43,37.5,60.8
1769,-519.7,28.5205,4.63,39.0,60.7
1770,-494.67,14.4254,4.85,40.8,59.8
1771,-491.64,3.451,4.59,39.1,59.4
1772,-500.53,12.5699,4.56,38.5,59.4
1773,-484.07,5.2062,4.85,41.8,61.1
1774,-493.42,4.1119,4.35,37.6,59.8
1775,-475.87,14.2041,4.45,37.9,59.4
1776,-492.57,5.3741,4.36,36.2,61.3
1777,-496.72,17.5158,4.58,38.7,60.9
1778,-476.33,44.9669,4.47,39.3,60.3
1779,-485.93,9.0541,4.53,39.8,59.6
1780,-476.31,9.0242,4.55,39.6,59.5
1781,-491.61,33.1441,4.76,42.3,61.1
1782,-482.32,7.2738,4.25,38.1,59.9
1783,-482.16,5.9609,4.47,37.3,59.6
1784,-482.77,8.0225,4.57,37.2,59.5
1785,-477.88,3.0782,4.47,38.3,60.9
1786,-460.22,7.8388,4.68,42.1,61.8
1787,-484.42,41.6638,4.63,39.0,61.4
1788,-492.98,59.2039,4.53,40.7,60.1
1789,-475.58,5.3331,4.36,37.3,59.6
1790,-476.32,4.963,4.46,36.0,60.0
1791,-478.29,2.9726,4.62,39.2,61.4
1792,-464.41,6.8947,4.45,39.2,60.9
1793,-491.15,30.4745,4.68,40.1,59.9
1794,-488.97,29.3489,4.45,38.5,59.6
1795,-486.46,4.2751,4.81,42.3,59.6
1796,-470.5,32.3323,4.27,35.5,61.6
1797,-471.2,10.0262,4.36,34.1,60.2
1798,-479.51,12.4351,4.48,40.4,59.6
1799,-474.2,14.2238,4.35,38.4,60.5
1800,-501.08,29.3602,4.56,39.7,61.1
1801,-487.48,4.9208,4.55,37.3,60.9
1802,-480.47,25.4522,5.27,46.3,60.3
1803,-469.21,26.7523,4.4,37.8,59.5
1804,-483.93,12.1788,4.57,36.3,59.5
1805,-481.16,8.7151,4.7,39.3,61.4
1806,-460.98,11.879,4.43,38.7,60.1
1807,-469.22,10.2399,4.42,38.3,59.6
1808,-478.27,18.7717,4.57,38.9,59.5
1809,-470.77,3.0157,4.83,41.3,61.3
1810,-477.38,5.2311,4.29,37.0,59.8
1811,-472.69,7.2437,4.31,38.8,59.5
1812,-471.17,2.6206,4.57,37.2,61.4
1813,-475.08,6.5795,4.62,39.2,61.0
1814,-490.8,15.8607,4.48,39.3,59.8
1815,-482.58,6.9467,4.47,38.1,59.6
1816,-483.05,5.2125,5.05,45.7,60.1
1817,-485.52,8.4536,4.49,39.0,61.2
1818,-462.99,8.293,4.35,36.7,59.8
1819,-471.21,6.2499,4.44,38.6,59.6
1820,-477.83,8.7378,4.67,38.7,61.8
1821,-476.67,7.6957,4.58,38.8,60.5
1822,-472.9,6.2172,4.47,37.9,59.7
1823,-464.58,8.7247,4.75,44.1,59.6
1824,-475.71,20.1264,4.46,36.6,61.5
1825,-476.41,10.5236,4.38,37.3,60.0
1826,-471.97,3.6215,4.72,39.5,59.6
1827,-477.55,4.9184,4.42,37.6,62.0
1828,-469.72,2.3444,4.6,37.0,60.4
1829,-478.22,4.6866,4.84,43.8,59.8
1830,-478.04,2.0702,4.44,39.0,59.6
1831,-482.06,2.7351,4.54,35.5,61.4
1832,-475.36,2.3641,4.47,38.6,60.2
1833,-474.17,1.7592,4.74,42.0,59.7
1834,-472.92,2.5045,4.65,38.6,59.6
1835,-479.69,1.4427,4.55,36.4,61.3
1836,-464.63,12.1761,4.42,39.5,59.9
1837,-468.65,4.2042,4.51,40.4,59.7
1838,-470.04,9.8605,4.43,38.1,61.5
1839,-483.43,6.4779,4.61,36.2,60.9
1840,-489.32,6.8921,4.51,39.0,59.9
1841,-473.62,15.3186,4.8,39.9,59.7
1842,-464.49,11.0326,4.36,38.3,61.5
1843,-482.11,27.6159,4.82,43.1,61.2
1844,-480.17,50.0512,4.4,36.9,60.0
1845,-486.06,13.0223,4.53,37.6,59.7
1846,-480.84,5.9878,4.69,38.5,61.0
1847,-471.54,11.5321,4.71,40.1,61.2
1848,-464.55,9.4758,4.38,38.5,60.0
1849,-469.43,8.6151,4.38,38.9,59.7
1850,-498.6,45.9152,4.73,41.7,60.5
1851,-497.02,18.3855,4.53,33.6,60.8
1852,-484.64,10.5528,4.48,39.1,60.3
1853,-465.58,32.4577,4.59,41.5,59.7
1854,-470.27,10.8263,4.5,41.0,60.6
1855,-479.05,10.4029,4.66,40.0,61.2
1856,-469.34,3.2058,4.73,41.8,60.5
1857,-469.18,2.1563,4.43,40.1,59.7
1858,-479.92,2.2111,4.53,37.4,59.7
1859,-480.05,3.908,4.65,37.2,62.0
1860,-464.38,8.6885,4.52,39.2,60.4
1861,-485.32,16.1074,4.56,39.8,59.9
1862,-466.6,8.0653,4.53,39.4,59.7
1863,-468.43,8.0194,4.8,43.0,62.0
1864,-463.07,3.5219,4.32,36.0,60.3
1865,-485.46,15.4238,4.57,39.1,59.9
1866,-486.78,10.2573,4.82,41.8,59.8
1867,-474.27,7.284,4.56,39.4,61.4
1868,-471.98,3.6285,4.59,39.0,61.5
1869,-467.96,1.2657,4.67,43.1,60.5
1870,-480.07,3.011,4.52,37.6,59.9
1871,-466.63,9.1912,4.59,39.6,59.8
1872,-479.06,3.2503,4.47,38.4,61.3
1873,-471.9,7.7028,4.56,39.0,60.2
1874,-488.89,15.3697,4.87,41.6,59.8
1875,-488.09,7.6728,4.91,45.9,59.8
1876,-469.92,16.6172,4.47,37.5,61.6
1877,-491.37,11.9957,4.6,37.1,60.4
1878,-470.83,7.6264,4.49,41.7,59.7
1879,-473.46,12.136,4.73,40.1,60.7
1880,-479.98,10.2217,4.55,40.0,61.3
1881,-480.64,3.526,4.52,40.8,60.1
1882,-482.48,3.6256,4.57,41.1,59.8
1883,-490.02,4.0375,4.54,37.7,61.4
1884,-479.96,13.9337,4.51,36.4,60.5
1885,-474.87,12.7038,4.55,40.3,59.9
1886,-455.33,12.018,4.6,40.6,59.9
1887,-488.61,54.314,4.45,36.5,61.9
1888,-477.38,28.9143,4.61,41.9,60.5
1889,-485.36,20.8853,4.23,38.1,59.9
1890,-477.38,3.2136,4.49,36.0,61.6
1891,-477.26,6.1025,4.55,39.6,60.3
1892,-483.27,6.6356,4.64,38.2,59.7
1893,-479.02,3.4434,4.6,38.9,59.4
1894,-468.71,4.1383,4.41,39.3,61.1
1895,-475.64,4.0769,4.35,35.8,61.1
1896,-467.15,2.5896,4.57,36.4,60.4
1897,-489.01,31.0492,4.53,39.5,60.2
1898,-480.15,6.1414,4.53,38.4,59.7
1899,-481.47,6.4313,4.61,38.9,59.6
1900,-491.03,3.6283,4.6,41.7,59.4
1901,-479.69,8.5986,4.6,37.8,59.9
1902,-479.71,11.1262,4.93,40.7,59.9
1903,-467.73,4.899,4.65,39.2,61.7
1904,-480.42,9.9737,4.47,39.4,60.7
1905,-489.67,4.2362,4.61,37.5,60.0
1906,-467.83,36.0649,4.46,41.9,59.6
1907,-480.64,10.8338,4.41,39.4,59.9
1908,-469.36,5.2629,4.45,35.8,61.6
1909,-477.02,6.9242,4.61,41.5,60.6
1910,-477.84,2.0715,4.64,41.5,59.9
1911,-492.57,3.0051,4.71,39.0,60.4
1912,-485.43,9.9425,5.03,45.9,61.5
1913,-493.71,8.4104,4.48,36.9,60.9
1914,-464.99,9.9782,4.53,37.4,60.2
1915,-477.12,27.3685,4.48,40.3,59.9
1916,-492.67,34.23,4.55,39.2,61.5
1917,-480.39,2.9164,4.5,38.3,61.0
1918,-473.27,7.5936,5.07,46.0,60.8
1919,-465.67,6.9167,4.29,38.7,60.7
1920,-469.67,9.0702,4.32,39.5,60.3
1921,-481.52,16.382,4.99,41.7,59.9
1922,-461.49,15.8569,4.38,37.0,60.7
1923,-491.49,12.775,4.61,38.5,61.8
1924,-485.48,1.7823,4.54,37.3,60.4
1925,-470.49,10.7439,4.63,42.5,59.9
1926,-486.83,17.6487,4.47,37.4,60.5
1927,-474.84,5.3938,4.49,36.4,61.1
1928,-500.63,31.5581,4.79,40.8,60.5
1929,-490.47,11.2938,4.69,39.7,60.1
1930,-471.33,21.0226,5.04,46.3,60.0
1931,-478.72,3.146,4.49,37.7,60.0
1932,-475.57,2.1223,4.5,35.7,61.6
1933,-470.37,2.2384,4.56,40.2,60.4
1934,-471.7,5.2,4.5,39.3,60.0
1935,-495.98,43.2057,4.49,38.5,60.8
1936,-466.67,15.4412,4.85,43.0,61.9
1937,-472.41,9.2435,4.44,36.0,60.4
1938,-484.61,17.2561,4.65,38.3,60.1
1939,-466.69,1.9584,4.51,39.0,60.8
1940,-470.4,7.5172,4.7,40.8,61.5
1941,-461.56,6.9795,4.35,37.0,61.5
1942,-475.25,11.3554,4.37,40.8,60.5
1943,-481.09,17.5622,4.5,40.1,60.0
1944,-472.64,11.0146,4.42,36.0,61.8
1945,-463.61,15.9144,4.6,37.8,62.2
1946,-467.65,7.2298,4.44,38.6,60.5
1947,-463.43,13.0345,4.56,39.6,60.1
1948,-470.21,3.8113,4.55,37.5,62.0
1949,-470.27,6.1425,4.61,40.1,61.6
1950,-453.53,9.526,4.37,38.1,60.4
1951,-469.8,6.1677,4.51,38.6,60.1
1952,-474.86,7.3662,4.55,36.6,61.5
1953,-466.69,8.3329,4.59,39.4,61.3
1954,-468.19,6.8373,4.47,37.9,60.4
1955,-463.36,2.019,4.61,39.0,60.1
1956,-459.44,5.6073,4.39,37.0,62.3
1957,-472.88,16.1806,4.45,39.0,60.7
1958,-481.73,19.6914,4.56,41.0,60.2
1959,-456.85,20.2229,4.6,36.8,61.9
1960,-469.02,11.0489,4.3,37.3,61.2
1961,-459.85,3.1459,4.44,39.9,60.4
1962,-495.77,72.4707,4.57,39.9,60.1
1963,-472.1,5.9251,4.5,40.9,60.1
1964,-474.38,10.2482,4.64,38.8,61.5
1965,-470.53,6.4406,4.94,46.0,61.5
1966,-476.43,13.8787,4.42,37.7,60.4
1967,-480.93,7.6226,4.82,38.3,60.1
1968,-463.26,9.7862,4.7,39.5,60.9
1969,-459.32,10.3816,4.36,36.4,61.5
1970,-471.74,1.849,4.53,38.9,60.4
1971,-476.96,14.3724,5.13,47.2,60.2
1972,-469.09,3.582,4.58,36.8,61.0
1973,-475.08,4.0469,4.8,38.9,61.9
1974,-476.24,1.0898,4.62,40.1,61.4
1975,-474.25,10.6744,4.52,37.3,60.3
1976,-480.93,4.3686,4.92,44.6,60.1
1977,-470.94,4.471,4.45,37.4,62.0
1978,-467.26,2.0201,4.39,36.4,60.7
1979,-470.85,7.3414,4.54,40.2,60.1
1980,-469.61,2.4757,4.4,37.4,61.6
1981,-466.0,2.6708,4.39,38.5,61.0
1982,-474.35,7.3021,4.63,40.3,60.3
1983,-479.0,13.8688,4.86,44.5,60.1
1984,-483.07,22.9849,4.52,37.4,62.5
1985,-475.99,4.0597,4.99,36.3,61.2
1986,-479.99,4.3873,4.46,38.9,60.4
1987,-473.54,8.2462,4.64,38.3,60.2
1988,-474.55,4.4637,4.81,43.8,61.7
1989,-474.28,7.7925,4.38,38.6,60.8
1990,-470.73,7.4046,4.5,39.7,60.2
1991,-477.71,4.3878,4.92,40.3,60.2
1992,-467.0,10.9607,4.46,38.8,61.7
1993,-474.29,10.4949,4.48,37.9,60.6
1994,-464.37,3.3783,4.64,40.0,60.2
1995,-469.88,3.0407,4.78,44.0,61.7
1996,-476.94,9.2299,4.33,38.2,61.1
1997,-469.14,9.1018,4.47,38.9,60.4
1998,-477.46,7.4737,4.45,37.9,60.3
1999,-466.93,5.8263,4.64,38.9,62.6
2000,-477.13,17.1999,4.58,39.2,61.3
2001,-465.98,10.0918,4.47,37.7,60.6
2002,-474.28,10.2357,4.63,40.8,60.3
2003,-471.68,3.6758,4.5,39.8,62.3
2004,-467.27,3.6384,4.37,39.1,61.7
2005,-473.18,4.5268,4.39,36.4,60.6
2006,-462.7,5.351,4.49,40.0,60.4
2007,-460.75,6.1219,4.46,40.4,62.1
2008,-460.54,6.733,4.33,37.6,61.3
2009,-491.07,74.9158,4.47,39.9,60.5
2010,-470.97,3.845,5.2,47.4,60.3
2011,-462.89,21.973,4.59,37.6,60.4
2012,-480.03,4.3146,4.41,34.6,61.5
2013,-474.04,2.6702,4.43,40.2,60.6
2014,-458.52,10.1587,4.6,39.5,60.4
2015,-474.13,13.2911,4.6,39.9,60.3
2016,-474.76,19.0437,4.61,38.6,61.8
2017,-479.57,5.3079,4.43,40.2,60.9
2018,-471.08,18.4517,4.42,37.7,60.4
2019,-485.28,3.6217,4.75,38.6,60.2
2020,-462.76,17.5221,4.47,38.7,62.1
2021,-466.62,6.9049,4.48,39.6,60.7
2022,-477.18,16.0379,4.51,38.5,60.4
2023,-477.77,6.3334,4.57,40.5,60.9
2024,-463.66,17.6832,4.35,36.2,61.7
2025,-464.25,7.1969,4.56,37.6,60.9
2026,-504.52,50.8808,4.58,40.1,60.3
2027,-473.78,23.647,4.93,41.3,61.3
2028,-472.62,6.1214,4.53,39.9,61.9
2029,-467.87,23.3537,4.28,40.6,60.6
2030,-475.98,7.4574,4.37,37.4,60.3
2031,-462.46,1.3596,4.4,37.2,61.9
2032,-467.59,3.7375,4.51,38.1,61.2
2033,-489.38,20.0376,4.49,39.7,60.5
2034,-481.69,5.4536,4.62,39.9,60.3
2035,-480.36,10.6211,4.94,42.3,61.1
2036,-483.74,1.75,4.35,36.9,61.6
2037,-483.58,5.5144,4.43,37.3,60.6
2038,-485.29,2.8224,4.62,40.5,60.4
2039,-465.9,18.1374,4.51,39.7,62.0
2040,-478.05,7.6165,4.52,36.4,61.0
2041,-482.33,7.5863,4.54,40.1,60.3
2042,-486.16,14.8439,4.43,37.1,60.0
2043,-482.99,3.5856,4.48,36.6,59.9
2044,-476.82,5.3208,4.72,39.6,60.0
2045,-484.04,7.163,4.54,38.3,61.4
2046,-458.55,23.7633,4.55,40.1,61.5
2047,-478.69,6.6566,4.4,39.4,60.8
2048,-471.88,1.7748,4.29,37.2,60.3
2049,-487.71,9.2523,4.49,36.5,60.1
2050,-472.5,7.3815,4.54,38.9,60.0
2051,-466.18,9.4163,4.66,39.1,61.9
2052,-461.9,10.369,4.59,39.0,61.8
2053,-468.75,4.6342,4.4,37.2,60.7
2054,-475.75,3.281,4.88,45.2,61.5
2055,-486.12,15.3538,4.31,37.5,60.8
2056,-465.35,17.0216,4.49,38.0,60.5
2057,-481.42,17.8883,4.53,37.6,61.4
2058,-470.66,1.8483,4.33,38.4,62.0
2059,-475.43,52.2479,4.46,39.5,60.7
2060,-466.15,7.433,4.56,39.4,60.5
2061,-463.76,11.1766,4.37,38.8,60.5
2062,-469.37,7.7373,4.79,43.4,62.2
2063,-455.76,17.2826,4.28,36.9,61.2
2064,-473.3,3.1755,4.65,37.3,60.6
2065,-458.76,6.4253,4.6,38.9,60.5
2066,-477.65,13.5717,4.69,39.2,62.4
2067,-471.39,5.9884,4.57,38.3,60.9
2068,-467.31,2.8431,4.6,40.3,60.5
2069,-464.89,2.833,5.25,49.6,60.5
2070,-457.76,3.2392,4.38,37.9,60.5
2071,-467.49,8.0552,4.44,37.1,62.5
2072,-459.3,11.4308,4.41,36.8,61.9
2073,-474.25,2.1281,4.52,40.5,61.5
2074,-474.82,7.8269,4.46,40.7,61.0
2075,-475.66,2.3922,4.49,41.7,60.5
2076,-463.68,5.2926,4.41,37.0,61.3
2077,-454.3,4.1884,4.69,44.1,62.0
2078,-471.32,15.8069,4.37,38.5,61.5
2079,-464.6,8.8323,4.56,38.6,60.6
2080,-485.29,14.8257,4.58,40.0,60.5
2081,-454.16,41.0464,4.55,38.6,62.5
2082,-464.92,19.8945,4.47,37.6,61.0
2083,-459.66,11.6113,4.5,40.5,60.5
2084,-463.02,5.5666,4.63,40.0,61.4
2085,-474.01,17.4322,4.44,40.3,62.0
2086,-470.51,9.0453,4.49,36.2,61.4
2087,-478.72,3.2244,4.42,38.0,60.6
2088,-470.29,22.0581,4.57,38.4,61.4
2089,-470.41,11.2943,4.7,42.0,61.0
2090,-487.23,15.7802,4.65,38.2,61.8
2091,-461.7,2.6977,4.48,40.5,60.8
2092,-456.65,6.0257,4.4,40.3,60.6
2093,-475.38,58.0916,4.66,39.1,60.6
2094,-486.26,42.77,4.48,38.4,62.6
2095,-484.39,9.87,4.52,38.5,61.3
2096,-483.64,16.7565,4.54,39.5,60.7
2097,-500.58,6.6972,4.82,39.5,60.6
2098,-496.46,3.3844,4.55,40.1,62.8
2099,-490.29,6.9994,4.57,36.7,61.3
2100,-505.01,17.9453,4.38,37.7,60.7
2101,-497.06,4.6413,4.58,38.6,61.4
2102,-479.36,17.4137,4.59,40.4,62.1
2103,-485.65,6.4812,4.58,38.0,61.0
2104,-501.32,11.5246,4.93,44.5,60.7
2105,-501.79,8.3885,4.54,36.0,61.3
2106,-488.78,7.4224,4.55,37.8,62.1
2107,-481.16,9.5827,4.53,40.0,60.9
2108,-465.08,7.5609,4.51,40.5,60.6
2109,-484.47,13.9855,4.57,38.0,62.1
2110,-490.62,33.699,4.81,43.3,62.0
2111,-499.97,13.0902,4.33,37.5,60.9
2112,-494.95,4.5999,4.65,38.6,60.7
2113,-500.76,6.2855,4.58,39.3,62.3
2114,-494.22,7.7329,4.61,39.7,61.9
2115,-478.35,10.8119,4.62,38.9,61.0
2116,-478.52,2.2659,4.83,41.1,60.6
2117,-492.37,14.5186,4.61,39.3,61.1
2118,-483.76,5.8808,4.52,36.8,62.5
2119,-489.04,1.8999,4.67,38.1,61.4
2120,-473.72,17.7194,4.52,39.5,60.7
2121,-503.67,18.6303,4.56,37.8,61.7
2122,-479.91,5.1995,4.5,36.9,62.2
2123,-476.88,1.5477,4.36,40.4,60.9
2124,-478.82,0.9684,4.44,40.0,60.6
2125,-471.7,2.5416,4.54,35.2,62.8
2126,-490.25,23.6774,4.65,40.6,61.3
2127,-472.02,3.5199,4.71,40.0,60.8
2128,-486.71,8.3129,4.59,39.2,60.7
2129,-470.54,6.9113,4.37,36.5,62.5
2130,-494.25,15.7127,4.57,41.2,61.2
2131,-482.85,2.4792,4.74,39.6,60.7
2132,-475.6,2.7531,4.55,38.0,60.8
2133,-499.72,16.494,4.65,39.0,62.1
2134,-483.09,7.8796,4.73,39.1,61.2
2135,-472.03,7.5685,4.66,39.9,60.7
2136,-477.28,3.3972,4.54,37.9,61.6
2137,-470.67,9.9778,4.6,36.4,61.9
2138,-475.94,17.6156,4.46,40.2,61.0
2139,-458.2,10.3497,4.51,41.1,60.6
2140,-478.33,7.0178,4.65,38.6,62.5
2141,-465.64,5.6293,4.49,37.1,61.9
2142,-477.84,5.3556,4.49,42.1,61.0
2143,-478.59,9.5763,4.51,38.5,60.6
2144,-470.64,4.8502,4.46,36.7,62.2
2145,-489.91,6.7409,4.51,38.1,61.3
2146,-468.18,11.0545,4.52,39.7,60.8
2147,-460.04,2.9638,4.61,38.6,60.8
2148,-473.3,12.0187,5.01,43.0,62.3
2149,-464.88,1.9316,4.36,37.6,61.3
2150,-468.66,13.5346,4.54,36.9,60.9
2151,-458.64,8.4891,4.67,39.5,60.7
2152,-467.54,1.3541,4.62,38.1,62.5
2153,-472.08,13.6814,4.34,38.3,61.4
2154,-488.98,20.6783,4.56,42.0,60.8
2155,-470.35,3.1204,4.34,37.2,61.4
2156,-478.17,6.2358,4.55,36.3,62.7
2157,-464.71,10.9599,4.48,38.6,61.3
2158,-465.43,6.7349,4.57,41.6,60.8
2159,-475.14,33.6226,4.6,38.6,61.7
2160,-470.83,13.9481,4.48,37.4,62.2
2161,-470.48,15.9186,4.49,41.6,61.2
2162,-476.83,3.1506,4.39,39.8,60.7
2163,-477.31,2.9947,4.81,39.8,60.8
2164,-491.46,14.3884,4.55,38.9,62.4
2165,-493.24,19.0763,4.45,36.4,61.5
2166,-475.6,19.1301,4.63,39.7,60.9
2167,-474.89,9.1887,4.93,43.4,60.8
2168,-474.58,8.3567,4.67,44.4,63.1
2169,-466.82,4.6489,4.4,36.3,61.6
2170,-478.48,14.5714,4.41,37.8,60.8
2171,-471.16,2.297,4.59,37.1,61.6
2172,-483.77,22.1088,4.47,38.6,62.3
2173,-470.88,2.1298,4.4,37.4,61.1
2174,-465.38,3.9312,4.58,39.6,60.8
2175,-481.81,24.3617,4.54,39.9,62.6
2176,-476.08,16.9976,4.42,40.4,61.5
2177,-474.43,7.3355,4.48,37.5,60.8
2178,-491.56,8.4568,4.79,38.5,60.8
2179,-470.27,4.5694,4.55,38.6,62.4
2180,-473.58,4.3949,4.67,39.9,61.4
2181,-482.0,5.878,4.86,44.6,60.9
2182,-461.26,13.8511,4.53,37.7,60.8
2183,-475.25,3.6979,4.38,34.9,62.2
2184,-480.38,4.5742,4.55,39.7,61.2
2185,-477.51,3.4256,4.51,38.9,60.8
2186,-480.13,2.2518,4.56,38.7,62.8
2187,-482.41,7.1071,4.51,38.0,61.2
2188,-465.83,15.9252,4.53,41.6,60.5
2189,-475.47,2.1175,4.51,37.7,60.3
2190,-471.82,2.0107,4.45,35.0,62.4
2191,-478.87,7.4578,4.54,38.4,61.9
2192,-471.55,2.6665,4.45,37.0,60.9
2193,-489.93,20.4329,4.63,40.2,60.7
2194,-470.6,8.6059,4.37,38.5,60.5
2195,-469.53,3.7216,4.66,44.0,60.4
2196,-474.67,4.773,4.41,36.7,60.9
2197,-480.71,11.6093,4.62,38.0,62.1
2198,-468.72,3.3675,4.32,36.2,61.9
2199,-472.35,9.3995,4.51,38.8,61.1
2200,-482.43,14.7854,4.68,37.7,60.8
2201,-484.92,13.2276,4.55,41.2,60.6
2202,-461.1,24.5627,4.72,39.5,60.5
2203,-493.71,10.0337,4.54,37.8,61.3
2204,-475.1,8.4923,4.38,38.6,62.4
2205,-484.58,10.7134,4.35,38.0,62.4
2206,-486.71,3.8006,4.44,38.4,61.7
2207,-470.79,15.1917,4.54,40.0,61.1
2208,-475.95,2.9241,4.51,38.5,61.0
2209,-478.24,22.7097,4.71,42.1,62.8
2210,-501.48,34.2401,4.45,35.8,61.6
2211,-468.52,15.2441,4.52,37.7,61.0
2212,-474.23,4.1553,4.62,38.4,62.9
2213,-485.49,17.0081,4.54,40.9,63.1
2214,-476.38,1.8428,4.6,38.1,61.5
2215,-477.98,4.7614,4.67,41.2,61.1
2216,-462.06,18.2179,4.47,39.7,61.0
2217,-480.77,10.0937,4.59,38.2,63.3
2218,-471.64,3.7723,4.37,36.1,61.8
2219,-467.97,12.8068,4.42,40.9,61.6
2220,-475.46,1.8797,4.48,40.3,61.0
2221,-463.84,8.7261,4.51,37.2,61.0
2222,-497.63,26.5361,4.59,37.1,62.4
2223,-463.7,4.2615,4.39,37.8,61.5
2224,-485.97,23.9291,4.55,41.2,61.0
2225,-475.99,7.806,4.38,37.2,61.5
2226,-481.1,2.2668,4.6,37.3,62.4
2227,-476.81,23.4424,4.54,40.0,61.4
2228,-472.84,7.2548,4.54,39.0,61.0
2229,-466.09,3.2725,4.56,38.6,61.0
2230,-479.55,17.3638,4.49,39.4,62.6
2231,-469.56,6.0062,4.7,40.4,61.4
2232,-476.7,5.6383,4.42,40.0,61.0
2233,-468.51,11.4461,4.55,36.6,62.5
2234,-470.36,7.8585,4.42,36.3,62.1
2235,-469.87,2.5377,4.57,39.9,61.2
2236,-471.24,4.7441,4.67,40.5,61.0
2237,-478.73,11.9754,4.42,36.3,62.7
2238,-465.03,14.6897,4.43,38.9,61.4
2239,-475.55,1.4613,4.55,39.9,61.0
2240,-473.53,2.9816,4.59,40.8,61.6
2241,-465.13,7.8184,4.46,36.3,62.6
2242,-473.92,12.2943,4.48,36.1,61.4
2243,-487.11,26.1247,4.63,40.0,60.9
2244,-468.42,4.0774,4.54,39.0,61.1
2245,-479.5,17.1467,4.51,37.0,62.5
2246,-455.86,12.5104,4.44,38.1,61.4
2247,-457.13,8.3507,4.94,44.6,61.0
2248,-461.46,3.9998,4.51,39.7,62.4
2249,-470.13,3.7146,4.2,38.0,62.5
2250,-459.76,8.5037,4.49,37.3,61.3
2251,-466.69,3.8045,4.58,38.8,61.0
2252,-482.01,22.6257,4.55,38.3,62.9
2253,-465.54,1.6738,4.44,37.1,61.8
2254,-467.51,2.8825,4.34,39.0,61.4
2255,-469.65,2.1887,4.55,39.9,61.1
2256,-465.21,2.5771,4.64,41.3,62.6
2257,-473.93,5.5899,4.29,38.3,61.7
2258,-471.51,2.6754,4.59,39.0,61.2
2259,-481.72,2.6351,4.96,39.1,61.1
2260,-496.37,27.5202,4.47,37.6,62.6
2261,-477.82,4.1464,4.35,36.6,61.5
2262,-471.42,6.6326,4.59,39.9,61.2
2263,-487.68,13.7596,4.35,39.3,61.4
2264,-482.28,8.9306,4.38,36.9,62.7
2265,-491.31,11.0686,4.52,36.4,62.0
2266,-461.67,51.6411,4.53,42.2,61.8
2267,-466.61,17.1542,4.48,39.0,61.2
2268,-475.79,7.025,4.47,39.0,61.7
2269,-494.6,27.0326,4.59,39.3,62.4
2270,-482.98,16.2964,4.56,37.4,61.4
2271,-467.35,18.5312,4.66,39.8,61.3
2272,-471.03,8.5511,4.42,37.8,63.2
2273,-472.29,2.3383,4.33,35.8,61.5
2274,-479.13,22.2653,4.6,37.7,61.3
2275,-481.58,12.5591,4.81,40.3,62.7
2276,-484.07,11.1401,4.46,38.3,62.1
2277,-483.37,6.8762,4.58,40.1,61.3
2278,-476.23,18.6921,4.96,42.5,61.2
2279,-470.27,13.4251,4.48,37.8,63.0
2280,-473.48,9.7728,4.37,37.6,61.9
2281,-482.71,22.3124,4.53,37.2,61.3
2282,-474.09,5.7445,4.47,38.0,62.7
2283,-476.03,3.4949,4.51,37.7,62.1
2284,-473.75,2.81,4.51,39.1,61.3
2285,-479.43,4.5324,4.51,38.8,61.2
2286,-481.27,3.0283,4.6,42.3,62.7
2287,-461.84,16.3756,4.32,39.2,61.4
2288,-472.86,4.6792,4.55,39.9,61.1
2289,-484.54,26.8451,4.59,36.8,62.9
2290,-470.35,3.2561,4.61,40.1,62.7
2291,-485.55,4.2908,4.61,39.1,62.1
2292,-474.3,19.8779,4.44,39.5,61.8
2293,-487.97,1.7571,4.46,38.8,61.2
2294,-465.33,8.5271,5.08,47.0,61.1
2295,-467.55,2.3763,4.3,35.7,62.8
2296,-490.13,22.9013,4.52,38.0,62.3
2297,-471.98,4.5489,4.23,38.5,61.3
2298,-477.47,3.3758,4.72,40.8,61.2
2299,-470.5,8.674,4.38,38.9,63.0
2300,-470.18,2.195,4.56,40.3,61.8
2301,-476.66,13.8285,4.43,40.2,61.3
2302,-488.43,42.8757,4.66,40.5,61.2
2303,-470.73,2.9418,4.49,41.2,63.0
2304,-465.33,3.69,4.34,37.7,61.6
2305,-488.32,34.6609,4.44,39.1,61.1
2306,-470.02,3.7586,4.58,40.3,63.0
2307,-481.31,5.3744,4.48,38.0,62.6
2308,-476.61,8.2391,4.55,39.6,61.4
2309,-483.46,2.6302,4.53,38.9,61.2
2310,-472.78,2.2149,4.5,41.1,63.5
2311,-467.2,2.212,4.42,36.8,61.9
2312,-472.46,5.1856,4.5,36.9,61.3
2313,-486.86,8.7084,4.55,40.8,61.3
2314,-468.55,10.3765,4.42,37.7,63.1
2315,-492.63,6.516,4.51,38.3,61.9
2316,-473.93,5.8727,4.82,42.3,61.4
2317,-484.52,5.5641,4.54,39.1,61.3
2318,-475.09,26.1141,4.57,36.3,63.1
2319,-471.29,3.7616,4.49,38.6,61.9
2320,-487.02,7.6835,4.59,39.0,61.4
2321,-489.35,7.8191,4.81,43.0,61.3
2322,-483.53,5.5306,4.46,37.6,63.1
2323,-473.93,9.6098,4.41,36.2,61.7
2324,-465.44,11.7064,4.55,40.0,61.3
2325,-470.15,10.0965,4.61,39.9,62.0
2326,-483.49,38.4578,4.66,40.4,63.0
2327,-488.14,41.9347,4.71,41.8,62.0
2328,-470.6,5.3465,4.35,38.9,61.4
2329,-475.2,4.9028,4.53,36.6,61.4
2330,-459.43,8.7157,4.61,38.1,62.8
2331,-479.53,11.9488,4.4,39.5,61.6
2332,-478.38,9.6305,4.59,40.1,61.4
2333,-481.05,8.0891,4.57,38.3,62.9
2334,-458.37,28.4724,4.43,40.3,62.1
2335,-467.3,13.7412,4.25,38.3,61.5
2336,-488.28,17.5772,4.46,37.8,61.4
2337,-458.26,16.4389,4.62,37.6,62.4
2338,-475.4,4.1552,4.42,36.5,61.4
2339,-475.17,2.3176,4.45,38.2,60.9
2340,-479.1,3.2607,4.59,37.5,60.8
2341,-477.51,4.3727,4.96,43.8,62.5
2342,-480.77,5.3518,4.54,38.5,62.8
2343,-460.2,5.2404,4.36,36.2,62.3
2344,-465.44,17.6274,4.57,38.8,61.4
2345,-476.43,34.1853,4.49,38.4,61.2
2346,-474.34,6.3024,4.52,39.2,61.0
2347,-467.64,15.268,4.77,41.4,60.9
2348,-465.27,11.89,4.37,38.8,61.7
2349,-472.18,1.6184,4.61,36.1,63.1
2350,-474.03,1.4933,4.43,38.0,62.1
2351,-469.84,4.0443,4.42,38.3,61.3
2352,-465.0,3.5183,4.62,38.7,61.1
2353,-462.51,4.7541,4.49,37.2,61.4
2354,-470.8,5.0973,4.58,43.4,61.4
2355,-474.02,11.3584,4.47,36.8,62.9
2356,-475.16,2.3679,4.47,37.7,61.8
2357,-496.76,16.3628,4.66,40.8,61.4
2358,-474.35,5.6949,4.59,37.9,61.5
2359,-469.73,3.8892,4.46,37.6,63.2
2360,-470.87,2.826,4.85,44.6,62.1
2361,-470.84,19.2213,4.42,40.2,61.5
2362,-474.95,8.7847,4.52,37.7,62.0
2363,-470.46,13.9726,4.47,38.2,63.7
2364,-480.14,15.3405,4.53,40.3,63.3
2365,-467.5,11.6396,4.51,38.6,62.1
2366,-475.93,14.8034,4.71,40.8,61.6
2367,-493.33,20.5963,5.16,44.5,61.5
2368,-462.35,12.7732,4.42,39.9,61.5
2369,-477.43,10.8019,4.48,39.4,61.5
2370,-493.56,26.6528,4.64,37.6,63.3
2371,-477.4,18.1585,4.6,39.1,62.2
2372,-487.29,22.8027,4.7,39.5,61.6
2373,-487.3,12.9998,4.5,39.5,61.5
2374,-471.13,18.892,4.46,38.7,63.7
2375,-476.09,5.8382,4.48,36.2,62.9
2376,-487.04,10.6553,4.64,38.3,62.2
2377,-469.19,7.3369,4.51,39.3,61.6
2378,-478.55,4.5265,4.49,37.1,62.3
2379,-496.59,13.1885,4.81,40.9,63.0
2380,-487.36,3.6766,4.27,37.2,61.8
2381,-480.29,5.0665,4.49,39.2,61.5
2382,-500.13,17.7492,4.55,37.8,63.4
2383,-485.04,3.111,4.61,39.4,62.9
2384,-479.29,6.0769,4.56,38.5,62.4
2385,-485.72,7.644,4.48,40.2,61.6
2386,-474.03,15.4856,4.67,43.2,61.5
2387,-492.74,19.7353,4.55,37.0,63.7
2388,-489.83,4.7429,4.34,37.8,62.3
2389,-487.16,7.7341,4.52,40.7,61.5
2390,-475.65,14.7117,4.69,38.5,61.5
2391,-475.0,9.3587,4.45,38.6,62.9
2392,-481.56,10.2493,4.78,42.1,62.3
2393,-487.77,13.7027,4.48,40.4,61.6
2394,-468.34,13.0648,4.42,36.4,61.5
2395,-476.11,16.1198,4.49,36.8,63.0
2396,-490.5,25.268,4.6,39.4,62.1
2397,-477.28,13.8324,4.69,40.8,61.5
2398,-474.19,12.2665,4.66,39.6,61.5
2399,-465.48,3.6802,4.4,40.2,63.0
2400,-477.21,21.436,4.25,36.7,62.3
2401,-489.06,48.8314,4.57,36.9,61.6
2402,-463.9,10.5913,4.6,40.3,61.6
2403,-474.01,6.5344,4.5,38.2,63.1
2404,-483.16,8.913,4.46,40.2,62.8
2405,-471.94,7.5926,4.55,41.0,61.8
2406,-474.2,2.4911,4.33,39.2,61.4
2407,-473.66,1.5951,4.54,36.6,62.9
2408,-484.21,30.2575,4.46,36.8,62.1
2409,-464.06,3.4549,4.36,39.2,61.6
2410,-460.23,3.3066,4.65,38.8,62.2
2411,-469.03,10.4967,4.4,35.8,62.4
2412,-477.56,8.7357,4.52,42.5,61.7
2413,-472.9,2.8823,4.55,37.8,61.6
2414,-458.1,25.8765,4.45,36.6,63.3
2415,-485.18,13.4954,4.65,37.9,61.9
2416,-468.46,4.7362,4.5,41.0,61.6
2417,-483.93,9.0329,4.51,36.4,63.9
2418,-470.46,5.8201,5.43,49.3,63.1
2419,-469.71,10.7846,4.25,36.3,61.9
2420,-475.11,1.993,4.41,36.8,61.6
2421,-480.24,9.0684,4.64,38.7,63.4
2422,-464.93,1.2882,4.34,36.2,62.3
2423,-473.04,17.0074,4.6,40.7,61.7
2424,-479.85,11.2838,4.65,38.0,61.6
2425,-479.51,12.7239,4.64,42.3,63.6
2426,-474.84,8.1079,4.35,36.3,62.1
2427,-468.81,8.8287,4.55,39.6,61.6
2428,-472.1,4.3429,4.66,37.5,63.5
2429,-482.0,14.6489,4.54,38.9,62.7
2430,-481.81,3.6381,4.66,39.9,61.9
2431,-480.5,8.5341,4.76,41.6,61.7
2432,-477.94,2.5611,4.38,38.1,63.2
2433,-471.95,5.6116,4.32,35.1,62.2
2434,-462.93,7.7432,4.5,37.5,61.7
2435,-480.02,15.3636,4.67,39.8,61.5
2436,-473.24,2.7952,4.56,37.5,63.0
2437,-463.77,19.4528,4.38,38.4,62.5
2438,-468.17,2.9378,4.43,40.2,61.8
2439,-471.88,4.8301,4.48,38.1,61.6
2440,-468.41,1.5243,4.37,35.5,63.7
2441,-472.59,4.892,4.75,39.9,63.0
2442,-481.94,10.4797,4.57,39.3,61.9
2443,-474.31,2.2889,4.89,41.7,61.6
2444,-472.96,1.6985,4.91,43.3,61.6
2445,-475.84,3.8618,4.35,36.6,63.3
2446,-459.12,5.7176,4.36,36.5,61.9
2447,-469.44,7.0141,4.68,39.4,61.6
2448,-478.4,17.6976,4.67,38.9,63.4
2449,-487.13,26.1441,4.64,38.0,62.7
2450,-474.27,4.8379,4.62,45.3,61.9
2451,-476.8,5.3284,4.46,38.1,61.6
2452,-464.05,9.0369,4.39,36.3,63.2
2453,-470.55,4.7073,4.47,37.2,62.7
2454,-468.85,4.4958,4.44,39.7,62.0
2455,-482.78,4.413,4.52,40.4,61.7
2456,-474.21,8.6329,4.56,37.9,63.5
2457,-469.48,11.5068,4.78,42.9,62.6
2458,-477.61,1.8981,4.45,37.9,61.8
2459,-475.14,2.255,4.47,36.0,61.7
2460,-455.92,17.4571,4.56,39.3,63.2
2461,-479.32,15.6684,4.46,37.7,63.0
2462,-466.31,7.7987,4.48,39.8,62.0
2463,-477.98,32.6998,4.5,40.4,61.7
2464,-473.91,10.7268,4.53,37.7,63.1
2465,-468.75,6.3716,4.35,36.1,62.6
2466,-469.84,11.2138,4.46,39.8,61.8
2467,-461.48,10.0541,4.55,38.9,61.7
2468,-464.79,7.4547,4.52,39.0,63.5
2469,-466.55,5.0744,4.41,38.6,62.0
2470,-462.67,1.9557,4.47,40.3,61.7
2471,-474.95,5.6199,4.52,36.7,63.6
2472,-465.31,5.2478,4.41,37.0,63.0
2473,-451.04,6.9273,4.33,37.7,61.9
2474,-463.98,5.1758,4.43,39.5,61.7
2475,-459.75,7.4968,4.51,39.2,63.7
2476,-467.81,2.8193,4.49,38.6,62.4
2477,-472.2,3.3948,4.34,41.5,61.7
2478,-468.36,2.9675,4.46,37.2,62.6
2479,-462.14,6.3046,4.52,37.1,63.2
2480,-463.32,5.6804,4.54,38.7,62.1
2481,-477.69,16.4161,4.53,39.9,61.7
2482,-465.65,3.9587,4.43,37.0,63.3
2483,-467.3,10.2474,4.74,41.1,62.5
2484,-476.84,2.5923,4.3,39.0,61.8
2485,-469.93,2.8157,4.48,38.3,62.6
2486,-472.44,1.0972,4.46,34.8,62.6
2487,-458.59,4.0947,4.67,40.9,63.1
2488,-477.51,17.982,4.6,37.9,62.0
2489,-463.75,4.0847,4.54,38.8,61.6
2490,-466.84,4.6785,4.85,41.9,61.5
2491,-495.6,43.9452,4.51,39.4,61.3
2492,-464.56,12.6064,4.4,36.4,61.9
2493,-462.61,23.828,4.64,39.8,62.1
2494,-471.17,7.5135,4.5,38.7,62.1
2495,-479.73,10.9363,4.57,37.9,62.8
2496,-464.01,1.5218,4.53,36.0,63.2
2497,-477.49,9.883,4.92,43.2,62.8
2498,-466.11,11.4215,4.35,36.3,62.0
2499,-471.96,2.8829,4.55,36.4,61.6
2500,-464.78,3.0719,4.69,41.1,61.4
2501,-470.54,1.2186,4.7,40.0,61.9
2502,-473.79,8.2416,4.37,38.9,64.1
2503,-459.02,8.3882,4.65,40.3,62.9
2504,-468.7,2.7294,4.46,39.1,62.1
2505,-453.73,7.4948,4.55,37.6,61.9
2506,-463.95,5.9098,4.73,41.4,61.9
2507,-472.56,11.6004,4.45,36.6,63.4
2508,-478.58,4.5678,4.84,42.9,63.2
2509,-474.3,8.5407,4.55,38.6,62.2
2510,-465.42,16.0692,4.42,43.2,61.9
2511,-456.77,15.7138,4.61,37.6,62.7
2512,-455.26,9.4136,4.46,38.1,63.4
2513,-474.48,38.7541,4.35,37.9,62.2
2514,-468.57,15.6798,4.39,40.4,61.8
2515,-467.05,7.2936,4.58,37.1,63.3
2516,-471.93,3.3107,4.36,36.9,62.7
2517,-459.8,17.7081,4.47,41.1,62.1
2518,-474.78,4.5765,4.44,39.1,61.8
2519,-473.19,4.7402,4.38,37.2,64.0
2520,-464.67,7.0309,4.55,36.9,62.4
2521,-466.26,5.7946,4.53,39.9,61.8
2522,-463.72,5.8906,4.52,39.5,63.6
2523,-471.05,5.7687,4.39,37.8,63.0
2524,-473.38,2.4371,4.54,40.2,62.2
2525,-467.62,6.4135,4.37,41.0,61.8
2526,-458.14,9.0826,4.44,37.2,64.2
2527,-476.86,32.0823,4.46,37.5,63.5
2528,-476.14,40.3686,4.62,38.3,62.4
2529,-472.76,10.1932,4.46,39.6,61.9
2530,-467.69,6.5979,4.49,38.4,62.4
2531,-465.05,6.5384,4.95,44.4,63.4
2532,-460.48,2.7307,4.36,38.4,62.2
2533,-450.05,6.5498,4.62,38.4,61.8
2534,-471.8,26.4544,4.85,38.5,61.9
2535,-470.39,10.5694,4.74,39.5,63.7
2536,-464.19,13.5692,4.54,38.7,62.6
2537,-468.5,4.3908,4.41,39.6,62.0
2538,-483.61,8.3456,4.78,43.6,62.7
2539,-467.05,5.3341,4.38,37.9,63.3
2540,-467.48,7.814,4.37,36.6,62.2
2541,-458.67,8.4809,4.3,38.3,61.9
2542,-473.38,16.6453,4.67,39.1,61.9
2543,-469.32,12.3819,4.54,38.8,63.7
2544,-472.32,6.783,4.51,38.2,62.5
2545,-478.92,1.9487,4.89,44.0,62.0
2546,-467.33,9.9927,4.45,40.4,62.0
2547,-467.37,5.1823,4.38,34.8,63.9
2548,-477.58,14.175,4.56,41.0,62.7
2549,-467.62,6.9454,4.48,39.9,62.0
2550,-472.69,5.7287,4.52,39.2,62.9
2551,-476.19,3.7405,4.4,36.1,62.9
2552,-488.31,10.893,4.73,42.6,62.4
2553,-490.81,5.2843,4.57,38.8,62.0
2554,-473.88,18.6089,4.56,36.4,63.9
2555,-495.33,2.8475,4.68,38.4,63.3
2556,-487.87,22.8897,4.78,39.3,62.4
2557,-491.07,8.7453,4.72,40.0,62.0
2558,-506.58,31.5104,4.89,42.7,62.0
2559,-491.48,5.5996,4.45,38.5,63.9
2560,-500.35,6.9771,4.54,36.2,63.5
2561,-494.92,19.8652,4.74,38.9,62.6
2562,-480.35,12.1111,4.61,41.5,62.1
2563,-481.5,5.8445,4.81,39.8,63.0
2564,-480.95,10.5812,4.91,42.0,63.5
2565,-485.2,7.6654,4.57,39.0,62.4
2566,-499.6,9.6343,4.6,37.8,62.1
2567,-491.49,3.987,4.65,39.2,62.1
2568,-490.99,4.1864,4.7,38.7,64.3
2569,-484.12,2.4922,4.44,36.3,62.4
2570,-477.35,8.4814,4.67,42.2,62.1
2571,-481.74,7.9229,4.59,39.4,62.4
2572,-471.5,5.1236,4.52,37.9,63.9
2573,-481.47,3.3637,4.61,37.4,63.1
2574,-490.07,3.6129,4.58,40.3,62.3
2575,-487.95,2.5256,4.83,40.1,62.0
2576,-491.95,3.9042,4.72,40.0,63.5
2577,-494.09,6.1973,4.43,38.7,62.9
2578,-475.22,13.5232,4.7,38.1,62.1
2579,-484.69,2.4638,4.74,39.5,62.1
2580,-474.97,9.2674,4.58,39.3,62.9
2581,-480.92,3.9258,4.7,38.1,63.7
2582,-491.66,10.7316,4.75,40.8,62.6
2583,-473.94,4.1369,4.5,39.4,62.0
2584,-496.68,6.2254,4.56,35.9,63.0
2585,-478.48,8.0549,4.64,38.9,63.5
2586,-477.2,5.6598,4.49,39.3,62.7
2587,-476.19,3.1707,4.55,38.4,62.0
2588,-463.79,4.637,4.84,43.2,62.0
2589,-478.14,6.7691,4.52,38.1,63.5
2590,-482.77,6.6573,4.48,37.0,62.9
2591,-481.18,3.376,4.53,40.0,62.2
2592,-469.31,11.2397,4.61,40.2,62.1
2593,-464.69,13.6135,4.47,38.3,64.3
2594,-467.35,3.259,4.92,43.8,62.8
2595,-488.94,36.8124,4.32,39.1,62.1
2596,-481.96,13.426,4.54,35.9,62.9
2597,-466.39,4.6848,4.69,40.8,63.8
2598,-485.69,5.0244,4.73,41.1,63.5
2599,-466.09,8.9158,4.52,37.9,62.3
2600,-484.51,4.2772,4.93,44.2,62.0
2601,-482.39,1.6725,4.52,38.7,63.3
2602,-481.42,3.4955,4.44,35.0,63.3
2603,-482.88,5.6783,4.61,39.2,62.4
2604,-480.27,1.8413,4.52,39.2,62.1
2605,-471.3,5.244,4.8,40.4,64.0
2606,-460.29,11.9907,5.11,44.8,63.7
2607,-481.2,15.8367,4.46,37.8,62.6
2608,-472.56,7.6561,4.5,38.8,62.0
2609,-466.15,3.8463,4.8,40.3,62.1
2610,-468.04,0.8454,4.55,37.8,63.7
2611,-467.16,3.3163,4.71,40.5,62.5
2612,-474.42,8.4297,4.43,39.4,62.1
2613,-452.98,11.8655,4.7,41.8,63.5
2614,-470.06,9.7144,4.41,37.6,62.8
2615,-470.95,4.313,4.46,37.1,62.1
2616,-468.92,2.7143,4.68,38.9,62.1
2617,-458.83,5.91,4.59,36.9,64.1
2618,-464.83,3.7039,4.45,35.8,62.5
2619,-468.01,8.1759,4.68,40.8,62.2
2620,-482.38,8.0105,4.82,43.9,62.9
2621,-455.62,18.4496,4.39,38.2,63.5
2622,-458.62,15.8827,4.42,35.5,62.8
2623,-464.38,3.3023,4.6,38.1,62.3
2624,-473.77,11.4515,4.7,37.7,62.1
2625,-457.98,2.6871,4.64,38.8,63.9
2626,-471.37,3.6101,4.41,37.0,62.5
2627,-460.53,7.2263,4.71,41.4,62.2
2628,-458.58,3.2432,4.56,36.8,63.9
2629,-469.7,9.9827,4.79,38.5,63.6
2630,-481.85,16.2822,4.5,37.8,62.5
2631,-477.35,2.1227,4.76,39.6,62.2
2632,-478.23,14.5811,4.49,38.7,62.9
2633,-464.21,9.0509,5.07,44.5,63.2
2634,-474.17,2.2199,4.43,37.5,62.1
2635,-473.5,2.5818,4.71,37.1,61.8
2636,-461.16,2.8013,4.6,38.7,62.3
2637,-474.75,11.6281,4.6,38.1,63.9
2638,-469.41,2.4693,4.58,38.2,63.3
2639,-468.83,1.7607,4.58,38.7,62.4
2640,-474.12,2.5713,4.7,40.7,62.1
2641,-470.28,7.6851,4.36,39.6,61.9
2642,-467.58,3.0061,4.28,37.7,61.6
2643,-483.25,23.6281,4.64,35.8,61.6
2644,-482.84,23.538,4.67,38.3,63.2
2645,-472.46,1.7541,4.67,39.2,61.7
2646,-480.82,1.9615,4.99,42.3,62.4
2647,-457.69,9.9514,4.43,37.3,63.2
2648,-488.88,22.7229,4.34,37.5,62.8
2649,-470.75,1.6152,4.58,38.5,63.1
2650,-471.8,5.5998,4.62,39.4,62.4
2651,-460.4,14.2027,4.64,37.6,62.4
2652,-470.77,2.7922,4.61,41.0,63.2
2653,-477.13,3.3576,4.83,41.7,63.9
2654,-464.34,3.344,4.32,38.8,62.7
2655,-467.7,5.845,4.57,37.9,62.1
2656,-473.93,12.8427,4.56,36.5,62.7
2657,-461.48,2.7038,4.53,38.7,63.6
2658,-487.74,13.5494,4.75,39.4,62.7
2659,-474.77,4.5225,4.51,39.9,62.3
2660,-464.91,6.7631,4.81,42.1,62.3
2661,-464.58,5.4013,5.01,44.8,63.0
2662,-491.0,21.3615,4.47,36.1,63.6
2663,-473.09,8.0899,4.55,39.8,63.2
2664,-457.67,15.3671,4.49,39.6,62.6
2665,-469.71,2.4604,4.49,39.2,62.3
2666,-487.76,16.4844,4.71,39.8,64.6
2667,-488.47,15.6131,4.68,38.0,63.2
2668,-467.44,13.3478,4.7,42.1,62.6
2669,-469.64,11.0231,4.63,40.8,62.4
2670,-462.84,5.7189,4.51,37.2,64.0
2671,-472.34,10.526,4.23,36.9,63.1
2672,-464.33,4.8091,4.75,42.0,62.9
2673,-469.95,5.5278,4.43,40.8,62.4
2674,-472.98,3.573,4.59,37.7,62.9
2675,-476.44,0.5111,4.5,38.9,63.8
2676,-458.32,6.6481,4.73,43.5,63.0
2677,-478.26,14.0325,4.35,39.9,62.4
2678,-464.04,2.744,4.33,35.7,64.0
2679,-472.57,5.5917,4.51,36.7,63.7
2680,-482.4,17.7889,4.69,39.6,62.7
2681,-482.66,11.8142,4.49,40.0,62.4
2682,-462.41,20.9045,4.58,38.9,63.0
2683,-462.89,7.5582,4.52,39.6,64.0
2684,-479.81,12.2183,4.47,39.4,63.0
2685,-470.39,11.6397,4.54,39.0,62.4
2686,-470.71,9.442,4.57,36.4,62.3
2687,-462.76,3.9096,4.81,41.5,63.3
2688,-489.65,42.8128,4.75,39.7,64.0
2689,-485.67,16.6678,4.99,43.6,63.0
2690,-462.95,15.1073,4.46,38.4,63.1
2691,-482.85,6.3837,4.46,37.2,62.4
2692,-456.82,24.0972,4.5,37.6,63.8
2693,-467.14,12.1971,4.68,40.2,63.4
2694,-468.85,10.9375,4.63,39.3,62.5
2695,-483.75,35.0197,4.98,41.7,62.4
2696,-479.94,17.9118,4.44,38.4,63.9
2697,-482.07,13.1649,4.52,35.6,63.4
2698,-469.49,9.8464,4.43,37.9,62.6
2699,-463.95,13.8572,4.88,41.8,62.4
2700,-479.57,5.4062,4.62,39.6,64.3
2701,-475.33,2.6317,4.49,37.2,63.1
2702,-464.92,3.4667,4.49,42.9,62.5
2703,-470.15,7.0834,4.36,36.0,63.3
2704,-472.01,3.1959,4.46,35.3,63.7
2705,-473.55,1.8335,4.55,37.8,62.6
2706,-472.96,0.8045,4.42,39.4,62.4
2707,-475.66,2.4752,4.48,38.0,63.8
2708,-466.52,9.404,4.34,37.6,63.3
2709,-466.09,7.0669,4.87,43.7,62.6
2710,-478.58,24.2844,4.41,39.9,62.4
2711,-454.59,1.7201,4.42,38.1,62.5
2712,-475.64,23.8341,4.46,36.7,64.2
2713,-472.47,3.0913,4.63,38.7,63.2
2714,-474.71,5.0572,4.49,40.7,62.5
2715,-471.17,6.2326,4.6,39.1,62.4
2716,-466.79,3.0952,4.47,38.2,64.2
2717,-474.83,5.28,4.75,40.3,63.3
2718,-456.94,3.7693,4.45,40.8,62.4
2719,-465.93,2.8438,4.55,36.9,62.4
2720,-465.05,1.2225,4.56,38.3,64.1
2721,-473.91,2.1155,4.68,45.6,54.2
2722,-471.05,7.1939,4.82,44.0,53.7
2723,-455.75,22.6143,4.72,39.4,53.6
2724,-479.49,5.3194,4.43,35.7,54.9
2725,-459.17,13.0507,4.67,43.0,54.0
2726,-474.04,3.2336,4.5,41.7,53.3
2727,-459.09,2.9276,4.55,35.2,53.9
2728,-457.34,0.9645,4.3,36.2,54.7
2729,-485.71,50.1229,4.5,39.1,53.7
2730,-456.95,2.5713,4.59,40.3,53.4
2731,-462.8,1.7917,4.49,37.1,55.3
2732,-455.21,3.9722,4.5,37.5,54.6
2733,-454.37,0.6477,4.5,37.9,54.1
2734,-476.92,15.4399,4.69,40.9,53.6
2735,-467.99,4.9847,4.31,37.3,53.4
2736,-464.36,2.0664,4.43,36.2,55.8
2737,-461.72,6.4999,4.32,36.9,54.1
2738,-477.35,11.1943,4.58,39.6,53.5
2739,-470.41,2.6614,4.7,40.0,54.2
2740,-461.85,2.2495,4.5,36.6,54.6
2741,-453.06,8.3494,4.34,36.5,53.7
2742,-472.39,13.8217,4.78,43.7,53.5
2743,-483.88,21.8114,4.48,35.8,54.2
2744,-464.51,6.0808,4.6,35.7,54.9
2745,-469.0,8.8108,4.4,37.8,53.7
2746,-464.55,2.95,4.66,39.4,53.4
2747,-476.54,12.4785,4.76,39.3,55.1
2748,-469.37,3.94,4.51,35.7,54.6
2749,-468.82,3.4515,4.65,42.0,53.7
2750,-463.99,2.3321,4.33,36.5,53.5
2751,-459.15,4.9116,4.4,36.2,55.2
2752,-464.5,6.4354,4.74,37.1,54.2
2753,-466.68,6.1071,4.63,38.6,53.5
2754,-453.03,20.0925,4.39,36.7,54.0
2755,-462.72,2.0124,4.53,38.3,54.9
2756,-469.49,2.9685,4.41,38.0,53.8
2757,-469.75,2.8686,4.6,42.1,53.4
2758,-473.87,9.6855,4.43,35.0,55.8
2759,-455.09,20.977,4.32,35.4,54.0
2760,-451.62,13.6744,4.46,38.6,53.4
2761,-454.46,3.2748,4.72,39.1,53.4
2762,-465.74,13.7301,4.45,37.1,55.4
2763,-461.64,4.2276,4.43,36.8,54.0
2764,-452.54,3.22,4.47,38.4,53.3
2765,-477.07,13.5114,4.5,40.1,53.4
2766,-491.11,31.6702,4.42,37.4,54.8
2767,-470.49,5.5053,4.43,34.6,53.9
2768,-472.56,6.1489,4.64,39.6,53.4
2769,-456.37,10.3026,4.48,37.6,54.0
2770,-482.96,19.2057,4.62,41.3,54.6
2771,-472.08,10.0731,4.64,38.1,54.3
2772,-451.5,5.0617,4.39,38.5,53.4
2773,-456.04,4.9089,4.5,37.6,53.2
2774,-470.75,16.7069,4.87,44.5,54.8
2775,-483.85,17.0076,4.28,36.2,54.4
2776,-464.74,2.7132,4.48,37.4,53.4
2777,-460.22,5.6675,4.49,39.2,53.2
2778,-460.07,6.1333,4.53,38.8,53.1
2779,-455.97,1.7976,4.33,38.2,54.7
2780,-498.33,64.6263,4.61,37.6,53.0
2781,-478.18,10.1951,4.6,38.1,52.7
2782,-465.2,4.2816,4.59,41.1,53.9
2783,-456.92,13.6494,4.49,39.0,36.6
2784,-465.35,7.4632,4.81,41.3,38.4
2785,-471.07,12.1285,4.94,43.4,37.9
2786,-471.82,4.042,4.59,37.1,37.3
2787,-455.27,12.2508,4.57,38.4,36.8
2788,-465.61,1.928,4.42,37.3,36.4
2789,-477.03,7.3529,4.71,41.6,36.2
2790,-464.9,2.3521,4.62,37.5,36.1
2791,-466.19,6.2096,4.52,35.6,36.1
2792,-462.88,3.3716,4.56,41.3,38.3
2793,-470.43,11.8757,4.59,36.9,37.7
2794,-464.01,3.4523,4.39,35.9,36.8
2795,-467.54,1.1175,4.54,38.9,37.7
2796,-467.09,2.5071,4.57,37.9,38.1
2797,-467.75,1.2398,4.75,45.1,38.2
2798,-466.39,4.0982,4.38,36.5,37.1
2799,-464.74,2.923,4.51,38.4,36.8
2800,-473.92,5.3692,4.45,37.2,36.6
2801,-462.44,2.6328,4.49,39.7,36.6
2802,-470.44,1.8673,4.46,37.5,38.1
2803,-461.2,3.655,4.49,38.5,38.9
2804,-483.27,10.566,4.42,37.4,38.0
2805,-462.78,4.2551,4.99,44.5,37.9
2806,-468.04,1.2124,4.3,38.1,37.6
2807,-459.75,5.4809,4.58,36.5,37.4
2808,-477.62,12.1078,4.53,39.2,37.5
2809,-481.65,16.1133,4.49,39.2,36.7
2810,-464.98,5.7952,4.39,39.3,36.7
2811,-470.79,4.7315,4.58,38.4,36.7
2812,-485.96,19.7929,4.38,36.2,38.9
2813,-466.13,9.3757,5.07,46.2,39.1
2814,-469.86,4.3833,4.27,37.6,38.5
2815,-455.75,4.4867,4.44,34.8,37.2
2816,-476.19,27.7215,4.59,38.3,36.8
2817,-471.86,24.3568,4.64,40.4,36.6
2818,-489.74,32.6415,4.66,38.4,36.8
2819,-473.83,4.4192,4.44,36.3,38.7
2820,-470.4,5.7075,4.55,41.4,37.3
2821,-468.68,4.375,4.34,40.0,37.2
2822,-477.83,14.3618,4.45,36.6,36.7
2823,-470.13,3.1479,4.51,37.2,36.6
2824,-462.36,3.6169,4.41,36.9,38.3
2825,-451.92,5.0451,4.35,37.0,38.2
2826,-463.21,7.5544,4.52,39.0,38.0
2827,-475.3,17.0717,4.6,39.4,37.7
2828,-458.32,1.5724,4.92,43.6,37.9
2829,-473.27,14.5017,4.37,38.1,37.7
2830,-463.29,2.9426,4.34,38.2,37.3
2831,-460.53,1.0887,4.41,38.9,36.7
2832,-464.35,2.6725,4.49,38.8,36.7
2833,-466.67,3.0171,4.5,36.1,37.6
2834,-463.84,4.1743,4.61,39.4,37.5
2835,-474.07,3.2684,4.4,37.0,38.4
2836,-472.47,2.1635,4.6,41.2,39.0
2837,-460.79,13.4353,4.45,35.7,37.6
2838,-454.21,13.4547,4.52,37.1,37.0
2839,-465.48,6.3455,4.62,37.7,36.9
2840,-466.11,1.7351,4.58,39.4,36.8
2841,-458.4,1.6201,4.42,39.3,37.0
2842,-461.51,3.7836,4.45,38.7,37.5
2843,-461.03,6.8769,4.51,37.0,38.6
2844,-453.28,1.5554,5.08,46.0,38.7
2845,-465.28,6.1826,4.66,37.6,38.3
2846,-458.59,1.9593,4.25,36.5,37.9
2847,-459.81,0.9756,4.44,39.0,37.6
2848,-459.53,2.1214,4.43,37.0,37.0
2849,-482.79,20.2969,4.59,37.6,36.9
2850,-480.37,13.1122,4.76,39.1,36.9
2851,-464.38,5.4064,4.54,36.6,39.1
2852,-475.27,2.6929,4.49,36.9,38.5
2853,-462.12,7.2949,4.99,44.2,38.6
2854,-463.25,1.5398,4.49,38.1,38.3
2855,-466.78,3.9269,4.5,37.0,38.0
2856,-471.31,14.1313,4.65,36.9,37.6
2857,-468.79,1.9894,4.33,38.4,37.2
2858,-454.86,14.2283,4.53,40.0,37.0
2859,-459.59,3.4334,4.5,37.3,37.0
2860,-463.71,5.2879,5.3,45.9,36.9
2861,-450.21,2.6065,4.53,38.6,37.5
2862,-462.61,4.4505,4.61,35.9,38.8
2863,-476.73,25.9024,4.45,37.2,38.2
2864,-481.03,10.2751,4.38,37.6,37.3
2865,-467.41,19.1368,4.5,37.5,36.9
2866,-462.43,10.9186,4.46,37.9,36.9
2867,-456.54,15.8328,4.71,42.7,37.0
2868,-456.65,5.3347,4.5,40.5,38.4
2869,-469.0,17.6985,4.27,36.3,37.3
2870,-457.4,1.3704,4.46,38.2,36.9
2871,-468.4,1.4281,4.45,35.2,37.7
2872,-463.73,1.7992,4.63,38.2,38.2
2873,-463.27,3.3127,4.49,39.5,37.5
2874,-454.37,1.6808,4.78,40.4,37.7
2875,-460.52,6.5158,4.56,40.9,37.5
2876,-460.42,6.1002,4.59,42.3,37.0
2877,-474.06,12.5078,4.34,34.8,37.8
2878,-473.58,3.6378,4.36,38.1,38.7
2879,-454.51,24.8981,4.45,36.9,38.4
2880,-456.51,16.5374,4.63,39.9,39.3
2881,-459.07,7.649,4.49,37.8,38.3
2882,-463.2,4.2848,4.34,36.8,37.6
2883,-457.59,3.0926,4.36,39.1,37.3
2884,-464.6,9.9899,4.42,37.3,36.9
2885,-471.16,7.9625,4.92,45.7,37.1
2886,-469.26,4.5532,4.28,36.9,36.9
2887,-484.28,9.914,4.62,36.4,37.0
2888,-484.04,3.2779,4.66,42.6,36.9
2889,-499.49,14.562,4.55,40.0,36.9
2890,-497.81,12.1039,4.93,39.7,37.0
2891,-476.75,34.4065,4.95,41.5,36.9
2892,-472.92,44.9318,4.42,38.5,39.3
2893,-481.83,3.3251,4.45,35.8,39.0
2894,-485.47,8.1364,4.41,34.3,37.6
2895,-462.25,30.7173,4.65,40.7,37.6
2896,-463.97,3.1809,4.35,38.2,37.0
2897,-468.99,17.4863,4.66,36.5,38.6
2898,-477.72,10.0326,4.41,37.1,39.0
2899,-463.68,6.0439,4.99,43.5,38.2
2900,-483.03,11.2583,4.34,36.4,37.9
2901,-459.11,27.2088,4.59,36.8,37.1
2902,-480.8,10.4076,4.56,37.8,36.9
2903,-471.87,11.1616,4.51,38.4,36.9
2904,-475.02,3.0455,4.61,38.8,37.6
2905,-470.02,2.0993,4.56,36.2,38.5
2906,-466.06,4.4659,4.7,41.5,38.4
2907,-476.03,13.4816,4.64,40.0,38.4
2908,-474.84,10.007,4.73,37.7,38.0
2909,-458.44,6.6857,4.4,38.3,37.1
2910,-463.92,3.5966,4.63,39.3,37.5
2911,-455.26,2.2571,4.67,39.0,38.2
2912,-467.95,16.0037,4.31,38.2,38.7
2913,-470.59,14.5472,4.4,36.6,38.2
2914,-477.32,11.9587,4.93,44.2,36.7
2915,-478.64,10.858,4.48,38.0,37.3
2916,-466.97,12.6229,4.75,39.2,37.9
2917,-461.92,23.1975,4.54,38.6,38.5
2918,-463.09,8.4412,4.47,40.0,38.2
2919,-469.34,6.3495,4.68,38.1,36.6
2920,-463.48,1.635,4.5,39.5,37.1
2921,-455.94,2.1276,4.84,42.2,37.7
2922,-442.6,8.2727,4.52,41.0,37.1
2923,-469.58,17.3782,4.41,36.6,37.0
2924,-465.78,13.2374,4.63,39.7,37.1
2925,-455.86,1.5359,4.41,38.6,37.1
2926,-458.58,1.8634,4.6,39.3,37.2
2927,-458.33,2.1777,4.45,37.0,37.1
2928,-458.23,1.0379,5.06,48.0,37.1
2929,-469.49,12.5475,4.5,37.2,37.1
2930,-461.33,2.7734,4.59,37.5,37.1
2931,-477.41,12.5245,4.7,38.4,37.0
2932,-465.46,6.3078,4.53,39.4,37.6
2933,-470.14,2.319,4.59,38.3,39.0
2934,-452.6,12.7891,4.76,42.5,38.3
2935,-457.04,2.4048,4.28,38.8,39.4
2936,-475.2,24.3725,4.62,38.8,39.0
2937,-464.23,5.7266,4.3,37.4,38.6
2938,-472.83,11.2703,4.66,39.3,38.5
2939,-453.4,17.7593,4.31,38.4,38.3
2940,-465.78,4.1878,4.6,39.7,38.0
2941,-460.65,3.8536,4.51,39.0,37.9
2942,-458.39,1.583,4.62,41.2,37.8
2943,-456.74,2.1563,4.5,40.7,37.1
2944,-459.89,3.5408,4.59,38.9,37.1
2945,-457.92,5.5848,4.45,37.8,37.1
2946,-462.04,1.8456,4.63,39.5,37.1
2947,-464.52,7.3986,4.54,38.7,37.1
2948,-454.21,5.6845,4.62,38.3,37.1
2949,-468.27,2.0172,5.19,46.7,37.1
2950,-452.32,7.2669,4.38,37.1,37.1
2951,-460.75,3.4885,4.58,38.0,37.2
2952,-459.07,2.2467,4.71,38.9,38.0
2953,-462.34,3.1936,4.69,40.9,37.7
2954,-466.23,3.9064,4.63,38.8,39.0
2955,-461.02,2.9725,4.41,39.5,38.8
2956,-462.3,3.1159,4.47,37.6,39.0
2957,-462.85,3.3561,4.72,45.7,39.0
2958,-454.11,2.7425,4.41,38.5,38.6
2959,-461.41,9.2745,4.39,39.7,38.5
2960,-469.35,9.2512,4.5,37.3,38.4
2961,-467.34,2.4466,4.66,40.4,38.2
2962,-457.06,4.3661,4.47,36.9,38.0
2963,-468.32,3.575,4.62,41.2,37.9
2964,-465.88,3.1519,4.52,38.7,37.5
2965,-454.58,14.1985,4.22,38.4,37.1
2966,-456.84,3.2823,4.75,42.5,37.1
2967,-472.06,16.8967,4.55,37.4,37.1
2968,-455.44,1.9933,4.48,36.6,37.1
2969,-467.49,3.3976,4.87,42.0,37.1
2970,-467.67,1.5851,4.54,40.1,37.1
2971,-453.24,12.7464,4.63,40.8,37.8
2972,-461.11,2.2554,4.38,37.9,38.7
2973,-456.29,2.6074,4.46,38.8,39.4
2974,-470.7,14.1096,4.72,44.8,39.2
2975,-461.94,3.0611,4.34,38.9,38.7
2976,-472.36,4.1351,4.46,37.0,38.7
2977,-460.81,24.8278,4.48,37.7,38.1
2978,-458.1,7.6864,4.49,39.1,37.8
2979,-456.42,2.9382,4.48,38.5,37.9
2980,-458.78,1.7085,4.67,39.7,37.7
2981,-484.83,34.1056,4.58,38.2,37.2
2982,-452.07,2.9367,4.44,38.6,37.3
2983,-478.51,24.5157,4.84,42.5,37.1
2984,-465.95,3.8245,4.46,42.8,37.2
2985,-466.26,1.4241,4.33,36.9,37.2
2986,-460.97,4.446,4.52,39.1,37.3
2987,-482.15,15.1982,4.85,39.8,37.3
2988,-471.38,13.1905,4.49,39.0,38.1
2989,-447.22,11.2665,4.54,38.7,38.8
2990,-473.78,12.4731,4.54,38.5,38.8
2991,-476.01,15.2667,4.62,40.0,39.6
2992,-479.85,17.3982,4.62,40.2,39.3
2993,-474.63,2.8333,4.71,36.3,39.3
2994,-478.23,9.1079,4.67,40.5,39.1
2995,-470.79,16.6292,4.65,38.7,39.0
2996,-463.74,10.5673,4.63,39.9,38.8
2997,-474.36,10.6439,4.45,38.7,38.5
2998,-482.62,28.3549,4.8,43.6,38.4
2999,-467.08,2.9724,4.4,39.2,38.0
3000,-464.24,6.9354,4.27,38.3,37.9
3001,-460.76,3.4207,4.4,36.9,37.2
3002,-476.56,24.9108,4.75,39.1,37.2
3003,-471.27,10.6271,4.56,38.7,37.3
3004,-461.04,4.5346,4.74,41.5,37.3
3005,-462.52,9.5892,4.47,38.1,37.3
3006,-465.34,2.6773,4.83,44.5,37.3
3007,-454.23,6.3038,4.4,36.8,38.0
3008,-460.09,5.4997,4.65,38.5,38.0
3009,-467.49,2.4708,4.8,40.5,38.1
3010,-468.25,2.2793,4.59,39.6,39.1
3011,-457.03,5.7724,4.63,40.1,39.4
3012,-465.12,2.7717,5.03,42.8,38.8
3013,-465.99,2.0838,4.44,38.2,39.5
3014,-474.75,1.3937,4.51,38.1,39.3
3015,-460.06,7.1712,4.62,37.2,39.2
3016,-472.14,3.8077,4.65,39.3,39.0
3017,-464.13,3.7548,4.49,39.8,38.9
3018,-463.12,0.8828,4.64,40.9,38.4
3019,-468.86,2.7955,4.51,38.9,38.0
3020,-458.65,5.1237,4.6,42.2,38.2
3021,-459.92,1.2945,4.36,39.8,37.9
3022,-459.02,4.1535,4.51,36.9,37.6
3023,-460.39,2.8734,4.49,38.0,37.3
3024,-469.72,7.1537,4.61,38.9,37.4
3025,-466.03,1.7068,4.6,38.8,37.4
3026,-465.01,3.1978,4.49,38.4,37.0
3027,-456.78,2.8546,4.67,41.9,37.7
3028,-456.77,2.7264,4.54,38.6,38.5
3029,-458.02,3.7217,4.46,37.9,39.3
3030,-467.24,10.729,4.84,40.5,37.1
3031,-463.99,2.8287,4.64,41.3,37.6
3032,-470.07,1.4894,4.8,39.5,38.2
3033,-455.44,6.7001,4.62,38.7,38.9
3034,-459.94,4.2442,4.56,40.7,38.6
3035,-464.2,7.2245,4.32,39.7,37.9
3036,-471.86,5.1837,4.56,37.1,37.0
3037,-474.06,1.978,4.6,39.1,37.4
3038,-467.55,4.5511,4.87,42.0,37.4
3039,-463.47,16.937,4.59,39.0,37.4
3040,-464.04,4.57,4.53,37.8,37.5
3041,-469.2,2.2831,4.5,40.7,37.5
3042,-476.0,15.7707,4.7,41.7,37.5
3043,-474.39,6.3565,4.58,38.3,37.5
3044,-471.07,1.5244,4.64,37.6,37.6
3045,-458.15,13.9683,4.72,43.6,38.3
3046,-480.68,4.8271,4.63,38.5,38.1
3047,-462.72,3.8121,4.69,39.4,38.3
3048,-474.44,5.1833,4.53,38.1,39.4
3049,-472.4,2.9158,4.46,39.0,39.0
3050,-476.5,1.4594,4.99,44.0,39.1
3051,-472.77,4.3046,4.48,38.9,39.7
3052,-459.21,7.3136,4.49,38.6,39.1
3053,-465.88,4.6976,4.33,37.8,38.9
3054,-474.04,5.5081,4.54,39.0,38.7
3055,-489.76,39.8431,4.43,38.3,38.4
3056,-482.5,22.0604,4.66,40.1,38.4
3057,-465.16,5.7056,4.97,45.0,38.6
3058,-472.27,1.5288,4.39,36.9,38.2
3059,-458.51,5.2264,4.79,41.9,38.2
3060,-462.83,4.5295,4.58,38.0,37.8
3061,-471.01,12.5276,4.43,38.7,37.5
3062,-465.84,2.0488,4.54,38.9,37.5
3063,-460.18,3.6644,4.53,40.1,37.6
3064,-479.74,15.2343,4.61,39.3,37.5
3065,-462.09,4.5032,4.58,42.6,37.5
3066,-483.55,12.0044,4.47,39.4,38.4
3067,-478.82,3.5062,4.38,36.8,39.2
3068,-459.39,12.9169,4.4,38.0,39.8
3069,-475.32,17.095,4.55,38.9,39.6
3070,-480.91,7.4147,4.62,40.1,39.6
3071,-453.18,13.8609,4.59,40.7,39.4
3072,-476.6,12.6304,4.44,38.6,39.0
3073,-459.69,10.1878,4.92,44.8,39.1
3074,-474.55,6.62,4.39,37.4,38.8
3075,-471.15,1.498,4.44,36.4,38.5
3076,-483.62,1.3791,4.77,40.2,38.6
3077,-463.51,12.1167,4.56,39.1,38.3
3078,-479.66,2.1898,4.59,39.5,38.4
3079,-475.07,1.5282,4.46,37.9,38.1
3080,-469.34,2.7523,4.92,45.3,38.1
3081,-458.07,2.7787,4.58,39.5,38.0
3082,-470.72,11.7824,4.61,39.3,37.9
3083,-472.96,10.7649,4.54,37.1,37.6
3084,-467.12,3.3981,4.73,40.6,37.5
3085,-475.34,3.8693,4.54,38.9,37.6
3086,-476.27,4.6148,4.57,39.8,37.6
3087,-463.19,4.8533,4.48,39.1,37.5
3088,-468.15,3.2679,4.82,44.8,37.6
3089,-462.42,1.0164,4.51,37.3,37.5
3090,-470.43,3.0859,4.55,38.5,37.6
3091,-465.22,2.49,4.54,38.9,38.2
3092,-461.41,2.8823,4.64,40.2,39.4
3093,-468.6,5.7055,4.79,41.0,39.1
3094,-484.41,15.758,5.08,43.2,38.7
3095,-469.56,8.9857,4.53,40.2,39.0
3096,-462.99,6.239,4.41,38.4,39.8
3097,-477.55,4.5746,4.73,37.9,39.7
3098,-472.74,1.5327,4.41,39.9,39.4
3099,-471.31,1.4647,4.6,39.8,39.2
3100,-468.85,2.1152,4.53,40.4,38.9
3101,-464.94,3.6243,4.42,38.1,38.5
3102,-478.2,14.987,4.77,42.4,38.6
3103,-465.16,1.4485,4.46,40.9,38.5
3104,-473.2,1.7315,4.33,37.3,38.4
3105,-469.04,7.3557,4.62,38.4,38.2
3106,-479.95,2.3659,4.87,42.6,38.3
3107,-474.16,4.4015,4.52,39.6,38.0
3108,-468.97,4.8975,4.74,40.5,38.0
3109,-468.58,1.4522,4.51,40.9,37.7
3110,-474.81,3.7506,4.41,39.9,37.7
3111,-467.99,6.2365,4.32,39.0,37.7
3112,-476.75,4.0876,4.55,37.0,37.7
3113,-467.25,10.5207,4.56,42.4,38.4
3114,-470.91,4.7787,4.82,41.0,38.6
3115,-460.2,8.3373,4.57,40.1,38.3
3116,-474.52,4.4792,4.62,38.8,39.7
3117,-467.99,4.3053,4.41,40.3,39.1
3118,-466.26,2.3862,4.6,41.0,39.7
3119,-467.53,2.9299,4.53,40.0,39.3
3120,-474.34,9.0041,4.36,39.9,39.8
3121,-467.14,4.0717,4.75,40.9,39.8
3122,-465.02,2.5228,4.47,39.3,39.6
3123,-471.55,1.0461,4.59,39.2,39.3
3124,-477.79,7.6108,4.41,39.2,39.2
3125,-487.13,17.0347,4.46,39.3,39.0
3126,-478.62,6.3983,4.74,44.6,39.0
3127,-480.75,10.3048,4.51,38.1,38.6
3128,-477.34,15.2576,4.48,36.7,38.3
3129,-472.8,3.7796,4.46,38.4,38.3
3130,-471.85,11.0541,4.66,39.2,38.1
3131,-476.87,8.6394,4.63,39.9,37.7
3132,-487.53,10.6786,4.6,39.7,37.8
3133,-480.13,3.7453,4.73,41.1,37.7
3134,-474.78,7.1278,4.61,42.3,37.8
3135,-472.87,3.7918,4.47,37.0,37.7
3136,-463.05,8.3764,4.46,36.4,37.7
3137,-470.25,15.0443,4.65,41.3,37.9
3138,-453.28,8.7213,4.57,39.6,38.2
3139,-460.98,4.6507,4.5,38.2,38.8
3140,-465.49,3.2961,4.59,39.9,40.2
3141,-465.94,16.5937,4.85,43.5,39.5
3142,-469.46,8.7769,4.53,38.8,37.8
3143,-469.1,3.5254,4.53,36.9,37.2
3144,-473.75,5.232,4.6,38.9,38.2
3145,-465.2,9.457,4.59,38.9,38.6
3146,-465.59,5.8797,4.48,38.9,39.0
3147,-465.78,7.2595,4.54,39.1,39.5
3148,-479.47,20.7607,4.68,41.8,37.9
3149,-468.55,1.6509,4.46,38.1,37.3
3150,-472.29,2.1822,4.38,38.1,38.0
3151,-462.07,2.4075,4.35,36.8,38.1
3152,-463.63,2.5521,4.53,39.7,38.8
3153,-464.65,6.3762,4.53,39.4,39.3
3154,-473.47,2.922,4.58,41.4,39.2
3155,-461.77,3.1416,4.47,38.5,38.5
3156,-466.74,1.895,4.91,46.5,38.6
3157,-465.98,2.1958,4.49,39.7,38.5
3158,-473.27,9.1684,4.69,37.8,38.5
3159,-468.69,2.4012,4.59,39.7,38.4
3160,-451.63,13.1109,4.42,38.0,38.1
3161,-460.21,4.1796,4.36,39.1,37.7
3162,-460.19,2.1732,4.54,40.1,37.8
3163,-484.95,23.2416,5.09,43.1,37.8
3164,-459.86,7.6876,4.51,38.4,37.8
3165,-457.83,7.2262,4.46,37.7,37.8
3166,-459.18,2.3374,4.55,39.0,37.8
3167,-467.57,11.2321,4.53,39.8,37.8
3168,-467.91,6.1227,4.62,39.8,37.8
3169,-459.18,5.1923,4.46,37.7,38.4
3170,-463.69,1.9946,4.64,43.8,38.5
3171,-460.56,1.1286,4.5,40.1,39.5
3172,-463.28,2.9293,4.32,36.8,40.1
3173,-481.32,12.545,4.53,36.9,39.9
3174,-461.63,1.3764,4.41,40.6,39.6
3175,-464.55,1.8284,4.6,40.5,39.3
3176,-462.21,1.0284,4.41,40.2,39.0
3177,-461.81,1.4323,4.53,39.6,38.8
3178,-463.93,4.7385,4.49,39.5,38.4
3179,-472.32,5.3412,4.67,43.9,38.6
3180,-469.19,2.4478,4.43,38.0,38.5
3181,-477.98,3.3363,4.48,38.7,38.1
3182,-466.43,4.4441,4.35,38.3,37.8
3183,-466.89,2.7437,4.59,41.6,37.8
3184,-486.49,21.3076,4.66,38.9,37.9
3185,-497.97,34.2543,4.69,37.3,37.8
3186,-495.56,27.6445,4.62,39.6,37.9
3187,-481.33,6.8303,4.96,42.7,37.9
3188,-486.75,5.2336,4.59,40.6,37.9
3189,-484.38,1.9711,4.49,37.6,37.9
3190,-483.05,3.8246,4.57,36.8,38.5
3191,-488.08,3.9939,4.66,40.4,38.7
3192,-492.42,2.7738,4.68,40.3,38.8
3193,-464.63,28.1755,4.54,38.7,39.6
3194,-471.03,12.2605,4.55,40.1,38.0
3195,-490.86,12.6098,4.67,42.5,37.6
3196,-489.68,3.0662,4.36,38.8,36.9
3197,-481.47,4.4896,4.59,36.9,36.8
3198,-479.96,7.1059,4.65,38.8,36.8
3199,-477.89,4.5829,4.63,39.8,36.4
3200,-498.24,34.4739,4.76,39.0,36.2
3201,-488.65,9.6121,5.13,44.7,36.6
3202,-485.74,3.9871,4.41,38.8,36.2
3203,-477.43,6.3325,4.52,38.5,36.2
3204,-485.32,1.9298,4.69,38.6,36.1
3205,-471.06,14.3215,4.54,38.8,35.9
3206,-480.56,2.434,4.63,40.1,35.6
3207,-475.82,9.4116,4.74,40.4,35.4
3208,-461.26,15.0121,4.85,41.4,35.6
3209,-459.82,7.7346,4.56,40.8,35.5
3210,-470.13,12.414,4.39,36.7,35.5
3211,-474.29,6.8809,4.45,36.9,35.5
3212,-466.76,1.957,4.57,39.4,35.5
3213,-462.03,2.1763,4.54,39.1,35.5
3214,-467.77,6.3663,4.62,40.6,35.6
3215,-485.23,19.0867,4.49,37.6,35.5
3216,-461.11,7.3669,5.28,49.7,35.5
3217,-475.7,3.2121,4.35,38.0,36.3
3218,-470.26,1.7784,4.45,39.3,37.2
3219,-467.3,1.844,4.45,38.7,37.7
3220,-467.33,1.3049,4.48,38.3,37.4
3221,-472.99,5.0694,4.44,39.3,37.1
3222,-471.01,1.2609,4.58,38.9,37.0
3223,-462.3,7.488,5.16,39.3,37.2
3224,-463.03,4.023,4.39,37.8,37.1
3225,-477.99,14.0061,4.39,39.0,36.8
3226,-458.94,2.2048,4.43,38.1,36.5
3227,-485.12,30.758,4.55,39.0,36.2
3228,-458.18,3.5141,4.39,39.8,36.2
3229,-481.66,45.5868,4.61,39.1,35.9
3230,-475.89,20.2818,4.88,42.9,35.6
3231,-473.73,4.9489,4.5,38.3,35.6
3232,-486.57,10.9552,4.55,36.2,35.6
3233,-477.18,7.928,4.54,39.0,35.6
3234,-470.67,10.9166,4.48,37.3,35.6
3235,-461.65,12.1246,4.43,38.9,35.7
3236,-468.18,2.7964,4.67,42.4,36.2
3237,-468.86,6.1201,4.46,38.1,37.0
3238,-488.19,18.1717,4.56,36.1,37.8
3239,-464.12,6.7836,4.58,39.3,37.6
3240,-474.09,1.9662,4.41,40.3,37.1
3241,-472.84,1.678,4.68,39.8,37.2
3242,-460.07,3.9551,4.58,39.5,37.1
3243,-464.89,4.346,4.49,40.2,37.0
3244,-483.8,23.8518,4.4,38.7,36.5
3245,-491.32,30.8793,4.36,37.2,36.4
3246,-471.95,2.1162,4.52,39.0,36.3
3247,-474.75,2.7121,4.62,38.6,36.0
3248,-472.99,2.9975,4.65,39.8,35.8
3249,-477.1,2.1002,4.57,40.0,35.6
3250,-469.2,9.608,4.65,43.2,35.6
3251,-475.32,4.5079,4.35,38.5,35.6
3252,-485.35,5.5697,4.46,36.4,36.7
3253,-477.17,13.2528,4.32,37.7,37.6
3254,-474.66,25.8108,4.63,40.4,37.2
3255,-483.86,8.4282,4.56,37.8,38.1
3256,-463.8,12.859,4.34,39.5,37.1
3257,-462.5,15.2321,4.53,38.0,36.3
3258,-471.95,3.0913,4.48,39.6,36.7
3259,-484.75,13.7558,4.77,41.7,36.5
3260,-464.92,7.3633,4.68,43.0,34.9
3261,-458.21,4.0588,4.33,37.9,34.9
3262,-470.69,9.6483,4.51,38.4,35.7
3263,-460.13,1.7169,4.35,36.8,35.8
3264,-474.36,5.3788,4.47,40.2,36.4
3265,-460.81,8.7759,4.49,41.1,37.0
3266,-473.93,2.6365,4.45,39.3,36.5
3267,-461.02,4.6766,4.52,40.3,35.1
3268,-464.0,2.9603,4.76,44.3,35.4
3269,-469.03,2.1827,4.45,41.7,35.5
3270,-466.06,1.3446,4.41,36.6,35.3
3271,-468.31,3.6046,4.25,36.6,35.4
3272,-471.56,1.5431,4.54,41.3,35.4
3273,-471.85,11.8662,4.76,39.2,35.3
3274,-463.44,3.8567,4.5,40.3,36.2
3275,-484.68,16.6011,4.89,41.6,35.3
3276,-475.25,2.2742,4.29,38.5,37.1
3277,-467.44,5.0384,4.46,37.0,36.8
3278,-463.52,4.4378,4.43,39.4,37.4
3279,-464.38,1.3777,4.55,40.8,36.8
3280,-468.85,3.1659,4.32,38.7,36.4
3281,-460.45,0.8496,4.41,40.8,36.2
3282,-469.65,6.939,4.38,36.5,36.0
3283,-459.88,2.3322,4.81,44.4,36.2
3284,-467.63,2.2295,4.33,36.9,35.9
3285,-470.96,1.6639,4.57,39.5,35.7
3286,-477.18,5.7279,4.73,40.8,35.3
3287,-487.32,12.0737,4.58,39.3,35.4
3288,-464.64,15.647,4.39,38.1,35.4
3289,-490.65,15.9449,4.6,37.5,35.4
3290,-469.96,4.244,4.8,44.1,35.3
3291,-470.62,3.7452,4.47,38.3,35.3
3292,-468.29,2.6572,4.46,37.4,35.3
3293,-468.54,2.125,4.42,37.0,36.3
3294,-458.26,13.6401,4.64,40.8,35.8
3295,-473.67,4.4453,4.5,38.6,37.0
3296,-456.56,6.5597,4.45,39.1,37.7
3297,-460.79,2.7211,4.38,38.6,37.3
3298,-465.53,6.262,4.77,45.0,37.2
3299,-469.15,2.8175,4.36,37.7,36.7
3300,-467.92,5.3882,4.59,37.6,36.7
3301,-463.98,4.1916,4.67,40.0,36.5
3302,-474.78,3.1266,4.57,40.2,36.2
3303,-466.73,0.7912,4.57,40.1,36.0
3304,-471.87,2.2667,4.42,37.7,35.9
3305,-469.81,1.98,4.79,45.4,36.0
3306,-476.95,1.8075,4.41,38.6,35.4
3307,-474.57,1.4063,4.33,36.5,35.3
3308,-468.91,2.0053,4.55,38.2,35.3
3309,-476.78,6.091,4.69,40.2,35.4
3310,-470.25,0.9114,4.7,39.4,35.4
3311,-451.26,11.4508,4.9,43.1,35.4
3312,-477.69,13.7047,4.41,38.9,36.1
3313,-469.82,2.8716,4.39,38.0,37.0
3314,-463.14,3.3954,4.65,39.6,36.9
3315,-473.28,4.0756,4.51,40.4,37.7
3316,-457.18,10.2526,4.46,39.5,37.3
3317,-462.61,3.1391,4.42,38.3,36.9
3318,-476.75,20.3692,4.51,44.1,36.8
3319,-462.76,2.1344,4.29,37.2,36.1
3320,-463.06,1.9423,4.62,39.1,36.1
3321,-466.22,3.967,4.51,40.2,35.8
3322,-469.35,2.3726,4.64,40.3,35.6
3323,-472.05,2.5604,4.61,39.4,35.6
3324,-463.75,4.7365,4.55,39.9,35.6
3325,-472.99,3.4397,4.36,39.7,35.5
3326,-473.36,2.4762,4.42,37.9,35.6
3327,-461.3,5.8665,4.49,38.5,36.3
3328,-473.74,1.7272,4.63,39.4,36.8
3329,-469.65,1.2027,4.55,39.0,37.2
3330,-457.07,5.7406,5.17,39.4,37.5
3331,-475.64,6.2392,4.85,44.0,37.5
3332,-453.74,6.2429,4.41,40.2,37.9
3333,-471.88,5.9911,4.39,37.1,37.6
3334,-464.08,4.8663,4.45,36.9,37.1
3335,-472.15,0.8386,4.86,40.9,37.2
3336,-469.31,2.9224,4.83,39.7,37.2
3337,-476.08,1.3996,4.98,42.6,37.3
3338,-476.68,5.1209,4.44,40.0,37.0
3339,-457.23,14.062,4.48,36.7,36.9
3340,-471.63,1.288,4.54,40.1,36.6
3341,-476.89,2.9549,4.59,39.2,36.4
3342,-465.01,4.3953,4.54,39.3,36.5
3343,-452.05,6.8253,4.46,38.8,36.1
3344,-475.69,9.7564,4.83,43.4,36.2
3345,-472.49,6.5754,4.49,37.2,35.8
3346,-457.83,3.3115,4.45,37.5,35.6
3347,-466.05,0.6566,4.66,40.8,35.6
3348,-461.71,2.3038,4.5,39.4,35.6
3349,-461.84,1.4894,4.57,39.2,35.6
3350,-470.51,4.2889,4.57,40.4,35.7
3351,-468.73,0.6812,4.39,38.0,36.4
3352,-469.26,0.6373,4.52,38.3,37.4
3353,-476.81,1.7376,4.55,38.9,37.3
3354,-475.89,1.1,4.53,40.0,37.8
3355,-458.31,9.8097,4.5,39.9,37.4
3356,-463.68,3.9069,4.61,40.1,37.2
3357,-460.47,1.6147,4.56,41.0,37.0
3358,-466.1,4.0485,4.57,39.6,37.0
3359,-471.39,7.5645,4.6,38.8,36.9
3360,-473.4,3.2962,4.51,39.3,36.4
3361,-472.29,4.1057,4.74,40.9,36.4
3362,-471.11,4.681,4.59,39.2,36.4
3363,-471.49,3.6941,4.52,39.3,36.2
3364,-468.09,0.7853,4.74,45.6,36.3
3365,-459.78,4.2731,4.42,37.9,35.6
3366,-469.3,7.4525,4.39,36.4,35.6
3367,-458.95,0.5124,4.81,41.3,35.6
3368,-481.56,15.213,4.64,39.4,35.7
3369,-465.31,1.1423,4.77,40.0,35.6
3370,-459.37,2.8674,4.58,39.9,35.7
3371,-456.34,4.2077,4.34,39.9,35.7
3372,-482.7,22.7526,4.41,36.4,35.7
3373,-473.4,9.1301,4.47,36.3,36.6
3374,-466.16,1.3681,4.76,41.0,35.7
3375,-462.18,2.7235,4.57,39.0,35.1
3376,-462.63,4.6927,4.49,38.2,35.8
3377,-472.02,8.6216,4.84,46.4,36.4
3378,-471.47,5.5781,4.67,39.1,37.3
3379,-458.87,2.4843,4.48,38.0,36.9
3380,-465.12,2.0718,4.41,37.5,35.3
3381,-477.02,9.4823,4.71,41.1,35.5
3382,-483.91,9.1373,4.49,39.8,36.1
3383,-467.6,4.018,4.58,39.2,36.5
3384,-480.62,8.9926,4.97,42.1,37.4
3385,-466.78,2.6044,4.38,40.3,36.7
3386,-461.08,6.9622,4.49,39.5,38.0
3387,-460.71,5.4029,4.26,36.5,37.6
3388,-481.05,24.7058,4.44,39.3,37.2
3389,-471.96,6.0924,4.42,40.5,37.1
3390,-458.55,7.3712,4.65,40.1,36.8
3391,-471.89,2.1809,4.57,40.0,36.5
3392,-472.55,1.5769,4.89,45.3,36.6
3393,-467.53,3.5428,4.55,38.4,36.6
3394,-467.01,1.0559,4.6,37.4,36.5
3395,-473.36,2.8454,4.69,42.0,35.8
3396,-484.42,13.103,4.59,40.4,35.7
3397,-475.74,1.2804,4.46,38.5,35.7
3398,-469.53,7.7366,4.74,44.1,35.8
3399,-485.4,6.0691,4.44,38.3,35.7
3400,-468.41,10.6922,4.61,37.2,35.7
3401,-473.27,4.6144,4.63,40.7,35.8
3402,-480.82,3.4291,4.67,41.3,36.7
3403,-474.29,1.1695,4.57,39.6,37.2
3404,-467.9,2.7847,5.03,45.2,36.6
3405,-475.16,5.4276,4.52,36.6,35.8
3406,-472.57,2.0816,4.51,38.5,36.6
3407,-468.55,3.1999,4.9,42.2,36.3
3408,-464.93,2.6355,4.72,40.7,36.6
3409,-467.9,1.3499,4.88,43.8,36.5
3410,-481.72,13.621,4.41,38.9,37.3
3411,-460.75,6.7326,4.44,36.5,38.1
3412,-478.59,5.0625,4.67,40.0,38.0
3413,-481.38,5.5717,4.66,40.7,37.7
3414,-484.71,3.6541,4.58,39.4,37.5
3415,-482.56,3.6768,5.09,44.7,37.9
3416,-473.48,9.7757,4.48,38.4,37.6
3417,-468.79,8.7095,4.47,36.2,37.4
3418,-479.08,5.2514,4.56,40.8,37.4
3419,-471.59,2.0242,4.45,40.1,37.3
3420,-491.21,12.6498,4.84,41.3,37.4
3421,-467.74,3.6632,4.39,37.8,37.2
3422,-479.54,2.2212,4.85,45.3,36.9
3423,-469.31,3.9129,4.43,37.8,36.6
3424,-468.44,1.1226,4.42,37.6,36.6
3425,-488.28,27.4692,4.67,39.5,36.5
3426,-475.72,4.7901,4.51,39.7,36.0
3427,-476.2,1.1173,4.56,40.5,35.9
3428,-477.94,0.8703,4.51,39.3,36.0
3429,-472.28,2.1932,4.46,42.7,35.9
3430,-486.21,12.7742,4.8,37.5,35.9
3431,-491.16,15.3911,4.56,38.2,35.9
3432,-472.21,2.3382,4.34,37.6,35.9
3433,-471.26,3.351,4.5,38.9,36.9
3434,-477.24,2.3077,4.45,38.9,36.6
3435,-469.61,4.1797,4.46,40.5,37.6
3436,-467.39,2.6215,4.37,38.9,38.1
3437,-468.43,2.8035,4.66,45.3,37.9
3438,-475.98,7.8596,4.37,39.1,37.4
3439,-471.62,4.0828,4.52,38.1,37.3
3440,-468.71,2.7916,4.62,39.9,37.4
3441,-476.12,5.7269,4.49,40.6,37.0
3442,-466.44,9.1804,4.61,39.4,36.9
3443,-470.11,0.896,5.08,43.5,37.2
3444,-486.71,17.9085,4.64,38.2,37.2
3445,-465.67,5.701,4.39,38.1,36.9
3446,-465.84,1.0917,4.58,39.6,36.7
3447,-463.23,1.5474,4.59,40.8,36.7
3448,-478.34,10.095,4.7,39.6,36.6
3449,-477.82,6.1056,4.91,45.6,36.5
3450,-476.73,3.0998,4.3,38.4,36.0
3451,-467.88,7.9915,4.57,39.2,36.0
3452,-481.54,19.5945,4.65,38.2,36.0
3453,-494.02,14.9818,4.71,40.2,36.0
3454,-473.92,3.4929,4.55,39.6,36.0
3455,-476.27,3.529,4.47,39.7,36.0
3456,-473.4,3.7939,4.8,44.6,36.0
3457,-479.84,5.4464,4.58,38.1,36.0
3458,-468.66,3.5894,4.39,37.5,36.0
3459,-476.78,1.1422,4.75,41.0,36.9
3460,-471.76,0.533,4.59,39.0,36.7
3461,-474.77,1.417,4.49,38.6,37.6
3462,-475.91,0.5794,4.64,42.1,38.1
3463,-462.47,8.0899,4.58,39.7,37.7
3464,-468.67,3.7343,4.38,37.1,38.4
3465,-470.05,1.2265,4.67,39.7,38.4
3466,-462.08,1.9263,4.43,39.5,38.2
3467,-470.89,3.0736,4.42,37.7,37.8
3468,-485.77,18.8647,4.47,40.1,37.5
3469,-469.66,3.4243,4.54,41.4,37.1
3470,-479.41,1.4538,4.63,38.0,36.9
3471,-478.55,1.9327,4.47,36.9,36.8
3472,-488.0,2.4488,4.87,40.6,36.7
3473,-475.88,8.8942,4.7,39.3,36.9
3474,-483.38,1.8144,4.49,39.2,36.6
3475,-472.6,5.5983,4.64,42.0,36.6
3476,-470.9,1.8155,4.55,39.2,36.1
3477,-484.75,11.0551,4.31,37.8,36.1
3478,-478.92,1.5722,4.55,39.3,36.1
3479,-475.08,4.0589,4.57,38.3,36.0
3480,-474.81,2.3708,4.58,38.5,36.1
3481,-482.72,6.6852,4.81,42.6,36.0
3482,-482.72,3.0518,4.45,37.5,37.7
3483,-476.88,1.3241,4.44,36.4,37.5
3484,-486.6,1.6931,4.7,39.3,37.6
3485,-489.75,6.2015,4.57,37.5,38.4
3486,-486.66,5.3235,4.43,39.3,38.0
3487,-487.81,1.9619,4.56,40.8,37.7
3488,-480.88,5.022,4.49,39.7,37.6
3489,-490.52,3.6847,4.53,37.3,36.7
3490,-488.82,4.3735,4.61,39.5,37.1
3491,-488.0,1.1694,4.54,38.9,37.7
3492,-485.49,2.915,4.55,38.3,37.3
3493,-487.8,2.6865,4.57,40.5,35.6
3494,-490.22,5.223,5.0,44.7,36.4
3495,-479.29,2.5119,4.57,38.4,36.7
3496,-496.51,10.0816,4.54,36.6,37.2
3497,-485.83,3.7492,4.49,39.4,37.7
3498,-486.54,6.7213,4.73,38.7,36.3
3499,-493.87,1.8314,4.51,41.2,35.7
3500,-477.21,7.0961,4.69,39.7,36.5
3501,-493.13,1.7131,4.76,43.2,37.1
3502,-478.77,5.8531,4.43,39.1,36.7
3503,-478.8,2.1162,4.46,37.2,36.5
3504,-482.22,2.2445,4.65,38.7,36.5
3505,-485.62,2.5512,4.5,39.4,36.1
3506,-487.98,1.2478,4.76,39.7,36.2
3507,-496.87,8.7054,4.71,41.2,36.3
3508,-482.7,8.9303,4.45,39.7,36.1
3509,-480.25,11.0333,4.42,37.3,36.2
3510,-476.22,6.9216,4.57,37.7,36.1
3511,-489.06,3.6762,4.51,39.9,36.1
3512,-484.81,3.1869,4.53,38.7,37.1
3513,-477.07,1.0113,4.46,40.0,38.0
3514,-478.68,1.0809,4.46,39.5,37.9
3515,-485.2,2.9261,4.41,40.1,38.2
3516,-494.24,11.6758,4.49,36.1,38.0
3517,-493.52,5.7537,4.72,41.3,37.8
3518,-484.55,4.7985,4.62,39.1,37.6
3519,-488.83,4.2853,4.63,38.5,37.7
3520,-484.9,2.5111,4.72,41.0,37.6
3521,-487.06,1.9969,4.32,38.2,37.3
3522,-491.35,5.2903,4.4,36.4,37.0
3523,-477.96,6.9195,4.72,39.7,37.0
3524,-477.91,4.1379,4.66,41.9,36.8
3525,-497.64,21.6867,4.69,39.9,37.0
3526,-481.58,3.7185,4.63,41.7,36.9
3527,-478.11,2.2247,4.43,40.4,36.6
3528,-492.66,4.7119,4.51,36.8,36.2
3529,-478.96,3.8974,4.45,38.0,36.2
3530,-483.4,1.1809,4.61,41.1,36.2
3531,-484.38,2.1427,4.5,38.7,36.2
3532,-489.98,5.0834,4.51,38.1,36.2
3533,-488.26,2.0789,4.59,42.2,36.2
3534,-487.79,2.5872,4.34,38.9,36.1
3535,-480.53,3.9382,4.39,36.5,36.8
3536,-485.68,4.276,4.35,39.0,37.6
3537,-479.41,2.778,4.39,41.3,38.3
3538,-474.85,3.0433,4.41,41.5,37.7
3539,-481.22,9.3285,4.45,37.9,37.9
3540,-491.2,15.1445,4.69,42.1,37.8
3541,-480.09,2.4887,4.46,38.2,37.7
3542,-484.24,2.2433,4.62,37.6,37.7
3543,-476.07,6.0649,4.57,40.4,37.5
3544,-469.3,3.0645,4.62,39.9,37.3
3545,-460.69,3.372,4.59,39.7,37.1
3546,-474.61,10.4917,4.52,39.6,36.9
3547,-493.74,41.8826,4.49,39.2,37.0
3548,-475.64,16.1243,4.53,38.9,36.8
3549,-488.17,7.6966,4.63,37.5,36.6
3550,-483.23,6.9276,4.52,39.2,36.2
3551,-492.53,3.9507,4.73,41.1,36.2
3552,-486.52,2.0016,4.35,38.0,36.2
3553,-494.19,3.8038,4.87,42.8,36.2
3554,-479.22,3.482,4.36,37.8,36.2
3555,-484.22,2.7497,4.57,36.1,36.2
3556,-485.45,1.8905,4.65,38.4,36.2
3557,-484.14,1.4882,4.54,40.2,36.3
3558,-491.62,2.8773,4.49,39.1,37.5
3559,-477.67,4.5646,4.41,39.6,37.9
3560,-481.88,2.6558,5.04,44.1,38.0
3561,-483.6,7.7961,4.33,40.0,37.8
3562,-483.3,3.9806,4.48,37.3,38.6
3563,-461.58,16.5167,4.46,39.0,38.2
3564,-474.56,2.3221,4.48,39.2,37.9
3565,-477.34,2.1296,4.5,40.0,37.4
3566,-478.56,6.2225,4.45,37.8,37.1
3567,-483.97,3.9615,5.01,44.9,37.1
3568,-493.97,1.796,4.44,37.2,36.9
3569,-475.92,17.3206,4.48,37.2,37.0
3570,-478.03,9.2585,4.38,37.8,36.4
3571,-483.82,1.7918,4.63,39.4,36.4
3572,-487.5,2.3038,4.59,39.0,36.4
3573,-476.37,2.5696,4.63,40.1,36.4
3574,-482.42,1.8014,4.47,38.2,36.4
3575,-484.1,1.186,4.56,41.0,36.4
3576,-475.9,4.5371,4.6,37.5,36.4
3577,-477.77,1.8632,4.54,38.5,36.3
3578,-490.29,6.8939,4.71,40.5,37.1
3579,-496.65,15.2351,4.76,40.9,37.1
3580,-484.66,3.3954,4.72,40.2,38.3
3581,-472.26,8.4728,4.44,39.2,38.8
3582,-471.72,6.1775,4.47,37.8,38.4
3583,-475.18,2.4499,4.58,38.3,38.2
3584,-476.69,3.4268,4.49,39.0,38.0
3585,-479.79,6.9663,4.6,41.2,37.9
3586,-481.15,1.7063,4.69,40.2,37.8
3587,-470.2,8.6015,4.51,40.8,37.7
3588,-481.05,2.3138,4.32,38.7,37.2
3589,-485.33,2.7207,4.28,37.8,37.1
3590,-484.84,1.1431,4.62,37.6,37.0
3591,-470.51,7.5016,4.62,40.3,36.9
3592,-473.73,17.4272,4.74,42.1,36.4
3593,-482.16,2.9541,4.54,38.7,36.3
3594,-476.81,1.6157,4.65,43.1,36.4
3595,-483.56,7.7196,4.5,36.9,36.4
3596,-477.79,3.86,4.31,37.5,36.3
3597,-484.82,4.654,4.69,39.3,36.3
3598,-476.5,6.0414,4.48,40.6,38.2
3599,-474.59,2.8592,4.6,40.9,37.8
3600,-488.26,5.5748,4.42,39.4,38.3
3601,-478.48,2.1332,5.02,46.3,38.5
3602,-472.45,2.1914,4.37,37.8,38.1
3603,-481.2,1.3374,4.42,36.8,37.8
3604,-472.5,3.4819,4.54,39.4,37.7
3605,-480.58,1.7118,4.44,38.1,37.0
3606,-474.79,1.6663,4.57,41.1,37.5
3607,-470.22,2.5237,4.69,39.6,37.3
3608,-463.72,3.4921,4.73,43.1,36.0
3609,-492.0,31.6707,4.5,37.7,36.6
3610,-484.38,14.6099,4.5,38.8,37.1
3611,-474.28,2.1679,4.67,38.6,38.0
3612,-484.12,4.2302,4.53,39.7,37.9
3613,-467.08,8.6303,4.63,39.3,36.0
3614,-473.03,6.9134,4.59,41.5,36.8
3615,-470.73,4.1931,4.45,38.0,37.4
3616,-473.42,4.3322,4.34,36.8,37.7
3617,-479.35,4.9033,4.53,39.2,38.0
3618,-482.32,6.8924,4.49,39.4,38.8
3619,-487.71,7.5496,4.92,43.0,38.6
3620,-479.13,6.8151,4.86,44.3,38.4
3621,-485.88,2.6857,4.32,37.7,38.0
3622,-477.84,2.9645,4.44,38.1,37.8
3623,-485.41,11.7422,4.66,38.7,37.8
3624,-484.45,12.5438,4.64,39.3,37.7
3625,-482.54,2.527,4.64,40.2,37.6
3626,-462.42,9.3499,5.36,48.0,38.1
3627,-484.04,2.0144,4.43,37.4,37.9
3628,-482.64,1.0115,4.71,38.3,37.9
3629,-470.08,7.9821,4.6,39.3,37.7
3630,-471.43,2.376,4.62,39.1,37.5
3631,-482.64,6.1969,4.6,38.8,37.3
3632,-461.68,8.8021,4.76,43.0,37.3
3633,-471.41,3.4792,4.48,38.7,37.2
3634,-482.22,9.5163,4.53,38.0,36.7
3635,-478.6,1.8852,4.62,39.6,36.5
3636,-492.83,7.9435,4.67,41.1,36.6
3637,-481.4,3.541,4.66,40.6,36.7
3638,-481.61,10.7486,4.42,37.6,36.7
3639,-488.0,4.7587,4.62,38.1,36.6
3640,-476.71,3.1938,4.63,42.4,36.7
3641,-470.92,4.5377,4.3,38.6,36.6
3642,-490.89,15.8495,4.45,35.7,38.6
3643,-495.44,18.1178,4.73,41.3,38.6
3644,-481.03,2.417,4.5,39.0,38.1
3645,-485.17,2.1454,4.64,40.1,38.2
3646,-495.18,3.9906,5.13,44.5,38.5
3647,-475.56,8.3851,4.33,41.7,39.0
3648,-483.13,4.6489,4.4,38.6,38.5
3649,-483.13,1.1281,4.36,38.8,38.2
3650,-482.25,2.3398,4.31,38.2,37.8
3651,-488.75,6.9334,4.52,40.3,37.6
3652,-485.43,1.393,4.55,39.0,37.3
3653,-493.67,4.5728,4.6,39.9,37.5
3654,-484.01,5.7057,4.71,41.3,37.3
3655,-488.3,2.9249,4.51,40.6,37.2
3656,-484.44,8.3908,4.46,38.0,36.8
3657,-484.29,1.8206,4.48,36.6,36.7
3658,-479.58,2.5145,4.57,39.5,36.7
3659,-490.26,7.9019,4.7,41.1,36.7
3660,-485.35,1.8278,4.43,39.3,36.6
3661,-501.55,32.4177,5.32,47.5,36.7
3662,-499.09,7.7952,4.34,38.8,36.7
3663,-497.54,3.3273,4.61,37.0,36.6
3664,-494.67,2.8181,4.61,38.7,36.8
3665,-487.89,3.5121,4.51,39.5,37.6
3666,-492.98,1.4508,4.52,39.5,37.3
3667,-494.23,3.7779,4.44,39.0,39.0
3668,-494.61,1.0425,4.69,43.7,38.9
3669,-478.82,8.8239,4.29,37.9,38.6
3670,-480.75,5.911,4.49,37.4,38.3
3671,-489.82,3.0758,4.67,42.3,38.3
3672,-507.0,21.8548,4.63,39.6,38.4
3673,-497.92,13.9322,4.74,40.9,38.4
3674,-488.97,6.825,4.86,43.1,38.2
3675,-501.28,19.6156,4.44,38.8,38.1
3676,-516.71,24.206,4.77,38.3,38.6
3677,-474.47,23.3397,4.51,39.7,38.3
3678,-491.8,13.1565,4.72,40.7,38.3
3679,-488.63,11.0661,5.05,44.2,38.6
3680,-489.81,20.2167,4.58,39.8,38.4
3681,-473.64,12.1838,4.38,36.3,38.1
3682,-489.23,10.8636,4.59,39.7,38.0
3683,-492.53,4.4348,4.63,40.2,37.6
3684,-491.89,4.7468,4.38,38.3,37.7
3685,-510.4,14.0738,4.76,43.6,37.7
3686,-504.63,2.0095,4.35,39.1,37.4
3687,-478.01,26.3084,4.39,37.3,36.7
3688,-480.22,18.4425,4.46,39.5,36.8
3689,-483.8,3.0956,4.63,39.6,36.7
3690,-485.25,1.924,4.61,40.6,36.8
3691,-512.75,27.8017,5.17,45.0,36.8
3692,-499.34,7.2992,4.29,38.4,37.6
3693,-481.64,10.0226,4.48,37.2,37.4
3694,-477.31,14.8307,4.65,40.5,38.5
3695,-491.96,1.2389,4.49,39.0,39.2
3696,-493.14,1.7073,4.55,41.4,38.9
3697,-491.71,1.8041,4.56,40.2,38.5
3698,-497.12,11.1248,4.8,44.3,38.5
3699,-511.68,16.2565,4.72,37.4,38.4
3700,-508.96,11.454,4.53,39.1,38.4
3701,-478.82,15.7343,4.64,41.4,38.0
3702,-492.06,6.1676,4.4,38.4,37.7
3703,-484.71,6.8323,4.5,39.2,37.7
3704,-483.56,2.0074,4.48,40.9,37.4
3705,-485.7,6.3139,4.63,42.4,37.4
3706,-486.55,2.5363,4.44,39.0,37.3
3707,-489.25,3.2705,4.43,36.2,36.9
3708,-490.36,1.7618,4.62,41.4,36.9
3709,-489.21,1.8225,4.55,39.4,36.8
3710,-495.86,5.171,4.61,39.9,36.8
3711,-473.71,14.5367,4.79,43.7,36.9
3712,-496.33,6.0667,4.28,38.7,36.7
3713,-492.01,2.8149,4.45,37.2,37.8
3714,-496.58,2.0259,4.61,40.3,37.7
3715,-485.12,4.4785,4.48,40.2,38.3
3716,-503.84,6.2315,4.5,38.9,39.2
3717,-496.51,3.1951,4.51,38.5,38.8
3718,-478.27,10.1808,4.65,43.0,38.8
3719,-487.32,2.5058,4.43,40.4,38.4
3720,-501.16,13.5539,4.42,38.3,37.6
3721,-496.82,3.3071,4.75,40.2,38.2
3722,-503.44,2.2771,4.75,42.0,38.2
3723,-516.71,3.7838,4.6,39.9,36.2
3724,-507.25,34.5282,4.8,42.3,37.2
3725,-514.33,18.4554,4.48,38.7,37.5
3726,-509.86,17.5431,4.37,37.2,37.9
3727,-499.23,5.8272,4.77,40.1,37.8
3728,-500.09,7.4307,4.57,40.3,37.0
3729,-486.43,3.1821,4.56,40.3,36.6
3730,-487.68,2.9089,4.86,42.8,37.3
3731,-506.39,14.2858,4.44,38.0,37.8
3732,-496.39,6.0635,4.48,37.5,38.3
3733,-502.71,2.0283,4.55,39.9,38.2
3734,-518.16,8.9274,4.58,40.8,38.1
3735,-510.85,6.2265,4.72,40.5,38.0
3736,-526.31,18.6548,5.07,45.5,38.4
3737,-500.3,8.3276,4.51,38.3,38.1
3738,-501.58,3.5542,4.41,37.0,38.0
3739,-491.6,5.0762,4.44,40.1,37.9
3740,-497.47,12.4715,4.54,38.5,37.7
3741,-499.85,2.0416,4.63,39.8,37.6
3742,-507.86,7.3326,4.89,43.8,37.7
3743,-532.26,12.3029,4.38,38.5,37.4
3744,-490.3,24.427,4.44,36.8,36.9
3745,-496.39,10.7636,4.65,41.5,36.9
3746,-514.27,7.579,4.64,38.5,36.9
3747,-498.16,25.8843,4.61,39.3,36.9
3748,-518.13,31.5965,4.55,38.0,36.9
3749,-500.5,21.4854,4.68,42.5,37.0
3750,-496.33,12.7867,4.54,37.6,36.9
3751,-500.42,5.4726,4.53,37.3,37.0
3752,-480.3,9.3957,4.46,39.4,37.5
3753,-500.85,4.55,4.51,39.6,38.7
3754,-479.84,24.1859,4.5,37.4,38.4
3755,-492.67,1.682,4.48,40.6,39.3
3756,-498.73,10.2081,4.47,36.8,39.0
3757,-500.05,5.4517,4.38,39.2,38.6
3758,-485.09,10.4499,4.53,39.7,38.5
3759,-501.62,2.8009,4.61,39.3,38.4
3760,-513.19,10.3251,4.44,38.5,38.1
3761,-516.31,8.6562,4.78,43.2,38.1
3762,-520.09,8.7736,4.41,39.9,37.8
3763,-525.59,6.3997,4.48,38.0,37.7
3764,-507.84,7.0636,4.65,41.0,37.5
3765,-491.81,9.4382,4.45,38.9,36.9
3766,-513.92,10.9855,4.65,41.8,36.9
3767,-529.63,30.2433,4.41,37.3,36.9
3768,-516.45,17.8412,4.6,43.2,36.9
3769,-513.66,3.1469,4.62,41.2,37.0
3770,-519.14,5.0986,4.5,38.3,37.0
3771,-515.47,12.086,4.51,39.6,37.0
3772,-506.04,2.7476,4.35,39.3,37.7
3773,-513.95,9.9605,4.53,37.9,38.7
3774,-517.66,9.4458,4.78,43.4,38.9
3775,-504.62,1.9584,4.41,37.9,38.5
3776,-523.31,6.6325,4.52,37.7,39.1
3777,-550.24,38.6362,4.63,39.5,39.0
3778,-521.02,5.4515,4.51,40.7,38.7
3779,-514.9,7.6481,4.57,38.4,38.5
3780,-520.86,23.4696,4.49,38.7,38.3
3781,-527.51,16.5699,4.58,41.4,38.2
3782,-500.28,6.8777,4.55,38.7,38.0
3783,-514.79,4.2768,4.67,40.9,37.8
3784,-492.44,9.8133,4.31,39.4,37.5
3785,-489.28,5.1967,4.41,38.9,37.0
3786,-510.56,12.4777,4.52,38.6,37.0
3787,-526.45,26.3588,4.53,41.8,37.0
3788,-504.07,5.1711,4.34,38.7,36.9
3789,-521.44,5.3111,4.62,38.2,37.0
3790,-511.74,2.9291,4.8,41.1,37.0
3791,-518.5,5.1825,4.53,39.0,37.3
3792,-515.15,7.0507,4.68,40.1,37.9
3793,-519.91,16.2184,4.82,43.4,37.4
3794,-507.09,2.522,4.28,39.4,38.5
3795,-488.19,12.3566,4.38,39.1,39.2
3796,-496.61,3.0954,4.34,38.9,38.6
3797,-533.97,61.9269,4.59,39.6,38.4
3798,-502.51,12.1835,4.49,39.0,38.0
3799,-513.38,13.0386,4.52,39.1,37.8
3800,-500.11,3.0481,4.88,45.3,37.9
3801,-484.5,16.921,4.49,38.4,37.6
3802,-519.34,16.2921,4.6,36.5,37.8
3803,-518.68,16.2287,4.69,42.3,37.7
3804,-500.29,2.1435,4.5,39.0,37.3
3805,-536.25,20.0248,4.46,40.0,37.0
3806,-518.08,17.4831,4.82,42.3,37.0
3807,-504.65,4.1239,4.46,41.0,37.1
3808,-500.45,2.7229,4.39,37.3,37.1
3809,-507.53,5.9804,4.47,38.2,37.0
3810,-492.1,1.6835,4.42,39.1,38.1
3811,-522.07,31.1875,4.74,40.1,37.7
3812,-535.42,49.8303,4.65,39.1,37.7
3813,-518.95,5.4422,4.9,43.3,37.9
3814,-525.95,17.7044,4.81,40.9,37.9
3815,-536.7,14.284,4.36,39.8,38.6
3816,-524.19,4.1608,4.56,36.8,39.4
3817,-534.7,5.9439,4.82,43.3,39.4
3818,-509.03,9.8734,4.49,40.0,39.1
3819,-538.52,15.8861,4.66,41.4,39.0
3820,-532.24,7.7897,4.72,42.5,39.0
3821,-533.67,5.236,4.45,39.6,38.6
3822,-534.25,6.0471,4.39,37.9,38.5
3823,-533.85,8.3281,4.87,40.1,38.7
3824,-506.56,19.6817,4.63,40.4,38.1
3825,-504.67,7.8408,4.46,38.1,37.8
3826,-521.84,9.4739,4.67,42.1,38.0
3827,-549.34,76.0596,4.48,40.2,37.8
3828,-529.95,9.4046,4.48,37.4,37.3
3829,-520.67,1.6614,4.61,38.5,37.1
3830,-531.56,1.7897,4.61,39.5,37.2
3831,-526.27,8.6399,4.61,41.9,37.2
3832,-524.01,1.9788,4.42,38.2,37.2
3833,-533.52,4.6485,4.64,42.1,37.2
3834,-524.32,2.8092,4.38,37.7,37.2
3835,-542.06,7.1294,4.62,37.3,37.3
3836,-532.68,11.7613,4.62,40.8,37.5
3837,-549.06,16.748,4.52,37.7,37.5
3838,-510.56,10.5761,4.61,42.2,37.7
3839,-538.51,5.5429,4.43,36.9,38.2
3840,-532.33,12.6032,4.57,38.1,38.7
3841,-540.25,19.1661,4.58,38.8,37.5
3842,-522.86,9.5318,4.67,40.2,37.4
3843,-532.45,12.3477,4.77,41.5,37.9
3844,-521.16,5.3313,4.48,40.1,38.3
3845,-518.98,2.1499,4.46,37.1,39.1
3846,-508.04,5.0133,4.6,38.7,37.4
3847,-523.66,11.7896,4.59,39.5,37.2
3848,-517.48,2.6434,4.48,39.5,37.3
3849,-518.65,4.4946,4.52,38.8,37.3
3850,-493.87,19.0365,4.56,42.3,37.3
3851,-513.75,3.5392,4.39,39.6,39.1
3852,-531.73,16.3512,4.62,37.2,38.8
3853,-541.25,21.4679,4.5,39.6,39.5
3854,-513.35,5.9691,4.58,39.8,39.3
3855,-521.95,5.6857,4.49,39.6,39.0
3856,-529.89,2.9385,4.53,42.0,38.8
3857,-545.08,9.4004,4.41,39.8,38.5
3858,-540.17,2.3766,4.38,38.2,38.1
3859,-544.83,1.2385,4.64,38.9,38.0
3860,-551.5,10.0998,4.51,39.3,38.1
3861,-537.96,6.3025,4.49,40.5,37.9
3862,-555.51,10.4977,4.45,38.0,37.4
3863,-539.56,4.18,4.46,41.8,37.3
3864,-547.86,15.8715,4.58,38.8,37.3
3865,-546.65,4.9453,4.36,37.0,37.3
3866,-544.99,2.848,4.61,39.0,37.2
3867,-558.53,23.4857,4.57,40.7,37.3
3868,-542.07,3.6115,4.5,39.1,37.3
3869,-537.04,7.4066,4.7,43.3,37.2
3870,-553.25,24.3118,4.36,39.0,37.8
3871,-550.97,14.5338,4.48,37.5,38.8
3872,-545.69,5.6909,4.68,38.9,38.7
3873,-531.1,21.5839,4.59,39.8,39.5
3874,-536.54,2.7625,4.53,39.5,39.4
3875,-544.12,3.2477,4.9,42.5,39.5
3876,-538.28,2.1757,4.34,38.4,39.1
3877,-518.25,17.6403,4.36,37.2,38.9
3878,-528.42,2.2579,4.71,40.7,38.7
3879,-528.49,1.813,4.51,40.6,38.3
3880,-539.7,4.2763,4.49,39.0,38.1
3881,-536.89,1.6992,4.43,38.9,38.1
3882,-524.32,6.2154,4.78,44.0,38.1
3883,-527.02,4.494,4.5,38.4,38.0
3884,-507.16,12.6006,4.4,36.6,37.3
3885,-510.88,9.1392,4.56,38.1,37.4
3886,-516.22,19.6638,4.63,40.3,37.4
3887,-521.66,19.6322,4.61,40.2,37.4
3888,-507.28,13.0153,4.73,40.1,37.4
3889,-512.56,1.4738,4.86,43.3,37.4
3890,-512.7,2.3627,4.52,38.6,37.4
3891,-539.42,25.7249,4.56,38.2,37.4
3892,-515.78,6.9295,4.52,40.1,37.4
3893,-525.03,14.958,4.68,39.3,37.4
3894,-522.22,3.3145,4.49,39.0,37.8
3895,-512.88,10.2766,5.14,45.9,37.4
3896,-500.62,7.9012,4.39,37.6,38.1
3897,-509.89,1.876,4.42,37.6,39.3
3898,-517.25,3.223,4.68,40.1,38.9
3899,-518.49,4.5165,4.64,39.3,38.8
3900,-526.86,7.5256,4.83,39.8,38.9
3901,-524.78,2.2819,4.79,42.1,39.5
3902,-528.61,2.6352,4.28,38.2,39.3
3903,-521.71,5.0778,4.51,37.0,39.1
3904,-529.25,10.1849,4.49,40.6,39.0
3905,-513.6,1.3958,4.63,42.7,38.6
3906,-531.26,13.1559,4.48,39.4,38.5
3907,-529.3,2.5458,4.66,40.9,38.5
3908,-552.33,9.0056,4.46,41.1,38.3
3909,-540.33,11.235,4.47,38.0,38.1
3910,-547.14,5.9614,4.64,39.5,38.3
3911,-563.96,11.9212,4.52,39.4,38.1
3912,-542.06,4.3051,4.65,40.7,37.7
3913,-545.8,10.2601,4.48,39.5,37.5
3914,-564.36,18.4094,4.51,42.4,37.5
3915,-553.98,7.3767,4.74,37.2,38.1
3916,-552.59,1.5503,4.59,41.0,37.8
3917,-545.0,37.1002,4.64,39.5,37.5
3918,-527.94,16.199,4.53,39.5,37.5
3919,-569.92,22.8481,4.69,42.7,37.5
3920,-541.07,26.256,4.63,36.8,37.5
3921,-548.11,2.0996,4.57,38.9,37.5
3922,-536.42,8.0063,4.66,41.6,37.4
3923,-526.36,6.6084,4.5,39.1,37.5
3924,-530.16,6.7126,4.39,39.4,37.4
3925,-543.4,7.2806,4.74,42.2,37.6
3926,-534.44,3.6917,4.47,38.5,38.3
3927,-566.27,26.7276,4.45,36.9,39.0
3928,-568.66,37.4803,4.69,40.4,38.9
3929,-566.86,17.4644,4.49,39.1,39.7
3930,-551.04,10.5137,4.51,39.5,39.3
3931,-588.35,34.0745,4.78,42.9,39.3
3932,-581.66,15.7965,4.71,41.7,38.8
3933,-553.58,41.7866,4.38,36.6,38.6
3934,-554.48,14.6194,4.59,40.8,38.4
3935,-545.17,14.7256,4.48,39.1,38.1
3936,-547.04,8.1254,4.49,39.7,38.2
3937,-558.16,29.4763,4.47,38.4,37.9
3938,-552.49,3.2202,4.49,40.1,37.5
3939,-548.54,10.488,4.71,36.9,37.5
3940,-559.01,8.847,4.61,40.1,37.5
3941,-539.1,5.1371,4.45,39.9,37.5
3942,-545.88,4.3768,4.62,39.0,37.4
3943,-550.23,11.6964,4.63,42.7,37.5
3944,-549.59,7.9652,4.63,37.3,37.5
3945,-544.68,12.227,4.49,40.6,39.4
3946,-549.49,12.9291,4.76,39.6,38.2
3947,-549.34,9.0923,4.54,40.0,39.3
3948,-545.08,5.9499,4.89,41.4,39.4
3949,-542.74,23.5489,4.56,40.3,39.1
3950,-539.74,3.1926,4.37,36.8,39.8
3951,-537.75,3.6199,4.72,39.3,38.9
3952,-535.58,2.8514,4.64,40.1,38.5
3953,-512.16,10.0568,4.68,40.2,37.1
3954,-540.12,17.0846,5.04,46.4,37.8
3955,-522.28,2.9173,4.5,38.7,38.4
3956,-523.71,4.2658,4.51,36.5,39.2
3957,-533.97,5.505,4.46,35.9,39.0
3958,-520.1,3.4902,4.61,40.7,37.1
3959,-536.25,3.4509,4.63,40.3,37.8
3960,-520.12,11.982,4.56,39.3,38.3
3961,-525.16,5.9362,4.75,41.5,39.1
3962,-512.5,9.563,4.41,42.1,38.6
3963,-525.08,4.9866,4.35,37.7,39.8
3964,-518.46,11.5745,4.73,37.7,39.9
3965,-510.72,3.2392,4.85,42.0,39.6
3966,-541.68,19.259,4.67,42.2,39.7
3967,-511.92,2.1518,4.57,38.6,39.6
3968,-515.01,1.6458,4.56,42.8,39.4
3969,-509.62,1.9959,4.32,38.1,39.2
3970,-505.1,10.0,4.42,37.7,38.9
3971,-511.65,4.9499,4.59,40.8,38.9
3972,-520.01,17.7904,4.75,39.5,38.9
3973,-503.29,11.4908,4.64,40.4,38.3
3974,-519.29,2.5062,5.13,45.9,38.5
3975,-535.37,9.3084,4.56,37.5,38.4
3976,-536.38,6.6395,4.45,37.3,38.5
3977,-537.21,2.3712,4.81,41.5,38.4
3978,-530.01,10.07,4.51,39.3,38.3
3979,-545.46,7.0579,4.74,39.4,38.1
3980,-540.06,2.4632,4.66,42.0,38.2
3981,-531.14,3.1589,4.54,37.8,37.8
3982,-547.21,8.6555,4.43,36.8,37.6
3983,-535.1,1.1331,4.61,39.4,37.6
3984,-543.83,2.3094,4.57,39.0,37.6
3985,-524.64,6.4523,4.63,38.7,37.7
3986,-535.57,3.0387,4.63,42.0,37.7
3987,-533.75,10.5031,4.48,36.8,37.7
3988,-540.1,5.1308,4.65,38.3,37.6
3989,-513.31,20.2902,4.62,40.4,37.7
3990,-542.17,3.7593,4.59,38.4,38.6
3991,-535.71,4.504,4.82,44.2,38.5
3992,-516.16,15.2658,4.48,39.4,39.3
3993,-516.53,8.0656,4.48,36.8,40.0
3994,-529.64,18.2255,4.56,38.6,39.7
3995,-523.25,9.7562,4.66,39.2,39.5
3996,-523.04,5.0978,4.57,38.8,39.4
3997,-527.3,3.1976,4.73,41.7,39.6
3998,-517.35,6.6798,4.84,38.7,39.3
3999,-523.78,4.2828,4.65,39.1,40.0
4000,-528.51,2.6357,4.74,40.4,40.0
4001,-516.53,6.0261,5.03,45.8,40.1
4002,-522.94,3.4577,4.52,39.0,39.7
4003,-511.83,4.0306,4.56,37.5,39.6
4004,-503.91,6.6926,4.65,39.9,39.5
4005,-520.07,9.1817,4.61,38.5,39.3
4006,-533.1,15.8854,4.55,39.2,39.1
4007,-531.01,24.981,5.22,47.9,39.2
4008,-524.84,3.7127,4.42,37.2,39.1
4009,-534.91,5.5016,4.55,36.6,38.9
4010,-541.55,3.3683,4.65,40.9,39.0
4011,-528.2,13.1363,4.54,39.3,38.7
4012,-525.8,11.9602,4.63,41.4,38.3
4013,-519.9,10.6317,4.61,39.0,38.6
4014,-539.05,12.1691,4.8,44.7,38.6
4015,-523.58,3.5957,4.54,37.5,38.3
4016,-534.11,7.3733,4.68,39.6,38.3
4017,-530.1,3.7928,4.68,39.0,38.2
4018,-523.65,7.498,4.48,39.5,37.8
4019,-538.05,2.5774,4.77,42.2,37.8
4020,-528.61,7.4403,4.47,39.1,37.8
4021,-553.06,30.4477,4.54,37.1,37.8
4022,-564.07,31.8408,4.72,40.5,37.7
4023,-565.89,16.1887,4.67,39.7,37.8
4024,-543.59,21.2906,4.57,38.6,38.1
4025,-548.48,25.2883,5.3,47.5,37.8
4026,-555.72,12.1028,4.61,39.7,38.5
4027,-543.81,3.6729,4.57,38.0,38.4
4028,-568.21,16.8822,4.43,36.8,39.6
4029,-598.97,70.2227,4.48,38.7,39.3
4030,-596.08,32.1622,4.5,40.0,40.1
4031,-574.13,28.3842,4.66,40.9,39.9
4032,-598.77,17.1507,4.43,38.2,39.4
4033,-598.63,20.5661,4.52,42.6,39.1
4034,-582.8,17.2171,4.41,38.3,38.7
4035,-565.07,19.2614,4.72,39.3,38.7
4036,-577.46,11.1406,4.54,39.8,38.4
4037,-588.29,24.8181,4.71,38.6,38.4
4038,-579.77,14.7122,4.64,40.1,38.6
4039,-583.9,8.0784,4.59,44.0,38.5
4040,-579.0,3.6264,4.44,39.5,37.9
4041,-577.5,3.7898,4.41,36.9,37.9
4042,-571.63,2.5362,4.69,39.3,37.9
4043,-558.35,7.6631,4.62,39.6,37.9
4044,-547.12,3.8689,4.67,40.6,37.9
4045,-554.56,7.7836,4.93,44.5,37.9
4046,-549.25,2.6442,4.3,40.2,37.9
4047,-550.38,1.5378,4.56,35.8,37.9
4048,-554.75,4.0317,4.58,38.8,37.9
4049,-552.8,3.5931,4.57,40.4,37.8
4050,-562.42,6.6146,4.65,39.2,37.9
4051,-555.7,3.6813,4.64,43.6,38.7
4052,-550.68,2.5639,4.34,40.2,39.7
4053,-568.59,8.4672,4.66,38.3,39.5
4054,-542.5,4.708,4.58,39.4,40.3
4055,-542.13,5.1828,4.6,40.2,40.0
4056,-563.39,15.0225,4.67,39.7,39.8
4057,-571.13,13.7509,4.89,43.6,39.9
4058,-545.75,23.2812,4.51,37.6,39.5
4059,-570.62,10.4095,4.5,38.5,39.3
4060,-549.56,4.8048,4.49,39.8,38.9
4061,-558.99,3.2238,4.51,39.5,38.7
4062,-559.57,4.7705,4.42,38.9,38.7
4063,-559.74,4.125,4.79,45.0,38.6
4064,-581.17,8.9049,4.35,38.4,38.3
4065,-558.67,5.8803,4.35,36.8,37.9
4066,-569.87,4.547,4.74,38.8,38.1
4067,-551.25,14.0374,4.61,40.5,38.8
4068,-548.48,3.1321,4.54,39.5,39.7
4069,-547.78,1.4368,4.59,39.8,38.4
4070,-567.21,17.2262,4.44,39.7,37.9
4071,-556.79,5.3,4.49,37.5,38.3
4072,-551.78,2.1172,4.57,38.7,39.0
4073,-573.37,6.6368,4.9,42.5,38.9
4074,-594.85,16.9518,4.59,38.4,37.6
4075,-575.1,3.5205,5.01,45.6,38.2
4076,-574.93,10.9471,4.55,37.8,39.0
4077,-576.45,3.9816,4.4,37.8,39.4
4078,-573.62,18.2606,4.92,40.3,39.6
4079,-571.24,9.3128,5.14,43.8,39.4
4080,-566.43,7.4648,4.5,40.3,40.0
4081,-564.87,6.7681,4.46,38.0,39.7
4082,-599.52,35.1568,4.49,38.9,39.5
4083,-584.73,7.7775,4.52,39.7,39.3
4084,-613.24,21.5238,4.66,39.9,39.3
4085,-609.67,19.4925,4.99,44.4,39.6
4086,-598.2,14.1045,4.51,38.2,39.4
4087,-598.09,5.769,4.68,41.1,39.1
4088,-592.86,7.1257,4.66,40.5,39.1
4089,-592.57,2.6898,4.47,40.2,38.7
4090,-609.5,22.4976,4.75,39.9,38.6
4091,-622.67,18.8461,4.74,43.9,38.8
4092,-595.14,16.2644,4.59,37.0,38.7
4093,-593.5,8.9565,4.87,40.8,38.6
4094,-594.29,5.9935,4.52,38.9,38.2
4095,-589.06,3.1,4.59,40.2,38.0
4096,-606.05,13.2024,4.4,37.1,38.0
4097,-593.66,3.0407,4.59,43.4,38.0
4098,-597.17,2.5464,4.54,38.1,38.0
4099,-592.15,2.8361,4.41,37.8,37.9
4100,-584.08,27.8446,4.65,39.7,38.8
4101,-598.87,9.3668,4.56,39.6,39.1
4102,-593.53,8.3009,4.48,38.5,39.6
4103,-582.28,9.9297,4.89,44.2,39.7
4104,-592.15,3.4606,4.64,39.2,39.5
4105,-585.94,3.9274,4.44,37.1,40.3
4106,-571.49,14.0767,4.34,38.8,39.8
4107,-611.23,42.5777,4.62,39.9,39.6
4108,-575.16,26.8977,4.65,40.6,39.4
4109,-597.03,11.5864,5.16,45.9,39.8
4110,-597.08,6.6667,4.44,38.4,39.7
4111,-598.06,13.4757,4.73,38.2,39.7
4112,-585.1,11.395,4.51,38.5,39.5
4113,-573.0,9.239,4.58,40.5,39.4
4114,-591.66,11.1544,4.69,40.6,38.9
4115,-594.64,22.5598,5.08,44.6,39.0
4116,-593.29,7.0917,4.64,36.6,38.9
4117,-562.81,27.9849,4.53,38.7,38.7
4118,-586.99,13.0965,4.65,40.3,38.5
4119,-585.96,10.6449,4.58,39.8,38.7
4120,-587.8,7.127,4.57,37.5,38.6
4121,-588.51,3.3261,4.45,41.0,38.0
4122,-595.18,7.7235,4.56,37.0,37.9
4123,-590.12,20.7433,4.61,39.4,38.0
4124,-589.45,4.4484,4.61,41.3,38.0
4125,-565.72,13.257,4.88,41.0,37.9
4126,-558.96,15.2345,4.9,43.7,38.0
4127,-566.11,136.3691,4.46,39.3,38.1
4128,-579.14,96.1697,4.63,37.6,38.7
4129,-566.09,14.8615,4.6,40.0,39.8
4130,-582.11,22.9325,4.57,40.2,39.4
4131,-567.07,10.384,4.66,39.8,40.3
4132,-599.84,7.0564,5.18,46.3,39.5
4133,-568.29,19.2616,4.59,39.0,40.3
4134,-578.51,4.6945,4.85,39.7,40.3
4135,-585.78,3.121,4.68,39.9,40.2
4136,-585.25,5.9506,4.42,39.8,39.8
4137,-562.82,13.8639,4.53,38.3,39.5
4138,-579.35,5.2906,4.54,42.4,39.5
4139,-594.56,18.7581,4.48,38.6,39.1
4140,-592.39,11.4269,4.71,38.1,38.9
4141,-586.03,7.8282,4.56,38.1,38.9
4142,-596.44,4.6555,4.66,40.5,38.7
4143,-604.41,51.0285,4.64,39.2,38.7
4144,-584.72,10.4825,4.48,38.4,38.1
4145,-573.48,8.3371,4.83,44.5,38.3
4146,-597.79,20.9074,4.48,38.3,38.1
4147,-571.19,5.7225,4.75,38.6,38.1
4148,-582.79,14.6895,4.48,40.3,38.1
4149,-587.83,6.3606,4.66,40.0,38.1
4150,-589.35,5.8832,4.48,38.4,38.1
4151,-575.99,11.6548,4.85,43.6,38.1
4152,-589.89,6.785,4.46,39.0,38.3
4153,-561.89,23.1743,4.59,38.2,39.0
4154,-602.86,14.4657,4.72,39.7,39.9
4155,-575.95,6.52,4.51,38.2,39.5
4156,-588.36,10.601,4.59,40.3,40.3
4157,-599.85,13.0177,4.65,41.4,40.0
4158,-568.96,7.599,4.44,41.3,39.7
4159,-565.96,18.5,4.5,37.7,39.3
4160,-580.27,1.544,4.69,42.1,39.2
4161,-576.77,6.4133,4.73,39.9,38.9
4162,-551.68,25.151,4.57,40.9,38.7
4163,-604.37,27.1003,4.64,40.6,38.9
4164,-573.35,10.8944,4.64,40.9,38.7
4165,-560.73,15.0874,4.54,38.3,38.5
4166,-564.03,9.742,4.77,39.8,38.4
4167,-593.28,32.1361,4.62,40.1,38.2
4168,-571.1,4.9829,4.53,40.4,38.1
4169,-576.17,13.1811,4.59,39.2,38.1
4170,-573.44,4.8153,4.45,40.3,38.2
4171,-570.05,10.5621,4.42,38.5,38.1
4172,-577.02,2.8703,4.46,36.7,38.1
4173,-544.88,23.4415,4.54,40.6,38.9
4174,-553.73,3.7036,4.48,40.5,39.9
4175,-575.62,23.0542,4.52,38.5,40.2
4176,-577.2,31.4357,4.75,42.2,40.2
4177,-590.59,34.0147,4.67,37.6,40.1
4178,-555.29,5.3282,4.54,39.2,39.9
4179,-573.28,4.1296,4.6,41.0,39.7
4180,-584.39,6.1908,4.61,39.3,39.0
4181,-558.69,30.3691,4.63,40.6,39.5
4182,-560.45,5.9836,4.44,40.1,39.7
4183,-579.2,15.8138,4.53,38.1,38.2
4184,-586.08,39.9971,4.57,38.4,37.7
4185,-561.18,4.4583,4.78,42.3,38.6
4186,-578.66,7.8029,4.67,40.0,39.0
4187,-580.14,6.625,4.87,42.4,39.9
4188,-590.25,14.1613,4.54,40.0,39.4
4189,-589.17,3.0976,4.59,37.7,37.8
4190,-579.84,10.4211,4.56,40.7,38.4
4191,-578.9,14.6489,4.65,40.5,38.7
4192,-588.01,3.9962,4.43,39.0,38.9
4193,-575.3,6.0933,4.51,38.6,39.0
4194,-576.88,3.0651,4.67,42.5,39.0
4195,-582.23,2.2796,4.56,39.1,38.4
4196,-567.29,4.8281,4.33,36.6,38.3
4197,-569.65,3.5568,4.52,40.9,38.3
4198,-564.64,2.8249,4.53,39.4,38.3
4199,-584.13,18.5143,4.63,40.7,38.2
4200,-570.65,4.1453,4.65,40.4,38.2
4201,-598.53,21.5591,4.53,38.8,38.3
4202,-565.78,13.4151,4.69,39.9,38.2
4203,-578.01,25.2144,4.78,41.2,38.3
4204,-565.35,16.3058,4.56,39.0,38.3
4205,-574.63,2.184,4.72,42.8,38.2
4206,-588.03,17.3621,4.51,38.8,38.2
4207,-579.04,5.4031,4.65,37.5,38.3
4208,-570.25,11.6604,4.51,40.4,38.6
4209,-564.08,8.4259,4.65,41.9,38.9
4210,-582.8,7.8893,4.55,40.2,39.8
4211,-591.34,23.9844,5.04,43.5,38.8
4212,-562.2,8.3383,4.33,38.6,39.8
4213,-591.59,7.4127,4.39,38.4,40.4
4214,-605.95,13.4647,4.64,38.5,40.3
4215,-588.38,5.204,4.59,40.1,39.8
4216,-565.99,28.4695,4.62,38.7,39.7
4217,-598.74,5.3235,4.58,40.4,39.6
4218,-588.54,2.5304,4.79,41.2,39.6
4219,-566.61,21.4319,4.49,43.5,39.2
4220,-591.22,6.36,4.47,39.1,39.0
4221,-584.66,5.3116,4.47,36.5,38.5
4222,-573.35,11.6102,4.61,41.5,38.3
4223,-544.48,26.6809,4.47,39.7,38.3
4224,-560.3,10.3262,4.61,40.1,38.3
4225,-549.25,6.3318,4.74,43.1,38.3
4226,-555.05,2.7128,4.51,40.2,38.3
4227,-551.87,4.7945,4.44,38.3,38.3
4228,-561.49,10.8117,4.43,36.6,38.9
4229,-546.07,9.3621,4.57,40.0,40.3
4230,-588.3,39.7108,4.61,39.3,40.0
4231,-571.73,18.7728,4.54,38.6,39.8
4232,-576.07,11.5681,4.76,42.0,40.7
4233,-569.94,5.3434,4.43,38.8,40.4
4234,-572.03,3.2544,4.47,39.3,40.2
4235,-578.14,5.0726,4.52,40.2,39.9
4236,-607.38,36.6801,4.69,39.6,39.8
4237,-556.63,19.3813,4.39,38.4,39.5
4238,-575.58,3.6528,4.46,40.0,39.1
4239,-581.28,3.2267,4.39,38.0,39.1
4240,-575.92,2.874,4.7,42.8,39.1
4241,-573.43,1.7003,4.47,39.5,38.9
4242,-572.23,4.7316,4.58,38.4,38.4
4243,-571.24,2.3587,4.68,39.5,38.4
4244,-577.91,8.9296,4.53,39.1,38.4
4245,-562.38,8.2005,4.69,41.3,38.3
4246,-555.22,17.2362,4.63,38.4,38.4
4247,-574.33,4.5666,4.74,41.9,38.5
4248,-566.7,1.8904,4.43,41.1,38.5
4249,-570.22,1.3183,4.75,39.8,38.4
4250,-564.74,18.5487,4.51,37.6,38.4
4251,-567.3,2.1506,4.72,40.6,38.4
4252,-574.58,2.8588,4.7,39.6,39.3
4253,-590.32,11.9229,5.02,42.6,38.5
4254,-569.09,12.6805,4.42,37.4,39.2
4255,-585.91,6.0868,4.48,37.4,40.2
4256,-570.53,5.2115,4.38,40.7,40.9
4257,-574.11,2.5332,4.64,40.7,40.6
4258,-566.28,2.9753,4.66,39.8,40.5
4259,-569.22,5.5145,4.73,43.4,40.3
4260,-582.37,12.417,4.59,43.3,40.0
4261,-587.09,20.2578,4.56,37.8,39.9
4262,-575.2,7.5725,4.72,40.3,39.8
4263,-569.58,11.3627,4.88,43.2,39.9
4264,-583.89,4.2334,4.65,39.9,39.8
4265,-582.82,4.3855,5.14,46.0,40.0
4266,-578.99,8.8254,4.44,39.0,39.8
4267,-580.45,7.62,4.41,37.1,39.5
4268,-569.54,2.7376,4.62,39.7,39.5
4269,-564.29,2.8974,4.73,42.9,38.9
4270,-560.51,2.2466,4.41,38.4,39.0
4271,-574.96,22.6996,4.63,41.1,38.9
4272,-602.36,28.9193,4.77,42.4,38.9
4273,-581.08,24.5564,4.5,37.6,38.5
4274,-590.54,12.9663,4.73,38.0,38.5
4275,-571.4,5.8437,4.73,41.2,38.4
4276,-580.9,7.4742,4.61,40.9,38.4
4277,-590.52,17.4175,4.58,39.5,38.4
4278,-598.67,7.8251,4.49,39.4,38.4
4279,-568.81,14.1258,4.62,37.6,38.3
4280,-597.98,6.93,4.69,39.5,38.4
4281,-562.08,27.8981,4.64,40.9,38.4
4282,-556.04,32.1373,4.68,40.6,38.9
4283,-575.93,18.844,4.87,44.8,40.0
4284,-578.43,14.6836,4.5,38.3,39.9
4285,-579.75,6.8589,4.56,37.8,40.7
4286,-581.32,3.1061,4.53,39.3,40.3
4287,-573.55,7.4754,4.64,40.0,40.1
4288,-588.48,17.6401,4.49,38.1,39.9
4289,-590.43,14.3302,5.43,47.9,40.3
4290,-566.01,9.5543,4.69,38.5,40.2
4291,-578.17,20.7688,4.66,38.4,39.9
4292,-559.48,9.4086,4.46,40.0,39.7
4293,-597.28,59.75,4.53,40.5,39.5
4294,-549.54,19.1543,4.63,39.6,39.2
4295,-577.75,19.9559,4.91,45.2,38.9
4296,-608.49,59.3671,4.79,41.8,39.1
4297,-581.75,7.6437,4.5,37.2,39.9
4298,-565.16,8.8991,4.69,40.0,39.4
4299,-546.71,37.0046,4.71,41.1,38.0
4300,-570.98,10.3707,4.42,39.2,38.7
4301,-569.82,4.7307,4.49,38.5,39.0
4302,-582.94,36.4371,4.64,42.3,39.5
4303,-564.98,19.4431,4.66,37.5,40.3
4304,-556.81,2.517,4.68,39.8,38.9
4305,-565.33,3.6392,4.47,39.1,38.1
4306,-593.48,54.3217,4.65,40.5,38.6
4307,-583.2,12.7673,4.49,38.5,39.2
4308,-555.07,15.5699,4.94,47.1,39.2
4309,-566.65,11.779,4.52,38.8,39.1
4310,-575.97,1.5528,4.49,38.3,38.6
4311,-576.4,3.4441,4.79,39.3,38.6
4312,-581.7,2.2874,4.57,40.0,38.6
4313,-567.82,13.6115,4.53,38.3,38.6
4314,-564.29,6.7666,4.66,42.5,38.6
4315,-560.3,8.8896,4.45,38.3,38.6
4316,-572.9,9.8307,4.49,38.2,38.6
4317,-568.41,9.1596,4.67,39.2,38.6
4318,-553.96,2.8469,4.87,40.5,38.5
4319,-567.91,7.8107,4.64,40.6,38.7
4320,-558.11,3.6108,4.93,44.1,38.7
4321,-567.99,2.0156,4.47,37.2,39.1
4322,-557.15,9.9423,4.71,39.7,40.2
4323,-581.93,19.3235,4.6,39.2,40.9
4324,-565.93,11.9862,4.48,40.2,40.8
4325,-566.0,9.2358,4.72,39.2,40.8
4326,-564.84,6.9558,4.89,44.8,40.9
4327,-550.61,5.1751,4.59,39.2,40.7
4328,-566.79,11.4288,4.58,37.4,40.1
4329,-555.94,4.8471,4.51,40.0,40.6
4330,-564.8,3.2883,4.55,41.0,40.2
4331,-549.61,10.2494,4.85,44.2,40.2
4332,-544.79,14.053,4.59,39.4,40.1
4333,-535.6,15.2066,4.79,38.2,40.2
4334,-561.73,25.9295,4.47,39.6,39.9
4335,-529.21,5.3197,4.7,41.9,39.7
4336,-532.38,2.9914,4.67,40.9,39.5
4337,-568.02,59.0956,4.86,42.5,39.7
4338,-557.05,10.0458,4.36,39.4,39.4
4339,-549.8,3.3565,4.39,37.7,39.5
4340,-550.01,1.5988,4.54,36.9,39.5
4341,-539.5,6.4061,4.59,39.7,39.2
4342,-560.21,14.5807,4.48,41.3,38.8
4343,-538.59,6.1873,4.52,39.4,38.7
4344,-557.39,6.7344,4.56,41.0,38.7
4345,-555.15,3.3356,4.69,43.0,38.7
4346,-539.98,6.026,4.42,39.3,38.7
4347,-548.42,4.1509,4.57,37.2,38.8
4348,-546.66,0.6389,4.5,39.4,39.4
4349,-543.34,3.6789,4.9,43.2,40.7
4350,-553.1,3.7553,4.6,39.9,40.6
4351,-549.26,7.5757,4.5,37.8,40.3
4352,-559.49,5.2746,4.58,42.2,40.9
4353,-560.93,14.03,4.66,38.0,40.7
4354,-552.99,4.3373,4.66,39.4,40.5
4355,-557.13,2.1088,4.74,41.3,40.4
4356,-576.03,9.9922,4.8,41.1,40.3
4357,-565.02,3.7319,4.71,41.4,40.3
4358,-570.05,2.1835,4.4,38.9,40.0
4359,-566.89,5.183,4.84,37.8,40.2
4360,-579.69,6.7386,4.66,39.6,40.0
4361,-567.97,6.0209,4.79,40.0,40.0
4362,-568.58,1.5421,4.55,39.5,39.9
4363,-573.82,2.5129,4.86,44.1,39.9
4364,-565.27,5.0218,4.51,38.2,39.7
4365,-583.34,11.7997,4.7,36.9,39.8
4366,-556.2,9.3377,4.72,40.1,39.7
4367,-576.6,41.9051,4.67,40.8,39.8
4368,-571.37,16.5024,4.57,38.7,39.5
4369,-540.07,10.2462,4.87,40.3,39.5
4370,-574.11,25.188,4.69,42.0,39.3
4371,-587.92,57.1129,4.69,38.5,39.1
4372,-556.51,11.2599,4.65,38.0,38.9
4373,-544.28,10.5747,4.58,39.4,38.9
4374,-537.3,10.4898,4.49,38.5,38.9
4375,-554.47,11.1877,4.81,40.2,38.9
4376,-563.53,39.2718,4.9,44.5,38.9
4377,-546.32,2.5323,4.7,39.3,38.8
4378,-559.81,18.9355,4.74,37.6,38.8
4379,-546.75,13.3937,4.66,39.8,38.8
4380,-553.12,12.6007,4.61,40.0,38.8
4381,-542.84,8.5159,4.59,39.2,38.8
4382,-545.18,9.0437,4.77,43.6,38.8
4383,-539.37,4.3519,4.56,38.6,38.9
4384,-531.13,2.5502,4.73,37.7,39.8
4385,-549.58,23.7997,4.58,39.9,39.5
4386,-547.37,11.7894,4.76,39.1,40.7
4387,-548.79,4.571,4.63,39.0,40.5
4388,-560.23,12.1238,4.59,40.4,41.1
4389,-541.05,26.5977,4.52,38.2,41.0
4390,-536.74,18.9037,4.65,38.8,40.6
4391,-555.74,5.3275,4.47,38.5,40.3
4392,-559.86,21.3735,4.5,39.9,40.1
4393,-546.46,5.8131,4.55,38.7,39.8
4394,-554.32,5.9234,4.66,42.5,39.7
4395,-538.71,4.162,4.51,38.5,39.6
4396,-542.84,6.0168,4.67,35.7,39.6
4397,-528.42,5.5926,4.59,40.9,39.3
4398,-531.98,2.3412,4.44,38.0,38.8
4399,-545.64,18.1947,4.74,40.2,38.9
4400,-557.09,10.2098,4.78,41.8,38.8
4401,-571.45,9.2311,4.63,39.6,38.9
4402,-555.0,12.246,4.46,36.3,38.8
4403,-564.26,11.8213,4.7,40.4,38.9
4404,-580.58,16.8693,4.61,39.9,38.9
4405,-550.43,21.7413,4.73,40.4,38.8
4406,-550.81,6.0476,4.62,39.1,38.8
4407,-548.25,5.5347,4.55,40.8,38.9
4408,-554.27,9.1203,4.65,38.9,38.9
4409,-562.45,11.1804,4.71,38.3,38.9
4410,-554.78,7.164,4.65,39.7,39.3
4411,-541.88,11.8781,4.72,39.1,39.0
4412,-567.19,4.8332,4.5,37.9,39.1
4413,-564.65,4.9539,4.74,43.5,39.8
4414,-540.76,7.2799,4.58,38.3,39.8
4415,-532.36,6.6408,4.57,37.1,38.9
4416,-536.75,9.0208,4.68,40.8,39.0
4417,-520.14,6.8754,4.67,41.3,39.3
4418,-517.74,3.1052,4.61,39.7,40.0
4419,-538.09,22.5916,4.52,38.8,39.8
4420,-535.57,14.2451,4.65,42.3,38.4
4421,-521.26,2.1001,4.46,38.1,38.9
4422,-537.23,3.4097,4.62,37.1,38.9
4423,-547.72,11.7903,4.66,41.2,38.9
4424,-526.26,9.0973,4.61,39.5,39.0
4425,-525.9,5.1617,4.65,38.8,38.9
4426,-534.2,3.7673,5.04,44.4,38.9
4427,-516.11,4.6598,4.42,37.5,39.8
4428,-525.41,2.7347,4.55,37.8,39.6
4429,-538.96,24.911,4.7,39.8,39.4
4430,-539.35,5.0772,4.45,40.9,41.3
4431,-548.07,3.8949,4.59,39.7,41.1
4432,-548.83,13.567,4.5,38.8,40.8
4433,-525.15,6.6186,4.5,42.5,40.6
4434,-545.75,3.1661,4.44,38.0,40.5
4435,-532.15,1.8952,4.55,36.2,40.3
4436,-533.05,1.7309,4.74,41.4,40.3
4437,-552.1,10.7249,4.68,40.0,40.3
4438,-538.22,9.8861,4.66,40.6,40.1
4439,-529.82,4.3602,4.5,38.6,39.9
4440,-527.47,16.0202,4.48,41.9,39.9
4441,-544.37,11.2012,4.37,38.0,39.5
4442,-525.62,1.5025,4.47,37.3,39.0
4443,-530.5,5.1536,4.6,39.0,39.0
4444,-554.39,18.0489,4.83,42.5,39.0
4445,-553.6,9.7628,4.57,38.9,39.0
4446,-548.49,3.5955,4.43,40.2,39.0
4447,-538.91,19.106,4.44,37.1,38.9
4448,-538.42,15.177,4.46,37.8,39.0
4449,-515.09,26.0037,4.5,37.5,40.6
4450,-536.88,8.1035,4.71,41.7,40.3
4451,-555.84,12.7117,4.71,40.3,40.2
4452,-530.8,1.1328,4.38,38.1,39.9
4453,-552.96,12.6682,4.61,43.7,39.8
4454,-551.1,3.4056,4.66,37.2,40.0
4455,-552.37,3.7955,4.57,38.5,39.8
4456,-541.68,8.1363,4.79,40.3,39.9
4457,-552.73,16.6974,4.77,42.2,39.8
4458,-525.77,19.6333,4.95,44.0,39.9
4459,-547.05,7.9537,4.56,36.1,40.0
4460,-551.64,10.4746,4.68,41.0,39.9
4461,-566.4,14.0036,4.65,39.6,39.9
4462,-537.04,17.9111,4.65,40.3,39.7
4463,-565.62,5.0527,5.09,45.4,39.9
4464,-563.49,5.4408,4.45,39.3,39.9
4465,-548.59,26.5699,4.44,39.2,39.5
4466,-553.53,9.7744,4.87,41.0,39.5
4467,-541.87,12.4692,4.64,39.9,39.3
4468,-537.51,5.943,4.72,39.0,39.5
4469,-557.74,19.329,5.13,46.7,39.9
4470,-544.56,5.9868,4.59,39.1,39.2
4471,-537.88,6.938,4.58,37.2,39.2
4472,-548.98,3.0455,4.65,39.7,39.2
4473,-544.22,2.6966,4.59,38.7,39.2
4474,-559.21,2.2741,4.62,38.5,39.3
4475,-556.58,2.8189,4.95,45.6,39.3
4476,-577.33,24.2729,4.51,38.3,39.3
4477,-537.12,27.6096,4.56,39.1,39.3
4478,-541.23,15.3351,4.64,40.1,39.3
4479,-544.74,3.8439,4.68,40.9,39.3
4480,-550.58,4.4974,4.63,39.2,40.1
4481,-529.43,6.4602,4.51,39.2,41.3
4482,-544.92,16.7558,4.57,42.4,40.8
4483,-547.38,10.5414,4.43,38.7,41.5
4484,-544.08,8.5699,4.4,38.7,40.9
4485,-549.1,7.1739,4.65,38.6,40.9
4486,-545.46,12.3433,4.63,39.1,40.8
4487,-539.87,5.8063,4.61,39.7,40.8
4488,-535.44,6.3139,4.98,44.6,40.8
4489,-534.47,4.5691,4.46,39.5,40.6
4490,-534.2,16.2154,4.56,38.8,40.3
4491,-540.43,5.6922,4.61,40.3,40.0
4492,-547.38,4.0658,4.59,38.5,40.2
4493,-544.25,19.6319,4.6,39.4,40.1
4494,-557.6,5.1409,4.6,39.4,40.0
4495,-548.13,8.0034,4.64,38.9,39.6
4496,-549.42,3.4436,5.28,47.9,40.1
4497,-552.46,2.3383,4.53,38.7,39.8
4498,-543.26,4.7648,4.44,38.5,39.3
4499,-540.48,5.7579,4.56,39.7,39.3
4500,-551.51,9.2797,4.7,40.3,39.3
4501,-544.73,4.3509,4.57,39.5,39.4
4502,-530.52,13.8018,4.9,45.1,39.3
4503,-548.78,3.3437,4.57,39.4,39.3
4504,-547.8,4.8288,4.66,37.9,39.4
4505,-540.98,3.2559,4.73,40.7,39.3
4506,-551.11,3.9753,4.6,39.4,39.3
4507,-541.96,1.04,4.38,39.7,39.3
4508,-552.76,3.1854,4.5,38.1,39.3
4509,-552.39,0.8426,4.76,43.8,39.2
4510,-540.66,5.3882,4.42,39.5,40.5
4511,-538.34,3.9718,4.44,37.9,40.8
4512,-538.09,2.132,4.55,37.9,41.6
4513,-531.0,2.3857,4.58,40.9,41.4
4514,-554.13,13.3661,4.53,40.1,41.2
4515,-551.72,4.6969,4.69,40.9,41.1
4516,-553.79,3.1804,4.83,42.7,41.2
4517,-537.34,28.0756,4.6,39.1,41.0
4518,-540.58,10.1727,4.38,37.3,40.8
4519,-568.04,18.1074,4.61,39.5,40.6
4520,-550.1,1.8673,4.62,40.2,40.5
4521,-560.77,3.7562,4.49,40.3,40.2
4522,-552.44,2.9956,4.63,39.1,40.1
4523,-566.75,3.9379,4.99,46.5,40.3
4524,-560.98,4.4164,4.56,41.2,39.5
4525,-527.24,33.0042,4.38,37.4,39.8
4526,-537.52,12.0185,4.47,39.4,40.5
4527,-561.36,9.3979,4.53,39.9,41.3
4528,-557.57,10.3873,4.49,39.8,39.3
4529,-548.77,3.3883,4.49,40.1,39.3
4530,-558.96,2.6886,4.61,39.7,39.8
4531,-561.12,1.9868,4.51,41.0,40.3
4532,-565.45,2.8256,4.39,37.7,41.3
4533,-545.97,16.0147,4.58,38.4,39.9
4534,-546.91,8.95,4.58,40.4,39.5
4535,-568.53,23.7466,4.63,40.0,39.9
4536,-553.34,5.3406,4.53,39.7,40.3
4537,-534.62,12.0507,4.79,43.8,40.2
4538,-521.96,19.9073,4.29,41.0,39.8
4539,-542.86,6.5985,4.41,38.1,39.4
4540,-550.67,9.3814,4.35,36.7,39.4
4541,-539.42,15.9719,4.61,40.1,39.4
4542,-539.06,13.1265,4.72,39.4,39.3
4543,-536.1,11.476,4.51,38.4,39.3
4544,-569.42,27.9949,4.61,42.3,39.3
4545,-555.47,3.2235,4.58,38.4,39.3
4546,-551.75,1.1292,4.34,37.8,40.2
4547,-565.48,5.3793,4.74,40.4,40.1
4548,-563.58,4.8441,4.67,40.1,41.2
4549,-546.85,11.7603,4.58,39.8,40.9
4550,-545.84,10.7181,5.06,44.4,41.1
4551,-577.43,21.1585,4.46,39.2,41.6
4552,-558.44,6.804,4.59,38.8,41.1
4553,-553.32,8.263,4.62,40.8,40.9
4554,-578.32,14.199,4.58,39.3,40.9
4555,-549.76,5.0961,4.58,38.9,40.7
4556,-570.1,3.2055,5.0,45.1,40.9
4557,-564.85,13.5873,4.54,38.1,40.7
4558,-548.0,15.802,4.4,37.1,40.4
4559,-548.91,4.544,4.55,40.4,40.2
4560,-556.33,3.8313,4.5,40.1,40.0
4561,-553.33,25.3141,4.48,39.2,39.4
4562,-560.13,8.9682,4.38,39.4,39.4
4563,-568.21,3.0298,4.8,42.7,39.4
4564,-570.75,2.8157,4.53,38.3,39.4
4565,-556.6,14.1942,4.51,37.7,39.4
4566,-551.47,12.5409,4.71,41.0,39.4
4567,-546.97,8.0894,4.79,40.1,39.3
4568,-561.67,7.3761,4.57,39.7,39.4
4569,-537.59,4.0958,4.83,43.0,39.5
4570,-545.42,2.8689,4.43,39.3,40.6
4571,-562.67,14.6669,4.43,37.9,40.9
4572,-568.99,13.1523,4.42,38.0,41.7
4573,-561.89,6.878,4.65,40.4,41.6
4574,-541.7,32.9803,4.59,39.8,41.5
4575,-564.92,1.1206,4.37,39.1,41.2
4576,-556.54,4.3955,4.39,39.4,41.0
4577,-559.11,0.9644,4.69,42.5,41.0
4578,-570.64,10.6085,4.46,38.7,40.6
4579,-553.1,4.4846,4.5,39.4,40.4
4580,-566.54,3.7018,4.61,39.0,40.2
4581,-540.0,19.4087,4.52,39.9,39.5
4582,-563.85,14.7137,4.62,39.7,39.6
4583,-552.81,2.8584,4.56,37.6,39.5
4584,-540.63,5.8596,4.61,43.3,39.6
4585,-550.54,2.3789,4.46,37.4,39.5
4586,-564.12,13.4522,4.42,37.6,39.7
4587,-564.96,9.7846,4.68,40.5,40.5
4588,-545.74,6.6817,4.62,39.5,40.4
4589,-544.69,22.7362,4.75,38.8,39.6
4590,-553.38,10.0189,4.63,40.7,39.6
4591,-521.62,19.1076,4.61,38.9,39.6
4592,-532.88,3.596,4.5,39.1,41.4
4593,-528.24,8.3941,4.7,40.5,41.2
4594,-532.26,1.0562,4.72,40.0,41.0
4595,-566.87,40.5952,4.54,38.6,41.6
4596,-566.86,20.1306,4.5,38.9,41.2
4597,-550.75,2.5181,4.6,41.1,41.2
4598,-563.64,4.5714,4.34,38.2,40.8
4599,-531.79,41.887,4.46,36.8,40.5
4600,-549.74,5.726,4.69,40.8,40.4
4601,-564.14,6.7926,4.55,39.3,40.4
4602,-565.81,7.4347,4.66,40.7,40.3
4603,-560.64,2.0993,4.55,39.0,39.9
4604,-549.04,13.1847,4.53,43.0,39.8
4605,-563.22,2.9406,4.3,37.8,39.7
4606,-553.21,2.5186,4.68,38.6,39.8
4607,-553.71,1.9937,4.62,38.1,39.8
4608,-552.02,3.2309,4.53,38.8,39.8
4609,-565.75,10.934,4.65,38.9,40.5
4610,-557.53,10.64,4.69,40.8,40.4
4611,-560.95,1.2971,4.4,38.4,41.3
4612,-523.77,51.4273,4.65,43.1,41.1
4613,-553.27,2.1585,4.51,40.9,41.6
4614,-544.21,2.6966,4.4,39.6,41.2
4615,-545.39,4.9969,4.61,36.7,41.2
4616,-523.27,19.7618,4.48,40.2,40.9
4617,-541.58,2.4436,4.55,38.4,40.9
4618,-550.09,9.662,4.74,41.1,40.8
4619,-509.84,34.6699,4.58,39.4,40.6
4620,-544.47,2.9843,4.52,42.3,40.4
4621,-542.1,3.1108,4.45,37.5,40.5
4622,-534.48,9.4442,4.4,36.9,40.2
4623,-545.48,2.2168,4.66,40.3,40.1
4624,-542.86,35.726,4.54,38.7,39.8
4625,-564.42,17.5339,4.64,40.9,39.7
4626,-527.23,19.016,5.15,45.0,40.3
4627,-541.14,6.1941,4.41,39.8,39.8
4628,-550.73,3.7288,4.54,36.1,39.7
4629,-532.25,7.9374,4.76,40.7,39.7
4630,-522.13,11.0105,4.6,38.7,39.7
4631,-533.63,4.5413,4.77,39.8,39.8
4632,-549.21,13.0791,4.62,40.6,39.7
4633,-555.54,13.1502,4.65,41.2,39.7
4634,-526.28,12.1141,4.39,36.9,39.7
4635,-530.22,6.1932,4.51,39.7,40.4
4636,-563.75,23.4427,4.8,39.8,40.6
4637,-547.07,4.464,4.69,41.7,40.3
4638,-557.3,9.8436,4.43,38.8,41.3
4639,-541.79,4.8603,4.96,45.4,41.5
4640,-521.41,27.0072,4.46,37.4,41.3
4641,-533.62,9.0274,4.39,38.1,40.8
4642,-557.88,16.4172,4.68,38.8,39.2
4643,-531.95,8.1349,4.47,38.5,39.9
4644,-550.76,8.5984,4.46,39.5,39.9
4645,-513.88,20.9775,4.59,38.9,40.7
4646,-535.53,4.8585,4.51,37.8,41.4
4647,-537.39,6.4179,4.95,46.1,39.9
4648,-523.02,4.9621,4.51,37.5,39.3
4649,-516.37,3.8952,4.51,38.5,40.1
4650,-549.56,27.2351,4.59,40.5,40.5
4651,-532.8,14.5134,4.47,38.8,41.1
4652,-557.62,29.7873,4.47,39.1,41.3
4653,-538.25,6.1492,4.63,40.4,41.2
4654,-563.09,11.918,4.78,43.0,41.2
4655,-551.73,7.1328,4.45,39.3,40.9
4656,-564.23,8.6629,4.42,38.1,40.5
4657,-564.53,2.3777,4.44,37.2,40.4
4658,-574.24,21.2809,4.61,40.2,40.4
4659,-572.2,12.2987,4.6,39.7,40.2
4660,-570.73,8.1947,4.82,42.7,40.1
4661,-576.72,9.363,5.12,45.2,40.4
4662,-564.91,7.3803,4.5,40.3,40.1
4663,-540.25,25.1393,4.36,37.7,39.7
4664,-543.91,8.3479,4.42,37.9,39.7
4665,-563.93,32.2868,4.74,40.5,39.7
4666,-553.16,11.8073,4.47,39.9,39.7
4667,-589.55,44.5014,4.66,41.4,39.8
4668,-567.34,5.9102,4.5,37.9,39.9
4669,-569.67,4.7691,4.58,42.5,40.4
4670,-569.38,2.3723,4.38,38.2,41.4
4671,-551.65,17.9789,4.44,37.3,41.2
4672,-572.53,4.2742,4.55,39.0,42.0
4673,-560.46,0.7944,4.74,40.5,42.1
4674,-568.92,6.5506,4.63,41.5,41.7
4675,-547.14,16.5657,4.41,37.9,41.1
4676,-555.8,7.2558,4.87,46.1,41.5
4677,-540.44,14.7539,4.41,37.8,41.2
4678,-543.06,1.9635,4.63,37.4,41.2
4679,-563.7,19.339,4.65,39.7,41.1
4680,-577.05,32.0333,4.72,39.4,41.0
4681,-584.03,33.0039,4.73,39.7,40.9
4682,-541.23,20.5572,4.74,41.4,41.0
4683,-571.21,8.1323,4.57,40.1,40.8
4684,-576.56,3.2336,4.47,37.2,40.6
4685,-572.04,2.1947,4.83,40.1,40.6
4686,-576.98,1.757,4.82,41.8,40.5
4687,-593.43,8.422,4.59,39.8,40.5
4688,-574.83,9.299,4.34,38.7,40.4
4689,-573.5,6.4061,4.69,43.0,40.4
4690,-565.04,16.3913,4.59,37.8,40.1
4691,-560.79,4.4643,4.56,37.7,40.0
4692,-576.36,11.4281,4.58,40.5,39.8
4693,-563.83,2.5173,4.71,40.4,39.8
4694,-546.51,6.7866,4.75,41.3,39.8
4695,-576.66,14.162,4.61,39.8,39.8
4696,-538.53,16.5588,4.57,41.9,39.9
4697,-572.07,5.7215,4.59,37.0,39.9
4698,-552.38,5.2679,4.61,38.6,39.9
4699,-560.43,1.5023,4.53,39.2,39.8
4700,-577.69,13.6641,4.72,41.1,39.9
4701,-567.78,4.8183,4.5,38.9,40.6
4702,-557.89,5.01,4.64,42.0,40.4
4703,-551.34,11.2043,4.56,38.3,41.3
4704,-567.43,2.4304,4.91,40.1,41.6
4705,-558.36,6.1121,4.67,41.4,41.4
4706,-583.84,17.5692,4.73,40.1,41.4
4707,-556.81,4.243,4.47,37.5,42.1
4708,-553.17,9.3986,5.14,48.5,42.2
4709,-575.7,9.9023,4.45,37.2,41.8
4710,-575.51,13.0158,4.53,37.9,41.6
4711,-588.74,22.6459,4.44,38.6,41.6
4712,-550.67,25.0149,4.51,39.7,41.4
4713,-564.87,6.7044,4.59,39.4,41.3
4714,-578.31,2.9031,4.47,39.5,41.1
4715,-582.84,6.2223,5.0,45.0,41.2
4716,-583.5,4.8568,4.32,37.4,40.8
4717,-575.01,3.3315,4.3,38.3,40.8
4718,-581.34,1.7772,5.04,41.9,40.7
4719,-586.01,3.819,4.59,39.8,40.9
4720,-563.06,11.3803,4.71,38.1,40.8
4721,-578.45,1.3321,4.77,41.0,40.5
4722,-554.92,19.2608,4.9,44.3,40.5
4723,-577.36,5.8359,4.41,40.3,40.1
4724,-558.35,8.0753,4.37,39.2,40.1
4725,-561.85,2.6776,4.55,37.6,40.2
4726,-551.83,1.459,4.73,39.2,40.1
4727,-566.66,8.2478,4.54,38.8,40.2
4728,-573.67,19.1139,4.88,44.1,40.2
4729,-581.6,12.4654,4.45,38.8,40.1
4730,-578.95,6.814,4.54,37.0,40.2
4731,-565.75,8.9622,4.71,40.3,40.1
4732,-559.53,10.7119,4.58,39.7,41.0
4733,-549.19,20.9012,4.58,40.3,40.8
4734,-559.56,1.7239,5.11,44.5,40.8
4735,-554.51,3.8362,4.51,43.0,41.8
4736,-554.08,1.3632,4.53,37.2,41.6
4737,-576.12,21.9082,4.33,38.0,42.1
4738,-571.9,14.0265,4.55,39.7,42.0
4739,-566.86,2.9639,4.59,39.2,41.7
4740,-580.37,2.1579,4.6,38.7,41.6
4741,-580.44,10.9251,4.53,38.5,41.7
4742,-568.0,8.8898,4.86,44.4,41.6
4743,-547.27,36.5911,4.53,38.6,41.4
4744,-568.28,2.3435,4.53,37.9,41.4
4745,-593.35,33.5662,4.62,39.7,41.3
4746,-567.43,1.7622,4.48,38.7,41.0
4747,-558.3,6.5465,4.58,40.8,40.9
4748,-578.67,32.6301,4.59,38.7,40.9
4749,-568.15,7.742,4.66,41.3,40.9
4750,-577.05,12.2857,4.5,37.3,40.8
4751,-577.85,11.1988,4.51,38.4,40.5
4752,-577.23,7.1495,4.57,38.3,40.2
4753,-580.05,4.4795,4.56,39.4,40.2
4754,-579.7,2.3928,4.55,38.0,40.2
4755,-580.14,5.1768,4.88,45.9,40.4
4756,-590.66,12.1537,4.46,37.3,40.8
4757,-584.64,6.1831,4.44,37.8,41.4
4758,-564.45,22.4026,4.62,39.3,41.3
4759,-584.87,12.8636,4.79,41.9,39.7
4760,-598.04,22.6838,4.83,39.8,40.5
4761,-589.4,4.534,5.2,44.9,41.7
4762,-575.64,6.4192,4.63,39.6,40.2
4763,-573.7,6.6176,4.39,37.7,39.6
4764,-571.6,5.1303,4.79,39.6,40.4
4765,-581.33,3.3396,4.82,41.8,41.5
4766,-591.97,10.8993,4.55,39.0,41.8
4767,-589.53,4.7755,4.5,38.2,41.7
4768,-572.84,15.0496,5.45,50.5,42.1
4769,-595.19,1.2953,4.41,38.5,41.8
4770,-571.08,18.1055,4.43,36.6,41.6
4771,-577.59,13.4981,4.65,41.9,41.5
4772,-573.1,12.0457,4.65,39.9,41.5
4773,-585.86,9.2481,4.65,39.1,41.5
4774,-577.56,5.227,5.37,47.9,41.9
4775,-564.7,5.3635,4.44,38.2,41.6
4776,-574.79,7.1068,4.45,37.2,41.3
4777,-581.19,7.0229,4.53,38.4,41.2
4778,-583.75,0.6431,4.58,39.6,41.0
4779,-584.59,3.4297,4.9,40.7,41.1
4780,-565.71,15.6769,4.93,43.5,41.4
4781,-568.44,5.6647,4.62,40.6,41.1
4782,-566.59,10.7573,4.64,38.7,41.0
4783,-584.44,17.4661,4.67,39.9,40.8
4784,-598.79,29.4608,4.68,38.9,40.8
4785,-589.75,18.1934,4.87,42.4,40.8
4786,-585.02,3.3376,5.14,44.6,40.8
4787,-594.02,4.8769,4.6,39.6,40.9
4788,-598.6,6.0066,4.78,37.4,40.8
4789,-604.64,2.6571,4.6,41.1,40.5
4790,-589.49,9.8208,4.56,39.1,40.2
4791,-598.63,7.6769,4.55,39.2,40.2
4792,-606.9,21.6181,5.08,44.3,40.6
4793,-598.72,7.9691,4.48,39.1,40.2
4794,-609.02,5.0795,4.51,36.9,40.2
4795,-587.24,23.8189,4.74,40.4,40.2
4796,-602.08,17.477,4.61,38.3,40.1
4797,-613.57,4.0046,4.68,38.9,40.1
4798,-600.4,7.1398,4.84,43.3,40.1
4799,-594.59,13.5401,4.49,37.3,40.0
4800,-584.36,8.9536,4.47,38.3,40.1
4801,-603.55,19.1308,4.82,40.0,40.1
4802,-597.33,20.6784,4.78,40.2,40.1
4803,-611.99,9.0971,4.56,39.2,40.1
4804,-592.66,26.5882,4.9,44.0,40.1
4805,-618.77,17.9493,4.52,38.3,40.1
4806,-608.81,9.4579,4.61,36.7,40.2
4807,-609.4,21.0303,4.89,39.8,40.2
4808,-621.9,26.2726,4.6,39.5,40.1
4809,-600.6,3.1514,4.68,39.5,40.2
4810,-609.34,6.5367,5.16,46.3,40.1
4811,-595.11,8.7299,4.7,37.4,40.2
4812,-605.03,6.1652,4.95,39.6,40.2
4813,-618.82,15.7618,4.86,40.9,40.1
4814,-614.11,20.4611,4.77,39.8,40.1
4815,-620.6,9.8406,5.39,48.0,40.4
4816,-606.16,12.3675,4.57,38.7,40.2
4817,-619.22,4.2053,4.67,36.9,40.1
4818,-580.46,112.7637,4.55,39.2,40.1
4819,-597.23,29.1513,4.52,41.0,40.2
4820,-580.76,67.6466,4.6,39.6,40.2
4821,-616.3,14.0511,4.79,40.5,40.2
4822,-610.52,5.8694,4.58,40.6,40.2
4823,-604.77,3.9007,4.47,36.1,40.8
4824,-584.87,20.5078,4.47,37.6,40.7
4825,-613.69,10.6488,4.64,39.4,42.0
4826,-624.71,24.8743,4.57,39.3,41.8
4827,-611.52,11.4451,4.62,39.2,41.7
4828,-615.5,10.1904,4.71,41.5,42.6
4829,-599.56,24.3416,4.66,42.7,42.4
4830,-612.01,91.8844,4.74,38.7,42.3
4831,-607.56,5.0766,4.53,38.3,42.1
4832,-606.43,7.8521,4.53,39.0,41.9
4833,-607.43,5.5043,4.7,41.7,41.8
4834,-607.82,13.0294,4.79,40.6,41.8
4835,-614.57,7.2485,4.69,42.5,41.7
4836,-612.85,2.2812,4.63,39.2,41.8
4837,-605.88,7.2094,4.74,37.5,41.9
4838,-620.49,4.5019,4.57,40.0,41.6
4839,-613.58,4.6616,4.62,39.0,41.6
4840,-599.88,9.0453,4.68,39.9,41.5
4841,-606.15,15.4021,4.83,43.7,41.7
4842,-625.17,9.8869,4.52,38.8,41.2
4843,-613.93,4.9961,4.59,38.5,41.2
4844,-609.39,2.1624,4.64,39.3,41.2
4845,-609.09,4.8889,4.67,40.0,41.1
4846,-604.38,2.1255,4.65,39.6,41.0
4847,-602.36,3.6085,4.38,38.2,40.5
4848,-596.04,4.9669,4.7,43.0,40.4
4849,-594.81,4.4666,4.59,37.8,40.5
4850,-601.2,7.6325,4.69,37.6,40.5
4851,-606.64,29.1492,4.77,37.8,40.5
4852,-597.54,2.9634,4.8,40.9,40.7
4853,-594.32,1.9191,4.73,39.0,40.9
4854,-584.01,14.5573,4.91,43.6,41.2
4855,-587.0,3.1594,4.54,41.0,40.6
4856,-594.44,16.3064,4.78,37.0,40.6
4857,-599.33,9.1437,4.78,39.6,40.6
4858,-603.17,5.5088,4.54,39.6,40.6
4859,-603.22,3.3191,4.98,43.0,41.3
4860,-609.44,4.3267,4.45,38.3,40.9
4861,-615.0,6.9664,4.78,37.4,40.8
4862,-589.58,29.2064,4.89,42.4,40.7
4863,-598.64,16.8739,4.85,39.9,40.8
4864,-597.1,8.956,4.85,41.3,40.9
4865,-614.53,14.455,4.64,39.5,40.5
4866,-619.97,19.4375,4.66,37.5,40.6
4867,-625.2,14.33,4.89,40.4,40.7
4868,-598.43,25.1345,4.82,41.2,41.1
4869,-603.66,14.311,4.64,38.2,41.9
4870,-606.49,4.3872,4.65,41.9,41.8
4871,-625.72,32.791,4.67,36.7,40.0
4872,-611.56,5.4237,4.79,39.7,40.9
4873,-633.0,25.4025,4.8,39.6,41.5
4874,-612.06,11.0754,4.85,39.2,41.5
4875,-593.9,23.4147,4.84,42.8,40.0
4876,-603.13,7.7704,4.59,37.4,40.8
4877,-612.88,10.8085,4.71,38.6,41.5
4878,-624.8,28.5888,4.79,40.1,42.0
4879,-619.5,8.343,4.57,40.7,41.9
4880,-641.0,43.5821,4.72,39.1,41.9
4881,-610.43,8.6655,4.64,43.9,41.7
4882,-616.74,10.592,4.58,38.5,41.3
4883,-609.88,6.4115,4.54,35.9,41.2
4884,-608.55,1.2651,4.72,40.2,41.3
4885,-613.21,12.6063,4.75,39.4,41.4
4886,-607.37,4.078,4.6,39.8,41.3
4887,-598.61,17.7557,4.55,41.0,40.9
4888,-613.84,2.0991,4.52,39.1,40.5
4889,-597.67,7.1884,4.47,37.5,40.6
4890,-608.29,15.2342,4.7,40.6,40.6
4891,-606.35,12.5337,4.68,40.1,40.6
4892,-620.04,12.5868,4.79,39.3,40.6
4893,-629.77,60.3044,4.84,42.5,40.6
4894,-636.66,16.3749,4.56,38.2,40.6
4895,-623.61,6.8941,4.6,37.3,40.6
4896,-594.16,38.2753,4.61,38.6,40.6
4897,-611.71,6.1897,4.68,39.1,40.5
4898,-597.55,9.8874,4.59,39.0,40.6
4899,-629.93,24.5604,5.16,45.5,40.5
4900,-628.85,18.9937,4.73,39.5,40.6
4901,-631.8,9.6043,4.61,38.0,40.6
4902,-638.33,8.2329,4.68,39.3,40.6
4903,-620.58,21.0994,4.74,39.6,40.6
4904,-609.56,45.4884,4.63,38.4,40.6
4905,-635.23,26.5125,4.61,40.9,40.8
4906,-623.12,4.9575,4.59,37.8,41.2
4907,-623.87,4.064,4.6,38.2,41.1
4908,-633.12,23.9113,4.69,41.2,42.4
4909,-629.46,13.8545,4.57,38.4,42.0
4910,-623.76,5.352,4.51,39.3,42.9
4911,-622.58,1.9386,4.55,40.0,42.8
4912,-627.02,1.5344,4.58,37.3,42.6
4913,-611.12,21.5434,4.86,40.6,42.7
4914,-611.29,34.5533,4.79,40.2,42.8
4915,-606.41,30.1554,4.7,41.6,42.4
4916,-630.92,31.7219,4.97,43.4,42.6
4917,-616.11,5.6678,4.53,38.3,42.4
4918,-589.63,33.3348,4.63,36.9,42.3
4919,-627.51,6.6251,4.59,39.8,42.2
4920,-595.42,34.0952,4.61,39.8,42.1
4921,-587.59,31.4459,4.59,39.2,42.0
4922,-630.37,20.1274,4.93,43.8,42.0
4923,-599.16,12.802,4.38,38.8,41.7
4924,-602.93,6.3794,4.6,38.0,41.7
4925,-635.51,38.1012,4.65,38.0,41.6
4926,-594.47,17.7215,4.61,40.6,41.3
4927,-621.68,7.3115,4.69,40.0,41.4
4928,-610.53,7.7681,4.5,38.9,41.4
4929,-605.75,15.3994,4.85,44.8,41.4
4930,-624.68,15.9423,4.56,38.1,41.2
4931,-627.2,20.2424,4.47,37.0,40.6
4932,-624.67,3.3314,4.63,39.0,40.6
4933,-598.49,24.6658,4.69,38.5,40.6
4934,-634.5,8.1601,4.56,39.0,40.5
4935,-616.08,11.3724,4.65,40.8,40.5
4936,-622.1,10.123,4.48,38.3,40.6
4937,-614.94,6.1191,4.67,37.5,40.6
4938,-617.97,7.2164,4.77,39.7,40.5
4939,-630.45,8.2239,4.87,40.9,40.5
4940,-624.15,17.7864,5.01,42.4,40.6
4941,-620.21,13.796,4.67,39.3,40.6
4942,-607.03,27.2512,4.78,38.3,40.6
4943,-625.25,4.8403,4.68,39.0,40.6
4944,-608.65,5.8833,4.69,38.9,40.6
4945,-613.0,2.645,4.73,41.1,40.6
4946,-611.22,10.1305,4.73,41.0,40.7
4947,-610.5,8.9861,4.57,38.9,40.7
4948,-598.03,26.7594,4.7,38.4,40.7
4949,-609.47,5.6231,4.74,39.4,40.6
4950,-624.82,7.4796,4.63,39.3,40.7
4951,-617.92,2.9993,4.67,39.2,40.6
4952,-630.12,7.3611,4.85,43.1,40.7
4953,-618.71,7.5423,4.69,37.5,40.6
4954,-601.71,34.999,4.7,40.0,42.5
4955,-623.49,13.5603,4.94,40.5,42.6
4956,-627.8,13.8626,4.78,39.5,41.5
4957,-603.24,26.2803,4.84,42.4,41.3
4958,-606.01,37.4734,4.45,39.8,42.6
4959,-610.71,2.0843,4.65,36.3,42.3
4960,-619.26,9.776,4.69,39.3,42.2
4961,-623.08,9.0528,4.66,40.1,43.1
4962,-622.48,6.0807,4.8,40.1,42.1
4963,-614.92,4.8564,4.92,43.6,42.2
4964,-613.86,3.6146,4.61,39.0,42.3
4965,-605.93,14.5051,4.59,36.3,43.2
4966,-599.11,6.6931,4.72,39.8,43.1
4967,-614.27,9.4514,4.53,38.2,42.9
4968,-591.72,9.2895,4.63,40.0,42.4
4969,-595.44,6.84,4.89,40.0,42.5
4970,-623.42,45.4746,4.91,42.6,42.7
4971,-618.97,12.7874,4.49,38.0,42.6
4972,-615.22,2.9307,4.6,37.2,42.4
4973,-601.36,14.0394,4.7,39.6,42.4
4974,-626.01,2.9731,4.63,38.9,42.2
4975,-591.49,28.9857,4.67,39.1,42.3
4976,-589.75,24.3485,4.76,42.0,42.3
4977,-618.51,5.4268,4.53,36.2,42.2
4978,-619.97,5.5691,4.71,40.1,42.2
4979,-603.05,5.5287,4.49,39.6,41.3
4980,-607.42,2.9373,4.63,39.2,42.0
4981,-600.62,8.5418,4.64,39.3,41.8
4982,-621.41,22.589,4.89,43.3,40.4
4983,-629.34,36.4898,4.6,38.4,40.9
4984,-622.22,6.5672,4.75,37.7,41.5
4985,-608.09,12.1913,4.84,40.0,42.5
4986,-623.72,3.6153,4.47,37.8,42.3
4987,-601.56,14.0127,4.6,40.0,40.4
4988,-616.26,1.8342,5.19,45.8,41.2
4989,-611.15,5.4277,4.63,36.9,41.7
4990,-614.55,6.8897,4.7,38.5,42.4
4991,-619.01,5.292,4.8,40.4,42.9
4992,-624.25,3.1806,4.6,38.0,42.8
4993,-617.51,19.3563,4.63,38.3,42.7
4994,-630.75,7.0205,4.69,44.1,42.6
4995,-622.59,6.0865,4.39,37.4,42.5
4996,-625.26,3.3705,4.52,36.7,42.4
4997,-614.39,49.9378,4.62,39.5,42.4
4998,-600.23,15.164,4.72,39.3,42.5
4999,-623.79,14.1363,4.58,39.3,42.3
5000,-621.1,4.7292,4.55,40.0,42.8
5001,-596.9,29.3283,4.64,38.2,42.5
5002,-617.94,5.1052,4.69,39.6,42.4
5003,-623.96,8.1455,4.75,39.0,42.4
5004,-623.71,3.1728,4.56,38.5,42.3
5005,-640.41,8.6913,4.75,42.4,42.4
5006,-611.42,26.4565,4.6,37.5,42.3
5007,-628.68,2.2093,4.72,38.0,42.4
5008,-610.61,49.0664,4.88,40.7,42.3
5009,-596.05,30.603,4.81,40.2,42.2
5010,-609.67,7.4105,4.91,41.8,42.5
5011,-600.99,16.2252,4.55,39.8,42.4
5012,-620.93,35.4577,4.94,38.6,42.4
5013,-600.16,5.258,4.75,40.5,42.6
5014,-592.17,15.0887,4.82,41.6,42.4
5015,-627.11,21.6705,4.76,38.8,42.5
5016,-606.97,3.3462,4.64,41.2,42.5
5017,-604.88,3.8972,4.54,37.0,42.5
5018,-607.38,1.5155,4.64,38.4,42.5
5019,-586.86,19.4777,4.65,39.7,42.5
5020,-597.1,5.6484,4.71,40.7,42.5
5021,-611.43,9.9928,4.63,39.9,42.0
5022,-604.78,4.6202,4.81,43.9,42.0
5023,-601.59,2.7251,4.52,40.6,41.9
5024,-624.65,19.0771,4.95,39.7,42.2
5025,-597.99,5.451,4.55,38.7,42.0
5026,-609.53,2.2616,4.74,39.6,42.0
5027,-604.99,4.9996,4.56,38.3,41.8
5028,-604.07,2.482,4.92,42.9,41.9
5029,-619.38,17.6397,4.66,36.7,41.9
5030,-621.7,14.8425,4.66,39.6,41.9
5031,-605.66,8.3975,4.75,39.4,41.8
5032,-618.76,10.4361,4.74,40.7,41.9
5033,-617.72,17.7713,5.07,44.1,42.0
5034,-619.0,20.0872,4.62,39.4,41.9
5035,-602.49,7.317,4.68,37.1,41.9
5036,-592.39,9.6365,4.55,37.2,41.9
5037,-617.26,17.879,4.62,38.4,41.7
5038,-602.64,4.3597,4.83,41.0,41.7
5039,-592.1,21.1857,4.63,39.2,41.5
5040,-603.56,3.3871,4.8,42.5,41.4
5041,-604.44,3.7145,4.65,40.4,41.2
5042,-611.24,7.6897,4.57,36.8,41.2
5043,-596.92,4.1741,4.7,38.4,41.2
5044,-608.28,6.8317,4.86,40.3,41.3
5045,-597.68,5.3921,4.7,38.0,41.2
5046,-610.56,4.0382,4.89,43.4,41.2
5047,-595.37,8.6061,4.81,40.0,41.2
5048,-610.22,5.0727,4.6,38.4,41.1
5049,-607.23,4.1037,4.56,38.4,41.2
5050,-600.81,6.4527,4.56,39.0,41.2
5051,-610.84,7.2959,4.52,38.4,41.2
5052,-609.36,5.2064,4.85,43.1,41.2
5053,-600.58,8.0589,4.67,38.4,41.2
5054,-604.88,3.3457,4.64,37.8,41.2
5055,-610.42,9.9254,4.67,38.5,41.2
5056,-607.74,5.0914,4.71,40.9,41.1
5057,-601.4,4.727,4.72,39.5,41.2
5058,-609.12,2.9959,4.85,41.9,41.2
5059,-611.42,5.3073,4.85,37.3,41.3
5060,-604.25,7.3855,4.93,41.1,41.2
5061,-620.52,30.8929,5.03,42.3,41.2
5062,-611.42,6.464,4.71,38.0,41.2
5063,-598.13,5.2982,4.77,39.8,41.3
5064,-603.44,5.5612,4.54,39.4,41.3
5065,-599.12,3.5678,4.59,36.6,41.3
5066,-589.71,3.2293,4.66,39.9,42.1
5067,-600.96,4.4384,4.49,39.4,42.8
5068,-594.19,1.751,4.66,39.8,42.7
5069,-603.31,5.5937,4.93,43.4,42.9
5070,-584.42,13.0839,4.5,38.5,43.0
5071,-608.05,9.7818,4.64,38.0,43.1
5072,-596.02,11.8452,4.69,39.9,43.5
5073,-601.4,1.9354,4.84,39.7,43.1
5074,-594.45,5.1762,4.67,39.0,43.4
5075,-595.56,6.9047,4.72,42.3,43.5
5076,-595.98,3.7836,4.58,39.3,43.4
5077,-583.61,5.6008,4.54,37.0,43.1
5078,-599.98,4.8236,4.61,39.5,43.1
5079,-619.22,36.4356,4.76,40.2,43.2
5080,-615.85,24.35,4.67,41.4,43.0
5081,-598.43,6.3825,4.64,40.9,42.9
5082,-618.84,22.5515,4.67,40.3,42.9
5083,-596.21,7.0581,4.46,38.1,42.7
5084,-598.27,18.4941,4.75,39.8,42.8
5085,-594.02,17.3666,4.76,39.8,42.7
5086,-600.85,7.6996,4.92,41.7,42.9
5087,-604.87,6.7227,4.88,42.3,42.9
5088,-590.19,7.5277,4.5,39.6,42.8
5089,-595.46,2.9071,4.55,36.3,42.7
5090,-607.71,12.1903,4.57,38.7,42.8
5091,-610.17,10.0457,4.53,40.1,42.0
5092,-593.1,17.5466,4.56,39.3,42.5
5093,-593.06,5.2665,4.65,39.6,42.2
5094,-604.57,6.8555,4.78,43.4,40.9
5095,-605.14,3.8722,4.64,39.9,41.3
5096,-600.28,0.8806,4.61,37.7,41.7
5097,-597.12,3.8485,4.53,39.5,42.3
5098,-592.24,4.9195,4.87,41.5,42.2
5099,-610.6,14.958,4.75,39.0,40.8
5100,-605.73,10.7932,4.56,39.5,41.3
5101,-602.62,3.7914,4.51,40.2,41.7
5102,-599.51,8.5665,4.66,37.5,42.4
5103,-608.28,7.1072,4.9,40.0,43.1
5104,-601.54,2.306,4.63,39.9,43.1
5105,-599.44,5.8911,4.59,39.0,42.9
5106,-606.68,6.5227,4.6,38.2,42.7
5107,-599.3,2.0135,4.6,42.4,42.8
5108,-597.39,4.2251,4.58,36.8,42.7
5109,-614.52,11.1009,4.57,38.5,42.6
5110,-600.37,8.3849,4.55,39.8,42.4
5111,-588.52,10.4947,4.58,38.6,42.4
5112,-610.5,5.3138,4.73,37.9,42.5
5113,-613.53,3.5306,4.51,40.9,42.4
5114,-614.98,2.048,4.66,38.0,42.1
5115,-603.02,22.5507,4.69,39.0,42.0
5116,-592.63,25.1887,4.78,40.2,42.2
5117,-604.4,12.5188,4.68,40.1,42.2
5118,-601.79,5.7316,4.96,42.3,42.5
5119,-612.67,11.5836,4.53,38.8,42.4
5120,-598.64,12.9244,4.43,37.8,42.2
5121,-588.77,9.3198,4.55,38.6,42.2
5122,-582.29,11.1237,4.6,40.3,42.1
5123,-591.22,3.1273,4.62,38.3,42.0
5124,-584.51,9.5787,4.61,38.5,41.5
5125,-606.05,25.5707,4.74,42.9,41.6
5126,-594.36,3.364,4.69,37.0,41.5
5127,-617.34,26.8279,4.78,40.5,41.5
5128,-595.72,12.4768,4.89,39.5,41.6
5129,-619.77,5.6738,4.66,38.9,41.6
5130,-607.5,13.6577,4.76,38.9,41.7
5131,-605.71,13.357,4.9,43.4,41.8
5132,-617.2,6.0342,4.44,40.7,41.5
5133,-625.35,7.8573,4.65,36.9,41.5
5134,-609.13,2.9777,4.88,40.4,41.4
5135,-604.43,11.385,4.75,39.5,41.4
5136,-617.3,8.2303,4.81,39.2,41.5
5137,-599.92,9.4671,4.85,43.2,41.5
5138,-621.83,9.6711,4.79,37.3,42.2
5139,-611.21,3.9571,4.76,39.7,42.2
5140,-595.53,24.1571,4.73,39.2,42.1
5141,-593.53,10.6791,4.73,43.5,41.9
5142,-608.97,4.5543,4.49,38.7,41.7
5143,-569.42,26.3958,4.63,38.9,41.5
5144,-601.39,5.8122,4.64,38.6,41.5
5145,-606.26,3.6799,4.69,38.9,41.5
5146,-613.27,7.9212,4.65,39.0,41.5
5147,-613.27,5.6491,4.84,41.3,41.5
5148,-606.96,8.9077,4.41,39.4,41.4
5149,-594.66,21.9881,4.59,39.4,41.5
5150,-609.71,4.7275,4.42,37.6,41.5
5151,-595.68,4.3363,4.79,41.0,41.5
5152,-567.09,35.1751,4.73,40.4,41.5
5153,-593.33,18.2963,4.72,39.8,41.4
5154,-569.45,3.8352,4.38,38.4,41.5
5155,-615.5,55.8454,4.82,45.9,41.6
5156,-613.94,36.9877,4.55,37.5,42.4
5157,-590.09,5.7878,4.69,38.7,42.4
5158,-601.99,4.43,4.61,38.7,43.0
5159,-601.89,6.4934,4.69,40.8,43.2
5160,-600.78,10.7093,4.78,39.9,43.8
5161,-598.31,2.5243,4.52,39.5,43.3
5162,-615.7,17.3032,4.84,41.1,43.4
5163,-614.32,9.0862,4.51,37.3,43.1
5164,-618.08,9.8057,4.49,38.4,43.0
5165,-602.57,12.4578,4.62,38.8,42.9
5166,-606.29,7.8207,4.77,38.2,42.9
5167,-607.25,6.6093,4.72,41.0,42.6
5168,-600.29,14.3507,4.63,43.1,42.5
5169,-604.05,17.8093,4.61,38.7,42.2
5170,-628.81,50.007,4.66,37.4,42.1
5171,-616.11,5.4432,4.63,39.5,42.2
5172,-598.17,36.2773,4.63,38.9,42.2
5173,-587.48,39.7226,4.73,38.7,42.1
5174,-619.63,4.25,5.01,44.8,42.1
5175,-632.35,22.4159,4.43,38.5,41.4
5176,-594.79,25.7363,4.62,38.0,41.5
5177,-615.19,5.8843,4.67,39.0,41.5
5178,-604.15,10.7965,4.75,39.2,41.5
5179,-589.92,20.5475,4.88,41.8,41.5
5180,-595.87,5.1152,4.91,42.9,41.8
5181,-643.31,98.3637,4.52,40.3,41.5
5182,-616.15,16.4703,4.56,36.6,41.4
5183,-611.81,6.9216,4.73,38.3,41.5
5184,-605.0,7.1088,4.55,38.8,41.5
5185,-583.79,34.1115,4.64,38.5,41.5
5186,-617.6,2.6458,4.91,45.2,41.5
5187,-610.42,10.216,4.57,39.2,41.5
5188,-634.64,22.9212,4.6,38.2,41.5
5189,-599.9,13.3071,4.8,39.3,41.5
5190,-636.89,23.5489,4.66,38.5,41.4
5191,-618.05,3.4442,4.73,40.0,41.6
5192,-635.2,35.8835,4.78,41.0,41.5
5193,-606.55,8.5558,4.58,38.3,41.5
5194,-606.63,10.6353,4.73,38.5,42.3
5195,-628.52,17.2862,4.57,38.7,42.1
5196,-623.36,14.5758,4.59,38.9,43.4
5197,-592.88,26.8828,4.81,39.2,43.3
5198,-609.54,5.0354,4.94,44.5,42.2
5199,-622.68,4.4481,4.59,38.1,43.1
5200,-612.13,2.7365,4.65,38.0,43.8
5201,-614.4,2.7051,4.66,40.0,43.5
5202,-630.99,12.046,4.67,39.1,43.5
5203,-612.03,2.7014,4.67,39.0,43.3
5204,-630.1,9.5526,4.85,41.9,42.7
5205,-620.5,12.4154,4.51,38.6,42.4
5206,-623.99,2.8345,4.68,36.5,41.1
5207,-624.67,4.207,4.84,38.6,41.8
5208,-606.55,13.5391,4.7,39.3,42.4
5209,-614.38,8.3716,4.65,38.8,43.2
5210,-610.3,6.1886,4.74,40.0,41.5
5211,-610.9,9.132,4.77,48.0,41.8
5212,-606.44,5.2014,4.62,41.3,42.4
5213,-614.88,10.5549,4.87,45.7,43.3
5214,-604.15,4.898,4.9,44.3,42.0
5215,-597.29,7.8657,4.64,40.7,41.6
5216,-603.63,9.8405,5.52,45.9,42.1
5217,-621.05,23.0577,4.45,38.9,41.6
5218,-616.72,16.3972,4.52,37.2,41.6
5219,-617.74,8.9426,4.98,39.5,41.7
5220,-624.04,20.1942,4.79,40.5,41.7
5221,-602.35,22.6678,5.01,41.1,41.9
5222,-597.77,18.506,4.99,43.3,42.3
5223,-601.76,7.7179,4.46,39.3,41.9
5224,-594.41,1.4109,4.62,37.4,41.7
5225,-598.98,5.296,4.55,37.2,41.7
5226,-601.71,7.3656,4.67,38.1,41.7
5227,-607.43,3.3044,4.81,42.9,41.7
5228,-595.28,11.6765,4.58,38.4,41.6
5229,-592.85,13.9225,4.79,39.3,41.7
5230,-595.27,2.3757,4.72,41.7,41.7
5231,-580.97,7.7445,4.73,37.6,41.6
5232,-590.36,14.6401,4.69,38.2,41.6
5233,-581.53,10.3374,4.82,40.5,41.7
5234,-594.71,20.8283,4.55,38.0,41.7
5235,-595.29,5.2676,4.64,39.2,41.7
5236,-611.39,19.2004,4.82,43.1,41.7
5237,-594.12,10.1315,4.62,38.2,41.7
5238,-600.89,9.2566,4.9,38.2,41.7
5239,-577.74,23.0674,4.52,40.3,41.7
5240,-590.07,3.8281,4.86,41.2,41.6
5241,-590.65,3.4975,4.76,39.1,41.7
5242,-601.92,14.7649,4.98,43.1,41.7
5243,-598.61,7.8422,4.67,37.8,41.7
5244,-587.17,5.3558,4.64,36.6,41.7
5245,-603.44,13.9882,4.63,39.7,41.7
5246,-615.25,16.6528,4.72,39.9,41.7
5247,-587.59,32.4125,4.9,40.8,41.7
5248,-589.7,10.1027,4.46,38.0,41.7
5249,-586.96,9.427,4.84,42.8,41.7
5250,-594.96,30.4575,4.63,38.9,41.7
5251,-574.52,13.5012,4.65,37.7,41.7
5252,-573.92,4.4925,4.64,38.4,41.8
5253,-572.64,2.9563,4.45,40.2,42.2
5254,-601.94,34.9396,4.5,37.9,42.9
5255,-608.7,46.9696,4.68,38.7,43.7
5256,-586.63,5.5876,5.17,45.1,42.5
5257,-606.02,13.7284,4.6,39.6,43.3
5258,-609.31,10.17,4.56,36.1,43.5
5259,-596.28,12.8179,4.85,41.3,43.7
5260,-601.82,13.8765,4.71,39.1,43.4
5261,-620.28,18.4011,4.65,38.9,43.3
5262,-609.26,7.8673,4.65,38.7,43.3
5263,-570.44,38.5602,4.77,44.6,43.5
5264,-595.5,9.3903,4.62,37.5,44.1
5265,-613.98,15.3669,4.65,37.4,44.2
5266,-597.9,8.541,4.74,39.0,43.7
5267,-593.55,1.8579,4.63,39.6,44.1
5268,-589.6,3.9409,4.59,38.0,44.1
5269,-593.54,7.387,4.91,43.9,43.3
5270,-604.62,10.8352,4.58,36.6,43.2
5271,-596.26,4.4573,4.75,38.6,44.1
5272,-592.99,13.6629,4.63,39.1,44.1
5273,-593.65,2.4776,4.65,39.6,43.9
5274,-592.98,8.2967,4.72,38.3,43.9
5275,-588.81,24.0495,4.75,40.5,43.3
5276,-571.88,6.8631,4.58,37.4,43.7
5277,-590.12,5.1689,4.66,39.7,43.5
5278,-579.05,5.5724,4.68,38.8,43.4
5279,-574.17,8.5182,4.49,38.9,44.1
5280,-585.87,15.5032,5.02,45.0,44.0
5281,-595.05,24.0129,4.47,38.9,43.8
5282,-559.38,20.1777,4.5,35.7,43.5
5283,-606.06,18.4938,4.62,39.6,43.3
5284,-567.49,26.7307,4.71,38.6,43.5
5285,-614.58,39.8805,4.47,38.9,43.3
5286,-566.93,30.8894,4.56,40.1,43.0
5287,-584.23,2.5036,4.74,44.4,43.2
5288,-569.31,8.1228,4.48,37.0,43.0
5289,-583.2,14.5657,4.59,36.8,42.9
5290,-616.44,91.3594,4.76,38.0,42.9
5291,-589.0,14.0606,4.65,39.7,42.9
5292,-578.52,9.6398,4.63,39.3,42.8
5293,-587.53,9.1657,4.81,42.1,42.9
5294,-573.01,5.6348,4.66,41.0,42.8
5295,-596.68,10.6508,4.56,38.2,42.5
5296,-593.91,16.4995,4.71,38.5,42.5
5297,-602.82,3.6707,4.58,37.4,42.1
5298,-592.92,5.7783,4.65,39.8,42.1
5299,-596.24,8.1648,4.83,41.5,42.0
5300,-591.65,3.1719,4.58,39.1,42.1
5301,-594.03,3.6499,4.64,38.4,42.1
5302,-587.23,5.0495,4.64,41.7,42.0
5303,-589.54,3.5968,4.5,37.5,42.1
5304,-582.35,7.8339,4.56,37.9,42.1
5305,-583.36,5.3396,4.72,39.9,42.1
5306,-594.43,6.4826,4.77,39.5,42.1
5307,-587.33,6.5006,4.82,39.9,42.0
5308,-572.36,5.7913,5.11,44.7,42.1
5309,-578.87,6.6925,4.72,38.5,42.1
5310,-605.73,28.6721,4.47,36.8,42.1
5311,-603.28,23.6312,4.72,40.2,42.1
5312,-594.77,3.8117,4.62,38.7,42.1
5313,-585.83,12.671,4.7,41.3,42.1
5314,-604.06,4.0407,4.67,38.0,42.7
5315,-591.67,9.4859,4.8,43.3,43.0
5316,-610.63,4.8708,4.66,37.7,43.2
5317,-612.28,4.5456,4.68,39.4,41.5
5318,-591.67,14.9778,4.44,38.2,42.2
5319,-588.79,15.3272,4.82,40.2,42.7
5320,-614.62,5.242,4.74,38.2,43.7
5321,-598.58,8.0555,4.91,45.3,42.3
5322,-586.22,7.7003,4.62,39.6,41.6
5323,-601.17,4.0989,4.48,38.6,42.1
5324,-564.7,38.1492,4.4,37.1,42.7
5325,-590.24,9.4761,4.73,39.7,43.6
5326,-588.92,9.4863,4.69,40.9,42.2
5327,-605.89,13.2384,4.62,39.0,42.0
5328,-604.76,4.5686,4.53,37.8,42.0
5329,-582.83,36.0336,4.65,40.1,42.1
5330,-598.01,2.604,4.59,36.3,42.1
5331,-576.51,21.2591,4.67,40.0,42.1
5332,-576.52,7.3528,4.76,40.4,42.5
5333,-576.34,30.5069,4.67,39.8,42.8
5334,-592.18,9.138,5.05,43.3,42.1
5335,-556.59,15.5135,4.62,40.4,42.6
5336,-587.21,10.1959,4.52,36.0,42.7
5337,-573.6,1.3106,4.61,38.4,42.7
5338,-572.65,2.9436,4.49,38.7,44.0
5339,-573.24,4.9462,4.65,40.2,43.6
5340,-575.48,4.7106,4.5,38.6,44.4
5341,-568.44,14.6794,4.76,43.5,44.2
5342,-555.18,11.419,4.26,38.2,43.7
5343,-559.14,2.8956,4.52,36.8,43.5
5344,-579.06,16.789,4.62,38.8,43.6
5345,-566.18,4.7326,4.79,40.4,43.4
5346,-568.2,7.4922,4.74,41.0,43.2
5347,-566.97,1.2348,4.55,39.5,42.9
5348,-561.29,5.3201,4.5,41.0,42.8
5349,-561.7,2.6998,4.43,38.1,42.8
5350,-565.87,5.943,4.49,37.3,42.6
5351,-563.91,4.697,4.48,40.3,42.5
5352,-575.05,9.8457,4.57,40.0,42.2
5353,-578.0,9.3172,4.69,40.7,42.1
5354,-554.51,10.63,4.5,37.5,42.1
5355,-556.27,11.3696,4.49,41.3,42.0
5356,-565.35,4.6521,4.64,38.2,42.0
5357,-560.81,4.2114,4.52,37.9,42.1
5358,-566.68,3.9802,4.63,39.8,42.1
5359,-582.54,14.156,4.67,40.6,42.1
5360,-559.48,4.9362,4.51,39.1,42.1
5361,-563.4,12.54,4.95,43.0,42.1
5362,-584.56,19.8261,4.53,37.4,42.0
5363,-578.4,5.9281,4.87,37.9,42.1
5364,-561.82,6.9042,4.63,40.1,42.1
5365,-576.9,4.4296,4.61,39.1,42.2
5366,-586.58,16.7211,4.63,39.6,43.0
5367,-581.86,7.8058,4.79,43.1,42.7
5368,-580.82,18.3027,4.72,37.7,42.6
5369,-573.72,5.2893,4.66,38.4,42.8
5370,-571.26,5.8104,4.67,39.7,42.8
5371,-567.64,5.012,4.67,39.9,43.8
5372,-557.22,15.2335,4.61,38.1,43.5
5373,-550.54,2.5899,4.98,45.9,44.4
5374,-550.49,5.2189,4.51,38.7,44.3
5375,-563.07,8.3097,4.4,37.2,43.9
5376,-557.34,3.138,4.55,39.1,43.7
5377,-577.91,14.4384,4.76,39.9,43.8
5378,-561.05,3.3323,4.62,39.9,43.5
5379,-556.2,8.0389,4.46,38.4,43.4
5380,-570.02,1.9262,4.74,46.8,43.3
5381,-583.08,8.4386,4.43,36.7,43.0
5382,-584.43,20.1843,4.45,37.4,42.7
5383,-574.92,12.1564,4.61,39.6,42.7
5384,-575.89,3.1358,4.69,40.7,42.8
5385,-577.45,12.5556,4.68,39.6,42.7
5386,-571.13,6.6135,4.65,40.8,42.7
5387,-572.05,2.6621,4.4,39.5,42.2
5388,-590.67,17.2787,4.42,37.5,42.1
5389,-592.6,8.5579,4.67,38.4,42.1
5390,-570.1,10.565,4.48,39.9,42.1
5391,-583.33,6.7566,4.58,38.6,42.2
5392,-571.03,11.9461,4.56,39.9,42.2
5393,-577.59,2.0542,4.81,44.2,42.2
5394,-577.51,3.7474,4.55,36.3,42.2
5395,-579.82,17.8279,4.63,43.6,42.2
5396,-584.11,15.7423,4.5,39.7,42.3
5397,-579.39,8.6801,4.47,37.3,42.8
5398,-583.54,3.6103,4.6,37.9,43.7
5399,-558.83,25.2065,4.63,40.9,44.1
5400,-553.71,20.0618,4.7,40.6,43.7
5401,-567.38,22.0929,4.73,41.5,43.7
5402,-559.49,10.7549,4.45,42.1,44.5
5403,-557.44,3.6941,4.46,38.9,44.2
5404,-581.27,22.2655,4.98,38.8,44.4
5405,-562.18,2.7378,4.37,39.3,44.0
5406,-575.92,15.2645,4.69,40.9,43.8
5407,-571.54,3.5175,4.56,39.5,43.7
5408,-582.51,8.3378,4.38,39.2,43.6
5409,-580.76,9.2834,4.81,43.5,43.8
5410,-567.29,10.1865,4.4,37.8,43.6
5411,-551.36,32.7828,4.31,38.0,43.2
5412,-575.64,9.0424,4.51,38.7,43.0
5413,-568.4,41.026,4.85,41.8,43.1
5414,-568.28,14.0932,4.6,38.8,43.2
5415,-578.11,13.1165,4.83,40.3,42.9
5416,-590.1,17.9587,4.58,41.6,43.2
5417,-580.55,8.9497,4.47,38.3,42.9
5418,-559.89,18.7308,4.43,37.4,42.4
5419,-553.18,35.3641,4.48,40.6,42.3
5420,-558.38,10.8171,4.68,42.1,42.3
5421,-557.11,6.9748,4.45,39.7,42.3
5422,-539.42,11.2656,4.54,39.8,42.4
5423,-559.5,13.52,5.22,37.8,42.3
5424,-534.52,3.6538,4.36,37.6,42.3
5425,-539.39,3.6339,4.43,38.7,42.3
5426,-561.22,26.6756,4.5,39.5,42.4
5427,-561.31,13.0144,4.42,40.1,43.0
5428,-566.8,8.8811,4.56,39.2,43.7
5429,-586.61,14.1739,4.54,40.1,43.9
5430,-596.57,14.975,4.76,42.2,44.3
5431,-586.04,11.6858,4.41,39.5,42.6
5432,-566.51,30.6922,4.45,38.4,41.9
5433,-586.89,5.0531,4.54,38.2,42.7
5434,-576.21,5.7308,4.55,38.9,42.9
5435,-559.52,12.402,4.6,38.9,43.8
5436,-568.78,7.2211,4.61,40.1,43.6
5437,-567.46,4.1169,5.06,44.6,42.4
5438,-577.85,11.5556,4.38,38.3,42.8
5439,-587.61,10.0864,4.44,36.8,43.4
5440,-580.66,3.0528,4.8,40.6,44.2
5441,-555.3,38.0859,4.61,41.2,42.4
5442,-569.48,10.6654,4.61,37.9,42.5
5443,-565.3,5.4518,4.6,38.8,43.1
5444,-577.01,6.4944,4.86,44.5,43.0
5445,-566.83,2.6334,4.45,39.9,44.1
5446,-577.23,9.067,4.29,38.2,44.8
5447,-581.84,3.6433,4.48,37.5,44.6
5448,-570.66,4.5376,4.61,39.4,44.4
5449,-569.12,6.7416,4.5,39.2,44.2
5450,-570.8,6.4863,4.62,40.2,44.1
5451,-571.38,4.1348,4.57,39.7,44.0
5452,-580.81,8.9193,4.75,43.6,44.1
5453,-570.55,1.2833,4.44,38.9,43.9
5454,-560.51,7.8922,4.39,38.8,43.3
5455,-593.91,15.4653,4.66,39.4,43.3
5456,-572.17,4.1974,4.74,41.6,43.2
5457,-574.23,3.6448,4.63,39.0,43.0
5458,-582.56,6.2341,4.56,38.7,43.2
5459,-563.8,8.3502,4.66,42.2,43.2
5460,-569.28,5.8203,4.56,37.8,43.0
5461,-570.57,2.5075,4.46,37.7,42.5
5462,-571.28,3.5219,4.59,39.9,42.4
5463,-559.08,3.7972,4.5,39.8,42.4
5464,-570.37,4.3691,4.61,39.7,42.4
5465,-555.37,9.2633,4.9,43.2,42.4
5466,-559.57,3.9167,4.44,39.8,42.4
5467,-577.43,9.2661,4.63,38.5,42.4
5468,-571.67,7.0456,4.41,37.9,42.3
5469,-587.74,16.7359,4.71,41.3,42.4
5470,-574.78,3.4629,4.71,39.4,42.4
5471,-566.21,9.6168,4.62,38.7,42.4
5472,-591.02,6.6245,5.17,46.3,42.3
5473,-570.46,9.6996,4.59,38.5,42.4
5474,-574.1,5.1162,4.41,38.5,42.4
5475,-582.99,3.0652,4.7,39.8,42.4
5476,-592.09,9.4128,4.75,40.3,42.4
5477,-584.34,2.6988,4.64,39.1,42.4
5478,-576.9,2.9838,4.65,41.2,42.5
5479,-595.48,11.4842,4.54,39.2,42.4
5480,-579.35,1.3681,4.61,38.1,42.5
5481,-589.36,5.3656,4.6,38.4,42.4
5482,-579.24,3.5808,4.74,41.6,43.2
5483,-577.15,5.1342,4.68,40.2,43.4
5484,-564.68,10.653,4.57,38.6,43.0
5485,-576.46,6.0921,4.85,43.9,43.0
5486,-599.55,29.9178,4.49,38.4,44.2
5487,-578.23,4.1476,4.36,37.8,44.8
5488,-569.2,3.7993,4.58,38.7,44.6
5489,-575.62,1.5437,4.57,39.8,44.4
5490,-569.21,12.4937,4.5,39.4,44.1
5491,-580.05,4.4908,4.55,38.5,44.1
5492,-571.11,2.3936,4.62,42.2,43.9
5493,-578.46,4.1025,4.49,37.8,43.8
5494,-560.19,10.973,4.39,37.7,43.3
5495,-570.59,13.7036,4.55,37.2,43.2
5496,-569.94,2.3676,4.4,38.1,43.3
5497,-562.87,1.8352,4.47,39.4,43.1
5498,-588.82,17.4926,4.49,38.9,42.6
5499,-556.13,6.9955,4.71,39.4,42.7
5500,-582.01,14.0823,4.77,42.2,42.8
5501,-571.11,2.2623,4.68,44.0,42.9
5502,-577.19,2.84,4.35,38.3,42.6
5503,-599.02,10.0163,4.53,37.2,42.6
5504,-620.98,36.1218,4.69,38.1,42.6
5505,-566.23,48.8572,4.44,39.3,42.6
5506,-577.28,28.1166,4.49,39.5,42.5
5507,-578.62,21.5586,4.75,40.7,42.6
5508,-592.56,7.5934,4.8,41.6,42.6
5509,-572.78,7.6279,4.47,39.1,42.6
5510,-593.65,17.8001,4.45,37.0,43.2
5511,-601.9,24.9181,4.69,39.8,44.5
5512,-610.91,23.8589,4.75,40.6,44.1
5513,-583.75,8.0164,4.75,40.1,43.3
5514,-567.34,13.8971,4.42,37.8,44.2
5515,-582.4,17.0753,4.78,44.0,44.5
5516,-595.2,12.2377,4.59,36.0,44.5
5517,-583.12,12.2896,4.75,38.9,44.2
5518,-581.39,4.9364,4.61,39.9,44.1
5519,-588.96,9.7625,4.47,38.4,44.1
5520,-578.29,7.9275,4.51,39.3,44.7
5521,-583.26,17.1468,4.73,44.7,44.3
5522,-591.97,5.0904,4.43,37.6,44.1
5523,-563.81,14.4054,4.39,40.4,43.8
5524,-554.48,19.6543,4.7,39.1,43.9
5525,-562.28,8.1831,4.41,39.1,43.6
5526,-564.12,6.1175,4.46,39.0,43.2
5527,-563.73,8.741,4.58,38.1,43.4
5528,-556.61,4.3889,4.6,42.4,43.3
5529,-558.3,8.7316,4.62,41.3,43.0
5530,-564.5,3.9175,4.31,38.5,42.5
5531,-563.24,4.5566,4.59,38.7,42.6
5532,-578.9,9.0814,4.5,39.5,42.6
5533,-559.25,6.0199,4.5,38.7,42.6
5534,-544.17,27.0322,4.75,40.8,42.6
5535,-563.96,2.9157,4.64,39.9,42.6
5536,-566.55,6.9113,4.36,41.7,42.7
5537,-538.13,13.9972,4.43,38.3,43.5
5538,-553.66,2.5479,4.64,37.2,43.4
5539,-569.66,15.849,4.49,39.8,44.5
5540,-558.93,7.4943,4.69,39.9,44.4
5541,-562.92,2.3408,4.53,38.6,44.3
5542,-548.33,7.4252,4.35,40.4,44.9
5543,-562.15,1.655,4.56,41.8,44.7
5544,-555.7,3.2843,4.28,39.0,43.5
5545,-564.91,3.2738,4.58,37.3,44.4
5546,-567.32,5.712,4.6,39.6,42.7
5547,-558.64,7.6126,4.57,38.5,42.1
5548,-576.34,6.0999,4.86,40.9,42.8
5549,-585.06,9.1831,4.9,42.3,43.7
5550,-569.85,5.7032,4.53,39.6,43.5
5551,-563.84,7.964,4.42,37.3,42.9
5552,-562.11,6.5631,4.52,37.8,42.2
5553,-575.11,11.2886,4.53,38.5,43.0
5554,-565.88,6.0754,4.6,40.5,43.4
5555,-566.44,2.6966,4.58,39.0,43.9
5556,-569.87,4.6444,4.57,41.1,44.3
5557,-596.85,35.4205,4.57,40.1,44.4
5558,-574.19,4.1383,4.49,36.9,44.3
5559,-574.39,4.859,4.5,37.4,44.1
5560,-568.82,3.4205,4.5,39.4,44.0
5561,-564.81,8.5234,4.59,40.8,43.7
5562,-574.64,6.6229,4.62,38.5,43.5
5563,-557.37,6.2798,4.55,41.2,43.7
5564,-556.56,5.3503,4.56,39.2,43.6
5565,-560.59,12.2531,4.39,37.2,43.6
5566,-587.27,32.1656,4.6,38.9,43.6
5567,-577.58,8.221,4.51,39.1,43.0
5568,-563.94,8.1906,4.46,40.1,43.0
5569,-574.01,3.1592,4.53,39.5,43.0
5570,-570.39,14.1331,4.67,42.1,43.0
5571,-567.45,19.4351,4.71,39.2,43.0
5572,-547.77,24.8471,4.54,38.1,43.0
5573,-575.77,23.6587,4.4,37.8,43.0
5574,-566.6,4.3941,4.48,36.8,43.0
5575,-573.45,7.0992,4.61,40.7,43.1
5576,-555.38,9.3386,4.61,39.2,43.0
5577,-543.94,15.7752,4.78,44.1,43.0
5578,-579.45,7.4639,4.56,39.4,43.0
5579,-566.43,5.7126,4.36,37.4,43.0
5580,-567.27,0.8973,4.75,38.6,43.0
5581,-565.08,5.8505,4.65,41.4,43.0
5582,-572.29,7.2907,4.72,39.5,43.0
5583,-566.07,4.8868,4.77,41.0,43.1
5584,-560.87,8.0255,4.54,39.2,43.9
5585,-569.91,7.0425,4.49,37.6,44.1
5586,-573.42,5.5578,4.62,38.4,44.9
5587,-581.94,11.1275,4.4,39.7,44.5
5588,-566.25,6.6151,4.63,40.5,44.5
5589,-570.88,6.729,4.59,39.2,45.4
5590,-572.56,6.1497,4.83,43.7,44.5
5591,-559.12,10.7137,4.51,41.5,45.3
5592,-549.01,7.715,4.45,37.9,45.0
5593,-560.73,20.6988,4.64,38.6,45.1
5594,-558.3,13.0963,4.61,40.1,44.8
5595,-575.53,16.2602,4.69,40.5,44.5
5596,-563.9,9.5073,4.56,38.6,44.5
5597,-558.27,11.384,4.77,41.9,44.5
5598,-573.25,25.391,4.6,36.7,44.5
5599,-554.85,8.4336,4.66,40.8,44.6
5600,-552.95,11.4141,4.37,40.3,44.4
5601,-566.68,7.0963,4.71,39.4,44.4
5602,-530.4,14.1439,4.57,40.6,44.0
5603,-540.69,7.3246,4.86,43.1,44.2
5604,-552.33,8.5602,4.51,40.2,44.1
5605,-558.34,12.9483,4.6,38.2,44.0
5606,-574.84,47.7187,4.54,39.3,43.9
5607,-548.77,3.3696,4.5,39.2,43.9
5608,-567.58,8.1334,4.75,41.2,43.9
5609,-549.89,17.146,4.62,39.4,43.8
5610,-550.82,6.026,4.91,43.6,44.0
5611,-546.96,2.1523,4.43,38.3,43.7
5612,-571.64,30.4811,4.36,37.2,43.6
5613,-559.07,6.1471,4.73,39.1,43.5
5614,-551.11,3.083,4.73,40.8,43.6
5615,-573.04,14.7885,4.75,42.6,43.1
5616,-556.58,3.5718,4.5,38.4,43.0
5617,-551.71,5.4777,4.71,44.5,43.1
5618,-539.61,7.3075,4.44,38.6,43.0
5619,-559.92,8.4122,4.35,37.3,43.0
5620,-551.51,16.7697,4.3,37.6,43.9
5621,-554.05,10.8437,4.65,40.2,44.0
5622,-568.62,10.5876,4.54,39.4,44.8
5623,-555.4,8.2363,4.63,38.3,44.9
5624,-578.12,11.1466,4.81,39.9,43.7
5625,-556.76,10.2969,4.61,41.7,44.7
5626,-552.88,13.9415,4.55,38.3,44.7
5627,-527.5,27.6169,4.41,37.8,44.4
5628,-552.82,2.4729,4.87,41.4,44.9
5629,-563.37,12.9378,4.65,40.7,45.2
5630,-544.04,3.255,4.65,39.9,45.3
5631,-543.62,1.942,4.57,38.7,45.0
5632,-547.8,15.3597,4.45,40.9,44.7
5633,-527.6,11.6436,4.39,37.8,44.4
5634,-550.47,14.2962,4.53,38.4,44.4
5635,-560.3,15.3014,4.7,40.0,44.5
5636,-580.54,44.368,4.63,39.9,44.2
5637,-551.77,4.7997,4.46,38.7,43.9
5638,-544.09,8.012,4.56,37.7,43.8
5639,-539.37,14.5582,4.89,44.7,43.9
5640,-558.12,28.4378,4.42,38.2,43.6
5641,-553.89,7.1779,4.46,37.6,43.7
5642,-559.52,7.7827,4.6,40.1,43.5
5643,-557.62,17.4808,4.6,38.8,43.5
5644,-549.54,6.1882,4.52,38.9,43.1
5645,-543.94,18.6623,4.49,39.7,43.0
5646,-563.26,15.4589,4.89,44.4,43.3
5647,-549.11,5.7031,4.37,37.7,43.0
5648,-558.52,3.5178,4.42,37.8,43.1
5649,-558.74,12.2396,4.68,40.7,43.1
5650,-556.04,5.4796,4.59,39.3,43.0
5651,-547.52,14.7095,4.67,39.0,43.1
5652,-530.52,23.1549,4.85,42.5,43.0
5653,-558.77,9.7346,4.37,38.9,43.0
5654,-580.92,47.1501,4.53,37.4,43.0
5655,-550.7,4.0212,4.57,38.1,43.0
5656,-549.09,1.3971,4.45,39.4,43.5
5657,-581.78,27.6744,4.64,40.3,44.9
5658,-538.5,18.6323,4.59,40.6,44.0
5659,-539.94,10.1814,4.47,38.5,43.4
5660,-545.58,3.1525,4.45,40.1,42.5
5661,-547.56,4.0054,4.39,37.8,43.4
5662,-561.89,20.8255,4.53,37.0,43.8
5663,-540.9,13.2736,4.61,41.8,44.2
5664,-585.42,31.8235,4.5,39.8,44.2
5665,-573.67,9.936,4.73,40.7,43.0
5666,-571.44,7.2085,4.86,41.3,43.4
5667,-593.37,14.9967,4.59,40.1,43.8
5668,-556.65,27.6476,4.45,36.2,44.5
5669,-566.7,15.4673,4.69,38.9,43.1
5670,-588.51,11.3018,4.57,39.8,44.9
5671,-590.62,10.4001,4.71,40.1,44.9
5672,-579.09,2.0403,4.78,42.1,44.9
5673,-579.19,3.9859,4.77,38.3,45.0
5674,-559.62,9.0673,4.43,40.4,44.6
5675,-567.52,5.4597,4.61,38.3,44.5
5676,-580.51,9.2952,4.95,41.5,45.5
5677,-576.4,38.8814,4.51,41.7,45.0
5678,-595.48,15.4426,4.74,40.6,45.1
5679,-562.26,23.6861,4.61,38.8,44.9
5680,-568.06,12.564,4.57,41.3,44.8
5681,-571.64,17.2222,4.33,38.1,44.6
5682,-585.26,12.3406,4.47,37.4,44.5
5683,-579.78,7.385,4.68,40.0,44.4
5684,-578.11,7.5874,4.61,39.6,44.4
5685,-549.14,32.965,4.46,40.7,44.0
5686,-567.73,4.9704,4.55,38.7,43.9
5687,-554.63,9.0213,4.66,42.3,43.7
5688,-559.64,4.4221,4.45,39.9,43.7
5689,-564.36,6.4661,4.39,36.3,43.4
5690,-595.82,61.3942,4.5,39.9,43.1
5691,-583.55,15.8699,4.62,39.6,43.1
5692,-578.73,11.0587,4.46,39.0,43.1
5693,-579.52,4.5913,4.62,38.3,43.1
5694,-559.23,27.2644,4.79,44.4,43.2
5695,-556.65,25.5038,4.53,37.5,43.2
5696,-545.11,25.1985,4.4,36.7,43.1
5697,-578.04,21.4111,4.64,40.6,43.2
5698,-571.81,7.4285,4.56,39.6,43.2
5699,-572.41,2.6635,4.64,39.8,43.6
5700,-570.47,4.2644,4.54,38.9,43.8
5701,-549.24,21.4286,4.71,43.6,43.8
5702,-570.49,2.6407,4.42,39.5,44.9
5703,-561.94,24.5408,4.64,37.7,45.0
5704,-590.46,23.2937,4.74,39.7,44.9
5705,-572.95,11.182,4.7,38.3,44.8
5706,-551.78,18.3643,4.76,40.2,44.9
5707,-580.63,8.7314,4.78,42.1,45.1
5708,-582.55,10.0521,4.74,38.9,44.9
5709,-574.02,3.6429,4.58,37.1,44.7
5710,-578.25,8.2396,4.77,40.2,44.7
5711,-559.16,15.1801,4.59,40.2,45.4
5712,-540.47,20.5692,4.73,41.1,45.4
5713,-587.49,936.6514,4.75,42.2,45.3
5714,-538.01,11.4219,4.55,38.8,45.2
5715,-572.53,13.4445,4.69,38.0,45.2
5716,-547.51,15.7628,4.65,39.1,45.2
5717,-566.21,6.1635,4.42,39.5,45.0
5718,-614.97,83.7015,4.73,41.1,44.8
5719,-568.07,9.095,4.84,42.7,44.7
5720,-582.33,5.8316,4.3,38.8,44.5
5721,-579.48,2.818,4.55,36.9,44.4
5722,-591.51,5.7352,4.68,40.3,44.4
5723,-592.66,1.812,4.7,37.9,44.8
5724,-593.93,1.6043,5.14,46.0,44.8
5725,-576.25,7.391,4.54,38.3,44.8
5726,-563.69,33.0724,4.41,38.9,44.5
5727,-559.28,10.9137,4.46,38.9,44.4
5728,-579.4,9.0215,4.68,39.9,44.4
5729,-589.09,16.7268,4.65,39.8,44.4
5730,-582.73,3.7409,4.61,39.6,44.4
5731,-557.58,19.4717,4.98,44.9,44.6
5732,-599.13,11.2778,4.64,38.0,44.6
5733,-567.54,13.5493,4.5,38.9,44.4
5734,-577.79,8.7487,4.6,40.2,44.1
5735,-584.51,3.6838,4.71,39.4,44.2
5736,-590.55,3.2071,4.73,39.6,44.2
5737,-587.87,2.7748,4.8,42.8,44.4
5738,-596.91,1.3829,4.64,40.2,44.2
5739,-573.55,19.1173,4.59,37.6,44.2
5740,-582.29,6.3788,4.74,40.4,44.1
5741,-579.44,4.7329,4.71,39.0,44.0
5742,-580.11,17.7524,4.82,41.7,44.2
5743,-562.62,10.3015,4.47,39.9,44.0
5744,-584.01,8.6291,4.55,37.4,44.2
5745,-554.63,19.4867,4.72,41.9,43.9
5746,-575.68,17.7591,4.61,40.9,43.9
5747,-584.34,20.5679,4.69,39.4,43.8
5748,-553.3,19.1501,4.81,42.3,43.9
5749,-571.76,8.824,4.56,42.9,44.0
5750,-537.96,29.9748,4.39,39.8,43.6
5751,-563.63,4.4423,4.45,37.2,43.4
5752,-570.86,5.8936,4.61,40.0,43.4
5753,-577.46,6.9883,4.7,40.3,43.3
5754,-567.62,3.074,4.52,40.7,43.3
5755,-600.17,33.9433,4.45,38.5,43.2
5756,-573.8,6.9769,4.62,41.6,43.4
5757,-587.99,6.4336,4.54,42.7,43.3
5758,-586.07,3.9596,4.47,37.8,43.9
5759,-594.38,39.4162,4.63,37.3,43.9
5760,-585.59,6.0215,4.6,41.2,45.1
5761,-537.18,69.8284,4.54,39.1,44.9
5762,-576.33,15.1855,4.6,39.3,45.7
5763,-549.87,24.1425,5.14,44.7,45.2
5764,-550.93,13.5902,4.34,38.7,45.6
5765,-557.07,46.4845,4.58,35.9,45.5
5766,-564.44,16.5295,4.48,40.5,44.9
5767,-546.75,7.4715,4.38,39.8,44.7
5768,-551.41,6.6718,4.43,39.4,44.6
5769,-564.95,17.1997,4.67,39.3,44.5
5770,-561.02,3.6177,4.49,38.1,44.2
5771,-564.09,5.6186,4.81,44.8,43.7
5772,-544.68,14.0716,4.55,39.6,44.3
5773,-558.64,7.3993,4.63,37.6,44.8
5774,-557.34,4.9011,4.66,40.0,44.8
5775,-551.05,5.6538,4.54,39.1,43.0
5776,-534.84,19.124,4.55,39.7,43.7
5777,-555.62,10.6047,4.63,37.1,44.6
5778,-549.07,5.0405,4.51,39.5,45.3
5779,-559.19,11.8557,4.56,43.3,44.5
5780,-569.29,8.3797,4.51,39.5,43.0
5781,-555.75,11.1794,4.43,37.6,43.3
5782,-552.48,9.0553,4.71,39.7,43.8
5783,-549.89,5.0584,4.55,38.8,44.2
5784,-544.39,5.5442,4.5,39.1,44.1
5785,-559.56,19.1047,4.64,42.1,44.1
5786,-553.28,17.0341,4.55,40.7,44.4
5787,-560.38,7.9682,4.35,39.4,44.1
5788,-558.69,5.9196,4.4,37.5,43.8
5789,-549.05,11.9952,4.67,39.4,43.7
5790,-546.14,6.4011,4.66,39.1,43.8
5791,-547.27,9.0407,4.64,41.3,43.8
5792,-531.13,4.2575,4.62,41.1,43.8
5793,-549.61,23.7206,4.4,41.7,43.5
5794,-550.9,12.2335,4.42,37.7,43.6
5795,-582.65,47.6379,4.63,36.7,43.6
5796,-534.98,12.3445,4.58,39.7,43.5
5797,-550.97,4.7278,4.59,40.5,43.5
5798,-530.15,18.2082,4.6,38.4,43.5
5799,-528.41,29.9724,4.78,44.9,43.5
5800,-537.39,7.2744,4.69,44.4,44.5
5801,-528.82,4.8218,4.48,39.7,44.5
5802,-530.55,4.9938,4.34,36.4,45.1
5803,-523.21,4.0735,4.44,40.6,45.9
5804,-552.78,17.0936,4.61,40.2,45.6
5805,-549.03,5.323,4.41,40.3,45.3
5806,-530.8,12.1257,4.74,41.2,45.4
5807,-543.04,3.8407,4.58,40.6,45.1
5808,-571.03,38.6315,4.5,42.7,44.5
5809,-571.34,22.2101,4.73,38.4,44.5
5810,-542.65,8.4458,4.3,36.6,44.2
5811,-572.46,13.2501,4.66,41.2,44.2
5812,-538.96,14.509,4.54,38.9,44.3
5813,-562.54,7.2821,4.52,38.3,44.1
5814,-528.19,37.8064,4.79,43.2,44.4
5815,-531.14,16.8105,4.36,40.3,43.8
5816,-533.47,4.3074,4.36,37.6,43.5
5817,-545.03,11.6012,4.58,37.4,43.5
5818,-555.98,26.4574,4.67,41.6,43.5
5819,-557.38,18.0339,4.53,38.6,43.6
5820,-534.99,8.5509,4.46,38.0,43.6
5821,-539.63,5.8011,4.97,45.6,43.5
5822,-542.77,2.9763,4.49,38.8,43.5
5823,-545.3,2.8361,4.51,36.7,43.6
5824,-524.34,20.3209,4.63,40.8,43.5
5825,-540.74,2.5612,4.49,39.1,43.5
5826,-531.23,8.0023,4.54,40.1,43.5
5827,-548.45,5.1743,4.56,40.2,43.5
5828,-547.82,6.1779,4.91,44.6,43.6
5829,-543.61,1.8673,4.45,38.1,44.5
5830,-544.07,2.0906,4.45,37.7,44.2
5831,-533.15,4.8512,4.83,40.6,44.5
5832,-541.33,1.8642,4.68,38.8,44.4
5833,-537.32,1.5643,4.56,39.6,45.0
5834,-579.48,67.7748,5.25,48.3,43.6
5835,-556.95,14.4267,4.48,37.9,44.5
5836,-567.07,12.4817,4.49,37.5,44.3
5837,-543.2,28.4517,4.6,39.3,44.1
5838,-541.35,20.3975,4.55,38.9,44.2
5839,-535.85,20.5501,4.54,38.7,45.3
5840,-531.59,11.0483,4.64,42.2,45.1
5841,-539.05,6.9234,4.41,40.3,45.5
5842,-539.11,10.5673,4.56,38.4,45.5
5843,-523.02,10.3155,4.83,39.9,45.7
5844,-532.68,2.1286,4.7,39.4,45.6
5845,-547.28,11.3797,4.62,39.0,45.5
5846,-542.71,11.3822,4.83,42.8,45.6
5847,-551.09,10.0664,4.56,37.4,45.4
5848,-520.54,28.683,4.3,40.9,45.1
5849,-530.18,12.8574,4.57,39.5,45.1
5850,-544.05,1.7279,4.56,40.1,45.0
5851,-522.8,8.5158,4.46,38.7,44.9
5852,-527.95,11.13,4.48,39.7,44.8
5853,-544.96,16.3097,4.82,45.7,44.9
5854,-529.47,4.9062,5.14,43.4,45.3
5855,-548.42,13.2345,4.38,38.7,45.2
5856,-531.52,7.8592,4.54,37.3,45.0
5857,-554.45,11.6157,4.65,39.7,45.0
5858,-525.11,18.1922,4.64,41.1,44.9
5859,-530.13,7.5688,4.56,40.0,44.8
5860,-532.53,7.0422,4.43,40.4,44.8
5861,-549.14,12.5797,4.58,41.5,44.5
5862,-544.23,8.2246,4.49,38.1,44.6
5863,-533.92,7.0174,4.62,38.4,44.5
5864,-544.12,2.4471,4.72,41.6,44.5
5865,-515.18,24.6584,4.69,40.2,44.5
5866,-535.08,3.3932,4.54,38.1,44.3
5867,-547.03,5.5291,4.49,42.3,43.8
5868,-525.72,5.2876,4.49,38.9,43.9
5869,-534.45,4.17,4.54,36.7,43.9
5870,-526.82,3.0335,4.61,40.7,43.9
5871,-535.1,2.4986,4.57,39.3,43.9
5872,-548.58,9.3705,4.85,41.0,43.9
5873,-544.69,2.2559,4.72,42.0,43.9
5874,-530.37,11.7721,4.63,39.2,44.0
5875,-546.54,8.0249,4.45,37.9,43.9
5876,-541.21,11.946,4.74,40.6,43.9
5877,-527.66,3.9593,4.5,38.7,44.0
5878,-551.14,14.1526,4.73,40.6,44.0
5879,-542.11,9.5656,5.3,38.5,44.0
5880,-523.66,6.3808,4.3,38.7,44.0
5881,-544.46,6.219,4.52,36.9,44.0
5882,-518.63,7.9949,4.65,41.1,44.0
5883,-520.64,14.3867,4.55,39.9,44.9
5884,-524.58,3.2016,4.87,42.2,44.8
5885,-540.86,24.7137,4.42,38.5,45.4
5886,-530.06,5.4408,4.46,41.1,43.6
5887,-533.8,5.6633,4.4,38.2,44.2
5888,-540.48,7.2439,4.52,38.4,44.5
5889,-550.89,14.887,4.7,39.3,45.4
5890,-510.44,45.5592,4.54,39.8,45.3
5891,-524.6,15.3193,4.64,39.6,43.5
5892,-535.82,14.2949,4.61,38.2,44.2
5893,-515.73,12.052,4.46,40.9,45.0
5894,-506.78,33.173,4.35,38.1,45.4
5895,-523.57,8.3589,4.43,38.0,45.2
5896,-504.09,14.4294,4.85,42.1,44.0
5897,-552.41,71.7506,4.65,40.4,44.0
5898,-518.42,6.6348,4.71,39.6,44.0
5899,-525.57,57.5439,4.51,39.7,44.0
5900,-536.86,23.3556,4.49,41.5,44.0
5901,-534.61,14.0428,4.55,39.7,44.0
5902,-532.56,3.9589,4.38,36.9,44.1
5903,-506.93,35.5653,4.64,41.4,44.3
5904,-534.34,3.8027,4.53,38.5,44.7
5905,-521.02,3.9339,4.57,39.4,44.5
5906,-513.92,3.3899,4.47,39.3,45.9
5907,-518.39,14.0792,4.64,41.0,45.7
5908,-529.4,12.1031,4.55,38.0,45.4
5909,-534.4,23.5066,4.49,38.4,46.3
5910,-529.79,10.2686,4.45,39.1,46.0
5911,-527.27,14.774,4.48,39.6,45.8
5912,-526.17,7.7999,4.76,41.1,45.7
5913,-537.07,3.6271,4.43,38.6,45.6
5914,-518.19,12.1231,4.55,43.2,45.5
5915,-516.35,10.4542,4.54,38.8,45.5
5916,-504.6,18.3794,4.34,37.3,45.3
5917,-519.25,3.9479,4.24,38.1,44.9
5918,-518.59,9.8433,4.6,42.9,44.8
5919,-521.88,8.5283,4.51,39.3,44.6
5920,-518.94,2.3579,4.43,39.3,44.8
5921,-536.68,6.4871,4.51,39.9,44.7
5922,-512.59,7.9538,4.81,44.7,44.2
5923,-530.62,7.0544,4.37,38.0,44.0
5924,-516.43,7.4989,4.36,38.2,44.0
5925,-528.87,18.6219,4.31,37.8,44.0
5926,-508.75,10.4612,4.35,38.3,44.1
5927,-532.49,6.2822,4.65,39.3,44.0
5928,-522.03,2.8407,4.81,41.1,44.0
5929,-515.11,4.0263,4.61,38.4,44.0
5930,-509.11,3.7131,4.72,42.0,44.4
5931,-540.36,21.4715,4.5,37.2,44.8
5932,-500.58,7.902,4.34,37.6,45.7
5933,-514.69,2.3767,4.57,39.5,45.6
5934,-533.09,13.197,4.51,39.4,46.5
5935,-514.99,1.8467,4.68,39.4,46.1
5936,-534.93,9.4397,4.65,41.7,46.3
5937,-527.42,6.0516,4.6,41.0,46.3
5938,-518.3,12.1264,4.48,37.1,46.0
5939,-526.41,2.4225,4.54,38.7,45.8
5940,-508.49,5.1543,4.78,40.9,46.0
5941,-548.31,61.7061,4.61,38.3,46.0
5942,-521.22,8.2499,4.51,39.3,45.6
5943,-528.38,13.8951,4.79,44.8,45.7
5944,-509.6,8.2939,4.48,37.8,45.5
5945,-523.8,11.4915,4.5,37.3,45.5
5946,-500.82,10.0136,4.52,42.5,45.3
5947,-508.67,1.9717,4.65,39.8,45.2
5948,-519.45,3.3588,4.69,40.2,44.9
5949,-526.11,8.6843,4.69,40.2,45.0
5950,-509.47,2.0751,4.47,41.3,44.8
5951,-524.11,2.5391,4.45,37.6,44.7
5952,-508.23,6.9426,4.48,37.8,44.8
5953,-532.27,12.9469,4.66,40.1,44.6
5954,-530.89,8.1851,4.62,39.1,44.6
5955,-525.24,3.2867,4.86,40.9,44.7
5956,-542.83,5.8871,5.33,47.2,44.9
5957,-525.88,2.0743,4.38,37.5,44.7
5958,-525.6,3.4831,4.76,41.4,44.8
5959,-525.66,3.5243,4.72,38.2,44.8
5960,-529.94,6.3309,4.71,40.0,44.8
5961,-523.98,1.8144,4.66,40.0,44.7
5962,-522.87,1.6415,4.7,41.5,44.7
5963,-521.66,1.1747,4.67,39.4,44.7
5964,-503.73,19.3549,4.55,41.5,44.7
5965,-546.28,21.7056,4.61,36.2,44.6
5966,-513.33,3.112,4.31,36.6,44.0
5967,-515.91,1.7109,4.69,40.7,44.2
5968,-515.04,4.2613,4.5,39.1,44.1
5969,-526.35,7.292,4.63,38.3,44.1
5970,-548.63,29.1137,4.64,42.1,44.1
5971,-524.67,13.854,4.53,37.3,44.1
5972,-520.75,5.3153,4.51,36.8,44.1
5973,-512.74,10.023,4.71,40.7,44.1
5974,-525.56,1.5058,4.64,39.4,44.1
5975,-534.11,6.3219,4.6,38.6,44.1
5976,-533.37,2.5594,4.79,43.6,44.2
5977,-545.52,14.6492,4.43,38.8,44.1
5978,-545.44,3.6338,4.61,36.8,44.1
5979,-517.61,17.9908,4.67,40.5,44.0
5980,-527.04,7.4692,4.59,38.8,44.1
5981,-528.26,9.7247,4.49,39.0,44.1
5982,-537.31,5.1268,4.7,41.6,44.1
5983,-510.95,10.4192,4.66,43.9,44.2
5984,-515.04,6.074,4.43,37.5,44.9
5985,-522.41,5.9444,4.72,37.4,44.8
5986,-531.36,13.1424,4.62,39.6,44.6
5987,-527.39,7.2044,4.55,38.3,45.7
5988,-532.14,3.8511,4.57,38.3,45.6
5989,-529.74,7.8905,5.48,49.4,44.9
5990,-523.48,3.7454,4.45,37.5,44.6
5991,-546.03,5.834,4.87,38.3,44.7
5992,-544.5,10.8559,4.6,39.2,44.7
5993,-539.11,5.9387,4.65,38.3,45.0
5994,-542.63,5.924,4.51,39.6,46.0
5995,-582.22,484.1933,4.83,41.6,44.8
5996,-537.43,7.3775,4.59,37.6,45.4
5997,-537.62,3.9534,4.66,38.0,45.5
5998,-554.64,13.1948,4.52,38.3,44.9
5999,-533.9,1.4212,4.59,38.5,44.4
6000,-533.04,6.5782,4.66,38.5,44.3
6001,-552.3,13.7502,4.69,43.4,44.8
6002,-537.44,9.2967,4.47,38.8,45.3
6003,-551.71,10.7216,4.64,39.1,45.0
6004,-512.08,27.1565,4.52,38.6,44.0
6005,-548.85,7.5839,4.79,40.4,44.2
6006,-542.57,3.2079,4.57,40.1,44.7
6007,-539.46,1.817,4.76,38.9,45.4
6008,-548.9,4.7082,4.61,41.5,45.3
6009,-556.81,5.6438,4.44,38.4,44.1
6010,-540.23,17.4892,4.45,37.0,44.8
6011,-532.07,19.5736,4.74,38.9,45.1
6012,-552.91,8.2591,4.73,38.5,45.1
6013,-533.67,5.0664,4.62,39.2,44.7
6014,-546.05,4.1253,5.05,46.5,45.1
6015,-564.62,21.3196,4.47,39.6,44.8
6016,-570.11,14.6938,4.47,36.0,46.1
6017,-561.81,4.5727,4.46,37.7,45.9
6018,-541.61,28.602,4.52,39.8,45.7
6019,-558.44,3.6685,4.48,39.1,45.6
6020,-554.05,3.569,4.63,37.9,45.6
6021,-563.65,6.3366,5.12,45.7,46.1
6022,-557.81,2.7976,4.51,37.7,45.8
6023,-540.88,7.0417,4.39,37.3,46.6
6024,-545.35,2.7924,4.71,39.9,45.7
6025,-558.64,13.0132,4.61,38.8,45.6
6026,-562.0,13.146,4.58,39.6,45.6
6027,-576.41,21.1903,4.72,39.9,45.7
6028,-553.07,8.5358,4.55,40.0,46.5
6029,-557.44,16.232,4.56,36.7,45.7
6030,-563.28,4.8472,4.79,41.7,45.6
6031,-549.23,7.7674,4.53,39.2,46.6
6032,-546.99,9.377,4.66,39.1,46.5
6033,-551.13,3.6706,4.72,41.8,46.5
6034,-568.52,14.3939,4.4,39.4,46.3
6035,-537.03,16.6775,4.44,36.7,46.1
6036,-566.02,8.6787,4.55,37.5,45.9
6037,-570.61,9.8995,4.58,39.7,45.8
6038,-542.05,20.0486,4.46,38.1,45.7
6039,-530.44,50.6585,4.71,42.1,46.6
6040,-531.97,26.1168,4.57,37.6,46.5
6041,-565.39,15.3932,4.44,36.6,46.2
6042,-551.57,0.8209,4.61,39.6,46.0
6043,-564.78,16.6944,4.81,39.7,46.3
6044,-543.63,5.2558,4.6,38.4,46.0
6045,-559.1,11.2289,4.7,41.0,46.0
6046,-548.92,3.1542,4.44,40.0,45.9
6047,-557.33,4.8768,4.6,36.8,45.9
6048,-541.9,16.6552,4.62,39.4,45.8
6049,-528.03,9.7293,4.58,39.7,45.7
6050,-559.47,11.4121,4.69,40.1,45.6
6051,-534.32,1.629,4.58,38.5,45.5
6052,-557.24,7.9716,4.62,42.7,45.4
6053,-596.89,77.8627,4.53,37.6,45.3
6054,-550.37,11.1355,4.66,38.2,45.4
6055,-542.62,11.4453,4.73,39.6,45.6
6056,-550.42,6.9609,4.82,39.1,45.8
6057,-529.35,23.923,4.67,40.8,45.4
6058,-564.39,15.5937,4.75,40.5,45.4
6059,-567.65,21.0911,4.53,38.3,45.3
6060,-571.79,13.0428,4.72,38.3,45.4
6061,-552.19,6.2163,4.63,39.4,45.5
6062,-565.7,1.8281,4.66,38.8,45.5
6063,-550.04,7.2019,4.79,41.8,45.7
6064,-565.81,5.8836,4.37,34.6,45.0
6065,-548.11,9.2681,4.89,45.1,45.1
6066,-549.27,7.0921,4.58,38.7,45.1
6067,-562.9,9.4479,4.63,37.4,45.0
6068,-540.68,5.036,4.58,39.3,44.8
6069,-546.38,2.1733,4.58,39.3,44.8
6070,-544.91,4.913,4.65,39.1,45.0
6071,-563.62,15.9201,4.92,44.6,45.1
6072,-525.43,22.6714,4.46,38.2,44.8
6073,-531.14,11.2232,4.48,36.8,44.5
6074,-556.93,21.8845,4.75,38.7,44.5
6075,-548.04,4.4639,4.66,39.4,44.4
6076,-539.44,17.5185,4.86,40.4,44.4
6077,-566.73,16.4987,4.56,39.3,44.3
6078,-547.4,2.7194,4.57,38.1,44.4
6079,-549.77,5.3438,4.74,39.3,44.4
6080,-564.32,32.407,4.7,37.9,44.4
6081,-564.61,8.9495,4.53,38.3,44.4
6082,-574.38,5.27,4.89,44.0,44.3
6083,-544.13,18.9458,4.68,38.2,44.4
6084,-545.8,12.1583,4.6,37.5,44.5
6085,-555.05,4.786,4.62,39.2,44.4
6086,-557.2,14.603,4.55,39.0,44.4
6087,-549.26,8.6585,4.8,39.1,44.4
6088,-551.32,3.0637,5.09,44.1,44.3
6089,-566.0,9.9684,4.56,36.6,44.4
6090,-553.08,10.444,4.7,40.4,44.5
6091,-541.25,10.1429,4.76,39.5,44.4
6092,-523.05,21.988,4.65,40.1,44.4
6093,-562.34,14.1136,5.16,45.0,44.3
6094,-546.33,5.3793,4.52,38.1,44.4
6095,-541.87,1.3734,4.62,36.2,44.4
6096,-549.69,1.8446,4.69,39.9,44.4
6097,-560.65,11.264,4.66,40.0,44.4
6098,-559.77,9.3418,4.57,38.0,45.0
6099,-557.9,3.3215,5.17,45.2,44.4
6100,-557.8,3.8339,4.59,36.9,44.4
6101,-544.82,8.3504,4.59,37.4,45.0
6102,-554.17,2.5927,5.0,41.8,44.4
6103,-542.48,1.6423,4.75,39.1,44.4
6104,-545.7,4.1063,4.83,39.2,44.4
6105,-556.27,11.466,4.77,42.6,44.4
6106,-564.7,13.4571,4.54,36.1,44.8
6107,-549.28,5.7242,4.71,39.0,44.8
6108,-549.42,2.7386,4.65,39.7,45.1
6109,-552.93,1.2736,4.95,43.1,45.2
6110,-529.86,14.6058,4.56,38.8,45.7
6111,-553.74,10.0446,4.5,40.9,43.9
6112,-558.66,5.7969,4.52,37.1,44.8
6113,-545.93,7.6382,4.82,38.9,45.4
6114,-556.29,2.9233,4.7,39.6,45.4
6115,-553.85,2.06,4.7,38.7,43.9
6116,-548.84,7.6873,4.88,43.0,44.7
6117,-531.38,16.8143,4.54,38.1,45.1
6118,-564.12,10.1466,4.68,37.3,46.0
6119,-552.07,15.5601,4.46,39.3,45.4
6120,-561.76,8.8778,4.73,40.3,43.9
6121,-565.43,10.6553,4.7,38.9,44.4
6122,-538.53,21.6863,4.91,43.6,44.4
6123,-557.7,6.6648,4.48,39.6,44.4
6124,-545.61,10.4892,4.71,36.8,44.4
6125,-571.62,15.8003,4.78,39.6,44.4
6126,-548.44,5.0538,4.59,39.1,44.4
6127,-547.26,8.3945,4.56,38.2,44.4
6128,-532.48,7.2329,4.89,43.4,44.4
6129,-550.09,8.4944,4.66,40.2,44.3
6130,-553.84,13.3432,4.46,36.8,44.4
6131,-538.84,1.6099,4.84,39.3,44.4
6132,-549.46,1.5658,4.59,40.2,44.4
6133,-541.61,2.1915,4.72,40.5,44.4
6134,-541.61,1.4794,4.78,39.1,44.4
6135,-533.21,2.8083,4.59,41.4,44.4
6136,-535.45,6.9799,4.61,37.7,44.4
6137,-540.11,7.9893,4.67,39.3,44.4
6138,-538.13,6.1162,4.75,41.9,44.4
6139,-522.31,16.4019,4.62,39.4,44.4
6140,-546.06,5.033,4.58,37.1,44.4
6141,-531.46,4.8418,4.62,42.5,44.4
6142,-536.83,2.946,4.74,38.2,44.3
6143,-526.04,10.1164,4.73,39.8,44.4
6144,-538.03,6.6449,4.63,39.8,44.4
6145,-539.45,4.8152,4.82,40.2,44.4
6146,-534.78,4.8965,4.61,40.7,44.3
6147,-541.53,25.0623,4.61,39.8,44.4
6148,-530.91,7.157,4.4,37.0,44.4
6149,-536.89,3.3179,4.67,38.9,44.3
6150,-527.4,13.7381,4.55,40.1,44.3
6151,-529.35,2.3239,4.72,39.2,44.4
6152,-522.86,3.1275,4.54,38.7,44.3
6153,-539.57,18.5077,4.59,40.4,44.5
6154,-544.91,7.5046,4.59,37.9,44.9
6155,-551.13,5.7395,4.7,38.0,45.3
6156,-547.18,11.6146,4.68,40.4,45.1
6157,-554.15,1.1004,4.56,38.4,45.0
6158,-559.14,3.4056,5.04,43.2,45.9
6159,-555.98,4.4259,4.58,38.9,45.9
6160,-543.93,12.7485,4.52,37.1,46.7
6161,-556.61,3.9319,4.84,39.8,46.8
6162,-542.45,3.1136,4.61,40.5,46.7
6163,-561.08,20.5091,4.6,39.4,46.5
6164,-547.68,1.6342,4.77,42.0,46.6
6165,-544.74,2.3074,4.55,40.7,46.3
6166,-557.92,5.3754,4.49,37.0,46.1
6167,-536.15,9.9088,4.55,37.4,45.9
6168,-543.58,4.0352,4.71,40.6,46.1
6169,-534.28,16.4478,4.73,38.7,46.0
6170,-525.85,10.5087,4.54,40.9,45.8
6171,-529.14,5.6346,4.49,38.9,45.6
6172,-529.02,1.439,4.43,37.9,45.2
6173,-521.46,72.6294,4.73,42.5,45.4
6174,-532.6,1.9133,4.48,39.9,45.3
6175,-536.3,2.3525,4.59,36.4,45.2
6176,-537.05,4.5812,4.54,38.0,44.6
6177,-540.18,6.6869,4.48,38.7,44.6
6178,-531.03,12.5123,4.67,39.6,44.6
6179,-540.92,1.1807,4.62,38.2,44.6
6180,-536.42,7.0697,4.73,43.3,44.6
6181,-550.44,9.0181,4.69,37.2,45.4
6182,-542.88,7.7762,4.8,38.6,45.3
6183,-546.29,4.9846,4.55,40.0,46.4
6184,-542.92,5.532,4.54,39.0,46.1
6185,-549.45,5.9119,4.7,40.3,46.4
6186,-537.55,14.4454,4.52,40.9,46.9
6187,-536.2,3.5506,4.49,36.1,46.3
6188,-546.82,5.6471,4.72,40.0,46.2
6189,-554.59,10.8405,4.58,38.8,46.2
6190,-531.56,14.5272,4.67,38.4,46.2
6191,-539.66,6.8443,4.88,44.7,46.4
6192,-522.66,12.3287,4.47,39.4,46.1
6193,-526.47,8.1206,4.51,35.6,46.1
6194,-539.53,10.2324,4.74,40.1,46.1
6195,-535.05,7.5909,4.62,39.9,45.9
6196,-510.26,17.9529,4.64,38.7,45.8
6197,-538.07,3.9475,5.0,44.5,46.1
6198,-530.37,0.8739,4.48,39.2,45.9
6199,-537.71,10.8953,4.54,36.3,45.7
6200,-547.18,4.9954,4.66,40.1,45.6
6201,-530.94,10.6105,4.57,38.3,45.2
6202,-511.2,30.2134,4.59,38.9,44.7
6203,-542.23,7.8705,4.99,43.2,44.7
6204,-529.77,6.9096,4.57,36.5,44.6
6205,-534.98,3.0742,4.43,36.2,46.5
6206,-521.25,7.5914,4.5,38.6,46.0
6207,-538.9,10.2724,4.66,40.0,47.0
6208,-534.95,4.9885,4.55,38.7,46.8
6209,-533.22,5.9308,4.68,40.6,46.6
6210,-531.19,4.5772,4.44,41.2,45.7
6211,-521.95,7.9402,4.47,38.0,45.5
6212,-530.4,2.4825,4.41,36.7,45.3
6213,-519.9,10.3257,4.56,39.9,45.4
6214,-528.95,5.2019,4.65,40.4,45.3
6215,-544.36,14.0224,4.59,38.7,45.3
6216,-544.78,13.5745,4.58,40.3,44.8
6217,-543.09,3.2396,4.54,38.4,44.6
6218,-527.44,11.7897,4.57,37.3,44.6
6219,-548.77,3.3447,4.69,39.1,44.6
6220,-551.44,7.8526,4.61,39.7,45.2
6221,-545.23,5.4491,4.52,36.5,46.1
6222,-545.73,6.122,4.67,42.2,46.2
6223,-537.73,4.7648,4.66,39.7,46.1
6224,-536.84,1.7557,4.48,36.6,45.5
6225,-530.33,6.8126,4.69,39.9,46.4
6226,-528.8,3.9812,4.76,39.7,44.1
6227,-554.46,22.1028,4.64,38.8,44.7
6228,-535.13,5.6247,4.95,44.1,45.5
6229,-540.21,22.3623,4.46,38.1,46.1
6230,-545.38,4.1589,4.71,38.7,45.3
6231,-520.34,24.4583,4.65,39.6,44.3
6232,-550.0,7.6651,4.6,39.6,44.9
6233,-527.88,10.1273,4.81,39.5,45.9
6234,-550.69,10.5658,4.77,42.3,45.6
6235,-543.09,3.8718,4.55,42.1,44.6
6236,-543.0,2.9286,4.6,37.6,44.6
6237,-564.97,29.1149,4.53,37.0,44.7
6238,-544.83,3.2217,4.55,39.4,44.7
6239,-527.43,9.0653,4.56,38.4,44.7
6240,-510.46,22.2248,4.46,38.4,44.7
6241,-534.04,10.6138,4.9,41.9,46.6
6242,-560.41,28.6778,4.85,37.6,46.8
6243,-540.3,3.6128,4.79,40.5,46.9
6244,-533.14,3.7891,4.67,40.1,46.9
6245,-516.25,18.6152,4.58,38.5,46.7
6246,-543.6,2.8737,4.68,40.1,46.4
6247,-538.25,4.2285,4.69,42.3,46.3
6248,-525.96,18.3226,4.37,36.4,46.2
6249,-540.58,7.0121,4.45,36.7,45.9
6250,-536.04,28.6206,4.58,40.5,45.9
6251,-553.41,14.2391,4.73,40.1,46.0
6252,-587.97,56.6927,4.8,40.6,46.0
6253,-571.27,14.498,4.73,39.2,44.9
6254,-559.26,4.2911,4.62,38.3,44.6
6255,-572.83,9.8442,4.54,36.6,44.6
6256,-540.8,27.3526,4.74,39.4,44.5
6257,-554.39,22.744,4.62,38.0,44.6
6258,-535.32,25.2516,4.61,39.2,44.6
6259,-529.95,17.2043,4.97,45.5,44.7
6260,-532.78,6.8386,4.45,37.2,44.6
6261,-558.27,29.3962,4.65,37.5,44.6
6262,-531.19,4.5583,4.63,38.9,45.4
6263,-516.12,8.7322,4.54,40.0,46.5
6264,-548.04,15.4229,4.53,38.0,46.5
6265,-544.9,8.5391,4.53,38.1,46.3
6266,-528.41,4.9322,4.8,44.2,46.5
6267,-534.47,4.3311,4.46,36.5,45.3
6268,-547.02,7.4636,4.45,36.9,45.3
6269,-559.57,20.8407,4.73,38.4,44.9
6270,-524.71,8.9958,4.61,39.5,44.7
6271,-518.25,15.3577,4.5,40.4,44.7
6272,-538.51,2.5103,4.54,38.6,44.7
6273,-550.97,8.7526,5.04,45.8,44.8
6274,-536.31,10.3477,4.49,38.7,45.3
6275,-553.76,4.3587,4.57,38.0,45.3
6276,-540.92,2.937,4.52,38.3,46.4
6277,-543.96,0.8602,4.53,37.5,46.3
6278,-555.17,4.6594,4.6,39.1,47.1
6279,-552.04,2.8162,4.56,39.3,46.1
6280,-564.97,5.4518,4.65,38.0,45.2
6281,-529.74,21.998,4.67,40.6,45.0
6282,-554.73,4.2088,4.42,38.9,44.7
6283,-571.38,16.1569,4.69,37.6,44.8
6284,-558.07,22.4768,4.64,37.3,44.9
6285,-533.48,26.4448,4.59,39.9,45.8
6286,-566.24,10.9557,4.76,41.1,45.1
6287,-542.64,4.5197,4.54,38.0,46.2
6288,-546.63,1.9884,4.59,39.4,46.2
6289,-536.12,5.4245,4.52,36.7,45.7
6290,-572.97,37.4636,4.74,38.1,45.7
6291,-554.69,14.3292,4.68,38.9,45.7
6292,-547.77,2.5094,4.64,38.5,45.6
6293,-549.25,3.5908,4.58,41.3,45.3
6294,-546.6,7.0583,4.29,38.1,44.7
6295,-561.94,6.3333,4.69,38.9,44.8
6296,-552.45,3.5838,4.72,39.5,44.8
6297,-559.65,4.0967,4.68,38.2,44.8
6298,-536.89,24.1917,4.67,38.8,44.8
6299,-560.93,4.515,4.96,43.7,44.9
6300,-531.76,18.2656,4.61,38.8,44.8
6301,-541.08,3.3935,4.52,36.4,46.5
6302,-559.72,12.2193,4.56,38.1,46.3
6303,-550.84,3.3308,4.8,41.0,46.4
6304,-536.93,6.2459,4.62,39.6,45.7
6305,-527.97,16.9354,4.63,38.6,45.1
6306,-551.3,5.9302,4.97,44.0,45.2
6307,-540.25,11.1542,4.48,37.8,44.8
6308,-552.28,10.5049,4.52,35.6,44.9
6309,-543.04,2.4234,4.55,36.6,46.8
6310,-556.65,4.2362,4.66,40.0,46.6
6311,-533.98,8.8451,4.66,37.7,45.6
6312,-547.85,2.3824,4.58,40.0,45.5
6313,-566.87,10.1078,4.5,39.7,45.5
6314,-559.55,8.8833,4.39,38.3,44.9
6315,-543.07,15.2054,4.56,36.2,44.9
6316,-556.23,3.8966,4.7,39.5,44.9
6317,-559.61,8.0338,4.59,38.4,44.9
6318,-540.78,14.952,4.51,38.1,44.9
6319,-549.49,2.2589,5.34,47.5,44.9
6320,-552.55,8.7675,4.47,36.5,45.0
6321,-548.63,7.2805,4.6,36.8,45.0
6322,-569.16,24.3198,4.69,38.5,45.0
6323,-558.31,6.9448,4.55,37.2,46.5
6324,-539.86,11.1883,4.63,39.1,46.3
6325,-534.43,19.2278,4.74,41.9,46.2
6326,-522.91,23.7626,4.47,38.6,45.7
6327,-556.64,19.4344,4.6,36.3,45.1
6328,-548.84,10.2561,4.7,38.8,45.0
6329,-557.58,11.7702,4.64,39.1,45.4
6330,-540.71,5.2945,4.62,38.2,46.7
6331,-546.38,4.2641,4.67,37.5,47.2
6332,-549.51,2.7873,4.54,37.7,47.3
6333,-535.38,5.7234,4.55,37.6,45.7
6334,-566.34,17.1459,4.69,39.0,45.1
6335,-539.13,5.6804,4.69,37.3,45.9
6336,-554.31,4.8854,4.96,42.9,45.0
6337,-546.6,2.2157,4.57,39.4,46.8
6338,-582.61,49.5866,4.45,34.2,45.9
6339,-545.73,3.3487,4.76,38.2,45.7
6340,-542.68,4.5797,4.7,38.9,45.1
6341,-566.68,14.0423,4.59,37.3,45.0
6342,-536.49,5.7277,4.61,42.3,47.1
6343,-566.87,21.203,4.43,36.8,45.7
6344,-556.0,1.9068,4.55,36.4,44.9
6345,-552.72,37.1249,4.62,36.6,44.7
6346,-543.71,6.9631,4.54,38.7,44.6
6347,-552.63,3.0494,4.83,37.1,46.0
6348,-553.38,9.2433,4.83,43.9,44.6
6349,-536.24,13.0726,4.55,38.9,44.9
6350,-548.91,7.7786,4.66,36.1,45.1
6351,-561.03,8.134,4.67,38.6,45.9
6352,-544.71,4.7947,4.68,39.3,46.5
6353,-544.94,4.5709,4.5,37.6,46.0
6354,-548.48,3.0026,4.73,43.2,45.4
6355,-534.97,4.8768,4.53,38.2,44.6
6356,-533.4,7.4619,4.64,36.3,44.7
6357,-545.87,11.4349,4.67,38.3,45.0
6358,-543.25,6.4448,4.62,40.4,45.0
6359,-537.72,5.3876,4.57,38.4,45.1
6360,-546.27,1.4805,4.72,41.7,45.1
6361,-553.99,6.227,4.49,39.5,45.0
6362,-541.37,6.7093,4.4,37.7,45.0
6363,-560.71,5.7361,4.45,35.0,46.7
6364,-549.42,8.616,4.53,38.9,46.5
6365,-569.13,11.9205,4.62,40.2,46.5
6366,-532.7,22.1404,4.74,39.8,46.6
6367,-564.92,5.2298,4.85,43.1,46.7
6368,-564.88,3.1978,4.62,40.4,46.6
6369,-563.67,1.7009,4.38,34.5,45.6
6370,-559.32,14.6289,4.47,37.8,45.1
6371,-547.21,10.8875,4.59,37.6,45.0
6372,-564.5,2.0805,4.69,38.9,45.1
6373,-559.25,3.4687,4.48,36.8,47.1
6374,-574.24,9.2695,4.76,42.4,47.2
6375,-568.08,4.8238,4.36,34.9,45.8
6376,-540.62,46.1861,4.48,37.1,45.4
6377,-542.5,20.3837,4.63,38.9,45.1
6378,-535.36,24.2738,4.51,36.9,45.2
6379,-568.86,12.5111,4.6,39.2,45.6
6380,-548.05,1.6995,4.41,40.6,47.4
6381,-547.46,3.5594,4.47,36.4,45.9
6382,-558.28,6.2341,4.66,39.0,45.9
6383,-553.66,1.7991,4.69,38.7,45.4
6384,-554.91,7.4936,4.57,39.4,45.2
6385,-562.3,8.8453,4.89,38.0,45.2
6386,-547.23,6.3213,4.63,39.6,45.3
6387,-539.46,11.0052,4.55,38.6,46.8
6388,-551.24,2.439,5.04,42.9,46.7
6389,-553.87,10.9022,4.44,37.8,46.6
6390,-562.04,5.5787,4.4,36.1,46.1
6391,-570.91,9.6577,4.42,39.0,45.4
6392,-560.86,3.9522,4.69,38.5,45.2
6393,-549.69,12.8228,4.53,39.0,45.2
6394,-572.37,14.9694,4.9,44.4,45.2
6395,-563.73,6.8183,4.3,39.1,45.2
6396,-546.38,8.5135,4.35,36.7,46.0
6397,-557.08,2.8113,4.62,37.6,45.7
6398,-560.71,18.7212,4.95,41.3,46.0
6399,-567.55,8.4406,4.56,38.3,46.6
6400,-559.85,3.4995,4.54,38.6,46.9
6401,-563.45,9.9681,4.57,41.5,46.7
6402,-546.54,7.8986,4.39,37.6,46.3
6403,-534.56,11.3313,4.44,39.1,46.0
6404,-554.42,20.0547,4.81,39.7,46.1
6405,-542.4,3.4277,4.52,39.2,45.9
6406,-556.48,13.3302,4.6,40.2,46.0
6407,-563.6,9.9891,4.5,38.8,45.4
6408,-538.1,9.7506,4.9,46.0,45.2
6409,-543.42,7.9068,4.65,37.1,45.2
6410,-545.31,3.7993,4.63,37.6,45.3
6411,-537.47,3.8896,4.44,39.3,45.2
6412,-547.04,10.5075,4.61,39.4,47.2
6413,-545.71,3.79,4.7,40.4,47.1
6414,-540.3,10.2286,4.74,42.3,46.6
6415,-553.77,7.4453,4.36,39.6,46.2
6416,-552.09,2.3178,4.51,37.6,46.1
6417,-573.01,16.926,4.68,37.3,45.7
6418,-562.37,7.8526,4.66,39.1,45.3
6419,-552.29,17.4713,4.83,40.0,45.2
6420,-558.47,7.5697,4.8,42.2,46.2
6421,-538.07,13.7988,4.36,37.4,46.3
6422,-549.97,7.5012,4.66,37.3,46.2
6423,-552.38,7.1706,4.65,37.5,45.5
6424,-559.2,17.125,4.6,38.5,45.2
6425,-571.25,30.806,4.54,38.2,45.2
6426,-570.82,18.6046,4.71,40.1,47.1
6427,-541.87,28.9798,4.41,37.3,46.2
6428,-569.78,10.7551,4.61,36.5,45.6
6429,-562.0,29.7312,4.5,40.3,45.2
6430,-541.24,17.6777,4.53,39.1,45.2
6431,-539.4,25.1009,4.55,39.2,45.2
6432,-550.17,2.8281,4.96,43.8,45.2
6433,-557.65,10.783,4.52,37.6,45.2
6434,-568.52,17.4216,4.53,36.5,45.1
6435,-581.27,32.076,4.8,39.9,45.3
6436,-573.35,14.464,4.52,38.5,47.0
6437,-547.76,30.5239,4.65,38.6,46.6
6438,-532.38,52.2624,4.87,42.9,46.8
6439,-574.26,10.4507,4.56,36.7,46.3
6440,-551.4,12.2287,4.56,36.3,45.5
6441,-554.68,4.1056,4.7,40.9,45.1
6442,-554.82,5.1867,4.76,41.0,45.1
6443,-528.35,15.2446,4.53,36.9,46.9
6444,-561.08,18.6733,4.62,42.0,46.7
6445,-583.73,48.904,4.43,38.0,47.5
6446,-563.7,12.3532,4.58,35.7,46.3
6447,-543.51,4.5799,4.73,39.9,46.6
6448,-534.89,13.935,4.51,40.4,46.4
6449,-551.93,8.3827,4.5,38.3,45.5
6450,-548.28,4.3852,4.67,39.5,45.2
6451,-561.95,8.8156,4.74,39.4,45.2
6452,-537.16,5.6789,4.55,35.0,46.9
6453,-558.22,19.1105,4.54,38.6,45.8
6454,-536.08,6.782,4.47,39.0,45.5
6455,-549.82,3.1207,4.68,41.1,45.3
6456,-577.05,33.2286,4.52,36.1,45.8
6457,-562.4,5.8014,4.69,42.1,47.6
6458,-555.84,4.3617,4.54,36.1,46.2
6459,-558.69,6.5931,4.42,37.7,46.0
6460,-560.59,5.174,4.51,38.8,45.4
6461,-562.63,3.6679,4.85,40.2,45.3
6462,-551.41,3.2466,4.6,38.8,45.4
6463,-563.63,6.0305,4.36,38.3,46.6
6464,-566.65,6.3412,4.62,37.5,46.5
6465,-586.28,21.9605,4.57,36.9,45.6
6466,-567.16,2.3024,4.59,39.2,45.4
6467,-532.36,61.6747,4.82,40.8,45.3
6468,-549.29,12.1359,4.54,37.1,46.0
6469,-564.47,8.2274,4.48,40.2,47.1
6470,-550.54,4.5476,4.49,37.5,47.1
6471,-577.81,28.0621,4.44,36.9,46.7
6472,-553.93,4.7309,4.67,39.0,45.5
6473,-544.78,6.3462,4.6,39.0,44.9
6474,-571.29,13.6455,4.63,38.6,45.5
6475,-555.88,7.7752,4.97,45.0,46.4
6476,-555.98,5.2421,4.66,37.3,46.4
6477,-551.63,4.3608,4.69,38.9,44.9
6478,-570.76,14.8707,4.64,40.1,45.5
6479,-549.9,3.5374,4.71,40.2,46.2
6480,-564.62,3.8617,4.57,37.0,46.4
6481,-570.46,15.2269,4.56,38.4,46.5
6482,-561.41,2.0365,4.79,37.0,47.0
6483,-548.91,9.2948,4.51,37.5,46.3
6484,-578.74,11.4359,4.55,36.7,45.9
6485,-585.33,18.9552,5.0,45.5,46.3
6486,-549.67,24.0586,4.4,36.3,46.0
6487,-548.15,18.4113,4.57,36.1,45.7
6488,-564.29,1.0858,4.73,40.0,45.6
6489,-588.7,24.8808,4.54,39.1,45.6
6490,-571.82,4.5394,4.63,38.9,45.6
6491,-544.31,27.9032,4.8,41.5,45.6
6492,-567.72,3.9822,4.47,37.2,47.2
6493,-571.9,10.5059,4.61,34.8,47.1
6494,-571.72,3.3848,4.67,40.3,47.0
6495,-558.47,7.2073,4.55,35.6,46.4
6496,-545.04,15.8683,4.62,40.1,46.4
6497,-560.55,3.775,4.48,38.1,45.6
6498,-584.84,18.1267,4.6,37.7,45.6
6499,-544.52,15.2038,4.97,42.4,46.5
6500,-562.58,3.4957,4.45,36.6,47.8
6501,-582.46,21.5779,4.53,36.3,46.4
6502,-557.8,19.6522,4.57,39.0,46.3
6503,-579.74,10.3082,4.59,38.5,45.8
6504,-566.95,22.4319,4.66,38.5,45.6
6505,-581.65,11.7611,4.8,40.4,45.6
6506,-575.49,5.8455,4.57,39.6,45.7
6507,-549.24,30.6668,4.46,36.2,47.0
6508,-573.94,2.6329,4.6,36.0,46.8
6509,-570.46,15.2677,4.7,39.4,46.9
6510,-570.79,8.2855,4.73,39.0,47.0
6511,-564.19,3.1606,4.56,37.0,46.5
6512,-579.37,8.7704,4.86,43.5,46.2
6513,-584.31,12.6168,4.58,37.7,46.5
6514,-557.43,14.999,4.6,37.4,45.8
6515,-549.45,57.479,4.62,38.5,45.5
6516,-561.11,8.7749,4.71,39.9,45.6
6517,-557.89,3.7031,4.56,37.1,45.6
6518,-559.21,3.2694,4.85,43.7,47.8
6519,-564.25,3.7943,4.26,35.5,46.5
6520,-580.34,19.0804,4.67,36.9,45.9
6521,-556.89,7.1645,4.64,39.1,45.6
6522,-566.12,3.9603,4.77,43.1,45.7
6523,-557.7,3.8786,4.48,37.7,45.7
6524,-564.89,2.7936,4.81,42.2,45.7
6525,-559.22,4.4367,4.59,36.2,46.5
6526,-570.21,10.8502,4.69,36.2,47.3
6527,-580.34,11.6172,4.7,39.9,47.2
6528,-572.98,9.3243,4.7,40.5,47.0
6529,-560.22,18.0699,4.61,37.6,47.2
6530,-558.35,11.8575,4.69,43.0,47.1
6531,-569.18,18.5714,4.55,36.2,47.1
6532,-577.06,9.9622,4.56,36.6,46.9
6533,-558.83,5.7322,4.51,38.1,45.9
6534,-539.16,21.8366,4.63,39.9,45.7
6535,-562.03,2.912,4.65,37.7,45.6
6536,-549.31,14.6478,5.05,43.5,46.5
6537,-558.35,3.4351,4.52,35.8,47.6
6538,-560.39,5.0229,4.73,39.0,47.7
6539,-556.34,3.0596,4.41,36.7,46.4
6540,-584.65,14.1707,4.6,38.0,45.9
6541,-570.76,4.7401,4.62,38.0,45.7
6542,-550.75,17.8395,4.53,39.8,47.1
6543,-558.72,3.6969,4.52,36.8,47.7
6544,-574.14,3.3496,4.76,37.3,47.8
6545,-567.76,3.6527,4.55,36.3,46.3
6546,-546.72,16.059,4.69,40.2,45.8
6547,-567.92,5.4638,4.7,37.9,45.6
6548,-542.81,31.64,4.85,42.8,48.0
6549,-571.54,7.3322,4.39,36.9,46.7
6550,-573.32,9.2145,4.67,37.0,46.3
6551,-583.95,10.2941,4.77,39.8,46.3
6552,-552.25,17.9845,4.62,38.4,45.7
6553,-585.45,4.6656,4.68,35.8,47.1
6554,-554.87,18.4581,4.86,45.2,47.5
6555,-571.5,5.2917,4.37,35.2,46.7
6556,-564.86,3.9629,4.63,37.7,46.7
6557,-565.29,3.7784,4.56,38.3,46.4
6558,-547.4,11.4613,4.56,39.0,45.7
6559,-570.9,12.802,4.53,36.8,45.6
6560,-559.69,9.1282,4.96,44.7,45.7
6561,-546.58,4.5154,4.47,37.7,46.6
6562,-564.33,7.3191,4.54,36.7,47.5
6563,-562.13,3.4604,4.84,39.9,47.5
6564,-570.59,5.0002,4.67,39.3,47.3
6565,-563.93,10.2795,4.54,37.0,47.0
6566,-581.66,19.3227,4.74,43.2,47.1
6567,-566.21,4.4216,4.61,37.3,47.1
6568,-569.9,3.6329,4.66,36.0,46.2
6569,-564.5,3.4046,4.68,39.6,45.7
6570,-549.67,13.7045,4.76,39.5,45.6
6571,-570.89,11.752,5.0,41.2,46.5
6572,-574.07,13.4357,4.66,39.2,47.2
6573,-564.38,6.2812,4.56,37.6,47.2
6574,-566.82,7.0522,4.7,39.4,46.9
6575,-569.77,12.243,4.59,38.8,46.4
6576,-556.06,11.9127,4.67,38.5,46.3
6577,-539.2,33.3098,4.67,39.3,45.8
6578,-556.03,2.6201,4.75,38.8,45.6
6579,-569.0,11.8965,4.74,38.7,45.6
6580,-547.3,3.068,4.68,39.2,46.3
6581,-565.54,12.6737,4.62,38.4,47.4
6582,-553.03,6.004,4.57,38.4,47.1
6583,-553.73,10.0613,4.67,40.5,47.1
6584,-567.83,10.3681,4.66,36.0,46.7
6585,-557.62,4.3957,4.56,38.4,46.2
6586,-563.09,2.3494,4.62,38.9,45.7
6587,-567.3,18.8729,4.56,36.7,45.7
6588,-557.93,7.7019,4.72,41.7,45.7
6589,-575.03,8.9145,4.66,36.5,46.5
6590,-576.5,10.278,4.84,39.4,46.5
6591,-541.41,27.1454,4.63,36.2,47.1
6592,-564.25,3.6678,4.7,40.1,46.5
6593,-569.05,4.6927,4.87,42.0,46.0
6594,-575.56,8.0818,4.56,39.8,45.7
6595,-543.72,18.4549,4.53,34.8,46.9
6596,-521.12,76.0466,4.78,40.1,45.2
6597,-577.52,11.8299,4.57,38.2,45.2
6598,-572.2,7.5104,4.67,37.4,45.9
6599,-561.35,2.3437,4.78,42.7,45.3
6600,-544.96,21.5902,4.65,39.3,46.0
6601,-572.07,13.2341,4.63,36.5,46.9
6602,-565.21,7.4399,4.73,40.0,46.8
6603,-567.25,3.5743,4.68,37.9,45.8
6604,-573.55,7.8864,4.5,38.4,45.4
6605,-579.94,6.0666,4.87,41.8,46.1
6606,-577.05,8.4049,4.46,36.1,45.7
6607,-585.13,6.4183,4.5,36.1,45.9
6608,-592.12,3.8967,4.43,36.6,45.9
6609,-584.15,5.2262,4.51,36.9,46.9
6610,-587.74,6.2598,4.63,36.5,47.6
6611,-583.88,5.2932,4.57,39.3,47.4
6612,-584.36,12.8553,4.51,38.7,47.3
6613,-584.86,2.8246,4.99,43.1,47.4
6614,-553.65,25.2452,4.55,37.5,47.2
6615,-567.74,9.4731,4.61,36.7,47.3
6616,-544.74,28.4333,4.64,38.5,47.2
6617,-582.47,24.1624,4.57,39.0,47.0
6618,-563.24,4.139,4.54,38.4,46.7
6619,-555.66,5.9058,4.94,42.9,46.2
6620,-552.86,6.5907,4.54,36.1,46.0
6621,-569.16,5.8964,4.41,37.5,46.0
6622,-581.07,24.569,4.69,40.3,46.0
6623,-584.89,15.452,4.59,37.9,46.0
6624,-568.05,8.8308,4.77,40.5,46.0
6625,-571.03,4.9617,4.76,41.6,46.1
6626,-585.33,5.2412,4.53,38.7,46.0
6627,-556.74,13.1461,4.64,35.8,46.1
6628,-577.91,3.2005,4.57,38.3,46.1
6629,-574.97,7.9455,4.65,40.0,46.1
6630,-555.26,19.474,4.72,39.3,46.1
6631,-579.21,21.2716,4.63,40.6,46.0
6632,-557.35,4.9479,4.65,37.9,46.6
6633,-582.14,19.9533,4.53,37.5,46.1
6634,-563.15,5.1382,4.7,38.6,47.5
6635,-581.94,16.7169,4.87,42.0,48.0
6636,-587.54,14.6573,4.59,36.7,47.7
6637,-588.23,9.8061,4.67,38.4,47.8
6638,-574.0,8.7734,4.51,38.0,46.7
6639,-560.77,28.2496,4.66,39.5,46.2
6640,-556.77,28.7899,4.75,40.0,46.0
6641,-588.86,9.3306,4.59,39.9,46.1
6642,-588.23,10.3603,4.61,35.5,46.1
6643,-579.09,5.7252,4.71,37.3,47.9
6644,-566.9,11.4098,4.52,38.7,47.6
6645,-569.54,6.8006,4.52,37.5,46.6
6646,-573.47,4.6288,4.59,40.5,46.1
6647,-555.06,18.2103,4.59,37.3,46.3
6648,-587.96,23.9088,4.56,35.2,47.9
6649,-565.04,4.3968,4.67,39.1,48.0
6650,-560.36,1.7248,4.63,38.0,46.9
6651,-577.72,6.9271,4.53,38.6,46.7
6652,-596.45,22.7182,4.51,39.5,46.1
6653,-560.53,14.4226,4.52,36.0,46.6
6654,-579.97,4.2102,4.81,39.4,46.6
6655,-580.74,6.0536,4.6,38.6,47.4
6656,-556.92,15.9358,4.62,38.3,48.1
6657,-565.03,5.0334,4.48,38.9,46.9
6658,-578.22,9.4445,4.58,40.0,46.9
6659,-570.79,5.2593,4.61,36.6,46.2
6660,-574.27,8.7509,4.53,37.6,46.1
6661,-569.47,13.4453,4.78,39.2,46.1
6662,-566.68,7.8249,4.57,38.4,46.1
6663,-566.68,5.2754,4.46,38.7,48.2
6664,-575.6,8.9887,4.56,36.2,47.9
6665,-578.43,8.5755,4.79,39.2,48.2
6666,-577.64,2.058,4.53,40.0,48.0
6667,-558.16,7.7688,4.62,38.3,46.8
6668,-554.54,16.1323,4.71,42.6,46.8
6669,-563.56,3.8794,4.47,37.3,46.2
6670,-575.72,7.5883,4.57,35.6,46.1
6671,-555.17,3.6759,4.8,40.1,46.2
6672,-578.03,16.1393,4.62,38.9,46.1
6673,-567.8,4.4433,4.46,35.0,47.5
6674,-568.85,2.8783,4.62,40.3,46.7
6675,-580.41,8.3728,4.61,36.5,46.9
6676,-568.97,3.4641,4.76,38.6,46.8
6677,-585.74,20.782,4.57,38.8,46.1
6678,-558.12,18.9235,4.65,36.9,46.0
6679,-544.62,61.1118,4.81,42.8,48.3
6680,-582.8,13.6501,4.44,36.8,48.0
6681,-587.86,7.8808,4.66,36.8,47.9
6682,-541.9,56.6035,4.61,38.1,47.2
6683,-584.85,7.0643,4.55,39.2,47.0
6684,-554.97,39.3817,4.55,36.8,46.2
6685,-575.46,7.1003,4.6,39.3,46.1
6686,-571.69,4.4398,4.73,35.2,48.0
6687,-553.71,9.0322,4.68,39.2,47.7
6688,-582.3,17.379,4.68,38.9,48.0
6689,-563.94,6.161,4.55,38.6,47.8
6690,-579.2,6.9188,4.53,38.5,46.4
6691,-575.16,2.359,4.48,37.3,46.0
6692,-571.88,3.0337,4.52,37.6,46.1
6693,-579.87,1.897,4.65,38.7,46.6
6694,-562.89,10.4642,4.67,37.3,47.5
6695,-559.54,9.0822,4.53,38.3,46.5
6696,-582.04,8.8557,4.69,41.4,46.2
6697,-586.37,10.7841,4.53,35.8,46.0
6698,-570.57,9.2632,4.62,38.0,48.4
6699,-586.37,4.4779,4.6,38.3,47.0
6700,-567.74,6.1962,4.7,37.8,46.3
6701,-579.45,2.2526,4.53,36.4,46.1
6702,-576.74,3.533,4.52,38.5,47.5
6703,-579.45,1.6343,4.4,35.6,47.2
6704,-574.91,12.4805,4.5,36.0,46.7
6705,-563.84,15.4325,4.66,39.9,46.2
6706,-584.7,6.0685,4.73,38.5,46.2
6707,-568.25,4.3852,5.15,43.0,48.5
6708,-578.97,7.3811,4.41,35.7,46.8
6709,-593.39,7.2727,4.73,35.9,46.4
6710,-576.85,10.2225,4.6,38.9,46.2
6711,-599.79,10.0049,4.66,38.1,46.8
6712,-596.13,2.7052,4.56,37.5,48.4
6713,-558.54,37.6302,4.63,40.0,47.0
6714,-558.54,33.0641,4.51,37.6,46.4
6715,-566.64,17.6233,4.71,37.1,46.2
6716,-569.5,17.0216,4.71,39.3,46.2
6717,-594.46,20.6458,4.93,38.6,47.7
6718,-552.1,13.895,4.64,37.2,47.5
6719,-571.96,12.5438,5.22,44.4,47.8
6720,-581.41,11.7268,4.56,36.7,47.4
6721,-595.23,25.6542,4.62,36.7,46.0
6722,-569.08,15.3131,4.84,40.3,46.6
6723,-588.14,2.3978,4.62,37.4,46.3
6724,-572.67,8.5449,4.93,42.6,46.2
6725,-575.04,7.2484,4.5,36.8,45.9
6726,-626.62,69.9469,4.72,36.1,45.7
6727,-588.24,20.2467,4.72,38.1,45.7
6728,-576.0,8.6578,4.94,39.2,46.3
6729,-576.69,11.3504,4.7,38.3,47.2
6730,-583.78,2.8961,4.59,38.1,47.7
6731,-586.52,5.528,4.44,35.3,47.0
6732,-594.04,11.3322,4.6,36.9,46.5
6733,-594.56,6.579,4.69,40.1,47.3
6734,-591.42,7.6503,4.71,39.5,47.4
6735,-586.65,13.2552,4.82,39.3,46.8
6736,-593.32,5.5846,4.67,38.4,47.3
6737,-590.75,9.426,4.64,37.2,47.1
6738,-581.51,5.1026,4.6,39.3,47.2
6739,-574.95,23.8488,4.66,37.5,46.6
6740,-593.41,8.0459,4.63,40.0,46.3
6741,-566.46,12.777,4.92,40.2,46.3
6742,-561.51,23.0126,4.64,38.0,46.4
6743,-608.08,56.163,4.83,38.5,46.4
6744,-595.05,16.6969,4.62,40.1,46.4
6745,-582.81,4.8595,4.58,36.2,47.7
6746,-587.46,11.1445,4.53,37.6,46.9
6747,-603.37,7.827,4.65,39.9,46.6
6748,-577.07,14.497,4.66,37.8,46.4
6749,-586.82,9.612,4.79,35.8,47.4
6750,-583.99,7.6803,4.72,38.7,48.3
6751,-587.64,4.3187,4.7,39.3,48.4
6752,-607.71,15.5325,4.74,39.9,48.3
6753,-590.9,7.5741,4.52,39.7,48.2
6754,-595.48,3.3492,4.47,35.5,46.9
6755,-590.15,5.461,4.58,38.9,46.7
6756,-574.65,13.292,4.74,39.7,46.5
6757,-577.5,5.9386,4.57,36.8,46.4
6758,-586.66,7.3503,4.56,38.3,47.8
6759,-574.73,2.4314,4.62,40.5,48.1
6760,-612.56,85.4144,4.62,39.5,47.9
6761,-590.86,12.8787,4.54,36.6,48.7
6762,-589.22,4.7918,4.55,37.4,47.2
6763,-601.35,10.388,4.78,38.8,47.3
6764,-602.62,4.1086,4.77,42.3,46.9
6765,-587.91,7.0198,4.59,38.1,46.6
6766,-594.02,8.9441,4.8,38.6,46.5
6767,-597.41,4.7953,4.58,37.8,48.0
6768,-593.37,4.6565,4.66,38.9,47.9
6769,-606.71,4.0731,4.7,37.8,47.9
6770,-584.15,7.6952,4.47,40.0,47.5
6771,-591.05,6.3122,4.54,35.3,46.7
6772,-575.5,13.6324,4.66,38.7,46.5
6773,-584.53,10.7573,4.98,40.1,46.5
6774,-599.77,11.1366,4.71,37.0,48.3
6775,-611.25,35.7765,4.99,43.6,48.1
6776,-577.61,9.0175,4.5,36.8,47.8
6777,-608.68,7.7039,4.69,36.2,46.9
6778,-583.27,29.5705,4.64,39.9,46.7
6779,-549.9,68.3909,4.67,39.7,46.6
6780,-617.48,30.6346,4.5,37.8,46.6
6781,-631.47,67.1615,5.03,45.2,46.6
6782,-576.23,12.2276,4.59,37.4,46.5
6783,-602.14,6.9945,4.58,36.4,48.3
6784,-580.72,12.9289,4.59,38.6,48.6
6785,-614.76,17.8003,4.56,39.1,48.0
6786,-582.47,7.5534,4.52,36.2,46.9
6787,-576.18,10.1321,4.75,42.3,46.6
6788,-600.67,6.7921,4.56,35.6,46.6
6789,-582.34,2.3813,4.7,38.0,48.5
6790,-603.35,12.2076,4.74,40.0,48.5
6791,-585.37,5.9681,4.91,40.1,48.7
6792,-592.0,5.118,4.68,37.6,47.4
6793,-581.71,9.4129,4.56,40.1,46.9
6794,-605.69,10.0138,4.6,36.0,46.7
6795,-610.77,22.4952,4.99,40.0,46.7
6796,-599.26,8.3994,4.78,38.6,46.7
6797,-593.56,6.8605,4.56,36.9,48.7
6798,-632.33,24.8318,4.8,42.4,48.2
6799,-618.11,10.9867,4.48,37.6,47.9
6800,-604.95,11.1116,4.65,36.4,47.4
6801,-618.38,3.5883,4.73,36.5,47.1
6802,-598.27,21.1179,4.68,39.0,46.7
6803,-622.91,5.4594,4.85,39.4,46.7
6804,-613.28,3.3568,4.67,37.6,49.1
6805,-604.19,8.026,4.5,41.1,48.8
6806,-632.35,35.6093,4.65,35.8,48.8
6807,-617.52,9.3362,4.64,36.9,47.5
6808,-624.42,8.8836,4.75,39.4,47.4
6809,-617.45,6.3346,4.66,38.2,46.7
6810,-617.45,5.7902,5.07,44.7,46.7
6811,-623.12,7.9158,4.57,36.6,48.3
6812,-599.96,10.9601,4.79,37.4,48.1
6813,-617.12,9.9281,4.75,41.2,48.1
6814,-611.34,16.6126,4.74,39.0,48.2
6815,-599.96,5.2561,4.89,43.5,47.5
6816,-615.62,5.4936,4.59,37.2,46.9
6817,-610.26,2.1548,4.54,36.3,46.7
6818,-619.12,4.7091,4.61,38.9,46.7
6819,-593.1,17.7181,4.62,37.7,48.5
6820,-608.98,5.9636,4.67,38.5,48.4
6821,-584.51,27.1974,4.57,40.8,48.7
6822,-639.32,50.4389,4.47,34.9,47.7
6823,-599.25,6.713,4.75,39.1,47.3
6824,-579.08,27.3243,4.61,38.6,47.0
6825,-611.18,11.6787,4.62,39.2,47.2
6826,-587.86,12.7022,4.88,43.0,47.2
6827,-608.74,4.6746,4.82,38.0,46.8
6828,-611.83,6.1845,4.66,37.1,46.7
6829,-612.1,11.4899,4.8,38.2,48.6
6830,-621.1,8.7389,4.62,35.8,48.3
6831,-621.46,3.9553,4.79,42.8,48.4
6832,-607.11,9.0127,4.58,37.5,48.2
6833,-587.4,34.1694,4.76,38.2,48.1
6834,-618.23,7.8801,4.68,37.5,47.1
6835,-620.06,7.0048,4.71,40.1,46.8
6836,-614.95,2.638,5.05,41.5,46.8
6837,-605.34,11.9711,4.57,37.8,48.2
6838,-629.4,13.4022,4.55,34.2,48.0
6839,-607.4,2.4171,4.59,37.6,47.1
6840,-614.01,4.2464,4.73,37.5,46.8
6841,-600.03,7.4663,4.58,37.2,47.4
6842,-596.86,6.1291,4.46,39.8,48.7
6843,-612.18,5.9171,4.54,36.0,47.9
6844,-600.73,3.1656,4.71,37.9,47.2
6845,-630.51,27.2484,4.56,39.6,46.9
6846,-612.18,2.976,4.78,37.1,46.9
6847,-590.16,24.8477,4.56,39.5,48.6
6848,-600.81,9.3506,4.48,34.7,48.2
6849,-600.73,1.7451,4.72,39.3,47.6
6850,-608.29,4.3785,4.75,39.0,46.8
6851,-615.34,8.5181,4.86,40.5,46.7
6852,-596.9,3.6266,4.57,35.7,48.1
6853,-596.64,2.6775,4.69,40.0,48.1
6854,-596.36,5.5119,4.92,39.8,46.5
6855,-626.62,29.0359,4.88,44.1,47.3
6856,-608.83,7.0992,4.52,38.0,47.5
6857,-619.01,7.7168,4.48,36.4,48.0
6858,-622.0,10.6158,4.65,39.0,48.6
6859,-594.98,36.6103,4.54,38.5,48.1
6860,-607.8,10.1622,4.48,35.4,48.0
6861,-622.96,5.9617,4.87,41.8,47.9
6862,-625.33,10.2645,4.49,37.4,48.5
6863,-589.81,44.2432,4.5,36.6,48.9
6864,-608.07,6.5856,4.68,39.5,48.8
6865,-628.44,15.2684,4.73,39.6,48.9
6866,-605.85,7.0605,4.69,38.1,48.9
6867,-608.96,3.3471,4.85,42.3,49.0
6868,-618.17,2.7011,4.63,37.7,48.8
6869,-597.57,12.8615,4.54,37.0,47.7
6870,-622.07,8.3786,4.65,38.6,47.1
6871,-590.26,25.8271,4.9,39.6,46.9
6872,-620.13,3.7328,4.79,38.8,48.7
6873,-621.16,5.7287,4.74,40.8,48.7
6874,-608.35,8.0456,4.4,38.9,49.2
6875,-617.39,3.7543,4.66,35.9,48.0
6876,-624.09,4.2355,4.63,38.9,47.9
6877,-624.09,2.2294,4.59,38.6,47.8
6878,-636.31,8.8228,4.64,38.5,47.8
6879,-620.04,7.5411,4.71,41.3,47.3
6880,-562.01,173.2854,4.39,37.5,47.0
6881,-608.18,8.8476,4.78,38.4,47.0
6882,-601.0,10.9048,4.62,38.7,47.0
6883,-629.71,30.5848,4.76,38.6,47.0
6884,-625.99,18.6942,4.57,36.4,49.1
6885,-590.8,15.5046,4.81,43.2,48.8
6886,-595.71,27.2389,4.44,38.0,47.8
6887,-615.11,16.2449,4.55,37.2,47.2
6888,-599.99,8.9544,4.88,38.8,47.0
6889,-592.43,8.5664,4.87,41.5,47.0
6890,-590.55,4.4681,4.92,39.2,47.0
6891,-592.34,8.7269,5.21,44.6,47.0
6892,-591.67,21.1535,4.68,37.8,47.1
6893,-623.07,43.0714,4.64,37.4,47.0
6894,-596.43,3.5515,4.65,37.5,48.5
6895,-599.7,5.8093,4.75,38.6,48.7
6896,-589.51,9.2944,4.6,36.2,49.2
6897,-589.51,6.8818,4.76,42.2,47.9
6898,-589.51,4.7074,4.63,40.5,47.9
6899,-602.31,6.3345,4.42,35.5,47.5
6900,-593.86,11.192,4.69,38.4,47.5
6901,-605.99,7.9566,4.85,40.1,47.1
6902,-602.31,6.4208,4.73,38.7,47.0
6903,-595.17,12.6366,4.58,36.4,48.6
6904,-599.27,6.4608,4.67,41.2,48.8
6905,-629.52,28.9446,4.5,39.7,48.4
6906,-601.93,22.4027,4.59,35.7,47.7
6907,-626.13,19.2484,4.77,39.7,47.3
6908,-620.68,8.5866,4.65,38.3,47.1
6909,-622.76,4.5906,4.6,37.3,47.1
6910,-586.22,53.079,4.82,39.1,47.1
6911,-619.37,3.715,4.69,39.1,47.1
6912,-614.51,34.4208,4.56,40.7,47.1
6913,-595.57,8.8583,4.63,37.3,47.1
6914,-608.23,2.7753,4.73,37.3,47.1
6915,-620.48,21.1599,4.54,37.8,48.8
6916,-641.45,46.0345,4.51,39.4,48.6
6917,-595.85,22.6539,4.67,38.4,47.8
6918,-599.5,26.0255,4.89,41.7,47.9
6919,-623.97,13.598,4.67,38.3,47.6
6920,-617.64,6.5504,4.91,37.8,47.8
6921,-608.61,3.404,4.83,40.8,47.7
6922,-612.52,7.947,4.86,38.2,47.3
6923,-599.8,9.6134,4.84,41.9,47.6
6924,-598.33,4.0061,4.49,39.0,47.2
6925,-623.0,26.2091,4.66,38.0,47.1
6926,-645.57,86.0965,4.77,35.9,47.8
6927,-624.35,23.4605,4.56,38.2,48.8
6928,-607.51,8.3227,4.73,38.6,48.8
6929,-616.08,2.0302,4.69,40.2,48.5
6930,-628.23,8.5015,4.57,38.8,49.1
6931,-620.12,4.3505,4.64,36.7,49.0
6932,-606.69,15.1675,4.83,40.0,49.2
6933,-617.88,2.2492,4.7,39.0,48.1
6934,-607.7,3.9582,4.81,39.4,47.9
6935,-621.14,13.7448,4.56,37.5,47.4
6936,-597.57,7.7006,4.63,38.4,47.1
6937,-626.13,21.3341,4.71,36.1,47.1
6938,-601.48,20.9899,4.77,38.7,47.1
6939,-611.89,3.2879,4.66,38.6,47.1
6940,-605.15,2.8025,4.64,38.2,47.1
6941,-603.62,4.5086,4.66,42.5,47.1
6942,-608.25,4.0618,4.57,38.1,47.1
6943,-611.68,15.2378,4.65,35.7,47.1
6944,-622.95,12.1796,4.77,41.1,47.1
6945,-632.52,14.5087,4.78,39.5,47.8
6946,-598.07,22.3543,4.95,38.5,49.1
6947,-642.13,21.27,4.55,38.4,48.6
6948,-609.17,17.393,4.48,39.8,47.5
6949,-602.49,34.2789,4.58,36.8,47.1
6950,-591.18,29.4862,4.83,38.5,47.1
6951,-609.54,8.2362,4.73,36.1,49.1
6952,-610.82,3.8521,4.72,38.6,48.6
6953,-621.91,14.9599,4.5,35.9,47.4
6954,-599.32,5.452,4.69,42.0,47.1
6955,-614.71,4.3745,4.58,35.7,47.1
6956,-584.42,28.7366,4.58,36.5,48.8
6957,-608.95,1.7795,4.52,38.7,49.0
6958,-584.42,20.6661,4.62,37.5,47.6
6959,-601.48,21.8515,4.56,38.8,47.1
6960,-596.59,2.9106,5.14,41.6,47.1
6961,-621.45,19.0303,5.33,34.6,47.0
6962,-607.98,4.0282,4.58,37.4,49.3
6963,-608.94,2.1938,4.71,38.9,49.2
6964,-596.88,16.4761,4.69,37.7,48.3
6965,-621.46,16.3144,5.0,42.0,47.5
6966,-613.29,7.3042,4.58,37.6,47.1
6967,-616.04,3.7849,4.54,34.1,48.9
6968,-608.97,3.6284,4.78,40.4,48.6
6969,-627.04,13.4232,4.72,39.2,48.7
6970,-602.34,10.5339,4.6,38.7,48.3
6971,-618.15,10.355,4.82,40.5,47.5
6972,-589.15,47.2754,4.6,39.2,47.1
6973,-604.26,9.3647,5.66,35.0,47.2
6974,-622.39,13.4409,4.86,40.1,46.6
6975,-610.7,7.1614,4.64,36.2,47.2
6976,-610.31,8.8491,4.72,39.0,48.4
6977,-599.77,7.2321,4.63,36.8,48.7
6978,-633.32,29.6697,4.86,38.4,46.7
6979,-614.6,3.0572,4.77,37.8,47.3
6980,-635.6,12.9338,4.54,38.8,47.4
6981,-617.94,2.6229,4.99,41.9,48.3
6982,-620.08,8.6591,4.59,37.6,48.7
6983,-637.88,17.3241,4.7,37.1,48.3
6984,-596.32,45.3409,4.83,38.5,46.7
6985,-630.89,8.3177,4.79,39.4,47.5
6986,-637.88,12.4533,4.72,38.9,47.1
6987,-608.83,17.426,4.76,38.4,47.1
6988,-621.17,7.2414,4.62,36.7,48.1
6989,-616.57,9.4359,4.79,39.3,47.2
6990,-612.64,8.1006,4.58,37.6,49.0
6991,-595.15,10.5766,4.87,40.0,48.8
6992,-608.62,5.7686,5.08,44.6,49.2
6993,-636.5,51.5105,4.55,39.4,49.1
6994,-617.42,12.7219,4.5,34.4,47.9
6995,-612.3,18.1196,4.83,38.2,48.1
6996,-610.86,4.0773,4.43,37.2,47.4
6997,-622.76,3.9761,4.5,38.2,47.2
6998,-587.85,34.649,4.62,38.4,47.2
6999,-634.8,18.763,5.21,43.7,47.1
7000,-604.51,16.0799,4.65,37.4,47.2
7001,-624.11,3.9315,4.63,36.3,47.2
7002,-611.23,3.2786,4.69,38.8,48.1
7003,-621.14,8.2441,4.53,39.8,47.9
7004,-621.14,6.651,4.64,38.9,49.1
7005,-627.46,2.5371,4.98,41.9,47.8
7006,-635.4,4.4831,4.53,35.4,48.8
7007,-589.4,75.7103,4.55,37.0,48.7
7008,-592.33,64.3618,4.59,38.7,48.3
7009,-613.25,16.3522,4.77,38.5,48.4
7010,-615.3,4.0999,4.6,36.9,47.6
7011,-613.23,8.8803,4.67,40.5,47.3
7012,-591.67,9.8569,4.73,37.9,47.2
7013,-628.72,23.6557,4.47,36.2,47.3
7014,-618.22,9.6948,4.7,38.2,49.1
7015,-617.82,3.4659,4.6,36.8,48.4
7016,-645.69,29.326,4.65,37.5,47.5
7017,-631.6,18.8562,5.12,44.9,47.4
7018,-615.8,26.4824,4.66,36.4,47.3
7019,-645.69,7.648,4.77,37.1,48.3
7020,-591.83,80.7632,4.7,39.5,49.0
7021,-605.47,36.5288,4.84,37.5,48.6
7022,-612.48,13.9603,5.02,41.2,48.1
7023,-592.33,28.315,4.4,38.8,47.9
7024,-614.98,7.5331,4.84,38.8,47.5
7025,-621.43,19.7086,4.44,39.0,47.4
7026,-604.92,5.8221,4.54,36.8,47.3
7027,-635.38,48.9363,4.8,37.5,47.9
7028,-607.87,2.211,4.96,40.4,48.0
7029,-629.57,20.9651,4.67,37.9,49.1
7030,-635.38,24.3339,5.03,43.6,48.0
7031,-633.53,3.6488,4.6,36.8,48.7
7032,-618.67,17.6157,4.46,34.6,48.1
7033,-605.47,37.6997,4.76,37.9,47.7
7034,-618.53,8.0752,4.75,40.0,47.4
7035,-615.07,5.2027,4.73,37.4,47.3
7036,-633.53,14.4675,5.46,46.7,47.3
7037,-615.65,2.5089,4.62,37.6,47.3
7038,-633.53,12.1077,4.58,36.0,49.2
7039,-612.38,9.3595,4.89,40.3,49.2
7040,-611.69,5.1463,4.76,38.7,48.9
7041,-611.88,4.6605,4.8,38.5,48.6
7042,-614.77,3.3943,4.69,38.8,47.8
7043,-596.16,9.8471,4.58,37.0,47.4
7044,-608.43,7.0324,4.5,36.3,47.4
7045,-625.53,29.4083,4.77,38.6,49.2
7046,-589.14,11.1205,4.68,38.6,49.2
7047,-598.54,12.6062,4.36,36.1,47.7
7048,-598.13,8.2934,4.69,37.5,47.5
7049,-626.76,26.5084,4.64,39.6,47.4
7050,-626.69,27.2976,4.65,35.1,47.4
7051,-620.0,26.8282,4.84,39.6,48.9
7052,-614.19,7.8295,4.69,37.3,48.5
7053,-614.53,7.3899,4.72,39.6,48.1
7054,-632.14,12.0407,4.93,40.1,47.6
7055,-633.32,4.9647,4.6,37.2,47.4
7056,-640.15,18.7149,4.52,35.3,48.9
7057,-634.96,2.9843,4.69,36.5,48.4
7058,-599.66,63.1675,4.93,39.0,47.7
7059,-609.26,30.3046,4.6,37.8,47.4
7060,-609.37,16.1803,4.62,41.8,47.5
7061,-608.89,6.5476,4.42,38.8,49.5
7062,-618.89,12.2649,4.46,34.4,47.9
7063,-616.68,8.397,4.68,38.8,47.5
7064,-609.47,6.6675,4.69,37.8,47.4
7065,-612.68,8.8584,4.63,37.2,49.7
7066,-600.19,11.1346,4.51,36.2,48.1
7067,-609.89,7.8684,4.53,38.6,47.5
7068,-613.84,6.7969,4.59,35.9,47.3
7069,-620.63,15.2689,4.79,37.0,49.5
7070,-614.3,5.4976,4.67,39.6,49.1
7071,-627.06,11.925,4.74,39.6,48.9
7072,-626.16,2.7802,4.83,40.9,48.2
7073,-626.16,2.2836,4.67,38.5,47.5
7074,-605.01,23.5366,4.56,35.2,47.4
7075,-643.51,17.465,4.91,41.0,49.3
7076,-628.43,1.6539,4.7,37.0,48.7
7077,-612.28,9.0116,4.7,38.4,48.5
7078,-597.0,28.9987,4.73,40.4,47.7
7079,-607.53,3.5166,4.55,38.1,47.3
7080,-639.32,38.8665,4.61,36.4,47.4
7081,-608.97,4.8692,4.69,37.3,47.8
7082,-596.62,21.5988,4.63,38.0,49.3
7083,-604.93,2.374,4.6,37.4,48.1
7084,-631.58,35.8964,4.7,38.0,47.6
7085,-607.78,10.9853,4.54,39.0,47.5
7086,-628.87,6.9153,4.64,35.5,48.4
7087,-622.41,2.2729,4.69,38.3,49.1
7088,-599.23,24.2872,4.73,38.4,48.4
7089,-625.37,1.1043,4.59,39.0,47.6
7090,-577.98,71.0502,4.63,37.2,47.5
7091,-597.64,25.9822,4.58,38.5,49.6
7092,-612.33,13.172,4.56,36.4,48.1
7093,-619.25,10.3744,4.61,36.3,47.7
7094,-622.74,20.1024,4.86,38.0,47.5
7095,-633.53,16.6406,4.63,37.8,49.9
7096,-631.89,8.1049,4.49,36.4,49.4
7097,-621.05,11.048,4.6,35.4,48.4
7098,-620.89,7.9205,4.63,39.0,47.7
7099,-603.99,26.0935,4.71,38.2,47.6
7100,-623.01,2.6935,4.71,37.4,48.5
7101,-623.01,2.84,4.77,42.4,49.5
7102,-616.13,4.757,4.46,35.4,48.1
7103,-588.25,30.64,4.67,37.0,47.1
7104,-616.34,3.7899,4.68,37.1,47.8
7105,-611.36,2.9907,4.61,36.3,49.4
7106,-608.22,5.4659,4.67,36.7,48.2
7107,-594.63,11.7821,4.95,42.6,48.0
7108,-616.18,6.7452,4.78,35.2,47.6
7109,-604.27,5.3397,4.62,36.5,47.4
7110,-630.36,18.1295,4.69,37.9,47.2
7111,-626.67,7.8096,4.76,39.2,47.1
7112,-631.45,25.3902,5.04,39.7,47.1
7113,-620.93,4.9032,4.63,38.4,47.6
7114,-629.75,9.1173,4.51,35.2,49.5
7115,-628.64,7.29,4.8,37.3,49.0
7116,-600.04,24.297,4.8,39.1,48.7
7117,-648.15,36.9478,4.79,37.1,49.1
7118,-628.14,2.4437,5.0,42.9,48.8
7119,-628.14,1.0432,4.42,36.5,48.0
7120,-603.72,27.975,4.64,35.9,47.7
7121,-603.72,24.122,4.63,37.7,47.7
7122,-622.84,13.2384,4.75,38.9,47.9
7123,-614.18,4.6248,4.6,37.8,48.4
7124,-599.8,9.4663,5.08,46.3,48.5
7125,-625.16,15.288,4.48,38.6,49.6
7126,-610.23,3.375,4.62,33.7,49.2
7127,-621.92,10.6874,4.65,38.3,48.2
7128,-628.44,8.3216,4.54,38.6,47.8
7129,-597.46,23.0747,4.66,37.2,47.8
7130,-594.32,28.077,4.75,38.7,47.8
7131,-614.8,4.4426,5.1,41.6,47.8
7132,-619.05,4.3705,4.61,39.2,48.3
7133,-617.92,2.2845,4.53,34.2,49.2
7134,-628.94,7.6453,4.89,41.6,49.1
7135,-634.38,11.7603,4.63,38.7,49.0
7136,-601.36,43.3217,4.5,36.5,48.2
7137,-611.7,10.999,4.77,40.9,47.9
7138,-611.25,16.0781,4.5,37.1,47.8
7139,-602.58,11.1195,4.66,34.1,49.3
7140,-620.02,6.3985,4.53,37.0,49.0
7141,-598.74,9.4785,4.63,37.5,48.1
7142,-632.87,35.2859,4.61,37.4,47.8
7143,-632.87,29.8578,4.98,45.4,47.8
7144,-611.25,6.4828,4.55,35.3,48.7
7145,-602.58,10.9543,4.81,37.5,49.6
7146,-651.07,68.4186,4.45,36.8,49.1
7147,-598.72,15.1058,4.84,39.9,48.5
7148,-598.72,12.364,4.52,36.9,47.9
7149,-616.24,4.3754,4.83,43.0,47.8
7150,-637.27,32.381,4.64,34.6,49.6
7151,-628.13,9.6795,4.58,38.5,50.1
7152,-608.17,8.4517,4.61,37.0,48.7
7153,-613.12,3.7448,4.88,40.2,48.2
7154,-609.44,10.5299,4.6,37.7,47.8
7155,-636.51,25.9009,5.13,45.7,48.3
7156,-615.85,6.7701,4.47,37.4,47.9
7157,-599.43,13.8766,4.82,36.2,47.8
7158,-620.85,12.1845,4.88,40.8,47.8
7159,-589.4,19.0772,4.98,40.1,47.8
7160,-590.38,11.6996,4.87,40.0,47.9
7161,-615.9,13.5941,4.64,41.3,47.8
7162,-607.41,8.991,4.67,36.2,50.2
7163,-607.45,4.9863,4.87,39.4,49.3
7164,-608.97,1.5471,4.71,38.3,49.3
7165,-594.26,9.8794,5.01,40.4,49.6
7166,-602.26,3.0048,5.11,45.2,49.8
7167,-602.52,2.654,4.46,36.0,48.6
7168,-620.14,19.4495,4.82,36.8,48.1
7169,-604.27,3.4091,4.71,38.9,47.8
7170,-628.01,20.678,4.85,38.4,48.2
7171,-621.0,8.2187,4.86,41.2,49.7
7172,-621.29,11.0146,4.59,39.5,48.9
7173,-619.74,8.4031,4.5,36.7,48.6
7174,-621.12,6.9256,4.53,37.4,48.0
7175,-590.95,36.9391,4.68,39.5,47.8
7176,-621.29,6.3229,4.75,38.6,48.6
7177,-606.82,1.9169,4.94,41.8,49.4
7178,-631.52,17.4031,4.52,36.5,48.8
7179,-631.52,12.8149,4.6,36.5,48.5
7180,-591.05,23.422,4.49,38.1,47.9
7181,-598.92,22.0181,4.83,39.3,47.8
7182,-602.16,7.5732,4.75,40.5,50.0
7183,-619.23,8.3249,4.71,40.3,48.7
7184,-618.81,11.182,4.57,38.6,48.4
7185,-617.13,2.5665,4.71,36.8,47.9
7186,-619.51,22.7538,4.86,37.8,47.8
7187,-608.46,12.5087,4.49,36.2,50.1
7188,-618.12,3.7545,4.62,38.3,49.9
7189,-583.55,39.8522,4.69,41.4,49.0
7190,-602.78,2.4899,4.63,35.4,48.2
7191,-605.75,4.1819,4.74,38.8,47.8
7192,-582.19,15.8242,4.67,38.0,47.8
7193,-620.51,37.9619,4.62,37.7,48.7
7194,-606.06,4.966,4.85,39.7,49.7
7195,-620.16,9.0847,4.4,38.7,49.3
7196,-607.46,7.756,4.58,36.2,48.1
7197,-582.19,37.2204,4.79,39.4,47.9
7198,-606.97,5.4089,4.73,36.2,47.9
7199,-613.95,7.1713,4.58,38.1,48.5
7200,-613.95,5.6357,4.95,42.0,49.9
7201,-591.3,22.4183,4.52,36.8,48.7
7202,-593.13,11.2355,4.66,36.6,48.6
7203,-621.29,15.3882,4.52,38.1,48.0
7204,-591.3,11.8048,4.7,38.6,47.9
7205,-586.61,10.0523,4.63,38.9,49.3
7206,-587.58,3.6827,5.33,45.7,48.5
7207,-586.17,5.1067,4.69,40.6,49.4
7208,-624.01,37.7653,4.47,36.9,48.4
7209,-588.9,3.5338,4.67,37.5,48.0
7210,-621.02,20.5194,4.66,36.2,48.0
7211,-622.73,20.7958,4.6,37.5,49.8
7212,-594.17,18.8325,4.56,37.9,49.4
7213,-617.1,3.0592,4.97,41.5,49.2
7214,-615.66,1.9712,4.65,40.5,49.0
7215,-602.85,16.9211,4.6,36.1,48.7
7216,-611.67,4.1079,4.56,38.0,48.6
7217,-598.57,8.1913,4.69,39.1,48.1
7218,-600.61,4.2306,4.56,38.0,48.1
7219,-617.85,20.8045,4.94,41.1,49.6
7220,-618.7,15.4495,4.38,35.8,48.9
7221,-596.65,5.7042,4.65,36.4,48.3
7222,-625.34,27.5764,4.67,37.3,48.2
7223,-609.2,4.2445,4.62,36.9,50.5
7224,-598.49,11.1464,4.82,39.7,49.8
7225,-589.61,17.8574,4.55,34.9,48.5
7226,-604.59,2.6701,4.69,39.5,48.2
7227,-592.97,4.6269,4.68,36.6,48.9
7228,-605.46,4.8852,4.6,38.2,49.7
7229,-600.32,3.9389,4.65,36.6,48.8
7230,-586.68,11.1055,4.74,40.3,48.4
7231,-582.98,9.8643,4.63,35.2,48.2
7232,-601.76,9.3186,4.74,38.9,50.2
7233,-615.2,67.0418,4.79,37.2,49.8
7234,-591.83,2.1185,4.63,38.0,48.8
7235,-604.08,5.2546,4.7,40.8,48.4
7236,-599.64,5.8271,4.68,37.5,48.4
7237,-602.57,6.5313,4.64,35.4,49.8
7238,-610.38,13.9305,4.59,36.7,49.7
7239,-594.67,7.3341,4.64,36.4,49.3
7240,-604.18,7.2255,4.72,38.3,49.4
7241,-619.58,10.3287,4.76,37.1,48.8
7242,-610.45,10.8543,4.75,38.9,48.5
7243,-613.44,8.9813,4.56,37.6,48.1
7244,-603.07,5.6788,4.68,36.0,48.0
7245,-631.75,20.9113,4.65,37.6,47.9
7246,-627.98,9.7591,4.65,37.2,47.8
7247,-607.06,13.0995,4.58,35.9,49.8
7248,-601.38,15.9102,4.91,41.6,48.6
7249,-601.26,10.4843,4.6,34.5,50.1
7250,-604.56,5.6021,4.64,37.1,49.4
7251,-606.48,2.5854,4.77,38.5,49.4
7252,-610.24,5.5722,4.9,39.1,49.1
7253,-624.31,11.5662,4.81,41.0,48.7
7254,-584.22,29.0031,4.51,39.7,48.4
7255,-584.65,31.4936,4.54,36.8,48.9
7256,-610.66,13.6689,4.66,38.0,50.2
7257,-595.29,4.7643,4.61,36.7,49.3
7258,-592.93,2.8226,4.72,39.6,48.6
7259,-591.15,3.2048,4.82,40.3,48.4
7260,-596.54,14.9236,4.52,38.1,49.0
7261,-595.03,2.9974,4.54,35.3,49.8
7262,-601.48,3.9994,4.54,37.4,48.7
7263,-597.26,2.1016,4.58,38.2,48.4
7264,-605.64,7.8652,4.69,38.2,48.4
7265,-602.68,6.0217,4.58,36.5,50.2
7266,-603.2,1.3698,4.77,42.6,50.1
7267,-609.95,3.5666,4.55,36.4,49.4
7268,-620.28,12.4675,4.61,36.6,48.6
7269,-611.58,1.9269,4.85,39.0,48.4
7270,-610.57,2.115,4.67,38.9,48.4
7271,-626.16,8.6934,5.21,45.1,49.4
7272,-593.64,20.0157,4.69,37.7,49.3
7273,-592.51,17.3549,4.7,36.5,50.0
7274,-613.28,8.225,4.7,39.0,49.8
7275,-609.95,1.4059,4.74,38.2,49.5
7276,-613.21,2.3258,4.64,37.8,48.9
7277,-624.38,6.8225,4.67,42.9,48.4
7278,-650.03,52.8162,4.61,35.8,48.4
7279,-598.46,19.8686,4.81,38.5,48.4
7280,-598.04,21.1976,4.65,36.7,50.5
7281,-598.74,18.1239,4.58,35.8,49.6
7282,-613.65,6.8968,4.76,40.8,48.7
7283,-620.59,7.8977,4.59,38.5,48.4
7284,-623.12,7.3974,4.66,35.7,48.3
7285,-621.69,5.1011,4.7,36.9,49.9
7286,-616.83,4.4617,4.56,37.8,49.8
7287,-618.25,2.6658,4.62,38.7,49.2
7288,-616.54,8.5941,4.55,37.9,48.6
7289,-610.74,4.3071,4.68,40.3,48.3
7290,-628.05,8.3648,4.63,35.0,50.2
7291,-615.46,2.873,4.99,40.8,50.1
7292,-599.7,10.0673,4.61,37.5,49.8
7293,-598.5,10.6392,4.6,36.1,48.9
7294,-623.83,10.4431,4.72,40.6,48.4
7295,-608.22,4.9575,4.73,35.8,48.3
7296,-624.46,7.7641,4.8,38.7,48.4
7297,-615.05,2.4704,4.57,37.1,50.4
7298,-607.11,11.0199,4.47,36.2,48.9
7299,-602.86,16.4754,4.9,41.4,48.5
7300,-606.77,3.6288,4.54,36.9,48.7
7301,-593.9,3.7193,4.49,38.7,50.0
7302,-602.35,10.0558,4.75,37.1,49.7
7303,-601.46,76.2954,4.75,39.3,49.1
7304,-629.38,36.3141,4.9,37.4,48.7
7305,-616.15,11.1152,4.96,43.5,48.7
7306,-597.28,10.7444,4.45,38.2,48.5
7307,-605.19,9.514,4.53,37.2,48.5
7308,-609.88,1.8483,4.77,39.5,48.5
7309,-606.83,14.5605,4.67,39.7,48.5
7310,-599.83,13.3134,4.68,37.9,50.0
7311,-621.17,12.4067,4.74,39.6,50.8
7312,-598.19,4.5826,4.56,40.4,49.7
7313,-593.08,7.9719,4.54,35.7,48.9
7314,-613.78,9.6747,4.65,37.2,48.6
7315,-624.58,17.7866,4.5,36.8,50.1
7316,-625.94,14.3774,4.68,39.0,50.1
7317,-588.97,26.513,4.43,36.4,49.4
7318,-589.3,26.6029,4.73,42.2,48.8
7319,-626.8,11.1209,4.62,35.1,48.6
7320,-608.19,3.7893,4.69,37.7,48.6
7321,-607.78,10.1754,4.86,40.0,48.6
7322,-624.04,14.5411,4.72,37.4,51.0
7323,-624.04,12.4923,4.51,39.4,50.2
7324,-589.93,26.9547,4.46,39.8,50.1
7325,-627.1,5.4677,4.89,39.4,50.1
7326,-607.81,11.2299,4.4,36.7,49.2
7327,-590.58,60.9771,4.61,39.3,49.0
7328,-588.97,19.6096,4.58,39.4,48.7
7329,-616.08,7.2999,4.85,39.5,48.6
7330,-637.87,42.9875,4.65,40.2,51.0
7331,-612.66,4.0474,4.5,35.7,49.6
7332,-627.62,8.9005,4.6,37.4,49.3
7333,-586.61,53.7564,4.69,38.9,48.8
7334,-590.03,39.471,4.91,38.9,48.7
7335,-600.16,25.9713,5.01,41.7,49.6
7336,-599.13,14.954,4.62,39.4,49.3
7337,-591.78,11.1127,4.59,37.3,49.2
7338,-609.72,26.038,4.58,37.1,50.1
7339,-599.32,10.1816,4.56,38.7,49.4
7340,-572.41,14.574,4.56,39.3,48.7
7341,-623.12,39.6002,4.83,40.1,48.7
7342,-592.85,7.709,4.58,39.1,51.0
7343,-602.89,8.1391,4.59,34.6,49.6
7344,-607.46,6.9979,4.62,38.0,48.9
7345,-605.39,4.5554,4.64,37.6,48.7
7346,-580.83,25.2108,4.63,37.5,48.6
7347,-594.52,8.5033,5.24,45.5,50.4
7348,-589.8,7.1661,4.38,36.5,49.7
7349,-588.28,3.5004,4.7,35.7,48.9
7350,-601.84,13.0353,4.64,38.9,48.6
7351,-585.11,14.6542,4.49,36.4,50.1
7352,-579.26,4.7002,4.59,36.4,49.7
7353,-603.81,16.4656,4.69,38.5,48.9
7354,-595.92,2.4518,4.52,36.6,48.6
7355,-559.44,73.7481,4.5,34.8,50.4
7356,-591.12,2.403,4.89,38.2,50.7
7357,-601.01,5.9071,4.43,36.9,49.3
7358,-587.34,1.7796,4.61,37.4,48.8
7359,-589.98,3.5338,4.6,40.2,48.6
7360,-594.5,8.1147,4.52,36.0,49.4
7361,-593.81,6.7772,4.51,36.2,50.1
7362,-561.62,42.7753,4.58,37.4,49.2
7363,-611.79,22.5667,4.74,38.8,48.8
7364,-595.25,3.4613,4.73,37.6,48.7
7365,-590.1,7.2101,4.66,40.8,50.1
7366,-608.44,7.5277,4.66,36.0,50.1
7367,-594.56,2.2134,4.65,37.0,49.0
7368,-595.19,5.9763,4.68,39.3,48.7
7369,-600.95,2.7751,4.81,38.4,48.6
7370,-601.38,7.0698,5.62,48.2,48.7
7371,-590.36,3.7406,4.61,37.2,48.6
7372,-593.21,6.7469,4.59,35.0,50.0
7373,-595.09,5.3093,4.53,36.2,48.9
7374,-573.29,27.9748,4.56,37.4,48.4
7375,-581.9,2.825,4.68,36.3,48.2
7376,-605.68,11.3543,4.63,40.2,48.1
7377,-590.07,3.7524,4.59,38.6,48.5
7378,-569.73,12.3443,4.8,37.5,48.8
7379,-586.23,2.4346,4.7,39.2,49.4
7380,-598.66,13.7531,4.81,40.4,49.8
7381,-600.02,3.5375,5.14,41.8,50.5
7382,-578.1,11.2674,4.63,36.7,49.8
7383,-595.46,1.0175,4.51,35.3,49.9
7384,-599.0,10.7825,4.56,38.7,48.9
7385,-590.32,2.8708,4.58,37.9,49.5
7386,-605.12,6.5699,4.53,37.3,48.9
7387,-605.12,4.4744,4.79,42.4,48.7
7388,-595.33,2.9484,4.56,37.3,48.6
7389,-594.49,2.8301,4.73,36.7,48.6
7390,-576.41,22.3703,4.63,39.7,48.6
7391,-594.61,5.6154,4.68,37.6,49.6
7392,-586.27,6.7047,4.58,36.5,50.0
7393,-612.92,27.1849,4.58,39.2,49.0
7394,-595.95,1.7358,4.69,36.7,48.8
7395,-606.66,9.6573,4.59,37.9,48.7
7396,-603.0,3.1549,4.65,39.8,48.7
7397,-612.02,5.2403,4.62,37.2,50.2
7398,-605.88,7.31,4.59,37.2,49.6
7399,-615.75,4.0941,4.77,41.3,49.5
7400,-596.94,8.0484,4.66,35.6,48.9
7401,-593.86,11.0715,4.57,38.1,48.7
7402,-588.39,4.3205,4.65,38.5,48.8
7403,-575.57,25.5627,4.61,37.2,50.5
7404,-612.2,30.1677,4.94,42.8,50.5
7405,-600.55,18.8164,4.48,36.4,49.7
7406,-600.55,13.1287,4.49,35.7,49.0
7407,-600.55,7.0071,4.62,37.1,48.7
7408,-600.82,6.8489,4.74,39.7,48.8
7409,-583.01,18.4624,4.59,35.2,50.2
7410,-592.46,7.7225,4.87,41.2,49.3
7411,-597.55,3.0914,4.62,36.7,49.7
7412,-588.06,4.5716,4.66,39.0,49.0
7413,-598.17,5.0608,4.57,35.8,48.8
7414,-601.9,6.3643,4.79,38.5,48.8
7415,-613.72,13.4401,4.68,38.4,48.8
7416,-623.99,20.8402,4.68,37.4,51.1
7417,-614.29,2.6835,4.98,40.7,50.4
7418,-596.59,17.9514,4.52,37.6,49.6
7419,-582.55,36.4225,4.63,36.6,49.5
7420,-610.73,6.3855,4.83,39.2,49.0
7421,-577.24,57.1219,4.66,39.2,48.7
7422,-593.32,2.9154,4.66,38.6,48.7
7423,-591.52,2.7074,4.96,41.9,50.6
7424,-602.9,9.6423,4.55,38.1,50.6
7425,-599.35,4.7936,4.37,34.9,50.0
7426,-575.0,21.306,4.7,38.9,49.1
7427,-590.29,5.3789,4.58,38.1,48.9
7428,-583.02,34.9148,4.74,38.2,48.9
7429,-589.48,5.5462,4.87,39.0,50.2
7430,-588.61,2.7633,4.53,38.0,49.3
7431,-589.53,2.2348,4.6,36.0,48.8
7432,-586.18,7.3173,4.71,38.2,48.8
7433,-611.0,17.8359,4.62,35.8,51.1
7434,-587.15,5.6064,4.55,37.1,49.5
7435,-599.13,6.4636,4.59,38.3,48.9
7436,-601.36,18.0817,4.62,40.1,48.8
7437,-600.75,5.4058,4.74,35.6,49.7
7438,-585.93,12.2182,4.63,36.7,50.0
7439,-594.72,2.9573,4.6,36.4,49.1
7440,-595.86,4.2581,4.77,39.0,48.8
7441,-585.93,4.3375,5.15,42.1,48.7
7442,-592.49,4.2401,4.61,37.6,49.7
7443,-585.54,2.5784,4.48,33.5,49.8
7444,-597.8,4.8339,4.59,39.2,49.1
7445,-601.78,5.7157,4.65,38.4,48.8
7446,-602.45,5.2762,4.58,38.2,48.8
7447,-597.91,3.3203,4.58,36.8,49.7
7448,-597.91,2.279,4.57,37.1,49.0
7449,-613.92,5.2166,5.04,40.9,48.8
7450,-599.96,3.2314,4.66,36.4,49.8
7451,-581.97,20.8888,4.8,41.6,50.3
7452,-568.46,45.3696,4.62,36.2,49.8
7453,-598.19,6.8463,4.71,34.9,49.1
7454,-610.88,24.0148,4.59,39.1,48.9
7455,-607.13,13.3078,4.62,37.2,50.6
7456,-590.93,2.3584,4.62,37.7,50.1
7457,-605.73,5.0029,5.02,44.2,49.6
7458,-598.3,6.0091,4.47,36.7,49.0
7459,-598.3,5.129,4.5,35.6,48.9
7460,-602.57,3.5859,4.78,38.8,48.9
7461,-591.92,2.2667,4.66,36.6,50.2
7462,-598.61,4.207,4.53,36.9,50.0
7463,-594.69,4.3211,5.15,43.4,49.6
7464,-593.54,2.6395,4.63,36.7,49.0
7465,-579.47,8.6571,4.52,34.9,48.8
7466,-602.09,7.8899,4.54,36.7,50.3
7467,-603.01,7.5652,4.58,37.6,49.3
7468,-596.82,3.4355,4.62,37.8,48.9
7469,-596.82,2.8957,5.18,45.8,48.8
7470,-623.4,20.0562,4.42,36.0,50.3
7471,-607.92,2.2986,4.53,33.6,49.9
7472,-613.53,10.8153,4.48,39.5,49.1
7473,-605.3,4.2247,4.78,37.9,48.8
7474,-599.4,4.2977,4.65,37.0,48.8
7475,-595.96,4.0076,4.75,40.3,50.4
7476,-597.72,3.0563,4.55,35.6,49.6
7477,-603.78,9.5742,4.81,36.3,48.9
7478,-594.07,8.8173,4.79,37.6,48.8
7479,-598.22,1.1462,4.57,37.1,50.8
7480,-583.86,16.5412,4.8,40.1,49.6
7481,-605.61,9.2699,4.57,36.8,49.4
7482,-595.47,2.6931,4.74,37.3,48.9
7483,-595.47,2.1704,4.8,39.0,48.9
7484,-601.01,1.38,4.71,36.4,50.3
7485,-602.04,6.8615,4.65,38.3,49.5
7486,-590.18,5.237,4.63,40.3,49.0
7487,-591.34,2.4094,4.73,37.0,48.8
7488,-591.78,4.9886,4.71,36.2,49.4
7489,-592.72,13.1152,4.62,36.4,50.3
7490,-603.29,13.4071,4.58,37.3,49.9
7491,-603.29,10.8155,4.87,42.2,49.3
7492,-597.79,3.6618,4.46,36.9,48.9
7493,-593.04,6.4164,4.71,36.6,48.9
7494,-592.24,4.6992,4.5,37.5,50.7
7495,-593.04,2.8301,4.54,36.7,49.5
7496,-593.37,3.9882,4.55,38.2,48.9
7497,-591.4,21.4382,4.86,40.7,48.9
7498,-598.59,13.5197,4.6,34.2,51.1
7499,-613.76,10.667,4.87,39.2,49.9
7500,-598.5,9.3467,4.63,36.3,49.1
7501,-584.54,32.8708,4.7,37.4,48.9
7502,-598.33,6.1606,4.81,39.8,51.3
7503,-595.53,12.8572,4.57,35.8,50.0
7504,-596.83,3.0505,4.6,37.5,49.3
7505,-598.59,10.2906,4.84,40.7,49.1
7506,-596.83,2.0146,4.66,37.1,49.1
7507,-614.46,12.465,4.8,40.9,51.3
7508,-611.91,5.6907,4.44,36.3,49.1
7509,-611.0,8.5801,4.67,36.0,49.4
7510,-615.65,12.9809,4.76,37.7,49.1
7511,-606.67,13.7289,4.67,36.3,48.9
7512,-621.9,6.497,4.66,36.3,49.0
7513,-623.72,6.719,4.73,43.3,49.2
7514,-606.67,13.6317,4.62,35.2,49.3
7515,-623.72,4.2601,4.72,39.4,49.3
7516,-623.72,3.1553,4.65,36.6,49.4
7517,-629.01,3.778,4.79,38.5,49.1
7518,-623.72,1.8192,4.62,36.5,49.0
7519,-623.72,1.0218,4.56,39.7,49.3
7520,-614.14,14.6022,4.78,34.3,49.0
7521,-604.02,14.165,4.72,37.4,48.8
7522,-623.86,20.1737,4.55,34.5,49.1
7523,-611.85,3.2306,4.59,38.8,50.2
7524,-628.44,15.6563,4.88,38.4,51.1
7525,-604.51,11.2462,4.7,36.4,50.1
7526,-637.11,25.0644,4.84,41.6,49.6
7527,-609.61,16.264,4.46,38.6,49.2
7528,-637.11,22.0754,4.49,34.3,50.1
7529,-619.87,9.1567,4.76,39.3,50.0
7530,-594.23,22.5261,4.75,37.6,51.1
7531,-633.95,22.178,4.68,37.0,50.0
7532,-593.89,21.1399,4.8,39.7,49.5
7533,-609.61,12.7451,4.57,37.3,49.2
7534,-618.89,7.491,4.55,35.3,49.9
7535,-645.34,58.5421,4.54,36.7,50.2
7536,-641.95,29.5726,4.71,37.9,50.3
7537,-640.84,16.9537,4.72,40.1,50.3
7538,-626.37,8.6868,5.17,44.0,50.8
7539,-637.11,11.7084,4.62,38.9,50.7
7540,-637.11,8.8522,4.51,34.8,49.5
7541,-578.62,98.4152,4.7,38.3,49.2
7542,-604.51,25.7767,4.74,36.6,50.0
7543,-578.62,48.8478,4.61,38.4,49.9
7544,-614.79,11.4903,4.58,38.8,50.7
7545,-603.23,23.648,4.75,35.4,49.9
7546,-582.22,23.1997,4.62,37.5,49.5
7547,-576.16,18.3528,4.7,38.1,49.2
7548,-579.38,4.3309,4.63,37.3,49.2
7549,-597.57,12.122,5.05,42.6,49.6
7550,-608.08,24.3084,4.51,36.7,50.8
7551,-604.76,12.0799,4.57,37.1,50.1
7552,-589.69,25.9543,4.72,38.3,50.1
7553,-620.04,21.8937,4.74,39.1,50.0
7554,-611.37,6.9156,4.54,37.6,49.4
7555,-591.68,13.3515,4.78,41.1,49.3
7556,-598.18,7.4433,4.67,35.1,49.2
7557,-600.63,2.6077,4.77,37.0,51.6
7558,-609.48,20.457,4.68,38.1,50.4
7559,-605.21,3.1579,4.5,37.6,49.8
7560,-596.41,5.6008,4.82,40.6,50.0
7561,-592.25,7.349,4.68,39.2,49.3
7562,-573.64,16.7963,4.69,35.4,49.3
7563,-596.58,5.7354,4.7,38.5,50.8
7564,-596.41,5.9402,4.68,37.8,50.4
7565,-596.41,4.2067,4.9,38.6,49.9
7566,-596.74,1.8515,4.98,43.0,49.6
7567,-598.07,5.6638,4.47,39.5,49.3
7568,-585.73,9.4578,4.53,34.2,50.5
7569,-591.41,11.0005,4.71,36.8,50.9
7570,-591.36,2.797,4.46,36.5,49.7
7571,-591.94,4.711,4.77,40.3,50.0
7572,-601.56,5.2875,4.87,40.0,49.5
7573,-610.1,10.6156,4.68,40.9,49.4
7574,-609.45,3.5556,4.49,34.5,51.4
7575,-618.12,6.3647,4.7,37.9,50.9
7576,-625.16,23.8171,4.47,39.3,50.8
7577,-596.34,23.9817,4.63,36.5,49.8
7578,-604.91,12.1602,4.64,37.6,49.5
7579,-625.16,15.3981,4.43,37.1,49.8
7580,-621.83,11.1319,4.86,38.7,49.5
7581,-596.34,22.4653,4.78,37.9,49.5
7582,-596.08,16.9623,4.5,36.7,51.8
7583,-600.78,16.5586,5.01,42.2,51.8
7584,-575.07,37.4938,4.47,34.7,50.1
7585,-598.25,5.1628,4.67,36.6,49.6
7586,-604.01,9.0799,4.7,38.4,49.5
7587,-590.76,10.1086,4.66,36.7,50.0
7588,-603.83,20.9646,4.59,36.9,50.9
7589,-595.93,1.1915,4.66,38.2,49.7
7590,-581.03,17.3527,4.6,37.1,49.4
7591,-627.93,26.3836,4.88,36.2,49.5
7592,-623.97,18.7084,4.75,37.0,51.0
7593,-618.9,12.3201,4.8,37.6,50.0
7594,-616.76,4.276,4.69,39.7,49.7
7595,-610.23,6.5292,4.5,36.6,49.4
7596,-611.34,7.4091,4.8,35.9,50.1
7597,-629.61,10.3043,4.65,37.2,51.0
7598,-586.35,30.7856,4.81,39.7,50.7
7599,-589.0,13.0151,4.77,39.1,50.0
7600,-601.82,18.2397,4.6,38.2,50.1
7601,-612.58,10.9581,4.71,36.4,49.7
7602,-607.17,19.7249,4.71,38.8,49.4
7603,-592.44,7.719,4.75,36.3,49.4
7604,-629.07,22.8853,4.61,35.7,51.0
7605,-620.26,10.619,4.71,42.1,51.0
7606,-629.07,10.3029,4.52,36.5,50.0
7607,-629.51,5.8699,4.7,37.2,49.9
7608,-615.28,12.3092,4.7,39.3,49.5
7609,-633.44,4.6564,4.9,38.6,49.5
7610,-633.44,3.381,4.52,36.9,51.7
7611,-605.02,32.392,4.88,42.5,50.4
7612,-603.27,24.6049,4.8,36.3,49.7
7613,-627.86,5.3536,4.75,38.3,49.5
7614,-653.44,78.9633,4.66,38.5,49.4
7615,-618.35,3.126,4.64,37.4,51.4
7616,-630.77,5.3644,4.82,38.7,50.0
7617,-609.36,26.6103,4.51,39.6,49.6
7618,-638.12,21.4908,4.76,35.4,49.5
7619,-608.52,19.0215,4.94,37.7,49.5
7620,-616.33,11.5313,4.66,35.9,51.5
7621,-631.13,5.8989,4.64,35.8,50.2
7622,-637.7,12.8861,4.55,40.0,49.7
7623,-641.2,12.4261,4.56,37.7,49.5
7624,-631.23,7.1821,4.83,37.4,50.0
7625,-615.75,24.1108,4.62,36.8,51.0
7626,-638.05,4.6934,4.63,37.8,49.9
7627,-634.15,3.6469,4.54,37.9,49.5
7628,-638.05,3.8375,4.71,40.5,49.6
7629,-638.05,3.2775,4.54,34.8,51.2
7630,-646.16,9.2963,4.58,34.9,50.0
7631,-632.01,5.2731,4.65,40.6,49.7
7632,-647.27,5.2894,4.71,37.9,49.6
7633,-629.03,6.7887,4.51,36.7,51.8
7634,-655.07,9.999,4.87,42.2,50.8
7635,-611.11,35.9632,4.53,36.8,49.9
7636,-645.04,8.4039,4.66,36.8,49.6
7637,-631.41,6.3567,4.61,35.9,51.2
7638,-631.41,4.6627,4.8,36.7,50.6
7639,-614.49,33.3606,4.8,37.7,50.0
7640,-616.67,22.4466,4.67,38.0,49.6
7641,-623.73,16.9488,4.89,41.2,49.7
7642,-634.04,14.757,4.58,34.9,49.6
7643,-621.56,20.2192,4.84,38.5,50.6
7644,-631.69,3.9424,4.72,38.8,51.0
7645,-638.95,3.1055,4.9,38.9,51.3
7646,-631.92,2.9891,5.14,44.9,51.4
7647,-626.52,16.1599,4.4,36.2,50.9
7648,-630.88,3.5756,4.54,34.3,50.2
7649,-636.3,2.9895,4.55,37.5,50.0
7650,-636.3,2.8892,4.65,36.8,50.0
7651,-630.88,1.6955,4.65,38.2,49.9
7652,-631.69,1.7143,4.97,43.2,49.8
7653,-616.9,15.7068,4.62,35.5,49.6
7654,-630.73,2.9083,4.65,36.2,49.4
7655,-614.69,14.3536,4.82,38.3,49.3
7656,-624.13,3.8083,4.69,37.7,49.2
7657,-637.36,12.0384,4.9,40.0,49.6
7658,-633.18,4.6808,4.68,39.6,49.7
7659,-628.6,1.8115,4.8,37.3,49.7
7660,-626.91,2.6808,4.68,36.9,51.9
7661,-641.21,4.8086,4.62,39.1,51.5
7662,-626.93,7.1795,4.53,36.1,50.5
7663,-628.67,0.8696,4.78,40.1,50.0
7664,-633.62,1.4953,4.69,37.4,49.8
7665,-643.64,12.9083,4.97,38.4,50.0
7666,-633.56,1.0138,4.74,37.4,51.7
7667,-631.63,1.6264,4.74,39.8,51.8
7668,-631.93,0.5645,4.79,40.5,51.3
7669,-613.46,11.5439,4.49,38.8,50.2
7670,-631.93,3.5686,4.67,36.9,50.2
7671,-634.62,8.2455,4.61,39.1,49.8
7672,-623.43,5.1533,4.84,37.9,49.8
7673,-621.54,13.3851,4.58,37.8,49.9
7674,-619.54,1.8293,4.84,41.5,51.5
7675,-620.41,1.0522,4.44,36.8,51.7
7676,-604.37,4.8595,4.63,36.8,51.7
7677,-619.54,2.322,4.75,38.4,50.8
7678,-619.76,69.1901,4.83,38.2,50.6
7679,-598.97,10.8613,4.52,39.4,50.1
7680,-632.42,32.1012,4.61,36.2,49.9
7681,-595.24,12.0621,4.78,38.3,51.7
7682,-627.39,7.4448,4.62,39.1,51.7
7683,-616.03,0.5865,4.63,38.3,50.7
7684,-602.7,7.4544,5.14,44.7,50.8
7685,-629.93,6.7338,4.46,38.7,50.2
7686,-608.19,3.6133,4.62,36.1,49.9
7687,-622.87,9.8806,4.82,37.2,50.0
7688,-591.19,23.2027,4.53,36.4,51.6
7689,-621.55,10.0732,4.65,36.7,50.5
7690,-626.85,5.8752,5.37,47.1,51.0
7691,-627.12,5.7516,4.53,36.1,50.2
7692,-612.89,7.1916,4.63,39.8,49.9
7693,-615.72,4.1031,4.78,39.7,49.9
7694,-635.63,7.3802,4.6,37.8,51.8
7695,-618.22,2.4923,4.55,36.5,51.3
7696,-612.58,3.4612,4.8,42.4,50.5
7697,-603.48,5.7424,4.6,36.8,50.0
7698,-619.54,7.0425,4.72,37.0,49.9
7699,-588.62,16.3197,4.6,37.3,52.3
7700,-614.95,21.8697,4.63,39.1,50.7
7701,-632.23,65.2387,4.54,37.4,50.2
7702,-630.1,8.9654,4.97,42.5,49.9
7703,-615.44,15.2397,4.5,39.5,50.0
7704,-615.44,14.1569,4.52,35.5,52.3
7705,-598.44,22.9579,4.6,36.9,50.7
7706,-615.44,10.2923,4.73,39.4,50.2
7707,-615.44,10.1168,4.87,39.7,50.0
7708,-615.44,7.4185,4.98,42.3,50.1
7709,-629.76,13.3202,4.79,35.4,50.0
7710,-615.44,7.4147,4.63,37.3,52.0
7711,-615.44,6.8101,4.57,37.9,51.1
7712,-615.44,4.0274,4.61,39.1,51.1
7713,-611.36,2.9345,4.52,36.1,50.3
7714,-615.44,3.3059,4.8,44.4,50.0
7715,-627.91,15.4297,4.54,36.1,50.6
7716,-624.95,8.94,4.51,34.8,51.2
7717,-622.65,3.2252,4.49,39.0,50.8
7718,-607.44,11.0205,4.6,38.6,50.1
7719,-607.48,20.7403,4.65,37.5,49.9
7720,-607.48,16.045,5.21,45.4,50.6
7721,-608.14,6.2661,4.61,37.6,50.4
7722,-607.71,6.5663,4.67,36.0,51.6
7723,-607.48,8.4935,4.48,34.9,50.3
7724,-608.23,5.2512,4.61,38.5,49.9
7725,-618.43,6.9707,4.69,35.6,50.8
7726,-607.48,5.4762,4.77,40.9,51.6
7727,-607.48,4.3437,4.66,33.8,50.3
7728,-607.48,2.4118,4.72,39.4,50.0
7729,-605.44,3.6138,4.87,40.0,50.0
7730,-606.84,2.1642,4.74,38.7,51.4
7731,-606.84,1.6908,5.0,42.0,50.8
7732,-608.23,1.1595,4.64,37.7,50.6
7733,-628.24,18.1221,4.54,36.4,50.0
7734,-628.24,10.4004,4.61,38.4,50.0
7735,-623.62,2.2148,4.61,39.1,50.0
7736,-626.8,4.3393,4.84,38.5,50.0
7737,-626.8,3.0279,4.63,39.8,51.6
7738,-626.8,2.0699,4.49,34.9,50.6
7739,-626.8,1.5404,4.66,37.7,50.1
7740,-626.8,1.1565,4.94,39.9,50.0
7741,-640.01,25.4914,4.72,38.9,50.1
7742,-626.32,1.9934,5.21,45.2,51.7
7743,-608.67,55.7721,4.56,36.7,51.5
7744,-607.73,35.6985,4.43,34.9,50.5
7745,-608.61,44.4265,4.73,39.6,50.1
7746,-623.64,20.0123,4.72,36.8,52.0
7747,-608.48,4.1103,4.79,40.0,51.6
7748,-589.1,26.0189,5.01,42.4,51.9
7749,-596.51,16.1365,4.53,37.9,50.8
7750,-628.12,36.0423,4.9,37.4,50.4
7751,-627.68,45.2545,4.54,35.8,50.1
7752,-605.29,5.8122,4.88,36.4,51.6
7753,-615.17,2.1844,4.68,38.3,51.0
7754,-614.57,1.3296,4.77,37.7,50.9
7755,-636.61,43.4298,4.6,40.7,50.3
7756,-615.89,4.5281,4.51,35.4,50.2
7757,-623.1,5.0487,4.49,35.2,51.7
7758,-616.59,4.8084,4.66,37.5,50.5
7759,-613.49,16.1456,4.63,39.2,50.2
7760,-604.18,2.3855,4.6,36.5,50.9
7761,-632.4,35.7432,4.99,42.3,52.1
7762,-611.14,10.3748,4.57,36.2,51.2
7763,-614.09,3.9153,4.56,35.3,50.5
7764,-614.09,3.2955,4.76,40.2,50.2
7765,-614.64,8.2274,4.62,37.8,52.1
7766,-607.16,7.5758,4.6,38.1,51.7
7767,-612.57,0.956,5.1,43.6,51.5
7768,-609.54,3.8929,4.52,35.9,50.6
7769,-605.44,26.3096,4.49,38.4,50.2
7770,-609.54,2.6283,4.77,36.6,50.9
7771,-609.54,2.2434,4.6,37.8,51.9
7772,-620.27,14.5388,4.58,36.9,52.3
7773,-601.28,11.9411,5.18,44.8,51.8
7774,-646.47,61.7411,4.49,36.7,50.7
7775,-606.44,4.0515,4.53,34.5,50.6
7776,-624.48,8.4213,4.8,41.4,50.2
7777,-625.63,7.6576,4.8,38.9,50.3
7778,-646.47,39.2285,4.62,39.0,51.8
7779,-624.48,5.5344,4.44,36.7,50.9
7780,-625.17,6.729,4.64,33.6,50.2
7781,-624.48,2.3653,4.81,39.0,50.2
7782,-624.48,1.641,4.87,37.8,50.2
7783,-648.2,36.4114,5.04,42.3,50.6
7784,-631.85,1.2382,4.42,35.5,50.5
7785,-639.0,6.041,4.61,36.9,50.5
7786,-625.28,26.2908,4.68,36.7,50.5
7787,-615.11,33.6767,4.77,39.6,50.5
7788,-636.59,3.6326,4.63,36.1,50.2
7789,-634.86,3.4294,4.65,41.9,50.0
7790,-660.42,43.7282,4.61,36.0,49.9
7791,-621.75,21.3297,4.68,36.2,49.9
7792,-619.31,14.2981,4.56,37.5,50.7
7793,-612.38,16.6451,4.65,39.5,51.8
7794,-619.35,2.5293,4.68,37.5,52.3
7795,-602.08,24.5832,4.61,41.7,51.7
7796,-599.12,21.9587,4.4,36.5,52.5
7797,-603.58,13.3348,4.47,37.5,52.4
7798,-632.26,41.1454,4.53,37.7,51.6
7799,-612.38,4.5294,4.75,40.5,51.0
7800,-624.03,10.8645,4.64,37.5,50.5
7801,-607.77,21.6302,4.79,42.0,50.3
7802,-612.38,6.9065,4.54,38.1,50.3
7803,-600.74,16.2975,4.64,37.4,50.3
7804,-615.55,12.3767,4.56,37.2,52.5
7805,-613.03,2.6412,4.62,38.4,51.0
7806,-614.33,8.8381,4.61,37.6,50.9
7807,-614.33,7.0154,4.79,42.8,50.7
7808,-619.88,2.4371,4.62,37.2,50.3
7809,-614.18,5.8428,4.58,39.3,50.3
7810,-623.12,2.6182,4.69,38.9,50.3
7811,-619.74,1.8923,4.71,40.2,50.3
7812,-619.88,1.16,4.66,38.3,52.0
7813,-624.57,2.1156,5.12,44.4,51.0
7814,-654.59,59.1617,4.48,35.7,52.0
7815,-627.93,4.6612,4.96,38.7,51.0
7816,-609.7,14.6123,4.79,38.5,51.0
7817,-633.8,11.3901,4.66,38.8,50.4
7818,-635.57,8.5854,4.76,39.5,50.3
7819,-636.8,3.536,4.66,40.0,52.4
7820,-631.99,16.9813,4.47,35.4,51.0
7821,-622.95,15.941,4.68,38.1,51.0
7822,-608.42,18.0824,4.61,39.4,50.6
7823,-614.23,2.8801,4.64,39.8,50.3
7824,-649.66,1361.2601,4.77,40.6,50.4
7825,-607.09,19.9167,4.61,38.5,50.2
7826,-626.9,11.8467,4.61,35.2,52.5
7827,-591.57,62.8211,4.6,38.2,51.2
7828,-623.57,6.1206,4.64,37.8,50.4
7829,-623.57,3.6376,4.73,37.6,50.3
7830,-630.47,3.5059,4.78,42.0,52.4
7831,-629.15,3.2571,4.46,35.9,51.0
7832,-628.01,5.2416,4.67,36.5,50.5
7833,-628.01,4.1071,4.64,38.4,50.3
7834,-627.55,4.0019,4.64,39.5,50.3
7835,-634.79,9.087,4.64,38.8,51.7
7836,-630.69,3.1929,5.0,41.9,52.1
7837,-606.53,41.3373,4.68,39.8,51.9
7838,-628.01,1.8849,4.71,34.2,51.7
7839,-643.11,20.8861,4.66,37.2,50.5
7840,-631.78,23.2376,4.61,38.8,50.3
7841,-616.28,6.4595,4.61,37.5,51.3
7842,-607.47,23.8663,4.75,40.0,51.9
7843,-620.52,1.667,4.55,35.6,50.8
7844,-616.28,2.0569,4.68,37.4,50.9
7845,-632.32,63.285,4.82,38.8,50.3
7846,-602.6,21.7504,4.75,37.0,50.3
7847,-627.3,6.3147,4.91,42.4,51.8
7848,-626.73,3.7766,4.57,39.4,51.6
7849,-627.32,2.1494,4.67,37.6,50.7
7850,-600.31,46.4174,4.94,40.0,50.4
7851,-626.88,1.5167,4.71,38.8,50.4
7852,-629.16,5.5082,4.69,36.6,52.0
7853,-602.4,54.3681,4.97,42.6,52.0
7854,-606.52,9.6168,4.68,40.2,52.3
7855,-613.62,43.5806,4.85,37.3,52.4
7856,-613.18,5.3523,4.65,38.9,51.1
7857,-607.7,1.6164,4.76,39.4,50.5
7858,-618.81,4.5278,4.8,38.6,50.4
7859,-607.69,20.6373,5.3,43.6,52.3
7860,-600.39,40.1386,4.52,36.3,52.0
7861,-603.03,32.6327,4.71,38.6,51.7
7862,-599.3,16.5743,4.82,37.6,51.2
7863,-617.28,8.2747,4.64,38.5,50.6
7864,-617.28,6.8442,4.95,40.3,50.5
7865,-641.56,18.8682,4.51,39.4,51.8
7866,-607.7,6.1442,5.04,37.8,52.1
7867,-645.38,16.2342,4.53,35.0,50.8
7868,-643.99,7.1885,4.62,37.1,50.5
7869,-643.29,8.3586,4.75,38.2,50.5
7870,-643.29,7.1496,4.8,39.8,50.5
7871,-643.49,3.589,4.69,37.5,52.7
7872,-626.2,22.9932,4.78,40.0,51.3
7873,-638.14,4.5136,4.58,36.9,50.6
7874,-616.45,17.713,4.64,36.6,50.5
7875,-641.53,9.277,4.72,39.2,50.5
7876,-641.53,8.7577,4.79,37.4,51.9
7877,-613.97,17.3358,4.92,43.9,52.3
7878,-610.12,39.1232,4.57,34.4,51.8
7879,-632.65,5.2418,4.58,37.0,50.8
7880,-643.49,11.31,4.84,41.1,50.5
7881,-619.2,12.7054,4.69,39.3,50.5
7882,-619.2,11.3534,5.15,42.6,50.5
7883,-625.44,4.2084,4.73,35.3,52.9
7884,-619.2,6.2962,4.63,37.6,51.6
7885,-598.76,13.7433,4.85,38.6,50.9
7886,-625.82,20.584,4.68,38.5,50.6
7887,-622.18,13.5835,4.9,42.0,50.5
7888,-590.2,23.4479,4.51,37.1,52.0
7889,-626.53,5.4921,4.51,34.1,51.5
7890,-599.19,24.8414,4.7,38.3,50.8
7891,-586.32,21.9543,4.52,38.7,50.5
7892,-620.09,9.917,5.1,40.7,50.6
7893,-623.44,63.2008,4.58,36.7,52.5
7894,-620.2,6.1284,4.53,35.8,51.2
7895,-609.11,11.8636,4.51,37.5,50.6
7896,-618.1,3.6603,4.52,37.9,50.5
7897,-634.79,11.2215,4.55,37.4,52.5
7898,-615.31,6.4419,5.12,43.2,51.1
7899,-629.43,6.2781,4.48,37.8,50.6
7900,-632.93,13.9482,5.07,39.0,50.5
7901,-619.07,2.9204,4.62,37.7,52.3
7902,-614.84,9.7284,4.65,37.5,52.0
7903,-611.7,2.2033,4.75,41.0,51.2
7904,-601.43,19.9548,4.41,36.8,50.6
7905,-637.67,38.5029,4.49,35.7,50.5
7906,-628.95,27.0725,4.57,37.8,52.7
7907,-629.94,20.0819,5.87,38.1,52.4
7908,-628.49,3.6055,4.54,36.9,51.1
7909,-633.74,3.712,4.6,36.5,50.6
7910,-615.64,22.2465,4.62,36.6,50.6
7911,-613.96,21.5016,4.74,37.4,52.0
7912,-613.96,13.3985,4.48,37.2,50.7
7913,-622.73,5.7668,4.55,38.1,50.3
7914,-613.96,4.2527,4.58,36.0,50.2
7915,-613.96,3.4799,4.7,37.5,50.1
7916,-632.8,102.1482,4.68,36.7,50.5
7917,-622.73,6.3748,4.81,40.2,50.1
7918,-627.4,2.5816,4.56,39.9,50.0
7919,-624.19,18.9745,4.75,35.7,50.3
7920,-629.92,1.7053,4.61,38.3,50.3
7921,-629.92,1.4953,4.61,38.0,50.3
7922,-606.64,64.5112,4.71,39.0,50.1
7923,-648.28,36.4444,4.51,37.1,50.0
7924,-644.04,18.3276,4.49,36.1,50.0
7925,-624.38,9.333,4.67,36.1,50.8
7926,-650.13,24.0527,4.68,38.4,50.5
7927,-629.92,3.693,4.54,36.2,52.3
7928,-648.28,18.2074,4.73,41.7,52.4
7929,-629.58,6.2024,4.52,34.9,51.3
7930,-624.61,11.6897,4.65,38.0,50.7
7931,-624.98,7.5208,4.57,37.9,50.5
7932,-645.48,27.1385,4.58,38.8,50.6
7933,-648.28,28.2754,4.67,38.8,51.1
7934,-633.63,5.968,4.6,34.8,52.1
7935,-650.92,8.3847,4.7,38.9,52.0
7936,-613.94,30.4404,4.78,39.0,51.5
7937,-646.34,3.0904,4.58,36.4,50.9
7938,-613.5,57.4571,4.8,38.9,50.6
7939,-625.04,10.7357,4.75,34.2,51.4
7940,-598.4,38.7601,4.73,37.7,52.1
7941,-611.53,77.3538,4.64,36.6,50.9
7942,-647.07,35.4838,4.87,44.9,50.6
7943,-640.76,19.0159,4.72,37.3,50.5
7944,-636.61,12.6368,4.74,37.3,51.3
7945,-650.92,10.8347,4.57,36.9,52.5
7946,-623.68,24.1129,4.74,38.4,52.6
7947,-631.91,29.7216,4.64,39.3,52.6
7948,-651.08,3.0996,4.53,35.4,51.2
7949,-598.4,66.5365,4.85,37.5,50.9
7950,-613.17,60.8908,4.77,39.5,50.6
7951,-598.4,43.3527,4.96,40.3,50.6
7952,-611.34,16.0284,4.71,36.5,50.6
7953,-629.87,13.5698,4.57,35.2,52.1
7954,-625.0,12.8486,4.7,39.0,51.6
7955,-602.57,13.8598,4.82,38.9,51.4
7956,-608.08,7.3074,4.6,39.7,50.8
7957,-610.6,7.9419,4.8,38.0,50.5
7958,-637.67,27.9077,4.65,37.0,51.1
7959,-625.61,27.0462,4.73,40.4,52.3
7960,-628.95,16.0638,4.65,36.6,52.0
7961,-607.37,20.8334,4.98,44.4,52.0
7962,-629.29,11.1093,4.54,35.2,51.2
7963,-621.48,5.8703,4.72,38.3,51.3
7964,-628.07,3.0457,4.64,38.1,50.7
7965,-601.87,22.1315,4.7,39.0,50.6
7966,-618.31,3.6074,4.97,42.9,50.6
7967,-626.37,9.3382,4.7,35.6,52.9
7968,-626.37,7.2575,4.73,38.4,52.9
7969,-587.58,55.4512,4.65,38.0,51.8
7970,-619.36,0.9667,4.59,37.4,50.9
7971,-584.39,45.8787,4.74,41.1,50.7
7972,-631.68,18.0117,4.53,36.9,50.7
7973,-632.99,19.7941,4.69,37.9,50.7
7974,-571.15,68.778,4.72,38.1,52.6
7975,-639.79,21.4783,4.72,37.2,51.5
7976,-640.8,15.9926,4.76,39.9,51.0
7977,-603.23,22.4367,4.58,37.7,50.8
7978,-629.2,2.2581,4.55,35.7,51.4
7979,-638.45,5.0566,4.64,37.6,52.1
7980,-641.59,3.3685,4.81,34.8,51.1
7981,-642.37,2.7022,4.63,37.8,50.8
7982,-640.23,3.2107,4.75,36.8,50.8
7983,-640.23,2.3564,4.79,43.4,52.9
7984,-640.23,1.7265,4.54,36.3,52.6
7985,-579.62,122.0177,4.73,38.0,51.5
7986,-581.76,98.8548,4.6,39.9,51.3
7987,-580.58,74.4674,4.55,37.9,50.9
7988,-608.96,10.9093,4.68,37.4,50.7
7989,-579.62,37.8957,4.57,39.4,53.1
7990,-606.48,20.4283,4.46,35.4,51.4
7991,-606.48,17.8123,4.67,38.6,50.8
7992,-579.62,22.8915,4.47,37.9,50.8
7993,-604.37,34.4921,4.77,36.9,52.3
7994,-630.07,106.0511,4.42,39.9,52.0
7995,-644.01,57.9964,4.56,36.2,51.1
7996,-645.61,38.4934,4.61,38.4,50.7
7997,-601.1,18.9213,4.97,38.6,51.7
7998,-640.06,393.668,4.54,35.5,52.5
7999,-643.74,8.7778,4.61,38.1,51.3
8000,-642.08,12.8847,4.49,37.3,50.8
8001,-610.26,52.6902,4.93,38.9,50.7
8002,-606.25,37.8478,4.64,36.8,52.2
8003,-627.76,12.4167,4.71,37.2,52.0
8004,-633.16,4.599,4.41,38.3,51.1
8005,-640.82,13.5394,4.65,36.9,50.8
8006,-645.39,10.2403,4.65,36.5,51.3
8007,-601.08,69.0176,4.67,37.2,52.2
8008,-611.19,25.4579,4.58,36.4,51.1
8009,-625.05,12.4524,4.64,40.4,50.8
8010,-641.8,13.2788,4.53,33.8,51.3
8011,-603.2,15.8439,4.7,39.1,51.4
8012,-645.39,21.9567,4.67,36.7,52.4
8013,-634.39,8.3633,4.75,39.6,51.4
8014,-602.57,18.3169,4.61,38.5,51.1
8015,-602.57,16.0702,4.62,36.0,50.8
8016,-645.39,18.9056,4.89,37.9,50.9
8017,-634.39,7.1453,4.62,37.1,52.8
8018,-634.39,4.2375,4.56,35.9,51.5
8019,-602.57,27.8045,4.56,40.3,50.8
8020,-622.16,7.8165,4.68,35.0,50.8
8021,-619.2,6.8222,4.71,39.1,50.7
8022,-633.98,5.1323,4.58,37.1,52.4
8023,-634.39,4.9834,4.54,37.9,51.6
8024,-633.98,3.0453,4.61,39.7,50.9
8025,-604.72,280.7653,4.69,40.2,50.8
8026,-611.91,84.718,4.89,36.5,50.8
8027,-602.19,45.4772,4.75,37.9,52.5
8028,-634.31,2.8774,4.68,37.4,51.5
8029,-602.83,47.7189,4.9,41.3,51.1
8030,-634.31,6.2377,4.4,36.6,50.8
8031,-633.86,6.4979,4.65,35.9,51.8
8032,-621.91,2.8935,4.83,37.7,53.0
8033,-602.01,20.9063,4.82,39.4,53.1
8034,-602.19,14.3412,4.6,36.9,51.5
8035,-629.25,107.5895,4.66,39.5,51.0
8036,-632.87,102.9098,4.78,35.8,50.9
8037,-598.31,23.9883,4.87,40.1,51.8
8038,-602.96,8.235,4.8,37.8,53.1
8039,-635.83,119.118,5.05,41.3,51.6
8040,-621.1,318.1245,4.59,36.3,51.2
8041,-599.55,11.2059,4.91,38.0,51.0
8042,-602.4,32.8157,4.64,36.6,51.0
8043,-602.15,26.2609,4.99,42.4,53.4
8044,-607.64,11.636,4.57,36.8,52.2
8045,-608.43,10.4597,4.72,36.5,51.2
8046,-615.98,27.9901,4.78,39.5,51.0
8047,-576.58,47.4306,4.8,38.4,51.0
8048,-607.64,5.5941,5.25,44.2,52.6
8049,-608.32,4.1685,4.48,34.8,51.5
8050,-608.32,2.7798,4.73,35.2,51.3
8051,-600.15,9.6677,4.64,36.2,50.8
8052,-600.27,5.1665,4.68,37.7,50.7
8053,-600.27,4.1991,4.64,37.5,50.6
8054,-630.03,46.9373,4.58,39.1,50.5
8055,-608.14,6.9724,4.64,35.5,50.3
8056,-597.7,19.1048,4.81,37.3,50.5
8057,-608.14,4.5815,4.82,37.6,50.4
8058,-595.52,18.5429,4.71,36.7,51.0
8059,-621.91,19.2962,4.58,38.9,52.7
8060,-591.91,21.0062,4.68,36.6,52.6
8061,-597.7,12.5821,4.63,37.4,51.9
8062,-596.89,8.7373,4.74,40.8,52.8
8063,-591.59,7.7863,4.66,38.4,52.1
8064,-595.82,5.1103,4.72,38.5,51.2
8065,-614.4,9.525,4.57,39.5,51.0
8066,-597.7,7.5429,4.72,35.2,51.0
8067,-596.89,7.0305,4.74,39.2,52.7
8068,-594.17,4.9046,4.64,38.5,52.5
8069,-595.82,3.6951,4.6,36.7,51.7
8070,-594.17,3.07,4.71,40.4,51.2
8071,-594.17,1.9663,4.6,38.3,50.9
8072,-596.89,8.0046,4.65,38.4,51.0
8073,-597.7,7.5092,4.68,37.9,51.0
8074,-604.54,5.1993,4.68,38.8,52.5
8075,-594.17,3.8875,4.82,39.2,52.4
8076,-604.54,2.1379,4.52,38.2,52.1
8077,-594.17,5.9699,4.7,35.4,51.3
8078,-604.54,1.5902,4.76,39.7,51.0
8079,-591.59,12.1576,4.66,37.3,51.0
8080,-594.17,4.7141,4.6,36.7,52.6
8081,-590.27,4.9623,4.99,42.5,51.8
8082,-594.17,5.6343,4.69,36.1,51.3
8083,-594.17,4.1611,4.93,41.0,51.1
8084,-594.17,2.6628,4.8,38.6,51.0
8085,-590.27,8.8344,4.78,39.1,51.0
8086,-594.17,1.6902,4.92,42.0,53.1
8087,-595.82,1.2827,4.59,34.8,51.7
8088,-590.27,9.3424,4.75,37.5,51.2
8089,-609.26,21.7877,4.71,38.5,51.0
8090,-594.17,1.1028,4.78,38.0,51.7
8091,-594.0,4.9316,5.1,44.0,52.9
8092,-594.17,0.8327,4.58,36.7,53.2
8093,-591.59,3.2326,4.66,34.0,52.1
8094,-609.26,24.902,4.65,38.7,51.5
8095,-613.45,23.0418,4.64,39.4,51.1
8096,-590.27,16.9445,4.63,37.4,51.2
8097,-609.26,14.8226,4.66,35.5,53.0
8098,-609.26,12.2136,5.24,45.9,53.4
8099,-591.59,13.8076,4.49,35.8,52.5
8100,-590.27,13.2372,4.57,36.0,51.5
8101,-609.26,11.0574,4.67,38.9,51.2
8102,-609.26,10.0641,4.58,37.7,51.2
8103,-609.26,6.371,4.65,37.3,53.3
8104,-609.26,4.5405,4.59,39.5,52.1
8105,-609.26,4.1809,4.58,36.0,51.5
8106,-591.59,27.137,4.95,38.3,51.2
8107,-609.26,2.8329,4.88,41.3,51.1
8108,-590.27,14.8228,4.69,37.9,52.8
8109,-609.26,5.7162,4.85,41.3,52.6
8110,-609.26,4.9366,4.56,35.9,51.8
8111,-590.27,15.3005,4.62,37.0,51.1
8112,-582.63,22.388,4.8,37.7,51.1
8113,-607.45,9.4104,4.77,39.0,52.8
8114,-591.39,15.9464,4.47,36.0,52.5
8115,-612.21,7.3944,4.5,38.9,51.4
8116,-588.0,19.5473,4.78,37.1,51.1
8117,-588.0,16.8155,4.74,36.2,51.1
8118,-592.46,2.166,4.7,39.3,52.1
8119,-608.76,13.1843,5.03,41.2,52.9
8120,-601.55,35.2007,4.76,39.2,51.7
8121,-581.95,20.5639,4.58,38.4,51.3
8122,-590.98,2.3781,4.73,36.3,51.1
8123,-639.14,84.3069,4.73,38.9,51.1
8124,-635.69,70.4916,4.77,37.2,53.0
8125,-607.45,8.5768,4.51,36.6,51.7
8126,-631.45,158.3467,4.66,40.2,51.3
8127,-609.26,7.395,4.64,35.2,51.1
8128,-609.26,6.5711,4.69,36.3,52.9
8129,-609.26,5.2551,4.6,36.2,51.9
8130,-619.67,14.0283,4.66,37.7,51.3
8131,-619.67,9.7631,4.97,43.3,51.2
8132,-618.81,5.8723,4.55,34.8,53.2
8133,-609.53,10.8696,4.57,36.5,51.5
8134,-609.53,7.9366,4.62,39.2,51.2
8135,-616.77,3.6453,4.58,38.3,51.2
8136,-607.94,22.3962,4.63,37.8,51.2
8137,-616.77,4.4288,5.23,44.2,51.2
8138,-595.58,27.1625,4.72,35.8,53.3
8139,-595.58,20.0831,4.68,37.6,51.9
8140,-595.58,14.5392,4.68,37.5,51.4
8141,-595.58,10.88,4.7,37.9,51.2
8142,-595.58,7.8097,5.08,43.7,51.1
8143,-592.67,16.6361,4.58,38.1,52.6
8144,-601.2,8.1344,4.52,37.5,53.4
8145,-601.2,5.5485,4.76,38.3,51.9
8146,-601.2,3.7084,4.58,38.7,51.2
8147,-601.2,2.184,4.67,37.9,51.2
8148,-649.99,110.7633,4.91,40.9,52.7
8149,-594.21,13.4176,4.4,35.6,52.0
8150,-649.99,104.8521,4.51,35.8,51.4
8151,-594.21,14.5439,4.57,37.5,51.2
8152,-592.67,7.1778,4.76,36.5,52.9
8153,-594.21,8.0244,4.68,37.0,52.6
8154,-594.21,5.6818,4.55,40.2,51.4
8155,-649.99,163.1453,4.81,37.3,51.2
8156,-604.46,29.1609,4.89,37.9,52.1
8157,-604.46,21.2517,4.74,37.9,52.8
8158,-606.71,2.445,4.79,36.1,51.8
8159,-594.21,4.8062,4.53,38.2,51.3
8160,-594.21,3.3215,4.63,39.1,51.2
8161,-606.38,16.9476,4.74,36.3,52.7
8162,-605.41,9.0379,4.67,36.4,52.4
8163,-608.89,3.409,4.66,37.3,51.5
8164,-608.89,2.5628,4.77,38.6,51.2
8165,-598.39,5.2609,4.8,40.9,51.8
8166,-608.89,1.7551,4.61,38.5,52.8
8167,-608.89,1.7015,4.7,35.4,52.0
8168,-632.47,30.6373,4.58,39.7,51.4
8169,-608.89,1.8545,4.66,36.9,51.3
8170,-632.47,17.3746,4.66,36.3,53.4
8171,-608.89,5.7945,4.61,39.6,52.0
8172,-608.89,4.5882,4.57,37.1,51.4
8173,-608.89,1.4287,4.77,36.0,51.4
8174,-608.89,0.9786,4.91,37.6,53.5
8175,-632.37,52.033,4.71,37.3,52.1
8176,-608.89,1.6104,4.87,40.9,51.5
8177,-598.39,3.6498,4.63,37.3,51.4
8178,-632.37,37.7396,4.77,36.7,51.3
8179,-598.39,4.6919,4.7,36.8,52.8
8180,-632.37,31.1341,4.68,40.8,52.5
8181,-598.39,4.2304,4.42,36.0,51.7
8182,-598.39,2.7993,4.76,37.0,51.4
8183,-598.39,1.5613,4.79,38.8,51.4
8184,-598.39,1.5314,4.6,37.2,52.8
8185,-632.37,38.8029,5.2,44.2,52.4
8186,-632.37,30.2429,4.67,36.0,51.0
8187,-598.39,3.797,4.59,36.1,50.8
8188,-632.37,20.2832,4.71,36.6,52.7
8189,-632.37,16.9002,4.52,35.0,52.0
8190,-578.84,55.4452,4.58,37.4,51.6
8191,-632.79,13.626,4.93,40.6,51.2
8192,-632.79,10.4954,4.65,35.9,51.2
8193,-607.46,11.4785,4.76,37.1,51.0
8194,-607.46,8.7203,4.77,37.2,50.9
8195,-615.28,44.0883,4.74,37.5,51.0
8196,-618.47,28.1964,4.99,41.2,51.7
8197,-621.87,13.8912,4.68,37.0,52.3
8198,-607.46,6.8875,4.75,36.3,52.8
8199,-610.53,7.229,4.61,37.5,52.0
8200,-610.53,5.0281,4.72,36.1,51.3
8201,-649.85,62.1197,4.81,41.1,51.2
8202,-610.53,5.5141,4.75,38.8,51.4
8203,-649.85,48.1301,4.75,37.1,51.7
8204,-649.85,38.6582,4.8,39.8,52.4
8205,-592.02,64.6579,4.65,37.9,53.1
8206,-649.85,25.3521,4.74,39.0,53.1
8207,-592.02,74.4027,4.68,39.8,52.3
8208,-649.85,19.5431,4.61,36.8,52.2
8209,-621.87,16.7851,4.53,37.8,51.6
8210,-592.02,61.1879,4.92,39.2,51.5
8211,-649.85,27.3876,4.73,37.9,53.1
8212,-649.85,25.6203,4.71,37.7,52.5
8213,-648.94,22.5512,4.58,39.7,51.8
8214,-592.02,62.9255,4.65,36.3,51.6
8215,-592.02,51.4816,4.48,35.3,54.0
8216,-649.85,33.8191,4.61,35.8,52.2
8217,-651.26,32.9615,4.6,37.0,52.1
8218,-649.85,19.971,4.8,40.2,52.2
8219,-648.94,18.3239,4.65,38.3,51.8
8220,-649.85,10.6594,4.72,37.7,51.6
8221,-621.87,25.7684,4.73,40.9,51.6
8222,-593.75,441.2688,4.7,37.2,51.6
8223,-604.11,62.2775,4.71,36.8,53.5
8224,-582.07,103.8196,4.83,40.7,52.8
8225,-604.11,29.3255,4.77,39.6,52.4
8226,-603.76,16.2094,4.68,40.3,52.4
8227,-596.98,169.9938,4.71,40.2,52.4
8228,-593.75,299.9033,4.61,35.9,51.9
8229,-603.76,8.6067,4.83,39.3,51.6
8230,-603.76,7.8444,4.86,38.9,51.6
8231,-600.6,6.0139,4.56,36.9,53.2
8232,-600.6,3.8814,4.75,39.9,52.3
8233,-592.11,67.3164,4.53,37.4,51.6
8234,-600.6,3.5065,4.58,34.8,52.5
8235,-600.6,3.2154,4.65,36.6,53.2
8236,-609.64,7.9559,4.66,37.6,52.0
8237,-603.37,14.6278,4.63,39.8,51.6
8238,-603.37,10.3634,4.89,42.0,51.6
8239,-610.91,5.4155,4.62,37.7,54.0
8240,-600.6,6.6607,4.68,34.3,52.4
8241,-582.07,46.3133,4.64,37.1,51.8
8242,-609.64,6.1231,4.8,39.4,51.6
8243,-617.63,18.1926,4.67,36.9,53.5
8244,-624.13,10.6826,4.8,41.0,53.2
8245,-633.75,18.5439,4.72,43.1,52.6
8246,-633.75,13.5393,4.58,36.5,52.3
8247,-615.33,12.6148,4.79,38.1,52.5
8248,-626.03,4.9266,4.68,39.4,51.8
8249,-617.65,5.1627,4.8,40.3,51.7
8250,-617.63,3.9685,5.0,41.6,51.7
8251,-617.65,2.3993,4.6,36.6,53.5
8252,-616.32,1.7535,4.59,36.5,54.1
8253,-602.03,12.9671,4.74,38.7,52.7
8254,-624.34,10.0557,4.79,39.9,52.9
8255,-624.34,8.5325,4.72,38.2,51.9
8256,-615.33,0.9996,5.19,43.4,52.4
8257,-624.34,3.1254,4.54,38.5,51.7
8258,-602.03,23.588,4.59,36.0,51.6
8259,-624.34,1.7592,4.69,37.4,51.6
8260,-624.34,1.3387,4.75,38.1,53.6
8261,-624.34,0.8709,4.96,40.0,52.6
8262,-612.34,56.6525,4.81,41.7,51.8
8263,-614.5,4.7409,4.5,35.1,51.6
8264,-614.5,2.5572,4.6,36.7,51.7
8265,-588.11,71.7726,4.7,38.2,53.9
8266,-602.03,10.737,4.51,36.6,52.4
8267,-598.04,20.5719,4.64,36.5,51.9
8268,-600.03,19.7397,4.82,42.7,51.6
8269,-615.63,30.8581,4.58,36.1,53.5
8270,-602.03,5.4493,4.61,35.8,53.1
8271,-597.62,11.1808,4.64,37.7,52.3
8272,-597.62,7.3538,4.84,40.7,51.9
8273,-599.98,5.7903,4.7,39.4,51.7
8274,-613.31,15.6396,4.65,39.4,51.7
8275,-599.98,5.3597,4.61,34.6,53.6
8276,-610.9,15.4685,4.64,36.2,52.2
8277,-607.01,11.6974,4.61,38.2,51.7
8278,-607.01,7.8299,4.71,38.1,51.7
8279,-615.63,7.5239,4.73,38.6,53.5
8280,-582.64,43.9815,4.58,37.9,52.2
8281,-610.46,4.8852,4.6,36.4,51.9
8282,-607.01,4.918,4.82,38.3,51.6
8283,-625.61,77.4738,4.83,39.1,51.5
8284,-591.63,17.5703,4.62,38.5,53.1
8285,-574.78,108.5029,4.52,38.0,52.1
8286,-608.27,6.1334,4.61,41.9,51.7
8287,-620.96,61.7496,4.53,34.9,52.4
8288,-592.83,7.8014,4.84,37.4,53.4
8289,-592.83,5.4057,4.72,38.9,53.5
8290,-610.63,12.9855,4.58,36.6,52.3
8291,-610.63,10.629,4.86,42.6,51.9
8292,-603.6,2.3925,4.58,36.8,51.6
8293,-592.81,9.7536,4.87,36.9,52.3
8294,-592.83,6.0134,4.65,36.5,53.2
8295,-592.81,2.2258,4.7,37.2,52.1
8296,-610.63,20.136,4.67,39.4,51.6
8297,-610.63,17.8163,4.59,36.6,51.6
8298,-610.63,10.6206,4.66,37.9,53.4
8299,-629.08,31.8166,4.51,36.7,52.2
8300,-610.63,6.0133,4.57,38.2,51.7
8301,-627.45,17.9625,4.81,42.7,51.6
8302,-610.63,5.5261,4.44,35.0,53.6
8303,-604.63,70.3749,4.59,37.6,52.5
8304,-581.17,51.1822,4.73,38.5,52.0
8305,-601.79,10.043,4.65,38.2,51.6
8306,-601.79,8.0294,4.67,39.9,52.5
8307,-610.63,9.8441,4.63,35.9,53.5
8308,-610.63,5.0745,4.63,36.0,52.5
8309,-599.98,7.5975,4.75,39.9,51.8
8310,-581.83,80.595,4.85,39.3,51.7
8311,-599.98,6.5889,4.79,40.1,52.1
8312,-625.61,50.6783,4.59,35.9,52.7
8313,-613.43,43.6798,4.71,36.9,51.9
8314,-614.8,35.7474,4.84,40.7,51.6
8315,-604.63,12.7443,4.68,37.2,51.7
8316,-597.54,9.722,4.57,37.3,53.6
8317,-597.54,8.0994,4.62,39.4,52.4
8318,-597.54,4.5643,4.57,38.8,51.8
8319,-616.27,18.0552,4.52,36.9,51.6
8320,-616.27,13.3928,4.74,37.9,53.1
8321,-616.27,4.9929,4.73,39.0,52.8
8322,-624.8,8.7627,4.68,38.4,51.9
8323,-616.27,4.8833,5.15,43.0,51.7
8324,-624.8,3.3546,4.62,37.9,51.6
8325,-627.08,9.3977,4.63,35.0,53.1
8326,-598.88,55.2666,4.72,37.5,52.0
8327,-598.88,43.9164,4.7,37.9,51.4
8328,-598.88,28.8712,5.09,41.6,51.3
8329,-625.64,39.3513,4.58,36.8,51.2
8330,-625.64,38.2512,4.53,35.3,51.1
8331,-625.64,23.7056,4.59,37.0,53.0
8332,-598.88,23.3955,4.58,38.2,53.2
8333,-625.64,9.2758,4.84,39.4,52.9
8334,-622.06,7.4586,4.46,38.3,52.5
8335,-621.81,2.1184,4.52,34.5,52.0
8336,-599.67,38.4056,4.59,35.4,51.5
8337,-637.25,33.1557,4.65,38.0,51.3
8338,-621.81,2.3654,4.78,39.1,51.2
8339,-637.25,23.5801,4.54,35.9,51.8
8340,-625.64,6.219,4.64,41.9,51.6
8341,-621.81,3.8803,4.79,37.3,52.4
8342,-637.25,18.511,4.83,39.2,51.8
8343,-621.81,2.9879,4.76,39.3,52.0
8344,-588.54,60.0251,4.69,38.8,52.2
8345,-619.37,55.7617,4.66,39.3,52.9
8346,-587.87,37.0769,4.68,35.9,52.1
8347,-637.25,47.361,4.76,38.0,51.7
8348,-637.25,44.8921,4.58,37.3,51.7
8349,-623.03,15.5832,4.67,36.6,53.9
8350,-623.03,8.0189,4.62,41.2,53.7
8351,-637.25,12.6998,4.45,35.6,52.6
8352,-637.25,10.7534,4.65,37.0,52.0
8353,-637.25,9.0652,4.7,39.0,51.8
8354,-637.25,6.8926,4.69,37.4,52.6
8355,-623.03,15.8145,5.0,42.6,53.7
8356,-639.55,7.3939,4.5,37.0,52.4
8357,-639.55,6.8273,4.78,36.4,51.9
8358,-639.55,4.4569,4.78,39.0,51.7
8359,-623.03,18.3158,4.65,36.0,53.7
8360,-623.03,15.8898,4.54,38.9,52.6
8361,-623.03,10.2434,4.57,36.2,52.0
8362,-623.03,6.4392,4.81,38.4,51.7
8363,-616.79,1.9761,4.8,36.6,51.8
8364,-639.55,21.6476,4.7,36.8,53.6
8365,-616.79,1.5287,4.42,37.5,52.5
8366,-623.03,3.6246,4.58,36.9,51.9
8367,-618.67,7.7303,4.71,36.7,51.9
8368,-599.56,17.9349,4.74,39.3,53.7
8369,-616.79,1.3322,4.56,36.1,53.1
8370,-593.7,24.9417,4.58,40.4,52.2
8371,-593.7,17.1012,4.51,37.1,51.8
8372,-593.7,10.4973,4.58,35.3,52.6
8373,-624.25,48.6633,4.52,37.0,53.1
8374,-608.09,43.1493,4.68,38.1,53.1
8375,-608.09,35.6096,4.63,37.3,53.1
8376,-585.26,21.2764,4.61,39.9,52.2
8377,-585.26,19.0665,4.66,35.9,51.9
8378,-614.17,45.4735,5.76,35.9,51.9
8379,-608.09,25.9544,4.98,39.9,52.8
8380,-585.26,18.3981,4.61,37.6,53.6
8381,-616.67,25.2502,4.5,34.2,52.7
8382,-608.09,21.0326,4.64,38.3,52.3
8383,-608.09,18.5448,4.76,38.8,52.2
8384,-608.09,14.8567,5.15,44.2,52.5
8385,-616.67,24.0794,4.68,37.1,52.0
8386,-585.26,36.2603,4.8,37.7,52.0
8387,-608.09,10.7292,4.77,36.7,54.2
8388,-608.09,9.3051,4.61,38.2,54.1
8389,-616.67,28.6103,4.54,39.1,53.4
8390,-616.67,23.2264,4.47,35.7,52.5
8391,-615.36,15.9747,4.71,39.2,52.3
8392,-615.36,13.1064,4.65,40.5,52.0
8393,-587.98,58.7886,4.66,37.4,52.0
8394,-587.98,47.3175,4.57,39.5,52.0
8395,-587.98,31.9678,4.64,35.0,54.1
8396,-615.36,18.8294,4.53,36.0,52.7
8397,-615.36,19.2876,4.74,35.6,52.2
8398,-615.36,13.4381,4.86,39.1,52.0
8399,-615.36,7.6453,4.58,36.9,54.0
8400,-615.36,5.4023,4.54,36.4,52.8
8401,-615.36,4.016,4.6,39.9,52.2
8402,-612.92,17.1138,4.58,36.8,52.0
8403,-615.36,1.9877,4.84,37.7,52.0
8404,-615.36,2.424,4.82,40.7,52.1
8405,-587.98,42.6633,4.67,38.1,53.9
8406,-610.26,408.674,4.76,38.8,52.7
8407,-585.26,29.0959,4.54,36.2,52.8
8408,-585.26,20.5933,4.6,37.3,52.1
8409,-617.87,27.8171,4.73,38.9,52.0
8410,-610.26,48.3901,4.67,38.5,54.3
8411,-608.09,36.4496,4.69,37.6,53.0
8412,-614.44,32.2795,4.58,40.9,53.0
8413,-598.32,13.1956,4.7,34.7,52.2
8414,-614.37,13.0578,4.74,38.5,52.0
8415,-607.34,22.7369,4.74,37.8,53.8
8416,-585.26,32.0412,4.87,40.0,53.5
8417,-608.09,17.9666,4.53,37.1,52.6
8418,-608.09,16.3585,4.64,37.3,52.1
8419,-585.26,24.4787,4.67,36.6,52.0
8420,-585.26,20.5842,4.72,38.2,54.1
8421,-608.09,17.9045,4.47,37.3,52.7
8422,-608.09,16.5913,4.65,40.3,52.1
8423,-616.67,25.291,4.51,37.1,52.0
8424,-585.26,20.4987,4.85,36.2,53.9
8425,-616.67,16.86,4.76,38.4,53.4
8426,-585.26,24.2489,4.76,39.0,53.6
8427,-624.25,28.5668,4.73,40.6,53.2
8428,-616.67,12.2219,4.57,37.5,52.4
8429,-639.55,21.4809,4.82,38.8,52.0
8430,-618.67,6.738,4.67,37.8,52.0
8431,-616.67,10.0767,4.68,37.9,53.5
8432,-574.2,103.7778,4.82,41.7,53.4
8433,-575.14,76.4659,4.54,35.4,52.3
8434,-618.67,12.6056,4.63,36.6,52.0
8435,-575.14,46.6691,4.72,38.8,52.1
8436,-593.7,12.35,4.86,36.8,53.6
8437,-618.67,25.5069,4.78,40.6,52.6
8438,-598.17,93.6767,4.57,39.4,52.0
8439,-598.17,87.8067,4.6,36.0,52.0
8440,-639.55,48.8542,4.74,37.6,53.9
8441,-623.58,27.2593,4.74,37.7,52.9
8442,-637.72,22.8496,4.77,39.9,52.1
8443,-637.66,13.1035,4.56,37.8,52.0
8444,-623.58,14.9385,4.43,35.7,53.5
8445,-645.96,10.1466,4.78,37.8,52.6
8446,-589.21,82.7809,4.71,38.0,52.2
8447,-589.38,70.1407,4.58,37.6,52.0
8448,-598.73,20.6432,4.87,41.2,52.8
8449,-613.44,6.2355,4.57,34.2,53.3
8450,-589.38,22.0727,4.69,37.5,52.4
8451,-614.58,14.5935,4.87,40.8,52.1
8452,-650.06,63.5357,4.57,37.0,51.9
8453,-589.38,15.5783,4.72,39.2,53.5
8454,-617.03,3.3336,4.57,35.9,52.6
8455,-616.15,4.8264,4.65,36.6,52.0
8456,-617.03,1.6304,4.72,38.2,52.9
8457,-607.42,14.3043,4.6,36.9,53.1
8458,-582.31,64.7801,4.59,40.1,52.2
8459,-582.31,44.1321,4.8,36.2,52.0
8460,-584.73,31.9715,4.79,36.7,52.6
8461,-615.21,95.4652,4.86,37.7,53.9
8462,-615.21,79.7604,4.78,39.0,52.7
8463,-617.03,9.789,4.52,38.7,51.5
8464,-583.38,48.7678,4.77,35.8,51.5
8465,-594.6,11.7052,4.63,36.4,53.7
8466,-610.59,4.9864,4.82,37.8,52.6
8467,-591.05,16.3027,4.78,38.5,52.3
8468,-610.09,14.6916,4.56,38.2,51.8
8469,-617.03,11.1758,4.73,35.2,51.6
8470,-607.42,9.0977,4.69,38.4,51.5
8471,-610.09,7.9461,4.79,37.6,51.5
8472,-610.09,6.8892,4.92,40.3,52.0
8473,-607.42,5.9726,4.76,36.1,53.3
8474,-613.96,6.0568,4.73,36.9,53.7
8475,-623.58,31.0892,4.9,40.3,53.1
8476,-641.34,30.4488,4.77,36.8,52.4
8477,-586.77,41.2155,4.46,38.6,51.9
8478,-586.77,34.6978,4.6,36.5,52.2
8479,-604.37,18.6103,4.69,36.3,52.2
8480,-599.46,11.1769,4.74,38.9,52.0
8481,-595.59,6.2581,4.77,37.0,52.0
8482,-629.49,50.9868,4.81,42.6,54.3
8483,-629.41,43.5443,4.55,36.1,54.1
8484,-592.04,12.6389,4.69,36.3,52.6
8485,-607.09,7.6703,4.71,37.2,52.1
8486,-594.92,6.4993,4.74,37.1,51.9
8487,-613.72,17.3673,4.67,40.5,53.5
8488,-592.39,18.5388,4.53,34.9,53.4
8489,-582.98,23.9082,4.53,36.4,52.5
8490,-582.92,14.4354,4.77,39.2,52.1
8491,-594.62,3.2593,5.02,40.8,51.9
8492,-612.23,97.613,4.6,38.2,52.0
8493,-604.68,14.8182,4.71,36.2,53.6
8494,-610.59,16.7141,4.58,36.7,52.8
8495,-619.35,15.1752,4.5,36.7,52.3
8496,-607.42,7.2325,4.82,39.9,52.0
8497,-619.35,8.6727,4.64,41.1,51.9
8498,-619.35,7.2011,4.51,35.4,53.5
8499,-607.42,8.3609,4.88,40.2,53.8
8500,-619.35,4.676,4.62,38.3,53.8
8501,-619.35,4.1703,4.48,35.8,52.7
8502,-650.06,35.3537,4.65,40.1,52.1
8503,-617.03,5.0883,4.6,36.1,52.0
8504,-619.35,1.9229,4.47,34.7,54.0
8505,-619.35,1.1828,4.64,40.4,53.9
8506,-619.35,0.792,4.49,36.7,52.7
8507,-650.06,26.9524,4.6,36.5,52.1
8508,-619.35,0.6622,4.62,39.8,52.0
8509,-607.42,17.9363,4.5,33.6,53.6
8510,-619.35,0.2825,4.54,36.5,52.3
8511,-619.35,0.3998,4.64,39.0,52.0
8512,-607.42,11.8188,4.58,37.3,53.7
8513,-632.69,20.9553,5.12,41.2,54.0
8514,-634.6,49.371,4.5,36.8,53.3
8515,-619.35,1.001,4.75,38.2,53.3
8516,-650.06,22.474,4.84,40.9,53.5
8517,-650.06,13.13,4.7,38.9,53.0
8518,-596.66,72.6786,5.03,40.8,52.3
8519,-613.72,20.2091,4.62,36.8,52.0
8520,-598.13,90.795,4.79,36.1,53.0
8521,-650.06,17.6646,4.71,37.8,53.9
8522,-602.99,18.0987,4.81,40.0,53.0
8523,-632.69,20.7196,4.86,42.4,52.3
8524,-632.69,17.7741,4.46,36.8,52.0
8525,-650.06,16.3255,4.58,34.4,54.0
8526,-632.69,6.296,4.52,37.3,53.5
8527,-650.06,10.5826,4.71,39.0,53.4
8528,-650.06,9.3144,4.57,37.6,52.5
8529,-617.03,28.8388,4.65,40.6,52.1
8530,-582.98,118.141,4.68,36.1,52.0
8531,-650.06,7.6321,4.98,40.1,52.1
8532,-632.69,8.1255,4.83,37.6,52.0
8533,-610.59,15.5319,4.86,43.1,52.0
8534,-619.35,2.4977,4.51,37.2,52.1
8535,-650.06,20.8138,4.75,38.4,52.7
8536,-618.4,20.0388,4.74,37.9,53.9
8537,-617.03,2.0696,4.65,38.4,53.8
8538,-632.69,13.4914,4.71,39.4,53.7
8539,-650.06,29.6273,4.54,37.1,53.5
8540,-607.42,16.2336,4.61,37.7,52.5
8541,-619.35,1.8257,4.77,39.9,52.6
8542,-618.4,15.4276,4.64,38.6,52.5
8543,-607.42,9.4969,4.88,41.7,52.2
8544,-619.35,7.4077,4.62,34.6,52.1
8545,-619.35,6.9654,4.84,39.5,54.3
8546,-607.42,7.5463,4.76,37.6,52.9
8547,-619.35,2.4373,4.55,38.8,52.7
8548,-650.06,25.425,4.65,41.5,52.2
8549,-607.42,16.5098,4.68,36.6,52.2
8550,-632.69,7.9825,4.69,36.0,53.6
8551,-619.35,3.9273,4.64,39.5,54.4
8552,-650.06,13.9838,4.67,37.2,52.9
8553,-607.42,19.9921,4.6,40.4,52.3
8554,-650.06,13.249,4.59,35.6,52.2
8555,-618.4,26.025,4.82,37.2,52.8
8556,-632.69,5.3001,4.71,38.2,53.8
8557,-607.42,16.6855,4.52,36.4,52.9
8558,-618.4,18.5302,4.76,41.5,52.4
8559,-632.69,7.633,4.65,35.3,52.3
8560,-650.06,22.1048,4.63,35.3,53.7
8561,-619.35,4.8502,4.73,39.6,53.0
8562,-650.06,13.464,4.64,37.4,52.4
8563,-650.06,8.5309,4.82,41.6,52.4
8564,-619.35,11.766,4.56,36.1,54.7
8565,-650.06,3.9993,4.83,38.3,54.6
8566,-619.35,12.7971,4.61,36.6,53.2
8567,-617.03,17.6015,4.65,36.8,52.5
8568,-650.06,10.532,4.71,41.6,52.4
8569,-607.42,18.4064,4.62,35.6,54.5
8570,-619.35,1.4203,4.65,37.6,53.4
8571,-619.35,1.3206,4.63,39.9,52.7
8572,-623.3,2.8849,4.6,37.2,52.4
8573,-618.4,18.5443,4.84,39.0,53.8
8574,-615.42,15.2584,4.63,36.6,53.8
8575,-618.4,15.9481,4.71,36.2,52.9
8576,-632.69,17.5278,4.66,38.3,52.6
8577,-606.45,19.0581,4.87,38.4,53.4
8578,-632.69,12.4445,4.9,39.2,54.0
8579,-630.67,14.7763,4.52,36.1,53.0
8580,-650.06,19.0255,4.79,37.0,52.7
8581,-650.06,12.8078,4.85,41.1,52.6
8582,-630.67,17.8606,4.87,38.8,53.2
8583,-650.06,6.8571,4.85,40.2,54.0
8584,-650.06,5.3367,4.57,33.9,53.3
8585,-650.06,3.5846,4.74,38.7,52.7
8586,-630.67,22.2125,4.78,38.2,52.6
8587,-609.44,50.1951,4.97,42.7,54.3
8588,-632.69,6.6859,4.51,35.7,53.9
8589,-608.41,25.0023,4.59,35.7,53.0
8590,-650.06,24.2757,4.68,38.7,52.7
8591,-619.35,1.7949,4.9,39.6,53.4
8592,-620.14,21.9835,5.09,41.4,54.6
8593,-650.06,15.5339,4.67,36.7,53.7
8594,-619.35,3.7471,4.67,37.7,53.0
8595,-619.35,2.67,4.73,38.3,52.7
8596,-630.67,13.3152,4.79,35.6,54.3
8597,-608.41,21.854,4.69,37.3,54.1
8598,-619.35,1.4105,4.66,39.1,53.3
8599,-594.73,32.1448,4.62,37.9,52.8
8600,-607.42,11.6323,4.82,35.9,52.7
8601,-619.35,6.9327,4.77,38.7,54.5
8602,-619.35,4.6532,4.55,35.3,53.3
8603,-607.42,9.9399,4.76,38.8,52.6
8604,-617.03,2.0797,4.57,37.1,52.4
8605,-619.35,1.9685,4.78,36.8,52.3
8606,-619.35,1.2816,4.8,39.1,52.2
8607,-632.69,8.1188,4.84,37.3,52.7
8608,-640.24,9.2252,4.81,38.9,54.1
8609,-619.35,11.0076,4.57,36.7,54.3
8610,-640.24,3.4753,4.64,35.2,53.9
8611,-650.06,8.373,4.49,36.4,53.4
8612,-615.42,47.8905,4.72,36.9,53.0
8613,-623.3,11.2422,4.74,36.6,52.5
8614,-607.42,23.4411,4.57,40.1,52.3
8615,-632.69,11.8541,4.5,34.6,53.1
8616,-594.73,29.7731,4.76,39.0,52.7
8617,-619.35,5.4307,4.89,40.5,54.1
8618,-607.42,9.2692,4.64,39.0,54.5
8619,-650.06,44.0651,5.06,43.1,54.1
8620,-619.35,2.631,4.48,34.7,52.9
8621,-613.44,3.8825,4.82,39.1,52.6
8622,-619.35,1.4948,4.75,37.7,54.4
8623,-619.35,1.0777,4.6,37.1,54.1
8624,-613.44,2.3078,4.66,41.8,54.1
8625,-613.44,1.7042,4.48,37.9,53.0
8626,-650.06,32.2426,4.45,36.9,52.7
8627,-591.59,54.1529,4.81,37.5,52.7
8628,-650.06,29.8014,4.62,39.9,53.1
8629,-650.06,22.827,4.73,33.9,54.1
8630,-607.42,17.3103,4.56,28.7,54.1
8631,-632.69,5.4982,4.75,23.1,53.4
8632,-619.35,3.4376,4.61,23.1,53.1
8633,-619.35,2.0748,4.74,24.0,53.1
8634,-650.06,19.2431,4.73,22.7,53.1
8635,-650.06,16.361,4.85,24.4,53.1
8636,-619.35,2.4659,4.61,23.7,53.1
8637,-607.42,18.8086,4.76,24.1,53.1
8638,-650.06,15.6896,4.7,21.6,55.2
8639,-607.42,13.6182,4.62,22.6,54.3
8640,-619.35,0.864,4.73,24.1,54.4
8641,-619.35,0.8897,4.66,23.5,53.4
8642,-650.06,17.7448,4.79,24.5,53.7
8643,-617.03,8.0582,4.73,23.7,53.6
8644,-650.06,9.5482,4.7,23.7,53.1
8645,-607.42,22.961,4.82,23.7,53.1
8646,-650.06,6.8135,4.64,21.9,54.6
8647,-607.42,24.0149,4.81,23.5,54.5
8648,-608.41,31.27,4.55,22.5,53.8
8649,-630.67,19.4591,4.7,23.7,53.2
8650,-619.35,0.8742,4.79,23.9,53.1
8651,-632.69,9.1767,4.71,22.3,53.1
8652,-650.06,13.229,4.7,22.7,55.0
8653,-624.6,15.4138,4.75,22.2,53.9
8654,-632.69,3.2121,4.73,25.1,54.0
8655,-594.73,69.8773,4.71,23.4,54.1
8656,-591.59,68.3137,4.72,23.1,54.0
8657,-606.8,8.4904,4.73,23.3,53.3
8658,-592.22,55.2755,4.61,23.1,53.1
8659,-594.73,19.4318,4.77,22.3,53.8
8660,-613.44,17.9148,4.65,23.3,55.5
8661,-594.73,11.4314,4.65,21.7,54.2
8662,-585.79,46.1963,4.74,23.8,54.3
8663,-607.42,7.62,4.66,22.3,53.4
8664,-594.73,9.1673,4.81,24.5,53.1
8665,-607.42,3.835,4.81,23.1,53.1
8666,-617.03,10.2865,4.71,23.5,55.3
8667,-619.35,5.6899,4.59,22.5,54.5
8668,-613.44,2.8481,4.64,22.8,53.7
8669,-607.42,7.8794,4.58,23.5,53.2
8670,-607.42,6.0408,4.88,22.5,53.1
8671,-619.35,5.7925,4.63,21.9,55.3
8672,-640.24,33.7886,4.71,23.0,54.4
8673,-619.35,3.0585,4.67,23.1,53.5
8674,-640.24,16.2089,4.76,23.7,53.5
8675,-650.06,10.8946,4.75,24.5,53.1
8676,-613.44,16.9057,4.71,23.4,53.1
8677,-619.35,13.4036,4.66,23.4,54.7
8678,-640.24,6.7972,4.72,23.2,54.9
8679,-594.73,58.6034,4.77,21.7,53.7
8680,-640.24,9.613,4.72,24.3,53.2
8681,-632.69,4.6034,4.83,22.6,53.1
8682,-613.44,6.15,4.86,22.8,54.8
8683,-594.73,48.96,4.88,22.0,54.1
8684,-607.42,13.286,4.66,23.0,53.4
8685,-592.63,25.5034,4.64,22.8,53.1
8686,-632.69,33.6064,4.79,22.1,53.6
8687,-613.91,26.9627,4.69,22.6,55.2
8688,-613.91,20.565,4.82,22.5,53.9
8689,-601.55,11.5537,4.79,23.5,53.3
8690,-586.67,42.7201,4.63,23.4,53.1
8691,-613.91,14.35,4.78,23.3,53.1
8692,-601.55,7.577,4.81,24.9,53.1
8693,-586.67,29.187,4.71,22.2,53.7
8694,-586.67,23.0097,4.62,22.6,54.6
8695,-586.67,17.6787,4.75,22.3,53.5
8696,-615.63,54.6035,4.76,23.6,53.2
8697,-601.55,13.8801,4.68,22.6,53.1
8698,-601.55,9.6044,4.68,22.5,54.9
8699,-586.67,17.7754,4.72,23.5,54.7
8700,-586.67,15.5473,4.8,22.8,53.6
8701,-586.67,11.4434,4.74,24.3,53.3
8702,-601.55,12.9815,4.69,23.0,53.2
8703,-601.55,11.9224,4.68,21.8,54.0
8704,-601.55,7.9956,4.62,22.1,54.6
8705,-600.04,8.8496,4.63,22.7,53.6
8706,-601.55,5.4784,4.79,23.9,53.3
8707,-601.55,4.1742,4.66,22.7,53.2
8708,-586.67,20.6749,4.82,22.4,54.1
8709,-605.7,25.5757,4.73,21.8,55.1
8710,-582.39,6.0911,4.64,22.9,53.8
8711,-600.04,15.7766,4.7,23.6,53.4
8712,-586.67,12.8633,4.75,24.1,53.2
8713,-586.67,9.7666,4.8,23.8,53.8
8714,-599.41,18.8011,4.86,22.0,54.8
8715,-601.55,13.4865,4.69,22.0,53.8
8716,-600.04,7.411,4.69,24.0,53.4
8717,-601.55,10.1359,4.65,23.0,53.2
8718,-597.62,9.0375,4.79,23.2,53.3
8719,-586.67,15.3493,4.69,22.4,55.2
8720,-615.63,27.2327,4.65,22.2,54.0
8721,-600.04,8.6738,4.7,22.1,53.5
8722,-582.39,12.7356,4.67,23.1,53.2
8723,-599.41,13.8803,4.74,22.4,53.7
8724,-586.67,10.7158,4.74,22.6,54.7
8725,-582.39,4.3801,4.69,23.3,53.9
8726,-599.41,15.941,4.75,23.8,53.3
8727,-615.63,61.137,4.75,21.6,53.2
8728,-597.62,9.2463,4.69,22.6,55.4
8729,-599.41,9.6023,4.83,22.4,54.4
8730,-600.04,6.5339,4.75,22.5,53.5
8731,-597.62,5.9291,4.74,23.5,53.2
8732,-582.39,13.5177,4.84,22.5,53.2
8733,-599.41,7.523,4.73,21.7,55.1
8734,-597.62,4.4438,4.69,23.9,54.3
8735,-597.62,3.3697,4.73,23.5,53.5
8736,-599.41,6.347,4.73,24.7,53.2
8737,-599.41,5.87,4.72,22.0,53.4
8738,-606.8,5.1517,4.67,21.2,54.6
8739,-581.43,20.4911,4.57,20.9,53.4
8740,-610.77,12.8379,4.79,22.3,53.2
8741,-606.11,9.0983,4.87,22.7,53.0
8742,-605.24,6.8613,4.87,22.7,52.9
8743,-605.24,4.751,4.77,22.9,52.9
8744,-591.59,10.2657,4.92,22.6,52.9
8745,-606.11,5.2232,4.81,23.2,52.7
8746,-627.69,44.5229,4.86,23.5,52.8
8747,-576.81,58.9449,4.68,23.3,52.7
8748,-591.63,48.7897,4.77,22.6,53.2
8749,-591.59,6.0832,4.74,22.0,55.0
8750,-607.35,11.224,4.61,21.6,54.2
8751,-590.5,4.0442,4.58,22.3,54.2
8752,-607.35,4.4735,4.69,23.9,54.8
8753,-606.11,10.8154,4.69,23.3,54.1
8754,-576.81,62.338,4.76,23.4,53.5
8755,-606.11,5.9046,4.67,23.5,53.3
8756,-606.11,4.6821,4.81,23.2,53.3
8757,-591.59,9.1614,4.7,24.2,53.4
8758,-606.11,4.5088,4.83,24.4,53.2
8759,-605.24,3.6929,4.75,22.4,54.1
8760,-605.24,2.7605,4.61,23.0,54.8
8761,-591.59,10.1069,4.72,22.2,53.7
8762,-599.41,3.2661,4.79,23.1,53.4
8763,-605.24,5.3844,4.87,23.0,53.3
8764,-599.81,2.1152,4.73,21.9,54.1
8765,-597.62,10.4907,4.62,22.4,54.7
8766,-597.62,7.4601,4.71,23.1,54.5
8767,-607.01,30.5495,4.73,22.7,53.7
8768,-616.03,40.0974,4.69,22.9,53.3
8769,-610.9,20.4492,4.84,24.4,53.3
8770,-616.03,23.3909,4.7,24.1,53.3
8771,-581.43,56.1012,4.75,22.3,54.1
8772,-607.54,59.2057,4.81,24.0,54.1
8773,-599.81,37.943,4.8,23.8,53.3
8774,-580.7,23.9274,4.7,23.4,53.2
8775,-606.11,25.0884,4.68,21.9,54.9
8776,-599.81,11.4038,4.78,22.8,53.7
8777,-598.07,4.4151,4.81,23.7,53.4
8778,-597.62,3.9347,4.73,22.3,53.4
8779,-616.47,28.7538,4.71,23.2,54.8
8780,-616.47,22.0897,4.76,22.0,54.9
8781,-614.74,379.1871,4.74,24.0,54.1
8782,-616.1,86.8949,4.78,24.0,53.6
8783,-614.74,8.4895,4.75,24.7,53.3
8784,-597.62,15.5542,4.85,22.3,53.4
8785,-613.01,345.0786,4.61,21.9,55.6
8786,-597.62,5.1512,4.77,23.4,54.8
8787,-613.01,163.2522,4.62,23.4,54.6
8788,-615.63,24.9068,4.73,22.2,53.8
8789,-615.63,17.8453,4.78,24.4,53.5
8790,-611.76,9.4402,4.68,22.1,53.4
8791,-597.62,14.6924,4.65,21.7,55.7
8792,-614.74,10.4197,4.82,22.8,54.4
8793,-579.98,24.2548,4.62,24.8,53.8
8794,-615.63,21.6195,4.82,22.3,53.7
8795,-615.63,21.3292,4.7,24.4,53.5
8796,-611.76,20.9067,4.71,21.7,55.4
8797,-612.88,11.2084,4.6,21.9,54.7
8798,-607.01,16.7003,4.74,22.6,53.9
8799,-605.24,19.2809,4.69,23.5,53.5
8800,-605.24,14.9864,4.87,22.8,53.4
8801,-605.24,11.0027,4.61,22.1,54.9
8802,-579.98,25.4553,4.8,23.3,55.3
8803,-590.5,4.3564,4.72,22.4,54.3
8804,-605.24,16.0681,4.77,23.6,53.7
8805,-597.62,7.4464,4.69,23.3,53.5
8806,-599.41,3.9088,4.68,22.4,54.3
8807,-599.41,3.5336,4.73,22.9,55.3
8808,-607.35,2.8028,4.69,23.7,55.0
8809,-599.41,3.9822,4.64,22.1,54.0
8810,-606.11,5.8584,4.87,24.4,54.2
8811,-591.59,5.7691,4.72,23.4,53.6
8812,-606.11,5.9232,4.68,23.5,53.4
8813,-591.59,4.3035,4.64,22.3,54.3
8814,-606.11,5.3884,4.66,22.5,54.9
8815,-582.2,24.4993,4.77,22.7,54.2
8816,-606.11,6.0537,4.78,24.0,53.6
8817,-591.59,3.0767,4.77,23.4,53.4
8818,-607.35,5.8596,4.71,24.6,53.4
8819,-606.11,4.6717,4.71,22.7,53.4
8820,-591.59,6.2897,4.78,22.1,55.2
8821,-591.59,4.5999,4.56,22.5,54.0
8822,-607.35,4.6199,4.57,23.7,53.6
8823,-606.11,5.586,4.84,23.0,53.5
8824,-580.7,24.2471,4.87,23.2,53.5
8825,-571.88,36.6705,4.68,21.1,55.1
8826,-605.24,9.7879,4.63,23.1,54.7
8827,-598.07,6.5518,4.75,22.0,53.9
8828,-582.39,3.6327,4.72,25.1,53.5
8829,-582.39,2.1911,4.78,23.6,53.4
8830,-597.62,5.9277,4.82,22.7,55.2
8831,-579.98,5.2449,4.73,22.6,54.6
8832,-615.69,48.9613,4.65,22.9,53.7
8833,-615.69,38.0837,4.79,23.0,53.4
8834,-608.18,11.2175,4.7,23.3,54.3
8835,-625.28,26.0018,4.62,21.4,54.8
8836,-608.18,6.0117,4.73,22.8,54.0
8837,-609.19,6.0646,4.67,23.0,53.6
8838,-571.88,81.1201,4.69,22.4,53.5
8839,-609.19,2.3019,4.66,20.9,54.9
8840,-571.88,43.696,4.63,23.8,53.9
8841,-587.64,8.8399,4.77,24.3,53.4
8842,-609.19,16.5304,4.72,23.4,53.4
8843,-582.2,11.2138,4.72,21.8,54.9
8844,-609.19,20.9013,4.73,22.5,55.0
8845,-571.88,14.0434,4.79,21.9,54.0
8846,-609.19,18.7547,4.76,24.1,53.6
8847,-609.19,13.2993,4.83,23.3,53.4
8848,-609.54,7.8286,4.76,22.4,55.3
8849,-571.88,43.4129,4.68,20.9,54.4
8850,-571.88,41.3312,4.73,22.7,53.7
8851,-609.54,5.5269,4.75,23.2,53.4
8852,-609.54,5.0915,4.73,22.7,54.0
8853,-592.82,7.4852,4.79,22.2,55.2
8854,-592.82,4.8928,4.78,24.2,54.0
8855,-609.54,6.8095,4.68,22.7,53.6
8856,-609.54,6.137,4.65,22.4,53.5
8857,-609.54,3.8382,4.83,21.8,55.7
8858,-592.82,9.0534,4.72,22.1,54.6
8859,-609.54,1.774,4.69,22.7,53.8
8860,-610.77,9.3413,4.74,23.8,53.5
8861,-609.54,1.1203,4.63,22.6,53.4
8862,-571.88,46.6407,4.76,22.2,55.2
8863,-591.59,10.8279,4.78,22.4,54.9
8864,-591.59,7.8523,4.66,23.7,54.0
8865,-606.11,12.5199,4.82,23.2,53.6
8866,-606.11,9.3389,4.63,23.5,53.4
8867,-607.86,7.9762,4.74,22.0,55.8
8868,-611.23,17.1933,4.62,22.4,54.6
8869,-610.77,4.4772,4.8,23.0,53.8
8870,-609.07,3.4146,4.85,24.5,53.5
8871,-571.88,51.7299,4.98,23.7,53.4
8872,-592.82,6.6162,4.76,21.9,54.8
8873,-592.82,4.0971,4.66,22.6,53.8
8874,-570.8,15.0476,4.7,21.7,53.3
8875,-608.31,28.3225,4.83,23.7,53.1
8876,-592.82,3.6312,4.93,23.0,53.0
8877,-608.31,13.6479,4.73,22.7,52.9
8878,-571.88,26.491,4.69,22.3,53.8
8879,-608.31,5.4785,4.77,21.9,54.5
8880,-592.82,5.4844,4.74,21.5,55.2
8881,-591.4,4.1932,4.85,22.8,54.9
8882,-599.01,3.4929,4.75,22.5,54.6
8883,-591.4,1.026,4.71,22.1,54.2
8884,-609.54,9.4679,4.71,21.4,53.6
8885,-571.88,22.8252,4.76,22.6,53.3
8886,-590.5,5.2141,4.83,22.8,53.2
8887,-591.59,4.6685,4.84,24.0,53.7
8888,-591.59,3.0,4.72,23.5,54.2
8889,-591.59,1.8247,4.87,24.5,53.5
8890,-591.59,1.2596,4.64,22.4,53.4
8891,-591.59,1.1049,4.69,23.8,53.5
8892,-610.77,18.9677,4.71,23.3,53.6
8893,-598.86,21.3559,4.75,23.9,53.6
8894,-601.55,11.1363,4.72,22.2,55.4
8895,-611.23,14.5157,4.7,22.9,54.0
8896,-599.34,13.9235,4.75,23.0,53.6
8897,-591.59,11.8721,4.74,22.9,53.5
8898,-590.5,8.9233,4.75,23.0,53.5
8899,-610.77,17.9158,4.79,23.6,54.8
8900,-582.39,5.6779,4.83,24.0,54.4
8901,-599.41,10.5528,4.69,24.0,55.9
8902,-586.67,8.2108,4.58,21.6,54.5
8903,-601.55,12.7342,4.71,22.9,54.1
8904,-600.04,8.506,4.69,23.5,53.7
8905,-613.91,7.4144,4.87,23.6,53.6
8906,-601.55,8.4702,4.73,23.0,53.4
8907,-600.04,5.8009,4.79,23.7,53.5
8908,-600.04,4.4304,4.69,23.3,53.5
8909,-613.91,3.4745,4.82,24.0,53.5
8910,-582.39,14.2514,4.64,22.0,55.5
8911,-582.39,8.659,4.73,24.3,55.5
8912,-582.39,3.9801,4.74,21.8,54.2
8913,-590.5,5.7367,4.73,24.6,53.6
8914,-582.39,2.1125,4.67,22.5,53.5
8915,-582.39,1.3545,4.75,23.8,53.6
8916,-594.51,36.9895,4.85,23.5,53.6
8917,-620.81,38.2969,4.65,24.2,53.6
8918,-581.11,11.8632,4.71,23.8,53.6
8919,-613.91,9.5378,4.8,22.1,53.6
8920,-613.91,6.4056,4.72,21.1,55.1
8921,-613.91,4.0334,4.76,22.5,54.2
8922,-613.91,3.2341,4.87,24.7,54.0
8923,-606.5,50.8748,4.83,24.1,53.6
8924,-594.51,38.0055,4.82,22.5,53.5
8925,-584.46,19.8726,4.61,23.4,55.9
8926,-628.48,41.9307,4.62,22.6,55.2
8927,-614.18,19.3566,4.66,22.5,54.3
8928,-614.18,12.4914,4.74,22.9,53.7
8929,-614.18,6.3662,4.74,23.2,53.5
8930,-581.11,35.9865,4.68,21.5,54.9
8931,-581.11,33.2622,4.62,23.1,55.1
8932,-611.26,3.3183,4.67,23.6,55.0
8933,-611.26,2.9547,4.75,23.8,55.1
8934,-611.26,1.9395,4.77,24.5,55.2
8935,-602.03,1.7229,4.74,22.3,54.1
8936,-581.11,18.6939,4.79,23.7,53.7
8937,-586.67,15.9817,4.72,23.7,53.5
8938,-602.03,5.5302,4.79,24.0,53.6
8939,-611.76,14.732,4.69,23.0,54.0
8940,-586.67,10.8977,4.73,24.0,53.6
8941,-600.04,4.5485,4.67,22.4,55.4
8942,-615.63,34.5925,4.75,22.4,54.3
8943,-607.54,56.9438,4.74,23.2,53.8
8944,-615.63,25.3715,4.77,24.0,53.5
8945,-611.76,4.6796,4.78,23.7,53.6
8946,-615.63,18.3238,4.8,23.4,53.6
8947,-615.63,14.3262,4.7,22.4,55.9
8948,-611.76,10.4227,4.78,22.9,55.0
8949,-615.63,8.093,4.7,22.3,54.1
8950,-611.76,13.3081,4.71,24.5,54.2
8951,-615.63,6.4064,4.78,24.1,54.1
8952,-611.76,13.6078,4.8,24.0,54.3
8953,-611.76,11.0925,4.63,24.4,53.7
8954,-611.76,7.7493,4.7,23.1,53.6
8955,-615.63,11.9374,4.69,23.3,53.6
8956,-615.63,11.1392,4.69,23.8,53.6
8957,-611.76,8.1506,4.6,22.3,55.5
8958,-605.81,19.1901,4.64,23.2,54.5
8959,-611.76,7.7836,4.76,23.8,53.7
8960,-607.54,22.7165,4.7,23.6,53.6
8961,-611.76,10.2376,4.75,21.7,55.6
8962,-607.54,15.7469,4.66,22.3,54.6
8963,-615.63,13.8675,4.85,23.2,54.0
8964,-614.5,6.7434,4.74,24.8,53.7
8965,-615.63,9.3475,4.78,22.4,53.6
8966,-615.63,7.7428,4.65,23.1,55.1
8967,-628.57,16.6939,4.61,21.8,54.9
8968,-628.57,13.4342,4.78,22.8,54.1
8969,-610.9,13.3612,4.75,24.3,53.8
8970,-628.57,16.2035,4.71,23.6,53.7
8971,-615.63,5.1375,4.74,23.0,54.2
8972,-628.57,9.5935,4.7,22.8,54.8
8973,-602.03,11.4312,4.53,22.7,54.2
8974,-615.63,4.4333,4.7,23.5,53.8
8975,-602.03,7.7401,4.64,23.1,53.7
8976,-630.33,19.8124,4.67,22.8,55.4
8977,-610.9,9.7613,4.72,22.6,54.6
8978,-614.5,2.2876,4.88,22.4,53.9
8979,-630.33,10.4661,4.76,22.4,53.7
8980,-630.33,6.882,4.77,22.7,54.6
8981,-626.53,19.7465,4.65,23.1,55.4
8982,-630.33,2.786,4.6,22.6,54.1
8983,-614.5,10.175,4.61,23.3,53.7
8984,-630.33,2.36,4.67,24.5,53.6
8985,-614.5,8.5303,4.73,22.2,55.3
8986,-626.53,7.3569,4.72,22.2,55.1
8987,-630.33,4.1201,4.77,22.5,54.3
8988,-626.53,5.7561,4.76,24.1,53.7
8989,-626.53,4.479,4.74,22.7,53.6
8990,-630.33,3.1597,4.66,22.1,55.9
8991,-630.33,1.6665,4.65,21.5,54.3
8992,-630.33,0.8953,4.72,23.9,53.8
8993,-614.5,21.3391,4.79,23.8,53.6
8994,-614.5,15.3974,4.74,22.7,54.5
8995,-614.5,8.3087,4.67,22.2,55.2
8996,-614.5,5.0512,4.76,23.1,54.3
8997,-630.33,12.8152,4.75,24.1,53.8
8998,-630.33,8.7023,4.8,22.5,53.7
8999,-628.4,4.4699,4.91,22.4,55.4
9000,-628.4,3.6203,4.56,22.2,54.8
9001,-626.53,12.5279,4.79,22.6,54.1
9002,-614.5,7.0959,4.68,23.6,53.8
9003,-630.33,5.1909,4.73,22.6,53.8
9004,-626.53,9.608,4.58,22.3,55.7
9005,-626.53,5.8222,4.74,22.7,54.6
9006,-625.08,5.6958,4.81,23.7,53.5
9007,-628.4,2.5417,4.64,21.7,53.5
9008,-625.08,4.1904,4.74,22.9,53.4
9009,-625.08,3.1479,4.73,21.6,54.1
9010,-590.38,39.065,4.8,22.7,55.0
9011,-628.4,8.985,4.81,22.9,55.6
9012,-625.08,3.4514,4.62,21.9,54.8
9013,-628.4,4.2311,4.77,22.7,54.6
9014,-628.4,1.5908,4.68,22.4,54.3
9015,-628.4,1.3457,4.74,22.6,54.2
9016,-628.4,0.9755,4.75,22.7,53.9
9017,-590.38,57.2062,4.73,23.2,53.7
9018,-628.4,2.7305,4.82,22.4,53.6
9019,-628.4,2.7422,4.78,24.0,53.5
9020,-630.33,1.5927,4.89,21.8,53.3
9021,-590.38,63.15,4.74,23.5,53.8
9022,-614.5,13.7001,4.74,22.7,53.8
9023,-614.5,7.9825,4.72,22.9,55.1
9024,-628.4,6.4682,4.62,22.3,54.9
9025,-628.4,6.567,4.77,22.5,54.6
9026,-611.43,5.4119,4.76,23.4,53.9
9027,-628.4,3.879,4.7,23.0,53.8
9028,-611.43,5.5594,4.9,23.9,54.3
9029,-611.43,3.6777,4.77,23.9,55.2
9030,-628.4,7.7566,4.67,21.9,55.0
9031,-611.43,1.6689,4.55,23.7,54.1
9032,-628.4,7.6676,4.73,23.8,54.2
9033,-625.08,13.1904,4.69,23.1,53.8
9034,-625.08,10.3934,4.76,22.0,53.8
9035,-611.43,5.2299,4.81,23.8,53.8
9036,-625.08,6.007,4.74,22.0,55.7
9037,-625.08,4.5914,4.63,23.4,55.6
9038,-628.4,3.4894,4.66,22.9,55.3
9039,-628.4,1.1907,4.63,22.4,54.3
9040,-625.08,9.6199,4.78,24.5,53.9
9041,-625.08,6.2909,4.79,23.8,53.7
9042,-624.34,10.2619,4.69,22.7,55.5
9043,-614.5,10.864,4.52,22.5,54.7
9044,-628.4,4.1223,4.62,22.5,54.2
9045,-614.5,6.2979,4.77,23.7,53.9
9046,-614.5,4.2912,4.89,22.5,53.8
9047,-630.33,8.9599,4.89,24.2,53.8
9048,-628.4,5.3231,4.67,22.8,55.3
9049,-626.53,9.831,4.75,22.6,54.8
9050,-630.33,2.1254,4.84,22.2,54.0
9051,-630.33,0.9005,4.58,23.9,53.7
9052,-630.33,0.4361,4.81,22.4,54.6
9053,-614.5,12.8425,4.92,24.6,53.8
9054,-630.33,1.1628,4.84,23.3,55.7
9055,-630.33,0.827,4.55,22.6,54.4
9056,-630.33,0.2314,4.71,23.4,54.4
9057,-630.33,0.2927,4.9,23.6,54.0
9058,-626.53,6.5045,4.78,22.9,53.8
9059,-630.33,1.0068,4.64,23.8,53.8
9060,-614.5,7.9186,4.78,21.9,54.5
9061,-630.33,3.4125,4.6,21.3,55.0
9062,-614.5,4.9964,4.77,22.7,54.4
9063,-626.53,5.8663,4.83,24.6,54.1
9064,-607.05,20.4384,4.76,24.1,53.8
9065,-630.33,8.0548,4.77,22.7,53.8
9066,-630.33,6.1018,4.75,22.5,55.2
9067,-628.4,1.9548,4.6,21.7,54.6
9068,-625.08,8.7319,4.61,23.7,54.0
9069,-625.08,7.1141,4.79,23.9,53.7
9070,-628.4,0.7233,4.65,24.0,53.7
9071,-628.4,0.7995,4.71,22.8,53.7
9072,-626.53,4.8647,4.68,21.8,55.3
9073,-630.21,0.982,4.69,21.4,54.7
9074,-628.4,0.6887,4.77,22.5,54.0
9075,-607.05,41.7242,4.83,24.5,53.8
9076,-607.05,30.14,4.7,21.6,55.6
9077,-630.33,5.9854,4.69,22.8,55.4
9078,-628.4,5.0705,4.62,23.2,54.4
9079,-628.4,2.2611,4.85,23.6,54.0
9080,-626.53,6.6218,4.67,22.4,53.8
9081,-614.5,11.7914,4.73,23.0,55.0
9082,-614.5,8.2622,4.69,22.6,55.4
9083,-630.33,4.0827,4.73,22.5,54.4
9084,-630.33,3.7402,4.67,23.6,53.9
9085,-624.34,7.1295,4.72,23.0,53.8
9086,-623.28,6.5613,4.71,22.4,55.5
9087,-614.5,10.1791,4.73,23.4,55.3
9088,-624.34,4.2008,4.67,22.8,54.3
9089,-614.5,4.0924,4.61,24.1,53.9
9090,-630.33,6.8171,4.68,22.0,54.5
9091,-626.53,12.3244,4.72,22.1,55.3
9092,-630.33,4.1073,4.68,22.3,54.1
9093,-625.08,7.9522,4.72,23.8,53.8
9094,-628.4,0.7693,4.71,24.0,53.8
9095,-626.53,5.4304,4.7,22.4,53.8
9096,-628.4,0.9415,4.7,22.4,56.0
9097,-614.5,9.778,4.63,22.8,55.1
9098,-630.33,1.1808,4.66,23.0,54.3
9099,-626.53,4.1385,4.75,24.4,53.9
9100,-623.28,7.0137,4.71,23.4,53.8
9101,-611.43,9.3674,4.6,21.8,55.4
9102,-626.53,4.5641,4.61,24.0,55.1
9103,-614.5,3.6294,4.72,22.3,54.2
9104,-628.4,6.0206,4.71,23.3,53.8
9105,-630.33,5.0179,4.79,23.2,53.8
9106,-626.53,5.1752,4.66,22.7,55.5
9107,-630.33,1.0071,4.78,22.4,55.3
9108,-630.33,0.5077,4.57,22.2,54.5
9109,-630.33,0.4816,4.82,22.7,54.0
9110,-630.33,0.3978,4.73,23.9,53.9
9111,-626.53,5.3565,4.72,21.3,55.3
9112,-630.33,1.1234,4.64,23.1,55.3
9113,-630.33,0.8774,4.64,21.9,54.5
9114,-626.53,4.7958,4.76,25.3,53.9
9115,-630.33,0.2701,4.84,22.4,53.9
9116,-626.53,4.335,4.69,22.4,54.5
9117,-630.33,0.6981,4.75,22.8,55.5
9118,-630.33,0.3993,4.66,23.2,54.4
9119,-630.33,0.3043,4.75,22.7,54.1
9120,-630.33,0.3082,4.71,22.9,53.8
9121,-630.33,0.1647,4.71,22.1,54.4
9122,-630.33,0.1851,4.78,23.7,55.5
9123,-628.4,0.4289,4.83,22.4,54.5
9124,-626.53,5.5044,4.69,23.6,54.1
9125,-628.4,0.5203,4.56,21.9,53.9
9126,-628.4,0.404,4.77,23.2,55.3
9127,-614.5,8.6557,4.7,22.4,55.1
9128,-623.28,5.9751,4.69,22.9,54.2
9129,-614.5,4.9633,4.76,23.8,53.9
9130,-614.5,2.6622,4.73,22.7,53.9
9131,-630.33,8.9145,4.63,21.3,55.7
9132,-630.33,8.1698,4.68,22.3,54.8
9133,-630.33,4.6667,4.8,23.8,54.2
9134,-626.53,12.4139,4.75,24.3,53.9
9135,-614.5,7.033,4.87,22.1,53.9
9136,-626.53,6.8074,4.67,21.5,55.4
9137,-614.5,3.2529,4.64,22.8,54.7
9138,-630.33,6.0405,4.73,23.0,54.2
9139,-630.33,3.7786,4.8,22.7,53.9
9140,-626.53,5.264,4.71,23.4,53.9
9141,-614.5,6.2193,4.62,22.4,55.9
9142,-614.5,4.6181,4.77,22.8,54.4
9143,-630.33,4.1356,4.81,23.3,53.5
9144,-614.5,2.4352,4.68,23.4,53.4
9145,-630.33,3.8728,4.73,21.8,54.3
9146,-630.33,2.1601,4.69,23.1,55.3
9147,-614.5,6.3286,4.73,22.4,54.9
9148,-614.5,5.0092,4.7,22.7,54.5
9149,-614.5,2.2322,4.65,22.3,54.2
9150,-614.5,1.7287,4.81,22.5,53.9
9151,-630.33,8.812,4.81,22.0,53.8
9152,-630.33,5.0728,4.63,22.9,53.7
9153,-630.33,2.2831,4.73,23.3,53.6
9154,-630.33,2.2848,4.68,23.1,53.5
9155,-614.5,9.6785,4.7,22.1,53.4
9156,-614.5,5.4912,4.76,21.8,53.9
9157,-624.34,7.05,4.65,21.5,55.1
9158,-630.33,3.8856,4.67,22.7,54.6
9159,-630.33,1.7255,4.77,23.1,54.4
9160,-614.5,6.2742,4.69,24.3,54.0
9161,-614.5,5.9786,4.64,22.8,53.9
9162,-630.33,1.1818,4.66,23.7,54.0
9163,-630.33,1.4597,4.78,24.1,53.9
9164,-626.53,6.5534,4.64,21.9,56.3
9165,-630.33,1.0471,4.53,21.4,54.7
9166,-626.53,4.8576,4.61,24.5,54.0
9167,-630.33,1.1367,4.67,21.9,53.9
9168,-628.4,0.8056,4.48,22.1,55.8
9169,-614.5,8.4137,4.7,22.3,55.1
9170,-611.76,17.156,4.72,25.3,55.1
9171,-628.57,6.8528,4.59,22.9,54.3
9172,-607.02,25.78,4.69,23.5,54.0
9173,-607.02,19.5808,4.76,22.4,54.0
9174,-611.76,10.2691,4.61,23.1,55.4
9175,-607.02,13.1012,4.7,21.5,55.1
9176,-610.9,19.7287,4.74,24.5,55.2
9177,-610.9,16.6981,4.69,24.5,55.3
9178,-599.25,11.2446,4.79,22.8,54.5
9179,-611.76,10.9238,4.81,23.3,54.1
9180,-611.76,9.4266,4.67,22.9,54.0
9181,-628.57,14.6769,4.8,24.2,54.0
9182,-611.76,5.9611,4.7,22.4,55.3
9183,-615.63,12.0244,4.6,23.7,55.5
9184,-615.63,10.9178,4.6,22.6,55.0
9185,-615.63,8.7194,4.78,24.7,55.4
9186,-611.76,11.6319,4.69,24.1,55.5
9187,-615.63,5.5795,4.71,22.8,54.6
9188,-615.63,4.5417,4.7,23.9,54.1
9189,-611.76,13.111,4.74,22.4,54.0
9190,-611.76,11.4765,4.69,22.5,55.6
9191,-611.76,9.1098,4.78,23.9,55.7
9192,-615.63,10.1744,4.78,24.6,55.9
9193,-615.63,8.1275,4.8,24.2,54.6
9194,-628.57,10.2492,4.65,22.7,55.9
9195,-615.63,6.6766,4.73,22.0,54.6
9196,-615.63,7.0002,4.76,23.6,54.1
9197,-610.9,9.579,4.79,23.5,54.0
9198,-610.9,7.0495,4.7,22.4,56.0
9199,-628.57,8.5268,4.76,23.3,55.6
9200,-628.57,5.9321,4.73,23.8,55.5
9201,-628.57,4.3046,4.76,22.6,54.4
9202,-624.34,3.5763,4.72,23.8,54.1
9203,-602.03,21.1182,4.81,23.1,54.0
9204,-624.34,2.684,4.77,21.7,55.4
9205,-630.33,8.7414,4.73,25.5,55.5
9206,-624.34,1.9681,4.65,22.4,54.6
9207,-614.5,8.6456,4.65,24.4,54.1
9208,-624.34,2.1254,4.68,23.1,54.0
9209,-614.5,5.2542,4.71,22.7,55.5
9210,-630.33,4.0643,4.71,22.2,55.4
9211,-614.5,2.6197,4.61,23.0,54.4
9212,-614.5,1.5291,4.72,23.7,54.1
9213,-630.33,7.8229,4.78,22.8,54.1
9214,-614.5,0.8033,4.54,21.9,55.6
9215,-624.34,4.2158,4.65,22.0,55.4
9216,-630.33,5.8901,4.73,22.0,54.3
9217,-614.5,5.5275,4.81,24.7,54.0
9218,-614.5,3.1399,4.73,22.1,54.5
9219,-630.33,5.9325,4.65,22.3,55.5
9220,-630.33,5.1497,4.53,23.1,54.5
9221,-614.5,2.5525,4.69,23.5,54.3
9222,-630.33,2.4645,4.65,22.9,54.2
9223,-630.33,1.6217,4.73,22.5,55.9
9224,-630.33,0.7302,5.92,21.7,56.4
9225,-607.54,45.1265,4.59,22.0,54.7
9226,-628.4,1.2228,4.77,22.7,54.3
9227,-626.53,5.1418,4.68,23.2,54.1
9228,-630.33,1.6958,4.77,23.6,54.2
9229,-607.54,28.6007,4.92,22.5,55.8
9230,-607.54,22.1736,4.72,22.2,55.2
9231,-630.33,7.7561,4.56,23.3,54.4
9232,-626.53,4.0499,4.54,23.9,54.1
9233,-630.33,3.8751,4.68,22.0,55.6
9234,-626.53,4.0752,4.73,22.7,55.5
9235,-626.53,3.6146,4.74,24.0,55.4
9236,-630.33,2.0244,4.74,22.6,54.9
9237,-630.33,1.7304,4.74,24.8,54.2
9238,-630.33,1.1949,4.83,22.3,54.1
9239,-630.33,0.887,4.79,22.4,55.6
9240,-630.33,0.4837,4.82,23.0,55.5
9241,-630.33,0.2988,4.58,22.5,54.4
9242,-634.2,1.4016,4.63,23.4,54.1
9243,-634.2,0.5839,4.76,22.9,54.1
9244,-612.07,16.6925,4.73,23.2,55.6
9245,-634.2,0.3845,4.67,22.3,55.4
9246,-634.2,0.3958,4.65,22.5,54.5
9247,-634.2,0.2484,4.58,23.9,54.2
9248,-626.53,10.1425,4.67,22.1,54.1
9249,-634.2,0.5511,4.67,22.1,56.2
9250,-620.8,6.1113,4.77,22.3,55.0
9251,-612.07,12.5448,4.76,23.0,54.4
9252,-634.2,2.0557,4.82,24.0,54.1
9253,-612.07,6.728,4.8,21.9,54.8
9254,-626.53,5.5785,4.57,21.7,55.2
9255,-634.2,6.6996,4.72,23.0,54.7
9256,-612.07,3.9457,4.7,24.4,54.3
9257,-612.07,3.0811,4.69,23.5,54.1
9258,-634.2,8.3722,4.77,22.0,54.8
9259,-634.2,5.963,4.72,22.6,56.0
9260,-634.2,2.8483,4.71,22.5,54.7
9261,-626.53,15.5987,4.82,23.3,54.4
9262,-626.53,11.3344,4.72,23.2,54.2
9263,-630.33,0.6526,4.61,23.0,54.9
9264,-634.2,2.5122,4.66,23.7,56.1
9265,-611.76,23.2043,4.83,22.7,55.0
9266,-607.54,28.4338,4.68,23.2,54.3
9267,-607.54,18.6016,4.71,24.3,54.1
9268,-607.54,11.287,4.75,21.9,55.0
9269,-590.75,10.157,4.74,22.4,56.1
9270,-607.54,10.2817,4.7,22.2,54.8
9271,-607.54,9.9953,4.73,23.2,54.4
9272,-607.54,7.3374,4.72,23.3,54.2
9273,-590.75,9.0245,4.8,22.5,54.1
9274,-590.75,7.8734,4.73,22.0,56.3
9275,-590.75,4.9019,4.63,22.7,55.0
9276,-590.75,3.2558,4.8,23.8,54.4
9277,-593.95,7.0053,4.7,23.8,54.2
9278,-604.04,11.4369,4.72,22.1,54.1
9279,-592.5,3.165,4.66,22.8,56.3
9280,-592.5,3.4214,4.69,21.9,54.3
9281,-604.04,5.9506,4.78,22.0,53.9
9282,-607.54,13.9415,4.73,23.6,53.7
9283,-607.54,11.5997,4.76,22.6,53.6
9284,-597.64,2.8585,4.75,21.6,54.6
9285,-607.54,8.366,4.72,21.7,55.4
9286,-611.76,7.5937,4.73,21.9,55.9
9287,-615.63,16.0142,4.69,22.1,55.6
9288,-615.63,11.1825,4.6,22.8,55.2
9289,-611.76,8.6095,4.68,22.9,55.0
9290,-615.63,6.8089,4.73,21.9,54.7
9291,-615.63,5.7124,4.81,22.3,54.3
9292,-597.64,11.898,4.67,22.3,53.9
9293,-593.95,11.0891,4.69,22.8,53.8
9294,-624.78,10.3891,4.85,23.0,53.7
9295,-624.78,9.6192,4.65,22.2,54.2
9296,-613.58,5.1918,4.72,22.5,56.3
9297,-614.32,6.0205,4.76,23.4,56.5
9298,-614.32,4.9882,4.73,24.0,55.6
9299,-614.32,3.8629,4.72,22.8,55.4
9300,-614.32,2.1972,4.65,23.3,54.5
9301,-624.78,3.5187,4.68,23.7,54.1
9302,-624.78,2.7042,4.8,22.2,54.1
9303,-615.63,4.8124,4.76,23.9,54.1
9304,-629.75,9.5319,4.65,23.7,54.1
9305,-610.9,5.3676,4.74,22.5,55.9
9306,-610.9,5.1201,4.68,24.6,56.2
9307,-615.63,3.2549,4.71,22.6,55.0
9308,-615.63,2.3134,4.72,24.1,55.2
9309,-615.63,1.3781,4.66,22.0,54.4
9310,-615.63,0.8052,4.74,22.7,54.2
9311,-600.04,44.8294,4.75,23.2,54.2
9312,-615.63,1.2386,4.72,22.1,56.3
9313,-615.63,1.4599,4.76,22.6,55.5
9314,-586.67,74.0113,4.77,22.7,54.9
9315,-615.63,2.506,4.85,23.5,54.3
9316,-586.67,60.2377,4.86,23.0,54.2
9317,-586.67,47.2797,4.83,22.3,54.1
9318,-600.04,34.3886,4.77,24.2,54.2
9319,-601.55,9.1896,4.81,23.8,54.2
9320,-600.04,22.4645,4.74,22.0,56.4
9321,-586.67,25.5792,4.77,23.6,56.4
9322,-586.67,20.7282,4.62,22.1,55.1
9323,-600.04,15.8934,4.66,24.3,55.3
9324,-615.63,38.4407,4.82,24.3,55.3
9325,-600.04,9.7228,4.65,22.6,54.4
9326,-615.63,24.6297,4.76,24.4,54.2
9327,-611.76,8.5733,4.66,22.5,54.2
9328,-615.63,15.5464,4.87,22.5,56.3
9329,-600.04,13.9728,4.72,23.5,56.3
9330,-586.67,39.4153,4.64,23.9,56.0
9331,-586.67,24.8826,4.58,21.8,55.0
9332,-611.76,13.333,4.88,23.4,54.7
9333,-614.5,25.6857,4.69,22.8,54.4
9334,-615.63,27.5389,4.82,24.7,54.4
9335,-614.5,10.524,4.67,24.3,54.4
9336,-615.63,9.8657,4.72,24.1,54.1
9337,-615.63,7.6739,4.82,22.6,54.2
9338,-615.63,6.6605,4.59,22.1,56.5
9339,-607.54,30.2512,4.66,22.2,55.4
9340,-611.76,13.6297,4.67,23.5,54.6
9341,-611.76,10.9984,4.57,24.4,54.2
9342,-611.76,9.1858,4.63,23.2,54.1
9343,-611.76,6.1543,4.76,23.5,54.2
9344,-607.54,12.819,4.6,22.3,56.0
9345,-607.54,10.6598,4.6,22.9,56.4
9346,-607.54,8.2008,4.71,24.0,55.6
9347,-597.41,4.6992,4.62,22.6,54.5
9348,-596.18,3.6501,4.69,24.0,54.2
9349,-597.41,1.8418,4.78,21.4,54.7
9350,-582.47,6.0508,4.69,23.1,56.2
9351,-624.23,63.1757,4.61,21.4,55.1
9352,-607.54,26.3644,4.84,24.6,54.8
9353,-626.53,30.2665,4.68,23.3,54.4
9354,-614.5,10.7551,4.74,23.0,54.2
9355,-607.54,18.4184,4.58,21.7,55.7
9356,-607.54,19.0944,4.73,22.8,55.5
9357,-614.5,4.7176,4.76,22.3,54.8
9358,-614.5,3.9286,4.73,24.6,54.4
9359,-614.5,2.9166,4.64,23.2,54.2
9360,-614.5,1.9792,4.68,23.6,54.2
9361,-623.28,8.9928,4.78,23.3,54.3
9362,-623.28,5.5454,4.55,22.4,56.0
9363,-623.28,4.1745,4.65,22.3,55.1
9364,-602.03,30.8757,4.66,24.0,55.2
9365,-615.63,5.7247,4.62,22.5,54.4
9366,-615.63,2.9267,4.81,23.9,54.2
9367,-623.28,7.3819,4.68,21.7,55.2
9368,-611.43,0.7861,4.74,22.5,56.3
9369,-611.76,17.0362,4.72,22.1,55.2
9370,-610.97,14.6232,4.73,24.3,54.6
9371,-598.09,6.7013,4.84,23.6,54.8
9372,-607.02,15.3988,4.66,24.9,54.3
9373,-615.63,13.2144,4.76,22.8,54.2
9374,-611.76,7.4844,4.68,23.3,55.6
9375,-611.76,6.4429,4.76,21.5,55.0
9376,-611.76,5.3681,4.76,23.5,54.5
9377,-615.63,11.6872,4.62,23.8,54.2
9378,-611.76,4.5416,4.74,22.7,54.2
9379,-616.37,9.2245,4.62,21.3,55.8
9380,-616.37,6.322,4.57,22.0,54.8
9381,-616.37,4.6005,4.68,23.4,54.3
9382,-611.76,16.2704,4.75,23.5,54.2
9383,-607.02,18.7523,4.67,22.3,55.7
9384,-616.37,4.5855,4.62,22.3,55.2
9385,-607.02,11.4568,4.68,22.7,54.6
9386,-611.76,8.0028,4.83,24.6,54.4
9387,-576.32,43.2787,4.75,22.7,54.3
9388,-616.37,17.7469,4.69,22.1,55.6
9389,-616.37,16.0915,4.82,22.8,55.4
9390,-610.97,5.4622,4.67,23.6,55.3
9391,-616.37,6.702,4.79,22.4,54.5
9392,-597.2,26.0252,4.66,22.6,54.3
9393,-610.97,8.3994,4.67,22.1,56.1
9394,-616.37,6.5227,4.75,22.3,55.1
9395,-616.37,6.0473,4.65,24.1,54.5
9396,-614.28,4.7188,4.77,22.5,54.2
9397,-591.41,25.5897,4.55,21.9,56.0
9398,-596.09,16.0227,4.67,22.9,55.4
9399,-591.25,13.9868,4.69,24.0,54.5
9400,-596.09,6.6249,4.82,23.3,54.2
9401,-596.09,5.4077,4.71,22.7,54.3
9402,-596.09,3.789,4.71,21.5,55.9
9403,-598.56,5.9011,4.64,22.3,54.8
9404,-598.56,5.3873,4.73,23.2,54.4
9405,-579.69,8.8281,4.76,23.6,54.3
9406,-579.21,4.9236,4.68,22.3,56.3
9407,-598.56,10.2499,4.6,23.1,55.1
9408,-596.26,7.3914,4.6,23.0,54.5
9409,-598.56,4.1221,4.75,22.8,54.4
9410,-591.41,6.059,4.74,21.5,56.5
9411,-598.56,3.2664,4.73,23.1,55.4
9412,-579.3,13.9208,4.8,23.1,54.7
9413,-579.3,8.0242,4.74,23.9,54.3
9414,-579.3,2.4421,4.81,21.8,54.3
9415,-579.3,1.7762,4.86,22.3,55.5
9416,-579.3,2.116,4.59,21.2,55.5
9417,-598.56,6.899,4.8,22.1,54.5
9418,-598.56,2.3147,4.74,22.0,54.5
9419,-579.3,4.6608,4.77,23.8,54.1
9420,-581.49,3.1511,4.67,22.6,54.0
9421,-581.49,1.2918,4.78,23.6,53.9
9422,-598.56,3.5735,4.7,22.4,53.8
9423,-598.56,2.9579,4.8,23.5,53.8
9424,-581.49,0.9715,4.73,22.2,54.3
9425,-591.25,6.305,4.59,22.8,55.6
9426,-598.56,1.5384,4.63,21.5,55.9
9427,-591.25,3.0406,4.76,21.9,55.3
9428,-591.25,1.8971,4.75,20.7,54.4
9429,-591.25,1.3086,4.7,23.1,54.4
9430,-581.49,10.9801,4.72,23.9,54.4
9431,-598.56,4.0546,4.9,22.1,54.4
9432,-595.78,6.5851,4.76,22.9,56.2
9433,-573.56,18.1917,4.66,23.1,56.0
9434,-591.25,5.0731,4.78,22.0,54.9
9435,-573.56,14.0832,4.75,23.5,54.7
9436,-589.92,26.8493,4.71,23.5,54.5
9437,-598.56,4.9549,4.76,22.6,54.4
9438,-591.25,4.5957,4.75,22.4,55.9
9439,-591.25,2.3414,4.71,23.6,56.1
9440,-598.56,6.986,4.55,21.1,55.3
9441,-598.56,5.4363,4.7,24.2,54.6
9442,-591.25,1.3215,4.72,23.3,54.4
9443,-591.25,1.3583,4.73,23.8,54.5
9444,-591.25,0.6238,4.7,21.8,55.0
9445,-598.56,6.1419,4.72,23.3,54.4
9446,-594.89,2.033,4.8,22.5,56.2
9447,-596.26,6.3804,4.61,22.1,55.3
9448,-594.89,1.5467,4.76,23.4,54.9
9449,-594.89,0.9542,4.65,23.3,54.6
9450,-596.26,7.0309,4.73,22.5,54.5
9451,-579.21,10.1292,4.7,23.6,54.5
9452,-591.25,2.4418,4.74,23.7,54.5
9453,-598.56,4.1077,4.81,24.4,54.4
9454,-576.32,16.7334,4.76,22.7,56.1
9455,-576.32,13.7289,4.65,23.0,56.8
9456,-610.97,27.9921,4.82,23.5,56.2
9457,-597.2,49.1711,4.72,22.9,55.1
9458,-576.32,12.2722,4.75,23.6,54.7
9459,-597.2,40.0459,4.54,23.5,54.4
9460,-616.37,24.8158,4.6,22.5,56.0
9461,-597.2,28.9095,4.51,21.7,55.2
9462,-597.2,22.5396,4.82,23.0,54.7
9463,-583.97,46.4586,4.78,23.3,54.5
9464,-583.97,33.2914,4.72,23.6,54.4
9465,-583.97,18.6399,4.78,23.4,55.4
9466,-583.97,10.1182,4.63,22.2,55.9
9467,-583.97,8.2822,4.73,22.2,55.0
9468,-597.74,29.3441,4.85,25.6,54.7
9469,-597.2,27.1322,4.69,22.4,54.5
9470,-616.37,50.0017,4.75,23.1,55.3
9471,-616.37,30.3902,4.67,22.0,56.1
9472,-616.37,17.4673,4.68,22.7,55.2
9473,-616.37,13.6241,4.64,23.8,55.1
9474,-616.37,13.2545,4.69,23.8,54.6
9475,-597.2,35.3537,4.74,22.7,54.4
9476,-597.2,27.1796,4.9,22.9,56.3
9477,-597.2,18.0397,4.68,21.8,55.7
9478,-583.97,26.2191,4.82,22.8,54.9
9479,-616.37,31.9388,4.64,23.5,54.5
9480,-616.37,35.4572,4.71,23.2,54.4
9481,-616.37,27.6012,4.76,22.1,56.6
9482,-616.37,16.2416,4.73,22.7,55.5
9483,-616.37,8.5057,4.68,22.9,54.7
9484,-616.37,6.4391,4.75,23.6,54.5
9485,-616.37,5.6589,4.74,22.1,54.4
9486,-597.2,35.9315,4.84,21.9,56.6
9487,-597.2,29.4545,4.67,22.0,55.2
9488,-610.97,8.6961,4.71,24.4,54.7
9489,-616.37,13.1754,4.79,24.0,54.4
9490,-616.37,12.4283,4.85,22.9,54.5
9491,-597.2,18.6101,4.72,23.2,54.4
9492,-597.2,16.5195,4.64,23.3,55.9
9493,-616.37,9.7972,4.64,22.0,55.7
9494,-616.37,8.7117,4.68,23.8,55.1
9495,-583.97,55.3634,4.72,23.6,54.6
9496,-616.37,6.5818,4.67,23.1,54.4
9497,-616.37,5.2184,4.77,24.2,54.5
9498,-597.2,24.0422,4.86,23.8,54.5
9499,-616.37,3.7697,4.86,22.0,56.7
9500,-610.97,11.5368,4.66,24.2,56.3
9501,-597.2,22.0696,4.74,22.2,55.1
9502,-616.37,7.4345,4.67,24.2,55.2
9503,-583.97,36.0711,4.74,22.8,54.7
9504,-610.97,8.5375,4.69,24.1,54.5
9505,-610.97,7.2593,4.75,21.9,54.6
9506,-597.2,13.9181,4.71,23.1,56.5
9507,-597.2,10.4618,4.83,23.7,56.7
9508,-592.07,13.4566,4.74,21.2,55.3
9509,-616.37,24.8615,4.56,23.6,54.5
9510,-583.97,22.6155,4.63,22.6,54.5
9511,-616.37,27.3553,4.68,23.4,56.8
9512,-616.37,23.14,4.74,22.1,55.2
9513,-616.37,15.1491,4.83,23.3,54.7
9514,-616.37,9.3674,4.62,23.4,54.5
9515,-616.53,14.9319,4.7,22.5,54.5
9516,-597.2,30.7106,4.74,23.0,56.1
9517,-616.53,10.2982,4.68,22.1,55.2
9518,-616.53,8.9647,4.83,23.7,54.7
9519,-609.82,13.4083,4.64,23.4,54.5
9520,-616.53,7.7033,4.73,22.7,55.1
9521,-609.82,12.5043,4.72,21.6,56.2
9522,-624.28,25.8754,4.68,22.7,54.9
9523,-598.56,20.4169,4.91,23.4,54.6
9524,-591.25,19.1326,4.67,23.3,54.5
9525,-596.26,11.783,4.74,21.9,56.3
9526,-596.26,7.5742,4.89,22.0,56.1
9527,-576.32,18.1309,4.59,23.0,55.2
9528,-596.26,10.4027,4.84,24.5,54.8
9529,-598.56,10.3027,4.77,23.8,54.5
9530,-598.56,5.9347,4.65,21.8,55.2
9531,-581.49,5.0699,4.68,22.3,56.0
9532,-598.56,2.2186,4.76,21.7,54.9
9533,-596.26,2.3572,4.83,23.9,54.6
9534,-598.88,14.5558,4.65,22.9,54.5
9535,-579.21,5.8271,4.68,23.8,54.8
9536,-609.82,19.6012,4.65,22.5,56.2
9537,-616.53,34.9653,4.55,22.3,55.3
9538,-609.82,7.9307,4.81,22.8,54.6
9539,-616.53,15.1529,4.69,23.9,54.5
9540,-616.53,11.142,4.77,22.5,56.1
9541,-616.53,10.3411,4.7,23.1,56.0
9542,-616.53,8.479,4.65,23.3,55.1
9543,-624.28,31.3709,4.48,23.9,54.5
9544,-598.88,16.6263,4.59,22.1,54.5
9545,-599.29,13.264,4.75,23.0,56.0
9546,-592.07,7.6271,4.64,22.4,55.8
9547,-609.82,15.2171,4.7,23.0,54.9
9548,-607.02,20.2,4.9,24.4,54.6
9549,-596.26,8.5979,4.68,22.6,54.5
9550,-626.19,49.3382,4.68,21.4,56.8
9551,-598.88,1.7061,4.61,23.4,54.5
9552,-598.88,2.004,4.75,21.8,54.2
9553,-598.88,1.5383,4.89,22.6,54.2
9554,-616.53,21.6344,4.63,23.6,54.0
9555,-609.82,6.9324,4.71,22.5,54.1
9556,-609.82,4.4501,4.75,21.4,55.9
9557,-610.97,6.0791,4.59,21.8,56.2
9558,-609.82,2.585,4.81,22.5,55.5
9559,-611.76,3.2983,4.68,23.3,55.3
9560,-626.33,32.9149,4.68,22.8,55.1
9561,-607.02,17.0765,4.72,22.9,54.7
9562,-611.76,2.323,4.64,21.4,54.4
9563,-607.02,12.723,4.77,23.6,54.3
9564,-626.33,28.1691,4.82,22.9,54.2
9565,-611.76,2.5057,4.78,22.4,54.0
9566,-626.33,19.2918,4.71,22.1,54.5
9567,-605.72,13.1272,4.57,22.2,56.5
9568,-629.04,11.2683,4.55,21.8,55.4
9569,-605.72,15.3258,4.64,24.4,55.4
9570,-586.67,56.1532,4.79,24.6,54.7
9571,-605.72,7.3585,4.76,23.3,54.5
9572,-605.72,4.4999,4.75,22.5,54.6
9573,-605.72,3.1985,4.73,22.5,56.7
9574,-629.04,39.1794,4.64,22.1,55.2
9575,-590.75,66.7769,4.6,24.9,54.8
9576,-605.72,1.8278,4.68,23.4,54.5
9577,-622.48,52.0553,4.69,24.4,54.6
9578,-594.92,24.138,4.73,22.8,54.5
9579,-594.92,16.4068,4.74,23.6,54.6
9580,-594.92,8.4605,4.83,22.5,56.0
9581,-594.92,5.1297,4.76,23.9,56.0
9582,-607.19,35.5446,4.85,24.8,56.1
9583,-622.48,58.3413,4.78,22.9,56.2
9584,-607.14,10.9085,4.63,22.2,55.4
9585,-604.94,1.8913,4.77,23.2,54.8
9586,-612.19,6.9307,4.58,23.5,54.6
9587,-614.88,3.1442,4.74,23.2,56.3
9588,-617.18,3.5078,4.8,23.8,55.1
9589,-614.04,4.6328,4.66,22.1,56.2
9590,-607.19,16.433,4.66,21.7,55.3
9591,-614.88,4.2599,4.64,23.3,54.8
9592,-590.75,36.5956,4.83,22.6,54.6
9593,-598.76,9.1483,4.7,23.7,54.7
9594,-594.92,8.299,4.73,23.7,54.6
9595,-590.75,23.8652,4.73,24.1,54.7
9596,-578.99,21.931,4.74,23.2,54.6
9597,-614.04,31.8428,4.74,21.9,56.9
9598,-612.19,26.7166,4.79,24.8,56.2
9599,-614.04,18.8464,4.72,21.9,56.0
9600,-607.19,26.4604,4.76,23.7,55.5
9601,-607.19,21.392,4.72,23.3,54.8
9602,-622.48,25.1228,4.67,23.0,54.6
9603,-622.48,21.9153,4.7,24.2,54.6
9604,-598.76,28.603,4.66,22.4,54.7
9605,-614.04,6.3435,4.64,24.1,54.6
9606,-580.87,77.4628,4.64,24.1,54.6
9607,-602.57,22.9189,4.76,23.3,56.8
9608,-602.57,17.8146,4.69,22.0,55.7
9609,-580.87,37.3264,4.75,23.8,55.9
9610,-605.4,21.8552,4.63,23.1,55.5
9611,-607.19,8.5438,4.71,23.4,54.8
9612,-607.19,5.7137,4.59,23.1,54.7
9613,-614.04,6.9958,4.95,24.1,54.7
9614,-607.19,4.6104,4.67,21.7,56.4
9615,-622.48,35.1859,4.72,22.5,55.3
9616,-594.92,33.0396,4.84,23.6,54.7
9617,-594.92,26.4439,4.8,23.8,54.6
9618,-594.92,15.6208,4.71,23.4,55.3
9619,-622.48,40.2839,4.68,21.6,55.9
9620,-594.92,6.5433,4.72,24.1,55.9
9621,-604.94,5.66,4.65,21.6,54.9
9622,-614.88,11.875,4.68,23.8,54.7
9623,-601.99,4.6647,4.81,23.9,54.7
9624,-558.37,97.5082,4.75,22.4,55.3
9625,-596.75,12.9595,4.62,22.3,56.5
9626,-585.11,15.582,4.7,22.8,55.3
9627,-615.22,21.5291,4.71,23.5,55.3
9628,-605.13,11.0355,4.8,23.2,54.8
9629,-596.86,4.3922,4.79,24.1,54.6
9630,-603.28,4.9495,4.67,22.6,56.0
9631,-596.75,6.6895,4.66,21.9,56.2
9632,-597.47,9.5463,4.7,23.2,55.5
9633,-597.47,8.1253,4.78,22.8,54.8
9634,-631.54,506.0245,4.85,23.8,54.7
9635,-615.22,14.9966,4.71,22.4,54.7
9636,-605.79,3.3192,4.72,24.1,56.1
9637,-601.99,1.1755,4.67,22.3,55.9
9638,-605.24,0.7107,4.68,22.8,55.0
9639,-561.26,88.8975,4.8,23.2,54.7
9640,-605.79,1.1839,4.71,22.6,54.7
9641,-605.24,1.0865,4.73,22.8,56.9
9642,-580.87,48.9774,4.71,23.0,55.7
9643,-605.79,0.9986,4.79,23.1,55.2
9644,-605.24,0.5951,4.67,23.2,54.8
9645,-605.24,0.292,4.66,22.9,54.8
9646,-580.87,55.1845,4.84,22.2,56.8
9647,-605.24,0.3407,4.6,22.1,55.6
9648,-603.36,1.1374,4.76,23.7,54.9
9649,-611.48,4.6564,4.76,22.6,54.6
9650,-613.93,2.9022,4.78,22.8,55.5
9651,-613.93,1.3093,4.74,22.2,56.1
9652,-574.44,75.5151,4.52,23.7,55.1
9653,-613.93,0.8658,4.76,23.2,54.7
9654,-624.16,23.3707,4.78,23.2,54.7
9655,-624.16,16.4972,4.69,21.8,56.2
9656,-596.12,24.3186,4.67,21.3,55.9
9657,-608.66,2.7516,4.72,23.4,55.1
9658,-597.55,7.0335,4.73,24.4,54.8
9659,-574.44,43.9145,4.82,22.9,54.7
9660,-624.16,35.8326,4.73,22.2,56.6
9661,-581.3,29.7371,4.69,21.0,55.4
9662,-618.4,53.2681,4.64,24.1,54.9
9663,-563.84,42.0418,4.7,22.7,54.6
9664,-618.4,53.1945,4.85,22.8,56.6
9665,-565.22,35.8965,4.73,23.3,56.6
9666,-566.13,29.0895,4.68,22.3,55.4
9667,-566.13,19.5066,4.71,23.2,54.8
9668,-614.62,55.6905,4.67,22.7,54.8
9669,-585.84,22.882,4.79,22.9,56.8
9670,-565.22,11.7541,4.75,22.0,56.1
9671,-581.3,24.5062,4.78,23.6,55.5
9672,-620.79,59.9793,4.7,23.9,54.9
9673,-620.79,42.5893,4.69,22.2,54.8
9674,-580.37,24.1898,5.88,21.4,54.8
9675,-580.37,23.1927,4.8,23.0,56.3
9676,-581.3,17.1608,4.71,23.8,56.8
9677,-606.03,19.3163,4.65,23.4,55.5
9678,-605.17,18.3839,4.74,24.0,55.0
9679,-605.17,13.1814,4.79,23.4,54.8
9680,-618.08,14.0477,4.72,22.3,54.8
9681,-605.17,9.4057,4.88,23.0,56.2
9682,-622.53,17.6888,4.68,22.4,56.1
9683,-606.03,10.9418,4.64,23.8,55.2
9684,-606.03,8.8758,4.67,23.3,54.9
9685,-622.53,15.5936,4.73,22.8,54.8
9686,-622.53,13.2899,4.64,22.1,56.3
9687,-622.53,8.8522,4.68,22.2,55.2
9688,-605.17,15.5298,4.83,21.9,54.6
9689,-605.17,14.2769,4.83,22.6,54.5
9690,-605.17,8.2899,4.67,22.4,54.5
9691,-618.76,8.7641,4.66,22.7,54.3
9692,-622.53,13.7809,4.71,23.4,55.2
9693,-622.53,10.9197,4.8,22.5,56.2
9694,-618.76,4.8779,4.75,22.7,56.0
9695,-622.53,6.1232,4.71,22.6,55.8
9696,-618.76,5.6962,4.55,21.6,56.2
9697,-622.53,4.9288,4.82,22.4,55.8
9698,-633.14,23.5337,4.7,21.7,55.1
9699,-618.76,7.1918,4.79,22.2,54.6
9700,-618.76,6.5067,4.78,23.7,55.3
9701,-622.53,4.895,4.77,24.7,56.1
9702,-605.17,7.7062,4.68,22.2,55.2
9703,-606.03,3.3999,4.73,23.6,54.9
9704,-605.17,1.95,4.81,21.5,54.8
9705,-605.17,1.3098,4.74,24.3,54.9
9706,-622.53,15.6266,4.69,23.7,54.9
9707,-622.53,11.0546,4.7,24.3,54.9
9708,-622.53,6.3996,4.84,23.5,54.8
9709,-622.53,5.1973,4.77,22.9,56.4
9710,-622.53,4.5209,4.73,21.7,56.0
9711,-633.14,19.1442,4.76,23.7,55.3
9712,-622.53,3.0592,4.81,24.7,55.4
9713,-622.53,2.4724,4.77,23.8,55.1
9714,-622.53,2.1784,4.84,22.8,54.9
9715,-622.53,1.8101,4.74,22.7,54.8
9716,-622.53,1.4416,4.79,22.3,57.1
9717,-633.14,15.2558,4.74,22.9,55.9
9718,-622.53,2.6754,4.74,23.1,55.2
9719,-582.28,88.141,4.68,23.5,55.1
9720,-582.28,71.2565,4.77,23.7,54.9
9721,-633.14,20.7079,4.74,22.9,54.9
9722,-582.28,43.8061,4.75,23.6,56.6
9723,-574.84,42.1103,4.85,22.7,56.4
9724,-574.84,27.1971,4.74,24.7,56.4
9725,-582.28,22.4284,4.59,23.4,56.4
9726,-582.28,20.6618,4.62,21.6,55.6
9727,-582.28,14.9582,4.77,23.9,55.0
9728,-574.84,16.1503,4.88,23.3,54.8
9729,-640.47,96.8332,4.72,24.6,54.8
9730,-640.47,76.9301,4.76,22.2,55.7
9731,-640.47,53.5598,4.64,21.6,56.6
9732,-640.47,30.8486,4.55,22.1,55.5
9733,-596.97,28.3775,4.74,23.6,55.7
9734,-596.97,32.0841,4.87,24.2,55.1
9735,-596.97,24.5642,4.8,23.9,54.9
9736,-574.84,59.711,4.69,24.4,54.9
9737,-575.89,31.8921,4.74,22.0,54.8
9738,-575.89,19.3371,4.72,22.3,56.3
9739,-640.47,99.4377,4.68,22.5,56.0
9740,-575.89,9.7554,4.67,22.9,55.5
9741,-575.89,7.9395,4.74,23.2,55.1
9742,-575.89,6.4897,4.81,23.6,54.9
9743,-575.89,5.4781,4.79,21.8,55.4
9744,-574.84,4.4979,4.68,22.0,56.1
9745,-574.84,3.681,4.82,22.5,55.3
9746,-582.28,19.803,4.69,24.7,55.0
9747,-574.84,3.0555,4.76,23.0,54.8
9748,-574.84,2.7401,4.59,22.6,56.6
9749,-629.09,100.9425,4.74,21.7,56.3
9750,-640.47,122.6139,4.6,22.9,55.5
9751,-633.22,85.5056,4.83,24.0,55.0
9752,-633.22,56.8713,4.71,23.4,54.8
9753,-634.03,45.785,4.85,23.9,54.9
9754,-633.7,25.8634,4.71,22.0,56.4
9755,-633.7,22.644,4.64,21.5,55.7
9756,-633.7,19.6552,4.65,23.4,55.1
9757,-629.09,28.774,4.76,23.1,54.8
9758,-629.09,23.3283,4.78,23.8,54.8
9759,-574.84,84.3205,4.8,21.4,57.0
9760,-574.84,50.1211,4.86,22.7,56.1
9761,-582.28,20.9846,4.71,23.0,55.3
9762,-582.28,11.7603,4.75,23.8,55.0
9763,-582.28,11.3351,4.74,23.8,54.8
9764,-633.14,143.8762,4.73,23.8,54.9
9765,-582.28,8.1638,4.74,22.5,56.6
9766,-582.28,6.3042,4.67,22.1,55.9
9767,-620.79,39.9262,4.67,22.4,55.2
9768,-582.28,7.3267,4.72,24.0,54.9
9769,-620.79,22.2217,4.74,23.9,54.9
9770,-582.28,12.8048,4.7,22.4,55.8
9771,-582.28,10.2503,4.73,22.9,56.6
9772,-582.28,4.3186,4.7,22.5,55.7
9773,-575.89,176.6095,4.81,22.8,55.1
9774,-582.28,2.4067,4.76,23.2,54.9
9775,-592.48,4.0395,4.62,22.1,55.6
9776,-604.37,9.7507,4.76,22.2,56.3
9777,-618.53,11.9104,4.62,22.5,55.2
9778,-582.54,25.9458,4.67,22.9,54.9
9779,-592.98,17.9407,4.67,22.8,55.4
9780,-604.37,1.6464,4.65,21.3,56.3
9781,-630.96,32.8635,4.64,22.9,55.3
9782,-617.44,2.8986,4.79,24.0,55.1
9783,-620.67,11.5567,4.6,24.1,54.9
9784,-634.71,13.4606,4.74,21.1,56.7
9785,-619.66,5.8168,4.79,22.1,56.5
9786,-582.49,54.1259,4.68,23.2,55.7
9787,-619.66,2.9102,4.84,23.6,55.1
9788,-584.26,43.1289,4.83,23.3,54.8
9789,-625.87,12.1499,4.68,21.8,55.4
9790,-619.66,3.5393,4.76,22.0,56.4
9791,-619.66,1.2007,4.73,22.6,55.7
9792,-630.34,2.893,4.88,23.2,55.1
9793,-617.29,23.0958,4.69,25.4,55.0
9794,-630.34,1.2683,4.78,22.8,54.9
9795,-630.34,0.9061,4.68,21.9,56.3
9796,-619.66,3.6426,4.59,21.7,55.7
9797,-619.66,1.7779,4.71,23.8,55.2
9798,-630.34,4.0867,4.67,23.4,54.9
9799,-630.34,3.5629,4.77,22.8,55.7
9800,-630.34,1.1102,4.73,23.2,57.0
9801,-630.34,0.7915,4.78,22.2,56.1
9802,-630.34,0.9839,4.67,22.1,55.3
9803,-630.34,0.291,4.8,23.7,55.0
9804,-630.34,0.3264,4.78,22.5,55.0
9805,-630.34,0.1517,4.7,22.5,56.3
9806,-619.66,4.136,4.77,22.8,56.3
9807,-621.12,2.0465,4.63,22.9,55.3
9808,-634.71,8.0308,4.78,23.1,54.9
9809,-619.66,0.608,4.77,22.4,54.9
9810,-623.54,24.5496,4.73,22.9,56.3
9811,-621.05,8.009,4.8,22.9,56.4
9812,-634.26,6.5431,4.79,22.1,55.5
9813,-634.26,20.8818,4.76,23.8,55.0
9814,-621.05,10.947,4.85,21.8,54.9
9815,-623.4,9.1845,4.82,21.9,56.9
9816,-634.71,4.1271,4.74,22.6,55.7
9817,-622.53,20.5834,4.74,24.2,55.1
9818,-619.66,2.2915,4.81,23.1,54.9
9819,-634.71,8.1239,4.83,23.1,55.0
9820,-634.71,6.4197,4.72,21.2,56.6
9821,-630.34,3.2969,4.7,23.3,55.0
9822,-630.34,3.0229,4.68,22.8,54.6
9823,-584.26,90.8428,4.81,23.3,54.5
9824,-619.66,2.7602,4.67,21.6,55.1
9825,-619.66,0.9771,4.55,22.1,56.8
9826,-630.34,6.0273,4.7,22.4,56.2
9827,-630.34,3.9322,4.8,22.3,56.0
9828,-619.66,1.2027,4.74,22.8,55.7
9829,-630.34,0.8697,4.88,23.4,55.7
9830,-634.71,2.3195,4.73,21.4,55.8
9831,-630.34,1.1045,4.63,22.4,55.4
9832,-630.34,0.9362,4.75,21.6,55.2
9833,-635.73,752.3376,4.67,22.9,54.8
9834,-635.73,385.1719,4.82,22.3,54.8
9835,-619.6,2.5814,4.81,23.0,54.6
9836,-616.18,3.9548,4.83,23.1,54.9
9837,-616.18,2.9518,4.69,23.5,55.0
9838,-634.35,447.7603,4.75,24.7,55.0
9839,-584.62,42.826,4.75,22.0,55.9
9840,-635.73,195.0632,4.75,22.5,56.9
9841,-619.6,4.5045,4.61,24.0,57.0
9842,-635.73,106.4467,4.56,23.2,56.2
9843,-605.79,14.6021,4.65,22.6,55.4
9844,-618.58,1.8744,4.89,23.6,55.7
9845,-605.46,7.9106,4.82,24.7,55.2
9846,-616.91,9.2165,4.75,23.8,55.0
9847,-616.91,6.9601,4.73,22.8,55.3
9848,-616.91,4.3561,4.73,24.2,55.8
9849,-616.91,2.6454,4.64,22.4,56.7
9850,-601.38,17.2901,4.78,21.7,55.4
9851,-616.91,1.6773,4.73,24.0,55.1
9852,-616.91,1.3746,4.61,22.8,55.0
9853,-616.91,1.0468,4.76,23.8,55.1
9854,-608.94,16.658,4.64,22.0,55.1
9855,-616.91,1.0975,4.6,22.2,56.5
9856,-616.91,0.8075,4.69,22.7,56.4
9857,-633.8,19.5132,4.76,24.5,56.5
9858,-616.91,0.9416,4.72,23.5,55.4
9859,-616.91,0.8534,4.7,23.4,55.6
9860,-616.91,0.6421,4.83,23.8,55.9
9861,-616.91,0.569,4.65,23.5,55.9
9862,-616.91,0.4933,4.65,23.4,55.2
9863,-616.91,0.3873,4.82,23.4,55.0
9864,-615.29,4.6137,4.87,22.3,55.0
9865,-616.54,16.2093,4.8,24.8,55.1
9866,-604.46,23.7389,4.65,21.6,57.1
9867,-604.46,20.4686,4.73,21.9,55.9
9868,-616.54,16.7749,4.65,24.7,56.0
9869,-616.54,15.4772,4.74,22.7,55.3
9870,-616.54,11.474,4.76,23.6,55.0
9871,-614.79,15.3378,4.78,22.4,55.1
9872,-616.54,6.3981,4.77,22.6,56.9
9873,-632.99,14.4729,4.67,22.0,56.6
9874,-616.54,5.6843,4.73,23.7,56.6
9875,-602.23,41.1766,4.67,22.7,55.6
9876,-618.41,14.1975,4.81,23.9,55.2
9877,-601.38,22.3467,4.67,22.4,55.0
9878,-616.54,11.3133,4.84,23.5,55.0
9879,-616.91,3.0942,4.82,21.2,56.5
9880,-616.54,9.6744,4.75,23.3,56.8
9881,-604.46,12.6842,4.66,22.4,55.9
9882,-602.23,12.844,4.67,23.8,55.7
9883,-616.54,37.4714,4.77,23.0,55.2
9884,-602.23,6.8421,4.8,23.6,55.1
9885,-602.23,4.455,4.78,21.7,55.8
9886,-602.23,2.4282,4.62,22.3,56.4
9887,-602.23,1.372,4.72,22.7,55.8
9888,-602.23,1.0108,4.62,24.2,55.3
9889,-616.54,48.9494,4.77,22.4,55.1
9890,-616.54,41.2119,4.75,21.9,57.0
9891,-616.54,28.9963,4.76,21.4,56.1
9892,-616.91,4.9218,4.63,23.8,55.3
9893,-616.54,14.1812,4.69,23.3,55.1
9894,-616.54,10.4482,4.75,23.0,55.1
9895,-602.23,15.4492,4.69,21.8,57.4
9896,-616.54,6.2762,4.72,22.2,56.3
9897,-616.54,4.7918,4.67,23.4,55.9
9898,-616.54,3.3097,4.74,22.7,55.3
9899,-604.46,19.5513,4.75,23.9,55.2
9900,-616.54,2.5753,4.73,22.0,56.1
9901,-616.54,2.1658,4.72,21.1,56.6
9902,-604.46,18.1928,4.58,21.6,55.6
9903,-604.46,14.2227,4.76,24.0,55.2
9904,-596.48,35.1327,4.7,22.9,55.2
9905,-596.48,27.6698,4.72,23.0,57.3
9906,-616.54,14.4379,4.69,22.5,56.5
9907,-616.54,12.4206,4.81,22.6,55.6
9908,-596.48,19.5668,5.92,21.4,55.5
9909,-596.48,17.8312,4.77,23.7,55.2
9910,-616.91,1.7333,4.75,23.2,55.3
9911,-596.48,11.3153,4.59,22.3,57.0
9912,-616.54,14.5373,4.76,21.9,55.8
9913,-596.48,7.2791,4.72,23.3,55.9
9914,-604.46,6.4304,4.74,23.3,55.4
9915,-613.55,21.8351,4.72,23.9,55.2
9916,-591.74,7.0912,4.77,22.2,56.3
9917,-616.54,16.5082,4.63,22.7,56.8
9918,-595.22,37.9744,4.73,22.0,56.0
9919,-591.74,6.0568,4.7,23.5,55.4
9920,-591.74,4.5278,4.67,23.1,55.2
9921,-591.74,2.6273,4.73,22.0,57.6
9922,-617.16,24.9779,4.68,22.5,56.4
9923,-613.55,23.0043,4.63,25.5,56.2
9924,-604.46,4.5933,4.73,21.9,55.9
9925,-613.55,20.4911,4.75,24.2,55.4
9926,-604.46,2.7419,4.71,22.7,55.2
9927,-604.46,1.868,4.72,23.0,55.2
9928,-595.22,37.6204,4.74,22.5,57.3
9929,-602.23,1.4136,4.76,23.2,55.9
9930,-602.23,0.8031,4.86,23.1,55.3
9931,-634.72,68.3284,4.8,22.8,55.2
9932,-615.16,4.8814,4.8,21.4,56.9
9933,-615.16,2.3884,4.75,23.4,56.7
9934,-615.16,1.4006,4.75,23.1,55.8
9935,-595.22,56.3298,4.72,24.0,55.4
9936,-602.23,3.6552,4.81,22.4,55.2
9937,-632.51,58.2123,4.75,22.5,56.1
9938,-632.51,52.1928,4.89,22.7,55.8
9939,-619.1,11.4838,4.75,23.4,57.4
9940,-619.1,5.8278,4.68,23.2,56.1
9941,-618.82,3.1171,4.72,22.3,55.5
9942,-614.5,4.048,4.77,24.1,55.2
9943,-606.91,43.8102,4.68,21.8,55.2
9944,-607.3,23.6755,4.81,22.1,56.7
9945,-587.58,29.1246,4.7,22.7,55.8
9946,-622.03,121.5179,4.71,24.5,55.3
9947,-608.94,33.5658,4.69,22.6,55.3
9948,-602.23,16.2098,4.69,24.1,55.2
9949,-634.68,55.1598,4.69,22.6,57.1
9950,-597.12,22.8501,4.72,22.4,56.7
9951,-635.51,26.1955,4.72,22.5,55.6
9952,-621.71,20.9658,4.75,24.3,55.3
9953,-634.68,8.684,4.67,22.3,55.2
9954,-636.39,5.3548,4.77,23.0,56.7
9955,-636.39,3.6242,4.65,22.3,55.7
9956,-588.94,99.8118,4.72,22.4,55.3
9957,-634.68,1.3361,4.76,22.6,55.0
9958,-596.64,53.8608,4.76,22.8,54.9
9959,-588.59,46.0656,4.85,22.2,54.9
9960,-629.08,23.5868,4.74,23.1,54.8
9961,-629.08,23.2216,4.7,22.2,54.7
9962,-594.02,29.4067,4.71,23.2,54.8
9963,-629.08,15.7127,4.85,22.1,55.2
9964,-646.67,81.1305,4.65,23.1,55.3
9965,-646.67,63.8551,4.72,21.7,56.3
9966,-634.68,2.2167,4.77,22.2,56.9
9967,-646.67,45.3241,4.64,21.3,56.1
9968,-646.67,36.6118,4.77,22.4,55.6
9969,-597.73,58.9158,4.84,22.2,55.4
9970,-597.73,35.7964,4.84,24.2,56.2
9971,-628.07,193.4677,4.67,22.3,55.5
9972,-628.07,47.2794,4.73,23.2,55.2
9973,-636.84,16.12,4.83,21.5,55.2
9974,-608.94,29.2649,4.72,24.1,57.0
9975,-622.03,3.8657,4.71,24.4,57.1
9976,-608.94,17.3503,4.74,23.9,56.8
9977,-608.94,12.6256,4.49,23.3,56.8
9978,-608.94,9.3223,4.68,22.6,56.6
9979,-621.71,11.8767,4.74,21.9,55.5
9980,-634.68,10.9036,4.71,24.4,55.2
9981,-614.79,12.0289,4.76,24.8,55.2
9982,-621.71,9.4493,4.7,21.6,56.0
9983,-614.79,4.9928,4.7,21.5,56.8
9984,-634.68,12.1409,4.71,22.7,56.1
9985,-646.67,192.4016,4.75,22.5,55.4
9986,-646.67,63.3349,4.73,24.7,55.3
9987,-629.08,4.6184,4.78,23.0,55.3
9988,-597.73,32.4177,4.59,22.7,57.3
9989,-629.08,3.0462,4.57,22.1,56.1
9990,-597.73,24.8385,4.8,22.4,55.5
9991,-591.18,40.9409,4.82,23.7,55.2
9992,-612.52,620.3503,4.8,23.6,55.2
9993,-634.66,44.6252,4.67,22.2,56.7
9994,-607.58,45.4174,4.63,24.0,56.7
9995,-629.08,10.7304,4.6,21.8,56.4
9996,-603.29,17.621,4.74,23.0,55.5
9997,-646.67,614.1029,4.74,22.9,55.2
9998,-601.19,53.3714,4.76,23.1,55.2
9999,-621.02,46.4344,4.65,22.6,57.4
10000,-605.79,8.0012,4.69,22.6,56.0
