Episode,Reward,Critic_Loss,Time_Sec,CPU_Percent,RAM_Percent
1,-15292.9,6638195.75,1.63,99.2,49.8
2,-15887.53,7472270.5,1.54,94.0,49.9
3,-17591.44,9105774.75,1.56,100.0,50.0
4,-15763.46,7336651.25,1.63,100.0,50.1
5,-16145.9,7867392.125,1.63,100.0,50.0
6,-15042.11,6805131.375,1.55,100.0,50.0
7,-16608.92,8155625.375,1.57,99.1,50.1
8,-16372.69,7981410.125,1.54,100.0,50.0
9,-15915.15,7224033.25,1.64,100.0,50.1
10,-14647.73,6232441.375,1.63,100.0,50.0
11,-15826.09,7174555.375,1.65,99.5,50.2
12,-14740.24,6325769.875,1.54,99.8,50.3
13,-15471.68,6838096.75,1.53,96.5,50.3
14,-16757.78,7610439.125,1.54,100.0,50.3
15,-16366.42,7604687.625,1.63,100.0,50.3
16,-15964.39,7489755.5,1.53,100.0,50.4
17,-17332.59,8308497.5,1.64,100.0,50.5
18,-15452.74,6648542.0,1.63,100.0,50.5
19,-15611.33,6860916.375,1.62,100.0,50.9
20,-17883.4,8378027.875,1.66,99.8,50.9
21,-15543.24,6825260.125,1.6,100.0,51.3
22,-15569.58,7048783.5,1.56,100.0,51.6
23,-15869.76,7394142.625,1.59,100.0,51.9
24,-15947.5,8115296.25,1.59,100.0,52.0
25,-16445.92,7952904.375,1.76,100.0,51.9
26,-15633.55,7168878.125,1.62,99.9,51.9
27,-16260.63,7760550.875,1.64,100.0,52.1
28,-16119.7,7390967.5,1.67,100.0,52.2
29,-14910.3,6541180.875,1.72,100.0,52.1
30,-13807.75,5760388.125,1.65,100.0,52.1
31,-15609.7,6955566.75,1.67,99.9,52.2
32,-15161.59,5769565.125,1.64,100.0,52.5
33,-14025.54,5787098.0,1.6,100.0,52.5
34,-16369.25,7085237.625,1.58,100.0,52.5
35,-15230.75,7060228.0,1.61,100.0,52.6
36,-13506.5,5488874.25,1.59,100.0,52.4
37,-17086.11,9500590.25,1.72,100.0,52.5
38,-16052.17,7646537.125,1.67,100.0,52.5
39,-15996.35,7373475.0,1.61,100.0,52.6
40,-16878.5,8115443.625,1.65,100.0,52.6
41,-16403.1,8470795.25,1.62,98.3,52.6
42,-15737.41,6808170.125,1.67,100.0,52.6
43,-15359.52,7228703.0,1.57,100.0,52.7
44,-16024.57,7521069.625,1.65,100.0,52.8
45,-14699.44,6316058.125,1.64,100.0,52.8
46,-15331.32,7124495.125,1.66,100.0,52.8
47,-15107.95,6747529.125,1.66,100.0,52.9
48,-15429.15,7037386.125,1.57,100.0,52.9
49,-16165.94,7502127.625,1.64,100.0,53.0
50,-15498.76,7346098.125,1.59,100.0,53.0
51,-19269.47,11500645.25,1.65,100.0,53.2
52,-17577.98,9621900.5,1.59,100.0,53.0
53,-15330.87,7100245.0,1.62,100.0,53.0
54,-14805.71,6320338.25,1.58,100.0,53.0
55,-18317.55,8681660.25,1.63,100.0,53.0
56,-15004.43,6608696.75,1.64,100.0,53.1
57,-15582.24,7245930.875,1.71,100.0,53.1
58,-16896.26,8606529.0,1.59,100.0,53.2
59,-16323.52,7563956.75,1.7,100.0,53.1
60,-14368.97,6242362.625,1.63,100.0,53.2
61,-15609.3,7342214.125,1.64,100.0,52.8
62,-15877.86,7495978.25,1.68,98.7,53.0
63,-17435.87,9226232.5,1.64,100.0,53.1
64,-16441.57,8594693.75,1.64,100.0,53.1
65,-14789.05,7764902.625,1.57,100.0,53.1
66,-14897.96,6266860.375,1.59,100.0,53.2
67,-16223.48,7882016.625,1.57,100.0,53.2
68,-15228.9,6887023.375,1.79,100.0,53.2
69,-14462.02,5747561.125,1.58,100.0,53.3
70,-14632.67,6227694.0,1.63,100.0,53.1
71,-16940.85,9066361.75,1.53,100.0,53.2
72,-18526.93,9477229.0,1.71,100.0,53.3
73,-16881.27,8797400.75,1.61,100.0,53.3
74,-13929.41,5669238.25,1.58,100.0,53.3
75,-16143.65,7787373.5,1.73,100.0,53.3
76,-18299.57,9870772.75,1.66,100.0,53.3
77,-17284.43,8635790.0,1.64,100.0,53.4
78,-15110.52,6698998.5,1.65,100.0,53.3
79,-15024.51,6945351.25,1.68,100.0,53.4
80,-15618.62,6895939.25,1.81,100.0,53.4
81,-17138.34,7577761.875,1.69,97.9,53.6
82,-17580.51,8616725.0,1.65,100.0,53.6
83,-15150.29,7252712.125,1.69,100.0,54.4
84,-16262.4,8396041.75,1.72,100.0,54.4
85,-14530.85,5945810.5,1.66,99.4,54.2
86,-17319.22,9451017.0,1.78,100.0,54.3
87,-16609.49,8390599.0,1.66,100.0,54.2
88,-16440.66,7848661.75,1.6,100.0,54.1
89,-14845.58,6653426.5,1.59,100.0,54.0
90,-14946.04,6446309.625,1.61,98.0,54.1
91,-17909.85,8149410.375,1.69,100.0,54.2
92,-14592.5,5898732.875,1.68,100.0,54.2
93,-14446.04,6464884.125,1.57,100.0,54.1
94,-16075.1,7386767.125,1.62,100.0,53.7
95,-17087.72,8620464.25,1.67,100.0,53.7
96,-15237.56,6658347.5,1.62,100.0,53.8
97,-17730.38,8644820.5,1.7,100.0,53.8
98,-16081.39,7330720.875,1.64,100.0,53.6
99,-15963.02,7781300.0,1.59,99.9,53.7
100,-14151.8,5984285.625,1.65,100.0,53.8
101,-17202.79,8341468.5,1.64,100.0,53.9
102,-14982.56,6338188.0,1.67,100.0,53.9
103,-16214.2,6870455.125,1.61,100.0,53.9
104,-16347.62,7969495.625,1.58,100.0,53.9
105,-16154.02,7626221.125,1.6,100.0,53.9
106,-16403.29,7918238.625,1.59,100.0,53.9
107,-16085.2,7558966.75,1.58,100.0,54.0
108,-14869.38,6325881.25,1.57,100.0,54.0
109,-15629.75,6903329.5,1.6,100.0,54.0
110,-15304.1,7253630.625,1.65,100.0,54.0
111,-16600.83,8401534.0,1.61,100.0,53.9
112,-17347.81,7855428.375,1.65,100.0,54.0
113,-14391.58,6438310.0,1.61,100.0,54.1
114,-15244.85,6039205.25,1.67,100.0,54.0
115,-15587.02,7160203.125,1.72,100.0,53.9
116,-14751.78,6147839.875,1.66,100.0,53.9
117,-14613.85,6377662.625,1.79,100.0,54.0
118,-17534.8,7720969.625,1.77,100.0,54.1
119,-14489.29,6565824.75,1.62,100.0,53.9
120,-16249.04,7188577.0,1.72,100.0,54.0
121,-17312.09,7846919.5,1.66,100.0,54.0
122,-15691.9,7225607.0,1.61,100.0,54.0
123,-14297.45,6123113.25,1.71,100.0,54.0
124,-16408.44,7965936.875,1.62,100.0,53.9
125,-15893.46,7140959.625,1.65,100.0,53.9
126,-14713.98,6552953.75,1.59,100.0,54.1
127,-16708.96,8707374.0,1.62,100.0,54.1
128,-15280.13,6890982.25,1.63,100.0,54.2
129,-14970.93,6468414.75,1.62,100.0,54.1
130,-15487.67,6655078.75,1.6,100.0,54.2
131,-14603.8,6374908.375,1.58,100.0,54.2
132,-14634.04,5712690.625,1.66,100.0,54.3
133,-16843.49,7538676.0,1.69,100.0,54.4
134,-16049.45,8020796.625,1.59,100.0,54.2
135,-15610.04,6870426.25,1.58,100.0,54.3
136,-14635.22,6406285.375,1.59,100.0,53.8
137,-16697.26,7759392.0,1.62,100.0,53.9
138,-15384.05,7207722.75,1.65,97.2,54.3
139,-14108.53,6162197.625,1.59,100.0,54.2
140,-14883.51,6158166.25,1.59,100.0,54.1
141,-16007.09,7238442.875,1.7,99.0,54.4
142,-16604.66,8627718.5,1.63,100.0,54.4
143,-15689.51,7592006.875,1.59,100.0,54.5
144,-16293.08,6738136.875,1.64,100.0,54.5
145,-16568.66,7935525.75,1.6,100.0,54.4
146,-16083.54,7058873.875,1.63,100.0,54.4
147,-17565.16,9261453.75,1.6,100.0,54.5
148,-16497.57,7514002.5,1.57,100.0,54.5
149,-15584.5,6940573.25,1.61,100.0,54.5
150,-17290.02,8267621.875,1.61,100.0,54.4
151,-16084.44,7144244.625,1.7,100.0,54.4
152,-16207.02,7492215.25,1.7,100.0,54.2
153,-16673.16,7556126.125,1.68,100.0,54.3
154,-15945.96,6762976.0,1.68,100.0,54.4
155,-13362.83,5032242.625,1.62,100.0,54.4
156,-15642.07,7586722.75,1.55,100.0,54.4
157,-16985.64,8360383.375,1.62,100.0,54.4
158,-15850.26,7237566.125,1.76,100.0,54.3
159,-15421.83,6951588.375,1.6,99.0,54.4
160,-14970.8,6696508.125,1.59,100.0,54.2
161,-15549.79,6006295.0,1.61,100.0,54.2
162,-16480.43,8440932.75,1.67,100.0,54.2
163,-14523.58,5927968.5,1.66,99.2,54.1
164,-14377.25,6252621.5,1.65,100.0,54.2
165,-14007.73,5230373.5,1.58,100.0,53.9
166,-14917.99,6075964.0,1.58,100.0,53.9
167,-15656.57,6401974.625,1.7,100.0,53.9
168,-16153.62,7215558.5,1.65,100.0,54.0
169,-13699.04,5183375.875,1.64,100.0,54.0
170,-17265.82,8515208.25,1.65,100.0,54.0
171,-13749.12,5506709.0,1.62,100.0,53.6
172,-17905.11,9188632.5,1.67,100.0,53.5
173,-14617.24,6081938.25,1.67,98.3,53.6
174,-15651.98,6370673.375,1.57,100.0,53.5
175,-16638.33,7762521.25,1.63,100.0,53.7
176,-15291.29,6409005.375,1.57,100.0,53.5
177,-15321.47,6722180.25,1.66,100.0,53.6
178,-18415.68,8274476.125,1.69,100.0,53.6
179,-16189.83,7112821.5,1.73,100.0,53.6
180,-14698.73,6387118.25,1.73,100.0,53.7
181,-15699.95,6857244.375,1.69,100.0,53.7
182,-15438.34,6783435.875,1.61,100.0,53.7
183,-12700.15,4599276.5,1.61,100.0,53.5
184,-16161.32,6889234.75,1.61,100.0,53.6
185,-15720.63,6545334.125,1.56,100.0,53.7
186,-16061.69,7637564.375,1.62,99.4,53.6
187,-15213.37,6334994.875,1.58,100.0,53.7
188,-17556.32,8350622.0,1.66,100.0,53.7
189,-15378.6,6218272.75,1.7,100.0,53.7
190,-16094.21,7152467.375,1.61,100.0,53.7
191,-14767.99,5510095.125,1.66,100.0,53.8
192,-17252.38,8266530.625,1.67,100.0,53.7
193,-15430.42,6438025.625,1.63,100.0,53.9
194,-15023.85,6164824.25,1.57,100.0,53.9
195,-16665.84,8244878.375,1.58,100.0,54.1
196,-17997.0,8486917.0,1.7,100.0,54.0
197,-14927.5,5669380.0,1.68,100.0,53.9
198,-14930.16,6049619.875,1.66,100.0,53.8
199,-16603.39,7249986.375,1.64,100.0,53.8
200,-15552.81,6427496.375,1.64,100.0,53.9
201,-15170.07,6443942.125,1.62,100.0,54.0
202,-16191.61,6762401.75,1.64,100.0,53.8
203,-16662.76,7222838.375,1.62,100.0,53.8
204,-15251.39,6070200.0,1.64,100.0,53.9
205,-14851.29,6045037.0,1.65,100.0,53.7
206,-15523.41,6626611.75,1.68,100.0,53.7
207,-15309.83,6003147.75,1.64,100.0,53.9
208,-16836.8,7798041.625,1.72,100.0,53.7
209,-13388.59,4855590.25,1.62,100.0,53.7
210,-15513.31,6118836.25,1.66,99.5,53.7
211,-14445.34,6045089.5,1.65,98.9,53.6
212,-13593.42,4701697.625,1.66,100.0,53.5
213,-16796.7,7842426.375,1.64,100.0,53.7
214,-14401.21,5366158.625,1.63,100.0,53.7
215,-14238.81,5394406.875,1.59,100.0,53.9
216,-16279.03,6718905.875,1.7,100.0,53.7
217,-15374.29,6192696.75,1.64,100.0,53.8
218,-15977.78,6356514.75,1.63,100.0,53.8
219,-16293.53,7043291.375,1.6,100.0,54.0
220,-14441.54,5444554.75,1.72,100.0,54.1
221,-13893.16,5055995.0,1.67,100.0,54.1
222,-16754.71,7086349.875,1.63,100.0,54.2
223,-14819.83,5895075.875,1.63,100.0,54.1
224,-14946.86,5984896.25,1.66,100.0,54.2
225,-15309.7,5745842.375,1.64,100.0,54.2
226,-14875.21,5639371.5,1.64,100.0,54.2
227,-14525.31,5225562.125,1.69,100.0,54.2
228,-15062.11,5538842.375,1.78,99.8,54.0
229,-14851.88,5131993.375,1.69,98.9,53.7
230,-15146.12,5853303.625,1.64,100.0,53.7
231,-14921.41,5829985.375,1.59,100.0,53.8
232,-15256.45,5925216.25,1.68,100.0,53.8
233,-15867.69,6092956.75,1.6,100.0,53.7
234,-13872.21,4967504.125,1.59,100.0,53.8
235,-16615.81,6614406.375,1.65,100.0,54.0
236,-15926.94,6185692.75,1.59,100.0,53.9
237,-15734.9,5900940.375,1.7,100.0,54.0
238,-13925.54,4810411.0,1.68,100.0,54.1
239,-15087.91,5632332.625,1.6,100.0,54.1
240,-15672.65,5870504.875,1.68,100.0,54.0
241,-15615.37,6757433.25,1.67,100.0,54.0
242,-14368.61,5408756.75,1.63,99.6,54.4
243,-16402.06,6808738.25,1.66,99.8,54.4
244,-15810.61,5374583.5,1.69,100.0,54.4
245,-15945.94,6361729.375,1.67,100.0,54.4
246,-17512.83,8141771.5,1.59,100.0,54.4
247,-13416.83,4628212.75,1.6,100.0,54.4
248,-14477.86,4970475.125,1.65,100.0,54.4
249,-16099.35,6262643.75,1.68,100.0,54.5
250,-16961.65,6905595.375,1.72,100.0,54.5
251,-14886.23,5716205.5,1.71,100.0,54.5
252,-16056.66,6347096.875,1.74,100.0,54.6
253,-15291.35,5611174.5,1.6,100.0,54.6
254,-14360.63,5436817.875,1.63,100.0,54.6
255,-14939.67,5407907.5,1.67,99.9,54.2
256,-16843.34,7403642.375,1.64,99.4,54.0
257,-15360.58,5252298.25,1.65,100.0,54.0
258,-16970.06,7579426.25,1.59,100.0,54.1
259,-16000.51,5069711.5,1.72,100.0,53.9
260,-14711.47,5166381.0,1.73,97.1,53.7
261,-14525.15,4912061.5,1.65,100.0,53.8
262,-18130.4,7959040.625,1.62,100.0,53.9
263,-15463.64,5460849.75,1.62,100.0,53.8
264,-15946.22,6035046.75,1.64,100.0,53.9
265,-14464.45,4863453.625,1.63,99.9,53.8
266,-14975.33,5392045.625,1.6,100.0,53.9
267,-14787.06,5422758.125,1.57,100.0,54.0
268,-15656.59,5503406.25,1.65,100.0,54.0
269,-15895.17,5747551.0,1.66,100.0,53.9
270,-16201.04,5895384.25,1.67,100.0,53.8
271,-15773.14,6000946.625,1.67,100.0,53.9
272,-14481.39,4842997.5,1.62,100.0,54.0
273,-14128.6,4515287.125,1.59,100.0,54.1
274,-14906.53,4843809.5,1.62,100.0,54.0
275,-16370.85,6844855.625,1.6,100.0,53.4
276,-17821.12,7977435.0,1.74,100.0,53.4
277,-15674.65,4753995.625,1.76,100.0,53.6
278,-14511.35,4683977.0,1.62,100.0,53.6
279,-14133.96,4853169.875,1.58,100.0,53.7
280,-14908.22,5118956.125,1.74,100.0,53.6
281,-16473.68,6072044.5,1.76,100.0,53.6
282,-15511.65,5096685.5,1.66,100.0,53.7
283,-13350.84,3886879.875,1.64,100.0,53.7
284,-14029.27,4283971.375,1.65,100.0,53.8
285,-15070.09,5048088.75,1.74,100.0,53.8
286,-17185.68,7258497.25,1.7,100.0,53.8
287,-14995.43,4821356.625,1.78,100.0,53.8
288,-16973.76,7154745.875,1.57,100.0,53.9
289,-14275.05,4338165.875,1.65,100.0,53.8
290,-16411.38,6116423.625,1.64,99.7,53.9
291,-16862.54,5876817.0,1.7,100.0,54.0
292,-15519.87,5452806.25,1.65,100.0,53.6
293,-12765.77,3634291.4375,1.63,100.0,53.7
294,-14702.31,4426353.375,1.58,100.0,53.7
295,-16876.98,6158696.625,1.68,100.0,53.8
296,-17074.86,6490474.0,1.7,100.0,53.9
297,-16549.52,5839683.125,1.64,100.0,53.8
298,-16421.97,5492524.125,1.68,100.0,53.9
299,-15479.14,4916836.75,1.6,100.0,53.8
300,-18280.73,7665135.5,1.67,100.0,53.9
301,-15310.45,4866142.75,1.62,100.0,53.9
302,-14381.85,4144542.375,1.65,100.0,54.0
303,-17550.89,6351447.25,1.65,100.0,54.0
304,-15324.46,4645589.125,1.69,100.0,54.1
305,-17073.04,7053953.625,1.64,100.0,54.1
306,-15606.33,4844418.5,1.58,100.0,54.2
307,-16158.13,5544884.75,1.69,100.0,54.3
308,-17519.57,6309409.625,1.75,100.0,54.4
309,-15666.29,5221470.25,1.65,100.0,54.3
310,-14137.93,4133606.8125,1.63,100.0,54.2
311,-13590.31,3376248.4375,1.66,100.0,54.2
312,-16213.79,5735636.0,1.63,100.0,54.2
313,-17167.31,6206892.125,1.68,100.0,54.1
314,-16435.58,5428760.875,1.64,100.0,54.1
315,-14365.79,4159649.4375,1.66,100.0,54.0
316,-16508.1,4496812.75,1.76,100.0,54.1
317,-13565.7,3910438.6875,1.65,90.2,54.1
318,-16057.5,5284749.25,1.61,100.0,54.1
319,-16719.67,5728689.75,1.59,100.0,54.2
320,-17275.46,6361499.75,1.62,100.0,54.1
321,-15629.54,4416323.5,1.7,99.0,54.1
322,-16901.27,5760796.25,1.6,100.0,54.2
323,-15032.34,4367849.875,1.7,100.0,54.2
324,-16466.16,6135132.25,1.57,100.0,54.3
325,-16102.27,4832040.75,1.61,100.0,54.2
326,-17282.54,5610966.375,1.68,99.8,54.1
327,-12796.84,2913601.125,1.65,100.0,54.1
328,-15842.53,4979376.875,1.61,100.0,54.2
329,-17094.05,5776913.625,1.61,100.0,54.2
330,-17209.32,5492402.625,1.58,100.0,54.2
331,-16324.06,5140153.75,1.6,100.0,54.2
332,-16990.35,5994255.625,1.64,100.0,54.2
333,-15389.79,4780562.625,1.62,100.0,54.3
334,-15643.45,4370477.625,1.73,100.0,54.3
335,-15431.14,4291752.125,1.55,100.0,54.4
336,-14896.0,3753438.25,1.62,100.0,54.4
337,-16287.67,4555256.625,1.68,100.0,54.3
338,-15896.02,4921479.0,1.65,100.0,54.4
339,-15296.16,4430821.375,1.75,100.0,54.5
340,-16699.85,5201958.875,1.66,100.0,54.5
341,-16309.42,4739371.875,1.66,100.0,54.4
342,-16226.06,4950798.125,1.57,100.0,54.5
343,-13692.24,3428013.1875,1.55,100.0,54.5
344,-14426.27,3352939.3125,1.64,100.0,54.6
345,-15090.14,4090489.6875,1.61,100.0,54.6
346,-15882.25,4337759.375,1.65,100.0,54.6
347,-16306.73,4518152.875,1.64,100.0,54.6
348,-13042.33,2861061.75,1.7,100.0,54.7
349,-16147.86,4541091.5,1.67,98.7,54.9
350,-18518.73,6505204.375,1.64,100.0,54.9
351,-15601.2,4148368.0625,1.62,100.0,54.7
352,-11867.94,2133970.375,1.59,100.0,54.8
353,-17826.4,4860237.5,1.74,100.0,54.8
354,-14352.28,3583072.1875,1.6,100.0,54.9
355,-15736.63,4588507.5,1.61,100.0,54.9
356,-16164.41,4810928.625,1.64,100.0,54.9
357,-15621.86,3665799.1875,1.61,100.0,54.9
358,-15860.37,4134614.9375,1.61,100.0,54.9
359,-13698.69,2829278.25,1.6,100.0,55.0
360,-16180.24,4695467.5,1.72,100.0,55.1
361,-15339.32,3893941.5,1.68,100.0,55.1
362,-17139.08,4557523.375,1.71,100.0,55.1
363,-15479.93,3818025.625,1.6,100.0,55.1
364,-17099.25,4335198.375,1.73,100.0,55.1
365,-14643.56,3449518.6875,1.69,99.8,55.2
366,-15876.11,4186812.375,1.64,100.0,55.2
367,-14276.35,2896299.875,1.6,100.0,55.3
368,-17420.41,4450128.875,1.73,100.0,55.2
369,-12723.05,2319741.1875,1.65,100.0,55.3
370,-16601.88,4365174.375,1.72,99.2,55.3
371,-14998.63,3506430.75,1.63,100.0,55.2
372,-17014.18,5081453.0,1.58,100.0,55.3
373,-16041.36,3787119.125,1.67,100.0,55.3
374,-15903.82,3853085.875,1.71,100.0,55.5
375,-15875.59,4308485.25,1.69,100.0,55.5
376,-14429.67,2839784.6875,1.65,100.0,55.5
377,-16604.08,5088607.125,1.67,99.9,54.9
378,-14622.88,2787860.0,1.59,100.0,54.9
379,-15122.15,3414291.5625,1.66,100.0,54.9
380,-16335.17,3826525.625,1.6,100.0,55.0
381,-15104.24,3296921.5625,1.62,100.0,55.2
382,-13807.77,2810195.1875,1.65,100.0,55.2
383,-16969.18,4127079.4375,1.72,100.0,55.1
384,-17205.66,4302151.0,1.63,100.0,55.2
385,-15259.8,3023244.125,1.6,100.0,55.2
386,-14830.26,2723578.5625,1.71,100.0,55.3
387,-15983.15,3399552.4375,1.68,100.0,55.3
388,-17035.73,4288279.125,1.69,100.0,55.3
389,-16265.94,4023335.1875,1.58,100.0,55.2
390,-14067.6,2694253.5625,1.59,100.0,55.3
391,-14016.27,2638959.5625,1.64,100.0,55.3
392,-15527.15,3241941.1875,1.86,100.0,55.3
393,-18582.8,4997073.5,1.74,98.5,55.4
394,-14855.09,2556050.6875,1.63,99.9,55.5
395,-16264.97,3821842.8125,1.58,100.0,55.6
396,-16996.05,3612758.5,1.65,100.0,55.4
397,-15786.15,3665992.375,1.65,100.0,55.4
398,-12953.52,2040036.9375,1.65,100.0,55.4
399,-14125.59,2613728.25,1.66,100.0,55.5
400,-16241.8,3445387.8125,1.63,100.0,55.6
401,-16199.33,3519290.6875,1.64,100.0,55.6
402,-16072.05,3709613.9375,1.68,100.0,55.6
403,-14270.25,2066123.5625,1.69,100.0,55.6
404,-15752.29,2981982.5625,1.7,100.0,55.7
405,-15588.14,2831230.125,1.63,100.0,55.5
406,-15471.24,2761336.8125,1.62,100.0,55.5
407,-14694.6,2711862.0625,1.58,100.0,55.5
408,-14204.29,2317243.625,1.57,100.0,55.5
409,-14205.59,2025733.3125,1.69,100.0,55.6
410,-14156.96,2051287.7188,1.57,100.0,55.6
411,-15460.24,2847105.8125,1.6,100.0,55.6
412,-15507.4,3040618.1875,1.6,100.0,55.6
413,-15381.14,2679929.5625,1.58,100.0,55.7
414,-14792.19,2250091.25,1.6,100.0,55.7
415,-15199.29,2786991.5,1.59,100.0,55.7
416,-15707.17,3013995.5,1.57,100.0,55.8
417,-14802.2,2114683.625,1.71,100.0,55.9
418,-14237.27,1669182.1875,1.82,100.0,55.8
419,-16723.06,2613466.0,1.67,100.0,55.9
420,-12992.29,1346353.0625,1.81,100.0,56.0
421,-14665.66,2054640.5938,1.68,100.0,56.1
422,-15797.16,3175524.75,1.83,100.0,56.7
423,-16436.99,3442953.0,1.69,88.4,56.5
424,-16156.11,2702073.75,1.69,100.0,56.5
425,-15584.16,2229551.8125,1.6,100.0,56.4
426,-15407.17,2263726.0625,1.59,100.0,56.5
427,-14316.78,2019865.0312,1.61,100.0,56.3
428,-15266.18,2230027.0,1.61,100.0,56.3
429,-16072.34,2261916.0625,1.67,100.0,56.4
430,-16989.63,3123890.625,1.63,100.0,56.4
431,-17590.38,3459763.75,1.66,100.0,56.5
432,-15928.81,2321713.3125,1.61,100.0,56.5
433,-14467.0,1651599.375,1.67,100.0,56.4
434,-14918.19,2203269.3125,1.67,100.0,56.4
435,-15137.92,2114707.3125,1.58,100.0,56.5
436,-16257.76,2912881.3125,1.61,100.0,56.5
437,-15268.43,1951511.8438,1.65,100.0,56.6
438,-15263.2,1893801.3438,1.79,100.0,56.5
439,-16405.55,2638641.0,1.66,100.0,56.6
440,-15645.9,2041296.5,1.63,99.9,56.6
441,-13813.98,1377635.9062,1.67,100.0,56.7
442,-15234.77,1898034.125,1.63,100.0,56.5
443,-16925.83,2820130.75,1.67,100.0,56.5
444,-15610.5,1849410.9062,1.69,100.0,56.6
445,-15978.5,2198370.375,1.71,99.8,56.4
446,-14504.79,1514588.8438,1.6,100.0,56.5
447,-15303.45,1937920.5938,1.58,100.0,56.5
448,-17262.6,2770179.5,1.71,100.0,56.4
449,-16672.0,2077509.5938,1.69,100.0,56.3
450,-15238.05,1865647.3438,1.66,100.0,56.1
451,-14470.79,1274503.2812,1.63,100.0,56.2
452,-14508.16,1536474.25,1.61,100.0,56.2
453,-16822.65,2283366.0,1.65,100.0,56.2
454,-16144.2,1785625.25,1.62,100.0,56.3
455,-15212.53,1359792.6562,1.69,100.0,56.2
456,-15585.37,1752164.8125,1.64,100.0,56.2
457,-15638.49,1392614.6875,1.66,100.0,56.3
458,-15621.88,1647187.0,1.6,100.0,56.3
459,-15309.32,1584266.9688,1.74,100.0,56.3
460,-15971.5,1945617.8125,1.67,100.0,56.4
461,-15777.18,2118946.125,1.67,100.0,56.3
462,-15507.39,1700648.5,1.66,100.0,56.4
463,-16553.35,1901343.0312,1.67,100.0,56.3
464,-15339.84,1219308.9688,1.67,100.0,56.3
465,-15147.52,1481337.6562,1.76,100.0,56.4
466,-15101.4,1227518.2812,1.63,100.0,56.5
467,-18361.73,2786938.4375,1.68,100.0,56.5
468,-15340.25,1537998.7188,1.69,100.0,56.5
469,-16163.51,1803997.75,1.7,100.0,56.4
470,-17242.08,1737069.4062,1.75,98.3,56.2
471,-16597.96,1649048.9688,1.72,99.3,56.2
472,-14909.96,996340.8594,1.59,99.1,56.2
473,-17222.55,1771193.2188,1.67,100.0,56.2
474,-15823.39,1235034.8125,1.64,100.0,56.2
475,-13745.59,971969.2031,1.63,100.0,56.3
476,-14907.92,1025964.7344,1.71,100.0,56.5
477,-16472.45,1743506.125,1.63,100.0,56.5
478,-15212.22,1105255.9062,1.66,100.0,56.4
479,-16692.21,1499048.125,1.63,100.0,56.4
480,-15570.49,1194869.9062,1.7,100.0,56.5
481,-14499.61,921426.8906,1.63,100.0,56.6
482,-14933.47,1070678.0938,1.6,100.0,56.8
483,-16427.36,1639351.9375,1.5,99.1,56.7
484,-15560.86,1415663.7188,1.66,94.7,56.5
485,-16472.96,978153.0781,1.71,98.9,56.6
486,-15710.43,2124115.625,1.62,100.0,56.6
487,-14962.24,1230825.9375,1.61,100.0,56.7
488,-13908.96,801292.2969,1.57,100.0,56.8
489,-15806.79,1062609.375,1.7,100.0,56.8
490,-13936.35,628080.5,1.68,100.0,56.7
491,-17771.82,1789207.0,1.67,100.0,56.7
492,-16521.0,1351383.875,1.71,100.0,56.8
493,-14996.13,984865.3125,1.66,100.0,56.9
494,-15055.7,839674.125,1.7,100.0,56.8
495,-13475.26,783365.3906,1.58,100.0,56.7
496,-13888.03,711451.3594,1.59,100.0,56.7
497,-15308.39,751604.4688,1.67,100.0,56.8
498,-14995.7,1114612.5,1.6,100.0,56.8
499,-15601.95,1109158.4375,1.66,100.0,56.8
500,-13686.68,717710.1875,1.68,100.0,56.6
501,-15257.98,990089.5938,1.67,98.0,56.4
502,-14749.42,643102.2812,1.65,100.0,55.9
503,-14242.06,789052.5156,1.61,100.0,56.0
504,-13575.12,263796.8242,1.65,100.0,55.7
505,-14229.24,566632.7344,1.7,100.0,55.6
506,-14963.42,497238.1719,1.66,99.5,55.9
507,-15700.7,676349.8906,1.67,100.0,55.9
508,-13394.74,509622.6641,1.57,100.0,56.0
509,-13949.74,526925.6094,1.64,100.0,55.9
510,-17861.27,1224865.5312,1.67,100.0,56.0
511,-15286.84,677299.2031,1.71,100.0,56.1
512,-15064.35,838489.6406,1.63,100.0,56.0
513,-15111.08,722748.0625,1.63,100.0,56.2
514,-16062.54,682422.7812,1.65,97.2,56.2
515,-14386.06,685225.0312,1.59,99.9,56.3
516,-16819.55,1013104.4375,1.62,100.0,56.3
517,-14037.14,782997.625,1.59,100.0,56.4
518,-15425.63,583973.3125,1.6,100.0,56.3
519,-15682.13,956798.375,1.61,100.0,56.5
520,-15998.89,626530.3125,1.72,100.0,56.4
521,-14397.96,337105.5391,1.64,100.0,56.4
522,-16152.62,908021.3438,1.62,100.0,56.5
523,-15647.28,659157.2031,1.63,99.9,56.7
524,-15217.95,746237.1875,1.59,100.0,56.7
525,-15102.3,624563.1719,1.63,100.0,56.6
526,-16422.02,546420.4375,1.66,100.0,56.6
527,-16470.37,1176703.4688,1.64,100.0,56.7
528,-14462.01,516323.2578,1.63,100.0,56.8
529,-14795.23,674523.1094,1.71,100.0,56.9
530,-17317.46,632080.0781,1.63,100.0,56.8
531,-14986.44,579547.2969,1.71,100.0,56.9
532,-17074.58,1280941.875,1.64,99.9,56.9
533,-15170.9,639365.2656,1.73,99.7,57.1
534,-14707.3,465358.2422,1.62,99.8,57.1
535,-16352.9,873214.6719,1.62,100.0,57.0
536,-15871.05,725004.2031,1.65,100.0,56.9
537,-16122.98,913501.8594,1.63,100.0,57.0
538,-16294.7,794196.0469,1.66,100.0,57.1
539,-15651.57,383247.1641,1.64,100.0,57.0
540,-15653.88,409918.5078,1.72,99.9,57.1
541,-15927.89,840651.2188,1.62,98.5,56.8
542,-15120.49,208513.2969,1.67,100.0,56.8
543,-15672.44,806368.5625,1.58,100.0,56.9
544,-16047.01,916949.1719,1.66,100.0,56.6
545,-16396.0,558422.6094,1.7,99.5,57.0
546,-15225.55,478539.7891,1.65,100.0,57.0
547,-16007.84,543442.375,1.6,100.0,57.0
548,-13655.05,408096.5234,1.61,100.0,57.1
549,-14057.86,344896.0469,1.67,100.0,57.1
550,-16678.73,748021.3281,1.66,100.0,57.1
551,-17865.73,693823.2188,1.73,100.0,57.2
552,-15019.48,665195.2344,1.59,100.0,57.1
553,-17393.94,118618.0059,1.74,100.0,57.2
554,-13017.72,636321.9844,1.62,100.0,57.4
555,-13735.78,427246.0078,1.59,100.0,57.3
556,-14880.73,656936.9062,1.58,100.0,57.5
557,-13959.32,358731.8672,1.6,100.0,57.5
558,-13751.03,520701.9844,1.6,100.0,57.6
559,-15634.19,549199.1562,1.63,100.0,57.6
560,-14454.61,532860.4062,1.55,100.0,57.6
561,-15165.75,399742.4062,1.63,100.0,57.5
562,-16646.68,366591.4062,1.69,100.0,57.7
563,-15671.01,282572.9375,1.75,100.0,57.7
564,-13178.83,394843.5781,1.69,100.0,57.7
565,-15810.47,506773.7188,1.66,100.0,57.8
566,-14727.97,421363.5938,1.62,100.0,57.8
567,-14021.75,219446.6719,1.66,100.0,57.8
568,-15524.18,425353.9766,1.68,100.0,57.9
569,-15223.26,298131.8203,1.7,100.0,57.9
570,-14965.11,224300.7656,1.7,100.0,58.0
571,-17067.47,478482.7969,1.7,100.0,58.0
572,-16015.87,566844.125,1.7,99.9,58.2
573,-14988.66,556351.7969,1.65,99.8,58.2
574,-16533.17,270554.4766,1.71,100.0,58.2
575,-16652.59,273181.1094,1.66,100.0,58.2
576,-16452.27,668165.6094,1.67,100.0,58.3
577,-14856.75,507483.9141,1.61,100.0,58.4
578,-15662.55,453218.1641,1.65,100.0,58.4
579,-13974.0,349045.8594,1.69,100.0,58.4
580,-16506.36,294124.9609,1.65,100.0,58.5
581,-15272.79,716416.5156,1.62,100.0,58.6
582,-15441.94,514002.7812,1.62,100.0,58.8
583,-15261.31,281311.8594,1.66,100.0,58.7
584,-16423.34,391370.7812,1.66,100.0,58.6
585,-16302.33,346999.8594,1.57,100.0,58.6
586,-16249.86,171553.9141,1.7,100.0,58.1
587,-14941.77,454229.7734,1.68,100.0,58.1
588,-15407.7,310930.5156,1.67,100.0,58.0
589,-15162.37,719819.0625,1.57,100.0,58.1
590,-14622.52,570273.2031,1.62,100.0,58.2
591,-17313.88,490306.3828,1.65,100.0,58.2
592,-14997.98,364734.2188,1.6,100.0,58.1
593,-15632.24,197147.0703,1.65,100.0,57.8
594,-15490.79,471418.4688,1.6,100.0,57.8
595,-15305.28,202403.4531,1.66,100.0,57.9
596,-15071.93,444500.8438,1.57,100.0,57.8
597,-15668.7,352262.2812,1.62,100.0,57.9
598,-15916.52,507407.6875,1.64,100.0,57.8
599,-15821.84,294833.5859,1.72,100.0,57.9
600,-14552.84,352974.8984,1.67,100.0,57.9
601,-14254.77,226483.2695,1.7,100.0,57.9
602,-15913.75,176481.0039,1.78,100.0,57.9
603,-14168.65,394150.8359,1.64,100.0,57.9
604,-15297.9,504777.6016,1.62,100.0,58.0
605,-14792.43,263055.6641,1.62,100.0,58.1
606,-14966.77,263658.4219,1.69,100.0,57.8
607,-15956.94,255513.1484,1.72,100.0,57.7
608,-15306.53,316660.3203,1.66,100.0,57.8
609,-14839.0,277311.4141,1.66,100.0,57.9
610,-17083.01,274971.9688,1.76,99.8,58.2
611,-15598.06,317692.9766,1.69,92.3,58.2
612,-13599.02,610127.4062,1.61,100.0,58.0
613,-16702.37,327234.3594,1.62,100.0,58.2
614,-14664.78,184987.1836,1.71,100.0,58.1
615,-16513.31,544604.4531,1.69,98.8,58.4
616,-15296.51,225974.0742,1.68,100.0,58.4
617,-16954.6,335376.2969,1.71,100.0,58.3
618,-15478.46,412229.9141,1.55,100.0,58.3
619,-14381.39,128818.5938,1.68,100.0,58.4
620,-15191.62,285464.5859,1.7,100.0,58.6
621,-16504.34,129135.7598,1.66,100.0,58.6
622,-14939.48,272596.9297,1.56,100.0,58.5
623,-16084.4,174554.2461,1.63,100.0,58.5
624,-16235.28,337892.4531,1.61,99.7,58.6
625,-14565.24,339855.1797,1.66,100.0,58.6
626,-14491.96,197156.7656,1.63,100.0,58.6
627,-15977.56,295285.3984,1.6,100.0,58.6
628,-12633.34,370946.2891,1.62,100.0,58.7
629,-15551.25,304156.3594,1.65,100.0,58.8
630,-14491.69,127286.8203,1.71,100.0,58.7
631,-15555.31,178033.0352,1.67,100.0,58.8
632,-15048.75,188478.1133,1.6,100.0,58.8
633,-14403.36,69544.4004,1.71,100.0,58.9
634,-16343.36,282700.9688,1.81,100.0,59.0
635,-13648.65,626905.25,1.7,100.0,58.6
636,-15859.96,267559.7734,1.73,100.0,58.6
637,-14657.13,228102.5742,1.69,100.0,58.6
638,-14741.57,165021.6484,1.68,99.9,58.8
639,-15926.24,241538.082,1.62,100.0,59.0
640,-14674.57,231271.1992,1.62,100.0,58.5
641,-16068.88,264648.25,1.63,100.0,58.5
642,-14067.74,89065.5605,1.63,100.0,58.6
643,-13739.45,143606.6953,1.67,98.9,58.4
644,-15575.19,339141.6875,1.62,100.0,58.4
645,-14548.29,177106.9102,1.69,100.0,58.4
646,-15527.33,191660.0117,1.61,100.0,58.4
647,-15363.53,219529.8594,1.61,100.0,58.5
648,-16619.86,333066.625,1.68,100.0,58.6
649,-17138.75,636011.4375,1.68,100.0,58.6
650,-17699.97,295276.1719,1.64,100.0,58.6
651,-14548.66,134698.2539,1.66,100.0,58.6
652,-14205.12,370135.6328,1.66,100.0,58.7
653,-16188.14,236360.8359,1.65,100.0,58.7
654,-15578.07,106621.8242,1.6,100.0,58.7
655,-16171.81,76927.2461,1.86,100.0,58.8
656,-14053.36,221149.7656,1.64,100.0,58.8
657,-15619.0,395781.2422,1.68,97.5,59.0
658,-14219.52,114342.6934,1.71,98.7,58.8
659,-16571.14,391250.3438,1.58,100.0,58.8
660,-15686.23,310824.5938,1.62,100.0,58.9
661,-16158.61,204889.7773,1.63,100.0,58.8
662,-15579.35,194888.5898,1.67,100.0,58.9
663,-15204.0,58639.5996,1.66,100.0,58.9
664,-14827.14,329659.1562,1.61,100.0,58.7
665,-13966.32,232780.8398,1.62,100.0,58.8
666,-17898.83,342095.6406,1.67,100.0,58.8
667,-16465.99,302736.5078,1.63,100.0,58.9
668,-15116.13,285718.3438,1.6,100.0,58.8
669,-14545.36,97212.6348,1.66,100.0,58.8
670,-15009.57,134084.3516,1.65,100.0,58.9
671,-15323.1,115442.541,1.62,100.0,58.9
672,-13825.52,139001.8047,1.71,100.0,59.1
673,-15533.84,313466.8672,1.63,100.0,59.0
674,-15407.56,422043.7109,1.59,100.0,59.0
675,-16958.2,176608.4375,1.66,100.0,59.2
676,-14546.83,254418.668,1.77,100.0,59.1
677,-16490.67,106611.9316,1.71,100.0,59.2
678,-16324.23,307015.7812,1.63,100.0,59.2
679,-15167.82,222235.9609,1.59,100.0,58.7
680,-15067.63,125865.9219,1.69,100.0,58.8
681,-14865.27,282881.9531,1.62,100.0,58.9
682,-13766.65,219429.4219,1.7,100.0,58.9
683,-14751.22,63919.6055,1.8,100.0,59.0
684,-14577.49,158322.8047,1.66,96.8,59.3
685,-14690.86,243980.9961,1.64,98.7,59.5
686,-13276.08,270119.1562,1.6,100.0,59.6
687,-13631.64,229840.3477,1.64,100.0,59.6
688,-17169.47,256519.9258,1.64,100.0,59.6
689,-16205.92,115588.7051,1.67,100.0,59.6
690,-16675.86,343108.6875,1.66,100.0,59.7
691,-13980.25,104387.3594,1.68,100.0,60.0
692,-15054.88,203758.9414,1.7,100.0,60.0
693,-16190.01,296779.0469,1.68,100.0,60.3
694,-15163.71,286443.5469,1.63,100.0,60.6
695,-14345.98,158878.25,1.65,100.0,60.6
696,-15250.96,73503.0742,1.77,99.2,61.4
697,-16283.33,268675.9648,1.78,100.0,61.5
698,-12398.19,253960.5078,1.7,100.0,61.5
699,-14584.75,140407.25,1.61,100.0,61.6
700,-14617.82,45927.4658,1.65,100.0,61.7
701,-13976.17,115488.6094,1.72,99.6,61.6
702,-13152.19,166730.125,1.71,100.0,61.7
703,-14149.99,312149.1328,1.6,100.0,61.7
704,-14883.98,102980.0117,1.67,100.0,61.1
705,-14582.32,249493.5117,1.6,100.0,61.2
706,-13396.29,156972.3789,1.62,100.0,61.1
707,-16291.86,400687.6484,1.59,100.0,61.2
708,-15252.5,129679.8809,1.59,97.5,61.2
709,-14930.35,254441.8203,1.62,99.2,61.2
710,-16009.56,125900.8301,1.73,100.0,61.1
711,-15054.41,200887.4062,1.67,100.0,61.2
712,-14744.97,231786.9492,1.61,100.0,61.2
713,-14928.21,226458.9844,1.59,100.0,60.8
714,-15968.17,186324.9141,1.65,100.0,60.8
715,-15764.57,242916.0781,1.69,100.0,61.0
716,-15080.59,243541.1445,1.59,100.0,61.1
717,-14442.64,124256.5508,1.59,100.0,61.2
718,-15618.1,151473.0547,1.67,100.0,61.1
719,-14073.99,252295.6172,1.62,100.0,61.3
720,-13838.87,97126.0723,1.63,100.0,61.5
721,-14637.44,159676.1641,1.63,100.0,61.6
722,-14392.44,178827.6211,1.65,100.0,61.7
723,-15221.79,212247.4375,1.69,100.0,61.5
724,-15996.23,163923.0547,1.77,99.9,61.5
725,-15585.09,254010.6367,1.74,100.0,61.5
726,-15783.06,187497.8359,1.63,100.0,61.6
727,-13542.04,162920.0586,1.64,100.0,61.6
728,-14845.0,75623.2598,1.65,100.0,61.9
729,-16302.85,171480.6133,1.66,100.0,61.8
730,-15989.45,371196.7734,1.54,100.0,61.7
731,-16348.24,78379.168,1.73,100.0,61.8
732,-14718.35,223069.3711,1.69,100.0,61.7
733,-14422.84,148342.5117,1.73,99.8,61.4
734,-14975.76,164228.168,1.69,100.0,61.0
735,-14927.01,149325.8203,1.62,100.0,60.8
736,-14741.83,221425.4766,1.6,100.0,60.9
737,-14459.06,120261.418,1.69,100.0,60.8
738,-15088.74,123280.5332,1.63,100.0,60.6
739,-16325.15,228758.207,1.6,100.0,60.6
740,-14028.38,80992.1953,1.62,100.0,60.6
741,-16645.56,306192.8828,1.65,100.0,60.7
742,-16533.17,152680.4102,1.72,100.0,60.7
743,-15161.7,23909.7959,1.72,100.0,60.8
744,-14853.73,86442.8965,1.65,100.0,59.7
745,-15001.52,47392.1758,1.66,100.0,59.8
746,-16358.81,418008.4922,1.63,100.0,59.7
747,-13609.3,160249.4492,1.79,100.0,59.9
748,-16929.34,208236.4609,1.7,100.0,59.8
749,-15089.12,211107.8867,1.63,100.0,59.9
750,-15485.09,209210.8438,1.63,100.0,59.9
751,-16278.95,167343.8164,1.68,100.0,59.9
752,-16019.94,56612.6055,1.68,96.8,60.1
753,-15223.83,159111.25,1.61,100.0,60.1
754,-13236.4,248300.4609,1.61,100.0,60.1
755,-15607.14,306081.9141,1.55,100.0,60.1
756,-14724.82,125882.1094,1.65,100.0,60.2
757,-15124.59,40287.9443,1.68,100.0,60.3
758,-16236.85,142880.1406,1.65,100.0,60.7
759,-16090.38,302683.6562,1.64,100.0,60.7
760,-14453.88,108388.543,1.65,100.0,60.7
761,-14594.86,160447.625,1.58,100.0,60.8
762,-15447.64,122033.0449,1.62,100.0,60.9
763,-15017.4,299741.1641,1.6,100.0,60.8
764,-15273.4,73706.5352,1.66,100.0,60.9
765,-14904.48,85797.377,1.67,100.0,60.9
766,-14351.78,113356.5645,1.69,100.0,61.0
767,-15124.51,82622.2363,1.77,99.9,60.8
768,-15435.35,137000.4531,1.72,99.9,60.4
769,-15666.26,218217.5625,1.63,100.0,60.3
770,-16026.81,201761.6094,1.62,99.5,60.3
771,-15489.96,58839.8594,1.69,98.4,60.2
772,-15195.55,79205.709,1.69,100.0,60.3
773,-16237.4,430400.1172,1.67,100.0,60.2
774,-16204.55,177669.5742,1.61,100.0,60.2
775,-17404.51,189738.2461,1.7,100.0,60.2
776,-15680.78,119058.4668,1.69,100.0,60.2
777,-13712.51,142472.4102,1.61,100.0,60.3
778,-15185.12,319009.0234,1.55,99.6,60.3
779,-15155.16,132709.1074,1.68,100.0,60.2
780,-15957.55,140797.4961,1.67,100.0,60.2
781,-15366.53,193086.7852,1.63,100.0,60.3
782,-14377.25,148341.7422,1.56,100.0,60.3
783,-14596.46,126899.7617,1.62,100.0,60.4
784,-14854.01,170622.1328,1.76,100.0,60.4
785,-14848.27,257948.5898,1.68,98.1,60.5
786,-14851.51,195954.8281,1.68,100.0,60.4
787,-14781.65,88063.2129,1.61,100.0,60.4
788,-14460.85,17915.8325,1.69,100.0,60.1
789,-14795.13,112746.2852,1.67,100.0,59.9
790,-14798.53,380893.0938,1.59,100.0,60.0
791,-14810.88,22231.0215,1.67,100.0,60.0
792,-16175.79,141286.3906,1.76,100.0,60.0
793,-13937.23,169241.6016,1.66,98.1,60.2
794,-13962.2,163020.4883,1.63,99.5,60.3
795,-14087.29,133864.8965,1.59,100.0,60.2
796,-13714.23,102865.666,1.65,100.0,60.2
797,-16568.22,214686.8281,1.64,100.0,60.3
798,-15325.68,224277.8438,1.66,100.0,60.4
799,-14890.96,136553.1055,1.61,100.0,60.4
800,-14360.15,187656.9766,1.57,100.0,60.4
801,-14893.08,171850.875,1.63,100.0,60.4
802,-13096.71,224255.3203,1.65,100.0,60.4
803,-13638.87,189287.6836,1.67,100.0,60.5
804,-14626.64,113162.1309,1.65,100.0,60.6
805,-13653.64,143103.2461,1.57,100.0,60.5
806,-14840.09,119182.5176,1.64,98.6,60.8
807,-13871.38,203276.1094,1.59,100.0,60.9
808,-16456.58,175161.2617,1.81,98.8,61.1
809,-15011.02,223224.3164,1.62,100.0,61.1
810,-16347.01,147813.6016,1.66,100.0,61.1
811,-14424.67,158358.7969,1.7,100.0,61.2
812,-13759.82,361627.0234,1.68,99.4,61.2
813,-14069.69,219518.0977,1.58,100.0,61.3
814,-14751.17,139073.418,1.61,100.0,61.3
815,-14733.71,153446.9688,1.63,100.0,60.8
816,-15297.16,65898.3311,1.67,100.0,60.9
817,-14216.69,37281.874,1.65,100.0,60.9
818,-15378.13,56037.4219,1.67,100.0,61.0
819,-15282.78,50675.5391,1.69,100.0,61.1
820,-14315.35,45121.7207,1.73,100.0,61.2
821,-14678.38,95787.1191,1.64,99.0,61.4
822,-15325.5,130356.7207,1.64,100.0,61.1
823,-15304.4,165862.5156,1.65,100.0,61.1
824,-16583.96,111616.6328,1.66,100.0,61.2
825,-14039.68,71377.9785,1.7,100.0,61.2
826,-15502.32,498986.0234,1.61,100.0,61.2
827,-15887.88,137200.7422,1.65,100.0,61.3
828,-13851.36,228076.168,1.58,100.0,61.3
829,-14882.33,66700.0996,1.72,100.0,61.1
830,-14015.88,52126.9727,1.63,98.7,61.3
831,-14526.94,80686.5117,1.66,100.0,61.3
832,-16062.97,108229.0918,1.64,100.0,61.4
833,-15362.27,128632.3594,1.64,100.0,61.3
834,-15169.03,114411.9199,1.64,100.0,61.4
835,-14380.77,144018.6836,1.59,100.0,61.4
836,-15547.3,111242.2051,1.59,100.0,61.4
837,-14971.17,190257.2344,1.61,100.0,61.5
838,-15772.48,186773.6602,1.7,100.0,61.5
839,-14419.06,40455.749,1.66,100.0,61.3
840,-16290.88,231581.5273,1.63,100.0,61.2
841,-15899.4,73993.5254,1.8,100.0,61.4
842,-14897.64,366662.1406,1.61,100.0,61.4
843,-12471.34,236589.5312,1.72,100.0,61.5
844,-16290.23,95723.0801,1.66,99.0,61.0
845,-15861.88,272355.7891,1.65,99.5,60.9
846,-15149.53,143009.0469,1.61,100.0,61.0
847,-14215.1,279472.2109,1.63,100.0,61.1
848,-13710.43,134454.043,1.66,100.0,61.1
849,-15495.32,236764.3633,1.67,100.0,60.8
850,-14447.16,40882.1309,1.63,100.0,60.7
851,-14908.26,193333.625,1.64,100.0,60.7
852,-14737.47,76746.0879,1.64,100.0,60.8
853,-13414.63,138291.9512,1.7,100.0,60.8
854,-13290.29,163294.6523,1.61,100.0,60.8
855,-16112.79,193814.5117,1.63,100.0,60.9
856,-13984.87,109326.9629,1.66,100.0,60.9
857,-15293.67,111418.8203,1.64,100.0,61.2
858,-14305.66,120373.1699,1.67,100.0,61.2
859,-14846.49,138397.8086,1.61,100.0,61.3
860,-15260.65,21324.2075,1.67,100.0,61.3
861,-15426.52,123376.4688,1.62,100.0,61.3
862,-12797.93,282949.2734,1.59,100.0,61.3
863,-13546.5,235277.9219,1.59,100.0,61.4
864,-13500.47,164329.2617,1.63,100.0,61.4
865,-14149.31,137628.7695,1.64,100.0,61.4
866,-14475.71,23031.3413,1.67,100.0,61.5
867,-14405.82,184834.2969,1.63,100.0,61.6
868,-16350.28,275744.6406,1.64,100.0,61.6
869,-15242.65,99973.6777,1.63,100.0,61.6
870,-14470.5,140394.0859,1.74,100.0,61.7
871,-11979.68,229075.9023,1.7,100.0,61.6
872,-15533.9,163448.5977,1.71,100.0,61.6
873,-16097.62,270956.2969,1.66,100.0,61.7
874,-12962.52,179082.8633,1.61,100.0,61.7
875,-14847.74,116552.2637,1.63,100.0,61.8
876,-15715.35,248070.3359,1.68,100.0,61.7
877,-15461.22,327214.6953,1.6,100.0,61.3
878,-14054.26,125881.2832,1.65,100.0,61.4
879,-15251.04,103731.8105,1.68,99.8,61.5
880,-15529.48,57451.3203,1.67,99.9,61.6
881,-14792.94,159110.1328,1.73,100.0,61.6
882,-15829.21,231296.7695,1.67,100.0,61.7
883,-14776.81,50774.3555,1.63,100.0,61.4
884,-16661.98,329034.2031,1.61,99.3,61.6
885,-14376.71,142528.4375,1.61,100.0,61.7
886,-14364.97,113506.2246,1.6,100.0,61.5
887,-15057.82,23448.2271,1.63,100.0,61.6
888,-14542.24,125925.1172,1.62,100.0,61.7
889,-14197.78,56186.4863,1.7,100.0,61.7
890,-14597.91,127566.5195,1.66,100.0,61.7
891,-14301.75,55936.1191,1.61,100.0,61.8
892,-15180.07,66844.002,1.61,100.0,61.9
893,-14667.01,95739.3027,1.6,100.0,62.0
894,-15033.56,163645.5117,1.59,100.0,62.0
895,-16226.09,86129.7578,1.6,100.0,61.9
896,-14811.88,53323.2188,1.65,100.0,62.0
897,-14202.59,114370.5059,1.64,100.0,62.0
898,-14784.49,115596.9805,1.64,100.0,62.0
899,-15919.49,250214.9961,1.59,100.0,61.5
900,-16468.29,61669.6309,1.71,100.0,61.6
901,-15136.63,114178.5312,1.71,100.0,61.7
902,-15318.43,107740.4258,1.78,100.0,61.7
903,-14964.87,122202.0547,1.66,100.0,61.8
904,-15030.71,200284.2891,1.59,100.0,61.8
905,-14847.44,53820.1377,1.66,100.0,61.8
906,-14960.19,255103.7109,1.73,100.0,61.9
907,-14742.97,61615.4932,1.77,99.7,62.1
908,-15120.18,169966.5547,1.59,100.0,62.2
909,-13430.76,140847.4883,1.62,100.0,62.1
910,-16152.2,277084.4062,1.67,100.0,62.2
911,-14595.33,73545.4258,1.71,99.7,62.3
912,-15003.66,130837.2402,1.63,100.0,62.4
913,-15330.13,135212.5215,1.58,100.0,62.4
914,-15442.27,131299.5215,1.65,100.0,62.5
915,-15425.85,146949.4883,1.59,100.0,62.5
916,-14575.4,70397.541,1.63,100.0,62.6
917,-13314.3,131848.5996,1.59,100.0,62.6
918,-14419.44,57429.3613,1.68,100.0,62.6
919,-15389.5,266548.9727,1.67,100.0,62.6
920,-14531.93,52429.0225,1.62,100.0,62.6
921,-15831.61,298332.2109,1.6,100.0,62.8
922,-15699.79,209523.1562,1.59,100.0,62.8
923,-15385.58,171221.6758,1.62,100.0,62.8
924,-14001.07,134235.6797,1.64,100.0,62.9
925,-14487.35,92050.0293,1.67,100.0,62.8
926,-14065.4,65943.8154,1.65,100.0,62.8
927,-15312.68,101076.1797,1.69,100.0,62.9
928,-14635.44,131199.2637,1.7,100.0,62.9
929,-13656.61,121562.4941,1.7,100.0,63.1
930,-14280.71,143762.0117,1.6,100.0,63.1
931,-13927.64,95789.9668,1.64,100.0,63.1
932,-14795.65,139461.8477,1.64,100.0,63.2
933,-15393.14,140913.2734,1.65,100.0,62.7
934,-15694.14,88323.123,1.65,100.0,62.8
935,-15969.9,231984.1523,1.65,100.0,62.8
936,-14300.13,119604.4238,1.68,100.0,62.9
937,-13920.1,89805.1172,1.65,99.6,62.3
938,-15703.74,95811.1914,1.65,99.5,62.2
939,-16585.42,162298.457,1.63,100.0,62.3
940,-16873.19,228016.3203,1.69,100.0,62.3
941,-14813.52,44466.4961,1.69,99.9,62.3
942,-15406.47,283542.4922,1.66,100.0,62.4
943,-14006.81,272019.2539,1.64,100.0,62.0
944,-15346.18,117320.2227,1.6,100.0,61.9
945,-16245.38,142643.5977,1.66,100.0,62.1
946,-15403.33,97640.6152,1.72,99.4,62.1
947,-14056.81,77210.0137,1.68,98.3,62.0
948,-14999.74,69022.6143,1.64,100.0,62.0
949,-14435.77,103129.4727,1.61,100.0,62.2
950,-14894.08,28257.1221,1.65,100.0,62.1
951,-13035.4,254535.4258,1.63,100.0,62.3
952,-14523.23,122200.5059,1.66,100.0,62.2
953,-13813.34,106332.2559,1.62,100.0,62.2
954,-14289.58,108636.5234,1.62,100.0,62.4
955,-14254.51,117513.8594,1.66,100.0,62.3
956,-15523.73,160501.1211,1.68,100.0,62.1
957,-14690.26,61573.4717,1.61,100.0,62.2
958,-14960.22,134785.2617,1.61,100.0,62.1
959,-15516.13,152675.2227,1.59,99.6,62.2
960,-14333.2,143225.0977,1.61,99.9,62.1
961,-14449.95,111662.4453,1.6,100.0,62.2
962,-15240.48,110865.2402,1.65,100.0,62.0
963,-13797.03,165708.8555,1.62,100.0,62.0
964,-14055.7,214622.9688,1.6,100.0,62.0
965,-15514.25,124109.9355,1.63,100.0,62.1
966,-13279.85,126260.6152,1.65,100.0,62.1
967,-14014.72,87129.6777,1.61,100.0,62.2
968,-13923.98,153362.3359,1.63,100.0,62.1
969,-14864.65,149198.1289,1.68,100.0,62.1
970,-16687.96,308898.3203,1.66,100.0,62.2
971,-14252.74,201765.7148,1.62,100.0,62.4
972,-14451.92,113618.1992,1.68,100.0,62.4
973,-14521.37,131975.6465,1.73,97.4,62.4
974,-14308.52,102108.5137,1.74,98.3,62.4
975,-15582.92,223245.0156,1.62,100.0,62.4
976,-14650.16,230384.3203,1.62,100.0,62.6
977,-16041.11,83880.4043,1.65,100.0,62.6
978,-14176.46,228677.5625,1.7,100.0,62.5
979,-14023.77,89762.6523,1.69,100.0,62.2
980,-14304.22,132682.3984,1.59,100.0,62.1
981,-14702.86,178521.9219,1.64,100.0,62.2
982,-14685.02,152613.9531,1.6,100.0,62.3
983,-15875.61,220949.207,1.61,100.0,62.2
984,-15030.9,269711.5664,1.64,100.0,62.3
985,-15197.73,85134.1992,1.68,100.0,62.4
986,-14622.91,33013.7705,1.61,100.0,62.4
987,-15373.63,43859.3594,1.64,100.0,62.5
988,-13922.83,88793.9492,1.59,100.0,62.6
989,-14144.42,105483.7051,1.65,100.0,62.5
990,-14172.67,49305.5576,1.65,100.0,62.5
991,-14129.15,137648.8945,1.6,100.0,62.5
992,-13990.03,25747.0073,1.64,100.0,62.6
993,-14943.88,121917.9707,1.59,100.0,62.7
994,-15640.28,122823.9062,1.66,100.0,62.6
995,-14268.93,18611.4644,1.76,100.0,62.7
996,-12826.62,177309.6055,1.58,100.0,62.7
997,-15087.65,80057.959,1.68,100.0,62.8
998,-15977.3,108758.4961,1.67,100.0,62.8
999,-14166.5,85548.7324,1.75,100.0,62.9
1000,-13396.89,99447.8535,1.58,100.0,62.8
1001,-13225.3,97780.1328,1.61,100.0,62.9
1002,-15202.02,230888.9023,1.68,100.0,63.0
1003,-15760.26,297581.0859,1.6,97.9,63.0
1004,-14226.92,78888.1152,1.57,100.0,63.1
1005,-14233.72,125111.7266,1.58,100.0,63.0
1006,-14670.25,135997.3906,1.77,100.0,63.1
1007,-14902.06,116331.6328,1.71,99.3,63.2
1008,-14339.15,83581.0801,1.65,100.0,63.2
1009,-13909.89,63998.3428,1.61,100.0,63.2
1010,-14864.32,78777.3613,1.61,100.0,63.1
1011,-13573.02,95306.0781,1.64,96.9,63.1
1012,-13467.49,121903.4707,1.64,100.0,63.3
1013,-13450.99,169223.4219,1.61,100.0,63.4
1014,-15118.08,130798.4141,1.64,100.0,63.3
1015,-14734.09,125830.7949,1.67,100.0,63.3
1016,-13833.42,221176.5977,1.67,100.0,63.4
1017,-15675.89,207557.3438,1.61,100.0,63.1
1018,-14069.62,90846.4785,1.6,100.0,63.0
1019,-14587.44,52646.1934,1.68,100.0,63.1
1020,-13630.05,174416.5117,1.63,100.0,63.1
1021,-14431.03,53099.1133,1.6,100.0,63.2
1022,-13973.56,64452.8682,1.57,96.2,63.2
1023,-13678.07,56690.3867,1.64,98.9,63.2
1024,-14620.8,134143.584,1.67,100.0,63.3
1025,-15819.18,91207.5156,1.66,100.0,63.4
1026,-14495.2,67821.0879,1.75,100.0,63.3
1027,-15780.23,184832.6172,1.63,100.0,63.4
1028,-15205.32,238174.4844,1.62,100.0,63.3
1029,-15263.09,146628.2695,1.61,100.0,63.4
1030,-12630.74,143645.4727,1.58,100.0,63.5
1031,-13673.54,75890.0723,1.6,100.0,63.5
1032,-14931.17,116820.8555,1.74,100.0,63.5
1033,-15052.57,54534.873,1.79,100.0,63.6
1034,-14713.99,99573.8203,1.61,100.0,63.7
1035,-14452.99,67184.0781,1.68,100.0,63.7
1036,-15080.24,197412.793,1.62,100.0,63.8
1037,-14433.72,101847.043,1.67,100.0,63.7
1038,-13851.67,154163.7812,1.62,100.0,63.7
1039,-15494.08,173110.0,1.56,100.0,63.7
1040,-14284.82,100985.9805,1.62,100.0,63.8
1041,-14313.56,188998.2656,1.67,100.0,63.9
1042,-14967.49,155124.2461,1.69,100.0,63.9
1043,-13425.31,135546.625,1.66,100.0,64.0
1044,-13357.87,100854.8086,1.69,100.0,64.0
1045,-15427.23,74802.1699,1.68,100.0,63.9
1046,-16291.26,98772.2285,1.71,96.4,64.0
1047,-16013.45,218840.7188,1.64,99.8,64.0
1048,-13960.35,74374.8398,1.64,100.0,64.2
1049,-15114.06,201928.9336,1.64,100.0,64.2
1050,-14184.84,61182.2256,1.61,100.0,64.2
1051,-15192.5,38333.2686,1.63,99.8,64.2
1052,-13570.1,108728.1953,1.6,100.0,64.3
1053,-14087.0,107893.4238,1.66,100.0,64.3
1054,-15333.73,80971.2109,1.64,100.0,63.9
1055,-14455.26,154698.3594,1.63,100.0,63.8
1056,-13909.64,129915.5996,1.59,100.0,63.8
1057,-15314.73,171963.4336,1.6,100.0,63.8
1058,-15199.46,400509.8281,1.64,97.7,63.5
1059,-14470.59,44154.4707,1.65,100.0,63.4
1060,-14367.44,61556.9639,1.65,100.0,63.6
1061,-13644.53,79459.709,1.68,100.0,63.6
1062,-15112.32,109282.5215,1.66,100.0,63.7
1063,-13535.13,90158.2891,1.62,100.0,63.6
1064,-14178.77,51519.5879,1.67,100.0,63.6
1065,-15002.31,94001.623,1.66,100.0,63.6
1066,-14219.41,128661.6797,1.61,100.0,63.8
1067,-14393.17,80675.6738,1.59,100.0,64.0
1068,-14217.11,72410.0742,1.58,100.0,63.7
1069,-13538.25,58815.7197,1.63,100.0,63.8
1070,-14787.02,48888.0342,1.66,97.9,63.8
1071,-13979.57,55346.8984,1.59,100.0,63.9
1072,-14298.12,170184.6172,1.6,100.0,64.1
1073,-14272.82,113206.4277,1.69,100.0,64.0
1074,-14052.14,104360.416,1.72,100.0,64.1
1075,-14084.37,50955.0469,1.68,100.0,64.3
1076,-13494.27,49580.3066,1.67,100.0,64.4
1077,-14510.95,157704.2305,1.59,100.0,64.4
1078,-15175.22,151580.1289,1.62,100.0,63.9
1079,-14309.42,143725.8516,1.67,99.9,63.6
1080,-14553.5,137677.8594,1.56,100.0,63.7
1081,-14555.69,106531.4395,1.59,100.0,63.7
1082,-13950.98,73901.8242,1.63,100.0,63.7
1083,-13754.39,244864.6797,1.61,100.0,63.7
1084,-14176.35,126592.5547,1.58,100.0,63.8
1085,-14490.6,36650.1602,1.7,100.0,63.8
1086,-14009.59,95214.3418,1.62,100.0,63.8
1087,-13705.13,163917.4297,1.65,100.0,63.9
1088,-13724.46,77489.9941,1.61,99.9,64.0
1089,-14427.16,32385.3486,1.58,100.0,64.0
1090,-15368.48,162541.4414,1.58,100.0,63.9
1091,-14141.9,47808.2373,1.63,100.0,64.1
1092,-14069.15,37508.5,1.67,100.0,64.1
1093,-13401.84,131520.918,1.67,100.0,64.2
1094,-14750.22,65772.834,1.64,100.0,64.7
1095,-13805.18,35279.9258,1.63,100.0,64.6
1096,-14688.07,85355.0566,1.65,100.0,64.7
1097,-13673.19,113401.0469,1.6,100.0,64.8
1098,-13814.58,224210.2188,1.57,100.0,64.7
1099,-13404.13,96580.4395,1.62,100.0,64.6
1100,-15990.66,192491.2578,1.68,100.0,64.6
1101,-14089.12,95025.4629,1.63,100.0,64.6
1102,-15035.33,115492.6973,1.58,99.8,64.8
1103,-14748.73,39569.4541,1.57,100.0,64.8
1104,-13969.96,52532.4131,1.65,100.0,64.8
1105,-13499.13,77438.2246,1.69,100.0,64.7
1106,-14360.78,37548.1494,1.62,100.0,64.7
1107,-14714.32,21141.1982,1.64,100.0,64.8
1108,-14186.12,126751.9434,1.65,100.0,64.8
1109,-13398.24,118868.1074,1.56,100.0,64.8
1110,-14933.68,115831.2539,1.58,100.0,64.9
1111,-14851.74,24256.3267,1.61,100.0,64.8
1112,-14908.25,114425.8125,1.69,100.0,64.9
1113,-15466.12,102906.6836,1.63,100.0,64.9
1114,-14858.57,84482.0957,1.69,100.0,64.5
1115,-13506.31,84076.5605,1.68,100.0,64.5
1116,-13783.03,35764.9077,1.64,100.0,64.6
1117,-13584.69,45663.3477,1.72,100.0,64.7
1118,-13690.87,106534.6797,1.67,100.0,64.6
1119,-13745.13,44620.0303,1.61,100.0,64.7
1120,-13697.7,50945.3223,1.59,100.0,64.8
1121,-13212.8,31291.6567,1.61,100.0,64.8
1122,-14642.47,91058.2656,1.72,100.0,64.9
1123,-14076.97,88193.2461,1.72,100.0,64.9
1124,-13611.07,121117.875,1.66,100.0,65.0
1125,-14275.48,98981.5508,1.63,100.0,65.1
1126,-14665.06,75852.3008,1.69,99.7,65.2
1127,-14446.85,101296.3965,1.62,99.8,65.3
1128,-14381.73,52458.7686,1.65,100.0,65.4
1129,-13929.99,56591.21,1.64,100.0,65.4
1130,-13897.55,75626.4668,1.65,100.0,65.5
1131,-13528.87,16341.7214,1.6,100.0,65.5
1132,-13226.35,91647.373,1.62,100.0,65.4
1133,-13767.99,67307.7266,1.63,100.0,65.5
1134,-13620.16,63122.3418,1.61,100.0,65.5
1135,-13878.28,71972.6191,1.67,99.9,65.5
1136,-14609.29,24242.6738,1.65,99.0,65.7
1137,-14080.83,92238.4141,1.61,100.0,65.7
1138,-13197.15,39781.3359,1.6,100.0,65.8
1139,-14415.5,37376.2461,1.61,100.0,65.8
1140,-14190.62,134703.1211,1.62,100.0,65.8
1141,-13111.1,47190.9688,1.67,100.0,65.9
1142,-15005.97,99725.1113,1.63,100.0,65.9
1143,-13901.56,72200.6074,1.61,100.0,65.9
1144,-14459.1,47967.2295,1.63,99.9,66.0
1145,-13351.15,40734.8486,1.6,99.3,66.2
1146,-13756.68,23026.29,1.65,100.0,66.2
1147,-14308.46,31272.3828,1.64,100.0,66.3
1148,-12914.46,87283.4375,1.59,100.0,66.2
1149,-13965.3,134028.0586,1.62,100.0,66.1
1150,-13352.25,44457.7451,1.58,100.0,66.2
1151,-13168.16,49530.1455,1.59,100.0,66.2
1152,-14014.87,55474.2588,1.66,100.0,66.4
1153,-13749.74,118473.7656,1.65,100.0,66.4
1154,-13647.72,60599.3994,1.66,100.0,66.3
1155,-15406.08,144385.1836,1.63,100.0,66.1
1156,-13607.78,49629.9229,1.62,100.0,66.2
1157,-14437.22,27059.312,1.6,100.0,66.4
1158,-14134.56,6256.4812,1.58,100.0,66.4
1159,-13158.41,37037.4707,1.64,100.0,66.4
1160,-14059.81,59906.5244,1.63,100.0,66.5
1161,-14055.79,25897.1787,1.68,100.0,66.6
1162,-13212.74,44724.5605,1.57,100.0,66.6
1163,-14453.4,22021.3105,1.65,100.0,66.5
1164,-13951.36,18874.0522,1.62,100.0,66.5
1165,-14157.71,28796.7544,1.63,100.0,66.6
1166,-13645.37,61730.0088,1.61,100.0,66.7
1167,-13961.79,25363.6245,1.65,100.0,66.1
1168,-14276.67,89253.7676,1.64,100.0,66.2
1169,-13377.31,29475.3174,1.59,100.0,65.7
1170,-14255.66,67495.2383,1.62,100.0,65.7
1171,-14380.71,46997.8496,1.7,100.0,65.7
1172,-14221.02,26159.4697,1.73,100.0,65.9
1173,-13852.79,50953.4072,1.6,100.0,65.7
1174,-14534.3,132365.1094,1.57,100.0,65.3
1175,-14438.07,19292.3667,1.64,99.6,65.6
1176,-13637.82,91176.9082,1.62,99.9,65.6
1177,-14273.31,27651.0161,1.64,100.0,65.7
1178,-14006.52,123711.3965,1.63,100.0,65.8
1179,-14597.55,44218.2969,1.68,100.0,65.7
1180,-14021.07,38469.6807,1.64,100.0,65.7
1181,-14017.79,140519.5605,1.62,100.0,65.8
1182,-15076.56,90862.3086,1.71,100.0,65.8
1183,-13700.81,34096.5068,1.6,100.0,65.9
1184,-13609.46,63770.8701,1.58,100.0,65.8
1185,-13901.55,54557.9365,1.62,100.0,65.3
1186,-14269.53,42308.9268,1.59,100.0,65.4
1187,-13881.41,42011.8613,1.56,100.0,65.5
1188,-14097.92,39232.2363,1.66,100.0,65.6
1189,-14290.69,38020.0469,1.63,100.0,65.5
1190,-14384.22,31227.585,1.81,100.0,65.6
1191,-14165.11,16417.6409,1.69,100.0,65.7
1192,-13389.62,62720.0801,1.58,100.0,65.8
1193,-14245.47,14112.4714,1.67,100.0,65.9
1194,-13972.65,31326.1626,1.76,99.6,65.8
1195,-14403.79,132330.5996,1.7,100.0,65.8
1196,-13686.87,22931.1162,1.64,100.0,65.8
1197,-14022.35,26146.0986,1.62,100.0,65.9
1198,-14534.08,53114.3945,1.72,100.0,65.8
1199,-14399.04,10387.9368,1.72,98.2,65.5
1200,-14766.81,88195.3809,1.65,100.0,65.5
1201,-13780.26,31519.9639,1.65,100.0,65.2
1202,-14673.34,36363.0635,1.65,100.0,65.2
1203,-14174.14,65445.457,1.65,100.0,65.2
1204,-13081.68,72807.3213,1.67,100.0,65.2
1205,-13943.88,21675.9077,1.76,100.0,65.3
1206,-14904.37,106584.6562,1.65,100.0,65.3
1207,-14014.41,49648.3613,1.58,100.0,65.4
1208,-14042.42,67671.9512,1.65,100.0,65.4
1209,-14575.67,40241.1943,1.76,100.0,65.3
1210,-13721.42,73041.748,1.64,100.0,65.4
1211,-14337.89,29565.4155,1.63,100.0,65.3
1212,-13591.88,23973.4624,1.63,100.0,65.4
1213,-14593.14,36069.4404,1.76,100.0,65.4
1214,-13966.17,10985.0261,1.67,97.9,65.5
1215,-13254.78,29010.4849,1.66,100.0,65.5
1216,-13972.05,65850.0801,1.59,100.0,65.5
1217,-13976.35,33864.3525,1.66,100.0,65.5
1218,-13632.88,50655.9404,1.64,99.4,65.6
1219,-14449.63,49268.1201,1.67,100.0,65.6
1220,-13942.34,16789.3044,1.64,100.0,65.7
1221,-13603.8,17500.1265,1.63,100.0,65.7
1222,-13683.04,43186.5664,1.63,99.9,65.9
1223,-13891.6,15537.8152,1.65,100.0,66.0
1224,-13929.52,86346.4902,1.61,100.0,66.0
1225,-13655.39,23798.1616,1.62,100.0,66.0
1226,-13458.81,21306.3379,1.68,100.0,66.3
1227,-13320.4,9744.325,1.67,99.6,66.6
1228,-13191.2,25596.1401,1.61,100.0,66.6
1229,-14923.34,57359.4502,1.59,100.0,66.7
1230,-14123.33,37942.3467,1.67,100.0,66.7
1231,-14095.74,31570.5474,1.69,100.0,66.8
1232,-13677.8,102346.2754,1.66,100.0,66.8
1233,-14244.51,23987.2852,1.64,100.0,66.8
1234,-14074.33,32582.1504,1.64,100.0,66.8
1235,-14788.5,67817.7188,1.66,100.0,67.0
1236,-14081.62,28355.5649,1.64,100.0,67.0
1237,-14090.56,67305.7842,1.7,100.0,67.1
1238,-13917.96,74653.3818,1.64,100.0,67.0
1239,-14063.32,126582.5215,1.61,100.0,67.0
1240,-13400.36,53825.4492,1.6,100.0,67.2
1241,-13812.96,47958.4199,1.63,100.0,67.2
1242,-14522.77,22607.6724,1.68,100.0,67.4
1243,-13813.83,52615.3887,1.58,100.0,67.3
1244,-13608.32,10323.6582,1.65,100.0,67.4
1245,-13356.97,98408.3164,1.7,100.0,67.3
1246,-13759.7,11219.7412,1.63,100.0,67.4
1247,-13587.09,31062.6211,1.61,100.0,67.5
1248,-14737.88,81281.9316,1.64,100.0,67.4
1249,-13954.69,78265.2441,1.62,100.0,67.5
1250,-14153.34,64921.7373,1.61,100.0,67.5
1251,-13560.93,33118.644,1.66,100.0,67.6
1252,-12932.39,72472.4697,1.6,100.0,67.6
1253,-14036.83,36122.9355,1.6,100.0,67.6
1254,-14238.35,7326.006,1.68,100.0,67.6
1255,-13863.35,50132.7041,1.6,100.0,67.6
1256,-13638.1,37885.9668,1.61,100.0,67.7
1257,-12936.83,99102.3496,1.63,100.0,67.7
1258,-13987.75,44552.4326,1.64,100.0,67.9
1259,-13857.36,70636.0215,1.64,100.0,67.9
1260,-13799.8,34644.3691,1.59,100.0,67.3
1261,-13774.42,37229.8711,1.59,100.0,67.4
1262,-13889.99,25298.7056,1.75,100.0,67.5
1263,-14767.52,39296.4248,1.74,100.0,67.5
1264,-14281.08,10000.525,1.66,100.0,67.6
1265,-13934.26,71340.8057,1.66,100.0,67.6
1266,-13497.32,104665.5957,1.61,100.0,67.5
1267,-13838.19,209534.9219,1.67,100.0,67.6
1268,-14302.99,18375.481,1.7,100.0,67.7
1269,-14148.36,23396.8296,1.6,100.0,67.8
1270,-13434.57,49667.6807,1.62,100.0,67.8
1271,-13722.86,46447.8506,1.65,100.0,67.8
1272,-14430.24,16939.1384,1.72,100.0,67.9
1273,-14141.91,17792.7969,1.66,99.7,68.0
1274,-14069.21,20038.2021,1.68,99.8,68.2
1275,-13964.65,60689.9951,1.61,100.0,68.3
1276,-14070.5,55170.124,1.65,100.0,68.2
1277,-13202.55,37868.9766,1.63,100.0,67.6
1278,-13579.93,58922.5176,1.66,100.0,67.6
1279,-14190.33,29080.4741,1.67,100.0,67.6
1280,-13879.87,11699.1968,1.65,100.0,67.7
1281,-13641.93,44760.7783,1.61,100.0,67.6
1282,-14151.97,57684.4688,1.73,100.0,67.8
1283,-14050.41,17067.7573,1.69,100.0,67.8
1284,-13868.55,77784.0488,1.64,99.4,67.9
1285,-13974.64,20874.0264,1.6,100.0,68.1
1286,-14029.51,11886.2446,1.65,100.0,68.1
1287,-14422.69,24915.9585,1.68,100.0,68.0
1288,-13000.93,63053.3438,1.67,100.0,68.0
1289,-13531.79,25344.9058,1.6,100.0,67.5
1290,-13195.98,54312.5986,1.67,100.0,67.6
1291,-14076.31,43225.666,1.65,100.0,67.8
1292,-13365.27,81943.3594,1.64,100.0,67.7
1293,-13718.99,57627.293,1.61,100.0,67.8
1294,-15122.81,139446.1602,1.59,100.0,67.8
1295,-14135.48,9540.0022,1.63,100.0,67.9
1296,-14109.51,17109.5291,1.63,100.0,68.0
1297,-14266.74,40560.6377,1.59,100.0,68.0
1298,-15050.51,23416.1699,1.63,100.0,68.0
1299,-14353.56,46695.1035,1.7,100.0,68.1
1300,-14331.67,27672.1855,1.7,100.0,68.2
1301,-13385.38,85584.0781,1.66,100.0,68.2
1302,-14248.86,42140.2051,1.6,100.0,68.2
1303,-13355.29,38585.5283,1.6,100.0,67.8
1304,-13748.34,42227.1611,1.58,100.0,67.9
1305,-14820.63,108963.0254,1.61,100.0,67.9
1306,-14214.29,94538.4102,1.65,99.8,68.5
1307,-14304.76,42035.7422,1.59,100.0,68.3
1308,-14814.47,47726.3643,1.62,100.0,68.3
1309,-14364.41,16725.7058,1.7,100.0,68.3
1310,-13731.38,123265.7988,1.62,100.0,68.3
1311,-14305.18,91824.3711,1.62,100.0,68.3
1312,-14119.81,18588.2949,1.64,100.0,68.3
1313,-13908.83,25075.8242,1.66,100.0,68.4
1314,-14505.89,32823.9819,1.63,100.0,68.4
1315,-12962.24,80105.6445,1.6,100.0,68.5
1316,-13726.64,62391.0117,1.59,100.0,68.5
1317,-12648.6,107929.582,1.62,100.0,68.4
1318,-14405.2,53063.8096,1.62,100.0,68.5
1319,-14014.65,29441.7417,1.58,100.0,68.3
1320,-13946.91,12454.4944,1.64,100.0,68.0
1321,-13815.23,40941.874,1.71,100.0,68.4
1322,-13907.23,50074.2119,1.64,100.0,68.1
1323,-13785.68,17479.2024,1.63,100.0,68.0
1324,-13587.4,13947.9585,1.66,100.0,68.1
1325,-12961.6,52113.4434,1.69,100.0,68.0
1326,-13815.85,38671.9209,1.71,100.0,67.7
1327,-14013.89,8447.308,1.67,100.0,67.7
1328,-13610.11,37903.5264,1.65,100.0,67.7
1329,-14159.29,35634.5137,1.63,99.8,67.7
1330,-13665.51,7966.0698,1.63,100.0,67.6
1331,-14707.76,103099.2695,1.67,100.0,67.7
1332,-14587.01,24415.6982,1.7,100.0,67.7
1333,-13678.18,63198.0635,1.66,100.0,67.8
1334,-12947.68,46017.9473,1.6,100.0,67.8
1335,-14129.46,56782.0654,1.64,100.0,67.8
1336,-13378.28,127357.5723,1.65,100.0,67.9
1337,-14870.8,70929.5215,1.68,100.0,68.0
1338,-13911.09,14153.4763,1.69,100.0,68.0
1339,-13967.62,15316.967,1.61,100.0,68.0
1340,-13927.12,15077.9539,1.64,100.0,68.0
1341,-14644.35,29085.0845,1.63,100.0,68.1
1342,-13047.31,38916.3135,1.69,100.0,68.1
1343,-14948.61,32836.4629,1.69,100.0,68.1
1344,-13380.24,8764.1096,1.62,100.0,68.2
1345,-13376.49,26706.3042,1.61,100.0,68.3
1346,-15178.94,33539.4829,1.6,100.0,68.3
1347,-13621.83,9676.5356,1.59,100.0,68.1
1348,-13680.73,22738.626,1.55,100.0,68.2
1349,-12968.57,61362.7354,1.62,100.0,68.3
1350,-13536.73,45542.2334,1.63,100.0,68.0
1351,-14118.73,33115.313,1.67,100.0,68.0
1352,-13400.06,12714.0903,1.65,100.0,67.9
1353,-13575.81,7750.991,1.63,100.0,68.0
1354,-13951.24,53586.9531,1.7,100.0,68.1
1355,-14106.35,14719.7627,1.71,100.0,68.4
1356,-14069.73,12094.3787,1.68,100.0,68.4
1357,-13953.77,18087.9263,1.62,100.0,68.4
1358,-13457.96,35633.0811,1.64,100.0,68.4
1359,-13927.38,15087.6982,1.71,100.0,68.7
1360,-13590.19,4790.2484,1.71,89.3,69.0
1361,-13916.43,19818.1396,1.64,100.0,69.1
1362,-14336.5,16925.4429,1.65,100.0,68.9
1363,-13966.05,9299.6885,1.63,100.0,69.0
1364,-13900.26,7015.439,1.65,99.6,69.2
1365,-13633.08,7746.5259,1.64,100.0,69.2
1366,-13592.41,9913.5615,1.74,100.0,69.1
1367,-13370.59,21032.0503,1.6,100.0,69.2
1368,-13925.66,88001.7715,1.62,100.0,69.3
1369,-13430.87,5987.153,1.66,99.1,69.4
1370,-13662.14,34103.9937,1.65,100.0,69.3
1371,-13352.64,32445.5532,1.59,100.0,69.4
1372,-14062.12,16261.1509,1.58,100.0,69.4
1373,-13815.77,15242.3489,1.65,97.6,69.4
1374,-14395.85,10852.4126,1.68,100.0,69.6
1375,-13374.2,49873.4248,1.63,100.0,69.5
1376,-13534.03,26901.6904,1.6,100.0,69.6
1377,-13224.49,17731.3584,1.63,100.0,69.5
1378,-13895.62,18009.0415,1.65,100.0,69.7
1379,-14003.67,48716.0156,1.64,100.0,69.7
1380,-14307.18,69489.6855,1.6,100.0,69.8
1381,-14185.87,38087.2578,1.62,100.0,69.9
1382,-13149.97,33105.895,1.59,98.2,69.9
1383,-13211.26,44458.9385,1.6,100.0,69.9
1384,-13685.24,19100.0767,1.66,100.0,69.6
1385,-13840.1,21884.4585,1.62,100.0,69.6
1386,-13620.67,14277.4478,1.65,99.6,69.9
1387,-14234.49,75703.4258,1.63,100.0,69.4
1388,-13339.43,68291.4551,1.66,100.0,69.5
1389,-14311.72,23423.6167,1.65,100.0,69.5
1390,-13527.7,19152.2383,1.71,100.0,69.6
1391,-13615.09,18696.4336,1.63,99.0,69.8
1392,-13892.55,27110.4395,1.66,100.0,69.8
1393,-14288.71,15113.1877,1.61,100.0,69.8
1394,-14150.96,93428.2559,1.62,100.0,69.8
1395,-13682.37,6090.6921,1.64,98.0,69.7
1396,-12888.98,34740.8066,1.65,100.0,69.8
1397,-14247.35,5713.7003,1.71,100.0,69.8
1398,-14145.07,38175.3076,1.67,100.0,69.2
1399,-13919.8,9944.0325,1.62,100.0,69.3
1400,-13427.18,31992.0732,1.64,100.0,69.3
1401,-13987.36,40325.0293,1.65,100.0,69.4
1402,-14180.6,21375.4468,1.62,100.0,69.4
1403,-13916.94,3453.1069,1.65,100.0,69.4
1404,-13262.31,33035.6821,1.63,100.0,69.5
1405,-13585.59,35715.0918,1.62,100.0,69.6
1406,-13620.21,43579.8477,1.59,100.0,69.7
1407,-14049.59,62732.6396,1.62,100.0,69.6
1408,-13929.93,36436.9937,1.68,100.0,69.7
1409,-14250.36,18653.4636,1.66,99.8,69.8
1410,-13722.29,6113.4442,1.74,100.0,69.8
1411,-13400.52,20638.0327,1.54,99.9,69.7
1412,-13480.51,17244.2893,1.6,100.0,69.8
1413,-13787.96,115086.248,1.62,100.0,69.9
1414,-14105.39,35187.9155,1.59,100.0,70.0
1415,-13032.53,52644.6299,1.58,100.0,70.0
1416,-13278.62,37164.3384,2.56,98.9,70.0
1417,-13509.84,161683.0586,1.61,100.0,70.0
1418,-13363.01,21088.6152,1.62,100.0,70.0
1419,-14119.63,6054.1782,1.71,100.0,70.0
1420,-13824.64,6315.5061,1.77,100.0,70.1
1421,-13698.98,7311.7981,1.62,100.0,70.2
1422,-13582.95,54288.6699,1.64,100.0,70.2
1423,-13928.8,10879.1047,1.69,100.0,69.7
1424,-13090.2,34153.9604,1.67,97.0,69.6
1425,-13477.45,19997.4829,1.61,99.9,69.6
1426,-12736.61,19837.4536,1.56,100.0,69.7
1427,-14325.71,67190.3643,1.64,100.0,69.8
1428,-13830.74,27666.4209,1.66,100.0,69.8
1429,-13598.48,16624.8635,1.63,100.0,69.8
1430,-14180.45,36927.9805,1.6,100.0,69.8
1431,-13791.43,7539.0548,1.66,100.0,69.9
1432,-13392.33,13436.0627,1.66,100.0,69.9
1433,-13308.03,19916.7368,1.63,100.0,69.9
1434,-13622.21,42717.4297,1.6,100.0,70.0
1435,-13513.15,4532.313,1.62,100.0,70.0
1436,-13369.6,86257.5547,1.62,99.1,70.0
1437,-13638.98,23247.812,1.59,100.0,69.9
1438,-13179.21,25949.6084,1.56,100.0,70.0
1439,-13341.1,32705.0894,1.6,100.0,70.0
1440,-12852.05,41182.6807,1.59,100.0,70.1
1441,-13593.25,19883.6089,1.62,100.0,70.1
1442,-14896.95,180577.0352,1.63,100.0,70.2
1443,-13995.17,18420.7397,1.68,100.0,70.0
1444,-13413.48,173620.2695,1.64,100.0,70.0
1445,-13922.63,12398.2802,1.67,100.0,69.8
1446,-13747.9,105147.7988,1.58,100.0,69.5
1447,-13666.75,41985.1445,1.57,100.0,69.6
1448,-13114.62,31642.6055,1.61,100.0,69.6
1449,-13589.32,59109.4492,1.69,100.0,69.6
1450,-13814.78,14227.877,1.61,100.0,69.8
1451,-13496.25,24583.3936,1.57,100.0,69.7
1452,-13486.36,6772.9456,1.64,100.0,69.7
1453,-13822.85,115726.4336,1.68,100.0,69.6
1454,-13370.65,51507.7471,1.6,100.0,69.7
1455,-12999.44,65264.5283,1.54,100.0,69.9
1456,-14127.77,105443.5957,1.62,100.0,69.8
1457,-13764.86,20966.5789,1.6,100.0,69.9
1458,-12915.42,49644.6094,1.62,100.0,69.9
1459,-13805.35,12634.4883,1.6,100.0,70.0
1460,-13489.44,16333.1895,1.59,100.0,70.0
1461,-13777.95,18534.3281,1.71,100.0,70.0
1462,-13434.83,15884.8,1.63,99.2,69.7
1463,-13380.52,12507.9956,1.63,100.0,69.8
1464,-13131.41,9086.9851,1.62,100.0,69.8
1465,-13709.77,42167.7695,1.59,100.0,69.9
1466,-13980.21,14560.3538,1.63,100.0,69.9
1467,-13602.87,6109.0414,1.69,100.0,69.9
1468,-13723.06,22689.8374,1.72,100.0,69.9
1469,-13673.21,21795.8096,1.68,100.0,70.0
1470,-13786.49,19391.5474,1.67,100.0,70.1
1471,-12841.27,31439.7427,1.66,100.0,70.0
1472,-13462.35,29487.1406,1.66,99.7,69.7
1473,-14045.72,35988.8945,1.59,100.0,69.7
1474,-13515.12,20787.0439,1.59,100.0,69.9
1475,-13769.01,26839.5615,1.62,100.0,70.1
1476,-13140.32,11774.5691,1.74,100.0,70.0
1477,-14077.26,84351.9746,1.72,100.0,70.1
1478,-13359.54,20540.6499,1.61,100.0,70.2
1479,-13649.81,107700.1055,1.64,100.0,70.2
1480,-13465.68,18778.1211,1.63,99.2,70.4
1481,-14641.86,43556.3047,1.63,100.0,70.4
1482,-14066.88,19886.9756,1.68,100.0,70.5
1483,-13303.4,12343.5283,1.57,100.0,70.4
1484,-14536.59,8003.103,1.7,99.9,70.5
1485,-14094.76,62449.6514,1.67,100.0,70.5
1486,-13750.1,26675.7622,1.64,100.0,70.6
1487,-13668.6,18576.8374,1.58,100.0,70.7
1488,-13131.43,41120.4199,1.62,100.0,70.6
1489,-14322.39,36797.1167,1.6,100.0,70.7
1490,-13847.77,66042.1865,1.7,100.0,70.3
1491,-13428.7,8929.6699,1.64,100.0,70.2
1492,-13935.64,4534.6499,1.61,98.2,70.2
1493,-14336.75,46885.9199,1.64,100.0,70.3
1494,-13860.16,8469.7122,1.66,100.0,69.7
1495,-13187.24,76455.3574,1.68,100.0,69.9
1496,-13946.85,16845.7007,1.65,100.0,69.9
1497,-13895.34,12653.0586,1.64,100.0,69.8
1498,-13890.6,31088.8511,1.67,100.0,69.9
1499,-14078.67,26736.6943,1.61,99.5,69.8
1500,-13867.71,24327.2827,1.62,100.0,69.8
1501,-13159.81,12638.6758,1.64,100.0,70.0
1502,-13325.48,9071.5735,1.68,100.0,70.0
1503,-13903.44,41070.1035,1.67,100.0,69.5
1504,-14104.18,15867.9219,1.62,100.0,69.5
1505,-13566.3,11378.4233,1.59,100.0,69.4
1506,-13133.45,19208.7349,1.63,98.1,70.1
1507,-13769.7,18241.6343,1.63,100.0,70.1
1508,-14169.95,8637.0225,1.61,100.0,70.1
1509,-14281.77,15046.0518,1.6,100.0,69.9
1510,-13228.42,33283.5146,1.63,100.0,70.0
1511,-13193.59,35867.0825,1.65,100.0,70.0
1512,-13963.03,17222.9766,1.64,100.0,70.0
1513,-13790.03,63966.793,1.59,100.0,70.0
1514,-13808.13,16111.9478,1.65,100.0,70.0
1515,-14093.68,83368.248,1.69,100.0,70.1
1516,-13584.47,148798.8008,1.63,100.0,70.6
1517,-13940.01,56173.5391,1.55,100.0,70.6
1518,-13767.72,16823.2952,1.56,98.6,69.9
1519,-13418.02,15263.3909,1.63,98.8,70.0
1520,-13577.52,11055.343,1.66,100.0,70.0
1521,-13870.16,40771.0957,1.64,100.0,70.1
1522,-13819.03,22969.4761,1.59,100.0,70.2
1523,-13672.64,10323.3442,1.62,100.0,70.1
1524,-13674.79,29360.0918,1.62,100.0,70.2
1525,-12884.68,29272.2583,1.59,100.0,70.2
1526,-14023.1,52329.4883,1.56,100.0,70.1
1527,-12813.83,16736.4941,1.58,100.0,70.2
1528,-13773.06,35426.5454,1.63,100.0,70.3
1529,-13663.89,20369.4531,1.61,100.0,70.2
1530,-14011.17,17487.3862,1.59,100.0,70.2
1531,-13708.8,8600.573,1.65,100.0,70.3
1532,-13444.3,12075.3931,1.63,100.0,70.3
1533,-14004.09,32782.1338,1.66,100.0,70.4
1534,-12947.96,6032.3667,1.63,100.0,70.3
1535,-13624.67,25092.1221,1.61,100.0,70.3
1536,-13924.64,51176.9297,1.58,100.0,70.4
1537,-13100.25,12412.8284,1.63,100.0,70.5
1538,-13260.71,29916.7588,1.71,100.0,70.5
1539,-13880.65,26712.8921,1.81,98.3,70.2
1540,-13031.71,6750.8516,1.66,100.0,70.1
1541,-14245.54,30044.2891,1.62,100.0,70.1
1542,-14046.35,25673.9155,1.69,100.0,70.2
1543,-14004.26,22892.6797,1.63,100.0,70.2
1544,-13099.24,35498.814,1.6,100.0,69.3
1545,-13357.01,45368.3682,1.62,100.0,69.5
1546,-13650.14,12664.053,1.62,100.0,69.5
1547,-14023.01,60460.082,1.69,100.0,69.6
1548,-13869.34,32373.4282,1.72,99.6,69.9
1549,-13714.8,70709.9863,1.62,100.0,69.9
1550,-13394.93,26475.3662,1.64,100.0,69.9
1551,-12869.65,31287.3398,1.64,100.0,70.0
1552,-13336.21,15947.1025,1.63,99.3,70.2
1553,-13253.67,18971.5664,1.57,100.0,70.3
1554,-13912.24,51633.8926,1.57,100.0,70.1
1555,-12903.63,40173.4492,1.62,100.0,70.1
1556,-13133.22,23578.2424,1.63,99.4,70.1
1557,-13751.25,24565.8022,1.64,100.0,70.3
1558,-13422.2,18787.4873,1.62,100.0,70.4
1559,-13062.39,68943.7939,1.61,100.0,70.3
1560,-13978.95,140912.4414,1.65,99.1,70.3
1561,-13764.99,14583.3291,1.65,100.0,70.5
1562,-13873.29,6710.4259,1.63,100.0,70.6
1563,-13201.64,15754.8271,1.61,100.0,70.6
1564,-13983.06,21253.7778,1.66,100.0,70.7
1565,-13049.71,20598.6074,1.69,100.0,70.3
1566,-14003.0,100712.6152,1.75,100.0,70.4
1567,-13093.6,19483.1289,1.62,100.0,70.5
1568,-13374.7,22494.667,1.58,100.0,70.5
1569,-13184.67,14614.1658,1.62,100.0,70.6
1570,-13229.42,24763.7183,1.72,100.0,70.6
1571,-13215.67,46222.1689,1.81,99.8,70.7
1572,-13222.63,24654.5093,1.68,100.0,70.9
1573,-12899.21,10853.6401,1.64,100.0,70.8
1574,-12986.48,18486.2749,1.64,100.0,71.0
1575,-14015.19,41661.6104,1.65,99.9,71.1
1576,-12998.36,5261.9747,1.59,100.0,71.2
1577,-12956.23,19217.1519,1.59,100.0,71.2
1578,-13184.72,52460.1689,1.65,100.0,71.3
1579,-13836.07,10797.4829,1.69,99.2,71.2
1580,-12785.76,26756.3354,1.69,100.0,71.2
1581,-13701.32,35989.96,1.63,100.0,71.3
1582,-13066.89,18496.0566,1.6,100.0,71.3
1583,-12783.4,21497.4541,1.69,100.0,71.2
1584,-13324.03,7791.9568,1.65,100.0,71.3
1585,-13205.49,17880.4702,1.63,100.0,71.1
1586,-13005.47,55122.3291,1.53,100.0,71.4
1587,-13727.25,16454.4553,1.67,99.9,71.5
1588,-13196.43,157711.9688,1.67,100.0,71.6
1589,-13658.46,11491.3582,1.64,100.0,71.6
1590,-13308.75,25233.9297,1.61,100.0,71.6
1591,-13548.81,46522.4111,1.6,100.0,71.6
1592,-13927.96,106754.9297,1.66,100.0,71.5
1593,-13370.24,10099.3813,1.64,99.0,71.5
1594,-13429.52,30156.8945,1.59,100.0,71.6
1595,-12966.82,39322.7617,1.55,99.7,71.7
1596,-13422.37,21944.4443,1.63,99.6,71.7
1597,-13810.04,7320.2904,1.64,100.0,71.8
1598,-13824.07,37491.8662,1.69,100.0,71.8
1599,-13506.11,49124.0928,1.61,100.0,71.8
1600,-12838.87,32150.6919,1.61,100.0,71.8
1601,-13366.86,8279.7122,1.63,100.0,71.8
1602,-13990.84,169936.0273,1.66,100.0,71.9
1603,-13254.87,11617.3435,1.58,100.0,72.0
1604,-12887.05,32010.667,1.58,100.0,72.0
1605,-13116.45,14427.5356,1.64,99.5,72.2
1606,-12743.85,39351.8457,1.64,99.4,72.2
1607,-12718.05,25305.5391,1.57,100.0,72.2
1608,-13446.15,23465.3086,1.63,100.0,72.4
1609,-13778.93,74649.7656,1.67,100.0,72.4
1610,-13968.51,35941.5884,1.72,100.0,72.4
1611,-12980.95,45394.8955,1.63,99.5,72.5
1612,-13977.09,34843.6963,1.62,100.0,72.5
1613,-13442.8,8959.8665,1.62,100.0,72.5
1614,-13200.87,25315.3818,1.61,100.0,72.5
1615,-12960.08,13369.3679,1.63,99.0,72.6
1616,-13528.15,23391.7983,1.58,100.0,72.7
1617,-13095.41,3885.0012,1.62,100.0,72.3
1618,-13761.49,25925.0508,1.65,100.0,72.4
1619,-13938.81,17439.5225,1.63,98.0,72.3
1620,-13037.01,15061.2236,1.56,100.0,72.4
1621,-13339.11,16254.5837,1.55,100.0,72.4
1622,-12778.14,19324.0281,1.67,100.0,72.4
1623,-12805.55,13904.2217,1.67,100.0,72.6
1624,-14270.68,91984.9297,1.61,100.0,72.6
1625,-13390.3,82799.7676,1.59,100.0,72.6
1626,-14392.67,125526.416,1.64,100.0,72.6
1627,-14117.25,29512.7344,1.6,95.8,72.7
1628,-13499.5,46889.792,1.59,100.0,72.5
1629,-13587.44,1862.7145,1.65,100.0,72.2
1630,-12657.97,34447.0557,1.61,100.0,72.3
1631,-13269.43,5997.4117,1.67,100.0,72.3
1632,-13671.26,78166.5449,1.65,98.0,72.3
1633,-13206.33,70054.5693,1.65,100.0,72.3
1634,-13513.8,20602.7314,1.56,100.0,72.3
1635,-13338.79,30465.0312,1.6,100.0,72.2
1636,-13038.93,5648.0173,1.63,97.1,72.3
1637,-13345.36,6779.0022,1.61,100.0,72.4
1638,-13005.55,10883.6316,1.68,100.0,72.5
1639,-12353.27,53073.3008,1.59,100.0,72.5
1640,-13098.76,15904.0813,1.58,100.0,72.4
1641,-12837.24,32192.5405,1.62,99.2,72.4
1642,-13475.18,21080.4209,1.63,100.0,72.4
1643,-13288.43,4592.7222,1.62,100.0,72.1
1644,-12858.99,12712.8889,1.62,100.0,72.2
1645,-13733.24,40669.1523,1.63,99.3,72.2
1646,-13085.16,101192.3926,1.62,100.0,72.2
1647,-12787.55,19789.2944,1.57,100.0,72.2
1648,-13129.06,19029.6675,1.64,100.0,72.4
1649,-12946.02,10193.7178,1.63,100.0,72.6
1650,-13281.61,16972.1135,1.69,100.0,72.5
1651,-13338.31,13238.8669,1.64,100.0,72.5
1652,-12927.73,17027.5081,1.59,100.0,72.5
1653,-13004.17,74717.6895,1.63,99.4,72.5
1654,-13090.15,73820.5361,1.64,100.0,72.4
1655,-13416.57,29809.293,1.57,100.0,72.4
1656,-13375.97,8664.1766,1.57,100.0,72.5
1657,-13168.93,10975.7505,1.62,99.8,72.6
1658,-12861.58,13425.0647,1.62,100.0,72.7
1659,-13099.59,7657.6401,1.71,100.0,72.7
1660,-13071.96,16077.5957,1.57,100.0,72.7
1661,-13204.54,8003.2604,1.61,100.0,72.8
1662,-13223.31,17247.1624,1.59,100.0,72.7
1663,-14158.65,124432.3203,1.74,100.0,72.9
1664,-14095.17,119363.8867,1.67,100.0,72.8
1665,-12986.38,13262.8225,1.57,99.8,72.8
1666,-13141.78,3910.1769,1.61,96.7,72.9
1667,-13329.85,24417.5215,1.59,100.0,72.8
1668,-12887.23,6515.0955,1.57,100.0,72.8
1669,-13447.63,33477.7212,1.58,100.0,72.8
1670,-13069.86,20071.2112,1.62,100.0,72.2
1671,-12870.75,6280.2593,1.69,100.0,72.2
1672,-13546.38,20609.0225,1.64,100.0,72.3
1673,-13062.92,12589.5256,1.62,100.0,72.4
1674,-12572.76,13929.144,1.62,100.0,72.3
1675,-13429.07,30522.9849,1.6,99.1,72.6
1676,-12761.74,5584.541,1.57,100.0,72.6
1677,-13469.71,22575.5371,1.57,100.0,72.8
1678,-12974.16,2683.5342,1.57,100.0,72.3
1679,-12829.72,24988.9551,1.58,100.0,72.2
1680,-12768.45,35906.9897,1.62,100.0,72.3
1681,-13212.31,6276.1317,1.58,100.0,72.3
1682,-13317.59,19473.978,1.57,100.0,72.5
1683,-12437.01,96246.9297,1.6,100.0,72.5
1684,-13603.56,37581.0391,1.63,100.0,72.6
1685,-13491.55,97107.6992,1.62,100.0,72.5
1686,-12968.27,47001.9434,1.56,98.3,72.6
1687,-13382.19,47033.1133,1.61,99.4,72.9
1688,-13187.41,25771.1699,1.59,100.0,72.8
1689,-12619.14,37558.6108,1.6,100.0,72.9
1690,-12919.67,17714.019,1.59,100.0,72.7
1691,-13078.58,15258.6182,1.64,100.0,72.8
1692,-12926.13,21340.9009,1.67,100.0,72.9
1693,-12745.4,17658.4241,1.61,100.0,72.9
1694,-12529.78,23891.6768,1.58,100.0,72.9
1695,-12919.44,58561.708,1.59,100.0,72.5
1696,-12906.02,126724.6328,1.63,99.2,72.5
1697,-12747.0,12808.7781,1.59,100.0,72.6
1698,-12149.21,63197.6445,1.6,100.0,72.7
1699,-13160.52,31330.0659,1.6,100.0,72.6
1700,-12577.37,18190.876,1.61,100.0,72.6
1701,-13203.3,38970.6084,1.62,100.0,72.6
1702,-12983.07,22927.2195,1.6,100.0,72.7
1703,-13608.51,19917.7754,1.59,100.0,72.7
1704,-14042.29,29270.0723,1.64,100.0,72.7
1705,-13338.3,13450.4646,1.61,100.0,72.7
1706,-12863.21,18173.781,1.61,100.0,72.7
1707,-12685.57,23771.0664,1.56,100.0,72.8
1708,-12582.28,21340.0132,1.6,100.0,72.8
1709,-12410.17,26784.1426,1.62,99.7,73.0
1710,-12546.8,33038.2393,1.64,100.0,73.0
1711,-12734.22,4313.1763,1.58,100.0,73.1
1712,-13156.02,13674.7227,1.66,100.0,73.1
1713,-12792.23,6243.6178,1.68,100.0,73.2
1714,-12931.3,25667.4922,1.58,100.0,73.3
1715,-13245.95,24427.3247,1.61,100.0,73.2
1716,-12285.64,17479.2639,1.59,100.0,73.2
1717,-12509.66,19608.499,1.6,97.7,73.4
1718,-12339.04,28828.4609,1.62,100.0,73.5
1719,-12981.26,9595.8953,1.64,100.0,73.5
1720,-12288.41,9706.8547,1.56,100.0,73.6
1721,-12906.71,32576.0781,1.63,100.0,73.5
1722,-12711.24,9798.9324,1.65,100.0,73.4
1723,-13260.29,13502.0955,1.6,100.0,73.3
1724,-12660.09,72682.791,1.59,100.0,73.4
1725,-13355.14,11396.8945,1.62,100.0,73.5
1726,-12559.1,19200.7578,1.64,98.5,73.0
1727,-13277.52,13186.3157,1.62,100.0,73.1
1728,-12633.0,6928.6329,1.57,100.0,73.2
1729,-13324.0,45543.9824,1.66,100.0,73.3
1730,-12872.67,6294.0884,1.63,93.2,73.4
1731,-12676.42,4191.7662,1.57,100.0,73.3
1732,-12912.05,13573.4333,1.57,100.0,73.3
1733,-12657.04,18238.313,1.66,100.0,73.3
1734,-12478.81,6593.6606,1.7,100.0,73.3
1735,-13165.17,33234.2041,1.65,100.0,73.4
1736,-12798.78,9905.4424,1.61,100.0,73.4
1737,-12462.46,5943.9258,1.61,100.0,73.4
1738,-12568.08,22596.4653,1.61,97.0,73.6
1739,-12103.69,8286.1982,1.58,100.0,73.6
1740,-12699.73,10735.6294,1.56,100.0,73.7
1741,-13234.77,58225.9502,1.58,100.0,73.6
1742,-12688.18,27441.7969,1.64,100.0,73.7
1743,-12897.38,13197.8079,1.63,99.2,73.7
1744,-12978.47,22973.0815,1.6,100.0,73.7
1745,-12763.01,7946.9608,1.57,100.0,73.7
1746,-13379.82,22020.8667,1.64,100.0,73.7
1747,-12576.44,22892.2026,1.63,95.1,73.7
1748,-12744.09,9960.0386,1.6,100.0,73.9
1749,-12664.04,10932.9517,1.58,100.0,73.9
1750,-12643.28,12770.3918,1.63,100.0,74.1
1751,-12658.12,15562.8613,1.65,99.9,74.1
1752,-13273.92,93026.6562,1.71,100.0,73.4
1753,-12780.95,27383.9175,1.64,100.0,73.5
1754,-13416.54,67192.6094,1.62,100.0,73.6
1755,-12803.14,17057.8694,1.68,99.7,73.8
1756,-13111.72,7601.5811,1.65,98.1,73.7
1757,-13399.76,41571.6787,1.66,100.0,73.7
1758,-12775.93,105475.7031,1.59,100.0,73.7
1759,-12745.47,5148.7153,1.61,100.0,73.7
1760,-12380.16,39583.7983,1.6,100.0,74.1
1761,-12258.34,18326.8291,1.6,100.0,74.1
1762,-13398.73,72331.3975,1.63,100.0,74.1
1763,-13547.75,141806.0117,1.62,100.0,74.1
1764,-12414.77,35108.5693,1.61,99.9,74.3
1765,-12041.58,18426.5381,1.57,100.0,74.3
1766,-12790.89,42899.6152,1.64,100.0,74.3
1767,-13446.4,33629.4321,1.6,100.0,74.1
1768,-12364.76,13588.3652,1.62,99.8,74.8
1769,-12863.31,16409.5652,1.6,100.0,74.9
1770,-12678.83,25866.2388,1.57,100.0,75.0
1771,-13244.26,43954.5918,1.61,100.0,75.0
1772,-12746.28,23809.1978,1.69,100.0,74.8
1773,-12669.57,102999.6523,1.64,99.3,74.4
1774,-12470.4,46327.8213,1.6,100.0,74.5
1775,-12438.46,10721.7588,1.61,100.0,74.6
1776,-13685.78,36542.1094,1.65,100.0,74.6
1777,-14195.89,50435.5244,1.66,99.3,74.5
1778,-14064.79,47699.1465,1.65,100.0,74.6
1779,-12782.9,20331.6948,1.57,100.0,74.6
1780,-13061.02,24245.1372,1.59,100.0,74.7
1781,-12410.46,43774.6729,1.61,98.1,74.5
1782,-13025.77,9195.719,1.58,100.0,74.5
1783,-13816.37,22780.2798,1.57,100.0,74.6
1784,-12694.21,14750.4534,1.62,100.0,74.7
1785,-12642.19,13934.1772,1.62,100.0,74.8
1786,-13122.79,32216.9199,1.62,100.0,74.8
1787,-12501.4,24974.4116,1.65,100.0,74.7
1788,-12123.64,15713.1875,1.61,100.0,74.8
1789,-12029.37,7200.4812,1.66,97.9,74.9
1790,-13467.25,134056.9863,1.63,97.9,74.8
1791,-12244.72,71409.4785,1.58,100.0,74.8
1792,-12123.24,14821.0466,1.57,100.0,74.9
1793,-12589.56,12758.3271,1.66,100.0,74.8
1794,-12292.24,21404.1143,1.6,100.0,74.9
1795,-12690.24,8289.1185,1.63,100.0,75.0
1796,-12403.29,8876.9126,1.57,100.0,74.9
1797,-12393.05,47368.4893,1.61,100.0,75.0
1798,-12967.93,20585.2935,1.62,100.0,74.5
1799,-12192.03,13186.3799,1.65,100.0,74.6
1800,-12603.6,21010.3076,1.62,100.0,74.7
1801,-12451.13,10674.1833,1.58,100.0,74.6
1802,-13425.47,275932.4414,1.63,91.4,74.9
1803,-12886.41,8444.0515,1.6,99.8,74.5
1804,-13551.75,133878.0508,1.61,100.0,74.6
1805,-12520.73,19106.2378,1.58,100.0,74.7
1806,-13003.05,16175.9041,1.63,100.0,74.7
1807,-12538.59,2963.2242,1.65,100.0,74.8
1808,-12628.0,9216.8864,1.63,100.0,74.8
1809,-13035.21,61381.7031,1.57,100.0,74.8
1810,-12253.13,4406.0565,1.62,99.6,74.9
1811,-12550.51,14644.8472,1.63,96.3,75.0
1812,-12206.51,2627.8866,1.57,100.0,75.1
1813,-12576.16,30275.5688,1.57,100.0,75.1
1814,-12481.05,2543.1772,1.63,100.0,75.1
1815,-12806.05,15714.5625,1.61,99.3,75.0
1816,-12622.95,13651.6941,1.61,100.0,75.0
1817,-12525.18,16664.4033,1.56,100.0,75.1
1818,-12833.27,47104.9531,1.62,100.0,74.3
1819,-13209.0,18656.7349,1.67,100.0,74.4
1820,-12849.69,3231.1176,1.64,100.0,73.8
1821,-12615.9,11796.916,1.62,100.0,73.9
1822,-12911.28,22874.3154,1.61,100.0,73.9
1823,-12202.6,24128.311,1.69,100.0,73.9
1824,-12518.35,3557.4706,1.66,96.9,74.0
1825,-12841.87,27566.6382,1.58,100.0,74.1
1826,-12906.81,22075.5938,1.57,100.0,74.2
1827,-13192.8,9587.9707,1.62,99.1,73.9
1828,-13027.81,109623.0039,1.75,100.0,74.0
1829,-12684.1,21302.3125,1.67,100.0,73.9
1830,-12474.79,103651.418,1.61,100.0,74.0
1831,-12377.43,5129.0746,1.6,100.0,74.0
1832,-12226.91,14787.1934,1.67,98.2,73.9
1833,-12610.11,6134.3057,1.65,100.0,74.0
1834,-12845.36,48649.1621,1.59,100.0,74.1
1835,-13068.57,28040.7437,1.59,100.0,74.2
1836,-13157.39,66410.7598,1.64,99.4,74.2
1837,-13518.58,82585.6191,1.65,100.0,74.1
1838,-13273.55,73859.4375,1.63,100.0,74.1
1839,-11928.66,81393.0,1.55,100.0,74.1
1840,-12917.58,72462.2949,1.7,100.0,74.3
1841,-12216.45,87139.1484,1.73,98.3,74.5
1842,-12874.1,92784.3496,1.68,100.0,74.6
1843,-12409.95,36244.1289,1.62,100.0,74.6
1844,-11685.38,31377.0801,1.63,100.0,74.4
1845,-13094.41,63578.96,1.67,99.2,74.4
1846,-12245.42,10270.9529,1.67,100.0,74.7
1847,-12016.93,9467.5,1.59,100.0,74.8
1848,-12469.47,19149.5293,1.62,100.0,74.9
1849,-13154.25,20618.3359,1.69,100.0,74.9
1850,-12050.99,32254.2617,1.64,100.0,74.6
1851,-11913.0,33409.5039,1.58,100.0,74.6
1852,-13096.65,219635.0117,1.63,100.0,74.7
1853,-12551.81,25317.3594,1.7,100.0,74.8
1854,-12027.16,9349.7275,1.7,99.0,74.6
1855,-12053.56,13946.2314,1.62,100.0,74.7
1856,-11833.93,22329.4653,1.55,99.9,74.8
1857,-12460.81,55625.7305,1.66,96.0,74.8
1858,-11987.92,5930.0059,1.58,100.0,74.8
1859,-12405.69,17994.4834,1.58,100.0,74.9
1860,-11718.22,45817.9688,1.58,100.0,74.9
1861,-12793.1,46564.5771,1.6,100.0,75.0
1862,-12320.91,15632.1143,1.66,100.0,75.0
1863,-11949.68,12261.4666,1.62,100.0,75.1
1864,-12588.55,25427.7363,1.59,100.0,75.0
1865,-12207.84,7578.5339,1.61,99.8,75.1
1866,-12612.81,19559.7983,1.6,98.4,75.2
1867,-13357.48,90447.9414,1.62,100.0,75.2
1868,-12961.94,94903.8418,1.55,100.0,75.4
1869,-12173.68,63682.9434,1.57,100.0,75.4
1870,-12577.45,8230.5614,1.61,100.0,75.6
1871,-11698.6,53202.6104,1.55,100.0,75.6
1872,-12026.19,24157.6865,1.59,100.0,75.5
1873,-12160.7,15704.4744,1.68,100.0,75.6
1874,-12655.35,108587.3711,1.63,99.5,75.6
1875,-12106.47,15272.0718,1.58,100.0,75.8
1876,-12246.67,76865.8984,1.59,100.0,75.7
1877,-12634.53,39907.2559,1.61,100.0,75.7
1878,-12411.25,5362.8458,1.67,99.9,75.6
1879,-12424.08,58746.0244,1.66,100.0,75.2
1880,-12649.7,24327.2539,1.56,100.0,75.2
1881,-11264.23,229023.9414,1.59,100.0,75.2
1882,-12054.81,44929.542,1.61,100.0,75.3
1883,-11799.85,28714.1021,1.72,100.0,75.3
1884,-12097.87,9059.2441,1.58,100.0,75.4
1885,-12112.64,43137.6475,1.63,100.0,75.5
1886,-12335.19,26082.2202,1.68,100.0,75.5
1887,-12761.67,17531.2898,1.65,95.1,75.6
1888,-12875.13,46899.2793,1.61,100.0,75.7
1889,-12757.98,38034.4053,1.58,100.0,75.7
1890,-12746.25,14169.0459,1.59,100.0,75.8
1891,-12111.05,4774.8544,1.67,100.0,75.7
1892,-11663.07,53952.0381,1.64,100.0,75.8
1893,-12546.25,6378.9657,1.56,100.0,75.8
1894,-12099.77,21607.9717,1.63,100.0,75.9
1895,-11583.71,18741.1628,1.67,95.1,75.8
1896,-13046.7,44309.2529,1.62,100.0,75.7
1897,-13019.17,31458.6602,1.54,100.0,75.8
1898,-13384.85,65637.5732,1.65,100.0,75.8
1899,-12216.81,42042.8398,1.62,100.0,75.8
1900,-13265.42,24557.5249,1.63,100.0,75.9
1901,-12365.61,26172.1709,1.55,100.0,75.8
1902,-12780.91,23989.6753,1.67,100.0,75.9
1903,-12682.39,26581.4482,1.65,100.0,76.1
1904,-12684.15,16505.7188,1.62,100.0,76.2
1905,-12532.96,29656.436,1.54,100.0,76.4
1906,-13888.45,31306.71,1.66,100.0,76.3
1907,-12801.52,23563.2935,1.65,100.0,76.4
1908,-12106.45,38540.2744,1.6,100.0,76.4
1909,-11579.72,85923.5137,1.57,100.0,76.5
1910,-12145.02,42334.2871,1.58,100.0,76.6
1911,-12656.99,21495.7153,1.66,100.0,76.6
1912,-12876.72,15583.3298,1.68,99.7,76.7
1913,-12564.45,48929.2412,1.6,100.0,76.8
1914,-13482.79,55591.4756,1.6,100.0,76.8
1915,-13347.61,72300.9307,1.69,98.9,76.7
1916,-13209.8,13438.9092,1.59,100.0,76.5
1917,-12741.39,6235.557,1.56,100.0,76.6
1918,-11121.3,103637.457,1.54,98.1,76.7
1919,-12899.13,48573.7354,1.61,100.0,76.8
1920,-12433.88,22306.6069,1.68,100.0,76.8
1921,-12198.15,10421.5054,1.65,100.0,76.9
1922,-12348.38,10292.5093,1.57,100.0,76.9
1923,-12401.37,16527.3789,1.61,100.0,76.9
1924,-12957.11,52904.1006,1.61,100.0,77.0
1925,-11661.19,19583.0146,1.61,100.0,77.0
1926,-12610.04,21246.1514,1.59,100.0,77.0
1927,-12198.74,15686.6023,1.58,100.0,77.1
1928,-11585.46,20691.4673,1.67,100.0,77.2
1929,-12555.29,74187.4746,1.65,100.0,77.1
1930,-12157.09,15721.5439,1.63,100.0,77.2
1931,-12452.3,113297.1914,1.94,100.0,76.9
1932,-11562.88,29445.1133,1.61,100.0,77.0
1933,-12531.99,2893.6778,1.63,100.0,77.0
1934,-12540.18,15543.8098,1.69,100.0,77.2
1935,-12360.4,58844.8613,1.62,100.0,77.2
1936,-12667.71,4081.2963,1.61,100.0,77.1
1937,-12643.28,12804.3472,1.62,100.0,77.2
1938,-12212.64,14674.3738,1.64,92.7,77.0
1939,-12403.59,1937.4179,1.63,100.0,77.1
1940,-11903.44,15212.2131,1.55,100.0,77.0
1941,-12304.91,9756.5857,1.61,100.0,77.1
1942,-11552.68,40798.5283,1.59,99.4,77.2
1943,-12134.46,37463.6963,1.56,100.0,77.2
1944,-12077.99,13511.1304,1.57,100.0,77.2
1945,-12128.68,13586.6633,1.65,100.0,77.3
1946,-12145.13,11453.1592,1.67,99.7,77.4
1947,-12700.23,29766.7061,1.62,100.0,77.5
1948,-12244.34,17930.6421,1.61,100.0,76.8
1949,-12465.33,6805.1718,1.53,100.0,76.9
1950,-12815.41,91498.9277,1.6,99.1,76.8
1951,-11976.71,6309.4485,1.6,100.0,76.8
1952,-11814.54,15243.3635,1.59,100.0,76.8
1953,-12034.67,7729.1497,1.57,100.0,76.9
1954,-11497.07,21796.2109,1.64,100.0,77.0
1955,-12597.41,43348.2656,1.72,100.0,76.7
1956,-12051.82,18985.2119,1.64,100.0,76.4
1957,-11702.78,11083.8372,1.58,100.0,76.3
1958,-12015.07,8758.0425,1.71,97.9,76.6
1959,-12512.02,55828.8066,1.61,100.0,76.3
1960,-13274.7,194570.5586,1.61,100.0,76.3
1961,-12553.42,141630.4883,1.61,100.0,76.4
1962,-13056.84,58510.9004,1.63,100.0,76.5
1963,-12824.23,31677.79,1.67,100.0,76.5
1964,-11629.16,11713.9922,1.61,100.0,76.6
1965,-11865.69,8168.8229,1.58,100.0,76.5
1966,-11587.01,29173.0698,1.64,99.4,76.9
1967,-12059.24,6302.2029,1.61,96.2,76.9
1968,-12446.68,22146.3633,1.59,100.0,76.9
1969,-12172.08,4720.8224,1.55,100.0,76.8
1970,-12378.06,12943.6504,1.61,100.0,76.8
1971,-12421.0,23759.7661,1.59,100.0,76.9
1972,-12606.95,16421.3296,1.62,100.0,76.9
1973,-12609.3,8961.0907,1.57,100.0,77.0
1974,-12105.94,46706.3828,1.58,100.0,77.1
1975,-13123.86,75494.0195,1.62,99.9,76.8
1976,-12854.78,8929.9716,1.62,100.0,76.8
1977,-12849.53,11993.2029,1.64,100.0,76.9
1978,-12324.6,24822.168,1.64,100.0,76.9
1979,-11774.21,51448.208,1.65,92.5,77.2
1980,-11378.19,97755.291,1.59,100.0,77.2
1981,-12427.1,23372.1035,1.55,100.0,77.2
1982,-12020.04,16738.9456,1.57,100.0,77.2
1983,-11926.86,8937.2126,1.59,100.0,77.3
1984,-11991.72,9982.5522,1.66,100.0,77.4
1985,-11457.07,19624.9058,1.58,100.0,77.3
1986,-12250.73,71344.541,1.56,100.0,77.3
1987,-11717.35,23776.1846,1.66,100.0,77.1
1988,-12030.49,5533.6963,1.68,97.7,77.2
1989,-12609.23,47454.0674,1.6,100.0,77.4
1990,-12451.25,22405.7344,1.51,99.9,77.3
1991,-13607.64,151220.7109,1.64,99.5,77.3
1992,-11965.2,46634.7207,1.65,100.0,77.5
1993,-12829.65,48428.4492,1.63,100.0,77.4
1994,-11866.82,76092.4053,1.62,100.0,77.5
1995,-12251.76,47337.9873,1.62,100.0,77.6
1996,-12016.48,26331.5669,1.63,100.0,77.6
1997,-12458.6,13478.4634,1.65,100.0,77.7
1998,-12262.23,64999.8262,1.63,100.0,77.7
1999,-13077.62,44009.4121,1.6,100.0,77.7
2000,-12048.27,23875.814,1.61,98.9,77.8
2001,-12054.27,20458.2651,1.61,99.6,77.9
2002,-11803.92,34495.7964,1.61,100.0,78.0
2003,-12632.11,46230.8643,1.57,100.0,78.1
2004,-12202.56,28897.9062,1.64,100.0,78.0
2005,-11206.47,18980.3164,1.65,100.0,78.0
2006,-12052.91,40447.6113,1.58,100.0,78.1
2007,-12090.65,13521.0759,1.58,100.0,78.1
2008,-12445.02,101900.0176,1.64,100.0,77.9
2009,-12408.25,10030.9597,1.58,100.0,77.8
2010,-12663.78,16205.6638,1.59,100.0,77.8
2011,-11702.99,49007.9004,1.54,100.0,77.7
2012,-11786.05,13059.28,1.61,100.0,77.8
2013,-11640.56,20885.155,1.66,100.0,77.9
2014,-12099.09,26579.0479,1.66,100.0,77.8
2015,-12370.38,328719.9297,1.59,100.0,77.9
2016,-12748.15,93542.0352,1.62,100.0,77.9
2017,-11474.14,33034.355,1.62,96.4,77.4
2018,-12048.17,47588.9609,1.64,100.0,77.5
2019,-12644.5,24249.8843,1.58,100.0,77.5
2020,-11907.25,33905.001,1.61,100.0,77.5
2021,-12385.96,9289.255,1.66,100.0,77.5
2022,-12252.13,7915.2236,1.68,100.0,77.5
2023,-11775.6,33010.312,1.64,100.0,77.6
2024,-11984.65,9603.3706,1.58,100.0,77.4
2025,-12566.27,46881.8447,1.66,98.1,77.7
2026,-12393.62,13877.6675,1.6,98.5,77.5
2027,-12290.88,18140.1221,1.58,100.0,77.5
2028,-11655.4,15220.9084,1.56,100.0,77.5
2029,-11613.54,33946.0439,1.59,100.0,77.5
2030,-12549.5,49770.2705,1.6,100.0,77.6
2031,-12647.5,81254.252,1.72,100.0,77.7
2032,-12216.87,19862.5317,1.58,100.0,77.8
2033,-12779.23,91512.9004,1.62,100.0,77.7
2034,-12653.89,13428.572,1.6,99.4,77.7
2035,-12328.21,13103.0537,1.56,100.0,77.8
2036,-12566.17,33503.5356,1.58,100.0,77.8
2037,-11989.73,18615.2397,1.6,100.0,77.9
2038,-11991.21,21419.4758,1.58,100.0,77.6
2039,-12271.06,10959.8562,1.58,100.0,77.4
2040,-11904.31,10690.8484,1.57,100.0,77.5
2041,-12392.17,39792.5264,1.61,100.0,77.6
2042,-12992.27,138686.377,1.65,100.0,77.7
2043,-12197.06,57930.9688,1.67,99.9,77.7
2044,-12601.81,26226.438,1.65,100.0,77.6
2045,-11859.21,47899.625,1.59,100.0,77.6
2046,-12677.37,11397.2126,1.63,100.0,77.7
2047,-12263.66,1841.3703,1.59,98.3,77.9
2048,-11754.39,38784.5361,1.57,100.0,77.8
2049,-12776.55,34541.7085,1.59,100.0,77.6
2050,-12181.55,6342.058,1.61,100.0,77.6
2051,-11762.44,23273.7749,1.63,100.0,77.5
2052,-12201.39,7898.5698,1.58,100.0,77.8
2053,-11712.72,14866.3855,1.57,100.0,77.9
2054,-12778.25,53171.3564,1.59,100.0,77.7
2055,-11833.92,14807.1873,1.62,100.0,77.9
2056,-11809.52,5484.8344,1.59,100.0,77.9
2057,-12194.26,12323.6919,1.56,100.0,78.0
2058,-12856.02,86943.125,1.61,100.0,78.0
2059,-12022.09,25040.4209,1.63,99.9,77.9
2060,-12549.15,9364.6802,1.57,100.0,78.1
2061,-12488.73,10874.7764,1.58,100.0,78.2
2062,-12637.76,11865.8567,1.56,100.0,78.2
2063,-11978.25,14043.1987,1.6,100.0,78.2
2064,-11765.36,9021.2555,1.71,100.0,78.3
2065,-12419.85,34405.3481,1.59,100.0,78.3
2066,-11634.92,24114.2812,1.6,100.0,78.4
2067,-13118.85,27229.7593,1.66,100.0,78.7
2068,-12378.26,11135.0779,1.72,97.4,78.9
2069,-12188.2,12388.7004,1.58,100.0,79.0
2070,-11909.03,3024.535,1.59,100.0,79.0
2071,-11630.09,12722.6982,1.62,98.6,79.1
2072,-12337.44,17854.2129,1.61,100.0,79.2
2073,-11958.91,9868.4939,1.63,100.0,79.2
2074,-12477.12,19760.6665,1.58,100.0,79.3
2075,-12651.98,48423.5273,1.7,100.0,79.3
2076,-12688.84,43379.8076,1.74,100.0,79.2
2077,-12025.52,5370.1898,1.65,100.0,79.3
2078,-11780.09,23182.5488,1.61,100.0,79.1
2079,-11553.62,7811.9624,1.6,100.0,79.1
2080,-12285.68,27759.0479,1.63,92.9,79.1
2081,-12188.33,10000.158,1.61,100.0,79.1
2082,-12384.1,13721.0959,1.55,100.0,79.1
2083,-11798.37,12207.4067,1.64,100.0,79.1
2084,-11832.48,8893.7657,1.61,100.0,79.7
2085,-12049.84,57415.5098,1.66,100.0,79.7
2086,-11546.72,4196.7939,1.55,100.0,79.7
2087,-12432.17,37455.7275,1.61,100.0,79.8
2088,-12402.12,29659.3701,1.6,100.0,79.6
2089,-12838.76,98255.8066,1.7,100.0,79.7
2090,-12362.42,30189.8657,1.59,100.0,78.8
2091,-12711.92,58358.0889,1.65,100.0,78.7
2092,-11787.62,6459.7433,1.59,100.0,78.9
2093,-11574.91,9563.4019,1.61,100.0,79.0
2094,-12321.5,10394.7271,1.55,100.0,79.0
2095,-12448.0,28933.668,1.56,100.0,79.1
2096,-12196.37,11706.6099,1.61,100.0,79.2
2097,-11619.39,14148.5894,1.61,100.0,79.1
2098,-12487.2,37541.0166,1.63,100.0,79.2
2099,-11947.44,11926.0974,1.59,100.0,79.2
2100,-11856.91,18752.6633,1.64,100.0,79.2
2101,-11519.83,12475.6689,1.63,96.5,78.5
2102,-12419.26,85348.2891,1.59,100.0,78.7
2103,-12807.29,118405.5566,1.54,100.0,78.7
2104,-12548.02,66622.5752,1.63,100.0,78.7
2105,-11643.78,20537.4089,1.62,100.0,78.8
2106,-11967.21,6393.8652,1.62,100.0,78.9
2107,-12264.42,68527.416,1.62,100.0,79.0
2108,-12213.72,3334.8226,1.58,100.0,79.7
2109,-11422.43,93025.9766,1.67,100.0,79.7
2110,-12142.13,18937.2104,1.58,100.0,79.6
2111,-11632.0,18036.7998,1.57,100.0,79.2
2112,-12349.56,17141.5718,1.59,100.0,79.3
2113,-12615.14,14587.0354,1.62,100.0,79.4
2114,-12442.71,6568.2827,1.65,100.0,79.4
2115,-12740.53,17481.6467,1.56,100.0,79.3
2116,-12952.47,33159.8652,1.63,99.5,79.1
2117,-12258.67,33724.5762,1.61,100.0,79.2
2118,-12800.17,82685.457,1.64,100.0,79.2
2119,-12546.29,15746.8269,1.6,100.0,79.0
2120,-12507.3,10969.551,1.58,100.0,78.9
2121,-13205.94,41884.7178,1.64,100.0,78.9
2122,-11589.9,93040.7852,1.58,100.0,79.1
2123,-11599.59,28843.167,1.56,100.0,79.0
2124,-12308.63,52344.8359,1.62,100.0,78.9
2125,-11936.47,10456.7322,1.6,100.0,79.1
2126,-12517.82,21352.0278,1.63,100.0,79.2
2127,-11819.02,23491.4038,1.66,100.0,79.2
2128,-11988.07,5261.9631,1.6,100.0,79.2
2129,-12783.21,51272.5967,1.64,99.3,79.1
2130,-12948.29,25701.3154,1.63,94.2,79.1
2131,-11588.11,37030.2812,1.57,100.0,79.1
2132,-13206.07,58800.8633,1.61,100.0,79.2
2133,-12002.51,42347.0039,1.64,100.0,79.2
2134,-11908.88,13579.9365,1.61,100.0,79.0
2135,-12830.32,49878.3818,1.62,100.0,79.1
2136,-12228.03,10588.5088,1.59,100.0,79.2
2137,-12500.96,22033.3604,1.63,100.0,79.1
2138,-12473.52,11678.9448,1.68,96.3,79.1
2139,-13021.46,73257.5918,1.63,99.6,78.5
2140,-12581.97,22196.7183,1.62,100.0,78.6
2141,-12573.07,30159.7788,1.55,100.0,78.6
2142,-12947.9,33089.0469,1.68,100.0,78.8
2143,-13182.64,21620.875,1.7,100.0,78.8
2144,-12950.79,20952.4795,1.67,100.0,78.8
2145,-12792.99,28413.8252,1.63,100.0,78.9
2146,-12709.65,15314.2632,1.61,100.0,78.9
2147,-12571.6,31874.0317,1.62,97.5,79.3
2148,-12128.55,27633.1528,1.66,100.0,79.6
2149,-12949.91,32801.6348,1.65,100.0,79.6
2150,-12701.38,18350.2388,1.61,100.0,79.4
2151,-12445.14,11859.4348,1.66,100.0,79.5
2152,-13341.35,35278.4019,1.68,99.9,79.6
2153,-11866.93,75001.8848,1.59,100.0,79.6
2154,-13195.38,42699.0303,1.63,100.0,79.5
2155,-12732.66,17685.4238,1.62,100.0,79.6
2156,-12811.45,6388.9055,1.65,100.0,79.7
2157,-12223.77,35266.8828,1.62,100.0,79.8
2158,-13048.06,20666.604,1.61,100.0,79.8
2159,-12484.38,16175.0239,1.61,100.0,79.9
2160,-12239.94,11828.9517,1.58,100.0,79.9
2161,-12324.83,6767.5042,1.65,100.0,79.9
2162,-12741.06,39612.9785,1.67,100.0,79.9
2163,-11909.73,21827.4995,1.58,100.0,79.9
2164,-12394.72,12739.2925,1.61,100.0,80.0
2165,-11542.77,23902.9126,1.6,100.0,80.1
2166,-12528.96,18928.0693,1.58,100.0,80.1
2167,-12299.82,38097.8242,1.6,100.0,80.2
2168,-12286.16,13232.594,1.6,100.0,79.4
2169,-11619.32,60982.9424,1.6,100.0,79.6
2170,-11325.09,59040.0967,1.62,100.0,79.6
2171,-11566.94,46339.6035,1.58,100.0,79.7
2172,-12021.8,13932.7373,1.59,100.0,79.6
2173,-12276.51,26078.2979,1.63,94.7,79.7
2174,-12628.83,157037.6094,1.62,100.0,80.2
2175,-13038.93,84073.2461,1.59,100.0,80.2
2176,-12286.63,6298.9407,1.6,100.0,80.3
2177,-12335.56,19073.7417,1.64,100.0,80.3
2178,-11514.22,56854.5752,1.64,100.0,79.9
2179,-12240.31,18000.907,1.64,100.0,79.8
2180,-12658.93,10409.2715,1.57,100.0,79.9
2181,-12095.0,17418.4395,1.66,100.0,79.9
2182,-12029.26,6641.2406,1.67,95.9,80.0
2183,-11699.99,18028.5571,1.59,100.0,79.9
2184,-12062.21,33854.5005,1.54,100.0,79.4
2185,-11500.75,13899.2791,1.55,100.0,79.5
2186,-11485.23,6681.9236,1.59,100.0,79.5
2187,-12112.69,77330.6895,1.58,100.0,79.6
2188,-11613.99,16782.6902,1.69,100.0,79.7
2189,-12426.52,71883.1514,1.55,100.0,79.7
2190,-12448.78,21340.4307,1.61,100.0,79.7
2191,-12217.53,36682.9873,1.6,96.8,79.8
2192,-11230.56,41946.8916,1.6,100.0,79.8
2193,-12951.71,28078.918,1.58,100.0,79.8
2194,-12513.69,20032.8281,1.61,100.0,79.9
2195,-12850.59,22788.0776,1.67,99.0,79.8
2196,-11663.91,96177.5488,1.62,100.0,80.0
2197,-12125.9,23777.2109,1.55,100.0,79.8
2198,-12176.83,19830.687,1.61,100.0,79.8
2199,-11832.86,27271.3447,1.62,100.0,79.9
2200,-12646.77,28925.2412,1.64,100.0,80.0
2201,-11340.43,25660.3921,1.59,100.0,79.9
2202,-11918.22,4622.1332,1.66,100.0,80.1
2203,-11690.27,19946.1011,1.71,97.6,79.3
2204,-11643.74,5779.9811,1.65,98.7,79.2
2205,-11407.76,6362.2046,1.56,100.0,78.5
2206,-12062.93,33369.5747,1.6,100.0,78.6
2207,-11370.74,19570.0493,1.61,95.6,78.3
2208,-11037.18,16355.9663,1.6,100.0,78.2
2209,-13110.94,100137.0801,1.62,100.0,78.3
2210,-12221.8,35952.7515,1.64,100.0,78.3
2211,-11936.77,22481.084,1.63,100.0,78.3
2212,-11907.32,2048.6134,1.65,100.0,78.4
2213,-12253.75,21144.4004,1.67,100.0,78.3
2214,-12172.08,16878.3584,1.65,100.0,78.4
2215,-11492.31,46230.2783,1.63,98.8,77.8
2216,-11281.96,32705.8794,1.6,100.0,77.7
2217,-11987.9,24371.0566,1.57,100.0,77.9
2218,-12491.12,52911.2119,1.61,100.0,77.7
2219,-12123.46,15124.116,1.67,100.0,77.7
2220,-11755.95,16146.196,1.68,98.3,77.6
2221,-12042.23,17458.6826,1.59,100.0,77.7
2222,-11708.3,13704.3188,1.59,100.0,77.7
2223,-12552.77,42510.6426,1.65,100.0,77.6
2224,-12440.48,10795.6348,1.63,96.0,77.0
2225,-12505.9,32204.2407,1.62,100.0,77.1
2226,-13332.97,62160.6533,1.6,100.0,77.2
2227,-11774.68,148715.3594,1.66,100.0,77.3
2228,-11658.35,87624.9941,1.71,100.0,77.3
2229,-12737.25,21144.7368,1.72,100.0,77.2
2230,-12717.6,20770.2427,1.57,100.0,77.2
2231,-13227.7,58944.1484,1.62,100.0,77.3
2232,-11581.54,49396.4902,1.66,98.5,77.4
2233,-11792.45,22439.6621,1.63,100.0,77.3
2234,-13125.3,48105.5225,1.61,100.0,77.4
2235,-12696.96,8413.1479,1.58,100.0,77.5
2236,-13288.95,23082.0,1.65,99.2,77.6
2237,-11570.41,72932.0156,1.6,100.0,77.5
2238,-12643.28,25695.8755,1.61,100.0,77.5
2239,-12034.73,32591.5215,1.54,100.0,77.4
2240,-12625.41,25786.4189,1.7,100.0,77.5
2241,-11714.5,30814.0376,1.67,100.0,77.6
2242,-12216.73,23241.522,1.63,100.0,77.7
2243,-11771.3,18090.3755,1.61,100.0,77.6
2244,-11836.52,7107.9825,1.71,93.3,77.9
2245,-11880.14,7892.7129,1.63,98.0,78.3
2246,-12005.78,5365.6014,1.58,100.0,78.3
2247,-11404.33,24813.8169,1.56,100.0,78.4
2248,-11670.96,15002.179,1.63,100.0,78.5
2249,-12040.42,7187.1306,1.7,100.0,78.6
2250,-11437.12,17205.7651,1.6,100.0,78.7
2251,-11625.45,11600.3262,1.56,100.0,78.6
2252,-12197.31,15860.8625,1.65,100.0,78.5
2253,-11316.71,8101.4628,1.67,99.2,78.7
2254,-11695.91,6892.3918,1.62,100.0,78.8
2255,-12067.95,39864.5156,1.57,100.0,78.9
2256,-12105.86,49544.8574,1.61,100.0,79.0
2257,-11973.8,6964.8213,1.67,100.0,79.1
2258,-12540.91,34937.459,1.64,100.0,79.0
2259,-12490.7,34443.4438,1.61,100.0,78.9
2260,-12424.13,41640.5703,1.64,100.0,78.7
2261,-11557.22,32567.9355,1.59,99.0,78.9
2262,-11841.9,18338.7737,1.63,100.0,79.0
2263,-11854.02,19157.2629,1.6,100.0,78.9
2264,-12251.01,8276.3663,1.66,100.0,79.0
2265,-11569.26,21316.7271,1.67,96.4,79.0
2266,-12462.97,11480.1943,1.66,97.9,79.0
2267,-11736.23,6128.5446,1.59,100.0,79.4
2268,-12115.42,22651.313,1.57,100.0,79.4
2269,-11325.32,14865.3655,1.57,98.2,79.4
2270,-11910.17,5600.0516,1.58,100.0,79.6
2271,-11771.95,5856.4553,1.6,100.0,79.5
2272,-12939.67,52834.4189,1.67,100.0,79.6
2273,-12808.39,58614.126,1.7,100.0,79.1
2274,-11795.99,9962.2095,1.69,100.0,79.2
2275,-11794.05,10590.356,1.66,100.0,79.1
2276,-11684.08,14880.0444,1.58,100.0,79.1
2277,-12594.09,15385.3088,1.62,98.4,79.4
2278,-11907.31,29786.6426,1.65,100.0,79.3
2279,-12180.32,34602.541,1.65,100.0,79.4
2280,-11546.98,16926.186,1.57,100.0,79.2
2281,-12197.03,13570.8979,1.62,99.3,79.3
2282,-11985.53,9605.2917,1.65,99.8,79.5
2283,-12140.11,23232.7852,1.58,100.0,79.4
2284,-12658.86,29429.4268,1.58,100.0,79.5
2285,-12073.9,30916.0488,1.61,100.0,79.5
2286,-11437.71,28874.501,1.76,100.0,79.5
2287,-12599.08,24095.6479,1.59,100.0,79.5
2288,-12035.77,23386.6216,1.62,100.0,79.1
2289,-12167.01,34747.9121,1.66,99.8,79.0
2290,-12617.72,28615.3604,1.69,95.8,79.2
2291,-12615.8,12314.9651,1.59,100.0,79.2
2292,-12038.15,25895.4146,1.58,100.0,79.3
2293,-12256.22,8884.5244,1.64,100.0,79.4
2294,-12832.78,7583.9901,1.68,100.0,79.4
2295,-11618.55,38914.3281,1.65,100.0,79.4
2296,-12282.58,14480.1042,1.58,100.0,79.5
2297,-11926.31,21077.0933,1.6,100.0,79.6
2298,-12341.39,21373.3257,1.73,100.0,79.5
2299,-12543.8,17422.5127,1.66,99.8,79.5
2300,-11627.88,35769.9561,1.6,100.0,79.4
2301,-12412.59,13140.3225,1.59,100.0,79.5
2302,-12087.61,8708.5977,1.64,100.0,79.6
2303,-11933.33,25442.4624,1.69,98.9,79.6
2304,-12215.7,12052.8323,1.74,100.0,79.5
2305,-12231.52,10540.0864,1.58,100.0,79.5
2306,-11494.16,24392.2617,1.67,100.0,79.7
2307,-12423.98,16669.3601,1.62,99.7,79.7
2308,-12299.71,11489.843,1.7,100.0,79.8
2309,-13276.02,262402.5898,1.6,100.0,79.8
2310,-12088.69,16223.3555,1.59,100.0,79.7
2311,-11801.6,26482.7236,1.68,99.7,79.8
2312,-12849.86,101920.6387,1.62,100.0,79.8
2313,-12017.38,22261.8516,1.56,100.0,79.9
2314,-11701.59,25929.0513,1.57,100.0,79.8
2315,-11919.4,13260.9177,1.64,100.0,79.4
2316,-13132.45,99210.2305,1.79,96.9,79.5
2317,-12755.41,52928.7246,1.68,100.0,79.6
2318,-12698.06,30862.5078,1.62,100.0,79.6
2319,-12240.39,8130.1776,1.61,100.0,79.4
2320,-11809.35,37865.1914,1.64,100.0,79.3
2321,-12487.31,6132.1976,1.59,100.0,79.2
2322,-11608.6,54307.5801,1.59,100.0,79.2
2323,-12258.7,6330.6815,1.64,100.0,79.3
2324,-12034.45,6593.879,1.68,100.0,79.5
2325,-11990.92,7680.6393,1.71,100.0,79.8
2326,-12588.01,22691.0972,1.6,100.0,79.6
2327,-11905.11,21060.9438,1.62,100.0,79.8
2328,-11881.42,18135.606,1.63,98.9,79.9
2329,-12517.95,111385.3027,1.61,100.0,80.0
2330,-11275.81,27735.2993,1.6,100.0,80.1
2331,-12856.92,102340.8672,1.62,100.0,79.5
2332,-12639.63,77602.3115,1.62,100.0,79.7
2333,-11983.67,14084.0303,1.67,98.3,79.8
2334,-12006.01,14049.665,1.63,100.0,79.9
2335,-11848.6,9672.5837,1.62,100.0,79.9
2336,-11947.51,12127.1072,1.66,100.0,79.9
2337,-11982.87,7889.1569,1.72,94.9,80.0
2338,-12779.44,64665.9873,1.63,100.0,79.9
2339,-12104.65,2662.3406,1.58,100.0,80.0
2340,-13219.27,53697.7158,1.65,100.0,80.0
2341,-12766.24,16235.7214,1.62,100.0,80.1
2342,-12493.96,13908.6411,1.58,100.0,80.1
2343,-11975.19,25226.6089,1.57,100.0,80.2
2344,-12929.79,28455.373,1.67,100.0,80.2
2345,-12734.89,11312.5125,1.7,99.5,80.1
2346,-12204.5,10577.0037,1.72,100.0,80.2
2347,-12620.37,43915.6865,1.6,100.0,80.4
2348,-12238.75,10822.6829,1.62,100.0,80.6
2349,-11605.22,47170.959,1.61,98.9,80.5
2350,-11998.08,14527.8303,1.61,100.0,80.5
2351,-12836.56,56899.2275,1.6,100.0,80.5
2352,-12513.75,78639.6836,1.61,100.0,80.5
2353,-11981.99,42662.2207,1.61,100.0,81.0
2354,-12030.35,12772.7354,1.66,100.0,81.0
2355,-12027.74,2666.4503,1.59,100.0,81.0
2356,-12367.76,54150.5117,1.65,100.0,81.0
2357,-12013.16,23917.6597,1.65,100.0,80.5
2358,-12619.11,26105.4082,1.73,100.0,80.4
2359,-12705.29,47905.8848,1.7,100.0,80.5
2360,-12221.8,23828.8755,1.59,100.0,80.6
2361,-12185.86,7152.3441,1.63,92.8,80.6
2362,-12680.5,14641.8674,1.6,98.9,80.5
2363,-11880.49,25526.3716,1.58,100.0,80.6
2364,-11407.45,35700.9927,1.59,100.0,80.5
2365,-11881.98,21073.9346,1.64,100.0,80.6
2366,-11497.07,13831.3164,1.63,100.0,80.6
2367,-11552.7,19395.2336,1.6,100.0,80.5
2368,-12225.2,32853.4463,1.64,100.0,80.5
2369,-11783.94,31161.9712,1.66,100.0,80.4
2370,-11636.08,3594.6884,1.63,97.1,80.7
2371,-12251.96,69148.2656,1.59,99.9,80.9
2372,-12067.63,59210.6924,1.56,100.0,80.9
2373,-12017.12,24208.0239,1.61,100.0,80.9
2374,-12209.55,5775.2136,1.6,100.0,81.0
2375,-11871.05,25171.2183,1.61,100.0,81.0
2376,-11640.33,23132.9932,1.58,100.0,80.6
2377,-11861.79,23774.1118,1.61,100.0,80.6
2378,-12802.34,40609.5967,1.65,100.0,80.6
2379,-11568.46,43107.8994,1.68,100.0,80.1
2380,-11973.3,22036.1118,1.59,100.0,80.2
2381,-11774.98,64778.8203,1.63,99.3,80.3
2382,-12748.45,74717.9033,1.61,100.0,80.5
2383,-11686.81,8618.5872,1.65,100.0,80.5
2384,-11547.6,7252.7145,1.65,100.0,80.5
2385,-11371.31,29643.8823,1.61,100.0,80.4
2386,-11747.81,33104.0615,1.62,100.0,80.5
2387,-11678.51,6342.6279,1.64,100.0,80.5
2388,-12057.13,44911.9229,1.61,100.0,80.6
2389,-11678.83,29830.8584,1.63,100.0,80.5
2390,-11986.7,8712.1229,1.64,99.5,80.6
2391,-11660.81,15121.6426,1.63,99.4,80.6
2392,-11769.96,2239.5716,1.59,100.0,80.6
2393,-12202.17,22185.3188,1.61,100.0,80.7
2394,-11796.17,3797.4531,1.62,100.0,80.8
2395,-12029.23,14349.1658,1.62,100.0,80.8
2396,-12130.3,12423.6968,1.62,100.0,80.8
2397,-11775.62,15892.2197,1.64,100.0,80.9
2398,-11932.08,3448.8799,1.61,100.0,80.6
2399,-12703.7,34044.1709,1.59,99.8,80.5
2400,-12226.08,10035.5557,1.62,100.0,80.5
2401,-12013.48,16556.5024,1.67,100.0,80.7
2402,-11757.58,10074.6868,1.61,100.0,80.6
2403,-11385.27,20072.791,1.67,96.6,80.5
2404,-11769.31,6586.667,1.65,99.0,80.7
2405,-12555.32,47901.1963,1.57,100.0,80.7
2406,-12326.02,19799.3516,1.59,100.0,80.7
2407,-11823.9,26343.0903,1.59,99.6,80.7
2408,-11819.05,25800.0811,1.62,100.0,80.7
2409,-11913.14,8322.6105,1.58,100.0,80.6
2410,-11981.15,20629.0938,1.62,100.0,80.7
2411,-12566.65,20700.5264,1.64,100.0,80.3
2412,-11748.24,21263.7065,1.64,100.0,80.3
2413,-11315.48,32752.1494,1.59,100.0,80.5
2414,-12299.27,8272.7889,1.61,100.0,80.4
2415,-12243.41,16107.7622,1.67,100.0,80.4
2416,-11579.65,18955.7876,1.69,99.9,80.5
2417,-11761.59,26014.6392,1.63,100.0,80.5
2418,-12406.72,30078.9346,1.6,100.0,80.7
2419,-11855.54,19298.6226,1.6,95.9,81.0
2420,-11922.44,4938.5402,1.62,100.0,81.0
2421,-11591.93,9718.9514,1.58,100.0,81.1
2422,-12256.07,13880.9163,1.63,100.0,81.1
2423,-11981.42,18144.343,1.64,100.0,81.2
2424,-11666.35,29322.5635,1.69,100.0,81.1
2425,-12038.31,7570.9685,1.65,100.0,81.2
2426,-12170.82,7332.2472,1.59,100.0,81.2
2427,-12601.44,49886.2227,1.63,99.3,81.4
2428,-11668.68,9411.0247,1.61,99.7,81.5
2429,-11472.24,13455.8506,1.56,100.0,81.5
2430,-11673.46,9116.6572,1.6,100.0,81.5
2431,-11837.05,3331.4474,1.66,100.0,81.5
2432,-12912.35,59398.3926,1.68,99.0,81.7
2433,-11626.56,3336.3492,1.63,100.0,81.7
2434,-12626.45,32539.9893,1.57,100.0,81.7
2435,-11594.61,13170.4338,1.62,100.0,81.7
2436,-11772.97,23113.5146,1.71,99.1,81.8
2437,-11771.07,5732.8668,1.63,100.0,81.8
2438,-12344.34,18582.8213,1.61,100.0,81.8
2439,-11946.0,12244.6831,1.61,100.0,81.8
2440,-12514.28,8395.4983,1.59,100.0,81.9
2441,-12591.72,20218.2598,1.63,100.0,81.9
2442,-12211.76,16220.1587,1.57,100.0,81.9
2443,-11877.72,22622.9185,1.58,100.0,81.9
2444,-11709.89,23557.7676,1.67,100.0,82.0
2445,-12436.81,18649.5908,1.74,100.0,82.0
2446,-12628.96,15791.0007,1.64,100.0,82.0
2447,-11889.79,18520.9663,1.61,100.0,82.1
2448,-11509.79,17954.1323,1.65,99.6,82.2
2449,-13003.12,52711.3291,1.77,100.0,82.8
2450,-12026.59,11493.3596,1.59,100.0,82.9
2451,-11573.27,10265.5784,1.6,100.0,83.0
2452,-11588.54,17249.5308,1.65,100.0,83.0
2453,-12229.94,23665.5781,1.64,100.0,82.9
2454,-12162.08,16136.9092,1.61,100.0,82.9
2455,-12340.77,16359.4104,1.61,100.0,82.9
2456,-11738.15,13026.2461,1.65,100.0,83.0
2457,-12177.47,22366.2715,1.62,100.0,83.0
2458,-11569.58,21181.5654,1.6,100.0,83.0
2459,-12008.57,24685.166,1.68,100.0,83.0
2460,-11613.46,9924.0138,1.66,99.2,83.2
2461,-11886.31,11203.5952,1.66,98.5,82.4
2462,-12492.32,42708.4443,1.57,100.0,82.4
2463,-12371.43,16797.7776,1.58,100.0,82.5
2464,-11743.35,8268.8406,1.62,100.0,82.5
2465,-11839.73,9414.6722,1.59,100.0,82.6
2466,-11836.88,5572.0505,1.66,100.0,81.6
2467,-11875.76,12559.4041,1.67,100.0,81.8
2468,-12907.26,47572.4062,1.64,100.0,80.8
2469,-12807.27,44911.3594,1.67,99.8,80.5
2470,-11664.83,27403.8623,1.64,100.0,80.6
2471,-12665.85,25307.4712,1.67,99.9,80.6
2472,-12377.97,26129.6846,1.59,100.0,80.8
2473,-12108.23,22568.4956,1.63,100.0,80.9
2474,-12795.66,50670.7881,1.61,100.0,81.0
2475,-12460.41,21617.1943,1.61,99.6,80.8
2476,-12291.09,37618.8623,1.63,100.0,80.8
2477,-12147.25,7051.3829,1.65,100.0,80.8
2478,-12774.45,34374.0264,1.69,100.0,80.9
2479,-12833.57,47475.5176,1.77,98.8,81.0
2480,-12492.95,7402.0616,1.71,100.0,81.1
2481,-12952.16,26790.7539,1.6,100.0,81.0
2482,-12558.03,9934.1711,1.59,99.7,81.1
2483,-12967.39,14111.342,1.65,99.6,81.1
2484,-12580.7,15992.1106,1.68,100.0,81.2
2485,-12398.67,12913.0286,1.62,100.0,81.3
2486,-12263.24,13176.2712,1.69,100.0,81.4
2487,-12669.78,15138.0566,1.76,100.0,80.9
2488,-13154.15,30764.2915,1.69,99.8,80.9
2489,-12602.76,10011.636,1.64,99.8,80.9
2490,-13012.81,27810.686,1.62,100.0,81.0
2491,-13180.81,26631.1436,1.63,99.8,81.3
2492,-12633.91,14082.377,1.67,100.0,81.3
2493,-13059.96,26670.4668,1.7,100.0,81.3
2494,-12749.18,12762.1375,1.61,100.0,81.3
2495,-12387.54,21762.2832,1.64,100.0,81.3
2496,-12041.66,75836.2646,1.63,100.0,81.4
2497,-12967.39,14087.9751,1.67,100.0,81.5
2498,-12486.09,9684.5593,1.61,99.9,81.4
2499,-12273.53,5969.9233,1.65,100.0,81.8
2500,-12342.52,6712.4645,1.69,100.0,81.7
2501,-12495.05,12995.5347,1.66,100.0,81.8
2502,-12381.75,7027.6874,1.6,100.0,81.7
2503,-12592.92,4009.4055,1.64,100.0,81.9
2504,-12761.68,14904.5042,1.64,100.0,81.8
2505,-12475.41,9492.4258,1.68,100.0,81.9
2506,-12211.18,16356.6018,1.59,100.0,81.8
2507,-12642.0,2761.0765,1.6,100.0,81.8
2508,-13173.53,18795.9883,1.63,100.0,82.0
2509,-12756.29,5263.4792,1.66,100.0,81.9
2510,-12370.04,14247.9429,1.63,100.0,82.0
2511,-12997.08,11792.5173,1.61,100.0,82.0
2512,-12443.17,27850.7432,1.69,100.0,82.1
2513,-12572.79,19622.2737,1.74,100.0,82.2
2514,-12442.08,21227.8857,1.7,100.0,82.3
2515,-13363.94,36635.5723,1.64,100.0,82.1
2516,-12303.14,8393.4559,1.61,100.0,82.2
2517,-12563.36,17189.1682,1.63,100.0,82.3
2518,-12291.78,4258.1605,1.68,100.0,82.4
2519,-12178.26,7810.5382,1.69,100.0,82.5
2520,-12156.56,15235.7498,1.64,100.0,82.4
2521,-12566.96,18421.6035,1.71,100.0,82.5
2522,-13214.62,70973.5,1.76,100.0,82.5
2523,-12591.59,16031.1951,1.65,100.0,82.5
2524,-12851.49,32585.0161,1.68,100.0,82.7
2525,-12406.61,20091.3467,1.64,100.0,82.7
2526,-12475.79,7565.1321,1.63,100.0,82.6
2527,-13323.01,45114.9053,1.59,100.0,82.3
2528,-12549.5,13842.6326,1.66,100.0,82.5
2529,-12158.11,15287.2068,1.77,100.0,82.5
2530,-12309.45,20176.4023,1.71,98.8,82.6
2531,-12598.24,10092.3967,1.7,97.3,82.5
2532,-12996.91,49371.0879,1.64,100.0,82.6
2533,-12815.97,10182.5149,1.67,100.0,82.6
2534,-12620.15,15044.1206,1.63,100.0,82.7
2535,-13356.09,34336.6372,1.64,100.0,82.7
2536,-12221.7,47818.4277,1.57,100.0,82.8
2537,-12227.61,13362.0217,1.73,100.0,82.7
2538,-12187.34,29777.0371,1.68,100.0,82.9
2539,-12780.82,12271.4224,1.62,100.0,82.8
2540,-12240.79,18796.397,1.66,100.0,82.9
2541,-12445.47,5650.7412,1.72,100.0,83.0
2542,-13506.79,59758.6582,1.73,97.3,82.7
2543,-12935.74,14930.2788,1.62,100.0,82.8
2544,-13015.23,30053.5391,1.57,99.0,82.8
2545,-12732.24,6473.8315,1.64,98.0,82.9
2546,-12461.32,11564.563,1.63,100.0,82.9
2547,-12933.29,8524.4292,1.69,100.0,83.1
2548,-12923.54,12266.3862,1.6,100.0,83.0
2549,-13531.56,22682.6553,1.7,100.0,83.0
2550,-13109.11,11992.6729,1.7,100.0,82.4
2551,-13400.14,4420.3801,1.7,99.2,82.4
2552,-12329.77,132404.4922,1.57,100.0,82.4
2553,-13354.09,64311.9785,1.65,99.6,82.4
2554,-12485.64,107211.3984,1.6,99.4,82.6
2555,-13538.55,14235.5137,1.62,100.0,82.6
2556,-13246.76,9114.7842,1.62,100.0,82.6
2557,-12894.72,10747.6887,1.63,100.0,82.7
2558,-12612.22,18042.6155,1.67,99.2,82.9
2559,-13136.23,7000.0813,1.65,100.0,82.4
2560,-12842.51,6134.3269,1.67,100.0,82.4
2561,-12819.63,2461.1883,1.63,100.0,82.4
2562,-12583.79,3211.889,1.62,100.0,82.5
2563,-12290.39,9930.0718,1.66,100.0,82.6
2564,-13381.06,125344.7383,1.61,100.0,82.7
2565,-13301.74,46153.6953,1.59,100.0,82.6
2566,-12476.74,12618.7971,1.6,100.0,82.7
2567,-13222.93,35994.0088,1.66,100.0,82.9
2568,-12731.76,4147.1301,1.7,100.0,83.0
2569,-12414.58,13398.7976,1.64,100.0,83.1
2570,-12668.0,6473.517,1.62,100.0,83.0
2571,-12588.86,4055.9255,1.63,100.0,82.9
2572,-12399.39,3325.928,1.65,100.0,82.9
2573,-13237.33,48304.6973,1.66,100.0,83.1
2574,-12576.28,5775.2931,1.62,100.0,83.1
2575,-13001.94,25747.8521,1.62,100.0,83.2
2576,-12475.56,2163.9062,1.64,100.0,83.1
2577,-12602.37,1940.6769,1.64,100.0,83.1
2578,-12489.74,3003.3831,1.62,100.0,83.2
2579,-12826.06,8172.1936,1.61,100.0,83.2
2580,-12570.64,3125.5872,1.69,100.0,83.4
2581,-13259.72,35236.1152,1.75,100.0,83.3
2582,-12592.0,3396.9113,1.62,100.0,83.1
2583,-12473.8,6675.9912,1.62,100.0,83.1
2584,-13351.57,27668.2832,1.69,100.0,83.2
2585,-13004.66,15755.6284,1.74,100.0,83.3
2586,-13221.24,18920.2664,1.71,100.0,83.4
2587,-12518.15,13568.6809,1.63,100.0,83.3
2588,-12326.62,24597.4727,1.66,100.0,83.3
2589,-13383.33,20601.7744,1.73,100.0,83.6
2590,-12842.5,9340.3069,1.66,100.0,83.7
2591,-13084.39,15892.2395,1.68,100.0,83.8
2592,-12364.26,18699.8887,1.63,100.0,83.7
2593,-12474.44,16495.1199,1.65,100.0,83.7
2594,-12288.12,34792.2583,1.64,100.0,83.8
2595,-12605.3,28075.3154,1.63,100.0,83.9
2596,-12709.65,27360.209,1.69,100.0,83.9
2597,-12991.58,24645.2881,1.65,100.0,83.3
2598,-12529.15,10291.2969,1.73,100.0,82.9
2599,-12352.28,7938.0282,1.67,99.1,83.1
2600,-12699.57,8046.2577,1.63,100.0,83.2
2601,-12315.44,11855.915,1.6,100.0,83.1
2602,-12338.24,9076.9951,1.64,100.0,83.2
2603,-12669.82,8442.9849,1.69,100.0,83.0
2604,-12435.53,7928.1146,1.7,100.0,83.0
2605,-12351.04,5727.3948,1.71,100.0,82.8
2606,-12433.25,10898.7078,1.66,100.0,82.8
2607,-12060.48,23020.605,1.69,99.2,83.1
2608,-13016.84,45958.0039,1.65,98.8,83.3
2609,-12342.96,16438.7153,1.63,100.0,83.3
2610,-12435.69,16079.854,1.59,100.0,83.2
2611,-12452.08,22699.958,1.62,100.0,83.3
2612,-12027.26,25886.5244,1.65,100.0,83.3
2613,-12320.72,8460.1993,1.63,100.0,83.4
2614,-12296.79,7046.8807,1.56,100.0,83.4
2615,-12191.29,20909.3345,1.63,100.0,83.4
2616,-12995.65,26725.7935,1.68,100.0,83.3
2617,-12413.51,6155.3164,1.6,100.0,83.4
2618,-12671.67,8780.2755,1.67,100.0,83.5
2619,-12832.63,7724.8634,1.65,100.0,83.4
2620,-12841.04,4982.0094,1.66,100.0,83.6
2621,-12252.7,30827.8184,1.63,100.0,83.6
2622,-12672.27,58800.5859,1.64,99.6,83.6
2623,-12117.36,15871.8296,1.6,100.0,83.7
2624,-12881.43,14023.9473,1.65,100.0,83.8
2625,-11922.97,19374.6206,1.67,100.0,83.8
2626,-12056.95,9572.7848,1.68,100.0,83.8
2627,-12068.23,19973.5186,1.67,100.0,83.8
2628,-12813.22,20887.8594,1.62,100.0,83.9
2629,-12550.45,19590.3682,1.65,100.0,83.8
2630,-12447.23,20270.0703,1.66,100.0,83.7
2631,-12389.23,14045.4995,1.63,100.0,83.9
2632,-12507.43,9900.9709,1.63,100.0,83.9
2633,-12333.74,2206.0251,1.65,100.0,83.9
2634,-13299.28,40013.7285,1.73,100.0,84.0
2635,-12976.21,19418.3364,1.67,100.0,84.0
2636,-12646.09,13384.8542,1.62,100.0,83.9
2637,-12522.79,7911.8999,1.63,100.0,84.0
2638,-12482.37,12233.5042,1.67,100.0,84.1
2639,-12289.48,78128.2559,1.64,100.0,83.6
2640,-12602.07,17176.6602,1.64,100.0,83.6
2641,-13067.69,28520.23,1.6,100.0,83.8
2642,-12486.89,6640.6139,1.63,100.0,83.8
2643,-12257.1,7231.0114,1.68,99.9,83.8
2644,-12831.05,33076.4966,1.68,100.0,83.8
2645,-12315.57,1673.4491,1.59,100.0,83.9
2646,-12107.52,10208.0579,1.63,100.0,83.8
2647,-12659.81,31617.8696,1.7,100.0,83.9
2648,-12118.56,13096.3613,1.71,98.4,83.9
2649,-12558.93,12054.3726,1.62,100.0,84.0
2650,-12214.47,13937.8376,1.63,100.0,84.0
2651,-11936.03,35610.6509,1.61,99.7,84.1
2652,-12177.18,6579.2139,1.67,100.0,84.1
2653,-11887.36,12406.498,1.57,100.0,84.1
2654,-12119.43,4136.5493,1.61,100.0,84.0
2655,-12087.48,18360.7212,1.69,100.0,84.2
2656,-12481.64,29024.0708,1.73,100.0,84.1
2657,-11968.88,5128.2031,1.72,100.0,84.1
2658,-12304.84,11162.0681,1.61,100.0,84.1
2659,-12825.47,36108.5459,1.61,99.4,84.1
2660,-12908.81,46452.4102,1.64,100.0,84.2
2661,-12778.23,27332.4468,1.66,100.0,84.3
2662,-12459.11,9437.3071,1.64,100.0,84.2
2663,-12112.88,19296.8989,1.59,100.0,84.3
2664,-11914.65,24864.5698,1.68,100.0,84.3
2665,-12624.41,7697.4452,1.67,100.0,84.4
2666,-12368.35,15700.0298,1.63,100.0,84.5
2667,-12094.5,6040.4896,1.64,100.0,84.7
2668,-12566.14,28240.2388,1.62,100.0,84.6
2669,-12191.94,3305.8508,1.62,100.0,84.5
2670,-11985.85,4709.8125,1.62,100.0,84.6
2671,-12419.82,5386.299,1.63,100.0,84.6
2672,-12176.88,3810.88,1.63,100.0,84.7
2673,-12122.48,5123.6865,1.69,100.0,84.8
2674,-12354.42,13329.1221,1.65,100.0,84.8
2675,-12750.03,47302.4629,1.59,100.0,84.5
2676,-11828.74,21681.6729,1.6,100.0,84.6
2677,-12904.21,26664.2163,1.65,100.0,84.7
2678,-12907.47,42229.4375,1.6,100.0,84.7
2679,-12918.0,34948.8101,1.77,87.1,85.1
2680,-12712.88,16981.7976,1.67,100.0,86.3
2681,-12258.53,13521.0608,1.62,100.0,85.6
2682,-11932.28,55699.0957,1.8,100.0,84.4
2683,-11989.0,19770.0466,1.81,96.0,84.5
2684,-11814.61,38527.3486,1.73,100.0,84.6
2685,-12047.29,14772.0854,1.65,100.0,84.6
2686,-12357.9,14319.3979,1.74,100.0,84.6
2687,-13290.76,68324.9863,1.76,95.6,84.7
2688,-12546.98,23563.5845,1.72,100.0,84.7
2689,-12824.9,15588.1028,1.61,100.0,84.8
2690,-12007.26,14154.1023,1.61,100.0,84.9
2691,-12434.04,13479.1123,1.66,99.4,84.9
2692,-12267.57,10121.3591,1.62,100.0,84.9
2693,-12392.94,9059.1758,1.63,100.0,84.9
2694,-11678.73,52104.7646,1.63,100.0,85.1
2695,-12613.96,40684.0742,1.67,100.0,85.0
2696,-12227.38,6756.6418,1.66,100.0,85.1
2697,-13041.95,39477.168,1.66,100.0,85.1
2698,-12226.65,15810.8467,1.62,100.0,85.2
2699,-13244.45,54968.7373,1.67,100.0,85.1
2700,-12010.79,13923.2031,1.63,99.2,85.5
2701,-12230.27,4705.3713,1.68,100.0,85.6
2702,-12142.19,13252.3022,1.6,100.0,85.6
2703,-12420.6,27325.52,1.62,100.0,85.5
2704,-12984.95,33031.9458,1.66,99.5,85.7
2705,-12592.89,24551.8599,1.67,100.0,85.5
2706,-13083.73,21304.9224,1.64,100.0,85.5
2707,-12076.18,14129.262,1.58,100.0,85.6
2708,-12355.59,13565.063,1.67,100.0,85.4
2709,-13335.74,35862.4844,1.66,98.4,85.3
2710,-12851.32,5993.9919,1.61,100.0,85.4
2711,-11933.04,35931.1318,1.56,100.0,85.5
2712,-11615.63,61799.5254,1.59,100.0,85.5
2713,-12184.21,25878.9282,1.73,100.0,85.4
2714,-11995.57,23235.6689,1.61,100.0,85.5
2715,-11792.13,9442.8541,1.61,100.0,85.4
2716,-12524.11,34579.5605,1.64,100.0,85.4
2717,-12510.9,34468.3789,1.7,98.7,85.4
2718,-12606.37,13939.2695,1.67,98.2,85.4
2719,-12704.66,22784.9009,1.61,100.0,85.4
2720,-12934.48,22710.1528,1.63,100.0,85.5
2721,-12084.6,27795.9434,1.64,100.0,85.4
2722,-12328.49,30105.4956,1.7,100.0,85.3
2723,-11924.56,10973.8904,1.62,100.0,85.4
2724,-12150.72,20730.1948,1.6,100.0,85.4
2725,-13008.75,21954.5562,1.71,100.0,85.3
2726,-12996.28,24934.8628,1.71,98.3,85.4
2727,-12269.78,10362.4714,1.66,100.0,85.5
2728,-12220.36,15005.2505,1.55,100.0,85.5
2729,-11638.22,26270.0576,1.58,100.0,85.5
2730,-12483.83,17788.3413,1.68,100.0,85.6
2731,-12357.75,18322.3936,1.74,100.0,85.7
2732,-12802.42,20920.0044,1.66,100.0,85.2
2733,-12436.17,4990.4081,1.61,100.0,85.3
2734,-12132.03,13147.1301,1.67,99.5,85.3
2735,-12401.12,8830.4773,1.64,100.0,85.6
2736,-11869.54,23170.6772,1.65,100.0,85.6
2737,-12579.27,7036.3199,1.61,100.0,85.7
2738,-12077.88,11283.2974,1.63,100.0,85.6
2739,-11909.26,14840.176,1.67,98.6,85.9
2740,-12335.74,15149.1904,1.66,100.0,85.8
2741,-13158.84,65186.3545,1.63,100.0,85.9
2742,-12097.92,16839.3721,1.59,100.0,85.9
2743,-13209.96,40958.3613,1.67,99.6,86.2
2744,-12630.85,11220.9492,1.69,99.4,85.5
2745,-11696.35,46047.9766,1.63,100.0,85.5
2746,-12045.85,12545.9617,1.59,100.0,85.6
2747,-12661.51,6207.1134,1.65,100.0,85.7
2748,-12331.88,9315.7271,1.61,99.7,85.7
2749,-12692.07,7584.959,1.6,100.0,85.8
2750,-12001.83,23191.2324,1.6,100.0,85.7
2751,-11899.75,11135.1738,1.62,100.0,85.7
2752,-12527.36,13385.4922,1.68,100.0,85.8
2753,-12268.15,5756.9182,1.65,100.0,85.9
2754,-11927.06,10841.9136,2.0,100.0,85.1
2755,-12470.82,31961.5615,1.58,100.0,85.2
2756,-12248.03,6637.1377,1.6,100.0,85.3
2757,-12421.05,3224.9925,1.66,100.0,85.4
2758,-13113.94,35905.7339,1.62,100.0,85.4
2759,-12037.01,14366.5876,1.59,100.0,85.4
2760,-12446.12,2204.385,1.62,100.0,85.6
2761,-11796.52,52572.7666,1.64,100.0,85.6
2762,-12729.02,16260.8774,1.76,100.0,85.6
2763,-12435.55,4450.9154,1.7,100.0,85.7
2764,-12053.14,7586.1,1.62,100.0,85.9
2765,-12444.17,7404.6406,1.63,100.0,85.8
2766,-12060.4,10530.4248,1.64,100.0,85.7
2767,-12181.01,6054.1053,1.71,100.0,85.1
2768,-12376.79,4322.7304,1.68,100.0,85.1
2769,-12451.84,13237.9158,1.66,100.0,85.2
2770,-11798.55,32791.248,1.61,100.0,85.2
2771,-11797.71,14253.8789,1.67,100.0,85.3
2772,-11960.97,6229.0103,1.68,100.0,85.4
2773,-12121.7,4058.3712,1.71,100.0,85.3
2774,-12885.89,40233.8906,1.64,100.0,85.3
2775,-12561.91,9720.9121,1.66,100.0,85.4
2776,-12286.73,2949.5459,1.64,98.8,85.3
2777,-11939.43,4898.0138,1.6,100.0,85.3
2778,-12177.6,3446.0483,1.61,100.0,85.4
2779,-12063.39,2483.301,1.64,100.0,85.4
2780,-12832.69,42953.6553,1.72,100.0,85.5
2781,-12263.19,4596.0775,1.72,100.0,85.6
2782,-12637.71,8410.6,1.63,100.0,85.5
2783,-12778.58,27414.5635,1.64,100.0,85.6
2784,-12112.63,8800.0485,1.68,99.8,85.7
2785,-12271.95,4620.3445,1.8,100.0,86.6
2786,-12191.18,8397.2982,1.63,100.0,86.7
2787,-12124.57,4460.0228,1.59,100.0,86.6
2788,-12993.15,19842.855,1.65,100.0,86.6
2789,-12242.77,10494.8154,1.64,100.0,86.2
2790,-12266.84,2997.0648,1.7,100.0,86.4
2791,-12381.11,3884.1491,1.6,100.0,86.5
2792,-12157.11,3479.7637,1.66,100.0,86.5
2793,-12298.26,3235.613,1.71,100.0,86.5
2794,-12017.47,10660.6477,1.69,98.9,86.4
2795,-11945.71,17751.4595,1.61,100.0,86.3
2796,-12964.72,84164.3105,1.59,100.0,86.1
2797,-12397.39,27356.6738,1.61,99.9,86.1
2798,-13059.6,73667.5371,1.64,100.0,86.0
2799,-12899.74,44262.5244,1.67,100.0,86.0
2800,-12052.93,7754.3735,1.64,100.0,86.2
2801,-12188.38,2916.8235,1.64,100.0,86.2
2802,-12491.86,40068.3193,1.6,100.0,86.4
2803,-12235.67,6181.7133,1.66,100.0,86.3
2804,-12238.56,12222.7158,1.63,100.0,86.3
2805,-12193.83,3337.6601,1.6,100.0,86.1
2806,-12261.33,1500.4605,1.64,98.2,85.9
2807,-11962.24,15010.2559,1.6,100.0,85.9
2808,-12516.17,10328.5398,1.61,100.0,85.9
2809,-12900.51,44037.5947,1.6,100.0,86.0
2810,-11544.22,52201.7744,1.62,100.0,86.0
2811,-12045.25,8274.4281,1.69,100.0,86.0
2812,-13148.42,39123.7949,1.67,100.0,86.0
2813,-12493.26,4734.9174,1.62,100.0,86.0
2814,-13535.18,60035.3271,1.6,100.0,85.7
2815,-12130.46,6192.9231,1.63,99.9,85.9
2816,-12336.85,4485.5389,1.62,100.0,85.8
2817,-12964.4,43390.585,1.63,100.0,85.7
2818,-13104.3,29818.4531,1.68,100.0,85.7
2819,-12704.69,8510.3025,1.67,97.1,86.1
2820,-12515.22,8100.6385,1.6,100.0,86.1
2821,-12721.66,25550.9478,1.61,100.0,86.1
2822,-12742.1,25163.6758,1.62,100.0,86.1
2823,-12292.61,27535.3169,1.63,100.0,86.2
2824,-12411.41,12973.2053,1.66,100.0,86.4
2825,-12381.7,22200.2314,1.64,100.0,86.3
2826,-12078.62,21251.3896,1.61,100.0,86.3
2827,-12738.29,10180.3516,1.65,100.0,86.4
2828,-12149.04,7614.1344,1.66,98.8,86.6
2829,-13351.88,73124.6133,1.61,100.0,86.6
2830,-11691.84,22780.5112,1.56,100.0,86.6
2831,-12184.99,15102.3445,1.68,100.0,86.6
2832,-12761.51,20645.8066,1.66,100.0,86.7
2833,-11970.46,21909.5352,1.6,100.0,86.7
2834,-12729.82,13918.6016,1.62,100.0,86.8
2835,-12366.59,8298.0532,1.65,100.0,86.8
2836,-12133.81,7576.4781,1.67,100.0,86.4
2837,-12978.16,34231.1802,1.72,100.0,86.5
2838,-12203.46,4656.0437,1.6,100.0,86.5
2839,-12947.21,43773.4434,1.64,100.0,86.5
2840,-12353.4,7103.3802,1.62,100.0,86.2
2841,-13046.35,33195.8267,1.67,100.0,86.3
2842,-12840.56,20463.2739,1.62,100.0,86.4
2843,-12301.88,6242.2369,1.58,100.0,86.3
2844,-12098.05,10577.6882,1.64,100.0,86.4
2845,-13023.33,24761.7026,1.72,100.0,86.4
2846,-12227.36,10407.5522,1.69,100.0,85.8
2847,-12874.42,21855.562,1.62,100.0,86.0
2848,-12676.21,14255.9824,1.63,100.0,86.0
2849,-12479.41,4534.242,1.65,99.3,86.3
2850,-12523.49,6933.9904,1.64,100.0,86.5
2851,-12150.4,10236.6973,1.71,100.0,86.6
2852,-13232.64,48608.4121,1.61,100.0,86.4
2853,-12269.97,5226.2102,1.64,100.0,86.5
2854,-12582.46,12068.1858,1.65,100.0,86.6
2855,-12875.71,25264.3584,1.67,100.0,86.7
2856,-12753.84,16296.2915,1.62,100.0,86.6
2857,-12430.24,19816.6646,1.61,100.0,86.5
2858,-12137.06,16301.5491,1.65,100.0,86.6
2859,-12792.24,7740.5464,1.64,100.0,86.7
2860,-12156.62,14749.2812,1.64,100.0,86.9
2861,-12850.27,39823.5146,1.65,100.0,86.8
2862,-12178.14,16077.7207,1.64,100.0,86.9
2863,-12122.21,13558.012,1.71,100.0,86.9
2864,-12106.97,10228.3098,1.67,100.0,87.0
2865,-12413.33,5163.7997,1.63,100.0,86.7
2866,-12228.07,4635.6526,1.63,99.6,86.7
2867,-12313.0,5158.7641,1.67,99.4,86.5
2868,-12556.34,13314.9048,1.61,100.0,86.5
2869,-11956.99,20203.7661,1.59,100.0,86.6
2870,-12246.81,6710.2993,1.63,100.0,86.5
2871,-12270.98,18867.0557,1.63,100.0,86.6
2872,-11857.25,6590.7941,1.67,100.0,86.7
2873,-12637.24,26665.5386,1.61,100.0,86.7
2874,-12577.95,32535.0747,1.63,100.0,86.7
2875,-11862.91,26188.0542,1.63,100.0,86.8
2876,-12152.69,5645.8092,1.65,99.9,86.9
2877,-11983.14,3786.6933,1.59,100.0,87.0
2878,-12522.83,19740.3022,1.6,100.0,87.1
2879,-12507.63,12332.3362,1.67,100.0,87.0
2880,-12067.21,2731.2463,1.66,100.0,87.1
2881,-12141.7,2478.353,1.64,100.0,87.2
2882,-12170.58,2050.4123,1.57,100.0,86.7
2883,-12273.52,13054.876,1.64,99.8,86.7
2884,-12265.4,7678.7784,1.63,100.0,86.6
2885,-12460.16,5586.2352,1.69,100.0,86.9
2886,-12379.83,4551.6777,1.61,100.0,87.0
2887,-12271.0,4056.1334,1.62,100.0,87.0
2888,-12691.24,19918.9834,1.66,100.0,87.1
2889,-11917.32,28215.0713,1.61,100.0,87.3
2890,-12093.58,14878.0867,1.62,100.0,87.1
2891,-12908.55,19784.688,1.63,100.0,87.2
2892,-13008.01,18613.5503,1.62,100.0,87.1
2893,-12848.24,26288.1494,1.74,100.0,87.1
2894,-11999.05,17854.6455,1.67,100.0,87.2
2895,-12134.13,20943.7383,1.61,100.0,87.3
2896,-12433.77,5604.4236,1.66,99.8,87.2
2897,-11977.1,11480.9204,1.63,100.0,87.3
2898,-12388.03,6728.7511,1.63,100.0,87.3
2899,-12897.64,36306.3516,1.63,100.0,87.3
2900,-12215.79,3591.4974,1.62,100.0,87.4
2901,-13156.96,43426.8223,1.67,100.0,87.4
2902,-12199.92,8775.4495,1.67,100.0,87.4
2903,-11961.07,16857.271,1.64,100.0,87.5
2904,-12397.23,7364.9149,1.6,100.0,87.7
2905,-12991.71,28960.314,1.64,100.0,87.6
2906,-13147.3,33803.0586,1.7,100.0,87.6
2907,-11780.74,24346.8379,1.65,100.0,87.9
2908,-11944.29,12633.0142,1.61,100.0,87.9
2909,-12601.84,6272.0967,1.62,100.0,88.1
2910,-11953.57,11818.1763,1.65,98.1,88.1
2911,-12989.77,35709.457,1.62,100.0,88.2
2912,-12534.7,10067.0674,1.62,100.0,88.3
2913,-12602.52,22594.0757,1.57,100.0,88.1
2914,-12292.11,8991.7075,1.64,100.0,88.0
2915,-12977.55,19323.0391,1.64,100.0,88.1
2916,-12499.01,15692.4939,1.66,100.0,88.2
2917,-12106.13,23002.8711,1.6,100.0,88.2
2918,-12602.1,30757.6719,1.64,100.0,88.3
2919,-12287.08,3338.6777,1.65,100.0,88.2
2920,-12196.27,3369.4451,1.62,100.0,88.3
2921,-13073.13,38173.5381,1.65,100.0,88.4
2922,-12083.8,2790.0317,1.63,100.0,88.4
2923,-13141.32,45374.9854,1.66,99.1,87.3
2924,-13219.77,50851.7891,1.69,100.0,87.5
2925,-11855.21,12977.4177,1.66,100.0,87.5
2926,-12502.44,5269.1,1.62,100.0,87.5
2927,-12740.08,3883.8351,1.66,100.0,87.6
2928,-12560.71,6028.5958,1.71,98.2,87.9
2929,-12194.84,13939.9839,1.62,100.0,87.9
2930,-12325.55,5723.2761,1.61,100.0,87.9
2931,-13261.85,42008.6016,1.64,100.0,87.9
2932,-11897.1,7218.9517,1.63,100.0,88.0
2933,-12136.99,157117.6328,1.59,100.0,87.9
2934,-12581.42,10540.041,1.6,100.0,88.1
2935,-12684.69,17042.8374,1.65,100.0,88.1
2936,-12382.63,2426.3102,1.68,100.0,88.1
2937,-12689.17,29519.5435,1.67,100.0,87.4
2938,-12151.26,4066.671,1.66,100.0,87.5
2939,-12653.64,5497.2513,1.61,100.0,87.6
2940,-13120.33,25321.4795,1.65,100.0,87.7
2941,-12470.75,4228.3626,1.68,97.7,87.9
2942,-12707.39,29760.3716,1.62,100.0,87.9
2943,-12797.34,6894.5262,1.59,100.0,88.0
2944,-12269.01,12150.9167,1.65,100.0,87.9
2945,-12346.61,8158.7502,1.69,100.0,88.0
2946,-13079.36,40944.5352,1.64,100.0,87.9
2947,-12592.15,11785.6221,1.59,100.0,87.9
2948,-12745.22,1800.7896,1.61,100.0,88.0
2949,-12407.0,15171.1938,1.64,100.0,88.2
2950,-12261.09,22715.1729,1.68,100.0,88.2
2951,-12575.94,3462.3442,1.66,100.0,88.3
2952,-12480.41,1879.4045,1.62,100.0,88.2
2953,-12312.85,4515.5237,1.64,100.0,88.3
2954,-12966.28,30623.6406,1.63,100.0,88.3
2955,-11932.52,10669.126,1.67,100.0,88.3
2956,-12676.99,4090.4722,1.6,100.0,88.3
2957,-12323.88,1360.7964,1.65,100.0,88.5
2958,-12462.81,5568.0641,1.67,100.0,88.4
2959,-12519.95,3340.7947,1.65,100.0,88.2
2960,-12900.71,25187.6055,1.61,100.0,88.1
2961,-13113.46,22433.6196,1.58,100.0,88.2
2962,-12193.03,15986.7263,1.66,100.0,88.4
2963,-12119.13,31008.4072,1.69,100.0,88.4
2964,-12134.48,35610.1055,1.63,100.0,88.2
2965,-12856.7,20284.4175,1.56,99.9,87.4
2966,-12589.12,2298.4014,1.63,99.4,87.5
2967,-13506.11,31369.6558,1.63,100.0,87.5
2968,-12358.42,15244.1938,1.61,100.0,87.6
2969,-11988.57,21213.7402,1.63,100.0,87.6
2970,-12206.46,5422.3583,1.61,100.0,87.5
2971,-12143.73,5300.1994,1.64,100.0,87.5
2972,-12622.17,13001.6597,1.66,100.0,87.5
2973,-12165.24,8754.4408,1.61,100.0,87.6
2974,-12287.74,9603.6909,1.62,100.0,87.7
2975,-12739.12,29310.2168,1.65,100.0,87.8
2976,-12319.34,30318.4907,1.63,100.0,87.7
2977,-12145.35,6274.9995,1.73,100.0,87.9
2978,-12640.32,10347.4297,1.59,100.0,87.9
2979,-12440.74,2462.0721,1.62,100.0,88.0
2980,-12437.99,10048.0234,1.59,100.0,88.0
2981,-12176.28,5690.0619,1.65,100.0,88.1
2982,-11923.44,7658.1099,1.61,100.0,88.0
2983,-12913.26,40518.3535,1.62,100.0,88.1
2984,-12488.34,4285.5433,1.63,100.0,88.1
2985,-11981.44,6996.0638,1.63,100.0,88.1
2986,-12957.35,24392.0928,1.62,100.0,88.1
2987,-13069.38,39912.1611,1.6,100.0,88.1
2988,-12780.51,24709.5312,1.65,100.0,88.3
2989,-13125.45,31972.9658,1.64,100.0,88.3
2990,-12424.31,8261.6605,1.71,100.0,88.4
2991,-12195.0,20523.8198,1.63,100.0,88.5
2992,-12363.16,16003.7007,1.64,100.0,88.3
2993,-12350.39,12371.8101,1.66,99.5,88.3
2994,-12423.7,3810.4642,1.66,100.0,88.4
2995,-12025.07,6265.8107,1.71,100.0,88.4
2996,-11987.81,7145.0603,1.59,100.0,88.5
2997,-11971.88,5314.2255,1.66,100.0,88.4
2998,-12254.28,9814.8877,1.7,100.0,88.5
2999,-12675.33,30778.228,1.87,99.4,88.7
3000,-12233.22,4910.7172,1.76,100.0,89.0
3001,-12236.15,7241.6538,1.65,100.0,89.0
3002,-12761.85,61932.8584,1.68,100.0,88.6
3003,-12270.74,1526.216,1.68,93.6,88.8
3004,-12525.64,5766.6202,1.64,100.0,89.0
3005,-12262.65,2420.1161,1.69,100.0,89.2
3006,-12310.21,7071.6536,1.63,100.0,89.0
3007,-12390.34,5396.2164,1.66,100.0,89.1
3008,-12074.08,5598.6086,1.66,100.0,89.2
3009,-11728.26,25710.7168,1.62,100.0,89.1
3010,-12185.54,4212.0012,1.56,100.0,89.2
3011,-12352.69,9781.0798,1.65,100.0,89.2
3012,-12401.76,16057.4285,1.66,100.0,89.4
3013,-12918.22,40172.291,1.68,100.0,89.4
3014,-12064.13,4517.4348,1.66,100.0,89.3
3015,-12771.31,23594.249,1.66,100.0,89.3
3016,-12175.19,11177.3259,1.63,100.0,89.4
3017,-12367.28,8743.6407,1.61,100.0,89.5
3018,-12978.96,25848.2153,1.61,100.0,89.6
3019,-12364.1,5592.4805,1.58,100.0,89.5
3020,-12172.78,8272.952,1.68,100.0,89.5
3021,-12121.88,9134.5543,1.63,100.0,89.5
3022,-12037.6,7609.1793,1.64,100.0,89.5
3023,-12185.76,2698.3571,1.62,99.8,89.4
3024,-12408.75,7505.5768,1.61,100.0,89.3
3025,-11397.33,52253.8594,1.6,100.0,89.4
3026,-13117.87,45011.7012,1.61,100.0,89.4
3027,-12459.88,12851.8115,1.61,100.0,89.5
3028,-13110.94,41428.2676,1.63,100.0,89.6
3029,-11687.82,27391.936,1.7,100.0,89.6
3030,-12575.52,3026.8375,1.65,100.0,89.5
3031,-12185.76,10631.8381,1.62,100.0,89.6
3032,-12870.34,25779.25,1.59,100.0,89.5
3033,-12323.55,16771.8599,1.69,100.0,89.7
3034,-12170.35,7668.3197,1.75,98.9,89.8
3035,-13119.03,36679.0977,1.66,100.0,89.8
3036,-12416.77,10955.4602,1.62,100.0,89.7
3037,-12909.68,25393.2305,1.6,100.0,89.6
3038,-12428.8,4282.1876,1.65,98.5,88.7
3039,-12087.19,21443.0942,1.64,100.0,88.8
3040,-13252.74,38828.9482,1.63,100.0,88.8
3041,-12265.28,4495.7535,1.61,100.0,88.9
3042,-11587.43,67178.5664,1.65,100.0,88.9
3043,-12553.18,3530.7846,1.63,100.0,88.8
3044,-13101.29,23280.6499,1.59,100.0,88.9
3045,-13134.26,18994.2256,1.6,100.0,88.8
3046,-12029.46,32865.0649,1.63,100.0,88.9
3047,-11755.59,45081.7881,1.72,100.0,88.9
3048,-12233.21,12876.2676,1.68,100.0,89.0
3049,-12280.04,16600.8022,1.61,100.0,88.6
3050,-13113.61,46374.4443,1.65,100.0,88.6
3051,-12198.31,10588.5305,1.64,100.0,88.7
3052,-12058.15,4209.7753,1.63,100.0,88.8
3053,-12189.06,16669.0659,1.61,100.0,88.8
3054,-12357.99,8946.7468,1.64,100.0,88.9
3055,-12157.91,12719.175,1.61,100.0,88.5
3056,-11845.1,14967.677,1.64,100.0,88.6
3057,-11855.58,17626.8298,1.6,100.0,88.6
3058,-12275.35,12792.3147,1.62,100.0,88.5
3059,-12165.04,9334.0474,1.63,98.9,88.2
3060,-12292.23,7553.5142,1.61,100.0,88.2
3061,-12342.81,8076.8857,1.63,100.0,88.1
3062,-12900.29,29926.4429,1.62,100.0,88.1
3063,-12367.7,8330.6816,1.66,100.0,88.1
3064,-12189.71,20546.8413,1.66,100.0,88.1
3065,-12012.24,17755.9436,1.66,100.0,88.2
3066,-12236.1,4059.8348,1.6,100.0,88.3
3067,-12557.42,30173.6445,1.63,100.0,88.2
3068,-12747.16,30278.4277,1.68,99.4,88.2
3069,-12289.59,3906.3411,1.64,100.0,88.1
3070,-12986.64,27734.1504,1.63,100.0,88.3
3071,-12578.9,6876.1777,1.62,100.0,88.2
3072,-12853.67,15728.0583,1.68,100.0,88.4
3073,-12314.45,9098.3538,1.64,99.5,87.5
3074,-12361.2,5478.6984,1.64,100.0,87.6
3075,-12380.45,3519.0439,1.6,100.0,87.5
3076,-12283.56,19045.1733,1.64,100.0,87.6
3077,-12413.52,2411.8546,1.63,100.0,87.8
3078,-12445.42,20369.2881,1.58,100.0,87.8
3079,-12830.88,43384.3818,1.63,100.0,87.8
3080,-12714.0,6588.9032,1.66,100.0,87.8
3081,-12894.17,17452.2959,1.68,100.0,87.8
3082,-12335.83,20909.459,1.63,100.0,87.9
3083,-13229.04,21661.7568,1.66,100.0,88.1
3084,-12914.37,12363.5823,1.61,100.0,87.3
3085,-11754.95,74342.0801,1.65,100.0,87.4
3086,-12626.83,14546.6445,1.73,87.3,87.7
3087,-12568.85,14155.717,1.66,99.6,87.9
3088,-12649.06,2020.6807,1.63,100.0,87.9
3089,-12020.9,39309.583,1.63,100.0,87.8
3090,-12240.88,7680.9453,1.67,100.0,87.9
3091,-12809.65,23418.2646,1.63,100.0,88.0
3092,-13204.35,35595.3877,1.66,100.0,87.9
3093,-12916.01,10520.7173,1.61,100.0,87.9
3094,-12955.22,4904.5658,1.61,100.0,88.0
3095,-12470.42,11077.9409,1.64,100.0,88.1
3096,-12569.13,7839.5846,1.68,100.0,88.2
3097,-13113.89,4713.5227,1.67,100.0,88.2
3098,-11947.45,45214.5068,1.63,100.0,88.1
3099,-11305.38,220851.1484,1.59,100.0,87.8
3100,-12301.83,23884.4365,1.69,100.0,87.8
3101,-11975.15,28323.5073,1.75,100.0,87.8
3102,-13166.03,61726.6436,1.68,100.0,87.9
3103,-13103.59,38466.9551,1.63,100.0,88.0
3104,-11762.18,14129.5217,1.6,100.0,88.1
3105,-13116.73,55754.1865,1.66,100.0,87.9
3106,-12518.33,4102.4786,1.64,100.0,88.0
3107,-12419.52,3836.2866,1.59,100.0,88.0
3108,-12322.49,4234.8978,1.65,100.0,88.0
3109,-12529.37,13503.7542,1.7,100.0,87.6
3110,-12023.86,29137.7949,1.71,100.0,87.7
3111,-12736.69,17972.646,1.61,100.0,87.7
3112,-12525.75,9436.675,1.6,100.0,87.8
3113,-12274.59,7686.1604,1.7,100.0,87.9
3114,-12481.88,2852.9248,1.75,91.1,88.2
3115,-13002.51,28315.4712,1.7,99.8,88.2
3116,-12302.76,1497.443,1.59,100.0,88.4
3117,-12457.26,1304.0331,1.63,100.0,88.3
3118,-13244.31,57105.9453,1.66,98.3,88.4
3119,-12325.61,2848.7573,1.71,100.0,88.5
3120,-12398.09,7766.5345,1.64,100.0,88.4
3121,-13283.17,46750.375,1.61,100.0,88.5
3122,-11995.63,19049.9541,1.75,100.0,89.5
3123,-12296.34,12172.7866,1.66,100.0,89.4
3124,-12284.47,13670.5713,1.63,100.0,89.6
3125,-13075.23,20551.0205,1.61,100.0,89.7
3126,-12374.85,32244.0488,1.65,100.0,89.6
3127,-12345.83,40086.5703,1.67,100.0,89.3
3128,-12626.18,8496.2405,1.7,100.0,89.2
3129,-12611.48,4967.2252,1.6,100.0,89.3
3130,-12234.07,16478.4014,1.63,100.0,88.3
3131,-11735.44,31356.9341,1.78,100.0,87.5
3132,-12832.32,36992.4961,1.79,99.5,87.7
3133,-11839.28,25111.6631,1.64,100.0,87.7
3134,-12060.33,9086.4517,1.59,100.0,87.9
3135,-12388.01,10241.8882,1.65,100.0,88.0
3136,-11753.95,16818.5374,1.68,100.0,87.8
3137,-12035.99,9613.0708,1.64,100.0,87.9
3138,-12489.31,35053.7354,1.6,100.0,87.8
3139,-12039.42,8230.6793,1.64,100.0,87.9
3140,-13158.98,76472.5752,1.71,100.0,87.4
3141,-12327.63,7825.3921,1.63,100.0,87.4
3142,-12489.14,16410.219,1.57,100.0,87.9
3143,-12993.35,35478.5938,1.6,100.0,87.9
3144,-12199.36,33551.7607,1.65,100.0,87.9
3145,-12411.24,7903.9315,1.69,100.0,87.7
3146,-12337.39,22782.1152,1.63,100.0,87.7
3147,-12101.25,26292.5103,1.69,100.0,87.6
3148,-13222.14,31293.751,1.74,100.0,87.6
3149,-12620.12,17790.8433,1.71,99.9,87.5
3150,-12726.01,15129.2969,1.62,100.0,87.6
3151,-13129.38,25814.3789,1.57,99.7,87.7
3152,-12917.31,8565.3293,1.66,99.6,87.4
3153,-12700.31,16960.0173,1.68,100.0,87.5
3154,-12985.14,6396.7532,1.71,100.0,87.6
3155,-11827.45,68165.4375,1.66,100.0,87.7
3156,-11899.96,58186.5176,1.62,100.0,87.7
3157,-13032.13,9716.166,1.66,100.0,87.6
3158,-11999.54,29261.8633,1.67,100.0,87.6
3159,-12483.84,13448.5298,1.68,100.0,87.7
3160,-12204.15,21623.9492,1.63,100.0,87.8
3161,-12226.26,7782.7878,1.66,99.8,87.8
3162,-12247.76,7762.4636,1.68,97.1,87.9
3163,-13086.61,53245.835,1.62,100.0,87.8
3164,-11927.64,17939.814,1.63,100.0,87.8
3165,-12358.59,27211.1587,1.65,100.0,87.9
3166,-13081.47,44196.3018,1.67,89.7,88.0
3167,-12409.59,3640.8458,1.65,100.0,88.2
3168,-12537.37,29290.0933,1.64,100.0,88.1
3169,-11831.27,26869.6968,1.64,100.0,88.0
3170,-12542.4,13452.8589,1.62,100.0,87.7
3171,-12788.71,32311.0664,1.66,100.0,87.8
3172,-12758.87,12297.9253,1.6,100.0,87.8
3173,-12949.43,22342.6069,1.55,100.0,87.9
3174,-12308.4,5431.9553,1.65,100.0,87.9
3175,-12493.31,16685.5137,1.61,100.0,88.0
3176,-12039.22,44233.6387,1.66,100.0,88.0
3177,-12440.28,9376.3416,1.65,100.0,88.0
3178,-12361.06,4213.8307,1.63,100.0,88.0
3179,-12490.53,8102.0852,1.68,99.4,88.1
3180,-12345.97,16543.1594,1.65,100.0,88.2
3181,-12052.86,38676.3711,1.67,100.0,88.3
3182,-12366.63,3829.7599,1.65,100.0,88.3
3183,-12521.75,9176.7939,1.64,100.0,88.3
3184,-12475.05,5356.7502,1.65,100.0,88.2
3185,-11899.39,12011.1665,1.61,100.0,88.3
3186,-12837.57,25147.6479,1.62,100.0,88.3
3187,-13092.65,42318.416,1.65,100.0,88.3
3188,-12217.16,5003.8817,1.64,99.1,88.5
3189,-12227.2,6278.0178,1.59,100.0,88.6
3190,-11635.86,90673.6387,1.58,100.0,88.7
3191,-12922.0,16378.9421,1.64,100.0,88.8
3192,-12927.63,8313.8779,1.73,100.0,88.7
3193,-12318.08,9878.6838,1.65,100.0,88.9
3194,-12194.83,9437.1748,1.61,100.0,88.8
3195,-12408.59,6144.6381,1.62,100.0,88.9
3196,-11859.99,20056.5732,1.63,100.0,89.1
3197,-12184.38,7413.6854,1.68,100.0,89.3
3198,-11737.76,16583.2766,1.73,100.0,89.2
3199,-12200.3,7070.9152,1.67,100.0,89.2
3200,-11927.01,9423.1985,1.67,100.0,89.1
3201,-12833.45,81912.1914,1.66,89.8,89.3
3202,-12321.64,5728.8254,1.65,100.0,89.4
3203,-12206.13,7330.8907,1.62,100.0,89.5
3204,-13043.4,65068.625,1.64,100.0,89.5
3205,-12293.32,7048.619,1.67,99.8,89.5
3206,-12092.21,10663.9226,1.6,100.0,89.5
3207,-13167.65,54520.4443,1.68,100.0,89.5
3208,-13036.69,39190.2314,1.63,100.0,89.6
3209,-13060.5,35947.79,1.62,98.0,89.7
3210,-11982.43,28420.5103,1.63,100.0,89.7
3211,-12160.9,12969.7009,1.63,100.0,89.9
3212,-12520.42,8321.0879,1.61,100.0,89.7
3213,-12259.94,14386.7998,1.66,100.0,89.8
3214,-11721.48,45278.0166,1.71,100.0,89.9
3215,-11844.01,36274.6411,1.77,100.0,89.8
3216,-12459.72,33482.2686,1.63,100.0,89.9
3217,-11635.86,19231.1643,1.61,100.0,90.0
3218,-12470.38,12936.2605,1.63,96.3,90.0
3219,-12059.95,7215.8206,1.62,100.0,90.1
3220,-12566.08,11065.2227,1.65,100.0,90.2
3221,-12267.32,6302.6913,1.61,100.0,89.9
3222,-12342.27,6016.4875,1.64,100.0,90.1
3223,-12625.48,51512.4287,1.61,100.0,90.4
3224,-12499.71,2454.0579,1.59,100.0,90.5
3225,-11939.11,23614.0225,1.59,100.0,90.4
3226,-12070.37,10403.916,1.66,100.0,90.4
3227,-11964.48,11837.8113,1.65,100.0,90.3
3228,-11836.84,5728.045,1.61,100.0,90.4
3229,-12142.0,6210.5306,1.62,100.0,90.4
3230,-13085.11,58843.1182,1.63,100.0,90.5
3231,-12753.82,61592.957,1.64,100.0,90.4
3232,-12793.01,29149.6211,1.68,100.0,90.3
3233,-12777.96,29433.292,1.64,100.0,90.4
3234,-12225.75,6271.9683,1.63,100.0,90.5
3235,-12984.89,35607.1719,1.67,99.5,90.9
3236,-12201.44,9622.4492,1.69,99.9,91.1
3237,-12167.82,14747.5703,1.64,100.0,90.3
3238,-12302.06,4902.9535,1.64,100.0,90.3
3239,-12945.54,12199.52,1.66,100.0,90.4
3240,-12907.45,32287.8174,1.7,99.6,90.1
3241,-12256.58,10530.3813,1.68,100.0,90.0
3242,-12542.55,15653.4414,1.62,100.0,90.0
3243,-13026.09,20371.8091,1.62,100.0,90.0
3244,-13037.56,39799.6738,1.67,98.3,90.1
3245,-11909.8,37028.4453,1.61,100.0,89.7
3246,-12323.52,16687.4785,1.63,100.0,89.7
3247,-11457.94,190755.8359,1.63,100.0,89.7
3248,-12358.19,13304.2395,1.76,100.0,89.7
3249,-12278.78,8819.9218,1.78,100.0,89.7
3250,-13259.8,87165.6562,1.68,100.0,89.7
3251,-12436.97,12009.9888,1.62,100.0,89.6
3252,-12275.95,18430.8364,1.65,100.0,89.6
3253,-13070.97,50484.71,1.68,97.0,89.9
3254,-12571.62,5443.9998,1.6,100.0,90.4
3255,-12220.08,8293.5033,1.61,100.0,90.3
3256,-11874.52,15603.0759,1.6,100.0,90.3
3257,-12901.21,23974.0171,1.68,100.0,90.4
3258,-13118.49,55906.623,1.7,98.8,90.1
3259,-12627.74,21178.1318,1.63,100.0,90.1
3260,-12144.84,13196.5569,1.59,100.0,90.3
3261,-12240.6,10457.689,1.62,100.0,90.0
3262,-12434.58,22309.2974,1.61,100.0,90.3
3263,-12235.13,8260.6696,1.63,100.0,90.4
3264,-11945.16,29034.957,1.58,100.0,90.4
3265,-12069.03,20330.4727,1.74,100.0,90.6
3266,-11855.33,20026.0615,1.79,98.6,90.7
3267,-12213.9,29290.9634,1.83,100.0,91.0
3268,-12124.46,8791.8558,1.63,100.0,91.0
3269,-12571.19,31710.0073,1.6,100.0,91.1
3270,-12009.89,10666.0452,1.68,100.0,91.1
3271,-11843.62,18685.9556,1.66,98.7,91.3
3272,-12254.83,3091.5212,1.68,100.0,91.2
3273,-12619.25,22765.3491,1.58,100.0,91.3
3274,-12239.32,5211.6586,1.61,100.0,91.3
3275,-12259.16,5831.4994,1.64,97.6,91.3
3276,-12609.71,21669.8311,1.61,100.0,91.4
3277,-12655.75,23346.1167,1.6,100.0,91.1
3278,-12172.07,40812.0264,1.64,100.0,91.2
3279,-13078.51,18723.0649,1.68,100.0,91.2
3280,-12364.89,14085.7207,1.69,100.0,91.3
3281,-13084.98,36987.5508,1.62,100.0,90.6
3282,-12144.13,20121.8945,1.67,100.0,90.7
3283,-12878.05,10477.2642,1.71,99.3,90.8
3284,-13014.37,12306.116,1.68,100.0,90.7
3285,-12963.95,10683.4207,1.63,100.0,90.8
3286,-12293.2,20374.5459,1.62,100.0,90.7
3287,-12338.14,20994.1499,1.65,99.6,90.8
3288,-13041.03,16662.2317,1.71,97.7,90.9
3289,-12375.74,22083.3301,1.64,100.0,90.9
3290,-12412.39,17062.6313,1.61,100.0,90.7
3291,-13133.88,12722.6804,1.64,100.0,90.7
3292,-12825.67,6441.4414,1.63,99.0,90.8
3293,-12915.74,3466.5598,1.65,100.0,90.9
3294,-12408.35,16393.3372,1.63,100.0,91.2
3295,-12951.53,21941.146,1.64,100.0,91.1
3296,-12822.68,3476.1215,1.64,98.8,90.9
3297,-11804.45,50809.5566,1.64,100.0,90.9
3298,-12077.98,30082.5122,1.63,100.0,90.9
3299,-12205.4,18636.2012,1.63,100.0,90.9
3300,-12117.79,15437.0818,1.76,100.0,90.9
3301,-11878.85,24181.8955,1.68,99.0,90.9
3302,-12658.73,36637.8271,1.66,100.0,90.9
3303,-12561.19,19491.9268,1.6,100.0,91.1
3304,-13147.57,53690.7041,1.61,100.0,90.9
3305,-13164.21,31599.689,1.64,95.8,90.9
3306,-12549.33,13771.8843,1.62,100.0,91.0
3307,-12884.51,7711.9349,1.58,100.0,91.0
3308,-13010.96,9169.4952,1.62,100.0,91.0
3309,-13016.72,5278.9564,1.66,100.0,91.0
3310,-12231.17,21662.396,1.64,100.0,91.0
3311,-11242.27,317398.2812,1.56,100.0,91.0
3312,-12208.86,42613.0508,1.6,100.0,91.1
3313,-12986.28,5716.3126,1.63,100.0,91.1
3314,-12091.27,15984.5488,1.76,100.0,91.1
3315,-12325.2,7787.1381,1.66,100.0,91.1
3316,-12492.02,5271.7343,1.74,100.0,91.2
3317,-12868.92,30851.5659,1.67,100.0,91.2
3318,-12338.96,16374.1045,1.64,100.0,91.3
3319,-12336.5,8191.3842,1.64,100.0,91.2
3320,-12339.39,5278.7937,1.62,100.0,90.6
3321,-12232.45,2085.9394,1.61,100.0,90.7
3322,-12532.68,63623.9854,1.65,100.0,90.8
3323,-12380.34,22703.0742,1.64,100.0,91.0
3324,-12322.29,5356.8353,1.62,100.0,91.0
3325,-11952.49,30324.0029,1.59,98.0,90.3
3326,-12342.37,2731.5034,1.68,99.6,90.1
3327,-11808.28,39803.3047,1.64,100.0,90.0
3328,-13003.75,49262.2646,1.6,100.0,90.2
3329,-12330.97,3933.7063,1.55,99.7,90.2
3330,-12209.53,13018.835,1.64,99.3,90.0
3331,-12452.52,8828.4114,1.67,100.0,90.1
3332,-13208.17,43544.4365,1.78,100.0,90.2
3333,-12502.81,10391.0923,1.71,100.0,90.3
3334,-12372.23,5493.108,1.64,100.0,90.3
3335,-11852.45,10636.3298,1.65,100.0,90.2
3336,-12387.1,5631.681,1.64,100.0,90.3
3337,-11878.09,17650.7368,1.64,100.0,90.4
3338,-12092.2,11099.9529,1.6,100.0,90.4
3339,-12162.91,6353.4009,1.65,100.0,90.5
3340,-12163.04,6901.3291,1.65,100.0,90.5
3341,-12007.67,5376.1011,1.64,100.0,90.5
3342,-12158.88,11543.5874,1.64,100.0,90.5
3343,-12503.33,25483.7788,1.61,100.0,90.7
3344,-12952.29,50110.5479,1.61,99.6,90.9
3345,-13021.46,67198.8877,1.63,100.0,90.9
3346,-12341.32,14352.4824,1.61,100.0,90.9
3347,-12732.46,14273.8987,1.59,100.0,90.8
3348,-12598.18,7092.6049,1.65,100.0,91.0
3349,-12514.32,3408.8189,1.73,100.0,91.1
3350,-12422.35,7076.7203,1.66,100.0,91.0
3351,-12480.98,2452.7679,1.68,100.0,91.1
3352,-12430.74,1257.3029,1.62,100.0,91.0
3353,-12582.83,35029.6328,1.71,100.0,91.1
3354,-13117.72,28820.7334,1.8,98.5,91.4
3355,-12641.92,4428.2846,1.63,100.0,91.4
3356,-12514.97,1078.6013,1.59,100.0,91.4
3357,-11861.13,23104.9302,1.67,100.0,91.4
3358,-12399.89,5193.6554,1.67,100.0,91.5
3359,-12451.62,12833.5422,1.68,100.0,91.6
3360,-12678.38,8563.8732,1.67,100.0,91.7
3361,-12734.64,14733.5896,1.63,100.0,91.7
3362,-12244.77,15837.1902,1.7,100.0,91.7
3363,-12472.92,7485.1285,1.66,100.0,91.7
3364,-11971.46,11534.2854,1.75,97.7,91.9
3365,-12445.61,4633.9442,1.67,100.0,92.0
3366,-11927.27,16800.0393,1.64,100.0,91.9
3367,-12307.11,13492.6353,1.74,98.7,92.2
3368,-12285.74,23690.0957,1.65,96.4,92.2
3369,-12371.08,15344.6611,1.64,100.0,92.0
3370,-12835.44,16709.6431,1.61,100.0,92.2
3371,-12420.21,6363.9409,1.65,100.0,92.1
3372,-12772.47,19485.6885,1.65,100.0,91.8
3373,-12789.96,8640.5444,1.61,100.0,91.9
3374,-12486.31,10766.1938,1.56,100.0,91.7
3375,-12587.11,6657.8163,1.61,100.0,91.6
3376,-13300.64,19920.0093,1.65,100.0,91.6
3377,-12827.14,5721.5851,1.67,100.0,91.8
3378,-12543.15,2976.1995,1.68,100.0,91.9
3379,-12379.42,9767.213,1.64,100.0,91.8
3380,-12923.11,1586.7769,1.64,100.0,91.8
3381,-12616.24,24738.668,1.65,95.1,91.9
3382,-13105.78,36528.4316,1.64,100.0,91.9
3383,-12353.29,25314.0503,1.6,100.0,92.0
3384,-11914.94,52195.7822,1.72,100.0,91.9
3385,-12308.17,6824.0797,1.65,94.4,92.1
3386,-12433.56,6273.1415,1.63,100.0,92.2
3387,-13182.22,28329.0811,1.6,100.0,92.1
3388,-12452.92,16676.7251,1.65,100.0,92.2
3389,-12608.61,11110.3662,1.63,100.0,92.2
3390,-12637.99,13522.8169,1.64,100.0,92.3
3391,-12272.07,18647.147,1.55,100.0,92.3
3392,-13063.64,1908.8387,1.61,100.0,92.3
3393,-11940.27,31142.4644,1.63,100.0,92.0
3394,-13251.62,11750.282,1.64,99.7,92.1
3395,-13227.69,10512.2881,1.64,100.0,92.1
3396,-12433.3,31984.3257,1.63,100.0,92.2
3397,-12782.26,5124.9329,1.62,100.0,92.3
3398,-11974.73,62389.3369,1.61,100.0,92.4
3399,-12444.29,14379.8079,1.64,100.0,92.4
3400,-12410.53,10610.7656,1.65,100.0,92.4
3401,-13241.75,21962.752,1.65,100.0,92.5
3402,-12914.06,6937.7274,1.67,100.0,92.5
3403,-13042.92,16655.9026,1.64,100.0,92.2
3404,-12434.34,13027.335,1.61,100.0,92.1
3405,-12571.39,2462.4458,1.6,100.0,92.2
3406,-13095.54,5271.0874,1.72,100.0,92.3
3407,-12785.33,7353.6824,1.7,99.7,92.5
3408,-12771.3,2327.6124,1.68,100.0,92.6
3409,-11926.56,61918.6846,1.61,100.0,92.1
3410,-13308.37,38869.7939,1.59,100.0,92.1
3411,-13108.18,9293.1052,1.68,100.0,92.2
3412,-12313.23,18386.5366,1.7,99.9,92.3
3413,-12669.96,6651.0045,1.66,100.0,92.3
3414,-12433.2,6559.3788,1.6,100.0,92.2
3415,-12535.28,5278.1846,1.62,100.0,92.3
3416,-13345.77,36541.4912,1.71,94.0,92.6
3417,-12376.09,4872.7947,1.7,100.0,92.7
3418,-12202.91,8606.4587,1.64,100.0,92.5
3419,-12146.84,6310.863,1.61,100.0,92.6
3420,-12390.27,18705.77,1.64,100.0,92.7
3421,-12339.24,6161.9823,1.68,99.7,92.7
3422,-12437.35,5056.3412,1.66,100.0,92.7
3423,-12021.93,29497.6318,1.6,100.0,92.6
3424,-13084.18,53651.9736,1.63,100.0,92.6
3425,-13096.55,13529.1238,1.73,100.0,92.7
3426,-12912.32,14216.6975,1.69,98.9,92.8
3427,-12663.76,4574.2822,1.66,100.0,92.9
3428,-12346.12,14734.0823,1.6,100.0,92.7
3429,-12119.29,24069.2124,1.65,100.0,92.8
3430,-12581.11,6251.1189,1.72,91.6,92.5
3431,-12190.43,18792.0444,1.63,100.0,92.7
3432,-12299.79,6602.9771,1.62,100.0,92.6
3433,-12660.48,23763.5586,1.75,100.0,92.4
3434,-12948.27,39204.7637,1.78,100.0,92.6
3435,-12041.5,31680.0093,1.67,98.4,92.7
3436,-12341.63,9459.3193,1.64,100.0,92.8
3437,-12132.07,6344.7098,1.58,100.0,92.9
3438,-12717.44,18850.8071,1.63,100.0,92.8
3439,-12149.06,4139.3615,1.68,100.0,92.8
3440,-12245.17,59909.1494,1.58,100.0,92.7
3441,-12070.61,7656.9088,1.6,100.0,92.8
3442,-12369.66,5464.8767,1.65,100.0,92.9
3443,-11945.54,11313.5305,1.67,99.5,92.3
3444,-12291.89,3441.7851,1.72,100.0,92.3
3445,-12185.94,8378.4308,1.63,100.0,92.5
3446,-12486.1,27464.1284,1.61,100.0,92.5
3447,-12510.13,42505.1934,1.64,100.0,92.4
3448,-12263.59,5386.1742,1.69,92.6,92.6
3449,-12049.9,18673.4492,1.62,100.0,92.6
3450,-12076.13,16536.8333,1.6,99.9,92.6
3451,-12274.49,3559.5494,1.7,99.9,92.8
3452,-12578.38,14527.1838,1.66,100.0,92.8
3453,-12174.76,2957.924,1.66,100.0,92.7
3454,-12164.08,2395.4329,1.6,100.0,92.8
3455,-12854.29,22705.8462,1.64,100.0,92.7
3456,-12054.98,5912.9607,1.63,100.0,92.9
3457,-12076.55,11582.0161,1.66,100.0,93.1
3458,-12338.9,11035.7671,1.61,100.0,93.1
3459,-12079.26,11727.405,1.58,100.0,93.2
3460,-12569.49,41602.833,1.69,100.0,93.2
3461,-12277.32,8213.0952,1.69,100.0,93.1
3462,-12193.77,2134.2197,1.7,99.3,93.3
3463,-12511.94,8500.8567,1.59,100.0,93.0
3464,-11275.96,58358.3184,1.57,100.0,93.0
3465,-12176.65,10421.832,1.67,99.1,92.6
3466,-12179.38,3120.0154,1.67,100.0,92.6
3467,-11842.91,13364.8909,1.67,100.0,92.6
3468,-13144.26,81797.8828,1.65,100.0,92.7
3469,-12869.51,27299.5454,1.67,96.7,92.7
3470,-12311.16,3966.1162,1.66,98.9,92.0
3471,-11821.73,19439.5005,1.62,100.0,92.1
3472,-11950.13,8006.7349,1.6,100.0,92.0
3473,-13225.07,47667.4561,1.64,100.0,92.2
3474,-12240.67,13859.1362,1.66,100.0,92.2
3475,-12761.0,25299.939,1.66,100.0,92.2
3476,-11868.85,14691.7119,1.62,100.0,92.2
3477,-12400.09,4662.8851,1.6,100.0,92.0
3478,-12137.64,21548.2979,1.58,100.0,92.1
3479,-12289.38,612.4167,1.7,100.0,92.1
3480,-12404.2,1319.3563,1.67,100.0,92.2
3481,-12649.71,17764.1587,1.61,100.0,92.3
3482,-12304.79,2740.7939,1.66,100.0,92.1
3483,-12249.2,2877.4722,1.66,99.0,92.2
3484,-12335.87,1132.8389,1.78,100.0,92.2
3485,-12261.31,4858.4501,1.64,100.0,92.3
3486,-12486.12,3252.0428,1.59,100.0,92.3
3487,-13287.21,47080.3066,1.63,98.6,92.2
3488,-12854.12,12451.1145,1.66,100.0,92.3
3489,-12279.96,11933.5396,1.66,100.0,92.4
3490,-12163.01,10751.6858,1.59,100.0,92.5
3491,-13012.18,26626.1489,1.63,100.0,92.5
3492,-13171.87,29918.3232,1.63,100.0,92.3
3493,-12885.91,14380.7881,1.7,100.0,92.5
3494,-12264.0,9659.6094,1.71,100.0,92.6
3495,-12430.74,7733.2091,1.63,100.0,92.6
3496,-13364.48,26636.1523,1.64,100.0,92.7
3497,-12219.44,11133.1877,1.65,100.0,92.6
3498,-12214.39,12339.1912,1.62,100.0,92.6
3499,-12201.88,5491.6061,1.58,100.0,92.7
3500,-12103.95,6040.2695,1.67,100.0,92.8
3501,-12034.14,7167.9301,1.73,100.0,92.8
3502,-12502.86,24207.3052,1.63,100.0,92.7
3503,-12992.38,41159.5908,1.61,100.0,92.7
3504,-12580.8,14785.1714,1.54,99.8,92.8
3505,-12791.92,22035.4414,1.62,98.2,93.0
3506,-12102.85,14027.165,1.64,100.0,93.0
3507,-12571.39,4593.3459,1.63,100.0,92.9
3508,-12677.91,13632.4673,1.61,100.0,92.9
3509,-12256.72,7649.4283,1.64,100.0,93.1
3510,-12474.29,5544.8259,1.65,100.0,93.1
3511,-12540.35,7012.585,1.63,100.0,92.9
3512,-12118.25,36180.8389,1.61,100.0,92.9
3513,-12260.73,3229.6628,1.61,100.0,92.9
3514,-12988.0,38881.708,1.74,100.0,92.9
3515,-12191.88,13762.2686,1.75,100.0,93.0
3516,-12357.76,10179.1357,1.62,100.0,93.0
3517,-12400.6,11475.8308,1.62,100.0,93.0
3518,-12949.82,26187.6738,1.66,100.0,92.9
3519,-12412.72,14257.355,1.7,100.0,93.1
3520,-12278.43,6556.549,1.67,99.9,93.1
3521,-12260.55,16826.6716,1.65,100.0,93.1
3522,-12934.17,18941.0532,1.63,100.0,93.0
3523,-13052.28,29466.4116,1.7,100.0,93.1
3524,-12490.92,2885.3903,1.67,96.3,92.8
3525,-12168.96,20149.8403,1.7,100.0,92.8
3526,-12338.37,14316.645,1.7,100.0,92.8
3527,-12816.99,5263.9115,1.66,100.0,92.8
3528,-12232.49,6931.0825,1.69,94.3,92.9
3529,-11744.31,25168.1782,1.61,97.7,92.9
3530,-13023.07,32462.251,1.64,100.0,93.0
3531,-12154.11,2417.2243,1.61,100.0,93.0
3532,-12068.79,21404.5332,1.67,100.0,93.0
3533,-12467.76,7012.2102,1.7,99.2,93.1
3534,-12409.5,28556.0986,1.68,100.0,93.0
3535,-12381.25,15069.5474,1.61,100.0,93.1
3536,-12569.3,17571.0356,1.61,100.0,93.0
3537,-12952.93,9934.8287,1.63,100.0,93.1
3538,-12386.91,13323.4846,1.58,100.0,93.1
3539,-12876.15,5293.6604,1.66,100.0,93.2
3540,-12789.1,4097.2295,1.61,100.0,93.2
3541,-12055.23,52265.0234,1.66,100.0,93.3
3542,-13174.97,25240.2734,1.66,99.5,93.6
3543,-13159.36,17194.3796,1.66,100.0,93.6
3544,-13318.76,14152.7581,1.63,100.0,93.5
3545,-13119.84,13482.3733,1.61,100.0,93.5
3546,-13237.13,7849.1188,1.65,97.8,93.9
3547,-13167.21,4829.2716,1.62,100.0,94.1
3548,-12462.31,32406.7163,1.62,100.0,94.1
3549,-12553.28,24946.7661,1.6,100.0,94.0
3550,-13302.56,4611.02,1.73,100.0,94.0
3551,-12637.68,23043.5552,1.68,99.4,94.1
3552,-12536.07,27505.189,1.62,100.0,94.2
3553,-12481.5,22363.4478,1.6,100.0,94.2
3554,-13245.03,8443.597,1.63,100.0,94.2
3555,-12238.61,42015.2529,1.68,100.0,94.2
3556,-12904.44,6428.4628,1.65,100.0,94.3
3557,-12947.79,4791.2548,1.65,100.0,94.4
3558,-13125.43,16713.7717,1.62,100.0,94.4
3559,-12464.76,5470.625,1.63,100.0,94.2
3560,-13207.81,6883.9789,1.67,100.0,94.2
3561,-12833.88,6223.9652,1.71,100.0,94.3
3562,-13023.19,6811.2152,1.78,99.4,94.4
3563,-12969.46,3528.6711,1.65,100.0,94.5
3564,-12236.81,11260.6633,1.65,100.0,94.4
3565,-13236.19,10605.0977,1.69,100.0,94.3
3566,-12143.14,9549.5215,1.69,99.8,94.3
3567,-13011.53,50432.6211,1.69,100.0,94.4
3568,-12792.0,22879.9561,1.66,100.0,94.4
3569,-12408.27,10333.9946,1.66,100.0,94.5
3570,-12434.4,7696.2463,1.68,100.0,94.7
3571,-12251.24,23420.4395,1.59,100.0,94.8
3572,-12513.09,12558.322,1.62,100.0,94.8
3573,-12951.32,16867.9075,1.79,100.0,94.2
3574,-11989.37,30686.4268,1.59,100.0,93.7
3575,-12703.21,4342.2846,1.71,98.5,93.3
3576,-12470.81,2970.9352,1.71,96.9,93.7
3577,-12899.58,30494.4048,1.66,100.0,93.7
3578,-11854.32,40681.1758,1.58,100.0,93.8
3579,-13023.91,34478.124,1.61,100.0,93.7
3580,-12285.86,5375.5883,1.65,99.7,93.8
3581,-12274.5,32886.8296,1.63,100.0,93.7
3582,-12307.93,11920.7432,1.64,100.0,93.8
3583,-12922.11,13562.2458,1.61,100.0,93.7
3584,-12158.31,13927.4478,1.64,100.0,93.8
3585,-12428.88,40165.292,1.6,99.9,93.8
3586,-12868.81,13264.4907,1.61,100.0,94.0
3587,-12869.56,7993.9929,1.6,100.0,93.9
3588,-12465.98,13660.4478,1.64,100.0,93.9
3589,-12902.26,5523.7837,1.66,100.0,94.0
3590,-12720.06,9012.5834,1.6,100.0,94.1
3591,-12513.03,31147.5811,1.58,100.0,94.2
3592,-12659.99,22246.6772,1.61,100.0,94.1
3593,-12725.08,14609.5234,1.69,100.0,94.2
3594,-12463.11,27700.1465,1.63,100.0,94.3
3595,-12450.54,7862.2086,1.6,100.0,94.4
3596,-12263.89,28376.9595,1.59,100.0,94.3
3597,-12417.66,14964.4907,1.63,100.0,94.3
3598,-11872.08,29500.5254,1.63,97.7,94.6
3599,-12367.81,2792.4545,1.64,100.0,94.5
3600,-11660.67,40965.8604,1.67,100.0,94.6
3601,-12408.84,22421.9341,1.68,100.0,94.7
3602,-12411.88,16982.9812,1.68,93.5,94.8
3603,-12479.31,7479.474,1.61,99.7,94.9
3604,-12432.18,8266.4711,1.64,100.0,94.8
3605,-12468.16,3030.1843,1.58,100.0,94.8
3606,-11794.55,46211.6074,1.66,100.0,94.9
3607,-12163.85,20220.2021,1.65,99.5,95.4
3608,-11920.01,18898.3271,1.7,100.0,95.5
3609,-11798.95,19413.2166,1.56,100.0,94.3
3610,-12378.47,20243.7676,1.61,100.0,94.3
3611,-12498.52,31677.375,1.62,100.0,94.4
3612,-12029.12,35069.1084,1.69,100.0,94.5
3613,-12306.2,9046.2969,1.61,100.0,94.5
3614,-12344.96,4465.9431,1.57,100.0,94.4
3615,-12451.29,22089.9639,1.7,100.0,94.4
3616,-11834.97,16242.7178,1.65,100.0,94.2
3617,-11571.66,22167.5508,1.71,100.0,94.1
3618,-12206.4,31815.4604,1.61,100.0,94.3
3619,-12622.96,28396.7437,1.67,98.7,93.9
3620,-12458.74,8134.1937,1.66,99.8,93.8
3621,-12151.7,19045.3574,1.64,100.0,93.9
3622,-12395.77,8575.3615,1.6,100.0,93.9
3623,-11416.37,79022.0488,1.57,100.0,94.0
3624,-12384.49,14578.3652,1.61,98.3,93.9
3625,-11923.0,22141.6685,1.62,100.0,93.9
3626,-12272.37,22510.7969,1.57,100.0,93.7
3627,-11505.66,80159.3164,1.58,100.0,93.8
3628,-11935.14,7323.8809,1.62,100.0,94.0
3629,-12247.7,11705.6211,1.61,100.0,93.9
3630,-12282.68,8512.3745,1.67,100.0,93.9
3631,-12160.37,19440.3662,1.58,100.0,94.0
3632,-12354.83,8195.9308,1.6,100.0,94.1
3633,-11647.95,26610.5293,1.6,99.5,94.2
3634,-12673.07,16588.8694,1.73,100.0,94.0
3635,-11886.38,31216.5415,1.64,100.0,94.1
3636,-12034.79,12615.4546,1.62,100.0,94.1
3637,-12276.06,41631.8408,1.68,97.4,94.3
3638,-11699.8,18276.541,1.62,97.6,94.4
3639,-11782.66,4802.858,1.59,100.0,94.2
3640,-11723.04,3068.6454,1.56,100.0,94.2
3641,-11594.53,43110.0918,1.63,100.0,94.3
3642,-12220.5,11527.7893,1.64,99.2,94.4
3643,-11700.08,12623.7393,1.59,100.0,94.5
3644,-12112.97,9831.9817,1.59,100.0,94.5
3645,-11299.7,19240.6821,1.61,100.0,94.4
3646,-12425.12,27973.5659,1.69,98.0,94.3
3647,-11557.29,10095.8787,1.59,100.0,94.4
3648,-12555.66,39586.2598,1.55,100.0,94.5
3649,-11733.2,24721.27,1.56,99.9,94.5
3650,-11763.57,6242.3174,1.6,99.7,94.4
3651,-11685.88,6687.5857,1.64,100.0,94.4
3652,-11286.06,27224.4761,1.6,100.0,94.5
3653,-11466.42,9634.5536,1.58,100.0,94.6
3654,-11962.99,26881.0439,1.61,100.0,94.6
3655,-12356.73,25219.1128,1.65,100.0,94.6
3656,-11788.4,11384.2012,1.68,100.0,94.7
3657,-11742.37,14916.196,1.59,100.0,94.7
3658,-12062.32,37834.5742,1.6,100.0,94.8
3659,-11598.41,5037.16,1.64,100.0,94.8
3660,-11420.97,18860.8774,1.72,100.0,94.9
3661,-12327.19,34565.0674,1.65,100.0,95.0
3662,-12470.02,70268.8516,1.58,100.0,94.8
3663,-12286.41,33386.3711,1.72,100.0,95.0
3664,-12413.97,30374.5635,1.69,98.6,94.9
3665,-12305.52,18431.7961,1.63,100.0,94.9
3666,-11546.03,39521.2363,1.55,100.0,94.9
3667,-12504.61,31597.9282,1.61,100.0,95.0
3668,-12186.54,20637.4761,1.67,100.0,95.0
3669,-11467.21,50797.5244,1.68,100.0,95.1
3670,-12012.19,21956.0122,1.6,100.0,95.1
3671,-11303.66,66889.2549,1.57,100.0,95.1
3672,-11685.42,23091.6211,1.6,97.9,95.2
3673,-11563.55,21901.9453,1.59,100.0,95.2
3674,-11603.58,22765.7974,1.57,100.0,95.2
3675,-12051.42,17907.1304,1.58,100.0,95.2
3676,-11616.63,15010.2974,1.62,99.9,95.1
3677,-12299.21,46755.5312,1.64,100.0,94.9
3678,-11611.44,11201.8738,1.69,100.0,95.0
3679,-12338.1,46417.3916,1.65,100.0,94.9
3680,-11565.8,5761.5873,1.57,100.0,95.0
3681,-11721.3,21879.9111,1.6,99.3,95.1
3682,-12238.06,18158.9043,1.6,100.0,95.1
3683,-12637.35,63785.0762,1.63,100.0,95.1
3684,-11925.32,12248.2717,1.58,100.0,95.1
3685,-11356.09,23433.3076,1.77,100.0,95.3
3686,-11587.62,13081.3096,1.79,93.0,95.3
3687,-11767.31,4502.8987,1.62,100.0,95.4
3688,-11216.3,21734.5942,1.58,100.0,94.8
3689,-11288.63,11581.5991,1.63,100.0,94.8
3690,-12140.36,55288.998,1.63,95.7,94.9
3691,-11672.51,10692.667,1.59,100.0,94.9
3692,-12017.43,24848.7861,1.54,100.0,95.0
3693,-12332.81,52824.6074,1.65,100.0,95.0
3694,-11851.48,35775.7383,1.68,100.0,95.2
3695,-12066.61,8789.6853,1.66,97.2,95.5
3696,-12589.82,32993.855,1.62,100.0,95.6
3697,-11530.11,22607.6377,1.55,100.0,95.7
3698,-11467.28,40410.707,1.6,99.9,95.8
3699,-11530.11,17579.0044,1.58,100.0,95.8
3700,-11729.23,12224.0151,1.64,100.0,95.9
3701,-11482.69,7024.0695,1.58,100.0,95.8
3702,-11450.18,5514.4094,1.65,100.0,95.9
3703,-11355.91,5720.8544,1.68,100.0,96.1
3704,-12438.56,93444.7227,1.6,100.0,95.9
3705,-11767.25,13523.4028,1.58,100.0,95.9
3706,-11210.24,15254.7632,1.63,100.0,96.0
3707,-11526.01,7312.3037,1.66,100.0,96.2
3708,-12318.39,43352.5391,1.71,100.0,96.3
3709,-12180.01,39990.3975,1.67,100.0,96.3
3710,-12201.37,21537.9761,1.58,100.0,96.0
3711,-11996.29,28262.7817,1.62,100.0,96.2
3712,-11733.08,12355.564,1.64,96.9,96.3
3713,-11194.19,33091.9629,1.62,100.0,96.3
3714,-11645.51,6409.614,1.6,100.0,96.5
3715,-11330.15,15338.8188,1.6,100.0,96.4
3716,-11566.02,1225.2423,1.6,99.3,96.4
3717,-11659.22,6383.6001,1.65,100.0,96.5
3718,-12644.83,89845.8359,1.6,100.0,96.2
3719,-11410.87,9336.854,1.62,100.0,96.3
3720,-11651.65,3146.2628,1.71,100.0,96.3
3721,-12114.4,20086.1855,1.64,96.7,96.2
3722,-11666.37,1761.0172,1.58,100.0,96.5
3723,-11765.4,3838.7919,1.58,100.0,96.6
3724,-11814.2,5844.257,1.63,100.0,96.6
3725,-12367.52,38001.374,1.67,100.0,96.3
3726,-12434.2,35397.4111,1.61,100.0,96.4
3727,-12590.26,34919.147,1.57,100.0,96.4
3728,-12091.52,27970.8184,1.57,100.0,96.4
3729,-11607.1,18328.4136,1.6,99.2,96.3
3730,-12145.65,9610.9773,1.61,100.0,96.4
3731,-11652.37,13263.6001,1.67,100.0,96.3
3732,-11629.39,13321.5349,1.56,100.0,95.8
3733,-11644.81,7193.8323,1.73,100.0,95.9
3734,-12124.51,10381.8835,1.7,98.2,95.9
3735,-12415.92,25896.2471,1.71,96.8,96.1
3736,-11633.85,7455.4891,1.65,100.0,96.0
3737,-12327.74,37763.3662,1.65,100.0,96.1
3738,-11819.98,10160.8538,1.63,99.6,96.2
3739,-11855.91,22087.4805,1.63,100.0,96.2
3740,-12369.21,40999.0732,1.6,100.0,96.2
3741,-12155.28,30102.6968,1.56,100.0,96.2
3742,-11605.2,12566.6978,1.64,100.0,96.2
3743,-12240.99,5298.1588,1.62,100.0,96.3
3744,-11752.94,5865.5153,1.62,100.0,96.3
3745,-12294.22,41284.9131,1.56,100.0,96.4
3746,-11413.99,13242.4363,1.63,100.0,96.4
3747,-12161.76,21920.3755,1.61,99.3,96.4
3748,-12410.86,24601.646,1.59,100.0,96.5
3749,-11585.22,6988.858,1.58,100.0,96.5
3750,-12297.44,29231.9678,1.63,100.0,96.5
3751,-11684.37,16293.9883,1.64,100.0,96.4
3752,-11475.0,20610.4438,1.87,100.0,96.4
3753,-11435.94,20195.6509,1.73,100.0,96.4
3754,-12440.87,15910.0378,1.61,100.0,96.4
3755,-11666.09,5522.5312,1.61,100.0,96.5
3756,-12286.17,19208.7588,1.64,97.9,96.5
3757,-12285.72,19808.6099,1.65,100.0,96.6
3758,-11416.1,29742.1396,1.62,100.0,96.4
3759,-12620.54,34170.603,1.6,100.0,96.5
3760,-11495.23,26363.1318,1.62,100.0,96.5
3761,-11815.26,10230.0039,1.6,100.0,96.1
3762,-12333.18,12921.1731,1.59,100.0,96.2
3763,-12440.57,31579.812,1.58,100.0,96.2
3764,-12239.86,18491.8555,1.6,100.0,96.1
3765,-11462.98,23836.0981,1.64,100.0,95.8
3766,-12329.13,12843.4746,1.65,100.0,95.8
3767,-11747.95,13076.8511,1.58,100.0,96.0
3768,-11725.6,12670.1008,1.57,100.0,96.0
3769,-12510.63,18933.2891,1.68,99.5,96.2
3770,-12174.52,11766.4158,1.77,99.2,96.4
3771,-12590.26,22605.2729,1.59,100.0,96.1
3772,-12195.11,10829.8643,1.63,100.0,96.3
3773,-11496.11,20018.6221,1.63,100.0,96.3
3774,-11521.67,23640.8438,1.59,100.0,96.2
3775,-11983.78,11970.8345,1.57,100.0,96.3
3776,-11493.09,16638.636,1.66,100.0,96.2
3777,-12147.04,6988.1716,1.6,100.0,96.3
3778,-11598.15,15070.7021,1.65,100.0,96.3
3779,-12164.48,25087.2002,1.61,100.0,96.4
3780,-11559.99,7999.933,1.58,100.0,96.5
3781,-11603.46,11034.7317,1.66,100.0,96.5
3782,-12624.96,36392.4131,1.74,100.0,96.4
3783,-11236.69,17143.6738,1.74,97.3,95.9
3784,-11686.67,4022.0975,1.69,99.5,96.0
3785,-12379.28,36398.6162,1.61,100.0,96.2
3786,-12506.38,45395.7959,1.66,100.0,96.3
3787,-11437.57,13522.479,1.72,98.6,96.2
3788,-11894.17,17318.2695,1.64,100.0,96.1
3789,-12227.34,21763.3452,1.61,100.0,96.2
3790,-12031.52,12223.6467,1.59,100.0,96.1
3791,-11606.86,8239.6072,1.61,100.0,96.0
3792,-11439.43,13675.3052,1.71,100.0,96.3
3793,-11502.23,29704.8604,1.62,100.0,96.4
3794,-12089.77,5884.4539,1.57,100.0,96.3
3795,-12042.47,14801.1848,1.6,100.0,96.1
3796,-11291.38,14182.8022,1.59,100.0,95.3
3797,-11351.92,16813.7898,1.59,100.0,95.4
3798,-11223.58,25055.5049,1.59,100.0,95.4
3799,-11432.78,10251.2677,1.65,100.0,95.4
3800,-11984.85,32393.2686,1.69,98.3,95.0
3801,-11380.96,4881.5684,1.64,99.9,94.9
3802,-11341.25,6128.0991,1.59,100.0,95.0
3803,-12250.03,79351.0977,1.63,100.0,95.0
3804,-12452.97,83123.4277,1.74,100.0,95.1
3805,-11875.37,29874.9424,1.65,99.0,95.0
3806,-11926.96,19548.2554,1.63,100.0,94.8
3807,-12169.08,16458.5659,1.58,100.0,94.9
3808,-12182.73,17683.0176,1.63,100.0,95.0
3809,-12195.9,5262.2439,1.64,91.2,95.1
3810,-12486.8,16944.9038,1.58,100.0,95.1
3811,-11466.35,36047.5728,1.58,100.0,95.1
3812,-11861.88,17171.7427,1.61,100.0,95.0
3813,-11281.32,59996.3379,1.7,100.0,95.0
3814,-11343.99,58112.5791,1.64,99.8,95.0
3815,-11751.75,6090.3309,1.7,100.0,95.1
3816,-12058.71,6345.2181,1.6,100.0,94.9
3817,-12303.73,12762.5647,1.65,100.0,95.0
3818,-11859.92,2422.4592,1.68,90.2,94.5
3819,-12484.49,5304.2236,1.63,100.0,94.6
3820,-11891.77,13972.5349,1.62,100.0,94.7
3821,-12970.6,24930.6597,1.71,100.0,94.7
3822,-11607.0,6819.4446,1.67,100.0,94.8
3823,-12477.45,7698.1719,1.66,100.0,95.0
3824,-12367.75,10211.0752,1.55,100.0,94.9
3825,-11691.94,10919.8931,1.57,100.0,95.0
3826,-12067.53,9376.832,1.64,100.0,95.2
3827,-12570.57,13760.8447,1.67,100.0,95.1
3828,-12651.22,11629.9692,1.62,100.0,95.2
3829,-12750.55,9854.5493,1.57,100.0,95.3
3830,-12440.19,14448.1707,1.69,100.0,95.4
3831,-12124.81,11925.1262,1.74,94.7,95.6
3832,-11567.4,29424.4272,1.62,100.0,95.6
3833,-12668.06,13803.3364,1.6,100.0,95.7
3834,-12446.86,24017.8965,1.62,100.0,95.7
3835,-12173.79,8472.9719,1.67,100.0,95.9
3836,-13023.96,28152.4058,1.76,100.0,95.9
3837,-12553.0,5186.2465,1.71,100.0,95.8
3838,-12723.47,18248.8267,1.6,100.0,95.8
3839,-12346.46,3309.5973,1.62,99.7,95.9
3840,-12326.21,14507.5061,1.64,100.0,95.9
3841,-12092.11,15351.4087,1.64,100.0,96.1
3842,-12562.91,7076.0004,1.59,100.0,96.0
3843,-12707.04,18863.4062,1.66,100.0,95.9
3844,-11971.05,22255.7705,1.68,97.0,96.3
3845,-11789.25,16711.4941,1.66,100.0,96.2
3846,-12462.9,8167.1571,1.61,100.0,96.4
3847,-12213.98,11675.4551,1.59,100.0,96.3
3848,-12366.69,2633.4875,1.62,96.5,96.2
3849,-11797.13,1502.2119,1.59,100.0,96.3
3850,-12299.86,7138.9015,1.6,100.0,96.4
3851,-12095.02,16677.3887,1.59,100.0,96.5
3852,-12531.76,7338.6649,1.64,100.0,96.6
3853,-12217.06,3222.0964,1.75,99.1,96.7
3854,-12313.21,5295.1223,1.65,100.0,96.6
3855,-12308.42,18160.4492,1.59,100.0,96.8
3856,-12414.68,12265.6577,1.6,100.0,96.8
3857,-12276.72,4745.3771,1.72,100.0,96.8
3858,-12370.97,7962.0796,1.65,99.8,97.2
3859,-12567.28,3683.7447,1.64,100.0,97.2
3860,-12439.68,3622.2891,1.62,100.0,97.0
3861,-11783.21,33911.6719,1.68,100.0,96.9
3862,-11671.07,18792.085,1.66,89.9,96.7
3863,-12788.27,7552.4681,1.61,100.0,96.8
3864,-12887.23,10206.7517,1.59,100.0,96.7
3865,-12730.7,10003.4919,1.63,100.0,96.6
3866,-12435.39,15871.2463,1.66,100.0,96.7
3867,-12107.35,19960.5459,1.59,100.0,96.8
3868,-12369.79,13106.8074,1.6,100.0,96.9
3869,-11979.48,32487.7559,1.6,100.0,96.8
3870,-11906.79,3276.9781,1.7,100.0,96.9
3871,-12520.6,1779.669,1.72,100.0,96.9
3872,-12066.39,13885.8608,1.59,100.0,96.9
3873,-12635.05,9062.8474,1.58,100.0,97.0
3874,-11920.53,1382.6935,1.68,100.0,97.0
3875,-11690.44,1690.4876,1.68,100.0,97.1
3876,-12669.79,30326.6567,1.7,99.1,97.2
3877,-11459.97,9421.1758,1.58,100.0,97.2
3878,-11410.32,9774.6829,1.58,100.0,97.1
3879,-12275.7,83632.334,1.62,97.1,96.7
3880,-12241.57,29416.4668,1.61,100.0,96.7
3881,-12356.38,4915.1285,1.62,100.0,96.7
3882,-11744.04,8578.4087,1.57,100.0,96.9
3883,-12289.63,38899.7754,1.62,99.8,96.9
3884,-11624.86,8841.718,1.67,100.0,97.1
3885,-11579.82,3533.9389,1.67,100.0,97.0
3886,-12289.68,4193.1592,1.58,100.0,97.3
3887,-12569.9,13817.6421,1.65,100.0,97.4
3888,-12269.79,12896.6074,1.67,99.5,97.0
3889,-11828.44,7187.2614,1.65,100.0,92.3
3890,-11653.01,4595.8943,1.61,100.0,88.9
3891,-12247.04,2873.6125,1.56,100.0,89.4
3892,-11988.33,2373.868,1.63,99.7,89.8
3893,-12653.66,49632.8906,1.63,100.0,89.4
3894,-12587.62,2496.5816,1.65,100.0,89.5
3895,-11578.14,7192.1918,1.54,100.0,89.4
3896,-12385.67,18608.625,1.6,100.0,89.4
3897,-11985.41,11141.5361,1.59,98.2,89.6
3898,-12644.55,17421.5352,1.63,100.0,89.6
3899,-12570.26,6027.1215,1.56,100.0,89.5
3900,-12590.82,8516.2866,1.57,100.0,89.5
3901,-12818.71,3396.0999,1.57,96.7,88.9
3902,-11618.42,84026.7324,1.58,100.0,88.7
3903,-11896.79,10027.7212,1.57,100.0,88.7
3904,-12195.07,49374.4766,1.62,100.0,88.6
3905,-11732.43,15942.5586,1.61,98.9,88.6
3906,-11717.52,18283.7327,1.56,100.0,88.6
3907,-12029.53,36514.4258,1.63,100.0,89.1
3908,-11767.7,8720.5637,1.56,100.0,89.1
3909,-11450.86,25392.6465,1.6,100.0,89.0
3910,-12311.7,25311.8882,1.59,99.8,88.9
3911,-12457.01,50061.8984,1.6,100.0,89.3
3912,-11785.61,3757.147,1.56,100.0,89.2
3913,-11805.78,3199.5175,1.59,100.0,89.3
3914,-12854.47,28812.4194,1.63,91.1,88.9
3915,-12235.15,27689.8765,1.6,100.0,89.0
3916,-12233.03,9246.7344,1.57,100.0,89.1
3917,-12622.4,28041.7061,1.58,100.0,89.1
3918,-12345.05,3686.7006,1.58,98.2,89.3
3919,-12937.79,18880.9297,1.59,100.0,89.1
3920,-11934.78,6036.1022,1.58,100.0,89.1
3921,-11774.87,8112.0499,1.57,100.0,89.2
3922,-11620.94,4644.6644,1.59,100.0,89.1
3923,-12207.24,50671.332,1.58,99.4,89.2
3924,-11480.49,10501.571,1.6,100.0,89.2
3925,-11814.7,7035.9313,1.55,100.0,89.1
3926,-11494.96,3947.925,1.59,100.0,89.2
3927,-11355.29,3598.4045,1.58,88.6,89.3
3928,-12443.24,55436.748,1.57,100.0,89.3
3929,-11423.96,10450.2905,1.57,100.0,89.4
3930,-12749.38,38578.0674,1.57,100.0,89.2
3931,-11630.07,7752.5594,1.56,93.7,89.4
3932,-11548.81,3949.0399,1.6,100.0,89.4
3933,-11545.54,1619.3029,1.56,100.0,89.4
3934,-12396.95,12508.4119,1.58,100.0,89.5
3935,-12081.71,10083.3354,1.59,100.0,89.6
3936,-12070.87,12894.9604,1.58,99.8,89.4
3937,-12310.82,8708.5035,1.6,100.0,89.5
3938,-11861.82,13828.6399,1.6,100.0,89.6
3939,-12699.21,22172.3276,1.59,100.0,89.7
3940,-12491.87,3899.7205,1.59,94.2,89.8
3941,-11430.97,51531.8115,1.59,100.0,89.5
3942,-11976.77,20771.2559,1.59,100.0,89.6
3943,-11939.85,10800.6809,1.56,100.0,89.5
3944,-12287.86,4884.9252,1.58,93.2,89.7
3945,-12484.8,9514.6355,1.57,99.0,89.8
3946,-11942.94,14385.416,1.57,100.0,89.8
3947,-12152.65,22290.7729,1.53,100.0,89.6
3948,-12530.63,43809.9824,1.58,100.0,89.7
3949,-11844.29,3103.6708,1.55,98.6,89.8
3950,-12386.87,4840.9281,1.61,100.0,89.8
3951,-12116.91,15502.3848,1.55,100.0,89.1
3952,-12021.9,17980.7759,1.58,100.0,89.1
3953,-12495.14,1457.6538,1.6,100.0,89.1
3954,-11563.81,5803.4353,1.58,98.4,88.6
3955,-11652.75,3519.1691,1.62,100.0,88.7
3956,-11947.23,3808.5316,1.57,100.0,88.4
3957,-12089.22,8678.1013,1.57,100.0,88.3
3958,-12466.24,6194.0408,1.56,100.0,88.5
3959,-11988.79,8392.6122,1.65,100.0,88.4
3960,-11487.95,25033.6514,1.63,99.0,88.5
3961,-11939.17,5476.2684,1.53,100.0,88.5
3962,-12423.61,6513.6093,1.6,100.0,88.6
3963,-12207.83,15924.1653,1.62,100.0,88.6
3964,-11643.96,25361.1548,1.65,91.5,88.5
3965,-12289.98,7211.7465,1.58,100.0,88.3
3966,-12125.66,22926.3076,1.55,100.0,88.4
3967,-11519.1,38635.6465,1.57,100.0,88.4
3968,-11615.67,3648.5967,1.59,98.7,88.3
3969,-12112.38,7148.4597,1.56,100.0,88.3
3970,-11600.52,2329.9032,1.53,100.0,88.2
3971,-11254.48,47723.6221,1.55,100.0,88.3
3972,-12009.03,11767.7114,1.62,100.0,88.4
3973,-12859.07,67876.4355,1.68,98.2,88.5
3974,-12352.13,22566.5083,1.6,100.0,88.5
3975,-12143.55,3221.761,1.61,100.0,88.5
3976,-13063.02,95374.9902,1.63,100.0,88.5
3977,-11959.94,42086.9424,1.65,89.9,88.6
3978,-12115.72,18033.4907,1.61,99.4,88.7
3979,-12431.69,25165.4136,1.62,100.0,88.6
3980,-12299.56,23571.3628,1.53,100.0,88.6
3981,-12158.98,11798.5688,1.57,99.7,88.6
3982,-12595.43,60631.8564,1.6,100.0,88.6
3983,-11961.19,17234.1177,1.57,100.0,88.7
3984,-12412.58,12991.7268,1.58,100.0,88.6
3985,-12451.34,3223.9077,1.58,100.0,88.7
3986,-12188.76,38440.707,1.56,99.6,88.8
3987,-12427.41,9859.4045,1.62,100.0,88.7
3988,-12020.65,4256.703,1.63,100.0,88.6
3989,-12883.24,46133.5166,1.6,100.0,88.7
3990,-12852.02,47056.1113,1.62,100.0,88.8
3991,-12125.62,7191.8318,1.62,100.0,88.9
3992,-12584.59,5799.7938,1.6,100.0,89.0
3993,-12646.42,13609.8342,1.56,100.0,88.8
3994,-12285.53,41225.3379,1.53,100.0,88.5
3995,-11828.34,36597.915,1.57,100.0,88.5
3996,-12488.78,7561.0262,1.61,100.0,88.6
3997,-11420.65,80436.0391,1.58,100.0,88.6
3998,-12750.41,34358.7871,1.58,100.0,88.9
3999,-12167.6,51623.3398,1.55,100.0,88.9
4000,-11716.72,35727.1631,1.57,100.0,89.0
4001,-12727.11,12253.8701,1.63,100.0,89.2
4002,-12009.61,9329.4978,1.56,100.0,89.1
4003,-12186.33,2313.6227,1.62,100.0,89.2
4004,-11874.72,14943.3484,1.63,100.0,89.3
4005,-12490.86,5001.2222,1.61,99.9,89.4
4006,-11588.59,6941.8894,1.55,100.0,89.4
4007,-12279.48,12555.9985,1.54,100.0,89.3
4008,-12478.62,20196.9497,1.61,100.0,89.4
4009,-12186.6,12820.386,1.58,100.0,89.5
4010,-12271.1,1347.1592,1.59,100.0,89.6
4011,-12086.47,63778.3555,1.58,100.0,89.7
4012,-11727.08,37869.4502,1.57,100.0,89.5
4013,-12136.81,19600.7334,1.61,100.0,89.6
4014,-12480.28,5706.1543,1.62,91.7,89.9
4015,-12515.02,3168.0639,1.61,100.0,89.9
4016,-12599.15,6172.7808,1.6,100.0,89.8
4017,-12602.12,3389.2742,1.6,100.0,89.7
4018,-12130.25,8019.1016,1.6,98.6,89.9
4019,-11976.62,23809.5854,1.55,99.7,90.4
4020,-11779.98,27868.9819,1.57,100.0,90.4
4021,-11862.51,27321.0454,1.56,100.0,90.4
4022,-12112.76,17388.834,1.58,100.0,90.2
4023,-11664.67,17593.9604,1.58,98.6,90.1
4024,-11942.28,10195.939,1.62,100.0,90.2
4025,-12211.98,5969.6111,1.6,100.0,90.1
4026,-12159.43,58752.0576,1.63,100.0,90.1
4027,-11474.18,25419.7686,1.62,98.7,90.2
4028,-12308.88,6219.9733,1.63,96.9,90.2
4029,-11630.34,9353.8337,1.59,100.0,90.1
4030,-11659.85,14722.2837,1.55,100.0,90.1
4031,-11355.54,9466.8511,1.55,100.0,90.2
4032,-11723.5,3851.8005,1.57,99.2,90.3
4033,-11535.19,1904.0969,1.58,100.0,90.3
4034,-12212.71,45224.7607,1.58,100.0,90.4
4035,-12090.16,24040.9653,1.54,100.0,90.1
4036,-11693.09,5322.9208,1.6,97.9,90.2
4037,-11411.05,15916.2007,1.6,100.0,90.2
4038,-11564.21,3065.9328,1.58,100.0,90.3
4039,-11939.58,39911.5879,1.56,100.0,90.2
4040,-11719.1,1662.9928,1.58,96.6,90.2
4041,-12712.56,54378.8066,1.63,98.0,90.3
4042,-11715.58,2688.205,1.57,100.0,90.4
4043,-12019.97,32773.0259,1.59,100.0,90.5
4044,-12708.67,30563.4341,1.6,100.0,90.5
4045,-11521.65,14069.6807,1.55,97.1,90.4
4046,-11370.79,15207.1965,1.53,100.0,90.4
4047,-12630.16,58589.3477,1.56,100.0,90.5
4048,-12852.04,34031.374,1.57,100.0,90.5
4049,-11308.49,23674.0957,1.55,98.2,90.6
4050,-13006.66,50566.9941,1.6,100.0,90.6
4051,-12037.94,27505.4087,1.62,100.0,90.7
4052,-12348.53,13750.4919,1.59,100.0,90.6
4053,-11581.42,27422.415,1.58,100.0,90.8
4054,-12966.02,43038.3516,1.63,100.0,90.8
4055,-11137.82,47437.4639,1.62,99.2,90.8
4056,-11749.22,9554.9106,1.59,100.0,90.9
4057,-11969.56,20432.3857,1.55,100.0,90.9
4058,-11818.48,14985.7427,1.57,99.4,91.0
4059,-11449.45,22675.5078,1.59,100.0,90.9
4060,-11809.11,11833.0437,1.63,100.0,91.0
4061,-12117.3,11314.8042,1.54,100.0,91.0
4062,-11976.3,12843.196,1.6,100.0,91.0
4063,-12024.32,8902.1654,1.68,100.0,91.1
4064,-11800.77,7114.1786,1.65,89.7,91.1
4065,-11754.99,30213.4092,1.58,100.0,91.2
4066,-12246.56,11662.0146,1.56,100.0,91.1
4067,-12248.12,6976.051,1.65,100.0,91.2
4068,-12850.73,19498.2646,1.64,91.1,91.2
4069,-12404.33,3529.66,1.58,100.0,91.2
4070,-12524.54,16773.9182,1.58,100.0,91.1
4071,-11295.76,51705.6641,1.57,100.0,91.1
4072,-11235.59,21988.2954,1.59,100.0,90.8
4073,-13033.35,71811.3633,1.62,97.7,90.7
4074,-11171.28,37398.2568,1.57,100.0,90.8
4075,-12627.51,52281.7578,1.59,100.0,90.8
4076,-12049.07,18249.0347,1.66,100.0,90.8
4077,-11988.99,4060.5856,1.62,99.3,90.9
4078,-12468.59,12532.2122,1.59,100.0,91.0
4079,-12252.5,4885.5049,1.57,100.0,91.0
4080,-12602.68,21694.4297,1.58,100.0,91.0
4081,-12725.62,10922.3489,1.61,99.7,91.1
4082,-11723.06,32325.5029,1.6,98.0,91.1
4083,-12273.8,41485.8193,1.56,100.0,91.1
4084,-12189.69,18859.6748,1.56,100.0,91.2
4085,-12175.57,15477.9353,1.59,100.0,91.2
4086,-11585.43,16097.5769,1.61,95.9,91.4
4087,-12178.64,17637.6973,1.55,100.0,91.3
4088,-11842.6,17196.8574,1.55,100.0,91.3
4089,-11541.11,21573.6465,1.58,100.0,91.4
4090,-11448.15,32757.9736,1.59,100.0,91.4
4091,-12646.45,26303.6001,1.63,100.0,91.4
4092,-11447.89,34201.9971,1.61,100.0,90.8
4093,-11933.23,13687.8518,1.59,100.0,90.8
4094,-11823.83,3384.8985,1.63,100.0,90.9
4095,-11979.92,21821.0698,1.58,95.1,90.9
4096,-11939.21,9866.1086,1.57,100.0,91.0
4097,-12063.81,13847.7542,1.59,100.0,91.0
4098,-12343.59,21359.4678,1.59,100.0,91.0
4099,-11665.96,12616.0864,1.6,97.3,91.2
4100,-11755.35,19643.5352,1.57,99.0,91.3
4101,-11492.27,11605.2761,1.54,100.0,91.4
4102,-12064.65,4618.0623,1.55,100.0,91.3
4103,-11475.71,8766.7449,1.61,100.0,91.4
4104,-11829.53,11092.6313,1.57,100.0,91.4
4105,-11430.45,17172.1909,1.56,100.0,91.5
4106,-12059.99,22817.5938,1.61,100.0,91.6
4107,-11952.25,11030.241,1.59,100.0,91.6
4108,-11351.85,14082.3604,1.6,98.5,91.6
4109,-11103.77,20142.396,1.61,100.0,91.4
4110,-11762.02,5973.4807,1.58,100.0,91.1
4111,-11533.94,21425.8984,1.62,99.1,91.2
4112,-11925.99,20257.312,1.6,98.2,91.3
4113,-12271.32,41682.0723,1.6,97.4,91.3
4114,-12554.03,79099.0195,1.57,100.0,91.2
4115,-11597.6,12259.5342,1.59,100.0,91.3
4116,-11609.68,23191.2202,1.58,100.0,91.3
4117,-12071.39,19244.8394,1.56,100.0,91.3
4118,-11122.42,20797.8848,1.54,100.0,91.4
4119,-11294.81,11999.9595,1.6,100.0,91.5
4120,-11542.65,13180.8962,1.58,100.0,91.4
4121,-12138.89,23998.1978,1.62,100.0,91.1
4122,-11207.43,16402.4163,1.6,100.0,90.7
4123,-11199.82,14681.9563,1.59,100.0,90.8
4124,-11302.71,23236.3184,1.59,100.0,90.8
4125,-11828.91,20152.9707,1.58,100.0,90.8
4126,-12196.6,33383.4985,1.6,100.0,90.8
4127,-12200.07,47432.0098,1.63,95.9,90.8
4128,-11420.58,4201.5816,1.56,99.4,90.9
4129,-11903.94,10204.7256,1.57,100.0,91.0
4130,-11107.95,15253.8748,1.57,100.0,91.0
4131,-11712.95,21296.7949,1.58,100.0,90.9
4132,-11188.13,13148.3545,1.57,99.2,91.0
4133,-11216.18,24236.1011,1.83,100.0,91.8
4134,-11806.63,4890.6892,1.57,100.0,91.7
4135,-11847.81,12975.5354,1.57,100.0,91.8
4136,-11101.73,12936.6316,1.61,98.3,91.3
4137,-11295.01,9350.2358,1.63,99.6,91.2
4138,-11657.75,19319.771,1.63,100.0,91.2
4139,-11757.33,23523.1802,1.55,100.0,91.0
4140,-11365.1,3423.9059,1.59,95.8,90.9
4141,-12013.61,22263.6973,1.59,97.8,90.8
4142,-12683.12,56287.8428,1.61,100.0,90.8
4143,-11838.0,4023.8964,1.52,100.0,90.8
4144,-11074.6,27925.0776,1.61,100.0,90.7
4145,-12118.02,18356.9316,1.62,97.5,90.8
4146,-11849.25,8919.3665,1.57,100.0,90.8
4147,-12609.85,36753.9004,1.56,100.0,90.8
4148,-11439.72,12859.522,1.57,100.0,90.8
4149,-11868.6,17620.2861,1.61,98.2,90.8
4150,-11837.58,20664.6582,1.59,100.0,90.9
4151,-11414.98,41380.2109,1.59,100.0,91.0
4152,-11538.84,23311.3989,1.56,100.0,91.0
4153,-12220.85,9718.0359,1.61,93.3,91.2
4154,-12146.57,7760.0049,1.58,99.2,91.2
4155,-11654.94,9035.9019,1.56,100.0,91.1
4156,-12288.69,29416.4873,1.55,100.0,91.2
4157,-12034.31,24491.5103,1.6,100.0,91.2
4158,-12170.22,5224.9294,1.59,98.5,91.0
4159,-11787.46,8298.7729,1.59,100.0,91.1
4160,-11903.11,4684.6357,1.58,100.0,91.1
4161,-12132.24,2492.8549,1.59,100.0,91.2
4162,-11839.15,2959.4485,1.59,97.4,91.2
4163,-12504.84,69791.8506,1.59,100.0,91.2
4164,-11821.09,30141.1924,1.58,100.0,91.2
4165,-11135.86,32854.5298,1.57,100.0,91.3
4166,-12010.47,40432.7539,1.59,99.5,91.3
4167,-11206.35,16112.0225,1.58,97.4,91.5
4168,-11234.93,11951.9937,1.56,100.0,91.5
4169,-12160.8,22211.312,1.53,100.0,90.8
4170,-11270.1,17069.8696,1.54,100.0,90.9
4171,-12580.25,58250.1543,1.57,100.0,90.9
4172,-12164.76,25916.3032,1.58,100.0,90.9
4173,-11841.88,19999.2549,1.59,100.0,90.9
4174,-11233.96,12635.2705,1.55,100.0,90.9
4175,-11826.26,11633.1611,1.59,100.0,90.9
4176,-11045.56,26945.0732,1.62,100.0,91.0
4177,-12212.55,43207.5635,1.62,100.0,90.9
4178,-11735.54,36938.4932,1.58,100.0,91.0
4179,-12173.84,12648.4858,1.57,100.0,91.0
4180,-11230.47,16261.9424,1.61,100.0,91.0
4181,-12266.36,28020.0054,1.61,100.0,91.1
4182,-11750.58,17362.2832,1.54,100.0,91.0
4183,-11808.55,7550.9491,1.57,100.0,91.0
4184,-12156.31,16297.7405,1.59,100.0,91.1
4185,-11834.84,1764.4227,1.6,100.0,91.1
4186,-11563.59,5173.8688,1.59,100.0,91.2
4187,-11531.88,22079.0557,1.54,100.0,91.2
4188,-12070.95,5973.4541,1.59,100.0,91.3
4189,-11977.5,2675.3014,1.63,97.9,90.9
4190,-11983.46,17774.2583,1.58,98.5,90.9
4191,-12318.08,7578.076,1.6,100.0,91.1
4192,-12359.56,5641.1635,1.62,100.0,91.2
4193,-12143.95,11609.0574,1.57,100.0,91.2
4194,-12519.71,10225.9395,1.61,100.0,91.5
4195,-12187.22,13655.9797,1.57,99.9,91.6
4196,-11900.02,32401.8296,1.54,100.0,91.4
4197,-12375.41,22174.7432,1.56,100.0,91.4
4198,-11920.21,12920.8174,1.64,100.0,91.5
4199,-11988.14,8794.2096,1.63,100.0,91.7
4200,-12079.36,7084.7307,1.56,100.0,91.7
4201,-12331.57,9844.9097,1.63,100.0,91.7
4202,-12031.8,9220.6152,1.6,97.7,91.6
4203,-12137.15,5821.5829,1.6,99.3,91.8
4204,-12705.58,28525.1123,1.6,98.8,91.9
4205,-11254.8,46720.4932,1.57,100.0,91.9
4206,-12069.59,8700.1492,1.57,100.0,92.0
4207,-11560.89,25278.3037,1.6,100.0,92.0
4208,-12452.04,12625.6453,1.54,98.7,91.9
4209,-12241.03,14792.6592,1.56,99.6,92.3
4210,-12464.89,9318.8142,1.57,100.0,92.3
4211,-11568.78,40557.4688,1.57,100.0,92.3
4212,-11693.59,17418.4431,1.58,100.0,92.5
4213,-11791.34,28848.9458,1.6,100.0,92.0
4214,-11790.29,10843.8071,1.67,100.0,92.1
4215,-11927.9,11858.3252,1.6,99.4,92.6
4216,-11334.47,34973.5967,1.55,100.0,92.1
4217,-11968.67,23007.4658,1.6,96.8,92.2
4218,-11526.74,15728.7446,1.6,96.5,92.1
4219,-11501.39,4478.6027,1.57,100.0,92.1
4220,-12479.98,66260.7588,1.58,100.0,92.2
4221,-11583.55,19318.7212,1.59,100.0,92.2
4222,-11668.53,5425.1707,1.56,94.5,92.2
4223,-11286.3,8706.7075,1.58,100.0,92.2
4224,-11469.21,7434.7186,1.54,100.0,92.2
4225,-11086.78,10353.8811,1.57,100.0,92.3
4226,-11780.42,27941.8511,1.61,96.2,92.4
4227,-12048.72,29159.6768,1.58,100.0,92.4
4228,-11895.3,31000.9814,1.6,100.0,92.5
4229,-11561.15,21048.5586,1.57,100.0,92.4
4230,-11982.59,30525.6738,1.61,98.7,92.4
4231,-12023.02,6032.1499,1.6,90.4,92.5
4232,-11836.16,12611.9009,1.61,100.0,92.6
4233,-12170.49,8006.11,1.59,100.0,92.6
4234,-11884.07,27704.3604,1.62,100.0,92.6
4235,-11423.22,17858.7197,1.57,90.4,92.7
4236,-11936.25,4931.1417,1.57,100.0,92.6
4237,-12137.54,9428.1792,1.58,100.0,92.7
4238,-12123.26,8062.6819,1.56,100.0,92.8
4239,-12512.93,21251.7534,1.58,97.2,92.9
4240,-12523.12,60172.4941,1.54,100.0,93.0
4241,-11201.67,53380.8203,1.56,100.0,92.9
4242,-11399.58,47515.4277,1.59,100.0,93.0
4243,-11951.61,5761.5194,1.61,100.0,93.0
4244,-12159.16,4630.868,1.6,99.9,93.1
4245,-12377.83,15903.2732,1.58,100.0,93.2
4246,-11974.85,1603.3053,1.59,100.0,93.2
4247,-11762.06,4350.3013,1.6,96.7,93.2
4248,-12742.11,53799.5576,1.58,94.9,93.3
4249,-12044.41,4141.6849,1.56,100.0,93.3
4250,-12520.1,37596.5049,1.58,100.0,93.3
4251,-11487.22,17522.1294,1.57,100.0,93.3
4252,-12069.34,1366.8717,1.58,100.0,93.4
4253,-11950.66,6066.0424,1.57,100.0,93.5
4254,-11560.36,40350.6143,1.56,100.0,93.4
4255,-11786.81,5663.4122,1.57,100.0,93.6
4256,-12180.89,25688.5298,1.66,100.0,93.6
4257,-11892.49,6646.7113,1.55,100.0,93.2
4258,-12269.4,19255.8975,1.59,100.0,93.2
4259,-11665.56,6675.5277,1.6,100.0,93.2
4260,-12184.4,17469.9707,1.57,100.0,93.2
4261,-12713.42,35960.708,1.56,100.0,93.3
4262,-11800.76,4777.5463,1.55,100.0,93.4
4263,-11584.24,8444.7928,1.61,100.0,93.4
4264,-11855.36,2162.2657,1.59,100.0,93.3
4265,-11961.1,67013.4678,1.65,100.0,93.3
4266,-12229.23,12072.991,1.55,97.3,93.4
4267,-12236.29,29870.6221,1.57,100.0,93.5
4268,-12252.54,16520.8333,1.6,100.0,93.5
4269,-12718.59,35744.7656,1.56,100.0,93.6
4270,-12367.52,23175.394,1.58,100.0,93.6
4271,-12201.48,20623.3003,1.57,100.0,93.7
4272,-12367.97,15581.9233,1.63,100.0,93.7
4273,-12360.77,11169.1003,1.55,100.0,93.8
4274,-12255.17,11950.8616,1.55,100.0,93.9
4275,-11418.53,71175.5078,1.57,99.9,94.0
4276,-11828.66,16399.0962,1.61,100.0,94.1
4277,-11060.96,74908.7676,1.59,100.0,94.2
4278,-11675.63,36295.4971,1.54,100.0,94.1
4279,-12415.15,5875.6044,1.59,97.0,94.2
4280,-11253.13,50238.4229,1.57,98.1,94.2
4281,-12218.11,17125.73,1.57,100.0,94.4
4282,-12402.81,18943.4409,1.55,100.0,94.3
4283,-12553.62,21498.8296,1.6,98.4,94.3
4284,-11984.56,15324.5715,1.58,96.5,94.3
4285,-12485.98,15460.4739,1.57,100.0,94.4
4286,-12030.16,6806.5122,1.56,100.0,94.5
4287,-12217.13,12235.5779,1.6,100.0,94.4
4288,-12664.63,16961.7332,1.62,99.0,94.5
4289,-12418.58,1383.3282,1.56,100.0,94.5
4290,-11751.19,30565.5615,1.56,100.0,94.6
4291,-12026.75,10810.6277,1.58,100.0,94.6
4292,-12103.35,5701.375,1.62,99.4,94.7
4293,-12354.2,12574.9441,1.59,99.1,94.8
4294,-12101.25,4657.4629,1.59,100.0,94.7
4295,-12158.4,7166.6927,1.59,100.0,94.0
4296,-12349.98,9403.2578,1.63,99.9,94.0
4297,-12313.8,11855.7178,1.57,100.0,93.6
4298,-12444.54,5839.8378,1.55,100.0,92.7
4299,-12102.55,2332.7991,1.56,100.0,92.8
4300,-11527.12,67857.2148,1.59,99.6,92.7
4301,-12195.92,6494.3184,1.63,100.0,92.8
4302,-11571.53,54386.6553,1.63,100.0,92.7
4303,-11679.87,24770.7056,1.58,100.0,92.8
4304,-12303.52,2778.2463,1.62,100.0,92.9
4305,-12260.84,9134.7832,1.62,100.0,92.8
4306,-12230.71,6844.8151,1.6,97.4,92.9
4307,-12525.0,12797.0212,1.57,100.0,93.0
4308,-12601.15,13215.3594,1.58,100.0,93.0
4309,-11861.81,56003.2881,1.63,100.0,93.0
4310,-11676.37,51881.541,1.59,99.4,93.0
4311,-11800.79,15552.2654,1.56,100.0,93.0
4312,-12364.22,3533.2803,1.57,100.0,93.0
4313,-11446.63,32546.9204,1.55,100.0,93.1
4314,-11238.38,43854.6621,1.58,100.0,93.0
4315,-11663.12,37519.4531,1.58,100.0,92.9
4316,-11616.96,26858.6338,1.64,100.0,93.0
4317,-12302.85,34414.5527,1.56,100.0,93.0
4318,-11418.96,33722.4072,1.6,100.0,93.1
4319,-12607.41,46030.7451,1.58,100.0,93.1
4320,-11555.53,18642.7168,1.57,99.9,93.2
4321,-11766.51,19344.5425,1.59,100.0,93.2
4322,-12307.05,23890.7725,1.56,100.0,93.2
4323,-11408.8,22708.9341,1.56,98.9,93.2
4324,-11312.34,22801.0879,1.57,95.2,93.3
4325,-12081.18,16634.8223,1.58,100.0,93.3
4326,-11380.96,15101.3608,1.53,100.0,93.2
4327,-11949.07,32183.3574,1.61,100.0,93.2
4328,-12614.75,42200.9541,1.57,97.1,93.3
4329,-12214.69,27948.3003,1.54,100.0,93.4
4330,-12343.22,31912.2236,1.52,100.0,93.3
4331,-12362.17,24578.873,1.59,100.0,93.4
4332,-11750.89,12595.0605,1.59,96.4,93.4
4333,-11936.41,17902.7861,1.56,100.0,93.4
4334,-11434.37,30151.749,1.55,100.0,93.4
4335,-11539.37,18938.5068,1.57,100.0,93.4
4336,-12694.9,45263.793,1.62,98.2,93.6
4337,-11841.16,6779.0371,1.58,99.7,93.6
4338,-11749.3,2928.6768,1.6,100.0,93.5
4339,-11725.96,2643.7244,1.59,100.0,93.5
4340,-11843.6,2353.3566,1.58,98.7,93.0
4341,-12447.8,56094.6025,1.55,96.1,93.1
4342,-11853.37,21957.1929,1.54,100.0,93.2
4343,-12147.01,5542.0773,1.58,100.0,93.2
4344,-11555.63,16147.3113,1.56,100.0,93.2
4345,-11886.0,21641.4307,1.54,100.0,93.3
4346,-11523.45,15033.4141,1.57,100.0,93.2
4347,-12370.99,25580.4351,1.57,100.0,93.2
4348,-11544.44,16998.9277,1.58,100.0,93.3
4349,-11561.24,9776.5269,1.57,100.0,93.2
4350,-11265.29,14106.4224,1.57,100.0,93.4
4351,-11582.89,5704.5837,1.6,100.0,93.4
4352,-11276.76,11434.5039,1.56,100.0,93.4
4353,-12286.63,60820.5781,1.57,100.0,93.3
4354,-12016.97,27515.082,1.63,96.8,93.4
4355,-12161.21,38141.1475,1.59,96.9,93.4
4356,-11890.72,3134.096,1.6,100.0,93.5
4357,-11645.64,20402.6245,1.55,100.0,93.5
4358,-11442.15,9132.5251,1.57,100.0,93.5
4359,-12127.32,17079.0562,1.58,90.4,93.7
4360,-11725.31,8616.1946,1.57,100.0,93.6
4361,-11956.48,13465.9448,1.53,100.0,93.6
4362,-11946.08,24492.7114,1.56,100.0,93.6
4363,-12339.42,42610.8203,1.58,95.4,93.6
4364,-11406.29,28596.811,1.56,99.8,93.7
4365,-12185.23,7579.1489,1.48,100.0,93.8
4366,-12082.79,11060.7368,1.59,100.0,93.9
4367,-11766.52,11297.0557,1.6,99.1,93.9
4368,-12515.36,21759.7075,1.58,100.0,93.8
4369,-11686.49,13965.6418,1.57,100.0,93.8
4370,-12455.17,20710.0757,1.56,100.0,93.9
4371,-12570.73,26543.4409,1.65,100.0,94.0
4372,-12252.57,6230.6317,1.63,90.9,94.1
4373,-11963.62,11315.6445,1.59,100.0,94.2
4374,-11799.13,13121.3064,1.55,100.0,94.1
4375,-12313.15,18809.355,1.61,100.0,94.1
4376,-11138.54,56713.4932,1.59,89.4,94.1
4377,-11793.83,41766.6318,1.59,100.0,94.1
4378,-12440.29,18642.5137,1.54,100.0,94.2
4379,-12363.69,13570.7075,1.58,100.0,94.2
4380,-11877.52,5291.4556,1.6,100.0,94.3
4381,-11297.71,54764.4229,1.56,100.0,94.3
4382,-11854.33,10679.8181,1.52,100.0,94.2
4383,-12346.5,14946.4976,1.56,100.0,94.3
4384,-11054.79,31726.3257,1.59,100.0,94.4
4385,-11590.35,10914.2241,1.61,99.2,94.5
4386,-11268.8,23940.0781,1.58,100.0,94.6
4387,-11074.64,24183.0898,1.53,100.0,94.4
4388,-12571.56,99400.3945,1.6,100.0,94.5
4389,-12254.16,41574.1016,1.64,88.9,94.5
4390,-11581.06,40592.9707,1.59,98.7,94.6
4391,-12255.4,34579.2734,1.56,100.0,94.6
4392,-11827.41,2952.4094,1.58,100.0,94.5
4393,-11870.1,12148.7004,1.58,99.9,94.6
4394,-11230.7,45251.8037,1.57,97.1,94.6
4395,-12313.2,21618.5581,1.54,100.0,94.7
4396,-12283.2,20684.4102,1.55,100.0,94.7
4397,-11179.6,27430.0518,1.59,100.0,94.8
4398,-12470.84,29261.0024,1.61,100.0,94.7
4399,-11052.94,57938.3623,1.54,100.0,94.8
4400,-11458.69,26288.7134,1.56,100.0,94.9
4401,-11874.84,177630.7891,1.61,100.0,94.9
4402,-11967.62,6859.5278,1.61,99.3,95.0
4403,-11361.71,24250.4072,1.58,97.2,95.0
4404,-12516.62,42688.5977,1.59,100.0,95.0
4405,-11830.74,23485.8325,1.58,100.0,95.0
4406,-11548.78,43202.5386,1.62,100.0,95.2
4407,-12407.47,39209.0615,1.61,96.6,95.3
4408,-11808.57,20058.3965,1.53,100.0,95.2
4409,-12187.2,18208.7715,1.55,100.0,95.3
4410,-11728.16,18992.4751,1.57,100.0,95.3
4411,-11932.28,18954.3711,1.57,100.0,95.3
4412,-11580.21,17786.7031,1.56,100.0,95.4
4413,-12202.45,24667.1855,1.59,100.0,95.4
4414,-11125.47,33307.6455,1.58,100.0,95.5
4415,-11410.6,13908.207,1.59,100.0,95.5
4416,-11882.54,4873.868,1.56,100.0,95.5
4417,-11803.64,22156.6387,1.6,100.0,95.5
4418,-11493.99,15492.6704,1.57,100.0,95.6
4419,-11460.37,17550.7705,1.6,100.0,95.6
4420,-12142.4,47029.5859,1.58,94.7,95.6
4421,-11392.7,10240.2378,1.58,98.8,95.7
4422,-11950.8,13644.7554,1.57,98.8,95.7
4423,-11761.61,19121.3359,1.56,100.0,95.7
4424,-12338.11,55881.5156,1.58,100.0,95.7
4425,-11756.87,8912.0,1.59,99.0,95.8
4426,-11684.27,6647.2808,1.58,99.5,95.9
4427,-11382.53,15982.4846,1.56,100.0,95.9
4428,-11493.16,11249.2949,1.55,100.0,95.9
4429,-11242.53,12704.1731,1.62,100.0,96.0
4430,-12322.1,28253.3389,1.58,96.9,96.0
4431,-12032.65,17540.5005,1.54,100.0,96.0
4432,-11613.09,12507.7537,1.56,100.0,96.0
4433,-12013.37,24864.748,1.62,100.0,96.1
4434,-11565.99,5171.1975,1.6,87.8,96.2
4435,-11036.28,34545.0,1.58,100.0,96.1
4436,-11235.4,40979.5693,1.54,100.0,96.2
4437,-11264.53,28946.9087,1.58,100.0,96.2
4438,-12365.02,36426.207,1.61,88.7,96.5
4439,-11590.43,15976.7991,1.58,100.0,96.6
4440,-12560.3,53765.8848,1.53,100.0,96.6
4441,-12274.74,26466.9497,1.59,100.0,96.6
4442,-11425.72,22812.8564,1.63,100.0,96.5
4443,-11107.58,28794.4434,1.56,99.7,96.0
4444,-11471.24,27603.877,1.56,98.2,96.0
4445,-12087.37,27128.6465,1.54,100.0,95.6
4446,-12274.14,29625.0664,1.55,100.0,95.7
4447,-11585.54,26910.2393,1.55,100.0,95.8
4448,-11463.37,24524.6074,1.58,100.0,95.9
4449,-11865.88,5501.0513,1.6,100.0,95.8
4450,-12161.42,23337.0552,1.56,100.0,95.9
4451,-12469.69,35061.4453,1.57,100.0,95.9
4452,-11413.37,40922.9492,1.59,100.0,96.0
4453,-11451.21,11617.3904,1.53,100.0,96.2
4454,-11293.91,18675.0498,1.55,100.0,96.2
4455,-11354.47,6441.0851,1.57,100.0,96.6
4456,-11687.07,3061.5555,1.61,99.4,97.1
4457,-12313.54,55844.46,1.63,100.0,97.6
4458,-11539.57,13131.7598,1.57,100.0,97.8
4459,-11985.94,16252.3167,1.58,100.0,97.8
4460,-12320.01,42231.3125,1.58,100.0,97.9
4461,-12215.01,15037.333,1.55,100.0,97.9
4462,-12075.25,52845.8086,1.55,100.0,97.9
4463,-11601.22,12894.4221,1.55,100.0,97.9
4464,-11436.53,27509.7622,1.59,100.0,97.9
4465,-11846.24,6177.2446,1.58,100.0,97.9
4466,-12575.93,28884.5083,1.57,100.0,97.9
4467,-11336.46,35137.2949,1.59,100.0,97.9
4468,-12325.34,28142.5542,1.58,100.0,98.0
4469,-12054.85,15323.7019,1.59,98.4,97.8
4470,-11635.34,16125.0312,1.59,98.9,97.9
4471,-11813.52,10606.1113,1.6,100.0,97.9
4472,-11546.85,30355.5547,1.56,100.0,97.9
4473,-11746.03,4081.8866,1.6,100.0,98.0
4474,-12376.56,24619.5415,1.58,90.6,97.8
4475,-11629.91,11313.1013,1.58,100.0,97.9
4476,-11918.14,24112.269,1.57,100.0,97.9
4477,-12001.37,6726.0143,1.59,100.0,97.9
4478,-11530.13,7056.1606,1.64,97.1,97.6
4479,-12339.44,18620.792,1.61,99.5,96.7
4480,-11783.56,1568.9491,1.63,100.0,97.3
4481,-12021.35,16407.416,1.6,100.0,97.4
4482,-11460.29,9902.3853,1.58,99.3,96.8
4483,-11762.99,12967.7139,1.62,100.0,96.7
4484,-11709.71,3505.9108,1.56,100.0,96.7
4485,-11568.25,6319.6182,1.55,100.0,96.8
4486,-11275.45,23989.9307,1.58,99.4,96.4
4487,-11987.49,27217.5815,1.61,99.9,96.4
4488,-12012.39,11772.1326,1.58,100.0,96.3
4489,-11499.35,7719.6816,1.55,100.0,96.2
4490,-11649.27,18042.4971,1.59,95.6,96.3
4491,-11541.13,26782.0215,1.61,99.6,96.4
4492,-12104.22,33086.0195,1.58,100.0,96.4
4493,-12095.31,18714.3813,1.57,100.0,96.3
4494,-11611.21,14908.5337,1.61,99.3,96.3
4495,-12340.44,28261.0308,1.6,99.7,96.2
4496,-12339.62,25421.5967,1.6,100.0,96.2
4497,-11821.44,4347.0302,1.55,100.0,96.2
4498,-11573.2,9626.7827,1.56,100.0,96.1
4499,-12165.88,16289.9971,1.56,100.0,95.6
4500,-11674.19,2165.1519,1.65,99.3,95.7
4501,-11717.96,6281.828,1.58,100.0,95.7
4502,-11691.98,957.6027,1.57,100.0,95.6
4503,-11520.87,3471.0351,1.59,99.3,95.7
4504,-12436.71,63808.0498,1.63,99.8,95.7
4505,-11680.99,2159.9037,1.59,100.0,95.6
4506,-11563.23,5389.3459,1.56,100.0,95.7
4507,-12146.15,16016.6968,1.58,98.7,95.8
4508,-12363.84,24309.6348,1.62,100.0,95.8
4509,-11785.29,13067.5723,1.53,100.0,95.9
4510,-12416.59,44230.835,1.57,100.0,95.8
4511,-11984.95,20592.6484,1.54,100.0,95.8
4512,-11296.41,21522.2202,1.57,100.0,95.8
4513,-11402.38,16530.6287,1.58,100.0,95.9
4514,-12339.4,18171.3711,1.61,100.0,96.0
4515,-11340.98,12390.4543,1.59,100.0,96.1
4516,-11430.54,5511.8837,1.57,100.0,96.0
4517,-11604.73,1477.4792,1.57,99.8,96.1
4518,-12203.04,30613.5244,1.71,97.6,96.1
4519,-11666.3,4834.4586,1.59,94.5,96.0
4520,-11671.72,5526.5688,1.58,99.7,96.0
4521,-11606.52,4176.5214,1.55,99.7,96.1
4522,-12155.55,32158.7944,1.57,100.0,96.1
4523,-11301.62,12212.0886,1.59,100.0,96.2
4524,-12178.07,21135.8857,1.54,100.0,96.3
4525,-11346.73,13421.8542,1.54,100.0,96.2
4526,-11633.68,4223.4331,1.61,100.0,96.3
4527,-11446.63,5123.3904,1.62,100.0,96.2
4528,-11947.87,15157.2234,1.63,100.0,96.3
4529,-11423.94,3097.2261,1.56,100.0,96.3
4530,-11377.91,8499.9197,1.58,100.0,96.3
4531,-11531.58,5410.2549,1.59,93.1,96.4
4532,-11675.21,3314.0128,1.62,100.0,96.4
4533,-11409.97,14753.8367,1.59,100.0,96.4
4534,-11517.63,5060.2631,1.56,100.0,96.3
4535,-12297.17,58469.2812,1.58,90.6,96.4
4536,-11225.67,13426.7939,1.58,100.0,96.5
4537,-11906.64,25968.4307,1.54,100.0,96.5
4538,-12085.03,21683.5264,1.57,100.0,96.5
4539,-11672.57,4860.5168,1.56,98.9,96.5
4540,-11406.88,10034.9431,1.61,100.0,96.5
4541,-11551.0,7167.5988,1.56,100.0,96.5
4542,-12380.9,39564.6309,1.62,100.0,96.6
4543,-11625.94,6227.2412,1.57,100.0,96.6
4544,-11203.01,15441.4915,1.58,99.7,96.6
4545,-11671.9,5674.5192,1.61,100.0,96.6
4546,-11323.64,16106.4326,1.61,100.0,96.7
4547,-12184.34,49702.7363,1.58,96.0,96.7
4548,-11710.08,11866.8455,1.62,98.4,96.6
4549,-11625.9,8043.1072,1.58,100.0,96.7
4550,-11710.09,13885.3091,1.57,100.0,96.7
4551,-11256.38,10393.5447,1.55,100.0,96.7
4552,-12226.84,26294.2129,1.55,100.0,96.8
4553,-12076.7,20962.4673,1.53,100.0,96.8
4554,-12296.16,30593.293,1.64,100.0,96.9
4555,-11277.77,10580.0256,1.61,100.0,96.8
4556,-11433.8,9029.5361,1.56,100.0,96.4
4557,-12227.79,23007.3384,1.55,100.0,96.4
4558,-11689.4,11007.4905,1.55,99.9,96.5
4559,-11721.19,3440.3912,1.6,100.0,96.6
4560,-11781.29,3705.0038,1.57,100.0,96.6
4561,-11778.68,2737.811,1.58,100.0,96.6
4562,-11291.99,24257.9146,1.6,87.7,96.6
4563,-11571.91,23595.0044,1.6,100.0,96.7
4564,-11997.1,32305.1431,1.57,100.0,96.7
4565,-11685.62,16440.3059,1.55,100.0,96.7
4566,-11470.2,14813.9812,1.58,91.6,96.7
4567,-12307.66,43673.3027,1.58,99.9,96.6
4568,-11778.87,868.9339,1.51,100.0,96.4
4569,-11469.13,12982.3721,1.59,100.0,96.4
4570,-12089.36,6879.17,1.61,97.4,96.5
4571,-12330.8,27280.7759,1.59,100.0,96.5
4572,-11794.95,8030.8724,1.52,100.0,96.4
4573,-11783.13,7085.2584,1.6,100.0,96.5
4574,-11209.62,52343.2256,1.61,100.0,96.2
4575,-12346.43,12588.1753,1.58,98.8,96.3
4576,-11903.05,4452.7838,1.56,100.0,96.3
4577,-11824.33,3003.5856,1.59,100.0,96.3
4578,-12349.4,25885.2886,1.63,94.7,96.2
4579,-12055.63,3602.9927,1.64,98.4,96.3
4580,-11738.83,13690.3906,1.57,100.0,96.4
4581,-11294.97,35918.6738,1.56,100.0,96.3
4582,-12235.61,18032.9932,1.63,99.5,96.4
4583,-11456.29,11727.635,1.59,99.1,96.4
4584,-11426.79,8973.2411,1.56,100.0,96.5
4585,-11517.24,7398.1678,1.54,100.0,96.4
4586,-11577.2,2743.4399,1.56,100.0,96.6
4587,-12195.11,27416.3584,1.58,100.0,96.6
4588,-12275.39,48586.5488,1.59,100.0,96.7
4589,-11547.93,3997.2283,1.57,100.0,96.8
4590,-12008.38,26011.5361,1.57,100.0,97.0
4591,-11782.84,3857.053,1.62,100.0,97.1
4592,-12113.13,11424.9661,1.59,99.7,97.1
4593,-11654.76,5432.8783,1.58,100.0,96.8
4594,-12079.02,18869.8462,1.58,96.5,96.7
4595,-12275.2,25808.4014,1.59,100.0,96.7
4596,-11901.59,20816.0698,1.62,100.0,97.0
4597,-12069.59,7719.0322,1.59,100.0,97.0
4598,-11892.34,6831.4991,1.6,98.2,97.2
4599,-12044.25,1801.0507,1.55,100.0,97.1
4600,-12346.08,27788.1875,1.54,100.0,97.2
4601,-11852.5,5002.9584,1.58,100.0,97.3
4602,-12348.14,14833.3135,1.59,100.0,97.3
4603,-11614.34,2567.2881,1.55,100.0,97.3
4604,-11722.23,4096.0591,1.56,100.0,97.3
4605,-11778.06,1793.0376,1.62,100.0,97.4
4606,-12304.73,13598.2644,1.62,98.9,97.1
4607,-12005.94,4723.0082,1.58,100.0,97.4
4608,-12066.59,4831.1401,1.53,100.0,97.4
4609,-12037.06,17545.2251,1.6,100.0,97.7
4610,-12632.71,44553.9268,1.67,92.8,97.6
4611,-12097.25,3385.0593,1.57,100.0,97.5
4612,-12153.64,5025.4995,1.54,100.0,97.5
4613,-12321.04,13722.26,1.59,100.0,97.3
4614,-11806.94,7372.2811,1.64,99.5,97.5
4615,-12156.28,9316.1101,1.6,100.0,97.6
4616,-11764.14,4831.1808,1.55,100.0,97.7
4617,-12599.38,15131.2732,1.6,100.0,97.7
4618,-11743.15,6600.1694,1.63,100.0,97.7
4619,-11588.61,6856.4609,1.64,97.9,97.7
4620,-11340.61,10950.5554,1.54,100.0,97.7
4621,-11676.85,8318.7966,1.55,100.0,97.8
4622,-11528.61,2715.5709,1.63,100.0,97.8
4623,-11598.92,4029.2277,1.61,98.8,97.8
4624,-11411.66,1925.1522,1.56,100.0,97.9
4625,-11574.82,5938.444,1.55,100.0,98.0
4626,-11147.34,7457.5443,1.54,99.7,97.9
4627,-11392.68,6010.6398,1.6,99.7,97.9
4628,-12409.45,56042.2041,1.58,100.0,97.9
4629,-12209.5,60116.5205,1.59,100.0,97.9
4630,-11342.43,4935.1024,1.55,100.0,97.9
4631,-11455.61,3139.4208,1.61,100.0,98.0
4632,-11137.69,19492.1953,1.63,99.8,97.6
4633,-11712.65,10082.6226,1.58,100.0,97.5
4634,-12573.91,63898.7275,1.56,98.1,97.6
4635,-11363.99,4154.1205,1.57,100.0,97.6
4636,-11946.71,19876.7427,1.61,100.0,97.6
4637,-11845.98,19197.5898,1.63,98.9,97.7
4638,-11251.65,8660.6797,1.55,97.3,97.9
4639,-11603.47,8753.4756,1.54,100.0,97.9
4640,-11306.18,6958.6454,1.65,100.0,97.4
4641,-11260.84,7217.7695,1.61,98.2,97.4
4642,-12791.92,107089.291,1.64,95.9,97.5
4643,-11850.45,17961.4639,1.57,99.3,97.5
4644,-11868.55,4546.0645,1.55,100.0,97.6
4645,-11573.2,14554.3823,1.57,100.0,97.5
4646,-12008.27,25244.5288,1.63,98.4,97.5
4647,-12165.88,25085.4595,1.56,100.0,97.5
4648,-12224.03,35395.416,1.55,100.0,97.5
4649,-12035.37,22417.9434,1.6,100.0,97.6
4650,-12596.13,25964.1235,1.66,100.0,97.5
4651,-12724.18,16026.6304,1.7,97.6,97.1
4652,-11715.44,32128.7788,1.6,100.0,96.8
4653,-12038.96,14659.8347,1.61,100.0,96.6
4654,-11869.44,22347.397,1.62,100.0,96.6
4655,-11374.82,106877.1426,1.59,88.7,95.8
4656,-12357.08,27758.0303,1.59,100.0,95.9
4657,-12145.75,9849.9043,1.57,100.0,95.9
4658,-12952.48,54926.584,1.61,100.0,96.0
4659,-12229.49,4958.5223,1.59,99.5,95.9
4660,-12397.4,8474.2479,1.64,99.9,95.3
4661,-11648.62,61197.1113,1.56,100.0,95.2
4662,-12031.75,5011.5256,1.55,100.0,95.3
4663,-11891.28,23717.6494,1.6,100.0,95.3
4664,-12442.2,24008.1699,1.65,100.0,95.2
4665,-12037.04,36586.9473,1.58,100.0,95.2
4666,-11537.2,42528.501,1.55,100.0,95.2
4667,-11779.34,32236.0991,1.56,100.0,95.4
4668,-12165.71,11349.7683,1.64,99.6,95.1
4669,-12363.65,56258.1797,1.58,100.0,95.1
4670,-12237.14,12281.5903,1.59,100.0,95.6
4671,-12293.06,6118.1995,1.54,100.0,95.3
4672,-11696.52,29027.314,1.58,99.9,95.5
4673,-12413.94,10045.2275,1.59,100.0,95.4
4674,-11781.79,8928.0608,1.56,100.0,95.5
4675,-12344.34,81356.3164,1.55,100.0,95.2
4676,-11591.02,28445.8081,1.56,100.0,95.2
4677,-12771.9,72070.7734,1.63,100.0,95.3
4678,-11938.09,43472.2705,1.57,100.0,95.3
4679,-11675.48,8682.755,1.55,100.0,95.3
4680,-12530.43,68152.4688,1.56,100.0,95.3
4681,-11695.43,9544.0183,1.6,100.0,95.3
4682,-11544.52,24466.1895,1.58,99.9,95.0
4683,-11701.92,5556.4634,1.57,100.0,95.0
4684,-11561.57,31457.5156,1.52,99.3,94.7
4685,-11873.6,28196.0063,1.56,100.0,94.8
4686,-12303.95,54666.7881,1.57,100.0,94.8
4687,-11205.89,19932.6382,1.57,100.0,94.8
4688,-11466.91,14085.595,1.55,100.0,94.8
4689,-11787.14,4719.5486,1.5,100.0,94.9
4690,-11484.77,5201.9685,1.54,100.0,95.0
4691,-11684.08,6654.3591,1.65,100.0,94.9
4692,-11900.6,11864.6807,1.57,100.0,94.8
4693,-12442.59,57014.1914,1.55,100.0,95.0
4694,-11670.11,1470.1281,1.55,100.0,95.1
4695,-12536.39,57244.3223,1.59,100.0,95.1
4696,-11353.37,30736.4639,1.6,99.8,95.1
4697,-11827.39,2626.8828,1.59,99.7,95.2
4698,-11312.71,25261.832,1.56,100.0,95.2
4699,-11950.38,30424.6489,1.58,99.9,95.1
4700,-12334.99,21053.3101,1.61,94.0,95.2
4701,-11510.94,6761.7424,1.6,100.0,95.2
4702,-12259.67,18918.9253,1.62,100.0,93.7
4703,-12268.69,11210.6189,1.62,100.0,93.8
4704,-12323.17,12521.073,1.6,100.0,93.8
4705,-12216.25,3673.5723,1.63,98.6,93.3
4706,-12810.63,31172.4321,1.63,95.7,91.5
4707,-12461.61,2458.4407,1.64,100.0,91.4
4708,-12507.65,15279.835,1.59,100.0,91.5
4709,-12266.21,15409.8848,1.58,100.0,91.4
4710,-11952.83,32611.4175,1.59,95.7,91.5
4711,-12006.19,24054.6357,1.59,100.0,91.6
4712,-11901.28,21002.8472,1.59,100.0,91.5
4713,-12377.09,15780.2935,1.59,100.0,91.6
4714,-12087.18,66789.083,1.6,100.0,91.2
4715,-11326.33,40354.5088,1.6,100.0,91.1
4716,-11995.72,28694.2183,1.57,100.0,91.2
4717,-12685.38,49269.1914,1.58,100.0,91.4
4718,-12085.44,2487.7578,1.6,100.0,91.2
4719,-12187.08,4339.7541,1.57,99.0,91.3
4720,-12023.87,3567.5402,1.58,100.0,91.4
4721,-13048.74,51387.2959,1.57,100.0,91.5
4722,-12169.47,11757.7102,1.56,99.8,91.4
4723,-11459.3,52967.7168,1.57,99.6,91.3
4724,-12465.41,30869.7646,1.54,99.2,91.4
4725,-11752.08,21227.5371,1.55,100.0,91.5
4726,-11730.46,22492.6841,1.54,100.0,91.5
4727,-11621.72,25241.25,1.59,100.0,91.6
4728,-12303.01,32832.709,1.55,100.0,91.5
4729,-12378.41,22352.5518,1.55,100.0,91.5
4730,-11644.71,11641.6335,1.6,100.0,91.5
4731,-12357.26,33665.293,1.56,100.0,91.6
4732,-11685.45,9439.8064,1.59,100.0,91.6
4733,-12611.81,53720.6641,1.55,100.0,91.6
4734,-12467.33,33476.6738,1.55,100.0,91.6
4735,-11653.08,11405.623,1.58,100.0,91.7
4736,-11549.23,20615.23,1.6,100.0,91.7
4737,-12451.26,11960.2488,1.6,94.9,91.7
4738,-11678.17,15472.8286,1.57,98.8,91.7
4739,-12302.88,10106.7607,1.55,100.0,91.8
4740,-12435.24,15304.6714,1.62,100.0,91.8
4741,-11864.27,32397.3794,1.59,100.0,91.8
4742,-11495.75,24467.4624,1.56,100.0,91.8
4743,-11680.28,14126.6545,1.57,100.0,91.9
4744,-12116.18,8605.6653,1.53,100.0,91.9
4745,-11346.94,40646.0664,1.61,100.0,92.0
4746,-11764.26,10442.8843,1.6,100.0,92.0
4747,-12387.91,9561.6169,1.62,98.0,92.0
4748,-11576.27,14452.4465,1.57,100.0,92.1
4749,-11348.37,27648.0186,1.56,100.0,92.1
4750,-11466.55,5376.8231,1.58,100.0,92.1
4751,-11729.23,11456.198,1.65,86.6,92.0
4752,-11840.27,17015.6809,1.6,99.9,92.1
4753,-12389.2,45741.9766,1.52,100.0,92.2
4754,-12485.1,68819.4238,1.57,100.0,92.2
4755,-12037.79,14961.448,1.59,98.0,92.4
4756,-11819.92,5475.7617,1.58,99.5,92.2
4757,-11988.08,21001.5312,1.55,100.0,92.2
4758,-11322.16,35039.9004,1.56,100.0,92.3
4759,-11588.54,9962.8511,1.59,100.0,92.5
4760,-11881.49,7725.73,1.62,100.0,92.5
4761,-11700.12,2507.7098,1.58,100.0,92.4
4762,-11454.6,6480.2158,1.55,100.0,92.5
4763,-11820.49,2714.2961,1.61,100.0,92.5
4764,-11618.49,1745.1129,1.6,98.8,92.9
4765,-12065.84,36257.1455,1.61,98.7,93.0
4766,-11185.59,16947.6067,1.55,100.0,93.1
4767,-11798.51,6052.7844,1.58,100.0,93.2
4768,-11516.32,1382.7562,1.6,99.5,93.4
4769,-11772.18,8496.5062,1.58,100.0,93.3
4770,-12319.09,54205.4512,1.57,100.0,93.2
4771,-11528.72,7903.9456,1.53,100.0,93.3
4772,-11954.28,21410.8486,1.63,100.0,93.3
4773,-12237.58,25909.3433,1.58,100.0,93.4
4774,-11922.07,5120.2616,1.59,100.0,93.5
4775,-11777.68,2255.963,1.54,100.0,93.6
4776,-12006.78,13618.6016,1.6,100.0,93.6
4777,-11482.65,22200.1968,1.6,100.0,93.7
4778,-11763.14,3023.9744,1.59,98.0,93.9
4779,-12054.9,24935.9116,1.57,100.0,94.0
4780,-11486.9,9776.8242,1.54,99.9,93.8
4781,-12529.0,53979.6201,1.59,100.0,94.1
4782,-12311.36,40196.1777,1.58,100.0,94.1
4783,-11792.31,1709.7798,1.54,100.0,93.9
4784,-11807.44,583.1265,1.56,100.0,94.0
4785,-11970.27,2351.7363,1.55,100.0,93.5
4786,-11862.89,1417.3409,1.55,100.0,93.6
4787,-11390.77,15578.4607,1.63,100.0,93.6
4788,-11922.48,867.9809,1.6,100.0,93.7
4789,-11718.26,16572.8447,1.56,100.0,93.7
4790,-11757.33,449.778,1.57,100.0,93.7
4791,-11706.42,1605.2613,1.6,99.8,93.8
4792,-11611.19,2563.0905,1.63,94.0,94.0
4793,-11583.33,3712.4943,1.59,99.9,94.0
4794,-12978.01,89579.9551,1.61,100.0,94.1
4795,-12204.31,26539.3677,1.59,100.0,94.1
4796,-11826.41,55234.3311,1.6,99.1,94.0
4797,-12205.64,16944.7561,1.63,98.8,94.0
4798,-12186.27,13514.1067,1.61,100.0,94.0
4799,-12790.46,33309.1865,1.57,100.0,94.1
4800,-11741.36,5811.4985,1.59,100.0,94.2
4801,-11836.67,29686.6953,1.63,97.6,94.4
4802,-12452.3,3542.9768,1.64,100.0,94.2
4803,-12051.0,28978.9023,1.56,100.0,94.2
4804,-12080.6,18473.0757,1.55,100.0,94.2
4805,-12439.03,22464.9224,1.62,95.6,94.3
4806,-12023.66,8655.1636,1.57,100.0,94.4
4807,-11147.82,82117.4199,1.53,100.0,94.4
4808,-11781.15,108421.4961,1.57,100.0,94.4
4809,-12720.26,10885.9556,1.6,99.0,94.5
4810,-12218.43,15861.1389,1.55,98.3,94.5
4811,-12341.14,14761.084,1.58,100.0,94.5
4812,-11421.78,29572.7812,1.53,100.0,94.5
4813,-12089.47,24299.2554,1.59,100.0,94.6
4814,-12286.09,36261.9961,1.62,98.3,94.7
4815,-11651.6,19006.8892,1.56,100.0,94.7
4816,-12258.2,3484.8914,1.61,100.0,94.7
4817,-12045.23,18416.7061,1.57,100.0,94.8
4818,-11888.5,36880.7441,1.59,99.5,94.8
4819,-12222.78,4441.1108,1.61,98.1,94.8
4820,-12097.31,5834.4247,1.6,100.0,94.8
4821,-12423.36,5131.0137,1.59,100.0,94.9
4822,-12207.36,13163.0977,1.59,100.0,94.9
4823,-12434.39,7674.2177,1.63,97.2,94.9
4824,-11793.34,41484.6943,1.54,100.0,95.0
4825,-12152.76,9533.7782,1.62,100.0,96.1
4826,-12336.05,15403.8989,1.58,100.0,96.2
4827,-11636.28,39477.4287,1.64,100.0,96.2
4828,-11352.18,36912.2637,1.57,100.0,95.8
4829,-12914.53,46287.541,1.56,100.0,95.4
4830,-11591.0,17406.7412,1.55,100.0,95.4
4831,-11717.83,7423.4648,1.59,100.0,95.4
4832,-12672.38,31023.8965,1.64,100.0,95.1
4833,-11860.55,22016.0913,1.53,100.0,95.2
4834,-11513.23,10911.0874,1.57,100.0,95.1
4835,-11168.45,34511.0093,1.57,100.0,95.2
4836,-12093.64,20668.7339,1.61,98.5,94.8
4837,-10963.39,33693.1084,1.56,100.0,94.9
4838,-11842.25,42097.9102,1.57,100.0,95.0
4839,-12459.91,54965.3535,1.61,99.1,93.5
4840,-11715.49,2272.7584,1.58,98.4,93.4
4841,-11635.11,3230.3776,1.55,100.0,93.3
4842,-11045.07,30243.3643,1.55,100.0,93.4
4843,-11502.49,8376.356,1.59,100.0,93.5
4844,-11522.87,3361.7883,1.59,96.7,93.3
4845,-11677.24,6748.838,1.57,100.0,93.5
4846,-11902.48,51497.5059,1.58,100.0,93.6
4847,-12497.96,86685.0977,1.57,100.0,93.6
4848,-11209.81,22005.8745,1.59,99.4,93.4
4849,-11638.96,6226.8059,1.58,100.0,93.4
4850,-12546.73,81507.6816,1.56,100.0,93.5
4851,-11122.57,16334.5042,1.55,100.0,93.6
4852,-11468.92,13766.8083,1.62,100.0,93.7
4853,-11083.23,9057.8761,1.61,98.3,93.7
4854,-11493.16,9561.0249,1.57,100.0,93.6
4855,-11530.48,4854.9504,1.56,100.0,93.6
4856,-12220.86,43906.2031,1.58,100.0,93.7
4857,-11681.05,2422.6925,1.59,94.0,93.8
4858,-11690.69,29511.6733,1.56,97.5,93.8
4859,-12485.11,59117.9297,1.56,100.0,93.9
4860,-11347.38,17940.46,1.58,100.0,94.0
4861,-11667.69,4790.6475,1.58,100.0,93.9
4862,-11405.07,5347.3524,1.56,99.7,94.0
4863,-11720.66,4739.9062,1.54,100.0,94.0
4864,-11647.91,10316.1226,1.59,100.0,94.0
4865,-11342.98,11689.718,1.57,100.0,94.0
4866,-12510.07,62688.3516,1.6,99.8,94.1
4867,-11671.1,19684.626,1.55,100.0,94.1
4868,-11203.59,15545.7097,1.56,100.0,94.1
4869,-11626.28,7859.4589,1.58,100.0,94.1
4870,-11553.5,6119.0157,1.61,98.8,94.2
4871,-11752.51,14752.6057,1.59,95.9,94.2
4872,-12527.96,70196.0059,1.56,100.0,94.3
4873,-11621.1,5909.2382,1.57,100.0,94.4
4874,-11660.48,6313.9755,1.57,99.5,94.4
4875,-11064.92,28567.7158,1.56,98.6,94.3
4876,-11717.17,24266.5439,1.55,100.0,94.3
4877,-11774.46,3378.4526,1.59,100.0,94.4
4878,-11627.39,4564.1057,1.56,100.0,94.4
4879,-11500.29,5323.1375,1.59,100.0,94.6
4880,-11980.45,17311.8369,1.56,100.0,94.6
4881,-11539.04,3817.2907,1.59,100.0,94.5
4882,-11693.59,6244.3873,1.58,100.0,94.6
4883,-12384.35,48421.667,1.6,100.0,94.6
4884,-11697.26,4477.5328,1.59,95.7,94.8
4885,-11739.36,3576.9936,1.58,100.0,94.8
4886,-11412.4,17811.2461,1.59,100.0,94.8
4887,-11513.74,4860.7021,1.58,100.0,94.8
4888,-11997.81,21359.127,1.58,100.0,94.9
4889,-11476.43,5154.6155,1.58,98.0,95.0
4890,-11656.34,4399.0631,1.6,100.0,95.1
4891,-11790.81,7438.5717,1.56,100.0,95.2
4892,-11980.45,17799.5151,1.55,100.0,95.1
4893,-11807.74,4022.7047,1.59,100.0,95.4
4894,-12101.32,24144.312,1.57,100.0,95.4
4895,-12338.76,26160.4272,1.58,100.0,95.4
4896,-11691.49,11315.1145,1.55,100.0,95.5
4897,-11962.86,10905.3359,1.58,100.0,95.4
4898,-11621.82,12839.8069,1.59,94.3,95.6
4899,-12466.79,31539.564,1.63,99.1,95.0
4900,-11640.21,6271.1794,1.6,100.0,95.0
4901,-11777.65,7422.8303,1.56,100.0,95.0
4902,-11632.86,5404.3502,1.58,99.7,94.7
4903,-12219.6,19288.0864,1.58,100.0,94.7
4904,-11893.75,19426.9238,1.57,100.0,94.7
4905,-11686.44,1582.3594,1.55,100.0,94.7
4906,-12531.53,50953.4961,1.58,100.0,94.9
4907,-12609.48,51472.9463,1.62,100.0,94.9
4908,-11875.45,27086.2832,1.65,97.3,95.0
4909,-12172.01,4878.2901,1.58,100.0,95.2
4910,-12455.72,14574.6143,1.59,100.0,95.1
4911,-11481.47,31786.4556,1.58,97.8,95.2
4912,-11582.29,37648.9609,1.6,99.9,95.2
4913,-11690.49,18941.5508,1.58,100.0,95.1
4914,-11649.87,15529.3477,1.56,100.0,95.2
4915,-11790.81,10320.0818,1.58,98.9,95.2
4916,-11556.2,11032.9626,1.59,100.0,95.3
4917,-11692.97,6333.5582,1.57,100.0,95.3
4918,-12119.09,17794.8364,1.56,100.0,95.3
4919,-11636.61,4883.597,1.58,100.0,95.4
4920,-11832.58,2689.8585,1.62,99.5,95.3
4921,-11692.0,2638.2317,1.64,98.2,95.4
4922,-12180.26,27570.2368,1.63,100.0,95.5
4923,-11738.53,5897.5919,1.56,100.0,95.5
4924,-11659.05,2691.8983,1.6,97.5,95.6
4925,-11662.14,42542.1328,1.59,97.1,95.6
4926,-11655.43,1126.7491,1.57,100.0,95.5
4927,-12444.51,42751.8457,1.55,100.0,95.5
4928,-12447.31,54226.8838,1.56,100.0,95.6
4929,-12278.75,29993.4023,1.56,98.9,95.6
4930,-11878.0,33476.2236,1.55,100.0,95.9
4931,-11592.69,12746.781,1.56,100.0,95.8
4932,-11559.07,10317.7981,1.57,100.0,95.8
4933,-12383.02,27073.251,1.56,98.6,95.8
4934,-12591.56,41584.0938,1.65,100.0,95.9
4935,-12631.98,43939.7764,1.57,100.0,96.0
4936,-12374.58,13800.3228,1.57,100.0,95.9
4937,-12051.77,18434.4277,1.58,100.0,96.0
4938,-11524.27,23306.1006,1.58,99.9,96.1
4939,-11762.09,16979.6865,1.6,100.0,96.1
4940,-12904.29,33936.3867,1.56,100.0,96.0
4941,-12051.41,4996.7086,1.55,99.5,96.1
4942,-11761.97,14743.0386,1.57,94.9,96.2
4943,-11622.99,11504.2375,1.56,100.0,96.2
4944,-12241.63,23738.0488,1.53,100.0,96.3
4945,-11584.28,2880.519,1.54,100.0,96.2
4946,-12356.81,37305.2188,1.57,99.2,96.3
4947,-12504.22,45282.1162,1.54,100.0,96.4
4948,-12447.63,32825.6401,1.55,100.0,96.4
4949,-11683.84,10154.5574,1.57,100.0,96.4
4950,-11109.29,71424.8906,1.59,100.0,96.4
4951,-11404.35,23163.8213,1.59,100.0,96.5
4952,-11700.19,2535.7791,1.57,100.0,96.6
4953,-12223.83,20162.9985,1.56,100.0,95.7
4954,-11535.26,9861.7581,1.52,100.0,95.8
4955,-11471.46,4806.6157,1.56,100.0,95.8
4956,-12443.09,41672.3955,1.63,100.0,95.9
4957,-11624.76,6581.2095,1.63,100.0,96.0
4958,-12491.36,50880.6035,1.57,100.0,96.0
4959,-12309.81,40130.3662,1.6,100.0,95.9
4960,-11697.16,846.1392,1.59,100.0,96.0
4961,-11747.47,30756.3979,1.6,98.1,96.1
4962,-12417.62,22610.9927,1.59,99.4,96.1
4963,-11636.69,3707.7648,1.53,100.0,96.1
4964,-11832.78,43966.5039,1.6,100.0,96.1
4965,-11228.94,39145.8984,1.6,100.0,96.4
4966,-12659.19,89897.9668,1.67,100.0,96.6
4967,-11671.64,9545.7878,1.55,100.0,96.6
4968,-11673.42,35767.1367,1.7,100.0,96.7
4969,-11733.54,26431.8076,1.62,100.0,96.8
4970,-12530.91,67063.0205,1.62,98.7,96.9
4971,-11024.47,218118.3594,1.59,99.8,96.5
4972,-11832.32,15884.8306,1.59,100.0,96.4
4973,-12409.59,46495.3926,1.64,100.0,96.4
4974,-11754.78,13037.4961,1.63,98.7,96.1
4975,-12422.21,32654.0083,1.57,97.7,95.8
4976,-12360.81,30052.5986,1.6,100.0,95.8
4977,-12430.9,24085.1724,1.62,100.0,95.8
4978,-11741.86,22831.6982,1.57,100.0,95.7
4979,-11800.88,19512.5894,1.57,100.0,95.7
4980,-11799.85,17923.6323,1.62,100.0,95.7
4981,-12381.33,13350.8774,1.72,100.0,95.7
4982,-12401.48,7451.5929,1.7,98.1,95.4
4983,-12461.38,15864.2488,1.61,98.8,95.3
4984,-11474.43,35416.4961,1.55,100.0,95.2
4985,-12357.36,4593.9917,1.6,100.0,95.2
4986,-12299.56,2440.7289,1.64,100.0,95.1
4987,-12282.46,7075.7477,1.61,100.0,95.1
4988,-12076.06,9399.2512,1.58,100.0,95.0
4989,-12022.26,12074.5339,1.58,100.0,95.2
4990,-12200.49,9750.167,1.65,100.0,95.1
4991,-12461.14,4589.8703,1.6,100.0,95.0
4992,-12200.49,6804.0669,1.6,100.0,94.9
4993,-12925.19,27628.1309,1.59,100.0,95.0
4994,-12495.52,2865.9517,1.66,100.0,95.0
4995,-13387.68,47930.2734,1.63,89.4,94.7
4996,-12264.39,14004.8936,1.59,99.9,94.8
4997,-12587.55,17420.3042,1.59,100.0,94.8
4998,-12444.71,3543.3094,1.57,100.0,94.9
4999,-12246.95,5221.155,1.63,100.0,94.9
5000,-11976.81,20595.0894,1.62,98.7,94.9
5001,-13133.44,46795.2227,1.59,100.0,95.0
5002,-12459.89,10369.6392,1.6,99.0,95.0
5003,-13248.17,43149.0234,1.63,100.0,95.0
5004,-11692.76,31903.4565,1.58,99.8,95.0
5005,-12465.79,19460.917,1.62,100.0,95.1
5006,-12577.44,5861.9995,1.58,100.0,95.1
5007,-11774.28,54576.4727,1.54,100.0,95.1
5008,-11696.93,51557.1621,1.6,100.0,95.2
5009,-12114.18,44653.4717,1.56,99.8,94.8
5010,-11700.51,32674.2578,1.53,100.0,94.8
5011,-11783.26,7950.4402,1.55,99.7,94.9
5012,-12448.09,30192.3398,1.55,100.0,95.0
5013,-11762.25,8571.1506,1.59,100.0,95.0
5014,-12495.17,40420.5938,1.56,100.0,95.0
5015,-11515.11,7361.2385,1.56,100.0,95.1
5016,-11662.04,4921.0828,1.57,100.0,95.1
5017,-11546.51,4242.7838,1.55,100.0,94.7
5018,-12510.35,53400.3535,1.56,100.0,94.7
5019,-11886.97,18687.0811,1.55,100.0,94.8
5020,-11992.69,24197.6475,1.53,100.0,94.8
5021,-12304.99,35900.1465,1.59,100.0,94.9
5022,-11592.94,63719.3096,1.57,100.0,94.7
5023,-12176.35,11074.311,1.58,100.0,94.7
5024,-12347.02,16208.6035,1.58,99.5,94.7
5025,-12895.94,32981.123,1.61,100.0,94.7
5026,-12539.96,13139.6924,1.54,100.0,94.7
5027,-12364.81,5094.2721,1.58,100.0,94.8
5028,-11705.22,52432.2646,1.55,98.7,94.0
5029,-12296.65,12421.1235,1.58,100.0,94.0
5030,-11638.66,61475.9463,1.56,100.0,94.0
5031,-11740.15,27040.2817,1.57,100.0,94.1
5032,-12308.77,2857.6085,1.57,100.0,94.1
5033,-11653.79,23096.4502,1.54,100.0,94.1
5034,-12420.51,5903.7887,1.57,100.0,94.2
5035,-12391.12,7131.691,1.61,100.0,94.3
5036,-12123.46,3715.0417,1.58,98.8,94.3
5037,-12368.21,4388.0316,1.56,100.0,94.1
5038,-11721.32,29121.1006,1.55,100.0,94.1
5039,-12444.88,5435.2925,1.59,96.8,94.3
5040,-12021.96,4356.1847,1.57,95.4,94.2
5041,-12446.34,18029.0288,1.57,100.0,94.3
5042,-11783.21,60940.5459,1.55,100.0,94.2
5043,-11115.59,84601.3027,1.59,100.0,94.3
5044,-12683.77,30090.021,1.65,94.9,94.6
5045,-12644.17,24595.6328,1.61,100.0,94.7
5046,-11559.06,22513.4062,1.56,100.0,94.7
5047,-11976.82,23484.5728,1.56,100.0,94.7
5048,-12644.17,12013.3215,1.64,95.4,94.6
5049,-11718.63,17514.5713,1.57,100.0,94.8
5050,-12007.11,21232.6758,1.62,100.0,94.9
5051,-11229.31,51906.8271,1.59,100.0,95.1
5052,-12486.42,21800.6069,1.67,97.9,95.5
5053,-12446.92,50709.7061,1.65,87.7,95.7
5054,-12077.43,6935.9844,1.6,100.0,96.1
5055,-12600.44,3440.66,1.62,100.0,95.8
5056,-11872.41,10437.2388,1.6,100.0,95.5
5057,-11750.14,14704.9243,1.6,90.6,95.7
5058,-11906.09,12454.8457,1.58,100.0,96.0
5059,-11609.37,28555.0996,1.54,100.0,95.9
5060,-11718.63,10842.5676,1.62,100.0,95.9
5061,-11681.31,13769.6621,1.58,95.1,96.0
5062,-12878.45,46852.8096,1.63,100.0,96.1
5063,-12407.08,44228.3184,1.63,100.0,96.0
5064,-11683.52,17191.1626,1.56,100.0,95.9
5065,-11293.89,26242.1909,1.57,100.0,96.0
5066,-12007.06,16640.1938,1.57,95.3,96.1
5067,-12118.87,18766.5552,1.61,100.0,96.3
5068,-11681.07,19850.5347,1.61,100.0,96.6
5069,-11867.29,12286.6638,1.63,100.0,96.6
5070,-12063.3,8503.4211,1.65,89.7,96.7
5071,-12092.4,5150.3396,1.6,100.0,96.7
5072,-12028.97,2833.9855,1.56,100.0,96.4
5073,-11468.13,27586.7539,1.65,100.0,96.3
5074,-12519.37,22952.3945,1.7,98.9,95.6
5075,-11450.37,23883.0776,1.59,100.0,95.7
5076,-12540.46,29964.5957,1.59,100.0,95.5
5077,-11224.67,51943.6904,1.62,100.0,95.6
5078,-12398.72,28596.0723,1.65,100.0,95.4
5079,-11513.53,10566.0999,1.63,99.9,95.0
5080,-12159.45,8308.9443,1.58,100.0,95.0
5081,-11774.85,4131.4697,1.59,100.0,95.2
5082,-11490.92,26739.812,1.75,100.0,95.1
5083,-12460.21,27364.7754,1.79,92.0,95.0
5084,-12398.72,26653.3682,1.61,99.9,94.8
5085,-11581.98,12377.0496,1.57,100.0,94.6
5086,-12050.26,27776.3135,1.6,100.0,94.3
5087,-12981.06,52069.8926,1.67,100.0,93.7
5088,-12598.96,18082.1787,1.73,100.0,93.8
5089,-11418.69,35934.7559,1.61,100.0,93.7
5090,-12406.08,15769.9878,1.56,100.0,93.7
5091,-11822.66,19845.2173,1.59,100.0,93.2
5092,-11793.52,37090.8027,1.64,100.0,92.9
5093,-11894.43,19544.9563,1.59,100.0,92.8
5094,-12065.88,27008.7773,1.66,99.0,92.9
5095,-11765.13,8733.5894,1.65,92.0,93.1
5096,-12418.6,24665.0752,1.6,100.0,93.2
5097,-11536.37,17276.4609,1.59,100.0,93.2
5098,-11099.61,43973.4336,1.6,100.0,93.1
5099,-11922.43,19802.1816,1.66,100.0,93.2
5100,-12469.36,21428.1514,1.6,100.0,92.4
5101,-11781.52,11637.0029,1.55,100.0,92.6
5102,-12447.02,33330.7466,1.58,100.0,92.6
5103,-11569.24,17670.0107,1.7,100.0,92.5
5104,-11837.15,5301.1511,1.73,99.7,92.7
5105,-11299.45,15864.0388,1.65,100.0,92.9
5106,-11329.75,20890.9385,1.57,100.0,92.9
5107,-12508.43,40474.4688,1.68,100.0,92.9
5108,-12414.23,49747.9395,1.74,99.7,93.1
5109,-12074.05,14611.3694,1.68,96.3,92.8
5110,-11661.41,7063.6095,1.56,100.0,92.9
5111,-12310.78,26973.8008,1.6,100.0,92.7
5112,-12317.31,22542.8706,1.61,100.0,92.9
5113,-12322.42,18976.332,1.64,100.0,92.9
5114,-12085.86,1788.6599,1.65,100.0,93.0
5115,-12159.92,6531.5345,1.58,100.0,92.8
5116,-12215.91,1317.262,1.59,100.0,92.9
5117,-12567.86,16726.4785,1.72,100.0,93.0
5118,-12125.23,8722.1074,1.73,98.2,92.9
5119,-12614.23,23534.4434,1.63,100.0,93.0
5120,-12486.42,9596.4324,1.59,100.0,93.1
5121,-12514.32,1751.6806,1.62,96.6,93.3
5122,-11943.04,42901.5645,1.64,100.0,93.2
5123,-12352.91,4075.4326,1.64,100.0,93.2
5124,-12302.95,9217.7189,1.6,100.0,93.2
5125,-12270.74,3211.0331,1.65,99.5,93.4
5126,-11618.3,50229.4199,1.59,99.7,93.3
5127,-11919.97,5986.7155,1.59,100.0,93.4
5128,-12387.28,19649.6924,1.6,100.0,93.3
5129,-12318.58,8909.769,1.63,100.0,93.4
5130,-12270.23,7804.4767,1.68,96.1,93.4
5131,-11496.77,45256.0469,1.61,99.8,93.5
5132,-12599.45,190088.2227,1.59,100.0,93.5
5133,-12311.34,3008.3521,1.63,100.0,93.6
5134,-12378.9,2918.3199,1.62,100.0,93.8
5135,-11494.35,59998.2031,1.65,100.0,93.8
5136,-11614.32,118506.7949,1.67,100.0,93.8
5137,-11448.1,44710.6875,1.58,100.0,93.8
5138,-12519.02,5663.8938,1.62,98.0,94.0
5139,-12362.42,6018.9116,1.63,100.0,94.0
5140,-12381.5,3799.1027,1.68,100.0,94.1
5141,-11624.86,49869.7939,1.58,100.0,94.0
5142,-12576.44,12923.3362,1.63,100.0,94.0
5143,-12154.13,8948.4888,1.63,97.6,94.0
5144,-12214.81,2264.7929,1.64,100.0,94.0
5145,-12207.69,2320.8769,1.61,100.0,94.1
5146,-12364.01,4847.0425,1.65,100.0,94.2
5147,-11563.25,67289.0293,1.71,90.4,94.3
5148,-12559.63,4551.5146,1.59,99.4,94.3
5149,-11639.08,75271.0078,1.56,100.0,94.4
5150,-12451.52,2832.0974,1.59,100.0,94.4
5151,-12258.09,1279.6093,1.66,100.0,94.5
5152,-12206.57,2588.2444,1.64,98.7,94.6
5153,-12294.97,6547.3259,1.58,100.0,94.6
5154,-12273.02,4423.5092,1.57,100.0,94.6
5155,-12219.74,2373.6215,1.65,100.0,94.5
5156,-12671.42,20406.104,1.72,100.0,94.6
5157,-12274.66,1623.6293,1.69,99.2,94.6
5158,-11367.04,77664.3047,1.59,100.0,94.6
5159,-12062.29,5542.5419,1.59,100.0,94.7
5160,-12660.79,48973.5361,1.65,99.0,94.7
5161,-12265.72,2728.7097,1.69,100.0,94.7
5162,-12286.71,1664.0573,1.65,100.0,94.7
5163,-12626.75,10517.967,1.58,100.0,94.8
5164,-12126.89,10667.0706,1.61,97.7,94.7
5165,-12540.33,15825.1108,1.62,99.1,94.8
5166,-12460.12,2636.3363,1.65,100.0,95.6
5167,-11604.74,58710.1602,1.57,100.0,95.6
5168,-12281.31,3522.9355,1.63,100.0,95.4
5169,-12296.33,1555.1095,1.62,100.0,95.1
5170,-11697.92,49729.376,1.63,99.9,94.5
5171,-12411.87,9836.2458,1.56,100.0,94.5
5172,-12156.0,2380.5391,1.57,100.0,94.5
5173,-11663.56,24993.772,1.68,100.0,94.5
5174,-11516.64,35575.3501,1.71,96.9,94.0
5175,-12499.38,18535.2144,1.68,99.9,93.7
5176,-12616.0,36964.2383,1.59,100.0,93.6
5177,-11661.52,16675.593,1.62,98.9,93.4
5178,-12162.67,2198.0414,1.61,99.9,93.0
5179,-11625.34,13340.572,1.64,100.0,93.1
5180,-12509.23,24552.6567,1.6,100.0,93.1
5181,-12323.35,18817.2476,1.62,100.0,93.2
5182,-12359.01,5614.4938,1.66,93.9,92.6
5183,-12389.91,2438.0898,1.59,100.0,92.6
5184,-12523.08,8339.9257,1.57,100.0,92.4
5185,-12600.4,45660.082,1.67,100.0,92.5
5186,-11752.68,32350.375,1.62,100.0,92.6
5187,-12590.6,6687.4834,1.65,99.1,91.8
5188,-11647.54,40066.3135,1.57,100.0,91.8
5189,-12156.63,6932.8025,1.59,100.0,91.8
5190,-12221.01,2988.2435,1.68,100.0,91.9
5191,-11680.65,14688.3403,1.7,89.9,91.2
5192,-12271.56,2922.4097,1.64,99.8,90.6
5193,-12545.25,15674.9868,1.58,100.0,90.7
5194,-12021.81,4756.3324,1.59,99.9,90.6
5195,-12619.64,112571.1699,1.66,100.0,90.7
5196,-12315.48,3012.7039,1.67,100.0,90.8
5197,-11614.65,14817.6492,1.57,100.0,90.8
5198,-12355.45,7123.9996,1.6,100.0,91.0
5199,-11647.42,11399.4258,1.59,98.9,91.2
5200,-12512.73,26031.624,1.62,100.0,91.1
5201,-12197.47,1672.2423,1.7,100.0,91.3
5202,-12967.27,420533.2188,1.62,100.0,91.2
5203,-12515.55,26338.7129,1.64,100.0,91.2
5204,-12677.83,11582.0852,1.64,99.5,91.5
5205,-12661.25,3007.8762,1.67,100.0,91.6
5206,-12198.55,14115.4346,1.63,100.0,91.1
5207,-12419.47,2562.6184,1.59,100.0,91.0
5208,-12404.73,5993.2736,1.64,99.4,91.1
5209,-12433.15,707.88,1.65,99.2,91.3
5210,-12272.38,3078.3273,1.61,100.0,91.3
5211,-12585.91,32273.0918,1.6,100.0,91.4
5212,-12296.8,93427.4512,1.69,100.0,91.4
5213,-12381.55,3423.7091,1.66,97.3,91.6
5214,-12602.33,10627.1362,1.69,100.0,91.0
5215,-12441.71,9425.4679,1.72,98.8,91.4
5216,-12083.18,9229.8634,1.73,100.0,91.8
5217,-11639.55,50888.6582,1.64,100.0,91.9
5218,-11546.76,42880.8662,1.67,100.0,91.9
5219,-11722.68,13371.7068,1.8,96.8,91.6
5220,-11684.0,29666.2871,1.63,100.0,91.6
5221,-11996.44,1956.7932,1.57,100.0,90.8
5222,-12291.69,5076.6031,1.61,100.0,90.9
5223,-12425.04,14929.2307,1.62,100.0,90.9
5224,-11601.17,9583.2393,1.66,100.0,91.1
5225,-12108.65,9544.6995,1.63,100.0,91.2
5226,-12102.07,1081.1467,1.59,100.0,91.0
5227,-12564.51,13467.8457,1.7,100.0,91.0
5228,-12369.05,6013.9332,1.68,99.2,91.1
5229,-12754.06,16824.7961,1.65,99.6,91.0
5230,-12212.83,1224.266,1.59,100.0,91.1
5231,-12602.77,52238.3965,1.6,100.0,91.1
5232,-12460.12,9045.9839,1.62,100.0,91.1
5233,-13380.74,96392.3496,1.71,99.0,91.2
5234,-11968.53,83491.9336,1.64,100.0,91.0
5235,-12341.6,2592.6603,1.56,100.0,91.0
5236,-12613.21,5020.4344,1.66,100.0,91.3
5237,-12440.74,1457.5246,1.67,100.0,91.3
5238,-12013.79,14770.0815,1.71,100.0,91.3
5239,-11663.81,27232.0156,1.58,100.0,91.3
5240,-12179.53,2916.1483,1.63,100.0,91.3
5241,-12059.79,4983.5599,1.65,100.0,91.3
5242,-11736.69,21190.5068,1.73,98.6,91.5
5243,-11478.2,16875.4055,1.63,100.0,91.4
5244,-12340.24,12654.3438,1.61,100.0,91.5
5245,-12307.21,13877.7603,1.6,99.5,91.4
5246,-12596.96,49718.6846,1.62,99.7,91.3
5247,-12568.75,36177.7295,1.63,100.0,91.3
5248,-12567.19,14799.3643,1.63,100.0,91.4
5249,-12604.33,4872.7549,1.61,100.0,91.4
5250,-12601.54,3368.3014,1.6,97.0,91.3
5251,-12661.09,3833.7805,1.62,100.0,91.2
5252,-12398.27,3964.7393,1.6,100.0,91.3
5253,-12329.94,13735.1555,1.65,100.0,91.2
5254,-12859.72,27231.2197,1.65,100.0,91.3
5255,-12513.74,2797.9631,1.63,100.0,90.8
5256,-12543.52,2387.1682,1.6,100.0,90.7
5257,-12289.77,5117.2,1.72,100.0,90.7
5258,-12468.72,3522.1259,1.66,98.0,90.1
5259,-13412.92,63890.9014,1.68,97.6,90.3
5260,-12436.9,1901.1605,1.61,100.0,90.4
5261,-12067.23,9646.8823,1.59,100.0,90.3
5262,-12629.59,5182.5739,1.65,100.0,90.3
5263,-12730.71,7076.0096,1.65,100.0,90.4
5264,-12248.86,4360.4316,1.64,99.7,90.7
5265,-12931.14,50104.999,1.62,100.0,90.7
5266,-12660.08,22724.7095,1.62,100.0,90.7
5267,-12080.76,13515.9778,1.62,100.0,90.7
5268,-11944.6,20939.4736,1.66,100.0,90.9
5269,-12975.91,40837.3115,1.67,100.0,90.9
5270,-11568.59,47449.4443,1.58,100.0,91.0
5271,-12931.09,60054.1816,1.66,100.0,90.9
5272,-12095.86,19092.7656,1.68,100.0,91.0
5273,-12226.36,23445.6006,1.73,95.4,91.3
5274,-12473.4,30207.6763,1.62,100.0,91.2
5275,-11988.02,36444.8994,1.6,100.0,91.4
5276,-12329.24,21633.7832,1.67,100.0,91.3
5277,-12416.44,24258.4419,1.69,99.9,91.2
5278,-13248.19,70486.8066,1.69,92.8,91.3
5279,-12307.18,4333.8044,1.52,59.0,91.6
5280,-12200.91,3326.6658,1.56,59.8,91.7
5281,-12997.99,46332.876,1.58,56.9,91.8
5282,-12886.97,13755.9543,1.63,54.1,91.8
5283,-12110.09,7449.2773,1.66,56.1,91.9
5284,-12861.28,18975.8276,1.59,56.5,91.8
5285,-12299.45,10329.7749,1.61,55.9,91.9
5286,-12482.63,3061.6993,1.59,56.2,91.9
5287,-12216.74,8110.5258,1.71,55.9,92.0
5288,-11790.91,28188.3745,1.63,57.6,92.0
5289,-12644.8,7752.3831,1.58,54.8,92.0
5290,-13273.31,76299.3105,1.58,55.1,92.0
5291,-12886.16,37242.4404,1.6,56.6,91.9
5292,-12494.05,4660.7988,1.55,54.5,92.0
5293,-12200.91,7710.2216,1.58,54.0,92.1
5294,-12349.84,2289.6075,1.57,54.3,92.1
5295,-11834.0,31138.4058,1.6,54.7,92.1
5296,-12254.0,2487.6522,1.65,56.4,92.2
5297,-12870.02,54897.2178,1.62,55.7,92.6
5298,-12774.72,19138.3398,1.76,55.6,92.7
5299,-11857.02,20041.4756,1.62,56.3,92.7
5300,-12355.38,1874.1388,1.65,84.3,92.8
5301,-13242.48,56992.6582,1.72,98.1,92.5
5302,-12234.75,2334.8369,1.65,99.9,92.2
5303,-12318.8,6321.9982,1.69,100.0,92.4
5304,-12870.02,28607.7207,1.64,100.0,92.4
5305,-12085.07,11279.187,1.66,100.0,92.3
5306,-12185.24,9671.6692,1.62,98.2,91.3
5307,-12133.36,8637.9615,1.68,100.0,91.3
5308,-13072.94,24870.2764,1.83,99.6,91.0
5309,-12122.28,9596.0208,1.66,99.9,90.7
5310,-11858.75,44208.5781,1.64,100.0,90.7
5311,-12137.85,7163.0529,1.66,99.2,90.0
5312,-13186.15,64175.8018,1.69,100.0,89.9
5313,-12318.51,9269.7744,1.68,100.0,89.8
5314,-12349.84,5976.7432,1.6,100.0,89.9
5315,-13054.29,54655.4404,1.66,100.0,89.7
5316,-12069.62,17083.6431,1.65,99.8,89.5
5317,-12469.54,4203.729,1.68,100.0,89.6
5318,-12397.22,4157.7057,1.68,100.0,89.5
5319,-12367.41,1071.5551,1.62,100.0,89.5
5320,-12380.4,3801.2341,1.69,99.9,89.4
5321,-13142.42,57914.0518,1.65,99.9,88.8
5322,-13152.95,48696.6143,1.65,100.0,88.9
5323,-12153.11,15762.5935,1.61,100.0,89.0
5324,-13038.37,28096.7568,1.65,100.0,89.0
5325,-12297.84,21543.0718,1.71,99.8,88.8
5326,-12642.87,663.3653,1.67,100.0,88.8
5327,-12414.53,6683.6079,1.63,100.0,88.5
5328,-12397.41,4364.9734,1.61,99.9,88.4
5329,-12338.39,2949.3375,1.64,100.0,88.2
5330,-13179.49,56374.8125,1.63,100.0,88.1
5331,-11794.36,29033.624,1.59,100.0,88.1
5332,-12121.41,6628.8175,1.6,100.0,88.1
5333,-12352.66,16905.0415,1.65,100.0,88.1
5334,-12403.44,7543.4131,1.68,99.7,87.0
5335,-12235.16,5011.0519,1.69,99.9,86.5
5336,-12689.42,19470.3711,1.62,100.0,86.3
5337,-12411.02,5340.4662,1.55,99.8,86.3
5338,-12756.44,38411.0898,1.65,99.9,85.8
5339,-12281.98,23981.8345,1.62,61.4,86.0
5340,-12431.57,3353.6062,1.63,54.6,86.0
5341,-12488.52,5229.1257,1.54,56.5,86.1
5342,-12290.37,1422.9988,1.54,53.9,86.1
5343,-12318.4,3678.1305,1.56,54.8,86.1
5344,-13108.34,50810.1475,1.7,54.2,86.1
5345,-12308.79,3684.7235,1.62,56.7,86.2
5346,-13143.63,61042.3252,1.62,55.2,86.1
5347,-12567.88,1993.3074,1.61,55.2,86.2
5348,-12438.66,6472.4839,1.58,53.6,86.1
5349,-12346.23,5359.6514,1.58,55.8,86.2
5350,-12846.85,21762.9717,1.5,55.2,86.1
5351,-12418.87,2741.984,1.53,55.2,86.2
5352,-12501.27,3468.6195,1.6,56.0,86.2
5353,-12291.0,3238.5228,1.63,55.1,86.3
5354,-12436.93,444.4636,1.53,55.5,86.4
5355,-12723.81,6668.5609,1.51,55.9,86.3
5356,-12417.62,1141.1545,1.56,54.5,86.3
5357,-12448.11,2042.3176,1.69,59.2,86.5
5358,-12785.82,11359.3989,1.67,55.7,86.6
5359,-12836.87,9106.8406,1.65,54.6,86.7
5360,-12363.03,2721.4056,1.52,54.0,86.7
5361,-12958.98,34532.7568,1.54,54.0,86.7
5362,-12155.01,10757.4414,1.62,55.3,86.7
5363,-13245.2,24397.8271,1.63,55.6,86.8
5364,-12326.81,1707.2707,1.61,54.6,86.8
5365,-12491.54,12271.2,1.55,57.0,86.9
5366,-12950.08,12507.0645,1.52,54.5,86.9
5367,-12336.55,789.0428,1.52,55.2,86.9
5368,-12258.05,15011.6448,1.61,54.6,87.1
5369,-12172.77,1614.5901,1.64,54.8,87.0
5370,-12384.07,2965.5851,1.63,56.6,87.0
5371,-12687.9,7390.2975,1.53,55.0,87.1
5372,-12892.93,6323.736,1.54,54.7,87.1
5373,-12670.28,6847.8761,1.66,80.1,87.2
5374,-12533.51,13133.9858,1.7,100.0,87.3
5375,-12477.31,12964.3472,1.63,100.0,87.6
5376,-12487.1,7756.7222,1.6,99.9,87.3
5377,-12573.35,4318.9081,1.64,99.0,87.3
5378,-12145.66,8847.4498,1.56,58.7,87.2
5379,-12534.16,3326.6464,1.56,56.1,87.4
5380,-12990.7,21856.3672,1.53,54.9,87.4
5381,-13104.73,17804.321,1.58,56.4,87.5
5382,-12307.02,5463.7629,1.6,56.1,87.4
5383,-12559.24,5701.6755,1.58,55.5,87.3
5384,-12555.2,14494.3416,1.47,55.8,87.3
5385,-12599.01,7933.1549,1.46,56.3,87.5
5386,-13217.99,19093.8442,1.62,56.4,87.6
5387,-12378.3,12712.625,1.72,57.1,87.7
5388,-12333.49,6276.6025,1.65,54.7,87.8
5389,-12500.28,7022.3984,1.48,54.6,87.7
5390,-13243.89,23547.9858,1.59,54.4,87.8
5391,-12922.09,5018.1368,1.6,55.3,87.9
5392,-12012.8,30760.9321,1.5,55.3,87.8
5393,-12361.08,9933.5288,1.56,53.6,87.9
5394,-12395.43,1377.1382,1.6,89.2,88.0
5395,-12374.17,1513.3379,1.6,100.0,88.1
5396,-12435.93,6608.5802,1.64,99.4,87.8
5397,-12271.15,4639.7617,1.59,99.9,87.8
5398,-12284.15,3342.5866,1.61,100.0,87.8
5399,-11750.07,9664.0071,1.59,100.0,87.8
5400,-11540.57,31734.3994,1.63,100.0,87.8
5401,-11802.61,5370.0217,1.66,99.7,87.4
5402,-12382.25,20711.0947,1.59,100.0,87.4
5403,-12459.05,38620.1602,1.57,100.0,87.2
5404,-13001.49,50053.1035,1.65,99.0,87.4
5405,-12253.74,20782.2275,1.62,57.6,87.4
5406,-11737.84,10840.1863,1.68,53.5,87.1
5407,-12320.64,1217.6978,1.58,54.9,87.1
5408,-12526.03,38560.0088,1.52,54.2,87.2
5409,-12744.86,13666.4924,1.55,67.4,86.8
5410,-12646.27,14125.7568,1.74,100.0,86.8
5411,-12902.42,17266.9946,1.78,97.5,86.4
5412,-12932.88,13635.1147,1.76,99.7,85.1
5413,-12499.67,24775.8823,1.67,100.0,85.1
5414,-12278.3,17604.8792,1.61,100.0,85.2
5415,-13047.73,9892.9939,1.65,100.0,85.4
5416,-11510.3,97691.3262,1.71,100.0,85.4
5417,-12062.15,75057.0566,1.61,100.0,85.4
5418,-11911.09,54569.5879,1.6,100.0,85.5
5419,-12835.92,4140.2283,1.61,100.0,85.6
5420,-12592.81,32020.3745,1.65,100.0,85.7
5421,-12323.35,27291.8936,1.58,100.0,85.4
5422,-11428.26,66487.251,1.62,100.0,85.2
5423,-12281.27,2660.859,1.63,100.0,85.3
5424,-12240.29,13041.8635,1.62,100.0,85.4
5425,-11757.02,20865.4067,1.66,100.0,85.2
5426,-11720.96,17556.0813,1.61,100.0,85.4
5427,-11859.79,42168.75,1.64,100.0,85.4
5428,-12150.22,11868.5815,1.64,98.5,85.2
5429,-11722.82,15465.5122,1.61,98.9,85.3
5430,-12400.91,13359.2791,1.58,100.0,85.3
5431,-11779.58,23757.0503,1.62,100.0,85.4
5432,-11554.05,39373.8613,1.63,100.0,85.5
5433,-12350.07,10846.1917,1.68,98.8,85.1
5434,-12217.7,13017.4729,1.59,100.0,85.2
5435,-12394.37,15908.9263,1.59,100.0,85.6
5436,-11669.84,27428.1011,1.6,100.0,85.7
5437,-12417.24,17213.2422,1.67,100.0,85.8
5438,-12451.66,12061.0498,1.73,99.0,85.2
5439,-12355.6,2295.4464,1.65,100.0,85.3
5440,-12268.8,12626.5352,1.56,100.0,85.3
5441,-12481.62,39562.7842,1.62,100.0,85.4
5442,-12504.87,3478.9565,1.71,100.0,85.3
5443,-12301.74,1037.9256,1.73,99.1,84.9
5444,-11512.08,122470.3496,1.61,99.9,84.9
5445,-11946.29,13476.6882,1.58,100.0,84.8
5446,-12090.78,2235.9471,1.61,99.4,84.9
5447,-12394.86,6228.3669,1.68,100.0,84.9
5448,-11691.91,14037.7881,1.73,100.0,84.8
5449,-11598.58,23371.4946,1.57,100.0,84.8
5450,-12421.95,27647.1333,1.6,100.0,84.9
5451,-11565.6,2496.7736,1.73,100.0,84.9
5452,-11803.47,11623.688,1.73,99.9,84.8
5453,-12023.13,41167.9385,1.65,100.0,84.9
5454,-11716.58,1600.4821,1.6,100.0,84.9
5455,-12132.49,8508.0531,1.62,99.8,84.9
5456,-12463.76,40809.5967,1.63,99.7,84.7
5457,-11390.58,14306.9753,1.68,100.0,84.8
5458,-11698.47,3780.2022,1.59,100.0,84.9
5459,-11464.61,16881.2073,1.61,100.0,84.8
5460,-12494.79,36469.7178,1.66,98.0,84.5
5461,-11309.07,11119.4487,1.58,100.0,84.5
5462,-11516.08,10784.9048,1.6,100.0,84.5
5463,-11245.63,22204.9009,1.56,100.0,84.5
5464,-11271.88,15665.2478,1.64,100.0,84.6
5465,-11617.12,9834.8235,1.66,99.8,84.4
5466,-11551.89,12375.8755,1.67,100.0,84.5
5467,-12228.72,38639.2158,1.59,100.0,84.6
5468,-11707.03,3211.1396,1.68,100.0,84.5
5469,-11743.07,4748.3537,1.7,90.2,84.3
5470,-11270.45,19099.8188,1.63,100.0,84.3
5471,-11176.52,25698.7354,1.57,100.0,84.4
5472,-11122.38,23020.9155,1.59,100.0,84.5
5473,-12273.95,46957.7461,1.65,100.0,84.5
5474,-11541.75,3918.7931,1.68,100.0,84.4
5475,-11669.01,6729.5459,1.59,100.0,84.5
5476,-11423.76,10377.9551,1.53,100.0,84.4
5477,-12455.28,64311.3613,1.59,100.0,84.5
5478,-11663.94,4156.09,1.7,100.0,84.7
5479,-11799.92,1154.455,1.71,100.0,84.5
5480,-12013.07,40204.4199,1.67,100.0,84.7
5481,-11111.54,32037.5088,1.6,100.0,84.3
5482,-11300.6,17353.571,1.56,99.5,83.1
5483,-11834.23,4075.8042,1.58,100.0,83.1
5484,-11803.12,4479.4753,1.57,100.0,82.5
5485,-11692.97,1999.386,1.58,99.6,82.6
5486,-11607.66,2931.1766,1.56,100.0,82.6
5487,-11340.65,13571.6924,1.58,100.0,82.7
5488,-11667.44,1412.561,1.62,100.0,82.7
5489,-11815.47,5988.7639,1.56,100.0,82.8
5490,-11649.06,1576.2479,1.57,100.0,82.8
5491,-11764.16,35552.4961,1.6,99.9,82.8
5492,-11846.62,3982.6295,1.63,100.0,82.8
5493,-11515.75,14935.9729,1.62,100.0,82.8
5494,-12257.39,35260.0996,1.58,100.0,82.8
5495,-11567.14,4160.2213,1.71,98.6,82.7
5496,-11636.91,18628.5688,1.65,93.6,82.4
5497,-11943.58,5501.7095,1.63,100.0,82.3
5498,-12283.44,38188.1201,1.61,100.0,82.3
5499,-12266.18,23586.3984,1.76,100.0,82.8
5500,-11939.19,41820.6562,1.68,96.0,82.4
5501,-11592.46,11288.175,1.64,99.6,82.2
5502,-11719.31,11141.2246,1.57,100.0,81.9
5503,-11760.95,4706.6876,1.63,100.0,81.9
5504,-11675.6,3489.3407,1.61,100.0,81.9
5505,-12171.91,10260.2407,1.63,100.0,81.9
5506,-11595.19,14834.7615,1.59,100.0,81.9
5507,-12486.31,43942.4072,1.63,100.0,81.6
5508,-12673.97,60909.9551,1.63,98.7,81.5
5509,-11690.36,5573.2335,1.64,100.0,81.5
5510,-12549.16,35250.7881,1.73,100.0,81.6
5511,-11444.03,16810.8545,1.61,100.0,81.6
5512,-11734.78,12706.394,1.67,100.0,81.5
5513,-11908.05,21632.6558,1.66,90.9,81.5
5514,-11781.64,3270.5324,1.61,100.0,81.3
5515,-11831.51,1739.9047,1.59,100.0,81.4
5516,-11746.44,2961.0669,1.63,100.0,81.4
5517,-12189.78,17355.3623,1.64,100.0,81.5
5518,-11864.82,1359.4674,1.75,98.3,81.0
5519,-11228.23,25249.9458,1.57,100.0,80.9
5520,-11837.5,1469.545,1.54,100.0,80.9
5521,-12075.46,43913.2236,1.61,100.0,81.0
5522,-12144.18,45594.5654,1.62,100.0,81.0
5523,-12174.57,17343.7922,1.65,99.8,80.9
5524,-12184.93,8381.6804,1.58,100.0,81.1
5525,-11828.31,9772.9648,1.58,100.0,81.0
5526,-11834.23,15543.8203,1.66,100.0,81.0
5527,-12082.1,3127.731,1.75,98.7,80.8
5528,-12613.13,39728.4424,1.7,100.0,80.9
5529,-11717.94,8353.6088,1.57,100.0,79.9
5530,-11373.27,26025.1196,1.61,98.9,79.9
5531,-11877.63,9010.136,1.57,100.0,79.9
5532,-12148.41,4891.7739,1.61,100.0,79.8
5533,-11738.73,4222.2989,1.56,100.0,80.0
5534,-12420.94,35641.6279,1.61,100.0,79.8
5535,-11898.85,3336.0198,1.64,99.3,79.8
5536,-11763.54,5157.1714,1.59,100.0,80.0
5537,-11871.91,5184.75,1.57,100.0,80.0
5538,-12456.18,38218.5342,1.62,99.6,80.0
5539,-11798.83,1896.757,1.64,100.0,79.9
5540,-11698.3,3158.072,1.67,100.0,80.0
5541,-12299.52,19245.1641,1.65,100.0,80.0
5542,-12614.44,54452.9404,1.57,100.0,80.0
5543,-11537.52,8330.6263,1.65,99.7,80.2
5544,-11637.49,8149.8706,1.69,100.0,80.2
5545,-11814.76,2122.3357,1.64,100.0,80.1
5546,-12020.74,2555.8643,1.58,100.0,80.2
5547,-11706.6,1048.4464,1.63,100.0,80.3
5548,-12130.75,8432.7314,1.66,94.9,79.0
5549,-11572.42,2572.2958,1.59,100.0,79.1
5550,-11728.15,3254.118,1.59,100.0,79.1
5551,-11504.9,194023.4258,1.65,100.0,79.0
5552,-11861.11,5633.6567,1.65,98.9,78.9
5553,-11655.94,2846.5989,1.62,98.6,78.8
5554,-11582.29,1395.7084,1.57,100.0,78.8
5555,-12138.71,41463.4766,1.58,100.0,78.9
5556,-11832.87,1379.8296,1.61,99.8,78.8
5557,-12601.55,53057.5977,1.66,100.0,78.9
5558,-12347.17,36414.9717,1.65,100.0,78.9
5559,-12552.55,6673.1383,1.57,100.0,78.9
5560,-12037.84,26152.4058,1.61,99.8,79.0
5561,-12654.77,30297.9888,1.67,100.0,78.9
5562,-11741.39,26569.6211,1.7,100.0,78.8
5563,-12181.73,7766.6805,1.61,99.9,78.9
5564,-11710.22,24219.9849,1.65,100.0,78.8
5565,-11184.86,37415.1377,1.61,92.5,78.7
5566,-11846.36,5728.2289,1.6,100.0,78.6
5567,-11744.62,8164.6316,1.62,100.0,78.7
5568,-12235.34,10491.2766,1.6,100.0,78.7
5569,-11613.65,17282.5723,1.63,100.0,78.8
5570,-12126.73,9807.1821,1.63,99.2,78.8
5571,-12308.08,28452.5288,1.58,100.0,78.8
5572,-11744.09,1850.4088,1.53,100.0,78.7
5573,-12001.67,2716.0757,1.62,100.0,78.8
5574,-12342.19,14618.9429,1.71,100.0,78.9
5575,-12588.19,31010.3916,1.67,100.0,78.9
5576,-11918.85,36888.0273,1.59,100.0,78.9
5577,-11840.13,6776.6704,1.62,100.0,78.9
5578,-12511.95,47916.084,1.7,100.0,78.9
5579,-11771.13,25574.7417,1.72,95.4,78.5
5580,-11669.64,26076.9375,1.64,100.0,78.5
5581,-11262.59,41688.834,1.57,100.0,78.5
5582,-11327.72,37224.2627,1.63,100.0,78.7
5583,-11547.64,18471.0256,1.64,100.0,78.7
5584,-11612.55,11902.1331,1.67,100.0,78.7
5585,-11658.79,6366.4332,1.59,100.0,78.8
5586,-11620.86,3898.3223,1.56,100.0,78.8
5587,-11531.05,4483.8922,1.6,100.0,78.9
5588,-12596.22,52790.0703,1.67,100.0,79.0
5589,-11975.52,54265.124,1.7,100.0,78.9
5590,-12463.76,71798.1387,1.61,100.0,79.0
5591,-11595.09,17509.3496,1.58,100.0,78.9
5592,-11767.38,27872.9619,1.63,98.1,78.8
5593,-12611.8,68238.9023,1.66,100.0,78.7
5594,-11184.06,63459.7158,1.62,100.0,78.8
5595,-12109.98,18733.3584,1.6,100.0,78.8
5596,-11725.57,7564.087,1.67,99.2,78.6
5597,-11680.57,5244.8174,1.59,98.0,78.6
5598,-11720.6,3044.62,1.58,100.0,78.7
5599,-11296.22,15867.0989,1.55,100.0,78.6
5600,-11504.39,4643.7325,1.63,100.0,78.7
5601,-11123.15,19380.8154,1.64,99.5,78.6
5602,-11691.46,3597.2045,1.66,100.0,78.7
5603,-11914.28,42121.4072,1.57,100.0,78.7
5604,-11572.26,2654.8352,1.68,100.0,77.8
5605,-11734.72,2870.6285,1.67,99.1,77.8
5606,-11846.88,1920.8904,1.72,99.8,77.9
5607,-11686.69,922.6772,1.7,100.0,78.0
5608,-11671.41,3235.6099,1.58,100.0,77.9
5609,-12599.99,58199.0938,1.65,97.5,77.6
5610,-11526.61,10066.0264,1.6,97.8,77.1
5611,-12124.08,12605.948,1.65,100.0,77.1
5612,-11844.39,3508.4847,1.56,100.0,77.1
5613,-11656.53,2406.8283,1.67,100.0,77.2
5614,-12217.6,11695.468,1.64,94.6,76.4
5615,-11746.14,35112.3105,1.6,99.9,76.5
5616,-11642.63,2525.3387,1.56,100.0,76.4
5617,-12579.2,27838.9517,1.61,100.0,75.9
5618,-11817.37,1509.1518,1.74,100.0,75.9
5619,-11704.51,4603.1259,1.66,96.5,75.8
5620,-11773.6,4439.6364,1.61,100.0,75.9
5621,-12440.15,33567.4751,1.56,100.0,75.9
5622,-11855.63,1947.5032,1.62,100.0,75.9
5623,-11732.25,5753.6636,1.66,100.0,75.9
5624,-12644.49,66944.5566,1.6,100.0,75.8
5625,-12628.76,62597.3271,1.56,100.0,76.0
5626,-11694.96,5090.7111,1.59,100.0,75.8
5627,-11573.77,10282.1841,1.59,100.0,75.9
5628,-11771.13,37725.5781,1.61,100.0,76.0
5629,-12117.92,9576.9473,1.64,100.0,76.0
5630,-11487.45,10172.8987,1.6,100.0,76.1
5631,-11684.61,2838.2193,1.64,99.5,76.1
5632,-12512.2,53622.7598,1.64,100.0,76.2
5633,-12291.28,41547.2734,1.67,100.0,76.3
5634,-12597.21,55514.5674,1.62,100.0,76.3
5635,-11645.53,3584.5212,1.64,100.0,76.4
5636,-11817.96,5949.7476,1.61,91.0,76.6
5637,-11645.53,2585.8169,1.58,100.0,76.5
5638,-12508.27,45943.1895,1.56,100.0,76.6
5639,-11863.44,2402.2231,1.65,100.0,76.6
5640,-11629.81,3703.3822,1.66,100.0,76.6
5641,-12310.58,31173.9697,1.67,99.3,76.7
5642,-11708.24,2591.7275,1.63,100.0,76.6
5643,-12553.24,55997.8457,1.61,100.0,76.6
5644,-12316.97,35223.8174,1.73,100.0,76.7
5645,-13089.75,71560.1738,1.76,85.8,76.8
5646,-12576.08,29447.2954,1.67,99.1,76.9
5647,-13136.79,53013.0752,1.62,100.0,77.0
5648,-12181.72,13757.8137,1.63,100.0,76.9
5649,-12310.58,11464.8726,1.72,100.0,76.9
5650,-12838.73,16903.6538,1.66,96.4,76.9
5651,-13158.5,47227.9102,1.64,100.0,77.0
5652,-12268.27,14204.2046,1.59,100.0,77.0
5653,-12424.58,7403.1594,1.63,100.0,77.0
5654,-12152.99,11679.9502,1.69,100.0,77.1
5655,-12302.09,16268.6069,1.69,98.8,77.2
5656,-12534.62,8081.7457,1.66,100.0,77.1
5657,-12889.02,22672.04,1.62,100.0,77.1
5658,-13051.6,51226.9668,1.65,100.0,77.1
5659,-12185.73,10177.6152,1.67,98.8,77.0
5660,-13104.65,43533.8965,1.67,99.2,77.0
5661,-13056.79,22852.897,1.61,100.0,77.0
5662,-12464.66,19554.0918,1.62,100.0,77.0
5663,-12396.86,5910.0908,1.67,100.0,76.9
5664,-13164.55,28044.3042,1.72,100.0,76.9
5665,-13134.63,25159.8301,1.67,100.0,77.0
5666,-12532.33,8990.8206,1.61,100.0,77.1
5667,-12588.02,10568.3657,1.61,100.0,77.0
5668,-13117.12,32823.666,1.7,100.0,77.2
5669,-13173.87,15929.3599,1.77,97.6,76.7
5670,-13344.98,19458.833,1.65,100.0,76.7
5671,-12557.2,13229.3442,1.57,99.8,76.7
5672,-12553.7,14100.9543,1.65,99.8,76.8
5673,-12588.02,10963.4915,1.66,99.0,77.0
5674,-13224.14,13455.7146,1.66,100.0,77.1
5675,-13164.55,21011.9478,1.66,100.0,77.2
5676,-12588.02,8622.1338,1.6,100.0,77.0
5677,-12490.19,10219.0776,1.63,100.0,77.0
5678,-12106.79,17714.0767,1.68,100.0,77.1
5679,-13206.03,29232.917,1.7,100.0,77.0
5680,-12311.29,10912.4026,1.66,100.0,77.0
5681,-13161.6,21412.8887,1.64,100.0,77.0
5682,-12525.49,4013.0728,1.71,88.8,77.1
5683,-12985.15,16411.4797,1.63,99.8,77.1
5684,-12581.82,4256.1309,1.63,100.0,77.4
5685,-13058.36,13077.6489,1.59,100.0,77.2
5686,-12553.7,4645.0731,1.72,100.0,77.3
5687,-13164.55,26493.7188,1.71,98.7,77.3
5688,-12357.74,12043.2637,1.63,100.0,77.4
5689,-13309.57,23199.668,1.67,100.0,77.4
5690,-12479.89,9423.7036,1.62,100.0,77.4
5691,-13067.03,23465.2109,1.65,100.0,77.4
5692,-12142.19,17660.8335,1.65,91.8,77.5
5693,-13149.15,14547.8027,1.61,100.0,77.6
5694,-12208.77,13501.2112,1.58,100.0,77.6
5695,-12490.19,7052.2428,1.65,100.0,77.6
5696,-12154.92,10262.0107,1.69,100.0,77.6
5697,-12491.97,4597.3191,1.65,100.0,77.6
5698,-13104.65,38635.1455,1.64,100.0,77.8
5699,-13104.65,37540.9688,1.6,100.0,77.7
5700,-12854.19,17440.3176,1.67,100.0,77.8
5701,-13206.03,29243.0864,1.72,94.8,77.8
5702,-12767.38,5726.2692,1.66,99.8,77.8
5703,-12854.19,8933.6147,1.6,100.0,77.8
5704,-12789.59,4095.7944,1.63,100.0,77.9
5705,-12405.88,18186.2192,1.65,100.0,78.0
5706,-13017.52,4757.1963,1.66,100.0,78.1
5707,-13107.35,13385.0984,1.62,100.0,78.2
5708,-12412.92,19421.0015,1.61,99.8,78.1
5709,-12137.83,28658.5391,1.64,100.0,77.8
5710,-11832.83,45291.7637,1.73,100.0,77.9
5711,-12574.58,12588.6311,1.67,100.0,78.0
5712,-12215.02,11588.2302,1.67,100.0,78.0
5713,-13239.75,33651.3262,1.61,100.0,78.0
5714,-13149.15,25932.6099,1.65,100.0,78.1
5715,-12520.16,7156.2257,1.63,97.6,78.2
5716,-13279.87,26950.4688,1.62,100.0,78.1
5717,-13164.55,20636.8232,1.61,100.0,78.3
5718,-12234.19,16443.3347,1.64,100.0,78.2
5719,-12537.6,10193.3882,1.64,98.2,78.3
5720,-12928.72,1602.4423,1.61,100.0,78.5
5721,-12490.81,9042.4436,1.65,100.0,78.4
5722,-13149.15,11774.686,1.61,100.0,78.4
5723,-12520.16,8093.379,1.7,100.0,78.5
5724,-12588.02,7971.1732,1.71,93.3,78.5
5725,-12490.19,6076.6492,1.63,100.0,78.6
5726,-13149.15,20921.3164,1.58,100.0,78.6
5727,-13017.52,12227.8867,1.6,100.0,78.5
5728,-12124.87,16089.2805,1.65,100.0,78.7
5729,-12490.81,4421.6804,1.66,100.0,78.7
5730,-12936.88,15348.4128,1.62,100.0,78.8
5731,-12317.11,17388.009,1.58,100.0,78.8
5732,-12536.8,3553.2922,1.67,100.0,78.8
5733,-12328.34,7029.0785,1.69,100.0,78.9
5734,-12553.7,3295.2959,1.67,99.8,78.9
5735,-12491.97,1940.3074,1.63,100.0,78.9
5736,-13080.93,24058.2896,1.6,100.0,78.9
5737,-12985.15,21311.7046,1.68,100.0,79.1
5738,-13285.24,39152.9834,1.66,100.0,79.1
5739,-12204.07,11503.9673,1.62,100.0,79.0
5740,-13225.83,27249.5977,1.53,97.7,79.1
5741,-12553.7,4088.1571,1.65,99.8,79.1
5742,-12505.32,4411.4518,1.64,100.0,79.1
5743,-13149.15,22488.4961,1.73,100.0,79.2
5744,-12105.93,12544.8323,1.63,100.0,79.3
5745,-12334.9,5676.9307,1.62,100.0,79.2
5746,-12521.14,1813.5145,1.66,100.0,79.3
5747,-12532.33,1306.3918,1.71,100.0,78.8
5748,-12654.47,6952.392,1.61,100.0,78.8
5749,-12044.61,14284.1033,1.62,100.0,78.7
5750,-12103.0,10652.2791,1.61,100.0,78.9
5751,-12492.2,2816.4517,1.63,100.0,78.8
5752,-11920.77,15599.7837,1.64,100.0,78.8
5753,-12032.05,5322.1277,1.63,100.0,78.9
5754,-13014.26,34994.8164,1.6,100.0,79.0
5755,-12066.49,21475.4824,1.64,100.0,79.1
5756,-12134.28,4346.1503,1.69,100.0,79.2
5757,-12446.27,7621.5908,1.7,100.0,78.3
5758,-12448.92,6932.9535,1.65,100.0,78.3
5759,-12997.88,16414.4377,1.64,100.0,78.4
5760,-13115.01,37903.6465,1.67,99.9,78.5
5761,-13218.8,30414.4375,1.69,100.0,78.6
5762,-12338.97,4948.6604,1.7,100.0,78.5
5763,-12494.53,16766.6365,1.58,100.0,78.5
5764,-12410.72,5727.0004,1.61,100.0,78.6
5765,-12286.88,15496.3801,1.63,100.0,78.7
5766,-12436.82,3738.6058,1.73,100.0,78.7
5767,-12383.66,1938.4883,1.7,100.0,78.7
5768,-12044.07,6008.0684,1.6,100.0,78.7
5769,-12757.12,17632.0654,1.62,100.0,78.7
5770,-11980.69,39472.5957,1.63,100.0,78.8
5771,-11713.51,33550.5205,1.62,100.0,78.8
5772,-11802.76,26309.5566,1.64,100.0,78.8
5773,-11621.61,18452.1375,1.54,100.0,78.8
5774,-12456.1,12371.1008,1.62,96.3,78.7
5775,-12234.66,32184.9712,1.59,100.0,78.6
5776,-12021.04,24922.9365,1.55,100.0,78.7
5777,-11637.11,16519.2712,1.58,100.0,78.6
5778,-12343.12,25639.917,1.65,100.0,78.6
5779,-11363.78,19921.9272,1.6,100.0,78.7
5780,-12146.26,8400.1395,1.56,100.0,78.7
5781,-12175.99,2921.7509,1.59,100.0,78.7
5782,-12483.57,40439.916,1.66,100.0,78.7
5783,-11648.69,9181.886,1.72,97.8,78.8
5784,-12106.54,1390.8044,1.64,99.9,78.8
5785,-13362.72,105851.1035,1.62,100.0,78.8
5786,-12475.67,10754.5986,1.61,100.0,78.9
5787,-12564.49,22464.1963,1.6,99.6,78.9
5788,-12572.07,36488.7793,1.66,100.0,78.9
5789,-12427.4,35989.7744,1.68,100.0,78.9
5790,-11805.93,8905.0515,1.55,100.0,79.0
5791,-11619.83,24734.2173,1.58,100.0,79.1
5792,-12459.88,3944.3236,1.59,100.0,79.1
5793,-12636.73,36753.9209,1.65,100.0,79.1
5794,-12359.51,31840.1104,1.67,100.0,79.0
5795,-11885.58,10249.5066,1.59,100.0,79.0
5796,-11781.78,37214.6709,1.61,97.7,79.1
5797,-12419.86,13285.5266,1.65,100.0,79.1
5798,-11740.42,15600.3494,1.59,100.0,79.1
5799,-12218.27,37566.8662,1.59,100.0,78.4
5800,-12108.58,37772.5566,1.61,97.1,77.3
5801,-12904.33,32220.936,1.71,100.0,77.3
5802,-11765.5,12820.6487,1.65,99.2,77.5
5803,-12604.77,20702.9072,1.71,100.0,77.5
5804,-11980.47,21383.3535,1.73,100.0,77.5
5805,-12128.85,12743.4155,1.63,100.0,77.6
5806,-12599.41,18075.9985,1.61,100.0,77.6
5807,-12592.26,8615.0148,1.63,100.0,77.6
5808,-12764.1,8303.0204,1.72,100.0,77.6
5809,-11741.02,37435.7256,1.66,100.0,77.7
5810,-12399.88,22479.0142,1.63,100.0,77.7
5811,-11666.09,55158.6406,1.6,100.0,77.7
5812,-11646.0,52435.0527,1.65,100.0,77.7
5813,-12274.45,3631.7943,1.74,100.0,77.8
5814,-11781.08,25736.6025,1.63,100.0,77.8
5815,-11632.78,21838.0806,1.61,100.0,77.9
5816,-12167.17,20944.1807,1.63,91.3,77.9
5817,-11406.45,18123.0513,1.61,100.0,78.0
5818,-11675.1,6517.1318,1.61,100.0,78.0
5819,-12178.89,9716.6016,1.59,100.0,78.0
5820,-11728.83,6131.7511,1.65,100.0,77.9
5821,-12074.35,10956.6116,1.64,97.1,78.1
5822,-12146.4,10036.928,1.6,100.0,77.9
5823,-11457.01,12731.5681,1.57,100.0,77.6
5824,-11731.71,3855.7401,1.64,100.0,77.7
5825,-11372.17,11195.8025,1.69,97.1,77.7
5826,-11812.97,2049.336,1.63,99.9,77.7
5827,-11720.07,4764.2726,1.55,100.0,77.7
5828,-12410.5,39028.5186,1.59,100.0,77.8
5829,-11559.86,1429.1031,1.62,100.0,77.9
5830,-12116.73,13892.4504,1.76,99.3,78.6
5831,-11450.78,11177.8918,1.63,100.0,78.5
5832,-12676.04,60649.9746,1.58,100.0,78.5
5833,-12588.17,28517.6665,1.66,100.0,78.6
5834,-12548.98,24138.3589,1.71,100.0,78.6
5835,-12676.03,39704.8799,1.72,98.8,78.2
5836,-12301.44,6735.626,1.59,100.0,78.0
5837,-11782.35,21961.7383,1.58,100.0,78.0
5838,-11661.63,29786.3252,1.63,100.0,78.1
5839,-12153.52,4704.2592,1.65,100.0,78.0
5840,-11810.49,22210.1187,1.65,100.0,78.2
5841,-12409.23,2897.6946,1.6,100.0,78.1
5842,-11878.0,6999.7645,1.63,99.3,78.0
5843,-11910.83,7753.0809,1.62,100.0,78.0
5844,-11621.46,27952.498,1.67,100.0,78.2
5845,-12395.93,42218.3018,1.65,100.0,78.1
5846,-11575.56,15865.9556,1.6,100.0,78.1
5847,-11627.82,4583.816,1.63,98.3,77.9
5848,-12303.8,4406.2053,1.74,100.0,77.9
5849,-11807.47,3067.053,1.68,100.0,78.0
5850,-11649.22,7928.5558,1.6,100.0,78.0
5851,-11855.64,3681.8729,1.64,99.3,77.8
5852,-12458.25,36262.8691,1.65,97.5,77.8
5853,-12372.01,3701.7626,1.7,100.0,77.8
5854,-11710.81,2679.9112,1.6,100.0,77.7
5855,-11760.15,1436.9291,1.58,100.0,77.8
5856,-11539.77,6961.6639,1.61,98.6,77.8
5857,-11736.81,2730.8154,1.64,99.5,77.8
5858,-11786.67,1648.125,1.58,100.0,77.8
5859,-12304.95,55290.4033,1.56,100.0,77.9
5860,-12357.62,7352.2966,1.64,100.0,77.8
5861,-11645.66,2569.9705,1.75,99.5,77.7
5862,-12288.76,47179.1006,1.65,100.0,77.8
5863,-12220.8,30117.6118,1.57,100.0,77.8
5864,-11823.44,1437.4954,1.61,100.0,77.8
5865,-11357.54,15423.4033,1.69,100.0,78.0
5866,-11820.38,1910.2779,1.67,95.9,78.0
5867,-12084.49,14360.5559,1.58,100.0,77.9
5868,-11835.7,672.7523,1.55,100.0,77.8
5869,-11754.28,2203.4493,1.66,99.3,77.9
5870,-11494.19,6554.2966,1.59,100.0,77.8
5871,-12369.91,21593.7529,1.62,100.0,77.9
5872,-12552.26,42950.3047,1.57,100.0,77.9
5873,-12232.01,11564.1758,1.62,100.0,77.9
5874,-12512.81,23617.8003,1.6,99.8,78.0
5875,-11665.11,39494.5898,1.69,100.0,78.0
5876,-11657.87,22084.5229,1.66,100.0,78.1
5877,-11784.68,24919.0435,1.64,100.0,78.1
5878,-11651.75,12449.2268,1.63,98.6,78.1
5879,-11469.48,22693.6333,1.62,96.6,78.2
5880,-11805.59,6994.3354,1.59,100.0,78.1
5881,-11664.91,8014.9318,1.56,100.0,78.2
5882,-12117.61,14738.3027,1.63,100.0,78.2
5883,-12218.96,24654.3193,1.7,93.0,78.3
5884,-12420.52,28361.8799,1.63,99.7,78.3
5885,-11999.24,1141.9473,1.56,100.0,78.3
5886,-11776.16,6543.3207,1.61,100.0,78.3
5887,-12074.76,22305.063,1.6,100.0,78.4
5888,-11819.44,27509.6357,1.65,99.8,78.5
5889,-11535.62,13877.9851,1.7,100.0,78.4
5890,-12479.7,44151.001,1.58,100.0,78.4
5891,-12597.14,24512.8218,1.62,100.0,78.5
5892,-12389.1,4780.7792,1.64,100.0,78.6
5893,-12420.04,4383.3591,1.76,100.0,78.7
5894,-12532.39,22346.6816,1.67,100.0,78.7
5895,-11562.88,25462.3584,1.58,100.0,78.7
5896,-11729.97,35364.2969,1.6,94.7,78.7
5897,-11543.0,30738.7734,1.61,100.0,78.7
5898,-12512.15,19355.6064,1.69,100.0,78.7
5899,-11733.46,8740.0063,1.59,100.0,78.6
5900,-12137.63,2800.2375,1.62,100.0,78.7
5901,-12431.34,22991.5322,1.59,95.0,78.8
5902,-12514.79,25041.7627,1.59,100.0,78.8
5903,-12460.19,22660.9961,1.59,100.0,78.8
5904,-12614.13,26035.502,1.6,100.0,78.8
5905,-11543.06,17811.729,1.67,99.9,78.9
5906,-12303.77,3086.076,1.65,98.0,79.0
5907,-11790.37,17341.9424,1.62,100.0,79.0
5908,-11421.13,18877.9448,1.63,100.0,78.9
5909,-11806.88,9945.0493,1.64,100.0,79.0
5910,-11521.17,5565.6097,1.7,90.8,79.2
5911,-11922.28,6199.5477,1.59,98.9,79.3
5912,-11771.6,14421.8123,1.56,100.0,79.2
5913,-11790.8,13459.4163,1.59,100.0,79.2
5914,-11587.24,2465.0053,1.61,100.0,79.1
5915,-11562.88,10608.5391,1.64,100.0,79.2
5916,-12294.46,29887.3931,1.68,100.0,79.3
5917,-12554.53,38863.4443,1.58,100.0,79.4
5918,-12575.91,32394.8799,1.65,100.0,79.4
5919,-11578.35,8741.5483,1.77,100.0,79.4
5920,-11751.99,4692.6178,1.73,94.8,79.6
5921,-11578.5,2647.6544,1.62,100.0,79.5
5922,-11744.7,1760.3107,1.56,100.0,79.6
5923,-12354.53,11561.6768,1.64,100.0,79.8
5924,-12114.34,4729.4496,1.65,100.0,79.8
5925,-11449.18,9675.2336,1.67,100.0,80.0
5926,-11816.58,1539.4518,1.56,100.0,80.0
5927,-11734.17,1166.069,1.58,100.0,80.1
5928,-11734.55,714.6009,1.65,100.0,80.3
5929,-11454.06,8789.3047,1.64,100.0,80.3
5930,-11480.31,3922.1422,1.62,100.0,80.4
5931,-11665.5,578.8671,1.63,100.0,80.3
5932,-11768.51,3661.5245,1.63,99.9,80.5
5933,-12627.2,75559.1963,1.64,100.0,80.6
5934,-11580.45,2916.8712,1.64,100.0,80.5
5935,-11463.84,4253.6895,1.58,100.0,80.6
5936,-12267.18,41893.1904,1.66,100.0,80.7
5937,-11498.69,1122.0518,1.69,86.7,80.9
5938,-12593.31,27077.4043,1.6,100.0,80.9
5939,-11500.95,980.7708,1.58,100.0,80.8
5940,-11878.51,4635.2888,1.59,100.0,80.8
5941,-12479.02,61098.8008,1.65,100.0,80.9
5942,-11561.62,4170.6068,1.64,97.7,81.0
5943,-12057.98,13550.8499,1.57,100.0,81.1
5944,-12606.12,64269.6943,1.54,100.0,81.0
5945,-11290.14,38126.1113,1.59,100.0,81.1
5946,-12576.85,11772.3765,1.83,100.0,81.2
5947,-12653.73,49993.7432,1.68,99.8,81.2
5948,-11320.24,18980.8901,1.57,100.0,81.2
5949,-12441.11,11833.0325,1.61,100.0,81.3
5950,-12530.88,31666.7544,1.66,100.0,81.2
5951,-12232.3,23490.2651,1.71,99.5,81.3
5952,-11891.62,34364.5566,1.66,99.9,81.5
5953,-11668.43,28130.5967,1.56,100.0,81.5
5954,-12274.38,16318.7146,1.61,100.0,81.6
5955,-12227.4,6199.1543,1.62,98.2,81.6
5956,-11574.61,20544.3628,1.63,100.0,81.5
5957,-11989.93,11843.0557,1.63,100.0,81.6
5958,-11655.61,10443.5491,1.6,100.0,81.6
5959,-12325.04,21654.1147,1.61,98.6,81.7
5960,-12394.78,15517.3484,1.62,100.0,81.8
5961,-11717.67,7533.7225,1.72,100.0,81.9
5962,-11522.49,2483.5504,1.6,100.0,81.9
5963,-11422.89,17781.3079,1.67,100.0,81.9
5964,-12601.36,59275.4258,1.68,89.7,82.0
5965,-12239.61,23588.6548,1.6,100.0,82.1
5966,-12470.61,40911.2012,1.6,100.0,82.3
5967,-12120.02,5911.4841,1.6,100.0,82.2
5968,-12186.8,12621.1069,1.62,100.0,82.2
5969,-12485.28,21574.7466,1.64,96.5,82.4
5970,-12297.07,6354.4354,1.59,100.0,82.4
5971,-11796.41,17445.5422,1.57,100.0,82.5
5972,-11740.15,16408.27,1.63,100.0,82.4
5973,-12178.6,7686.517,1.67,100.0,82.6
5974,-12376.2,8723.2393,1.66,100.0,82.0
5975,-12606.23,7827.9315,1.59,100.0,82.1
5976,-11805.87,24819.9072,1.64,100.0,82.3
5977,-11695.07,21263.8853,1.71,100.0,82.3
5978,-11857.28,12540.7603,1.79,86.8,82.3
5979,-11709.11,21951.2012,1.59,100.0,81.6
5980,-11840.44,55050.5117,1.58,99.8,81.5
5981,-12440.47,6389.8937,1.6,100.0,81.5
5982,-11344.42,30757.4292,1.62,100.0,81.6
5983,-11658.83,13416.7319,1.69,100.0,81.7
5984,-11582.99,10614.2356,1.58,100.0,81.7
5985,-12163.98,23812.6865,1.6,100.0,81.7
5986,-11715.2,5278.2808,1.69,100.0,81.7
5987,-12585.2,27928.5366,1.78,95.9,81.8
5988,-12466.18,37361.2598,1.64,99.2,81.8
5989,-11689.49,3053.0338,1.62,100.0,81.7
5990,-11770.49,30094.3848,1.59,100.0,81.8
5991,-12357.34,2629.3226,1.67,100.0,81.9
5992,-12240.34,5871.0375,1.7,90.5,82.0
5993,-11728.99,11375.9541,1.58,99.9,82.0
5994,-12239.73,48455.127,1.56,100.0,81.9
5995,-13061.55,27491.8931,1.63,100.0,82.0
5996,-12316.76,7550.6337,1.66,100.0,82.1
5997,-11767.05,26519.4546,1.65,98.8,82.1
5998,-12599.11,3300.2931,1.63,100.0,82.1
5999,-12579.0,1291.7519,1.59,100.0,81.7
6000,-11790.15,10504.5154,1.66,100.0,81.1
6001,-11772.9,20598.0322,1.72,95.5,81.2
6002,-11788.15,8555.9525,1.64,99.6,81.3
6003,-11576.75,13993.6714,1.6,100.0,81.4
6004,-12163.27,6529.8651,1.62,100.0,81.1
6005,-11562.26,5376.3141,1.61,100.0,81.2
6006,-12408.09,13493.8645,1.63,100.0,81.3
6007,-11396.08,27474.3462,1.61,100.0,81.4
6008,-11671.87,10849.4536,1.58,100.0,81.4
6009,-11701.16,4627.4218,1.6,97.3,81.5
6010,-11544.92,4162.0829,1.58,100.0,81.4
6011,-11435.45,9252.7019,1.62,100.0,81.5
6012,-12333.03,7414.2028,1.64,100.0,81.5
6013,-12734.94,20959.376,1.64,100.0,81.6
6014,-11650.1,17494.3306,1.61,98.9,81.6
6015,-12108.61,3761.3244,1.7,100.0,81.7
6016,-11747.64,3726.8462,1.63,100.0,80.9
6017,-12356.79,81177.8828,1.64,100.0,81.0
6018,-11756.24,1290.2287,1.65,89.5,81.2
6019,-11499.35,3214.6475,1.61,100.0,81.2
6020,-12098.19,46700.373,1.63,100.0,81.3
6021,-11665.68,1018.1691,1.59,100.0,81.2
6022,-12478.56,18452.4854,1.65,99.2,81.1
6023,-11595.7,2913.7812,1.66,96.7,81.3
6024,-11687.65,1232.7201,1.57,100.0,81.3
6025,-11929.16,20994.4453,1.57,100.0,81.3
6026,-11701.09,4661.6732,1.63,100.0,81.3
6027,-11660.27,19268.2598,1.64,98.2,81.4
6028,-11505.64,3552.2963,1.6,100.0,81.4
6029,-11666.06,2710.9008,1.58,100.0,81.3
6030,-11829.61,44424.4277,1.58,100.0,81.5
6031,-11286.34,15600.7434,1.78,100.0,81.4
6032,-11354.53,8552.5526,1.73,100.0,81.4
6033,-11399.3,1744.2715,1.62,100.0,81.5
6034,-12669.07,55082.9795,1.58,100.0,81.4
6035,-13001.26,74200.3037,1.68,100.0,81.5
6036,-11713.73,4949.3751,1.66,98.8,81.4
6037,-12268.88,12570.5359,1.66,100.0,81.5
6038,-12400.63,38147.3916,1.57,100.0,81.5
6039,-11759.16,19787.3506,1.59,100.0,81.5
6040,-12141.47,6040.85,1.62,98.0,81.5
6041,-11579.3,4178.0962,1.76,100.0,81.1
6042,-12032.78,30331.9204,1.67,99.9,81.2
6043,-12391.38,2811.3733,1.62,100.0,81.2
6044,-11698.56,14580.4895,1.64,99.2,81.3
6045,-11990.18,11766.498,1.7,94.0,81.3
6046,-11461.94,8930.0884,1.64,100.0,81.3
6047,-11093.75,29267.3296,1.58,100.0,81.3
6048,-11647.44,2529.2676,1.61,100.0,81.3
6049,-11743.26,1560.847,1.64,96.2,81.3
6050,-11726.12,5216.7765,1.59,99.5,81.4
6051,-11408.32,9413.3894,1.56,100.0,81.4
6052,-11909.67,17375.9409,1.58,100.0,81.4
6053,-11558.53,7168.3585,1.63,100.0,81.4
6054,-12270.09,8729.2485,1.7,97.4,81.3
6055,-12011.53,26841.7246,1.62,100.0,81.3
6056,-12294.01,43504.8242,1.58,100.0,81.4
6057,-12148.86,4754.2451,1.61,100.0,81.5
6058,-12192.75,7357.0203,1.69,100.0,81.4
6059,-12206.23,20047.2749,1.66,94.7,81.1
6060,-13133.73,70441.5059,1.65,100.0,81.1
6061,-12488.33,40754.6914,1.57,99.9,81.2
6062,-13023.58,69684.3594,1.66,96.9,81.4
6063,-12442.19,28723.6987,1.68,100.0,81.3
6064,-11464.93,34570.8149,1.65,100.0,81.2
6065,-12127.53,7262.7189,1.63,100.0,81.2
6066,-12257.0,5969.2147,1.59,100.0,81.3
6067,-11356.9,45515.6738,1.63,100.0,81.3
6068,-11610.77,37554.6787,1.72,100.0,81.4
6069,-12280.68,12375.4868,1.66,99.9,81.6
6070,-11738.75,15414.5928,1.58,100.0,81.7
6071,-11607.9,13094.7446,1.62,99.2,81.9
6072,-11611.58,4732.0923,1.63,98.2,82.0
6073,-11575.41,2620.8867,1.6,100.0,82.2
6074,-12437.78,48334.8496,1.62,100.0,82.2
6075,-12308.07,44808.8145,1.64,100.0,82.2
6076,-11530.93,11713.5066,1.67,95.9,82.1
6077,-11434.83,5724.8296,1.59,100.0,82.4
6078,-12017.76,1475.6762,1.56,100.0,82.4
6079,-12028.05,15781.9709,1.57,100.0,82.5
6080,-11635.84,943.2155,1.62,100.0,82.4
6081,-11248.06,29253.4385,1.63,97.0,82.4
6082,-12362.24,6861.7161,1.64,100.0,82.4
6083,-11575.63,10244.8779,1.55,100.0,82.5
6084,-12307.11,8984.8062,1.66,100.0,82.6
6085,-12011.23,2250.2272,1.68,99.9,82.7
6086,-11876.74,3412.0152,1.69,91.8,82.9
6087,-11750.38,2449.4846,1.63,100.0,82.5
6088,-11855.87,14184.0647,1.57,100.0,82.5
6089,-12488.32,32118.5669,1.6,99.9,82.2
6090,-12165.09,13065.3579,1.65,100.0,82.1
6091,-11756.32,3808.9005,1.62,100.0,82.2
6092,-12090.19,39278.3672,1.6,100.0,82.1
6093,-11567.69,10240.9573,1.6,100.0,82.2
6094,-11547.63,11205.9404,1.64,100.0,82.2
6095,-12479.86,21304.5415,1.69,99.1,82.0
6096,-11593.18,3115.1329,1.68,99.8,82.1
6097,-11689.63,2294.758,1.59,100.0,82.1
6098,-11405.21,13353.0813,1.61,98.3,82.0
6099,-12153.4,72322.3281,1.61,98.6,82.3
6100,-11551.87,3305.3847,1.59,100.0,82.2
6101,-11747.05,1613.7755,1.56,100.0,82.2
6102,-12313.9,100693.1973,1.62,100.0,82.2
6103,-11404.15,8574.5779,1.69,91.3,82.5
6104,-12405.01,59023.5088,1.66,99.9,82.4
6105,-12570.38,58882.459,1.57,100.0,82.5
6106,-11345.22,5472.249,1.56,100.0,82.5
6107,-11494.91,3166.1762,1.62,100.0,82.5
6108,-12187.39,14432.9224,1.63,96.3,82.6
6109,-11406.29,2827.8246,1.59,100.0,82.6
6110,-12549.44,52073.126,1.54,100.0,82.7
6111,-11662.21,1399.5502,1.59,100.0,82.7
6112,-11654.55,2020.5715,1.7,100.0,82.8
6113,-11358.89,6025.5065,1.67,100.0,82.7
6114,-12510.07,56067.0068,1.57,100.0,82.8
6115,-12059.18,17936.4517,1.59,100.0,82.9
6116,-12317.02,28561.687,1.65,100.0,83.3
6117,-12306.23,33236.0493,1.77,98.5,83.2
6118,-11384.49,16695.0815,1.61,100.0,82.8
6119,-12167.15,32554.377,1.55,100.0,82.9
6120,-11407.48,15097.5002,1.61,99.6,83.0
6121,-13170.26,68609.8516,1.67,99.8,82.7
6122,-11492.87,9237.5491,1.6,100.0,82.7
6123,-12216.98,31365.397,1.65,100.0,82.7
6124,-12288.01,32620.6714,1.61,100.0,82.6
6125,-11554.08,20764.2002,1.62,100.0,82.8
6126,-11324.82,15668.5562,1.65,100.0,82.8
6127,-11579.78,14763.9832,1.57,99.9,82.9
6128,-11672.18,8859.0925,1.62,100.0,82.9
6129,-11637.04,6867.6025,1.69,97.5,83.1
6130,-12393.33,57779.293,1.71,100.0,83.1
6131,-12510.79,56505.0068,1.59,100.0,83.2
6132,-12385.47,45954.0869,1.63,100.0,83.1
6133,-11748.27,5720.1101,1.61,100.0,83.3
6134,-12357.88,42967.167,1.63,94.6,83.4
6135,-11613.64,13844.0488,1.58,100.0,83.4
6136,-11376.99,21174.6953,1.54,100.0,83.3
6137,-11304.18,25029.5518,1.63,100.0,83.3
6138,-11713.67,13373.7136,1.63,100.0,83.4
6139,-11983.76,7119.5251,1.61,99.6,83.5
6140,-12388.05,45551.0742,1.56,100.0,83.5
6141,-11490.65,5774.9714,1.57,100.0,83.5
6142,-11700.44,3939.788,1.6,99.4,83.5
6143,-11739.13,4198.7093,1.64,100.0,83.5
6144,-11694.74,5249.7802,1.67,100.0,83.6
6145,-11525.11,2144.134,1.58,100.0,83.7
6146,-11389.86,6960.7336,1.61,100.0,83.8
6147,-11405.16,6035.3601,1.71,100.0,83.8
6148,-11361.75,1112.021,1.66,99.1,83.6
6149,-12309.4,72779.5645,1.66,100.0,83.8
6150,-11623.72,3128.6403,1.58,100.0,83.8
6151,-12330.99,51175.71,1.63,94.5,83.9
6152,-11635.44,2201.1865,1.62,98.5,83.8
6153,-12331.8,52846.4609,1.59,100.0,83.9
6154,-11369.84,5533.4165,1.56,100.0,83.9
6155,-11736.13,3577.3889,1.62,100.0,84.0
6156,-11670.37,1574.1409,1.67,91.9,84.0
6157,-11523.18,2237.1252,1.61,99.9,83.9
6158,-11625.5,1320.2417,1.57,100.0,84.1
6159,-12228.49,21771.8711,1.58,100.0,84.2
6160,-11482.25,2983.254,1.61,100.0,84.2
6161,-11589.72,674.8036,1.83,97.4,85.1
6162,-11718.61,2046.3509,1.62,100.0,85.0
6163,-11703.8,1436.3444,1.57,100.0,85.0
6164,-11714.07,600.705,1.65,100.0,85.1
6165,-11673.88,836.0682,1.76,100.0,85.0
6166,-11744.04,902.2731,1.7,91.8,84.6
6167,-11515.44,2703.4439,1.61,100.0,84.5
6168,-11991.29,19690.3037,1.59,100.0,84.6
6169,-12553.99,75004.3711,1.66,100.0,84.7
6170,-11613.83,1563.0007,1.69,97.9,84.4
6171,-11567.34,1696.1627,1.65,99.1,84.5
6172,-12229.49,37830.6484,1.56,100.0,84.5
6173,-11703.85,3364.2267,1.6,100.0,84.5
6174,-11597.81,3938.6849,1.67,100.0,84.6
6175,-12362.98,7983.1882,1.63,98.2,84.6
6176,-11607.04,1927.1702,1.64,100.0,84.6
6177,-11560.56,3913.5654,1.57,100.0,84.7
6178,-11613.83,616.2924,1.62,100.0,84.7
6179,-11596.84,281.6638,1.69,98.5,84.5
6180,-11526.44,771.1802,1.71,94.3,84.8
6181,-11810.25,18220.6675,1.64,100.0,84.7
6182,-12214.79,71524.457,1.58,100.0,84.7
6183,-12285.36,58485.2041,1.65,99.1,84.2
6184,-12192.47,52373.6094,1.66,100.0,84.1
6185,-11416.27,6785.6044,1.63,99.7,84.2
6186,-11444.85,6063.7737,1.55,100.0,84.2
6187,-11563.0,4148.5133,1.6,100.0,84.2
6188,-11485.52,1901.0805,1.6,98.7,84.4
6189,-11563.0,2368.2744,1.59,100.0,84.4
6190,-12182.02,49008.7051,1.57,100.0,84.3
6191,-11504.34,1394.4377,1.62,100.0,84.4
6192,-11508.65,1011.2051,1.68,98.6,84.6
6193,-11452.63,2054.1407,1.61,99.4,84.1
6194,-12277.81,43919.6162,1.61,100.0,84.2
6195,-11485.52,1916.7716,1.6,100.0,84.3
6196,-12277.81,42855.2969,1.66,100.0,84.3
6197,-11745.06,5726.7129,1.7,88.7,84.5
6198,-11487.55,1726.8486,1.61,100.0,84.5
6199,-11487.55,999.6571,1.59,100.0,84.6
6200,-11979.22,11740.5283,1.59,100.0,84.6
6201,-11593.95,2176.4101,1.66,100.0,84.6
6202,-11082.14,16170.8306,1.68,96.9,84.3
6203,-11690.33,2311.998,1.62,100.0,84.7
6204,-11745.06,3165.6636,1.56,100.0,84.4
6205,-11746.97,1678.8195,1.59,99.8,84.7
6206,-11688.11,1165.0977,1.57,100.0,83.5
6207,-12316.09,44204.7939,1.57,100.0,83.7
6208,-11696.78,891.7403,1.54,100.0,83.6
6209,-11488.4,4724.6588,1.6,100.0,83.7
6210,-11626.83,1077.1343,1.6,100.0,83.6
6211,-11424.61,3863.5748,1.54,100.0,83.4
6212,-11634.08,1187.8592,1.55,100.0,83.5
6213,-11764.92,5775.671,1.59,100.0,83.6
6214,-11668.85,718.81,1.63,100.0,83.7
6215,-12323.98,52334.3506,1.63,100.0,83.7
6216,-11787.78,919.8215,1.58,100.0,83.6
6217,-11786.23,1286.3808,1.59,100.0,83.6
6218,-11746.07,2986.5765,1.62,100.0,83.7
6219,-12394.92,38752.0566,1.71,100.0,83.8
6220,-11461.82,7775.8254,1.65,100.0,83.6
6221,-11779.75,1176.0142,1.58,100.0,83.6
6222,-11391.9,20602.3662,1.62,98.3,83.8
6223,-11482.03,3494.5735,1.63,98.8,83.9
6224,-11391.53,10646.6326,1.59,100.0,84.0
6225,-11964.36,36195.8955,1.59,100.0,83.9
6226,-12527.64,28372.0088,1.62,100.0,83.8
6227,-12032.18,22110.8506,1.65,96.2,83.5
6228,-11746.36,2212.9494,1.61,99.7,83.6
6229,-11505.95,4723.5254,1.56,100.0,83.7
6230,-12394.92,44485.3574,1.58,100.0,83.7
6231,-11392.88,10453.635,1.64,100.0,83.8
6232,-11808.91,1981.4768,1.68,100.0,83.7
6233,-11633.53,5122.3949,1.64,100.0,83.7
6234,-11978.45,17995.9585,1.6,100.0,83.7
6235,-12244.46,20831.4155,1.59,100.0,83.8
6236,-11803.53,2641.8309,1.69,100.0,83.8
6237,-11478.73,11808.3977,1.74,98.8,84.0
6238,-12026.8,10017.1626,1.59,100.0,83.9
6239,-11746.39,1959.8616,1.55,100.0,83.9
6240,-12330.57,40385.2178,1.61,99.8,84.0
6241,-11533.77,7006.7389,1.62,100.0,84.1
6242,-12106.77,10187.2852,1.66,100.0,84.1
6243,-12256.56,3587.6567,1.61,100.0,84.1
6244,-12433.14,34738.6084,1.59,100.0,84.0
6245,-11771.5,3974.3655,1.6,100.0,84.2
6246,-11755.75,3396.2385,1.59,100.0,84.2
6247,-11624.49,4219.1266,1.6,100.0,84.3
6248,-11600.74,7049.5229,1.65,100.0,84.2
6249,-11492.54,8500.8807,1.66,99.3,84.3
6250,-11779.75,826.2405,1.61,99.7,84.3
6251,-11419.72,12043.3081,1.62,100.0,84.4
6252,-11193.97,18451.6206,1.61,100.0,84.5
6253,-12664.19,53356.1426,1.66,100.0,84.6
6254,-11554.86,2170.0504,1.68,94.6,84.6
6255,-11797.57,5601.6127,1.63,99.7,84.5
6256,-11436.7,1450.6954,1.55,100.0,84.5
6257,-12435.09,76309.9082,1.58,100.0,84.6
6258,-11656.83,674.7043,1.64,100.0,84.6
6259,-11551.48,901.1195,1.7,100.0,84.7
6260,-12466.34,52594.0967,1.62,100.0,84.7
6261,-12497.65,55214.582,1.59,100.0,84.7
6262,-11578.65,1171.5065,1.61,100.0,84.7
6263,-12333.53,18001.6821,1.71,100.0,84.7
6264,-12422.82,27900.8408,1.69,99.2,84.8
6265,-12419.2,36509.8652,1.63,100.0,84.8
6266,-11716.47,32543.0825,1.57,100.0,84.4
6267,-11655.79,23592.9473,1.65,100.0,84.5
6268,-11463.88,33748.7109,1.72,100.0,84.4
6269,-11631.61,7664.4308,1.72,99.3,84.5
6270,-11584.35,7572.5004,1.62,100.0,84.5
6271,-11590.99,1333.1296,1.62,100.0,84.7
6272,-11543.1,2014.567,1.61,99.0,84.9
6273,-12905.17,87762.7949,1.67,100.0,84.9
6274,-12507.56,25538.3423,1.6,100.0,84.9
6275,-11500.88,1023.7419,1.56,100.0,84.9
6276,-12699.0,45755.3662,1.64,99.6,85.0
6277,-12283.61,39889.0361,1.63,99.4,85.2
6278,-11966.34,23218.0874,1.64,100.0,85.1
6279,-11560.65,1439.0695,1.58,100.0,85.3
6280,-11618.87,2108.8438,1.62,100.0,85.2
6281,-12106.89,16633.1025,1.63,98.8,85.2
6282,-12465.94,62805.6055,1.65,100.0,85.4
6283,-11965.96,8085.7903,1.62,100.0,85.4
6284,-11609.18,418.6023,1.6,100.0,85.5
6285,-12199.91,43098.6982,1.67,100.0,85.5
6286,-12221.17,50170.3408,1.63,98.1,85.4
6287,-11596.63,1210.6228,1.62,100.0,85.5
6288,-11672.8,1986.239,1.57,100.0,86.0
6289,-11567.27,4371.8685,1.62,100.0,85.8
6290,-11920.56,14674.0603,1.67,100.0,85.8
6291,-11457.49,3146.8605,1.66,100.0,85.7
6292,-12228.3,45220.6904,1.58,100.0,85.6
6293,-11828.67,2836.5269,1.59,100.0,85.6
6294,-12372.13,42456.6934,1.63,100.0,85.4
6295,-11698.8,1354.3202,1.71,100.0,85.5
6296,-12502.24,45401.4805,1.64,100.0,85.9
6297,-11449.39,9435.0073,1.61,100.0,85.7
6298,-11447.97,8974.2839,1.62,99.1,85.7
6299,-11706.09,967.7569,1.62,100.0,85.6
6300,-11446.12,7242.7759,1.61,100.0,85.7
6301,-12017.18,11470.001,1.63,99.9,85.3
6302,-11565.86,7616.1141,1.64,100.0,85.5
6303,-11598.84,719.5031,1.62,100.0,85.4
6304,-11561.06,866.3185,1.58,100.0,85.4
6305,-12436.12,57907.4229,1.53,100.0,85.4
6306,-11525.27,5848.8481,1.61,100.0,85.4
6307,-12360.1,52091.4395,1.67,100.0,85.5
6308,-11618.22,2588.8609,1.74,100.0,85.4
6309,-11632.19,604.9092,1.62,100.0,85.5
6310,-12067.86,20148.397,1.6,100.0,85.5
6311,-12233.01,50687.3115,1.65,100.0,85.5
6312,-12467.09,46185.4785,1.68,100.0,85.6
6313,-11513.0,11473.4622,1.77,99.2,85.6
6314,-12239.86,41198.5957,1.63,100.0,85.5
6315,-12460.54,39361.9551,1.58,100.0,85.6
6316,-11504.3,16299.2507,1.59,99.5,85.6
6317,-12239.39,16836.8662,1.62,100.0,85.7
6318,-12370.08,16987.9902,1.67,100.0,85.8
6319,-12426.64,15962.813,1.67,100.0,85.8
6320,-11758.18,21207.7505,1.61,100.0,85.8
6321,-11258.33,37875.6943,1.64,99.4,85.9
6322,-11732.28,20437.5908,1.68,100.0,85.8
6323,-11732.19,14363.1985,1.68,100.0,85.9
6324,-11716.68,8075.4598,1.63,100.0,85.8
6325,-11504.3,12174.1697,1.63,100.0,86.0
6326,-12421.52,21869.2837,1.65,89.9,86.1
6327,-12403.15,38585.3457,1.62,100.0,86.1
6328,-12333.91,32104.9746,1.7,100.0,86.2
6329,-11513.0,9864.3564,1.57,100.0,86.1
6330,-11402.16,5811.7361,1.63,100.0,85.7
6331,-11414.54,4576.6273,1.67,97.5,86.1
6332,-12331.13,44159.1523,1.58,100.0,86.2
6333,-12074.93,47286.252,1.56,100.0,86.2
6334,-11539.72,5479.6764,1.6,100.0,86.2
6335,-11429.02,2199.8388,1.68,100.0,86.2
6336,-11961.46,9176.8872,1.68,100.0,86.4
6337,-11432.02,1588.9321,1.64,100.0,86.4
6338,-11392.27,1082.9764,1.62,100.0,86.5
6339,-11961.46,10738.2395,1.66,100.0,86.5
6340,-11382.12,588.4025,1.69,95.4,86.6
6341,-11666.74,3237.3313,1.64,99.9,86.8
6342,-11957.42,20053.7798,1.57,100.0,86.9
6343,-12171.87,52079.124,1.58,100.0,86.8
6344,-12253.47,48318.6826,1.64,100.0,86.8
6345,-12217.16,40003.2666,1.66,100.0,86.8
6346,-11643.74,3320.8765,1.59,100.0,86.8
6347,-11503.39,4660.0549,1.56,100.0,86.9
6348,-12316.09,35689.1602,1.61,100.0,86.7
6349,-11618.86,3318.4976,1.75,100.0,86.8
6350,-12021.14,9928.1772,1.73,99.8,87.1
6351,-11609.83,3065.3417,1.65,100.0,87.3
6352,-11642.9,2959.9176,1.57,100.0,87.1
6353,-11607.16,1304.9946,1.64,99.5,87.3
6354,-12062.73,35127.0449,1.65,98.7,87.4
6355,-12049.69,13920.8691,1.65,100.0,87.4
6356,-11642.9,1048.3548,1.57,100.0,87.3
6357,-11718.75,2524.0101,1.66,99.4,87.1
6358,-11482.77,3144.4594,1.62,95.3,87.1
6359,-11704.01,3156.6538,1.57,100.0,87.0
6360,-11636.21,2329.439,1.56,100.0,87.1
6361,-11580.6,2621.0776,1.64,100.0,87.2
6362,-11596.37,1509.4224,1.7,96.7,87.2
6363,-12287.38,47198.8242,1.6,98.7,87.2
6364,-11700.2,1127.6575,1.6,100.0,87.2
6365,-11620.93,991.3914,1.6,100.0,87.3
6366,-12264.76,46513.1895,1.72,100.0,87.3
6367,-11420.17,2465.6733,1.79,86.7,87.4
6368,-11403.75,1962.8815,1.61,98.6,87.3
6369,-11447.73,734.005,1.6,100.0,87.4
6370,-11532.4,2509.9019,1.56,100.0,87.4
6371,-11939.87,15345.0217,1.63,100.0,87.4
6372,-11345.53,1636.6988,1.64,100.0,87.4
6373,-11967.54,37006.9199,1.61,100.0,87.6
6374,-11523.8,2786.1532,1.59,100.0,87.5
6375,-11666.74,2308.5878,1.61,100.0,87.1
6376,-11490.16,1289.5054,1.61,98.8,87.1
6377,-12374.45,50737.9736,1.61,100.0,87.3
6378,-11729.8,847.8796,1.58,100.0,87.3
6379,-11633.97,787.9233,1.69,100.0,87.3
6380,-11738.11,764.5099,1.67,98.8,87.4
6381,-11691.19,705.5627,1.64,98.6,87.6
6382,-12331.13,48533.4824,1.61,100.0,87.4
6383,-11610.38,1117.6529,1.62,100.0,87.4
6384,-12383.1,47485.8613,1.53,100.0,86.4
6385,-11592.94,681.1224,1.6,100.0,86.4
6386,-11724.12,1432.9529,1.58,100.0,86.5
6387,-11613.94,908.1557,1.57,100.0,86.7
6388,-11719.29,5270.2599,1.56,100.0,86.7
6389,-12089.99,38777.5703,1.64,100.0,86.8
6390,-11749.5,1836.2714,1.59,100.0,86.6
6391,-11777.36,1046.5004,1.65,100.0,86.8
6392,-11674.6,1403.7504,1.57,100.0,86.7
6393,-12013.48,13214.1106,1.64,100.0,86.7
6394,-11717.74,1684.8219,1.63,98.1,86.9
6395,-12390.68,46829.7539,1.7,100.0,86.9
6396,-11503.39,6028.9639,1.7,100.0,86.9
6397,-12646.91,60882.9971,1.58,100.0,86.8
6398,-12095.24,25582.6392,1.64,97.0,87.0
6399,-12095.24,22823.5229,1.62,93.4,87.1
6400,-12169.71,14839.1243,1.59,100.0,87.3
6401,-11892.99,1832.7691,1.58,100.0,87.1
6402,-11682.09,6470.0898,1.66,100.0,87.0
6403,-11676.52,5780.4679,1.68,98.6,87.2
6404,-11689.92,3791.1168,1.62,100.0,87.2
6405,-11617.79,1885.813,1.56,100.0,87.3
6406,-11718.75,1547.2892,1.6,100.0,87.2
6407,-11825.12,2827.7858,1.68,100.0,87.2
6408,-11615.3,2484.6141,1.72,94.1,87.3
6409,-12254.62,30584.9922,1.7,100.0,87.1
6410,-11562.56,2404.9692,1.57,100.0,87.0
6411,-12254.74,29852.6138,1.59,100.0,87.0
6412,-11603.57,4720.9407,1.6,98.4,87.1
6413,-11694.44,1707.1324,1.63,100.0,87.0
6414,-11696.78,1159.3868,1.66,100.0,87.1
6415,-11825.67,26584.2368,1.63,100.0,87.2
6416,-11686.11,899.5716,1.61,98.8,87.4
6417,-11732.14,875.5134,1.59,100.0,87.2
6418,-11670.86,1086.9981,1.64,100.0,87.4
6419,-11647.11,1113.5044,1.58,100.0,87.2
6420,-11647.11,515.4894,1.66,100.0,87.3
6421,-11652.47,354.1698,1.67,98.2,87.5
6422,-11574.81,2086.7691,1.65,100.0,87.5
6423,-11472.78,2993.3631,1.66,100.0,87.5
6424,-11472.78,1949.0196,1.6,100.0,87.6
6425,-11471.55,1020.6085,1.61,99.2,87.6
6426,-13096.26,137067.6094,1.69,95.2,87.7
6427,-13096.26,134129.9434,1.64,100.0,87.7
6428,-12447.79,65767.5469,1.58,100.0,87.7
6429,-12334.37,42836.5684,1.63,100.0,87.7
6430,-12961.92,81109.1133,1.65,100.0,87.8
6431,-12338.78,27581.9824,1.64,100.0,87.8
6432,-12215.94,17555.7166,1.66,100.0,87.8
6433,-12326.21,16744.0208,1.61,100.0,87.8
6434,-12203.44,9775.3589,1.65,100.0,88.0
6435,-12203.44,7232.9073,1.65,100.0,88.1
6436,-12215.94,5555.2561,1.73,100.0,88.0
6437,-12215.94,3511.3163,1.63,100.0,88.1
6438,-12381.59,10420.1753,1.56,99.7,88.0
6439,-12721.51,23515.4482,1.65,93.2,88.2
6440,-12447.79,9538.4241,1.63,99.6,87.4
6441,-11508.51,40356.4941,1.65,100.0,87.5
6442,-12191.41,44891.2607,1.61,100.0,87.5
6443,-11625.08,35507.3174,1.62,100.0,87.5
6444,-13139.42,63508.5537,1.68,100.0,87.7
6445,-12935.54,34402.1621,1.73,99.5,87.8
6446,-11625.08,30828.626,1.66,100.0,87.9
6447,-11589.6,39086.6328,1.63,100.0,87.9
6448,-12476.21,12432.4507,1.67,100.0,88.1
6449,-11736.32,21992.2295,1.64,93.8,88.1
6450,-11468.21,41170.8467,1.61,99.7,88.1
6451,-13354.5,90507.0664,1.63,100.0,88.2
6452,-12334.37,8099.293,1.63,100.0,88.2
6453,-12476.21,13622.8252,1.69,100.0,88.3
6454,-12472.79,10562.4341,1.75,100.0,88.2
6455,-12472.79,7445.9493,1.69,100.0,88.3
6456,-12472.79,5072.2455,1.63,100.0,88.3
6457,-11695.62,39268.25,1.58,100.0,88.4
6458,-12194.04,52188.249,1.63,100.0,88.4
6459,-12231.36,4209.078,1.76,96.4,88.3
6460,-11468.21,53140.623,1.57,100.0,88.5
6461,-12231.36,2175.6325,1.6,99.8,88.1
6462,-12231.36,1512.4714,1.68,99.9,88.7
6463,-11468.21,44869.8467,1.64,100.0,88.7
6464,-11695.62,25057.3101,1.71,100.0,88.6
6465,-11468.21,35886.375,1.59,100.0,88.6
6466,-12472.79,13544.9648,1.61,100.0,88.6
6467,-12472.79,14341.4768,1.67,100.0,88.5
6468,-11589.6,23775.6763,1.69,100.0,88.2
6469,-11839.44,20349.6577,1.65,100.0,88.3
6470,-12215.94,4707.9238,1.63,100.0,88.3
6471,-12205.91,5392.1548,1.68,98.6,88.4
6472,-12231.36,3028.9577,1.65,94.9,88.5
6473,-11452.79,35178.4971,1.59,100.0,88.4
6474,-11574.18,27454.1562,1.55,100.0,88.4
6475,-12191.41,36783.1191,1.63,100.0,88.4
6476,-11695.62,15557.7957,1.68,96.3,88.5
6477,-12205.91,4830.1127,1.66,99.3,88.5
6478,-12195.45,30844.7891,1.58,100.0,88.7
6479,-12973.7,51375.7949,1.57,100.0,88.5
6480,-11680.01,12069.3604,1.61,100.0,88.5
6481,-11725.9,13774.2578,1.66,100.0,88.5
6482,-12960.17,51574.1143,1.7,100.0,88.6
6483,-12205.91,6843.0533,1.59,100.0,88.6
6484,-12935.54,43080.5352,1.64,100.0,88.7
6485,-11609.61,17456.7075,1.63,100.0,88.6
6486,-11626.31,17287.8945,1.69,100.0,88.7
6487,-12191.41,24619.4551,1.68,100.0,88.8
6488,-13139.42,66930.6445,1.6,100.0,88.8
6489,-12960.17,43875.1582,1.67,98.3,88.8
6490,-11625.08,18116.5283,1.62,98.1,88.9
6491,-12181.92,19919.8203,1.97,100.0,89.5
6492,-12181.92,17290.7893,1.62,100.0,89.5
6493,-12251.55,12776.5889,1.58,100.0,89.5
6494,-11986.7,22223.8237,1.6,100.0,89.4
6495,-13030.63,43436.4932,1.63,99.1,88.5
6496,-13030.63,40103.0283,1.68,100.0,88.5
6497,-12238.01,4400.183,1.61,100.0,88.5
6498,-11694.34,41507.9238,1.6,100.0,88.5
6499,-12947.78,27087.1826,1.65,100.0,88.3
6500,-12947.78,24917.9814,1.68,99.3,88.3
6501,-11504.3,68121.7949,1.58,100.0,88.2
6502,-13002.34,22675.8101,1.62,100.0,88.4
6503,-13002.34,18849.3525,1.65,100.0,88.2
6504,-13002.34,14239.7952,1.65,100.0,88.3
6505,-11843.79,74851.2969,1.59,100.0,88.4
6506,-11774.1,71236.4082,1.5,99.8,88.4
6507,-12183.96,25330.165,1.59,100.0,88.4
6508,-11756.56,51249.3301,1.59,99.7,88.3
6509,-12545.38,38187.7266,1.73,100.0,88.2
6510,-11305.93,72707.3887,1.64,100.0,88.1
6511,-11834.87,29094.1245,1.59,100.0,88.2
6512,-12373.1,29488.9678,1.65,99.6,88.1
6513,-12216.28,9641.3967,1.64,92.6,88.1
6514,-12642.29,38462.7607,1.65,100.0,88.1
6515,-12210.71,6512.6378,1.56,100.0,88.1
6516,-13155.34,37767.4082,1.69,100.0,88.1
6517,-13187.78,37318.8516,1.72,97.7,87.9
6518,-12202.16,7138.8315,1.7,97.8,87.9
6519,-11780.27,35068.0078,1.57,100.0,88.0
6520,-13187.78,34249.8564,1.6,100.0,88.1
6521,-12202.16,6012.271,1.61,100.0,88.2
6522,-12347.75,6801.6348,1.69,100.0,88.2
6523,-13042.16,33970.1455,1.72,100.0,87.8
6524,-12332.08,5746.0847,1.59,100.0,87.9
6525,-12202.16,3457.1744,1.59,100.0,87.9
6526,-12202.16,2258.092,1.64,100.0,88.0
6527,-12213.08,1068.1154,1.74,99.3,87.7
6528,-11504.3,32738.7266,1.62,99.9,87.6
6529,-11780.27,19611.9155,1.56,100.0,87.7
6530,-12200.54,3221.7266,1.59,100.0,87.7
6531,-11531.83,22384.9229,1.61,98.3,87.9
6532,-11450.93,20730.7026,1.61,100.0,87.9
6533,-12259.7,9968.5103,1.61,100.0,87.8
6534,-12240.26,8416.5499,1.59,100.0,87.8
6535,-11510.86,17153.52,1.64,97.8,87.9
6536,-11780.27,11891.6831,1.59,100.0,87.9
6537,-11801.76,7850.7814,1.55,100.0,88.0
6538,-11449.74,11778.5859,1.57,100.0,88.0
6539,-11526.49,5700.1604,1.65,100.0,87.9
6540,-11457.4,4285.5557,1.72,99.9,88.0
6541,-11769.5,6466.4299,1.67,100.0,88.1
6542,-11658.17,2839.3873,1.6,100.0,88.2
6543,-12289.39,35466.7842,1.6,100.0,88.1
6544,-12227.45,22585.7979,1.66,99.7,88.2
6545,-11523.43,4745.1148,1.64,100.0,88.2
6546,-12289.39,19919.0581,1.68,100.0,88.3
6547,-11779.47,4159.8671,1.57,100.0,88.3
6548,-11942.04,2951.2839,1.64,97.2,88.3
6549,-12258.35,14704.0234,1.59,96.7,88.3
6550,-11673.0,6653.6655,1.58,100.0,88.4
6551,-12290.74,12935.3601,1.55,100.0,88.4
6552,-12410.21,13690.8948,1.64,100.0,88.4
6553,-11759.89,4509.8779,1.63,97.7,88.5
6554,-11442.91,18443.3413,1.67,99.3,88.6
6555,-11737.63,7258.1759,1.6,100.0,88.6
6556,-11945.84,5475.1285,1.59,100.0,88.6
6557,-12290.62,12128.8884,1.68,100.0,88.6
6558,-12143.18,14567.8965,1.74,94.6,88.7
6559,-12259.7,9393.3308,1.67,100.0,88.7
6560,-12344.61,7785.505,1.56,100.0,88.8
6561,-12365.94,19914.5474,1.62,100.0,88.8
6562,-11408.19,35876.4727,1.63,96.3,88.9
6563,-11489.76,27491.1064,1.63,100.0,88.9
6564,-11578.65,23576.6616,1.64,100.0,88.8
6565,-11537.19,18076.7959,1.6,100.0,88.8
6566,-11955.84,7106.2399,1.65,99.4,88.8
6567,-11537.19,10697.1082,1.6,98.1,88.9
6568,-11605.08,6397.4705,1.59,100.0,89.0
6569,-11774.35,4682.125,1.61,100.0,89.0
6570,-11457.95,5383.451,1.7,100.0,89.0
6571,-11575.3,3081.1545,1.73,87.7,89.1
6572,-12143.18,28473.499,1.63,92.8,89.0
6573,-11487.55,2077.7564,1.63,100.0,89.1
6574,-11764.56,4834.5048,1.59,100.0,89.1
6575,-11489.76,1744.5975,1.62,100.0,89.1
6576,-12403.97,33053.9058,1.65,99.2,89.2
6577,-11909.91,3229.8669,1.62,99.5,89.2
6578,-12313.63,27116.9932,1.56,100.0,89.2
6579,-11756.02,4617.0275,1.62,100.0,89.4
6580,-11857.72,2651.0665,1.58,99.3,89.4
6581,-11886.41,1608.4239,1.73,100.0,89.4
6582,-11851.48,2416.9004,1.77,100.0,89.4
6583,-11651.94,4665.8884,1.62,100.0,89.6
6584,-11836.36,479.7594,1.62,100.0,89.6
6585,-11867.36,462.5807,1.62,92.4,89.1
6586,-11836.36,143.7956,1.58,100.0,89.1
6587,-11555.04,6085.3794,1.59,100.0,89.1
6588,-11572.19,4159.5773,1.6,100.0,89.1
6589,-12046.19,30369.2046,1.62,100.0,89.2
6590,-12046.19,29300.5532,1.63,100.0,88.9
6591,-11572.19,1920.4654,1.57,100.0,88.9
6592,-12046.19,24891.0083,1.57,100.0,88.9
6593,-12229.07,21974.6738,1.59,99.8,88.7
6594,-11738.37,2570.1683,1.59,100.0,88.7
6595,-11785.87,2021.5635,1.59,100.0,88.8
6596,-11689.27,1817.1645,1.67,100.0,88.8
6597,-11572.19,1801.7538,1.64,100.0,88.5
6598,-11471.16,4812.8851,1.68,98.7,88.0
6599,-11999.05,28543.5215,1.61,98.4,86.7
6600,-12473.03,63849.7207,1.56,100.0,86.4
6601,-11729.64,809.5865,1.58,100.0,86.4
6602,-11718.97,3053.7895,1.68,100.0,86.4
6603,-12274.13,25984.7666,1.66,99.8,85.9
6604,-11748.51,2786.8376,1.64,100.0,86.0
6605,-11904.85,2371.614,1.58,100.0,85.3
6606,-11587.38,4674.2643,1.59,100.0,85.2
6607,-11782.72,1372.595,1.58,97.5,85.2
6608,-12338.4,23994.9644,1.64,100.0,85.3
6609,-11844.91,911.2985,1.65,100.0,85.4
6610,-11686.22,3656.8801,1.62,100.0,85.5
6611,-11905.34,2332.459,1.67,99.5,85.5
6612,-11670.75,3542.1953,1.63,97.0,85.4
6613,-11790.57,580.4585,1.6,100.0,85.4
6614,-11818.57,389.3066,1.58,100.0,85.4
6615,-12268.41,23807.5356,1.68,100.0,85.5
6616,-11850.12,1286.833,1.72,98.8,85.6
6617,-11686.22,6503.308,1.63,98.3,84.8
6618,-11768.38,1033.4477,1.58,100.0,84.6
6619,-12095.1,20549.895,1.54,100.0,84.8
6620,-11824.06,959.2236,1.66,100.0,84.9
6621,-11833.67,451.4983,1.66,100.0,84.9
6622,-11796.76,643.7411,1.62,100.0,84.9
6623,-11990.97,3396.2811,1.55,100.0,84.8
6624,-12302.32,21324.0034,1.62,100.0,84.9
6625,-11932.23,1082.3872,1.66,100.0,85.1
6626,-11825.32,3699.8573,1.79,100.0,85.3
6627,-11953.22,1366.6243,1.67,100.0,85.2
6628,-11940.44,865.8003,1.61,100.0,85.2
6629,-11834.49,1048.31,1.63,100.0,85.2
6630,-11787.73,816.573,1.65,98.7,85.5
6631,-11754.38,2281.0741,1.63,100.0,85.7
6632,-11968.82,1983.0852,1.57,100.0,85.7
6633,-12001.97,4419.127,1.63,100.0,85.1
6634,-11711.29,2647.2829,1.68,100.0,85.3
6635,-12698.97,83503.0547,1.64,99.4,85.3
6636,-11846.47,578.8864,1.62,100.0,85.2
6637,-11953.84,2295.7316,1.58,100.0,85.3
6638,-11956.86,1295.1077,1.65,100.0,85.3
6639,-11962.58,1435.7639,1.75,100.0,85.4
6640,-11713.32,2304.4698,1.75,96.8,85.6
6641,-11701.52,2002.5188,1.61,100.0,85.7
6642,-11695.89,3134.6512,1.56,100.0,85.6
6643,-11900.58,1467.8619,1.63,99.6,85.6
6644,-11883.73,1427.4736,1.67,100.0,85.7
6645,-11920.44,965.0316,1.63,100.0,85.8
6646,-11701.52,1238.2602,1.61,100.0,85.8
6647,-11879.42,2733.9173,1.61,100.0,85.7
6648,-11695.89,1862.0123,1.61,96.2,85.7
6649,-11638.92,2705.7938,1.62,100.0,85.8
6650,-11823.57,1387.3782,1.57,100.0,85.8
6651,-11912.37,2522.1683,1.65,100.0,85.8
6652,-11869.41,1030.8788,1.67,97.1,85.6
6653,-11859.85,481.6422,1.61,98.3,85.6
6654,-11770.21,1838.6447,1.55,100.0,85.7
6655,-11702.42,3105.2534,1.58,100.0,85.7
6656,-11743.8,1568.3337,1.65,100.0,85.8
6657,-11965.95,2090.5393,1.71,100.0,85.8
6658,-11967.43,1570.5762,1.73,98.7,85.8
6659,-11866.13,512.5119,1.58,100.0,85.7
6660,-11971.23,681.56,1.59,100.0,85.7
6661,-11877.03,507.7985,1.67,100.0,85.8
6662,-11742.22,3271.1238,1.7,100.0,85.9
6663,-11845.39,1272.4599,1.64,100.0,85.8
6664,-11763.89,1205.5634,1.58,100.0,85.8
6665,-12363.3,32012.1914,1.62,99.2,85.9
6666,-11950.56,1483.6527,1.62,96.1,85.8
6667,-11809.9,2221.627,1.67,100.0,85.9
6668,-11751.17,1984.0164,1.65,100.0,86.0
6669,-12446.32,45569.168,1.6,100.0,86.0
6670,-11920.44,187.227,1.65,98.6,86.2
6671,-11609.08,9652.9517,1.59,98.0,86.2
6672,-11682.62,2951.1754,1.59,100.0,86.3
6673,-11534.81,8032.1613,1.59,100.0,86.2
6674,-11687.46,2548.7713,1.65,100.0,86.3
6675,-11401.67,7604.1937,1.76,98.2,86.2
6676,-11260.55,5045.9906,1.62,99.0,86.2
6677,-11360.77,3457.366,1.57,100.0,86.3
6678,-12296.95,79272.7383,1.57,100.0,86.3
6679,-11480.35,6553.1549,1.6,99.8,86.3
6680,-12381.81,75433.5137,1.69,100.0,86.3
6681,-11579.41,2570.5953,1.61,100.0,86.3
6682,-11510.98,2084.4537,1.6,100.0,86.3
6683,-11558.64,1395.7782,1.62,100.0,86.3
6684,-11391.44,2286.7094,1.64,97.8,86.4
6685,-12285.95,45229.4912,1.8,100.0,86.4
6686,-11387.18,9832.4456,1.76,96.8,85.6
6687,-11509.34,667.4181,1.61,100.0,85.7
6688,-12391.72,68678.6777,1.61,100.0,85.6
6689,-12264.91,40614.0654,1.63,99.2,85.7
6690,-11670.96,1024.9333,1.62,100.0,85.8
6691,-11523.74,1165.9954,1.65,100.0,85.8
6692,-12218.04,32887.2925,1.6,100.0,85.8
6693,-12252.58,31911.3232,1.64,99.7,85.9
6694,-11602.23,2357.6855,1.62,97.2,86.1
6695,-11789.78,1191.2197,1.56,99.9,86.1
6696,-12609.69,64892.3945,1.55,100.0,85.9
6697,-11803.53,797.2171,1.63,100.0,86.0
6698,-12521.05,41903.5215,1.67,100.0,86.1
6699,-12326.68,35785.3867,1.68,98.7,86.1
6700,-11644.06,7471.1661,1.64,100.0,86.1
6701,-11865.54,3581.6945,1.56,100.0,85.5
6702,-11881.78,1234.2488,1.67,100.0,85.6
6703,-11915.94,1744.0213,1.72,100.0,85.7
6704,-11904.18,961.1165,1.68,91.2,85.8
6705,-11610.58,6336.1791,1.63,100.0,85.7
6706,-11659.07,2428.2098,1.6,100.0,85.8
6707,-12791.4,83928.2109,1.61,98.6,85.7
6708,-11847.38,1977.2894,1.64,100.0,85.8
6709,-11755.85,922.8838,1.66,100.0,85.8
6710,-11834.81,1145.8926,1.6,100.0,85.9
6711,-11709.76,2794.5307,1.65,100.0,85.8
6712,-12691.91,56204.8613,1.64,93.9,86.1
6713,-11866.63,969.9832,1.58,100.0,86.0
6714,-11947.96,1160.5952,1.61,100.0,86.1
6715,-11905.47,2136.7143,1.6,100.0,86.1
6716,-11792.79,1129.6671,1.62,100.0,86.1
6717,-11888.75,2218.4055,1.74,100.0,86.3
6718,-11730.94,1651.9461,1.68,100.0,86.3
6719,-11640.61,2588.6757,1.56,100.0,86.2
6720,-11730.5,1312.5245,1.64,100.0,86.2
6721,-12181.07,25204.3945,1.7,100.0,86.3
6722,-11750.55,1035.2603,1.75,98.3,86.4
6723,-11885.75,1015.629,1.61,99.9,86.6
6724,-11743.83,1584.7536,1.56,100.0,86.3
6725,-11684.93,2195.2777,1.62,98.2,86.4
6726,-11901.32,836.6567,1.62,99.0,86.4
6727,-11473.45,14512.7473,1.63,100.0,86.4
6728,-11496.64,11136.8296,1.61,100.0,86.5
6729,-12402.95,53986.6777,1.63,100.0,86.5
6730,-11939.9,1053.5501,1.73,96.6,86.5
6731,-11629.04,7628.6429,1.61,99.4,86.5
6732,-11896.96,1610.2729,1.59,100.0,86.5
6733,-11667.14,7081.2201,1.6,100.0,86.5
6734,-12400.26,46102.3008,1.68,100.0,86.7
6735,-11865.42,1136.6389,1.77,90.6,86.7
6736,-11980.75,10502.5176,1.64,99.1,86.7
6737,-12068.79,11222.824,1.57,100.0,86.7
6738,-11884.85,1197.4302,1.57,100.0,86.8
6739,-11830.63,4550.75,1.67,100.0,87.1
6740,-12719.25,55551.8916,1.69,100.0,87.1
6741,-12476.02,32611.1279,1.7,100.0,87.0
6742,-11637.58,11842.7288,1.58,100.0,87.0
6743,-11602.35,8239.3512,1.58,100.0,87.0
6744,-11836.28,1144.58,1.63,100.0,87.2
6745,-11787.42,2133.1964,1.76,100.0,87.2
6746,-11691.81,4585.979,1.64,100.0,87.3
6747,-11538.56,6653.2961,1.57,100.0,87.2
6748,-12035.23,15376.1589,1.65,98.9,87.4
6749,-11833.86,1986.7027,1.63,92.1,87.2
6750,-11622.32,2022.3063,1.57,100.0,87.1
6751,-11787.42,3260.6622,1.57,100.0,86.9
6752,-11756.72,1761.5189,1.65,100.0,87.0
6753,-11626.52,2481.1102,1.67,100.0,87.1
6754,-11913.42,1578.6547,1.66,99.9,87.1
6755,-11595.37,2729.0065,1.57,100.0,86.9
6756,-11874.75,635.103,1.57,100.0,86.9
6757,-11622.32,1926.9352,1.63,100.0,87.1
6758,-12478.31,40433.3877,1.76,100.0,87.2
6759,-11668.37,2895.5108,1.69,99.7,87.2
6760,-12422.52,36777.4785,1.61,100.0,87.2
6761,-11840.36,399.4328,1.59,100.0,87.0
6762,-11859.85,322.3923,1.62,96.7,87.1
6763,-11830.66,156.6923,1.66,100.0,87.1
6764,-11551.84,6112.9882,1.66,100.0,87.1
6765,-11884.85,988.1771,1.61,100.0,87.1
6766,-12241.77,26587.0278,1.62,99.8,87.1
6767,-11823.92,113.6029,1.61,97.7,87.2
6768,-11633.41,9057.8684,1.57,100.0,87.1
6769,-11826.26,6219.726,1.56,100.0,87.1
6770,-11801.92,4718.6335,1.66,100.0,87.2
6771,-11654.07,3006.9777,1.7,98.7,87.2
6772,-11992.03,5078.4294,1.67,98.2,87.3
6773,-11720.69,11673.5266,1.58,100.0,87.2
6774,-12327.34,47983.8965,1.58,100.0,87.3
6775,-11744.92,3957.812,1.64,99.5,87.4
6776,-11815.78,1108.505,1.71,100.0,87.4
6777,-11914.59,2575.3508,1.73,100.0,87.5
6778,-11462.49,13172.2188,1.57,100.0,87.3
6779,-11806.5,1777.1767,1.6,100.0,87.3
6780,-11373.1,21676.6494,1.63,100.0,87.1
6781,-11491.61,4431.2968,1.73,100.0,87.1
6782,-11722.29,2407.5341,1.66,100.0,87.2
6783,-11731.51,8289.4506,1.63,100.0,87.2
6784,-11743.35,7124.7855,1.65,94.7,87.3
6785,-11719.52,5745.7213,1.64,92.0,87.5
6786,-11727.74,4924.7587,1.61,100.0,87.4
6787,-11934.44,2508.025,1.62,100.0,87.3
6788,-12380.2,45813.3076,1.68,100.0,87.4
6789,-11812.75,2858.1916,1.7,97.5,87.8
6790,-11522.95,8911.3271,1.59,98.6,88.2
6791,-12598.62,59356.6992,1.59,100.0,88.2
6792,-12458.7,32485.2378,1.56,100.0,88.3
6793,-11699.15,7921.4987,1.63,100.0,88.4
6794,-11632.12,8997.3025,1.73,99.9,88.5
6795,-11723.76,7202.8495,1.71,100.0,88.6
6796,-11805.98,3969.8188,1.58,100.0,88.6
6797,-11522.47,4940.5607,1.57,100.0,88.5
6798,-12531.86,39139.7324,1.63,100.0,88.8
6799,-11621.35,3473.9011,1.74,100.0,88.9
6800,-11752.87,3658.5838,1.6,100.0,88.9
6801,-11799.31,4136.2598,1.6,100.0,88.7
6802,-11815.78,2178.4914,1.63,96.8,88.5
6803,-12526.4,31977.439,1.62,94.5,88.3
6804,-11997.44,3431.5731,1.64,100.0,88.5
6805,-11665.49,4637.1453,1.61,100.0,88.2
6806,-11798.02,3851.0103,1.66,100.0,87.9
6807,-12036.11,1844.8532,1.66,100.0,87.9
6808,-11879.46,1635.9595,1.6,100.0,88.1
6809,-12061.05,1470.4168,1.57,100.0,88.0
6810,-12020.92,810.5278,1.59,100.0,88.0
6811,-11555.02,10862.5356,1.74,100.0,88.1
6812,-11647.56,6988.9728,1.73,99.1,88.2
6813,-11991.93,760.6563,1.7,100.0,88.2
6814,-11849.69,2350.5907,1.59,100.0,88.4
6815,-12550.88,56244.7295,1.62,100.0,88.3
6816,-12029.51,320.0471,1.66,100.0,88.5
6817,-11610.93,8659.3337,1.66,100.0,88.5
6818,-11561.72,26774.8125,1.61,100.0,88.5
6819,-11772.45,3515.7469,1.58,100.0,88.6
6820,-12288.19,39636.29,1.72,99.2,89.1
6821,-11930.11,426.5949,1.62,100.0,89.1
6822,-11750.2,7441.5081,1.6,100.0,89.0
6823,-11913.52,1288.7816,1.58,100.0,89.0
6824,-11722.87,3667.9131,1.65,100.0,89.0
6825,-11429.5,9810.8838,1.66,98.2,88.6
6826,-11913.52,1404.697,1.64,100.0,88.6
6827,-11674.78,4729.8497,1.59,100.0,88.4
6828,-12617.81,47590.2363,1.61,100.0,88.5
6829,-11769.52,2884.7886,1.67,100.0,88.6
6830,-11807.34,1690.7238,1.7,92.7,88.4
6831,-11650.43,7934.3521,1.59,100.0,88.3
6832,-12044.46,1620.8242,1.58,100.0,88.3
6833,-11913.52,796.5804,1.62,100.0,88.3
6834,-11490.25,8398.6116,1.7,100.0,88.4
6835,-11518.82,6277.6616,1.64,99.1,88.5
6836,-11849.01,1604.207,1.62,100.0,88.6
6837,-11703.5,2964.0374,1.57,100.0,88.5
6838,-11603.53,3579.9988,1.64,99.7,88.6
6839,-11668.63,1845.6891,1.72,100.0,88.6
6840,-11632.98,947.7395,1.67,100.0,88.7
6841,-11737.63,677.237,1.6,100.0,88.7
6842,-11763.32,1048.656,1.61,100.0,88.6
6843,-12395.24,51592.2168,1.7,98.7,88.5
6844,-11633.18,2379.8827,1.69,100.0,88.6
6845,-12331.62,33013.8989,1.65,100.0,88.7
6846,-11593.04,4823.2209,1.6,100.0,88.5
6847,-12601.75,43021.3779,1.63,100.0,88.6
6848,-11797.11,11093.3906,1.63,94.1,88.7
6849,-12447.94,10830.998,1.61,100.0,88.8
6850,-12251.34,20669.7192,1.61,100.0,88.9
6851,-12088.11,6452.0934,1.6,100.0,88.9
6852,-12188.2,9224.7366,1.65,100.0,88.9
6853,-12296.36,12406.7764,1.74,97.0,88.9
6854,-11953.78,29480.5063,1.66,100.0,88.9
6855,-12502.88,22447.1655,1.56,100.0,89.0
6856,-11542.31,38684.832,1.67,100.0,89.1
6857,-11697.08,35497.1094,1.7,95.8,89.0
6858,-12318.57,14214.4905,1.68,94.9,89.0
6859,-11733.96,24217.9663,1.61,100.0,89.2
6860,-12152.49,3987.7363,1.57,100.0,89.2
6861,-11918.05,17066.1401,1.65,100.0,88.8
6862,-12249.61,6095.9954,1.67,100.0,88.8
6863,-11352.79,52347.6064,1.62,100.0,87.9
6864,-11770.96,12524.6565,1.6,100.0,87.6
6865,-11542.31,17728.126,1.58,100.0,87.7
6866,-11605.49,6188.9818,1.62,100.0,87.8
6867,-11649.81,1450.2101,1.73,100.0,87.8
6868,-11542.31,3625.7877,1.68,100.0,88.1
6869,-11802.17,5522.4778,1.58,100.0,88.0
6870,-12252.65,54940.7041,1.6,100.0,88.2
6871,-11701.07,2360.2762,1.64,97.8,88.5
6872,-12296.36,52082.6416,1.7,100.0,88.4
6873,-11387.4,6885.7404,1.65,100.0,88.5
6874,-11503.97,2966.8112,1.6,100.0,88.5
6875,-11411.28,4541.778,1.59,100.0,88.7
6876,-11571.55,2836.3855,1.62,99.1,88.6
6877,-12478.76,74548.4707,1.59,100.0,88.7
6878,-11762.25,4194.8414,1.55,100.0,88.8
6879,-12193.05,43769.2402,1.64,100.0,88.7
6880,-12355.53,50782.2363,1.7,99.9,88.9
6881,-11736.96,1072.5163,1.63,100.0,89.0
6882,-12053.38,13227.7195,1.62,100.0,89.0
6883,-12258.71,31656.5073,1.6,100.0,89.1
6884,-11676.07,4648.8759,1.71,100.0,89.1
6885,-11904.04,5002.0846,1.72,99.4,89.2
6886,-12346.14,39419.2656,1.66,100.0,89.3
6887,-11558.45,7210.6567,1.57,100.0,89.2
6888,-12500.34,48739.8877,1.59,100.0,89.3
6889,-11557.24,8136.5673,1.61,99.5,89.1
6890,-11900.51,3403.5253,1.66,100.0,89.3
6891,-11603.66,5782.4756,1.62,100.0,88.6
6892,-11577.21,3658.1259,1.66,100.0,88.6
6893,-11683.79,1050.0924,1.64,99.2,88.4
6894,-12341.91,53323.3613,1.62,100.0,88.2
6895,-11588.5,3656.4752,1.75,100.0,88.3
6896,-11363.62,4622.0917,1.62,100.0,88.3
6897,-11373.7,2515.3265,1.66,100.0,87.9
6898,-12364.29,66140.6797,1.64,87.9,86.1
6899,-11702.95,10666.9775,1.62,99.9,85.1
6900,-11687.54,9434.4978,1.58,100.0,85.1
6901,-11559.5,3334.6321,1.6,100.0,85.1
6902,-12421.08,53558.9717,1.65,100.0,85.1
6903,-11542.31,3906.3343,1.68,98.2,84.0
6904,-12028.56,8379.2294,1.6,100.0,84.1
6905,-11322.0,9567.489,1.53,100.0,83.9
6906,-12316.1,46573.5996,1.56,100.0,82.8
6907,-12428.56,64506.0713,1.65,100.0,82.8
6908,-11608.46,3011.035,1.77,100.0,82.8
6909,-11710.03,9227.0889,1.65,100.0,82.8
6910,-11951.7,12483.8386,1.56,100.0,82.9
6911,-11511.19,5975.1785,1.56,100.0,82.8
6912,-11842.65,4724.2239,1.59,100.0,82.9
6913,-12462.99,70522.8652,1.8,100.0,82.8
6914,-11387.58,6096.9805,1.65,99.7,82.9
6915,-12462.99,68733.5098,1.59,100.0,82.9
6916,-11397.0,6420.3459,1.61,100.0,82.9
6917,-11696.12,1113.3334,1.63,99.8,82.9
6918,-11493.27,4070.499,1.68,100.0,82.9
6919,-11632.98,546.215,1.61,100.0,83.0
6920,-12093.19,39467.0479,1.59,100.0,82.8
6921,-11694.71,620.859,1.61,99.6,83.0
6922,-11663.84,693.2741,1.61,99.5,83.1
6923,-11506.45,5147.8441,1.58,100.0,83.0
6924,-12442.84,68572.0195,1.58,100.0,83.2
6925,-11673.76,6888.9088,1.61,100.0,83.1
6926,-11673.18,609.7913,1.67,100.0,83.1
6927,-12404.6,49630.457,1.72,98.5,82.9
6928,-12203.35,20147.1455,1.57,100.0,82.8
6929,-12911.11,72113.918,1.65,100.0,82.8
6930,-12361.64,28909.2881,1.66,100.0,82.6
6931,-12380.5,31062.9312,1.72,100.0,82.6
6932,-12721.43,31157.7373,1.68,95.0,82.9
6933,-12450.77,20153.6528,1.64,100.0,82.9
6934,-12149.78,8641.2874,1.6,100.0,82.8
6935,-11658.64,21447.3311,1.57,100.0,82.8
6936,-11738.49,14015.0737,1.63,100.0,82.8
6937,-12155.53,28633.0093,1.65,100.0,82.9
6938,-11551.44,19280.5977,1.61,100.0,82.9
6939,-12128.04,17060.2971,1.58,99.9,83.0
6940,-12078.71,11912.2957,1.62,100.0,82.9
6941,-11725.26,4323.7686,1.72,100.0,82.9
6942,-12043.23,8395.0658,1.71,98.1,83.0
6943,-12124.16,18332.8833,1.61,100.0,83.1
6944,-11595.61,5838.1912,1.6,100.0,83.1
6945,-12238.08,37948.2754,1.59,99.3,83.2
6946,-12255.22,5905.9347,1.64,100.0,83.2
6947,-12066.29,3014.2297,1.63,100.0,83.2
6948,-11511.19,14671.0366,1.58,100.0,83.2
6949,-11454.23,16198.6838,1.59,100.0,83.2
6950,-12452.55,29165.1851,1.63,92.7,83.3
6951,-12033.66,1611.6243,1.58,100.0,83.4
6952,-11492.13,10581.8438,1.57,100.0,83.6
6953,-12503.25,52603.2139,1.57,100.0,83.6
6954,-11446.17,12643.9565,1.63,100.0,83.6
6955,-12269.11,31844.0327,1.72,98.8,83.9
6956,-12354.45,32908.062,1.68,100.0,83.9
6957,-11838.09,12288.6841,1.59,100.0,83.9
6958,-12088.49,25307.6284,1.67,100.0,83.9
6959,-12430.82,44063.7939,1.75,100.0,83.9
6960,-12334.26,34374.8721,1.67,93.8,84.1
6961,-13148.35,88999.4023,1.66,100.0,84.2
6962,-12421.99,25726.5693,1.6,100.0,84.2
6963,-11823.91,5725.856,1.6,100.0,84.4
6964,-12293.63,11806.5476,1.64,100.0,84.4
6965,-12134.96,28999.1313,1.68,100.0,84.5
6966,-12055.62,39708.8018,1.72,100.0,84.3
6967,-12259.2,29361.8647,1.78,99.1,84.3
6968,-12253.65,9126.2822,1.7,100.0,84.4
6969,-12288.24,4945.3452,1.58,100.0,84.4
6970,-12263.35,3360.47,1.6,100.0,84.4
6971,-12393.93,18675.8257,1.62,98.5,84.5
6972,-12082.92,4838.1875,1.64,100.0,84.4
6973,-12183.89,5574.8903,1.64,100.0,84.5
6974,-12485.86,4031.5112,1.6,100.0,84.5
6975,-12465.76,3581.5148,1.66,100.0,84.5
6976,-12113.76,48958.8535,1.73,99.7,84.6
6977,-11518.14,30700.2417,1.72,100.0,84.6
6978,-11373.23,32295.0308,1.69,100.0,84.5
6979,-11821.41,15927.7195,1.58,100.0,84.5
6980,-12256.05,24298.5747,1.63,99.8,84.5
6981,-12460.8,22331.8291,1.69,93.6,84.9
6982,-11688.68,10288.0574,1.58,100.0,85.2
6983,-11518.14,11660.5569,1.58,100.0,85.0
6984,-11652.13,7573.3214,1.58,100.0,85.0
6985,-12280.62,11404.3586,1.73,100.0,85.0
6986,-12541.54,52830.2451,1.72,98.2,84.5
6987,-12227.63,7901.6609,1.68,99.9,84.6
6988,-12315.49,6228.3187,1.58,100.0,84.6
6989,-12233.24,2486.947,1.59,100.0,84.5
6990,-11411.76,21448.626,1.71,100.0,84.6
6991,-12041.87,5412.2852,1.67,98.5,84.4
6992,-11586.09,13014.637,1.63,100.0,84.4
6993,-12101.23,2304.8443,1.57,100.0,84.4
6994,-11711.42,17482.3511,1.58,100.0,84.5
6995,-12193.07,1551.7685,1.61,97.2,84.5
6996,-11463.88,38169.3125,1.59,100.0,84.5
6997,-11720.47,8144.1022,1.66,100.0,84.6
6998,-12381.09,31247.854,1.67,100.0,84.5
6999,-12315.3,35999.0459,1.68,100.0,84.7
7000,-12132.62,20733.3296,1.67,100.0,84.7
7001,-12303.56,23181.1396,1.69,100.0,84.6
7002,-12080.22,12938.1472,1.69,100.0,84.6
7003,-12316.88,8920.53,1.6,100.0,84.7
7004,-12537.55,16301.5398,1.63,98.6,84.4
7005,-13018.38,50459.8828,1.66,96.8,84.5
7006,-11966.64,29876.4766,1.59,100.0,84.5
7007,-12073.9,9703.5344,1.63,100.0,84.5
7008,-12351.25,28801.9619,1.57,100.0,84.3
7009,-12076.45,6929.5271,1.67,100.0,84.5
7010,-11570.94,57951.8311,1.59,100.0,84.6
7011,-12310.74,9917.9844,1.58,100.0,84.6
7012,-11506.26,48371.9531,1.57,100.0,84.7
7013,-12310.25,9657.6296,1.6,100.0,84.7
7014,-12473.01,35184.3418,1.69,99.3,84.7
7015,-12254.39,4600.9219,1.66,98.2,84.9
7016,-11658.64,22315.5781,1.59,100.0,84.8
7017,-11422.82,52170.4111,1.58,100.0,84.8
7018,-11617.16,34981.8315,1.64,100.0,84.9
7019,-11710.62,9306.2423,1.67,100.0,84.9
7020,-12105.77,7512.6528,1.64,100.0,84.9
7021,-11551.44,10280.2285,1.58,100.0,84.9
7022,-11687.38,3874.5179,1.59,100.0,84.9
7023,-12265.8,12044.0706,1.62,99.1,85.1
7024,-12575.2,75462.7773,1.64,100.0,85.1
7025,-12356.37,10080.4792,1.7,100.0,85.2
7026,-11696.96,3340.6571,1.58,100.0,85.2
7027,-11519.33,8846.1885,1.65,100.0,85.1
7028,-12340.07,39454.4043,1.66,99.0,85.3
7029,-12391.01,21339.1206,1.73,100.0,85.3
7030,-12275.23,9161.2717,1.66,100.0,85.4
7031,-12391.01,15976.9211,1.61,100.0,85.3
7032,-11512.76,16820.478,1.59,100.0,85.4
7033,-12369.78,16172.5559,1.71,92.3,85.6
7034,-12368.71,5493.5826,1.65,100.0,85.6
7035,-11529.84,28584.436,1.57,100.0,85.7
7036,-12022.5,5533.953,1.58,100.0,85.7
7037,-11937.21,26298.0073,1.68,100.0,85.5
7038,-12552.09,36491.1797,1.66,97.9,85.6
7039,-12066.2,2621.7909,1.62,100.0,85.8
7040,-11933.32,23993.542,1.61,100.0,85.8
7041,-12445.85,29665.2847,1.63,100.0,85.8
7042,-11802.37,16463.271,1.69,100.0,85.8
7043,-12405.71,14121.5366,1.69,91.5,86.0
7044,-11535.43,36819.7363,1.6,100.0,86.1
7045,-11372.23,40066.0205,1.55,100.0,86.0
7046,-11869.03,9873.8711,1.63,100.0,86.0
7047,-11854.42,9834.3513,1.65,100.0,86.0
7048,-11670.9,3371.1221,1.65,100.0,86.1
7049,-12157.11,12431.5813,1.6,100.0,86.2
7050,-12061.7,3559.616,1.54,100.0,86.2
7051,-11532.54,4359.7563,1.6,100.0,86.2
7052,-11737.84,6106.9666,1.67,100.0,86.2
7053,-12199.67,4071.2147,1.73,100.0,86.3
7054,-12259.08,27747.3604,1.68,100.0,86.4
7055,-11761.75,2425.1709,1.55,100.0,86.4
7056,-11539.14,13304.8118,1.66,98.8,86.4
7057,-12449.03,39034.0537,1.65,96.4,86.5
7058,-11845.11,14721.728,1.64,100.0,86.5
7059,-11850.31,4152.8958,1.6,100.0,86.7
7060,-11740.86,3829.2495,1.61,100.0,86.7
7061,-11538.47,9343.1272,1.65,99.7,86.6
7062,-11932.39,6752.2474,1.61,99.5,86.6
7063,-11621.85,658.0668,1.58,100.0,86.7
7064,-11489.21,1458.5853,1.56,100.0,86.8
7065,-11732.11,1655.3524,1.61,100.0,86.9
7066,-11807.55,4160.5201,1.68,100.0,87.0
7067,-11530.6,978.0613,1.68,100.0,86.8
7068,-11765.26,2080.0155,1.61,100.0,86.9
7069,-11573.51,603.9672,1.59,100.0,86.9
7070,-11680.52,552.7485,1.64,100.0,87.0
7071,-11489.56,1648.2342,1.72,100.0,87.1
7072,-11570.93,3061.527,1.69,99.7,87.2
7073,-11659.57,1327.7873,1.57,100.0,87.2
7074,-11771.74,2431.9258,1.58,100.0,87.2
7075,-11551.21,591.4465,1.62,96.2,87.4
7076,-11728.5,5649.79,1.63,100.0,87.4
7077,-11681.49,801.3667,1.62,100.0,87.4
7078,-11532.48,935.2337,1.57,100.0,87.4
7079,-11530.73,507.044,1.67,100.0,87.4
7080,-11569.81,748.3904,1.63,97.6,87.5
7081,-11656.92,1219.2963,1.58,100.0,87.7
7082,-11725.16,4661.42,1.58,100.0,87.6
7083,-11696.65,1610.0648,1.62,100.0,87.6
7084,-12140.69,26425.708,1.71,100.0,87.6
7085,-11580.4,1510.3907,1.71,93.7,87.8
7086,-11696.05,1764.0323,1.64,100.0,87.7
7087,-12186.33,18250.394,1.58,100.0,87.8
7088,-11609.18,416.571,1.61,100.0,87.7
7089,-11626.45,369.9945,1.68,100.0,87.8
7090,-12432.75,28356.6426,1.69,99.3,87.9
7091,-12301.97,35682.1787,1.56,100.0,88.0
7092,-11713.53,833.7976,1.54,100.0,88.0
7093,-12327.86,26575.2534,1.59,99.2,88.0
7094,-12853.82,47365.2998,1.64,100.0,87.9
7095,-11714.55,9731.7705,1.68,100.0,88.1
7096,-11452.16,27639.9956,1.64,100.0,88.1
7097,-11415.56,22177.6943,1.61,100.0,88.1
7098,-11309.89,26099.0352,1.66,99.3,87.8
7099,-11483.57,18384.6125,1.66,99.6,87.7
7100,-12158.08,49427.9121,1.67,100.0,87.8
7101,-11701.74,3294.1279,1.62,100.0,87.9
7102,-11425.22,8930.1741,1.61,100.0,88.0
7103,-11896.24,8823.4758,1.66,90.0,87.6
7104,-12326.95,24035.5122,1.6,100.0,87.6
7105,-11993.48,31659.6133,1.58,100.0,87.7
7106,-11681.48,2986.2772,1.6,100.0,87.7
7107,-12634.52,59228.6885,1.66,100.0,87.9
7108,-11384.5,16094.0786,1.65,98.5,87.9
7109,-12078.79,17871.0063,1.62,100.0,87.9
7110,-12316.67,32271.4482,1.55,100.0,87.9
7111,-11727.12,12382.5793,1.58,100.0,88.1
7112,-11744.27,8263.7141,1.64,100.0,88.2
7113,-11306.13,17609.7495,1.69,100.0,88.2
7114,-12523.99,40710.2031,1.73,100.0,87.6
7115,-11695.78,6852.0303,1.59,100.0,87.0
7116,-11939.08,10410.062,1.66,100.0,87.0
7117,-11477.78,6810.8296,1.66,97.2,87.2
7118,-12215.21,12459.498,1.58,100.0,86.6
7119,-12387.6,39817.5977,1.69,100.0,86.9
7120,-11489.6,6760.9926,1.59,100.0,86.8
7121,-12340.76,38612.71,1.63,100.0,86.8
7122,-11554.38,5274.6678,1.69,96.2,87.3
7123,-12177.49,12484.0737,1.62,100.0,87.4
7124,-12586.61,52260.3555,1.6,100.0,87.4
7125,-12127.08,6695.0493,1.6,100.0,87.4
7126,-11654.88,11077.251,1.78,100.0,87.3
7127,-12425.32,34931.9395,1.63,97.9,87.4
7128,-12330.07,25204.7964,1.58,100.0,87.5
7129,-12314.43,12201.8928,1.56,100.0,87.5
7130,-12590.98,26988.7817,1.56,100.0,87.6
7131,-11360.19,37959.8516,1.64,100.0,87.7
7132,-11739.5,18241.0728,1.7,100.0,87.8
7133,-11614.66,16842.1018,1.64,100.0,87.9
7134,-11786.66,8858.1406,1.56,100.0,87.8
7135,-11606.3,8975.9426,1.64,100.0,87.9
7136,-12067.68,13757.6592,1.69,100.0,87.9
7137,-11736.9,3554.0215,1.77,100.0,88.0
7138,-12388.55,33553.6377,1.64,100.0,88.2
7139,-12141.94,11286.375,1.55,99.9,88.2
7140,-12244.2,8256.9049,1.61,99.7,88.1
7141,-11454.12,14408.4089,1.6,98.2,88.2
7142,-11846.33,4546.4149,1.64,100.0,88.2
7143,-12215.02,4903.0669,1.59,100.0,88.3
7144,-11850.06,2772.4199,1.63,100.0,88.4
7145,-11760.27,3644.5276,1.62,97.6,88.2
7146,-12736.32,56915.0977,1.67,100.0,88.4
7147,-12383.09,44293.165,1.69,100.0,89.4
7148,-11809.07,2539.2675,1.56,100.0,89.4
7149,-11688.0,5345.9658,1.66,100.0,89.4
7150,-11662.48,4356.1442,1.69,98.6,88.7
7151,-11760.75,6717.4579,1.7,96.6,88.1
7152,-11634.94,3491.4078,1.59,100.0,88.1
7153,-12186.36,17667.3057,1.57,100.0,88.2
7154,-11574.12,3801.4053,1.65,100.0,88.2
7155,-11558.07,1161.2345,1.7,99.6,88.0
7156,-11725.16,1935.7263,1.7,99.1,87.9
7157,-11730.59,2833.582,1.58,100.0,87.8
7158,-12397.82,52756.875,1.57,100.0,87.9
7159,-12255.76,49668.0615,1.63,98.8,87.8
7160,-11510.99,12405.5801,1.64,100.0,87.6
7161,-12101.72,14315.5686,1.62,100.0,87.2
7162,-11730.59,1976.8318,1.67,100.0,87.3
7163,-11762.36,6004.6139,1.62,100.0,87.3
7164,-11823.59,904.1885,1.62,100.0,87.4
7165,-11676.26,1363.7164,1.6,100.0,87.4
7166,-11816.21,1381.3037,1.68,100.0,87.3
7167,-11819.98,623.8574,1.62,98.6,86.3
7168,-11714.22,593.9266,1.61,100.0,86.2
7169,-13296.49,114630.9258,1.6,100.0,86.2
7170,-12432.03,42503.1885,1.53,100.0,86.2
7171,-12495.08,43474.2178,1.59,100.0,86.2
7172,-13186.33,80813.2617,1.65,100.0,86.2
7173,-13160.22,65626.9326,1.66,100.0,86.3
7174,-12223.75,27588.6616,1.62,100.0,86.3
7175,-12286.24,23210.646,1.56,100.0,86.4
7176,-11813.07,11193.3894,1.59,100.0,86.4
7177,-13107.43,39001.6592,1.7,100.0,86.4
7178,-12564.58,26399.7759,1.68,100.0,86.5
7179,-12393.87,23953.1733,1.6,100.0,86.5
7180,-12453.63,22805.1714,1.63,100.0,86.5
7181,-12565.78,21231.3022,1.67,100.0,86.6
7182,-12561.62,19342.9844,1.63,100.0,86.7
7183,-12394.25,20355.4121,1.59,100.0,86.7
7184,-13117.95,25223.8838,1.63,100.0,86.8
7185,-11843.46,19378.0933,1.59,100.0,86.9
7186,-12936.26,29611.7651,1.67,98.1,87.1
7187,-13057.4,26818.1182,1.61,100.0,87.1
7188,-12428.99,24650.8057,1.54,100.0,87.1
7189,-11541.95,43622.3809,1.56,100.0,87.1
7190,-11559.63,34796.9531,1.63,100.0,87.2
7191,-11514.48,36362.353,1.62,100.0,87.3
7192,-11671.3,17838.0908,1.64,100.0,87.2
7193,-11583.82,16542.4595,1.56,100.0,87.2
7194,-12626.72,46849.7715,1.58,100.0,87.3
7195,-12166.15,29836.7007,1.63,100.0,87.3
7196,-12246.81,7752.6862,1.67,100.0,87.5
7197,-12491.2,32241.3564,1.67,100.0,87.5
7198,-11807.2,6680.1587,1.6,100.0,87.4
7199,-12511.53,29669.4287,1.67,93.7,87.7
7200,-12465.45,18314.4912,1.61,96.8,87.7
7201,-12465.76,7915.6807,1.56,100.0,87.9
7202,-12313.88,6517.2987,1.58,100.0,87.6
7203,-11724.53,27629.1445,1.63,100.0,87.0
7204,-11759.84,19228.9326,1.68,100.0,87.2
7205,-11781.0,17149.519,1.6,100.0,87.2
7206,-12396.18,11289.2156,1.55,100.0,87.3
7207,-11956.38,3032.0063,1.6,100.0,87.7
7208,-11602.85,30401.1367,1.76,100.0,87.6
7209,-11877.47,15261.9358,1.75,99.9,87.2
7210,-11618.25,11949.8372,1.69,100.0,87.6
7211,-12472.36,31408.8105,1.57,100.0,87.3
7212,-11869.66,2477.8643,1.64,98.0,87.3
7213,-11902.12,1972.9201,1.66,96.7,87.4
7214,-11506.03,12410.7917,1.61,100.0,87.4
7215,-11771.68,5715.575,1.58,100.0,87.5
7216,-11862.53,4392.1354,1.64,100.0,87.5
7217,-11611.02,10461.1282,1.62,96.2,87.3
7218,-12146.86,9835.5964,1.63,99.8,87.4
7219,-11764.1,2971.9843,1.57,100.0,87.4
7220,-12499.55,47651.9521,1.56,100.0,87.5
7221,-11723.89,4386.4371,1.62,100.0,87.6
7222,-11178.22,31923.3589,1.67,100.0,87.7
7223,-12523.71,42111.9756,1.65,100.0,87.5
7224,-11397.79,17966.5693,1.56,100.0,87.5
7225,-12251.46,31222.8906,1.62,100.0,87.7
7226,-12239.36,22355.0435,1.62,98.7,87.8
7227,-11551.21,5942.1815,1.63,100.0,87.8
7228,-11454.56,16471.6362,1.64,100.0,87.9
7229,-11583.78,6243.549,1.62,100.0,87.8
7230,-12221.74,24202.3267,1.71,97.7,86.0
7231,-11553.09,4540.3108,1.6,100.0,85.9
7232,-11644.49,3836.295,1.63,100.0,86.0
7233,-11536.93,2635.6287,1.65,95.5,86.2
7234,-11362.19,9841.5828,1.61,100.0,86.2
7235,-11918.74,26805.5947,1.67,100.0,86.2
7236,-11935.86,29562.3799,1.62,100.0,86.1
7237,-11760.02,4730.8877,1.62,100.0,86.2
7238,-11604.55,15020.2708,1.68,97.6,86.2
7239,-11808.91,3672.556,1.57,100.0,86.3
7240,-11825.47,2368.0506,1.54,100.0,86.0
7241,-11821.92,1027.9315,1.6,100.0,85.9
7242,-11763.16,3501.5207,1.66,100.0,86.0
7243,-11194.53,27739.5322,1.66,97.7,86.1
7244,-11412.34,4302.945,1.64,100.0,86.2
7245,-11598.08,1148.3724,1.57,100.0,86.1
7246,-12540.35,54315.792,1.64,100.0,86.2
7247,-11975.52,20269.1758,1.68,97.3,86.3
7248,-11726.89,2270.4084,1.74,97.8,86.3
7249,-11527.98,1260.8555,1.62,100.0,86.3
7250,-11838.8,2018.5267,1.57,100.0,86.4
7251,-11707.94,2051.9283,1.59,97.7,86.4
7252,-11698.89,1139.3852,1.62,100.0,86.6
7253,-12587.74,62559.666,1.61,99.8,86.4
7254,-12638.4,60495.4102,1.57,100.0,86.5
7255,-11804.41,2660.6045,1.61,100.0,86.5
7256,-12637.12,48726.9434,1.61,100.0,86.6
7257,-12503.77,46061.7695,1.62,100.0,86.7
7258,-12552.43,26744.584,1.74,100.0,86.7
7259,-12544.6,37028.1689,1.62,100.0,86.7
7260,-11758.63,13113.8604,1.66,100.0,86.8
7261,-11812.63,11657.6489,1.64,88.6,86.8
7262,-11580.99,22980.7588,1.6,100.0,86.9
7263,-12682.61,36755.2363,1.61,100.0,87.0
7264,-12438.11,17998.7646,1.56,100.0,86.9
7265,-12384.11,14427.7634,1.63,100.0,87.0
7266,-12657.23,30626.3628,1.65,97.3,87.0
7267,-11687.13,20483.2358,1.6,100.0,87.2
7268,-11698.73,19639.0513,1.55,100.0,87.1
7269,-11501.73,30371.8599,1.63,100.0,87.2
7270,-12734.41,40919.6406,1.63,98.2,87.2
7271,-11360.99,31706.9521,1.62,100.0,87.2
7272,-12300.44,21616.5503,1.68,100.0,87.3
7273,-12252.39,7817.9459,1.6,100.0,87.3
7274,-11645.06,16636.1841,1.65,99.4,87.4
7275,-11645.06,13670.1726,1.67,97.0,88.0
7276,-12277.31,16127.2654,1.65,100.0,88.0
7277,-11729.66,11194.8865,1.66,100.0,88.0
7278,-11785.56,8177.1921,1.59,100.0,88.0
7279,-11726.8,5877.3796,1.69,96.1,88.1
7280,-11726.24,6050.1074,1.63,98.1,88.6
7281,-12264.62,22311.3804,1.56,100.0,89.0
7282,-12340.01,29591.4648,1.56,100.0,89.0
7283,-12341.23,28234.3164,1.66,100.0,88.9
7284,-11755.55,5750.3928,1.67,99.2,89.0
7285,-11707.21,6816.0879,1.66,100.0,89.2
7286,-12345.9,23689.8623,1.58,100.0,89.3
7287,-12624.84,38840.9072,1.62,100.0,89.3
7288,-11892.63,3855.0953,1.67,100.0,89.3
7289,-12485.27,26056.9199,1.75,98.7,89.6
7290,-11539.76,33902.9893,1.69,100.0,89.8
7291,-11759.81,10512.802,1.57,100.0,89.8
7292,-12339.47,7323.0347,1.64,99.2,89.8
7293,-11385.78,25031.3032,1.61,98.7,89.7
7294,-12380.53,47156.0117,1.68,100.0,89.7
7295,-11569.51,11658.8669,1.61,100.0,89.7
7296,-11599.84,9992.9038,1.6,100.0,89.7
7297,-11711.39,6591.7417,1.64,99.2,89.5
7298,-11487.11,12559.9006,1.62,99.0,88.7
7299,-11863.13,4160.1927,1.64,100.0,88.7
7300,-11684.6,3889.0735,1.59,100.0,88.8
7301,-12111.07,23019.9038,1.7,100.0,88.9
7302,-12235.22,20302.6309,1.75,92.9,88.7
7303,-11817.06,5072.2563,1.69,94.5,88.1
7304,-11556.36,7453.1793,1.6,100.0,87.7
7305,-12123.29,8183.5918,1.57,100.0,87.6
7306,-11741.57,7761.7368,1.63,100.0,87.4
7307,-12425.1,24425.1948,1.65,100.0,85.9
7308,-11898.8,5073.8331,1.65,99.4,85.6
7309,-12231.31,21527.9561,1.58,100.0,85.6
7310,-11727.4,2879.8121,1.61,100.0,85.8
7311,-11793.89,1272.0216,1.61,98.4,85.8
7312,-11505.11,5024.8141,1.64,100.0,85.9
7313,-12786.81,30758.9355,1.71,100.0,85.8
7314,-11683.31,5683.5652,1.62,100.0,85.8
7315,-11594.01,3770.6973,1.65,100.0,85.9
7316,-12418.27,22746.0327,1.66,96.4,86.1
7317,-12323.02,17697.3713,1.73,100.0,86.1
7318,-12427.19,19583.8877,1.73,100.0,86.1
7319,-11543.85,2088.8249,1.58,100.0,86.1
7320,-11493.07,2728.4961,1.64,94.9,86.2
7321,-12373.81,51179.6631,1.6,96.6,86.2
7322,-12190.51,9639.957,1.61,100.0,86.3
7323,-11731.6,1586.3165,1.56,100.0,86.3
7324,-11711.85,607.5521,1.64,100.0,86.3
7325,-11767.81,1476.8533,1.71,97.6,86.3
7326,-12149.04,18421.0884,1.67,99.7,86.4
7327,-11552.83,1956.2951,1.62,100.0,86.4
7328,-12389.01,43518.4785,1.59,100.0,86.4
7329,-12258.05,37421.0469,1.69,100.0,86.5
7330,-11679.33,2235.4343,1.74,90.2,86.6
7331,-12474.75,36859.374,1.66,100.0,86.4
7332,-11517.75,8151.3779,1.58,100.0,86.5
7333,-12046.43,18018.3423,1.61,100.0,86.5
7334,-12128.95,11439.0017,1.61,98.4,86.3
7335,-12302.64,19506.3989,1.65,100.0,86.2
7336,-11493.57,18191.9868,1.63,100.0,86.3
7337,-11760.82,7324.1,1.59,100.0,86.3
7338,-11521.22,12244.9268,1.63,99.8,86.3
7339,-11785.96,6467.7388,1.65,99.4,86.5
7340,-12426.54,28395.2046,1.6,100.0,85.8
7341,-11760.19,2676.7963,1.57,100.0,85.9
7342,-12354.78,29724.8003,1.68,100.0,86.0
7343,-11740.81,1689.7173,1.62,96.5,86.0
7344,-11488.67,8477.3846,1.58,100.0,86.0
7345,-12111.82,11988.8193,1.56,100.0,86.0
7346,-10982.71,44591.4775,1.55,100.0,86.1
7347,-11540.32,3235.7422,1.66,100.0,86.2
7348,-12237.45,39306.6172,1.68,99.7,86.3
7349,-11562.33,2135.3529,1.71,100.0,86.4
7350,-12525.86,25670.1182,1.64,100.0,86.2
7351,-11505.11,2322.3752,1.6,100.0,86.2
7352,-12524.74,55188.4854,1.6,97.4,86.3
7353,-12324.53,39211.4707,1.64,100.0,86.4
7354,-12340.15,8508.6329,1.65,100.0,86.5
7355,-12316.67,25583.5293,1.57,100.0,86.4
7356,-12684.03,39749.6553,1.64,99.8,86.5
7357,-12518.14,2645.1931,1.63,98.0,86.6
7358,-12224.86,3529.9361,1.58,100.0,86.7
7359,-11559.68,86410.8945,1.59,100.0,86.6
7360,-11764.66,22089.8096,1.65,100.0,86.6
7361,-11688.45,26780.9937,1.66,100.0,86.6
7362,-11866.85,12036.6958,1.67,98.6,86.7
7363,-12337.02,12063.886,1.61,100.0,86.8
7364,-11655.52,12497.6392,1.61,100.0,87.0
7365,-12521.12,29039.4194,1.63,100.0,86.9
7366,-12589.5,11390.8245,1.68,100.0,86.9
7367,-12250.58,8412.8567,1.67,98.6,86.9
7368,-12546.83,16995.3091,1.58,100.0,87.0
7369,-11622.64,20897.853,1.58,100.0,87.0
7370,-11822.54,13215.0503,1.63,100.0,87.2
7371,-12668.82,35052.6377,1.63,100.0,87.1
7372,-11791.37,8825.2971,1.64,100.0,86.0
7373,-11896.48,4874.1886,1.61,100.0,85.9
7374,-11733.39,10364.4585,1.59,100.0,86.0
7375,-11750.75,6049.6284,1.65,100.0,86.0
7376,-11858.68,3211.3117,1.76,100.0,86.1
7377,-11687.64,3225.2254,1.7,99.9,86.2
7378,-11910.17,5708.822,1.6,100.0,86.3
7379,-11304.77,26718.2832,1.61,100.0,86.3
7380,-11436.81,7421.0782,1.61,96.7,78.4
7381,-12337.09,33725.3779,1.65,99.8,78.7
7382,-11359.45,9555.9675,1.6,100.0,78.7
7383,-12105.03,34076.9102,1.55,100.0,78.9
7384,-12105.03,31453.126,1.58,100.0,78.9
7385,-11414.85,2386.645,1.57,99.3,79.1
7386,-12205.86,17001.7498,1.63,100.0,79.1
7387,-11772.94,2021.197,1.62,100.0,79.1
7388,-12328.36,10815.718,1.59,100.0,79.2
7389,-11798.54,26362.2612,1.61,100.0,79.4
7390,-11634.92,1425.5932,1.6,97.7,79.6
7391,-11399.75,11718.0503,1.63,100.0,79.4
7392,-12484.97,15164.7166,1.56,100.0,78.5
7393,-12339.25,39597.2354,1.54,100.0,78.6
7394,-11973.84,12056.1409,1.56,100.0,78.7
7395,-12369.44,30896.2163,1.54,100.0,78.8
7396,-11668.89,13929.4771,1.55,100.0,78.6
7397,-11947.23,29474.5488,1.49,100.0,78.5
7398,-12064.31,21274.8682,1.57,100.0,78.6
7399,-12443.32,21735.8892,1.6,100.0,78.5
7400,-12350.73,15241.623,1.56,100.0,78.7
7401,-11472.82,63761.0283,1.54,100.0,78.8
7402,-12419.99,9838.1855,1.58,100.0,78.8
7403,-11653.13,17421.3862,1.6,100.0,78.7
7404,-12396.55,20363.2114,1.59,100.0,78.8
7405,-11601.04,20150.3691,1.55,100.0,79.0
7406,-12231.28,1768.7877,1.53,100.0,79.1
7407,-12258.18,1613.1124,1.56,100.0,79.4
7408,-12446.46,3215.0655,1.58,100.0,79.2
7409,-12518.12,5215.2484,1.54,100.0,79.3
7410,-11950.65,6920.5774,1.54,100.0,79.3
7411,-12150.85,8672.2859,1.55,100.0,79.2
7412,-12227.67,12001.1755,1.56,100.0,79.2
7413,-12313.48,8807.5225,1.57,100.0,79.3
7414,-12436.04,6505.9962,1.55,100.0,79.3
7415,-11843.93,21831.145,1.57,100.0,79.3
7416,-11805.12,13542.3447,1.54,100.0,79.4
7417,-11726.48,12167.5232,1.55,100.0,79.4
7418,-11536.81,10141.5784,1.62,100.0,79.4
7419,-11993.96,5289.9684,1.57,100.0,79.3
7420,-11619.78,10180.7415,1.57,100.0,79.3
7421,-12541.58,42146.0244,1.57,100.0,79.4
7422,-11485.69,13526.0874,1.56,99.3,78.9
7423,-11662.66,4335.3946,1.57,100.0,79.0
7424,-11809.19,4307.377,1.56,100.0,79.1
7425,-12179.62,16865.293,1.55,100.0,79.0
7426,-11553.69,2770.7805,1.57,100.0,79.1
7427,-11777.66,3903.1739,1.55,100.0,79.0
7428,-12401.01,15448.0508,1.58,100.0,79.1
7429,-11476.84,6544.9061,1.59,100.0,79.2
7430,-12482.41,15438.51,1.57,100.0,79.2
7431,-11527.03,2668.3912,1.58,100.0,79.3
7432,-11998.05,38020.8135,1.58,100.0,79.2
7433,-12314.55,7839.0557,1.57,99.5,79.3
7434,-12468.0,42844.666,1.61,100.0,79.3
7435,-11662.66,1989.2579,1.56,100.0,79.4
7436,-12007.03,4419.4229,1.58,100.0,79.4
7437,-11634.77,11232.1672,1.6,98.3,79.5
7438,-11453.39,21932.2988,1.56,99.3,79.6
7439,-12412.56,16969.2695,1.54,100.0,79.6
7440,-11600.15,2283.5673,1.51,100.0,79.5
7441,-11532.73,5158.6599,1.56,100.0,79.1
7442,-12701.28,30689.5957,1.64,100.0,79.1
7443,-12394.59,9783.0559,1.6,100.0,79.2
7444,-11952.78,10613.2666,1.56,100.0,79.3
7445,-11795.93,1471.316,1.54,99.9,79.2
7446,-11662.66,1699.8656,1.6,99.6,79.4
7447,-11544.07,3035.5903,1.62,99.9,79.7
7448,-11463.28,6487.4778,1.6,100.0,79.7
7449,-11371.57,9083.0658,1.53,99.9,79.8
7450,-12434.52,19409.3574,1.6,98.0,80.0
7451,-12415.0,69803.0684,1.57,95.8,80.1
7452,-11290.76,18078.6621,1.58,100.0,80.1
7453,-12382.83,65405.1318,1.55,100.0,80.2
7454,-12286.71,18306.1899,1.59,100.0,80.2
7455,-12302.48,14453.8564,1.61,96.0,80.3
7456,-12246.69,38071.793,1.57,100.0,80.0
7457,-12214.99,8524.0063,1.61,100.0,80.0
7458,-11562.35,3127.8318,1.58,100.0,79.9
7459,-11777.72,1596.9146,1.6,100.0,80.0
7460,-11644.79,1511.9696,1.61,96.5,79.9
7461,-11801.82,1423.3421,1.59,100.0,79.9
7462,-12170.56,18769.1182,1.56,100.0,80.0
7463,-12371.6,40136.9023,1.58,100.0,79.8
7464,-11452.58,9664.6763,1.6,99.3,79.9
7465,-11798.45,911.1579,1.59,95.0,79.9
7466,-12407.45,38570.6484,1.56,100.0,79.9
7467,-11540.78,3653.2397,1.53,100.0,80.0
7468,-11529.81,4396.0408,1.57,100.0,80.0
7469,-12240.12,40584.6143,1.58,100.0,79.9
7470,-12102.14,15638.1816,1.61,100.0,80.0
7471,-11565.68,1493.6266,1.58,100.0,80.0
7472,-12111.08,14026.7002,1.56,100.0,80.1
7473,-11540.78,2161.6046,1.63,100.0,80.0
7474,-12083.88,22246.8164,1.63,99.4,80.2
7475,-11437.42,9729.3169,1.61,95.8,80.2
7476,-12102.14,12722.4583,1.57,100.0,80.2
7477,-12058.72,19599.1763,1.63,100.0,80.8
7478,-11565.68,3118.7249,1.59,98.6,80.3
7479,-12347.48,29589.8545,1.6,99.3,80.6
7480,-11461.44,7526.0029,1.57,100.0,80.7
7481,-12378.81,51442.4404,1.59,100.0,80.7
7482,-11603.96,4140.7125,1.55,100.0,80.7
7483,-11515.07,5110.2919,1.59,100.0,80.5
7484,-11704.1,2203.4432,1.63,100.0,80.6
7485,-11707.5,1448.3697,1.61,100.0,80.6
7486,-12265.53,34274.9209,1.63,100.0,80.5
7487,-12971.25,84879.2715,1.61,100.0,80.6
7488,-12557.45,41946.8291,1.66,99.8,80.6
7489,-11479.29,7240.517,1.6,100.0,80.7
7490,-11388.8,12085.7754,1.58,100.0,80.7
7491,-11722.93,2192.0388,1.55,100.0,80.6
7492,-11405.46,6861.7761,1.57,98.7,80.5
7493,-12466.1,36448.8994,1.6,99.7,80.5
7494,-11914.77,22381.2607,1.61,100.0,80.6
7495,-12950.99,77601.4277,1.62,100.0,80.7
7496,-12554.15,58297.8076,1.55,100.0,80.7
7497,-12991.89,68540.1709,1.62,100.0,80.7
7498,-12007.67,7990.4318,1.59,100.0,80.6
7499,-12562.98,24840.249,1.66,100.0,80.4
7500,-12278.15,21267.9189,1.6,100.0,78.7
7501,-11915.75,10081.3889,1.62,88.8,78.8
7502,-11897.4,10279.4221,1.6,96.3,78.8
7503,-12260.08,15479.8301,1.58,100.0,78.9
7504,-11924.66,5844.9032,1.56,100.0,78.9
7505,-12126.54,3713.814,1.59,100.0,78.9
7506,-11553.17,17635.8745,1.61,94.1,78.9
7507,-11553.17,15374.2261,1.55,100.0,79.0
7508,-11585.97,9172.0624,1.54,100.0,78.7
7509,-12226.19,23556.9546,1.57,100.0,78.8
7510,-12102.14,7178.6465,1.61,100.0,78.8
7511,-11626.67,5812.4419,1.69,98.5,78.8
7512,-11535.82,7525.6992,1.58,99.3,78.1
7513,-11560.98,6071.2755,1.58,99.7,78.2
7514,-11586.24,4105.6135,1.58,100.0,78.2
7515,-11705.72,2699.1186,1.63,100.0,78.2
7516,-11617.83,2415.6992,1.6,95.6,78.4
7517,-12155.27,22695.0723,1.57,100.0,78.4
7518,-11508.23,4267.576,1.55,98.3,78.5
7519,-11870.18,6761.4467,1.57,100.0,78.4
7520,-11459.41,4584.0404,1.62,100.0,78.4
7521,-11466.99,6750.0013,1.58,100.0,78.5
7522,-12408.28,57799.707,1.66,100.0,78.5
7523,-11468.51,1879.2951,1.58,100.0,78.6
7524,-11405.54,2867.2518,1.59,100.0,78.4
7525,-11546.15,894.9554,1.6,100.0,78.4
7526,-12229.17,53527.0576,1.62,94.9,78.5
7527,-11886.4,10692.9431,1.62,97.3,78.6
7528,-11448.9,6851.306,1.58,99.7,78.7
7529,-11263.03,26660.2812,1.54,100.0,78.5
7530,-12410.59,45592.4326,1.56,100.0,78.6
7531,-12433.32,41165.5195,1.59,100.0,78.7
7532,-11496.78,5891.2162,1.6,97.7,78.7
7533,-11585.15,4508.0991,1.53,100.0,78.8
7534,-11903.05,3496.2456,1.52,100.0,78.7
7535,-11407.76,7145.1012,1.58,100.0,78.8
7536,-11397.53,5065.2229,1.62,100.0,78.8
7537,-11407.76,3313.5756,1.64,94.0,79.0
7538,-11418.56,1787.6053,1.57,100.0,79.1
7539,-12276.69,21390.856,1.59,100.0,78.9
7540,-11462.63,1479.4951,1.62,100.0,79.1
7541,-11717.18,5280.9335,1.62,90.3,79.0
7542,-12350.86,20885.5635,1.59,99.7,79.1
7543,-12286.18,14343.2219,1.54,100.0,79.3
7544,-12211.28,13177.2795,1.53,100.0,79.2
7545,-11691.9,2959.6634,1.58,99.9,79.3
7546,-11704.1,1819.0086,1.54,96.9,79.0
7547,-11714.64,1456.2656,1.58,100.0,78.9
7548,-12272.45,34976.4189,1.61,99.9,79.0
7549,-12117.47,20024.2402,1.61,100.0,79.0
7550,-12348.19,45245.5557,1.61,100.0,79.0
7551,-11500.62,4977.4718,1.57,94.3,79.3
7552,-12117.47,13162.6021,1.59,100.0,79.3
7553,-12322.0,27311.2871,1.63,97.9,79.3
7554,-12173.3,49682.541,1.65,100.0,79.3
7555,-12277.3,16080.1147,1.59,100.0,79.3
7556,-12432.45,9501.6479,1.57,100.0,79.5
7557,-12948.57,48450.8682,1.62,100.0,79.5
7558,-12105.06,9961.0342,1.57,100.0,79.1
7559,-12514.62,41286.626,1.7,100.0,78.8
7560,-13143.97,58604.3184,1.65,98.7,78.9
7561,-12351.59,36041.7729,1.57,100.0,78.9
7562,-12348.71,34441.0928,1.56,100.0,79.0
7563,-13136.64,35810.7861,1.6,100.0,78.9
7564,-12802.13,16440.6094,1.64,100.0,79.0
7565,-12345.74,27336.752,1.65,100.0,79.0
7566,-11719.25,40986.9766,1.56,100.0,79.1
7567,-11638.22,58117.1797,1.54,100.0,79.2
7568,-12261.25,34591.9717,1.64,100.0,79.1
7569,-11368.21,42402.5889,1.59,96.9,79.2
7570,-12147.74,26040.645,1.58,99.5,79.2
7571,-11908.28,10878.2568,1.53,100.0,79.2
7572,-11628.26,11245.4536,1.53,99.1,79.4
7573,-12056.06,6206.559,1.59,97.0,79.3
7574,-11790.63,3943.3657,1.62,100.0,79.4
7575,-12390.37,18897.1362,1.61,100.0,79.4
7576,-11778.7,2522.0449,1.54,100.0,79.5
7577,-11446.92,16388.5659,1.56,100.0,79.5
7578,-11662.63,8426.4194,1.61,99.1,79.6
7579,-12160.56,4762.4962,1.62,100.0,79.5
7580,-12170.25,4881.7584,1.61,100.0,79.6
7581,-12319.84,7811.9573,1.53,99.9,79.7
7582,-11332.94,25410.7349,1.58,97.5,79.8
7583,-12264.32,2293.8498,1.59,92.0,79.3
7584,-11272.57,29891.9165,1.56,100.0,79.2
7585,-11423.79,15907.8289,1.53,100.0,79.3
7586,-12311.7,2502.4287,1.59,100.0,79.4
7587,-11407.58,11946.6272,1.58,100.0,79.5
7588,-12103.78,1580.5692,1.63,96.7,79.5
7589,-12072.37,1134.1205,1.58,100.0,79.5
7590,-12537.3,22368.7241,1.59,100.0,79.4
7591,-11225.51,34766.3135,1.62,100.0,79.4
7592,-12359.57,6769.629,1.65,85.6,79.5
7593,-12151.08,7158.9972,1.63,94.2,79.6
7594,-12452.93,4919.8704,1.58,100.0,79.6
7595,-11597.95,31083.0073,1.55,100.0,79.6
7596,-12408.58,11606.6726,1.58,100.0,79.7
7597,-12328.59,2516.4047,1.61,94.3,79.6
7598,-12155.95,4277.921,1.54,100.0,79.7
7599,-12354.17,2286.9065,1.55,100.0,79.7
7600,-12626.95,9071.4983,1.58,100.0,79.7
7601,-12175.74,5086.4783,1.61,100.0,79.8
7602,-12459.19,11869.7344,1.66,95.7,79.8
7603,-12331.86,2316.0931,1.62,98.4,79.9
7604,-12220.43,1465.4249,1.57,100.0,79.8
7605,-12429.9,8643.8638,1.59,100.0,79.8
7606,-12549.06,24881.8867,1.6,100.0,80.1
7607,-13081.01,37639.1914,1.64,95.1,80.4
7608,-12485.05,14901.9084,1.56,100.0,80.6
7609,-13207.29,54962.3604,1.6,100.0,80.7
7610,-12478.4,4917.2247,1.59,100.0,80.7
7611,-12222.39,10782.3528,1.62,100.0,80.7
7612,-12348.4,3161.6785,1.65,99.8,80.8
7613,-12297.18,2834.3766,1.57,99.8,80.9
7614,-13173.63,60952.8896,1.6,100.0,80.9
7615,-12473.16,48629.2715,1.62,100.0,81.0
7616,-13031.07,54329.5146,1.65,100.0,81.1
7617,-12313.56,61425.9346,1.64,96.3,81.1
7618,-13118.17,40372.5537,1.58,100.0,81.5
7619,-11604.42,42294.6328,1.54,100.0,81.0
7620,-12299.97,28334.5552,1.62,100.0,81.1
7621,-12845.29,12871.0918,1.66,100.0,80.6
7622,-12809.36,14799.5269,1.62,100.0,80.5
7623,-13015.86,14048.5984,1.67,100.0,80.4
7624,-13161.37,19904.3657,1.6,100.0,80.2
7625,-13111.79,17012.2996,1.63,100.0,80.1
7626,-12424.99,32517.1362,1.58,100.0,80.0
7627,-12236.56,42082.4385,1.61,99.2,80.1
7628,-12514.69,25285.249,1.63,100.0,80.2
7629,-12834.1,17807.9241,1.62,100.0,80.3
7630,-12790.83,4280.6675,1.65,100.0,80.2
7631,-13237.78,16489.4033,1.61,100.0,80.1
7632,-12686.37,5118.249,1.65,99.7,80.2
7633,-12189.63,35183.9014,1.68,99.0,80.3
7634,-12406.24,20708.5205,1.66,98.9,80.3
7635,-12284.77,22955.6099,1.58,100.0,80.3
7636,-12951.94,10893.436,1.59,100.0,80.4
7637,-12281.35,20494.2725,1.61,98.8,80.3
7638,-11832.84,53049.3506,1.59,100.0,80.4
7639,-11629.33,62590.8301,1.57,100.0,80.3
7640,-12778.02,46932.7354,1.52,100.0,80.4
7641,-13161.87,28243.9448,1.62,100.0,80.5
7642,-13162.56,33552.0195,1.66,100.0,80.6
7643,-13134.06,24549.4536,1.64,100.0,80.5
7644,-13142.61,21672.5078,1.62,100.0,80.5
7645,-12293.69,15359.9565,1.57,100.0,80.6
7646,-12297.07,22867.5898,1.58,100.0,80.6
7647,-11509.6,60338.7256,1.56,100.0,80.7
7648,-12235.26,18678.1143,1.59,100.0,80.7
7649,-12907.97,16843.5068,1.66,100.0,80.7
7650,-12349.13,26661.105,1.54,100.0,80.5
7651,-12964.22,11185.6199,1.61,100.0,80.6
7652,-12253.81,24761.8911,1.61,100.0,80.7
7653,-12235.26,17118.4077,1.66,99.1,80.7
7654,-12801.69,6700.3873,1.64,98.7,80.8
7655,-12235.36,11961.418,1.53,100.0,80.8
7656,-12382.51,17798.4028,1.56,100.0,80.7
7657,-11577.34,52582.501,1.59,100.0,80.8
7658,-11586.1,44345.5283,1.58,97.8,81.0
7659,-11440.77,61290.3389,1.57,100.0,81.0
7660,-11611.95,18181.0691,1.55,100.0,80.5
7661,-12685.03,44492.3262,1.6,100.0,80.5
7662,-12550.14,21583.4751,1.64,99.3,80.6
7663,-11297.77,38238.8594,1.63,91.5,80.7
7664,-11297.77,34838.4224,1.6,98.8,80.6
7665,-12526.46,24456.6489,1.59,100.0,80.7
7666,-12558.95,28612.582,1.59,100.0,80.7
7667,-11838.56,31542.0786,1.63,100.0,80.7
7668,-12520.03,17672.5698,1.6,96.9,80.8
7669,-11791.96,22706.4492,1.56,100.0,80.8
7670,-11176.61,42579.8438,1.56,100.0,80.8
7671,-12129.24,5072.5138,1.59,100.0,80.9
7672,-12432.33,18366.6245,1.64,100.0,80.9
7673,-12372.53,4733.4354,1.6,98.3,81.1
7674,-11999.29,5087.066,1.59,100.0,80.9
7675,-12202.29,1541.5974,1.58,100.0,81.0
7676,-12346.41,2370.6375,1.59,100.0,81.0
7677,-12390.49,10844.2776,1.62,95.1,81.1
7678,-12304.86,833.2627,1.57,96.4,81.2
7679,-12523.92,17065.2092,1.56,100.0,81.1
7680,-11737.03,54389.4854,1.55,100.0,81.1
7681,-12260.14,575.8078,1.56,100.0,81.1
7682,-12301.24,2858.0737,1.63,100.0,81.2
7683,-11407.58,33633.3125,1.61,100.0,81.4
7684,-12393.02,12874.7031,1.59,100.0,81.2
7685,-12222.46,2438.6806,1.59,100.0,81.2
7686,-11303.08,48245.3086,1.58,100.0,81.3
7687,-11407.58,29573.272,1.6,89.6,81.4
7688,-11272.57,39367.123,1.58,97.4,81.4
7689,-11628.26,9942.4529,1.54,100.0,81.4
7690,-12222.46,6912.1696,1.54,100.0,81.4
7691,-12120.15,4912.7009,1.6,100.0,81.4
7692,-11272.57,25182.0308,1.59,97.0,81.5
7693,-11238.4,23844.9805,1.56,100.0,81.6
7694,-12173.52,43450.6699,1.58,100.0,81.6
7695,-11547.17,6882.6104,1.56,100.0,81.7
7696,-12008.01,14124.0916,1.6,100.0,81.7
7697,-12154.7,32572.6318,1.63,97.7,82.1
7698,-11579.21,3560.4156,1.57,100.0,82.2
7699,-12771.66,63228.5791,1.6,100.0,82.2
7700,-11873.81,6794.9749,1.57,100.0,82.2
7701,-12156.55,1368.8968,1.61,99.4,82.4
7702,-11802.8,11943.9729,1.58,99.9,82.5
7703,-11407.58,18661.7114,1.55,100.0,82.4
7704,-12162.92,1527.3536,1.52,100.0,82.5
7705,-12255.74,11778.8108,1.57,100.0,82.5
7706,-11195.31,40316.0635,1.6,100.0,82.6
7707,-11786.49,7899.7092,1.6,100.0,82.6
7708,-11779.38,8021.833,1.56,100.0,82.7
7709,-11623.88,7771.3499,1.54,100.0,82.7
7710,-12380.93,12105.2551,1.57,100.0,82.7
7711,-12709.23,81317.7285,1.65,98.5,83.0
7712,-11622.42,4570.5231,1.65,100.0,83.1
7713,-12173.73,26838.1123,1.56,100.0,82.9
7714,-12275.87,8258.5055,1.53,100.0,82.8
7715,-11498.27,6840.6923,1.58,98.4,82.9
7716,-11673.85,2655.6552,1.59,100.0,83.0
7717,-11491.6,14968.4114,1.64,100.0,83.0
7718,-12508.09,57248.4287,1.56,100.0,83.0
7719,-11647.33,4090.255,1.54,100.0,82.8
7720,-11678.07,2228.2729,1.6,100.0,82.9
7721,-11446.81,7086.4464,1.62,98.1,83.0
7722,-11446.31,4062.8837,1.63,98.3,83.1
7723,-12541.54,90053.1074,1.58,100.0,83.1
7724,-12146.67,11994.0466,1.56,100.0,82.6
7725,-12187.23,34137.7656,1.58,95.1,82.7
7726,-12155.95,14901.5913,1.57,98.0,82.8
7727,-11509.88,3095.225,1.57,100.0,82.9
7728,-12235.01,36085.8359,1.55,100.0,82.9
7729,-11487.51,4246.3157,1.59,100.0,82.8
7730,-11973.8,3769.0515,1.62,99.0,82.6
7731,-11494.24,11504.8398,1.59,98.5,82.5
7732,-12279.76,31935.4702,1.61,100.0,82.6
7733,-11552.98,1386.6129,1.58,100.0,82.6
7734,-11712.47,3744.3173,1.57,100.0,82.7
7735,-11828.96,5698.2419,1.6,86.4,82.8
7736,-12208.63,3497.2473,1.58,96.6,82.9
7737,-12191.81,29215.0444,1.58,100.0,82.8
7738,-12254.15,3950.3392,1.54,100.0,82.7
7739,-12542.08,36094.9536,1.59,100.0,82.9
7740,-11321.33,48955.7236,1.58,94.1,82.8
7741,-12283.61,13703.1223,1.62,100.0,82.9
7742,-12363.24,3101.6505,1.59,100.0,83.0
7743,-11304.95,55206.3457,1.52,100.0,82.9
7744,-11334.05,50132.1445,1.58,100.0,83.0
7745,-11628.26,12946.853,1.63,94.0,82.9
7746,-12320.63,2841.7698,1.61,98.3,83.1
7747,-11846.83,3788.162,1.57,100.0,83.1
7748,-11448.61,11597.439,1.64,100.0,83.1
7749,-11826.99,4729.031,1.59,100.0,83.2
7750,-12436.28,45596.2188,1.61,93.8,83.2
7751,-12025.28,1441.9607,1.57,100.0,83.3
7752,-12251.78,19777.4531,1.53,100.0,83.2
7753,-12308.6,5073.2139,1.55,100.0,83.3
7754,-12209.42,16775.7417,1.58,100.0,83.3
7755,-12260.02,39811.3857,1.67,99.0,83.3
7756,-12260.02,36606.6729,1.61,100.0,83.4
7757,-12274.57,54736.3711,1.6,100.0,83.4
7758,-12802.13,37424.2979,1.59,100.0,83.5
7759,-12704.84,25476.0234,1.66,100.0,83.6
7760,-11562.33,21291.6079,1.57,93.5,83.5
7761,-11584.74,18965.751,1.55,100.0,83.5
7762,-11490.16,36283.3086,1.51,100.0,83.6
7763,-11421.03,25496.5176,1.55,100.0,83.6
7764,-12050.35,25547.9463,1.58,99.7,83.8
7765,-11530.84,7712.442,1.64,100.0,83.8
7766,-11629.37,3611.3455,1.59,100.0,83.7
7767,-12201.36,25220.3252,1.54,100.0,83.7
7768,-12379.02,25345.4087,1.56,100.0,83.8
7769,-12426.61,21620.2124,1.6,99.4,83.9
7770,-11563.78,16434.321,1.59,98.3,83.9
7771,-11483.75,8712.1923,1.61,100.0,84.1
7772,-11788.55,4280.0629,1.61,93.9,82.3
7773,-11583.8,14275.8372,1.6,95.0,82.3
7774,-12391.46,13306.6609,1.57,100.0,82.6
7775,-12105.9,5743.3744,1.57,100.0,82.6
7776,-11554.97,9849.5869,1.58,100.0,82.6
7777,-11804.49,1459.5374,1.59,97.6,82.9
7778,-12207.02,11027.033,1.56,99.5,83.1
7779,-12171.47,4766.8503,1.54,100.0,83.2
7780,-11560.67,21822.4189,1.57,100.0,83.1
7781,-12244.85,14295.05,1.61,100.0,83.1
7782,-11804.49,1891.6807,1.63,96.5,83.4
7783,-12281.16,12586.229,1.63,98.9,83.4
7784,-12319.12,16066.0615,1.54,100.0,83.6
7785,-11862.66,1969.5524,1.59,100.0,83.6
7786,-12524.74,26863.4526,1.62,99.0,83.6
7787,-12515.77,12106.7739,1.66,96.1,83.8
7788,-12218.43,4693.7737,1.58,100.0,83.7
7789,-12384.42,8965.0978,1.53,100.0,83.7
7790,-12450.87,9176.826,1.55,100.0,83.7
7791,-12429.16,6904.5026,1.58,100.0,83.7
7792,-11610.25,36995.4102,1.63,97.5,83.8
7793,-11642.73,36067.5332,1.61,100.0,83.9
7794,-11480.01,52783.7832,1.57,100.0,83.9
7795,-11439.89,39588.2324,1.56,100.0,83.1
7796,-11785.51,19671.9746,1.65,100.0,83.2
7797,-11968.2,10894.0447,1.61,97.2,83.2
7798,-12274.87,16877.0383,1.59,100.0,83.2
7799,-12425.9,12579.6638,1.57,99.2,83.3
7800,-12389.38,6511.1438,1.59,98.5,83.5
7801,-12303.31,13405.1582,1.58,100.0,83.3
7802,-12222.19,7841.1682,1.59,100.0,83.4
7803,-11960.91,1582.9444,1.57,100.0,83.4
7804,-12205.81,3815.0843,1.58,100.0,83.4
7805,-11496.71,34398.54,1.59,100.0,83.5
7806,-12094.19,4057.5948,1.6,99.8,83.4
7807,-12110.01,2571.8646,1.63,97.9,83.6
7808,-11798.87,18852.1362,1.58,100.0,83.6
7809,-12205.91,6773.0129,1.74,100.0,84.1
7810,-12160.93,1100.3178,1.58,100.0,84.1
7811,-11769.1,17028.1772,1.58,100.0,84.1
7812,-12219.15,2677.7153,1.65,98.9,84.3
7813,-11638.51,19199.3423,1.58,100.0,84.3
7814,-12056.79,2941.0867,1.55,100.0,84.3
7815,-11583.8,12962.001,1.55,100.0,83.5
7816,-13092.85,89248.1836,1.64,100.0,83.5
7817,-12214.12,7202.6888,1.66,99.0,83.4
7818,-12046.43,8490.6602,1.57,100.0,83.5
7819,-12178.23,43007.1504,1.63,100.0,83.7
7820,-12173.02,788.8867,1.58,100.0,83.5
7821,-11562.33,23947.4634,1.62,99.0,83.5
7822,-12240.12,9085.4099,1.6,95.2,83.4
7823,-12252.35,7560.6561,1.57,99.1,83.9
7824,-12037.89,3729.3655,1.56,100.0,83.9
7825,-11680.49,25654.6099,1.57,100.0,83.8
7826,-11539.96,28600.4858,1.62,100.0,83.8
7827,-11572.9,22151.6006,1.59,98.1,84.1
7828,-11496.75,17430.925,1.57,100.0,84.3
7829,-12289.32,2721.6172,1.57,100.0,84.3
7830,-12349.62,20679.9268,1.55,100.0,84.2
7831,-11586.24,6387.2996,1.63,98.0,83.8
7832,-11537.89,7238.1669,1.62,90.2,84.0
7833,-11617.83,4554.3822,1.57,100.0,84.1
7834,-12248.56,20280.0034,1.54,100.0,84.2
7835,-11869.04,2917.5932,1.54,100.0,84.1
7836,-11365.38,18087.5645,1.6,100.0,83.8
7837,-11876.72,2251.1265,1.58,95.9,83.6
7838,-11402.43,12000.6333,1.56,100.0,83.7
7839,-12211.65,10252.2759,1.56,100.0,83.3
7840,-12402.06,28275.0703,1.59,100.0,83.3
7841,-11617.15,30768.4414,1.64,100.0,83.3
7842,-12251.02,13097.7715,1.58,95.0,83.7
7843,-12260.9,10875.7456,1.58,100.0,83.7
7844,-11913.87,1282.5169,1.54,100.0,83.8
7845,-11869.04,949.5609,1.58,100.0,83.8
7846,-11894.31,561.0838,1.6,97.1,84.1
7847,-11493.34,16321.9019,1.54,97.5,83.2
7848,-11921.04,1553.3545,1.52,100.0,83.3
7849,-12308.88,2647.574,1.51,100.0,83.3
7850,-11479.85,14596.7429,1.57,100.0,83.3
7851,-11484.17,13428.5803,1.57,100.0,83.8
7852,-11892.17,1548.1266,1.56,100.0,83.8
7853,-11571.55,3943.0903,1.53,100.0,83.6
7854,-12166.61,5185.2213,1.57,100.0,83.6
7855,-11449.89,10914.4456,1.57,100.0,83.7
7856,-11456.41,8826.3643,1.57,97.6,84.0
7857,-12236.63,51499.9961,1.62,100.0,83.8
7858,-11448.72,4590.4748,1.53,99.9,83.5
7859,-12271.62,41724.4131,1.56,99.8,83.4
7860,-11466.22,2921.726,1.56,100.0,83.5
7861,-12361.77,56733.7373,1.58,100.0,83.5
7862,-12811.23,83275.0859,1.61,100.0,83.6
7863,-11888.89,10115.4282,1.54,100.0,83.5
7864,-11902.93,8092.3698,1.58,100.0,83.1
7865,-12662.18,43618.2471,1.62,100.0,83.0
7866,-13375.0,117085.5371,1.65,100.0,83.1
7867,-11915.75,6458.4382,1.61,100.0,83.1
7868,-12295.72,12742.4597,1.55,100.0,83.2
7869,-12530.04,45272.3955,1.62,100.0,83.2
7870,-12476.02,19636.6138,1.58,100.0,83.3
7871,-11714.74,20175.7314,1.55,99.9,83.2
7872,-11445.51,43419.3359,1.6,100.0,83.3
7873,-11921.73,8875.9177,1.56,100.0,83.2
7874,-11554.25,26273.0137,1.59,100.0,83.3
7875,-11448.52,22777.8457,1.67,99.1,83.4
7876,-11537.89,6715.6973,1.61,95.2,83.5
7877,-12194.2,4122.5983,1.61,100.0,83.5
7878,-11877.58,3634.2878,1.53,100.0,83.4
7879,-11916.2,3606.3176,1.58,99.3,83.5
7880,-11868.94,2156.5494,1.58,98.8,83.6
7881,-11607.69,23162.1943,1.58,99.1,83.7
7882,-11484.63,6203.7422,1.57,100.0,83.8
7883,-11481.33,8735.1121,1.56,100.0,83.7
7884,-11499.84,11740.6216,1.59,100.0,83.8
7885,-11534.56,8510.6332,1.62,97.9,84.0
7886,-11884.53,33663.25,1.61,97.3,83.9
7887,-12437.4,64029.7451,1.59,100.0,83.8
7888,-12392.78,67483.2021,1.54,100.0,83.9
7889,-11401.39,19356.9321,1.58,97.6,83.7
7890,-11423.88,14648.728,1.59,100.0,83.7
7891,-13070.43,102727.9668,1.66,100.0,83.8
7892,-12393.25,43095.2686,1.62,100.0,83.8
7893,-12478.69,47557.873,1.57,100.0,84.0
7894,-12835.66,55859.249,1.61,100.0,83.9
7895,-11486.38,14390.905,1.58,100.0,83.9
7896,-11964.93,15328.0481,1.59,100.0,83.9
7897,-12383.26,28903.2183,1.6,100.0,83.9
7898,-12778.83,37715.665,1.6,100.0,84.0
7899,-12953.37,40277.7656,1.62,96.2,84.2
7900,-12375.14,33641.1035,1.58,100.0,84.1
7901,-11796.27,10325.3618,1.56,100.0,84.1
7902,-12359.93,15950.4956,1.56,100.0,84.1
7903,-12482.27,21042.6099,1.61,100.0,84.2
7904,-11638.89,19000.106,1.59,99.2,84.7
7905,-12487.22,19455.1509,1.67,100.0,84.7
7906,-12556.7,37683.6484,1.61,100.0,84.6
7907,-13210.03,48766.8467,1.61,100.0,84.5
7908,-12609.18,20598.8672,1.61,99.3,84.6
7909,-12426.66,14883.8274,1.6,93.9,84.7
7910,-12570.69,13761.3083,1.6,100.0,84.7
7911,-12646.43,26413.8618,1.6,100.0,84.8
7912,-12582.48,8838.4846,1.61,100.0,84.8
7913,-12172.59,10391.1191,1.58,100.0,84.9
7914,-12573.97,5682.7593,1.6,100.0,84.9
7915,-12539.24,3890.0267,1.63,100.0,85.1
7916,-12535.44,3842.1705,1.65,100.0,84.9
7917,-12509.84,1999.6497,1.58,100.0,85.0
7918,-12433.69,3055.887,1.58,100.0,85.0
7919,-12546.77,4710.0852,1.65,100.0,85.0
7920,-12444.63,1131.4034,1.62,100.0,85.1
7921,-12513.7,4719.9172,1.66,100.0,85.0
7922,-12649.18,4146.1402,1.6,100.0,85.1
7923,-12692.16,2648.8577,1.62,100.0,85.2
7924,-12533.67,3529.9495,1.65,100.0,85.1
7925,-12513.31,2886.5922,1.68,98.0,85.2
7926,-12547.38,2126.3736,1.62,100.0,85.1
7927,-12440.28,2038.6664,1.59,100.0,85.1
7928,-12529.58,1476.8382,1.58,100.0,85.2
7929,-12574.83,1284.0136,1.63,100.0,85.2
7930,-12651.35,3851.0576,1.64,98.7,85.3
7931,-12502.0,3639.5113,1.63,97.6,85.4
7932,-12505.32,906.3356,1.63,100.0,85.5
7933,-12533.67,1133.5449,1.64,100.0,85.6
7934,-12651.35,2748.68,1.62,100.0,85.6
7935,-12547.38,1198.0586,1.64,93.8,85.6
7936,-12533.67,738.551,1.61,99.6,85.1
7937,-12571.96,620.3572,1.59,100.0,85.1
7938,-12563.67,258.1668,1.61,100.0,85.2
7939,-12546.43,153.5224,1.63,100.0,85.3
7940,-12231.81,7246.4105,1.62,100.0,85.4
7941,-12481.42,2302.7261,1.63,100.0,85.4
7942,-12491.31,803.2598,1.59,100.0,85.3
7943,-12357.61,1000.3189,1.55,100.0,85.4
7944,-13074.72,41591.0107,1.61,93.6,85.5
7945,-12422.4,3065.2736,1.6,97.7,85.6
7946,-13059.29,41698.8584,1.6,100.0,85.7
7947,-12311.23,7297.7222,1.58,100.0,85.7
7948,-12254.62,7292.3518,1.61,100.0,85.6
7949,-12143.5,6658.3892,1.64,99.1,85.8
7950,-12014.87,6908.9183,1.62,100.0,85.8
7951,-12311.5,1930.0787,1.62,100.0,85.9
7952,-12234.94,3201.0692,1.57,100.0,85.9
7953,-13252.18,68049.1738,1.56,99.8,85.9
7954,-13280.75,69743.373,1.6,95.1,86.0
7955,-12404.53,688.1819,1.58,100.0,86.0
7956,-13252.97,55678.5508,1.59,100.0,86.0
7957,-12555.9,3709.8846,1.57,100.0,86.1
7958,-12121.91,15104.1741,1.61,100.0,86.1
7959,-12298.37,6853.2053,1.64,100.0,86.1
7960,-11826.22,23845.1147,1.66,100.0,86.1
7961,-12433.47,2348.1183,1.68,100.0,86.0
7962,-13364.07,68792.8027,1.6,100.0,86.1
7963,-12200.95,3699.5969,1.58,100.0,86.0
7964,-12375.13,2948.7115,1.61,100.0,86.2
7965,-12310.04,1291.6563,1.69,100.0,86.2
7966,-12423.07,2817.1866,1.73,93.4,86.3
7967,-13202.79,63072.877,1.63,100.0,86.2
7968,-13043.79,44217.4004,1.63,100.0,86.2
7969,-12504.77,1747.6627,1.64,100.0,86.3
7970,-13242.37,38225.2695,1.64,100.0,86.3
7971,-12616.51,7365.4034,1.63,98.7,86.5
7972,-12467.49,4114.9229,1.59,100.0,86.5
7973,-12428.31,2759.7413,1.6,100.0,86.6
7974,-12467.49,1587.0175,1.64,100.0,86.6
7975,-12812.18,16726.7754,1.63,100.0,86.7
7976,-13066.18,26394.8999,1.61,99.8,86.8
7977,-13314.15,38410.7559,1.63,100.0,86.7
7978,-12515.82,1224.4475,1.59,100.0,86.8
7979,-12467.49,1544.7455,1.6,100.0,86.9
7980,-12634.09,1567.2924,1.6,99.9,86.9
7981,-12294.31,5563.6958,1.59,100.0,87.1
7982,-12554.98,5055.1027,1.6,100.0,87.0
7983,-13117.11,23363.0234,1.58,100.0,87.0
7984,-12870.85,19756.2456,1.62,100.0,87.0
7985,-13054.71,16307.4731,1.59,100.0,87.1
7986,-12191.6,15101.7048,1.63,100.0,87.2
7987,-12250.54,15266.3982,1.65,100.0,87.3
7988,-12555.62,2795.0128,1.6,100.0,87.3
7989,-12087.89,11994.6885,1.6,100.0,87.2
7990,-12325.89,1508.6918,1.62,100.0,87.3
7991,-13020.41,25557.3325,1.67,100.0,87.3
7992,-12535.0,1969.6895,1.67,98.5,87.6
7993,-13066.18,33710.5273,1.65,96.3,87.6
7994,-12555.62,712.4361,1.6,100.0,87.5
7995,-12555.62,592.5616,1.61,99.9,87.5
7996,-13076.03,22287.2188,1.61,100.0,87.6
7997,-12318.49,4136.7419,1.63,100.0,87.7
7998,-13066.18,27287.7158,1.64,100.0,87.8
7999,-12656.53,1934.7472,1.63,100.0,87.7
8000,-12304.18,2395.4216,1.63,100.0,87.6
8001,-12890.98,10627.1667,1.62,95.6,87.5
8002,-12616.51,5977.2578,1.62,99.5,87.7
8003,-13289.58,30969.4106,1.59,99.2,87.3
8004,-13032.99,17682.6516,1.58,100.0,87.4
8005,-12097.87,22224.626,1.58,100.0,87.5
8006,-12629.68,6260.9917,1.6,100.0,87.3
8007,-12914.31,12854.1001,1.64,100.0,87.4
8008,-12644.35,3780.7919,1.59,100.0,87.4
8009,-12839.34,6054.1375,1.6,100.0,87.6
8010,-12740.91,6367.1615,1.65,100.0,87.6
8011,-12985.8,22128.4971,1.6,100.0,87.7
8012,-12464.22,4307.4158,1.58,100.0,87.5
8013,-12448.7,4921.7766,1.6,100.0,87.5
8014,-12903.86,20146.1152,1.59,100.0,87.6
8015,-12964.92,12689.0483,1.56,100.0,87.6
8016,-12867.55,21866.0884,1.61,100.0,87.7
8017,-12322.31,8403.7004,1.58,100.0,87.6
8018,-12350.2,8113.3639,1.61,100.0,87.7
8019,-12234.65,9458.0552,1.68,100.0,87.7
8020,-12857.81,9973.2158,1.65,100.0,87.7
8021,-12406.21,2789.0007,1.62,99.1,87.8
8022,-12284.11,3598.4496,1.59,100.0,87.9
8023,-12620.3,5108.4747,1.59,100.0,87.8
8024,-12596.01,3675.618,1.67,100.0,88.0
8025,-12555.0,5490.5791,1.71,97.3,88.1
8026,-13080.11,38838.3574,1.64,91.2,87.9
8027,-13015.28,28388.5229,1.62,100.0,88.0
8028,-13066.18,26921.7075,1.58,100.0,88.1
8029,-12375.33,2736.9423,1.64,100.0,88.0
8030,-12287.25,4612.7366,1.63,92.8,88.1
8031,-12382.65,4652.1053,1.62,99.3,88.1
8032,-12525.64,4513.061,1.67,100.0,88.2
8033,-12450.57,868.4732,1.59,100.0,88.2
8034,-12437.97,1726.3907,1.63,100.0,88.2
8035,-12394.08,1725.9181,1.63,96.9,88.2
8036,-13028.87,53124.0596,1.63,98.9,88.2
8037,-12446.4,754.3353,1.62,100.0,88.3
8038,-13217.4,48630.4814,1.58,100.0,88.3
8039,-12505.31,4186.1964,1.62,100.0,88.4
8040,-12515.82,1318.812,1.6,99.0,88.5
8041,-13250.77,37568.002,1.56,100.0,86.4
8042,-12446.4,1390.8352,1.59,100.0,86.5
8043,-12505.31,1752.3405,1.62,100.0,86.6
8044,-12515.82,879.1537,1.63,100.0,86.6
8045,-12505.31,1379.2293,1.61,100.0,86.6
8046,-12505.31,987.4174,1.62,100.0,86.7
8047,-12346.17,6665.3314,1.59,100.0,86.7
8048,-12349.7,6106.8716,1.63,100.0,86.7
8049,-13252.18,40379.791,1.61,99.7,86.8
8050,-12270.12,7001.885,1.57,100.0,87.0
8051,-12995.56,48519.6738,1.6,98.2,86.9
8052,-12446.4,717.8233,1.61,100.0,86.9
8053,-12148.99,10399.032,1.64,100.0,86.9
8054,-12206.3,4747.0457,1.61,100.0,86.9
8055,-12378.22,627.8212,1.63,100.0,87.1
8056,-12535.0,6176.9778,1.59,100.0,87.2
8057,-11912.78,20636.5815,1.64,100.0,87.1
8058,-12218.91,6020.2972,1.61,100.0,87.1
8059,-12484.94,2337.4265,1.61,100.0,87.2
8060,-12483.0,2047.4383,1.62,100.0,87.3
8061,-12441.9,756.5085,1.62,100.0,87.3
8062,-13163.62,33781.6655,1.66,100.0,87.2
8063,-13055.03,22120.8882,1.62,100.0,87.4
8064,-13055.03,17443.2209,1.63,100.0,87.4
8065,-12381.17,5616.4341,1.7,100.0,87.4
8066,-12381.17,6047.3995,1.63,100.0,87.6
8067,-12316.29,7963.0867,1.61,100.0,87.5
8068,-12316.29,4965.7848,1.61,99.8,87.5
8069,-12549.7,3016.4307,1.62,100.0,87.6
8070,-13145.54,27975.4951,1.65,100.0,87.6
8071,-12554.98,2220.3194,1.64,99.2,87.6
8072,-12345.78,2341.0877,1.63,100.0,87.7
8073,-12136.39,7139.5399,1.62,95.7,87.7
8074,-13124.15,32429.3359,1.6,100.0,87.8
8075,-12782.39,24267.5947,1.61,100.0,87.7
8076,-12573.19,1169.5753,1.61,100.0,87.8
8077,-12782.39,18899.7646,1.62,100.0,87.8
8078,-13020.41,15266.5005,1.6,100.0,87.9
8079,-13190.97,19478.5166,1.59,100.0,87.9
8080,-13103.32,9407.6515,1.62,100.0,88.0
8081,-12085.3,27748.6538,1.61,100.0,87.9
8082,-12321.35,33037.4067,1.62,100.0,88.1
8083,-12208.19,14746.2168,1.61,98.9,88.1
8084,-12614.06,8523.3209,1.58,100.0,87.5
8085,-12208.19,7630.7166,1.61,100.0,87.5
8086,-12810.05,18511.9473,1.61,100.0,87.5
8087,-13028.44,12029.7676,1.61,99.9,87.6
8088,-12245.0,6552.6538,1.62,100.0,87.6
8089,-12426.61,5201.6754,1.59,100.0,87.7
8090,-12948.85,16932.8589,1.57,100.0,87.1
8091,-12608.78,6907.4003,1.6,99.9,87.0
8092,-12253.48,5568.7217,1.6,100.0,87.1
8093,-12896.79,17470.6079,1.67,99.8,87.1
8094,-12819.6,12265.0002,1.63,100.0,87.1
8095,-12909.93,14821.2012,1.57,100.0,87.2
8096,-13048.54,26139.2148,1.64,100.0,87.2
8097,-13136.25,9886.3403,1.63,100.0,86.5
8098,-12591.48,11568.072,1.62,99.3,86.1
8099,-12810.34,6842.9996,1.58,100.0,86.0
8100,-12543.88,12701.845,1.59,100.0,86.1
8101,-13158.46,8259.4596,1.63,100.0,86.2
8102,-12138.27,26545.5972,1.66,98.1,86.4
8103,-13016.72,21127.8433,1.67,87.4,86.3
8104,-12262.83,19324.9077,1.62,100.0,86.3
8105,-12166.88,18490.1899,1.59,100.0,86.5
8106,-13030.42,22290.2163,1.6,100.0,86.5
8107,-13030.42,21683.439,1.63,100.0,86.7
8108,-12377.23,10495.2966,1.6,99.4,86.7
8109,-12363.27,10751.6846,1.56,100.0,86.8
8110,-12879.16,10092.9309,1.61,100.0,86.7
8111,-13018.12,17189.8208,1.6,100.0,86.7
8112,-12348.27,7145.3051,1.62,100.0,86.7
8113,-12042.63,20707.604,1.62,99.5,86.9
8114,-12417.15,5480.1837,1.62,100.0,86.8
8115,-12756.27,8183.2537,1.57,100.0,86.9
8116,-12756.27,7982.9652,1.58,100.0,86.9
8117,-12138.27,11282.6492,1.6,100.0,86.8
8118,-12377.23,3060.103,1.59,100.0,87.0
8119,-13082.47,8905.4536,1.69,100.0,87.0
8120,-13117.11,9584.3057,1.68,99.2,87.0
8121,-12712.69,13476.3215,1.62,100.0,87.2
8122,-12405.59,7787.0536,1.6,100.0,87.1
8123,-12381.36,3686.2489,1.61,100.0,87.1
8124,-12236.6,4145.0044,1.65,100.0,87.2
8125,-12343.31,5602.9863,1.63,100.0,87.1
8126,-13245.89,47448.5879,1.61,100.0,87.1
8127,-12071.86,14932.655,1.62,100.0,87.3
8128,-12223.89,4066.5441,1.62,100.0,87.2
8129,-12612.06,6420.0769,1.65,100.0,87.3
8130,-12038.24,9363.7708,1.64,98.8,87.3
8131,-13127.51,19440.0278,1.59,100.0,87.2
8132,-12487.52,4617.2095,1.57,100.0,87.3
8133,-12372.32,3453.2977,1.6,100.0,87.5
8134,-12919.21,22653.3999,1.62,100.0,87.4
8135,-13143.12,38045.6865,1.61,100.0,87.4
8136,-12470.58,3431.9896,1.6,100.0,87.5
8137,-12941.55,12116.8203,1.64,100.0,88.1
8138,-12983.53,29236.3423,1.67,99.9,88.2
8139,-12354.26,7847.6216,1.61,100.0,88.1
8140,-13188.56,20167.9102,1.59,100.0,88.0
8141,-13185.52,19101.5439,1.63,100.0,88.0
8142,-12461.21,7517.6857,1.68,100.0,88.0
8143,-13143.12,20084.9702,1.68,100.0,88.0
8144,-12384.38,12974.3003,1.64,100.0,88.0
8145,-12492.52,7347.6345,1.63,100.0,87.9
8146,-13361.26,39654.4287,1.65,100.0,88.0
8147,-12517.91,8047.5558,1.62,100.0,87.8
8148,-12568.65,6986.6434,1.62,100.0,87.8
8149,-12330.83,10919.3135,1.61,100.0,87.8
8150,-12517.91,5078.9401,1.61,100.0,87.5
8151,-12517.91,3949.7319,1.64,100.0,87.4
8152,-12517.91,2915.7399,1.58,100.0,87.4
8153,-12422.57,12556.7717,1.66,100.0,87.4
8154,-12448.13,1849.9795,1.61,99.0,87.4
8155,-12557.43,4085.4178,1.58,100.0,87.4
8156,-12966.51,18115.3579,1.59,100.0,87.4
8157,-12176.06,9216.3337,1.59,100.0,87.4
8158,-12246.87,14539.9482,1.62,100.0,87.3
8159,-12338.71,4411.6696,1.59,100.0,87.4
8160,-12231.51,5075.9643,1.64,100.0,87.4
8161,-12854.05,20073.1851,1.58,100.0,87.4
8162,-12468.55,4205.3355,1.62,100.0,87.4
8163,-12292.91,3550.1923,1.66,100.0,87.3
8164,-13032.99,27567.7402,1.63,100.0,87.3
8165,-12207.18,14419.2573,1.6,100.0,87.3
8166,-12338.71,1150.3571,1.64,100.0,87.4
8167,-13044.35,26243.6934,1.59,100.0,87.4
8168,-12810.92,25394.0532,1.64,100.0,87.5
8169,-12272.12,12911.7598,1.71,100.0,87.5
8170,-12714.01,25132.9185,1.71,85.3,87.5
8171,-13427.92,60238.9922,1.62,100.0,87.6
8172,-12329.34,15327.9407,1.59,100.0,87.6
8173,-12922.26,17207.8501,1.61,100.0,87.6
8174,-12965.63,15235.2451,1.72,100.0,87.7
8175,-12099.96,20652.1606,1.63,95.9,87.6
8176,-12249.89,9925.1213,1.64,100.0,87.7
8177,-12849.29,15007.2434,1.61,100.0,87.7
8178,-12609.38,3289.0754,1.6,100.0,87.8
8179,-12962.22,15269.5559,1.64,98.5,87.8
8180,-12849.29,11151.9556,1.59,96.4,87.9
8181,-12483.02,6364.3706,1.59,100.0,87.8
8182,-12931.43,4997.7639,1.57,100.0,87.8
8183,-13171.56,19270.7646,1.58,100.0,87.9
8184,-12453.82,7114.2388,1.63,100.0,88.0
8185,-12453.82,6540.4354,1.61,100.0,88.1
8186,-12354.45,8347.8713,1.61,100.0,88.1
8187,-12379.28,13161.5791,1.69,100.0,88.0
8188,-12268.93,6473.2148,1.59,100.0,88.0
8189,-12143.96,6915.1855,1.6,100.0,88.1
8190,-12217.86,6099.0997,1.62,100.0,88.1
8191,-12483.02,6941.8848,1.66,98.5,88.3
8192,-12914.89,27623.481,1.66,100.0,88.3
8193,-12920.97,25608.6616,1.59,100.0,88.2
8194,-12238.5,4702.5149,1.65,100.0,88.2
8195,-12354.26,2509.0552,1.66,98.5,88.3
8196,-12206.39,4357.7253,1.65,92.2,88.4
8197,-12394.86,6862.1943,1.61,100.0,88.5
8198,-12180.39,4409.5796,1.61,100.0,88.4
8199,-12141.74,4420.857,1.62,100.0,88.5
8200,-13046.18,34180.2471,1.66,100.0,88.3
8201,-12263.32,6773.7566,1.65,99.0,87.7
8202,-12146.37,2060.2867,1.61,99.5,87.7
8203,-12300.21,5968.2781,1.62,100.0,87.6
8204,-12300.21,4300.2701,1.61,100.0,87.6
8205,-12385.13,7851.3737,1.63,97.7,87.5
8206,-12346.03,979.7653,1.6,97.1,87.7
8207,-12346.03,730.064,1.61,100.0,87.5
8208,-12445.87,841.6317,1.59,100.0,87.6
8209,-12319.8,840.8412,1.6,100.0,87.6
8210,-12394.86,2695.3782,1.6,100.0,87.6
8211,-12551.93,4278.7678,1.63,99.4,87.7
8212,-13094.95,45983.3984,1.66,100.0,88.1
8213,-12551.93,1500.9004,1.59,100.0,88.0
8214,-12444.38,1357.2926,1.59,100.0,87.9
8215,-12523.45,247.5437,1.57,100.0,88.1
8216,-12346.03,3076.3542,1.6,99.8,88.3
8217,-12450.41,360.7495,1.6,100.0,88.4
8218,-12416.17,542.7148,1.58,100.0,88.4
8219,-12451.19,5009.0142,1.6,100.0,88.4
8220,-12507.82,697.3941,1.6,100.0,88.5
8221,-12503.93,479.8896,1.62,100.0,88.5
8222,-12313.75,6777.4706,1.67,100.0,88.5
8223,-12499.83,260.7334,1.62,100.0,88.5
8224,-12499.83,165.6247,1.59,100.0,88.6
8225,-12468.77,359.0073,1.6,100.0,88.7
8226,-12538.07,962.343,1.61,100.0,88.7
8227,-12503.45,441.4463,1.66,100.0,88.9
8228,-12487.7,227.8916,1.68,96.8,88.9
8229,-12545.01,225.4392,1.61,99.2,89.0
8230,-12208.39,10717.9626,1.65,100.0,89.1
8231,-12054.16,20676.0591,1.61,100.0,89.2
8232,-12520.56,354.4193,1.63,100.0,89.2
8233,-12519.03,349.7145,1.62,99.5,89.2
8234,-12523.24,61.8863,1.59,100.0,89.3
8235,-13289.24,55057.1123,1.66,100.0,89.2
8236,-12395.77,2062.8307,1.67,100.0,89.3
8237,-12462.45,1066.286,1.65,98.5,89.4
8238,-12054.16,16796.9216,1.66,98.0,88.7
8239,-12462.45,57.5193,1.61,98.5,88.3
8240,-12433.62,35.7415,1.64,100.0,88.3
8241,-13134.02,32959.4517,1.6,100.0,88.2
8242,-13134.02,29061.1377,1.62,100.0,88.3
8243,-12294.39,4346.0746,1.6,100.0,88.2
8244,-12335.42,3446.8549,1.6,100.0,88.3
8245,-12424.7,2139.0706,1.65,100.0,88.3
8246,-13009.01,26493.3579,1.67,100.0,88.3
8247,-12469.8,595.2226,1.61,100.0,88.4
8248,-12308.91,3130.097,1.6,99.6,88.5
8249,-13163.81,21433.1616,1.59,100.0,88.4
8250,-13169.77,18777.998,1.6,100.0,88.4
8251,-13037.61,24242.8306,1.62,100.0,88.5
8252,-13170.29,12252.6277,1.58,100.0,88.6
8253,-12913.31,8394.5277,1.57,100.0,88.7
8254,-12739.03,7677.0767,1.61,100.0,88.8
8255,-13189.13,8143.0271,1.63,100.0,88.7
8256,-13158.17,9753.8794,1.65,96.4,88.7
8257,-12320.15,17160.9385,1.61,100.0,88.8
8258,-12394.13,12990.981,1.58,100.0,88.8
8259,-12342.28,12348.1226,1.64,100.0,88.9
8260,-13054.35,10239.0574,1.66,100.0,88.9
8261,-13064.23,6760.4955,1.63,100.0,88.9
8262,-12714.87,6470.0553,1.72,99.0,88.6
8263,-13042.87,5357.0295,1.64,100.0,88.7
8264,-13115.89,3679.5526,1.62,100.0,88.5
8265,-12684.07,7339.1294,1.66,97.7,88.7
8266,-13043.7,6104.5941,1.63,92.7,88.7
8267,-12408.32,11826.4241,1.63,100.0,88.9
8268,-12749.41,5957.7882,1.65,100.0,89.1
8269,-12535.42,6782.0566,1.59,100.0,89.1
8270,-12979.05,7647.4774,1.64,100.0,89.3
8271,-13243.1,5860.9727,1.64,100.0,89.4
8272,-13201.24,3592.4257,1.63,97.5,89.4
8273,-11972.93,40797.1592,1.62,99.9,89.4
8274,-12843.07,8155.426,1.54,99.2,89.5
8275,-12863.26,1591.6935,1.6,96.2,89.5
8276,-12871.11,10379.4518,1.6,97.7,89.7
8277,-12871.11,2622.5604,1.59,100.0,89.6
8278,-12882.94,1153.6844,1.58,100.0,89.6
8279,-12871.11,758.7031,1.59,100.0,89.6
8280,-13086.31,18089.6875,1.65,99.3,89.8
8281,-12777.36,11067.46,1.63,100.0,89.9
8282,-12862.64,11440.3628,1.64,98.8,89.9
8283,-12027.57,48764.7988,1.63,100.0,89.9
8284,-12218.16,21472.8271,1.51,99.5,89.9
8285,-12697.23,6136.5253,1.62,100.0,90.1
8286,-11756.24,44848.9834,1.54,100.0,90.2
8287,-13166.97,17817.5356,1.59,100.0,90.2
8288,-13112.04,13472.8098,1.57,100.0,90.2
8289,-11777.83,37311.3711,1.53,100.0,90.1
8290,-12826.53,10003.342,1.61,100.0,90.3
8291,-12311.99,10992.7542,1.69,100.0,90.3
8292,-12638.39,6268.4521,1.69,99.9,89.8
8293,-13060.47,10174.9268,1.64,100.0,89.9
8294,-12544.73,6758.5529,1.59,100.0,90.0
8295,-12483.27,4628.5275,1.62,100.0,89.9
8296,-12563.15,3083.5389,1.68,100.0,89.8
8297,-12512.92,1257.787,1.68,99.5,89.8
8298,-12512.92,1024.6277,1.67,98.5,89.7
8299,-12512.92,493.4226,1.62,99.9,89.7
8300,-12563.15,658.3688,1.61,100.0,89.6
8301,-12563.15,324.1779,1.68,99.8,89.7
8302,-12548.73,210.3247,1.64,95.5,89.9
8303,-12548.73,180.3206,1.62,100.0,89.9
8304,-11906.08,36615.5303,1.54,100.0,89.9
8305,-12529.84,294.5642,1.6,100.0,89.9
8306,-12556.17,3513.9741,1.68,100.0,89.9
8307,-12563.15,551.5968,1.66,98.5,90.0
8308,-12562.61,1479.1152,1.64,100.0,90.0
8309,-11847.45,40881.8594,1.54,100.0,90.0
8310,-12593.73,1023.8558,1.59,100.0,90.0
8311,-12635.4,1357.8177,1.61,100.0,90.0
8312,-12433.69,1527.2014,1.68,94.3,90.1
8313,-12509.84,542.6353,1.58,100.0,90.1
8314,-12509.84,235.3082,1.54,100.0,90.1
8315,-12396.62,2015.6558,1.59,100.0,90.2
8316,-12443.61,735.073,1.64,100.0,90.3
8317,-12556.14,3860.1863,1.62,100.0,90.2
8318,-12479.82,1206.0986,1.6,100.0,90.2
8319,-12602.99,1538.2185,1.6,100.0,89.7
8320,-12507.67,572.6553,1.6,100.0,89.8
8321,-13145.61,49266.8398,1.63,100.0,89.9
8322,-12481.42,631.8768,1.61,100.0,89.9
8323,-13209.17,41361.5732,1.58,100.0,89.9
8324,-12437.25,2175.0546,1.6,98.3,89.9
8325,-12339.75,3162.5095,1.61,100.0,90.0
8326,-13274.77,46440.8398,1.64,100.0,90.0
8327,-12457.29,1495.0366,1.64,100.0,90.1
8328,-12457.29,1061.6488,1.69,100.0,90.1
8329,-12482.86,75328.9941,1.63,100.0,90.2
8330,-12437.25,414.1025,1.57,100.0,90.1
8331,-12425.39,490.9939,1.6,100.0,90.1
8332,-12437.25,276.0519,1.67,100.0,89.6
8333,-12457.29,1428.6064,1.67,100.0,89.7
8334,-12437.25,130.4027,1.62,100.0,89.8
8335,-12885.64,52448.5566,1.63,100.0,89.7
8336,-12457.29,747.0803,1.66,99.0,89.8
8337,-12357.69,1649.794,1.65,97.7,90.3
8338,-12437.25,221.4761,1.64,100.0,90.4
8339,-12885.64,52653.9863,1.6,100.0,90.5
8340,-11945.69,14313.4775,1.56,99.9,90.4
8341,-12419.79,4351.9102,1.65,100.0,90.6
8342,-12609.41,44668.8535,1.65,100.0,90.9
8343,-12887.52,34555.8813,1.68,98.2,91.3
8344,-12786.65,37032.2891,1.59,100.0,91.1
8345,-11758.33,29816.3535,1.54,99.9,90.9
8346,-12786.65,29188.7114,1.64,99.2,91.0
8347,-12672.32,26916.937,1.62,96.9,91.1
8348,-12885.64,26218.0664,1.63,100.0,91.5
8349,-12462.6,11614.6584,1.58,100.0,91.6
8350,-12156.26,13557.5471,1.69,98.9,91.9
8351,-12548.67,6199.4619,1.65,100.0,91.7
8352,-11856.89,28182.9976,1.63,100.0,91.7
8353,-12763.72,13683.189,1.65,98.0,91.0
8354,-13004.75,12545.3835,1.61,100.0,91.1
8355,-12462.42,4429.3458,1.59,100.0,91.1
8356,-12333.68,5515.6721,1.63,100.0,91.0
8357,-12176.78,13638.0364,1.66,99.1,90.0
8358,-12518.46,6994.9587,1.58,100.0,88.6
8359,-12518.46,4591.2792,1.61,100.0,88.6
8360,-12399.58,4452.2554,1.69,100.0,88.7
8361,-12399.58,3792.8251,1.69,95.2,88.6
8362,-12148.47,8565.9988,1.6,100.0,88.6
8363,-12354.39,1874.5525,1.59,100.0,88.3
8364,-12850.61,20552.9722,1.57,100.0,88.2
8365,-12014.64,20671.4927,1.63,100.0,88.3
8366,-13124.88,16736.678,1.66,99.4,88.3
8367,-12446.76,915.0656,1.61,99.3,88.5
8368,-12329.56,1279.0474,1.63,100.0,88.5
8369,-12390.82,521.0756,1.63,100.0,88.6
8370,-12216.45,18476.6602,1.67,100.0,89.0
8371,-11939.91,17361.3396,1.65,94.1,89.4
8372,-12390.82,1890.0051,1.63,99.1,89.5
8373,-12130.91,12130.5513,1.62,100.0,89.6
8374,-13181.05,26705.5132,1.63,100.0,89.7
8375,-13221.22,45338.3779,1.65,100.0,89.5
8376,-12848.88,17779.0369,1.64,98.5,89.7
8377,-13094.17,24431.6343,1.74,100.0,89.7
8378,-13090.64,18162.0078,1.66,100.0,89.7
8379,-12025.3,22723.4062,1.62,100.0,89.7
8380,-12130.91,23719.8086,1.57,99.4,88.7
8381,-11289.53,93244.5703,1.56,100.0,88.7
8382,-12176.78,20214.8652,1.58,99.4,89.0
8383,-12383.74,2481.2603,1.61,100.0,88.9
8384,-11444.12,52542.3105,1.58,100.0,88.4
8385,-11435.23,44964.4053,1.54,100.0,88.4
8386,-13062.09,27359.7207,1.59,100.0,88.5
8387,-11429.5,27917.9927,1.59,100.0,88.5
8388,-12111.08,34523.6768,1.61,100.0,88.3
8389,-11525.35,28629.3169,1.6,100.0,88.3
8390,-11566.77,20192.1851,1.58,100.0,88.3
8391,-11727.27,13367.6973,1.57,100.0,88.1
8392,-11566.77,11520.4363,1.57,100.0,88.1
8393,-11243.61,16306.9336,1.58,100.0,88.1
8394,-11633.47,5384.2612,1.55,99.8,88.1
8395,-11305.29,8245.0676,1.56,100.0,88.1
8396,-11279.87,6591.3872,1.59,100.0,88.1
8397,-11602.2,7744.1752,1.58,100.0,88.0
8398,-13141.35,143062.6719,1.69,97.8,88.0
8399,-11950.49,24507.2017,1.59,99.5,88.1
8400,-12374.71,57353.3691,1.63,100.0,88.1
8401,-12394.01,36320.0269,1.63,100.0,88.1
8402,-12165.18,10861.6877,1.61,95.6,88.0
8403,-11335.48,8611.9006,1.58,100.0,88.1
8404,-11293.25,17072.2349,1.58,100.0,88.1
8405,-11694.86,3682.7237,1.58,100.0,88.1
8406,-12589.19,40952.3594,1.65,100.0,88.2
8407,-12337.74,15271.8569,1.65,95.9,88.2
8408,-12337.74,11109.521,1.7,98.1,88.1
8409,-12120.12,3437.6527,1.61,100.0,88.2
8410,-12329.24,3812.1963,1.59,100.0,87.8
8411,-13004.75,54486.1357,1.61,97.3,87.9
8412,-13088.43,64217.457,1.6,96.8,87.9
8413,-13033.52,45959.7471,1.6,100.0,87.8
8414,-12374.8,7720.9581,1.62,100.0,88.1
8415,-12370.03,5834.3711,1.6,100.0,88.1
8416,-12396.39,6673.2013,1.6,98.1,88.4
8417,-13258.52,41867.8672,1.62,99.2,88.6
8418,-12965.79,21816.9697,1.62,100.0,88.5
8419,-12569.54,2278.5663,1.6,100.0,88.5
8420,-12187.02,10572.261,1.57,100.0,88.5
8421,-12318.87,6114.2444,1.61,98.3,88.7
8422,-12885.64,48078.6836,1.58,99.9,88.8
8423,-11947.55,13806.5605,1.65,100.0,88.8
8424,-12761.34,40010.9658,1.59,100.0,88.8
8425,-12262.23,15439.5381,1.59,100.0,88.6
8426,-13004.75,21319.0698,1.65,100.0,88.6
8427,-12801.7,17217.6594,1.67,100.0,88.8
8428,-12863.93,30429.9419,1.64,100.0,88.7
8429,-12082.67,22721.8706,1.63,100.0,88.7
8430,-12311.29,7000.5309,1.59,100.0,88.3
8431,-12321.06,10229.2517,1.64,100.0,88.4
8432,-11293.87,62007.4385,1.6,100.0,88.8
8433,-12101.12,14398.3882,1.67,98.6,89.0
8434,-13111.11,35896.9326,1.65,99.3,88.5
8435,-12718.67,16620.7537,1.63,100.0,88.5
8436,-12100.94,18044.9419,1.6,100.0,88.6
8437,-12676.09,10392.6257,1.65,98.2,88.7
8438,-12114.64,15030.6641,1.62,100.0,88.5
8439,-12105.71,13797.7207,1.6,100.0,88.5
8440,-12145.78,8315.2478,1.57,100.0,88.5
8441,-12037.61,11162.605,1.59,100.0,88.5
8442,-11993.21,11340.7837,1.64,100.0,88.5
8443,-13032.12,34703.9199,1.64,96.3,88.7
8444,-11620.12,31173.0981,1.57,100.0,88.7
8445,-12110.52,11314.0229,1.58,100.0,88.6
8446,-11986.56,6007.7883,1.59,100.0,88.6
8447,-12047.72,4691.0094,1.66,99.2,88.5
8448,-12868.75,46457.7363,1.64,100.0,88.6
8449,-12311.29,6763.135,1.6,100.0,88.7
8450,-12166.65,4249.0881,1.58,99.0,88.8
8451,-12842.65,33332.2407,1.62,100.0,88.8
8452,-12938.18,22634.2393,1.65,100.0,88.6
8453,-12185.69,59196.6475,1.59,97.8,88.6
8454,-12544.04,5364.7485,1.59,100.0,88.7
8455,-13046.82,19361.2212,1.58,100.0,88.6
8456,-12490.56,6343.6708,1.6,100.0,88.7
8457,-11904.33,17783.1104,1.63,100.0,88.8
8458,-12580.59,3918.7859,1.63,100.0,88.9
8459,-12536.21,2679.0776,1.67,99.6,88.8
8460,-12055.65,11285.2156,1.67,96.1,88.8
8461,-12906.1,28596.4414,1.62,100.0,88.8
8462,-12454.8,6191.0021,1.72,100.0,89.8
8463,-12518.78,3163.745,1.62,100.0,89.9
8464,-12249.61,6711.1505,1.68,99.9,89.5
8465,-12265.49,6212.4658,1.64,100.0,89.5
8466,-12177.31,8596.6085,1.61,100.0,89.4
8467,-12892.38,18047.7251,1.63,100.0,89.5
8468,-12520.62,4026.2562,1.62,98.8,89.1
8469,-12286.33,1422.8667,1.62,99.8,89.0
8470,-12357.62,1568.0557,1.62,100.0,89.0
8471,-12372.48,2343.5902,1.61,100.0,89.1
8472,-12541.98,5178.8749,1.59,100.0,89.1
8473,-12315.81,919.4305,1.6,100.0,89.1
8474,-12264.51,901.1299,1.64,100.0,89.1
8475,-13234.7,48191.7168,1.62,100.0,89.1
8476,-12264.51,587.8397,1.64,100.0,89.1
8477,-13234.7,47203.0342,1.6,100.0,89.2
8478,-12541.98,6842.8944,1.6,100.0,89.2
8479,-12462.84,1105.1135,1.61,100.0,89.2
8480,-13184.99,29622.7554,1.66,100.0,89.2
8481,-12541.98,5038.7488,1.62,100.0,89.1
8482,-13234.7,31125.4951,1.62,100.0,89.2
8483,-13180.48,36616.9121,1.67,100.0,89.3
8484,-13290.8,20807.5854,1.65,100.0,89.3
8485,-12688.24,20010.5996,1.65,97.9,89.2
8486,-11343.84,109855.0195,1.59,100.0,89.1
8487,-12277.77,41849.0205,1.62,100.0,89.0
8488,-12266.52,27534.1772,1.63,100.0,89.1
8489,-13420.84,46358.3789,1.62,100.0,89.3
8490,-12843.31,13676.6174,1.64,100.0,89.2
8491,-12266.52,18044.6802,1.66,100.0,89.3
8492,-12966.9,11681.9602,1.69,98.3,89.4
8493,-12452.55,6057.9922,1.59,99.5,89.4
8494,-13425.2,38294.8848,1.59,100.0,89.4
8495,-12608.43,7506.8171,1.58,100.0,89.4
8496,-12717.18,25393.3384,1.64,100.0,89.5
8497,-12489.7,3643.9021,1.61,100.0,89.6
8498,-12357.62,3363.7484,1.58,100.0,89.6
8499,-12357.62,1842.039,1.65,100.0,89.7
8500,-12697.44,21878.7031,1.62,100.0,89.7
8501,-12766.08,19988.0103,1.62,100.0,89.6
8502,-12697.44,16536.1392,1.61,100.0,89.6
8503,-13304.73,49843.748,1.59,100.0,89.5
8504,-13304.73,42281.2402,1.61,100.0,89.6
8505,-13244.49,32748.5059,1.6,100.0,89.7
8506,-12531.12,6600.938,1.6,100.0,89.8
8507,-12415.86,13230.7803,1.65,100.0,89.6
8508,-12537.81,8082.9163,1.62,100.0,88.7
8509,-12373.02,8873.7092,1.65,100.0,88.7
8510,-12357.62,6030.7789,1.62,100.0,88.8
8511,-12489.7,2974.4368,1.6,100.0,88.9
8512,-12558.0,5941.0546,1.65,100.0,89.0
8513,-12484.32,1130.5773,1.61,100.0,89.1
8514,-12228.09,4287.2316,1.66,100.0,89.1
8515,-12470.37,1343.8391,1.65,100.0,89.1
8516,-12526.24,1989.7834,1.63,95.6,89.1
8517,-13145.43,30651.064,1.62,100.0,89.0
8518,-13333.69,41734.2588,1.62,100.0,89.1
8519,-12515.87,633.5437,1.66,100.0,89.2
8520,-11837.1,42764.1904,1.6,99.1,89.2
8521,-12558.0,4369.6433,1.69,100.0,89.3
8522,-12290.2,4293.9406,1.61,100.0,89.3
8523,-12542.59,2377.6218,1.62,100.0,89.3
8524,-13202.55,26963.6279,1.69,99.3,89.4
8525,-12359.11,3370.9559,1.65,99.8,89.5
8526,-12944.52,18157.9204,1.61,100.0,89.6
8527,-13234.17,30267.0747,1.58,100.0,89.5
8528,-12462.84,1623.1477,1.55,97.4,89.5
8529,-12526.33,1095.4809,1.63,98.5,89.5
8530,-12446.86,2413.2119,1.62,100.0,89.6
8531,-12466.54,1570.1382,1.61,100.0,89.6
8532,-12353.13,2410.0557,1.63,100.0,89.9
8533,-12766.08,14267.1831,1.6,100.0,89.9
8534,-11699.18,45838.6016,1.64,100.0,89.9
8535,-12383.74,2768.2588,1.65,61.8,90.3
8536,-12373.02,2369.7445,1.57,58.2,90.5
8537,-11611.55,41851.4531,1.42,55.1,90.5
8538,-12444.86,2831.5839,1.42,55.0,90.5
8539,-12444.86,2391.1421,1.53,55.8,90.5
8540,-13145.43,26899.0151,1.51,57.1,90.6
8541,-13172.12,23754.2886,1.61,55.4,90.8
8542,-12526.33,3717.5443,1.68,56.9,91.2
8543,-13202.55,20062.5166,1.53,55.1,91.2
8544,-12929.26,9771.6055,1.55,54.5,91.2
8545,-13172.12,15103.0029,1.55,55.2,91.3
8546,-12476.79,14767.8098,1.6,55.7,91.3
8547,-12270.63,21284.2886,1.6,57.1,91.4
8548,-12477.89,11320.6909,1.92,55.3,91.4
8549,-13184.99,12616.4595,1.6,54.6,91.5
8550,-12268.66,7955.1826,1.6,57.2,91.5
8551,-12526.33,6083.7402,1.54,53.9,91.6
8552,-12659.52,2296.6412,1.56,55.6,91.6
8553,-12278.77,3150.3485,1.57,55.5,91.8
8554,-12887.13,16699.0273,1.59,55.0,91.3
8555,-12952.03,11450.5151,1.58,53.8,91.2
8556,-12423.15,8220.2531,1.53,55.6,91.3
8557,-12725.69,10037.1853,1.52,54.9,91.4
8558,-12558.0,3008.3646,1.64,59.5,91.7
8559,-12278.77,2891.666,1.67,59.6,92.2
8560,-13202.55,21215.4785,1.59,56.1,92.1
8561,-12486.03,1636.355,1.6,57.3,92.7
8562,-12318.9,2833.649,1.51,57.2,92.6
8563,-12457.1,5887.7141,1.54,56.1,92.8
8564,-12944.52,12123.7209,1.53,56.1,92.8
8565,-12785.32,17902.1597,1.56,57.3,92.9
8566,-12431.25,1952.9201,1.54,54.3,92.8
8567,-12755.3,3140.1107,1.56,56.4,92.8
8568,-12355.96,4270.7617,1.53,55.0,92.9
8569,-12457.1,3739.5668,1.55,56.4,93.0
8570,-12486.03,1631.1538,1.57,57.2,93.0
8571,-12952.13,27630.4336,1.56,55.1,93.1
8572,-12274.1,7623.5985,1.53,54.9,93.1
8573,-12237.89,27077.1206,1.5,54.5,93.2
8574,-12945.46,25619.1997,1.56,55.6,93.3
8575,-12943.41,8336.0625,1.5,57.1,93.1
8576,-13010.02,20423.7695,1.57,56.3,93.0
8577,-12447.59,8171.4502,1.55,55.2,93.1
8578,-12993.75,12960.0588,1.55,54.9,93.1
8579,-12907.97,6447.7561,1.6,54.8,93.2
8580,-11575.22,87996.9062,3.06,54.2,92.8
8581,-12221.31,24867.9087,1.64,97.0,93.1
8582,-13091.21,7069.8088,1.61,100.0,92.9
8583,-12690.49,3670.8303,1.62,100.0,92.8
8584,-12456.95,14504.5696,1.63,100.0,92.9
8585,-12394.29,12085.3518,1.66,99.9,92.0
8586,-12690.49,2357.5184,1.66,100.0,92.1
8587,-12873.44,6900.7574,1.64,100.0,92.2
8588,-12509.01,18137.6987,1.61,100.0,92.3
8589,-12485.21,13425.8821,1.61,99.6,92.1
8590,-12480.83,10971.3567,1.65,98.1,92.1
8591,-12321.77,10944.6436,1.63,100.0,92.2
8592,-12472.76,6845.4185,1.5,58.7,92.3
8593,-12926.97,16989.7017,1.45,54.3,92.6
8594,-12218.23,15741.6235,1.51,53.6,92.6
8595,-12230.75,54830.6924,1.52,54.9,92.7
8596,-12999.95,34308.6934,1.54,54.1,92.6
8597,-12203.59,5713.5343,1.49,54.4,92.6
8598,-12255.46,12346.811,1.5,54.0,92.6
8599,-12236.85,2592.1671,1.51,53.6,92.6
8600,-12218.23,6690.7443,1.59,54.8,92.7
8601,-12501.91,4697.9131,1.6,54.7,92.8
8602,-12184.41,1915.2631,1.49,54.0,92.9
8603,-13068.96,30626.5771,1.49,55.4,93.1
8604,-12674.98,13799.6301,1.48,54.3,93.0
8605,-12220.7,48584.0078,1.52,54.5,93.1
8606,-12255.51,6718.8761,1.57,55.1,93.2
8607,-12787.76,6956.6962,1.51,54.9,93.2
8608,-12137.4,11596.6599,1.48,54.3,93.3
8609,-12069.09,25140.6528,1.49,53.5,93.4
8610,-13193.17,43084.6084,1.61,54.4,93.3
8611,-12536.54,1662.8735,1.6,55.4,93.4
8612,-13064.78,20987.1255,1.56,54.4,93.3
8613,-12193.48,41700.8174,1.44,53.7,93.4
8614,-12332.99,38676.1191,1.46,53.7,93.4
8615,-12550.35,25419.8657,1.51,54.5,93.5
8616,-12198.2,46741.8242,2.27,53.6,93.5
8617,-11940.41,59698.5889,1.49,55.0,93.6
8618,-11954.29,29109.8892,1.54,54.6,93.6
8619,-12160.89,3705.0341,1.48,54.9,93.6
8620,-13008.96,24810.6812,1.47,54.3,93.7
8621,-12750.94,17562.7715,1.53,53.4,93.8
8622,-13187.65,55827.0674,1.53,55.2,93.8
8623,-11951.11,21641.1133,1.51,53.7,93.7
8624,-12308.47,14295.9314,1.48,55.5,93.8
8625,-12482.94,3595.1806,1.53,55.3,93.9
8626,-12386.1,37005.3408,1.53,55.8,93.9
8627,-11880.05,24499.4888,1.52,53.7,94.0
8628,-12387.28,6974.5948,1.51,56.0,94.1
8629,-12057.71,10231.5967,1.78,54.5,93.3
8630,-11735.76,33738.1899,1.66,55.2,93.2
8631,-12276.11,1286.1297,1.66,49.4,92.4
8632,-12275.06,4065.4226,1.56,54.6,92.6
8633,-11481.69,36306.1221,1.52,53.8,92.6
8634,-12335.19,11916.7095,1.44,53.9,91.8
8635,-12275.06,2962.8757,1.53,54.4,91.9
8636,-12431.45,8767.8503,1.58,54.3,92.0
8637,-12207.94,10195.1292,1.54,53.4,91.9
8638,-12257.88,4777.0813,1.9,50.8,91.8
8639,-12313.41,4534.2351,1.54,53.1,91.6
8640,-12184.41,2091.9024,1.51,53.2,91.7
8641,-12202.83,6705.7305,1.5,54.3,91.7
8642,-12430.09,6694.3342,1.54,53.6,91.8
8643,-13057.24,54619.2373,1.55,54.0,91.9
8644,-12194.02,2717.1633,1.63,54.9,91.7
8645,-12430.09,1478.3269,1.57,53.9,91.8
8646,-12313.59,34202.3994,1.47,53.7,91.9
8647,-12668.98,4722.1621,1.51,53.3,91.9
8648,-12668.98,3092.8975,1.57,54.3,91.9
8649,-12713.99,2262.8108,1.6,57.1,92.0
8650,-13173.78,18490.9895,1.56,56.5,92.4
8651,-12645.03,1814.9937,1.6,70.8,92.4
8652,-12991.15,11084.9307,1.58,100.0,92.3
8653,-12250.2,24301.9502,1.66,91.6,92.4
8654,-12927.88,2718.792,1.57,57.6,92.6
8655,-12230.77,32689.877,1.54,54.0,92.7
8656,-11458.3,122130.168,1.45,54.6,92.8
8657,-12945.0,9953.011,1.45,54.1,92.7
8658,-12200.93,22393.6934,1.45,54.5,92.8
8659,-11932.28,46796.6611,1.46,54.5,92.7
8660,-11810.42,61128.4697,1.47,54.8,92.4
8661,-11810.42,51099.9639,1.48,54.1,92.4
8662,-12945.25,21095.5024,2.38,49.4,88.6
8663,-12361.65,10777.3188,1.52,54.8,88.7
8664,-11504.1,43761.0889,1.47,54.3,88.6
8665,-12331.22,3576.0555,1.45,54.6,88.6
8666,-12924.43,21853.9517,1.5,54.7,88.7
8667,-12268.66,1159.957,1.48,54.8,88.8
8668,-12458.98,3167.0383,1.55,53.7,88.9
8669,-11715.06,44630.7676,1.47,54.7,89.1
8670,-12458.98,2180.5811,1.47,54.8,88.9
8671,-12268.66,347.2685,1.47,53.7,88.8
8672,-11464.93,39287.8154,1.48,54.3,87.6
8673,-12264.13,3376.8359,1.55,54.7,87.7
8674,-12473.78,8916.2883,1.54,54.1,87.7
8675,-11780.01,20307.4668,1.42,53.8,87.8
8676,-11737.81,28511.1328,1.4,54.9,87.8
8677,-11630.47,29955.1777,1.45,54.3,87.9
8678,-11715.06,20241.3701,1.5,54.5,87.1
8679,-12328.27,10634.7661,1.49,55.1,87.1
8680,-12221.74,36461.1494,1.38,54.7,87.2
8681,-11658.04,14240.2488,1.46,54.2,87.2
8682,-12422.13,13685.0811,1.53,55.0,87.3
8683,-11610.4,14120.4487,1.5,53.6,87.4
8684,-12374.4,50090.0215,1.52,54.5,87.3
8685,-12316.29,27547.5132,1.37,54.5,87.2
8686,-11528.39,9353.0955,1.42,54.1,87.3
8687,-11675.75,2481.5586,1.48,55.1,87.4
8688,-12783.91,42696.3438,1.51,54.4,87.4
8689,-12304.57,20664.8789,1.49,54.3,87.5
8690,-11675.75,1661.7017,1.38,53.7,87.5
8691,-11571.49,9108.9885,1.43,54.5,87.6
8692,-12086.47,7664.1249,1.48,54.2,87.5
8693,-11571.49,5384.9003,1.47,54.5,87.6
8694,-11923.53,14932.874,1.45,54.0,87.5
8695,-11416.79,9721.0947,1.39,54.8,87.6
8696,-11416.79,7537.6987,1.41,54.6,87.6
8697,-12316.29,46247.5117,1.5,54.9,87.6
8698,-11416.79,4173.3883,1.48,54.7,87.7
8699,-12227.24,13366.6311,1.44,54.6,87.5
8700,-11352.61,10096.75,1.39,53.9,87.5
8701,-12313.38,49863.335,1.42,54.5,87.6
8702,-12260.15,42149.2207,1.49,54.9,87.6
8703,-12027.24,6583.8668,1.51,53.8,87.7
8704,-11673.4,1303.477,1.46,56.2,87.7
8705,-11539.31,2746.8603,1.42,55.3,87.8
8706,-12224.2,41837.8887,1.47,54.4,87.7
8707,-11923.53,8555.7551,1.49,54.2,87.8
8708,-12581.51,23611.7422,1.48,54.8,87.9
8709,-12230.72,22860.2095,1.47,54.5,87.9
8710,-11430.65,27946.5317,1.43,54.5,87.9
8711,-11593.08,11245.0129,1.41,54.6,87.9
8712,-11923.53,2233.8396,1.39,53.8,87.9
8713,-12230.72,17205.6299,1.41,54.2,87.9
8714,-11662.48,10412.2212,1.4,54.5,87.9
8715,-11487.32,9002.043,1.43,53.4,87.9
8716,-12230.72,20656.2603,1.42,53.9,87.9
8717,-11493.09,31583.23,1.41,53.9,88.0
8718,-11593.08,5369.7233,1.4,54.4,88.0
8719,-12230.72,27859.5728,1.42,53.2,87.9
8720,-11584.56,3437.351,1.41,54.5,87.9
8721,-12230.72,30172.4253,1.4,52.8,88.0
8722,-11519.97,2724.6914,1.37,54.0,88.0
8723,-11717.53,2802.043,1.36,54.9,88.0
8724,-12192.16,16444.7273,1.43,53.9,87.9
8725,-12192.16,14248.6274,1.42,54.0,88.0
8726,-11732.35,4960.3329,1.43,53.4,88.0
8727,-11812.07,2808.0059,1.4,54.3,88.1
8728,-11338.78,19976.9644,1.4,53.7,88.1
8729,-11682.59,2157.8105,1.44,54.6,88.0
8730,-11732.35,1219.1233,1.44,50.0,87.8
8731,-11784.13,2941.4945,1.45,49.1,87.7
8732,-11631.68,521.7739,1.44,54.2,87.8
8733,-12522.54,51814.416,1.41,54.4,87.8
8734,-11800.69,1563.0631,1.37,53.3,87.9
8735,-11795.2,759.873,1.37,53.4,87.8
8736,-12218.99,15396.0171,1.37,53.9,87.8
8737,-11784.13,1676.5735,1.44,51.9,87.9
8738,-11784.13,1480.2982,1.4,54.6,88.0
8739,-11795.2,741.0275,1.36,53.7,88.0
8740,-12530.79,27433.8042,1.41,53.6,86.4
8741,-11686.04,3988.4771,1.4,54.9,86.4
8742,-12575.73,58621.2168,1.46,54.2,86.4
8743,-12326.92,29596.5532,1.49,55.2,86.4
8744,-12588.82,47144.7012,1.48,53.8,86.4
8745,-13172.0,82952.7617,1.43,54.1,86.5
8746,-12566.21,29846.7344,1.42,54.1,86.6
8747,-12970.36,42595.0801,1.44,53.5,86.3
8748,-12937.74,27920.1709,1.45,54.5,86.3
8749,-11940.27,26599.6196,1.48,53.7,86.2
8750,-12937.74,15896.343,1.37,54.3,86.3
8751,-12283.48,8287.6854,1.38,54.4,86.4
8752,-12407.08,7373.262,1.44,53.4,86.4
8753,-12215.3,7294.0566,1.54,52.5,86.4
8754,-12311.09,2239.9958,1.54,51.9,86.4
8755,-12344.21,1666.795,1.49,54.5,86.5
8756,-11906.18,14396.5425,1.44,54.3,86.5
8757,-12330.99,1223.6743,1.47,54.6,86.0
8758,-12929.26,27341.3657,1.5,54.7,86.0
8759,-12924.43,23107.4741,1.49,54.6,85.9
8760,-12944.55,19078.6064,1.48,53.8,85.9
8761,-12266.01,4689.0677,1.55,55.1,86.0
8762,-12944.55,12685.3882,1.44,54.6,86.1
8763,-12423.04,3965.9789,1.49,53.6,86.0
8764,-13124.88,16119.3032,1.53,54.0,86.1
8765,-12557.65,8532.4016,1.57,54.6,86.1
8766,-12848.88,9334.6521,1.53,54.5,86.1
8767,-13074.86,12432.354,1.4,54.4,86.1
8768,-12141.26,17539.376,1.44,54.2,86.1
8769,-12489.11,8140.6515,1.51,55.4,86.2
8770,-12848.88,6620.6871,1.5,55.1,86.2
8771,-12848.88,5755.4142,1.53,54.1,86.2
8772,-12848.88,4316.83,1.48,55.3,86.3
8773,-13039.75,10171.8708,1.46,54.6,86.1
8774,-12200.11,25101.9097,1.49,55.3,86.2
8775,-12212.73,24195.8438,1.49,53.4,86.2
8776,-13112.85,14591.0901,1.52,52.5,85.8
8777,-12302.43,11503.8782,1.53,53.5,85.8
8778,-11917.47,32178.3325,1.52,55.4,85.9
8779,-12038.06,18329.9136,1.51,54.5,86.0
8780,-12216.06,6896.6937,1.43,54.1,85.9
8781,-12200.11,6809.6942,1.49,54.9,85.9
8782,-11833.79,19737.1226,1.5,54.9,85.9
8783,-13365.22,76514.748,1.6,54.8,86.0
8784,-12177.12,10254.3115,1.56,54.0,86.0
8785,-12578.82,19414.3989,1.49,55.1,86.0
8786,-12399.58,7993.976,1.45,54.0,86.1
8787,-12519.13,7151.0536,1.49,55.0,86.1
8788,-12566.82,7029.1583,1.52,54.0,86.0
8789,-12446.59,4868.3901,1.49,53.7,86.1
8790,-12665.51,12741.9697,1.42,54.3,86.0
8791,-12177.12,13565.4619,1.46,53.8,86.2
8792,-12278.81,4366.9734,1.51,54.9,86.3
8793,-12365.32,3182.2374,1.59,54.8,86.3
8794,-12356.68,2577.0932,1.5,54.4,86.1
8795,-12356.68,1763.4577,1.53,54.1,86.2
8796,-12873.96,13912.5278,1.48,55.3,86.2
8797,-12848.88,10334.8503,1.43,54.4,86.2
8798,-12329.93,4020.597,1.45,53.6,86.3
8799,-12848.88,6758.1106,1.44,53.6,86.3
8800,-12848.88,5317.6572,1.52,53.6,87.3
8801,-12254.45,10595.1885,1.47,54.0,87.4
8802,-12357.62,7321.7557,1.46,54.4,87.4
8803,-12216.06,7976.8026,1.44,54.2,87.4
8804,-12848.88,5407.5376,1.47,54.2,87.5
8805,-11550.84,59887.4209,1.46,54.1,87.6
8806,-12480.94,4030.4745,1.56,52.7,87.6
8807,-11550.84,51795.1064,1.43,54.5,87.5
8808,-12507.11,3917.8662,1.43,54.4,87.6
8809,-12166.37,6539.4117,1.46,54.5,87.6
8810,-12480.94,2832.9731,1.51,55.0,87.6
8811,-12357.62,1904.167,1.5,54.5,87.6
8812,-12336.1,6840.304,1.55,54.8,87.6
8813,-11709.55,22819.8579,1.42,54.5,87.6
8814,-12887.13,28153.6372,1.46,54.4,87.6
8815,-12224.2,50310.1553,1.5,55.3,87.7
8816,-11760.11,29824.501,1.52,54.9,87.8
8817,-12218.99,25138.1055,1.51,53.4,87.6
8818,-12292.74,1276.623,1.44,54.7,87.7
8819,-12152.78,2036.9699,1.44,54.1,87.8
8820,-12214.53,36491.4482,1.42,55.3,87.9
8821,-12084.9,18135.2598,1.47,54.1,87.8
8822,-11709.55,9850.2598,1.47,54.5,87.9
8823,-12221.74,20265.6758,1.46,54.1,87.7
8824,-12292.74,4658.6121,1.46,54.4,87.8
8825,-11821.81,6774.6572,1.38,53.6,87.8
8826,-12347.15,8349.9113,1.49,54.3,87.9
8827,-12320.75,6690.9622,1.46,52.0,88.0
8828,-11462.66,21989.9883,1.42,52.5,88.0
8829,-11511.99,16481.3162,1.39,53.0,88.0
8830,-11624.62,7271.8062,1.37,54.0,88.0
8831,-11507.18,6956.2456,1.4,54.6,88.0
8832,-12347.15,10633.3381,1.48,54.5,88.0
8833,-11511.99,3833.0093,1.42,54.0,88.0
8834,-11507.18,2524.5229,1.42,53.4,88.2
8835,-12206.71,43317.1357,1.42,54.0,88.0
8836,-11937.67,16292.2061,1.41,54.3,88.2
8837,-12373.97,14495.332,1.47,53.8,88.2
8838,-12253.86,27548.6035,1.52,54.6,88.1
8839,-11889.22,5521.4688,1.49,53.0,87.8
8840,-11889.22,4404.8062,1.47,54.7,88.0
8841,-12373.02,11496.9504,1.47,54.5,88.0
8842,-11478.22,12616.707,1.42,54.5,88.0
8843,-11478.22,10673.7773,1.48,54.4,87.9
8844,-11560.58,4190.7043,1.47,53.1,88.0
8845,-11593.08,1950.2443,1.45,54.5,88.2
8846,-11699.18,11276.9109,1.39,54.6,88.3
8847,-12289.73,34918.5645,1.41,54.9,88.2
8848,-12446.47,42489.3848,1.5,54.8,88.1
8849,-11553.48,2115.1368,1.54,55.5,88.2
8850,-11505.8,2185.407,1.48,54.3,88.2
8851,-12235.49,11198.1904,1.46,54.1,88.3
8852,-11748.7,2737.6431,1.43,54.2,88.2
8853,-12376.0,47289.0029,1.49,54.9,88.3
8854,-12229.28,30929.7168,1.53,52.6,88.1
8855,-11552.26,5018.1655,1.44,54.9,88.1
8856,-11487.11,8857.0667,1.48,54.3,88.1
8857,-11594.06,5153.2166,1.45,54.0,88.2
8858,-12385.28,24426.4297,1.45,54.5,88.1
8859,-11553.48,2328.467,1.49,54.2,88.2
8860,-12327.33,39623.7871,1.48,54.9,88.3
8861,-11586.88,1748.9261,1.53,54.3,88.4
8862,-11692.11,1998.3774,1.46,54.0,88.3
8863,-11469.71,8335.0874,1.44,53.5,88.3
8864,-12120.52,4311.4138,1.44,54.8,88.3
8865,-11635.2,15774.8188,1.51,52.7,88.3
8866,-11387.58,6564.1008,1.44,54.6,88.4
8867,-11504.26,1087.5364,1.45,54.8,88.4
8868,-12313.83,34298.1406,1.44,53.9,88.4
8869,-12144.0,14381.5068,1.44,55.3,88.4
8870,-11562.67,795.8111,1.45,55.2,88.4
8871,-11738.75,1026.8898,1.48,55.0,88.5
8872,-11716.59,5878.6807,1.54,54.2,88.7
8873,-11716.41,1073.4354,1.46,54.7,88.6
8874,-11435.69,5105.2704,1.48,54.9,88.8
8875,-11716.41,546.2512,1.46,54.3,88.8
8876,-11578.17,1442.3185,1.46,54.2,88.7
8877,-11700.57,1190.9774,1.46,53.9,88.8
8878,-12143.73,26990.2612,1.44,55.8,88.7
8879,-11706.9,434.6573,1.43,54.5,88.8
8880,-11435.95,4880.1768,1.42,55.0,88.9
8881,-11429.22,4053.0192,1.46,53.6,89.0
8882,-12480.29,71207.2207,1.43,55.1,89.2
8883,-11505.15,1876.5021,1.49,54.3,88.9
8884,-11759.42,4223.5239,1.45,55.1,88.9
8885,-11474.44,1392.2099,1.48,55.4,89.0
8886,-11507.18,1001.5592,1.48,54.7,89.1
8887,-11759.42,4269.4275,1.49,54.5,89.2
8888,-11543.72,645.5656,1.51,54.4,89.2
8889,-11534.09,272.8185,1.43,54.4,89.3
8890,-11573.4,359.1156,1.44,54.0,89.2
8891,-11696.65,1672.5981,1.42,55.8,89.2
8892,-11574.29,329.0481,1.45,54.6,89.4
8893,-11745.14,1743.2634,1.49,54.3,89.4
8894,-11499.88,1290.1809,1.56,53.6,89.4
8895,-11799.17,3013.2027,1.45,54.0,89.4
8896,-11700.57,852.7679,1.43,54.4,89.4
8897,-11316.87,4104.4462,1.45,55.1,89.5
8898,-11702.05,1338.4842,1.5,54.8,89.5
8899,-11592.44,390.4416,1.53,54.0,89.6
8900,-11480.48,1804.7168,1.46,53.9,89.6
8901,-11572.57,132.8455,1.39,54.0,89.7
8902,-11471.85,14721.8347,2.48,51.2,89.8
8903,-11128.5,24732.5889,1.48,53.7,89.7
8904,-11480.98,8649.7751,1.44,54.5,89.8
8905,-11471.9,7698.7983,1.41,54.4,89.8
8906,-11520.3,7421.4897,1.46,55.1,89.9
8907,-11621.99,6606.8855,1.49,54.3,89.9
8908,-11621.99,4206.4824,1.44,54.3,90.0
8909,-11848.01,11409.2815,1.44,54.1,89.8
8910,-11563.1,1848.4244,1.49,54.5,89.3
8911,-11648.0,6155.3782,1.47,54.2,89.3
8912,-12082.33,14191.6094,1.51,54.6,89.3
8913,-11848.66,3466.168,1.47,53.3,89.3
8914,-11562.19,9272.9917,1.46,55.0,89.3
8915,-11642.72,6459.4205,1.44,53.8,89.3
8916,-11645.03,4271.3743,1.45,54.9,89.4
8917,-11792.96,2711.248,1.46,54.3,89.3
8918,-12036.21,8624.3517,1.43,54.9,89.4
8919,-11835.83,4219.0916,1.47,54.5,89.4
8920,-11837.94,2540.53,1.46,55.5,89.5
8921,-12223.48,25283.5923,1.47,54.0,89.5
8922,-12593.97,46416.6484,1.47,53.6,89.6
8923,-11500.36,15140.0457,1.52,53.8,89.6
8924,-12359.66,15616.4619,1.47,54.4,89.5
8925,-12416.78,13666.8015,1.48,54.3,89.6
8926,-13105.23,45194.4258,1.47,54.8,89.6
8927,-13054.21,31867.4248,1.47,54.3,89.7
8928,-13054.21,22626.3237,1.48,55.3,89.7
8929,-13054.21,14930.3271,1.54,54.5,89.8
8930,-13167.08,22717.3511,1.57,54.5,89.8
8931,-12378.19,31839.2329,1.57,54.1,89.5
8932,-12389.77,29006.772,1.5,55.2,89.5
8933,-12389.77,23779.8457,1.43,54.1,89.6
8934,-12387.6,17659.6633,1.47,54.1,89.6
8935,-12426.81,13382.6814,1.52,54.3,89.6
8936,-12249.72,14663.7566,1.48,54.6,89.6
8937,-12170.42,9837.2507,1.47,53.6,89.7
8938,-11842.88,16253.8203,1.46,54.6,89.6
8939,-13092.49,29504.7061,1.44,53.6,89.7
8940,-13073.63,27633.916,1.42,53.3,89.7
8941,-12836.58,14921.9937,1.42,54.3,89.7
8942,-13061.4,21257.9995,1.46,53.6,89.5
8943,-13156.71,27311.875,1.44,54.0,89.6
8944,-13113.2,15768.6482,1.46,53.8,89.6
8945,-12509.49,5652.8842,1.46,55.0,89.7
8946,-13002.3,9642.1917,1.44,55.0,89.7
8947,-12509.49,6597.1631,1.46,54.6,89.8
8948,-13002.3,8218.837,1.44,54.3,89.8
8949,-13053.46,19236.4863,1.5,54.1,89.9
8950,-13019.52,6430.5642,1.5,53.9,90.0
8951,-12598.35,10357.1587,1.47,54.8,90.0
8952,-12970.06,10520.5046,1.46,54.6,89.9
8953,-12191.18,26391.8809,1.44,54.9,89.9
8954,-12151.16,19833.1299,1.51,55.2,90.0
8955,-13141.58,8450.5376,1.47,54.7,90.0
8956,-13141.58,8009.6949,1.45,54.5,90.1
8957,-13173.91,7831.5807,1.41,54.0,90.2
8958,-12151.16,18870.3081,1.42,54.7,90.0
8959,-13019.52,3780.1147,1.51,55.2,90.1
8960,-12588.05,11515.1277,1.52,53.3,90.2
8961,-12588.05,10286.8064,1.48,54.1,90.2
8962,-12293.12,9695.312,1.42,53.8,90.0
8963,-13257.94,21410.7183,1.47,54.2,89.6
8964,-12577.8,7152.4846,1.49,54.3,89.6
8965,-12574.36,6116.8372,1.44,54.1,89.6
8966,-12383.19,9000.5811,1.4,55.1,89.6
8967,-12577.8,3666.2462,1.41,53.4,89.7
8968,-12577.8,2965.5442,1.4,53.8,89.7
8969,-13213.69,32224.2144,1.41,53.2,89.7
8970,-12574.36,2326.8887,1.42,53.4,89.7
8971,-12274.71,8264.037,1.39,53.6,89.8
8972,-12143.98,11103.7993,1.38,53.3,89.7
8973,-12143.98,8796.1144,1.4,53.6,89.7
8974,-13006.73,34952.2822,1.37,52.7,89.7
8975,-12143.98,5829.1013,1.38,53.4,89.8
8976,-12172.02,4385.4779,1.37,53.1,89.8
8977,-12577.8,4528.0111,1.37,53.5,89.8
8978,-12338.07,2712.9856,1.39,53.5,89.9
8979,-12359.93,2135.2613,1.41,53.2,89.8
8980,-13213.69,55114.709,1.44,52.2,89.7
8981,-12359.93,1311.6269,1.47,53.8,89.7
8982,-12577.8,4830.1591,1.47,54.0,89.7
8983,-12633.93,4799.9126,1.42,54.6,89.7
8984,-12577.8,1972.5414,1.41,54.4,89.7
8985,-13027.68,42972.8955,1.43,54.0,89.8
8986,-12681.7,2053.9641,1.49,54.9,89.9
8987,-12688.76,1435.6629,1.49,51.9,89.8
8988,-12681.7,1108.4627,1.48,53.8,89.7
8989,-12580.95,1193.12,1.44,53.7,89.8
8990,-12206.16,9727.9331,1.46,53.7,89.9
8991,-12598.1,267.3574,1.51,53.9,90.0
8992,-12501.1,1413.6095,1.53,52.5,90.0
8993,-12688.76,2277.1769,1.5,53.9,90.0
8994,-12688.76,1629.1952,1.44,53.4,89.3
8995,-12688.76,667.457,1.5,54.4,88.8
8996,-12485.07,5684.2462,1.46,54.5,88.9
8997,-13033.28,40804.5361,1.57,55.0,89.0
8998,-12485.07,5409.2554,1.53,54.1,88.7
8999,-12507.61,2892.3525,1.54,54.2,88.7
9000,-12509.97,1056.0332,1.53,54.9,88.7
9001,-12688.76,2951.3344,1.52,54.6,88.8
9002,-13149.71,36463.2305,1.42,54.5,88.8
9003,-12688.76,2942.619,1.47,54.3,88.8
9004,-12650.65,628.8165,1.51,54.3,88.9
9005,-13033.28,30544.5303,1.58,54.9,88.9
9006,-13072.39,26498.2866,1.51,53.5,88.9
9007,-12626.5,2000.2547,1.47,54.6,88.9
9008,-12626.5,2091.209,1.42,55.1,88.9
9009,-12456.84,4225.6969,1.44,54.6,88.9
9010,-12518.31,1822.7487,1.44,54.3,88.9
9011,-12642.19,1029.1184,1.45,54.5,89.0
9012,-12473.88,1599.207,1.45,54.6,89.1
9013,-12485.07,980.2231,1.4,54.0,88.9
9014,-12664.07,2933.5223,1.41,54.1,89.0
9015,-12641.6,1870.0684,1.46,54.6,89.0
9016,-12473.88,971.6958,1.44,54.9,89.0
9017,-12618.99,7075.531,1.48,54.0,89.2
9018,-12614.64,9772.9146,1.45,53.5,89.1
9019,-12582.46,5773.7645,1.42,53.8,89.2
9020,-12293.89,10447.6069,1.4,55.0,89.1
9021,-12488.77,1816.215,1.44,53.4,89.2
9022,-12560.43,1559.2476,1.44,54.0,89.2
9023,-12503.92,1530.8919,1.42,50.8,89.0
9024,-12503.92,776.6131,1.45,53.5,89.1
9025,-12430.21,941.6579,1.44,53.8,89.1
9026,-12488.77,1887.7918,1.43,53.5,89.0
9027,-12430.21,596.5168,1.45,52.6,89.1
9028,-12425.02,744.1346,1.47,53.7,89.0
9029,-12517.78,1640.4476,1.44,53.7,89.1
9030,-12559.83,1453.7444,1.46,53.2,89.1
9031,-12513.0,447.86,1.44,53.9,89.2
9032,-12614.59,2519.2117,1.4,53.1,89.2
9033,-12513.0,386.8955,1.39,53.2,89.1
9034,-12687.64,2652.0163,1.39,53.3,89.2
9035,-12687.64,1989.2056,1.39,53.1,89.2
9036,-12597.71,282.7371,1.39,52.3,89.2
9037,-12687.64,992.9148,1.41,53.8,89.2
9038,-13114.02,40948.2217,1.43,52.6,89.3
9039,-12516.57,3802.6116,1.39,53.2,89.3
9040,-12580.25,1645.9165,1.39,53.3,89.2
9041,-12291.91,12478.408,1.39,53.4,89.3
9042,-12588.47,1974.6614,1.41,52.7,89.3
9043,-12516.57,1095.1185,1.36,52.8,89.3
9044,-13295.34,56964.1699,1.38,52.4,89.3
9045,-13295.34,52928.9141,1.35,52.9,89.4
9046,-12554.4,787.762,1.38,52.7,89.4
9047,-13295.34,42486.8994,1.4,52.6,89.3
9048,-12547.59,1942.2004,1.41,53.9,89.3
9049,-13352.38,39838.7471,1.46,51.5,89.3
9050,-13333.48,34034.9956,1.43,53.9,89.3
9051,-12472.73,8286.9447,1.42,53.9,89.4
9052,-12288.89,18300.0166,1.44,54.5,89.3
9053,-13332.62,26886.4478,1.47,54.9,89.4
9054,-13332.62,24444.8154,4.91,52.6,89.5
9055,-12480.67,10843.332,1.48,54.3,89.5
9056,-12446.75,11556.2698,1.45,54.4,89.5
9057,-12318.56,13938.614,1.48,53.1,89.6
9058,-12623.29,2386.1853,1.52,53.7,89.6
9059,-13274.55,32408.2915,1.47,52.9,89.7
9060,-13274.55,32290.9058,1.47,52.9,89.7
9061,-13274.55,28079.5601,1.42,54.4,89.7
9062,-12405.29,6346.7003,1.44,53.7,89.8
9063,-12635.22,2713.868,1.45,54.4,89.7
9064,-12443.4,3777.6633,1.51,54.6,89.8
9065,-12405.29,3395.8953,1.5,53.3,89.7
9066,-12635.22,2894.937,1.52,54.1,89.8
9067,-12504.32,1992.7231,1.5,54.4,89.9
9068,-12598.37,2740.7842,1.46,54.4,90.0
9069,-12598.37,1772.3992,1.42,54.1,90.0
9070,-12601.57,1413.5918,1.48,54.6,90.0
9071,-12517.78,1415.31,1.49,52.8,89.8
9072,-12589.19,698.3604,1.51,54.5,89.9
9073,-12430.48,2488.6931,1.46,54.4,90.0
9074,-12554.4,443.3036,1.39,54.2,89.9
9075,-12546.14,671.8487,1.47,54.4,89.9
9076,-12547.59,445.7009,1.46,54.5,90.0
9077,-13204.33,26600.8374,1.48,53.6,89.9
9078,-13205.8,35586.8613,1.46,53.4,90.0
9079,-13108.73,28991.0952,1.39,54.6,90.1
9080,-13108.73,22668.8003,1.42,54.2,90.1
9081,-12376.75,17814.1995,1.48,54.0,90.0
9082,-12573.52,10158.9443,1.48,54.4,90.1
9083,-12485.0,11104.606,1.48,54.1,90.1
9084,-13273.56,20168.231,1.43,54.1,90.1
9085,-13209.23,17958.0938,1.4,53.6,90.2
9086,-12573.52,6455.3201,1.46,54.2,90.2
9087,-12455.99,8567.4618,1.49,54.1,90.2
9088,-12507.52,1930.4586,1.46,54.4,90.2
9089,-12507.52,1264.3033,16.79,52.9,90.2
9090,-12425.02,1069.2813,1.41,53.1,90.2
9091,-12601.57,3404.4413,1.41,53.8,90.2
9092,-12560.24,1505.7034,1.45,51.4,89.9
9093,-12689.77,3844.7206,1.46,54.4,90.0
9094,-12560.24,478.5703,1.44,53.6,90.1
9095,-12560.24,424.2571,1.45,53.8,90.0
9096,-12560.24,217.796,1.39,54.7,90.0
9097,-12814.72,21600.0649,1.54,52.9,90.0
9098,-12889.21,17580.1191,1.58,51.0,89.7
9099,-12279.94,10810.7986,1.51,52.8,89.8
9100,-12899.34,13575.832,1.48,53.8,89.8
9101,-12899.34,11346.0112,1.44,54.3,89.9
9102,-12899.34,8763.8329,1.46,54.7,89.9
9103,-12625.7,2469.6592,1.52,54.7,89.9
9104,-12899.34,6840.1536,1.49,54.6,89.9
9105,-12896.97,5993.4679,1.48,54.7,90.1
9106,-12795.51,6178.4985,1.47,54.6,90.1
9107,-12637.34,5912.2429,1.5,54.8,90.2
9108,-12994.62,5411.345,1.47,54.9,90.1
9109,-13116.39,6156.0242,1.49,53.9,90.2
9110,-12545.76,11580.2141,1.45,53.8,90.3
9111,-12708.71,12264.8767,1.45,54.1,90.3
9112,-12631.53,6899.9224,1.46,54.7,90.3
9113,-13085.32,13424.1548,1.48,55.2,90.3
9114,-12636.81,7695.0201,1.5,54.5,90.5
9115,-12959.89,3371.4861,1.47,54.4,90.5
9116,-12993.46,8004.9507,1.47,54.4,88.8
9117,-13121.8,14303.6582,1.43,54.9,89.0
9118,-13011.5,6809.4723,1.42,55.0,89.1
9119,-12473.33,54114.9902,1.44,55.3,89.2
9120,-12928.49,20563.2515,1.55,53.8,89.2
9121,-12622.51,61863.9033,1.49,54.4,89.1
9122,-12937.71,20924.8735,1.51,54.9,89.1
9123,-13214.62,20890.0791,1.5,54.1,89.2
9124,-12937.71,9243.8008,1.48,55.7,89.2
9125,-12443.4,32363.1226,1.47,54.4,89.3
9126,-12928.49,4941.5439,1.51,54.4,89.3
9127,-13082.07,3181.699,1.48,54.5,89.3
9128,-12991.26,7307.119,1.46,53.8,89.4
9129,-13013.96,2530.7856,1.47,54.6,89.4
9130,-12990.64,1238.6451,1.52,54.2,89.5
9131,-12928.49,1547.69,1.5,54.4,89.4
9132,-12928.49,742.4493,1.49,55.3,89.4
9133,-13013.96,241.3383,1.55,55.1,89.5
9134,-13047.01,240.7971,1.51,54.5,89.6
9135,-12985.61,702.588,1.51,53.5,89.5
9136,-13119.44,2140.8768,1.46,54.5,89.6
9137,-12975.35,795.9777,1.47,55.2,89.6
9138,-13082.84,1324.281,1.52,54.3,89.7
9139,-13082.07,495.3777,1.52,54.4,89.7
9140,-13119.44,295.8914,1.49,55.1,89.7
9141,-13082.84,1080.8735,1.49,54.8,89.8
9142,-13024.81,2649.128,1.46,53.4,90.5
9143,-12907.84,3752.9085,1.47,53.5,90.7
9144,-12928.49,1093.6784,1.51,54.5,90.7
9145,-13013.96,1241.1032,1.5,50.8,90.4
9146,-12933.91,204.526,1.46,53.8,90.4
9147,-13088.73,2218.2154,1.44,53.4,90.6
9148,-13082.61,1649.4762,1.43,54.1,90.6
9149,-13031.45,3095.0579,1.46,53.4,90.5
9150,-13210.91,2161.4948,1.49,53.7,90.6
9151,-13282.39,1428.9675,1.48,52.2,90.3
9152,-13194.56,1032.7282,1.48,54.1,90.4
9153,-13282.39,593.4742,1.48,54.0,90.4
9154,-13229.62,248.8434,1.44,54.4,90.5
9155,-12989.24,3840.5038,1.41,54.0,90.4
9156,-12937.71,3517.9813,1.48,52.3,90.4
9157,-13086.99,2899.4941,1.49,55.1,90.5
9158,-13200.38,15571.7224,1.49,54.5,90.6
9159,-12674.49,3893.4919,1.48,54.2,90.7
9160,-12666.03,5539.0217,1.44,54.8,90.8
9161,-13466.21,27203.5688,1.51,54.6,90.8
9162,-13106.78,9261.7534,1.51,54.1,90.7
9163,-13302.66,17276.9209,1.53,55.0,90.8
9164,-12976.77,1012.6979,1.51,54.9,90.7
9165,-13026.91,248.097,1.43,53.9,90.8
9166,-12990.64,437.4429,1.44,54.0,90.7
9167,-13013.96,310.432,1.49,52.7,90.8
9168,-13044.37,566.2166,1.5,54.6,90.9
9169,-12938.71,1486.4548,1.49,53.4,90.9
9170,-12869.62,729.5124,1.46,54.0,90.9
9171,-13308.77,17317.1934,1.43,54.4,90.9
9172,-12711.8,2771.0195,1.45,54.8,91.0
9173,-13308.77,17981.7539,1.53,54.8,91.0
9174,-13240.67,16804.4734,1.54,54.0,91.2
9175,-13016.17,1199.0105,1.52,54.3,91.3
9176,-12933.61,1276.2723,1.43,54.2,91.2
9177,-12916.0,1352.6731,1.43,53.2,91.2
9178,-12933.91,449.8032,1.44,54.1,91.2
9179,-13088.73,1626.3808,1.45,53.6,91.3
9180,-13328.98,16344.5886,1.46,53.6,91.3
9181,-12976.77,576.2402,1.44,54.7,91.3
9182,-12736.2,3970.4318,1.42,54.1,91.4
9183,-12854.11,930.8727,1.43,53.4,91.4
9184,-12882.29,426.5779,1.42,54.4,91.4
9185,-12968.47,918.7351,1.46,52.2,91.3
9186,-13012.3,1730.9233,1.5,55.4,91.3
9187,-13267.55,10098.0764,1.5,54.7,91.4
9188,-13078.25,10870.2805,1.46,54.2,91.5
9189,-13243.1,7488.0581,1.43,54.3,91.6
9190,-13236.21,1290.8891,1.42,54.2,91.4
9191,-13071.86,9660.2502,1.55,55.0,91.6
9192,-13256.13,4359.3101,1.57,53.2,91.5
9193,-13278.04,2929.8178,1.55,54.4,91.5
9194,-13301.06,2681.8208,1.48,53.9,91.7
9195,-13225.74,1250.2822,1.42,55.1,91.8
9196,-13225.74,750.1104,1.47,55.2,91.6
9197,-13266.0,5069.8749,1.5,54.1,91.6
9198,-13301.77,3553.8364,1.52,54.8,91.7
9199,-13147.29,1275.5035,1.43,54.3,91.8
9200,-13161.2,810.984,1.44,54.0,91.9
9201,-13396.93,7619.3409,1.5,54.3,92.0
9202,-13161.2,242.0664,1.55,54.2,91.2
9203,-13265.55,2556.4604,1.46,53.4,91.0
9204,-13152.99,332.0959,1.43,53.7,91.0
9205,-13161.2,253.1215,1.44,54.3,91.0
9206,-13205.07,864.2143,1.4,53.6,91.2
9207,-13288.83,3213.1922,1.44,54.4,91.1
9208,-13166.34,408.0458,1.48,53.5,91.1
9209,-13288.83,1631.7027,1.44,53.2,91.2
9210,-13288.83,864.0159,1.46,54.7,91.1
9211,-13158.67,3065.3547,1.45,53.3,91.3
9212,-13058.7,3443.2563,1.39,53.4,91.3
9213,-13191.72,896.4948,1.39,53.8,91.2
9214,-13058.7,1519.5176,1.46,53.7,91.3
9215,-12939.92,2645.7001,1.47,54.4,91.4
9216,-12935.73,664.692,1.51,54.1,91.5
9217,-13027.89,1304.9227,1.49,53.4,91.4
9218,-13139.92,4855.3263,1.43,54.0,91.5
9219,-13058.95,1354.7247,1.48,54.2,91.5
9220,-12908.3,1017.4684,1.48,54.9,91.5
9221,-12908.3,807.7106,1.47,54.1,91.7
9222,-12908.3,264.0881,1.47,54.0,91.6
9223,-12908.3,129.9173,1.4,54.0,91.6
9224,-12948.33,340.7083,1.42,54.2,89.9
9225,-12908.3,56.2497,1.49,55.4,86.7
9226,-12915.8,334.1091,1.57,52.9,85.4
9227,-13072.3,2571.3172,1.5,52.6,85.5
9228,-12911.5,199.9014,1.48,53.4,85.9
9229,-13090.39,11845.6714,1.43,52.5,86.0
9230,-13069.55,8236.6124,1.45,53.3,86.3
9231,-13061.6,4805.7046,1.55,53.1,86.6
9232,-13061.33,3805.8406,1.59,51.0,86.3
9233,-13069.55,4073.1297,1.46,53.1,85.1
9234,-13061.6,1152.9026,1.43,54.0,85.2
9235,-13090.39,2689.7888,1.42,53.6,85.2
9236,-13125.36,1387.9829,1.46,53.9,85.2
9237,-13165.46,7648.0747,1.47,55.6,85.2
9238,-13145.32,4196.7213,1.46,54.5,85.2
9239,-13313.59,9772.0154,1.43,53.6,85.4
9240,-13313.59,6398.0179,1.4,54.3,85.4
9241,-13194.61,2408.6724,1.43,54.5,85.4
9242,-13152.99,1593.2528,1.47,54.1,85.4
9243,-13158.43,3011.0113,1.46,53.0,85.5
9244,-13306.88,2498.0352,1.39,53.8,84.8
9245,-13075.51,2267.5748,1.41,53.9,84.7
9246,-13152.99,450.5418,1.46,54.4,84.8
9247,-13309.13,3392.6662,1.49,53.7,84.8
9248,-13141.07,1113.3572,1.46,53.5,84.9
9249,-13063.22,922.1811,1.41,54.3,85.0
9250,-12853.85,4192.7031,1.39,54.7,84.9
9251,-12902.28,566.0647,1.44,54.7,84.9
9252,-12630.98,11689.5413,1.45,53.9,84.9
9253,-13283.87,16252.1943,1.45,53.7,85.0
9254,-12644.32,7408.7888,1.38,54.2,85.1
9255,-13058.95,4989.0947,1.38,53.7,85.1
9256,-12902.28,602.3904,1.45,54.3,85.1
9257,-12902.28,406.4202,1.49,54.4,85.3
9258,-13036.2,1250.4675,1.44,54.3,85.1
9259,-12867.81,1240.005,1.43,54.4,85.2
9260,-13015.8,416.8817,1.41,54.3,85.2
9261,-13036.2,162.4646,1.44,54.0,85.3
9262,-12895.06,1337.4697,1.49,55.2,85.3
9263,-13049.54,96.6805,1.45,52.9,85.4
9264,-12895.06,768.1556,1.44,54.3,85.4
9265,-12895.06,368.5369,1.41,54.0,85.4
9266,-12925.36,596.1159,1.41,54.1,85.4
9267,-12764.87,924.4341,1.4,53.0,85.5
9268,-12768.71,5353.4723,1.41,53.9,85.5
9269,-12731.67,1284.4083,1.41,53.9,85.6
9270,-12685.14,1040.6565,1.4,54.7,85.5
9271,-12758.28,1377.5018,1.43,54.3,85.5
9272,-12758.28,825.0654,1.42,53.9,85.6
9273,-12758.28,252.333,1.4,53.7,85.7
9274,-12727.85,1218.5157,1.42,54.1,85.7
9275,-12758.79,74.9004,1.45,53.5,85.8
9276,-12802.45,1499.9359,1.45,52.8,85.0
9277,-12758.79,35.2189,1.5,54.6,85.1
9278,-12759.82,552.596,1.47,53.9,85.1
9279,-12700.11,425.0362,1.44,54.4,85.2
9280,-12711.34,249.2503,1.43,54.2,85.3
9281,-12700.11,61.013,1.53,54.3,85.5
9282,-12697.99,69.5351,1.52,53.6,85.2
9283,-12741.2,967.8998,1.53,50.3,85.7
9284,-12758.28,634.0192,1.47,54.2,86.2
9285,-12700.11,342.1766,1.42,53.6,86.0
9286,-12777.11,612.1857,1.46,54.7,86.1
9287,-12763.34,348.7818,1.51,52.2,86.1
9288,-12617.55,870.1913,1.49,50.6,85.7
9289,-12617.55,368.8856,1.5,53.5,85.7
9290,-12752.22,1985.837,1.5,54.3,85.8
9291,-12898.51,6431.2788,1.44,53.2,85.9
9292,-13000.83,8611.5966,1.43,54.0,85.8
9293,-12777.11,687.3547,1.49,52.2,85.7
9294,-12749.99,374.8085,1.48,54.1,85.8
9295,-12749.99,226.9936,1.48,53.5,85.8
9296,-12777.11,537.9196,1.44,53.3,85.9
9297,-12898.51,2220.1158,1.39,53.3,85.9
9298,-12752.22,617.2392,1.44,53.6,86.0
9299,-12752.22,350.387,1.47,54.5,85.9
9300,-12752.22,103.162,1.46,53.8,85.9
9301,-12734.6,2215.025,1.45,54.0,86.0
9302,-12752.22,35.9182,1.4,54.4,86.0
9303,-12734.6,1247.7434,1.41,53.7,86.2
9304,-12565.82,32426.6255,1.46,54.5,86.1
9305,-12343.62,28880.6294,1.47,53.7,86.2
9306,-12599.24,25972.3823,1.42,54.0,86.1
9307,-12655.84,21656.0688,1.37,53.9,86.2
9308,-12329.25,13404.6423,1.37,53.8,86.2
9309,-12382.15,16238.6792,1.41,53.9,86.3
9310,-12529.27,9076.3882,1.46,54.7,86.2
9311,-12412.39,6925.3424,1.45,51.0,85.1
9312,-12539.32,5270.9004,1.41,54.3,84.7
9313,-12564.7,3609.9103,1.39,53.7,84.8
9314,-12608.46,4203.4907,1.43,53.8,84.8
9315,-12449.83,2885.2016,1.47,55.0,84.7
9316,-12423.25,1685.387,1.47,52.1,84.9
9317,-12692.52,8073.9883,1.45,54.9,85.0
9318,-12686.78,7617.181,1.4,53.4,84.9
9319,-12347.72,2886.5836,1.45,53.9,84.2
9320,-12325.53,2751.8163,1.39,53.4,84.2
9321,-12564.7,2776.6622,1.42,53.8,84.2
9322,-12376.14,3178.4728,1.44,51.4,84.0
9323,-12397.67,2503.4531,1.45,53.7,84.0
9324,-12376.14,1642.3064,1.43,54.1,84.1
9325,-12181.48,7966.6987,1.42,53.7,84.1
9326,-12540.93,3739.8384,1.42,54.7,84.1
9327,-12685.84,13666.8433,1.44,53.1,84.1
9328,-12397.67,2140.1718,1.45,53.9,84.1
9329,-12123.09,10125.1797,1.46,53.9,84.1
9330,-12251.28,3733.405,1.43,54.1,84.2
9331,-12089.51,6632.8207,1.4,53.1,84.2
9332,-12405.17,4898.4581,1.43,54.8,84.2
9333,-12703.67,10943.125,1.45,53.3,83.9
9334,-12560.46,3043.7278,1.46,54.4,83.9
9335,-12626.55,3296.7506,1.43,53.5,83.9
9336,-12626.55,1711.2727,1.39,54.4,84.0
9337,-12408.53,715.8077,1.38,53.9,84.0
9338,-12404.82,489.6269,1.44,52.8,83.9
9339,-12750.94,2963.0494,1.44,54.6,83.9
9340,-12650.17,1692.9407,1.42,54.6,83.8
9341,-12481.53,5458.3221,1.38,53.8,83.8
9342,-12220.99,2399.144,1.38,54.2,83.8
9343,-12219.16,1840.1215,1.4,53.4,83.9
9344,-12355.58,1658.293,1.42,53.2,83.9
9345,-12727.14,12769.3311,1.45,53.3,83.9
9346,-12405.17,947.8711,1.41,53.6,84.0
9347,-12124.52,4349.6401,1.37,54.4,83.9
9348,-12404.82,384.8994,1.4,54.7,84.0
9349,-12378.26,191.3638,1.41,54.9,84.0
9350,-12650.17,2322.3402,1.43,55.3,83.9
9351,-12470.19,575.6772,1.42,54.8,83.9
9352,-12190.08,2932.8662,1.39,53.5,84.0
9353,-12481.53,4669.1096,1.41,52.7,84.1
9354,-12474.3,3576.1238,1.4,53.8,83.9
9355,-12436.01,2204.7942,1.41,54.0,83.9
9356,-12218.16,2566.3597,1.39,53.9,83.8
9357,-12241.77,2374.6678,1.41,54.2,83.9
9358,-12219.66,1174.3877,1.42,53.9,83.9
9359,-12190.65,4065.3708,1.43,54.4,84.0
9360,-12197.48,528.9128,1.41,53.6,83.9
9361,-12219.66,353.971,1.44,53.6,83.8
9362,-12105.14,1294.3101,1.39,54.6,83.9
9363,-12220.99,924.9598,1.42,53.4,83.9
9364,-12111.17,537.6638,1.4,53.7,84.0
9365,-12175.3,94.7333,1.42,54.5,84.0
9366,-12111.17,283.4406,1.42,53.7,84.1
9367,-12320.51,3219.0817,1.41,54.1,83.9
9368,-12112.25,269.6719,1.39,53.7,83.9
9369,-12175.3,80.3682,1.35,54.6,83.9
9370,-12252.94,565.442,1.41,51.2,83.7
9371,-12252.94,138.826,1.43,52.8,83.6
9372,-12323.73,106.9084,1.45,54.0,83.7
9373,-12440.77,717.9336,1.45,53.8,83.7
9374,-12478.57,617.4719,1.37,53.6,83.6
9375,-12507.55,113.665,1.37,53.8,83.5
9376,-12458.62,477.4764,1.47,53.3,83.0
9377,-12319.73,3174.1066,1.43,53.5,83.0
9378,-12329.12,1476.348,1.43,53.3,83.0
9379,-12578.58,5456.4484,1.39,53.0,83.1
9380,-12415.0,926.4525,1.43,54.7,83.2
9381,-12360.65,166.8203,1.4,51.2,82.9
9382,-12299.9,254.2813,1.42,54.0,83.0
9383,-12193.04,1651.789,1.47,54.5,83.1
9384,-12136.75,10000.9888,1.38,53.2,83.0
9385,-12160.48,3026.0651,1.4,54.5,83.0
9386,-12215.42,1694.4233,1.43,52.0,82.8
9387,-12149.18,1989.5668,1.45,54.2,82.9
9388,-12103.36,1259.2179,1.43,54.3,82.8
9389,-12132.57,1963.9936,1.41,54.0,82.7
9390,-12101.06,1112.4308,1.41,54.0,82.7
9391,-11928.85,10672.1829,1.45,51.9,82.6
9392,-12647.2,13366.9214,1.43,54.5,82.7
9393,-11915.54,3460.742,1.44,53.4,82.8
9394,-11887.82,2351.273,1.43,54.7,82.8
9395,-11887.82,898.1747,1.39,53.7,82.6
9396,-12470.88,44114.0508,1.44,54.1,82.6
9397,-12612.38,35633.3379,1.45,54.2,82.7
9398,-11904.56,393.293,1.44,53.9,82.8
9399,-12843.19,34538.7695,1.4,53.6,82.9
9400,-12094.71,2805.0708,1.42,53.7,82.9
9401,-12577.32,20924.1494,1.43,54.0,82.9
9402,-12536.32,10454.9417,1.46,53.6,82.8
9403,-12743.74,19649.7349,1.45,53.6,82.9
9404,-11835.18,23063.9741,1.44,53.8,83.0
9405,-12581.37,4078.8259,1.37,54.2,83.0
9406,-12581.37,2162.4515,1.41,54.0,83.0
9407,-12604.4,1208.8897,1.45,53.6,83.0
9408,-12257.97,21919.3501,1.45,54.0,82.9
9409,-12256.97,24977.9355,1.44,54.0,83.0
9410,-12615.73,2828.0848,1.41,54.0,83.0
9411,-12392.31,13220.2908,1.4,53.5,83.1
9412,-12537.73,2953.2712,1.43,53.2,83.1
9413,-12310.15,11053.7249,1.48,53.7,83.2
9414,-12296.66,8704.176,1.46,54.1,83.3
9415,-11906.48,23915.0732,1.38,54.6,83.1
9416,-12016.88,14762.2761,1.36,54.6,83.2
9417,-12378.44,5841.5914,1.4,54.1,83.2
9418,-11602.45,22011.1494,1.47,53.5,83.3
9419,-12734.42,19444.1514,1.45,55.0,83.3
9420,-12335.91,3262.9494,1.43,53.8,83.3
9421,-11652.01,15113.4941,1.37,53.5,83.4
9422,-12103.15,1926.6176,1.41,54.1,83.4
9423,-12205.16,2424.7296,1.45,54.2,83.4
9424,-12011.33,4421.0949,1.47,54.4,83.4
9425,-12234.79,3926.9752,1.45,53.1,83.5
9426,-12299.24,6700.6785,1.38,53.1,83.6
9427,-12989.99,46654.6738,1.39,54.7,83.6
9428,-12210.14,1106.5555,1.46,53.2,83.7
9429,-12257.34,855.3653,1.45,54.0,83.5
9430,-12234.79,268.4334,1.45,53.7,83.6
9431,-12264.0,186.1116,1.41,54.5,83.6
9432,-12306.99,328.2619,1.36,54.7,83.7
9433,-12234.79,627.2172,1.41,54.5,83.8
9434,-12402.68,1228.4588,1.48,53.7,83.7
9435,-12632.59,25543.7158,1.46,53.4,83.8
9436,-12183.89,2260.3619,1.42,53.7,83.7
9437,-12191.98,1601.6592,1.37,53.9,83.8
9438,-12222.61,751.2227,1.36,54.3,83.8
9439,-12827.08,30445.9556,1.41,53.3,83.9
9440,-12222.61,354.2131,1.43,53.6,84.0
9441,-12353.45,881.2327,1.49,51.3,84.2
9442,-12825.25,31712.4399,1.43,54.0,84.3
9443,-12176.74,2672.0052,1.41,53.3,84.2
9444,-12779.93,25455.5181,1.4,54.2,84.2
9445,-12176.74,3249.9564,1.42,53.8,84.3
9446,-12609.48,25136.4131,1.44,54.4,84.3
9447,-12883.86,23856.7666,1.45,51.7,84.4
9448,-11600.91,30538.166,1.45,54.3,84.4
9449,-12371.95,3045.3942,1.43,54.1,84.5
9450,-12682.71,17002.4648,1.4,54.5,84.5
9451,-12378.76,5866.0115,1.42,53.7,84.4
9452,-12360.97,1946.9095,1.45,52.5,84.0
9453,-12304.91,1417.3798,1.46,55.0,84.1
9454,-12617.37,21480.0269,1.46,53.9,84.1
9455,-12820.63,26296.1025,1.39,54.5,84.1
9456,-12247.28,498.7544,1.4,54.1,84.1
9457,-12334.93,1616.8753,1.44,50.7,83.6
9458,-12291.84,347.9973,1.46,53.6,83.6
9459,-12185.33,1939.199,1.44,52.8,83.7
9460,-12216.27,665.2598,1.4,54.6,83.8
9461,-12097.04,2169.5157,1.43,53.6,83.7
9462,-12239.3,2629.3535,1.49,50.8,82.1
9463,-12321.84,1730.7471,1.47,49.3,81.9
9464,-12334.42,437.4028,1.44,54.2,82.0
9465,-12144.17,1130.0473,1.39,53.4,82.0
9466,-12077.37,2167.7504,1.39,54.1,82.2
9467,-12575.86,27933.7524,1.46,54.5,82.1
9468,-12854.91,32018.1396,1.48,51.3,82.1
9469,-12593.42,25818.2524,1.45,54.7,82.2
9470,-12236.22,988.4619,1.38,53.7,82.2
9471,-12106.42,3902.2213,1.37,53.7,82.2
9472,-12282.13,439.8871,1.44,54.0,82.3
9473,-12941.76,35702.1279,1.49,53.7,82.5
9474,-12883.86,28680.3569,1.43,54.1,82.3
9475,-12883.86,24827.7114,1.41,55.0,82.4
9476,-12185.48,2859.7344,1.41,54.4,82.4
9477,-12576.94,14864.7749,1.41,54.6,82.4
9478,-12940.5,23853.3086,1.46,54.0,82.5
9479,-12166.99,5354.8319,1.45,52.7,82.5
9480,-12361.64,2625.2388,1.45,54.3,82.6
9481,-12257.35,2275.6549,1.4,53.6,82.5
9482,-12638.13,14646.7964,1.41,53.7,82.6
9483,-12228.62,2243.3533,1.46,54.0,82.7
9484,-12430.65,3855.4748,1.43,53.7,82.7
9485,-12279.98,475.8749,1.42,54.8,82.7
9486,-12334.4,531.8482,1.42,53.6,82.7
9487,-12735.41,26345.3145,1.41,53.9,82.7
9488,-12206.71,784.5737,1.45,54.4,82.7
9489,-12560.71,25527.04,1.48,52.4,82.9
9490,-12146.4,738.0824,1.44,54.3,83.0
9491,-12260.31,798.6005,1.43,54.5,82.9
9492,-12241.91,1279.9505,1.4,54.0,82.9
9493,-12122.07,513.5509,1.42,53.3,83.0
9494,-12082.53,1589.07,1.43,54.2,83.0
9495,-12854.74,35133.6445,1.44,53.3,83.0
9496,-12830.28,37024.707,1.45,54.5,83.0
9497,-12840.52,27758.4521,1.41,54.3,83.1
9498,-11893.73,12289.167,1.41,53.8,83.1
9499,-12241.83,796.1358,1.43,54.0,83.2
9500,-11837.29,11505.2214,1.45,51.8,83.5
9501,-11896.05,5447.9106,1.44,53.8,83.5
9502,-12668.24,29474.29,1.45,53.6,83.5
9503,-12255.13,3051.9794,1.42,54.6,83.6
9504,-11996.99,3471.0133,1.41,54.1,83.6
9505,-12512.8,42121.7285,1.45,53.9,83.6
9506,-12744.79,33540.334,1.43,54.1,83.6
9507,-11730.31,12550.8428,1.46,53.8,83.6
9508,-11888.23,7965.2976,1.43,53.9,83.7
9509,-11661.87,11856.968,1.43,53.8,83.8
9510,-11946.6,6894.6567,1.43,53.6,83.8
9511,-11712.27,3021.103,1.44,53.2,83.7
9512,-12746.89,47878.7412,1.44,54.4,83.8
9513,-12241.98,9867.9905,1.39,53.6,83.8
9514,-11901.01,3762.2978,1.39,54.1,83.8
9515,-11963.61,3760.5922,1.43,54.8,83.9
9516,-11594.67,7066.8528,1.46,53.1,83.7
9517,-11745.64,2520.4312,1.45,53.7,83.8
9518,-11912.06,4198.7377,1.42,54.3,83.9
9519,-11819.14,1563.012,1.45,53.6,81.2
9520,-11772.75,10580.8186,1.39,53.5,81.3
9521,-11890.4,1539.46,1.4,54.4,81.4
9522,-12712.27,51867.1123,1.43,54.7,81.5
9523,-11941.79,4105.6125,1.43,54.8,81.5
9524,-12608.78,39454.9395,1.43,53.5,81.6
9525,-12631.32,33190.5347,1.39,53.9,81.5
9526,-11786.68,13064.1514,1.43,53.3,81.6
9527,-11996.63,3575.973,1.44,54.7,81.6
9528,-11773.11,11659.8655,1.4,53.9,81.8
9529,-11915.69,3579.8396,1.44,54.3,81.8
9530,-11735.79,3845.1243,1.39,54.5,81.7
9531,-11883.09,833.7216,1.42,55.1,81.8
9532,-11712.57,4810.7363,1.44,54.4,81.8
9533,-11482.9,5123.7587,1.42,54.1,81.9
9534,-12629.1,57382.3682,1.46,53.7,82.0
9535,-11508.35,2455.9625,1.39,54.1,81.9
9536,-12652.49,61569.0918,1.43,53.9,82.0
9537,-11794.23,3417.1058,1.43,54.2,82.0
9538,-11795.78,2456.1112,1.44,54.7,82.1
9539,-11981.3,5474.5475,1.47,53.9,82.1
9540,-11800.84,1929.5938,1.4,54.2,82.0
9541,-12544.9,42654.5352,1.4,54.4,82.1
9542,-12408.69,38597.8291,1.45,53.7,82.2
9543,-11806.96,6258.9283,1.44,53.1,82.3
9544,-11751.92,7787.8335,1.41,54.3,82.3
9545,-12480.62,38171.2148,1.44,54.3,82.3
9546,-12586.1,41736.4707,1.38,53.1,82.2
9547,-12509.31,25538.6045,1.41,53.2,82.3
9548,-12079.96,5722.1709,1.38,52.0,81.4
9549,-12011.75,4856.8372,1.35,53.6,81.4
9550,-12478.63,12592.0962,1.4,53.9,81.3
9551,-11744.42,14574.9233,1.41,53.2,81.3
9552,-12051.66,13840.5017,1.44,53.2,81.4
9553,-11808.62,14716.9014,1.46,54.8,81.4
9554,-11861.53,7977.1656,1.44,54.0,81.5
9555,-12449.71,30727.3501,1.41,53.0,81.5
9556,-11821.86,3283.377,1.4,55.2,81.8
9557,-12024.2,2222.1716,1.44,53.9,81.6
9558,-11561.19,14154.5955,1.44,52.9,81.7
9559,-11728.04,5660.1,1.44,53.6,81.8
9560,-11728.04,4261.034,1.45,54.7,81.7
9561,-11730.39,4548.066,1.39,53.7,81.8
9562,-11567.68,5472.479,1.46,53.8,81.9
9563,-11720.34,2198.5792,1.44,52.6,81.9
9564,-11727.41,2111.0936,1.41,52.6,81.9
9565,-11676.5,1542.7673,1.45,53.1,82.0
9566,-12641.69,54477.3086,1.41,54.0,82.0
9567,-11667.39,2426.052,1.44,53.7,82.1
9568,-11846.03,6517.3936,1.46,54.1,82.1
9569,-12494.56,42116.9746,1.43,52.6,82.1
9570,-11576.61,4609.2677,1.47,54.0,82.0
9571,-12618.03,40427.1846,1.44,54.1,82.1
9572,-12045.66,3443.6118,1.4,53.5,82.2
9573,-12076.22,13380.0671,1.4,53.2,82.2
9574,-12622.42,35436.665,1.46,52.8,82.1
9575,-12616.53,26245.2285,1.46,53.5,82.2
9576,-12599.07,19874.8281,1.46,51.1,82.2
9577,-12567.49,13578.6846,1.45,53.0,82.2
9578,-11731.33,28285.4668,1.38,54.2,82.3
9579,-12646.84,9045.151,1.43,54.3,82.4
9580,-12620.25,6557.272,1.45,54.0,82.3
9581,-12408.69,19440.0293,1.45,52.3,82.4
9582,-11831.85,39585.6338,1.44,54.2,82.5
9583,-12415.51,4329.8807,1.4,53.4,82.4
9584,-11624.41,42952.6494,1.39,54.0,82.5
9585,-11602.77,39727.334,1.44,54.0,82.5
9586,-12308.26,17267.8896,1.47,54.7,82.5
9587,-11645.06,16781.1719,1.47,54.9,82.6
9588,-12663.1,22647.4502,1.42,53.7,82.7
9589,-11949.54,9648.9548,1.4,54.5,82.8
9590,-12509.23,17066.0605,1.4,53.4,82.7
9591,-12597.59,18210.3369,1.47,54.1,82.7
9592,-12017.52,6999.3444,1.48,53.7,82.6
9593,-12485.11,12884.6326,1.43,53.3,82.6
9594,-11882.66,20983.6997,1.41,53.1,82.7
9595,-12022.42,5627.545,1.42,54.3,82.7
9596,-11813.66,8067.3016,1.44,55.1,82.7
9597,-12034.41,4608.9022,1.46,53.4,82.7
9598,-12604.42,21410.7339,1.44,54.0,82.8
9599,-11720.41,13859.4106,1.4,54.3,82.9
9600,-11885.91,5858.916,1.42,53.9,82.9
9601,-11820.84,5848.1927,1.43,54.2,83.0
9602,-11561.2,6036.2648,1.47,53.2,83.0
9603,-11814.27,2146.1378,1.44,53.9,83.0
9604,-11869.66,5319.944,1.41,53.9,83.1
9605,-11514.04,3904.9756,1.41,53.8,83.1
9606,-11500.63,2067.8707,1.42,54.4,83.1
9607,-12654.05,74338.1719,1.45,54.4,83.2
9608,-12605.08,69462.0449,1.43,53.0,82.8
9609,-11843.37,6236.0182,1.4,54.1,81.9
9610,-12060.38,24285.7852,1.42,54.8,81.9
9611,-11599.33,5059.6616,1.41,53.2,82.0
9612,-11631.0,11447.3247,1.42,53.2,82.0
9613,-11782.26,1563.0656,1.41,53.9,82.1
9614,-12266.8,17203.2805,1.41,54.9,82.1
9615,-12492.87,35798.7803,1.45,54.2,82.1
9616,-12503.22,30338.0718,1.41,54.3,82.1
9617,-12099.27,14273.0325,1.42,54.3,82.2
9618,-12005.29,1892.1954,1.4,54.6,82.2
9619,-11853.48,5880.4703,1.42,54.4,82.3
9620,-11826.21,7816.0745,1.45,53.8,82.2
9621,-11838.36,4604.6276,1.46,53.6,82.3
9622,-11838.36,2783.5375,1.42,54.2,82.3
9623,-12028.71,3976.3748,1.38,53.4,82.4
9624,-12159.12,18274.0825,1.42,53.9,82.4
9625,-12175.07,16609.072,1.45,55.4,82.3
9626,-12194.87,6682.8347,1.41,52.0,82.2
9627,-11976.99,4823.0712,1.48,49.7,82.5
9628,-12026.95,4592.4827,1.45,54.5,82.6
9629,-12023.32,1640.0902,1.46,53.8,82.5
9630,-11971.93,1720.4661,1.42,54.0,82.5
9631,-12215.06,10603.3088,1.39,54.2,82.5
9632,-11491.67,10157.303,1.43,54.4,82.6
9633,-11759.22,4133.9305,1.46,52.2,82.6
9634,-11619.2,3790.7288,1.46,53.7,82.6
9635,-11598.57,1485.2418,1.41,53.7,82.5
9636,-12080.17,13166.5686,1.37,54.5,82.5
9637,-11939.38,11702.5393,1.43,53.9,82.7
9638,-11918.21,7729.9916,1.44,51.4,82.9
9639,-11886.48,8262.5082,1.44,54.4,82.9
9640,-12085.5,5619.0829,1.39,53.6,83.0
9641,-11594.67,4699.3444,1.39,54.5,82.9
9642,-12092.14,3559.8797,1.39,54.7,82.9
9643,-11895.48,1145.9729,1.41,50.6,83.1
9644,-11704.45,5127.2054,1.41,53.7,83.2
9645,-11895.48,513.2356,1.39,53.3,83.2
9646,-11916.95,437.8587,1.4,54.8,83.2
9647,-11934.01,354.097,1.44,53.9,83.2
9648,-11960.25,266.9431,1.44,51.4,83.0
9649,-11915.34,3343.9781,1.41,54.4,83.0
9650,-11720.04,5337.2322,1.42,54.1,83.0
9651,-11760.8,10006.6687,1.35,53.8,82.4
9652,-11743.38,9481.2761,1.39,53.9,82.4
9653,-11777.12,3986.2435,1.45,54.3,82.4
9654,-11835.08,1530.8294,1.45,54.3,82.6
9655,-12038.75,2891.5397,1.41,54.9,82.6
9656,-11810.49,967.8664,1.37,54.0,82.6
9657,-11692.7,1754.4165,1.39,54.2,82.6
9658,-11692.65,1672.3667,1.46,53.5,82.5
9659,-12582.29,57445.7207,1.46,54.6,82.6
9660,-11471.06,3830.8045,1.44,53.3,82.6
9661,-12458.69,51797.3086,1.37,54.3,82.7
9662,-12422.68,31470.0444,1.36,53.5,82.7
9663,-12470.94,43092.1396,1.42,53.8,82.7
9664,-12597.03,40941.0332,1.46,53.8,82.8
9665,-12600.15,39646.7373,1.43,54.5,82.7
9666,-11956.43,3069.245,1.39,53.4,82.8
9667,-11973.62,4402.2561,1.38,54.2,82.8
9668,-12612.62,31010.6685,1.41,54.2,82.8
9669,-11996.47,3517.2307,1.44,54.2,82.8
9670,-11669.35,14842.7708,1.42,53.6,82.9
9671,-12510.18,20928.5498,1.4,54.7,83.0
9672,-11942.07,2246.8287,1.35,53.5,82.9
9673,-11788.11,6413.8785,1.38,54.5,83.0
9674,-11872.82,2443.973,1.47,53.9,83.1
9675,-11931.59,4263.5701,1.44,54.4,83.0
9676,-12331.14,11656.1133,1.41,53.0,83.0
9677,-12421.94,21057.6021,1.36,54.0,83.1
9678,-11960.65,2638.6592,1.38,54.0,83.1
9679,-12055.2,282.1253,1.43,54.4,83.2
9680,-11878.89,2136.3904,1.44,54.7,83.2
9681,-11895.48,1492.5374,1.42,53.9,83.1
9682,-11928.53,481.8981,1.37,53.7,83.2
9683,-11832.42,1365.9928,1.38,54.1,83.2
9684,-12624.17,42175.9473,1.41,54.5,83.3
9685,-12091.67,20291.6245,1.42,54.2,83.3
9686,-11992.04,906.5003,1.42,54.2,83.2
9687,-11874.22,2647.4281,1.42,53.6,83.3
9688,-11992.04,338.4925,1.35,54.7,83.3
9689,-11803.64,2312.0847,1.4,54.0,83.5
9690,-12434.07,33795.2998,1.43,54.8,83.5
9691,-11994.98,2565.7863,1.43,53.7,83.4
9692,-11634.46,6961.6853,1.43,53.9,83.4
9693,-11773.69,1619.8364,1.36,54.2,83.5
9694,-12480.68,40284.4102,1.38,53.3,83.5
9695,-11836.0,831.895,1.41,54.1,83.5
9696,-11795.83,390.3103,1.39,53.9,83.5
9697,-12481.35,42290.9219,1.4,53.1,83.5
9698,-11691.48,8448.5951,1.35,53.6,83.5
9699,-12180.02,16265.7183,1.34,52.5,83.6
9700,-12099.27,13982.3887,1.39,54.1,83.7
9701,-11965.96,1353.6479,1.4,55.5,83.7
9702,-11458.78,15391.4331,1.42,53.5,83.7
9703,-12149.52,10284.2346,1.38,54.3,83.6
9704,-12076.22,8096.1642,1.33,53.7,83.7
9705,-12579.22,23733.1514,1.36,53.2,83.7
9706,-11532.25,24425.5,1.39,53.5,83.7
9707,-12011.75,1446.4552,1.41,53.2,83.9
9708,-11895.84,7522.6748,1.36,53.7,83.7
9709,-11931.77,6105.1426,1.33,53.3,83.8
9710,-11535.37,17187.28,1.34,53.8,83.9
9711,-11516.41,13055.0044,1.39,53.9,83.8
9712,-11750.17,5201.4922,1.39,53.1,83.9
9713,-11820.03,7648.1449,1.36,52.8,83.9
9714,-12536.97,40957.6807,1.33,53.5,83.8
9715,-12497.33,44680.4268,1.33,53.0,83.9
9716,-12579.22,40983.4033,1.34,53.2,83.9
9717,-11532.25,9538.426,1.38,50.0,84.0
9718,-11556.39,9046.9607,1.36,50.9,84.0
9719,-12499.97,21166.0679,1.34,53.2,84.0
9720,-11722.32,10189.3308,1.32,52.8,84.1
9721,-11539.93,11172.5549,1.33,52.3,84.0
9722,-12486.05,19826.771,1.37,51.8,84.0
9723,-11934.64,5864.2941,1.4,52.4,84.1
9724,-11715.93,5325.2386,1.4,53.5,84.1
9725,-11756.21,16251.0107,1.38,53.0,84.1
9726,-11670.87,10578.4595,1.34,54.8,84.1
9727,-12359.63,45118.6406,1.38,54.5,84.1
9728,-11867.7,3230.8143,2.3,53.8,84.1
9729,-11686.88,2763.3312,1.4,53.0,84.2
9730,-12205.97,12592.6885,1.38,53.2,84.2
9731,-12481.12,23475.5752,1.41,53.5,84.3
9732,-11845.35,1592.3838,1.43,54.2,84.3
9733,-12217.4,23487.1743,1.43,54.4,84.4
9734,-12088.32,18142.6411,1.43,52.4,84.3
9735,-11888.39,2896.1279,1.43,53.8,84.4
9736,-11815.6,2484.4782,1.42,53.7,84.4
9737,-11845.33,1101.8929,1.44,54.8,84.5
9738,-11871.79,730.6052,1.45,52.9,84.4
9739,-11648.05,4915.5621,1.46,54.6,84.5
9740,-12269.54,42535.9131,1.44,53.6,84.5
9741,-13076.12,78697.9961,1.42,54.0,84.6
9742,-11829.03,836.0132,1.41,53.8,84.6
9743,-12454.1,47751.1904,1.37,54.4,84.7
9744,-12350.73,21434.0205,1.39,54.1,84.7
9745,-11771.43,4613.8123,1.41,52.0,84.6
9746,-11669.98,6609.677,1.46,53.8,84.7
9747,-11796.44,1879.7534,1.46,54.1,84.7
9748,-11806.18,2295.783,1.42,53.7,84.7
9749,-11703.4,890.0344,1.4,54.5,84.8
9750,-11922.0,4821.4565,1.39,55.0,84.8
9751,-11660.04,2438.4992,1.43,54.0,84.9
9752,-11433.6,6890.9331,1.47,54.0,84.9
9753,-11777.39,1453.368,1.43,54.0,84.8
9754,-12463.23,51015.3408,1.4,54.5,84.9
9755,-11804.1,1663.6458,1.36,53.0,85.0
9756,-11491.59,9087.2361,1.87,54.4,85.0
9757,-11867.79,1130.0033,1.41,53.9,85.0
9758,-12442.55,44029.625,1.44,53.5,85.0
9759,-11602.41,6483.7695,1.46,55.1,85.1
9760,-11669.98,3061.4453,1.46,51.6,85.2
9761,-11624.06,4612.1865,1.45,54.3,85.2
9762,-11579.99,6665.6639,1.39,53.4,85.2
9763,-11921.63,4573.8483,1.42,54.3,85.3
9764,-11659.88,3281.4358,1.45,54.4,85.4
9765,-12467.31,39548.8252,1.5,49.9,85.5
9766,-12829.47,80256.4746,1.53,52.1,85.3
9767,-11668.71,2306.965,1.39,54.4,85.3
9768,-11487.27,12161.1533,1.4,54.6,85.3
9769,-11628.32,7075.5785,1.48,53.9,85.4
9770,-11713.75,1663.4835,1.49,48.3,85.4
9771,-12447.16,33258.0112,1.44,51.9,85.4
9772,-12485.44,45427.3623,1.46,53.6,85.5
9773,-12382.67,38549.8037,1.43,54.3,85.5
9774,-12268.69,22755.75,1.44,53.5,85.6
9775,-12393.76,29915.5474,1.46,53.3,85.6
9776,-11752.48,3286.7584,1.43,51.6,85.5
9777,-13225.39,75969.7285,1.45,53.8,85.6
9778,-12050.88,14229.8208,1.43,54.0,85.6
9779,-11666.75,7467.901,1.44,54.1,85.7
9780,-11796.88,3798.846,1.39,54.1,85.7
9781,-11948.66,4363.7375,1.41,51.6,85.8
9782,-12315.24,33515.752,1.46,53.8,85.9
9783,-12384.56,25877.4556,1.4,54.2,85.9
9784,-11774.32,2314.629,1.4,53.5,85.9
9785,-11743.63,4786.5824,1.42,53.0,86.0
9786,-12853.74,40081.9668,1.45,52.4,86.0
9787,-12470.8,49694.3184,1.46,54.3,86.1
9788,-12342.26,20131.0791,1.41,54.2,86.2
9789,-11640.26,38908.9727,1.4,53.7,86.2
9790,-11794.99,2749.7416,1.41,54.6,86.3
9791,-12294.0,29679.4165,1.42,53.6,86.3
9792,-12174.99,18919.2417,1.46,53.5,86.4
9793,-12502.41,49489.0693,1.42,53.7,86.4
9794,-12214.89,13231.2825,1.41,53.0,86.4
9795,-11668.9,34777.2393,1.37,53.2,85.8
9796,-11829.69,1584.1563,1.41,54.7,82.5
9797,-12294.0,20822.8345,1.41,54.1,79.7
9798,-11771.43,1559.076,1.46,53.4,80.2
9799,-11612.44,6971.7954,1.44,52.3,80.3
9800,-11774.32,451.3706,1.37,53.6,80.5
9801,-11878.87,1028.2766,1.4,53.4,80.7
9802,-12356.42,48010.998,1.46,53.3,81.0
9803,-11885.2,1008.6437,1.45,53.2,81.2
9804,-12401.97,24476.0015,1.43,53.9,78.4
9805,-11774.7,4681.8319,1.37,53.2,78.5
9806,-11807.88,3472.2675,1.32,53.9,78.4
9807,-11768.87,3545.8067,1.4,53.9,78.5
9808,-11679.37,4393.6219,1.4,53.5,78.5
9809,-12002.99,1895.4572,1.42,50.8,78.6
9810,-11936.78,1243.2029,1.36,53.1,78.6
9811,-11739.78,3818.524,1.36,53.4,78.6
9812,-12715.42,53365.3691,1.42,53.9,78.6
9813,-12401.97,25743.4067,1.42,54.2,78.6
9814,-12243.51,16350.5239,1.47,51.4,79.1
9815,-13115.59,63606.4688,1.44,53.8,79.2
9816,-12989.42,38567.5312,1.38,52.3,79.1
9817,-12149.75,8736.9915,1.39,54.1,79.2
9818,-12117.91,7044.1897,1.44,54.2,79.3
9819,-12987.08,28159.98,1.43,52.5,79.0
9820,-11715.4,19174.2261,1.4,54.3,79.1
9821,-12179.64,4148.4567,1.44,53.6,79.1
9822,-12194.87,3477.1963,1.41,53.0,79.1
9823,-12310.62,23113.0073,1.38,53.6,79.2
9824,-11971.93,6303.0879,1.39,54.0,79.3
9825,-11531.52,21777.8584,1.65,54.4,78.9
9826,-12310.62,20657.1489,1.4,55.0,78.9
9827,-12339.57,21371.5864,1.41,53.0,79.0
9828,-12339.57,18139.6587,1.37,53.6,79.1
9829,-12233.09,5776.5999,1.36,54.2,79.1
9830,-11841.67,4298.5157,1.4,53.2,79.1
9831,-11798.94,5235.332,1.4,53.5,79.1
9832,-11932.78,1690.2277,1.41,51.8,78.9
9833,-12339.57,13260.8613,1.38,54.1,79.0
9834,-11857.73,4655.6124,1.35,55.0,79.1
9835,-12503.55,20116.0518,1.37,54.5,79.0
9836,-12333.77,12460.3137,1.41,53.9,79.0
9837,-12529.79,16578.2009,1.41,51.2,78.8
9838,-11875.66,3862.2571,1.4,53.2,78.9
9839,-11647.12,15515.7432,1.36,53.5,78.9
9840,-12339.57,8463.3643,1.37,53.3,78.9
9841,-12333.77,8012.0898,1.41,53.7,78.8
9842,-12261.26,7624.547,1.43,51.4,78.7
9843,-12353.64,5259.9298,1.41,53.0,78.7
9844,-11932.9,8487.9308,1.34,54.3,78.8
9845,-11588.74,21781.541,1.34,54.1,78.7
9846,-12576.32,8613.9561,1.39,53.8,78.8
9847,-12457.37,12230.4741,1.46,53.8,78.8
9848,-12585.63,7122.5269,1.39,52.8,78.4
9849,-12482.48,3023.5273,1.35,54.3,78.5
9850,-12529.24,3061.1031,1.36,53.1,78.5
9851,-12625.1,2937.9523,1.39,53.5,78.6
9852,-12705.02,5269.1329,1.42,52.8,78.5
9853,-12080.01,26661.6016,1.41,52.3,78.4
9854,-12293.84,17361.8799,1.39,53.4,78.4
9855,-12457.74,9573.1072,1.36,53.1,78.4
9856,-12247.27,11837.9883,1.37,53.6,78.4
9857,-12282.13,7667.9282,1.42,53.4,78.5
9858,-11807.81,26625.7266,1.41,52.5,78.4
9859,-12597.06,13207.7607,1.39,53.3,79.1
9860,-11823.96,15002.9861,1.39,53.3,79.1
9861,-12221.64,11412.3086,1.38,54.0,79.0
9862,-12772.43,23933.0029,1.4,53.3,79.1
9863,-12066.45,6924.2754,1.4,53.7,79.1
9864,-11783.02,12325.0945,1.39,54.1,79.2
9865,-12066.63,3741.9071,1.41,53.5,79.0
9866,-12023.74,3229.3057,1.37,53.9,79.0
9867,-12090.24,1668.2971,1.36,53.0,78.1
9868,-12158.77,3110.7268,1.43,53.3,77.6
9869,-12480.93,31402.2031,1.41,53.6,77.5
9870,-11773.95,13027.2014,1.36,53.1,77.6
9871,-12360.14,24786.8545,1.34,54.1,77.5
9872,-12138.01,3509.5803,1.4,53.8,77.5
9873,-11882.55,12560.6409,1.42,53.7,77.5
9874,-12028.57,3399.0649,1.42,49.2,77.0
9875,-12271.95,6104.5894,1.36,53.2,77.1
9876,-12103.35,1710.4792,1.33,53.4,77.1
9877,-12147.34,1074.2893,1.39,53.7,77.3
9878,-12073.88,1025.4247,1.42,53.5,77.2
9879,-12456.79,32110.4624,1.42,46.6,76.4
9880,-12311.99,19616.2861,1.39,53.6,76.4
9881,-11950.26,11796.1492,1.34,53.2,76.4
9882,-11937.56,6178.1246,1.38,54.4,76.4
9883,-11865.0,9469.5002,1.41,53.8,76.5
9884,-11917.86,7378.9974,1.4,45.7,75.7
9885,-11765.9,3303.536,1.39,53.5,75.8
9886,-11729.48,1456.4472,1.34,52.8,75.7
9887,-12697.7,55785.1631,1.35,53.7,75.7
9888,-11983.16,10508.7991,1.44,53.1,75.8
9889,-11780.61,4792.5814,1.44,49.6,75.7
9890,-12024.07,3283.8934,1.4,52.8,75.9
9891,-11989.59,4106.9247,1.38,54.0,75.8
9892,-11776.72,1682.9927,1.42,52.2,73.9
9893,-12021.73,6599.1162,1.38,53.6,74.0
9894,-11986.28,2796.0635,1.36,54.5,74.0
9895,-11761.36,2025.8369,1.37,53.6,74.0
9896,-11708.52,1536.5793,1.42,51.4,74.0
9897,-12060.79,4158.4301,1.4,54.0,73.5
9898,-11792.32,3451.8032,1.39,53.0,73.6
9899,-12127.82,4413.2856,1.41,53.9,73.6
9900,-11777.47,3792.9556,1.41,54.2,73.6
9901,-11941.81,1110.9915,1.4,54.0,73.7
9902,-11566.13,3702.2697,1.39,53.7,73.7
9903,-11757.03,946.6982,1.39,54.2,73.6
9904,-12539.02,25602.5649,1.38,54.5,73.5
9905,-12060.79,2749.0366,1.39,53.6,73.5
9906,-11944.49,2720.1898,1.4,54.7,73.5
9907,-12070.5,1577.7043,1.39,53.5,73.6
9908,-12110.02,1419.4815,1.41,53.2,73.7
9909,-12480.64,14849.6799,1.37,54.4,73.6
9910,-12072.38,1306.2431,1.39,53.5,73.5
9911,-11976.01,3160.3736,1.38,52.9,73.6
9912,-11504.13,21004.1782,1.39,51.8,73.6
9913,-12254.71,31659.2524,1.39,53.7,73.7
9914,-12353.06,20824.7861,1.36,53.3,73.7
9915,-11448.31,14776.0251,1.38,53.7,73.7
9916,-11375.21,17166.1472,1.41,54.1,73.6
9917,-12635.86,41451.1484,1.42,50.4,73.8
9918,-11569.89,11128.6013,1.38,53.9,73.8
9919,-11979.53,27048.9194,1.36,53.9,73.9
9920,-11463.27,7886.087,1.35,54.0,73.9
9921,-11677.59,5615.3052,1.42,54.1,73.9
9922,-12018.21,19049.6138,1.42,52.6,73.9
9923,-11667.8,3366.7686,1.39,53.6,73.9
9924,-11671.9,3684.7283,1.35,52.5,74.0
9925,-11584.38,3846.0364,1.36,53.1,74.0
9926,-11601.01,2004.2112,1.39,53.9,74.0
9927,-12743.48,61038.8545,1.43,51.5,74.1
9928,-12416.57,37416.5449,1.41,53.0,74.2
9929,-12669.06,38488.4541,1.36,53.7,74.1
9930,-12576.92,29966.4385,1.35,53.4,74.0
9931,-11585.32,8125.5771,1.38,52.9,74.1
9932,-12286.86,31213.6553,1.43,53.2,74.2
9933,-11551.66,10013.3503,1.41,52.1,74.1
9934,-11515.4,9327.0779,1.39,53.8,74.2
9935,-11543.33,7395.8878,1.35,53.1,74.1
9936,-11639.66,3197.2516,1.39,53.1,74.1
9937,-11585.32,1942.4565,1.43,54.2,74.1
9938,-11654.83,1859.4891,1.42,52.1,74.1
9939,-12385.62,50452.5742,1.39,53.6,74.2
9940,-11641.95,1320.8896,1.34,52.8,74.2
9941,-12619.43,40092.6768,1.36,53.2,74.2
9942,-11666.92,1070.0575,1.39,54.0,74.1
9943,-12438.1,23529.3252,1.44,52.7,74.2
9944,-12286.86,36813.3506,1.38,53.1,74.2
9945,-11933.7,10076.3662,1.36,53.9,74.2
9946,-12188.73,18065.356,1.35,53.3,74.2
9947,-11443.54,10714.2986,1.38,53.5,74.3
9948,-12696.44,26789.083,1.43,53.4,74.2
9949,-11634.17,6669.2115,1.41,52.0,74.2
9950,-11478.69,9558.9143,1.37,53.3,74.3
9951,-11363.38,12518.5222,1.36,53.9,74.4
9952,-12781.4,34909.8965,1.39,53.2,74.4
9953,-12512.29,21886.0532,1.41,52.9,74.4
9954,-11868.78,14164.4114,1.42,52.8,74.5
9955,-12701.58,31252.75,1.41,52.3,74.4
9956,-12127.41,9452.54,1.34,52.5,74.4
9957,-11762.74,10102.7876,1.35,53.4,74.5
9958,-12310.71,19989.5562,1.41,53.2,74.6
9959,-12580.01,30581.499,1.42,52.4,74.6
9960,-11549.03,31142.9023,1.4,52.5,74.7
9961,-12576.39,13862.6995,1.37,53.8,74.8
9962,-12685.53,24853.6948,1.37,53.7,74.8
9963,-12216.52,14673.9084,1.38,53.1,74.9
9964,-11973.41,22848.2437,1.44,53.5,74.9
9965,-12300.01,12453.7622,1.42,51.7,75.0
9966,-11913.77,16403.105,1.39,54.6,75.1
9967,-11950.78,11349.126,1.35,53.2,75.1
9968,-12331.31,12385.9041,1.38,53.1,75.0
9969,-12478.02,38844.5195,1.4,54.6,75.1
9970,-12197.85,6299.4016,1.42,52.7,75.1
9971,-11700.87,23556.895,1.39,52.7,75.2
9972,-12207.29,12514.8325,1.34,54.0,75.3
9973,-11973.63,7054.0417,1.37,53.6,75.4
9974,-11470.71,24647.6968,1.41,53.7,75.3
9975,-11763.98,3803.61,1.42,52.1,75.1
9976,-11836.51,3438.8463,1.43,52.6,75.3
9977,-12239.87,10544.2234,1.38,52.0,75.4
9978,-11955.91,2893.6693,1.37,52.6,75.4
9979,-12126.97,6981.8109,1.4,53.5,75.3
9980,-12298.71,8180.3834,1.42,53.8,75.3
9981,-11945.5,7480.83,1.41,51.2,75.4
9982,-12658.07,19089.1577,1.39,53.8,75.4
9983,-12360.33,4969.5526,1.35,53.5,75.4
9984,-11822.21,18960.9326,1.4,54.0,75.4
9985,-11809.03,16713.5183,1.43,54.1,75.5
9986,-12174.92,5915.302,1.42,50.9,75.6
9987,-12145.47,4347.1063,1.38,53.8,75.7
9988,-12162.7,3398.7803,1.38,52.9,75.6
9989,-12060.18,2167.5925,1.34,54.0,75.5
9990,-12123.17,2861.6199,1.42,54.5,75.6
9991,-12003.36,2248.6123,1.42,50.8,75.4
9992,-12115.93,1413.216,1.38,53.7,75.5
9993,-12022.12,1221.6038,1.36,53.1,75.6
9994,-12083.39,2951.2004,1.35,53.2,75.4
9995,-11703.82,16962.063,1.4,54.0,75.5
9996,-13147.2,73652.5645,1.47,51.8,75.6
9997,-12697.32,40279.0244,1.44,53.5,75.6
9998,-12149.45,25650.8589,1.4,52.9,75.7
9999,-12613.88,16714.3625,1.36,53.8,75.6
10000,-12017.14,27998.4116,1.38,53.5,75.7
