scenario,fixed_delay,rl_delay,improve_delay_pct,fixed_queue,rl_queue,improve_queue_pct,fixed_sat_norm,rl_sat_norm,improve_sat_norm_pct,avg_3kpi_improve_pct,fixed_sat_raw,rl_sat_raw
normal_2intersection,113.19562682567859,50.098297452726285,55.74184369341606,3.0882323068730972,1.8401043227239817,40.41561191401667,0.6470657341888714,0.7650315693008298,-18.230888900311562,25.975522235707057,1637770.9663128408,801415.4281723823
crowded_2intersection,161.31178064982097,79.67512307310463,50.607994808472746,2.983587562640508,2.285522087176043,23.39684895477541,0.7203742690198124,0.7764473990782311,-7.78388852432437,22.07365174630793,1507368.5111652047,816778.9585573921
