Episode,Reward,Critic_Loss,Time_Sec,CPU_Percent,RAM_Percent
1,-12034.28,4634796.125,1.13,76.6,47.7
2,-12023.18,4616187.125,1.13,95.4,47.8
3,-13569.56,5580388.75,1.16,88.1,47.8
4,-13935.83,5976465.5,1.18,89.3,47.7
5,-13164.9,4974180.625,1.15,90.5,47.8
6,-12273.66,4308258.75,1.12,88.7,47.7
7,-13084.96,5087458.875,1.17,86.3,47.8
8,-13049.24,5044338.5,1.16,78.4,47.8
9,-13014.48,5044337.625,1.2,72.0,47.8
10,-12973.18,5033169.0,1.22,84.7,48.0
11,-13143.45,5206871.375,1.18,89.3,47.9
12,-12973.01,4659731.875,1.17,94.7,48.0
13,-13403.84,5401590.875,1.12,95.8,48.5
14,-13202.14,5275660.75,1.15,90.7,48.7
15,-13881.53,5664254.375,1.21,85.7,48.7
16,-13768.09,5692412.5,1.25,88.1,48.6
17,-13659.92,5620911.25,1.26,88.6,48.6
18,-12913.33,4705216.5,1.18,89.5,48.5
19,-13120.34,4694830.625,1.2,96.2,48.8
20,-13051.86,5001409.625,1.19,98.7,49.1
21,-13379.46,5312037.75,1.15,92.8,49.2
22,-13581.27,5046950.0,1.19,90.3,49.4
23,-13180.38,5343283.5,1.15,100.0,49.3
24,-13261.69,5235173.125,1.14,99.6,49.3
25,-13004.84,4546011.5,1.14,99.6,49.4
26,-11888.77,4079865.25,1.2,94.8,49.4
27,-13681.1,5787741.25,1.21,71.7,49.4
28,-13649.09,5515474.75,1.16,95.5,49.4
29,-13099.55,4563576.5,1.2,100.0,49.4
30,-12535.39,4765171.0,1.18,92.4,49.3
31,-12098.98,4346240.75,1.14,100.0,49.3
32,-13706.97,5646708.75,1.21,100.0,49.4
33,-12522.37,5000981.625,1.19,89.3,49.4
34,-13156.18,5064808.625,1.22,91.8,49.4
35,-13047.77,5199740.5,1.12,100.0,49.4
36,-12491.94,4831535.75,1.13,100.0,49.2
37,-13598.65,5237347.625,1.18,100.0,49.3
38,-13316.1,5514876.0,1.18,97.2,49.0
39,-13209.21,4656738.25,1.2,92.6,49.0
40,-12504.41,4257463.875,1.16,100.0,48.9
41,-12383.56,4682490.5,1.18,98.4,49.0
42,-12649.16,4666497.0,1.16,95.1,49.0
43,-12509.68,4819362.25,1.18,96.0,48.9
44,-13754.57,5690666.25,1.21,85.8,49.0
45,-13358.07,5260534.625,1.25,87.8,49.1
46,-13422.75,4867781.0,1.18,99.3,49.1
47,-13144.06,5268752.0,1.17,100.0,49.1
48,-12732.02,4819215.375,1.15,100.0,49.1
49,-12700.55,4723302.0,1.15,100.0,49.0
50,-12293.3,4664698.125,1.18,89.8,49.0
51,-13025.93,4777678.125,1.17,100.0,49.1
52,-13134.23,4962950.625,1.21,100.0,49.1
53,-13742.47,5856564.875,1.2,94.1,49.5
54,-12993.96,5018504.625,1.16,98.7,49.2
55,-12956.79,4880922.5,1.2,90.3,49.3
56,-13478.82,5418411.75,1.27,75.1,49.2
57,-13170.55,4963548.0,1.23,95.3,49.2
58,-13203.02,5265021.875,1.17,100.0,49.2
59,-13136.8,5010119.875,1.19,99.1,49.2
60,-12676.86,4628933.0,1.14,100.0,49.2
61,-13193.18,4758436.5,1.23,100.0,49.4
62,-12915.4,4799385.625,1.2,94.8,49.6
63,-12827.24,4757138.0,1.21,91.9,49.8
64,-13572.68,5521648.25,1.16,100.0,49.9
65,-12968.95,4708079.5,1.17,100.0,50.0
66,-12806.3,4687698.125,1.17,98.4,50.0
67,-13215.5,4765454.25,1.2,97.3,50.3
68,-13259.73,5028028.5,1.23,87.5,50.0
69,-12744.76,4788310.0,1.13,100.0,50.0
70,-13180.44,5570827.125,1.16,100.0,50.0
71,-12019.7,4303961.125,1.15,90.5,49.9
72,-12717.0,4676032.125,1.13,79.6,47.8
73,-12258.76,4495975.75,1.14,83.1,47.9
74,-13673.47,5047821.875,1.18,81.3,48.2
75,-13865.84,5487459.75,1.19,92.5,48.3
76,-13117.49,5266623.0,1.15,88.1,48.5
77,-14053.21,6031924.25,1.16,95.8,48.7
78,-13354.84,5429931.625,1.19,96.2,48.6
79,-13849.2,5573203.5,1.24,82.7,48.6
80,-12685.59,4751307.5,1.16,95.9,48.7
81,-13392.93,5311881.875,1.11,100.0,48.6
82,-13642.81,5748810.625,1.16,100.0,48.5
83,-13798.72,5563963.625,1.18,100.0,48.6
84,-13256.07,5587187.375,1.16,97.1,48.6
85,-12922.93,5180744.25,1.12,95.2,48.7
86,-12859.58,5261174.875,1.12,99.9,48.6
87,-12888.98,4851595.625,1.18,92.2,48.7
88,-13123.43,5098719.5,1.18,95.5,48.6
89,-12989.83,4843877.5,1.18,91.6,48.6
90,-13033.49,5164736.875,1.24,82.8,48.7
91,-13246.38,5054109.625,1.19,95.7,48.7
92,-13779.98,5622307.5,1.14,100.0,48.7
93,-12286.49,4486303.5,1.17,98.4,48.8
94,-14364.13,5924713.25,1.15,100.0,48.6
95,-12153.93,4639810.125,1.14,100.0,48.6
96,-12687.59,4822973.625,1.13,100.0,48.7
97,-13393.26,5054849.375,1.14,99.2,48.7
98,-12574.7,4645765.25,1.19,81.0,48.8
99,-12982.59,5176755.75,1.17,84.4,48.8
100,-12640.24,4656641.375,1.17,95.8,48.8
101,-12670.65,4915581.5,1.15,96.0,48.6
102,-12894.3,4961121.125,1.1,100.0,48.7
103,-13891.54,5829349.375,1.21,100.0,48.7
104,-13381.17,5675780.375,1.12,88.6,48.7
105,-13491.59,5371428.125,1.12,95.9,48.7
106,-13224.45,5066773.375,1.14,100.0,48.8
107,-12943.79,5182282.875,1.15,98.7,48.6
108,-13312.25,5418333.125,1.19,94.9,48.8
109,-13405.26,5297218.875,1.18,81.9,48.7
110,-13217.13,4961211.0,1.16,89.9,48.7
111,-13042.22,4914507.5,1.17,100.0,48.8
112,-11851.13,3993454.5,1.14,99.3,48.9
113,-13779.9,5445024.25,1.17,98.3,49.0
114,-13300.77,5125555.125,1.2,100.0,48.9
115,-12407.2,4533612.875,1.16,94.7,48.8
116,-13595.85,5136388.25,1.2,90.1,48.9
117,-13560.04,5398071.875,1.14,100.0,48.9
118,-13504.4,5419416.625,1.17,98.6,48.8
119,-12623.6,4687024.875,1.15,98.7,49.0
120,-14408.5,5648842.125,1.21,99.2,48.9
121,-14569.56,6115788.75,1.2,92.2,48.0
122,-12887.28,4981967.0,1.13,99.9,48.0
123,-13974.11,5897916.25,1.17,100.0,48.0
124,-13829.46,5024791.875,1.21,89.9,48.1
125,-12115.47,4411434.0,1.16,95.9,48.2
126,-12377.52,4309402.125,1.16,92.7,48.2
127,-13657.32,5341738.75,1.2,93.0,48.1
128,-13802.86,5680490.5,1.19,93.5,48.2
129,-13441.62,5245408.125,1.17,100.0,48.2
130,-14035.26,5924979.625,1.18,96.9,48.2
131,-13063.33,4905333.375,1.13,100.0,48.2
132,-12658.36,4336467.75,1.15,100.0,48.3
133,-12999.0,4992366.375,1.13,100.0,48.2
134,-13049.7,4879272.0,1.16,99.9,47.7
135,-12439.05,4533262.625,1.19,80.2,47.8
136,-13784.64,5307445.5,1.19,85.9,47.9
137,-13203.24,5219666.125,1.18,93.3,47.8
138,-12993.1,4890869.875,1.17,96.6,47.8
139,-13502.24,4700556.125,1.2,96.3,47.8
140,-13725.7,5384247.125,1.2,100.0,47.9
141,-13718.79,5699670.125,1.16,93.6,47.9
142,-13519.72,5379729.0,1.14,100.0,48.1
143,-12336.07,4161546.875,1.17,100.0,48.4
144,-12658.43,4403783.125,1.19,100.0,48.6
145,-13458.84,5254721.75,1.17,98.5,48.7
146,-14183.8,5586401.625,1.23,93.9,48.8
147,-13055.59,4768821.5,1.22,93.0,48.7
148,-13331.25,4998569.25,1.25,97.9,48.9
149,-12871.01,4615764.75,1.22,100.0,48.9
150,-14116.71,5759964.75,1.19,93.8,49.0
151,-13280.93,4889125.0,1.19,100.0,49.0
152,-13478.48,4464033.25,1.25,100.0,49.1
153,-12663.42,4587064.625,1.21,98.0,49.1
154,-12378.67,3943856.75,1.18,100.0,49.0
155,-12551.95,4304408.75,1.18,100.0,49.1
156,-12322.7,4386751.625,1.16,100.0,49.0
157,-14074.06,5755188.125,1.2,100.0,49.1
158,-13278.51,4767285.0,1.19,100.0,48.9
159,-13700.45,4914043.875,1.19,100.0,48.9
160,-13102.39,5057931.125,1.18,100.0,48.8
161,-13971.01,4711522.0,1.25,98.9,48.8
162,-12133.31,4090464.75,1.18,100.0,48.9
163,-13467.48,4925695.25,1.23,96.5,49.0
164,-12858.04,4561148.375,1.24,87.2,49.1
165,-12890.83,4626268.875,1.34,92.2,49.4
166,-12752.71,4535433.375,1.23,99.0,49.5
167,-12821.75,4502804.625,1.18,100.0,49.6
168,-13032.11,4457579.5,1.19,100.0,49.7
169,-13725.06,5360581.75,1.23,100.0,49.8
170,-13152.09,4691940.5,1.26,92.6,49.9
171,-12749.8,4470344.0,1.22,100.0,49.9
172,-13652.35,4641968.125,1.25,100.0,50.0
173,-13483.57,4746606.25,1.27,100.0,50.0
174,-13450.07,4564515.75,1.29,100.0,50.0
175,-12653.6,4656285.75,1.24,100.0,50.0
176,-13791.97,5307086.25,1.24,98.9,50.1
177,-13651.88,4626560.625,1.25,100.0,50.0
178,-13159.78,4820048.0,1.21,100.0,50.0
179,-13774.0,5305479.25,1.27,100.0,50.1
180,-14072.72,5656044.5,1.31,100.0,50.0
181,-12363.8,4055127.125,1.32,99.4,50.3
182,-13679.97,5120481.125,1.32,100.0,50.4
183,-13959.68,5081110.875,1.32,96.0,50.3
184,-13869.03,5269986.5,1.22,100.0,50.2
185,-12963.02,4410260.75,1.19,100.0,50.3
186,-13278.13,4907476.0,1.21,100.0,50.2
187,-13515.55,4528583.0,1.27,100.0,50.3
188,-13382.19,4807455.0,1.26,100.0,50.4
189,-12093.03,3788119.4375,1.23,100.0,50.5
190,-13229.58,4790370.5,1.24,100.0,50.5
191,-12840.79,4443395.625,1.24,100.0,50.9
192,-13599.31,5075828.75,1.26,99.8,51.1
193,-13211.44,4137107.0625,1.24,100.0,50.9
194,-12586.94,4382721.0,1.25,100.0,51.3
195,-14711.93,5894464.375,1.24,100.0,51.6
196,-13453.62,5004598.375,1.25,100.0,51.8
197,-12743.94,3808182.25,1.27,100.0,51.9
198,-12787.31,4690019.625,1.2,100.0,51.9
199,-13651.34,5071636.0,1.3,100.0,51.8
200,-12305.88,3973128.125,1.32,99.9,52.0
201,-13033.52,4511489.375,1.25,100.0,52.0
202,-14016.73,5250844.0,1.24,100.0,52.1
203,-12706.77,4195177.8125,1.25,100.0,52.2
204,-13044.68,4521350.375,1.27,100.0,52.1
205,-13849.58,5100443.75,1.32,100.0,52.1
206,-12648.77,4121788.6875,1.44,99.9,52.1
207,-13212.51,4645527.25,1.26,100.0,52.4
208,-13253.15,4602250.125,1.23,100.0,52.4
209,-13023.63,4114084.375,1.28,100.0,52.5
210,-12634.2,3975642.8125,1.2,100.0,52.5
211,-13430.28,4509784.375,1.28,100.0,52.6
212,-13153.31,4033059.5625,1.36,100.0,52.4
213,-13064.93,4388887.375,1.2,100.0,52.4
214,-13673.68,4927552.875,1.3,100.0,52.5
215,-13003.49,4353997.5,1.34,100.0,52.6
216,-13093.3,4387608.125,1.29,100.0,52.6
217,-13207.79,4353245.75,1.38,100.0,52.7
218,-13755.72,4398880.0,1.37,98.0,52.7
219,-13597.5,4981196.5,1.19,100.0,52.7
220,-13449.24,4674454.5,1.3,100.0,52.6
221,-12746.69,4001162.75,1.23,100.0,52.7
222,-13970.74,4932721.375,1.31,100.0,52.7
223,-13235.5,4707221.5,1.26,100.0,52.8
224,-14197.69,5122813.25,1.22,100.0,52.8
225,-12977.78,3835146.5625,1.31,100.0,52.8
226,-13322.33,4394446.25,1.31,100.0,53.0
227,-14034.42,5027739.75,1.41,100.0,53.0
228,-13454.02,4092652.0,1.33,100.0,53.0
229,-13341.63,4924285.0,1.19,100.0,53.0
230,-13977.97,5135577.5,1.23,100.0,53.1
231,-12250.68,3817125.9375,1.27,100.0,53.2
232,-13712.51,5052867.375,1.33,100.0,53.0
233,-13076.73,4334786.0,1.34,100.0,53.1
234,-13229.5,3967723.5,1.42,100.0,53.0
235,-14106.22,4875224.75,1.4,100.0,53.0
236,-12931.37,3970739.8125,1.29,100.0,53.1
237,-13308.55,4320415.75,1.24,100.0,53.1
238,-13660.98,4379691.0,1.28,100.0,53.1
239,-13390.38,4380298.5,1.25,100.0,53.2
240,-13109.52,4167834.0625,1.25,100.0,53.1
241,-12983.2,4053636.1875,1.26,100.0,53.1
242,-12980.48,4074942.875,1.27,100.0,53.2
243,-13161.07,3942909.5625,1.32,100.0,53.2
244,-13069.25,4116720.8125,1.35,98.4,53.0
245,-13864.22,4231782.75,1.34,100.0,53.1
246,-13034.49,4289734.125,1.28,100.0,53.1
247,-12724.57,3840609.375,1.32,100.0,53.1
248,-13214.4,4148924.0625,1.25,100.0,53.1
249,-13514.37,4412185.25,1.27,100.0,53.2
250,-13958.22,4801603.25,1.29,100.0,53.2
251,-13557.32,4427530.875,1.29,100.0,53.2
252,-13936.23,4671588.75,1.28,100.0,53.2
253,-13430.93,3944467.3125,1.29,100.0,53.2
254,-12921.96,3771118.6875,1.24,100.0,53.2
255,-12856.96,3861649.5,1.34,100.0,53.2
256,-12769.6,3692324.75,1.32,100.0,53.3
257,-12538.68,3527066.9375,1.24,100.0,53.3
258,-14362.68,4756179.375,1.3,100.0,53.3
259,-12960.86,3729525.875,1.24,100.0,53.3
260,-13419.07,4112598.375,1.27,100.0,53.3
261,-14481.66,4830936.625,1.29,100.0,53.3
262,-13406.36,4165174.4375,1.29,100.0,53.3
263,-12845.67,3657708.0,1.29,100.0,53.4
264,-12369.21,3292439.125,1.27,100.0,53.3
265,-12802.61,3547033.5625,1.21,100.0,53.4
266,-12780.74,3218967.0625,1.23,100.0,53.4
267,-13097.97,3935053.1875,1.29,100.0,53.3
268,-12824.21,3506208.0625,1.31,97.3,53.6
269,-13272.21,4122042.125,1.29,100.0,53.7
270,-13238.84,4056758.6875,1.33,100.0,53.7
271,-13109.21,3691394.125,1.3,100.0,54.4
272,-12953.63,3626908.25,1.36,100.0,54.4
273,-13713.88,4013202.0625,1.43,99.4,54.1
274,-13519.88,4220335.25,1.27,100.0,54.3
275,-12908.27,3703349.75,1.23,100.0,54.3
276,-12808.16,3644451.9375,1.24,100.0,54.3
277,-13177.36,3650284.3125,1.22,100.0,54.1
278,-13613.3,3623765.125,1.33,100.0,54.0
279,-13805.93,3842291.9375,1.32,97.5,54.1
280,-14024.37,4345839.75,1.22,100.0,54.1
281,-11897.4,2922911.3125,1.25,100.0,54.2
282,-12398.72,3086867.3125,1.28,100.0,54.2
283,-13469.99,3811095.5,1.31,100.0,54.2
284,-13723.33,3725712.375,1.33,100.0,53.7
285,-13384.88,3880070.1875,1.28,100.0,53.6
286,-12948.34,3417113.125,1.23,100.0,53.7
287,-13046.33,3510614.375,1.32,100.0,53.7
288,-13545.93,3805789.0625,1.26,100.0,53.7
289,-12532.86,3232808.625,1.38,100.0,53.7
290,-12974.98,3559646.1875,1.43,99.9,53.7
291,-12811.69,3475180.3125,1.32,100.0,53.8
292,-12838.19,3144613.9375,1.31,100.0,53.8
293,-13391.8,4005446.5,1.33,100.0,53.9
294,-13257.15,3920163.5,1.3,100.0,53.9
295,-12997.39,3748830.75,1.26,100.0,53.9
296,-14161.19,3978734.9375,1.29,100.0,53.8
297,-13435.93,3579604.5625,1.24,100.0,53.8
298,-13741.25,3770404.625,1.27,100.0,53.9
299,-13040.11,3338487.75,1.24,100.0,53.9
300,-13442.97,3656008.625,1.26,100.0,54.0
301,-12628.51,3450108.5625,1.22,100.0,54.0
302,-13558.13,3960550.8125,1.23,100.0,53.9
303,-12541.46,3174574.125,1.22,100.0,54.0
304,-13896.28,3701335.375,1.3,100.0,54.0
305,-13444.43,3818623.0625,1.27,100.0,53.9
306,-13512.35,3503078.625,1.37,100.0,53.9
307,-13001.85,3379888.8125,1.32,100.0,54.1
308,-13156.06,3329641.375,1.28,100.0,54.1
309,-13444.99,3470291.0,1.28,100.0,54.1
310,-13032.53,3257541.25,1.25,100.0,54.1
311,-12903.64,2626649.0625,1.32,100.0,53.9
312,-13569.14,3557800.5625,1.22,100.0,53.9
313,-12821.23,3048236.6875,1.27,100.0,54.0
314,-13514.02,3391477.125,1.35,100.0,54.1
315,-13433.3,3360068.3125,1.29,100.0,53.9
316,-13554.43,3385355.4375,1.39,100.0,54.0
317,-13039.22,2975648.5625,1.23,100.0,54.0
318,-13689.0,3589276.875,1.25,100.0,54.0
319,-13612.16,3284866.625,1.28,100.0,54.0
320,-13154.77,2909391.6875,1.25,100.0,54.0
321,-13565.78,3406454.75,1.25,100.0,53.9
322,-13656.54,3064418.625,1.28,100.0,53.9
323,-12878.69,3226547.3125,1.24,100.0,53.9
324,-12796.02,2783866.5625,1.3,100.0,54.1
325,-12893.53,2882499.6875,1.32,100.0,54.1
326,-13433.74,3053098.4375,1.31,100.0,54.2
327,-12948.61,2984416.9375,1.26,100.0,54.2
328,-13008.56,2899645.6875,1.2,100.0,54.1
329,-12923.77,2739822.1875,1.25,100.0,54.2
330,-13202.48,3063508.3125,1.27,100.0,54.1
331,-13223.89,3159969.6875,1.36,100.0,54.2
332,-13706.31,3476892.6875,1.22,100.0,54.3
333,-13197.32,3024015.1875,1.24,100.0,54.4
334,-13160.61,2806110.5,1.25,100.0,54.2
335,-12799.55,2682895.5,1.21,100.0,54.3
336,-13379.03,2841780.1875,1.27,100.0,54.3
337,-13123.18,2930944.5,1.22,100.0,53.8
338,-13822.8,3096953.3125,1.28,100.0,53.9
339,-12335.22,2393749.25,1.29,96.5,54.3
340,-12877.95,2812959.375,1.23,100.0,54.3
341,-13234.95,3088618.375,1.33,100.0,54.2
342,-13128.77,2836703.125,1.38,98.8,54.4
343,-13117.55,2926070.6875,1.21,100.0,54.4
344,-12992.56,2446269.3125,1.26,100.0,54.5
345,-12796.98,2434669.25,1.24,100.0,54.5
346,-14076.81,3157551.3125,1.29,100.0,54.5
347,-12955.38,2651367.5625,1.26,100.0,54.4
348,-12578.32,2291059.375,1.21,100.0,54.4
349,-13033.08,2536546.3125,1.24,100.0,54.4
350,-12526.19,2412128.3125,1.25,100.0,54.5
351,-12991.89,2440863.0,1.24,100.0,54.5
352,-12686.75,2278916.75,1.31,100.0,54.5
353,-12951.67,2652744.9375,1.25,100.0,54.4
354,-13419.93,2343091.5,1.3,100.0,54.4
355,-13483.06,2653837.5625,1.31,100.0,54.4
356,-13434.44,2671576.1875,1.31,100.0,54.2
357,-13920.0,2688758.625,1.31,100.0,54.2
358,-13366.91,2658685.5,1.23,100.0,54.2
359,-12771.94,2509905.3125,1.28,100.0,54.4
360,-13444.99,2519742.8125,1.23,100.0,54.4
361,-13172.41,2429213.75,1.24,100.0,54.4
362,-13800.01,2710464.5625,1.25,100.0,54.4
363,-13560.85,2744900.875,1.24,100.0,54.4
364,-12421.87,1885370.4688,1.39,100.0,54.3
365,-12466.18,1896585.5312,1.35,98.9,54.4
366,-13530.31,2389242.3125,1.29,100.0,54.4
367,-13848.1,2678146.0,1.29,100.0,54.2
368,-13706.03,2605473.75,1.2,100.0,54.2
369,-13288.57,2229135.375,1.29,100.0,54.2
370,-14323.22,2839529.75,1.4,99.0,54.1
371,-12810.74,2210963.625,1.31,100.0,54.1
372,-13118.07,2205489.875,1.33,100.0,54.0
373,-14278.61,2503516.125,1.41,100.0,54.0
374,-13521.97,2443796.0625,1.2,100.0,54.0
375,-14376.31,2640820.9375,1.29,100.0,54.0
376,-14188.25,2601952.25,1.29,100.0,54.0
377,-13636.58,2078237.9688,1.25,100.0,54.0
378,-12410.29,1811692.9062,1.23,100.0,54.0
379,-13509.12,2214365.375,1.27,100.0,54.0
380,-12784.65,2139287.9375,1.23,100.0,53.6
381,-14163.9,2453291.1875,1.42,100.0,53.5
382,-13380.45,2041993.8438,1.31,97.9,53.6
383,-13527.52,2161077.5,1.26,100.0,53.7
384,-13770.68,2099788.5938,1.35,100.0,53.7
385,-13193.55,1685988.1562,1.24,100.0,53.6
386,-13843.78,2180239.4375,1.26,100.0,53.5
387,-12783.68,1827873.2188,1.26,100.0,53.5
388,-12938.33,1831484.8125,1.37,100.0,53.5
389,-13285.05,2153987.875,1.2,100.0,53.6
390,-12620.73,1417441.1875,1.29,100.0,53.6
391,-13611.88,1995467.7188,1.3,100.0,53.7
392,-12913.09,1718767.125,1.21,100.0,53.6
393,-13448.77,1994184.4062,1.3,100.0,53.7
394,-12624.47,1507078.6562,1.26,100.0,53.6
395,-12340.12,1311593.2812,1.21,100.0,53.5
396,-13449.84,1986435.3438,1.3,100.0,53.6
397,-14023.1,2205523.6875,1.29,100.0,53.7
398,-12214.0,1422764.1562,1.33,100.0,53.7
399,-13793.38,1977071.6562,1.36,99.3,53.7
400,-13156.53,1509474.1562,1.33,100.0,53.7
401,-13656.71,1882173.4688,1.26,100.0,53.7
402,-13212.71,1724774.6875,1.3,100.0,53.7
403,-13085.98,1400102.9375,1.24,100.0,53.7
404,-12891.74,1522201.0,1.23,100.0,53.8
405,-13876.52,1728750.125,1.25,100.0,53.8
406,-13091.52,1452235.375,1.25,100.0,53.7
407,-13525.53,1574316.9062,1.28,100.0,53.9
408,-13502.79,1643811.1875,1.28,100.0,53.9
409,-13730.8,1576003.0,1.29,100.0,53.9
410,-14064.52,1702121.875,1.33,100.0,54.1
411,-13204.93,1577593.6562,1.34,100.0,54.0
412,-13761.86,1601764.8438,1.32,100.0,53.9
413,-14334.25,1775912.6875,1.26,100.0,53.8
414,-12884.21,1397267.6875,1.24,100.0,53.8
415,-13786.89,1549739.4375,1.28,100.0,53.8
416,-13381.92,1506244.75,1.23,100.0,53.9
417,-13253.08,1207440.6875,1.3,100.0,54.0
418,-13219.47,1254884.0,1.46,100.0,53.8
419,-11852.51,883191.0781,1.22,100.0,53.8
420,-13527.6,1395385.75,1.25,100.0,53.7
421,-14398.21,1558036.9062,1.33,100.0,53.9
422,-12825.73,1122049.6875,1.26,100.0,53.7
423,-12636.5,994440.9219,1.25,100.0,53.7
424,-12723.89,925360.4062,1.23,100.0,53.7
425,-12777.98,1178850.5938,1.29,100.0,53.8
426,-13419.47,1457760.875,1.29,100.0,53.7
427,-13016.76,1082948.8125,1.38,100.0,53.7
428,-14188.47,1531594.4688,1.51,99.5,53.8
429,-13607.97,1125013.375,1.49,98.9,53.6
430,-13065.3,1162766.5938,1.24,100.0,53.6
431,-13206.85,1186608.4375,1.25,100.0,53.6
432,-13600.57,1355090.7188,1.21,100.0,53.6
433,-14202.15,1321319.8125,1.29,100.0,53.7
434,-13233.29,964907.9062,1.33,100.0,53.9
435,-13347.34,1064149.2188,1.22,100.0,53.7
436,-13925.77,1347565.6562,1.3,100.0,53.7
437,-12073.87,676792.5781,1.28,100.0,53.8
438,-13012.3,970170.1562,1.22,100.0,53.7
439,-13777.65,995268.1875,1.28,100.0,53.9
440,-14275.21,1181263.1562,1.25,100.0,54.0
441,-13965.48,1097737.2812,1.33,100.0,54.1
442,-12949.34,853595.0156,1.3,100.0,54.1
443,-13174.99,924532.5,1.21,100.0,54.1
444,-13670.68,992349.0781,1.26,100.0,54.0
445,-12594.91,758185.5938,1.24,100.0,54.1
446,-12961.39,768243.0312,1.29,100.0,54.2
447,-12520.51,684007.9062,1.29,100.0,54.2
448,-13072.47,749500.0156,1.28,100.0,54.2
449,-13152.32,815266.2344,1.23,100.0,54.2
450,-13776.94,876903.5469,1.37,100.0,54.2
451,-14009.4,922573.875,1.42,99.7,54.0
452,-12463.37,636631.375,1.38,98.7,53.7
453,-13261.64,616058.5156,1.3,100.0,53.8
454,-13297.15,755480.6562,1.26,100.0,53.8
455,-13438.1,815658.7344,1.22,100.0,53.9
456,-12875.72,694451.5625,1.24,100.0,53.8
457,-13324.6,738767.4062,1.25,100.0,53.7
458,-13923.15,759968.8906,1.29,100.0,53.8
459,-13402.31,894303.8125,1.28,100.0,54.0
460,-12332.9,428440.5078,1.28,100.0,53.9
461,-13709.31,695987.7969,1.25,100.0,53.9
462,-13159.18,603850.8594,1.37,100.0,54.0
463,-12949.46,503785.0781,1.38,100.0,54.0
464,-12453.38,423464.5859,1.23,100.0,54.0
465,-13549.55,773117.7344,1.23,100.0,54.1
466,-13150.31,500873.1719,1.24,100.0,54.0
467,-13475.04,683234.8438,1.3,100.0,54.0
468,-12944.46,515631.5547,1.39,99.5,54.3
469,-13472.09,524476.625,1.41,99.8,54.4
470,-12722.17,513572.375,1.23,100.0,54.4
471,-13281.01,473595.7188,1.34,100.0,54.4
472,-12892.64,440868.9141,1.28,100.0,54.4
473,-13690.8,641117.7812,1.23,100.0,54.4
474,-13266.71,491038.0156,1.23,100.0,54.4
475,-13501.23,512537.0547,1.24,100.0,54.5
476,-13523.36,583639.2969,1.27,100.0,54.4
477,-13960.15,376375.3828,1.3,100.0,54.5
478,-13055.32,507671.5469,1.27,100.0,54.5
479,-13429.87,341682.25,1.28,100.0,54.5
480,-13267.62,382294.7422,1.36,100.0,54.5
481,-13916.58,432744.6016,1.37,100.0,54.7
482,-12181.71,266946.9531,1.29,100.0,54.7
483,-13207.76,314097.9844,1.29,100.0,54.6
484,-13316.78,300676.5781,1.21,99.9,54.2
485,-12577.37,272615.8906,1.25,100.0,54.0
486,-13231.38,513222.6094,1.31,99.3,54.0
487,-13465.24,268684.1406,1.21,100.0,54.0
488,-13492.58,384192.3281,1.26,100.0,54.1
489,-13369.58,192274.7344,1.24,100.0,53.9
490,-13624.14,501537.0547,1.23,100.0,53.9
491,-12617.71,270671.5859,1.38,96.5,53.7
492,-12187.56,217558.3438,1.33,100.0,53.8
493,-12755.91,177972.3398,1.37,100.0,53.8
494,-13101.83,261170.5469,1.35,100.0,53.9
495,-13561.47,265332.6523,1.23,100.0,53.8
496,-12822.79,284611.6875,1.27,100.0,53.9
497,-13314.8,319285.8281,1.27,99.8,53.8
498,-13010.37,308377.6641,1.29,100.0,53.9
499,-12977.44,230677.8125,1.33,100.0,54.0
500,-13635.1,252634.6211,1.25,100.0,54.0
501,-13657.39,404543.6484,1.24,100.0,54.0
502,-14074.14,223314.7031,1.32,100.0,53.9
503,-13381.89,211032.1055,1.34,100.0,53.8
504,-13460.8,306055.5781,1.3,100.0,53.9
505,-12825.92,284715.6719,1.23,100.0,53.9
506,-13940.47,230302.1016,1.28,100.0,54.0
507,-13033.85,286023.9531,1.22,100.0,54.1
508,-14635.5,230089.5078,1.28,100.0,54.0
509,-12794.82,266317.4219,1.37,100.0,53.4
510,-12776.4,278847.875,1.25,100.0,53.4
511,-13110.92,315301.8438,1.3,100.0,53.4
512,-13001.74,99848.2793,1.31,100.0,53.6
513,-13521.0,224498.1289,1.24,100.0,53.6
514,-13950.3,318853.3281,1.32,100.0,53.6
515,-13966.52,281674.1953,1.25,100.0,53.7
516,-12942.77,247231.375,1.29,100.0,53.6
517,-12661.84,283962.1172,1.38,100.0,53.7
518,-12743.69,171863.1719,1.37,100.0,53.8
519,-13320.28,225642.2969,1.37,100.0,53.8
520,-13418.87,274274.8984,1.25,100.0,53.8
521,-12988.36,256225.1523,1.19,100.0,53.8
522,-12053.19,255618.0195,1.29,100.0,53.8
523,-13407.99,68601.2324,1.33,100.0,53.8
524,-13060.66,285078.0156,1.18,100.0,53.8
525,-13265.0,183415.9414,1.26,100.0,53.8
526,-13579.55,147395.707,1.27,100.0,53.9
527,-12920.67,297159.6797,1.27,100.0,53.8
528,-13558.5,273980.1328,1.44,99.7,53.9
529,-13157.42,326014.5938,1.27,100.0,53.9
530,-13408.94,355384.3906,1.3,100.0,54.0
531,-13520.95,454214.4844,1.34,100.0,53.7
532,-13691.87,227943.3164,1.29,100.0,53.7
533,-13606.84,403706.5312,1.32,100.0,53.8
534,-12818.67,229451.082,1.3,100.0,53.8
535,-13268.95,290191.3281,1.23,100.0,53.8
536,-12491.76,225700.4375,1.28,100.0,53.9
537,-12963.16,286925.3438,1.31,100.0,53.9
538,-13534.97,396675.8203,1.3,100.0,53.9
539,-13818.99,146753.3359,1.36,100.0,53.9
540,-13344.14,276070.7578,1.24,100.0,53.8
541,-12535.35,223170.5352,1.22,100.0,53.9
542,-13812.62,212885.2734,1.25,100.0,53.9
543,-12572.87,214908.1641,1.3,100.0,54.0
544,-12912.29,253334.668,1.32,100.0,54.0
545,-13830.93,257886.4141,1.27,100.0,54.0
546,-13431.63,293145.2969,1.27,100.0,54.1
547,-13172.6,230506.125,1.29,100.0,54.1
548,-13576.21,443912.5156,1.34,100.0,54.2
549,-12886.04,280156.3047,1.26,100.0,54.3
550,-13593.7,455058.1484,1.25,100.0,54.3
551,-12967.97,274120.6875,1.4,100.0,54.3
552,-12590.2,265634.8047,1.31,100.0,54.3
553,-12838.1,287852.9297,1.25,100.0,54.3
554,-13420.56,295902.9766,1.25,100.0,54.2
555,-13466.76,362304.0625,1.19,100.0,54.2
556,-13277.63,202051.9922,1.26,100.0,54.2
557,-13172.41,244367.6953,1.24,100.0,54.1
558,-13549.52,485091.7266,1.27,100.0,54.0
559,-13399.49,425610.625,1.27,100.0,54.0
560,-13644.19,331439.3594,1.24,100.0,54.0
561,-13469.68,334409.7344,1.35,100.0,54.1
562,-13470.08,355121.0,1.38,88.5,54.1
563,-13722.49,489532.7578,1.26,100.0,54.1
564,-13364.6,486078.5078,1.26,100.0,54.2
565,-13059.8,418685.8516,1.23,100.0,54.2
566,-13530.05,497742.2109,1.25,100.0,54.1
567,-13340.07,327436.0703,1.32,98.7,54.1
568,-13094.27,325874.6016,1.25,100.0,54.1
569,-13780.87,195446.5312,1.25,100.0,54.2
570,-13017.51,279593.2656,1.25,100.0,54.2
571,-13058.49,320160.0234,1.26,100.0,54.3
572,-13201.56,311417.4141,1.38,100.0,54.3
573,-13611.61,335521.7344,1.4,99.7,54.1
574,-13627.4,502766.1641,1.24,100.0,54.1
575,-13143.46,294575.6719,1.27,100.0,54.2
576,-13739.85,516922.9531,1.31,100.0,54.2
577,-13621.51,462524.3438,1.36,100.0,54.2
578,-13494.97,254445.875,1.33,100.0,54.3
579,-13336.77,338279.8047,1.43,100.0,54.2
580,-13609.05,353903.2656,1.27,100.0,54.2
581,-13686.03,533850.2344,1.29,100.0,54.2
582,-13042.29,292650.6562,1.25,100.0,54.3
583,-12915.17,293192.5078,1.2,100.0,54.3
584,-12860.18,300396.4219,1.22,100.0,54.4
585,-13208.37,461770.6641,1.29,100.0,54.4
586,-13785.63,469860.3984,1.29,100.0,54.3
587,-13793.31,436337.0703,1.34,100.0,54.3
588,-13637.85,212648.4023,1.36,100.0,54.4
589,-12916.1,247231.0391,1.22,100.0,54.4
590,-13685.43,471262.8594,1.28,100.0,54.5
591,-13839.65,172535.418,1.31,100.0,54.5
592,-13569.83,455529.1953,1.25,100.0,54.5
593,-13763.8,341360.3359,1.35,100.0,54.5
594,-13331.2,472598.7344,1.41,100.0,54.6
595,-13372.88,299662.2578,1.18,100.0,54.5
596,-13146.54,314384.8906,1.29,100.0,54.6
597,-12997.7,277261.8359,1.29,100.0,54.6
598,-13179.84,281553.6641,1.26,100.0,54.6
599,-13373.11,452832.6797,1.29,100.0,54.6
600,-13818.46,504446.7188,1.21,100.0,54.6
601,-13278.21,331168.2031,1.27,100.0,54.7
602,-13217.44,287746.2969,1.34,98.4,54.9
603,-12944.68,300947.8438,1.32,100.0,54.9
604,-13317.64,295133.8594,1.35,100.0,55.0
605,-13217.36,313622.0469,1.21,100.0,54.8
606,-13747.05,508814.3359,1.23,100.0,54.7
607,-12767.79,319105.1641,1.24,100.0,54.8
608,-13476.99,308351.5547,1.31,100.0,54.9
609,-13553.23,284326.5547,1.27,100.0,54.8
610,-13860.2,502018.3984,1.31,100.0,54.9
611,-13146.46,345100.7266,1.31,100.0,54.9
612,-13140.72,298189.1719,1.25,100.0,54.8
613,-13329.55,325356.375,1.22,100.0,54.9
614,-12743.71,311719.6562,1.21,100.0,55.0
615,-13629.28,496881.7734,1.25,100.0,55.0
616,-13099.01,296726.6641,1.3,100.0,55.1
617,-13734.85,252613.5,1.34,100.0,55.1
618,-13281.3,485421.0703,1.27,100.0,55.1
619,-13078.38,271051.0234,1.32,100.0,55.1
620,-13553.17,189358.6953,1.23,100.0,55.1
621,-13530.64,301905.6641,1.29,100.0,55.1
622,-13269.64,311416.2812,1.33,99.7,55.2
623,-13485.34,414613.1953,1.2,100.0,55.2
624,-13837.82,266633.9219,1.24,100.0,55.1
625,-13364.91,329114.3984,1.24,100.0,55.2
626,-13477.98,270953.6484,1.26,100.0,55.2
627,-13479.5,457437.1562,1.37,100.0,55.2
628,-13005.99,302531.0156,1.2,98.9,55.2
629,-13185.99,283435.5703,1.22,100.0,55.3
630,-13110.14,287585.4062,1.23,100.0,55.2
631,-13265.85,350166.2969,1.24,100.0,55.3
632,-13528.05,276909.6016,1.33,100.0,55.4
633,-13210.4,312178.5078,1.26,100.0,55.4
634,-13465.19,333612.2109,1.24,100.0,55.5
635,-13633.64,469540.0469,1.33,100.0,55.5
636,-13381.01,324659.0469,1.29,100.0,55.5
637,-13378.44,332986.375,1.29,100.0,55.4
638,-12791.49,285638.9062,1.19,100.0,54.8
639,-13070.38,327923.0547,1.19,100.0,54.9
640,-13312.1,337300.5781,1.28,100.0,54.9
641,-13104.47,264025.5781,1.32,100.0,55.0
642,-13347.87,291375.5469,1.29,100.0,55.1
643,-13187.6,295537.5312,1.25,100.0,55.2
644,-13648.79,463401.5703,1.35,100.0,55.1
645,-13392.89,342484.6562,1.21,100.0,55.1
646,-13122.93,294340.8203,1.26,100.0,55.1
647,-13507.2,461439.7891,1.32,100.0,55.2
648,-13435.0,475208.25,1.23,100.0,55.2
649,-13115.44,326728.1797,1.28,100.0,55.2
650,-13292.42,287109.7812,1.27,100.0,55.3
651,-13332.08,279493.2344,1.23,100.0,55.2
652,-13486.58,360059.3047,1.26,100.0,55.2
653,-13002.75,249158.0977,1.26,100.0,55.2
654,-13152.33,224179.4727,1.25,100.0,55.3
655,-13467.78,458011.9922,1.23,100.0,55.3
656,-13625.84,333993.9219,1.19,100.0,55.2
657,-14100.52,341601.9688,1.36,100.0,55.3
658,-13562.1,455303.8672,1.39,98.1,55.4
659,-13422.4,344787.4531,1.33,99.8,55.5
660,-12744.49,322602.8359,1.33,100.0,55.6
661,-13549.22,328738.6875,1.29,100.0,55.4
662,-13882.54,353272.6953,1.22,100.0,55.4
663,-13423.26,211033.6562,1.28,100.0,55.4
664,-13196.98,313962.7969,1.24,100.0,55.4
665,-13469.56,450010.2969,1.3,100.0,55.5
666,-13279.03,310918.7031,1.22,100.0,55.5
667,-13962.69,319642.4609,1.27,100.0,55.6
668,-13179.92,310313.8828,1.29,100.0,55.6
669,-13163.09,298282.4922,1.27,100.0,55.6
670,-12953.04,179037.8945,1.25,100.0,55.6
671,-13630.24,378644.125,1.22,100.0,55.6
672,-13163.84,305074.7578,1.24,100.0,55.7
673,-13234.28,286560.3281,1.26,100.0,55.7
674,-13172.16,306873.3594,1.31,100.0,55.5
675,-14069.74,213243.8281,1.38,100.0,55.6
676,-13089.7,238923.8281,1.25,100.0,55.6
677,-14003.91,203195.7891,1.25,100.0,55.5
678,-13991.01,105592.4609,1.31,100.0,55.6
679,-13642.25,331789.9297,1.23,100.0,55.6
680,-14246.0,101445.4824,1.29,100.0,55.6
681,-13391.94,382516.5469,1.22,100.0,55.7
682,-13119.91,409193.9844,1.22,100.0,55.6
683,-13036.24,279292.8047,1.27,100.0,55.7
684,-12911.03,279182.7109,1.24,100.0,55.7
685,-12963.69,165731.4297,1.27,100.0,55.7
686,-12719.48,367320.6016,1.35,100.0,55.8
687,-13522.7,402708.3438,1.3,100.0,55.8
688,-13885.83,264830.6641,1.33,100.0,55.8
689,-12919.89,212943.5898,1.3,100.0,55.9
690,-13338.23,243166.0664,1.22,100.0,55.9
691,-13091.54,386419.9297,1.25,100.0,55.9
692,-13305.55,280025.9453,1.32,100.0,55.9
693,-13755.71,125356.0879,1.29,100.0,56.0
694,-13366.0,338774.2734,1.66,100.0,56.7
695,-13686.97,290517.8125,1.54,87.3,56.5
696,-12720.65,294456.8359,1.24,100.0,56.4
697,-13399.72,265474.3516,1.26,100.0,56.5
698,-13358.74,249725.2383,1.23,100.0,56.5
699,-13249.72,187317.6562,1.25,100.0,56.5
700,-14262.16,460829.9375,1.37,100.0,56.3
701,-13280.32,281203.0703,1.45,100.0,56.3
702,-12609.57,241299.7227,1.26,100.0,56.3
703,-14015.78,282232.9688,1.29,100.0,56.4
704,-13118.79,371289.3281,1.31,100.0,56.5
705,-13420.33,230827.8867,1.23,100.0,56.5
706,-13162.09,434038.5,1.34,100.0,56.6
707,-13126.62,200666.1719,1.3,100.0,56.4
708,-13478.67,336386.8047,1.22,100.0,56.4
709,-13684.43,165891.0391,1.24,100.0,56.5
710,-12945.03,285792.1875,1.25,100.0,56.5
711,-13485.63,405173.8672,1.33,100.0,56.6
712,-13382.22,254175.7109,1.29,100.0,56.6
713,-13404.79,386588.7031,1.37,100.0,56.5
714,-13197.53,357238.8125,1.33,100.0,56.5
715,-13375.37,112906.5469,1.34,100.0,56.6
716,-13103.15,279809.125,1.27,100.0,56.6
717,-13348.75,280733.7344,1.22,100.0,56.6
718,-13270.75,273540.9844,1.25,100.0,56.7
719,-13879.19,444710.8594,1.35,100.0,56.5
720,-13482.36,274287.2812,1.34,100.0,56.5
721,-13690.9,440507.8203,1.45,100.0,56.5
722,-14602.21,362737.7812,1.48,99.8,56.4
723,-12860.36,251288.7617,1.26,100.0,56.5
724,-13771.83,207044.1016,1.3,100.0,56.5
725,-12768.22,283349.7266,1.24,100.0,56.5
726,-12754.21,212693.3711,1.3,100.0,56.5
727,-13284.64,342826.9141,1.33,100.0,56.3
728,-14162.35,432738.0312,1.21,100.0,56.1
729,-13678.39,159864.3086,1.24,100.0,56.1
730,-12779.43,216076.6445,1.28,100.0,56.2
731,-13368.31,296806.4688,1.26,100.0,56.2
732,-13496.14,124537.8555,1.36,100.0,56.2
733,-12756.39,311767.1797,1.22,100.0,56.2
734,-13749.42,385618.7266,1.21,100.0,56.2
735,-12953.44,284921.0859,1.24,100.0,56.2
736,-12249.29,227277.957,1.29,100.0,56.2
737,-12538.97,180714.0273,1.33,100.0,56.2
738,-13602.21,107009.6016,1.37,100.0,56.4
739,-13629.01,341584.4453,1.28,100.0,56.3
740,-12945.03,214924.8555,1.31,100.0,56.3
741,-13199.95,210977.6602,1.3,100.0,56.4
742,-13774.86,350005.0859,1.27,100.0,56.3
743,-13405.65,258120.8164,1.25,100.0,56.3
744,-13673.06,359583.8438,1.2,100.0,56.3
745,-12934.82,243499.957,1.26,100.0,56.3
746,-14409.31,124741.0254,1.28,100.0,56.3
747,-12897.08,237257.1406,1.19,100.0,56.3
748,-13925.92,149007.5703,1.28,100.0,56.4
749,-13564.25,201011.8906,1.28,100.0,56.5
750,-13470.61,231524.6797,1.24,100.0,56.5
751,-13558.0,201483.9844,1.25,100.0,56.6
752,-12940.64,188159.0234,1.25,100.0,56.4
753,-13567.96,377900.5,1.34,100.0,56.4
754,-13947.24,218045.5625,1.34,97.9,56.2
755,-13518.5,166594.625,1.44,99.2,56.2
756,-13654.68,200103.8945,1.3,99.0,56.2
757,-12940.93,155332.7188,1.27,100.0,56.2
758,-12761.98,222458.7422,1.23,100.0,56.2
759,-13396.06,246599.3125,1.23,100.0,56.2
760,-12718.16,178769.6797,1.34,100.0,56.3
761,-13851.25,214316.6562,1.27,100.0,56.4
762,-13152.04,203614.7969,1.21,100.0,56.5
763,-14174.05,194021.9961,1.25,100.0,56.5
764,-13364.74,249327.4453,1.2,100.0,56.4
765,-13330.32,223082.6523,1.31,100.0,56.4
766,-13055.04,123208.127,1.21,100.0,56.4
767,-13535.87,154893.7969,1.22,100.0,56.5
768,-13930.41,107991.0957,1.31,100.0,56.6
769,-13753.79,357887.1094,1.35,100.0,56.8
770,-13630.24,280513.2891,1.3,100.0,56.9
771,-13442.14,179858.1992,1.39,92.8,57.0
772,-14073.3,327625.0938,1.35,98.7,56.6
773,-13981.08,252123.1914,1.29,100.0,56.6
774,-14393.43,96326.7031,1.32,100.0,56.7
775,-12099.88,210982.832,1.18,100.0,56.7
776,-12992.74,141276.3047,1.27,100.0,56.7
777,-13703.3,137497.7383,1.32,100.0,56.9
778,-12806.75,189479.1094,1.21,100.0,56.6
779,-13350.94,376120.4219,1.29,100.0,56.7
780,-13232.17,291906.1016,1.23,100.0,56.7
781,-13494.88,238898.8125,1.22,100.0,56.8
782,-12901.0,86951.543,1.2,100.0,56.8
783,-12857.79,153640.3711,1.27,100.0,56.9
784,-13488.76,182843.7305,1.33,100.0,56.9
785,-13503.49,156192.3125,1.29,100.0,56.7
786,-13997.45,241850.3398,1.39,100.0,56.7
787,-13720.35,172393.5352,1.28,100.0,56.8
788,-13623.0,141581.7734,1.28,100.0,56.8
789,-12746.5,190352.4375,1.34,100.0,56.8
790,-13509.38,189755.7461,1.39,100.0,56.8
791,-12836.26,109628.3906,1.39,100.0,56.5
792,-13159.26,181346.6445,1.43,97.6,56.4
793,-12992.13,211096.3516,1.27,100.0,55.8
794,-13994.62,77843.9199,1.32,100.0,56.0
795,-14230.82,167849.9688,1.23,100.0,56.0
796,-13532.08,136043.8906,1.22,100.0,55.7
797,-13384.55,296965.9766,1.4,100.0,55.8
798,-13656.77,80573.5078,1.44,99.5,55.9
799,-12640.91,187336.2852,1.22,100.0,55.9
800,-13594.65,225430.0469,1.22,100.0,56.0
801,-13330.44,193986.9766,1.22,100.0,56.0
802,-13027.01,152230.8359,1.23,100.0,56.0
803,-13080.54,142081.8164,1.31,100.0,56.0
804,-13277.45,259696.9688,1.24,100.0,56.0
805,-13934.87,89347.4414,1.29,100.0,56.1
806,-13483.91,168428.8516,1.31,100.0,56.1
807,-12903.8,172520.5625,1.3,100.0,56.1
808,-13336.71,162154.3242,1.39,96.7,56.3
809,-13410.62,189856.4414,1.27,99.9,56.3
810,-13101.95,169573.3516,1.23,100.0,56.3
811,-12895.82,127828.0879,1.24,100.0,56.3
812,-13157.33,138391.0781,1.26,100.0,56.4
813,-12920.53,189766.7188,1.28,100.0,56.3
814,-12832.26,182126.3984,1.3,100.0,56.4
815,-13189.48,150715.25,1.2,100.0,56.4
816,-13118.07,142963.7188,1.25,100.0,56.4
817,-13435.09,186148.668,1.26,100.0,56.4
818,-13155.85,321186.7422,1.33,100.0,56.5
819,-14250.94,115475.4805,1.37,99.9,56.7
820,-13821.76,98868.4609,1.25,100.0,56.7
821,-13748.21,93263.7305,1.28,100.0,56.7
822,-13938.19,53560.7939,1.32,100.0,56.6
823,-12546.81,197745.3555,1.24,100.0,56.6
824,-13142.06,78845.6562,1.31,100.0,56.7
825,-13814.51,121931.5215,1.24,100.0,56.8
826,-13254.36,136263.0391,1.23,100.0,56.8
827,-13501.42,66595.4902,1.29,100.0,56.9
828,-13590.56,63073.0771,1.28,100.0,56.8
829,-13445.35,200426.6992,1.23,100.0,56.8
830,-12871.14,211187.4375,1.24,100.0,56.9
831,-13139.69,290802.5859,1.39,99.9,57.0
832,-13691.26,188799.4219,1.32,99.7,57.1
833,-13900.97,76131.6035,1.41,99.7,57.1
834,-12664.53,131099.8848,1.28,100.0,57.1
835,-12061.75,205898.8086,1.22,100.0,56.8
836,-13290.6,178627.9648,1.35,100.0,56.9
837,-13440.1,153301.4219,1.29,100.0,57.0
838,-12755.83,60257.9043,1.28,100.0,57.0
839,-13383.26,69895.8926,1.21,100.0,57.0
840,-14506.14,108174.4746,1.22,99.9,57.0
841,-13397.89,88585.707,1.32,100.0,57.1
842,-13092.04,164000.5156,1.41,98.3,56.8
843,-13205.97,113032.3379,1.28,100.0,56.8
844,-13584.4,196984.3984,1.29,100.0,56.9
845,-13400.78,171362.1211,1.16,100.0,56.9
846,-13558.96,105048.6562,1.35,100.0,56.6
847,-13336.15,154637.1836,1.4,99.3,57.1
848,-14371.62,78514.1523,1.27,100.0,57.0
849,-13291.28,43421.1758,1.31,100.0,57.0
850,-13316.81,151577.9141,1.29,100.0,57.1
851,-12337.24,321858.7422,1.25,100.0,57.1
852,-13905.73,142329.3711,1.26,100.0,57.0
853,-12721.53,155067.8867,1.24,100.0,57.1
854,-13494.76,184562.1406,1.26,100.0,57.1
855,-14162.81,74238.9082,1.31,100.0,57.1
856,-13823.24,94258.8926,1.26,100.0,57.1
857,-12592.95,155961.7266,1.34,100.0,57.2
858,-13268.19,170520.3008,1.4,100.0,57.3
859,-12782.46,119483.9551,1.24,100.0,57.3
860,-13999.84,64432.4561,1.36,100.0,57.4
861,-13751.91,51656.4561,1.26,100.0,57.5
862,-13658.1,199383.5703,1.27,100.0,57.5
863,-12781.49,131395.7852,1.33,100.0,57.5
864,-13088.97,140482.2031,1.27,100.0,57.5
865,-13416.11,109359.7715,1.24,100.0,57.6
866,-13729.42,82194.9883,1.26,100.0,57.6
867,-13860.5,113451.3691,1.24,100.0,57.5
868,-13255.12,176510.4648,1.3,100.0,57.6
869,-13478.58,273010.1406,1.24,100.0,57.7
870,-13326.75,168473.9062,1.26,100.0,57.6
871,-12562.49,192336.6953,1.31,100.0,57.7
872,-13358.08,122488.002,1.24,100.0,57.8
873,-13287.09,261072.3242,1.31,100.0,57.9
874,-13140.66,141063.5586,1.23,100.0,57.8
875,-13955.71,64257.207,1.27,100.0,57.8
876,-12761.58,114336.5332,1.31,100.0,57.9
877,-13222.24,49378.1943,1.24,100.0,57.9
878,-13480.73,59863.2197,1.24,100.0,57.9
879,-13029.42,98758.5527,1.26,100.0,57.9
880,-13561.36,73788.8086,1.31,100.0,58.0
881,-13069.9,148101.4375,1.45,99.9,58.2
882,-13584.37,98804.9375,1.39,99.8,58.2
883,-12549.76,85041.2852,1.26,100.0,58.2
884,-13877.0,65966.3691,1.3,100.0,58.2
885,-13847.45,52063.0996,1.28,100.0,58.3
886,-12955.99,182459.4766,1.3,100.0,58.2
887,-13038.68,150194.9609,1.3,100.0,58.4
888,-11836.9,209504.6602,1.28,100.0,58.4
889,-13628.78,84934.5859,1.25,100.0,58.4
890,-13306.25,50921.2646,1.3,100.0,58.4
891,-13190.79,191041.0273,1.32,100.0,58.5
892,-13513.81,276629.2891,1.41,100.0,58.6
893,-13386.78,132417.2891,1.27,100.0,58.7
894,-13896.0,57775.085,1.27,100.0,58.7
895,-12999.52,136230.6016,1.23,100.0,58.7
896,-12918.92,104717.3711,1.27,100.0,58.8
897,-13251.37,139510.125,1.28,100.0,58.5
898,-12415.2,155945.3359,1.23,100.0,58.6
899,-12775.14,86710.416,1.23,100.0,58.1
900,-12998.72,63836.5391,1.31,100.0,58.1
901,-13336.02,103605.918,1.33,100.0,58.0
902,-13986.62,83913.1309,1.33,100.0,58.0
903,-13735.17,58534.7598,1.24,100.0,58.1
904,-13345.91,125879.2793,1.22,100.0,58.1
905,-13423.54,149614.8008,1.26,100.0,58.2
906,-13152.97,134278.3047,1.32,100.0,58.1
907,-12726.31,156253.3398,1.27,100.0,57.7
908,-13703.64,44571.2236,1.24,100.0,57.8
909,-13692.6,31605.6157,1.22,100.0,57.8
910,-13389.56,56652.2998,1.22,100.0,57.8
911,-13199.47,269887.0469,1.32,100.0,57.9
912,-14103.69,153464.6445,1.38,100.0,57.8
913,-13230.32,118240.8828,1.3,100.0,57.8
914,-12750.8,169869.0391,1.28,100.0,57.8
915,-13436.14,118677.877,1.33,100.0,57.9
916,-12890.92,154567.9414,1.29,100.0,57.9
917,-13876.0,42413.2979,1.28,100.0,57.9
918,-13564.73,126327.4961,1.22,100.0,57.8
919,-13182.91,52739.3682,1.31,100.0,57.9
920,-13722.77,60084.9922,1.27,100.0,57.9
921,-13591.4,57725.1416,1.32,100.0,58.0
922,-12593.05,96551.1895,1.27,100.0,58.0
923,-13118.52,142278.7695,1.21,100.0,57.8
924,-13298.82,55204.2109,1.3,100.0,57.8
925,-12892.45,145925.0547,1.3,100.0,57.7
926,-13248.93,102965.5117,1.22,100.0,57.8
927,-12592.92,136340.8984,1.22,100.0,57.8
928,-13661.72,68098.4238,1.25,100.0,57.8
929,-14137.22,65042.8525,1.39,99.8,58.2
930,-13246.67,60285.7754,1.43,91.0,58.2
931,-13219.09,99789.7227,1.25,100.0,58.1
932,-12856.55,127444.4648,1.23,100.0,58.1
933,-12483.38,148099.0078,1.24,100.0,58.2
934,-13924.39,79515.3496,1.28,100.0,58.2
935,-14152.45,172331.3359,1.46,98.6,58.5
936,-13729.75,126087.959,1.25,100.0,58.4
937,-13064.11,130205.7891,1.27,100.0,58.4
938,-13193.68,252808.043,1.33,100.0,58.3
939,-12829.31,123240.1699,1.24,100.0,58.3
940,-13218.46,40794.918,1.41,100.0,58.4
941,-12854.1,110738.5117,1.38,100.0,58.6
942,-13290.89,110925.0352,1.24,100.0,58.5
943,-13304.19,69024.2949,1.24,100.0,58.6
944,-13809.47,60137.2158,1.23,100.0,58.5
945,-12619.74,67293.8242,1.29,100.0,58.5
946,-12283.07,109346.4395,1.35,99.7,58.6
947,-13701.58,83855.8027,1.25,100.0,58.6
948,-12626.9,123465.1172,1.32,100.0,58.6
949,-13127.05,98743.4551,1.25,100.0,58.6
950,-12681.7,107387.4609,1.27,100.0,58.7
951,-12173.21,142179.1562,1.27,100.0,58.7
952,-13564.03,187866.8008,1.28,100.0,58.7
953,-13843.16,67560.8926,1.26,100.0,58.8
954,-13688.3,62651.0127,1.33,100.0,58.7
955,-13019.83,92947.6172,1.23,100.0,58.7
956,-13144.22,47854.7725,1.36,100.0,58.8
957,-13745.41,52190.0615,1.34,100.0,58.9
958,-13191.89,141308.4609,1.25,100.0,58.8
959,-13141.77,209459.2266,1.4,100.0,58.9
960,-12891.17,128034.252,1.3,100.0,58.6
961,-13357.48,123749.8672,1.19,100.0,58.6
962,-12924.89,117935.7344,1.22,100.0,58.6
963,-13353.32,80596.3379,1.26,100.0,58.6
964,-13189.26,99564.8223,1.35,99.8,58.8
965,-14442.83,87328.4727,1.45,100.0,59.0
966,-13461.44,108205.0605,1.25,100.0,58.7
967,-12670.35,130198.3633,1.22,100.0,58.5
968,-12971.12,69639.0801,1.26,100.0,58.5
969,-13634.32,85666.7461,1.32,100.0,58.7
970,-14255.32,64471.3447,1.45,98.8,58.4
971,-13352.86,50310.8096,1.24,100.0,58.5
972,-13595.01,56876.832,1.27,100.0,58.4
973,-13418.76,140481.8594,1.3,100.0,58.4
974,-12977.41,61623.2471,1.26,100.0,58.4
975,-13710.58,31059.4756,1.32,100.0,58.5
976,-13733.86,42805.1299,1.22,100.0,58.5
977,-12698.36,81025.5039,1.27,100.0,58.5
978,-12888.69,48534.8428,1.37,100.0,58.5
979,-12909.24,126200.8926,1.22,100.0,58.6
980,-13324.64,47356.8086,1.25,100.0,58.6
981,-13559.95,47043.5557,1.21,100.0,58.7
982,-13164.92,93831.582,1.24,100.0,58.6
983,-13191.96,119205.4375,1.26,100.0,58.7
984,-12675.31,134380.3281,1.27,100.0,58.7
985,-13236.03,99453.3496,1.3,100.0,58.7
986,-12567.97,115997.9102,1.25,100.0,58.8
987,-13293.77,93424.8984,1.32,100.0,58.8
988,-12727.55,101035.5684,1.4,97.0,59.0
989,-13699.05,179545.4102,1.33,98.4,58.8
990,-13044.44,65480.2021,1.26,100.0,58.8
991,-13848.85,99164.8164,1.22,100.0,58.9
992,-12648.1,91781.9746,1.24,100.0,58.9
993,-12366.59,167471.1641,1.32,100.0,58.8
994,-13717.28,105574.3438,1.32,100.0,58.9
995,-13653.87,85069.6465,1.23,100.0,58.9
996,-13421.73,152984.1758,1.21,100.0,58.9
997,-13040.35,35936.8291,1.31,100.0,58.7
998,-13153.24,50128.749,1.29,100.0,58.7
999,-14043.66,51239.79,1.37,100.0,58.8
1000,-12955.05,141138.1289,1.29,100.0,58.9
1001,-13127.41,62618.3643,1.24,100.0,58.9
1002,-13908.09,134450.0508,1.19,100.0,58.8
1003,-12948.26,42279.9111,1.26,100.0,58.8
1004,-13091.91,72309.084,1.32,100.0,58.9
1005,-12605.41,116657.834,1.3,100.0,58.9
1006,-13226.95,88518.3477,1.3,100.0,59.0
1007,-13280.53,24980.1675,1.37,100.0,59.1
1008,-13381.34,76547.6602,1.26,100.0,59.0
1009,-12961.01,67196.8594,1.29,100.0,59.1
1010,-13019.74,118124.6699,1.21,100.0,59.1
1011,-13123.89,67486.0527,1.25,100.0,59.1
1012,-13085.38,98426.7285,1.37,100.0,59.1
1013,-12515.37,98800.3184,1.3,100.0,59.2
1014,-13687.74,125748.7656,1.25,100.0,59.2
1015,-13085.87,104230.4336,1.24,100.0,58.7
1016,-13853.06,64666.5781,1.25,100.0,58.8
1017,-13567.14,87229.9902,1.28,100.0,58.8
1018,-13393.28,50706.3262,1.24,100.0,58.9
1019,-13438.0,41889.3252,1.23,100.0,58.9
1020,-13406.08,40793.9912,1.24,100.0,58.8
1021,-13635.42,206698.7539,1.39,100.0,59.0
1022,-13297.84,89587.0469,1.37,96.1,59.3
1023,-13246.71,127521.8203,1.29,98.3,59.5
1024,-13493.46,74539.0645,1.42,100.0,59.6
1025,-12864.43,96659.0664,1.25,100.0,59.6
1026,-12871.25,51262.4014,1.24,100.0,59.6
1027,-13386.19,66704.3691,1.23,100.0,59.6
1028,-13234.35,43904.9326,1.26,100.0,59.6
1029,-14546.7,62991.5889,1.39,100.0,59.7
1030,-13588.67,128609.2188,1.24,100.0,59.9
1031,-13458.12,124993.1953,1.32,100.0,60.0
1032,-12757.32,110366.5195,1.24,100.0,60.0
1033,-12465.44,135677.957,1.23,100.0,60.1
1034,-13330.95,122777.4219,1.24,100.0,60.2
1035,-12686.14,101746.8594,1.26,100.0,60.5
1036,-13413.78,79490.9453,1.29,100.0,60.6
1037,-13484.09,23094.5425,1.39,99.0,60.9
1038,-13644.26,40035.8564,1.24,100.0,61.4
1039,-12241.8,135430.832,1.25,100.0,61.5
1040,-13206.55,35951.2344,1.36,100.0,61.5
1041,-13436.07,32200.9854,1.26,100.0,61.5
1042,-13163.64,111848.0801,1.31,100.0,61.6
1043,-13093.97,94732.4688,1.26,99.5,61.6
1044,-12911.58,45406.5654,1.25,100.0,61.6
1045,-13480.17,79056.5742,1.33,100.0,61.6
1046,-12730.89,68264.2988,1.23,100.0,61.6
1047,-14116.02,68599.0508,1.28,100.0,61.0
1048,-13885.03,36560.3682,1.26,100.0,61.1
1049,-12926.03,35249.5234,1.19,100.0,60.9
1050,-13556.93,57765.1201,1.27,100.0,61.1
1051,-12859.45,38907.1084,1.29,100.0,61.2
1052,-13155.89,107705.2559,1.33,100.0,61.2
1053,-13573.94,121362.1523,1.36,96.1,61.3
1054,-13572.78,61515.3486,1.24,100.0,61.2
1055,-12776.62,83857.8125,1.33,100.0,61.1
1056,-13608.34,35331.1592,1.29,100.0,61.1
1057,-12943.21,94475.9648,1.22,100.0,61.1
1058,-13667.5,30017.0493,1.3,100.0,61.2
1059,-13098.4,56305.9727,1.23,100.0,60.8
1060,-12752.33,92660.2109,1.25,100.0,60.8
1061,-12834.42,71456.1074,1.28,100.0,61.0
1062,-13297.11,85476.875,1.22,100.0,61.0
1063,-13810.76,47509.6855,1.25,100.0,61.1
1064,-12639.13,88207.0996,1.18,100.0,61.1
1065,-13727.68,48003.125,1.29,100.0,61.1
1066,-12385.45,62525.0059,1.4,100.0,61.3
1067,-13019.88,187329.3281,1.31,100.0,61.4
1068,-13294.13,99443.1816,1.29,100.0,61.5
1069,-13445.14,38539.1953,1.33,100.0,61.6
1070,-13250.72,123402.5508,1.28,100.0,61.7
1071,-12866.15,80433.8555,1.31,100.0,61.6
1072,-14625.62,118417.8262,1.23,100.0,61.4
1073,-13581.91,48827.875,1.26,100.0,61.5
1074,-13088.01,67826.1738,1.38,100.0,61.5
1075,-14306.73,45918.7002,1.29,100.0,61.6
1076,-13821.24,48065.1162,1.35,100.0,61.7
1077,-13218.1,69989.4297,1.34,100.0,62.0
1078,-13347.68,27941.5269,1.26,100.0,61.7
1079,-13897.22,50736.0088,1.3,100.0,61.7
1080,-13239.47,62711.084,1.21,100.0,61.7
1081,-13115.38,36524.6719,1.27,100.0,61.8
1082,-13172.07,99168.7539,1.22,100.0,61.7
1083,-12705.53,71160.752,1.22,100.0,61.7
1084,-13389.47,33352.3691,1.34,99.8,61.3
1085,-13542.73,42512.5117,1.27,100.0,61.3
1086,-13825.0,46246.3936,1.38,100.0,60.7
1087,-13647.56,34284.6846,1.35,100.0,60.8
1088,-14107.49,150292.6406,1.22,100.0,60.6
1089,-13222.48,77470.5586,1.27,100.0,60.7
1090,-12580.29,127471.2012,1.3,100.0,60.6
1091,-13799.91,42309.1084,1.29,100.0,60.6
1092,-13482.2,67903.1289,1.29,100.0,60.6
1093,-13996.03,49318.3789,1.3,100.0,60.6
1094,-12983.55,58236.4053,1.26,100.0,60.7
1095,-12749.8,111324.3926,1.25,100.0,60.8
1096,-13194.55,83216.8184,1.3,100.0,60.8
1097,-12820.08,37361.2393,1.24,100.0,59.8
1098,-12965.75,46294.6953,1.27,100.0,59.7
1099,-13446.85,70325.3008,1.24,100.0,59.8
1100,-13397.02,24305.2354,1.25,100.0,59.8
1101,-12883.4,104169.2012,1.21,100.0,59.8
1102,-13597.33,105858.7441,1.32,100.0,59.9
1103,-12907.66,100521.7207,1.28,100.0,59.9
1104,-13724.73,33106.4678,1.29,100.0,59.9
1105,-13843.09,42022.3018,1.26,100.0,59.9
1106,-12848.64,81973.5938,1.23,100.0,60.0
1107,-13348.49,24626.0581,1.33,100.0,59.9
1108,-13998.38,44244.4551,1.35,96.1,60.1
1109,-13126.29,40996.0068,1.29,100.0,60.2
1110,-13438.48,49757.2969,1.37,100.0,60.1
1111,-13353.24,49806.3633,1.29,100.0,60.0
1112,-13385.37,37305.0869,1.25,100.0,60.1
1113,-13012.51,65887.3096,1.24,100.0,60.2
1114,-13055.95,40655.8145,1.27,100.0,60.2
1115,-14332.76,104822.9414,1.29,100.0,60.7
1116,-13213.64,28607.7256,1.3,100.0,60.7
1117,-13319.65,41482.332,1.27,100.0,60.7
1118,-12788.74,84179.4863,1.24,100.0,60.7
1119,-13684.48,61403.0,1.37,100.0,60.7
1120,-12400.19,90861.3867,1.29,100.0,60.8
1121,-13476.06,50988.5039,1.29,100.0,60.8
1122,-13565.72,55462.1094,1.28,100.0,60.8
1123,-12659.71,85862.6035,1.27,100.0,60.9
1124,-12553.6,83261.2676,1.27,100.0,60.9
1125,-13672.53,63704.0664,1.21,100.0,60.9
1126,-13754.86,38637.9443,1.25,100.0,60.9
1127,-13404.52,21235.415,1.36,99.8,60.8
1128,-13482.6,26934.5298,1.31,99.9,60.8
1129,-13165.72,84535.7988,1.35,100.0,60.3
1130,-12843.17,83321.5293,1.45,99.5,60.3
1131,-13551.86,38331.123,1.48,98.3,60.2
1132,-13921.76,21413.7886,1.25,100.0,60.2
1133,-13003.71,53787.0771,1.28,100.0,60.3
1134,-12666.0,98527.0352,1.21,100.0,60.2
1135,-12740.44,35739.584,1.29,100.0,60.2
1136,-13298.05,23470.0088,1.32,100.0,60.1
1137,-13608.86,42855.8418,1.2,100.0,60.1
1138,-12850.12,56927.5527,1.26,100.0,60.2
1139,-13866.79,19575.9253,1.26,100.0,60.3
1140,-12746.15,75156.5293,1.29,100.0,60.3
1141,-13462.08,49568.7656,1.4,99.5,60.2
1142,-12535.18,112919.873,1.21,100.0,60.2
1143,-12781.35,71218.0488,1.36,100.0,60.3
1144,-13092.48,89058.9316,1.25,100.0,60.3
1145,-13877.65,32160.041,1.29,100.0,60.3
1146,-13575.69,27714.248,1.3,100.0,60.3
1147,-14557.47,79814.6309,1.26,100.0,60.4
1148,-13361.09,21580.8081,1.36,100.0,60.4
1149,-13823.82,20591.7227,1.42,97.8,60.5
1150,-13013.77,60837.1094,1.21,100.0,60.4
1151,-13342.24,32216.9756,1.31,100.0,60.5
1152,-12960.82,79591.0605,1.21,100.0,60.1
1153,-14019.1,44524.3926,1.28,100.0,60.1
1154,-13445.83,45700.3262,1.31,100.0,59.9
1155,-13840.25,15536.1086,1.22,100.0,59.9
1156,-13416.25,18717.6367,1.24,100.0,60.0
1157,-13403.17,25010.6382,1.33,100.0,60.0
1158,-13596.79,30997.2026,1.3,100.0,60.0
1159,-13344.07,20402.5312,1.42,97.8,60.2
1160,-13613.44,9139.4883,1.41,99.4,60.3
1161,-13528.59,16262.1924,1.32,100.0,60.3
1162,-13076.81,58340.2031,1.29,100.0,60.2
1163,-14489.12,90599.1328,1.23,100.0,60.3
1164,-11942.37,94334.0664,1.24,100.0,60.2
1165,-13973.93,72772.8379,1.31,100.0,60.3
1166,-12858.83,73984.0625,1.25,100.0,60.4
1167,-13084.65,20882.313,1.27,100.0,60.4
1168,-13530.62,134153.793,1.23,100.0,60.4
1169,-13459.86,53650.2988,1.25,100.0,60.4
1170,-12745.1,72834.6328,1.28,100.0,60.4
1171,-13670.52,34939.21,1.2,100.0,60.4
1172,-12614.78,82731.1816,1.21,100.0,60.5
1173,-14222.0,36457.2803,1.25,100.0,60.6
1174,-13512.83,54598.3398,1.29,100.0,60.6
1175,-12687.52,53239.6172,1.37,98.4,60.8
1176,-13857.43,84740.1426,1.27,100.0,60.8
1177,-12815.67,60726.748,1.32,100.0,60.9
1178,-13170.8,24533.2524,1.42,98.4,61.1
1179,-13278.64,34773.5635,1.23,100.0,61.1
1180,-13726.32,27019.0825,1.28,100.0,61.1
1181,-13419.1,26335.9248,1.2,100.0,61.2
1182,-13234.23,82363.875,1.26,100.0,61.1
1183,-14002.73,103844.8145,1.35,99.3,61.2
1184,-12538.41,58786.0762,1.27,100.0,61.3
1185,-13200.36,87885.1699,1.28,100.0,61.3
1186,-12651.81,44357.4756,1.25,100.0,61.3
1187,-13514.03,23217.2808,1.22,100.0,60.8
1188,-13036.19,65571.21,1.29,100.0,60.9
1189,-13204.44,40492.085,1.24,100.0,60.9
1190,-13052.86,26671.604,1.29,100.0,60.9
1191,-13480.14,19799.6533,1.27,100.0,61.0
1192,-13677.01,29291.4365,1.28,100.0,61.1
1193,-13462.5,21693.3413,1.35,100.0,61.2
1194,-12584.6,59669.7275,1.41,98.9,61.4
1195,-12992.89,36079.7539,1.41,100.0,61.5
1196,-13931.64,84654.6348,1.36,100.0,61.2
1197,-12810.02,59193.9033,1.21,100.0,61.1
1198,-12896.78,39267.4121,1.26,100.0,61.2
1199,-13959.53,51001.999,1.3,100.0,61.2
1200,-14119.58,30145.521,1.32,100.0,61.2
1201,-13397.56,39235.2695,1.28,100.0,61.3
1202,-12897.03,61347.6113,1.18,100.0,61.3
1203,-13665.28,47246.2129,1.24,100.0,61.3
1204,-13108.57,80981.7754,1.35,100.0,61.2
1205,-12958.24,60676.1875,1.31,98.4,61.3
1206,-13095.3,58518.3564,1.26,100.0,61.3
1207,-13371.72,32301.0659,1.27,100.0,61.3
1208,-13462.78,23482.5864,1.32,100.0,61.4
1209,-12732.17,22768.1963,1.29,100.0,61.3
1210,-13164.55,43439.0176,1.25,100.0,61.3
1211,-14124.24,70524.6055,1.26,100.0,61.4
1212,-13275.97,27988.0444,1.26,100.0,61.4
1213,-13366.73,26467.1694,1.31,100.0,61.5
1214,-12421.03,61710.4883,1.27,100.0,61.5
1215,-13073.11,74370.8457,1.29,100.0,61.6
1216,-12695.97,46406.29,1.3,100.0,61.3
1217,-12787.57,52135.3262,1.3,100.0,61.3
1218,-13367.91,23353.8862,1.33,100.0,61.2
1219,-13619.92,34337.2979,1.26,100.0,61.3
1220,-13217.84,24689.6846,1.22,100.0,61.4
1221,-13233.72,52426.4443,1.21,100.0,61.5
1222,-12927.17,51144.9805,1.28,100.0,61.5
1223,-13091.52,25842.8438,1.31,98.8,61.0
1224,-13113.25,25694.4209,1.37,99.4,60.9
1225,-13537.0,57966.8311,1.35,100.0,60.9
1226,-13103.3,27438.3716,1.36,100.0,61.0
1227,-13101.78,52554.1963,1.23,100.0,61.1
1228,-12763.42,41362.6904,1.27,100.0,61.1
1229,-13504.56,21762.7061,1.3,100.0,60.8
1230,-13047.06,47708.0254,1.31,100.0,60.7
1231,-12834.8,38257.751,1.31,100.0,60.7
1232,-12685.49,46286.127,1.28,100.0,60.7
1233,-13229.45,22284.6978,1.25,100.0,60.8
1234,-12805.32,24777.6973,1.32,100.0,60.8
1235,-14099.88,63101.2666,1.3,100.0,60.8
1236,-13068.58,53740.5889,1.24,100.0,60.9
1237,-13273.68,19138.5952,1.32,100.0,60.9
1238,-13631.1,72483.4766,1.22,100.0,61.1
1239,-13850.73,46361.2529,1.24,100.0,61.2
1240,-12256.04,73278.3965,1.31,100.0,61.1
1241,-13021.41,68218.1074,1.23,100.0,61.2
1242,-12978.9,43774.9824,1.28,100.0,61.3
1243,-13712.82,38054.6504,1.25,100.0,61.3
1244,-13348.06,27670.5483,1.27,100.0,61.3
1245,-13605.32,25497.145,1.31,100.0,61.3
1246,-13222.81,45546.6201,1.26,100.0,61.3
1247,-12845.98,65911.0664,1.25,100.0,61.4
1248,-13309.78,24000.168,1.25,100.0,61.4
1249,-13820.98,26443.6572,1.33,100.0,61.4
1250,-12880.29,21260.9751,1.29,100.0,61.5
1251,-12773.43,43393.8076,1.25,100.0,61.6
1252,-12946.78,41997.5322,1.32,100.0,61.5
1253,-12889.36,48525.6816,1.3,100.0,61.6
1254,-13414.34,31195.9429,1.26,100.0,61.7
1255,-13647.94,49543.9473,1.4,100.0,61.7
1256,-12675.42,49334.1221,1.33,100.0,61.6
1257,-12599.49,40509.5811,1.19,100.0,61.5
1258,-13034.75,43818.9043,1.23,100.0,61.6
1259,-12943.46,45326.5996,1.29,100.0,61.7
1260,-13944.84,37011.2842,1.31,100.0,61.7
1261,-13302.2,67049.1621,1.32,100.0,61.7
1262,-12157.82,80092.0078,1.2,100.0,61.7
1263,-12674.43,41339.29,1.25,100.0,61.7
1264,-13284.79,54976.8525,1.25,100.0,61.3
1265,-13684.67,52763.0225,1.24,100.0,61.4
1266,-12894.0,37077.3223,1.34,99.7,61.5
1267,-12617.06,46610.3408,1.31,99.9,61.5
1268,-13009.85,27285.5645,1.3,100.0,61.7
1269,-13197.88,18668.5659,1.3,100.0,61.6
1270,-13458.02,121015.5352,1.29,100.0,61.6
1271,-12777.0,37361.7705,1.31,100.0,61.7
1272,-14114.03,39919.0469,1.45,99.3,61.6
1273,-13212.14,22441.5093,1.21,100.0,61.6
1274,-13275.58,33649.8574,1.24,100.0,61.7
1275,-13106.28,40600.8662,1.2,100.0,61.5
1276,-13155.27,47422.7803,1.29,100.0,61.5
1277,-13002.58,28342.3555,1.29,100.0,61.7
1278,-13032.23,16004.7769,1.22,100.0,61.6
1279,-13280.61,17342.7007,1.31,100.0,61.7
1280,-13138.91,20713.6704,1.3,100.0,61.7
1281,-12594.5,44425.4141,1.32,100.0,61.8
1282,-12283.02,59803.002,1.33,100.0,61.8
1283,-13318.82,26820.8013,1.26,100.0,62.0
1284,-12554.03,45586.2959,1.24,100.0,62.0
1285,-12600.64,30983.604,1.33,100.0,62.0
1286,-13336.89,35378.9648,1.23,100.0,61.9
1287,-13234.97,51690.5781,1.34,100.0,62.0
1288,-13426.27,31516.4932,1.33,100.0,61.9
1289,-12731.55,49221.709,1.28,100.0,61.9
1290,-13138.32,37238.1826,1.31,100.0,61.5
1291,-12853.28,33313.0713,1.25,100.0,61.5
1292,-13359.98,34685.3164,1.28,100.0,61.5
1293,-12754.31,37385.2568,1.23,100.0,61.7
1294,-12874.73,39145.5732,1.18,100.0,61.6
1295,-12392.08,52387.4824,1.28,100.0,61.6
1296,-13325.11,16766.7627,1.29,100.0,61.8
1297,-13089.58,49353.1924,1.23,100.0,61.8
1298,-13079.37,28376.2119,1.27,100.0,61.8
1299,-13715.29,18022.9209,1.25,100.0,61.9
1300,-12642.58,59773.5977,1.31,100.0,62.0
1301,-12807.44,55119.1484,1.38,99.7,62.1
1302,-12685.05,44473.1504,1.29,100.0,62.1
1303,-12951.04,26849.9746,1.24,100.0,62.1
1304,-13334.27,21485.9419,1.18,100.0,62.1
1305,-12916.5,35977.9434,1.3,100.0,62.2
1306,-13130.7,38864.4512,1.35,99.6,62.3
1307,-13568.98,55903.2061,1.26,100.0,62.4
1308,-12115.67,68571.8398,1.29,100.0,62.4
1309,-12868.21,46676.6797,1.29,100.0,62.5
1310,-13497.55,30785.0757,1.23,100.0,62.4
1311,-12711.74,29479.5718,1.25,100.0,62.5
1312,-12967.04,51407.9746,1.2,100.0,62.5
1313,-14114.77,115868.4277,1.29,100.0,62.5
1314,-13447.17,17972.7524,1.28,100.0,62.6
1315,-13602.68,20125.6567,1.23,100.0,62.6
1316,-13088.1,15758.6011,1.33,100.0,62.6
1317,-13333.23,24170.3486,1.36,100.0,62.6
1318,-13463.13,50422.9697,1.3,100.0,62.7
1319,-12811.79,61017.8369,1.36,100.0,62.8
1320,-13023.29,29436.5659,1.23,100.0,62.7
1321,-12669.62,39951.0469,1.23,100.0,62.8
1322,-12385.77,43167.4268,1.25,100.0,62.9
1323,-13319.77,72711.9082,1.27,100.0,62.8
1324,-12973.97,34595.8613,1.29,100.0,62.8
1325,-12463.33,43270.4893,1.27,100.0,62.9
1326,-13626.07,52234.9307,1.28,100.0,62.9
1327,-13129.21,37043.5098,1.29,100.0,62.9
1328,-12846.65,49508.9824,1.19,100.0,63.0
1329,-13165.64,31795.0342,1.25,100.0,63.1
1330,-13135.83,28493.9893,1.22,100.0,63.0
1331,-13482.45,43729.9355,1.25,100.0,63.1
1332,-12759.9,33350.7188,1.37,100.0,63.2
1333,-13229.58,23695.062,1.26,100.0,63.2
1334,-13034.14,34152.0723,1.22,100.0,62.7
1335,-13401.46,16314.637,1.35,100.0,62.8
1336,-13315.9,35833.6816,1.27,100.0,62.8
1337,-13194.68,37928.7529,1.4,100.0,62.9
1338,-12990.52,27388.6025,1.51,99.6,62.3
1339,-13237.46,27503.5591,1.27,99.4,62.3
1340,-12776.41,29911.9087,1.22,100.0,62.3
1341,-12958.7,27820.9087,1.24,100.0,62.3
1342,-12744.61,27273.4351,1.23,100.0,62.3
1343,-12987.24,18056.0874,1.35,99.9,62.4
1344,-13017.92,29428.4038,1.35,100.0,62.4
1345,-12754.18,24478.6284,1.23,100.0,61.9
1346,-13245.59,30888.3511,1.27,100.0,61.9
1347,-13292.38,11979.7104,1.26,100.0,61.9
1348,-12922.48,19509.9204,1.35,100.0,62.0
1349,-12881.92,25462.1318,1.45,99.3,62.1
1350,-12827.62,25276.8667,1.32,98.1,62.1
1351,-13411.71,36824.8213,1.24,100.0,62.0
1352,-13268.14,38964.418,1.21,100.0,62.1
1353,-12862.39,24360.3354,1.22,100.0,62.2
1354,-12969.53,25959.2446,1.3,100.0,62.2
1355,-13202.38,43217.6279,1.26,100.0,62.2
1356,-12845.28,31663.1909,1.23,100.0,62.2
1357,-12814.86,25320.9775,1.3,100.0,62.2
1358,-12997.5,39900.417,1.27,100.0,62.2
1359,-12643.89,29100.3398,1.32,100.0,62.3
1360,-13442.18,35816.0078,1.38,100.0,62.4
1361,-13164.89,26670.1592,1.21,100.0,62.0
1362,-12687.48,26632.6494,1.26,100.0,62.1
1363,-13071.82,23738.3652,1.24,100.0,62.2
1364,-13716.99,26460.3423,1.34,100.0,62.1
1365,-12884.23,19273.2476,1.36,99.6,62.1
1366,-12952.75,18859.981,1.3,99.9,62.2
1367,-12981.73,19536.208,1.24,100.0,62.1
1368,-12635.13,26436.2847,1.41,100.0,61.9
1369,-13594.04,28760.5205,1.26,100.0,62.0
1370,-13497.01,39939.6855,1.27,100.0,61.9
1371,-13225.31,35157.2148,1.26,100.0,62.0
1372,-12921.45,29448.8838,1.22,100.0,62.0
1373,-13254.56,10817.0083,1.28,100.0,62.1
1374,-12642.23,34176.7275,1.22,100.0,62.1
1375,-13139.24,25634.8438,1.22,100.0,62.1
1376,-12934.67,28872.2183,1.28,100.0,62.1
1377,-13163.17,17576.8716,1.25,100.0,62.1
1378,-12947.33,31573.7021,1.3,100.0,62.2
1379,-12678.58,27256.9546,1.26,100.0,62.2
1380,-12538.73,30665.3491,1.22,100.0,62.3
1381,-13339.39,27070.6294,1.23,100.0,62.4
1382,-12257.08,27940.8613,1.3,100.0,62.4
1383,-12958.97,9257.481,1.35,96.8,62.5
1384,-13152.66,37953.46,1.39,98.0,62.4
1385,-13237.66,14136.6152,1.42,100.0,62.5
1386,-13486.01,27609.3589,1.31,100.0,62.5
1387,-12419.34,35320.9727,1.2,100.0,62.6
1388,-13190.1,35365.3535,1.28,100.0,62.6
1389,-12812.32,21257.5386,1.29,100.0,62.5
1390,-12420.39,35444.9512,1.29,100.0,62.1
1391,-12752.08,7625.4955,1.31,100.0,62.1
1392,-12583.21,20252.2876,1.22,100.0,62.1
1393,-12588.81,8473.9205,1.23,100.0,62.2
1394,-12884.46,20612.9639,1.23,100.0,62.3
1395,-12569.66,22980.1387,1.27,100.0,62.2
1396,-12836.67,15681.3643,1.27,100.0,62.2
1397,-13359.24,46389.958,1.26,100.0,62.3
1398,-12625.35,16237.3728,1.25,100.0,62.3
1399,-13151.84,16664.6836,1.23,100.0,62.4
1400,-12762.94,24825.0747,1.25,100.0,62.5
1401,-12808.62,21897.8335,1.3,100.0,62.5
1402,-12821.24,14190.675,1.24,100.0,62.4
1403,-12711.63,12120.3184,1.24,100.0,62.4
1404,-13405.46,55376.1855,1.28,100.0,62.5
1405,-13142.38,50067.9678,1.34,100.0,62.6
1406,-13071.47,12042.1018,1.4,100.0,62.6
1407,-13100.36,9176.3826,1.37,100.0,62.7
1408,-12681.87,21796.1865,1.24,100.0,62.7
1409,-12760.56,30143.9253,1.33,100.0,62.7
1410,-13119.49,9056.4333,1.22,100.0,62.7
1411,-13477.66,28522.2319,1.23,100.0,62.6
1412,-12975.38,10468.4771,1.29,100.0,62.7
1413,-13029.95,17295.7969,1.21,100.0,62.8
1414,-12569.07,27096.708,1.29,100.0,62.8
1415,-13548.87,26792.1221,1.3,100.0,62.9
1416,-12971.25,5233.8297,1.25,100.0,62.8
1417,-13108.4,24816.4604,1.23,100.0,62.9
1418,-13346.95,27365.4912,1.23,100.0,62.9
1419,-13277.59,24694.4043,1.31,100.0,63.0
1420,-12997.2,32384.2695,1.37,97.5,63.0
1421,-13143.04,26490.1177,1.26,100.0,63.1
1422,-12907.06,17146.2078,1.31,100.0,63.1
1423,-12529.26,25246.7939,1.25,100.0,63.1
1424,-12944.3,17694.2075,1.35,100.0,63.1
1425,-13373.63,21406.8428,1.41,99.2,63.2
1426,-12735.06,32483.7671,1.37,100.0,63.3
1427,-12826.34,22715.4155,1.38,100.0,63.2
1428,-12477.25,29748.1377,1.46,100.0,63.3
1429,-13278.25,37953.2803,1.37,96.5,63.1
1430,-12932.01,7203.0891,1.22,100.0,63.2
1431,-12831.03,13034.8831,1.26,100.0,63.3
1432,-12657.82,22783.0571,1.23,100.0,63.3
1433,-12642.78,16089.6533,1.28,100.0,63.3
1434,-12253.63,23045.3647,1.32,100.0,63.3
1435,-13235.29,27869.022,1.19,100.0,63.3
1436,-12562.44,14436.594,1.29,100.0,63.4
1437,-12902.84,25688.439,1.26,100.0,63.1
1438,-13401.39,52906.7197,1.29,100.0,63.1
1439,-12478.37,15657.5203,1.29,100.0,63.0
1440,-13774.71,44485.6133,1.21,100.0,63.1
1441,-12549.27,12979.571,1.26,100.0,63.1
1442,-12901.08,20208.4214,1.27,100.0,63.2
1443,-12520.99,25654.915,1.33,100.0,63.3
1444,-12574.83,17442.4727,1.36,94.3,63.4
1445,-12866.04,15676.4363,1.2,100.0,63.2
1446,-12846.31,27159.5801,1.3,100.0,63.3
1447,-13177.94,26197.6167,1.32,100.0,63.3
1448,-12957.71,31558.2632,1.22,100.0,63.3
1449,-13090.87,36707.8457,1.21,100.0,63.4
1450,-13097.69,26296.2524,1.21,100.0,63.4
1451,-12514.01,22919.6099,1.28,100.0,63.3
1452,-12688.89,26296.9478,1.25,100.0,63.4
1453,-12883.18,43835.3125,1.25,100.0,63.5
1454,-12863.14,17305.8018,1.36,100.0,63.5
1455,-13406.93,17987.5796,1.3,100.0,63.5
1456,-13090.13,13570.5374,1.31,100.0,63.5
1457,-12597.46,17565.4033,1.36,100.0,63.6
1458,-12308.16,19621.1943,1.22,100.0,63.5
1459,-12507.69,21908.4282,1.23,100.0,63.7
1460,-12158.92,22476.2397,1.26,100.0,63.7
1461,-13235.21,54932.0254,1.27,100.0,63.8
1462,-12298.07,17965.7183,1.36,100.0,63.7
1463,-13390.92,62881.9717,1.35,100.0,63.8
1464,-13127.32,44299.4189,1.29,100.0,63.7
1465,-13106.87,29929.1558,1.23,100.0,63.8
1466,-12892.81,8220.5037,1.24,100.0,63.8
1467,-13071.93,16574.1567,1.25,100.0,63.9
1468,-12813.47,12557.5125,1.26,100.0,63.9
1469,-13248.99,13636.7456,1.23,100.0,63.9
1470,-12715.15,14606.8752,1.21,100.0,63.9
1471,-12636.17,20526.125,1.23,100.0,63.9
1472,-13060.14,15688.1106,1.29,100.0,64.0
1473,-13811.75,38018.8486,1.43,95.8,64.0
1474,-12938.58,17687.9541,1.29,99.8,64.1
1475,-12548.08,16334.3796,1.25,100.0,64.1
1476,-12875.53,13709.1978,1.32,100.0,64.2
1477,-12739.34,10509.9116,1.25,100.0,64.1
1478,-13443.3,24015.104,1.29,100.0,64.2
1479,-13395.47,28197.2759,1.24,99.7,64.2
1480,-12899.34,17199.0171,1.26,100.0,64.2
1481,-13028.52,17711.6797,1.27,100.0,64.3
1482,-13232.54,28702.7173,1.28,100.0,64.3
1483,-12918.53,11500.3518,1.26,100.0,63.8
1484,-12886.79,15198.9805,1.25,100.0,63.8
1485,-12842.41,13208.198,1.19,100.0,63.8
1486,-12629.82,13412.8188,1.22,100.0,63.8
1487,-13131.78,25524.4468,1.33,100.0,63.8
1488,-12651.3,11744.9167,1.32,97.3,63.9
1489,-12712.24,8826.6067,1.28,99.9,63.5
1490,-12699.21,9852.0537,1.26,100.0,63.5
1491,-13041.51,21616.3359,1.27,100.0,63.6
1492,-13054.72,10595.8677,1.32,100.0,63.6
1493,-12687.12,14939.7466,1.24,100.0,63.6
1494,-12586.59,8321.1719,1.25,100.0,63.7
1495,-12898.41,12871.8359,1.23,100.0,63.7
1496,-12734.3,11365.4827,1.2,100.0,63.6
1497,-13153.35,30183.6665,1.29,100.0,63.6
1498,-12782.34,13299.5886,1.31,100.0,63.8
1499,-13370.42,33870.3691,1.22,100.0,63.8
1500,-12614.71,17895.376,1.25,100.0,63.9
1501,-12799.89,8855.5881,1.2,100.0,63.7
1502,-12556.44,12820.9893,1.28,100.0,63.7
1503,-12523.47,16752.2878,1.43,97.6,63.8
1504,-12641.72,9117.3044,1.24,100.0,63.8
1505,-13018.54,22390.791,1.3,100.0,64.0
1506,-12806.43,10434.8955,1.25,100.0,64.1
1507,-12745.99,5211.3082,1.27,100.0,64.0
1508,-12779.16,2729.9985,1.38,100.0,64.1
1509,-13415.67,36087.1523,1.32,100.0,64.3
1510,-12896.63,11314.8274,1.27,100.0,64.3
1511,-13066.31,15095.0044,1.26,100.0,64.4
1512,-12477.31,23524.8853,1.2,100.0,64.4
1513,-12994.92,25305.7104,1.25,100.0,63.9
1514,-12862.83,9239.6279,1.4,99.9,63.5
1515,-13108.04,17751.4409,1.24,100.0,63.6
1516,-12798.79,19163.6694,1.29,100.0,63.7
1517,-12272.5,21984.5508,1.27,100.0,63.8
1518,-13075.77,25772.6226,1.21,100.0,63.8
1519,-12595.84,6293.5657,1.27,100.0,63.7
1520,-13250.96,13088.7839,1.23,100.0,63.7
1521,-12456.46,18425.6553,1.26,100.0,63.7
1522,-12104.03,13255.2864,1.31,100.0,63.8
1523,-13055.1,22989.6084,1.27,100.0,63.9
1524,-12998.67,16540.7351,1.33,100.0,63.9
1525,-12755.44,6920.8135,1.37,99.9,64.1
1526,-13245.29,29835.3232,1.3,100.0,64.1
1527,-12994.04,8145.9274,1.32,100.0,64.0
1528,-12055.88,27261.5083,1.24,100.0,64.1
1529,-13152.17,8561.7848,1.27,100.0,64.1
1530,-12625.3,11580.0886,1.29,100.0,64.1
1531,-12621.5,2650.4236,1.24,100.0,64.2
1532,-12970.23,3615.1561,1.5,100.0,64.7
1533,-13514.13,58156.7139,1.28,100.0,64.7
1534,-12554.65,5341.5706,1.21,100.0,64.7
1535,-12621.54,16477.7883,1.26,100.0,64.7
1536,-12484.12,6243.7296,1.24,100.0,64.7
1537,-13012.78,25424.4316,1.31,100.0,64.9
1538,-12573.85,1836.2803,1.32,100.0,64.5
1539,-12652.04,2960.6429,1.19,100.0,64.6
1540,-13339.58,70315.123,1.26,100.0,64.5
1541,-13019.43,13398.1843,1.23,100.0,64.6
1542,-13302.17,22951.0522,1.28,100.0,64.7
1543,-13505.0,32623.0654,1.34,99.8,64.8
1544,-12603.76,44537.6924,1.28,100.0,64.8
1545,-12710.72,86050.5039,1.3,100.0,64.8
1546,-12450.37,70334.3574,1.37,100.0,64.7
1547,-12549.09,43686.8213,1.29,100.0,64.7
1548,-12713.15,12307.0168,1.36,100.0,64.8
1549,-12961.3,7617.7588,1.39,100.0,64.8
1550,-13222.54,23525.563,1.23,100.0,64.8
1551,-12739.92,12550.1936,1.3,100.0,64.8
1552,-12492.96,8023.4414,1.28,100.0,64.9
1553,-12796.97,47505.7705,1.21,100.0,64.8
1554,-12606.27,4891.3353,1.32,100.0,64.8
1555,-13326.02,66114.7285,1.27,100.0,64.9
1556,-12371.26,3158.5886,1.25,100.0,64.8
1557,-12940.06,47076.3125,1.29,100.0,64.5
1558,-12671.96,2927.1149,1.23,100.0,64.5
1559,-12795.88,4796.0203,1.27,100.0,64.6
1560,-12827.32,3402.8394,1.28,100.0,64.7
1561,-12681.29,11548.4993,1.21,100.0,64.6
1562,-12922.09,1989.6295,1.28,100.0,64.6
1563,-12213.02,11070.0984,1.3,100.0,64.7
1564,-13137.88,41848.0742,1.34,100.0,64.7
1565,-13038.5,17205.9846,1.34,100.0,64.8
1566,-12673.23,9072.2976,1.24,100.0,64.8
1567,-12423.7,8647.3342,1.31,100.0,64.8
1568,-12737.81,3800.9395,1.41,100.0,64.9
1569,-12656.58,26694.1143,1.38,100.0,65.0
1570,-12665.4,8331.3025,1.38,100.0,65.2
1571,-13441.64,45908.8779,1.47,99.7,65.3
1572,-12583.16,6565.9043,1.28,99.8,65.2
1573,-12538.74,16054.5994,1.27,100.0,65.4
1574,-12412.07,31390.9976,1.29,100.0,65.4
1575,-12920.28,16992.2573,1.24,100.0,65.3
1576,-12826.42,7096.8322,1.34,100.0,65.4
1577,-12598.37,7909.8231,1.37,100.0,65.5
1578,-12923.0,4297.4459,1.24,100.0,65.4
1579,-12364.14,13368.9036,1.25,100.0,65.5
1580,-12400.53,20256.0679,1.3,100.0,65.5
1581,-12588.25,8814.4163,1.35,100.0,65.5
1582,-12911.16,13429.8398,1.42,99.9,65.5
1583,-12585.91,8246.9125,1.31,98.8,65.7
1584,-12864.71,7634.8531,1.27,100.0,65.7
1585,-12810.66,6359.4542,1.25,100.0,65.8
1586,-13193.46,9047.7371,1.23,100.0,65.8
1587,-12326.8,16077.1855,1.27,100.0,65.8
1588,-12846.01,9062.1501,1.34,100.0,65.8
1589,-12846.34,5916.0005,1.25,100.0,65.8
1590,-12662.65,8875.6163,1.29,100.0,65.9
1591,-12701.46,7173.4866,1.26,100.0,65.9
1592,-12593.69,4654.9189,1.28,100.0,65.9
1593,-12796.14,2813.6398,1.35,99.9,66.0
1594,-12981.51,9403.759,1.29,99.1,66.2
1595,-12733.59,6326.4016,1.29,100.0,66.2
1596,-12432.95,15551.7075,1.23,100.0,66.2
1597,-12685.19,9028.86,1.21,100.0,66.3
1598,-12682.63,9621.804,1.31,100.0,66.3
1599,-12787.69,8589.1265,1.27,100.0,66.1
1600,-12857.78,10798.3269,1.28,100.0,66.2
1601,-12443.29,8035.0657,1.25,100.0,66.2
1602,-13037.57,12649.1973,1.24,100.0,66.2
1603,-12574.07,4213.4668,1.28,100.0,66.3
1604,-12310.32,14110.4783,1.27,100.0,66.4
1605,-12899.89,10918.7605,1.25,100.0,66.2
1606,-12650.48,3814.6711,1.21,100.0,66.3
1607,-12531.62,3546.27,1.23,100.0,66.1
1608,-13183.72,18923.9507,1.3,100.0,66.2
1609,-12570.49,6821.5697,1.35,100.0,66.3
1610,-12386.71,6628.9655,1.38,100.0,66.4
1611,-12376.84,11670.5154,1.32,100.0,66.4
1612,-12459.89,4831.8304,1.24,100.0,66.4
1613,-12737.9,16685.0852,1.26,100.0,66.5
1614,-12826.25,15484.3071,1.26,100.0,66.6
1615,-12609.2,14910.25,1.38,100.0,66.6
1616,-12867.56,32999.8794,1.28,100.0,66.5
1617,-12583.55,8645.6953,1.25,100.0,66.5
1618,-12620.63,4767.3345,1.26,100.0,66.6
1619,-12416.15,19390.3074,1.27,100.0,66.6
1620,-12178.76,7667.1105,1.3,100.0,66.7
1621,-12900.86,76003.0137,1.28,100.0,66.1
1622,-12660.63,11598.97,1.24,100.0,66.1
1623,-12806.2,5337.6761,1.28,100.0,66.1
1624,-12543.91,2039.6819,1.22,100.0,65.6
1625,-12290.53,7708.9418,1.23,100.0,65.6
1626,-12246.52,3378.918,1.25,100.0,65.7
1627,-12519.37,4084.4208,1.2,100.0,65.7
1628,-12466.68,1720.3855,1.29,100.0,65.8
1629,-12119.0,2184.6227,1.31,100.0,65.7
1630,-12374.96,2258.8404,1.3,100.0,65.6
1631,-12681.32,41265.7422,1.46,99.6,65.6
1632,-13111.58,80945.0391,1.29,99.8,65.7
1633,-12355.81,13027.7844,1.31,100.0,65.8
1634,-13477.28,82105.0547,1.29,100.0,65.8
1635,-12756.31,4987.4486,1.21,100.0,65.7
1636,-12289.36,14011.7375,1.34,100.0,65.7
1637,-12543.7,8584.068,1.3,100.0,65.7
1638,-12388.57,9035.5376,1.22,100.0,65.7
1639,-12169.55,6071.4287,1.31,100.0,65.7
1640,-12459.02,4751.9594,1.22,100.0,65.8
1641,-12430.72,5899.7561,1.28,100.0,65.8
1642,-12547.97,7836.8994,1.29,100.0,65.8
1643,-12360.68,18789.333,1.18,100.0,65.7
1644,-12714.63,10064.2278,1.28,100.0,65.3
1645,-12414.16,8917.2766,1.29,100.0,65.4
1646,-12193.86,7157.3112,1.2,100.0,65.5
1647,-12480.77,2926.8936,1.28,100.0,65.5
1648,-12471.39,2901.2352,1.25,100.0,65.5
1649,-12812.15,14004.7073,1.29,100.0,65.5
1650,-12432.66,3556.4675,1.35,100.0,65.6
1651,-12237.18,6512.6587,1.25,100.0,65.7
1652,-12121.58,4361.2654,1.29,100.0,65.7
1653,-12185.47,1715.6658,1.3,100.0,65.9
1654,-12397.94,3626.8214,1.26,100.0,65.8
1655,-12086.48,982.5527,1.34,99.5,65.7
1656,-12442.72,10197.5388,1.38,100.0,65.8
1657,-12411.43,14515.083,1.27,100.0,65.8
1658,-12661.99,11086.7903,1.22,100.0,65.9
1659,-12235.18,9680.4646,1.22,100.0,65.9
1660,-12589.74,8094.6055,1.3,100.0,65.8
1661,-12445.14,3917.9955,1.27,97.6,65.6
1662,-12379.24,3264.945,1.24,100.0,65.5
1663,-12275.83,3199.8156,1.23,100.0,65.2
1664,-12079.4,4324.3619,1.2,100.0,65.2
1665,-12281.06,4944.4005,1.28,100.0,65.2
1666,-12403.49,5951.4609,1.37,100.0,65.1
1667,-12445.18,5971.3162,1.22,100.0,65.2
1668,-12358.61,2241.6013,1.33,100.0,65.2
1669,-12269.87,2578.8454,1.28,100.0,65.3
1670,-12553.53,10193.7327,1.27,100.0,65.3
1671,-12067.92,6021.5092,1.35,100.0,65.4
1672,-12418.42,6622.3967,1.21,100.0,65.4
1673,-12221.23,6083.6481,1.33,100.0,65.4
1674,-12167.91,3424.5319,1.32,100.0,65.3
1675,-12204.51,1958.4009,1.23,100.0,65.3
1676,-12176.31,2115.1979,1.25,100.0,65.3
1677,-12059.67,1641.201,1.3,100.0,65.3
1678,-12199.89,10232.6277,1.26,100.0,65.4
1679,-12296.65,8851.9995,1.35,100.0,65.4
1680,-12252.03,6846.191,1.36,97.6,65.5
1681,-12113.25,3177.237,1.21,100.0,65.5
1682,-12222.92,4191.3387,1.22,100.0,65.6
1683,-12296.22,4638.8252,1.25,100.0,65.5
1684,-12079.97,4124.1436,1.27,100.0,65.5
1685,-12399.11,3969.7581,1.33,99.2,65.6
1686,-12165.12,1701.8004,1.22,100.0,65.6
1687,-12034.6,1333.8212,1.27,100.0,65.6
1688,-12374.55,11886.9692,1.27,100.0,65.7
1689,-12328.41,2135.0246,1.3,100.0,65.7
1690,-12239.13,1284.4031,1.35,99.9,65.9
1691,-12088.57,1837.6275,1.31,100.0,65.9
1692,-11991.56,1597.9416,1.32,100.0,66.0
1693,-12070.35,1873.9241,1.23,100.0,66.0
1694,-12404.53,14005.9819,1.25,100.0,66.0
1695,-12042.22,1345.8313,1.36,100.0,66.3
1696,-12038.7,1332.3031,1.4,99.5,66.6
1697,-12222.71,13916.3413,1.27,100.0,66.6
1698,-12202.57,8067.0502,1.23,100.0,66.7
1699,-12419.07,14112.5144,1.19,100.0,66.7
1700,-11918.07,10627.9434,1.28,100.0,66.7
1701,-12247.15,6704.5184,1.33,100.0,66.7
1702,-12317.15,8503.4244,1.23,100.0,66.7
1703,-12156.66,8501.1917,1.28,100.0,66.7
1704,-12365.7,6146.4141,1.29,100.0,66.9
1705,-12282.72,5683.4938,1.27,100.0,66.8
1706,-12263.89,2308.5624,1.33,100.0,66.9
1707,-12431.92,5500.0282,1.29,100.0,67.0
1708,-12330.95,1168.2117,1.27,100.0,67.0
1709,-12228.81,2441.5436,1.27,100.0,67.1
1710,-12238.01,2097.816,1.25,100.0,67.0
1711,-12290.46,2382.251,1.34,100.0,67.0
1712,-12332.36,1412.3623,1.36,100.0,67.1
1713,-12277.21,1603.6411,1.24,100.0,67.1
1714,-12264.8,3278.6477,1.29,100.0,67.3
1715,-12213.25,1350.0645,1.25,100.0,67.4
1716,-12282.88,1251.7522,1.22,100.0,67.3
1717,-12319.32,1649.0343,1.23,100.0,67.3
1718,-12233.71,565.4291,1.23,100.0,67.4
1719,-12302.12,1531.5981,1.29,100.0,67.3
1720,-12364.16,7307.1426,1.23,100.0,67.4
1721,-12103.5,4173.4489,1.31,100.0,67.5
1722,-12287.91,1067.7022,1.35,100.0,67.5
1723,-12245.94,3685.6976,1.25,100.0,67.4
1724,-12171.06,2536.3738,1.26,100.0,67.5
1725,-12171.57,2082.4786,1.27,100.0,67.5
1726,-12790.22,46018.7539,1.24,100.0,67.6
1727,-12000.74,1787.5234,1.31,100.0,67.6
1728,-12808.16,65402.8955,1.38,100.0,67.6
1729,-12210.34,2781.4706,1.23,100.0,67.5
1730,-12114.44,2431.0918,1.37,100.0,67.6
1731,-13068.47,81897.6953,1.23,100.0,67.6
1732,-12218.05,3241.1057,1.26,100.0,67.7
1733,-12152.82,767.5784,1.3,100.0,67.8
1734,-12947.37,73564.4043,1.21,100.0,67.7
1735,-12781.38,33533.2944,1.25,100.0,67.8
1736,-12177.99,6532.5164,1.21,100.0,67.8
1737,-12881.26,52768.9531,1.25,100.0,67.9
1738,-12848.12,27644.1709,1.38,100.0,67.4
1739,-12529.83,23019.6064,1.26,100.0,67.5
1740,-12668.71,16085.325,1.29,100.0,67.5
1741,-12881.82,30849.9155,1.34,100.0,67.4
1742,-12811.6,4745.0585,1.25,100.0,67.6
1743,-12615.49,5514.6942,1.29,100.0,67.6
1744,-12541.7,5336.5109,1.21,100.0,67.6
1745,-12696.16,1705.0209,1.25,100.0,67.6
1746,-12738.65,3359.6127,1.41,100.0,67.6
1747,-12592.21,5587.7776,1.35,100.0,67.7
1748,-12660.25,4204.8499,1.25,100.0,67.7
1749,-12631.39,4830.0282,1.26,100.0,67.8
1750,-12648.63,2000.0278,1.34,100.0,67.8
1751,-12944.87,10131.8464,1.31,100.0,67.8
1752,-12548.36,3320.5142,1.34,100.0,67.9
1753,-13022.89,6657.0741,1.37,99.6,68.0
1754,-12262.09,56463.8643,1.31,99.7,68.1
1755,-12200.73,63008.6455,1.21,100.0,68.3
1756,-12844.42,1979.2462,1.23,100.0,68.2
1757,-12737.45,602.2208,1.27,100.0,68.2
1758,-12706.94,1713.7983,1.32,100.0,67.5
1759,-12739.47,1220.7007,1.24,100.0,67.5
1760,-12746.22,1476.7136,1.2,100.0,67.5
1761,-12935.54,8027.2743,1.26,100.0,67.6
1762,-12188.86,37203.7041,1.23,100.0,67.7
1763,-12613.21,703.2408,1.29,100.0,67.7
1764,-12719.23,988.6935,1.24,100.0,67.7
1765,-12927.89,5635.4661,1.25,100.0,67.7
1766,-12792.87,3548.5096,1.36,100.0,67.8
1767,-13068.72,16797.5354,1.33,99.2,67.9
1768,-12645.8,2861.0455,1.41,100.0,68.0
1769,-12728.54,2598.2899,1.42,100.0,68.2
1770,-12884.88,4947.8545,1.24,100.0,68.0
1771,-12875.79,1363.7768,1.29,100.0,68.0
1772,-12955.6,10159.5044,1.24,100.0,68.0
1773,-12213.58,60542.6357,1.27,100.0,68.1
1774,-12269.68,49192.1709,1.29,100.0,67.6
1775,-12229.99,46982.7842,1.22,100.0,67.7
1776,-12248.14,33704.0566,1.22,100.0,67.8
1777,-12185.93,36976.1875,1.25,100.0,67.7
1778,-12231.06,11377.0933,1.23,100.0,67.9
1779,-12272.33,19385.8594,1.29,100.0,67.8
1780,-12262.12,7199.8341,1.28,100.0,67.9
1781,-12263.01,11687.3481,1.19,100.0,67.9
1782,-12164.1,1613.1953,1.24,100.0,68.0
1783,-12174.19,5808.5273,1.21,100.0,67.9
1784,-12297.31,1167.0205,1.29,100.0,68.0
1785,-12265.8,3330.2031,1.33,100.0,68.1
1786,-12244.57,834.2109,1.22,100.0,68.1
1787,-12269.64,829.8612,1.31,100.0,68.2
1788,-12218.14,1350.3434,1.31,100.0,68.2
1789,-11897.31,12605.5405,1.33,100.0,68.3
1790,-12268.67,3595.9667,1.35,100.0,68.2
1791,-12344.44,2140.776,1.22,100.0,67.9
1792,-12331.22,1363.3037,1.22,100.0,67.9
1793,-12147.59,4145.9231,1.22,100.0,67.9
1794,-12154.61,1530.2014,1.26,100.0,68.0
1795,-12254.7,1663.6638,1.36,99.7,68.4
1796,-12239.72,2965.5144,1.27,100.0,68.2
1797,-12199.63,1716.2123,1.27,100.0,68.2
1798,-12269.21,2340.0452,1.27,100.0,68.3
1799,-12135.33,1352.906,1.26,100.0,68.3
1800,-12107.89,726.3266,1.28,100.0,68.3
1801,-12237.31,1779.1848,1.26,100.0,68.3
1802,-12130.78,1368.3954,1.23,100.0,68.4
1803,-12222.42,635.8326,1.32,100.0,68.3
1804,-12196.03,2079.7862,1.23,100.0,68.4
1805,-12090.56,2831.5037,1.26,100.0,68.4
1806,-12255.01,292.3574,1.24,100.0,68.5
1807,-12281.71,2394.0281,1.2,100.0,68.5
1808,-11992.54,17913.6646,1.27,100.0,68.4
1809,-12025.58,11530.116,1.2,100.0,68.5
1810,-12169.24,8841.9556,1.22,100.0,68.4
1811,-12242.8,3421.7859,1.28,100.0,67.9
1812,-12033.62,4217.248,1.34,100.0,68.0
1813,-12235.81,1823.6652,1.33,100.0,68.4
1814,-12230.13,2164.1144,1.3,100.0,68.1
1815,-12239.51,1929.438,1.24,100.0,68.0
1816,-12175.21,1701.0871,1.28,100.0,68.1
1817,-12188.03,1999.3101,1.33,100.0,68.0
1818,-12156.72,801.6151,1.25,100.0,68.0
1819,-12189.54,1718.314,1.25,100.0,67.7
1820,-12182.84,466.6409,1.21,100.0,67.7
1821,-12141.79,506.9712,1.22,100.0,67.7
1822,-12088.47,1604.8914,1.28,100.0,67.7
1823,-12051.69,1403.1815,1.28,99.8,67.8
1824,-11984.74,9645.5854,1.29,100.0,67.8
1825,-11969.39,9298.1958,1.23,100.0,67.6
1826,-12039.65,6299.3419,1.28,100.0,67.7
1827,-12184.47,6859.1223,1.36,100.0,67.7
1828,-12123.05,4724.3988,1.25,100.0,67.8
1829,-12035.49,2148.8257,1.21,100.0,67.8
1830,-11985.1,2101.0253,1.22,100.0,67.8
1831,-12016.8,631.1888,1.23,100.0,67.8
1832,-11915.61,741.5147,1.31,100.0,67.9
1833,-11863.79,367.1881,1.28,100.0,68.0
1834,-11889.97,289.9595,1.21,100.0,67.9
1835,-11771.66,423.0444,1.23,100.0,68.0
1836,-11831.77,213.8118,1.21,100.0,68.0
1837,-12187.29,13818.8694,1.29,100.0,68.0
1838,-12143.21,11528.0945,1.36,100.0,68.1
1839,-12195.42,13456.3418,1.2,100.0,68.0
1840,-11846.11,5536.868,1.33,100.0,68.1
1841,-12142.74,5662.7592,1.3,100.0,68.1
1842,-12110.6,2283.3912,1.25,100.0,68.1
1843,-11834.97,7591.6606,1.43,100.0,68.3
1844,-11927.55,3644.4528,1.36,100.0,68.3
1845,-11838.07,1744.2,1.29,100.0,68.3
1846,-11856.39,1486.4706,1.29,100.0,68.2
1847,-12127.76,14583.0007,1.2,100.0,68.2
1848,-11899.95,1221.4102,1.25,100.0,68.3
1849,-11856.63,495.354,1.3,100.0,67.9
1850,-11930.35,245.7716,1.21,100.0,67.9
1851,-11759.9,424.7919,1.26,100.0,68.0
1852,-12104.02,14652.842,1.29,100.0,68.0
1853,-12087.34,13114.4915,1.27,100.0,68.0
1854,-12042.84,7180.6957,1.28,100.0,68.0
1855,-12064.46,7144.3148,1.22,100.0,68.3
1856,-12024.25,7412.1191,1.25,100.0,68.4
1857,-12050.33,6380.9932,1.26,100.0,68.4
1858,-12007.12,4126.3666,1.22,100.0,68.3
1859,-12041.64,3445.6467,1.26,100.0,68.3
1860,-12826.31,73578.1738,1.23,100.0,68.4
1861,-12039.4,3130.3124,1.35,100.0,68.7
1862,-12119.56,2747.7667,1.45,87.7,69.0
1863,-11955.59,1654.8462,1.29,100.0,69.0
1864,-12053.68,503.0064,1.24,100.0,69.0
1865,-11980.26,1377.2512,1.2,100.0,69.0
1866,-12000.42,1049.1897,1.23,100.0,69.0
1867,-12045.19,1309.5536,1.31,99.5,69.1
1868,-12009.63,631.6279,1.22,100.0,69.2
1869,-12063.17,1714.7371,1.24,100.0,69.2
1870,-12112.26,764.1465,1.29,100.0,69.2
1871,-12116.24,548.9443,1.26,100.0,69.1
1872,-12130.81,228.4296,1.39,100.0,69.3
1873,-11734.36,15708.938,1.37,98.9,69.4
1874,-12007.24,576.6488,1.23,100.0,69.4
1875,-12123.39,1882.816,1.24,100.0,69.4
1876,-12003.39,1598.8339,1.23,100.0,69.4
1877,-12089.49,963.6981,1.29,100.0,69.4
1878,-12077.84,578.5616,1.39,97.2,69.4
1879,-12135.92,298.5178,1.23,100.0,69.6
1880,-12027.06,667.818,1.28,100.0,69.6
1881,-12070.87,363.3836,1.27,100.0,69.5
1882,-12038.47,458.3921,1.21,100.0,69.5
1883,-12131.28,1335.7253,1.32,100.0,69.5
1884,-11854.95,8420.6616,1.26,100.0,69.6
1885,-12124.57,821.204,1.22,100.0,69.6
1886,-12008.83,284.3023,1.22,100.0,69.6
1887,-12068.5,442.3021,1.21,100.0,69.7
1888,-12052.67,1316.4357,1.36,100.0,69.9
1889,-12028.71,1367.5792,1.4,98.0,69.9
1890,-12097.3,617.3331,1.23,100.0,69.9
1891,-12032.63,573.8221,1.3,100.0,69.9
1892,-12037.32,1409.4157,1.21,100.0,69.6
1893,-12075.36,1253.9711,1.27,100.0,69.6
1894,-12096.73,534.461,1.38,99.6,69.9
1895,-11948.01,1180.2643,1.23,100.0,70.0
1896,-12050.69,343.5478,1.23,100.0,69.4
1897,-12094.3,545.2603,1.31,100.0,69.4
1898,-12036.45,246.0391,1.26,100.0,69.5
1899,-12122.15,315.9274,1.31,100.0,69.6
1900,-12095.77,242.5525,1.34,98.8,69.8
1901,-12116.66,374.0582,1.21,100.0,69.8
1902,-12161.72,247.974,1.25,100.0,69.8
1903,-12084.97,557.3451,1.24,100.0,69.8
1904,-12097.65,1099.3253,1.36,100.0,69.9
1905,-12109.79,593.8746,1.37,97.6,69.7
1906,-12140.94,603.6409,1.21,100.0,69.7
1907,-12090.84,325.2813,1.25,100.0,69.8
1908,-12143.28,255.6318,1.26,100.0,69.8
1909,-12104.71,1179.6515,1.24,100.0,69.1
1910,-12082.41,182.4704,1.36,100.0,69.2
1911,-11760.53,8600.5369,1.35,100.0,69.2
1912,-11781.67,5647.4279,1.23,100.0,69.3
1913,-11840.13,3829.2321,1.23,100.0,69.4
1914,-11975.43,3406.3805,1.2,100.0,69.4
1915,-11761.28,2233.7679,1.31,100.0,69.4
1916,-11936.82,2662.897,1.36,100.0,69.4
1917,-12010.07,1592.1637,1.21,100.0,69.4
1918,-12038.95,991.7378,1.24,100.0,69.6
1919,-11945.49,3341.246,1.19,100.0,69.6
1920,-11983.45,2281.3274,1.25,100.0,69.7
1921,-12032.33,2242.6498,1.28,100.0,69.6
1922,-11943.97,1320.1609,1.24,100.0,69.6
1923,-12007.94,191.5446,1.32,99.7,69.8
1924,-12005.46,124.9799,1.26,100.0,69.8
1925,-12016.64,259.918,1.32,100.0,69.7
1926,-12062.22,168.9649,1.37,99.9,69.8
1927,-11865.93,8659.3726,1.23,100.0,69.9
1928,-11820.94,8101.0133,1.32,100.0,69.9
1929,-11861.14,4606.1232,1.32,100.0,70.0
1930,-11904.88,3983.6727,1.18,100.0,70.0
1931,-12058.7,3720.5113,2.32,98.8,70.0
1932,-11818.94,2688.0963,1.41,100.0,70.0
1933,-11954.82,3440.8603,1.37,100.0,70.0
1934,-11789.8,1943.6299,1.2,100.0,70.0
1935,-11847.11,1009.3075,1.25,100.0,70.0
1936,-11800.08,648.9557,1.26,100.0,70.1
1937,-11847.59,559.5964,1.24,100.0,70.1
1938,-11798.06,573.7191,1.27,100.0,70.2
1939,-11814.5,369.5201,1.19,100.0,70.2
1940,-11793.92,271.2186,1.3,100.0,69.7
1941,-12079.85,6530.804,1.37,96.4,69.6
1942,-11821.23,448.7916,1.3,99.9,69.6
1943,-11792.65,971.0195,1.32,100.0,69.7
1944,-11885.91,309.0101,1.29,100.0,69.7
1945,-11900.09,520.8347,1.21,100.0,69.8
1946,-11880.03,209.9718,1.25,100.0,69.8
1947,-11904.07,167.2228,1.22,100.0,69.8
1948,-11902.0,97.8064,1.33,100.0,69.8
1949,-12004.86,4795.6353,1.24,100.0,69.8
1950,-11783.22,897.7086,1.21,100.0,69.9
1951,-12017.91,3648.3848,1.28,100.0,69.9
1952,-11807.89,970.4216,1.27,100.0,69.8
1953,-12040.59,2900.7679,1.25,100.0,69.9
1954,-11810.53,946.4607,1.21,100.0,69.9
1955,-11838.81,724.8955,1.19,98.9,69.9
1956,-11852.51,590.3665,1.27,99.9,70.0
1957,-11791.4,312.8135,1.32,100.0,69.9
1958,-11758.26,133.74,1.29,100.0,70.0
1959,-11805.35,70.878,1.35,100.0,70.0
1960,-11804.3,153.7326,1.23,100.0,70.0
1961,-11812.56,54.8732,1.24,100.0,70.1
1962,-11730.75,543.6631,1.29,100.0,70.1
1963,-11795.69,139.8519,1.19,100.0,70.2
1964,-11858.59,121.1426,1.31,100.0,70.1
1965,-11789.5,122.793,1.21,100.0,70.0
1966,-12007.24,5519.3475,1.22,100.0,69.9
1967,-11761.63,581.1509,1.29,100.0,69.8
1968,-11828.09,120.4697,1.22,100.0,69.5
1969,-11993.84,653.8595,1.28,100.0,69.5
1970,-12080.77,634.2364,1.29,100.0,69.5
1971,-11902.31,1125.5161,1.24,100.0,69.6
1972,-11903.66,787.519,1.27,100.0,69.7
1973,-11943.47,313.1107,1.21,100.0,69.7
1974,-11881.58,610.9834,1.28,100.0,69.7
1975,-11899.11,224.0728,1.27,100.0,69.7
1976,-11863.87,407.4528,1.23,100.0,69.7
1977,-11875.27,193.7962,1.3,100.0,69.7
1978,-11753.25,414.7745,1.35,100.0,69.7
1979,-12017.3,10845.9026,1.25,100.0,69.8
1980,-12086.41,9058.2527,1.29,100.0,69.8
1981,-12002.76,7936.6741,1.18,100.0,69.9
1982,-12016.59,6169.7411,1.24,100.0,69.9
1983,-12011.03,4557.4914,1.27,100.0,69.9
1984,-11929.39,2384.1771,1.24,100.0,69.9
1985,-12055.02,3880.0956,1.28,100.0,70.0
1986,-11963.83,601.8878,1.26,100.0,70.0
1987,-12021.97,1489.8461,1.29,100.0,70.1
1988,-11938.21,826.1797,1.29,99.0,69.8
1989,-11944.35,187.9445,1.27,100.0,69.7
1990,-11994.65,584.3367,1.29,100.0,69.8
1991,-11996.6,974.2755,1.28,100.0,69.8
1992,-11931.21,652.2326,1.22,100.0,69.9
1993,-12043.91,1004.8285,1.25,100.0,69.9
1994,-12001.77,339.8223,1.26,100.0,70.0
1995,-12077.41,563.4896,1.26,100.0,69.9
1996,-11781.62,9262.9294,1.34,100.0,69.9
1997,-12047.28,636.9298,1.23,100.0,69.9
1998,-11960.45,401.2978,1.22,100.0,70.0
1999,-12015.55,772.5617,1.23,100.0,70.1
2000,-11962.95,79.7871,1.23,100.0,70.0
2001,-11996.11,444.2739,1.3,99.6,69.7
2002,-12052.99,525.1263,1.3,100.0,69.8
2003,-11765.58,9552.967,1.34,100.0,69.8
2004,-11769.66,7711.5203,1.3,100.0,70.1
2005,-11803.73,5838.8746,1.21,100.0,70.1
2006,-11779.63,4362.0753,1.37,100.0,70.1
2007,-12023.59,4382.6337,1.43,100.0,70.1
2008,-11799.54,3115.5711,1.31,100.0,70.1
2009,-11996.66,1824.39,1.33,100.0,70.2
2010,-11802.83,2860.3245,1.4,99.2,70.4
2011,-11761.4,2942.801,1.2,100.0,70.4
2012,-11813.16,1788.9325,1.25,100.0,70.4
2013,-12023.74,3731.9005,1.23,100.0,70.5
2014,-11793.56,802.6916,1.31,100.0,70.5
2015,-11787.96,683.5241,1.3,100.0,70.5
2016,-11835.37,754.8296,1.21,99.9,70.5
2017,-11808.25,374.7024,1.24,100.0,70.5
2018,-11791.27,135.233,1.36,100.0,70.6
2019,-11807.77,206.028,1.29,100.0,70.6
2020,-11866.64,376.3483,1.36,100.0,70.7
2021,-11824.94,82.7948,1.21,100.0,70.7
2022,-11859.48,157.9212,1.22,100.0,70.7
2023,-11897.93,51.2677,1.31,100.0,70.3
2024,-11935.58,405.2754,1.36,100.0,70.2
2025,-11864.87,97.1578,1.33,97.8,70.2
2026,-12007.01,5427.9197,1.33,100.0,70.4
2027,-11799.38,527.3474,1.22,100.0,70.3
2028,-11793.01,366.2627,1.27,100.0,69.8
2029,-12021.76,6125.4514,1.28,100.0,69.9
2030,-11823.97,158.1007,1.25,100.0,69.9
2031,-11750.52,737.45,1.26,100.0,69.9
2032,-11830.54,315.1049,1.19,100.0,69.9
2033,-11832.58,273.1276,1.25,100.0,69.9
2034,-12027.7,6482.2529,1.26,99.3,69.8
2035,-11781.23,1324.4747,1.31,100.0,69.9
2036,-11993.83,4473.4104,1.4,100.0,69.9
2037,-12024.74,3509.8868,1.24,100.0,70.0
2038,-11807.22,2922.3322,1.3,100.0,69.9
2039,-11797.88,1954.0017,1.35,100.0,69.5
2040,-11771.02,2001.7402,1.25,100.0,69.4
2041,-11779.28,1312.138,1.31,100.0,69.5
2042,-11810.48,1192.8279,1.38,97.8,70.0
2043,-11812.78,476.3305,1.24,100.0,70.1
2044,-11747.07,580.4604,1.21,100.0,70.0
2045,-11852.33,42.5101,1.23,100.0,70.1
2046,-11821.49,102.4561,1.26,100.0,70.0
2047,-11817.36,103.8384,1.37,100.0,69.9
2048,-11938.39,544.6428,1.23,100.0,70.0
2049,-11973.35,339.8554,1.26,100.0,70.0
2050,-11924.06,490.0182,1.22,100.0,70.0
2051,-11968.46,225.4105,1.21,100.0,70.0
2052,-11890.77,183.0162,1.27,100.0,70.0
2053,-11900.78,285.3276,1.19,100.0,70.0
2054,-11808.84,358.9364,1.25,100.0,70.1
2055,-11821.39,351.3333,1.26,100.0,70.6
2056,-11766.43,383.0052,1.27,100.0,70.7
2057,-11783.05,201.8898,1.3,100.0,70.5
2058,-11781.31,172.36,1.35,97.0,70.0
2059,-11786.12,83.943,1.2,100.0,70.0
2060,-11821.98,168.8062,1.29,100.0,70.1
2061,-11814.02,161.5991,1.22,100.0,70.1
2062,-11760.68,207.7479,1.23,100.0,70.1
2063,-11793.04,251.4243,1.24,100.0,70.2
2064,-11838.32,608.957,1.19,100.0,70.1
2065,-11757.03,151.3586,1.23,100.0,70.2
2066,-11808.97,84.1689,1.3,100.0,70.2
2067,-11739.33,421.7863,1.28,100.0,70.1
2068,-11807.39,93.6461,1.35,100.0,70.1
2069,-11770.67,14.7127,1.22,100.0,70.2
2070,-11897.66,554.699,1.26,100.0,70.3
2071,-11998.78,962.6296,1.27,100.0,70.2
2072,-11872.02,587.879,1.2,100.0,70.2
2073,-11901.92,278.2409,1.26,100.0,70.2
2074,-11872.14,248.301,1.34,100.0,70.3
2075,-11837.53,124.7619,1.24,100.0,70.3
2076,-11837.53,47.4813,1.27,100.0,70.4
2077,-11749.63,240.0588,1.2,100.0,70.3
2078,-11763.5,173.5384,1.23,100.0,70.4
2079,-11780.69,467.7189,1.24,100.0,70.3
2080,-11762.39,389.508,1.21,100.0,70.3
2081,-11775.67,155.8865,1.32,100.0,70.4
2082,-11820.93,139.975,1.28,100.0,70.5
2083,-11767.28,245.6334,1.33,100.0,70.4
2084,-11905.01,5516.8568,1.44,97.8,70.2
2085,-11905.01,4392.7448,1.31,100.0,70.1
2086,-11929.07,3622.8877,1.31,100.0,70.2
2087,-11736.52,4664.5337,1.23,100.0,70.2
2088,-11673.81,6281.2761,1.19,100.0,70.2
2089,-11745.74,2834.7659,1.27,100.0,70.2
2090,-11741.34,687.0592,1.24,100.0,69.4
2091,-11675.33,1323.9544,1.3,100.0,69.3
2092,-11955.04,10295.5391,1.27,100.0,69.5
2093,-11958.32,8606.0123,1.23,100.0,69.5
2094,-11769.28,334.6397,1.3,100.0,69.6
2095,-11766.44,175.027,1.42,99.5,70.0
2096,-11672.96,841.7491,1.23,100.0,69.9
2097,-11717.35,236.3529,1.23,100.0,69.9
2098,-11767.98,724.5495,1.18,100.0,70.0
2099,-11818.46,580.1656,1.28,100.0,70.0
2100,-11764.81,126.9513,1.36,99.1,70.1
2101,-11733.38,346.1072,1.24,100.0,70.2
2102,-11713.1,159.2054,1.26,100.0,70.2
2103,-12022.11,11201.5103,1.22,100.0,70.1
2104,-11949.49,6232.4341,1.25,100.0,70.1
2105,-11728.35,203.2565,1.27,99.3,70.2
2106,-11935.22,4110.2676,1.21,100.0,70.3
2107,-11748.9,1353.2761,1.23,100.0,70.4
2108,-11738.14,492.1075,1.23,100.0,70.3
2109,-11744.61,111.3634,1.25,100.0,70.3
2110,-11941.45,6083.2748,1.3,98.9,70.4
2111,-11724.45,392.8934,1.24,100.0,70.4
2112,-11711.05,185.4976,1.27,100.0,70.5
2113,-11798.59,339.7552,1.3,100.0,70.6
2114,-11778.02,155.7141,1.22,100.0,70.6
2115,-11791.45,80.0689,1.28,100.0,70.6
2116,-11810.88,161.4095,1.21,100.0,70.3
2117,-11903.45,487.7773,1.31,100.0,70.3
2118,-11748.87,341.0362,1.32,100.0,70.4
2119,-11778.42,210.1006,1.21,100.0,70.5
2120,-11755.98,48.8756,1.3,100.0,70.6
2121,-11815.54,117.8787,1.26,100.0,70.5
2122,-11752.03,188.5179,1.26,100.0,70.6
2123,-11789.62,127.2258,1.24,100.0,70.6
2124,-11901.6,438.8163,1.19,99.7,70.7
2125,-11749.92,787.8085,1.25,100.0,70.7
2126,-11791.99,242.8351,1.37,100.0,71.0
2127,-11757.07,114.963,1.3,100.0,70.8
2128,-11801.27,450.2853,1.35,100.0,71.0
2129,-11800.47,202.5258,1.34,99.9,71.1
2130,-11842.04,230.3552,1.22,100.0,71.1
2131,-11814.04,358.4387,1.32,100.0,71.2
2132,-11724.25,817.3007,1.22,100.0,71.2
2133,-11735.03,202.7063,1.33,100.0,71.3
2134,-11778.79,503.6396,1.3,98.9,71.2
2135,-11782.42,601.8811,1.18,100.0,71.2
2136,-11767.5,217.5424,1.29,100.0,71.2
2137,-11724.72,461.9501,1.3,100.0,71.3
2138,-11770.77,86.0255,1.29,100.0,71.3
2139,-11715.44,134.5183,1.32,100.0,71.2
2140,-11775.67,324.7861,1.17,100.0,71.2
2141,-11770.16,185.2293,1.25,100.0,71.3
2142,-11709.6,413.6233,1.31,100.0,71.2
2143,-11750.8,104.6545,1.31,100.0,71.2
2144,-11755.05,228.9181,1.39,99.9,71.5
2145,-11742.39,119.1636,1.27,100.0,71.6
2146,-11771.82,458.0738,1.25,100.0,71.5
2147,-11705.41,264.643,1.32,100.0,71.6
2148,-11796.25,526.5588,1.24,100.0,71.6
2149,-11761.41,281.2699,1.25,100.0,71.6
2150,-11771.69,197.1109,1.18,100.0,71.5
2151,-11755.05,250.1634,1.25,100.0,71.5
2152,-11706.8,656.0859,1.35,98.7,71.5
2153,-11726.1,231.8249,1.27,100.0,71.6
2154,-11764.56,353.6198,1.32,100.0,71.6
2155,-11818.81,509.5689,1.31,99.2,71.8
2156,-11780.95,78.9358,1.22,100.0,71.7
2157,-11743.48,327.6408,1.28,100.0,71.8
2158,-11778.69,92.1967,1.29,100.0,71.8
2159,-11770.16,25.4748,1.25,100.0,71.7
2160,-11715.19,198.803,1.28,100.0,71.8
2161,-11737.25,153.405,1.19,100.0,71.8
2162,-11719.08,81.2158,1.28,100.0,71.9
2163,-11803.72,390.6305,1.27,100.0,71.9
2164,-11733.2,858.3225,1.23,100.0,72.0
2165,-11735.85,307.9342,1.24,100.0,71.9
2166,-11823.98,239.6432,1.16,99.4,72.1
2167,-11744.02,64.3793,1.27,100.0,72.2
2168,-11748.57,73.6634,1.35,99.3,72.4
2169,-11810.55,93.14,1.26,100.0,72.2
2170,-11769.45,264.6802,1.31,100.0,72.3
2171,-11789.88,231.2842,1.29,100.0,72.4
2172,-11748.72,186.8105,1.28,100.0,72.4
2173,-11780.9,144.5812,1.38,100.0,72.4
2174,-11756.25,72.4416,1.43,99.4,72.5
2175,-11739.45,79.5299,1.3,100.0,72.5
2176,-11770.82,135.6991,1.23,100.0,72.5
2177,-11869.24,528.2737,1.16,100.0,72.5
2178,-11879.94,383.7232,1.24,100.0,72.5
2179,-11751.1,424.7676,1.29,98.8,72.6
2180,-11783.44,90.421,1.22,100.0,72.7
2181,-11748.92,131.0572,1.25,100.0,72.7
2182,-11776.43,232.784,1.17,100.0,72.3
2183,-11738.54,158.8308,1.29,100.0,72.4
2184,-11776.43,111.2333,1.38,97.7,72.4
2185,-11711.02,143.7022,1.24,100.0,72.3
2186,-11765.36,374.8118,1.31,100.0,72.4
2187,-11708.03,76.7125,1.23,100.0,72.4
2188,-11717.76,46.3174,1.31,100.0,72.5
2189,-11703.27,169.4413,1.37,100.0,72.5
2190,-11687.91,162.173,1.21,100.0,72.6
2191,-11721.32,429.4004,1.23,100.0,72.6
2192,-11741.54,101.7332,1.2,100.0,72.6
2193,-11691.35,693.6893,1.23,100.0,72.6
2194,-11689.39,231.8727,1.35,95.1,72.7
2195,-11703.27,151.1511,1.37,100.0,72.8
2196,-11711.29,96.1777,1.32,100.0,72.2
2197,-11683.62,106.2356,1.24,100.0,72.3
2198,-11685.85,123.0239,1.24,100.0,72.4
2199,-11696.33,25.3811,1.32,100.0,72.3
2200,-11706.44,36.9154,1.44,97.8,72.3
2201,-11696.27,33.3804,1.23,100.0,72.3
2202,-11711.49,76.3633,1.22,100.0,72.3
2203,-11880.76,4753.3298,1.24,100.0,72.3
2204,-11902.2,4425.0472,1.28,100.0,72.3
2205,-11686.0,3370.0377,1.32,96.5,72.3
2206,-11908.6,2617.0706,1.22,100.0,72.3
2207,-11693.09,3462.7328,1.28,100.0,72.4
2208,-11689.35,2477.9004,1.27,100.0,72.5
2209,-11635.12,2694.0486,1.3,100.0,72.4
2210,-11891.98,3981.8068,1.32,100.0,72.5
2211,-11686.17,634.1404,1.4,99.1,72.4
2212,-11679.14,731.5091,1.27,100.0,72.4
2213,-11684.92,271.0663,1.2,100.0,72.5
2214,-11676.49,418.9341,1.21,100.0,72.1
2215,-11871.19,5091.6779,1.34,100.0,72.2
2216,-11878.25,3932.4944,1.44,99.2,72.2
2217,-11682.89,1533.9537,1.26,100.0,72.1
2218,-11871.24,2581.3346,1.24,100.0,72.2
2219,-11717.52,1903.7007,1.22,100.0,72.3
2220,-11704.76,1302.2851,1.24,100.0,72.3
2221,-11738.45,580.8704,1.27,100.0,72.5
2222,-11677.77,294.9799,1.22,100.0,72.4
2223,-11684.52,313.9211,1.31,100.0,72.4
2224,-11648.38,407.6956,1.25,100.0,72.5
2225,-11765.3,625.1558,1.28,100.0,72.6
2226,-11675.52,558.4906,1.37,99.4,72.5
2227,-11958.28,7303.2715,1.31,100.0,72.5
2228,-11654.67,533.8622,1.25,100.0,72.5
2229,-11719.89,127.5215,1.22,100.0,72.5
2230,-11730.93,93.8851,1.21,100.0,72.5
2231,-11652.23,482.122,1.26,99.7,72.5
2232,-11757.97,96.9444,1.32,100.0,72.7
2233,-11745.95,29.7313,1.22,100.0,72.6
2234,-11699.26,186.5832,1.24,100.0,72.7
2235,-11714.81,28.6109,1.18,100.0,72.6
2236,-11705.49,46.8333,1.28,100.0,72.7
2237,-11693.29,64.5798,1.38,100.0,72.7
2238,-11900.03,6429.6854,1.18,100.0,72.8
2239,-11703.64,24.4622,1.26,100.0,72.9
2240,-11669.28,302.6222,1.27,100.0,72.9
2241,-11695.8,324.6583,1.35,100.0,72.8
2242,-11690.22,191.3232,1.32,95.8,72.9
2243,-11677.57,183.1934,1.21,100.0,72.7
2244,-11700.39,203.4287,1.28,100.0,72.8
2245,-11669.46,131.7429,1.3,100.0,72.9
2246,-11660.56,97.8931,1.24,100.0,72.8
2247,-11756.98,883.6506,1.26,100.0,72.2
2248,-11685.19,73.2919,1.18,100.0,72.2
2249,-11694.4,152.5188,1.31,100.0,72.2
2250,-11695.94,145.1978,1.35,100.0,72.3
2251,-11631.19,192.5879,1.21,100.0,72.4
2252,-11717.02,571.4361,1.35,100.0,72.4
2253,-11708.93,150.4749,1.35,99.0,72.6
2254,-11684.42,180.7668,1.21,100.0,72.6
2255,-11711.11,348.9951,1.27,100.0,72.7
2256,-11712.86,103.3175,1.21,100.0,72.8
2257,-11716.61,182.393,1.3,100.0,72.3
2258,-11739.81,117.4242,1.29,100.0,72.3
2259,-11687.99,351.0095,1.19,100.0,72.3
2260,-11676.76,71.2168,1.27,100.0,72.2
2261,-11695.2,72.0231,1.23,100.0,72.3
2262,-11676.5,34.3128,1.26,100.0,72.4
2263,-11697.74,41.4017,1.27,100.0,72.5
2264,-11692.28,30.4118,1.19,100.0,72.5
2265,-11800.32,456.2025,1.28,100.0,72.5
2266,-11851.21,394.2622,1.27,100.0,72.4
2267,-11863.21,270.1346,1.29,100.0,72.5
2268,-11799.82,267.2938,1.39,97.3,72.8
2269,-11806.1,126.5451,1.24,100.0,72.8
2270,-11767.01,451.1018,1.26,100.0,72.9
2271,-11697.14,207.4846,1.35,100.0,72.9
2272,-11700.21,99.3522,1.23,100.0,72.7
2273,-11790.35,289.5407,1.28,100.0,72.8
2274,-11693.86,123.3834,1.22,100.0,72.9
2275,-11684.43,64.2878,1.24,100.0,72.7
2276,-11668.41,126.1781,1.29,100.0,72.9
2277,-11674.29,92.0687,1.19,100.0,72.8
2278,-11674.29,47.1901,1.26,100.0,72.5
2279,-11680.2,114.7626,1.39,99.1,72.5
2280,-11688.83,76.782,1.22,100.0,72.5
2281,-11658.67,115.6894,1.29,100.0,72.6
2282,-11645.26,79.0925,1.3,100.0,72.6
2283,-11705.16,427.0527,1.24,100.0,72.6
2284,-11702.56,192.4231,1.28,100.0,72.6
2285,-11705.18,104.6941,1.25,100.0,72.5
2286,-11701.77,124.5339,1.24,100.0,72.6
2287,-11704.69,100.0591,1.29,100.0,72.6
2288,-11698.24,118.0416,1.21,100.0,72.7
2289,-11714.49,83.7633,1.28,100.0,72.7
2290,-11692.57,38.1986,1.31,100.0,72.7
2291,-11704.23,48.9962,1.22,100.0,72.7
2292,-11651.81,50.4402,1.22,100.0,72.8
2293,-11730.88,320.7519,1.21,100.0,72.8
2294,-11649.86,58.4326,1.37,100.0,72.9
2295,-11701.45,279.105,1.35,99.6,73.0
2296,-11642.73,46.9026,1.25,100.0,73.1
2297,-11697.37,182.793,1.32,100.0,73.0
2298,-11692.37,154.4501,1.26,100.0,73.1
2299,-11728.93,103.9806,1.3,100.0,73.1
2300,-11635.21,257.2613,1.38,100.0,73.2
2301,-11689.74,602.7765,1.23,100.0,73.2
2302,-11617.4,71.3954,1.23,100.0,73.3
2303,-11704.6,247.3117,1.21,100.0,73.2
2304,-11601.48,187.8292,1.24,100.0,73.2
2305,-11702.93,131.2384,1.31,97.2,73.4
2306,-11642.86,139.146,1.28,100.0,73.5
2307,-11660.1,522.5922,1.31,100.0,73.4
2308,-11690.2,148.7309,1.33,100.0,73.5
2309,-11699.73,55.611,1.2,100.0,73.6
2310,-11681.8,132.8365,1.36,100.0,73.5
2311,-11687.09,159.8005,1.4,100.0,73.4
2312,-11685.59,74.7672,1.22,100.0,73.4
2313,-11709.29,108.1492,1.23,100.0,73.3
2314,-11752.95,211.6726,1.19,100.0,73.4
2315,-11714.25,86.3435,1.3,100.0,73.5
2316,-11683.05,72.8975,1.31,98.1,73.4
2317,-11684.51,28.4437,1.21,100.0,73.1
2318,-11788.5,438.9795,1.21,100.0,73.1
2319,-11763.93,203.3513,1.2,100.0,73.2
2320,-11774.12,305.0978,1.35,100.0,73.4
2321,-11714.25,181.0072,1.41,92.2,73.4
2322,-11698.25,132.7795,1.22,100.0,73.5
2323,-11736.85,133.8391,1.31,100.0,73.4
2324,-11736.49,89.5676,1.24,100.0,73.3
2325,-11695.37,84.5952,1.31,100.0,73.3
2326,-11685.95,82.4933,1.36,100.0,73.3
2327,-11731.76,48.7898,1.2,100.0,73.3
2328,-11731.66,363.5894,1.22,100.0,73.4
2329,-11642.84,260.0907,1.21,100.0,73.4
2330,-11657.86,37.978,1.25,100.0,73.4
2331,-11723.8,225.8801,1.3,96.3,73.6
2332,-11677.55,68.4868,1.38,100.0,73.6
2333,-11669.8,67.3369,1.35,100.0,73.7
2334,-11705.77,75.3813,1.28,100.0,73.7
2335,-11686.6,27.0386,1.2,100.0,73.6
2336,-11681.63,30.4791,1.26,100.0,73.7
2337,-11695.37,35.6508,1.31,99.0,73.7
2338,-11691.71,56.998,1.2,100.0,73.7
2339,-11856.1,550.1117,1.22,100.0,73.7
2340,-11863.48,303.8802,1.2,100.0,73.8
2341,-11828.94,493.7383,1.31,100.0,73.7
2342,-11723.55,487.9682,1.4,94.4,73.8
2343,-11757.09,81.9603,1.25,100.0,73.8
2344,-11830.04,432.6568,1.25,100.0,73.9
2345,-11726.9,44.8703,1.26,100.0,74.0
2346,-11740.8,50.6856,1.24,100.0,74.0
2347,-11667.76,151.9722,1.3,99.8,74.1
2348,-11682.5,101.0438,1.2,100.0,73.4
2349,-11677.34,35.2307,1.22,100.0,73.4
2350,-11781.79,469.5459,1.25,100.0,73.5
2351,-11725.72,208.9451,1.26,100.0,73.6
2352,-11681.29,346.9045,1.3,99.6,73.7
2353,-11732.36,89.1251,1.26,97.8,73.8
2354,-11681.33,46.161,1.22,100.0,73.7
2355,-11664.45,48.4873,1.26,100.0,73.7
2356,-11664.45,28.9685,1.22,100.0,73.7
2357,-11629.46,187.7909,1.36,100.0,73.8
2358,-11656.18,260.9563,1.31,100.0,74.0
2359,-11679.94,241.0076,1.25,100.0,74.1
2360,-11635.23,213.9367,1.28,100.0,74.1
2361,-11656.18,144.9855,1.23,100.0,74.1
2362,-11674.52,207.4984,1.34,100.0,74.1
2363,-11668.32,134.2969,1.36,99.8,74.3
2364,-11689.04,51.7718,1.22,100.0,74.3
2365,-11705.64,357.1931,1.25,100.0,74.3
2366,-11699.79,68.9349,1.22,100.0,74.3
2367,-11680.66,30.7261,1.25,100.0,74.1
2368,-11675.35,13.8283,1.41,99.8,74.8
2369,-11711.7,83.9832,1.36,100.0,74.8
2370,-11726.44,206.8714,1.3,100.0,74.9
2371,-11700.42,287.8577,1.27,100.0,75.0
2372,-11734.52,104.5009,1.22,100.0,75.0
2373,-11666.28,193.455,1.3,100.0,74.8
2374,-11724.66,152.5599,1.32,99.1,74.4
2375,-11698.93,21.0329,1.23,100.0,74.4
2376,-11719.19,61.257,1.24,100.0,74.5
2377,-11704.43,17.6168,1.24,100.0,74.6
2378,-11700.07,18.3809,1.28,100.0,74.6
2379,-11691.57,22.371,1.3,99.2,74.5
2380,-11732.75,313.2295,1.22,100.0,74.6
2381,-11788.78,818.0875,1.22,100.0,74.6
2382,-11794.42,482.4202,1.22,100.0,74.7
2383,-11793.76,439.5104,1.29,100.0,74.8
2384,-11760.27,199.0592,1.38,97.8,74.7
2385,-11770.72,677.832,1.26,100.0,74.6
2386,-11757.73,558.3427,1.28,100.0,74.5
2387,-11789.9,213.2498,1.26,100.0,74.6
2388,-11812.71,237.3522,1.22,100.0,74.7
2389,-12552.05,78725.5254,1.26,100.0,74.8
2390,-12016.98,3823.8901,1.2,100.0,74.8
2391,-12572.48,75431.7109,1.22,100.0,74.8
2392,-11781.39,6606.2228,1.25,100.0,74.7
2393,-11744.3,12736.6897,1.26,100.0,74.8
2394,-11786.03,4913.0032,1.42,97.6,74.8
2395,-11756.23,4485.8158,1.35,97.5,74.8
2396,-11753.12,1333.3177,1.28,100.0,74.8
2397,-11752.26,845.7521,1.28,100.0,74.8
2398,-12000.71,6995.7131,1.21,100.0,74.8
2399,-11932.26,5738.4985,1.27,100.0,74.8
2400,-11768.82,325.3806,1.34,100.0,74.9
2401,-11761.38,257.8271,1.22,100.0,74.9
2402,-11800.98,236.4821,1.24,100.0,75.0
2403,-11755.22,263.8326,1.23,100.0,74.9
2404,-11793.72,99.6895,1.27,100.0,75.0
2405,-11813.73,57.0798,1.32,100.0,74.5
2406,-11819.12,373.5122,1.19,100.0,74.5
2407,-11769.73,207.757,1.22,100.0,74.6
2408,-11801.63,76.1209,1.28,100.0,74.7
2409,-11799.72,117.3965,1.38,100.0,74.6
2410,-11802.12,67.1664,1.37,90.0,74.9
2411,-11835.43,257.1024,1.26,99.8,74.5
2412,-11811.62,63.8125,1.3,100.0,74.6
2413,-11851.03,120.6725,1.24,100.0,74.7
2414,-11811.62,32.2101,1.21,100.0,74.7
2415,-11788.08,132.1106,1.29,100.0,74.7
2416,-11797.9,101.0558,1.34,100.0,74.8
2417,-11771.87,239.2881,1.23,100.0,74.7
2418,-11750.12,75.1742,1.23,100.0,74.8
2419,-11807.29,459.3245,1.22,100.0,74.8
2420,-11826.5,534.5257,1.36,99.6,74.9
2421,-11825.97,327.7379,1.41,95.8,75.0
2422,-11736.07,1111.9135,1.24,100.0,75.1
2423,-11756.77,445.0439,1.26,100.0,75.1
2424,-11781.18,55.5784,1.24,100.0,75.1
2425,-11818.67,261.2516,1.28,100.0,75.1
2426,-11788.01,26.2928,1.33,99.1,75.0
2427,-11777.73,68.409,1.29,100.0,75.0
2428,-11787.7,63.6409,1.36,100.0,75.0
2429,-11881.37,654.4591,1.29,100.0,75.1
2430,-11776.27,223.8955,1.2,100.0,74.3
2431,-11758.06,567.6347,1.31,100.0,74.5
2432,-11782.21,175.1584,1.31,100.0,74.4
2433,-11781.68,119.3034,1.23,100.0,73.8
2434,-11779.55,61.1506,1.3,100.0,73.9
2435,-11766.96,143.8102,1.19,100.0,73.9
2436,-11727.74,156.067,1.25,100.0,73.9
2437,-11770.89,312.0066,1.38,96.2,74.1
2438,-11805.68,406.9028,1.31,100.0,74.1
2439,-11727.26,517.2042,1.37,100.0,74.2
2440,-11825.97,759.6516,1.34,99.0,74.0
2441,-11763.47,238.5981,1.18,100.0,73.9
2442,-11804.19,416.2245,1.32,100.0,74.0
2443,-11753.97,425.7819,1.37,100.0,74.0
2444,-11724.45,273.6933,1.27,100.0,73.9
2445,-11780.69,334.4705,1.33,100.0,74.1
2446,-11724.37,158.3303,1.2,97.7,74.0
2447,-11746.81,142.4187,1.25,100.0,74.0
2448,-11781.62,208.5555,1.33,100.0,74.0
2449,-11754.86,282.7329,1.23,100.0,74.1
2450,-11764.17,181.9198,1.29,100.0,74.1
2451,-11718.84,210.852,1.22,99.2,74.1
2452,-11696.75,106.4443,1.21,100.0,74.2
2453,-11744.18,493.6696,1.25,100.0,74.1
2454,-11695.58,137.1747,1.22,100.0,74.1
2455,-11754.71,124.8214,1.33,100.0,74.1
2456,-11694.23,177.9092,1.25,100.0,74.2
2457,-11734.19,104.9553,1.23,100.0,74.2
2458,-11685.78,319.4361,1.36,97.9,74.5
2459,-11716.96,231.1422,1.33,100.0,74.6
2460,-11732.18,113.2642,1.41,100.0,74.7
2461,-11731.67,99.1697,1.3,100.0,74.5
2462,-11698.52,96.8248,1.22,99.0,74.4
2463,-11728.07,121.3128,1.25,100.0,74.5
2464,-11692.27,167.6965,1.32,100.0,74.4
2465,-11676.94,65.4675,1.34,100.0,74.5
2466,-11700.86,171.2111,1.33,100.0,74.7
2467,-11670.9,79.3793,1.17,100.0,74.5
2468,-11692.72,80.6563,1.24,100.0,75.2
2469,-11753.02,1313.6068,1.26,100.0,74.9
2470,-11645.47,41.3396,1.29,100.0,74.5
2471,-11675.65,33.4948,1.32,100.0,74.6
2472,-11677.16,22.9473,1.24,100.0,74.7
2473,-11688.75,34.1622,1.25,100.0,74.7
2474,-11670.91,42.2108,1.36,98.7,74.6
2475,-11671.73,26.6262,1.27,100.0,74.6
2476,-11707.24,261.1608,1.4,100.0,74.8
2477,-11752.74,103.9786,1.48,95.6,74.9
2478,-11802.9,183.0532,1.19,100.0,74.8
2479,-11922.23,686.2444,1.25,100.0,74.9
2480,-11922.77,518.1791,1.22,100.0,74.9
2481,-11879.66,507.741,1.26,100.0,74.9
2482,-11902.4,360.0937,1.32,100.0,74.9
2483,-11842.89,213.2433,1.2,100.0,74.9
2484,-11847.62,416.1969,1.28,100.0,74.9
2485,-11904.65,426.8144,1.32,100.0,75.1
2486,-11823.42,348.1347,1.26,100.0,75.0
2487,-11804.22,573.8787,1.32,99.8,75.2
2488,-11752.49,434.5867,1.45,98.3,75.3
2489,-11841.93,323.113,1.34,100.0,75.3
2490,-11734.83,236.9687,1.27,100.0,75.3
2491,-11804.22,169.0566,1.17,100.0,75.4
2492,-11804.16,168.1422,1.26,100.0,75.4
2493,-11687.93,332.5054,1.31,100.0,75.5
2494,-11684.47,214.098,1.22,100.0,75.6
2495,-11687.27,165.6449,1.22,100.0,75.5
2496,-11716.97,225.328,1.23,100.0,75.5
2497,-11687.67,251.1056,1.25,100.0,75.6
2498,-11697.02,124.5949,1.34,99.4,75.6
2499,-11678.11,91.1812,1.24,100.0,75.7
2500,-11678.9,92.8315,1.31,100.0,75.7
2501,-11662.39,49.1392,1.22,100.0,75.8
2502,-11689.16,74.7267,1.23,100.0,75.7
2503,-11680.6,16.2098,1.37,99.9,75.6
2504,-11741.67,406.7646,1.4,100.0,75.1
2505,-11708.84,37.694,1.32,100.0,75.2
2506,-11695.33,30.1876,1.36,100.0,75.2
2507,-11649.3,162.8806,1.16,100.0,75.2
2508,-11687.29,141.6385,1.28,100.0,75.2
2509,-11760.99,345.1388,1.25,100.0,75.3
2510,-11681.98,201.7611,1.21,100.0,75.3
2511,-11738.33,221.007,1.2,100.0,75.4
2512,-11656.56,171.1208,1.19,100.0,75.4
2513,-11705.99,152.5382,1.36,100.0,75.5
2514,-11653.5,139.5236,1.4,94.4,75.6
2515,-11678.66,58.089,1.23,100.0,75.7
2516,-11670.31,58.5767,1.3,100.0,75.8
2517,-11666.37,110.2664,1.24,100.0,75.8
2518,-11659.15,177.2628,1.26,100.0,75.7
2519,-11602.84,201.8086,1.31,100.0,75.7
2520,-11663.0,128.3257,1.21,100.0,75.8
2521,-11664.07,65.0892,1.22,100.0,75.8
2522,-11607.04,466.034,1.21,100.0,75.9
2523,-11730.22,388.1929,1.27,100.0,75.9
2524,-11620.05,382.4793,1.39,94.2,75.9
2525,-11595.61,196.8089,1.25,100.0,75.8
2526,-11659.15,331.8436,1.32,100.0,75.8
2527,-11622.79,473.3981,1.27,100.0,75.8
2528,-11681.0,511.5386,1.19,100.0,75.7
2529,-11621.19,74.2064,1.27,100.0,75.8
2530,-11621.58,82.8897,1.24,100.0,75.9
2531,-11590.12,59.5567,1.28,100.0,75.9
2532,-11654.77,509.6643,1.23,100.0,75.8
2533,-11583.0,23.6999,1.2,100.0,75.8
2534,-11667.19,246.8569,1.3,100.0,76.0
2535,-11588.35,168.2145,1.28,100.0,76.1
2536,-11602.92,53.773,1.32,100.0,76.3
2537,-11612.26,98.894,1.24,100.0,76.3
2538,-11623.34,62.499,1.18,100.0,76.3
2539,-11645.93,129.9884,1.27,100.0,76.3
2540,-11660.45,179.5717,1.27,100.0,76.4
2541,-11700.58,411.7684,1.32,100.0,76.5
2542,-11677.59,120.9978,1.37,100.0,76.6
2543,-11679.08,97.2845,1.19,100.0,76.6
2544,-11595.95,209.8092,1.31,100.0,76.6
2545,-11673.67,295.6498,1.36,99.7,76.6
2546,-11595.42,128.675,1.22,100.0,76.7
2547,-11671.78,182.7185,1.36,100.0,76.8
2548,-11652.95,86.2262,1.28,98.7,76.7
2549,-11614.27,463.1626,1.19,100.0,76.6
2550,-11646.29,97.8657,1.23,100.0,76.5
2551,-11608.24,137.9266,1.2,100.0,76.6
2552,-11639.04,135.994,1.38,100.0,76.6
2553,-11635.43,60.7898,1.39,97.9,76.7
2554,-11624.88,169.7094,1.2,100.0,76.8
2555,-11752.57,1043.458,1.28,100.0,76.8
2556,-11672.76,195.2006,1.29,100.0,76.9
2557,-11673.79,125.5832,1.34,100.0,76.8
2558,-11692.21,53.2197,1.33,100.0,76.9
2559,-11700.59,124.6878,1.18,100.0,76.9
2560,-11681.98,132.0519,1.23,100.0,77.1
2561,-11686.15,54.1347,1.24,100.0,77.0
2562,-11663.29,48.1336,1.22,100.0,77.0
2563,-11670.8,154.2999,1.26,100.0,77.0
2564,-11619.09,210.4582,1.24,100.0,77.1
2565,-11660.34,161.7976,1.29,100.0,77.2
2566,-11623.34,78.5627,1.31,100.0,77.1
2567,-11661.5,144.6369,1.19,100.0,77.2
2568,-11598.88,143.2918,1.3,100.0,77.1
2569,-12500.71,87668.3203,1.31,100.0,76.9
2570,-11686.24,148.887,1.27,100.0,76.9
2571,-11654.25,210.658,1.28,100.0,77.1
2572,-11636.16,469.2536,1.16,100.0,77.1
2573,-11603.14,181.8816,1.24,100.0,77.1
2574,-11684.42,637.9187,1.36,100.0,77.1
2575,-12480.72,90010.4922,1.25,100.0,77.1
2576,-12482.65,85396.8945,1.38,100.0,77.2
2577,-11586.32,803.1695,1.48,92.2,77.0
2578,-12476.92,77745.7578,1.22,100.0,77.0
2579,-11600.04,1689.3442,1.22,100.0,77.1
2580,-11636.24,1271.1478,1.21,100.0,77.0
2581,-11617.6,647.3754,1.27,100.0,77.1
2582,-11677.97,190.0574,1.38,99.3,77.2
2583,-11656.74,167.1559,1.22,100.0,77.2
2584,-11640.16,21.5828,1.26,100.0,77.2
2585,-11617.83,97.2796,1.27,100.0,77.3
2586,-11628.62,58.5728,1.33,100.0,77.3
2587,-12508.23,87812.0488,1.37,99.6,77.4
2588,-12391.58,80457.5156,1.36,100.0,77.5
2589,-11714.09,964.5451,1.32,100.0,77.6
2590,-12455.86,74897.7012,1.37,100.0,76.9
2591,-12470.69,69737.3652,1.35,99.0,76.8
2592,-11723.56,3073.3318,1.21,100.0,76.7
2593,-11673.52,4270.3705,1.27,100.0,76.8
2594,-12483.55,63986.6084,1.23,100.0,76.8
2595,-11672.03,3312.9462,1.3,100.0,77.0
2596,-11684.41,2007.4773,1.34,100.0,77.0
2597,-12488.15,72379.7891,1.18,100.0,76.9
2598,-12560.01,71581.2754,1.34,100.0,76.5
2599,-11657.72,2029.2191,1.35,100.0,76.4
2600,-11647.75,1723.3443,1.32,100.0,76.4
2601,-11681.08,707.2489,1.4,97.5,76.5
2602,-11672.23,300.5423,1.22,100.0,76.3
2603,-11616.33,181.8393,1.24,100.0,76.3
2604,-11586.32,107.9836,1.26,100.0,76.4
2605,-12451.55,86015.2598,1.24,100.0,76.4
2606,-11610.77,108.4265,1.28,100.0,76.5
2607,-11662.42,170.7725,1.21,100.0,76.5
2608,-11677.74,172.6621,1.23,100.0,76.5
2609,-11610.2,310.8719,1.27,100.0,76.6
2610,-11615.74,112.7828,1.29,100.0,76.5
2611,-11639.26,177.7598,1.4,99.3,76.8
2612,-11636.07,137.5628,1.53,96.1,76.9
2613,-11658.85,83.4218,1.25,100.0,76.9
2614,-11669.7,57.2976,1.23,100.0,76.9
2615,-11617.99,256.7178,1.19,100.0,76.8
2616,-11630.57,51.234,1.27,100.0,76.8
2617,-11644.96,231.7112,1.33,100.0,76.9
2618,-11610.2,41.836,1.23,100.0,76.9
2619,-11617.6,31.9392,1.24,100.0,76.9
2620,-11609.68,11.4512,1.22,100.0,77.0
2621,-11619.09,25.637,1.29,100.0,77.2
2622,-11699.81,608.8562,1.3,99.9,76.8
2623,-11685.6,261.4395,1.18,100.0,76.8
2624,-11628.38,368.5255,1.26,100.0,76.8
2625,-11627.62,231.9423,1.27,100.0,76.9
2626,-11671.95,203.2293,1.3,100.0,76.9
2627,-11670.72,115.4633,1.39,91.2,77.2
2628,-11694.8,98.1759,1.33,100.0,77.3
2629,-11610.77,545.5193,1.32,100.0,77.3
2630,-11685.61,113.9511,1.34,100.0,77.2
2631,-11669.77,53.8448,1.18,100.0,77.2
2632,-11673.56,39.9185,1.25,100.0,77.3
2633,-11683.91,24.7056,1.3,100.0,77.4
2634,-11684.24,43.525,1.19,100.0,77.3
2635,-11697.75,716.8139,1.28,100.0,77.3
2636,-11674.63,221.7621,1.24,100.0,77.1
2637,-11648.44,199.9345,1.27,100.0,77.1
2638,-11647.0,176.8824,1.4,97.3,77.3
2639,-11715.67,351.0698,1.26,100.0,77.4
2640,-11626.82,353.2924,1.31,100.0,77.3
2641,-11623.83,251.0304,1.3,99.2,77.4
2642,-11653.36,76.6027,1.19,100.0,77.4
2643,-11628.91,26.1334,1.29,100.0,77.5
2644,-11626.82,21.0845,1.31,100.0,77.4
2645,-11660.47,66.0246,1.28,100.0,77.5
2646,-11617.09,66.892,1.25,100.0,77.5
2647,-11624.36,99.3002,1.18,100.0,77.6
2648,-11694.64,431.1231,1.24,100.0,77.6
2649,-11698.87,204.8444,1.33,100.0,77.6
2650,-11616.86,280.5545,1.23,100.0,77.7
2651,-11637.53,116.65,1.22,100.0,77.7
2652,-11686.81,230.1395,1.15,98.5,77.7
2653,-11727.72,1210.6053,1.26,100.0,77.8
2654,-11608.46,118.7758,1.32,99.5,77.9
2655,-11642.31,42.0859,1.26,100.0,77.9
2656,-11636.41,29.2508,1.3,100.0,78.1
2657,-11621.64,50.8905,1.23,100.0,78.1
2658,-11750.04,664.2989,1.3,100.0,78.1
2659,-11645.03,57.5028,1.36,100.0,78.1
2660,-11612.13,133.6893,1.25,100.0,78.0
2661,-11705.32,702.8069,1.26,100.0,78.1
2662,-11618.83,85.7823,1.24,100.0,77.9
2663,-11622.33,38.8271,1.16,100.0,77.8
2664,-11653.83,105.8116,1.25,100.0,77.8
2665,-11622.6,20.4207,1.27,100.0,77.8
2666,-11880.18,1689.08,1.27,100.0,77.6
2667,-11874.34,1060.0963,1.3,100.0,77.7
2668,-11884.02,505.2117,1.21,100.0,77.8
2669,-11833.01,546.8256,1.33,100.0,77.9
2670,-11876.54,514.3379,1.35,100.0,77.9
2671,-11893.83,268.5613,1.33,100.0,77.8
2672,-11851.79,304.7708,1.42,100.0,78.0
2673,-11834.14,225.2505,1.48,96.2,77.4
2674,-11835.45,109.7617,1.2,100.0,77.4
2675,-11840.09,77.7392,1.23,100.0,77.4
2676,-11739.32,1040.4871,1.18,100.0,77.5
2677,-11882.91,320.6267,1.3,100.0,77.5
2678,-11884.39,123.037,1.31,100.0,77.5
2679,-11853.93,202.2921,1.24,100.0,77.5
2680,-11838.77,239.5319,1.31,100.0,77.5
2681,-11890.86,79.5639,1.3,100.0,77.6
2682,-11857.93,43.0381,1.32,100.0,77.6
2683,-11850.77,15.2526,1.45,97.9,77.7
2684,-11899.58,476.5195,1.43,98.4,77.5
2685,-11878.42,96.3784,1.28,100.0,77.5
2686,-11906.41,28.3857,1.23,100.0,77.5
2687,-11878.47,45.4481,1.19,100.0,77.5
2688,-11920.68,244.3748,1.27,100.0,77.6
2689,-11892.12,9.4728,1.29,100.0,77.5
2690,-11827.59,135.0867,1.27,100.0,77.6
2691,-11763.27,412.8155,1.23,100.0,77.7
2692,-11671.46,347.5825,1.2,100.0,77.8
2693,-11669.78,348.1349,1.32,100.0,77.7
2694,-11668.97,235.8829,1.38,99.3,77.8
2695,-11609.58,310.2196,1.22,100.0,77.7
2696,-11636.41,94.3849,1.27,100.0,77.7
2697,-11600.92,120.3347,1.23,100.0,77.8
2698,-11611.84,172.0972,1.25,100.0,77.9
2699,-11664.31,155.043,1.35,100.0,77.5
2700,-11609.58,279.4477,1.26,100.0,77.6
2701,-11628.1,191.1778,1.28,100.0,77.5
2702,-11619.85,72.3111,1.33,100.0,77.6
2703,-11641.33,170.9728,1.21,100.0,77.6
2704,-11648.07,80.0547,1.26,100.0,77.6
2705,-11609.58,172.1607,1.2,100.0,77.7
2706,-11611.18,131.5688,1.22,99.9,77.6
2707,-11615.08,41.245,1.24,100.0,77.6
2708,-11718.17,620.6538,1.22,100.0,77.6
2709,-11613.62,28.0544,1.33,100.0,77.7
2710,-11677.01,230.8384,1.42,98.1,77.9
2711,-11619.56,101.2463,1.32,100.0,77.9
2712,-11618.07,47.0985,1.36,100.0,77.6
2713,-11616.57,20.5017,1.31,100.0,77.6
2714,-11634.86,73.3574,1.23,100.0,77.6
2715,-11668.49,276.1591,1.29,100.0,77.6
2716,-11609.68,244.8347,1.21,100.0,77.7
2717,-11686.98,275.3046,1.26,100.0,77.8
2718,-11760.9,381.1974,1.3,100.0,77.8
2719,-11703.63,704.9487,1.22,100.0,77.7
2720,-11698.29,513.3953,1.29,100.0,77.9
2721,-11782.09,626.0898,1.21,100.0,77.9
2722,-11676.34,197.9508,1.26,100.0,77.9
2723,-11687.29,239.8279,1.22,100.0,78.0
2724,-12170.71,38535.043,1.21,100.0,78.0
2725,-12491.89,58860.5615,1.33,99.9,78.0
2726,-12542.55,51695.7656,1.34,100.0,78.1
2727,-12485.39,28607.2593,1.29,100.0,78.1
2728,-11939.41,14411.7966,1.4,100.0,78.3
2729,-12004.36,13626.697,1.2,100.0,78.3
2730,-11984.14,10170.9747,1.25,100.0,78.2
2731,-12506.67,27606.3477,1.34,100.0,78.3
2732,-12522.83,29180.2363,1.18,100.0,78.2
2733,-12459.18,19235.1636,1.22,100.0,78.3
2734,-12027.21,13563.5522,1.21,100.0,78.6
2735,-12051.5,12895.7231,1.26,100.0,78.7
2736,-12544.43,17416.0645,1.39,96.9,78.9
2737,-12545.85,15577.7493,1.26,100.0,79.1
2738,-12815.5,34185.8521,1.36,100.0,79.0
2739,-12821.09,22787.9277,1.48,98.5,79.1
2740,-12053.44,42369.3438,1.18,100.0,79.1
2741,-12055.46,44792.8428,1.24,100.0,79.2
2742,-12103.6,34844.9248,1.26,100.0,79.2
2743,-12063.59,27220.4976,1.25,100.0,79.3
2744,-12604.93,9458.5769,1.28,100.0,79.3
2745,-12617.39,10847.6936,1.21,100.0,79.1
2746,-12545.78,5731.9265,1.34,100.0,79.2
2747,-12565.93,3623.2214,1.36,100.0,79.3
2748,-12573.19,2032.7127,1.25,100.0,79.0
2749,-12812.71,8689.7065,1.39,100.0,79.1
2750,-12054.75,48439.4971,1.38,91.8,79.1
2751,-12026.81,40356.2549,1.22,100.0,79.1
2752,-12037.87,40457.7588,1.22,100.0,79.1
2753,-12815.2,11516.5835,1.19,100.0,79.1
2754,-12816.61,11781.7097,1.3,100.0,79.1
2755,-12809.05,9217.1809,1.34,100.0,79.7
2756,-12070.65,42475.3682,1.24,100.0,79.7
2757,-12037.04,44488.8096,1.23,100.0,79.7
2758,-12816.93,7965.2156,1.23,100.0,79.7
2759,-12827.8,8225.8085,1.28,100.0,79.7
2760,-12037.04,47182.1934,1.31,100.0,79.6
2761,-12919.37,13658.0125,1.24,100.0,79.6
2762,-12906.17,11605.5068,1.24,100.0,79.6
2763,-11998.03,54038.5762,1.23,100.0,78.8
2764,-11989.99,65398.0967,1.25,100.0,78.7
2765,-12011.7,43201.627,1.36,100.0,78.8
2766,-12034.44,42172.5645,1.28,100.0,79.0
2767,-12719.78,10368.2134,1.27,100.0,79.0
2768,-12595.21,2231.8078,1.26,100.0,79.1
2769,-12572.93,763.1537,1.23,100.0,79.2
2770,-12842.4,8211.5515,1.24,100.0,79.2
2771,-12634.74,2548.9622,1.24,100.0,79.1
2772,-12835.36,6399.9365,1.23,100.0,79.2
2773,-12039.34,55725.4932,1.24,100.0,79.2
2774,-12035.89,51629.166,1.22,100.0,79.2
2775,-12039.34,44108.1084,1.34,100.0,79.3
2776,-12016.52,36418.4902,1.36,95.9,78.5
2777,-12028.08,27571.6719,1.23,100.0,78.7
2778,-12662.65,21140.2124,1.31,100.0,78.8
2779,-12638.58,22170.9458,1.29,100.0,78.8
2780,-12528.46,12275.7974,1.23,100.0,78.7
2781,-12664.02,12260.0522,1.26,100.0,78.8
2782,-12657.38,6704.5037,1.21,100.0,78.8
2783,-12007.47,30314.9805,1.28,100.0,78.9
2784,-12811.9,14689.7393,1.55,100.0,79.6
2785,-12835.73,12795.8198,1.25,100.0,79.8
2786,-12842.19,10599.1458,1.23,100.0,79.6
2787,-11974.03,57691.793,1.23,100.0,79.6
2788,-11951.71,66158.0146,1.21,100.0,79.1
2789,-12868.51,7926.7668,1.25,100.0,79.2
2790,-12835.73,6731.8975,1.22,100.0,79.3
2791,-12563.47,2433.2426,1.27,100.0,79.3
2792,-12671.73,1364.6341,1.3,100.0,79.4
2793,-12671.53,1485.4169,1.32,100.0,79.4
2794,-12580.07,953.8001,1.37,99.4,79.2
2795,-12614.27,308.9847,1.4,100.0,79.2
2796,-12675.41,1549.0173,1.24,100.0,79.2
2797,-12816.87,7947.618,1.28,100.0,79.3
2798,-12896.6,9207.4797,1.21,100.0,79.0
2799,-12642.28,1654.7145,1.3,100.0,78.9
2800,-12650.37,1446.2906,1.36,100.0,79.0
2801,-12647.84,723.2084,1.29,100.0,79.0
2802,-12571.8,956.8555,1.25,100.0,79.0
2803,-12651.46,1075.182,1.23,100.0,79.0
2804,-12612.51,477.0289,1.22,100.0,79.0
2805,-12650.77,626.4698,1.29,100.0,79.0
2806,-12033.22,44205.6748,1.19,100.0,79.2
2807,-11974.48,44202.0605,1.28,100.0,79.2
2808,-12059.71,36183.6855,1.29,100.0,79.2
2809,-12055.37,29335.1255,1.28,100.0,79.3
2810,-12005.17,22130.3364,1.35,99.2,79.3
2811,-12546.82,13155.6697,1.48,93.8,79.0
2812,-12560.32,16045.271,1.24,100.0,79.1
2813,-12600.32,11950.6421,1.25,99.9,79.2
2814,-12609.73,7878.7343,1.25,100.0,79.2
2815,-12062.98,23712.4595,1.28,100.0,79.2
2816,-12779.06,20433.6255,1.31,100.0,79.0
2817,-11967.94,29587.8364,1.19,100.0,79.0
2818,-12790.29,18002.5786,1.22,100.0,79.1
2819,-12785.63,15580.1633,1.23,100.0,79.2
2820,-11978.66,35255.3594,1.27,100.0,79.1
2821,-11959.36,37510.1855,1.45,95.7,79.2
2822,-12788.17,14012.7864,1.32,99.6,78.6
2823,-12000.3,32891.9058,1.27,100.0,78.6
2824,-11944.21,31957.7324,1.27,100.0,78.7
2825,-11967.13,27846.7939,1.23,100.0,78.7
2826,-12059.16,20958.7451,1.27,100.0,78.8
2827,-12012.41,16298.5393,1.31,100.0,78.8
2828,-12763.32,49432.1299,1.2,100.0,78.9
2829,-12527.81,20696.6709,1.24,100.0,78.8
2830,-12591.22,19218.998,1.22,100.0,78.9
2831,-12040.7,12452.9912,1.31,100.0,78.9
2832,-12776.96,36537.2197,1.42,97.2,79.2
2833,-11983.4,13480.2852,1.2,100.0,79.3
2834,-11972.09,12843.4768,1.28,100.0,79.6
2835,-11983.09,10717.3767,1.28,100.0,79.6
2836,-12816.3,46769.3301,1.22,100.0,79.3
2837,-12019.34,6888.9799,1.28,100.0,79.5
2838,-12795.65,53971.2939,1.23,99.9,79.5
2839,-12830.09,52394.2666,1.23,100.0,79.6
2840,-12570.65,15071.5034,1.25,100.0,79.6
2841,-11924.85,13824.7454,1.22,100.0,79.5
2842,-12008.36,11590.0125,1.28,100.0,79.6
2843,-11971.78,10364.1497,1.24,100.0,79.7
2844,-12774.11,44102.7363,1.24,100.0,79.7
2845,-12529.68,14420.9907,1.29,100.0,79.8
2846,-12844.17,40670.0586,1.2,100.0,79.8
2847,-11972.09,11822.1731,1.3,100.0,79.8
2848,-12817.3,34487.1162,1.34,100.0,79.8
2849,-11981.83,13824.866,1.2,100.0,79.8
2850,-11983.71,13144.9351,1.37,100.0,79.9
2851,-11983.4,10870.8381,1.29,100.0,80.0
2852,-11973.83,8655.8003,1.24,100.0,80.0
2853,-12007.72,7137.1246,1.4,100.0,79.9
2854,-11993.36,5224.0056,1.35,100.0,80.1
2855,-12143.22,7956.1195,1.25,100.0,80.1
2856,-11962.43,1394.5728,1.31,100.0,80.2
2857,-12780.37,77181.5098,1.18,100.0,80.2
2858,-11948.74,1033.9895,1.23,100.0,79.8
2859,-11890.12,1151.7047,1.28,100.0,79.5
2860,-11710.77,7588.9375,1.19,100.0,79.6
2861,-11724.37,5029.0156,1.19,100.0,79.6
2862,-11733.06,2851.3455,1.23,100.0,79.7
2863,-11683.73,2653.3121,1.37,100.0,79.7
2864,-11922.1,9741.8318,1.39,94.0,79.8
2865,-11722.75,1437.7749,1.32,100.0,80.2
2866,-11694.36,618.0928,1.29,100.0,80.2
2867,-11704.65,404.8091,1.27,100.0,80.3
2868,-11691.38,338.6621,1.2,100.0,80.3
2869,-11674.5,111.1316,1.28,100.0,80.3
2870,-11639.57,301.4871,1.28,100.0,79.8
2871,-11707.49,592.4153,1.22,100.0,79.8
2872,-11726.42,394.8,1.25,100.0,79.8
2873,-11642.23,688.0358,1.2,100.0,79.9
2874,-11733.4,496.9702,1.28,100.0,80.0
2875,-11699.04,222.8891,1.41,95.3,80.1
2876,-11741.96,347.0314,1.28,100.0,80.0
2877,-11653.85,75.4969,1.27,100.0,79.4
2878,-11670.69,481.5163,1.25,100.0,79.5
2879,-11869.44,7635.8988,1.21,100.0,79.5
2880,-11698.79,405.8271,1.24,100.0,79.5
2881,-11660.51,356.1126,1.25,100.0,79.5
2882,-11689.68,150.4513,1.25,100.0,79.7
2883,-11672.59,54.6064,1.28,100.0,79.6
2884,-11669.64,26.3827,1.2,100.0,79.7
2885,-11690.29,411.6752,1.42,100.0,79.7
2886,-11720.77,259.2372,1.36,96.4,79.8
2887,-11725.07,135.2095,1.22,100.0,79.8
2888,-11678.82,241.3843,1.27,100.0,79.8
2889,-11693.92,197.2495,1.2,100.0,79.8
2890,-11670.69,89.6075,1.27,100.0,79.9
2891,-11699.3,152.8172,1.37,98.8,79.9
2892,-11676.31,48.6789,1.26,100.0,79.9
2893,-11701.38,51.3907,1.28,100.0,80.0
2894,-11686.96,24.6388,1.27,100.0,79.9
2895,-11664.0,51.2978,1.22,100.0,79.8
2896,-12500.04,85145.6367,1.27,100.0,79.9
2897,-12505.02,80877.6641,1.19,100.0,79.9
2898,-12682.33,85959.1172,1.24,100.0,80.0
2899,-12439.05,36581.4658,1.24,100.0,80.0
2900,-12448.3,29359.6719,1.26,100.0,80.0
2901,-12529.07,25707.502,1.38,97.0,79.3
2902,-12510.14,15250.1328,1.39,98.5,79.2
2903,-12493.15,9198.9786,1.32,100.0,79.1
2904,-12454.59,7930.5051,1.36,100.0,78.6
2905,-11945.26,33457.1807,1.44,95.2,78.4
2906,-11967.16,27745.4009,1.24,100.0,78.3
2907,-12447.15,4844.2202,1.25,100.0,78.2
2908,-12513.92,4812.12,1.28,100.0,78.3
2909,-12787.46,19274.2617,1.26,100.0,78.3
2910,-11944.42,30027.2007,1.28,100.0,78.3
2911,-11983.92,27959.0327,1.22,100.0,78.3
2912,-11985.33,25061.3584,1.2,100.0,78.3
2913,-11990.84,20289.6587,1.25,100.0,78.3
2914,-11953.98,17744.1316,1.26,100.0,78.4
2915,-11916.16,13361.5701,1.39,98.6,77.8
2916,-12439.9,16016.98,1.39,100.0,77.7
2917,-12440.19,16525.5591,1.33,100.0,77.8
2918,-12530.57,17329.6719,1.26,100.0,77.8
2919,-12324.31,12669.3518,1.19,100.0,77.7
2920,-12484.23,9182.8329,1.31,100.0,77.7
2921,-12499.02,7588.3884,1.31,97.9,77.6
2922,-12377.99,11748.4731,1.21,100.0,77.6
2923,-12474.88,5286.9432,1.25,100.0,77.7
2924,-12541.65,3988.0371,1.19,100.0,77.7
2925,-12461.73,2924.4328,1.27,100.0,77.6
2926,-12624.68,2242.8632,1.3,95.1,77.0
2927,-12500.18,1471.7323,1.25,100.0,77.0
2928,-12494.77,1085.6716,1.43,100.0,77.2
2929,-12786.45,10702.1052,1.26,100.0,77.2
2930,-12082.44,33894.9346,1.23,100.0,77.3
2931,-12034.96,35865.2949,1.33,100.0,77.3
2932,-12082.26,30550.7051,1.32,100.0,77.3
2933,-12132.43,25258.1143,1.29,100.0,77.2
2934,-12076.26,22119.6489,1.36,100.0,77.3
2935,-12076.8,21335.9292,1.26,98.1,77.4
2936,-12610.59,22092.7676,1.21,100.0,77.5
2937,-12647.87,19420.7002,1.29,100.0,77.4
2938,-12605.74,12477.3513,1.21,100.0,77.4
2939,-12557.83,5150.7003,1.36,100.0,77.5
2940,-12588.19,4651.8242,1.35,99.1,77.5
2941,-12629.57,2620.2381,1.21,100.0,77.5
2942,-12510.82,3057.7946,1.22,100.0,77.5
2943,-12326.7,11680.011,1.22,100.0,77.4
2944,-12539.97,1040.5237,1.24,100.0,77.4
2945,-12576.25,1046.2859,1.27,100.0,77.5
2946,-12552.08,825.242,1.19,100.0,77.5
2947,-12611.85,701.6055,1.28,100.0,77.6
2948,-12493.64,1243.673,1.27,100.0,77.7
2949,-12553.59,639.5474,1.34,100.0,77.6
2950,-12619.51,481.3093,1.51,92.6,77.9
2951,-12334.32,8572.9055,1.51,97.9,78.3
2952,-12393.85,7144.99,1.32,100.0,78.4
2953,-12887.56,13678.4485,1.29,100.0,78.3
2954,-13039.68,18882.0254,1.23,100.0,78.6
2955,-13032.11,14209.3157,1.23,100.0,78.5
2956,-12716.33,450.0644,1.26,100.0,78.6
2957,-12715.09,15323.0071,1.2,100.0,78.6
2958,-12641.59,17804.9028,1.29,100.0,78.7
2959,-12610.03,730.1803,1.22,100.0,78.6
2960,-12166.47,33329.5767,1.23,100.0,78.5
2961,-12750.2,3487.2333,1.32,99.1,78.7
2962,-12903.09,14484.5134,1.36,100.0,78.7
2963,-12961.12,13133.7427,1.34,100.0,78.9
2964,-11891.01,47785.8945,1.41,100.0,79.0
2965,-12164.3,33794.415,1.27,100.0,79.0
2966,-12652.03,12874.5942,1.25,100.0,79.0
2967,-12115.65,32119.8496,1.32,100.0,78.9
2968,-12150.46,28266.4536,1.22,100.0,78.9
2969,-12280.1,27889.4849,1.32,100.0,78.7
2970,-12167.99,22533.7207,1.33,98.9,78.8
2971,-11998.16,23982.5732,1.24,100.0,78.9
2972,-12020.98,23680.6616,1.25,100.0,79.0
2973,-11987.65,18903.4604,1.33,100.0,79.0
2974,-11884.75,13430.9675,1.34,100.0,79.0
2975,-12524.77,35525.2412,1.49,96.1,79.0
2976,-12717.96,67334.1582,1.47,97.7,78.9
2977,-12798.84,58378.2422,1.34,100.0,79.4
2978,-12528.97,19445.4775,1.41,100.0,79.5
2979,-12465.97,11322.4316,1.39,98.1,79.4
2980,-12538.87,9638.969,1.23,100.0,79.5
2981,-12540.47,7048.4089,1.26,100.0,79.6
2982,-12563.5,6405.6382,1.19,100.0,79.5
2983,-12486.07,5292.3837,1.25,100.0,79.6
2984,-12468.04,3293.5599,1.29,100.0,79.0
2985,-12757.81,12737.0913,1.21,100.0,79.1
2986,-12754.58,16772.3286,1.26,100.0,79.2
2987,-12794.39,14629.7712,1.21,100.0,79.1
2988,-12699.43,9314.7294,1.32,100.0,79.2
2989,-13008.36,16548.8979,1.43,98.3,79.3
2990,-13056.65,11314.9246,1.23,100.0,79.2
2991,-13020.84,8273.2207,1.21,100.0,79.3
2992,-12164.89,67315.1914,1.26,100.0,79.4
2993,-12225.29,60349.6074,1.28,100.0,79.2
2994,-12262.83,52594.4707,1.4,99.2,79.3
2995,-12187.8,47189.2246,1.39,99.7,79.5
2996,-12112.32,41815.1475,1.35,100.0,79.4
2997,-12172.2,38197.7139,1.28,100.0,79.5
2998,-12164.96,34422.6406,1.18,100.0,79.6
2999,-12675.72,19902.2212,1.29,100.0,79.5
3000,-12685.25,20338.2964,1.24,100.0,79.5
3001,-12661.42,16670.1077,1.18,100.0,79.5
3002,-12677.55,12546.551,1.23,100.0,79.5
3003,-12665.39,6922.5194,1.18,100.0,79.1
3004,-12953.42,15095.0322,1.32,99.8,79.0
3005,-12161.31,43425.4082,1.44,95.2,79.2
3006,-12140.14,45300.6426,1.3,100.0,79.3
3007,-12167.1,43463.0469,1.32,100.0,79.3
3008,-12150.69,39395.6377,1.31,100.0,79.4
3009,-12706.4,4623.0602,1.21,100.0,79.4
3010,-12711.86,4276.857,1.28,100.0,79.4
3011,-12633.35,2101.328,1.23,100.0,79.4
3012,-12713.48,3027.541,1.24,100.0,79.4
3013,-12722.22,2398.6119,1.29,100.0,79.6
3014,-12729.04,1961.1206,1.17,100.0,79.5
3015,-12664.94,769.2076,1.33,100.0,79.4
3016,-12691.33,892.3332,1.34,99.7,79.5
3017,-12644.51,647.3121,1.28,100.0,79.5
3018,-12769.37,1580.4279,1.32,100.0,79.6
3019,-12690.54,1014.6447,1.22,100.0,79.6
3020,-12741.45,1287.956,1.25,100.0,79.5
3021,-12748.77,1260.7151,1.32,98.6,79.6
3022,-12736.67,1117.9561,1.29,100.0,79.6
3023,-12836.0,972.6894,1.27,100.0,79.6
3024,-12705.06,825.0316,1.25,100.0,79.6
3025,-12752.52,893.4999,1.17,99.7,79.7
3026,-12757.94,360.6224,1.3,100.0,79.7
3027,-12721.3,361.1001,1.27,100.0,79.7
3028,-12724.0,287.9985,1.28,100.0,79.7
3029,-12716.93,230.702,1.25,100.0,79.7
3030,-12697.08,162.5228,1.18,99.6,79.7
3031,-12717.17,81.3484,1.27,100.0,79.8
3032,-12775.94,722.6144,1.3,100.0,79.8
3033,-12690.1,610.2591,1.27,100.0,79.9
3034,-12721.48,560.8789,1.33,100.0,79.9
3035,-12752.3,526.1238,1.18,100.0,79.4
3036,-12686.45,279.621,1.28,100.0,79.5
3037,-12727.0,334.4954,1.4,96.2,79.5
3038,-12685.74,195.0753,1.32,100.0,79.6
3039,-12716.19,311.5532,1.36,100.0,79.6
3040,-12689.16,164.3422,1.36,100.0,79.3
3041,-12681.82,90.0339,1.19,100.0,79.4
3042,-12698.16,90.5214,1.25,100.0,79.3
3043,-12680.86,431.976,1.25,100.0,79.2
3044,-12661.61,815.1316,1.23,100.0,79.2
3045,-12621.55,1449.2724,1.33,100.0,79.3
3046,-12617.44,559.0613,1.19,100.0,79.5
3047,-12606.87,411.2161,1.24,100.0,79.5
3048,-12686.13,452.0118,1.32,100.0,79.8
3049,-12670.23,278.3204,1.28,100.0,79.6
3050,-12657.75,268.2182,1.34,100.0,79.7
3051,-12657.67,152.138,1.42,98.8,79.9
3052,-12722.01,339.9201,1.19,100.0,79.9
3053,-12671.7,55.4403,1.22,100.0,80.0
3054,-12654.26,172.7102,1.29,100.0,80.0
3055,-12626.84,93.3988,1.23,100.0,79.5
3056,-12644.87,386.6318,1.29,100.0,79.7
3057,-12660.35,140.1708,1.32,97.9,79.8
3058,-12661.42,93.6635,1.24,100.0,79.9
3059,-12693.34,320.4933,1.23,100.0,79.9
3060,-12618.82,195.6127,1.22,100.0,79.9
3061,-12601.7,72.3657,1.31,100.0,79.9
3062,-12527.8,326.6334,1.45,94.0,80.0
3063,-12609.57,198.6958,1.23,100.0,79.9
3064,-12730.66,522.7475,1.24,100.0,80.0
3065,-12681.98,182.6367,1.19,100.0,80.0
3066,-12418.52,10307.4941,1.24,100.0,80.0
3067,-12426.37,7815.5444,1.32,100.0,80.1
3068,-13377.35,124663.6289,1.32,100.0,80.1
3069,-12734.91,2537.8682,1.29,100.0,80.2
3070,-12731.51,13901.4932,1.29,100.0,80.2
3071,-12685.81,834.0853,1.24,100.0,80.2
3072,-12479.15,6338.2567,1.35,99.4,80.1
3073,-12640.5,277.4822,1.4,100.0,80.2
3074,-12449.02,6809.3715,1.31,100.0,80.4
3075,-12634.88,849.6119,1.4,100.0,80.5
3076,-12688.8,2382.6603,1.36,98.8,80.6
3077,-12638.04,246.9231,1.23,100.0,80.4
3078,-12651.02,123.4911,1.25,100.0,80.5
3079,-12674.3,168.8856,1.2,100.0,80.5
3080,-12442.78,9853.4092,1.29,100.0,80.5
3081,-12668.84,13405.5544,1.33,100.0,80.9
3082,-12619.27,492.6721,1.21,100.0,81.0
3083,-12944.31,9200.5867,1.23,100.0,81.0
3084,-12749.86,11916.2253,1.23,100.0,81.0
3085,-12877.88,5262.6012,1.31,100.0,81.0
3086,-11936.88,64170.5107,1.27,100.0,80.5
3087,-11981.91,64988.6963,1.18,100.0,80.4
3088,-12121.43,47704.4043,1.22,100.0,80.4
3089,-12123.12,40711.4453,1.33,100.0,80.5
3090,-12378.74,4579.6616,1.35,100.0,80.6
3091,-12465.17,4531.212,1.44,92.2,80.8
3092,-12424.68,3274.4581,1.33,98.7,80.5
3093,-12706.67,4682.8004,1.32,100.0,80.6
3094,-12747.47,12864.1375,1.25,100.0,80.6
3095,-12715.73,11419.2908,1.18,100.0,80.5
3096,-12130.03,37434.165,1.27,100.0,80.6
3097,-12096.69,37167.7002,1.29,100.0,80.6
3098,-12191.17,34260.3545,1.22,100.0,80.5
3099,-12166.03,30265.3921,1.24,100.0,80.5
3100,-11979.16,29272.2754,1.2,100.0,80.5
3101,-12748.22,20624.2798,1.31,100.0,80.4
3102,-11939.9,23553.3423,1.39,96.7,80.7
3103,-12649.73,22565.7593,1.3,99.9,80.8
3104,-11946.09,19893.6704,1.31,100.0,81.0
3105,-12006.93,17130.5837,1.37,100.0,80.9
3106,-11901.65,12695.176,1.2,100.0,80.9
3107,-11928.73,8384.9423,1.23,100.0,81.0
3108,-12018.2,5933.6304,1.25,100.0,81.1
3109,-12005.88,4521.6432,1.27,100.0,80.6
3110,-11996.63,2898.2263,1.35,100.0,80.6
3111,-11942.89,2587.0358,1.21,100.0,80.7
3112,-11933.07,1618.755,1.24,100.0,80.6
3113,-11997.61,1866.9322,1.29,100.0,80.1
3114,-11932.15,640.3118,1.36,100.0,80.3
3115,-11967.14,596.0236,1.36,99.2,80.3
3116,-11952.82,305.0649,1.31,100.0,80.6
3117,-11943.85,180.8788,1.22,100.0,80.5
3118,-11976.21,356.5067,1.24,100.0,80.6
3119,-11834.37,525.7912,1.27,100.0,80.5
3120,-12221.04,11335.5552,1.28,100.0,80.3
3121,-11884.3,229.7178,1.26,100.0,80.6
3122,-11822.91,359.0685,1.2,100.0,80.5
3123,-11873.54,365.1734,1.24,100.0,80.5
3124,-12066.69,6342.8943,1.24,100.0,80.6
3125,-11856.16,1261.1624,1.31,100.0,80.5
3126,-11919.77,807.9476,1.41,99.5,80.5
3127,-11890.66,368.0886,1.32,99.3,80.6
3128,-12091.4,7382.4998,1.28,100.0,80.7
3129,-12093.58,4659.5655,1.26,100.0,80.7
3130,-12047.69,2104.6543,1.25,100.0,80.7
3131,-11868.88,4556.7465,1.27,100.0,80.8
3132,-11825.1,5383.176,1.22,100.0,80.8
3133,-11925.11,1527.3683,1.24,100.0,80.8
3134,-12159.36,3664.4879,1.23,100.0,80.9
3135,-12117.59,3548.0589,1.23,100.0,80.9
3136,-11885.19,1420.8545,1.28,100.0,80.6
3137,-11842.96,1360.2669,1.28,99.8,80.5
3138,-11814.0,1354.8497,1.23,100.0,80.6
3139,-12115.33,10430.6643,1.21,100.0,80.5
3140,-12129.11,10428.842,1.25,100.0,80.6
3141,-11848.66,165.3963,1.3,100.0,80.6
3142,-11908.06,488.1829,1.39,96.1,80.6
3143,-12130.11,6782.6097,1.41,98.9,80.7
3144,-12128.83,6301.7654,1.3,100.0,80.7
3145,-11856.45,1490.3371,1.37,100.0,80.7
3146,-11935.51,874.0419,1.2,99.5,80.7
3147,-11892.71,536.9249,1.23,100.0,80.7
3148,-11906.97,478.5779,1.27,100.0,80.7
3149,-11837.36,343.3801,1.26,100.0,80.6
3150,-11875.81,650.3169,1.3,100.0,80.6
3151,-11929.86,356.9196,1.2,100.0,80.3
3152,-11937.05,160.5691,1.22,100.0,80.3
3153,-12044.67,493.6005,1.29,100.0,80.3
3154,-11934.55,888.0811,1.24,100.0,80.4
3155,-11965.78,412.9458,1.28,100.0,80.5
3156,-11916.58,267.358,1.23,100.0,80.3
3157,-11948.59,683.3982,1.2,100.0,80.3
3158,-11942.78,230.5864,1.32,99.9,80.5
3159,-11922.1,205.1926,1.3,100.0,80.5
3160,-11947.63,180.1777,1.37,100.0,80.7
3161,-11922.1,80.5632,1.44,95.6,81.1
3162,-11900.04,58.2734,1.24,100.0,81.1
3163,-11935.27,30.1056,1.25,100.0,81.0
3164,-11865.21,493.6868,1.26,100.0,81.1
3165,-11920.22,476.13,1.26,100.0,81.1
3166,-11888.26,349.063,1.32,100.0,81.2
3167,-12084.68,5826.032,1.21,100.0,81.1
3168,-12072.22,4331.5043,1.23,100.0,81.1
3169,-11868.82,2280.1461,1.28,100.0,81.2
3170,-12108.2,4560.0497,1.29,100.0,81.2
3171,-12072.29,1806.1663,1.37,99.2,81.4
3172,-12068.99,796.1946,1.35,99.6,81.6
3173,-11861.72,5607.1742,1.3,100.0,81.5
3174,-11867.1,4793.2837,1.29,100.0,81.5
3175,-11860.06,3317.399,1.2,100.0,81.5
3176,-11865.26,2572.9562,1.27,100.0,81.5
3177,-12139.27,8993.9062,1.32,98.8,81.7
3178,-12144.45,7082.161,1.3,100.0,81.7
3179,-12122.19,3961.1666,1.28,100.0,81.6
3180,-12069.1,1039.7018,1.25,100.0,81.7
3181,-12074.44,718.4413,1.23,100.0,81.7
3182,-12056.64,616.2734,1.28,98.8,81.8
3183,-11856.96,4464.1619,1.3,100.0,81.9
3184,-12091.24,1848.1266,1.28,100.0,81.8
3185,-11864.94,2493.0164,1.22,100.0,81.8
3186,-12069.76,1591.177,1.18,100.0,81.9
3187,-11949.92,2267.8286,1.24,100.0,81.9
3188,-12125.09,1965.1064,1.33,100.0,81.9
3189,-11930.45,1911.0424,1.31,100.0,81.9
3190,-11870.89,1393.8574,1.34,100.0,81.9
3191,-12075.91,3021.4378,1.23,100.0,82.0
3192,-12077.84,2998.309,1.25,100.0,82.0
3193,-12072.4,1874.105,1.34,100.0,82.0
3194,-11858.61,2857.334,1.36,100.0,82.1
3195,-11862.3,3047.4654,1.35,100.0,82.0
3196,-11860.4,1857.126,1.45,99.5,82.2
3197,-11862.58,1007.8655,1.64,100.0,82.8
3198,-11797.93,1432.5104,1.27,100.0,82.8
3199,-11945.58,2321.299,1.22,100.0,82.9
3200,-12150.97,7587.3716,1.22,100.0,83.0
3201,-11913.36,659.5388,1.29,100.0,83.0
3202,-11871.43,798.6011,1.27,100.0,82.9
3203,-12113.54,4019.3202,1.28,100.0,82.9
3204,-11933.68,288.8972,1.21,100.0,82.9
3205,-11948.39,93.8365,1.23,100.0,83.0
3206,-12165.82,5504.2915,1.27,100.0,83.0
3207,-11919.62,343.8454,1.3,100.0,83.0
3208,-11948.39,250.2522,1.23,100.0,83.0
3209,-11909.9,120.8925,1.23,100.0,83.1
3210,-11979.19,188.1091,1.23,100.0,83.0
3211,-11969.77,75.1319,1.34,99.0,83.2
3212,-12106.12,9178.1709,1.34,98.2,82.4
3213,-12122.61,8147.3396,1.32,100.0,82.4
3214,-12115.72,5782.7885,1.33,100.0,82.5
3215,-12085.18,2508.8997,1.21,100.0,82.6
3216,-11816.62,6453.2338,1.23,100.0,82.5
3217,-11829.69,5735.0969,1.24,100.0,82.6
3218,-12086.17,2591.9791,1.31,100.0,81.6
3219,-12076.43,986.1485,1.29,100.0,81.7
3220,-12053.15,521.3036,1.23,100.0,80.8
3221,-11814.3,5941.2084,1.22,99.8,80.6
3222,-12025.14,343.975,1.2,100.0,80.5
3223,-11820.06,4884.1544,1.3,100.0,80.6
3224,-11852.69,3329.9338,1.29,99.8,80.6
3225,-11861.88,1809.8806,1.26,100.0,80.8
3226,-12045.02,4863.1527,1.35,100.0,80.9
3227,-12090.81,4665.6726,1.21,100.0,80.9
3228,-11811.61,2159.2204,1.31,100.0,81.0
3229,-11864.48,669.7152,1.27,99.6,80.8
3230,-11870.23,339.4444,1.24,100.0,80.8
3231,-11884.0,256.0012,1.29,100.0,80.8
3232,-12195.81,6301.0483,1.18,100.0,80.8
3233,-11888.04,1493.765,1.28,100.0,80.9
3234,-11953.71,509.6007,1.31,98.5,81.1
3235,-11889.91,110.9618,1.34,100.0,81.1
3236,-11875.57,127.5205,1.33,100.0,81.1
3237,-12247.22,9933.7549,1.49,99.7,81.1
3238,-11906.61,1064.4022,1.18,99.5,81.1
3239,-11936.59,433.2589,1.23,100.0,81.1
3240,-11968.66,610.2396,1.27,100.0,81.2
3241,-11892.17,105.6924,1.24,100.0,81.3
3242,-11926.19,188.6763,1.28,100.0,81.3
3243,-11914.61,533.0875,1.19,100.0,80.9
3244,-11915.15,377.3813,1.27,100.0,80.9
3245,-11875.14,376.3739,1.36,99.7,80.9
3246,-12090.81,6953.6399,1.28,99.7,80.9
3247,-11880.27,68.3863,1.39,100.0,81.1
3248,-11867.99,191.3213,1.35,99.8,81.2
3249,-12152.46,6003.5391,1.24,100.0,81.3
3250,-11904.79,758.7366,1.3,100.0,81.2
3251,-11894.44,1762.39,1.25,100.0,81.3
3252,-11938.07,737.4566,1.31,100.0,81.3
3253,-12100.85,6910.3262,1.29,100.0,81.3
3254,-11842.87,300.9113,1.18,100.0,81.3
3255,-11867.06,172.5229,1.22,100.0,81.4
3256,-11862.36,101.5687,1.23,100.0,81.5
3257,-11847.76,28.4732,1.29,100.0,81.4
3258,-11819.62,60.4453,1.35,99.9,81.7
3259,-12074.44,7374.0979,1.24,100.0,81.7
3260,-11827.49,41.1193,1.26,100.0,81.7
3261,-12060.68,6848.1138,1.27,100.0,81.8
3262,-12065.46,5481.0183,1.28,100.0,81.7
3263,-12067.84,3597.0428,1.32,100.0,81.8
3264,-11844.09,2527.9208,1.2,100.0,81.9
3265,-12075.23,2058.7178,1.24,100.0,81.8
3266,-12073.43,1643.1748,1.26,100.0,81.9
3267,-11868.85,4001.9778,1.22,100.0,81.9
3268,-11916.42,3526.8243,1.27,100.0,81.8
3269,-12064.63,1490.2328,1.27,100.0,81.9
3270,-12050.03,995.2746,1.24,100.0,82.0
3271,-11865.81,3410.6638,1.25,100.0,81.9
3272,-12049.66,625.7118,1.2,100.0,81.9
3273,-12121.44,1214.6097,1.27,100.0,82.0
3274,-11793.78,8089.4458,1.31,100.0,82.1
3275,-11810.31,7373.7804,1.23,100.0,82.1
3276,-11819.33,4503.4659,1.31,100.0,82.2
3277,-12054.28,773.0879,1.26,100.0,82.3
3278,-11839.32,2361.1152,1.28,100.0,82.3
3279,-11842.67,1643.2823,1.34,100.0,82.2
3280,-11846.1,1001.756,1.25,100.0,82.2
3281,-11838.92,691.1776,1.3,100.0,82.3
3282,-12060.15,5647.4395,1.32,100.0,82.4
3283,-11856.4,244.2238,1.21,100.0,82.5
3284,-11875.09,130.0393,1.23,100.0,82.5
3285,-12117.74,6382.9259,1.21,100.0,82.4
3286,-11849.52,89.1499,1.27,100.0,82.5
3287,-11854.75,81.9684,1.28,100.0,82.5
3288,-11872.61,55.9718,1.25,100.0,82.5
3289,-11914.35,379.485,1.22,100.0,82.6
3290,-11828.01,266.5106,1.23,100.0,82.8
3291,-11860.83,141.1041,1.23,100.0,82.7
3292,-11778.1,426.4192,1.35,100.0,82.6
3293,-11904.37,1024.7455,1.32,100.0,82.3
3294,-11858.75,471.6005,1.27,100.0,82.4
3295,-11847.29,90.9657,1.22,100.0,82.5
3296,-11800.21,689.6054,1.37,100.0,82.5
3297,-11880.41,514.7687,1.37,98.6,82.6
3298,-11910.81,480.6412,1.33,96.6,82.6
3299,-11900.07,350.6929,1.26,100.0,82.5
3300,-11776.8,631.9904,1.24,100.0,82.5
3301,-11829.91,329.6451,1.24,100.0,82.6
3302,-11844.07,165.4033,1.25,100.0,82.7
3303,-11933.11,1020.2593,1.26,100.0,82.7
3304,-11822.65,166.5759,1.3,100.0,82.8
3305,-11875.7,166.6572,1.24,100.0,82.8
3306,-11872.91,118.8429,1.24,100.0,82.8
3307,-11811.59,164.2593,1.27,100.0,82.9
3308,-11832.81,420.1737,1.24,100.0,82.8
3309,-11849.28,159.7751,1.32,100.0,82.9
3310,-11833.47,177.0383,1.19,100.0,82.9
3311,-11835.42,80.7277,1.24,100.0,82.7
3312,-12074.86,7190.6816,1.33,96.6,82.7
3313,-11886.49,88.7441,1.26,100.0,82.7
3314,-11852.98,137.9161,1.37,100.0,82.8
3315,-11856.25,91.4134,1.43,96.7,82.9
3316,-11849.43,109.8635,1.2,100.0,82.9
3317,-11872.92,83.4181,1.24,100.0,83.0
3318,-11798.71,496.8846,1.27,100.0,83.1
3319,-11858.25,160.8429,1.28,100.0,83.0
3320,-11860.83,66.5512,1.29,100.0,83.0
3321,-11801.8,460.4093,1.17,100.0,82.3
3322,-11900.45,123.6614,1.28,100.0,82.4
3323,-11800.77,472.6622,1.34,99.0,82.4
3324,-11817.71,225.9671,1.3,100.0,82.4
3325,-11877.42,460.2976,1.37,99.6,82.5
3326,-11858.57,218.3288,1.37,99.3,82.6
3327,-11867.5,101.6399,1.24,100.0,82.7
3328,-11879.54,60.9726,1.27,100.0,82.6
3329,-11794.64,427.122,1.22,100.0,82.6
3330,-11838.81,272.282,1.29,100.0,82.7
3331,-11807.78,74.349,1.33,99.0,82.9
3332,-11882.54,394.5837,1.23,100.0,82.4
3333,-11890.58,169.6363,1.29,100.0,82.4
3334,-11851.96,394.6982,1.24,100.0,82.4
3335,-11882.14,408.411,1.25,100.0,82.4
3336,-11839.73,295.7118,1.28,100.0,82.5
3337,-11879.54,600.2589,1.19,100.0,82.6
3338,-11803.86,238.9412,1.24,100.0,82.6
3339,-11816.74,128.6007,1.25,100.0,82.6
3340,-11792.93,144.1767,1.27,100.0,82.6
3341,-11865.41,229.9592,1.33,100.0,82.7
3342,-11918.07,418.4356,1.29,100.0,82.8
3343,-11788.17,813.6218,1.28,100.0,82.8
3344,-11813.8,643.3053,1.34,100.0,83.0
3345,-11791.18,274.1579,1.24,100.0,83.1
3346,-11874.12,543.2337,1.31,100.0,83.1
3347,-11981.26,1286.6868,1.18,100.0,82.9
3348,-12025.5,938.6958,1.22,100.0,82.9
3349,-11962.53,334.2352,1.33,100.0,82.9
3350,-12025.5,286.1316,1.25,100.0,83.1
3351,-11992.19,131.9449,1.25,100.0,83.1
3352,-12058.65,261.0488,1.32,100.0,83.1
3353,-12025.72,261.1675,1.27,100.0,83.3
3354,-12055.02,150.5424,1.26,100.0,83.0
3355,-12037.42,135.5965,1.23,100.0,83.1
3356,-12038.66,62.9824,1.21,100.0,83.2
3357,-11960.76,196.863,1.25,100.0,83.2
3358,-12033.18,537.8579,1.24,100.0,83.3
3359,-11919.97,571.6342,1.27,100.0,83.3
3360,-11978.55,277.7495,1.35,100.0,83.3
3361,-11916.6,356.1581,1.19,100.0,83.1
3362,-11946.07,324.9018,1.27,100.0,83.2
3363,-11894.54,86.25,1.31,100.0,83.1
3364,-12000.44,646.1098,1.23,100.0,83.2
3365,-12129.13,642.6499,1.29,100.0,83.3
3366,-12027.16,341.57,1.24,100.0,83.4
3367,-12078.95,185.4183,1.25,100.0,83.4
3368,-12064.94,76.7946,1.24,100.0,83.3
3369,-12039.85,49.8493,1.25,100.0,83.3
3370,-12129.03,354.0489,1.3,100.0,83.6
3371,-12070.05,189.7979,1.25,100.0,83.7
3372,-12080.62,233.9116,1.23,100.0,83.7
3373,-12044.33,142.5276,1.25,100.0,83.8
3374,-11953.46,166.3792,1.23,100.0,83.7
3375,-11972.38,57.6683,1.3,100.0,83.7
3376,-11936.87,173.5248,1.38,100.0,83.8
3377,-11939.4,74.0726,1.28,100.0,83.9
3378,-11984.24,185.516,1.28,100.0,83.9
3379,-11986.0,168.3045,1.27,100.0,83.8
3380,-11983.84,125.3712,1.23,100.0,83.3
3381,-11984.24,156.7775,1.33,100.0,83.0
3382,-11941.4,166.3898,1.35,99.0,83.1
3383,-11915.73,144.2193,1.32,100.0,83.2
3384,-11840.14,333.3073,1.37,100.0,83.2
3385,-11981.56,1181.904,1.27,100.0,83.2
3386,-11888.17,529.5649,1.19,100.0,83.2
3387,-11881.24,157.2713,1.3,100.0,83.2
3388,-11866.39,220.3198,1.25,100.0,83.0
3389,-11861.76,144.4495,1.23,100.0,82.9
3390,-11924.43,637.0453,1.22,100.0,82.8
3391,-11897.02,107.0983,1.23,100.0,82.8
3392,-11822.82,467.353,1.39,99.1,83.1
3393,-11812.15,217.7601,1.3,98.6,83.4
3394,-11815.1,120.9165,1.27,100.0,83.4
3395,-11862.38,345.7691,1.26,100.0,83.3
3396,-11835.59,44.1505,1.24,100.0,83.2
3397,-11814.6,68.3854,1.27,100.0,83.3
3398,-11830.66,36.9538,1.3,100.0,83.3
3399,-11887.06,223.4175,1.28,100.0,83.4
3400,-11927.43,282.2776,1.32,100.0,83.5
3401,-11920.81,443.5475,1.24,100.0,83.4
3402,-11900.7,234.4734,1.23,100.0,83.4
3403,-11875.66,158.25,1.3,100.0,83.3
3404,-11842.98,233.8998,1.34,100.0,83.4
3405,-11821.88,64.1852,1.27,100.0,83.5
3406,-11837.03,126.81,1.18,100.0,83.4
3407,-11961.81,442.0905,1.19,100.0,83.5
3408,-12030.12,520.249,1.26,100.0,83.6
3409,-11980.93,381.0528,1.3,100.0,83.6
3410,-12012.51,387.4944,1.34,99.5,83.6
3411,-11881.5,555.0846,1.36,100.0,83.7
3412,-11873.63,136.6634,1.31,100.0,83.7
3413,-11828.53,127.6311,1.22,100.0,83.8
3414,-11839.19,200.2156,1.27,100.0,83.8
3415,-11895.18,377.6215,1.36,100.0,83.7
3416,-11839.31,176.1372,1.29,100.0,83.9
3417,-11874.51,88.7493,1.22,100.0,83.8
3418,-11841.04,36.9618,1.23,100.0,83.8
3419,-11854.51,41.0593,1.24,100.0,83.8
3420,-11822.7,49.6445,1.31,100.0,83.7
3421,-11815.1,17.6943,1.24,100.0,83.9
3422,-11870.55,353.1763,1.26,100.0,83.9
3423,-11888.06,182.0985,1.29,100.0,83.9
3424,-11814.98,499.6299,1.23,100.0,83.9
3425,-11854.51,270.4876,1.27,100.0,84.0
3426,-11879.28,62.511,1.3,100.0,84.0
3427,-11881.24,100.5781,1.22,100.0,84.0
3428,-11909.88,48.8525,1.29,100.0,83.9
3429,-11886.43,66.6214,1.29,100.0,84.0
3430,-11783.46,511.3139,1.28,100.0,84.1
3431,-11856.51,759.4088,1.38,100.0,83.6
3432,-11868.56,340.5047,1.32,100.0,83.7
3433,-11863.1,134.7684,1.37,100.0,83.7
3434,-11822.03,232.6234,1.32,100.0,83.8
3435,-11895.6,162.1417,1.21,99.9,83.7
3436,-11870.23,110.2135,1.24,100.0,83.8
3437,-11882.28,94.8932,1.24,100.0,83.8
3438,-11842.91,219.2774,1.24,100.0,83.8
3439,-11837.66,292.6681,1.28,100.0,83.9
3440,-11905.97,503.3057,1.22,100.0,83.9
3441,-11798.74,334.0335,1.29,100.0,83.9
3442,-11774.81,307.4342,1.37,98.1,83.9
3443,-11874.86,245.1698,1.29,100.0,84.0
3444,-11858.46,77.8769,1.34,100.0,84.1
3445,-11830.49,85.577,1.3,99.6,84.0
3446,-11776.27,403.2972,1.24,100.0,84.1
3447,-11852.09,185.5647,1.26,100.0,84.1
3448,-11862.8,169.5772,1.25,100.0,84.1
3449,-11841.77,375.5811,1.26,100.0,84.1
3450,-11834.59,76.247,1.32,100.0,84.1
3451,-11871.9,115.1692,1.18,100.0,84.1
3452,-11910.16,228.7238,1.27,100.0,84.1
3453,-11903.45,198.343,1.33,100.0,84.1
3454,-11877.04,270.0504,1.27,100.0,84.1
3455,-11890.44,159.8197,1.34,99.3,84.1
3456,-11865.45,703.2692,1.25,100.0,84.2
3457,-12047.42,7878.0392,1.22,100.0,84.3
3458,-12019.85,6459.9075,1.23,100.0,84.3
3459,-11794.74,2106.3329,1.26,100.0,84.2
3460,-11819.89,1757.4691,1.29,100.0,84.3
3461,-12020.64,4248.8367,1.22,100.0,84.3
3462,-11792.2,1148.0172,1.22,100.0,84.3
3463,-11794.74,581.514,1.27,100.0,84.4
3464,-11820.07,419.6151,1.28,100.0,84.5
3465,-11834.08,424.7184,1.33,100.0,84.7
3466,-11817.87,128.5547,1.36,100.0,84.8
3467,-12028.78,5207.0201,1.21,100.0,84.6
3468,-11776.95,691.7212,1.25,100.0,84.6
3469,-12016.16,3951.5338,1.24,100.0,84.6
3470,-11803.16,883.5449,1.23,100.0,84.7
3471,-11995.23,3204.4305,1.27,100.0,84.7
3472,-11993.74,2663.8152,1.21,100.0,84.8
3473,-12061.99,3781.491,1.26,100.0,84.8
3474,-12042.68,1616.2113,1.26,100.0,84.8
3475,-12005.91,1775.4011,1.29,100.0,84.5
3476,-11844.11,4890.4126,1.3,100.0,84.7
3477,-12089.92,2187.7704,1.29,100.0,84.7
3478,-12094.12,2659.3046,1.21,100.0,84.7
3479,-11832.51,5207.5107,1.51,90.6,85.0
3480,-11857.08,4703.775,1.23,100.0,85.7
3481,-12063.71,833.3413,1.25,100.0,86.2
3482,-12026.16,723.9696,1.27,100.0,85.4
3483,-12043.61,460.3655,1.45,100.0,84.4
3484,-12041.07,296.2072,1.58,95.4,84.5
3485,-12038.56,129.383,1.54,100.0,84.6
3486,-12056.53,663.7473,1.46,100.0,84.7
3487,-12030.22,390.5134,1.61,100.0,84.6
3488,-11986.35,880.2812,1.66,95.6,84.7
3489,-11978.84,511.8008,1.3,100.0,84.7
3490,-11983.11,332.0516,1.31,100.0,84.7
3491,-11945.68,70.7007,1.23,100.0,84.8
3492,-11994.78,81.6327,1.23,100.0,84.9
3493,-11985.69,218.116,1.32,99.3,85.0
3494,-11962.8,103.3102,1.25,100.0,84.9
3495,-11983.02,273.6856,1.31,100.0,84.9
3496,-11986.02,142.6826,1.26,100.0,85.0
3497,-11957.48,246.1866,1.23,100.0,85.0
3498,-11991.97,305.7193,1.31,100.0,85.0
3499,-11962.75,97.4439,1.35,100.0,85.1
3500,-11999.81,328.1695,1.24,100.0,85.1
3501,-12046.77,531.1684,1.22,100.0,85.1
3502,-11994.83,228.3804,1.21,100.0,85.2
3503,-11964.66,266.4186,1.32,100.0,85.2
3504,-11962.8,59.0972,1.29,99.1,85.4
3505,-12000.0,259.5194,1.22,100.0,85.5
3506,-11952.84,44.8463,1.23,100.0,85.5
3507,-11961.12,23.0342,1.23,100.0,85.6
3508,-11991.97,407.965,1.3,100.0,85.6
3509,-12021.61,117.0902,1.32,99.4,85.7
3510,-11809.47,6554.2399,1.24,100.0,85.4
3511,-12041.07,91.7756,1.23,100.0,85.5
3512,-12046.83,63.3946,1.23,100.0,85.5
3513,-12006.88,71.1069,1.25,100.0,85.6
3514,-11958.34,111.3946,1.31,100.0,85.4
3515,-11945.68,73.4067,1.43,98.2,85.5
3516,-11824.33,5654.598,1.29,100.0,85.4
3517,-12029.7,813.2126,1.29,100.0,85.5
3518,-12012.12,460.7946,1.23,100.0,85.5
3519,-12035.08,157.1149,1.23,100.0,85.5
3520,-11971.09,629.9924,1.27,100.0,85.4
3521,-11965.71,397.0974,1.23,100.0,85.4
3522,-11983.33,248.752,1.25,100.0,85.3
3523,-11978.47,103.5095,1.25,100.0,85.4
3524,-11983.02,54.6548,1.26,100.0,85.4
3525,-11987.57,32.9592,1.4,98.4,85.5
3526,-11730.42,6807.158,1.37,97.9,85.4
3527,-12021.25,794.0063,1.29,100.0,85.5
3528,-11977.23,112.3814,1.34,100.0,85.4
3529,-11968.47,58.4836,1.21,100.0,85.5
3530,-11963.91,19.3178,1.26,100.0,85.4
3531,-11962.58,35.6613,1.32,100.0,85.3
3532,-11751.18,6401.592,1.22,100.0,85.4
3533,-12810.14,90400.082,1.24,100.0,85.4
3534,-12045.9,438.8973,1.26,100.0,85.4
3535,-12814.89,81245.3535,1.24,100.0,85.4
3536,-12843.6,72814.2988,1.33,97.9,85.4
3537,-12756.87,59905.3408,1.26,100.0,85.5
3538,-12008.83,12397.8047,1.31,100.0,85.5
3539,-12542.17,53533.5615,1.37,100.0,85.6
3540,-11775.28,40326.6426,1.22,100.0,85.6
3541,-11799.14,36572.5586,1.31,100.0,85.7
3542,-12513.45,47676.2139,1.74,100.0,85.2
3543,-11717.92,29308.8457,1.29,100.0,85.2
3544,-12539.54,45932.9385,1.31,100.0,85.3
3545,-12546.25,41073.7637,1.4,99.4,85.3
3546,-12532.62,30373.9995,1.36,100.0,85.5
3547,-11724.13,50414.3252,1.25,100.0,85.6
3548,-11774.33,44018.4131,1.27,100.0,85.6
3549,-11757.66,36840.0674,1.22,100.0,85.6
3550,-11749.17,27490.1016,1.31,100.0,85.6
3551,-12373.04,10594.5745,1.33,98.3,85.9
3552,-12379.76,12171.4919,1.2,100.0,85.9
3553,-12580.5,13238.7842,1.21,100.0,85.8
3554,-12586.61,22974.3623,1.24,100.0,85.9
3555,-11774.57,34863.0366,1.27,100.0,86.0
3556,-11783.81,34530.9092,1.33,99.5,86.2
3557,-11788.45,29791.2749,1.24,99.3,85.5
3558,-12551.7,23388.9526,1.24,100.0,85.5
3559,-11782.56,23122.7026,1.27,100.0,85.5
3560,-12586.31,26150.1816,1.26,100.0,85.6
3561,-12586.31,24402.8623,1.39,100.0,85.7
3562,-12327.46,4130.3594,1.39,99.7,85.7
3563,-11827.29,33027.6045,1.32,100.0,85.8
3564,-11809.26,33268.7988,1.27,100.0,85.8
3565,-11809.26,28922.4873,1.22,100.0,85.7
3566,-12581.46,20090.4009,1.25,100.0,85.7
3567,-12538.91,20602.8975,1.3,100.0,85.8
3568,-12522.92,17841.3872,1.2,100.0,85.9
3569,-12525.35,15372.8889,1.24,100.0,85.8
3570,-11767.52,43572.0176,1.23,100.0,85.1
3571,-11817.53,40437.2217,1.23,100.0,85.2
3572,-12594.0,11985.7288,1.28,100.0,85.2
3573,-11822.61,37492.7695,1.18,100.0,85.3
3574,-11771.79,37242.752,1.23,100.0,85.3
3575,-11752.15,32257.7983,1.24,100.0,85.4
3576,-11803.39,24143.2275,1.2,100.0,85.4
3577,-12020.71,22405.9502,1.29,100.0,85.5
3578,-11815.43,13629.6919,1.3,100.0,85.6
3579,-12589.52,43005.6064,1.23,100.0,85.6
3580,-12355.82,28079.3916,1.36,100.0,85.6
3581,-12521.07,30327.5942,1.36,100.0,85.7
3582,-12379.77,17546.0771,1.23,100.0,85.8
3583,-12328.54,12843.1138,1.3,100.0,85.9
3584,-12591.69,24702.0205,1.2,100.0,85.7
3585,-11891.81,23828.6685,1.31,100.0,85.8
3586,-11907.17,26862.8374,1.27,100.0,85.1
3587,-11912.69,23970.2686,1.22,100.0,85.1
3588,-11922.15,17304.9702,1.26,100.0,85.1
3589,-11801.86,15956.3254,1.24,100.0,85.2
3590,-12615.27,35696.0078,1.26,100.0,85.2
3591,-12350.49,10808.4268,1.35,100.0,85.3
3592,-12622.87,33690.5405,1.25,100.0,85.3
3593,-11833.65,14152.5703,1.24,100.0,85.3
3594,-11802.4,14728.729,1.3,100.0,85.3
3595,-11861.16,12050.3391,1.24,100.0,85.3
3596,-11799.6,9119.5232,1.36,100.0,85.4
3597,-12423.13,18919.8213,1.4,98.7,85.4
3598,-12537.77,27032.061,1.25,100.0,85.3
3599,-12375.32,15450.8274,1.24,100.0,85.4
3600,-12346.82,13897.1021,1.22,100.0,85.4
3601,-12357.75,10208.5315,1.35,100.0,85.4
3602,-12345.79,7235.1937,1.4,100.0,85.5
3603,-12361.72,5045.1882,1.29,100.0,85.6
3604,-11855.45,29599.0396,1.33,100.0,85.6
3605,-11849.22,28760.0415,1.21,99.8,85.7
3606,-11841.09,25262.5767,1.24,100.0,85.7
3607,-11834.33,20458.376,1.44,100.0,86.6
3608,-12069.43,17169.0471,1.31,100.0,86.7
3609,-11850.04,10475.1626,1.35,100.0,86.7
3610,-12340.48,16611.0229,1.38,100.0,86.6
3611,-12531.29,28254.7168,1.19,100.0,86.3
3612,-12391.76,17111.5178,1.26,100.0,86.3
3613,-12381.42,11427.425,1.26,100.0,86.4
3614,-12375.03,7042.2255,1.23,100.0,86.4
3615,-11811.97,19218.6025,1.25,100.0,86.5
3616,-11851.47,18887.2432,1.21,100.0,86.5
3617,-11869.3,18280.1211,1.27,100.0,86.5
3618,-12336.79,7132.7799,1.4,98.7,86.4
3619,-12362.62,7087.7678,1.3,100.0,86.3
3620,-12349.28,5200.5988,1.33,100.0,86.4
3621,-11799.6,21452.0903,1.38,99.9,86.1
3622,-11859.82,18637.6113,1.21,100.0,86.0
3623,-11805.63,18131.5205,1.25,100.0,86.0
3624,-11800.99,13740.2156,1.28,100.0,86.0
3625,-12359.72,9880.8623,1.24,100.0,86.1
3626,-12397.8,12868.5649,1.32,100.0,86.2
3627,-12340.48,9035.2217,1.21,100.0,86.3
3628,-12390.76,7071.2576,1.24,100.0,86.3
3629,-12567.92,22614.3506,1.31,100.0,86.3
3630,-11811.64,24085.4468,1.28,100.0,86.3
3631,-11794.36,25010.9502,1.34,100.0,86.1
3632,-11867.74,20767.0723,1.45,98.1,85.9
3633,-11816.19,18811.9688,1.3,100.0,86.0
3634,-11855.71,14192.8125,1.28,100.0,85.9
3635,-11851.68,11856.8428,1.25,100.0,85.9
3636,-11812.96,9921.5798,1.2,100.0,86.0
3637,-11825.34,9281.0657,1.27,100.0,86.0
3638,-11794.55,7948.6327,1.26,100.0,86.0
3639,-12344.86,24980.4385,1.23,100.0,86.0
3640,-12466.25,30652.9268,1.26,100.0,86.0
3641,-12380.09,21189.77,1.23,100.0,86.0
3642,-12368.39,13383.8433,1.28,100.0,85.7
3643,-11849.03,10067.2275,1.35,99.9,85.8
3644,-12053.16,13504.0928,1.24,100.0,85.9
3645,-11831.83,10530.8154,1.22,100.0,85.8
3646,-11825.33,8232.5443,1.23,100.0,85.6
3647,-12361.98,14761.2117,1.29,100.0,85.7
3648,-12341.52,15191.519,1.36,96.6,86.1
3649,-12326.25,13641.3516,1.29,100.0,86.1
3650,-12636.52,36305.2012,1.34,100.0,86.1
3651,-11868.86,12006.5881,1.29,100.0,86.1
3652,-11870.98,11416.748,1.21,100.0,86.2
3653,-11863.37,10721.9631,1.26,100.0,86.3
3654,-11847.53,9049.4482,1.25,100.0,86.3
3655,-11860.09,7206.2302,1.22,100.0,86.4
3656,-12688.09,58172.7939,1.23,100.0,86.3
3657,-11961.1,6762.5334,1.22,100.0,86.3
3658,-12651.39,58056.9795,1.28,100.0,86.4
3659,-12446.39,22597.4565,1.35,98.6,86.6
3660,-12708.36,49803.8242,1.24,100.0,86.6
3661,-11938.68,7119.9235,1.36,100.0,86.7
3662,-11959.99,7348.1642,1.27,100.0,86.5
3663,-11951.09,6333.2463,1.22,100.0,86.6
3664,-12435.91,16333.8713,1.27,100.0,86.7
3665,-12418.17,15369.8943,1.24,100.0,86.7
3666,-12432.59,12584.1995,1.31,100.0,86.8
3667,-12450.01,10603.4492,1.27,100.0,86.8
3668,-12417.62,8697.2847,1.18,100.0,86.3
3669,-12462.12,7932.3876,1.25,100.0,86.4
3670,-12470.67,6682.7137,1.32,100.0,86.6
3671,-12475.21,5506.9551,1.26,100.0,86.6
3672,-12525.01,4128.6209,1.27,100.0,86.5
3673,-12797.69,19313.2271,1.2,100.0,86.2
3674,-12066.28,24548.8018,1.2,100.0,86.2
3675,-12093.01,24471.7988,1.25,100.0,86.3
3676,-12090.3,21194.667,1.25,100.0,86.3
3677,-12050.6,17242.8301,1.29,100.0,86.4
3678,-12063.41,12343.1243,1.3,100.0,86.3
3679,-12772.94,38540.6328,1.22,100.0,86.4
3680,-12819.31,44023.6836,1.33,100.0,86.4
3681,-12020.45,9797.2986,1.36,100.0,85.9
3682,-12082.13,8557.4008,1.28,100.0,86.1
3683,-12065.91,7010.5551,1.37,100.0,86.0
3684,-12056.2,5487.6458,1.37,99.1,86.3
3685,-12073.15,3844.7339,1.22,100.0,86.5
3686,-12146.14,3754.1074,1.28,100.0,86.5
3687,-12058.21,1316.9733,1.23,100.0,86.5
3688,-12098.44,832.6699,1.3,100.0,86.5
3689,-12054.13,419.2224,1.29,100.0,86.4
3690,-12048.97,185.4493,1.21,100.0,86.5
3691,-12048.04,88.1561,1.23,100.0,86.6
3692,-12070.11,59.9937,1.25,100.0,86.7
3693,-12199.51,629.4909,1.26,100.0,86.6
3694,-12262.74,648.7452,1.34,100.0,86.6
3695,-12222.21,1005.5922,1.25,100.0,86.6
3696,-12154.07,860.8988,1.23,100.0,86.7
3697,-12159.78,512.1533,1.24,100.0,86.7
3698,-12170.07,549.3317,1.25,100.0,86.8
3699,-12109.76,440.4079,1.3,100.0,86.8
3700,-12117.47,254.5673,1.3,100.0,86.8
3701,-12208.71,577.0654,1.24,100.0,86.8
3702,-12116.76,171.1773,1.29,100.0,86.9
3703,-12090.14,156.0208,1.27,100.0,86.9
3704,-12092.58,122.2456,1.27,100.0,87.0
3705,-12055.5,73.4806,1.37,99.6,86.7
3706,-12144.75,753.6558,1.39,99.4,86.6
3707,-12186.13,331.0483,1.4,100.0,86.6
3708,-12121.87,181.5837,1.37,100.0,86.5
3709,-12163.68,217.4372,1.32,100.0,86.6
3710,-12280.02,333.8869,1.23,100.0,86.6
3711,-12287.27,251.8798,1.27,100.0,86.6
3712,-12250.14,385.6156,1.32,100.0,86.7
3713,-12223.84,152.96,1.24,100.0,86.7
3714,-12195.17,104.4372,1.22,100.0,86.8
3715,-12162.42,189.7333,1.2,100.0,86.6
3716,-12126.65,114.6744,1.3,100.0,86.7
3717,-12189.81,406.4972,1.31,99.8,87.0
3718,-12255.25,590.9385,1.3,100.0,87.0
3719,-12325.39,1732.3773,1.34,100.0,87.1
3720,-12325.39,1270.4265,1.28,100.0,87.1
3721,-12303.23,1110.6685,1.22,100.0,87.0
3722,-12261.85,1218.94,1.28,100.0,87.1
3723,-12154.31,623.5285,1.24,100.0,87.1
3724,-12180.24,306.4772,1.38,100.0,87.2
3725,-12131.1,205.1242,1.36,99.7,86.8
3726,-12289.64,1612.9585,1.25,100.0,86.8
3727,-12204.87,186.8668,1.25,100.0,86.7
3728,-12297.8,951.1328,1.29,100.0,86.9
3729,-12291.24,795.0446,1.2,100.0,86.9
3730,-12152.48,1102.6236,1.26,100.0,87.0
3731,-12131.79,841.9751,1.22,100.0,87.0
3732,-12173.42,416.0905,1.23,100.0,87.1
3733,-12092.79,648.7451,1.29,100.0,87.3
3734,-12213.0,750.2514,1.29,100.0,87.1
3735,-12193.92,192.2169,1.32,100.0,87.3
3736,-12296.19,973.2588,1.38,100.0,87.2
3737,-12264.95,729.462,1.19,100.0,87.1
3738,-12146.24,1287.4771,1.25,100.0,87.1
3739,-12020.79,1803.5454,1.33,100.0,87.2
3740,-11995.21,835.1481,1.3,100.0,87.3
3741,-11930.76,852.6353,1.41,99.8,87.4
3742,-11932.05,681.3519,1.31,100.0,87.3
3743,-11945.11,714.0816,1.25,100.0,87.3
3744,-11985.59,506.2427,1.29,100.0,87.3
3745,-11894.96,493.433,1.22,100.0,87.3
3746,-11981.62,143.2938,1.29,100.0,87.4
3747,-11961.04,183.7498,1.31,100.0,87.6
3748,-11856.21,311.1867,1.19,100.0,87.4
3749,-11884.0,318.0973,1.3,100.0,87.4
3750,-11872.52,99.3816,1.23,100.0,87.5
3751,-11785.11,301.2382,1.25,100.0,87.6
3752,-11761.62,162.5599,1.31,100.0,87.6
3753,-11815.06,484.7935,1.17,100.0,87.6
3754,-11791.5,338.2077,1.27,100.0,87.7
3755,-11731.09,180.7105,1.34,100.0,87.9
3756,-11791.34,120.4161,1.26,100.0,87.9
3757,-11728.76,182.8876,1.35,100.0,88.0
3758,-11731.3,101.4771,1.44,97.9,88.2
3759,-11777.25,312.064,1.2,100.0,88.1
3760,-11690.62,132.83,1.25,100.0,88.2
3761,-11771.26,302.5397,1.28,100.0,88.3
3762,-11776.78,148.7202,1.24,100.0,88.1
3763,-11813.67,123.349,1.35,100.0,88.1
3764,-11899.13,307.6903,1.37,100.0,88.0
3765,-11921.69,205.0149,1.27,100.0,88.1
3766,-11914.0,69.2137,1.32,100.0,88.2
3767,-11878.91,50.4267,1.23,100.0,88.2
3768,-11812.83,639.1924,1.24,100.0,88.3
3769,-11856.4,364.837,1.25,100.0,88.2
3770,-11856.57,107.2309,1.2,100.0,88.3
3771,-11859.41,103.6729,1.24,100.0,88.3
3772,-11866.61,48.8743,1.25,100.0,88.4
3773,-11728.13,710.0617,1.29,100.0,88.4
3774,-11724.76,552.9573,1.41,99.0,87.9
3775,-11749.49,373.4014,1.38,100.0,87.4
3776,-11792.79,793.2295,1.28,100.0,87.5
3777,-11731.22,202.5616,1.25,100.0,87.5
3778,-11734.43,195.1357,1.22,100.0,87.6
3779,-11855.47,821.4644,1.3,100.0,87.6
3780,-11875.98,356.7237,1.4,97.9,87.9
3781,-11858.55,360.5394,1.29,100.0,87.8
3782,-11808.48,632.4768,1.34,100.0,87.9
3783,-11852.94,253.29,1.27,100.0,87.9
3784,-11832.54,174.0498,1.19,100.0,87.9
3785,-11856.6,319.7351,1.27,100.0,88.0
3786,-11810.68,106.9706,1.25,100.0,88.0
3787,-11880.01,167.7958,1.25,100.0,88.1
3788,-11820.22,154.4043,1.23,100.0,88.1
3789,-11808.16,58.1631,1.18,100.0,88.0
3790,-11822.66,31.662,1.3,100.0,88.1
3791,-11797.98,18.1411,1.38,100.0,87.4
3792,-11805.94,23.0287,1.22,100.0,87.5
3793,-12905.35,115593.8867,1.23,100.0,87.5
3794,-12637.23,65289.6416,1.15,100.0,87.6
3795,-12473.12,40389.7725,1.28,100.0,87.7
3796,-12565.22,31655.3901,1.43,97.4,88.0
3797,-12647.52,19916.998,1.3,100.0,87.8
3798,-12599.05,14091.5142,1.36,100.0,88.0
3799,-12590.2,11042.0823,1.28,100.0,88.0
3800,-12626.95,8636.3307,1.19,100.0,87.9
3801,-12560.55,6406.259,1.28,100.0,88.0
3802,-12466.73,7686.4993,1.32,100.0,87.9
3803,-12535.97,4747.1512,1.33,100.0,88.0
3804,-12449.43,2887.7322,1.39,100.0,88.0
3805,-12505.23,1541.8837,1.3,100.0,88.1
3806,-12492.28,2348.4822,1.24,100.0,88.1
3807,-12452.88,1578.598,1.37,100.0,88.3
3808,-12466.79,1525.5928,1.2,100.0,88.2
3809,-12505.23,891.533,1.28,100.0,88.3
3810,-12566.71,707.4415,1.3,100.0,88.2
3811,-12463.38,3365.7424,1.21,100.0,88.2
3812,-12431.11,2342.402,1.24,100.0,88.3
3813,-12375.48,1301.7258,1.23,100.0,88.3
3814,-12372.65,589.6597,1.22,100.0,88.3
3815,-12477.81,1189.5348,1.27,100.0,88.4
3816,-12419.23,227.0683,1.17,100.0,88.4
3817,-12431.65,353.0698,1.25,100.0,88.4
3818,-12497.36,577.7985,1.36,100.0,88.5
3819,-12499.82,245.3381,1.25,100.0,88.1
3820,-12426.12,639.553,1.31,100.0,88.1
3821,-12430.88,319.1928,1.32,100.0,88.3
3822,-12460.89,311.1443,1.22,100.0,88.4
3823,-12502.94,600.9436,1.26,100.0,88.4
3824,-12399.94,678.6599,1.3,100.0,88.2
3825,-12431.65,529.8538,1.32,100.0,88.2
3826,-12527.0,966.7746,1.41,99.2,87.4
3827,-12425.14,106.3762,1.23,100.0,87.5
3828,-12461.61,103.5215,1.31,100.0,87.6
3829,-12383.93,286.1832,1.27,100.0,87.6
3830,-12412.71,81.6393,1.22,100.0,87.6
3831,-12391.32,526.3324,1.28,100.0,87.5
3832,-12413.75,351.2181,1.29,100.0,87.5
3833,-12461.91,547.1749,1.24,100.0,87.5
3834,-12568.99,1225.722,1.25,100.0,87.5
3835,-12504.03,261.8452,1.21,100.0,87.6
3836,-12384.18,904.5982,1.24,100.0,87.7
3837,-12424.59,397.555,1.26,100.0,87.7
3838,-12364.73,406.2099,1.17,100.0,87.7
3839,-12422.19,641.441,1.27,100.0,87.7
3840,-12407.23,246.2481,1.3,100.0,87.9
3841,-12431.68,392.9425,1.29,100.0,87.9
3842,-12439.54,193.0245,1.35,100.0,87.9
3843,-12439.37,99.3831,1.37,100.0,88.0
3844,-12439.54,97.7097,1.27,100.0,88.1
3845,-12438.29,37.7525,1.32,100.0,88.0
3846,-12504.11,742.5593,1.2,100.0,88.0
3847,-12376.08,1019.227,1.27,100.0,88.1
3848,-12490.68,3288.3503,1.36,100.0,88.1
3849,-12405.34,845.3176,1.29,100.0,88.1
3850,-12550.84,2166.6111,1.27,100.0,88.1
3851,-12465.38,751.5338,1.31,100.0,88.1
3852,-12550.71,1752.2484,1.21,100.0,88.2
3853,-12465.17,706.1281,1.25,100.0,88.2
3854,-12550.71,1341.3174,1.21,100.0,88.2
3855,-12540.41,978.6338,1.23,100.0,88.3
3856,-12480.38,1476.9175,1.29,100.0,88.4
3857,-12370.58,4618.9346,1.24,100.0,88.5
3858,-12452.1,3228.7255,1.3,100.0,88.3
3859,-12421.74,2157.1233,1.36,99.4,88.3
3860,-12364.68,2221.9034,1.23,100.0,88.3
3861,-12365.02,790.3374,1.25,100.0,88.3
3862,-12363.42,703.2852,1.31,100.0,88.4
3863,-12424.45,900.7103,1.22,100.0,88.4
3864,-12358.66,463.3766,1.3,100.0,88.5
3865,-12362.46,368.3989,1.25,100.0,88.5
3866,-12422.99,689.5713,1.29,100.0,88.5
3867,-12426.79,373.3767,1.45,99.2,88.7
3868,-12442.92,157.5795,1.41,100.0,88.9
3869,-12371.75,938.4483,1.34,100.0,89.0
3870,-12340.23,669.0194,1.39,100.0,89.1
3871,-12498.42,1306.3104,1.41,94.7,88.9
3872,-12536.35,1209.6582,1.21,100.0,88.9
3873,-12499.27,456.0433,1.23,100.0,89.0
3874,-12338.68,1880.0126,1.27,100.0,89.1
3875,-12349.86,1728.8744,1.26,100.0,89.1
3876,-12349.86,859.3377,1.33,100.0,89.0
3877,-12483.77,1400.9923,1.39,100.0,89.2
3878,-12405.73,577.4232,1.29,100.0,89.2
3879,-12402.11,227.8819,1.3,100.0,89.1
3880,-12421.21,179.8053,1.19,100.0,89.2
3881,-12349.86,618.0712,1.25,100.0,89.2
3882,-12345.8,392.0684,1.24,100.0,89.3
3883,-12422.45,1830.567,1.19,100.0,89.3
3884,-12429.19,904.7544,1.32,100.0,89.3
3885,-12321.56,514.6615,1.3,100.0,89.3
3886,-12415.99,400.3952,1.3,100.0,89.3
3887,-12390.36,298.6002,1.39,100.0,89.3
3888,-12402.25,322.8721,1.33,100.0,89.4
3889,-12390.36,223.8211,1.35,100.0,89.5
3890,-12325.17,518.0685,1.28,100.0,89.5
3891,-12321.8,218.5984,1.18,100.0,89.5
3892,-12331.69,160.365,1.29,100.0,89.5
3893,-12390.36,610.6609,1.37,100.0,89.5
3894,-12352.11,140.0758,1.25,100.0,89.5
3895,-12321.8,171.1605,1.27,100.0,89.6
3896,-12400.67,326.9952,1.27,99.7,89.4
3897,-12354.08,174.2656,1.18,100.0,89.3
3898,-12353.16,364.695,1.27,100.0,89.4
3899,-12288.43,518.3829,1.27,100.0,89.4
3900,-12300.17,173.4918,1.28,100.0,89.5
3901,-12289.0,87.9057,1.24,100.0,89.6
3902,-12382.63,766.0516,1.2,100.0,89.6
3903,-12361.82,385.8942,1.3,100.0,89.7
3904,-12451.09,1285.337,1.39,100.0,89.5
3905,-12349.66,565.5664,1.25,100.0,89.5
3906,-12430.03,252.2157,1.26,100.0,89.7
3907,-12412.97,182.3721,1.22,100.0,89.6
3908,-12379.46,257.521,1.3,100.0,89.6
3909,-12411.68,98.1393,1.37,98.6,89.8
3910,-12362.37,314.3288,1.29,100.0,89.8
3911,-12385.03,234.384,1.36,100.0,89.7
3912,-12341.34,231.3028,1.35,100.0,89.7
3913,-12403.43,146.554,1.31,98.3,88.7
3914,-12340.59,202.6187,1.21,100.0,88.7
3915,-12349.02,150.8865,1.24,100.0,88.8
3916,-12346.44,197.4665,1.24,100.0,88.8
3917,-12385.21,278.7453,1.26,100.0,88.8
3918,-12437.81,507.2029,1.19,100.0,88.8
3919,-12453.62,455.3745,1.23,100.0,88.8
3920,-12323.04,1083.7345,1.25,100.0,88.8
3921,-12412.29,182.869,1.25,100.0,88.8
3922,-12432.33,355.0626,1.29,100.0,88.9
3923,-12365.59,296.1997,1.39,100.0,88.9
3924,-12314.27,479.2087,1.22,100.0,88.8
3925,-12349.02,228.0485,1.27,100.0,88.9
3926,-12323.5,228.7486,1.29,100.0,89.0
3927,-12322.16,165.6266,1.31,100.0,88.6
3928,-12351.66,167.3662,1.36,100.0,88.6
3929,-12403.84,1240.0309,1.32,100.0,88.7
3930,-12559.88,6368.9187,1.23,100.0,88.8
3931,-12588.46,5053.2013,1.27,100.0,88.8
3932,-12554.5,4190.571,1.22,100.0,88.8
3933,-12589.7,3166.0331,1.28,100.0,88.9
3934,-12754.41,8638.6869,1.29,100.0,88.4
3935,-12754.41,6390.2871,1.21,100.0,88.5
3936,-12754.41,4109.4713,1.25,100.0,88.5
3937,-12626.69,5673.4288,1.22,100.0,88.6
3938,-12586.48,5548.0354,1.28,100.0,88.5
3939,-12519.04,4245.1263,1.4,98.8,88.2
3940,-12619.73,3597.7335,1.29,100.0,88.2
3941,-12816.66,4886.0582,1.28,100.0,88.1
3942,-12813.32,3950.5603,1.25,100.0,88.1
3943,-12769.79,2554.3576,1.2,100.0,88.1
3944,-12782.64,1615.7882,1.29,100.0,88.1
3945,-12550.65,5994.4619,1.31,100.0,88.1
3946,-12651.03,4651.3462,1.23,100.0,88.2
3947,-12547.5,4765.0509,1.26,100.0,88.2
3948,-12615.52,4144.7359,1.19,100.0,88.3
3949,-12819.89,5918.8384,1.3,100.0,88.2
3950,-12747.45,4185.0088,1.4,99.3,88.2
3951,-12816.66,3378.8022,1.29,100.0,88.1
3952,-12553.04,3250.3967,1.25,100.0,88.2
3953,-12551.85,3132.9501,1.22,100.0,88.3
3954,-12555.6,2215.1927,1.24,100.0,88.2
3955,-12546.92,1095.3467,1.4,100.0,88.5
3956,-12767.45,5986.0922,1.39,99.4,87.5
3957,-12864.87,6630.5828,1.27,100.0,87.6
3958,-12773.14,3810.881,1.31,100.0,87.6
3959,-12497.24,3902.9322,1.23,100.0,87.6
3960,-12498.69,3878.1077,1.23,100.0,87.6
3961,-12577.51,2744.2192,1.25,100.0,87.8
3962,-12543.6,1626.9116,1.24,100.0,87.8
3963,-12487.35,1123.4336,1.26,100.0,87.8
3964,-12546.83,1173.5338,1.26,100.0,87.8
3965,-12496.87,591.6663,1.21,100.0,87.8
3966,-12494.29,427.5656,1.33,100.0,87.8
3967,-12496.87,259.0279,1.33,100.0,87.8
3968,-12496.87,184.5448,1.25,100.0,88.0
3969,-12790.12,11235.9456,1.28,100.0,87.9
3970,-12848.22,8719.4543,1.22,100.0,87.2
3971,-12584.48,1985.4658,1.32,100.0,87.4
3972,-12584.48,2124.2427,1.47,85.4,87.7
3973,-12797.04,5538.6183,1.29,99.5,87.8
3974,-12560.91,1411.3172,1.33,100.0,88.0
3975,-12505.06,1452.9676,1.24,100.0,87.9
3976,-12552.8,946.9173,1.18,100.0,87.8
3977,-12549.71,747.2596,1.27,100.0,87.9
3978,-12442.76,218.9729,1.32,100.0,88.0
3979,-12550.02,701.6501,1.22,100.0,87.8
3980,-12534.56,347.7048,1.23,100.0,87.9
3981,-12503.26,145.2216,1.22,100.0,87.9
3982,-12602.92,828.394,1.24,100.0,88.0
3983,-12543.32,243.0928,1.28,100.0,88.0
3984,-12586.54,322.7238,1.2,100.0,88.1
3985,-12535.21,72.3217,1.28,100.0,88.2
3986,-12535.53,202.1616,1.28,100.0,88.2
3987,-12559.99,228.7718,1.29,100.0,88.1
3988,-12482.12,451.0938,1.28,100.0,87.8
3989,-12496.3,149.8206,1.2,100.0,87.9
3990,-12461.38,219.1837,1.25,100.0,87.8
3991,-12503.26,133.0863,1.36,100.0,87.8
3992,-12504.16,61.2483,1.25,100.0,87.9
3993,-12451.88,239.49,1.36,100.0,88.0
3994,-12486.17,431.6587,1.31,100.0,88.0
3995,-12753.24,10584.4788,1.18,100.0,87.9
3996,-12466.53,1503.815,1.25,100.0,88.0
3997,-12541.23,379.9814,1.23,100.0,88.0
3998,-12541.23,223.2264,1.23,100.0,88.0
3999,-12482.47,829.658,1.29,100.0,88.0
4000,-12578.31,315.5613,1.2,100.0,87.6
4001,-12524.41,174.4517,1.24,100.0,87.5
4002,-12554.53,125.2711,1.32,100.0,87.7
4003,-12547.57,51.1418,1.25,100.0,87.7
4004,-12547.57,40.8245,1.29,100.0,87.8
4005,-12435.79,1397.3574,1.21,100.0,87.8
4006,-12456.66,695.0485,1.23,100.0,87.8
4007,-12421.61,415.6362,1.36,89.0,88.2
4008,-12401.06,594.6407,1.38,99.8,88.3
4009,-12401.06,543.1857,1.35,100.0,88.3
4010,-12421.61,273.1726,1.4,100.0,88.4
4011,-12408.02,263.7712,1.41,98.1,88.4
4012,-12351.58,312.6694,1.21,100.0,88.4
4013,-12381.45,258.145,1.28,100.0,88.4
4014,-12381.45,133.9718,1.22,100.0,88.4
4015,-12358.58,66.2833,1.28,100.0,88.5
4016,-12660.25,8500.9424,1.64,100.0,89.5
4017,-12644.31,6340.7323,1.2,100.0,89.5
4018,-12471.1,1298.7738,1.23,100.0,89.5
4019,-12358.58,1908.5793,1.27,100.0,89.6
4020,-12358.58,1327.7926,1.25,100.0,89.6
4021,-12358.58,457.4222,1.3,100.0,89.7
4022,-12557.46,3862.6183,1.26,100.0,89.2
4023,-12475.71,2206.3467,1.22,100.0,89.2
4024,-12394.33,376.355,1.25,100.0,89.2
4025,-12349.07,202.0807,1.27,100.0,89.3
4026,-12499.93,2127.0745,1.29,100.0,88.3
4027,-12320.66,199.7118,1.6,100.0,88.2
4028,-12318.07,83.0684,1.49,99.6,87.7
4029,-12516.81,3725.0718,1.25,100.0,87.7
4030,-12356.13,306.6868,1.32,100.0,87.6
4031,-12320.66,227.5843,1.23,100.0,88.1
4032,-12320.66,112.7277,1.19,100.0,88.0
4033,-12433.17,2000.1981,1.27,100.0,87.8
4034,-12433.17,1466.9727,1.29,100.0,87.8
4035,-12320.66,226.1145,1.27,100.0,87.8
4036,-12334.59,288.4495,1.25,100.0,87.8
4037,-12320.66,55.5364,1.18,100.0,87.8
4038,-12430.59,1997.3211,1.27,100.0,87.4
4039,-12499.03,2356.4648,1.29,100.0,87.4
4040,-12438.43,601.1823,1.28,100.0,87.3
4041,-12570.13,6705.9254,1.33,100.0,87.9
4042,-12318.07,2633.1761,1.22,100.0,87.8
4043,-12321.29,2212.4204,1.27,100.0,87.9
4044,-12356.76,789.0128,1.35,100.0,87.7
4045,-12314.37,460.1572,1.22,100.0,87.6
4046,-12311.14,340.6999,1.27,100.0,87.7
4047,-12320.66,188.0548,1.22,100.0,87.6
4048,-12411.6,637.6717,1.29,100.0,87.6
4049,-12346.51,347.6429,1.36,99.9,87.5
4050,-12346.51,207.7913,1.3,100.0,87.6
4051,-12411.6,321.4651,1.32,100.0,87.7
4052,-12490.31,2264.7449,1.35,99.2,87.7
4053,-12382.09,147.5181,1.17,100.0,87.4
4054,-12362.6,132.2001,1.28,100.0,87.5
4055,-12410.85,248.4362,1.31,100.0,87.6
4056,-12337.23,150.4611,1.25,100.0,87.6
4057,-12329.66,66.5555,1.34,100.0,87.7
4058,-12347.14,46.7897,1.29,100.0,87.7
4059,-12346.51,38.7644,1.24,100.0,87.5
4060,-12376.12,528.469,1.31,100.0,87.6
4061,-12329.22,151.8524,1.26,100.0,87.7
4062,-12376.12,235.872,1.36,100.0,87.8
4063,-12346.51,336.5808,1.45,99.7,87.9
4064,-12346.51,276.4407,1.39,96.8,87.9
4065,-12376.12,212.1201,1.22,100.0,87.8
4066,-12490.31,2086.0891,1.22,100.0,87.8
4067,-12311.03,217.3391,1.23,100.0,87.8
4068,-12311.03,115.6503,1.39,100.0,88.0
4069,-12346.51,433.9261,1.44,88.7,88.1
4070,-12346.51,261.883,1.24,100.0,88.1
4071,-12311.03,255.2219,1.24,100.0,88.2
4072,-12311.03,143.5807,1.22,100.0,88.2
4073,-12311.03,42.2409,1.25,100.0,88.1
4074,-12437.43,1686.4916,1.38,100.0,87.6
4075,-12433.06,983.305,1.32,100.0,87.7
4076,-12376.12,457.8305,1.26,100.0,87.8
4077,-12311.03,669.7058,1.2,100.0,87.9
4078,-12311.03,275.9253,1.17,100.0,87.9
4079,-12311.03,159.0101,1.25,100.0,88.0
4080,-12317.96,136.564,1.26,100.0,88.0
4081,-12318.07,80.6225,1.25,100.0,87.9
4082,-12756.33,13086.0518,1.27,100.0,88.0
4083,-12689.57,9298.2595,1.26,100.0,88.0
4084,-12689.57,6480.1526,1.28,100.0,88.0
4085,-12497.35,2372.6226,1.35,99.3,88.1
4086,-12353.55,2456.4838,1.32,100.0,88.2
4087,-12382.09,978.0818,1.36,100.0,88.2
4088,-12422.82,321.5013,1.34,100.0,88.2
4089,-12350.96,707.2847,1.18,100.0,88.3
4090,-12310.27,430.2345,1.23,100.0,88.2
4091,-12311.03,288.936,1.27,100.0,88.2
4092,-12496.45,2689.6034,1.24,100.0,88.2
4093,-12430.59,1170.8322,1.23,100.0,88.3
4094,-12430.48,817.3212,1.18,100.0,88.3
4095,-12318.07,1078.6402,1.28,100.0,88.3
4096,-12318.07,636.675,1.41,99.0,88.5
4097,-12430.48,724.9143,1.28,100.0,88.6
4098,-12430.59,654.7698,1.32,100.0,88.6
4099,-12353.55,391.2281,1.27,100.0,88.7
4100,-12439.55,267.7898,1.2,100.0,88.8
4101,-12382.09,162.3197,1.31,100.0,88.8
4102,-12374.46,107.9408,1.28,100.0,88.8
4103,-12391.21,104.2883,1.26,100.0,88.8
4104,-12410.31,182.059,1.23,100.0,88.9
4105,-12402.68,149.1019,1.2,100.0,89.0
4106,-12403.97,94.7295,1.28,100.0,89.1
4107,-12382.09,78.8688,1.29,100.0,89.4
4108,-12402.94,278.8771,1.22,100.0,89.2
4109,-12409.56,121.7782,1.22,100.0,89.2
4110,-12374.61,232.2014,1.21,100.0,89.2
4111,-12381.98,162.3303,1.4,100.0,89.2
4112,-12383.38,88.3949,1.38,88.1,89.3
4113,-12366.53,44.3094,1.24,100.0,89.5
4114,-12394.0,125.003,1.24,100.0,89.5
4115,-12455.77,631.4795,1.21,100.0,89.5
4116,-12457.05,406.6133,1.25,100.0,89.5
4117,-12496.01,150.8507,1.29,99.7,89.5
4118,-12434.65,425.4195,1.19,100.0,89.5
4119,-12457.58,322.6405,1.22,100.0,89.5
4120,-12420.01,295.2009,1.24,100.0,89.5
4121,-12474.18,153.0259,1.25,100.0,89.6
4122,-12394.75,178.9048,1.32,97.6,89.6
4123,-12406.8,601.648,1.27,100.0,89.7
4124,-12394.75,77.3785,1.26,100.0,89.8
4125,-12394.75,34.8233,1.25,100.0,89.8
4126,-12394.75,18.9801,1.2,100.0,89.6
4127,-12363.12,363.2327,1.31,100.0,89.7
4128,-12394.75,103.7195,1.28,100.0,89.8
4129,-12411.0,137.1752,1.21,100.0,89.9
4130,-12394.75,86.2352,1.32,100.0,89.8
4131,-12428.83,495.6355,1.3,100.0,90.0
4132,-12458.17,483.0272,1.35,100.0,90.0
4133,-12493.12,481.3865,1.41,95.9,90.0
4134,-12366.53,414.4702,1.22,100.0,90.0
4135,-12396.03,426.3783,1.29,100.0,90.1
4136,-12366.53,147.6462,1.26,100.0,90.2
4137,-12330.29,139.3,1.23,100.0,90.0
4138,-12403.22,438.794,1.31,100.0,90.0
4139,-12407.0,771.2357,1.44,100.0,90.4
4140,-12372.86,463.7755,1.3,100.0,90.4
4141,-12500.7,717.6337,1.29,100.0,90.5
4142,-12337.35,922.5762,1.2,100.0,90.4
4143,-12366.53,255.4048,1.27,100.0,90.5
4144,-12330.29,265.1746,1.25,100.0,90.2
4145,-12330.29,196.9764,1.22,100.0,90.2
4146,-12427.55,825.3228,1.23,100.0,90.4
4147,-12371.57,287.4432,1.23,100.0,90.4
4148,-12363.12,265.9549,1.27,100.0,90.5
4149,-12436.28,417.6658,1.38,100.0,90.4
4150,-12365.24,288.4798,1.3,100.0,90.3
4151,-12363.12,118.4929,1.39,100.0,90.4
4152,-12329.73,361.9951,1.26,100.0,90.4
4153,-12365.24,199.0733,1.22,100.0,90.5
4154,-12366.53,131.4548,1.37,99.4,90.9
4155,-12427.55,463.4663,1.32,99.9,91.3
4156,-12371.57,311.3791,1.3,100.0,90.2
4157,-12300.51,1017.1802,1.21,100.0,90.4
4158,-12336.06,190.2645,1.19,100.0,90.3
4159,-12401.08,988.608,1.28,100.0,90.3
4160,-12374.46,379.625,1.27,99.5,90.1
4161,-12338.89,305.5362,1.2,100.0,90.1
4162,-12307.18,435.7273,1.2,100.0,89.9
4163,-12387.51,429.8716,1.22,100.0,90.0
4164,-12316.45,264.1028,1.28,100.0,90.0
4165,-12307.18,139.7072,1.47,98.1,90.1
4166,-12440.5,2042.3643,1.28,100.0,89.6
4167,-12392.41,516.8177,1.32,100.0,89.8
4168,-12514.82,2140.6298,1.27,100.0,89.7
4169,-12500.54,350.2713,1.23,100.0,89.6
4170,-12411.15,1329.1927,1.36,100.0,89.6
4171,-12330.88,1805.9414,1.44,100.0,89.7
4172,-12338.5,830.314,1.23,100.0,89.6
4173,-12338.5,451.9398,1.19,100.0,89.7
4174,-12338.5,346.2187,1.2,100.0,89.6
4175,-12354.44,169.3593,1.32,100.0,89.7
4176,-12370.13,413.692,1.48,96.7,89.9
4177,-12447.91,1104.3793,1.26,100.0,90.3
4178,-12791.37,7833.0924,1.29,100.0,90.3
4179,-12712.56,5955.4069,1.22,100.0,90.3
4180,-12717.05,4232.4978,1.21,100.0,90.3
4181,-12791.37,3218.0742,1.37,100.0,90.4
4182,-12717.05,2359.9108,1.37,98.6,90.1
4183,-12493.43,5922.6454,1.28,100.0,90.1
4184,-12500.49,5506.8167,1.25,100.0,90.1
4185,-12493.54,3726.7101,1.17,100.0,90.3
4186,-12500.49,1895.5157,1.28,100.0,90.0
4187,-12458.06,1677.4765,1.33,100.0,90.3
4188,-12340.32,1757.7086,1.25,100.0,90.3
4189,-12452.84,2030.0955,1.27,100.0,90.4
4190,-12340.32,696.8292,1.25,100.0,90.5
4191,-12490.04,3191.6501,1.32,100.0,90.6
4192,-12357.66,254.0969,1.46,98.3,90.7
4193,-12443.01,635.4578,1.58,100.0,91.0
4194,-12460.59,620.9862,1.25,100.0,91.0
4195,-12456.1,384.9842,1.23,100.0,91.0
4196,-12457.01,248.484,1.18,100.0,91.1
4197,-12443.01,215.6237,1.27,100.0,91.2
4198,-12443.01,145.663,1.27,98.4,91.3
4199,-12436.33,93.4867,1.2,100.0,91.3
4200,-12436.33,50.0892,1.22,100.0,91.2
4201,-12436.33,23.355,1.22,100.0,91.3
4202,-12378.58,319.3428,1.27,100.0,91.3
4203,-12400.33,370.6904,1.41,97.2,91.4
4204,-12443.01,134.5178,1.32,100.0,91.4
4205,-12484.57,267.1659,1.39,100.0,91.5
4206,-12484.57,137.361,1.26,100.0,91.1
4207,-12464.35,127.1685,1.22,100.0,91.1
4208,-12487.74,77.099,1.3,100.0,91.2
4209,-12480.09,35.2363,1.24,100.0,91.3
4210,-12464.35,51.8844,1.25,100.0,90.6
4211,-12480.34,141.5156,1.4,100.0,90.7
4212,-12446.49,146.8178,1.56,99.3,90.7
4213,-12446.49,78.8687,1.22,100.0,90.7
4214,-12489.66,152.024,1.2,100.0,90.7
4215,-12453.45,95.5171,1.25,100.0,90.8
4216,-12475.9,43.9884,1.29,100.0,90.7
4217,-12512.4,156.249,1.37,99.5,90.8
4218,-12532.93,131.009,1.51,97.5,90.9
4219,-12503.12,88.0782,1.23,100.0,90.8
4220,-12512.4,36.3207,1.27,100.0,90.8
4221,-12475.9,61.9762,1.2,100.0,90.7
4222,-12475.9,38.6936,1.27,100.0,90.7
4223,-12469.28,21.1583,1.37,98.8,90.9
4224,-12453.45,85.4674,1.24,100.0,90.8
4225,-12420.26,116.0033,1.29,100.0,90.9
4226,-12421.24,67.3652,1.28,100.0,91.2
4227,-12643.18,8236.636,1.26,100.0,91.2
4228,-12639.8,7241.7289,1.28,98.5,90.8
4229,-12665.63,6313.6676,1.27,100.0,90.8
4230,-12639.8,4888.3511,1.28,100.0,90.9
4231,-12664.65,4551.1665,1.33,100.0,90.9
4232,-12639.8,4025.3683,1.23,100.0,90.9
4233,-12644.71,3400.1692,1.47,100.0,91.0
4234,-12642.2,3105.5239,1.36,98.8,91.0
4235,-12664.65,2916.8841,1.2,100.0,90.9
4236,-12634.93,2216.3175,1.23,100.0,90.9
4237,-12664.69,2176.2353,1.21,100.0,91.1
4238,-12644.29,2057.9297,1.3,100.0,91.0
4239,-12690.49,1377.7802,1.39,95.3,91.0
4240,-12721.79,1744.6663,1.24,100.0,91.0
4241,-12658.03,2173.3476,1.26,100.0,91.0
4242,-12690.49,1276.2273,1.24,100.0,91.0
4243,-12694.94,1357.394,1.24,100.0,91.0
4244,-12690.49,977.8557,1.3,100.0,91.0
4245,-12660.05,1388.3051,1.39,100.0,91.0
4246,-12644.45,1178.5037,1.29,100.0,91.0
4247,-12697.88,1222.5332,1.4,100.0,91.1
4248,-12702.5,830.2557,1.24,100.0,91.2
4249,-12702.5,756.4846,1.24,100.0,91.1
4250,-12697.88,547.5117,1.33,100.0,91.1
4251,-12641.84,600.9011,1.21,100.0,91.1
4252,-12656.08,461.5599,1.3,100.0,91.1
4253,-12686.58,489.9563,1.36,100.0,91.2
4254,-12685.73,343.5491,1.25,100.0,91.2
4255,-12680.73,272.7601,1.27,100.0,91.3
4256,-12670.69,255.2035,1.33,100.0,91.2
4257,-12677.41,215.0059,1.28,100.0,91.1
4258,-12677.41,121.7666,1.32,100.0,90.6
4259,-12692.91,212.6599,1.19,100.0,90.7
4260,-12662.41,206.9043,1.26,100.0,90.7
4261,-12702.96,132.23,1.35,100.0,90.9
4262,-12680.73,170.4232,1.24,100.0,91.0
4263,-12613.92,204.6796,1.41,100.0,90.9
4264,-12680.73,221.3704,1.29,97.2,90.0
4265,-12658.28,175.2352,1.19,100.0,90.0
4266,-12634.45,151.3559,1.26,100.0,90.0
4267,-12627.77,116.7171,1.28,100.0,90.2
4268,-12591.47,75.1036,1.31,100.0,90.2
4269,-12595.55,83.8257,1.37,98.8,90.4
4270,-12595.55,26.8051,1.29,100.0,90.1
4271,-12595.55,14.9187,1.25,100.0,90.1
4272,-12519.31,561.9509,1.45,100.0,90.3
4273,-12614.15,214.4281,1.27,100.0,90.3
4274,-12516.32,415.4701,1.34,100.0,90.3
4275,-12516.32,293.7631,1.29,100.0,90.4
4276,-12477.86,292.7828,1.2,100.0,90.1
4277,-12589.67,960.6443,1.25,100.0,90.3
4278,-12600.44,790.6222,1.23,100.0,90.4
4279,-12541.54,315.3928,1.31,100.0,90.3
4280,-12490.47,399.3786,1.39,100.0,90.5
4281,-12538.55,394.3137,1.24,100.0,90.6
4282,-12541.54,215.6686,1.23,100.0,90.5
4283,-12570.44,507.4283,1.28,100.0,90.5
4284,-12563.82,422.7653,1.29,100.0,90.4
4285,-12726.2,3954.8719,1.37,100.0,90.6
4286,-12645.61,677.6025,1.46,99.6,90.8
4287,-12547.99,943.2604,1.22,100.0,90.9
4288,-12496.86,751.0818,1.27,100.0,90.9
4289,-12490.25,401.1586,1.2,100.0,90.9
4290,-12543.0,548.5625,1.27,100.0,90.8
4291,-12555.76,490.626,1.33,100.0,90.9
4292,-12586.8,570.414,1.2,100.0,91.0
4293,-12570.06,380.5125,1.31,100.0,91.1
4294,-12513.48,520.1584,1.32,100.0,91.1
4295,-12586.8,180.9862,1.21,100.0,91.0
4296,-12504.64,336.9909,1.25,100.0,91.0
4297,-12507.63,248.8414,1.24,100.0,91.0
4298,-12508.61,140.1774,1.35,100.0,91.1
4299,-12507.63,121.9683,1.33,98.0,91.5
4300,-12493.87,108.32,1.24,100.0,91.4
4301,-12586.8,474.2837,1.3,100.0,91.4
4302,-12591.7,315.3327,1.27,100.0,91.4
4303,-12585.82,223.7613,1.22,100.0,91.4
4304,-12531.06,649.1321,1.3,100.0,91.4
4305,-12586.8,190.7106,1.29,100.0,91.7
4306,-12508.61,309.6863,1.23,100.0,91.6
4307,-12508.61,169.5354,1.24,100.0,91.7
4308,-12586.8,626.9312,1.27,100.0,91.7
4309,-12591.67,465.3163,1.29,100.0,91.7
4310,-12491.88,389.2069,1.27,100.0,91.7
4311,-12586.8,225.4544,1.23,97.2,92.0
4312,-12543.98,668.3918,1.21,100.0,91.9
4313,-12485.26,229.2066,1.27,100.0,92.0
4314,-12508.61,234.2807,1.38,100.0,91.9
4315,-12507.63,139.6905,1.52,98.5,92.2
4316,-12501.02,105.7388,1.39,95.8,92.1
4317,-12586.8,541.3855,1.25,100.0,92.2
4318,-12571.04,446.058,1.26,100.0,92.1
4319,-12492.86,388.2569,1.21,100.0,92.2
4320,-12505.62,213.3412,1.27,100.0,92.1
4321,-12591.67,473.7186,1.38,100.0,91.8
4322,-12489.86,78.4919,1.21,100.0,91.8
4323,-12586.8,573.3337,1.26,100.0,91.8
4324,-12492.86,90.8743,1.25,100.0,91.7
4325,-12575.91,443.6983,1.23,100.0,91.6
4326,-12598.36,422.5949,1.27,100.0,91.6
4327,-12575.91,238.0117,1.19,100.0,91.7
4328,-12528.07,393.3539,1.27,100.0,91.8
4329,-12515.31,245.3186,1.32,100.0,91.9
4330,-12492.86,158.0166,1.23,100.0,91.8
4331,-12493.87,189.1328,1.33,100.0,91.8
4332,-12485.26,134.3842,1.48,94.6,91.9
4333,-12571.04,428.7938,1.21,100.0,91.9
4334,-12492.86,143.3338,1.28,100.0,92.0
4335,-12492.86,65.9935,1.19,100.0,92.0
4336,-12492.86,53.4853,1.34,100.0,91.9
4337,-12485.26,33.9602,1.43,93.7,92.1
4338,-12517.19,38.0561,1.25,100.0,92.2
4339,-12483.19,44.2941,1.26,100.0,92.2
4340,-12484.03,48.788,1.25,100.0,92.1
4341,-12577.97,602.4158,1.27,100.0,92.2
4342,-12504.66,230.4354,1.3,100.0,92.1
4343,-12488.91,218.2238,1.3,100.0,92.2
4344,-12494.79,79.9005,1.35,100.0,92.3
4345,-12561.24,1132.1267,1.32,100.0,92.3
4346,-12484.03,37.5824,1.18,100.0,92.0
4347,-12484.03,31.3312,1.28,100.0,92.1
4348,-12634.39,3275.5319,1.37,99.6,92.0
4349,-12576.99,527.3409,1.18,100.0,92.0
4350,-12499.79,261.7716,1.23,100.0,92.1
4351,-12562.22,223.108,1.27,100.0,92.2
4352,-12483.06,310.4467,1.26,100.0,92.3
4353,-12484.03,178.4602,1.36,100.0,92.4
4354,-12460.47,198.7655,1.26,100.0,92.3
4355,-12455.4,126.3778,1.36,100.0,92.4
4356,-12468.63,139.3566,1.41,100.0,92.4
4357,-12544.99,550.8174,1.25,100.0,92.5
4358,-12549.99,350.6664,1.26,100.0,92.5
4359,-12455.4,762.2542,1.34,100.0,92.7
4360,-12559.28,172.1211,1.27,100.0,92.0
4361,-12465.34,379.6454,1.26,100.0,92.1
4362,-12452.44,331.5479,1.22,100.0,92.2
4363,-12457.31,248.0401,1.3,100.0,92.3
4364,-12476.1,137.2563,1.42,99.6,92.5
4365,-12481.1,93.9831,1.26,100.0,92.7
4366,-12465.46,52.4251,1.24,100.0,92.2
4367,-12465.46,30.7897,1.26,100.0,92.1
4368,-12464.48,33.0515,1.21,100.0,92.1
4369,-12508.99,243.9948,1.34,100.0,92.1
4370,-12508.99,92.81,1.38,99.9,92.3
4371,-12410.34,778.7126,1.22,100.0,92.4
4372,-12475.36,325.91,1.19,100.0,92.3
4373,-12508.99,176.3928,1.22,100.0,92.3
4374,-12504.0,145.0058,1.28,100.0,92.3
4375,-12508.99,33.3904,1.54,93.3,92.6
4376,-12451.79,330.1943,1.52,100.0,92.6
4377,-12451.79,137.7576,1.46,100.0,92.7
4378,-12508.99,213.528,1.32,100.0,92.5
4379,-12508.99,177.2001,1.28,100.0,92.6
4380,-12508.99,83.6799,1.25,100.0,92.6
4381,-12451.79,296.0585,1.31,99.7,92.7
4382,-12447.82,225.5905,1.24,100.0,92.7
4383,-12508.01,192.0125,1.32,100.0,92.7
4384,-12508.99,105.744,1.28,100.0,92.6
4385,-12505.99,78.576,1.21,100.0,92.6
4386,-12467.53,287.7601,1.31,100.0,92.7
4387,-12409.36,346.3035,1.35,98.6,92.8
4388,-12505.01,407.9664,1.25,100.0,92.9
4389,-12487.12,306.6452,1.21,100.0,92.9
4390,-12466.55,153.3025,1.17,100.0,92.8
4391,-12466.55,80.0408,1.26,100.0,92.8
4392,-12409.36,237.4762,1.39,89.8,92.5
4393,-12508.01,569.2808,1.26,100.0,92.6
4394,-12465.52,101.1832,1.29,100.0,92.7
4395,-12462.52,76.2385,1.24,100.0,92.6
4396,-12412.06,250.2344,1.22,100.0,92.4
4397,-12394.41,211.668,1.46,100.0,92.6
4398,-12394.49,192.7911,1.44,98.2,92.7
4399,-12365.91,88.0627,1.24,100.0,92.8
4400,-12389.48,114.0259,1.28,100.0,92.8
4401,-12576.13,8293.6232,1.2,100.0,92.9
4402,-12435.7,194.4789,1.29,100.0,92.8
4403,-12646.42,7070.0223,1.31,100.0,92.8
4404,-12607.69,6377.4623,1.19,100.0,92.7
4405,-12581.53,5337.2908,1.23,100.0,92.8
4406,-12590.35,4681.6771,1.23,100.0,92.8
4407,-12581.53,4050.1903,1.27,100.0,92.9
4408,-12590.35,3323.2336,1.24,99.5,92.3
4409,-12590.35,2963.5111,1.32,100.0,92.4
4410,-12585.99,2862.2479,1.23,100.0,92.4
4411,-12590.42,2596.7911,1.23,100.0,92.5
4412,-12571.7,2371.4924,1.15,100.0,92.5
4413,-12625.33,2218.5391,1.25,100.0,92.4
4414,-12623.47,2006.1065,1.39,91.5,92.6
4415,-12630.06,1924.713,1.25,100.0,92.6
4416,-12621.24,1651.464,1.39,100.0,92.6
4417,-12659.97,1362.046,1.52,99.9,92.8
4418,-12701.43,1312.7065,1.19,100.0,92.7
4419,-12717.17,1220.1147,1.26,100.0,92.8
4420,-12758.62,976.1733,1.31,100.0,92.7
4421,-12753.64,734.4809,1.29,100.0,92.8
4422,-12479.13,7367.681,1.34,100.0,92.8
4423,-12758.62,1359.0552,1.24,100.0,92.8
4424,-12479.13,5622.917,1.22,100.0,92.9
4425,-12488.8,4606.2949,1.27,100.0,93.1
4426,-12488.8,3329.3045,1.24,100.0,93.0
4427,-12531.29,2807.7079,1.32,100.0,93.2
4428,-12530.26,2104.5542,1.33,100.0,93.2
4429,-12488.8,1786.9533,1.2,100.0,93.1
4430,-12437.68,1082.1643,1.31,100.0,93.2
4431,-12440.65,835.8532,1.34,99.2,93.3
4432,-12533.23,1394.2104,1.28,100.0,93.0
4433,-12491.78,740.5358,1.37,100.0,93.0
4434,-12434.59,411.3358,1.22,98.9,92.6
4435,-12434.59,216.8394,1.23,100.0,92.7
4436,-12413.97,176.5599,1.27,100.0,92.6
4437,-12386.69,268.2817,1.28,100.0,92.6
4438,-12391.12,93.472,1.42,100.0,92.7
4439,-12379.7,191.4352,1.54,96.6,92.6
4440,-12356.52,76.0879,1.21,98.6,92.1
4441,-12353.17,66.8074,1.22,100.0,92.1
4442,-12647.69,8681.376,1.25,100.0,92.1
4443,-12347.7,79.0111,1.21,100.0,92.1
4444,-12343.34,36.3215,1.3,100.0,92.1
4445,-12380.36,161.0482,1.26,100.0,92.2
4446,-12357.63,45.7306,1.23,100.0,92.2
4447,-12516.85,2769.6055,1.23,100.0,92.2
4448,-12590.35,6460.4149,1.2,100.0,92.2
4449,-12744.72,9577.7581,1.31,100.0,92.2
4450,-12581.53,4660.2407,1.33,100.0,92.0
4451,-12581.53,4279.3391,1.22,100.0,92.1
4452,-12799.73,6359.8071,1.32,100.0,92.2
4453,-12801.68,5026.3066,1.3,100.0,92.2
4454,-12801.68,3666.4498,1.3,100.0,92.2
4455,-12809.06,2671.3252,1.37,100.0,92.1
4456,-12807.11,2167.8355,1.5,99.0,92.1
4457,-12881.36,1991.339,1.24,100.0,92.2
4458,-12881.36,1668.5811,1.28,100.0,92.2
4459,-12883.31,1435.13,1.22,100.0,92.3
4460,-12883.31,1203.5287,1.28,100.0,92.2
4461,-12883.31,1035.1305,1.33,98.4,92.2
4462,-12883.31,885.7651,1.18,100.0,92.2
4463,-12919.0,856.7405,1.26,100.0,92.3
4464,-12907.96,495.0056,1.29,100.0,92.4
4465,-13062.94,2972.0198,1.25,100.0,92.4
4466,-13039.54,2947.5425,1.35,100.0,92.5
4467,-13039.54,2581.547,1.29,100.0,92.5
4468,-12701.32,6685.9749,1.28,100.0,92.4
4469,-12891.29,1548.2891,1.3,100.0,92.5
4470,-12716.87,5317.3403,1.3,100.0,92.6
4471,-12716.87,4372.5895,1.33,100.0,92.7
4472,-12853.82,2421.4124,1.35,100.0,92.6
4473,-12716.87,2585.0587,1.18,100.0,92.6
4474,-12891.29,1963.976,1.24,100.0,92.6
4475,-12908.22,1351.8813,1.24,100.0,92.6
4476,-12884.23,1118.2898,1.22,100.0,92.7
4477,-12884.23,989.2958,1.33,100.0,92.7
4478,-12899.18,841.6973,1.29,100.0,92.8
4479,-12884.23,576.8412,1.27,100.0,92.8
4480,-12891.29,404.1837,1.22,100.0,92.7
4481,-12891.29,282.1108,1.23,100.0,92.7
4482,-12891.29,211.3965,1.31,100.0,92.8
4483,-12891.29,166.4207,1.4,97.8,93.0
4484,-12883.31,213.8436,1.24,100.0,93.0
4485,-12886.28,176.1292,1.34,100.0,93.0
4486,-12873.25,114.335,1.22,100.0,92.9
4487,-12917.05,132.5392,1.25,100.0,92.9
4488,-12910.17,159.6281,1.31,100.0,93.0
4489,-12886.28,248.9996,1.23,100.0,93.0
4490,-12883.31,132.3363,1.26,100.0,93.1
4491,-12883.31,91.7137,1.23,100.0,92.9
4492,-12877.0,186.5337,1.2,100.0,92.9
4493,-12944.35,228.6924,1.26,100.0,92.8
4494,-12886.28,106.9242,1.17,100.0,92.8
4495,-12944.35,104.1888,1.3,100.0,92.9
4496,-12908.35,136.0999,1.36,100.0,93.0
4497,-12886.28,85.0515,1.26,100.0,93.1
4498,-12903.53,40.4324,1.34,100.0,93.0
4499,-12903.53,32.2652,1.29,100.0,93.0
4500,-12900.57,35.3053,1.24,100.0,92.9
4501,-12905.39,19.8253,1.3,100.0,93.1
4502,-12886.28,60.6729,1.32,99.9,93.0
4503,-12887.75,9.3386,1.24,100.0,93.1
4504,-12883.31,5.376,1.24,100.0,93.2
4505,-12716.87,4543.5171,1.22,100.0,93.0
4506,-12908.22,545.9973,1.3,100.0,93.1
4507,-12914.69,321.2348,1.3,95.4,92.7
4508,-12875.73,137.3238,1.18,100.0,92.7
4509,-12852.17,273.4589,1.21,100.0,92.8
4510,-12875.73,55.5505,1.3,100.0,92.9
4511,-12899.14,100.7243,1.35,100.0,92.9
4512,-12875.73,48.4004,1.41,93.4,93.0
4513,-12875.57,112.7095,1.42,97.5,92.9
4514,-12875.57,68.1331,1.31,100.0,93.0
4515,-12852.17,58.4456,1.23,100.0,93.0
4516,-13015.97,2842.9597,1.19,100.0,92.9
4517,-12875.57,76.5488,1.29,100.0,93.0
4518,-12875.57,53.5168,1.43,99.1,93.0
4519,-12891.12,57.1191,1.23,100.0,93.0
4520,-13015.97,2415.4295,1.27,100.0,93.1
4521,-12852.17,486.0738,1.22,100.0,93.1
4522,-12852.17,305.1953,1.26,100.0,93.0
4523,-12666.06,5269.6696,1.31,100.0,93.1
4524,-12864.26,592.1381,1.3,100.0,93.1
4525,-12886.61,1148.3607,1.26,100.0,93.2
4526,-12693.31,3257.9729,1.27,100.0,93.2
4527,-12891.12,616.1585,1.25,100.0,93.2
4528,-12843.93,282.3982,1.38,100.0,93.3
4529,-13007.74,2303.8815,1.36,99.4,93.5
4530,-12852.17,650.4867,1.22,100.0,93.6
4531,-12847.27,637.2536,1.27,100.0,93.7
4532,-12871.06,187.7774,1.19,100.0,93.5
4533,-12871.06,143.2945,1.29,100.0,93.6
4534,-12884.66,109.0145,1.4,97.5,93.8
4535,-12693.31,5288.2072,1.33,100.0,94.0
4536,-12845.32,126.7013,1.3,100.0,94.1
4537,-12835.96,89.0026,1.31,100.0,94.1
4538,-12820.33,85.7896,1.19,100.0,94.0
4539,-12886.61,216.6354,1.35,100.0,94.1
4540,-12835.96,313.9872,1.5,99.4,94.1
4541,-12862.82,82.1042,1.32,100.0,94.1
4542,-12835.96,54.7731,1.3,100.0,94.2
4543,-12835.96,74.1385,1.25,100.0,94.2
4544,-12838.92,47.3678,1.24,100.0,94.2
4545,-12858.03,47.0497,1.24,100.0,94.2
4546,-12836.97,21.7914,1.24,100.0,94.2
4547,-12653.97,4792.5427,1.25,100.0,94.3
4548,-12669.52,4123.3684,1.25,100.0,94.4
4549,-12860.87,819.2382,1.24,100.0,94.4
4550,-12862.82,599.5076,1.26,100.0,94.2
4551,-12653.97,3736.7081,1.3,100.0,94.2
4552,-12884.27,351.3898,1.23,100.0,94.1
4553,-12845.32,105.413,1.33,100.0,94.3
4554,-12843.93,38.8625,1.4,99.2,94.4
4555,-12867.34,86.8624,1.21,100.0,94.4
4556,-12669.52,4642.1947,1.29,100.0,94.5
4557,-12843.93,58.3349,1.2,100.0,94.4
4558,-12860.87,54.5491,1.24,100.0,94.3
4559,-12884.27,42.5665,1.33,99.8,94.3
4560,-12828.38,57.1484,1.27,100.0,94.3
4561,-12677.76,4077.344,1.29,100.0,94.4
4562,-12867.72,634.147,1.25,100.0,94.4
4563,-12852.17,424.2752,1.24,100.0,94.5
4564,-12828.38,81.7275,1.34,100.0,94.8
4565,-12843.93,70.2357,1.32,100.0,94.8
4566,-12828.38,35.8672,1.27,100.0,94.8
4567,-12669.52,3949.2743,1.26,100.0,94.3
4568,-12847.27,415.6246,1.36,100.0,94.3
4569,-12862.82,374.1477,1.33,100.0,93.8
4570,-12828.38,51.6455,1.45,98.3,93.3
4571,-12828.38,72.0234,1.48,96.6,93.8
4572,-12865.78,41.5941,1.22,100.0,93.8
4573,-12847.27,22.0634,1.2,100.0,93.8
4574,-12707.5,4527.5004,1.2,100.0,93.8
4575,-12689.0,3847.9133,1.3,100.0,93.8
4576,-12860.87,1089.0388,1.26,99.7,93.8
4577,-12704.55,2913.8221,1.2,100.0,93.7
4578,-12669.52,2455.5387,1.22,100.0,93.7
4579,-12843.93,1933.5858,1.25,100.0,93.8
4580,-12843.93,1466.5483,1.29,100.0,93.8
4581,-12828.38,598.5532,1.52,100.0,93.8
4582,-12843.93,355.0203,1.46,99.9,93.7
4583,-12828.38,385.5063,1.28,100.0,94.0
4584,-12828.38,212.1442,1.22,100.0,93.9
4585,-12677.37,3354.2233,1.19,100.0,94.0
4586,-12828.38,821.0212,1.24,100.0,93.9
4587,-12653.97,2429.9327,1.31,100.0,94.1
4588,-12828.38,1250.8883,1.21,100.0,94.1
4589,-12828.38,860.5794,1.26,100.0,94.1
4590,-12828.38,323.8377,1.29,100.0,94.2
4591,-12828.38,234.1205,1.25,100.0,94.1
4592,-12828.38,194.3902,1.37,100.0,94.1
4593,-12828.38,90.0911,1.36,100.0,94.5
4594,-12992.18,3158.4374,1.24,100.0,94.4
4595,-12828.38,47.9448,1.2,100.0,94.4
4596,-12828.38,29.3243,1.23,100.0,94.3
4597,-12677.37,4214.8346,1.27,100.0,94.3
4598,-12852.17,591.797,1.3,97.3,94.6
4599,-12817.77,3390.9953,1.19,100.0,94.6
4600,-12828.38,365.7698,1.19,100.0,94.5
4601,-12851.78,235.6221,1.32,100.0,94.6
4602,-12828.38,132.1393,1.36,100.0,94.6
4603,-12828.38,86.8055,1.42,92.4,94.8
4604,-12653.97,3966.0271,1.32,99.6,94.8
4605,-12653.97,2916.8576,1.31,100.0,94.9
4606,-12653.97,2305.325,1.23,100.0,94.8
4607,-12669.52,1931.5196,1.19,100.0,94.8
4608,-12653.97,1363.7122,1.31,100.0,94.9
4609,-12828.38,2067.9758,1.38,99.4,95.5
4610,-12843.93,1477.2398,1.2,100.0,95.4
4611,-12658.53,2237.5049,1.22,100.0,95.5
4612,-12828.38,873.3625,1.43,100.0,94.3
4613,-12836.88,659.9019,1.21,100.0,94.4
4614,-12860.29,495.329,1.25,100.0,94.4
4615,-12860.29,304.8626,1.31,100.0,94.5
4616,-12662.47,3826.2256,1.22,100.0,94.5
4617,-12662.47,3111.7333,1.24,100.0,94.5
4618,-12662.47,2408.6049,1.21,100.0,94.4
4619,-12662.47,1999.0018,1.2,100.0,94.4
4620,-12653.97,1482.3054,1.29,100.0,94.2
4621,-12860.29,2935.9521,1.4,100.0,94.1
4622,-12709.66,1202.6353,1.46,100.0,94.4
4623,-12860.29,1700.7769,1.41,98.5,94.1
4624,-12836.88,1113.9809,1.25,99.8,93.8
4625,-12836.88,768.2243,1.23,100.0,93.9
4626,-12860.29,625.8464,1.27,100.0,93.9
4627,-12836.88,461.9487,1.22,100.0,93.9
4628,-12836.88,352.5295,1.36,100.0,94.0
4629,-12665.42,3172.5321,1.4,98.1,94.0
4630,-12662.47,2672.3602,1.21,100.0,94.0
4631,-12669.52,2063.4394,1.27,100.0,93.8
4632,-12662.47,1603.4373,1.22,100.0,93.8
4633,-12653.97,1305.4537,1.23,100.0,93.8
4634,-12836.88,3451.7839,1.3,100.0,93.9
4635,-12843.93,2063.1733,1.22,100.0,93.9
4636,-12887.39,1569.2584,1.25,100.0,93.9
4637,-12871.92,783.9115,1.28,100.0,94.0
4638,-12836.88,848.0554,1.26,100.0,94.0
4639,-12863.41,786.1928,1.31,100.0,94.0
4640,-12843.93,481.3002,1.31,99.5,94.2
4641,-12689.0,2541.7217,1.22,100.0,94.2
4642,-12669.52,1733.1483,1.29,100.0,94.0
4643,-12743.51,2176.0184,1.28,100.0,94.1
4644,-12669.52,1243.6108,1.32,100.0,94.1
4645,-12669.52,991.7484,1.43,97.0,94.2
4646,-12704.55,901.1209,1.45,97.4,94.3
4647,-12828.38,2222.715,1.32,100.0,94.4
4648,-12843.93,1871.8782,1.23,100.0,94.2
4649,-12836.88,1447.2231,1.18,100.0,94.3
4650,-12863.83,1140.0977,1.27,100.0,94.3
4651,-12704.55,3434.5553,1.3,99.0,94.4
4652,-12669.52,3086.5198,1.2,100.0,94.4
4653,-12658.4,2028.7311,1.22,100.0,94.6
4654,-12867.25,1903.2213,1.23,100.0,94.5
4655,-12658.4,984.09,1.3,100.0,94.5
4656,-12653.97,776.5866,1.36,97.6,94.3
4657,-12836.88,3940.2896,1.35,100.0,94.4
4658,-12852.35,3607.9642,1.26,100.0,94.4
4659,-12836.88,2198.2037,1.36,100.0,94.6
4660,-12836.88,1193.614,1.21,99.6,94.5
4661,-12836.88,895.5911,1.22,100.0,94.5
4662,-12836.88,849.3834,1.31,100.0,94.4
4663,-12836.88,628.3227,1.3,100.0,94.5
4664,-12836.88,494.7632,1.32,100.0,94.5
4665,-12836.88,426.201,1.29,100.0,94.6
4666,-12836.88,312.0749,1.18,100.0,94.6
4667,-12836.88,232.1349,1.37,100.0,94.6
4668,-12662.47,3708.0122,1.33,100.0,94.7
4669,-12653.97,3090.9894,1.26,100.0,94.7
4670,-12828.38,1098.3431,1.3,100.0,94.8
4671,-12669.52,2063.7688,1.17,100.0,94.9
4672,-12669.52,1708.7094,1.3,100.0,94.8
4673,-12677.94,1425.8536,1.36,100.0,94.9
4674,-12839.83,2462.7083,1.28,100.0,95.0
4675,-12836.88,1514.5993,1.28,100.0,94.8
4676,-12836.88,770.4984,1.16,100.0,94.9
4677,-12836.88,578.6145,1.18,100.0,95.0
4678,-12852.35,459.8519,1.33,98.3,94.9
4679,-12871.92,423.9466,1.35,100.0,94.9
4680,-12839.83,279.7006,1.29,100.0,94.9
4681,-12831.32,293.9125,1.3,100.0,95.0
4682,-12662.47,3157.8522,1.2,100.0,95.0
4683,-12653.97,2552.4354,1.28,100.0,95.1
4684,-12653.97,1838.3591,1.35,100.0,95.1
4685,-12653.97,1553.827,1.24,100.0,95.1
4686,-12836.88,3979.9448,1.35,100.0,95.1
4687,-12836.88,3276.8619,1.4,97.7,95.3
4688,-12836.88,1930.0683,1.17,100.0,95.2
4689,-12860.67,991.2278,1.23,100.0,95.2
4690,-12839.83,448.5466,1.23,100.0,95.2
4691,-12836.88,499.6913,1.26,100.0,95.2
4692,-12836.88,336.4138,1.34,100.0,95.1
4693,-12836.88,215.878,1.21,99.9,94.9
4694,-12836.88,220.593,1.26,100.0,94.9
4695,-12662.47,3514.7717,1.39,100.0,95.0
4696,-12665.42,3159.8856,1.25,100.0,94.9
4697,-12828.38,473.3856,1.32,100.0,95.0
4698,-12669.52,2432.4069,1.37,99.3,95.0
4699,-12669.52,2023.521,1.27,100.0,95.1
4700,-12653.97,1664.6497,1.22,100.0,95.2
4701,-12669.52,1403.8615,1.25,100.0,95.1
4702,-12843.93,3121.0347,1.24,100.0,95.1
4703,-12843.93,2280.1327,1.55,100.0,95.3
4704,-12836.88,1385.7945,1.64,92.4,95.3
4705,-12839.83,695.3816,1.24,100.0,95.4
4706,-12839.83,599.0274,1.24,100.0,95.4
4707,-12839.83,518.429,1.17,100.0,94.9
4708,-12839.83,301.1886,1.24,100.0,94.9
4709,-12669.52,3045.0731,1.35,94.9,94.9
4710,-12653.97,2304.2187,1.3,100.0,94.9
4711,-12662.47,1732.3754,1.3,100.0,95.0
4712,-12662.47,1623.0551,1.25,100.0,95.1
4713,-12665.42,1427.3506,1.21,100.0,95.1
4714,-12839.83,2651.5012,1.27,100.0,95.2
4715,-12831.32,1335.7485,1.41,96.8,95.4
4716,-12652.97,2036.6328,1.28,100.0,95.5
4717,-12839.83,680.2192,1.4,100.0,95.6
4718,-12846.88,517.8895,1.25,99.8,95.8
4719,-12839.83,385.0721,1.21,100.0,95.8
4720,-12656.91,3551.9527,1.28,100.0,95.8
4721,-12694.54,2560.2634,1.25,100.0,95.8
4722,-12870.21,1143.5292,1.25,100.0,95.8
4723,-12658.4,1841.6663,1.56,100.0,95.9
4724,-12656.91,1600.5979,1.42,100.0,96.0
4725,-12669.52,1303.9424,1.27,100.0,96.1
4726,-12662.47,1094.0917,1.24,100.0,95.9
4727,-12836.88,2690.5146,1.2,100.0,96.0
4728,-12860.29,1813.5011,1.24,100.0,96.0
4729,-12836.88,939.1244,1.28,100.0,96.1
4730,-12839.83,713.7688,1.18,100.0,96.2
4731,-12839.83,709.9498,1.26,100.0,96.3
4732,-12836.88,561.9236,1.35,100.0,96.3
4733,-12836.88,401.5914,1.28,100.0,96.1
4734,-12836.88,342.8664,1.38,100.0,96.2
4735,-12685.87,3104.7217,1.41,96.6,96.3
4736,-12839.83,293.7805,1.2,100.0,96.3
4737,-12839.83,227.5384,1.23,100.0,96.4
4738,-12836.88,189.046,1.23,100.0,96.5
4739,-12870.28,175.8421,1.3,100.0,96.4
4740,-12828.38,153.2347,1.35,99.2,96.4
4741,-12665.42,3267.4247,1.38,100.0,96.5
4742,-12836.88,418.7039,1.3,100.0,96.6
4743,-12855.3,490.1879,1.24,100.0,96.3
4744,-12662.47,3480.3742,1.2,100.0,96.3
4745,-12665.42,3335.2548,1.38,100.0,96.2
4746,-12662.47,2604.5822,1.42,96.4,96.3
4747,-12672.46,2049.8184,1.23,100.0,96.5
4748,-12669.52,1678.5721,1.28,100.0,96.5
4749,-12662.47,1509.4618,1.24,100.0,96.7
4750,-12836.88,2917.7146,1.24,100.0,96.6
4751,-12852.35,1892.6063,1.32,100.0,96.3
4752,-12836.88,808.2228,1.39,100.0,96.4
4753,-12839.83,447.1866,1.29,100.0,96.3
4754,-12860.29,426.6179,1.32,100.0,96.4
4755,-12836.88,311.6896,1.21,99.1,96.3
4756,-12662.47,3272.444,1.23,100.0,96.3
4757,-12662.47,2267.8351,1.37,100.0,96.4
4758,-12672.46,1754.8159,1.22,100.0,96.3
4759,-12653.97,1521.1849,1.25,100.0,95.8
4760,-12865.78,4214.3138,1.21,100.0,95.9
4761,-12665.42,1085.232,1.23,100.0,95.8
4762,-12828.38,2159.5394,1.37,97.8,95.9
4763,-12661.47,1009.3535,1.43,96.3,96.1
4764,-12836.88,1395.6109,1.37,100.0,96.1
4765,-12860.29,1088.1364,1.57,100.0,96.1
4766,-12839.83,728.7767,1.34,99.5,96.2
4767,-12684.87,3696.35,1.18,100.0,96.2
4768,-12836.88,480.3133,1.25,100.0,96.2
4769,-12658.53,2707.3907,1.27,100.0,96.1
4770,-12860.29,690.5581,1.27,100.0,96.3
4771,-12860.29,721.4361,1.28,100.0,96.2
4772,-12686.88,1943.0536,1.15,100.0,96.2
4773,-12860.29,513.8895,1.24,100.0,96.3
4774,-12860.29,332.7069,1.28,100.0,96.3
4775,-12678.72,2997.2167,1.26,100.0,96.4
4776,-12678.72,2958.6846,1.32,100.0,96.5
4777,-12727.88,2085.3111,1.43,99.3,96.5
4778,-12678.72,1580.4406,1.2,100.0,96.4
4779,-12678.72,1215.4429,1.25,100.0,96.5
4780,-12678.72,1139.3367,1.31,100.0,96.5
4781,-12678.72,980.9466,1.26,100.0,96.5
4782,-12681.93,1070.974,1.33,100.0,96.5
4783,-12675.76,938.5589,1.19,100.0,96.4
4784,-12678.72,586.7303,1.27,100.0,96.4
4785,-12678.72,390.8169,1.37,100.0,96.4
4786,-12868.35,3700.4972,1.31,100.0,96.4
4787,-12733.19,548.5639,1.37,100.0,96.5
4788,-12887.73,2338.9783,1.35,97.6,96.5
4789,-12737.0,998.5799,1.16,100.0,96.5
4790,-12705.0,967.7579,1.23,100.0,96.5
4791,-12728.78,403.4071,1.26,100.0,96.4
4792,-12728.78,276.2933,1.27,100.0,96.4
4793,-12716.17,312.45,1.35,100.0,96.5
4794,-12709.4,195.7441,1.24,100.0,96.2
4795,-12705.0,137.9208,1.22,100.0,96.1
4796,-12702.04,114.1079,1.27,100.0,96.2
4797,-12709.4,84.2937,1.2,100.0,96.1
4798,-12716.17,41.727,1.28,100.0,96.1
4799,-12709.4,26.3791,1.22,100.0,95.6
4800,-12705.0,18.4952,1.23,100.0,95.7
4801,-12702.04,35.3466,1.34,100.0,95.8
4802,-12719.09,81.9279,1.33,100.0,96.1
4803,-12723.5,41.3651,1.29,100.0,96.1
4804,-12719.09,29.9575,1.55,99.5,96.1
4805,-12719.09,23.9225,1.79,99.3,96.4
4806,-12719.09,11.9236,1.32,100.0,96.2
4807,-12709.4,19.0239,1.22,100.0,96.2
4808,-12712.33,6.578,1.2,100.0,96.3
4809,-12747.36,182.9546,1.22,100.0,96.3
4810,-12747.36,93.1159,1.27,100.0,96.2
4811,-12747.36,35.9662,1.27,100.0,96.3
4812,-12758.54,13.8842,1.27,100.0,96.3
4813,-12747.36,11.4259,1.2,100.0,96.2
4814,-12739.06,8.376,1.26,100.0,96.3
4815,-12742.96,6.3929,1.31,100.0,96.3
4816,-12747.36,5.2966,1.25,100.0,96.4
4817,-12742.96,3.419,1.28,100.0,96.4
4818,-12701.1,239.7223,1.23,100.0,96.5
4819,-12701.1,167.0617,1.26,100.0,96.5
4820,-12705.0,82.4879,1.36,100.0,96.5
4821,-12704.03,28.1488,1.33,97.6,96.0
4822,-12704.03,23.7361,1.33,99.4,96.1
4823,-12701.1,9.7013,1.3,100.0,96.2
4824,-12704.03,16.799,1.54,100.0,96.3
4825,-12704.03,6.5934,1.63,98.6,96.2
4826,-12708.44,2.7738,1.23,100.0,96.1
4827,-12816.26,949.9649,1.26,100.0,96.2
4828,-12990.06,3446.8291,1.23,100.0,96.3
4829,-13367.62,31591.9004,1.24,100.0,96.1
4830,-13376.44,25508.3071,1.41,100.0,96.1
4831,-13376.44,20913.7246,1.48,100.0,96.3
4832,-13376.44,17317.5527,1.24,100.0,96.3
4833,-13293.69,15131.7632,1.25,100.0,96.3
4834,-13293.69,12688.8745,1.22,100.0,96.2
4835,-13316.14,10825.4788,1.24,100.0,96.2
4836,-13316.14,8393.6134,1.27,100.0,95.3
4837,-13402.24,5671.3177,1.22,100.0,95.3
4838,-13379.79,4717.5149,1.25,100.0,95.4
4839,-13379.79,3877.0615,1.25,100.0,95.4
4840,-13402.24,2915.2921,1.26,100.0,95.4
4841,-13402.24,2435.5907,1.33,97.8,95.1
4842,-13402.24,1996.0001,1.35,99.9,94.9
4843,-13404.31,1559.016,1.23,100.0,95.0
4844,-13404.31,1179.7286,1.24,100.0,95.0
4845,-13404.31,996.2382,1.21,100.0,95.0
4846,-13402.24,871.0179,1.34,100.0,95.1
4847,-13402.24,747.9707,1.33,98.8,94.9
4848,-13404.31,640.492,1.22,100.0,94.8
4849,-13402.24,558.6001,1.21,100.0,94.8
4850,-13402.24,497.8262,1.19,100.0,94.9
4851,-13402.24,401.7632,1.33,100.0,95.0
4852,-13426.53,300.0774,1.4,90.0,95.2
4853,-13426.53,260.2843,1.22,100.0,95.2
4854,-13426.53,133.1337,1.27,100.0,95.2
4855,-13426.53,94.9848,1.27,100.0,95.0
4856,-13424.47,75.1015,1.24,100.0,95.0
4857,-13424.47,40.9191,1.29,100.0,94.9
4858,-13404.31,134.8207,1.29,99.8,95.0
4859,-13404.31,67.0308,1.22,100.0,95.1
4860,-13404.31,22.2856,1.23,100.0,95.1
4861,-13404.31,17.3844,1.22,100.0,95.0
4862,-13404.31,6.4268,1.41,100.0,95.0
4863,-13404.31,3.3309,1.41,88.5,94.5
4864,-13402.24,7.3659,1.23,100.0,94.6
4865,-13379.79,57.2485,1.33,100.0,94.7
4866,-13379.79,22.5952,1.26,100.0,94.7
4867,-13379.79,8.5817,1.26,100.0,94.7
4868,-13402.24,86.8617,1.34,100.0,94.8
4869,-13402.24,27.8198,1.4,100.0,94.9
4870,-13402.24,4.4572,1.3,100.0,94.9
4871,-13424.47,50.3558,1.34,100.0,95.0
4872,-13397.15,86.8772,1.2,100.0,95.2
4873,-13397.15,79.0258,1.25,100.0,95.2
4874,-13397.15,43.6938,1.24,100.0,95.1
4875,-13397.15,25.7846,1.2,100.0,95.2
4876,-13397.15,12.1085,1.31,100.0,95.3
4877,-13397.15,4.4764,1.22,100.0,95.2
4878,-13374.7,64.8888,1.3,100.0,95.4
4879,-13374.7,37.8877,1.39,93.6,95.6
4880,-13374.7,25.4989,1.37,100.0,95.7
4881,-13374.7,15.7841,1.39,100.0,95.7
4882,-13374.7,6.7338,1.37,100.0,95.8
4883,-13365.87,12.8468,1.27,100.0,95.9
4884,-13365.87,5.165,1.23,100.0,95.8
4885,-13365.87,1.9209,1.33,100.0,95.9
4886,-13365.87,2.8068,1.22,100.0,95.9
4887,-13365.87,2.8663,1.4,100.0,95.8
4888,-13342.31,56.8463,1.42,99.7,95.8
4889,-13342.31,24.1891,1.19,100.0,95.9
4890,-13318.52,74.1265,1.24,100.0,96.0
4891,-13318.52,14.3201,1.29,100.0,96.1
4892,-13318.52,16.0048,1.28,100.0,96.0
4893,-13318.52,12.9003,1.35,100.0,95.9
4894,-13342.31,70.6341,1.49,96.7,96.2
4895,-13318.52,55.6395,1.19,100.0,96.2
4896,-13318.52,56.9177,1.2,100.0,96.2
4897,-13318.52,26.8402,1.22,100.0,96.4
4898,-13318.52,9.074,1.29,100.0,96.4
4899,-13318.52,7.3485,1.39,96.0,96.4
4900,-13318.52,7.3955,1.25,100.0,96.2
4901,-13318.52,2.8121,1.26,100.0,96.3
4902,-13327.47,30.9773,1.25,100.0,96.4
4903,-13327.47,19.5565,1.22,100.0,96.5
4904,-13327.47,11.2431,1.28,100.0,96.6
4905,-13327.47,5.0344,1.55,99.0,96.7
4906,-13327.47,3.2446,1.34,100.0,96.6
4907,-13327.47,2.6565,1.37,100.0,96.7
4908,-13362.5,169.4652,1.25,100.0,96.8
4909,-13362.5,74.6849,1.25,100.0,96.8
4910,-13427.06,839.5255,1.35,100.0,96.7
4911,-13427.06,466.4387,1.35,99.8,97.2
4912,-13353.56,791.1462,1.22,100.0,97.1
4913,-13353.56,705.1765,1.21,100.0,97.1
4914,-13353.56,328.1303,1.21,100.0,97.0
4915,-13353.56,77.1062,1.35,100.0,96.9
4916,-13353.56,115.8734,1.41,88.3,96.8
4917,-13353.56,52.1888,1.22,100.0,96.8
4918,-13353.56,35.0511,1.27,100.0,96.9
4919,-13427.06,784.6025,1.26,100.0,96.7
4920,-13353.56,159.4522,1.22,100.0,96.6
4921,-13362.5,79.5782,1.28,100.0,96.6
4922,-13353.56,17.8735,1.36,100.0,96.8
4923,-13362.5,22.7245,1.32,100.0,96.8
4924,-13362.5,8.4623,1.28,100.0,96.9
4925,-13353.56,46.8835,1.25,100.0,96.9
4926,-13326.29,96.7854,1.27,100.0,96.8
4927,-13326.29,65.8744,1.32,100.0,96.9
4928,-13326.29,30.2324,1.23,100.0,96.9
4929,-13326.29,19.3831,1.36,100.0,97.0
4930,-13353.56,122.8916,1.27,100.0,97.0
4931,-13326.29,36.2416,1.23,100.0,97.0
4932,-13326.29,28.318,1.37,100.0,97.1
4933,-13326.29,11.7478,1.37,98.9,97.2
4934,-13326.29,4.8466,1.32,100.0,97.2
4935,-13399.8,848.234,1.41,100.0,97.2
4936,-13326.29,269.9066,1.36,96.8,96.7
4937,-13335.24,179.4474,1.18,100.0,96.7
4938,-13326.29,42.0529,1.26,100.0,96.7
4939,-13326.29,49.6982,1.24,100.0,96.7
4940,-13326.29,21.5391,1.29,100.0,96.8
4941,-13326.29,12.0121,1.31,99.7,96.9
4942,-13436.01,996.649,1.19,100.0,97.1
4943,-13362.5,199.383,1.24,100.0,97.1
4944,-13362.5,119.5144,1.32,100.0,97.0
4945,-13362.5,61.5538,1.25,100.0,97.2
4946,-13335.24,67.5648,1.49,100.0,97.3
4947,-13335.24,40.0438,1.54,99.5,97.6
4948,-13326.29,27.2798,1.22,100.0,95.0
4949,-13326.29,12.6376,1.28,100.0,90.8
4950,-13358.65,151.7978,1.28,100.0,89.0
4951,-13436.01,766.1835,1.22,100.0,89.4
4952,-13432.16,508.0512,1.37,99.7,89.8
4953,-13432.16,359.8373,1.31,100.0,89.3
4954,-13432.16,277.7196,1.31,100.0,89.4
4955,-13432.16,190.7419,1.27,100.0,89.4
4956,-13436.01,126.58,1.2,100.0,89.4
4957,-13436.01,97.8379,1.27,100.0,89.4
4958,-13353.56,843.5278,1.28,97.8,89.5
4959,-13357.45,580.8216,1.18,100.0,89.5
4960,-13353.56,432.6046,1.22,100.0,89.6
4961,-13353.56,300.0587,1.2,100.0,89.5
4962,-13353.56,200.3935,1.25,100.0,89.5
4963,-13353.56,126.0106,1.28,96.0,89.2
4964,-13353.56,70.6906,1.2,100.0,88.6
4965,-13427.06,744.0566,1.21,100.0,88.7
4966,-13353.56,215.3543,1.26,100.0,88.7
4967,-13353.56,100.1769,1.25,100.0,88.6
4968,-13327.47,275.9982,1.31,98.7,88.6
4969,-13423.21,1041.9716,1.21,100.0,88.5
4970,-13397.13,705.7377,1.25,100.0,88.6
4971,-13318.52,1224.2136,1.23,100.0,89.1
4972,-13349.71,671.0501,1.19,100.0,89.0
4973,-13318.52,375.3495,1.26,100.0,89.0
4974,-13392.03,1091.5869,1.23,99.7,88.9
4975,-13353.56,235.2065,1.2,100.0,88.9
4976,-13327.47,147.488,1.23,100.0,89.2
4977,-13318.52,183.5185,1.23,100.0,89.2
4978,-13327.47,110.7536,1.27,100.0,89.3
4979,-13318.52,57.1327,1.29,89.1,89.0
4980,-13318.52,25.8822,1.16,100.0,88.9
4981,-13318.52,17.4611,1.19,100.0,89.0
4982,-13318.52,11.8354,1.22,100.0,89.1
4983,-13318.52,5.2514,1.25,100.0,89.1
4984,-13318.52,2.7314,1.33,98.0,89.3
4985,-13318.52,2.1887,1.22,100.0,89.1
4986,-13318.52,1.3804,1.23,100.0,89.1
4987,-13318.52,0.4994,1.22,100.0,89.1
4988,-13338.67,297.0855,1.19,100.0,89.1
4989,-13254.48,428.4453,1.22,100.0,89.2
4990,-13289.51,297.0964,1.25,99.3,89.2
4991,-13289.51,160.6861,1.19,100.0,89.2
4992,-13130.56,3049.0624,1.2,100.0,89.1
4993,-13289.51,65.8772,1.2,100.0,89.1
4994,-13289.51,30.899,1.3,100.0,89.2
4995,-13289.51,15.9249,1.32,86.8,89.3
4996,-13289.51,10.8159,1.19,100.0,89.3
4997,-13130.56,2384.3392,1.19,100.0,89.4
4998,-13262.24,197.1499,1.2,100.0,89.3
4999,-13262.24,129.7973,1.24,100.0,89.2
5000,-13262.24,95.5728,1.3,92.7,89.4
5001,-13262.24,62.92,1.2,100.0,89.4
5002,-13103.29,2149.6985,1.22,100.0,89.4
5003,-13103.29,1726.813,1.2,100.0,89.5
5004,-13103.29,1391.1157,1.19,100.0,89.5
5005,-13103.29,1052.7178,1.24,100.0,89.6
5006,-13103.29,804.6681,1.23,99.7,89.5
5007,-13103.29,574.3885,1.22,100.0,89.4
5008,-13103.29,347.5464,1.21,100.0,89.5
5009,-13103.29,132.8556,1.23,100.0,89.6
5010,-13103.29,168.2001,1.3,100.0,89.7
5011,-13103.29,102.9277,1.3,93.2,89.8
5012,-13103.29,69.3485,1.18,100.0,89.7
5013,-13099.4,54.38,1.2,100.0,89.5
5014,-13103.29,43.9866,1.21,100.0,89.6
5015,-13099.4,28.6595,1.26,100.0,89.5
5016,-13099.4,18.9956,1.29,92.0,89.6
5017,-13126.67,99.3965,1.2,98.8,89.7
5018,-13334.78,2803.9741,1.22,100.0,89.8
5019,-13334.78,1805.2447,1.2,100.0,89.7
5020,-13318.52,1084.1612,1.18,100.0,89.6
5021,-13353.56,834.0014,1.25,100.0,89.7
5022,-13318.52,717.5461,1.26,98.4,89.7
5023,-13353.56,537.2842,1.19,100.0,89.8
5024,-13318.52,478.0061,1.2,100.0,89.8
5025,-13318.52,315.165,1.24,100.0,89.1
5026,-13318.52,220.0054,1.19,100.0,89.1
5027,-13353.56,178.3229,1.23,100.0,89.1
5028,-13353.56,64.345,1.27,97.5,88.6
5029,-13353.56,61.657,1.21,100.0,88.6
5030,-13353.56,36.0953,1.25,100.0,88.7
5031,-13353.56,19.6105,1.19,100.0,88.4
5032,-13318.52,132.2911,1.24,100.0,88.4
5033,-13318.52,97.7254,1.25,100.0,88.4
5034,-13318.52,66.5901,1.2,100.0,88.3
5035,-13318.52,37.1428,1.27,100.0,88.4
5036,-13318.52,15.3039,1.28,98.7,88.5
5037,-13318.52,8.8393,1.22,100.0,88.5
5038,-13318.52,4.3052,1.19,100.0,88.6
5039,-13318.52,1.288,1.17,100.0,88.6
5040,-13318.52,1.744,1.3,100.0,88.7
5041,-13318.52,2.0659,1.3,89.4,88.5
5042,-13338.46,83.0507,1.19,100.0,88.3
5043,-13338.46,54.3661,1.26,100.0,88.4
5044,-13342.31,36.6034,1.21,100.0,88.4
5045,-13342.31,19.3131,1.19,100.0,88.4
5046,-13342.31,10.3534,1.27,98.4,88.3
5047,-13342.31,6.0052,1.31,100.0,88.4
5048,-13342.31,3.0828,1.27,100.0,88.3
5049,-13342.31,0.8163,1.25,100.0,88.3
5050,-13342.31,0.621,1.17,100.0,88.3
5051,-13318.52,72.9925,1.29,100.0,88.4
5052,-13318.52,47.4313,1.26,97.6,88.5
5053,-13318.52,29.9551,1.18,100.0,88.5
5054,-13353.56,131.7177,1.2,100.0,88.5
5055,-13349.71,96.4273,1.2,100.0,88.4
5056,-13388.18,961.4713,1.23,100.0,88.5
5057,-13314.67,161.7829,1.29,87.5,88.6
5058,-13314.67,73.0401,1.21,99.2,88.6
5059,-13314.67,45.6503,1.27,100.0,88.6
5060,-13314.67,33.7605,1.18,100.0,88.6
5061,-13314.67,23.5802,1.2,100.0,88.5
5062,-13314.67,9.1913,1.26,99.6,88.6
5063,-13314.67,4.89,1.22,100.0,88.6
5064,-13318.52,4.3951,1.22,100.0,88.6
5065,-13314.67,4.0876,1.24,100.0,88.7
5066,-13318.52,4.0898,1.2,100.0,88.6
5067,-13318.52,2.6348,1.23,100.0,88.7
5068,-13349.71,157.3754,1.21,99.5,88.7
5069,-13353.56,112.9524,1.19,100.0,88.7
5070,-13318.52,70.4723,1.27,100.0,88.7
5071,-13342.31,54.1664,1.24,100.0,88.6
5072,-13295.89,285.082,1.22,100.0,88.7
5073,-13342.31,21.2294,1.28,100.0,88.7
5074,-13318.52,67.6551,1.19,100.0,88.8
5075,-13318.52,45.934,1.2,100.0,88.9
5076,-13318.52,26.5799,1.22,100.0,89.0
5077,-13318.52,14.647,1.17,100.0,88.8
5078,-13318.52,5.5685,1.27,100.0,88.9
5079,-13299.74,111.6757,1.26,100.0,88.5
5080,-13318.52,105.8183,1.23,100.0,88.5
5081,-13318.52,68.2227,1.26,100.0,88.6
5082,-13164.43,2794.4711,1.21,100.0,88.7
5083,-13342.31,113.3954,1.21,100.0,88.7
5084,-13323.53,295.1864,1.24,100.0,88.9
5085,-13318.52,19.5753,1.2,100.0,88.9
5086,-13299.74,76.2281,1.26,100.0,89.0
5087,-13299.74,29.4214,1.24,100.0,89.2
5088,-13318.52,177.5126,1.2,100.0,89.2
5089,-13318.52,117.0304,1.25,100.0,89.2
5090,-13318.52,36.8825,1.17,100.0,89.3
5091,-13318.52,21.9927,1.24,100.0,89.3
5092,-13318.52,14.3297,1.34,99.9,89.4
5093,-13299.74,145.9857,1.2,100.0,89.5
5094,-13299.74,66.8499,1.23,100.0,89.5
5095,-13344.37,320.4814,1.23,100.0,89.3
5096,-13318.52,180.1057,1.22,100.0,89.4
5097,-13299.74,163.4324,1.23,100.0,89.5
5098,-13299.74,54.6333,1.2,100.0,89.6
5099,-13318.52,230.9851,1.2,100.0,89.5
5100,-13299.74,19.5991,1.26,100.0,89.6
5101,-13299.74,9.9936,1.21,100.0,89.6
5102,-13299.74,6.0346,1.31,100.0,89.6
5103,-13299.74,3.8629,1.29,90.0,89.9
5104,-13299.74,2.1048,1.18,100.0,89.8
5105,-13091.64,3238.5868,1.18,100.0,89.9
5106,-13250.58,266.6423,1.22,100.0,89.7
5107,-13250.58,171.4987,1.26,100.0,89.7
5108,-13095.53,2122.9415,1.28,98.3,89.9
5109,-13095.53,1718.1957,1.25,99.7,90.3
5110,-13095.53,1208.136,1.2,100.0,90.4
5111,-13091.64,1022.0532,1.22,100.0,90.5
5112,-13091.64,815.4489,1.21,100.0,90.4
5113,-13095.53,682.9221,1.25,100.0,90.2
5114,-13095.53,565.3121,1.23,98.3,90.1
5115,-13126.67,648.7295,1.17,100.0,90.1
5116,-13095.53,400.6653,1.23,100.0,90.2
5117,-13095.53,280.9103,1.22,100.0,90.1
5118,-13091.64,148.5571,1.25,100.0,90.1
5119,-13095.53,47.0507,1.27,98.5,90.3
5120,-13254.48,3099.196,1.23,96.2,90.2
5121,-13091.64,77.2346,1.2,100.0,90.1
5122,-13091.64,42.0628,1.22,100.0,90.1
5123,-13091.64,22.0912,1.21,100.0,90.2
5124,-13091.64,14.7115,1.26,100.0,90.2
5125,-13091.64,8.6639,1.25,99.0,90.3
5126,-13095.53,12.6649,1.2,100.0,90.4
5127,-13091.64,8.9349,1.26,100.0,90.3
5128,-13091.64,4.3536,1.21,100.0,90.4
5129,-13091.64,3.0642,1.23,100.0,90.4
5130,-13091.64,1.9395,1.21,97.5,90.2
5131,-13274.37,2676.6608,1.19,100.0,90.2
5132,-13091.64,219.1803,1.24,100.0,90.2
5133,-13091.64,159.2722,1.26,100.0,90.3
5134,-13091.64,90.1225,1.3,100.0,90.3
5135,-13091.64,27.7029,1.28,95.9,90.3
5136,-13091.64,24.9537,1.21,97.6,90.3
5137,-13091.64,9.9134,1.21,100.0,90.4
5138,-13091.64,7.0317,1.24,100.0,90.4
5139,-13091.64,3.3736,1.18,100.0,90.5
5140,-13091.64,2.4353,1.28,100.0,90.5
5141,-13091.64,1.6359,1.32,96.7,90.5
5142,-13091.64,1.1752,1.19,100.0,90.3
5143,-13091.64,0.546,1.22,100.0,90.4
5144,-13091.64,0.5255,1.19,100.0,90.5
5145,-13091.64,0.5562,1.25,100.0,90.6
5146,-13091.64,0.4891,1.26,97.8,90.6
5147,-13115.42,69.2642,1.2,100.0,90.6
5148,-13164.58,371.026,1.23,100.0,90.6
5149,-13164.58,200.6195,1.26,100.0,90.6
5150,-13164.58,128.988,1.21,100.0,90.6
5151,-13164.58,91.5563,1.27,100.0,90.7
5152,-13164.58,57.5455,1.18,100.0,90.8
5153,-13164.58,42.9726,1.22,100.0,90.8
5154,-13164.58,23.4967,1.28,99.0,90.8
5155,-13164.58,16.1984,1.18,100.0,90.8
5156,-13164.58,10.5012,1.24,100.0,90.9
5157,-13164.58,4.9859,1.28,99.3,91.0
5158,-13164.58,1.8345,1.17,100.0,90.9
5159,-13164.58,1.2566,1.29,100.0,91.0
5160,-13211.78,234.6208,1.25,100.0,91.0
5161,-13362.02,2275.9171,1.24,100.0,91.0
5162,-13370.85,1583.947,1.24,100.0,91.0
5163,-13216.76,1023.1432,1.2,100.0,91.0
5164,-13370.85,975.6974,1.29,100.0,91.0
5165,-13370.85,782.6742,1.29,87.1,91.0
5166,-13239.21,901.1402,1.23,100.0,91.1
5167,-13290.26,1518.772,1.21,100.0,91.2
5168,-13370.85,698.6463,1.19,100.0,91.2
5169,-13216.76,1006.8676,1.25,100.0,91.1
5170,-13370.85,579.3279,1.31,89.0,91.3
5171,-13220.61,904.273,1.22,100.0,91.2
5172,-13370.85,542.9236,1.28,100.0,91.1
5173,-13207.93,975.1095,1.21,100.0,91.2
5174,-13207.93,773.4331,1.16,100.0,91.1
5175,-13370.85,1114.0521,1.24,100.0,90.8
5176,-13220.61,488.9119,1.3,97.2,90.8
5177,-13220.61,391.7418,1.22,100.0,90.7
5178,-13216.76,306.9621,1.3,100.0,90.8
5179,-13216.76,224.6342,1.18,100.0,90.8
5180,-13370.85,1631.5281,1.24,100.0,90.8
5181,-13220.61,194.1271,1.23,99.1,90.9
5182,-13216.76,122.7526,1.2,100.0,91.0
5183,-13216.76,87.3953,1.22,100.0,91.0
5184,-13220.61,69.0319,1.22,100.0,91.0
5185,-13370.85,1984.4436,1.23,100.0,91.0
5186,-13239.21,134.1769,1.31,99.6,91.1
5187,-13239.21,62.0387,1.33,97.7,91.1
5188,-13415.52,2764.2843,1.24,100.0,91.1
5189,-13283.44,191.7694,1.23,100.0,91.1
5190,-13283.44,138.4823,1.18,100.0,91.2
5191,-13415.52,2139.5419,1.24,100.0,91.2
5192,-13415.52,1815.2344,1.3,95.1,91.4
5193,-13415.52,1561.1458,1.21,100.0,91.3
5194,-13489.03,1738.4104,1.25,100.0,91.3
5195,-13415.52,1430.1158,1.2,100.0,91.3
5196,-13415.52,1191.8437,1.2,100.0,91.4
5197,-13393.3,894.2063,1.24,100.0,91.4
5198,-13419.37,563.7572,1.2,100.0,91.4
5199,-13437.53,263.8365,1.21,100.0,90.8
5200,-13395.36,959.3606,1.24,100.0,90.7
5201,-13374.7,787.206,1.24,100.0,90.8
5202,-13365.87,443.6368,1.31,100.0,90.8
5203,-13342.31,432.207,1.29,94.3,90.9
5204,-13188.22,2266.8268,1.19,100.0,90.9
5205,-13188.22,1382.5963,1.21,100.0,90.9
5206,-13164.58,787.3197,1.23,100.0,91.0
5207,-13139.06,466.2088,1.23,100.0,91.0
5208,-13115.42,274.5416,1.29,96.8,91.2
5209,-13091.64,297.2682,1.2,98.7,91.3
5210,-13091.64,203.3368,1.19,100.0,91.4
5211,-13115.42,147.6332,1.25,100.0,91.5
5212,-13094.56,119.4485,1.17,100.0,91.3
5213,-13094.56,71.4451,1.25,100.0,91.4
5214,-13091.64,46.6442,1.25,100.0,91.4
5215,-13091.64,26.5218,1.22,100.0,91.5
5216,-13091.64,12.3705,1.23,100.0,91.6
5217,-13098.45,35.0734,1.23,100.0,91.6
5218,-13095.53,9.67,1.26,100.0,91.6
5219,-13095.53,7.5818,1.28,98.2,91.7
5220,-13098.45,16.7073,1.19,100.0,91.5
5221,-13127.21,148.8148,1.18,100.0,91.5
5222,-13095.53,57.5014,1.21,100.0,91.1
5223,-13126.67,78.3545,1.23,98.9,91.2
5224,-13091.64,116.1903,1.3,97.9,91.3
5225,-13094.56,45.3812,1.26,96.8,91.3
5226,-13095.53,63.1009,1.17,100.0,91.2
5227,-13092.18,41.075,1.17,100.0,91.3
5228,-13119.32,95.7446,1.21,100.0,91.3
5229,-13094.56,33.7917,1.24,100.0,91.3
5230,-13089.95,77.3692,1.24,100.0,91.3
5231,-13095.11,36.8096,1.2,100.0,91.4
5232,-13095.11,21.121,1.19,100.0,91.4
5233,-13089.95,53.2588,1.26,100.0,91.5
5234,-13095.53,28.1563,1.22,100.0,91.4
5235,-13089.95,20.7316,1.19,100.0,91.4
5236,-13092.16,42.9934,1.25,100.0,90.7
5237,-13086.6,22.0234,1.25,100.0,90.8
5238,-13083.66,34.6976,1.22,100.0,90.8
5239,-13091.07,42.1493,1.2,100.0,90.8
5240,-13118.7,214.4815,1.2,100.0,90.8
5241,-13091.07,48.3487,1.24,100.0,90.8
5242,-13091.07,18.4403,1.32,95.0,90.8
5243,-13091.07,14.5519,1.23,99.3,90.9
5244,-13091.07,9.7269,1.24,100.0,90.9
5245,-13083.66,9.3074,1.2,100.0,91.0
5246,-13106.62,20.0809,1.24,100.0,91.0
5247,-13091.07,18.2851,1.24,100.0,91.0
5248,-13064.13,113.9076,1.26,99.1,91.0
5249,-13103.0,262.2293,1.21,100.0,91.0
5250,-13099.16,244.1126,1.31,100.0,91.7
5251,-13126.1,217.0947,1.22,100.0,91.7
5252,-13079.76,297.7718,1.25,100.0,91.7
5253,-13111.18,213.5785,1.24,97.9,91.3
5254,-13114.79,122.932,1.16,99.5,91.2
5255,-13064.13,43.4307,1.21,100.0,91.2
5256,-13079.76,37.9587,1.27,100.0,91.2
5257,-13064.13,28.1485,1.29,100.0,91.1
5258,-13126.1,302.3632,1.3,95.2,90.9
5259,-13102.11,153.772,1.26,97.3,90.7
5260,-12713.51,22129.9624,1.19,100.0,90.8
5261,-13064.13,59.9485,1.22,100.0,90.8
5262,-13064.13,57.7781,1.2,100.0,90.8
5263,-13064.13,24.8194,1.27,100.0,90.7
5264,-13079.76,19.1362,1.25,97.0,90.7
5265,-13091.07,63.6621,1.22,100.0,90.7
5266,-13091.07,18.5514,1.23,100.0,90.8
5267,-13091.07,13.2015,1.2,100.0,90.8
5268,-13091.07,10.3048,1.26,100.0,90.8
5269,-13091.07,4.8649,1.23,97.7,90.9
5270,-13091.07,3.0334,1.14,100.0,90.9
5271,-13064.13,88.8424,1.23,100.0,91.0
5272,-13123.16,378.6714,1.24,100.0,91.0
5273,-13091.07,90.8541,1.24,100.0,91.1
5274,-13126.1,169.5305,1.28,92.1,91.2
5275,-13067.67,264.281,1.22,99.1,91.2
5276,-13067.67,136.0949,1.21,100.0,91.1
5277,-13091.07,58.4901,1.21,100.0,91.1
5278,-13067.67,75.235,1.22,100.0,91.2
5279,-13064.13,175.3053,1.27,100.0,91.2
5280,-13075.77,263.4388,1.31,98.2,91.1
5281,-13064.13,58.165,1.23,100.0,91.1
5282,-13067.67,189.6864,1.21,100.0,91.1
5283,-12663.17,23503.9199,1.2,100.0,91.1
5284,-12678.8,22257.707,1.24,100.0,91.2
5285,-12663.17,19770.6362,1.24,96.6,91.1
5286,-12663.17,16593.2893,1.18,100.0,91.2
5287,-13230.23,10506.343,1.24,100.0,91.1
5288,-12678.8,12721.1309,1.24,100.0,91.2
5289,-12663.17,11113.25,1.22,100.0,91.3
5290,-13230.23,16197.5698,1.26,99.3,91.4
5291,-12663.85,8864.6016,1.21,96.9,91.4
5292,-12856.97,15901.4084,1.2,100.0,91.5
5293,-12667.47,6789.2789,1.18,100.0,91.3
5294,-12690.79,5763.7302,1.17,100.0,90.7
5295,-12694.41,4800.1788,1.26,100.0,90.8
5296,-12694.41,3900.6956,1.27,100.0,90.9
5297,-12887.73,6806.5743,1.25,100.0,90.9
5298,-12702.91,2392.1197,1.26,100.0,90.9
5299,-12694.41,1649.3029,1.19,100.0,90.9
5300,-12828.94,4006.7761,1.21,100.0,90.9
5301,-12646.8,506.1133,1.23,100.0,90.9
5302,-12846.74,3484.7494,1.18,100.0,90.9
5303,-12839.83,2706.015,1.28,100.0,91.0
5304,-12825.1,1806.8508,1.25,100.0,90.9
5305,-12873.96,1458.219,1.21,100.0,90.9
5306,-12870.53,1206.3831,1.25,100.0,91.0
5307,-12825.1,1072.1455,1.2,100.0,91.0
5308,-12857.0,739.7791,1.2,100.0,91.0
5309,-12831.32,781.4119,1.24,100.0,91.1
5310,-12850.23,763.2531,1.2,100.0,91.1
5311,-12656.91,3372.9957,1.24,100.0,91.0
5312,-12854.73,618.5345,1.23,100.0,91.0
5313,-12831.32,471.6982,1.22,100.0,91.1
5314,-12854.73,343.4077,1.26,100.0,91.1
5315,-12656.91,4184.3138,1.23,100.0,91.2
5316,-12872.29,332.8666,1.18,100.0,91.2
5317,-12680.32,3529.855,1.19,100.0,91.3
5318,-12680.32,2764.5313,1.23,100.0,91.2
5319,-12680.32,1860.4715,1.27,97.4,90.9
5320,-12872.29,3086.676,1.27,98.2,90.9
5321,-12872.29,3056.9899,1.26,100.0,91.1
5322,-12857.0,1983.4843,1.26,100.0,91.1
5323,-12854.44,1019.0548,1.2,100.0,91.1
5324,-12682.54,3400.1011,1.21,100.0,91.2
5325,-12706.32,3559.5289,1.26,100.0,91.5
5326,-12880.79,413.5934,1.24,99.9,91.6
5327,-12706.32,2861.204,1.23,100.0,91.5
5328,-12704.1,2429.9047,1.18,100.0,91.4
5329,-12704.1,1726.6971,1.24,100.0,91.4
5330,-12680.32,1214.4395,1.31,100.0,91.5
5331,-12689.2,930.0256,1.24,100.0,91.7
5332,-12857.0,4450.0649,1.21,100.0,91.7
5333,-12682.54,243.2767,1.19,100.0,91.7
5334,-12880.79,4667.3789,1.22,100.0,91.5
5335,-12877.85,3346.3061,1.23,97.0,91.6
5336,-12877.85,1707.4506,1.23,99.1,91.8
5337,-12880.79,946.543,1.3,98.6,92.0
5338,-12880.79,655.1202,1.23,100.0,91.9
5339,-12880.79,496.7746,1.2,100.0,92.0
5340,-12880.79,377.1558,1.23,100.0,92.0
5341,-12857.0,332.1016,1.26,100.0,92.0
5342,-12845.56,375.9895,1.3,98.4,91.9
5343,-12857.0,237.4457,1.22,99.5,92.2
5344,-12857.0,192.0768,1.16,100.0,92.2
5345,-12857.0,148.5809,1.22,100.0,92.3
5346,-12849.7,113.3635,1.23,100.0,92.4
5347,-12852.7,94.0407,1.22,100.0,92.5
5348,-12683.58,3567.1056,1.24,100.0,92.0
5349,-12849.7,81.3752,1.14,100.0,92.0
5350,-12857.0,50.0296,1.25,100.0,92.1
5351,-12857.0,30.6256,1.24,99.2,92.6
5352,-12842.35,33.0253,1.23,100.0,92.0
5353,-12854.06,25.1733,1.28,96.1,92.1
5354,-12841.2,27.9031,1.24,95.8,92.2
5355,-12857.0,30.1269,1.2,100.0,92.1
5356,-12845.29,18.9647,1.22,100.0,92.1
5357,-12674.03,4952.1133,1.18,100.0,92.2
5358,-12674.03,3977.4918,1.3,100.0,92.3
5359,-12674.03,3000.533,1.26,93.6,92.2
5360,-12848.5,2275.7876,1.18,100.0,92.2
5361,-12845.56,2038.2516,1.22,100.0,92.2
5362,-12857.0,1402.3345,1.22,100.0,92.3
5363,-12857.0,550.3843,1.27,100.0,92.3
5364,-12880.79,431.6046,1.28,95.5,92.3
5365,-12854.06,417.9379,1.2,100.0,92.3
5366,-12857.0,189.2353,1.21,100.0,92.4
5367,-12852.7,131.1693,1.23,100.0,92.5
5368,-12866.13,170.5119,1.24,100.0,92.4
5369,-12849.7,65.7129,1.3,98.5,92.4
5370,-12682.55,3996.4,1.3,88.6,92.5
5371,-12854.06,98.5929,1.21,100.0,92.5
5372,-12854.06,55.8411,1.19,100.0,92.6
5373,-12846.76,44.5648,1.19,100.0,92.7
5374,-12848.5,40.2365,1.29,100.0,92.7
5375,-12833.84,35.3224,1.27,88.7,92.7
5376,-12854.06,39.1708,1.21,100.0,92.6
5377,-12848.5,71.6018,1.21,100.0,92.6
5378,-12845.56,26.259,1.22,100.0,92.7
5379,-12845.35,199.1045,1.22,100.0,92.8
5380,-12845.56,103.3279,1.26,96.6,92.9
5381,-12650.63,4696.9674,1.2,100.0,92.9
5382,-12825.1,152.7092,1.23,100.0,93.0
5383,-12848.5,37.3414,1.2,100.0,93.0
5384,-12674.03,4759.0623,1.21,100.0,92.9
5385,-12845.56,108.2162,1.27,100.0,93.0
5386,-12674.03,4171.7867,1.19,99.8,93.1
5387,-12653.97,3417.9524,1.19,100.0,93.1
5388,-12872.29,1049.7121,1.17,100.0,93.1
5389,-12674.03,2404.3235,1.23,100.0,93.2
5390,-12674.03,1906.6832,1.27,95.9,93.2
5391,-12647.69,1146.4872,1.32,94.1,93.3
5392,-12830.66,4631.7009,1.22,100.0,93.4
5393,-12671.09,450.0451,1.23,100.0,93.3
5394,-12656.19,178.7291,1.2,100.0,93.3
5395,-12682.54,76.8116,1.23,100.0,93.3
5396,-12848.5,4420.9076,1.25,100.0,93.3
5397,-12848.5,3211.8539,1.27,100.0,93.5
5398,-12857.0,2118.5417,1.26,100.0,93.5
5399,-12679.59,2868.3408,1.2,100.0,93.5
5400,-12854.06,912.7666,1.22,100.0,93.6
5401,-12679.59,3021.0917,1.27,100.0,93.6
5402,-12671.09,2599.4181,1.22,100.0,93.1
5403,-12845.56,1113.977,1.24,100.0,93.2
5404,-12872.29,1329.2427,1.23,100.0,93.2
5405,-12679.59,1825.1827,1.21,100.0,93.2
5406,-12674.03,1768.5213,1.22,100.0,93.2
5407,-12674.03,1260.6776,1.22,100.0,93.3
5408,-12680.32,1042.1306,1.22,100.0,93.3
5409,-12656.91,802.8215,1.2,100.0,93.4
5410,-12680.32,618.0358,1.2,100.0,93.3
5411,-12833.6,3845.5588,1.23,100.0,93.3
5412,-12848.5,3289.4744,1.27,100.0,93.3
5413,-12670.2,859.7789,1.26,96.8,93.4
5414,-12833.6,2146.265,1.22,100.0,93.5
5415,-12825.1,1490.9901,1.15,100.0,93.5
5416,-12825.1,1108.0846,1.21,100.0,93.5
5417,-12843.95,1007.0288,1.23,100.0,93.6
5418,-12858.73,669.6646,1.26,100.0,93.7
5419,-12689.53,4533.9922,1.26,100.0,93.6
5420,-12815.11,842.5242,1.21,100.0,93.6
5421,-12647.09,3322.0368,1.24,100.0,93.7
5422,-12623.69,2194.0281,1.21,100.0,93.7
5423,-12674.03,1748.6219,1.22,100.0,93.9
5424,-12629.97,1183.8286,1.23,99.9,93.9
5425,-12653.38,996.6653,1.17,100.0,94.1
5426,-12798.16,2929.0074,1.21,100.0,94.1
5427,-12798.16,2102.828,1.23,100.0,94.2
5428,-12842.06,1699.7478,1.26,100.0,94.1
5429,-12833.6,1002.6874,1.29,96.4,94.2
5430,-12858.73,948.8632,1.24,97.7,94.2
5431,-12650.63,4241.8139,1.22,100.0,94.2
5432,-12659.13,2814.1993,1.2,100.0,94.3
5433,-12674.03,2019.43,1.2,100.0,94.3
5434,-12650.63,1332.7289,1.29,98.1,94.3
5435,-12680.32,1409.4838,1.29,95.9,94.3
5436,-12656.91,1065.6053,1.25,100.0,94.4
5437,-12873.96,3852.7592,1.25,100.0,94.4
5438,-12659.13,896.5838,1.2,100.0,94.5
5439,-12682.54,935.1278,1.25,100.0,94.5
5440,-12830.66,2611.5314,1.21,98.8,94.5
5441,-12857.0,2294.5595,1.2,100.0,94.5
5442,-12682.54,1069.422,1.21,100.0,94.5
5443,-12857.0,1478.8544,1.21,100.0,94.5
5444,-12857.0,1099.3318,1.26,100.0,94.6
5445,-12880.79,821.2635,1.31,99.3,94.7
5446,-12845.56,966.2892,1.24,98.9,94.7
5447,-12825.1,850.8912,1.25,100.0,94.7
5448,-12680.32,2972.7481,1.18,100.0,93.9
5449,-12671.09,1926.6469,1.23,100.0,94.0
5450,-12846.69,1828.3488,1.26,99.9,94.1
5451,-12848.5,2271.5692,1.26,100.0,93.9
5452,-12674.03,1153.2822,1.19,100.0,92.6
5453,-12848.5,1784.4238,1.26,100.0,92.7
5454,-12659.13,1084.6325,1.25,99.5,92.8
5455,-12671.09,1013.4715,1.2,100.0,92.7
5456,-12875.85,3201.9875,1.28,100.0,92.8
5457,-12825.1,2228.9214,1.21,100.0,92.7
5458,-12674.03,965.2818,1.22,100.0,92.8
5459,-12647.69,868.3973,1.22,100.0,92.9
5460,-12650.63,642.1144,1.18,100.0,92.9
5461,-12840.13,3704.0046,1.26,100.0,92.8
5462,-12856.78,3973.7827,1.23,96.7,93.0
5463,-12865.46,2450.2345,1.22,100.0,92.9
5464,-12850.56,1560.0417,1.21,100.0,93.0
5465,-12850.56,1068.7948,1.18,100.0,93.0
5466,-12833.6,962.8967,1.25,100.0,93.0
5467,-12833.6,807.6021,1.23,99.2,93.0
5468,-12857.0,584.6133,1.23,100.0,93.2
5469,-12857.0,493.6528,1.23,100.0,93.0
5470,-12674.03,3341.0095,1.2,100.0,93.0
5471,-12674.03,2842.2446,1.21,100.0,93.1
5472,-12650.63,2135.1849,1.21,100.0,93.0
5473,-12650.63,1538.7299,1.23,100.0,93.1
5474,-12825.1,2869.2596,1.22,100.0,93.0
5475,-12680.32,1210.1736,1.22,100.0,93.0
5476,-12674.03,1049.7014,1.2,100.0,93.0
5477,-12867.35,2560.1453,1.22,100.0,93.0
5478,-12671.09,881.1385,1.26,100.0,93.1
5479,-12650.63,716.2459,1.22,99.9,93.2
5480,-12650.63,475.2376,1.19,100.0,93.2
5481,-12848.5,4503.7755,1.21,100.0,93.2
5482,-12833.6,4167.1952,1.22,100.0,93.1
5483,-12857.0,2600.4762,1.24,98.7,93.2
5484,-12857.0,1392.793,1.29,94.4,93.2
5485,-12857.0,888.0889,1.19,100.0,93.4
5486,-12857.0,819.0147,1.24,100.0,93.2
5487,-12659.13,3775.5783,1.18,100.0,93.2
5488,-12665.42,2812.9311,1.23,100.0,93.2
5489,-12665.42,1763.4521,1.3,96.6,93.3
5490,-12852.45,2224.9309,1.19,100.0,93.3
5491,-12873.96,2682.0391,1.24,100.0,93.3
5492,-12825.1,1612.2177,1.2,100.0,93.3
5493,-12659.13,1573.7829,1.22,100.0,93.3
5494,-12656.19,1551.3236,1.23,95.4,93.4
5495,-12679.98,1124.7029,1.18,100.0,93.3
5496,-12682.54,915.6476,1.23,100.0,93.4
5497,-12833.6,3439.9259,1.2,100.0,93.4
5498,-12662.47,581.2232,1.22,100.0,93.4
5499,-12857.0,2669.537,1.29,97.8,93.5
5500,-12833.6,1821.4138,1.24,99.7,93.6
5501,-12833.6,1254.8008,1.22,100.0,93.6
5502,-12857.0,992.4606,1.18,100.0,93.5
5503,-12854.06,891.9072,1.23,100.0,93.5
5504,-12857.0,628.9786,1.26,98.4,93.0
5505,-12867.35,695.6433,1.25,95.3,93.1
5506,-12854.06,421.6239,1.2,100.0,93.1
5507,-12650.63,4246.5984,1.18,100.0,93.2
5508,-12682.54,3207.9662,1.19,100.0,93.3
5509,-12671.09,2541.0049,1.22,100.0,93.2
5510,-12848.5,1294.0574,1.26,100.0,93.3
5511,-12848.5,1229.2271,1.24,100.0,93.2
5512,-12857.0,976.0456,1.22,100.0,93.2
5513,-12877.85,618.2457,1.21,100.0,93.2
5514,-12854.06,379.1358,1.22,100.0,93.3
5515,-12679.59,4587.827,1.21,100.0,93.2
5516,-12857.0,201.0905,1.23,100.0,93.3
5517,-12825.1,332.3212,1.18,100.0,93.4
5518,-12671.09,3128.667,1.22,100.0,93.4
5519,-12867.35,605.7054,1.25,100.0,93.4
5520,-12659.13,2370.071,1.23,100.0,93.4
5521,-12650.63,2111.5701,1.3,96.3,93.4
5522,-12825.1,1579.8154,1.26,96.3,93.4
5523,-12674.03,1609.6956,1.18,100.0,93.4
5524,-12682.54,1375.6839,1.21,100.0,93.5
5525,-12857.0,2387.7023,1.19,100.0,93.5
5526,-12682.54,1054.3409,1.29,100.0,93.6
5527,-12849.75,1910.3565,1.3,89.2,93.7
5528,-12842.35,1501.3777,1.19,100.0,93.7
5529,-12679.59,1645.112,1.24,100.0,93.6
5530,-12682.54,1581.9839,1.2,100.0,93.6
5531,-12854.06,1327.9092,1.24,100.0,93.6
5532,-12682.54,1134.6529,1.26,94.4,93.7
5533,-12857.0,1619.5344,1.23,99.8,93.7
5534,-12849.75,1341.0763,1.2,100.0,93.8
5535,-12854.06,864.8945,1.22,100.0,93.9
5536,-12854.06,629.3943,1.2,100.0,93.8
5537,-12682.54,3645.6242,1.24,98.8,93.9
5538,-12854.06,452.5975,1.24,100.0,93.9
5539,-12680.66,2234.7265,1.22,100.0,93.9
5540,-12852.7,690.1331,1.21,100.0,93.9
5541,-12676.35,1608.4175,1.19,100.0,93.9
5542,-12676.35,1276.3033,1.28,100.0,94.0
5543,-12668.94,996.9536,1.3,89.0,94.1
5544,-12680.66,872.8114,1.23,100.0,94.2
5545,-12667.01,833.3625,1.23,100.0,94.1
5546,-12671.46,976.1333,1.17,100.0,94.1
5547,-12664.05,840.7928,1.24,100.0,94.1
5548,-12854.06,2879.8969,1.29,87.3,94.1
5549,-12676.35,361.5729,1.22,100.0,94.1
5550,-12889.09,3411.1418,1.27,100.0,94.2
5551,-12727.86,522.321,1.18,100.0,94.2
5552,-12678.72,363.0659,1.18,100.0,94.2
5553,-12710.79,475.3398,1.27,100.0,94.3
5554,-12706.49,297.2149,1.23,100.0,94.3
5555,-12666.99,131.0012,1.24,100.0,94.3
5556,-12675.76,91.1942,1.24,100.0,94.2
5557,-12671.46,58.0782,1.18,100.0,94.3
5558,-12668.46,49.2727,1.26,100.0,94.4
5559,-12678.7,25.6384,1.26,99.1,94.4
5560,-12705.43,113.3221,1.18,100.0,94.5
5561,-12695.2,61.764,1.2,100.0,94.5
5562,-12699.55,85.0968,1.18,100.0,94.4
5563,-12873.49,5061.4067,1.23,100.0,94.5
5564,-12699.55,43.7502,1.26,86.2,94.5
5565,-12702.49,51.1594,1.2,98.4,94.6
5566,-12726.06,187.5721,1.25,100.0,94.6
5567,-12723.11,99.0229,1.21,100.0,94.7
5568,-12726.06,82.035,1.14,99.9,94.6
5569,-12722.44,86.2769,1.23,100.0,94.6
5570,-12900.74,4943.6969,1.28,96.5,94.6
5571,-12904.35,3691.9603,1.26,100.0,94.7
5572,-12904.35,2096.1689,1.23,100.0,94.7
5573,-12880.79,1345.2244,1.17,100.0,94.8
5574,-12880.79,1002.4285,1.27,100.0,94.7
5575,-12880.79,793.8868,1.25,100.0,94.7
5576,-12873.49,661.6635,1.21,100.0,94.8
5577,-12702.49,2925.1071,1.23,100.0,94.9
5578,-12687.16,2548.8831,1.23,100.0,94.9
5579,-12880.79,905.8736,1.21,100.0,94.9
5580,-12702.49,1612.2531,1.31,99.1,95.0
5581,-12880.79,1354.8123,1.23,96.5,94.9
5582,-12702.49,1329.7642,1.23,100.0,95.0
5583,-12695.66,815.5384,1.18,100.0,95.0
5584,-12715.81,1028.5602,1.17,100.0,95.1
5585,-12698.13,629.6944,1.24,100.0,95.2
5586,-12880.79,2006.8841,1.28,96.0,95.3
5587,-12747.29,824.262,1.24,100.0,95.3
5588,-12695.19,1238.8771,1.25,100.0,95.2
5589,-12880.79,1495.2668,1.17,100.0,95.3
5590,-12678.7,1358.9933,1.21,100.0,95.3
5591,-12702.49,860.0829,1.22,100.0,95.3
5592,-12679.09,495.8269,1.24,100.0,95.4
5593,-12702.49,510.2783,1.24,100.0,95.4
5594,-12751.65,1194.4835,1.19,100.0,95.4
5595,-12740.48,788.2854,1.2,100.0,95.4
5596,-12739.94,597.8954,1.25,100.0,95.5
5597,-12716.15,757.021,1.23,100.0,95.5
5598,-12678.7,831.2213,1.21,100.0,95.5
5599,-12684.02,306.0686,1.17,100.0,95.5
5600,-12702.49,256.3713,1.21,100.0,95.6
5601,-12744.35,851.6054,1.28,100.0,95.6
5602,-12678.7,148.5418,1.26,93.5,95.7
5603,-12671.4,128.7639,1.3,98.7,95.7
5604,-12667.78,95.5214,1.26,98.6,95.7
5605,-12671.4,66.9075,1.22,100.0,95.7
5606,-12671.4,42.045,1.18,100.0,95.7
5607,-12655.82,48.4601,1.23,100.0,95.7
5608,-12690.78,91.1412,1.32,98.8,95.9
5609,-12670.47,55.8553,1.22,99.4,95.8
5610,-12655.82,27.6379,1.23,100.0,95.9
5611,-12666.99,17.6727,1.2,100.0,95.9
5612,-12663.37,29.0369,1.21,100.0,95.9
5613,-12655.82,17.6316,1.25,100.0,95.9
5614,-12666.99,4.8282,1.23,96.1,96.0
5615,-12671.4,4.2846,1.19,100.0,96.0
5616,-12716.15,417.2315,1.23,100.0,96.0
5617,-12731.71,285.3156,1.2,100.0,96.0
5618,-12731.71,252.4475,1.28,100.0,96.1
5619,-12727.82,181.4233,1.31,85.3,96.2
5620,-12707.92,171.7466,1.17,100.0,96.1
5621,-12727.82,129.0356,1.19,100.0,96.1
5622,-12704.03,129.7253,1.2,100.0,96.2
5623,-12704.03,98.4818,1.24,100.0,96.2
5624,-12719.09,71.3741,1.28,86.1,96.4
5625,-12707.92,49.3845,1.25,100.0,96.6
5626,-12754.13,196.6924,1.25,100.0,96.6
5627,-12742.96,149.9823,1.22,100.0,96.6
5628,-12723.5,62.6519,1.18,100.0,96.5
5629,-12719.09,49.621,1.28,100.0,96.5
5630,-12707.92,31.0613,1.2,99.5,95.9
5631,-12712.33,20.4418,1.23,100.0,96.0
5632,-12707.92,10.1514,1.28,97.9,96.1
5633,-12704.5,32.5749,1.21,100.0,95.6
5634,-12751.19,207.5481,1.23,100.0,95.7
5635,-12715.67,30.7339,1.23,100.0,95.7
5636,-12716.94,23.2208,1.19,100.0,95.8
5637,-12716.94,9.9016,1.24,100.0,95.8
5638,-12712.53,8.0339,1.27,100.0,95.8
5639,-12727.39,42.2606,1.22,100.0,95.9
5640,-12655.34,479.1078,1.27,100.0,95.9
5641,-12670.92,249.5808,1.22,100.0,95.9
5642,-12720.08,392.8219,1.27,100.0,96.1
5643,-12720.08,334.9793,1.19,100.0,96.2
5644,-12704.5,103.9668,1.2,100.0,96.2
5645,-12670.92,566.0978,1.27,100.0,96.6
5646,-12716.94,84.7542,1.23,99.2,96.6
5647,-12715.67,53.6944,1.31,100.0,97.6
5648,-12670.92,241.4389,1.24,100.0,97.7
5649,-12667.78,186.0045,1.19,100.0,97.8
5650,-12695.59,247.9389,1.24,100.0,97.8
5651,-12720.08,439.8904,1.23,100.0,97.9
5652,-12695.59,187.2298,1.23,100.0,97.9
5653,-12730.62,344.3929,1.23,100.0,97.9
5654,-12688.28,166.4812,1.21,100.0,97.9
5655,-12688.28,120.2667,1.21,100.0,97.9
5656,-12688.28,92.0053,1.24,100.0,97.9
5657,-12675.09,76.8432,1.23,100.0,97.9
5658,-12688.28,71.4023,1.22,100.0,97.9
5659,-12695.59,55.035,1.2,100.0,97.9
5660,-12690.81,60.4342,1.19,100.0,97.9
5661,-12727.39,357.3494,1.27,100.0,98.0
5662,-12747.27,189.8704,1.27,98.1,97.9
5663,-12688.28,453.3263,1.25,98.7,97.8
5664,-12695.59,383.0043,1.21,100.0,97.9
5665,-12667.78,142.2461,1.17,100.0,97.9
5666,-12675.09,69.984,1.22,100.0,98.0
5667,-12666.51,153.8637,1.27,100.0,98.0
5668,-12716.94,436.2397,1.3,89.3,97.9
5669,-12709.39,237.2214,1.22,100.0,97.8
5670,-12675.99,480.3903,1.23,100.0,97.8
5671,-12666.51,395.9092,1.22,100.0,97.9
5672,-12716.94,127.6976,1.2,100.0,97.9
5673,-12675.09,122.804,1.32,96.6,97.6
5674,-12675.09,59.0826,1.23,99.6,96.8
5675,-12695.59,127.0827,1.2,100.0,97.4
5676,-12667.78,52.6828,1.29,100.0,97.3
5677,-12663.37,42.4279,1.27,99.2,96.8
5678,-12675.09,25.0832,1.21,100.0,96.7
5679,-12663.37,22.3697,1.23,100.0,96.7
5680,-12663.37,13.6433,1.21,100.0,96.7
5681,-12710.12,164.6983,1.23,100.0,96.7
5682,-12702.82,107.6167,1.21,99.2,96.4
5683,-12667.78,58.1265,1.18,100.0,96.4
5684,-12675.09,58.3193,1.24,99.8,96.4
5685,-12687.16,31.1317,1.23,100.0,96.2
5686,-12679.61,35.4808,1.27,100.0,96.2
5687,-12663.37,46.8526,1.27,94.7,96.3
5688,-12687.16,50.5443,1.16,99.5,96.3
5689,-12663.37,28.747,1.2,100.0,96.4
5690,-12663.37,22.6085,1.23,100.0,96.4
5691,-12715.67,498.4059,1.28,100.0,96.3
5692,-12666.99,129.2373,1.33,99.2,96.3
5693,-12663.37,58.2565,1.23,99.6,96.2
5694,-12663.37,28.3078,1.22,100.0,96.1
5695,-12658.76,62.1696,1.23,100.0,96.2
5696,-12719.09,485.9367,1.18,100.0,96.1
5697,-12709.39,366.8252,1.26,100.0,96.2
5698,-12669.93,317.8007,1.18,100.0,95.5
5699,-12663.37,278.5846,1.22,100.0,95.6
5700,-12666.99,95.4331,1.3,99.1,95.7
5701,-12712.53,485.3446,1.24,100.0,95.7
5702,-12728.29,575.3704,1.28,100.0,95.6
5703,-12679.61,245.2738,1.33,99.1,95.7
5704,-12707.92,205.6754,1.12,99.8,95.6
5705,-12658.76,281.0959,1.25,100.0,95.5
5706,-12704.03,164.1884,1.24,100.0,95.7
5707,-12725.15,200.7209,1.24,100.0,95.7
5708,-12663.37,367.9348,1.28,98.5,95.8
5709,-12712.53,112.9545,1.2,100.0,95.8
5710,-12712.53,88.4334,1.2,100.0,95.8
5711,-12667.78,321.2473,1.25,100.0,95.8
5712,-12667.78,180.453,1.24,100.0,95.8
5713,-12675.09,69.8471,1.25,100.0,95.9
5714,-12853.38,4681.5548,1.23,100.0,95.8
5715,-12675.09,160.9884,1.19,100.0,95.9
5716,-12670.78,101.965,1.24,100.0,95.9
5717,-12675.99,133.1695,1.26,100.0,96.0
5718,-12663.37,47.5051,1.23,100.0,96.1
5719,-12663.37,23.3631,1.26,100.0,96.0
5720,-12675.09,21.6748,1.16,99.8,96.0
5721,-12675.09,15.0576,1.21,100.0,96.1
5722,-12710.12,162.6562,1.32,97.0,96.0
5723,-12663.37,47.6092,1.24,93.1,96.0
5724,-12660.23,53.7141,1.22,99.7,96.1
5725,-12702.82,155.9186,1.25,99.7,96.0
5726,-12652.2,32.5323,1.18,100.0,96.0
5727,-12667.78,19.4946,1.2,100.0,96.1
5728,-12667.78,11.709,1.24,100.0,96.2
5729,-12663.37,5.7304,1.22,100.0,96.3
5730,-12667.78,1.8063,1.26,100.0,96.3
5731,-12667.78,1.274,1.24,100.0,96.3
5732,-12868.2,4841.3409,1.19,100.0,96.2
5733,-12884.65,3953.8838,1.32,100.0,96.2
5734,-12882.76,2943.3699,1.28,100.0,96.2
5735,-12861.64,2041.7791,1.26,100.0,96.3
5736,-12868.67,1676.3961,1.31,100.0,96.3
5737,-12869.82,1608.3067,1.35,92.4,96.3
5738,-12891.32,1743.0141,1.18,100.0,96.4
5739,-12930.28,1560.163,1.23,100.0,96.4
5740,-12885.37,1209.4081,1.21,100.0,96.4
5741,-12906.49,1013.1047,1.26,100.0,96.4
5742,-12883.98,1098.7835,1.28,89.2,96.4
5743,-12805.21,1889.394,1.19,100.0,96.4
5744,-12822.19,1290.8732,1.2,100.0,96.4
5745,-12837.86,1377.1125,1.2,100.0,96.5
5746,-12613.84,5953.9701,1.24,100.0,96.5
5747,-12819.24,917.6056,1.28,98.7,96.5
5748,-12817.98,747.2836,1.22,100.0,96.4
5749,-12369.9,17187.5911,1.21,100.0,96.5
5750,-12590.05,4839.4991,1.23,100.0,96.5
5751,-12664.88,3786.9775,1.24,100.0,96.5
5752,-12365.54,6369.4126,1.28,100.0,96.6
5753,-12422.07,2968.3039,1.19,99.6,96.6
5754,-12471.28,2300.1684,1.17,100.0,96.5
5755,-12469.45,1713.9919,1.23,100.0,96.6
5756,-12451.42,1066.9178,1.26,100.0,96.7
5757,-12423.61,769.6309,1.29,95.3,96.8
5758,-12425.16,528.4061,1.23,98.0,96.7
5759,-12437.07,439.4391,1.19,100.0,96.7
5760,-12366.09,271.464,1.19,100.0,96.8
5761,-12447.53,177.0787,1.2,100.0,96.6
5762,-12415.44,280.7718,1.21,100.0,96.7
5763,-12513.9,777.6501,1.3,100.0,96.7
5764,-12377.34,289.3387,1.29,100.0,96.9
5765,-12377.73,285.5923,1.23,100.0,96.8
5766,-12442.87,142.2431,1.21,100.0,96.8
5767,-12387.92,135.2985,1.25,100.0,96.9
5768,-12606.04,3847.0827,1.24,100.0,96.4
5769,-12391.99,189.3842,1.24,100.0,96.5
5770,-12415.08,71.4963,1.22,99.9,96.4
5771,-12439.72,218.9919,1.19,100.0,96.5
5772,-12391.65,129.6731,1.23,100.0,96.6
5773,-12393.35,79.4688,1.22,100.0,96.6
5774,-12360.88,59.6652,1.28,100.0,96.7
5775,-12370.25,61.0651,1.28,85.4,96.7
5776,-12365.81,140.8615,1.19,100.0,96.6
5777,-12356.67,57.0304,1.2,100.0,96.7
5778,-12361.11,53.4748,1.19,100.0,96.7
5779,-12371.16,35.415,1.25,100.0,96.8
5780,-12343.81,49.443,1.33,90.5,96.8
5781,-12343.74,41.0333,1.23,99.9,96.6
5782,-12365.47,22.2452,1.27,100.0,96.6
5783,-12369.9,14.6656,1.18,100.0,96.4
5784,-12369.9,4.4149,1.22,100.0,96.4
5785,-12369.9,3.343,1.24,96.8,96.5
5786,-12365.54,17.8538,1.22,100.0,96.6
5787,-12365.88,28.8893,1.26,100.0,96.4
5788,-12371.51,33.9402,1.22,100.0,96.5
5789,-12383.18,36.4919,1.16,100.0,96.1
5790,-12389.33,83.4594,1.27,100.0,96.2
5791,-12389.26,57.4784,1.26,98.6,96.3
5792,-12561.54,7960.1814,1.28,100.0,96.3
5793,-12396.78,247.8973,1.23,100.0,96.3
5794,-12561.54,6875.3494,1.21,93.1,96.2
5795,-12393.69,222.0281,1.23,100.0,96.2
5796,-12391.09,191.3556,1.31,98.1,96.3
5797,-12419.73,227.2392,1.23,100.0,96.3
5798,-12356.56,236.9558,1.3,100.0,96.3
5799,-12371.95,53.7582,1.18,99.3,96.3
5800,-12367.52,37.241,1.14,99.8,96.4
5801,-12425.66,138.116,1.24,99.1,96.4
5802,-12391.16,97.923,1.21,100.0,96.4
5803,-12363.16,28.5473,1.3,100.0,96.4
5804,-12373.22,56.464,1.28,100.0,96.5
5805,-12373.22,36.3214,1.19,100.0,96.7
5806,-12394.95,55.8027,1.24,100.0,96.6
5807,-12367.59,61.12,1.25,100.0,96.7
5808,-12345.07,136.2862,1.23,100.0,96.8
5809,-12348.17,112.6289,1.23,100.0,97.0
5810,-12417.91,369.7393,1.18,100.0,97.0
5811,-12401.87,267.6052,1.23,100.0,97.0
5812,-12417.91,220.1258,1.24,99.6,97.1
5813,-12401.87,146.72,1.27,100.0,96.7
5814,-12345.07,70.4405,1.3,95.8,96.8
5815,-12345.0,70.2202,1.21,100.0,96.7
5816,-12362.37,101.0147,1.16,100.0,96.8
5817,-12339.37,40.1261,1.23,100.0,97.0
5818,-12339.37,14.4197,1.28,100.0,97.0
5819,-12397.43,182.5328,1.24,97.8,97.1
5820,-12360.08,99.1063,1.23,100.0,97.2
5821,-12382.95,247.35,1.21,100.0,97.2
5822,-12421.33,230.9442,1.19,100.0,97.2
5823,-12340.63,127.457,1.21,100.0,97.3
5824,-12366.8,136.0871,1.23,100.0,97.3
5825,-12346.28,76.9517,1.19,100.0,97.3
5826,-12434.92,206.878,1.23,100.0,97.4
5827,-12374.93,126.6232,1.17,100.0,97.4
5828,-12430.51,277.7584,1.27,100.0,97.4
5829,-12341.84,249.063,1.25,98.6,97.1
5830,-12394.53,206.7723,1.19,100.0,97.4
5831,-12361.29,106.3916,1.23,100.0,97.5
5832,-12407.1,195.799,1.17,100.0,97.6
5833,-12342.17,139.6319,1.21,100.0,97.6
5834,-12377.23,82.5817,1.29,91.0,97.7
5835,-12572.99,7218.8489,1.26,100.0,97.5
5836,-12353.45,520.0237,1.27,100.0,97.6
5837,-12341.84,551.1607,1.26,100.0,97.4
5838,-12340.63,160.7144,1.17,99.4,97.7
5839,-12375.66,380.1474,1.24,100.0,97.5
5840,-12340.63,63.4822,1.25,100.0,97.5
5841,-12344.65,41.2383,1.23,100.0,97.6
5842,-12349.43,28.5891,1.26,100.0,97.8
5843,-12343.39,40.2989,1.19,100.0,97.7
5844,-12380.1,204.7793,1.24,100.0,97.8
5845,-12384.12,113.6163,1.27,97.4,97.6
5846,-12339.37,56.1091,1.21,100.0,97.6
5847,-12345.07,46.7327,1.24,100.0,97.8
5848,-12380.1,102.317,1.18,100.0,97.9
5849,-12341.84,75.1645,1.2,100.0,97.8
5850,-12401.87,274.8682,1.27,98.6,97.8
5851,-12345.07,39.3702,1.24,100.0,97.9
5852,-12340.63,53.3106,1.27,100.0,97.9
5853,-12340.63,31.8312,1.27,99.6,97.9
5854,-12395.74,219.8466,1.2,99.7,97.9
5855,-12418.1,210.5605,1.23,100.0,97.9
5856,-12395.74,108.6233,1.22,100.0,97.9
5857,-12395.74,55.4227,1.21,100.0,97.9
5858,-12343.38,133.1818,1.26,100.0,97.9
5859,-12360.08,165.3038,1.23,100.0,98.0
5860,-12337.73,82.4364,1.23,100.0,97.5
5861,-12340.63,85.4594,1.25,99.8,97.5
5862,-12350.29,86.973,1.29,100.0,97.5
5863,-12346.28,37.3859,1.24,97.7,97.6
5864,-12341.84,27.1641,1.23,100.0,97.6
5865,-12403.33,305.1541,1.18,100.0,97.6
5866,-12344.65,48.9554,1.2,100.0,97.7
5867,-12340.63,18.9261,1.24,98.6,97.7
5868,-12345.07,17.1871,1.23,96.7,97.9
5869,-12342.17,47.1545,1.25,100.0,97.9
5870,-12341.84,28.6647,1.21,100.0,97.8
5871,-12380.05,197.4464,1.19,100.0,97.4
5872,-12338.94,253.3999,1.27,97.9,97.4
5873,-12341.84,141.0037,1.27,94.9,97.4
5874,-12395.74,220.7674,1.21,99.1,97.4
5875,-12415.08,574.8829,1.23,100.0,97.6
5876,-12398.64,159.116,1.21,100.0,97.6
5877,-12340.63,54.5141,1.24,100.0,97.4
5878,-12364.52,96.8173,1.24,97.9,97.6
5879,-12341.84,21.6161,1.27,100.0,97.5
5880,-12346.28,22.3699,1.25,100.0,97.5
5881,-12337.73,59.1797,1.24,100.0,97.5
5882,-12340.63,11.248,1.18,100.0,97.6
5883,-12361.29,64.8898,1.28,100.0,97.5
5884,-12337.73,17.2015,1.29,97.0,97.1
5885,-12338.94,10.9077,1.18,100.0,96.7
5886,-12418.1,230.8483,1.22,100.0,96.8
5887,-12395.74,184.1469,1.17,100.0,96.6
5888,-12435.64,361.5843,1.28,100.0,96.7
5889,-12338.94,96.5775,1.29,86.9,95.9
5890,-12439.86,286.3353,1.21,100.0,95.9
5891,-12338.94,130.0857,1.22,100.0,95.9
5892,-12337.73,60.9521,1.2,100.0,96.0
5893,-12341.84,96.439,1.21,100.0,96.0
5894,-12341.95,55.5091,1.27,99.5,95.9
5895,-12341.84,32.396,1.3,100.0,95.2
5896,-12395.74,164.8702,1.21,100.0,95.2
5897,-12395.74,135.4087,1.23,100.0,95.2
5898,-12342.17,40.5957,1.23,100.0,95.2
5899,-12338.94,40.9211,1.2,100.0,95.3
5900,-12337.73,42.0107,1.23,100.0,95.3
5901,-12364.52,62.3981,1.24,100.0,95.1
5902,-12345.07,67.4401,1.23,100.0,95.2
5903,-12341.95,51.7749,1.28,100.0,95.3
5904,-12344.65,56.6273,1.19,99.5,95.2
5905,-12333.3,59.7485,1.21,100.0,95.1
5906,-12337.73,28.2081,1.25,100.0,95.1
5907,-12383.06,321.0783,1.23,100.0,95.1
5908,-12395.74,245.3319,1.27,100.0,95.5
5909,-12378.84,98.0096,1.21,99.8,95.4
5910,-12337.73,187.777,1.2,100.0,95.5
5911,-12337.73,73.3055,1.24,100.0,95.5
5912,-12338.94,41.3011,1.2,100.0,95.5
5913,-12333.71,40.4647,1.23,100.0,95.5
5914,-12516.01,752.75,1.34,100.0,95.2
5915,-12469.1,280.9203,1.23,100.0,95.1
5916,-12412.3,176.9067,1.23,100.0,95.3
5917,-12551.76,2814.4813,1.25,100.0,95.3
5918,-12411.09,168.7906,1.25,100.0,95.3
5919,-12338.94,402.6468,1.25,100.0,95.3
5920,-12370.84,122.5282,1.17,100.0,95.3
5921,-12338.94,70.0755,1.18,100.0,95.2
5922,-12469.1,388.2426,1.25,99.9,95.0
5923,-12338.94,377.8949,1.25,100.0,95.0
5924,-12338.94,354.5421,1.25,99.2,94.8
5925,-12453.13,460.8108,1.23,100.0,94.8
5926,-12384.27,293.8943,1.22,100.0,94.8
5927,-12337.73,56.8271,1.21,100.0,94.8
5928,-12416.52,371.2901,1.21,100.0,94.7
5929,-12337.73,50.2064,1.23,100.0,94.8
5930,-12338.94,18.9031,1.27,100.0,94.9
5931,-12337.73,16.815,1.27,100.0,95.0
5932,-12337.41,17.5448,1.2,100.0,95.0
5933,-12344.65,31.4071,1.22,100.0,94.9
5934,-12337.73,44.7647,1.23,100.0,94.8
5935,-12375.66,257.4867,1.2,100.0,94.9
5936,-12367.82,236.1518,1.25,100.0,95.0
5937,-12372.76,118.2243,1.18,100.0,95.1
5938,-12367.82,82.8627,1.2,100.0,95.1
5939,-12497.98,587.929,1.26,99.8,95.1
5940,-12447.33,200.4307,1.23,99.6,95.2
5941,-12345.49,700.3061,1.26,100.0,95.2
5942,-12340.55,590.3427,1.31,99.8,95.1
5943,-12349.6,336.1014,1.23,93.0,95.2
5944,-12369.06,262.8615,1.21,100.0,95.3
5945,-12341.06,116.2341,1.23,100.0,95.1
5946,-12340.55,78.2984,1.17,100.0,94.4
5947,-12372.46,111.3477,1.25,100.0,93.7
5948,-12352.41,97.8705,1.22,100.0,93.8
5949,-12421.75,292.5471,1.25,100.0,93.8
5950,-12348.4,109.8841,1.3,98.4,93.2
5951,-12348.4,43.5308,1.34,95.0,91.5
5952,-12348.4,29.6272,1.21,100.0,91.6
5953,-12343.96,17.5031,1.2,100.0,91.4
5954,-12386.61,198.4583,1.19,100.0,91.4
5955,-12345.49,139.7702,1.26,100.0,91.4
5956,-12349.93,39.6535,1.29,95.1,91.5
5957,-12348.4,45.2726,1.17,100.0,91.5
5958,-12352.41,37.4535,1.22,100.0,91.6
5959,-12346.7,62.1635,1.2,100.0,91.5
5960,-12414.83,565.9881,1.23,100.0,91.6
5961,-13290.32,153906.2422,1.34,100.0,91.2
5962,-12471.64,416.5953,1.17,100.0,91.1
5963,-13294.13,124505.4023,1.27,100.0,91.2
5964,-12438.46,231.9649,1.23,100.0,91.2
5965,-12340.55,117.8635,1.2,100.0,91.3
5966,-12408.92,472.1904,1.26,100.0,91.3
5967,-12413.91,462.3955,1.28,98.9,91.2
5968,-12387.81,124.2271,1.19,100.0,91.3
5969,-12346.7,466.469,1.18,100.0,91.4
5970,-12346.7,254.6072,1.17,100.0,91.4
5971,-12386.61,245.53,1.27,100.0,91.4
5972,-12390.83,231.0413,1.25,99.3,91.5
5973,-12443.57,144.7449,1.23,99.1,91.4
5974,-12413.91,145.6393,1.24,100.0,91.4
5975,-12420.06,69.7707,1.19,100.0,91.5
5976,-12342.27,287.5558,1.18,100.0,91.6
5977,-12349.61,295.4202,1.24,100.0,91.6
5978,-12389.51,413.2681,1.26,100.0,91.5
5979,-12343.96,113.5775,1.23,100.0,91.5
5980,-12341.06,69.7459,1.26,100.0,91.5
5981,-12387.83,454.4254,1.22,100.0,91.5
5982,-12347.98,43.2885,1.22,100.0,91.6
5983,-12352.42,32.7668,1.21,100.0,91.7
5984,-12348.4,16.2758,1.26,100.0,91.7
5985,-12343.96,13.2375,1.2,100.0,91.6
5986,-12347.98,15.9406,1.18,100.0,91.7
5987,-12347.98,11.5833,1.2,100.0,91.6
5988,-12346.72,11.443,1.24,100.0,91.7
5989,-12348.4,17.0813,1.27,93.8,91.8
5990,-13133.68,80978.7598,1.28,98.7,91.7
5991,-12989.79,66239.1201,1.27,100.0,91.8
5992,-12947.89,53626.9238,1.25,100.0,91.8
5993,-12998.71,46343.1846,1.23,100.0,91.8
5994,-12930.03,36842.0996,1.27,100.0,91.8
5995,-13082.63,36886.585,1.26,100.0,91.8
5996,-12879.41,21179.3623,1.25,100.0,91.8
5997,-12846.93,16273.1086,1.29,100.0,91.9
5998,-12803.38,14372.8242,1.27,100.0,91.9
5999,-12814.94,13195.1167,1.25,100.0,92.0
6000,-12893.81,11730.2173,1.27,100.0,92.0
6001,-12439.39,6857.5137,1.29,97.7,92.0
6002,-12400.97,4804.4567,1.19,100.0,92.0
6003,-12432.71,2995.2913,1.21,100.0,92.0
6004,-12418.45,1557.6745,1.16,100.0,92.1
6005,-12483.94,1030.6455,1.23,100.0,92.1
6006,-12486.91,623.981,1.27,83.0,92.2
6007,-12863.12,15356.3904,1.32,99.9,92.1
6008,-12346.7,1632.5934,1.34,100.0,92.2
6009,-12369.06,867.1122,1.26,100.0,92.2
6010,-12387.81,462.4778,1.16,97.5,92.3
6011,-12432.36,362.934,1.2,100.0,92.3
6012,-12404.84,119.1302,1.24,99.4,92.2
6013,-12410.17,42.3373,1.21,100.0,92.2
6014,-12403.64,28.3991,1.27,100.0,92.3
6015,-12342.7,181.6731,1.21,100.0,92.4
6016,-12575.07,8925.3572,1.2,100.0,92.4
6017,-12579.5,7668.6045,1.24,100.0,92.5
6018,-12369.97,750.1877,1.21,100.0,92.4
6019,-12343.96,746.4182,1.27,100.0,92.6
6020,-12383.81,328.7161,1.19,100.0,92.5
6021,-12571.25,7757.0739,1.13,99.1,92.7
6022,-12347.98,117.9039,1.27,99.3,92.9
6023,-12347.14,73.7709,1.26,98.3,93.1
6024,-12602.33,8306.6989,1.24,100.0,93.1
6025,-12370.54,249.1754,1.27,100.0,93.2
6026,-12370.54,176.4468,1.18,99.4,93.3
6027,-12366.1,56.498,1.19,100.0,93.3
6028,-12366.1,48.6678,1.23,100.0,93.3
6029,-12342.7,82.5876,1.22,100.0,93.2
6030,-12387.83,249.7608,1.29,100.0,93.3
6031,-12342.7,87.3888,1.21,100.0,93.3
6032,-12383.81,129.1386,1.18,100.0,93.3
6033,-12343.96,94.8504,1.25,100.0,93.5
6034,-12343.96,39.1741,1.21,100.0,93.6
6035,-12347.13,36.6144,1.2,100.0,93.5
6036,-12343.96,23.0275,1.18,100.0,93.5
6037,-12342.7,10.3823,1.19,100.0,93.6
6038,-12606.77,8958.1484,1.25,100.0,93.7
6039,-12567.81,7133.5798,1.25,97.5,93.9
6040,-12575.41,5018.8962,1.23,100.0,94.1
6041,-12575.41,3765.6566,1.24,99.9,93.8
6042,-12375.81,3511.176,1.19,100.0,94.1
6043,-12596.03,3254.6835,1.19,100.0,94.0
6044,-12622.17,2798.3456,1.24,100.0,94.1
6045,-12639.24,2065.0093,1.28,100.0,94.0
6046,-12615.84,1696.5447,1.24,100.0,94.0
6047,-12811.67,2295.1128,1.19,100.0,93.5
6048,-12770.25,1806.1554,1.21,100.0,93.5
6049,-12797.29,1152.1519,1.22,100.0,93.6
6050,-12619.68,3996.5022,1.22,100.0,93.6
6051,-12607.79,4221.8156,1.2,100.0,93.7
6052,-12677.82,2302.0806,1.17,100.0,93.6
6053,-12607.79,1650.0774,1.22,100.0,93.7
6054,-12836.2,2286.6134,1.23,100.0,93.8
6055,-12584.39,755.9199,1.25,99.7,93.8
6056,-12646.7,932.081,1.33,92.8,93.9
6057,-12697.63,1589.9937,1.28,99.9,93.9
6058,-12878.98,4077.7498,1.22,100.0,94.0
6059,-12685.66,1070.2856,1.19,100.0,94.0
6060,-12900.87,2442.9623,1.22,100.0,94.1
6061,-12881.77,1822.424,1.27,98.9,94.1
6062,-12892.04,1200.0619,1.25,98.5,94.1
6063,-12885.59,1122.2739,1.24,100.0,93.9
6064,-12694.17,2908.069,1.23,100.0,94.0
6065,-12694.17,1941.5334,1.17,100.0,94.1
6066,-12717.57,1234.6995,1.26,100.0,94.1
6067,-12709.07,1062.563,1.22,97.0,94.3
6068,-12717.57,906.7463,1.17,100.0,94.2
6069,-12887.73,3354.0906,1.24,100.0,94.2
6070,-12713.26,712.6101,1.24,100.0,94.2
6071,-12887.73,2202.1869,1.23,100.0,94.2
6072,-12678.23,1316.7661,1.28,94.6,94.3
6073,-12852.7,1803.9182,1.22,100.0,94.4
6074,-12852.7,1432.1439,1.25,100.0,94.5
6075,-12852.7,1022.8029,1.2,100.0,94.4
6076,-12678.23,3476.2983,1.15,99.9,94.4
6077,-12654.83,3141.7675,1.27,98.9,94.4
6078,-12682.54,1947.5518,1.29,98.0,94.5
6079,-12717.57,1088.9458,1.21,100.0,94.6
6080,-12717.57,987.1709,1.23,100.0,94.6
6081,-12713.26,859.4721,1.19,100.0,94.6
6082,-12659.13,605.0867,1.25,100.0,94.7
6083,-12659.13,472.2562,1.27,97.9,94.7
6084,-12654.83,248.1427,1.16,100.0,94.7
6085,-12852.7,5879.0787,1.22,100.0,94.7
6086,-12678.23,361.6903,1.21,100.0,94.8
6087,-12678.23,267.1395,1.2,100.0,94.8
6088,-12678.23,209.1016,1.3,99.4,94.7
6089,-12659.13,105.2942,1.29,97.7,94.8
6090,-12829.3,4003.0635,1.26,100.0,94.8
6091,-12842.06,2680.8182,1.22,100.0,94.9
6092,-12852.7,1695.0975,1.14,100.0,94.9
6093,-12829.3,1249.0554,1.24,100.0,94.9
6094,-12690.55,3269.1292,1.3,96.6,94.9
6095,-12651.22,3246.1223,1.23,100.0,95.0
6096,-12848.63,1062.8653,1.27,100.0,95.0
6097,-12678.23,2013.2086,1.19,100.0,96.2
6098,-12682.54,1431.6481,1.21,100.0,96.2
6099,-12659.13,802.9767,1.25,100.0,96.2
6100,-12682.54,754.9092,1.23,100.0,95.7
6101,-12659.13,626.2434,1.22,100.0,95.8
6102,-12678.23,591.9257,1.21,100.0,95.4
6103,-12659.13,492.5779,1.19,100.0,95.4
6104,-12678.23,486.9337,1.23,100.0,95.4
6105,-12659.13,318.3466,1.22,100.0,95.1
6106,-12678.23,377.5453,1.21,100.0,95.2
6107,-12852.7,3251.0345,1.21,100.0,95.2
6108,-12852.7,2392.9989,1.2,100.0,95.1
6109,-12887.73,1916.5268,1.24,100.0,95.2
6110,-12852.7,1686.0478,1.28,98.2,94.8
6111,-12881.29,1667.0655,1.21,100.0,94.8
6112,-12852.7,1183.7645,1.22,100.0,95.0
6113,-12857.0,984.7631,1.18,98.9,94.9
6114,-12713.26,1950.5766,1.26,98.9,93.4
6115,-12887.73,1147.9154,1.23,100.0,93.4
6116,-12852.7,768.8308,1.18,100.0,93.4
6117,-12678.23,2825.6445,1.18,100.0,93.4
6118,-12852.7,575.7155,1.24,100.0,93.5
6119,-12713.26,2673.04,1.28,96.0,93.4
6120,-12669.73,2658.0883,1.21,100.0,93.4
6121,-12844.2,1115.7572,1.21,100.0,93.5
6122,-12844.2,984.2086,1.2,100.0,93.7
6123,-12678.23,1665.133,1.21,100.0,93.6
6124,-12659.13,1551.1352,1.23,99.3,93.4
6125,-12857.0,1708.4707,1.2,100.0,93.4
6126,-12829.3,1589.71,1.23,100.0,93.4
6127,-12857.0,914.5501,1.22,100.0,93.5
6128,-12678.23,2563.7956,1.25,100.0,93.6
6129,-12833.6,630.1188,1.27,100.0,93.7
6130,-12678.23,2780.0256,1.31,98.1,93.7
6131,-12844.2,557.0989,1.21,100.0,93.6
6132,-12669.73,2441.1046,1.2,100.0,93.6
6133,-12646.33,1880.8323,1.2,100.0,93.6
6134,-12678.23,1146.8819,1.26,100.0,93.7
6135,-12678.23,1014.0094,1.28,92.8,93.9
6136,-12876.49,3516.679,1.23,97.1,93.9
6137,-12876.49,2487.4177,1.27,100.0,93.9
6138,-12703.07,844.024,1.19,100.0,93.9
6139,-12695.24,1140.4413,1.19,100.0,93.9
6140,-12749.3,928.3287,1.28,100.0,93.9
6141,-12763.52,972.8712,1.24,99.6,94.0
6142,-12739.96,860.1235,1.23,100.0,94.0
6143,-12739.96,771.719,1.23,100.0,94.0
6144,-12739.96,669.6216,1.19,100.0,94.0
6145,-12736.19,567.6071,1.24,100.0,94.0
6146,-12704.98,766.5267,1.22,99.8,94.1
6147,-12716.17,578.3037,1.2,100.0,94.1
6148,-12716.17,424.4675,1.21,100.0,94.1
6149,-12712.4,425.4085,1.19,100.0,94.2
6150,-12705.0,312.9276,1.22,100.0,94.2
6151,-12716.17,264.4692,1.27,98.6,94.2
6152,-12716.17,218.355,1.24,94.9,94.3
6153,-12719.09,184.8963,1.22,100.0,94.2
6154,-12707.92,147.399,1.16,100.0,94.3
6155,-12716.17,90.2588,1.22,100.0,94.3
6156,-12716.17,44.9928,1.24,99.3,94.4
6157,-12705.0,21.6708,1.24,98.3,94.4
6158,-12707.92,32.5401,1.22,100.0,94.2
6159,-12710.05,29.2313,1.21,100.0,94.3
6160,-12704.03,61.8995,1.22,100.0,94.4
6161,-12704.03,27.9183,1.21,100.0,94.4
6162,-12701.1,13.1029,1.22,100.0,94.5
6163,-12704.03,9.2601,1.22,100.0,94.6
6164,-12701.1,8.7598,1.2,100.0,94.5
6165,-12728.63,128.7009,1.23,100.0,94.5
6166,-12733.69,108.8075,1.23,100.0,94.6
6167,-12701.1,329.8494,1.26,100.0,94.6
6168,-12748.53,208.6853,1.32,95.1,94.7
6169,-12701.1,163.9705,1.24,100.0,94.9
6170,-12701.1,44.2107,1.18,100.0,94.8
6171,-12724.74,225.5049,1.21,100.0,94.8
6172,-12701.1,142.1746,1.23,100.0,94.8
6173,-12757.47,269.2334,1.27,100.0,94.9
6174,-12710.05,115.5973,1.27,97.7,95.0
6175,-12733.69,188.5103,1.19,100.0,95.0
6176,-12733.69,98.0024,1.21,100.0,95.1
6177,-12712.98,230.4332,1.24,100.0,95.2
6178,-12712.98,93.2147,1.22,100.0,95.1
6179,-12710.05,89.5528,1.26,100.0,95.4
6180,-12733.69,153.4262,1.2,100.0,95.4
6181,-12710.05,262.1225,1.23,100.0,95.4
6182,-12710.05,221.7213,1.23,100.0,95.4
6183,-12710.05,41.5148,1.2,100.0,95.5
6184,-12710.05,73.9474,1.26,100.0,95.4
6185,-12710.05,23.2883,1.27,93.2,95.6
6186,-12733.69,82.1645,1.13,99.0,94.9
6187,-12701.1,285.9205,1.22,99.7,94.9
6188,-12701.1,150.8577,1.25,100.0,95.0
6189,-12704.03,107.6956,1.23,100.0,95.1
6190,-12716.87,100.1329,1.26,99.6,94.7
6191,-12701.1,30.4255,1.15,100.0,94.7
6192,-12704.03,27.163,1.23,100.0,94.6
6193,-12704.03,16.2593,1.23,100.0,94.7
6194,-12704.03,11.6001,1.23,100.0,94.7
6195,-12704.03,7.4783,1.24,100.0,94.8
6196,-12750.71,234.8662,1.16,100.0,94.8
6197,-12732.79,75.6077,1.22,100.0,94.9
6198,-12849.44,3467.737,1.3,96.7,95.1
6199,-12732.79,78.5768,1.21,100.0,95.1
6200,-12732.79,30.9547,1.26,100.0,95.2
6201,-12906.01,4507.3969,1.27,97.4,95.1
6202,-12906.01,3322.5657,1.17,100.0,95.1
6203,-12856.85,1837.3385,1.24,99.9,95.1
6204,-12861.15,1377.2047,1.25,100.0,95.1
6205,-12861.15,1109.0938,1.25,100.0,95.2
6206,-12906.01,757.1909,1.28,98.7,95.1
6207,-12856.85,819.2124,1.14,100.0,95.2
6208,-12686.68,3165.5385,1.22,100.0,95.3
6209,-12856.85,901.0038,1.26,100.0,95.4
6210,-12682.38,2175.2461,1.18,100.0,95.3
6211,-12856.85,1135.7267,1.24,100.0,95.4
6212,-12856.85,970.9044,1.24,99.3,95.3
6213,-12702.88,2270.8191,1.2,100.0,95.3
6214,-13395.06,42203.9141,1.32,97.9,95.5
6215,-12861.15,680.6297,1.22,100.0,95.5
6216,-13304.02,24600.4844,1.3,100.0,95.5
6217,-12877.35,644.3843,1.29,97.0,95.6
6218,-13122.78,17505.1479,1.24,96.6,95.6
6219,-12673.88,4183.1647,1.18,100.0,95.5
6220,-12673.88,3042.7167,1.31,100.0,95.5
6221,-12679.43,1723.5814,1.17,100.0,95.5
6222,-12848.34,2146.9344,1.26,100.0,95.6
6223,-12849.44,2229.7942,1.28,98.8,95.6
6224,-12856.85,1598.1902,1.22,100.0,95.7
6225,-12910.31,1364.9145,1.21,100.0,95.9
6226,-12732.79,2070.1744,1.21,100.0,95.9
6227,-12736.21,2231.1704,1.24,100.0,95.9
6228,-12856.85,662.9879,1.25,98.3,95.8
6229,-12906.01,756.2012,1.17,100.0,95.8
6230,-12737.09,1609.1043,1.21,100.0,95.9
6231,-12674.97,2472.8945,1.23,100.0,96.0
6232,-12737.09,1111.1173,1.23,100.0,95.9
6233,-12861.15,1627.6732,1.27,100.0,96.0
6234,-12926.51,2736.1088,1.17,99.8,96.1
6235,-12910.31,1494.2267,1.19,100.0,96.0
6236,-12725.38,1477.6445,1.23,100.0,96.0
6237,-12906.01,615.5323,1.2,100.0,96.0
6238,-12906.01,462.5508,1.25,99.4,96.1
6239,-12683.63,4586.3342,1.31,94.1,96.2
6240,-12906.01,335.2569,1.22,100.0,96.2
6241,-12732.79,2464.7518,1.22,100.0,96.2
6242,-12725.38,1821.2754,1.19,100.0,96.3
6243,-12737.09,1310.545,1.21,100.0,96.3
6244,-13152.54,18380.5459,1.32,99.1,96.3
6245,-12732.79,1059.4205,1.23,100.0,96.4
6246,-12732.79,922.3156,1.21,100.0,96.4
6247,-12732.79,835.5614,1.22,100.0,96.4
6248,-12736.21,705.1183,1.22,100.0,96.5
6249,-12732.79,640.5754,1.26,100.0,96.4
6250,-12730.85,572.1891,1.27,100.0,96.5
6251,-12723.44,564.5708,1.2,100.0,96.5
6252,-12715.69,492.0109,1.22,100.0,96.1
6253,-13164.12,16998.0532,1.22,100.0,95.8
6254,-12726.86,555.3849,1.21,100.0,95.7
6255,-12732.79,434.8287,1.22,100.0,95.7
6256,-12723.44,291.523,1.21,100.0,95.9
6257,-12723.44,265.7366,1.27,100.0,95.9
6258,-12723.44,219.3288,1.28,100.0,96.0
6259,-13157.56,16043.4915,1.2,100.0,96.1
6260,-12723.44,602.8521,1.2,100.0,95.8
6261,-12723.44,633.2059,1.21,100.0,95.9
6262,-12723.44,310.9456,1.25,100.0,96.0
6263,-12720.3,164.7731,1.29,97.7,96.1
6264,-12730.85,385.1897,1.23,99.3,96.1
6265,-12720.3,136.029,1.21,100.0,96.1
6266,-12723.44,73.96,1.2,100.0,96.1
6267,-12671.14,551.1604,1.25,100.0,96.1
6268,-12906.01,5025.8887,1.28,100.0,96.4
6269,-12898.6,4328.3435,1.26,100.0,96.6
6270,-12849.44,2286.4425,1.24,100.0,96.7
6271,-12898.6,1893.6604,1.22,100.0,96.6
6272,-12856.85,1404.2371,1.22,100.0,96.7
6273,-12877.35,1332.1381,1.25,100.0,96.8
6274,-12856.85,1044.0985,1.29,98.4,96.9
6275,-12682.38,2335.9559,1.33,99.8,96.4
6276,-12686.68,1614.5379,1.18,100.0,96.4
6277,-12856.85,2062.6806,1.18,100.0,96.4
6278,-12861.15,2203.9927,1.24,100.0,96.4
6279,-12884.11,2070.3803,1.36,98.5,96.1
6280,-12849.44,1013.6172,1.25,97.2,95.8
6281,-12730.15,2891.8104,1.2,100.0,95.7
6282,-12856.85,720.3829,1.2,100.0,95.8
6283,-12709.65,2647.7546,1.26,100.0,95.7
6284,-12682.38,1735.7825,1.22,100.0,95.6
6285,-12848.34,1593.2845,1.22,100.0,95.7
6286,-12856.85,1929.7376,1.2,100.0,95.7
6287,-12861.15,1410.9171,1.19,100.0,95.8
6288,-12849.44,895.561,1.31,100.0,95.7
6289,-12856.85,719.5366,1.3,97.6,95.4
6290,-12856.85,699.6069,1.28,98.5,95.3
6291,-12856.85,559.3388,1.29,100.0,95.1
6292,-12678.18,3041.8956,1.21,100.0,95.0
6293,-12852.65,813.7179,1.16,100.0,95.1
6294,-12682.38,1807.9264,1.24,100.0,95.1
6295,-12686.68,1398.2446,1.24,100.0,95.1
6296,-12881.65,2573.7573,1.24,100.0,95.1
6297,-12682.38,967.3104,1.22,100.0,95.1
6298,-12686.68,785.6315,1.16,100.0,95.1
6299,-12686.68,597.9471,1.31,100.0,95.1
6300,-12856.85,2879.8621,1.25,100.0,95.0
6301,-12877.35,2650.7939,1.19,100.0,95.1
6302,-12856.85,1720.3697,1.21,100.0,94.9
6303,-12877.35,1480.4745,1.18,100.0,95.0
6304,-12833.45,1519.5944,1.22,100.0,95.1
6305,-12877.35,1167.6293,1.3,87.6,94.7
6306,-12856.85,941.7129,1.24,99.9,94.8
6307,-12702.88,1805.5869,1.26,100.0,94.8
6308,-12702.88,1153.6748,1.25,100.0,94.8
6309,-12683.78,775.4293,1.18,100.0,94.8
6310,-13102.44,19263.4834,1.27,100.0,94.9
6311,-13102.44,18676.6748,1.26,98.5,94.8
6312,-13102.44,17251.0503,1.25,100.0,94.9
6313,-13110.94,15628.7673,1.25,100.0,95.0
6314,-13110.94,14100.4055,1.27,98.8,95.0
6315,-13105.35,12303.9097,1.26,100.0,95.0
6316,-13341.42,12647.509,1.28,99.8,95.0
6317,-13055.0,10538.4116,1.3,100.0,95.1
6318,-12666.74,9164.9463,1.24,100.0,95.1
6319,-12627.84,8629.1555,1.2,100.0,95.1
6320,-12785.53,5595.0107,1.16,100.0,95.2
6321,-12806.64,4119.1862,1.25,100.0,95.2
6322,-12627.84,2599.0087,1.26,99.7,94.8
6323,-12648.34,1079.3977,1.22,100.0,94.8
6324,-12654.78,992.9738,1.24,99.7,94.8
6325,-12861.15,4893.2393,1.19,100.0,94.9
6326,-12858.25,3871.1321,1.2,100.0,95.0
6327,-12856.85,2516.1194,1.21,100.0,95.1
6328,-12856.85,1602.9324,1.25,100.0,94.9
6329,-12856.85,1208.3339,1.26,100.0,95.1
6330,-12861.15,1116.0063,1.2,100.0,95.0
6331,-12707.18,3027.8271,1.2,100.0,95.0
6332,-12837.75,864.5944,1.24,100.0,94.7
6333,-12663.28,2014.7865,1.2,100.0,94.6
6334,-12858.25,1357.8213,1.21,100.0,94.7
6335,-12675.28,1497.08,1.24,100.0,94.8
6336,-12673.88,1535.9808,1.23,100.0,94.8
6337,-12722.68,1411.5466,1.21,100.0,94.9
6338,-12686.68,931.5275,1.24,100.0,94.7
6339,-13110.94,16585.1777,1.31,100.0,94.6
6340,-13102.44,15444.7197,1.3,99.4,94.7
6341,-13110.94,14226.7456,1.27,100.0,94.7
6342,-13120.85,12488.8367,1.24,100.0,94.7
6343,-13110.94,12210.6992,1.24,100.0,94.7
6344,-13335.08,12973.5508,1.26,100.0,94.8
6345,-13296.18,12045.4741,1.24,99.0,94.0
6346,-12654.78,8690.7874,1.2,100.0,94.0
6347,-12667.71,7958.4163,1.2,100.0,94.0
6348,-12914.26,3854.2169,1.25,100.0,94.1
6349,-12675.28,3705.7422,1.24,100.0,94.1
6350,-12873.45,3218.5699,1.24,100.0,94.1
6351,-12873.45,3010.0313,1.21,100.0,94.1
6352,-12869.01,2477.6984,1.22,100.0,94.2
6353,-12702.18,2590.4639,1.26,100.0,94.3
6354,-12869.01,1592.8262,1.21,98.5,94.3
6355,-12698.11,2843.2886,1.2,100.0,94.1
6356,-12722.68,1808.4047,1.17,100.0,94.0
6357,-12849.75,1822.2875,1.17,100.0,94.1
6358,-12683.78,1104.1179,1.29,96.1,94.3
6359,-12686.68,1198.8297,1.26,94.5,94.2
6360,-12683.78,524.0452,1.22,100.0,94.3
6361,-12698.68,381.9249,1.21,100.0,94.3
6362,-12881.65,4276.6616,1.18,100.0,94.2
6363,-12861.15,2940.6724,1.25,100.0,94.3
6364,-12837.75,2045.624,1.28,93.7,94.4
6365,-12881.65,1577.7228,1.2,100.0,94.6
6366,-12686.68,3604.5049,1.22,100.0,94.7
6367,-12837.75,1291.9035,1.19,100.0,94.7
6368,-12683.78,2147.3269,1.23,100.0,94.7
6369,-12689.82,1127.2942,1.25,94.1,94.7
6370,-12682.38,760.2718,1.15,100.0,94.7
6371,-12686.68,740.3072,1.2,100.0,94.7
6372,-12686.68,640.4996,1.25,100.0,94.9
6373,-12702.88,436.415,1.25,100.0,95.1
6374,-12686.68,420.7981,1.36,97.5,95.5
6375,-12856.85,3068.1171,1.35,85.5,95.6
6376,-12861.15,2543.5455,1.24,100.0,95.8
6377,-12856.85,1608.2456,1.22,100.0,96.1
6378,-12856.85,1102.4838,1.2,100.0,95.7
6379,-12687.05,3028.0887,1.25,100.0,95.5
6380,-12683.63,2714.401,1.33,89.0,95.6
6381,-12926.51,1265.3145,1.2,100.0,95.9
6382,-12683.63,1787.6039,1.2,100.0,96.0
6383,-12683.63,1270.4803,1.22,100.0,95.9
6384,-12856.85,1467.6008,1.23,100.0,95.9
6385,-12910.31,2389.9064,1.23,93.9,96.0
6386,-12727.71,1169.8125,1.19,100.0,96.0
6387,-12734.68,820.2115,1.22,100.0,96.0
6388,-12910.31,2601.2438,1.22,100.0,95.9
6389,-12737.09,704.5716,1.22,100.0,95.9
6390,-12906.01,2235.4165,1.28,100.0,96.0
6391,-12856.85,1241.3543,1.26,94.4,96.0
6392,-12730.85,1115.5928,1.18,100.0,96.1
6393,-12676.22,1849.4661,1.23,100.0,96.6
6394,-12674.28,1251.4334,1.23,100.0,96.5
6395,-12681.69,633.924,1.33,100.0,96.6
6396,-12681.69,349.1959,1.37,88.0,96.7
6397,-12674.28,345.7936,1.25,100.0,96.6
6398,-12681.69,263.5097,1.31,100.0,96.7
6399,-12740.8,708.7263,1.2,100.0,96.3
6400,-12674.28,361.5574,1.18,100.0,96.1
6401,-12677.7,325.7452,1.29,98.6,95.6
6402,-12674.28,167.1754,1.3,100.0,95.6
6403,-12674.28,110.9956,1.28,100.0,95.7
6404,-12671.14,122.4058,1.24,100.0,95.5
6405,-12691.64,119.9836,1.22,100.0,95.5
6406,-12691.64,125.0276,1.3,100.0,95.4
6407,-12677.7,70.2643,1.32,99.8,95.0
6408,-12676.22,28.6807,1.22,100.0,95.0
6409,-12671.14,43.566,1.24,100.0,95.1
6410,-12674.28,40.4978,1.23,100.0,95.2
6411,-12682.85,49.1738,1.34,100.0,95.2
6412,-12849.44,4139.5214,1.36,90.0,95.0
6413,-12861.15,3512.0132,1.33,99.9,94.8
6414,-12849.44,2684.9491,1.35,100.0,94.6
6415,-12861.15,1981.8251,1.38,100.0,94.3
6416,-12877.35,1669.0529,1.18,100.0,93.6
6417,-12877.35,1391.3909,1.25,100.0,93.7
6418,-12686.68,3260.9016,1.31,100.0,93.8
6419,-12837.75,1168.5818,1.22,100.0,93.6
6420,-12856.85,1017.5569,1.34,100.0,93.8
6421,-12682.38,2227.9302,1.32,100.0,93.1
6422,-12702.88,1627.0891,1.31,100.0,93.2
6423,-12683.63,924.0484,1.25,100.0,92.8
6424,-12685.52,561.1977,1.29,100.0,92.8
6425,-12856.85,3419.6394,1.38,98.9,92.9
6426,-12683.63,485.9215,1.42,91.2,93.1
6427,-12710.89,509.8883,1.25,100.0,93.1
6428,-12683.63,390.3271,1.25,100.0,93.2
6429,-12856.85,2311.3872,1.2,100.0,93.3
6430,-12726.86,629.5697,1.26,100.0,93.1
6431,-12683.63,619.8736,1.38,100.0,93.2
6432,-12856.85,2056.3266,1.25,100.0,92.3
6433,-12856.85,1720.9311,1.32,100.0,92.4
6434,-13284.01,18692.1812,1.34,100.0,92.6
6435,-12683.63,2358.5808,1.23,100.0,92.6
6436,-12683.63,2526.6278,1.32,100.0,92.5
6437,-12685.52,1980.8468,1.39,99.6,92.7
6438,-12683.63,1083.0603,1.2,100.0,92.8
6439,-13333.17,21624.8877,1.26,100.0,92.9
6440,-13304.51,21902.8711,1.25,100.0,92.9
6441,-13110.79,15290.9211,1.24,100.0,92.9
6442,-12683.63,1133.1105,1.4,99.7,93.1
6443,-12683.63,1178.4649,1.38,95.5,92.7
6444,-12683.63,807.7537,1.29,100.0,92.9
6445,-12683.63,422.2867,1.43,100.0,92.8
6446,-12732.79,1000.0355,1.24,100.0,92.8
6447,-12681.69,394.9957,1.25,100.0,92.9
6448,-12732.79,848.6386,1.34,100.0,92.9
6449,-12683.63,266.1535,1.22,100.0,93.0
6450,-12683.63,236.6035,1.28,100.0,93.0
6451,-12687.05,187.2946,1.31,100.0,92.9
6452,-12681.69,167.4504,1.2,100.0,92.9
6453,-12683.63,88.0063,1.33,100.0,93.0
6454,-12723.44,584.8353,1.37,97.7,92.9
6455,-12674.28,108.3357,1.23,100.0,93.0
6456,-13154.02,16816.7681,1.43,100.0,93.1
6457,-12719.55,319.1564,1.38,96.3,93.2
6458,-12674.28,361.4766,1.17,100.0,93.1
6459,-12723.44,203.2269,1.23,100.0,93.2
6460,-12720.3,132.3858,1.27,100.0,93.2
6461,-12723.44,106.2652,1.32,100.0,93.2
6462,-12723.44,71.9553,1.44,99.5,93.4
6463,-12723.44,44.2909,1.31,99.7,93.3
6464,-12671.14,525.9115,1.3,100.0,93.3
6465,-13304.51,24417.8892,1.3,100.0,93.3
6466,-13134.35,17641.6963,1.3,100.0,93.3
6467,-13300.31,20711.5205,1.38,100.0,93.4
6468,-13110.94,15754.7173,1.38,95.5,93.4
6469,-13112.84,14839.2805,1.41,99.8,93.4
6470,-13112.84,13600.5332,1.36,100.0,93.5
6471,-13106.53,11503.3823,1.37,100.0,93.5
6472,-13117.67,8687.8646,1.41,100.0,93.8
6473,-13147.68,6633.1472,1.22,100.0,93.8
6474,-12869.01,12459.7576,1.25,100.0,93.8
6475,-12714.18,10929.0159,1.29,100.0,93.8
6476,-13102.44,4714.7498,1.38,100.0,93.8
6477,-13102.44,4212.6009,1.44,97.8,94.0
6478,-13106.53,3138.5508,1.37,100.0,94.0
6479,-12654.78,13080.7634,1.28,100.0,94.1
6480,-12675.28,12092.884,1.26,100.0,94.0
6481,-12681.56,10441.8213,1.21,100.0,94.0
6482,-12720.52,8642.6786,1.32,100.0,94.0
6483,-13106.53,5399.7527,1.38,97.2,94.1
6484,-13081.94,5197.6381,1.27,100.0,94.1
6485,-13106.53,4675.3692,1.26,100.0,94.1
6486,-12659.21,7925.3943,1.22,100.0,94.2
6487,-12663.28,7735.1306,1.26,100.0,94.2
6488,-13086.03,3518.501,1.4,88.6,94.3
6489,-13106.53,3602.126,1.39,99.3,94.3
6490,-12720.52,8032.9098,1.31,100.0,94.4
6491,-12654.78,7950.988,1.32,100.0,94.3
6492,-13081.94,3278.8651,1.26,100.0,94.4
6493,-13109.43,3148.7791,1.26,100.0,94.5
6494,-12693.68,8443.4384,1.27,98.4,94.6
6495,-12675.28,7253.729,1.25,100.0,94.6
6496,-13081.94,3241.1105,1.34,100.0,94.6
6497,-13120.85,3278.6136,1.43,100.0,94.6
6498,-12654.78,8005.8818,1.21,100.0,94.5
6499,-12654.78,7581.3904,1.25,100.0,94.6
6500,-13102.44,3634.1088,1.37,99.0,94.6
6501,-12654.78,5916.552,1.27,100.0,94.7
6502,-12675.28,4333.3904,1.31,100.0,94.7
6503,-12686.68,3420.1291,1.33,98.8,94.7
6504,-12654.78,1735.7988,1.16,100.0,94.6
6505,-13276.91,21106.2979,1.29,100.0,94.8
6506,-13109.54,14077.9414,1.36,100.0,94.7
6507,-13121.54,12025.6567,1.41,100.0,94.8
6508,-12673.88,1383.4778,1.36,97.4,94.7
6509,-12702.88,1125.4876,1.41,99.0,94.8
6510,-12654.78,704.4727,1.58,100.0,95.9
6511,-13090.44,13300.9915,1.34,100.0,95.7
6512,-13285.41,20804.356,1.26,100.0,95.5
6513,-13284.01,18034.5757,1.22,100.0,95.4
6514,-12686.68,1242.7191,1.28,100.0,95.1
6515,-13284.01,14802.6626,1.33,99.9,94.4
6516,-13298.41,13676.6802,1.29,100.0,94.6
6517,-12856.85,3391.3131,1.38,100.0,94.5
6518,-12856.85,3081.6948,1.23,100.0,94.5
6519,-12856.85,2268.1706,1.24,100.0,94.4
6520,-12683.63,2494.4163,1.45,96.3,94.0
6521,-12856.85,1399.201,1.35,99.8,93.7
6522,-12681.69,1285.0589,1.33,100.0,93.6
6523,-12856.85,1472.327,1.42,98.7,93.4
6524,-12699.05,1089.4677,1.31,99.9,93.0
6525,-12683.63,651.8669,1.22,100.0,93.0
6526,-12869.94,3020.8165,1.22,100.0,93.1
6527,-12702.88,529.2938,1.28,100.0,93.0
6528,-12683.63,275.4883,1.36,100.0,93.1
6529,-12856.85,3138.471,1.39,92.9,92.7
6530,-12877.35,3009.34,1.27,100.0,92.6
6531,-12877.35,2160.3448,1.31,100.0,92.7
6532,-12877.35,1586.6162,1.23,100.0,92.4
6533,-12877.35,1445.0288,1.2,100.0,92.5
6534,-12877.35,1301.2375,1.27,100.0,92.5
6535,-12695.47,2647.3465,1.3,98.8,91.8
6536,-12671.14,1873.5294,1.26,100.0,91.8
6537,-12683.63,803.8047,1.28,100.0,91.8
6538,-12877.35,2907.262,1.21,100.0,91.8
6539,-12676.22,424.4721,1.33,100.0,91.9
6540,-12699.05,485.3486,1.41,88.1,91.2
6541,-12674.28,308.0314,1.31,99.8,90.5
6542,-12683.63,216.1459,1.34,100.0,90.8
6543,-12674.28,222.0577,1.36,99.8,90.6
6544,-12723.44,653.2112,1.19,100.0,90.6
6545,-12677.7,352.3399,1.24,100.0,90.7
6546,-12726.86,506.9449,1.3,100.0,90.8
6547,-12723.44,407.4754,1.25,100.0,90.8
6548,-12712.27,283.1483,1.35,100.0,90.9
6549,-12712.27,292.8178,1.42,98.9,91.2
6550,-12723.44,288.4197,1.2,100.0,91.1
6551,-12723.44,175.7033,1.24,100.0,91.1
6552,-12723.44,127.4643,1.33,100.0,91.3
6553,-12674.28,259.8255,1.25,100.0,91.2
6554,-12671.14,185.2921,1.32,100.0,91.2
6555,-12690.37,248.8387,1.3,99.4,91.4
6556,-12701.55,197.0814,1.22,100.0,91.5
6557,-12701.55,117.0218,1.27,100.0,91.6
6558,-12671.14,166.0953,1.25,100.0,91.1
6559,-12671.14,158.583,1.31,100.0,91.0
6560,-12849.44,4144.8472,1.46,99.3,91.0
6561,-12849.44,3372.1454,1.49,99.1,91.2
6562,-12683.63,351.0503,1.29,100.0,91.4
6563,-12679.64,312.5186,1.23,100.0,91.4
6564,-12674.28,194.4552,1.18,100.0,91.4
6565,-12677.7,183.7482,1.29,100.0,91.4
6566,-12677.7,124.069,1.43,96.9,91.6
6567,-12677.7,103.1972,1.21,100.0,90.8
6568,-12677.7,77.7177,1.34,100.0,91.0
6569,-12678.55,158.9895,1.44,98.5,91.5
6570,-12663.11,76.5727,1.24,100.0,91.5
6571,-12677.7,52.1241,1.23,100.0,91.7
6572,-12682.17,105.5722,1.26,100.0,91.9
6573,-12674.76,90.8922,1.32,100.0,92.0
6574,-12682.17,76.277,1.4,96.0,91.8
6575,-12666.53,57.3184,1.32,100.0,91.7
6576,-12704.97,89.1983,1.22,100.0,90.8
6577,-12682.18,105.4225,1.27,100.0,90.9
6578,-12666.53,47.8393,1.33,100.0,90.9
6579,-12715.69,661.4854,1.32,100.0,90.9
6580,-12666.53,69.9784,1.26,100.0,91.2
6581,-12674.76,104.7964,1.26,100.0,91.0
6582,-12674.76,84.3245,1.23,100.0,91.0
6583,-12663.58,75.8586,1.3,100.0,91.0
6584,-13105.71,15860.8083,1.45,99.1,91.2
6585,-13109.33,14589.7,1.33,99.5,91.1
6586,-13112.01,13811.2766,1.32,100.0,91.1
6587,-12671.14,1967.0417,1.22,100.0,91.1
6588,-12674.76,2289.3652,1.18,100.0,91.1
6589,-12682.17,1758.017,1.29,100.0,91.1
6590,-12678.55,940.0917,1.43,98.9,91.2
6591,-12682.17,351.5994,1.27,100.0,91.2
6592,-12853.06,5181.2689,1.34,100.0,91.1
6593,-12860.46,5307.9504,1.21,100.0,91.2
6594,-12682.17,137.3759,1.2,100.0,91.3
6595,-12674.76,118.7402,1.3,100.0,91.3
6596,-13112.01,14938.7122,1.33,100.0,91.3
6597,-12674.76,130.433,1.25,100.0,91.2
6598,-12685.11,75.3762,1.3,100.0,91.3
6599,-12674.76,61.4093,1.2,100.0,91.3
6600,-12670.99,50.437,1.3,100.0,91.3
6601,-12677.7,27.2861,1.35,98.3,91.4
6602,-12666.53,29.4523,1.25,100.0,91.5
6603,-12671.01,31.8127,1.34,100.0,91.4
6604,-12712.76,527.7013,1.39,99.5,91.4
6605,-12736.14,374.8179,1.18,99.6,91.3
6606,-12794.92,633.1017,1.23,100.0,91.3
6607,-12797.85,339.6688,1.27,100.0,91.3
6608,-12794.92,242.2096,1.29,100.0,91.3
6609,-12798.81,175.8261,1.33,100.0,91.4
6610,-12759.89,325.1383,1.41,96.7,91.3
6611,-12759.89,229.7656,1.22,100.0,91.2
6612,-12759.89,168.7943,1.27,100.0,91.2
6613,-12759.89,128.382,1.31,100.0,91.3
6614,-13137.45,22422.7349,1.25,100.0,91.2
6615,-13137.45,19005.6079,1.29,100.0,91.3
6616,-13137.45,15855.7856,1.3,100.0,90.9
6617,-13137.45,13160.7415,1.21,100.0,90.8
6618,-13137.45,10937.5669,1.26,100.0,90.7
6619,-13168.63,8680.5886,1.29,100.0,90.8
6620,-13168.63,6543.1318,1.38,97.7,90.1
6621,-13172.48,4439.8797,1.49,97.4,90.2
6622,-13140.8,3497.1345,1.32,100.0,90.3
6623,-13140.8,1916.433,1.24,100.0,90.5
6624,-13135.44,1076.7125,1.22,100.0,90.3
6625,-13126.65,750.1212,1.25,100.0,90.3
6626,-13091.64,592.1033,1.36,100.0,90.4
6627,-13084.25,273.3212,1.33,99.6,90.6
6628,-13091.64,82.5448,1.26,100.0,90.6
6629,-13091.64,45.597,1.27,100.0,90.7
6630,-13094.56,94.6223,1.22,100.0,90.7
6631,-13094.56,50.0687,1.27,100.0,90.7
6632,-13094.56,31.4777,1.27,100.0,90.8
6633,-13094.56,22.5284,1.24,100.0,90.9
6634,-13163.66,475.5072,1.26,100.0,90.9
6635,-13182.79,431.3354,1.25,100.0,90.9
6636,-13179.87,255.2536,1.25,100.0,90.9
6637,-13179.87,155.1497,1.36,100.0,90.9
6638,-13184.3,79.4521,1.47,94.8,91.3
6639,-13182.79,35.1336,1.24,100.0,91.2
6640,-13188.15,37.4334,1.24,100.0,91.3
6641,-13184.3,18.9893,1.23,100.0,91.4
6642,-13118.35,540.3667,1.28,100.0,91.3
6643,-13115.42,264.5878,1.34,99.9,91.3
6644,-13118.35,131.3684,1.44,100.0,91.1
6645,-13114.5,88.8118,1.36,64.1,91.4
6646,-13115.42,49.2984,1.42,61.2,91.7
6647,-13118.35,31.2235,1.27,57.0,91.8
6648,-13110.07,16.3946,1.22,55.3,91.8
6649,-13118.35,13.6584,1.32,54.9,91.8
6650,-13115.42,26.2062,1.28,56.2,91.9
6651,-13138.99,72.5377,1.27,57.0,91.9
6652,-13130.71,53.2176,1.41,55.7,91.9
6653,-13138.99,32.2371,1.38,56.0,91.9
6654,-13147.81,39.9408,1.16,55.6,91.8
6655,-13138.99,16.7753,1.25,56.2,91.9
6656,-13141.91,8.9165,1.36,58.0,92.0
6657,-13118.35,77.5362,1.31,55.2,92.0
6658,-13138.99,21.3935,1.44,55.8,92.1
6659,-13138.99,8.0738,1.39,56.1,92.1
6660,-13138.99,6.8761,1.3,54.7,92.0
6661,-13138.99,3.1281,1.22,53.5,92.1
6662,-13134.56,3.7504,1.22,54.2,92.1
6663,-13138.99,3.4875,1.24,53.9,92.1
6664,-13138.99,2.8008,1.28,55.4,92.1
6665,-13138.99,1.1752,1.31,57.3,92.1
6666,-13147.81,10.6141,1.2,54.4,92.6
6667,-13130.49,51.6924,1.22,55.1,92.6
6668,-13147.81,24.3664,1.33,56.2,92.7
6669,-13147.81,16.3015,1.29,56.8,92.7
6670,-13139.31,40.3357,1.36,78.5,92.7
6671,-13147.81,11.8799,1.47,97.8,92.5
6672,-13147.81,10.6915,1.28,99.9,92.2
6673,-13138.99,14.8888,1.26,100.0,92.3
6674,-13138.99,8.9817,1.29,100.0,92.3
6675,-13138.99,5.2357,1.2,100.0,92.4
6676,-13147.81,6.8568,1.34,100.0,92.4
6677,-13170.26,84.0962,1.31,97.8,91.3
6678,-13192.49,185.5151,1.24,100.0,91.3
6679,-13329.21,1970.4741,1.35,100.0,91.2
6680,-13192.49,307.8531,1.39,99.5,91.0
6681,-13351.43,1695.6736,1.24,99.9,90.7
6682,-13351.43,1372.5307,1.41,100.0,90.7
6683,-13329.21,996.9339,1.4,99.1,90.2
6684,-13351.43,522.9102,1.18,100.0,89.9
6685,-13351.43,156.2406,1.26,100.0,89.9
6686,-13329.21,347.6207,1.29,100.0,89.9
6687,-13351.43,77.4663,1.28,100.0,89.9
6688,-13329.21,67.9058,1.43,100.0,89.7
6689,-13329.21,66.499,1.4,99.8,89.6
6690,-13329.21,23.5708,1.27,100.0,89.5
6691,-13329.21,13.0376,1.28,100.0,89.6
6692,-13329.21,7.2175,1.27,100.0,89.5
6693,-13329.21,3.7258,1.3,100.0,89.5
6694,-13329.21,2.5534,1.35,99.9,89.4
6695,-13325.36,2.3603,1.41,99.9,88.9
6696,-13329.21,2.9321,1.25,100.0,88.8
6697,-13351.43,71.6127,1.25,100.0,89.0
6698,-13329.21,22.9922,1.25,100.0,88.9
6699,-13329.21,11.0129,1.3,100.0,89.0
6700,-13329.21,8.0665,1.4,99.8,88.8
6701,-13329.21,3.4115,1.22,100.0,88.8
6702,-13329.21,1.9872,1.27,100.0,88.9
6703,-13329.21,1.1567,1.24,100.0,88.4
6704,-13329.21,1.1274,1.19,99.9,88.4
6705,-13329.21,1.2101,1.3,100.0,88.2
6706,-13306.76,69.1583,1.29,100.0,88.1
6707,-13306.76,45.6873,1.25,100.0,88.2
6708,-13306.76,31.3094,1.32,100.0,88.1
6709,-13306.76,16.3908,1.25,100.0,88.2
6710,-13306.76,6.9881,1.28,100.0,88.1
6711,-13306.76,2.7315,1.43,99.6,87.0
6712,-13325.54,113.0254,1.46,99.9,86.5
6713,-13355.92,407.0341,1.33,100.0,86.4
6714,-13297.94,182.01,1.38,100.0,86.2
6715,-13306.76,139.9311,1.32,99.7,85.9
6716,-13297.94,58.2254,1.24,91.9,85.9
6717,-13297.94,23.3622,1.28,56.2,86.0
6718,-13297.94,28.5525,1.33,54.9,86.1
6719,-13306.76,19.0689,1.28,56.4,86.1
6720,-13297.94,14.5885,1.34,55.3,86.1
6721,-13297.94,6.7182,1.23,53.0,86.0
6722,-13297.94,4.5666,1.19,54.8,86.1
6723,-13297.94,2.4747,1.36,55.4,86.1
6724,-13297.94,1.7298,1.35,56.1,86.2
6725,-13297.94,1.0123,1.31,56.0,86.2
6726,-13301.83,0.7748,1.45,55.3,86.2
6727,-13297.94,0.968,1.45,53.6,86.1
6728,-13297.94,0.6562,1.29,54.2,86.2
6729,-13297.94,0.4451,1.22,56.4,86.1
6730,-13297.94,0.7563,1.22,54.1,86.1
6731,-13274.37,72.0622,1.19,55.4,86.2
6732,-13278.26,52.66,1.28,56.4,86.2
6733,-13274.37,31.5129,1.37,55.7,86.3
6734,-13278.26,16.8752,1.3,53.9,86.3
6735,-13278.26,6.5667,1.27,57.7,86.4
6736,-13278.26,3.8326,1.34,54.6,86.4
6737,-13254.48,65.9416,1.24,54.9,86.3
6738,-13242.63,70.5573,1.21,59.9,86.5
6739,-13281.01,221.6383,1.36,55.8,86.6
6740,-13289.51,195.4125,1.31,54.8,86.7
6741,-13281.01,109.9155,1.31,53.8,86.7
6742,-13281.01,82.7978,1.36,54.3,86.7
6743,-13289.51,40.6133,1.35,55.4,86.7
6744,-13281.01,34.6239,1.14,54.3,86.6
6745,-13281.01,20.4397,1.24,55.7,86.8
6746,-13281.01,15.5432,1.29,54.5,86.8
6747,-13281.01,9.9877,1.28,56.3,86.8
6748,-13281.01,4.3001,1.29,54.6,86.9
6749,-13253.74,97.4562,1.34,55.5,86.9
6750,-13281.01,52.8755,1.26,55.6,87.0
6751,-13281.01,23.8912,1.18,54.6,87.1
6752,-13281.01,10.795,1.31,54.3,86.9
6753,-13277.66,28.4419,1.31,55.8,87.0
6754,-13261.15,126.1946,1.26,56.1,87.1
6755,-13261.15,67.5241,1.37,54.8,87.1
6756,-13257.8,71.4745,1.23,59.9,87.2
6757,-13257.8,29.534,1.17,100.0,87.2
6758,-13259.7,32.0648,1.27,100.0,87.3
6759,-13259.7,12.621,1.3,100.0,87.6
6760,-13257.8,45.4225,1.3,100.0,87.4
6761,-13095.89,2726.3367,1.41,98.8,87.5
6762,-13257.8,194.7911,1.25,76.8,87.3
6763,-13095.89,1567.0181,1.24,56.4,87.3
6764,-13068.95,1054.342,1.23,55.5,87.5
6765,-13068.95,439.4189,1.2,53.5,87.4
6766,-13068.95,219.4328,1.27,57.8,87.5
6767,-13068.95,142.8372,1.37,55.9,87.5
6768,-13088.48,216.6106,1.23,55.7,87.3
6769,-13068.95,96.692,1.27,55.5,87.3
6770,-13068.95,75.5496,1.33,57.1,87.4
6771,-13068.95,44.0939,1.21,56.6,87.5
6772,-13061.54,41.9906,1.24,54.4,87.6
6773,-13091.83,201.0348,1.4,57.7,87.8
6774,-13061.54,24.3815,1.33,54.7,87.8
6775,-13061.54,14.1514,1.32,54.5,87.8
6776,-13068.95,11.8742,1.43,54.8,87.8
6777,-13068.95,7.9877,1.46,55.3,87.9
6778,-13068.95,3.526,1.18,54.8,87.9
6779,-13068.95,3.1973,1.15,53.8,87.9
6780,-13084.58,15.6548,1.22,54.7,87.9
6781,-12994.62,944.5022,1.23,95.0,88.0
6782,-12997.56,623.55,1.3,100.0,88.0
6783,-12971.22,289.6931,1.39,99.3,87.8
6784,-12994.62,339.7227,1.33,99.9,87.9
6785,-12994.62,124.1248,1.24,100.0,87.8
6786,-13068.95,442.6514,1.26,100.0,87.8
6787,-13096.22,328.4516,1.22,100.0,87.9
6788,-13068.95,205.2562,1.27,100.0,87.8
6789,-12994.62,914.7744,1.32,99.6,87.5
6790,-13187.92,5204.8153,1.23,100.0,87.4
6791,-13045.55,183.692,1.27,100.0,87.4
6792,-13164.52,4164.5535,1.26,100.0,87.2
6793,-12971.22,1617.9628,1.24,98.7,87.4
6794,-13072.82,325.3912,1.42,58.4,87.4
6795,-12971.22,903.7754,1.52,54.0,87.2
6796,-13135.03,2508.6434,1.35,53.9,87.1
6797,-13045.55,599.2978,1.27,54.7,87.2
6798,-13068.95,235.6557,1.26,53.9,86.8
6799,-12994.62,913.2837,1.24,86.4,86.8
6800,-13164.52,4325.6641,1.29,100.0,86.8
6801,-13157.06,3787.4802,2.28,97.8,85.0
6802,-12795.29,29109.5249,1.24,100.0,85.1
6803,-13232.55,42429.7725,1.32,100.0,85.1
6804,-13177.29,1041.327,1.3,100.0,85.2
6805,-12606.43,26917.7837,1.3,100.0,85.3
6806,-13040.8,4871.7734,1.18,100.0,85.4
6807,-12663.24,19970.9053,1.25,100.0,85.4
6808,-12880.35,40954.9512,1.32,100.0,85.4
6809,-12584.8,21474.6211,1.23,100.0,85.4
6810,-12656.07,17647.2603,1.41,100.0,85.6
6811,-13088.0,35920.6582,1.37,100.0,85.7
6812,-12598.28,12353.311,1.24,100.0,85.7
6813,-12609.01,9766.9922,1.24,100.0,85.3
6814,-12428.17,8484.3369,1.32,100.0,85.3
6815,-12369.39,8818.0182,1.37,100.0,85.3
6816,-12339.45,6125.4249,1.41,100.0,85.5
6817,-12380.56,3883.0739,1.28,100.0,85.2
6818,-12558.86,7635.9025,1.22,100.0,85.3
6819,-12523.97,6823.3555,1.21,100.0,85.4
6820,-12569.27,6423.6414,1.26,100.0,85.4
6821,-12733.08,9379.2207,1.39,98.4,85.4
6822,-12774.19,6684.144,1.33,98.7,85.3
6823,-12717.38,5289.9486,1.3,100.0,85.2
6824,-12717.38,4393.313,1.25,100.0,85.3
6825,-12706.65,3704.6748,1.23,100.0,85.4
6826,-12720.18,3281.1858,1.27,100.0,85.4
6827,-12720.18,2939.4492,1.44,98.6,85.2
6828,-12691.41,2859.7619,1.34,100.0,85.2
6829,-12970.46,9768.9375,1.29,100.0,85.2
6830,-12742.74,3024.5085,1.28,100.0,85.6
6831,-13233.31,23487.5317,1.23,100.0,85.7
6832,-12748.22,2799.9618,1.33,100.0,85.8
6833,-13011.06,17738.4131,1.36,98.8,85.2
6834,-13210.72,21204.5781,1.28,100.0,85.3
6835,-12952.11,13900.9763,1.29,100.0,85.3
6836,-13210.72,17211.0144,1.29,100.0,85.4
6837,-12585.65,6286.7238,1.17,100.0,85.3
6838,-12557.22,5942.4509,1.36,100.0,85.3
6839,-12586.86,3681.6653,1.37,99.0,84.9
6840,-12786.18,6048.5449,1.28,99.9,84.9
6841,-12785.02,4811.0549,1.43,100.0,85.0
6842,-12585.65,978.4093,1.33,99.3,84.9
6843,-12585.99,619.1633,1.19,100.0,84.9
6844,-12557.22,185.7215,1.28,100.0,84.9
6845,-12585.99,297.9425,1.28,100.0,84.8
6846,-12615.49,3698.5446,1.28,100.0,84.8
6847,-12585.99,342.6392,1.32,100.0,84.9
6848,-12413.61,2511.599,1.22,100.0,84.9
6849,-12620.3,2846.8707,1.26,100.0,84.9
6850,-12620.3,2096.677,1.36,99.8,84.8
6851,-12482.54,2328.6882,1.29,100.0,84.9
6852,-12428.21,1972.4858,1.35,100.0,84.9
6853,-12421.85,1053.568,1.4,99.8,84.9
6854,-12673.17,4269.1313,1.25,99.6,84.8
6855,-12448.93,1763.6709,1.23,100.0,84.6
6856,-12392.13,807.0383,1.27,100.0,84.8
6857,-12386.54,335.7452,1.22,100.0,84.8
6858,-12389.77,188.3486,1.4,100.0,84.8
6859,-12387.07,203.5245,1.39,97.7,84.5
6860,-12396.12,143.2141,1.2,100.0,84.4
6861,-12388.28,140.2069,1.24,100.0,84.5
6862,-12829.47,16186.7695,1.32,100.0,84.5
6863,-13056.27,22278.7686,1.26,100.0,84.5
6864,-12393.43,632.9705,1.3,100.0,84.6
6865,-12393.43,598.9624,1.32,99.7,84.5
6866,-12393.43,274.1865,1.21,100.0,84.5
6867,-12388.28,153.7792,1.24,100.0,84.5
6868,-12446.23,384.9934,1.22,100.0,84.5
6869,-12388.28,53.2968,1.34,100.0,84.5
6870,-12445.08,151.3548,1.49,89.1,84.3
6871,-12447.23,96.9636,1.25,100.0,84.3
6872,-12449.95,62.3541,1.35,100.0,84.4
6873,-12443.59,38.5524,1.25,100.0,84.4
6874,-12391.94,126.5385,1.18,100.0,84.5
6875,-12388.33,147.0645,1.31,100.0,84.5
6876,-12387.4,172.5378,1.39,100.0,84.4
6877,-12385.62,89.6126,1.26,100.0,84.4
6878,-12824.38,16321.0457,1.36,100.0,84.5
6879,-12435.11,400.7586,1.29,100.0,84.4
6880,-12814.36,13810.1436,1.21,100.0,84.5
6881,-12387.12,745.1527,1.33,100.0,84.7
6882,-12829.19,12136.936,1.44,100.0,84.5
6883,-12382.69,1145.1865,1.25,100.0,84.6
6884,-12795.61,11106.5688,1.49,100.0,84.6
6885,-12389.22,1352.6657,1.3,99.2,83.0
6886,-12393.15,1185.6488,1.18,100.0,83.1
6887,-12393.15,808.2069,1.27,100.0,83.1
6888,-12391.94,528.9688,1.29,100.0,82.5
6889,-12387.12,299.1034,1.36,100.0,82.6
6890,-12379.82,127.3488,1.32,99.5,82.6
6891,-12387.12,74.1573,1.21,100.0,82.6
6892,-12387.12,35.5066,1.26,100.0,82.7
6893,-12375.38,39.3092,1.28,100.0,82.7
6894,-12379.82,29.1877,1.21,100.0,82.8
6895,-12824.38,16345.9832,1.3,100.0,82.8
6896,-12824.38,14886.3303,1.34,99.9,82.8
6897,-12817.07,13323.8093,1.24,100.0,82.8
6898,-12847.54,11323.9268,1.28,100.0,82.7
6899,-12826.48,11211.1973,1.37,100.0,82.7
6900,-12813.95,9679.8435,1.33,100.0,82.8
6901,-12817.95,9571.4346,1.46,98.4,82.8
6902,-12759.24,8514.688,1.53,93.4,82.4
6903,-12797.41,7650.4878,1.29,100.0,82.4
6904,-12772.44,7013.0796,1.31,100.0,82.4
6905,-12814.54,6467.7537,1.27,100.0,82.3
6906,-12834.66,5924.6943,1.29,100.0,82.8
6907,-12771.7,5689.8176,1.38,95.2,82.3
6908,-12827.27,5931.2516,1.41,99.5,82.3
6909,-12766.18,5634.3167,1.35,100.0,81.9
6910,-12804.35,5620.4736,1.38,100.0,81.9
6911,-12763.47,5476.4315,1.42,100.0,81.9
6912,-12819.4,5556.6761,1.24,100.0,81.9
6913,-12823.26,5367.7103,1.29,100.0,81.9
6914,-12826.18,5278.0803,1.39,100.0,81.9
6915,-12762.03,4890.1312,1.31,100.0,81.6
6916,-12768.98,4135.3359,1.33,98.4,81.5
6917,-12843.82,3945.2601,1.27,100.0,81.5
6918,-12768.98,3154.2303,1.26,100.0,81.6
6919,-12386.12,13555.6948,1.27,100.0,81.7
6920,-12360.09,9816.2952,1.28,100.0,81.6
6921,-12350.97,8724.0239,1.37,100.0,81.5
6922,-12388.92,7420.3746,1.4,89.8,81.4
6923,-12810.96,6088.4417,1.32,100.0,81.4
6924,-12776.59,5655.5393,1.31,100.0,81.4
6925,-12771.7,4795.5839,1.28,100.0,81.4
6926,-12777.41,4219.2983,1.26,100.0,81.4
6927,-13041.78,10698.0854,1.3,100.0,81.5
6928,-12771.88,3754.4572,1.43,98.0,81.0
6929,-12339.06,12580.8967,1.29,100.0,80.9
6930,-12617.18,16625.2664,1.34,100.0,81.0
6931,-12671.27,15267.7339,1.31,100.0,80.9
6932,-12339.06,8205.1367,1.17,100.0,81.0
6933,-13111.52,11973.6128,1.35,100.0,81.0
6934,-12831.96,5307.8013,1.36,99.8,80.9
6935,-13050.57,10029.6389,1.27,100.0,81.1
6936,-12613.32,11608.2305,1.38,100.0,81.0
6937,-12388.0,9808.1667,1.25,100.0,81.1
6938,-12393.15,9020.0681,1.2,100.0,81.0
6939,-12388.0,7258.2172,1.37,98.4,80.8
6940,-12445.95,5533.3982,1.35,100.0,80.9
6941,-12337.9,4391.7455,1.29,100.0,80.1
6942,-12617.18,13465.1128,1.35,98.8,79.8
6943,-12389.15,2941.3997,1.35,100.0,79.8
6944,-12388.0,2356.2497,1.25,100.0,79.8
6945,-12616.03,10457.8625,1.3,100.0,79.9
6946,-12385.33,1505.3535,1.19,100.0,80.0
6947,-12390.48,1207.6214,1.29,100.0,79.8
6948,-12390.48,761.0759,1.36,99.2,79.8
6949,-12418.93,819.421,1.28,100.0,79.9
6950,-12378.36,401.816,1.31,100.0,80.0
6951,-12382.51,262.4932,1.37,99.5,80.0
6952,-12380.79,197.7594,1.18,100.0,80.0
6953,-12374.12,65.7929,1.31,100.0,80.0
6954,-12819.76,16936.1357,1.36,100.0,80.0
6955,-12814.03,15957.7842,1.27,100.0,80.0
6956,-12376.49,567.3078,1.26,100.0,80.0
6957,-12413.38,383.8021,1.26,99.6,80.1
6958,-12390.1,191.8637,1.17,100.0,80.2
6959,-12420.66,148.2267,1.26,100.0,80.2
6960,-12379.82,111.2781,1.35,100.0,80.1
6961,-12381.07,55.8672,1.28,100.0,80.1
6962,-12413.02,60.6479,1.42,100.0,80.2
6963,-12375.38,65.5336,1.51,94.5,79.0
6964,-12379.28,29.7881,1.24,100.0,79.0
6965,-12421.87,50.8242,1.24,100.0,79.1
6966,-12411.23,51.7973,1.26,100.0,79.0
6967,-12386.71,29.7912,1.29,100.0,79.0
6968,-12378.31,28.4034,1.37,98.7,78.9
6969,-12418.87,53.8527,1.39,98.5,78.8
6970,-12377.1,79.0187,1.35,100.0,78.8
6971,-12498.84,637.5688,1.39,100.0,78.9
6972,-12414.23,71.9033,1.33,99.8,78.9
6973,-12491.2,574.6109,1.24,100.0,78.8
6974,-12378.31,180.2435,1.37,100.0,78.9
6975,-12383.71,36.4566,1.31,100.0,78.9
6976,-12414.23,74.1877,1.28,100.0,78.9
6977,-12435.11,239.3087,1.3,99.8,78.9
6978,-12386.71,19.7719,1.17,100.0,78.9
6979,-12388.61,52.5093,1.25,100.0,78.9
6980,-12378.31,23.184,1.31,100.0,78.9
6981,-12384.41,33.4658,1.25,99.9,78.9
6982,-12421.87,54.6323,1.38,100.0,78.8
6983,-12385.5,34.3539,1.46,92.1,78.7
6984,-12378.31,41.1569,1.21,100.0,78.7
6985,-12382.69,136.1163,1.23,100.0,78.6
6986,-12381.02,37.5517,1.22,100.0,78.7
6987,-12372.57,46.8329,1.25,100.0,78.7
6988,-12385.62,46.9929,1.37,100.0,78.8
6989,-12383.9,24.9027,1.41,99.1,78.8
6990,-12378.07,26.4298,1.29,100.0,78.7
6991,-12379.28,19.5364,1.33,100.0,78.8
6992,-12375.66,22.3445,1.21,100.0,78.7
6993,-12380.09,12.4522,1.21,100.0,78.7
6994,-12381.3,6.4151,1.28,100.0,78.9
6995,-12389.77,6.9638,1.31,100.0,78.9
6996,-12378.31,31.8128,1.26,100.0,78.9
6997,-12388.61,8.9076,1.24,100.0,79.0
6998,-12375.66,8.881,1.19,100.0,78.8
6999,-12421.87,88.7593,1.28,100.0,78.9
7000,-12386.71,21.7147,1.45,94.6,78.4
7001,-12386.71,8.0397,1.21,100.0,78.5
7002,-12386.71,4.4674,1.36,100.0,78.5
7003,-12386.71,2.9311,1.25,100.0,78.6
7004,-12386.43,51.7353,1.18,100.0,78.6
7005,-12392.03,15.9139,1.34,100.0,78.7
7006,-12385.5,8.4736,1.28,100.0,78.7
7007,-12386.71,7.1362,1.23,100.0,78.7
7008,-12386.71,2.8381,1.37,100.0,78.8
7009,-12443.51,191.0923,1.41,100.0,78.8
7010,-12386.71,22.2326,1.2,100.0,78.9
7011,-12381.3,22.0092,1.32,100.0,78.9
7012,-12392.03,91.3036,1.37,100.0,79.0
7013,-12385.5,24.3704,1.27,100.0,79.0
7014,-12386.71,22.082,1.34,100.0,78.9
7015,-12420.45,96.5313,1.45,98.0,78.7
7016,-12386.71,6.2514,1.2,100.0,78.8
7017,-12390.55,82.3688,1.24,100.0,78.8
7018,-12367.97,283.3918,1.26,100.0,78.8
7019,-12380.55,84.9313,1.3,100.0,78.8
7020,-12386.25,59.9161,1.46,99.1,78.7
7021,-12346.72,216.7349,1.39,97.8,78.5
7022,-12381.82,121.497,1.31,100.0,78.6
7023,-12386.11,60.4798,1.23,100.0,78.7
7024,-12337.99,398.7211,1.2,100.0,78.6
7025,-12339.44,260.0976,1.28,100.0,78.7
7026,-12386.11,74.6327,1.29,99.4,78.6
7027,-12381.82,47.2004,1.22,100.0,78.7
7028,-12380.55,25.6337,1.26,100.0,78.8
7029,-12340.71,354.2353,2.31,100.0,77.9
7030,-12380.93,25.8198,1.3,98.9,77.8
7031,-12390.55,46.2301,1.17,99.8,77.8
7032,-12339.44,249.5575,1.24,100.0,77.8
7033,-12339.44,161.793,1.35,100.0,78.0
7034,-12380.55,191.5943,1.29,100.0,77.9
7035,-12608.92,8886.9431,1.4,97.3,77.6
7036,-12362.84,183.9471,1.41,97.6,77.1
7037,-12364.1,161.361,1.26,100.0,77.1
7038,-12376.49,208.927,1.23,100.0,77.1
7039,-12376.49,138.1547,1.2,100.0,77.2
7040,-12389.09,100.0056,1.28,100.0,77.2
7041,-12352.41,393.0113,1.42,94.0,76.6
7042,-12349.44,242.1964,1.25,99.9,76.4
7043,-12340.71,137.6344,1.29,100.0,76.5
7044,-12379.82,219.8647,1.24,100.0,76.4
7045,-12376.49,102.789,1.19,100.0,75.9
7046,-12345.0,230.3896,1.33,100.0,75.9
7047,-12340.71,219.3584,1.44,96.2,75.8
7048,-12386.11,76.5724,1.25,100.0,75.8
7049,-12391.75,35.598,1.22,100.0,75.9
7050,-12349.44,251.919,1.2,100.0,75.9
7051,-12393.52,35.4523,1.29,100.0,76.0
7052,-12347.98,228.6313,1.31,100.0,75.9
7053,-12392.03,51.6969,1.27,100.0,75.8
7054,-12386.71,28.8163,1.36,100.0,75.9
7055,-12392.03,16.6345,1.38,100.0,75.9
7056,-12392.03,8.9044,1.21,100.0,75.9
7057,-12392.03,6.2022,1.25,100.0,75.9
7058,-12448.84,189.5469,1.37,100.0,76.0
7059,-12394.73,44.1727,1.26,100.0,76.0
7060,-12392.03,17.1667,1.27,100.0,76.1
7061,-12392.03,9.8679,1.26,99.5,76.1
7062,-12914.51,15721.5649,1.17,100.0,76.1
7063,-12930.82,15764.0596,1.28,100.0,76.2
7064,-12999.45,16981.8767,1.39,100.0,76.3
7065,-12967.33,13244.2959,1.29,100.0,76.3
7066,-13000.26,12595.2056,1.43,100.0,76.5
7067,-13051.78,10746.0381,1.44,90.7,76.6
7068,-13018.8,9609.0322,1.27,100.0,76.6
7069,-12994.79,8670.0519,1.27,100.0,76.5
7070,-12901.08,8159.8278,1.29,100.0,76.6
7071,-13001.75,5770.9242,1.3,100.0,76.6
7072,-12506.37,10331.9287,1.32,100.0,76.6
7073,-12496.45,9147.6322,1.3,99.2,76.6
7074,-12452.5,6504.2098,1.27,100.0,76.6
7075,-12955.51,6438.1763,1.28,100.0,76.5
7076,-12974.33,6794.2854,1.33,100.0,76.6
7077,-12919.41,5245.2748,1.37,100.0,76.6
7078,-12948.63,4082.1551,1.49,83.7,76.8
7079,-12527.97,9043.3816,1.35,98.9,76.9
7080,-12499.44,9012.4182,1.35,100.0,76.9
7081,-12583.32,7663.1255,1.24,100.0,77.0
7082,-12506.53,5310.4707,1.18,100.0,76.9
7083,-13020.58,8026.8795,1.3,100.0,76.9
7084,-12943.21,5893.0762,1.44,95.9,76.9
7085,-12913.24,5736.2184,1.27,100.0,77.0
7086,-13055.51,5435.4756,1.32,100.0,77.1
7087,-12965.23,4932.5428,1.32,100.0,77.1
7088,-12984.05,3714.8909,1.22,100.0,77.0
7089,-12570.37,12911.512,1.35,100.0,77.1
7090,-12537.07,12048.1125,1.37,98.5,77.2
7091,-12618.26,10053.4395,1.23,100.0,77.1
7092,-12531.49,8678.8472,1.23,100.0,77.1
7093,-12536.47,7286.5245,1.22,100.0,77.1
7094,-12505.95,6095.6794,1.27,100.0,77.1
7095,-12587.74,6646.8041,1.36,98.6,77.0
7096,-12523.55,3948.0394,1.42,99.1,76.9
7097,-12940.08,10572.6868,1.34,100.0,77.0
7098,-12956.33,9435.5725,1.35,100.0,77.1
7099,-12965.3,7921.1646,1.3,100.0,76.9
7100,-12834.22,7601.2039,1.28,100.0,76.9
7101,-12949.12,6705.611,1.39,100.0,76.9
7102,-12965.23,6158.4401,1.33,100.0,77.0
7103,-13001.75,5221.2532,1.28,100.0,77.0
7104,-13009.35,4252.1273,1.32,100.0,77.1
7105,-12914.27,3422.6744,1.24,100.0,77.1
7106,-12966.17,2623.5831,1.32,100.0,77.1
7107,-12933.07,2400.2518,1.46,97.1,76.8
7108,-12945.09,4556.6045,1.36,100.0,76.8
7109,-12467.24,13557.9761,1.37,100.0,76.8
7110,-12903.25,2122.2706,1.46,99.6,76.8
7111,-12670.3,18066.812,1.38,98.9,76.9
7112,-12850.09,1941.6983,1.25,100.0,77.0
7113,-12791.61,1764.295,1.29,100.0,77.1
7114,-12675.3,20154.437,1.26,100.0,77.1
7115,-12445.1,11338.7522,1.3,100.0,77.0
7116,-12506.19,9475.012,1.31,100.0,77.0
7117,-12849.14,3085.5245,1.27,100.0,77.0
7118,-12849.69,3002.402,1.27,100.0,77.1
7119,-12980.47,4315.9507,1.36,100.0,77.0
7120,-12603.13,9339.1941,1.26,100.0,77.0
7121,-12507.82,9147.5593,1.35,100.0,77.0
7122,-12593.55,7922.8408,1.46,87.5,77.1
7123,-12847.11,3724.9504,1.39,99.8,77.1
7124,-12868.43,3576.3611,1.37,100.0,77.2
7125,-12830.86,3348.8699,1.32,100.0,77.3
7126,-12369.89,8439.9749,1.24,100.0,77.2
7127,-12450.8,8231.4812,1.31,100.0,77.2
7128,-12450.8,7305.0896,1.32,98.4,77.2
7129,-12467.2,6277.1602,1.22,100.0,77.4
7130,-12374.5,4916.1875,1.24,100.0,77.4
7131,-12651.83,16840.7021,1.25,100.0,77.4
7132,-12392.81,4123.4394,1.21,100.0,77.4
7133,-12428.94,3675.0657,1.32,100.0,77.4
7134,-12395.15,2974.0217,1.4,90.8,77.5
7135,-12420.6,2992.6926,1.25,100.0,77.5
7136,-12400.96,2016.5789,1.29,100.0,77.6
7137,-12475.12,1995.0268,1.31,100.0,77.6
7138,-12585.97,3821.9579,1.24,100.0,77.6
7139,-12455.76,1312.475,1.31,100.0,77.6
7140,-12893.02,11331.4028,1.34,100.0,77.6
7141,-12841.5,10804.9578,1.3,100.0,77.7
7142,-12489.04,1318.4244,1.3,100.0,77.8
7143,-12456.25,2222.0171,1.25,100.0,77.7
7144,-12494.94,1259.9707,1.3,100.0,77.8
7145,-12438.13,894.4745,1.37,93.8,77.9
7146,-12416.75,748.6104,1.28,99.8,77.9
7147,-12495.97,957.6551,1.32,100.0,77.9
7148,-12530.66,1287.4629,1.3,100.0,77.9
7149,-12417.51,956.1749,1.17,100.0,77.9
7150,-12456.57,769.6319,1.24,100.0,78.0
7151,-12455.76,513.3971,1.31,100.0,78.1
7152,-12416.75,363.1714,1.26,100.0,78.2
7153,-12416.75,269.0385,1.27,100.0,78.2
7154,-12417.52,1031.6599,1.25,99.8,78.0
7155,-12617.46,9669.9082,1.23,100.0,77.8
7156,-12385.28,268.9173,1.31,100.0,77.9
7157,-12388.61,222.5002,1.2,100.0,78.0
7158,-12384.0,170.3502,1.2,100.0,78.0
7159,-12387.86,77.073,1.21,100.0,78.0
7160,-12439.26,77.5427,1.22,100.0,78.0
7161,-12381.3,70.4764,1.3,100.0,78.2
7162,-12387.86,60.1732,1.37,97.2,78.2
7163,-12415.38,80.1262,1.24,100.0,78.2
7164,-12540.56,768.4415,1.27,100.0,78.2
7165,-12451.38,328.0151,1.28,100.0,78.2
7166,-12529.57,331.1547,1.26,100.0,78.2
7167,-12395.68,443.7667,1.3,97.8,78.3
7168,-12451.38,269.2021,1.28,100.0,78.4
7169,-12389.43,86.3493,1.25,100.0,78.4
7170,-12479.82,558.867,1.28,100.0,78.4
7171,-12439.26,266.8165,1.21,100.0,78.5
7172,-12381.3,89.1824,1.29,100.0,78.5
7173,-12381.3,57.4538,1.39,92.2,78.6
7174,-12384.32,85.5178,1.23,100.0,78.6
7175,-12386.71,24.5036,1.41,100.0,78.6
7176,-12379.42,46.7025,1.31,100.0,78.5
7177,-12386.71,13.0603,1.21,100.0,78.6
7178,-12371.09,41.6809,1.25,100.0,78.7
7179,-12376.49,13.2194,1.27,100.0,78.7
7180,-12384.79,52.4721,1.24,100.0,78.8
7181,-12382.09,80.4359,1.28,100.0,78.8
7182,-12380.93,46.39,1.29,100.0,78.8
7183,-12377.7,30.8313,1.25,100.0,78.8
7184,-12386.43,14.7976,1.3,100.0,78.9
7185,-12377.7,9.1675,1.36,99.8,78.9
7186,-12382.14,6.5633,1.27,100.0,78.9
7187,-12374.02,43.8975,1.25,100.0,78.9
7188,-12374.02,25.4823,1.17,100.0,79.0
7189,-12379.42,17.2198,1.28,100.0,79.1
7190,-12372.81,27.1931,1.39,100.0,79.1
7191,-12374.02,16.7202,1.26,100.0,79.1
7192,-12401.28,123.1004,1.36,100.0,79.1
7193,-12374.98,20.9964,1.4,97.3,79.1
7194,-12374.02,14.9266,1.18,100.0,79.1
7195,-12374.02,12.9889,1.27,100.0,79.2
7196,-12383.29,44.5002,1.27,100.0,79.3
7197,-12374.02,41.0924,1.2,100.0,79.2
7198,-12386.77,33.3086,1.26,100.0,79.2
7199,-12452.18,738.0941,1.24,100.0,79.2
7200,-12437.38,226.1493,1.26,100.0,79.2
7201,-12437.38,175.8322,1.31,100.0,78.7
7202,-12374.02,60.5812,1.31,100.0,78.8
7203,-12380.12,91.7379,1.32,100.0,78.8
7204,-12378.31,23.1885,1.4,100.0,78.8
7205,-12383.71,16.8337,1.23,100.0,78.8
7206,-12369.58,10.9401,1.23,100.0,78.8
7207,-12396.85,115.4295,1.28,100.0,78.9
7208,-12409.08,110.8689,1.29,100.0,78.9
7209,-12380.93,183.7391,1.29,100.0,78.9
7210,-12380.93,156.0194,1.35,100.0,79.0
7211,-12379.42,60.6061,1.26,100.0,79.1
7212,-12384.87,36.5863,1.31,100.0,79.1
7213,-12384.87,22.069,1.3,100.0,78.6
7214,-12379.42,10.1248,1.31,100.0,78.4
7215,-12374.02,14.9336,1.32,100.0,78.4
7216,-12374.02,6.4784,1.36,99.8,78.5
7217,-12374.98,14.9521,1.18,100.0,78.5
7218,-12374.98,7.3808,1.24,100.0,78.6
7219,-12379.42,3.6859,1.34,100.0,78.5
7220,-12382.14,28.8355,1.29,100.0,78.4
7221,-12382.14,13.9925,1.32,100.0,78.5
7222,-12379.42,26.306,1.33,100.0,78.6
7223,-12379.42,16.5357,1.25,100.0,78.7
7224,-12379.42,4.9239,1.31,100.0,78.7
7225,-12379.42,3.3615,1.29,100.0,78.7
7226,-12379.42,2.3947,1.28,100.0,78.7
7227,-12373.77,5.237,1.27,100.0,78.7
7228,-12825.15,16772.7432,1.23,100.0,78.7
7229,-12819.39,14281.9995,1.31,100.0,78.8
7230,-12811.27,12718.0618,1.32,100.0,78.8
7231,-12815.57,10610.4116,1.27,100.0,78.8
7232,-12358.0,6190.23,1.34,100.0,78.8
7233,-12354.8,6738.804,1.36,95.8,78.6
7234,-12426.4,3796.2034,1.24,100.0,78.6
7235,-12326.04,3669.8316,1.3,100.0,78.7
7236,-12830.21,10380.4731,1.31,100.0,78.7
7237,-12913.71,11127.5452,1.28,100.0,78.6
7238,-12738.21,9635.0789,1.35,100.0,78.6
7239,-12829.88,7979.2943,1.32,100.0,78.7
7240,-12765.79,6116.626,1.3,100.0,78.7
7241,-12338.47,8049.4482,1.3,100.0,78.6
7242,-12360.09,7213.2883,1.25,100.0,78.7
7243,-12419.61,5100.4705,1.3,100.0,78.7
7244,-12334.18,4174.9128,1.37,97.3,78.8
7245,-12395.28,2486.985,1.37,99.9,78.9
7246,-12777.69,8741.0735,1.4,100.0,78.8
7247,-12771.44,8540.0757,1.43,100.0,78.9
7248,-12770.4,7724.3329,1.38,99.5,78.9
7249,-12738.57,6693.6119,1.26,100.0,78.9
7250,-12581.34,11169.969,1.31,100.0,78.8
7251,-12582.96,10962.3694,1.26,100.0,78.9
7252,-12304.51,7174.0696,1.27,100.0,79.0
7253,-12337.44,5996.3484,1.32,100.0,79.0
7254,-12581.34,9026.894,1.32,100.0,79.1
7255,-12337.44,3900.303,1.3,100.0,79.0
7256,-12337.44,2981.6273,1.29,100.0,79.0
7257,-12394.24,2496.5282,1.27,100.0,79.0
7258,-12848.25,11927.7515,1.38,100.0,79.0
7259,-12394.24,1632.2822,1.36,97.4,79.1
7260,-12615.57,11437.0708,1.34,100.0,79.2
7261,-12337.44,1285.2097,1.23,100.0,79.1
7262,-12579.77,9719.6919,1.24,100.0,79.0
7263,-12301.32,1318.9504,1.31,96.8,77.2
7264,-12579.77,8832.3032,1.23,100.0,77.2
7265,-12293.07,1244.4449,1.32,100.0,77.3
7266,-12575.96,8360.0471,1.28,99.1,77.5
7267,-12580.25,7469.2147,1.2,100.0,77.5
7268,-12318.75,1412.3021,1.28,100.0,77.6
7269,-12439.29,589.6786,1.32,100.0,77.5
7270,-12386.77,411.4018,1.33,100.0,77.6
7271,-12460.65,1252.415,1.35,100.0,77.6
7272,-12380.57,161.2467,1.25,100.0,77.7
7273,-12447.75,635.4858,1.24,100.0,77.6
7274,-12374.02,187.4567,1.35,100.0,77.6
7275,-12372.29,88.67,1.26,100.0,77.7
7276,-12545.81,2917.741,1.3,100.0,77.7
7277,-12382.14,42.1844,1.32,100.0,77.8
7278,-12383.02,25.4022,1.2,100.0,77.7
7279,-12551.21,2925.8437,1.22,100.0,77.7
7280,-12375.43,100.911,1.28,100.0,77.8
7281,-12374.22,55.0552,1.27,100.0,77.9
7282,-12317.1,244.524,1.36,100.0,77.9
7283,-12382.75,241.3743,1.48,90.6,78.0
7284,-12609.9,9006.7009,1.24,100.0,78.0
7285,-12805.83,15031.9624,1.24,100.0,77.9
7286,-12714.12,11602.833,1.24,100.0,78.0
7287,-12742.03,9637.5364,1.23,100.0,78.0
7288,-12742.03,7927.9709,1.4,100.0,78.0
7289,-12714.12,6949.17,1.38,96.7,78.1
7290,-12749.77,5359.577,1.23,100.0,78.1
7291,-12570.75,3327.8326,1.2,100.0,77.7
7292,-12595.43,2398.7715,1.18,100.0,77.5
7293,-12594.27,1132.2043,1.33,100.0,77.7
7294,-12588.12,416.9581,1.4,96.7,77.7
7295,-12554.59,317.0708,1.32,99.9,77.7
7296,-12563.57,307.7362,1.28,100.0,77.8
7297,-12562.83,257.1245,1.27,100.0,77.8
7298,-12564.72,125.4824,1.19,100.0,77.8
7299,-12547.35,86.7874,1.28,100.0,77.8
7300,-12548.5,37.7205,1.46,99.2,78.6
7301,-12568.98,122.3656,1.23,100.0,78.5
7302,-12547.5,58.3037,1.34,100.0,78.5
7303,-12552.82,109.7017,1.22,100.0,78.6
7304,-12556.05,63.7133,1.21,100.0,78.6
7305,-12563.57,49.5955,1.35,100.0,78.7
7306,-12546.14,23.3252,1.39,98.5,78.2
7307,-12551.61,31.3966,1.3,100.0,78.1
7308,-12556.05,20.6346,1.34,100.0,78.1
7309,-12566.79,10.916,1.22,100.0,78.0
7310,-12578.88,112.2321,1.2,100.0,78.0
7311,-12546.14,72.7035,1.34,100.0,78.1
7312,-12575.31,57.1793,1.33,100.0,78.2
7313,-12546.14,22.6601,1.33,100.0,78.2
7314,-12556.05,12.6679,1.35,99.1,78.1
7315,-12550.58,13.1161,1.28,100.0,78.1
7316,-12554.59,28.6469,1.24,100.0,78.0
7317,-12556.05,8.7207,1.3,100.0,78.1
7318,-12500.77,208.4501,1.22,100.0,78.1
7319,-12550.58,54.358,1.3,100.0,78.1
7320,-12614.63,242.7242,1.28,98.0,78.0
7321,-12550.58,37.1281,1.18,100.0,77.8
7322,-12547.35,23.1787,1.29,100.0,77.9
7323,-12550.58,21.7963,1.37,100.0,78.0
7324,-12551.61,20.8457,1.32,100.0,78.0
7325,-12518.1,177.1127,1.39,99.2,77.9
7326,-12522.54,80.0471,1.42,97.2,78.0
7327,-12559.55,197.0503,1.21,100.0,77.8
7328,-12547.35,250.4511,1.26,100.0,77.7
7329,-12547.35,109.1543,1.24,100.0,77.7
7330,-12547.35,43.5561,1.27,100.0,77.8
7331,-12548.18,34.3606,1.44,98.5,77.9
7332,-12512.71,194.331,1.37,99.4,77.8
7333,-12512.71,151.4646,1.28,100.0,77.8
7334,-12580.4,241.1531,1.27,100.0,77.8
7335,-12560.25,68.972,1.21,100.0,77.8
7336,-12557.01,71.1003,1.28,100.0,77.8
7337,-12520.14,90.9813,1.35,99.3,77.9
7338,-12543.54,142.296,1.3,100.0,77.8
7339,-12515.97,278.1888,1.28,100.0,77.8
7340,-12582.44,155.7161,1.23,100.0,77.8
7341,-12580.4,69.711,1.18,100.0,77.8
7342,-12477.06,649.5172,1.31,100.0,78.0
7343,-12580.4,59.1361,1.37,95.2,78.0
7344,-12568.77,251.4418,1.25,100.0,78.0
7345,-12541.5,102.3514,1.37,100.0,78.0
7346,-12580.56,288.5302,1.32,99.2,77.9
7347,-12557.01,181.6333,1.2,100.0,77.7
7348,-12558.22,84.2797,1.3,100.0,77.9
7349,-12551.61,46.9132,1.27,100.0,77.9
7350,-12551.61,10.4773,1.24,100.0,77.8
7351,-12518.1,179.3682,1.36,100.0,77.9
7352,-12477.06,283.5491,1.38,99.8,78.0
7353,-12512.71,203.0634,1.22,100.0,77.9
7354,-12517.15,132.1142,1.28,100.0,78.0
7355,-12518.1,93.6332,1.34,100.0,78.1
7356,-12481.5,362.6393,1.38,100.0,78.1
7357,-12561.44,134.5234,1.43,98.4,78.1
7358,-12518.1,43.3433,1.44,96.3,78.2
7359,-12518.26,74.8167,1.23,100.0,78.2
7360,-12518.1,21.7068,1.26,100.0,78.2
7361,-13026.5,18462.3579,1.27,100.0,78.2
7362,-12553.65,234.2913,1.29,100.0,78.3
7363,-12555.11,211.674,1.41,91.8,78.3
7364,-13040.06,17242.1733,1.38,99.7,78.4
7365,-12552.82,102.7107,1.29,100.0,78.3
7366,-12552.82,67.3834,1.4,100.0,78.3
7367,-12516.21,159.3958,1.28,100.0,78.3
7368,-12518.1,59.3881,1.23,100.0,78.4
7369,-12518.26,53.7796,1.34,99.7,78.5
7370,-12477.22,255.6457,1.29,100.0,78.5
7371,-12539.36,593.3655,1.32,100.0,78.4
7372,-12559.05,390.436,1.37,100.0,78.5
7373,-12556.32,186.2723,1.33,100.0,78.7
7374,-12557.16,114.3888,1.19,100.0,78.6
7375,-12527.88,476.4526,1.28,100.0,78.7
7376,-12541.34,334.3427,1.31,100.0,78.7
7377,-12580.56,246.0666,1.32,100.0,78.8
7378,-12527.73,308.681,1.4,94.1,78.8
7379,-12537.47,145.3403,1.35,100.0,78.7
7380,-12539.6,269.5096,1.28,100.0,78.8
7381,-12539.6,178.3741,1.32,100.0,78.6
7382,-12537.47,189.1762,1.27,100.0,78.6
7383,-12537.47,157.4892,1.29,100.0,78.7
7384,-12495.66,111.5725,1.37,94.3,78.8
7385,-12539.6,216.0924,1.32,100.0,78.7
7386,-12541.65,179.6511,1.3,100.0,78.8
7387,-12498.56,160.3467,1.27,100.0,78.7
7388,-12537.47,147.3848,1.21,100.0,78.8
7389,-12491.16,73.1899,1.31,99.9,78.9
7390,-12532.19,230.0812,1.36,97.7,78.9
7391,-12498.56,29.7329,1.23,100.0,79.1
7392,-12580.4,373.7374,1.23,100.0,78.9
7393,-12537.47,85.9861,1.21,100.0,78.9
7394,-12537.47,48.2444,1.23,100.0,79.0
7395,-12498.56,83.2668,1.38,88.9,79.2
7396,-12518.42,269.8478,1.38,98.8,79.3
7397,-12522.93,195.5752,1.32,100.0,79.4
7398,-12522.93,113.1327,1.35,100.0,79.3
7399,-12523.09,47.1281,1.26,100.0,79.1
7400,-12522.93,38.4274,1.24,100.0,79.1
7401,-12530.34,22.143,1.32,100.0,79.2
7402,-12537.47,211.7614,1.24,100.0,79.3
7403,-12503.07,117.5648,1.28,100.0,79.3
7404,-12491.16,77.3243,1.33,100.0,79.3
7405,-12532.11,199.7812,1.22,100.0,79.3
7406,-12489.26,52.6316,1.3,100.0,79.3
7407,-12498.56,44.5743,1.37,93.5,79.6
7408,-12491.16,22.1911,1.29,100.0,79.5
7409,-12500.61,24.3764,1.33,100.0,79.6
7410,-13043.56,18934.5815,1.42,100.0,79.7
7411,-12984.64,16427.3445,1.22,100.0,79.8
7412,-13004.42,16294.0647,1.28,100.0,79.9
7413,-12985.85,13169.2747,1.29,100.0,79.9
7414,-12984.64,11826.2681,1.26,100.0,80.0
7415,-12984.64,10723.6938,1.35,100.0,80.0
7416,-13027.73,8905.668,1.46,100.0,80.3
7417,-12983.43,8390.4071,1.3,100.0,80.3
7418,-13022.34,6657.603,1.29,100.0,80.3
7419,-12998.94,5820.1611,1.29,100.0,80.4
7420,-12965.43,5119.799,1.26,100.0,80.3
7421,-13027.73,3716.2739,1.37,99.9,80.4
7422,-12607.83,11233.6614,1.31,100.0,80.6
7423,-12584.43,10187.3066,1.2,100.0,80.6
7424,-12547.41,7462.832,1.23,100.0,80.6
7425,-12584.43,5942.5144,1.23,100.0,80.6
7426,-12541.4,4896.776,1.31,100.0,80.7
7427,-12539.52,3742.7866,1.37,84.1,80.8
7428,-12541.65,3157.9431,1.37,100.0,80.8
7429,-12573.11,2421.8945,1.32,100.0,80.8
7430,-12541.65,2101.3893,1.31,100.0,80.7
7431,-12500.61,1571.5796,1.19,100.0,80.8
7432,-12505.12,1090.7557,1.26,100.0,80.8
7433,-12498.72,664.7889,1.29,97.2,81.0
7434,-12497.71,461.0812,1.26,100.0,81.0
7435,-12493.21,243.7371,1.32,100.0,81.0
7436,-12500.61,146.4769,1.32,100.0,81.1
7437,-12527.88,191.309,1.21,100.0,81.1
7438,-12489.95,141.2334,1.34,100.0,81.2
7439,-12497.36,93.243,1.36,99.8,81.2
7440,-12485.44,28.8815,1.25,100.0,81.2
7441,-12489.95,44.3691,1.33,100.0,81.2
7442,-12485.44,34.6867,1.27,100.0,81.2
7443,-12531.75,153.7015,1.15,99.9,81.2
7444,-12492.85,20.2659,1.32,99.5,81.3
7445,-12494.73,26.2876,1.36,99.9,81.5
7446,-12469.45,84.745,1.3,100.0,81.6
7447,-12531.75,168.1668,1.4,100.0,81.6
7448,-12492.85,68.0589,1.41,98.1,81.5
7449,-12531.75,90.1115,1.2,100.0,81.4
7450,-12532.14,142.2538,1.26,100.0,81.5
7451,-12469.45,253.3322,1.36,100.0,81.7
7452,-12469.45,163.6788,1.29,100.0,81.6
7453,-12512.38,478.0543,1.34,98.4,81.6
7454,-12471.34,51.8093,1.3,100.0,81.8
7455,-12533.64,161.5154,1.22,100.0,81.9
7456,-12551.28,265.2416,1.27,100.0,81.8
7457,-12575.89,182.9547,1.27,100.0,81.9
7458,-12510.24,282.2975,1.38,100.0,81.9
7459,-12551.28,157.9226,1.44,88.4,82.0
7460,-12535.77,88.4883,1.25,100.0,82.1
7461,-12475.85,218.7734,1.28,100.0,82.2
7462,-12514.75,240.2661,1.24,100.0,82.2
7463,-12533.89,141.5929,1.22,100.0,82.1
7464,-12512.38,85.7146,1.3,100.0,82.2
7465,-12492.85,221.2259,1.38,96.1,82.4
7466,-12494.73,114.4596,1.26,100.0,82.3
7467,-12510.24,232.7616,1.31,100.0,82.5
7468,-12574.68,395.9231,1.23,100.0,82.6
7469,-12609.71,240.3716,1.21,100.0,82.4
7470,-12545.27,394.2104,1.32,100.0,82.6
7471,-12545.27,399.5319,1.35,100.0,82.4
7472,-12510.24,319.6421,1.23,100.0,82.1
7473,-12510.24,145.4319,1.25,100.0,82.2
7474,-12549.39,668.6049,1.2,100.0,82.3
7475,-12510.24,107.0735,1.35,100.0,82.2
7476,-12574.68,211.5751,1.35,83.2,82.4
7477,-12531.75,223.2688,1.23,100.0,81.6
7478,-12531.75,191.8649,1.28,100.0,81.6
7479,-12471.34,289.4592,1.31,99.8,81.5
7480,-12492.85,164.4267,1.24,100.0,81.5
7481,-12494.73,113.695,1.28,100.0,81.6
7482,-12536.26,167.5975,1.27,100.0,81.8
7483,-12574.68,170.4925,1.19,100.0,81.7
7484,-12536.26,260.7016,1.29,100.0,81.8
7485,-12499.24,370.2449,1.29,100.0,81.6
7486,-12497.36,125.9683,1.34,100.0,81.7
7487,-12697.5,5741.0449,1.38,94.9,81.9
7488,-12492.85,54.491,1.38,99.1,81.8
7489,-12490.96,27.3839,1.27,100.0,81.8
7490,-12495.46,33.573,1.22,100.0,81.7
7491,-12697.5,4296.5629,1.2,100.0,81.8
7492,-12507.33,201.0111,1.3,100.0,81.9
7493,-12521.15,125.0995,1.41,88.5,82.0
7494,-12516.28,58.4253,1.22,99.8,82.0
7495,-12523.69,34.3633,1.32,100.0,82.0
7496,-12541.74,91.5669,1.28,100.0,81.9
7497,-12521.15,55.6778,1.19,100.0,82.0
7498,-12492.85,210.9229,1.32,100.0,82.1
7499,-12494.73,194.5507,1.27,98.6,82.1
7500,-12518.52,82.4261,1.23,100.0,82.1
7501,-12523.03,26.9521,1.28,100.0,82.0
7502,-12523.69,65.3305,1.36,100.0,81.1
7503,-12495.46,163.8545,1.41,94.7,81.2
7504,-12673.71,4257.027,1.31,99.5,81.3
7505,-12516.64,37.5029,1.34,100.0,81.4
7506,-12516.64,23.5127,1.3,100.0,81.3
7507,-12492.85,64.2772,1.14,100.0,81.2
7508,-12494.73,47.3306,1.24,100.0,81.2
7509,-12519.25,106.0592,1.33,100.0,81.3
7510,-12537.3,206.097,1.25,100.0,81.4
7511,-12511.84,104.2796,1.34,100.0,81.5
7512,-12521.15,65.6813,1.42,97.2,81.6
7513,-12518.52,33.8372,1.17,100.0,81.4
7514,-12516.64,62.0074,1.28,100.0,81.4
7515,-12492.85,76.1301,1.33,100.0,81.5
7516,-12669.2,4049.3325,1.27,100.0,81.5
7517,-12492.85,111.0928,1.31,100.0,81.6
7518,-12499.24,87.9346,1.33,98.8,81.6
7519,-12495.46,59.9285,1.2,100.0,81.6
7520,-12497.36,26.6592,1.32,100.0,81.5
7521,-12492.85,26.5681,1.27,100.0,80.9
7522,-12494.73,33.2474,1.41,100.0,81.1
7523,-12494.73,20.8131,1.43,88.7,81.2
7524,-12499.24,12.5811,1.24,100.0,81.2
7525,-12494.73,27.6673,1.22,100.0,81.2
7526,-12492.85,56.2406,1.23,100.0,81.3
7527,-12499.24,12.8992,1.25,100.0,81.2
7528,-12494.73,24.5617,1.41,99.1,81.1
7529,-12499.24,5.7097,1.4,96.2,81.3
7530,-12516.64,84.0495,1.26,100.0,81.3
7531,-12534.28,276.8865,1.27,100.0,81.3
7532,-12495.12,228.3559,1.2,100.0,81.2
7533,-12518.52,78.3888,1.29,100.0,81.3
7534,-12520.55,68.5343,1.31,97.8,81.3
7535,-12555.72,562.1392,1.25,100.0,81.3
7536,-12547.09,372.9242,1.36,100.0,81.4
7537,-12510.24,317.2945,1.29,100.0,81.4
7538,-12512.38,180.4059,1.19,100.0,81.4
7539,-12512.38,115.4249,1.32,100.0,81.4
7540,-12510.24,353.9876,1.38,100.0,81.4
7541,-12510.24,290.9848,1.23,100.0,81.5
7542,-12555.72,259.5692,1.24,100.0,81.5
7543,-12551.28,199.5277,1.17,100.0,81.5
7544,-12510.24,316.2965,1.24,100.0,81.5
7545,-12510.24,207.552,1.41,98.6,81.4
7546,-12551.28,231.6552,1.42,100.0,81.5
7547,-12555.72,208.6357,1.32,100.0,81.5
7548,-12551.28,111.2123,1.43,100.0,81.6
7549,-12471.34,580.4485,1.41,97.8,81.5
7550,-12475.85,323.3912,1.2,100.0,81.0
7551,-12669.2,4803.4034,1.32,100.0,81.1
7552,-12551.28,143.4176,1.34,99.9,81.2
7553,-12710.24,4110.6682,1.35,100.0,81.2
7554,-12674.1,3781.9874,1.43,99.1,81.3
7555,-12497.75,1567.127,1.38,93.3,81.3
7556,-12669.59,2905.998,1.22,100.0,81.2
7557,-12516.64,1580.8748,1.25,100.0,81.3
7558,-12518.52,1189.5412,1.26,100.0,81.3
7559,-12534.28,453.1666,1.3,100.0,81.3
7560,-12551.28,483.7403,1.41,95.9,81.4
7561,-12510.24,177.4554,1.38,99.5,81.3
7562,-12551.28,243.9433,1.3,100.0,81.4
7563,-12512.38,190.7217,1.25,100.0,81.3
7564,-12471.34,340.0385,1.23,100.0,81.4
7565,-12471.34,148.5153,1.32,100.0,81.4
7566,-12510.24,240.2796,1.34,96.9,81.3
7567,-12494.73,188.1483,1.29,100.0,81.3
7568,-12510.24,96.8025,1.31,100.0,81.4
7569,-12518.52,167.5287,1.32,100.0,81.5
7570,-12710.24,4311.6663,1.17,100.0,81.4
7571,-12494.73,227.7577,1.26,100.0,81.4
7572,-12510.24,132.2831,1.37,93.7,81.1
7573,-12471.34,69.9755,1.27,100.0,81.2
7574,-12471.34,48.5986,1.32,99.9,81.1
7575,-12512.38,283.7691,1.37,96.5,81.3
7576,-12510.24,110.7739,1.18,100.0,81.3
7577,-12494.73,172.5791,1.3,100.0,81.1
7578,-12471.34,50.3514,1.32,100.0,81.2
7579,-12510.24,183.0166,1.22,100.0,81.1
7580,-12512.38,319.0948,1.3,100.0,81.2
7581,-12570.81,390.4212,1.22,100.0,81.3
7582,-12471.34,298.127,1.24,100.0,81.3
7583,-12499.24,230.5224,1.35,100.0,81.4
7584,-12492.85,128.7381,1.35,99.8,81.7
7585,-12494.73,49.2306,1.39,100.0,81.7
7586,-12471.34,43.9786,1.45,99.2,81.9
7587,-12551.28,400.7249,1.41,98.0,82.1
7588,-12471.34,211.0419,1.23,100.0,82.1
7589,-12471.34,192.2872,1.27,100.0,82.1
7590,-12535.77,155.34,1.25,100.0,82.1
7591,-12471.34,49.3067,1.32,100.0,82.2
7592,-12494.73,53.4217,1.41,95.1,82.2
7593,-12471.34,16.2499,1.36,100.0,82.4
7594,-12495.12,85.8682,1.3,100.0,82.2
7595,-12471.34,36.5129,1.33,100.0,82.5
7596,-12471.34,27.3913,1.23,100.0,82.4
7597,-12510.24,212.5128,1.26,100.0,82.4
7598,-12475.77,11.0934,1.3,96.4,82.4
7599,-12471.34,5.1549,1.33,100.0,82.4
7600,-12495.12,71.8546,1.3,100.0,82.5
7601,-12499.63,61.0891,1.3,100.0,82.5
7602,-12494.73,100.176,1.16,99.9,82.7
7603,-12506.37,86.0576,1.33,100.0,82.6
7604,-12504.48,79.8993,1.34,90.3,82.9
7605,-12483.61,68.8579,1.27,100.0,82.6
7606,-12479.1,40.4875,1.35,100.0,82.5
7607,-12479.1,40.7474,1.39,99.8,82.5
7608,-12502.65,178.4363,1.17,100.0,82.2
7609,-12479.1,52.1711,1.25,100.0,82.2
7610,-12520.63,160.1358,1.29,100.0,82.2
7611,-12518.01,119.5247,1.23,100.0,82.1
7612,-12522.17,281.0753,1.29,100.0,82.2
7613,-12500.76,91.8404,1.24,100.0,82.1
7614,-12502.5,55.712,1.24,100.0,82.1
7615,-12543.54,248.6665,1.37,98.9,82.0
7616,-12483.61,92.3787,1.35,99.8,82.1
7617,-12518.01,155.6844,1.35,100.0,82.1
7618,-12520.14,218.3224,1.38,98.2,82.0
7619,-12502.5,69.6308,1.38,98.4,82.3
7620,-12479.1,48.9189,1.24,100.0,82.2
7621,-12520.14,301.2635,1.25,100.0,82.3
7622,-12479.1,23.7908,1.25,100.0,82.2
7623,-12479.1,16.1013,1.27,100.0,82.3
7624,-12479.1,10.5187,1.44,90.1,82.5
7625,-12479.1,5.138,1.34,99.9,82.5
7626,-12479.1,2.521,1.3,100.0,82.5
7627,-12483.54,1.5745,1.32,100.0,82.4
7628,-12518.01,141.3823,1.2,100.0,82.5
7629,-12524.58,194.5223,1.27,100.0,82.4
7630,-12620.29,331.5946,1.28,95.4,82.6
7631,-12522.44,441.3075,1.25,100.0,82.6
7632,-12522.44,404.4052,1.31,100.0,82.7
7633,-12524.58,161.5898,1.3,100.0,82.8
7634,-12510.81,194.3094,1.17,100.0,82.7
7635,-12518.01,159.1157,1.37,100.0,82.8
7636,-12563.48,341.8053,1.33,100.0,82.7
7637,-12520.56,116.6247,1.25,100.0,82.8
7638,-12658.08,3985.9326,1.35,100.0,82.9
7639,-12475.32,335.2646,1.31,100.0,83.3
7640,-12483.61,249.5869,1.16,99.8,83.3
7641,-12502.5,159.3216,1.32,98.3,83.2
7642,-12502.59,169.9531,1.33,100.0,82.9
7643,-12506.52,119.7712,1.32,100.0,82.9
7644,-12511.03,94.806,1.4,99.5,83.0
7645,-12475.32,150.8674,1.26,99.7,82.6
7646,-12479.1,68.5299,1.24,100.0,82.7
7647,-12524.58,307.0443,1.24,100.0,82.6
7648,-12518.01,255.862,1.24,100.0,82.7
7649,-12483.61,25.0556,1.33,100.0,82.6
7650,-12479.1,25.9578,1.33,100.0,82.7
7651,-12479.1,11.3912,1.26,100.0,82.7
7652,-12513.57,254.1975,1.27,100.0,82.8
7653,-12497.62,182.6378,1.24,99.9,82.9
7654,-12525.72,66.1534,1.32,100.0,82.9
7655,-12525.72,39.7002,1.38,97.1,83.2
7656,-12525.72,22.1853,1.31,100.0,83.2
7657,-12547.35,110.8845,1.27,100.0,83.2
7658,-12558.11,126.0831,1.24,100.0,83.2
7659,-12549.29,39.685,1.2,100.0,83.1
7660,-12542.91,30.5893,1.28,100.0,83.2
7661,-12558.11,39.3927,1.43,94.0,83.4
7662,-12580.56,105.9881,1.24,100.0,83.3
7663,-12553.67,131.1596,1.27,100.0,83.3
7664,-12706.49,3785.6949,1.23,100.0,83.2
7665,-12532.17,256.8402,1.2,100.0,83.3
7666,-12518.69,262.8845,1.3,100.0,83.4
7667,-12523.2,85.5218,1.35,99.5,83.5
7668,-12518.69,56.0058,1.27,100.0,83.4
7669,-12523.2,20.9857,1.37,100.0,83.5
7670,-12518.69,39.0858,1.36,99.3,83.4
7671,-12518.69,24.0385,1.21,100.0,83.4
7672,-12523.13,19.7396,1.3,100.0,83.6
7673,-12603.07,383.4874,1.35,100.0,83.6
7674,-12523.13,177.6881,1.26,100.0,83.7
7675,-12527.66,139.7575,1.4,100.0,83.7
7676,-12532.02,24.9589,1.28,100.0,83.8
7677,-12529.53,30.9133,1.18,100.0,83.6
7678,-12532.02,12.3041,1.36,98.9,83.6
7679,-12576.7,287.3001,1.33,100.0,83.8
7680,-12576.7,192.5373,1.35,100.0,83.7
7681,-12620.36,346.6916,1.44,94.0,83.8
7682,-12618.75,377.6773,1.41,98.3,83.9
7683,-12601.8,147.5648,1.24,100.0,83.8
7684,-12640.97,163.0245,1.24,100.0,83.9
7685,-12648.46,170.8253,1.22,100.0,83.9
7686,-12668.92,232.4621,1.3,100.0,83.9
7687,-12824.8,4123.4188,1.49,91.0,84.0
7688,-12648.46,388.1079,1.35,99.8,84.0
7689,-12650.33,236.5071,1.25,100.0,84.0
7690,-12648.46,107.6592,1.34,100.0,84.2
7691,-12648.46,62.4388,1.21,100.0,84.1
7692,-12648.46,47.6548,1.25,100.0,84.3
7693,-12650.86,44.2216,1.5,96.9,85.1
7694,-12648.31,76.8037,1.29,100.0,85.0
7695,-12657.33,26.0254,1.22,100.0,85.0
7696,-12648.46,11.33,1.25,100.0,85.1
7697,-12648.46,3.7903,1.2,100.0,85.0
7698,-12640.97,8.2735,1.32,100.0,85.0
7699,-12621.5,46.8546,1.38,90.3,84.5
7700,-12616.13,30.3871,1.24,100.0,84.5
7701,-12616.13,10.5338,1.28,100.0,84.6
7702,-12616.13,7.9098,1.23,100.0,84.7
7703,-12620.64,12.5977,1.18,99.8,84.6
7704,-12601.8,65.5291,1.35,97.6,84.4
7705,-12620.64,19.7147,1.38,99.0,84.5
7706,-12606.23,57.5721,1.27,100.0,84.4
7707,-12599.9,28.5709,1.37,100.0,84.5
7708,-12601.8,12.5864,1.26,100.0,84.5
7709,-12601.8,6.0692,1.27,100.0,84.6
7710,-12601.8,3.1084,1.34,98.0,84.6
7711,-12652.89,299.6615,1.32,100.0,84.6
7712,-12685.42,631.7312,1.29,100.0,84.7
7713,-12754.93,1916.8848,1.23,100.0,84.7
7714,-12738.32,1287.7687,1.15,98.7,84.7
7715,-12742.75,975.8845,1.28,99.4,84.6
7716,-12769.16,1294.5301,1.37,93.2,84.8
7717,-12800.99,1202.295,1.28,100.0,84.6
7718,-12874.51,2296.6768,1.34,100.0,84.7
7719,-12954.87,2944.8448,1.37,99.0,84.3
7720,-12986.3,1711.5413,1.19,100.0,84.0
7721,-13034.54,1008.8349,1.24,100.0,84.1
7722,-13016.98,2413.7847,1.32,99.6,84.2
7723,-13005.67,1515.8136,1.26,100.0,84.2
7724,-13064.9,563.2233,1.44,100.0,84.3
7725,-13004.01,311.7295,1.41,98.7,84.3
7726,-13019.67,276.7216,1.26,100.0,84.3
7727,-13001.23,220.9174,1.27,100.0,84.3
7728,-13038.97,173.2303,1.32,100.0,84.4
7729,-13001.23,232.1359,1.3,100.0,84.3
7730,-13001.23,87.5984,1.42,98.4,84.6
7731,-13021.56,222.1955,1.27,99.6,84.1
7732,-13021.56,89.8375,1.27,100.0,84.1
7733,-13005.67,197.6376,1.28,100.0,84.2
7734,-13001.23,77.8644,1.37,100.0,84.3
7735,-13021.56,182.0131,1.44,87.1,84.6
7736,-13021.56,105.0307,1.39,100.0,84.5
7737,-13016.98,47.3491,1.37,100.0,84.5
7738,-12999.34,126.5919,1.27,100.0,84.6
7739,-13032.64,204.3278,1.22,100.0,84.5
7740,-13026.0,30.3046,1.31,100.0,84.5
7741,-13034.54,40.2872,1.38,96.2,84.3
7742,-12996.8,284.255,1.28,100.0,84.7
7743,-12996.8,153.8459,1.34,100.0,84.5
7744,-12996.8,84.2804,1.39,99.8,84.7
7745,-13001.24,44.0053,1.27,100.0,84.0
7746,-13001.24,16.5957,1.3,100.0,83.6
7747,-12996.8,16.5231,1.33,100.0,83.6
7748,-13012.55,34.4091,1.27,100.0,83.6
7749,-13030.69,50.9187,1.28,100.0,83.7
7750,-13074.23,271.2631,1.37,100.0,83.6
7751,-13076.12,172.8895,1.29,100.0,83.5
7752,-12996.8,980.3826,1.32,100.0,83.5
7753,-13077.88,446.8783,1.39,100.0,83.6
7754,-13017.06,366.5007,1.24,100.0,83.5
7755,-13004.01,228.5581,1.28,100.0,83.6
7756,-13038.41,352.4942,1.3,100.0,83.7
7757,-13060.47,163.0097,1.29,100.0,83.6
7758,-13017.06,492.8432,1.29,100.0,83.6
7759,-13021.57,193.4973,1.31,100.0,83.6
7760,-13060.47,366.9757,1.22,100.0,83.7
7761,-13038.97,94.6645,1.33,100.0,83.7
7762,-13017.06,84.4662,1.34,100.0,83.6
7763,-13055.96,334.365,1.31,100.0,83.6
7764,-13017.06,42.3254,1.42,98.1,83.8
7765,-13021.57,28.5652,1.4,98.6,83.9
7766,-13021.57,11.8636,1.29,100.0,84.0
7767,-13060.47,161.0082,1.3,100.0,84.0
7768,-13021.57,144.2618,1.26,100.0,83.8
7769,-13017.13,50.8,1.27,100.0,83.8
7770,-13055.96,284.907,1.39,95.6,83.5
7771,-13060.47,84.9997,1.42,99.7,83.6
7772,-13004.01,367.908,1.3,100.0,83.5
7773,-12995.06,225.5826,1.37,100.0,83.7
7774,-13012.62,139.7235,1.31,100.0,83.7
7775,-13060.47,314.9253,1.25,100.0,83.7
7776,-13004.01,78.5042,1.33,100.0,83.7
7777,-13004.01,40.7389,1.34,100.0,83.7
7778,-13038.41,256.7443,1.29,100.0,83.7
7779,-13038.41,81.0959,1.34,100.0,83.7
7780,-12999.5,235.9036,1.2,100.0,83.8
7781,-12977.36,189.2957,1.24,100.0,83.8
7782,-12981.8,123.308,1.37,98.5,84.0
7783,-13020.7,203.974,1.28,100.0,83.9
7784,-13016.26,142.1002,1.38,100.0,83.9
7785,-13007.35,182.4039,1.4,99.8,84.0
7786,-12981.8,129.9726,1.3,100.0,84.0
7787,-12981.8,123.3015,1.26,100.0,84.1
7788,-13025.21,136.7669,1.25,100.0,84.1
7789,-12986.31,165.9897,1.22,100.0,84.0
7790,-12963.94,242.974,1.31,100.0,84.1
7791,-12981.8,35.6408,1.42,100.0,84.2
7792,-13002.84,304.099,1.25,100.0,84.2
7793,-12963.94,51.3257,1.27,100.0,84.3
7794,-12984.83,213.0762,1.26,100.0,84.3
7795,-12984.83,91.4345,1.29,100.0,84.2
7796,-12966.65,45.7501,1.38,99.2,84.3
7797,-12966.65,91.5229,1.42,99.7,84.4
7798,-12945.92,313.1412,1.25,100.0,84.3
7799,-12963.94,251.7047,1.28,100.0,84.5
7800,-13018.71,288.655,1.22,100.0,84.5
7801,-12964.01,88.9803,1.25,100.0,84.5
7802,-12963.94,47.1502,1.39,93.6,84.6
7803,-12963.94,26.5251,1.42,99.7,84.6
7804,-12959.5,8.503,1.29,100.0,84.4
7805,-13007.35,182.6668,1.38,100.0,84.5
7806,-12964.01,57.5815,1.33,100.0,84.6
7807,-12986.3,103.1939,1.22,100.0,84.6
7808,-13015.23,264.027,1.31,100.0,84.7
7809,-13021.57,153.6157,1.27,100.0,84.7
7810,-12999.57,59.9439,1.28,100.0,84.7
7811,-13004.01,42.5541,1.34,100.0,84.7
7812,-13017.13,47.1428,1.18,100.0,84.6
7813,-12995.06,75.7142,1.27,100.0,84.7
7814,-13042.77,223.1939,1.33,99.0,84.8
7815,-12999.57,41.5745,1.29,100.0,84.8
7816,-13004.01,12.2052,1.29,100.0,84.3
7817,-13017.06,64.8244,1.34,100.0,84.4
7818,-13017.13,33.6317,1.22,100.0,84.4
7819,-13021.57,17.5476,1.31,100.0,84.4
7820,-13038.97,39.7126,1.42,99.2,84.5
7821,-13017.13,55.5767,1.28,100.0,84.6
7822,-12999.5,153.8335,1.36,100.0,84.8
7823,-12999.57,68.0442,1.44,98.9,84.9
7824,-13042.92,230.7198,1.24,100.0,84.9
7825,-13004.01,56.9055,1.26,100.0,84.8
7826,-13038.41,98.6416,1.29,100.0,84.9
7827,-13038.41,54.675,1.25,100.0,84.9
7828,-13017.13,154.3284,1.35,99.6,85.0
7829,-12999.57,89.409,1.41,99.3,85.2
7830,-13004.01,56.6803,1.24,100.0,85.1
7831,-13004.01,28.8517,1.33,100.0,85.2
7832,-12999.5,23.1887,1.3,100.0,85.1
7833,-12981.8,48.6535,1.28,100.0,85.2
7834,-12986.31,33.4147,1.44,98.7,85.2
7835,-12986.31,19.5466,1.38,100.0,85.3
7836,-13004.72,226.1952,1.26,100.0,85.4
7837,-13004.72,154.3673,1.33,100.0,85.5
7838,-13000.28,91.9585,1.25,100.0,85.5
7839,-12965.81,144.1586,1.23,100.0,85.4
7840,-12964.01,168.5539,1.32,97.7,85.4
7841,-12981.87,175.4835,1.36,100.0,85.5
7842,-12986.31,108.5343,1.32,100.0,85.6
7843,-12999.57,127.3954,1.37,100.0,85.9
7844,-12995.06,78.575,1.23,100.0,85.8
7845,-13021.57,154.2244,1.26,100.0,85.8
7846,-13004.01,52.2162,1.3,100.0,85.7
7847,-12981.8,102.2562,1.26,100.0,85.6
7848,-12981.87,54.2809,1.29,100.0,85.6
7849,-12981.8,21.5868,1.27,100.0,85.3
7850,-12986.31,16.8585,1.22,100.0,85.4
7851,-12981.8,23.9775,1.28,100.0,85.4
7852,-13002.84,205.8788,1.29,100.0,85.9
7853,-13002.84,158.576,1.32,100.0,85.7
7854,-12959.5,106.1385,1.4,99.0,85.6
7855,-12968.45,65.8607,1.3,100.0,85.7
7856,-12957.61,32.6175,1.26,100.0,85.6
7857,-12963.94,13.2716,1.25,100.0,85.2
7858,-12968.53,398.3077,1.26,99.9,85.3
7859,-12966.65,304.2769,1.28,100.0,85.5
7860,-12968.53,203.3145,1.37,100.0,85.5
7861,-12970.66,341.5781,1.31,100.0,85.3
7862,-12968.53,137.2586,1.33,100.0,85.3
7863,-12947.8,127.3037,1.31,100.0,85.4
7864,-12934.13,70.2765,1.22,100.0,85.4
7865,-12927.75,58.4802,1.35,100.0,85.5
7866,-12927.75,43.4016,1.36,100.0,85.5
7867,-12929.62,27.4083,1.32,100.0,85.4
7868,-12968.53,132.4893,1.28,100.0,85.5
7869,-12952.31,69.152,1.25,100.0,85.5
7870,-12929.62,86.0377,1.23,100.0,85.5
7871,-12929.62,41.1404,1.3,100.0,85.6
7872,-12925.19,10.7679,1.44,99.1,85.6
7873,-12885.96,312.1049,1.34,100.0,85.6
7874,-12926.74,368.2294,1.41,100.0,85.6
7875,-12885.96,107.6089,1.39,99.4,85.5
7876,-12907.04,226.6044,1.23,100.0,85.7
7877,-12837.26,565.0685,1.27,100.0,85.7
7878,-12827.59,380.6079,1.35,100.0,85.8
7879,-12837.26,204.795,1.26,100.0,85.8
7880,-12839.4,402.7402,1.29,100.0,85.8
7881,-12788.69,165.6354,1.34,99.3,85.9
7882,-12798.36,110.7652,1.21,100.0,85.7
7883,-12788.69,23.0914,1.25,100.0,85.8
7884,-12793.92,41.9464,1.35,100.0,85.9
7885,-12786.88,92.6468,1.31,100.0,85.9
7886,-12788.69,34.0375,1.39,100.0,86.0
7887,-12845.5,179.8602,1.45,89.1,86.1
7888,-12829.73,225.3762,1.27,100.0,86.1
7889,-12782.23,131.5738,1.29,100.0,86.1
7890,-12793.2,63.3449,1.26,100.0,86.2
7891,-12788.69,22.0712,1.23,100.0,86.1
7892,-12825.57,229.6468,1.3,100.0,85.8
7893,-12788.69,21.3844,1.49,97.4,86.1
7894,-12788.69,8.2531,1.28,100.0,86.1
7895,-12798.43,50.6,1.33,100.0,86.2
7896,-12816.2,140.661,1.25,100.0,86.1
7897,-12870.75,582.8608,1.22,100.0,86.2
7898,-12866.31,454.8656,1.31,100.0,86.2
7899,-12866.31,341.4883,1.34,100.0,86.3
7900,-12888.58,515.7724,1.25,100.0,86.3
7901,-12888.58,333.2925,1.26,100.0,86.4
7902,-12870.75,150.6228,1.23,100.0,86.5
7903,-12925.93,170.4231,1.28,100.0,86.3
7904,-12962.12,381.5152,1.41,94.4,86.6
7905,-12966.55,189.0215,1.37,99.8,86.8
7906,-12966.55,84.4921,1.3,100.0,86.8
7907,-12966.55,60.8476,1.39,100.0,86.9
7908,-12979.98,50.0185,1.29,100.0,86.8
7909,-12984.41,39.1517,1.21,100.0,86.7
7910,-13002.12,71.9159,1.27,100.0,86.8
7911,-13007.81,93.4443,1.25,100.0,86.8
7912,-12989.95,122.7858,1.3,100.0,86.8
7913,-12989.95,63.8172,1.39,100.0,86.8
7914,-12966.55,65.938,1.24,100.0,86.8
7915,-12966.55,60.5612,1.27,100.0,86.9
7916,-12968.45,31.9784,1.32,99.8,87.2
7917,-12962.12,21.7474,1.28,100.0,87.2
7918,-12964.01,10.2617,1.31,100.0,87.2
7919,-12964.01,7.7334,1.3,99.4,87.3
7920,-12966.55,15.7319,1.22,98.4,87.4
7921,-12964.01,25.2934,1.24,100.0,87.4
7922,-12964.01,9.7148,1.3,100.0,87.4
7923,-12984.41,59.1423,1.28,100.0,87.4
7924,-12964.01,30.6053,1.45,99.4,87.1
7925,-12962.12,14.2383,1.39,94.7,87.0
7926,-12945.92,54.8357,1.26,100.0,86.9
7927,-12963.94,56.4825,1.27,100.0,87.0
7928,-12962.05,48.4259,1.26,100.0,87.1
7929,-12964.01,9.4995,1.29,100.0,87.2
7930,-12963.94,14.4882,1.34,96.2,87.1
7931,-12950.43,47.344,1.29,98.5,87.1
7932,-12950.43,23.4999,1.27,100.0,87.1
7933,-12968.45,47.9506,1.26,100.0,87.2
7934,-12964.01,35.9774,1.27,100.0,87.3
7935,-12945.92,44.4358,1.35,100.0,87.3
7936,-12968.45,76.8024,1.44,83.9,87.3
7937,-12950.43,37.7474,1.39,98.4,87.3
7938,-12945.92,35.6732,1.33,100.0,87.4
7939,-12946.0,8.2587,1.28,100.0,87.3
7940,-13006.76,1531.8071,1.23,100.0,87.4
7941,-12879.41,3548.3762,1.27,100.0,87.4
7942,-12867.72,3281.3266,1.32,100.0,87.4
7943,-12852.01,3502.9805,1.31,100.0,87.5
7944,-12856.5,2933.7177,1.42,100.0,87.5
7945,-12852.01,2392.6938,1.42,100.0,87.2
7946,-13046.93,7070.6403,1.37,98.6,87.1
7947,-12774.23,2111.7869,1.27,100.0,87.1
7948,-12817.3,1621.8984,1.27,100.0,87.3
7949,-12848.78,1570.8469,1.29,100.0,87.4
7950,-12817.94,1731.8789,1.35,100.0,87.4
7951,-12793.24,543.8201,1.39,98.7,87.4
7952,-12963.19,5100.3727,1.4,98.5,87.5
7953,-12816.55,1280.6396,1.25,100.0,87.4
7954,-12713.17,980.6983,1.24,100.0,87.3
7955,-12798.19,1062.9376,1.28,100.0,87.4
7956,-12944.82,5119.2189,1.34,100.0,86.4
7957,-12713.17,413.324,1.2,100.0,86.5
7958,-12707.77,200.1526,1.23,100.0,86.6
7959,-12950.21,5611.9634,1.23,100.0,86.7
7960,-12733.48,271.7525,1.27,100.0,86.7
7961,-12931.62,4032.8003,1.31,100.0,86.8
7962,-12692.44,1347.0372,1.3,100.0,86.7
7963,-12694.58,808.9462,1.25,100.0,86.7
7964,-12694.58,444.8518,1.26,100.0,86.7
7965,-12728.08,173.9103,1.22,100.0,86.7
7966,-12713.17,129.0075,1.32,100.0,86.7
7967,-12981.19,6065.6772,1.39,97.8,86.8
7968,-12929.68,4899.6284,1.28,100.0,86.9
7969,-12981.19,3881.1087,1.28,100.0,86.9
7970,-12785.07,1626.0508,1.26,100.0,86.9
7971,-12731.53,1726.5384,1.24,100.0,86.8
7972,-12821.95,849.1603,1.33,96.4,87.0
7973,-12753.28,477.7173,1.4,92.7,87.1
7974,-12753.28,357.6712,1.26,100.0,87.2
7975,-12746.68,259.2531,1.24,100.0,87.1
7976,-12927.52,3661.2594,1.26,100.0,87.1
7977,-12930.71,3475.1639,1.28,100.0,87.0
7978,-12908.93,2484.6418,1.32,98.3,87.2
7979,-12905.71,2074.7218,1.25,100.0,87.1
7980,-12913.27,1819.2434,1.31,100.0,87.2
7981,-12720.6,2400.4859,1.28,100.0,87.3
7982,-12876.5,968.2412,1.21,100.0,87.1
7983,-12721.81,2270.1974,1.31,100.0,87.2
7984,-12695.65,2048.2146,1.42,93.0,87.3
7985,-12715.13,1579.0489,1.28,100.0,87.0
7986,-12696.86,1034.8327,1.35,100.0,87.0
7987,-12701.35,698.5716,1.42,100.0,87.0
7988,-12913.27,3826.2874,1.24,98.1,87.0
7989,-12720.6,463.1707,1.22,100.0,87.0
7990,-12701.13,439.1589,1.33,100.0,87.0
7991,-12901.44,3045.6974,1.26,100.0,87.1
7992,-12720.6,281.7472,1.32,100.0,87.1
7993,-12720.6,222.7453,1.42,98.7,87.4
7994,-12720.6,172.1137,1.24,100.0,87.3
7995,-12728.08,117.7669,1.25,100.0,87.3
7996,-12932.92,4164.9482,1.27,100.0,87.3
7997,-12929.68,4611.4663,1.22,100.0,87.2
7998,-12731.53,879.5407,1.29,100.0,87.3
7999,-12772.32,988.1151,1.42,98.0,87.5
8000,-12777.71,608.2133,1.19,100.0,87.4
8001,-12777.71,405.8571,1.23,100.0,87.5
8002,-12772.32,265.8686,1.32,100.0,87.5
8003,-12772.32,127.2629,1.3,100.0,87.6
8004,-12992.07,4870.6989,1.37,99.1,87.6
8005,-13014.76,5154.0267,1.44,94.5,87.8
8006,-12816.61,519.2324,1.23,100.0,87.7
8007,-12816.61,455.1117,1.26,100.0,87.8
8008,-12777.71,246.1035,1.26,100.0,87.7
8009,-12829.22,429.9967,1.25,100.0,87.7
8010,-12772.32,31.0426,1.27,100.0,87.8
8011,-12796.61,71.2036,1.23,100.0,87.7
8012,-13014.76,4686.8589,1.29,100.0,87.8
8013,-12975.85,3828.6189,1.25,100.0,87.8
8014,-12829.22,1337.5443,1.21,100.0,87.8
8015,-12736.67,2236.0178,1.29,100.0,88.0
8016,-12777.71,750.3568,1.34,100.0,88.0
8017,-12772.32,278.6092,1.18,100.0,88.0
8018,-12777.71,75.7054,1.24,100.0,87.9
8019,-12816.61,399.0195,1.26,100.0,88.1
8020,-12816.61,259.7716,1.32,100.0,88.0
8021,-12777.71,32.8529,1.38,91.9,88.2
8022,-12777.71,26.8052,1.27,99.6,87.4
8023,-12777.71,11.9535,1.34,100.0,87.4
8024,-12777.71,9.3006,1.31,100.0,87.4
8025,-12783.04,637.7335,1.26,100.0,87.5
8026,-12783.04,449.2819,1.37,100.0,87.5
8027,-12713.17,176.1798,1.4,100.0,87.8
8028,-12759.28,433.0379,1.31,99.4,87.9
8029,-12707.77,88.5557,1.21,100.0,87.8
8030,-12770.44,256.7778,1.31,100.0,87.9
8031,-12783.04,150.3869,1.28,100.0,87.9
8032,-12772.41,372.1375,1.42,100.0,88.0
8033,-12986.33,5353.9504,1.44,92.9,88.2
8034,-12924.38,4005.2142,1.42,99.7,88.1
8035,-12783.04,944.3059,1.31,100.0,88.2
8036,-12783.04,850.4752,1.24,100.0,88.2
8037,-12783.04,478.0032,1.24,100.0,88.3
8038,-12713.17,206.3877,1.3,100.0,88.3
8039,-12746.68,295.3277,1.31,100.0,88.3
8040,-12713.17,113.5287,1.25,100.0,88.3
8041,-12731.53,51.5318,1.27,100.0,88.3
8042,-12731.53,46.8904,1.29,100.0,88.3
8043,-12728.16,70.2235,1.21,100.0,88.4
8044,-12713.17,57.1352,1.4,100.0,88.4
8045,-12713.17,43.0596,1.46,95.8,88.3
8046,-12713.17,27.7224,1.25,100.0,88.5
8047,-12731.53,22.208,1.37,100.0,88.1
8048,-12707.77,82.1224,1.29,99.7,88.6
8049,-12764.68,322.0205,1.2,100.0,88.7
8050,-12713.17,17.4308,1.27,100.0,88.7
8051,-12689.18,98.9205,1.29,100.0,88.7
8052,-12926.23,5113.8678,1.27,100.0,88.7
8053,-12926.23,4679.9244,1.4,100.0,88.6
8054,-12926.23,3734.9244,1.28,100.0,88.4
8055,-12887.32,2916.6573,1.24,100.0,88.5
8056,-12728.08,1712.586,1.35,100.0,88.2
8057,-12892.72,2242.1372,1.39,100.0,88.3
8058,-12925.24,1511.8332,1.35,100.0,88.3
8059,-12728.08,2975.7017,1.45,98.5,88.5
8060,-12908.93,1176.4283,1.43,94.6,88.4
8061,-12914.32,1213.7884,1.22,100.0,88.4
8062,-12728.08,3269.931,1.23,100.0,88.4
8063,-12672.81,3521.2745,1.22,100.0,88.4
8064,-12707.77,1940.6396,1.33,100.0,88.4
8065,-12728.08,985.9587,1.5,96.0,88.5
8066,-12728.08,659.1019,1.37,99.2,88.5
8067,-12707.77,458.6105,1.37,100.0,88.6
8068,-12689.18,226.8646,1.35,100.0,88.6
8069,-12693.67,145.2344,1.22,100.0,88.6
8070,-12694.58,83.965,1.27,100.0,88.5
8071,-12689.18,81.2495,1.31,100.0,88.5
8072,-12689.18,64.841,1.29,100.0,88.5
8073,-12689.18,54.8496,1.3,100.0,88.6
8074,-12707.77,66.418,1.31,100.0,88.7
8075,-12693.67,110.1969,1.17,100.0,88.6
8076,-12728.08,165.6388,1.28,100.0,88.6
8077,-12707.77,93.622,1.33,100.0,88.7
8078,-12689.18,49.0243,1.3,100.0,88.7
8079,-12779.6,500.8111,1.32,100.0,88.8
8080,-12694.58,48.3643,1.47,98.2,88.9
8081,-12779.6,312.2219,1.37,98.0,88.9
8082,-12694.58,149.2824,1.23,100.0,88.8
8083,-12746.09,91.1601,1.53,100.0,89.5
8084,-12689.28,98.3241,1.28,100.0,89.5
8085,-12740.69,57.8639,1.32,100.0,89.5
8086,-12683.88,85.3466,1.43,100.0,89.4
8087,-12746.09,91.713,1.3,99.0,88.4
8088,-12746.09,37.1398,1.27,100.0,88.5
8089,-12689.28,192.0476,1.31,100.0,88.4
8090,-12689.28,138.7386,1.28,100.0,88.6
8091,-12683.88,60.8924,1.31,100.0,88.6
8092,-12779.6,485.6161,1.39,100.0,88.3
8093,-12779.6,380.7911,1.35,99.1,88.3
8094,-12740.69,179.68,1.3,100.0,88.2
8095,-12683.88,195.8307,1.31,100.0,88.2
8096,-12733.21,57.7819,1.22,100.0,88.3
8097,-12689.28,137.131,1.25,100.0,88.2
8098,-12677.35,83.5915,1.32,100.0,88.3
8099,-12681.79,51.6142,1.33,100.0,88.3
8100,-12733.21,209.9547,1.38,100.0,88.4
8101,-12738.6,172.0338,1.42,99.8,88.5
8102,-12621.28,595.6551,1.35,99.8,88.2
8103,-12815.22,4461.9125,1.23,100.0,88.2
8104,-12851.82,3906.939,1.34,100.0,88.2
8105,-12636.31,958.1664,1.31,100.0,88.1
8106,-12678.01,315.7811,1.37,100.0,88.2
8107,-12836.79,3303.206,1.51,99.5,88.2
8108,-12662.32,252.7764,1.47,92.1,88.0
8109,-12662.32,139.6765,1.26,100.0,88.1
8110,-12719.13,382.1095,1.24,100.0,88.1
8111,-12656.92,21.5723,1.23,100.0,88.2
8112,-12815.22,4708.4139,1.34,100.0,88.1
8113,-12638.87,390.9661,1.39,97.4,88.0
8114,-12815.22,4244.1208,1.37,97.4,87.9
8115,-12815.22,3786.5897,1.27,100.0,88.0
8116,-12738.6,418.4879,1.26,100.0,88.0
8117,-12640.75,894.3868,1.25,100.0,88.2
8118,-12863.75,3261.2351,1.3,100.0,88.2
8119,-12644.46,457.1645,1.36,100.0,88.2
8120,-12701.27,425.6271,1.27,100.0,87.8
8121,-12863.75,4216.9333,1.3,100.0,87.8
8122,-12818.27,3795.9086,1.26,100.0,88.0
8123,-12640.02,290.2282,1.17,100.0,87.9
8124,-12836.86,3334.9109,1.29,100.0,87.9
8125,-12658.61,384.5505,1.35,99.1,87.8
8126,-12663.05,265.6685,1.29,99.9,87.7
8127,-12663.05,113.9186,1.35,100.0,87.7
8128,-12702.15,433.0988,1.56,100.0,87.7
8129,-12679.48,107.2912,1.24,97.8,87.9
8130,-12679.48,51.2681,1.24,100.0,87.9
8131,-12663.05,49.9406,1.27,100.0,87.9
8132,-12665.08,89.5789,1.27,100.0,87.8
8133,-12676.98,39.2234,1.32,100.0,87.8
8134,-12676.98,31.923,1.44,97.8,87.9
8135,-12675.04,12.5884,1.31,100.0,87.9
8136,-12701.6,56.6379,1.36,100.0,87.9
8137,-12701.6,30.8283,1.29,100.0,88.0
8138,-12676.98,52.2667,1.21,100.0,87.9
8139,-12661.11,63.1851,1.32,100.0,87.9
8140,-12663.05,64.4729,1.36,99.9,88.0
8141,-12663.05,29.3777,1.4,100.0,88.1
8142,-12855.23,4261.2219,1.33,100.0,88.2
8143,-12695.13,104.9408,1.36,100.0,88.2
8144,-12699.56,66.4033,1.23,99.7,88.2
8145,-12740.6,257.3968,1.23,100.0,88.1
8146,-12699.56,14.6761,1.33,100.0,88.2
8147,-12748.53,269.4515,1.35,100.0,88.2
8148,-12736.42,83.5696,1.4,100.0,88.3
8149,-12753.92,99.7562,1.53,97.1,88.3
8150,-12749.41,86.4155,1.4,96.4,88.4
8151,-12794.88,263.6902,1.26,100.0,88.4
8152,-12780.48,153.8874,1.26,100.0,88.3
8153,-12782.98,85.8288,1.26,100.0,88.4
8154,-12784.92,61.6603,1.37,100.0,88.4
8155,-12753.84,95.7974,1.31,97.4,88.5
8156,-12753.84,51.3865,1.31,99.1,88.6
8157,-12753.84,32.2699,1.28,100.0,88.6
8158,-12753.84,16.5336,1.24,100.0,88.6
8159,-12749.41,7.4919,1.19,100.0,88.6
8160,-12814.26,593.6068,1.36,100.0,88.5
8161,-13173.5,12985.0791,1.39,93.5,88.6
8162,-13193.83,12153.644,1.39,100.0,88.7
8163,-13211.81,11103.8296,1.37,100.0,88.8
8164,-13229.52,9589.2212,1.46,100.0,88.9
8165,-13229.52,7693.6183,1.42,96.1,88.8
8166,-13305.93,6507.1599,1.22,100.0,88.8
8167,-13380.34,7173.7708,1.27,100.0,88.9
8168,-13397.74,7188.4502,1.4,100.0,88.8
8169,-13418.37,5433.6372,1.32,100.0,88.7
8170,-13546.0,6200.2183,1.46,99.4,88.8
8171,-13510.44,4366.7437,1.31,97.7,88.9
8172,-13510.44,2163.8893,1.28,100.0,88.9
8173,-13509.83,2612.4942,1.28,100.0,89.0
8174,-13539.69,2123.8071,1.29,100.0,89.0
8175,-13877.38,17786.0132,1.39,100.0,89.0
8176,-14086.12,36153.6938,1.41,86.2,89.0
8177,-13687.43,3659.8449,1.41,91.9,89.0
8178,-13652.29,2870.8322,1.3,100.0,89.1
8179,-13664.57,1308.0978,1.37,100.0,89.1
8180,-13652.29,854.4549,1.28,100.0,89.1
8181,-13687.43,416.8453,1.25,100.0,89.1
8182,-13990.43,15070.1453,1.34,99.0,89.2
8183,-13736.67,913.7077,1.32,99.5,89.2
8184,-13736.67,621.9612,1.29,100.0,89.2
8185,-13736.67,256.6329,1.43,100.0,89.4
8186,-13736.67,212.0466,1.39,99.2,89.4
8187,-13736.67,147.1207,1.23,100.0,89.3
8188,-13701.53,260.7155,1.3,100.0,89.4
8189,-13736.67,176.4576,1.42,100.0,89.4
8190,-13736.67,129.4665,1.31,100.0,89.5
8191,-13701.53,236.3158,1.41,100.0,89.7
8192,-13736.67,107.3221,1.38,91.4,89.2
8193,-13701.53,146.8962,1.31,100.0,89.1
8194,-14079.16,22669.9619,1.3,100.0,89.1
8195,-14079.16,20807.6162,1.24,100.0,89.1
8196,-14079.16,17481.9258,1.28,100.0,89.1
8197,-14114.3,13602.0073,1.34,100.0,89.2
8198,-14088.19,10456.8643,1.4,100.0,89.0
8199,-14114.3,7366.8967,1.4,100.0,88.9
8200,-14114.3,5247.3922,1.37,100.0,88.9
8201,-14114.3,4024.4042,1.41,99.8,88.7
8202,-14060.64,3668.5464,1.3,100.0,88.7
8203,-14368.06,16320.0347,1.3,100.0,88.7
8204,-14060.64,2983.1312,1.38,100.0,88.8
8205,-14065.06,2654.5391,1.36,100.0,88.7
8206,-14065.06,2503.1805,1.4,100.0,88.5
8207,-14065.06,2396.5602,1.43,98.6,88.0
8208,-14065.06,2265.3078,1.37,98.2,86.7
8209,-14065.06,2138.0909,1.33,100.0,86.4
8210,-14065.06,1904.0507,1.3,100.0,86.4
8211,-14065.06,1740.4982,1.25,100.0,86.4
8212,-14042.36,1754.528,1.31,100.0,86.4
8213,-14021.6,1496.1418,1.35,99.7,85.9
8214,-14021.6,1071.4333,1.43,100.0,86.0
8215,-14082.57,1582.7376,1.34,100.0,85.2
8216,-14074.25,1137.4681,1.41,100.0,85.3
8217,-14109.4,817.7632,1.42,97.5,85.2
8218,-14074.25,607.3224,1.28,100.0,85.2
8219,-14074.25,353.0162,1.32,100.0,85.3
8220,-14412.39,16677.6821,1.34,100.0,85.4
8221,-14105.91,393.3946,1.33,100.0,85.5
8222,-14074.25,95.992,1.43,99.4,85.5
8223,-14074.25,54.6783,1.41,96.8,85.4
8224,-14109.4,273.7327,1.27,100.0,85.4
8225,-14086.53,50.2755,1.26,100.0,85.5
8226,-14086.53,62.907,1.24,100.0,85.5
8227,-14118.19,207.9573,1.3,100.0,85.5
8228,-14105.91,89.101,1.4,98.6,85.7
8229,-14102.05,52.1446,1.33,98.9,84.7
8230,-14070.39,205.547,1.27,100.0,84.7
8231,-14074.25,115.0443,1.2,100.0,84.9
8232,-14074.25,55.7336,1.29,100.0,84.9
8233,-14074.25,22.9179,1.41,100.0,84.9
8234,-14109.4,170.2093,1.28,100.0,85.0
8235,-14105.91,230.3481,1.36,100.0,84.8
8236,-14074.25,97.8383,1.3,100.0,84.9
8237,-14074.25,49.4315,1.23,100.0,84.9
8238,-14074.25,15.5333,1.36,100.0,85.1
8239,-14109.4,203.5606,1.43,100.0,85.3
8240,-14086.53,44.0604,1.29,100.0,85.3
8241,-14072.32,56.1132,1.28,100.0,85.2
8242,-14076.18,20.4492,1.25,100.0,85.2
8243,-14088.81,28.2742,1.25,100.0,85.2
8244,-14076.18,9.0341,1.36,98.5,85.5
8245,-14076.18,4.5163,1.35,100.0,85.6
8246,-14076.18,3.3289,1.32,100.0,85.7
8247,-14076.18,1.4562,1.34,100.0,85.2
8248,-14088.81,10.2622,1.23,100.0,85.2
8249,-14100.53,21.6415,1.3,100.0,85.2
8250,-14088.81,28.4265,1.32,99.2,85.3
8251,-14120.48,141.8652,1.28,100.0,85.2
8252,-14120.48,89.7306,1.33,100.0,85.3
8253,-14088.81,72.9826,1.35,100.0,85.3
8254,-14088.81,51.2436,1.23,100.0,85.2
8255,-14120.48,70.887,1.37,100.0,85.4
8256,-14088.81,57.9008,1.46,96.2,85.7
8257,-14088.81,39.8323,1.28,100.0,85.6
8258,-14088.81,18.3823,1.38,100.0,85.7
8259,-14088.81,10.1396,1.43,99.5,85.6
8260,-14088.81,4.692,1.23,100.0,85.6
8261,-14088.81,2.1972,1.28,100.0,85.7
8262,-14088.81,1.6841,1.37,100.0,85.9
8263,-14088.81,1.0224,1.31,100.0,85.8
8264,-14088.81,0.8034,1.43,100.0,85.7
8265,-14100.53,13.6767,1.41,96.1,85.7
8266,-14096.67,7.3699,1.29,100.0,85.7
8267,-14170.24,906.6305,1.28,100.0,85.8
8268,-14105.7,78.8056,1.3,100.0,85.8
8269,-14100.53,50.0412,1.31,100.0,85.8
8270,-14100.53,23.9666,1.33,96.3,85.6
8271,-14096.67,12.4349,1.4,98.1,85.6
8272,-14100.53,9.1714,1.28,100.0,85.7
8273,-14100.53,3.7215,1.4,100.0,85.6
8274,-14100.53,2.63,1.33,100.0,85.7
8275,-14100.53,1.6039,1.29,100.0,85.7
8276,-14100.53,0.579,1.39,100.0,85.8
8277,-14100.53,0.3717,1.41,98.5,85.8
8278,-14100.53,0.4461,1.31,100.0,85.7
8279,-14112.18,15.9553,1.37,100.0,85.7
8280,-14116.61,13.6731,1.26,100.0,85.8
8281,-14066.47,362.3335,1.26,100.0,85.8
8282,-14062.04,259.4745,1.38,100.0,85.9
8283,-14066.47,141.415,1.39,100.0,85.8
8284,-14066.47,108.7127,1.36,100.0,85.8
8285,-14062.04,73.446,1.42,99.1,85.8
8286,-14066.47,36.4319,1.43,95.8,85.9
8287,-14062.04,16.5946,1.26,100.0,85.8
8288,-14062.04,5.3837,1.32,100.0,85.9
8289,-14062.04,5.7537,1.32,100.0,86.0
8290,-14062.04,2.0914,1.3,100.0,86.0
8291,-14072.58,13.9785,1.4,98.3,86.2
8292,-14077.0,8.8645,1.38,97.7,86.1
8293,-14066.47,12.7526,1.32,100.0,86.2
8294,-14058.2,128.1536,1.35,100.0,86.3
8295,-14043.24,69.8166,1.28,100.0,86.2
8296,-14047.66,38.9674,1.34,100.0,86.4
8297,-14062.04,115.2046,1.41,97.8,86.3
8298,-14062.04,59.612,1.37,98.9,86.2
8299,-14066.47,39.5409,1.37,100.0,86.3
8300,-14062.04,35.1579,1.38,100.0,86.3
8301,-14066.47,22.674,1.34,99.8,86.3
8302,-14066.47,12.7213,1.24,100.0,86.3
8303,-14066.47,4.7148,1.31,100.0,86.2
8304,-14066.47,2.7914,1.32,100.0,86.3
8305,-14072.58,18.8386,1.31,100.0,86.3
8306,-14062.04,11.326,1.39,100.0,86.3
8307,-14066.47,11.9234,1.4,97.6,86.3
8308,-14066.47,4.1932,1.28,100.0,86.4
8309,-14066.47,3.429,1.39,100.0,86.4
8310,-14066.47,1.8945,1.42,96.0,85.6
8311,-14066.47,0.9892,1.29,100.0,85.6
8312,-14066.47,0.5708,1.31,100.0,85.8
8313,-14066.47,0.5309,1.36,99.1,85.7
8314,-14066.47,0.6928,1.25,100.0,85.8
8315,-14066.47,0.6716,1.29,100.0,85.8
8316,-14066.47,0.4147,1.31,100.0,85.9
8317,-14077.0,12.9273,1.32,100.0,85.8
8318,-14077.0,6.5877,1.44,99.7,85.9
8319,-14077.0,3.8263,1.4,97.0,86.1
8320,-14066.47,9.5384,1.28,99.9,86.0
8321,-14066.47,8.542,1.3,100.0,86.0
8322,-14066.47,3.8282,1.28,100.0,85.9
8323,-14013.97,524.7422,1.32,100.0,86.0
8324,-14066.47,95.8654,1.35,100.0,86.1
8325,-14051.56,117.2812,1.43,98.6,86.1
8326,-14019.94,337.6755,1.29,100.0,86.1
8327,-14013.97,231.0795,1.33,100.0,85.5
8328,-14069.11,404.0574,1.28,100.0,85.5
8329,-14023.84,85.715,1.24,100.0,85.5
8330,-14017.87,53.8277,1.42,100.0,85.8
8331,-14023.84,44.1919,1.45,90.6,85.8
8332,-14032.77,126.0609,1.26,100.0,85.7
8333,-14013.97,139.2882,1.4,100.0,85.8
8334,-14032.77,56.7028,1.47,98.5,85.7
8335,-14013.97,87.7839,1.21,100.0,85.7
8336,-14013.97,56.5443,1.27,100.0,85.8
8337,-14017.87,22.1917,1.36,100.0,85.9
8338,-14017.87,12.2076,1.27,100.0,85.9
8339,-14013.97,7.7735,1.43,100.0,85.8
8340,-14058.2,355.2354,1.42,93.2,86.0
8341,-14077.0,303.3487,1.3,100.0,86.0
8342,-14077.0,159.9609,1.31,100.0,86.1
8343,-14077.0,134.5835,1.31,100.0,86.1
8344,-14072.58,59.8332,1.23,100.0,86.1
8345,-14077.0,46.7785,1.37,100.0,86.1
8346,-14058.2,165.5452,1.37,100.0,86.3
8347,-14077.0,21.1426,1.28,100.0,86.2
8348,-14077.0,12.0943,1.29,100.0,86.2
8349,-14077.0,5.5452,1.3,100.0,86.2
8350,-14077.0,2.2989,1.23,100.0,86.2
8351,-14077.0,1.2958,1.35,100.0,86.3
8352,-14047.66,160.5305,1.47,98.0,86.4
8353,-14066.47,63.746,1.33,99.9,86.6
8354,-14047.66,73.6803,1.44,100.0,86.4
8355,-14047.66,35.6911,1.47,98.1,86.3
8356,-14062.09,41.8839,1.38,98.9,86.4
8357,-14047.66,22.4714,1.28,100.0,86.4
8358,-14051.56,9.4792,1.29,100.0,86.4
8359,-14047.66,7.0674,1.33,100.0,86.6
8360,-13998.42,405.344,1.33,100.0,86.5
8361,-13998.42,248.0088,1.35,95.9,86.5
8362,-14047.66,351.6094,1.33,99.3,86.5
8363,-14048.56,613.1386,1.31,100.0,86.5
8364,-14047.66,137.8235,1.32,100.0,86.5
8365,-14047.66,149.4015,1.27,100.0,86.5
8366,-13998.42,288.4899,1.35,100.0,86.7
8367,-14017.87,101.4483,1.43,89.1,86.7
8368,-14017.87,107.3438,1.42,99.0,86.7
8369,-14068.01,544.7729,1.34,100.0,86.7
8370,-14002.31,151.0571,1.33,100.0,86.8
8371,-13998.42,104.6615,1.31,100.0,87.0
8372,-14002.31,47.4382,1.32,100.0,87.0
8373,-14002.31,38.4965,1.36,100.0,87.1
8374,-14002.31,22.4177,1.38,100.0,87.0
8375,-13994.0,14.0567,1.34,100.0,87.0
8376,-13998.42,14.9351,1.35,100.0,87.0
8377,-14008.96,21.7774,1.27,100.0,87.1
8378,-14077.0,618.2122,1.25,100.0,87.2
8379,-14077.0,361.9592,1.33,100.0,87.2
8380,-14072.58,245.3611,1.37,100.0,87.3
8381,-14072.58,172.2478,1.36,100.0,87.2
8382,-14072.58,83.1794,1.49,98.8,87.5
8383,-14053.78,74.6504,1.45,91.2,87.1
8384,-14058.2,52.1396,1.3,100.0,87.2
8385,-14058.2,19.4987,1.34,100.0,87.1
8386,-14072.58,154.1117,1.26,100.0,86.9
8387,-14077.0,125.4898,1.26,100.0,87.0
8388,-14077.0,101.632,1.36,100.0,87.1
8389,-14072.58,53.507,1.33,99.8,87.0
8390,-14072.58,30.4051,1.29,100.0,87.0
8391,-14072.58,21.9666,1.37,100.0,87.0
8392,-14072.58,16.9087,1.32,100.0,87.0
8393,-14072.58,9.7164,1.27,100.0,87.1
8394,-14077.0,7.4268,1.42,100.0,87.2
8395,-14072.58,6.1847,1.37,99.7,87.2
8396,-14087.49,12.1394,1.39,100.0,87.2
8397,-14072.58,13.8097,1.42,100.0,87.0
8398,-14077.0,5.9708,1.42,96.4,87.1
8399,-14072.58,5.5947,1.25,100.0,87.1
8400,-14077.0,3.7662,1.32,100.0,87.0
8401,-14072.58,3.0237,1.34,100.0,87.1
8402,-14072.58,1.6767,1.3,100.0,87.2
8403,-14072.58,1.002,1.32,99.8,87.1
8404,-14072.58,0.5511,1.34,97.3,87.2
8405,-14072.58,0.4999,1.3,100.0,87.2
8406,-14083.07,14.001,1.33,100.0,87.1
8407,-14072.58,7.8965,1.31,100.0,87.2
8408,-14072.58,4.8515,1.31,100.0,87.2
8409,-14072.58,2.1375,1.39,98.5,87.3
8410,-14072.58,1.2022,1.38,97.9,87.3
8411,-14072.58,0.524,1.32,100.0,87.3
8412,-14062.04,11.6634,1.41,100.0,87.3
8413,-14062.04,5.7043,1.23,99.3,87.3
8414,-14062.04,2.0038,1.23,100.0,87.4
8415,-14062.04,0.6942,1.34,100.0,87.4
8416,-14062.04,0.5889,1.43,100.0,87.5
8417,-14062.04,0.5944,1.29,100.0,87.3
8418,-14072.58,16.0529,1.35,100.0,87.3
8419,-14072.58,6.544,1.33,100.0,87.0
8420,-14066.47,17.496,1.27,100.0,87.1
8421,-14043.24,121.5341,1.35,100.0,87.1
8422,-14077.0,132.0433,1.36,100.0,87.2
8423,-14053.78,78.4649,1.37,100.0,87.2
8424,-14065.94,45.2753,1.49,94.4,87.4
8425,-14047.66,100.1768,1.43,90.8,87.3
8426,-14051.56,51.2316,1.28,100.0,87.4
8427,-14008.96,335.5773,1.3,100.0,87.4
8428,-14047.66,208.9637,1.29,100.0,87.4
8429,-14051.56,105.8155,1.29,100.0,87.4
8430,-14002.31,390.0392,1.34,96.9,87.8
8431,-14047.66,43.5624,1.41,98.4,88.2
8432,-14047.66,20.8143,1.31,100.0,88.2
8433,-14002.31,452.5559,1.35,100.0,88.2
8434,-14051.56,28.7189,1.3,100.0,88.3
8435,-13994.0,419.1992,1.24,100.0,88.3
8436,-14051.56,32.6641,1.39,99.9,88.6
8437,-14051.56,12.6855,1.38,100.0,88.6
8438,-14066.47,97.8162,1.3,100.0,88.7
8439,-14002.31,706.3089,1.38,100.0,88.5
8440,-14051.56,42.9008,1.35,100.0,88.7
8441,-14002.31,242.5611,1.25,100.0,88.8
8442,-14002.31,194.724,1.32,100.0,88.9
8443,-14002.31,126.696,1.3,100.0,88.9
8444,-14002.31,65.0644,1.4,100.0,88.7
8445,-14002.31,35.5352,1.41,96.6,88.5
8446,-14002.31,40.8294,1.4,93.6,88.2
8447,-13998.9,49.2035,1.28,100.0,88.4
8448,-14052.45,455.9998,1.32,100.0,88.4
8449,-14059.86,339.22,1.25,100.0,88.1
8450,-14052.45,242.2782,1.33,100.0,87.9
8451,-14052.45,185.9252,1.31,100.0,87.9
8452,-14052.45,149.9927,1.3,100.0,88.1
8453,-14052.45,115.1286,1.38,100.0,87.9
8454,-14056.45,86.2763,1.43,100.0,88.0
8455,-14002.31,242.1326,1.28,100.0,88.1
8456,-13998.9,124.7807,1.32,100.0,88.1
8457,-14009.72,130.1619,1.44,99.0,88.2
8458,-13993.73,156.0336,1.39,100.0,88.1
8459,-14047.87,407.4497,1.33,100.0,88.3
8460,-14043.87,280.0157,1.43,100.0,88.4
8461,-14006.31,191.4601,1.39,100.0,88.5
8462,-14017.87,156.7755,1.23,100.0,88.5
8463,-14002.31,98.9761,1.28,100.0,88.5
8464,-14002.31,58.472,1.3,100.0,88.6
8465,-14002.31,25.8665,1.32,100.0,88.5
8466,-14002.31,24.0408,1.61,99.1,89.1
8467,-14002.31,10.3498,1.38,100.0,89.1
8468,-14002.31,3.8911,1.31,100.0,89.1
8469,-14002.31,2.993,1.31,100.0,89.0
8470,-14002.31,1.3726,1.26,100.0,89.0
8471,-14002.31,1.2207,1.28,100.0,89.0
8472,-14002.31,0.9558,1.38,98.0,88.6
8473,-14002.31,0.6589,1.31,100.0,88.5
8474,-14002.31,0.4562,1.28,100.0,88.5
8475,-14002.31,0.3751,1.27,100.0,88.4
8476,-13998.42,2.504,1.21,100.0,88.5
8477,-14053.78,372.0987,1.34,100.0,88.6
8478,-14072.58,320.1109,1.4,91.4,88.4
8479,-14053.78,238.2073,1.33,100.0,88.3
8480,-14072.58,155.1605,1.37,100.0,88.4
8481,-14072.58,98.1051,1.32,100.0,88.2
8482,-14053.78,76.4468,1.23,100.0,88.4
8483,-14072.58,124.1027,1.28,100.0,88.4
8484,-14077.0,72.8819,1.35,99.0,88.4
8485,-14072.58,51.4985,1.27,100.0,88.5
8486,-14072.58,39.383,1.38,100.0,88.6
8487,-14072.58,29.764,1.42,99.7,88.6
8488,-14072.58,22.3918,1.25,100.0,88.5
8489,-14053.78,105.6413,1.28,100.0,88.6
8490,-14053.78,63.5617,1.35,100.0,88.7
8491,-14023.33,378.1418,1.29,100.0,88.7
8492,-14062.09,38.3222,1.39,100.0,88.8
8493,-14047.66,39.9823,1.45,98.6,88.5
8494,-14051.56,16.1975,1.25,100.0,88.5
8495,-14051.56,8.7514,1.28,100.0,88.6
8496,-14002.31,432.7003,1.3,100.0,88.6
8497,-13998.42,271.4812,1.3,100.0,88.5
8498,-14002.31,197.4132,1.39,100.0,88.7
8499,-13998.42,118.4548,1.45,94.0,88.7
8500,-14051.56,187.726,1.35,100.0,88.7
8501,-14002.31,258.0992,1.37,100.0,88.9
8502,-14002.31,186.6534,1.3,100.0,88.8
8503,-14002.31,51.5002,1.24,100.0,88.9
8504,-14002.31,60.6494,1.34,100.0,88.9
8505,-13994.0,35.1422,1.36,96.5,88.8
8506,-14002.31,32.1481,1.22,100.0,88.8
8507,-14002.31,13.4689,1.32,100.0,88.9
8508,-14002.31,9.5193,1.27,100.0,89.0
8509,-14002.31,6.3002,1.25,100.0,88.9
8510,-14002.31,3.9742,1.45,94.8,89.1
8511,-14002.31,2.6553,1.4,94.4,89.1
8512,-14002.31,1.6091,1.3,100.0,89.1
8513,-14012.85,15.3282,1.37,100.0,89.2
8514,-14012.85,7.5352,1.37,100.0,88.8
8515,-14002.31,16.0899,1.22,100.0,88.7
8516,-14002.31,7.9493,1.38,100.0,88.8
8517,-14002.31,3.6231,1.23,100.0,87.6
8518,-14002.31,3.1909,1.32,100.0,87.7
8519,-14002.31,1.1295,1.39,100.0,87.8
8520,-14002.31,0.5936,1.26,100.0,87.7
8521,-14002.31,0.3524,1.33,100.0,87.8
8522,-14002.31,0.6174,1.37,100.0,88.1
8523,-14017.87,14.2766,1.28,100.0,87.9
8524,-14017.87,8.4065,1.37,100.0,88.2
8525,-14012.85,22.1072,1.43,97.6,88.5
8526,-14012.85,12.9439,1.23,100.0,88.6
8527,-14008.96,8.7339,1.27,100.0,88.5
8528,-14008.43,7.1548,1.3,100.0,88.5
8529,-14004.53,3.6394,1.29,100.0,88.5
8530,-14012.85,4.5101,1.4,100.0,88.6
8531,-14004.53,5.1368,1.41,99.0,88.6
8532,-14018.92,15.3072,1.3,100.0,88.7
8533,-14008.43,9.0017,1.3,100.0,88.7
8534,-14012.85,6.8274,1.28,100.0,88.8
8535,-14012.85,3.6694,1.31,100.0,88.8
8536,-14012.85,1.9608,1.42,99.8,88.9
8537,-14012.85,1.2863,1.41,100.0,89.0
8538,-14012.85,0.4646,1.35,100.0,89.0
8539,-14012.85,0.2196,1.32,100.0,89.1
8540,-14012.85,0.1719,1.25,100.0,89.1
8541,-14017.87,27.0222,1.31,100.0,89.1
8542,-14023.84,16.3192,1.43,99.3,89.2
8543,-14017.87,10.5221,1.39,100.0,89.2
8544,-14023.84,5.1977,1.4,100.0,89.2
8545,-14023.84,2.0933,1.45,100.0,89.2
8546,-14028.4,17.7879,1.38,99.4,89.2
8547,-14017.87,9.304,1.23,100.0,89.2
8548,-14016.01,38.7002,1.33,100.0,89.3
8549,-14034.37,30.1884,1.33,100.0,88.6
8550,-14031.02,57.0578,1.32,100.0,88.6
8551,-14038.43,24.0509,1.34,99.1,88.3
8552,-14034.37,18.3806,1.28,100.0,88.3
8553,-14031.02,26.6854,1.3,100.0,88.2
8554,-14033.28,61.5338,1.31,100.0,88.2
8555,-14031.8,63.1546,1.3,100.0,88.3
8556,-14021.77,57.7904,1.4,100.0,87.9
8557,-14041.78,26.4564,1.46,86.6,86.0
8558,-14029.93,100.324,1.33,99.9,85.2
8559,-14031.02,34.0345,1.35,100.0,85.2
8560,-14029.93,21.2848,1.37,100.0,85.0
8561,-14031.02,20.861,1.28,100.0,85.0
8562,-14029.93,31.9892,1.32,100.0,85.1
8563,-14029.93,20.3741,1.36,97.9,84.0
8564,-14022.52,16.7958,1.36,100.0,84.1
8565,-14034.37,33.9966,1.37,100.0,83.9
8566,-14025.87,43.806,1.4,100.0,83.1
8567,-14038.89,23.5729,1.26,100.0,82.6
8568,-14023.34,17.1422,1.31,100.0,82.8
8569,-14028.4,11.0581,1.37,100.0,82.8
8570,-14034.37,5.5531,1.37,100.0,82.8
8571,-14029.31,24.5839,1.3,100.0,82.9
8572,-14044.86,9.4381,1.36,100.0,82.8
8573,-14019.9,36.9991,1.38,100.0,82.8
8574,-14041.51,52.4644,1.31,100.0,82.9
8575,-14004.27,45.2844,1.41,100.0,82.9
8576,-14020.26,23.7199,1.36,99.6,82.9
8577,-14048.92,44.8219,1.32,100.0,82.9
8578,-14012.85,13.0912,1.42,100.0,82.8
8579,-14016.49,19.8568,1.42,99.8,82.9
8580,-14019.9,25.5554,1.24,100.0,82.8
8581,-14019.9,19.7115,1.28,100.0,82.9
8582,-14008.27,35.3685,1.38,100.0,83.0
8583,-14008.27,28.8639,1.27,100.0,82.8
8584,-14035.81,56.0212,1.43,99.6,83.0
8585,-14028.4,49.5094,1.46,99.5,83.1
8586,-14012.85,17.9772,1.29,100.0,83.0
8587,-14011.68,39.2116,1.33,100.0,83.1
8588,-14026.98,36.9009,1.28,100.0,83.2
8589,-14012.85,16.8796,1.26,100.0,83.0
8590,-14012.85,7.0639,1.38,100.0,83.1
8591,-14014.76,52.0343,1.44,98.2,82.9
8592,-14004.27,18.2749,1.3,100.0,82.9
8593,-14009.44,41.6648,1.38,100.0,82.8
8594,-14012.85,16.5539,1.37,100.0,82.7
8595,-14020.26,7.6049,1.19,100.0,82.7
8596,-14016.85,16.6479,1.32,100.0,82.6
8597,-14012.85,16.229,1.43,94.2,82.8
8598,-14016.49,38.2273,1.35,100.0,82.9
8599,-14027.31,16.8732,1.36,100.0,82.8
8600,-14016.85,10.8221,1.33,100.0,82.8
8601,-14016.49,15.6443,1.24,100.0,82.8
8602,-14010.14,39.0543,1.28,100.0,82.8
8603,-14010.14,28.6049,1.35,100.0,82.9
8604,-14016.49,19.691,1.28,100.0,82.9
8605,-14025.77,16.847,1.31,99.9,83.0
8606,-14023.9,16.1882,1.32,100.0,83.0
8607,-14003.76,41.9222,1.24,100.0,82.9
8608,-14011.99,17.1323,1.31,100.0,82.9
8609,-13999.61,37.3556,1.42,97.8,83.0
8610,-14005.64,28.2603,1.31,100.0,83.0
8611,-14015.24,19.2778,1.38,100.0,83.1
8612,-14005.64,20.7321,1.45,99.3,83.2
8613,-13997.73,34.0612,1.33,100.0,83.2
8614,-13997.73,20.8359,1.26,100.0,83.2
8615,-13997.73,14.1355,1.26,100.0,83.2
8616,-14015.24,24.7915,1.26,100.0,83.3
8617,-13990.32,18.749,1.4,100.0,83.2
8618,-14013.36,14.8508,1.47,92.3,83.3
8619,-13999.61,30.9193,1.39,100.0,83.3
8620,-13999.61,20.2228,1.33,100.0,83.5
8621,-13999.61,12.3712,1.38,100.0,83.6
8622,-13999.61,9.4924,1.27,100.0,83.6
8623,-13997.73,23.0323,1.25,100.0,83.6
8624,-13999.61,17.724,1.35,98.5,83.9
8625,-14001.14,41.5864,1.35,100.0,83.9
8626,-14008.27,22.8505,1.28,100.0,83.9
8627,-13999.61,39.8247,1.29,100.0,83.9
8628,-13999.61,18.6696,1.24,100.0,84.0
8629,-13972.59,99.6757,1.32,100.0,83.9
8630,-13964.9,77.6324,1.43,93.0,84.2
8631,-13976.21,144.6975,1.33,100.0,84.2
8632,-13991.84,139.9908,1.33,100.0,84.3
8633,-14038.44,374.8873,1.45,100.0,84.4
8634,-13964.9,128.9744,1.31,100.0,84.4
8635,-13601.06,20398.3413,1.25,100.0,84.3
8636,-14173.5,7729.3988,1.32,100.0,84.5
8637,-13594.96,17566.6392,1.26,100.0,84.2
8638,-14163.03,8799.9719,1.25,100.0,84.2
8639,-13597.81,15764.9485,1.43,98.9,84.3
8640,-13616.77,14399.3513,1.39,100.0,84.4
8641,-13587.27,12637.8484,1.32,100.0,84.3
8642,-13591.5,10541.9265,1.44,100.0,84.5
8643,-13460.25,12521.8687,1.38,98.4,84.4
8644,-13510.39,11018.8352,1.25,100.0,84.4
8645,-13521.57,9011.231,1.3,100.0,84.4
8646,-13649.73,16495.9971,1.37,100.0,84.4
8647,-13529.83,5627.8167,1.31,100.0,84.5
8648,-13649.73,10821.781,1.4,100.0,84.6
8649,-13545.82,3261.1273,1.46,99.7,84.6
8650,-13550.26,2283.6633,1.27,100.0,84.7
8651,-13530.11,1421.3721,1.28,100.0,84.6
8652,-13530.11,1034.5279,1.27,100.0,84.4
8653,-13550.26,853.3166,1.29,100.0,84.6
8654,-13739.8,6483.9763,1.42,99.8,84.6
8655,-13547.72,639.0008,1.47,93.2,84.9
8656,-13560.9,544.1643,1.34,100.0,85.1
8657,-13565.34,388.5282,1.33,100.0,85.2
8658,-13563.46,354.6584,1.32,100.0,84.9
8659,-13559.02,272.6491,1.25,100.0,84.9
8660,-13755.44,4794.5267,1.34,100.0,84.9
8661,-13560.9,417.2989,1.44,98.0,84.5
8662,-13563.46,238.1298,1.41,99.9,84.6
8663,-13554.03,241.0315,1.31,100.0,84.6
8664,-13604.24,393.8604,1.38,100.0,84.6
8665,-13592.93,228.8247,1.26,100.0,84.5
8666,-13580.97,128.4144,1.25,100.0,84.6
8667,-13554.03,207.8311,1.35,98.3,84.4
8668,-13699.88,662.5923,1.42,100.0,84.4
8669,-13554.03,127.0491,1.34,100.0,84.4
8670,-13643.07,338.2604,1.43,100.0,84.5
8671,-13554.03,110.3615,1.41,96.8,84.5
8672,-13610.84,214.0911,1.28,100.0,84.5
8673,-13592.93,108.6957,1.28,100.0,84.5
8674,-13554.03,74.8444,1.32,100.0,84.6
8675,-13536.51,732.9173,1.33,100.0,84.5
8676,-13479.7,273.3413,1.39,100.0,84.6
8677,-13472.24,225.5257,1.4,100.0,84.6
8678,-13654.16,5933.9637,1.24,100.0,84.6
8679,-13479.7,102.5634,1.25,100.0,84.6
8680,-13536.51,189.5752,1.3,100.0,84.6
8681,-13479.7,46.1233,1.28,100.0,84.6
8682,-13472.24,58.607,1.39,98.5,84.4
8683,-13579.19,520.6443,1.43,96.5,84.5
8684,-13704.3,5464.5453,1.25,100.0,84.5
8685,-13529.83,393.1742,1.32,100.0,84.4
8686,-13654.16,3861.7433,1.35,100.0,84.4
8687,-13477.82,804.9934,1.25,100.0,84.4
8688,-13479.7,532.9936,1.36,100.0,84.5
8689,-13534.63,151.5116,1.41,100.0,84.5
8690,-13479.7,105.2499,1.26,100.0,84.6
8691,-13473.38,36.4261,1.29,100.0,84.6
8692,-13470.36,59.1853,1.28,100.0,84.6
8693,-13475.93,32.9589,1.23,100.0,84.6
8694,-13479.7,12.5149,1.42,99.2,84.7
8695,-13477.82,23.9564,1.39,97.9,84.9
8696,-13654.16,4262.8856,1.32,100.0,84.9
8697,-13479.7,192.08,1.41,100.0,84.9
8698,-13552.15,452.702,1.45,100.0,84.8
8699,-13473.38,331.5745,1.24,100.0,84.8
8700,-13595.13,375.6777,1.28,100.0,84.9
8701,-13479.7,537.2079,1.31,100.0,84.9
8702,-13518.6,440.2136,1.26,100.0,84.9
8703,-13479.7,108.5512,1.36,100.0,84.9
8704,-13518.6,286.7713,1.43,99.0,85.0
8705,-13479.7,41.7708,1.29,100.0,85.1
8706,-13479.7,24.107,1.31,100.0,85.1
8707,-13511.14,153.4354,1.33,100.0,85.2
8708,-13479.7,24.8786,1.31,100.0,85.2
8709,-13472.24,25.3064,1.41,100.0,85.1
8710,-13646.7,5015.2151,1.42,98.8,85.3
8711,-13479.7,17.0661,1.37,100.0,85.3
8712,-13529.05,180.8405,1.28,100.0,85.3
8713,-13561.28,559.1562,1.27,100.0,85.3
8714,-13561.28,372.6749,1.26,100.0,85.4
8715,-13536.51,326.3414,1.33,100.0,85.3
8716,-13567.95,285.6529,1.46,91.3,85.5
8717,-13479.7,153.1803,1.39,100.0,85.6
8718,-13467.8,60.9406,1.31,100.0,85.7
8719,-13703.51,5042.4362,1.31,100.0,85.6
8720,-13479.7,49.006,1.29,100.0,85.6
8721,-13472.24,67.4752,1.29,100.0,85.5
8722,-13467.8,25.9475,1.37,97.5,85.6
8723,-13536.51,206.7192,1.33,100.0,85.7
8724,-13479.7,24.3383,1.29,100.0,85.9
8725,-13475.26,12.6916,1.29,100.0,85.7
8726,-13654.16,4837.7346,1.22,100.0,85.8
8727,-13475.26,12.0467,1.28,100.0,85.9
8728,-13475.93,23.7296,1.41,89.7,85.9
8729,-13550.26,773.3465,1.4,100.0,86.0
8730,-13477.82,225.9828,1.33,100.0,86.1
8731,-13475.93,157.3032,1.39,100.0,86.0
8732,-13477.82,47.6067,1.29,100.0,86.0
8733,-13477.82,52.9469,1.24,100.0,86.0
8734,-13471.49,34.078,1.33,100.0,86.1
8735,-13649.73,3836.0833,1.27,100.0,86.2
8736,-13479.7,480.4264,1.3,100.0,86.2
8737,-13654.16,3039.6525,1.37,100.0,86.2
8738,-13472.24,1081.9402,1.3,100.0,86.3
8739,-13477.82,525.2099,1.26,100.0,86.2
8740,-13475.26,190.2734,1.35,100.0,86.3
8741,-13477.82,51.9955,1.4,100.0,86.4
8742,-13479.7,73.1808,1.36,100.0,86.5
8743,-13471.49,20.8901,1.55,98.8,86.4
8744,-13473.38,39.3504,1.44,96.0,86.5
8745,-13479.7,27.5214,1.29,100.0,86.5
8746,-13529.83,464.3611,1.31,100.0,86.6
8747,-13646.7,4171.7612,1.29,100.0,86.6
8748,-13477.82,191.5358,1.22,100.0,86.6
8749,-13561.28,326.8237,1.36,99.7,86.7
8750,-13479.7,154.4377,1.44,99.4,86.6
8751,-13470.36,90.3648,1.29,100.0,86.6
8752,-13479.7,108.3481,1.39,100.0,86.7
8753,-13654.16,5014.516,1.4,100.0,86.9
8754,-13477.82,27.4829,1.21,100.0,86.9
8755,-13522.38,364.2187,1.34,100.0,86.8
8756,-13753.65,4494.8906,1.4,100.0,86.8
8757,-13518.6,343.135,1.27,100.0,86.8
8758,-13527.96,157.5575,1.35,100.0,87.0
8759,-13473.38,82.1048,1.35,100.0,87.0
8760,-13472.24,75.4648,1.2,100.0,87.0
8761,-13479.7,83.4073,1.3,100.0,87.0
8762,-13475.93,28.2538,1.4,99.7,87.2
8763,-13475.26,61.5561,1.29,100.0,87.1
8764,-13654.16,4285.1582,1.41,100.0,87.2
8765,-13479.7,37.0182,1.47,95.9,87.3
8766,-13472.24,37.5637,1.41,100.0,87.3
8767,-13479.7,49.7166,1.33,100.0,87.4
8768,-13529.83,378.609,1.29,100.0,87.4
8769,-13472.24,185.6123,1.24,100.0,87.3
8770,-13473.38,128.6035,1.29,100.0,87.4
8771,-13654.16,4481.8031,1.34,97.3,87.5
8772,-13477.82,11.5515,1.28,100.0,87.6
8773,-13472.24,57.319,1.35,100.0,87.6
8774,-13472.24,33.7566,1.31,100.0,87.6
8775,-13472.24,19.172,1.27,100.0,87.6
8776,-13511.14,136.3382,1.34,100.0,87.6
8777,-13479.7,43.1745,1.45,92.6,87.7
8778,-13529.05,185.5594,1.4,100.0,87.7
8779,-13522.38,402.8016,1.34,100.0,87.8
8780,-13467.8,112.939,1.36,100.0,87.8
8781,-13646.7,4265.2101,1.22,100.0,87.8
8782,-13472.24,168.8755,1.28,100.0,87.8
8783,-13472.24,74.9197,1.33,99.2,87.9
8784,-13518.6,291.7935,1.26,100.0,87.9
8785,-13536.51,184.6282,1.41,100.0,88.0
8786,-13472.24,79.2013,1.42,99.2,88.0
8787,-13475.26,29.8271,1.31,100.0,87.9
8788,-13467.8,11.3779,1.3,100.0,88.0
8789,-13475.26,30.2312,1.3,100.0,88.1
8790,-13654.16,4451.6371,1.27,100.0,88.2
8791,-13465.92,284.5634,1.35,100.0,88.1
8792,-13475.93,148.5247,1.48,99.3,87.8
8793,-13654.16,3971.2092,1.36,99.5,87.7
8794,-13471.49,27.207,1.28,100.0,87.8
8795,-13465.92,29.304,1.26,100.0,87.8
8796,-13479.7,55.9403,1.27,100.0,88.0
8797,-13479.7,17.7174,1.34,100.0,87.9
8798,-13479.7,18.3217,1.43,88.1,87.8
8799,-13646.7,4355.4666,1.33,100.0,87.6
8800,-13479.7,6.5447,1.31,100.0,87.7
8801,-13472.24,15.5137,1.36,100.0,87.8
8802,-13472.24,11.7155,1.23,100.0,87.8
8803,-13479.7,11.4611,1.27,100.0,87.8
8804,-13470.36,19.783,1.34,98.2,87.8
8805,-13518.6,211.957,1.32,100.0,87.8
8806,-13472.24,39.1428,1.33,100.0,87.9
8807,-13472.24,14.6347,1.43,100.0,88.0
8808,-13529.05,210.5373,1.35,100.0,88.1
8809,-13529.05,182.0957,1.27,100.0,88.2
8810,-13472.24,31.2719,1.34,100.0,88.1
8811,-13654.16,5066.7473,1.28,100.0,87.0
8812,-13472.24,35.8937,1.4,100.0,87.0
8813,-13472.24,15.3243,1.44,96.9,87.2
8814,-13472.24,10.9948,1.31,100.0,86.6
8815,-13479.7,18.8307,1.31,100.0,86.7
8816,-13536.51,143.6668,1.33,100.0,86.9
8817,-13529.05,165.1707,1.28,100.0,86.8
8818,-13646.7,4345.1455,1.43,100.0,86.9
8819,-13470.36,48.4852,1.42,95.6,87.3
8820,-13642.27,4412.9669,1.32,100.0,87.3
8821,-13472.24,59.3156,1.35,100.0,87.4
8822,-13472.24,31.0482,1.31,100.0,87.4
8823,-13472.24,17.2208,1.22,100.0,87.4
8824,-13472.24,11.0791,1.38,100.0,87.3
8825,-13660.26,5143.9694,1.38,97.4,87.4
8826,-13475.93,25.0504,1.36,100.0,87.4
8827,-13486.46,23.8901,1.33,100.0,87.5
8828,-13488.36,15.4061,1.42,100.0,87.6
8829,-13486.46,11.1769,1.31,100.0,87.6
8830,-13485.79,25.6789,1.26,100.0,87.7
8831,-13488.36,15.1293,1.34,100.0,87.8
8832,-13490.23,12.5878,1.39,100.0,87.8
8833,-13485.79,8.3663,1.33,100.0,87.9
8834,-13490.23,2.7465,1.35,100.0,87.9
8835,-13556.36,983.3236,1.31,100.0,87.9
8836,-13664.7,4038.3875,1.23,100.0,87.8
8837,-13721.51,3337.6658,1.32,100.0,87.9
8838,-13585.94,942.168,1.35,100.0,88.1
8839,-13482.77,1711.2674,1.36,99.9,88.0
8840,-13539.58,1083.2797,1.46,99.6,88.2
8841,-13482.77,494.9675,1.44,98.2,88.2
8842,-13482.77,126.6533,1.28,100.0,88.1
8843,-13482.77,142.7526,1.28,100.0,88.3
8844,-13485.79,147.405,1.31,100.0,88.4
8845,-13490.23,29.5405,1.3,100.0,88.4
8846,-13490.23,39.1478,1.38,97.2,88.4
8847,-13529.13,97.0076,1.45,100.0,88.5
8848,-13482.77,103.3969,1.58,100.0,89.3
8849,-13482.77,52.3064,1.32,100.0,89.4
8850,-13490.23,65.0477,1.28,100.0,89.4
8851,-13529.13,176.5114,1.26,100.0,89.4
8852,-13482.77,82.106,1.43,98.3,88.7
8853,-13485.79,25.2836,1.44,96.1,88.0
8854,-13482.77,21.4651,1.29,100.0,88.1
8855,-13490.23,34.1422,1.37,100.0,88.2
8856,-13664.7,4538.5757,1.32,100.0,88.2
8857,-13482.77,287.2343,1.21,99.5,88.1
8858,-13482.77,288.7867,1.36,100.0,87.9
8859,-13482.77,87.7518,1.4,99.0,87.9
8860,-13482.77,36.8709,1.3,100.0,87.7
8861,-13547.04,333.7675,1.38,100.0,87.8
8862,-13490.23,25.0748,1.46,98.8,87.8
8863,-13490.23,21.9776,1.29,100.0,87.9
8864,-13490.23,8.9484,1.3,100.0,87.6
8865,-13490.23,5.7133,1.27,100.0,87.2
8866,-13490.23,2.3215,1.29,100.0,87.3
8867,-13482.77,16.6148,1.38,100.0,87.3
8868,-13490.23,18.1132,1.26,100.0,87.3
8869,-13664.7,4489.7882,1.23,100.0,87.4
8870,-13539.58,361.448,1.28,100.0,87.4
8871,-13521.68,222.9141,1.42,100.0,87.3
8872,-13478.33,82.3121,1.33,98.3,86.3
8873,-13482.77,37.188,1.37,100.0,86.2
8874,-13539.58,273.8159,1.37,100.0,86.2
8875,-13521.68,143.2001,1.37,100.0,86.2
8876,-13578.49,239.9637,1.39,100.0,86.3
8877,-13521.68,106.8878,1.27,100.0,86.2
8878,-13490.23,187.142,1.27,100.0,86.2
8879,-13521.68,71.0294,1.31,100.0,86.3
8880,-13482.77,75.9236,1.32,100.0,86.3
8881,-13539.58,151.6211,1.35,100.0,86.3
8882,-13521.68,138.871,1.37,100.0,86.4
8883,-13490.23,67.892,1.31,100.0,86.4
8884,-13490.23,36.8566,1.33,100.0,86.5
8885,-13524.7,147.434,1.33,100.0,86.5
8886,-13482.77,37.478,1.29,100.0,86.5
8887,-13482.77,18.0696,1.36,100.0,86.5
8888,-13539.58,182.5754,1.4,100.0,86.6
8889,-13482.77,12.4876,1.31,100.0,86.7
8890,-13490.23,17.72,1.29,100.0,86.7
8891,-13485.79,8.8075,1.34,100.0,86.7
8892,-13482.77,16.3573,1.25,100.0,86.8
8893,-13652.8,4939.748,1.31,100.0,86.9
8894,-13482.77,8.1373,1.48,97.9,87.2
8895,-13482.77,4.5859,1.39,100.0,87.1
8896,-13488.36,51.9373,1.34,100.0,87.0
8897,-13664.7,4165.2148,1.41,100.0,87.0
8898,-13660.26,3223.175,1.33,100.0,87.1
8899,-13474.57,1144.6591,1.28,100.0,87.2
8900,-13486.46,1116.1414,1.32,100.0,87.3
8901,-13482.02,642.9425,1.32,100.0,87.2
8902,-13488.36,189.1424,1.3,100.0,87.2
8903,-13479.0,58.456,1.35,100.0,87.3
8904,-13482.77,96.8621,1.32,100.0,87.3
8905,-13472.24,32.2511,1.23,100.0,87.3
8906,-13472.24,22.0999,1.28,100.0,87.5
8907,-13527.17,261.0279,1.36,100.0,87.5
8908,-13482.77,9.5887,1.4,100.0,87.4
8909,-13472.24,15.1454,1.45,92.7,87.7
8910,-13646.7,4819.4525,1.45,96.6,87.7
8911,-13479.7,28.947,1.32,100.0,87.8
8912,-13646.7,3974.2776,1.39,100.0,87.9
8913,-13478.33,261.3464,1.25,100.0,87.0
8914,-13657.24,3339.4157,1.26,100.0,87.0
8915,-13474.57,379.5547,1.38,100.0,87.2
8916,-13490.23,249.6081,1.3,100.0,87.2
8917,-13490.23,69.728,1.33,100.0,87.2
8918,-13482.77,39.9391,1.4,100.0,87.7
8919,-13539.58,229.2236,1.35,100.0,87.6
8920,-13490.23,37.6447,1.26,100.0,87.5
8921,-13482.77,41.9971,1.36,99.9,87.3
8922,-13539.58,168.0793,1.4,100.0,87.6
8923,-13478.33,12.8372,1.34,100.0,87.4
8924,-13478.33,5.2895,1.48,97.9,87.4
8925,-13676.2,4692.5909,1.41,96.4,87.3
8926,-13479.7,61.6776,1.29,100.0,87.4
8927,-13479.0,21.0138,1.28,100.0,87.4
8928,-13485.79,32.6534,1.33,100.0,87.5
8929,-13660.26,4302.5215,1.27,100.0,87.5
8930,-13488.36,141.6573,1.37,95.6,87.5
8931,-13475.26,216.2207,1.37,99.7,87.4
8932,-13485.79,42.5725,1.34,100.0,87.5
8933,-13488.36,50.2949,1.38,100.0,87.5
8934,-13646.7,4285.2866,1.4,100.0,87.6
8935,-13490.23,40.6417,1.27,100.0,87.6
8936,-13646.7,3722.27,1.33,100.0,87.6
8937,-13714.05,3464.8468,1.36,100.0,87.6
8938,-13479.7,556.7296,1.3,100.0,87.5
8939,-13654.16,2874.1412,1.38,100.0,87.6
8940,-13472.24,1046.6914,1.46,98.7,87.8
8941,-13511.14,741.7911,1.26,100.0,87.8
8942,-13529.05,399.1524,1.3,100.0,87.9
8943,-13472.24,94.5185,1.25,100.0,87.8
8944,-13646.7,4875.3308,1.26,100.0,87.7
8945,-13482.77,112.8142,1.34,97.1,86.0
8946,-13482.77,46.8186,1.46,98.4,86.0
8947,-13485.79,29.2871,1.33,100.0,85.9
8948,-13482.77,17.9004,1.4,100.0,86.1
8949,-13479.7,33.1004,1.45,95.4,86.1
8950,-13472.24,20.645,1.3,100.0,86.1
8951,-13472.24,12.035,1.3,100.0,86.2
8952,-13472.24,5.5645,1.29,100.0,86.1
8953,-13472.24,3.3088,1.28,100.0,86.1
8954,-13511.14,142.9127,1.33,100.0,86.2
8955,-13646.7,4273.7189,1.45,97.5,86.3
8956,-13511.14,119.9275,1.33,100.0,86.3
8957,-13472.24,242.9126,1.33,100.0,86.3
8958,-13472.24,85.23,1.26,100.0,85.8
8959,-13472.24,40.9432,1.24,100.0,85.9
8960,-13522.38,510.9515,1.37,100.0,86.0
8961,-13517.94,308.0545,1.39,97.4,86.1
8962,-13561.28,274.9802,1.3,100.0,86.2
8963,-13472.24,599.489,1.39,100.0,86.2
8964,-13470.36,417.1929,1.34,100.0,86.2
8965,-13518.6,147.5766,1.2,96.4,86.2
8966,-13472.24,72.1891,1.31,100.0,86.3
8967,-13522.38,437.8886,1.43,97.5,86.3
8968,-13472.24,25.0423,1.31,100.0,86.3
8969,-13472.24,13.0578,1.37,100.0,86.3
8970,-13654.16,5056.839,1.45,97.6,86.4
8971,-13649.73,4462.1002,1.27,100.0,86.5
8972,-13646.7,3473.2372,1.28,100.0,86.5
8973,-13467.8,1145.4203,1.28,99.8,86.4
8974,-13649.73,2846.2579,1.28,100.0,86.5
8975,-13646.7,2461.8903,1.31,100.0,86.5
8976,-13477.82,1598.319,1.38,100.0,86.6
8977,-13471.49,1175.022,1.27,100.0,86.6
8978,-13470.36,776.2263,1.31,100.0,86.8
8979,-13464.03,291.0575,1.37,100.0,86.7
8980,-13471.49,331.1823,1.31,100.0,86.7
8981,-13654.16,4562.7535,1.42,100.0,86.8
8982,-13479.7,173.1004,1.44,87.5,86.8
8983,-13654.16,3318.4612,1.35,100.0,86.8
8984,-13649.73,2720.8072,1.38,100.0,87.0
8985,-13467.8,1343.2639,1.29,100.0,87.0
8986,-13654.16,2232.0279,1.25,100.0,86.9
8987,-13642.27,1957.5572,1.29,100.0,86.9
8988,-13471.49,1631.2917,1.33,96.7,87.0
8989,-13471.49,1266.5626,1.39,100.0,87.1
8990,-13475.93,654.7107,1.38,100.0,87.1
8991,-13471.49,329.425,1.44,100.0,87.2
8992,-13473.38,258.6178,1.4,98.0,87.2
8993,-13642.27,3400.4144,1.26,100.0,87.1
8994,-13649.73,2955.891,1.34,100.0,87.2
8995,-13471.49,423.8586,1.43,100.0,87.3
8996,-13482.02,415.5205,1.32,100.0,87.3
8997,-13660.26,2536.8108,1.4,99.3,87.4
8998,-13503.48,277.5107,1.46,96.7,87.6
8999,-13482.02,166.6418,1.26,100.0,87.9
9000,-13471.49,85.9437,1.28,100.0,87.9
9001,-13545.82,1258.8464,1.27,100.0,88.0
9002,-13471.49,40.4034,1.28,100.0,88.1
9003,-13471.49,27.329,1.42,95.6,88.2
9004,-13471.49,13.3629,1.41,97.9,88.5
9005,-13654.16,3887.0508,1.31,100.0,88.9
9006,-13475.93,123.6533,1.37,100.0,88.9
9007,-13482.02,74.8447,1.28,100.0,88.9
9008,-13649.73,3924.4872,1.26,100.0,88.9
9009,-13471.49,17.3164,1.4,99.1,89.1
9010,-13471.49,6.6336,1.41,100.0,89.2
9011,-13471.49,4.2954,1.27,100.0,89.3
9012,-13494.89,87.7715,1.38,100.0,89.3
9013,-13492.95,69.3178,1.34,100.0,89.4
9014,-13471.49,21.5218,1.21,100.0,89.3
9015,-13473.38,20.8355,1.38,98.4,89.6
9016,-13471.49,15.3557,1.41,100.0,89.7
9017,-13471.49,12.2437,1.35,100.0,89.8
9018,-13494.89,53.7307,1.42,99.2,89.9
9019,-13471.49,5.7445,1.45,98.6,89.6
9020,-13471.49,3.104,1.26,100.0,89.7
9021,-13473.38,5.1453,1.29,100.0,89.6
9022,-13471.49,5.0382,1.32,100.0,89.7
9023,-13455.7,19.9415,1.29,100.0,89.7
9024,-13649.73,4326.0011,1.35,99.0,89.5
9025,-13471.49,3.9506,1.34,98.9,89.0
9026,-13471.49,2.5606,1.26,100.0,88.7
9027,-13455.7,11.3797,1.29,100.0,88.7
9028,-13455.7,8.4331,1.29,100.0,88.8
9029,-13499.56,366.6256,1.34,100.0,88.9
9030,-13505.84,266.9699,1.43,91.6,88.7
9031,-13505.84,188.5659,1.49,93.9,88.1
9032,-13494.19,70.9335,1.28,100.0,87.7
9033,-13510.28,62.065,1.38,100.0,87.6
9034,-13470.36,378.1184,1.31,100.0,87.4
9035,-13455.7,301.7825,1.23,100.0,87.0
9036,-13463.91,111.4769,1.38,100.0,85.8
9037,-13505.84,288.1104,1.39,99.3,85.6
9038,-13510.28,197.2298,1.32,100.0,85.7
9039,-13496.08,144.9346,1.41,100.0,85.7
9040,-13505.84,118.7624,1.4,98.3,85.8
9041,-13492.98,78.7067,1.28,100.0,85.8
9042,-13494.19,108.641,1.3,100.0,85.7
9043,-13496.08,60.8822,1.39,100.0,85.8
9044,-13499.56,42.8437,1.3,100.0,85.9
9045,-13504.0,31.8168,1.37,100.0,85.9
9046,-13505.84,14.8886,1.42,96.0,86.0
9047,-13499.56,8.4888,1.26,100.0,86.1
9048,-13500.2,34.8038,1.26,100.0,86.1
9049,-13492.03,42.9315,1.31,100.0,86.1
9050,-13500.2,20.4571,1.29,100.0,86.2
9051,-13500.2,12.8174,1.45,94.7,86.2
9052,-13494.86,34.8176,1.46,96.4,86.2
9053,-13510.72,35.3136,1.31,100.0,86.3
9054,-13508.85,26.4471,1.38,100.0,86.3
9055,-13506.95,9.6587,1.28,100.0,86.3
9056,-13494.86,64.5442,1.24,100.0,86.3
9057,-13565.66,207.5517,1.38,97.2,86.3
9058,-13510.72,32.2994,1.36,99.7,86.4
9059,-13329.41,6940.4215,1.26,100.0,86.3
9060,-13290.5,5975.0233,1.33,100.0,86.4
9061,-13329.41,4403.2853,1.24,100.0,86.4
9062,-13347.31,3489.0178,1.29,100.0,86.5
9063,-13329.41,2973.6956,1.51,89.0,86.6
9064,-13324.97,2410.5836,1.36,100.0,86.4
9065,-13375.4,2642.5524,1.34,100.0,86.5
9066,-13320.46,1481.8568,1.44,100.0,86.5
9067,-13338.37,1611.7941,1.41,98.3,86.2
9068,-13361.5,833.6145,1.27,100.0,86.2
9069,-13318.59,945.1042,1.3,100.0,86.2
9070,-13281.56,813.7326,1.36,100.0,86.2
9071,-13320.46,348.3274,1.3,100.0,86.3
9072,-13326.18,196.1872,1.36,99.7,86.3
9073,-13297.72,203.5898,1.35,99.3,86.4
9074,-13334.75,118.1035,1.31,100.0,86.3
9075,-13336.63,65.455,1.31,100.0,85.8
9076,-13332.19,21.883,1.26,100.0,85.9
9077,-13325.81,37.5708,1.25,100.0,86.0
9078,-13293.21,187.3852,1.37,95.8,86.0
9079,-13393.44,322.4413,1.36,100.0,86.1
9080,-13320.46,100.123,1.3,100.0,86.0
9081,-13381.78,164.2073,1.39,100.0,86.0
9082,-13330.31,33.8512,1.29,100.0,86.1
9083,-13320.46,50.6434,1.25,100.0,86.2
9084,-13323.1,66.4494,1.43,99.7,86.3
9085,-13319.87,28.3703,1.43,99.9,86.4
9086,-13318.66,15.8325,1.32,100.0,86.3
9087,-13316.02,43.7743,1.39,100.0,86.2
9088,-13295.85,174.1981,1.42,97.2,86.3
9089,-13295.85,103.2728,1.27,100.0,86.3
9090,-13318.59,178.1022,1.3,100.0,86.4
9091,-13324.97,143.322,1.34,100.0,86.4
9092,-13307.77,62.5384,1.29,100.0,86.4
9093,-13273.36,171.156,1.37,99.8,86.5
9094,-13323.1,161.5988,1.49,97.8,86.6
9095,-13324.97,42.7682,1.3,100.0,86.6
9096,-13314.15,67.0425,1.38,100.0,86.7
9097,-13370.07,191.4891,1.27,100.0,86.6
9098,-13320.46,29.5264,1.28,100.0,86.6
9099,-13316.02,12.8973,1.4,100.0,86.6
9100,-13318.59,44.9743,1.39,98.3,86.7
9101,-13279.68,176.1968,1.36,100.0,86.8
9102,-13324.97,81.8245,1.36,100.0,86.8
9103,-13320.46,51.4344,1.37,100.0,87.0
9104,-13281.63,94.4777,1.22,100.0,86.9
9105,-13286.96,78.2692,1.26,100.0,86.8
9106,-13330.31,158.9733,1.38,98.3,86.9
9107,-13316.02,189.1513,1.3,100.0,87.0
9108,-13318.66,73.5372,1.38,100.0,87.0
9109,-13284.19,89.8239,1.44,100.0,87.2
9110,-13275.23,103.1242,1.28,100.0,87.1
9111,-13297.72,130.1275,1.26,100.0,85.9
9112,-13320.62,137.2353,1.32,100.0,85.9
9113,-13269.07,166.8142,1.29,100.0,85.9
9114,-13269.07,109.691,1.32,100.0,86.0
9115,-13273.51,45.0181,1.24,100.0,86.0
9116,-13282.45,40.8596,1.32,100.0,86.1
9117,-13279.84,9.4493,1.36,99.9,86.2
9118,-13307.92,142.5668,1.3,100.0,86.2
