Episode,Reward,Critic_Loss,Time_Sec,CPU_Percent,RAM_Percent
1,-16820.99,8663716.5,1.26,33.9,62.8
2,-15628.55,7265586.625,1.27,51.0,62.9
3,-14455.25,6652359.625,1.26,51.1,62.9
4,-15736.23,8194276.0,1.3,52.8,62.9
5,-13876.07,5687964.75,1.33,57.6,63.1
6,-15955.19,8240685.125,1.29,52.1,63.3
7,-13368.03,5557425.125,1.26,55.1,63.4
8,-15736.78,6662052.0,1.28,52.1,63.5
9,-14382.11,6310113.125,1.22,52.9,63.5
10,-14979.17,6948029.25,1.27,54.2,63.6
11,-15461.07,7103970.75,1.26,51.6,63.6
12,-14954.03,7035706.375,1.22,50.8,63.6
13,-14948.35,6843574.125,1.26,54.3,63.7
14,-13396.61,5554316.0,1.28,53.7,63.8
15,-15052.21,6772568.75,1.28,53.9,63.9
16,-14400.75,6357672.625,1.25,52.4,63.9
17,-14502.22,6292808.25,1.25,53.1,63.9
18,-16739.36,8423471.0,1.31,55.9,64.0
19,-16025.36,8015950.5,1.3,52.5,64.0
20,-13979.4,6192925.625,1.26,52.7,64.2
21,-14868.85,6612796.125,1.25,50.3,64.2
22,-16588.22,7917692.25,1.33,53.6,64.2
23,-14953.45,6861299.625,1.21,49.6,64.3
24,-15309.94,7054562.375,1.3,52.5,64.4
25,-16850.83,9128664.25,1.28,50.7,64.5
26,-15033.95,7025350.875,1.24,52.3,64.5
27,-16245.63,7756375.5,1.25,51.7,64.5
28,-16828.18,8443199.75,1.28,51.9,64.5
29,-14620.36,6322053.0,1.28,51.4,63.8
30,-15654.24,7351725.0,1.28,55.4,63.9
31,-16462.36,7933527.0,1.25,50.6,64.0
32,-15786.38,7040822.75,1.31,52.6,64.3
33,-13592.87,5923958.25,1.28,58.5,64.5
34,-16838.83,8816723.25,1.26,50.9,63.6
35,-15287.26,6965809.0,1.26,52.2,63.6
36,-16343.05,8325463.125,1.31,51.2,63.6
37,-14261.27,6177029.25,1.27,52.3,63.3
38,-13750.54,5861037.875,1.23,50.8,63.4
39,-15462.21,6217409.5,1.29,53.9,63.4
40,-13967.75,5737524.75,1.25,50.3,63.5
41,-15026.18,6675404.375,1.27,55.1,63.6
42,-15254.07,6880452.25,1.3,62.5,63.4
43,-14831.72,6541226.5,1.26,50.1,63.5
44,-16269.23,7593130.375,1.36,54.4,63.5
45,-14153.72,5657132.875,1.27,51.3,63.6
46,-16079.45,7918714.375,1.29,53.2,63.7
47,-14161.12,5946162.75,1.25,51.9,63.6
48,-16315.3,8392684.75,1.34,58.4,63.7
49,-16769.36,8145582.25,1.3,52.2,63.7
50,-15310.83,7205475.375,1.26,51.2,63.8
51,-14453.52,6546771.5,1.22,50.8,63.8
52,-14376.01,6066764.625,1.26,55.3,63.7
53,-15292.44,7134647.75,1.3,50.6,63.8
54,-15350.93,7523468.0,1.24,47.7,63.8
55,-16202.95,8048898.5,1.36,53.6,63.6
56,-16597.73,8825482.75,1.28,53.3,63.6
57,-15085.71,7179756.75,1.26,51.0,63.6
58,-14365.26,6239759.625,1.26,50.0,63.7
59,-14101.83,5842440.5,1.31,53.5,63.7
60,-16944.56,8530348.75,1.28,49.0,63.8
61,-16565.23,8441843.0,1.29,54.1,63.8
62,-13835.95,5831725.875,1.37,55.7,64.0
63,-15740.42,7154432.5,1.37,56.0,64.2
64,-14045.29,6337990.25,1.47,63.2,65.4
65,-14497.69,6738651.25,1.51,75.7,66.6
66,-15637.72,7575166.5,1.46,67.0,67.0
67,-16171.81,8137879.125,1.43,68.4,66.9
68,-15313.62,7025606.375,1.43,59.2,66.9
69,-15216.6,6300114.75,1.36,60.4,66.9
70,-15259.69,6593680.875,1.37,58.3,67.0
71,-13693.44,6000976.875,1.38,59.8,67.2
72,-15490.39,6754158.875,1.36,53.1,67.2
73,-13718.98,5478811.375,1.38,61.4,67.2
74,-14799.05,7006988.125,1.3,53.2,67.3
75,-15206.23,6557321.375,1.32,54.8,66.6
76,-14047.68,6368865.125,1.45,59.8,66.6
77,-15178.63,6923090.875,1.5,64.2,66.6
78,-17343.16,8481608.75,1.54,65.7,66.9
79,-14881.02,6944808.25,1.41,62.8,67.4
80,-15498.69,6720934.5,1.4,57.6,67.3
81,-15681.45,7264841.125,1.35,55.8,67.4
82,-15988.09,7476229.375,1.35,54.5,67.5
83,-15046.74,6739574.125,1.7,68.7,67.8
84,-14577.49,6267160.625,1.31,55.1,67.8
85,-16274.09,7945409.625,1.34,50.5,67.8
86,-14289.01,6100835.875,1.29,50.6,67.8
87,-14608.66,6601640.875,1.33,54.9,68.0
88,-14955.73,6954365.375,1.28,51.2,68.0
89,-14042.9,5956907.125,1.36,55.5,66.7
90,-13711.89,5826988.625,1.24,53.8,66.4
91,-15489.85,7396917.125,1.25,55.2,66.4
92,-15175.36,7352607.5,1.26,52.4,66.4
93,-13910.33,5833350.125,1.26,52.7,66.2
94,-16975.88,8661948.5,1.37,58.0,66.1
95,-16435.63,8136844.375,1.33,54.3,65.5
96,-14050.22,5549377.125,1.26,50.0,65.5
97,-14527.81,6394137.25,1.25,52.6,65.5
98,-16146.06,7822425.625,1.35,56.3,65.4
99,-14252.69,6423529.875,1.27,51.8,65.2
100,-15675.73,7569337.125,1.3,49.9,65.3
101,-16792.07,8210182.0,1.29,50.8,64.6
102,-16371.37,7665796.875,1.3,53.0,64.6
103,-13556.61,5576041.25,1.24,55.0,64.8
104,-14478.18,5967838.375,1.25,52.3,64.8
105,-16156.04,7638829.125,1.34,54.4,64.9
106,-15353.11,6428078.625,1.33,54.7,65.0
107,-15024.11,5828670.375,1.28,52.2,65.1
108,-16200.03,7963994.5,1.31,54.7,65.2
109,-16277.26,8008569.75,1.31,54.8,65.2
110,-14233.66,5983902.75,1.23,49.2,65.3
111,-13789.45,5789639.75,1.25,51.4,65.3
112,-14205.58,6126780.125,1.27,55.6,65.3
113,-15660.09,7456840.75,1.29,53.8,64.5
114,-13987.73,6177834.375,1.25,53.4,64.4
115,-14030.09,5399205.75,1.28,51.2,64.4
116,-15428.73,7032059.25,1.29,54.9,64.5
117,-15573.87,7693851.0,1.26,52.8,64.3
118,-16299.98,8070056.75,1.27,50.5,64.2
119,-14720.87,6213334.875,1.23,51.2,64.3
120,-14265.35,5992806.125,1.28,54.2,64.2
121,-14419.65,6205500.125,1.23,48.1,64.3
122,-14874.0,6594360.625,1.26,51.0,64.3
123,-15676.45,6953156.375,1.3,56.5,64.4
124,-17299.65,8625836.75,1.3,50.6,64.5
125,-14565.98,6228328.625,1.25,53.0,64.5
126,-16239.25,7565281.875,1.29,49.6,64.5
127,-15087.0,7005490.0,1.28,49.6,64.6
128,-15885.19,7588063.125,1.27,52.6,64.7
129,-13971.99,6056515.0,1.23,50.8,64.7
130,-14141.52,6144907.875,1.25,49.5,64.8
131,-15257.47,6302998.25,1.29,52.4,64.9
132,-13218.38,5101212.0,1.23,47.6,65.0
133,-14062.29,5942291.25,1.26,50.8,65.0
134,-13947.89,6007998.25,1.26,53.0,65.0
135,-16009.83,7803901.5,1.27,54.0,65.0
136,-15260.28,6897947.0,1.25,50.7,65.1
137,-16363.37,7865206.25,1.3,50.6,65.1
138,-15737.41,7256763.875,1.37,58.9,64.7
139,-16281.97,7017942.625,1.29,55.0,64.7
140,-15076.3,6794973.625,1.24,49.8,64.7
141,-15307.33,6419005.625,1.32,51.1,64.8
142,-16799.57,8646147.75,1.32,53.3,64.8
143,-15340.84,6830700.0,1.27,50.7,64.8
144,-14606.84,6226461.75,1.26,52.5,64.6
145,-15148.85,6585788.0,1.31,53.4,64.7
146,-14609.06,6446180.25,1.24,55.4,64.8
147,-14002.36,5777080.0,1.24,48.6,64.8
148,-13890.5,5899796.25,1.28,51.1,65.0
149,-14401.18,5715182.875,1.27,50.0,64.9
150,-16473.85,8026114.0,1.31,53.7,64.9
151,-14586.86,5957642.875,1.26,51.3,65.0
152,-16532.06,8072612.0,1.27,50.2,65.1
153,-14898.51,6243550.5,1.37,58.3,65.2
154,-16150.4,7584844.125,1.32,53.1,65.2
155,-13486.47,5617841.625,1.24,51.2,65.2
156,-14765.84,6627237.5,1.24,53.6,65.3
157,-15996.35,7284700.625,1.27,55.5,65.3
158,-16180.98,7517846.75,1.45,59.1,66.3
159,-14926.43,6240460.625,1.42,67.3,66.1
160,-15230.53,6278257.75,1.45,60.0,66.3
161,-15003.8,6544735.0,1.28,53.2,65.9
162,-15537.53,6804846.75,1.26,52.4,65.9
163,-14629.88,6405825.0,1.24,53.9,65.6
164,-14643.67,5808637.0,1.3,55.9,65.6
165,-16476.14,8023548.0,1.3,52.3,65.6
166,-14866.89,6204319.0,1.2,50.7,65.6
167,-15197.61,6417640.75,1.27,52.6,65.6
168,-14632.46,6355820.875,1.25,54.4,65.8
169,-15080.3,5967109.5,1.28,50.4,65.9
170,-14198.85,6074961.375,1.25,52.8,65.9
171,-13862.89,5680226.0,1.29,52.7,65.9
172,-13486.6,5079508.625,1.26,55.5,66.1
173,-16597.82,7629066.375,1.31,54.3,66.3
174,-14457.53,6204247.25,1.24,54.0,66.4
175,-14541.1,6392122.0,1.29,50.9,65.6
176,-15470.07,6968169.125,1.27,50.6,65.5
177,-14269.55,6008040.125,1.23,52.6,65.5
178,-15502.54,6596136.5,1.27,52.5,65.6
179,-14292.19,6023901.125,1.29,57.9,65.5
180,-15556.53,5975622.875,1.3,52.7,65.4
181,-15598.13,6148033.625,1.29,51.8,65.2
182,-15191.9,7040459.625,1.32,51.9,65.3
183,-14630.98,6584962.25,1.26,53.8,65.3
184,-14715.96,5921484.25,1.22,51.7,65.4
185,-14076.68,5922670.875,1.25,54.2,65.5
186,-15685.56,7119497.125,1.33,53.8,65.5
187,-14467.29,6120403.875,1.23,49.9,65.4
188,-13953.13,5479863.125,1.26,50.0,65.5
189,-14536.48,5398590.0,1.27,49.4,65.5
190,-16242.32,7624475.0,1.32,55.9,65.7
191,-16094.91,7275884.125,1.35,53.3,65.5
192,-14105.98,6120363.125,1.24,50.2,65.5
193,-14144.76,5793578.625,1.29,53.4,65.7
194,-14453.29,6083367.375,1.28,55.4,66.0
195,-14724.92,5888170.25,1.29,55.8,66.0
196,-15902.8,7024900.5,1.31,54.7,66.0
197,-14730.62,6657368.625,1.23,51.8,66.1
198,-14788.63,6281624.75,1.27,55.0,66.1
199,-14918.54,5831741.875,1.3,52.6,65.2
200,-14084.62,5645436.625,1.23,50.5,65.1
201,-13836.87,5583617.625,1.36,64.5,66.4
202,-14415.89,6256365.5,1.32,59.7,66.0
203,-14368.11,6252488.875,1.28,56.1,65.9
204,-14376.76,5829344.875,1.29,54.6,65.8
205,-15384.35,6113684.75,1.3,54.0,65.9
206,-14736.1,6325221.5,1.27,50.8,65.9
207,-14706.22,5912469.0,1.31,54.4,65.9
208,-15213.58,5897623.0,1.28,53.3,66.0
209,-14003.61,5810911.125,1.25,48.8,66.0
210,-14245.54,5609962.0,1.24,52.0,66.1
211,-14691.18,5940522.5,1.22,49.6,66.1
212,-14213.05,6080300.125,1.24,56.6,66.2
213,-14153.51,5343813.5,1.29,55.6,66.2
214,-14555.78,6098204.0,1.24,51.7,66.3
215,-14712.48,5857667.125,1.33,56.2,66.3
216,-14265.34,5994410.875,1.28,51.9,66.4
217,-16765.34,7760406.125,1.26,52.7,66.4
218,-14981.48,5662580.75,1.3,52.8,66.5
219,-16028.01,6657855.625,1.36,55.2,66.5
220,-14479.87,5242850.875,1.28,51.2,66.5
221,-15264.36,6251010.375,1.26,51.8,66.6
222,-14984.91,5346750.75,1.33,54.8,66.3
223,-15337.55,6735758.0,1.28,54.5,65.7
224,-16338.28,7032232.125,1.31,54.4,64.9
225,-14597.49,5022322.875,1.29,51.3,65.0
226,-14068.24,5424276.25,1.31,53.8,65.1
227,-14614.65,5235870.0,1.27,53.3,64.7
228,-14575.93,5518247.0,1.42,61.9,64.6
229,-15120.31,6197847.375,1.29,56.2,64.6
230,-14295.87,5463479.0,1.32,52.6,64.6
231,-15450.22,5911152.625,1.27,50.0,64.6
232,-15827.5,6751946.375,1.28,51.3,64.7
233,-13760.25,4993929.75,1.27,52.5,64.8
234,-14459.4,5673512.375,1.3,53.9,64.8
235,-14320.76,5181437.75,1.29,52.8,64.9
236,-15405.48,5998404.625,1.42,56.5,65.1
237,-13691.66,4794442.875,1.47,63.8,66.1
238,-14269.43,5648166.625,1.6,80.9,67.5
239,-14851.73,5940085.125,1.4,67.7,68.5
240,-13915.91,5229753.625,1.34,59.8,68.5
241,-14033.37,5215206.125,1.32,55.9,68.6
242,-14429.29,5495346.25,1.29,50.8,68.3
243,-14188.25,5532529.75,1.27,54.3,68.4
244,-14427.95,5689795.875,1.32,56.4,68.0
245,-14035.21,5407101.75,1.25,52.1,67.9
246,-15027.06,6028177.375,1.25,49.1,67.8
247,-15529.27,6122043.625,1.31,53.9,67.8
248,-14165.82,5324150.75,1.3,55.3,68.0
249,-15827.31,6316274.0,1.27,50.7,68.0
250,-13735.3,4538175.125,1.29,55.5,67.3
251,-14805.27,5164397.625,1.28,51.8,67.4
252,-15150.58,6056819.125,1.28,53.5,67.4
253,-13912.31,5100532.625,1.24,52.0,67.5
254,-13353.28,4602035.375,1.27,52.1,67.4
255,-13720.94,4979275.375,1.23,50.8,67.6
256,-13499.17,4501709.5,1.26,52.9,67.7
257,-15936.67,6459201.875,1.37,53.1,67.6
258,-15045.13,5961552.5,1.32,52.9,67.6
259,-14181.17,5595844.875,1.32,59.1,67.6
260,-13954.82,4954933.625,1.26,49.6,66.6
261,-15455.28,5336409.875,1.34,52.6,66.6
262,-14273.06,4863305.375,1.32,52.5,66.6
263,-15305.66,6157345.25,1.25,51.1,66.7
264,-14115.98,4885853.5,1.27,50.5,66.7
265,-14610.49,5457330.0,1.29,53.6,66.8
266,-16565.1,6931402.0,1.33,52.4,66.3
267,-15318.55,6011369.625,1.25,52.1,66.3
268,-15657.26,5992753.875,1.31,53.3,66.4
269,-15042.25,5749624.5,1.25,51.1,66.4
270,-14358.86,5124828.625,1.3,53.2,66.6
271,-16106.13,6536312.75,1.28,53.1,66.6
272,-15252.77,5605618.5,1.29,50.3,66.7
273,-15444.57,5678940.75,1.3,52.2,66.7
274,-15156.14,5260294.0,1.27,56.1,66.8
275,-14751.29,5272001.25,1.26,51.4,66.8
276,-15927.85,6271664.0,1.33,54.1,66.5
277,-13802.76,4570543.625,1.28,51.9,66.6
278,-14607.32,4524756.25,1.3,54.2,66.7
279,-14304.47,4963904.0,1.33,57.4,66.8
280,-14424.77,4885535.75,1.28,50.2,66.8
281,-15376.82,5384088.125,1.29,53.3,66.8
282,-14252.23,5220225.375,1.25,54.7,66.9
283,-14752.86,5330470.25,1.3,51.8,66.8
284,-14858.67,4947109.625,1.27,50.8,66.8
285,-16815.46,6598118.5,1.33,53.6,66.0
286,-15099.87,5655075.875,1.24,53.0,66.0
287,-14562.83,4609330.75,1.26,53.7,65.3
288,-15069.41,4933954.0,1.39,58.8,65.8
289,-15091.47,5354012.375,1.4,63.5,66.6
290,-15917.97,5818792.75,1.38,58.1,66.8
291,-13994.34,4851253.625,1.25,52.9,66.2
292,-14189.96,4346875.0,1.27,56.1,66.1
293,-14989.54,5512645.5,1.27,51.5,66.1
294,-14778.1,4992493.625,1.27,51.1,66.2
295,-15471.28,5429501.125,1.33,53.7,66.2
296,-13562.8,4208225.5,1.25,51.0,66.2
297,-15832.64,5793365.0,1.28,50.2,66.3
298,-15166.62,4822476.25,1.31,55.3,66.3
299,-14472.11,5036836.125,1.29,52.2,66.4
300,-14801.68,4819694.75,1.27,53.3,66.4
301,-13702.32,4476426.25,1.24,53.3,66.6
302,-14121.19,4382060.5,1.23,51.2,66.8
303,-14151.56,4181446.375,1.31,57.6,66.7
304,-15017.98,5213168.5,1.27,52.5,66.7
305,-15669.18,5823151.0,1.23,51.4,66.7
306,-14379.84,4449506.125,1.4,54.9,66.7
307,-15916.0,5571144.75,1.34,56.8,66.7
308,-15005.2,5100803.875,1.31,54.6,66.5
309,-14254.94,4620302.75,1.27,53.2,66.6
310,-15003.17,4979980.375,1.36,57.2,66.5
311,-15543.64,5071367.125,1.35,52.2,65.7
312,-15936.07,5518057.5,1.35,54.3,65.7
313,-14015.89,4133517.0625,1.31,55.3,65.8
314,-13476.31,3733969.6875,1.3,55.7,65.6
315,-14536.52,4844654.875,1.31,56.9,65.6
316,-14447.67,4548202.75,1.34,54.5,65.8
317,-13893.79,4038901.25,1.37,56.0,65.8
318,-13981.0,4316664.0,1.38,57.1,65.9
319,-15146.88,4629048.375,1.34,53.7,65.9
320,-15486.29,4674495.625,1.31,50.9,66.0
321,-13814.36,4006819.0625,1.25,53.7,66.1
322,-15540.28,4771694.375,1.31,49.6,66.1
323,-14240.31,4548461.25,1.26,64.9,65.6
324,-14083.4,4448917.75,1.35,54.3,65.6
325,-13891.46,4245156.5,1.32,55.0,65.7
326,-14540.99,4395557.375,1.31,52.1,65.7
327,-14264.17,4420271.125,1.32,56.0,65.9
328,-15392.07,5251906.875,1.37,57.3,66.0
329,-15463.03,4597258.125,1.27,54.3,65.4
330,-15138.73,4435277.125,1.32,55.1,65.8
331,-14819.56,4535141.25,1.35,58.3,66.0
332,-16004.27,5465296.625,1.38,53.0,65.8
333,-15573.92,4652281.375,1.33,52.5,65.9
334,-13357.1,3493746.5,1.25,52.0,65.9
335,-14230.93,3990314.1875,1.3,54.4,65.8
336,-14137.4,3806199.5625,1.22,53.1,65.9
337,-15227.56,4620071.25,1.31,52.8,66.0
338,-14971.85,4579094.75,1.25,50.0,65.9
339,-14096.3,4351413.25,1.26,55.2,65.9
340,-14410.98,3921202.5,1.22,51.5,66.1
341,-14287.83,4071812.875,1.26,52.2,66.1
342,-13965.73,4104686.9375,1.26,51.2,66.1
343,-14633.79,4256722.5,1.27,52.5,66.2
344,-15062.47,4280507.625,1.26,51.6,66.4
345,-15733.8,5017604.375,1.26,51.4,66.3
346,-14652.71,3610155.25,1.3,58.1,66.4
347,-15929.31,4349883.375,1.24,47.9,65.4
348,-14959.25,4067476.8125,1.3,56.1,65.4
349,-14337.08,3814048.1875,1.36,60.7,66.6
350,-13393.9,3343968.6875,1.28,60.3,66.1
351,-15996.4,4880957.625,1.35,58.9,66.0
352,-14781.51,4011290.375,1.28,51.4,65.9
353,-13880.09,3770624.4375,1.28,50.8,65.6
354,-13993.19,3703049.5625,1.24,50.3,65.6
355,-16429.66,5347006.25,1.28,51.1,65.7
356,-14314.59,3341172.6875,1.27,53.1,65.7
357,-15736.28,4504195.375,1.35,55.6,65.7
358,-13787.92,3430760.3125,1.25,51.4,65.9
359,-14249.44,3654174.0,1.24,51.5,66.0
360,-14807.08,3490536.875,1.26,50.6,66.0
361,-14120.65,3636024.625,1.26,54.5,66.0
362,-14566.65,3677102.0,1.28,50.2,66.1
363,-14125.47,3546701.25,1.29,53.7,65.9
364,-14755.75,3762792.0625,1.29,52.8,66.0
365,-13903.8,3308431.1875,1.26,52.2,66.0
366,-15255.98,3573056.1875,1.3,48.1,66.1
367,-15800.61,4298516.5,1.29,51.4,66.1
368,-14066.11,3335169.3125,1.3,56.4,66.1
369,-15276.42,4223509.75,1.27,51.1,65.9
370,-16261.66,4648740.375,1.35,54.9,66.0
371,-14912.15,3218354.8125,1.32,52.8,65.8
372,-14215.89,3218587.3125,1.26,54.4,65.8
373,-15236.15,3568814.375,1.28,53.3,65.8
374,-14701.03,3022400.0,1.32,52.6,65.8
375,-14755.12,3372164.875,1.32,53.7,65.9
376,-14363.7,3451703.25,1.27,50.6,65.8
377,-15171.35,4002434.125,1.25,51.4,65.9
378,-14427.2,3237186.1875,1.25,54.2,66.0
379,-15382.33,3633437.75,1.29,53.4,66.0
380,-14309.56,3434464.375,1.23,51.1,66.1
381,-14130.61,3155072.0625,1.28,50.0,66.1
382,-15353.8,3766906.5,1.3,51.1,66.1
383,-15254.79,3779287.5,1.27,52.3,66.2
384,-14412.18,3311214.125,1.26,50.6,66.1
385,-15989.31,3994535.5,1.28,55.7,66.2
386,-16516.74,4609453.125,1.28,52.2,66.3
387,-15417.45,3713050.75,1.27,50.2,66.3
388,-13816.02,2636559.6875,1.26,52.5,66.4
389,-14809.56,3219542.25,1.25,51.4,66.4
390,-15028.36,3252718.0625,1.3,57.2,66.4
391,-15405.92,3484721.125,1.29,51.7,66.4
392,-15218.32,3465960.5,1.31,52.2,66.4
393,-15652.17,3622943.0,1.3,55.3,65.9
394,-13685.16,2738565.0,1.26,52.4,65.8
395,-14457.11,2975824.875,1.25,53.4,66.0
396,-12958.91,2035975.625,1.26,50.1,66.0
397,-14441.84,2896748.25,1.35,55.0,66.1
398,-16635.35,4136046.0,1.33,50.9,66.2
399,-14453.27,3015475.0,1.28,51.9,65.4
400,-16105.77,3824294.1875,1.25,49.6,65.5
401,-13737.74,2789405.25,1.27,52.6,65.6
402,-14163.59,2802974.3125,1.24,51.0,65.7
403,-14908.63,3127158.1875,1.24,50.5,65.8
404,-15812.17,3504692.5625,1.34,52.5,65.8
405,-14217.44,2819323.9375,1.24,57.0,65.9
406,-14463.1,2802519.6875,1.28,51.7,65.9
407,-14410.65,2789110.4375,1.23,50.1,66.0
408,-14773.2,2743456.125,1.31,57.6,66.0
409,-14772.91,2615602.0625,1.3,52.2,66.0
410,-15511.16,2898245.5625,1.28,53.7,66.1
411,-13840.33,2407299.1875,1.26,53.5,66.0
412,-14827.58,2983374.5625,1.25,54.2,66.1
413,-14093.32,2561438.6875,1.34,67.1,67.2
414,-15016.29,2705562.0,1.29,61.1,66.7
415,-14796.06,2392175.5,1.33,55.9,66.6
416,-14197.78,2354078.4375,1.27,52.4,66.5
417,-14962.09,2390200.5625,1.3,50.7,66.5
418,-14510.37,2641030.4375,1.28,52.3,66.4
419,-14451.82,2634307.375,1.3,55.3,66.6
420,-15491.26,2766002.9375,1.28,50.8,66.5
421,-14068.73,2374896.875,1.25,55.7,66.6
422,-14204.87,2328784.875,1.25,51.5,66.7
423,-13426.47,2133473.625,1.25,54.6,66.7
424,-15943.94,2968827.125,1.28,52.2,66.7
425,-14018.26,2171807.5625,1.23,51.8,66.9
426,-15261.42,2591195.625,1.36,54.5,67.0
427,-15910.03,2946237.3125,1.29,53.8,67.1
428,-16854.43,3635571.125,1.32,51.8,67.2
429,-14876.66,2403660.875,1.26,49.8,67.2
430,-14142.05,1975097.6562,1.28,53.8,67.3
431,-14605.91,2231599.875,1.24,51.2,67.3
432,-16677.39,2950519.1875,1.3,53.1,67.3
433,-13573.36,1948389.9688,1.24,51.8,67.3
434,-14451.91,2238089.0,1.26,50.5,66.1
435,-14254.96,2154517.3125,1.23,53.6,66.1
436,-14911.18,2049181.9688,1.24,50.4,66.1
437,-14446.37,2057019.75,1.31,53.1,66.2
438,-14906.25,2242557.375,1.27,56.5,66.2
439,-14573.07,2060913.5625,1.25,50.7,66.2
440,-14396.27,2169628.125,1.25,49.1,66.3
441,-15502.77,2480994.5,1.33,54.0,66.3
442,-14143.29,1767514.625,1.25,51.0,66.5
443,-14395.72,1787027.4062,1.29,49.8,66.4
444,-15978.22,2578514.5625,1.29,53.5,66.4
445,-14728.53,2053679.9062,1.23,51.9,66.6
446,-15447.1,2136621.25,1.27,51.3,66.6
447,-15281.6,2166486.5625,1.31,50.8,66.7
448,-15326.31,2080184.9688,1.24,49.1,66.8
449,-14269.91,1727050.2812,1.27,53.8,66.8
450,-14431.05,1803007.25,1.29,51.9,66.9
451,-14666.35,2057814.75,1.25,49.1,66.6
452,-13914.38,1552990.9375,1.31,56.4,66.7
453,-13538.87,1322477.6875,1.25,52.5,66.6
454,-15037.53,2066313.3438,1.24,51.9,66.6
455,-14342.52,1618769.9688,1.28,51.6,66.6
456,-15127.31,2072634.5,1.31,57.2,66.6
457,-15801.91,2004897.9688,1.27,49.2,66.2
458,-17014.52,2592877.9375,1.29,50.0,66.1
459,-14145.84,1864885.625,1.24,52.0,65.8
460,-14306.05,1808787.25,1.27,54.2,65.9
461,-15566.7,1776641.7812,1.31,54.0,65.9
462,-14310.87,1264466.4062,1.24,49.0,65.9
463,-14068.45,1512608.9688,1.27,53.6,66.0
464,-14003.46,1382073.4062,1.25,51.1,65.9
465,-16067.96,1976397.8438,1.31,51.9,66.0
466,-14927.07,1541927.3125,1.25,49.7,66.1
467,-13967.38,1470294.75,1.28,57.2,66.2
468,-14343.94,1251430.9688,1.3,50.1,66.2
469,-13730.58,1177798.0625,1.24,51.2,66.2
470,-14356.19,1345118.0938,1.28,54.1,66.3
471,-13941.6,1337184.2188,1.26,51.4,66.3
472,-14928.91,1227689.625,1.28,52.3,66.3
473,-15573.26,1656090.0312,1.24,50.5,66.3
474,-14828.27,1223056.6562,1.29,55.4,66.4
475,-13490.72,1154164.4062,1.27,50.1,66.4
476,-15558.66,1561069.75,1.24,51.6,66.4
477,-15247.12,1420857.5312,1.31,54.7,66.1
478,-13765.3,1066140.25,1.28,52.8,65.4
479,-14928.05,1248081.1875,1.24,50.3,65.3
480,-14459.41,1181984.8438,1.28,52.1,65.1
481,-14032.38,1113469.625,1.24,49.0,65.0
482,-15899.33,1541435.625,1.36,58.8,64.7
483,-13940.75,958396.5156,1.26,53.2,64.7
484,-13678.43,929353.5469,1.25,49.5,64.4
485,-14308.91,1139554.5625,1.27,52.4,64.5
486,-14436.03,1112349.4062,1.24,52.7,64.6
487,-13818.8,922464.5312,1.23,48.8,64.6
488,-13728.87,857528.0,1.28,53.8,64.7
489,-15398.21,1400872.4062,1.32,55.8,64.8
490,-14227.04,878854.0,1.23,49.4,64.9
491,-14321.37,899495.1719,1.24,51.9,65.0
492,-14288.61,991660.7344,1.25,51.9,65.1
493,-15650.62,1275830.4375,1.28,54.9,65.2
494,-14416.92,809809.0312,1.29,52.0,65.1
495,-14228.78,723443.8594,1.26,53.7,65.1
496,-14923.64,815400.1406,1.29,52.7,65.3
497,-15941.93,1190992.0938,1.34,59.7,65.4
498,-14840.41,844119.3906,1.38,59.9,65.9
499,-13576.87,751029.3906,1.34,62.7,67.2
500,-16429.65,1194051.0,1.4,66.8,66.9
501,-15160.71,830506.2656,1.3,61.0,66.6
502,-14829.33,965079.7812,1.24,51.1,67.0
503,-14485.27,783727.8438,1.26,51.3,67.0
504,-15015.3,1059259.0938,1.21,54.4,66.9
505,-15594.13,964645.5312,1.4,58.1,67.1
506,-13636.53,627071.5781,1.39,54.7,67.1
507,-15389.8,814723.0312,1.46,55.6,67.1
508,-14172.12,602351.1719,1.43,52.7,67.2
509,-14202.24,656810.0312,1.39,52.8,67.2
510,-13713.4,579020.2188,1.4,54.6,67.3
511,-14156.36,637893.5,1.42,55.2,67.4
512,-15912.27,852516.1719,1.46,55.5,67.4
513,-15009.44,692262.3594,1.37,52.2,67.7
514,-14297.45,750933.3125,1.39,56.5,67.8
515,-13912.65,655155.9375,1.42,53.6,67.6
516,-14005.21,661919.3438,1.41,50.0,67.6
517,-14261.82,565420.9219,1.39,54.1,67.6
518,-14309.89,537336.5,1.38,53.1,67.7
519,-15209.2,462640.0625,1.5,54.6,67.5
520,-14681.3,702577.7031,1.4,55.0,67.1
521,-14001.8,505775.6406,1.38,54.6,67.2
522,-14530.1,653394.2031,1.38,52.0,67.2
523,-16199.38,670824.25,1.43,54.6,67.1
524,-14526.18,348374.7734,1.38,54.5,67.2
525,-13558.38,492626.2812,1.42,48.7,66.0
526,-14689.61,450508.3125,1.4,53.4,66.1
527,-13634.33,348299.3359,1.38,53.9,66.3
528,-14118.33,469378.5938,1.37,53.7,66.4
529,-14946.92,528893.0938,1.38,52.2,66.4
530,-14336.74,431744.4062,1.38,50.0,66.4
531,-15141.06,403086.2266,1.47,54.7,66.5
532,-14371.26,421944.5078,1.37,54.9,66.5
533,-13888.98,418126.0469,1.37,57.3,66.6
534,-14277.37,394242.1484,1.35,55.7,66.7
535,-14095.88,564881.6094,1.4,53.5,66.6
536,-14302.86,473640.5469,1.33,53.0,66.7
537,-13446.07,285094.6094,1.41,55.4,66.7
538,-14069.0,306586.5547,1.42,54.7,66.8
539,-14172.95,351729.5469,1.36,52.3,65.4
540,-13445.41,239710.8633,1.38,53.8,65.4
541,-14849.27,350365.7109,1.47,58.1,65.4
542,-14526.68,405560.6484,2.81,40.1,65.1
543,-15589.98,194648.9688,1.47,59.0,65.6
544,-15851.24,306688.9922,1.44,60.7,63.3
545,-13826.0,354455.0781,1.44,52.1,63.4
546,-14145.89,315275.4219,1.4,51.9,63.5
547,-14813.11,353966.125,1.4,50.6,63.5
548,-14122.37,391272.9844,1.37,55.6,63.5
549,-14490.55,356578.0078,1.36,50.4,63.6
550,-15559.67,158523.5117,87.21,1.4,63.7
551,-15370.9,168740.2031,14.16,35.0,64.8
552,-13953.55,241055.7148,1.44,67.9,65.4
553,-14169.98,382126.6328,1.3,57.9,65.2
554,-15453.57,145929.1523,1.3,52.4,65.1
555,-14439.23,361272.3672,1.25,51.3,65.0
556,-13176.43,391285.5547,1.25,54.7,65.1
557,-13454.53,320660.7422,1.34,57.2,65.3
558,-14829.99,126007.6211,1.25,49.2,65.2
559,-13684.74,341890.0703,1.24,49.1,65.5
560,-16263.79,165270.8047,1.29,53.4,65.5
561,-14327.77,257166.4062,1.3,54.8,65.5
562,-15763.15,168475.707,1.32,53.1,65.5
563,-15214.02,300896.7422,1.3,52.8,65.6
564,-14425.86,177473.3008,1.36,62.3,65.4
565,-13850.02,331987.1094,1.24,53.9,65.7
566,-15319.11,313315.4922,1.24,51.2,65.5
567,-13949.24,402104.3516,1.27,57.2,65.6
568,-14031.13,470201.0859,1.26,54.3,65.6
569,-14427.31,280475.9297,1.27,47.9,65.9
570,-15804.36,176321.3203,1.31,54.7,66.0
571,-14392.48,175299.7695,1.25,54.2,66.1
572,-14171.42,421853.0781,1.23,49.9,65.9
573,-16111.93,151133.0859,1.34,52.5,66.0
574,-14262.84,423307.3516,1.32,55.3,66.0
575,-13892.42,406867.0469,1.23,48.3,66.0
576,-14228.27,157511.4219,1.27,52.3,66.1
577,-14830.63,698671.3125,1.24,51.9,66.1
578,-13584.94,439873.7188,1.29,56.8,66.2
579,-14441.79,264464.1953,1.35,56.9,66.3
580,-14785.88,250235.8125,1.3,50.9,66.4
581,-14962.15,362471.1719,1.29,53.1,66.8
582,-14067.88,348101.4688,1.32,54.4,66.8
583,-14613.78,189893.2695,1.3,55.4,66.8
584,-14584.6,198957.0508,1.4,62.4,67.1
585,-14342.7,348621.2812,1.3,58.1,67.3
586,-13883.64,319329.9297,1.26,50.8,67.2
587,-15600.56,261994.2461,1.32,51.7,67.3
588,-13400.09,499742.8516,1.28,54.2,67.2
589,-14679.58,359816.3672,1.3,53.4,67.1
590,-14759.92,153139.5977,1.38,56.8,66.9
591,-14621.67,200313.8203,1.33,54.8,66.9
592,-15109.28,170030.7539,1.34,51.1,67.0
593,-13918.04,326351.125,1.29,56.5,67.4
594,-14017.39,305359.6562,1.3,56.3,67.6
595,-14410.35,426646.8594,1.27,51.2,67.6
596,-15212.81,150990.2148,1.3,51.5,67.7
597,-13709.86,401141.2812,1.36,60.0,67.5
598,-14774.36,165629.3164,1.3,52.3,67.5
599,-15040.73,371193.8203,1.31,53.8,67.5
600,-13534.57,369294.6094,1.28,53.5,67.5
601,-14367.6,345174.6562,1.31,55.0,68.0
602,-15208.69,414267.7188,1.31,52.4,67.9
603,-14168.65,255791.0742,1.34,52.5,68.0
604,-14799.33,298114.7578,1.51,68.6,69.2
605,-14308.62,273425.9609,1.44,67.4,69.3
606,-14607.05,137847.2539,1.31,54.6,69.3
607,-15158.77,366223.5781,1.38,56.1,69.1
608,-14195.44,429366.7812,1.45,68.4,69.5
609,-13607.91,294747.8047,1.39,58.5,69.1
610,-14529.2,127881.4883,1.4,64.0,69.1
611,-14324.22,419521.1875,1.34,53.8,69.1
612,-13661.55,282038.9141,1.32,55.7,69.0
613,-14521.96,571337.7031,1.37,58.4,69.0
614,-14323.7,276873.0156,1.5,65.8,70.1
615,-14001.67,306378.1875,1.35,63.5,69.8
616,-15464.16,83374.4414,1.43,68.4,69.1
617,-14000.22,486865.3672,1.46,57.1,69.0
618,-14515.17,446344.3281,1.38,53.6,67.8
619,-14644.5,215292.5898,1.45,65.4,68.2
620,-14731.42,303633.7266,1.3,60.6,68.3
621,-14389.01,351284.4531,1.32,57.9,68.5
622,-14904.2,168415.6211,1.23,47.5,68.5
623,-14801.57,243380.2969,1.32,53.9,68.6
624,-13976.84,460144.8828,1.39,54.9,68.7
625,-14231.82,311758.0156,1.31,55.0,68.4
626,-14328.78,206892.4609,1.39,56.2,67.8
627,-14334.8,383214.4531,1.3,62.2,68.0
628,-13798.94,288276.7578,1.33,67.2,68.2
629,-14373.14,392895.2656,1.27,52.0,68.1
630,-14362.97,294153.8047,1.26,51.7,68.3
631,-14056.89,320446.1641,1.27,49.5,68.4
632,-13993.95,341747.8359,1.27,57.4,68.2
633,-14681.64,174161.4531,1.29,51.5,68.2
634,-15339.53,190558.582,1.26,53.4,67.4
635,-14807.4,114782.5176,1.34,54.9,67.4
636,-13850.84,281904.8125,1.28,52.8,67.3
637,-14543.19,239475.0938,1.24,51.1,67.3
638,-15452.98,218847.7969,1.26,53.3,67.5
639,-13929.37,164965.4844,1.3,54.0,67.5
640,-14276.93,170235.1562,1.26,50.0,67.5
641,-15011.51,122853.9395,1.26,53.1,67.6
642,-14710.72,268936.1484,1.31,53.2,67.6
643,-14258.55,216274.8008,1.3,53.2,67.8
644,-14834.61,165717.1836,1.28,52.2,67.9
645,-16766.06,243807.375,1.29,52.9,68.0
646,-14317.24,380915.2031,1.32,52.9,68.0
647,-15332.19,78701.7109,1.28,53.3,67.8
648,-15096.36,147995.5195,1.25,50.0,67.8
649,-15159.47,57872.0,1.26,52.8,67.9
650,-14306.78,130021.3164,1.26,57.5,68.0
651,-13840.68,254841.6367,1.26,53.3,67.7
652,-14429.66,315912.875,1.26,55.2,67.0
653,-14498.07,185441.9727,1.27,50.3,67.1
654,-14474.69,300199.875,1.24,53.2,67.0
655,-14161.3,242355.4648,1.25,50.5,66.3
656,-14685.83,248099.0039,1.23,51.9,66.4
657,-14890.03,168294.5195,1.29,54.0,66.4
658,-14939.5,241692.3281,1.26,53.0,66.4
659,-14084.4,125911.7852,1.22,49.9,66.5
660,-16219.19,216761.7734,1.3,50.4,66.5
661,-15012.68,90817.8145,1.27,54.5,66.6
662,-13786.49,179408.7305,1.24,50.3,66.6
663,-15053.17,123643.0352,1.33,50.6,66.7
664,-13657.81,185163.5312,1.42,60.7,66.9
665,-15113.05,60614.1582,1.35,57.2,66.9
666,-15126.22,213089.0391,1.25,50.5,66.9
667,-14625.57,86720.6152,1.28,52.9,67.1
668,-14606.93,231468.3359,1.3,52.6,67.0
669,-14473.14,176327.8047,1.24,50.2,67.1
670,-13942.97,82225.4141,1.22,50.7,67.1
671,-15086.96,72496.3613,1.33,51.3,66.7
672,-15469.49,139161.793,1.28,54.4,66.7
673,-16068.85,224767.1289,1.28,52.3,66.3
674,-14366.65,152712.4688,1.24,48.2,66.3
675,-14676.37,138869.6484,1.31,53.5,66.3
676,-14464.55,73187.8691,1.38,64.0,67.8
677,-15056.55,14370.3447,1.3,56.7,67.6
678,-15277.47,52760.7178,1.3,56.0,67.7
679,-14697.11,65818.0527,1.28,52.2,67.8
680,-13412.66,245634.1055,1.28,50.1,67.8
681,-14414.08,74814.5293,1.27,50.2,68.0
682,-14951.06,64921.9502,1.32,49.4,68.0
683,-14267.22,138529.8594,1.28,56.6,68.0
684,-14077.05,74219.5156,1.23,52.0,68.1
685,-15068.19,93339.6055,1.29,52.6,68.1
686,-14885.48,62194.2979,1.34,55.2,68.3
687,-14700.84,305859.6562,1.22,49.4,68.3
688,-13920.76,110869.9043,1.25,54.9,68.4
689,-14213.48,157609.6797,1.24,53.9,68.5
690,-15024.02,76457.8711,1.3,52.8,68.5
691,-14281.15,72067.4121,1.3,56.4,68.5
692,-13875.94,137283.9883,1.27,49.9,68.5
693,-15119.9,174602.4023,1.35,52.4,68.6
694,-14657.96,51687.9277,1.28,53.6,68.4
695,-14028.46,269256.5078,1.27,53.1,68.5
696,-13839.86,50489.8545,1.26,47.9,68.6
697,-15548.3,160176.6797,1.36,57.8,68.4
698,-14390.49,47419.9209,1.24,49.8,68.6
699,-14950.45,84084.6914,1.32,52.8,68.6
700,-14600.6,41058.0742,1.27,51.3,68.6
701,-13849.18,130869.6406,1.26,52.9,68.8
702,-14910.37,223385.5039,1.24,52.8,68.9
703,-13559.98,119147.5332,1.27,53.2,69.0
704,-16284.54,245537.3125,1.31,53.6,69.1
705,-14890.24,68391.3545,1.3,53.7,69.1
706,-14268.47,33244.2075,1.28,54.1,69.2
707,-14149.91,80750.1309,1.26,47.8,69.2
708,-14682.31,197246.3711,1.29,56.1,69.4
709,-15595.65,63259.3076,1.25,48.9,68.0
710,-15155.81,40035.0527,1.26,50.6,68.1
711,-13795.42,181001.9922,1.23,50.9,68.1
712,-15426.52,28563.0732,1.31,55.9,66.8
713,-14492.18,192159.1641,1.25,54.9,66.7
714,-16211.22,269970.3984,1.26,49.3,66.7
715,-15895.21,113345.7129,1.33,54.4,66.2
716,-14606.35,33425.2852,1.27,49.4,66.2
717,-13885.01,105956.5684,1.24,51.3,66.2
718,-14059.59,105613.6855,1.24,51.2,66.3
719,-14646.28,76147.4805,1.3,54.6,66.5
720,-13986.76,133463.3633,1.21,47.6,66.5
721,-15718.29,115771.1504,1.27,54.6,66.6
722,-14451.21,241647.082,1.25,52.1,66.6
723,-14252.82,259275.418,1.23,53.1,66.8
724,-14618.38,108223.4941,1.27,51.4,66.8
725,-15412.05,84573.3477,1.33,50.7,66.4
726,-13933.17,113937.8477,1.3,52.8,66.7
727,-14257.39,117595.8594,1.27,55.3,66.8
728,-14177.69,28291.5518,1.25,52.9,66.9
729,-15586.69,140651.4297,1.28,51.0,66.8
730,-13946.71,149975.3203,1.28,53.6,66.7
731,-16029.23,171495.1992,1.3,54.2,66.7
732,-14928.94,45954.9209,1.31,51.7,66.7
733,-14380.83,35531.0068,1.27,53.2,66.8
734,-16085.57,151199.293,1.29,53.8,66.8
735,-14362.25,137718.707,1.32,54.2,66.5
736,-14744.75,23317.4824,1.31,50.4,65.8
737,-13878.21,115460.7773,1.36,58.4,66.1
738,-14405.48,87610.7734,1.53,63.6,66.7
739,-14815.61,34230.4766,1.59,77.9,68.5
740,-14796.68,35287.7031,1.42,61.2,68.5
741,-13923.61,97819.9629,1.37,67.3,68.6
742,-15903.33,153160.4648,1.5,63.5,69.1
743,-14811.71,117214.6758,1.37,62.4,69.4
744,-16679.58,183489.7656,1.63,71.4,65.8
745,-14303.6,296411.3516,1.71,81.4,63.8
746,-14272.53,80421.668,1.42,66.7,64.7
747,-14449.77,48044.6758,1.6,71.8,65.4
748,-14218.05,119180.9785,1.54,71.7,66.2
749,-14640.9,16204.2949,1.46,61.7,66.2
750,-14139.15,152883.6328,1.49,65.9,64.5
751,-14541.33,28056.2036,1.74,77.2,64.9
752,-14401.42,71230.7988,1.59,84.3,66.6
753,-15212.59,30953.791,1.57,81.8,66.5
754,-14235.9,92296.1172,1.61,79.4,67.8
755,-16436.5,218661.4375,1.86,81.6,64.8
756,-13975.95,81777.6172,1.65,86.7,66.8
757,-16316.09,155547.7188,1.58,72.8,67.9
758,-14859.21,49285.1045,1.82,84.7,68.6
759,-14232.45,110569.4785,1.7,80.6,69.2
760,-13712.8,148154.5859,1.66,93.0,68.9
761,-14482.02,16646.9797,1.52,78.1,68.6
762,-14239.15,146051.5938,1.54,75.4,68.9
763,-13805.0,48620.0332,1.61,70.2,69.0
764,-14724.6,112067.2207,1.34,56.2,68.9
765,-13537.84,68882.2988,1.42,65.5,69.2
766,-14193.55,43106.0166,1.42,58.9,69.4
767,-14397.38,111623.8359,1.34,57.7,70.2
768,-15694.54,218658.3516,1.32,51.6,70.2
769,-13891.56,103527.043,1.33,64.3,68.3
770,-14693.32,31449.376,1.31,50.6,68.0
771,-14804.49,217966.332,1.43,59.0,67.5
772,-14233.84,70719.4023,1.32,60.8,67.6
773,-14211.83,77003.6934,1.29,54.3,67.5
774,-14485.1,19415.2334,1.29,53.5,67.5
775,-14676.57,61741.5215,1.35,56.8,67.3
776,-13836.39,18786.6514,1.31,54.6,67.4
777,-14218.83,103652.9902,1.27,53.1,67.4
778,-14892.65,76034.5977,1.35,55.5,67.4
779,-13886.1,56567.0352,1.31,58.8,67.7
780,-14406.86,20786.4814,1.33,58.8,67.8
781,-14555.87,9951.4084,1.33,54.5,67.9
782,-13933.64,28405.2056,1.38,60.3,68.1
783,-15388.92,43918.0557,1.49,58.7,68.1
784,-14267.73,73619.2559,1.59,63.4,68.8
785,-14399.37,23352.3398,1.68,71.6,68.9
786,-14316.89,32318.4053,1.69,67.4,68.7
787,-14738.11,22019.9194,1.72,71.2,67.3
788,-14586.49,45546.9717,1.44,70.1,66.6
789,-15277.84,81160.8203,1.42,65.0,66.5
790,-15041.16,18149.7859,1.39,65.7,66.7
791,-14096.81,228152.9609,1.67,72.6,67.0
792,-14253.32,90744.0449,1.81,76.4,67.6
793,-14620.03,92145.1289,1.81,79.4,69.1
794,-14706.47,233566.8945,2.0,86.8,69.7
795,-14843.17,48418.8545,1.61,80.2,68.8
796,-13864.94,51669.3643,1.69,85.1,69.0
797,-14489.79,13506.7344,1.69,84.9,70.0
798,-14745.01,27992.0918,1.65,80.7,70.8
799,-15241.97,47039.2051,1.4,67.9,69.6
800,-15756.63,95900.3223,1.36,64.3,69.3
801,-14209.89,89939.3926,1.35,65.7,69.0
802,-15325.46,10121.3594,1.36,64.3,69.1
803,-14120.48,94015.5586,1.39,66.4,69.2
804,-15438.03,59843.7529,1.42,68.9,69.2
805,-16346.54,161193.5508,1.4,63.6,69.1
806,-15182.7,30127.0137,1.53,67.6,69.2
807,-14787.31,39103.6084,1.44,76.6,69.2
808,-14611.33,146637.043,1.3,62.4,69.1
809,-15581.16,92440.0469,1.45,65.3,69.2
810,-14053.68,82260.2441,1.34,66.8,68.8
811,-15130.1,37149.5371,1.33,58.5,68.8
812,-15021.35,34783.2817,1.4,64.3,68.7
813,-14877.26,18583.0894,1.35,64.6,68.3
814,-14572.52,60262.9609,1.27,52.9,68.0
815,-15057.07,11108.9805,1.36,55.1,68.1
816,-14977.76,125058.3145,1.33,55.4,68.1
817,-15464.64,104873.5898,1.34,52.8,68.0
818,-16348.27,226946.5586,1.31,53.0,68.0
819,-14910.9,137192.1875,1.26,51.0,68.0
820,-14963.93,26887.0449,1.34,56.6,68.0
821,-14220.64,41186.7285,1.3,55.8,68.0
822,-15075.4,122831.9805,1.27,52.1,68.0
823,-13901.37,48392.3545,1.34,55.0,68.0
824,-14664.48,246509.9688,1.3,58.3,67.9
825,-14020.69,69391.8633,1.26,51.1,67.9
826,-14155.19,66098.502,1.27,52.8,67.6
827,-13918.15,71024.0605,1.29,56.4,67.6
828,-14638.83,35942.4053,1.28,50.7,67.4
829,-15191.84,158183.1562,1.33,54.0,67.1
830,-15325.5,62454.1162,1.39,60.9,67.4
831,-14190.79,155254.6172,1.46,68.4,67.9
832,-14245.54,67276.8457,1.38,68.4,68.4
833,-13737.97,117693.0352,1.29,61.3,69.2
834,-14854.69,19110.2085,1.31,61.9,68.3
835,-14431.39,42104.0059,1.3,53.0,68.3
836,-15088.39,22644.833,1.32,56.8,68.3
837,-13670.23,61854.8906,1.3,53.5,68.1
838,-15507.29,77463.627,1.29,51.3,67.9
839,-13432.0,52548.0684,1.27,50.8,67.9
840,-14302.9,83838.0254,1.28,51.5,68.0
841,-13958.54,47817.2588,1.28,52.5,68.0
842,-15466.47,195215.6523,1.28,47.0,67.7
843,-16568.41,454075.4062,1.3,55.4,67.8
844,-14055.89,96663.6602,1.26,49.3,67.9
845,-14894.52,34187.5645,1.27,52.2,67.9
846,-14616.22,64883.3174,1.3,53.1,67.9
847,-15993.27,91864.1699,1.34,52.8,67.9
848,-14949.42,80229.0469,1.33,52.7,68.0
849,-15458.15,37532.5527,1.3,52.3,67.3
850,-14518.62,34239.6797,1.25,48.7,67.0
851,-14330.13,72910.0742,1.24,50.4,67.1
852,-14542.7,22557.9985,1.31,57.1,67.4
853,-13901.81,68782.2148,1.24,52.5,67.1
854,-13949.14,41661.6611,1.24,51.6,67.2
855,-15629.8,99542.8574,1.26,50.7,67.3
856,-14358.02,28199.4839,1.26,51.4,67.3
857,-14304.33,60454.5244,1.29,51.4,67.4
858,-14279.54,44958.5918,1.26,53.5,67.4
859,-13782.24,66696.1387,1.39,58.6,67.6
860,-14358.05,59107.4961,1.43,62.3,67.6
861,-15145.82,128947.6094,1.45,67.1,67.8
862,-15642.09,142313.8281,1.31,51.2,67.8
863,-13876.75,34337.8145,1.25,57.5,67.9
864,-14528.62,150982.8164,1.42,70.3,68.0
865,-14399.52,8332.1064,1.39,70.2,68.0
866,-14317.59,13077.0505,1.44,70.3,68.1
867,-14046.12,52227.3877,1.37,65.3,68.1
868,-14242.52,22615.0513,1.41,66.8,67.4
869,-13989.43,34341.2793,1.48,71.3,67.4
870,-15545.84,96910.9453,1.46,70.8,67.2
871,-13809.7,67501.207,1.41,73.4,67.1
872,-14862.84,26346.7168,1.72,76.8,67.1
873,-15223.0,69199.6797,1.52,81.7,67.1
874,-14109.22,13480.1082,1.49,77.1,69.2
875,-15471.18,105275.9688,1.49,73.6,69.2
876,-15416.84,94175.1934,1.31,65.3,69.0
877,-16003.39,80289.4355,1.31,59.7,68.6
878,-14655.71,24252.2437,1.26,55.6,68.6
879,-13682.74,167125.7695,1.31,55.1,68.7
880,-13891.45,244371.9336,1.28,51.9,68.7
881,-14473.77,101841.0098,1.24,50.3,68.7
882,-14542.58,63037.6729,1.25,49.9,68.8
883,-14065.42,39985.792,1.25,51.8,68.9
884,-14361.05,89855.375,1.25,51.6,69.1
885,-13559.45,77148.627,1.25,49.2,69.2
886,-13927.25,56340.7061,1.25,51.2,69.1
887,-13711.19,36106.7188,1.22,50.6,69.1
888,-14370.12,35406.9468,1.26,51.9,69.1
889,-14696.89,35718.689,1.24,50.1,69.1
890,-14261.21,83062.2852,1.28,53.2,68.6
891,-14173.63,25317.6748,1.26,53.5,68.7
892,-14727.97,21909.1353,1.23,51.7,68.8
893,-15229.53,55075.8418,1.3,50.4,68.8
894,-14220.98,79620.7559,1.32,56.1,68.9
895,-14023.09,80097.9453,1.24,50.0,67.2
896,-15285.99,48263.708,1.31,51.0,67.2
897,-14999.36,13372.4678,1.26,50.9,67.3
898,-15205.57,38585.9736,1.25,52.5,67.3
899,-14783.48,12696.427,1.27,52.7,67.4
900,-13901.49,117164.9219,1.25,53.4,67.4
901,-14397.3,88933.6699,1.29,53.5,67.5
902,-15345.94,29476.4834,1.27,53.7,67.5
903,-13987.58,34577.0342,1.25,50.6,67.5
904,-14376.22,71195.1914,1.27,48.0,67.7
905,-14655.81,32401.5122,1.31,60.5,67.6
906,-14358.49,38312.9912,1.29,55.0,67.7
907,-13953.53,93733.4375,1.22,49.6,67.8
908,-14187.81,20684.5576,1.26,49.5,67.8
909,-14086.91,22565.1362,1.28,54.5,67.9
910,-13987.95,57482.332,1.23,50.4,68.2
911,-14262.33,40202.6797,1.24,51.6,67.4
912,-14844.35,138804.0547,1.27,52.6,67.4
913,-16427.51,354041.6016,1.34,53.3,67.3
914,-15476.25,98737.168,1.3,51.8,67.5
915,-14358.14,17030.6313,1.25,47.0,67.5
916,-14467.83,53218.79,1.28,55.6,67.3
917,-16373.04,239741.8867,1.27,52.4,67.1
918,-14190.05,76354.5234,1.21,47.8,67.0
919,-13675.84,72999.6953,1.24,49.1,67.1
920,-15456.31,68716.2402,1.29,51.6,67.2
921,-15283.28,67910.5918,1.26,53.5,67.1
922,-15981.29,86386.7676,1.28,51.0,67.2
923,-15517.32,52970.1162,1.29,54.4,67.2
924,-14840.17,17428.9326,1.28,50.4,67.3
925,-14554.74,59799.1426,1.22,51.1,67.2
926,-15102.07,22429.0796,1.29,52.5,67.2
927,-15171.86,145127.2539,1.27,53.2,67.3
928,-14270.86,60786.6885,1.25,52.4,67.3
929,-14037.35,58905.2734,1.22,48.2,67.3
930,-14008.32,82979.3496,1.24,50.9,67.3
931,-13834.82,45193.6055,1.29,56.9,67.5
932,-16300.37,312197.1641,1.42,60.8,68.1
933,-16283.54,355235.5938,1.31,53.8,69.0
934,-14220.32,69560.3691,1.28,56.4,68.1
935,-15089.64,140642.0586,1.27,53.5,68.0
936,-14031.36,38385.0645,1.27,52.3,68.1
937,-14059.14,40643.1396,1.2,48.9,68.1
938,-14194.44,18023.0898,1.27,54.3,68.1
939,-14646.83,28492.624,1.28,52.2,68.0
940,-14060.77,35715.4756,1.22,51.0,68.1
941,-14685.13,16764.0339,1.31,51.7,68.0
942,-14645.14,4351.5989,1.25,51.5,68.1
943,-14725.26,17762.7627,1.26,51.8,68.1
944,-14067.96,39371.0137,1.26,52.8,68.2
945,-14068.56,34878.1846,1.31,52.6,68.3
946,-14509.62,23845.9907,1.24,50.8,68.2
947,-14449.07,22807.5342,1.26,51.4,68.3
948,-14624.96,19410.7129,1.22,49.4,68.3
949,-14094.98,68253.2832,1.24,58.0,68.5
950,-13572.41,65987.2256,1.31,57.6,68.3
951,-13920.28,44619.5215,1.19,50.2,68.4
952,-14286.95,5230.6232,1.25,51.9,68.5
953,-14430.17,19086.7061,1.3,54.2,68.3
954,-15431.02,69953.9355,1.3,50.9,67.2
955,-14427.7,28837.7017,1.29,49.5,67.2
956,-14587.81,20535.5298,1.33,54.5,67.3
957,-13896.07,59740.6406,1.38,61.4,68.5
958,-14236.16,17464.0654,1.36,62.5,69.2
959,-14682.65,63670.6865,1.43,60.3,69.2
960,-13938.77,33169.0972,1.28,55.9,69.3
961,-14352.06,24621.3394,1.25,50.7,69.1
962,-14138.42,26695.4844,1.22,49.3,69.1
963,-14139.86,27199.2334,1.32,58.7,69.2
964,-14351.99,14650.2869,1.31,54.1,69.2
965,-15108.78,31318.2915,1.27,52.2,69.2
966,-14491.89,27566.9087,1.24,52.1,69.3
967,-14679.81,29020.3457,1.3,53.8,69.1
968,-14354.99,18193.9072,1.27,50.1,68.2
969,-13902.23,132653.1562,1.23,49.4,68.3
970,-14337.86,18984.9424,1.27,52.0,68.3
971,-14304.53,26772.2451,1.3,56.4,68.4
972,-14922.45,34099.8145,1.28,49.5,68.4
973,-14111.62,21467.4092,1.23,49.2,68.5
974,-14023.51,39523.3799,1.32,54.5,68.5
975,-13880.49,28919.1655,1.24,51.2,68.4
976,-15507.9,104347.5293,1.24,50.0,68.4
977,-14349.19,18677.8716,1.25,52.0,68.2
978,-13895.44,25310.3521,1.31,55.9,68.2
979,-14287.58,40628.1416,1.25,50.2,68.2
980,-14022.03,51278.1377,1.26,52.9,67.7
981,-15136.02,85561.3711,1.29,52.4,67.8
982,-14559.35,8495.542,1.28,52.7,67.7
983,-13770.83,34126.0752,1.26,53.7,67.7
984,-13847.65,35825.4688,1.27,50.5,67.8
985,-15326.55,89366.5137,1.33,51.7,67.8
986,-14032.68,15531.7351,1.26,54.5,67.9
987,-14093.11,27307.4736,1.2,50.3,67.9
988,-14685.43,33011.7266,1.28,50.9,68.1
989,-14222.47,8517.5352,1.33,54.7,68.1
990,-14613.4,10231.3008,1.27,50.7,68.2
991,-13867.75,42363.6475,1.22,48.9,68.3
992,-13849.75,24381.5425,1.25,48.2,66.5
993,-14340.58,22703.3335,1.26,53.5,66.6
994,-14189.13,13736.7544,1.25,53.9,66.5
995,-13541.26,36520.3887,1.28,55.4,66.6
996,-14051.34,22670.9414,1.29,50.0,66.6
997,-14042.91,19233.6636,1.26,53.6,66.3
998,-14206.66,11552.4226,1.24,48.9,66.2
999,-14268.1,14747.29,1.28,54.9,66.3
1000,-14738.64,21717.9937,1.3,54.6,66.4
1001,-14058.15,41268.7783,1.27,49.5,66.5
1002,-13382.16,74717.4766,1.23,49.0,66.6
1003,-13825.66,30571.6011,1.25,52.8,66.6
1004,-14313.63,13460.3054,1.28,53.5,66.7
1005,-14111.26,66677.9678,1.34,59.3,67.0
1006,-14107.52,39227.3896,1.34,53.9,67.0
1007,-14069.25,20881.1382,1.45,55.3,67.1
1008,-13746.26,20750.6694,1.41,54.5,67.1
1009,-14178.17,10651.0818,1.38,57.5,66.8
1010,-15180.13,64826.0391,1.45,54.4,66.8
1011,-15082.31,42517.0264,1.45,55.0,66.9
1012,-15171.02,75443.8281,1.39,51.1,67.0
1013,-14981.33,24315.9746,1.4,53.2,66.9
1014,-14077.18,75600.5,1.38,60.3,66.9
1015,-14263.62,98180.2559,1.35,51.7,66.8
1016,-14374.93,32526.6504,1.43,59.4,67.9
1017,-14303.64,61048.832,1.48,65.9,67.8
1018,-14284.5,28189.0933,1.39,58.4,67.8
1019,-14089.68,32856.4038,1.36,52.1,67.3
1020,-14167.06,15119.6931,1.39,55.8,67.4
1021,-13938.3,16704.7642,1.41,53.2,67.3
1022,-14007.96,5675.7079,1.34,55.7,67.6
1023,-14438.12,18341.4814,1.3,54.4,67.3
1024,-14081.05,15789.8125,1.26,50.5,67.3
1025,-13625.5,27947.3203,1.26,56.6,67.2
1026,-13818.56,42248.002,1.3,52.7,67.2
1027,-14375.83,23172.2495,1.26,49.4,67.1
1028,-14278.39,10485.7534,1.3,52.9,67.0
1029,-15006.72,86303.5391,1.33,52.0,67.0
1030,-14117.52,11900.8042,1.31,50.8,67.0
1031,-14941.14,21089.9932,1.37,57.2,67.0
1032,-14049.32,11060.9902,1.3,48.9,67.0
1033,-14758.34,50762.9551,1.31,53.2,67.2
1034,-13688.43,34389.8789,1.3,53.9,67.4
1035,-14697.69,14577.7166,1.29,55.7,67.6
1036,-14065.65,5036.1211,1.29,50.5,67.4
1037,-14187.29,11229.1423,1.31,53.5,66.8
1038,-14275.52,11782.6841,1.27,49.4,66.8
1039,-14500.6,25220.291,1.28,53.8,66.8
1040,-14048.77,101839.1895,1.36,57.6,67.0
1041,-13823.74,28622.1641,1.25,58.6,67.1
1042,-13734.57,19820.9976,1.29,51.4,67.2
1043,-13870.54,12349.2766,1.3,52.5,67.2
1044,-14171.52,14078.4648,1.26,51.9,67.4
1045,-13656.03,55495.5107,1.28,55.0,67.5
1046,-14241.61,24830.1074,1.29,51.2,67.6
1047,-13427.76,43335.9404,1.25,50.6,67.7
1048,-13792.77,21934.1968,1.31,50.6,67.7
1049,-14916.07,52436.2812,1.29,53.0,67.7
1050,-13739.29,30942.8887,1.26,49.8,67.7
1051,-14939.88,56260.4951,1.32,49.4,67.8
1052,-14177.8,14711.3633,1.31,51.3,67.8
1053,-13845.3,18914.9551,1.28,52.6,67.9
1054,-14518.45,30407.7744,1.33,58.3,68.2
1055,-14570.44,81830.0664,1.4,55.0,68.3
1056,-14129.51,11390.7786,1.31,54.5,68.3
1057,-14060.3,71019.1445,1.35,55.3,68.3
1058,-13585.66,28228.0825,1.45,65.1,67.6
1059,-14294.73,11364.241,1.29,54.1,67.7
1060,-14348.38,40755.1963,1.23,53.8,67.8
1061,-14434.02,29629.9243,1.25,50.9,67.0
1062,-14030.96,9487.967,1.27,53.6,67.1
1063,-14455.53,14837.0549,1.3,54.4,66.9
1064,-14231.74,6904.5043,1.29,51.8,66.8
1065,-14061.87,21514.1768,1.29,51.0,66.9
1066,-13701.53,24844.3623,1.29,51.9,66.9
1067,-14291.08,8516.3567,1.29,51.5,66.9
1068,-13959.31,31131.8945,1.23,51.2,66.9
1069,-14652.79,25006.4102,1.28,53.0,66.9
1070,-13475.36,38617.0801,1.28,50.3,67.0
1071,-13953.52,20582.2939,1.26,51.7,67.0
1072,-13926.13,9403.3694,1.3,54.4,67.2
1073,-14046.55,78469.2305,1.31,51.4,67.2
1074,-13962.67,26428.0439,1.28,50.9,67.3
1075,-14271.31,17070.8809,1.29,49.7,67.3
1076,-14085.67,14238.6233,1.27,48.9,67.3
1077,-13778.69,14062.8381,1.26,52.4,67.4
1078,-13791.78,17839.1572,1.26,51.1,67.5
1079,-14161.33,9662.9768,1.26,52.1,67.1
1080,-14071.27,27308.564,1.26,47.2,67.1
1081,-13858.85,18242.4944,1.27,51.1,67.1
1082,-15539.63,102881.4551,1.4,58.5,68.2
1083,-14347.18,14561.5715,1.34,61.9,68.6
1084,-14050.39,7715.2688,1.36,59.0,69.0
1085,-13851.4,34809.4365,1.26,53.0,68.5
1086,-14158.68,9861.1399,1.26,50.0,68.7
1087,-14039.5,27160.0371,1.3,51.0,68.7
1088,-14160.38,8833.167,1.28,54.1,68.8
1089,-14058.55,12917.552,1.27,53.2,68.8
1090,-14276.75,12530.5574,1.31,51.1,68.8
1091,-14138.09,6665.3718,1.28,51.7,68.9
1092,-14443.71,5778.0479,1.26,48.1,67.1
1093,-13850.25,7063.9541,1.26,50.1,67.1
1094,-13769.47,22162.4653,1.27,51.1,67.2
1095,-14085.61,15151.7703,1.26,49.9,67.3
1096,-14182.96,18670.7017,1.27,52.4,67.3
1097,-14064.03,30977.314,1.25,50.4,67.3
1098,-13881.34,27283.8003,1.3,52.3,67.3
1099,-13917.51,6642.3362,1.27,50.1,67.3
1100,-14106.15,17914.5132,1.28,50.9,66.9
1101,-14084.36,25101.3184,1.29,51.2,67.2
1102,-14187.75,10433.6322,1.29,53.8,67.3
1103,-14013.46,8108.8727,1.28,51.9,67.2
1104,-13791.06,15277.3745,1.33,53.7,67.0
1105,-14065.97,20283.397,1.27,49.8,67.1
1106,-13931.02,3485.7408,1.29,51.4,67.1
1107,-13755.88,20908.5596,1.35,53.6,67.4
1108,-13890.53,7946.36,1.33,55.9,67.4
1109,-13687.92,11177.6165,1.34,53.7,67.2
1110,-14002.09,20621.6855,1.3,51.8,67.2
1111,-14557.93,35561.4443,1.33,56.7,67.3
1112,-14122.62,8841.0869,1.3,55.4,67.4
1113,-13984.01,17883.1758,1.29,49.0,67.4
1114,-14092.37,6122.26,1.36,55.1,67.4
1115,-14343.67,6903.0302,1.31,53.9,67.4
1116,-14009.14,10143.803,1.29,51.3,67.4
1117,-13981.16,35296.7627,1.29,56.9,67.7
1118,-13879.64,12518.9243,1.28,52.6,67.7
1119,-14306.64,20325.8335,1.23,55.3,67.7
1120,-14345.1,13444.9175,1.3,56.2,67.7
1121,-13981.74,37873.165,1.29,52.0,66.6
1122,-13666.63,8701.3479,1.28,58.3,66.4
1123,-14640.38,32411.2153,1.33,52.4,66.3
1124,-13596.02,15697.6492,1.3,53.6,66.4
1125,-14234.29,10877.749,1.46,62.5,66.8
1126,-14081.29,6369.1477,1.29,51.8,67.4
1127,-13744.31,11871.3506,1.29,50.2,67.4
1128,-14017.46,11377.2756,1.25,48.9,67.4
1129,-13746.24,17871.3374,1.3,54.8,67.2
1130,-14219.26,5669.1097,1.28,53.5,67.2
1131,-14385.49,33861.1553,1.27,49.8,66.4
1132,-13355.44,16799.2061,1.28,51.1,66.3
1133,-13856.77,11158.947,1.27,52.5,66.1
1134,-14346.9,15649.6941,1.33,53.8,66.1
1135,-14041.32,6191.3679,1.3,54.2,66.1
1136,-13938.52,9429.771,1.26,57.2,66.2
1137,-13404.85,16507.365,1.25,47.3,66.1
1138,-13853.73,5693.4595,1.24,49.5,66.4
1139,-14641.92,56702.0859,1.22,50.0,66.4
1140,-13776.69,5318.4807,1.26,52.0,66.2
1141,-14518.95,33986.3633,1.28,53.1,66.3
1142,-13900.42,3325.9949,1.26,50.0,66.3
1143,-13590.04,9365.6228,1.29,53.1,66.2
1144,-14163.67,12851.8323,1.25,48.2,66.2
1145,-13825.45,13631.5938,1.26,49.3,66.1
1146,-15140.47,59716.7783,1.28,51.8,65.6
1147,-13641.63,9200.9402,1.26,54.8,65.6
1148,-13547.34,18495.0757,1.25,50.5,65.5
1149,-13951.32,9436.9897,1.26,48.4,65.9
1150,-13681.13,4841.4318,1.23,48.0,65.9
1151,-14532.56,40274.0273,1.25,53.7,65.7
1152,-14252.86,11420.2698,1.25,52.6,65.8
1153,-14037.57,5984.5944,1.23,50.3,65.8
1154,-13650.55,11567.8496,1.34,52.8,65.9
1155,-13574.81,13710.6294,1.23,48.5,65.8
1156,-13666.33,9581.2139,1.28,50.6,65.9
1157,-13886.58,17125.729,1.26,50.7,66.1
1158,-14193.94,30120.6152,1.22,54.2,66.3
1159,-13623.23,14110.3071,1.25,50.1,66.3
1160,-13614.82,8654.0051,1.27,52.1,66.3
1161,-14501.4,15228.2861,1.26,50.9,66.4
1162,-13911.65,13707.9475,1.29,53.3,66.4
1163,-13992.5,5282.3839,1.24,48.6,66.4
1164,-13527.87,16958.4219,1.23,49.5,66.5
1165,-13994.69,10654.7444,1.3,54.3,66.5
1166,-14175.08,7018.2487,1.29,52.7,66.5
1167,-13985.86,5814.7365,1.41,60.4,67.6
1168,-14033.48,15708.1626,1.33,60.0,67.9
1169,-13960.68,8050.1526,1.74,83.2,68.4
1170,-14178.76,12738.4336,1.58,79.2,68.2
1171,-13961.83,19698.5552,1.87,92.3,68.4
1172,-13664.65,22964.8569,1.81,93.4,68.2
1173,-13817.97,17089.3765,1.46,85.9,68.0
1174,-13703.6,8157.5768,1.32,53.7,68.0
1175,-13792.1,20594.3345,1.27,52.3,67.9
1176,-13719.0,5301.4012,1.23,50.3,68.0
1177,-14108.65,17951.79,1.25,48.5,68.0
1178,-14096.49,12793.2227,1.34,51.8,68.0
1179,-13559.38,11570.7856,1.27,50.9,68.0
1180,-13783.64,10154.8262,1.26,50.1,68.1
1181,-13990.29,16400.5654,1.23,50.6,68.1
1182,-13857.22,10102.5593,1.26,53.9,68.1
1183,-13666.88,12477.8621,1.24,51.7,68.2
1184,-14029.01,21109.729,1.24,54.8,68.2
1185,-13792.04,12630.7981,1.27,51.4,68.3
1186,-13963.59,14864.7881,1.62,92.3,68.8
1187,-13815.24,8955.6533,1.58,93.1,68.7
1188,-13869.98,4827.2151,1.76,88.5,68.9
1189,-13699.68,14199.2603,1.86,90.2,68.7
1190,-13729.72,28619.0503,1.32,68.7,68.6
1191,-13789.84,16561.5911,1.25,52.4,68.7
1192,-14132.22,13691.0623,1.23,49.5,66.7
1193,-13876.72,6868.2687,1.26,50.3,66.8
1194,-13621.66,6483.0867,1.25,50.6,66.9
1195,-13633.59,8638.3811,1.31,52.8,66.9
1196,-14036.23,11346.248,1.22,52.0,66.8
1197,-13957.74,11208.3638,1.26,51.3,66.9
1198,-13859.13,12355.5212,1.27,50.0,66.9
1199,-13406.06,12361.6379,1.27,52.7,67.2
1200,-13647.05,9271.6523,1.32,56.2,67.0
1201,-13790.98,2829.0742,1.44,68.4,67.8
1202,-13830.82,6667.209,1.4,65.1,67.9
1203,-13947.51,8647.5718,1.41,57.7,68.3
1204,-13762.77,4215.0507,1.47,62.4,68.3
1205,-13587.26,3414.8293,1.4,53.4,68.3
1206,-13711.23,9054.3984,1.28,58.9,68.5
1207,-13865.26,9180.3977,1.27,50.4,68.4
1208,-13788.62,1693.2542,1.32,52.7,68.4
1209,-13783.33,4753.9551,1.31,51.8,68.1
1210,-13950.38,9557.4929,1.46,62.1,68.2
1211,-13770.03,2778.3727,1.32,56.9,68.1
1212,-13584.08,18913.6997,1.29,53.9,68.1
1213,-13557.71,6488.5896,1.31,55.9,68.1
1214,-13744.42,13461.8794,1.31,52.1,68.1
1215,-13580.37,10989.9238,1.3,53.3,68.1
1216,-13885.58,5724.9752,1.53,62.3,68.4
1217,-13803.62,4130.6234,1.37,57.8,68.4
1218,-13690.9,5109.6293,1.34,53.5,68.3
1219,-13363.19,11925.7756,1.33,54.7,68.3
1220,-13583.4,6091.3058,1.56,64.4,68.5
1221,-13686.01,6845.8137,1.69,72.6,70.4
1222,-13905.52,4803.4669,1.48,61.9,70.5
1223,-13791.65,5632.9613,1.38,55.9,68.9
1224,-13927.35,10202.9922,1.3,56.0,68.8
1225,-13838.18,4945.0563,1.32,53.5,68.7
1226,-13637.28,12244.5244,1.31,53.4,68.7
1227,-13644.52,5928.6272,1.32,53.7,67.9
1228,-13885.63,4286.1223,1.31,57.0,67.8
1229,-13944.21,3551.1784,1.41,61.3,67.7
1230,-13482.05,11522.4177,1.42,57.8,67.8
1231,-13339.68,14985.6006,1.32,54.1,67.8
1232,-13770.39,8916.3989,1.58,69.3,68.4
1233,-13589.62,7676.381,1.32,66.4,68.4
1234,-13954.04,5577.3795,1.31,57.6,68.3
1235,-13713.04,7386.9215,1.36,52.9,68.3
1236,-13544.64,2720.1578,1.44,56.7,68.4
1237,-13952.34,12831.135,1.33,55.6,68.2
1238,-14165.78,4934.0963,1.32,54.4,68.1
1239,-13847.58,6154.8849,1.29,50.6,68.1
1240,-13760.22,3990.7824,1.3,55.0,67.9
1241,-13539.66,14264.3694,1.31,50.4,67.8
1242,-13397.15,9027.6343,1.33,58.1,67.8
1243,-13786.59,9451.8967,1.38,59.2,67.9
1244,-13492.46,3101.5173,1.59,61.6,68.2
1245,-13498.48,8777.3469,1.38,64.8,68.3
1246,-13667.13,1239.8678,1.3,59.1,68.4
1247,-13681.06,10372.2012,1.3,49.1,68.7
1248,-13603.94,2976.9078,1.31,51.7,68.6
1249,-13437.54,3226.6464,1.27,53.2,68.5
1250,-13450.24,3177.7936,1.25,52.9,68.5
1251,-13750.2,5655.6582,1.28,53.9,68.4
1252,-13245.38,4105.3682,1.32,52.4,68.4
1253,-13613.84,3137.0808,1.39,55.9,68.3
1254,-13705.5,8644.1827,1.36,55.4,68.4
1255,-13778.62,9206.2585,1.3,52.0,68.4
1256,-13468.5,4646.3809,1.32,53.5,68.3
1257,-13351.26,3950.0596,1.31,53.4,68.2
1258,-13533.4,6479.1495,1.34,52.8,68.3
1259,-13344.6,4946.1918,1.29,54.0,68.4
1260,-13534.37,7535.7817,1.34,54.3,68.4
1261,-13748.34,8338.7231,1.26,54.0,68.4
1262,-13581.21,7096.3713,1.22,50.6,68.5
1263,-13827.18,3353.6453,1.22,48.9,68.2
1264,-13179.01,25817.0532,1.35,57.9,68.2
1265,-13659.5,6131.7555,1.25,49.5,68.2
1266,-13662.25,3655.5634,1.26,49.7,68.3
1267,-13454.11,7145.9958,1.33,54.5,68.3
1268,-14313.73,63537.1064,1.38,56.6,68.3
1269,-13376.22,4048.54,1.3,53.1,68.3
1270,-13586.1,6264.0905,1.33,54.0,68.4
1271,-13771.14,10967.1914,1.37,56.8,68.4
1272,-13426.85,3410.3795,1.24,50.7,68.5
1273,-13779.98,10627.9404,1.24,52.4,68.5
1274,-14210.78,48079.4385,1.34,51.4,68.5
1275,-13684.05,3074.7681,1.3,54.8,68.6
1276,-13520.93,9971.9189,1.28,53.2,68.6
1277,-14206.77,39723.9863,1.34,52.5,68.7
1278,-13742.31,8251.4275,1.39,55.1,68.8
1279,-14193.04,35527.6826,1.27,53.4,68.8
1280,-14222.11,34574.542,1.33,53.0,68.8
1281,-14252.5,34313.0303,1.34,55.1,68.9
1282,-14123.3,30816.5176,1.35,58.1,68.9
1283,-14280.68,28434.3574,1.31,50.7,69.0
1284,-13798.12,8237.3588,1.29,54.3,68.1
1285,-13637.78,10341.3828,1.31,56.6,68.2
1286,-13809.26,5062.9329,1.37,60.9,69.3
1287,-13759.5,3669.354,1.26,55.8,69.5
1288,-13592.33,1850.9378,1.3,57.4,69.5
1289,-13192.78,9266.9727,1.3,52.7,69.6
1290,-13539.22,2251.0206,1.26,47.3,69.6
1291,-13309.99,8943.9193,1.24,48.2,69.6
1292,-13663.43,7276.1509,1.3,54.4,69.7
1293,-13554.53,38783.6172,1.28,52.4,69.7
1294,-13379.45,2302.7087,1.35,54.2,69.6
1295,-13771.08,17394.2153,1.24,49.9,67.7
1296,-13986.03,39358.0137,1.32,55.7,68.0
1297,-13649.8,12502.2209,1.3,55.2,68.2
1298,-13447.32,11775.823,1.26,49.2,68.2
1299,-13624.76,6129.4259,1.3,53.9,68.3
1300,-13497.01,4705.0812,1.31,53.0,68.3
1301,-13740.97,6438.9166,1.33,54.5,68.7
1302,-13946.25,38145.8428,1.27,51.4,68.7
1303,-13503.26,3996.6249,1.32,56.1,68.9
1304,-13602.0,2249.9767,1.23,49.5,68.7
1305,-13427.77,4169.8414,1.26,51.0,68.7
1306,-13210.92,6862.7164,1.45,64.1,68.9
1307,-13464.94,3731.7421,1.29,55.7,68.7
1308,-13719.88,14823.8235,1.28,55.3,68.3
1309,-13795.58,30180.9619,1.27,50.8,68.4
1310,-13491.26,4033.8347,1.29,54.4,68.4
1311,-13662.17,19137.6924,1.28,54.8,68.5
1312,-13470.52,13175.6948,1.24,46.1,68.2
1313,-13237.43,7249.6158,1.22,51.3,68.2
1314,-13371.62,3836.9374,1.25,52.2,68.3
1315,-13336.77,1387.1754,1.27,48.7,68.3
1316,-13477.62,7077.9019,1.24,51.6,68.3
1317,-13502.01,5209.364,1.26,53.2,68.4
1318,-13634.19,4199.5511,1.26,53.6,68.4
1319,-13492.37,3112.7668,1.25,52.7,68.5
1320,-13316.86,4779.3691,1.26,50.0,68.8
1321,-13398.03,4761.8943,1.59,66.8,69.0
1322,-13653.41,12959.2952,1.53,83.6,68.9
1323,-13504.17,13782.1338,1.52,82.3,69.0
1324,-13544.53,9822.552,1.67,80.9,69.0
1325,-13381.94,6333.9071,1.34,71.6,68.8
1326,-13405.79,4871.5352,1.25,52.4,68.9
1327,-13704.61,10063.2004,1.38,64.2,70.0
1328,-13405.64,6547.4292,1.3,61.3,70.3
1329,-13362.29,6286.9076,1.27,61.2,70.1
1330,-13472.06,2277.7386,1.25,54.9,70.2
1331,-13485.83,4256.5643,1.27,54.5,70.3
1332,-13628.67,5666.5677,1.27,54.4,70.3
1333,-13392.44,4357.5557,1.25,50.0,70.2
1334,-13250.42,7656.4355,1.25,51.8,70.2
1335,-13345.19,3176.55,1.35,69.6,69.5
1336,-13237.31,2303.338,1.27,49.5,69.7
1337,-13401.33,4993.694,1.27,49.5,69.6
1338,-13522.99,11362.7615,1.33,55.5,69.7
1339,-13602.33,5912.8303,1.27,52.6,69.8
1340,-13249.86,4806.312,1.29,54.0,69.9
1341,-14186.29,36456.1143,1.26,51.9,69.7
1342,-13626.41,2665.9737,1.25,55.2,69.7
1343,-13198.76,6439.0439,1.26,51.7,69.6
1344,-13730.64,10702.8115,1.25,50.8,69.6
1345,-13062.35,7733.317,1.28,52.1,69.5
1346,-13285.75,4264.2383,1.25,52.5,69.4
1347,-13406.54,4031.9407,1.24,48.3,69.6
1348,-13482.83,10203.77,1.29,50.0,69.4
1349,-13360.95,2124.6461,1.27,53.4,69.5
1350,-13265.16,3264.4268,1.26,52.4,69.6
1351,-13697.67,28766.292,1.3,51.7,69.5
1352,-13399.17,1224.8914,1.24,53.0,69.6
1353,-13302.65,4795.0806,1.24,51.2,69.6
1354,-13411.9,1969.201,1.27,52.0,69.5
1355,-13250.62,3424.04,1.25,52.1,69.4
1356,-13977.79,32051.9341,1.31,52.3,69.4
1357,-13856.18,27638.3516,1.27,52.8,69.6
1358,-13709.47,5076.1446,1.23,50.7,69.6
1359,-14030.1,29293.9629,1.31,54.0,69.7
1360,-13332.2,6735.54,1.31,57.0,69.7
1361,-13441.44,7737.1466,1.24,49.8,69.8
1362,-13898.44,25425.6157,1.27,51.3,69.9
1363,-13528.19,25763.1489,1.29,52.2,69.9
1364,-13878.97,9340.0901,1.21,55.4,70.0
1365,-13337.99,3488.8711,1.24,51.3,70.1
1366,-13874.55,23309.2285,1.3,50.5,70.1
1367,-13711.67,17165.5256,1.26,52.0,70.3
1368,-13582.07,6614.1447,1.31,53.0,69.5
1369,-13419.96,3427.904,1.23,50.9,69.7
1370,-13403.27,3275.0374,1.37,63.1,71.0
1371,-13306.39,726.1451,1.26,59.0,71.2
1372,-13365.44,3178.1747,1.28,61.4,71.2
1373,-13092.36,1572.5262,1.25,48.5,71.0
1374,-14019.35,36081.2256,1.3,54.5,71.2
1375,-13166.78,4829.7603,1.27,53.3,71.2
1376,-13374.85,1159.6555,1.26,49.0,71.0
1377,-13635.05,21298.1484,1.25,54.6,71.0
1378,-13541.49,2747.0321,1.29,52.4,71.0
1379,-13592.43,3808.7982,1.25,48.8,71.0
1380,-13439.01,3785.5167,1.24,50.5,71.0
1381,-13298.58,5565.5925,1.2,51.7,71.1
1382,-13459.22,5336.3214,1.25,56.3,71.3
1383,-13398.42,1527.6402,1.3,53.1,71.3
1384,-13458.19,4685.7839,1.36,61.1,71.2
1385,-13252.94,11607.4307,1.49,71.4,72.7
1386,-13731.42,4496.654,1.47,66.7,73.6
1387,-13885.45,25038.2856,1.34,55.0,73.7
1388,-13598.77,7219.55,1.42,62.0,73.7
1389,-13382.36,5354.1506,1.38,61.6,74.2
1390,-13280.73,5807.6355,1.36,67.7,74.1
1391,-13212.14,5691.921,1.3,55.1,74.3
1392,-13571.8,15599.0664,1.31,53.3,74.2
1393,-13572.38,10042.4414,1.28,53.7,74.2
1394,-13696.22,29626.981,1.29,50.9,74.2
1395,-13344.23,1238.8339,1.32,52.1,74.2
1396,-13289.47,2581.2643,1.3,53.1,73.6
1397,-13345.31,6284.8617,1.26,47.5,71.8
1398,-13225.68,2339.581,1.27,53.4,71.8
1399,-13066.76,1847.1381,1.26,52.5,70.6
1400,-13394.0,2387.5284,1.27,50.1,70.6
1401,-13433.01,2064.6239,1.26,52.2,70.6
1402,-13675.73,8809.5608,1.25,53.8,70.5
1403,-13111.3,3804.6506,1.27,49.9,70.6
1404,-13229.11,2633.4929,1.24,51.0,70.6
1405,-13288.03,2842.0661,1.25,49.7,70.7
1406,-13424.09,3790.8168,1.29,51.1,70.3
1407,-13407.09,1248.2636,1.27,51.1,70.4
1408,-13265.45,610.4051,1.34,53.1,70.2
1409,-13350.39,862.6127,1.36,57.5,70.4
1410,-13289.23,3192.8898,1.33,54.2,70.3
1411,-13287.14,1474.4457,1.28,51.2,70.4
1412,-13279.3,1321.4283,1.28,49.2,70.2
1413,-13260.83,1840.9572,1.27,53.6,70.1
1414,-13393.45,2151.8637,1.3,54.7,70.2
1415,-13279.21,1972.189,1.26,51.5,70.2
1416,-13555.88,10175.9187,1.27,50.5,70.2
1417,-13353.73,4420.1631,1.24,50.4,69.9
1418,-13207.78,1577.4056,1.27,53.0,69.9
1419,-13429.54,10792.2354,1.26,53.1,70.0
1420,-13198.51,4071.2835,1.24,47.5,70.0
1421,-13332.77,4644.1564,1.26,51.3,70.1
1422,-13168.03,3243.6901,1.31,57.8,70.0
1423,-13371.88,3639.0196,1.25,48.8,70.0
1424,-13281.83,1990.3503,1.27,51.7,70.1
1425,-13324.25,2070.69,1.28,51.1,70.1
1426,-13187.39,6455.9373,1.28,50.0,70.2
1427,-13247.35,6875.2861,1.27,50.8,70.2
1428,-13079.02,5038.7639,1.28,51.1,70.3
1429,-13337.27,2433.5192,1.52,61.6,70.7
1430,-13674.52,31165.1851,1.5,65.2,70.9
1431,-13375.62,4098.4224,1.37,61.8,71.0
1432,-13313.84,1357.4994,1.38,59.2,71.1
1433,-13281.76,1093.0925,1.3,59.9,71.0
1434,-13313.43,8627.24,1.33,52.8,70.8
1435,-13252.02,2186.4844,1.32,55.7,70.9
1436,-13427.52,7028.0259,1.33,60.1,71.0
1437,-13624.83,4661.9399,1.24,51.6,71.0
1438,-13311.86,2585.4814,1.31,55.1,70.6
1439,-13196.46,2290.8656,1.51,62.1,70.5
1440,-13288.93,4768.1261,1.46,64.9,71.0
1441,-13314.9,14738.1614,1.32,59.2,71.2
1442,-13216.81,2677.347,1.49,61.6,71.2
1443,-13360.9,1137.8362,1.33,60.2,71.5
1444,-13247.12,928.4051,1.38,58.2,71.5
1445,-13719.65,23096.0098,1.39,54.5,71.5
1446,-13366.03,779.2041,1.47,63.7,71.4
1447,-13375.83,2180.814,1.44,59.9,71.5
1448,-13529.84,24045.5635,1.52,69.9,73.1
1449,-13275.91,4981.8466,1.36,56.2,73.2
1450,-13051.55,5697.2747,1.5,64.6,73.3
1451,-13207.09,1504.7115,1.37,58.6,73.5
1452,-13364.78,5337.0157,1.47,62.5,73.4
1453,-13225.35,2057.5648,1.33,57.7,73.5
1454,-13459.79,22857.3145,1.32,57.7,73.5
1455,-13028.99,6054.4298,1.4,59.2,73.4
1456,-13600.52,10327.675,1.33,55.3,73.4
1457,-13255.9,3718.9606,1.46,60.0,72.4
1458,-13359.67,2516.7967,1.34,56.8,71.1
1459,-13106.93,6605.7085,1.41,60.3,71.1
1460,-13071.57,4828.5713,1.32,58.6,71.2
1461,-13382.93,1319.0165,1.35,54.8,71.3
1462,-13452.11,4838.6934,1.34,53.0,71.1
1463,-13175.31,2194.1978,1.33,60.1,72.4
1464,-13174.59,1901.4341,1.36,56.8,72.4
1465,-13309.6,1458.7542,1.41,60.4,71.7
1466,-13273.36,1771.1235,1.34,53.2,71.3
1467,-13037.19,5841.908,1.28,52.2,71.4
1468,-13148.67,1714.9299,1.36,57.0,71.4
1469,-13103.19,1337.1709,1.38,60.6,69.6
1470,-13176.43,1196.7473,1.28,60.3,69.7
1471,-13629.11,17170.0649,1.34,59.1,69.8
1472,-13355.91,1905.1232,1.36,55.5,70.0
1473,-13023.76,5176.9413,1.25,49.8,69.9
1474,-13036.94,3104.9922,1.27,51.1,70.0
1475,-13019.25,1397.9998,1.25,50.6,70.0
1476,-13074.37,739.698,1.26,55.7,70.1
1477,-13504.12,16398.2029,1.29,53.1,69.9
1478,-13297.05,1492.3437,1.34,54.5,70.0
1479,-13303.61,1220.6697,1.26,54.6,70.5
1480,-13204.22,1741.8277,1.34,58.3,70.7
1481,-13315.81,769.9904,1.24,52.9,70.7
1482,-13086.07,1809.5307,1.22,50.3,70.6
1483,-13435.25,12347.0474,1.31,51.5,70.6
1484,-13389.35,6482.3276,1.28,54.5,70.7
1485,-13594.49,17185.5247,1.33,54.3,70.8
1486,-13224.46,2684.8371,1.32,55.7,70.8
1487,-13083.05,3483.6701,1.28,53.6,70.9
1488,-13137.96,1248.007,1.27,47.5,71.0
1489,-13112.41,996.7375,1.27,52.2,71.0
1490,-13410.43,13577.2776,1.25,51.1,71.2
1491,-13076.56,490.0426,1.33,54.7,71.4
1492,-13193.46,654.7714,1.27,53.4,71.5
1493,-13335.81,12792.1921,1.28,51.5,71.5
1494,-13076.8,1104.5151,1.36,54.8,71.5
1495,-13473.99,5775.0967,1.25,51.3,71.6
1496,-13092.7,1488.9398,1.28,55.8,71.6
1497,-13194.69,2764.5957,1.27,52.4,71.7
1498,-13635.42,25428.542,1.26,51.7,69.5
1499,-13124.08,1050.3117,1.23,52.3,69.6
1500,-13063.82,3460.7742,1.25,51.4,69.6
1501,-13567.55,13506.6484,1.31,54.1,69.8
1502,-13120.17,2181.2327,1.26,51.2,69.9
1503,-13006.41,1796.1446,1.28,51.9,69.9
1504,-13369.65,5508.9456,1.31,48.7,70.0
1505,-12954.35,2107.9437,1.31,54.1,70.0
1506,-13125.67,610.6261,1.34,53.6,70.1
1507,-13112.98,1162.4119,1.32,56.6,70.2
1508,-13070.22,439.0574,1.29,52.4,70.3
1509,-13496.86,10471.9387,1.31,54.8,70.4
1510,-13252.99,5404.5934,1.23,48.4,70.5
1511,-12957.15,3477.9648,1.26,53.5,70.5
1512,-13207.99,2455.8811,1.29,52.7,70.6
1513,-13019.83,1549.7878,1.23,50.2,70.7
1514,-12962.56,827.9839,1.24,52.2,70.3
1515,-13138.38,4158.103,1.27,50.1,70.4
1516,-13065.4,1459.5553,1.25,55.9,70.4
1517,-13517.77,22970.8696,1.3,49.5,70.4
1518,-13543.45,21398.1978,1.28,51.8,70.4
1519,-13082.09,3441.8923,1.29,52.2,69.8
1520,-13242.68,14694.0977,1.24,50.0,69.8
1521,-13465.49,15560.0039,1.24,50.4,69.8
1522,-12964.51,4576.8552,1.28,53.0,69.8
1523,-13071.76,1871.2409,1.27,54.0,69.9
1524,-13453.06,20485.3022,1.26,52.7,69.8
1525,-13105.52,253.0634,1.35,56.7,69.8
1526,-13140.61,511.2675,1.29,54.6,69.9
1527,-13166.47,459.6868,1.24,53.4,69.9
1528,-13459.35,8026.8263,1.33,56.3,69.9
1529,-13186.67,1148.4633,1.59,76.8,70.1
1530,-13633.8,22301.8325,1.36,56.1,70.0
1531,-13248.59,918.9677,1.39,58.4,70.2
1532,-13293.07,310.5467,1.37,67.1,70.4
1533,-13166.86,573.1941,1.42,60.7,70.6
1534,-13278.47,1158.6961,1.71,74.8,71.4
1535,-13240.19,504.0916,1.44,64.3,71.5
1536,-13164.97,375.0459,1.44,65.3,71.7
1537,-13195.58,1063.2402,1.4,66.1,71.8
1538,-13197.64,362.8029,1.3,53.7,71.5
1539,-13205.78,997.9364,1.33,52.8,71.6
1540,-13130.5,445.6178,1.32,52.9,71.6
1541,-13018.09,1463.2055,1.31,54.9,71.7
1542,-13059.22,586.0164,1.34,56.6,71.7
1543,-13165.87,2163.0364,1.29,53.0,71.8
1544,-13555.55,18513.9043,1.31,55.0,71.8
1545,-13483.32,7636.2766,1.32,53.8,71.9
1546,-13126.34,2615.5858,1.28,51.6,71.9
1547,-13117.68,5247.781,1.31,52.8,72.0
1548,-13613.23,22424.6816,1.33,55.0,72.1
1549,-13134.2,1493.1144,1.27,51.9,72.2
1550,-13256.89,693.05,1.31,54.0,72.4
1551,-13235.85,1449.098,1.31,54.7,72.4
1552,-13269.73,860.0037,1.3,52.9,72.6
1553,-13393.85,8893.2435,1.39,57.3,72.5
1554,-13465.33,13149.1309,1.32,53.8,72.6
1555,-13109.22,3936.5129,1.32,53.3,72.4
1556,-13267.35,4156.159,1.33,51.8,72.8
1557,-13001.54,6127.2417,1.31,56.5,72.8
1558,-13264.5,560.6058,1.29,53.1,72.9
1559,-13046.24,1576.9648,1.27,57.3,72.4
1560,-13083.9,948.2142,1.29,52.6,72.5
1561,-13125.78,547.657,1.26,49.2,72.5
1562,-13066.69,1711.9141,1.39,62.5,70.7
1563,-13385.51,11629.5461,1.28,51.5,70.8
1564,-13228.14,662.5385,1.26,51.1,70.9
1565,-13180.32,1078.9314,1.27,50.1,71.0
1566,-13556.83,14550.2905,1.29,52.8,71.0
1567,-13456.28,10405.645,1.26,49.9,70.3
1568,-13431.78,6129.6646,1.28,52.2,70.4
1569,-13345.22,3639.1295,1.26,53.4,70.2
1570,-13176.38,13495.2698,1.25,51.5,70.3
1571,-13473.45,4496.3849,1.28,50.2,70.4
1572,-13277.5,4753.7468,1.29,51.0,70.5
1573,-13311.8,4594.1964,1.35,56.0,71.6
1574,-12940.71,12526.3445,1.38,62.3,72.0
1575,-13308.47,1422.3003,1.33,57.7,72.3
1576,-13773.6,7413.5892,1.28,55.1,72.1
1577,-13306.32,6289.514,1.28,48.9,72.0
1578,-13054.1,4567.7899,1.27,51.8,72.1
1579,-13229.53,3221.4153,1.27,49.8,72.2
1580,-13554.31,26853.5986,1.29,53.1,71.6
1581,-13472.81,24602.752,1.31,54.6,71.7
1582,-13378.54,1363.1975,1.28,50.3,71.8
1583,-13131.06,2720.1814,1.26,50.0,71.7
1584,-13293.1,3931.4647,1.29,53.8,71.8
1585,-13070.79,2934.9853,1.26,50.0,71.9
1586,-13389.47,1701.6661,1.27,50.2,71.9
1587,-13081.15,401.9851,1.28,49.5,71.9
1588,-13189.48,969.6751,1.28,51.5,72.1
1589,-13118.24,552.5765,1.26,50.8,72.1
1590,-13090.48,431.5556,1.27,52.4,71.7
1591,-13207.04,9416.0188,1.25,50.3,71.8
1592,-12925.22,1815.5931,1.27,55.3,71.8
1593,-13536.96,18485.0664,1.28,51.4,72.0
1594,-13038.88,663.1353,1.27,50.7,71.9
1595,-12930.34,1770.7166,1.26,51.2,72.0
1596,-12930.29,959.0106,1.27,53.3,72.1
1597,-13217.93,1919.4612,1.26,48.2,70.4
1598,-13100.99,1440.9958,1.3,52.1,70.4
1599,-13390.41,14690.895,1.26,51.7,70.4
1600,-13415.03,15597.3335,1.25,51.0,70.5
1601,-13252.51,9171.2756,1.27,51.3,70.3
1602,-13007.51,6997.0024,1.29,50.3,70.4
1603,-12853.38,8356.9314,1.28,51.8,70.4
1604,-13225.1,7416.7073,1.31,51.3,70.5
1605,-13115.85,1021.4476,1.29,51.8,70.6
1606,-13384.44,21710.4111,1.31,52.6,70.7
1607,-13072.13,871.921,1.26,53.1,70.7
1608,-13049.6,1043.37,1.28,49.7,70.8
1609,-13043.69,3307.4964,1.26,50.4,70.9
1610,-12969.14,1009.8494,1.29,52.3,70.8
1611,-13016.58,897.1578,1.26,49.5,70.9
1612,-12880.35,832.2972,1.29,51.4,70.6
1613,-13061.09,1851.775,1.28,52.1,70.7
1614,-13275.89,9194.3782,1.27,49.5,70.8
1615,-13186.24,9050.2727,1.25,50.0,70.9
1616,-13125.76,2177.8898,1.27,50.0,71.0
1617,-13110.64,1837.3017,1.29,54.8,70.9
1618,-13067.85,1351.6067,1.26,48.2,71.0
1619,-12915.16,860.3162,1.27,50.9,70.9
1620,-13327.45,20583.2222,1.29,48.7,70.8
1621,-12947.35,1076.3367,1.26,48.7,70.9
1622,-12984.69,444.7225,1.27,53.0,70.4
1623,-12889.7,464.7266,1.25,51.8,70.4
1624,-13273.12,12136.1726,1.28,51.5,70.5
1625,-13160.67,421.1428,1.28,51.3,70.5
1626,-13152.57,368.2627,1.29,51.1,70.5
1627,-13115.86,259.1922,1.26,49.7,70.6
1628,-13400.85,22479.2388,1.29,52.1,70.6
1629,-12940.58,409.5377,1.26,48.4,70.6
1630,-13263.26,10871.3538,1.25,50.5,70.4
1631,-13038.76,305.8112,1.29,53.2,70.4
1632,-13065.12,1148.602,1.25,51.9,70.5
1633,-12958.3,623.8868,1.26,51.5,70.5
1634,-12949.3,891.1531,1.26,50.1,70.5
1635,-13023.41,351.4736,1.29,52.4,70.6
1636,-12981.26,329.3403,1.3,51.8,69.8
1637,-13210.64,7783.5502,1.25,50.0,69.9
1638,-13481.95,13175.0588,1.26,50.7,69.9
1639,-13683.11,23158.5166,1.31,53.5,69.8
1640,-13143.43,9024.3499,1.25,52.3,69.9
1641,-12800.53,10264.6699,1.26,51.4,69.8
1642,-12912.78,5675.9146,1.35,58.5,70.1
1643,-12914.98,1961.0154,1.25,52.2,69.4
1644,-12916.49,1333.1917,1.26,50.0,69.5
1645,-12955.11,1293.1361,1.27,50.0,69.5
1646,-13081.35,13076.7388,1.31,53.2,69.6
1647,-13136.16,10628.4485,1.25,50.0,69.7
1648,-13516.34,17914.1394,1.27,47.8,69.7
1649,-13288.72,6507.8375,1.27,51.1,69.7
1650,-13288.46,9029.7222,1.3,57.6,69.6
1651,-12984.84,6804.8717,1.32,50.6,69.7
1652,-12900.15,7590.2695,1.29,52.1,69.5
1653,-12991.32,5159.2607,1.31,53.1,69.3
1654,-13214.3,7528.9199,1.23,52.8,69.2
1655,-13207.19,7656.8528,1.26,52.5,69.2
1656,-12921.38,1959.633,1.25,54.7,69.3
1657,-13064.91,2753.105,1.26,52.4,69.3
1658,-13212.44,6307.4272,1.24,48.0,69.4
1659,-12987.02,485.9282,1.25,50.1,69.5
1660,-12955.06,657.9683,1.24,54.0,69.5
1661,-13015.44,642.8874,1.25,56.8,69.6
1662,-12913.66,385.2961,1.25,50.7,69.6
1663,-12931.95,414.2609,1.25,50.2,69.6
1664,-13136.93,1945.08,1.26,49.8,69.5
1665,-13142.89,1152.8193,1.25,51.5,69.6
1666,-13119.72,778.2266,1.26,51.4,69.7
1667,-13045.08,786.6009,1.24,54.0,69.7
1668,-13067.53,651.3159,1.32,52.3,69.8
1669,-12987.72,1033.4657,1.28,50.9,69.9
1670,-12996.99,1257.0513,1.25,51.6,70.0
1671,-13018.43,399.3069,1.23,53.2,70.0
1672,-13077.04,178.4062,1.26,55.1,70.1
1673,-13489.38,20973.2417,1.25,50.3,70.2
1674,-13087.94,783.4416,1.26,49.3,70.3
1675,-13069.64,469.5052,1.25,50.3,70.4
1676,-13028.63,227.6527,1.26,52.9,70.5
1677,-13174.55,1564.3362,1.3,53.6,70.5
1678,-13066.56,319.9237,1.23,52.3,70.0
1679,-13153.58,394.3267,1.31,52.9,70.1
1680,-12980.51,1736.8926,1.23,52.8,70.2
1681,-13076.15,644.3276,1.43,65.3,71.3
1682,-12993.63,725.2138,1.27,58.7,71.4
1683,-12928.15,654.7028,1.33,61.6,71.4
1684,-12966.09,982.9507,1.27,53.0,71.4
1685,-12911.6,347.4931,1.29,54.5,71.2
1686,-13006.78,861.1538,1.28,52.5,71.3
1687,-12986.57,832.1979,1.29,54.3,71.3
1688,-12978.75,1064.3226,1.3,52.4,71.2
1689,-13025.4,383.2983,1.25,52.1,71.4
1690,-12995.34,757.7671,1.32,52.8,71.4
1691,-12977.33,214.9413,1.25,50.8,71.5
1692,-13481.13,23401.3306,1.31,54.1,72.0
1693,-13009.32,302.5846,1.3,54.1,72.1
1694,-13046.57,381.8033,1.28,51.5,72.1
1695,-13469.62,20457.6611,1.29,52.5,72.1
1696,-13113.81,782.8375,1.35,51.8,72.1
1697,-12943.95,1488.4073,1.31,53.2,72.1
1698,-13414.09,9599.3779,1.36,58.2,72.4
1699,-13238.58,9811.239,1.28,51.3,70.5
1700,-12983.59,718.4385,1.37,57.6,70.6
1701,-13323.68,8250.2277,1.32,58.6,70.3
1702,-13057.11,1205.1138,1.29,52.0,70.5
1703,-12938.27,1190.6191,1.3,52.1,69.8
1704,-12930.77,1380.0491,1.28,52.8,69.6
1705,-12931.46,271.9734,1.28,50.3,69.7
1706,-12955.56,693.5495,1.26,51.5,69.0
1707,-13185.83,10315.0835,1.37,61.3,69.4
1708,-12956.43,631.3092,1.33,56.5,69.5
1709,-12962.39,1004.4312,1.29,56.9,69.5
1710,-12912.15,523.2848,1.32,53.2,69.7
1711,-12961.27,515.4909,1.27,50.3,69.7
1712,-13243.35,10746.7214,1.34,63.6,69.8
1713,-13012.68,379.4708,1.42,62.0,70.0
1714,-13170.11,7384.3781,1.25,50.0,70.1
1715,-13236.49,7679.8468,1.29,50.5,69.5
1716,-12987.0,1563.8294,1.29,51.0,69.3
1717,-12938.93,2403.9158,1.32,58.1,69.4
1718,-13012.19,530.2203,1.33,55.5,69.6
1719,-12935.08,508.5802,1.26,53.7,69.7
1720,-13215.46,8647.7729,1.21,52.7,69.7
1721,-12978.4,179.3147,1.28,55.6,69.8
1722,-12962.99,198.524,1.25,54.8,69.9
1723,-13031.37,206.4824,1.31,66.7,69.8
1724,-13024.38,386.1822,1.27,51.0,69.8
1725,-13066.21,185.2734,1.24,50.5,69.8
1726,-13150.34,293.3884,1.25,53.1,69.5
1727,-12998.51,889.5982,1.33,53.8,69.2
1728,-12971.9,1714.291,1.28,52.3,68.9
1729,-12943.51,1242.48,1.35,56.1,69.2
1730,-12957.01,559.895,1.32,52.2,69.2
1731,-12889.78,539.6977,1.33,54.8,69.1
1732,-13248.19,11559.8235,1.31,54.3,69.3
1733,-13228.67,8892.7151,1.34,58.3,69.2
1734,-12970.79,799.8174,1.34,57.2,69.4
1735,-12971.85,550.1452,1.31,54.1,69.3
1736,-13045.7,509.862,1.38,58.8,68.4
1737,-13019.66,432.7834,1.3,54.1,68.4
1738,-12971.59,649.4181,1.33,57.6,68.3
1739,-13366.76,10376.0627,1.28,51.2,68.2
1740,-12911.49,1574.4277,1.33,61.8,68.6
1741,-13280.09,5359.0867,1.3,50.3,68.8
1742,-13040.07,1166.3596,1.3,50.8,68.6
1743,-13244.13,6261.9183,1.4,56.8,68.8
1744,-13024.27,914.1818,1.25,52.3,68.8
1745,-13021.67,555.7762,1.35,56.6,68.6
1746,-13015.59,410.5187,1.33,52.9,68.8
1747,-12959.44,228.8373,1.27,52.9,68.7
1748,-12962.65,305.3555,1.31,54.1,68.5
1749,-13315.81,11474.5598,1.3,54.4,68.6
1750,-12952.14,426.0695,1.34,56.2,68.8
1751,-13162.37,8189.7421,1.41,54.6,68.3
1752,-13211.33,8123.2522,1.27,52.0,68.1
1753,-13006.34,339.3917,1.27,49.8,67.9
1754,-12953.51,511.0634,1.24,50.6,67.9
1755,-12897.65,669.7546,1.26,50.1,68.0
1756,-13275.87,13956.437,1.24,50.2,67.9
1757,-13215.26,9220.6802,1.27,53.1,67.8
1758,-13587.84,18154.4648,1.22,48.1,67.9
1759,-13250.67,7859.7596,1.24,51.6,67.7
1760,-13319.86,4522.7247,1.26,51.9,67.7
1761,-13386.84,3245.432,1.21,50.3,67.8
1762,-13355.89,2902.7108,1.36,57.2,68.0
1763,-13299.66,2793.7627,1.25,49.7,68.2
1764,-13297.61,1064.7151,1.35,56.0,69.2
1765,-13294.8,737.0382,1.35,62.7,69.2
1766,-13301.84,930.1455,1.31,58.6,69.2
1767,-13291.98,881.9333,1.33,55.9,69.5
1768,-13331.08,343.5766,1.54,70.6,70.6
1769,-13263.29,443.1745,1.44,70.1,71.9
1770,-13238.76,935.8457,1.33,56.0,71.7
1771,-13244.28,602.0752,1.3,52.7,71.6
1772,-13313.63,707.4196,1.31,55.2,71.6
1773,-12995.81,13061.5383,1.29,51.1,71.6
1774,-13009.87,9793.97,1.3,54.7,71.9
1775,-13042.15,8006.5706,1.28,54.4,72.0
1776,-13006.15,2452.4181,1.29,51.2,71.9
1777,-13079.53,902.613,1.33,56.5,71.4
1778,-13009.39,412.6746,1.28,52.6,71.4
1779,-13021.5,324.2411,1.29,53.3,70.9
1780,-13015.34,304.4786,1.3,54.3,70.9
1781,-13011.58,204.0135,1.3,54.1,71.0
1782,-12952.08,217.6344,1.41,56.9,70.9
1783,-12954.08,281.5276,1.32,55.3,71.2
1784,-13261.77,12722.5437,1.34,55.0,71.1
1785,-12932.53,562.5056,1.3,55.5,71.1
1786,-12949.63,174.4553,1.3,54.2,70.9
1787,-12945.91,61.777,1.28,52.8,70.9
1788,-12926.16,476.8385,1.33,54.8,71.0
1789,-12979.18,819.3022,1.29,54.2,70.9
1790,-12975.61,204.7656,1.28,50.5,70.9
1791,-12977.19,137.7431,1.28,53.2,70.9
1792,-13209.11,2665.0225,1.31,54.1,70.8
1793,-13591.08,21463.0327,1.33,51.8,71.0
1794,-13151.47,581.4738,1.29,52.3,70.9
1795,-13154.07,483.7675,1.41,63.4,71.5
1796,-13139.97,515.5537,1.45,71.5,71.7
1797,-13071.45,568.8492,1.58,68.1,71.9
1798,-13001.02,799.1001,1.31,57.0,71.9
1799,-12966.07,227.9499,1.58,69.5,73.7
1800,-12956.49,370.696,1.41,71.6,73.0
1801,-12981.46,199.0379,1.41,58.6,73.0
1802,-13382.73,18184.7056,1.42,56.4,73.2
1803,-12906.39,1491.3572,1.3,52.8,73.1
1804,-12946.32,1077.5728,1.34,56.4,73.3
1805,-13277.51,8999.0369,1.28,49.3,73.5
1806,-13249.61,8864.2932,1.31,55.6,71.3
1807,-12923.75,1137.769,1.35,58.8,70.8
1808,-13237.7,7509.5261,1.31,55.9,69.5
1809,-13212.4,5969.8475,1.3,50.4,69.4
1810,-12927.64,3066.8297,1.31,50.4,69.4
1811,-12967.72,2760.6287,1.31,52.6,69.3
1812,-12950.96,1586.2997,1.31,57.9,69.6
1813,-12972.17,198.0741,1.38,59.0,69.7
1814,-12949.97,459.2479,1.34,57.3,69.8
1815,-12936.2,178.1684,1.26,52.3,69.7
1816,-12963.3,188.4905,1.29,52.1,69.8
1817,-12890.22,475.7007,1.52,68.4,70.8
1818,-12923.24,205.8824,1.34,55.5,70.8
1819,-12924.25,418.5384,1.29,51.0,70.8
1820,-13189.23,10547.2693,1.29,53.9,71.1
1821,-13543.62,21900.1025,1.28,54.5,70.7
1822,-13565.32,16674.3113,1.25,51.7,70.9
1823,-13184.81,3917.2452,1.26,52.0,70.5
1824,-13486.43,9431.959,1.23,49.7,70.5
1825,-13526.19,7043.1575,1.29,55.5,70.7
1826,-13522.05,5696.958,1.26,49.8,70.7
1827,-13260.62,3138.8257,1.27,51.2,70.7
1828,-13254.23,3677.6329,1.3,56.2,70.7
1829,-12965.99,11326.5737,1.27,53.3,70.8
1830,-12922.19,8008.6895,1.23,47.2,70.8
1831,-12976.15,4012.5297,1.23,50.7,70.8
1832,-12950.49,2468.9485,1.26,55.4,70.9
1833,-12961.77,1867.2838,1.26,51.4,70.8
1834,-12973.22,1441.575,1.25,50.7,70.9
1835,-12921.1,483.0551,1.23,51.4,70.9
1836,-12954.91,219.0861,1.28,54.4,70.9
1837,-13010.07,291.1991,1.25,49.9,71.0
1838,-12980.65,351.1449,1.25,50.1,70.9
1839,-12970.31,772.8374,1.32,54.9,70.9
1840,-12968.58,209.1834,1.23,52.6,71.0
1841,-12910.37,113.3205,1.26,49.4,70.9
1842,-12926.67,171.5584,1.23,51.8,71.0
1843,-12992.93,484.0562,1.26,51.4,71.0
1844,-12994.79,169.5639,1.26,51.8,71.0
1845,-12943.1,280.8984,1.26,52.9,71.3
1846,-13271.28,11573.5002,1.23,49.6,71.3
1847,-13282.43,10674.4077,1.24,51.6,71.2
1848,-13010.81,826.6946,1.24,47.6,71.3
1849,-12963.87,857.7464,1.24,49.7,71.3
1850,-12939.17,488.6453,1.28,56.1,71.4
1851,-12996.91,346.6185,1.28,55.4,71.4
1852,-12950.08,235.4584,1.25,49.4,71.5
1853,-13028.04,444.4401,1.23,50.2,71.7
1854,-12949.18,422.7549,1.28,53.9,71.7
1855,-12979.47,272.512,1.34,53.3,71.7
1856,-12971.48,96.4717,1.25,53.8,71.7
1857,-12952.95,109.6379,1.25,49.7,71.8
1858,-12940.31,8.3053,1.34,54.3,71.8
1859,-12921.33,72.6678,1.24,58.1,72.0
1860,-12917.87,450.7486,1.3,57.2,72.0
1861,-13198.95,14825.4771,1.29,55.1,72.2
1862,-12916.21,72.9296,1.23,49.9,72.2
1863,-13003.14,329.0931,1.29,50.6,72.2
1864,-13014.42,77.1446,1.25,51.5,72.2
1865,-13029.41,94.3043,1.29,54.5,72.2
1866,-13037.9,125.5323,1.25,49.1,72.4
1867,-13311.48,11939.9875,1.27,49.7,72.3
1868,-13003.29,618.3871,1.28,53.1,72.0
1869,-13295.72,7496.5032,1.29,51.7,72.1
1870,-12978.8,966.0587,1.29,50.8,72.2
1871,-12945.43,955.8353,1.24,48.1,72.3
1872,-12969.24,333.5354,1.27,52.7,72.3
1873,-12916.7,288.3643,1.26,50.6,72.5
1874,-13233.43,13472.532,1.29,52.0,72.5
1875,-12904.34,136.6003,1.26,52.4,72.8
1876,-13275.32,14369.4226,1.29,53.1,72.9
1877,-12894.68,92.1313,1.45,57.6,72.8
1878,-13277.68,14942.1948,1.67,75.6,74.1
1879,-12935.91,94.5163,1.36,56.3,74.1
1880,-12957.0,109.345,1.56,66.1,74.8
1881,-13081.07,822.9286,1.71,77.0,75.1
1882,-13034.6,179.1236,1.48,70.1,75.4
1883,-13019.05,139.8941,1.43,66.2,74.9
1884,-13008.99,237.0165,1.6,71.9,74.3
1885,-12955.06,229.9932,1.46,63.3,74.4
1886,-12977.71,321.1443,1.4,68.1,74.3
1887,-13035.33,472.8272,1.39,59.6,73.6
1888,-13028.63,265.1335,1.28,49.6,73.7
1889,-13012.88,76.7315,1.39,53.4,73.6
1890,-13461.74,21383.7363,1.38,56.3,73.2
1891,-13592.96,20556.8018,1.33,55.7,73.0
1892,-13561.3,18549.5493,1.33,52.9,73.0
1893,-13586.45,15592.5466,1.46,62.9,73.4
1894,-13562.98,12081.9275,1.55,69.9,73.7
1895,-13530.66,9235.3596,1.41,60.6,73.8
1896,-13263.0,13943.8481,1.32,55.3,73.9
1897,-13165.68,10569.5593,1.33,56.9,73.9
1898,-13664.61,7703.8237,1.37,58.8,73.5
1899,-13236.19,4882.3101,1.32,52.6,73.2
1900,-13187.52,4435.5528,1.31,56.2,73.2
1901,-13189.0,2172.9,1.33,53.1,73.3
1902,-13057.13,1682.1172,1.3,53.7,73.4
1903,-13063.93,1038.1972,1.32,56.3,73.6
1904,-13142.13,913.6044,1.33,52.9,73.7
1905,-13047.96,448.8789,1.31,53.9,73.6
1906,-13023.87,371.0153,1.33,56.6,73.7
1907,-12987.95,128.6878,1.53,61.3,73.8
1908,-12963.93,189.7473,1.33,53.4,74.1
1909,-12950.61,68.3137,1.31,53.7,74.2
1910,-13291.18,12367.6101,1.33,58.7,74.2
1911,-13300.15,11785.5425,1.34,58.3,73.4
1912,-13257.24,9366.7432,1.26,56.1,72.1
1913,-12951.08,2882.7118,1.27,49.5,72.2
1914,-13424.12,12321.3816,1.39,55.5,72.5
1915,-13382.61,10454.5759,1.35,59.0,72.5
1916,-13385.61,8520.4508,1.41,56.0,72.4
1917,-12972.31,4252.149,1.33,52.2,72.5
1918,-12961.83,3346.6604,1.28,49.6,72.3
1919,-13010.29,1950.0552,1.27,50.6,72.1
1920,-12894.76,863.837,1.27,49.7,72.1
1921,-12949.66,764.7806,1.26,52.4,72.1
1922,-12891.01,297.5317,1.29,53.7,72.1
1923,-12946.11,179.2242,1.23,52.6,72.1
1924,-13257.68,10328.0574,1.24,48.9,72.1
1925,-13259.12,8612.1975,1.26,49.6,72.2
1926,-12843.95,2968.0359,1.25,53.9,72.2
1927,-12924.29,2785.3295,1.24,50.8,71.9
1928,-12902.61,1100.8221,1.25,50.0,71.3
1929,-12908.37,672.236,1.34,53.3,71.4
1930,-12894.86,495.3435,1.25,52.5,71.5
1931,-12911.96,303.7156,1.23,50.0,71.4
1932,-12876.83,152.1413,1.28,51.5,71.4
1933,-13338.44,12789.5083,1.33,55.0,71.5
1934,-13342.19,10187.5247,1.29,48.9,71.4
1935,-13199.41,10619.8713,1.27,50.5,71.4
1936,-13593.0,18541.4712,1.35,54.0,71.4
1937,-13207.62,9118.4514,1.27,52.3,71.3
1938,-13232.24,7975.623,1.25,51.3,71.3
1939,-13189.99,5621.2582,1.34,57.0,71.2
1940,-13478.07,9425.4968,1.28,54.1,71.2
1941,-13891.13,16813.5112,1.29,51.6,71.3
1942,-13174.87,2324.6859,1.24,51.4,71.2
1943,-13190.8,1565.5935,1.26,51.9,71.3
1944,-13229.84,822.7475,1.32,58.0,71.2
1945,-13219.75,790.9427,1.24,47.6,71.3
1946,-13210.49,381.3746,1.27,50.3,71.3
1947,-13215.84,475.6867,1.29,54.0,71.3
1948,-13262.03,894.3405,1.25,54.5,71.3
1949,-13295.2,306.4615,1.26,51.9,70.0
1950,-13001.43,13947.0659,1.26,51.6,70.0
1951,-13285.67,802.3955,1.27,51.9,70.0
1952,-12908.14,12451.2805,1.24,50.0,70.0
1953,-13265.23,920.8846,1.25,50.5,70.1
1954,-13243.17,431.0082,1.26,49.1,70.0
1955,-12911.62,14800.9639,1.25,52.9,70.1
1956,-12995.0,10269.4214,1.24,50.0,70.1
1957,-12990.17,7872.2539,1.3,52.4,70.1
1958,-12980.64,4672.9791,1.35,55.8,70.1
1959,-12989.15,1584.9741,1.23,54.6,70.1
1960,-13009.18,1512.2769,1.24,52.3,70.1
1961,-13485.61,19298.3203,1.3,53.6,70.0
1962,-13052.19,1155.7053,1.28,52.4,70.0
1963,-13107.96,608.4827,1.27,51.4,70.0
1964,-13042.07,455.3259,1.34,57.8,70.0
1965,-13034.07,407.7474,1.31,60.2,69.9
1966,-13023.32,455.0269,1.26,51.3,70.0
1967,-13017.67,158.5253,1.25,50.2,70.2
1968,-13016.11,287.808,1.25,49.5,70.2
1969,-13088.81,818.7881,1.26,53.9,70.2
1970,-13085.94,529.5754,1.22,49.5,70.0
1971,-13016.13,179.3664,1.27,52.9,69.9
1972,-13136.49,754.5929,1.28,52.6,69.8
1973,-13011.88,367.3589,1.24,51.1,69.9
1974,-12934.47,1268.9294,1.23,53.4,70.0
1975,-12985.07,292.4934,1.27,51.6,69.9
1976,-12977.01,54.1257,1.31,56.6,70.0
1977,-12985.18,171.6423,1.27,53.9,70.0
1978,-12970.1,175.9617,1.27,55.1,70.0
1979,-13231.2,10886.3394,1.28,49.0,70.1
1980,-12905.86,1205.3407,1.31,59.8,69.6
1981,-12895.74,835.8612,1.23,51.5,69.8
1982,-12921.58,211.4812,1.29,53.2,69.6
1983,-12933.2,859.5944,1.33,52.6,69.8
1984,-12870.05,193.8281,1.22,48.5,69.8
1985,-12851.45,350.2047,1.31,57.1,69.9
1986,-13524.92,25583.9409,1.36,56.2,70.0
1987,-12865.43,195.7612,1.3,56.3,70.4
1988,-13503.39,21866.5093,1.49,62.4,71.4
1989,-13196.8,8386.6357,1.41,66.0,72.2
1990,-13177.74,6534.8302,1.33,58.4,72.1
1991,-13158.44,3107.1276,1.29,56.4,71.8
1992,-13149.87,2878.8356,1.32,56.7,72.1
1993,-13152.35,1116.7063,1.29,54.2,72.4
1994,-13429.92,9489.6133,1.33,56.8,72.5
1995,-13130.88,412.6039,1.46,71.8,73.1
1996,-13137.71,196.9474,1.42,64.6,73.3
1997,-13147.89,450.1199,1.37,58.7,73.4
1998,-13154.66,155.5335,1.34,56.1,73.4
1999,-13215.6,197.0854,1.46,60.1,74.1
2000,-13188.48,930.7672,1.31,52.9,74.0
2001,-13176.59,496.6579,1.35,55.1,74.0
2002,-13211.33,185.9171,1.37,55.0,74.2
2003,-13228.12,263.69,1.3,57.6,74.1
2004,-13147.04,321.1515,1.29,54.0,74.3
2005,-13216.24,149.2507,1.33,52.8,74.4
2006,-13201.99,295.0671,1.32,53.3,74.3
2007,-13168.72,137.5041,1.33,55.3,74.1
2008,-13131.42,382.1928,1.37,58.9,74.1
2009,-13111.19,170.4174,1.34,54.8,74.2
2010,-13456.61,12460.1521,1.31,53.4,74.1
2011,-13443.12,11234.2764,1.31,54.8,74.2
2012,-13452.15,9614.7012,1.31,54.0,74.3
2013,-13403.62,8942.842,1.31,55.7,74.3
2014,-13428.88,7138.8044,1.36,58.4,74.4
2015,-13412.34,5754.1526,1.34,53.4,73.1
2016,-13459.46,4460.6509,1.3,53.5,73.2
2017,-13415.29,4025.6213,1.32,59.2,73.5
2018,-13461.17,2902.4423,1.32,51.7,73.5
2019,-13495.05,2469.3365,1.33,58.6,73.6
2020,-13159.36,9783.793,1.71,77.6,74.0
2021,-13192.03,7213.2316,1.38,65.2,74.4
2022,-13172.2,5479.819,1.35,57.7,73.8
2023,-13154.76,5083.8676,1.33,56.0,73.8
2024,-13187.27,3631.9031,1.36,59.5,74.0
2025,-13170.07,2506.7553,1.32,54.9,74.0
2026,-13227.69,1807.2129,1.32,57.4,74.2
2027,-13185.76,974.3517,1.27,50.3,73.9
2028,-13232.64,501.277,1.27,51.7,73.8
2029,-13305.79,865.6021,1.27,52.6,73.8
2030,-13264.94,643.4432,1.29,50.6,73.2
2031,-13296.9,375.293,1.29,56.6,72.5
2032,-13321.91,187.9441,1.29,54.7,72.3
2033,-13279.06,299.0801,1.27,48.7,72.3
2034,-13306.03,434.6129,1.28,51.8,72.2
2035,-12997.4,14652.7781,1.27,54.1,72.2
2036,-13325.32,378.7471,1.31,48.8,72.3
2037,-13337.38,397.7838,1.26,48.6,72.1
2038,-13291.27,141.8069,1.28,54.3,72.2
2039,-12985.21,15131.9351,1.3,52.3,72.3
2040,-13006.71,12837.5581,1.29,54.5,71.8
2041,-12969.98,10282.7974,1.29,49.6,71.5
2042,-12982.18,5313.1954,1.26,53.3,71.6
2043,-12970.5,2688.5701,1.28,50.2,71.5
2044,-12980.99,2095.1726,1.25,49.4,71.5
2045,-12930.42,1493.9661,1.29,57.6,71.2
2046,-12961.91,676.1124,1.26,49.6,71.2
2047,-13263.56,8110.4319,1.24,53.4,70.9
2048,-13289.47,5452.3442,1.26,51.5,71.0
2049,-13260.72,3015.6714,1.31,51.5,70.9
2050,-13010.97,7659.4302,1.28,52.7,71.0
2051,-12924.79,8019.9429,1.28,50.7,70.9
2052,-12984.19,5045.1516,1.25,47.3,71.0
2053,-13448.34,14098.9417,1.32,51.0,71.0
2054,-12979.92,2232.1075,1.28,53.6,71.0
2055,-12978.18,1245.3018,1.26,48.8,71.0
2056,-13433.94,13824.2605,1.34,52.3,71.0
2057,-13021.49,478.9557,1.24,49.7,71.1
2058,-12995.98,193.8629,1.27,51.9,71.1
2059,-13009.25,232.372,1.3,52.0,71.1
2060,-13010.63,257.5624,1.28,52.6,71.1
2061,-12995.25,112.6704,1.26,49.8,71.1
2062,-13256.89,9272.4468,1.25,48.9,71.1
2063,-13244.3,8125.3839,1.27,51.6,71.1
2064,-13221.46,4444.1622,1.27,53.7,70.2
2065,-13234.94,3574.7961,1.26,49.7,70.1
2066,-13233.23,2775.0453,1.26,46.8,70.1
2067,-13255.74,1881.9147,1.29,52.4,70.2
2068,-13311.17,806.521,1.25,52.6,70.1
2069,-13257.4,404.1006,1.42,65.0,71.2
2070,-13285.63,452.5555,1.26,57.8,71.3
2071,-13322.3,342.5506,1.29,56.9,71.2
2072,-13262.06,361.7416,1.28,51.7,71.2
2073,-13267.3,205.2126,1.25,49.7,71.3
2074,-13247.51,86.2549,1.28,52.7,71.1
2075,-13260.06,135.3155,1.25,52.7,71.1
2076,-13302.35,430.4196,1.26,50.9,71.2
2077,-13293.5,284.8661,1.23,48.9,71.1
2078,-13234.56,113.9103,1.28,54.6,71.1
2079,-13258.5,170.4735,1.25,49.2,71.2
2080,-13199.81,227.6595,1.31,52.1,71.3
2081,-13219.63,110.3679,1.32,55.6,71.4
2082,-13197.54,146.8236,1.38,60.3,71.5
2083,-13183.23,43.053,1.29,51.6,71.5
2084,-13267.06,432.008,1.31,53.6,71.5
2085,-13220.31,385.9623,1.29,52.6,71.6
2086,-13230.51,443.4394,1.32,55.8,71.6
2087,-13222.51,251.9482,1.3,49.1,71.5
2088,-13200.45,712.853,1.28,49.5,71.6
2089,-13493.11,11066.9863,1.35,56.4,71.6
2090,-13209.91,471.3997,1.34,64.9,69.8
2091,-13195.41,519.1255,1.33,56.7,70.4
2092,-13208.44,465.9488,1.35,54.6,70.5
2093,-13439.42,10969.0181,1.37,58.9,70.5
2094,-13501.39,10049.2651,1.28,49.6,70.7
2095,-13187.49,1062.8051,1.25,51.9,70.7
2096,-13205.68,553.976,1.32,52.1,70.8
2097,-13214.71,278.3582,1.21,51.5,70.9
2098,-13204.04,205.706,1.26,53.7,70.9
2099,-13232.22,445.2261,1.3,62.0,70.9
2100,-13262.58,109.657,1.27,55.2,71.0
2101,-13256.26,146.032,1.22,50.0,71.1
2102,-13235.45,98.7573,1.26,51.0,71.2
2103,-13200.11,172.1937,1.23,52.4,71.2
2104,-13480.1,12775.9004,1.26,52.0,71.3
2105,-13213.6,215.6207,1.25,54.7,71.6
2106,-13198.21,83.6707,1.24,53.0,71.5
2107,-13205.21,87.2904,1.27,50.4,71.6
2108,-13185.7,93.1616,1.25,52.5,71.7
2109,-13213.75,120.6399,1.24,53.0,71.7
2110,-13531.82,10721.3562,1.28,50.2,71.8
2111,-13220.14,347.584,1.32,52.2,71.8
2112,-13476.14,7591.6255,1.21,50.8,71.9
2113,-13462.77,7811.274,1.25,51.2,72.0
2114,-13410.31,6150.027,1.25,52.0,72.0
2115,-13449.14,5859.0474,1.23,57.0,72.2
2116,-13469.79,5176.08,1.27,49.9,72.3
2117,-13408.82,4099.4455,1.23,50.8,72.3
2118,-13430.6,3194.4854,1.31,53.0,72.4
2119,-13445.81,2580.2464,1.24,51.6,72.5
2120,-13379.99,1768.8893,1.23,47.8,72.6
2121,-13470.25,2044.8951,1.67,89.4,73.3
2122,-13451.9,1667.7467,1.8,88.8,73.4
2123,-13409.31,1335.1886,1.78,92.5,72.8
2124,-13451.13,1327.3443,1.89,88.4,72.9
2125,-13498.12,1383.3209,1.34,68.1,72.7
2126,-13506.03,751.1534,1.25,53.6,72.8
2127,-13502.83,474.5394,1.27,48.4,71.1
2128,-13154.46,10369.1794,1.26,51.3,71.2
2129,-13145.13,8704.7339,1.24,52.3,71.2
2130,-13227.81,7279.238,1.25,51.6,71.2
2131,-13202.5,6016.7672,1.31,50.7,71.4
2132,-13235.17,4258.5732,1.28,58.7,71.5
2133,-13244.53,3347.6604,1.31,57.8,71.5
2134,-13299.4,1614.0183,1.35,56.2,71.5
2135,-13274.21,1859.3569,1.3,52.6,71.5
2136,-13258.12,1121.2981,1.49,66.4,73.1
2137,-13300.55,762.0064,1.36,62.1,72.4
2138,-13293.85,741.8601,1.33,59.2,72.2
2139,-13283.46,710.984,1.27,54.9,72.2
2140,-13271.58,461.5476,1.35,52.1,72.3
2141,-13261.27,172.1858,1.34,52.7,72.3
2142,-13257.15,236.3097,1.51,64.0,73.0
2143,-13258.44,168.4451,1.36,62.1,72.5
2144,-13227.82,262.5681,1.3,56.5,72.5
2145,-13195.9,158.8901,1.33,65.3,72.7
2146,-13230.4,211.9529,1.4,67.5,73.6
2147,-13257.15,415.3446,1.51,66.6,73.7
2148,-13224.28,358.1366,1.39,66.3,74.0
2149,-13198.17,188.826,1.36,57.3,73.8
2150,-13176.99,154.1031,1.37,62.0,73.9
2151,-13446.19,10220.7507,1.36,56.8,73.8
2152,-13191.08,219.9966,1.36,58.2,73.9
2153,-13191.84,177.7872,1.37,57.5,73.8
2154,-13454.55,9359.8098,1.38,59.1,73.8
2155,-13248.62,475.3524,1.43,60.5,73.7
2156,-13506.98,8107.4854,1.37,57.3,73.6
2157,-13238.85,644.725,1.41,60.5,73.5
2158,-13246.4,674.805,1.37,61.3,73.6
2159,-13234.35,247.3841,1.36,56.7,73.8
2160,-13184.73,263.8477,1.27,53.6,73.6
2161,-13209.67,424.5626,1.29,50.8,73.7
2162,-13185.45,158.0254,1.31,53.1,73.4
2163,-13229.34,120.9691,1.28,54.2,73.3
2164,-13237.34,153.5637,1.28,56.0,73.3
2165,-13204.79,101.9896,1.28,55.5,73.0
2166,-13202.0,200.0556,1.26,52.0,72.8
2167,-13238.04,196.9231,1.33,55.3,72.6
2168,-13234.87,222.5682,1.23,52.2,72.7
2169,-13531.66,9373.3704,1.27,52.0,72.9
2170,-13530.09,8123.3083,1.3,55.1,72.9
2171,-13464.27,7139.8479,1.24,50.8,73.0
2172,-13498.58,5252.7965,1.27,52.1,73.0
2173,-13192.29,2989.4736,2.47,86.6,73.7
2174,-13213.17,1692.0627,2.18,97.8,73.3
2175,-13189.98,1781.9128,3.73,97.8,73.0
2176,-13174.34,1434.222,1.29,69.1,72.7
2177,-13192.89,481.653,1.32,54.4,72.7
2178,-13242.12,800.502,1.33,54.2,72.9
2179,-13265.53,560.3314,1.33,57.6,72.9
2180,-13276.78,408.7538,1.28,53.9,72.9
2181,-13270.93,550.0308,1.31,56.2,72.9
2182,-13187.49,723.5399,1.32,57.8,72.9
2183,-13225.01,230.2426,1.24,54.3,72.9
2184,-13168.5,420.6711,1.32,51.5,72.9
2185,-13236.86,609.9294,1.28,53.0,72.9
2186,-13191.2,230.1086,1.29,56.0,73.0
2187,-13183.46,319.6139,1.83,74.6,73.4
2188,-13458.62,8859.6003,1.87,92.1,73.4
2189,-13422.95,7755.5199,1.97,92.1,73.6
2190,-13133.57,1021.3235,2.22,92.6,73.9
2191,-13222.82,277.9633,1.32,72.0,73.3
2192,-13448.4,7271.4684,1.25,50.9,73.3
2193,-13206.82,3620.6602,1.28,53.5,72.7
2194,-13169.41,429.1802,1.26,53.1,72.9
2195,-13201.19,318.7113,1.34,56.1,72.8
2196,-13238.05,566.9265,1.28,52.6,72.8
2197,-13164.28,534.0512,1.29,54.5,72.9
2198,-13197.42,352.5379,1.29,56.5,72.9
2199,-13205.46,288.1418,1.28,52.1,73.0
2200,-13171.29,398.9064,1.27,56.4,73.1
2201,-13492.67,8890.3987,1.34,56.7,72.6
2202,-13178.58,505.4111,1.34,58.3,72.7
2203,-13195.85,345.6068,1.28,52.0,72.6
2204,-13254.98,186.2763,1.29,52.0,72.7
2205,-13137.29,294.6787,1.33,55.1,72.6
2206,-13152.9,148.1383,1.27,55.2,72.8
2207,-13495.62,10392.3577,1.28,51.6,72.8
2208,-13508.0,9550.446,1.33,56.0,72.8
2209,-13201.57,355.4581,1.24,51.4,72.9
2210,-13514.67,8255.8174,1.31,57.1,73.0
2211,-13221.88,364.4003,1.23,53.6,73.0
2212,-13226.96,232.3049,1.87,79.9,73.4
2213,-13193.54,244.8768,1.87,92.7,73.3
2214,-13226.21,367.1726,1.94,92.5,73.3
2215,-13201.01,79.2299,1.75,90.3,73.4
2216,-13237.1,159.8804,1.35,70.7,73.1
2217,-13539.56,8866.6538,1.3,52.2,73.2
2218,-13525.91,8197.2838,1.26,54.5,73.3
2219,-13221.83,1322.9249,1.31,54.3,73.4
2220,-13244.46,1140.7002,1.29,52.7,73.5
2221,-13218.37,504.5415,1.33,55.8,73.6
2222,-13244.84,187.9695,1.27,54.4,73.6
2223,-13212.57,139.9803,1.28,53.1,73.8
2224,-13246.52,132.113,1.29,54.5,74.0
2225,-13175.86,179.1806,1.3,54.9,73.9
2226,-13172.28,243.3777,1.28,56.5,74.0
2227,-13228.58,338.8253,1.25,51.4,74.1
2228,-13198.2,111.4882,1.33,57.2,74.2
2229,-13192.88,70.4272,1.29,51.9,74.2
2230,-13161.18,62.0792,1.28,56.0,74.2
2231,-13628.98,19096.3457,1.3,50.4,74.2
2232,-13621.56,18341.3599,1.39,57.5,74.2
2233,-13592.26,15224.3562,1.33,55.5,74.0
2234,-13897.7,20350.2261,1.33,54.2,74.1
2235,-13592.26,10527.5151,1.39,57.7,74.2
2236,-13617.0,9410.0088,1.35,58.8,74.3
2237,-13631.51,7462.2341,1.39,59.5,74.5
2238,-13583.11,6754.939,1.29,54.7,74.5
2239,-13186.51,14270.1506,1.3,54.5,74.6
2240,-13165.5,12975.5066,1.31,51.5,74.7
2241,-13128.28,9396.1016,1.27,56.9,74.8
2242,-13117.25,5282.3243,1.33,52.6,73.2
2243,-13887.86,17256.6331,1.31,54.2,73.2
2244,-13876.19,17945.8286,1.31,52.3,73.3
2245,-13896.31,15451.7292,1.99,83.8,73.7
2246,-13593.87,5772.7344,1.89,93.5,73.6
2247,-13643.16,4380.9451,1.65,95.7,73.9
2248,-13179.37,9430.3513,1.93,91.1,73.8
2249,-13165.8,8892.4363,1.32,69.7,73.4
2250,-13418.43,14690.9492,1.25,52.9,73.4
2251,-13101.89,6087.734,1.3,56.7,72.9
2252,-13446.57,10743.2068,1.28,57.8,73.0
2253,-13555.68,7510.0013,1.28,53.7,73.1
2254,-13869.77,13717.281,1.33,54.5,73.1
2255,-13112.3,2458.5002,1.35,56.6,73.2
2256,-13115.56,2282.9834,1.37,57.9,73.1
2257,-13424.64,7644.2103,1.31,54.9,73.2
2258,-13847.13,14230.8018,1.86,81.0,73.2
2259,-13534.13,9567.593,1.87,90.2,73.3
2260,-13127.29,2635.9261,1.8,93.1,73.2
2261,-13380.0,5882.5614,1.92,92.0,73.3
2262,-13113.41,2382.7194,1.28,64.6,73.0
2263,-13564.42,10527.8708,1.3,54.4,72.9
2264,-13400.92,5919.7589,1.33,57.0,73.0
2265,-13091.63,2345.4987,1.3,54.2,73.0
2266,-13085.69,1839.8289,1.32,55.5,72.9
2267,-13570.95,11187.6157,1.32,52.6,72.7
2268,-13401.23,7247.6482,1.28,55.1,72.7
2269,-13422.42,6256.424,1.31,51.8,72.7
2270,-13529.0,9382.2976,1.31,53.7,72.7
2271,-13083.75,3361.2277,1.3,54.8,72.4
2272,-13134.81,2567.8642,1.51,82.9,72.8
2273,-13169.84,5599.0723,1.56,89.1,72.8
2274,-13085.86,1267.0189,1.64,84.1,72.7
2275,-13087.65,834.1681,1.51,84.9,72.8
2276,-13527.17,14233.584,1.41,59.2,72.5
2277,-13532.92,12863.748,1.42,54.6,72.6
2278,-13866.44,18114.2358,1.36,55.9,72.6
2279,-13431.26,8814.7285,1.49,68.9,72.9
2280,-13132.69,2076.61,1.52,71.1,72.7
2281,-13449.11,7548.8242,1.41,72.0,72.9
2282,-13121.38,2393.0912,1.42,62.2,73.9
2283,-13147.63,1473.2809,1.46,62.4,74.3
2284,-13139.44,878.766,1.55,75.8,73.3
2285,-13143.11,816.0399,1.56,93.5,73.4
2286,-13156.18,804.0542,1.4,78.9,71.5
2287,-13198.02,660.8726,1.46,74.6,71.4
2288,-13173.9,186.0769,1.27,52.1,71.4
2289,-13111.37,446.9525,1.32,55.3,71.4
2290,-13121.16,334.9212,1.34,58.0,71.4
2291,-13158.06,384.2321,1.29,52.0,71.6
2292,-13584.35,13678.3892,1.31,54.3,71.5
2293,-13530.78,10029.5601,1.31,51.4,71.5
2294,-13516.48,7840.7313,1.39,59.3,71.5
2295,-13449.8,9674.686,1.31,56.3,71.6
2296,-13436.33,10287.9453,1.29,54.2,71.8
2297,-13620.69,4967.186,1.36,55.2,71.7
2298,-13195.23,5062.7926,1.3,55.6,71.8
2299,-13206.11,3775.7847,1.3,53.6,71.9
2300,-13653.74,6056.8428,1.36,58.4,72.0
2301,-13216.14,1508.5539,1.33,58.3,72.0
2302,-13125.7,1906.9293,1.26,52.0,72.4
2303,-13130.32,775.4205,1.32,55.3,72.3
2304,-13174.1,656.0952,1.51,72.5,72.3
2305,-13134.02,351.011,1.43,72.4,72.4
2306,-13117.97,156.2265,1.4,71.4,72.6
2307,-13429.84,10175.3157,1.39,62.8,73.4
2308,-13114.44,273.3957,1.38,66.9,73.9
2309,-13109.1,404.6854,1.45,62.1,74.3
2310,-13101.55,107.8082,1.35,62.4,74.2
2311,-13109.66,223.0813,1.49,72.6,72.8
2312,-13119.16,243.532,1.27,55.0,72.7
2313,-13082.2,154.0784,1.29,56.4,72.8
2314,-13072.4,87.5887,1.23,53.4,72.8
2315,-13381.58,10818.8977,1.28,58.5,72.9
2316,-13113.34,125.1674,1.25,54.8,72.8
2317,-13364.76,8882.2791,1.26,53.6,72.9
2318,-13066.79,429.7431,1.31,53.4,73.0
2319,-13101.33,665.1791,1.31,58.6,72.7
2320,-13367.24,7843.2113,1.3,53.5,72.7
2321,-13070.3,688.0656,1.28,53.6,72.7
2322,-13043.92,524.6204,1.31,57.7,72.9
2323,-13059.44,316.8964,1.31,53.1,73.0
2324,-13080.06,211.5294,1.27,55.0,73.0
2325,-13037.49,131.3173,1.27,55.1,73.1
2326,-13080.17,154.5454,1.27,52.5,73.1
2327,-13042.11,74.6425,1.27,51.2,73.3
2328,-13073.01,46.2362,1.29,54.0,73.2
2329,-13087.88,72.9718,1.31,55.1,73.1
2330,-13058.26,279.0778,1.3,55.9,73.2
2331,-13142.77,245.7511,1.27,51.2,73.2
2332,-13369.79,10245.387,1.3,54.5,73.3
2333,-13359.15,9219.4878,1.31,56.1,73.4
2334,-13822.56,18171.4775,1.32,55.9,73.5
2335,-13413.58,7246.0963,1.3,49.8,73.6
2336,-13090.7,2804.675,1.35,59.0,73.6
2337,-13117.09,2282.2134,1.3,54.6,73.7
2338,-13071.56,1493.3623,1.26,54.8,73.7
2339,-13851.59,20286.291,1.29,52.3,73.5
2340,-13528.11,14452.2549,1.34,59.5,73.6
2341,-13095.62,843.7005,1.28,56.7,73.7
2342,-13532.91,11697.2458,1.32,55.3,73.8
2343,-13087.82,896.5446,1.28,52.8,74.0
2344,-13077.42,873.5138,1.28,52.9,74.1
2345,-13076.53,546.6942,1.23,51.4,74.1
2346,-13055.42,484.1351,1.29,57.9,74.2
2347,-13105.48,265.1616,1.27,54.6,74.2
2348,-13073.45,55.286,1.27,52.3,74.3
2349,-13373.47,8706.4636,1.25,51.7,74.3
2350,-13392.63,8263.0375,1.3,54.6,73.9
2351,-13084.8,883.9146,1.27,56.5,74.1
2352,-13089.93,823.4458,1.32,55.0,74.2
2353,-13089.31,595.8735,1.25,54.1,74.2
2354,-13090.8,255.5488,1.3,52.6,74.2
2355,-13519.55,14602.4163,1.3,54.5,74.3
2356,-13548.54,12499.2815,1.33,54.8,74.4
2357,-13140.55,259.4102,1.26,52.9,74.4
2358,-13558.35,9854.0273,1.33,56.3,74.6
2359,-13108.35,553.4834,1.26,49.8,73.0
2360,-13138.05,592.6405,1.27,53.2,73.1
2361,-13118.75,278.8898,1.37,58.0,73.2
2362,-13109.76,175.2938,1.26,53.5,73.3
2363,-13112.07,137.6971,1.33,56.3,73.3
2364,-13096.56,63.7614,1.26,52.1,73.4
2365,-13100.06,60.7491,1.29,54.3,73.4
2366,-13174.84,435.8912,1.29,53.8,73.5
2367,-13179.61,204.3978,1.26,54.6,73.5
2368,-13159.5,174.7786,1.26,54.5,73.5
2369,-13173.7,155.1288,1.27,53.4,73.6
2370,-13219.84,256.6663,1.27,49.7,73.7
2371,-13206.69,135.6119,1.26,52.6,73.1
2372,-13630.62,12630.2871,1.33,56.3,73.3
2373,-13154.94,861.2564,1.24,50.1,73.3
2374,-13186.37,631.4198,1.26,53.5,73.4
2375,-13151.43,768.2901,1.26,52.6,73.0
2376,-13148.83,362.7123,1.27,53.7,73.2
2377,-13109.96,102.0154,1.26,52.7,73.2
2378,-13412.71,10033.9998,1.27,52.0,73.3
2379,-13132.7,156.6075,1.25,54.3,73.3
2380,-13126.63,102.2126,1.31,56.3,73.1
2381,-13116.72,97.3067,1.31,52.9,73.2
2382,-13127.84,38.549,1.27,53.4,72.7
2383,-13116.42,134.3582,1.38,58.3,72.8
2384,-13095.97,151.7239,1.32,55.0,72.7
2385,-13345.89,8814.5574,1.34,58.6,72.7
2386,-13379.64,8831.9219,1.35,56.0,72.7
2387,-13358.16,8157.1177,1.35,56.9,72.7
2388,-13366.06,6872.6707,1.31,55.8,72.7
2389,-13340.06,5833.79,1.35,58.6,72.7
2390,-13328.39,4331.0461,1.33,59.9,72.7
2391,-13956.85,41831.8672,1.28,51.4,72.5
2392,-13634.64,20872.1572,1.25,52.0,72.5
2393,-13566.8,16368.2434,1.26,52.5,72.5
2394,-13565.77,12682.2163,1.29,53.7,72.6
2395,-13669.78,10824.8672,1.27,51.9,72.6
2396,-13542.68,9388.1799,1.29,56.1,72.6
2397,-13360.69,7241.2445,1.3,51.7,72.7
2398,-13623.45,6434.9083,1.27,52.5,72.8
2399,-13220.24,5055.1398,1.29,51.8,72.7
2400,-13823.63,14529.7732,1.3,55.6,72.7
2401,-13303.49,3212.1729,1.28,55.7,72.9
2402,-13348.22,2887.3452,1.26,54.9,73.0
2403,-13234.47,1776.6903,1.3,54.3,73.1
2404,-13250.22,1162.0559,1.33,55.0,73.1
2405,-13324.38,1068.6767,1.3,52.4,73.1
2406,-13229.75,396.1746,1.29,53.0,73.1
2407,-13673.58,21663.8813,1.27,54.4,73.2
2408,-13523.44,9736.6926,1.27,53.1,73.2
2409,-13530.24,8285.6632,1.28,50.6,73.2
2410,-13486.81,5780.9921,1.26,54.1,73.2
2411,-13172.02,9615.7402,1.31,55.7,73.2
2412,-13212.24,7925.2422,1.28,53.6,73.1
2413,-13174.92,6051.1371,1.26,52.1,72.7
2414,-13737.44,13434.1421,1.38,56.0,72.7
2415,-13628.6,9276.2766,1.33,55.7,72.7
2416,-13603.74,6894.1095,1.28,55.3,72.8
2417,-13181.34,2597.3678,1.24,52.2,72.9
2418,-13550.9,5691.0945,1.29,56.5,73.0
2419,-13591.25,4623.5837,1.28,54.5,73.1
2420,-13512.45,3312.3269,1.25,55.1,73.0
2421,-13596.32,2922.8826,1.22,52.1,73.1
2422,-13513.77,2037.6082,1.33,55.5,73.1
2423,-13234.27,7718.3307,1.28,51.2,73.0
2424,-13590.86,1576.0946,1.31,54.4,73.1
2425,-13349.83,8023.9404,1.23,50.0,73.2
2426,-13330.97,6598.6202,1.28,54.8,73.3
2427,-13352.64,4276.8401,1.25,49.8,73.3
2428,-13299.58,2393.1514,1.33,58.3,73.5
2429,-13302.89,1560.217,1.38,58.9,73.6
2430,-13202.95,517.6871,1.31,54.9,73.6
2431,-13235.16,341.786,1.3,55.2,73.7
2432,-13216.63,358.7136,1.34,53.5,73.4
2433,-13233.77,318.7794,1.3,54.1,72.8
2434,-13209.63,217.3197,1.22,49.6,72.8
2435,-13175.85,74.1777,1.33,54.6,72.9
2436,-13199.18,96.4034,1.24,51.6,72.1
2437,-13569.7,12555.6838,1.3,52.8,72.0
2438,-13167.48,754.5908,1.23,52.7,71.9
2439,-13227.22,310.1417,1.26,50.7,71.9
2440,-13253.86,169.0491,1.36,56.5,71.9
2441,-13235.76,108.2933,1.28,55.4,72.0
2442,-13210.64,212.2482,1.27,53.3,72.0
2443,-13276.16,310.5213,1.3,54.7,72.0
2444,-13217.62,189.6442,1.28,56.8,72.1
2445,-13205.67,162.9109,1.31,52.6,72.2
2446,-13328.2,494.2904,1.27,53.0,72.2
2447,-13168.26,386.3363,1.35,57.7,72.2
2448,-13139.73,334.5391,1.25,53.9,72.3
2449,-13189.27,59.442,1.31,52.1,72.4
2450,-13156.33,152.0208,1.27,52.0,72.4
2451,-13207.46,180.5151,1.34,57.6,72.5
2452,-13240.99,343.2862,1.28,54.3,72.0
2453,-13229.07,125.1555,1.32,53.8,72.0
2454,-13206.33,42.0206,1.28,51.6,72.1
2455,-13188.94,57.0942,1.32,57.0,72.2
2456,-13228.38,147.3035,1.31,52.5,72.2
2457,-13166.82,253.4347,1.28,52.3,72.2
2458,-13159.69,145.7878,1.33,56.7,72.3
2459,-13165.6,67.1819,1.3,58.4,72.3
2460,-13169.87,58.3339,1.31,54.5,72.4
2461,-13156.23,109.822,1.27,51.6,72.4
2462,-13143.74,43.442,1.35,60.1,72.4
2463,-13119.7,34.6649,1.32,51.6,72.6
2464,-13120.46,42.0244,1.23,50.9,72.5
2465,-13163.47,47.8625,1.31,53.9,72.5
2466,-13159.47,132.0325,1.31,51.8,72.5
2467,-13158.49,50.5323,1.31,52.7,73.0
2468,-13130.58,76.2503,1.38,57.5,73.0
2469,-13149.48,114.1984,1.37,60.7,72.9
2470,-13126.93,44.8587,1.36,57.7,72.9
2471,-13081.67,44.5326,1.48,67.1,73.5
2472,-13109.74,159.1363,1.35,55.0,73.6
2473,-13058.07,351.7898,1.31,54.9,73.6
2474,-13065.19,172.7388,1.42,68.7,73.9
2475,-13111.55,198.0133,1.6,69.4,74.4
2476,-13092.7,82.384,1.54,72.3,73.2
2477,-13045.58,192.6984,1.36,66.4,73.1
2478,-13074.56,74.1241,1.38,54.2,73.1
2479,-13041.48,111.1463,1.39,60.4,73.1
2480,-13086.97,53.3499,1.32,55.9,72.8
2481,-13115.0,84.2638,1.42,60.9,73.1
2482,-13079.15,144.0554,1.35,60.5,73.1
2483,-13116.17,56.9746,1.41,57.9,73.2
2484,-13120.84,71.9788,1.29,53.3,73.2
2485,-13096.9,85.2798,1.33,57.6,73.1
2486,-13063.61,125.424,1.35,54.0,73.2
2487,-13094.68,152.7415,1.31,49.7,73.3
2488,-13068.07,30.0902,1.29,52.3,73.1
2489,-13229.27,818.8246,1.29,50.0,73.2
2490,-13346.86,1563.1276,1.32,56.4,73.1
2491,-13798.8,16583.6523,1.31,56.2,72.3
2492,-13376.86,696.5661,1.34,52.6,72.3
2493,-13876.58,13190.8369,1.32,55.2,71.4
2494,-13421.53,1538.1803,1.34,54.0,71.3
2495,-13403.5,748.6149,1.28,52.7,71.2
2496,-13328.19,536.4371,1.33,52.0,71.4
2497,-13425.15,713.4953,1.31,50.8,71.5
2498,-13869.89,15678.1218,1.38,55.1,71.4
2499,-13839.11,12005.0325,1.31,52.4,71.4
2500,-13311.52,1160.7687,1.32,51.8,71.2
2501,-13375.16,1211.971,1.28,51.8,71.2
2502,-13375.67,767.0906,1.28,50.2,71.2
2503,-13424.49,495.1954,1.3,53.2,71.0
2504,-13276.89,207.1051,1.27,50.6,70.9
2505,-13326.05,144.3614,1.31,50.6,70.9
2506,-13236.86,314.3202,1.28,53.1,70.9
2507,-13300.21,242.2652,1.31,51.0,70.9
2508,-13248.88,269.6931,1.33,54.5,70.9
2509,-13259.57,102.3063,1.33,49.5,70.9
2510,-13240.83,124.3297,1.27,56.3,70.9
2511,-13214.89,177.2052,1.29,50.8,70.9
2512,-13196.65,57.5012,1.29,54.9,71.0
2513,-13193.93,34.3399,1.29,50.5,70.9
2514,-13246.93,45.2083,1.33,55.5,70.9
2515,-13313.75,503.0676,1.29,50.7,70.9
2516,-13185.49,380.9303,1.31,54.0,71.0
2517,-13228.13,66.6956,1.26,52.4,71.0
2518,-13268.64,211.9801,1.33,54.6,70.9
2519,-13205.21,82.0449,1.35,58.3,71.0
2520,-13260.9,241.5997,1.37,55.6,71.1
2521,-13268.57,83.3898,1.32,58.3,71.0
2522,-13238.32,258.5021,1.32,58.0,71.0
2523,-13233.66,193.3788,1.34,54.8,71.0
2524,-13239.44,94.2444,1.33,56.0,71.3
2525,-13246.23,213.9697,1.27,52.0,71.2
2526,-13266.54,52.5466,1.3,48.3,71.0
2527,-13309.32,378.0638,1.36,54.3,70.9
2528,-13191.25,332.5435,1.29,53.5,71.0
2529,-13326.15,407.6486,1.28,51.6,70.9
2530,-13200.08,33.8843,1.37,54.2,70.9
2531,-13238.67,148.0744,1.3,51.2,70.9
2532,-13236.74,21.3643,1.33,52.9,70.8
2533,-13220.6,63.8282,1.3,50.3,70.8
2534,-13191.78,37.5008,1.38,59.9,71.0
2535,-13199.33,23.3832,1.32,52.7,71.0
2536,-13235.84,89.1249,1.35,55.0,71.1
2537,-13215.48,271.7403,1.35,56.5,71.3
2538,-13194.32,277.219,1.31,52.8,71.2
2539,-13204.84,86.3684,1.34,56.3,71.4
2540,-13260.84,159.2569,1.29,57.4,71.7
2541,-13221.13,43.1185,1.28,59.1,71.8
2542,-13209.3,100.4491,1.25,54.1,71.7
2543,-13208.73,87.3905,1.29,53.4,71.9
2544,-13185.23,153.6992,1.25,53.7,71.8
2545,-13195.26,306.9756,1.26,54.5,72.0
2546,-13153.41,117.9973,1.28,53.1,71.9
2547,-13543.24,16357.8455,1.32,53.7,72.0
2548,-13432.57,12327.4207,1.32,54.3,72.1
2549,-13559.96,9791.5402,1.29,50.2,72.1
2550,-13433.0,5378.7856,1.29,53.2,72.2
2551,-13622.74,4911.3987,1.3,52.2,72.0
2552,-13676.26,3161.0997,1.27,59.6,72.2
2553,-13690.57,3456.5928,1.26,51.2,72.3
2554,-13748.64,3002.5553,1.26,53.5,72.3
2555,-13886.85,3053.5436,1.3,56.3,72.4
2556,-13470.71,15834.5278,1.29,53.7,72.5
2557,-13951.25,4098.45,1.28,52.2,72.6
2558,-13893.17,3085.0854,1.33,56.0,72.8
2559,-13532.01,16458.5659,1.28,55.6,73.0
2560,-13867.63,1562.5057,1.29,50.4,73.1
2561,-13831.3,1615.2502,1.31,51.8,72.9
2562,-13765.57,412.0917,1.36,57.8,73.0
2563,-13772.69,304.5868,1.25,55.7,73.1
2564,-13798.62,756.415,1.3,51.2,73.1
2565,-13837.42,613.7752,1.28,50.3,73.0
2566,-13748.9,314.677,1.35,55.5,73.1
2567,-13732.14,230.281,1.28,53.7,72.9
2568,-13795.17,338.8767,1.28,56.0,73.0
2569,-13763.85,131.326,1.27,53.8,73.1
2570,-13735.71,72.3304,1.31,56.4,73.1
2571,-13742.81,33.1896,1.3,51.5,73.2
2572,-13701.34,117.3793,1.3,55.4,73.3
2573,-13757.12,279.5666,1.3,56.6,73.3
2574,-13749.47,207.3235,1.28,53.2,73.5
2575,-13756.16,114.3313,1.28,49.5,73.6
2576,-13759.86,151.9732,1.32,54.9,73.6
2577,-13761.89,378.3556,1.24,54.4,73.6
2578,-13743.67,120.7836,1.29,56.2,73.8
2579,-13754.06,236.7536,1.29,55.3,73.8
2580,-13760.54,75.618,1.34,59.1,74.1
2581,-13768.87,106.313,1.31,54.8,74.2
2582,-13741.78,88.5732,1.31,55.4,74.2
2583,-13771.97,98.4897,1.29,54.9,74.3
2584,-13769.0,66.8315,1.28,55.5,74.3
2585,-13735.73,220.6979,1.28,56.5,74.4
2586,-13719.4,189.6457,1.27,52.4,74.4
2587,-13731.96,146.5604,1.34,57.5,73.9
2588,-13690.65,133.4719,1.31,53.3,73.9
2589,-13721.24,220.7478,1.31,55.4,73.9
2590,-13690.25,404.0432,1.34,54.4,74.0
2591,-13738.75,26.9971,1.33,55.6,74.2
2592,-13735.11,82.5829,1.26,51.8,74.3
2593,-13818.65,461.29,1.27,53.4,74.3
2594,-13814.13,357.484,1.28,54.3,74.7
2595,-13859.95,555.0039,1.31,57.6,74.8
2596,-13763.86,414.7629,1.26,51.9,74.9
2597,-13771.45,659.6913,1.28,49.8,73.1
2598,-13732.88,96.9769,1.3,53.5,73.4
2599,-13728.2,154.5862,1.28,55.5,73.4
2600,-13787.6,492.9908,1.26,54.0,73.5
2601,-13753.91,327.0934,1.3,56.2,73.4
2602,-13720.01,278.4822,1.31,53.5,73.6
2603,-13764.16,125.5143,1.33,57.1,73.5
2604,-13801.14,115.9598,1.29,57.5,73.5
2605,-13733.05,392.834,1.36,58.5,73.6
2606,-13760.33,141.3866,1.31,54.5,73.4
2607,-13740.35,275.9617,1.32,55.4,73.7
2608,-13698.31,25028.1152,1.37,41.9,43.6
2609,-13419.06,22788.1606,1.33,56.8,43.8
2610,-13423.01,19617.8696,1.29,54.0,44.0
2611,-13401.6,15853.9958,1.25,55.1,44.2
2612,-13723.81,7191.0736,1.33,55.0,44.2
2613,-13503.15,24131.1133,1.32,56.6,44.4
2614,-13607.78,11248.8098,1.25,55.7,44.4
2615,-13346.69,18122.4536,1.29,59.4,44.6
2616,-13652.5,3768.9556,1.31,55.9,44.6
2617,-13609.93,1623.3606,1.32,59.2,44.8
2618,-13589.83,715.6214,1.25,55.6,44.9
2619,-13626.6,685.8148,1.29,55.2,45.0
2620,-13669.6,975.3625,1.35,57.3,45.1
2621,-13606.51,897.8218,1.25,56.9,45.3
2622,-13577.05,331.2299,1.26,54.3,45.3
2623,-13621.07,210.5643,1.3,54.3,45.4
2624,-13649.84,184.553,1.32,57.5,45.5
2625,-13629.46,109.4658,1.25,57.2,45.6
2626,-13606.34,1079.8901,1.3,56.5,45.7
2627,-13664.95,893.4467,1.35,59.2,45.8
2628,-13648.63,446.42,1.26,56.3,45.9
2629,-13622.2,270.0051,1.33,54.0,46.0
2630,-13568.21,1473.8874,1.3,54.3,46.2
2631,-13577.59,678.4088,1.37,61.5,46.2
2632,-13690.42,1496.63,1.26,53.4,46.3
2633,-13661.17,1206.3906,1.3,54.7,46.4
2634,-13664.42,1318.4671,1.29,52.4,46.4
2635,-13531.53,1123.4717,1.33,56.1,46.5
2636,-13634.74,605.4371,1.26,53.1,46.6
2637,-13510.67,1376.2897,1.29,54.3,46.6
2638,-13618.45,394.067,1.34,55.8,46.8
2639,-13606.43,265.2817,1.32,53.9,46.5
2640,-13562.49,498.9029,1.26,52.9,46.5
2641,-13653.68,843.6788,1.3,57.8,46.6
2642,-13544.93,249.059,1.29,57.3,46.7
2643,-13480.33,497.8071,1.28,55.0,46.8
2644,-13520.46,1087.2243,1.26,51.8,46.9
2645,-13543.4,376.6211,1.35,55.9,45.3
2646,-13646.23,472.7803,1.3,57.1,45.4
2647,-13645.12,360.0779,1.27,52.2,45.5
2648,-13568.71,563.3497,1.26,54.3,45.5
2649,-13596.51,695.1909,1.34,62.0,45.7
2650,-13550.43,384.8273,1.3,50.7,45.7
2651,-13558.99,173.7515,1.28,55.6,45.8
2652,-13567.63,190.3379,1.29,57.3,45.9
2653,-13655.32,593.7067,1.31,57.9,45.9
2654,-13559.73,458.8831,1.32,54.4,46.0
2655,-13581.68,553.1324,1.29,51.6,46.0
2656,-13530.79,293.5787,1.34,58.8,45.9
2657,-13542.12,131.2312,1.29,55.5,45.9
2658,-13568.58,206.8146,1.3,55.9,46.0
2659,-13570.27,158.7904,1.26,54.7,46.1
2660,-13573.61,438.6958,1.31,56.1,45.6
2661,-13556.44,283.5327,1.34,55.7,45.7
2662,-13529.48,137.1959,1.33,60.0,46.0
2663,-13522.55,103.6478,1.35,59.7,46.2
2664,-13577.88,672.7716,1.34,54.5,46.2
2665,-13494.84,171.9875,1.3,55.4,46.3
2666,-13574.65,348.4141,1.3,53.5,46.1
2667,-13520.09,60.0447,1.3,55.5,46.1
2668,-13518.54,160.3758,1.28,54.0,46.0
2669,-13443.26,185.3982,1.28,54.1,46.0
2670,-13455.87,108.984,1.39,60.3,45.9
2671,-13554.21,494.4456,1.33,57.3,46.0
2672,-13556.9,454.0618,1.32,56.2,46.1
2673,-13551.19,400.5511,1.29,60.5,46.1
2674,-13534.54,165.3985,1.31,56.5,46.2
2675,-13507.29,259.8451,1.34,55.8,46.2
2676,-13605.82,699.8289,1.37,63.4,50.3
2677,-13371.45,7801.9554,1.37,63.7,46.0
2678,-13456.26,469.556,1.47,67.6,46.7
2679,-13442.58,243.8032,1.39,70.4,47.3
2680,-13415.02,238.7442,1.7,88.2,50.8
2681,-13411.31,182.3999,1.42,64.7,51.4
2682,-13439.12,240.5065,1.42,65.0,52.3
2683,-13469.68,502.4399,1.4,62.3,52.1
2684,-13457.45,443.3245,1.33,58.8,52.5
2685,-13444.8,284.5139,1.68,73.0,54.9
2686,-13420.19,140.8081,1.58,72.9,57.5
2687,-13441.34,97.9989,1.66,74.9,59.7
2688,-13432.15,132.8563,1.6,76.3,61.8
2689,-13403.32,310.5537,1.74,82.5,64.4
2690,-13420.38,257.7972,1.62,72.3,65.2
2691,-13408.02,80.6256,1.61,76.7,65.9
2692,-13423.51,141.4856,1.52,67.7,66.2
2693,-13428.5,32.149,1.46,64.6,66.7
2694,-13420.37,69.4259,1.38,59.5,58.8
2695,-13429.16,93.4091,1.53,70.9,59.6
2696,-13442.8,271.8475,1.46,68.7,57.8
2697,-13458.6,244.9481,1.43,69.9,57.7
2698,-13410.23,236.4121,1.37,59.3,57.2
2699,-13438.63,227.2105,1.4,59.6,57.3
2700,-13371.74,85.3781,1.4,57.9,57.3
2701,-13402.86,219.317,1.49,63.9,57.4
2702,-13367.63,127.6779,1.31,59.6,57.8
2703,-13409.6,310.4541,1.38,67.8,58.1
2704,-13436.13,48.381,1.38,62.1,58.2
2705,-13440.99,80.7896,1.37,63.4,57.8
2706,-13352.97,106.0717,1.4,64.3,58.1
2707,-13400.57,615.7932,1.39,62.7,57.9
2708,-13381.58,179.3761,1.52,61.1,58.0
2709,-13385.77,224.7395,1.55,65.1,58.2
2710,-13473.29,355.1682,1.45,66.8,58.4
2711,-13375.86,618.9436,1.36,60.3,58.5
2712,-13396.04,187.7635,1.35,61.0,58.5
2713,-13437.9,1716.2987,1.34,57.3,58.3
2714,-13332.61,74.6064,1.31,53.1,58.4
2715,-13386.48,340.1205,1.35,58.4,58.4
2716,-13332.77,163.6875,1.36,56.6,58.4
2717,-13505.52,2034.9578,1.33,56.9,58.4
2718,-13397.09,313.7513,1.38,57.3,58.7
2719,-13671.14,5424.1608,1.41,57.9,58.7
2720,-13589.3,3211.9963,1.43,66.8,58.7
2721,-13484.65,332.3016,1.37,62.3,58.7
2722,-13613.19,1650.4711,1.35,57.8,58.4
2723,-13599.83,1857.4906,1.34,54.9,56.1
2724,-13606.41,1165.2566,1.36,57.5,56.2
2725,-13425.82,4491.9576,1.34,59.2,56.2
2726,-13636.41,492.3873,1.44,64.1,56.4
2727,-13330.52,3443.9996,1.35,60.2,56.8
2728,-13383.18,1646.6389,1.39,61.2,57.0
2729,-13401.28,1075.5877,1.35,59.6,57.1
2730,-13615.21,1866.2957,1.43,61.8,57.5
2731,-13504.58,2152.7834,1.46,64.1,57.5
2732,-13376.07,1671.2594,1.44,62.1,57.2
2733,-13620.09,343.6728,1.44,62.1,56.8
2734,-13365.02,2885.6332,1.57,72.7,57.4
2735,-13302.82,2845.0521,1.4,59.2,57.5
2736,-13355.96,1855.6725,1.53,66.8,57.4
2737,-13300.2,953.1723,1.41,61.9,57.6
2738,-13348.17,418.1148,1.57,66.9,59.7
2739,-13320.96,201.5103,1.36,61.6,59.1
2740,-13390.23,1607.3033,1.37,58.0,59.2
2741,-13396.38,1964.644,1.48,68.2,57.6
2742,-13335.98,216.7515,1.57,67.5,58.2
2743,-13295.25,188.0019,1.34,57.9,58.1
2744,-13249.15,391.8968,1.51,62.9,58.2
2745,-13295.95,139.6111,1.45,63.8,58.2
2746,-13397.43,1325.853,1.44,69.3,58.5
2747,-13300.61,354.1594,1.58,65.2,58.4
2748,-13329.46,98.7339,1.34,68.4,55.9
2749,-13319.13,147.4069,1.42,60.7,55.6
2750,-13354.48,243.7157,1.46,61.6,54.1
2751,-13372.9,116.3865,1.54,71.3,53.4
2752,-13324.34,146.2433,1.46,70.0,53.6
2753,-13283.21,55.3907,1.45,65.7,53.6
2754,-13256.04,68.0131,1.72,77.9,54.9
2755,-13266.16,186.3874,1.39,75.9,56.1
2756,-13292.09,165.3802,1.36,64.2,58.5
2757,-13271.55,64.0865,1.4,65.2,57.7
2758,-13071.12,12695.9104,1.43,63.5,56.7
2759,-13542.01,3598.353,1.32,59.0,56.6
2760,-13339.04,974.1136,1.39,62.9,56.2
2761,-13564.28,1981.1049,1.31,57.8,56.1
2762,-13534.59,1287.9074,1.28,56.5,56.1
2763,-13661.63,7390.8739,1.39,60.4,56.4
2764,-13681.82,6288.2535,1.39,62.7,56.4
2765,-13711.14,5308.0061,1.31,64.1,57.0
2766,-13607.66,980.9144,1.31,58.8,57.0
2767,-13595.42,1154.0291,1.4,59.0,57.0
2768,-13645.73,1346.5825,1.59,73.7,57.3
2769,-13761.56,3819.2133,1.42,65.6,59.8
2770,-13710.62,3111.102,1.55,69.9,58.7
2771,-13732.33,2927.0078,1.49,72.3,58.8
2772,-13546.63,761.1508,1.43,65.4,59.1
2773,-13294.57,3812.4555,1.38,63.6,59.1
2774,-13510.72,888.1105,1.41,67.9,59.3
2775,-13435.65,563.4888,1.47,65.7,57.2
2776,-13529.42,222.4384,1.44,67.8,58.1
2777,-13080.34,14232.8098,1.46,74.0,58.6
2778,-13107.85,11574.6484,1.65,76.2,59.0
2779,-13331.75,2926.8218,1.44,67.7,59.2
2780,-13109.74,7446.6945,1.49,72.9,58.3
2781,-13021.07,4784.1428,1.5,68.3,59.8
2782,-13285.14,5491.4548,1.46,69.2,61.8
2783,-13254.03,4665.6351,1.52,73.8,61.5
2784,-13287.39,3658.321,1.5,70.8,59.9
2785,-12962.51,6368.0938,1.46,61.9,57.5
2786,-13029.94,5947.8361,1.38,62.2,57.5
2787,-13031.66,3981.7847,1.36,60.5,57.7
2788,-13293.66,3507.3218,1.38,58.4,57.6
2789,-13322.68,4419.9258,1.45,65.5,57.3
2790,-13000.47,3023.6906,1.39,59.3,57.4
2791,-13017.96,2521.4009,1.38,60.1,57.4
2792,-13057.12,1523.0502,1.6,74.4,57.8
2793,-13035.08,943.7654,1.72,83.3,59.4
2794,-13033.46,392.2429,1.59,78.0,58.6
2795,-13002.29,327.9596,1.62,76.8,58.5
2796,-13074.02,152.0756,1.52,71.5,59.3
2797,-13319.88,10721.0181,1.44,64.7,59.4
2798,-13055.84,566.0206,1.41,65.5,59.4
2799,-13396.28,9193.2874,1.48,65.2,59.4
2800,-13397.34,8137.8632,1.42,62.3,59.4
2801,-13459.43,5722.6853,1.39,60.1,59.4
2802,-13177.25,5526.4634,1.5,65.4,60.4
2803,-13163.75,5909.7555,1.45,61.1,60.2
2804,-13041.59,5772.0126,1.44,70.8,61.0
2805,-13010.98,3439.7984,1.46,62.8,60.9
2806,-13005.9,1239.413,1.47,64.9,61.2
2807,-13033.77,1056.7501,1.44,62.5,58.2
2808,-12999.48,796.3861,1.39,63.6,58.2
2809,-13067.94,1378.8569,1.49,64.1,58.4
2810,-12992.03,311.0928,1.51,67.7,58.1
2811,-13044.62,732.6379,1.33,55.3,58.3
2812,-13031.86,146.6593,1.34,56.6,58.4
2813,-13046.27,325.2832,1.42,60.6,58.4
2814,-12984.74,222.1324,1.4,57.9,58.3
2815,-12976.51,180.8698,1.52,61.8,58.6
2816,-12979.68,242.8256,1.59,71.1,59.4
2817,-13014.97,196.1103,1.43,61.1,59.5
2818,-13277.41,7905.2629,1.4,59.3,59.6
2819,-13056.84,765.0622,1.36,58.3,59.4
2820,-13072.97,783.6332,1.56,70.3,59.8
2821,-12998.42,548.3593,1.3,55.8,59.6
2822,-13034.94,225.7543,1.32,55.9,59.3
2823,-13019.11,190.7221,1.45,59.9,59.5
2824,-13197.17,9726.8838,1.32,56.7,58.6
2825,-13010.66,558.5225,1.31,56.6,58.5
2826,-13029.22,364.3275,1.47,64.6,58.7
2827,-13043.01,136.1151,1.33,58.2,58.7
2828,-12998.29,75.8789,1.35,60.1,58.8
2829,-13016.59,138.7894,1.5,60.4,58.8
2830,-12997.25,69.021,1.34,60.4,58.7
2831,-13055.63,128.516,1.47,66.2,58.4
2832,-13024.09,73.4674,1.43,60.3,58.5
2833,-13544.81,14028.752,1.31,56.4,58.5
2834,-13289.54,8733.0636,1.33,54.4,58.5
2835,-13051.37,452.8988,1.3,56.9,58.5
2836,-13046.24,665.5832,1.36,62.5,58.5
2837,-12958.13,690.5355,1.33,56.2,58.3
2838,-12998.81,194.2561,1.34,57.8,58.4
2839,-13022.51,358.6928,1.3,57.2,58.4
2840,-13036.6,248.8948,1.37,56.8,58.5
2841,-13045.37,75.5116,1.34,56.9,57.5
2842,-13056.89,136.6314,1.29,60.8,57.2
2843,-13051.69,24.3115,1.31,53.0,57.2
2844,-12963.06,195.5082,1.28,52.5,57.2
2845,-13049.31,371.766,1.32,55.6,56.7
2846,-13017.01,75.6158,1.33,59.7,56.6
2847,-12976.24,71.9929,1.29,55.7,56.5
2848,-13024.86,29.3099,1.38,57.3,56.6
2849,-12993.53,49.259,1.31,52.3,56.7
2850,-12995.64,171.9467,1.31,52.4,56.7
2851,-13024.56,57.4962,1.3,58.4,56.9
2852,-13020.74,48.9957,1.46,57.7,57.0
2853,-13266.77,9641.9736,1.48,62.3,57.6
2854,-13473.81,9810.332,1.38,67.8,57.8
2855,-13029.14,1230.1107,1.42,63.1,57.8
2856,-13060.73,960.1147,1.39,59.3,57.9
2857,-13062.32,212.3592,1.31,57.6,58.0
2858,-13023.25,104.5151,1.31,55.1,58.1
2859,-13090.8,386.3591,1.35,55.1,58.1
2860,-13069.41,119.684,1.35,55.1,58.1
2861,-13037.41,174.586,1.45,61.3,58.3
2862,-13182.51,1516.2184,1.38,60.7,58.1
2863,-13026.94,278.3585,1.37,59.9,58.2
2864,-13217.34,1354.7861,1.32,55.4,58.1
2865,-13040.0,79.6262,1.38,57.4,57.6
2866,-13029.89,42.3164,1.43,60.1,57.6
2867,-12988.25,111.7896,1.31,53.8,57.7
2868,-13053.0,251.9423,1.34,56.9,57.7
2869,-13014.15,39.8713,1.32,57.4,57.6
2870,-13033.26,106.1244,1.36,59.8,57.6
2871,-13001.48,75.3182,1.38,62.0,57.7
2872,-12994.08,79.5527,1.33,55.6,57.7
2873,-13051.44,285.8157,1.28,55.4,57.9
2874,-12989.0,95.0008,1.39,58.9,58.0
2875,-13017.75,318.308,1.33,57.7,58.2
2876,-12990.29,281.4194,1.43,60.9,58.2
2877,-13185.31,2370.4265,1.31,58.4,58.4
2878,-13210.86,2004.3881,1.32,56.4,58.5
2879,-13584.73,14849.6213,1.38,56.7,58.5
2880,-13629.72,22945.7222,1.56,68.1,59.0
2881,-13660.88,8276.3975,1.4,58.8,59.1
2882,-13646.26,9137.4935,1.32,59.7,59.0
2883,-13524.74,4755.7677,1.37,56.1,59.1
2884,-13401.26,13128.4658,1.32,62.0,59.1
2885,-13385.3,11428.4617,1.3,54.0,59.1
2886,-13656.69,4533.2373,1.3,55.7,59.1
2887,-13683.4,3882.5967,1.3,57.7,59.2
2888,-13431.15,11533.9417,1.32,56.9,59.3
2889,-13353.54,11007.2417,1.3,53.4,59.4
2890,-13390.05,6628.7362,1.29,52.2,59.5
2891,-13351.95,4209.5082,1.34,60.8,59.6
2892,-13495.26,4659.8275,1.3,53.4,59.6
2893,-13227.27,1149.8598,1.31,50.2,59.8
2894,-13233.77,888.8444,1.32,54.2,57.5
2895,-13249.44,489.0799,1.29,55.0,57.7
2896,-13229.24,1599.7191,1.29,55.6,57.7
2897,-13292.6,1285.8934,1.3,55.9,57.8
2898,-13220.52,671.504,1.29,62.5,57.9
2899,-13096.45,1479.4417,1.3,54.3,58.1
2900,-13226.96,228.1634,1.29,52.8,58.1
2901,-13256.13,538.1482,1.26,52.2,58.2
2902,-12978.75,930.8491,1.3,57.6,58.3
2903,-13259.52,240.7847,1.31,54.1,58.3
2904,-13295.73,649.5262,1.31,54.5,58.3
2905,-13247.26,431.8924,1.33,60.2,58.4
2906,-13029.54,2354.2518,1.31,54.9,58.0
2907,-13301.55,549.4556,1.3,56.8,58.0
2908,-13064.6,1580.5507,1.31,56.1,58.0
2909,-12999.81,2085.6389,1.31,60.3,58.2
2910,-13111.84,432.412,1.29,53.6,57.6
2911,-13122.75,1126.0966,1.31,51.8,57.6
2912,-12982.38,705.5498,1.3,59.7,57.7
2913,-13076.32,253.3749,1.31,59.6,57.9
2914,-13125.46,384.4012,1.31,51.6,57.9
2915,-13120.75,187.6586,1.32,54.1,58.0
2916,-13298.51,2061.6288,1.28,58.0,57.9
2917,-13144.59,363.5875,1.35,52.5,57.9
2918,-13238.75,440.679,1.33,54.7,57.9
2919,-13125.6,211.3509,1.31,55.2,58.0
2920,-13222.93,257.7071,1.33,59.4,58.1
2921,-13134.71,122.4657,1.29,52.4,58.2
2922,-13165.03,334.3743,1.34,52.8,58.0
2923,-13240.0,237.0573,1.3,58.9,57.9
2924,-13104.43,283.1856,1.35,58.6,57.9
2925,-13118.25,190.2843,1.32,54.0,58.0
2926,-13068.61,195.9272,1.33,59.9,57.9
2927,-13070.88,164.593,1.31,59.2,56.9
2928,-13112.37,146.602,1.31,54.0,56.9
2929,-13096.4,56.8815,1.28,56.0,56.9
2930,-13198.7,562.8882,1.45,67.9,57.3
2931,-13117.75,160.8502,1.44,60.9,57.3
2932,-13134.65,66.747,1.33,55.2,57.4
2933,-14227.53,89898.6055,1.53,63.5,57.5
2934,-13143.82,2635.1513,1.44,71.0,57.6
2935,-13099.56,672.6132,1.3,55.6,57.6
2936,-13165.13,628.5647,1.36,56.1,57.7
2937,-13147.0,372.7534,1.27,54.0,57.8
2938,-13082.35,544.2513,1.32,55.5,57.9
2939,-13109.09,284.5546,1.31,56.3,58.1
2940,-13079.41,295.6664,1.34,54.7,58.1
2941,-13087.24,527.0568,1.29,53.3,58.2
2942,-13038.78,279.2357,1.31,53.2,58.3
2943,-13019.96,142.9164,1.32,54.2,58.3
2944,-13029.43,93.3443,1.28,59.0,58.3
2945,-13021.23,251.0636,1.3,55.1,58.3
2946,-13088.76,594.9133,1.29,54.6,58.3
2947,-12964.74,214.1756,1.34,56.2,58.1
2948,-13032.3,116.6578,1.34,57.1,58.3
2949,-13134.01,632.3539,1.31,53.8,58.3
2950,-13044.05,117.4896,1.32,55.5,57.5
2951,-13088.05,500.7903,1.27,57.3,57.6
2952,-13098.76,1586.2236,1.33,57.1,57.7
2953,-13300.46,2260.2265,1.29,53.2,57.7
2954,-13473.49,6341.6449,1.33,55.8,57.9
2955,-13392.12,4258.457,1.32,59.0,57.9
2956,-13148.82,967.8006,1.33,54.3,57.8
2957,-13157.26,796.518,1.3,55.9,57.9
2958,-13326.41,822.269,1.28,57.9,58.1
2959,-13192.27,286.4305,1.34,59.8,58.2
2960,-14171.62,83365.9277,1.35,54.2,58.2
2961,-14469.27,76390.5684,1.35,59.4,58.4
2962,-13359.02,4040.6226,1.3,53.9,58.4
2963,-13155.36,5033.8029,1.31,58.9,58.5
2964,-13348.54,2863.1942,1.3,54.9,58.5
2965,-13961.29,30546.8462,1.32,58.3,58.6
2966,-13884.25,21313.3887,1.34,57.2,58.2
2967,-13657.61,14826.7646,1.35,54.9,58.3
2968,-13798.22,12601.7258,1.35,57.0,58.2
2969,-13856.93,10702.6519,1.32,57.1,58.3
2970,-13897.93,9946.9355,1.34,56.7,58.4
2971,-14040.85,10175.0999,1.31,54.3,58.5
2972,-13616.4,9516.8232,1.26,55.5,58.5
2973,-14052.26,8130.5487,1.33,60.0,58.7
2974,-14078.55,7045.1157,1.32,54.6,58.8
2975,-13937.38,5023.8041,1.38,55.8,58.9
2976,-13463.96,14356.9104,1.25,53.9,59.0
2977,-13910.73,4256.4577,1.32,57.3,59.1
2978,-13676.7,6529.9293,1.34,54.1,59.1
2979,-13650.82,5246.6899,1.38,60.2,59.1
2980,-13638.3,4282.1571,1.31,58.1,59.3
2981,-13661.65,3423.1233,1.33,57.4,59.4
2982,-13630.83,3837.3843,1.39,57.7,59.5
2983,-13634.55,1987.397,1.33,51.2,57.2
2984,-13697.78,2203.7525,1.3,55.0,57.2
2985,-13663.17,1283.1397,1.38,56.6,57.3
2986,-13687.76,1458.4808,1.41,61.2,57.4
2987,-13667.12,909.2092,1.3,56.1,56.8
2988,-13213.33,17458.1731,1.33,58.6,56.7
2989,-13718.27,1817.7286,1.43,59.4,56.9
2990,-13674.95,1135.5838,1.32,54.6,56.8
2991,-13715.5,1016.5411,1.33,56.3,56.6
2992,-13655.17,819.9803,1.81,84.2,58.9
2993,-13310.81,15413.5039,1.5,74.0,59.2
2994,-13696.44,1654.9456,1.53,67.6,59.0
2995,-13793.86,1364.418,1.69,68.4,60.8
2996,-13761.58,727.8996,1.43,68.6,62.1
2997,-13773.86,351.1551,1.44,63.5,60.8
2998,-13731.09,211.3271,1.34,54.0,60.8
2999,-13771.71,269.4484,1.67,70.8,60.5
3000,-13782.5,192.3072,1.49,69.2,60.1
3001,-13802.66,72.0855,1.41,58.7,60.2
3002,-13790.43,101.4637,1.44,58.1,60.2
3003,-13732.34,246.1285,1.41,57.9,60.1
3004,-13813.85,258.7358,1.42,60.2,60.2
3005,-13790.38,213.5353,1.38,59.5,59.7
3006,-13698.67,382.5675,1.53,64.2,60.2
3007,-13667.43,388.8881,1.49,73.4,58.5
3008,-13729.0,76.5131,1.81,74.4,59.4
3009,-13718.28,79.1982,1.64,72.9,59.7
3010,-13820.64,431.1708,1.58,69.8,59.6
3011,-13774.26,497.7278,1.47,53.8,59.7
3012,-13754.33,386.6652,1.41,59.5,59.5
3013,-13720.23,375.8808,1.4,60.0,59.4
3014,-13794.16,162.3765,1.46,58.4,59.5
3015,-13670.88,136.6532,1.48,64.9,59.8
3016,-13661.43,173.6944,1.46,62.2,59.6
3017,-13712.89,337.5391,1.43,61.1,59.6
3018,-13694.91,109.8875,1.42,61.1,59.7
3019,-13755.92,243.2343,1.42,59.7,59.7
3020,-13643.06,513.3495,1.41,59.0,59.6
3021,-13674.61,210.433,1.53,62.5,59.7
3022,-13675.24,116.2254,1.49,63.4,59.6
3023,-13635.6,149.5932,1.51,70.1,59.5
3024,-13701.43,1039.9428,1.55,67.2,56.9
3025,-13648.81,163.6301,1.4,62.5,57.2
3026,-13640.02,58.2419,1.35,55.2,57.2
3027,-13651.76,44.3265,1.34,56.7,57.2
3028,-13624.27,136.2185,1.38,56.9,57.6
3029,-13711.78,949.0851,1.33,56.6,57.5
3030,-13656.41,147.8844,1.39,56.9,57.6
3031,-13665.24,53.196,1.41,58.9,57.9
3032,-13671.02,182.9753,1.31,53.4,57.9
3033,-13644.9,153.4446,1.35,57.0,57.7
3034,-13659.7,109.7257,1.35,54.4,57.8
3035,-13636.11,101.1271,1.3,55.5,57.6
3036,-13673.15,60.0118,1.37,55.3,57.7
3037,-13669.59,90.6392,1.34,54.1,57.8
3038,-13776.39,379.2091,1.39,56.7,57.9
3039,-13788.19,283.5852,1.3,54.3,58.0
3040,-13692.36,144.3753,1.33,56.1,58.1
3041,-13702.79,215.6476,1.35,54.2,58.1
3042,-13711.07,156.2799,1.3,56.6,58.2
3043,-13662.9,350.0807,1.36,58.5,57.7
3044,-13717.12,1099.9965,1.35,60.2,57.9
3045,-13708.7,1505.9693,1.41,55.8,57.8
3046,-13608.54,218.2323,1.34,58.1,57.9
3047,-13744.7,479.3057,1.38,57.8,57.5
3048,-13678.18,327.6562,1.69,70.9,57.8
3049,-13628.71,480.5584,1.81,85.5,59.3
3050,-13644.41,404.7906,1.37,68.1,59.5
3051,-13628.93,216.9268,1.43,63.1,59.3
3052,-13646.5,256.6215,1.43,59.4,59.3
3053,-13615.2,94.3138,1.4,60.4,59.4
3054,-13660.97,668.0745,1.37,56.1,59.5
3055,-13619.15,112.0008,1.39,59.4,59.5
3056,-13594.19,107.4826,1.43,59.9,59.6
3057,-13605.38,243.8418,1.34,53.4,59.7
3058,-13611.71,207.8852,1.39,57.0,59.8
3059,-13614.2,165.4358,1.37,54.5,59.8
3060,-13638.88,44.9009,1.37,54.5,59.9
3061,-13592.89,76.3108,1.34,58.3,59.9
3062,-13632.59,723.4619,1.37,57.8,59.7
3063,-13661.79,1247.5847,1.52,64.1,60.6
3064,-13621.57,462.9167,1.6,73.1,60.5
3065,-13656.9,350.0471,1.68,69.0,61.4
3066,-13714.97,341.4424,1.57,74.3,61.8
3067,-13710.81,180.9882,1.43,61.2,62.0
3068,-13549.24,1765.9059,1.4,65.5,62.1
3069,-13690.6,125.8341,1.49,64.4,61.7
3070,-13583.14,1068.1049,1.39,57.4,61.7
3071,-13603.93,637.4184,1.38,57.0,61.6
3072,-13592.78,283.6719,1.41,58.2,61.7
3073,-13111.16,15730.5645,1.31,53.5,59.4
3074,-13581.72,497.6721,1.45,60.2,59.6
3075,-13564.64,271.1541,1.34,58.3,59.7
3076,-13567.86,155.7366,1.43,63.1,59.8
3077,-13654.28,464.2951,1.34,57.2,59.9
3078,-13530.21,506.8876,1.32,53.0,59.8
3079,-13534.6,603.3578,1.33,55.7,59.9
3080,-13568.5,220.0762,1.46,61.4,60.0
3081,-13618.6,431.073,1.44,58.8,59.6
3082,-13523.44,217.5502,1.38,57.6,59.7
3083,-13534.08,47.1404,1.37,57.6,59.7
3084,-13542.72,65.4967,1.38,59.0,59.3
3085,-13757.67,2209.5983,1.39,62.4,59.3
3086,-13695.81,1239.3228,1.32,55.4,59.4
3087,-13663.42,757.6289,1.3,54.1,59.6
3088,-13504.78,1225.0367,1.34,57.8,59.6
3089,-13488.76,1177.4279,1.36,54.3,59.6
3090,-13498.4,624.2788,1.36,56.8,59.1
3091,-13574.25,305.1535,1.33,57.8,59.2
3092,-13651.54,620.0976,1.33,55.0,59.2
3093,-13544.44,350.09,1.31,57.6,59.2
3094,-13539.83,233.6072,1.34,57.4,59.3
3095,-13547.85,112.9655,1.36,53.9,59.2
3096,-13525.96,110.6117,1.33,55.1,59.3
3097,-13503.78,112.055,1.43,57.2,59.4
3098,-13532.47,127.4317,1.61,67.5,59.9
3099,-13553.04,220.0081,1.43,64.8,60.0
3100,-13530.36,143.0846,1.37,59.1,59.8
3101,-13512.6,216.7674,1.42,58.0,59.1
3102,-13557.43,58.4195,1.38,57.8,59.2
3103,-13557.25,45.3368,1.36,56.0,58.9
3104,-13530.74,166.0538,1.48,61.6,58.5
3105,-13542.47,50.145,1.47,59.1,58.6
3106,-13532.99,45.1892,1.39,57.8,58.6
3107,-13517.03,60.8236,1.43,59.4,58.7
3108,-13544.35,98.9731,1.47,61.4,59.0
3109,-13551.72,561.9578,1.42,62.8,59.0
3110,-13545.75,293.3922,1.44,56.3,59.1
3111,-13554.07,202.314,1.39,60.2,59.3
3112,-13530.24,149.6307,1.44,60.8,59.4
3113,-13524.71,114.2754,1.46,63.2,59.5
3114,-13508.72,68.9924,1.62,65.7,59.6
3115,-13494.46,114.4801,1.49,63.1,59.8
3116,-13508.74,121.1639,1.43,60.8,59.9
3117,-13031.73,15121.1392,1.49,66.2,59.8
3118,-13512.7,206.184,1.53,63.6,59.9
3119,-13546.17,103.1667,1.42,60.3,59.9
3120,-13044.02,16031.2017,1.45,67.0,59.6
3121,-13498.5,160.3618,1.4,59.9,59.6
3122,-13054.69,12995.9304,1.38,60.9,59.6
3123,-13075.11,10474.9917,1.4,55.8,59.8
3124,-13047.21,7911.3534,1.38,58.3,59.9
3125,-13586.89,9300.1292,1.45,63.0,60.0
3126,-13078.48,6522.7853,1.47,64.2,60.2
3127,-13061.26,3933.5945,1.38,57.6,60.3
3128,-13041.56,1797.5507,1.4,59.2,60.4
3129,-13026.0,629.5928,1.36,58.7,60.6
3130,-13007.34,296.332,1.37,60.9,60.6
3131,-13047.46,168.3843,1.38,57.5,60.8
3132,-13011.73,234.8915,1.36,57.9,60.9
3133,-13048.8,3545.7181,1.42,62.6,61.1
3134,-13022.67,284.9144,1.41,62.3,61.2
3135,-13015.88,81.5774,1.45,64.4,61.2
3136,-13000.49,60.3104,1.43,61.1,61.4
3137,-13061.93,82.2022,1.45,62.4,61.2
3138,-13298.32,10432.6672,1.41,58.8,60.8
3139,-13012.7,1087.1432,1.38,58.8,60.8
3140,-13021.34,855.0903,1.36,55.8,60.8
3141,-13012.33,345.6826,1.37,58.8,60.9
3142,-13016.39,159.8211,1.4,58.5,60.9
3143,-13019.36,297.7819,1.44,62.1,61.1
3144,-13015.23,87.2894,1.47,62.5,61.2
3145,-12993.1,139.4495,1.4,62.1,61.3
3146,-13270.61,10574.6956,1.41,69.4,61.7
3147,-13026.55,162.8621,1.43,57.8,61.9
3148,-13023.32,97.6449,1.36,60.0,62.0
3149,-13014.95,44.8358,1.4,62.6,62.1
3150,-12981.84,337.7276,1.38,57.1,62.1
3151,-13005.94,98.5321,1.49,67.0,62.2
3152,-13046.8,239.5793,1.37,58.0,62.2
3153,-13009.43,344.7324,1.34,62.1,62.2
3154,-13247.48,10710.4055,1.38,57.6,62.2
3155,-13437.09,10887.4658,1.36,59.4,62.1
3156,-13340.43,4769.7668,1.29,58.2,62.3
3157,-13228.27,10919.0769,1.33,58.7,61.8
3158,-13275.93,9573.6248,1.37,54.4,62.0
3159,-13213.65,6007.0656,1.53,74.4,62.7
3160,-13356.99,7110.8159,1.47,66.8,63.1
3161,-13675.04,12036.009,1.36,60.5,62.8
3162,-13698.33,26519.1519,1.57,76.9,62.5
3163,-14031.57,41280.7666,1.74,76.6,63.7
3164,-14160.92,46250.499,1.39,63.4,64.0
3165,-13731.31,9523.8672,1.39,65.0,64.1
3166,-14085.94,26613.6582,1.54,74.1,62.5
3167,-13733.08,6634.2872,1.38,57.8,61.1
3168,-13696.82,5719.9823,1.5,63.0,61.1
3169,-13713.46,3752.5159,1.34,61.7,61.0
3170,-13710.04,2457.3578,1.38,58.1,61.0
3171,-13676.66,1485.8193,1.48,61.1,61.0
3172,-13681.44,1391.1527,1.41,63.5,61.1
3173,-13396.79,11230.0315,1.51,67.4,61.5
3174,-13405.36,7326.2704,1.44,61.0,61.7
3175,-13294.57,4745.6425,1.45,61.5,61.8
3176,-13254.32,2130.9601,1.43,61.2,61.7
3177,-13255.91,1228.6158,1.36,57.9,61.6
3178,-13294.79,1392.9792,1.44,61.4,61.5
3179,-13287.83,531.1556,1.35,59.4,62.0
3180,-13298.48,219.4673,1.34,58.6,62.3
3181,-13509.53,8341.431,1.34,56.0,62.5
3182,-13422.08,6655.6552,1.51,61.7,61.9
3183,-13891.84,32708.3467,1.49,64.5,61.9
3184,-13930.48,33833.9062,1.44,65.2,62.1
3185,-13923.81,32709.6069,1.41,61.9,62.0
3186,-13912.54,30031.6021,1.43,60.6,62.1
3187,-13911.0,27373.1025,1.42,60.7,62.2
3188,-13808.37,19355.1592,1.42,59.5,62.1
3189,-14083.97,27524.5254,1.49,65.3,61.7
3190,-14041.98,22455.6855,1.35,58.9,61.0
3191,-13624.85,6641.8408,1.34,55.3,61.0
3192,-13565.72,8648.2239,1.38,59.9,61.1
3193,-13480.38,8431.6128,1.43,58.2,60.8
3194,-13996.39,8044.5109,1.41,56.4,60.9
3195,-13617.1,1775.4654,1.31,55.2,60.5
3196,-13646.8,594.8907,1.4,55.9,60.5
3197,-14130.57,18384.1626,1.46,64.6,60.6
3198,-14040.66,13146.313,1.35,58.1,60.5
3199,-13916.61,5557.7191,1.41,57.0,60.5
3200,-13306.63,15705.9966,1.4,59.4,60.6
3201,-13296.22,16507.165,1.38,57.6,60.6
3202,-13276.87,10769.9568,1.36,56.2,60.6
3203,-13292.37,6401.8645,1.39,59.4,60.7
3204,-13271.12,5323.9407,1.37,57.1,60.7
3205,-13292.81,3598.9207,1.34,53.5,60.8
3206,-13333.49,7121.97,1.39,60.0,61.0
3207,-13351.61,5768.7828,1.46,69.2,61.3
3208,-13222.85,5215.4323,1.32,55.2,61.4
3209,-13283.96,4455.9658,1.34,55.5,61.4
3210,-13288.51,3015.0645,1.34,54.8,61.3
3211,-13196.73,3419.4985,1.37,59.7,61.4
3212,-13210.89,2128.1692,1.36,59.4,61.4
3213,-13180.77,1318.4994,1.41,60.0,61.5
3214,-13196.08,986.5711,1.34,56.5,61.5
3215,-13251.98,877.4341,1.33,56.3,61.0
3216,-13172.92,332.6305,1.33,54.3,61.0
3217,-13176.51,210.5103,1.35,57.1,60.9
3218,-13195.77,317.0634,1.36,57.6,60.7
3219,-13165.0,303.5579,1.35,62.7,58.3
3220,-13226.83,315.4048,1.31,58.5,58.4
3221,-13238.3,711.4677,1.34,54.8,58.4
3222,-13170.88,194.7535,1.37,59.6,58.7
3223,-13167.13,528.2629,1.32,57.0,58.7
3224,-13161.52,505.4121,1.33,56.4,58.4
3225,-13167.83,240.9168,1.3,57.7,58.6
3226,-13201.99,711.3298,1.31,53.8,58.7
3227,-13165.78,839.0532,1.4,65.2,58.8
3228,-13155.92,357.7148,1.39,65.0,59.0
3229,-13105.71,436.5149,1.31,57.1,59.1
3230,-13140.99,202.3144,1.44,59.3,59.1
3231,-13176.26,1206.9434,1.4,60.7,59.2
3232,-13208.37,1135.1877,1.44,60.3,59.3
3233,-13252.93,1053.089,1.33,51.9,59.3
3234,-13261.11,603.8989,1.27,52.4,59.3
3235,-13265.72,415.6766,1.34,55.4,59.1
3236,-13154.77,290.6968,1.35,53.1,59.2
3237,-13306.06,965.0916,1.36,60.2,59.4
3238,-13158.75,211.446,1.5,62.8,59.5
3239,-13228.22,237.6396,1.36,56.9,59.6
3240,-13183.85,169.714,1.43,60.8,59.6
3241,-13342.88,2219.4596,1.37,62.7,59.8
3242,-13163.27,567.9839,1.27,57.9,59.9
3243,-13176.62,323.3289,1.36,60.8,60.0
3244,-13380.36,1744.2914,1.41,63.9,60.0
3245,-13340.31,1341.5003,1.42,61.1,60.2
3246,-13308.23,1178.6496,1.57,65.9,60.4
3247,-13356.52,860.2244,1.51,64.9,60.5
3248,-13342.61,676.0121,1.31,55.2,60.6
3249,-13333.2,375.7629,1.35,57.1,60.7
3250,-13344.68,226.604,1.47,63.2,60.7
3251,-13173.24,1709.1666,1.37,55.6,60.7
3252,-13138.37,1628.373,1.38,55.4,60.8
3253,-13212.51,4705.9496,1.29,55.2,60.8
3254,-13168.8,1208.3877,1.31,57.4,60.4
3255,-13180.36,1657.7457,1.37,57.7,60.4
3256,-13195.8,975.6288,1.28,54.8,60.5
3257,-13137.63,1232.6724,1.39,63.3,60.6
3258,-13197.99,711.5723,1.35,58.5,60.7
3259,-13137.72,698.8451,1.31,57.4,60.9
3260,-13159.14,600.4706,1.31,55.1,61.0
3261,-13036.46,1449.7926,1.44,62.0,58.7
3262,-13114.36,791.7793,1.36,67.0,59.0
3263,-13106.28,943.8916,1.32,56.9,59.1
3264,-13070.49,707.5804,1.3,57.9,59.0
3265,-13150.59,344.5813,1.32,56.1,59.1
3266,-13144.89,105.9104,1.41,58.3,59.3
3267,-13167.31,107.7115,1.31,58.3,59.3
3268,-13190.26,345.5859,1.33,55.8,59.5
3269,-13054.42,745.1624,1.39,61.0,59.5
3270,-13038.3,580.2623,1.35,56.0,59.6
3271,-13039.02,534.1519,1.31,55.4,59.6
3272,-13028.37,555.3093,1.41,58.7,59.8
3273,-13074.42,429.8985,1.36,58.7,60.0
3274,-13057.54,184.3866,1.38,59.9,59.6
3275,-13086.1,229.2212,1.37,56.9,59.6
3276,-13089.09,224.9332,1.35,58.4,59.8
3277,-13096.52,100.3398,1.51,64.0,60.0
3278,-13193.55,652.7723,1.35,59.4,59.6
3279,-13052.93,451.5166,1.46,62.1,59.8
3280,-13150.75,299.8041,1.43,63.3,59.8
3281,-13133.84,211.2949,1.38,57.0,59.9
3282,-13069.46,166.645,1.4,66.8,59.9
3283,-13107.86,92.3478,1.42,55.9,59.9
3284,-13119.67,150.7276,1.37,59.9,60.1
3285,-13079.06,131.6181,1.43,63.3,60.0
3286,-13090.59,175.5668,1.41,60.7,60.1
3287,-13068.55,95.4496,1.41,59.2,60.1
3288,-13103.42,525.7556,1.33,54.9,60.1
3289,-13134.92,375.6244,1.4,61.5,60.1
3290,-13086.79,390.5032,1.4,57.5,60.1
3291,-13068.55,253.7763,1.44,61.6,60.1
3292,-13093.18,224.3046,1.36,60.3,60.2
3293,-13015.61,216.2208,1.38,56.4,59.6
3294,-13008.15,111.916,1.35,57.0,59.7
3295,-13169.33,1329.761,1.3,55.4,59.8
3296,-13061.77,39.4532,1.3,58.1,60.1
3297,-13047.54,66.0227,1.34,52.5,60.1
3298,-13007.85,213.56,1.3,53.9,60.2
3299,-13048.44,202.7541,1.47,62.8,60.4
3300,-13068.43,265.3731,1.31,54.9,60.5
3301,-13114.51,372.1425,1.32,55.6,60.7
3302,-13154.34,290.2452,1.46,58.8,61.1
3303,-13116.98,169.469,1.39,58.8,61.3
3304,-13024.89,373.8603,1.49,67.6,61.5
3305,-13086.8,187.5026,1.41,60.6,61.4
3306,-13044.82,246.9146,1.43,59.1,61.4
3307,-13056.35,84.4811,1.36,60.6,61.5
3308,-13057.3,49.3582,1.39,55.3,61.5
3309,-13170.72,532.6511,1.42,64.2,61.5
3310,-13153.55,268.3622,1.51,65.2,61.7
3311,-13086.88,531.6236,1.47,59.0,61.7
3312,-13066.07,279.1522,1.46,69.9,61.2
3313,-13080.26,183.0173,1.42,60.4,61.3
3314,-13093.54,90.5586,1.35,55.9,61.4
3315,-13089.95,402.3693,1.44,60.5,61.5
3316,-13085.42,94.9619,1.31,53.1,61.5
3317,-13074.88,66.2497,1.44,63.0,61.7
3318,-13089.56,27.0086,1.49,61.5,61.7
3319,-13111.91,38.0916,1.48,71.7,62.0
3320,-13139.36,144.675,1.49,63.0,62.0
3321,-13168.14,118.1228,1.46,58.0,62.1
3322,-13179.99,67.6709,1.32,60.5,62.2
3323,-13244.13,378.0928,1.29,53.5,62.2
3324,-13137.52,348.095,1.33,56.6,62.2
3325,-13173.43,124.6393,1.32,55.7,62.3
3326,-13197.51,53.8033,1.37,57.0,62.4
3327,-13192.1,279.0682,1.38,55.8,62.4
3328,-13249.86,318.4676,1.41,57.9,62.6
3329,-13216.23,78.8864,1.39,57.0,62.6
3330,-13116.8,447.2527,1.37,58.0,62.8
3331,-13122.49,215.3731,1.39,64.5,60.1
3332,-13134.62,196.0607,1.41,61.7,59.6
3333,-13150.73,147.7585,1.43,62.0,59.6
3334,-13183.78,95.2545,1.48,62.4,59.6
3335,-13129.84,76.0461,1.36,58.8,59.4
3336,-13216.56,196.2944,1.37,58.2,59.6
3337,-13136.29,243.5001,1.32,59.6,59.6
3338,-13182.01,91.399,1.31,55.9,59.6
3339,-13211.92,101.7209,1.33,54.2,59.7
3340,-13216.01,54.3511,1.26,55.7,59.8
3341,-13194.44,50.5354,1.33,56.1,59.9
3342,-13149.11,165.7151,1.31,59.5,60.0
3343,-13182.22,174.2246,1.4,59.3,60.3
3344,-13137.88,71.0849,1.38,59.2,60.3
3345,-13226.42,169.1993,1.36,58.5,60.5
3346,-13202.22,87.4033,1.31,55.5,60.6
3347,-13179.19,164.7676,1.36,59.7,60.7
3348,-13129.34,410.3064,1.29,55.8,60.7
3349,-13201.82,158.6674,1.34,54.3,60.7
3350,-13146.0,324.9721,1.3,56.6,60.9
3351,-13129.21,139.5084,1.35,58.1,60.7
3352,-13151.78,68.5772,1.31,52.4,60.8
3353,-13170.5,77.8313,1.26,54.6,60.8
3354,-13168.88,27.805,1.44,67.2,61.4
3355,-13172.03,51.5796,1.38,64.1,61.8
3356,-13148.72,132.9066,1.35,59.8,61.5
3357,-13145.16,133.0999,1.37,53.9,59.3
3358,-13102.6,152.6842,1.4,59.2,59.5
3359,-13202.8,380.3454,1.28,55.4,59.6
3360,-13163.51,213.9214,1.3,52.9,59.6
3361,-13174.94,145.7403,1.36,56.9,59.8
3362,-13137.63,110.2771,1.26,53.6,59.9
3363,-13098.21,149.5281,1.33,56.5,59.8
3364,-13184.69,150.9899,1.39,58.9,59.9
3365,-13170.32,546.8372,1.36,59.3,60.0
3366,-13208.35,77.3295,1.26,54.2,60.0
3367,-13218.42,37.4599,1.31,56.1,60.2
3368,-13217.82,42.2537,1.35,56.9,60.1
3369,-13157.76,605.7829,1.29,53.1,60.2
3370,-13121.94,304.2066,1.31,57.0,60.4
3371,-13108.36,189.7889,1.37,58.0,60.6
3372,-13137.82,144.0377,1.92,78.2,60.7
3373,-13104.18,84.101,1.94,92.3,60.5
3374,-13225.52,350.9303,2.03,92.4,60.5
3375,-13160.86,259.7691,1.75,87.1,60.6
3376,-13101.23,223.5242,1.64,94.4,60.6
3377,-13131.29,81.0801,1.44,62.9,60.7
3378,-13145.16,253.0978,1.37,57.0,60.7
3379,-13135.21,114.5324,1.56,69.5,60.6
3380,-13168.31,110.5979,1.53,74.0,60.5
3381,-13139.89,71.0334,1.54,72.5,60.6
3382,-13225.13,411.2728,1.56,72.6,60.5
3383,-13200.58,468.3244,1.47,70.0,60.0
3384,-13222.86,95.6831,1.4,62.9,59.0
3385,-13213.53,153.5617,1.37,60.4,59.0
3386,-13227.96,136.1665,1.38,60.7,58.9
3387,-13214.44,163.5159,1.39,57.1,58.9
3388,-13204.74,69.718,1.3,56.9,59.0
3389,-13226.63,213.0776,1.34,60.4,58.4
3390,-13229.22,230.839,1.37,56.1,58.4
3391,-13204.47,33.778,1.51,64.5,58.5
3392,-13216.25,29.672,1.38,58.0,58.2
3393,-13190.44,53.2326,1.43,61.0,58.3
3394,-13149.88,164.2246,1.37,57.8,58.4
3395,-13196.31,38.4463,1.35,60.2,58.5
3396,-13216.89,38.6969,1.44,68.3,58.9
3397,-13208.02,118.9332,1.42,63.2,59.0
3398,-13219.9,75.1704,1.34,59.9,59.0
3399,-13202.36,39.2714,1.91,93.6,59.5
3400,-13204.15,233.9479,2.02,95.1,59.3
3401,-13158.36,152.9441,1.98,93.2,59.4
3402,-13153.64,58.474,2.09,94.9,59.4
3403,-13151.56,14.3753,1.34,61.1,59.1
3404,-13149.73,272.7412,1.34,58.1,59.1
3405,-13104.99,55.4745,1.45,64.8,59.1
3406,-13121.87,45.7258,1.44,60.0,58.9
3407,-13097.39,41.5879,1.41,60.6,59.0
3408,-13070.86,50.1307,1.36,59.9,58.9
3409,-13118.45,401.9416,1.34,55.6,59.0
3410,-13171.64,1114.7633,1.28,53.0,59.1
3411,-13168.84,812.5821,1.37,58.4,59.1
3412,-13106.51,341.5966,1.33,53.8,59.1
3413,-13164.43,158.3041,1.37,55.4,59.2
3414,-13049.01,374.4522,1.29,57.3,59.0
3415,-13046.36,360.2222,1.32,58.6,59.1
3416,-13077.14,125.3547,1.35,56.0,59.2
3417,-13058.15,69.4402,1.35,57.3,59.3
3418,-13076.23,96.2531,1.35,60.3,59.4
3419,-13064.0,34.5292,1.32,57.4,59.5
3420,-13081.03,73.6154,1.39,55.7,59.6
3421,-13074.02,39.9238,1.33,55.9,59.6
3422,-13079.11,20.381,1.31,55.9,59.7
3423,-13032.6,233.1118,1.34,55.8,59.7
3424,-13210.79,1290.6418,1.37,55.9,59.8
3425,-13127.53,601.4305,1.36,68.5,60.0
3426,-13024.28,333.7578,1.52,65.4,60.1
3427,-13112.64,255.8238,1.62,75.7,60.0
3428,-13042.58,246.6801,1.58,76.7,60.1
3429,-13023.32,241.7983,1.5,69.1,60.2
3430,-13033.6,44.3489,1.44,64.5,60.1
3431,-12766.06,12113.4475,1.39,65.3,60.1
3432,-12759.04,9485.3403,1.43,60.5,61.1
3433,-13019.22,1418.5814,1.32,57.3,61.2
3434,-12835.12,1673.4404,1.36,55.3,61.2
3435,-13002.11,1157.1628,1.39,55.8,61.4
3436,-12737.01,8480.6198,1.3,54.8,61.5
3437,-13049.68,510.5409,1.42,62.8,61.7
3438,-13106.56,494.1504,1.38,65.0,62.1
3439,-13058.46,229.1299,1.31,55.6,62.1
3440,-13110.57,149.3387,1.36,60.3,62.1
3441,-12736.2,13038.7576,1.41,59.1,62.1
3442,-13041.42,157.5957,1.37,56.9,62.2
3443,-12758.4,9838.9558,1.27,54.0,62.3
3444,-13088.91,947.5725,1.4,59.7,61.9
3445,-13075.75,613.8268,1.35,58.8,62.0
3446,-13070.99,129.9862,1.38,58.1,62.0
3447,-13044.7,274.9069,1.41,58.5,62.1
3448,-13059.42,191.1331,1.33,57.2,61.7
3449,-12994.61,72.7234,1.36,58.1,61.7
3450,-13008.54,143.4708,1.4,56.7,59.8
3451,-12992.61,39.6218,1.56,77.4,59.9
3452,-13001.39,40.891,1.64,76.4,60.1
3453,-13012.2,602.092,1.57,77.5,60.2
3454,-13035.3,70.6165,1.51,73.0,60.3
3455,-12761.09,12156.802,1.37,58.8,60.3
3456,-12815.1,9562.6526,1.5,66.0,61.0
3457,-12708.56,6919.2108,1.35,60.5,61.4
3458,-13018.6,4513.7548,1.31,55.8,61.5
3459,-13091.38,6806.2029,1.51,68.8,61.9
3460,-13015.32,3462.5899,1.51,75.7,61.8
3461,-13037.24,1757.6012,1.29,58.1,61.8
3462,-13019.32,377.0754,1.35,58.5,61.8
3463,-12870.9,10807.6245,1.37,59.8,61.7
3464,-13107.86,359.5927,1.39,61.6,61.8
3465,-12884.25,10273.9956,1.5,63.8,62.2
3466,-12688.58,9376.4497,1.33,60.8,61.9
3467,-12971.02,917.4795,1.31,53.3,61.9
3468,-13126.62,3331.4072,1.31,56.9,61.0
3469,-12991.47,596.0985,1.34,55.9,60.8
3470,-12721.79,9489.9109,1.37,59.6,60.7
3471,-12829.93,8857.7336,1.34,60.3,60.6
3472,-12794.24,7415.4824,1.34,59.5,60.8
3473,-13040.31,1375.4081,1.6,74.4,61.5
3474,-13088.55,1950.319,1.48,69.7,62.0
3475,-12821.8,5747.6758,1.48,62.7,62.1
3476,-12840.9,4946.6501,1.48,69.9,62.3
3477,-12825.83,3480.2009,1.53,66.8,62.9
3478,-13120.68,7050.1492,1.37,63.6,63.4
3479,-13134.28,9607.3394,1.64,69.2,63.4
3480,-13134.56,6150.5747,1.49,61.0,63.2
3481,-13141.38,3477.6802,1.4,65.8,63.2
3482,-13122.23,1577.6785,1.46,61.8,62.8
3483,-12887.27,9332.1104,1.43,59.1,62.7
3484,-12876.31,9216.5779,1.43,61.4,62.5
3485,-12843.04,8107.5048,1.32,59.7,62.5
3486,-12829.29,6071.5765,1.35,59.4,62.6
3487,-13116.46,2152.6376,1.31,58.1,62.7
3488,-13108.93,2618.6796,1.31,58.2,62.4
3489,-12798.17,4607.6506,1.61,65.6,61.2
3490,-13116.19,1912.9949,1.3,58.1,61.1
3491,-12870.8,5538.7976,1.36,62.8,61.2
3492,-12956.25,4584.256,1.64,71.2,61.9
3493,-12959.63,3314.6316,1.44,63.5,62.1
3494,-12955.69,1796.2972,1.41,64.3,62.5
3495,-12985.77,960.827,1.31,57.2,62.5
3496,-12954.37,794.6429,1.31,52.0,62.6
3497,-13029.97,418.3638,1.29,55.6,62.5
3498,-12974.57,529.296,1.32,55.0,62.6
3499,-12943.59,305.6658,1.32,57.0,62.6
3500,-12954.53,147.3937,1.39,60.2,61.9
3501,-13024.54,333.2011,1.43,61.1,61.5
3502,-13029.7,199.5316,1.41,64.8,61.1
3503,-13093.29,356.403,1.38,67.5,61.3
3504,-13068.93,250.1784,1.3,58.1,61.2
3505,-13075.16,215.3759,1.34,56.4,60.9
3506,-13081.07,98.0908,1.35,55.5,61.0
3507,-13026.53,237.5589,1.3,56.8,61.1
3508,-13017.61,152.9548,1.32,54.2,61.1
3509,-12972.24,213.5055,1.34,56.2,61.2
3510,-12994.46,182.1018,1.34,55.4,61.3
3511,-12968.79,138.8969,1.28,57.7,61.4
3512,-12968.01,136.1142,1.28,56.4,61.5
3513,-12991.37,66.3251,1.36,64.5,61.6
3514,-12958.78,114.4738,1.34,56.1,61.6
3515,-12965.16,61.7799,1.32,55.5,61.7
3516,-12963.2,36.7158,1.34,57.6,61.9
3517,-12966.69,81.8226,1.29,56.4,61.9
3518,-12938.9,80.0403,1.32,52.5,62.0
3519,-12929.08,42.4278,1.3,56.3,61.9
3520,-12949.5,55.1016,1.33,57.7,62.0
3521,-12916.49,64.3326,1.33,54.1,62.1
3522,-12944.07,18.3884,1.29,54.9,61.9
3523,-12926.38,27.5416,1.3,58.2,62.0
3524,-12987.52,82.0326,1.33,53.6,62.1
3525,-14075.2,87185.0762,1.51,62.2,62.2
3526,-14114.91,88433.1719,1.33,55.2,62.2
3527,-12986.72,3184.6663,1.38,59.5,62.5
3528,-12982.76,3851.3757,1.42,59.2,62.6
3529,-12981.32,2040.8497,1.51,61.9,62.6
3530,-14326.56,116273.9258,1.34,56.2,62.8
3531,-14262.01,120946.0195,1.38,55.6,62.8
3532,-12967.23,1365.9521,1.29,54.5,62.7
3533,-12970.66,1139.7509,1.31,55.5,62.8
3534,-12961.36,519.8693,1.28,58.0,63.0
3535,-12958.46,362.4965,1.42,62.6,63.1
3536,-12929.7,67.6201,1.33,52.7,63.2
3537,-12969.81,81.5727,1.26,53.8,63.2
3538,-13002.42,69.739,1.35,59.5,63.0
3539,-12966.54,249.432,1.33,57.8,63.1
3540,-12980.03,80.5522,1.29,54.1,63.2
3541,-12959.03,35.41,1.31,61.4,63.3
3542,-12958.71,45.1993,1.32,57.0,62.8
3543,-12959.07,87.9171,1.31,55.5,62.8
3544,-12957.87,290.4155,1.25,53.5,61.1
3545,-12944.88,46.2125,1.3,55.1,61.2
3546,-12932.74,38.4199,1.48,63.3,61.4
3547,-12968.47,63.4806,1.45,58.4,61.4
3548,-12981.72,48.6814,1.29,55.3,61.5
3549,-12970.15,32.6377,1.35,64.3,61.6
3550,-12972.46,46.5741,1.35,58.4,61.6
3551,-12938.1,70.1366,1.26,55.9,61.8
3552,-12966.69,104.9533,1.31,57.1,61.8
3553,-12958.51,40.4035,1.32,57.0,61.8
3554,-12954.23,131.1051,1.35,55.4,61.9
3555,-12926.35,180.0649,1.29,52.3,62.0
3556,-12937.61,88.0294,1.61,65.9,62.1
3557,-12884.24,87.9797,1.35,65.8,62.2
3558,-12910.78,73.5649,1.32,54.5,62.2
3559,-12939.21,92.1966,1.37,57.2,62.3
3560,-12923.1,218.5265,1.32,53.5,62.0
3561,-12943.06,222.6847,1.32,56.4,61.9
3562,-13047.29,548.8836,1.27,54.7,61.2
3563,-13013.82,355.3799,1.39,57.1,61.3
3564,-12989.51,322.8558,1.31,54.8,61.3
3565,-12997.83,291.7497,1.48,62.4,61.0
3566,-13000.75,167.1629,1.31,63.2,61.1
3567,-12933.03,97.523,1.29,55.0,61.0
3568,-12944.82,60.6682,1.31,54.0,61.1
3569,-12954.96,75.613,1.28,53.0,61.1
3570,-12921.0,29.3999,1.34,57.6,61.2
3571,-12932.42,61.5361,1.34,56.5,61.2
3572,-12966.83,101.4191,1.41,64.0,61.3
3573,-12947.79,115.026,1.43,68.1,61.3
3574,-12909.1,63.8811,1.41,58.0,61.3
3575,-12964.81,265.7156,1.33,57.0,61.3
3576,-12918.92,39.0316,1.44,64.8,60.8
3577,-12955.37,1209.7507,1.34,69.5,59.9
3578,-12978.25,97.2233,1.39,58.0,59.9
3579,-14280.27,139060.1094,1.48,62.2,59.9
3580,-12917.59,264.6532,1.31,55.3,59.9
3581,-14369.91,148980.6641,1.39,56.3,59.6
3582,-12972.2,212.7341,1.32,57.5,59.7
3583,-12986.92,179.948,1.37,61.9,59.6
3584,-12916.36,145.5278,1.33,57.3,59.7
3585,-14453.18,171598.8945,1.41,57.7,59.8
3586,-12965.63,109.0285,1.28,55.1,59.8
3587,-13006.63,112.4589,1.48,64.9,59.8
3588,-12936.23,346.2544,1.55,66.6,59.9
3589,-12887.92,294.0056,1.42,70.1,60.1
3590,-12982.61,583.3038,1.36,61.1,60.4
3591,-12985.72,370.0651,1.31,56.3,60.4
3592,-12995.21,275.107,1.49,63.1,60.4
3593,-12949.0,247.0923,1.3,54.4,60.4
3594,-12885.67,305.4676,1.31,55.1,60.5
3595,-12860.9,177.1515,1.56,64.7,61.3
3596,-12911.66,263.6524,1.48,68.8,61.5
3597,-12947.57,268.6769,1.35,59.0,61.4
3598,-12922.42,95.2363,1.34,55.1,61.3
3599,-12937.25,73.5914,1.33,54.8,61.4
3600,-12921.59,60.0705,1.31,57.6,61.1
3601,-12902.46,83.5354,1.33,54.5,61.0
3602,-12916.97,62.917,1.31,54.2,61.1
3603,-12913.68,23.0682,1.39,61.5,61.0
3604,-12928.81,23.6691,1.3,55.3,61.0
3605,-12857.31,55.6328,1.33,56.2,61.1
3606,-12944.29,267.3855,1.28,53.0,61.2
3607,-12906.38,51.9736,1.33,60.3,60.7
3608,-12996.93,370.0152,1.35,56.2,60.8
3609,-12983.81,263.5456,1.32,55.0,60.8
3610,-12934.55,77.518,1.45,63.8,61.0
3611,-12942.39,139.8377,1.37,56.0,61.1
3612,-12930.34,71.1596,1.32,57.2,60.9
3613,-12943.24,154.4073,1.24,54.0,61.0
3614,-12948.16,77.5612,1.36,59.5,61.2
3615,-12943.39,28.4032,1.33,52.5,61.3
3616,-12981.18,132.2659,1.28,55.4,61.3
3617,-12969.39,62.4977,1.34,59.5,61.3
3618,-12901.79,128.2328,1.29,54.9,61.4
3619,-12886.9,46.6458,1.3,52.4,61.5
3620,-12898.56,29.2317,1.28,54.9,60.9
3621,-12930.75,72.0945,1.37,57.5,60.9
3622,-12930.4,115.1765,1.36,54.3,61.0
3623,-12940.21,63.7796,1.5,64.1,61.7
3624,-12905.17,39.8022,1.43,63.0,61.7
3625,-12913.35,115.5318,1.68,67.5,61.9
3626,-12877.74,51.4922,1.4,60.0,61.9
3627,-13255.21,12984.5132,1.37,60.1,62.0
3628,-12864.11,185.2881,1.6,72.6,62.2
3629,-13182.33,9081.5952,1.35,55.8,62.2
3630,-13242.57,9744.1548,1.43,60.2,62.3
3631,-12851.42,1368.541,1.72,73.1,63.8
3632,-12857.71,1369.637,1.44,65.1,63.0
3633,-12893.81,484.6365,1.44,65.7,62.7
3634,-12890.8,216.6896,1.36,61.1,63.0
3635,-12975.92,1520.8554,1.57,68.4,62.5
3636,-12884.43,66.4745,1.37,56.6,62.4
3637,-12882.97,108.369,1.4,60.2,62.4
3638,-12879.6,71.8904,1.48,61.1,62.6
3639,-12934.08,472.7636,1.49,61.4,60.7
3640,-13035.85,1707.6686,1.57,73.3,62.0
3641,-13050.57,1041.7619,1.52,60.3,61.9
3642,-13025.27,354.3513,1.47,62.7,62.1
3643,-12977.66,434.1735,1.44,65.7,62.4
3644,-13017.04,69.8321,1.45,62.9,62.6
3645,-13061.1,427.3396,1.64,74.7,63.1
3646,-13064.83,228.0559,1.46,68.0,63.2
3647,-13089.34,302.8103,1.43,62.0,63.2
3648,-13130.32,655.2439,1.45,61.6,62.3
3649,-13028.86,239.9607,1.37,55.4,62.2
3650,-13027.44,144.5269,1.35,54.8,62.1
3651,-12997.51,156.4831,1.35,59.5,62.2
3652,-13048.89,231.7134,1.43,58.0,62.2
3653,-13080.84,223.0786,1.54,69.5,62.2
3654,-13041.44,157.3195,1.38,59.7,62.3
3655,-13085.53,65.3527,1.36,58.6,61.7
3656,-13069.66,31.7627,1.35,56.7,61.7
3657,-13058.18,26.8318,1.37,56.9,61.2
3658,-13018.81,157.8292,1.4,58.4,60.4
3659,-13034.89,100.2032,1.31,57.4,60.5
3660,-13055.64,116.7336,1.33,55.4,60.3
3661,-13040.33,68.1062,1.31,51.9,60.4
3662,-14630.36,204687.5273,1.38,56.3,59.7
3663,-12864.57,4873.666,1.32,55.3,59.8
3664,-14481.11,210029.3477,1.4,54.6,59.7
3665,-14756.08,195333.3438,1.38,54.9,59.7
3666,-12874.24,7326.7739,1.31,57.5,59.8
3667,-12927.85,7086.1654,1.35,54.4,59.8
3668,-12907.12,5601.9369,1.3,54.6,59.7
3669,-14552.84,197261.7773,1.45,59.9,59.8
3670,-12846.63,4210.9294,1.35,61.7,59.9
3671,-14545.91,197979.4727,1.48,55.8,60.0
3672,-14512.29,190302.9531,1.54,60.1,60.0
3673,-12903.21,4703.0773,1.39,57.7,60.1
3674,-12859.27,4891.1498,1.34,55.1,60.2
3675,-12840.22,3576.6788,1.56,69.6,60.8
3676,-12832.47,2619.7385,1.54,69.5,60.4
3677,-12804.75,2269.1564,1.34,59.2,60.4
3678,-14455.14,202172.8945,1.42,59.4,60.4
3679,-14456.66,194481.1211,1.41,59.7,60.3
3680,-14518.35,179596.2266,1.52,58.4,59.9
3681,-12917.92,6323.6748,1.34,57.7,60.0
3682,-12933.73,6140.3087,1.37,59.7,60.0
3683,-12920.37,5445.3427,1.35,56.7,60.0
3684,-12845.24,2292.6926,1.36,55.2,60.2
3685,-12809.01,1029.6665,1.4,62.2,60.0
3686,-13072.27,4409.0646,1.38,59.6,60.2
3687,-14467.7,210019.1797,1.48,61.9,60.2
3688,-12885.03,640.9971,1.34,56.5,60.3
3689,-12867.71,754.8721,1.32,57.1,60.4
3690,-12850.95,598.7994,1.46,60.4,60.6
3691,-12840.07,314.4426,1.39,64.1,60.6
3692,-12868.63,1927.4062,1.52,66.6,60.6
3693,-12871.46,496.5251,1.33,54.5,60.6
3694,-12860.05,132.7502,1.35,56.7,60.7
3695,-12894.52,86.6365,1.33,52.6,60.6
3696,-12910.74,223.4003,1.33,53.5,60.5
3697,-12962.63,396.4164,1.38,59.9,59.7
3698,-12897.31,488.675,1.35,61.2,59.7
3699,-13109.27,3580.5685,1.34,58.0,59.8
3700,-12923.63,148.7397,1.29,55.6,59.8
3701,-12987.68,104.7796,1.34,57.8,59.9
3702,-12889.54,348.9555,1.31,56.0,60.0
3703,-13116.64,3170.8276,1.29,55.1,60.1
3704,-12875.95,296.8605,1.26,54.0,60.2
3705,-12870.19,207.1027,1.31,58.1,60.3
3706,-12912.3,442.0748,1.31,56.4,60.5
3707,-12882.88,158.2735,1.28,52.6,60.6
3708,-13063.87,2676.4993,1.31,55.8,60.7
3709,-13111.39,2959.3542,1.29,57.2,60.8
3710,-13079.71,2096.2379,1.34,56.9,60.7
3711,-12894.58,554.5692,1.28,54.0,60.7
3712,-12907.95,461.1436,1.34,57.9,60.9
3713,-14534.29,200234.6797,1.41,55.9,61.0
3714,-12874.21,639.1843,1.32,54.1,61.0
3715,-12907.28,598.1211,1.32,58.6,61.1
3716,-12857.57,475.4049,1.32,58.0,60.8
3717,-12824.97,499.99,1.34,54.2,60.8
3718,-12853.33,349.6392,1.31,55.1,60.8
3719,-12911.73,308.5432,1.3,59.4,60.9
3720,-12912.15,123.1334,1.36,53.1,61.1
3721,-12895.19,146.3186,1.35,55.0,61.2
3722,-12897.4,105.8208,1.36,57.1,61.4
3723,-13082.03,2881.4562,1.4,62.5,61.4
3724,-12906.99,123.7743,1.31,54.9,61.6
3725,-13101.4,2686.3688,1.4,56.8,61.6
3726,-12977.69,61.6035,1.34,57.7,61.7
3727,-12879.64,305.2696,1.38,56.9,61.8
3728,-12954.58,308.3659,1.4,57.9,61.8
3729,-12902.86,265.5659,1.35,55.5,61.9
3730,-12897.82,120.8154,1.34,56.4,62.0
3731,-13108.44,2765.6402,1.34,56.2,62.1
3732,-12874.93,343.1985,1.39,58.9,62.1
3733,-12862.39,156.328,1.39,58.9,62.2
3734,-12874.07,249.8879,1.3,57.9,62.3
3735,-13057.09,2867.2587,1.39,56.0,61.6
3736,-12974.65,897.4339,1.36,57.2,61.6
3737,-12882.47,621.4576,1.31,49.4,59.8
3738,-12968.61,681.3622,1.36,54.5,59.7
3739,-12873.04,480.7201,1.34,57.3,59.5
3740,-12865.89,203.9912,1.38,53.4,59.6
3741,-12921.11,140.4404,1.4,59.1,59.6
3742,-12861.38,200.25,1.42,58.7,59.7
3743,-12901.63,50.1968,1.39,55.5,59.7
3744,-12862.07,79.9696,1.37,57.9,59.8
3745,-12881.6,111.6223,1.5,64.1,59.9
3746,-13071.17,3289.3341,1.47,57.8,60.0
3747,-12891.02,78.2146,1.41,60.0,59.9
3748,-12918.29,162.4976,1.46,59.5,60.0
3749,-12878.08,76.0568,1.39,56.0,60.1
3750,-12854.02,109.1797,1.43,59.3,60.1
3751,-12920.18,72.471,1.4,66.0,60.3
3752,-12923.7,53.0902,1.54,71.1,60.7
3753,-12972.73,576.0448,1.35,59.5,60.7
3754,-12910.04,178.0285,1.34,56.0,60.5
3755,-14548.62,188171.7031,1.38,52.9,60.5
3756,-14568.78,189905.6367,1.39,58.4,60.4
3757,-14551.69,171445.5742,1.43,54.5,60.4
3758,-12921.44,3240.7856,1.38,63.7,59.8
3759,-14720.89,143697.7617,1.43,54.7,59.9
3760,-13019.51,6883.1442,1.32,53.4,59.9
3761,-12952.24,6336.0419,1.29,53.6,59.9
3762,-12956.44,3588.6024,1.33,53.9,59.9
3763,-13129.95,4519.2924,1.34,54.7,59.9
3764,-13184.61,4446.1304,1.31,57.6,60.0
3765,-12912.99,304.5478,1.31,52.2,60.0
3766,-14596.16,196880.5312,1.4,57.4,60.1
3767,-14760.9,201285.4414,1.4,53.6,60.1
3768,-13129.63,3415.5196,1.3,53.2,60.1
3769,-13086.25,2917.0493,1.32,54.5,60.1
3770,-13107.15,2475.9639,1.38,59.4,59.3
3771,-13099.88,3004.0339,1.31,53.0,59.3
3772,-12847.1,869.7109,1.33,55.7,59.3
3773,-14509.84,196196.6602,1.4,52.3,59.2
3774,-12913.4,952.225,1.32,51.1,58.8
3775,-12890.83,734.2327,1.32,55.2,58.8
3776,-13115.89,1811.4761,1.33,55.2,58.9
3777,-13102.21,1735.1209,1.33,58.8,58.9
3778,-12882.52,723.4037,1.42,61.4,59.0
3779,-12875.98,578.8875,1.41,60.3,59.0
3780,-12886.78,537.394,1.32,55.4,59.0
3781,-12924.48,258.9376,1.33,58.2,59.1
3782,-12927.03,446.0822,1.35,59.6,59.1
3783,-14516.8,192305.2969,1.52,57.8,59.1
3784,-12896.99,912.9505,1.36,57.0,59.2
3785,-12947.6,516.1822,1.37,61.3,59.3
3786,-12927.74,257.0202,1.34,55.6,59.2
3787,-12943.59,276.2629,1.34,56.8,59.4
3788,-12914.12,160.3271,1.38,58.1,59.5
3789,-12915.16,110.429,1.33,54.2,59.6
3790,-12969.35,137.5664,1.29,55.0,59.5
3791,-12949.62,87.0992,1.33,57.2,59.6
3792,-12925.14,103.2968,1.3,55.4,59.5
3793,-13170.64,3605.0212,1.3,50.8,59.5
3794,-12930.3,85.7849,1.31,55.9,59.0
3795,-12903.84,175.2365,1.32,53.7,59.0
3796,-13139.79,4504.701,1.31,54.7,59.0
3797,-12935.48,98.0043,1.33,55.4,59.1
3798,-12921.91,108.5428,1.34,54.0,58.8
3799,-12945.49,107.4053,1.48,61.5,59.1
3800,-12919.62,267.4722,1.31,57.9,59.1
3801,-13112.58,3373.6237,1.31,54.4,59.2
3802,-12906.64,101.5025,1.4,58.6,59.4
3803,-13170.84,4387.665,1.31,55.4,59.6
3804,-12919.31,57.5245,1.33,56.0,59.6
3805,-12911.65,76.0056,1.27,51.4,59.7
3806,-13097.83,2995.0654,1.33,57.0,59.8
3807,-14842.17,206879.5039,1.4,57.4,59.8
3808,-14814.99,194588.582,1.36,55.1,59.9
3809,-14801.91,179802.4336,1.45,59.3,60.1
3810,-13147.0,12995.1523,1.3,55.6,60.2
3811,-13104.42,12940.9272,1.31,54.6,60.2
3812,-14829.31,159732.582,1.39,51.8,60.1
3813,-13147.17,9627.1091,1.36,59.8,60.3
3814,-13107.44,8769.1073,1.35,55.5,60.2
3815,-14811.08,166680.4961,1.41,54.9,60.2
3816,-14619.1,165919.8281,1.38,58.8,60.3
3817,-14743.68,154912.4023,1.4,56.9,60.3
3818,-13191.58,11258.8633,1.34,55.8,60.4
3819,-13185.22,11839.0974,1.36,55.4,60.6
3820,-13116.96,8378.1476,1.27,56.2,60.6
3821,-13132.09,6093.8022,1.31,57.3,60.8
3822,-13111.85,4275.3577,1.32,54.3,60.8
3823,-12898.02,1569.8598,1.33,57.9,60.9
3824,-14475.58,173694.8086,1.35,55.0,61.0
3825,-14441.94,175615.6523,1.37,55.8,61.1
3826,-13065.64,1998.265,1.42,57.7,61.3
3827,-12896.47,1470.2591,1.3,56.0,61.3
3828,-12959.3,922.5262,1.27,54.0,61.4
3829,-12909.47,767.492,1.31,56.2,61.4
3830,-12873.83,461.7265,1.31,57.1,61.5
3831,-12852.03,537.5223,1.26,52.4,61.6
3832,-12892.51,497.3105,1.31,55.6,61.6
3833,-12890.7,221.9641,1.38,59.2,61.7
3834,-12903.23,57.5493,1.3,50.3,59.4
3835,-12908.04,227.7881,1.27,54.1,59.3
3836,-12971.55,1006.4615,1.3,56.5,59.4
3837,-12886.38,188.6459,1.32,58.0,59.6
3838,-12982.19,662.115,1.35,52.4,59.4
3839,-12972.3,296.3296,1.29,56.3,59.5
3840,-12978.41,198.3219,1.37,61.2,59.5
3841,-12958.78,71.641,1.29,55.5,58.8
3842,-12969.87,1122.5827,1.32,54.8,58.8
3843,-12969.87,691.8904,1.27,54.3,58.6
3844,-12911.44,403.101,1.32,57.0,58.7
3845,-12909.5,346.5472,1.32,55.9,58.7
3846,-12912.26,452.8465,1.31,57.5,58.8
3847,-12914.95,281.9286,1.36,60.8,58.9
3848,-12864.43,172.7446,1.33,55.8,58.6
3849,-12905.14,611.483,1.35,55.2,58.7
3850,-12833.05,219.9768,1.27,54.5,58.6
3851,-12819.3,118.1834,1.31,57.6,58.7
3852,-12841.35,144.5599,1.31,55.1,58.7
3853,-12804.48,46.2367,1.32,56.1,58.7
3854,-12852.74,49.4595,1.31,56.8,58.2
3855,-12794.93,140.598,1.31,56.0,58.2
3856,-12791.27,96.5609,1.31,53.5,58.1
3857,-12868.03,1200.5045,1.34,54.9,58.0
3858,-12807.96,273.5248,1.3,53.7,57.7
3859,-12862.14,554.3006,1.33,56.1,57.7
3860,-12769.12,115.3879,1.32,55.8,57.7
3861,-12986.36,3417.3054,1.56,65.2,58.4
3862,-12780.3,132.762,1.48,71.2,59.5
3863,-12807.5,214.867,1.33,62.8,59.3
3864,-12878.22,439.4955,1.35,66.6,59.3
3865,-12831.31,371.243,1.48,61.2,59.4
3866,-12861.98,430.6279,1.64,67.5,60.0
3867,-12820.03,144.665,1.35,60.5,60.1
3868,-12844.01,181.2247,1.34,57.5,60.1
3869,-12747.09,190.3363,1.37,57.4,60.0
3870,-12823.14,298.9065,1.35,53.3,60.0
3871,-12768.12,93.7836,1.47,63.3,59.5
3872,-12992.07,4731.1807,1.4,56.6,59.5
3873,-13041.79,5613.3711,1.35,57.4,59.7
3874,-12829.17,762.8287,1.4,60.4,59.7
3875,-12964.79,2791.335,1.41,62.6,59.7
3876,-12803.56,233.8487,1.36,60.3,59.8
3877,-12792.72,280.8601,1.41,59.8,59.8
3878,-12852.72,745.8403,1.35,56.8,59.9
3879,-12796.91,121.3981,1.5,65.2,60.2
3880,-12800.85,324.8704,1.37,68.1,60.4
3881,-12797.94,195.3075,1.37,58.0,60.3
3882,-12770.63,120.2297,1.37,59.8,60.5
3883,-12828.21,643.7162,1.38,53.8,60.5
3884,-12832.28,479.8806,1.34,55.5,60.5
3885,-13006.67,3483.6904,1.49,62.1,60.1
3886,-12714.72,1211.447,1.37,59.3,60.1
3887,-12766.55,667.3575,1.33,55.2,60.2
3888,-12802.83,158.1587,1.35,59.8,60.2
3889,-12764.18,352.3326,1.43,62.5,60.2
3890,-12722.94,141.5144,1.37,60.1,60.2
3891,-12734.47,68.805,1.34,56.1,60.2
3892,-12806.39,289.3138,1.29,54.7,60.3
3893,-12800.72,144.1016,1.31,54.7,59.9
3894,-12812.25,138.9347,1.39,57.4,60.0
3895,-12956.02,3306.6476,1.37,57.6,60.0
3896,-12865.99,216.8246,1.41,59.4,60.1
3897,-12834.89,399.1055,1.37,55.7,60.1
3898,-12800.48,97.6372,1.33,52.5,60.3
3899,-12778.17,85.4219,1.3,55.9,60.2
3900,-12779.52,71.8326,1.32,56.5,60.3
3901,-12845.34,652.2054,1.36,54.1,60.4
3902,-13051.3,4408.2504,1.3,53.8,60.4
3903,-13061.61,3598.6154,1.3,56.9,60.5
3904,-13042.57,4431.0734,1.34,57.1,60.6
3905,-13046.32,3747.4815,1.3,56.1,60.7
3906,-13083.48,4148.9923,1.32,54.6,60.7
3907,-13031.82,2817.0748,1.33,55.7,60.8
3908,-13025.57,2313.1196,1.3,53.7,60.9
3909,-13045.77,2179.4262,1.32,54.6,60.9
3910,-12966.31,696.904,1.35,56.7,61.0
3911,-12923.17,282.7502,1.28,52.7,61.1
3912,-12963.85,239.1739,1.3,56.4,61.2
3913,-13029.19,343.8065,1.3,56.4,60.6
3914,-13024.67,168.9194,1.31,53.6,60.5
3915,-13051.92,112.6186,1.31,56.8,60.6
3916,-13036.73,158.7127,1.32,56.5,60.4
3917,-13036.24,74.4858,1.3,52.5,59.7
3918,-13028.01,80.8167,1.33,55.5,59.8
3919,-12970.32,265.026,1.32,55.8,59.9
3920,-12982.35,256.5466,1.28,55.2,60.0
3921,-12973.74,148.7667,1.32,57.8,60.0
3922,-12948.56,110.9315,1.31,55.6,60.0
3923,-12985.37,69.3178,1.51,69.4,61.2
3924,-13016.84,103.415,1.68,74.1,61.9
3925,-13044.54,133.4885,1.49,78.2,62.9
3926,-13069.59,328.7746,1.4,61.8,62.6
3927,-13059.84,227.7112,1.33,57.3,61.1
3928,-12970.89,187.5748,1.36,55.5,60.9
3929,-12951.6,176.9989,1.37,58.8,60.9
3930,-12955.17,144.8046,1.4,60.6,60.4
3931,-12978.5,374.0868,1.45,71.2,60.5
3932,-12978.58,247.9579,1.41,56.4,60.4
3933,-12962.12,302.5737,1.35,56.3,60.3
3934,-12911.04,136.7414,1.34,58.3,60.4
3935,-12879.61,136.5264,1.35,54.5,60.4
3936,-12913.52,116.9115,1.29,51.9,60.5
3937,-12942.53,86.9658,1.36,57.6,60.2
3938,-12914.72,39.787,1.32,50.7,60.2
3939,-12953.1,36.3763,1.34,54.2,60.3
3940,-12977.02,116.2086,1.3,55.0,60.3
3941,-12976.86,108.0461,1.31,58.9,60.4
3942,-12959.62,113.744,1.33,53.5,60.0
3943,-12933.08,222.0712,1.32,55.0,60.0
3944,-12896.98,263.8846,1.39,63.9,60.5
3945,-13226.91,11544.322,1.29,57.6,60.5
3946,-12888.56,276.9746,1.35,56.5,60.6
3947,-12892.51,64.9174,1.31,55.8,60.5
3948,-12912.94,125.8649,1.31,54.9,60.5
3949,-12916.9,58.444,1.33,58.7,60.6
3950,-12925.79,111.3076,1.34,56.1,60.6
3951,-12972.97,146.3573,1.35,53.3,60.5
3952,-12982.06,243.4055,1.29,54.1,60.0
3953,-12949.14,98.8585,1.32,52.9,60.0
3954,-12938.82,62.4905,1.3,53.8,60.0
3955,-12883.73,130.5413,1.3,52.3,60.0
3956,-12937.26,157.8532,1.36,56.6,60.0
3957,-12968.13,64.0223,1.34,56.0,60.1
3958,-12949.04,116.7079,1.32,53.7,60.2
3959,-12967.67,42.7748,1.31,56.6,60.2
3960,-12917.09,37.4983,1.31,57.2,60.2
3961,-12938.47,43.5354,1.31,54.8,60.2
3962,-12952.34,107.6899,1.32,55.8,60.2
3963,-12918.62,105.1449,1.31,56.5,60.3
3964,-12903.28,129.4717,1.3,57.0,60.3
3965,-12924.83,162.5717,1.33,56.9,60.3
3966,-12916.33,55.7143,1.31,54.1,60.4
3967,-12933.45,34.9356,1.3,55.2,60.4
3968,-12907.85,26.395,1.43,65.9,59.6
3969,-12886.01,75.5334,1.32,53.1,59.6
3970,-12907.75,91.4682,1.3,54.2,59.7
3971,-12923.38,81.3825,1.34,60.2,59.6
3972,-12915.0,60.67,1.32,51.8,59.0
3973,-12881.07,72.1684,1.31,53.4,59.0
3974,-12869.62,45.7241,1.33,58.7,59.0
3975,-12914.6,90.562,1.32,53.3,59.0
3976,-12965.47,417.4728,1.28,51.8,58.7
3977,-12910.64,257.3792,1.33,55.9,58.7
3978,-12914.54,346.6771,1.34,55.9,58.8
3979,-12903.08,161.2688,1.29,52.5,58.7
3980,-12950.82,198.99,1.36,56.6,58.9
3981,-12906.61,67.2852,1.31,53.5,59.0
3982,-12932.06,23.6235,1.28,54.3,59.0
3983,-14573.85,201069.9531,1.41,57.5,59.1
3984,-12941.75,205.2713,1.33,51.3,58.9
3985,-12948.92,596.2789,1.3,53.9,59.0
3986,-12917.07,327.4176,1.3,57.5,59.1
3987,-12878.64,79.8459,1.34,53.6,59.2
3988,-12851.49,61.3726,1.29,56.0,58.3
3989,-12888.57,154.1359,1.34,54.1,58.3
3990,-12876.26,40.5901,1.31,53.7,58.2
3991,-12885.35,35.1211,1.28,55.7,58.4
3992,-12889.1,37.1099,1.29,56.2,58.1
3993,-12889.61,13.5503,1.3,55.9,58.3
3994,-12936.52,85.3499,1.31,52.9,58.3
3995,-12918.04,90.6359,1.43,63.6,58.2
3996,-12910.02,60.2078,1.31,53.7,58.3
3997,-12905.79,50.9439,1.29,53.9,58.3
3998,-12918.52,20.2545,1.32,55.9,58.4
3999,-12931.91,47.7091,1.33,56.0,58.5
4000,-12949.12,1075.5082,1.37,58.6,58.8
4001,-13057.22,826.298,1.29,54.9,58.9
4002,-13102.13,775.1239,1.32,55.5,59.0
4003,-13101.23,444.8821,1.35,56.4,59.0
4004,-13024.82,1664.5462,1.31,53.9,59.2
4005,-13058.58,1168.2717,1.31,52.7,59.3
4006,-13039.21,729.4227,1.32,52.6,59.3
4007,-13095.45,916.66,1.31,57.0,59.4
4008,-13092.25,951.7938,1.32,56.1,59.5
4009,-13145.79,813.6299,1.35,54.4,59.5
4010,-13123.34,253.2059,1.32,55.4,59.5
4011,-14730.04,187540.4336,1.4,54.8,59.5
4012,-13035.41,2271.4847,1.33,55.4,59.7
4013,-13105.26,815.019,1.35,57.2,59.4
4014,-13045.06,973.824,1.31,54.3,59.5
4015,-14421.47,193021.668,1.4,56.3,59.6
4016,-14428.64,190172.3047,1.41,53.2,59.6
4017,-12834.32,4849.8811,1.33,59.2,59.7
4018,-12792.67,4640.1152,1.33,53.0,59.8
4019,-12807.84,3958.9518,1.3,53.8,59.9
4020,-12892.9,3883.3162,1.29,57.5,60.1
4021,-14731.25,191708.7383,1.4,57.7,60.1
4022,-12827.78,2795.5763,1.34,55.1,58.6
4023,-12824.91,2688.6256,1.36,56.7,58.7
4024,-13108.09,1572.6756,1.26,53.4,58.7
4025,-13084.49,810.4017,1.29,55.1,58.7
4026,-12879.99,1999.0845,1.31,52.2,58.7
4027,-12898.51,1991.7025,1.34,58.2,58.7
4028,-12874.66,1505.1456,1.28,60.7,58.7
4029,-12868.75,1211.3998,1.31,55.6,58.8
4030,-12901.2,305.8162,1.36,56.6,58.8
4031,-12927.42,145.6666,1.25,51.2,58.8
4032,-12927.67,310.9825,1.29,55.0,58.9
4033,-12938.95,70.647,1.3,58.4,58.2
4034,-12933.22,39.1881,1.35,57.1,58.3
4035,-12941.37,15.0676,1.28,56.2,58.4
4036,-12918.83,64.9297,1.33,55.4,58.1
4037,-12928.75,75.265,1.37,52.9,57.8
4038,-12928.6,20.9357,1.33,56.7,57.8
4039,-12953.22,139.3952,1.29,53.3,57.9
4040,-13094.69,1065.6304,1.31,58.0,58.1
4041,-14701.12,179395.1641,1.43,61.2,58.2
4042,-14728.28,166374.8867,1.41,52.7,58.1
4043,-13205.44,1915.9667,1.3,55.9,58.1
4044,-13223.23,1976.4422,1.34,57.4,58.2
4045,-13235.1,1072.9446,1.32,55.2,58.2
4046,-14728.74,158482.0312,1.37,55.2,58.1
4047,-13179.05,665.97,1.33,58.4,58.2
4048,-14632.69,159735.0195,1.33,54.2,58.2
4049,-13076.32,1305.7864,1.29,56.9,58.2
4050,-13176.49,423.819,1.32,53.5,58.1
4051,-13161.68,209.9936,1.27,58.2,58.2
4052,-13142.88,71.0591,1.29,56.3,58.0
4053,-13090.83,381.1273,1.33,56.5,57.8
4054,-13090.37,277.6359,1.33,56.8,57.8
4055,-13163.63,314.7606,1.26,54.8,57.9
4056,-13135.51,209.8004,1.34,53.0,57.9
4057,-13178.63,172.2342,1.31,54.2,57.9
4058,-13109.44,578.2225,1.35,56.9,58.1
4059,-13102.6,675.8767,1.26,53.3,58.0
4060,-13079.16,437.8232,1.32,53.6,58.2
4061,-13069.15,153.4568,1.3,57.2,58.2
4062,-13138.63,798.1614,1.29,57.1,58.2
4063,-13174.31,806.5495,1.27,54.0,58.3
4064,-13173.53,651.901,1.31,56.1,58.4
4065,-13162.98,275.1275,1.35,56.8,58.4
4066,-13145.64,137.4753,1.29,55.0,58.5
4067,-13065.41,765.5486,1.31,56.1,58.4
4068,-13089.73,618.8165,1.34,53.8,58.4
4069,-13077.28,325.436,1.34,58.7,58.4
4070,-13154.03,192.929,1.26,52.6,58.4
4071,-13170.34,411.804,1.28,55.0,58.4
4072,-13186.62,194.7215,1.36,59.0,57.9
4073,-13085.93,523.7414,1.33,55.9,57.9
4074,-13093.95,453.4704,1.28,57.1,58.2
4075,-13109.05,368.955,1.34,57.8,58.3
4076,-13136.02,353.0161,1.3,55.5,58.2
4077,-13086.75,688.5455,1.29,54.2,58.3
4078,-13053.65,288.1252,1.33,55.8,58.4
4079,-13063.52,210.1142,1.35,62.1,58.4
4080,-13138.14,326.4603,1.36,55.7,58.5
4081,-13054.94,135.5792,1.43,66.0,59.8
4082,-13135.33,356.5488,1.32,62.9,59.9
4083,-13076.49,102.7629,1.32,63.1,59.9
4084,-13061.7,74.3766,1.31,54.3,60.0
4085,-13033.11,85.4534,1.26,54.8,60.0
4086,-13103.53,655.2597,1.35,59.4,60.2
4087,-13005.87,61.2085,1.37,55.6,60.2
4088,-13022.7,29.3393,1.29,51.6,60.2
4089,-13002.1,44.7011,1.32,56.7,60.3
4090,-12987.29,16.6664,1.34,56.0,60.3
4091,-12999.0,35.8544,1.31,53.5,60.3
4092,-12960.57,85.3629,1.33,53.3,59.9
4093,-12950.92,78.5556,1.27,56.3,59.9
4094,-12939.52,96.6165,1.33,58.5,59.9
4095,-12924.15,42.2845,1.29,54.3,60.0
4096,-12905.02,40.971,1.28,55.1,59.7
4097,-12903.51,20.9427,1.32,55.8,59.8
4098,-12937.46,35.8501,1.31,56.3,59.9
4099,-12901.35,88.4995,1.34,56.7,59.9
4100,-12934.38,58.4996,1.32,56.1,60.1
4101,-12925.84,15.253,1.34,58.6,60.1
4102,-12944.47,80.384,1.31,53.7,60.2
4103,-12918.23,26.9528,1.34,55.5,60.3
4104,-12902.86,26.8193,1.29,56.0,60.3
4105,-12908.8,44.2061,1.29,55.1,60.5
4106,-12892.15,57.1619,1.32,54.5,60.6
4107,-12901.29,120.1771,1.35,60.7,60.6
4108,-12942.32,198.7714,1.29,55.8,60.8
4109,-12946.93,356.3134,1.31,52.7,60.8
4110,-12960.22,234.7342,1.3,53.8,60.8
4111,-12927.88,58.7986,1.3,59.8,60.8
4112,-12889.3,50.1873,1.3,58.1,60.9
4113,-12972.21,70.0247,1.28,51.4,60.7
4114,-12931.87,41.1445,1.34,60.0,60.9
4115,-12932.84,25.5958,1.26,54.5,60.9
4116,-12933.71,31.912,1.34,57.0,61.1
4117,-12992.52,139.4079,1.34,52.9,61.1
4118,-12925.57,304.8391,1.28,55.5,61.2
4119,-12934.96,206.6513,1.35,57.4,61.3
4120,-12942.4,29.7998,1.32,53.4,61.4
4121,-12965.61,45.2297,1.36,55.2,58.7
4122,-12897.48,128.2949,1.29,51.7,58.8
4123,-12884.28,119.4312,1.27,51.8,58.9
4124,-12961.17,209.9504,1.34,58.4,59.0
4125,-12916.69,74.9354,1.32,55.4,59.1
4126,-12923.42,107.5905,1.29,56.1,59.2
4127,-12911.72,41.7306,1.34,58.1,59.2
4128,-12937.05,68.3204,1.36,56.8,59.3
4129,-12884.28,114.5741,1.33,54.0,59.2
4130,-12925.88,94.2588,1.27,53.3,59.2
4131,-12892.78,46.5459,1.31,55.8,59.2
4132,-12943.98,248.0301,1.35,56.6,59.3
4133,-12896.96,69.4192,1.32,54.1,58.7
4134,-12871.37,130.2901,1.28,54.9,58.8
4135,-12944.47,137.3068,1.36,56.6,58.8
4136,-12868.16,123.2625,1.33,53.4,58.9
4137,-12913.02,151.024,1.29,54.7,58.6
4138,-12860.23,165.9476,1.28,55.9,58.6
4139,-12840.47,131.6872,1.34,59.9,58.8
4140,-12850.13,195.7254,1.36,57.5,58.8
4141,-12889.9,106.6037,1.32,57.4,58.9
4142,-12881.49,62.079,1.34,57.2,59.0
4143,-16075.04,303162.4453,1.32,37.6,51.9
4144,-16119.56,292655.5078,1.36,59.9,52.3
4145,-16112.32,275881.5859,1.29,58.9,52.4
4146,-16115.7,250535.8242,1.41,67.0,53.7
4147,-16136.64,228215.3281,1.3,65.7,53.3
4148,-16155.42,205543.6758,1.31,62.1,53.4
4149,-16360.21,188682.2734,1.3,51.8,53.5
4150,-16367.66,163157.2227,1.25,55.1,53.6
4151,-16531.17,145880.5312,1.36,57.4,53.3
4152,-16705.65,135473.9688,1.33,56.5,53.4
4153,-16850.31,125488.4824,1.24,53.5,53.3
4154,-16939.61,106971.2441,1.34,57.3,53.5
4155,-16957.41,90439.0059,1.34,56.5,53.6
4156,-16952.55,74652.4453,1.32,54.6,53.6
4157,-16968.31,69727.7891,1.27,55.9,53.7
4158,-16913.08,52458.7607,1.28,55.3,53.8
4159,-16900.25,43305.7461,1.31,55.3,54.0
4160,-16939.84,38030.6865,1.26,55.5,54.1
4161,-16921.54,28194.7871,1.3,54.7,54.2
4162,-16923.55,21956.8921,1.33,56.8,54.3
4163,-16854.7,19743.3994,1.26,54.2,54.4
4164,-16832.86,14746.4546,1.32,56.6,54.4
4165,-16753.68,11378.2446,1.31,53.0,54.6
4166,-16687.05,11999.927,1.33,55.6,54.4
4167,-16576.19,8190.504,1.31,56.2,54.6
4168,-16477.29,4887.8738,1.29,57.5,53.9
4169,-16476.55,3959.8033,1.35,54.9,54.0
4170,-16499.48,2759.3024,1.27,54.0,54.1
4171,-16486.12,1691.6889,1.29,54.9,54.2
4172,-16496.42,1270.4647,1.28,56.4,54.3
4173,-16643.37,13222.7922,1.36,59.4,54.4
4174,-16682.26,10342.1104,1.27,58.1,54.5
4175,-16413.81,13581.9722,1.3,54.8,54.6
4176,-16628.94,7021.2271,1.34,55.7,54.8
4177,-16633.03,5889.9265,1.24,54.8,54.8
4178,-16645.72,4554.175,1.32,55.9,54.9
4179,-16856.99,4235.0285,1.29,55.4,54.9
4180,-16696.87,2593.9861,1.31,53.4,53.1
4181,-16727.15,1030.9774,1.31,54.1,53.2
4182,-16624.41,1834.7546,1.36,59.8,53.4
4183,-14900.77,167439.5117,1.33,39.9,51.3
4184,-15165.11,79661.0312,1.37,61.1,51.5
4185,-15093.84,64026.3223,1.31,57.3,51.7
4186,-15091.85,34682.1665,1.29,51.6,51.7
4187,-15057.94,23791.5332,1.27,55.7,51.9
4188,-14807.02,25017.6108,1.31,60.3,51.9
4189,-14831.48,16824.4773,1.32,53.6,52.0
4190,-14982.21,40484.5605,1.24,53.4,52.1
4191,-14797.45,21391.8281,1.3,54.9,52.1
4192,-15098.34,8439.678,1.32,58.6,52.2
4193,-15166.1,3553.0494,1.28,54.9,52.2
4194,-14864.06,22703.0811,1.26,53.9,52.3
4195,-14964.16,14296.9036,1.36,58.7,52.4
4196,-14951.69,10865.4414,1.32,57.5,52.5
4197,-14907.35,6296.4753,1.28,53.9,52.7
4198,-15241.59,10810.6055,1.32,57.2,52.8
4199,-14894.49,4323.6432,1.32,60.7,52.9
4200,-15219.05,8414.5333,1.27,55.0,53.0
4201,-15235.38,7470.9302,1.29,53.1,53.1
4202,-15238.73,5038.8954,1.36,57.9,53.1
4203,-14960.11,10109.6951,1.29,55.2,53.2
4204,-14975.25,8332.4722,1.26,53.6,53.3
4205,-14974.02,5539.5221,1.31,57.6,53.4
4206,-14944.95,3874.8006,1.33,56.0,53.5
4207,-14951.41,1841.6966,1.25,54.0,53.6
4208,-15256.68,21103.834,1.31,53.6,53.7
4209,-15291.65,20538.6855,1.34,59.6,53.9
4210,-15252.04,15503.7778,1.3,54.0,53.9
4211,-15295.09,8000.7157,1.26,52.9,54.0
4212,-14953.24,4523.6902,1.4,62.0,54.0
4213,-14984.95,3836.8028,1.33,56.5,54.2
4214,-14995.66,2559.2083,1.28,56.4,54.3
4215,-14950.51,2513.1533,1.29,56.6,54.4
4216,-14963.11,1802.9723,1.31,55.2,54.4
4217,-15004.83,3275.702,1.31,55.6,54.5
4218,-15341.79,17815.8271,1.25,55.5,54.7
4219,-15335.46,15181.5471,1.32,56.1,54.8
4220,-15239.04,12710.0068,1.34,58.6,52.4
4221,-14947.72,4416.0477,1.26,55.9,52.6
4222,-14944.45,3567.9122,1.32,57.1,52.8
4223,-14927.61,2439.5935,1.34,53.3,52.9
4224,-15233.22,10963.2803,1.33,52.8,53.0
4225,-15215.38,11876.9878,1.26,53.6,53.1
4226,-14993.01,14537.1536,1.31,55.7,53.3
4227,-15255.37,5136.6749,1.36,58.6,53.4
4228,-14943.51,5688.1266,1.27,53.9,53.4
4229,-14940.95,6964.8807,1.3,55.3,53.5
4230,-14920.87,4877.7905,1.32,58.8,53.1
4231,-14893.19,3668.3541,1.31,56.3,53.2
4232,-14941.0,2718.7916,1.26,52.1,53.2
4233,-14922.73,1831.2675,1.31,57.6,53.3
4234,-14955.25,1661.6989,1.36,58.8,53.4
4235,-14976.2,2603.9203,1.28,53.8,52.8
4236,-14958.15,1027.3317,1.3,58.9,52.8
4237,-14688.29,5970.9069,1.32,58.7,53.0
4238,-14908.39,489.2325,1.35,54.9,53.1
4239,-14933.25,350.8103,1.26,54.3,53.1
4240,-14638.95,4400.8539,1.41,66.8,54.4
4241,-14634.46,4986.167,1.38,64.4,54.3
4242,-14711.91,3872.584,1.25,58.7,54.3
4243,-14619.99,3595.2709,1.33,56.7,54.4
4244,-14683.83,3178.4336,1.34,58.8,54.1
4245,-14658.28,1414.2696,1.32,57.6,54.1
4246,-14656.96,1254.4223,1.27,56.9,53.9
4247,-14711.58,481.5332,1.31,57.3,54.1
4248,-14742.58,312.8151,1.36,59.7,54.1
4249,-14920.7,652.3582,1.3,58.2,54.1
4250,-15024.94,2719.9831,1.33,55.6,53.7
4251,-15011.39,1556.2729,1.29,55.3,53.8
4252,-14985.5,2648.5411,1.31,56.6,53.7
4253,-14935.0,1142.1164,1.27,52.4,53.8
4254,-14853.31,700.18,1.36,57.3,53.9
4255,-14755.79,799.4008,1.34,55.7,53.7
4256,-14782.67,315.6318,1.25,55.6,53.8
4257,-14706.94,158.8514,1.31,57.5,53.7
4258,-14729.51,230.0082,1.29,54.1,53.9
4259,-14700.97,91.3638,1.32,55.3,54.0
4260,-14771.64,187.8058,1.28,56.4,54.0
4261,-14708.56,268.4045,1.36,60.3,54.1
4262,-14805.34,817.3612,1.41,59.1,54.3
4263,-14773.85,658.0182,1.27,56.1,54.2
4264,-14801.19,553.3479,1.29,53.4,54.4
4265,-14788.01,363.4748,1.3,54.8,54.5
4266,-14747.0,208.8497,1.3,55.1,54.6
4267,-14776.62,325.4215,1.26,56.3,54.7
4268,-14761.66,196.2129,1.31,55.7,54.8
4269,-14799.57,151.8719,1.37,58.0,54.9
4270,-14772.6,100.9725,1.31,57.0,54.8
4271,-15016.53,4825.0946,1.35,54.8,54.7
4272,-15033.59,6802.2527,1.33,56.6,54.8
4273,-15410.06,19168.439,1.35,60.4,54.9
4274,-15412.3,15707.9312,1.32,56.3,54.8
4275,-15117.89,7246.3207,1.34,58.1,55.0
4276,-15076.93,6278.4012,1.4,54.7,55.1
4277,-15049.97,5813.13,1.28,59.3,55.2
4278,-15012.66,4251.6462,1.33,55.9,55.3
4279,-15010.07,2521.4742,1.33,54.0,55.4
4280,-15003.29,2113.8157,1.26,54.8,54.7
4281,-14993.45,1899.6578,1.31,55.7,54.8
4282,-14717.92,2844.2447,1.3,56.6,54.9
4283,-14701.61,2957.0611,1.36,57.0,55.0
4284,-14703.18,2322.4005,1.33,56.4,55.2
4285,-14706.86,4806.7999,1.31,57.9,55.2
4286,-14712.11,1912.3522,1.31,52.9,55.3
4287,-14718.14,1536.0833,1.28,56.9,55.4
4288,-14716.27,1078.5098,1.29,56.7,55.5
4289,-14747.14,893.9055,1.31,54.0,55.5
4290,-14941.75,2299.3284,1.32,54.9,55.6
4291,-14820.62,613.8858,1.34,56.2,55.1
4292,-14802.49,372.1682,1.31,53.4,55.3
4293,-14759.19,767.8301,1.31,56.4,55.3
4294,-14782.13,1301.1785,1.29,58.9,55.4
4295,-14909.62,861.8412,1.31,57.4,55.5
4296,-14974.83,1464.0258,1.3,54.9,55.6
4297,-15007.74,1345.8066,1.34,59.9,55.8
4298,-15033.57,978.3316,1.29,54.0,53.2
4299,-14996.75,562.0945,1.3,58.6,53.4
4300,-14977.14,1577.8764,1.32,54.6,53.4
4301,-15009.94,1601.2143,1.31,58.2,53.5
4302,-14861.85,769.2155,1.3,55.0,53.7
4303,-14780.71,724.7914,1.31,55.8,53.7
4304,-14839.09,489.6087,1.35,57.0,53.9
4305,-14886.52,1892.1879,1.3,56.7,54.0
4306,-14775.71,363.6171,1.3,55.5,54.1
4307,-14692.7,861.8001,1.32,51.0,54.2
4308,-14720.07,561.06,1.25,57.2,54.3
4309,-14774.34,1257.0075,1.32,61.5,54.3
4310,-14723.0,310.76,1.28,55.5,54.3
4311,-14810.0,255.2511,1.26,53.2,54.4
4312,-14853.26,241.6852,1.36,60.5,53.8
4313,-14900.54,1336.7886,1.31,52.3,53.9
4314,-14865.84,1646.8056,1.29,52.4,53.2
4315,-15030.85,5519.5873,1.28,58.4,53.2
4316,-15016.26,3750.2211,1.31,56.1,52.9
4317,-15011.18,3136.9384,1.31,54.6,53.0
4318,-14723.8,856.7163,1.28,53.5,53.1
4319,-14770.11,794.3159,1.31,60.4,52.9
4320,-14742.38,1449.528,1.3,59.7,53.1
4321,-14728.68,1066.1138,1.32,54.8,53.2
4322,-14743.02,962.935,1.33,58.7,53.2
4323,-14790.4,615.3907,1.29,57.2,53.2
4324,-14807.54,962.9845,1.31,53.6,53.3
4325,-14796.61,619.8274,1.25,55.5,53.4
4326,-14853.01,399.9811,1.35,58.2,53.4
4327,-14797.95,479.3071,1.33,56.8,53.5
4328,-14819.18,272.2648,1.33,53.8,53.5
4329,-14751.65,430.8611,1.31,56.1,53.6
4330,-14747.5,377.2313,1.36,55.8,53.8
4331,-14745.2,171.5157,1.32,55.8,53.8
4332,-14742.48,151.0328,1.26,56.0,53.7
4333,-14745.67,239.2472,1.33,60.3,53.7
4334,-14713.23,149.3627,1.37,57.1,53.8
4335,-14763.91,853.679,1.32,53.9,53.9
4336,-14807.55,286.1529,1.29,55.2,54.0
4337,-14695.33,134.7079,1.31,55.0,54.0
4338,-14747.07,725.449,1.32,53.0,54.0
4339,-14763.91,335.7473,1.26,54.6,54.1
4340,-14927.21,536.4277,1.34,56.9,54.3
4341,-14939.16,310.0409,1.31,55.9,54.5
4342,-14766.62,884.9137,1.3,57.7,54.5
4343,-14831.68,358.8178,1.33,55.2,54.6
4344,-14815.67,253.9684,1.31,57.7,54.7
4345,-14857.37,235.1571,1.32,55.1,54.8
4346,-15120.68,4818.7252,1.3,55.5,54.9
4347,-15138.45,4121.0301,1.3,58.3,55.0
4348,-14879.84,504.9699,1.28,53.0,55.1
4349,-14857.53,549.3392,1.37,56.7,55.1
4350,-14797.06,1366.1745,1.3,61.7,54.8
4351,-14673.75,1113.2391,1.32,54.3,54.8
4352,-14751.76,563.473,1.3,54.0,54.3
4353,-14786.96,601.9773,1.28,56.2,54.3
4354,-14843.58,381.3468,1.33,59.4,54.5
4355,-14897.88,628.5681,1.32,55.1,54.5
4356,-14940.74,410.9011,1.34,57.4,54.6
4357,-14858.83,267.886,1.31,54.1,54.7
4358,-14889.27,340.4206,1.35,54.9,54.8
4359,-14840.83,224.5578,1.3,52.8,54.8
4360,-14810.83,321.3789,1.27,54.3,54.9
4361,-14774.7,265.5837,1.34,57.3,55.0
4362,-14768.6,75.3851,1.3,57.0,55.2
4363,-14672.63,158.0067,1.36,58.0,55.6
4364,-14694.66,219.9759,1.31,57.5,55.6
4365,-14696.19,74.6835,1.34,63.1,55.6
4366,-14684.34,174.0043,1.38,59.7,55.7
4367,-14922.54,4001.8707,1.44,67.0,55.9
4368,-14749.94,615.811,1.34,62.6,55.9
4369,-14804.78,339.4686,1.33,55.2,55.9
4370,-14791.67,626.5327,1.28,52.8,56.0
4371,-14679.83,807.8788,1.39,60.9,56.1
4372,-14663.79,435.6391,1.31,58.0,55.6
4373,-14741.02,584.0582,1.34,54.0,55.6
4374,-14701.98,670.1884,1.27,54.9,55.6
4375,-14920.95,3709.1263,1.33,60.1,55.7
4376,-14810.43,1173.7087,1.36,56.9,55.8
4377,-14807.32,448.292,1.47,67.6,56.8
4378,-14624.82,1319.0628,1.53,72.4,57.5
4379,-14708.59,358.5628,1.39,59.3,54.9
4380,-14693.41,210.5001,1.34,55.4,54.9
4381,-14745.11,69.351,1.45,67.4,55.4
4382,-14775.69,76.5516,1.36,58.1,55.3
4383,-14822.4,50.6339,1.3,57.8,55.4
4384,-14803.83,26.1826,1.35,56.7,55.5
4385,-14786.45,80.5831,1.32,54.4,55.4
4386,-14794.83,45.5313,1.36,59.6,55.5
4387,-14585.5,9014.2451,1.4,64.0,55.6
4388,-14840.9,389.5178,1.33,58.5,55.6
4389,-14542.01,7420.8806,1.34,55.5,55.7
4390,-14868.82,304.3502,1.4,57.5,55.7
4391,-14863.13,501.6363,1.43,61.7,55.8
4392,-14847.8,74.22,1.43,63.5,55.6
4393,-14565.93,9282.9734,1.34,53.8,55.6
4394,-14541.72,9107.8821,1.36,58.0,55.8
4395,-14778.74,185.1714,1.41,58.7,55.2
4396,-14814.95,101.9527,1.39,57.2,55.3
4397,-14769.96,193.6068,1.31,55.7,55.4
4398,-14764.38,126.9206,1.52,67.4,55.7
4399,-14724.32,94.5997,1.51,64.1,56.0
4400,-14751.85,75.3698,1.64,80.1,57.3
4401,-14675.52,297.9013,1.48,62.9,57.5
4402,-14701.99,73.9099,1.53,69.6,58.2
4403,-14684.16,83.8208,1.34,56.2,58.1
4404,-14757.19,230.4178,1.37,58.7,58.1
4405,-14761.22,56.0122,1.35,57.5,58.0
4406,-14778.84,94.9902,1.41,60.2,58.1
4407,-14811.56,72.6917,1.34,56.0,58.1
4408,-14830.53,37.1476,1.33,58.1,58.1
4409,-14566.98,8983.1255,1.54,67.0,58.4
4410,-14823.08,91.7926,1.44,60.7,58.4
4411,-14836.5,60.243,1.48,67.9,57.7
4412,-14592.33,9308.7119,1.32,55.3,57.5
4413,-14586.08,8451.7358,1.31,54.9,57.6
4414,-14903.49,714.3222,1.35,57.5,57.7
4415,-14885.87,601.6493,1.44,60.2,57.8
4416,-14909.29,343.5897,1.48,69.5,58.1
4417,-14891.53,338.348,1.35,64.4,57.9
4418,-14884.78,64.2596,1.47,69.6,58.1
4419,-14591.12,9191.2461,1.4,66.5,58.0
4420,-14624.9,7711.2473,1.42,63.8,58.1
4421,-14587.1,7612.2474,1.53,68.2,58.2
4422,-14885.83,1865.0455,1.43,58.7,58.3
4423,-14925.74,1931.8339,1.38,60.5,58.4
4424,-14876.5,669.8112,1.43,65.1,58.5
4425,-14918.34,652.4845,1.3,58.2,58.5
4426,-14901.92,598.3712,1.32,57.0,57.8
4427,-14851.69,363.9441,1.34,52.5,57.8
4428,-14863.33,196.632,1.32,57.0,57.9
4429,-14559.03,7829.9532,1.32,57.1,57.9
4430,-14586.95,7332.3041,1.31,55.3,57.5
4431,-14574.23,7588.9872,1.29,58.3,57.6
4432,-14588.45,6582.3392,1.34,59.3,57.5
4433,-14950.04,3229.9407,1.31,55.7,57.6
4434,-14876.08,2002.5676,1.28,53.2,57.4
4435,-14882.25,1402.814,1.3,55.3,57.5
4436,-14594.2,5986.4075,1.31,58.6,57.5
4437,-14618.48,5805.8959,1.31,58.2,57.7
4438,-14616.87,4731.1708,1.25,53.0,57.7
4439,-14928.74,2484.6084,1.34,57.9,57.8
4440,-14958.66,3513.5235,1.32,54.5,58.0
4441,-14954.21,2440.9944,1.33,55.3,58.1
4442,-14677.43,4088.4619,1.29,56.3,58.2
4443,-14696.98,3752.6375,1.32,54.1,58.4
4444,-14689.63,3348.6923,1.37,59.3,58.2
4445,-14981.71,5004.9224,1.26,53.6,58.3
4446,-14964.24,4166.4977,1.33,57.2,58.5
4447,-14691.69,3517.3961,1.31,54.6,58.4
4448,-14680.27,2779.3039,1.31,52.4,58.6
4449,-14955.35,4297.1237,1.28,59.5,58.7
4450,-14943.78,3899.1086,1.31,59.1,58.6
4451,-14986.94,3325.813,1.31,52.3,58.5
4452,-14700.43,2923.14,1.26,54.7,58.4
4453,-14715.99,2732.5657,1.36,59.7,58.5
4454,-14707.22,2380.9122,1.3,51.5,57.7
4455,-14687.89,2353.4174,1.3,54.1,57.9
4456,-14987.0,5585.3115,1.3,58.9,57.9
4457,-14926.87,4717.262,1.31,58.3,58.1
4458,-14973.25,4560.5345,1.31,54.9,58.1
4459,-14994.97,3791.4295,1.36,58.9,58.3
4460,-14751.29,2461.2798,1.47,64.5,59.4
4461,-14735.79,3267.2189,1.45,63.5,59.7
4462,-14723.3,2083.2245,1.42,62.6,59.7
4463,-14723.98,1638.4687,1.34,57.8,59.8
4464,-14691.82,1165.7293,1.3,54.1,57.2
4465,-15013.02,5797.3436,1.31,55.3,57.2
4466,-15011.18,5903.0275,1.34,56.5,57.2
4467,-15092.32,8167.6626,1.32,60.3,57.3
4468,-14809.29,1156.9779,1.32,55.6,57.4
4469,-14708.9,1451.6379,1.31,51.9,57.4
4470,-15074.83,8073.9031,1.32,58.1,57.4
4471,-15065.24,7267.7179,1.31,55.7,57.1
4472,-15099.63,6370.0267,1.33,51.5,57.2
4473,-14796.2,1571.5522,1.3,54.8,57.2
4474,-14845.32,1198.2067,1.33,59.2,57.4
4475,-14827.33,1261.2265,1.29,57.8,57.4
4476,-15067.62,6335.7747,1.33,55.7,57.5
4477,-15074.64,6006.2656,1.34,60.3,57.7
4478,-15119.8,5407.6976,1.33,59.4,57.8
4479,-14820.65,2212.6606,1.29,52.4,57.8
4480,-14860.34,1921.7501,1.3,53.1,56.9
4481,-14808.17,1383.0224,1.33,64.5,57.0
4482,-15114.71,6260.5316,1.32,53.8,56.3
4483,-15136.13,6406.9133,1.35,54.1,56.4
4484,-14769.18,2074.4162,1.32,55.3,56.5
4485,-14780.63,1923.0022,1.33,57.2,56.5
4486,-14754.6,1405.9678,1.33,53.0,56.5
4487,-15143.26,9110.9658,1.28,54.8,56.5
4488,-15107.56,8374.2963,1.31,59.3,56.5
4489,-15135.61,7774.5897,1.32,58.4,56.5
4490,-14801.89,1692.9805,1.33,51.5,56.4
4491,-14825.14,1087.139,1.31,60.0,55.9
4492,-14838.49,1101.6989,1.3,56.2,55.8
4493,-14812.69,599.4869,1.34,56.9,55.7
4494,-14864.56,1277.3514,1.27,54.8,55.8
4495,-14836.69,1015.8596,1.33,56.5,55.6
4496,-14873.72,1078.1326,1.31,56.5,55.6
4497,-15232.35,11467.2593,1.32,56.7,55.6
4498,-14910.65,431.02,1.32,58.1,55.7
4499,-14894.05,413.6426,1.32,59.0,55.9
4500,-15230.99,10805.9971,1.3,55.1,55.9
4501,-14904.11,831.7053,1.34,52.5,56.0
4502,-15216.29,9912.8579,1.29,60.7,56.1
4503,-14925.02,599.5418,1.36,58.5,56.2
4504,-14872.0,841.4686,1.32,55.9,56.2
4505,-15234.8,9879.6423,1.32,57.4,56.2
4506,-14913.0,760.0945,1.31,55.5,56.4
4507,-14900.8,295.6756,1.3,53.8,56.3
4508,-15254.13,10817.564,1.29,52.8,56.4
4509,-15282.71,10137.1726,1.32,61.1,56.5
4510,-14911.05,671.4778,1.31,55.2,56.5
4511,-14925.37,263.744,1.34,54.8,56.4
4512,-14928.19,286.8897,1.31,54.1,56.8
4513,-14930.02,224.0536,1.54,74.9,58.0
4514,-14945.81,170.0821,1.55,75.1,58.7
4515,-14616.46,30109.1924,1.42,63.4,58.7
4516,-14643.11,21540.3179,1.38,59.8,58.5
4517,-14667.65,12928.657,1.39,64.2,59.1
4518,-14684.75,6230.5337,1.52,76.6,58.9
4519,-16162.39,141404.9883,1.47,58.7,59.0
4520,-16189.36,130928.459,1.49,60.6,59.0
4521,-16232.25,139338.375,1.4,56.4,59.0
4522,-16275.42,125709.0645,1.39,56.2,59.1
4523,-16328.06,108926.0176,1.4,57.7,59.1
4524,-14779.76,31319.7598,1.32,57.6,59.2
4525,-14794.22,38219.9209,1.32,53.4,59.4
4526,-14797.05,27200.9297,1.35,57.8,59.4
4527,-16208.24,84201.2461,1.46,61.5,59.4
4528,-16164.67,72402.75,1.53,60.7,59.7
4529,-16079.11,54108.0508,1.62,67.5,59.8
4530,-14895.55,38657.8223,1.34,59.6,59.2
4531,-14912.95,42086.8906,1.41,60.5,59.3
4532,-14953.5,27810.0498,1.4,61.5,59.4
4533,-16071.65,40891.3232,1.69,70.8,59.6
4534,-16007.95,41658.3672,1.62,71.5,59.9
4535,-15607.92,36989.4277,1.43,58.0,59.9
4536,-14931.57,20719.1348,1.54,67.7,59.9
4537,-14927.14,14883.2397,1.43,62.7,59.9
4538,-14947.5,15311.1982,1.45,61.6,59.9
4539,-15094.05,32989.4531,1.44,59.6,60.1
4540,-15043.72,11880.7749,1.42,61.2,60.4
4541,-15504.83,30668.1133,1.52,64.5,60.5
4542,-15512.91,25276.2627,1.33,59.7,60.5
4543,-15467.49,24265.3364,1.34,57.1,60.7
4544,-15451.3,22219.9824,1.39,60.3,60.6
4545,-15466.57,16958.5852,1.33,54.2,60.6
4546,-15496.97,12601.1975,1.35,62.5,60.6
4547,-15458.84,8443.1174,1.47,63.6,60.5
4548,-14973.81,30275.2578,1.32,55.4,60.6
4549,-14988.58,22790.7949,1.26,58.5,60.2
4550,-15651.99,16876.4097,1.43,54.9,57.4
4551,-15547.27,12823.3257,1.38,59.8,57.6
4552,-15561.9,5514.6188,1.34,55.9,57.6
4553,-15446.55,4910.7046,1.32,55.0,57.4
4554,-14987.91,21137.1089,1.34,59.3,57.5
4555,-15004.98,16777.8806,1.4,55.2,57.5
4556,-15387.03,4242.2848,1.31,56.5,57.6
4557,-15435.13,4353.0184,1.37,58.8,57.8
4558,-15492.64,2448.8668,1.39,57.1,57.9
4559,-14987.0,21434.6245,1.34,53.5,57.9
4560,-14939.79,17720.0647,1.26,53.5,58.0
4561,-14939.5,10708.4795,1.33,56.7,58.0
4562,-15337.15,8008.6964,1.4,59.8,58.0
4563,-15374.83,9283.1403,1.35,56.4,58.1
4564,-15481.65,4385.5832,1.3,56.3,58.3
4565,-15458.46,4876.5498,1.36,55.7,58.3
4566,-15713.74,21593.3149,1.36,56.2,57.7
4567,-15376.47,4830.8613,1.36,60.6,57.7
4568,-15189.24,8249.6997,1.34,60.5,57.7
4569,-15751.82,13380.0146,1.38,58.0,57.6
4570,-15031.53,37278.8184,1.29,54.9,57.7
4571,-15001.57,27695.8945,1.27,59.5,57.7
4572,-15499.3,2968.7675,1.35,55.5,57.8
4573,-14862.35,13475.9263,1.33,55.0,57.8
4574,-15365.72,2843.2911,1.37,58.2,57.8
4575,-15311.14,2235.0845,1.41,58.4,57.7
4576,-15314.0,1874.8074,1.36,57.6,57.8
4577,-15390.84,1748.065,1.35,54.8,57.8
4578,-15374.71,1353.8447,1.33,59.5,57.9
4579,-15269.69,1522.5345,1.34,56.2,57.9
4580,-15257.83,1079.6387,1.4,61.0,57.9
4581,-15219.73,583.2082,1.44,63.8,57.9
4582,-15283.26,774.9674,1.29,57.6,57.9
4583,-15260.3,512.1657,1.35,57.5,57.9
4584,-15190.53,251.0297,1.35,55.7,58.0
4585,-15146.05,235.0806,1.29,54.4,58.0
4586,-15127.14,209.9828,1.34,57.5,58.0
4587,-15174.88,251.8025,1.41,58.2,57.9
4588,-15208.73,397.968,1.37,58.3,57.6
4589,-15588.53,25689.1333,1.31,55.7,57.6
4590,-15420.0,2059.5032,1.37,58.5,57.7
4591,-15429.24,1629.7425,1.39,56.1,57.8
4592,-15411.31,603.4644,1.37,55.2,57.9
4593,-15627.3,19979.4443,1.32,54.2,58.0
4594,-15648.86,14631.1663,1.35,57.1,58.0
4595,-15340.28,2777.6303,1.36,61.2,58.3
4596,-15319.15,3168.1158,1.33,55.8,58.3
4597,-15614.11,4831.5708,1.34,54.7,58.4
4598,-15328.04,2093.8049,1.38,59.0,58.5
4599,-15269.02,2529.4447,1.35,54.0,58.6
4600,-15251.52,1829.9728,1.43,60.9,58.6
4601,-15394.11,12292.7805,1.41,59.8,58.7
4602,-15369.8,9905.4594,1.36,59.3,58.9
4603,-15405.61,5068.3661,1.36,56.4,59.0
4604,-15053.53,16213.9861,1.31,54.7,58.9
4605,-15042.23,50893.4688,1.38,60.3,59.1
4606,-15394.08,19549.7456,1.39,55.6,59.1
4607,-15731.13,10152.3552,1.33,59.7,59.2
4608,-15057.28,6346.1974,1.36,56.4,58.7
4609,-15017.04,4100.7334,1.41,60.6,58.8
4610,-15367.64,11170.0527,1.32,56.1,58.8
4611,-15371.83,10989.6023,1.29,53.1,58.9
4612,-15361.19,7385.5326,1.37,59.6,58.5
4613,-15023.92,5706.8273,1.42,57.4,58.7
4614,-15030.79,5571.6451,1.35,55.4,58.8
4615,-15056.5,2600.4275,1.4,58.5,58.9
4616,-15345.79,11446.5415,1.38,55.3,58.9
4617,-15378.82,13283.4021,1.5,65.3,59.4
4618,-15393.71,11846.2532,1.42,61.3,59.5
4619,-15392.85,8047.2111,1.38,57.7,59.7
4620,-15024.83,5696.876,1.39,54.4,59.8
4621,-15402.17,3652.6456,1.4,58.4,59.7
4622,-15085.01,6799.8291,1.84,76.6,60.0
4623,-15088.76,5907.1975,1.43,62.0,60.0
4624,-15104.97,2883.1257,1.67,70.7,60.6
4625,-15105.45,1349.2545,1.45,63.3,60.5
4626,-15054.31,920.7868,1.38,56.2,60.5
4627,-15333.55,9879.2119,1.4,58.4,60.4
4628,-15344.83,9086.3804,1.38,57.4,60.3
4629,-15356.57,6226.6993,1.38,58.0,60.4
4630,-15396.53,7892.766,1.44,65.1,60.3
4631,-15055.82,7607.6547,1.37,63.6,60.4
4632,-15043.31,8621.4609,1.36,53.5,60.5
4633,-15412.22,3421.5703,1.4,60.4,60.5
4634,-15086.16,5150.5546,1.43,58.0,60.6
4635,-15105.25,3390.9762,1.39,60.4,60.4
4636,-15067.95,1655.1165,1.52,65.7,60.6
4637,-15071.86,673.304,1.48,62.5,60.7
4638,-15433.98,17029.6553,1.39,53.8,58.2
4639,-15446.5,17373.7554,1.4,58.5,58.3
4640,-15426.11,12080.5667,1.42,57.3,57.3
4641,-15126.67,1054.1246,1.36,57.0,57.4
4642,-15167.23,794.9086,1.44,60.4,57.5
4643,-15151.3,616.8765,1.49,61.7,57.6
4644,-15070.1,372.429,1.34,55.6,57.7
4645,-15449.77,18691.0693,1.65,68.4,57.9
4646,-15454.65,20339.2573,1.38,66.3,57.4
4647,-15476.16,17382.5146,1.32,53.3,57.5
4648,-15457.98,12544.6799,1.4,60.4,57.7
4649,-15444.51,7784.444,1.4,57.1,57.7
4650,-15055.69,10108.3223,1.35,57.8,57.7
4651,-15073.75,9973.7305,1.33,58.8,57.8
4652,-15082.92,8055.3245,1.46,58.6,57.8
4653,-15056.31,4928.6551,1.47,63.5,58.0
4654,-15404.68,7409.3119,1.42,59.3,57.3
4655,-15451.14,8426.1681,1.44,66.1,57.4
4656,-15064.06,1999.459,1.45,61.1,57.5
4657,-15009.58,2469.7479,1.45,61.0,57.6
4658,-15103.14,512.4258,1.37,57.0,57.7
4659,-15417.19,12903.3479,1.41,59.4,57.6
4660,-15443.02,15374.626,1.34,58.1,57.8
4661,-15452.6,11235.5408,1.47,62.1,57.7
4662,-15429.53,7488.9755,1.43,59.3,57.8
4663,-15435.49,3592.6076,1.41,56.8,57.8
4664,-15122.46,9665.1565,1.74,72.5,57.2
4665,-15109.3,10778.0376,1.4,59.7,57.3
4666,-15141.76,6247.1759,1.4,57.6,57.2
4667,-15167.99,3073.748,1.38,60.7,57.3
4668,-15184.46,1761.2271,1.36,55.7,57.3
4669,-15138.66,1279.4659,1.4,58.4,56.9
4670,-15106.64,497.1631,1.37,60.4,56.6
4671,-15466.85,14994.0898,1.35,54.9,56.6
4672,-15440.45,12335.199,1.34,54.7,56.7
4673,-15142.32,1297.175,1.4,59.8,56.8
4674,-15478.38,10305.926,1.34,60.2,56.7
4675,-15474.71,8670.5715,1.38,55.8,56.7
4676,-15447.24,5445.3239,1.38,58.8,56.9
4677,-15429.36,4381.3276,1.35,56.3,56.9
4678,-15439.12,2881.8312,1.35,54.4,57.0
4679,-15035.16,12021.946,1.33,54.5,57.0
4680,-15042.95,8664.8297,1.52,66.1,57.2
4681,-15081.1,3367.6755,1.46,61.2,57.3
4682,-15129.13,2407.9949,1.45,61.9,57.4
4683,-15151.5,1824.1251,1.46,60.3,57.4
4684,-15474.93,17239.5405,1.39,58.9,57.1
4685,-15459.51,14382.6865,1.37,58.1,57.2
4686,-14920.46,12746.9409,1.44,61.8,57.4
4687,-15387.0,6100.3157,1.33,52.7,57.4
4688,-15379.73,4739.4252,1.53,60.9,57.5
4689,-15445.57,2946.3541,1.48,68.7,58.1
4690,-15052.75,15171.2361,1.36,57.1,58.2
4691,-15093.19,12646.6194,1.36,55.8,58.3
4692,-15031.43,12671.0227,1.37,54.6,58.4
4693,-15035.61,8439.1963,1.33,57.6,58.4
4694,-14989.24,5386.1997,1.35,56.6,58.5
4695,-15432.07,8668.712,1.39,56.3,58.5
4696,-15366.65,7907.8993,1.36,54.9,58.7
4697,-15459.68,8223.3114,1.4,57.4,58.8
4698,-15377.42,4649.0491,1.49,59.8,58.9
4699,-15749.12,11983.886,1.41,63.4,59.0
4700,-15724.71,9039.3562,1.45,62.4,59.1
4701,-15385.33,3835.2667,1.52,61.0,59.1
4702,-14844.24,57114.8359,1.32,56.8,59.1
4703,-14867.76,57920.4922,1.36,58.0,58.8
4704,-15005.16,13825.8843,1.53,63.5,59.4
4705,-14881.93,15549.8064,1.48,65.7,59.4
4706,-15396.01,3309.9956,1.45,63.0,59.6
4707,-15718.21,11943.772,1.49,67.8,59.1
4708,-15385.52,3279.1313,1.53,71.7,59.0
4709,-15387.53,2557.7914,1.43,56.9,59.0
4710,-15067.77,11336.6326,1.41,57.3,59.1
4711,-15054.03,10598.9402,1.4,63.0,59.5
4712,-15076.35,8368.8353,1.38,55.1,59.5
4713,-15014.19,9399.4475,1.42,60.1,59.3
4714,-15372.02,3864.5876,1.43,64.7,59.3
4715,-14877.02,14795.4709,1.45,59.5,59.7
4716,-15406.43,5686.0293,1.39,56.0,59.7
4717,-15431.19,5025.2139,1.42,61.6,59.9
4718,-15200.32,21392.9624,1.35,57.1,60.0
4719,-15019.61,8872.3442,1.34,56.1,59.9
4720,-14541.39,33062.8364,1.36,56.2,60.0
4721,-14509.59,30190.1963,1.37,56.8,59.9
4722,-14510.83,21855.9204,1.34,61.1,59.6
4723,-15726.72,23970.5127,1.33,55.6,59.4
4724,-15440.92,15750.6714,1.33,55.2,59.4
4725,-15375.1,10622.1492,1.4,56.7,59.5
4726,-14885.2,7193.5033,1.3,57.5,59.0
4727,-14906.89,7208.4038,1.3,53.6,56.6
4728,-12847.44,143189.9219,1.34,40.0,52.9
4729,-13208.09,76188.4355,1.38,55.5,53.3
4730,-13449.73,46528.4893,1.43,67.2,54.2
4731,-13146.74,46382.8145,1.32,60.7,54.2
4732,-13096.24,44264.3965,1.32,55.5,54.3
4733,-13419.0,33794.8418,1.32,60.0,53.3
4734,-13861.0,43630.8906,1.4,59.8,53.2
4735,-13819.26,31284.3633,1.38,58.3,53.2
4736,-13859.53,31205.0674,1.34,53.7,52.8
4737,-13623.46,26987.9956,1.33,53.4,52.9
4738,-13472.95,8800.1519,1.32,58.4,52.6
4739,-13376.49,9829.9517,1.35,57.6,52.7
4740,-12796.68,29885.6904,1.32,53.9,52.8
4741,-13126.33,4629.6597,1.33,60.2,52.9
4742,-13161.45,2457.3137,1.31,60.4,53.0
4743,-13071.52,2005.9569,1.31,53.6,53.1
4744,-13106.4,1203.7787,1.28,54.2,53.2
4745,-13014.17,21858.5415,1.32,58.7,53.3
4746,-13060.0,18709.2104,1.31,53.3,53.5
4747,-12825.75,11245.0505,1.23,55.1,53.6
4748,-12835.01,9441.5347,1.38,58.0,53.7
4749,-12857.31,7039.6738,1.31,54.6,53.8
4750,-13181.7,7762.8633,1.33,55.4,53.8
4751,-13208.75,9543.6592,1.44,62.3,55.1
4752,-13655.13,26118.0586,1.45,69.5,55.6
4753,-13200.57,4746.2512,1.43,61.3,56.0
4754,-12864.0,13189.48,1.45,64.8,55.5
4755,-12910.21,11961.197,1.44,63.8,55.6
4756,-12905.65,7508.2512,1.35,66.6,55.9
4757,-13315.32,18841.3594,1.37,57.3,55.9
4758,-13344.37,10234.3411,1.35,54.9,55.9
4759,-12899.08,2864.6043,1.3,56.1,56.0
4760,-13282.51,13563.9766,1.4,62.1,55.9
4761,-12911.21,2732.3323,1.41,59.2,56.0
4762,-13249.52,8840.7993,1.32,56.5,56.1
4763,-13260.89,7688.694,1.32,56.2,56.3
4764,-13274.99,6884.2124,1.32,53.8,56.4
4765,-13305.71,4435.1647,1.62,63.9,54.6
4766,-12926.98,11315.467,1.34,64.9,55.0
4767,-12926.4,11046.0144,1.46,66.2,55.1
4768,-12902.45,9370.3313,1.37,56.4,55.2
4769,-12882.51,7404.4133,1.61,67.6,55.5
4770,-13072.54,9122.2554,1.47,62.8,55.4
4771,-13482.83,14074.272,1.42,62.8,55.6
4772,-13199.02,7229.2277,1.41,60.8,55.7
4773,-13073.29,5919.2476,1.39,66.7,55.3
4774,-13250.19,5947.9337,1.45,63.4,55.4
4775,-12975.02,4506.3398,1.42,60.1,55.5
4776,-12987.19,4240.013,1.58,68.8,56.2
4777,-12910.81,3608.9777,1.34,57.7,57.1
4778,-12909.97,2258.9071,1.29,53.3,57.1
4779,-13235.7,12002.5234,1.38,60.4,57.3
4780,-12901.96,1919.8738,1.35,59.6,55.2
4781,-13343.43,11700.9744,1.35,56.8,54.8
4782,-12922.71,1559.7854,1.33,56.1,55.0
4783,-13247.16,10329.5884,1.3,55.2,55.0
4784,-13280.45,10293.6023,1.26,53.5,55.0
4785,-13257.27,7324.9585,1.29,53.5,55.1
4786,-13473.72,6971.981,1.35,54.1,55.1
4787,-12962.61,8509.6643,1.27,55.3,54.7
4788,-12972.2,10239.1218,1.29,57.8,54.7
4789,-12967.14,8033.2258,1.3,55.2,54.8
4790,-12987.19,4047.2247,1.29,56.8,54.8
4791,-12964.25,2678.0685,1.29,55.5,54.8
4792,-12867.1,3068.8785,1.3,57.7,54.9
4793,-13382.31,15113.1223,1.38,56.4,54.9
4794,-12908.89,2349.5434,1.29,56.5,54.9
4795,-13688.68,34970.4531,1.37,55.9,54.9
4796,-13391.18,10540.2625,1.36,58.5,55.1
4797,-13276.27,7893.9133,1.31,57.4,54.4
4798,-13325.58,7178.9781,1.28,55.0,54.4
4799,-12982.95,8844.4387,1.35,57.6,54.2
4800,-12924.61,10241.9421,1.34,58.2,54.3
4801,-12918.1,9161.2411,1.33,56.2,54.5
4802,-13255.44,4755.1449,1.26,55.6,54.6
4803,-13452.33,6065.1385,1.35,58.5,54.7
4804,-13111.92,8600.6516,1.34,55.5,54.8
4805,-13200.79,6538.9075,1.3,53.1,54.9
4806,-12975.39,1684.1065,1.33,56.1,54.9
4807,-12905.1,2448.1669,1.32,57.9,55.1
4808,-13253.93,11202.3501,1.33,54.1,55.1
4809,-13224.9,10541.2759,1.27,58.6,55.2
4810,-13207.81,8744.3041,1.36,59.2,55.3
4811,-13193.71,5064.0985,1.34,54.7,55.3
4812,-13430.86,5998.9244,1.26,53.5,55.4
4813,-13684.67,11297.2107,1.32,55.7,55.1
4814,-13210.72,6435.9781,1.33,56.3,55.2
4815,-13271.08,5848.6835,1.31,57.3,55.2
4816,-13225.9,5608.024,1.29,54.0,55.3
4817,-12901.44,11354.3352,1.37,59.7,55.3
4818,-12904.22,7511.1191,1.31,53.6,55.5
4819,-13156.6,8228.7985,1.25,54.8,55.5
4820,-13369.41,18459.7754,1.33,56.9,55.6
4821,-13231.32,7001.5544,1.32,57.6,55.8
4822,-13246.32,5154.9241,1.26,55.0,55.9
4823,-13275.02,3618.0927,1.34,59.1,56.0
4824,-13344.95,11004.1025,1.4,59.1,56.1
4825,-12955.77,9755.7378,1.31,58.4,56.2
4826,-12961.98,7915.1003,1.27,55.2,56.3
4827,-12957.05,6190.5398,1.33,58.2,56.4
4828,-12957.79,4388.4745,1.34,56.6,56.5
4829,-12915.69,2922.0087,1.26,55.5,56.6
4830,-12962.6,2812.9551,1.29,54.7,56.6
4831,-13372.75,15860.1165,1.4,60.4,56.8
4832,-13431.92,12524.5803,1.34,54.7,56.8
4833,-13036.94,1185.5115,1.29,54.2,56.2
4834,-13445.98,8047.4348,1.35,56.8,56.4
4835,-12961.19,4228.8588,1.33,57.0,56.4
4836,-12995.4,5064.6648,1.3,57.7,56.4
4837,-12974.1,3900.9784,1.28,52.9,56.6
4838,-12972.97,2553.0168,1.4,57.1,56.6
4839,-13304.44,8918.1492,1.36,56.5,56.8
4840,-13276.02,10362.2231,1.33,56.7,56.9
4841,-13281.96,7758.4064,1.43,69.6,57.0
4842,-13330.57,6094.6321,1.6,76.7,57.9
4843,-12999.52,3877.9929,1.36,60.6,55.3
4844,-13390.01,2380.7896,1.63,73.0,55.8
4845,-13012.95,3434.4471,1.44,60.1,55.9
4846,-13037.17,2388.8206,1.59,71.0,57.0
4847,-13036.42,1569.0541,1.36,56.0,57.0
4848,-13071.87,6074.3105,1.3,55.0,57.0
4849,-13077.35,2665.0757,1.41,60.1,56.9
4850,-13043.76,1949.8946,1.31,53.5,57.0
4851,-13037.51,1238.6927,1.31,54.7,57.0
4852,-12960.91,1264.7108,1.4,63.5,56.2
4853,-13043.63,938.6534,1.34,54.9,56.1
4854,-12966.84,923.9867,1.34,55.5,56.3
4855,-12942.23,493.0953,1.59,68.2,56.8
4856,-13290.14,15550.7837,1.33,63.6,56.5
4857,-13314.76,17428.1641,1.31,57.7,56.5
4858,-13802.64,39266.5049,1.36,57.3,56.6
4859,-13539.13,11441.0088,1.41,57.5,55.9
4860,-13107.71,1371.6861,1.33,59.8,56.0
4861,-13183.15,1475.3896,1.33,55.9,56.0
4862,-13067.28,909.9602,1.38,55.1,55.9
4863,-13102.18,393.5857,1.44,62.9,56.0
4864,-13164.31,998.7216,1.37,55.9,56.0
4865,-13212.31,720.7437,1.43,59.5,55.9
4866,-13241.21,689.9327,1.43,60.3,56.0
4867,-13281.82,588.5938,1.39,56.3,56.0
4868,-13275.8,278.1994,1.36,55.4,56.0
4869,-13259.69,747.3401,1.34,56.8,55.9
4870,-13717.23,13094.2937,1.38,56.6,55.9
4871,-13687.85,11101.3132,1.39,55.5,55.9
4872,-13668.0,9060.0809,1.42,60.0,55.6
4873,-13726.42,6750.7393,1.5,70.6,56.0
4874,-13273.77,8326.4438,1.63,76.2,56.2
4875,-13290.94,8492.2394,1.72,78.2,56.4
4876,-13276.68,4745.9137,1.58,67.1,56.9
4877,-13293.23,2415.5309,1.52,64.2,57.8
4878,-13695.15,5232.0995,1.66,73.4,58.9
4879,-13220.96,2196.5178,1.57,68.8,59.1
4880,-13241.63,1440.4919,1.59,73.9,59.3
4881,-13249.05,711.2698,1.54,67.5,59.6
4882,-13291.86,321.6864,1.72,76.4,61.2
4883,-13530.53,12504.6462,1.64,70.8,62.9
4884,-13219.37,1529.6761,1.55,69.1,63.4
4885,-13200.86,1816.7806,1.52,64.3,63.5
4886,-13203.45,816.5919,1.37,55.6,63.6
4887,-13480.11,13086.2842,1.3,55.5,63.5
4888,-13201.71,265.1492,1.3,58.6,63.4
4889,-13177.62,159.1142,1.36,54.8,63.1
4890,-13518.0,14401.6638,1.45,65.8,58.3
4891,-13234.15,383.7098,1.38,59.5,58.4
4892,-13132.11,329.0128,1.44,70.9,58.7
4893,-13471.05,13601.6221,1.34,65.3,58.7
4894,-13564.83,15917.1987,1.34,56.7,58.2
4895,-13113.89,646.3801,1.3,53.2,58.2
4896,-13512.79,11591.635,1.31,55.7,58.0
4897,-13122.0,1017.2589,1.36,56.7,57.8
4898,-13157.26,475.4038,1.31,53.1,58.0
4899,-13556.33,13627.3684,1.32,56.0,58.0
4900,-13167.32,207.201,1.33,53.2,58.2
4901,-13168.38,105.8332,1.29,52.1,58.2
4902,-13271.33,267.0889,1.32,68.8,58.6
4903,-13267.29,180.5918,1.31,54.9,58.7
4904,-13250.3,169.7682,1.39,57.7,58.9
4905,-13240.85,126.9225,1.38,59.8,59.0
4906,-13287.48,448.8616,1.39,54.9,59.1
4907,-13268.66,613.0626,1.49,64.1,59.0
4908,-13278.89,696.8727,1.37,61.0,59.1
4909,-13273.65,244.8886,1.7,69.5,59.4
4910,-13287.67,172.7082,1.58,70.7,59.5
4911,-13287.71,318.5219,1.53,64.4,59.8
4912,-13265.3,100.4322,1.55,73.5,60.5
4913,-13281.86,191.843,1.33,58.2,60.6
4914,-13297.7,31.6874,1.34,52.8,60.6
4915,-13310.25,369.5512,1.38,62.8,60.8
4916,-13234.68,346.1836,1.34,58.6,60.8
4917,-13305.13,421.8969,1.32,57.3,60.9
4918,-13310.5,197.296,1.44,61.8,61.0
4919,-13302.58,318.4388,1.4,54.5,61.1
4920,-13270.97,236.5602,1.43,58.8,61.1
4921,-13258.84,215.8841,1.43,57.8,61.2
4922,-13246.96,231.5975,1.39,57.8,61.1
4923,-13274.03,225.7766,1.34,57.8,61.1
4924,-13262.34,169.9557,1.33,56.0,61.1
4925,-13262.53,282.0647,1.33,57.2,61.2
4926,-13273.63,349.1093,1.35,61.4,61.3
4927,-13269.89,156.1923,1.39,56.8,58.7
4928,-13245.2,786.3576,1.39,57.9,58.3
4929,-13089.72,1857.1843,1.35,58.1,58.3
4930,-12939.85,2706.8193,1.34,58.6,58.2
4931,-12852.88,1605.4759,1.38,57.9,58.3
4932,-13059.2,4346.4844,1.38,58.7,58.3
4933,-13652.92,29045.8115,1.34,58.2,58.4
4934,-13350.73,13294.9338,1.47,60.2,58.8
4935,-13432.85,16658.5703,1.39,59.5,58.9
4936,-12840.57,3193.4067,1.41,59.4,58.9
4937,-12930.52,2123.5052,1.34,56.7,59.0
4938,-13153.42,3402.1202,1.31,54.4,59.1
4939,-13455.34,12273.9622,1.32,56.2,59.2
4940,-13126.93,1636.8398,1.35,53.1,59.3
4941,-12972.92,2788.3796,1.29,55.1,59.5
4942,-12931.79,2418.9793,1.33,56.6,59.6
4943,-12912.92,1561.5795,1.36,59.4,59.7
4944,-13060.11,2266.3075,1.3,55.5,58.7
4945,-12863.21,1086.5108,1.36,55.8,58.8
4946,-13360.98,10788.3586,1.51,65.7,59.1
4947,-13356.73,9015.2356,1.51,62.5,59.4
4948,-12941.4,1178.9492,1.45,67.1,59.0
4949,-12972.53,971.7924,1.44,58.3,58.8
4950,-12926.21,905.0423,1.39,66.6,58.9
4951,-13458.2,18680.3955,1.39,61.0,59.0
4952,-13361.8,12861.9468,1.32,55.8,58.8
4953,-13366.88,11574.282,1.33,54.5,58.8
4954,-12934.63,1184.8799,1.39,54.4,58.3
4955,-12956.74,810.6606,1.26,54.5,58.3
4956,-12916.17,617.5098,1.33,56.7,58.2
4957,-12920.06,682.9863,1.34,56.4,58.2
4958,-13163.59,5035.8279,1.31,55.9,58.2
4959,-12943.33,315.1765,1.29,58.6,58.2
4960,-12977.67,222.6167,1.33,52.5,58.3
4961,-12957.31,484.9192,1.35,57.8,58.2
4962,-13135.6,4516.2094,1.28,54.3,58.2
4963,-12907.68,331.5514,1.33,56.8,58.2
4964,-12929.08,104.7524,1.33,52.5,58.2
4965,-12873.01,100.509,1.29,55.5,58.3
4966,-12953.87,334.2355,1.31,59.0,58.4
4967,-13011.3,647.3368,1.3,54.9,58.3
4968,-12943.6,216.6504,1.38,58.1,58.2
4969,-12953.72,119.8893,1.27,53.6,58.3
4970,-13268.33,16062.5793,1.34,56.0,57.6
4971,-13295.51,15010.2302,1.33,52.5,57.7
4972,-12987.0,314.1756,1.33,53.9,57.7
4973,-12932.85,329.0942,1.3,55.4,57.8
4974,-12945.05,109.0086,1.32,57.3,57.8
4975,-13301.67,15725.9849,1.36,56.8,57.8
4976,-12952.39,84.3162,1.3,53.9,58.0
4977,-12968.87,49.1052,1.32,55.6,58.0
4978,-13270.79,3059.8557,1.31,56.3,58.2
4979,-13296.35,4762.1631,1.36,56.2,58.3
4980,-13357.12,3805.2857,1.28,57.2,58.3
4981,-13274.05,2017.4071,1.3,56.9,58.5
4982,-13298.35,1439.1442,1.4,57.7,58.3
4983,-13249.39,864.774,1.28,57.0,58.3
4984,-13276.1,804.632,1.33,57.6,58.4
4985,-13266.48,571.9682,1.32,56.4,58.5
4986,-13304.21,388.9529,1.38,57.5,58.6
4987,-13244.8,371.7661,1.28,53.9,58.1
4988,-13216.94,329.3692,1.3,56.6,58.2
4989,-13271.79,589.969,1.39,57.1,58.3
4990,-13218.21,203.4513,1.35,56.2,58.4
4991,-13291.09,383.2496,1.27,53.5,58.5
4992,-13242.05,106.0339,1.32,56.4,58.6
4993,-13244.72,123.6484,1.34,57.3,58.7
4994,-13261.55,181.8202,1.33,57.4,58.9
4995,-13244.72,116.4289,1.36,58.7,59.0
4996,-13279.0,196.7737,1.38,58.9,59.1
4997,-13314.69,159.1762,1.31,54.4,59.1
4998,-13699.96,9914.7166,1.29,57.0,59.3
4999,-13255.71,1112.7316,1.33,53.1,59.3
5000,-13751.59,6573.8807,1.46,59.5,60.4
5001,-13712.28,5911.0079,1.42,63.1,60.9
5002,-13325.08,13605.687,1.35,61.9,60.8
5003,-13279.55,13410.584,1.33,61.9,60.9
5004,-13269.98,3910.2845,1.35,52.7,60.8
5005,-13268.26,1082.1839,1.26,56.9,60.7
5006,-13730.06,7940.8395,1.41,59.9,60.9
5007,-13707.12,8870.3364,1.37,54.0,60.3
5008,-13755.46,7074.1573,1.31,56.4,60.4
5009,-13718.77,6267.5712,1.31,54.8,60.4
5010,-13313.72,3256.4943,1.39,58.8,60.6
5011,-13279.65,3745.5295,1.3,53.1,60.7
5012,-13275.27,2858.6436,1.26,55.2,60.7
5013,-13269.98,1270.7585,1.36,58.9,60.8
5014,-13259.98,685.2349,1.3,56.0,60.9
5015,-13257.07,614.7862,1.31,48.7,57.8
5016,-13210.27,1925.8111,1.26,57.0,57.8
5017,-13286.28,1591.3152,1.38,60.0,57.8
5018,-13256.48,836.6518,1.35,53.8,58.0
5019,-13257.19,434.9906,1.28,53.9,58.0
5020,-13259.11,222.4371,1.35,57.7,57.9
5021,-13213.6,152.745,1.3,55.2,57.9
5022,-13164.45,66.7976,1.31,52.9,57.2
5023,-13186.14,109.991,1.27,54.5,57.3
5024,-13164.74,93.9356,1.34,57.9,57.4
5025,-13251.8,184.8759,1.31,56.7,57.4
5026,-13238.25,127.0251,1.26,53.1,57.5
5027,-13214.3,186.7785,1.34,57.5,57.5
5028,-13188.52,156.1328,1.34,55.5,57.4
5029,-13179.97,70.3953,1.32,56.2,57.5
5030,-13225.78,451.8351,1.29,53.9,57.6
5031,-13240.93,163.1297,1.35,53.4,56.9
5032,-13208.29,457.4168,1.32,56.7,57.0
5033,-13191.81,428.7278,1.52,62.1,57.7
5034,-13173.02,248.9451,1.76,80.0,59.1
5035,-13193.3,250.6857,1.49,71.2,59.5
5036,-13194.37,168.8822,1.41,65.5,59.3
5037,-13126.52,169.5365,1.42,57.9,59.1
5038,-13144.04,78.106,1.47,62.7,59.1
5039,-13122.35,77.681,1.4,61.8,59.1
5040,-13045.5,358.3759,1.67,73.2,59.1
5041,-12992.5,632.9206,1.39,58.8,59.1
5042,-12994.54,287.7741,1.42,63.0,59.2
5043,-12985.26,255.5788,1.48,62.4,59.1
5044,-13000.71,196.1719,1.35,59.9,59.1
5045,-12974.92,386.1615,1.46,75.1,59.3
5046,-13002.54,240.9715,1.46,70.4,60.4
5047,-13054.94,19625.8765,1.47,65.8,60.6
5048,-12954.65,704.0206,1.46,62.0,60.8
5049,-12976.77,350.2462,1.65,72.6,59.2
5050,-12981.19,136.6346,1.47,63.8,59.0
5051,-12934.24,154.1458,1.44,60.9,59.0
5052,-12951.61,101.36,1.51,63.9,58.8
5053,-13324.77,17392.0474,1.33,63.6,58.8
5054,-12965.96,208.9779,1.43,59.2,58.8
5055,-12996.47,138.8983,1.45,62.0,58.9
5056,-13286.41,15394.4766,1.6,64.6,59.0
5057,-13291.03,13749.0466,1.4,66.8,59.0
5058,-12929.61,1250.7293,1.41,61.4,59.2
5059,-13280.31,10336.5625,1.35,55.6,59.3
5060,-13261.56,7933.4293,1.32,59.1,59.3
5061,-12978.98,2654.2093,1.37,57.2,59.3
5062,-12958.5,2966.925,1.36,57.4,59.4
5063,-12966.07,1728.796,1.39,59.3,59.4
5064,-12960.21,985.9777,1.36,59.3,59.5
5065,-13020.12,1899.3297,1.38,59.8,58.6
5066,-13020.84,1837.3596,1.39,62.9,58.7
5067,-12943.7,314.9019,1.39,60.4,58.9
5068,-12976.68,292.4313,1.43,59.7,58.9
5069,-13005.08,81.7929,1.53,72.1,59.4
5070,-12970.46,129.4361,1.28,51.9,58.9
5071,-13005.55,98.163,1.34,56.1,58.4
5072,-12987.59,52.1588,1.31,54.7,58.5
5073,-12973.75,93.9904,1.28,57.8,58.6
5074,-12994.94,53.0511,1.33,56.3,58.7
5075,-12976.38,30.5331,1.3,56.0,58.9
5076,-12997.04,161.7159,1.35,56.9,58.8
5077,-12971.5,45.1574,1.28,55.0,58.9
5078,-12975.07,71.6677,1.3,53.2,59.0
5079,-13437.06,12171.031,1.36,54.5,59.1
5080,-13035.34,274.6668,1.29,56.0,59.3
5081,-12989.46,371.7618,1.35,56.6,59.4
5082,-13013.87,126.846,1.35,55.5,59.3
5083,-12991.58,192.5306,1.37,57.3,59.5
5084,-12967.7,32.9531,1.26,54.2,59.3
5085,-12983.63,120.1975,1.32,55.5,59.4
5086,-12995.52,78.2628,1.35,56.3,59.5
5087,-12973.67,128.4317,1.31,56.6,59.6
5088,-12972.98,259.2885,1.32,56.1,59.7
5089,-12963.88,102.4315,1.32,56.8,59.5
5090,-12958.86,58.3263,1.33,56.6,58.8
5091,-12944.02,195.5353,1.27,53.4,58.9
5092,-12951.66,192.121,1.35,58.4,59.0
5093,-12936.83,253.2583,1.33,53.9,59.2
5094,-12911.04,176.9674,1.29,56.9,59.2
5095,-12878.61,203.0692,1.33,58.4,59.3
5096,-12871.82,99.3278,1.36,58.9,59.4
5097,-12872.85,118.7015,1.36,59.1,59.6
5098,-13119.04,8124.9756,1.25,57.4,59.6
5099,-13507.94,20486.6323,1.3,53.8,59.8
5100,-13229.99,6836.2977,1.32,55.1,59.8
5101,-13296.57,5361.4283,1.29,55.7,59.9
5102,-12884.44,5399.4708,1.35,54.5,59.9
5103,-12902.78,5162.5225,1.33,56.1,60.0
5104,-12945.74,2928.3475,1.37,62.3,57.3
5105,-12948.39,1813.0356,1.28,53.8,57.0
5106,-12951.74,1430.6094,1.31,57.4,57.1
5107,-12973.3,1339.0801,1.38,58.2,57.1
5108,-12956.16,926.4395,1.42,64.0,58.3
5109,-13220.01,5615.8348,1.39,63.8,58.6
5110,-12967.46,568.7168,1.41,59.7,58.6
5111,-13470.55,12321.8291,1.4,58.4,58.7
5112,-13003.69,723.4933,1.3,54.1,58.7
5113,-12960.36,906.3144,1.31,56.4,58.8
5114,-13424.33,10748.2175,1.43,60.9,58.9
5115,-12933.54,462.4735,1.32,56.0,58.9
5116,-12927.97,359.2168,1.27,54.8,59.0
5117,-12936.84,187.4543,1.31,53.3,59.1
5118,-12994.38,523.1205,1.35,61.2,59.2
5119,-13681.1,17977.189,1.29,54.9,59.3
5120,-12971.49,806.113,1.36,54.9,59.3
5121,-12962.35,938.778,1.34,58.1,58.5
5122,-12958.09,450.6002,1.31,58.9,58.6
5123,-13292.02,9649.6792,1.27,53.4,58.7
5124,-13224.99,7484.5819,1.35,60.4,58.1
5125,-13247.65,8176.6945,1.33,53.2,58.2
5126,-12945.74,944.9561,1.27,56.4,58.0
5127,-13288.46,7847.5399,1.32,54.4,58.2
5128,-13223.44,5354.8258,1.34,59.0,58.0
5129,-12990.1,1431.2565,1.32,54.7,56.6
5130,-13010.47,1134.9529,1.25,54.4,56.6
5131,-13005.65,703.7309,1.39,58.3,56.2
5132,-13019.07,616.6078,1.34,57.1,56.2
5133,-13033.25,674.4752,1.28,53.9,56.3
5134,-12904.26,1106.0236,1.31,54.2,56.2
5135,-13025.45,281.7152,1.37,58.1,56.4
5136,-13015.41,309.5093,1.32,54.9,56.3
5137,-12908.68,722.9885,1.26,53.5,56.3
5138,-13115.86,5708.1422,1.36,59.4,56.4
5139,-12888.28,341.8416,1.31,53.6,56.5
5140,-12872.48,341.7449,1.33,55.2,56.4
5141,-12857.99,293.6487,1.28,54.8,56.5
5142,-13136.56,6945.212,1.31,58.7,56.5
5143,-13090.49,6070.2316,1.31,53.5,56.5
5144,-13214.95,6607.1987,1.32,54.9,56.3
5145,-13193.83,5567.1293,1.38,60.2,56.4
5146,-13212.48,4096.4,1.33,55.2,56.5
5147,-12888.91,3888.9956,1.34,56.3,56.5
5148,-12879.84,4027.1799,1.28,55.1,56.6
5149,-12958.59,1908.3867,1.33,61.5,56.7
5150,-12887.8,2012.3887,1.33,52.2,56.8
5151,-12866.81,800.6221,1.29,53.8,57.0
5152,-12959.72,2368.0673,1.39,60.0,57.1
5153,-13181.1,7742.0518,1.35,59.1,57.1
5154,-13119.42,5144.7035,1.31,54.7,57.2
5155,-12881.3,817.0725,1.44,63.7,58.3
5156,-12849.42,767.4888,1.45,73.0,58.7
5157,-13120.76,4708.2754,1.43,62.4,59.0
5158,-13092.91,3508.1119,1.28,59.2,58.7
5159,-13021.47,3168.9004,1.32,61.2,58.8
5160,-12842.33,983.8984,1.34,52.5,58.8
5161,-12903.54,569.0281,1.29,53.7,58.8
5162,-12909.85,505.6198,1.37,59.9,58.9
5163,-12858.37,468.0131,1.34,54.3,58.9
5164,-12931.43,398.3241,1.3,54.1,58.5
5165,-12939.58,467.2401,1.27,55.0,58.6
5166,-13002.96,715.8837,1.32,56.1,58.7
5167,-12969.74,548.5306,1.29,57.8,58.8
5168,-13199.44,5195.6907,1.29,55.6,58.9
5169,-12963.09,423.6424,1.39,61.7,58.3
5170,-12966.26,237.1425,1.34,58.2,58.5
5171,-13182.83,5293.7104,1.31,55.1,58.6
5172,-13192.52,4522.3838,1.3,55.6,58.6
5173,-12955.32,390.1655,1.31,60.4,58.7
5174,-12961.83,205.6946,1.32,50.9,58.8
5175,-13124.14,4061.4719,1.31,55.3,58.8
5176,-13100.04,3929.8462,1.34,58.1,58.9
5177,-13314.33,12348.4778,1.33,58.9,59.0
5178,-13304.56,8715.7957,1.31,56.1,58.2
5179,-13424.59,12844.4966,1.27,53.5,58.3
5180,-13303.27,9627.6257,1.33,60.6,58.4
5181,-12842.4,4722.3646,1.31,53.3,58.5
5182,-13225.35,11750.5491,1.27,53.7,58.5
5183,-12911.7,2656.0543,1.37,59.6,58.7
5184,-12924.38,1737.5485,1.32,60.0,58.0
5185,-12905.67,1221.4867,1.33,58.0,58.2
5186,-12888.51,870.0167,1.3,53.9,58.2
5187,-13111.54,3080.9639,1.32,59.3,58.3
5188,-12934.64,659.7505,1.31,54.3,58.3
5189,-12936.03,521.6545,1.29,55.4,58.4
5190,-12897.1,628.8034,1.34,61.1,58.5
5191,-13121.26,3668.2338,1.32,55.7,58.5
5192,-13096.29,3525.0402,1.31,57.5,58.3
5193,-13298.82,8060.7008,1.26,55.0,58.4
5194,-13260.3,7401.5012,1.32,56.2,55.7
5195,-13355.25,9424.7339,1.36,58.2,56.0
5196,-13394.48,14627.7502,1.29,55.1,55.9
5197,-13110.96,6349.6381,1.35,59.2,56.2
5198,-12912.06,5033.61,1.3,59.1,56.2
5199,-12912.61,4352.4179,1.34,58.2,56.2
5200,-12873.47,3097.3873,1.29,57.4,56.4
5201,-13193.43,14126.9746,1.32,56.8,56.4
5202,-12846.81,2032.0311,1.35,53.4,56.3
5203,-13374.4,9168.2278,1.44,70.9,57.1
5204,-13352.66,8998.9685,1.47,68.7,57.4
5205,-13060.41,2516.6592,1.38,60.5,57.4
5206,-13097.85,1999.5172,1.32,55.6,57.4
5207,-12916.34,1128.7073,1.33,58.6,57.5
5208,-12955.2,1036.1284,1.34,57.3,57.7
5209,-12918.04,875.2517,1.33,54.1,57.6
5210,-12935.33,652.0391,1.29,56.4,57.7
5211,-13199.36,4510.6157,1.32,59.0,57.0
5212,-12935.84,486.6464,1.32,54.4,57.1
5213,-12980.92,424.1002,1.33,56.2,57.2
5214,-13010.09,720.1841,1.35,55.8,57.3
5215,-12972.22,263.3084,1.29,58.0,57.4
5216,-12964.62,148.4224,1.31,54.3,57.4
5217,-13098.19,1939.5672,1.27,50.9,57.4
5218,-13106.87,2034.3988,1.34,59.1,57.5
5219,-13676.95,12835.1917,1.33,55.3,57.5
5220,-13780.6,8632.9022,1.35,55.7,57.4
5221,-13448.71,17005.8701,1.38,58.9,57.3
5222,-13472.46,15616.4414,1.34,59.1,57.3
5223,-13443.67,9942.8412,1.38,57.2,57.1
5224,-13688.4,57069.8408,1.39,20.9,45.4
5225,-13547.13,44142.5908,1.33,40.7,45.5
5226,-13466.55,35633.6621,1.27,41.9,45.5
5227,-13480.71,30644.3154,1.28,41.5,45.5
5228,-13927.08,22067.3604,1.32,43.1,45.6
5229,-13543.49,22715.3135,1.29,43.3,45.6
5230,-13536.3,11185.4353,1.33,41.7,45.6
5231,-13542.26,7602.5829,1.29,42.8,45.7
5232,-13551.25,4263.679,1.28,40.6,45.6
5233,-13963.73,10617.7388,1.34,42.1,45.6
5234,-14007.61,9206.7269,1.35,43.8,45.6
5235,-13575.29,2612.7922,1.35,45.9,45.7
5236,-13637.59,8189.4796,1.28,44.4,45.7
5237,-13647.48,1700.0221,1.28,42.9,45.8
5238,-14071.85,11070.5842,1.31,41.0,45.7
5239,-13627.87,613.1529,1.27,39.7,45.6
5240,-14039.53,8664.6116,1.31,43.4,45.6
5241,-13994.17,6641.4148,1.31,41.5,45.6
5242,-13991.35,7404.8685,1.31,42.3,45.6
5243,-13547.27,7154.3882,1.26,42.3,45.7
5244,-13580.89,3391.0522,1.28,41.7,45.6
5245,-13595.83,4036.0017,1.28,40.4,45.6
5246,-13578.29,7694.4894,1.28,42.8,45.7
5247,-13541.19,6065.4324,1.3,41.4,45.6
5248,-13519.96,2544.404,1.29,42.0,45.7
5249,-13976.31,7792.204,1.32,42.7,45.7
5250,-13550.12,1761.1699,1.3,40.8,45.6
5251,-13511.85,1423.2079,1.29,41.7,45.7
5252,-13503.9,945.6025,1.29,42.9,45.7
5253,-13478.03,766.9498,1.29,41.8,45.7
5254,-13477.95,729.7816,1.33,44.0,45.7
5255,-13507.96,607.6002,1.29,40.6,45.8
5256,-13510.12,377.1393,1.29,42.0,45.7
5257,-13498.23,202.3132,1.3,44.3,45.7
5258,-13512.1,197.0728,1.3,41.7,45.7
5259,-13554.64,1039.4247,1.29,41.8,45.7
5260,-13452.18,307.9493,1.27,43.3,45.7
5261,-13459.64,266.0068,1.27,40.1,45.8
5262,-13467.55,112.5838,1.3,42.3,45.7
5263,-13476.91,105.7677,1.27,42.0,45.7
5264,-13504.25,629.4078,1.31,43.6,45.7
5265,-13483.89,83.8338,1.29,42.5,45.8
5266,-13470.24,122.9366,1.29,42.8,45.8
5267,-13460.62,205.0052,1.27,42.8,45.8
5268,-13419.71,290.4169,1.29,41.5,45.7
5269,-13422.88,191.2822,1.28,43.8,45.7
5270,-13435.94,276.6943,1.28,42.4,45.7
5271,-13435.47,162.5227,1.32,42.2,45.7
5272,-13378.71,392.9225,1.31,42.2,45.8
5273,-13307.93,396.5315,1.32,40.8,45.8
5274,-13271.41,1004.6918,1.29,42.7,45.7
5275,-13260.27,799.8325,1.31,44.1,45.7
5276,-13295.17,215.4273,1.32,43.1,45.7
5277,-13229.22,151.7611,1.32,43.1,45.8
5278,-13193.17,305.3205,1.27,42.9,45.8
5279,-13095.7,476.8009,1.29,42.9,45.9
5280,-13207.97,831.102,1.3,41.8,45.8
5281,-13059.74,277.9604,1.29,40.8,45.8
5282,-13043.43,189.1628,1.29,42.0,45.8
5283,-13043.69,166.8465,1.29,43.8,46.2
5284,-12953.8,327.4127,1.28,48.1,45.9
5285,-13055.68,407.3256,1.26,42.2,45.9
5286,-12994.81,119.1642,1.29,42.0,45.8
5287,-13018.89,64.8519,1.28,43.4,45.8
5288,-13002.47,34.5871,1.34,46.0,46.2
5289,-13041.98,865.1024,1.29,48.1,46.4
5290,-12960.41,307.2167,1.28,46.6,46.7
5291,-12997.84,110.2979,1.28,50.2,46.7
5292,-13036.79,228.3162,1.28,74.8,46.7
5293,-13000.87,101.3351,1.15,77.1,46.7
5294,-13002.05,32.1567,1.2,80.1,46.7
5295,-12988.04,54.2351,1.19,67.0,46.7
5296,-12967.33,70.0253,1.21,66.2,46.8
5297,-12953.77,110.6519,1.24,68.1,46.8
5298,-12998.2,126.4835,1.25,73.3,46.7
5299,-13025.01,110.424,1.3,76.1,46.8
5300,-13001.27,93.5721,1.27,75.1,46.8
5301,-13024.65,280.2218,1.27,75.9,46.9
5302,-13067.92,401.0211,1.23,76.4,46.9
5303,-13080.97,106.8742,1.17,79.7,47.0
5304,-13066.49,238.0579,1.22,80.4,47.3
5305,-13500.29,12565.8186,1.24,69.4,47.6
5306,-13063.12,102.6507,1.19,71.0,47.8
5307,-13063.52,179.9862,1.22,92.2,47.8
5308,-13065.07,64.3719,1.3,89.5,47.8
5309,-13574.38,12539.7834,1.31,90.4,47.8
5310,-13198.05,829.6114,1.23,91.4,47.8
5311,-13095.98,732.265,1.18,89.5,47.7
5312,-13163.06,1008.0603,1.23,87.3,47.8
5313,-13038.58,546.9885,1.22,80.0,47.8
5314,-13029.47,332.0983,1.22,72.9,47.8
5315,-13038.92,388.9167,1.21,85.1,48.0
5316,-13039.75,305.9348,1.22,89.9,47.9
5317,-12989.98,376.3116,1.21,93.4,48.3
5318,-12973.97,383.8124,1.16,93.9,48.5
5319,-12981.29,446.5679,1.2,94.1,48.6
5320,-12963.41,253.3119,1.22,86.3,48.8
5321,-13182.26,5521.3995,1.19,87.8,48.6
5322,-12962.71,528.7275,1.22,88.7,48.5
5323,-12938.84,402.4076,1.18,89.7,48.5
5324,-12926.84,195.23,1.24,95.6,49.0
5325,-13193.48,6222.6565,1.26,92.9,49.1
5326,-12918.02,109.005,1.21,91.2,49.4
5327,-12939.36,71.6218,1.2,99.4,49.4
5328,-12953.09,123.4339,1.25,99.6,49.3
5329,-12972.29,125.0573,1.24,100.0,49.3
5330,-13246.87,6165.1681,1.27,94.9,49.4
5331,-12980.99,478.6032,1.25,73.6,49.4
5332,-12988.13,335.5478,1.23,95.9,49.4
5333,-12981.54,98.5101,1.24,100.0,49.5
5334,-12985.86,110.1012,1.22,92.9,49.3
5335,-13244.23,6637.1907,1.22,100.0,49.4
5336,-13192.48,4763.8113,1.2,99.8,49.4
5337,-12978.82,642.6536,1.23,89.9,49.4
5338,-12974.03,598.5029,1.24,92.0,49.4
5339,-12967.19,274.1194,1.22,100.0,49.4
5340,-13021.32,509.2768,1.25,100.0,49.3
5341,-13008.18,427.4894,1.23,97.4,48.9
5342,-12995.72,83.1522,1.28,93.2,49.0
5343,-13386.87,11346.874,1.21,100.0,48.9
5344,-12993.61,198.0309,1.23,98.5,49.0
5345,-12938.85,246.0259,1.24,95.5,49.0
5346,-13192.61,4733.5026,1.23,96.3,49.0
5347,-13242.86,5740.1963,1.25,86.6,49.0
5348,-13002.64,201.0644,1.24,88.1,49.1
5349,-13162.99,3674.7,1.23,99.3,49.1
5350,-12943.39,913.5027,1.24,100.0,49.1
5351,-12981.11,539.2152,1.22,100.0,49.2
5352,-13015.41,86.4832,1.32,91.3,49.0
5353,-13002.69,108.0143,1.19,100.0,49.1
5354,-13007.66,121.5579,1.23,100.0,49.1
5355,-12956.19,166.3831,1.26,94.6,49.5
5356,-12983.35,87.392,1.26,98.8,49.2
5357,-13001.38,142.5886,1.27,91.3,49.2
5358,-13208.66,5226.1866,1.28,76.3,49.2
5359,-12977.83,615.6996,1.25,95.5,49.1
5360,-13003.38,380.8175,1.23,100.0,49.2
5361,-12948.32,535.9859,1.23,99.1,49.1
5362,-12938.93,124.051,1.21,100.0,49.2
5363,-12944.64,193.9419,1.2,96.5,49.6
5364,-12890.23,73.6187,1.25,98.5,49.6
5365,-12884.1,73.2059,1.23,92.1,49.7
5366,-12885.33,40.6167,1.25,100.0,49.9
5367,-13203.06,12599.6697,1.24,98.6,49.9
5368,-13260.76,11197.075,1.26,97.4,50.3
5369,-13237.92,9091.5653,1.29,88.6,50.2
5370,-13484.57,11266.4109,1.21,100.0,50.0
5371,-13269.28,5686.6185,1.24,100.0,50.0
5372,-13146.01,8462.7194,1.25,91.2,49.9
5373,-12983.13,5468.8901,1.26,78.0,48.4
5374,-12988.25,3839.1161,1.31,46.1,47.4
5375,-12969.8,2921.6517,1.29,43.1,47.5
5376,-13005.29,1190.8373,1.31,42.5,47.4
5377,-13025.22,1298.5547,1.27,41.2,47.4
5378,-13030.64,750.4425,1.28,42.7,47.4
5379,-12963.95,836.878,1.26,42.2,47.4
5380,-13330.49,11596.1104,1.3,42.5,47.5
5381,-13324.83,9129.1526,1.28,43.7,47.5
5382,-12944.57,1721.035,1.28,44.0,47.3
5383,-13263.36,7376.2479,1.27,41.8,47.4
5384,-13282.33,7482.7273,1.28,42.4,47.4
5385,-13335.59,7363.4148,1.32,43.4,47.4
5386,-13023.85,3185.5862,1.31,42.5,47.3
5387,-13027.87,3919.4601,1.3,42.8,47.3
5388,-13018.83,3412.7413,1.29,40.4,47.2
5389,-13035.31,1322.1332,1.29,42.5,47.2
5390,-13062.14,857.3198,1.31,42.3,47.2
5391,-13051.38,1420.3011,1.28,43.4,47.3
5392,-13018.17,841.4636,1.28,41.5,47.3
5393,-13014.26,348.6048,1.3,43.7,47.4
5394,-13005.24,376.5299,1.29,44.0,47.2
5395,-13019.54,198.2588,1.29,40.8,47.2
5396,-13000.54,128.5086,1.29,42.8,47.2
5397,-13434.74,17250.1953,1.27,42.1,47.2
5398,-13100.92,532.711,1.29,42.0,47.2
5399,-13115.78,194.4701,1.29,44.4,47.3
5400,-13100.16,284.8663,1.33,43.9,47.1
5401,-13093.28,147.3232,1.31,42.1,47.2
5402,-13114.63,68.0696,1.29,42.6,47.2
5403,-13211.43,635.7876,1.29,42.7,47.2
5404,-13287.22,805.8913,1.28,40.7,47.2
5405,-13190.74,291.3788,1.28,40.5,47.3
5406,-13216.86,160.5258,1.28,42.1,47.2
5407,-13209.77,82.456,1.31,42.5,47.1
5408,-13220.87,123.7948,1.28,43.3,47.2
5409,-13215.29,118.9601,1.27,41.1,47.3
5410,-13219.74,55.8193,1.28,40.8,47.2
5411,-13128.39,279.8998,1.31,42.1,47.1
5412,-13183.05,201.554,1.28,45.4,47.4
5413,-13165.02,160.5487,1.27,46.7,47.6
5414,-13101.75,199.6401,1.29,42.9,47.1
5415,-13140.55,71.4278,1.27,41.9,47.1
5416,-13095.76,154.1046,1.3,41.4,47.1
5417,-13074.05,152.5329,1.27,42.6,47.1
5418,-13066.68,114.2418,1.26,45.4,47.5
5419,-13143.22,478.6265,1.25,52.1,47.7
5420,-13161.02,250.5826,1.26,55.0,47.9
5421,-13191.39,231.8667,1.18,79.8,47.9
5422,-13164.43,405.739,1.19,68.7,47.9
5423,-13058.77,1072.804,1.2,66.5,48.0
5424,-13064.61,352.3385,1.23,69.2,47.9
5425,-13055.89,283.1632,1.27,69.6,47.9
5426,-13000.95,174.1165,1.25,75.3,48.0
5427,-13013.97,191.4584,1.29,73.6,48.0
5428,-13342.76,13914.8159,1.3,77.5,47.4
5429,-13322.2,12343.7041,1.29,76.7,47.1
5430,-13330.6,9810.2197,1.23,76.2,47.1
5431,-12946.46,5018.5231,1.15,86.5,47.5
5432,-12947.42,5415.5933,1.21,70.0,47.7
5433,-12960.61,3915.7643,1.21,76.6,47.8
5434,-12973.28,2404.4387,1.28,85.6,47.8
5435,-12931.14,1417.4796,1.28,83.2,48.1
5436,-13303.49,11847.5293,1.24,93.2,48.3
5437,-13300.16,12215.5164,1.24,89.2,48.6
5438,-12980.13,298.9213,1.22,96.1,48.7
5439,-12965.03,342.5952,1.24,96.4,48.6
5440,-13272.66,12276.9285,1.25,83.1,48.6
5441,-13273.07,11774.9695,1.24,96.2,48.7
5442,-12937.05,1040.556,1.19,100.0,48.5
5443,-12943.29,971.3298,1.22,100.0,48.6
5444,-12977.81,416.9918,1.25,97.3,48.7
5445,-12973.95,182.786,1.24,95.4,48.6
5446,-12952.84,98.3773,1.22,100.0,48.7
5447,-12954.46,64.9674,1.25,92.8,48.7
5448,-12948.37,190.8437,1.25,95.9,48.6
5449,-12997.06,139.8214,1.27,92.4,48.6
5450,-12947.06,178.412,1.27,84.0,48.7
5451,-13356.14,10266.6604,1.28,96.0,48.7
5452,-13334.57,9243.7781,1.24,98.5,48.8
5453,-12932.93,1597.7963,1.2,100.0,48.8
5454,-12876.27,1525.4894,1.21,100.0,48.6
5455,-12843.19,1042.4577,1.22,100.0,48.7
5456,-13185.59,12779.2764,1.26,100.0,48.7
5457,-13154.2,12885.1987,1.25,82.1,48.8
5458,-13154.2,11422.335,1.26,86.1,48.8
5459,-13174.62,9543.2202,1.25,96.2,48.8
5460,-13205.81,7111.4558,1.25,96.4,48.6
5461,-13213.74,5759.0967,1.21,100.0,48.6
5462,-12898.3,6457.8209,1.21,92.6,48.7
5463,-12888.57,6990.316,1.23,97.3,48.7
5464,-12885.02,6359.4352,1.25,96.4,48.7
5465,-12884.49,7495.9745,1.25,98.8,48.8
5466,-12910.39,4566.2172,1.24,95.4,48.7
5467,-12901.73,3018.0908,1.24,83.4,48.7
5468,-12887.11,1900.9218,1.24,90.9,48.8
5469,-12953.61,1937.585,1.24,100.0,48.8
5470,-12908.79,977.2155,1.22,99.4,48.9
5471,-12851.48,624.2369,1.2,98.5,48.9
5472,-12848.25,324.542,1.17,97.4,48.8
5473,-12824.95,226.3284,1.25,97.8,48.8
5474,-12838.49,177.9824,1.24,90.5,48.9
5475,-12863.49,188.0218,1.22,98.7,48.8
5476,-12883.17,93.2098,1.23,98.9,48.9
5477,-12915.44,440.1624,1.25,99.3,49.0
5478,-12928.63,165.0954,1.26,92.9,48.0
5479,-12993.86,355.2296,1.2,99.9,48.0
5480,-12910.29,208.3501,1.24,100.0,48.0
5481,-12921.73,177.7118,1.26,90.4,48.1
5482,-12951.36,129.8565,1.24,96.3,48.2
5483,-12940.93,90.591,1.23,93.2,48.2
5484,-12922.19,107.403,1.25,93.4,48.1
5485,-12981.64,181.541,1.24,93.8,48.2
5486,-13004.68,102.6592,1.26,97.1,48.2
5487,-12907.55,173.5039,1.22,100.0,48.2
5488,-13361.81,13528.3748,1.25,100.0,48.3
5489,-12899.91,141.6263,1.2,100.0,48.2
5490,-12962.6,130.8747,1.24,99.9,47.9
5491,-12902.54,77.6403,1.27,83.9,47.8
5492,-12943.71,51.7012,1.25,86.8,47.8
5493,-12987.4,305.3237,1.23,93.8,47.7
5494,-13022.51,108.609,1.24,96.8,47.8
5495,-12998.97,201.5883,1.23,96.5,47.9
5496,-13021.25,80.9274,1.23,94.0,47.9
5497,-13026.0,115.7668,1.23,100.0,47.9
5498,-13046.67,106.8661,1.25,100.0,48.3
5499,-13094.24,134.3812,1.29,100.0,48.5
5500,-13183.84,660.6707,1.26,100.0,48.7
5501,-13117.27,82.8202,1.24,92.8,48.8
5502,-13040.83,374.8998,1.29,93.5,48.7
5503,-13266.67,4795.0514,1.32,98.1,48.9
5504,-13283.59,4518.7717,1.3,100.0,48.9
5505,-13306.82,3854.3884,1.29,94.4,49.0
5506,-13088.22,766.5102,1.23,100.0,49.0
5507,-13117.87,503.1939,1.27,100.0,49.1
5508,-13313.3,2397.5522,1.26,98.1,49.1
5509,-13091.69,535.151,1.26,100.0,49.0
5510,-13070.96,487.5588,1.22,100.0,49.0
5511,-13097.83,345.9298,1.25,100.0,49.0
5512,-13078.03,242.4328,1.25,100.0,48.9
5513,-13046.58,217.7141,1.22,100.0,48.9
5514,-13049.36,159.2743,1.27,100.0,48.9
5515,-13097.53,407.0176,1.28,98.9,48.8
5516,-13550.65,11308.3438,1.29,100.0,48.9
5517,-13533.32,9931.3975,1.33,96.8,49.0
5518,-13554.03,6281.946,1.35,88.7,49.0
5519,-13388.97,34960.145,1.34,92.2,49.4
5520,-13156.46,25265.7026,1.26,99.1,49.6
5521,-13589.54,15098.53,1.31,100.0,49.7
5522,-13572.58,3086.3225,1.31,100.0,49.8
5523,-13585.09,2397.1889,1.31,93.2,49.9
5524,-13601.42,1241.2778,1.27,100.0,49.9
5525,-14071.7,13929.4609,1.3,100.0,49.9
5526,-13641.29,1216.7072,1.37,100.0,50.1
5527,-13634.26,1041.1925,1.32,100.0,50.0
5528,-13682.31,7260.1151,1.34,100.0,50.0
5529,-13644.6,733.1213,1.34,99.0,50.1
5530,-13668.82,511.921,1.31,100.0,50.1
5531,-13720.46,385.8039,1.28,100.0,50.0
5532,-13509.16,76863.3906,1.26,100.0,50.0
5533,-13713.14,2854.5784,1.31,100.0,50.0
5534,-13674.72,1101.9347,1.35,99.4,50.4
5535,-13682.85,984.7734,1.39,100.0,50.3
5536,-13642.61,527.9041,1.34,95.9,50.3
5537,-14151.46,13471.4106,1.33,100.0,50.3
5538,-13960.87,6412.8824,1.3,100.0,50.3
5539,-13732.7,1515.5841,1.34,100.0,50.2
5540,-13655.86,743.7906,1.39,100.0,50.4
5541,-13624.24,1061.2966,1.33,100.0,50.5
5542,-14104.65,11225.9766,1.33,100.0,50.5
5543,-13864.35,4159.8286,1.33,100.0,50.9
5544,-14138.53,10757.0569,1.36,99.8,51.0
5545,-13699.69,2010.8142,1.32,100.0,50.9
5546,-13637.57,1661.9831,1.32,100.0,51.4
5547,-13867.34,2524.7966,1.36,100.0,51.6
5548,-13634.51,1137.1252,1.28,100.0,51.9
5549,-13683.92,501.6448,1.41,100.0,51.9
5550,-13847.94,2358.9594,1.37,100.0,52.0
5551,-13855.58,2362.4722,1.4,99.9,51.9
5552,-13652.16,630.1182,1.34,100.0,52.0
5553,-13674.57,305.3693,1.32,100.0,52.1
5554,-13722.41,1181.1492,1.37,100.0,52.2
5555,-13654.37,855.2299,1.35,100.0,52.1
5556,-13864.46,4011.6675,1.39,100.0,52.1
5557,-13648.73,335.0595,1.47,99.9,52.1
5558,-13690.2,388.2223,1.42,100.0,52.5
5559,-13712.2,306.6672,1.32,100.0,52.5
5560,-13732.33,213.7711,1.37,100.0,52.6
5561,-13752.19,196.1357,1.35,100.0,52.6
5562,-13959.94,2595.7404,1.34,100.0,52.5
5563,-13757.55,163.4168,1.35,100.0,52.5
5564,-13737.07,197.1843,1.46,100.0,52.5
5565,-13685.58,326.002,1.43,100.0,52.5
5566,-13671.07,162.8768,1.36,100.0,52.6
5567,-13671.72,164.6322,1.43,100.0,52.7
5568,-14131.63,12113.8496,1.46,98.2,52.7
5569,-13676.9,145.4153,1.32,100.0,52.7
5570,-13711.82,154.4079,1.32,100.0,52.7
5571,-13697.69,112.8929,1.31,100.0,52.8
5572,-13734.06,287.5731,1.31,100.0,52.8
5573,-14175.2,11795.7927,1.35,100.0,52.8
5574,-13734.06,140.0103,1.4,100.0,52.9
5575,-13952.91,4527.7142,1.35,100.0,52.9
5576,-13782.8,79.9512,1.4,100.0,53.0
5577,-13759.37,305.7464,1.43,100.0,53.0
5578,-13746.83,175.1821,1.37,100.0,53.1
5579,-13685.11,184.7898,1.38,100.0,53.1
5580,-13667.45,910.5312,1.3,100.0,53.1
5581,-13907.47,4225.7266,1.31,100.0,53.0
5582,-13696.69,255.1929,1.36,100.0,53.0
5583,-13624.01,337.7488,1.35,100.0,53.0
5584,-13626.94,187.3802,1.34,100.0,53.0
5585,-14107.77,11358.2849,1.38,100.0,53.1
5586,-14074.05,10545.3953,1.36,100.0,53.2
5587,-14126.77,11428.3096,1.3,100.0,53.1
5588,-13655.28,788.1824,1.37,100.0,53.2
5589,-13638.28,768.8791,1.39,100.0,53.1
5590,-13618.12,705.8269,1.34,100.0,53.1
5591,-13854.68,2415.7955,1.42,100.0,53.2
5592,-13642.75,287.5617,1.44,98.6,53.0
5593,-13653.47,285.2621,1.42,100.0,53.1
5594,-13653.82,131.9559,1.35,100.0,53.1
5595,-13618.93,147.9872,1.36,100.0,53.1
5596,-13627.07,158.5933,1.34,100.0,53.1
5597,-13642.59,134.7267,1.28,100.0,53.1
5598,-13646.2,84.1284,1.36,100.0,53.2
5599,-13840.36,4817.767,1.38,100.0,53.2
5600,-13606.96,96.4386,1.36,100.0,53.2
5601,-13638.97,93.6742,1.39,100.0,53.2
5602,-13633.67,111.7715,1.4,100.0,53.2
5603,-13842.69,4480.3892,1.38,100.0,53.3
5604,-13590.21,446.3547,1.34,100.0,53.3
5605,-13812.3,3956.0861,1.38,100.0,53.2
5606,-13576.71,408.0408,1.33,100.0,53.3
5607,-13110.68,9566.3152,1.29,100.0,53.3
5608,-13509.13,1529.456,1.33,100.0,53.3
5609,-13011.71,6304.334,1.3,100.0,53.3
5610,-12996.95,4247.416,1.31,100.0,53.4
5611,-12943.7,2149.9147,1.34,100.0,53.3
5612,-13151.04,5384.8885,1.39,100.0,53.4
5613,-12940.18,557.4189,1.45,100.0,53.5
5614,-13368.05,9885.4041,1.41,97.6,53.5
5615,-13398.56,9372.9819,1.38,100.0,53.6
5616,-13024.45,295.8407,1.45,100.0,53.7
5617,-13026.79,665.4641,1.28,100.0,54.4
5618,-12998.43,117.4922,1.31,100.0,54.4
5619,-12974.26,175.4934,1.39,99.4,54.2
5620,-13406.64,11179.1365,1.46,100.0,54.3
5621,-12993.22,67.8288,1.29,100.0,54.2
5622,-12980.04,34.6838,1.35,100.0,54.2
5623,-13409.98,14023.9255,1.33,100.0,54.0
5624,-13012.91,110.0986,1.31,97.7,54.0
5625,-13032.42,84.4103,1.31,100.0,54.1
5626,-13241.11,5420.9585,1.37,100.0,54.2
5627,-13007.85,1188.5691,1.31,100.0,54.1
5628,-12997.5,556.722,1.36,100.0,54.2
5629,-12931.71,280.1697,1.37,100.0,53.7
5630,-13452.58,19053.25,1.35,100.0,53.7
5631,-13353.49,13854.5315,1.28,100.0,53.7
5632,-12894.39,306.1597,1.31,100.0,53.7
5633,-12969.37,160.9517,1.3,100.0,53.8
5634,-12913.62,73.0764,1.32,100.0,53.7
5635,-13128.48,3821.7315,1.4,99.9,53.7
5636,-12942.39,117.6134,1.36,100.0,53.8
5637,-12900.68,332.3247,1.34,100.0,53.8
5638,-12918.87,189.3576,1.33,100.0,53.8
5639,-12920.64,101.0917,1.32,100.0,53.9
5640,-12908.09,69.1708,1.29,100.0,54.0
5641,-12952.35,80.536,1.3,100.0,53.9
5642,-12907.24,190.1398,1.33,100.0,53.9
5643,-12903.59,68.8279,1.29,100.0,53.8
5644,-13102.16,5096.1863,1.28,100.0,53.9
5645,-13314.47,12139.4802,1.3,100.0,54.0
5646,-13282.91,11109.3704,1.32,100.0,54.0
5647,-13315.73,10304.623,1.33,100.0,54.0
5648,-12885.29,1618.5158,1.38,100.0,54.0
5649,-12873.4,1558.9295,1.35,100.0,53.9
5650,-12913.58,1468.2511,1.41,100.0,53.9
5651,-12798.78,1122.2881,1.41,100.0,54.1
5652,-12783.29,701.0379,1.36,100.0,54.1
5653,-13009.81,3195.5931,1.28,100.0,54.0
5654,-12800.53,72.3999,1.37,100.0,53.9
5655,-12807.94,119.7649,1.38,100.0,53.9
5656,-12821.22,66.2582,1.27,100.0,54.0
5657,-12830.64,100.3403,1.3,100.0,54.0
5658,-12811.38,117.6523,1.3,100.0,54.0
5659,-13039.18,5099.8657,1.27,100.0,53.9
5660,-13075.46,3596.2406,1.34,100.0,54.0
5661,-12902.54,49.5391,1.37,100.0,54.0
5662,-12880.26,157.4622,1.28,100.0,54.0
5663,-13293.92,11158.2134,1.34,100.0,54.0
5664,-13284.97,10925.5286,1.34,100.0,54.0
5665,-13057.96,3595.1261,1.31,100.0,53.9
5666,-13091.57,3003.4556,1.32,100.0,54.0
5667,-13078.5,2802.1179,1.45,100.0,54.1
5668,-13247.09,10237.178,1.41,100.0,54.1
5669,-12886.09,551.6061,1.35,100.0,54.2
5670,-12803.53,966.0533,1.37,100.0,54.2
5671,-12810.87,487.061,1.3,100.0,54.1
5672,-12802.06,276.3704,1.3,100.0,54.2
5673,-12778.89,190.5413,1.27,100.0,54.2
5674,-12820.65,187.2011,1.32,100.0,54.2
5675,-12907.09,368.9025,1.32,100.0,54.4
5676,-12897.23,191.1198,1.3,100.0,54.3
5677,-12908.88,141.0673,1.34,100.0,54.3
5678,-12864.41,129.3817,1.34,100.0,54.3
5679,-12888.91,155.9398,1.3,100.0,53.8
5680,-12792.28,263.9583,1.36,100.0,53.9
5681,-12804.3,88.4374,1.41,96.9,54.2
5682,-13285.41,12923.6731,1.36,100.0,54.3
5683,-13274.82,12083.1511,1.45,100.0,54.2
5684,-13320.04,10765.7783,1.48,98.9,54.4
5685,-13308.43,8569.9504,1.33,100.0,54.4
5686,-13379.49,7582.5226,1.32,100.0,54.4
5687,-13373.77,6087.2871,1.35,100.0,54.5
5688,-13391.81,2687.5132,1.31,100.0,54.5
5689,-12939.92,12410.4006,1.27,100.0,54.4
5690,-13360.85,1032.3539,1.39,100.0,54.4
5691,-13359.15,457.5735,1.36,100.0,54.5
5692,-13359.15,297.7591,1.33,100.0,54.5
5693,-12907.2,7002.9684,1.38,100.0,54.5
5694,-13120.47,9325.7849,1.34,100.0,54.5
5695,-13343.6,4560.9467,1.38,100.0,54.4
5696,-13303.91,4041.0403,1.39,100.0,54.4
5697,-13323.62,3055.7853,1.33,100.0,54.2
5698,-12869.33,6415.9132,1.31,100.0,54.3
5699,-12880.61,6421.7999,1.3,100.0,54.3
5700,-13117.34,8742.4611,1.3,100.0,54.4
5701,-13105.01,7230.1437,1.35,100.0,54.3
5702,-12838.31,2435.1152,1.34,100.0,54.4
5703,-12794.03,1795.6619,1.43,100.0,54.4
5704,-13157.26,18030.3188,1.49,100.0,54.3
5705,-13202.56,7959.332,1.48,99.0,54.4
5706,-12838.76,550.5126,1.33,100.0,54.4
5707,-12831.95,412.1107,1.44,100.0,54.2
5708,-13253.34,9406.0269,1.36,100.0,54.2
5709,-12815.53,261.5623,1.25,99.0,54.1
5710,-13480.36,14795.5486,1.34,100.0,54.1
5711,-13229.88,9075.7981,1.36,100.0,54.2
5712,-12835.08,557.5162,1.31,100.0,54.0
5713,-13222.81,7412.9098,1.4,100.0,54.0
5714,-12797.57,1294.85,1.35,100.0,54.0
5715,-12812.41,805.5796,1.29,100.0,53.9
5716,-13028.01,5459.2534,1.32,100.0,54.0
5717,-13054.67,5180.8815,1.32,100.0,54.0
5718,-12819.27,498.8878,1.31,100.0,54.0
5719,-12807.81,384.8866,1.35,100.0,53.8
5720,-13267.62,9852.9272,1.49,100.0,53.5
5721,-13284.29,9969.5818,1.41,98.1,53.6
5722,-13305.17,8457.1012,1.45,100.0,53.6
5723,-13348.77,6865.7515,1.39,100.0,53.6
5724,-13346.05,5188.8542,1.31,100.0,53.6
5725,-12886.54,6510.1237,1.3,100.0,53.6
5726,-13296.18,3672.8212,1.32,100.0,53.5
5727,-13301.98,2252.4886,1.34,100.0,53.5
5728,-13324.36,983.8674,1.35,100.0,53.5
5729,-12919.19,5522.0992,1.27,100.0,53.6
5730,-12905.45,3557.3022,1.32,100.0,53.6
5731,-13264.52,1199.329,1.35,100.0,53.7
5732,-13235.82,1153.5027,1.31,100.0,53.7
5733,-13281.92,643.6668,1.4,100.0,53.7
5734,-13299.12,1896.3764,1.46,100.0,53.6
5735,-13274.38,816.5206,1.41,100.0,53.7
5736,-13242.54,58628.1426,1.4,100.0,53.7
5737,-13539.28,4869.251,1.48,99.4,53.7
5738,-13558.44,4701.1045,1.43,100.0,53.6
5739,-13361.23,3810.9587,1.31,100.0,53.7
5740,-13346.28,995.5203,1.37,100.0,53.7
5741,-13356.65,526.0985,1.4,100.0,53.7
5742,-13331.51,249.7034,1.31,100.0,53.8
5743,-13353.25,138.0606,1.38,100.0,53.8
5744,-13319.75,51.5514,1.46,100.0,53.9
5745,-13342.38,165.1769,1.39,100.0,53.9
5746,-13322.94,51.6299,1.37,100.0,53.9
5747,-13252.65,219.3974,1.4,100.0,54.1
5748,-13237.0,288.5948,1.37,100.0,53.9
5749,-13463.83,4455.6378,1.36,100.0,53.9
5750,-13478.33,4680.4496,1.43,100.0,53.8
5751,-13510.35,4760.2578,1.32,100.0,53.8
5752,-13254.47,415.4782,1.36,100.0,53.9
5753,-13243.71,449.3921,1.34,100.0,54.0
5754,-13249.62,181.9039,1.31,100.0,54.0
5755,-13267.03,359.4758,1.37,100.0,53.8
5756,-13311.0,178.3967,1.36,100.0,53.8
5757,-13303.2,128.9484,1.39,100.0,53.8
5758,-13318.81,187.374,1.38,100.0,53.7
5759,-13524.11,3599.6096,1.34,100.0,53.7
5760,-13301.66,412.4376,1.35,100.0,53.8
5761,-13315.27,275.9533,1.33,100.0,53.8
5762,-13264.45,483.4358,1.33,100.0,53.7
5763,-13284.03,158.4341,1.35,100.0,53.7
5764,-13265.18,126.0188,1.42,99.5,53.8
5765,-13484.99,4175.8036,1.44,98.8,53.6
5766,-13490.22,3962.0722,1.33,100.0,53.6
5767,-13256.68,637.6625,1.39,100.0,53.6
5768,-13237.21,528.4588,1.35,100.0,53.6
5769,-13446.72,3290.1043,1.45,100.0,53.8
5770,-13202.0,387.8272,1.32,100.0,53.6
5771,-13203.96,282.7625,1.4,100.0,53.8
5772,-13188.96,247.4206,1.38,100.0,53.8
5773,-13203.72,96.0239,1.32,100.0,53.8
5774,-13218.39,112.4674,1.38,100.0,53.9
5775,-13237.63,48.4084,1.39,100.0,54.0
5776,-13237.15,155.0242,1.29,100.0,54.0
5777,-13236.06,116.9501,1.33,100.0,54.1
5778,-13246.73,72.3288,1.37,100.0,54.2
5779,-13473.0,3264.8144,1.36,100.0,54.1
5780,-13479.93,3118.4905,1.39,100.0,54.2
5781,-13295.3,138.6483,1.44,100.0,54.2
5782,-13342.96,223.8669,1.38,100.0,54.2
5783,-13274.17,284.3643,1.33,100.0,54.2
5784,-13285.39,97.8767,1.36,100.0,54.2
5785,-13754.4,11645.4077,1.41,99.7,54.0
5786,-13311.48,100.6034,1.43,98.7,53.7
5787,-13010.1,34256.7803,1.33,100.0,53.8
5788,-13345.42,60.3913,1.38,100.0,53.9
5789,-13030.87,20457.7104,1.37,100.0,53.9
5790,-13458.62,928.5548,1.29,100.0,53.8
5791,-13417.27,395.5436,1.33,100.0,53.8
5792,-12895.32,10683.2375,1.32,100.0,53.9
5793,-13279.24,24619.4985,1.31,100.0,54.0
5794,-13267.85,23257.8086,1.35,100.0,53.8
5795,-13229.34,21004.856,1.37,100.0,53.9
5796,-13215.95,17910.6382,1.4,100.0,54.1
5797,-13208.96,24217.5464,1.31,100.0,54.0
5798,-13353.86,21545.8232,1.3,100.0,54.1
5799,-13532.31,24592.7998,1.33,100.0,54.0
5800,-13506.61,17410.6855,1.32,100.0,54.0
5801,-13512.53,14677.4966,1.4,99.5,54.3
5802,-13501.89,10925.2529,1.41,99.8,54.4
5803,-13283.09,4946.6106,1.35,100.0,54.4
5804,-13374.14,4733.9128,1.33,100.0,54.3
5805,-13099.64,4942.4001,1.29,100.0,54.4
5806,-13064.66,3441.7591,1.34,100.0,54.4
5807,-13081.71,2404.2126,1.3,100.0,54.4
5808,-13108.47,2060.4869,1.31,100.0,54.5
5809,-12748.71,12047.323,1.41,100.0,54.5
5810,-12804.34,12701.4648,1.35,100.0,54.5
5811,-12789.91,10048.7102,1.31,100.0,54.4
5812,-12794.99,6097.9182,1.4,100.0,54.5
5813,-12773.1,4777.0342,1.43,100.0,54.7
5814,-12791.85,3336.3706,1.34,100.0,54.7
5815,-12858.69,2975.8847,1.44,100.0,54.6
5816,-13136.25,14589.3328,1.38,99.9,54.2
5817,-13146.52,11441.0125,1.26,99.3,53.9
5818,-13169.61,6703.9717,1.28,100.0,54.0
5819,-12847.41,3647.2384,1.33,100.0,54.0
5820,-13171.55,3794.5896,1.29,100.0,54.1
5821,-12830.98,5650.4224,1.42,100.0,54.0
5822,-12842.37,5353.1388,1.46,96.8,53.8
5823,-13183.54,3454.404,1.29,100.0,53.7
5824,-13134.05,3194.4793,1.4,100.0,53.8
5825,-12820.37,5544.2251,1.36,100.0,53.9
5826,-12866.92,4759.813,1.27,100.0,53.9
5827,-12841.05,3262.2263,1.35,100.0,53.9
5828,-13169.42,5661.0083,1.42,99.8,53.8
5829,-13194.11,5686.7258,1.33,100.0,53.9
5830,-13196.52,4912.8439,1.33,100.0,53.9
5831,-12847.76,4039.0197,1.31,100.0,54.0
5832,-12849.48,4034.2072,1.29,100.0,54.0
5833,-12833.32,2903.402,1.31,100.0,53.9
5834,-13152.63,4420.9968,1.34,100.0,53.8
5835,-13156.54,5807.5483,1.4,100.0,53.9
5836,-13198.05,5850.2671,1.3,100.0,53.9
5837,-12813.16,3576.4057,1.31,100.0,54.0
5838,-12863.84,3382.7202,1.39,100.0,54.1
5839,-13173.03,4201.6288,1.29,100.0,54.0
5840,-13184.63,3675.7326,1.31,100.0,53.3
5841,-12886.07,2903.9771,1.38,100.0,53.4
5842,-12911.07,2491.6565,1.36,100.0,53.6
5843,-12891.98,2099.2151,1.28,100.0,53.6
5844,-12895.75,1447.4787,1.35,100.0,53.7
5845,-12880.89,1122.6556,1.34,100.0,53.7
5846,-13307.07,13819.853,1.31,100.0,53.6
5847,-12987.02,1563.5326,1.35,100.0,53.7
5848,-13265.63,11938.0027,1.35,100.0,53.7
5849,-13329.58,10020.457,1.3,100.0,53.7
5850,-13281.17,7540.4128,1.35,100.0,53.8
5851,-12890.53,6042.0944,1.32,100.0,53.8
5852,-12935.45,5529.5305,1.28,100.0,53.7
5853,-12944.57,4278.2557,1.35,100.0,53.8
5854,-12943.44,2580.7672,1.34,100.0,53.8
5855,-12922.1,1279.1325,1.32,100.0,53.8
5856,-12898.43,605.0094,1.41,100.0,53.9
5857,-12917.13,1043.8859,1.58,99.7,53.9
5858,-13260.38,14814.968,1.33,100.0,53.9
5859,-13267.39,13402.5986,1.31,100.0,54.0
5860,-13257.4,10861.0034,1.33,100.0,53.7
5861,-12877.46,1407.0685,1.33,100.0,53.7
5862,-13226.2,8505.9255,1.32,100.0,53.7
5863,-13247.58,7253.7307,1.35,100.0,53.7
5864,-13263.27,5194.1294,1.29,100.0,53.9
5865,-13223.02,6039.5374,1.28,100.0,53.8
5866,-13263.98,3887.5779,1.32,100.0,53.8
5867,-12936.36,10650.908,1.34,100.0,53.9
5868,-12925.81,9601.9902,1.34,100.0,53.9
5869,-12948.42,6684.4572,1.4,100.0,53.8
5870,-12933.48,3643.3162,1.4,100.0,53.9
5871,-12912.6,2675.8018,1.32,100.0,54.0
5872,-13286.31,12004.9451,1.41,100.0,54.0
5873,-13200.37,7588.6847,1.35,100.0,54.0
5874,-12863.49,1624.9243,1.34,100.0,54.1
5875,-13241.51,7588.5273,1.36,100.0,54.1
5876,-13261.35,7041.6241,1.34,100.0,54.2
5877,-12886.81,2336.3768,1.33,100.0,54.3
5878,-12925.16,1878.2879,1.3,100.0,54.3
5879,-12912.25,1250.8,1.34,100.0,54.3
5880,-12927.31,640.237,1.36,100.0,54.3
5881,-12987.56,805.7074,1.34,100.0,54.3
5882,-13060.76,654.7358,1.4,100.0,54.3
5883,-13050.69,659.3635,1.37,100.0,54.2
5884,-12960.49,564.3036,1.27,100.0,54.0
5885,-12968.5,468.7958,1.31,100.0,54.1
5886,-12925.59,462.8119,1.38,100.0,54.0
5887,-12934.85,281.7565,1.31,100.0,54.0
5888,-12928.05,196.9481,1.49,100.0,54.1
5889,-12935.78,144.8908,1.47,89.4,54.1
5890,-12939.16,71.3897,1.36,100.0,54.1
5891,-13336.18,19967.165,1.4,100.0,54.2
5892,-13317.71,13122.2915,1.39,100.0,54.2
5893,-13364.34,9199.8044,1.31,98.8,54.1
5894,-13343.22,7446.8588,1.31,100.0,54.1
5895,-13337.62,4718.8058,1.42,100.0,54.1
5896,-12902.48,19789.8257,1.37,100.0,54.2
5897,-12925.05,23049.0859,1.31,100.0,54.2
5898,-12904.65,16517.3767,1.38,100.0,54.4
5899,-12875.27,9067.902,1.4,99.8,54.1
5900,-12907.14,3768.488,1.27,100.0,54.1
5901,-13290.32,6355.1445,1.36,100.0,54.2
5902,-13291.12,6491.5454,1.36,100.0,54.2
5903,-13303.85,5327.6769,1.34,100.0,54.2
5904,-12818.82,4916.5939,1.35,100.0,54.2
5905,-12852.36,4674.7605,1.42,100.0,54.2
5906,-12811.83,3086.4796,1.38,100.0,54.2
5907,-12869.95,1747.874,1.31,100.0,54.3
5908,-12858.06,930.6996,1.3,100.0,54.3
5909,-13306.09,13550.2183,1.45,100.0,54.4
5910,-13233.67,9769.5613,1.47,100.0,54.5
5911,-12885.01,1285.8712,1.32,100.0,54.4
5912,-13236.3,9986.4653,1.37,100.0,54.3
5913,-13278.48,11004.6396,1.35,100.0,54.4
5914,-12763.4,5228.1926,1.28,100.0,54.4
5915,-13312.86,7709.4272,1.34,100.0,54.5
5916,-13124.77,7210.967,1.33,100.0,54.5
5917,-12810.38,4268.5409,1.32,100.0,54.5
5918,-12866.61,2184.9685,1.38,100.0,54.4
5919,-12864.97,1551.3556,1.43,100.0,54.5
5920,-12833.72,562.515,1.33,100.0,54.6
5921,-12871.62,874.1314,1.3,100.0,54.6
5922,-12908.71,3400.6783,1.31,100.0,54.7
5923,-12917.38,856.1599,1.3,100.0,54.6
5924,-13302.78,10069.908,1.36,100.0,54.6
5925,-12910.62,487.6777,1.45,100.0,54.7
5926,-12887.27,781.9163,1.5,98.6,54.8
5927,-12890.4,507.5443,1.35,100.0,54.9
5928,-12929.27,418.5733,1.43,100.0,54.9
5929,-12913.03,238.7575,1.43,100.0,54.8
5930,-12863.95,275.5511,1.32,100.0,54.7
5931,-13205.52,13484.5154,1.29,100.0,54.8
5932,-12867.76,276.0679,1.28,100.0,54.9
5933,-12857.18,449.2228,1.35,100.0,54.9
5934,-12844.09,141.2808,1.36,100.0,54.9
5935,-12809.26,260.5742,1.34,100.0,54.9
5936,-13161.31,13700.5481,1.3,100.0,54.9
5937,-12810.41,102.5812,1.3,100.0,54.9
5938,-12916.24,766.0819,1.36,100.0,55.0
5939,-12860.82,72.9985,1.38,100.0,55.1
5940,-12854.16,123.6439,1.31,100.0,55.1
5941,-12897.57,206.563,1.32,100.0,55.1
5942,-12828.98,221.5923,1.41,100.0,55.1
5943,-13054.55,6178.1942,1.3,100.0,55.1
5944,-12798.51,422.7348,1.39,100.0,55.1
5945,-12799.66,209.0754,1.42,99.8,55.2
5946,-12813.62,179.4837,1.37,100.0,55.2
5947,-13124.17,13997.085,1.3,100.0,55.2
5948,-13398.92,17922.5215,1.28,100.0,55.3
5949,-13102.85,8416.1652,1.24,100.0,55.2
5950,-13426.09,11985.3384,1.32,100.0,55.2
5951,-13094.87,9214.3843,1.36,99.0,55.3
5952,-13146.47,7102.1409,1.38,100.0,55.3
5953,-12791.06,7938.776,1.36,100.0,55.3
5954,-12802.45,6104.6357,1.42,100.0,55.4
5955,-13154.47,7557.7408,1.32,100.0,55.4
5956,-12816.85,3775.9073,1.28,100.0,55.5
5957,-12774.27,2867.8293,1.36,100.0,55.5
5958,-12753.23,1328.0734,1.39,100.0,55.5
5959,-13093.67,9228.522,1.34,99.9,55.5
5960,-12811.07,487.7295,1.36,100.0,54.9
5961,-13101.03,9247.5764,1.37,100.0,55.0
5962,-12781.34,481.4053,1.49,100.0,55.0
5963,-13434.14,17556.3247,1.33,100.0,55.1
5964,-13434.35,16977.7141,1.29,100.0,55.1
5965,-13101.41,9177.5598,1.37,100.0,55.1
5966,-12777.5,4197.0513,1.31,100.0,55.1
5967,-12802.42,3771.5938,1.36,100.0,55.1
5968,-12800.58,2890.3092,1.37,100.0,55.2
5969,-12772.48,1751.7745,1.33,100.0,55.2
5970,-13154.34,11755.2434,1.27,100.0,55.2
5971,-12765.36,719.9003,1.36,100.0,55.2
5972,-12773.81,366.5936,1.29,100.0,55.3
5973,-13094.29,9093.624,1.31,100.0,55.2
5974,-12846.89,211.0812,1.33,100.0,55.2
5975,-12812.3,194.0031,1.39,100.0,55.3
5976,-12838.05,200.4141,1.32,100.0,55.3
5977,-12818.37,97.2024,1.43,100.0,55.3
5978,-12805.84,96.2494,1.45,98.2,55.4
5979,-12849.21,90.9096,1.4,99.8,55.5
5980,-12831.52,69.4979,1.46,100.0,55.6
5981,-13060.7,6876.0825,1.42,100.0,55.4
5982,-13063.81,6638.7074,1.28,100.0,55.5
5983,-13139.68,8350.2156,1.32,100.0,55.4
5984,-13145.34,7105.8708,1.35,100.0,55.4
5985,-12760.54,3770.5784,1.33,100.0,55.5
5986,-13060.69,5291.8629,1.31,100.0,55.6
5987,-12850.67,2338.0836,1.39,100.0,55.6
5988,-12768.32,2264.3099,1.37,100.0,55.7
5989,-13143.18,6806.0048,1.27,100.0,55.6
5990,-12929.0,727.0455,1.3,100.0,55.6
5991,-12824.13,961.4017,1.33,100.0,55.7
5992,-12801.06,697.3472,1.35,100.0,55.7
5993,-12846.05,241.1229,1.4,100.0,55.5
5994,-12868.02,201.5478,1.44,100.0,55.6
5995,-12924.67,581.2643,1.39,100.0,55.5
5996,-12844.04,267.8012,1.34,100.0,55.6
5997,-12866.53,198.308,1.35,100.0,55.5
5998,-12869.24,59.2971,1.35,100.0,55.6
5999,-12784.54,241.6553,1.32,100.0,55.6
6000,-12852.14,94.6222,1.32,100.0,55.7
6001,-12796.07,146.8423,1.36,100.0,55.7
6002,-12828.51,56.4861,1.31,100.0,55.7
6003,-12843.21,51.0882,1.36,100.0,55.7
6004,-12801.72,131.1017,1.4,100.0,55.8
6005,-12812.41,69.0413,1.31,100.0,55.8
6006,-12810.45,46.5777,1.37,100.0,55.9
6007,-13126.75,11689.437,1.35,100.0,55.9
6008,-13131.53,11442.6675,1.34,100.0,55.9
6009,-13143.17,8109.6176,1.32,100.0,55.9
6010,-12816.66,2821.0334,1.31,100.0,55.9
6011,-12781.87,3144.1027,1.32,100.0,56.0
6012,-12802.18,2591.0176,1.53,100.0,56.7
6013,-12837.46,847.7068,1.49,87.2,56.5
6014,-12820.89,460.605,1.4,100.0,56.5
6015,-12789.53,491.4809,1.32,100.0,56.5
6016,-12751.64,355.7453,1.33,99.9,56.5
6017,-13129.58,11378.1875,1.25,100.0,56.3
6018,-13099.42,8394.55,1.29,100.0,56.3
6019,-12818.68,583.8816,1.33,100.0,56.3
6020,-13118.92,8624.478,1.28,100.0,56.3
6021,-13419.55,14957.8354,1.32,100.0,56.4
6022,-12840.02,2454.8283,1.33,100.0,56.4
6023,-13186.54,6898.8604,1.31,100.0,56.5
6024,-12841.94,3008.3465,1.3,100.0,56.5
6025,-12834.27,3145.6408,1.33,100.0,56.4
6026,-12873.37,1401.1546,1.36,100.0,56.4
6027,-12816.34,831.181,1.33,100.0,56.5
6028,-12786.84,358.2644,1.41,100.0,56.5
6029,-12832.59,504.2174,1.39,100.0,56.5
6030,-12752.68,465.4914,1.34,100.0,56.5
6031,-12795.58,194.5,1.42,100.0,56.5
6032,-13078.74,8453.4199,1.39,100.0,56.6
6033,-13114.18,7588.2633,1.36,100.0,56.6
6034,-13017.4,5766.3959,1.3,100.0,56.6
6035,-13058.38,5869.1208,1.31,100.0,56.6
6036,-13145.64,2886.9995,1.3,100.0,56.5
6037,-13110.07,1967.1783,1.3,100.0,56.4
6038,-13167.04,2058.6371,1.49,100.0,56.6
6039,-13190.72,1613.3991,1.43,99.7,56.4
6040,-13134.76,1176.9904,1.3,100.0,56.5
6041,-12889.09,8440.6455,1.36,100.0,56.5
6042,-12928.07,6183.5535,1.32,100.0,56.5
6043,-12919.34,5692.2925,1.27,100.0,56.3
6044,-12902.63,4533.9705,1.35,100.0,56.3
6045,-13218.38,3738.3817,1.36,100.0,56.1
6046,-13126.73,2465.918,1.28,100.0,56.1
6047,-13088.88,1804.1678,1.29,100.0,56.2
6048,-12818.45,4508.0466,1.29,100.0,56.2
6049,-12862.98,3639.548,1.25,100.0,56.2
6050,-12857.67,3031.1645,1.33,100.0,56.3
6051,-12791.67,2969.8047,1.38,100.0,56.2
6052,-13142.6,4807.589,1.41,100.0,56.2
6053,-13548.22,20652.2324,1.41,100.0,56.2
6054,-13401.05,12917.8186,1.44,100.0,56.4
6055,-13390.21,8822.351,1.33,100.0,56.3
6056,-13085.06,1660.2029,1.32,100.0,56.3
6057,-13077.76,1637.7672,1.38,100.0,56.3
6058,-13038.47,1846.7955,1.28,100.0,56.3
6059,-12755.82,5915.9088,1.3,100.0,56.3
6060,-12784.49,4236.9299,1.37,100.0,56.4
6061,-12852.76,2534.3634,1.26,100.0,56.3
6062,-13124.58,3403.3375,1.33,100.0,56.3
6063,-13297.49,8790.2239,1.42,100.0,56.4
6064,-13358.46,8475.5853,1.3,100.0,56.4
6065,-12869.68,2243.3141,1.31,100.0,56.4
6066,-12827.17,2265.4062,1.3,100.0,56.5
6067,-12804.02,2115.1725,1.31,100.0,56.4
6068,-12869.76,1454.3691,1.36,100.0,56.4
6069,-13103.01,3651.7106,1.39,98.0,56.2
6070,-13328.11,10365.7615,1.45,99.2,56.2
6071,-13303.82,9627.3086,1.36,99.0,56.2
6072,-13160.95,10150.4761,1.33,100.0,56.2
6073,-12895.81,5358.8027,1.31,100.0,56.2
6074,-12831.57,3082.5431,1.27,100.0,56.2
6075,-12889.81,1733.587,1.32,100.0,56.3
6076,-12871.29,1487.8473,1.34,100.0,56.5
6077,-13332.09,8537.3203,1.29,100.0,56.4
6078,-12919.12,1343.3402,1.31,100.0,56.5
6079,-13050.18,2544.6528,1.31,100.0,56.4
6080,-13060.83,2094.5768,1.26,100.0,56.4
6081,-13221.28,2016.9888,1.35,100.0,56.5
6082,-13023.85,2209.0585,1.44,100.0,56.5
6083,-13017.36,1864.8334,1.31,100.0,56.8
6084,-13084.5,1151.8365,1.4,100.0,56.9
6085,-13089.17,1738.6291,1.47,93.4,57.0
6086,-13023.48,1228.5178,1.43,98.9,56.6
6087,-13060.9,876.5741,1.32,100.0,56.5
6088,-13020.63,739.9657,1.32,100.0,56.7
6089,-13453.02,12133.2979,1.36,100.0,56.7
6090,-13086.92,820.074,1.3,100.0,56.8
6091,-13507.18,9124.9873,1.36,100.0,56.8
6092,-13103.1,1356.4829,1.3,100.0,56.7
6093,-13109.41,884.0148,1.27,100.0,56.7
6094,-13542.89,10349.8655,1.35,100.0,56.7
6095,-13072.78,251.4337,1.3,100.0,56.8
6096,-13071.89,161.2935,1.38,100.0,56.9
6097,-13039.9,82.1444,1.41,100.0,56.9
6098,-13087.61,145.8785,1.37,100.0,56.7
6099,-13553.12,11126.6731,1.42,100.0,56.7
6100,-13542.51,9958.1484,1.4,100.0,56.8
6101,-13197.69,5205.4753,1.29,100.0,56.8
6102,-13211.64,4434.8486,1.32,100.0,56.8
6103,-13577.93,5843.7748,1.4,100.0,56.5
6104,-13578.31,4563.6121,1.42,100.0,56.5
6105,-13167.84,5216.022,1.53,97.8,56.5
6106,-13182.17,4454.2996,1.38,100.0,55.8
6107,-13091.18,1513.944,1.31,100.0,56.0
6108,-13065.5,680.8231,1.38,100.0,55.9
6109,-13098.02,476.018,1.29,100.0,55.8
6110,-13119.12,401.2048,1.28,100.0,55.5
6111,-13060.54,184.7559,1.33,99.4,55.9
6112,-13015.97,185.0375,1.33,100.0,56.0
6113,-13031.52,196.108,1.34,100.0,56.0
6114,-13465.03,11365.4717,1.42,100.0,56.0
6115,-13450.63,9722.7024,1.48,100.0,56.0
6116,-13032.74,518.0598,1.31,100.0,56.0
6117,-13013.72,841.0874,1.34,100.0,56.1
6118,-13002.63,363.4557,1.36,100.0,56.0
6119,-13016.07,226.4618,1.37,100.0,56.1
6120,-13005.67,120.1973,1.44,96.9,56.4
6121,-13246.79,3653.6202,1.44,99.9,56.3
6122,-13000.9,317.7364,1.32,100.0,56.3
6123,-12985.12,512.2295,1.33,100.0,56.4
6124,-12969.11,253.4093,1.28,100.0,56.4
6125,-13443.74,12748.481,1.28,100.0,56.4
6126,-13491.98,15142.3115,1.38,100.0,56.5
6127,-13471.17,13086.0764,1.45,100.0,56.4
6128,-13503.5,10405.3086,1.45,100.0,56.4
6129,-13444.64,8052.6316,1.42,100.0,56.5
6130,-13480.24,6885.5535,1.46,99.9,56.7
6131,-13475.61,5106.8672,1.43,100.0,56.7
6132,-13545.91,4581.91,1.34,100.0,56.7
6133,-13565.91,1769.6506,1.34,100.0,56.6
6134,-13066.32,15542.9346,1.31,100.0,56.7
6135,-13100.07,22979.8711,1.28,100.0,56.7
6136,-13094.58,8848.269,1.32,100.0,56.8
6137,-13110.77,5935.1389,1.32,100.0,56.9
6138,-13099.6,3261.952,1.29,100.0,56.9
6139,-13542.73,6919.8101,1.41,100.0,56.8
6140,-13535.61,6502.449,1.49,100.0,56.9
6141,-13526.44,5514.5602,1.41,99.9,57.0
6142,-13513.18,3714.8887,1.42,99.7,57.1
6143,-13584.96,1798.3037,1.4,99.7,57.1
6144,-13132.99,7581.0135,1.43,100.0,57.1
6145,-13092.78,9660.8667,1.31,100.0,56.9
6146,-13075.61,7675.1191,1.29,100.0,56.9
6147,-13288.41,8743.9535,1.35,100.0,57.0
6148,-13092.51,4293.5519,1.32,100.0,57.0
6149,-13043.58,2973.904,1.38,100.0,57.0
6150,-13065.24,2132.3863,1.49,99.9,57.2
6151,-13016.21,1473.541,1.47,98.5,56.8
6152,-13019.13,814.7158,1.36,100.0,56.8
6153,-13074.06,625.581,1.36,100.0,56.9
6154,-13016.44,157.3817,1.33,100.0,56.9
6155,-12997.79,313.89,1.28,100.0,56.6
6156,-12993.3,423.9192,1.38,99.3,57.0
6157,-12952.18,138.9694,1.33,100.0,57.0
6158,-13433.29,14194.9993,1.36,100.0,57.0
6159,-12981.62,309.1278,1.37,100.0,57.1
6160,-12934.14,479.5656,1.32,100.0,57.1
6161,-13389.03,11901.6663,1.32,100.0,57.1
6162,-12970.42,169.9729,1.36,100.0,57.1
6163,-13003.34,39.7777,1.37,100.0,57.2
6164,-13386.36,12066.7583,1.4,100.0,57.1
6165,-13592.47,13414.991,1.45,100.0,57.2
6166,-13891.76,19690.5664,1.46,100.0,57.3
6167,-13393.84,8819.7681,1.34,100.0,57.3
6168,-13470.69,7258.7063,1.36,100.0,57.4
6169,-13277.31,8137.1968,1.34,100.0,57.5
6170,-13087.8,3877.5283,1.29,100.0,57.5
6171,-13039.99,3745.5667,1.31,100.0,57.6
6172,-12924.3,3710.0093,1.33,100.0,57.6
6173,-12898.8,2263.0616,1.29,100.0,57.5
6174,-12889.26,769.1414,1.33,100.0,57.6
6175,-13399.85,11728.9155,1.38,100.0,57.6
6176,-13423.31,12272.6592,1.37,100.0,57.6
6177,-13414.62,11810.605,1.43,100.0,57.7
6178,-13438.61,9108.676,1.42,100.0,57.7
6179,-13376.41,7450.0538,1.41,100.0,57.8
6180,-12961.84,1785.4093,1.37,100.0,57.9
6181,-12987.49,2199.5648,1.33,100.0,57.8
6182,-13001.88,1078.5954,1.3,100.0,57.9
6183,-12926.58,1356.894,1.33,100.0,57.9
6184,-12973.39,805.9535,1.36,100.0,57.9
6185,-13007.26,1066.7088,1.36,100.0,58.0
6186,-12960.23,288.9741,1.46,100.0,58.0
6187,-12960.6,282.6407,1.49,99.9,58.2
6188,-12986.4,417.6442,1.38,99.8,58.2
6189,-12943.89,231.4459,1.33,100.0,58.2
6190,-12961.41,1292.5528,1.34,100.0,58.2
6191,-12931.06,483.6737,1.32,100.0,58.2
6192,-12865.92,238.6743,1.32,100.0,58.2
6193,-12952.77,414.0569,1.37,100.0,58.4
6194,-13205.85,5572.4374,1.3,100.0,58.4
6195,-13460.58,17174.1562,1.27,100.0,58.4
6196,-13245.1,5730.4346,1.29,100.0,58.5
6197,-12923.35,859.1374,1.28,100.0,58.5
6198,-12831.47,1088.2555,1.34,100.0,58.6
6199,-12823.21,680.1353,1.37,100.0,58.8
6200,-12939.64,376.5666,1.33,100.0,58.7
6201,-12819.39,197.7483,1.34,100.0,58.7
6202,-12881.56,919.1494,1.28,100.0,58.5
6203,-12935.63,450.8851,1.37,100.0,58.6
6204,-12949.49,563.5597,1.33,100.0,58.1
6205,-12772.57,849.8992,1.33,100.0,58.2
6206,-12834.27,239.3488,1.38,100.0,58.0
6207,-12851.24,374.4415,1.38,100.0,58.0
6208,-13028.88,5436.0894,1.38,100.0,58.1
6209,-13384.01,20730.3057,1.29,100.0,58.2
6210,-13021.18,4233.6155,1.31,100.0,58.2
6211,-13177.21,10905.2646,1.3,100.0,58.1
6212,-13178.85,9318.2354,1.28,100.0,57.8
6213,-13176.83,8040.6714,1.31,100.0,57.8
6214,-13174.17,6667.7473,1.36,100.0,57.8
6215,-13179.6,5982.9431,1.43,100.0,57.9
6216,-13269.29,4433.9233,1.42,100.0,57.9
6217,-13149.16,5986.8301,1.41,100.0,57.9
6218,-13204.4,5228.657,1.35,100.0,57.8
6219,-13243.96,5174.5847,1.38,100.0,57.8
6220,-13199.72,5512.5504,1.36,100.0,57.9
6221,-13423.33,7440.4789,1.31,100.0,57.9
6222,-13466.4,7290.1748,1.27,100.0,57.9
6223,-13447.51,5076.3807,1.33,100.0,57.8
6224,-13228.35,3619.7804,1.32,100.0,57.9
6225,-12960.61,19654.5859,1.3,100.0,58.0
6226,-12988.64,15439.8784,1.31,100.0,58.1
6227,-13009.86,12586.644,1.32,100.0,57.9
6228,-12956.26,10785.9966,1.26,100.0,57.7
6229,-12941.49,7502.5983,1.32,100.0,57.8
6230,-13274.09,17621.8672,1.38,100.0,57.8
6231,-13262.52,15861.8584,1.39,100.0,57.9
6232,-13303.46,12167.5945,1.54,99.8,58.2
6233,-13225.58,8128.1967,1.52,91.6,58.2
6234,-13210.81,4844.2888,1.31,100.0,58.1
6235,-13192.87,3813.0143,1.41,100.0,58.1
6236,-13440.98,5154.7159,1.29,100.0,58.2
6237,-13422.07,3235.6319,1.29,100.0,58.2
6238,-13107.92,19693.9512,1.34,98.6,58.4
6239,-13154.95,17014.1555,1.33,100.0,58.4
6240,-12907.36,14560.5796,1.29,100.0,58.4
6241,-12853.19,13890.0901,1.33,100.0,58.3
6242,-12866.0,10166.4644,1.28,100.0,58.3
6243,-12886.64,7272.8805,1.35,100.0,58.4
6244,-12922.94,5568.6494,1.37,100.0,58.6
6245,-13214.27,10315.0249,1.3,100.0,58.6
6246,-13202.96,10142.2114,1.38,100.0,58.6
6247,-13256.22,9730.4165,1.4,100.0,58.5
6248,-13227.55,7620.8837,1.36,99.7,58.5
6249,-13230.13,5506.7097,1.34,100.0,58.6
6250,-13195.65,4100.6113,1.37,100.0,58.6
6251,-13215.13,3387.9677,1.32,100.0,58.6
6252,-13080.68,14978.4795,1.33,100.0,58.7
6253,-13062.76,14742.8752,1.43,100.0,58.7
6254,-13442.73,5733.451,1.34,100.0,58.7
6255,-13431.35,4198.6913,1.29,100.0,58.7
6256,-12861.0,11226.8633,1.3,100.0,58.7
6257,-12962.75,7476.5834,1.33,100.0,58.8
6258,-12945.09,6304.9744,1.3,100.0,58.8
6259,-12935.62,4275.6918,1.33,100.0,58.9
6260,-12915.48,3888.0871,1.32,100.0,58.9
6261,-12897.35,3381.7009,1.36,100.0,58.9
6262,-13081.08,10306.7053,1.41,100.0,58.6
6263,-13463.1,19183.5059,1.32,100.0,58.6
6264,-13473.15,18652.0913,1.48,100.0,58.7
6265,-13261.0,9902.9814,1.53,99.9,58.8
6266,-13458.8,11916.7905,1.43,100.0,59.0
6267,-13234.3,6504.1312,1.29,100.0,58.7
6268,-13435.18,6570.9828,1.35,100.0,58.5
6269,-13458.11,4617.999,1.3,100.0,58.5
6270,-13079.48,22879.373,1.33,100.0,58.6
6271,-13262.0,3701.0191,1.44,98.8,58.4
6272,-12895.29,18226.9072,1.36,100.0,58.4
6273,-12903.17,14419.7771,1.32,100.0,58.5
6274,-13247.17,3481.4164,1.33,100.0,58.4
6275,-12906.8,10008.8655,1.28,100.0,58.4
6276,-13144.3,12890.8699,1.35,100.0,58.5
6277,-12884.91,6195.1625,1.32,100.0,58.5
6278,-12909.73,4372.9774,1.27,100.0,58.5
6279,-13265.31,13109.5891,1.27,100.0,58.5
6280,-13269.77,13349.2617,1.31,100.0,58.6
6281,-13270.8,12973.7292,1.28,100.0,58.6
6282,-12928.33,2857.5125,1.38,100.0,58.7
6283,-13304.23,9192.2378,1.33,100.0,58.7
6284,-13290.67,7696.0295,1.29,100.0,58.7
6285,-13281.37,8651.1227,1.33,100.0,58.7
6286,-13286.26,4706.1981,1.35,100.0,58.8
6287,-12871.93,12740.4634,1.36,100.0,58.8
6288,-12879.96,13005.7549,1.47,97.2,59.1
6289,-12878.3,12264.6631,1.38,98.5,58.8
6290,-13071.38,12293.3291,1.32,100.0,58.8
6291,-13143.77,11045.4629,1.33,100.0,58.9
6292,-13254.26,5878.4048,1.27,100.0,58.9
6293,-13261.01,6679.937,1.31,100.0,58.8
6294,-12893.02,4572.1774,1.32,100.0,58.9
6295,-12923.05,3680.2903,1.32,100.0,58.9
6296,-13289.38,8770.6765,1.32,100.0,58.6
6297,-13314.56,8713.7539,1.3,100.0,58.7
6298,-12955.19,3209.1479,1.31,100.0,58.7
6299,-12949.66,2240.8519,1.34,100.0,58.8
6300,-13302.68,8843.4534,1.32,100.0,58.9
6301,-13290.7,8743.9214,1.32,100.0,58.8
6302,-12923.56,4005.2016,1.42,100.0,58.8
6303,-12951.84,3009.2407,1.45,100.0,58.8
6304,-13314.04,8646.0671,1.32,100.0,58.9
6305,-12954.02,2282.9988,1.37,100.0,59.0
6306,-12941.58,1732.5106,1.37,100.0,59.1
6307,-12956.47,1465.6578,1.33,100.0,59.0
6308,-12994.44,1001.2954,1.38,100.0,59.1
6309,-12992.31,1039.371,1.37,100.0,59.1
6310,-13008.41,349.6644,1.34,100.0,59.1
6311,-13016.8,252.8578,1.29,100.0,59.1
6312,-13447.86,10834.3342,1.37,100.0,59.2
6313,-13017.75,146.6325,1.3,100.0,59.2
6314,-13455.03,10611.5918,1.37,100.0,58.7
6315,-13529.57,10037.3486,1.31,100.0,58.8
6316,-13078.33,1070.4712,1.31,100.0,58.9
6317,-13094.72,791.5434,1.31,100.0,58.9
6318,-13063.86,241.57,1.38,100.0,58.9
6319,-13095.35,286.1608,1.45,100.0,59.0
6320,-13047.95,256.8261,1.44,96.3,59.3
6321,-13040.56,98.2796,1.37,98.4,59.5
6322,-13054.01,79.6987,1.47,100.0,59.6
6323,-13034.66,73.086,1.34,100.0,59.6
6324,-13058.32,258.1603,1.28,100.0,59.6
6325,-13048.63,104.5826,1.29,100.0,59.6
6326,-13483.52,11144.0371,1.34,100.0,59.6
6327,-13148.47,341.0155,1.31,100.0,59.7
6328,-13594.17,9396.897,1.35,100.0,60.0
6329,-13137.55,715.5276,1.32,100.0,59.9
6330,-13138.27,359.223,1.34,100.0,60.0
6331,-13084.99,184.3025,1.39,100.0,60.3
6332,-13124.17,244.625,1.36,100.0,60.6
6333,-13101.65,198.7302,1.42,100.0,60.6
6334,-13070.97,85.0943,1.37,99.0,60.9
6335,-13071.09,85.6838,1.29,100.0,61.4
6336,-13089.94,155.6218,1.34,100.0,61.5
6337,-13093.92,114.5262,1.42,100.0,61.5
6338,-13048.35,272.1148,1.29,100.0,61.5
6339,-13042.98,59.4056,1.37,100.0,61.7
6340,-13486.59,11369.8711,1.44,99.5,61.6
6341,-13123.08,311.4908,1.28,100.0,61.6
6342,-13532.81,9794.3994,1.31,100.0,61.7
6343,-13010.77,1142.6247,1.29,100.0,61.7
6344,-13004.68,1254.6974,1.27,100.0,61.1
6345,-13016.46,761.3903,1.35,100.0,61.1
6346,-13003.45,475.1361,1.44,100.0,61.1
6347,-12966.41,345.7316,1.31,100.0,61.2
6348,-12992.43,404.1345,1.4,100.0,61.2
6349,-12988.85,281.3721,1.44,96.4,61.3
6350,-12952.87,100.2926,1.28,100.0,61.3
6351,-12944.8,149.3107,1.36,100.0,61.1
6352,-12949.86,191.3069,1.38,100.0,61.2
6353,-13326.26,17773.9487,1.28,100.0,61.2
6354,-12888.89,532.8843,1.34,100.0,60.9
6355,-12931.29,413.3266,1.36,100.0,60.8
6356,-12892.16,370.2318,1.22,100.0,61.0
6357,-12908.43,342.1112,1.3,100.0,61.0
6358,-12965.75,405.6435,1.32,100.0,61.1
6359,-13320.47,18962.9272,1.3,100.0,61.1
6360,-13298.04,16122.769,1.43,100.0,61.1
6361,-12971.42,889.2428,1.42,100.0,61.3
6362,-12974.97,1197.1801,1.37,100.0,61.3
6363,-12987.01,628.4591,1.36,100.0,61.6
6364,-12966.1,268.7456,1.39,100.0,61.6
6365,-12945.71,167.1945,1.34,100.0,61.6
6366,-12931.18,158.3234,1.35,100.0,61.6
6367,-12900.37,56.3758,1.34,100.0,61.5
6368,-13178.38,7134.7211,1.29,100.0,61.5
6369,-13178.21,6483.4227,1.3,100.0,61.5
6370,-13219.7,5867.1989,1.29,100.0,61.6
6371,-12928.79,1739.2134,1.37,100.0,61.6
6372,-12980.37,1621.4016,1.39,100.0,62.0
6373,-13005.8,1094.8633,1.28,100.0,61.8
6374,-12974.42,1037.4886,1.29,100.0,61.7
6375,-12996.15,336.6146,1.3,100.0,61.8
6376,-12948.6,301.4457,1.33,100.0,61.8
6377,-12904.85,285.5646,1.36,100.0,61.7
6378,-13089.12,5796.9279,1.55,99.8,61.5
6379,-13071.27,5395.6229,1.32,100.0,61.3
6380,-12891.26,530.8084,1.32,100.0,60.8
6381,-12890.49,406.4188,1.29,100.0,60.8
6382,-13422.1,20504.5547,1.3,100.0,60.9
6383,-13069.1,5146.9332,1.35,100.0,60.7
6384,-12921.67,201.4548,1.35,100.0,60.6
6385,-12856.25,406.7275,1.37,100.0,60.6
6386,-12868.14,249.6155,1.38,100.0,60.6
6387,-12818.06,438.9812,1.3,100.0,60.6
6388,-13469.55,23558.3813,1.33,100.0,60.6
6389,-13453.3,21259.0,1.36,100.0,60.7
6390,-13464.14,16876.4082,1.3,100.0,60.8
6391,-13427.79,13497.0212,1.29,100.0,59.8
6392,-13399.37,11083.7131,1.3,100.0,59.7
6393,-13007.96,9503.5532,1.32,100.0,59.8
6394,-13076.15,9241.6306,1.32,100.0,59.7
6395,-13170.44,7587.0536,1.32,100.0,59.8
6396,-13114.72,7187.0376,1.33,100.0,60.0
6397,-13421.93,10578.3301,1.32,100.0,59.9
6398,-13193.69,11007.5061,1.26,100.0,59.9
6399,-12825.71,4505.078,1.29,100.0,60.0
6400,-13164.5,4408.0033,1.41,100.0,59.9
6401,-13144.65,12658.0042,1.36,96.2,60.1
6402,-13192.66,9759.9919,1.42,100.0,60.1
6403,-13070.44,4579.2607,1.41,100.0,60.1
6404,-12837.06,4941.3992,1.34,100.0,60.1
6405,-12776.13,4294.3442,1.31,100.0,60.1
6406,-12749.35,3243.3171,1.31,100.0,60.2
6407,-12774.19,1761.3329,1.58,100.0,60.7
6408,-13440.25,20946.3872,1.35,100.0,60.8
6409,-13123.1,16161.1326,1.34,100.0,60.7
6410,-13191.2,14573.5908,1.32,100.0,60.7
6411,-12796.83,1646.8358,1.4,100.0,60.7
6412,-13163.28,12066.416,1.38,100.0,60.8
6413,-13159.94,11690.9487,1.33,100.0,60.8
6414,-13056.87,5811.3838,1.37,100.0,60.9
6415,-13133.36,8452.6313,1.36,100.0,60.8
6416,-13147.11,7627.0225,1.33,100.0,60.9
6417,-12868.3,6374.2645,1.29,100.0,61.0
6418,-12875.46,5980.115,1.27,99.9,60.8
6419,-12918.62,3641.8686,1.32,100.0,60.7
6420,-12793.81,3478.1555,1.38,99.9,60.4
6421,-12873.8,1544.5918,1.3,100.0,60.3
6422,-12828.14,1712.6895,1.45,99.5,60.3
6423,-12800.42,1315.7565,1.44,98.2,60.2
6424,-12830.09,1171.8197,1.3,100.0,60.2
6425,-12818.97,437.692,1.33,100.0,60.3
6426,-13258.03,13896.437,1.31,100.0,60.2
6427,-12903.94,370.5762,1.29,100.0,60.2
6428,-12888.78,498.3296,1.4,100.0,60.2
6429,-12882.55,310.0051,1.39,100.0,60.2
6430,-12873.03,209.5487,1.35,100.0,60.2
6431,-12866.25,151.7136,1.36,100.0,60.4
6432,-13494.02,23520.2031,1.38,99.5,60.3
6433,-13411.41,18654.7534,1.28,100.0,60.2
6434,-13437.94,18970.4814,1.31,100.0,60.3
6435,-13238.22,10896.1638,1.31,100.0,60.3
6436,-12912.26,4212.8116,1.31,100.0,60.3
6437,-12893.46,5046.5884,1.36,100.0,60.3
6438,-12904.07,3744.2828,1.33,100.0,60.4
6439,-12878.06,2850.0708,1.35,100.0,60.3
6440,-13092.29,5266.5055,1.44,97.8,60.4
6441,-12907.16,508.1092,1.39,100.0,60.4
6442,-12944.78,162.5546,1.37,100.0,60.5
6443,-12930.14,297.3402,1.37,100.0,60.1
6444,-12961.8,202.0586,1.32,100.0,60.0
6445,-12941.24,114.4984,1.3,100.0,59.9
6446,-12953.12,101.0478,1.33,100.0,60.0
6447,-13372.75,10502.9436,1.46,100.0,60.0
6448,-13425.99,10761.2053,1.4,100.0,60.0
6449,-12913.75,1180.4247,1.46,97.9,60.2
6450,-12946.7,1055.4318,1.44,99.4,60.3
6451,-13058.24,1100.0624,1.33,100.0,60.3
6452,-13002.25,653.9988,1.41,100.0,60.2
6453,-12934.12,345.3555,1.3,100.0,60.2
6454,-13316.44,19834.7314,1.27,100.0,60.3
6455,-13273.59,19597.9907,1.31,100.0,60.4
6456,-12878.6,523.7947,1.32,100.0,60.4
6457,-13210.31,18403.5166,1.3,100.0,60.4
6458,-13168.83,16200.1975,1.33,100.0,60.4
6459,-13457.38,15308.8521,1.27,100.0,60.4
6460,-13177.0,14208.9241,1.33,100.0,60.4
6461,-13181.27,12166.5754,1.42,100.0,60.5
6462,-13063.38,8059.3734,1.33,100.0,60.6
6463,-12836.28,7960.8208,1.37,100.0,60.6
6464,-12906.62,4668.6683,1.41,98.5,60.8
6465,-12921.84,4075.984,1.32,100.0,60.8
6466,-12845.74,2575.4103,1.4,100.0,60.9
6467,-12932.74,1082.8743,1.42,98.4,61.1
6468,-12872.33,1053.8648,1.33,100.0,61.1
6469,-12865.15,771.0043,1.38,100.0,61.1
6470,-13100.78,5982.3359,1.33,100.0,61.2
6471,-12932.75,262.9315,1.3,99.3,61.2
6472,-13131.65,5917.1115,1.29,100.0,61.2
6473,-13106.01,5295.2798,1.3,100.0,61.2
6474,-12904.49,614.7951,1.26,100.0,61.3
6475,-13326.37,10521.7117,1.36,100.0,61.3
6476,-12928.63,831.8672,1.38,100.0,60.9
6477,-13360.1,10412.1509,1.35,100.0,60.9
6478,-13371.55,9314.4932,1.39,100.0,60.9
6479,-13351.76,7765.2252,1.37,100.0,61.0
6480,-13371.63,5299.8416,1.33,100.0,61.0
6481,-12921.17,10541.6711,1.38,100.0,61.2
6482,-12950.31,7632.1959,1.45,98.9,61.3
6483,-12935.48,7762.009,1.39,100.0,61.5
6484,-12976.18,3729.0016,1.36,100.0,61.2
6485,-12930.32,2088.1903,1.38,100.0,61.2
6486,-12939.77,975.0011,1.29,100.0,61.1
6487,-13143.47,6526.4242,1.33,100.0,61.2
6488,-12910.68,503.1329,1.33,100.0,61.2
6489,-12847.99,722.9255,1.38,100.0,61.3
6490,-12829.06,473.3516,1.4,100.0,61.3
6491,-13124.88,6507.0431,1.64,100.0,61.2
6492,-12851.8,383.7872,1.37,98.5,61.3
6493,-13119.84,6471.1526,1.32,100.0,61.3
6494,-13161.95,15890.0703,1.39,100.0,61.3
6495,-13474.01,18154.6006,1.31,100.0,61.4
6496,-13092.01,5640.8125,1.34,100.0,61.3
6497,-13094.78,5289.1887,1.35,100.0,61.3
6498,-12822.5,2618.4912,1.35,100.0,61.5
6499,-12893.01,1369.1882,1.28,100.0,61.4
6500,-13279.01,15123.3718,1.28,100.0,61.5
6501,-12855.77,851.0517,1.28,100.0,61.6
6502,-12914.93,304.9796,1.33,100.0,61.5
6503,-13287.4,17352.5981,1.31,100.0,61.3
6504,-12905.09,140.2157,1.3,100.0,61.3
6505,-12930.83,116.7532,1.3,100.0,61.3
6506,-12929.49,173.9992,1.36,100.0,61.4
6507,-12977.96,174.8278,1.33,100.0,61.4
6508,-13331.16,17820.2959,1.38,100.0,61.5
6509,-12901.14,1073.3074,1.44,99.0,61.0
6510,-13273.51,14503.0144,1.38,99.4,61.0
6511,-12937.28,1372.1945,1.35,100.0,60.9
6512,-12954.05,1201.2579,1.3,100.0,61.1
6513,-12919.1,1023.9031,1.3,100.0,61.1
6514,-12945.39,172.4323,1.35,100.0,61.1
6515,-12892.1,215.7954,1.35,100.0,60.8
6516,-13479.57,24365.3418,1.32,100.0,60.7
6517,-13222.98,17859.042,1.36,100.0,60.7
6518,-13180.4,15225.0854,1.38,100.0,60.8
6519,-13220.81,16297.6067,1.31,100.0,60.8
6520,-13199.4,12734.5273,1.29,100.0,60.8
6521,-13211.03,12202.7822,1.33,100.0,60.8
6522,-12869.5,5346.759,1.33,100.0,60.9
6523,-12975.48,3896.5302,1.4,100.0,60.9
6524,-12911.81,4408.3472,1.37,100.0,61.2
6525,-12900.92,3144.4827,1.29,100.0,61.1
6526,-12858.0,2357.1914,1.34,100.0,61.2
6527,-12816.68,1771.9634,1.39,100.0,61.3
6528,-12856.41,707.3974,1.28,100.0,61.3
6529,-12954.23,661.0442,1.35,100.0,61.3
6530,-12825.49,439.2807,1.39,100.0,61.3
6531,-12809.99,668.7942,1.3,100.0,61.3
6532,-13506.11,23195.3325,1.35,100.0,61.4
6533,-13564.46,21319.8779,1.31,100.0,61.4
6534,-13137.48,7199.0219,1.3,100.0,61.4
6535,-12860.16,2039.9109,1.36,100.0,61.5
6536,-13167.46,6442.7977,1.31,100.0,61.6
6537,-13512.02,15900.0876,1.31,100.0,61.6
6538,-13469.93,15671.4661,1.37,100.0,61.6
6539,-12829.78,5839.778,1.31,100.0,61.7
6540,-12813.09,6783.5331,1.32,100.0,61.7
6541,-12901.7,4405.3389,1.41,100.0,61.6
6542,-13189.94,13819.4937,1.35,100.0,61.6
6543,-12843.09,3344.1674,1.33,100.0,61.7
6544,-12820.09,2609.6547,1.33,100.0,61.7
6545,-13128.61,5134.2635,1.27,100.0,61.7
6546,-13213.03,5655.1157,1.27,100.0,61.7
6547,-12822.0,1435.2616,1.36,100.0,61.7
6548,-12881.76,930.8077,1.35,100.0,61.3
6549,-13192.74,14133.0471,1.37,100.0,61.4
6550,-12815.27,1171.7338,1.42,99.7,61.4
6551,-12852.49,772.8572,1.39,99.9,61.6
6552,-13522.84,22384.1562,1.32,100.0,61.6
6553,-12869.23,624.17,1.35,100.0,61.6
6554,-12817.96,466.2003,1.32,100.0,61.7
6555,-12915.35,395.4094,1.36,100.0,61.4
6556,-12834.05,230.6362,1.39,99.3,61.6
6557,-12855.85,138.9083,1.41,100.0,61.6
6558,-12869.33,137.5286,1.34,100.0,61.7
6559,-12866.52,254.9482,1.31,100.0,61.5
6560,-13067.01,7613.4011,1.3,100.0,61.7
6561,-12888.76,156.1267,1.36,100.0,61.7
6562,-12848.33,215.885,1.37,100.0,61.7
6563,-12882.22,225.8347,1.34,100.0,61.7
6564,-12881.56,206.4623,1.36,100.0,61.8
6565,-12864.71,105.1777,1.4,100.0,61.9
6566,-13055.92,6655.4677,1.41,100.0,62.0
6567,-13074.48,5854.8011,1.35,100.0,62.0
6568,-13096.77,5505.2451,1.34,100.0,61.9
6569,-13415.57,15999.5698,1.25,100.0,62.0
6570,-13078.53,4566.5328,1.31,100.0,62.0
6571,-13065.16,4274.5105,1.34,100.0,61.9
6572,-12807.09,3310.9807,1.3,100.0,61.9
6573,-12807.09,2491.042,1.35,100.0,61.5
6574,-12801.84,2486.0555,1.32,100.0,61.5
6575,-12773.77,1536.5638,1.3,100.0,61.5
6576,-13133.1,6792.2815,1.33,100.0,61.7
6577,-12866.34,934.9866,1.33,100.0,61.7
6578,-12799.24,649.4977,1.31,100.0,61.8
6579,-12802.02,465.11,1.35,100.0,61.8
6580,-12796.55,466.7241,1.32,100.0,61.8
6581,-12782.6,300.0408,1.29,100.0,61.8
6582,-12871.71,618.4963,1.38,100.0,61.9
6583,-12786.81,315.1672,1.44,99.7,62.1
6584,-13042.15,6992.9852,1.32,100.0,62.1
6585,-13414.08,15767.5347,1.41,100.0,62.1
6586,-13397.29,14011.6648,1.33,100.0,62.1
6587,-13375.47,11184.1506,1.25,100.0,62.2
6588,-13353.85,8391.2349,1.33,99.6,62.3
6589,-13374.25,6921.3911,1.33,100.0,62.3
6590,-13076.85,9674.1802,1.34,100.0,62.4
6591,-13114.58,9376.3125,1.39,100.0,62.5
6592,-12823.06,11287.3975,1.29,100.0,62.4
6593,-13109.12,6783.6592,1.29,100.0,62.5
6594,-13126.06,4946.066,1.37,100.0,62.6
6595,-13128.55,4861.2858,1.28,100.0,62.6
6596,-12846.72,3403.8765,1.32,100.0,62.6
6597,-12839.97,2397.7456,1.46,100.0,62.6
6598,-12852.07,1500.7865,1.33,100.0,62.6
6599,-12829.97,1546.2572,1.38,100.0,62.7
6600,-12831.19,892.6122,1.41,100.0,62.8
6601,-13174.25,8977.981,1.44,100.0,62.7
6602,-12802.95,614.8044,1.31,100.0,62.8
6603,-12816.82,607.4045,1.32,100.0,62.9
6604,-13079.94,7105.0909,1.32,100.0,62.8
6605,-12773.93,467.7894,1.29,100.0,62.8
6606,-12863.78,327.6842,1.34,100.0,62.9
6607,-12798.13,210.8805,1.26,100.0,62.9
6608,-12860.65,198.572,1.29,100.0,62.9
6609,-13087.65,6705.8458,1.39,100.0,63.0
6610,-13084.92,5357.4001,1.33,100.0,63.1
6611,-13045.1,4385.405,1.4,100.0,63.1
6612,-13040.35,3627.1138,1.44,100.0,63.2
6613,-13038.03,2721.3136,1.31,100.0,63.2
6614,-13055.89,2574.9679,1.3,100.0,62.8
6615,-13080.11,2837.005,1.29,100.0,62.9
6616,-13100.54,2111.0097,1.33,100.0,62.9
6617,-13058.71,1549.6306,1.36,100.0,62.9
6618,-13062.63,674.7715,1.45,99.6,62.3
6619,-13103.23,621.9564,1.33,99.4,62.3
6620,-12995.02,1142.1131,1.3,100.0,62.3
6621,-12981.76,1077.9582,1.3,100.0,62.4
6622,-12946.0,849.7502,1.26,100.0,62.3
6623,-12964.17,539.243,1.32,99.9,62.3
6624,-13030.66,607.7116,1.32,100.0,62.4
6625,-12799.98,6396.0747,1.27,100.0,61.9
6626,-12827.18,4604.5634,1.3,100.0,61.9
6627,-12798.45,4021.5466,1.26,100.0,62.0
6628,-12841.02,2725.2094,1.3,100.0,62.0
6629,-12782.62,2504.3403,1.35,99.3,62.0
6630,-12827.22,2118.3241,1.41,98.1,62.1
6631,-13028.64,4166.1489,1.33,100.0,62.1
6632,-12844.77,1708.2888,1.34,100.0,62.1
6633,-13048.19,3628.2044,1.33,100.0,62.2
6634,-13043.16,3194.3788,1.28,100.0,62.2
6635,-13015.31,2656.9391,1.37,100.0,62.3
6636,-13018.55,2149.6437,1.36,100.0,62.3
6637,-13034.55,1629.5255,1.35,100.0,62.2
6638,-12789.84,3778.5162,1.4,100.0,62.3
6639,-12781.64,2747.2839,1.43,100.0,62.3
6640,-12805.49,2500.8279,1.34,100.0,62.1
6641,-12781.37,2018.782,1.35,100.0,62.2
6642,-12792.38,1651.5254,1.29,100.0,62.2
6643,-13038.43,5695.1642,1.27,100.0,62.1
6644,-13416.38,25997.4976,1.35,99.6,62.2
6645,-12793.16,781.8795,1.38,99.9,62.1
6646,-12807.67,570.0793,1.33,100.0,62.2
6647,-12819.94,425.8371,1.33,100.0,61.9
6648,-13062.67,7366.2196,1.3,100.0,62.0
6649,-13109.2,7673.537,1.3,100.0,61.9
6650,-13120.12,6952.5806,1.32,100.0,62.0
6651,-13101.06,4943.4231,1.29,100.0,62.1
6652,-12882.46,1751.8448,1.3,100.0,62.1
6653,-12902.58,2266.0834,1.33,100.0,62.1
6654,-12922.99,1363.2984,1.31,100.0,62.1
6655,-13156.71,4303.12,1.31,100.0,62.2
6656,-12960.38,1485.7759,1.35,100.0,62.2
6657,-12908.93,654.1911,1.27,100.0,62.2
6658,-12890.24,287.4916,1.3,100.0,62.3
6659,-13122.51,6860.5115,1.31,100.0,62.3
6660,-12879.4,146.9055,1.36,100.0,62.4
6661,-13125.03,6803.2871,1.44,97.0,62.4
6662,-12863.82,280.3168,1.46,98.1,62.4
6663,-12875.55,191.0294,1.39,100.0,62.4
6664,-12942.09,307.6954,1.4,100.0,62.5
6665,-12830.34,180.6982,1.38,100.0,62.6
6666,-12821.44,145.6892,1.31,100.0,62.5
6667,-13111.03,8361.829,1.3,100.0,62.1
6668,-13106.63,7901.2736,1.34,100.0,62.1
6669,-12839.11,114.1893,1.4,100.0,62.1
6670,-12831.43,58.5721,1.32,100.0,62.2
6671,-12841.04,41.6756,1.33,100.0,62.3
6672,-12826.7,23.1201,1.3,100.0,62.3
6673,-12843.91,117.3818,1.28,100.0,62.2
6674,-12852.47,32.9917,1.27,100.0,62.3
6675,-12913.7,214.7242,1.3,100.0,62.3
6676,-12848.84,156.9306,1.34,100.0,62.4
6677,-13042.91,6634.8213,1.33,100.0,62.5
6678,-13320.94,11186.7483,1.34,100.0,62.6
6679,-13299.69,9339.1389,1.3,100.0,62.4
6680,-13324.72,7799.192,1.33,100.0,62.4
6681,-13332.56,5940.9052,1.35,100.0,62.5
6682,-12963.55,11119.4165,1.36,100.0,62.5
6683,-12999.69,11907.0012,1.41,100.0,62.5
6684,-12979.62,10434.5039,1.4,100.0,62.7
6685,-13013.98,7148.1334,1.32,100.0,62.7
6686,-13041.76,5845.6379,1.37,100.0,62.7
6687,-13038.5,4868.807,1.33,100.0,62.6
6688,-13375.11,7913.6871,1.3,100.0,62.7
6689,-13080.43,10019.6191,1.31,100.0,62.8
6690,-13086.8,8336.5391,1.32,100.0,62.9
6691,-13015.15,3438.9527,1.26,100.0,62.9
6692,-13009.96,3391.0712,1.3,100.0,62.8
6693,-12769.74,4281.8466,1.37,100.0,62.8
6694,-12810.56,3170.3243,1.3,100.0,62.9
6695,-12797.3,2151.9458,1.44,100.0,63.0
6696,-12818.99,1428.1415,1.44,97.7,63.1
6697,-12797.42,1084.3769,1.31,100.0,63.1
6698,-13181.67,18749.3218,1.42,100.0,63.0
6699,-12770.57,698.5513,1.39,100.0,63.1
6700,-13124.14,14886.9998,1.27,100.0,63.1
6701,-12763.84,828.3827,1.39,99.2,63.2
6702,-12763.68,607.767,1.4,100.0,63.3
6703,-13082.97,8419.2115,1.34,100.0,63.1
6704,-13053.11,8027.9543,1.45,100.0,63.2
6705,-13069.7,6944.7242,1.44,96.7,63.1
6706,-13421.98,21525.5679,1.31,100.0,63.2
6707,-13142.63,14986.4114,1.31,100.0,63.3
6708,-12802.09,2758.8852,1.3,100.0,63.3
6709,-12774.36,3499.0211,1.29,100.0,63.3
6710,-12781.05,2921.661,1.35,100.0,63.3
6711,-12760.64,2242.6044,1.36,100.0,63.4
6712,-12772.09,979.6261,1.28,100.0,63.0
6713,-13110.64,13636.7278,1.3,100.0,63.1
6714,-12760.16,445.0034,1.28,100.0,63.0
6715,-12746.53,375.6375,1.31,100.0,63.1
6716,-13072.46,10225.0024,1.32,100.0,63.1
6717,-13088.63,9669.0522,1.35,100.0,63.2
6718,-13065.56,8161.9602,1.38,100.0,63.3
6719,-12883.27,197.2685,1.47,94.8,63.3
6720,-12893.01,250.6211,1.4,100.0,63.2
6721,-13405.59,19738.3267,1.32,100.0,63.3
6722,-13426.39,18744.0054,1.32,100.0,63.3
6723,-13381.84,14019.3994,1.34,100.0,63.3
6724,-13094.98,9345.1626,1.32,100.0,63.4
6725,-13405.87,9627.6863,1.33,100.0,63.4
6726,-13381.91,6439.9569,1.34,100.0,63.4
6727,-13378.44,4532.7889,1.36,100.0,63.5
6728,-13358.01,4032.7889,1.37,100.0,63.5
6729,-13105.12,8940.3364,1.29,100.0,63.5
6730,-13109.5,7421.4406,1.42,100.0,63.5
6731,-13105.45,6555.6482,1.44,100.0,63.6
6732,-13137.43,4446.0998,1.36,100.0,63.6
6733,-12808.92,9854.093,1.29,100.0,63.7
6734,-12792.24,7226.528,1.3,100.0,63.8
6735,-12795.11,5417.4,1.28,100.0,63.7
6736,-12819.18,3576.4714,1.33,100.0,63.7
6737,-12790.25,2960.5616,1.3,100.0,63.8
6738,-13135.38,10712.458,1.3,100.0,63.7
6739,-13141.73,12538.7563,1.36,100.0,63.8
6740,-13136.25,10101.8103,1.39,100.0,63.9
6741,-13080.84,7407.022,1.28,100.0,63.8
6742,-13118.84,7576.8779,1.33,100.0,63.9
6743,-13102.51,5341.6359,1.4,100.0,64.0
6744,-13118.51,4670.6002,1.41,100.0,64.0
6745,-12727.68,10322.0156,1.44,100.0,64.0
6746,-12738.5,9605.1284,1.47,96.0,64.0
6747,-12745.21,8515.7742,1.36,99.8,64.1
6748,-13061.73,9793.0056,1.32,100.0,64.1
6749,-13132.78,4435.3033,1.32,100.0,64.2
6750,-13139.29,5605.1147,1.31,100.0,64.2
6751,-12768.9,5825.7729,1.3,100.0,64.1
6752,-12788.09,4628.7773,1.32,99.7,64.2
6753,-12791.18,3723.1629,1.31,100.0,64.3
6754,-12759.39,3485.4652,1.28,100.0,64.3
6755,-13087.87,10396.8499,1.26,100.0,64.3
6756,-13052.89,10055.7664,1.28,100.0,63.8
6757,-13050.44,9344.103,1.31,100.0,63.8
6758,-13037.43,8204.473,1.33,100.0,63.8
6759,-13037.61,6922.1882,1.41,100.0,63.8
6760,-12749.47,4273.7072,1.41,97.5,63.9
6761,-12783.77,3156.1968,1.34,99.9,63.5
6762,-12759.07,2740.6758,1.4,100.0,63.5
6763,-12789.84,1470.2053,1.32,100.0,63.5
6764,-13130.24,13784.2783,1.32,100.0,63.5
6765,-13119.64,12677.2856,1.31,100.0,63.7
6766,-13147.0,12942.8074,1.34,100.0,63.7
6767,-13215.62,10577.3726,1.37,100.0,63.6
6768,-12790.28,2049.3087,1.35,100.0,63.6
6769,-12799.56,1942.2162,1.21,100.0,63.7
6770,-12825.22,1305.0925,1.28,100.0,63.8
6771,-12833.61,787.6368,1.36,100.0,63.9
6772,-12836.06,543.0668,1.28,100.0,63.8
6773,-12918.97,917.2016,1.4,100.0,63.7
6774,-12778.38,412.5062,1.44,97.6,64.2
6775,-12901.35,651.1732,1.31,100.0,63.8
6776,-12896.61,403.8052,1.38,100.0,64.0
6777,-12832.35,196.2465,1.36,100.0,64.1
6778,-12882.19,216.9955,1.27,100.0,64.0
6779,-13265.21,19228.5747,1.36,100.0,64.1
6780,-13402.84,13573.6479,1.43,100.0,64.3
6781,-12947.99,118.37,1.3,100.0,64.3
6782,-13007.11,233.0921,1.37,100.0,64.4
6783,-13412.75,10125.9031,1.36,100.0,64.0
6784,-13115.33,412.7627,1.24,99.9,63.6
6785,-13028.24,980.8571,1.31,100.0,63.6
6786,-13111.33,367.2635,1.31,100.0,63.7
6787,-12987.22,482.8977,1.3,100.0,63.7
6788,-12963.35,311.2228,1.36,100.0,63.7
6789,-13282.65,14810.6858,1.35,100.0,63.8
6790,-12971.1,312.8185,1.31,100.0,63.7
6791,-12981.8,108.4379,1.38,100.0,63.7
6792,-12922.41,313.9705,1.42,100.0,63.8
6793,-12923.84,310.2001,1.33,100.0,63.8
6794,-12848.44,455.1086,1.39,100.0,63.9
6795,-12905.07,96.8216,1.42,99.9,64.1
6796,-12824.93,327.9064,1.36,100.0,64.1
6797,-12825.63,277.2198,1.43,100.0,64.0
6798,-12811.99,134.038,1.41,100.0,64.0
6799,-12827.21,147.2079,1.28,100.0,64.0
6800,-12861.23,160.6628,1.32,100.0,64.1
6801,-12868.92,81.8584,1.35,100.0,64.2
6802,-13226.54,17700.9102,1.4,100.0,64.7
6803,-13451.56,22356.896,1.36,100.0,64.7
6804,-13426.62,18305.7261,1.31,100.0,64.7
6805,-13449.37,15275.6389,1.28,100.0,64.7
6806,-13489.55,14816.1926,1.32,100.0,64.8
6807,-13292.18,3726.644,1.24,100.0,64.6
6808,-13304.74,3601.5022,1.3,100.0,64.6
6809,-13494.17,10166.3733,1.39,100.0,64.6
6810,-13183.75,13254.53,1.3,100.0,64.6
6811,-13171.09,11482.7883,1.4,100.0,64.7
6812,-13180.99,9940.1631,1.43,99.8,64.8
6813,-13196.5,7932.5226,1.32,100.0,64.8
6814,-13205.81,6698.7759,1.32,100.0,64.8
6815,-12844.59,7306.033,1.41,100.0,64.7
6816,-12864.47,5582.8092,1.33,100.0,64.7
6817,-12857.12,4993.3369,1.35,100.0,64.8
6818,-12860.2,3542.9825,1.47,100.0,64.8
6819,-12885.98,2396.9702,1.35,100.0,64.7
6820,-12897.62,1753.5189,1.34,100.0,64.9
6821,-12892.93,1794.7782,1.32,100.0,64.9
6822,-12857.59,1353.1365,1.31,100.0,64.8
6823,-12813.94,1466.2452,1.31,100.0,64.9
6824,-12838.47,849.8329,1.3,100.0,65.0
6825,-12845.7,610.4961,1.28,100.0,64.9
6826,-13186.19,15822.1191,1.31,100.0,64.5
6827,-13188.47,14511.4045,1.28,100.0,64.6
6828,-12796.57,830.0859,1.29,100.0,64.6
6829,-12821.84,709.2306,1.38,100.0,64.7
6830,-12832.69,387.3415,1.47,100.0,64.7
6831,-13155.9,13175.2649,1.37,100.0,64.7
6832,-12832.51,149.9965,1.41,100.0,64.7
6833,-13163.28,15432.9939,1.35,100.0,64.8
6834,-12903.22,178.4467,1.31,100.0,64.8
6835,-13368.38,10455.4651,1.38,100.0,64.8
6836,-12833.77,929.9773,1.42,100.0,64.9
6837,-12919.12,926.4821,1.38,100.0,65.0
6838,-12812.89,940.4095,1.4,100.0,65.2
6839,-12845.87,248.2423,1.5,99.7,65.3
6840,-12816.41,99.8287,1.35,99.8,65.3
6841,-12819.57,311.421,1.29,100.0,65.4
6842,-13154.37,17098.9072,1.32,100.0,65.4
6843,-13175.65,17111.8933,1.29,100.0,65.4
6844,-13157.51,13562.1179,1.33,100.0,65.5
6845,-13431.44,18103.855,1.32,100.0,65.4
6846,-13166.25,12119.9553,1.3,100.0,65.5
6847,-13425.21,12829.3154,1.33,100.0,65.4
6848,-13155.56,10864.2615,1.31,100.0,65.5
6849,-13159.55,8551.2177,1.28,99.9,65.4
6850,-12835.37,8789.0029,1.39,99.9,65.5
6851,-12833.31,7516.1691,1.38,98.9,65.7
6852,-13131.92,7049.7499,1.32,100.0,65.7
6853,-13127.36,5932.0331,1.36,100.0,65.8
6854,-12854.48,2002.1689,1.36,100.0,65.8
6855,-12857.84,1134.6684,1.3,100.0,65.8
6856,-12853.38,590.9885,1.34,100.0,65.8
6857,-12854.89,515.7767,1.39,100.0,65.9
6858,-12819.42,585.1728,1.31,100.0,65.9
6859,-13158.21,14025.6924,1.4,100.0,66.0
6860,-13147.52,12681.4641,1.41,99.9,66.0
6861,-13160.45,13167.0867,1.41,99.2,66.2
6862,-13145.52,9881.5107,1.36,100.0,66.2
6863,-12813.83,3616.1967,1.32,100.0,66.2
6864,-12820.39,4071.2636,1.27,100.0,66.3
6865,-12831.26,3043.2291,1.33,100.0,66.3
6866,-12816.14,2340.2615,1.31,100.0,66.1
6867,-13104.31,7047.1023,1.29,100.0,66.2
6868,-13100.86,7175.4711,1.33,100.0,66.2
6869,-12795.71,1438.165,1.32,100.0,66.2
6870,-12798.47,1022.2838,1.26,100.0,66.3
6871,-12806.54,667.2367,1.3,100.0,66.4
6872,-12828.32,539.0777,1.33,100.0,66.3
6873,-12833.52,339.5354,1.33,100.0,66.4
6874,-12861.85,556.9292,1.38,100.0,66.2
6875,-12859.59,163.4842,1.45,100.0,66.3
6876,-12823.57,437.3096,1.38,100.0,66.4
6877,-13425.59,18459.7383,1.34,100.0,66.4
6878,-13061.83,6273.6044,1.3,100.0,66.4
6879,-13080.58,5612.4868,1.36,100.0,66.5
6880,-12818.59,2004.1416,1.37,100.0,66.6
6881,-12821.14,2220.6243,1.32,100.0,66.6
6882,-12813.09,1396.1433,1.36,100.0,66.5
6883,-12838.94,645.0777,1.36,100.0,66.6
6884,-12867.21,214.6853,1.28,100.0,66.6
6885,-12878.05,171.0829,1.3,100.0,66.7
6886,-12907.28,232.0709,1.28,100.0,66.7
6887,-12889.16,85.8015,1.32,100.0,66.1
6888,-12875.06,66.1429,1.3,100.0,66.1
6889,-12899.96,47.2394,1.31,100.0,66.2
6890,-12935.32,286.6316,1.33,100.0,65.7
6891,-12926.31,160.7407,1.31,100.0,65.7
6892,-13446.41,19687.8389,1.34,100.0,65.7
6893,-13424.67,16977.1753,1.36,100.0,65.9
6894,-13405.98,14380.8167,1.34,100.0,65.6
6895,-13385.38,10472.8584,1.43,100.0,65.6
6896,-13403.56,10573.6296,1.43,99.6,65.6
6897,-13367.21,8952.9773,1.37,99.8,65.6
6898,-13041.09,8398.2131,1.36,100.0,65.8
6899,-13036.57,8618.7556,1.34,100.0,65.8
6900,-13040.82,7433.3702,1.28,100.0,65.7
6901,-13037.13,5489.5955,1.31,100.0,65.7
6902,-13329.77,5443.0302,1.34,100.0,65.7
6903,-12970.68,4247.3334,1.3,100.0,65.7
6904,-12984.42,3252.7308,1.31,100.0,65.8
6905,-13376.19,8381.9441,1.28,100.0,65.8
6906,-13358.27,6465.7509,1.26,100.0,65.9
6907,-13205.39,10815.8225,1.29,100.0,65.8
6908,-12916.0,8049.2867,1.33,100.0,65.4
6909,-12947.97,6731.5107,1.29,100.0,65.4
6910,-12940.94,5417.5548,1.35,100.0,65.4
6911,-12948.04,3131.1039,1.31,100.0,65.5
6912,-12939.25,1755.654,1.29,100.0,65.5
6913,-13199.72,12931.4631,1.46,100.0,65.5
6914,-13093.98,4875.5563,1.39,100.0,65.6
6915,-13008.35,3463.0582,1.28,100.0,65.7
6916,-13402.96,13512.9888,1.36,100.0,65.7
6917,-12860.19,2430.888,1.38,100.0,65.9
6918,-12859.05,2308.5183,1.31,100.0,65.7
6919,-13079.25,3183.6174,1.46,99.6,65.7
6920,-12850.52,2140.8776,1.44,100.0,65.8
6921,-12818.01,1902.327,1.32,100.0,65.8
6922,-13093.56,3748.9879,1.37,100.0,65.9
6923,-13078.08,3709.7547,1.32,100.0,65.9
6924,-12860.04,1237.2874,1.25,97.8,65.5
6925,-12868.02,894.3642,1.31,100.0,65.5
6926,-12839.91,913.6752,1.37,100.0,65.6
6927,-13102.04,5261.7848,1.29,100.0,65.1
6928,-13144.24,6122.2479,1.43,100.0,65.2
6929,-13107.75,4947.549,1.39,100.0,65.2
6930,-13088.61,3945.4391,1.3,100.0,65.1
6931,-13090.83,2905.5779,1.38,100.0,65.2
6932,-13112.95,2422.5589,1.42,100.0,65.3
6933,-13056.91,2384.6329,1.3,100.0,65.3
6934,-13071.26,1515.095,1.35,100.0,65.4
6935,-13034.06,1076.0138,1.35,100.0,65.5
6936,-13062.7,937.9819,1.29,100.0,65.3
6937,-13211.8,5536.0565,1.33,100.0,65.3
6938,-13579.99,16145.4468,1.31,100.0,65.4
6939,-13583.74,14288.7654,1.29,100.0,65.4
6940,-13577.18,11751.9377,1.32,100.0,65.3
6941,-13563.76,10518.7175,1.28,100.0,65.4
6942,-13594.05,8814.2418,1.34,100.0,65.3
6943,-13215.22,12505.9768,1.38,97.6,65.5
6944,-13304.81,9428.6477,1.32,100.0,65.5
6945,-13354.58,5980.6312,1.3,100.0,65.5
6946,-13238.41,8611.4305,1.4,100.0,65.6
6947,-13261.05,6450.0231,1.32,99.3,65.7
6948,-13360.47,4719.3156,1.28,100.0,65.6
6949,-13369.44,5635.2106,1.36,100.0,65.5
6950,-13373.13,4230.1287,1.32,100.0,65.7
6951,-13072.59,6257.332,1.37,100.0,65.7
6952,-13354.14,6854.9238,1.42,99.9,65.9
6953,-13302.31,6870.1663,1.38,100.0,65.9
6954,-13372.63,4673.0603,1.36,100.0,66.0
6955,-13145.39,12170.4971,1.37,100.0,65.9
6956,-13207.82,11325.1577,1.3,100.0,66.0
6957,-12815.31,8311.0369,1.35,100.0,66.3
6958,-12890.63,4429.791,1.39,99.5,66.7
6959,-12834.95,4042.7334,1.35,100.0,66.6
6960,-12874.95,2663.5184,1.37,100.0,66.8
6961,-12894.74,1832.8558,1.33,100.0,66.7
6962,-12831.15,1549.7995,1.32,100.0,66.7
6963,-13021.82,4168.8354,1.32,100.0,66.7
6964,-13088.27,4318.4945,1.37,100.0,66.8
6965,-12852.05,722.9106,1.36,100.0,66.8
6966,-13054.01,2899.8341,1.4,100.0,66.8
6967,-12845.62,755.8956,1.4,100.0,66.9
6968,-12842.59,623.5949,1.37,100.0,67.0
6969,-12834.57,426.8889,1.32,100.0,67.0
6970,-12836.14,361.6965,1.32,100.0,67.1
6971,-12831.54,199.7118,1.28,100.0,67.0
6972,-12831.54,129.5483,1.31,100.0,67.0
6973,-12882.85,212.6981,1.4,100.0,67.1
6974,-13427.15,22837.5542,1.34,100.0,67.2
6975,-13196.43,15890.8022,1.35,100.0,67.3
6976,-13398.86,18218.0039,1.32,100.0,67.4
6977,-12859.05,1579.279,1.29,100.0,67.3
6978,-12837.95,2633.2635,1.33,100.0,67.4
6979,-13050.35,3832.7068,1.36,100.0,67.3
6980,-12858.91,1475.5369,1.37,100.0,67.4
6981,-12840.9,1018.295,1.39,100.0,67.5
6982,-13214.83,14869.6169,1.49,100.0,67.5
6983,-12851.82,455.135,1.31,100.0,67.4
6984,-12896.73,210.9695,1.33,100.0,67.5
6985,-12845.37,105.5961,1.36,100.0,67.5
6986,-12846.06,100.8517,1.3,100.0,67.6
6987,-12862.35,137.6463,1.32,100.0,67.5
6988,-13241.3,11802.9583,1.33,100.0,67.6
6989,-13235.43,10637.6582,1.28,100.0,67.5
6990,-13624.25,22082.5537,1.32,100.0,67.6
6991,-13260.09,11976.2695,1.35,100.0,67.6
6992,-13049.47,3615.8851,1.33,100.0,67.7
6993,-13003.33,4237.8417,1.33,100.0,67.8
6994,-13015.25,3339.2561,1.32,100.0,67.8
6995,-13239.08,7214.2725,1.38,100.0,67.9
6996,-12837.29,2716.3946,1.38,100.0,67.9
6997,-12820.39,2073.972,1.4,100.0,67.4
6998,-12820.37,1207.7798,1.38,100.0,67.5
6999,-12822.84,738.6088,1.37,100.0,67.5
7000,-12891.18,1174.025,1.45,100.0,67.5
7001,-12793.0,357.4346,1.38,100.0,67.6
7002,-12869.33,655.6615,1.3,100.0,67.6
7003,-12847.57,262.8322,1.31,100.0,67.6
7004,-12847.95,180.8706,1.27,100.0,67.6
7005,-12834.2,98.0797,1.33,100.0,67.6
7006,-13201.09,17907.9736,1.32,100.0,67.7
7007,-13211.52,17660.5601,1.32,100.0,67.8
7008,-13221.09,17906.0972,1.33,100.0,67.9
7009,-12837.35,443.7033,1.26,100.0,67.7
7010,-12862.35,427.3463,1.3,100.0,67.8
7011,-12851.1,267.0092,1.37,100.0,67.9
7012,-12847.98,108.1054,1.33,99.6,68.0
7013,-12872.42,308.4313,1.3,99.7,68.2
7014,-12951.85,894.1913,1.34,100.0,68.3
7015,-12953.32,442.1956,1.3,100.0,68.2
7016,-12948.69,262.9429,1.26,100.0,67.8
7017,-12970.23,251.397,1.32,100.0,67.6
7018,-12933.94,231.6115,1.34,100.0,67.6
7019,-12875.99,205.395,1.34,100.0,67.6
7020,-12928.12,56.1512,1.34,100.0,67.7
7021,-13173.14,12187.8171,1.38,100.0,67.7
7022,-13610.41,22420.4136,1.32,100.0,67.7
7023,-13583.25,18503.2695,1.32,100.0,67.8
7024,-13531.1,13869.6606,1.39,100.0,67.8
7025,-13561.17,11791.8887,1.37,99.3,67.9
7026,-13605.49,11214.3403,1.4,100.0,68.0
7027,-13567.06,8306.4803,1.47,100.0,68.2
7028,-13608.69,8342.8574,1.32,100.0,68.0
7029,-13587.85,6297.4861,1.29,100.0,68.0
7030,-13639.9,6655.8583,1.31,100.0,68.0
7031,-13639.38,5751.2836,1.3,100.0,67.5
7032,-13739.35,6510.9899,1.37,100.0,67.6
7033,-12916.44,24385.6523,1.35,100.0,67.8
7034,-13241.71,6681.7007,1.29,100.0,67.8
7035,-13068.8,17147.866,1.31,100.0,67.8
7036,-13179.09,5976.6323,1.3,100.0,67.8
7037,-13258.37,4728.9756,1.25,100.0,67.9
7038,-13294.31,3227.5648,1.29,100.0,67.9
7039,-12912.84,12065.8472,1.42,100.0,68.0
7040,-12976.24,10001.1216,1.3,100.0,68.0
7041,-12918.05,7738.243,1.46,100.0,68.0
7042,-12917.15,6246.588,1.4,100.0,68.1
7043,-12877.69,5655.7217,1.3,100.0,68.1
7044,-13173.7,9066.7081,1.4,100.0,68.2
7045,-13181.58,12236.7983,1.37,100.0,68.2
7046,-13132.45,6227.7601,1.31,100.0,68.2
7047,-13165.65,4670.1194,1.4,100.0,68.2
7048,-13244.41,4094.3467,1.37,100.0,67.9
7049,-13225.5,2837.5809,1.31,100.0,67.9
7050,-13253.55,2181.4139,1.47,100.0,68.0
7051,-13270.18,2017.0889,1.48,99.7,68.4
7052,-13011.96,10085.5161,1.31,100.0,68.2
7053,-12996.94,10359.0461,1.37,100.0,68.2
7054,-12993.97,8818.9093,1.37,100.0,68.3
7055,-13005.41,6226.6401,1.33,100.0,68.3
7056,-12954.78,4491.0533,1.33,100.0,68.3
7057,-13243.8,4611.5488,1.41,100.0,68.3
7058,-13238.42,4529.5906,1.33,100.0,68.4
7059,-13227.98,2624.6052,1.3,100.0,68.3
7060,-13250.31,2439.3652,1.29,100.0,68.4
7061,-13244.89,2021.6486,1.3,100.0,68.5
7062,-13286.97,1899.172,1.3,100.0,68.5
7063,-12986.9,9840.2112,1.3,100.0,68.4
7064,-12997.6,9827.8071,1.31,100.0,68.5
7065,-13010.2,7663.4794,1.37,100.0,68.4
7066,-13023.16,6210.8823,1.39,100.0,67.9
7067,-13030.68,5493.5026,1.35,100.0,68.0
7068,-12972.1,6199.3844,1.39,100.0,68.4
7069,-13360.16,8230.8833,1.36,100.0,68.1
7070,-13329.13,7834.9641,1.33,100.0,68.1
7071,-13406.66,7763.4408,1.34,100.0,68.1
7072,-12983.16,5244.3126,1.31,100.0,68.0
7073,-12963.37,5142.1096,1.32,100.0,68.1
7074,-13412.41,6486.053,1.36,100.0,67.7
7075,-13367.96,5647.5917,1.38,100.0,67.7
7076,-13353.42,3240.0951,1.4,100.0,67.7
7077,-12961.38,7510.668,1.43,99.8,67.8
7078,-12961.38,7633.2791,1.33,100.0,67.7
7079,-13389.43,2462.2219,1.29,100.0,67.6
7080,-13078.17,6582.3466,1.36,100.0,67.7
7081,-12992.59,5344.1735,1.43,100.0,67.7
7082,-12997.32,4905.9833,1.41,100.0,67.7
7083,-12990.08,5643.3368,1.36,100.0,67.8
7084,-13328.23,6400.1724,1.34,100.0,67.8
7085,-13330.34,5744.3678,1.34,100.0,68.0
7086,-13250.37,4003.3604,1.25,100.0,67.9
7087,-13236.3,2785.8839,1.29,100.0,68.0
7088,-13304.88,1779.9971,1.33,100.0,68.0
7089,-12918.51,8496.2499,1.3,100.0,68.0
7090,-13254.73,3848.5027,1.45,100.0,68.0
7091,-12886.6,8701.052,1.44,100.0,68.1
7092,-12869.88,7739.4967,1.32,100.0,68.0
7093,-12878.16,5504.9349,1.37,100.0,68.1
7094,-12908.11,3367.4742,1.41,100.0,68.1
7095,-12899.78,2567.5803,1.29,100.0,68.1
7096,-13307.45,9880.969,1.39,100.0,68.3
7097,-12926.93,2701.7573,1.44,100.0,68.3
7098,-12980.86,2714.7702,1.31,100.0,68.2
7099,-12889.74,2236.1862,1.31,100.0,68.2
7100,-12903.35,1925.8501,1.32,100.0,68.2
7101,-13217.41,6752.9995,1.29,100.0,68.3
7102,-13230.34,6799.5643,1.31,100.0,68.0
7103,-13205.4,4232.8609,1.29,100.0,68.0
7104,-13217.56,3208.5168,1.29,100.0,67.9
7105,-13211.27,3075.1636,1.3,100.0,67.9
7106,-13024.75,2993.8705,1.28,100.0,68.0
7107,-13098.07,2332.8168,1.33,100.0,68.1
7108,-12948.22,4075.0693,1.38,100.0,68.4
7109,-12930.0,2734.1396,1.29,100.0,68.4
7110,-12931.2,1704.2296,1.38,100.0,68.4
7111,-12962.06,890.0093,1.37,100.0,68.3
7112,-12984.48,1084.568,1.31,100.0,68.4
7113,-12958.66,8910.3276,1.44,100.0,68.6
7114,-12980.42,5753.9794,1.49,87.9,69.0
7115,-13020.03,800.0682,1.39,100.0,69.0
7116,-12963.09,2130.8669,1.35,100.0,69.0
7117,-13030.38,758.2013,1.36,100.0,69.0
7118,-13039.08,546.4859,1.27,99.5,69.1
7119,-13049.42,684.5324,1.29,100.0,69.2
7120,-13038.03,330.2298,1.38,100.0,69.2
7121,-13001.64,241.6428,1.33,100.0,69.2
7122,-13023.35,257.6966,1.35,100.0,69.2
7123,-12991.42,95.5098,1.45,100.0,69.3
7124,-13040.83,131.8193,1.48,99.0,69.4
7125,-13019.03,117.442,1.28,100.0,69.4
7126,-12963.61,264.9941,1.37,100.0,69.4
7127,-13418.02,24301.2998,1.29,100.0,69.4
7128,-13012.87,1074.4017,1.28,100.0,69.4
7129,-13037.11,754.4882,1.39,97.2,69.4
7130,-13446.36,16430.3379,1.37,100.0,69.6
7131,-13446.1,15449.1501,1.32,100.0,69.5
7132,-13092.7,3666.8335,1.35,100.0,69.6
7133,-13090.9,4050.6227,1.3,100.0,69.5
7134,-13435.19,10601.1836,1.32,100.0,69.5
7135,-12978.4,2373.9207,1.33,100.0,69.7
7136,-12993.19,1604.824,1.37,100.0,69.7
7137,-13110.17,781.6493,1.39,100.0,69.7
7138,-13025.78,677.6916,1.51,100.0,69.9
7139,-13307.6,16017.5315,1.49,98.2,69.9
7140,-13294.46,16110.4636,1.32,100.0,69.9
7141,-13292.29,14249.3804,1.37,100.0,69.9
7142,-13272.74,10146.0762,1.33,100.0,69.7
7143,-12915.4,2956.0225,1.28,100.0,69.6
7144,-13301.5,8824.8743,1.34,99.6,69.9
7145,-13333.61,8495.512,1.34,100.0,70.0
7146,-13020.41,3293.2257,1.31,100.0,69.4
7147,-13133.59,2096.6508,1.35,100.0,69.5
7148,-13015.78,1469.5667,1.28,100.0,69.6
7149,-13070.83,593.2653,1.34,100.0,69.6
7150,-12965.1,1007.6199,1.38,98.8,69.8
7151,-12980.81,405.6714,1.34,100.0,69.9
7152,-13067.87,844.7478,1.37,100.0,69.7
7153,-13164.51,1939.3737,1.53,100.0,69.9
7154,-13137.13,1201.5517,1.49,97.9,69.7
7155,-13173.74,583.8694,1.31,100.0,69.8
7156,-13191.28,406.0487,1.34,100.0,69.8
7157,-13215.53,255.6182,1.37,100.0,69.5
7158,-13198.55,315.1049,1.31,100.0,69.2
7159,-13199.98,264.4342,1.41,100.0,69.3
7160,-13213.15,393.45,1.41,100.0,69.3
7161,-13232.52,114.967,1.3,100.0,69.4
7162,-13246.92,263.1243,1.31,100.0,69.4
7163,-13177.53,294.0762,1.29,100.0,69.4
7164,-13279.84,157.5314,1.28,100.0,69.4
7165,-13194.42,153.7092,1.31,100.0,69.5
7166,-13209.7,147.0484,1.34,100.0,69.5
7167,-13274.75,439.4073,1.31,100.0,69.6
7168,-13252.74,164.146,1.42,100.0,69.6
7169,-13233.8,410.7952,1.35,100.0,69.7
7170,-13216.08,420.9375,1.34,100.0,69.6
7171,-13206.07,238.3169,1.42,99.8,69.8
7172,-13227.72,283.7866,1.37,100.0,69.8
7173,-13216.71,137.5787,1.35,100.0,69.8
7174,-13311.62,534.7831,1.43,99.9,69.8
7175,-13210.3,160.9573,1.4,100.0,69.9
7176,-13182.49,193.1663,1.31,100.0,69.9
7177,-13162.09,109.16,1.33,100.0,70.0
7178,-13372.5,12228.9944,1.27,100.0,70.0
7179,-13175.42,297.7338,1.85,98.5,70.0
7180,-13215.58,227.9572,1.4,100.0,70.0
7181,-13175.24,167.944,1.5,100.0,70.0
7182,-13144.2,134.4084,1.32,100.0,70.0
7183,-13162.7,103.6846,1.28,100.0,70.0
7184,-13162.64,120.752,1.33,100.0,70.1
7185,-13085.08,436.1644,1.33,100.0,70.2
7186,-13146.23,48.7913,1.35,100.0,70.3
7187,-13119.17,58.694,1.38,100.0,70.2
7188,-13059.68,209.7576,1.47,97.3,69.6
7189,-12892.9,1776.1021,1.36,99.9,69.6
7190,-12888.07,1177.5931,1.38,100.0,69.7
7191,-13221.5,10312.0754,1.45,100.0,69.7
7192,-13231.3,11679.6443,1.27,100.0,69.8
7193,-13244.5,10327.907,1.3,100.0,69.8
7194,-12883.92,1434.6933,1.31,100.0,69.8
7195,-12876.45,1527.8991,1.32,100.0,69.8
7196,-13197.98,7813.9675,1.36,100.0,69.8
7197,-13224.73,8770.9888,1.3,100.0,69.9
7198,-13227.91,7368.2831,1.27,100.0,69.9
7199,-13237.37,5598.5267,1.27,100.0,69.9
7200,-13262.06,4518.2311,1.29,100.0,69.9
7201,-13249.83,3556.6318,1.37,100.0,69.9
7202,-13448.59,4725.8086,1.4,99.0,70.0
7203,-13317.06,11577.5627,1.38,100.0,69.9
7204,-13116.56,8219.0962,1.39,100.0,70.0
7205,-12933.6,7549.4412,1.39,100.0,70.0
7206,-13230.23,1968.1195,1.44,100.0,70.1
7207,-12910.22,4705.0186,1.31,100.0,70.1
7208,-12946.9,2404.5606,1.31,100.0,70.1
7209,-12855.4,3768.1276,1.32,100.0,70.2
7210,-12986.96,1611.9144,1.31,100.0,70.1
7211,-12912.51,1030.8671,1.34,100.0,70.0
7212,-12920.28,837.23,1.37,100.0,69.8
7213,-13192.35,7988.1176,1.32,100.0,69.5
7214,-12852.55,2322.2232,1.38,100.0,69.5
7215,-13552.64,22521.627,1.36,100.0,69.6
7216,-12923.07,551.5364,1.33,100.0,69.6
7217,-13538.32,21397.4199,1.36,100.0,69.6
7218,-12852.55,2525.6082,1.38,100.0,69.8
7219,-12848.57,2264.6948,1.31,100.0,69.7
7220,-12841.86,1545.8727,1.32,100.0,69.7
7221,-13277.08,18213.124,1.26,100.0,69.7
7222,-13195.62,10409.4248,1.32,100.0,69.6
7223,-12926.35,187.9105,1.34,100.0,69.7
7224,-13281.59,17335.1685,1.29,100.0,69.9
7225,-12940.32,444.4372,1.36,100.0,69.9
7226,-12827.87,2040.5879,1.35,100.0,69.9
7227,-12931.72,149.8527,1.28,100.0,69.9
7228,-12852.39,1045.9556,1.33,100.0,69.9
7229,-13216.21,11533.9573,1.43,100.0,70.0
7230,-12877.87,775.8614,1.34,100.0,70.0
7231,-12886.38,421.7658,1.35,100.0,70.0
7232,-12894.26,258.7498,1.38,99.1,69.8
7233,-12903.16,198.4626,1.34,100.0,69.7
7234,-12860.14,143.3406,1.4,100.0,69.8
7235,-12968.37,500.1141,1.36,100.0,69.8
7236,-12952.72,451.1637,1.27,100.0,69.9
7237,-13282.21,19400.6592,1.36,100.0,70.0
7238,-13284.85,16374.8335,1.29,100.0,70.0
7239,-13203.53,10615.5996,1.3,100.0,69.9
7240,-13235.94,8606.0464,1.31,100.0,69.9
7241,-13232.72,6876.3873,1.3,100.0,70.0
7242,-13251.8,5689.6567,1.32,100.0,70.0
7243,-13259.47,4193.5403,1.38,100.0,70.0
7244,-12927.08,9245.6438,1.48,99.7,69.8
7245,-12958.51,6786.6621,1.4,100.0,69.8
7246,-12966.45,4378.2452,1.41,100.0,69.8
7247,-12925.06,3620.1489,1.44,100.0,70.1
7248,-13048.44,2447.2299,1.28,100.0,70.0
7249,-12944.43,1818.7867,1.33,100.0,70.1
7250,-12996.39,629.0084,1.42,100.0,70.1
7251,-13000.47,560.9257,1.34,100.0,70.1
7252,-13012.22,196.4871,1.41,100.0,70.2
7253,-12985.41,177.8309,1.48,99.2,70.4
7254,-12898.4,1170.7059,1.32,100.0,70.4
7255,-12871.12,1364.2386,1.34,100.0,70.5
7256,-12971.13,286.1197,1.29,100.0,70.5
7257,-12987.47,334.6502,1.27,100.0,70.5
7258,-12941.04,172.2935,1.31,99.9,70.5
7259,-12837.41,959.5939,1.39,100.0,70.5
7260,-13149.84,5141.9758,1.33,100.0,70.6
7261,-13219.26,5257.7545,1.41,100.0,70.6
7262,-13362.11,9944.7351,1.41,100.0,70.8
7263,-13174.82,2891.1812,1.27,100.0,70.7
7264,-12845.01,4272.1684,1.29,100.0,70.7
7265,-13158.91,1968.4002,1.37,100.0,70.4
7266,-13181.88,1513.4289,1.41,100.0,70.1
7267,-13140.12,1040.6747,1.44,98.0,70.2
7268,-13174.65,985.2326,1.41,100.0,70.4
7269,-13128.7,830.5039,1.32,100.0,70.3
7270,-13355.26,4007.8666,1.29,100.0,69.8
7271,-13155.12,557.5368,1.3,100.0,69.9
7272,-13185.88,385.9214,1.36,100.0,69.9
7273,-13189.33,360.8289,1.34,100.0,69.9
7274,-12884.95,6667.7897,1.43,100.0,69.9
7275,-12884.42,5255.2222,1.32,99.4,69.9
7276,-12882.01,4083.8049,1.4,100.0,69.9
7277,-12981.59,2796.2657,1.35,100.0,69.9
7278,-12984.98,1706.3836,1.29,100.0,70.0
7279,-12946.91,1402.0604,1.34,100.0,70.0
7280,-12940.55,1152.4051,1.37,100.0,69.5
7281,-12953.66,856.4932,1.38,100.0,69.4
7282,-12986.04,556.3344,1.37,100.0,69.5
7283,-12986.85,638.0614,1.44,97.9,70.1
7284,-12970.77,407.0819,1.36,100.0,70.0
7285,-12963.33,467.3148,1.3,100.0,70.1
7286,-12930.89,291.4872,1.32,100.0,70.1
7287,-12941.17,220.533,1.28,100.0,69.9
7288,-12888.05,123.5736,1.32,100.0,70.0
7289,-12906.57,96.0916,1.33,100.0,70.0
7290,-13084.36,6359.5652,1.26,100.0,70.0
7291,-12859.94,719.374,1.3,100.0,70.0
7292,-13170.12,5018.1381,1.32,100.0,70.0
7293,-13178.95,4291.027,1.27,100.0,70.0
7294,-13072.39,3314.3727,1.36,100.0,70.1
7295,-12867.97,2998.5972,1.39,100.0,70.5
7296,-13193.75,2803.8461,1.31,100.0,70.6
7297,-13086.57,2712.7237,1.4,100.0,70.6
7298,-13208.73,2007.0715,1.45,97.3,70.0
7299,-12870.78,3999.0075,1.29,100.0,70.0
7300,-12837.28,5164.896,1.34,100.0,70.0
7301,-12876.24,2738.8512,1.34,100.0,70.1
7302,-12911.03,1615.035,1.29,100.0,70.2
7303,-12892.19,1011.054,1.33,100.0,70.2
7304,-12882.82,1128.3424,1.38,100.0,70.2
7305,-12861.23,979.9446,1.34,100.0,70.2
7306,-12902.86,331.2388,1.36,100.0,70.2
7307,-12880.4,236.0297,1.37,100.0,70.2
7308,-13010.73,930.1166,1.29,100.0,70.2
7309,-13119.14,1922.8336,1.36,100.0,70.3
7310,-13720.42,17802.1917,1.37,100.0,70.2
7311,-13289.15,5442.4413,1.33,100.0,70.2
7312,-13335.79,4307.6797,1.32,100.0,70.2
7313,-13733.92,12498.3411,1.34,100.0,70.3
7314,-13741.33,10381.7349,1.29,100.0,70.3
7315,-13288.55,2787.8853,1.29,100.0,70.3
7316,-13283.26,2275.6198,1.35,100.0,70.3
7317,-13281.24,1552.1749,1.29,100.0,70.3
7318,-13212.27,991.3494,1.35,100.0,70.4
7319,-13663.58,11022.8108,1.47,100.0,70.4
7320,-13282.99,860.1082,1.33,100.0,70.5
7321,-13267.11,475.5155,1.36,100.0,70.5
7322,-13250.09,323.6946,1.49,97.9,70.1
7323,-13290.37,295.2312,1.37,100.0,70.1
7324,-13296.53,266.752,1.33,100.0,70.2
7325,-13305.92,123.1884,1.4,100.0,70.2
7326,-13220.84,428.7963,1.36,100.0,70.3
7327,-13122.49,1033.5226,1.27,100.0,70.3
7328,-13516.15,13969.0415,1.46,100.0,69.3
7329,-13085.91,725.5023,1.3,100.0,69.5
7330,-13057.74,747.5099,1.3,100.0,69.5
7331,-13058.29,421.9922,1.36,100.0,69.6
7332,-13552.6,13418.26,1.46,99.5,70.0
7333,-13645.66,12277.5706,1.36,100.0,69.9
7334,-13545.64,9767.8401,1.42,100.0,69.9
7335,-13582.08,6422.6812,1.44,100.0,70.0
7336,-13542.62,4015.8314,1.57,99.3,70.1
7337,-13130.82,18276.2659,1.34,100.0,70.2
7338,-13130.82,18947.8506,1.35,100.0,70.2
7339,-13205.64,12151.9949,1.34,100.0,70.1
7340,-13143.78,7119.6315,1.3,100.0,70.1
7341,-13145.78,3443.0984,1.37,99.4,70.2
7342,-13224.87,1191.6265,1.36,100.0,70.3
7343,-13135.11,533.0013,1.3,100.0,70.4
7344,-13127.21,351.2421,1.37,100.0,70.3
7345,-13200.27,307.357,1.44,99.0,70.4
7346,-13574.06,9617.0708,1.31,100.0,70.4
7347,-13155.04,719.0569,1.35,100.0,70.5
7348,-13139.94,583.6526,1.34,100.0,70.6
7349,-13113.54,411.4869,1.28,100.0,70.6
7350,-13101.41,183.8531,1.36,100.0,70.7
7351,-13070.16,186.2984,1.34,100.0,70.3
7352,-13061.28,76.4272,1.3,100.0,70.3
7353,-13055.77,55.7775,1.36,100.0,70.4
7354,-13076.18,113.8186,1.31,100.0,70.5
7355,-12995.57,490.4642,1.31,100.0,70.5
7356,-13022.43,205.743,1.34,100.0,70.6
7357,-13027.82,133.1344,1.3,100.0,70.6
7358,-13010.05,62.1787,1.33,100.0,70.6
7359,-13005.46,76.9066,1.46,99.8,70.7
7360,-12913.77,517.24,1.42,100.0,70.9
7361,-13170.75,8170.6649,1.41,100.0,70.8
7362,-13164.23,6777.6876,1.4,100.0,71.0
7363,-12872.85,805.234,1.47,99.9,71.1
7364,-12889.14,506.3858,1.28,100.0,71.1
7365,-12894.9,317.2782,1.3,100.0,71.2
7366,-13211.14,8352.8881,1.3,100.0,71.2
7367,-13194.99,6990.0587,1.33,100.0,71.3
7368,-13201.6,5864.9583,1.39,99.0,71.2
7369,-13132.35,5383.323,1.36,100.0,71.3
7370,-13438.3,12086.1079,1.3,100.0,71.3
7371,-13077.68,4224.6317,1.3,100.0,71.3
7372,-12877.33,3687.415,1.27,100.0,71.3
7373,-12978.31,2517.4993,1.27,100.0,71.1
7374,-12841.48,3133.1297,1.36,100.0,71.3
7375,-13173.57,2880.5588,1.36,100.0,71.2
7376,-12890.0,853.2435,1.35,100.0,71.2
7377,-12893.4,481.8448,1.48,99.9,71.5
7378,-13152.92,6088.7812,1.45,100.0,71.7
7379,-12930.68,400.1554,1.28,100.0,71.5
7380,-12951.06,376.7865,1.33,100.0,71.6
7381,-12935.02,156.1533,1.31,100.0,71.6
7382,-12935.0,87.4875,1.33,100.0,71.6
7383,-12931.89,33.148,1.46,100.0,71.5
7384,-12938.15,151.7312,1.45,98.9,71.6
7385,-12945.72,107.5816,1.33,100.0,71.5
7386,-12929.19,86.3583,1.39,100.0,71.6
7387,-12897.34,284.324,1.38,99.2,71.8
7388,-12905.75,142.1059,1.29,100.0,71.7
7389,-13182.33,5104.6654,1.31,100.0,71.8
7390,-13161.88,4604.3632,1.34,100.0,71.8
7391,-13188.58,3484.202,1.31,100.0,71.7
7392,-13134.61,2959.774,1.35,100.0,71.8
7393,-13031.24,3618.9956,1.35,100.0,71.9
7394,-13038.47,2668.8593,1.26,100.0,71.9
7395,-13323.43,6694.2958,1.3,100.0,71.9
7396,-13268.22,6462.8964,1.31,100.0,72.0
7397,-13132.87,1164.5018,1.29,100.0,72.0
7398,-13162.36,885.0623,1.41,99.4,72.1
7399,-12932.46,6415.7946,1.42,99.3,72.3
7400,-12958.75,6499.4387,1.32,100.0,72.2
7401,-12932.79,4794.0331,1.39,100.0,72.3
7402,-13506.59,19423.6763,1.37,100.0,72.4
7403,-12932.43,2326.7255,1.26,100.0,72.4
7404,-13139.94,2872.3959,1.36,100.0,72.4
7405,-12926.72,1255.4668,1.43,99.4,72.5
7406,-12938.39,645.6303,1.3,100.0,72.4
7407,-12880.02,554.0589,1.39,100.0,72.5
7408,-12840.61,445.6788,1.37,100.0,72.6
7409,-13059.07,4773.3209,1.26,98.8,72.6
7410,-13415.22,21557.5698,1.32,100.0,72.7
7411,-13368.18,17951.5342,1.33,100.0,72.7
7412,-13738.12,26190.6489,1.28,100.0,72.3
7413,-13619.24,18247.6006,1.37,100.0,72.4
7414,-13592.78,13262.1604,1.44,97.9,72.4
7415,-13692.56,12513.3318,1.33,100.0,72.3
7416,-13610.09,8952.5515,1.39,100.0,72.4
7417,-13694.26,9673.0325,1.37,100.0,72.4
7418,-13616.03,7540.5577,1.26,100.0,72.5
7419,-13682.68,7274.3928,1.35,100.0,72.6
7420,-13603.63,5186.3699,1.35,100.0,72.6
7421,-13376.09,5073.6523,1.3,100.0,72.6
7422,-13443.78,2933.1025,1.42,100.0,72.6
7423,-13403.44,2178.1174,1.53,95.7,72.7
7424,-13423.88,1990.2527,1.31,100.0,72.7
7425,-13633.38,4228.2388,1.29,100.0,72.3
7426,-13413.72,996.5512,1.32,100.0,72.3
7427,-13606.9,2491.4834,1.33,100.0,72.4
7428,-13607.86,2224.0008,1.39,100.0,72.3
7429,-13459.36,973.0516,1.47,97.8,72.2
7430,-13414.89,1338.2896,1.31,100.0,72.3
7431,-13459.01,756.512,1.36,100.0,72.4
7432,-13425.25,553.2111,1.31,100.0,72.4
7433,-13638.62,2576.0037,1.31,96.7,72.3
7434,-13061.14,18294.1392,1.28,100.0,72.3
7435,-12862.92,24600.626,1.35,100.0,72.4
7436,-12855.02,23727.832,1.34,100.0,72.4
7437,-12851.17,20884.5522,1.44,100.0,72.5
7438,-13175.46,4861.1281,1.4,100.0,72.5
7439,-13187.61,4194.9523,1.45,99.1,72.4
7440,-13398.27,5334.1562,1.31,100.0,72.4
7441,-13425.82,5552.4034,1.32,100.0,72.5
7442,-13385.45,4206.68,1.27,100.0,72.1
7443,-13379.18,2270.0643,1.31,100.0,72.2
7444,-13395.1,1421.9535,1.33,99.2,72.2
7445,-13413.64,542.0607,1.3,100.0,72.2
7446,-13590.87,3499.984,1.35,100.0,72.2
7447,-13191.43,7017.958,1.35,100.0,72.3
7448,-13204.07,6668.2317,1.35,100.0,72.5
7449,-12987.84,17794.8833,1.34,100.0,72.5
7450,-13207.4,3892.7823,1.36,100.0,72.4
7451,-12974.31,9842.8928,1.33,100.0,72.5
7452,-12971.75,6781.2222,1.36,100.0,72.6
7453,-13345.43,10797.9126,1.46,99.4,72.4
7454,-12866.18,9503.9001,1.41,100.0,72.5
7455,-13327.0,13121.5796,1.3,100.0,72.4
7456,-13223.37,5068.6489,1.39,100.0,72.5
7457,-13233.09,3866.7704,1.3,99.7,72.5
7458,-13354.96,8415.6926,1.25,100.0,72.6
7459,-12889.24,13918.637,1.32,100.0,72.7
7460,-12981.29,7254.8456,1.31,100.0,72.7
7461,-12861.6,12045.8108,1.3,100.0,72.6
7462,-12933.38,4807.7444,1.35,100.0,72.7
7463,-13321.96,9928.7117,1.34,100.0,72.7
7464,-13353.82,9594.9612,1.27,100.0,72.7
7465,-12976.26,2004.9191,1.32,100.0,72.9
7466,-13090.35,1675.6838,1.31,100.0,72.9
7467,-12947.43,1480.3833,1.37,100.0,72.8
7468,-13253.43,4733.6597,1.43,96.2,72.9
7469,-13264.77,3655.39,1.31,100.0,72.7
7470,-13352.42,17502.814,1.32,100.0,72.9
7471,-12853.2,7826.017,1.31,100.0,72.9
7472,-13206.56,2390.3229,1.28,100.0,72.8
7473,-12994.41,943.3934,1.3,100.0,72.2
7474,-13195.45,1134.0811,1.43,100.0,72.2
7475,-12894.59,8505.9185,1.36,100.0,72.3
7476,-12960.79,1297.3499,1.3,100.0,72.4
7477,-12996.45,804.7025,1.41,100.0,72.4
7478,-12931.84,493.1164,1.42,99.0,72.6
7479,-12985.6,536.8529,1.28,100.0,72.6
7480,-13192.41,4181.8552,1.35,100.0,72.7
7481,-13211.28,4113.8745,1.32,100.0,72.3
7482,-13223.54,3641.8666,1.27,100.0,72.3
7483,-13211.58,2222.955,1.35,100.0,72.2
7484,-13179.05,1884.3847,1.33,100.0,72.2
7485,-12813.09,13264.5989,1.26,100.0,72.3
7486,-13158.77,710.3022,1.27,100.0,72.4
7487,-12805.89,11425.1946,1.29,100.0,72.4
7488,-13073.98,14356.6995,1.36,100.0,72.5
7489,-12982.98,801.3948,1.38,100.0,72.6
7490,-12962.86,371.5012,1.39,100.0,72.4
7491,-12959.82,205.8476,1.37,100.0,72.5
7492,-12975.19,69.7323,1.4,97.4,72.8
7493,-13000.96,169.3825,1.44,100.0,72.8
7494,-12939.42,466.2496,1.34,100.0,72.8
7495,-12952.59,116.143,1.36,100.0,72.8
7496,-12877.01,329.0401,1.31,100.0,72.8
7497,-12805.4,3497.3167,1.31,100.0,72.8
7498,-13080.27,12091.853,1.35,100.0,72.9
7499,-13429.49,20624.9775,1.29,100.0,72.8
7500,-13055.7,9850.5542,1.38,100.0,72.9
7501,-13442.44,15221.2734,1.43,100.0,72.6
7502,-13060.5,8291.3766,1.49,99.2,72.5
7503,-12803.21,4517.9995,1.3,100.0,72.5
7504,-13184.17,6924.8002,1.36,100.0,72.6
7505,-12862.28,4251.1934,1.37,100.0,72.6
7506,-12969.09,710.4803,1.31,100.0,72.6
7507,-12835.14,2893.808,1.39,100.0,72.5
7508,-13125.89,6274.9509,1.38,100.0,72.6
7509,-12859.37,1039.836,1.27,100.0,72.6
7510,-12937.54,678.0171,1.28,100.0,72.7
7511,-12947.43,495.1421,1.27,100.0,72.7
7512,-12940.57,265.8374,1.28,100.0,72.7
7513,-12949.8,325.5077,1.3,100.0,72.7
7514,-12954.93,272.9231,1.36,100.0,72.8
7515,-12995.98,356.3663,1.38,100.0,72.7
7516,-12905.29,248.9944,1.47,100.0,72.9
7517,-12885.02,391.1096,1.42,99.6,73.0
7518,-13141.81,8619.3596,1.33,100.0,73.1
7519,-12943.28,324.0776,1.38,100.0,73.0
7520,-12974.2,226.8546,1.34,100.0,73.1
7521,-13241.52,7104.7375,1.3,100.0,73.1
7522,-13248.89,6331.7061,1.37,100.0,73.2
7523,-12903.09,1348.9187,1.36,100.0,73.2
7524,-12999.58,552.5122,1.32,100.0,73.3
7525,-12892.37,948.5314,1.39,100.0,73.2
7526,-13420.11,12558.9873,1.56,97.8,73.4
7527,-12912.0,232.4456,1.27,100.0,73.5
7528,-12918.18,117.9007,1.37,100.0,73.4
7529,-13444.21,13331.4961,1.41,100.0,73.5
7530,-13328.73,10171.4443,1.32,100.0,73.6
7531,-13403.53,8543.6991,1.39,100.0,73.5
7532,-12895.63,2680.7932,1.45,100.0,73.4
7533,-12966.18,4156.499,1.28,100.0,73.3
7534,-12973.91,2370.9773,1.34,100.0,73.4
7535,-12880.19,2054.2538,1.34,100.0,73.5
7536,-12957.27,748.9917,1.27,98.2,73.5
7537,-12988.92,442.2689,1.28,100.0,73.0
7538,-12842.06,1465.549,1.32,100.0,73.1
7539,-12831.15,851.5507,1.32,100.0,73.1
7540,-13247.33,9858.1475,1.46,100.0,73.4
7541,-13128.11,8516.5074,1.43,92.5,73.4
7542,-12853.6,246.7623,1.31,100.0,73.5
7543,-12863.73,172.0197,1.39,100.0,73.4
7544,-12840.41,125.8211,1.36,100.0,73.2
7545,-13098.37,6441.3489,1.25,100.0,73.2
7546,-13242.7,6877.5311,1.34,100.0,73.3
7547,-13223.84,3892.659,1.41,100.0,73.4
7548,-13349.9,8954.3508,1.29,100.0,73.4
7549,-13890.54,16346.3198,1.36,100.0,73.5
7550,-13471.9,6760.9629,1.49,96.9,73.6
7551,-13774.26,11687.8523,1.36,100.0,73.6
7552,-13415.74,5725.6539,1.36,100.0,73.6
7553,-13348.72,5657.9198,1.35,100.0,73.7
7554,-13344.87,4305.4982,1.27,100.0,73.6
7555,-13387.21,3663.0289,1.36,100.0,73.7
7556,-13771.74,10348.3743,1.41,99.1,73.7
7557,-13185.08,2467.5327,1.31,100.0,73.7
7558,-13185.18,2212.593,1.34,100.0,73.7
7559,-13310.74,2674.6146,1.42,100.0,73.8
7560,-13089.47,1415.7882,1.57,95.4,73.8
7561,-13086.31,989.3593,1.32,100.0,73.8
7562,-13072.04,1662.0074,1.33,100.0,73.9
7563,-13104.42,826.7686,1.36,100.0,74.0
7564,-13140.31,688.5444,1.28,100.0,74.0
7565,-13116.6,598.931,1.36,99.8,74.1
7566,-13112.46,595.3934,1.37,100.0,73.4
7567,-13109.64,447.9457,1.29,100.0,73.5
7568,-13330.34,3949.1835,1.3,100.0,73.6
7569,-13103.42,206.3527,1.25,99.6,73.7
7570,-13311.49,2705.7291,1.3,100.0,73.7
7571,-13095.25,301.724,1.37,97.8,73.7
7572,-13263.61,2500.6846,1.35,100.0,73.7
7573,-13398.64,3265.8141,1.38,100.0,73.7
7574,-13389.39,2816.1445,1.44,100.0,73.8
7575,-13386.37,1872.6909,1.4,100.0,74.0
7576,-13404.47,1510.5583,1.33,100.0,74.1
7577,-13260.44,1045.5776,1.37,100.0,74.1
7578,-13267.24,1129.9601,1.31,100.0,74.1
7579,-13239.39,919.8198,1.31,100.0,74.1
7580,-13398.84,1249.381,1.41,99.8,74.3
7581,-12974.72,4311.718,1.35,100.0,74.3
7582,-12956.78,3926.7918,1.31,100.0,74.3
7583,-13324.93,17646.3252,1.3,100.0,74.3
7584,-13557.04,12993.1848,1.76,99.9,74.8
7585,-13311.2,1635.1339,1.34,100.0,74.8
7586,-13506.94,6561.3217,1.37,100.0,74.9
7587,-13360.9,1644.9359,1.3,100.0,75.0
7588,-13322.69,815.886,1.29,100.0,75.0
7589,-13368.44,590.2867,1.39,100.0,74.8
7590,-13330.7,9263.2732,1.4,99.2,74.4
7591,-13383.92,344.4466,1.32,100.0,74.5
7592,-13121.19,4247.0929,1.34,100.0,74.6
7593,-13327.5,228.9423,1.28,100.0,74.6
7594,-13325.47,77.2581,1.29,99.2,74.5
7595,-13133.42,3527.3228,1.3,100.0,74.5
7596,-13228.56,4060.0669,1.33,100.0,74.6
7597,-13232.57,2005.2544,1.31,100.0,74.7
7598,-13829.27,16945.1318,1.46,100.0,74.7
7599,-13838.85,15233.0642,1.51,98.0,74.6
7600,-13818.53,12539.5532,1.44,100.0,74.5
7601,-13822.65,10083.1836,1.36,100.0,74.6
7602,-13731.53,8910.0649,1.35,100.0,74.6
7603,-13852.75,6892.5612,1.31,100.0,74.7
7604,-13836.33,6168.3306,1.33,100.0,74.8
7605,-13338.94,6457.6781,1.32,100.0,74.8
7606,-13351.89,6142.8088,1.34,100.0,74.8
7607,-13374.93,3834.1505,1.39,100.0,74.8
7608,-13333.43,2976.4185,1.52,97.8,74.8
7609,-13362.48,1287.8869,1.44,97.7,74.8
7610,-13339.16,959.645,1.33,100.0,74.8
7611,-13348.76,622.816,1.37,100.0,74.8
7612,-13334.39,579.0933,1.32,100.0,74.9
7613,-13349.4,463.4166,1.28,100.0,74.8
7614,-13161.79,1411.5192,1.31,100.0,74.9
7615,-13380.09,13408.5854,1.33,100.0,75.0
7616,-13375.51,11568.1389,1.32,100.0,74.9
7617,-13415.38,7010.8502,1.32,100.0,75.0
7618,-13418.71,4769.3916,1.29,100.0,74.5
7619,-13389.98,4334.0961,1.28,100.0,74.5
7620,-13417.85,3729.4003,1.37,100.0,74.6
7621,-13364.55,2205.6263,1.39,100.0,74.7
7622,-13330.27,2368.2256,1.39,100.0,74.7
7623,-13326.34,1690.1935,1.44,90.7,74.9
7624,-13307.22,1301.4606,1.34,99.8,74.5
7625,-13347.42,1302.2747,1.38,100.0,74.6
7626,-13338.24,917.296,1.33,100.0,74.7
7627,-13365.98,726.8554,1.27,100.0,74.7
7628,-13382.91,301.3655,1.31,100.0,74.7
7629,-13434.6,459.5321,1.39,100.0,74.8
7630,-13405.79,168.2912,1.31,100.0,74.8
7631,-13470.48,1171.82,1.38,100.0,74.8
7632,-13406.5,131.7386,1.5,99.6,74.9
7633,-13305.49,946.2035,1.54,96.3,75.0
7634,-13429.33,527.8239,1.31,100.0,75.1
7635,-13443.84,446.0699,1.34,100.0,75.1
7636,-13314.41,895.8596,1.3,100.0,75.1
7637,-13314.41,660.5342,1.29,100.0,75.0
7638,-13315.93,340.4765,1.37,99.2,75.0
7639,-13375.65,539.4218,1.34,100.0,75.0
7640,-13309.76,217.3585,1.3,100.0,75.1
7641,-13382.77,245.8596,1.37,100.0,75.1
7642,-13309.07,240.2521,1.38,100.0,74.4
7643,-13319.03,193.3597,1.26,100.0,74.4
7644,-13399.66,719.2771,1.27,100.0,73.8
7645,-13316.47,107.7631,1.3,100.0,73.9
7646,-13286.48,117.8662,1.3,100.0,73.9
7647,-13252.24,100.2755,1.38,100.0,73.9
7648,-13330.06,575.121,1.44,96.5,74.1
7649,-13339.64,275.6415,1.34,100.0,74.1
7650,-13346.64,180.9992,1.43,100.0,74.2
7651,-13353.89,171.3801,1.41,99.0,74.0
7652,-13300.12,528.5684,1.26,100.0,74.0
7653,-13294.03,452.8523,1.33,100.0,74.0
7654,-13352.87,752.8499,1.37,100.0,73.9
7655,-13301.44,135.7923,1.29,100.0,73.9
7656,-13273.84,329.1947,1.38,100.0,74.1
7657,-13265.47,149.4202,1.36,97.9,74.1
7658,-13302.44,626.3276,1.25,100.0,74.0
7659,-13347.68,456.0617,1.28,100.0,74.0
7660,-13249.95,468.0109,1.3,100.0,74.1
7661,-13238.24,456.2142,1.31,100.0,74.2
7662,-13247.44,225.5608,1.36,99.3,74.1
7663,-13282.33,310.1607,1.46,100.0,74.1
7664,-13347.0,977.6794,1.34,100.0,74.1
7665,-13315.19,352.3765,1.41,100.0,74.1
7666,-13354.18,1318.3836,1.35,100.0,74.2
7667,-13288.39,1134.1377,1.29,100.0,74.2
7668,-13184.28,1838.6652,1.38,98.0,74.6
7669,-13314.75,540.0,1.45,100.0,74.6
7670,-13287.39,303.545,1.39,100.0,74.5
7671,-13308.87,689.0918,1.42,100.0,74.5
7672,-13789.02,15754.7268,1.44,99.1,74.4
7673,-13340.11,300.1259,1.3,100.0,74.3
7674,-13337.82,174.8154,1.29,100.0,74.5
7675,-13346.37,189.8469,1.24,100.0,74.7
7676,-13348.39,270.1258,1.35,100.0,75.0
7677,-13354.09,170.7525,1.37,100.0,74.6
7678,-13349.79,110.2876,1.32,100.0,75.5
7679,-13339.0,129.9559,1.38,100.0,74.7
7680,-13364.37,293.9977,1.44,100.0,74.6
7681,-13370.6,235.1943,1.33,100.0,74.7
7682,-13488.99,990.3831,1.35,100.0,74.7
7683,-13393.65,451.992,1.4,98.7,74.6
7684,-13377.95,381.5279,1.33,100.0,74.7
7685,-13381.81,281.0779,1.37,100.0,74.8
7686,-13385.04,173.7262,1.44,95.5,74.8
7687,-13526.79,2592.835,1.37,100.0,74.9
7688,-13576.22,3511.1017,1.37,100.0,74.9
7689,-13380.67,707.7369,1.29,100.0,74.9
7690,-13352.85,1036.713,1.35,100.0,74.9
7691,-13410.25,330.267,1.31,100.0,74.9
7692,-13384.93,225.6484,1.37,100.0,75.0
7693,-13396.49,273.9557,1.36,100.0,75.1
7694,-13853.77,13852.9124,1.37,100.0,75.0
7695,-13392.02,353.0845,1.43,99.8,75.1
7696,-13410.71,410.9003,1.43,98.3,75.3
7697,-13399.75,561.1848,1.37,100.0,75.2
7698,-13406.89,301.3558,1.44,100.0,75.3
7699,-13386.38,409.6851,1.34,100.0,75.4
7700,-13384.86,219.9377,1.26,100.0,75.5
7701,-13380.48,205.4919,1.3,100.0,75.5
7702,-13419.37,132.6426,1.31,100.0,75.6
7703,-13415.93,200.7204,1.31,100.0,75.4
7704,-13418.11,277.0625,1.35,100.0,75.6
7705,-13859.97,13839.8525,1.43,99.4,75.7
7706,-13402.62,192.2966,1.31,100.0,75.7
7707,-13451.98,899.075,1.33,100.0,75.8
7708,-13368.14,80.0584,1.28,100.0,75.8
7709,-13393.83,194.3389,1.28,100.0,75.7
7710,-13364.62,154.5741,1.4,99.9,75.6
7711,-13532.3,3906.24,1.41,100.0,75.1
7712,-13635.22,29694.9355,1.34,100.0,75.1
7713,-13488.78,4253.2823,1.41,100.0,75.2
7714,-13698.13,19885.7842,1.35,100.0,75.2
7715,-13687.57,12136.1333,1.27,100.0,75.3
7716,-13547.21,4697.793,1.29,100.0,75.4
7717,-13672.49,5405.5298,1.35,100.0,75.4
7718,-13532.24,2414.4224,1.34,100.0,75.5
7719,-13412.07,2650.845,1.46,100.0,75.5
7720,-13354.1,2503.0748,1.48,94.9,75.6
7721,-13283.9,1711.5535,1.33,100.0,75.7
7722,-13795.1,22299.5601,1.44,100.0,75.8
7723,-13751.2,18975.0923,1.37,100.0,75.8
7724,-13725.73,18404.3403,1.27,100.0,75.7
7725,-13412.52,2514.0303,1.31,100.0,75.7
7726,-13434.51,2060.0737,1.35,100.0,75.8
7727,-13612.39,4641.5165,1.3,100.0,75.8
7728,-13656.96,4469.8585,1.43,100.0,75.9
7729,-13807.55,9229.5845,1.55,95.0,75.8
7730,-13954.23,9071.8628,1.28,100.0,75.8
7731,-13482.59,3410.232,1.35,100.0,75.8
7732,-13664.45,4788.2156,1.32,100.0,75.8
7733,-13396.48,4909.3198,1.27,100.0,75.8
7734,-13467.03,1476.8506,1.38,100.0,75.9
7735,-13500.71,2621.4915,1.39,100.0,75.9
7736,-13446.08,1029.194,1.32,100.0,75.9
7737,-13618.89,4597.1002,1.39,100.0,75.9
7738,-13479.52,449.291,1.37,100.0,76.0
7739,-13462.84,656.5621,1.31,100.0,76.1
7740,-13328.79,2023.1243,1.31,100.0,76.2
7741,-13315.22,1285.8068,1.27,100.0,76.4
7742,-13814.12,14536.6897,1.28,100.0,76.3
7743,-13783.61,12979.5525,1.37,100.0,76.3
7744,-13399.51,265.2109,1.35,100.0,76.4
7745,-13464.09,274.2384,1.35,100.0,76.4
7746,-13446.05,272.0469,1.4,100.0,76.5
7747,-13481.53,319.7044,1.36,100.0,76.6
7748,-13435.6,202.8999,1.27,100.0,76.6
7749,-13762.74,13175.9507,1.33,99.7,76.7
7750,-13739.81,9663.7046,1.34,100.0,76.8
7751,-13454.97,777.2231,1.35,100.0,76.8
7752,-13463.3,889.8495,1.39,98.7,76.6
7753,-13440.4,526.3728,1.35,100.0,76.6
7754,-13472.83,576.3177,1.39,100.0,76.6
7755,-13524.72,686.5399,1.46,100.0,76.6
7756,-13436.34,111.5474,1.35,97.9,76.7
7757,-13487.03,310.035,1.3,100.0,76.8
7758,-13442.98,96.9658,1.35,100.0,76.8
7759,-13392.47,128.4022,1.34,100.0,76.9
7760,-13374.86,826.3073,1.29,100.0,76.8
7761,-13377.48,567.6712,1.42,100.0,76.9
7762,-13354.78,410.5162,1.33,100.0,77.0
7763,-13359.04,632.2546,1.29,100.0,77.0
7764,-13434.18,390.6457,1.32,100.0,77.0
7765,-13427.15,433.8191,1.34,100.0,77.0
7766,-13458.72,401.1125,1.3,100.0,77.1
7767,-13685.98,6156.0736,1.41,100.0,77.2
7768,-13717.55,7237.6528,1.36,100.0,77.0
7769,-13696.49,31475.2827,1.27,100.0,77.1
7770,-13644.87,23098.5532,1.36,100.0,77.1
7771,-13926.44,10629.4011,1.37,100.0,76.9
7772,-13968.09,17998.5598,1.32,100.0,76.9
7773,-13628.99,13218.6707,1.39,100.0,77.0
7774,-13613.15,13779.98,1.37,100.0,77.2
7775,-13693.97,15403.0042,1.25,100.0,77.2
7776,-13803.22,3391.3229,1.26,100.0,77.2
7777,-13474.69,5813.5485,1.27,100.0,77.2
7778,-13860.36,5612.5526,1.36,100.0,77.2
7779,-13477.6,3970.4817,1.41,91.7,76.9
7780,-13487.94,2123.695,1.34,100.0,77.1
7781,-13455.86,871.8901,1.37,100.0,77.2
7782,-13453.06,349.2825,1.43,100.0,77.0
7783,-13331.35,905.3687,1.46,99.4,77.2
7784,-13429.48,250.6934,1.31,100.0,77.2
7785,-13377.15,336.4582,1.35,100.0,77.2
7786,-13376.8,777.0898,1.32,100.0,77.3
7787,-13381.35,281.117,1.33,100.0,77.3
7788,-13383.74,530.3985,1.44,99.7,77.4
7789,-13396.9,245.6094,1.39,100.0,77.5
7790,-13763.35,11644.7502,1.31,100.0,76.9
7791,-13371.95,1044.5003,1.46,100.0,76.9
7792,-13245.26,1461.5638,1.48,99.0,76.9
7793,-13388.42,292.2198,1.27,100.0,76.8
7794,-13281.19,450.487,1.32,100.0,76.8
7795,-13262.53,346.507,1.29,100.0,76.9
7796,-13292.02,287.7322,1.28,100.0,77.0
7797,-13609.83,12585.6799,1.37,100.0,77.0
7798,-13358.92,253.2583,1.34,100.0,77.0
7799,-13280.13,883.0752,1.44,100.0,76.4
7800,-13402.98,637.7965,1.38,100.0,76.4
7801,-13332.08,143.8607,1.52,97.7,76.5
7802,-13313.0,110.1977,1.45,100.0,76.3
7803,-13334.66,165.7746,1.33,100.0,76.4
7804,-13275.0,308.4902,1.33,100.0,76.4
7805,-13269.3,305.2361,1.29,100.0,76.5
7806,-13317.09,171.7589,1.35,100.0,76.5
7807,-13241.25,162.9774,1.36,100.0,76.5
7808,-13250.5,131.6478,1.36,100.0,76.6
7809,-13267.84,320.916,1.42,100.0,76.5
7810,-13226.99,53.7728,1.48,99.3,76.8
7811,-13243.79,221.3695,1.5,96.5,76.9
7812,-13171.58,187.2713,1.29,100.0,76.9
7813,-13192.11,180.9477,1.36,100.0,76.9
7814,-13416.66,4714.2399,1.32,100.0,76.8
7815,-13303.97,1480.0346,1.25,100.0,76.8
7816,-13367.71,2510.9299,1.33,100.0,77.0
7817,-13350.6,1808.3691,1.33,100.0,76.9
7818,-13333.4,2002.0797,1.28,100.0,77.0
7819,-13367.39,1104.3121,1.34,100.0,77.1
7820,-13495.28,4522.8779,1.4,99.9,76.9
7821,-13392.38,609.5243,1.26,100.0,76.8
7822,-13550.25,3043.2936,1.3,100.0,76.8
7823,-13369.83,1086.183,1.36,100.0,76.9
7824,-13317.3,910.9047,1.33,100.0,76.9
7825,-13273.83,1138.352,1.48,91.9,77.2
7826,-13404.21,467.3393,1.39,100.0,77.2
7827,-13355.03,285.2923,1.32,100.0,77.2
7828,-13335.33,196.6962,1.45,100.0,77.2
7829,-13497.88,1204.4572,1.37,100.0,77.3
7830,-13393.24,1183.8957,1.3,100.0,77.3
7831,-13365.75,1089.6014,1.3,100.0,77.4
7832,-13287.97,813.9882,1.3,100.0,77.3
7833,-13310.47,566.4685,1.28,100.0,77.2
7834,-13265.88,498.8941,1.49,100.0,77.1
7835,-13388.15,676.3213,1.47,97.5,77.2
7836,-13259.49,912.0744,1.32,100.0,77.3
7837,-13299.56,354.9853,1.37,100.0,77.4
7838,-13234.62,317.8846,1.41,99.3,77.3
7839,-13233.23,225.884,1.26,100.0,77.4
7840,-13238.2,310.2757,1.3,100.0,77.5
7841,-13237.02,189.6602,1.34,100.0,77.5
7842,-13259.24,270.3115,1.3,100.0,77.5
7843,-13261.01,408.4607,1.34,100.0,77.6
7844,-13239.51,207.2538,1.25,100.0,77.6
7845,-13231.4,147.0614,1.24,100.0,77.6
7846,-13239.66,220.6905,1.28,100.0,77.7
7847,-13332.2,504.2529,1.29,100.0,77.7
7848,-13315.32,331.0054,1.34,100.0,77.7
7849,-13343.35,301.6005,1.42,98.8,77.9
7850,-13242.0,278.1152,1.45,99.6,77.9
7851,-13334.09,167.09,1.33,100.0,77.9
7852,-13306.12,231.7941,1.38,100.0,78.1
7853,-13336.98,177.2987,1.37,100.0,78.0
7854,-13336.19,116.2537,1.29,100.0,78.0
7855,-13305.07,151.8899,1.35,100.0,78.0
7856,-13297.75,194.4632,1.33,100.0,78.1
7857,-13267.45,106.0972,1.36,100.0,78.1
7858,-13244.53,227.684,1.37,100.0,77.9
7859,-13301.15,347.3498,1.33,100.0,77.9
7860,-13228.9,331.0498,1.3,100.0,77.8
7861,-13254.47,193.4945,1.4,100.0,77.8
7862,-13301.48,290.1114,1.3,100.0,77.7
7863,-13328.52,129.3622,1.32,100.0,77.8
7864,-13274.42,157.1153,1.36,100.0,77.9
7865,-13309.9,289.0078,1.41,100.0,77.9
7866,-13888.46,26508.021,1.37,100.0,77.8
7867,-13993.33,23266.6147,1.53,100.0,78.0
7868,-13957.39,16037.6145,1.5,96.2,77.4
7869,-13869.34,11702.3567,1.29,100.0,77.5
7870,-13785.84,11940.4524,1.35,100.0,77.5
7871,-13299.71,15443.3237,1.35,100.0,77.4
7872,-13335.84,14871.8359,1.25,100.0,77.4
7873,-13307.45,9236.4677,1.35,100.0,77.6
7874,-13820.0,7282.4604,1.47,100.0,77.5
7875,-13339.52,5371.5192,1.34,100.0,77.6
7876,-13334.94,4754.5476,1.38,100.0,77.6
7877,-13878.38,9701.3975,1.56,98.1,77.7
7878,-13868.07,11672.5056,1.51,98.5,77.5
7879,-13316.52,4404.3129,1.31,100.0,77.5
7880,-13310.71,2589.8437,1.36,100.0,77.5
7881,-13931.62,14510.52,1.34,100.0,77.6
7882,-13891.75,13477.0603,1.29,100.0,77.6
7883,-13334.65,1809.3665,1.31,100.0,77.6
7884,-13306.41,1406.7208,1.35,100.0,77.6
7885,-13833.63,14048.031,1.37,100.0,77.7
7886,-13280.59,874.2408,1.4,100.0,77.8
7887,-13322.68,820.67,1.51,99.4,77.8
7888,-13252.81,270.7481,1.29,100.0,77.7
7889,-13323.73,627.9965,1.33,100.0,77.7
7890,-13235.0,95.1995,1.33,100.0,77.8
7891,-13294.05,561.9465,1.28,100.0,77.9
7892,-13255.86,318.0249,1.32,100.0,77.6
7893,-13198.68,580.9484,1.32,100.0,77.5
7894,-13174.18,229.5304,1.3,100.0,77.5
7895,-13226.99,398.7539,1.44,100.0,77.6
7896,-13246.61,316.4706,1.26,100.0,77.6
7897,-13199.81,173.2245,1.29,100.0,77.7
7898,-13175.66,368.1242,1.33,99.9,77.7
7899,-13206.4,145.7701,1.37,100.0,77.7
7900,-13293.11,1263.243,1.34,100.0,77.6
7901,-13222.81,478.3708,1.44,100.0,77.7
7902,-13196.75,281.679,1.44,98.2,77.9
7903,-13265.34,407.6245,1.35,100.0,77.9
7904,-13246.11,465.6299,1.38,100.0,77.6
7905,-13304.62,1673.6515,1.34,100.0,77.5
7906,-13256.35,143.3335,1.26,100.0,77.6
7907,-13229.18,118.3177,1.33,100.0,77.5
7908,-13379.06,934.1902,1.31,100.0,77.7
7909,-13371.9,1235.809,1.31,100.0,77.8
7910,-13382.32,620.9054,1.31,100.0,77.8
7911,-13372.14,309.8869,1.27,100.0,77.8
7912,-13363.96,192.386,1.27,100.0,77.9
7913,-13357.7,97.2153,1.3,100.0,77.9
7914,-13365.24,147.8971,1.31,100.0,78.0
7915,-13367.04,187.7695,1.31,100.0,78.0
7916,-13341.04,245.9955,1.42,99.9,78.1
7917,-13322.96,135.0102,1.4,100.0,78.1
7918,-13279.31,132.9471,1.38,100.0,78.1
7919,-13244.57,467.8809,1.41,100.0,78.3
7920,-13275.74,284.6926,1.39,100.0,78.2
7921,-13260.07,161.9317,1.28,100.0,78.3
7922,-13267.37,77.2183,1.32,100.0,78.2
7923,-13270.17,54.9712,1.32,100.0,78.3
7924,-13229.13,130.5877,1.31,100.0,78.4
7925,-13208.77,179.9409,1.46,100.0,78.7
7926,-13387.86,2260.111,1.52,97.2,78.9
7927,-13195.62,105.4787,1.34,100.0,79.0
7928,-13311.74,465.7907,1.41,100.0,79.0
7929,-13207.42,415.6368,1.46,98.5,79.1
7930,-13233.45,146.2011,1.37,100.0,79.2
7931,-13252.66,338.7448,1.35,100.0,79.2
7932,-13316.52,283.5235,1.3,100.0,79.3
7933,-13258.8,160.9184,1.24,100.0,79.3
7934,-13954.7,22387.0503,1.38,100.0,79.3
7935,-13275.15,115.9754,1.45,100.0,79.2
7936,-13794.29,18661.2261,1.49,100.0,79.3
7937,-13324.93,985.1829,1.38,100.0,79.0
7938,-13226.17,714.1206,1.45,100.0,79.2
7939,-13191.8,586.6878,1.47,92.7,79.1
7940,-13345.72,1306.2006,1.3,100.0,79.1
7941,-13772.59,20993.6143,1.41,100.0,79.0
7942,-13243.54,88.8538,1.31,100.0,79.1
7943,-13256.34,142.2733,1.27,100.0,79.2
7944,-13261.26,98.3947,1.3,100.0,79.7
7945,-13296.95,97.1607,1.31,100.0,79.7
7946,-13300.32,1013.56,1.3,100.0,79.8
7947,-13302.14,639.5561,1.37,100.0,79.7
7948,-13320.13,756.2709,1.34,100.0,79.6
7949,-13373.23,134.092,1.28,100.0,79.6
7950,-13397.95,173.3476,1.33,100.0,79.6
7951,-13286.82,499.5182,1.32,100.0,78.8
7952,-13331.69,540.3142,1.27,100.0,78.7
7953,-13400.0,670.4935,1.34,100.0,78.8
7954,-13382.37,209.5351,1.34,100.0,79.0
7955,-13401.16,243.8238,1.28,100.0,79.0
7956,-13346.33,233.4024,1.37,100.0,79.1
7957,-13379.17,66.0972,1.37,100.0,79.1
7958,-13275.98,820.9272,1.26,100.0,79.1
7959,-13246.83,1988.8366,1.29,100.0,79.1
7960,-13328.97,971.482,1.4,100.0,79.2
7961,-13351.53,785.6457,1.3,100.0,79.2
7962,-13326.85,522.4013,1.43,100.0,79.3
7963,-13312.85,490.1003,1.43,96.2,78.5
7964,-13349.88,325.3066,1.36,100.0,78.7
7965,-13283.81,154.9813,1.44,100.0,78.7
7966,-13321.15,241.5938,1.45,100.0,78.8
7967,-13250.79,49.7456,1.27,100.0,78.8
7968,-13329.12,174.3358,1.33,100.0,78.8
7969,-13265.56,123.8205,1.31,100.0,78.8
7970,-13336.56,425.3151,1.29,100.0,79.0
7971,-13305.83,581.9671,1.33,100.0,79.6
7972,-13277.61,159.5862,1.35,100.0,79.8
7973,-13206.26,238.8272,1.29,100.0,79.6
7974,-13187.89,278.0984,1.32,100.0,79.6
7975,-13138.26,1078.9387,1.29,100.0,79.2
7976,-13308.74,734.8751,1.34,100.0,79.3
7977,-13324.69,613.6469,1.38,100.0,79.3
7978,-13237.24,1051.9832,1.39,100.0,79.4
7979,-13243.23,997.2763,1.4,100.0,79.3
7980,-13279.31,625.9223,1.44,99.5,79.2
7981,-13276.47,613.8628,1.48,100.0,79.2
7982,-13271.67,400.0007,1.32,100.0,79.2
7983,-13293.01,494.7036,1.32,100.0,79.3
7984,-13213.49,332.6575,1.29,100.0,79.0
7985,-13241.4,125.6654,1.27,100.0,78.9
7986,-13330.37,2116.9623,1.33,100.0,78.9
7987,-13296.56,1806.3853,1.33,100.0,79.0
7988,-13284.18,673.5315,1.3,100.0,79.0
7989,-13295.97,549.4713,1.34,100.0,79.0
7990,-13289.07,287.9678,1.34,100.0,79.0
7991,-13265.48,416.6577,1.26,100.0,79.1
7992,-13198.39,487.8414,1.32,100.0,79.2
7993,-13314.52,766.8926,1.39,100.0,79.2
7994,-13204.64,232.5922,1.34,100.0,79.3
7995,-13197.55,120.4172,1.43,99.2,79.2
7996,-13206.1,35.1743,1.46,93.8,79.0
7997,-13189.4,68.9075,1.34,100.0,79.1
7998,-13213.8,133.2163,1.37,99.9,79.2
7999,-13227.03,82.207,1.32,100.0,79.2
8000,-13210.01,37.0547,1.25,100.0,79.1
8001,-13235.3,140.3516,1.32,100.0,79.0
8002,-13219.28,67.714,1.35,100.0,79.1
8003,-13145.09,289.9328,1.32,100.0,79.1
8004,-13119.17,189.1816,1.41,100.0,79.1
8005,-13182.31,313.7953,1.49,96.0,79.2
8006,-13160.49,105.7264,1.4,99.6,78.6
8007,-13189.45,80.0655,1.38,100.0,78.6
8008,-13178.79,159.058,1.39,100.0,78.6
8009,-13131.06,177.8358,1.29,100.0,78.7
8010,-13139.04,44.4217,1.29,100.0,78.8
8011,-13140.79,145.9185,1.36,100.0,78.9
8012,-13161.05,337.2426,1.36,100.0,78.9
8013,-13174.81,231.8754,1.33,100.0,78.7
8014,-13094.85,140.5323,1.46,100.0,78.9
8015,-13128.45,76.1634,1.55,97.5,79.2
8016,-13132.44,52.2784,1.3,100.0,79.3
8017,-13139.42,25.5164,1.34,100.0,79.6
8018,-13138.88,99.7207,1.39,100.0,79.5
8019,-13111.0,82.9528,1.26,100.0,79.4
8020,-13173.37,216.3591,1.33,100.0,79.5
8021,-13360.0,3246.3145,1.35,99.9,79.5
8022,-13137.54,391.9024,1.27,100.0,79.6
8023,-13116.37,331.6444,1.3,100.0,79.5
8024,-13383.12,4254.7706,1.31,100.0,79.6
8025,-13601.71,11973.7759,1.27,100.0,79.7
8026,-13385.84,2910.7741,1.3,100.0,79.7
8027,-13343.28,2552.3604,1.31,100.0,79.8
8028,-13100.52,1545.5389,1.31,100.0,79.8
8029,-13066.18,1881.8025,1.37,100.0,79.8
8030,-13154.41,815.4746,1.4,100.0,79.8
8031,-13083.68,639.2484,1.29,100.0,79.9
8032,-13262.7,1297.3891,1.38,100.0,80.0
8033,-13282.73,1596.5409,1.39,100.0,79.9
8034,-13061.7,658.5318,1.3,100.0,79.9
8035,-13229.3,1001.4956,1.33,100.0,80.0
8036,-13303.28,898.2013,1.39,100.0,80.1
8037,-13012.85,1254.3141,1.28,100.0,80.1
8038,-13077.99,792.3374,1.35,100.0,80.2
8039,-13095.44,744.0843,1.31,100.0,80.2
8040,-13066.94,728.0515,1.23,100.0,79.6
8041,-13090.7,396.6323,1.31,100.0,79.6
8042,-13098.49,486.3235,1.36,100.0,79.6
8043,-13125.54,381.0455,1.27,100.0,79.7
8044,-13147.77,386.3818,1.42,100.0,79.7
8045,-13188.83,222.972,1.5,94.4,79.9
8046,-13204.58,129.0036,1.38,100.0,80.2
8047,-13228.26,148.5847,1.37,100.0,80.3
8048,-13184.52,107.4425,1.4,100.0,80.3
8049,-13145.18,375.832,1.28,100.0,80.3
8050,-13150.07,369.5307,1.28,100.0,80.2
8051,-13162.44,217.6874,1.32,100.0,79.9
8052,-13171.47,589.8055,1.36,100.0,79.8
8053,-13197.0,474.731,1.31,100.0,79.9
8054,-13400.84,4612.6042,1.49,100.0,80.0
8055,-13395.03,3657.6244,1.58,95.9,80.0
8056,-13379.9,2855.3217,1.49,100.0,80.0
8057,-13356.34,1513.1973,1.32,100.0,79.4
8058,-13136.08,1773.4545,1.33,100.0,79.4
8059,-13077.77,1363.9218,1.31,100.0,79.5
8060,-13069.67,852.1843,1.28,100.0,79.5
8061,-13106.71,700.6283,1.34,100.0,79.6
8062,-13254.18,1262.6972,1.33,100.0,79.7
8063,-13046.21,412.5612,1.35,100.0,79.6
8064,-13067.92,219.6657,1.41,100.0,79.8
8065,-13084.04,106.1755,1.47,96.8,79.7
8066,-13105.15,98.9225,1.3,100.0,79.9
8067,-13152.01,209.723,1.41,100.0,79.8
8068,-13144.43,247.1461,1.33,100.0,79.8
8069,-13086.26,265.1397,1.26,98.7,79.9
8070,-13129.88,311.498,1.31,100.0,79.8
8071,-13075.29,258.7555,1.32,100.0,80.0
8072,-13092.49,274.671,1.31,100.0,79.9
8073,-13144.86,365.6137,1.37,100.0,79.8
8074,-13382.26,2097.5834,1.32,100.0,79.9
8075,-13152.72,286.8735,1.39,100.0,79.9
8076,-13151.68,281.0669,1.36,100.0,80.0
8077,-13119.12,163.3819,1.32,100.0,80.0
8078,-13058.66,116.4342,1.35,100.0,80.1
8079,-13107.79,69.5529,1.45,97.2,79.3
8080,-13116.04,75.1817,1.4,98.5,79.2
8081,-13154.44,61.0297,1.37,100.0,79.0
8082,-13144.05,21.2377,1.46,100.0,78.6
8083,-13123.66,455.6625,1.52,95.6,78.4
8084,-13120.1,76.2917,1.34,100.0,78.3
8085,-13090.91,69.568,1.36,100.0,78.3
8086,-13139.87,147.036,1.3,100.0,78.3
8087,-13083.45,187.6207,1.24,100.0,78.2
8088,-13090.05,164.4093,1.37,100.0,78.3
8089,-13077.05,201.5685,1.37,100.0,78.4
8090,-13325.04,2696.0395,1.27,100.0,78.3
8091,-13355.16,2588.2183,1.39,100.0,78.4
8092,-13330.71,2114.8793,1.56,98.8,77.8
8093,-13325.21,1444.5855,1.31,100.0,77.7
8094,-13381.3,1371.1217,1.3,100.0,77.8
8095,-13109.71,1441.5066,1.32,100.0,77.8
8096,-13113.06,1087.7236,1.28,100.0,77.7
8097,-13094.3,468.469,1.36,100.0,77.7
8098,-13113.17,465.0111,1.43,98.1,77.6
8099,-13121.16,375.7067,1.3,100.0,77.7
8100,-13113.15,194.531,1.34,100.0,77.7
8101,-13095.44,152.5246,1.35,100.0,77.7
8102,-13129.84,193.5535,1.32,95.6,77.6
8103,-13130.96,75.0082,1.36,100.0,77.0
8104,-13115.11,92.0601,1.35,100.0,77.1
8105,-13143.06,138.9637,1.28,100.0,77.2
8106,-13143.1,141.2269,1.33,100.0,77.3
8107,-13106.34,102.2969,1.42,100.0,77.3
8108,-13103.46,54.9604,1.43,100.0,77.3
8109,-13087.86,135.9354,1.34,100.0,77.2
8110,-13135.09,235.515,1.47,100.0,77.3
8111,-13081.86,133.803,1.4,98.3,77.4
8112,-13133.1,148.8395,1.28,100.0,77.4
8113,-13133.33,197.8063,1.28,100.0,77.4
8114,-13068.38,274.403,1.29,100.0,77.5
8115,-13056.07,177.0202,1.3,100.0,77.5
8116,-13045.93,190.3523,1.34,99.1,77.5
8117,-13026.3,262.1875,1.33,100.0,77.5
8118,-13036.05,155.057,1.33,100.0,77.5
8119,-13018.03,91.2549,1.36,100.0,77.4
8120,-13077.15,444.6327,1.38,100.0,77.5
8121,-13012.29,146.0543,1.31,100.0,77.5
8122,-13035.15,30.7285,1.35,100.0,77.6
8123,-13085.96,297.2147,1.34,100.0,77.7
8124,-13038.88,89.6707,1.38,100.0,77.6
8125,-13043.0,235.9194,1.48,92.7,77.9
8126,-12993.12,144.1932,1.46,97.9,78.3
8127,-12996.44,48.0793,1.33,100.0,78.3
8128,-13053.24,121.6024,1.43,100.0,78.3
8129,-13074.0,79.1521,1.38,100.0,78.6
8130,-13055.15,158.1419,1.26,100.0,78.6
8131,-13074.41,54.5784,1.3,100.0,78.7
8132,-13045.03,29.1749,1.32,100.0,78.7
8133,-13050.61,21.6959,1.28,100.0,78.6
8134,-13056.18,303.1587,1.37,100.0,78.6
8135,-13026.77,35.8859,1.51,99.2,78.7
8136,-13006.5,104.2758,1.28,100.0,78.8
8137,-13029.16,77.7347,1.42,100.0,78.8
8138,-13091.99,203.8764,1.46,100.0,79.0
8139,-13026.45,95.3231,1.25,100.0,79.0
8140,-13074.07,58.8371,1.32,100.0,79.0
8141,-13276.95,2435.4845,1.38,100.0,78.9
8142,-13105.32,308.3748,1.28,100.0,79.0
8143,-13082.27,111.3893,1.34,100.0,78.7
8144,-13094.48,159.5216,1.36,98.9,78.9
8145,-13108.29,124.1261,1.28,100.0,78.9
8146,-13095.16,123.8594,1.3,100.0,79.0
8147,-13097.18,62.1495,1.3,100.0,78.9
8148,-13097.34,51.181,1.27,100.0,79.0
8149,-13108.43,55.9226,1.42,95.9,79.0
8150,-13076.43,34.2385,1.43,97.6,79.0
8151,-13097.28,23.3086,1.32,100.0,79.4
8152,-13098.6,40.979,1.43,100.0,79.5
8153,-13107.0,22.4981,1.43,98.1,79.5
8154,-13093.19,28.8427,1.29,100.0,79.5
8155,-13072.18,52.1285,1.29,100.0,79.5
8156,-13081.76,72.5695,1.29,100.0,79.6
8157,-13053.64,45.7763,1.3,100.0,79.5
8158,-13083.08,116.8751,1.35,100.0,79.1
8159,-13043.78,56.3035,1.38,100.0,79.2
8160,-12980.94,112.9252,1.35,100.0,79.1
8161,-13036.52,96.0688,1.38,100.0,79.2
8162,-13001.12,41.2484,1.46,98.4,79.3
8163,-13025.67,31.7796,1.28,100.0,79.3
8164,-13033.26,64.6229,1.31,100.0,79.3
8165,-13008.94,44.6977,1.33,100.0,79.3
8166,-13342.98,6654.2214,1.29,100.0,79.2
8167,-13362.52,6971.9456,1.38,99.2,79.3
8168,-13499.55,12204.3865,1.47,99.8,79.5
8169,-13280.58,4618.9137,1.31,100.0,79.4
8170,-13413.63,9300.9993,1.36,100.0,79.5
8171,-13455.3,7818.2537,1.36,100.0,79.5
8172,-13420.36,6669.2041,1.28,100.0,79.5
8173,-13410.43,5878.5997,1.32,100.0,79.5
8174,-13197.22,1310.8443,1.31,100.0,79.5
8175,-13033.48,1208.1651,1.35,100.0,79.1
8176,-13056.4,1101.2052,1.4,99.8,79.0
8177,-13041.0,817.2689,1.56,95.7,79.2
8178,-13221.24,855.8285,1.33,100.0,79.3
8179,-13233.71,560.0648,1.4,100.0,79.3
8180,-13123.49,252.6539,1.49,100.0,79.4
8181,-13052.43,905.876,1.33,100.0,79.3
8182,-13170.51,142.5148,1.3,100.0,79.4
8183,-13071.46,661.3727,1.29,100.0,79.4
8184,-13091.33,410.7875,1.29,100.0,79.5
8185,-13096.57,219.7057,1.36,100.0,79.6
8186,-13136.5,240.1061,1.45,100.0,79.5
8187,-13108.11,139.9538,1.39,99.8,79.5
8188,-13112.6,105.2003,1.37,100.0,79.5
8189,-13107.12,43.4322,1.35,100.0,79.5
8190,-13073.27,65.9468,1.27,100.0,79.6
8191,-13088.53,75.803,1.32,100.0,79.5
8192,-13060.99,47.6662,1.41,98.7,79.6
8193,-13069.59,25.6107,1.44,100.0,79.5
8194,-13025.49,40.2997,1.36,100.0,79.5
8195,-13058.01,175.4856,1.41,100.0,79.7
8196,-13020.62,48.3097,1.34,99.7,79.7
8197,-13034.5,83.9223,1.26,100.0,79.7
8198,-13056.3,213.3377,1.29,100.0,79.7
8199,-13036.32,961.8824,1.27,100.0,79.8
8200,-13061.76,134.0564,1.33,100.0,79.7
8201,-12929.78,559.1541,1.39,99.7,79.8
8202,-12911.49,335.3142,1.4,100.0,79.8
8203,-12941.98,193.4677,1.37,100.0,79.9
8204,-12899.69,51.8115,1.42,100.0,79.9
8205,-12945.94,106.1779,1.33,100.0,79.5
8206,-12916.82,54.7421,1.29,100.0,79.4
8207,-12923.16,42.6221,1.41,96.2,79.4
8208,-12913.01,25.6731,1.4,100.0,79.6
8209,-12893.23,143.1948,1.33,100.0,79.6
8210,-12898.88,171.4448,1.42,100.0,79.3
8211,-12884.0,42.1989,1.36,100.0,79.4
8212,-12889.12,22.3681,1.29,100.0,79.4
8213,-12929.4,72.9786,1.29,100.0,79.2
8214,-12895.5,169.6891,1.27,100.0,79.3
8215,-13163.67,1943.8563,1.33,100.0,79.3
8216,-12871.04,329.8473,1.38,100.0,79.5
8217,-12951.48,310.7176,1.51,100.0,79.8
8218,-12862.11,274.4332,1.34,100.0,79.7
8219,-12867.2,80.2242,1.4,100.0,79.7
8220,-12886.34,82.3177,1.53,98.9,79.9
8221,-12908.6,147.6579,1.3,100.0,79.9
8222,-12901.57,84.5888,1.33,100.0,80.0
8223,-12968.8,858.1184,1.31,100.0,79.9
8224,-13031.84,1018.0324,1.3,100.0,79.5
8225,-12900.5,224.9494,1.34,100.0,79.7
8226,-12957.44,403.1061,1.46,98.1,79.8
8227,-12881.94,94.3669,1.29,100.0,79.9
8228,-12882.04,82.8255,1.3,100.0,79.9
8229,-12942.86,472.5938,1.23,100.0,79.9
8230,-12974.24,614.8655,1.27,100.0,79.8
8231,-12893.78,369.0636,1.4,93.8,80.0
8232,-12897.18,315.1971,1.39,100.0,79.9
8233,-12872.82,225.7057,1.33,100.0,80.0
8234,-12940.37,860.4327,1.36,100.0,80.0
8235,-12963.61,1424.4942,1.43,100.0,80.1
8236,-13164.89,5277.287,1.34,100.0,80.1
8237,-12991.37,924.571,1.3,100.0,80.2
8238,-13123.66,2528.1962,1.3,100.0,80.2
8239,-12922.69,1375.739,1.31,100.0,80.2
8240,-13184.74,12052.416,1.43,99.5,80.1
8241,-13170.95,11574.1172,1.42,100.0,80.2
8242,-12877.11,1729.3916,1.38,100.0,80.4
8243,-12893.52,1190.1051,1.46,100.0,80.5
8244,-12915.65,522.861,1.47,98.9,80.5
8245,-12887.4,305.7748,1.27,100.0,80.4
8246,-12912.56,241.7679,1.32,100.0,80.5
8247,-12980.1,951.1429,1.3,100.0,80.5
8248,-12877.64,86.6181,1.28,100.0,80.5
8249,-13012.51,701.9445,1.33,100.0,81.0
8250,-12914.68,116.224,1.31,100.0,81.0
8251,-12975.47,290.8701,1.29,100.0,81.0
8252,-12971.33,77.8217,1.36,100.0,81.0
8253,-12932.21,97.7591,1.28,100.0,80.4
8254,-12919.26,59.1022,1.31,100.0,80.5
8255,-12937.52,103.1377,1.42,100.0,80.4
8256,-12948.93,40.2535,1.37,100.0,80.5
8257,-12928.14,46.8101,1.43,100.0,80.6
8258,-12942.13,74.0466,1.47,92.3,80.8
8259,-12910.4,51.9392,1.43,98.8,80.5
8260,-12905.97,91.4909,1.38,100.0,80.6
8261,-12928.4,194.6519,1.39,100.0,80.6
8262,-12924.17,83.3038,1.34,100.0,80.6
8263,-12928.59,9.4596,1.27,100.0,80.7
8264,-12915.96,36.4322,1.31,100.0,80.6
8265,-12888.96,69.4991,1.3,100.0,80.5
8266,-12916.62,33.3312,1.37,100.0,80.5
8267,-12900.97,55.1518,1.5,100.0,80.4
8268,-12906.38,25.5165,1.51,97.0,80.7
8269,-12944.64,137.6492,1.36,99.9,80.8
8270,-12939.13,83.4164,1.4,100.0,81.0
8271,-12940.56,141.9556,1.5,100.0,81.0
8272,-12964.33,276.5014,1.32,100.0,80.9
8273,-12937.57,182.6432,1.29,100.0,81.0
8274,-12892.14,86.1681,1.29,100.0,80.6
8275,-12918.54,77.757,1.33,100.0,80.6
8276,-12920.27,35.2296,1.33,100.0,80.6
8277,-12906.73,36.003,1.35,100.0,80.7
8278,-12928.81,9.3312,1.33,100.0,80.7
8279,-12896.05,31.8251,1.43,100.0,80.2
8280,-12852.54,37.4774,1.44,99.3,80.3
8281,-12943.85,736.5643,1.38,100.0,80.5
8282,-12968.22,526.8182,1.31,100.0,80.5
8283,-12943.0,300.5718,1.33,100.0,80.6
8284,-12972.52,370.5083,1.32,100.0,80.5
8285,-12997.42,237.9515,1.34,100.0,80.4
8286,-12988.12,257.8849,1.33,100.0,80.6
8287,-13015.94,87.4489,1.32,100.0,80.5
8288,-13009.56,58.3238,1.29,100.0,80.6
8289,-13030.76,124.3758,1.31,100.0,80.5
8290,-13062.68,301.057,1.27,100.0,80.6
8291,-13023.16,58.8286,1.34,99.5,80.6
8292,-13041.98,27.7389,1.37,99.3,80.6
8293,-13024.24,31.0223,1.33,100.0,80.6
8294,-13010.89,69.5982,1.35,100.0,80.7
8295,-13060.26,52.9842,1.3,100.0,80.8
8296,-13066.62,62.4272,1.24,100.0,80.9
8297,-13079.32,19.8928,1.31,100.0,80.8
8298,-13112.97,45.1283,1.32,100.0,80.8
8299,-13100.04,12.8988,1.33,100.0,80.9
8300,-13173.54,351.1589,1.36,100.0,80.7
8301,-13160.74,244.2014,1.42,99.8,80.5
8302,-13109.87,268.7661,1.31,100.0,80.5
8303,-13125.2,120.6658,1.27,100.0,80.6
8304,-13140.76,71.3461,1.32,100.0,80.6
8305,-13141.13,66.9859,1.33,100.0,80.6
8306,-13091.35,148.9527,1.44,96.2,80.5
8307,-13113.01,37.2054,1.41,98.9,80.7
8308,-13091.28,62.5834,1.34,100.0,80.6
8309,-13064.8,36.2416,1.41,100.0,80.7
8310,-13098.47,112.4699,1.37,99.5,80.7
8311,-13026.24,123.5129,1.3,100.0,80.7
8312,-13080.89,164.9376,1.29,100.0,80.7
8313,-13134.04,292.7221,1.3,100.0,80.6
8314,-13077.29,102.761,1.3,100.0,80.7
8315,-13110.7,258.5163,1.34,100.0,80.3
8316,-13083.08,61.014,1.3,100.0,80.4
8317,-13040.93,206.6751,1.31,100.0,80.4
8318,-13050.56,129.6489,1.31,100.0,80.5
8319,-13012.21,185.4907,1.26,100.0,80.3
8320,-13170.32,1318.3747,1.34,100.0,80.4
8321,-13286.67,2800.5149,1.43,99.9,80.5
8322,-13087.72,261.6085,1.35,100.0,80.6
8323,-13047.12,72.896,1.46,100.0,80.7
8324,-13010.29,45.2547,1.46,95.7,81.0
8325,-12998.43,45.1817,1.35,100.0,81.1
8326,-13030.95,26.6577,1.34,100.0,81.0
8327,-13104.29,234.8375,1.3,100.0,81.1
8328,-13034.31,123.6102,1.29,100.0,81.2
8329,-13066.86,60.8303,1.33,100.0,81.2
8330,-13056.56,33.9135,1.39,100.0,81.1
8331,-13048.06,13.9402,1.36,100.0,81.2
8332,-13062.06,124.0352,1.41,100.0,81.2
8333,-13087.12,61.8547,1.51,99.3,81.4
8334,-13082.55,53.7202,1.41,99.7,81.6
8335,-13109.51,69.4717,1.35,100.0,81.5
8336,-13095.37,64.0337,1.37,100.0,81.5
8337,-13078.72,20.4783,1.29,100.0,81.6
8338,-13116.56,150.3374,1.29,100.0,81.5
8339,-13078.49,42.4854,1.36,98.8,81.7
8340,-13116.28,26.549,1.31,100.0,81.7
8341,-13104.8,160.2292,1.29,100.0,81.7
8342,-13101.21,73.4152,1.32,100.0,81.8
8343,-13084.82,29.5502,1.3,99.0,81.7
8344,-13144.7,1050.6561,1.28,100.0,81.8
8345,-13102.6,1225.0552,1.31,100.0,81.8
8346,-13082.49,1077.1354,1.32,100.0,81.8
8347,-13312.43,6317.8507,1.36,100.0,81.8
8348,-13250.05,3262.6517,1.48,100.0,81.9
8349,-13420.17,9101.71,1.38,100.0,81.9
8350,-13142.67,2488.3307,1.38,100.0,81.9
8351,-13396.81,7121.4678,1.41,100.0,81.9
8352,-13424.03,6552.5262,1.31,100.0,82.0
8353,-13380.15,5741.3595,1.32,100.0,82.0
8354,-13174.65,1312.1466,1.38,100.0,82.0
8355,-13146.27,966.7298,1.37,100.0,82.1
8356,-13110.15,814.0562,1.38,100.0,82.1
8357,-13211.66,1058.6878,1.5,99.5,82.2
8358,-13382.51,3892.9429,1.59,100.0,82.8
8359,-13120.84,831.3414,1.34,100.0,82.9
8360,-13060.86,498.3848,1.36,100.0,82.9
8361,-12885.06,3892.8685,1.27,100.0,82.9
8362,-13143.47,220.557,1.29,100.0,83.0
8363,-13103.68,383.7653,1.33,100.0,82.9
8364,-12931.32,1894.883,1.3,100.0,82.9
8365,-12868.36,2981.1848,1.32,100.0,82.9
8366,-12891.95,1522.7934,1.4,100.0,83.0
8367,-12891.59,1248.6215,1.3,100.0,83.0
8368,-12868.02,817.9047,1.29,100.0,83.0
8369,-12881.5,561.1737,1.3,100.0,83.0
8370,-12901.77,337.1357,1.34,100.0,83.0
8371,-12913.61,217.1513,1.39,99.0,83.2
8372,-12890.25,220.7917,1.49,98.3,82.4
8373,-12880.73,279.0834,1.43,100.0,82.4
8374,-12899.45,55.7446,1.38,100.0,82.5
8375,-12958.69,230.1883,1.38,100.0,82.6
8376,-12921.12,93.0013,1.32,100.0,82.6
8377,-12930.36,98.1997,1.32,100.0,81.6
8378,-12959.97,44.7895,1.34,100.0,81.6
8379,-12960.73,56.8048,1.35,100.0,81.8
8380,-12950.41,29.7212,1.39,100.0,80.8
8381,-12960.29,17.3402,1.34,99.8,80.6
8382,-12941.49,49.4596,1.37,100.0,80.6
8383,-12962.86,639.9706,1.34,99.8,80.6
8384,-12954.16,344.8664,1.35,100.0,80.8
8385,-12901.82,115.6869,1.31,100.0,80.9
8386,-13005.03,813.7682,1.27,100.0,80.9
8387,-12938.14,360.2322,1.4,100.0,80.9
8388,-13010.34,387.1095,1.35,99.6,80.8
8389,-12901.85,560.7959,1.3,100.0,80.8
8390,-12918.52,391.9752,1.35,100.0,80.8
8391,-12936.39,363.2239,1.31,100.0,80.9
8392,-12877.67,327.5368,1.22,99.2,81.0
8393,-12875.75,201.6415,1.32,99.3,80.9
8394,-12906.92,62.0768,1.4,100.0,81.1
8395,-12893.79,232.7507,1.35,100.0,81.0
8396,-12934.44,117.0581,1.44,99.7,81.1
8397,-12919.08,55.1427,1.37,99.6,81.1
8398,-12964.97,577.4954,1.3,100.0,81.1
8399,-12964.34,477.2034,1.31,100.0,81.2
8400,-12927.04,129.1015,1.29,100.0,81.3
8401,-13026.21,916.4873,1.34,100.0,81.4
8402,-12922.83,100.4015,1.41,100.0,80.9
8403,-12927.45,33.9672,1.5,99.7,80.9
8404,-12965.84,94.0574,1.38,99.7,80.9
8405,-12937.17,112.2972,1.48,100.0,81.1
8406,-12911.17,279.5256,1.45,99.8,81.2
8407,-12923.94,305.6264,1.31,100.0,81.3
8408,-12968.13,354.6372,1.34,100.0,81.2
8409,-12918.06,106.9225,1.33,100.0,81.3
8410,-12912.57,80.7999,1.31,100.0,81.3
8411,-13031.54,1058.6663,1.41,100.0,81.3
8412,-12924.03,297.3103,1.38,100.0,81.4
8413,-12999.7,665.4177,1.33,100.0,81.5
8414,-12933.79,66.3788,1.35,100.0,81.5
8415,-12877.88,136.63,1.37,99.9,81.7
8416,-12934.45,137.4933,1.3,100.0,81.7
8417,-12942.62,97.6459,1.36,100.0,81.7
8418,-12897.47,133.2788,1.35,100.0,81.8
8419,-12897.17,81.3517,1.32,100.0,81.7
8420,-12897.83,39.3376,1.44,100.0,81.8
8421,-12913.59,87.2751,1.4,100.0,82.0
8422,-12886.08,106.8936,1.29,100.0,81.8
8423,-12903.45,35.5974,1.3,100.0,81.9
8424,-12930.36,50.6683,1.3,100.0,81.8
8425,-12929.8,62.8839,1.28,100.0,81.9
8426,-12922.89,55.0719,1.32,100.0,81.9
8427,-12950.94,86.1464,1.31,100.0,82.0
8428,-12897.15,38.4465,1.37,100.0,81.9
8429,-12883.15,79.2062,1.45,100.0,82.0
8430,-12917.4,90.3705,1.3,100.0,82.1
8431,-12905.05,76.0155,1.32,100.0,82.1
8432,-12923.21,62.2418,1.4,100.0,82.2
8433,-12884.84,89.9592,1.33,100.0,82.3
8434,-12896.52,41.5707,1.34,100.0,82.3
8435,-12839.94,168.1843,1.45,100.0,82.1
8436,-12887.72,322.2477,1.31,100.0,82.2
8437,-13111.59,3522.9701,1.3,100.0,82.3
8438,-12838.99,357.3818,1.35,100.0,82.4
8439,-13129.19,3205.7218,1.33,100.0,82.5
8440,-13153.71,3193.224,1.28,100.0,82.5
8441,-13139.0,1926.0388,1.3,100.0,82.5
8442,-12921.12,836.126,1.27,100.0,82.6
8443,-12932.57,429.0639,1.3,100.0,82.5
8444,-13388.63,17730.4644,1.32,100.0,82.6
8445,-13362.06,16125.6182,1.36,100.0,82.7
8446,-13336.77,11627.7598,1.38,100.0,82.7
8447,-13165.91,2763.7672,1.52,100.0,82.7
8448,-12900.11,1897.4679,1.4,100.0,82.3
8449,-12921.98,1127.2673,1.36,100.0,82.4
8450,-12926.38,611.8383,1.32,100.0,82.5
8451,-12856.84,568.2701,1.35,100.0,82.4
8452,-12866.99,414.1936,1.39,98.6,82.6
8453,-12903.54,255.6139,1.39,96.8,82.6
8454,-12973.8,186.535,1.38,100.0,82.5
8455,-12926.38,271.5697,1.33,100.0,82.6
8456,-12901.43,542.125,1.31,100.0,82.6
8457,-12932.78,205.19,1.31,100.0,82.7
8458,-12955.39,100.9774,1.3,100.0,82.7
8459,-12960.8,42.642,1.3,100.0,82.8
8460,-12984.81,210.7381,1.3,100.0,82.9
8461,-12973.05,50.4145,1.3,100.0,82.8
8462,-12988.09,35.7018,1.36,100.0,82.8
8463,-12957.37,59.3949,1.3,100.0,82.9
8464,-12979.6,142.4825,1.26,100.0,82.9
8465,-12956.83,53.1684,1.35,100.0,82.9
8466,-12939.85,44.803,1.43,96.9,82.8
8467,-12956.76,106.2883,1.33,100.0,82.7
8468,-12978.51,29.4674,1.42,100.0,82.8
8469,-12997.78,49.7134,1.52,96.9,82.9
8470,-12986.65,57.73,1.32,100.0,82.9
8471,-12999.69,27.8538,1.32,100.0,83.0
8472,-12995.68,63.0825,1.34,100.0,83.0
8473,-12964.96,128.8091,1.27,100.0,83.0
8474,-12966.36,264.1395,1.32,100.0,83.0
8475,-12989.92,164.1827,1.36,100.0,82.4
8476,-12934.68,66.6012,1.43,99.1,82.4
8477,-13011.46,148.2042,1.41,100.0,82.4
8478,-13021.13,95.9427,1.45,99.6,82.5
8479,-12996.45,110.683,1.51,99.4,82.6
8480,-13006.43,62.298,1.32,100.0,82.6
8481,-12993.39,24.8548,1.32,100.0,82.6
8482,-13057.22,149.501,1.27,100.0,82.6
8483,-13039.3,97.2108,1.32,100.0,82.7
8484,-12997.69,185.2164,1.35,99.0,82.9
8485,-12997.98,110.6718,1.31,100.0,82.5
8486,-13017.44,131.7718,1.27,100.0,82.4
8487,-13072.91,583.8159,1.31,100.0,82.4
8488,-13083.31,218.2416,1.31,100.0,82.4
8489,-13039.34,217.278,1.33,100.0,82.5
8490,-13038.12,221.0776,1.4,100.0,82.6
8491,-12992.93,265.0186,1.37,100.0,82.7
8492,-13003.06,42.7649,1.38,100.0,82.6
8493,-13012.87,141.4326,1.43,100.0,82.7
8494,-13045.74,449.2136,1.33,100.0,82.8
8495,-13047.27,315.7959,1.35,100.0,82.8
8496,-12941.08,924.5596,1.41,100.0,83.0
8497,-12951.0,811.7784,1.34,100.0,83.1
8498,-13047.54,805.307,1.33,100.0,83.0
8499,-13036.14,639.4015,1.39,100.0,82.9
8500,-13006.31,204.1221,1.31,100.0,82.9
8501,-12961.87,259.3709,1.3,100.0,83.0
8502,-13043.98,99.7591,1.28,100.0,83.1
8503,-13059.53,665.823,1.28,100.0,83.1
8504,-13030.33,518.3537,1.3,100.0,83.2
8505,-13024.09,126.9186,1.37,100.0,83.2
8506,-13016.74,155.5229,1.32,100.0,83.1
8507,-13039.5,71.6338,1.38,100.0,83.2
8508,-13014.72,24.5317,1.35,100.0,83.2
8509,-12969.47,205.9742,1.39,100.0,83.3
8510,-12958.83,95.0853,1.47,100.0,83.3
8511,-12991.22,181.6991,1.41,100.0,83.3
8512,-12877.08,319.6218,1.31,100.0,83.1
8513,-12913.56,150.5973,1.37,100.0,83.2
8514,-12965.94,414.0225,1.36,100.0,83.2
8515,-12983.48,362.5781,1.28,100.0,83.2
8516,-12923.63,102.5674,1.37,100.0,83.3
8517,-12952.0,73.9462,1.36,100.0,83.4
8518,-12892.98,150.739,1.31,100.0,83.4
8519,-12917.92,56.4676,1.32,100.0,83.4
8520,-12958.69,320.5328,1.26,100.0,83.5
8521,-12901.14,101.7101,1.27,100.0,83.6
8522,-12975.14,1283.209,1.32,100.0,83.7
8523,-12891.75,108.857,1.32,100.0,83.8
8524,-12814.82,1097.6337,1.39,100.0,83.8
8525,-12867.56,161.4537,1.49,100.0,83.7
8526,-12892.19,113.3302,1.44,100.0,83.8
8527,-12819.92,613.0408,1.33,100.0,83.9
8528,-12895.72,62.7359,1.35,100.0,83.9
8529,-13236.16,14452.9377,1.33,100.0,83.8
8530,-13283.34,12502.9934,1.33,100.0,83.3
8531,-12841.16,1045.1174,1.44,100.0,83.0
8532,-12877.74,960.0564,1.43,99.1,83.1
8533,-12891.08,519.5901,1.39,100.0,83.2
8534,-12930.69,403.1087,1.45,100.0,83.1
8535,-12919.65,336.2125,1.43,100.0,83.3
8536,-12888.86,229.7997,1.29,100.0,83.2
8537,-12953.39,392.8863,1.31,100.0,82.8
8538,-12902.26,182.0865,1.36,100.0,83.0
8539,-12898.41,152.2767,1.31,100.0,82.8
8540,-12860.9,854.9193,1.44,100.0,82.8
8541,-12865.12,573.1765,1.51,99.2,83.1
8542,-12905.56,472.6102,1.38,98.7,83.4
8543,-12848.39,255.3368,1.35,100.0,83.3
8544,-12850.29,143.7841,1.33,100.0,83.3
8545,-12943.94,483.8025,1.28,100.0,83.2
8546,-12865.6,95.8241,1.32,100.0,83.3
8547,-12849.49,137.7027,1.38,100.0,83.3
8548,-12838.24,40.6293,1.35,100.0,83.4
8549,-12835.27,35.2315,1.34,100.0,83.4
8550,-12863.53,27.9455,1.34,100.0,83.4
8551,-12838.62,22.003,1.32,100.0,83.4
8552,-12863.87,164.3525,1.31,100.0,83.3
8553,-12824.27,20.2978,1.34,100.0,83.4
8554,-12804.85,50.7,1.33,100.0,83.4
8555,-12828.74,40.8002,1.38,100.0,83.4
8556,-12808.65,24.1869,1.32,100.0,83.6
8557,-13727.1,67865.8457,1.51,100.0,83.7
8558,-12782.59,398.6083,1.41,99.6,83.7
8559,-12788.59,354.5166,1.35,100.0,83.6
8560,-12778.07,204.9107,1.35,100.0,83.7
8561,-13997.53,104848.2793,1.34,100.0,83.8
8562,-14030.41,114299.8945,1.41,100.0,83.8
8563,-14295.34,160815.918,1.44,100.0,83.7
8564,-12794.99,1841.0156,1.34,100.0,83.9
8565,-12810.01,2079.5774,1.34,100.0,83.9
8566,-12819.06,564.9651,1.35,100.0,83.8
8567,-14442.89,191359.2695,1.36,100.0,83.9
8568,-14461.4,190240.6055,1.44,100.0,83.9
8569,-14440.07,185380.582,1.44,100.0,83.9
8570,-14452.56,169506.1211,1.43,100.0,84.0
8571,-12826.19,4257.6044,1.3,100.0,83.9
8572,-12812.37,5096.9415,1.34,100.0,84.0
8573,-12840.34,3726.6411,1.4,100.0,84.0
8574,-12824.25,2063.9994,1.33,100.0,83.9
8575,-12797.23,922.5256,1.32,100.0,83.9
8576,-12840.48,425.9907,1.3,100.0,84.0
8577,-12770.4,201.7935,1.28,100.0,83.8
8578,-12855.78,693.3521,1.32,100.0,83.6
8579,-12800.16,59.0027,1.35,100.0,83.6
8580,-14343.22,177687.2188,1.38,100.0,83.7
8581,-12782.6,650.3878,1.39,100.0,83.9
8582,-14366.73,171588.082,1.45,99.9,83.8
8583,-12824.85,943.2567,1.29,100.0,83.8
8584,-14326.33,155030.5156,1.41,100.0,83.8
8585,-14349.13,152435.0234,1.44,100.0,83.9
8586,-14368.59,146415.4609,1.34,100.0,83.8
8587,-12787.44,5162.2198,1.37,100.0,83.9
8588,-12845.29,4703.9436,1.44,98.2,83.9
8589,-12815.79,4423.5306,1.34,100.0,84.0
8590,-12835.45,2993.0378,1.41,100.0,84.1
8591,-12824.22,1522.8885,1.48,99.6,84.0
8592,-12894.98,871.0138,1.29,100.0,84.1
8593,-12810.71,372.08,1.32,100.0,84.1
8594,-14380.74,177132.9961,1.39,100.0,84.1
8595,-14394.47,175082.8672,1.35,100.0,84.1
8596,-14394.24,166259.5859,1.41,100.0,84.2
8597,-14385.71,152423.7031,1.52,100.0,84.2
8598,-14374.54,144744.3203,1.51,100.0,84.1
8599,-12914.02,3385.856,1.35,100.0,84.1
8600,-12908.84,4179.9611,1.41,99.3,84.1
8601,-12929.86,3234.5482,1.45,100.0,84.2
8602,-12919.23,2426.3956,1.33,100.0,84.3
8603,-12877.98,1727.3261,1.34,100.0,84.3
8604,-12892.52,656.6758,1.29,100.0,84.2
8605,-12885.42,414.1377,1.29,100.0,84.3
8606,-12890.89,417.456,1.36,100.0,84.3
8607,-12876.86,307.464,1.33,100.0,84.4
8608,-14413.17,163517.5234,1.49,100.0,84.5
8609,-14384.62,154241.582,1.5,100.0,84.7
8610,-14408.96,148452.2852,1.53,100.0,84.8
8611,-14370.9,138327.9531,1.43,100.0,84.6
8612,-14390.23,135252.707,1.38,100.0,84.6
8613,-14421.39,127375.7324,1.37,100.0,84.6
8614,-12937.36,13711.468,1.26,100.0,84.7
8615,-12955.56,15818.9016,1.31,100.0,84.8
8616,-12966.09,14151.6086,1.36,100.0,84.8
8617,-12962.14,12121.0581,1.36,100.0,84.8
8618,-14546.1,136301.1836,1.39,100.0,84.5
8619,-12921.88,9021.7524,1.36,100.0,84.7
8620,-12901.12,8216.1281,1.29,100.0,84.7
8621,-12879.85,5466.6149,1.31,100.0,84.7
8622,-12891.93,3576.0984,1.28,100.0,84.8
8623,-12861.84,2500.2421,1.5,83.7,85.1
8624,-12843.03,1172.3963,1.4,100.0,86.1
8625,-12843.17,1010.5309,1.4,100.0,86.1
8626,-12833.5,982.3177,1.8,100.0,84.3
8627,-12916.92,1106.8393,1.82,96.2,84.5
8628,-12893.26,449.6237,1.54,100.0,84.6
8629,-12880.64,251.527,1.57,100.0,84.8
8630,-12901.72,282.0523,1.67,100.0,84.6
8631,-12941.68,247.2157,1.65,95.6,84.7
8632,-12956.25,186.6553,1.51,100.0,84.7
8633,-12904.63,234.199,1.47,100.0,84.8
8634,-12951.33,157.0874,1.42,100.0,84.9
8635,-14464.78,170311.6914,1.5,99.4,85.0
8636,-12939.95,75.1419,1.28,100.0,85.0
8637,-14509.56,171982.8242,1.4,100.0,84.9
8638,-12907.78,217.8266,1.32,100.0,85.0
8639,-12907.12,82.6723,1.31,100.0,85.0
8640,-12884.33,36.8043,1.39,100.0,85.0
8641,-12885.42,18.1099,1.43,100.0,85.1
8642,-12889.33,60.9988,1.34,100.0,85.1
8643,-14438.69,182544.5508,1.42,100.0,85.2
8644,-14452.78,179028.918,1.41,100.0,85.2
8645,-12881.86,712.7473,1.26,99.1,85.4
8646,-14432.36,165812.4297,1.38,100.0,85.5
8647,-12899.69,1154.6372,1.35,100.0,85.5
8648,-12900.76,965.3075,1.3,100.0,85.6
8649,-12867.06,681.9781,1.35,100.0,85.7
8650,-14481.75,169083.6016,1.46,99.4,85.7
8651,-12899.45,238.7179,1.32,100.0,85.4
8652,-14390.2,161102.5742,1.4,100.0,85.5
8653,-12897.9,150.4916,1.29,100.0,85.6
8654,-12903.46,174.3342,1.27,100.0,85.4
8655,-12867.07,170.4256,1.32,100.0,85.4
8656,-12952.64,268.4979,1.44,98.2,85.3
8657,-13024.65,507.3444,1.34,100.0,85.4
8658,-13036.31,402.1504,1.36,100.0,85.5
8659,-13002.23,213.9291,1.34,100.0,85.5
8660,-13006.0,328.1692,1.31,100.0,85.3
8661,-13002.42,283.6955,1.3,100.0,85.4
8662,-13340.71,16147.4336,1.33,100.0,85.4
8663,-13323.61,13945.4512,1.35,100.0,85.4
8664,-13039.09,293.2365,1.42,100.0,85.4
8665,-13089.49,335.1298,1.5,98.5,85.5
8666,-13102.81,427.0379,1.45,98.0,85.4
8667,-13054.12,240.3806,1.36,100.0,85.4
8668,-13070.24,121.0369,1.44,100.0,85.4
8669,-13129.12,275.2535,1.38,100.0,85.5
8670,-13100.07,98.7766,1.25,100.0,85.3
8671,-12973.94,472.4129,1.32,100.0,85.3
8672,-12925.0,425.1822,1.33,100.0,85.4
8673,-13001.16,268.1861,1.32,100.0,85.4
8674,-12935.31,290.7424,1.36,100.0,85.3
8675,-12942.36,102.0822,1.5,98.2,85.5
8676,-13001.35,100.4316,1.29,100.0,85.4
8677,-12940.6,165.4784,1.33,100.0,85.5
8678,-12927.58,127.2197,1.31,100.0,85.5
8679,-12944.93,108.3709,1.27,100.0,85.5
8680,-12953.67,196.2717,1.37,100.0,85.6
8681,-12913.16,86.2153,1.42,100.0,85.7
8682,-12918.62,34.0883,1.33,100.0,85.3
8683,-12985.49,168.8432,1.45,100.0,85.3
8684,-12983.21,102.877,1.44,99.5,85.4
8685,-12993.49,116.0574,1.4,100.0,85.5
8686,-12949.58,106.7221,1.35,100.0,85.5
8687,-12946.22,48.3341,1.35,100.0,85.6
8688,-12950.7,95.3596,1.3,100.0,85.7
8689,-12953.15,130.9305,1.3,100.0,85.7
8690,-12964.88,44.6741,1.4,98.4,85.9
8691,-12903.36,73.6509,1.35,100.0,85.8
8692,-12903.37,56.3901,1.3,100.0,85.9
8693,-12847.58,87.9106,1.27,100.0,85.9
8694,-12870.78,187.5603,1.23,99.5,86.2
8695,-12903.53,129.3037,1.31,100.0,86.2
8696,-12894.49,29.2413,1.3,99.5,85.5
8697,-12913.34,110.0804,1.33,100.0,85.5
8698,-12872.62,51.4242,1.35,100.0,85.6
8699,-12856.06,24.9877,1.45,100.0,85.7
8700,-12884.88,47.2449,1.49,99.7,85.7
8701,-12872.34,36.3215,1.35,100.0,85.9
8702,-12851.09,114.8174,1.37,100.0,85.8
8703,-12847.08,70.0021,1.33,100.0,85.8
8704,-12821.07,92.1675,1.23,100.0,85.7
8705,-12808.89,26.0938,1.37,100.0,85.8
8706,-13065.53,2100.7741,1.34,100.0,85.8
8707,-13089.91,3997.9884,1.29,100.0,85.8
8708,-12976.76,1135.3501,1.28,100.0,85.1
8709,-12996.58,1013.4901,1.27,100.0,85.2
8710,-12862.48,676.5586,1.29,100.0,85.3
8711,-12880.43,311.4578,1.31,100.0,85.3
8712,-12906.23,266.9685,1.3,100.0,85.3
8713,-12901.87,239.5963,1.34,100.0,85.4
8714,-12795.82,513.892,1.44,100.0,85.5
8715,-12894.4,217.1016,1.37,100.0,85.6
8716,-12918.98,1180.9887,1.32,100.0,85.6
8717,-12893.62,633.1407,1.43,100.0,85.6
8718,-12879.21,331.0087,1.42,100.0,85.7
8719,-12944.19,382.3289,1.3,100.0,85.8
8720,-12893.28,254.9086,1.32,100.0,85.9
8721,-12891.19,110.2142,1.34,100.0,85.7
8722,-12850.3,53.3389,1.28,100.0,85.7
8723,-12836.1,82.1668,1.33,100.0,85.1
8724,-12872.36,80.7801,1.32,100.0,85.1
8725,-12878.63,31.4426,1.31,100.0,85.2
8726,-12972.69,239.474,1.36,100.0,85.3
8727,-12962.03,51.056,1.34,100.0,85.3
8728,-12906.64,121.6751,1.25,100.0,85.3
8729,-12866.43,153.195,1.32,100.0,85.4
8730,-12920.2,172.1216,1.36,100.0,85.3
8731,-12903.31,119.4594,1.32,100.0,85.3
8732,-12889.52,104.3327,1.46,100.0,85.4
8733,-12909.0,322.9195,1.46,98.7,85.4
8734,-12918.3,108.0715,1.32,100.0,85.3
8735,-12873.88,111.2259,1.37,100.0,85.4
8736,-12814.28,208.8757,1.32,100.0,85.4
8737,-12900.97,181.151,1.28,100.0,85.3
8738,-12890.3,79.3331,1.39,100.0,85.5
8739,-12895.32,24.2513,1.41,100.0,85.5
8740,-12865.27,45.1746,1.34,100.0,85.5
8741,-12884.82,42.4737,1.36,100.0,85.6
8742,-12880.06,41.3015,1.37,99.8,85.7
8743,-12898.34,32.7004,1.23,100.0,85.7
8744,-12895.4,32.2188,1.31,100.0,86.6
8745,-12871.41,60.3963,1.32,100.0,86.7
8746,-12872.03,98.6364,1.3,100.0,86.7
8747,-12851.92,130.7943,1.43,100.0,86.6
8748,-13146.25,14816.8357,1.36,100.0,86.2
8749,-12827.49,79.125,1.28,100.0,86.3
8750,-12820.3,119.0794,1.32,100.0,86.4
8751,-12794.05,124.3603,1.3,100.0,86.4
8752,-12814.4,85.3836,1.32,100.0,86.5
8753,-12893.37,247.8608,1.46,100.0,86.6
8754,-12833.96,109.3943,1.43,98.8,86.3
8755,-12851.6,184.3811,1.33,100.0,86.3
8756,-12833.23,147.7827,1.39,100.0,86.4
8757,-12842.31,97.9586,1.38,99.9,86.1
8758,-12817.0,86.6348,1.32,100.0,86.0
8759,-12801.67,87.6341,1.31,100.0,86.0
8760,-12803.2,22.8865,1.39,100.0,86.0
8761,-12768.5,91.1136,1.27,100.0,86.1
8762,-12737.83,71.2202,1.35,100.0,86.2
8763,-12793.71,387.2382,1.34,100.0,86.4
8764,-13411.21,19481.8062,1.26,100.0,86.2
8765,-13369.04,18486.2607,1.29,100.0,86.3
8766,-13542.58,22760.6753,1.31,100.0,86.2
8767,-13030.27,3858.6008,1.29,100.0,86.1
8768,-13039.77,3545.4149,1.41,98.0,85.9
8769,-12934.15,1784.3456,1.41,100.0,85.9
8770,-12923.79,1558.9059,1.33,100.0,85.9
8771,-12901.03,1243.1909,1.38,100.0,86.0
8772,-12782.92,358.5404,1.3,100.0,86.0
8773,-13116.31,6945.8274,1.27,100.0,86.0
8774,-12936.96,1170.5309,1.34,100.0,86.0
8775,-12921.47,715.4475,1.36,100.0,86.0
8776,-12773.48,442.5459,1.34,100.0,86.0
8777,-12732.76,625.2418,1.34,100.0,85.8
8778,-13065.17,13411.979,1.37,99.9,85.9
8779,-12778.26,253.843,1.31,100.0,86.0
8780,-12737.08,308.7488,1.32,100.0,85.8
8781,-12757.87,346.3303,1.32,100.0,85.6
8782,-12767.29,190.6499,1.34,100.0,85.7
8783,-12834.08,207.6844,1.45,96.8,86.0
8784,-12792.22,214.2297,1.39,100.0,86.1
8785,-12792.61,164.6981,1.34,100.0,86.1
8786,-12782.96,138.0311,1.37,100.0,86.1
8787,-12819.44,511.0633,1.35,100.0,86.2
8788,-12744.28,77.745,1.28,100.0,86.2
8789,-12777.08,245.5177,1.31,100.0,86.4
8790,-12748.47,103.3983,1.3,100.0,86.3
8791,-12721.49,79.1609,1.31,100.0,86.3
8792,-12770.01,205.3246,1.4,100.0,86.4
8793,-13034.21,13511.8645,1.52,98.8,86.6
8794,-12722.35,207.1861,1.3,100.0,86.6
8795,-12787.87,256.3254,1.35,100.0,86.7
8796,-12721.66,57.0339,1.35,100.0,86.5
8797,-12741.77,79.8237,1.28,100.0,86.6
8798,-12772.72,194.7323,1.37,100.0,86.7
8799,-12793.41,81.3756,1.38,100.0,86.7
8800,-12797.73,44.1946,1.35,100.0,86.7
8801,-12871.75,282.2467,1.37,100.0,86.8
8802,-12847.59,70.5226,1.34,100.0,86.4
8803,-12833.93,45.7818,1.3,100.0,86.6
8804,-12803.2,51.9391,1.27,100.0,86.6
8805,-12797.59,25.838,1.28,100.0,86.6
8806,-12814.98,211.1053,1.31,100.0,86.5
8807,-12778.56,18.8932,1.36,100.0,86.2
8808,-12770.04,46.1029,1.41,100.0,86.3
8809,-12789.21,43.7588,1.42,100.0,86.3
8810,-12802.62,23.7811,1.4,100.0,86.4
8811,-13077.12,12948.022,1.37,100.0,86.3
8812,-13077.64,12033.7405,1.3,100.0,86.4
8813,-13123.27,10518.7605,1.35,100.0,86.4
8814,-13129.71,9477.8186,1.39,100.0,85.8
8815,-13060.42,9814.2661,1.34,100.0,86.1
8816,-13067.62,8865.7761,1.39,100.0,86.0
8817,-13251.72,6058.6909,1.52,99.2,86.3
8818,-13143.01,3807.8668,1.32,100.0,86.5
8819,-12757.3,11570.1218,1.3,100.0,86.5
8820,-12762.44,10507.1753,1.29,100.0,86.5
8821,-12792.79,7407.9343,1.3,100.0,86.4
8822,-12847.94,5153.8352,1.34,100.0,86.5
8823,-12760.44,3855.8109,1.34,100.0,86.5
8824,-12838.56,2766.1622,1.37,100.0,86.6
8825,-12768.6,1756.9785,1.36,100.0,86.8
8826,-13087.95,10016.8779,1.44,100.0,86.6
8827,-13100.4,9412.6516,1.28,100.0,86.6
8828,-13052.6,7793.3103,1.3,100.0,86.7
8829,-13109.73,6274.2284,1.36,100.0,86.7
8830,-12811.52,2317.9907,1.33,100.0,86.8
8831,-12796.32,2604.1764,1.35,100.0,86.8
8832,-12809.01,2114.648,1.36,100.0,86.8
8833,-12787.78,1444.8484,1.28,100.0,86.8
8834,-12760.19,904.9063,1.3,100.0,86.9
8835,-12810.52,630.1089,1.3,100.0,87.0
8836,-13094.24,13118.6313,1.35,100.0,86.8
8837,-13109.96,13017.4854,1.44,99.5,86.7
8838,-13138.28,11705.0659,1.41,99.4,86.6
8839,-12809.8,346.5546,1.39,100.0,86.5
8840,-12842.7,299.7167,1.36,100.0,86.5
8841,-12816.06,228.0386,1.43,100.0,86.5
8842,-12829.12,132.8308,1.3,100.0,86.5
8843,-12803.0,41.2701,1.29,100.0,86.6
8844,-12759.7,165.0351,1.32,100.0,86.8
8845,-12782.72,107.2719,1.33,100.0,86.7
8846,-12829.23,111.5033,1.36,100.0,86.8
8847,-12818.64,125.2977,1.46,100.0,86.7
8848,-12827.2,55.6703,1.36,99.8,87.0
8849,-12796.86,42.2005,1.37,100.0,87.0
8850,-13118.61,13311.7837,1.38,100.0,87.1
8851,-13103.68,12961.9055,1.27,100.0,87.1
8852,-13136.34,12909.6216,1.29,100.0,87.0
8853,-13150.9,10854.9573,1.36,100.0,87.1
8854,-13121.25,10129.6179,1.32,100.0,87.1
8855,-13140.41,8476.8064,1.38,100.0,87.2
8856,-12787.08,4659.8114,1.49,99.8,86.7
8857,-13135.84,7418.4675,1.36,100.0,86.8
8858,-12802.42,5030.9612,1.3,100.0,86.7
8859,-12807.78,4339.2849,1.31,100.0,86.9
8860,-12793.64,3074.3126,1.33,100.0,87.0
8861,-13109.89,6897.0103,1.31,100.0,87.0
8862,-12781.07,1687.5069,1.36,100.0,87.1
8863,-12824.66,880.9336,1.45,100.0,87.2
8864,-12805.13,671.4216,1.36,100.0,87.2
8865,-13124.56,11572.8699,1.39,100.0,87.3
8866,-13122.25,11830.1379,1.42,100.0,87.2
8867,-13114.35,10912.2151,1.27,100.0,87.1
8868,-12780.56,418.9394,1.35,100.0,87.2
8869,-13121.25,10449.5256,1.33,100.0,87.3
8870,-13113.78,8909.2295,1.31,100.0,87.3
8871,-12812.72,967.5663,1.45,99.8,87.3
8872,-12797.01,1240.343,1.42,100.0,87.3
8873,-12830.51,668.1306,1.33,100.0,87.3
8874,-12805.13,539.5931,1.32,100.0,87.3
8875,-12808.8,297.5404,1.32,100.0,87.4
8876,-12923.37,1192.7481,1.28,100.0,87.5
8877,-13040.68,2042.9977,1.32,100.0,87.5
8878,-13062.19,1950.6226,1.37,100.0,87.4
8879,-13062.19,1180.4657,1.27,100.0,87.5
8880,-13059.8,838.3448,1.37,100.0,87.6
8881,-13077.48,714.521,1.31,100.0,87.6
8882,-13096.37,603.3409,1.26,100.0,87.6
8883,-13097.47,412.446,1.36,100.0,87.6
8884,-13088.66,303.9038,1.44,100.0,88.0
8885,-13138.59,145.432,1.32,100.0,87.9
8886,-13171.5,211.9765,1.4,100.0,88.0
8887,-13145.54,111.0317,1.54,98.0,88.1
8888,-13128.68,161.9172,1.33,100.0,88.2
8889,-13105.18,320.9692,1.35,100.0,88.3
8890,-13099.73,188.5187,1.32,100.0,88.2
8891,-13089.78,76.157,1.25,100.0,88.1
8892,-13090.0,135.2931,1.33,100.0,88.1
8893,-13050.25,237.8338,1.33,100.0,88.1
8894,-13075.3,30.4731,1.3,100.0,88.1
8895,-13077.96,77.01,1.39,100.0,88.2
8896,-13007.88,335.8244,1.35,100.0,88.2
8897,-13013.95,536.9338,1.27,100.0,88.2
8898,-12998.4,154.8843,1.31,100.0,88.2
8899,-12990.43,299.0185,1.36,100.0,88.3
8900,-12996.76,178.3359,1.3,100.0,88.4
8901,-12978.0,74.2182,1.4,100.0,88.4
8902,-12975.26,22.9404,1.44,99.0,87.9
8903,-12964.83,16.5671,1.36,100.0,87.5
8904,-12964.14,31.5217,1.34,100.0,87.5
8905,-12998.31,152.0946,1.35,100.0,87.5
8906,-12979.47,195.775,1.29,100.0,87.6
8907,-13319.17,11610.0845,1.33,100.0,87.5
8908,-12959.65,412.9143,1.44,98.0,87.9
8909,-12972.74,182.0502,1.43,100.0,87.9
8910,-12961.85,155.4595,1.35,100.0,87.9
8911,-12966.52,129.5971,1.43,100.0,87.9
8912,-12976.99,67.5308,1.36,100.0,88.0
8913,-12941.43,90.139,1.28,100.0,88.0
8914,-12962.65,72.6725,1.3,100.0,88.0
8915,-13009.68,125.3358,1.34,100.0,88.1
8916,-12968.85,66.906,1.34,100.0,88.1
8917,-12976.11,38.6299,1.37,100.0,88.1
8918,-12970.16,254.4097,1.34,100.0,87.4
8919,-13037.69,129.3935,1.36,100.0,87.5
8920,-12987.76,156.5916,1.34,100.0,87.6
8921,-13000.56,167.92,1.45,100.0,87.7
8922,-13037.34,79.7912,1.59,97.7,87.9
8923,-13027.68,112.0022,1.3,100.0,87.9
8924,-13087.04,219.9428,1.35,100.0,88.0
8925,-13042.96,70.3304,1.34,100.0,88.0
8926,-13087.62,83.0971,1.27,100.0,87.9
8927,-13066.47,62.0934,1.36,100.0,88.0
8928,-13014.01,421.5262,1.34,100.0,87.9
8929,-13063.48,53.1394,1.36,100.0,87.9
8930,-13063.38,119.6825,1.43,100.0,88.0
8931,-13078.11,59.6575,1.42,100.0,88.2
8932,-13073.71,68.7135,1.28,100.0,88.2
8933,-13040.75,79.7375,1.32,100.0,88.2
8934,-13026.96,92.9369,1.32,100.0,88.3
8935,-13057.5,165.2977,1.31,100.0,88.3
8936,-13039.57,39.7297,1.36,100.0,88.3
8937,-13040.59,133.1326,1.3,100.0,88.3
8938,-13040.6,55.7645,1.28,100.0,88.3
8939,-12985.49,306.6952,1.29,100.0,88.3
8940,-12999.65,19.4864,1.29,100.0,88.3
8941,-12950.77,177.7379,1.31,100.0,88.5
8942,-13011.51,51.3684,1.42,100.0,88.5
8943,-13038.79,328.6035,1.42,100.0,88.4
8944,-12989.61,340.1185,1.35,100.0,88.1
8945,-13027.4,177.3445,1.38,100.0,88.1
8946,-13012.19,226.6645,1.39,100.0,88.3
8947,-12979.38,179.0233,1.29,100.0,88.3
8948,-13025.16,205.0526,1.34,100.0,88.4
8949,-12800.96,4497.6802,1.35,100.0,88.2
8950,-13024.65,58.4482,1.3,100.0,88.1
8951,-13016.76,110.5647,1.42,99.2,87.4
8952,-12779.29,4767.6311,1.39,100.0,87.5
8953,-13008.46,120.7453,1.31,100.0,87.5
8954,-12990.91,64.3945,1.34,100.0,87.5
8955,-13061.04,90.3761,1.31,100.0,87.6
8956,-12997.02,150.0094,1.31,100.0,87.5
8957,-12772.32,4269.8165,1.32,100.0,87.5
8958,-13038.8,475.7417,1.3,100.0,87.5
8959,-12845.17,4312.114,1.28,100.0,87.6
8960,-12822.4,4018.0213,1.32,100.0,87.6
8961,-12878.0,3401.7807,1.3,100.0,87.7
8962,-12921.73,1421.3609,1.33,100.0,87.8
8963,-13045.81,294.9977,1.41,100.0,87.7
8964,-13151.37,252.1457,1.34,100.0,87.9
8965,-13168.21,191.6759,1.35,100.0,87.9
8966,-13203.89,160.9458,1.42,100.0,87.9
8967,-13175.3,85.8539,1.46,100.0,88.0
8968,-13149.36,91.9578,1.34,100.0,88.1
8969,-13204.44,265.3585,1.35,100.0,88.0
8970,-13205.51,231.4591,1.32,100.0,88.0
8971,-13168.97,139.7714,1.29,100.0,88.0
8972,-13123.57,192.8754,1.31,100.0,88.1
8973,-13028.23,546.7508,1.34,100.0,88.1
8974,-12970.3,508.8281,1.33,100.0,88.1
8975,-12953.4,168.5277,1.38,100.0,88.2
8976,-12865.71,431.568,1.32,100.0,88.2
8977,-12842.78,455.7613,1.3,100.0,88.2
8978,-12816.52,198.7128,1.36,100.0,88.3
8979,-12866.23,223.5802,1.35,100.0,88.4
8980,-12856.42,132.3856,1.31,100.0,88.4
8981,-12913.02,183.1187,1.39,100.0,88.4
8982,-12979.79,531.6759,1.43,99.5,88.3
8983,-12994.97,313.0698,1.29,100.0,88.3
8984,-12997.73,338.84,1.34,100.0,88.3
8985,-12983.31,146.0284,1.43,100.0,88.4
8986,-12971.77,139.8371,1.28,100.0,88.5
8987,-12944.01,147.6098,1.3,100.0,88.5
8988,-12927.72,125.4153,1.3,100.0,88.5
8989,-13053.37,2900.1824,1.27,100.0,88.4
8990,-12854.67,331.828,1.36,99.2,88.7
8991,-12800.87,308.6454,1.42,100.0,89.0
8992,-12804.14,177.7898,1.35,100.0,89.0
8993,-13030.08,4766.5721,1.44,100.0,89.1
8994,-13049.95,4703.9066,1.52,93.4,88.9
8995,-12813.86,92.2379,1.31,100.0,88.9
8996,-12865.48,35.0574,1.38,100.0,89.1
8997,-14259.71,149611.8281,1.41,100.0,89.1
8998,-13025.5,2555.9682,1.23,100.0,89.0
8999,-13035.58,2250.0126,1.34,100.0,89.1
9000,-14362.22,145900.0,1.41,100.0,89.2
9001,-12897.25,772.6456,1.28,100.0,89.2
9002,-14347.55,141040.0977,1.4,100.0,89.2
9003,-12991.94,385.2536,1.44,100.0,89.2
9004,-12904.25,896.6157,1.36,100.0,89.3
9005,-12945.25,440.861,1.33,100.0,89.3
9006,-12951.5,235.6172,1.4,100.0,89.4
9007,-12916.06,156.2205,1.38,100.0,89.3
9008,-12892.42,46.5074,1.37,100.0,89.3
9009,-14301.22,139526.8164,1.46,100.0,89.4
9010,-12913.62,75.3597,1.46,100.0,89.4
9011,-12886.92,81.0823,1.3,100.0,89.5
9012,-12845.66,79.9084,1.37,100.0,89.5
9013,-12864.93,38.683,1.33,100.0,89.5
9014,-12877.21,56.1946,1.25,100.0,89.5
9015,-12864.96,56.3251,1.3,100.0,89.5
9016,-12850.89,171.0203,1.32,100.0,89.5
9017,-12783.15,102.0469,1.32,100.0,89.5
9018,-12812.64,60.8351,1.36,99.7,89.4
9019,-12724.76,52.8657,1.35,100.0,89.4
9020,-12774.53,54.6556,1.29,100.0,89.5
9021,-12819.48,113.5403,1.35,100.0,89.5
9022,-12822.99,155.8955,1.31,100.0,89.6
9023,-12969.07,3096.2059,1.3,100.0,89.6
9024,-12790.88,220.9174,1.38,100.0,89.6
9025,-12735.56,190.0717,1.41,100.0,89.5
9026,-12979.74,2775.9373,1.31,100.0,89.5
9027,-12766.4,72.6368,1.35,100.0,89.6
9028,-12735.46,140.2559,1.31,100.0,89.6
9029,-12950.48,2940.1258,1.26,100.0,89.6
9030,-12791.03,155.4919,1.37,98.6,89.8
9031,-12807.21,51.6036,1.38,100.0,89.7
9032,-12982.02,4050.9182,1.34,100.0,89.6
9033,-12809.47,74.3154,1.45,100.0,89.6
9034,-12774.83,137.6885,1.38,98.3,88.7
9035,-12753.04,131.6756,1.31,100.0,88.7
9036,-12831.9,278.0048,1.34,100.0,88.8
9037,-12804.78,91.4016,1.26,100.0,88.8
9038,-12801.97,44.5854,1.28,100.0,88.9
9039,-14242.36,139331.5156,1.4,100.0,88.8
9040,-12810.6,87.207,1.38,100.0,88.9
9041,-13011.34,2696.2896,1.33,100.0,88.8
9042,-12792.43,127.9563,1.41,100.0,88.9
9043,-12748.66,196.1432,1.43,100.0,88.9
9044,-12780.29,129.4505,1.29,100.0,88.9
9045,-12805.78,90.2682,1.38,100.0,89.0
9046,-12792.1,63.1724,1.4,100.0,89.0
9047,-12811.84,89.4099,1.28,100.0,88.5
9048,-12815.96,87.1383,1.39,100.0,88.6
9049,-13030.3,4429.3171,1.38,100.0,88.8
9050,-14156.53,134649.5742,1.34,100.0,88.8
9051,-12989.97,2804.285,1.33,100.0,88.9
9052,-14120.24,129634.1387,1.34,100.0,88.8
9053,-12808.11,1268.67,1.22,100.0,88.6
9054,-14199.24,124273.2715,1.36,100.0,88.5
9055,-12783.89,2531.6592,1.35,100.0,88.5
9056,-12824.32,1473.1745,1.29,100.0,88.6
9057,-12803.37,1263.9056,1.4,100.0,88.5
9058,-12848.89,596.4537,1.47,98.8,88.2
9059,-12827.7,278.3563,1.36,100.0,88.2
9060,-12860.86,296.9905,1.42,100.0,88.1
9061,-12737.43,144.7143,1.39,100.0,88.1
9062,-12978.93,2769.9689,1.28,100.0,88.0
9063,-14228.85,151883.5117,1.42,100.0,88.1
9064,-14231.79,148126.3828,1.46,100.0,88.1
9065,-14225.26,143001.832,1.37,100.0,88.2
9066,-12807.82,1004.4552,1.33,100.0,88.3
9067,-12854.45,982.2199,1.41,100.0,88.2
9068,-12807.51,1101.2976,1.54,99.4,88.2
9069,-12829.85,363.8034,1.31,100.0,88.1
9070,-14368.31,134398.6328,1.41,100.0,88.2
9071,-12782.04,240.4349,1.33,100.0,88.2
9072,-12775.56,184.743,1.29,100.0,88.3
9073,-12809.49,153.8516,1.39,100.0,88.5
9074,-13011.68,3028.6017,1.44,99.5,87.5
9075,-14275.62,150193.9883,1.43,100.0,87.6
9076,-13044.37,2582.6739,1.39,100.0,87.6
9077,-12821.33,889.9524,1.36,100.0,87.7
9078,-12891.56,370.7377,1.3,100.0,87.7
9079,-13022.75,2216.614,1.3,100.0,87.9
9080,-12840.35,153.4977,1.33,100.0,87.7
9081,-12841.18,101.2559,1.31,100.0,87.8
9082,-12850.84,108.0048,1.33,100.0,87.8
9083,-12869.68,76.4532,1.37,100.0,87.7
9084,-12868.77,75.7004,1.29,100.0,87.8
9085,-12762.29,381.6227,1.35,100.0,87.9
9086,-12803.34,92.4927,1.38,100.0,88.1
9087,-12819.51,145.7989,1.28,100.0,87.2
9088,-12806.59,49.5818,1.42,100.0,87.4
9089,-12864.24,71.932,1.43,85.3,87.7
9090,-12843.0,106.713,1.46,99.5,87.8
9091,-12784.67,344.7539,1.34,100.0,87.9
9092,-12822.01,175.4222,1.41,100.0,87.9
9093,-12764.77,145.7887,1.36,100.0,87.9
9094,-12975.19,3020.8951,1.26,100.0,87.9
9095,-12952.07,2967.8306,1.31,100.0,88.0
9096,-13011.74,3876.9627,1.3,100.0,87.8
9097,-12734.39,331.6262,1.31,100.0,87.9
9098,-13022.88,3594.325,1.36,100.0,88.0
9099,-12813.59,156.8863,1.31,100.0,88.1
9100,-12836.91,93.4297,1.29,100.0,88.0
9101,-12842.8,167.4504,1.39,100.0,88.2
9102,-12886.39,229.7912,1.35,100.0,88.2
9103,-12901.25,65.6848,1.32,100.0,88.1
9104,-12855.15,197.4364,1.37,100.0,87.8
9105,-12861.89,92.1988,1.36,100.0,87.8
9106,-12857.78,237.2338,1.26,100.0,87.8
9107,-12843.25,57.7409,1.34,100.0,87.8
9108,-12759.19,257.3383,1.33,100.0,87.9
9109,-12766.06,140.5622,1.35,100.0,88.0
9110,-12982.52,3181.1438,1.37,100.0,88.1
9111,-12768.42,247.4721,1.39,100.0,87.9
9112,-12781.18,107.2333,1.28,100.0,88.1
9113,-12801.78,119.3547,1.29,100.0,88.0
9114,-12986.91,2804.9379,1.29,100.0,88.0
9115,-12777.98,76.1519,1.35,100.0,88.0
9116,-12994.85,2983.8053,1.36,100.0,87.5
9117,-12764.94,73.6215,1.35,100.0,87.7
9118,-12778.82,67.1008,1.29,100.0,87.8
9119,-12795.08,25.048,1.33,100.0,87.8
9120,-12799.56,101.0938,1.27,100.0,87.8
9121,-12786.9,101.3555,1.33,100.0,87.8
9122,-13028.83,4235.2693,1.43,89.5,88.2
9123,-13008.88,2894.4669,1.42,99.8,88.3
9124,-13038.62,3827.24,1.37,100.0,88.3
9125,-12833.81,384.7589,1.49,100.0,88.4
9126,-12861.13,301.3566,1.48,98.2,88.3
9127,-13070.66,2401.4237,1.28,100.0,88.4
9128,-13051.81,2212.33,1.31,100.0,88.4
9129,-12828.93,431.1215,1.31,100.0,88.4
9130,-14269.97,148771.8203,1.36,100.0,88.5
9131,-12878.19,274.2807,1.5,100.0,89.5
9132,-12821.33,394.5284,1.32,100.0,89.6
9133,-14298.41,142057.2188,1.34,100.0,89.5
9134,-12857.18,271.2739,1.3,100.0,89.6
9135,-12858.62,91.0811,1.28,100.0,89.7
9136,-12860.29,52.0227,1.26,100.0,89.5
9137,-12812.67,134.4572,1.34,100.0,89.3
9138,-14416.87,147434.7812,1.48,100.0,89.3
9139,-14166.42,134872.1875,1.39,100.0,89.3
9140,-14234.15,135468.6328,1.34,100.0,88.2
9141,-14265.56,125926.2285,1.55,100.0,87.6
9142,-14331.78,126305.8809,1.6,99.5,87.7
9143,-14289.32,122499.7148,1.42,100.0,87.7
9144,-14308.71,114276.9395,1.43,100.0,87.7
9145,-14354.06,108055.8672,1.43,100.0,88.1
9146,-12908.04,17282.1287,1.37,100.0,87.8
9147,-12842.67,21945.1523,1.3,100.0,87.8
9148,-12879.54,17180.9148,1.31,100.0,87.9
9149,-12880.85,13237.8486,1.34,100.0,87.8
9150,-14293.35,106291.9453,1.38,100.0,87.9
9151,-12816.56,13036.6182,1.38,100.0,87.4
9152,-12785.94,11992.9814,1.37,100.0,87.4
9153,-14286.86,106548.8438,1.41,100.0,87.4
9154,-12851.29,8383.1113,1.43,100.0,87.9
9155,-12822.6,8058.4005,1.4,100.0,87.9
9156,-12839.78,5928.1396,1.29,100.0,87.9
9157,-12828.49,3724.6297,1.34,100.0,87.7
9158,-12892.47,3023.3076,1.31,100.0,87.7
9159,-14375.68,133987.7383,1.44,100.0,87.6
9160,-12816.36,2325.143,1.42,100.0,87.6
9161,-12861.88,1924.3482,1.62,99.9,87.5
9162,-14307.51,135646.4531,1.42,100.0,87.5
9163,-12884.32,1153.5999,1.4,100.0,87.6
9164,-12893.24,1225.2706,1.41,99.2,87.7
9165,-12911.34,573.7848,1.29,100.0,87.4
9166,-12870.25,356.8755,1.32,100.0,87.5
9167,-12805.46,378.0893,1.34,100.0,87.6
9168,-12821.33,213.2506,1.31,100.0,87.6
9169,-12992.22,2943.0511,1.33,100.0,87.7
9170,-12818.2,319.9633,1.37,100.0,87.7
9171,-12978.8,2574.7806,1.21,100.0,87.6
9172,-14280.58,158362.9023,1.39,100.0,87.6
9173,-12802.96,761.7533,1.34,100.0,87.8
9174,-12850.7,440.4834,1.29,100.0,87.7
9175,-14301.11,150195.875,1.45,99.7,87.9
9176,-14330.41,145209.6914,1.51,96.9,87.9
9177,-14331.46,138484.4883,1.37,100.0,87.9
9178,-14301.44,129858.9941,1.46,100.0,87.8
9179,-14255.43,121264.3613,1.74,100.0,87.9
9180,-14285.93,110689.3633,1.54,90.4,88.1
9181,-12892.8,7679.6062,1.36,100.0,88.1
9182,-12874.66,9305.521,1.34,100.0,88.2
9183,-12863.15,8252.2939,1.31,100.0,88.1
9184,-12838.29,7565.7274,1.27,100.0,87.6
9185,-12876.21,4462.59,1.31,100.0,87.7
9186,-12854.42,3525.9537,1.34,100.0,87.8
9187,-12875.2,1770.0332,1.28,100.0,87.8
9188,-12840.17,1539.9554,1.36,100.0,87.9
9189,-12762.81,1345.714,1.37,100.0,88.0
9190,-12812.97,1085.6009,1.37,100.0,88.0
9191,-12742.72,781.2437,1.32,100.0,87.9
9192,-12759.53,392.6674,1.39,100.0,88.0
9193,-12779.91,338.5317,1.35,100.0,88.0
9194,-12717.75,333.8602,1.32,100.0,88.0
9195,-12944.4,3014.0533,1.43,99.3,88.1
9196,-12801.84,321.7436,1.44,100.0,88.2
9197,-12756.88,200.9847,1.35,100.0,88.2
9198,-12746.73,142.3369,1.48,100.0,88.3
9199,-12733.75,176.5508,1.37,100.0,88.3
9200,-12721.56,125.3207,1.27,100.0,88.2
9201,-12952.54,4618.9968,1.28,100.0,88.2
9202,-12943.96,4322.8413,1.28,100.0,88.3
9203,-12943.96,4072.6586,1.31,100.0,88.4
9204,-12678.79,774.1639,1.43,100.0,88.3
9205,-12682.8,688.7445,1.45,99.0,88.5
9206,-12713.19,268.3977,1.31,100.0,88.6
9207,-12704.97,199.6739,1.38,100.0,88.6
9208,-12690.39,164.6789,1.31,100.0,88.7
9209,-12706.76,84.1719,1.27,100.0,88.8
9210,-12694.67,118.7092,1.39,100.0,88.7
9211,-12694.38,119.3889,1.39,100.0,88.9
9212,-12705.99,110.6346,1.28,100.0,88.8
9213,-12693.51,17.7274,1.33,100.0,88.9
9214,-12716.23,14.2793,1.31,100.0,89.0
9215,-14331.83,181482.5273,1.31,100.0,89.2
9216,-13079.62,12792.1814,1.31,100.0,89.4
9217,-13029.83,11168.8608,1.4,100.0,89.2
9218,-13281.46,12632.5791,1.41,100.0,89.2
9219,-12687.99,3306.0805,1.43,100.0,89.1
9220,-14243.98,149201.4766,1.52,89.4,89.3
9221,-14203.79,142727.3477,1.47,100.0,89.4
9222,-12703.54,6715.3007,1.38,100.0,89.5
9223,-12715.97,6931.495,1.35,100.0,89.5
9224,-12701.23,6176.7472,1.26,99.7,89.5
9225,-12688.82,4781.3328,1.29,100.0,89.5
9226,-12722.5,2928.6254,1.35,100.0,89.5
9227,-12740.34,1527.4224,1.3,100.0,89.5
9228,-12678.79,698.5892,1.37,100.0,89.6
9229,-14165.6,144150.2969,1.45,97.9,89.7
9230,-14394.93,152369.1602,1.44,100.0,89.8
9231,-14195.43,148317.6719,1.37,100.0,89.8
9232,-12691.15,543.7891,1.38,100.0,89.7
9233,-12710.05,600.9527,1.3,100.0,89.7
9234,-13035.11,13027.3279,1.32,100.0,89.7
9235,-12701.85,329.3624,1.35,100.0,89.9
9236,-13226.54,15992.0303,1.6,100.0,89.8
9237,-12700.69,263.6692,1.4,100.0,90.0
9238,-12916.13,3130.9924,1.43,100.0,90.0
9239,-12923.34,3086.8754,1.49,96.2,90.0
9240,-12723.06,202.7317,1.29,100.0,90.0
9241,-12721.61,196.4688,1.34,100.0,90.1
9242,-12730.72,98.704,1.35,100.0,90.2
9243,-12733.64,82.7815,1.27,100.0,89.9
9244,-12750.74,115.8549,1.31,100.0,90.0
9245,-12758.83,121.9863,1.37,100.0,90.4
9246,-12768.33,118.538,1.31,100.0,90.4
9247,-13006.37,4302.5994,1.37,100.0,90.6
9248,-13045.93,4322.7463,1.35,100.0,90.4
9249,-12860.12,255.1563,1.27,100.0,90.3
9250,-12838.24,118.4592,1.29,100.0,90.3
9251,-12795.15,283.6452,1.31,100.0,90.4
9252,-12998.19,2952.5616,1.29,100.0,90.4
9253,-12832.89,97.0294,1.34,100.0,90.4
9254,-12827.12,104.7086,1.43,100.0,90.5
9255,-12821.17,72.1199,1.33,100.0,90.4
9256,-12988.12,3081.5869,1.37,100.0,90.4
9257,-12998.15,3050.4416,1.29,100.0,90.4
9258,-12788.11,246.9254,1.31,100.0,90.5
9259,-12767.49,250.9367,1.44,99.5,90.9
9260,-12983.28,2926.2687,1.5,99.9,91.1
9261,-12817.36,52.3174,1.33,100.0,90.2
9262,-12765.12,140.2126,1.34,100.0,90.4
9263,-12790.41,85.7268,1.31,100.0,90.3
9264,-12742.89,93.1482,1.27,99.5,90.0
9265,-12989.6,4443.6135,1.29,100.0,90.1
9266,-12925.87,3042.8111,1.34,100.0,90.0
9267,-12967.9,2750.2667,1.32,100.0,90.0
9268,-12974.83,3737.8627,1.43,100.0,90.1
9269,-12930.24,2274.5523,1.45,98.3,90.1
9270,-12933.25,1932.1095,1.35,100.0,89.6
9271,-12728.21,561.6248,1.44,100.0,89.7
9272,-12729.46,650.7035,1.36,100.0,89.7
9273,-12776.08,398.024,1.28,100.0,89.6
9274,-12745.7,241.3611,1.37,100.0,89.6
9275,-12717.63,370.5566,1.5,100.0,89.7
9276,-12914.99,2009.3196,1.32,100.0,89.7
9277,-12922.39,3103.4474,1.32,100.0,89.7
9278,-13254.6,14622.8784,1.45,100.0,89.7
9279,-12998.16,11551.9866,1.62,97.2,89.9
9280,-13270.92,11154.3831,1.31,100.0,90.3
9281,-13034.02,7106.9015,1.35,100.0,90.3
9282,-12983.24,7296.2809,1.37,100.0,90.3
9283,-12934.17,7954.9092,1.27,100.0,90.3
9284,-12864.58,6403.8553,1.37,100.0,90.4
9285,-12670.65,5012.9681,1.43,98.6,90.1
9286,-12898.33,3436.4504,1.36,100.0,90.0
9287,-12982.61,7888.886,1.37,100.0,90.2
9288,-12968.02,7225.8218,1.35,100.0,90.2
9289,-12707.64,1858.009,1.41,100.0,90.3
9290,-12691.78,1944.2873,1.32,100.0,90.3
9291,-12676.63,1591.8639,1.35,100.0,90.4
9292,-12665.1,1338.3793,1.33,100.0,90.5
9293,-12994.96,11240.1536,1.39,100.0,90.6
9294,-13037.07,11553.6357,1.57,98.4,90.8
9295,-12995.7,9506.1428,1.67,100.0,91.0
9296,-12690.07,1108.5437,1.29,100.0,91.0
9297,-12709.23,1033.6684,1.35,100.0,91.1
9298,-12689.46,834.6328,1.3,100.0,91.2
9299,-13014.76,11784.5303,1.28,98.6,91.2
9300,-13014.59,13085.5662,1.29,100.0,91.3
9301,-12993.52,10653.1707,1.32,100.0,91.3
9302,-12690.98,949.3918,1.3,100.0,91.2
9303,-12683.17,1035.0371,1.4,100.0,91.3
9304,-12891.55,3060.5278,1.44,97.4,91.4
9305,-12916.35,2926.8916,1.32,100.0,91.4
9306,-12689.36,805.5254,1.42,100.0,91.4
9307,-13076.08,10187.1497,1.33,100.0,91.1
9308,-13081.18,9799.0972,1.28,100.0,91.1
9309,-12731.29,1164.521,1.38,100.0,91.3
9310,-12776.83,974.9331,1.41,100.0,91.2
9311,-12753.83,776.9281,1.32,100.0,90.6
9312,-12770.21,385.634,1.49,100.0,90.7
9313,-12766.77,317.9856,1.65,99.3,90.7
9314,-12806.09,275.8673,1.38,100.0,90.7
9315,-12776.38,206.0229,1.33,100.0,90.8
9316,-12785.86,116.704,1.29,100.0,90.7
9317,-12748.83,226.4959,1.23,99.5,90.7
9318,-12768.47,79.2085,1.36,100.0,90.8
9319,-12776.35,97.1528,1.39,97.3,90.9
9320,-12772.28,64.7635,1.33,100.0,90.8
9321,-12794.38,30.8804,1.39,100.0,90.9
9322,-12797.92,108.2576,1.45,100.0,90.7
9323,-12779.41,82.8323,1.52,99.0,90.8
9324,-12808.89,135.6208,1.28,100.0,90.8
9325,-12820.36,107.2004,1.32,100.0,90.8
9326,-12805.14,55.9097,1.34,100.0,91.2
9327,-12790.74,35.7397,1.31,100.0,91.1
9328,-12788.46,90.2044,1.39,98.7,90.8
9329,-12779.78,82.1502,1.32,100.0,90.8
9330,-12750.5,34.5408,1.28,100.0,90.9
9331,-12756.12,17.6294,1.38,100.0,90.9
9332,-12758.45,34.2607,1.34,100.0,90.9
9333,-12794.05,29.3557,1.36,100.0,90.9
9334,-12769.88,35.7423,1.36,98.8,91.0
9335,-12755.3,197.354,1.37,100.0,90.9
9336,-12954.3,2711.9429,1.32,100.0,91.0
9337,-12769.26,210.5118,1.46,100.0,91.0
9338,-12783.49,181.7107,1.57,95.9,91.0
9339,-12725.3,405.1981,1.31,100.0,90.9
9340,-12738.81,212.2866,1.32,100.0,91.0
9341,-12996.97,4043.4088,1.39,100.0,91.0
9342,-12723.73,118.9501,1.27,100.0,90.9
9343,-12708.05,114.6409,1.35,100.0,91.0
9344,-12659.83,102.007,1.38,100.0,90.9
9345,-12862.93,3326.6031,1.29,100.0,91.0
9346,-13005.63,14162.0823,1.38,100.0,91.1
9347,-12661.57,163.2336,1.41,100.0,91.2
9348,-13006.55,12124.0896,1.26,100.0,91.1
9349,-12986.53,10656.3872,1.34,100.0,91.1
9350,-13048.72,9777.8057,1.35,100.0,91.1
9351,-12724.24,1149.3774,1.29,100.0,91.1
9352,-12703.35,1178.9521,1.39,100.0,91.2
9353,-12659.65,1112.8589,1.39,100.0,91.3
9354,-12670.58,619.9281,1.33,100.0,91.2
9355,-12874.55,3519.403,1.33,100.0,91.1
9356,-12654.17,265.0543,1.32,100.0,90.6
9357,-12799.23,991.9835,1.29,100.0,90.7
9358,-12853.24,1202.4571,1.34,100.0,90.7
9359,-12901.09,1183.4614,1.4,100.0,90.9
9360,-12993.74,1365.6662,1.36,100.0,91.0
9361,-14457.03,159629.7422,2.0,98.2,89.9
9362,-14710.54,169207.9531,1.4,100.0,90.0
9363,-13306.21,8515.7808,1.42,100.0,90.0
9364,-13327.78,8616.4407,1.41,100.0,90.2
9365,-13332.11,7303.8584,1.39,100.0,90.2
9366,-13283.82,6923.291,1.45,98.8,90.3
9367,-13268.17,5895.6831,1.47,100.0,90.1
9368,-13256.93,4261.0349,1.28,100.0,90.1
9369,-13274.07,1664.9997,1.44,100.0,90.3
9370,-14474.51,133699.541,1.48,100.0,90.3
9371,-14660.85,120384.5547,1.38,100.0,90.3
9372,-13249.05,53194.1992,1.35,100.0,90.3
9373,-13299.28,98484.7578,1.34,100.0,90.2
9374,-13346.65,51838.7988,1.31,100.0,90.3
9375,-14377.46,94179.5938,1.43,100.0,90.3
9376,-12885.75,67746.2715,1.36,100.0,90.5
9377,-14332.72,101906.9707,1.32,100.0,90.5
9378,-13167.26,18916.4565,1.32,100.0,90.5
9379,-14681.15,95836.3223,1.43,100.0,90.5
9380,-14699.3,85557.8262,1.37,100.0,90.4
9381,-13157.32,28001.061,1.4,100.0,90.6
9382,-13155.45,26158.9688,1.43,99.5,90.8
9383,-13153.09,17907.1938,1.32,100.0,90.9
9384,-13123.23,13310.5371,1.35,100.0,91.0
9385,-13084.11,7639.098,1.3,100.0,90.9
9386,-13021.22,6578.1344,1.27,100.0,90.9
9387,-12947.44,4948.8192,1.3,100.0,91.0
9388,-12937.41,3820.4977,1.38,100.0,91.1
9389,-12961.91,2056.0956,1.27,100.0,91.0
9390,-12890.24,821.6045,1.37,100.0,91.0
9391,-13967.8,73733.1504,1.43,100.0,91.1
9392,-14040.72,77284.248,1.37,100.0,91.1
9393,-13284.03,8885.103,1.39,100.0,91.1
9394,-14454.77,106420.3203,1.5,98.2,91.5
9395,-13319.07,5910.0747,1.33,100.0,91.4
9396,-13331.74,5879.7244,1.35,100.0,91.4
9397,-13370.29,4663.5927,1.32,100.0,91.5
9398,-13401.33,2494.2163,1.29,100.0,91.4
9399,-13097.35,10576.7925,1.38,100.0,91.5
9400,-13059.46,10366.4141,1.34,100.0,91.6
9401,-13372.37,1649.6022,1.26,100.0,91.6
9402,-14164.3,74185.2227,1.37,100.0,91.7
9403,-14186.67,72735.377,1.33,100.0,91.7
9404,-13091.27,9772.3013,1.27,100.0,91.7
9405,-13074.49,10070.2583,1.38,100.0,91.8
9406,-13051.5,8547.6722,1.33,97.1,91.9
9407,-13038.31,6800.8356,1.36,100.0,91.9
9408,-13355.36,3294.2526,1.56,100.0,92.0
9409,-14376.74,84753.1523,1.73,98.7,92.2
9410,-13347.22,2819.5991,1.44,96.1,92.1
9411,-13379.99,2349.6868,1.34,100.0,92.1
9412,-14529.21,94221.123,1.39,100.0,92.1
9413,-14582.76,99922.1133,1.36,100.0,92.2
9414,-13370.49,2648.5156,1.25,100.0,92.1
9415,-13363.51,3044.5565,1.34,100.0,91.8
9416,-13083.99,13111.1028,1.3,100.0,91.9
9417,-13405.61,1841.7386,1.3,100.0,91.8
9418,-13099.11,9046.9084,1.41,100.0,91.7
9419,-13109.39,6556.03,1.29,100.0,91.6
9420,-13097.26,5287.5024,1.29,100.0,91.7
9421,-13073.35,4589.2168,1.41,100.0,91.7
9422,-13059.8,3793.254,1.36,100.0,91.8
9423,-13067.16,2667.1675,1.39,100.0,91.8
9424,-13042.98,1882.8162,1.4,100.0,91.8
9425,-13113.94,1846.6823,1.47,95.4,91.9
9426,-13182.08,1431.3434,1.31,100.0,91.9
9427,-13710.0,32838.9102,1.52,100.0,92.0
9428,-13627.74,23731.9619,1.72,100.0,92.0
9429,-13644.12,17674.7539,1.59,94.5,92.1
9430,-13727.87,14833.6731,1.32,100.0,92.1
9431,-13722.99,12467.2334,1.38,100.0,92.3
9432,-13740.81,11565.4868,1.37,100.0,92.1
9433,-13765.92,9165.7087,1.3,100.0,92.1
9434,-13309.5,4453.9346,1.31,100.0,92.2
9435,-13330.89,3741.6875,1.33,100.0,92.2
9436,-13044.6,15216.8723,1.28,100.0,92.3
9437,-13129.65,8938.9996,1.39,100.0,92.4
9438,-13167.3,5914.6752,1.31,100.0,92.1
9439,-13118.4,2487.8786,1.3,100.0,92.0
9440,-13029.29,1985.1427,1.34,99.6,92.1
9441,-13075.09,965.6057,1.33,100.0,92.1
9442,-12994.58,996.9428,1.3,100.0,92.2
9443,-13010.83,483.4698,1.33,100.0,92.3
9444,-13031.69,596.1164,1.49,100.0,92.5
9445,-13091.46,748.9855,1.26,100.0,92.3
9446,-13024.22,240.3085,1.39,100.0,92.4
9447,-12950.0,293.145,1.48,100.0,92.4
9448,-12959.72,221.7605,1.3,100.0,92.5
9449,-12997.29,228.9983,1.35,100.0,92.5
9450,-12961.59,240.747,1.37,100.0,92.7
9451,-12968.58,60.3744,1.32,100.0,92.0
9452,-12945.27,145.8905,1.33,100.0,92.1
9453,-12968.58,184.1918,1.31,100.0,92.2
9454,-12898.65,319.0448,1.31,100.0,92.2
9455,-12923.83,185.5466,1.39,99.6,92.5
9456,-12887.46,93.3714,1.38,100.0,92.6
9457,-12882.51,242.2125,1.27,100.0,92.2
9458,-12885.45,96.4192,1.31,100.0,92.1
9459,-12852.45,193.0982,1.27,100.0,92.1
9460,-12921.37,409.7827,1.26,100.0,92.2
9461,-12940.49,341.5385,1.36,99.9,92.3
9462,-12976.75,529.7895,1.35,100.0,92.3
9463,-12977.71,156.3893,1.34,100.0,92.4
9464,-12954.13,226.457,1.48,100.0,92.3
9465,-12959.35,257.7121,1.67,94.1,92.6
9466,-12959.35,118.4073,1.39,100.0,92.6
9467,-12963.39,389.3403,1.46,100.0,92.7
9468,-12932.86,265.4022,1.36,100.0,92.5
9469,-12966.24,96.351,1.33,100.0,92.6
9470,-13118.81,791.1102,1.3,100.0,92.6
9471,-13067.73,1021.7653,1.41,99.7,92.7
9472,-13008.89,512.9216,1.37,100.0,92.7
9473,-13033.63,371.314,1.29,100.0,92.6
9474,-13056.74,383.5611,1.33,100.0,92.7
9475,-13039.82,304.5636,1.28,100.0,92.7
9476,-13031.1,105.0375,1.29,100.0,92.7
9477,-13043.15,98.1858,1.36,98.7,92.8
9478,-13030.23,192.6529,1.34,100.0,92.9
9479,-13023.18,82.8344,1.34,100.0,92.8
9480,-12985.59,43.9614,1.48,100.0,92.8
9481,-12977.43,115.2529,1.63,91.5,92.5
9482,-12963.49,298.1181,1.32,100.0,92.6
9483,-12895.57,386.8421,1.34,100.0,92.7
9484,-12889.92,225.276,1.46,100.0,92.5
9485,-13082.64,2906.8852,1.26,100.0,92.5
9486,-13086.55,2659.4807,1.39,100.0,92.6
9487,-13105.32,3223.7609,1.37,98.1,92.7
9488,-12926.28,748.9593,1.28,100.0,92.8
9489,-12950.93,496.0963,1.36,100.0,92.8
9490,-12923.15,276.9022,1.34,100.0,92.9
9491,-12931.87,133.8398,1.25,100.0,92.8
9492,-12966.22,395.0636,1.31,100.0,92.7
9493,-12970.9,186.1679,1.33,100.0,92.7
9494,-12999.07,88.2243,1.3,100.0,92.8
9495,-12965.05,410.2907,1.36,100.0,92.9
9496,-12975.06,277.3834,1.36,99.4,92.3
9497,-12976.69,129.1813,1.25,100.0,92.4
9498,-12975.11,40.5356,1.27,100.0,92.4
9499,-12929.03,137.7247,1.27,100.0,92.5
9500,-12947.19,83.5762,1.32,100.0,92.5
9501,-12875.77,235.3933,1.41,100.0,92.5
9502,-13166.29,11824.5735,1.48,92.1,92.5
9503,-13189.71,8013.0967,1.3,100.0,92.7
9504,-13188.58,7411.3347,1.46,100.0,92.6
9505,-13189.0,5486.3657,1.69,99.8,92.8
9506,-13202.0,3704.2502,1.4,100.0,92.7
9507,-13179.98,2751.1489,1.3,100.0,92.7
9508,-13159.68,1668.417,1.29,100.0,92.7
9509,-13155.55,1397.5039,1.25,100.0,92.8
9510,-13118.0,817.2121,1.32,100.0,92.7
9511,-13216.65,995.3076,1.35,100.0,92.9
9512,-12885.22,9261.5444,1.49,100.0,93.2
9513,-12907.13,7737.4513,1.33,100.0,93.0
9514,-12886.6,4953.1626,1.39,100.0,93.1
9515,-12921.22,4540.6777,1.37,100.0,93.1
9516,-13222.87,5281.5178,1.27,100.0,93.1
9517,-13148.63,5110.877,1.35,100.0,93.2
9518,-13130.12,4101.6073,1.45,99.2,93.3
9519,-13148.41,2043.8741,1.32,100.0,93.0
9520,-13202.76,1155.3147,1.42,100.0,93.0
9521,-13242.6,649.5204,1.39,99.0,92.7
9522,-13234.73,640.7747,1.26,100.0,92.7
9523,-12914.58,13379.0115,1.3,100.0,92.7
9524,-12922.85,12574.6882,1.32,100.0,92.6
9525,-12946.26,10089.4963,1.33,100.0,92.6
9526,-12942.69,8153.7988,1.41,96.3,92.7
9527,-13012.29,5145.3091,1.37,98.7,92.1
9528,-12937.71,4101.77,1.28,100.0,92.2
9529,-12901.55,3035.8399,1.3,100.0,92.1
9530,-12886.78,1820.8315,1.25,100.0,92.1
9531,-12842.25,1316.9613,1.29,100.0,92.1
9532,-12835.24,904.0781,1.34,100.0,92.2
9533,-12839.02,737.8403,1.31,100.0,92.3
9534,-12853.68,388.8208,1.31,100.0,92.2
9535,-12899.98,206.272,1.44,100.0,92.2
9536,-12939.63,215.0866,1.41,100.0,92.0
9537,-12964.21,169.1156,1.28,100.0,92.1
9538,-12946.79,119.6448,1.39,100.0,92.2
9539,-12880.54,284.7624,1.4,100.0,92.2
9540,-12866.34,331.1062,1.31,100.0,92.2
9541,-12902.36,330.3456,1.39,100.0,92.0
9542,-12901.66,367.0581,1.49,99.0,92.1
9543,-12889.48,174.6483,1.35,100.0,92.2
9544,-12924.81,45.8863,1.38,100.0,92.2
9545,-12886.25,177.7421,1.35,100.0,92.3
9546,-12944.74,422.455,1.35,98.5,92.4
9547,-12928.41,274.2037,1.25,100.0,92.1
9548,-12955.51,205.7942,1.33,100.0,92.3
9549,-12956.91,151.9766,1.34,100.0,92.3
9550,-12978.73,108.515,1.33,100.0,92.4
9551,-13053.31,424.4052,1.4,100.0,92.5
9552,-12954.2,207.4883,1.44,100.0,92.4
9553,-12932.72,407.3151,1.28,100.0,92.4
9554,-12947.48,143.6708,1.34,100.0,92.4
9555,-12933.35,220.4243,1.38,100.0,92.6
9556,-12969.55,211.2398,1.28,100.0,92.6
9557,-12953.45,338.6785,1.34,100.0,92.6
9558,-12972.15,111.6783,1.35,100.0,92.6
9559,-12961.0,80.8226,1.27,100.0,92.6
9560,-12946.86,349.7861,1.31,100.0,92.7
9561,-12941.22,382.7814,1.3,100.0,92.7
9562,-12933.48,189.6791,1.31,100.0,92.8
9563,-12924.39,164.3829,1.37,100.0,92.8
9564,-12883.45,198.8129,1.42,100.0,92.7
9565,-12924.04,165.9144,1.33,100.0,92.7
9566,-12908.4,106.7774,1.4,100.0,92.8
9567,-12918.21,70.2536,1.42,97.8,93.0
9568,-12900.37,153.7403,1.31,100.0,93.0
9569,-12917.17,128.5699,1.35,100.0,93.0
9570,-12980.64,133.0164,1.31,100.0,92.9
9571,-12968.91,51.0295,1.27,100.0,92.9
9572,-12928.66,188.5721,1.31,100.0,93.0
9573,-12920.02,66.5828,1.34,100.0,93.1
9574,-12957.14,117.054,1.29,100.0,93.1
9575,-12917.12,68.9382,1.33,100.0,92.8
9576,-12957.03,152.8852,1.3,100.0,92.9
9577,-12887.96,530.7066,1.34,100.0,92.9
9578,-13190.74,8512.7205,1.42,100.0,92.9
9579,-12924.57,249.5827,1.4,100.0,93.0
9580,-12922.74,201.8133,1.33,100.0,93.1
9581,-12851.8,133.1516,1.42,100.0,93.0
9582,-12810.08,124.491,1.42,100.0,93.0
9583,-12822.64,85.6213,1.26,100.0,92.9
9584,-13115.27,8831.7551,1.32,100.0,93.1
9585,-13175.75,7449.4482,1.37,99.9,93.1
9586,-13163.12,4172.589,1.28,100.0,93.1
9587,-13175.02,3482.3598,1.31,100.0,93.1
9588,-13173.93,1897.879,1.31,100.0,93.1
9589,-13164.78,1191.2774,1.28,95.8,92.7
9590,-13418.47,9137.6011,1.28,100.0,92.7
9591,-13430.83,6213.6204,1.4,100.0,92.8
9592,-13429.26,5551.7061,1.38,100.0,92.8
9593,-13440.88,3605.2114,1.43,100.0,92.9
9594,-13175.12,7569.4747,1.49,93.9,93.1
9595,-13250.42,8976.6877,1.46,97.7,92.9
9596,-13142.58,7531.8108,1.3,100.0,93.0
9597,-13463.63,3084.9979,1.37,100.0,93.0
9598,-13433.12,2168.9511,1.28,100.0,92.9
9599,-13414.45,2061.0609,1.25,100.0,93.0
9600,-13436.09,948.8766,1.36,99.1,93.1
9601,-13228.65,12168.355,1.34,100.0,93.0
9602,-13253.39,10689.4614,1.34,100.0,93.1
9603,-13204.32,9863.3235,1.42,100.0,93.1
9604,-13426.93,942.8126,1.47,100.0,93.1
9605,-13147.56,7591.5347,1.3,100.0,93.1
9606,-13515.97,2058.9137,1.36,100.0,93.2
9607,-13523.6,1551.7596,1.36,100.0,93.2
9608,-13218.31,6663.9805,1.3,100.0,93.2
9609,-13188.02,7281.0941,1.37,100.0,93.3
9610,-13512.2,1848.7126,1.43,99.4,93.6
9611,-13507.29,1317.5171,1.36,100.0,93.6
9612,-13169.97,6728.5062,1.33,100.0,93.6
9613,-13440.45,924.5598,1.43,100.0,93.5
9614,-13204.68,7258.9386,1.55,97.9,93.9
9615,-13202.69,6681.8499,1.29,100.0,94.0
9616,-13192.32,6023.6952,1.37,100.0,94.0
9617,-13202.13,4668.3011,1.33,100.0,94.1
9618,-13207.04,3726.3613,1.3,100.0,94.0
9619,-13204.37,2456.6349,1.37,100.0,94.0
9620,-13256.04,1735.1154,1.48,99.4,94.1
9621,-13241.27,929.6848,1.44,100.0,94.1
9622,-13152.51,796.1804,1.33,100.0,94.3
9623,-13223.61,342.983,1.38,100.0,94.2
9624,-13228.13,244.3003,1.33,100.0,94.3
9625,-13150.35,407.2426,1.29,100.0,94.2
9626,-13154.65,285.0282,1.32,100.0,94.2
9627,-13094.56,218.502,1.33,100.0,94.4
9628,-13196.55,275.5076,1.3,100.0,94.4
9629,-13145.17,134.9265,1.39,100.0,94.2
9630,-13080.88,151.7213,1.44,100.0,94.2
9631,-13084.96,121.9087,1.31,100.0,94.2
9632,-13141.6,220.7984,1.37,100.0,94.3
9633,-13125.06,132.3052,1.45,99.2,94.4
9634,-13085.87,141.4218,1.31,100.0,94.5
9635,-13085.46,135.0076,1.35,100.0,94.5
9636,-13092.27,141.8664,1.3,100.0,94.4
9637,-13066.99,258.9892,1.28,99.8,94.3
9638,-13067.22,206.7476,1.29,100.0,94.3
9639,-13089.41,303.8203,1.43,100.0,94.4
9640,-13044.28,163.9606,1.33,100.0,94.4
9641,-13041.79,56.0074,1.34,100.0,94.5
9642,-13066.21,58.7893,1.43,100.0,94.8
9643,-13067.4,84.2238,1.4,100.0,94.8
9644,-13056.41,40.7204,1.33,100.0,94.8
9645,-13060.37,38.2667,1.36,100.0,94.3
9646,-13302.02,12228.988,1.42,100.0,93.8
9647,-13025.07,148.6428,1.33,100.0,93.7
9648,-12992.8,288.0009,1.47,98.3,93.3
9649,-13290.4,11399.5842,1.47,96.7,93.7
9650,-12996.85,131.6598,1.3,100.0,93.8
9651,-13267.58,11559.625,1.34,100.0,93.8
9652,-13011.62,109.6738,1.3,100.0,93.8
9653,-12968.75,104.7609,1.27,99.7,93.7
9654,-12985.59,47.4038,1.29,100.0,93.8
9655,-12990.89,34.1733,1.36,100.0,93.7
9656,-13021.9,27.1974,1.31,100.0,93.7
9657,-13024.01,73.9407,1.42,100.0,93.8
9658,-12956.41,130.3893,1.58,100.0,93.8
9659,-13263.45,12978.8262,1.52,99.9,93.7
9660,-13476.75,20532.8037,1.36,100.0,94.0
9661,-13488.32,19220.7148,1.41,100.0,93.9
9662,-13464.77,17037.2371,1.44,100.0,94.0
9663,-13483.64,13893.4019,1.31,100.0,94.1
9664,-12978.66,3470.0046,1.31,100.0,94.0
9665,-12955.17,4103.4164,1.32,100.0,94.1
9666,-12955.94,3249.4711,1.36,100.0,94.2
9667,-12982.42,2298.5278,1.32,100.0,94.1
9668,-12909.48,1601.1702,1.46,100.0,94.1
9669,-12967.22,934.4043,1.42,100.0,94.4
9670,-12932.66,293.6889,1.34,100.0,94.4
9671,-12961.42,121.5476,1.34,100.0,94.4
9672,-12948.94,97.2851,1.31,100.0,94.3
9673,-13210.72,12517.8892,1.33,97.6,94.6
9674,-12902.59,190.7562,1.28,100.0,94.6
9675,-13410.51,14942.9417,1.33,100.0,94.5
9676,-12903.48,218.3353,1.35,100.0,94.6
9677,-12912.99,116.6804,1.49,100.0,94.7
9678,-13196.56,12195.2568,1.51,92.9,94.9
9679,-12880.92,142.6765,1.45,99.7,94.8
9680,-12878.62,137.1809,1.32,100.0,94.8
9681,-12880.34,41.326,1.37,100.0,94.8
9682,-13192.47,13308.4712,1.27,100.0,94.9
9683,-12906.77,91.1327,1.27,100.0,94.9
9684,-12926.11,41.2554,1.33,99.4,95.4
9685,-13208.98,12023.0413,1.33,100.0,95.5
9686,-12851.19,153.9804,1.3,100.0,94.3
9687,-12915.15,15.1257,1.38,100.0,94.3
9688,-12876.63,196.3541,1.42,100.0,94.4
9689,-13081.31,3121.1409,1.29,100.0,94.4
9690,-12879.73,44.7193,1.33,100.0,94.5
9691,-12938.29,76.7994,1.3,100.0,94.5
9692,-12916.46,13.522,1.3,100.0,94.4
9693,-12855.19,86.4349,1.39,100.0,94.4
9694,-12871.65,48.6677,1.46,100.0,94.2
9695,-12905.55,177.7696,1.41,100.0,94.1
9696,-12939.46,210.3213,1.52,100.0,94.4
9697,-12948.22,167.0022,1.48,98.6,94.1
9698,-12928.04,65.4865,1.34,99.8,93.8
9699,-12861.23,87.9491,1.32,100.0,93.9
9700,-12870.7,84.3053,1.32,100.0,93.9
9701,-13096.41,4426.9253,1.31,100.0,94.0
9702,-13110.28,3940.473,1.3,100.0,94.0
9703,-12846.73,680.8571,1.34,98.1,93.9
9704,-13122.92,3177.1472,1.35,100.0,93.9
9705,-12862.02,684.7942,1.36,100.0,93.7
9706,-12872.43,491.1228,1.34,100.0,93.8
9707,-12937.28,393.5183,1.32,100.0,93.9
9708,-12868.72,358.6541,1.28,100.0,94.0
9709,-12899.07,483.5868,1.35,100.0,93.9
9710,-13089.03,3197.1888,1.35,100.0,93.9
9711,-12876.82,328.2373,1.36,100.0,94.0
9712,-12871.2,335.5172,1.36,100.0,94.0
9713,-12903.01,75.7152,1.42,99.5,94.2
9714,-12843.78,120.1944,1.33,100.0,94.1
9715,-12861.29,221.5489,1.31,100.0,94.0
9716,-12892.47,183.828,1.33,100.0,94.0
9717,-12877.2,76.4959,1.28,100.0,94.1
9718,-12871.12,165.6903,1.41,96.9,94.2
9719,-12883.98,31.4927,1.44,97.4,94.3
9720,-12976.62,482.7456,1.32,100.0,94.3
9721,-13070.58,848.9126,1.37,100.0,94.3
9722,-13140.43,765.6206,1.36,100.0,94.3
9723,-13139.7,322.9246,1.3,99.0,94.4
9724,-13157.37,255.6921,1.3,100.0,94.4
9725,-13215.26,148.5525,1.31,100.0,94.5
9726,-13201.27,261.6809,1.31,100.0,94.5
9727,-12949.0,14425.5188,1.34,100.0,94.4
9728,-12901.09,14544.3594,1.34,98.2,94.3
9729,-12994.47,12874.2468,1.36,100.0,94.4
9730,-12981.75,11178.8347,1.3,100.0,94.4
9731,-12989.76,9420.3894,1.38,99.9,94.5
9732,-13888.58,32557.9771,1.4,99.7,94.5
9733,-13838.93,28772.6338,1.36,100.0,94.5
9734,-13813.15,27032.2002,1.41,100.0,94.5
9735,-13824.78,24615.1313,1.4,100.0,94.5
9736,-13824.78,21609.9272,1.32,100.0,94.6
9737,-12948.9,10681.5205,1.32,100.0,94.6
9738,-13824.31,18542.7222,1.41,100.0,94.7
9739,-12883.95,12932.4836,1.39,100.0,94.7
9740,-12973.68,11791.9009,1.34,100.0,94.7
9741,-13514.25,13050.8489,1.4,100.0,94.8
9742,-12975.09,9492.6716,1.29,100.0,94.8
9743,-13801.22,18821.7617,1.28,100.0,94.9
9744,-12968.65,8004.3397,1.33,100.0,94.9
9745,-12950.57,6765.551,1.37,100.0,95.0
9746,-13802.7,24302.6636,1.38,100.0,94.8
9747,-13797.66,23263.8931,1.41,100.0,95.0
9748,-13724.99,20752.9282,1.53,98.5,94.9
9749,-13274.1,2644.2176,1.38,100.0,94.9
9750,-13804.94,15220.6731,1.42,100.0,94.9
9751,-12958.75,11796.5962,1.38,100.0,95.0
9752,-12942.44,13939.918,1.5,100.0,95.0
9753,-13292.23,1622.6276,1.26,100.0,95.0
9754,-12960.95,10066.0527,1.35,100.0,95.1
9755,-12932.57,10139.9431,1.32,100.0,95.1
9756,-12958.85,7385.1353,1.31,100.0,95.1
9757,-12950.67,7285.5581,1.41,97.7,95.3
9758,-12836.9,5589.1882,1.37,100.0,95.2
9759,-12877.59,3567.2288,1.29,100.0,95.2
9760,-12915.55,1944.5057,1.31,100.0,95.2
9761,-13197.81,10340.1624,1.29,100.0,95.1
9762,-12916.65,1120.5107,1.28,99.9,95.1
9763,-12881.41,666.1772,1.43,100.0,94.9
9764,-12875.11,448.2074,1.41,100.0,95.0
9765,-12918.31,331.2869,1.32,100.0,94.9
9766,-12890.66,231.3673,1.4,100.0,95.0
9767,-12857.98,536.5247,1.42,99.3,95.0
9768,-12879.26,328.9643,1.37,100.0,95.1
9769,-12898.53,205.1466,1.31,100.0,95.2
9770,-12870.19,138.9696,1.3,100.0,95.1
9771,-12855.69,119.824,1.24,100.0,95.2
9772,-12882.49,178.7226,1.4,100.0,95.3
9773,-12853.37,320.3049,1.58,92.3,95.3
9774,-12835.14,99.2136,1.39,100.0,95.4
9775,-12815.68,120.7536,1.38,100.0,95.0
9776,-12796.45,52.9626,1.41,100.0,94.9
9777,-12792.26,70.3933,1.55,95.7,94.9
9778,-12747.78,74.8496,1.3,100.0,94.9
9779,-12723.58,102.497,1.3,100.0,94.9
9780,-13062.55,8424.4534,1.31,100.0,95.0
9781,-13085.81,7492.6221,1.28,100.0,95.0
9782,-13188.99,8979.2991,1.37,100.0,95.3
9783,-13024.34,4711.5512,1.42,96.9,95.4
9784,-13024.44,3709.7943,1.35,100.0,95.6
9785,-12987.86,2775.9936,1.42,100.0,95.6
9786,-13022.65,1574.3799,1.39,99.8,95.8
9787,-12991.03,854.5521,1.28,100.0,95.8
9788,-12972.09,643.721,1.34,100.0,95.8
9789,-12998.63,358.8246,1.3,100.0,95.8
9790,-13051.4,561.0134,1.28,100.0,95.8
9791,-13079.73,1063.124,1.38,100.0,95.9
9792,-13122.88,611.8613,1.41,100.0,96.1
9793,-13097.01,428.3975,1.33,100.0,96.0
9794,-13085.51,387.9645,1.35,100.0,96.0
9795,-13064.33,292.0809,1.32,100.0,96.0
9796,-13082.39,152.28,1.26,100.0,96.1
9797,-13082.1,113.068,1.33,100.0,96.2
9798,-13094.33,90.9511,1.45,100.0,96.3
9799,-13126.5,44.927,1.4,100.0,96.2
9800,-13104.42,158.5831,1.34,100.0,96.1
9801,-13093.2,101.2699,1.44,100.0,96.2
9802,-13081.3,80.225,1.43,96.7,96.3
9803,-14047.78,67629.4824,1.33,100.0,96.4
9804,-13032.86,1023.3435,1.33,100.0,96.4
9805,-13054.26,311.2261,1.28,100.0,96.5
9806,-13063.84,61.1791,1.24,100.0,96.3
9807,-14174.49,86867.5215,1.41,99.2,96.4
9808,-13051.19,47.697,1.41,100.0,96.5
9809,-13035.32,98.2713,1.29,100.0,96.5
9810,-13065.48,155.3745,1.42,100.0,96.3
9811,-13034.92,118.6136,1.62,100.0,96.4
9812,-13074.72,81.8325,1.55,97.0,96.3
9813,-13042.77,109.204,1.3,100.0,96.5
9814,-13072.76,31.1432,1.37,100.0,96.5
9815,-13086.16,47.3637,1.3,100.0,96.6
9816,-14223.0,84228.4512,1.32,100.0,96.6
9817,-14219.77,80815.5723,1.4,100.0,96.3
9818,-13051.86,3066.3601,1.33,100.0,96.4
9819,-13053.02,3650.1979,1.29,100.0,96.3
9820,-13052.02,2306.4292,1.4,100.0,96.4
9821,-13051.19,954.3169,1.4,99.2,96.3
9822,-14199.5,81713.7852,1.33,100.0,96.3
9823,-14208.89,82471.1992,1.35,100.0,96.4
9824,-13062.05,165.255,1.31,100.0,95.8
9825,-13094.86,130.5002,1.3,100.0,95.8
9826,-13035.42,377.4557,1.39,100.0,95.9
9827,-13057.97,130.2438,1.56,98.1,95.8
9828,-14240.69,90975.3672,1.51,97.0,96.1
9829,-14215.27,90924.9609,1.5,100.0,96.1
9830,-14212.4,87766.293,1.57,100.0,96.1
9831,-14236.62,82263.1152,1.46,99.5,96.2
9832,-14197.46,72993.2422,1.39,100.0,96.2
9833,-14278.36,70432.3789,1.35,100.0,96.2
9834,-13049.5,16050.7722,1.27,100.0,96.2
9835,-13054.27,17332.6997,1.27,100.0,96.2
9836,-13004.33,14522.532,1.31,100.0,96.2
9837,-13003.92,11101.3557,1.33,100.0,96.3
9838,-13012.56,7892.2604,1.39,100.0,96.3
9839,-13054.76,3779.2659,1.35,100.0,96.4
9840,-13082.76,1461.2088,1.39,100.0,96.5
9841,-13059.45,452.8716,1.43,99.3,96.5
9842,-13693.72,24698.04,1.32,100.0,96.4
9843,-13611.27,22406.0659,1.36,100.0,96.5
9844,-13258.47,4633.5699,1.3,100.0,96.5
9845,-13055.3,477.3065,1.27,100.0,96.5
9846,-13798.41,20339.2891,1.41,100.0,96.4
9847,-13032.4,875.3986,1.39,100.0,96.5
9848,-13230.22,2098.3198,1.46,100.0,96.4
9849,-13056.05,750.1643,1.48,100.0,96.4
9850,-12995.64,813.5076,1.43,100.0,96.5
9851,-13048.86,461.5801,1.46,97.8,96.5
9852,-13036.24,374.1338,1.26,100.0,96.6
9853,-13067.29,394.6803,1.31,100.0,96.5
9854,-13079.01,334.4828,1.32,100.0,96.4
9855,-13077.67,375.4693,1.27,100.0,96.5
9856,-13056.71,357.8399,1.36,100.0,96.4
9857,-13241.42,3533.437,1.41,100.0,96.2
9858,-13257.13,4645.9558,1.29,100.0,96.1
9859,-13225.12,4494.4164,1.34,100.0,96.2
9860,-13155.98,2721.0193,1.3,100.0,96.1
9861,-13136.75,2406.9421,1.31,100.0,95.7
9862,-13134.92,2315.1029,1.36,100.0,95.7
9863,-13089.15,1895.7037,1.47,100.0,95.8
9864,-13048.26,1945.3666,1.39,100.0,96.1
9865,-13062.3,1613.9665,1.37,100.0,96.1
9866,-13054.94,1462.3671,1.66,99.6,96.2
9867,-13077.33,2599.9497,1.68,99.2,96.4
9868,-13057.3,2455.3724,1.42,100.0,96.2
9869,-13368.29,17297.3589,1.39,100.0,96.3
9870,-13393.34,15751.7678,1.3,100.0,96.3
9871,-13314.06,11794.9092,1.27,100.0,96.3
9872,-13366.31,10736.6003,1.29,100.0,96.3
9873,-13127.93,2117.2021,1.28,100.0,96.4
9874,-13085.9,2254.701,1.34,100.0,96.2
9875,-13390.68,7482.0046,1.44,100.0,96.3
9876,-12847.25,4262.3005,1.4,100.0,96.3
9877,-12844.67,3762.4122,1.32,100.0,96.4
9878,-12921.66,2639.7214,1.34,100.0,96.4
9879,-12899.82,2035.5715,1.37,100.0,96.5
9880,-12883.56,1207.7981,1.3,100.0,96.4
9881,-12919.19,1100.4076,1.35,100.0,96.4
9882,-12887.18,730.8461,1.44,96.9,96.0
9883,-12849.42,571.969,1.46,99.4,96.1
9884,-12910.13,166.6512,1.35,100.0,96.2
9885,-12974.87,357.6266,1.6,100.0,96.3
9886,-12999.38,255.2651,1.63,98.6,96.2
9887,-12974.01,73.6917,1.37,100.0,96.1
9888,-13102.43,511.9232,1.33,100.0,96.2
9889,-13067.48,314.5243,1.33,100.0,96.3
9890,-13113.63,242.3558,1.24,100.0,96.0
9891,-13111.18,99.9109,1.32,100.0,96.0
9892,-13128.52,180.6709,1.35,100.0,96.3
9893,-13153.91,76.3491,1.31,100.0,96.3
9894,-13232.37,306.9725,1.34,100.0,96.3
9895,-13161.1,168.7922,1.35,100.0,96.2
9896,-13123.58,172.1323,1.34,100.0,95.4
9897,-13156.35,97.979,1.3,100.0,95.4
9898,-13123.42,160.9281,1.32,100.0,95.4
9899,-13099.19,52.7104,1.33,100.0,95.4
9900,-13178.48,397.1456,1.37,100.0,95.4
9901,-12853.31,9275.9038,1.39,98.0,95.1
9902,-12871.99,7670.78,1.43,99.9,95.0
9903,-12841.61,7033.6552,1.31,100.0,94.9
9904,-12865.4,5715.6149,1.44,100.0,95.0
9905,-12895.1,4861.4728,1.35,100.0,95.1
9906,-13208.55,4432.1984,1.24,99.6,94.9
9907,-13233.76,4886.3188,1.37,99.3,94.9
9908,-13865.29,32960.7393,1.38,100.0,94.8
9909,-13756.48,27004.5854,1.33,100.0,94.9
9910,-13208.58,767.9743,1.48,100.0,95.0
9911,-13175.07,662.7113,1.44,90.5,95.1
9912,-13222.41,321.1368,1.3,100.0,95.2
9913,-13224.25,490.7826,1.41,100.0,95.2
9914,-12903.29,8826.4014,1.38,100.0,95.0
9915,-12994.97,7434.6213,1.24,100.0,94.9
9916,-12991.08,5076.5964,1.33,100.0,95.0
9917,-12967.16,5681.2205,1.38,99.8,95.0
9918,-13547.63,20580.1924,1.34,100.0,95.1
9919,-13560.46,20321.2197,1.4,100.0,95.1
9920,-12913.3,4683.0065,1.55,100.0,95.0
9921,-12963.04,3522.5978,1.51,89.8,94.5
9922,-13043.73,2780.0929,1.3,100.0,94.6
9923,-12963.37,1779.5602,1.44,100.0,94.7
9924,-12907.34,1384.9207,1.42,100.0,94.7
9925,-12891.23,770.612,1.25,100.0,94.9
9926,-13201.52,10468.3486,1.31,100.0,94.9
9927,-13178.06,9977.064,1.34,100.0,95.0
9928,-13117.21,9040.3125,1.28,100.0,94.9
9929,-13702.83,30783.7905,1.41,100.0,95.0
9930,-13724.7,28803.0249,1.42,100.0,95.2
9931,-13168.13,4052.5417,1.27,100.0,95.2
9932,-13230.18,3000.498,1.29,100.0,95.1
9933,-12905.62,6972.459,1.34,100.0,95.3
9934,-13830.15,22494.0874,1.33,100.0,95.3
9935,-13240.43,1608.9235,1.4,100.0,95.4
9936,-12926.36,6761.6346,1.47,93.9,95.6
9937,-12918.79,6800.7955,1.32,100.0,95.7
9938,-12895.53,5866.7783,1.42,100.0,95.7
9939,-12886.53,4733.2012,1.43,100.0,95.8
9940,-13177.3,2814.515,1.54,100.0,95.8
9941,-13199.05,3219.9368,1.26,100.0,95.8
9942,-12964.15,4776.6655,1.38,100.0,95.9
9943,-12906.31,3351.5521,1.38,100.0,95.9
9944,-12900.33,2779.6893,1.29,100.0,95.8
9945,-12948.56,2190.5887,1.34,99.7,95.8
9946,-12904.18,2016.4839,1.31,100.0,95.9
9947,-12919.3,1540.1974,1.32,100.0,96.0
9948,-13199.11,5639.6178,1.32,100.0,96.1
9949,-13153.75,5963.4409,1.28,100.0,96.1
9950,-13652.13,31812.7358,1.35,100.0,95.9
9951,-13181.0,4520.9692,1.41,96.5,96.2
9952,-13239.04,3579.5555,1.37,100.0,96.2
9953,-12964.53,3565.4352,1.35,100.0,96.3
9954,-13011.63,2004.0423,1.47,100.0,96.4
9955,-13086.08,2667.0655,1.52,96.5,96.4
9956,-12989.11,1662.4191,1.31,100.0,96.2
9957,-12955.73,1216.4479,1.35,100.0,96.3
9958,-12968.41,1197.2035,1.37,100.0,96.5
9959,-12973.3,1095.8495,1.29,100.0,96.6
9960,-13728.94,29572.0259,1.36,100.0,96.6
9961,-13735.76,25563.7778,1.51,99.0,96.7
9962,-13051.12,1410.991,1.35,100.0,96.6
9963,-13747.54,20023.0386,1.36,100.0,96.6
9964,-13827.26,17352.2327,1.39,100.0,96.8
9965,-13732.56,11327.2771,1.31,100.0,96.7
9966,-13266.74,3854.718,1.29,100.0,96.8
9967,-13841.39,5874.6335,1.38,99.8,97.2
9968,-13768.92,3237.8655,1.38,100.0,97.1
9969,-13188.83,24209.6079,1.36,100.0,97.0
9970,-13136.65,5969.2288,1.54,100.0,96.8
9971,-13116.9,3045.8309,1.5,89.2,96.8
9972,-13097.79,2808.4042,1.31,100.0,96.8
9973,-13120.36,1706.3149,1.42,100.0,96.9
9974,-13559.69,25017.4482,1.35,100.0,96.6
9975,-13073.3,1745.0221,1.25,100.0,96.6
9976,-13098.36,1233.4075,1.3,100.0,96.7
9977,-13071.08,432.5607,1.32,100.0,96.8
9978,-13188.85,3441.1338,1.29,100.0,96.8
9979,-13147.07,3125.459,1.36,100.0,96.9
9980,-13145.42,2594.9563,1.5,100.0,96.9
9981,-13147.67,2017.8897,1.6,100.0,96.9
9982,-13132.34,1769.635,1.32,100.0,96.9
9983,-13082.85,1529.4049,1.39,100.0,97.0
9984,-13134.54,836.8524,1.33,100.0,97.0
9985,-13115.56,1014.4928,1.29,100.0,97.0
9986,-12859.07,6534.3301,1.39,100.0,97.1
9987,-12880.07,5822.1783,1.46,99.0,97.2
9988,-12904.39,4872.6938,1.33,100.0,97.2
9989,-12837.82,3795.0137,1.43,100.0,97.3
9990,-12874.77,3366.2872,1.45,96.9,96.7
9991,-12916.35,3460.9587,1.29,100.0,96.8
9992,-13180.89,5252.0524,1.34,100.0,96.8
9993,-13158.91,2336.9053,1.29,100.0,96.8
9994,-13161.64,1487.7026,1.25,99.7,96.9
9995,-13148.88,1565.0537,1.29,100.0,96.9
9996,-13686.41,14700.7249,1.43,100.0,97.1
9997,-13707.05,10271.9954,1.4,100.0,97.1
9998,-13727.56,6687.7084,1.4,100.0,97.2
9999,-13536.94,8849.2473,1.51,100.0,97.3
10000,-13615.26,9169.292,1.58,99.5,97.6
