{
  "timestamp": "2026-01-13T15:14:39.607641",
  "episode": 1,
  "total_reward": -1008.77,
  "avg_reward": -504.385,
  "average_wait_time": 21.159420289855074,
  "total_vehicles_waited": 207,
  "average_queue_length": 4.506329113924051,
  "max_queue_length": 14.0,
  "queue_measurements": 79,
  "average_travel_time": 42.234848484848484,
  "min_travel_time": 10.0,
  "max_travel_time": 116.0,
  "total_vehicles_traveled": 264,
  "wait_times_detail": [
    3.0,
    16.0,
    9.0,
    22.0,
    16.0,
    20.0,
    31.0,
    11.0,
    28.0,
    12.0,
    27.0,
    10.0,
    27.0,
    27.0,
    25.0,
    3.0,
    28.0,
    28.0,
    3.0,
    15.0,
    7.0,
    29.0,
    12.0,
    10.0,
    37.0,
    10.0,
    3.0,
    10.0,
    6.0,
    31.0,
    25.0,
    27.0,
    17.0,
    7.0,
    3.0,
    24.0,
    13.0,
    8.0,
    12.0,
    30.0,
    4.0,
    32.0,
    36.0,
    34.0,
    35.0,
    32.0,
    28.0,
    7.0,
    24.0,
    1.0,
    41.0,
    40.0,
    26.0,
    24.0,
    38.0,
    18.0,
    1.0,
    45.0,
    39.0,
    34.0,
    5.0,
    28.0,
    23.0,
    20.0,
    22.0,
    22.0,
    14.0,
    11.0,
    9.0,
    9.0,
    1.0,
    27.0,
    24.0,
    34.0,
    22.0,
    3.0,
    11.0,
    13.0,
    10.0,
    13.0,
    28.0,
    38.0,
    31.0,
    1.0,
    16.0,
    19.0,
    19.0,
    20.0,
    19.0,
    46.0,
    33.0,
    29.0,
    16.0,
    8.0,
    8.0,
    8.0,
    26.0,
    1.0,
    21.0,
    19.0,
    12.0,
    22.0,
    16.0,
    23.0,
    25.0,
    18.0,
    27.0,
    4.0,
    24.0,
    13.0,
    11.0,
    31.0,
    36.0,
    34.0,
    29.0,
    36.0,
    34.0,
    13.0,
    11.0,
    34.0,
    33.0,
    33.0,
    27.0,
    23.0,
    29.0,
    12.0,
    35.0,
    12.0,
    28.0,
    17.0,
    30.0,
    18.0,
    16.0,
    13.0,
    9.0,
    26.0,
    65.0,
    60.0,
    64.0,
    23.0,
    36.0,
    21.0,
    33.0,
    22.0,
    15.0,
    1.0,
    30.0,
    21.0,
    22.0,
    8.0,
    22.0,
    34.0,
    14.0,
    35.0,
    9.0,
    27.0,
    32.0,
    27.0,
    32.0,
    27.0,
    32.0,
    27.0,
    26.0,
    8.0,
    6.0,
    45.0,
    23.0,
    13.0,
    1.0,
    20.0,
    7.0,
    5.0,
    9.0,
    5.0,
    15.0,
    16.0,
    17.0,
    18.0,
    48.0,
    27.0,
    20.0,
    12.0,
    35.0,
    32.0,
    1.0,
    25.0,
    33.0,
    32.0,
    1.0,
    13.0,
    34.0,
    3.0,
    33.0,
    32.0,
    14.0,
    26.0,
    16.0,
    17.0,
    30.0,
    27.0,
    19.0,
    16.0,
    12.0,
    35.0,
    24.0,
    19.0,
    9.0
  ],
  "queue_lengths_detail": [
    0.0,
    0.0,
    0.0,
    0.0,
    0.0,
    0.0,
    0.0,
    0.0,
    0.0,
    0.0,
    0.0,
    0.0,
    0.0,
    0.0,
    0.0,
    0.0,
    0.0,
    0.0,
    0.0,
    0.0,
    0.0,
    0.0,
    0.0,
    0.0,
    0.0,
    0.0,
    0.0,
    0.0,
    0.0,
    0.0,
    0.0,
    0.0,
    0.0,
    0.0,
    0.0,
    0.0,
    0.0,
    0.0,
    0.0,
    0.0,
    0.0,
    0.0,
    0.0,
    0.0,
    0.0,
    0.0,
    0.0,
    0.0,
    0.0,
    0.0,
    0.0,
    0.0,
    0.0,
    0.0,
    0.0,
    0.0,
    0.0,
    0.0,
    0.0,
    0.0,
    0.0,
    0.0,
    0.0,
    0.0,
    0.0,
    0.0,
    0.0,
    0.0,
    0.0,
    0.0,
    0.0,
    0.0,
    0.0,
    0.0,
    0.0,
    0.0,
    0.0,
    0.0,
    0.0
  ],
  "travel_times_detail": [
    17.0,
    23.0,
    23.0,
    25.0,
    23.0,
    35.0,
    29.0,
    41.0,
    32.0,
    16.0,
    41.0,
    11.0,
    20.0,
    50.0,
    20.0,
    36.0,
    27.0,
    20.0,
    52.0,
    18.0,
    41.0,
    53.0,
    41.0,
    13.0,
    51.0,
    27.0,
    54.0,
    35.0,
    27.0,
    39.0,
    31.0,
    61.0,
    72.0,
    63.0,
    35.0,
    18.0,
    69.0,
    25.0,
    70.0,
    65.0,
    49.0,
    20.0,
    20.0,
    17.0,
    43.0,
    52.0,
    29.0,
    20.0,
    19.0,
    35.0,
    40.0,
    40.0,
    23.0,
    20.0,
    29.0,
    27.0,
    30.0,
    70.0,
    62.0,
    54.0,
    47.0,
    21.0,
    62.0,
    24.0,
    46.0,
    29.0,
    72.0,
    47.0,
    23.0,
    86.0,
    60.0,
    18.0,
    81.0,
    82.0,
    26.0,
    18.0,
    14.0,
    15.0,
    58.0,
    57.0,
    22.0,
    41.0,
    21.0,
    98.0,
    34.0,
    27.0,
    47.0,
    16.0,
    20.0,
    38.0,
    62.0,
    97.0,
    53.0,
    57.0,
    36.0,
    54.0,
    38.0,
    50.0,
    18.0,
    49.0,
    92.0,
    39.0,
    16.0,
    86.0,
    49.0,
    49.0,
    41.0,
    10.0,
    56.0,
    16.0,
    34.0,
    14.0,
    69.0,
    49.0,
    51.0,
    19.0,
    18.0,
    16.0,
    29.0,
    65.0,
    63.0,
    45.0,
    24.0,
    33.0,
    39.0,
    58.0,
    51.0,
    39.0,
    19.0,
    18.0,
    14.0,
    56.0,
    53.0,
    40.0,
    88.0,
    45.0,
    97.0,
    23.0,
    20.0,
    45.0,
    17.0,
    45.0,
    95.0,
    46.0,
    28.0,
    21.0,
    59.0,
    54.0,
    32.0,
    19.0,
    22.0,
    67.0,
    51.0,
    59.0,
    63.0,
    16.0,
    25.0,
    50.0,
    13.0,
    45.0,
    34.0,
    67.0,
    62.0,
    77.0,
    20.0,
    28.0,
    25.0,
    75.0,
    52.0,
    10.0,
    54.0,
    61.0,
    59.0,
    45.0,
    67.0,
    17.0,
    16.0,
    29.0,
    16.0,
    27.0,
    93.0,
    32.0,
    79.0,
    46.0,
    43.0,
    16.0,
    66.0,
    35.0,
    32.0,
    56.0,
    96.0,
    11.0,
    92.0,
    10.0,
    63.0,
    30.0,
    56.0,
    20.0,
    56.0,
    53.0,
    20.0,
    10.0,
    40.0,
    17.0,
    34.0,
    56.0,
    30.0,
    27.0,
    19.0,
    58.0,
    64.0,
    58.0,
    88.0,
    23.0,
    29.0,
    55.0,
    65.0,
    24.0,
    13.0,
    27.0,
    24.0,
    17.0,
    65.0,
    80.0,
    66.0,
    25.0,
    55.0,
    38.0,
    37.0,
    19.0,
    18.0,
    58.0,
    35.0,
    51.0,
    26.0,
    48.0,
    18.0,
    18.0,
    47.0,
    13.0,
    71.0,
    20.0,
    21.0,
    17.0,
    116.0,
    91.0,
    86.0,
    56.0,
    55.0,
    46.0,
    39.0,
    43.0,
    28.0,
    68.0,
    49.0,
    47.0,
    69.0,
    57.0,
    80.0,
    46.0,
    54.0,
    44.0,
    90.0,
    89.0
  ]
}