node_count,runs,wall_time_sec_mean,wall_time_sec_std,cpu_time_sec_mean,peak_rss_mb_mean,total_reward_mean,avg_reward_mean,arrived_vehicles_mean,avg_queue_length_mean,steps_mean
2,2,2.6566479000030085,0.016745799977798015,1.2578125,56.59375,-337102.3500000002,-224.73490000000015,69.0,168.10266666666666,1500.0
3,2,3.5480729999835603,0.011939399992115796,1.65625,56.748046875,-506459.03,-337.63935333333336,102.0,238.76466666666667,1500.0
4,2,4.3614035499922466,0.007835849974071607,2.0703125,56.91015625,-683840.3799999998,-455.8935866666665,118.0,299.988,1500.0
5,2,5.274874149996322,0.015269449970219284,2.53125,57.064453125,-752140.6200000003,-501.4270800000002,99.0,360.97333333333336,1500.0
